rcept_no	corp_code	fiscal_year	fiscal_period	exact_values
20150513000170	00207375	2015	Q1	separate:기본주당이익(손실):0=90.6; separate:계속영업기본주당이익(손실):0=90.6; separate:계속영업희석주당이익(손실):0=90.6
20150513002106	00652423	2015	Q1	separate:기본주당이익(손실):0=6.7; separate:기본주당이익(손실):1=-27.14; separate:희석주당이익(손실):0=6.7; separate:희석주당이익(손실):1=-27.14
20150514002105	01042359	2015	Q1	separate:기본주당순이익(손실):0=0.04
20150514004122	00143314	2015	Q1	separate:기본주당이익(손실):0=0.7; separate:희석주당이익(손실):0=0.7
20150515000017	00132868	2015	Q1	separate:기본및희석주당이익(손실):0=-0.4
20150515000570	00145473	2015	Q1	separate:(1)기본주당이익(손실):0=37.5; separate:(1)기본주당이익(손실):1=61.4; separate:(2)희석주당이익(손실):0=36.3; separate:(2)희석주당이익(손실):1=61.4
20150515001449	00767460	2015	Q1	separate:기본주당이익:0=257.8
20150515001469	00148522	2015	Q1	separate:기본주당이익(손실):0=3.81; separate:기본주당이익(손실):1=3.81
20150515001629	00158219	2015	Q1	separate:기본주당이익(손실):0=-28.81; separate:기본주당이익(손실):1=-27.73
20150515001796	00349811	2015	Q1	separate:기본주당이익(손실):0=-0.4; separate:희석주당이익(손실):0=-0.4
20150515002309	00105280	2015	Q1	consolidated:기본주당이익(손실):0=0.34; consolidated:기본주당이익(손실):1=0.33; consolidated:희석주당이익(손실):0=0.34; consolidated:희석주당이익(손실):1=0.33; separate:기본주당이익(손실):0=0.24; separate:기본주당이익(손실):1=0.21; separate:희석주당이익(손실):0=0.24; separate:희석주당이익(손실):1=0.21
20150515002312	00557933	2015	Q1	consolidated:기본주당이익(손실):0=159.2; consolidated:기본주당이익(손실):1=-247.1; consolidated:희석주당이익(손실):1=-247.1; separate:기본주당이익(손실):0=159.3; separate:기본주당이익(손실):1=-246.7; separate:희석주당이익(손실):0=159.1; separate:희석주당이익(손실):1=-246.7
20150601000841	00919966	2015	Q1	consolidated:기본주당분기순손실(이익):0=1150.31; consolidated:기본주당분기순손실(이익):1=173.3; separate:기본주당순이익(손실):0=-1041.45; separate:기본주당순이익(손실):1=-85.08; separate:희석주당순이익(손실):0=-1041.45; separate:희석주당순이익(손실):1=-85.08
20150811000250	00149804	2015	H1	consolidated:기본주당이익(손실):0=-109.84; consolidated:기본주당이익(손실):1=127.28; consolidated:희석주당이익(손실):0=-109.84; consolidated:희석주당이익(손실):1=127.28; separate:기본주당이익(손실):0=40.86; separate:기본주당이익(손실):1=91.44; separate:희석주당이익(손실):0=40.86; separate:희석주당이익(손실):1=91.44
20150813000001	01043853	2015	H1	separate:기본주당이익:0=10.1; separate:희석주당이익:0=10.1
20150813000526	00116268	2015	H1	separate:기본주당이익(손실):0=62.56; separate:기본주당이익(손실):1=20.19; separate:희석주당이익(손실):0=62.56; separate:희석주당이익(손실):1=19.91
20150813000574	00767460	2015	H1	separate:기본주당이익:0=362.8; separate:기본주당이익:1=311.2
20150813001173	01068348	2015	H1	separate:기본주당손실:0=2.13; separate:희석주당손실:0=2.13
20150817000132	01042359	2015	H1	separate:기본주당순손실:0=2.32
20150817000239	00145473	2015	H1	separate:(1)기본주당이익(손실):1=100.1; separate:(2)희석주당이익(손실):0=74.7; separate:(2)희석주당이익(손실):1=100.1
20150817000399	00143314	2015	H1	separate:기본주당이익(손실):0=1.27; separate:희석주당이익(손실):0=1.27
20150817000506	01038693	2015	H1	separate:기본 및 희석주당이익(손실):0=3.95; separate:기본 및 희석주당이익(손실):1=-3.14
20150817000587	00259545	2015	H1	separate:기본주당이익:0=856.7; separate:기본주당이익:1=237.7; separate:희석주당이익:0=798.2; separate:희석주당이익:1=237.7
20150817000650	00301112	2015	H1	consolidated:기본주당이익(손실):0=-13.45; consolidated:기본주당이익(손실):1=-6.15; consolidated:희석주당이익(손실):0=-13.45; consolidated:희석주당이익(손실):1=-6.15; separate:기본주당이익(손실):0=-8.39; separate:기본주당이익(손실):1=-9.44; separate:희석주당이익(손실):0=-8.39; separate:희석주당이익(손실):1=-9.44
20150817000839	00557933	2015	H1	consolidated:기본주당이익(손실):0=-1.4; consolidated:기본주당이익(손실):1=166.5; consolidated:희석주당이익(손실):0=-1.4; consolidated:희석주당이익(손실):1=166.3; separate:기본주당이익(손실):0=-0.03; separate:기본주당이익(손실):1=169.3; separate:희석주당이익(손실):0=-0.03; separate:희석주당이익(손실):1=169.1
20150817000926	00157636	2015	H1	consolidated:계속영업기본주당이익(손실):0=1029.43; consolidated:계속영업기본주당이익(손실):1=-361.15; consolidated:중단영업기본주당이익(손실):1=188.43; consolidated:계속영업희석주당이익(손실):0=1029.43; consolidated:계속영업희석주당이익(손실):1=-361.15; consolidated:중단영업희석주당이익(손실):1=188.43
20150817001052	00220109	2015	H1	consolidated:기본주당이익(손실):0=-19.2; consolidated:기본주당이익(손실):1=-18.7; consolidated:희석주당이익(손실):0=-19.2; consolidated:희석주당이익(손실):1=-18.7; separate:기본주당이익(손실):0=-4.72; separate:기본주당이익(손실):1=-19.31; separate:희석주당이익(손실):0=-4.72; separate:희석주당이익(손실):1=-19.31
20150817001116	00105280	2015	H1	consolidated:기본주당이익(손실):0=0.64; consolidated:기본주당이익(손실):1=0.64; consolidated:희석주당이익(손실):0=0.64; consolidated:희석주당이익(손실):1=0.64; separate:기본주당이익(손실):0=0.39; separate:기본주당이익(손실):1=0.36; separate:희석주당이익(손실):0=0.39; separate:희석주당이익(손실):1=0.36
20150817001215	00148522	2015	H1	separate:기본주당이익(손실):0=14.98; separate:기본주당이익(손실):1=13.02
20150817001358	00158219	2015	H1	consolidated:기본주당이익:0=-27.26; consolidated:기본주당이익:1=-48.3; separate:기본주당이익:0=-27.34; separate:기본주당이익:1=-48.3
20151112000302	00652423	2015	Q3	separate:기본주당이익(손실):0=-41.13; separate:희석주당이익(손실):0=-41.13
20151113000081	01038693	2015	Q3	separate:기본주당이익:0=6.51; separate:기본주당이익:1=-70.03; separate:희석주당이익:0=6.51; separate:희석주당이익:1=-70.03
20151113000408	01067808	2015	Q3	separate:기본주당순이익(손실):0=-3.81; separate:희석주당순이익(손실):0=-3.81
20151113000551	00149804	2015	Q3	consolidated:기본주당이익(손실):0=-14.75; consolidated:기본주당이익(손실):1=127.28; consolidated:희석주당이익(손실):0=-14.75; consolidated:희석주당이익(손실):1=127.28
20151113001130	00220109	2015	Q3	consolidated:기본주당이익(손실):0=-52.01; consolidated:기본주당이익(손실):1=-71.48; consolidated:희석주당이익(손실):0=-52.01; consolidated:희석주당이익(손실):1=-71.48; separate:기본주당이익(손실):0=-27.41; separate:기본주당이익(손실):1=-31.87; separate:희석주당이익(손실):0=-27.41; separate:희석주당이익(손실):1=-31.87
20151113001159	00116268	2015	Q3	separate:기본주당이익(손실):0=33.29; separate:기본주당이익(손실):1=27.53; separate:희석주당이익(손실):0=33.29; separate:희석주당이익(손실):1=27.09
20151116000025	01043853	2015	Q3	separate:기본주당이익:0=15.3; separate:희석주당이익:0=15.2
20151116000052	01042359	2015	Q3	separate:기본주당순이익:0=3.06; separate:기본주당순이익:1=-22.15
20151116000090	01061497	2015	Q3	separate:기본 주당이익:0=0.4
20151116000342	00234227	2015	Q3	separate:1.계속영업기본주당이익(손실):0=12.04; separate:1.계속영업희석주당이익(손실):0=12.04
20151116000436	00145473	2015	Q3	separate:(1)기본주당이익(손실):0=94.8; separate:(1)기본주당이익(손실):1=140.1; separate:(2)희석주당이익(손실):0=91.7; separate:(2)희석주당이익(손실):1=140.1
20151116000733	00148522	2015	Q3	separate:기본주당이익(손실):0=29.45; separate:기본주당이익(손실):1=21.69
20151116000819	01091054	2015	Q3	separate:기본주당이익(손실):0=-25.6; separate:희석주당이익(손실):0=-13.5
20151116001021	00820352	2015	Q3	consolidated:희석주당이익(손실):0=1593.18; consolidated:희석주당이익(손실):1=352.94
20151116001058	00105280	2015	Q3	consolidated:기본주당이익(손실):0=0.93; consolidated:기본주당이익(손실):1=0.89; consolidated:희석주당이익(손실):0=0.93; consolidated:희석주당이익(손실):1=0.89; separate:기본주당이익(손실):0=0.57; separate:기본주당이익(손실):1=0.5; separate:희석주당이익(손실):0=0.57; separate:희석주당이익(손실):1=0.5
20151116001102	00557933	2015	Q3	consolidated:기본주당이익(손실):0=17.2; consolidated:기본주당이익(손실):1=382.1; consolidated:희석주당이익(손실):0=17.2; consolidated:희석주당이익(손실):1=381.5; separate:기본주당이익(손실):0=18.2; separate:기본주당이익(손실):1=387.1; separate:희석주당이익(손실):0=18.2; separate:희석주당이익(손실):1=386.6
20151116001533	00390860	2015	Q3	consolidated:기본주당이익(손실):0=-53.8; consolidated:기본주당이익(손실):1=-3.7; consolidated:희석주당이익(손실):1=-3.7; separate:기본주당이익(손실):0=58.1; separate:기본주당이익(손실):1=5.5; separate:희석주당이익(손실):1=5.1
20151116001546	00409140	2015	Q3	separate:기본주당이익(손실):0=97.8
20160324000604	01105621	2015	FY	separate:기본주당이익:0=0.49; separate:희석주당이익:0=0.49
20160329000250	00557933	2015	FY	consolidated:기본주당이익(손실):0=299.7; consolidated:기본주당이익(손실):1=760.2; consolidated:기본주당이익(손실):2=20.7; consolidated:희석주당이익(손실):0=299.4; consolidated:희석주당이익(손실):1=759.1; consolidated:희석주당이익(손실):2=20.7; separate:기본주당이익(손실):0=303.3; separate:기본주당이익(손실):1=765.29; separate:희석주당이익(손실):1=764.19
20160329000377	01042359	2015	FY	separate:기본주당순이익(손실)(주석16):0=3.7; separate:기본주당순이익(손실)(주석16):1=-4.5
20160329000385	01095704	2015	FY	separate:기본주당순손실(주석16):0=0.2
20160329000797	00767460	2015	FY	separate:기본주당이익:0=578.3; separate:기본주당이익:1=659.8; separate:기본주당이익:2=699.3
20160330000143	01098792	2015	FY	separate:1. 기본 및 희석주당순이익(주석14:0=-65.25
20160330000145	01068348	2015	FY	separate:기본주당이익:0=9.94; separate:희석주당이익:0=9.94
20160330000733	00145473	2015	FY	separate:(1)기본주당이익(손실):0=88.7; separate:(2)희석주당이익(손실):0=85.4; separate:(2)희석주당이익(손실):1=131.7
20160330000933	01063884	2015	FY	separate:기본주당이익(손실):0=11.7; separate:희석주당이익(손실):0=11.7
20160330001082	01064069	2015	FY	separate:기본주당순이익:0=8.36; separate:희석주당순이익:0=8.36
20160330001094	01063884	2015	FY	separate:기본주당이익(손실):0=11.7; separate:희석주당이익(손실):0=11.7
20160330002145	00157636	2015	FY	consolidated:계속영업기본주당이익(손실):0=756.51; consolidated:계속영업기본주당이익(손실):1=-1194.89; consolidated:계속영업기본주당이익(손실):2=532.45; consolidated:중단영업기본주당이익(손실):1=-411.32; consolidated:중단영업기본주당이익(손실):2=-335.84; consolidated:계속영업희석주당이익(손실):0=756.51; consolidated:계속영업희석주당이익(손실):1=-1194.89; consolidated:계속영업희석주당이익(손실):2=532.45; consolidated:중단영업희석주당이익(손실):1=-411.32; consolidated:중단영업희석주당이익(손실):2=-335.84
20160330002155	00148522	2015	FY	separate:기본주당이익(손실):0=25.65; separate:기본주당이익(손실):1=34.34; separate:기본주당이익(손실):2=32.04
20160330002569	01038693	2015	FY	separate:기본주당이익:0=10.2; separate:기본주당이익:1=0.8; separate:희석주당이익:0=10.2; separate:희석주당이익:1=0.8
20160330002592	00105280	2015	FY	consolidated:기본주당이익(손실):0=1.04; consolidated:기본주당이익(손실):1=1.12; consolidated:기본주당이익(손실):2=1.04; consolidated:희석주당이익(손실):0=1.04; consolidated:희석주당이익(손실):1=1.12; consolidated:희석주당이익(손실):2=1.04; separate:기본주당이익(손실):0=0.65; separate:기본주당이익(손실):1=0.61; separate:기본주당이익(손실):2=0.58; separate:희석주당이익(손실):0=0.65; separate:희석주당이익(손실):1=0.61; separate:희석주당이익(손실):2=0.58
20160330003173	00158219	2015	FY	consolidated:기본주당이익:0=-43.26; consolidated:기본주당이익:1=-52.99; consolidated:기본주당이익:2=105.17; separate:기본주당이익:0=-43.32; separate:기본주당이익:1=-52.99; separate:기본주당이익:2=105.17
20160330003994	00149804	2015	FY	consolidated:기본주당이익:1=123.82; consolidated:기본주당이익:2=49.24; consolidated:희석주당이익:1=123.82; consolidated:희석주당이익:2=43.34; separate:기본주당이익:0=17.21; separate:기본주당이익:1=16.95; separate:기본주당이익:2=64.25; separate:희석주당이익:0=17.21; separate:희석주당이익:1=16.95; separate:희석주당이익:2=63.93
20160331002124	00450931	2015	FY	consolidated:기본주당순이익(손실):0=29.9; consolidated:기본주당순이익(손실):1=-770.4; consolidated:희석주당순이익(손실):0=29.9; consolidated:희석주당순이익(손실):1=-770.4
20160510000991	01098792	2015	FY	separate:1. 기본 및 희석주당순이익(주석14:0=-65.25
20160510002256	01105621	2015	FY	separate:기본주당이익:0=0.49; separate:희석주당이익:0=0.49
20160511001294	01038693	2016	Q1	separate:기본주당이익:0=3.6; separate:기본주당이익:1=-9.2; separate:희석주당이익:0=3.6; separate:희석주당이익:1=-9.2
20160511002263	00149804	2016	Q1	consolidated:기본주당이익(손실):0=-73.13; consolidated:희석주당이익(손실):0=-68.79; separate:기본주당이익(손실):0=39.61; separate:기본주당이익(손실):1=15.58; separate:희석주당이익(손실):0=39.61; separate:희석주당이익(손실):1=15.58
20160512000523	01038693	2015	FY	separate:기본주당이익:0=10.2; separate:기본주당이익:1=0.8; separate:희석주당이익:0=10.2; separate:희석주당이익:1=0.8
20160512000717	01063884	2015	FY	separate:기본주당이익(손실):0=11.7; separate:희석주당이익(손실):0=11.7
20160512000853	01063884	2016	Q1	separate:기본주당이익(손실):0=3.7; separate:기본주당이익(손실):1=-16.2; separate:희석주당이익(손실):0=3.7; separate:희석주당이익(손실):1=-16.2
20160513003533	01098792	2016	Q1	separate:1. 기본 및 희석주당순이익(손실)(:0=6.40
20160513003648	00652423	2016	Q1	separate:기본주당이익(손실):0=-16.98; separate:기본주당이익(손실):1=-27.97; separate:희석주당이익(손실):0=-16.98; separate:희석주당이익(손실):1=-27.97
20160513004767	01096341	2016	Q1	separate:기본 및 희석 주당손익:0=6.35
20160516000414	01047840	2016	Q1	separate:기본주당이익(손실):0=31.6; separate:희석주당이익(손실):0=31.2
20160516000697	00483735	2016	Q1	consolidated:기본주당순이익:0=95.4; consolidated:희석주당순이익:0=95.4; separate:기본주당순이익:0=17.4; separate:희석주당순이익:0=17.4
20160516000801	01042359	2015	FY	separate:기본주당순이익(손실)(주석16):0=3.7; separate:기본주당순이익(손실)(주석16):1=-4.5
20160516000807	01042359	2016	Q1	separate:기본주당순이익(손실):0=0.8; separate:기본주당순이익(손실):1=0.04
20160516000811	01095704	2015	FY	separate:기본주당순손실(주석16):0=0.2
20160516000826	01095704	2016	Q1	separate:기본주당순이익:0=2.3
20160516000892	00767460	2016	Q1	separate:기본주당이익:0=160.8; separate:기본주당이익:1=257.8
20160516001352	00557933	2016	Q1	consolidated:기본주당이익(손실):0=230.8; consolidated:기본주당이익(손실):1=159.2; consolidated:희석주당이익(손실):0=230.5; separate:기본주당이익(손실):0=233.9; separate:기본주당이익(손실):1=159.3; separate:희석주당이익(손실):0=233.6; separate:희석주당이익(손실):1=159.1
20160516001800	00148522	2016	Q1	separate:기본주당이익(손실):0=9.25; separate:기본주당이익(손실):1=25.65
20160516001901	00145473	2016	Q1	separate:(1)기본주당이익(손실):0=21.7; separate:(1)기본주당이익(손실):1=37.3; separate:(2)희석주당이익(손실):0=20.9; separate:(2)희석주당이익(손실):1=37.3
20160516002389	00350048	2016	Q1	separate:계속사업주당손실:0=-9.2; separate:계속사업주당손실:1=0.6; separate:중단사업주당손실:0=-1.5; separate:중단사업주당손실:1=-9.7
20160516002565	00105280	2016	Q1	consolidated:기본주당이익(손실):0=0.37; consolidated:기본주당이익(손실):1=0.34; consolidated:희석주당이익(손실):0=0.37; consolidated:희석주당이익(손실):1=0.34; separate:기본주당이익(손실):0=0.26; separate:기본주당이익(손실):1=0.24; separate:희석주당이익(손실):0=0.26; separate:희석주당이익(손실):1=0.24
20160516002828	00158219	2016	Q1	consolidated:기본주당이익:0=-66.12; consolidated:기본주당이익:1=-28.81; separate:기본주당이익:0=-66.47; separate:기본주당이익:1=-27.73
20160525000313	00450931	2015	FY	consolidated:기본주당순이익(손실):0=29.9; consolidated:기본주당순이익(손실):1=-770.4; consolidated:희석주당순이익(손실):0=29.9; consolidated:희석주당순이익(손실):1=-770.4
20160808000073	01063884	2016	H1	separate:기본주당이익(손실):0=10.8; separate:희석주당이익(손실):0=10.8
20160811000305	01098792	2016	H1	separate:1. 기본 및 희석주당순이익(주석14:0=12.94
20160812000228	00557933	2016	H1	consolidated:기본주당이익(손실):0=225.5; consolidated:기본주당이익(손실):1=-1.4; consolidated:희석주당이익(손실):0=225.2; consolidated:희석주당이익(손실):1=-1.4; separate:기본주당이익(손실):0=231.6; separate:기본주당이익(손실):1=-0.03; separate:희석주당이익(손실):0=231.4; separate:희석주당이익(손실):1=-0.03
20160812000752	00149804	2016	H1	consolidated:기본주당이익(손실):0=-175.33; consolidated:기본주당이익(손실):1=-109.84; consolidated:희석주당이익(손실):0=-175.33; consolidated:희석주당이익(손실):1=-109.84; separate:기본주당이익(손실):1=40.86; separate:희석주당이익(손실):1=40.86
20160812000949	01101041	2016	H1	separate:기본 및 희석주당순이익:0=6.5
20160812001076	01105621	2016	H1	separate:기본주당이익:0=2.2; separate:희석주당이익:0=2.2
20160812001227	00158219	2016	H1	consolidated:기본주당이익:0=-92.54; consolidated:기본주당이익:1=-27.26; separate:기본주당이익:0=-92.01; separate:기본주당이익:1=-27.34
20160812001231	01042359	2016	H1	separate:기본주당순이익(손실)(주석15):0=-0.7; separate:기본주당순이익(손실)(주석15):1=2.3
20160812001388	00116268	2016	H1	separate:기본주당이익(손실):0=-56.26; separate:기본주당이익(손실):1=62.56; separate:희석주당이익(손실):0=-56.26; separate:희석주당이익(손실):1=62.56
20160812001457	01095704	2016	H1	separate:기본주당순이익(주석15):0=1.3
20160816000170	00143314	2016	H1	separate:기본주당이익(손실):0=69.9; separate:기본주당이익(손실):1=1.27; separate:희석주당이익(손실):0=58.93; separate:희석주당이익(손실):1=1.27
20160816000173	01038693	2016	H1	separate:기본 및 희석주당이익(손실):0=8.2
20160816000387	01064069	2016	H1	separate:기본주당순이익:0=4.15; separate:기본주당순이익:1=-0.36; separate:희석주당순이익:0=4.15; separate:희석주당순이익:1=-0.36
20160816001330	00105280	2016	H1	consolidated:기본주당이익(손실):0=0.66; consolidated:기본주당이익(손실):1=0.64; consolidated:희석주당이익(손실):0=0.66; consolidated:희석주당이익(손실):1=0.64; separate:기본주당이익(손실):0=0.4; separate:기본주당이익(손실):1=0.4; separate:희석주당이익(손실):0=0.4; separate:희석주당이익(손실):1=0.4
20160829000205	00298377	2016	H1	consolidated:기본주당손익:0=72.4; separate:희석주당손익:0=68.6
20161031000187	01038693	2016	Q3	separate:기본주당이익:0=13.6; separate:기본주당이익:1=6.5; separate:희석주당이익:0=13.6; separate:희석주당이익:1=6.5
20161102000163	01063884	2016	Q3	separate:기본주당이익(손실):0=13.7; separate:희석주당이익(손실):0=13.7
20161111000343	00149804	2016	Q3	consolidated:기본주당이익(손실):0=-146.11; consolidated:기본주당이익(손실):1=-14.62; consolidated:희석주당이익(손실):0=-146.11; consolidated:희석주당이익(손실):1=-13.15; separate:기본주당이익(손실):0=81.6; separate:기본주당이익(손실):1=38.8; separate:희석주당이익(손실):0=81.6; separate:희석주당이익(손실):1=34.9
20161111000463	01128622	2016	Q3	separate:기본 및 희석주당이익(손실):0=-5.3
20161111000580	01096341	2016	Q3	separate:기본주당손익:0=13.53; separate:희석주당이익:0=13.53
20161111000781	00116268	2016	Q3	separate:기본주당이익(손실):0=-90.25; separate:기본주당이익(손실):1=33.29; separate:희석주당이익(손실):0=-90.25; separate:희석주당이익(손실):1=33.29
20161114000490	01095704	2016	Q3	separate:기본주당순이익(손실):0=1.2
20161114000496	00557933	2016	Q3	consolidated:기본주당이익(손실):0=380.9; consolidated:기본주당이익(손실):1=17.2; consolidated:희석주당이익(손실):0=380.4; consolidated:희석주당이익(손실):1=17.2; separate:기본주당이익(손실):0=389.3; separate:기본주당이익(손실):1=18.2; separate:희석주당이익(손실):0=388.8; separate:희석주당이익(손실):1=18.2
20161114001058	00148522	2016	Q3	separate:기본주당이익(손실):0=13.5; separate:기본주당이익(손실):1=29.45
20161114001281	00390408	2016	Q3	separate:기본주당이익(손실):0=-247.69; separate:기본주당이익(손실):1=-58.7; separate:희석주당이익(손실):0=-247.69; separate:희석주당이익(손실):1=-58.7
20161114001299	00145473	2016	Q3	separate:(1)기본주당이익(손실):0=47.42; separate:(1)기본주당이익(손실):1=94.82; separate:(2)희석주당이익(손실):0=45.47; separate:(2)희석주당이익(손실):1=91.67
20161114001753	00105280	2016	Q3	consolidated:기본주당이익(손실):0=0.89; consolidated:기본주당이익(손실):1=0.93; consolidated:희석주당이익(손실):0=0.89; consolidated:희석주당이익(손실):1=0.93; separate:기본주당이익(손실):0=0.54; separate:기본주당이익(손실):1=0.57; separate:희석주당이익(손실):0=0.54; separate:희석주당이익(손실):1=0.57
20161114002061	00244747	2016	Q3	consolidated:1.기본주당순손익:0=-169.62; consolidated:2.희석주당순손익:0=-169.62
20161114002260	00234227	2016	Q3	consolidated:1.계속영업기본주당이익(손실):0=-78.31; consolidated:1.계속영업희석주당이익(손실):0=-78.31; separate:1.계속영업기본주당이익(손실):0=-68.14; separate:1.계속영업기본주당이익(손실):1=12.04; separate:1.계속영업희석주당이익(손실):0=-68.14; separate:1.계속영업희석주당이익(손실):1=12.04
20161116000042	00536541	2016	Q3	consolidated:기본주당이익(손실):0=192.25
20161129000333	00298377	2016	Q3	consolidated:기본주당이익:0=490.1; consolidated:희석주당이익:0=486.4; separate:기본주당이익:0=486.4; separate:희석주당이익:0=482.7
20170327000246	01101041	2016	FY	separate:기본 및 희석주당순이익:0=15.7
20170328000635	00298377	2016	FY	consolidated:기본주당손익:0=660.3; consolidated:기본주당손익:2=-102.9; consolidated:희석주당손익:1=16.9; consolidated:희석주당손익:2=-102.9; separate:기본주당손익:0=659.5; separate:기본주당손익:1=18.6; separate:기본주당손익:2=-102.9; separate:희석주당손익:0=652.1; separate:희석주당손익:1=18.5; separate:희석주당손익:2=-102.9
20170329000962	00767460	2016	FY	separate:기본주당이익:0=714.3; separate:기본주당이익:1=578.3; separate:기본주당이익:2=659.8
20170330000600	00149804	2016	FY	consolidated:기본주당이익(손실):0=-6.48; consolidated:기본주당이익(손실):1=131.49; consolidated:기본주당이익(손실):2=123.82; consolidated:희석주당이익(손실):0=-6.48; consolidated:희석주당이익(손실):1=128.7; consolidated:희석주당이익(손실):2=123.82; separate:기본주당이익(손실):0=65.62; separate:기본주당이익(손실):1=17.21; separate:기본주당이익(손실):2=16.95; separate:희석주당이익(손실):0=65.62; separate:희석주당이익(손실):1=17.21; separate:희석주당이익(손실):2=16.95
20170330000611	01064069	2016	FY	separate:기본주당순이익:0=-10.39; separate:기본주당순이익:1=8.36; separate:희석주당순이익:0=-10.39; separate:희석주당순이익:1=8.36
20170331000250	01098792	2016	FY	separate:1. 기본 및 희석주당순이익(주석14:0=23.68; separate:1. 기본 및 희석주당순이익(주석14:1=-65.25
20170331000404	01068348	2016	FY	separate:기본주당이익:0=18.62; separate:기본주당이익:1=9.94; separate:희석주당이익:0=18.62; separate:희석주당이익:1=9.94
20170331000766	01128622	2016	FY	separate:기본주당이익(손실):0=1.2; separate:희석주당이익(손실):0=1.2
20170331000913	00557933	2016	FY	consolidated:기본주당이익(손실):0=667.4; consolidated:기본주당이익(손실):1=299.7; consolidated:기본주당이익(손실):2=760.2; consolidated:희석주당이익(손실):0=666.6; consolidated:희석주당이익(손실):1=299.4; consolidated:희석주당이익(손실):2=759.1; separate:기본주당이익(손실):0=652.3; separate:기본주당이익(손실):1=281.8; separate:기본주당이익(손실):2=765.3; separate:희석주당이익(손실):0=651.5; separate:희석주당이익(손실):1=281.5; separate:희석주당이익(손실):2=764.2
20170331001201	00145473	2016	FY	separate:(1)기본주당이익(손실):0=191.8; separate:(1)기본주당이익(손실):1=88.7; separate:(2)희석주당이익(손실):0=183.8; separate:(2)희석주당이익(손실):1=85.4; separate:(2)희석주당이익(손실):2=131.7
20170331001369	00157636	2016	FY	consolidated:기본주당이익(손실):0=305.1; consolidated:기본주당이익(손실):1=756.51; consolidated:기본주당이익(손실):2=-1606.21; consolidated:계속영업기본주당이익(손실):0=305.1; consolidated:계속영업기본주당이익(손실):1=756.51; consolidated:계속영업기본주당이익(손실):2=-1194.89; consolidated:중단영업기본주당이익(손실):2=-411.32; consolidated:희석주당이익(손실):0=303.67; consolidated:희석주당이익(손실):1=756.51; consolidated:희석주당이익(손실):2=-1606.21; consolidated:계속영업희석주당이익(손실):0=303.67; consolidated:계속영업희석주당이익(손실):1=756.51; consolidated:계속영업희석주당이익(손실):2=-1194.89; consolidated:중단영업희석주당이익(손실):2=-411.32
20170331001440	01174038	2016	FY	separate:기본주당순이익(주석16):0=-3.5
20170331001600	01095704	2016	FY	separate:기본주당순손실(주석16):0=1.5; separate:기본주당순손실(주석16):1=0.2
20170331003098	00620558	2016	FY	consolidated:기본주당이익(손실):0=0.05; consolidated:희석주당이익(손실):0=0.05; separate:기본주당이익(손실):0=6.84; separate:희석주당이익(손실):0=6.8
20170331003304	00220109	2016	FY	consolidated:기본주당이익(손실):0=-93.53; consolidated:기본주당이익(손실):1=-100.87; consolidated:기본주당이익(손실):2=-34.78; consolidated:희석주당이익(손실):0=-93.53; consolidated:희석주당이익(손실):1=-100.87; consolidated:희석주당이익(손실):2=-34.78; separate:기본주당이익(손실):0=-105.43; separate:기본주당이익(손실):1=-92.36; separate:기본주당이익(손실):2=-1.96; separate:희석주당이익(손실):0=-105.43; separate:희석주당이익(손실):1=-92.36; separate:희석주당이익(손실):2=-1.96
20170331003627	00105280	2016	FY	consolidated:기본주당이익(손실):0=1.09; consolidated:기본주당이익(손실):1=1.04; consolidated:기본주당이익(손실):2=1.12; consolidated:희석주당이익(손실):0=1.09; consolidated:희석주당이익(손실):1=1.04; consolidated:희석주당이익(손실):2=1.12; separate:기본주당이익(손실):0=0.65; separate:기본주당이익(손실):1=0.65; separate:기본주당이익(손실):2=0.61; separate:희석주당이익(손실):0=0.65; separate:희석주당이익(손실):1=0.65; separate:희석주당이익(손실):2=0.61
20170331003764	01105621	2016	FY	separate:기본주당이익:0=7.56; separate:기본주당이익:1=0.49; separate:희석주당이익:0=7.56; separate:희석주당이익:1=0.49
20170331004329	00158219	2016	FY	consolidated:기본주당이익:0=-68.51; consolidated:기본주당이익:1=-43.26; consolidated:기본주당이익:2=-52.99; separate:기본주당이익:0=-69.36; separate:기본주당이익:1=-43.32; separate:기본주당이익:2=-52.99
20170331005406	01038693	2016	FY	separate:기본주당이익(손실):0=-2.1; separate:기본주당이익(손실):1=10.2; separate:기본주당이익(손실):2=0.8
20170403000017	01032486	2016	FY	consolidated:기본주당순이익:0=1.80; consolidated:기본주당순이익:1=1.31; consolidated:기본주당순이익:2=0.64; consolidated:희석주당순이익:0=1.53; consolidated:희석주당순이익:1=1.31; consolidated:희석주당순이익:2=0.64
20170410002288	00620558	2016	FY	consolidated:기본주당이익(손실):0=0.05; consolidated:희석주당이익(손실):0=0.05; separate:기본주당이익(손실):0=6.84; separate:희석주당이익(손실):0=6.8
20170508000029	00157636	2017	Q1	consolidated:기본주당이익(손실):0=175.09; consolidated:계속영업기본주당이익(손실):0=175.09; consolidated:희석주당이익(손실):0=148.91; consolidated:계속영업희석주당이익(손실):0=148.91
20170512000497	01032486	2017	Q1	consolidated:기본주당순이익:0=0.36; consolidated:기본주당순이익:1=0.48; consolidated:희석주당순이익:0=0.36; consolidated:희석주당순이익:1=0.47
20170512000766	01101041	2017	Q1	separate:기본 및 희석주당순이익(손실):0=0.01
20170512004810	01098792	2017	Q1	separate:1. 기본 및 희석주당순이익(손실)(:0=4.72; separate:1. 기본 및 희석주당순이익(손실)(:1=6.40
20170512005736	00220109	2017	Q1	consolidated:기본주당이익(손실):0=-16.25; consolidated:기본주당이익(손실):1=-11.32; consolidated:희석주당이익(손실):0=-16.25; consolidated:희석주당이익(손실):1=-11.32; separate:기본주당이익(손실):0=-15.5; separate:기본주당이익(손실):1=-10.7; separate:희석주당이익(손실):0=-15.5; separate:희석주당이익(손실):1=-10.7
20170512005937	00767460	2017	Q1	separate:기본주당이익:0=286.6; separate:기본주당이익:1=160.8
20170515000292	00642541	2017	Q1	separate:기본주당이익(손실):0=38.89; separate:기본주당이익(손실):1=-354.93; separate:희석주당이익(손실):0=38.89; separate:희석주당이익(손실):1=-354.93
20170515000716	00145473	2017	Q1	separate:(1)기본주당이익(손실):0=52.9; separate:(1)기본주당이익(손실):1=21.7; separate:(2)희석주당이익(손실):0=50.9; separate:(2)희석주당이익(손실):1=20.9
20170515001115	00652423	2017	Q1	separate:기본주당이익(손실):0=-6.05; separate:기본주당이익(손실):1=-16.98; separate:희석주당이익(손실):0=-6.05; separate:희석주당이익(손실):1=-16.98
20170515001297	01166109	2017	Q1	separate:기본주당순이익(손실):0=0.5; separate:희석주당순이익(손실):0=0.5
20170515001958	01174038	2017	Q1	separate:기본 및 희석주당순손실:0=2.5
20170515002056	01095704	2017	Q1	separate:기본 및 희석주당순손실:0=1.7; separate:기본 및 희석주당순손실:1=2.3
20170515002322	00557933	2017	Q1	consolidated:기본주당이익(손실):0=340.5; consolidated:기본주당이익(손실):1=230.8; consolidated:희석주당이익(손실):1=230.5; separate:기본주당이익(손실):1=233.9; separate:희석주당이익(손실):0=344.6; separate:희석주당이익(손실):1=233.6
20170515002373	01128622	2017	Q1	separate:기본주당이익(손실):0=1.9; separate:기본주당이익(손실):1=-29.6; separate:희석주당이익(손실):0=1.9; separate:희석주당이익(손실):1=-29.6
20170515002893	00620558	2017	Q1	consolidated:기본주당이익(손실):0=-10.03; consolidated:기본주당이익(손실):1=2.5; consolidated:희석주당이익(손실):0=-10.03; consolidated:희석주당이익(손실):1=2.44
20170515003110	00149804	2017	Q1	consolidated:기본주당이익(손실):0=-39.76; consolidated:기본주당이익(손실):1=-78.77; consolidated:희석주당이익(손실):0=-39.76; consolidated:희석주당이익(손실):1=-78.77; separate:기본주당이익(손실):0=57.4; separate:기본주당이익(손실):1=39.61; separate:희석주당이익(손실):0=57.4; separate:희석주당이익(손실):1=39.61
20170515003187	00105280	2017	Q1	consolidated:기본주당이익(손실):0=0.41; consolidated:기본주당이익(손실):1=0.36; consolidated:희석주당이익(손실):0=0.41; consolidated:희석주당이익(손실):1=0.36; separate:기본주당이익(손실):0=0.25; separate:기본주당이익(손실):1=0.26; separate:희석주당이익(손실):0=0.25; separate:희석주당이익(손실):1=0.26
20170515003475	01105621	2017	Q1	separate:기본주당이익:0=3.52; separate:희석주당이익:0=3.52
20170515003609	00148522	2017	Q1	separate:기본주당이익(손실):0=2.71; separate:기본주당이익(손실):1=9.25
20170515003933	00298377	2017	Q1	consolidated:기본주당손익:0=500.9; consolidated:희석주당손익:0=460.4
20170515004042	01096341	2017	Q1	separate:기본및희석주당손익:0=2.93; separate:기본및희석주당손익:1=6.35
20170515004256	00158219	2017	Q1	consolidated:기본주당이익:0=-15.96; consolidated:기본주당이익:1=-66.12; separate:기본주당이익:0=-15.98; separate:기본주당이익:1=-66.47
20170515004489	00475985	2017	Q1	consolidated:희석주당이익(손실):0=-0.4
20170515005036	01064069	2017	Q1	separate:기본주당순이익:0=-4.70; separate:기본주당순이익:1=1.3; separate:희석주당순이익:0=-4.70; separate:희석주당순이익:1=1.3
20170526000032	01101041	2016	FY	separate:기본 및 희석주당순이익:0=15.7
20170526000497	01067808	2017	Q1	separate:기본주당이익(손실):0=0.3; separate:기본주당이익(손실):1=3.8; separate:희석주당이익(손실):0=0.3; separate:희석주당이익(손실):1=3.8
20170529000421	00298377	2016	FY	consolidated:기본주당손익:0=660.3; consolidated:기본주당손익:2=-102.9; consolidated:희석주당손익:1=16.9; consolidated:희석주당손익:2=-102.9; separate:기본주당손익:0=659.5; separate:기본주당손익:1=18.6; separate:기본주당손익:2=-102.9; separate:희석주당손익:0=652.1; separate:희석주당손익:1=18.5; separate:희석주당손익:2=-102.9
20170809000189	00350048	2017	H1	consolidated:계속영업기본주당이익(손실):0=9.5; consolidated:계속영업희석주당이익(손실):0=9.5; separate:계속영업기본주당이익(손실):0=9.6; separate:계속영업희석주당이익(손실):0=9.6
20170811000016	01128622	2017	H1	separate:기본 및 희석주당이익(손실):0=4.9; separate:기본 및 희석주당이익(손실):1=23.6
20170811000036	01101041	2017	H1	separate:기본 및 희석주당순이익(손실):0=1.4; separate:기본 및 희석주당순이익(손실):1=6.5
20170811000259	01174038	2017	H1	separate:기본및희석주당이익(주석15):0=5.2
20170811000344	01032486	2017	H1	consolidated:기본주당순이익:0=0.79; consolidated:기본주당순이익:1=1.11; consolidated:희석주당순이익:0=0.79; consolidated:희석주당순이익:1=1.07
20170811000469	01098792	2017	H1	separate:1. 기본 및 희석주당순이익(주석14:0=9.62; separate:1. 기본 및 희석주당순이익(주석14:1=12.94
20170811000683	00557933	2017	H1	consolidated:기본주당이익(손실):0=322.3; consolidated:기본주당이익(손실):1=225.5; consolidated:희석주당이익(손실):0=321.9; consolidated:희석주당이익(손실):1=225.2; separate:기본주당이익(손실):0=328.8; separate:기본주당이익(손실):1=231.6; separate:희석주당이익(손실):0=328.4; separate:희석주당이익(손실):1=231.4
20170811000821	01063884	2017	H1	separate:기본주당이익(손실):0=7.5; separate:기본주당이익(손실):1=10.8; separate:희석주당이익(손실):0=7.5; separate:희석주당이익(손실):1=10.8
20170811000951	00204226	2017	H1	separate:기본주당이익(손실):0=-0.62; separate:기본주당이익(손실):1=7.06; separate:희석주당이익(손실):0=-0.62; separate:희석주당이익(손실):1=6.99
20170811000961	00231044	2017	H1	consolidated:기본주당이익(손실):0=0.72; consolidated:기본주당이익(손실):1=-33.27; separate:기본주당이익(손실):0=2.49; separate:기본주당이익(손실):1=-62.45
20170811000985	00220109	2017	H1	consolidated:기본주당이익(손실):0=-31.31; consolidated:기본주당이익(손실):1=-31.16; consolidated:희석주당이익(손실):0=-31.31; consolidated:희석주당이익(손실):1=-31.16; separate:기본주당이익(손실):0=-31.1; separate:기본주당이익(손실):1=-34.75; separate:희석주당이익(손실):0=-31.1; separate:희석주당이익(손실):1=-34.75
20170811001042	01196313	2017	H1	separate:기본주당이익:0=-6.48; separate:희석주당이익:0=-6.48
20170814000163	00220057	2017	H1	consolidated:기본 및 희석 주당순이익(손실):0=64.18; consolidated:기본 및 희석 주당순이익(손실):1=56.11; consolidated:계속영업 기본 및 희석 주당이익(손실:0=64.18; consolidated:계속영업 기본 및 희석 주당이익(손실:1=57.69; consolidated:중단영업 기본 및 희석 주당이익(손실:1=-1.58; separate:기본 및 희석 주당순이익(손실):0=93.12; separate:기본 및 희석 주당순이익(손실):1=56.44; separate:계속영업 기본 및 희석 주당이익(손실:0=93.12; separate:계속영업 기본 및 희석 주당이익(손실:1=56.44
20170814000310	01095704	2017	H1	separate:기본주당순이익(손실)(주석15):0=-3.1; separate:기본주당순이익(손실)(주석15):1=1.3
20170814000982	00620558	2017	H1	consolidated:기본주당이익(손실):0=-9.27; consolidated:희석주당이익(손실):0=-7.53; separate:기본주당이익(손실):0=-8.7; separate:희석주당이익(손실):0=-6.95
20170814001023	00149804	2017	H1	consolidated:기본주당이익(손실):0=-100.17; consolidated:기본주당이익(손실):1=-178.62; consolidated:희석주당이익(손실):0=-100.17; consolidated:희석주당이익(손실):1=-178.62; separate:기본주당이익(손실):0=83.3; separate:희석주당이익(손실):0=83.3
20170814001102	00105280	2017	H1	consolidated:기본주당이익(손실):0=0.74; consolidated:기본주당이익(손실):1=0.65; consolidated:희석주당이익(손실):0=0.74; consolidated:희석주당이익(손실):1=0.65; separate:기본주당이익(손실):0=0.41; separate:기본주당이익(손실):1=0.4; separate:희석주당이익(손실):0=0.41; separate:희석주당이익(손실):1=0.4
20170814001185	00706715	2017	H1	consolidated:계속영업기본및희석주당이익(손실):0=446.37; consolidated:계속영업기본및희석주당이익(손실):1=49.66; consolidated:중단영업기본및희석주당이익(손실):0=1434.16; consolidated:중단영업기본및희석주당이익(손실):1=2885.48; separate:계속영업기본및희석주당이익(손실):0=-874.67; separate:계속영업기본및희석주당이익(손실):1=-28.94; separate:중단영업기본및희석주당이익(손실):0=1434.16; separate:중단영업기본및희석주당이익(손실):1=2885.48
20170814001224	00143314	2017	H1	separate:기본주당이익(손실):0=-110.48; separate:기본주당이익(손실):1=69.9; separate:희석주당이익(손실):0=-101.77; separate:희석주당이익(손실):1=58.93
20170814001985	00298377	2017	H1	consolidated:기본주당손익:1=72.4; consolidated:희석주당손익:0=820.7; separate:기본주당손익:0=883.7; separate:희석주당손익:1=68.6
20170814002016	00145473	2017	H1	separate:(1)기본주당이익(손실):0=118.1; separate:(2)희석주당이익(손실):0=113.8; separate:(2)희석주당이익(손실):1=49.9
20170814002159	00479705	2017	H1	consolidated:1. 기본주당이익(손실):0=0.3; consolidated:2. 희석주당이익(손실):0=0.3; consolidated:2. 희석주당이익(손실):1=62.1
20171103000070	01063884	2017	Q3	separate:기본주당순이익:0=11.2; separate:기본주당순이익:1=13.7; separate:희석주당순이익:0=11.2; separate:희석주당순이익:1=13.7
20171110000269	01174038	2017	Q3	separate:기본 및 희석주당순손실:0=6.2
20171110000520	00220109	2017	Q3	consolidated:기본주당이익(손실):0=-54.16; consolidated:기본주당이익(손실):1=-56.65; consolidated:희석주당이익(손실):0=-54.16; consolidated:희석주당이익(손실):1=-56.65; separate:기본주당이익(손실):0=-52.14; separate:기본주당이익(손실):1=-60.62; separate:희석주당이익(손실):0=-52.15; separate:희석주당이익(손실):1=-60.62
20171114000014	01101041	2017	Q3	separate:기본 및 희석주당순이익(손실):0=0.27; separate:기본 및 희석주당순이익(손실):1=10.4
20171114000017	01196313	2017	Q3	separate:기본주당이익:0=-3.05; separate:희석주당이익:0=-3.05
20171114000068	01095704	2017	Q3	separate:기본주당순이익(손실):0=-1.6; separate:기본주당순이익(손실):1=1.2
20171114000110	00767460	2017	Q3	separate:기본주당이익(손실):0=956.9
20171114000283	00145473	2017	Q3	separate:기본주당이익(손실):0=147.1; separate:기본주당이익(손실):1=47.42; separate:희석주당이익(손실):0=141.68; separate:희석주당이익(손실):1=45.47
20171114000321	00220057	2017	Q3	consolidated:기본 및 희석 주당순이익(손실):0=102.74; consolidated:기본 및 희석 주당순이익(손실):1=119.92; consolidated:계속영업 기본 및 희석 주당이익(손실:0=102.74; consolidated:계속영업 기본 및 희석 주당이익(손실:1=121.5; consolidated:중단영업 기본 및 희석 주당이익(손실:1=-1.58; separate:기본 및 희석 주당순이익(손실):0=141.09; separate:기본 및 희석 주당순이익(손실):1=119.63; separate:계속영업 기본 및 희석 주당이익(손실:0=141.09; separate:계속영업 기본 및 희석 주당이익(손실:1=119.96; separate:중단영업 기본 및 희석 주당이익(손실:1=-0.33
20171114000537	00144021	2017	Q3	separate:계속영업기본주당이익(손실):0=3.9; separate:계속영업희석주당이익(손실):0=3.9
20171114000997	00148522	2017	Q3	separate:기본주당이익(손실):0=57.12; separate:기본주당이익(손실):1=13.5
20171114001059	00136402	2017	Q3	separate:기본주당이익(손실):0=-407.1; separate:기본주당이익(손실):1=39.1
20171114001107	00620558	2017	Q3	consolidated:기본주당이익(손실):0=-86.1; consolidated:기본주당이익(손실):1=16.44; consolidated:희석주당이익(손실):0=-65.46; consolidated:희석주당이익(손실):1=16.44; separate:기본주당이익(손실):0=-89.83; separate:기본주당이익(손실):1=21.9; separate:희석주당이익(손실):0=-69.18; separate:희석주당이익(손실):1=21.77
20171114001114	00149804	2017	Q3	consolidated:기본주당이익(손실):0=-57.2; consolidated:기본주당이익(손실):1=-146.1; consolidated:희석주당이익(손실):0=-57.2; consolidated:희석주당이익(손실):1=-146.1; separate:기본주당이익(손실):0=87.2; separate:기본주당이익(손실):1=81.6; separate:희석주당이익(손실):0=87.2; separate:희석주당이익(손실):1=81.6
20171114001142	00136457	2017	Q3	consolidated:기본주당이익:0=74.1; consolidated:기본주당이익:1=116.7; consolidated:희석주당이익:0=74.1; consolidated:희석주당이익:1=116.7; separate:기본주당이익:0=76.1; separate:기본주당이익:1=115.3; separate:희석주당이익:0=76.1; separate:희석주당이익:1=115.3
20171114001157	00557933	2017	Q3	consolidated:기본주당이익(손실):0=444.6; consolidated:기본주당이익(손실):1=380.9; consolidated:희석주당이익(손실):0=444.1; consolidated:희석주당이익(손실):1=380.4; separate:기본주당이익(손실):0=453.3; separate:기본주당이익(손실):1=389.3; separate:희석주당이익(손실):0=452.8; separate:희석주당이익(손실):1=388.8
20171114001232	01032486	2017	Q3	consolidated:기본주당순이익:0=1.28; consolidated:기본주당순이익:1=1.88; consolidated:희석주당순이익:0=1.28; consolidated:희석주당순이익:1=1.49
20171114001281	00105280	2017	Q3	consolidated:기본주당이익(손실):0=1.04; consolidated:기본주당이익(손실):1=0.88; separate:기본주당이익(손실):0=0.6; separate:기본주당이익(손실):1=0.54
20171114001582	00231044	2017	Q3	consolidated:기본주당이익(손실):0=41.36; consolidated:기본주당이익(손실):1=-51.49; consolidated:희석주당이익(손실):0=41.36; consolidated:희석주당이익(손실):1=-51.49; separate:기본주당이익(손실):0=42.43; separate:기본주당이익(손실):1=-80.83
20171114002171	00298377	2017	Q3	consolidated:기본주당이익(손실):0=1473.7; consolidated:기본주당이익(손실):1=490.1; consolidated:희석주당이익(손실):0=1356.3; consolidated:희석주당이익(손실):1=486.4; separate:기본주당이익(손실):0=1469.8; separate:기본주당이익(손실):1=486.4; separate:희석주당이익(손실):0=1352.8; separate:희석주당이익(손실):1=482.7
20171114002246	00479705	2017	Q3	consolidated:(1)기본주당이익(손실):0=-30.3; consolidated:(2)희석주당이익(손실):0=-30.8; separate:(1)기본주당이익(손실):0=51.9; separate:(2)희석주당이익(손실):0=51.9
20171114002737	00244747	2017	Q3	consolidated:기본주당이익(손실):0=-34.34; consolidated:기본주당이익(손실):1=-169.62; consolidated:희석주당이익(손실):0=-34.34; consolidated:희석주당이익(손실):1=-169.62
20171128000374	01113754	2017	Q3	consolidated:기본주당이익(손실):0=712.5; consolidated:희석주당이익(손실):0=712.5
20171129000226	00300405	2017	Q3	consolidated:희석주당이익(손실):0=-0.2
20180222000340	00231044	2015	FY	consolidated:기본주당이익(손실):0=-144.97; consolidated:희석주당이익(손실):0=-144.97; separate:기본주당이익(손실):0=-105.8; separate:희석주당이익(손실):0=-105.8
20180222000350	00231044	2016	FY	consolidated:기본주당이익(손실):0=64.88; consolidated:기본주당이익(손실):1=-144.97; consolidated:희석주당이익(손실):0=64.88; consolidated:희석주당이익(손실):1=-144.97; separate:기본주당이익(손실):0=-0.17; separate:기본주당이익(손실):1=-105.8; separate:희석주당이익(손실):0=-0.17; separate:희석주당이익(손실):1=-105.8
20180329000231	01174038	2017	FY	separate:기본주당이익(손실)(주석16):0=10.8; separate:기본주당이익(손실)(주석16):1=-3.5
20180329000878	01196313	2017	FY	separate:기본주당이익(손실) (단위 : 원):0=-8.24; separate:희석주당이익(손실) (단위 : 원):0=-8.24
20180329001282	01032486	2017	FY	consolidated:계속영업기본주당순손익:0=2.26; consolidated:계속영업기본주당순손익:1=1.85; consolidated:계속영업기본주당순손익:2=1.43; consolidated:중단영업기본주당순손익:0=0.15; consolidated:중단영업기본주당순손익:1=-0.05; consolidated:중단영업기본주당순손익:2=-0.12; consolidated:계속영업희석주당순손익:0=2.26; consolidated:계속영업희석주당순손익:1=1.58; consolidated:계속영업희석주당순손익:2=1.43; consolidated:중단영업희석주당순손익:0=0.15; consolidated:중단영업희석주당순손익:1=-0.05; consolidated:중단영업희석주당순손익:2=-0.12
20180330000084	01095704	2017	FY	separate:기본주당순손실(주석16):0=3.3; separate:기본주당순손실(주석16):1=1.5
20180330000438	00130879	2017	FY	separate:계속영업기본주당이익(손실):0=0.6; separate:계속영업기본주당이익(손실):1=0.7; separate:계속영업기본주당이익(손실):2=4.5; separate:중단영업기본주당이익(손실):1=0.2; separate:중단영업기본주당이익(손실):2=-0.3; separate:당기순이익주당이익(손실):0=0.6; separate:당기순이익주당이익(손실):1=0.9; separate:당기순이익주당이익(손실):2=4.2; separate:계속영업희석주당이익(손실):0=0.6; separate:계속영업희석주당이익(손실):1=0.7; separate:계속영업희석주당이익(손실):2=4.5; separate:중단영업희석주당이익(손실):1=0.2; separate:중단영업희석주당이익(손실):2=-0.3; separate:당기순이익주당이익(손실):0=0.6; separate:당기순이익주당이익(손실):1=0.9; separate:당기순이익주당이익(손실):2=4.2
20180330000522	01166109	2017	FY	separate:기본주당순이익:0=16.5; separate:기본주당순이익:1=14.8; separate:희석주당순이익:0=16.5; separate:희석주당순이익:1=14.8
20180330001070	00557933	2017	FY	consolidated:기본주당이익(손실) (단위 : 원):0=763.1; consolidated:기본주당이익(손실) (단위 : 원):1=667.4; consolidated:기본주당이익(손실) (단위 : 원):2=299.7; consolidated:희석주당이익(손실) (단위 : 원):0=762.2; consolidated:희석주당이익(손실) (단위 : 원):1=666.6; consolidated:희석주당이익(손실) (단위 : 원):2=299.4; separate:기본주당이익(손실) (단위 : 원):0=774.6; separate:기본주당이익(손실) (단위 : 원):1=652.3; separate:기본주당이익(손실) (단위 : 원):2=281.8; separate:희석주당이익(손실) (단위 : 원):0=773.7; separate:희석주당이익(손실) (단위 : 원):1=651.5; separate:희석주당이익(손실) (단위 : 원):2=281.5
20180330001335	01068348	2017	FY	separate:기본주당이익:0=3.59; separate:기본주당이익:1=18.62; separate:희석주당이익:0=3.59; separate:희석주당이익:1=18.62
20180330001588	00136165	2017	FY	consolidated:(1)기본주당이익(손실) (단위 : :0=-31.19; consolidated:(2)희석주당이익(손실) (단위 : :0=-30.82
20180330001797	00144021	2017	FY	separate:기본주당이익(손실) (단위 : 원):0=2.2; separate:기본주당이익(손실) (단위 : 원):1=-17.4; separate:기본주당이익(손실) (단위 : 원):2=-326.8; separate:계속영업기본주당이익(손실) (단위 ::0=2.2; separate:계속영업기본주당이익(손실) (단위 ::1=-17.4; separate:계속영업기본주당이익(손실) (단위 ::2=-326.8; separate:희석주당이익(손실) (단위 : 원):0=2.2; separate:희석주당이익(손실) (단위 : 원):1=-17.4; separate:희석주당이익(손실) (단위 : 원):2=-326.8; separate:계속영업희석주당이익(손실) (단위 ::0=2.2; separate:계속영업희석주당이익(손실) (단위 ::1=-17.4; separate:계속영업희석주당이익(손실) (단위 ::2=-326.8
20180330002000	01255652	2017	FY	separate:기본 및 희석 주당손익:0=-7.70
20180330002029	01105621	2017	FY	separate:기본주당이익:0=17.47; separate:기본주당이익:1=7.56; separate:희석주당이익:0=17.47; separate:희석주당이익:1=7.56
20180330002246	00298377	2017	FY	consolidated:기본주당이익(손실):0=1544.4; consolidated:기본주당이익(손실):1=660.3; consolidated:희석주당이익(손실):0=1433.8; consolidated:희석주당이익(손실):2=16.9; separate:기본주당이익(손실):1=659.5; separate:기본주당이익(손실):2=18.6; separate:희석주당이익(손실):0=1428.2; separate:희석주당이익(손실):1=652.1; separate:희석주당이익(손실):2=18.5
20180330002321	00370200	2017	FY	separate:계속사업 기본주당이익(손실) (단위 :0=19.15; separate:계속사업 기본주당이익(손실) (단위 :1=147.62; separate:중단사업 기본주당이익(손실) (단위 :0=-275.73; separate:중단사업 기본주당이익(손실) (단위 :1=-1226.69
20180330002853	00220109	2017	FY	consolidated:기본주당이익(손실) (단위 : 원):0=-71.77; consolidated:기본주당이익(손실) (단위 : 원):1=-93.53; consolidated:기본주당이익(손실) (단위 : 원):2=-100.87; consolidated:희석주당이익(손실) (단위 : 원):0=-71.77; consolidated:희석주당이익(손실) (단위 : 원):1=-93.53; consolidated:희석주당이익(손실) (단위 : 원):2=-100.87; separate:기본주당이익(손실) (단위 : 원):0=-81.99; separate:기본주당이익(손실) (단위 : 원):1=-105.43; separate:기본주당이익(손실) (단위 : 원):2=-92.36; separate:희석주당이익(손실) (단위 : 원):0=-81.99; separate:희석주당이익(손실) (단위 : 원):1=-105.43; separate:희석주당이익(손실) (단위 : 원):2=-92.36
20180330003210	00157636	2017	FY	consolidated:기본주당이익(손실) (단위 : 원):0=911.62; consolidated:기본주당이익(손실) (단위 : 원):1=305.1; consolidated:기본주당이익(손실) (단위 : 원):2=756.51; consolidated:계속영업기본주당이익(손실) (단위 ::0=911.62; consolidated:계속영업기본주당이익(손실) (단위 ::1=305.1; consolidated:계속영업기본주당이익(손실) (단위 ::2=756.51; consolidated:희석주당이익(손실) (단위 : 원):0=750.92; consolidated:희석주당이익(손실) (단위 : 원):1=303.67; consolidated:희석주당이익(손실) (단위 : 원):2=756.51; consolidated:계속영업희석주당이익(손실) (단위 ::0=750.92; consolidated:계속영업희석주당이익(손실) (단위 ::1=303.67; consolidated:계속영업희석주당이익(손실) (단위 ::2=756.51
20180330003649	00149804	2017	FY	consolidated:기본주당이익(손실) (단위 : 원):0=19.1; consolidated:기본주당이익(손실) (단위 : 원):1=-6.5; consolidated:기본주당이익(손실) (단위 : 원):2=131.49; consolidated:희석주당이익(손실) (단위 : 원):0=19.1; consolidated:희석주당이익(손실) (단위 : 원):1=-6.5; consolidated:희석주당이익(손실) (단위 : 원):2=128.7; separate:기본주당이익(손실) (단위 : 원):0=40.4; separate:기본주당이익(손실) (단위 : 원):1=64.6; separate:기본주당이익(손실) (단위 : 원):2=17.21; separate:희석주당이익(손실) (단위 : 원):0=40.4; separate:희석주당이익(손실) (단위 : 원):1=64.6; separate:희석주당이익(손실) (단위 : 원):2=17.21
20180330003814	00620558	2017	FY	consolidated:기본주당이익(손실) (단위 : 원):0=-157.68; consolidated:기본주당이익(손실) (단위 : 원):1=0.24; consolidated:기본주당이익(손실) (단위 : 원):2=46.79; consolidated:희석주당이익(손실) (단위 : 원):0=-119.77; consolidated:희석주당이익(손실) (단위 : 원):1=0.24; consolidated:희석주당이익(손실) (단위 : 원):2=44.86; separate:기본주당이익(손실) (단위 : 원):0=-183.2; separate:기본주당이익(손실) (단위 : 원):1=34.19; separate:기본주당이익(손실) (단위 : 원):2=46.94; separate:희석주당이익(손실) (단위 : 원):0=-141.38; separate:희석주당이익(손실) (단위 : 원):1=34.02; separate:희석주당이익(손실) (단위 : 원):2=45.01
20180402000550	00767460	2017	FY	separate:기본주당이익 (단위 : 원):0=1116.3; separate:기본주당이익 (단위 : 원):1=714.3; separate:기본주당이익 (단위 : 원):2=578.3
20180402000947	00163761	2017	FY	separate:기본주당이익(손실) (단위 : 원):0=198.1; separate:기본주당이익(손실) (단위 : 원):1=270.5; separate:기본주당이익(손실) (단위 : 원):2=56.9
20180402002433	00145473	2017	FY	separate:기본주당이익(손실) (단위 : 원):0=137.5; separate:기본주당이익(손실) (단위 : 원):1=191.8; separate:기본주당이익(손실) (단위 : 원):2=88.7; separate:희석주당이익(손실) (단위 : 원):0=132.2; separate:희석주당이익(손실) (단위 : 원):1=183.8; separate:희석주당이익(손실) (단위 : 원):2=85.4
20180402002506	00231044	2017	FY	consolidated:기본주당이익(손실) (단위 : 원):0=40.62; consolidated:기본주당이익(손실) (단위 : 원):1=64.88; consolidated:기본주당이익(손실) (단위 : 원):2=-144.97; consolidated:희석주당이익(손실) (단위 : 원):0=40.62; consolidated:희석주당이익(손실) (단위 : 원):1=64.88; consolidated:희석주당이익(손실) (단위 : 원):2=-144.97; separate:기본주당이익(손실) (단위 : 원):0=40.25; separate:기본주당이익(손실) (단위 : 원):1=-0.17; separate:기본주당이익(손실) (단위 : 원):2=-105.8; separate:희석주당이익(손실) (단위 : 원):0=40.25; separate:희석주당이익(손실) (단위 : 원):1=-0.17; separate:희석주당이익(손실) (단위 : 원):2=-105.8
20180402002917	00148522	2017	FY	separate:기본주당이익(손실) (단위 : 원):0=18.47; separate:기본주당이익(손실) (단위 : 원):1=-14.3
20180402003382	01063884	2017	FY	separate:기본주당이익(손실) (단위 : 원):0=14.1; separate:희석주당이익(손실) (단위 : 원):0=14.1
20180402004813	00130879	2017	FY	separate:계속영업기본주당이익(손실):0=0.6; separate:계속영업기본주당이익(손실):1=0.7; separate:계속영업기본주당이익(손실):2=4.5; separate:중단영업기본주당이익(손실):1=0.2; separate:중단영업기본주당이익(손실):2=-0.3; separate:당기순이익주당이익(손실):0=0.6; separate:당기순이익주당이익(손실):1=0.9; separate:당기순이익주당이익(손실):2=4.2; separate:계속영업희석주당이익(손실):0=0.6; separate:계속영업희석주당이익(손실):1=0.7; separate:계속영업희석주당이익(손실):2=4.5; separate:중단영업희석주당이익(손실):1=0.2; separate:중단영업희석주당이익(손실):2=-0.3; separate:당기순이익주당이익(손실):0=0.6; separate:당기순이익주당이익(손실):1=0.9; separate:당기순이익주당이익(손실):2=4.2
20180402004823	00136457	2017	FY	consolidated:기본주당이익 (단위 : 원):0=86.3; consolidated:기본주당이익 (단위 : 원):1=161.6; consolidated:기본주당이익 (단위 : 원):2=113.4; consolidated:희석주당이익 (단위 : 원):0=86.3; consolidated:희석주당이익 (단위 : 원):1=161.6; consolidated:희석주당이익 (단위 : 원):2=113.4; separate:기본주당이익 (단위 : 원):0=80.3; separate:기본주당이익 (단위 : 원):1=158.5; separate:희석주당이익 (단위 : 원):0=85.3; separate:희석주당이익 (단위 : 원):1=158.5
20180402005048	00163114	2017	FY	separate:기본주당이익(손실) (단위 : 원):0=0.15
20180404001245	00136165	2017	FY	consolidated:(1)기본주당이익(손실) (단위 : :0=-31.19; consolidated:(2)희석주당이익(손실) (단위 : :0=-30.82
20180406002218	00149804	2017	FY	consolidated:기본주당이익(손실) (단위 : 원):0=19.1; consolidated:기본주당이익(손실) (단위 : 원):1=-6.5; consolidated:기본주당이익(손실) (단위 : 원):2=131.49; consolidated:희석주당이익(손실) (단위 : 원):0=19.1; consolidated:희석주당이익(손실) (단위 : 원):1=-6.5; consolidated:희석주당이익(손실) (단위 : 원):2=128.7; separate:기본주당이익(손실) (단위 : 원):0=40.4; separate:기본주당이익(손실) (단위 : 원):1=64.6; separate:기본주당이익(손실) (단위 : 원):2=17.21; separate:희석주당이익(손실) (단위 : 원):0=40.4; separate:희석주당이익(손실) (단위 : 원):1=64.6; separate:희석주당이익(손실) (단위 : 원):2=17.21
20180412001800	00148522	2017	FY	separate:기본주당이익(손실) (단위 : 원):0=18.47; separate:기본주당이익(손실) (단위 : 원):1=-14.3
20180508000123	01098792	2018	Q1	separate:1. 기본 및 희석주당순이익(손실)(:0=4.93; separate:1. 기본 및 희석주당순이익(손실)(:1=4.72
20180511003637	00652423	2018	Q1	separate:기본주당이익(손실) (단위 : 원):1=-6.05; separate:희석주당이익(손실) (단위 : 원):0=-1.8; separate:희석주당이익(손실) (단위 : 원):1=-6.05
20180511004716	00362292	2018	Q1	consolidated:기본주당이익(손실) (단위 : 원):0=0.71; consolidated:기본주당이익(손실) (단위 : 원):1=-102.14; consolidated:희석주당이익(손실) (단위 : 원):0=0.71; consolidated:희석주당이익(손실) (단위 : 원):1=-102.14
20180514001177	01095704	2018	Q1	separate:기본 및 희석주당순손실:0=2.9; separate:기본 및 희석주당순손실:1=1.7
20180514003357	00177816	2018	Q1	consolidated:기본주당이익(손실) (단위 : 원):0=0.3; consolidated:희석주당이익(손실) (단위 : 원):0=0.3
20180514004525	00136457	2018	Q1	consolidated:기본주당이익 (단위 : 원):0=13.9; consolidated:기본주당이익 (단위 : 원):1=18.3; consolidated:희석주당이익 (단위 : 원):0=13.9; consolidated:희석주당이익 (단위 : 원):1=18.3; separate:기본주당이익 (단위 : 원):0=13.9; separate:기본주당이익 (단위 : 원):1=18.8; separate:희석주당이익 (단위 : 원):0=13.9; separate:희석주당이익 (단위 : 원):1=18.8
20180514005706	00220109	2018	Q1	consolidated:기본주당이익(손실) (단위 : 원):0=-8.11; consolidated:기본주당이익(손실) (단위 : 원):1=-16.25; consolidated:희석주당이익(손실) (단위 : 원):0=-8.11; consolidated:희석주당이익(손실) (단위 : 원):1=-16.25; separate:기본주당이익(손실) (단위 : 원):0=-8.38; separate:기본주당이익(손실) (단위 : 원):1=-15.5; separate:희석주당이익(손실) (단위 : 원):0=-8.38; separate:희석주당이익(손실) (단위 : 원):1=-15.5
20180515000191	01174038	2018	Q1	separate:기본 및 희석주당순이익:0=3.9; separate:기본 및 희석주당순이익:1=2.5
20180515000418	00557933	2018	Q1	consolidated:기본주당이익(손실) (단위 : 원):1=340.5; consolidated:희석주당이익(손실) (단위 : 원):0=376.5; separate:기본주당이익(손실) (단위 : 원):0=377.2; separate:희석주당이익(손실) (단위 : 원):0=376.8; separate:희석주당이익(손실) (단위 : 원):1=344.6
20180515000488	00298377	2018	Q1	consolidated:기본주당이익(손실) (단위 : 원):0=918.5; consolidated:기본주당이익(손실) (단위 : 원):1=500.9; consolidated:희석주당이익(손실) (단위 : 원):0=814.6; consolidated:희석주당이익(손실) (단위 : 원):1=460.4; separate:기본주당이익(손실) (단위 : 원):0=909.4; separate:희석주당이익(손실) (단위 : 원):0=806.7
20180515000626	00130879	2018	Q1	separate:기본주당이익(손실) (단위 : 원):0=1.8; separate:기본주당이익(손실) (단위 : 원):1=1.1; separate:계속영업기본주당이익(손실) (단위 ::0=1.8; separate:계속영업기본주당이익(손실) (단위 ::1=1.1; separate:희석주당이익(손실) (단위 : 원):0=1.8; separate:희석주당이익(손실) (단위 : 원):1=1.1; separate:계속영업희석주당이익(손실) (단위 ::0=1.8; separate:계속영업희석주당이익(손실) (단위 ::1=1.1
20180515000801	00157636	2018	Q1	consolidated:기본주당이익(손실) (단위 : 원):0=245.55; consolidated:기본주당이익(손실) (단위 : 원):1=175.09; consolidated:계속영업기본주당이익(손실) (단위 ::0=245.55; consolidated:계속영업기본주당이익(손실) (단위 ::1=175.09; consolidated:희석주당이익(손실) (단위 : 원):0=203.25; consolidated:희석주당이익(손실) (단위 : 원):1=148.91; consolidated:계속영업희석주당이익(손실) (단위 ::0=203.25; consolidated:계속영업희석주당이익(손실) (단위 ::1=148.91
20180515000840	00163761	2018	Q1	separate:기본주당이익(손실) (단위 : 원):0=49.3; separate:기본주당이익(손실) (단위 : 원):1=48.3
20180515000918	00145473	2018	Q1	separate:(1)기본주당이익(손실) (단위 : :0=52.2; separate:(1)기본주당이익(손실) (단위 : :1=52.1; separate:(2)희석주당이익(손실) (단위 : :0=50.2; separate:(2)희석주당이익(손실) (단위 : :1=50.9
20180515000990	01255652	2018	Q1	separate:기본 및 희석 주당손익:0=2.71
20180515001293	00148522	2018	Q1	separate:기본주당이익(손실) (단위 : 원):0=-38.69; separate:기본주당이익(손실) (단위 : 원):1=2.71
20180515001312	00620558	2018	Q1	consolidated:기본주당이익(손실) (단위 : 원):0=4.56; consolidated:기본주당이익(손실) (단위 : 원):1=-10.03; consolidated:희석주당이익(손실) (단위 : 원):0=4.56; consolidated:희석주당이익(손실) (단위 : 원):1=-10.03; separate:기본주당이익(손실) (단위 : 원):0=-7.82; separate:기본주당이익(손실) (단위 : 원):1=-38.1; separate:희석주당이익(손실) (단위 : 원):0=-2.84
20180515001328	00136402	2018	Q1	separate:기본주당이익(손실) (단위 : 원):0=-27.8
20180515001657	00537832	2018	Q1	separate:기본주당이익(손실) (단위 : 원):0=-2.9; separate:희석주당이익(손실) (단위 : 원):0=-2.9
20180515001730	01105621	2018	Q1	separate:기본주당이익:0=4.42; separate:기본주당이익:1=3.52; separate:희석주당이익:0=4.42; separate:희석주당이익:1=3.52
20180515002006	00608839	2018	Q1	consolidated:희석주당이익(손실) (단위 : 원):0=26.29; separate:기본주당이익(손실) (단위 : 원):0=-6.6; separate:희석주당이익(손실) (단위 : 원):0=-22.24
20180515002147	00370200	2018	Q1	separate:계속사업 기본주당이익(손실) (단위 :0=15.7; separate:계속사업 기본주당이익(손실) (단위 :1=12.48
20180515002312	00149804	2018	Q1	consolidated:기본주당이익(손실) (단위 : 원):0=-103.1; consolidated:기본주당이익(손실) (단위 : 원):1=-39.8; consolidated:희석주당이익(손실) (단위 : 원):0=-103.1; consolidated:희석주당이익(손실) (단위 : 원):1=-39.8; separate:기본주당이익(손실) (단위 : 원):0=46.4; separate:기본주당이익(손실) (단위 : 원):1=57.4; separate:희석주당이익(손실) (단위 : 원):0=46.4; separate:희석주당이익(손실) (단위 : 원):1=57.4
20180515002418	00273420	2018	Q1	consolidated:기본및희석주당순이익 (단위 : 원):0=23.77; separate:기본및희석주당순이익 (단위 : 원):0=34.54
20180515002477	00767460	2018	Q1	separate:기본주당이익 (단위 : 원):0=363.03; separate:기본주당이익 (단위 : 원):1=286.6
20180608000064	01095704	2017	FY	separate:기본주당순손실(주석16):0=3.3; separate:기본주당순손실(주석16):1=1.5
20180703000048	01174038	2017	FY	separate:기본주당이익(손실)(주석16):0=10.8; separate:기본주당이익(손실)(주석16):1=-3.5
20180809000272	01128622	2018	H1	separate:기본주당이익:0=11.3; separate:기본주당이익:1=4.9; separate:희석주당이익:0=10.6; separate:희석주당이익:1=4.9
20180809000296	01105621	2018	H1	separate:기본주당이익:0=6.3; separate:기본주당이익:1=7.9; separate:희석주당이익:0=6.3; separate:희석주당이익:1=7.9
20180813000509	00620558	2018	H1	consolidated:기본주당이익(손실) (단위 : 원):0=-28.94; consolidated:기본주당이익(손실) (단위 : 원):1=-46.35; consolidated:희석주당이익(손실) (단위 : 원):0=-15.72; consolidated:희석주당이익(손실) (단위 : 원):1=-37.65; separate:기본주당이익(손실) (단위 : 원):0=-40.25; separate:기본주당이익(손실) (단위 : 원):1=-43.5; separate:희석주당이익(손실) (단위 : 원):0=-24.49; separate:희석주당이익(손실) (단위 : 원):1=-34.75
20180813000607	01255652	2018	H1	separate:기본 및 희석 주당손익:0=6.87
20180814000270	01174038	2018	H1	separate:기본및희석주당이익(주석15):0=5.9
20180814000477	00418379	2018	H1	consolidated:중단영업기본주당이익(손실) (단위 ::0=-0.5; consolidated:중단영업희석주당이익(손실) (단위 ::0=-0.5
20180814000767	00143314	2018	H1	separate:기본주당이익(손실) (단위 : 원):0=-21.79; separate:기본주당이익(손실) (단위 : 원):1=-110.48; separate:희석주당이익(손실) (단위 : 원):0=-21.79; separate:희석주당이익(손실) (단위 : 원):1=-101.77
20180814001137	00130879	2018	H1	separate:기본주당이익(손실) (단위 : 원):0=1.9; separate:기본주당이익(손실) (단위 : 원):1=0.9; separate:희석주당이익(손실) (단위 : 원):0=1.9; separate:희석주당이익(손실) (단위 : 원):1=0.9
20180814001202	00557933	2018	H1	consolidated:기본주당이익(손실) (단위 : 원):0=301.3; consolidated:기본주당이익(손실) (단위 : 원):1=322.3; consolidated:희석주당이익(손실) (단위 : 원):1=321.9; separate:기본주당이익(손실) (단위 : 원):0=301.5; separate:기본주당이익(손실) (단위 : 원):1=328.8; separate:희석주당이익(손실) (단위 : 원):0=301.2; separate:희석주당이익(손실) (단위 : 원):1=328.4
20180814001622	01032486	2018	H1	consolidated:계속영업 기본주당순이익:0=1.29; consolidated:계속영업 기본주당순이익:1=0.67; consolidated:중단영업 기본주당순이익:1=0.12
20180814001745	00136165	2018	H1	consolidated:(1)기본주당이익(손실) (단위 : :0=-165.43; separate:(1)기본주당이익(손실) (단위 : :0=-17.35
20180814001746	00861997	2018	H1	consolidated:(1)기본주당이익(손실) (단위 : :0=469.77; consolidated:(1)기본주당이익(손실) (단위 : :1=126.17; consolidated:(2)희석주당이익(손실) (단위 : :0=469.77; consolidated:(2)희석주당이익(손실) (단위 : :1=124.74; separate:(1)기본주당이익(손실) (단위 : :0=718.37; separate:(1)기본주당이익(손실) (단위 : :1=126.17; separate:(2)희석주당이익(손실) (단위 : :0=718.37; separate:(2)희석주당이익(손실) (단위 : :1=124.74
20180814001790	00231044	2018	H1	consolidated:기본주당이익(손실) (단위 : 원):0=-10.49; consolidated:기본주당이익(손실) (단위 : 원):1=0.73; separate:기본주당이익(손실) (단위 : 원):0=-11.53; separate:기본주당이익(손실) (단위 : 원):1=2.49
20180814001863	00149804	2018	H1	consolidated:기본주당이익(손실) (단위 : 원):0=-133.3; consolidated:기본주당이익(손실) (단위 : 원):1=-100.17; consolidated:희석주당이익(손실) (단위 : 원):0=-133.3; consolidated:희석주당이익(손실) (단위 : 원):1=-100.17; separate:기본주당이익(손실) (단위 : 원):0=24.9; separate:기본주당이익(손실) (단위 : 원):1=83.3; separate:희석주당이익(손실) (단위 : 원):0=24.9; separate:희석주당이익(손실) (단위 : 원):1=83.3
20180814002127	00220109	2018	H1	consolidated:기본주당이익(손실) (단위 : 원):1=-31.31; consolidated:희석주당이익(손실) (단위 : 원):1=-31.31; separate:기본주당이익(손실) (단위 : 원):0=-17.66; separate:기본주당이익(손실) (단위 : 원):1=-31.1; separate:희석주당이익(손실) (단위 : 원):0=-17.66; separate:희석주당이익(손실) (단위 : 원):1=-31.1
20180814002217	00136457	2018	H1	consolidated:기본주당이익 (단위 : 원):0=29.3; consolidated:기본주당이익 (단위 : 원):1=58.2; consolidated:희석주당이익 (단위 : 원):0=29.3; consolidated:희석주당이익 (단위 : 원):1=58.2; separate:기본주당이익 (단위 : 원):0=31.7; separate:기본주당이익 (단위 : 원):1=59.6; separate:희석주당이익 (단위 : 원):0=31.7; separate:희석주당이익 (단위 : 원):1=59.6
20180814002229	00145473	2018	H1	separate:(1)기본주당이익(손실) (단위 : :0=99.8; separate:(1)기본주당이익(손실) (단위 : :1=118.1; separate:(2)희석주당이익(손실) (단위 : :0=96.1; separate:(2)희석주당이익(손실) (단위 : :1=113.8
20180814002331	00148522	2018	H1	separate:기본주당이익(손실) (단위 : 원):0=-269.82; separate:기본주당이익(손실) (단위 : 원):1=6.92
20180814002717	01095704	2018	H1	separate:기본주당순이익(손실)(주석15):0=17.6; separate:기본주당순이익(손실)(주석15):1=-3.1; separate:희석주당순이익(손실)(주석15):0=15.9; separate:희석주당순이익(손실)(주석15):1=-3.1
20181107000097	01128622	2018	Q3	separate:기본 및 희석주당이익:0=3.6; separate:기본 및 희석주당이익:1=8.2
20181107000224	00177816	2018	Q3	consolidated:기본주당이익(손실) (단위 : 원):0=0.7; consolidated:희석주당이익(손실) (단위 : 원):0=0.7
20181112000276	00820352	2018	Q3	separate:중단영업기본주당이익(손실) (단위 ::0=0.11; separate:중단영업희석주당이익(손실) (단위 ::0=0.1
20181114000451	01098792	2018	Q3	separate:1.계속영업기본주당이익(손실) (단위:0=-2.99; separate:1.계속영업희석주당이익(손실) (단위:0=-2.99
20181114000508	00298377	2018	Q3	consolidated:기본주당이익(손실) (단위 : 원):0=1008.3; consolidated:희석주당이익(손실) (단위 : 원):0=919.4; separate:기본주당이익(손실) (단위 : 원):0=1139.1; separate:희석주당이익(손실) (단위 : 원):0=1031.2
20181114000986	00145473	2018	Q3	separate:(1)기본주당이익(손실) (단위 : :0=81.7; separate:(1)기본주당이익(손실) (단위 : :1=147.1; separate:(2)희석주당이익(손실) (단위 : :0=81.7; separate:(2)희석주당이익(손실) (단위 : :1=141.7
20181114001040	00821607	2018	Q3	consolidated:기본주당이익(손실) (단위 : 원):0=-51.55; consolidated:기본주당이익(손실) (단위 : 원):1=-538.36; consolidated:희석주당이익(손실) (단위 : 원):0=-51.55; consolidated:희석주당이익(손실) (단위 : 원):1=-538.36; separate:기본주당이익(손실) (단위 : 원):0=-31.77; separate:기본주당이익(손실) (단위 : 원):1=-457.51; separate:희석주당이익(손실) (단위 : 원):0=-31.77; separate:희석주당이익(손실) (단위 : 원):1=-457.55
20181114001173	00136457	2018	Q3	consolidated:기본주당이익 (단위 : 원):1=74.1; consolidated:희석주당이익 (단위 : 원):1=74.1; separate:기본주당이익 (단위 : 원):0=32.8; separate:기본주당이익 (단위 : 원):1=76.1; separate:희석주당이익 (단위 : 원):0=32.8; separate:희석주당이익 (단위 : 원):1=76.1
20181114001427	00130879	2018	Q3	separate:기본주당이익(손실) (단위 : 원):0=1.5; separate:기본주당이익(손실) (단위 : 원):1=1.6; separate:희석주당이익(손실) (단위 : 원):0=1.5; separate:희석주당이익(손실) (단위 : 원):1=1.6
20181114001573	00220109	2018	Q3	consolidated:기본주당이익(손실) (단위 : 원):0=-33.58; consolidated:기본주당이익(손실) (단위 : 원):1=-54.16; consolidated:희석주당이익(손실) (단위 : 원):0=-33.58; consolidated:희석주당이익(손실) (단위 : 원):1=-54.16; separate:기본주당이익(손실) (단위 : 원):0=-32.03; separate:기본주당이익(손실) (단위 : 원):1=-52.14; separate:희석주당이익(손실) (단위 : 원):0=-32.03; separate:희석주당이익(손실) (단위 : 원):1=-52.14
20181114001623	00620558	2018	Q3	consolidated:기본주당이익(손실) (단위 : 원):0=-25.28; consolidated:기본주당이익(손실) (단위 : 원):1=-46.35; consolidated:희석주당이익(손실) (단위 : 원):0=-3.42; consolidated:희석주당이익(손실) (단위 : 원):1=-37.65; separate:기본주당이익(손실) (단위 : 원):0=-51.2; separate:기본주당이익(손실) (단위 : 원):1=-89.83; separate:희석주당이익(손실) (단위 : 원):0=-21.23; separate:희석주당이익(손실) (단위 : 원):1=-69.18
20181114001643	00557933	2018	Q3	consolidated:기본주당이익(손실) (단위 : 원):0=416.8; consolidated:기본주당이익(손실) (단위 : 원):1=444.6; consolidated:희석주당이익(손실) (단위 : 원):0=416.3; consolidated:희석주당이익(손실) (단위 : 원):1=444.1; separate:기본주당이익(손실) (단위 : 원):0=417.7; separate:기본주당이익(손실) (단위 : 원):1=453.3; separate:희석주당이익(손실) (단위 : 원):0=417.3; separate:희석주당이익(손실) (단위 : 원):1=452.8
20181114001961	00113997	2018	Q3	separate:계속영업주당손익 (단위 : 원):0=704.17; separate:계속영업주당손익 (단위 : 원):1=1101.33
20181114002344	00148522	2018	Q3	separate:기본주당이익(손실) (단위 : 원):0=-422.25; separate:기본주당이익(손실) (단위 : 원):1=57.12
20181114002485	00767460	2018	Q3	separate:기본주당이익(손실) (단위 : 원):0=1098.8; separate:기본주당이익(손실) (단위 : 원):1=956.9
20181114002523	01032486	2018	Q3	consolidated:계속영업 기본주당순이익:0=1.96; consolidated:계속영업 기본주당순이익:1=1.05; consolidated:중단영업 기본주당순이익:1=0.23; separate:기본주당이익(손실) (단위 : 원):0=41.25; separate:기본주당이익(손실) (단위 : 원):1=-0.22
20181114002585	00149804	2018	Q3	separate:기본주당이익(손실) (단위 : 원):0=53.1; separate:기본주당이익(손실) (단위 : 원):1=87.2; separate:희석주당이익(손실) (단위 : 원):0=53.1; separate:희석주당이익(손실) (단위 : 원):1=87.2
20181114002596	00136402	2018	Q3	separate:기본주당이익(손실) (단위 : 원):0=-612.4; separate:기본주당이익(손실) (단위 : 원):1=-407.1
20181114002912	01255652	2018	Q3	separate:기본 및 희석 주당손익:0=11.17
20190322000052	01128622	2018	FY	separate:기본 및 희석주당이익:0=3.5; separate:기본 및 희석주당이익:1=11.9
20190329000771	00301112	2018	FY	consolidated:기본주당이익(손실) (단위 : 원):0=-76.46; consolidated:기본주당이익(손실) (단위 : 원):1=18.72; consolidated:희석주당이익(손실) (단위 : 원):0=-76.46; consolidated:희석주당이익(손실) (단위 : 원):1=18.72; separate:기본주당이익(손실) (단위 : 원):0=-122.37; separate:기본주당이익(손실) (단위 : 원):1=23.76; separate:희석주당이익(손실) (단위 : 원):0=-122.37; separate:희석주당이익(손실) (단위 : 원):1=23.76
20190329001384	01326792	2018	FY	separate:기본주당손실:0=-1.9; separate:희석주당손실:0=-1.9
20190329002416	01255652	2018	FY	separate:기본 및 희석 주당손익:0=17.72; separate:기본 및 희석 주당손익:1=-7.70
20190329002468	00130879	2018	FY	separate:계속영업기본주당이익(손실) (단위 ::0=1.8; separate:계속영업기본주당이익(손실) (단위 ::1=0.6; separate:계속영업기본주당이익(손실) (단위 ::2=0.7; separate:중단영업기본주당이익(손실) (단위 ::2=0.2; separate:당기순이익주당이익(손실) (단위 : :0=1.8; separate:당기순이익주당이익(손실) (단위 : :1=0.6; separate:당기순이익주당이익(손실) (단위 : :2=0.9; separate:계속영업희석주당이익(손실) (단위 ::0=0.6; separate:계속영업희석주당이익(손실) (단위 ::1=0.6; separate:계속영업희석주당이익(손실) (단위 ::2=0.7; separate:중단영업희석주당이익(손실) (단위 ::2=0.2; separate:당기순이익주당이익(손실) (단위 : :0=0.6; separate:당기순이익주당이익(손실) (단위 : :1=0.6; separate:당기순이익주당이익(손실) (단위 : :2=0.9
20190329002526	01325429	2018	FY	separate:기본 및 희석 주당손익:0=0.01
20190329003610	00220109	2018	FY	consolidated:기본주당이익(손실) (단위 : 원):0=-111.78; consolidated:기본주당이익(손실) (단위 : 원):1=-71.77; consolidated:기본주당이익(손실) (단위 : 원):2=-93.53; consolidated:희석주당이익(손실) (단위 : 원):0=-111.78; consolidated:희석주당이익(손실) (단위 : 원):1=-71.77; consolidated:희석주당이익(손실) (단위 : 원):2=-93.53; separate:기본주당이익(손실) (단위 : 원):0=-109.89; separate:기본주당이익(손실) (단위 : 원):1=-81.99; separate:기본주당이익(손실) (단위 : 원):2=-105.43; separate:희석주당이익(손실) (단위 : 원):0=-109.89; separate:희석주당이익(손실) (단위 : 원):1=-81.99; separate:희석주당이익(손실) (단위 : 원):2=-105.43
20190329003836	00620558	2018	FY	consolidated:기본주당이익(손실) (단위 : 원):0=-139.01; consolidated:기본주당이익(손실) (단위 : 원):1=-157.68; consolidated:희석주당이익(손실) (단위 : 원):0=-139.01; consolidated:희석주당이익(손실) (단위 : 원):1=-157.68; separate:기본주당이익(손실) (단위 : 원):0=-144.55; separate:기본주당이익(손실) (단위 : 원):1=-183.2; separate:희석주당이익(손실) (단위 : 원):0=-144.55; separate:희석주당이익(손실) (단위 : 원):1=-183.2
20190329004058	00231044	2018	FY	consolidated:기본주당이익(손실) (단위 : 원):0=-96.27; consolidated:기본주당이익(손실) (단위 : 원):1=40.62; consolidated:기본주당이익(손실) (단위 : 원):2=64.88; consolidated:희석주당이익(손실) (단위 : 원):0=-96.27; consolidated:희석주당이익(손실) (단위 : 원):1=40.62; consolidated:희석주당이익(손실) (단위 : 원):2=64.88; separate:기본주당이익(손실) (단위 : 원):0=-95.85; separate:기본주당이익(손실) (단위 : 원):1=40.25; separate:기본주당이익(손실) (단위 : 원):2=-0.17; separate:희석주당이익(손실) (단위 : 원):0=-95.85; separate:희석주당이익(손실) (단위 : 원):1=40.25; separate:희석주당이익(손실) (단위 : 원):2=-0.17
20190401001315	00145473	2018	FY	separate:(1)기본주당이익(손실) (단위 : :0=84.9; separate:(1)기본주당이익(손실) (단위 : :1=137.5; separate:(1)기본주당이익(손실) (단위 : :2=191.8; separate:(2)희석주당이익(손실) (단위 : :0=84.9; separate:(2)희석주당이익(손실) (단위 : :1=132.2; separate:(2)희석주당이익(손실) (단위 : :2=183.8
20190401002225	01174038	2018	FY	separate:기본주당이익(주석16):0=17.2; separate:기본주당이익(주석16):1=10.8; separate:기본주당이익(주석16):2=-3.5
20190401002744	00557933	2018	FY	consolidated:기본주당이익(손실) (단위 : 원):0=449.6; consolidated:기본주당이익(손실) (단위 : 원):1=763.1; consolidated:기본주당이익(손실) (단위 : 원):2=667.4; consolidated:희석주당이익(손실) (단위 : 원):0=449.1; consolidated:희석주당이익(손실) (단위 : 원):1=762.2; consolidated:희석주당이익(손실) (단위 : 원):2=666.6; separate:기본주당이익(손실) (단위 : 원):0=451.8; separate:기본주당이익(손실) (단위 : 원):1=774.6; separate:기본주당이익(손실) (단위 : 원):2=652.3; separate:희석주당이익(손실) (단위 : 원):0=451.3; separate:희석주당이익(손실) (단위 : 원):1=773.7; separate:희석주당이익(손실) (단위 : 원):2=651.5
20190401003076	00163761	2018	FY	separate:기본주당이익(손실) (단위 : 원):0=164.3; separate:기본주당이익(손실) (단위 : 원):1=198.1; separate:기본주당이익(손실) (단위 : 원):2=270.5
20190401003424	00157636	2018	FY	consolidated:계속영업기본주당이익(손실) (단위 ::0=645.83; consolidated:계속영업기본주당이익(손실) (단위 ::1=911.62; consolidated:계속영업기본주당이익(손실) (단위 ::2=305.1; consolidated:계속영업희석주당이익(손실) (단위 ::0=632.9; consolidated:계속영업희석주당이익(손실) (단위 ::1=750.92; consolidated:계속영업희석주당이익(손실) (단위 ::2=303.67
20190401003486	00149804	2018	FY	consolidated:기본주당이익(손실) (단위 : 원):2=-6.5; consolidated:희석주당이익(손실) (단위 : 원):2=-6.5; separate:기본주당이익(손실) (단위 : 원):0=-283.1; separate:기본주당이익(손실) (단위 : 원):1=40.4; separate:희석주당이익(손실) (단위 : 원):0=-283.1; separate:희석주당이익(손실) (단위 : 원):1=40.4
20190401003783	00767460	2018	FY	separate:기본주당이익 (단위 : 원):0=1191.3; separate:기본주당이익 (단위 : 원):1=1116.3; separate:기본주당이익 (단위 : 원):2=714.3
20190401003940	00136165	2018	FY	consolidated:(1)기본주당이익(손실) (단위 : :0=-389.67; consolidated:(1)기본주당이익(손실) (단위 : :1=-31.19; consolidated:(2)희석주당이익(손실) (단위 : :1=-30.82
20190401004897	00136457	2018	FY	consolidated:기본주당이익 (단위 : 원):0=20.8; consolidated:기본주당이익 (단위 : 원):1=86.3; consolidated:기본주당이익 (단위 : 원):2=161.6; consolidated:희석주당이익 (단위 : 원):0=20.8; consolidated:희석주당이익 (단위 : 원):1=86.3; consolidated:희석주당이익 (단위 : 원):2=161.6; separate:기본주당이익 (단위 : 원):1=80.3; separate:기본주당이익 (단위 : 원):2=158.5; separate:희석주당이익 (단위 : 원):1=80.3; separate:희석주당이익 (단위 : 원):2=158.5
20190401004980	01032486	2018	FY	consolidated:계속영업 기본주당순이익:0=2.40; consolidated:계속영업 기본주당순이익:1=2.26; consolidated:계속영업 기본주당순이익:2=1.85; consolidated:중단영업 기본주당순이익:1=0.15; consolidated:중단영업 기본주당순이익:2=-0.05; consolidated:계속영업희석주당순손익:0=2.40; consolidated:계속영업희석주당순손익:1=2.26; consolidated:계속영업희석주당순손익:2=1.58; consolidated:중단영업희석주당순손익:1=0.15; consolidated:중단영업희석주당순손익:2=-0.05
20190409001913	00149804	2018	FY	consolidated:기본주당이익(손실) (단위 : 원):2=-6.5; consolidated:희석주당이익(손실) (단위 : 원):2=-6.5; separate:기본주당이익(손실) (단위 : 원):0=-291.2; separate:기본주당이익(손실) (단위 : 원):1=40.4; separate:희석주당이익(손실) (단위 : 원):0=-291.2; separate:희석주당이익(손실) (단위 : 원):1=40.4
20190412002141	00145473	2018	FY	separate:(1)기본주당이익(손실) (단위 : :0=84.9; separate:(1)기본주당이익(손실) (단위 : :1=137.5; separate:(1)기본주당이익(손실) (단위 : :2=191.8; separate:(2)희석주당이익(손실) (단위 : :0=84.9; separate:(2)희석주당이익(손실) (단위 : :1=132.2; separate:(2)희석주당이익(손실) (단위 : :2=183.8
20190514000313	01128622	2019	Q1	separate:기본주당이익(손실):0=-3.3; separate:기본주당이익(손실):1=4.1; separate:희석주당이익(손실):0=-3.3; separate:희석주당이익(손실):1=4.1
20190514000588	01326792	2019	Q1	separate:기본주당손익:0=4.9; separate:희석주당손익:0=4.9
20190514000777	00163761	2019	Q1	separate:기본주당이익(손실) (단위 : 원):0=34.1; separate:기본주당이익(손실) (단위 : 원):1=49.3
20190514000901	00136165	2019	Q1	separate:(2)희석주당이익(손실) (단위 : :0=-30.7; separate:(2)희석주당이익(손실) (단위 : :1=-9.7
20190515000304	00130879	2019	Q1	separate:기본주당이익(손실) (단위 : 원):0=1.8; separate:기본주당이익(손실) (단위 : 원):1=1.8; separate:희석주당이익(손실) (단위 : 원):0=1.8; separate:희석주당이익(손실) (단위 : 원):1=1.8
20190515000336	00362292	2019	Q1	consolidated:기본주당이익(손실) (단위 : 원):0=-76.93; consolidated:기본주당이익(손실) (단위 : 원):1=0.71; consolidated:희석주당이익(손실) (단위 : 원):0=-76.93; consolidated:희석주당이익(손실) (단위 : 원):1=0.71
20190515000382	00370200	2019	Q1	separate:기본주당이익 (단위 : 원):0=14.3; separate:기본주당이익 (단위 : 원):1=15.7; separate:희석주당이익 (단위 : 원):0=14.3; separate:희석주당이익 (단위 : 원):1=15.7
20190515000697	01174038	2019	Q1	separate:기본 및 희석주당순손실:0=2.6; separate:기본 및 희석주당순손실:1=3.9
20190515000729	00136457	2019	Q1	consolidated:기본주당이익 (단위 : 원):1=13.9; consolidated:희석주당이익 (단위 : 원):1=13.9; separate:기본주당이익 (단위 : 원):0=0.3; separate:기본주당이익 (단위 : 원):1=13.9; separate:희석주당이익 (단위 : 원):0=0.3; separate:희석주당이익 (단위 : 원):1=13.9
20190515000783	01255652	2019	Q1	separate:기본 및 희석 주당손익:0=3.66; separate:기본 및 희석 주당손익:1=2.71
20190515000911	00101752	2019	Q1	consolidated:기본주당이익(손실) (단위 : 원):0=3.79; consolidated:희석주당이익(손실) (단위 : 원):0=3.79
20190515001133	01095704	2019	Q1	separate:기본주당이익(손실) (단위 : 원):0=6.3; separate:희석주당이익(손실) (단위 : 원):0=6.3
20190515001345	00620558	2019	Q1	consolidated:기본주당이익(손실) (단위 : 원):0=-10.43; consolidated:기본주당이익(손실) (단위 : 원):1=4.56; consolidated:희석주당이익(손실) (단위 : 원):0=-10.43; consolidated:희석주당이익(손실) (단위 : 원):1=4.56; separate:기본주당이익(손실) (단위 : 원):0=-13.91; separate:기본주당이익(손실) (단위 : 원):1=-7.82; separate:희석주당이익(손실) (단위 : 원):0=-13.91; separate:희석주당이익(손실) (단위 : 원):1=-7.82
20190515001407	00557933	2019	Q1	consolidated:기본주당이익(손실) (단위 : 원):0=-111.8; consolidated:희석주당이익(손실) (단위 : 원):0=-111.8; consolidated:희석주당이익(손실) (단위 : 원):1=376.5; separate:기본주당이익(손실) (단위 : 원):0=-112.4; separate:기본주당이익(손실) (단위 : 원):1=377.2; separate:희석주당이익(손실) (단위 : 원):0=-112.4; separate:희석주당이익(손실) (단위 : 원):1=376.8
20190515001414	00138516	2019	Q1	consolidated:계속영업기본주당이익(손실) (단위 ::1=-0.01; consolidated:계속영업희석주당이익(손실) (단위 ::1=-0.01; separate:계속영업기본주당이익(손실) (단위 ::0=0.01; separate:계속영업희석주당이익(손실) (단위 ::0=0.01
20190515001540	00149804	2019	Q1	consolidated:기본주당이익(손실) (단위 : 원):0=8.3; consolidated:기본주당이익(손실) (단위 : 원):1=-97.2; consolidated:희석주당이익(손실) (단위 : 원):0=-0.1; consolidated:희석주당이익(손실) (단위 : 원):1=-5.8; separate:기본주당이익(손실) (단위 : 원):0=99.3; separate:기본주당이익(손실) (단위 : 원):1=46.4; separate:희석주당이익(손실) (단위 : 원):0=99.3; separate:희석주당이익(손실) (단위 : 원):1=46.4
20190515001619	00145473	2019	Q1	separate:(1)기본주당이익(손실) (단위 : :0=38.5; separate:(1)기본주당이익(손실) (단위 : :1=52.2; separate:(2)희석주당이익(손실) (단위 : :0=38.5; separate:(2)희석주당이익(손실) (단위 : :1=50.2
20190515001933	00767460	2019	Q1	separate:기본주당이익 (단위 : 원):0=71.5; separate:기본주당이익 (단위 : 원):1=363.03
20190515002054	00220109	2019	Q1	consolidated:기본주당이익(손실) (단위 : 원):0=-7.8; consolidated:기본주당이익(손실) (단위 : 원):1=-8.11; consolidated:희석주당이익(손실) (단위 : 원):0=-7.8; consolidated:희석주당이익(손실) (단위 : 원):1=-8.11; separate:기본주당이익(손실) (단위 : 원):0=-10.36; separate:기본주당이익(손실) (단위 : 원):1=-8.38; separate:희석주당이익(손실) (단위 : 원):0=-10.36; separate:희석주당이익(손실) (단위 : 원):1=-8.38
20190515002301	00298377	2019	Q1	consolidated:기본주당이익(손실) (단위 : 원):0=363.5; consolidated:기본주당이익(손실) (단위 : 원):1=918.5; consolidated:희석주당이익(손실) (단위 : 원):0=303.6; consolidated:희석주당이익(손실) (단위 : 원):1=814.6; separate:기본주당이익(손실) (단위 : 원):0=312.3; separate:기본주당이익(손실) (단위 : 원):1=909.4; separate:희석주당이익(손실) (단위 : 원):0=266.2; separate:희석주당이익(손실) (단위 : 원):1=806.7
20190515002546	00157636	2019	Q1	consolidated:기본주당이익(손실) (단위 : 원):0=208.59; consolidated:기본주당이익(손실) (단위 : 원):1=245.55; consolidated:계속영업기본주당이익(손실) (단위 ::0=208.59; consolidated:계속영업기본주당이익(손실) (단위 ::1=245.55; consolidated:희석주당이익(손실) (단위 : 원):0=201.72; consolidated:희석주당이익(손실) (단위 : 원):1=203.25; consolidated:계속영업희석주당이익(손실) (단위 ::0=201.72; consolidated:계속영업희석주당이익(손실) (단위 ::1=203.25
20190603000157	01325429	2018	FY	separate:기본 및 희석 주당손익:0=0.01
20190708000371	00620558	2018	FY	consolidated:기본주당이익(손실) (단위 : 원):0=-139.01; consolidated:기본주당이익(손실) (단위 : 원):1=-157.68; consolidated:희석주당이익(손실) (단위 : 원):0=-139.01; consolidated:희석주당이익(손실) (단위 : 원):1=-157.68; separate:기본주당이익(손실) (단위 : 원):0=-144.55; separate:기본주당이익(손실) (단위 : 원):1=-183.2; separate:희석주당이익(손실) (단위 : 원):0=-144.55; separate:희석주당이익(손실) (단위 : 원):1=-183.2
20190710000662	00620558	2018	FY	consolidated:기본주당이익(손실) (단위 : 원):0=-139.01; consolidated:기본주당이익(손실) (단위 : 원):1=-157.68; consolidated:희석주당이익(손실) (단위 : 원):0=-139.01; consolidated:희석주당이익(손실) (단위 : 원):1=-157.68; separate:기본주당이익(손실) (단위 : 원):0=-144.55; separate:기본주당이익(손실) (단위 : 원):1=-183.2; separate:희석주당이익(손실) (단위 : 원):0=-144.55; separate:희석주당이익(손실) (단위 : 원):1=-183.2
20190809000161	00136165	2019	H1	consolidated:(1)기본주당이익(손실) (단위 : :0=474.43; consolidated:(1)기본주당이익(손실) (단위 : :1=-165.44; consolidated:1.계속영업기본주당이익(손실) (단위:0=234.44; consolidated:1.계속영업기본주당이익(손실) (단위:1=-134.95; consolidated:2.중단영업기본주당이익(손실) (단위:0=239.99; consolidated:2.중단영업기본주당이익(손실) (단위:1=-30.49; separate:(2)희석주당이익(손실) (단위 : :0=132.31; separate:(2)희석주당이익(손실) (단위 : :1=-17.35
20190812000266	01326279	2019	H1	separate:기본 및 희석 주당손익:0=-283.79
20190812000278	01366000	2019	H1	separate:기본 및 희석 주당손익:0=-132.72
20190812000411	00138516	2019	H1	consolidated:계속영업기본주당이익(손실) (단위 ::1=-0.01; consolidated:계속영업희석주당이익(손실) (단위 ::1=-0.01; separate:계속영업기본주당이익(손실) (단위 ::0=0.02; separate:계속영업기본주당이익(손실) (단위 ::1=-0.07; separate:계속영업희석주당이익(손실) (단위 ::0=0.02; separate:계속영업희석주당이익(손실) (단위 ::1=-0.07
20190813000056	01255652	2019	H1	separate:기본 및 희석 주당손익:0=8.60; separate:기본 및 희석 주당손익:1=6.87
20190813000174	01364297	2019	H1	separate:기본 및 희석 주당손익:0=-8.16
20190813000275	01326224	2019	H1	separate:1. 기본 및 희석주당이익:0=2.81
20190813000384	01326792	2019	H1	separate:기본주당이익:0=10.55; separate:희석주당이익:0=10.48
20190814000044	01174038	2019	H1	separate:기본및희석주당이익(주석15):0=3.9; separate:기본및희석주당이익(주석15):1=5.9
20190814000674	00136457	2019	H1	consolidated:기본주당이익(손실) (단위 : 원):0=-7.2; consolidated:기본주당이익(손실) (단위 : 원):1=29.3; consolidated:희석주당이익(손실) (단위 : 원):0=-7.2; consolidated:희석주당이익(손실) (단위 : 원):1=29.3; separate:기본주당이익(손실) (단위 : 원):0=-4.7; separate:기본주당이익(손실) (단위 : 원):1=31.7; separate:희석주당이익(손실) (단위 : 원):0=-4.7; separate:희석주당이익(손실) (단위 : 원):1=31.7
20190814000772	00113997	2019	H1	separate:계속영업주당손익 (단위 : 원):0=506.35; separate:계속영업주당손익 (단위 : 원):1=456.05
20190814000832	00946030	2019	H1	consolidated:기본주당이익(손실) (단위 : 원):0=70.1; consolidated:기본주당이익(손실) (단위 : 원):1=183.5; consolidated:희석주당이익(손실) (단위 : 원):0=69.4; consolidated:희석주당이익(손실) (단위 : 원):1=183.5; separate:기본주당이익(손실) (단위 : 원):0=54.3; separate:희석주당이익(손실) (단위 : 원):0=53.8
20190814000999	00143314	2019	H1	separate:기본주당이익(손실) (단위 : 원):0=-82.87; separate:기본주당이익(손실) (단위 : 원):1=-21.79; separate:희석주당이익(손실) (단위 : 원):0=-82.87; separate:희석주당이익(손실) (단위 : 원):1=-21.79
20190814001106	00145473	2019	H1	separate:(1)기본주당이익(손실) (단위 : :0=68.1; separate:(1)기본주당이익(손실) (단위 : :1=99.8; separate:(2)희석주당이익(손실) (단위 : :0=68.1; separate:(2)희석주당이익(손실) (단위 : :1=96.1
20190814001275	00557933	2019	H1	consolidated:기본주당이익(손실) (단위 : 원):0=-274.9; consolidated:기본주당이익(손실) (단위 : 원):1=301.3; consolidated:희석주당이익(손실) (단위 : 원):0=-274.9; separate:기본주당이익(손실) (단위 : 원):1=301.5; separate:희석주당이익(손실) (단위 : 원):1=301.2
20190814001479	00136402	2019	H1	separate:기본주당이익(손실) (단위 : 원):0=-132.6; separate:기본주당이익(손실) (단위 : 원):1=-621.9
20190814001522	00620558	2019	H1	consolidated:기본주당이익(손실) (단위 : 원):0=-111.22; consolidated:기본주당이익(손실) (단위 : 원):1=-28.94; consolidated:희석주당이익(손실) (단위 : 원):0=-111.22; consolidated:희석주당이익(손실) (단위 : 원):1=-28.94; separate:기본주당이익(손실) (단위 : 원):0=-109.82; separate:기본주당이익(손실) (단위 : 원):1=-40.25; separate:희석주당이익(손실) (단위 : 원):0=-109.82; separate:희석주당이익(손실) (단위 : 원):1=-40.25
20190814001527	00149804	2019	H1	consolidated:기본주당이익(손실) (단위 : 원):0=-2.3; consolidated:기본주당이익(손실) (단위 : 원):1=-115.7; consolidated:희석주당이익(손실) (단위 : 원):0=-0.3; separate:기본주당이익(손실) (단위 : 원):0=105.4; separate:기본주당이익(손실) (단위 : 원):1=24.9; separate:희석주당이익(손실) (단위 : 원):0=105.4; separate:희석주당이익(손실) (단위 : 원):1=24.9
20190814001644	00130879	2019	H1	separate:기본주당이익(손실) (단위 : 원):0=-0.1; separate:기본주당이익(손실) (단위 : 원):1=1.9; separate:희석주당이익(손실) (단위 : 원):0=-0.1; separate:희석주당이익(손실) (단위 : 원):1=1.9
20190814001803	00157636	2019	H1	consolidated:기본주당이익(손실) (단위 : 원):0=397.77; consolidated:계속영업기본주당이익(손실) (단위 ::0=397.77; consolidated:희석주당이익(손실) (단위 : 원):0=397.77; consolidated:계속영업희석주당이익(손실) (단위 ::0=397.77
20190814001955	00203209	2019	H1	separate:기본주당이익(손실) (단위 : 원):0=5.8; separate:기본주당이익(손실) (단위 : 원):1=21.5
20190814002213	00231044	2019	H1	consolidated:기본주당이익(손실) (단위 : 원):0=-52.71; consolidated:기본주당이익(손실) (단위 : 원):1=-10.49; separate:기본주당이익(손실) (단위 : 원):0=-53.13; separate:기본주당이익(손실) (단위 : 원):1=-11.53
20190814002303	00220109	2019	H1	consolidated:기본주당이익(손실) (단위 : 원):0=-30.19; consolidated:희석주당이익(손실) (단위 : 원):0=-30.19; separate:기본주당이익(손실) (단위 : 원):0=-31.09; separate:기본주당이익(손실) (단위 : 원):1=-17.66; separate:희석주당이익(손실) (단위 : 원):0=-31.09; separate:희석주당이익(손실) (단위 : 원):1=-17.66
20190814002676	01032486	2019	H1	consolidated:기본주당순이익:0=1.43; consolidated:기본주당순이익:1=1.29
20190814002789	00116426	2019	H1	separate:(1)기본주당이익(손실) (단위 : :0=-99.6; separate:1.계속영업기본주당이익(손실) (단위:0=-99.6
20191025000117	01174038	2019	Q3	separate:기본 및 희석주당순손실:0=5.7; separate:기본 및 희석주당순손실:1=10.3
20191112000034	00298377	2019	Q3	consolidated:기본주당이익(손실) (단위 : 원):0=334.9; consolidated:기본주당이익(손실) (단위 : 원):1=1008.3; consolidated:희석주당이익(손실) (단위 : 원):1=919.4
20191113000014	01255652	2019	Q3	separate:기본 및 희석 주당손익:0=13.08
20191113000023	01364297	2019	Q3	separate:기본 및 희석 주당손익:0=0.45
20191113000067	01366000	2019	Q3	separate:기본 및 희석 주당손익:0=-41.95
20191113000082	01326279	2019	Q3	separate:기본 및 희석 주당손익:0=-9.71
20191113000151	00136165	2019	Q3	consolidated:기본주당이익(손실) (단위 : 원):0=609.47; consolidated:기본주당이익(손실) (단위 : 원):1=-289.8; consolidated:계속영업기본주당이익(손실) (단위 ::0=364.43; consolidated:계속영업기본주당이익(손실) (단위 ::1=-236.57; consolidated:중단영업기본주당이익(손실) (단위 ::0=245.04; consolidated:중단영업기본주당이익(손실) (단위 ::1=-53.23; separate:기본주당이익(손실) (단위 : 원):0=170.66; separate:기본주당이익(손실) (단위 : 원):1=-42.67
20191114000134	00149804	2019	Q3	consolidated:기본주당이익(손실) (단위 : 원):0=-25.4; consolidated:기본주당이익(손실) (단위 : 원):1=-93.9; consolidated:희석주당이익(손실) (단위 : 원):0=-0.4; separate:기본주당이익(손실) (단위 : 원):0=81.3; separate:기본주당이익(손실) (단위 : 원):1=24.9; separate:희석주당이익(손실) (단위 : 원):0=81.3; separate:희석주당이익(손실) (단위 : 원):1=24.9
20191114000279	01326792	2019	Q3	separate:기본주당손익:0=16.3; separate:희석주당손익:0=16.3
20191114000361	00136402	2019	Q3	separate:기본주당이익(손실) (단위 : 원):0=-140.4; separate:기본주당이익(손실) (단위 : 원):1=-612.4
20191114000375	00767460	2019	Q3	separate:기본주당이익(손실) (단위 : 원):0=504.3; separate:기본주당이익(손실) (단위 : 원):1=1098.8
20191114000713	00136457	2019	Q3	consolidated:기본주당이익(손실) (단위 : 원):0=-5.5; consolidated:희석주당이익(손실) (단위 : 원):0=-5.5; separate:기본주당이익(손실) (단위 : 원):0=-1.9; separate:기본주당이익(손실) (단위 : 원):1=32.8; separate:희석주당이익(손실) (단위 : 원):0=-1.9; separate:희석주당이익(손실) (단위 : 원):1=32.8
20191114000728	00946030	2019	Q3	consolidated:기본주당이익(손실) (단위 : 원):0=171.4; consolidated:기본주당이익(손실) (단위 : 원):1=160.9; consolidated:희석주당이익(손실) (단위 : 원):0=169.8; consolidated:희석주당이익(손실) (단위 : 원):1=160.9; separate:기본주당이익(손실) (단위 : 원):0=171.9; separate:기본주당이익(손실) (단위 : 원):1=196.7; separate:희석주당이익(손실) (단위 : 원):0=170.2; separate:희석주당이익(손실) (단위 : 원):1=196.7
20191114000990	01353024	2019	Q3	separate:기본주당이익:0=0.03; separate:희석주당이익:0=0.03
20191114001082	00442826	2019	Q3	consolidated:기본주당이익(손실) (단위 : 원):0=424.22; consolidated:기본주당이익(손실) (단위 : 원):1=452.75; consolidated:희석주당이익(손실) (단위 : 원):0=424.22; consolidated:희석주당이익(손실) (단위 : 원):1=452.75
20191114001353	00157636	2019	Q3	consolidated:기본주당이익(손실) (단위 : 원):0=524.58; consolidated:기본주당이익(손실) (단위 : 원):1=312.78; consolidated:계속영업기본주당이익(손실) (단위 ::0=524.58; consolidated:계속영업기본주당이익(손실) (단위 ::1=312.78; consolidated:희석주당이익(손실) (단위 : 원):0=523.47; consolidated:희석주당이익(손실) (단위 : 원):1=296.25; consolidated:계속영업희석주당이익(손실) (단위 ::0=523.47; consolidated:계속영업희석주당이익(손실) (단위 ::1=296.25
20191114001552	00138516	2019	Q3	consolidated:계속영업기본주당이익(손실) (단위 ::0=0.01; consolidated:계속영업기본주당이익(손실) (단위 ::1=-0.14; consolidated:계속영업희석주당이익(손실) (단위 ::0=0.01; consolidated:계속영업희석주당이익(손실) (단위 ::1=-0.14; separate:계속영업기본주당이익(손실) (단위 ::0=0.03; separate:계속영업기본주당이익(손실) (단위 ::1=0.02; separate:계속영업희석주당이익(손실) (단위 ::0=0.03; separate:계속영업희석주당이익(손실) (단위 ::1=0.02
20191114001656	01032486	2019	Q3	consolidated:기본주당순이익:0=1.98; consolidated:기본주당순이익:1=1.96
20191114001762	00557933	2019	Q3	consolidated:기본주당이익(손실) (단위 : 원):0=-256.8; consolidated:기본주당이익(손실) (단위 : 원):1=416.8; consolidated:희석주당이익(손실) (단위 : 원):0=-256.8; consolidated:희석주당이익(손실) (단위 : 원):1=416.3; separate:기본주당이익(손실) (단위 : 원):1=417.7; separate:희석주당이익(손실) (단위 : 원):1=417.3
20191114002065	00220109	2019	Q3	consolidated:기본주당이익(손실) (단위 : 원):0=-36.51; consolidated:기본주당이익(손실) (단위 : 원):1=-33.58; consolidated:희석주당이익(손실) (단위 : 원):0=-36.51; consolidated:희석주당이익(손실) (단위 : 원):1=-33.58; separate:기본주당이익(손실) (단위 : 원):0=-33.1; separate:기본주당이익(손실) (단위 : 원):1=-32.03; separate:희석주당이익(손실) (단위 : 원):0=-33.1; separate:희석주당이익(손실) (단위 : 원):1=-32.03
20191114002569	00620558	2019	Q3	consolidated:계속영업기본주당이익(손실) (단위 ::0=-170.61; consolidated:계속영업기본주당이익(손실) (단위 ::1=-25.28; consolidated:중단영업기본주당이익(손실) (단위 ::0=-170.61; consolidated:중단영업기본주당이익(손실) (단위 ::1=-25.28; consolidated:계속영업희석주당이익(손실) (단위 ::0=5.24; consolidated:계속영업희석주당이익(손실) (단위 ::1=-1.16; consolidated:중단영업희석주당이익(손실) (단위 ::0=4.51; consolidated:중단영업희석주당이익(손실) (단위 ::1=-1.16; separate:기본주당이익(손실) (단위 : 원):0=-163.23; separate:기본주당이익(손실) (단위 : 원):1=-51.2; separate:희석주당이익(손실) (단위 : 원):0=-163.23; separate:희석주당이익(손실) (단위 : 원):1=-51.2
20200326000781	01416572	2019	FY	separate:기본 및 희석 주당손익:0=-8.96
20200327000773	01326792	2019	FY	separate:기본주당이익(손실):0=19.72; separate:기본주당이익(손실):1=-1.90; separate:희석주당이익(손실):0=19.72; separate:희석주당이익(손실):1=-1.90
20200327000858	00136165	2019	FY	consolidated:기본주당이익(손실) (단위 : 원):0=392.12; consolidated:기본주당이익(손실) (단위 : 원):1=-283.95; consolidated:기본주당이익(손실) (단위 : 원):2=-31.19; consolidated:희석주당이익(손실) (단위 : 원):0=239.52; consolidated:희석주당이익(손실) (단위 : 원):1=-105.72; consolidated:희석주당이익(손실) (단위 : 원):2=-30.82
20200327001053	01364297	2019	FY	separate:기본 및 희석 주당손익:0=5.92
20200327001117	00301112	2019	FY	consolidated:기본주당이익(손실) (단위 : 원):0=18.09; consolidated:기본주당이익(손실) (단위 : 원):1=-76.46; consolidated:기본주당이익(손실) (단위 : 원):2=18.72; consolidated:희석주당이익(손실) (단위 : 원):0=18.09; consolidated:희석주당이익(손실) (단위 : 원):1=-76.46; consolidated:희석주당이익(손실) (단위 : 원):2=18.72; separate:기본주당이익(손실) (단위 : 원):0=36.99; separate:기본주당이익(손실) (단위 : 원):1=-122.37; separate:기본주당이익(손실) (단위 : 원):2=23.76; separate:희석주당이익(손실) (단위 : 원):0=36.99; separate:희석주당이익(손실) (단위 : 원):1=-122.37; separate:희석주당이익(손실) (단위 : 원):2=23.76
20200327001418	01366000	2019	FY	separate:기본 및 희석 주당손익:0=-22.61
20200327001942	00231044	2019	FY	consolidated:기본주당이익(손실) (단위 : 원):0=-119.73; consolidated:기본주당이익(손실) (단위 : 원):1=-96.27; consolidated:기본주당이익(손실) (단위 : 원):2=40.62; consolidated:희석주당이익(손실) (단위 : 원):0=-119.73; consolidated:희석주당이익(손실) (단위 : 원):1=-96.27; consolidated:희석주당이익(손실) (단위 : 원):2=40.62; separate:기본주당이익(손실) (단위 : 원):0=-126.28; separate:기본주당이익(손실) (단위 : 원):1=-95.85; separate:기본주당이익(손실) (단위 : 원):2=40.25; separate:희석주당이익(손실) (단위 : 원):0=-126.28; separate:희석주당이익(손실) (단위 : 원):1=-95.85; separate:희석주당이익(손실) (단위 : 원):2=40.25
20200330001047	01396676	2019	FY	separate:보통주 기본주당계속영업손실:0=-7.50
20200330001462	00557933	2019	FY	consolidated:기본주당이익(손실) (단위 : 원):0=-219.5; consolidated:기본주당이익(손실) (단위 : 원):1=449.6; consolidated:기본주당이익(손실) (단위 : 원):2=763.1; consolidated:희석주당이익(손실) (단위 : 원):0=-219.5; consolidated:희석주당이익(손실) (단위 : 원):1=449.1; consolidated:희석주당이익(손실) (단위 : 원):2=762.2; separate:기본주당이익(손실) (단위 : 원):0=-219.3; separate:기본주당이익(손실) (단위 : 원):1=451.8; separate:기본주당이익(손실) (단위 : 원):2=774.6; separate:희석주당이익(손실) (단위 : 원):0=-219.3; separate:희석주당이익(손실) (단위 : 원):1=451.3; separate:희석주당이익(손실) (단위 : 원):2=773.7
20200330001508	00145473	2019	FY	separate:(1)기본주당이익(손실) (단위 : :0=100.4; separate:(1)기본주당이익(손실) (단위 : :1=84.9; separate:(1)기본주당이익(손실) (단위 : :2=137.5; separate:(2)희석주당이익(손실) (단위 : :0=100.4; separate:(2)희석주당이익(손실) (단위 : :1=84.9; separate:(2)희석주당이익(손실) (단위 : :2=132.2
20200330001935	00191287	2019	FY	separate:기본주당이익(손실) (단위 : 원):0=0.3
20200330001997	00308896	2019	FY	consolidated:기본주당이익(손실) (단위 : 원):0=0.2; consolidated:희석주당이익(손실) (단위 : 원):0=0.2; separate:기본주당이익(손실) (단위 : 원):0=0.2; separate:희석주당이익(손실) (단위 : 원):0=0.2
20200330002064	00130879	2019	FY	separate:기본주당이익(손실) (단위 : 원):0=-5.9; separate:기본주당이익(손실) (단위 : 원):1=1.8; separate:기본주당이익(손실) (단위 : 원):2=0.6; separate:희석주당이익(손실) (단위 : 원):0=-5.9; separate:희석주당이익(손실) (단위 : 원):1=0.6; separate:희석주당이익(손실) (단위 : 원):2=0.6
20200330002325	01255652	2019	FY	separate:기본 및 희석 주당손익 (단위 : 원:0=10.09; separate:기본 및 희석 주당손익 (단위 : 원:1=17.72; separate:기본 및 희석 주당손익 (단위 : 원:2=-7.7
20200330002434	00149804	2019	FY	consolidated:기본주당이익(손실) (단위 : 원):0=95.1; consolidated:희석주당이익(손실) (단위 : 원):0=71.9; separate:기본주당이익(손실) (단위 : 원):0=111.3; separate:기본주당이익(손실) (단위 : 원):1=-291.2; separate:기본주당이익(손실) (단위 : 원):2=40.4; separate:희석주당이익(손실) (단위 : 원):1=-291.2; separate:희석주당이익(손실) (단위 : 원):2=40.4
20200330003034	00136457	2019	FY	consolidated:기본주당이익(손실) (단위 : 원):0=-25.8; consolidated:기본주당이익(손실) (단위 : 원):1=20.8; consolidated:기본주당이익(손실) (단위 : 원):2=86.3; consolidated:희석주당이익(손실) (단위 : 원):0=-25.8; consolidated:희석주당이익(손실) (단위 : 원):1=20.8; consolidated:희석주당이익(손실) (단위 : 원):2=86.3; separate:기본주당이익(손실) (단위 : 원):0=-28.5; separate:기본주당이익(손실) (단위 : 원):2=80.3; separate:희석주당이익(손실) (단위 : 원):0=-28.5; separate:희석주당이익(손실) (단위 : 원):2=80.3
20200330003085	00138516	2019	FY	consolidated:계속영업기본주당이익(손실) (단위 ::0=0.01; consolidated:계속영업기본주당이익(손실) (단위 ::1=-0.16; consolidated:계속영업기본주당이익(손실) (단위 ::2=-0.02; consolidated:계속영업희석주당이익(손실) (단위 ::0=0.01; consolidated:계속영업희석주당이익(손실) (단위 ::1=-0.16; consolidated:계속영업희석주당이익(손실) (단위 ::2=-0.02; separate:계속영업기본주당이익(손실) (단위 ::0=0.02; separate:계속영업기본주당이익(손실) (단위 ::1=-0.16; separate:계속영업기본주당이익(손실) (단위 ::2=-0.02; separate:계속영업희석주당이익(손실) (단위 ::0=0.02; separate:계속영업희석주당이익(손실) (단위 ::1=-0.16; separate:계속영업희석주당이익(손실) (단위 ::2=-0.02
20200330003636	00985686	2019	FY	consolidated:희석주당이익(손실) (단위 : 원):0=37.1; consolidated:기본주당순이익 (단위 : 원):0=36.9; separate:기본주당순이익 (단위 : 원):0=38.5; separate:희석주당이익(손실) (단위 : 원):0=38.4
20200330003713	01032486	2019	FY	consolidated:계속영업기본주당이익(손실):0=2.33; consolidated:계속영업기본주당이익(손실):1=2.40; consolidated:계속영업기본주당이익(손실):2=2.26; consolidated:중단영업기본주당이익(손실):2=0.15
20200330003976	00220109	2019	FY	consolidated:기본주당이익(손실) (단위 : 원):0=-116.03; consolidated:기본주당이익(손실) (단위 : 원):1=-111.78; consolidated:기본주당이익(손실) (단위 : 원):2=-71.77; consolidated:희석주당이익(손실) (단위 : 원):0=-116.03; consolidated:희석주당이익(손실) (단위 : 원):1=-111.78; consolidated:희석주당이익(손실) (단위 : 원):2=-71.77; separate:기본주당이익(손실) (단위 : 원):0=-119.67; separate:기본주당이익(손실) (단위 : 원):1=-109.89; separate:기본주당이익(손실) (단위 : 원):2=-81.99; separate:희석주당이익(손실) (단위 : 원):0=-119.67; separate:희석주당이익(손실) (단위 : 원):1=-109.89; separate:희석주당이익(손실) (단위 : 원):2=-81.99
20200330004207	01327092	2019	FY	separate:(1)기본주당순손익 (단위 : 원):0=-16.9; separate:(2)희석주당순손익 (단위 : 원):0=-16.9
20200330004654	00157636	2019	FY	consolidated:기본주당이익(손실) (단위 : 원):0=480.01; consolidated:기본주당이익(손실) (단위 : 원):1=645.83; consolidated:기본주당이익(손실) (단위 : 원):2=911.62; consolidated:계속영업기본주당이익(손실) (단위 ::0=480.01; consolidated:계속영업기본주당이익(손실) (단위 ::1=645.83; consolidated:계속영업기본주당이익(손실) (단위 ::2=911.62; consolidated:희석주당이익(손실) (단위 : 원):0=480.01; consolidated:희석주당이익(손실) (단위 : 원):1=632.9; consolidated:희석주당이익(손실) (단위 : 원):2=750.92; consolidated:계속영업희석주당이익(손실) (단위 ::0=480.01; consolidated:계속영업희석주당이익(손실) (단위 ::1=632.9; consolidated:계속영업희석주당이익(손실) (단위 ::2=750.92
20200330004709	00620558	2019	FY	consolidated:계속영업기본주당순이익(손실):0=-236.27; consolidated:계속영업기본주당순이익(손실):1=-121.03; consolidated:계속영업희석주당순이익(손실):0=-236.27; consolidated:계속영업희석주당순이익(손실):1=-121.03; consolidated:중단영업기본주당순이익(손실):0=-37.14; consolidated:중단영업기본주당순이익(손실):1=-17.98; consolidated:중단영업희석주당순이익(손실):0=-37.14; consolidated:중단영업희석주당순이익(손실):1=-17.98; separate:기본주당순이익(손실):0=-242.39; separate:기본주당순이익(손실):1=-144.55; separate:희석주당순이익(손실):0=-242.39; separate:희석주당순이익(손실):1=-144.55
20200331002441	00620558	2019	FY	consolidated:기본주당순이익(손실) (단위 : 원):0=-236.27; consolidated:기본주당순이익(손실) (단위 : 원):1=-121.03; consolidated:희석주당순이익(손실) (단위 : 원):0=-236.27; consolidated:희석주당순이익(손실) (단위 : 원):1=-121.03; consolidated:중단영업기본주당순이익(손실) (단위 :0=-37.14; consolidated:중단영업기본주당순이익(손실) (단위 :1=-17.98; consolidated:중단영업희석주당순이익(손실) (단위 :0=-37.14; consolidated:중단영업희석주당순이익(손실) (단위 :1=-17.98; separate:기본주당순이익(손실) (단위 : 원):0=-242.39; separate:기본주당순이익(손실) (단위 : 원):1=-144.55; separate:희석주당순이익(손실) (단위 : 원):0=-242.39; separate:희석주당순이익(손실) (단위 : 원):1=-144.55
20200428000092	01359736	2020	Q1	separate:기본주당이익:0=0.4; separate:희석주당이익:0=0.4
20200507000561	00339072	2020	Q1	separate:기본주당이익(손실) (단위 : 원):0=-5.2
20200507000625	01327092	2020	Q1	separate:(1)기본주당순손익 (단위 : 원):0=-35.7; separate:(1)기본주당순손익 (단위 : 원):1=5.1; separate:(2)희석주당순손익 (단위 : 원):0=-35.7; separate:(2)희석주당순손익 (단위 : 원):1=3.9
20200514000036	01364297	2020	Q1	separate:기본 및 희석 주당손익:0=3.01
20200514000490	01407158	2020	Q1	separate:주당이익(손실):0=0.21
20200514000545	00220109	2020	Q1	consolidated:기본주당이익(손실) (단위 : 원):0=4.09; consolidated:기본주당이익(손실) (단위 : 원):1=-7.8; consolidated:희석주당이익(손실) (단위 : 원):0=4.09; consolidated:희석주당이익(손실) (단위 : 원):1=-7.8; separate:기본주당이익(손실) (단위 : 원):0=2.47; separate:기본주당이익(손실) (단위 : 원):1=-10.36; separate:희석주당이익(손실) (단위 : 원):0=2.47; separate:희석주당이익(손실) (단위 : 원):1=-10.36
20200514000987	01326792	2020	Q1	separate:기본주당이익(손실):0=6.6; separate:희석주당이익(손실):0=6.6
20200514000991	00101752	2020	Q1	consolidated:기본주당이익(손실) (단위 : 원):0=23.27; consolidated:기본주당이익(손실) (단위 : 원):1=3.79; consolidated:희석주당이익(손실) (단위 : 원):0=23.27; consolidated:희석주당이익(손실) (단위 : 원):1=3.79; separate:기본주당이익(손실) (단위 : 원):0=31.29; separate:희석주당이익(손실) (단위 : 원):0=31.29
20200515000078	00301112	2020	Q1	consolidated:기본주당이익(손실) (단위 : 원):0=19.19; consolidated:기본주당이익(손실) (단위 : 원):1=-7.83; consolidated:희석주당이익(손실) (단위 : 원):0=19.19; consolidated:희석주당이익(손실) (단위 : 원):1=-7.83; separate:기본주당이익(손실) (단위 : 원):0=25.08; separate:기본주당이익(손실) (단위 : 원):1=-3.21; separate:희석주당이익(손실) (단위 : 원):0=25.08; separate:희석주당이익(손실) (단위 : 원):1=-3.21
20200515000139	01390399	2020	Q1	separate:기본 및 희석주당이익:0=2.4
20200515000143	00946030	2020	Q1	consolidated:기본주당이익(손실) (단위 : 원):0=64.1; consolidated:희석주당이익(손실) (단위 : 원):0=63.9; separate:기본주당이익(손실) (단위 : 원):0=56.1
20200515000158	00136165	2020	Q1	consolidated:기본주당이익(손실) (단위 : 원):0=23.15; consolidated:계속영업기본주당이익(손실) (단위 ::0=25.69; consolidated:중단영업기본주당이익(손실) (단위 ::0=-2.54
20200515000306	00557933	2020	Q1	consolidated:기본주당이익(손실) (단위 : 원):0=11.8; consolidated:기본주당이익(손실) (단위 : 원):1=-111.8; consolidated:희석주당이익(손실) (단위 : 원):0=11.8; consolidated:희석주당이익(손실) (단위 : 원):1=-111.8; separate:기본주당이익(손실) (단위 : 원):0=11.7; separate:기본주당이익(손실) (단위 : 원):1=-112.4; separate:희석주당이익(손실) (단위 : 원):0=11.7; separate:희석주당이익(손실) (단위 : 원):1=-112.4
20200515000329	01405585	2020	Q1	separate:기본주당이익:0=-0.8; separate:희석주당이익:0=-0.8
20200515000597	01396676	2020	Q1	separate:IX.주당손실:0=1.11; separate:보통주 기본주당계속영업이익(손실):0=1.11
20200515000667	00201131	2020	Q1	separate:기본주당이익(손실) (단위 : 원):0=-9.08; separate:희석주당이익(손실) (단위 : 원):0=-9.08
20200515000675	00145473	2020	Q1	separate:(1)기본주당이익(손실) (단위 : :0=59.4; separate:(1)기본주당이익(손실) (단위 : :1=38.5; separate:(2)희석주당이익(손실) (단위 : :0=59.4; separate:(2)희석주당이익(손실) (단위 : :1=38.5
20200515000722	00144021	2020	Q1	separate:기본주당이익(손실) (단위 : 원):0=-26.4; separate:기본주당이익(손실) (단위 : 원):1=-7.8; separate:계속영업기본주당이익(손실) (단위 ::0=-26.4; separate:계속영업기본주당이익(손실) (단위 ::1=-7.8; separate:희석주당이익(손실) (단위 : 원):0=-26.4; separate:희석주당이익(손실) (단위 : 원):1=-7.8; separate:계속영업희석주당이익(손실) (단위 ::0=-26.4; separate:계속영업희석주당이익(손실) (단위 ::1=-7.8
20200515000942	00136457	2020	Q1	consolidated:기본주당이익(손실) (단위 : 원):0=-17.9; consolidated:희석주당이익(손실) (단위 : 원):0=-17.9; separate:기본주당이익(손실) (단위 : 원):0=-15.2; separate:기본주당이익(손실) (단위 : 원):1=0.3; separate:희석주당이익(손실) (단위 : 원):0=-15.2; separate:희석주당이익(손실) (단위 : 원):1=0.3
20200515000943	00138516	2020	Q1	consolidated:계속영업기본주당이익(손실) (단위 ::0=-0.02; consolidated:계속영업기본주당이익(손실) (단위 ::1=0.01; consolidated:계속영업희석주당이익(손실) (단위 ::0=-0.02; consolidated:계속영업희석주당이익(손실) (단위 ::1=0.01; separate:계속영업기본주당이익(손실) (단위 ::0=-0.01; separate:계속영업기본주당이익(손실) (단위 ::1=0.01; separate:계속영업희석주당이익(손실) (단위 ::0=-0.01; separate:계속영업희석주당이익(손실) (단위 ::1=0.01
20200515001046	00163761	2020	Q1	separate:기본주당이익(손실) (단위 : 원):0=42.9; separate:기본주당이익(손실) (단위 : 원):1=34.1
20200515001205	00149804	2020	Q1	consolidated:기본주당이익(손실) (단위 : 원):0=-67.5; consolidated:기본주당이익(손실) (단위 : 원):1=8.3; consolidated:희석주당이익(손실) (단위 : 원):0=-60.2; separate:기본주당이익(손실) (단위 : 원):0=109.6; separate:기본주당이익(손실) (단위 : 원):1=99.3; separate:희석주당이익(손실) (단위 : 원):0=89.4; separate:희석주당이익(손실) (단위 : 원):1=99.3
20200515001270	00985686	2020	Q1	separate:기본주당순손익 (단위 : 원):0=-20.5; separate:기본주당순손익 (단위 : 원):1=5.8; separate:희석주당순손익 (단위 : 원):0=-20.4; separate:희석주당순손익 (단위 : 원):1=5.7
20200515001311	00201131	2020	Q1	separate:기본주당이익(손실) (단위 : 원):0=-9.08; separate:희석주당이익(손실) (단위 : 원):0=-9.08
20200515001463	00130879	2020	Q1	separate:기본주당이익(손실) (단위 : 원):0=-0.3; separate:기본주당이익(손실) (단위 : 원):1=1.8; separate:희석주당이익(손실) (단위 : 원):0=-0.3; separate:희석주당이익(손실) (단위 : 원):1=1.8
20200515001488	00158219	2020	Q1	consolidated:기본주당이익(손실) (단위 : 원):0=-61.06; consolidated:기본주당이익(손실) (단위 : 원):1=-58.63; consolidated:희석주당이익(손실) (단위 : 원):0=-61.06; consolidated:희석주당이익(손실) (단위 : 원):1=-58.63; separate:기본주당이익(손실) (단위 : 원):0=-61.26; separate:기본주당이익(손실) (단위 : 원):1=-58.33; separate:희석주당이익(손실) (단위 : 원):0=-61.26; separate:희석주당이익(손실) (단위 : 원):1=-58.33
20200515001546	00620558	2020	Q1	consolidated:기본주당이익(손실) (단위 : 원):0=-35.81; consolidated:기본주당이익(손실) (단위 : 원):1=-10.43; consolidated:희석주당이익(손실) (단위 : 원):0=-35.81; consolidated:희석주당이익(손실) (단위 : 원):1=-10.43; separate:기본주당이익(손실) (단위 : 원):0=-14.78; separate:기본주당이익(손실) (단위 : 원):1=-13.91; separate:희석주당이익(손실) (단위 : 원):0=-14.78; separate:희석주당이익(손실) (단위 : 원):1=-13.91
20200515001651	00110583	2020	Q1	consolidated:계속영업 주당손익 (단위 : 원):0=-11.17
20200515001847	00226547	2020	Q1	separate:기본주당이익(손실) (단위 : 원):0=0.4
20200515002087	00767460	2020	Q1	separate:기본주당이익 (단위 : 원):0=422.3; separate:기본주당이익 (단위 : 원):1=71.5
20200515002097	00157636	2020	Q1	consolidated:기본주당이익(손실) (단위 : 원):0=21.4; consolidated:기본주당이익(손실) (단위 : 원):1=208.59; consolidated:계속영업기본주당이익(손실) (단위 ::0=21.4; consolidated:계속영업기본주당이익(손실) (단위 ::1=208.59; consolidated:희석주당이익(손실) (단위 : 원):0=21.4; consolidated:희석주당이익(손실) (단위 : 원):1=201.72; consolidated:계속영업희석주당이익(손실) (단위 ::0=21.4; consolidated:계속영업희석주당이익(손실) (단위 ::1=201.72
20200527000353	00620558	2020	Q1	consolidated:기본주당이익(손실) (단위 : 원):0=-35.81; consolidated:기본주당이익(손실) (단위 : 원):1=-10.43; consolidated:희석주당이익(손실) (단위 : 원):0=-35.81; consolidated:희석주당이익(손실) (단위 : 원):1=-10.43; separate:기본주당이익(손실) (단위 : 원):0=-14.78; separate:기본주당이익(손실) (단위 : 원):1=-13.91; separate:희석주당이익(손실) (단위 : 원):0=-14.78; separate:희석주당이익(손실) (단위 : 원):1=-13.91
20200602000227	00620558	2019	FY	consolidated:기본주당순이익(손실) (단위 : 원):0=-236.27; consolidated:기본주당순이익(손실) (단위 : 원):1=-121.03; consolidated:희석주당순이익(손실) (단위 : 원):0=-236.27; consolidated:희석주당순이익(손실) (단위 : 원):1=-121.03; consolidated:중단영업기본주당순이익(손실) (단위 :0=-37.14; consolidated:중단영업기본주당순이익(손실) (단위 :1=-17.98; consolidated:중단영업희석주당순이익(손실) (단위 :0=-37.14; consolidated:중단영업희석주당순이익(손실) (단위 :1=-17.98; separate:기본주당순이익(손실) (단위 : 원):0=-242.39; separate:기본주당순이익(손실) (단위 : 원):1=-144.55; separate:희석주당순이익(손실) (단위 : 원):0=-242.39; separate:희석주당순이익(손실) (단위 : 원):1=-144.55
20200602000228	00620558	2020	Q1	consolidated:기본주당이익(손실) (단위 : 원):0=-35.81; consolidated:기본주당이익(손실) (단위 : 원):1=-10.43; consolidated:희석주당이익(손실) (단위 : 원):0=-35.81; consolidated:희석주당이익(손실) (단위 : 원):1=-10.43; separate:기본주당이익(손실) (단위 : 원):0=-14.78; separate:기본주당이익(손실) (단위 : 원):1=-13.91; separate:희석주당이익(손실) (단위 : 원):0=-14.78; separate:희석주당이익(손실) (단위 : 원):1=-13.91
20200807000041	01364297	2020	H1	separate:기본 및 희석 주당손익:0=-4.51
20200811000145	01366000	2020	H1	separate:기본 및 희석 주당손익:0=-18.04; separate:기본 및 희석 주당손익:1=-132.72
20200811000219	01326792	2020	H1	separate:기본주당이익:0=11.14; separate:기본주당이익:1=10.55; separate:희석주당이익:0=11.14; separate:희석주당이익:1=10.55
20200812000149	00136165	2020	H1	consolidated:기본주당이익(손실) (단위 : 원):0=428.98; consolidated:기본주당이익(손실) (단위 : 원):1=474.43; consolidated:계속영업기본주당이익(손실) (단위 ::0=432.33; consolidated:계속영업기본주당이익(손실) (단위 ::1=234.44; consolidated:중단영업기본주당이익(손실) (단위 ::0=-3.35; consolidated:중단영업기본주당이익(손실) (단위 ::1=239.99; separate:기본주당이익(손실) (단위 : 원):0=224.03; separate:기본주당이익(손실) (단위 : 원):1=132.31
20200813000619	00138516	2020	H1	consolidated:계속영업기본주당이익(손실) (단위 ::0=-0.01; consolidated:계속영업희석주당이익(손실) (단위 ::0=-0.01; separate:계속영업기본주당이익(손실) (단위 ::1=0.02; separate:계속영업희석주당이익(손실) (단위 ::1=0.02
20200813000650	00231044	2020	H1	consolidated:기본주당이익(손실) (단위 : 원):0=-20.88; consolidated:기본주당이익(손실) (단위 : 원):1=-52.71; separate:기본주당이익(손실) (단위 : 원):0=-20.37; separate:기본주당이익(손실) (단위 : 원):1=-53.13
20200814000028	01416572	2020	H1	separate:기본 및 희석 주당손익:0=0.78
20200814000140	01407158	2020	H1	separate:주당이익(손실):0=1.49
20200814000214	00946030	2020	H1	consolidated:기본주당이익(손실) (단위 : 원):0=-7.8; consolidated:기본주당이익(손실) (단위 : 원):1=70.1; consolidated:희석주당이익(손실) (단위 : 원):0=-7.8; consolidated:희석주당이익(손실) (단위 : 원):1=69.4; separate:기본주당이익(손실) (단위 : 원):0=-26.2; separate:기본주당이익(손실) (단위 : 원):1=54.3; separate:희석주당이익(손실) (단위 : 원):0=-26.2; separate:희석주당이익(손실) (단위 : 원):1=53.8
20200814000427	00203209	2020	H1	separate:기본주당이익(손실) (단위 : 원):0=4.9; separate:기본주당이익(손실) (단위 : 원):1=5.8
20200814000524	01405585	2020	H1	separate:기본주당이익:0=1.2; separate:희석주당이익:0=1.2
20200814000592	00136457	2020	H1	consolidated:기본주당손실 (단위 : 원):0=-52.3; consolidated:기본주당손실 (단위 : 원):1=-7.2; consolidated:희석주당손실 (단위 : 원):0=-52.3; consolidated:희석주당손실 (단위 : 원):1=-7.2; separate:기본주당손실 (단위 : 원):0=-48.9; separate:기본주당손실 (단위 : 원):1=-4.7; separate:희석주당손실 (단위 : 원):0=-48.9; separate:희석주당손실 (단위 : 원):1=-4.7
20200814000691	00533924	2020	H1	separate:기본주당이익 (단위 : 원):0=-0.2; separate:희석주당이익 (단위 : 원):0=-0.2
20200814000791	00157636	2020	H1	consolidated:기본주당이익(손실) (단위 : 원):0=-124.69; consolidated:기본주당이익(손실) (단위 : 원):1=397.77; consolidated:계속영업기본주당이익(손실) (단위 ::0=-124.69; consolidated:계속영업기본주당이익(손실) (단위 ::1=397.77; consolidated:희석주당이익(손실) (단위 : 원):0=-124.69; consolidated:희석주당이익(손실) (단위 : 원):1=397.77; consolidated:계속영업희석주당이익(손실) (단위 ::0=-124.69; consolidated:계속영업희석주당이익(손실) (단위 ::1=397.77
20200814000842	00557933	2020	H1	consolidated:기본주당이익(손실) (단위 : 원):0=-57.8; consolidated:기본주당이익(손실) (단위 : 원):1=-274.9; consolidated:희석주당이익(손실) (단위 : 원):0=-57.8; consolidated:희석주당이익(손실) (단위 : 원):1=-274.9; separate:기본주당이익(손실) (단위 : 원):0=-58.6; separate:희석주당이익(손실) (단위 : 원):0=-58.6
20200814000908	00145473	2020	H1	separate:(1)기본주당이익(손실) (단위 : :0=99.5; separate:(1)기본주당이익(손실) (단위 : :1=68.1; separate:(2)희석주당이익(손실) (단위 : :0=99.5; separate:(2)희석주당이익(손실) (단위 : :1=68.1
20200814001145	00656289	2020	H1	consolidated:기본주당이익(손실) (단위 : 원):0=-264.4; consolidated:기본주당이익(손실) (단위 : 원):1=-16.34; separate:기본주당이익(손실) (단위 : 원):0=122.72; separate:기본주당이익(손실) (단위 : 원):1=544.57
20200814001152	00130879	2020	H1	separate:기본주당이익(손실) (단위 : 원):0=0.6; separate:기본주당이익(손실) (단위 : 원):1=-0.1; separate:희석주당이익(손실) (단위 : 원):0=0.4; separate:희석주당이익(손실) (단위 : 원):1=-0.1
20200814001301	00149804	2020	H1	consolidated:기본주당이익(손실) (단위 : 원):0=-72.4; consolidated:기본주당이익(손실) (단위 : 원):1=-2.3; consolidated:희석주당이익(손실) (단위 : 원):0=-72.4; consolidated:희석주당이익(손실) (단위 : 원):1=-0.3; separate:기본주당이익(손실) (단위 : 원):0=128.1; separate:기본주당이익(손실) (단위 : 원):1=105.4; separate:희석주당이익(손실) (단위 : 원):0=133.5; separate:희석주당이익(손실) (단위 : 원):1=105.4
20200814001788	01327092	2020	H1	separate:(1)기본주당순손익 (단위 : 원):0=-107.15; separate:(1)기본주당순손익 (단위 : 원):1=63.06; separate:(2)희석주당순손익 (단위 : 원):0=-107.15; separate:(2)희석주당순손익 (단위 : 원):1=57.66
20200814002110	00339072	2020	H1	separate:기본주당이익(손실) (단위 : 원):0=-46.01
20200814002207	01032486	2020	H1	consolidated:기본주당순이익:0=0.62; consolidated:기본주당순이익:1=1.43
20200814002751	00620558	2020	H1	consolidated:기본주당이익(손실) (단위 : 원):0=-137.09; consolidated:기본주당이익(손실) (단위 : 원):1=-35.12; consolidated:희석주당이익(손실) (단위 : 원):0=-137.09; consolidated:희석주당이익(손실) (단위 : 원):1=-35.12; separate:기본주당이익(손실) (단위 : 원):0=-151.34; separate:기본주당이익(손실) (단위 : 원):1=-25.47; separate:희석주당이익(손실) (단위 : 원):0=-151.34; separate:희석주당이익(손실) (단위 : 원):1=-25.47
20200819000164	00220109	2020	H1	consolidated:기본주당이익(손실) (단위 : 원):0=39.74; consolidated:기본주당이익(손실) (단위 : 원):1=-84.52; consolidated:희석주당이익(손실) (단위 : 원):0=39.74; consolidated:희석주당이익(손실) (단위 : 원):1=-84.52; separate:기본주당이익(손실) (단위 : 원):0=42.56; separate:기본주당이익(손실) (단위 : 원):1=-87.06; separate:희석주당이익(손실) (단위 : 원):0=42.56; separate:희석주당이익(손실) (단위 : 원):1=-87.06
20200831001170	00136165	2020	H1	consolidated:기본주당이익(손실) (단위 : 원):0=428.98; consolidated:기본주당이익(손실) (단위 : 원):1=474.43; consolidated:계속영업기본주당이익(손실) (단위 ::0=432.33; consolidated:계속영업기본주당이익(손실) (단위 ::1=234.44; consolidated:중단영업기본주당이익(손실) (단위 ::0=-3.35; consolidated:중단영업기본주당이익(손실) (단위 ::1=239.99; separate:기본주당이익(손실) (단위 : 원):0=224.03; separate:기본주당이익(손실) (단위 : 원):1=132.31
20201109000116	01366000	2020	Q3	separate:기본 및 희석 주당손익:0=-20.29; separate:기본 및 희석 주당손익:1=-41.95
20201112000115	01407158	2020	Q3	separate:주당이익(손실):0=2.42
20201112000192	01396676	2020	Q3	separate:IX.주당손실:0=0.19; separate:보통주 기본주당계속영업이익(손실):0=0.19
20201112000196	01390399	2020	Q3	separate:기본 및 희석주당이익:0=7.3
20201112000302	01440153	2020	Q3	separate:기본주당이익:0=-10.99; separate:희석주당이익:0=-10.99
20201112000310	01326792	2020	Q3	separate:기본주당이익:0=16.60; separate:기본주당이익:1=16.30; separate:희석주당이익:0=16.60; separate:희석주당이익:1=16.30
20201113000153	00136165	2020	Q3	consolidated:기본주당이익(손실) (단위 : 원):0=619.62; consolidated:기본주당이익(손실) (단위 : 원):1=609.47; consolidated:계속영업기본주당이익(손실) (단위 ::0=627.88; consolidated:계속영업기본주당이익(손실) (단위 ::1=364.43; consolidated:중단영업기본주당이익(손실) (단위 ::0=-8.26; consolidated:중단영업기본주당이익(손실) (단위 ::1=245.04; separate:기본주당이익(손실) (단위 : 원):0=214.44; separate:기본주당이익(손실) (단위 : 원):1=170.66
20201113000191	00946030	2020	Q3	consolidated:기본주당이익(손실) (단위 : 원):0=-60.8; consolidated:기본주당이익(손실) (단위 : 원):1=171.4; consolidated:희석주당이익(손실) (단위 : 원):0=-60.8; consolidated:희석주당이익(손실) (단위 : 원):1=169.8; separate:기본주당이익(손실) (단위 : 원):0=-80.1; separate:기본주당이익(손실) (단위 : 원):1=171.9; separate:희석주당이익(손실) (단위 : 원):0=-80.1; separate:희석주당이익(손실) (단위 : 원):1=170.2
20201113000271	00138516	2020	Q3	consolidated:계속영업기본주당이익(손실) (단위 ::0=0.05; consolidated:계속영업기본주당이익(손실) (단위 ::1=0.01; consolidated:계속영업희석주당이익(손실) (단위 ::0=0.05; consolidated:계속영업희석주당이익(손실) (단위 ::1=0.01; separate:계속영업기본주당이익(손실) (단위 ::0=0.05; separate:계속영업기본주당이익(손실) (단위 ::1=0.03; separate:계속영업희석주당이익(손실) (단위 ::0=0.05; separate:계속영업희석주당이익(손실) (단위 ::1=0.03
20201113000604	00130879	2020	Q3	separate:희석주당이익(손실) (단위 : 원):0=-0.6
20201113000622	00157636	2020	Q3	consolidated:기본주당이익(손실) (단위 : 원):0=-139.47; consolidated:기본주당이익(손실) (단위 : 원):1=524.58; consolidated:계속영업기본주당이익(손실) (단위 ::0=-139.47; consolidated:계속영업기본주당이익(손실) (단위 ::1=524.58; consolidated:희석주당이익(손실) (단위 : 원):0=-139.47; consolidated:희석주당이익(손실) (단위 : 원):1=523.47; consolidated:계속영업희석주당이익(손실) (단위 ::0=-139.47; consolidated:계속영업희석주당이익(손실) (단위 ::1=523.47
20201113000626	00149804	2020	Q3	consolidated:기본주당이익(손실) (단위 : 원):1=-25.4; consolidated:희석주당이익(손실) (단위 : 원):1=-0.4; separate:기본주당이익(손실) (단위 : 원):1=81.3; separate:희석주당이익(손실) (단위 : 원):0=140.3; separate:희석주당이익(손실) (단위 : 원):1=81.3
20201113000786	01327092	2020	Q3	separate:(1)기본주당순손익 (단위 : 원):0=-121.82; separate:(2)희석주당순손익 (단위 : 원):0=-121.82
20201113000976	00146296	2020	Q3	separate:기본주당이익(손실) (단위 : 원):0=9.38; separate:기본주당이익(손실) (단위 : 원):1=6.96; separate:희석주당순이익 (단위 : 원):0=9.38; separate:희석주당순이익 (단위 : 원):1=6.96
20201113000996	01032486	2020	Q3	consolidated:기본주당이익(손실):0=1.19; consolidated:기본주당이익(손실):1=1.98
20201116000161	01364297	2020	Q3	separate:기본 및 희석 주당손익:0=-2.54
20201116000268	00145473	2020	Q3	separate:(1)기본주당이익(손실) (단위 : :0=142.4; separate:(2)희석주당이익(손실) (단위 : :0=142.4
20201116000445	01353024	2020	Q3	separate:기본주당손실:0=4.41; separate:기본주당손실:1=0.03; separate:희석주당손실:0=4.41; separate:희석주당손실:1=0.03
20201116000501	00767460	2020	Q3	separate:기본주당이익 (단위 : 원):0=1058.8; separate:기본주당이익 (단위 : 원):1=504.3
20201116000511	00136457	2020	Q3	consolidated:기본주당이익(손실) (단위 : 원):0=-58.1; consolidated:기본주당이익(손실) (단위 : 원):1=-5.5; consolidated:희석주당이익(손실) (단위 : 원):0=-58.1; consolidated:희석주당이익(손실) (단위 : 원):1=-5.5; separate:기본주당이익(손실) (단위 : 원):0=-54.2; separate:기본주당이익(손실) (단위 : 원):1=-1.9; separate:희석주당이익(손실) (단위 : 원):0=-54.2; separate:희석주당이익(손실) (단위 : 원):1=-1.9
20201116000811	00220109	2020	Q3	consolidated:기본주당이익(손실) (단위 : 원):0=27.77; consolidated:기본주당이익(손실) (단위 : 원):1=-102.22; consolidated:희석주당이익(손실) (단위 : 원):0=27.77; consolidated:희석주당이익(손실) (단위 : 원):1=-102.22; separate:기본주당이익(손실) (단위 : 원):0=37.25; separate:기본주당이익(손실) (단위 : 원):1=-92.69; separate:희석주당이익(손실) (단위 : 원):0=37.25; separate:희석주당이익(손실) (단위 : 원):1=-92.69
20201116000832	00146427	2020	Q3	consolidated:기본주당이익(손실) (단위 : 원):0=-292.5; consolidated:계속영업기본주당이익(손실) (단위 ::0=-46.6; consolidated:중단영업기본주당이익(손실) (단위 ::0=-245.9; separate:기본주당이익(손실) (단위 : 원):0=-246.2; separate:계속영업기본주당이익(손실) (단위 ::0=-0.2
20201116000938	00557933	2020	Q3	consolidated:기본주당이익(손실) (단위 : 원):0=-97.8; consolidated:기본주당이익(손실) (단위 : 원):1=-256.8; consolidated:희석주당이익(손실) (단위 : 원):0=-97.8; consolidated:희석주당이익(손실) (단위 : 원):1=-256.8; separate:기본주당이익(손실) (단위 : 원):0=-96.5; separate:희석주당이익(손실) (단위 : 원):0=-96.5
20201116000976	00642541	2020	Q3	consolidated:기본주당이익(손실) (단위 : 원):0=-495.75; consolidated:희석주당이익(손실) (단위 : 원):0=-495.75; separate:기본주당이익(손실) (단위 : 원):0=-506.51; separate:희석주당이익(손실) (단위 : 원):0=-506.51
20201116001269	00620558	2020	Q3	consolidated:기본주당이익(손실) (단위 : 원):0=-180.1; consolidated:기본주당이익(손실) (단위 : 원):1=-126.9; consolidated:희석주당이익(손실) (단위 : 원):0=-180.1; consolidated:희석주당이익(손실) (단위 : 원):1=-126.9; separate:기본주당이익(손실) (단위 : 원):0=-195.83; separate:기본주당이익(손실) (단위 : 원):1=-99.37; separate:희석주당이익(손실) (단위 : 원):0=-195.83; separate:희석주당이익(손실) (단위 : 원):1=-99.37
20201116001442	00339072	2020	Q3	separate:기본주당이익(손실) (단위 : 원):0=-74.51
20201116001780	00153755	2020	Q3	consolidated:(1)기본주당이익(손실) (단위 : :0=220.6; consolidated:(1)기본주당이익(손실) (단위 : :1=-284.2; consolidated:(2)희석주당이익(손실) (단위 : :0=220.6; consolidated:(2)희석주당이익(손실) (단위 : :1=-284.2
20201116001994	00198192	2020	Q3	separate:기본주당순이익 (단위 : 원):0=67.4; separate:기본주당순이익 (단위 : 원):1=49.7
20201116002143	00144021	2020	Q3	separate:기본주당이익(손실) (단위 : 원):0=-60.6; separate:기본주당이익(손실) (단위 : 원):1=-71.6; separate:희석주당이익(손실) (단위 : 원):0=-60.6; separate:희석주당이익(손실) (단위 : 원):1=-71.6
20201119000186	00144021	2020	Q3	separate:기본주당이익(손실) (단위 : 원):0=-60.6; separate:기본주당이익(손실) (단위 : 원):1=-71.6; separate:희석주당이익(손실) (단위 : 원):0=-60.6; separate:희석주당이익(손실) (단위 : 원):1=-71.6
20210218000973	00149804	2017	FY	consolidated:기본주당이익(손실) (단위 : 원):0=18.9; consolidated:기본주당이익(손실) (단위 : 원):1=-10.7; consolidated:기본주당이익(손실) (단위 : 원):2=100.37; consolidated:희석주당이익(손실) (단위 : 원):0=18.9; consolidated:희석주당이익(손실) (단위 : 원):1=-10.7; consolidated:희석주당이익(손실) (단위 : 원):2=98.67; separate:기본주당이익(손실) (단위 : 원):0=40.4; separate:기본주당이익(손실) (단위 : 원):1=64.6; separate:기본주당이익(손실) (단위 : 원):2=17.21; separate:희석주당이익(손실) (단위 : 원):0=40.4; separate:희석주당이익(손실) (단위 : 원):1=64.6; separate:희석주당이익(손실) (단위 : 원):2=17.21
20210218001072	00149804	2016	FY	consolidated:기본주당이익(손실) (단위 : 원):0=-10.7; consolidated:기본주당이익(손실) (단위 : 원):1=100.37; consolidated:기본주당이익(손실) (단위 : 원):2=123.82; consolidated:희석주당이익(손실) (단위 : 원):0=-10.7; consolidated:희석주당이익(손실) (단위 : 원):1=98.67; consolidated:희석주당이익(손실) (단위 : 원):2=123.82; separate:기본주당이익(손실) (단위 : 원):0=64.6; separate:기본주당이익(손실) (단위 : 원):1=17.21; separate:기본주당이익(손실) (단위 : 원):2=16.95; separate:희석주당이익(손실) (단위 : 원):0=64.6; separate:희석주당이익(손실) (단위 : 원):1=17.21; separate:희석주당이익(손실) (단위 : 원):2=16.95
20210218001076	00149804	2015	FY	consolidated:기본주당이익 (단위 : 원):0=100.37; consolidated:기본주당이익 (단위 : 원):1=123.82; consolidated:기본주당이익 (단위 : 원):2=49.24; consolidated:희석주당이익 (단위 : 원):0=98.67; consolidated:희석주당이익 (단위 : 원):1=123.82; consolidated:희석주당이익 (단위 : 원):2=43.34; separate:기본주당이익 (단위 : 원):0=17.21; separate:기본주당이익 (단위 : 원):1=16.95; separate:기본주당이익 (단위 : 원):2=64.25; separate:희석주당이익 (단위 : 원):0=17.21; separate:희석주당이익 (단위 : 원):1=16.95; separate:희석주당이익 (단위 : 원):2=63.93
20210308000579	01366000	2020	FY	separate:기본 및 희석 주당손익:0=-3.44; separate:기본 및 희석 주당손익:1=-22.61
20210308000637	01396676	2020	FY	separate:보통주 기본주당계속영업손실:0=-0.77; separate:보통주 기본주당계속영업손실:1=-7.50
20210311000533	01416572	2020	FY	separate:1. 기본 및 희석 주당손익:0=0.07; separate:1. 기본 및 희석 주당손익:1=-8.96
20210312000964	01327092	2020	FY	separate:(1)기본주당순손익 (단위 : 원):0=-240.98; separate:(1)기본주당순손익 (단위 : 원):1=-16.9; separate:(1)기본주당순손익 (단위 : 원):2=110.12; separate:(2)희석주당순손익 (단위 : 원):0=-240.98; separate:(2)희석주당순손익 (단위 : 원):1=-16.9; separate:(2)희석주당순손익 (단위 : 원):2=110.12
20210316000030	01390399	2020	FY	separate:기본 및 희석주당이익:0=6.4; separate:기본 및 희석주당이익:1=2.8
20210316001182	01032486	2020	FY	consolidated:기본주당이익(손실):0=2.09; consolidated:기본주당이익(손실):1=2.33; consolidated:기본주당이익(손실):2=2.40
20210316001190	01407158	2020	FY	separate:주당손익:0=3.3
20210317000682	00136165	2020	FY	consolidated:기본주당이익(손실) (단위 : 원):0=553.72; consolidated:기본주당이익(손실) (단위 : 원):1=392.12; consolidated:기본주당이익(손실) (단위 : 원):2=-283.95; consolidated:희석주당이익(손실) (단위 : 원):0=67.75; consolidated:희석주당이익(손실) (단위 : 원):1=239.52; consolidated:희석주당이익(손실) (단위 : 원):2=-105.72
20210317000808	00145473	2020	FY	separate:(1)기본주당이익(손실) (단위 : :0=200.3; separate:(1)기본주당이익(손실) (단위 : :1=100.4; separate:(1)기본주당이익(손실) (단위 : :2=84.9; separate:(2)희석주당이익(손실) (단위 : :0=200.3; separate:(2)희석주당이익(손실) (단위 : :1=100.4; separate:(2)희석주당이익(손실) (단위 : :2=84.9
20210317000884	01326792	2020	FY	separate:기본주당이익:0=13.42; separate:기본주당이익:1=19.72; separate:희석주당이익:0=13.42; separate:희석주당이익:1=19.72
20210317000932	00130879	2020	FY	separate:기본주당이익(손실) (단위 : 원):0=-7.3; separate:기본주당이익(손실) (단위 : 원):1=-5.9; separate:기본주당이익(손실) (단위 : 원):2=1.8; separate:희석주당이익(손실) (단위 : 원):0=-7.3; separate:희석주당이익(손실) (단위 : 원):1=-5.9; separate:희석주당이익(손실) (단위 : 원):2=0.6
20210318001139	00138516	2020	FY	consolidated:계속영업기본주당이익(손실) (단위 ::0=0.06; consolidated:계속영업기본주당이익(손실) (단위 ::2=-0.16; consolidated:계속영업희석주당이익(손실) (단위 ::0=0.06; consolidated:계속영업희석주당이익(손실) (단위 ::2=-0.16; separate:계속영업기본주당이익(손실) (단위 ::0=0.08; separate:계속영업기본주당이익(손실) (단위 ::1=0.02; separate:계속영업기본주당이익(손실) (단위 ::2=-0.16; separate:계속영업희석주당이익(손실) (단위 ::0=0.08; separate:계속영업희석주당이익(손실) (단위 ::1=0.02; separate:계속영업희석주당이익(손실) (단위 ::2=-0.16
20210319000189	00557933	2020	FY	consolidated:기본주당이익(손실) (단위 : 원):0=-145.6; consolidated:기본주당이익(손실) (단위 : 원):1=-219.5; consolidated:기본주당이익(손실) (단위 : 원):2=449.6; consolidated:희석주당이익(손실) (단위 : 원):0=-145.6; consolidated:희석주당이익(손실) (단위 : 원):1=-219.5; consolidated:희석주당이익(손실) (단위 : 원):2=449.1; separate:기본주당이익(손실) (단위 : 원):0=-140.9; separate:기본주당이익(손실) (단위 : 원):1=-219.3; separate:기본주당이익(손실) (단위 : 원):2=451.8; separate:희석주당이익(손실) (단위 : 원):0=-140.9; separate:희석주당이익(손실) (단위 : 원):1=-219.3; separate:희석주당이익(손실) (단위 : 원):2=451.3
20210319000854	00220109	2020	FY	consolidated:기본주당이익(손실) (단위 : 원):0=28.51; consolidated:기본주당이익(손실) (단위 : 원):1=-324.87; consolidated:기본주당이익(손실) (단위 : 원):2=-111.78; consolidated:희석주당이익(손실) (단위 : 원):0=28.51; consolidated:희석주당이익(손실) (단위 : 원):1=-324.87; consolidated:희석주당이익(손실) (단위 : 원):2=-111.78; separate:기본주당이익(손실) (단위 : 원):0=29.24; separate:기본주당이익(손실) (단위 : 원):1=-335.07; separate:기본주당이익(손실) (단위 : 원):2=-261.27; separate:희석주당이익(손실) (단위 : 원):0=29.24; separate:희석주당이익(손실) (단위 : 원):1=-335.07; separate:희석주당이익(손실) (단위 : 원):2=-109.89
20210319001097	00158219	2020	FY	consolidated:기본주당이익(손실) (단위 : 원):0=-435.5; consolidated:희석주당이익(손실) (단위 : 원):0=-435.5
20210319001336	00149804	2020	FY	consolidated:계속영업보통기본주당순이익 (단위 : :0=-19.6; consolidated:계속영업보통기본주당순이익 (단위 : :1=95.1; consolidated:계속영업보통희석주당순이익 (단위 : :0=-19.6; consolidated:계속영업보통희석주당순이익 (단위 : :1=71.9; separate:계속영업보통기본주당순이익 (단위 : :0=-3.4; separate:계속영업보통기본주당순이익 (단위 : :1=111.3; separate:계속영업보통기본주당순이익 (단위 : :2=-291.2; separate:계속영업보통희석주당순이익 (단위 : :0=-3.4; separate:계속영업보통희석주당순이익 (단위 : :2=-291.2
20210322000251	00301112	2020	FY	consolidated:기본주당이익(손실) (단위 : 원):0=-24.55; consolidated:기본주당이익(손실) (단위 : 원):1=18.09; consolidated:기본주당이익(손실) (단위 : 원):2=-76.46; consolidated:희석주당이익(손실) (단위 : 원):0=-24.55; consolidated:희석주당이익(손실) (단위 : 원):1=18.09; consolidated:희석주당이익(손실) (단위 : 원):2=-76.46; separate:기본주당이익(손실) (단위 : 원):0=-123.32; separate:기본주당이익(손실) (단위 : 원):1=36.99; separate:기본주당이익(손실) (단위 : 원):2=-122.37; separate:희석주당이익(손실) (단위 : 원):0=-123.32; separate:희석주당이익(손실) (단위 : 원):1=36.99; separate:희석주당이익(손실) (단위 : 원):2=-122.37
20210322000488	00136457	2020	FY	consolidated:기본주당이익(손실) (단위 : 원):0=-61.9; consolidated:기본주당이익(손실) (단위 : 원):1=-25.8; consolidated:기본주당이익(손실) (단위 : 원):2=20.8; consolidated:희석주당이익(손실) (단위 : 원):0=-61.9; consolidated:희석주당이익(손실) (단위 : 원):1=-25.8; consolidated:희석주당이익(손실) (단위 : 원):2=20.8; separate:기본주당이익(손실) (단위 : 원):0=-65.4; separate:기본주당이익(손실) (단위 : 원):1=-28.5; separate:희석주당이익(손실) (단위 : 원):0=-65.4; separate:희석주당이익(손실) (단위 : 원):1=-28.5
20210322000896	00620558	2020	FY	consolidated:기본주당이익(손실) (단위 : 원):0=-276.73; consolidated:기본주당이익(손실) (단위 : 원):1=-290.07; consolidated:기본주당이익(손실) (단위 : 원):2=-139.01; consolidated:희석주당이익(손실) (단위 : 원):0=-292.08; consolidated:희석주당이익(손실) (단위 : 원):1=-290.07; consolidated:희석주당이익(손실) (단위 : 원):2=-139.01; separate:기본주당이익(손실) (단위 : 원):0=-247.33; separate:기본주당이익(손실) (단위 : 원):1=-259.06; separate:기본주당이익(손실) (단위 : 원):2=-144.55; separate:희석주당이익(손실) (단위 : 원):0=-262.84; separate:희석주당이익(손실) (단위 : 원):1=-259.06; separate:희석주당이익(손실) (단위 : 원):2=-144.55
20210322001015	00616290	2020	FY	consolidated:중단영업기본주당이익(손실) (단위 ::0=0.03; consolidated:중단영업희석주당이익(손실) (단위 ::0=0.03
20210322001021	00861997	2020	FY	separate:1.계속영업기본주당이익(손실) (단위:2=69.53; separate:2.중단영업기본주당이익(손실) (단위:0=118.47; separate:2.중단영업기본주당이익(손실) (단위:2=-35.21; separate:1.계속영업희석주당이익(손실) (단위:2=69.53; separate:2.중단영업희석주당이익(손실) (단위:0=118.47; separate:2.중단영업희석주당이익(손실) (단위:2=-35.21
20210323000602	00134723	2020	FY	consolidated:기본주당이익(손실) (단위 : 원):1=-973.1; consolidated:기본주당이익(손실) (단위 : 원):2=-2102.5; consolidated:희석주당이익(손실) (단위 : 원):1=-973.1; consolidated:희석주당이익(손실) (단위 : 원):2=-2102.5; separate:기본주당이익(손실) (단위 : 원):0=-511.5; separate:기본주당이익(손실) (단위 : 원):1=-825.7; separate:기본주당이익(손실) (단위 : 원):2=-3171.7; separate:희석주당이익(손실) (단위 : 원):0=-511.5; separate:희석주당이익(손실) (단위 : 원):1=-825.7; separate:희석주당이익(손실) (단위 : 원):2=-3171.7
20210323000753	00231044	2020	FY	consolidated:기본주당이익(손실) (단위 : 원):0=-11.39; consolidated:기본주당이익(손실) (단위 : 원):1=-103.09; consolidated:기본주당이익(손실) (단위 : 원):2=-96.27; consolidated:희석주당이익(손실) (단위 : 원):0=-11.39; consolidated:희석주당이익(손실) (단위 : 원):1=-103.09; consolidated:희석주당이익(손실) (단위 : 원):2=-96.27; separate:기본주당이익(손실) (단위 : 원):0=-15.14; separate:기본주당이익(손실) (단위 : 원):1=-110.19; separate:기본주당이익(손실) (단위 : 원):2=-95.85; separate:희석주당이익(손실) (단위 : 원):0=-15.14; separate:희석주당이익(손실) (단위 : 원):1=-110.19; separate:희석주당이익(손실) (단위 : 원):2=-95.85
20210323000993	00159254	2020	FY	consolidated:기본주당중단영업이익(손실) (단위 ::0=-0.03; consolidated:희석주당중단영업이익(손실) (단위 ::0=-0.03
20210323001166	00157636	2020	FY	consolidated:기본주당이익(손실) (단위 : 원):0=-360.72; consolidated:기본주당이익(손실) (단위 : 원):1=450.78; consolidated:기본주당이익(손실) (단위 : 원):2=437.41; consolidated:계속영업기본주당이익(손실) (단위 ::0=-360.72; consolidated:계속영업기본주당이익(손실) (단위 ::1=450.78; consolidated:계속영업기본주당이익(손실) (단위 ::2=437.41; consolidated:희석주당이익(손실) (단위 : 원):0=-360.72; consolidated:희석주당이익(손실) (단위 : 원):1=450.78; consolidated:희석주당이익(손실) (단위 : 원):2=437.41; consolidated:계속영업희석주당이익(손실) (단위 ::0=-360.72; consolidated:계속영업희석주당이익(손실) (단위 ::1=450.78; consolidated:계속영업희석주당이익(손실) (단위 ::2=437.41
20210325000865	01327092	2020	FY	separate:(1)기본주당순손익 (단위 : 원):0=-240.98; separate:(1)기본주당순손익 (단위 : 원):1=-16.9; separate:(1)기본주당순손익 (단위 : 원):2=110.12; separate:(2)희석주당순손익 (단위 : 원):0=-240.98; separate:(2)희석주당순손익 (단위 : 원):1=-16.9; separate:(2)희석주당순손익 (단위 : 원):2=110.12
20210419000262	01396676	2020	FY	separate:보통주 기본주당계속영업손실:0=-0.77; separate:보통주 기본주당계속영업손실:1=-7.50
20210429000183	01396676	2021	Q1	separate:1. 기본 및 희석 주당손익:0=-9.05; separate:1. 기본 및 희석 주당손익:1=1.11
20210503000454	00134723	2020	FY	consolidated:기본주당이익(손실) (단위 : 원):1=-973.1; consolidated:기본주당이익(손실) (단위 : 원):2=-2102.5; consolidated:희석주당이익(손실) (단위 : 원):1=-973.1; consolidated:희석주당이익(손실) (단위 : 원):2=-2102.5; separate:기본주당이익(손실) (단위 : 원):0=-511.5; separate:기본주당이익(손실) (단위 : 원):1=-825.7; separate:기본주당이익(손실) (단위 : 원):2=-3171.7; separate:희석주당이익(손실) (단위 : 원):0=-511.5; separate:희석주당이익(손실) (단위 : 원):1=-825.7; separate:희석주당이익(손실) (단위 : 원):2=-3171.7
20210507000365	01359736	2021	Q1	separate:기본주당이익:0=-3.4; separate:기본주당이익:1=0.4; separate:희석주당이익:0=-3.4; separate:희석주당이익:1=0.4
20210507000371	01393721	2021	Q1	separate:기본주당이익:0=-0.3; separate:기본주당이익:1=-0.7; separate:희석주당이익:0=-0.3; separate:희석주당이익:1=-0.7
20210511000394	00616290	2021	Q1	consolidated:중단영업기본주당이익(손실) (단위 ::0=-0.22; consolidated:중단영업희석주당이익(손실) (단위 ::0=-0.22
20210512000367	00158219	2021	Q1	consolidated:기본주당이익(손실) (단위 : 원):0=49.65; consolidated:기본주당이익(손실) (단위 : 원):1=-50.48; consolidated:희석주당이익(손실) (단위 : 원):0=49.65; consolidated:희석주당이익(손실) (단위 : 원):1=-50.48; separate:기본주당이익(손실) (단위 : 원):0=49.06; separate:기본주당이익(손실) (단위 : 원):1=-50.68; separate:희석주당이익(손실) (단위 : 원):0=49.06; separate:희석주당이익(손실) (단위 : 원):1=-50.68
20210513000485	00158219	2021	Q1	consolidated:기본주당이익(손실) (단위 : 원):0=49.65; consolidated:기본주당이익(손실) (단위 : 원):1=-50.48; consolidated:희석주당이익(손실) (단위 : 원):0=49.65; consolidated:희석주당이익(손실) (단위 : 원):1=-50.48; separate:기본주당이익(손실) (단위 : 원):0=49.06; separate:기본주당이익(손실) (단위 : 원):1=-50.68; separate:희석주당이익(손실) (단위 : 원):0=49.06; separate:희석주당이익(손실) (단위 : 원):1=-50.68
20210513000697	01396676	2020	FY	separate:보통주 기본주당계속영업손실:0=-0.77; separate:보통주 기본주당계속영업손실:1=-7.50
20210513000710	01396676	2021	Q1	separate:1. 기본 및 희석 주당손익:0=-9.05; separate:1. 기본 및 희석 주당손익:1=1.11
20210513000830	00130879	2021	Q1	separate:기본주당이익(손실) (단위 : 원):0=-5.8; separate:기본주당이익(손실) (단위 : 원):1=-0.3; separate:희석주당이익(손실) (단위 : 원):0=-5.8; separate:희석주당이익(손실) (단위 : 원):1=-0.3
20210514000349	01407158	2021	Q1	separate:주당이익(손실):0=-0.58; separate:주당이익(손실):1=0.21
20210514000366	01223219	2021	Q1	separate:계속영업기본주당이익(손실) (단위 ::0=-16.01; separate:계속영업기본주당이익(손실) (단위 ::1=64.75; separate:희석주당이익(손실) (단위 : 원):0=-16.01; separate:희석주당이익(손실) (단위 : 원):1=64.75
20210514000844	00220109	2021	Q1	consolidated:기본주당이익(손실) (단위 : 원):0=3.52; consolidated:기본주당이익(손실) (단위 : 원):1=11.45; consolidated:희석주당이익(손실) (단위 : 원):0=3.52; consolidated:희석주당이익(손실) (단위 : 원):1=11.45; separate:기본주당이익(손실) (단위 : 원):0=2.02; separate:기본주당이익(손실) (단위 : 원):1=6.91; separate:희석주당이익(손실) (단위 : 원):0=2.02; separate:희석주당이익(손실) (단위 : 원):1=6.91
20210514000892	00138516	2021	Q1	consolidated:계속영업기본주당이익(손실) (단위 ::0=0.03; consolidated:계속영업기본주당이익(손실) (단위 ::1=-0.02; consolidated:계속영업희석주당이익(손실) (단위 ::0=0.03; consolidated:계속영업희석주당이익(손실) (단위 ::1=-0.02; separate:계속영업기본주당이익(손실) (단위 ::0=0.03; separate:계속영업기본주당이익(손실) (단위 ::1=-0.01; separate:계속영업희석주당이익(손실) (단위 ::0=0.03; separate:계속영업희석주당이익(손실) (단위 ::1=-0.01
20210514001151	00149804	2021	Q1	consolidated:계속영업보통기본주당순이익 (단위 : :0=31.9; consolidated:계속영업보통기본주당순이익 (단위 : :1=67.5; consolidated:계속영업보통희석주당순이익 (단위 : :0=31.9; consolidated:계속영업보통희석주당순이익 (단위 : :1=60.2; separate:계속영업보통기본주당순이익 (단위 : :0=110.2; separate:계속영업보통기본주당순이익 (단위 : :1=109.6; separate:계속영업보통희석주당순이익 (단위 : :0=90.1; separate:계속영업보통희석주당순이익 (단위 : :1=89.4
20210514001221	00157636	2021	Q1	consolidated:기본주당이익(손실) (단위 : 원):0=70.78; consolidated:기본주당이익(손실) (단위 : 원):1=21.4; consolidated:계속영업기본주당이익(손실) (단위 ::0=70.78; consolidated:계속영업기본주당이익(손실) (단위 ::1=21.4; consolidated:희석주당이익(손실) (단위 : 원):0=70.78; consolidated:희석주당이익(손실) (단위 : 원):1=21.4; consolidated:계속영업희석주당이익(손실) (단위 ::0=70.78; consolidated:계속영업희석주당이익(손실) (단위 ::1=21.4
20210514001305	00339072	2021	Q1	separate:기본주당이익(손실) (단위 : 원):0=-1.2; separate:기본주당이익(손실) (단위 : 원):1=-5.2
20210514001527	01327092	2021	Q1	consolidated:기본주당이익(손실) (단위 : 원):0=-82.84; consolidated:기본주당이익(손실) (단위 : 원):1=-35.7; consolidated:희석주당이익(손실) (단위 : 원):0=-82.84; consolidated:희석주당이익(손실) (단위 : 원):1=-35.7; separate:기본주당이익(손실) (단위 : 원):0=-82.6; separate:기본주당이익(손실) (단위 : 원):1=-35.7; separate:희석주당이익(손실) (단위 : 원):0=-82.6; separate:희석주당이익(손실) (단위 : 원):1=-35.7
20210514001542	01390399	2021	Q1	separate:기본 및 희석주당이익(손실):0=-1.1; separate:기본 및 희석주당이익(손실):1=2.4
20210514001691	00661847	2021	Q1	separate:기본주당이익(손실) (단위 : 원):0=-162.6
20210517000017	01326792	2021	Q1	separate:기본주당이익(손실):0=0.2; separate:희석주당이익(손실):0=0.2
20210517000088	01366000	2021	Q1	separate:기본 및 희석 주당손익:0=-6.35
20210517000185	00557933	2021	Q1	consolidated:기본주당이익(손실) (단위 : 원):0=83.4; consolidated:기본주당이익(손실) (단위 : 원):1=11.8; consolidated:희석주당이익(손실) (단위 : 원):0=83.3; consolidated:희석주당이익(손실) (단위 : 원):1=11.8; separate:기본주당이익(손실) (단위 : 원):0=88.1; separate:기본주당이익(손실) (단위 : 원):1=11.7; separate:희석주당이익(손실) (단위 : 원):1=11.7
20210517000224	00145473	2021	Q1	separate:(1)기본주당이익(손실) (단위 : :0=100.7; separate:(1)기본주당이익(손실) (단위 : :1=59.4; separate:(2)희석주당이익(손실) (단위 : :0=100.7; separate:(2)희석주당이익(손실) (단위 : :1=59.4
20210517000419	00136457	2021	Q1	consolidated:기본주당이익(손실) (단위 : 원):0=1.7; consolidated:기본주당이익(손실) (단위 : 원):1=-17.9; consolidated:희석주당이익(손실) (단위 : 원):0=1.7; consolidated:희석주당이익(손실) (단위 : 원):1=-17.9; separate:기본주당이익(손실) (단위 : 원):0=2.8; separate:기본주당이익(손실) (단위 : 원):1=-15.2; separate:희석주당이익(손실) (단위 : 원):0=2.8; separate:희석주당이익(손실) (단위 : 원):1=-15.2
20210517000457	00946030	2021	Q1	consolidated:기본주당이익(손실) (단위 : 원):0=-56.6; consolidated:기본주당이익(손실) (단위 : 원):1=64.1; consolidated:희석주당이익(손실) (단위 : 원):0=-56.3; consolidated:희석주당이익(손실) (단위 : 원):1=63.9; separate:기본주당이익(손실) (단위 : 원):0=-62.2; separate:기본주당이익(손실) (단위 : 원):1=56.1; separate:희석주당이익(손실) (단위 : 원):0=-61.9
20210517000493	00201131	2021	Q1	separate:기본주당이익(손실) (단위 : 원):0=17.43; separate:기본주당이익(손실) (단위 : 원):1=-9.08; separate:희석주당이익(손실) (단위 : 원):0=17.43; separate:희석주당이익(손실) (단위 : 원):1=-9.08
20210517000607	00220109	2021	Q1	consolidated:기본주당이익(손실) (단위 : 원):0=3.52; consolidated:기본주당이익(손실) (단위 : 원):1=11.45; consolidated:희석주당이익(손실) (단위 : 원):0=3.52; consolidated:희석주당이익(손실) (단위 : 원):1=11.45; separate:기본주당이익(손실) (단위 : 원):0=2.02; separate:기본주당이익(손실) (단위 : 원):1=6.91; separate:희석주당이익(손실) (단위 : 원):0=2.02; separate:희석주당이익(손실) (단위 : 원):1=6.91
20210517000687	00136165	2021	Q1	consolidated:기본주당이익(손실) (단위 : 원):0=74.34; consolidated:기본주당이익(손실) (단위 : 원):1=23.15; consolidated:계속영업기본주당이익(손실) (단위 ::0=84.8; consolidated:계속영업기본주당이익(손실) (단위 ::1=25.69; consolidated:중단영업기본주당이익(손실) (단위 ::0=-10.46; consolidated:중단영업기본주당이익(손실) (단위 ::1=-2.54
20210517000802	00146296	2021	Q1	separate:기본주당이익(손실) (단위 : 원):0=5.77; separate:기본주당이익(손실) (단위 : 원):1=-0.56; separate:희석주당순이익 (단위 : 원):0=5.77; separate:희석주당순이익 (단위 : 원):1=-0.56
20210517000955	00231044	2021	Q1	consolidated:기본주당이익(손실) (단위 : 원):0=-0.02; consolidated:기본주당이익(손실) (단위 : 원):1=-5.42; consolidated:희석주당이익(손실) (단위 : 원):0=-0.02; consolidated:희석주당이익(손실) (단위 : 원):1=-5.42; separate:기본주당이익(손실) (단위 : 원):0=2.85; separate:기본주당이익(손실) (단위 : 원):1=-2.76; separate:희석주당이익(손실) (단위 : 원):0=2.85; separate:희석주당이익(손실) (단위 : 원):1=-2.76
20210517001032	01416572	2021	Q1	separate:1. 기본 및 희석 주당손익:0=-6.67; separate:1. 기본 및 희석 주당손익:1=0.40
20210517001036	00620558	2021	Q1	consolidated:기본주당이익(손실) (단위 : 원):0=-7.37; consolidated:기본주당이익(손실) (단위 : 원):1=-27.44; consolidated:희석주당이익(손실) (단위 : 원):0=-7.37; consolidated:희석주당이익(손실) (단위 : 원):1=-27.44; separate:기본주당이익(손실) (단위 : 원):0=5.17; separate:기본주당이익(손실) (단위 : 원):1=-15.73; separate:희석주당이익(손실) (단위 : 원):0=5.17; separate:희석주당이익(손실) (단위 : 원):1=-15.73
20210517001406	00110583	2021	Q1	consolidated:계속영업 주당손익 (단위 : 원):0=-6.22; consolidated:계속영업 주당손익 (단위 : 원):1=-11.17
20210521000175	00157636	2021	Q1	consolidated:기본주당이익(손실) (단위 : 원):0=70.78; consolidated:기본주당이익(손실) (단위 : 원):1=21.4; consolidated:계속영업기본주당이익(손실) (단위 ::0=70.78; consolidated:계속영업기본주당이익(손실) (단위 ::1=21.4; consolidated:희석주당이익(손실) (단위 : 원):0=70.78; consolidated:희석주당이익(손실) (단위 : 원):1=21.4; consolidated:계속영업희석주당이익(손실) (단위 ::0=70.78; consolidated:계속영업희석주당이익(손실) (단위 ::1=21.4
20210528000234	01364297	2021	Q1	consolidated:기본주당손익 (단위 : 원):0=33.94; consolidated:기본주당손익 (단위 : 원):1=33.37; consolidated:희석주당손익 (단위 : 원):0=32.63; consolidated:희석주당손익 (단위 : 원):1=33.37; separate:기본주당손익 (단위 : 원):0=33.94; separate:기본주당손익 (단위 : 원):1=34.7; separate:희석주당손익 (단위 : 원):0=32.63; separate:희석주당손익 (단위 : 원):1=34.7
20210603000195	00620558	2020	FY	consolidated:기본주당이익(손실) (단위 : 원):0=-276.73; consolidated:기본주당이익(손실) (단위 : 원):1=-290.07; consolidated:기본주당이익(손실) (단위 : 원):2=-139.01; consolidated:희석주당이익(손실) (단위 : 원):0=-292.08; consolidated:희석주당이익(손실) (단위 : 원):1=-290.07; consolidated:희석주당이익(손실) (단위 : 원):2=-139.01; separate:기본주당이익(손실) (단위 : 원):0=-247.33; separate:기본주당이익(손실) (단위 : 원):1=-259.06; separate:기본주당이익(손실) (단위 : 원):2=-144.55; separate:희석주당이익(손실) (단위 : 원):0=-262.84; separate:희석주당이익(손실) (단위 : 원):1=-259.06; separate:희석주당이익(손실) (단위 : 원):2=-144.55
20210604000256	00231044	2020	FY	consolidated:기본주당이익(손실) (단위 : 원):0=-11.39; consolidated:기본주당이익(손실) (단위 : 원):1=-103.09; consolidated:기본주당이익(손실) (단위 : 원):2=-96.27; consolidated:희석주당이익(손실) (단위 : 원):0=-11.39; consolidated:희석주당이익(손실) (단위 : 원):1=-103.09; consolidated:희석주당이익(손실) (단위 : 원):2=-96.27; separate:기본주당이익(손실) (단위 : 원):0=-15.14; separate:기본주당이익(손실) (단위 : 원):1=-110.19; separate:기본주당이익(손실) (단위 : 원):2=-95.85; separate:희석주당이익(손실) (단위 : 원):0=-15.14; separate:희석주당이익(손실) (단위 : 원):1=-110.19; separate:희석주당이익(손실) (단위 : 원):2=-95.85
20210810000133	00231044	2021	H1	consolidated:기본주당이익(손실) (단위 : 원):0=-2.32; consolidated:기본주당이익(손실) (단위 : 원):1=-20.88; consolidated:희석주당이익(손실) (단위 : 원):0=-2.32; consolidated:희석주당이익(손실) (단위 : 원):1=-20.88; separate:기본주당이익(손실) (단위 : 원):0=2.18; separate:기본주당이익(손실) (단위 : 원):1=-20.37; separate:희석주당이익(손실) (단위 : 원):0=2.18; separate:희석주당이익(손실) (단위 : 원):1=-20.37
20210810000383	00231044	2021	H1	consolidated:기본주당이익(손실) (단위 : 원):0=-2.32; consolidated:기본주당이익(손실) (단위 : 원):1=-20.88; consolidated:희석주당이익(손실) (단위 : 원):0=-2.32; consolidated:희석주당이익(손실) (단위 : 원):1=-20.88; separate:기본주당이익(손실) (단위 : 원):0=2.18; separate:기본주당이익(손실) (단위 : 원):1=-20.37; separate:희석주당이익(손실) (단위 : 원):0=2.18; separate:희석주당이익(손실) (단위 : 원):1=-20.37
20210811000144	01366000	2021	H1	separate:기본 및 희석 주당손익:0=-8.37; separate:기본 및 희석 주당손익:1=-18.04
20210811000255	00158219	2021	H1	consolidated:기본주당이익(손실) (단위 : 원):0=91.32; consolidated:기본주당이익(손실) (단위 : 원):1=-123.01; consolidated:희석주당이익(손실) (단위 : 원):0=91.32; consolidated:희석주당이익(손실) (단위 : 원):1=-123.01; separate:기본주당이익(손실) (단위 : 원):0=90.55; separate:기본주당이익(손실) (단위 : 원):1=-123.69; separate:희석주당이익(손실) (단위 : 원):0=90.55; separate:희석주당이익(손실) (단위 : 원):1=-123.69
20210812000180	01390399	2021	H1	separate:기본 및 희석주당이익(손실):0=-2.2
20210813000205	00557933	2021	H1	consolidated:기본주당이익(손실) (단위 : 원):0=24.2; consolidated:기본주당이익(손실) (단위 : 원):1=-57.8; consolidated:희석주당이익(손실) (단위 : 원):0=24.2; consolidated:희석주당이익(손실) (단위 : 원):1=-57.8; separate:기본주당이익(손실) (단위 : 원):0=28.1; separate:기본주당이익(손실) (단위 : 원):1=-58.6; separate:희석주당이익(손실) (단위 : 원):0=28.1; separate:희석주당이익(손실) (단위 : 원):1=-58.6
20210813000214	00526678	2021	H1	separate:기본주당이익(손실) (단위 : 원):0=-33.5; separate:기본주당이익(손실) (단위 : 원):1=-30.7
20210813000263	01223219	2021	H1	separate:계속영업기본주당이익(손실) (단위 ::0=-31.96; separate:계속영업기본주당이익(손실) (단위 ::1=64.21; separate:중단영업기본주당이익(손실) (단위 ::0=-31.96; separate:중단영업기본주당이익(손실) (단위 ::1=64.21
20210813000655	00130879	2021	H1	separate:기본주당이익(손실) (단위 : 원):0=-8.7; separate:기본주당이익(손실) (단위 : 원):1=0.6; separate:희석주당이익(손실) (단위 : 원):0=-8.7; separate:희석주당이익(손실) (단위 : 원):1=0.4
20210813000826	01327092	2020	FY	separate:(1)기본주당순손익 (단위 : 원):0=-240.98; separate:(1)기본주당순손익 (단위 : 원):1=-16.9; separate:(1)기본주당순손익 (단위 : 원):2=110.12; separate:(2)희석주당순손익 (단위 : 원):0=-240.98; separate:(2)희석주당순손익 (단위 : 원):1=-16.9; separate:(2)희석주당순손익 (단위 : 원):2=110.12
20210813000870	01327092	2021	H1	consolidated:기본주당이익(손실) (단위 : 원):0=-144.08; consolidated:기본주당이익(손실) (단위 : 원):1=-107.15; consolidated:희석주당이익(손실) (단위 : 원):0=-144.08; consolidated:희석주당이익(손실) (단위 : 원):1=-107.15; separate:기본주당이익(손실) (단위 : 원):0=-142.39; separate:기본주당이익(손실) (단위 : 원):1=-107.15; separate:희석주당이익(손실) (단위 : 원):0=-142.39; separate:희석주당이익(손실) (단위 : 원):1=-107.15
20210813001193	01032486	2021	H1	consolidated:기본주당이익(손실):0=1.86; consolidated:기본주당이익(손실):1=0.62
20210813001209	00220109	2021	H1	consolidated:기본주당이익(손실) (단위 : 원):0=2.02; consolidated:기본주당이익(손실) (단위 : 원):1=39.74; consolidated:희석주당이익(손실) (단위 : 원):0=2.02; consolidated:희석주당이익(손실) (단위 : 원):1=39.74; separate:기본주당이익(손실) (단위 : 원):0=7.6; separate:기본주당이익(손실) (단위 : 원):1=42.57; separate:희석주당이익(손실) (단위 : 원):0=7.6; separate:희석주당이익(손실) (단위 : 원):1=42.57
20210813001218	00231691	2021	H1	separate:기본주당이익(손실) (단위 : 원):0=-11.7; separate:기본주당이익(손실) (단위 : 원):1=-20.4; separate:계속영업기본주당이익(손실) (단위 ::0=-11.7; separate:계속영업기본주당이익(손실) (단위 ::1=-20.4
20210813001305	00157636	2021	H1	consolidated:기본주당이익(손실) (단위 : 원):0=128.36; consolidated:기본주당이익(손실) (단위 : 원):1=-124.69; consolidated:계속영업기본주당이익(손실) (단위 ::0=128.36; consolidated:계속영업기본주당이익(손실) (단위 ::1=-124.69; consolidated:희석주당이익(손실) (단위 : 원):0=128.36; consolidated:희석주당이익(손실) (단위 : 원):1=-124.69; consolidated:계속영업희석주당이익(손실) (단위 ::0=128.36; consolidated:계속영업희석주당이익(손실) (단위 ::1=-124.69
20210813001343	00339072	2021	H1	separate:기본주당이익(손실) (단위 : 원):0=5.02; separate:기본주당이익(손실) (단위 : 원):1=-46.46
20210813001365	01326792	2021	H1	separate:기본주당이익(손실):0=-5.59; separate:기본주당이익(손실):1=11.14; separate:희석주당이익(손실):0=-5.59; separate:희석주당이익(손실):1=11.14
20210817000005	01440153	2021	H1	separate:기본주당이익:0=-7.67; separate:희석주당이익:0=-7.67
20210817000012	01440153	2021	H1	separate:기본주당이익:0=-7.67; separate:희석주당이익:0=-7.67
20210817000054	01407158	2021	H1	separate:주당이익(손실):0=-2.41; separate:주당이익(손실):1=1.49
20210817000393	00363510	2021	H1	consolidated:기본주당순이익(손실) (단위 : 원):0=20.6; consolidated:기본주당순이익(손실) (단위 : 원):1=-38.4; consolidated:희석주당순이익(손실) (단위 : 원):0=20.2; consolidated:희석주당순이익(손실) (단위 : 원):1=-38.4; separate:기본주당순이익(손실) (단위 : 원):0=24.4; separate:기본주당순이익(손실) (단위 : 원):1=-33.5; separate:희석주당순이익(손실) (단위 : 원):0=23.7; separate:희석주당순이익(손실) (단위 : 원):1=-33.5
20210817000653	00145473	2021	H1	separate:(1)기본주당이익(손실) (단위 : :0=256.8; separate:(1)기본주당이익(손실) (단위 : :1=99.5; separate:(2)희석주당이익(손실) (단위 : :0=256.8; separate:(2)희석주당이익(손실) (단위 : :1=99.5
20210817000707	00138516	2021	H1	consolidated:계속영업기본주당이익(손실) (단위 ::0=0.04; consolidated:계속영업기본주당이익(손실) (단위 ::1=0.01; consolidated:계속영업희석주당이익(손실) (단위 ::0=0.04; consolidated:계속영업희석주당이익(손실) (단위 ::1=0.01; separate:계속영업기본주당이익(손실) (단위 ::0=0.04; separate:계속영업희석주당이익(손실) (단위 ::0=0.04
20210817001026	01416572	2021	H1	separate:기본 및 희석 주당손익:0=-9.74; separate:기본 및 희석 주당손익:1=0.78
20210817001051	00616290	2021	Q1	consolidated:중단영업기본주당이익(손실) (단위 ::0=-0.22; consolidated:중단영업희석주당이익(손실) (단위 ::0=-0.22
20210817001161	00136457	2021	H1	consolidated:기본주당손실 (단위 : 원):0=-2.7; consolidated:기본주당손실 (단위 : 원):1=-52.3; consolidated:희석주당손실 (단위 : 원):0=-2.7; consolidated:희석주당손실 (단위 : 원):1=-52.3; separate:기본주당손실 (단위 : 원):0=-0.8; separate:기본주당손실 (단위 : 원):1=-48.9; separate:희석주당손실 (단위 : 원):0=-0.8; separate:희석주당손실 (단위 : 원):1=-48.9
20210817001209	00267942	2021	H1	separate:기본주당순이익(손실):0=6.4; separate:기본주당순이익(손실):1=-6.6; separate:희석주당순이익(손실):0=6.4; separate:희석주당순이익(손실):1=-6.6
20210817001605	00149804	2021	H1	consolidated:계속영업보통기본주당순이익 (단위 : :0=-9.14; consolidated:계속영업보통기본주당순이익 (단위 : :1=-72.4; consolidated:계속영업보통희석주당순이익 (단위 : :1=-72.4; separate:계속영업보통기본주당순이익 (단위 : :0=106.5; separate:계속영업보통기본주당순이익 (단위 : :1=128.1; separate:계속영업보통희석주당순이익 (단위 : :0=106.5; separate:계속영업보통희석주당순이익 (단위 : :1=133.5
20210817001758	00136165	2021	H1	consolidated:기본주당이익(손실) (단위 : 원):0=190.23; consolidated:기본주당이익(손실) (단위 : 원):1=428.98; consolidated:계속영업기본주당이익(손실) (단위 ::0=196.28; consolidated:계속영업기본주당이익(손실) (단위 ::1=432.33; consolidated:중단영업기본주당이익(손실) (단위 ::0=-6.05; consolidated:중단영업기본주당이익(손실) (단위 ::1=-3.35; separate:기본주당이익(손실) (단위 : 원):0=157.33; separate:기본주당이익(손실) (단위 : 원):1=224.03
20210817002048	00146296	2021	H1	separate:기본주당이익(손실) (단위 : 원):0=7.51; separate:기본주당이익(손실) (단위 : 원):1=6.13; separate:희석주당순이익 (단위 : 원):0=7.51; separate:희석주당순이익 (단위 : 원):1=6.13
20210817002076	00620558	2021	H1	consolidated:계속영업기본주당이익(손실) (단위 ::0=-27.29; consolidated:계속영업기본주당이익(손실) (단위 ::1=-68.54; consolidated:중단영업기본주당이익(손실) (단위 ::0=-1.16; consolidated:중단영업기본주당이익(손실) (단위 ::1=-56.56; consolidated:계속영업희석주당이익(손실) (단위 ::0=-27.29; consolidated:계속영업희석주당이익(손실) (단위 ::1=-68.54; consolidated:중단영업희석주당이익(손실) (단위 ::0=-1.16; consolidated:중단영업희석주당이익(손실) (단위 ::1=-56.56; separate:기본주당이익(손실) (단위 : 원):0=-7.57; separate:기본주당이익(손실) (단위 : 원):1=-151.34; separate:희석주당이익(손실) (단위 : 원):0=-7.69; separate:희석주당이익(손실) (단위 : 원):1=-151.34
20211110000248	01390399	2021	Q3	separate:기본 및 희석주당이익(손실):0=-2.5; separate:기본 및 희석주당이익(손실):1=7.3
20211111000258	01366000	2021	Q3	separate:기본 및 희석 주당손익:0=-10.48; separate:기본 및 희석 주당손익:1=-20.29
20211111000368	00157636	2021	Q3	consolidated:기본주당이익(손실) (단위 : 원):0=5.33; consolidated:기본주당이익(손실) (단위 : 원):1=-139.47; consolidated:계속영업기본주당이익(손실) (단위 ::0=5.33; consolidated:계속영업기본주당이익(손실) (단위 ::1=-139.47; consolidated:희석주당이익(손실) (단위 : 원):0=5.33; consolidated:희석주당이익(손실) (단위 : 원):1=-139.47; consolidated:계속영업희석주당이익(손실) (단위 ::0=5.33; consolidated:계속영업희석주당이익(손실) (단위 ::1=-139.47
20211112000288	01223219	2021	Q3	separate:계속영업기본주당이익(손실) (단위 ::0=-43.84; separate:계속영업기본주당이익(손실) (단위 ::1=60.41; separate:계속영업희석주당이익(손실) (단위 ::0=-43.84; separate:계속영업희석주당이익(손실) (단위 ::1=60.41
20211112000496	00146427	2021	Q3	consolidated:기본주당이익(손실) (단위 : 원):0=10.43; consolidated:기본주당이익(손실) (단위 : 원):1=-292.5; consolidated:계속영업기본주당이익(손실) (단위 ::0=10.43; consolidated:계속영업기본주당이익(손실) (단위 ::1=-46.6; consolidated:중단영업기본주당이익(손실) (단위 ::1=-245.9; consolidated:희석주당이익(손실) (단위 : 원):0=3.87; consolidated:계속영업희석주당이익(손실) (단위 ::0=3.87; separate:기본주당이익(손실) (단위 : 원):0=18.44; separate:기본주당이익(손실) (단위 : 원):1=-246.2; separate:계속영업기본주당이익(손실) (단위 ::0=18.44; separate:계속영업기본주당이익(손실) (단위 ::1=-0.2; separate:희석주당이익(손실) (단위 : 원):0=7.29; separate:계속영업희석주당이익(손실) (단위 ::0=7.29
20211112000716	01327092	2021	Q3	consolidated:기본주당이익(손실) (단위 : 원):0=-300.64; consolidated:기본주당이익(손실) (단위 : 원):1=-121.82; consolidated:희석주당이익(손실) (단위 : 원):0=-300.64; consolidated:희석주당이익(손실) (단위 : 원):1=-121.82; separate:기본주당이익(손실) (단위 : 원):0=-294.17; separate:기본주당이익(손실) (단위 : 원):1=-121.82; separate:희석주당이익(손실) (단위 : 원):0=-294.17; separate:희석주당이익(손실) (단위 : 원):1=-121.82
20211112001072	00339072	2021	Q3	separate:기본주당이익(손실) (단위 : 원):0=28.8; separate:기본주당이익(손실) (단위 : 원):1=-74.51
20211112001105	00220109	2021	Q3	consolidated:기본주당이익(손실) (단위 : 원):0=-3.67; consolidated:기본주당이익(손실) (단위 : 원):1=27.77; consolidated:희석주당이익(손실) (단위 : 원):0=-3.67; consolidated:희석주당이익(손실) (단위 : 원):1=27.77; separate:기본주당이익(손실) (단위 : 원):0=6.28; separate:기본주당이익(손실) (단위 : 원):1=37.25; separate:희석주당이익(손실) (단위 : 원):0=6.28; separate:희석주당이익(손실) (단위 : 원):1=37.25
20211112001148	00231691	2021	Q3	consolidated:기본주당이익(손실) (단위 : 원):0=-5.9; consolidated:기본주당이익(손실) (단위 : 원):1=-3.6; consolidated:계속영업기본주당이익(손실) (단위 ::0=-5.9; consolidated:계속영업기본주당이익(손실) (단위 ::1=-3.6; separate:기본주당이익(손실) (단위 : 원):0=-7.3; separate:기본주당이익(손실) (단위 : 원):1=-19.5; separate:계속영업기본주당이익(손실) (단위 ::0=-7.3; separate:계속영업기본주당이익(손실) (단위 ::1=-19.5
20211112001174	01032486	2021	Q3	consolidated:기본주당이익(손실):0=2.32; consolidated:기본주당이익(손실):1=1.19
20211115000029	01407158	2021	Q3	separate:주당이익(손실):0=-3.23; separate:주당이익(손실):1=2.42
20211115000163	00946030	2021	Q3	consolidated:기본주당이익(손실) (단위 : 원):1=-60.8; consolidated:희석주당이익(손실) (단위 : 원):1=-60.8; separate:기본주당이익(손실) (단위 : 원):0=-44.9; separate:기본주당이익(손실) (단위 : 원):1=-80.1; separate:희석주당이익(손실) (단위 : 원):0=-44.9; separate:희석주당이익(손실) (단위 : 원):1=-80.1
20211115000184	00138516	2021	Q3	consolidated:계속영업기본주당이익(손실) (단위 ::0=0.08; consolidated:계속영업기본주당이익(손실) (단위 ::1=0.05; consolidated:계속영업희석주당이익(손실) (단위 ::0=0.08; consolidated:계속영업희석주당이익(손실) (단위 ::1=0.05; separate:계속영업기본주당이익(손실) (단위 ::0=0.07; separate:계속영업기본주당이익(손실) (단위 ::1=0.05; separate:계속영업희석주당이익(손실) (단위 ::0=0.07; separate:계속영업희석주당이익(손실) (단위 ::1=0.05
20211115000544	00136457	2021	Q3	consolidated:기본주당이익(손실) (단위 : 원):0=4.8; consolidated:기본주당이익(손실) (단위 : 원):1=-58.1; consolidated:희석주당이익(손실) (단위 : 원):0=4.8; consolidated:희석주당이익(손실) (단위 : 원):1=-58.1; separate:기본주당이익(손실) (단위 : 원):0=7.3; separate:기본주당이익(손실) (단위 : 원):1=-54.2; separate:희석주당이익(손실) (단위 : 원):0=7.3; separate:희석주당이익(손실) (단위 : 원):1=-54.2
20211115000712	00145473	2021	Q3	separate:(1)기본주당이익(손실) (단위 : :0=318.14; separate:(1)기본주당이익(손실) (단위 : :1=142.4; separate:(2)희석주당이익(손실) (단위 : :0=318.14; separate:(2)희석주당이익(손실) (단위 : :1=142.4
20211115000772	00136165	2021	Q3	consolidated:기본주당이익(손실) (단위 : 원):0=341.65; consolidated:기본주당이익(손실) (단위 : 원):1=619.62; consolidated:계속영업기본주당이익(손실) (단위 ::0=348.12; consolidated:계속영업기본주당이익(손실) (단위 ::1=627.88; consolidated:중단영업기본주당이익(손실) (단위 ::0=-6.47; consolidated:중단영업기본주당이익(손실) (단위 ::1=-8.26; separate:기본주당이익(손실) (단위 : 원):0=495.62; separate:기본주당이익(손실) (단위 : 원):1=214.44
20211115001052	00557933	2021	Q3	consolidated:기본주당이익(손실) (단위 : 원):0=2.3; consolidated:기본주당이익(손실) (단위 : 원):1=-97.8; consolidated:희석주당이익(손실) (단위 : 원):0=2.3; consolidated:희석주당이익(손실) (단위 : 원):1=-97.8; separate:기본주당이익(손실) (단위 : 원):0=6.7; separate:기본주당이익(손실) (단위 : 원):1=-96.5; separate:희석주당이익(손실) (단위 : 원):0=6.7; separate:희석주당이익(손실) (단위 : 원):1=-96.5
20211115001108	00144021	2021	Q3	separate:계속영업기본주당이익(손실) (단위 ::0=-57.8; separate:계속영업기본주당이익(손실) (단위 ::1=-60.6; separate:계속영업희석주당이익(손실) (단위 ::0=-57.8; separate:계속영업희석주당이익(손실) (단위 ::1=-60.6
20211115001110	00620558	2021	Q3	consolidated:계속영업기본주당이익(손실) (단위 ::0=-8.6; consolidated:계속영업기본주당이익(손실) (단위 ::1=-83.77; consolidated:중단영업기본주당이익(손실) (단위 ::0=-1.16; consolidated:중단영업기본주당이익(손실) (단위 ::1=-81.45; consolidated:계속영업희석주당이익(손실) (단위 ::1=-83.77; consolidated:중단영업희석주당이익(손실) (단위 ::0=-1.16; consolidated:중단영업희석주당이익(손실) (단위 ::1=-81.45; separate:기본주당이익(손실) (단위 : 원):0=12.37; separate:기본주당이익(손실) (단위 : 원):1=-187.87; separate:희석주당이익(손실) (단위 : 원):0=1.11; separate:희석주당이익(손실) (단위 : 원):1=-187.87
20211115001256	00149804	2021	Q3	consolidated:계속영업보통기본주당순이익 (단위 : :0=-21.18; separate:계속영업보통기본주당순이익 (단위 : :0=112.9; separate:계속영업보통희석주당순이익 (단위 : :0=112.9; separate:계속영업보통희석주당순이익 (단위 : :1=140.3
20211115001561	00158219	2021	Q3	consolidated:기본주당이익(손실) (단위 : 원):0=129.53; consolidated:기본주당이익(손실) (단위 : 원):1=-171.05; consolidated:희석주당이익(손실) (단위 : 원):0=129.53; consolidated:희석주당이익(손실) (단위 : 원):1=-171.05; separate:기본주당이익(손실) (단위 : 원):0=128.84; separate:기본주당이익(손실) (단위 : 원):1=-172.17; separate:희석주당이익(손실) (단위 : 원):0=128.84; separate:희석주당이익(손실) (단위 : 원):1=-172.17
20211115001644	00230814	2021	Q3	separate:계속영업기본주당이익(손실) (단위 ::0=-111.19; separate:계속영업기본주당이익(손실) (단위 ::1=-70.68; separate:중단영업기본주당이익(손실) (단위 ::0=-1046.96; separate:중단영업기본주당이익(손실) (단위 ::1=-958.95; separate:계속영업희석주당이익(손실) (단위 ::0=-111.19; separate:계속영업희석주당이익(손실) (단위 ::1=-70.68; separate:중단영업희석주당이익(손실) (단위 ::0=-1046.96; separate:중단영업희석주당이익(손실) (단위 ::1=-958.95
20211115001815	00153755	2021	Q3	consolidated:(1)기본주당이익(손실) (단위 : :0=15.2; consolidated:(2)희석주당이익(손실) (단위 : :0=15.2
20211115001918	00267942	2021	Q3	separate:기본주당순이익:0=12.2; separate:기본주당순이익:1=3.5; separate:희석주당순이익:0=12.2; separate:희석주당순이익:1=3.5
20211115001981	00146296	2021	Q3	separate:기본주당이익(손실) (단위 : 원):0=3.1; separate:기본주당이익(손실) (단위 : 원):1=9.38; separate:희석주당순이익 (단위 : 원):0=3.1; separate:희석주당순이익 (단위 : 원):1=9.38
20211115002218	00363510	2021	Q3	consolidated:기본주당순이익(손실) (단위 : 원):1=-16.9; consolidated:희석주당순이익(손실) (단위 : 원):1=-16.9; separate:기본주당순이익(손실) (단위 : 원):0=29.6; separate:희석주당순이익(손실) (단위 : 원):0=29.6
20211115002256	00923826	2021	Q3	consolidated:기본주당이익(손실) (단위 : 원):0=-221.5; consolidated:기본주당이익(손실) (단위 : 원):1=-113.9; consolidated:희석주당이익(손실) (단위 : 원):0=-221.5; consolidated:희석주당이익(손실) (단위 : 원):1=-113.9; consolidated:기본중단사업주당이익 (단위 : 원):0=-0.5; consolidated:기본중단사업주당이익 (단위 : 원):1=-3.6; consolidated:중단사업희석주당이익 (단위 : 원):0=-0.5; consolidated:중단사업희석주당이익 (단위 : 원):1=-3.6; separate:기본주당이익(손실) (단위 : 원):0=-223.9; separate:희석주당이익(손실) (단위 : 원):0=-223.9; separate:중단사업기본주당이익 (단위 : 원):0=-0.5; separate:중단사업기본주당이익 (단위 : 원):1=-3.6; separate:중단사업희석주당이익 (단위 : 원):0=-0.5; separate:중단사업희석주당이익 (단위 : 원):1=-3.6
20211117000208	00230814	2021	Q3	separate:계속영업기본주당이익(손실) (단위 ::0=-111.19; separate:계속영업기본주당이익(손실) (단위 ::1=-70.68; separate:중단영업기본주당이익(손실) (단위 ::0=-1046.96; separate:중단영업기본주당이익(손실) (단위 ::1=-958.95; separate:계속영업희석주당이익(손실) (단위 ::0=-111.19; separate:계속영업희석주당이익(손실) (단위 ::1=-70.68; separate:중단영업희석주당이익(손실) (단위 ::0=-1046.96; separate:중단영업희석주당이익(손실) (단위 ::1=-958.95
20220308000045	01366000	2021	FY	separate:기본 및 희석 주당손익:0=-0.55; separate:기본 및 희석 주당손익:1=-3.44
20220314000822	01327092	2021	FY	consolidated:기본주당이익(손실) (단위 : 원):0=-277.32; consolidated:기본주당이익(손실) (단위 : 원):1=-240.98; consolidated:기본주당이익(손실) (단위 : 원):2=-16.9; consolidated:희석주당이익(손실) (단위 : 원):0=-277.32; consolidated:희석주당이익(손실) (단위 : 원):1=-240.98; consolidated:희석주당이익(손실) (단위 : 원):2=-16.9; separate:기본주당이익(손실) (단위 : 원):0=-264.09; separate:기본주당이익(손실) (단위 : 원):1=-240.98; separate:기본주당이익(손실) (단위 : 원):2=-16.9; separate:희석주당이익(손실) (단위 : 원):0=-264.09; separate:희석주당이익(손실) (단위 : 원):1=-240.98; separate:희석주당이익(손실) (단위 : 원):2=-16.9
20220316000323	01407158	2021	FY	separate:주당이익(손실):0=-3.2; separate:주당이익(손실):1=3.3
20220317000536	00138516	2021	FY	consolidated:계속영업기본주당이익(손실) (단위 ::0=0.15; consolidated:계속영업기본주당이익(손실) (단위 ::1=0.06; consolidated:계속영업희석주당이익(손실) (단위 ::0=0.15; consolidated:계속영업희석주당이익(손실) (단위 ::1=0.06; separate:계속영업기본주당이익(손실) (단위 ::0=0.12; separate:계속영업기본주당이익(손실) (단위 ::1=0.08; separate:계속영업기본주당이익(손실) (단위 ::2=0.02; separate:계속영업희석주당이익(손실) (단위 ::0=0.12; separate:계속영업희석주당이익(손실) (단위 ::1=0.08; separate:계속영업희석주당이익(손실) (단위 ::2=0.02
20220317001166	00146296	2021	FY	separate:기본주당이익(손실) (단위 : 원):0=-0.79; separate:기본주당이익(손실) (단위 : 원):1=8.2; separate:희석주당순이익 (단위 : 원):0=-0.79; separate:희석주당순이익 (단위 : 원):1=8.2
20220318000737	00231691	2021	FY	consolidated:기본주당이익(손실) (단위 : 원):0=-40.1; consolidated:계속영업기본주당이익(손실) (단위 ::0=-40.1; separate:기본주당이익(손실) (단위 : 원):0=-40.6; separate:기본주당이익(손실) (단위 : 원):1=-26.1; separate:계속영업기본주당이익(손실) (단위 ::0=-40.6; separate:계속영업기본주당이익(손실) (단위 ::1=-26.1
20220318000775	00220109	2021	FY	consolidated:기본주당이익(손실) (단위 : 원):0=-68.17; consolidated:기본주당이익(손실) (단위 : 원):1=28.51; consolidated:기본주당이익(손실) (단위 : 원):2=-324.87; consolidated:희석주당이익(손실) (단위 : 원):0=-68.17; consolidated:희석주당이익(손실) (단위 : 원):1=28.51; consolidated:희석주당이익(손실) (단위 : 원):2=-324.87; separate:기본주당이익(손실) (단위 : 원):0=-80.81; separate:기본주당이익(손실) (단위 : 원):1=29.24; separate:기본주당이익(손실) (단위 : 원):2=-335.07; separate:희석주당이익(손실) (단위 : 원):0=-80.81; separate:희석주당이익(손실) (단위 : 원):1=29.24; separate:희석주당이익(손실) (단위 : 원):2=-335.07
20220318001112	01032486	2021	FY	consolidated:기본주당이익(손실):0=3.36; consolidated:기본주당이익(손실):1=2.09; consolidated:기본주당이익(손실):2=2.33
20220321000270	00145473	2021	FY	separate:(1)기본주당이익(손실) (단위 : :0=296.4; separate:(1)기본주당이익(손실) (단위 : :1=200.3; separate:(1)기본주당이익(손실) (단위 : :2=100.4; separate:(2)희석주당이익(손실) (단위 : :0=296.4; separate:(2)희석주당이익(손실) (단위 : :1=200.3; separate:(2)희석주당이익(손실) (단위 : :2=100.4
20220321001311	00231044	2021	FY	consolidated:기본주당이익(손실) (단위 : 원):0=47.28; consolidated:기본주당이익(손실) (단위 : 원):1=-11.39; consolidated:기본주당이익(손실) (단위 : 원):2=-103.09; consolidated:희석주당이익(손실) (단위 : 원):0=47.28; consolidated:희석주당이익(손실) (단위 : 원):1=-11.39; consolidated:희석주당이익(손실) (단위 : 원):2=-103.09; separate:기본주당이익(손실) (단위 : 원):0=38.52; separate:기본주당이익(손실) (단위 : 원):1=-15.14; separate:기본주당이익(손실) (단위 : 원):2=-110.19; separate:희석주당이익(손실) (단위 : 원):0=38.52; separate:희석주당이익(손실) (단위 : 원):1=-15.14; separate:희석주당이익(손실) (단위 : 원):2=-110.19
20220321001354	00946030	2021	FY	consolidated:기본주당이익 (단위 : 원):0=64.8; consolidated:희석주당이익 (단위 : 원):0=64.3; separate:기본주당이익 (단위 : 원):0=16.5; separate:희석주당이익 (단위 : 원):0=16.3
20220322000701	00136457	2021	FY	consolidated:기본주당이익(손실) (단위 : 원):0=5.7; consolidated:기본주당이익(손실) (단위 : 원):1=-61.9; consolidated:기본주당이익(손실) (단위 : 원):2=-25.8; consolidated:희석주당이익(손실) (단위 : 원):0=5.7; consolidated:희석주당이익(손실) (단위 : 원):1=-61.9; consolidated:희석주당이익(손실) (단위 : 원):2=-25.8; separate:기본주당이익(손실) (단위 : 원):0=6.9; separate:기본주당이익(손실) (단위 : 원):1=-65.4; separate:기본주당이익(손실) (단위 : 원):2=-28.5; separate:희석주당이익(손실) (단위 : 원):0=6.9; separate:희석주당이익(손실) (단위 : 원):1=-65.4; separate:희석주당이익(손실) (단위 : 원):2=-28.5
20220322001108	00149804	2021	FY	consolidated:계속영업보통기본주당순이익 (단위 : :0=-135.9; consolidated:계속영업보통기본주당순이익 (단위 : :1=-19.6; consolidated:계속영업보통기본주당순이익 (단위 : :2=95.1; consolidated:계속영업보통희석주당순이익 (단위 : :1=-19.6; consolidated:계속영업보통희석주당순이익 (단위 : :2=71.9; separate:계속영업보통기본주당순이익 (단위 : :0=-83.6; separate:계속영업보통기본주당순이익 (단위 : :1=-3.4; separate:계속영업보통기본주당순이익 (단위 : :2=111.3; separate:계속영업보통희석주당순이익 (단위 : :0=-83.6; separate:계속영업보통희석주당순이익 (단위 : :1=-3.4
20220323000337	01390399	2021	FY	separate:기본 및 희석주당이익:0=-2.8; separate:기본 및 희석주당이익:1=6.4
20220323000713	00130879	2021	FY	separate:기본주당이익(손실) (단위 : 원):0=-15.6; separate:기본주당이익(손실) (단위 : 원):1=-7.3; separate:기본주당이익(손실) (단위 : 원):2=-5.9; separate:희석주당이익(손실) (단위 : 원):0=-15.6; separate:희석주당이익(손실) (단위 : 원):1=-7.3; separate:희석주당이익(손실) (단위 : 원):2=-5.9
20220323001209	00557933	2021	FY	consolidated:기본주당이익(손실) (단위 : 원):0=286.6; consolidated:기본주당이익(손실) (단위 : 원):1=-145.6; consolidated:기본주당이익(손실) (단위 : 원):2=-219.5; consolidated:희석주당이익(손실) (단위 : 원):0=286.3; consolidated:희석주당이익(손실) (단위 : 원):1=-145.6; consolidated:희석주당이익(손실) (단위 : 원):2=-219.5; separate:기본주당이익(손실) (단위 : 원):0=292.9; separate:기본주당이익(손실) (단위 : 원):1=-140.9; separate:기본주당이익(손실) (단위 : 원):2=219.3; separate:희석주당이익(손실) (단위 : 원):0=292.7; separate:희석주당이익(손실) (단위 : 원):1=-140.9; separate:희석주당이익(손실) (단위 : 원):2=219.3
20220323001269	00923826	2021	FY	consolidated:중단영업기본주당이익(손실) (단위 ::0=-0.4; consolidated:중단영업희석주당이익(손실) (단위 ::0=-0.4; separate:중단영업기본주당이익(손실) (단위 ::0=-0.4; separate:중단영업희석주당이익(손실) (단위 ::0=-0.4
20220324000531	00149804	2021	FY	consolidated:계속영업보통기본주당순이익 (단위 : :0=-135.9; consolidated:계속영업보통기본주당순이익 (단위 : :1=-19.6; consolidated:계속영업보통기본주당순이익 (단위 : :2=95.1; consolidated:계속영업보통희석주당순이익 (단위 : :0=-135.9; consolidated:계속영업보통희석주당순이익 (단위 : :1=-19.6; consolidated:계속영업보통희석주당순이익 (단위 : :2=71.9; separate:계속영업보통기본주당순이익 (단위 : :0=-83.6; separate:계속영업보통기본주당순이익 (단위 : :1=-3.4; separate:계속영업보통기본주당순이익 (단위 : :2=111.3; separate:계속영업보통희석주당순이익 (단위 : :0=-83.6; separate:계속영업보통희석주당순이익 (단위 : :1=-3.4
20220324000586	01327092	2021	FY	consolidated:기본주당이익(손실) (단위 : 원):0=-277.32; consolidated:기본주당이익(손실) (단위 : 원):1=-240.98; consolidated:기본주당이익(손실) (단위 : 원):2=-16.9; consolidated:희석주당이익(손실) (단위 : 원):0=-277.32; consolidated:희석주당이익(손실) (단위 : 원):1=-240.98; consolidated:희석주당이익(손실) (단위 : 원):2=-16.9; separate:기본주당이익(손실) (단위 : 원):0=-264.09; separate:기본주당이익(손실) (단위 : 원):1=-240.98; separate:기본주당이익(손실) (단위 : 원):2=-16.9; separate:희석주당이익(손실) (단위 : 원):0=-264.09; separate:희석주당이익(손실) (단위 : 원):1=-240.98; separate:희석주당이익(손실) (단위 : 원):2=-16.9
20220328000433	00557933	2021	FY	consolidated:기본주당이익(손실) (단위 : 원):0=286.6; consolidated:기본주당이익(손실) (단위 : 원):1=-145.6; consolidated:기본주당이익(손실) (단위 : 원):2=-219.5; consolidated:희석주당이익(손실) (단위 : 원):0=286.3; consolidated:희석주당이익(손실) (단위 : 원):1=-145.6; consolidated:희석주당이익(손실) (단위 : 원):2=-219.5; separate:기본주당이익(손실) (단위 : 원):0=292.9; separate:기본주당이익(손실) (단위 : 원):1=-140.9; separate:기본주당이익(손실) (단위 : 원):2=219.3; separate:희석주당이익(손실) (단위 : 원):0=292.7; separate:희석주당이익(손실) (단위 : 원):1=-140.9; separate:희석주당이익(손실) (단위 : 원):2=219.3
20220331003640	00620558	2021	FY	consolidated:계속영업기본주당이익(손실) (단위 ::0=-38.69; consolidated:계속영업기본주당이익(손실) (단위 ::1=-210.01; consolidated:계속영업기본주당이익(손실) (단위 ::2=-252.93; consolidated:중단영업기본주당이익(손실) (단위 ::0=-1.15; consolidated:중단영업기본주당이익(손실) (단위 ::1=-66.71; consolidated:중단영업기본주당이익(손실) (단위 ::2=-37.14; consolidated:계속영업희석주당이익(손실) (단위 ::0=-40.43; consolidated:계속영업희석주당이익(손실) (단위 ::1=-225.73; consolidated:계속영업희석주당이익(손실) (단위 ::2=-252.93; consolidated:중단영업희석주당이익(손실) (단위 ::0=-1.15; consolidated:중단영업희석주당이익(손실) (단위 ::1=-66.71; consolidated:중단영업희석주당이익(손실) (단위 ::2=-37.14; separate:기본주당이익(손실) (단위 : 원):0=-17.6; separate:기본주당이익(손실) (단위 : 원):1=-247.33; separate:기본주당이익(손실) (단위 : 원):2=-259.06; separate:희석주당이익(손실) (단위 : 원):0=-21.46; separate:희석주당이익(손실) (단위 : 원):1=-262.84; separate:희석주당이익(손실) (단위 : 원):2=-259.06
20220503000010	01390399	2022	Q1	separate:기본 및 희석주당이익(손실):0=-6.5; separate:기본 및 희석주당이익(손실):1=-1.1
20220509000183	01366000	2022	Q1	separate:기본 및 희석 주당손익:0=-1.90
20220510000269	01407158	2022	Q1	separate:주당이익(손실):0=-5.71; separate:주당이익(손실):1=-0.58
20220511000715	00149804	2022	Q1	consolidated:계속영업보통기본주당순이익 (단위 : :0=-61.68; consolidated:계속영업보통기본주당순이익 (단위 : :1=31.9; consolidated:계속영업보통희석주당순이익 (단위 : :0=-56.91; consolidated:계속영업보통희석주당순이익 (단위 : :1=31.9; separate:계속영업보통기본주당순이익 (단위 : :0=56.6; separate:계속영업보통기본주당순이익 (단위 : :1=110.2; separate:계속영업보통희석주당순이익 (단위 : :0=53.2; separate:계속영업보통희석주당순이익 (단위 : :1=90.1
20220512000873	00995993	2022	Q1	consolidated:기본주당이익(손실) (단위 : 원):0=-0.4; consolidated:희석주당이익(손실) (단위 : 원):0=-0.4
20220513000351	01223219	2022	Q1	separate:계속영업기본주당이익(손실) (단위 ::0=-10.32; separate:계속영업기본주당이익(손실) (단위 ::1=-16.01; separate:계속영업희석주당이익(손실) (단위 ::0=-10.32; separate:계속영업희석주당이익(손실) (단위 ::1=-16.01
20220513000558	00146427	2022	Q1	consolidated:기본주당이익(손실) (단위 : 원):0=-1.5; consolidated:계속영업기본주당이익(손실) (단위 ::0=-1.5; consolidated:희석주당이익(손실) (단위 : 원):0=-1.5; consolidated:계속영업희석주당이익(손실) (단위 ::0=-1.5; separate:기본주당이익(손실) (단위 : 원):0=2.9; separate:계속영업기본주당이익(손실) (단위 ::0=2.9; separate:희석주당이익(손실) (단위 : 원):0=2.9; separate:계속영업희석주당이익(손실) (단위 ::0=2.9
20220513000784	01311310	2022	Q1	separate:기본주당이익(손실) (단위 : 원):1=126.16; separate:희석주당이익(손실) (단위 : 원):0=99.35; separate:희석주당이익(손실) (단위 : 원):1=126.06
20220513001140	01327092	2022	Q1	consolidated:기본주당이익(손실) (단위 : 원):0=-138.24; consolidated:기본주당이익(손실) (단위 : 원):1=-82.84; consolidated:희석주당이익(손실) (단위 : 원):0=-138.24; consolidated:희석주당이익(손실) (단위 : 원):1=-82.84; separate:기본주당이익(손실) (단위 : 원):0=-132.04; separate:기본주당이익(손실) (단위 : 원):1=-82.6; separate:희석주당이익(손실) (단위 : 원):0=-132.04; separate:희석주당이익(손실) (단위 : 원):1=-82.6
20220513001283	00157636	2022	Q1	consolidated:기본주당이익(손실) (단위 : 원):0=418.65; consolidated:기본주당이익(손실) (단위 : 원):1=70.78; consolidated:계속영업기본주당이익(손실) (단위 ::0=418.65; consolidated:계속영업기본주당이익(손실) (단위 ::1=70.78; consolidated:희석주당이익(손실) (단위 : 원):0=349.92; consolidated:희석주당이익(손실) (단위 : 원):1=70.78; consolidated:계속영업희석주당이익(손실) (단위 ::0=349.92; consolidated:계속영업희석주당이익(손실) (단위 ::1=70.78
20220513001536	00231691	2022	Q3	consolidated:기본주당이익(손실) (단위 : 원):0=2.3; consolidated:계속영업기본주당이익(손실) (단위 ::0=2.3; separate:기본주당이익(손실) (단위 : 원):1=-0.4; separate:계속영업기본주당이익(손실) (단위 ::1=-0.4
20220516000159	00138516	2022	Q1	consolidated:계속영업기본주당이익(손실) (단위 ::0=0.05; consolidated:계속영업기본주당이익(손실) (단위 ::1=0.03; consolidated:계속영업희석주당이익(손실) (단위 ::0=0.05; consolidated:계속영업희석주당이익(손실) (단위 ::1=0.03; separate:계속영업기본주당이익(손실) (단위 ::0=0.05; separate:계속영업기본주당이익(손실) (단위 ::1=0.03; separate:계속영업희석주당이익(손실) (단위 ::0=0.05; separate:계속영업희석주당이익(손실) (단위 ::1=0.03
20220516000221	00145473	2022	Q1	separate:(1)기본주당이익(손실) (단위 : :0=115.1; separate:(1)기본주당이익(손실) (단위 : :1=100.7; separate:(2)희석주당이익(손실) (단위 : :0=115.1; separate:(2)희석주당이익(손실) (단위 : :1=100.7
20220516000498	00136457	2022	Q1	consolidated:기본주당이익 (단위 : 원):0=16.5; consolidated:기본주당이익 (단위 : 원):1=6.1; consolidated:희석주당이익 (단위 : 원):0=16.5; consolidated:희석주당이익 (단위 : 원):1=6.1; separate:기본주당이익 (단위 : 원):0=17.1; separate:기본주당이익 (단위 : 원):1=7.3; separate:희석주당이익 (단위 : 원):0=17.1; separate:희석주당이익 (단위 : 원):1=7.3
20220516000523	00557933	2022	Q1	consolidated:기본주당이익(손실) (단위 : 원):0=169.2; consolidated:기본주당이익(손실) (단위 : 원):1=83.4; consolidated:희석주당이익(손실) (단위 : 원):1=83.3; separate:기본주당이익(손실) (단위 : 원):1=88.1; separate:희석주당이익(손실) (단위 : 원):0=170.8
20220516000604	00110583	2022	Q1	consolidated:계속영업 주당손익 (단위 : 원):0=3.3; consolidated:계속영업 주당손익 (단위 : 원):1=-6.22
20220516000850	00231044	2022	Q1	consolidated:기본주당이익(손실) (단위 : 원):0=0.49; consolidated:기본주당이익(손실) (단위 : 원):1=-0.02; consolidated:희석주당이익(손실) (단위 : 원):0=0.49; consolidated:희석주당이익(손실) (단위 : 원):1=-0.02; separate:기본주당이익(손실) (단위 : 원):0=0.84; separate:기본주당이익(손실) (단위 : 원):1=2.85; separate:희석주당이익(손실) (단위 : 원):0=0.84; separate:희석주당이익(손실) (단위 : 원):1=2.85
20220516001135	00130408	2022	Q1	separate:기본주당이익(손실) (단위 : 원):0=0.1; separate:계속영업기본주당이익(손실) (단위 ::0=0.1; separate:희석주당이익(손실) (단위 : 원):0=0.1; separate:계속영업희석주당이익(손실) (단위 ::0=0.1
20220516001324	00405506	2022	Q1	separate:기본주당이익(손실) (단위 : 원):0=10.6; separate:기본주당이익(손실) (단위 : 원):1=46.9; separate:희석주당이익(손실) (단위 : 원):0=10.6; separate:희석주당이익(손실) (단위 : 원):1=46.9
20220516001376	00146296	2022	Q1	separate:기본주당이익(손실) (단위 : 원):0=5.84; separate:기본주당이익(손실) (단위 : 원):1=5.77; separate:희석주당순이익 (단위 : 원):0=5.84; separate:희석주당순이익 (단위 : 원):1=5.77
20220516001431	00620558	2022	Q1	consolidated:계속영업기본주당이익(손실) (단위 ::0=-6.46; consolidated:중단영업기본주당이익(손실) (단위 ::1=-6.36; consolidated:계속영업희석주당이익(손실) (단위 ::0=-6.46; consolidated:중단영업희석주당이익(손실) (단위 ::1=-6.36; separate:기본주당이익(손실) (단위 : 원):0=-2.07; separate:기본주당이익(손실) (단위 : 원):1=-5.17; separate:희석주당이익(손실) (단위 : 원):0=-2.07; separate:희석주당이익(손실) (단위 : 원):1=-5.17
20220516001791	00220109	2022	Q1	consolidated:기본주당이익(손실) (단위 : 원):0=-11.61; consolidated:기본주당이익(손실) (단위 : 원):1=3.52; consolidated:희석주당이익(손실) (단위 : 원):0=-11.61; consolidated:희석주당이익(손실) (단위 : 원):1=3.52; separate:기본주당이익(손실) (단위 : 원):0=-5.85; separate:기본주당이익(손실) (단위 : 원):1=2.02; separate:희석주당이익(손실) (단위 : 원):0=-5.85; separate:희석주당이익(손실) (단위 : 원):1=2.02
20220516001947	00158219	2022	Q1	consolidated:기본주당이익(손실) (단위 : 원):0=23.42; consolidated:기본주당이익(손실) (단위 : 원):1=49.65; consolidated:희석주당이익(손실) (단위 : 원):0=23.42; consolidated:희석주당이익(손실) (단위 : 원):1=49.65; separate:기본주당이익(손실) (단위 : 원):0=22.74; separate:기본주당이익(손실) (단위 : 원):1=49.06; separate:희석주당이익(손실) (단위 : 원):0=22.74; separate:희석주당이익(손실) (단위 : 원):1=49.06
20220516002047	00136165	2022	Q1	consolidated:기본 및 희석주당이익(손실) (단위 :0=-28.88; consolidated:기본 및 희석주당이익(손실) (단위 :1=74.34; consolidated:계속영업 기본 및 희석주당이익(손실):0=-28.88; consolidated:계속영업 기본 및 희석주당이익(손실):1=84.8; consolidated:중단영업 기본 및 희석주당이익(손실):1=-10.46
20220516002074	01311310	2022	Q1	separate:기본주당이익(손실) (단위 : 원):1=126.16; separate:희석주당이익(손실) (단위 : 원):0=99.35; separate:희석주당이익(손실) (단위 : 원):1=126.06
20220516002297	00573579	2022	Q1	separate:기본주당반기순이익(손실) (단위 : :0=0.5
20220516002386	01043853	2022	Q1	separate:기본주당이익(손실) (단위 : 원):0=-0.11; separate:희석주당이익(손실) (단위 : 원):0=-0.11
20220516002699	00144021	2022	Q1	separate:계속영업기본주당이익(손실) (단위 ::0=-1.8; separate:계속영업기본주당이익(손실) (단위 ::1=-11.1; separate:계속영업희석주당이익(손실) (단위 ::0=-1.8; separate:계속영업희석주당이익(손실) (단위 ::1=-11.1
20220516002714	00557933	2022	Q1	consolidated:기본주당이익(손실) (단위 : 원):0=169.2; consolidated:기본주당이익(손실) (단위 : 원):1=83.4; consolidated:희석주당이익(손실) (단위 : 원):1=83.3; separate:기본주당이익(손실) (단위 : 원):1=88.1; separate:희석주당이익(손실) (단위 : 원):0=170.8
20220524000362	00149804	2022	Q1	consolidated:계속영업보통기본주당순이익 (단위 : :0=-61.68; consolidated:계속영업보통기본주당순이익 (단위 : :1=31.9; consolidated:계속영업보통희석주당순이익 (단위 : :0=-56.91; consolidated:계속영업보통희석주당순이익 (단위 : :1=31.9; separate:계속영업보통기본주당순이익 (단위 : :0=56.6; separate:계속영업보통기본주당순이익 (단위 : :1=110.2; separate:계속영업보통희석주당순이익 (단위 : :0=53.2; separate:계속영업보통희석주당순이익 (단위 : :1=90.1
20220526000359	00995993	2022	Q1	consolidated:기본주당이익(손실) (단위 : 원):0=-0.4; consolidated:희석주당이익(손실) (단위 : 원):0=-0.4
20220613000326	00620558	2022	Q1	consolidated:계속영업기본주당이익(손실) (단위 ::0=-6.46; consolidated:중단영업기본주당이익(손실) (단위 ::1=-6.36; consolidated:계속영업희석주당이익(손실) (단위 ::0=-6.46; consolidated:중단영업희석주당이익(손실) (단위 ::1=-6.36; separate:기본주당이익(손실) (단위 : 원):0=-2.07; separate:기본주당이익(손실) (단위 : 원):1=-5.17; separate:희석주당이익(손실) (단위 : 원):0=-2.07; separate:희석주당이익(손실) (단위 : 원):1=-5.17
20220722000305	01407158	2022	H1	separate:주당이익(손실):0=-6.15; separate:주당이익(손실):1=-2.41
20220801000277	00867478	2022	H1	consolidated:기본주당이익(손실) (단위 : 원):0=2.46
20220812000012	01311310	2022	H1	separate:기본주당이익(손실) (단위 : 원):0=78.77; separate:기본주당이익(손실) (단위 : 원):1=65.71; separate:희석주당이익(손실) (단위 : 원):0=78.35; separate:희석주당이익(손실) (단위 : 원):1=65.49
20220812000564	00130879	2022	H1	separate:기본주당이익(손실) (단위 : 원):0=-0.26; separate:기본주당이익(손실) (단위 : 원):1=-8.7; separate:희석주당이익(손실) (단위 : 원):0=-0.26; separate:희석주당이익(손실) (단위 : 원):1=-8.7
20220812000942	01032486	2021	FY	consolidated:기본주당이익(손실):0=3.36; consolidated:기본주당이익(손실):1=2.09; consolidated:기본주당이익(손실):2=2.33
20220812001057	00231044	2022	H1	consolidated:기본주당이익(손실) (단위 : 원):0=-9.1; consolidated:기본주당이익(손실) (단위 : 원):1=-2.32; consolidated:희석주당이익(손실) (단위 : 원):0=-9.1; consolidated:희석주당이익(손실) (단위 : 원):1=-2.32; separate:기본주당이익(손실) (단위 : 원):0=-5.97; separate:기본주당이익(손실) (단위 : 원):1=2.18; separate:희석주당이익(손실) (단위 : 원):0=-5.97; separate:희석주당이익(손실) (단위 : 원):1=2.18
20220812001075	00339072	2022	H1	separate:기본주당이익(손실) (단위 : 원):0=6.02; separate:기본주당이익(손실) (단위 : 원):1=5.02; separate:희석주당이익(손실) (단위 : 원):0=5.81; separate:희석주당이익(손실) (단위 : 원):1=4.75
20220812001136	01327092	2022	H1	consolidated:기본주당이익(손실) (단위 : 원):0=-392.62; consolidated:기본주당이익(손실) (단위 : 원):1=-144.08; consolidated:희석주당이익(손실) (단위 : 원):0=-392.62; consolidated:희석주당이익(손실) (단위 : 원):1=-144.08; separate:기본주당이익(손실) (단위 : 원):0=-380.57; separate:기본주당이익(손실) (단위 : 원):1=-142.39; separate:희석주당이익(손실) (단위 : 원):0=-380.57; separate:희석주당이익(손실) (단위 : 원):1=-142.39
20220812001193	00220109	2022	H1	consolidated:기본주당이익(손실) (단위 : 원):0=-26.83; consolidated:기본주당이익(손실) (단위 : 원):1=2.02; consolidated:희석주당이익(손실) (단위 : 원):0=-26.83; consolidated:희석주당이익(손실) (단위 : 원):1=2.02; separate:기본주당이익(손실) (단위 : 원):0=-24.1; separate:기본주당이익(손실) (단위 : 원):1=7.6; separate:희석주당이익(손실) (단위 : 원):0=-24.1; separate:희석주당이익(손실) (단위 : 원):1=7.6
20220812001227	01032486	2022	H1	consolidated:기본주당이익(손실):0=1.95; consolidated:기본주당이익(손실):1=1.86; consolidated:희석주당이익(손실):0=1.95; consolidated:희석주당이익(손실):1=1.86
20220816000725	00145473	2022	H1	separate:(1)기본주당이익(손실) (단위 : :0=217.8; separate:(1)기본주당이익(손실) (단위 : :1=256.8; separate:(2)희석주당이익(손실) (단위 : :0=217.8; separate:(2)희석주당이익(손실) (단위 : :1=256.8
20220816000750	00167208	2022	H1	consolidated:기본주당이익(손실) (단위 : 원):0=4.7; consolidated:기본주당이익(손실) (단위 : 원):1=1074.3; consolidated:희석주당이익(손실) (단위 : 원):0=4.7; consolidated:희석주당이익(손실) (단위 : 원):1=1057.5
20220816000881	01223219	2022	H1	separate:계속영업기본주당이익(손실) (단위 ::0=-42.59; separate:계속영업기본주당이익(손실) (단위 ::1=-31.96; separate:중단영업기본주당이익(손실) (단위 ::0=-42.59; separate:중단영업기본주당이익(손실) (단위 ::1=-31.96
20220816001084	00557933	2022	H1	consolidated:기본주당이익(손실) (단위 : 원):0=79.9; consolidated:기본주당이익(손실) (단위 : 원):1=24.2; consolidated:희석주당이익(손실) (단위 : 원):0=79.8; consolidated:희석주당이익(손실) (단위 : 원):1=24.2; separate:기본주당이익(손실) (단위 : 원):0=68.49; separate:기본주당이익(손실) (단위 : 원):1=28.1; separate:희석주당이익(손실) (단위 : 원):0=68.45; separate:희석주당이익(손실) (단위 : 원):1=28.1
20220816001177	00136457	2022	H1	consolidated:기본주당이익(손실) (단위 : 원):0=9.8; consolidated:기본주당이익(손실) (단위 : 원):1=-1.5; consolidated:희석주당이익(손실) (단위 : 원):0=9.8; consolidated:희석주당이익(손실) (단위 : 원):1=-1.5; separate:기본주당이익(손실) (단위 : 원):1=0.5; separate:희석주당이익(손실) (단위 : 원):1=0.5
20220816001221	00138516	2022	H1	consolidated:계속영업기본주당이익(손실) (단위 ::0=0.1; consolidated:계속영업기본주당이익(손실) (단위 ::1=0.04; consolidated:계속영업희석주당이익(손실) (단위 ::0=0.1; consolidated:계속영업희석주당이익(손실) (단위 ::1=0.04; separate:계속영업기본주당이익(손실) (단위 ::0=0.1; separate:계속영업기본주당이익(손실) (단위 ::1=0.04; separate:계속영업희석주당이익(손실) (단위 ::0=0.1; separate:계속영업희석주당이익(손실) (단위 ::1=0.04
20220816001348	00620558	2022	H1	consolidated:계속영업기본주당이익(손실) (단위 ::0=-14.09; consolidated:계속영업기본주당이익(손실) (단위 ::1=-27.29; consolidated:중단영업기본주당이익(손실) (단위 ::1=-1.16; consolidated:계속영업희석주당이익(손실) (단위 ::0=-14.09; consolidated:계속영업희석주당이익(손실) (단위 ::1=-27.29; consolidated:중단영업희석주당이익(손실) (단위 ::1=-1.16; separate:기본주당이익(손실) (단위 : 원):0=3.49; separate:기본주당이익(손실) (단위 : 원):1=-7.57; separate:희석주당이익(손실) (단위 : 원):0=3.49; separate:희석주당이익(손실) (단위 : 원):1=-7.69
20220816001382	00136165	2022	H1	consolidated:기본 및 희석주당이익(손실) (단위 :0=-87.47; consolidated:기본 및 희석주당이익(손실) (단위 :1=190.23; consolidated:계속영업 기본 및 희석주당이익(손실):0=-87.47; consolidated:계속영업 기본 및 희석주당이익(손실):1=196.28; consolidated:중단영업 기본 및 희석주당이익(손실):1=-6.05; separate:기본 및 희석주당이익(손실) (단위 :0=4.37; separate:기본 및 희석주당이익(손실) (단위 :1=157.33
20220816001859	00122694	2022	H1	separate:기본주당이익(손실) (단위 : 원):0=40.6; separate:희석주당이익(손실) (단위 : 원):0=40.6
20220816001964	00158219	2022	H1	consolidated:기본주당이익(손실) (단위 : 원):1=91.32; consolidated:희석주당이익(손실) (단위 : 원):1=91.32; separate:기본주당이익(손실) (단위 : 원):0=42.44; separate:기본주당이익(손실) (단위 : 원):1=90.55; separate:희석주당이익(손실) (단위 : 원):0=42.44; separate:희석주당이익(손실) (단위 : 원):1=90.55
20220816001975	00149804	2022	H1	consolidated:계속영업보통기본주당순이익 (단위 : :0=-109.91; consolidated:계속영업보통기본주당순이익 (단위 : :1=-9.14; consolidated:계속영업보통희석주당순이익 (단위 : :0=-109.91; consolidated:계속영업보통희석주당순이익 (단위 : :1=-9.14; separate:계속영업보통기본주당순이익 (단위 : :0=98.2; separate:계속영업보통기본주당순이익 (단위 : :1=106.5; separate:계속영업보통희석주당순이익 (단위 : :0=29.8; separate:계속영업보통희석주당순이익 (단위 : :1=106.5
20220816002003	01043853	2022	H1	consolidated:계속영업기본주당이익(손실) (단위 ::0=-414.26; consolidated:계속영업기본주당이익(손실) (단위 ::1=289.46; consolidated:중단영업기본주당이익(손실) (단위 ::0=2.46; consolidated:중단영업기본주당이익(손실) (단위 ::1=26.76; consolidated:계속영업희석주당이익(손실) (단위 ::0=-414.26; consolidated:계속영업희석주당이익(손실) (단위 ::1=99.1; consolidated:중단영업희석주당이익(손실) (단위 ::0=1.97; consolidated:중단영업희석주당이익(손실) (단위 ::1=23.66; separate:계속영업기본주당이익(손실) (단위 ::0=-357.02; separate:계속영업기본주당이익(손실) (단위 ::1=308.39; separate:중단영업기본주당이익(손실) (단위 ::0=2.46; separate:중단영업기본주당이익(손실) (단위 ::1=27.17; separate:계속영업희석주당이익(손실) (단위 ::0=-357.02; separate:계속영업희석주당이익(손실) (단위 ::1=115.84; separate:중단영업희석주당이익(손실) (단위 ::0=1.97; separate:중단영업희석주당이익(손실) (단위 ::1=24.03
20220816002197	00131850	2022	H1	consolidated:1. 기본주당이익:0=16.39; consolidated:1. 기본주당이익:1=68.77; consolidated:2. 희석주당이익:0=16.25; consolidated:2. 희석주당이익:1=68.77; separate:1. 기본주당이익:0=12.06; separate:1. 기본주당이익:1=55.10; separate:2, 희석주당이익:0=11.96; separate:2, 희석주당이익:1=55.10
20220816002199	00350020	2022	H1	consolidated:계속영업기본주당이익(손실) (단위 ::1=-205.2; consolidated:중단영업기본주당이익(손실) (단위 ::0=0.4; consolidated:중단영업기본주당이익(손실) (단위 ::1=-16.3; consolidated:계속영업희석주당이익(손실) (단위 ::1=-205.2; consolidated:중단영업희석주당이익(손실) (단위 ::0=0.4; consolidated:중단영업희석주당이익(손실) (단위 ::1=-16.3; separate:계속영업기본주당이익(손실) (단위 ::0=-140.5; separate:계속영업기본주당이익(손실) (단위 ::1=-186.7; separate:중단영업기본주당이익(손실) (단위 ::0=0.4; separate:중단영업기본주당이익(손실) (단위 ::1=-15.1; separate:계속영업희석주당이익(손실) (단위 ::0=-140.5; separate:계속영업희석주당이익(손실) (단위 ::1=-186.7; separate:중단영업희석주당이익(손실) (단위 ::0=0.4; separate:중단영업희석주당이익(손실) (단위 ::1=-15.1
20220816002481	00144021	2022	H1	separate:기본주당이익(손실) (단위 : 원):0=-6.4; separate:계속영업기본주당이익(손실) (단위 ::0=-6.4; separate:희석주당이익(손실) (단위 : 원):0=-6.4; separate:계속영업희석주당이익(손실) (단위 ::0=-6.4
20220822000430	00220109	2022	H1	consolidated:기본주당이익(손실) (단위 : 원):0=-26.83; consolidated:기본주당이익(손실) (단위 : 원):1=2.02; consolidated:희석주당이익(손실) (단위 : 원):0=-26.83; consolidated:희석주당이익(손실) (단위 : 원):1=2.02; separate:기본주당이익(손실) (단위 : 원):0=-24.1; separate:기본주당이익(손실) (단위 : 원):1=7.6; separate:희석주당이익(손실) (단위 : 원):0=-24.1; separate:희석주당이익(손실) (단위 : 원):1=7.6
20221110000182	01276901	2022	Q3	consolidated:기본주당이익(손실) (단위 : 원):0=3.7; consolidated:기본주당이익(손실) (단위 : 원):1=-330.8; consolidated:희석주당이익(손실) (단위 : 원):0=3.7; consolidated:희석주당이익(손실) (단위 : 원):1=-330.8; separate:기본주당이익(손실) (단위 : 원):0=16.1; separate:희석주당이익(손실) (단위 : 원):0=16.1
20221111000059	01311310	2022	Q3	separate:기본주당이익(손실) (단위 : 원):0=164.15; separate:기본주당이익(손실) (단위 : 원):1=34.36; separate:희석주당이익(손실) (단위 : 원):0=163.22; separate:희석주당이익(손실) (단위 : 원):1=34.16
20221111000294	00136402	2022	Q3	separate:기본주당이익(손실) (단위 : 원):0=293.7; separate:기본주당이익(손실) (단위 : 원):1=215.7
20221111000346	00130879	2022	Q3	separate:기본주당이익(손실) (단위 : 원):0=-1.6; separate:희석주당이익(손실) (단위 : 원):0=-1.6
20221111000387	01223219	2022	Q3	separate:계속영업기본주당이익(손실) (단위 ::0=-80.17; separate:계속영업기본주당이익(손실) (단위 ::1=-43.84; separate:계속영업희석주당이익(손실) (단위 ::0=-80.17; separate:계속영업희석주당이익(손실) (단위 ::1=-43.84
20221111000723	01327092	2022	Q3	consolidated:기본주당이익(손실) (단위 : 원):0=-470.53; consolidated:기본주당이익(손실) (단위 : 원):1=-300.64; consolidated:희석주당이익(손실) (단위 : 원):0=-470.53; consolidated:희석주당이익(손실) (단위 : 원):1=-300.64; separate:기본주당이익(손실) (단위 : 원):0=-451.08; separate:기본주당이익(손실) (단위 : 원):1=-294.17; separate:희석주당이익(손실) (단위 : 원):0=-451.08; separate:희석주당이익(손실) (단위 : 원):1=-294.17
20221111000847	00339072	2022	Q3	separate:기본주당이익(손실) (단위 : 원):0=23.27; separate:기본주당이익(손실) (단위 : 원):1=28.79; separate:희석주당이익(손실) (단위 : 원):0=22.68; separate:희석주당이익(손실) (단위 : 원):1=28.42
20221111001051	00220109	2022	Q3	consolidated:기본주당이익(손실) (단위 : 원):0=-39.68; consolidated:기본주당이익(손실) (단위 : 원):1=-3.67; consolidated:희석주당이익(손실) (단위 : 원):0=-39.68; consolidated:희석주당이익(손실) (단위 : 원):1=-3.67; separate:기본주당이익(손실) (단위 : 원):0=-34.41; separate:기본주당이익(손실) (단위 : 원):1=6.28; separate:희석주당이익(손실) (단위 : 원):0=-34.41; separate:희석주당이익(손실) (단위 : 원):1=6.28
20221114000003	00526678	2022	Q3	separate:기본주당이익(손실) (단위 : 원):0=24.2
20221114000007	00526678	2022	Q3	separate:기본주당이익(손실) (단위 : 원):0=24.2
20221114000313	00557933	2022	Q3	consolidated:기본주당이익(손실) (단위 : 원):0=65.9; consolidated:기본주당이익(손실) (단위 : 원):1=2.3; consolidated:희석주당이익(손실) (단위 : 원):0=65.9; consolidated:희석주당이익(손실) (단위 : 원):1=2.3; separate:기본주당이익(손실) (단위 : 원):0=66.2; separate:기본주당이익(손실) (단위 : 원):1=6.7; separate:희석주당이익(손실) (단위 : 원):0=66.2; separate:희석주당이익(손실) (단위 : 원):1=6.7
20221114000593	00167208	2022	Q3	consolidated:기본주당이익(손실) (단위 : 원):0=33.1; consolidated:기본주당이익(손실) (단위 : 원):1=391.5; consolidated:희석주당이익(손실) (단위 : 원):0=33.1; consolidated:희석주당이익(손실) (단위 : 원):1=391.5
20221114000791	00138516	2022	Q3	consolidated:계속영업기본주당이익(손실) (단위 ::0=0.13; consolidated:계속영업기본주당이익(손실) (단위 ::1=0.08; consolidated:계속영업희석주당이익(손실) (단위 ::0=0.13; consolidated:계속영업희석주당이익(손실) (단위 ::1=0.08; separate:계속영업기본주당이익(손실) (단위 ::0=0.13; separate:계속영업기본주당이익(손실) (단위 ::1=0.07; separate:계속영업희석주당이익(손실) (단위 ::0=0.13; separate:계속영업희석주당이익(손실) (단위 ::1=0.07
20221114000859	00145473	2022	Q3	separate:(1)기본주당이익(손실) (단위 : :0=230.5; separate:(1)기본주당이익(손실) (단위 : :1=318.1; separate:(2)희석주당이익(손실) (단위 : :0=230.5; separate:(2)희석주당이익(손실) (단위 : :1=318.1
20221114000917	00136165	2022	Q3	consolidated:기본 및 희석주당이익(손실) (단위 :0=-163.56; consolidated:기본 및 희석주당이익(손실) (단위 :1=341.65; consolidated:계속영업 기본 및 희석주당이익(손실):0=-163.56; consolidated:계속영업 기본 및 희석주당이익(손실):1=348.12; consolidated:중단영업 기본 및 희석주당이익(손실):1=-6.47; separate:기본 및 희석주당이익(손실) (단위 :0=-26.35; separate:기본 및 희석주당이익(손실) (단위 :1=495.62
20221114000960	00136457	2022	Q3	consolidated:기본주당이익 (단위 : 원):0=28.5; consolidated:기본주당이익 (단위 : 원):1=2.3; consolidated:희석주당이익 (단위 : 원):0=28.5; consolidated:희석주당이익 (단위 : 원):1=2.3; separate:기본주당이익 (단위 : 원):0=27.1; separate:기본주당이익 (단위 : 원):1=4.9; separate:희석주당이익 (단위 : 원):0=27.1; separate:희석주당이익 (단위 : 원):1=4.9
20221114001294	00923826	2022	Q3	consolidated:계속영업기본주당이익(손실) (단위 ::0=-69.1; consolidated:계속영업기본주당이익(손실) (단위 ::1=-221.5; consolidated:중단영업기본주당이익(손실) (단위 ::0=2.1; consolidated:중단영업기본주당이익(손실) (단위 ::1=-0.5; consolidated:계속영업희석주당이익(손실) (단위 ::0=-69.1; consolidated:계속영업희석주당이익(손실) (단위 ::1=-221.5; consolidated:중단영업희석주당이익(손실) (단위 ::0=2.1; consolidated:중단영업희석주당이익(손실) (단위 ::1=-0.5; separate:계속영업기본주당이익(손실) (단위 ::0=-69.1; separate:계속영업기본주당이익(손실) (단위 ::1=-223.9; separate:중단영업기본주당이익(손실) (단위 ::0=2.1; separate:중단영업기본주당이익(손실) (단위 ::1=-0.5; separate:계속영업희석주당이익(손실) (단위 ::0=-69.1; separate:계속영업희석주당이익(손실) (단위 ::1=-223.9; separate:중단영업희석주당이익(손실) (단위 ::0=2.1; separate:중단영업희석주당이익(손실) (단위 ::1=-0.5
20221114001302	00620558	2022	Q3	consolidated:계속영업기본주당이익(손실) (단위 ::0=-16.36; consolidated:계속영업기본주당이익(손실) (단위 ::1=-8.6; consolidated:중단영업기본주당이익(손실) (단위 ::1=-1.16; consolidated:계속영업희석주당이익(손실) (단위 ::0=-16.36; consolidated:중단영업희석주당이익(손실) (단위 ::1=-1.16; separate:기본주당이익(손실) (단위 : 원):0=4.45; separate:기본주당이익(손실) (단위 : 원):1=12.37; separate:희석주당이익(손실) (단위 : 원):0=4.45; separate:희석주당이익(손실) (단위 : 원):1=1.11
20221114001493	01043853	2022	Q3	consolidated:계속영업기본주당이익(손실) (단위 ::0=-598.23; consolidated:계속영업기본주당이익(손실) (단위 ::1=344.04; consolidated:중단영업기본주당이익(손실) (단위 ::0=2.3; consolidated:중단영업기본주당이익(손실) (단위 ::1=44.03; consolidated:계속영업희석주당이익(손실) (단위 ::0=-598.23; consolidated:계속영업희석주당이익(손실) (단위 ::1=44.49; consolidated:중단영업희석주당이익(손실) (단위 ::0=1.85; consolidated:중단영업희석주당이익(손실) (단위 ::1=37.84; separate:계속영업기본주당이익(손실) (단위 ::0=-477.68; separate:계속영업기본주당이익(손실) (단위 ::1=406.8; separate:중단영업기본주당이익(손실) (단위 ::0=-2.3; separate:중단영업기본주당이익(손실) (단위 ::1=44.03; separate:계속영업희석주당이익(손실) (단위 ::0=-477.68; separate:계속영업희석주당이익(손실) (단위 ::1=88.33; separate:중단영업희석주당이익(손실) (단위 ::0=-1.85; separate:중단영업희석주당이익(손실) (단위 ::1=37.84
20221114001507	00149804	2022	Q3	consolidated:계속영업보통기본주당순이익 (단위 : :0=-63.58; consolidated:계속영업보통기본주당순이익 (단위 : :1=-21.18; consolidated:계속영업보통희석주당순이익 (단위 : :0=-87.21; consolidated:계속영업보통희석주당순이익 (단위 : :1=-22.81; consolidated:중단영업보통기본주당순이익 (단위 : :0=-30.65; consolidated:중단영업보통희석주당순이익 (단위 : :0=-30.65; separate:계속영업보통기본주당순이익 (단위 : :0=151.7; separate:계속영업보통기본주당순이익 (단위 : :1=112.9; separate:계속영업보통희석주당순이익 (단위 : :0=61.9; separate:계속영업보통희석주당순이익 (단위 : :1=112.9
20221114002223	00350020	2022	Q3	consolidated:계속영업기본주당이익(손실) (단위 ::0=-155.4; consolidated:계속영업기본주당이익(손실) (단위 ::1=-286.2; consolidated:중단영업기본주당이익(손실) (단위 ::0=0.6; consolidated:중단영업기본주당이익(손실) (단위 ::1=-120.3; consolidated:계속영업희석주당이익(손실) (단위 ::0=-155.4; consolidated:계속영업희석주당이익(손실) (단위 ::1=-286.2; consolidated:중단영업희석주당이익(손실) (단위 ::0=0.6; consolidated:중단영업희석주당이익(손실) (단위 ::1=-120.3; separate:중단영업기본주당이익(손실) (단위 ::0=0.6; separate:중단영업희석주당이익(손실) (단위 ::0=0.6
20221114002543	00131850	2022	Q3	consolidated:1. 기본주당손익:0=17.57; consolidated:1. 기본주당손익:1=96.32; consolidated:2. 희석주당손익:0=17.49; consolidated:2. 희석주당손익:1=96.32; separate:1. 기본주당이익:0=15.64; separate:1. 기본주당이익:1=76.75; separate:2, 희석주당이익:0=15.57; separate:2, 희석주당이익:1=76.75
20221114002740	01032486	2022	Q3	consolidated:기본주당이익(손실):0=2.83; consolidated:기본주당이익(손실):1=2.32; consolidated:희석주당이익(손실):0=2.83; consolidated:희석주당이익(손실):1=2.32
20221114002749	00146427	2022	Q3	consolidated:기본주당이익(손실) (단위 : 원):0=-76.38; consolidated:기본주당이익(손실) (단위 : 원):1=10.43; consolidated:계속영업기본주당이익(손실) (단위 ::0=-76.38; consolidated:계속영업기본주당이익(손실) (단위 ::1=10.43; consolidated:희석주당이익(손실) (단위 : 원):0=-76.38; consolidated:희석주당이익(손실) (단위 : 원):1=3.87; consolidated:계속영업희석주당이익(손실) (단위 ::0=-76.38; consolidated:계속영업희석주당이익(손실) (단위 ::1=3.87; separate:기본주당이익(손실) (단위 : 원):1=18.44; separate:계속영업기본주당이익(손실) (단위 ::1=18.44; separate:희석주당이익(손실) (단위 : 원):1=7.29; separate:계속영업희석주당이익(손실) (단위 ::1=7.29
20221114002798	00144021	2022	Q3	separate:기본주당이익(손실) (단위 : 원):0=-22.7; separate:기본주당이익(손실) (단위 : 원):1=-57.8
20221208000449	01327092	2022	Q3	consolidated:기본주당이익(손실) (단위 : 원):0=-470.53; consolidated:기본주당이익(손실) (단위 : 원):1=-300.64; consolidated:희석주당이익(손실) (단위 : 원):0=-470.53; consolidated:희석주당이익(손실) (단위 : 원):1=-300.64; separate:기본주당이익(손실) (단위 : 원):0=-451.08; separate:기본주당이익(손실) (단위 : 원):1=-294.17; separate:희석주당이익(손실) (단위 : 원):0=-451.08; separate:희석주당이익(손실) (단위 : 원):1=-294.17
20230309000357	01311310	2022	FY	separate:기본주당이익(손실) (단위 : 원):0=166.34; separate:기본주당이익(손실) (단위 : 원):1=137.48; separate:기본주당이익(손실) (단위 : 원):2=160.91; separate:희석주당이익(손실) (단위 : 원):0=165.36; separate:희석주당이익(손실) (단위 : 원):1=136.43; separate:희석주당이익(손실) (단위 : 원):2=160.91
20230310000842	01327092	2022	FY	consolidated:기본주당이익(손실) (단위 : 원):0=-511.72; consolidated:기본주당이익(손실) (단위 : 원):1=-277.32; consolidated:기본주당이익(손실) (단위 : 원):2=-240.98; consolidated:희석주당이익(손실) (단위 : 원):0=-511.72; consolidated:희석주당이익(손실) (단위 : 원):1=-277.32; consolidated:희석주당이익(손실) (단위 : 원):2=-240.98; separate:기본주당이익(손실) (단위 : 원):0=-525.4; separate:기본주당이익(손실) (단위 : 원):1=-264.09; separate:기본주당이익(손실) (단위 : 원):2=-240.98; separate:희석주당이익(손실) (단위 : 원):0=-525.4; separate:희석주당이익(손실) (단위 : 원):1=-264.09; separate:희석주당이익(손실) (단위 : 원):2=-240.98
20230316000657	00138516	2022	FY	consolidated:계속영업기본주당이익(손실) (단위 ::0=0.14; consolidated:계속영업기본주당이익(손실) (단위 ::1=0.15; consolidated:계속영업기본주당이익(손실) (단위 ::2=0.06; consolidated:계속영업희석주당이익(손실) (단위 ::0=0.14; consolidated:계속영업희석주당이익(손실) (단위 ::1=0.15; consolidated:계속영업희석주당이익(손실) (단위 ::2=0.06; separate:계속영업기본주당이익(손실) (단위 ::0=0.14; separate:계속영업기본주당이익(손실) (단위 ::1=0.12; separate:계속영업기본주당이익(손실) (단위 ::2=0.08; separate:계속영업희석주당이익(손실) (단위 ::0=0.14; separate:계속영업희석주당이익(손실) (단위 ::1=0.12; separate:계속영업희석주당이익(손실) (단위 ::2=0.08
20230317000968	01032486	2022	FY	consolidated:기본주당이익(손실):0=4.97; consolidated:기본주당이익(손실):1=3.36; consolidated:기본주당이익(손실):2=2.09; consolidated:희석주당이익(손실):0=4.97; consolidated:희석주당이익(손실):1=3.36; consolidated:희석주당이익(손실):2=2.09
20230317001056	00267942	2022	FY	separate:기본주당순손실:0=-38.6; separate:희석주당순손실:0=-38.6
20230321000261	00145473	2022	FY	separate:(1)기본주당이익(손실) (단위 : :0=215.3; separate:(1)기본주당이익(손실) (단위 : :1=296.4; separate:(1)기본주당이익(손실) (단위 : :2=200.3; separate:(2)희석주당이익(손실) (단위 : :0=215.3; separate:(2)희석주당이익(손실) (단위 : :1=296.4; separate:(2)희석주당이익(손실) (단위 : :2=200.3
20230321001146	00526678	2022	FY	separate:기본주당이익(손실) (단위 : 원):0=94.5
20230321001192	00231044	2022	FY	consolidated:기본주당이익(손실) (단위 : 원):0=22.84; consolidated:기본주당이익(손실) (단위 : 원):1=47.28; consolidated:기본주당이익(손실) (단위 : 원):2=-11.39; consolidated:희석주당이익(손실) (단위 : 원):0=22.84; consolidated:희석주당이익(손실) (단위 : 원):1=47.28; consolidated:희석주당이익(손실) (단위 : 원):2=-11.39; separate:기본주당이익(손실) (단위 : 원):0=20.74; separate:기본주당이익(손실) (단위 : 원):1=38.52; separate:기본주당이익(손실) (단위 : 원):2=-15.14; separate:희석주당이익(손실) (단위 : 원):0=20.74; separate:희석주당이익(손실) (단위 : 원):1=38.52; separate:희석주당이익(손실) (단위 : 원):2=-15.14
20230321001310	00220109	2022	FY	consolidated:기본주당이익(손실) (단위 : 원):0=-118.13; consolidated:기본주당이익(손실) (단위 : 원):1=-68.17; consolidated:기본주당이익(손실) (단위 : 원):2=28.51; consolidated:희석주당이익(손실) (단위 : 원):0=-118.13; consolidated:희석주당이익(손실) (단위 : 원):1=-68.17; consolidated:희석주당이익(손실) (단위 : 원):2=28.51; separate:기본주당이익(손실) (단위 : 원):0=-158.69; separate:기본주당이익(손실) (단위 : 원):1=-80.81; separate:기본주당이익(손실) (단위 : 원):2=29.24; separate:희석주당이익(손실) (단위 : 원):0=-158.69; separate:희석주당이익(손실) (단위 : 원):1=-80.81; separate:희석주당이익(손실) (단위 : 원):2=29.24
20230321001402	01043853	2022	FY	consolidated:계속영업기본주당이익(손실) (단위 ::0=-768.11; consolidated:계속영업기본주당이익(손실) (단위 ::2=-793.93; consolidated:중단영업기본주당이익(손실) (단위 ::0=2.13; consolidated:중단영업기본주당이익(손실) (단위 ::2=109.26; consolidated:계속영업희석주당이익(손실) (단위 ::0=-768.11; consolidated:계속영업희석주당이익(손실) (단위 ::2=-793.93; consolidated:중단영업희석주당이익(손실) (단위 ::0=1.71; consolidated:중단영업희석주당이익(손실) (단위 ::2=94.63; separate:계속영업기본주당이익(손실) (단위 ::0=-725.62; separate:계속영업기본주당이익(손실) (단위 ::1=417.8; separate:계속영업기본주당이익(손실) (단위 ::2=-791.65; separate:중단영업기본주당이익(손실) (단위 ::0=2.13; separate:중단영업기본주당이익(손실) (단위 ::1=47.98; separate:중단영업기본주당이익(손실) (단위 ::2=108.9; separate:계속영업희석주당이익(손실) (단위 ::0=-725.62; separate:계속영업희석주당이익(손실) (단위 ::1=108.6; separate:계속영업희석주당이익(손실) (단위 ::2=-791.65; separate:중단영업희석주당이익(손실) (단위 ::0=1.71; separate:중단영업희석주당이익(손실) (단위 ::1=40.16; separate:중단영업희석주당이익(손실) (단위 ::2=94.32
20230322000490	00136457	2022	FY	consolidated:기본주당이익(손실) (단위 : 원):0=16.8; consolidated:기본주당이익(손실) (단위 : 원):1=3.2; consolidated:기본주당이익(손실) (단위 : 원):2=-61.9; consolidated:희석주당이익(손실) (단위 : 원):0=16.8; consolidated:희석주당이익(손실) (단위 : 원):1=3.2; consolidated:희석주당이익(손실) (단위 : 원):2=-61.9; separate:기본주당이익(손실) (단위 : 원):0=11.2; separate:기본주당이익(손실) (단위 : 원):1=4.4; separate:기본주당이익(손실) (단위 : 원):2=-65.4; separate:희석주당이익(손실) (단위 : 원):0=11.2; separate:희석주당이익(손실) (단위 : 원):1=4.4; separate:희석주당이익(손실) (단위 : 원):2=-65.4
20230323000423	00130879	2022	FY	separate:기본주당이익(손실) (단위 : 원):0=1.8; separate:기본주당이익(손실) (단위 : 원):1=-15.6; separate:기본주당이익(손실) (단위 : 원):2=-7.3; separate:희석주당이익(손실) (단위 : 원):0=1.8; separate:희석주당이익(손실) (단위 : 원):1=-15.6; separate:희석주당이익(손실) (단위 : 원):2=-7.3
20230323000659	00636656	2022	FY	consolidated:(2)희석주당이익(손실) (단위 : :0=363.7; consolidated:(2)희석주당이익(손실) (단위 : :1=205.5
20230323001273	00149804	2022	FY	consolidated:계속영업보통기본주당순이익 (단위 : :0=-460.68; consolidated:계속영업보통기본주당순이익 (단위 : :1=-94.85; consolidated:계속영업보통기본주당순이익 (단위 : :2=-19.6; consolidated:계속영업보통희석주당순이익 (단위 : :0=-460.68; consolidated:계속영업보통희석주당순이익 (단위 : :1=-94.85; consolidated:계속영업보통희석주당순이익 (단위 : :2=-19.6; consolidated:중단영업보통기본주당순이익 (단위 : :0=-30.12; consolidated:중단영업보통기본주당순이익 (단위 : :1=-41.08; consolidated:중단영업보통희석주당순이익 (단위 : :0=-30.12; consolidated:중단영업보통희석주당순이익 (단위 : :1=-41.08; separate:계속영업보통기본주당순이익 (단위 : :0=-255.6; separate:계속영업보통기본주당순이익 (단위 : :1=-83.6; separate:계속영업보통기본주당순이익 (단위 : :2=-3.4; separate:계속영업보통희석주당순이익 (단위 : :0=-255.6; separate:계속영업보통희석주당순이익 (단위 : :1=-83.6; separate:계속영업보통희석주당순이익 (단위 : :2=-3.4
20230323001329	00131850	2022	FY	consolidated:1. 기본주당이익:0=22.50; consolidated:1. 기본주당이익:1=91.99; consolidated:1. 기본주당이익:2=25.48; consolidated:2. 희석주당이익:0=22.48; consolidated:2. 희석주당이익:1=91.99; consolidated:2. 희석주당이익:2=25.48; separate:1. 기본주당이익:0=10.58; separate:1. 기본주당이익:1=63.19; separate:1. 기본주당이익:2=20.71; separate:2. 희석주당이익:0=10.55; separate:2. 희석주당이익:1=63.19; separate:2. 희석주당이익:2=20.71
20230323001387	00557933	2022	FY	consolidated:기본주당이익 (단위 : 원):0=367.2; consolidated:기본주당이익 (단위 : 원):1=286.6; consolidated:기본주당이익 (단위 : 원):2=-145.6; consolidated:희석주당이익 (단위 : 원):0=366.8; consolidated:희석주당이익 (단위 : 원):1=286.3; consolidated:희석주당이익 (단위 : 원):2=-145.6; separate:기본주당이익 (단위 : 원):0=369.1; separate:기본주당이익 (단위 : 원):1=292.9; separate:기본주당이익 (단위 : 원):2=-140.9; separate:희석주당이익 (단위 : 원):0=368.7; separate:희석주당이익 (단위 : 원):1=292.7; separate:희석주당이익 (단위 : 원):2=-140.9
20230323001467	00620558	2022	FY	consolidated:계속영업기본주당이익(손실) (단위 ::0=-30.36; consolidated:계속영업기본주당이익(손실) (단위 ::1=-38.69; consolidated:계속영업기본주당이익(손실) (단위 ::2=-210.01; consolidated:중단영업기본주당이익(손실) (단위 ::1=-1.15; consolidated:중단영업기본주당이익(손실) (단위 ::2=-66.71; consolidated:계속영업희석주당이익(손실) (단위 ::0=-30.36; consolidated:계속영업희석주당이익(손실) (단위 ::1=-40.43; consolidated:계속영업희석주당이익(손실) (단위 ::2=-225.73; consolidated:중단영업희석주당이익(손실) (단위 ::1=-1.15; consolidated:중단영업희석주당이익(손실) (단위 ::2=-66.71; separate:기본주당이익(손실) (단위 : 원):0=-25.42; separate:기본주당이익(손실) (단위 : 원):1=-17.6; separate:기본주당이익(손실) (단위 : 원):2=-247.33; separate:희석주당이익(손실) (단위 : 원):0=-25.42; separate:희석주당이익(손실) (단위 : 원):1=-21.46; separate:희석주당이익(손실) (단위 : 원):2=-262.84
20230324000127	00131850	2022	FY	consolidated:1. 기본주당이익:0=22.50; consolidated:1. 기본주당이익:1=91.99; consolidated:1. 기본주당이익:2=25.48; consolidated:2. 희석주당이익:0=22.48; consolidated:2. 희석주당이익:1=91.99; consolidated:2. 희석주당이익:2=25.48; separate:1. 기본주당이익:0=10.58; separate:1. 기본주당이익:1=63.19; separate:1. 기본주당이익:2=20.71; separate:2. 희석주당이익:0=10.55; separate:2. 희석주당이익:1=63.19; separate:2. 희석주당이익:2=20.71
20230329001303	00164618	2022	FY	consolidated:기본주당이익(손실) (단위 : 원):0=-7669.34; consolidated:기본주당이익(손실) (단위 : 원):1=-23.58; consolidated:기본주당이익(손실) (단위 : 원):2=4.16; consolidated:희석주당이익(손실) (단위 : 원):0=-7669.34; consolidated:희석주당이익(손실) (단위 : 원):1=-23.58; consolidated:희석주당이익(손실) (단위 : 원):2=4.16; separate:기본주당이익(손실) (단위 : 원):0=-8321.94; separate:기본주당이익(손실) (단위 : 원):1=-23.58; separate:기본주당이익(손실) (단위 : 원):2=4.16; separate:희석주당이익(손실) (단위 : 원):0=-8321.94; separate:희석주당이익(손실) (단위 : 원):1=-23.58; separate:희석주당이익(손실) (단위 : 원):2=4.16
20230512000185	01391103	2023	Q1	consolidated:계속영업기본주당이익(손실) (단위 ::0=92.63; consolidated:계속영업기본주당이익(손실) (단위 ::1=80.98; consolidated:중단영업기본주당이익(손실) (단위 ::1=-29.09; consolidated:계속영업희석주당이익(손실) (단위 ::0=92.59; consolidated:계속영업희석주당이익(손실) (단위 ::1=80.98; consolidated:중단영업희석주당이익(손실) (단위 ::1=-29.09; separate:계속영업기본주당이익(손실) (단위 ::0=107.34; separate:계속영업기본주당이익(손실) (단위 ::1=94.19; separate:계속영업희석주당이익(손실) (단위 ::0=107.29; separate:계속영업희석주당이익(손실) (단위 ::1=94.19
20230512000507	01223219	2023	Q1	separate:계속영업기본주당이익(손실) (단위 ::0=-40.85; separate:계속영업기본주당이익(손실) (단위 ::1=-10.32; separate:계속영업희석주당이익(손실) (단위 ::0=-40.85; separate:계속영업희석주당이익(손실) (단위 ::1=-10.32
20230512000677	01311310	2023	Q1	separate:기본주당이익(손실) (단위 : 원):0=38.51; separate:희석주당이익(손실) (단위 : 원):0=38.36; separate:희석주당이익(손실) (단위 : 원):1=19.87
20230512000712	00130879	2023	Q1	separate:기본주당이익(손실) (단위 : 원):0=-1.43; separate:기본주당이익(손실) (단위 : 원):1=-0.03; separate:희석주당이익(손실) (단위 : 원):0=-1.43; separate:희석주당이익(손실) (단위 : 원):1=-0.03
20230512000777	01327092	2023	Q1	consolidated:기본주당이익(손실) (단위 : 원):0=-93.84; consolidated:기본주당이익(손실) (단위 : 원):1=-138.24; consolidated:희석주당이익(손실) (단위 : 원):0=-93.84; consolidated:희석주당이익(손실) (단위 : 원):1=-138.24; separate:기본주당이익(손실) (단위 : 원):0=-88.2; separate:기본주당이익(손실) (단위 : 원):1=-132.04; separate:희석주당이익(손실) (단위 : 원):0=-88.2; separate:희석주당이익(손실) (단위 : 원):1=-132.04
20230512000825	01276901	2023	Q1	consolidated:기본주당이익(손실) (단위 : 원):0=-25.8; consolidated:희석주당이익(손실) (단위 : 원):0=-25.8; separate:기본주당이익(손실) (단위 : 원):0=-15.7; separate:희석주당이익(손실) (단위 : 원):0=-15.7
20230512000919	00526678	2023	Q1	separate:기본주당이익(손실) (단위 : 원):0=34.3
20230512000964	00231044	2023	Q1	consolidated:기본주당이익(손실) (단위 : 원):0=-11.09; consolidated:기본주당이익(손실) (단위 : 원):1=0.49; consolidated:희석주당이익(손실) (단위 : 원):0=-11.09; consolidated:희석주당이익(손실) (단위 : 원):1=0.49; separate:기본주당이익(손실) (단위 : 원):0=-7.57; separate:기본주당이익(손실) (단위 : 원):1=0.84; separate:희석주당이익(손실) (단위 : 원):0=-7.57; separate:희석주당이익(손실) (단위 : 원):1=0.84
20230512000995	00220109	2023	Q1	consolidated:기본주당이익(손실) (단위 : 원):0=-25.66; consolidated:기본주당이익(손실) (단위 : 원):1=-11.61; consolidated:희석주당이익(손실) (단위 : 원):0=-25.66; consolidated:희석주당이익(손실) (단위 : 원):1=-11.61; separate:기본주당이익(손실) (단위 : 원):0=-25.83; separate:기본주당이익(손실) (단위 : 원):1=-5.85; separate:희석주당이익(손실) (단위 : 원):0=-25.83; separate:희석주당이익(손실) (단위 : 원):1=-5.85
20230512001170	00157636	2023	Q1	consolidated:기본주당이익(손실) (단위 : 원):0=410.12; consolidated:기본주당이익(손실) (단위 : 원):1=418.65; consolidated:계속영업기본주당이익(손실) (단위 ::0=410.12; consolidated:계속영업기본주당이익(손실) (단위 ::1=418.65; consolidated:희석주당이익(손실) (단위 : 원):0=381.03; consolidated:희석주당이익(손실) (단위 : 원):1=349.92; consolidated:계속영업희석주당이익(손실) (단위 ::0=381.03; consolidated:계속영업희석주당이익(손실) (단위 ::1=349.92
20230515000709	00136457	2023	Q1	consolidated:기본주당이익(손실) (단위 : 원):0=-0.2; consolidated:기본주당이익(손실) (단위 : 원):1=16.5; consolidated:희석주당이익(손실) (단위 : 원):0=-0.2; consolidated:희석주당이익(손실) (단위 : 원):1=16.5; separate:기본주당이익(손실) (단위 : 원):0=-4.1; separate:기본주당이익(손실) (단위 : 원):1=17.1; separate:희석주당이익(손실) (단위 : 원):0=-4.1; separate:희석주당이익(손실) (단위 : 원):1=17.1
20230515001063	00145473	2023	Q1	separate:(1)기본주당이익(손실) (단위 : :0=124.7; separate:(1)기본주당이익(손실) (단위 : :1=115.1; separate:(2)희석주당이익(손실) (단위 : :0=124.7; separate:(2)희석주당이익(손실) (단위 : :1=115.1
20230515001113	00946030	2023	Q1	consolidated:기본주당이익(손실) (단위 : 원):0=-49.7; consolidated:기본주당이익(손실) (단위 : 원):1=-24.3; consolidated:희석주당이익(손실) (단위 : 원):0=-49.7; consolidated:희석주당이익(손실) (단위 : 원):1=-24.3; separate:기본주당이익(손실) (단위 : 원):0=-49.6; separate:기본주당이익(손실) (단위 : 원):1=-38.8; separate:희석주당이익(손실) (단위 : 원):0=-49.6; separate:희석주당이익(손실) (단위 : 원):1=-38.8
20230515001263	00138516	2023	Q1	consolidated:기본주당이익(손실) (단위 : USD:0=0.01; consolidated:기본주당이익(손실) (단위 : USD:1=0.05; consolidated:계속영업기본주당이익(손실) (단위 ::0=0.01; consolidated:계속영업기본주당이익(손실) (단위 ::1=0.05; consolidated:희석주당이익(손실) (단위 : USD:0=0.01; consolidated:희석주당이익(손실) (단위 : USD:1=0.05; consolidated:계속영업희석주당이익(손실) (단위 ::0=0.01; consolidated:계속영업희석주당이익(손실) (단위 ::1=0.05; separate:기본주당이익(손실) (단위 : USD:0=0.01; separate:기본주당이익(손실) (단위 : USD:1=0.05; separate:계속영업기본주당이익(손실) (단위 ::0=0.01; separate:계속영업기본주당이익(손실) (단위 ::1=0.05; separate:희석주당이익(손실) (단위 : USD:0=0.01; separate:희석주당이익(손실) (단위 : USD:1=0.05; separate:계속영업희석주당이익(손실) (단위 ::0=0.01; separate:계속영업희석주당이익(손실) (단위 ::1=0.05
20230515001713	00267942	2023	Q1	separate:기본주당순손실:0=-2.2; separate:희석주당순손실:0=-2.2
20230515001900	00149804	2023	Q1	consolidated:계속영업보통기본주당순이익 (단위 : :0=-81.39; consolidated:계속영업보통기본주당순이익 (단위 : :1=-61.68; consolidated:계속영업보통희석주당순이익 (단위 : :0=-81.39; consolidated:계속영업보통희석주당순이익 (단위 : :1=-56.91; separate:계속영업보통기본주당순이익 (단위 : :0=134.4; separate:계속영업보통기본주당순이익 (단위 : :1=56.6; separate:계속영업보통희석주당순이익 (단위 : :0=50.7; separate:계속영업보통희석주당순이익 (단위 : :1=53.2
20230515002006	00557933	2023	Q1	consolidated:기본주당이익 (단위 : 원):0=157.3; consolidated:기본주당이익 (단위 : 원):1=169.2; consolidated:희석주당이익 (단위 : 원):0=157.2; separate:희석주당이익 (단위 : 원):0=158.9; separate:희석주당이익 (단위 : 원):1=170.8
20230515002303	00620558	2023	Q1	consolidated:기본주당이익(손실) (단위 : 원):0=-14.66; consolidated:기본주당이익(손실) (단위 : 원):1=-6.46; consolidated:계속영업기본주당이익(손실) (단위 ::0=-14.66; consolidated:계속영업기본주당이익(손실) (단위 ::1=-6.46; consolidated:희석주당이익(손실) (단위 : 원):0=-14.66; consolidated:희석주당이익(손실) (단위 : 원):1=-6.46; consolidated:계속영업희석주당이익(손실) (단위 ::0=-14.66; consolidated:계속영업희석주당이익(손실) (단위 ::1=-6.46; separate:기본주당이익(손실) (단위 : 원):0=-13.13; separate:기본주당이익(손실) (단위 : 원):1=-2.07; separate:희석주당이익(손실) (단위 : 원):0=-13.13; separate:희석주당이익(손실) (단위 : 원):1=-2.07
20230515002331	00144021	2023	Q1	separate:계속영업기본주당이익(손실) (단위 ::0=-3.2; separate:계속영업기본주당이익(손실) (단위 ::1=-1.8; separate:계속영업희석주당이익(손실) (단위 ::0=-3.2; separate:계속영업희석주당이익(손실) (단위 ::1=-1.8
20230515002514	00406046	2023	Q1	consolidated:기본주당이익(손실) (단위 : 원):0=1.4; consolidated:계속영업기본주당이익(손실) (단위 ::0=0.6; consolidated:중단영업기본주당이익(손실) (단위 ::0=0.8; consolidated:희석주당이익(손실) (단위 : 원):0=1.4; consolidated:계속영업희석주당이익(손실) (단위 ::0=0.6; consolidated:중단영업희석주당이익(손실) (단위 ::0=0.8
20230515002650	01043853	2023	Q1	consolidated:계속영업기본주당이익(손실) (단위 ::0=461.99; consolidated:계속영업기본주당이익(손실) (단위 ::1=-37.08; consolidated:중단영업기본주당이익(손실) (단위 ::1=3.59; consolidated:계속영업희석주당이익(손실) (단위 ::0=423.26; consolidated:계속영업희석주당이익(손실) (단위 ::1=-37.08; consolidated:중단영업희석주당이익(손실) (단위 ::1=2.9; separate:계속영업기본주당이익(손실) (단위 ::0=467.4; separate:계속영업기본주당이익(손실) (단위 ::1=-3.7; separate:중단영업기본주당이익(손실) (단위 ::1=3.59; separate:계속영업희석주당이익(손실) (단위 ::0=427.93; separate:계속영업희석주당이익(손실) (단위 ::1=-3.7; separate:중단영업희석주당이익(손실) (단위 ::1=3.59
20230515002720	00131850	2023	Q1	consolidated:1. 기본주당이익:0=0.40; consolidated:1. 기본주당이익:1=5.78; consolidated:2. 희석주당이익:0=0.40; consolidated:2. 희석주당이익:1=5.78; separate:1. 기본주당이익:0=28.25; separate:1. 기본주당이익:1=-0.40; separate:1. 기본주당이익:2=33.04; separate:2. 희석주당이익:0=28.20; separate:2. 희석주당이익:1=-0.40; separate:2. 희석주당이익:2=33.04
20230530000598	00164618	2023	Q1	consolidated:기본주당이익(손실) (단위 : 원):0=-88.61; consolidated:기본주당이익(손실) (단위 : 원):1=12.34; consolidated:희석주당이익(손실) (단위 : 원):0=-88.61; consolidated:희석주당이익(손실) (단위 : 원):1=12.34; separate:기본주당이익(손실) (단위 : 원):0=-113.27; separate:기본주당이익(손실) (단위 : 원):1=12.34; separate:희석주당이익(손실) (단위 : 원):0=-113.27; separate:희석주당이익(손실) (단위 : 원):1=12.34
20230807000346	00164618	2022	FY	consolidated:기본주당이익(손실) (단위 : 원):0=-7669.34; consolidated:기본주당이익(손실) (단위 : 원):1=-23.58; consolidated:기본주당이익(손실) (단위 : 원):2=4.16; consolidated:희석주당이익(손실) (단위 : 원):0=-7669.34; consolidated:희석주당이익(손실) (단위 : 원):1=-23.58; consolidated:희석주당이익(손실) (단위 : 원):2=4.16; separate:기본주당이익(손실) (단위 : 원):0=-8321.94; separate:기본주당이익(손실) (단위 : 원):1=-23.58; separate:기본주당이익(손실) (단위 : 원):2=4.16; separate:희석주당이익(손실) (단위 : 원):0=-8321.94; separate:희석주당이익(손실) (단위 : 원):1=-23.58; separate:희석주당이익(손실) (단위 : 원):2=4.16
20230810000957	00138516	2023	H1	consolidated:기본주당이익(손실) (단위 : USD:0=0.02; consolidated:기본주당이익(손실) (단위 : USD:1=0.1; consolidated:계속영업기본주당이익(손실) (단위 ::0=0.02; consolidated:계속영업기본주당이익(손실) (단위 ::1=0.1; consolidated:희석주당이익(손실) (단위 : USD:0=0.02; consolidated:희석주당이익(손실) (단위 : USD:1=0.1; consolidated:계속영업희석주당이익(손실) (단위 ::0=0.02; consolidated:계속영업희석주당이익(손실) (단위 ::1=0.1; separate:기본주당이익(손실) (단위 : USD:0=0.02; separate:기본주당이익(손실) (단위 : USD:1=0.1; separate:계속영업기본주당이익(손실) (단위 ::0=0.02; separate:계속영업기본주당이익(손실) (단위 ::1=0.1; separate:희석주당이익(손실) (단위 : USD:0=0.02; separate:희석주당이익(손실) (단위 : USD:1=0.1; separate:계속영업희석주당이익(손실) (단위 ::0=0.02; separate:계속영업희석주당이익(손실) (단위 ::1=0.1
20230811001337	00231044	2023	H1	consolidated:기본주당이익(손실) (단위 : 원):0=-14.01; consolidated:기본주당이익(손실) (단위 : 원):1=-9.1; consolidated:희석주당이익(손실) (단위 : 원):0=-14.01; consolidated:희석주당이익(손실) (단위 : 원):1=-9.1; separate:기본주당이익(손실) (단위 : 원):0=-5.43; separate:기본주당이익(손실) (단위 : 원):1=-5.97; separate:희석주당이익(손실) (단위 : 원):0=-5.43; separate:희석주당이익(손실) (단위 : 원):1=-5.97
20230811001341	00130879	2023	H1	separate:기본주당이익(손실) (단위 : 원):0=-2.9; separate:기본주당이익(손실) (단위 : 원):1=-0.26; separate:희석주당이익(손실) (단위 : 원):0=-2.9; separate:희석주당이익(손실) (단위 : 원):1=-0.26
20230811001523	01327092	2023	H1	consolidated:기본주당이익(손실) (단위 : 원):0=-134.57; consolidated:희석주당이익(손실) (단위 : 원):0=-134.57; separate:기본주당이익(손실) (단위 : 원):0=-124.54; separate:기본주당이익(손실) (단위 : 원):1=-380.57; separate:희석주당이익(손실) (단위 : 원):0=-124.54; separate:희석주당이익(손실) (단위 : 원):1=-380.57
20230811001563	01032486	2023	H1	consolidated:기본주당이익(손실):0=3.97; consolidated:기본주당이익(손실):1=1.95; consolidated:희석주당순이익(손실):0=3.97; consolidated:희석주당순이익(손실):1=1.95
20230811001841	01311310	2023	H1	separate:기본주당이익(손실) (단위 : 원):0=42.62; separate:기본주당이익(손실) (단위 : 원):1=78.77; separate:희석주당이익(손실) (단위 : 원):0=42.51; separate:희석주당이익(손실) (단위 : 원):1=78.35
20230811001983	00339072	2023	H1	separate:기본주당이익(손실) (단위 : 원):0=6.24; separate:기본주당이익(손실) (단위 : 원):1=6.02; separate:희석주당이익(손실) (단위 : 원):0=6.18; separate:희석주당이익(손실) (단위 : 원):1=5.81
20230811002003	01113499	2023	H1	separate:기본 및 희석주당이익(손실) (단위 :0=-75.9; separate:기본 및 희석주당이익(손실) (단위 :1=30.6
20230811002538	00220109	2023	H1	consolidated:기본주당이익(손실) (단위 : 원):0=-47.75; consolidated:기본주당이익(손실) (단위 : 원):1=-26.83; consolidated:희석주당이익(손실) (단위 : 원):0=-47.75; consolidated:희석주당이익(손실) (단위 : 원):1=-26.83; separate:기본주당이익(손실) (단위 : 원):0=-49.85; separate:기본주당이익(손실) (단위 : 원):1=-24.1; separate:희석주당이익(손실) (단위 : 원):0=-49.85; separate:희석주당이익(손실) (단위 : 원):1=-24.1
20230814000698	00145473	2023	H1	separate:(1)기본주당이익(손실) (단위 : :0=200.6; separate:(1)기본주당이익(손실) (단위 : :1=217.8; separate:(2)희석주당이익(손실) (단위 : :0=200.6; separate:(2)희석주당이익(손실) (단위 : :1=217.8
20230814000744	01223219	2023	H1	separate:계속영업기본주당이익(손실) (단위 ::0=-56.1; separate:계속영업기본주당이익(손실) (단위 ::1=-42.59; separate:계속영업희석주당이익(손실) (단위 ::0=-56.1; separate:계속영업희석주당이익(손실) (단위 ::1=-42.59
20230814000943	00411808	2023	H1	separate:기본주당이익(손실) (단위 : 원):0=213.6; separate:기본주당이익(손실) (단위 : 원):1=-332.2; separate:희석주당이익(손실) (단위 : 원):0=207.5; separate:희석주당이익(손실) (단위 : 원):1=-332.2
20230814001086	00136457	2023	H1	consolidated:기본주당이익(손실) (단위 : 원):0=4.5; consolidated:기본주당이익(손실) (단위 : 원):1=9.8; consolidated:희석주당이익(손실) (단위 : 원):0=4.5; consolidated:희석주당이익(손실) (단위 : 원):1=9.8
20230814001582	01186404	2023	H1	separate:기본주당이익(손실) (단위 : 원):0=0.25
20230814001598	00267942	2023	H1	separate:기본주당순이익(손실):0=4.2; separate:희석주당순이익(손실):0=4.2
20230814001825	00144021	2023	H1	separate:기본주당이익(손실) (단위 : 원):0=-12.4; separate:기본주당이익(손실) (단위 : 원):1=-6.4; separate:계속영업기본주당이익(손실) (단위 ::0=-12.4; separate:계속영업기본주당이익(손실) (단위 ::1=-6.4; separate:희석주당이익(손실) (단위 : 원):0=-12.4; separate:희석주당이익(손실) (단위 : 원):1=-6.4; separate:계속영업희석주당이익(손실) (단위 ::0=-12.4; separate:계속영업희석주당이익(손실) (단위 ::1=-6.4
20230814002252	01391103	2023	H1	consolidated:계속영업기본주당이익(손실) (단위 ::0=270.71; consolidated:계속영업기본주당이익(손실) (단위 ::1=178.3; consolidated:중단영업기본주당이익(손실) (단위 ::1=-62.37; consolidated:계속영업희석주당이익(손실) (단위 ::0=270.62; consolidated:계속영업희석주당이익(손실) (단위 ::1=178.3; consolidated:중단영업희석주당이익(손실) (단위 ::1=-62.37; separate:계속영업기본주당이익(손실) (단위 ::0=252.01; separate:계속영업희석주당이익(손실) (단위 ::0=251.95
20230814002285	01043853	2023	H1	consolidated:계속영업기본주당이익(손실) (단위 ::0=224.02; consolidated:계속영업기본주당이익(손실) (단위 ::1=-414.26; consolidated:중단영업기본주당이익(손실) (단위 ::1=2.46; consolidated:계속영업희석주당이익(손실) (단위 ::0=224.02; consolidated:계속영업희석주당이익(손실) (단위 ::1=-414.26; consolidated:중단영업희석주당이익(손실) (단위 ::1=1.97; separate:계속영업기본주당이익(손실) (단위 ::0=244.81; separate:계속영업기본주당이익(손실) (단위 ::1=-357.02; separate:중단영업기본주당이익(손실) (단위 ::1=2.46; separate:계속영업희석주당이익(손실) (단위 ::0=244.81; separate:계속영업희석주당이익(손실) (단위 ::1=-357.02; separate:중단영업희석주당이익(손실) (단위 ::1=1.97
20230814002290	00149804	2023	H1	consolidated:계속영업보통기본주당순이익 (단위 : :0=-245.13; consolidated:계속영업보통기본주당순이익 (단위 : :1=-109.91; consolidated:계속영업보통희석주당순이익 (단위 : :0=-245.13; consolidated:계속영업보통희석주당순이익 (단위 : :1=-109.91; separate:계속영업보통기본주당순이익 (단위 : :0=94.1; separate:계속영업보통기본주당순이익 (단위 : :1=98.2; separate:계속영업보통희석주당순이익 (단위 : :0=66.3; separate:계속영업보통희석주당순이익 (단위 : :1=29.8
20230814002357	00620558	2023	H1	consolidated:기본주당이익(손실) (단위 : 원):0=-27.24; consolidated:기본주당이익(손실) (단위 : 원):1=-14.09; consolidated:계속영업기본주당이익(손실) (단위 ::0=-27.24; consolidated:계속영업기본주당이익(손실) (단위 ::1=-14.09; consolidated:희석주당이익(손실) (단위 : 원):0=-27.24; consolidated:희석주당이익(손실) (단위 : 원):1=-14.09; consolidated:계속영업희석주당이익(손실) (단위 ::0=-27.24; consolidated:계속영업희석주당이익(손실) (단위 ::1=-14.09; separate:기본주당이익(손실) (단위 : 원):0=-13.62; separate:기본주당이익(손실) (단위 : 원):1=3.49; separate:희석주당이익(손실) (단위 : 원):0=-13.62; separate:희석주당이익(손실) (단위 : 원):1=3.49
20230814002678	00526678	2023	H1	separate:기본주당이익(손실) (단위 : 원):0=49.2
20230814002788	00557933	2023	H1	consolidated:기본주당이익(손실) (단위 : 원):0=2.1; consolidated:기본주당이익(손실) (단위 : 원):1=79.9; consolidated:희석주당이익(손실) (단위 : 원):0=2.1; consolidated:희석주당이익(손실) (단위 : 원):1=79.8; separate:기본주당이익(손실) (단위 : 원):0=12.3; separate:기본주당이익(손실) (단위 : 원):1=68.49; separate:희석주당이익(손실) (단위 : 원):0=12.3; separate:희석주당이익(손실) (단위 : 원):1=68.45
20230814002864	00131850	2023	H1	consolidated:1. 기본주당이익:0=38.78; consolidated:1. 기본주당이익:1=16.39; consolidated:1. 기본주당이익:2=68.77; consolidated:2. 희석주당이익:0=38.73; consolidated:2. 희석주당이익:1=16.25; consolidated:2. 희석주당이익:2=68.77; separate:1. 기본주당이익:0=38.76; separate:1. 기본주당이익:1=12.06; separate:1. 기본주당이익:2=55.1; separate:2, 희석주당이익:0=38.72; separate:2, 희석주당이익:1=11.96; separate:2, 희석주당이익:2=55.1
20230814002946	00350020	2023	H1	consolidated:기본주당이익(손실) (단위 : 원):0=-254.8; consolidated:기본주당이익(손실) (단위 : 원):1=-153.6; consolidated:계속영업기본주당이익(손실) (단위 ::0=-254.8; consolidated:중단영업기본주당이익(손실) (단위 ::1=0.4; consolidated:희석주당이익(손실) (단위 : 원):0=-254.8; consolidated:희석주당이익(손실) (단위 : 원):1=-153.6; consolidated:계속영업희석주당이익(손실) (단위 ::0=-254.8; consolidated:중단영업희석주당이익(손실) (단위 ::1=0.4; separate:기본주당이익(손실) (단위 : 원):0=-177.8; separate:기본주당이익(손실) (단위 : 원):1=-140.1; separate:계속영업기본주당이익(손실) (단위 ::0=-177.8; separate:계속영업기본주당이익(손실) (단위 ::1=-140.5; separate:중단영업기본주당이익(손실) (단위 ::1=0.4; separate:희석주당이익(손실) (단위 : 원):0=-177.8; separate:희석주당이익(손실) (단위 : 원):1=-140.1; separate:계속영업희석주당이익(손실) (단위 ::0=-177.8; separate:계속영업희석주당이익(손실) (단위 ::1=-140.5; separate:중단영업희석주당이익(손실) (단위 ::1=0.4
20230814003061	00552859	2023	H1	consolidated:기본주당이익(손실) (단위 : 원):0=44.08; consolidated:기본주당이익(손실) (단위 : 원):1=-61.2; consolidated:희석주당이익(손실) (단위 : 원):0=43.99; consolidated:희석주당이익(손실) (단위 : 원):1=-61.2; separate:기본주당이익(손실) (단위 : 원):0=32.19; separate:기본주당이익(손실) (단위 : 원):1=3.91; separate:희석주당이익(손실) (단위 : 원):0=32.12; separate:희석주당이익(손실) (단위 : 원):1=3.89
20230814003076	00137207	2023	H1	consolidated:기본주당이익 (단위 : 원):0=0.6; consolidated:기본주당이익 (단위 : 원):1=24.1; consolidated:희석주당이익 (단위 : 원):0=0.6; consolidated:희석주당이익 (단위 : 원):1=24.1
20230816000288	00411808	2023	H1	separate:기본주당이익(손실) (단위 : 원):0=213.6; separate:기본주당이익(손실) (단위 : 원):1=-332.2; separate:희석주당이익(손실) (단위 : 원):0=207.5; separate:희석주당이익(손실) (단위 : 원):1=-332.2
20230817000028	00131850	2023	H1	consolidated:1. 기본주당이익:0=38.78; consolidated:1. 기본주당이익:1=16.39; consolidated:1. 기본주당이익:2=68.77; consolidated:2. 희석주당이익:0=38.73; consolidated:2. 희석주당이익:1=16.25; consolidated:2. 희석주당이익:2=68.77; separate:1. 기본주당이익:0=38.76; separate:1. 기본주당이익:1=12.06; separate:1. 기본주당이익:2=55.1; separate:2, 희석주당이익:0=38.72; separate:2, 희석주당이익:1=11.96; separate:2, 희석주당이익:2=55.1
20230818000150	01186404	2023	H1	separate:기본주당이익(손실) (단위 : 원):0=0.25
20231107000196	00185046	2023	Q3	consolidated:기본주당이익(손실) (단위 : 원):0=0.1; consolidated:희석주당이익(손실) (단위 : 원):0=0.1; consolidated:희석주당이익(손실) (단위 : 원):1=28.8; separate:기본주당이익(손실) (단위 : 원):0=1.5; separate:기본주당이익(손실) (단위 : 원):1=29.8; separate:희석주당이익(손실) (단위 : 원):0=1.5; separate:희석주당이익(손실) (단위 : 원):1=29.6
20231107000254	01327092	2023	Q3	consolidated:기본주당이익(손실) (단위 : 원):0=-123.24; consolidated:기본주당이익(손실) (단위 : 원):1=-470.53; consolidated:희석주당이익(손실) (단위 : 원):0=-123.24; consolidated:희석주당이익(손실) (단위 : 원):1=-470.53; separate:기본주당이익(손실) (단위 : 원):0=-109.80; separate:기본주당이익(손실) (단위 : 원):1=-470.53; separate:희석주당이익(손실) (단위 : 원):0=-109.80; separate:희석주당이익(손실) (단위 : 원):1=-470.53
20231109000085	00411808	2023	Q3	separate:기본주당이익(손실) (단위 : 원):0=308.7; separate:기본주당이익(손실) (단위 : 원):1=-309.6; separate:희석주당이익(손실) (단위 : 원):1=-309.6
20231110000621	01276901	2023	Q3	consolidated:기본주당이익(손실) (단위 : 원):0=-30.7; consolidated:기본주당이익(손실) (단위 : 원):1=3.7; consolidated:희석주당이익(손실) (단위 : 원):0=-30.7; consolidated:희석주당이익(손실) (단위 : 원):1=3.7; separate:기본주당이익(손실) (단위 : 원):0=-14.7; separate:기본주당이익(손실) (단위 : 원):1=16.1; separate:희석주당이익(손실) (단위 : 원):0=-14.7; separate:희석주당이익(손실) (단위 : 원):1=16.1
20231110000693	01032486	2023	Q3	consolidated:기본주당순이익 (단위 : 원):0=5.41; consolidated:기본주당순이익 (단위 : 원):1=2.83; consolidated:희석주당순이익 (단위 : 원):0=5.41; consolidated:희석주당순이익 (단위 : 원):1=2.83
20231113000189	00167208	2023	Q3	consolidated:기본주당이익(손실) (단위 : 원):0=74.1; consolidated:기본주당이익(손실) (단위 : 원):1=33.1; consolidated:희석주당이익(손실) (단위 : 원):0=74.1; consolidated:희석주당이익(손실) (단위 : 원):1=33.1
20231113000291	01391103	2023	Q3	consolidated:계속영업기본주당이익(손실) (단위 ::0=341.91; consolidated:계속영업기본주당이익(손실) (단위 ::1=345.69; consolidated:중단영업기본주당이익(손실) (단위 ::1=-86.93; consolidated:계속영업희석주당이익(손실) (단위 ::0=341.85; consolidated:계속영업희석주당이익(손실) (단위 ::1=345.69; consolidated:중단영업희석주당이익(손실) (단위 ::1=-86.93; separate:계속영업기본주당이익(손실) (단위 ::0=309.01; separate:계속영업기본주당이익(손실) (단위 ::1=332.99; separate:계속영업희석주당이익(손실) (단위 ::0=308.95; separate:계속영업희석주당이익(손실) (단위 ::1=332.99
20231113000301	01311310	2023	Q3	separate:기본주당이익(손실) (단위 : 원):0=95.90; separate:기본주당이익(손실) (단위 : 원):1=164.15; separate:희석주당이익(손실) (단위 : 원):0=95.66; separate:희석주당이익(손실) (단위 : 원):1=163.22
20231113000470	00339072	2023	Q3	separate:기본주당이익(손실) (단위 : 원):0=2.77; separate:기본주당이익(손실) (단위 : 원):1=23.27; separate:희석주당이익(손실) (단위 : 원):0=2.74; separate:희석주당이익(손실) (단위 : 원):1=22.68
20231113000638	01601222	2023	Q3	separate:기본주당이익(손실) (단위 : 원):0=26.6; separate:기본주당이익(손실) (단위 : 원):1=-25.3; separate:희석주당이익(손실) (단위 : 원):0=26.6
20231114000026	00617314	2023	Q3	separate:기본주당이익(손실) (단위 : 원):0=-260.48; separate:기본주당이익(손실) (단위 : 원):1=843.31; separate:희석주당이익(손실) (단위 : 원):0=-260.48; separate:희석주당이익(손실) (단위 : 원):1=843.31
20231114000195	00138516	2023	Q3	consolidated:기본주당이익(손실) (단위 : USD:0=0.06; consolidated:기본주당이익(손실) (단위 : USD:1=0.13; consolidated:계속영업기본주당이익(손실) (단위 ::0=0.06; consolidated:계속영업기본주당이익(손실) (단위 ::1=0.13; consolidated:희석주당이익(손실) (단위 : USD:0=0.06; consolidated:희석주당이익(손실) (단위 : USD:1=0.13; consolidated:계속영업희석주당이익(손실) (단위 ::0=0.06; consolidated:계속영업희석주당이익(손실) (단위 ::1=0.13; separate:기본주당이익(손실) (단위 : USD:0=0.06; separate:기본주당이익(손실) (단위 : USD:1=0.13; separate:계속영업기본주당이익(손실) (단위 ::0=0.06; separate:계속영업기본주당이익(손실) (단위 ::1=0.13; separate:희석주당이익(손실) (단위 : USD:0=0.06; separate:희석주당이익(손실) (단위 : USD:1=0.13; separate:계속영업희석주당이익(손실) (단위 ::0=0.06; separate:계속영업희석주당이익(손실) (단위 ::1=0.13
20231114000337	00120906	2023	Q3	separate:기본주당이익(손실) (단위 : 원):0=-24.83; separate:기본주당이익(손실) (단위 : 원):1=0.42; separate:희석주당이익(손실) (단위 : 원):0=-24.83; separate:희석주당이익(손실) (단위 : 원):1=0.42
20231114000370	00557933	2023	Q3	consolidated:기본주당이익(손실) (단위 : 원):0=-42.4; consolidated:기본주당이익(손실) (단위 : 원):1=65.9; consolidated:희석주당이익(손실) (단위 : 원):0=-42.4; consolidated:희석주당이익(손실) (단위 : 원):1=65.9; separate:기본주당이익(손실) (단위 : 원):0=-32.4; separate:기본주당이익(손실) (단위 : 원):1=66.2; separate:희석주당이익(손실) (단위 : 원):0=-32.4; separate:희석주당이익(손실) (단위 : 원):1=66.2
20231114000438	00526678	2023	Q3	separate:기본주당이익(손실) (단위 : 원):0=56.70; separate:기본주당이익(손실) (단위 : 원):1=24.20
20231114000440	00130879	2023	Q3	separate:기본주당이익(손실) (단위 : 원):0=-2.30; separate:기본주당이익(손실) (단위 : 원):1=-1.60; separate:희석주당이익(손실) (단위 : 원):0=-2.30; separate:희석주당이익(손실) (단위 : 원):1=-1.60
20231114000455	00131896	2023	Q3	consolidated:기본주당이익(손실) (단위 : 원):0=3682.44; consolidated:기본주당이익(손실) (단위 : 원):1=2538.74; consolidated:희석주당이익(손실) (단위 : 원):0=3682.44; consolidated:희석주당이익(손실) (단위 : 원):1=2538.74; separate:기본주당이익(손실) (단위 : 원):0=2370.64; separate:기본주당이익(손실) (단위 : 원):1=2323.22; separate:희석주당이익(손실) (단위 : 원):0=2370.64; separate:희석주당이익(손실) (단위 : 원):1=2323.22
20231114000551	00145473	2023	Q3	separate:기본주당이익(손실) (단위 : 원):0=240.50; separate:기본주당이익(손실) (단위 : 원):1=230.50; separate:희석주당이익(손실) (단위 : 원):0=240.50; separate:희석주당이익(손실) (단위 : 원):1=230.50
20231114000604	00110608	2023	Q3	consolidated:기본주당이익(손실) (단위 : 원):0=922.15; consolidated:기본주당이익(손실) (단위 : 원):1=1401.20; separate:기본주당이익(손실) (단위 : 원):0=864.05; separate:기본주당이익(손실) (단위 : 원):1=1187.54
20231114000759	00136457	2023	Q3	consolidated:기본주당이익(손실) (단위 : 원):0=-3.3; consolidated:기본주당이익(손실) (단위 : 원):1=28.5; consolidated:희석주당이익(손실) (단위 : 원):0=-3.3; consolidated:희석주당이익(손실) (단위 : 원):1=28.5; separate:기본주당이익(손실) (단위 : 원):0=-10.5; separate:기본주당이익(손실) (단위 : 원):1=27.1; separate:희석주당이익(손실) (단위 : 원):0=-10.5; separate:희석주당이익(손실) (단위 : 원):1=27.1
20231114001572	01043853	2023	Q3	consolidated:계속영업기본주당이익(손실) (단위 ::0=257.03; consolidated:계속영업기본주당이익(손실) (단위 ::1=-598.23; consolidated:중단영업기본주당이익(손실) (단위 ::1=2.30; consolidated:계속영업희석주당이익(손실) (단위 ::0=229.89; consolidated:계속영업희석주당이익(손실) (단위 ::1=-598.23; consolidated:중단영업희석주당이익(손실) (단위 ::1=1.85; separate:계속영업기본주당이익(손실) (단위 ::0=289.45; separate:계속영업기본주당이익(손실) (단위 ::1=-477.68; separate:중단영업기본주당이익(손실) (단위 ::1=2.30; separate:계속영업희석주당이익(손실) (단위 ::0=255.35; separate:계속영업희석주당이익(손실) (단위 ::1=-477.68; separate:중단영업희석주당이익(손실) (단위 ::1=1.85
20231114001658	00373021	2023	Q3	separate:희석주당이익(손실) (단위 : 원):0=-67.16; separate:희석주당이익(손실) (단위 : 원):1=481.80
20231114001705	00136165	2023	Q3	consolidated:기본 및 희석주당손익 (단위 : 원):0=-91.95; consolidated:기본 및 희석주당손익 (단위 : 원):1=-163.56; separate:기본 및 희석주당손익 (단위 : 원):0=65.97; separate:기본 및 희석주당손익 (단위 : 원):1=-26.35
20231114001708	01186404	2023	Q3	separate:기본주당이익(손실) (단위 : 원):0=6.02
20231114001741	00552859	2023	Q3	consolidated:계속영업 기본주당순손익 (단위 : 원:0=27.65; consolidated:계속영업 기본주당순손익 (단위 : 원:1=-161.02; consolidated:중단영업 기본주당순손익 (단위 : 원:0=-1.30; consolidated:계속영업 희석주당순손익 (단위 : 원:0=27.59; consolidated:계속영업 희석주당순손익 (단위 : 원:1=-161.02; consolidated:중단영업 희석주당순손익 (단위 : 원:0=-1.30; separate:기본주당이익(손실) (단위 : 원):0=54.27; separate:기본주당이익(손실) (단위 : 원):1=175.10; separate:희석주당이익(손실) (단위 : 원):0=54.15; separate:희석주당이익(손실) (단위 : 원):1=175.10
20231114001791	00267942	2023	Q3	separate:기본주당이익(손실) (단위 : 원):0=56.30
20231114001801	00144021	2023	Q3	separate:계속영업기본주당이익(손실) (단위 ::0=-28.2; separate:계속영업기본주당이익(손실) (단위 ::1=-22.7; separate:계속영업희석주당이익(손실) (단위 ::0=-28.2; separate:계속영업희석주당이익(손실) (단위 ::1=-22.7
20231114002426	00149804	2023	Q3	consolidated:계속영업보통기본주당순이익 (단위 : :0=5.95; consolidated:계속영업보통기본주당순이익 (단위 : :1=154.87; consolidated:계속영업보통희석주당순이익 (단위 : :0=5.95; consolidated:계속영업보통희석주당순이익 (단위 : :1=154.87; separate:계속영업보통기본주당순이익 (단위 : :0=-503.20; separate:계속영업보통기본주당순이익 (단위 : :1=151.70; separate:계속영업보통희석주당순이익 (단위 : :0=-503.20; separate:계속영업보통희석주당순이익 (단위 : :1=61.90
20231114002433	00415628	2023	Q3	consolidated:기본주당이익(손실) (단위 : 원):0=-33.48
20231114002485	00946030	2023	Q3	consolidated:기본주당이익(손실) (단위 : 원):0=-79.20; consolidated:희석주당이익(손실) (단위 : 원):0=-79.20; separate:기본주당이익(손실) (단위 : 원):0=-112.60; separate:희석주당이익(손실) (단위 : 원):0=-112.60
20231114002626	00220109	2023	Q3	consolidated:기본주당이익(손실) (단위 : 원):0=-70.13; consolidated:기본주당이익(손실) (단위 : 원):1=-39.68; consolidated:희석주당이익(손실) (단위 : 원):0=-70.13; consolidated:희석주당이익(손실) (단위 : 원):1=-39.68; separate:기본주당이익(손실) (단위 : 원):0=-73.98; separate:기본주당이익(손실) (단위 : 원):1=-34.41; separate:희석주당이익(손실) (단위 : 원):0=-73.98; separate:희석주당이익(손실) (단위 : 원):1=-34.41
20231114002657	00620558	2023	Q3	consolidated:기본주당이익(손실) (단위 : 원):0=-44.50; consolidated:기본주당이익(손실) (단위 : 원):1=-16.36; consolidated:희석주당이익(손실) (단위 : 원):0=-44.50; consolidated:희석주당이익(손실) (단위 : 원):1=-16.36; separate:기본주당이익(손실) (단위 : 원):0=-26.56; separate:기본주당이익(손실) (단위 : 원):1=4.45; separate:희석주당이익(손실) (단위 : 원):0=-26.56; separate:희석주당이익(손실) (단위 : 원):1=4.45
20231114002663	00350020	2023	Q3	consolidated:기본주당이익(손실) (단위 : 원):0=-308.40; consolidated:기본주당이익(손실) (단위 : 원):1=-154.80; consolidated:계속영업기본주당이익(손실) (단위 ::0=-308.40; consolidated:계속영업기본주당이익(손실) (단위 ::1=-155.40; consolidated:중단영업기본주당이익(손실) (단위 ::1=0.6; consolidated:희석주당이익(손실) (단위 : 원):0=-308.40; consolidated:희석주당이익(손실) (단위 : 원):1=-154.80; consolidated:계속영업희석주당이익(손실) (단위 ::0=-308.40; consolidated:계속영업희석주당이익(손실) (단위 ::1=-155.40; consolidated:중단영업희석주당이익(손실) (단위 ::1=0.6; separate:계속영업기본주당이익(손실) (단위 ::0=-176.70; separate:중단영업기본주당이익(손실) (단위 ::1=0.6; separate:계속영업희석주당이익(손실) (단위 ::0=-176.70; separate:중단영업희석주당이익(손실) (단위 ::1=0.6
20231114002713	00497631	2023	Q3	separate:기본주당이익(손실) (단위 : 원):0=-59.11; separate:기본주당이익(손실) (단위 : 원):1=566.98
20231114002724	00130587	2023	Q3	consolidated:기본주당이익(손실) (단위 : 원):0=-96.10; consolidated:기본주당이익(손실) (단위 : 원):1=-48.60; separate:기본주당이익(손실) (단위 : 원):0=-90.70; separate:기본주당이익(손실) (단위 : 원):1=-47.30
20231114002880	00131850	2023	Q3	consolidated:보통주기본주당이익(손실) (단위 : :0=53.70; consolidated:보통주기본주당이익(손실) (단위 : :1=17.57; consolidated:보통주희석주당이익(손실) (단위 : :0=53.66; consolidated:보통주희석주당이익(손실) (단위 : :1=17.49; separate:보통주기본주당이익(손실) (단위 : :0=56.67; separate:보통주기본주당이익(손실) (단위 : :1=15.64; separate:보통주희석주당이익(손실) (단위 : :0=56.63; separate:보통주희석주당이익(손실) (단위 : :1=15.57
20231129000674	01223219	2023	Q3	consolidated:기본주당이익(손실) (단위 : 원):0=-64.05; consolidated:기본주당이익(손실) (단위 : 원):1=-80.17; consolidated:희석주당이익(손실) (단위 : 원):0=-64.05; consolidated:희석주당이익(손실) (단위 : 원):1=-80.17; separate:계속영업기본주당이익(손실) (단위 ::0=-58.27; separate:계속영업기본주당이익(손실) (단위 ::1=-80.17; separate:계속영업희석주당이익(손실) (단위 ::0=-58.27; separate:계속영업희석주당이익(손실) (단위 ::1=-80.17
20240126000503	01276901	2022	Q3	consolidated:기본주당이익(손실) (단위 : 원):0=3.7; consolidated:기본주당이익(손실) (단위 : 원):1=-330.8; consolidated:희석주당이익(손실) (단위 : 원):0=3.7; consolidated:희석주당이익(손실) (단위 : 원):1=-330.8; separate:기본주당이익(손실) (단위 : 원):0=16.1; separate:희석주당이익(손실) (단위 : 원):0=16.1
20240126000506	01276901	2023	Q1	consolidated:기본주당이익(손실) (단위 : 원):0=-25.8; consolidated:희석주당이익(손실) (단위 : 원):0=-25.8; separate:기본주당이익(손실) (단위 : 원):0=-15.7; separate:희석주당이익(손실) (단위 : 원):0=-15.7
20240126000508	01276901	2023	Q3	consolidated:기본주당이익(손실) (단위 : 원):0=-30.7; consolidated:기본주당이익(손실) (단위 : 원):1=3.7; consolidated:희석주당이익(손실) (단위 : 원):0=-30.7; consolidated:희석주당이익(손실) (단위 : 원):1=3.7; separate:기본주당이익(손실) (단위 : 원):0=-14.7; separate:기본주당이익(손실) (단위 : 원):1=16.1; separate:희석주당이익(손실) (단위 : 원):0=-14.7; separate:희석주당이익(손실) (단위 : 원):1=16.1
20240307000512	01311310	2023	FY	separate:기본주당이익(손실) (단위 : 원):0=151.98; separate:기본주당이익(손실) (단위 : 원):1=166.34; separate:기본주당이익(손실) (단위 : 원):2=137.48; separate:희석주당이익(손실) (단위 : 원):0=151.62; separate:희석주당이익(손실) (단위 : 원):1=165.36; separate:희석주당이익(손실) (단위 : 원):2=136.43
20240313001034	01208885	2023	FY	consolidated:기본주당순이익 (단위 : 원):0=5195.94; consolidated:기본주당순이익 (단위 : 원):1=4105.45; consolidated:기본주당순이익 (단위 : 원):2=3755.88; consolidated:희석주당순이익 (단위 : 원):0=5195.94; consolidated:희석주당순이익 (단위 : 원):1=4105.45; consolidated:희석주당순이익 (단위 : 원):2=3755.88; separate:기본주당순이익 (단위 : 원):0=5104.30; separate:기본주당순이익 (단위 : 원):1=3987.58; separate:기본주당순이익 (단위 : 원):2=3768.50; separate:희석주당순이익 (단위 : 원):0=5104.30; separate:희석주당순이익 (단위 : 원):1=3987.58; separate:희석주당순이익 (단위 : 원):2=3768.50
20240313001244	00131896	2023	FY	consolidated:기본주당이익(손실) (단위 : 원):0=5162.53; consolidated:기본주당이익(손실) (단위 : 원):1=1723.40; consolidated:기본주당이익(손실) (단위 : 원):2=4163.83; consolidated:희석주당이익(손실) (단위 : 원):0=5162.53; consolidated:희석주당이익(손실) (단위 : 원):1=1723.40; consolidated:희석주당이익(손실) (단위 : 원):2=4163.83; separate:기본주당이익(손실) (단위 : 원):0=3042.93; separate:기본주당이익(손실) (단위 : 원):1=471.13; separate:기본주당이익(손실) (단위 : 원):2=3285.14; separate:희석주당이익(손실) (단위 : 원):0=3042.93; separate:희석주당이익(손실) (단위 : 원):1=471.13; separate:희석주당이익(손실) (단위 : 원):2=3285.14
20240314000188	00138516	2023	FY	consolidated:기본주당이익(손실) (단위 : USD:0=0.07; consolidated:기본주당이익(손실) (단위 : USD:1=0.14; consolidated:기본주당이익(손실) (단위 : USD:2=0.15; consolidated:계속영업기본주당이익(손실) (단위 ::0=0.07; consolidated:계속영업기본주당이익(손실) (단위 ::1=0.14; consolidated:계속영업기본주당이익(손실) (단위 ::2=0.15; consolidated:희석주당이익(손실) (단위 : USD:0=0.07; consolidated:희석주당이익(손실) (단위 : USD:1=0.14; consolidated:희석주당이익(손실) (단위 : USD:2=0.15; consolidated:계속영업희석주당이익(손실) (단위 ::0=0.07; consolidated:계속영업희석주당이익(손실) (단위 ::1=0.14; consolidated:계속영업희석주당이익(손실) (단위 ::2=0.15; separate:기본주당이익(손실) (단위 : USD:0=0.07; separate:기본주당이익(손실) (단위 : USD:1=0.14; separate:기본주당이익(손실) (단위 : USD:2=0.12; separate:계속영업기본주당이익(손실) (단위 ::0=0.07; separate:계속영업기본주당이익(손실) (단위 ::1=0.14; separate:계속영업기본주당이익(손실) (단위 ::2=0.12; separate:희석주당이익(손실) (단위 : USD:0=0.07; separate:희석주당이익(손실) (단위 : USD:1=0.14; separate:희석주당이익(손실) (단위 : USD:2=0.12; separate:계속영업희석주당이익(손실) (단위 ::0=0.07; separate:계속영업희석주당이익(손실) (단위 ::1=0.14; separate:계속영업희석주당이익(손실) (단위 ::2=0.12
20240314000515	00958451	2023	FY	separate:기본주당이익(손실) (단위 : 원):0=344.60; separate:기본주당이익(손실) (단위 : 원):1=435.50; separate:기본주당이익(손실) (단위 : 원):2=190.06; separate:희석주당이익(손실) (단위 : 원):0=339.96; separate:희석주당이익(손실) (단위 : 원):1=434.28; separate:희석주당이익(손실) (단위 : 원):2=190.06
20240315000569	01327092	2023	FY	consolidated:기본주당이익(손실) (단위 : 원):0=-555.87; consolidated:기본주당이익(손실) (단위 : 원):1=-511.72; consolidated:기본주당이익(손실) (단위 : 원):2=-277.32; consolidated:희석주당이익(손실) (단위 : 원):0=-555.87; consolidated:희석주당이익(손실) (단위 : 원):1=-511.72; consolidated:희석주당이익(손실) (단위 : 원):2=-277.32; separate:기본주당이익(손실) (단위 : 원):0=-556.49; separate:기본주당이익(손실) (단위 : 원):1=-525.4; separate:기본주당이익(손실) (단위 : 원):2=-264.09; separate:희석주당이익(손실) (단위 : 원):0=-556.49; separate:희석주당이익(손실) (단위 : 원):1=-525.4; separate:희석주당이익(손실) (단위 : 원):2=-264.09
20240315000742	00158219	2023	FY	consolidated:기본주당이익(손실) (단위 : 원):0=-179.98; consolidated:기본주당이익(손실) (단위 : 원):1=87.86; consolidated:기본주당이익(손실) (단위 : 원):2=198.20; consolidated:희석주당이익(손실) (단위 : 원):0=-179.98; consolidated:희석주당이익(손실) (단위 : 원):1=87.86; consolidated:희석주당이익(손실) (단위 : 원):2=198.20; separate:기본주당이익(손실) (단위 : 원):0=-177.79; separate:기본주당이익(손실) (단위 : 원):1=86.32; separate:기본주당이익(손실) (단위 : 원):2=197.22; separate:희석주당이익(손실) (단위 : 원):0=-177.79; separate:희석주당이익(손실) (단위 : 원):1=86.32; separate:희석주당이익(손실) (단위 : 원):2=197.22
20240315000835	01032486	2023	FY	consolidated:기본주당이익(손실) (단위 : USD:0=7.05; consolidated:기본주당이익(손실) (단위 : USD:1=4.97; consolidated:기본주당이익(손실) (단위 : USD:2=3.36; consolidated:희석주당이익(손실) (단위 : USD:0=7.04; consolidated:희석주당이익(손실) (단위 : USD:1=4.97; consolidated:희석주당이익(손실) (단위 : USD:2=3.36
20240315000894	00131850	2023	FY	consolidated:보통주기본주당이익(손실) (단위 : :0=6.07; consolidated:보통주기본주당이익(손실) (단위 : :1=22.50; consolidated:보통주기본주당이익(손실) (단위 : :2=91.99; consolidated:보통주희석주당이익(손실) (단위 : :0=6.07; consolidated:보통주희석주당이익(손실) (단위 : :1=22.48; consolidated:보통주희석주당이익(손실) (단위 : :2=91.99; separate:보통주기본주당이익(손실) (단위 : :0=5.06; separate:보통주기본주당이익(손실) (단위 : :1=10.58; separate:보통주기본주당이익(손실) (단위 : :2=63.19; separate:보통주희석주당이익(손실) (단위 : :0=5.06; separate:보통주희석주당이익(손실) (단위 : :1=10.55; separate:보통주희석주당이익(손실) (단위 : :2=63.19
20240318000824	00136402	2023	FY	separate:기본주당이익(손실) (단위 : 원):0=2103.4; separate:기본주당이익(손실) (단위 : 원):2=211.2
20240318000872	00552859	2023	FY	consolidated:계속영업 기본주당순손익 (단위 : 원:0=-27.80; consolidated:계속영업 기본주당순손익 (단위 : 원:1=-172.86; consolidated:중단영업 기본주당순손익 (단위 : 원:0=-4.33; consolidated:중단영업 기본주당순손익 (단위 : 원:1=-8.48; consolidated:계속영업 희석주당순손익 (단위 : 원:0=-26.89; consolidated:계속영업 희석주당순손익 (단위 : 원:1=-172.86; consolidated:중단영업 희석주당순손익 (단위 : 원:0=-4.33; consolidated:중단영업 희석주당순손익 (단위 : 원:1=-8.48; separate:기본주당이익(손실) (단위 : 원):0=14.48; separate:기본주당이익(손실) (단위 : 원):1=-54.77; separate:희석주당이익(손실) (단위 : 원):0=14.45; separate:희석주당이익(손실) (단위 : 원):1=-54.77
20240318000949	00267942	2023	FY	separate:기본주당이익(손실) (단위 : 원):0=40.50; separate:기본주당이익(손실) (단위 : 원):1=-38.60; separate:희석주당이익(손실) (단위 : 원):1=-38.60
20240320000487	00120906	2023	FY	separate:기본주당이익(손실) (단위 : 원):0=-131.35; separate:기본주당이익(손실) (단위 : 원):1=-14.15; separate:기본주당이익(손실) (단위 : 원):2=57.76; separate:희석주당이익(손실) (단위 : 원):0=-131.35; separate:희석주당이익(손실) (단위 : 원):1=-14.15; separate:희석주당이익(손실) (단위 : 원):2=57.76
20240320000732	00156910	2023	FY	separate:기본및희석주당순이익(손실) (단위 ::0=51.60; separate:기본및희석주당순이익(손실) (단위 ::1=-93.10
20240320001070	00130879	2023	FY	separate:기본주당이익(손실) (단위 : 원):0=-1.50; separate:기본주당이익(손실) (단위 : 원):1=1.80; separate:기본주당이익(손실) (단위 : 원):2=-15.60; separate:희석주당이익(손실) (단위 : 원):0=-1.50; separate:희석주당이익(손실) (단위 : 원):1=1.80; separate:희석주당이익(손실) (단위 : 원):2=-15.60
20240320001199	00149804	2023	FY	separate:기본주당이익(손실) (단위 : 원):0=-1994.40; separate:기본주당이익(손실) (단위 : 원):1=-766.90; separate:기본주당이익(손실) (단위 : 원):2=-83.60; separate:희석주당이익(손실) (단위 : 원):0=-1994.40; separate:희석주당이익(손실) (단위 : 원):1=-766.90; separate:희석주당이익(손실) (단위 : 원):2=-83.60
20240320001375	01043853	2023	FY	consolidated:계속영업기본주당이익(손실) (단위 ::0=-266.10; consolidated:계속영업기본주당이익(손실) (단위 ::1=-768.11; consolidated:중단영업기본주당이익(손실) (단위 ::1=2.13; consolidated:계속영업희석주당이익(손실) (단위 ::0=-266.10; consolidated:계속영업희석주당이익(손실) (단위 ::1=-768.11; consolidated:중단영업희석주당이익(손실) (단위 ::1=1.71; separate:계속영업기본주당이익(손실) (단위 ::0=-162.24; separate:계속영업기본주당이익(손실) (단위 ::1=-725.62; separate:계속영업기본주당이익(손실) (단위 ::2=417.80; separate:중단영업기본주당이익(손실) (단위 ::1=2.13; separate:중단영업기본주당이익(손실) (단위 ::2=47.98; separate:계속영업희석주당이익(손실) (단위 ::0=-162.24; separate:계속영업희석주당이익(손실) (단위 ::1=-725.62; separate:계속영업희석주당이익(손실) (단위 ::2=108.60; separate:중단영업희석주당이익(손실) (단위 ::1=1.71; separate:중단영업희석주당이익(손실) (단위 ::2=40.16
20240320001377	00231044	2023	FY	consolidated:기본주당이익(손실) (단위 : 원):0=33.11; consolidated:기본주당이익(손실) (단위 : 원):1=22.84; consolidated:기본주당이익(손실) (단위 : 원):2=47.28; consolidated:희석주당이익(손실) (단위 : 원):0=31.87; consolidated:희석주당이익(손실) (단위 : 원):1=22.84; consolidated:희석주당이익(손실) (단위 : 원):2=47.28; separate:기본주당이익(손실) (단위 : 원):0=32.01; separate:기본주당이익(손실) (단위 : 원):1=20.74; separate:기본주당이익(손실) (단위 : 원):2=38.52; separate:희석주당이익(손실) (단위 : 원):0=30.81; separate:희석주당이익(손실) (단위 : 원):1=20.74; separate:희석주당이익(손실) (단위 : 원):2=38.52
20240320001507	00317487	2023	FY	consolidated:계속영업기본주당이익(손실) (단위 ::0=0.36; consolidated:계속영업희석주당이익(손실) (단위 ::0=0.36; separate:기본주당이익(손실) (단위 : 원):0=0.33; separate:희석주당이익(손실) (단위 : 원):0=0.33
20240321000587	00145473	2023	FY	separate:기본주당이익(손실) (단위 : 원):0=242.40; separate:기본주당이익(손실) (단위 : 원):1=215.30; separate:기본주당이익(손실) (단위 : 원):2=296.40; separate:희석주당이익(손실) (단위 : 원):0=242.40; separate:희석주당이익(손실) (단위 : 원):1=215.30; separate:희석주당이익(손실) (단위 : 원):2=296.40
20240321000832	01806951	2023	FY	consolidated:기본주당이익(손실) (단위 : 원):0=7.35; consolidated:희석주당이익(손실) (단위 : 원):0=7.34; separate:기본주당이익(손실) (단위 : 원):0=7.35; separate:희석주당이익(손실) (단위 : 원):0=7.34
20240321001086	00136457	2023	FY	consolidated:기본주당이익(손실) (단위 : 원):0=-23.6; consolidated:기본주당이익(손실) (단위 : 원):1=16.8; consolidated:기본주당이익(손실) (단위 : 원):2=3.2; consolidated:희석주당이익(손실) (단위 : 원):0=-23.6; consolidated:희석주당이익(손실) (단위 : 원):1=16.8; consolidated:희석주당이익(손실) (단위 : 원):2=3.2; separate:기본주당이익(손실) (단위 : 원):0=-30.1; separate:기본주당이익(손실) (단위 : 원):1=11.2; separate:기본주당이익(손실) (단위 : 원):2=4.4; separate:희석주당이익(손실) (단위 : 원):0=-30.1; separate:희석주당이익(손실) (단위 : 원):1=11.2; separate:희석주당이익(손실) (단위 : 원):2=4.4
20240321001345	00620558	2023	FY	consolidated:기본주당이익(손실) (단위 : 원):0=-92.51; consolidated:기본주당이익(손실) (단위 : 원):1=-30.36; consolidated:기본주당이익(손실) (단위 : 원):2=-38.69; consolidated:희석주당이익(손실) (단위 : 원):0=-92.51; consolidated:희석주당이익(손실) (단위 : 원):1=-30.36; consolidated:희석주당이익(손실) (단위 : 원):2=-40.43; separate:기본주당이익(손실) (단위 : 원):0=-57.71; separate:기본주당이익(손실) (단위 : 원):1=-25.42; separate:기본주당이익(손실) (단위 : 원):2=-17.60; separate:희석주당이익(손실) (단위 : 원):0=-57.71; separate:희석주당이익(손실) (단위 : 원):1=-25.42; separate:희석주당이익(손실) (단위 : 원):2=-21.46
20240321001682	01391103	2023	FY	consolidated:계속영업기본주당이익(손실) (단위 ::0=401.55; consolidated:계속영업기본주당이익(손실) (단위 ::1=461.26; consolidated:계속영업기본주당이익(손실) (단위 ::2=466.39; consolidated:중단영업기본주당이익(손실) (단위 ::0=-17.69; consolidated:중단영업기본주당이익(손실) (단위 ::1=-117.46; consolidated:중단영업기본주당이익(손실) (단위 ::2=-179.08; consolidated:계속영업희석주당이익(손실) (단위 ::0=401.50; consolidated:계속영업희석주당이익(손실) (단위 ::1=460.92; consolidated:계속영업희석주당이익(손실) (단위 ::2=466.39; consolidated:중단영업희석주당이익(손실) (단위 ::0=-17.68; consolidated:중단영업희석주당이익(손실) (단위 ::1=-117.37; consolidated:중단영업희석주당이익(손실) (단위 ::2=-179.08; separate:계속영업기본주당이익(손실) (단위 ::0=270.38; separate:계속영업기본주당이익(손실) (단위 ::1=263.05; separate:계속영업기본주당이익(손실) (단위 ::2=378.40; separate:중단영업기본주당이익(손실) (단위 ::2=-6.41; separate:계속영업희석주당이익(손실) (단위 ::0=270.34; separate:계속영업희석주당이익(손실) (단위 ::1=262.85; separate:계속영업희석주당이익(손실) (단위 ::2=378.40; separate:중단영업희석주당이익(손실) (단위 ::2=-6.41
20240322000017	00220109	2023	FY	consolidated:기본주당이익(손실) (단위 : 원):0=-301.14; consolidated:기본주당이익(손실) (단위 : 원):1=-152.45; consolidated:기본주당이익(손실) (단위 : 원):2=10.28; consolidated:희석주당이익(손실) (단위 : 원):0=-301.14; consolidated:희석주당이익(손실) (단위 : 원):1=-152.45; consolidated:희석주당이익(손실) (단위 : 원):2=10.28; separate:기본주당이익(손실) (단위 : 원):0=-280.11; separate:기본주당이익(손실) (단위 : 원):1=-191.26; separate:기본주당이익(손실) (단위 : 원):2=24.93; separate:희석주당이익(손실) (단위 : 원):0=-280.11; separate:희석주당이익(손실) (단위 : 원):1=-191.26; separate:희석주당이익(손실) (단위 : 원):2=24.93
20240329003259	01032486	2023	FY	consolidated:기본주당이익(손실) (단위 : USD:0=7.05; consolidated:기본주당이익(손실) (단위 : USD:1=4.97; consolidated:기본주당이익(손실) (단위 : USD:2=3.36; consolidated:희석주당이익(손실) (단위 : USD:0=7.04; consolidated:희석주당이익(손실) (단위 : USD:1=4.97; consolidated:희석주당이익(손실) (단위 : USD:2=3.36
20240510000894	00185046	2024	Q1	consolidated:기본주당이익(손실) (단위 : 원):0=-1.26; consolidated:기본주당이익(손실) (단위 : 원):1=-19.95; consolidated:희석주당이익(손실) (단위 : 원):0=-1.26; consolidated:희석주당이익(손실) (단위 : 원):1=-19.95; separate:기본주당이익(손실) (단위 : 원):0=-1.48; separate:기본주당이익(손실) (단위 : 원):1=-19.39; separate:희석주당이익(손실) (단위 : 원):0=-1.48; separate:희석주당이익(손실) (단위 : 원):1=-19.39
20240510000989	01462605	2024	Q1	consolidated:기본주당이익(손실) (단위 : 원) :0=30.30; consolidated:기본주당이익(손실) (단위 : 원) :1=19.70; consolidated:희석주당이익(손실) (단위 : 원) :0=30.30; consolidated:희석주당이익(손실) (단위 : 원) :1=19.30; separate:기본주당이익(손실) (단위 : 원) :0=33.50; separate:기본주당이익(손실) (단위 : 원) :1=19.70; separate:희석주당이익(손실) (단위 : 원) :0=33.50; separate:희석주당이익(손실) (단위 : 원) :1=19.30
20240513000170	00350020	2024	Q1	separate:계속영업기본주당이익(손실) (단위 ::0=2.9; separate:계속영업희석주당이익(손실) (단위 ::0=2.9
20240513000379	01693922	2024	Q1	separate:기본주당이익(손실) (단위 : 원):0=9.5; separate:기본주당이익(손실) (단위 : 원):1=-12.7; separate:희석주당이익(손실) (단위 : 원):0=9.4; separate:희석주당이익(손실) (단위 : 원):1=-12.7
20240513000631	00958451	2024	Q1	separate:기본주당이익(손실) (단위 : 원):0=90.87; separate:기본주당이익(손실) (단위 : 원):1=150.10; separate:희석주당이익(손실) (단위 : 원):0=89.82; separate:희석주당이익(손실) (단위 : 원):1=149.65
20240514000297	01223219	2024	Q1	separate:기본주당이익(손실) (단위 : 원):0=-46.19; separate:기본주당이익(손실) (단위 : 원):1=-40.85; separate:희석주당이익(손실) (단위 : 원):0=-46.19; separate:희석주당이익(손실) (단위 : 원):1=-40.85
20240514000317	00157636	2024	Q1	consolidated:기본주당이익(손실) (단위 : 원):0=394.63; consolidated:기본주당이익(손실) (단위 : 원):1=410.12; consolidated:계속영업기본주당이익(손실) (단위 ::0=394.63; consolidated:계속영업기본주당이익(손실) (단위 ::1=410.12; consolidated:희석주당이익(손실) (단위 : 원):0=392.64; consolidated:희석주당이익(손실) (단위 : 원):1=381.03; consolidated:계속영업희석주당이익(손실) (단위 ::0=392.64; consolidated:계속영업희석주당이익(손실) (단위 ::1=381.03
20240514000517	00120906	2024	Q1	separate:기본주당이익(손실) (단위 : 원):0=-11.33; separate:기본주당이익(손실) (단위 : 원):1=-5.67; separate:희석주당이익(손실) (단위 : 원):0=-11.33; separate:희석주당이익(손실) (단위 : 원):1=-5.67
20240514000719	01311310	2024	Q1	separate:기본주당이익(손실) (단위 : 원):0=28.69; separate:기본주당이익(손실) (단위 : 원):1=38.51; separate:희석주당이익(손실) (단위 : 원):0=28.69; separate:희석주당이익(손실) (단위 : 원):1=38.36
20240514000885	00130879	2024	Q1	separate:기본주당이익(손실) (단위 : 원):0=-1.51; separate:기본주당이익(손실) (단위 : 원):1=-1.43; separate:희석주당이익(손실) (단위 : 원):0=-1.59; separate:희석주당이익(손실) (단위 : 원):1=-1.43
20240514001062	00101752	2024	Q1	consolidated:기본주당이익(손실) (단위 : 원):0=145.32; consolidated:희석주당이익(손실) (단위 : 원):0=145.32; separate:기본주당이익(손실) (단위 : 원):0=125.78; separate:희석주당이익(손실) (단위 : 원):0=125.78
20240514001100	00149804	2024	Q1	separate:기본주당이익(손실) (단위 : 원):0=182.20; separate:기본주당이익(손실) (단위 : 원):1=403.10; separate:희석주당이익(손실) (단위 : 원):0=171.70; separate:희석주당이익(손실) (단위 : 원):1=67.10
20240514001142	00411808	2024	Q1	separate:기본주당이익(손실) (단위 : 원):0=53.73; separate:기본주당이익(손실) (단위 : 원):1=112.73; separate:희석주당이익(손실) (단위 : 원):0=52.62; separate:희석주당이익(손실) (단위 : 원):1=109.69
20240514001392	00138516	2024	Q1	consolidated:기본주당이익(손실) (단위 : USD:0=0.01; consolidated:기본주당이익(손실) (단위 : USD:1=0.01; consolidated:계속영업기본주당이익(손실) (단위 ::0=0.01; consolidated:계속영업기본주당이익(손실) (단위 ::1=0.01; consolidated:희석주당이익(손실) (단위 : USD:0=0.01; consolidated:희석주당이익(손실) (단위 : USD:1=0.01; consolidated:계속영업희석주당이익(손실) (단위 ::0=0.01; consolidated:계속영업희석주당이익(손실) (단위 ::1=0.01; separate:기본주당이익(손실) (단위 : USD:0=0.01; separate:기본주당이익(손실) (단위 : USD:1=0.01; separate:계속영업기본주당이익(손실) (단위 ::0=0.01; separate:계속영업기본주당이익(손실) (단위 ::1=0.01; separate:희석주당이익(손실) (단위 : USD:0=0.01; separate:희석주당이익(손실) (단위 : USD:1=0.01; separate:계속영업희석주당이익(손실) (단위 ::0=0.01; separate:계속영업희석주당이익(손실) (단위 ::1=0.01
20240514001429	00526678	2024	Q1	separate:기본주당이익(손실) (단위 : 원):0=0.6; separate:기본주당이익(손실) (단위 : 원):1=34.3
20240514001438	01327092	2024	Q1	consolidated:기본주당이익(손실) (단위 : 원):0=-193.54; consolidated:기본주당이익(손실) (단위 : 원):1=-93.84; consolidated:희석주당이익(손실) (단위 : 원):0=-193.54; consolidated:희석주당이익(손실) (단위 : 원):1=-93.84; separate:기본주당이익(손실) (단위 : 원):0=-185.94; separate:기본주당이익(손실) (단위 : 원):1=-88.20; separate:희석주당이익(손실) (단위 : 원):0=-185.94; separate:희석주당이익(손실) (단위 : 원):1=-88.20
20240514001585	01032486	2024	Q1	consolidated:기본주당이익(손실) (단위 : USD:0=1.63; consolidated:기본주당이익(손실) (단위 : USD:1=1.62; consolidated:희석주당이익(손실) (단위 : USD:0=1.63; consolidated:희석주당이익(손실) (단위 : USD:1=1.62
20240516000090	00231044	2024	Q1	consolidated:기본주당이익(손실) (단위 : 원):0=-0.96; consolidated:기본주당이익(손실) (단위 : 원):1=-11.09; consolidated:희석주당이익(손실) (단위 : 원):0=-0.96; consolidated:희석주당이익(손실) (단위 : 원):1=-11.09; separate:기본주당이익(손실) (단위 : 원):0=1.93; separate:기본주당이익(손실) (단위 : 원):1=-7.57; separate:희석주당이익(손실) (단위 : 원):0=1.93; separate:희석주당이익(손실) (단위 : 원):1=-7.57
20240516000333	01806951	2024	Q1	consolidated:기본주당이익(손실) (단위 : 원):0=196.32; consolidated:희석주당이익(손실) (단위 : 원):0=195.86; separate:기본주당이익(손실) (단위 : 원):0=203.95; separate:희석주당이익(손실) (단위 : 원):0=203.45
20240516000363	01391103	2024	Q1	consolidated:계속영업기본주당이익(손실) (단위 ::0=92.99; consolidated:계속영업기본주당이익(손실) (단위 ::1=96.82; consolidated:중단영업기본주당이익(손실) (단위 ::1=-4.20; consolidated:계속영업희석주당이익(손실) (단위 ::0=92.97; consolidated:계속영업희석주당이익(손실) (단위 ::1=96.78; consolidated:중단영업희석주당이익(손실) (단위 ::1=-4.20; separate:계속영업기본주당이익(손실) (단위 ::0=94.94; separate:계속영업기본주당이익(손실) (단위 ::1=107.34; separate:계속영업희석주당이익(손실) (단위 ::0=94.93; separate:계속영업희석주당이익(손실) (단위 ::1=107.29
20240516000438	00136457	2024	Q1	consolidated:기본주당손실 (단위 : 원):0=-20.7; consolidated:기본주당손실 (단위 : 원):1=-0.2; consolidated:희석주당손실 (단위 : 원):0=-20.7; consolidated:희석주당손실 (단위 : 원):1=-0.2; separate:기본주당손실 (단위 : 원):0=-20.5; separate:기본주당손실 (단위 : 원):1=-4.1; separate:희석주당손실 (단위 : 원):0=-20.5; separate:희석주당손실 (단위 : 원):1=-4.1
20240516000501	01402995	2024	Q1	consolidated:기본주당이익(손실) (단위 : 원):0=210.60; consolidated:기본주당이익(손실) (단위 : 원):1=565.6; consolidated:희석주당이익(손실) (단위 : 원):0=210.60; consolidated:희석주당이익(손실) (단위 : 원):1=565.6; separate:기본주당이익(손실) (단위 : 원):0=161.9; separate:기본주당이익(손실) (단위 : 원):1=605.2; separate:희석주당이익(손실) (단위 : 원):0=161.9; separate:희석주당이익(손실) (단위 : 원):1=605.2
20240516000567	00145473	2024	Q1	separate:기본주당이익(손실) (단위 : 원):0=118.20; separate:기본주당이익(손실) (단위 : 원):1=124.70; separate:희석주당이익(손실) (단위 : 원):0=118.20; separate:희석주당이익(손실) (단위 : 원):1=124.70
20240516001044	00138598	2024	Q1	consolidated:기본주당이익(손실) (단위 : 원):0=-26.02; consolidated:기본주당이익(손실) (단위 : 원):1=14.09; consolidated:희석주당이익(손실) (단위 : 원):1=15.16; separate:기본주당이익(손실) (단위 : 원):0=16.40; separate:기본주당이익(손실) (단위 : 원):1=33.22; separate:희석주당이익(손실) (단위 : 원):0=16.34; separate:희석주당이익(손실) (단위 : 원):1=33.33
20240516001099	00552859	2024	Q1	consolidated:기본주당이익(손실) (단위 : 원):0=8.58; consolidated:기본주당이익(손실) (단위 : 원):1=-17.86; consolidated:희석주당이익(손실) (단위 : 원):0=8.55; consolidated:희석주당이익(손실) (단위 : 원):1=-17.86; separate:기본주당이익(손실) (단위 : 원):0=160.17; separate:기본주당이익(손실) (단위 : 원):1=31.60; separate:희석주당이익(손실) (단위 : 원):0=150.48; separate:희석주당이익(손실) (단위 : 원):1=31.29
20240516001227	01043853	2024	Q1	consolidated:기본주당이익(손실) (단위 : 원):0=-13.27; consolidated:기본주당이익(손실) (단위 : 원):1=461.99; consolidated:희석주당이익(손실) (단위 : 원):0=-45.32; consolidated:희석주당이익(손실) (단위 : 원):1=423.26; separate:기본주당이익(손실) (단위 : 원):0=-35.50; separate:기본주당이익(손실) (단위 : 원):1=467.40; separate:희석주당이익(손실) (단위 : 원):0=-62.55; separate:희석주당이익(손실) (단위 : 원):1=427.93
20240516001233	00317487	2024	Q1	separate:기본주당이익(손실) (단위 : 원):0=-8.50; separate:희석주당이익(손실) (단위 : 원):0=-8.50
20240516001270	00158219	2024	Q1	consolidated:기본주당이익(손실) (단위 : 원):0=-63.89; consolidated:기본주당이익(손실) (단위 : 원):1=-42.80; consolidated:희석주당이익(손실) (단위 : 원):0=-63.89; consolidated:희석주당이익(손실) (단위 : 원):1=-42.80; separate:기본주당이익(손실) (단위 : 원):0=-63.95; separate:기본주당이익(손실) (단위 : 원):1=-43.38; separate:희석주당이익(손실) (단위 : 원):0=-63.95; separate:희석주당이익(손실) (단위 : 원):1=-43.38
20240516001353	00602172	2024	Q1	consolidated:기본주당이익(손실) (단위 : 원):0=-52.97; consolidated:기본주당이익(손실) (단위 : 원):1=-122.08; consolidated:희석주당이익(손실) (단위 : 원):0=-52.97; consolidated:희석주당이익(손실) (단위 : 원):1=-122.08; separate:기본주당이익(손실) (단위 : 원):0=-162.54; separate:기본주당이익(손실) (단위 : 원):1=-223.07; separate:희석주당이익(손실) (단위 : 원):0=-162.54; separate:희석주당이익(손실) (단위 : 원):1=-223.07
20240516001411	00351427	2024	Q1	consolidated:기본주당이익(손실) (단위 : 원):0=-145.60; consolidated:기본주당이익(손실) (단위 : 원):1=-64.50; consolidated:희석주당이익(손실) (단위 : 원):0=-145.60; consolidated:희석주당이익(손실) (단위 : 원):1=-64.50; separate:기본주당이익(손실) (단위 : 원):0=-145.60; separate:기본주당이익(손실) (단위 : 원):1=-64.5; separate:희석주당이익(손실) (단위 : 원):0=-145.60; separate:희석주당이익(손실) (단위 : 원):1=-64.5
20240516001465	00946030	2024	Q1	consolidated:기본주당이익(손실) (단위 : 원):0=-208.20; consolidated:기본주당이익(손실) (단위 : 원):1=-49.7; consolidated:희석주당이익(손실) (단위 : 원):0=-208.20; consolidated:희석주당이익(손실) (단위 : 원):1=-49.7; separate:기본주당이익(손실) (단위 : 원):0=-222.8; separate:기본주당이익(손실) (단위 : 원):1=-49.6; separate:희석주당이익(손실) (단위 : 원):0=-222.8; separate:희석주당이익(손실) (단위 : 원):1=-49.6
20240516001491	00226866	2024	Q1	consolidated:중단영업기본주당이익(손실) (단위 ::0=0.1
20240516001495	00220109	2024	Q1	consolidated:기본주당이익(손실) (단위 : 원):0=-0.85; consolidated:기본주당이익(손실) (단위 : 원):1=-25.66; consolidated:희석주당이익(손실) (단위 : 원):0=-0.85; consolidated:희석주당이익(손실) (단위 : 원):1=-25.66; separate:기본주당이익(손실) (단위 : 원):0=1.66; separate:기본주당이익(손실) (단위 : 원):1=-25.83; separate:희석주당이익(손실) (단위 : 원):0=1.66; separate:희석주당이익(손실) (단위 : 원):1=-25.83
20240516001629	00800145	2024	Q1	separate:기본주당이익(손실) (단위 : 원):0=20.52; separate:기본주당이익(손실) (단위 : 원):1=12.20; separate:희석주당이익(손실) (단위 : 원):0=16.23; separate:희석주당이익(손실) (단위 : 원):1=12.20
20240516001712	00620558	2024	Q1	consolidated:기본주당이익(손실) (단위 : 원):0=-2.54; consolidated:기본주당이익(손실) (단위 : 원):1=-14.66; consolidated:희석주당이익(손실) (단위 : 원):0=-2.54; consolidated:희석주당이익(손실) (단위 : 원):1=-14.66; separate:기본주당이익(손실) (단위 : 원):0=0.16; separate:기본주당이익(손실) (단위 : 원):1=-13.13; separate:희석주당이익(손실) (단위 : 원):0=0.16; separate:희석주당이익(손실) (단위 : 원):1=-13.13
20240516001746	00267942	2024	Q1	separate:기본주당순이익(손실) (단위 : 원):0=1.10; separate:기본주당순이익(손실) (단위 : 원):1=-2.20; separate:희석주당순이익(손실) (단위 : 원):0=1.10; separate:희석주당순이익(손실) (단위 : 원):1=-2.20
20240516001752	00131850	2024	Q1	consolidated:기본주당이익(손실) (단위 : 원):0=-13.87; consolidated:기본주당이익(손실) (단위 : 원):1=0.40; consolidated:희석주당이익(손실) (단위 : 원):0=-13.87; consolidated:희석주당이익(손실) (단위 : 원):1=0.40; separate:기본주당이익(손실) (단위 : 원):0=-31.35; separate:기본주당이익(손실) (단위 : 원):1=28.25; separate:희석주당이익(손실) (단위 : 원):0=-31.35; separate:희석주당이익(손실) (단위 : 원):1=28.20
20240517000189	01806951	2024	Q1	consolidated:기본주당이익(손실) (단위 : 원):0=196.32; consolidated:희석주당이익(손실) (단위 : 원):0=195.86; separate:기본주당이익(손실) (단위 : 원):0=203.95; separate:희석주당이익(손실) (단위 : 원):0=203.45
20240809000367	00138516	2024	H1	consolidated:기본주당이익(손실) (단위 : USD:0=0.03; consolidated:기본주당이익(손실) (단위 : USD:1=0.02; consolidated:계속영업기본주당이익(손실) (단위 ::0=0.03; consolidated:계속영업기본주당이익(손실) (단위 ::1=0.02; consolidated:희석주당이익(손실) (단위 : USD:0=0.03; consolidated:희석주당이익(손실) (단위 : USD:1=0.02; consolidated:계속영업희석주당이익(손실) (단위 ::0=0.03; consolidated:계속영업희석주당이익(손실) (단위 ::1=0.02; separate:기본주당이익(손실) (단위 : USD:0=0.03; separate:기본주당이익(손실) (단위 : USD:1=0.02; separate:계속영업기본주당이익(손실) (단위 ::0=0.03; separate:계속영업기본주당이익(손실) (단위 ::1=0.02; separate:희석주당이익(손실) (단위 : USD:0=0.03; separate:희석주당이익(손실) (단위 : USD:1=0.02; separate:계속영업희석주당이익(손실) (단위 ::0=0.03; separate:계속영업희석주당이익(손실) (단위 ::1=0.02
20240809000544	01113499	2024	H1	separate:기본 및 희석주당이익(손실) (단위 :0=-152.1; separate:기본 및 희석주당이익(손실) (단위 :1=-75.9
20240812000839	00185046	2024	H1	consolidated:기본주당이익(손실) (단위 : 원):0=31.1; consolidated:희석주당이익(손실) (단위 : 원):0=31.1; separate:기본주당이익(손실) (단위 : 원):0=31.2; separate:기본주당이익(손실) (단위 : 원):1=-16.2; separate:희석주당이익(손실) (단위 : 원):0=31.2; separate:희석주당이익(손실) (단위 : 원):1=-16.2
20240813000398	00120906	2024	H1	separate:기본주당이익(손실) (단위 : 원):0=-21.81; separate:기본주당이익(손실) (단위 : 원):1=-16.01; separate:희석주당이익(손실) (단위 : 원):0=-21.81; separate:희석주당이익(손실) (단위 : 원):1=-16.01
20240813000485	01223219	2024	H1	separate:계속영업기본주당이익(손실) (단위 ::0=-93.09; separate:계속영업기본주당이익(손실) (단위 ::1=-56.1; separate:계속영업희석주당이익(손실) (단위 ::0=-93.09; separate:계속영업희석주당이익(손실) (단위 ::1=-56.1
20240813001108	01693922	2024	H1	separate:기본주당이익(손실) (단위 : 원):0=19.32; separate:기본주당이익(손실) (단위 : 원):1=4.81; separate:희석주당이익(손실) (단위 : 원):0=19.15; separate:희석주당이익(손실) (단위 : 원):1=4.81
20240813001307	00130879	2024	H1	separate:기본주당이익(손실) (단위 : 원):0=-2.90; separate:기본주당이익(손실) (단위 : 원):1=-2.90; separate:희석주당이익(손실) (단위 : 원):0=-2.90; separate:희석주당이익(손실) (단위 : 원):1=-2.90
20240813001608	01032486	2024	H1	consolidated:기본주당순이익 (단위 : USD):0=2.77; consolidated:기본주당순이익 (단위 : USD):1=3.97; consolidated:희석주당순이익 (단위 : USD):0=2.77; consolidated:희석주당순이익 (단위 : USD):1=3.97
20240814001279	00800145	2024	H1	separate:기본주당이익(손실) (단위 : 원):0=11.59; separate:기본주당이익(손실) (단위 : 원):1=-91.30; separate:희석주당이익(손실) (단위 : 원):0=11.59; separate:희석주당이익(손실) (단위 : 원):1=-91.30
20240814001407	00101752	2024	H1	consolidated:기본주당이익(손실) (단위 : 원):0=297.27; consolidated:희석주당이익(손실) (단위 : 원):0=297.27; separate:기본주당이익(손실) (단위 : 원):0=244.28; separate:희석주당이익(손실) (단위 : 원):0=244.28
20240814001599	00136457	2024	H1	consolidated:기본주당이익(손실) (단위 : 원):0=-28.2; consolidated:기본주당이익(손실) (단위 : 원):1=4.5; consolidated:희석주당이익(손실) (단위 : 원):0=-28.2; consolidated:희석주당이익(손실) (단위 : 원):1=4.5; separate:기본주당이익(손실) (단위 : 원):0=-27.3; separate:희석주당이익(손실) (단위 : 원):0=-27.3
20240814001654	00145473	2024	H1	separate:기본주당이익(손실) (단위 : 원):0=200.20; separate:기본주당이익(손실) (단위 : 원):1=200.60; separate:희석주당이익(손실) (단위 : 원):0=200.20; separate:희석주당이익(손실) (단위 : 원):1=200.60
20240814001673	01307335	2024	H1	separate:기본주당이익(손실) (단위 : 원):0=204.8; separate:기본주당이익(손실) (단위 : 원):1=227.9; separate:희석주당이익(손실) (단위 : 원):0=204.6; separate:희석주당이익(손실) (단위 : 원):1=227.1
20240814001995	00226866	2024	H1	consolidated:중단영업기본주당이익(손실) (단위 ::0=0.1
20240814002244	00552859	2024	H1	consolidated:기본주당이익(손실) (단위 : 원):0=-296.86; consolidated:기본주당이익(손실) (단위 : 원):1=40.94; consolidated:계속영업기본주당이익(손실) (단위 ::0=-289.68; consolidated:계속영업기본주당이익(손실) (단위 ::1=41.22; consolidated:중단영업기본주당이익(손실) (단위 ::0=-7.18; consolidated:중단영업기본주당이익(손실) (단위 ::1=-0.28; consolidated:희석주당이익(손실) (단위 : 원):0=-296.86; consolidated:희석주당이익(손실) (단위 : 원):1=40.86; consolidated:계속영업희석주당이익(손실) (단위 ::0=-289.68; consolidated:계속영업희석주당이익(손실) (단위 ::1=41.14; consolidated:중단영업희석주당이익(손실) (단위 ::0=-7.18; consolidated:중단영업희석주당이익(손실) (단위 ::1=-0.28; separate:기본주당이익(손실) (단위 : 원):0=-142.83; separate:기본주당이익(손실) (단위 : 원):1=32.19; separate:계속영업기본주당이익(손실) (단위 ::0=-135.69; separate:계속영업기본주당이익(손실) (단위 ::1=29.33; separate:중단영업기본주당이익(손실) (단위 ::0=-7.14; separate:중단영업기본주당이익(손실) (단위 ::1=2.86; separate:희석주당이익(손실) (단위 : 원):0=-142.83; separate:희석주당이익(손실) (단위 : 원):1=32.19; separate:계속영업희석주당이익(손실) (단위 ::0=-135.69; separate:계속영업희석주당이익(손실) (단위 ::1=29.33; separate:중단영업희석주당이익(손실) (단위 ::0=-7.14; separate:중단영업희석주당이익(손실) (단위 ::1=2.86
20240814002355	00149804	2024	H1	separate:기본주당이익(손실) (단위 : 원):0=265.60; separate:기본주당이익(손실) (단위 : 원):1=282.30; separate:희석주당이익(손실) (단위 : 원):0=264.70; separate:희석주당이익(손실) (단위 : 원):1=198.70
20240814002763	01051065	2024	H1	consolidated:기본주당이익(손실) (단위 : 원):0=-148.90; consolidated:기본주당이익(손실) (단위 : 원):1=-52.90; consolidated:계속영업기본주당이익(손실) (단위 ::0=-130.10; consolidated:계속영업기본주당이익(손실) (단위 ::1=-30.20; consolidated:중단영업기본주당이익(손실) (단위 ::0=-18.80; consolidated:중단영업기본주당이익(손실) (단위 ::1=-22.70; separate:기본주당이익(손실) (단위 : 원):0=-147.53; separate:기본주당이익(손실) (단위 : 원):1=-49.54
20240814002943	00220109	2024	H1	consolidated:기본주당이익(손실) (단위 : 원):0=-31.01; consolidated:기본주당이익(손실) (단위 : 원):1=-47.75; consolidated:희석주당이익(손실) (단위 : 원):0=-31.01; consolidated:희석주당이익(손실) (단위 : 원):1=-47.75; separate:기본주당이익(손실) (단위 : 원):1=-49.85; separate:희석주당이익(손실) (단위 : 원):1=-49.85
20240814002969	00339072	2024	H1	separate:기본주당이익(손실) (단위 : 원):0=9.33; separate:기본주당이익(손실) (단위 : 원):1=6.24; separate:희석주당이익(손실) (단위 : 원):0=9.33; separate:희석주당이익(손실) (단위 : 원):1=6.18
20240814003000	01043853	2024	H1	consolidated:기본주당이익(손실) (단위 : 원):0=-286.68; consolidated:기본주당이익(손실) (단위 : 원):1=224.02; consolidated:희석주당이익(손실) (단위 : 원):0=-286.68; consolidated:희석주당이익(손실) (단위 : 원):1=224.02; separate:기본주당이익(손실) (단위 : 원):0=-232.86; separate:기본주당이익(손실) (단위 : 원):1=244.81; separate:희석주당이익(손실) (단위 : 원):0=-232.86; separate:희석주당이익(손실) (단위 : 원):1=244.81
20240814003008	00158219	2024	H1	consolidated:기본주당이익(손실) (단위 : 원):0=-125.46; consolidated:기본주당이익(손실) (단위 : 원):1=-73.86; consolidated:희석주당이익(손실) (단위 : 원):0=-125.46; consolidated:희석주당이익(손실) (단위 : 원):1=-73.86; separate:기본주당이익(손실) (단위 : 원):0=-123.86; separate:기본주당이익(손실) (단위 : 원):1=-73.02; separate:희석주당이익(손실) (단위 : 원):0=-123.86; separate:희석주당이익(손실) (단위 : 원):1=-73.02
20240814003110	00958451	2024	H1	separate:기본주당이익(손실) (단위 : 원):0=149.75; separate:기본주당이익(손실) (단위 : 원):1=269.49; separate:희석주당이익(손실) (단위 : 원):0=148.12; separate:희석주당이익(손실) (단위 : 원):1=268.42
20240814003271	00411808	2024	H1	separate:기본주당이익(손실) (단위 : 원):0=62.5; separate:기본주당이익(손실) (단위 : 원):1=213.6; separate:희석주당이익(손실) (단위 : 원):0=60.3; separate:희석주당이익(손실) (단위 : 원):1=207.5
20240814003289	00231044	2024	H1	consolidated:기본주당이익(손실) (단위 : 원):0=-6.87; consolidated:기본주당이익(손실) (단위 : 원):1=-14.01; consolidated:희석주당이익(손실) (단위 : 원):0=-6.87; consolidated:희석주당이익(손실) (단위 : 원):1=-14.01; separate:기본주당이익(손실) (단위 : 원):0=-2.8; separate:기본주당이익(손실) (단위 : 원):1=-5.43; separate:희석주당이익(손실) (단위 : 원):0=-2.8; separate:희석주당이익(손실) (단위 : 원):1=-5.43
20240814003416	00152589	2024	H1	separate:기본주당이익(손실) (단위 : 원):0=0.73; separate:희석주당이익(손실) (단위 : 원):0=0.73
20240814003451	01311310	2024	H1	consolidated:기본주당이익(손실) (단위 : 원):0=48.20; consolidated:기본주당이익(손실) (단위 : 원):1=42.62; consolidated:희석주당이익(손실) (단위 : 원):0=48.20; consolidated:희석주당이익(손실) (단위 : 원):1=42.51; separate:기본주당이익(손실) (단위 : 원):0=48.20; separate:기본주당이익(손실) (단위 : 원):1=42.62; separate:희석주당이익(손실) (단위 : 원):0=48.20; separate:희석주당이익(손실) (단위 : 원):1=42.51
20240814003606	00136165	2024	H1	consolidated:기본 및 희석주당손익 (단위 : 원):0=-110.09; consolidated:기본 및 희석주당손익 (단위 : 원):1=-9.98; separate:기본 및 희석주당손익 (단위 : 원):0=-34.79; separate:기본 및 희석주당손익 (단위 : 원):1=53.14
20240814003637	01462605	2024	H1	consolidated:기본주당이익(손실) (단위 : 원) :0=55.70; consolidated:기본주당이익(손실) (단위 : 원) :1=37.70; consolidated:희석주당이익(손실) (단위 : 원) :0=55.70; separate:기본주당이익(손실) (단위 : 원) :0=59.90; separate:기본주당이익(손실) (단위 : 원) :1=37.70; separate:희석주당이익(손실) (단위 : 원) :0=59.90
20240814003645	00249441	2024	H1	consolidated:기본주당이익(손실) (단위 : 원):0=-0.4; consolidated:희석주당이익(손실) (단위 : 원):0=-0.4; separate:기본주당이익(손실) (단위 : 원):0=-0.2; separate:희석주당이익(손실) (단위 : 원):0=-0.2
20240814003652	00264228	2024	H1	consolidated:기본주당이익(손실) (단위 : 원):0=1.6; consolidated:희석주당이익(손실) (단위 : 원):0=1.6
20240814003711	00350020	2024	H1	consolidated:기본주당이익(손실) (단위 : 원):0=42.3; consolidated:기본주당이익(손실) (단위 : 원):1=-254.8; consolidated:희석주당이익(손실) (단위 : 원):0=42.3; consolidated:희석주당이익(손실) (단위 : 원):1=-254.8; separate:기본주당이익(손실) (단위 : 원):0=15.8; separate:기본주당이익(손실) (단위 : 원):1=-177.8; separate:희석주당이익(손실) (단위 : 원):0=15.8; separate:희석주당이익(손실) (단위 : 원):1=-177.8
20240814003758	00267942	2024	H1	separate:기존주당순이익(손실) (단위 : 원):0=27.8; separate:기존주당순이익(손실) (단위 : 원):1=4.2; separate:희석주당순이익(손실) (단위 : 원):0=27.8; separate:희석주당순이익(손실) (단위 : 원):1=4.2
20240814003817	00620558	2024	H1	consolidated:기본주당이익(손실) (단위 : 원):0=-6.75; consolidated:기본주당이익(손실) (단위 : 원):1=-27.24; consolidated:희석주당이익(손실) (단위 : 원):0=-6.75; consolidated:희석주당이익(손실) (단위 : 원):1=-27.24; separate:기본주당이익(손실) (단위 : 원):0=4.28; separate:기본주당이익(손실) (단위 : 원):1=-13.62; separate:희석주당이익(손실) (단위 : 원):0=4.28; separate:희석주당이익(손실) (단위 : 원):1=-13.62
20240814003966	01327092	2024	H1	consolidated:기본주당이익(손실) (단위 : 원):0=-358.18; consolidated:기본주당이익(손실) (단위 : 원):1=-134.57; consolidated:희석주당이익(손실) (단위 : 원):0=-358.18; consolidated:희석주당이익(손실) (단위 : 원):1=-134.57; separate:기본주당이익(손실) (단위 : 원):0=-356.76; separate:기본주당이익(손실) (단위 : 원):1=-124.54; separate:희석주당이익(손실) (단위 : 원):0=-356.76; separate:희석주당이익(손실) (단위 : 원):1=-124.54
20240814003991	00526678	2024	H1	separate:기본주당이익(손실) (단위 : 원):0=66.50; separate:기본주당이익(손실) (단위 : 원):1=49.20
20240814004171	00602172	2024	H1	consolidated:기본주당이익(손실) (단위 : 원):0=-352.32; consolidated:기본주당이익(손실) (단위 : 원):1=55.16; consolidated:희석주당이익(손실) (단위 : 원):0=-352.32; consolidated:희석주당이익(손실) (단위 : 원):1=55.16; separate:기본주당이익(손실) (단위 : 원):0=-554.97; separate:기본주당이익(손실) (단위 : 원):1=-251.47; separate:희석주당이익(손실) (단위 : 원):0=-554.97; separate:희석주당이익(손실) (단위 : 원):1=-251.47
20240814004369	00131850	2024	H1	consolidated:기본주당이익(손실) (단위 : 원):0=-128.42; consolidated:기본주당이익(손실) (단위 : 원):1=38.78; consolidated:희석주당이익(손실) (단위 : 원):0=-128.42; consolidated:희석주당이익(손실) (단위 : 원):1=38.73; separate:기본주당이익(손실) (단위 : 원):0=-83.89; separate:기본주당이익(손실) (단위 : 원):1=38.76; separate:희석주당이익(손실) (단위 : 원):0=-83.89; separate:희석주당이익(손실) (단위 : 원):1=38.72
20240814004605	00164618	2024	H1	separate:계속영업기본주당이익(손실) (단위 ::0=9.8; separate:계속영업기본주당이익(손실) (단위 ::1=6.3; separate:중단영업기본주당이익(손실) (단위 ::0=201.7; separate:중단영업기본주당이익(손실) (단위 ::1=-127.60; separate:계속영업희석주당이익(손실) (단위 ::0=8.6; separate:계속영업희석주당이익(손실) (단위 ::1=6.3; separate:중단영업희석주당이익(손실) (단위 ::0=185.4; separate:중단영업희석주당이익(손실) (단위 ::1=-127.60
20240819000327	01032486	2024	H1	consolidated:기본주당순이익 (단위 : USD):0=2.77; consolidated:기본주당순이익 (단위 : USD):1=3.97; consolidated:희석주당순이익 (단위 : USD):0=2.77; consolidated:희석주당순이익 (단위 : USD):1=3.97
20240829000097	01292291	2024	H1	consolidated:기본주당이익(손실) (단위 : 원):0=-740.57; consolidated:기본주당이익(손실) (단위 : 원):1=-465.82; consolidated:희석주당이익(손실) (단위 : 원):0=-740.57; consolidated:희석주당이익(손실) (단위 : 원):1=-465.82; separate:기본주당이익(손실) (단위 : 원):0=-717.82; separate:기본주당이익(손실) (단위 : 원):1=-425.15; separate:희석주당이익(손실) (단위 : 원):0=-717.82; separate:희석주당이익(손실) (단위 : 원):1=-425.15
20240829001502	01292291	2024	H1	consolidated:기본주당이익(손실) (단위 : 원):0=-740.57; consolidated:기본주당이익(손실) (단위 : 원):1=-465.82; consolidated:희석주당이익(손실) (단위 : 원):0=-740.57; consolidated:희석주당이익(손실) (단위 : 원):1=-465.82; separate:기본주당이익(손실) (단위 : 원):0=-717.82; separate:기본주당이익(손실) (단위 : 원):1=-425.15; separate:희석주당이익(손실) (단위 : 원):0=-717.82; separate:희석주당이익(손실) (단위 : 원):1=-425.15
20241111000349	00185046	2024	Q3	consolidated:기본주당이익(손실) (단위 : 원):0=17.3; consolidated:기본주당이익(손실) (단위 : 원):1=0.1; consolidated:희석주당이익(손실) (단위 : 원):0=17.3; consolidated:희석주당이익(손실) (단위 : 원):1=0.1; separate:기본주당이익(손실) (단위 : 원):0=18.2; separate:기본주당이익(손실) (단위 : 원):1=1.5; separate:희석주당이익(손실) (단위 : 원):0=18.2; separate:희석주당이익(손실) (단위 : 원):1=1.5
20241112000004	01051065	2024	Q3	consolidated:기본주당이익(손실) (단위 : 원):0=-148.94; consolidated:기본주당이익(손실) (단위 : 원):1=-77.92; consolidated:계속영업기본주당이익(손실) (단위 ::0=-130.20; consolidated:계속영업기본주당이익(손실) (단위 ::1=-38.13; consolidated:중단영업기본주당이익(손실) (단위 ::0=-18.74; consolidated:중단영업기본주당이익(손실) (단위 ::1=-39.79; separate:기본주당이익(손실) (단위 : 원):0=-149.24; separate:기본주당이익(손실) (단위 : 원):1=-73.96
20241112000311	01032486	2024	Q3	consolidated:기본주당순이익 (단위 : USD):0=3.24; consolidated:기본주당순이익 (단위 : USD):1=5.41; consolidated:희석주당순이익 (단위 : USD):0=3.24; consolidated:희석주당순이익 (단위 : USD):1=5.41
20241112000435	01113499	2024	Q3	separate:기본주당이익(손실) (단위 : 원):0=-189.27; separate:기본주당이익(손실) (단위 : 원):1=-134.79; separate:희석주당이익(손실) (단위 : 원):0=-189.27; separate:희석주당이익(손실) (단위 : 원):1=-132.20
20241112000440	01462605	2024	Q3	consolidated:기본주당이익(손실) (단위 : 원) :0=103.40; consolidated:기본주당이익(손실) (단위 : 원) :1=-19.50; consolidated:희석주당이익(손실) (단위 : 원) :0=103.40; consolidated:희석주당이익(손실) (단위 : 원) :1=-19.50; separate:기본주당이익(손실) (단위 : 원) :0=105.10; separate:기본주당이익(손실) (단위 : 원) :1=-15.70; separate:희석주당이익(손실) (단위 : 원) :0=105.10; separate:희석주당이익(손실) (단위 : 원) :1=-15.60
20241113000242	01693922	2024	Q3	separate:기본주당이익(손실) (단위 : 원):0=29.22; separate:기본주당이익(손실) (단위 : 원):1=17.79; separate:희석주당이익(손실) (단위 : 원):0=28.94; separate:희석주당이익(손실) (단위 : 원):1=17.79
20241113000355	00534701	2024	Q3	separate:기본주당이익(손실) (단위 : 원):0=22.32; separate:기본주당이익(손실) (단위 : 원):1=103.95; separate:희석주당이익(손실) (단위 : 원):0=22.32; separate:희석주당이익(손실) (단위 : 원):1=103.95
20241113000508	00120906	2024	Q3	separate:기본주당이익(손실) (단위 : 원):0=-30.48; separate:기본주당이익(손실) (단위 : 원):1=-24.83; separate:희석주당이익(손실) (단위 : 원):0=-30.48; separate:희석주당이익(손실) (단위 : 원):1=-24.83
20241113000686	00526678	2024	Q3	separate:기본주당이익(손실) (단위 : 원):0=127.20; separate:기본주당이익(손실) (단위 : 원):1=56.70
20241114000126	01223219	2024	Q3	separate:계속영업기본주당이익(손실) (단위 ::0=-187.32; separate:계속영업기본주당이익(손실) (단위 ::1=-58.27; separate:계속영업희석주당이익(손실) (단위 ::0=-187.32; separate:계속영업희석주당이익(손실) (단위 ::1=-58.27
20241114000320	00986898	2024	Q3	consolidated:기본주당순이익 (단위 : 원):0=81.90; consolidated:희석주당순이익 (단위 : 원):0=81.90
20241114000397	00318316	2024	Q3	separate:(1)기본주당이익(손실) (단위 : :0=115.80
20241114000452	01419205	2024	Q3	separate:기본주당이익(손실) (단위 : 원):0=126.60; separate:기본주당이익(손실) (단위 : 원):1=18.98; separate:희석주당이익(손실) (단위 : 원):0=121.22; separate:희석주당이익(손실) (단위 : 원):1=18.19
20241114000550	00552859	2024	Q3	consolidated:기본주당이익(손실) (단위 : 원):0=-327.55; consolidated:기본주당이익(손실) (단위 : 원):1=26.35; consolidated:계속영업기본주당이익(손실) (단위 ::0=-320.46; consolidated:계속영업기본주당이익(손실) (단위 ::1=24.95; consolidated:중단영업기본주당이익(손실) (단위 ::0=-7.09; consolidated:중단영업기본주당이익(손실) (단위 ::1=1.40; consolidated:희석주당이익(손실) (단위 : 원):0=-327.55; consolidated:희석주당이익(손실) (단위 : 원):1=26.29; consolidated:계속영업희석주당이익(손실) (단위 ::0=-320.46; consolidated:계속영업희석주당이익(손실) (단위 ::1=27.59; consolidated:중단영업희석주당이익(손실) (단위 ::0=-7.09; consolidated:중단영업희석주당이익(손실) (단위 ::1=-1.30; separate:기본주당이익(손실) (단위 : 원):0=-140.13; separate:기본주당이익(손실) (단위 : 원):1=54.27; separate:계속영업기본주당이익(손실) (단위 ::0=-133.04; separate:계속영업기본주당이익(손실) (단위 ::1=51.57; separate:중단영업기본주당이익(손실) (단위 ::0=-7.09; separate:중단영업기본주당이익(손실) (단위 ::1=2.70; separate:희석주당이익(손실) (단위 : 원):0=-140.13; separate:희석주당이익(손실) (단위 : 원):1=34.82; separate:계속영업희석주당이익(손실) (단위 ::0=-133.04; separate:계속영업희석주당이익(손실) (단위 ::1=32.12; separate:중단영업희석주당이익(손실) (단위 ::0=-7.09; separate:중단영업희석주당이익(손실) (단위 ::1=2.70
20241114000556	00131896	2024	Q3	consolidated:기본주당이익(손실) (단위 : 원):0=3711.65; consolidated:기본주당이익(손실) (단위 : 원):1=3682.44; consolidated:희석주당이익(손실) (단위 : 원):0=3711.65; consolidated:희석주당이익(손실) (단위 : 원):1=3682.44; separate:기본주당이익(손실) (단위 : 원):0=2506.44; separate:기본주당이익(손실) (단위 : 원):1=2370.64; separate:희석주당이익(손실) (단위 : 원):0=2506.44; separate:희석주당이익(손실) (단위 : 원):1=2370.64
20241114000682	01353024	2024	Q3	consolidated:기본주당순이익 (단위 : 원):0=-12.20; consolidated:기본주당순이익 (단위 : 원):1=-18.31; consolidated:희석주당이익(손실) 합계 (단위 : :0=-12.20; consolidated:희석주당이익(손실) 합계 (단위 : :1=-18.31; separate:기본주당순이익 (단위 : 원):0=-6.80; separate:기본주당순이익 (단위 : 원):1=-6.42; separate:희석주당순이익 (단위 : 원):0=-6.80; separate:희석주당순이익 (단위 : 원):1=-6.42
20241114000842	00145473	2024	Q3	separate:기본주당이익(손실) (단위 : 원):0=215.20; separate:기본주당이익(손실) (단위 : 원):1=240.50; separate:희석주당이익(손실) (단위 : 원):0=215.20; separate:희석주당이익(손실) (단위 : 원):1=240.50
20241114000918	01327092	2024	Q3	consolidated:기본주당이익(손실) (단위 : 원):0=-548.83; consolidated:기본주당이익(손실) (단위 : 원):1=-123.24; consolidated:희석주당이익(손실) (단위 : 원):0=-548.83; consolidated:희석주당이익(손실) (단위 : 원):1=-123.24; separate:기본주당이익(손실) (단위 : 원):0=-543.62; separate:기본주당이익(손실) (단위 : 원):1=-109.80; separate:희석주당이익(손실) (단위 : 원):0=-543.62; separate:희석주당이익(손실) (단위 : 원):1=-109.80
20241114001054	00800145	2024	Q3	separate:기본주당이익(손실) (단위 : 원):0=-151.20; separate:기본주당이익(손실) (단위 : 원):1=-135.91; separate:희석주당이익(손실) (단위 : 원):0=-151.20; separate:희석주당이익(손실) (단위 : 원):1=-135.91
20241114001212	00104537	2024	Q3	separate:기본주당이익(손실) (단위 : 원):0=16.80; separate:희석주당이익(손실) (단위 : 원):0=16.80
20241114001260	00946030	2024	Q3	consolidated:기본주당이익(손실) (단위 : 원):0=-361.41; consolidated:기본주당이익(손실) (단위 : 원):1=-79.20; consolidated:희석주당이익(손실) (단위 : 원):0=-361.41; consolidated:희석주당이익(손실) (단위 : 원):1=-79.20; separate:기본주당이익(손실) (단위 : 원):0=-397.70; separate:기본주당이익(손실) (단위 : 원):1=-112.60; separate:희석주당이익(손실) (단위 : 원):0=-397.70; separate:희석주당이익(손실) (단위 : 원):1=-112.60
20241114001266	00144021	2024	Q3	separate:기본주당이익(손실) (단위 : 원):0=-76.5; separate:기본주당이익(손실) (단위 : 원):1=-28.2; separate:계속영업기본주당이익(손실) (단위 ::0=-76.5; separate:계속영업기본주당이익(손실) (단위 ::1=-28.2; separate:희석주당이익(손실) (단위 : 원):0=-76.5; separate:희석주당이익(손실) (단위 : 원):1=-28.2; separate:계속영업희석주당이익(손실) (단위 ::0=-76.5; separate:계속영업희석주당이익(손실) (단위 ::1=-28.2
20241114001359	00131850	2024	Q3	consolidated:기본주당이익(손실) (단위 : 원):0=-125.11; consolidated:기본주당이익(손실) (단위 : 원):1=53.70; consolidated:희석주당이익(손실) (단위 : 원):0=-125.11; consolidated:희석주당이익(손실) (단위 : 원):1=53.66; separate:기본주당이익(손실) (단위 : 원):0=65.69; separate:기본주당이익(손실) (단위 : 원):1=56.67; separate:희석주당이익(손실) (단위 : 원):0=65.69; separate:희석주당이익(손실) (단위 : 원):1=56.63
20241114001395	00136457	2024	Q3	consolidated:기본주당손실 (단위 : 원):0=-48.6; consolidated:기본주당손실 (단위 : 원):1=-3.3; consolidated:희석주당손실 (단위 : 원):0=-48.6; consolidated:희석주당손실 (단위 : 원):1=-3.3; separate:기본주당손실 (단위 : 원):0=-46.7; separate:기본주당손실 (단위 : 원):1=-10.5; separate:희석주당손실 (단위 : 원):0=-46.7; separate:희석주당손실 (단위 : 원):1=-10.5
20241114001493	00130879	2024	Q3	separate:기본주당이익(손실) (단위 : 원):0=-5.06; separate:기본주당이익(손실) (단위 : 원):1=-2.26; separate:희석주당이익(손실) (단위 : 원):0=-5.19; separate:희석주당이익(손실) (단위 : 원):1=-2.26
20241114001524	00347716	2024	Q3	consolidated:기본주당이익(손실) (단위 : 원):0=-890.73; consolidated:기본주당이익(손실) (단위 : 원):1=-610.10; consolidated:계속영업기본주당이익(손실) (단위 ::0=-888.91; consolidated:계속영업기본주당이익(손실) (단위 ::1=-608.60; consolidated:중단영업기본주당이익(손실) (단위 ::0=-1.82; consolidated:중단영업기본주당이익(손실) (단위 ::1=-1.50; consolidated:희석주당이익(손실) (단위 : 원):0=-890.73; consolidated:희석주당이익(손실) (단위 : 원):1=-610.10; consolidated:계속영업희석주당이익(손실) (단위 ::0=-888.91; consolidated:계속영업희석주당이익(손실) (단위 ::1=-608.60; consolidated:중단영업희석주당이익(손실) (단위 ::0=-1.82; consolidated:중단영업희석주당이익(손실) (단위 ::1=-1.50; separate:기본주당이익(손실) (단위 : 원):0=-881.50; separate:기본주당이익(손실) (단위 : 원):1=-609.30; separate:희석주당이익(손실) (단위 : 원):0=-881.50; separate:희석주당이익(손실) (단위 : 원):1=-609.30
20241114001550	00411808	2024	Q3	separate:기본주당이익(손실) (단위 : 원):0=30.10; separate:기본주당이익(손실) (단위 : 원):1=308.70; separate:희석주당이익(손실) (단위 : 원):0=28.70
20241114001573	01311310	2024	Q3	consolidated:기본주당이익(손실) (단위 : 원):0=46.76; consolidated:기본주당이익(손실) (단위 : 원):1=95.90; consolidated:희석주당이익(손실) (단위 : 원):0=46.76; consolidated:희석주당이익(손실) (단위 : 원):1=95.66; separate:기본주당이익(손실) (단위 : 원):0=40.14; separate:기본주당이익(손실) (단위 : 원):1=95.90; separate:희석주당이익(손실) (단위 : 원):0=40.14; separate:희석주당이익(손실) (단위 : 원):1=95.66
20241114001721	00136165	2024	Q3	consolidated:기본 및 희석주당손익 (단위 : 원):0=-120.32; consolidated:기본 및 희석주당손익 (단위 : 원):1=-91.95; separate:기본 및 희석주당손익 (단위 : 원):0=-109.21; separate:기본 및 희석주당손익 (단위 : 원):1=65.97
20241114001804	00149804	2024	Q3	separate:기본주당이익(손실) (단위 : 원):0=340.80; separate:기본주당이익(손실) (단위 : 원):1=-1509.60; separate:희석주당이익(손실) (단위 : 원):0=324.30; separate:희석주당이익(손실) (단위 : 원):1=-1509.60
20241114001859	00351427	2024	Q3	consolidated:기본주당이익(손실) (단위 : 원) :0=-146.2; consolidated:기본주당이익(손실) (단위 : 원) :1=18.6; consolidated:희석주당이익(손실) (단위 : 원) :0=-145.8; consolidated:희석주당이익(손실) (단위 : 원) :1=18.6; separate:기본주당이익(손실) (단위 : 원) :0=-146.2; separate:희석주당이익(손실) (단위 : 원) :0=-145.8
20241114001906	00267942	2024	Q3	separate:기본부당순이익(손실) (단위 : 원):0=32.90; separate:기본부당순이익(손실) (단위 : 원):1=56.30; separate:희석주당순이익(손실) (단위 : 원):0=32.90
20241114001910	01043853	2024	Q3	consolidated:기본주당이익(손실) (단위 : 원):0=-22.77; consolidated:기본주당이익(손실) (단위 : 원):1=257.03; consolidated:희석주당이익(손실) (단위 : 원):0=-22.77; consolidated:희석주당이익(손실) (단위 : 원):1=229.89; separate:기본주당이익(손실) (단위 : 원):0=102.45; separate:기본주당이익(손실) (단위 : 원):1=289.45; separate:희석주당이익(손실) (단위 : 원):0=102.45; separate:희석주당이익(손실) (단위 : 원):1=255.35
20241114001944	01068348	2024	Q3	consolidated:기본주당이익(손실) (단위 : 원):0=79.40; consolidated:희석주당이익(손실) (단위 : 원):0=79.40
20241114001995	00231044	2024	Q3	consolidated:기본주당이익(손실) (단위 : 원):0=-7.03; consolidated:기본주당이익(손실) (단위 : 원):1=23.84; separate:기본주당이익(손실) (단위 : 원):0=-4.07; separate:기본주당이익(손실) (단위 : 원):1=30.16
20241114002011	00958451	2024	Q3	separate:기본주당이익(손실) (단위 : 원):0=165.34; separate:기본주당이익(손실) (단위 : 원):1=330.10; separate:희석주당이익(손실) (단위 : 원):0=163.47; separate:희석주당이익(손실) (단위 : 원):1=328.78
20241114002029	00226866	2024	Q3	consolidated:기본주당이익(손실) (단위 : 원):0=1102.1; consolidated:중단영업기본주당이익(손실) (단위 ::0=0.1
20241114002106	01867758	2024	Q3	consolidated:기본주당순손익 (단위 : 원):0=-233.78; consolidated:희석주당순손익 (단위 : 원):0=-233.78
20241114002125	00497631	2024	Q3	separate:기본주당이익(손실) (단위 : 원):0=6.37; separate:기본주당이익(손실) (단위 : 원):1=-59.11
20241114002160	00350020	2024	Q3	consolidated:기본주당이익(손실) (단위 : 원):0=21.70; consolidated:기본주당이익(손실) (단위 : 원):1=-308.40; consolidated:희석주당이익(손실) (단위 : 원):0=21.70; consolidated:희석주당이익(손실) (단위 : 원):1=-308.40; separate:기본주당이익(손실) (단위 : 원):0=23.5; separate:기본주당이익(손실) (단위 : 원):1=176.7; separate:희석주당이익(손실) (단위 : 원):0=23.5; separate:희석주당이익(손실) (단위 : 원):1=176.7
20241114002436	01292291	2024	Q3	consolidated:기본주당이익(손실) (단위 : 원):0=-1363.57; consolidated:기본주당이익(손실) (단위 : 원):1=-783.23; consolidated:희석주당이익(손실) (단위 : 원):0=-1363.57; consolidated:희석주당이익(손실) (단위 : 원):1=-783.23; separate:기본주당이익(손실) (단위 : 원):0=-1333.78; separate:기본주당이익(손실) (단위 : 원):1=-777.55; separate:희석주당이익(손실) (단위 : 원):0=-1333.78; separate:희석주당이익(손실) (단위 : 원):1=-777.55
20241114002503	00138516	2024	Q3	consolidated:기본주당이익(손실) (단위 : USD:0=0.08; consolidated:기본주당이익(손실) (단위 : USD:1=0.06; consolidated:계속영업기본주당이익(손실) (단위 ::0=0.08; consolidated:계속영업기본주당이익(손실) (단위 ::1=0.06; consolidated:희석주당이익(손실) (단위 : USD:0=0.08; consolidated:희석주당이익(손실) (단위 : USD:1=0.06; consolidated:계속영업희석주당이익(손실) (단위 ::0=0.08; consolidated:계속영업희석주당이익(손실) (단위 ::1=0.06; separate:기본주당이익(손실) (단위 : USD:0=0.08; separate:기본주당이익(손실) (단위 : USD:1=0.06; separate:계속영업기본주당이익(손실) (단위 ::0=0.08; separate:계속영업기본주당이익(손실) (단위 ::1=0.06; separate:희석주당이익(손실) (단위 : USD:0=0.08; separate:희석주당이익(손실) (단위 : USD:1=0.06; separate:계속영업희석주당이익(손실) (단위 ::0=0.08; separate:계속영업희석주당이익(손실) (단위 ::1=0.06
20241114002506	00220109	2024	Q3	consolidated:기본주당이익(손실) (단위 : 원):0=-560.06; consolidated:기본주당이익(손실) (단위 : 원):1=-701.32; consolidated:희석주당이익(손실) (단위 : 원):0=-560.06; consolidated:희석주당이익(손실) (단위 : 원):1=-701.32; separate:기본주당이익(손실) (단위 : 원):0=-344.42; separate:기본주당이익(손실) (단위 : 원):1=-739.78; separate:희석주당이익(손실) (단위 : 원):0=-344.42; separate:희석주당이익(손실) (단위 : 원):1=-739.78
20241114002510	00339072	2024	Q3	separate:기본주당이익(손실) (단위 : 원):0=2.12; separate:기본주당이익(손실) (단위 : 원):1=2.77; separate:희석주당이익(손실) (단위 : 원):0=1.96; separate:희석주당이익(손실) (단위 : 원):1=2.74
20241114002522	00620558	2024	Q3	consolidated:기본주당이익(손실) (단위 : 원):0=23.05; consolidated:기본주당이익(손실) (단위 : 원):1=-44.50; consolidated:희석주당이익(손실) (단위 : 원):0=23.05; consolidated:희석주당이익(손실) (단위 : 원):1=-44.50; separate:기본주당이익(손실) (단위 : 원):0=40.53; separate:기본주당이익(손실) (단위 : 원):1=-26.56; separate:희석주당이익(손실) (단위 : 원):0=40.53; separate:희석주당이익(손실) (단위 : 원):1=-26.56
20241114002600	00130587	2024	Q3	consolidated:기본주당이익(손실) (단위 : 원):0=5.40; consolidated:기본주당이익(손실) (단위 : 원):1=-96.10; separate:기본주당이익(손실) (단위 : 원):0=6.30; separate:기본주당이익(손실) (단위 : 원):1=-90.70
20241114002969	00101752	2024	Q3	consolidated:기본주당이익(손실) (단위 : 원):0=429.40; consolidated:희석주당이익(손실) (단위 : 원):0=429.40; separate:기본주당이익(손실) (단위 : 원):0=360.42; separate:희석주당이익(손실) (단위 : 원):0=360.42
20250214001282	00141626	2025	Q3	separate:기본주당이익(손실) (단위 : 원):0=-76.60; separate:희석주당이익(손실) (단위 : 원):0=-76.60
20250310000662	00101752	2024	FY	consolidated:기본주당이익(손실) (단위 : 원):0=433.14; consolidated:기본주당이익(손실) (단위 : 원):1=420.10; consolidated:희석주당이익(손실) (단위 : 원):0=433.14; consolidated:희석주당이익(손실) (단위 : 원):1=420.10; separate:기본주당이익(손실) (단위 : 원):0=372.46; separate:희석주당이익(손실) (단위 : 원):0=372.46
20250311000495	00145473	2024	FY	separate:기본주당이익(손실) (단위 : 원):0=301.90; separate:기본주당이익(손실) (단위 : 원):1=242.40; separate:기본주당이익(손실) (단위 : 원):2=215.30; separate:희석주당이익(손실) (단위 : 원):0=301.90; separate:희석주당이익(손실) (단위 : 원):1=242.40; separate:희석주당이익(손실) (단위 : 원):2=215.30
20250312000769	01311310	2024	FY	consolidated:기본주당이익(손실) (단위 : 원):0=134.58; consolidated:기본주당이익(손실) (단위 : 원):1=151.98; consolidated:기본주당이익(손실) (단위 : 원):2=166.34; consolidated:희석주당이익(손실) (단위 : 원):0=134.58; consolidated:희석주당이익(손실) (단위 : 원):1=151.62; consolidated:희석주당이익(손실) (단위 : 원):2=165.36; separate:기본주당이익(손실) (단위 : 원):0=143.69; separate:기본주당이익(손실) (단위 : 원):1=151.98; separate:기본주당이익(손실) (단위 : 원):2=166.34; separate:희석주당이익(손실) (단위 : 원):0=143.69; separate:희석주당이익(손실) (단위 : 원):1=151.62; separate:희석주당이익(손실) (단위 : 원):2=165.36
20250313001257	01419205	2024	FY	separate:기본주당이익(손실) (단위 : 원):0=409.87; separate:기본주당이익(손실) (단위 : 원):1=277.58
20250313001412	00138516	2024	FY	consolidated:기본주당이익(손실) (단위 : USD:0=0.09; consolidated:기본주당이익(손실) (단위 : USD:1=0.07; consolidated:기본주당이익(손실) (단위 : USD:2=0.14; consolidated:계속영업기본주당이익(손실) (단위 ::0=0.09; consolidated:계속영업기본주당이익(손실) (단위 ::1=0.07; consolidated:계속영업기본주당이익(손실) (단위 ::2=0.14; consolidated:희석주당이익(손실) (단위 : USD:0=0.09; consolidated:희석주당이익(손실) (단위 : USD:1=0.07; consolidated:희석주당이익(손실) (단위 : USD:2=0.14; consolidated:계속영업희석주당이익(손실) (단위 ::0=0.09; consolidated:계속영업희석주당이익(손실) (단위 ::1=0.07; consolidated:계속영업희석주당이익(손실) (단위 ::2=0.14; separate:기본주당이익(손실) (단위 : USD:0=0.09; separate:기본주당이익(손실) (단위 : USD:1=0.07; separate:기본주당이익(손실) (단위 : USD:2=0.14; separate:계속영업기본주당이익(손실) (단위 ::0=0.09; separate:계속영업기본주당이익(손실) (단위 ::1=0.07; separate:계속영업기본주당이익(손실) (단위 ::2=0.14; separate:희석주당이익(손실) (단위 : USD:0=0.09; separate:희석주당이익(손실) (단위 : USD:1=0.07; separate:희석주당이익(손실) (단위 : USD:2=0.14; separate:계속영업희석주당이익(손실) (단위 ::0=0.09; separate:계속영업희석주당이익(손실) (단위 ::1=0.07; separate:계속영업희석주당이익(손실) (단위 ::2=0.14
20250317000404	01043853	2024	FY	consolidated:계속영업기본주당이익(손실) (단위 ::0=-105.98; consolidated:계속영업기본주당이익(손실) (단위 ::1=-266.10; consolidated:계속영업기본주당이익(손실) (단위 ::2=-768.11; consolidated:중단영업기본주당이익(손실) (단위 ::2=2.13; consolidated:계속영업희석주당이익(손실) (단위 ::0=-105.98; consolidated:계속영업희석주당이익(손실) (단위 ::1=-266.10; consolidated:계속영업희석주당이익(손실) (단위 ::2=-768.11; consolidated:중단영업희석주당이익(손실) (단위 ::2=1.71; separate:계속영업기본주당이익(손실) (단위 ::0=73.38; separate:계속영업기본주당이익(손실) (단위 ::1=-162.24; separate:계속영업기본주당이익(손실) (단위 ::2=-725.62; separate:중단영업기본주당이익(손실) (단위 ::2=2.13; separate:계속영업희석주당이익(손실) (단위 ::0=73.38; separate:계속영업희석주당이익(손실) (단위 ::1=-162.24; separate:계속영업희석주당이익(손실) (단위 ::2=-725.62; separate:중단영업희석주당이익(손실) (단위 ::2=1.71
20250317000599	00149804	2024	FY	separate:기본주당이익(손실) (단위 : 원):0=111.60; separate:기본주당이익(손실) (단위 : 원):1=-1994.40; separate:기본주당이익(손실) (단위 : 원):2=-766.90; separate:희석주당이익(손실) (단위 : 원):1=-1994.40; separate:희석주당이익(손실) (단위 : 원):2=-766.90
20250317000694	00185046	2024	FY	consolidated:기본주당이익(손실) (단위 : 원) :0=-147.4; consolidated:기본주당이익(손실) (단위 : 원) :1=-102.9; consolidated:기본주당이익(손실) (단위 : 원) :2=56.5; consolidated:희석주당이익(손실) (단위 : 원) :0=-147.4; consolidated:희석주당이익(손실) (단위 : 원) :1=-102.9; consolidated:희석주당이익(손실) (단위 : 원) :2=56.2; separate:기본주당이익(손실) (단위 : 원) :0=-147.9; separate:기본주당이익(손실) (단위 : 원) :1=-103.9; separate:기본주당이익(손실) (단위 : 원) :2=57.1; separate:희석주당이익(손실) (단위 : 원) :0=-147.9; separate:희석주당이익(손실) (단위 : 원) :1=-103.9; separate:희석주당이익(손실) (단위 : 원) :2=56.8
20250317000746	00552859	2024	FY	consolidated:계속영업 기본주당손순익 (단위 : 원:0=-290.62; consolidated:계속영업 기본주당손순익 (단위 : 원:1=-39.98; consolidated:계속영업 기본주당손순익 (단위 : 원:2=-172.86; consolidated:중단영업 기본주당손순익 (단위 : 원:0=-6.77; consolidated:중단영업 기본주당손순익 (단위 : 원:1=-1.54; consolidated:중단영업 기본주당손순익 (단위 : 원:2=-8.48; consolidated:계속영업 희석주당손순익 (단위 : 원:0=-290.62; consolidated:계속영업 희석주당손순익 (단위 : 원:1=-39.90; consolidated:계속영업 희석주당손순익 (단위 : 원:2=-172.86; consolidated:중단영업 희석주당손순익 (단위 : 원:0=-6.77; consolidated:중단영업 희석주당손순익 (단위 : 원:1=-1.54; consolidated:중단영업 희석주당손순익 (단위 : 원:2=-8.48; separate:계속영업 기본주당손순익 (단위 : 원:0=-209.18; separate:계속영업 기본주당손순익 (단위 : 원:1=11.34; separate:계속영업 기본주당손순익 (단위 : 원:2=-54.77; separate:중단영업 기본주당손순익 (단위 : 원:0=-6.77; separate:중단영업 기본주당손순익 (단위 : 원:1=2.65; separate:계속영업 희석주당손순익 (단위 : 원:0=-209.18; separate:계속영업 희석주당손순익 (단위 : 원:1=11.32; separate:계속영업 희석주당손순익 (단위 : 원:2=-54.77; separate:중단영업 희석주당손순익 (단위 : 원:0=-6.77; separate:중단영업 희석주당손순익 (단위 : 원:1=2.65
20250317000979	01327092	2024	FY	consolidated:기본주당이익(손실) (단위 : 원):0=-697.09; consolidated:기본주당이익(손실) (단위 : 원):1=-555.87; consolidated:기본주당이익(손실) (단위 : 원):2=-511.72; consolidated:희석주당이익(손실) (단위 : 원):0=-697.09; consolidated:희석주당이익(손실) (단위 : 원):1=-555.87; consolidated:희석주당이익(손실) (단위 : 원):2=-511.72; separate:기본주당이익(손실) (단위 : 원):0=-695.34; separate:기본주당이익(손실) (단위 : 원):1=-556.49; separate:기본주당이익(손실) (단위 : 원):2=-525.40; separate:희석주당이익(손실) (단위 : 원):0=-695.34; separate:희석주당이익(손실) (단위 : 원):1=-556.49; separate:희석주당이익(손실) (단위 : 원):2=-525.40
20250318000302	00131896	2024	FY	consolidated:기본주당이익(손실) (단위 : 원):0=4799.06; consolidated:기본주당이익(손실) (단위 : 원):1=5162.53; consolidated:기본주당이익(손실) (단위 : 원):2=1723.40; consolidated:희석주당이익(손실) (단위 : 원):0=4799.06; consolidated:희석주당이익(손실) (단위 : 원):1=5162.53; consolidated:희석주당이익(손실) (단위 : 원):2=1723.40; separate:기본주당이익(손실) (단위 : 원):0=3258.29; separate:기본주당이익(손실) (단위 : 원):1=3042.93; separate:기본주당이익(손실) (단위 : 원):2=471.13; separate:희석주당이익(손실) (단위 : 원):0=3258.29; separate:희석주당이익(손실) (단위 : 원):1=3042.93; separate:희석주당이익(손실) (단위 : 원):2=471.13
20250318001109	00264228	2024	FY	consolidated:계속사업기본주당이익(손실) (단위 ::0=5.5; consolidated:계속사업희석주당이익(손실) (단위 ::0=5.5
20250318001148	00231044	2024	FY	consolidated:기본주당이익(손실) (단위 : 원):0=-22.79; consolidated:기본주당이익(손실) (단위 : 원):1=33.11; consolidated:기본주당이익(손실) (단위 : 원):2=22.84; consolidated:희석주당이익(손실) (단위 : 원):0=-22.79; consolidated:희석주당이익(손실) (단위 : 원):1=31.87; consolidated:희석주당이익(손실) (단위 : 원):2=22.84; separate:기본주당이익(손실) (단위 : 원):0=-18.62; separate:기본주당이익(손실) (단위 : 원):1=32.01; separate:기본주당이익(손실) (단위 : 원):2=20.74; separate:희석주당이익(손실) (단위 : 원):0=-18.62; separate:희석주당이익(손실) (단위 : 원):1=30.81; separate:희석주당이익(손실) (단위 : 원):2=20.74
20250318001321	01462605	2024	FY	consolidated:기본주당이익(손실) (단위 : 원) :0=225.7; consolidated:기본주당이익(손실) (단위 : 원) :1=36.6; consolidated:기본주당이익(손실) (단위 : 원) :2=42.4; consolidated:희석주당이익(손실) (단위 : 원) :0=225.7; consolidated:희석주당이익(손실) (단위 : 원) :1=36.5; consolidated:희석주당이익(손실) (단위 : 원) :2=41.5; separate:기본주당이익(손실) (단위 : 원) :0=228.6; separate:기본주당이익(손실) (단위 : 원) :1=42.3; separate:기본주당이익(손실) (단위 : 원) :2=42.4; separate:희석주당이익(손실) (단위 : 원) :0=228.6; separate:희석주당이익(손실) (단위 : 원) :1=42.1; separate:희석주당이익(손실) (단위 : 원) :2=41.5
20250318001331	01358463	2024	FY	consolidated:기본주당손익 (단위 : 원):0=229.8; consolidated:기본주당손익 (단위 : 원):2=82.6; consolidated:희석주당손익 (단위 : 원):0=229.6; consolidated:희석주당손익 (단위 : 원):1=35.7; separate:기본주당이익(손실) (단위 : 원):1=57.7; separate:희석주당이익(손실) (단위 : 원):0=230.9; separate:희석주당이익(손실) (단위 : 원):1=57.3; separate:희석주당이익(손실) (단위 : 원):2=83.1
20250318001351	01032486	2024	FY	consolidated:기본주당순이익 (단위 : USD):0=4.14; consolidated:기본주당순이익 (단위 : USD):1=7.05; consolidated:기본주당순이익 (단위 : USD):2=4.97; consolidated:희석주당순이익 (단위 : USD):0=4.13; consolidated:희석주당순이익 (단위 : USD):1=7.04; consolidated:희석주당순이익 (단위 : USD):2=4.97
20250318001401	00695969	2024	FY	separate:기본주당이익(손실) (단위 : 원):0=1311.1; separate:희석주당이익(손실) (단위 : 원):0=1310.7; separate:희석주당이익(손실) (단위 : 원):1=1400.9
20250318001452	00545114	2024	FY	consolidated:중단영업기본주당이익(손실) (단위 ::0=-2.9; consolidated:중단영업기본주당이익(손실) (단위 ::1=0.6; consolidated:중단영업희석주당이익(손실) (단위 ::0=-2.9; consolidated:중단영업희석주당이익(손실) (단위 ::1=0.6
20250319000285	00120906	2024	FY	separate:기본주당이익(손실) (단위 : 원):0=-29.32; separate:기본주당이익(손실) (단위 : 원):1=-131.35; separate:기본주당이익(손실) (단위 : 원):2=-14.15; separate:희석주당이익(손실) (단위 : 원):0=-29.32; separate:희석주당이익(손실) (단위 : 원):1=-131.35; separate:희석주당이익(손실) (단위 : 원):2=-14.15
20250319001113	00131850	2024	FY	consolidated:기본주당이익(손실) (단위 : 원):0=-199.49; consolidated:기본주당이익(손실) (단위 : 원):1=6.07; consolidated:기본주당이익(손실) (단위 : 원):2=22.50; consolidated:희석주당이익(손실) (단위 : 원):0=-199.49; consolidated:희석주당이익(손실) (단위 : 원):1=6.07; consolidated:희석주당이익(손실) (단위 : 원):2=22.48; separate:기본주당이익(손실) (단위 : 원):0=-107.71; separate:기본주당이익(손실) (단위 : 원):1=5.06; separate:기본주당이익(손실) (단위 : 원):2=10.58; separate:희석주당이익(손실) (단위 : 원):0=-107.71; separate:희석주당이익(손실) (단위 : 원):1=5.06; separate:희석주당이익(손실) (단위 : 원):2=10.55
20250320000002	00220109	2022	FY	consolidated:기본주당이익(손실) (단위 : 원):0=-134.14; consolidated:기본주당이익(손실) (단위 : 원):1=-68.17; consolidated:기본주당이익(손실) (단위 : 원):2=28.51; consolidated:희석주당이익(손실) (단위 : 원):0=-134.14; consolidated:희석주당이익(손실) (단위 : 원):1=-68.17; consolidated:희석주당이익(손실) (단위 : 원):2=28.51; separate:기본주당이익(손실) (단위 : 원):0=-174.69; separate:기본주당이익(손실) (단위 : 원):1=-80.81; separate:기본주당이익(손실) (단위 : 원):2=29.24; separate:희석주당이익(손실) (단위 : 원):0=-174.69; separate:희석주당이익(손실) (단위 : 원):1=-80.81; separate:희석주당이익(손실) (단위 : 원):2=29.24
20250320000005	00220109	2023	FY	consolidated:기본주당이익(손실) (단위 : 원):0=-304.15; consolidated:기본주당이익(손실) (단위 : 원):1=-168.45; consolidated:기본주당이익(손실) (단위 : 원):2=10.28; consolidated:희석주당이익(손실) (단위 : 원):0=-304.15; consolidated:희석주당이익(손실) (단위 : 원):1=-168.45; consolidated:희석주당이익(손실) (단위 : 원):2=10.28; separate:기본주당이익(손실) (단위 : 원):0=-283.13; separate:기본주당이익(손실) (단위 : 원):1=-207.26; separate:기본주당이익(손실) (단위 : 원):2=24.93; separate:희석주당이익(손실) (단위 : 원):0=-283.13; separate:희석주당이익(손실) (단위 : 원):1=-207.26; separate:희석주당이익(손실) (단위 : 원):2=24.93
20250320000432	00958451	2024	FY	separate:기본주당이익(손실) (단위 : 원):0=244.37; separate:기본주당이익(손실) (단위 : 원):1=344.60; separate:기본주당이익(손실) (단위 : 원):2=435.50; separate:희석주당이익(손실) (단위 : 원):0=243.18; separate:희석주당이익(손실) (단위 : 원):1=339.96; separate:희석주당이익(손실) (단위 : 원):2=434.28
20250320000649	00220109	2024	FY	consolidated:기본주당이익(손실) (단위 : 원):0=-907.02; consolidated:기본주당이익(손실) (단위 : 원):1=-3041.55; consolidated:기본주당이익(손실) (단위 : 원):2=-1684.50; consolidated:희석주당이익(손실) (단위 : 원):0=-907.02; consolidated:희석주당이익(손실) (단위 : 원):1=-3041.55; consolidated:희석주당이익(손실) (단위 : 원):2=-1684.50; separate:기본주당이익(손실) (단위 : 원):0=-798.89; separate:기본주당이익(손실) (단위 : 원):1=-2831.30; separate:기본주당이익(손실) (단위 : 원):2=-2072.60; separate:희석주당이익(손실) (단위 : 원):0=-798.89; separate:희석주당이익(손실) (단위 : 원):1=-2831.30; separate:희석주당이익(손실) (단위 : 원):2=-2072.60
20250320000777	00136457	2024	FY	consolidated:기본주당이익(손실) (단위 : 원):0=-95.4; consolidated:기본주당이익(손실) (단위 : 원):1=-23.6; consolidated:기본주당이익(손실) (단위 : 원):2=16.8; consolidated:희석주당이익(손실) (단위 : 원):0=-95.4; consolidated:희석주당이익(손실) (단위 : 원):1=-23.6; consolidated:희석주당이익(손실) (단위 : 원):2=16.8; separate:기본주당이익(손실) (단위 : 원):0=-90.1; separate:기본주당이익(손실) (단위 : 원):1=-30.1; separate:기본주당이익(손실) (단위 : 원):2=11.2; separate:희석주당이익(손실) (단위 : 원):0=-90.1; separate:희석주당이익(손실) (단위 : 원):1=-30.1; separate:희석주당이익(손실) (단위 : 원):2=11.2
20250320000850	00130879	2024	FY	separate:기본주당이익(손실) (단위 : 원):0=-7.92; separate:기본주당이익(손실) (단위 : 원):1=-1.52; separate:기본주당이익(손실) (단위 : 원):2=1.80; separate:희석주당이익(손실) (단위 : 원):0=-7.94; separate:희석주당이익(손실) (단위 : 원):1=-1.52; separate:희석주당이익(손실) (단위 : 원):2=1.80
20250320000900	01693922	2024	FY	separate:기본주당이익(손실) (단위 : 원):0=39.22; separate:기본주당이익(손실) (단위 : 원):1=29.81; separate:기본주당이익(손실) (단위 : 원):2=-18.39; separate:희석주당이익(손실) (단위 : 원):0=38.90; separate:희석주당이익(손실) (단위 : 원):1=29.81; separate:희석주당이익(손실) (단위 : 원):2=-18.39
20250320000971	00158219	2024	FY	consolidated:기본주당이익(손실) (단위 : 원):0=-593.97; consolidated:기본주당이익(손실) (단위 : 원):1=-179.98; consolidated:기본주당이익(손실) (단위 : 원):2=87.86; consolidated:희석주당이익(손실) (단위 : 원):0=-593.97; consolidated:희석주당이익(손실) (단위 : 원):1=-179.98; consolidated:희석주당이익(손실) (단위 : 원):2=87.86; separate:기본주당이익(손실) (단위 : 원):0=-592.03; separate:기본주당이익(손실) (단위 : 원):1=-177.79; separate:기본주당이익(손실) (단위 : 원):2=86.32; separate:희석주당이익(손실) (단위 : 원):0=-592.03; separate:희석주당이익(손실) (단위 : 원):1=-177.79; separate:희석주당이익(손실) (단위 : 원):2=86.32
20250320001144	00620558	2024	FY	consolidated:기본주당이익(손실) (단위 : 원):0=-54.90; consolidated:기본주당이익(손실) (단위 : 원):1=-92.51; consolidated:기본주당이익(손실) (단위 : 원):2=-30.36; consolidated:희석주당이익(손실) (단위 : 원):0=-57.99; consolidated:희석주당이익(손실) (단위 : 원):1=-92.51; consolidated:희석주당이익(손실) (단위 : 원):2=-30.36; separate:기본주당이익(손실) (단위 : 원):0=-139.61; separate:기본주당이익(손실) (단위 : 원):1=-57.71; separate:기본주당이익(손실) (단위 : 원):2=-25.42; separate:희석주당이익(손실) (단위 : 원):0=-139.98; separate:희석주당이익(손실) (단위 : 원):1=-57.71; separate:희석주당이익(손실) (단위 : 원):2=-25.42
20250320001583	00226866	2024	FY	consolidated:중단영업 주당이익 (단위 : 원):0=0.1
20250320001708	00108746	2024	FY	consolidated:기본주당이익(손실) (단위 : 원):0=9.80; consolidated:기본주당이익(손실) (단위 : 원):1=54.40; consolidated:계속영업기본주당이익(손실) (단위 ::0=9.80; consolidated:계속영업기본주당이익(손실) (단위 ::1=54.40; consolidated:희석주당이익(손실) (단위 : 원):0=9.80; consolidated:희석주당이익(손실) (단위 : 원):1=54.40; consolidated:계속영업희석주당이익(손실) (단위 ::0=9.80; consolidated:계속영업희석주당이익(손실) (단위 ::1=54.40; separate:기본주당이익(손실) (단위 : 원):0=9.8; separate:기본주당이익(손실) (단위 : 원):1=54.40; separate:계속영업기본주당이익(손실) (단위 ::0=9.8; separate:계속영업기본주당이익(손실) (단위 ::1=54.4; separate:희석주당이익(손실) (단위 : 원):0=9.8; separate:희석주당이익(손실) (단위 : 원):1=54.4; separate:계속영업희석주당이익(손실) (단위 ::0=9.8; separate:계속영업희석주당이익(손실) (단위 ::1=54.4
20250321001162	00210740	2024	FY	consolidated:기본주당이익(손실) (단위 : 원):0=30.34; consolidated:기본주당이익(손실) (단위 : 원):1=-65.47; consolidated:기본주당이익(손실) (단위 : 원):2=63.69; consolidated:희석주당이익(손실) (단위 : 원):0=30.34; consolidated:희석주당이익(손실) (단위 : 원):1=-65.47; consolidated:희석주당이익(손실) (단위 : 원):2=63.69
20250321001386	00347716	2024	FY	consolidated:기본주당순손실 (단위 : 원):0=-848.27; consolidated:기본주당순손실 (단위 : 원):1=-713.55; consolidated:기본주당순손실 (단위 : 원):2=-521.07; consolidated:계속영업기본주당손실 (단위 : 원):0=-846.99; consolidated:계속영업기본주당손실 (단위 : 원):1=-713.13; consolidated:계속영업기본주당손실 (단위 : 원):2=-510.20; consolidated:중단영업기본주당손실 (단위 : 원):0=-1.28; consolidated:중단영업기본주당손실 (단위 : 원):1=-0.42; consolidated:중단영업기본주당손실 (단위 : 원):2=-10.87; consolidated:희석주당순손실 (단위 : 원):0=-848.27; consolidated:희석주당순손실 (단위 : 원):1=-713.55; consolidated:희석주당순손실 (단위 : 원):2=-521.07; consolidated:계속영업희석주당손실 (단위 : 원):0=-846.99; consolidated:계속영업희석주당손실 (단위 : 원):1=-713.13; consolidated:계속영업희석주당손실 (단위 : 원):2=-510.20; consolidated:중단영업희석주당손실 (단위 : 원):0=-1.28; consolidated:중단영업희석주당손실 (단위 : 원):1=-0.42; consolidated:중단영업희석주당손실 (단위 : 원):2=-10.87; separate:기본주당순손실 (단위 : 원):0=-837.98; separate:기본주당순손실 (단위 : 원):1=-723.43; separate:기본주당순손실 (단위 : 원):2=-503.81; separate:희석주당순손실 (단위 : 원):0=-837.98; separate:희석주당순손실 (단위 : 원):1=-723.43; separate:희석주당순손실 (단위 : 원):2=-503.81
20250321001529	00526678	2024	FY	separate:기본주당이익(손실) (단위 : 원):0=434.30; separate:기본주당이익(손실) (단위 : 원):1=354.20; separate:기본주당이익(손실) (단위 : 원):2=94.50
20250321001544	00131896	2024	FY	consolidated:기본주당이익(손실) (단위 : 원):0=4799.06; consolidated:기본주당이익(손실) (단위 : 원):1=5162.53; consolidated:기본주당이익(손실) (단위 : 원):2=1723.40; consolidated:희석주당이익(손실) (단위 : 원):0=4799.06; consolidated:희석주당이익(손실) (단위 : 원):1=5162.53; consolidated:희석주당이익(손실) (단위 : 원):2=1723.40; separate:기본주당이익(손실) (단위 : 원):0=3258.29; separate:기본주당이익(손실) (단위 : 원):1=3042.93; separate:기본주당이익(손실) (단위 : 원):2=471.13; separate:희석주당이익(손실) (단위 : 원):0=3258.29; separate:희석주당이익(손실) (단위 : 원):1=3042.93; separate:희석주당이익(손실) (단위 : 원):2=471.13
20250321001550	01065679	2024	FY	consolidated:기본주당이익(손실) (단위 : 원):0=-978.86; consolidated:희석주당이익(손실) (단위 : 원):0=-978.86
20250326000254	00138516	2024	FY	consolidated:기본주당이익(손실) (단위 : USD:0=0.09; consolidated:기본주당이익(손실) (단위 : USD:1=0.07; consolidated:기본주당이익(손실) (단위 : USD:2=0.14; consolidated:계속영업기본주당이익(손실) (단위 ::0=0.09; consolidated:계속영업기본주당이익(손실) (단위 ::1=0.07; consolidated:계속영업기본주당이익(손실) (단위 ::2=0.14; consolidated:희석주당이익(손실) (단위 : USD:0=0.09; consolidated:희석주당이익(손실) (단위 : USD:1=0.07; consolidated:희석주당이익(손실) (단위 : USD:2=0.14; consolidated:계속영업희석주당이익(손실) (단위 ::0=0.09; consolidated:계속영업희석주당이익(손실) (단위 ::1=0.07; consolidated:계속영업희석주당이익(손실) (단위 ::2=0.14; separate:기본주당이익(손실) (단위 : USD:0=0.09; separate:기본주당이익(손실) (단위 : USD:1=0.07; separate:기본주당이익(손실) (단위 : USD:2=0.14; separate:계속영업기본주당이익(손실) (단위 ::0=0.09; separate:계속영업기본주당이익(손실) (단위 ::1=0.07; separate:계속영업기본주당이익(손실) (단위 ::2=0.14; separate:희석주당이익(손실) (단위 : USD:0=0.09; separate:희석주당이익(손실) (단위 : USD:1=0.07; separate:희석주당이익(손실) (단위 : USD:2=0.14; separate:계속영업희석주당이익(손실) (단위 ::0=0.09; separate:계속영업희석주당이익(손실) (단위 ::1=0.07; separate:계속영업희석주당이익(손실) (단위 ::2=0.14
20250328000256	01311310	2024	FY	consolidated:기본주당이익(손실) (단위 : 원):0=134.58; consolidated:기본주당이익(손실) (단위 : 원):1=151.98; consolidated:기본주당이익(손실) (단위 : 원):2=166.34; consolidated:희석주당이익(손실) (단위 : 원):0=134.58; consolidated:희석주당이익(손실) (단위 : 원):1=151.62; consolidated:희석주당이익(손실) (단위 : 원):2=165.36; separate:기본주당이익(손실) (단위 : 원):0=143.69; separate:기본주당이익(손실) (단위 : 원):1=151.98; separate:기본주당이익(손실) (단위 : 원):2=166.34; separate:희석주당이익(손실) (단위 : 원):0=143.69; separate:희석주당이익(손실) (단위 : 원):1=151.62; separate:희석주당이익(손실) (단위 : 원):2=165.36
20250331001539	00144021	2024	FY	separate:계속영업기본주당이익(손실) (단위 ::0=-95.8; separate:계속영업기본주당이익(손실) (단위 ::1=-71.4; separate:계속영업기본주당이익(손실) (단위 ::2=-91.4; separate:계속영업희석주당이익(손실) (단위 ::0=-95.8; separate:계속영업희석주당이익(손실) (단위 ::1=-71.4; separate:계속영업희석주당이익(손실) (단위 ::2=-91.4
20250331001925	01370517	2024	FY	consolidated:기본주당이익(손실) (단위 : 원):0=-4295.69; consolidated:기본주당이익(손실) (단위 : 원):1=-3885.66; consolidated:기본주당이익(손실) (단위 : 원):2=-509886.85; consolidated:희석주당이익(손실) (단위 : 원):0=-4295.69; consolidated:희석주당이익(손실) (단위 : 원):1=-3885.66; consolidated:희석주당이익(손실) (단위 : 원):2=-509886.85; separate:기본주당이익(손실) (단위 : 원):0=-4251.76; separate:기본주당이익(손실) (단위 : 원):1=-3919.10; separate:기본주당이익(손실) (단위 : 원):2=-515936.15; separate:희석주당이익(손실) (단위 : 원):0=-4251.76; separate:희석주당이익(손실) (단위 : 원):1=-3919.10; separate:희석주당이익(손실) (단위 : 원):2=-515936.15
20250331003863	00317487	2024	FY	consolidated:기본주당이익(손실) (단위 : 원):0=-119.95; consolidated:기본주당이익(손실) (단위 : 원):1=0.36; consolidated:희석주당이익(손실) (단위 : 원):0=-119.95; consolidated:희석주당이익(손실) (단위 : 원):1=0.36; separate:기본주당이익(손실) (단위 : 원):0=-97.34; separate:기본주당이익(손실) (단위 : 원):1=0.33; separate:희석주당이익(손실) (단위 : 원):0=-97.34; separate:희석주당이익(손실) (단위 : 원):1=0.33
20250407003849	01353024	2024	FY	consolidated:기본주당이익(손실) (단위 : 원):0=-48.15; consolidated:기본주당이익(손실) (단위 : 원):1=-30.31; consolidated:희석주당이익(손실) (단위 : 원):0=-48.15; consolidated:희석주당이익(손실) (단위 : 원):1=-30.31
20250415000521	01370517	2024	FY	consolidated:기본주당이익(손실) (단위 : 원):0=-4295.69; consolidated:기본주당이익(손실) (단위 : 원):1=-3885.66; consolidated:기본주당이익(손실) (단위 : 원):2=-509886.85; consolidated:희석주당이익(손실) (단위 : 원):0=-4295.69; consolidated:희석주당이익(손실) (단위 : 원):1=-3885.66; consolidated:희석주당이익(손실) (단위 : 원):2=-509886.85; separate:기본주당이익(손실) (단위 : 원):0=-4251.76; separate:기본주당이익(손실) (단위 : 원):1=-3919.10; separate:기본주당이익(손실) (단위 : 원):2=-515936.15; separate:희석주당이익(손실) (단위 : 원):0=-4251.76; separate:희석주당이익(손실) (단위 : 원):1=-3919.10; separate:희석주당이익(손실) (단위 : 원):2=-515936.15
20250512000292	00104573	2025	Q1	consolidated:계속영업기본주당이익(손실) (단위 ::0=0.2; consolidated:계속영업기본주당이익(손실) (단위 ::1=-0.3; consolidated:중단영업기본주당이익(손실) (단위 ::1=-2.1; consolidated:계속영업희석주당이익(손실) (단위 ::0=0.2; consolidated:계속영업희석주당이익(손실) (단위 ::1=-0.3; consolidated:중단영업희석주당이익(손실) (단위 ::1=-2.1; separate:계속영업기본주당이익(손실) (단위 ::0=0.2; separate:계속영업기본주당이익(손실) (단위 ::1=-0.3; separate:중단영업기본주당이익(손실) (단위 ::1=-2.1; separate:계속영업희석주당이익(손실) (단위 ::0=0.2; separate:계속영업희석주당이익(손실) (단위 ::1=-0.3; separate:중단영업희석주당이익(손실) (단위 ::1=-2.1
20250513000548	01016479	2025	Q1	separate:기본주당이익(손실) (단위 : 원):0=0.40; separate:희석주당이익(손실) (단위 : 원):0=0.40
20250513000611	00144021	2025	Q1	separate:기본주당이익(손실) (단위 : 원):0=-27.8; separate:기본주당이익(손실) (단위 : 원):1=-3.4
20250513000660	01462605	2025	Q1	consolidated:기본주당이익(손실) (단위 : 원) :0=-15.9; consolidated:기본주당이익(손실) (단위 : 원) :1=30.3; consolidated:희석주당이익(손실) (단위 : 원) :0=-15.9; consolidated:희석주당이익(손실) (단위 : 원) :1=30.3; separate:기본주당이익(손실) (단위 : 원) :0=-14.8; separate:기본주당이익(손실) (단위 : 원) :1=33.5; separate:희석주당이익(손실) (단위 : 원) :0=-14.8; separate:희석주당이익(손실) (단위 : 원) :1=33.5
20250514000156	01693922	2025	Q1	separate:기본주당이익(손실) (단위 : 원):0=6.26; separate:기본주당이익(손실) (단위 : 원):1=9.48; separate:희석주당이익(손실) (단위 : 원):0=6.26; separate:희석주당이익(손실) (단위 : 원):1=9.42
20250514000226	01307335	2025	Q1	consolidated:기본주당이익(손실) (단위 : 원):0=56.20; consolidated:기본주당이익(손실) (단위 : 원):1=77.03; consolidated:희석주당이익(손실) (단위 : 원):0=56.20; consolidated:희석주당이익(손실) (단위 : 원):1=77.01; separate:기본주당이익(손실) (단위 : 원):0=63.49; separate:기본주당이익(손실) (단위 : 원):1=77.03; separate:희석주당이익(손실) (단위 : 원):0=63.49; separate:희석주당이익(손실) (단위 : 원):1=77.01
20250514000229	00120906	2025	Q1	separate:기본주당이익(손실) (단위 : 원):0=-5.85; separate:기본주당이익(손실) (단위 : 원):1=-11.33; separate:희석주당이익(손실) (단위 : 원):0=-5.85; separate:희석주당이익(손실) (단위 : 원):1=-11.33
20250514000297	01402995	2025	Q1	consolidated:기본주당이익(손실) (단위 : 원):0=110.60; consolidated:희석주당이익(손실) (단위 : 원):0=110.60
20250514000485	00157636	2025	Q1	consolidated:기본주당이익(손실) (단위 : 원):0=438.11; consolidated:기본주당이익(손실) (단위 : 원):1=394.63; consolidated:계속영업기본주당이익(손실) (단위 ::0=438.11; consolidated:계속영업기본주당이익(손실) (단위 ::1=394.63; consolidated:희석주당이익(손실) (단위 : 원):0=435.44; consolidated:희석주당이익(손실) (단위 : 원):1=392.64; consolidated:계속영업희석주당이익(손실) (단위 ::0=435.44; consolidated:계속영업희석주당이익(손실) (단위 ::1=392.64
20250514000631	00958451	2025	Q1	separate:기본주당이익(손실) (단위 : 원):0=104.13; separate:기본주당이익(손실) (단위 : 원):1=90.87; separate:희석주당이익(손실) (단위 : 원):0=104.03; separate:희석주당이익(손실) (단위 : 원):1=89.82
20250514000693	01327092	2025	Q1	consolidated:기본주당이익(손실) (단위 : 원):0=-184.16; consolidated:기본주당이익(손실) (단위 : 원):1=-193.54; consolidated:희석주당이익(손실) (단위 : 원):0=-184.16; consolidated:희석주당이익(손실) (단위 : 원):1=-193.54; separate:기본주당이익(손실) (단위 : 원):0=-179.72; separate:기본주당이익(손실) (단위 : 원):1=-185.94; separate:희석주당이익(손실) (단위 : 원):0=-179.72; separate:희석주당이익(손실) (단위 : 원):1=-185.94
20250514000846	00185046	2025	Q1	consolidated:기본주당이익(손실) (단위 : 원):0=-18.50; consolidated:기본주당이익(손실) (단위 : 원):1=-1.26; consolidated:희석주당이익(손실) (단위 : 원):0=-18.50; consolidated:희석주당이익(손실) (단위 : 원):1=-1.26; separate:기본주당이익(손실) (단위 : 원):0=-17.98; separate:기본주당이익(손실) (단위 : 원):1=-1.48; separate:희석주당이익(손실) (단위 : 원):0=-17.98; separate:희석주당이익(손실) (단위 : 원):1=-1.48
20250514000897	00101752	2025	Q1	consolidated:기본주당이익(손실) (단위 : 원):0=137.37; consolidated:희석주당이익(손실) (단위 : 원):0=137.37; separate:기본주당이익(손실) (단위 : 원):0=146.42; separate:희석주당이익(손실) (단위 : 원):0=146.42
20250514000932	00158219	2025	Q1	consolidated:기본주당이익(손실) (단위 : 원):0=-129.22; consolidated:기본주당이익(손실) (단위 : 원):1=-63.89; consolidated:희석주당이익(손실) (단위 : 원):0=-129.22; consolidated:희석주당이익(손실) (단위 : 원):1=-63.89; separate:기본주당이익(손실) (단위 : 원):0=-130.28; separate:기본주당이익(손실) (단위 : 원):1=-63.95; separate:희석주당이익(손실) (단위 : 원):0=-130.28; separate:희석주당이익(손실) (단위 : 원):1=-63.95
20250514001039	01032486	2025	Q1	consolidated:기본주당순이익 (단위 : USD):0=0.81; consolidated:기본주당순이익 (단위 : USD):1=1.63; consolidated:희석주당순이익 (단위 : USD):0=0.81; consolidated:희석주당순이익 (단위 : USD):1=1.63
20250514001049	00108746	2025	Q1	consolidated:기본주당이익(손실) (단위 : 원):0=14.8; consolidated:희석주당이익(손실) (단위 : 원):0=14.8; separate:기본주당이익(손실) (단위 : 원):0=14.8; separate:희석주당이익(손실) (단위 : 원):0=14.8
20250515000082	00800145	2025	Q1	separate:기본주당이익(손실) (단위 : 원):0=348.73; separate:기본주당이익(손실) (단위 : 원):1=20.52; separate:희석주당이익(손실) (단위 : 원):0=320.92; separate:희석주당이익(손실) (단위 : 원):1=16.23
20250515000144	01419205	2025	Q1	separate:기본주당이익(손실) (단위 : 원):0=72.38; separate:기본주당이익(손실) (단위 : 원):1=4.76; separate:희석주당이익(손실) (단위 : 원):0=69.83; separate:희석주당이익(손실) (단위 : 원):1=4.63
20250515000405	00627029	2025	Q1	separate:기본주당이익(손실) (단위 : 원):0=-27.14; separate:기본주당이익(손실) (단위 : 원):1=6.45; separate:희석주당이익(손실) (단위 : 원):0=-27.14; separate:희석주당이익(손실) (단위 : 원):1=6.45
20250515000422	00170026	2025	Q1	separate:기본주당이익(손실) (단위 : 원):0=244.15; separate:기본주당이익(손실) (단위 : 원):1=18.38; separate:희석주당이익(손실) (단위 : 원):0=244.15; separate:희석주당이익(손실) (단위 : 원):1=18.38
20250515000504	00201432	2025	Q1	consolidated:기본주당이익(손실) (단위 : 원):0=-0.3; consolidated:희석주당이익(손실) (단위 : 원):0=-0.3
20250515000548	00131896	2025	Q1	consolidated:기본주당이익(손실) (단위 : 원):0=1424.68; consolidated:기본주당이익(손실) (단위 : 원):1=1196.05; consolidated:희석주당이익(손실) (단위 : 원):0=1424.68; consolidated:희석주당이익(손실) (단위 : 원):1=1196.05; separate:기본주당이익(손실) (단위 : 원):0=1063.40; separate:기본주당이익(손실) (단위 : 원):1=1108.99; separate:희석주당이익(손실) (단위 : 원):0=1063.40; separate:희석주당이익(손실) (단위 : 원):1=1108.99
20250515000555	01112700	2025	Q1	separate:계속영업 기본주당이익(손실) (단위 :0=-12.94; separate:계속영업 희석주당이익(손실) (단위 :0=-12.94
20250515000622	00204226	2025	Q1	consolidated:기본주당이익(손실) (단위 : 원):0=-0.24; consolidated:희석주당이익(손실) (단위 : 원):0=-0.24
20250515000632	00347716	2025	Q1	consolidated:기본주당순손실 (단위 : 원):0=-19.88; consolidated:기본주당순손실 (단위 : 원):1=-159.60; consolidated:계속영업기본주당손실 (단위 : 원):0=-19.88; consolidated:계속영업기본주당손실 (단위 : 원):1=-159.76; consolidated:중단영업기본주당이익 (단위 : 원):1=0.16; consolidated:희석주당순손실 (단위 : 원):0=-19.88; consolidated:희석주당순손실 (단위 : 원):1=-159.60; consolidated:계속영업희석주당손실 (단위 : 원):0=-19.88; consolidated:계속영업희석주당손실 (단위 : 원):1=-159.76; consolidated:중단영업희석주당이익 (단위 : 원):1=0.16; separate:기본주당순손실 (단위 : 원):0=-19.84; separate:기본주당순손실 (단위 : 원):1=-155.69; separate:희석주당순손실 (단위 : 원):0=-19.84; separate:희석주당순손실 (단위 : 원):1=-155.69
20250515000686	00145473	2025	Q1	separate:기본주당이익(손실) (단위 : 원):0=86.30; separate:기본주당이익(손실) (단위 : 원):1=118.20; separate:희석주당이익(손실) (단위 : 원):0=86.30; separate:희석주당이익(손실) (단위 : 원):1=118.20
20250515000693	00131850	2025	Q1	consolidated:기본주당이익(손실) (단위 : 원):0=6.86; consolidated:기본주당이익(손실) (단위 : 원):1=-13.87; consolidated:희석주당이익(손실) (단위 : 원):0=6.86; consolidated:희석주당이익(손실) (단위 : 원):1=-13.87; separate:기본주당이익(손실) (단위 : 원):0=13.16; separate:기본주당이익(손실) (단위 : 원):1=-31.35; separate:희석주당이익(손실) (단위 : 원):0=13.16; separate:희석주당이익(손실) (단위 : 원):1=-31.35
20250515000700	01311310	2025	Q1	consolidated:기본주당이익(손실) (단위 : 원):0=-16.80; consolidated:기본주당이익(손실) (단위 : 원):1=28.69; consolidated:희석주당이익(손실) (단위 : 원):0=-16.80; consolidated:희석주당이익(손실) (단위 : 원):1=28.69; separate:기본주당이익(손실) (단위 : 원):0=-13.64; separate:기본주당이익(손실) (단위 : 원):1=28.69; separate:희석주당이익(손실) (단위 : 원):0=-13.64; separate:희석주당이익(손실) (단위 : 원):1=28.69
20250515000768	00220109	2025	Q1	consolidated:기본주당이익(손실) (단위 : 원):0=-38.30; consolidated:기본주당이익(손실) (단위 : 원):1=-0.85; consolidated:희석주당이익(손실) (단위 : 원):0=-38.30; consolidated:희석주당이익(손실) (단위 : 원):1=-0.85; separate:기본주당이익(손실) (단위 : 원):0=-17.42; separate:기본주당이익(손실) (단위 : 원):1=1.66; separate:희석주당이익(손실) (단위 : 원):0=-17.42; separate:희석주당이익(손실) (단위 : 원):1=1.66
20250515000938	01353024	2025	Q1	consolidated:기본주당순이익 (단위 : 원):0=-1.08; consolidated:기본주당순이익 (단위 : 원):1=-1.83; consolidated:희석주당순이익 (단위 : 원):0=-1.08; consolidated:희석주당순이익 (단위 : 원):1=-1.83; separate:기본주당이익(손실) (단위 : 원):0=0.15; separate:기본주당이익(손실) (단위 : 원):1=-1.25; separate:희석주당이익(손실) (단위 : 원):0=0.15; separate:희석주당이익(손실) (단위 : 원):1=-1.25
20250515000943	00136457	2025	Q1	consolidated:기본주당손실 (단위 : 원):0=-24.7; consolidated:기본주당손실 (단위 : 원):1=-20.7; consolidated:희석주당손실 (단위 : 원):0=-24.7; consolidated:희석주당손실 (단위 : 원):1=-20.7; separate:기본주당손실 (단위 : 원):0=-23.8; separate:기본주당손실 (단위 : 원):1=-20.5; separate:희석주당손실 (단위 : 원):0=-23.8; separate:희석주당손실 (단위 : 원):1=-20.5
20250515001029	00130879	2025	Q1	separate:기본주당이익(손실) (단위 : 원):0=-2.13; separate:기본주당이익(손실) (단위 : 원):1=-1.51; separate:희석주당이익(손실) (단위 : 원):0=-2.13; separate:희석주당이익(손실) (단위 : 원):1=-1.59
20250515001108	01806951	2025	Q1	consolidated:기본주당이익(손실) (단위 : 원):0=230.82; consolidated:기본주당이익(손실) (단위 : 원):1=196.32; consolidated:희석주당이익(손실) (단위 : 원):0=229.21; consolidated:희석주당이익(손실) (단위 : 원):1=195.86; separate:기본주당이익(손실) (단위 : 원):0=212.17; separate:기본주당이익(손실) (단위 : 원):1=203.95; separate:희석주당이익(손실) (단위 : 원):0=210.68; separate:희석주당이익(손실) (단위 : 원):1=203.45
20250515001177	00138516	2025	Q1	consolidated:기본주당이익(손실) (단위 : USD:0=0.02; consolidated:기본주당이익(손실) (단위 : USD:1=0.01; consolidated:계속영업기본주당이익(손실) (단위 ::0=0.02; consolidated:계속영업기본주당이익(손실) (단위 ::1=0.01; consolidated:희석주당이익(손실) (단위 : USD:0=0.02; consolidated:희석주당이익(손실) (단위 : USD:1=0.01; consolidated:계속영업희석주당이익(손실) (단위 ::0=0.02; consolidated:계속영업희석주당이익(손실) (단위 ::1=0.01; separate:기본주당이익(손실) (단위 : USD:0=0.02; separate:기본주당이익(손실) (단위 : USD:1=0.01; separate:계속영업기본주당이익(손실) (단위 ::0=0.02; separate:계속영업기본주당이익(손실) (단위 ::1=0.01; separate:희석주당이익(손실) (단위 : USD:0=0.02; separate:희석주당이익(손실) (단위 : USD:1=0.01; separate:계속영업희석주당이익(손실) (단위 ::0=0.02; separate:계속영업희석주당이익(손실) (단위 ::1=0.01
20250515001225	00264228	2025	Q1	consolidated:기본주당이익(손실) (단위 : 원):0=6.7; consolidated:기본주당이익(손실) (단위 : 원):1=0.5; consolidated:희석주당이익(손실) (단위 : 원):0=6.7; consolidated:희석주당이익(손실) (단위 : 원):1=0.5
20250515001319	00138598	2025	Q1	consolidated:기본주당이익(손실) (단위 : 원):0=69.18; consolidated:기본주당이익(손실) (단위 : 원):1=-26.02; consolidated:희석주당이익(손실) (단위 : 원):0=69.18; separate:기본주당이익(손실) (단위 : 원):0=75.10; separate:기본주당이익(손실) (단위 : 원):1=16.40; separate:희석주당이익(손실) (단위 : 원):0=75.10; separate:희석주당이익(손실) (단위 : 원):1=16.34
20250515001340	00620558	2025	Q1	consolidated:기본주당이익(손실) (단위 : 원):0=-11.46; consolidated:기본주당이익(손실) (단위 : 원):1=-2.54; consolidated:희석주당이익(손실) (단위 : 원):0=-11.46; consolidated:희석주당이익(손실) (단위 : 원):1=-2.54; separate:기본주당이익(손실) (단위 : 원):0=-5.19; separate:기본주당이익(손실) (단위 : 원):1=0.16; separate:희석주당이익(손실) (단위 : 원):0=-5.19; separate:희석주당이익(손실) (단위 : 원):1=0.16
20250515001389	00351427	2025	Q1	consolidated:기본주당이익(손실) (단위 : 원) :0=-278.40; consolidated:기본주당이익(손실) (단위 : 원) :1=-145.60; consolidated:희석주당이익(손실) (단위 : 원) :0=-277.30; consolidated:희석주당이익(손실) (단위 : 원) :1=-145.60; separate:기본주당이익(손실) (단위 : 원) :0=-278.40; separate:기본주당이익(손실) (단위 : 원) :1=-145.60; separate:희석주당이익(손실) (단위 : 원) :0=-277.30; separate:희석주당이익(손실) (단위 : 원) :1=-145.60
20250515001446	00267942	2025	Q1	separate:기본주당순이익 (단위 : 원):0=2.10; separate:기본주당순이익 (단위 : 원):1=1.10; separate:희석주당순이익 (단위 : 원):0=2.10; separate:희석주당순이익 (단위 : 원):1=1.10
20250515001509	00233653	2025	Q1	consolidated:(1)보통주기본주당이익(손실) (단위:0=39.81; consolidated:(1)보통주기본주당이익(손실) (단위:1=0.06; consolidated:1.계속영업기본주당이익(손실) - 보:0=39.81; consolidated:1.계속영업기본주당이익(손실) - 보:1=0.06
20250515001595	00260879	2025	Q1	consolidated:중단영업기본주당이익(손실) (단위 ::0=-0.2; consolidated:중단영업희석주당이익(손실) (단위 ::0=-0.2
20250515001655	00155586	2025	Q1	separate:기본주당이익(손실) (단위 : 원):0=0.05; separate:기본주당이익(손실) (단위 : 원):1=0.94; separate:희석주당이익(손실) (단위 : 원):0=0.05; separate:희석주당이익(손실) (단위 : 원):1=0.94
20250515001675	01043853	2025	Q1	consolidated:기본주당이익(손실) (단위 : 원):0=-424.95; consolidated:기본주당이익(손실) (단위 : 원):1=-13.27; consolidated:희석주당이익(손실) (단위 : 원):0=-424.95; consolidated:희석주당이익(손실) (단위 : 원):1=-45.32; separate:기본주당이익(손실) (단위 : 원):0=-382.27; separate:기본주당이익(손실) (단위 : 원):1=-35.50; separate:희석주당이익(손실) (단위 : 원):0=-382.27; separate:희석주당이익(손실) (단위 : 원):1=-62.55
20250515001788	01051065	2025	Q1	consolidated:기본주당이익(손실) (단위 : 원):0=-142.94; consolidated:기본주당이익(손실) (단위 : 원):1=-75.67; consolidated:계속영업기본주당이익(손실) (단위 ::0=-143.03; consolidated:계속영업기본주당이익(손실) (단위 ::1=-63.26; consolidated:중단영업기본주당이익(손실) (단위 ::0=0.09; consolidated:중단영업기본주당이익(손실) (단위 ::1=-12.41
20250515001810	00362159	2025	Q1	consolidated:희석주당이익(손실) (단위 : 원):0=-77.32; separate:기본주당이익(손실) (단위 : 원):0=-27.06; separate:기본주당이익(손실) (단위 : 원):1=-9.70; separate:희석주당이익(손실) (단위 : 원):0=-27.06; separate:희석주당이익(손실) (단위 : 원):1=-12.79
20250515001876	00666204	2025	Q1	consolidated:기본주당이익(손실) (단위 : 원):0=-140.1; consolidated:기본주당이익(손실) (단위 : 원):1=65.8; separate:기본주당이익(손실) (단위 : 원):0=-124.3; separate:기본주당이익(손실) (단위 : 원):1=73.5
20250515001990	00149804	2025	Q1	consolidated:계속영업기본주당이익(손실) (단위 ::0=32.6; consolidated:계속영업희석주당이익(손실) (단위 ::0=27.7; separate:기본주당이익(손실) (단위 : 원):0=109.20; separate:기본주당이익(손실) (단위 : 원):1=182.20; separate:희석주당이익(손실) (단위 : 원):0=88.40; separate:희석주당이익(손실) (단위 : 원):1=182.20
20250515002071	00339072	2025	Q1	separate:기본주당이익(손실) (단위 : 원):0=4.70; separate:희석주당이익(손실) (단위 : 원):0=4.70
20250515002096	01109715	2025	Q1	consolidated:기본주당이익(손실) (단위 : 원):0=-12.80; consolidated:희석주당이익(손실) (단위 : 원):0=-12.80
20250515002133	00131939	2025	Q1	consolidated:기본주당이익(손실) (단위 : 원):0=-177.80
20250515002443	00136165	2025	Q1	consolidated:기본 및 희석주당손익 (단위 : 원):0=0.2
20250515002521	00231044	2025	Q1	consolidated:기본주당이익(손실) (단위 : 원):0=-23.59; consolidated:기본주당이익(손실) (단위 : 원):1=-0.96; consolidated:희석주당이익(손실) (단위 : 원):0=-23.59; consolidated:희석주당이익(손실) (단위 : 원):1=-0.96; separate:기본주당이익(손실) (단위 : 원):0=-12.47; separate:기본주당이익(손실) (단위 : 원):1=1.93; separate:희석주당이익(손실) (단위 : 원):0=-12.47; separate:희석주당이익(손실) (단위 : 원):1=1.93
20250515002609	00350020	2025	Q1	separate:기본주당이익(손실) (단위 : 원):0=2.4; separate:기본주당이익(손실) (단위 : 원):1=2.9; separate:희석주당이익(손실) (단위 : 원):0=2.4; separate:희석주당이익(손실) (단위 : 원):1=2.9
20250515002625	00526678	2025	Q1	separate:기본주당이익(손실) (단위 : 원):0=22.10; separate:기본주당이익(손실) (단위 : 원):1=0.60
20250515002671	00442835	2025	Q1	consolidated:기본주당이익(손실) (단위 : 원):0=-2.90; consolidated:계속영업기본주당이익(손실) (단위 ::0=-2.90; consolidated:희석주당이익(손실) (단위 : 원):0=-2.90; consolidated:계속영업희석주당이익(손실) (단위 ::0=-2.90; separate:계속영업기본주당이익(손실) (단위 ::0=-39.28; separate:계속영업희석주당이익(손실) (단위 ::0=-39.28
20250515002701	00205687	2025	Q1	separate:보통주기본주당계속영업손익 (단위 : :0=10.41; separate:보통주희석주당계속영업손익 (단위 : :0=10.41; separate:보통주기본주당손익 (단위 : 원):0=10.41; separate:보통주희석주당손익 (단위 : 원):0=10.41
20250515002755	00117276	2025	Q1	consolidated:기본주당이익(손실) (단위 : 원):0=-19.27; consolidated:기본주당이익(손실) (단위 : 원):1=2.60; consolidated:희석주당이익(손실) (단위 : 원):0=-19.27; consolidated:희석주당이익(손실) (단위 : 원):1=2.60; separate:기본주당이익(손실) (단위 : 원):0=-16.54; separate:기본주당이익(손실) (단위 : 원):1=4.02; separate:희석주당이익(손실) (단위 : 원):0=-16.54; separate:희석주당이익(손실) (단위 : 원):1=4.02
20250515002765	00153524	2025	Q1	consolidated:기본주당이익(손실) (단위 : 원) :0=-0.06; consolidated:기본주당이익(손실) (단위 : 원) :1=-0.03; separate:기본주당이익(손실) (단위 : 원) :0=-0.07; separate:기본주당이익(손실) (단위 : 원) :1=-0.04
20250515002812	00552859	2025	Q1	consolidated:계속영업기본주당이익(손실) (단위 ::0=-54.32; consolidated:계속영업기본주당이익(손실) (단위 ::1=1.17; consolidated:보통주기본주당이익(손실) (단위 : :1=-2.31; consolidated:계속영업희석주당이익(손실) (단위 ::0=-54.32; consolidated:계속영업희석주당이익(손실) (단위 ::1=1.17; consolidated:보통주희석주당이익(손실) (단위 : :1=-2.31; separate:계속영업기본주당이익(손실) (단위 ::0=-10.67; separate:계속영업기본주당이익(손실) (단위 ::1=42.24; separate:중단영업기본주당이익(손실) (단위 ::1=-2.31; separate:계속영업희석주당이익(손실) (단위 ::0=-10.67; separate:계속영업희석주당이익(손실) (단위 ::1=42.24; separate:중단영업희석주당이익(손실) (단위 ::1=-2.31
20250515002880	00615723	2025	Q1	consolidated:기본주당이익(손실) (단위 : 원):0=0.57; consolidated:희석주당이익(손실) (단위 : 원):0=0.57
20250523000505	00367400	2025	Q1	consolidated:기본 및 희석 주당이익 (단위 : 원:0=4.13; consolidated:기본 및 희석 주당이익 (단위 : 원:1=80.76; separate:기본주당이익(손실) (단위 : 원):0=4.94; separate:기본주당이익(손실) (단위 : 원):1=82.20
20250530002530	01370517	2025	Q1	consolidated:기본주당이익(손실) (단위 : 원):0=-1399.07; consolidated:기본주당이익(손실) (단위 : 원):1=-1386.25; consolidated:희석주당이익(손실) (단위 : 원):0=-1399.07; consolidated:희석주당이익(손실) (단위 : 원):1=-1386.25; separate:기본주당이익(손실) (단위 : 원):0=-1425.44; separate:기본주당이익(손실) (단위 : 원):1=-1462.65; separate:희석주당이익(손실) (단위 : 원):0=-1425.44; separate:희석주당이익(손실) (단위 : 원):1=-1462.65
20250602000416	01353024	2024	FY	consolidated:기본주당이익(손실) (단위 : 원):0=-48.15; consolidated:기본주당이익(손실) (단위 : 원):1=-30.31; consolidated:희석주당이익(손실) (단위 : 원):0=-48.15; consolidated:희석주당이익(손실) (단위 : 원):1=-30.31
20250618000187	00490090	2025	FY	consolidated:기본주당이익(손실) (단위 : 원):0=341.13; consolidated:희석주당이익(손실) (단위 : 원):0=341.13; separate:기본주당이익(손실) (단위 : 원):0=168.17; separate:희석주당이익(손실) (단위 : 원):0=168.17
20250704000480	00101752	2024	FY	consolidated:기본주당이익(손실) (단위 : 원):0=433.14; consolidated:기본주당이익(손실) (단위 : 원):1=420.10; consolidated:희석주당이익(손실) (단위 : 원):0=433.14; consolidated:희석주당이익(손실) (단위 : 원):1=420.10; separate:기본주당이익(손실) (단위 : 원):0=372.46; separate:희석주당이익(손실) (단위 : 원):0=372.46
20250811000331	00138516	2025	H1	consolidated:기본주당이익(손실) (단위 : USD:0=0.03; consolidated:기본주당이익(손실) (단위 : USD:1=0.03; consolidated:계속영업기본주당이익(손실) (단위 ::0=0.03; consolidated:계속영업기본주당이익(손실) (단위 ::1=0.03; consolidated:희석주당이익(손실) (단위 : USD:0=0.03; consolidated:희석주당이익(손실) (단위 : USD:1=0.03; consolidated:계속영업희석주당이익(손실) (단위 ::0=0.03; consolidated:계속영업희석주당이익(손실) (단위 ::1=0.03; separate:기본주당이익(손실) (단위 : USD:0=0.03; separate:기본주당이익(손실) (단위 : USD:1=0.03; separate:계속영업기본주당이익(손실) (단위 ::0=0.03; separate:계속영업기본주당이익(손실) (단위 ::1=0.03; separate:희석주당이익(손실) (단위 : USD:0=0.03; separate:희석주당이익(손실) (단위 : USD:1=0.03; separate:계속영업희석주당이익(손실) (단위 ::0=0.03; separate:계속영업희석주당이익(손실) (단위 ::1=0.03
20250811000389	01462605	2025	Q1	consolidated:기본주당이익(손실) (단위 : 원) :0=-15.9; consolidated:기본주당이익(손실) (단위 : 원) :1=30.3; consolidated:희석주당이익(손실) (단위 : 원) :0=-15.9; consolidated:희석주당이익(손실) (단위 : 원) :1=30.3; separate:기본주당이익(손실) (단위 : 원) :0=-14.8; separate:기본주당이익(손실) (단위 : 원) :1=33.5; separate:희석주당이익(손실) (단위 : 원) :0=-14.8; separate:희석주당이익(손실) (단위 : 원) :1=33.5
20250812000680	00108746	2024	FY	consolidated:기본주당이익(손실) (단위 : 원):0=9.80; consolidated:기본주당이익(손실) (단위 : 원):1=54.40; consolidated:계속영업기본주당이익(손실) (단위 ::0=9.80; consolidated:계속영업기본주당이익(손실) (단위 ::1=54.40; consolidated:희석주당이익(손실) (단위 : 원):0=9.80; consolidated:희석주당이익(손실) (단위 : 원):1=54.40; consolidated:계속영업희석주당이익(손실) (단위 ::0=9.80; consolidated:계속영업희석주당이익(손실) (단위 ::1=54.40; separate:기본주당이익(손실) (단위 : 원):0=9.8; separate:기본주당이익(손실) (단위 : 원):1=54.40; separate:계속영업기본주당이익(손실) (단위 ::0=9.8; separate:계속영업기본주당이익(손실) (단위 ::1=54.4; separate:희석주당이익(손실) (단위 : 원):0=9.8; separate:희석주당이익(손실) (단위 : 원):1=54.4; separate:계속영업희석주당이익(손실) (단위 ::0=9.8; separate:계속영업희석주당이익(손실) (단위 ::1=54.4
20250813000705	00120906	2025	H1	separate:기본주당이익(손실) (단위 : 원):0=-4.88; separate:기본주당이익(손실) (단위 : 원):1=-21.81; separate:희석주당이익(손실) (단위 : 원):0=-4.88; separate:희석주당이익(손실) (단위 : 원):1=-21.81
20250813001451	00267942	2025	H1	separate:기본주당순이익 (단위 : 원):0=4.70; separate:기본주당순이익 (단위 : 원):1=27.80; separate:희석주당순이익 (단위 : 원):0=4.70; separate:희석주당순이익 (단위 : 원):1=27.80
20250813001532	01113499	2025	H1	consolidated:기본주당이익(손실) (단위 : 원):0=-100.50; consolidated:기본주당이익(손실) (단위 : 원):1=-152.10; consolidated:희석주당이익(손실) (단위 : 원):0=-100.50; consolidated:희석주당이익(손실) (단위 : 원):1=-152.10; separate:기본주당이익(손실) (단위 : 원):0=-89.50; separate:기본주당이익(손실) (단위 : 원):1=-152.10; separate:희석주당이익(손실) (단위 : 원):0=-89.50; separate:희석주당이익(손실) (단위 : 원):1=-152.10
20250813001551	00164618	2025	H1	consolidated:계속영업기본주당이익(손실)  (단위 :0=15.2; consolidated:계속영업기본주당이익(손실)  (단위 :1=4.9; consolidated:중단영업기본주당이익(손실)  (단위 :1=139.1; consolidated:계속영업희석주당이익(손실) (단위 ::0=15.2; consolidated:계속영업희석주당이익(손실) (단위 ::1=4.4; consolidated:중단영업희석주당이익(손실) (단위 ::1=129.9; separate:계속영업기본주당이익(손실) (단위 ::0=15.5; separate:계속영업기본주당이익(손실) (단위 ::1=4.9; separate:중단영업기본주당이익(손실) (단위 ::1=139.1; separate:계속영업희석주당이익(손실) (단위 ::0=15.5; separate:계속영업희석주당이익(손실) (단위 ::1=4.4; separate:중단영업희석주당이익(손실) (단위 ::1=129.9
20250813001586	00136165	2025	H1	consolidated:기본 및 희석주당손익 (단위 : 원):0=-14.56; consolidated:기본 및 희석주당손익 (단위 : 원):1=-110.09; separate:기본 및 희석주당손익 (단위 : 원):0=32.52; separate:기본 및 희석주당손익 (단위 : 원):1=-34.79
20250813001630	01358463	2025	H1	consolidated:기본주당손익 (단위 : 원):0=46.20; consolidated:희석주당손익 (단위 : 원):0=46.20; separate:기본주당이익(손실) (단위 : 원):0=47.20; separate:희석주당이익(손실) (단위 : 원):0=47.20
20250813001634	01032486	2025	H1	consolidated:기본주당순이익 (단위 : USD):0=1.71; consolidated:기본주당순이익 (단위 : USD):1=2.77; consolidated:희석주당순이익 (단위 : USD):0=1.71; consolidated:희석주당순이익 (단위 : USD):1=2.77
20250814000284	01419205	2025	H1	separate:기본주당이익(손실) (단위 : 원):0=250.39; separate:기본주당이익(손실) (단위 : 원):1=100.07; separate:희석주당이익(손실) (단위 : 원):0=241.77; separate:희석주당이익(손실) (단위 : 원):1=95.33
20250814000911	01565364	2025	H1	consolidated:보통주 기본주당이익(손실):0=231.8; consolidated:보통주 기본주당이익(손실):1=228.8; consolidated:보통주 희석주당이익(손실):0=229.2; consolidated:보통주 희석주당이익(손실):1=133.1; separate:보통주 기본주당이익:0=143.2; separate:보통주 희석주당이익:0=142.6; separate:보통주 희석주당이익:1=89.6
20250814000960	00297095	2025	H1	consolidated:기본주당이익(손실) (단위 : 원):0=82.30; separate:기본주당이익(손실) (단위 : 원):0=222.2
20250814000979	00833064	2025	H1	separate:기본주당이익(손실) (단위 : 원):0=870.11; separate:희석주당이익(손실) (단위 : 원):0=855.97
20250814001067	01311310	2025	H1	consolidated:기본주당이익(손실) (단위 : 원):0=-33.39; consolidated:기본주당이익(손실) (단위 : 원):1=48.20; consolidated:희석주당이익(손실) (단위 : 원):0=-33.39; consolidated:희석주당이익(손실) (단위 : 원):1=48.20; separate:기본주당이익(손실) (단위 : 원):0=2.35; separate:기본주당이익(손실) (단위 : 원):1=48.20; separate:희석주당이익(손실) (단위 : 원):0=2.35; separate:희석주당이익(손실) (단위 : 원):1=48.20
20250814001098	00145473	2025	H1	separate:기본주당이익(손실) (단위 : 원):0=179.30; separate:기본주당이익(손실) (단위 : 원):1=200.20; separate:희석주당이익(손실) (단위 : 원):0=179.30; separate:희석주당이익(손실) (단위 : 원):1=200.20
20250814001334	00833064	2025	H1	separate:기본주당이익(손실) (단위 : 원):0=870.11; separate:희석주당이익(손실) (단위 : 원):0=855.97
20250814001520	00131896	2025	H1	consolidated:기본주당이익(손실) (단위 : 원):0=2643.65; consolidated:기본주당이익(손실) (단위 : 원):1=2397.80; consolidated:희석주당이익(손실) (단위 : 원):0=2643.65; consolidated:희석주당이익(손실) (단위 : 원):1=2397.80; separate:기본주당이익(손실) (단위 : 원):0=1307.54; separate:기본주당이익(손실) (단위 : 원):1=1715.58; separate:희석주당이익(손실) (단위 : 원):0=1307.54; separate:희석주당이익(손실) (단위 : 원):1=1715.58
20250814001524	00958451	2025	H1	separate:기본주당이익(손실) (단위 : 원):0=354.74; separate:기본주당이익(손실) (단위 : 원):1=149.75; separate:희석주당이익(손실) (단위 : 원):0=172.03; separate:희석주당이익(손실) (단위 : 원):1=148.12
20250814001672	01806951	2025	H1	consolidated:기본주당이익(손실) (단위 : 원):0=548.33; consolidated:기본주당이익(손실) (단위 : 원):1=361.64; consolidated:희석주당이익(손실) (단위 : 원):0=547.23; consolidated:희석주당이익(손실) (단위 : 원):1=360.75; separate:기본주당이익(손실) (단위 : 원):0=524.24; separate:기본주당이익(손실) (단위 : 원):1=391.31; separate:희석주당이익(손실) (단위 : 원):0=523.25; separate:희석주당이익(손실) (단위 : 원):1=390.31
20250814001689	00350020	2025	H1	consolidated:기본주당이익(손실) (단위 : 원):0=-25.7; consolidated:기본주당이익(손실) (단위 : 원):1=42.3; consolidated:희석주당이익(손실) (단위 : 원):0=-25.7; consolidated:희석주당이익(손실) (단위 : 원):1=42.3; separate:기본주당이익(손실) (단위 : 원):0=2.5; separate:기본주당이익(손실) (단위 : 원):1=15.8; separate:희석주당이익(손실) (단위 : 원):0=2.5; separate:희석주당이익(손실) (단위 : 원):1=15.8
20250814001718	00602172	2025	H1	consolidated:기본주당이익(손실) (단위 : 원):0=117.12; consolidated:기본주당이익(손실) (단위 : 원):1=-352.32; consolidated:희석주당이익(손실) (단위 : 원):0=117.12; consolidated:희석주당이익(손실) (단위 : 원):1=-352.32; separate:기본주당이익(손실) (단위 : 원):0=-20.51; separate:기본주당이익(손실) (단위 : 원):1=-554.97; separate:희석주당이익(손실) (단위 : 원):0=-20.51; separate:희석주당이익(손실) (단위 : 원):1=-554.97
20250814001738	00104573	2025	H1	consolidated:계속영업기본주당이익(손실) (단위 ::0=1.9; consolidated:계속영업기본주당이익(손실) (단위 ::1=0.3; consolidated:중단영업기본주당이익(손실) (단위 ::0=-0.1; consolidated:중단영업기본주당이익(손실) (단위 ::1=-2.8; consolidated:계속영업희석주당이익(손실) (단위 ::0=1.9; consolidated:계속영업희석주당이익(손실) (단위 ::1=0.3; consolidated:중단영업희석주당이익(손실) (단위 ::0=-0.1; consolidated:중단영업희석주당이익(손실) (단위 ::1=-2.8; separate:계속영업기본주당이익(손실) (단위 ::0=1.9; separate:계속영업기본주당이익(손실) (단위 ::1=0.3; separate:중단영업기본주당이익(손실) (단위 ::0=-0.1; separate:중단영업기본주당이익(손실) (단위 ::1=-2.8; separate:계속영업희석주당이익(손실) (단위 ::0=1.9; separate:계속영업희석주당이익(손실) (단위 ::1=0.3; separate:중단영업희석주당이익(손실) (단위 ::0=-0.1; separate:중단영업희석주당이익(손실) (단위 ::1=-2.8
20250814001797	00130879	2025	H1	separate:기본주당이익(손실) (단위 : 원):0=-3.02; separate:기본주당이익(손실) (단위 : 원):1=-2.89; separate:희석주당이익(손실) (단위 : 원):0=-3.02; separate:희석주당이익(손실) (단위 : 원):1=-2.89
20250814001803	00136457	2025	H1	consolidated:기본주당손실 (단위 : 원):0=-50.8; consolidated:기본주당손실 (단위 : 원):1=-28.2; consolidated:희석주당손실 (단위 : 원):0=-50.8; consolidated:희석주당손실 (단위 : 원):1=-28.2; separate:기본주당손실 (단위 : 원):0=-49.7; separate:기본주당손실 (단위 : 원):1=-27.3; separate:희석주당손실 (단위 : 원):0=-49.7; separate:희석주당손실 (단위 : 원):1=-27.3
20250814001964	01353024	2024	FY	consolidated:기본주당이익(손실) (단위 : 원):0=-48.15; consolidated:기본주당이익(손실) (단위 : 원):1=-30.31; consolidated:희석주당이익(손실) (단위 : 원):0=-48.15; consolidated:희석주당이익(손실) (단위 : 원):1=-30.31
20250814001976	00152729	2025	H1	consolidated:(1)기본주당이익 (단위 : 원):0=0.07; consolidated:(2)희석주당이익 (단위 : 원):0=0.07
20250814002214	01462605	2025	H1	consolidated:기본주당이익(손실) (단위 : 원) :0=17.1; consolidated:기본주당이익(손실) (단위 : 원) :1=55.7; consolidated:희석주당이익(손실) (단위 : 원) :0=17.1; consolidated:희석주당이익(손실) (단위 : 원) :1=55.7; separate:기본주당이익(손실) (단위 : 원) :0=15.3; separate:기본주당이익(손실) (단위 : 원) :1=59.9; separate:희석주당이익(손실) (단위 : 원) :0=15.3; separate:희석주당이익(손실) (단위 : 원) :1=59.9
20250814002315	00666204	2025	H1	consolidated:기본주당이익(손실) (단위 : 원):0=19.6; consolidated:기본주당이익(손실) (단위 : 원):1=515.1; separate:기본주당이익(손실) (단위 : 원):1=504.8
20250814002517	00146296	2025	H1	separate:기본주당이익(손실) (단위 : 원):0=1.65; separate:기본주당이익(손실) (단위 : 원):1=19.39; separate:희석주당이익(손실) (단위 : 원):0=1.65; separate:희석주당이익(손실) (단위 : 원):1=19.39
20250814002608	00339072	2025	H1	separate:기본주당이익(손실) (단위 : 원):0=23.21; separate:기본주당이익(손실) (단위 : 원):1=9.33; separate:희석주당이익(손실) (단위 : 원):0=23.21; separate:희석주당이익(손실) (단위 : 원):1=9.33
20250814002613	00144021	2025	H1	separate:기본주당이익(손실) (단위 : 원):0=-30.5; separate:기본주당이익(손실) (단위 : 원):1=-44.2; separate:희석주당이익(손실) (단위 : 원):0=-30.5; separate:희석주당이익(손실) (단위 : 원):1=-44.2
20250814002657	00347716	2024	FY	consolidated:기본주당순손실 (단위 : 원):0=-848.27; consolidated:기본주당순손실 (단위 : 원):1=-713.55; consolidated:기본주당순손실 (단위 : 원):2=-521.07; consolidated:계속영업기본주당손실 (단위 : 원):0=-846.99; consolidated:계속영업기본주당손실 (단위 : 원):1=-713.13; consolidated:계속영업기본주당손실 (단위 : 원):2=-510.20; consolidated:중단영업기본주당손실 (단위 : 원):0=-1.28; consolidated:중단영업기본주당손실 (단위 : 원):1=-0.42; consolidated:중단영업기본주당손실 (단위 : 원):2=-10.87; consolidated:희석주당순손실 (단위 : 원):0=-848.27; consolidated:희석주당순손실 (단위 : 원):1=-713.55; consolidated:희석주당순손실 (단위 : 원):2=-521.07; consolidated:계속영업희석주당손실 (단위 : 원):0=-846.99; consolidated:계속영업희석주당손실 (단위 : 원):1=-713.13; consolidated:계속영업희석주당손실 (단위 : 원):2=-510.20; consolidated:중단영업희석주당손실 (단위 : 원):0=-1.28; consolidated:중단영업희석주당손실 (단위 : 원):1=-0.42; consolidated:중단영업희석주당손실 (단위 : 원):2=-10.87; separate:기본주당순손실 (단위 : 원):0=-837.98; separate:기본주당순손실 (단위 : 원):1=-723.43; separate:기본주당순손실 (단위 : 원):2=-503.81; separate:희석주당순손실 (단위 : 원):0=-837.98; separate:희석주당순손실 (단위 : 원):1=-723.43; separate:희석주당순손실 (단위 : 원):2=-503.81
20250814002727	00347716	2025	H1	consolidated:기본주당순손실 (단위 : 원):0=-54.42; consolidated:기본주당순손실 (단위 : 원):1=-879.45; consolidated:계속영업기본주당손실 (단위 : 원):0=-54.42; consolidated:계속영업기본주당손실 (단위 : 원):1=-878.33; consolidated:중단영업기본주당이익(손실) (단위 ::1=-1.12; consolidated:희석주당순손실 (단위 : 원):0=-54.42; consolidated:희석주당순손실 (단위 : 원):1=-879.45; consolidated:계속영업희석주당손실 (단위 : 원):0=-54.42; consolidated:계속영업희석주당손실 (단위 : 원):1=-878.33; consolidated:중단영업희석주당이익(손실) (단위 ::1=-1.12; separate:기본주당순손실 (단위 : 원):0=-56.16; separate:기본주당순손실 (단위 : 원):1=-872.83; separate:희석주당순손실 (단위 : 원):0=-56.16; separate:희석주당순손실 (단위 : 원):1=-872.83
20250814002807	01043853	2025	H1	consolidated:기본주당이익(손실) (단위 : 원):0=-406.92; consolidated:기본주당이익(손실) (단위 : 원):1=-286.68; consolidated:희석주당이익(손실) (단위 : 원):0=-406.92; consolidated:희석주당이익(손실) (단위 : 원):1=-286.68; separate:기본주당이익(손실) (단위 : 원):0=-354.42; separate:기본주당이익(손실) (단위 : 원):1=-232.86; separate:희석주당이익(손실) (단위 : 원):0=-354.42; separate:희석주당이익(손실) (단위 : 원):1=-232.86
20250814003171	00131850	2025	H1	consolidated:기본주당이익(손실) (단위 : 원):0=37.76; consolidated:기본주당이익(손실) (단위 : 원):1=-128.42; consolidated:희석주당이익(손실) (단위 : 원):0=37.76; consolidated:희석주당이익(손실) (단위 : 원):1=-128.42; separate:기본주당이익(손실) (단위 : 원):0=15.63; separate:기본주당이익(손실) (단위 : 원):1=-83.89; separate:희석주당이익(손실) (단위 : 원):0=15.63; separate:희석주당이익(손실) (단위 : 원):1=-83.89
20250814003174	00101752	2025	H1	consolidated:기본주당이익(손실) (단위 : 원):0=301.53; consolidated:기본주당이익(손실) (단위 : 원):1=297.27; consolidated:희석주당이익(손실) (단위 : 원):0=301.53; consolidated:희석주당이익(손실) (단위 : 원):1=297.27; separate:기본주당이익(손실) (단위 : 원):0=256.29; separate:기본주당이익(손실) (단위 : 원):1=244.28; separate:희석주당이익(손실) (단위 : 원):0=256.29; separate:희석주당이익(손실) (단위 : 원):1=244.28
20250814003274	01327092	2025	H1	consolidated:기본주당이익(손실) (단위 : 원):0=-434.66; consolidated:기본주당이익(손실) (단위 : 원):1=-358.18; consolidated:희석주당이익(손실) (단위 : 원):0=-434.66; consolidated:희석주당이익(손실) (단위 : 원):1=-358.18; separate:기본주당이익(손실) (단위 : 원):0=-436.31; separate:기본주당이익(손실) (단위 : 원):1=-356.76; separate:희석주당이익(손실) (단위 : 원):0=-436.31; separate:희석주당이익(손실) (단위 : 원):1=-356.76
20250814003431	00185046	2025	H1	consolidated:기본주당이익(손실) (단위 : 원):0=-28.7; consolidated:기본주당이익(손실) (단위 : 원):1=31.1; consolidated:희석주당이익(손실) (단위 : 원):0=-28.7; consolidated:희석주당이익(손실) (단위 : 원):1=31.1; separate:기본주당이익(손실) (단위 : 원):0=-28.2; separate:기본주당이익(손실) (단위 : 원):1=31.2; separate:희석주당이익(손실) (단위 : 원):0=-28.2; separate:희석주당이익(손실) (단위 : 원):1=31.2
20250814003621	00153524	2025	H1	consolidated:기본주당이익(손실) (단위 : 원) :0=-0.05; consolidated:기본주당이익(손실) (단위 : 원) :1=-0.03; separate:기본주당이익(손실) (단위 : 원) :0=-0.07; separate:기본주당이익(손실) (단위 : 원) :1=0.12
20250814003701	00442835	2025	H1	consolidated:기본주당이익(손실) (단위 : 원):0=-277.31; consolidated:계속영업기본주당이익(손실) (단위 ::0=-277.31; consolidated:희석주당이익(손실) (단위 : 원):0=-277.31; consolidated:계속영업희석주당이익(손실) (단위 ::0=-277.31; separate:계속영업기본주당이익(손실) (단위 ::0=-80.13; separate:계속영업희석주당이익(손실) (단위 ::0=-80.13
20250814003822	00526678	2025	H1	separate:기본주당이익(손실) (단위 : 원):0=54.60; separate:기본주당이익(손실) (단위 : 원):1=66.50
20250814003856	00231044	2025	H1	consolidated:기본주당이익(손실) (단위 : 원):0=109.48; consolidated:기본주당이익(손실) (단위 : 원):1=-6.87; consolidated:희석주당이익(손실) (단위 : 원):0=0.34; consolidated:희석주당이익(손실) (단위 : 원):1=-6.87; separate:기본주당이익(손실) (단위 : 원):0=122.41; separate:기본주당이익(손실) (단위 : 원):1=-2.80; separate:희석주당이익(손실) (단위 : 원):0=12.36; separate:희석주당이익(손실) (단위 : 원):1=-2.80
20250814003857	00108746	2025	H1	consolidated:기본주당이익(손실) (단위 : 원):0=-0.4; consolidated:기본주당이익(손실) (단위 : 원):1=8.4; consolidated:희석주당이익(손실) (단위 : 원):0=-0.40; consolidated:희석주당이익(손실) (단위 : 원):1=8.4; separate:기본주당이익(손실) (단위 : 원):0=-0.4; separate:기본주당이익(손실) (단위 : 원):1=8.4; separate:희석주당이익(손실) (단위 : 원):0=-0.4; separate:희석주당이익(손실) (단위 : 원):1=8.4
20250814003873	01693922	2025	H1	separate:기본주당이익(손실) (단위 : 원):0=10.36; separate:기본주당이익(손실) (단위 : 원):1=19.32; separate:희석주당이익(손실) (단위 : 원):0=10.36; separate:희석주당이익(손실) (단위 : 원):1=19.15
20250814004113	00220109	2025	H1	consolidated:기본주당이익(손실) (단위 : 원):0=-74.91; consolidated:기본주당이익(손실) (단위 : 원):1=-310.12; consolidated:희석주당이익(손실) (단위 : 원):0=-74.91; consolidated:희석주당이익(손실) (단위 : 원):1=-310.12; separate:기본주당이익(손실) (단위 : 원):0=-16.91; separate:기본주당이익(손실) (단위 : 원):1=-189.95; separate:희석주당이익(손실) (단위 : 원):0=-16.91; separate:희석주당이익(손실) (단위 : 원):1=-189.95
20250814004135	00158219	2025	H1	consolidated:기본주당이익(손실) (단위 : 원):0=-161.83; consolidated:기본주당이익(손실) (단위 : 원):1=-125.46; consolidated:희석주당이익(손실) (단위 : 원):0=-161.83; consolidated:희석주당이익(손실) (단위 : 원):1=-125.46; separate:기본주당이익(손실) (단위 : 원):0=-162.94; separate:기본주당이익(손실) (단위 : 원):1=-123.86; separate:희석주당이익(손실) (단위 : 원):0=-162.94; separate:희석주당이익(손실) (단위 : 원):1=-123.86
20250814004226	00117276	2025	H1	consolidated:기본주당이익(손실) (단위 : 원):0=-29.63; consolidated:기본주당이익(손실) (단위 : 원):1=22.66; consolidated:희석주당이익(손실) (단위 : 원):0=-29.63; consolidated:희석주당이익(손실) (단위 : 원):1=22.66; separate:기본주당이익(손실) (단위 : 원):0=-23.94; separate:기본주당이익(손실) (단위 : 원):1=25.54; separate:희석주당이익(손실) (단위 : 원):0=-23.94; separate:희석주당이익(손실) (단위 : 원):1=25.54
20250814004229	00800145	2025	H1	separate:기본주당이익(손실) (단위 : 원):0=-122.79; separate:기본주당이익(손실) (단위 : 원):1=11.59; separate:희석주당이익(손실) (단위 : 원):0=-122.79; separate:희석주당이익(손실) (단위 : 원):1=11.59
20250814004338	00155586	2025	H1	consolidated:기본주당이익(손실) (단위 : 원):0=-134.70; consolidated:희석주당이익(손실) (단위 : 원):0=-134.70; separate:기본주당이익(손실) (단위 : 원):0=1.93; separate:희석주당이익(손실) (단위 : 원):0=1.93
20250814004412	00620558	2025	H1	consolidated:기본주당이익(손실) (단위 : 원):0=-167.31; consolidated:기본주당이익(손실) (단위 : 원):1=-6.75; consolidated:희석주당이익(손실) (단위 : 원):0=-167.31; consolidated:희석주당이익(손실) (단위 : 원):1=-6.75; separate:기본주당이익(손실) (단위 : 원):0=-153.21; separate:기본주당이익(손실) (단위 : 원):1=4.28; separate:희석주당이익(손실) (단위 : 원):0=-153.21; separate:희석주당이익(손실) (단위 : 원):1=4.28
20250818000043	00155586	2025	H1	consolidated:기본주당이익(손실) (단위 : 원):0=-134.70; consolidated:희석주당이익(손실) (단위 : 원):0=-134.70; separate:기본주당이익(손실) (단위 : 원):0=1.93; separate:희석주당이익(손실) (단위 : 원):0=1.93
20250819000175	00204226	2025	Q1	consolidated:기본주당이익(손실) (단위 : 원):0=-10.14; consolidated:희석주당이익(손실) (단위 : 원):0=-24.58
20250822000143	00800145	2025	H1	separate:기본주당이익(손실) (단위 : 원):0=-122.79; separate:기본주당이익(손실) (단위 : 원):1=11.59; separate:희석주당이익(손실) (단위 : 원):0=-122.79; separate:희석주당이익(손실) (단위 : 원):1=11.59
20250829001958	01370517	2025	H1	consolidated:기본주당이익(손실) (단위 : 원):0=-2162.35; consolidated:기본주당이익(손실) (단위 : 원):1=-2225.27; consolidated:희석주당이익(손실) (단위 : 원):0=-2162.35; consolidated:희석주당이익(손실) (단위 : 원):1=-2225.27; separate:기본주당이익(손실) (단위 : 원):0=-2205.21; separate:기본주당이익(손실) (단위 : 원):1=-2244.56; separate:희석주당이익(손실) (단위 : 원):0=-2205.21; separate:희석주당이익(손실) (단위 : 원):1=-2244.56
20251001000321	00101752	2024	FY	consolidated:기본주당이익(손실) (단위 : 원):0=433.14; consolidated:기본주당이익(손실) (단위 : 원):1=420.10; consolidated:희석주당이익(손실) (단위 : 원):0=433.14; consolidated:희석주당이익(손실) (단위 : 원):1=420.10; separate:기본주당이익(손실) (단위 : 원):0=372.46; separate:희석주당이익(손실) (단위 : 원):0=372.46
20251112000375	00958451	2025	Q3	separate:기본주당이익(손실) (단위 : 원):0=354.74; separate:기본주당이익(손실) (단위 : 원):1=165.34; separate:희석주당이익(손실) (단위 : 원):0=172.03; separate:희석주당이익(손실) (단위 : 원):1=163.47
20251112000405	00235183	2025	Q3	consolidated:기본주당이익(손실) (단위 : 원):0=-21.81; consolidated:기본주당이익(손실) (단위 : 원):1=-132.61; consolidated:희석주당이익(손실) (단위 : 원):0=-21.81; consolidated:희석주당이익(손실) (단위 : 원):1=-132.61; separate:기본주당이익(손실) (단위 : 원):0=-26.42; separate:기본주당이익(손실) (단위 : 원):1=-110.44; separate:희석주당이익(손실) (단위 : 원):0=-26.42; separate:희석주당이익(손실) (단위 : 원):1=-110.44
20251113000282	00101752	2025	Q3	consolidated:기본주당이익(손실) (단위 : 원):0=527.14; consolidated:기본주당이익(손실) (단위 : 원):1=429.40; consolidated:희석주당이익(손실) (단위 : 원):0=527.14; consolidated:희석주당이익(손실) (단위 : 원):1=429.40; separate:기본주당이익(손실) (단위 : 원):0=399.54; separate:기본주당이익(손실) (단위 : 원):1=360.42; separate:희석주당이익(손실) (단위 : 원):0=399.54; separate:희석주당이익(손실) (단위 : 원):1=360.42
20251113000498	01462605	2025	Q3	consolidated:기본주당이익(손실) (단위 : 원) :0=120.4; consolidated:기본주당이익(손실) (단위 : 원) :1=103.4; consolidated:희석주당이익(손실) (단위 : 원) :0=120.4; consolidated:희석주당이익(손실) (단위 : 원) :1=103.4; separate:기본주당이익(손실) (단위 : 원) :0=116.3; separate:기본주당이익(손실) (단위 : 원) :1=105.1; separate:희석주당이익(손실) (단위 : 원) :0=116.3; separate:희석주당이익(손실) (단위 : 원) :1=105.1
20251113000685	01032486	2025	Q3	consolidated:기본주당순이익 (단위 : USD):0=2.34; consolidated:기본주당순이익 (단위 : USD):1=3.24; consolidated:희석주당순이익 (단위 : USD):0=2.34; consolidated:희석주당순이익 (단위 : USD):1=3.24; separate:기본주당이익(손실) (단위 : 원):0=1839.31; separate:기본주당이익(손실) (단위 : 원):1=6559.21; separate:희석주당이익(손실) (단위 : 원):0=1838.32; separate:희석주당이익(손실) (단위 : 원):1=6554.13
20251113000782	01113499	2025	Q3	consolidated:기본주당이익(손실) (단위 : 원):0=-247.90; consolidated:기본주당이익(손실) (단위 : 원):1=-189.30; consolidated:희석주당이익(손실) (단위 : 원):0=-247.90; consolidated:희석주당이익(손실) (단위 : 원):1=-189.30; separate:기본주당이익(손실) (단위 : 원):0=-154.40; separate:기본주당이익(손실) (단위 : 원):1=-189.30; separate:희석주당이익(손실) (단위 : 원):0=-154.40; separate:희석주당이익(손실) (단위 : 원):1=-189.30
20251113000801	00104573	2025	Q3	consolidated:계속영업기본주당이익(손실) (단위 ::0=2.1; consolidated:계속영업기본주당이익(손실) (단위 ::1=0.2; consolidated:중단영업기본주당이익(손실) (단위 ::0=-0.6; consolidated:중단영업기본주당이익(손실) (단위 ::1=-4.4; consolidated:계속영업희석주당이익(손실) (단위 ::0=2.1; consolidated:계속영업희석주당이익(손실) (단위 ::1=0.2; consolidated:중단영업희석주당이익(손실) (단위 ::0=-0.6; consolidated:중단영업희석주당이익(손실) (단위 ::1=-4.4; separate:계속영업기본주당이익(손실) (단위 ::0=2.1; separate:계속영업기본주당이익(손실) (단위 ::1=0.2; separate:중단영업기본주당이익(손실) (단위 ::0=-0.6; separate:중단영업기본주당이익(손실) (단위 ::1=-4.4; separate:계속영업희석주당이익(손실) (단위 ::0=2.1; separate:계속영업희석주당이익(손실) (단위 ::1=0.2; separate:중단영업희석주당이익(손실) (단위 ::0=-0.6; separate:중단영업희석주당이익(손실) (단위 ::1=-4.4
20251113000867	00666204	2025	Q3	consolidated:기본주당이익(손실) (단위 : 원):0=16.97; consolidated:기본주당이익(손실) (단위 : 원):1=454.43; separate:기본주당이익(손실) (단위 : 원):0=2.11; separate:기본주당이익(손실) (단위 : 원):1=461.24
20251113000870	00155586	2025	Q3	consolidated:기본주당이익(손실) (단위 : 원):0=-201.75; consolidated:희석주당이익(손실) (단위 : 원):0=-201.75; separate:기본주당이익(손실) (단위 : 원):0=0.46; separate:희석주당이익(손실) (단위 : 원):0=0.46
20251113000930	00442835	2025	Q3	consolidated:기본주당이익(손실) (단위 : 원):0=-251.20; consolidated:기본주당이익(손실) (단위 : 원):1=230.45; consolidated:계속영업기본주당이익(손실) (단위 ::0=-251.20; consolidated:계속영업기본주당이익(손실) (단위 ::1=230.45; consolidated:희석주당이익(손실) (단위 : 원):0=-251.20; consolidated:희석주당이익(손실) (단위 : 원):1=230.45; consolidated:계속영업희석주당이익(손실) (단위 ::0=-251.20; consolidated:계속영업희석주당이익(손실) (단위 ::1=230.45
20251114000191	00170026	2025	Q3	separate:기본주당이익(손실) (단위 : 원):0=783.10; separate:기본주당이익(손실) (단위 : 원):1=82.63; separate:희석주당이익(손실) (단위 : 원):0=783.10; separate:희석주당이익(손실) (단위 : 원):1=82.63
20251114000386	00297095	2025	Q3	consolidated:기본주당이익(손실) (단위 : 원):0=469.80; separate:기본주당이익(손실) (단위 : 원):0=645.90
20251114000523	01419205	2025	Q3	separate:기본주당이익(손실) (단위 : 원):0=226.19; separate:기본주당이익(손실) (단위 : 원):1=126.60; separate:희석주당이익(손실) (단위 : 원):0=221.04; separate:희석주당이익(손실) (단위 : 원):1=121.22
20251114000530	00602172	2025	Q3	consolidated:기본주당이익(손실) (단위 : 원):0=172.14; consolidated:기본주당이익(손실) (단위 : 원):1=-238.78; consolidated:희석주당이익(손실) (단위 : 원):0=172.14; consolidated:희석주당이익(손실) (단위 : 원):1=-238.78; separate:기본주당이익(손실) (단위 : 원):0=-22.37; separate:기본주당이익(손실) (단위 : 원):1=329.50; separate:희석주당이익(손실) (단위 : 원):0=-22.37; separate:희석주당이익(손실) (단위 : 원):1=329.50
20251114000599	00946030	2025	Q3	consolidated:기본주당이익(손실) (단위 : 원):0=159.80; consolidated:희석주당이익(손실) (단위 : 원):0=159.50; separate:기본주당이익(손실) (단위 : 원):1=-397.70; separate:희석주당이익(손실) (단위 : 원):1=-397.70
20251114000678	00131850	2025	Q3	consolidated:기본주당이익(손실) (단위 : 원):0=82.83; consolidated:기본주당이익(손실) (단위 : 원):1=-125.11; consolidated:희석주당이익(손실) (단위 : 원):0=82.83; consolidated:희석주당이익(손실) (단위 : 원):1=-125.11; separate:기본주당이익(손실) (단위 : 원):0=31.40; separate:기본주당이익(손실) (단위 : 원):1=-65.69; separate:희석주당이익(손실) (단위 : 원):0=31.40; separate:희석주당이익(손실) (단위 : 원):1=-65.69
20251114000707	01353024	2025	Q3	consolidated:기본주당순이익 (단위 : 원):0=-13.82; consolidated:기본주당순이익 (단위 : 원):1=-7.65; consolidated:희석주당이익(손실) 합계 (단위 : :0=-13.82; consolidated:희석주당이익(손실) 합계 (단위 : :1=-9.74; separate:기본주당순이익 (단위 : 원):0=-8.40; separate:기본주당순이익 (단위 : 원):1=-6.80; separate:희석주당순이익 (단위 : 원):0=-8.40; separate:희석주당순이익 (단위 : 원):1=-6.80
20251114000725	00138516	2025	Q3	consolidated:기본주당이익(손실) (단위 : USD:0=0.04; consolidated:기본주당이익(손실) (단위 : USD:1=0.08; consolidated:계속영업기본주당이익(손실) (단위 ::0=0.04; consolidated:계속영업기본주당이익(손실) (단위 ::1=0.08; consolidated:희석주당이익(손실) (단위 : USD:0=0.04; consolidated:희석주당이익(손실) (단위 : USD:1=0.08; consolidated:계속영업희석주당이익(손실) (단위 ::0=0.04; consolidated:계속영업희석주당이익(손실) (단위 ::1=0.08; separate:기본주당이익(손실) (단위 : USD:0=0.04; separate:기본주당이익(손실) (단위 : USD:1=0.08; separate:계속영업기본주당이익(손실) (단위 ::0=0.04; separate:계속영업기본주당이익(손실) (단위 ::1=0.08; separate:희석주당이익(손실) (단위 : USD:0=0.04; separate:희석주당이익(손실) (단위 : USD:1=0.08; separate:계속영업희석주당이익(손실) (단위 ::0=0.04; separate:계속영업희석주당이익(손실) (단위 ::1=0.08
20251114000801	00131896	2025	Q3	consolidated:기본주당이익(손실) (단위 : 원):0=4384.81; consolidated:기본주당이익(손실) (단위 : 원):1=3711.65; consolidated:희석주당이익(손실) (단위 : 원):0=4384.81; consolidated:희석주당이익(손실) (단위 : 원):1=3711.65; separate:기본주당이익(손실) (단위 : 원):0=2188.26; separate:기본주당이익(손실) (단위 : 원):1=2506.44; separate:희석주당이익(손실) (단위 : 원):0=2188.26; separate:희석주당이익(손실) (단위 : 원):1=2506.44
20251114000851	00145473	2025	Q3	separate:기본주당이익(손실) (단위 : 원):0=213.70; separate:기본주당이익(손실) (단위 : 원):1=215.23; separate:희석주당이익(손실) (단위 : 원):0=213.70; separate:희석주당이익(손실) (단위 : 원):1=215.23
20251114000854	00808068	2025	Q3	separate:기본주당이익(손실) (단위 : 원):0=128.08; separate:희석주당이익(손실) (단위 : 원):0=126.83
20251114000918	00120906	2025	Q3	separate:기본주당이익(손실) (단위 : 원):0=-18.96; separate:기본주당이익(손실) (단위 : 원):1=-30.48; separate:희석주당이익(손실) (단위 : 원):0=-18.96; separate:희석주당이익(손실) (단위 : 원):1=-30.48
20251114001033	00136457	2025	Q3	consolidated:기본주당손실 (단위 : 원):0=-66.2; consolidated:기본주당손실 (단위 : 원):1=-48.6; consolidated:희석주당손실 (단위 : 원):0=-66.2; consolidated:희석주당손실 (단위 : 원):1=-48.6; separate:기본주당손실 (단위 : 원):0=-64.7; separate:기본주당손실 (단위 : 원):1=-46.7; separate:희석주당손실 (단위 : 원):0=-64.7; separate:희석주당손실 (단위 : 원):1=-46.7
20251114001183	01311310	2025	Q3	consolidated:기본주당이익(손실) (단위 : 원):0=-33.42; consolidated:기본주당이익(손실) (단위 : 원):1=43.06; consolidated:희석주당이익(손실) (단위 : 원):0=-33.42; consolidated:희석주당이익(손실) (단위 : 원):1=43.06; separate:기본주당이익(손실) (단위 : 원):0=3.19; separate:기본주당이익(손실) (단위 : 원):1=40.14; separate:희석주당이익(손실) (단위 : 원):0=3.19; separate:희석주당이익(손실) (단위 : 원):1=40.14
20251114001250	00130879	2025	Q3	separate:기본주당이익(손실) (단위 : 원):0=-4.14; separate:기본주당이익(손실) (단위 : 원):1=-5.06; separate:희석주당이익(손실) (단위 : 원):0=-4.14; separate:희석주당이익(손실) (단위 : 원):1=-5.19
20251114001443	00104537	2025	Q3	separate:기본주당이익(손실) (단위 : 원):0=19.87; separate:기본주당이익(손실) (단위 : 원):1=16.80; separate:희석주당이익(손실) (단위 : 원):0=19.87; separate:희석주당이익(손실) (단위 : 원):1=16.80
20251114001636	00267942	2025	Q3	separate:기본주당순이익 (단위 : 원):0=8.70; separate:기본주당순이익 (단위 : 원):1=32.90; separate:희석주당순이익 (단위 : 원):0=8.70; separate:희석주당순이익 (단위 : 원):1=32.90
20251114001672	00351427	2025	Q3	consolidated:기본주당이익(손실) (단위 : 원) :0=-31.60; consolidated:기본주당이익(손실) (단위 : 원) :1=-146.20; consolidated:희석주당이익(손실) (단위 : 원) :0=-31.60; consolidated:희석주당이익(손실) (단위 : 원) :1=-145.60; separate:기본주당이익(손실) (단위 : 원) :0=-31.60; separate:기본주당이익(손실) (단위 : 원) :1=-146.20; separate:희석주당이익(손실) (단위 : 원) :0=-31.50; separate:희석주당이익(손실) (단위 : 원) :1=-145.60
20251114001751	01327092	2025	Q3	consolidated:기본주당이익(손실) (단위 : 원):0=-365.07; consolidated:기본주당이익(손실) (단위 : 원):1=-548.83; consolidated:희석주당이익(손실) (단위 : 원):0=-365.07; consolidated:희석주당이익(손실) (단위 : 원):1=-548.83; separate:기본주당이익(손실) (단위 : 원):0=-362.38; separate:기본주당이익(손실) (단위 : 원):1=-543.62; separate:희석주당이익(손실) (단위 : 원):0=-362.38; separate:희석주당이익(손실) (단위 : 원):1=-543.62
20251114001769	00339072	2025	Q3	separate:기본주당이익(손실) (단위 : 원):0=5.13; separate:기본주당이익(손실) (단위 : 원):1=2.12; separate:희석주당이익(손실) (단위 : 원):0=4.93; separate:희석주당이익(손실) (단위 : 원):1=1.96
20251114001797	00158219	2025	Q3	consolidated:기본주당이익(손실) (단위 : 원):0=-206.95; consolidated:기본주당이익(손실) (단위 : 원):1=-214.35; consolidated:희석주당이익(손실) (단위 : 원):0=-206.95; consolidated:희석주당이익(손실) (단위 : 원):1=-214.35; separate:기본주당이익(손실) (단위 : 원):0=-208.09; separate:기본주당이익(손실) (단위 : 원):1=-213.22; separate:희석주당이익(손실) (단위 : 원):0=-208.09; separate:희석주당이익(손실) (단위 : 원):1=-213.22
20251114001867	00800145	2025	Q3	consolidated:기본주당이익(손실) (단위 : 원):0=-167.50; consolidated:기본주당이익(손실) (단위 : 원):1=17.26; consolidated:희석주당이익(손실) (단위 : 원):0=-167.50; consolidated:희석주당이익(손실) (단위 : 원):1=17.26; separate:기본주당이익(손실) (단위 : 원):0=-99.31; separate:기본주당이익(손실) (단위 : 원):1=-151.20; separate:희석주당이익(손실) (단위 : 원):0=-99.31; separate:희석주당이익(손실) (단위 : 원):1=-151.20
20251114001897	00350020	2025	Q3	consolidated:기본주당이익(손실) (단위 : 원):0=-111.3; consolidated:기본주당이익(손실) (단위 : 원):1=21.7; consolidated:희석주당이익(손실) (단위 : 원):0=-111.3; consolidated:희석주당이익(손실) (단위 : 원):1=21.7; separate:기본주당이익(손실) (단위 : 원):1=23.5; separate:희석주당이익(손실) (단위 : 원):1=23.5
20251114001899	00185046	2025	Q3	consolidated:기본주당이익(손실) (단위 : 원):0=-26.8; consolidated:기본주당이익(손실) (단위 : 원):1=17.3; consolidated:희석주당이익(손실) (단위 : 원):0=-26.8; consolidated:희석주당이익(손실) (단위 : 원):1=17.3; separate:기본주당이익(손실) (단위 : 원):0=-28.4; separate:기본주당이익(손실) (단위 : 원):1=18.2; separate:희석주당이익(손실) (단위 : 원):0=-28.4; separate:희석주당이익(손실) (단위 : 원):1=18.2
20251114002046	00362159	2025	Q3	consolidated:희석주당이익(손실) (단위 : 원):1=-147.60; separate:기본주당이익(손실) (단위 : 원):0=83.08; separate:기본주당이익(손실) (단위 : 원):1=88.49; separate:희석주당이익(손실) (단위 : 원):0=83.08; separate:희석주당이익(손실) (단위 : 원):1=63.80
20251114002076	01358463	2025	Q3	consolidated:기본주당손익 (단위 : 원):0=91.8; consolidated:기본주당손익 (단위 : 원):1=91.4; consolidated:희석주당손익 (단위 : 원):0=91.8; consolidated:희석주당손익 (단위 : 원):1=91.4; separate:기본주당이익(손실) (단위 : 원):0=98.6; separate:기본주당이익(손실) (단위 : 원):1=93.5; separate:희석주당이익(손실) (단위 : 원):0=98.6; separate:희석주당이익(손실) (단위 : 원):1=93.4
20251114002114	00112022	2025	Q3	consolidated:(1)계속영업기본주당이익(손실) (단:0=-77.51; consolidated:(2)계속영업희석주당이익(손실) (단:0=-77.51
20251114002236	00347716	2025	Q3	consolidated:기본주당순손실 (단위 : 원):0=-99.86; consolidated:기본주당순손실 (단위 : 원):1=-890.73; consolidated:계속영업기본주당손실 (단위 : 원):0=-99.86; consolidated:계속영업기본주당손실 (단위 : 원):1=-888.91; consolidated:중단영업기본주당이익(손실) (단위 ::1=-1.82; consolidated:희석주당순손실 (단위 : 원):0=-99.86; consolidated:희석주당순손실 (단위 : 원):1=-890.73; consolidated:계속영업희석주당손실 (단위 : 원):0=-99.86; consolidated:계속영업희석주당손실 (단위 : 원):1=-888.91; consolidated:중단영업희석주당이익(손실) (단위 ::1=-1.82; separate:기본주당순손실 (단위 : 원):0=-100.77; separate:기본주당순손실 (단위 : 원):1=-881.50; separate:희석주당순손실 (단위 : 원):0=-100.77; separate:희석주당순손실 (단위 : 원):1=-881.50
20251114002255	00136165	2025	Q3	consolidated:기본 및 희석주당손익 (단위 : 원):0=-65.39; consolidated:기본 및 희석주당손익 (단위 : 원):1=-120.32; separate:기본 및 희석주당손익 (단위 : 원):0=3.06; separate:기본 및 희석주당손익 (단위 : 원):1=-109.21
20251114002317	00153524	2025	Q3	consolidated:기본주당이익(손실) (단위 : 원) :0=-0.04; consolidated:기본주당이익(손실) (단위 : 원) :1=-0.14; separate:기본주당이익(손실) (단위 : 원) :0=-0.05; separate:기본주당이익(손실) (단위 : 원) :1=0.02
20251114002367	00231044	2025	Q3	consolidated:기본주당이익(손실) (단위 : 원):0=97.54; consolidated:기본주당이익(손실) (단위 : 원):1=-7.03; separate:기본주당이익(손실) (단위 : 원):0=117.65; separate:기본주당이익(손실) (단위 : 원):1=-4.07
20251114002399	00130587	2025	Q3	consolidated:기본주당이익(손실) (단위 : 원):0=-61.80; consolidated:기본주당이익(손실) (단위 : 원):1=5.40; separate:기본주당이익(손실) (단위 : 원):0=-80.40; separate:기본주당이익(손실) (단위 : 원):1=6.30
20251114002418	00108746	2025	Q3	consolidated:기본주당이익(손실) (단위 : 원):0=12.9; consolidated:기본주당이익(손실) (단위 : 원):1=-8.5; consolidated:희석주당이익(손실) (단위 : 원):0=12.9; consolidated:희석주당이익(손실) (단위 : 원):1=-8.5; separate:기본주당이익(손실) (단위 : 원):0=12.9; separate:기본주당이익(손실) (단위 : 원):1=-8.5; separate:희석주당이익(손실) (단위 : 원):0=12.9; separate:희석주당이익(손실) (단위 : 원):1=-8.5
20251114002517	00164618	2025	Q3	separate:계속영업기본주당이익(손실) (단위 ::0=17.4; separate:계속영업희석주당이익(손실) (단위 ::0=17.4
20251114002660	00620558	2025	Q3	consolidated:기본주당이익(손실) (단위 : 원):0=-168.04; consolidated:기본주당이익(손실) (단위 : 원):1=23.05; consolidated:희석주당이익(손실) (단위 : 원):0=-168.04; consolidated:희석주당이익(손실) (단위 : 원):1=23.05; separate:기본주당이익(손실) (단위 : 원):0=-152.85; separate:기본주당이익(손실) (단위 : 원):1=40.53; separate:희석주당이익(손실) (단위 : 원):0=-152.85; separate:희석주당이익(손실) (단위 : 원):1=40.53
20251114002675	01043853	2025	Q3	consolidated:기본주당이익(손실) (단위 : 원):1=-22.77; consolidated:희석주당이익(손실) (단위 : 원):1=-22.77; separate:기본주당이익(손실) (단위 : 원):0=-399.53; separate:기본주당이익(손실) (단위 : 원):1=102.45; separate:희석주당이익(손실) (단위 : 원):0=-399.53; separate:희석주당이익(손실) (단위 : 원):1=102.45
20251114002720	00568461	2025	Q3	consolidated:기본주당이익(손실) (단위 : 원):0=-42.03; consolidated:기본주당이익(손실) (단위 : 원):1=194.79; consolidated:희석주당이익(손실) (단위 : 원):0=-42.03; consolidated:희석주당이익(손실) (단위 : 원):1=194.79
20251114002785	00526678	2025	Q3	separate:기본주당이익(손실) (단위 : 원):0=262.70; separate:기본주당이익(손실) (단위 : 원):1=127.20
20251114002855	00117276	2025	Q3	consolidated:기본주당이익(손실) (단위 : 원):0=-49.35; consolidated:기본주당이익(손실) (단위 : 원):1=14.25; consolidated:희석주당이익(손실) (단위 : 원):0=-49.35; consolidated:희석주당이익(손실) (단위 : 원):1=14.25; separate:기본주당이익(손실) (단위 : 원):0=-40.72; separate:기본주당이익(손실) (단위 : 원):1=19.37; separate:희석주당이익(손실) (단위 : 원):0=-40.72; separate:희석주당이익(손실) (단위 : 원):1=19.37
20251114002880	00220109	2025	Q3	consolidated:기본주당이익(손실) (단위 : 원):0=-199.19; consolidated:기본주당이익(손실) (단위 : 원):1=-560.06; consolidated:희석주당이익(손실) (단위 : 원):0=-199.19; consolidated:희석주당이익(손실) (단위 : 원):1=-560.06; separate:기본주당이익(손실) (단위 : 원):0=-135.91; separate:기본주당이익(손실) (단위 : 원):1=-344.42; separate:희석주당이익(손실) (단위 : 원):0=-135.91; separate:희석주당이익(손실) (단위 : 원):1=-344.42
20251120000429	00144021	2024	FY	separate:계속영업기본주당이익(손실) (단위 ::1=-71.4; separate:계속영업희석주당이익(손실) (단위 ::1=-71.4; separate:기본주당이익(손실) (단위 : 원):0=-53.9; separate:희석주당이익(손실) (단위 : 원):0=-53.9
20251120000431	00144021	2025	Q1	separate:기본주당이익(손실) (단위 : 원):0=-27.8; separate:기본주당이익(손실) (단위 : 원):1=-3.4
20251201000488	01370517	2025	Q3	consolidated:기본주당이익(손실) (단위 : 원):0=-3378.23; consolidated:기본주당이익(손실) (단위 : 원):1=-3227.37; consolidated:희석주당이익(손실) (단위 : 원):0=-3378.23; consolidated:희석주당이익(손실) (단위 : 원):1=-3227.37; separate:기본주당이익(손실) (단위 : 원):0=-3407.41; separate:기본주당이익(손실) (단위 : 원):1=-3268.35; separate:희석주당이익(손실) (단위 : 원):0=-3407.41; separate:희석주당이익(손실) (단위 : 원):1=-3268.35
20251201000564	00144021	2025	H1	separate:기본주당이익(손실) (단위 : 원):0=-67.2; separate:기본주당이익(손실) (단위 : 원):1=-44.2; separate:희석주당이익(손실) (단위 : 원):0=-67.2; separate:희석주당이익(손실) (단위 : 원):1=-44.2
20251201000790	00164618	2025	Q3	separate:계속영업기본주당이익(손실) (단위 ::0=17.4; separate:계속영업희석주당이익(손실) (단위 ::0=17.4
20260213002114	00141626	2026	Q3	separate:기본주당이익(손실) (단위 : 원):0=-34.60; separate:기본주당이익(손실) (단위 : 원):1=-76.60; separate:희석주당이익(손실) (단위 : 원):0=-34.60; separate:희석주당이익(손실) (단위 : 원):1=-76.60
20260312000752	01419205	2025	FY	consolidated:기본주당이익(손실) (단위 : 원):0=211.52; consolidated:기본주당이익(손실) (단위 : 원):1=204.93; consolidated:희석주당이익(손실) (단위 : 원):0=206.73; consolidated:희석주당이익(손실) (단위 : 원):1=196.94; separate:기본주당이익(손실) (단위 : 원):0=213.32; separate:기본주당이익(손실) (단위 : 원):1=204.93; separate:희석주당이익(손실) (단위 : 원):0=208.48; separate:희석주당이익(손실) (단위 : 원):1=196.94
20260312001247	00138516	2025	FY	consolidated:기본주당이익(손실) (단위 : USD:0=0.05; consolidated:기본주당이익(손실) (단위 : USD:1=0.09; consolidated:기본주당이익(손실) (단위 : USD:2=0.07; consolidated:계속영업기본주당이익(손실) (단위 ::0=0.05; consolidated:계속영업기본주당이익(손실) (단위 ::1=0.09; consolidated:계속영업기본주당이익(손실) (단위 ::2=0.07; consolidated:희석주당이익(손실) (단위 : USD:0=0.05; consolidated:희석주당이익(손실) (단위 : USD:1=0.09; consolidated:희석주당이익(손실) (단위 : USD:2=0.07; consolidated:계속영업희석주당이익(손실) (단위 ::0=0.05; consolidated:계속영업희석주당이익(손실) (단위 ::1=0.09; consolidated:계속영업희석주당이익(손실) (단위 ::2=0.07; separate:기본주당이익(손실) (단위 : USD:0=0.05; separate:기본주당이익(손실) (단위 : USD:1=0.09; separate:기본주당이익(손실) (단위 : USD:2=0.07; separate:계속영업기본주당이익(손실) (단위 ::0=0.05; separate:계속영업기본주당이익(손실) (단위 ::1=0.09; separate:계속영업기본주당이익(손실) (단위 ::2=0.07; separate:희석주당이익(손실) (단위 : USD:0=0.05; separate:희석주당이익(손실) (단위 : USD:1=0.09; separate:희석주당이익(손실) (단위 : USD:2=0.07; separate:계속영업희석주당이익(손실) (단위 ::0=0.05; separate:계속영업희석주당이익(손실) (단위 ::1=0.09; separate:계속영업희석주당이익(손실) (단위 ::2=0.07
20260316000883	00131850	2025	FY	consolidated:기본주당이익(손실) (단위 : 원):0=69.37; consolidated:기본주당이익(손실) (단위 : 원):1=-199.49; consolidated:기본주당이익(손실) (단위 : 원):2=6.07; consolidated:희석주당이익(손실) (단위 : 원):0=69.37; consolidated:희석주당이익(손실) (단위 : 원):1=-199.49; consolidated:희석주당이익(손실) (단위 : 원):2=6.07; separate:기본주당이익(손실) (단위 : 원):0=21.95; separate:기본주당이익(손실) (단위 : 원):1=-107.71; separate:기본주당이익(손실) (단위 : 원):2=5.06; separate:희석주당이익(손실) (단위 : 원):0=21.95; separate:희석주당이익(손실) (단위 : 원):1=-107.71; separate:희석주당이익(손실) (단위 : 원):2=5.06
20260316001214	01091054	2025	FY	separate:기본주당이익(손실) (단위 : 원) :0=29.67; separate:희석주당이익(손실) (단위 : 원) :0=29.66
20260317000585	00145473	2025	FY	separate:기본주당이익(손실) (단위 : 원):0=321.44; separate:기본주당이익(손실) (단위 : 원):1=301.86; separate:기본주당이익(손실) (단위 : 원):2=242.40; separate:희석주당이익(손실) (단위 : 원):0=321.44; separate:희석주당이익(손실) (단위 : 원):1=301.86; separate:희석주당이익(손실) (단위 : 원):2=242.40
20260318000717	01327092	2025	FY	consolidated:기본주당이익(손실) (단위 : 원):0=-635.89; consolidated:기본주당이익(손실) (단위 : 원):1=-697.09; consolidated:기본주당이익(손실) (단위 : 원):2=-555.87; consolidated:희석주당이익(손실) (단위 : 원):0=-635.89; consolidated:희석주당이익(손실) (단위 : 원):1=-697.09; consolidated:희석주당이익(손실) (단위 : 원):2=-555.87; separate:기본주당이익(손실) (단위 : 원):0=-636.79; separate:기본주당이익(손실) (단위 : 원):1=-695.34; separate:기본주당이익(손실) (단위 : 원):2=-556.49; separate:희석주당이익(손실) (단위 : 원):0=-636.79; separate:희석주당이익(손실) (단위 : 원):1=-695.34; separate:희석주당이익(손실) (단위 : 원):2=-556.49
20260318000728	01311310	2025	FY	consolidated:기본주당이익(손실) (단위 : 원):0=16.60; consolidated:기본주당이익(손실) (단위 : 원):1=134.58; consolidated:기본주당이익(손실) (단위 : 원):2=151.98; consolidated:희석주당이익(손실) (단위 : 원):0=16.60; consolidated:희석주당이익(손실) (단위 : 원):1=134.58; consolidated:희석주당이익(손실) (단위 : 원):2=151.62; separate:기본주당이익(손실) (단위 : 원):0=53.28; separate:기본주당이익(손실) (단위 : 원):1=143.69; separate:기본주당이익(손실) (단위 : 원):2=151.98; separate:희석주당이익(손실) (단위 : 원):0=53.28; separate:희석주당이익(손실) (단위 : 원):1=143.69; separate:희석주당이익(손실) (단위 : 원):2=151.62
20260318000795	00264228	2025	FY	consolidated:기본주당이익(손실) (단위 : 원):0=60.7; consolidated:기본주당이익(손실) (단위 : 원):1=5.50; consolidated:희석주당이익(손실) (단위 : 원):0=60.7; consolidated:희석주당이익(손실) (단위 : 원):1=5.50
20260318000824	00313649	2025	FY	consolidated:기본주당이익(손실) (단위 : 원):0=-235.36; consolidated:기본주당이익(손실) (단위 : 원):1=-87.56; consolidated:계속영업기본주당이익(손실) (단위 ::0=-235.15; consolidated:계속영업기본주당이익(손실) (단위 ::1=-87.02; consolidated:중단영업기본주당이익(손실) (단위 ::0=-0.21; consolidated:중단영업기본주당이익(손실) (단위 ::1=-0.54; consolidated:희석주당이익(손실) (단위 : 원):0=-235.36; consolidated:희석주당이익(손실) (단위 : 원):1=-87.56; consolidated:계속영업희석주당이익(손실) (단위 ::0=-235.15; consolidated:계속영업희석주당이익(손실) (단위 ::1=-87.02; consolidated:중단영업희석주당이익(손실) (단위 ::0=-0.21; consolidated:중단영업희석주당이익(손실) (단위 ::1=-0.54
20260318000937	01043853	2025	FY	consolidated:기본주당이익(손실) (단위 : 원):1=-105.98; consolidated:기본주당이익(손실) (단위 : 원):2=-266.10; consolidated:희석주당이익(손실) (단위 : 원):1=-105.98; consolidated:희석주당이익(손실) (단위 : 원):2=-266.10; separate:기본주당이익(손실) (단위 : 원):0=-568.76; separate:기본주당이익(손실) (단위 : 원):1=73.38; separate:기본주당이익(손실) (단위 : 원):2=-162.24; separate:희석주당이익(손실) (단위 : 원):0=-568.76; separate:희석주당이익(손실) (단위 : 원):1=73.38; separate:희석주당이익(손실) (단위 : 원):2=-162.24
20260318001145	01516368	2025	FY	consolidated:기본주당순이익 (단위 : 원):0=243.70; consolidated:기본주당순이익 (단위 : 원):1=355.17; consolidated:기본주당순이익 (단위 : 원):2=213.64; consolidated:희석주당순이익 (단위 : 원):0=243.36; consolidated:희석주당순이익 (단위 : 원):1=355.17; consolidated:희석주당순이익 (단위 : 원):2=213.04; separate:기본주당순이익 (단위 : 원):0=149.09; separate:기본주당순이익 (단위 : 원):1=268.98; separate:기본주당순이익 (단위 : 원):2=192.98; separate:희석주당순이익 (단위 : 원):0=149.03; separate:희석주당순이익 (단위 : 원):1=268.98; separate:희석주당순이익 (단위 : 원):2=192.43
20260318001190	00351427	2025	FY	consolidated:기본주당이익(손실) (단위 : 원) :0=134.40; consolidated:기본주당이익(손실) (단위 : 원) :1=251.70; consolidated:기본주당이익(손실) (단위 : 원) :2=358.30; consolidated:희석주당이익(손실) (단위 : 원) :1=250.90; consolidated:희석주당이익(손실) (단위 : 원) :2=355.70; separate:기본주당이익(손실) (단위 : 원) :0=134.40; separate:기본주당이익(손실) (단위 : 원) :1=251.70; separate:기본주당이익(손실) (단위 : 원) :2=358.30; separate:희석주당이익(손실) (단위 : 원) :1=250.90; separate:희석주당이익(손실) (단위 : 원) :2=355.70
20260318001224	01343665	2025	FY	consolidated:기본주당이익(손실) (단위 : 원):0=859.31; consolidated:기본주당이익(손실) (단위 : 원):1=-574.39; consolidated:기본주당이익(손실) (단위 : 원):2=-79.97; consolidated:희석주당이익(손실) (단위 : 원):0=858.55; consolidated:희석주당이익(손실) (단위 : 원):1=-574.39; consolidated:희석주당이익(손실) (단위 : 원):2=-79.97; separate:기본주당이익(손실) (단위 : 원):0=943.46; separate:기본주당이익(손실) (단위 : 원):1=-188.19; separate:기본주당이익(손실) (단위 : 원):2=8.42; separate:희석주당이익(손실) (단위 : 원):0=942.55; separate:희석주당이익(손실) (단위 : 원):1=-188.19; separate:희석주당이익(손실) (단위 : 원):2=8.42
20260318001328	00235183	2025	FY	consolidated:기본주당이익(손실) (단위 : 원):0=249.06; consolidated:기본주당이익(손실) (단위 : 원):1=-122.50; consolidated:기본주당이익(손실) (단위 : 원):2=103.39; consolidated:희석주당이익(손실) (단위 : 원):0=249.06; consolidated:희석주당이익(손실) (단위 : 원):1=-122.50; consolidated:희석주당이익(손실) (단위 : 원):2=103.32; separate:기본주당이익(손실) (단위 : 원):0=227.78; separate:기본주당이익(손실) (단위 : 원):1=-130.47; separate:기본주당이익(손실) (단위 : 원):2=112.65; separate:희석주당이익(손실) (단위 : 원):0=227.78; separate:희석주당이익(손실) (단위 : 원):1=-130.47; separate:희석주당이익(손실) (단위 : 원):2=112.58
20260318001359	01358463	2025	FY	consolidated:기본주당이익(손실) (단위 : 원):0=102.50; consolidated:기본주당이익(손실) (단위 : 원):1=229.80; consolidated:희석주당이익(손실) (단위 : 원):0=101.90; consolidated:희석주당이익(손실) (단위 : 원):1=229.60; consolidated:희석주당이익(손실) (단위 : 원):2=35.70; separate:기본주당이익(손실) (단위 : 원):0=97.6; separate:기본주당이익(손실) (단위 : 원):2=57.7; separate:희석주당이익(손실) (단위 : 원):1=230.9; separate:희석주당이익(손실) (단위 : 원):2=57.3
20260318001575	01405585	2025	FY	separate:기본주당이익(손실) (단위 : 원):0=-105.80; separate:희석주당이익(손실) (단위 : 원):0=-105.80
20260318001613	00131896	2025	FY	consolidated:기본주당이익(손실) (단위 : 원):0=6289.77; consolidated:기본주당이익(손실) (단위 : 원):1=4799.06; consolidated:기본주당이익(손실) (단위 : 원):2=5162.53; consolidated:희석주당이익(손실) (단위 : 원):0=6289.77; consolidated:희석주당이익(손실) (단위 : 원):1=4799.06; consolidated:희석주당이익(손실) (단위 : 원):2=5162.53; separate:기본주당이익(손실) (단위 : 원):0=4279.77; separate:기본주당이익(손실) (단위 : 원):1=3258.29; separate:기본주당이익(손실) (단위 : 원):2=3042.93; separate:희석주당이익(손실) (단위 : 원):0=4279.77; separate:희석주당이익(손실) (단위 : 원):1=3258.29; separate:희석주당이익(손실) (단위 : 원):2=3042.93
20260319000661	00158219	2025	FY	consolidated:기본주당이익(손실) (단위 : 원):0=-213.56; consolidated:기본주당이익(손실) (단위 : 원):1=-593.97; consolidated:기본주당이익(손실) (단위 : 원):2=-179.98; consolidated:희석주당이익(손실) (단위 : 원):0=-213.56; consolidated:희석주당이익(손실) (단위 : 원):1=-593.97; consolidated:희석주당이익(손실) (단위 : 원):2=-179.98; separate:기본주당이익(손실) (단위 : 원):0=-214.66; separate:기본주당이익(손실) (단위 : 원):1=-592.03; separate:기본주당이익(손실) (단위 : 원):2=-177.79; separate:희석주당이익(손실) (단위 : 원):0=-214.66; separate:희석주당이익(손실) (단위 : 원):1=-592.03; separate:희석주당이익(손실) (단위 : 원):2=-177.79
20260319000720	00297095	2025	FY	separate:기본주당이익(손실) (단위 : 원):0=845.20
20260319000779	00958451	2025	FY	separate:기본주당이익(손실) (단위 : 원):0=518.01; separate:기본주당이익(손실) (단위 : 원):1=244.37; separate:기본주당이익(손실) (단위 : 원):2=344.60; separate:희석주당이익(손실) (단위 : 원):1=243.18; separate:희석주당이익(손실) (단위 : 원):2=339.96
20260319000927	00130879	2025	FY	separate:기본주당이익(손실) (단위 : 원):0=-4.21; separate:기본주당이익(손실) (단위 : 원):1=-7.92; separate:기본주당이익(손실) (단위 : 원):2=-1.52; separate:희석주당이익(손실) (단위 : 원):0=-4.21; separate:희석주당이익(손실) (단위 : 원):1=-7.94; separate:희석주당이익(손실) (단위 : 원):2=-1.52
20260319000984	00131939	2025	FY	separate:기본주당이익(손실) (단위 : 원):0=309.15
20260319001265	01032486	2025	FY	consolidated:기본주당순이익 (단위 : USD):0=2.95; consolidated:기본주당순이익 (단위 : USD):1=4.14; consolidated:기본주당순이익 (단위 : USD):2=7.05; consolidated:희석주당순이익 (단위 : USD):0=2.95; consolidated:희석주당순이익 (단위 : USD):1=4.13; consolidated:희석주당순이익 (단위 : USD):2=7.04
20260319001295	00120906	2025	FY	separate:기본주당이익(손실) (단위 : 원):0=-27.03; separate:기본주당이익(손실) (단위 : 원):1=-29.32; separate:기본주당이익(손실) (단위 : 원):2=-131.35; separate:희석주당이익(손실) (단위 : 원):0=-27.03; separate:희석주당이익(손실) (단위 : 원):1=-29.32; separate:희석주당이익(손실) (단위 : 원):2=-131.35
20260320000650	00136457	2025	FY	consolidated:보통주기본주당손실 (단위 : 원):0=-99.3; consolidated:보통주기본주당손실 (단위 : 원):1=-95.4; consolidated:보통주기본주당손실 (단위 : 원):2=-23.6; consolidated:보통주희석주당손실 (단위 : 원):0=-99.3; consolidated:보통주희석주당손실 (단위 : 원):1=-95.4; consolidated:보통주희석주당손실 (단위 : 원):2=-23.6; separate:기본주당이익(손실) (단위 : 원):0=-94.5; separate:기본주당이익(손실) (단위 : 원):1=-90.1; separate:기본주당이익(손실) (단위 : 원):2=-30.1; separate:희석주당이익(손실) (단위 : 원):0=-94.5; separate:희석주당이익(손실) (단위 : 원):1=-90.1; separate:희석주당이익(손실) (단위 : 원):2=-30.1
20260323000905	00620558	2025	FY	consolidated:기본주당이익(손실) (단위 : 원):0=-171.84; consolidated:기본주당이익(손실) (단위 : 원):1=-54.90; consolidated:기본주당이익(손실) (단위 : 원):2=-92.51; consolidated:희석주당이익(손실) (단위 : 원):0=-171.84; consolidated:희석주당이익(손실) (단위 : 원):1=-57.99; consolidated:희석주당이익(손실) (단위 : 원):2=-92.51; separate:기본주당이익(손실) (단위 : 원):0=-196.15; separate:기본주당이익(손실) (단위 : 원):1=-139.61; separate:기본주당이익(손실) (단위 : 원):2=-57.71; separate:희석주당이익(손실) (단위 : 원):0=-196.15; separate:희석주당이익(손실) (단위 : 원):1=-139.98; separate:희석주당이익(손실) (단위 : 원):2=-57.71
20260323001194	00347716	2025	FY	consolidated:기본주당순손실 (단위 : 원):2=-713.55; consolidated:계속영업기본주당손실 (단위 : 원):2=-713.13; consolidated:중단영업기본주당이익(손실) (단위 ::2=-0.42; consolidated:희석주당순손실 (단위 : 원):2=-713.55; consolidated:계속영업희석주당손실 (단위 : 원):2=-713.13; consolidated:중단영업희석주당이익(손실) (단위 ::2=-0.42; separate:기본주당순손실 (단위 : 원):0=-34.79; separate:기본주당순손실 (단위 : 원):1=-824.66; separate:기본주당순손실 (단위 : 원):2=-720.44; separate:희석주당순손실 (단위 : 원):0=-34.79; separate:희석주당순손실 (단위 : 원):1=-824.66; separate:희석주당순손실 (단위 : 원):2=-720.44
20260323001523	00117276	2025	FY	consolidated:기본주당이익(손실) (단위 : 원):0=-44.07; consolidated:기본주당이익(손실) (단위 : 원):1=19.09; consolidated:기본주당이익(손실) (단위 : 원):2=-179.98; consolidated:희석주당이익(손실) (단위 : 원):0=-44.07; consolidated:희석주당이익(손실) (단위 : 원):1=19.06; consolidated:희석주당이익(손실) (단위 : 원):2=-3.81; separate:기본주당이익(손실) (단위 : 원):0=-50.50; separate:기본주당이익(손실) (단위 : 원):1=23.31; separate:희석주당이익(손실) (단위 : 원):0=-50.50; separate:희석주당이익(손실) (단위 : 원):1=23.28
20260323001668	00231044	2025	FY	consolidated:기본주당이익(손실) (단위 : 원):0=4.80; consolidated:기본주당이익(손실) (단위 : 원):1=-22.79; consolidated:기본주당이익(손실) (단위 : 원):2=33.11; consolidated:희석주당이익(손실) (단위 : 원):0=-86.40; consolidated:희석주당이익(손실) (단위 : 원):1=-22.79; consolidated:희석주당이익(손실) (단위 : 원):2=31.87; separate:기본주당이익(손실) (단위 : 원):0=25.48; separate:기본주당이익(손실) (단위 : 원):1=-18.62; separate:기본주당이익(손실) (단위 : 원):2=32.01; separate:희석주당이익(손실) (단위 : 원):0=-5.95; separate:희석주당이익(손실) (단위 : 원):1=-18.62; separate:희석주당이익(손실) (단위 : 원):2=30.81
20260323001706	01462605	2025	FY	consolidated:기본주당이익(손실) (단위 : 원) :1=225.7; consolidated:기본주당이익(손실) (단위 : 원) :2=36.6; consolidated:희석주당이익(손실) (단위 : 원) :1=225.7; consolidated:희석주당이익(손실) (단위 : 원) :2=36.5; separate:기본주당이익(손실) (단위 : 원) :0=294.6; separate:기본주당이익(손실) (단위 : 원) :1=228.6; separate:기본주당이익(손실) (단위 : 원) :2=42.3; separate:희석주당이익(손실) (단위 : 원) :0=294.6; separate:희석주당이익(손실) (단위 : 원) :1=228.6; separate:희석주당이익(손실) (단위 : 원) :2=42.1
20260330001311	00313649	2025	FY	consolidated:기본주당이익(손실) (단위 : 원):0=-235.36; consolidated:기본주당이익(손실) (단위 : 원):1=-87.56; consolidated:계속영업기본주당이익(손실) (단위 ::0=-235.15; consolidated:계속영업기본주당이익(손실) (단위 ::1=-87.02; consolidated:중단영업기본주당이익(손실) (단위 ::0=-0.21; consolidated:중단영업기본주당이익(손실) (단위 ::1=-0.54; consolidated:희석주당이익(손실) (단위 : 원):0=-235.36; consolidated:희석주당이익(손실) (단위 : 원):1=-87.56; consolidated:계속영업희석주당이익(손실) (단위 ::0=-235.15; consolidated:계속영업희석주당이익(손실) (단위 ::1=-87.02; consolidated:중단영업희석주당이익(손실) (단위 ::0=-0.21; consolidated:중단영업희석주당이익(손실) (단위 ::1=-0.54
20260331003309	01370517	2025	FY	consolidated:기본주당이익(손실) (단위 : 원):0=-2836.49; consolidated:기본주당이익(손실) (단위 : 원):1=-4295.69; consolidated:기본주당이익(손실) (단위 : 원):2=-3885.66; consolidated:희석주당이익(손실) (단위 : 원):0=-2836.49; consolidated:희석주당이익(손실) (단위 : 원):1=-4295.69; consolidated:희석주당이익(손실) (단위 : 원):2=-3885.66; separate:기본주당이익(손실) (단위 : 원):0=-2857.24; separate:기본주당이익(손실) (단위 : 원):1=-4251.76; separate:기본주당이익(손실) (단위 : 원):2=-3919.10; separate:희석주당이익(손실) (단위 : 원):0=-2857.24; separate:희석주당이익(손실) (단위 : 원):1=-4251.76; separate:희석주당이익(손실) (단위 : 원):2=-3919.10
20260507000504	01311310	2025	FY	consolidated:기본주당이익(손실) (단위 : 원):0=16.60; consolidated:기본주당이익(손실) (단위 : 원):1=134.58; consolidated:기본주당이익(손실) (단위 : 원):2=151.98; consolidated:희석주당이익(손실) (단위 : 원):0=16.60; consolidated:희석주당이익(손실) (단위 : 원):1=134.58; consolidated:희석주당이익(손실) (단위 : 원):2=151.62; separate:기본주당이익(손실) (단위 : 원):0=53.28; separate:기본주당이익(손실) (단위 : 원):1=143.69; separate:기본주당이익(손실) (단위 : 원):2=151.98; separate:희석주당이익(손실) (단위 : 원):0=53.28; separate:희석주당이익(손실) (단위 : 원):1=143.69; separate:희석주당이익(손실) (단위 : 원):2=151.62
20260508000291	01091054	2026	Q1	separate:기본주당이익(손실) (단위 : 원) :0=6.55; separate:희석주당이익(손실) (단위 : 원) :0=6.35
20260512000129	00145163	2026	Q1	separate:기본주당이익(손실) (단위 : 원):0=195.1; separate:희석주당이익(손실) (단위 : 원):0=194.8
20260512000561	00958451	2026	Q1	separate:기본주당이익(손실) (단위 : 원):0=-284.55; separate:기본주당이익(손실) (단위 : 원):1=104.13; separate:희석주당이익(손실) (단위 : 원):0=-284.55; separate:희석주당이익(손실) (단위 : 원):1=104.03
20260514000062	01390399	2026	Q1	consolidated:기본및희석주당이익(손실) (단위 : :0=-0.5; consolidated:기본및희석주당이익(손실) (단위 : :1=2.5; separate:기본및희석주당이익(손실) (단위 : :0=0.4
20260514000115	00958451	2026	Q1	separate:기본주당이익(손실) (단위 : 원):0=-284.55; separate:기본주당이익(손실) (단위 : 원):1=104.13; separate:희석주당이익(손실) (단위 : 원):0=-284.55; separate:희석주당이익(손실) (단위 : 원):1=104.03
20260514000352	01462605	2026	Q1	consolidated:기본주당이익(손실) (단위 : 원) :0=101.2; consolidated:기본주당이익(손실) (단위 : 원) :1=-15.9; consolidated:희석주당이익(손실) (단위 : 원) :0=101.2; consolidated:희석주당이익(손실) (단위 : 원) :1=-15.9; separate:기본주당이익(손실) (단위 : 원) :0=102.8; separate:기본주당이익(손실) (단위 : 원) :1=-14.8; separate:희석주당이익(손실) (단위 : 원) :0=102.8; separate:희석주당이익(손실) (단위 : 원) :1=-14.8
20260514000385	01311310	2026	Q1	consolidated:기본주당이익(손실) (단위 : 원):0=47.21; consolidated:기본주당이익(손실) (단위 : 원):1=-16.80; consolidated:희석주당이익(손실) (단위 : 원):0=47.21; consolidated:희석주당이익(손실) (단위 : 원):1=-16.80; separate:기본주당이익(손실) (단위 : 원):0=47.83; separate:기본주당이익(손실) (단위 : 원):1=-13.64; separate:희석주당이익(손실) (단위 : 원):0=47.83; separate:희석주당이익(손실) (단위 : 원):1=-13.64
20260514000580	01685251	2026	Q1	consolidated:기본주당이익(손실) (단위 : 원):0=53.4; consolidated:희석주당이익(손실) (단위 : 원):0=53.4
20260514001051	00130879	2026	Q1	separate:기본주당이익(손실) (단위 : 원):0=-1.23; separate:기본주당이익(손실) (단위 : 원):1=-2.13; separate:희석주당이익(손실) (단위 : 원):0=-1.23; separate:희석주당이익(손실) (단위 : 원):1=-2.13
20260514001068	01032486	2026	Q1	consolidated:기본주당순이익 (단위 : USD):0=0.94; consolidated:기본주당순이익 (단위 : USD):1=0.81; consolidated:희석주당순이익 (단위 : USD):0=0.94; consolidated:희석주당순이익 (단위 : USD):1=0.81; separate:기본주당이익 (단위: 원):0=859.45; separate:기본주당이익 (단위: 원):1=884.40; separate:희석주당이익 (단위: 원):0=859.18
20260514001515	01353024	2026	Q1	consolidated:기본주당순이익 (단위 : 원):0=6.45; consolidated:기본주당순이익 (단위 : 원):1=-1.08; consolidated:계속영업기본주당이익(손실) (단위 ::0=6.65; consolidated:계속영업기본주당이익(손실) (단위 ::1=-0.81; consolidated:중단영업기본주당이익(손실) (단위 ::0=-0.2; consolidated:중단영업기본주당이익(손실) (단위 ::1=-0.27; consolidated:희석주당순이익 (단위 : 원):0=6.45; consolidated:희석주당순이익 (단위 : 원):1=-1.08; consolidated:계속영업희석주당이익(손실) (단위 ::0=6.65; consolidated:계속영업희석주당이익(손실) (단위 ::1=-0.81; consolidated:중단영업희석주당이익(손실) (단위 ::0=-0.2; consolidated:중단영업희석주당이익(손실) (단위 ::1=-0.27; separate:기본주당이익(손실) (단위 : 원):0=3.49; separate:기본주당이익(손실) (단위 : 원):1=0.15; separate:희석주당이익(손실) (단위 : 원):0=3.49; separate:희석주당이익(손실) (단위 : 원):1=0.15
20260515000171	00167208	2026	Q1	separate:기본주당이익 (단위 : 원) (주28:0=1.20; separate:기본주당이익 (단위 : 원) (주28:1=19.10; separate:희석주당이익 (단위 : 원) (주28:0=1.20; separate:희석주당이익 (단위 : 원) (주28:1=19.10
20260515000210	00384717	2026	Q1	separate:기본주당이익(손실) (단위 : 원):0=43.72; separate:희석주당이익(손실) (단위 : 원):0=43.72
20260515000275	00800145	2026	Q1	separate:기본주당이익(손실) (단위 : 원):0=90.43; separate:기본주당이익(손실) (단위 : 원):1=348.73; separate:희석주당이익(손실) (단위 : 원):0=90.43; separate:희석주당이익(손실) (단위 : 원):1=320.92
20260515000300	00497631	2026	Q1	separate:기본주당이익(손실) (단위 : 원):0=60.1; separate:기본주당이익(손실) (단위 : 원):1=20.9
20260515000320	01105621	2026	Q1	separate:기본주당이익(손실) (단위 : 원):0=-1.13; separate:계속영업기본주당이익(손실) (단위 ::0=-1.13; separate:희석주당이익(손실) (단위 : 원):0=-1.13; separate:계속영업희석주당이익(손실) (단위 ::0=-1.13
20260515000505	00351427	2026	Q1	consolidated:기본주당이익(손실) (단위 : 원) :0=-77.60; consolidated:기본주당이익(손실) (단위 : 원) :1=-278.40; consolidated:희석주당이익(손실) (단위 : 원) :0=-77.40; consolidated:희석주당이익(손실) (단위 : 원) :1=-277.30; separate:기본주당이익(손실) (단위 : 원) :0=-77.60; separate:기본주당이익(손실) (단위 : 원) :1=-278.40; separate:희석주당이익(손실) (단위 : 원) :0=-77.40; separate:희석주당이익(손실) (단위 : 원) :1=-277.30
20260515000697	00113225	2026	Q1	consolidated:기본주당순이익 (단위 : 원):0=-0.20
20260515000768	00235183	2026	Q1	consolidated:기본주당이익(손실) (단위 : 원):0=47.19; consolidated:기본주당이익(손실) (단위 : 원):1=-33.42; consolidated:희석주당이익(손실) (단위 : 원):0=47.19; consolidated:희석주당이익(손실) (단위 : 원):1=-33.42; separate:기본주당이익(손실) (단위 : 원):1=-48.34; separate:희석주당이익(손실) (단위 : 원):1=-48.34
20260515000862	01343665	2026	Q1	consolidated:기본주당이익(손실) (단위 : 원):0=289.97; consolidated:기본주당이익(손실) (단위 : 원):1=38.68; consolidated:희석주당이익(손실) (단위 : 원):0=288.16; consolidated:희석주당이익(손실) (단위 : 원):1=38.66; separate:기본주당이익(손실) (단위 : 원):0=359.69; separate:기본주당이익(손실) (단위 : 원):1=58.19; separate:희석주당이익(손실) (단위 : 원):0=357.26; separate:희석주당이익(손실) (단위 : 원):1=58.16
20260515000864	00131850	2026	Q1	consolidated:기본주당이익(손실) (단위 : 원):0=55.78; consolidated:기본주당이익(손실) (단위 : 원):1=6.86; consolidated:희석주당이익(손실) (단위 : 원):0=53.05; consolidated:희석주당이익(손실) (단위 : 원):1=6.86; separate:기본주당이익(손실) (단위 : 원):0=57.93; separate:기본주당이익(손실) (단위 : 원):1=13.16; separate:희석주당이익(손실) (단위 : 원):0=55.10; separate:희석주당이익(손실) (단위 : 원):1=13.16
20260515000963	00267942	2026	Q1	separate:기본주당순이익 (단위 : 원):0=0.90; separate:기본주당순이익 (단위 : 원):1=2.10; separate:희석주당순이익 (단위 : 원):0=0.90; separate:희석주당순이익 (단위 : 원):1=2.10
20260515000978	00145473	2026	Q1	separate:기본주당이익(손실) (단위 : 원):0=117.99; separate:기본주당이익(손실) (단위 : 원):1=86.31; separate:희석주당이익(손실) (단위 : 원):0=117.99; separate:희석주당이익(손실) (단위 : 원):1=86.31
20260515000984	00116268	2026	Q1	separate:기본주당손실 (단위 : 원):0=0.56; separate:희석주당손실 (단위 : 원):0=0.56
20260515001001	00138598	2026	Q1	consolidated:기본주당이익(손실) (단위 : 원):0=196.66; consolidated:기본주당이익(손실) (단위 : 원):1=69.18; consolidated:희석주당이익(손실) (단위 : 원):0=196.66; consolidated:희석주당이익(손실) (단위 : 원):1=69.18; separate:기본주당이익(손실) (단위 : 원):0=97.39; separate:기본주당이익(손실) (단위 : 원):1=75.10; separate:희석주당이익(손실) (단위 : 원):0=97.39; separate:희석주당이익(손실) (단위 : 원):1=75.10
20260515001026	01370517	2026	Q1	consolidated:기본주당이익(손실) (단위 : 원):0=-282.84; consolidated:기본주당이익(손실) (단위 : 원):1=-1399.07; consolidated:희석주당이익(손실) (단위 : 원):0=-282.84; consolidated:희석주당이익(손실) (단위 : 원):1=-1399.07; separate:기본주당이익(손실) (단위 : 원):0=-284.09; separate:기본주당이익(손실) (단위 : 원):1=-1425.11; separate:희석주당이익(손실) (단위 : 원):0=-284.09; separate:희석주당이익(손실) (단위 : 원):1=-1425.11
20260515001042	00146296	2026	Q1	separate:기본주당이익(손실) (단위 : 원):0=0.42; separate:희석주당이익(손실) (단위 : 원):0=0.42
20260515001059	01419205	2026	Q1	consolidated:기본주당이익(손실) (단위 : 원):0=-4.3; consolidated:기본주당이익(손실) (단위 : 원):1=36.2; consolidated:희석주당이익(손실) (단위 : 원):0=-4.3; consolidated:희석주당이익(손실) (단위 : 원):1=34.9; separate:기본주당이익(손실) (단위 : 원):0=-1.7; separate:기본주당이익(손실) (단위 : 원):1=36.2; separate:희석주당이익(손실) (단위 : 원):0=-1.7; separate:희석주당이익(손실) (단위 : 원):1=34.9
20260515001083	00136457	2026	Q1	consolidated:보통주기본주당손실 (단위 : 원):0=-6.3; consolidated:보통주기본주당손실 (단위 : 원):1=-24.7; consolidated:보통주희석주당손실 (단위 : 원):0=-6.3; consolidated:보통주희석주당손실 (단위 : 원):1=-24.7; separate:기본주당이익(손실) (단위 : 원):0=-7.2; separate:기본주당이익(손실) (단위 : 원):1=-23.8; separate:희석주당이익(손실) (단위 : 원):0=-7.2; separate:희석주당이익(손실) (단위 : 원):1=-23.8
20260515001084	00104573	2026	Q1	consolidated:계속영업기본주당이익(손실) (단위 ::0=-1.8; consolidated:중단영업기본주당이익(손실) (단위 ::0=-1.4; consolidated:중단영업기본주당이익(손실) (단위 ::1=0.4; consolidated:계속영업희석주당이익(손실) (단위 ::0=-1.8; consolidated:중단영업희석주당이익(손실) (단위 ::0=-1.4; consolidated:중단영업희석주당이익(손실) (단위 ::1=0.4; separate:계속영업기본주당이익(손실) (단위 ::0=-1.8; separate:중단영업기본주당이익(손실) (단위 ::0=-1.4; separate:중단영업기본주당이익(손실) (단위 ::1=0.4; separate:계속영업희석주당이익(손실) (단위 ::0=-1.8; separate:중단영업희석주당이익(손실) (단위 ::0=-1.4; separate:중단영업희석주당이익(손실) (단위 ::1=0.4
20260515001124	01327092	2026	Q1	consolidated:기본주당이익(손실) (단위 : 원):0=-118.81; consolidated:기본주당이익(손실) (단위 : 원):1=-184.16; consolidated:희석주당이익(손실) (단위 : 원):0=-118.81; consolidated:희석주당이익(손실) (단위 : 원):1=-184.16; separate:기본주당이익(손실) (단위 : 원):0=-113.60; separate:기본주당이익(손실) (단위 : 원):1=-179.72; separate:희석주당이익(손실) (단위 : 원):0=-113.60; separate:희석주당이익(손실) (단위 : 원):1=-179.72
20260515001328	00317487	2026	Q1	consolidated:기본주당이익(손실) (단위 : 원):0=-12.57; consolidated:기본주당이익(손실) (단위 : 원):1=-42.80; consolidated:희석주당이익(손실) (단위 : 원):0=-12.57; consolidated:희석주당이익(손실) (단위 : 원):1=-42.80; separate:기본주당이익(손실) (단위 : 원):0=-10.23; separate:기본주당이익(손실) (단위 : 원):1=-33.82; separate:희석주당이익(손실) (단위 : 원):0=-10.23; separate:희석주당이익(손실) (단위 : 원):1=-33.82
20260515001402	00347716	2026	Q1	consolidated:기본주당순이익(손실) (단위 : 원):0=-0.87; consolidated:기본주당순이익(손실) (단위 : 원):1=-19.88; consolidated:계속영업기본주당손실 (단위 : 원):0=-0.87; consolidated:계속영업기본주당손실 (단위 : 원):1=-19.88; consolidated:희석주당순이익(손실) (단위 : 원):0=-0.87; consolidated:희석주당순이익(손실) (단위 : 원):1=-19.88; consolidated:계속영업희석주당손실 (단위 : 원):0=-0.87; consolidated:계속영업희석주당손실 (단위 : 원):1=-19.88; separate:기본주당순이익(손실) (단위 : 원):0=9.26; separate:기본주당순이익(손실) (단위 : 원):1=-13.53; separate:희석주당순이익(손실) (단위 : 원):0=9.26; separate:희석주당순이익(손실) (단위 : 원):1=-13.53
20260515001442	00155586	2026	Q1	separate:기본주당이익(손실) (단위 : 원):0=0.81; separate:기본주당이익(손실) (단위 : 원):1=0.05; separate:희석주당이익(손실) (단위 : 원):0=0.81; separate:희석주당이익(손실) (단위 : 원):1=0.05
20260515001501	00297095	2026	Q1	separate:기본주당이익(손실) (단위 : 원):0=-1.50
20260515001624	01051065	2026	Q1	consolidated:기본주당이익(손실) (단위 : 원):0=-95.56; consolidated:기본주당이익(손실) (단위 : 원):1=-142.94; consolidated:계속영업기본주당이익(손실) (단위 ::0=-95.53; consolidated:계속영업기본주당이익(손실) (단위 ::1=-143.03; consolidated:중단영업기본주당이익(손실) (단위 ::0=-0.03; consolidated:중단영업기본주당이익(손실) (단위 ::1=0.09
20260515001632	00339072	2026	Q1	separate:기본주당이익(손실) (단위 : 원):0=7.24; separate:기본주당이익(손실) (단위 : 원):1=4.70; separate:희석주당이익(손실) (단위 : 원):0=7.24; separate:희석주당이익(손실) (단위 : 원):1=4.70
20260515001660	00120906	2026	Q1	separate:기본주당이익(손실) (단위 : 원):0=-14.48; separate:기본주당이익(손실) (단위 : 원):1=-5.85; separate:희석주당이익(손실) (단위 : 원):0=-14.48; separate:희석주당이익(손실) (단위 : 원):1=-5.85
20260515001699	00406037	2026	Q1	consolidated:기본주당이익(손실) (단위 : 원):0=-23.30; consolidated:기본주당이익(손실) (단위 : 원):1=-16.47; consolidated:희석주당이익(손실) (단위 : 원):0=-23.30; consolidated:희석주당이익(손실) (단위 : 원):1=-16.47
20260515001709	00660291	2026	Q1	separate:기본주당이익(손실) (단위 : 원):0=336.87; separate:기본주당이익(손실) (단위 : 원):1=422.47; separate:희석주당이익(손실) (단위 : 원):0=336.87; separate:희석주당이익(손실) (단위 : 원):1=422.47
20260515001723	00108746	2026	Q1	consolidated:기본주당이익(손실) (단위 : 원):0=19.4; consolidated:기본주당이익(손실) (단위 : 원):1=14.74; consolidated:희석주당이익(손실) (단위 : 원):0=19.4; consolidated:희석주당이익(손실) (단위 : 원):1=14.74; separate:기본주당이익(손실) (단위 : 원):0=19.41; separate:기본주당이익(손실) (단위 : 원):1=14.80; separate:희석주당이익(손실) (단위 : 원):0=19.41; separate:희석주당이익(손실) (단위 : 원):1=14.80
20260515001784	00136165	2026	Q1	consolidated:기본 및 희석주당손익 (단위 : 원):0=41.1; consolidated:기본 및 희석주당손익 (단위 : 원):1=0.2
20260515001847	00144021	2026	Q1	separate:기본주당이익(손실) (단위 : 원):0=-19.02; separate:기본주당이익(손실) (단위 : 원):1=-27.80; separate:희석주당이익(손실) (단위 : 원):0=-19.02; separate:희석주당이익(손실) (단위 : 원):1=-27.80
20260515001963	01358463	2026	Q1	consolidated:기본주당이익(손실) (단위 : 원):0=-1.6; consolidated:희석주당이익(손실) (단위 : 원):0=-1.6; separate:기본주당이익(손실) (단위 : 원):0=-11.8; separate:기본주당이익(손실) (단위 : 원):1=12.1; separate:희석주당이익(손실) (단위 : 원):0=-11.8; separate:희석주당이익(손실) (단위 : 원):1=12.1
20260515001979	00138516	2026	Q1	consolidated:기본주당이익(손실) (단위 : USD:0=-0.04; consolidated:기본주당이익(손실) (단위 : USD:1=0.02; consolidated:희석주당이익(손실) (단위 : USD:0=-0.04; consolidated:희석주당이익(손실) (단위 : USD:1=0.02; separate:기본주당이익(손실) (단위 : USD:0=-0.04; separate:기본주당이익(손실) (단위 : USD:1=0.02; separate:희석주당이익(손실) (단위 : USD:0=-0.04; separate:희석주당이익(손실) (단위 : USD:1=0.02
20260515002072	00620558	2026	Q1	consolidated:기본주당이익(손실) (단위 : 원):0=72.72; consolidated:기본주당이익(손실) (단위 : 원):1=-114.55; consolidated:희석주당이익(손실) (단위 : 원):0=72.72; consolidated:희석주당이익(손실) (단위 : 원):1=-114.55; separate:기본주당이익(손실) (단위 : 원):0=-31.72; separate:기본주당이익(손실) (단위 : 원):1=-51.94; separate:희석주당이익(손실) (단위 : 원):0=-31.72; separate:희석주당이익(손실) (단위 : 원):1=-51.94
20260515002141	00442835	2026	Q1	consolidated:기본주당이익(손실) (단위 : 원):0=-38.77; consolidated:기본주당이익(손실) (단위 : 원):1=-2.90; consolidated:계속영업기본주당이익(손실) (단위 ::0=-38.77; consolidated:계속영업기본주당이익(손실) (단위 ::1=-2.90; consolidated:희석주당이익(손실) (단위 : 원):0=-38.77; consolidated:희석주당이익(손실) (단위 : 원):1=-2.90; consolidated:계속영업희석주당이익(손실) (단위 ::0=-38.77; consolidated:계속영업희석주당이익(손실) (단위 ::1=-2.90; separate:계속영업기본주당이익(손실) (단위 ::0=-31.41; separate:계속영업기본주당이익(손실) (단위 ::1=-39.28; separate:계속영업희석주당이익(손실) (단위 ::0=-31.41; separate:계속영업희석주당이익(손실) (단위 ::1=-39.28
20260515002235	00131896	2026	Q1	consolidated:기본주당이익(손실) (단위 : 원):0=1502.47; consolidated:기본주당이익(손실) (단위 : 원):1=1424.68; consolidated:희석주당이익(손실) (단위 : 원):0=1502.47; consolidated:희석주당이익(손실) (단위 : 원):1=1424.68; separate:기본주당이익(손실) (단위 : 원):0=1003.12; separate:기본주당이익(손실) (단위 : 원):1=1063.40; separate:희석주당이익(손실) (단위 : 원):0=1003.12; separate:희석주당이익(손실) (단위 : 원):1=1063.40
20260515002247	01043853	2026	Q1	consolidated:기본주당이익(손실) (단위 : 원):0=-101.26; consolidated:기본주당이익(손실) (단위 : 원):1=-424.95; consolidated:희석주당이익(손실) (단위 : 원):0=-101.26; consolidated:희석주당이익(손실) (단위 : 원):1=-424.95; separate:기본주당이익(손실) (단위 : 원):1=-382.27; separate:희석주당이익(손실) (단위 : 원):1=-382.27
20260515002520	00231044	2026	Q1	consolidated:기본주당이익(손실) (단위 : 원):1=-23.59; consolidated:희석주당이익(손실) (단위 : 원):0=11.18; consolidated:희석주당이익(손실) (단위 : 원):1=-23.59; separate:기본주당이익(손실) (단위 : 원):0=191.54; separate:기본주당이익(손실) (단위 : 원):1=-12.47; separate:희석주당이익(손실) (단위 : 원):0=30.04; separate:희석주당이익(손실) (단위 : 원):1=-12.47
20260515002567	00158219	2026	Q1	consolidated:기본주당이익(손실) (단위 : 원):0=-37.31; consolidated:기본주당이익(손실) (단위 : 원):1=-129.22; consolidated:희석주당이익(손실) (단위 : 원):0=-37.31; consolidated:희석주당이익(손실) (단위 : 원):1=-129.22; separate:기본주당이익(손실) (단위 : 원):0=-37.37; separate:기본주당이익(손실) (단위 : 원):1=-130.28; separate:희석주당이익(손실) (단위 : 원):0=-37.37; separate:희석주당이익(손실) (단위 : 원):1=-130.28
20260515002898	00369213	2026	Q1	separate:기본주당이익(손실) (단위 : 원):0=0.3; separate:희석주당이익(손실) (단위 : 원):0=0.3
20260515002955	00117276	2026	Q1	consolidated:기본주당이익(손실) (단위 : 원):0=-17.73; consolidated:기본주당이익(손실) (단위 : 원):1=-19.27; consolidated:희석주당이익(손실) (단위 : 원):0=-17.73; consolidated:희석주당이익(손실) (단위 : 원):1=-19.27; separate:기본주당이익(손실) (단위 : 원):0=-10.99; separate:기본주당이익(손실) (단위 : 원):1=-16.54; separate:희석주당이익(손실) (단위 : 원):0=-10.99; separate:희석주당이익(손실) (단위 : 원):1=-16.54
20260515003113	00220109	2026	Q1	separate:계속영업기본주당이익(손실) (단위 ::0=-72.32; separate:계속영업기본주당이익(손실) (단위 ::1=-39.37; separate:중단영업기본주당이익(손실) (단위 ::1=21.94; separate:계속영업희석주당이익(손실) (단위 ::0=-72.32; separate:계속영업희석주당이익(손실) (단위 ::1=-39.37; separate:중단영업희석주당이익(손실) (단위 ::1=21.94
20260515003122	00602172	2026	Q1	consolidated:기본주당이익(손실) (단위 : 원):0=125.41; consolidated:기본주당이익(손실) (단위 : 원):1=38.75; consolidated:희석주당이익(손실) (단위 : 원):0=125.41; consolidated:희석주당이익(손실) (단위 : 원):1=38.75; separate:기본주당이익(손실) (단위 : 원):1=14.27; separate:희석주당이익(손실) (단위 : 원):0=740.98; separate:희석주당이익(손실) (단위 : 원):1=14.27
20260515003132	00528791	2026	Q1	consolidated:기본주당이익(손실) (단위 : 원):0=-44.34; consolidated:희석주당이익(손실) (단위 : 원):0=-44.34
20260529000793	00131896	2025	FY	consolidated:기본주당이익(손실) (단위 : 원):0=6289.77; consolidated:기본주당이익(손실) (단위 : 원):1=4799.06; consolidated:기본주당이익(손실) (단위 : 원):2=5162.53; consolidated:희석주당이익(손실) (단위 : 원):0=6289.77; consolidated:희석주당이익(손실) (단위 : 원):1=4799.06; consolidated:희석주당이익(손실) (단위 : 원):2=5162.53; separate:기본주당이익(손실) (단위 : 원):0=4279.77; separate:기본주당이익(손실) (단위 : 원):1=3258.29; separate:기본주당이익(손실) (단위 : 원):2=3042.93; separate:희석주당이익(손실) (단위 : 원):0=4279.77; separate:희석주당이익(손실) (단위 : 원):1=3258.29; separate:희석주당이익(손실) (단위 : 원):2=3042.93
20260529002315	01462605	2025	FY	consolidated:기본주당이익(손실) (단위 : 원) :1=225.7; consolidated:기본주당이익(손실) (단위 : 원) :2=36.6; consolidated:희석주당이익(손실) (단위 : 원) :1=225.7; consolidated:희석주당이익(손실) (단위 : 원) :2=36.5; separate:기본주당이익(손실) (단위 : 원) :0=294.6; separate:기본주당이익(손실) (단위 : 원) :1=228.6; separate:기본주당이익(손실) (단위 : 원) :2=42.3; separate:희석주당이익(손실) (단위 : 원) :0=294.6; separate:희석주당이익(손실) (단위 : 원) :1=228.6; separate:희석주당이익(손실) (단위 : 원) :2=42.1
20260617000359	00490090	2026	FY	consolidated:기본주당이익(손실) (단위 : 원):0=448.79; consolidated:기본주당이익(손실) (단위 : 원):1=341.13; consolidated:희석주당이익(손실) (단위 : 원):0=448.79; consolidated:희석주당이익(손실) (단위 : 원):1=341.13; separate:기본주당이익(손실) (단위 : 원):0=485.6; separate:기본주당이익(손실) (단위 : 원):1=168.17; separate:희석주당이익(손실) (단위 : 원):0=485.6; separate:희석주당이익(손실) (단위 : 원):1=168.17
20260731000292	01462605	2025	FY	consolidated:기본주당이익(손실) (단위 : 원) :1=225.7; consolidated:기본주당이익(손실) (단위 : 원) :2=36.6; consolidated:희석주당이익(손실) (단위 : 원) :1=225.7; consolidated:희석주당이익(손실) (단위 : 원) :2=36.5; separate:기본주당이익(손실) (단위 : 원) :0=294.6; separate:기본주당이익(손실) (단위 : 원) :1=228.6; separate:기본주당이익(손실) (단위 : 원) :2=42.3; separate:희석주당이익(손실) (단위 : 원) :0=294.6; separate:희석주당이익(손실) (단위 : 원) :1=228.6; separate:희석주당이익(손실) (단위 : 원) :2=42.1
20260807000168	00490090	2027	Q1	consolidated:기본주당이익(손실) (단위 : 원):1=-6.56; consolidated:희석주당이익(손실) (단위 : 원):1=-6.56; separate:기본주당이익(손실) (단위 : 원):0=57.71; separate:희석주당이익(손실) (단위 : 원):0=57.71
20260811000654	00138516	2026	H1	consolidated:기본주당이익(손실) (단위 : USD:0=-0.02; consolidated:기본주당이익(손실) (단위 : USD:1=0.03; consolidated:희석주당이익(손실) (단위 : USD:0=-0.02; consolidated:희석주당이익(손실) (단위 : USD:1=0.03; separate:기본주당이익(손실) (단위 : USD:0=-0.02; separate:기본주당이익(손실) (단위 : USD:1=0.03; separate:희석주당이익(손실) (단위 : USD:0=-0.02; separate:희석주당이익(손실) (단위 : USD:1=0.03
20260812000298	00146296	2026	H1	separate:기본주당이익(손실) (단위 : 원):0=1.69; separate:기본주당이익(손실) (단위 : 원):1=1.65; separate:희석주당이익(손실) (단위 : 원):0=1.69; separate:희석주당이익(손실) (단위 : 원):1=1.65
20260812000605	01113499	2026	H1	consolidated:기본및희석주당이익(손실) (단위 : :1=-100.50; separate:기본주당이익(손실) (단위 : 원):0=181.10; separate:기본주당이익(손실) (단위 : 원):1=-89.50; separate:희석주당이익(손실) (단위 : 원):0=164.30; separate:희석주당이익(손실) (단위 : 원):1=-89.50
20260813000727	00814582	2026	H1	consolidated:기본주당이익(손실) (단위 : 원) :0=-155.88; consolidated:희석주당이익(손실) (단위 : 원) :0=-165.27; separate:기본주당순이익(손실) (단위 : 원):0=1.3; separate:희석주당순이익(손실) (단위 : 원):0=-18.06
20260813000800	00241209	2027	Q1	consolidated:기본주당이익(손실) (단위 : 원):0=-0.24; consolidated:희석주당이익(손실) (단위 : 원):0=-0.24
20260813001356	00313649	2026	H1	consolidated:기본주당이익(손실) (단위 : 원):0=-175.49; consolidated:계속영업기본주당이익(손실) (단위 ::0=-153.03; consolidated:계속영업기본주당이익(손실) (단위 ::1=-112.85; consolidated:중단영업기본주당이익(손실) (단위 ::0=-22.46; consolidated:중단영업기본주당이익(손실) (단위 ::1=-0.15; consolidated:희석주당이익(손실) (단위 : 원):0=-175.49; consolidated:계속영업희석주당이익(손실) (단위 ::0=-153.03; consolidated:계속영업희석주당이익(손실) (단위 ::1=-112.85; consolidated:중단영업희석주당이익(손실) (단위 ::0=-22.46; consolidated:중단영업희석주당이익(손실) (단위 ::1=-0.15
20260813001784	01032486	2026	H1	consolidated:기본주당순이익 (단위 : USD):0=2.33; consolidated:기본주당순이익 (단위 : USD):1=1.71; consolidated:희석주당순이익 (단위 : USD):0=2.33; consolidated:희석주당순이익 (단위 : USD):1=1.71
20260814000004	01370517	2026	H1	consolidated:기본주당이익(손실) (단위 : 원):0=-527.33; consolidated:기본주당이익(손실) (단위 : 원):1=-2162.35; consolidated:희석주당이익(손실) (단위 : 원):0=-527.33; consolidated:희석주당이익(손실) (단위 : 원):1=-2162.35; separate:기본주당이익(손실) (단위 : 원):0=-529.82; separate:기본주당이익(손실) (단위 : 원):1=-2205.21; separate:희석주당이익(손실) (단위 : 원):0=-529.82; separate:희석주당이익(손실) (단위 : 원):1=-2205.21
20260814000447	01462605	2026	H1	consolidated:기본주당이익(손실) (단위 : 원) :0=119.9; consolidated:기본주당이익(손실) (단위 : 원) :1=17.1; consolidated:희석주당이익(손실) (단위 : 원) :0=119.9; consolidated:희석주당이익(손실) (단위 : 원) :1=17.1; separate:기본주당이익(손실) (단위 : 원) :0=119.1; separate:기본주당이익(손실) (단위 : 원) :1=15.3; separate:희석주당이익(손실) (단위 : 원) :0=119.1; separate:희석주당이익(손실) (단위 : 원) :1=15.3
20260814000510	01311310	2026	H1	consolidated:기본주당이익(손실) (단위 : 원):0=53.65; consolidated:기본주당이익(손실) (단위 : 원):1=-33.39; consolidated:희석주당이익(손실) (단위 : 원):0=53.65; consolidated:희석주당이익(손실) (단위 : 원):1=-33.39; separate:기본주당이익(손실) (단위 : 원):0=57.81; separate:기본주당이익(손실) (단위 : 원):1=2.35; separate:희석주당이익(손실) (단위 : 원):0=57.81; separate:희석주당이익(손실) (단위 : 원):1=2.35
20260814001025	00235183	2026	H1	consolidated:기본주당이익(손실) (단위 : 원):0=478.58; consolidated:기본주당이익(손실) (단위 : 원):1=-14.97; consolidated:희석주당이익(손실) (단위 : 원):0=478.58; consolidated:희석주당이익(손실) (단위 : 원):1=-14.97; separate:기본주당이익(손실) (단위 : 원):0=493.58; separate:기본주당이익(손실) (단위 : 원):1=-32.33; separate:희석주당이익(손실) (단위 : 원):0=493.58; separate:희석주당이익(손실) (단위 : 원):1=-32.33
20260814001112	00958451	2026	H1	separate:기본주당이익(손실) (단위 : 원):0=-166.07; separate:기본주당이익(손실) (단위 : 원):1=354.74; separate:희석주당이익(손실) (단위 : 원):0=-166.07; separate:희석주당이익(손실) (단위 : 원):1=172.03
20260814001431	00145473	2026	H1	separate:기본주당이익(손실) (단위 : 원):0=302.20; separate:기본주당이익(손실) (단위 : 원):1=179.27; separate:희석주당이익(손실) (단위 : 원):0=302.20; separate:희석주당이익(손실) (단위 : 원):1=179.27
20260814001433	01124680	2026	H1	separate:기본주당이익 (단위 : 원):0=-0.2; separate:희석주당이익 (단위 : 원):0=-0.2
20260814001600	00317487	2026	H1	consolidated:기본주당이익(손실) (단위 : 원):0=-49.48; consolidated:기본주당이익(손실) (단위 : 원):1=-97.95; consolidated:희석주당이익(손실) (단위 : 원):0=-49.48; consolidated:희석주당이익(손실) (단위 : 원):1=-97.95; separate:기본주당이익(손실) (단위 : 원):0=-69.91; separate:기본주당이익(손실) (단위 : 원):1=-81.32; separate:희석주당이익(손실) (단위 : 원):0=-69.91; separate:희석주당이익(손실) (단위 : 원):1=-81.32
20260814001631	01343665	2026	H1	consolidated:기본주당이익(손실) (단위 : 원):0=735.96; consolidated:기본주당이익(손실) (단위 : 원):1=151.99; consolidated:희석주당이익(손실) (단위 : 원):0=733.13; consolidated:희석주당이익(손실) (단위 : 원):1=151.93; separate:기본주당이익(손실) (단위 : 원):0=804.19; separate:기본주당이익(손실) (단위 : 원):1=237.35; separate:희석주당이익(손실) (단위 : 원):0=801.09; separate:희석주당이익(손실) (단위 : 원):1=237.35
20260814001647	00131850	2026	H1	consolidated:기본주당이익 (단위 : 원) (주41:0=181.2; consolidated:기본주당이익 (단위 : 원) (주41:1=37.76; consolidated:희석주당이익 (단위 : 원) (주41:0=163.3; consolidated:희석주당이익 (단위 : 원) (주41:1=37.76; separate:기본주당이익 (단위 : 원) (주38:0=137.41; separate:기본주당이익 (단위 : 원) (주38:1=15.63; separate:희석주당이익 (단위 : 원) (주38:0=123.83; separate:희석주당이익 (단위 : 원) (주38:1=15.63
20260814001843	00164618	2026	H1	consolidated:계속영업기본주당이익(손실)  (단위 :0=2.4; consolidated:계속영업기본주당이익(손실)  (단위 :1=15.2; consolidated:계속영업희석주당이익(손실) (단위 ::0=2.4; consolidated:계속영업희석주당이익(손실) (단위 ::1=15.2; separate:계속영업기본주당이익(손실) (단위 ::0=4.8; separate:계속영업기본주당이익(손실) (단위 ::1=15.5; separate:계속영업희석주당이익(손실) (단위 ::0=4.8; separate:계속영업희석주당이익(손실) (단위 ::1=15.5
20260814002086	00220109	2026	H1	separate:계속영업기본주당이익(손실) (단위 ::0=-150.31; separate:계속영업기본주당이익(손실) (단위 ::1=-55.96; separate:중단영업기본주당이익(손실) (단위 ::1=38.92; separate:계속영업희석주당이익(손실) (단위 ::0=-150.31; separate:계속영업희석주당이익(손실) (단위 ::1=-55.96; separate:중단영업희석주당이익(손실) (단위 ::1=38.92
20260814002172	00120906	2026	H1	separate:기본주당이익(손실) (단위 : 원):0=-30.28; separate:기본주당이익(손실) (단위 : 원):1=-4.88; separate:희석주당이익(손실) (단위 : 원):0=-30.28; separate:희석주당이익(손실) (단위 : 원):1=-4.88
20260814002213	01419205	2026	H1	consolidated:기본주당이익(손실) (단위 : 원):1=125.2; consolidated:희석주당이익(손실) (단위 : 원):1=125.2; separate:기본주당이익(손실) (단위 : 원):0=18.1; separate:기본주당이익(손실) (단위 : 원):1=125.2; separate:희석주당이익(손실) (단위 : 원):0=18.1; separate:희석주당이익(손실) (단위 : 원):1=125.2
20260814002279	00136457	2026	H1	consolidated:기본주당이익(손실) (단위 : 원):0=-5.4; consolidated:기본주당이익(손실) (단위 : 원):1=-507.7; consolidated:희석주당이익(손실) (단위 : 원):0=-5.4; consolidated:희석주당이익(손실) (단위 : 원):1=-507.7; separate:기본주당이익(손실) (단위 : 원):0=-138.9; separate:기본주당이익(손실) (단위 : 원):1=-496.6; separate:희석주당이익(손실) (단위 : 원):0=-138.9; separate:희석주당이익(손실) (단위 : 원):1=-496.6
20260814002359	00130879	2026	H1	separate:기본주당이익(손실) (단위 : 원):0=-10.67; separate:기본주당이익(손실) (단위 : 원):1=-30.18; separate:희석주당이익(손실) (단위 : 원):0=-10.67; separate:희석주당이익(손실) (단위 : 원):1=-30.18
20260814002370	00267942	2026	H1	separate:기본주당순이익 (단위 : 원):0=246.30; separate:기본주당순이익 (단위 : 원):1=58.90; separate:희석주당순이익 (단위 : 원):0=246.30; separate:희석주당순이익 (단위 : 원):1=58.90
20260814002546	00297095	2026	H1	separate:기본주당이익(손실) (단위 : 원):0=224.30; separate:기본주당이익(손실) (단위 : 원):1=222.20
20260814002694	00339072	2026	H1	separate:기본주당이익(손실) (단위 : 원):0=36.22; separate:기본주당이익(손실) (단위 : 원):1=46.42; separate:희석주당이익(손실) (단위 : 원):0=36.22; separate:희석주당이익(손실) (단위 : 원):1=46.42
20260814002734	00144021	2026	H1	separate:기본주당이익(손실) (단위 : 원):0=-71.2; separate:기본주당이익(손실) (단위 : 원):1=-134.5; separate:희석주당이익(손실) (단위 : 원):0=-71.2; separate:희석주당이익(손실) (단위 : 원):1=-134.5
20260814002772	01105621	2026	H1	separate:기본주당순이익(손실) (단위 : 원):0=8.54; separate:기본주당순이익(손실) (단위 : 원):1=414.33; separate:계속영업기본주당이익(손실) (단위 ::0=8.54; separate:계속영업기본주당이익(손실) (단위 ::1=414.33; separate:희석주당순이익(손실) (단위 : 원):0=8.54; separate:희석주당순이익(손실) (단위 : 원):1=414.33; separate:계속영업희석주당이익(손실) (단위 ::0=8.54; separate:계속영업희석주당이익(손실) (단위 ::1=414.33
20260814002799	00620558	2026	H1	consolidated:기본주당이익(손실) (단위 : 원):0=-246.98; consolidated:기본주당이익(손실) (단위 : 원):1=-3346.29; consolidated:희석주당이익(손실) (단위 : 원):0=-246.98; consolidated:희석주당이익(손실) (단위 : 원):1=-3346.29; separate:기본주당이익(손실) (단위 : 원):0=-329.90; separate:기본주당이익(손실) (단위 : 원):1=-3064.17; separate:희석주당이익(손실) (단위 : 원):0=-329.90; separate:희석주당이익(손실) (단위 : 원):1=-3064.17
20260814002935	00158219	2026	H1	consolidated:기본주당이익(손실) (단위 : 원):0=-43.44; consolidated:기본주당이익(손실) (단위 : 원):1=-161.83; consolidated:희석주당이익(손실) (단위 : 원):0=-43.44; consolidated:희석주당이익(손실) (단위 : 원):1=-161.83; separate:기본주당이익(손실) (단위 : 원):0=-43.35; separate:기본주당이익(손실) (단위 : 원):1=-162.94; separate:희석주당이익(손실) (단위 : 원):0=-43.35; separate:희석주당이익(손실) (단위 : 원):1=-162.94
20260814002966	00141626	2027	Q1	separate:기본주당이익(손실) (단위 : 원):0=81.75; separate:기본주당이익(손실) (단위 : 원):1=-17.14; separate:희석주당이익(손실) (단위 : 원):0=81.75; separate:희석주당이익(손실) (단위 : 원):1=-17.14
20260814003019	01043853	2026	H1	consolidated:계속영업기본주당이익(손실) (단위 ::0=-150.18; consolidated:계속영업기본주당이익(손실) (단위 ::1=-393.21; consolidated:중단영업기본주당이익(손실) (단위 ::0=-14.99; consolidated:중단영업기본주당이익(손실) (단위 ::1=-13.71; consolidated:계속영업희석주당이익(손실) (단위 ::0=-150.18; consolidated:계속영업희석주당이익(손실) (단위 ::1=-393.21; consolidated:중단영업희석주당이익(손실) (단위 ::0=-14.99; consolidated:중단영업희석주당이익(손실) (단위 ::1=-13.71; separate:기본주당이익(손실) (단위 : 원):0=-112.02; separate:기본주당이익(손실) (단위 : 원):1=-354.42; separate:희석주당이익(손실) (단위 : 원):0=-112.02; separate:희석주당이익(손실) (단위 : 원):1=-354.42
20260814003039	00660291	2026	H1	separate:기본주당이익(손실) (단위 : 원):0=735.63; separate:기본주당이익(손실) (단위 : 원):1=588.15; separate:희석주당이익(손실) (단위 : 원):0=735.63; separate:희석주당이익(손실) (단위 : 원):1=588.15
20260814003212	00350020	2026	H1	consolidated:기본주당이익(손실) (단위 : 원):0=-210.4; consolidated:기본주당이익(손실) (단위 : 원):1=-128.7; consolidated:희석주당이익(손실) (단위 : 원):0=-210.4; consolidated:희석주당이익(손실) (단위 : 원):1=-128.7; separate:기본주당이익(손실) (단위 : 원):0=-266.6; separate:기본주당이익(손실) (단위 : 원):1=12.6; separate:희석주당이익(손실) (단위 : 원):0=-266.6; separate:희석주당이익(손실) (단위 : 원):1=12.6
20260814003255	00136165	2026	H1	consolidated:기본 및 희석주당손익 (단위 : 원):0=35.36; consolidated:기본 및 희석주당손익 (단위 : 원):1=-14.56; separate:기본 및 희석주당손익 (단위 : 원):0=70.71; separate:기본 및 희석주당손익 (단위 : 원):1=32.52
20260814003333	01327092	2026	H1	consolidated:기본주당이익(손실) (단위 : 원):0=-258.73; consolidated:기본주당이익(손실) (단위 : 원):1=-434.66; consolidated:희석주당이익(손실) (단위 : 원):0=-258.73; consolidated:희석주당이익(손실) (단위 : 원):1=-434.66; separate:기본주당이익(손실) (단위 : 원):0=-255.77; separate:기본주당이익(손실) (단위 : 원):1=-436.31; separate:희석주당이익(손실) (단위 : 원):0=-255.77; separate:희석주당이익(손실) (단위 : 원):1=-436.31
20260814003406	00104573	2026	H1	consolidated:계속영업기본주당이익(손실) (단위 ::0=-3.6; consolidated:계속영업기본주당이익(손실) (단위 ::1=1.9; consolidated:중단영업기본주당이익(손실) (단위 ::0=-1.4; consolidated:중단영업기본주당이익(손실) (단위 ::1=-0.1; consolidated:계속영업희석주당이익(손실) (단위 ::0=-3.6; consolidated:계속영업희석주당이익(손실) (단위 ::1=1.9; consolidated:중단영업희석주당이익(손실) (단위 ::0=-1.4; consolidated:중단영업희석주당이익(손실) (단위 ::1=-0.1; separate:계속영업기본주당이익(손실) (단위 ::0=-3.6; separate:계속영업기본주당이익(손실) (단위 ::1=19.5; separate:중단영업기본주당이익(손실) (단위 ::0=-1.4; separate:계속영업희석주당이익(손실) (단위 ::0=-3.6; separate:계속영업희석주당이익(손실) (단위 ::1=19.5; separate:중단영업희석주당이익(손실) (단위 ::0=-1.4
20260814003499	01358463	2026	H1	consolidated:기본주당이익(손실) (단위 : 원):1=46.20; consolidated:희석주당이익(손실) (단위 : 원):0=101.70; consolidated:희석주당이익(손실) (단위 : 원):1=46.20; separate:기본주당이익(손실) (단위 : 원):0=119.3; separate:기본주당이익(손실) (단위 : 원):1=47.2; separate:희석주당이익(손실) (단위 : 원):0=118.9; separate:희석주당이익(손실) (단위 : 원):1=47.2
20260814003597	01032486	2026	H1	consolidated:기본주당순이익 (단위 : USD):0=2.33; consolidated:기본주당순이익 (단위 : USD):1=1.71; consolidated:희석주당순이익 (단위 : USD):0=2.33; consolidated:희석주당순이익 (단위 : USD):1=1.71
20260814003825	00231044	2026	H1	consolidated:기본주당이익(손실) (단위 : 원):0=105.94; consolidated:기본주당이익(손실) (단위 : 원):1=109.48; consolidated:희석주당이익(손실) (단위 : 원):0=-21.56; consolidated:희석주당이익(손실) (단위 : 원):1=0.34; separate:기본주당이익(손실) (단위 : 원):0=64.49; separate:기본주당이익(손실) (단위 : 원):1=122.41; separate:희석주당이익(손실) (단위 : 원):0=-60.49; separate:희석주당이익(손실) (단위 : 원):1=12.36
20260814003934	00117276	2026	H1	consolidated:기본주당이익(손실) (단위 : 원):0=-27.61; consolidated:기본주당이익(손실) (단위 : 원):1=-29.63; consolidated:희석주당이익(손실) (단위 : 원):0=-27.61; consolidated:희석주당이익(손실) (단위 : 원):1=-29.63; separate:기본주당이익(손실) (단위 : 원):0=-9.22; separate:기본주당이익(손실) (단위 : 원):1=-23.94; separate:희석주당이익(손실) (단위 : 원):0=-9.22; separate:희석주당이익(손실) (단위 : 원):1=-23.94
