company,corp_code,combo,metric,period,classification,detail,timestamp
이수페타시스,00107613,연간x연결,revenue,2009,data_gap,"UI blank, DB=None",2026-07-07T20:33:58
이수페타시스,00107613,연간x연결,operating_income,2009,data_gap,"UI blank, DB=None",2026-07-07T20:33:58
이수페타시스,00107613,분기x연결,revenue,2011 CQ2,data_gap,"UI blank, DB=None",2026-07-07T20:34:10
이수페타시스,00107613,분기x연결,revenue,2011 CQ3,data_gap,"UI blank, DB=None",2026-07-07T20:34:10
이수페타시스,00107613,분기x연결,revenue,2011 CQ4,data_gap,"UI blank, DB=None",2026-07-07T20:34:10
이수페타시스,00107613,분기x연결,operating_income,2011 CQ2,data_gap,"UI blank, DB=None",2026-07-07T20:34:10
이수페타시스,00107613,분기x연결,operating_income,2011 CQ3,data_gap,"UI blank, DB=None",2026-07-07T20:34:10
이수페타시스,00107613,분기x연결,operating_income,2011 CQ4,data_gap,"UI blank, DB=None",2026-07-07T20:34:10
이수화학,00145552,연간x연결,revenue,2010,data_gap,"UI blank, DB=None",2026-07-07T20:34:30
이수화학,00145552,연간x연결,operating_income,2004,data_gap,"UI blank, DB=None",2026-07-07T20:34:30
이수화학,00145552,연간x연결,operating_income,2006,data_gap,"UI blank, DB=None",2026-07-07T20:34:30
이수화학,00145552,연간x연결,operating_income,2007,data_gap,"UI blank, DB=None",2026-07-07T20:34:30
이수화학,00145552,연간x연결,operating_income,2010,data_gap,"UI blank, DB=None",2026-07-07T20:34:30
이수화학,00145552,연간x별도,operating_income,2006,data_gap,"UI blank, DB=None",2026-07-07T20:34:35
이수화학,00145552,분기x연결,operating_income,2004 CQ1,data_gap,"UI blank, DB=None",2026-07-07T20:34:42
이수화학,00145552,분기x연결,operating_income,2004 CQ2,data_gap,"UI blank, DB=None",2026-07-07T20:34:42
이수화학,00145552,분기x연결,operating_income,2004 CQ3,data_gap,"UI blank, DB=None",2026-07-07T20:34:42
이수화학,00145552,분기x연결,operating_income,2004 CQ4,data_gap,"UI blank, DB=None",2026-07-07T20:34:42
이수화학,00145552,분기x연결,operating_income,2005 CQ1,data_gap,"UI blank, DB=None",2026-07-07T20:34:42
이수화학,00145552,분기x연결,operating_income,2006 CQ2,data_gap,"UI blank, DB=None",2026-07-07T20:34:42
이수화학,00145552,분기x연결,operating_income,2006 CQ3,data_gap,"UI blank, DB=None",2026-07-07T20:34:42
이수화학,00145552,분기x연결,operating_income,2006 CQ4,data_gap,"UI blank, DB=None",2026-07-07T20:34:42
이수화학,00145552,분기x연결,operating_income,2007 CQ1,data_gap,"UI blank, DB=None",2026-07-07T20:34:42
이수화학,00145552,분기x연결,operating_income,2007 CQ2,data_gap,"UI blank, DB=None",2026-07-07T20:34:42
이수화학,00145552,분기x연결,operating_income,2007 CQ3,data_gap,"UI blank, DB=None",2026-07-07T20:34:42
이수화학,00145552,분기x연결,operating_income,2007 CQ4,data_gap,"UI blank, DB=None",2026-07-07T20:34:42
이수화학,00145552,분기x별도,revenue,2005 CQ3,data_gap,"UI blank, DB=None",2026-07-07T20:34:49
이수화학,00145552,분기x별도,revenue,2005 CQ4,data_gap,"UI blank, DB=None",2026-07-07T20:34:49
이수화학,00145552,분기x별도,operating_income,2005 CQ3,data_gap,"UI blank, DB=None",2026-07-07T20:34:49
이수화학,00145552,분기x별도,operating_income,2005 CQ4,data_gap,"UI blank, DB=None",2026-07-07T20:34:49
이수화학,00145552,분기x별도,operating_income,2006 CQ2,data_gap,"UI blank, DB=None",2026-07-07T20:34:49
이수화학,00145552,분기x별도,operating_income,2006 CQ3,data_gap,"UI blank, DB=None",2026-07-07T20:34:49
이수화학,00145552,분기x별도,operating_income,2006 CQ4,data_gap,"UI blank, DB=None",2026-07-07T20:34:49
이스타코,00134565,분기x연결,revenue,2011 CQ2,data_gap,"UI blank, DB=None",2026-07-07T20:35:13
이스타코,00134565,분기x연결,revenue,2011 CQ3,data_gap,"UI blank, DB=None",2026-07-07T20:35:13
이스타코,00134565,분기x연결,revenue,2011 CQ4,data_gap,"UI blank, DB=None",2026-07-07T20:35:13
이스타코,00134565,분기x연결,operating_income,2011 CQ2,data_gap,"UI blank, DB=None",2026-07-07T20:35:13
이스타코,00134565,분기x연결,operating_income,2011 CQ3,data_gap,"UI blank, DB=None",2026-07-07T20:35:13
이스타코,00134565,분기x연결,operating_income,2011 CQ4,data_gap,"UI blank, DB=None",2026-07-07T20:35:13
이월드,00540605,분기x연결,revenue,2011 CQ2,data_gap,"UI blank, DB=None",2026-07-07T20:36:50
이월드,00540605,분기x연결,revenue,2011 CQ3,data_gap,"UI blank, DB=None",2026-07-07T20:36:50
이월드,00540605,분기x연결,revenue,2011 CQ4,data_gap,"UI blank, DB=None",2026-07-07T20:36:50
이월드,00540605,분기x연결,operating_income,2011 CQ2,data_gap,"UI blank, DB=None",2026-07-07T20:36:50
이월드,00540605,분기x연결,operating_income,2011 CQ3,data_gap,"UI blank, DB=None",2026-07-07T20:36:50
이월드,00540605,분기x연결,operating_income,2011 CQ4,data_gap,"UI blank, DB=None",2026-07-07T20:36:50
이화산업,00145686,연간x별도,revenue,2007,data_gap,"UI blank, DB=None",2026-07-07T20:37:15
이화산업,00145686,연간x별도,operating_income,2001,data_gap,"UI blank, DB=None",2026-07-07T20:37:15
이화산업,00145686,연간x별도,operating_income,2007,data_gap,"UI blank, DB=None",2026-07-07T20:37:15
인천도시가스,00145862,연간x별도,revenue,2005,data_gap,"UI blank, DB=None",2026-07-07T20:38:18
인천도시가스,00145862,연간x별도,operating_income,2005,data_gap,"UI blank, DB=None",2026-07-07T20:38:18
인팩,00180795,분기x별도,operating_income,2007 CQ2,data_gap,"UI blank, DB=None",2026-07-07T20:39:36
인팩,00180795,분기x별도,operating_income,2007 CQ3,data_gap,"UI blank, DB=None",2026-07-07T20:39:36
일동홀딩스,00146083,연간x별도,revenue,2001,data_gap,"UI blank, DB=None",2026-07-07T20:40:25
일동홀딩스,00146083,연간x별도,operating_income,2001,data_gap,"UI blank, DB=None",2026-07-07T20:40:25
일동홀딩스,00146083,분기x연결,revenue,2011 CQ2,data_gap,"UI blank, DB=None",2026-07-07T20:40:31
일동홀딩스,00146083,분기x연결,revenue,2011 CQ3,data_gap,"UI blank, DB=None",2026-07-07T20:40:31
일동홀딩스,00146083,분기x연결,revenue,2011 CQ4,data_gap,"UI blank, DB=None",2026-07-07T20:40:31
일동홀딩스,00146083,분기x연결,operating_income,2011 CQ2,data_gap,"UI blank, DB=None",2026-07-07T20:40:31
일동홀딩스,00146083,분기x연결,operating_income,2011 CQ3,data_gap,"UI blank, DB=None",2026-07-07T20:40:31
일동홀딩스,00146083,분기x연결,operating_income,2011 CQ4,data_gap,"UI blank, DB=None",2026-07-07T20:40:31
일성건설,00146232,연간x별도,revenue,2002,data_gap,"UI blank, DB=None",2026-07-07T20:40:58
일성건설,00146232,연간x별도,operating_income,2002,data_gap,"UI blank, DB=None",2026-07-07T20:40:58
일신방직,00146269,분기x별도,operating_income,2006 CQ2,data_gap,"UI blank, DB=None",2026-07-07T20:42:15
일신방직,00146269,분기x별도,operating_income,2006 CQ3,data_gap,"UI blank, DB=None",2026-07-07T20:42:15
일신석재,00146296,분기x연결,revenue,2005 CQ3,data_gap,"UI blank, DB=None",2026-07-07T20:42:38
일신석재,00146296,분기x연결,revenue,2005 CQ4,data_gap,"UI blank, DB=None",2026-07-07T20:42:38
일신석재,00146296,분기x연결,revenue,2006 CQ1,data_gap,"UI blank, DB=None",2026-07-07T20:42:38
일신석재,00146296,분기x연결,revenue,2006 CQ2,data_gap,"UI blank, DB=None",2026-07-07T20:42:38
일신석재,00146296,분기x연결,revenue,2006 CQ3,data_gap,"UI blank, DB=None",2026-07-07T20:42:38
일신석재,00146296,분기x연결,revenue,2006 CQ4,data_gap,"UI blank, DB=None",2026-07-07T20:42:38
일신석재,00146296,분기x연결,operating_income,2005 CQ3,data_gap,"UI blank, DB=None",2026-07-07T20:42:38
일신석재,00146296,분기x연결,operating_income,2005 CQ4,data_gap,"UI blank, DB=None",2026-07-07T20:42:38
일신석재,00146296,분기x연결,operating_income,2006 CQ1,data_gap,"UI blank, DB=None",2026-07-07T20:42:38
일신석재,00146296,분기x연결,operating_income,2006 CQ2,data_gap,"UI blank, DB=None",2026-07-07T20:42:38
일신석재,00146296,분기x연결,operating_income,2006 CQ3,data_gap,"UI blank, DB=None",2026-07-07T20:42:38
일신석재,00146296,분기x연결,operating_income,2006 CQ4,data_gap,"UI blank, DB=None",2026-07-07T20:42:38
일신석재,00146296,분기x별도,revenue,2005 CQ3,data_gap,"UI blank, DB=None",2026-07-07T20:42:46
일신석재,00146296,분기x별도,revenue,2005 CQ4,data_gap,"UI blank, DB=None",2026-07-07T20:42:46
일신석재,00146296,분기x별도,revenue,2006 CQ1,data_gap,"UI blank, DB=None",2026-07-07T20:42:46
일신석재,00146296,분기x별도,revenue,2006 CQ2,data_gap,"UI blank, DB=None",2026-07-07T20:42:46
일신석재,00146296,분기x별도,revenue,2006 CQ3,data_gap,"UI blank, DB=None",2026-07-07T20:42:46
일신석재,00146296,분기x별도,revenue,2006 CQ4,data_gap,"UI blank, DB=None",2026-07-07T20:42:46
일신석재,00146296,분기x별도,operating_income,2005 CQ3,data_gap,"UI blank, DB=None",2026-07-07T20:42:46
일신석재,00146296,분기x별도,operating_income,2005 CQ4,data_gap,"UI blank, DB=None",2026-07-07T20:42:46
일신석재,00146296,분기x별도,operating_income,2006 CQ1,data_gap,"UI blank, DB=None",2026-07-07T20:42:46
일신석재,00146296,분기x별도,operating_income,2006 CQ2,data_gap,"UI blank, DB=None",2026-07-07T20:42:46
일신석재,00146296,분기x별도,operating_income,2006 CQ3,data_gap,"UI blank, DB=None",2026-07-07T20:42:46
일신석재,00146296,분기x별도,operating_income,2006 CQ4,data_gap,"UI blank, DB=None",2026-07-07T20:42:46
일양약품,00146454,분기x연결,revenue,2013 CQ2,data_gap,"UI blank, DB=None",2026-07-07T20:43:10
일양약품,00146454,분기x연결,revenue,2013 CQ3,data_gap,"UI blank, DB=None",2026-07-07T20:43:10
일양약품,00146454,분기x연결,revenue,2013 CQ4,data_gap,"UI blank, DB=None",2026-07-07T20:43:10
일양약품,00146454,분기x연결,operating_income,2013 CQ2,data_gap,"UI blank, DB=None",2026-07-07T20:43:10
일양약품,00146454,분기x연결,operating_income,2013 CQ3,data_gap,"UI blank, DB=None",2026-07-07T20:43:10
일양약품,00146454,분기x연결,operating_income,2013 CQ4,data_gap,"UI blank, DB=None",2026-07-07T20:43:10
일진디스플,00198697,연간x별도,operating_income,2006,data_gap,"UI blank, DB=None",2026-07-07T20:44:07
일진디스플,00198697,분기x별도,revenue,2007 CQ2,data_gap,"UI blank, DB=None",2026-07-07T20:44:21
일진디스플,00198697,분기x별도,revenue,2007 CQ3,data_gap,"UI blank, DB=None",2026-07-07T20:44:21
일진디스플,00198697,분기x별도,operating_income,2007 CQ2,data_gap,"UI blank, DB=None",2026-07-07T20:44:21
일진디스플,00198697,분기x별도,operating_income,2007 CQ3,data_gap,"UI blank, DB=None",2026-07-07T20:44:21
일진홀딩스,00146649,연간x연결,revenue,2009,data_gap,"UI blank, DB=None",2026-07-07T20:45:36
일진홀딩스,00146649,연간x연결,operating_income,2009,data_gap,"UI blank, DB=None",2026-07-07T20:45:36
일진홀딩스,00146649,연간x별도,revenue,2009,data_gap,"UI blank, DB=None",2026-07-07T20:45:41
일진홀딩스,00146649,연간x별도,revenue,2024,data_gap,"UI blank, DB=None",2026-07-07T20:45:41
일진홀딩스,00146649,연간x별도,operating_income,2009,data_gap,"UI blank, DB=None",2026-07-07T20:45:41
일진홀딩스,00146649,분기x별도,revenue,2024 CQ4,data_gap,"UI blank, DB=None",2026-07-07T20:45:54
일진홀딩스,00146649,분기x별도,revenue,2025 CQ1,data_gap,"UI blank, DB=None",2026-07-07T20:45:54
일진홀딩스,00146649,분기x별도,revenue,2025 CQ2,data_gap,"UI blank, DB=None",2026-07-07T20:45:54
잇츠한불,00911955,분기x연결,revenue,2014 CQ2,data_gap,"UI blank, DB=None",2026-07-07T20:46:19
잇츠한불,00911955,분기x연결,revenue,2014 CQ3,data_gap,"UI blank, DB=None",2026-07-07T20:46:19
잇츠한불,00911955,분기x연결,revenue,2014 CQ4,data_gap,"UI blank, DB=None",2026-07-07T20:46:19
잇츠한불,00911955,분기x연결,operating_income,2014 CQ2,data_gap,"UI blank, DB=None",2026-07-07T20:46:19
잇츠한불,00911955,분기x연결,operating_income,2014 CQ3,data_gap,"UI blank, DB=None",2026-07-07T20:46:19
잇츠한불,00911955,분기x연결,operating_income,2014 CQ4,data_gap,"UI blank, DB=None",2026-07-07T20:46:19
잇츠한불,00911955,분기x별도,revenue,2014 CQ2,data_gap,"UI blank, DB=None",2026-07-07T20:46:27
잇츠한불,00911955,분기x별도,revenue,2014 CQ3,data_gap,"UI blank, DB=None",2026-07-07T20:46:27
잇츠한불,00911955,분기x별도,revenue,2014 CQ4,data_gap,"UI blank, DB=None",2026-07-07T20:46:27
잇츠한불,00911955,분기x별도,operating_income,2014 CQ2,data_gap,"UI blank, DB=None",2026-07-07T20:46:27
잇츠한불,00911955,분기x별도,operating_income,2014 CQ3,data_gap,"UI blank, DB=None",2026-07-07T20:46:27
잇츠한불,00911955,분기x별도,operating_income,2014 CQ4,data_gap,"UI blank, DB=None",2026-07-07T20:46:27
자화전자,00146861,연간x별도,revenue,2002,data_gap,"UI blank, DB=None",2026-07-07T20:47:16
자화전자,00146861,연간x별도,revenue,2009,data_gap,"UI blank, DB=None",2026-07-07T20:47:16
자화전자,00146861,연간x별도,operating_income,2002,data_gap,"UI blank, DB=None",2026-07-07T20:47:16
자화전자,00146861,연간x별도,operating_income,2009,data_gap,"UI blank, DB=None",2026-07-07T20:47:16
자화전자,00146861,분기x연결,revenue,2011 CQ2,data_gap,"UI blank, DB=None",2026-07-07T20:47:22
자화전자,00146861,분기x연결,revenue,2011 CQ3,data_gap,"UI blank, DB=None",2026-07-07T20:47:22
자화전자,00146861,분기x연결,revenue,2011 CQ4,data_gap,"UI blank, DB=None",2026-07-07T20:47:22
자화전자,00146861,분기x연결,operating_income,2011 CQ2,data_gap,"UI blank, DB=None",2026-07-07T20:47:22
자화전자,00146861,분기x연결,operating_income,2011 CQ3,data_gap,"UI blank, DB=None",2026-07-07T20:47:22
자화전자,00146861,분기x연결,operating_income,2011 CQ4,data_gap,"UI blank, DB=None",2026-07-07T20:47:22
전방,00147222,연간x별도,revenue,2002,data_gap,"UI blank, DB=None",2026-07-07T20:47:47
전방,00147222,연간x별도,operating_income,2002,data_gap,"UI blank, DB=None",2026-07-07T20:47:47
전방,00147222,분기x연결,revenue,2008 CQ1,data_gap,"UI blank, DB=None",2026-07-07T20:47:53
전방,00147222,분기x연결,revenue,2008 CQ2,data_gap,"UI blank, DB=None",2026-07-07T20:47:53
전방,00147222,분기x연결,revenue,2008 CQ3,data_gap,"UI blank, DB=None",2026-07-07T20:47:53
전방,00147222,분기x연결,revenue,2011 CQ2,data_gap,"UI blank, DB=None",2026-07-07T20:47:53
전방,00147222,분기x연결,revenue,2011 CQ3,data_gap,"UI blank, DB=None",2026-07-07T20:47:53
전방,00147222,분기x연결,revenue,2011 CQ4,data_gap,"UI blank, DB=None",2026-07-07T20:47:53
전방,00147222,분기x연결,operating_income,2011 CQ2,data_gap,"UI blank, DB=None",2026-07-07T20:47:53
전방,00147222,분기x연결,operating_income,2011 CQ3,data_gap,"UI blank, DB=None",2026-07-07T20:47:53
전방,00147222,분기x연결,operating_income,2011 CQ4,data_gap,"UI blank, DB=None",2026-07-07T20:47:53
전방,00147222,분기x별도,revenue,2006 CQ2,data_gap,"UI blank, DB=None",2026-07-07T20:48:01
전방,00147222,분기x별도,revenue,2006 CQ3,data_gap,"UI blank, DB=None",2026-07-07T20:48:01
전방,00147222,분기x별도,operating_income,2006 CQ2,data_gap,"UI blank, DB=None",2026-07-07T20:48:01
전방,00147222,분기x별도,operating_income,2006 CQ3,data_gap,"UI blank, DB=None",2026-07-07T20:48:01
제이에스코퍼레이션,00332927,분기x연결,revenue,2014 CQ2,data_gap,"UI blank, DB=None",2026-07-07T20:48:56
제이에스코퍼레이션,00332927,분기x연결,revenue,2014 CQ3,data_gap,"UI blank, DB=None",2026-07-07T20:48:56
제이에스코퍼레이션,00332927,분기x연결,revenue,2014 CQ4,data_gap,"UI blank, DB=None",2026-07-07T20:48:56
제이에스코퍼레이션,00332927,분기x연결,operating_income,2014 CQ2,data_gap,"UI blank, DB=None",2026-07-07T20:48:56
제이에스코퍼레이션,00332927,분기x연결,operating_income,2014 CQ3,data_gap,"UI blank, DB=None",2026-07-07T20:48:56
제이에스코퍼레이션,00332927,분기x연결,operating_income,2014 CQ4,data_gap,"UI blank, DB=None",2026-07-07T20:48:56
제이에스코퍼레이션,00332927,분기x별도,revenue,2014 CQ2,data_gap,"UI blank, DB=None",2026-07-07T20:49:03
제이에스코퍼레이션,00332927,분기x별도,revenue,2014 CQ3,data_gap,"UI blank, DB=None",2026-07-07T20:49:03
제이에스코퍼레이션,00332927,분기x별도,revenue,2014 CQ4,data_gap,"UI blank, DB=None",2026-07-07T20:49:03
제이에스코퍼레이션,00332927,분기x별도,operating_income,2014 CQ2,data_gap,"UI blank, DB=None",2026-07-07T20:49:03
제이에스코퍼레이션,00332927,분기x별도,operating_income,2014 CQ3,data_gap,"UI blank, DB=None",2026-07-07T20:49:03
제이에스코퍼레이션,00332927,분기x별도,operating_income,2014 CQ4,data_gap,"UI blank, DB=None",2026-07-07T20:49:03
제일기획,00148276,연간x연결,revenue,2009,data_gap,"UI blank, DB=None",2026-07-07T20:49:17
제일기획,00148276,연간x연결,operating_income,2009,data_gap,"UI blank, DB=None",2026-07-07T20:49:17
제일기획,00148276,분기x연결,revenue,2006 CQ1,data_gap,"UI blank, DB=None",2026-07-07T20:49:28
제일기획,00148276,분기x연결,revenue,2006 CQ2,data_gap,"UI blank, DB=None",2026-07-07T20:49:28
제일기획,00148276,분기x연결,revenue,2007 CQ1,data_gap,"UI blank, DB=None",2026-07-07T20:49:28
제일기획,00148276,분기x연결,revenue,2007 CQ2,data_gap,"UI blank, DB=None",2026-07-07T20:49:28
제일기획,00148276,분기x연결,revenue,2008 CQ1,data_gap,"UI blank, DB=None",2026-07-07T20:49:28
제일기획,00148276,분기x연결,revenue,2008 CQ2,data_gap,"UI blank, DB=None",2026-07-07T20:49:28
제일파마홀딩스,00148443,연간x별도,revenue,2005,data_gap,"UI blank, DB=None",2026-07-07T20:50:56
제일파마홀딩스,00148443,연간x별도,revenue,2024,data_gap,"UI blank, DB=None",2026-07-07T20:50:56
제일파마홀딩스,00148443,연간x별도,operating_income,2005,data_gap,"UI blank, DB=None",2026-07-07T20:50:56
제일파마홀딩스,00148443,분기x별도,revenue,2024 CQ4,data_gap,"UI blank, DB=None",2026-07-07T20:51:09
제일파마홀딩스,00148443,분기x별도,revenue,2025 CQ1,data_gap,"UI blank, DB=None",2026-07-07T20:51:09
제일파마홀딩스,00148443,분기x별도,revenue,2025 CQ2,data_gap,"UI blank, DB=None",2026-07-07T20:51:09
제일파마홀딩스,00148443,분기x별도,revenue,2025 CQ3,data_gap,"UI blank, DB=None",2026-07-07T20:51:09
제주은행,00148832,연간x연결,revenue,2000,data_gap,"UI blank, DB=None",2026-07-07T20:51:23
제주은행,00148832,연간x연결,revenue,2001,data_gap,"UI blank, DB=None",2026-07-07T20:51:23
제주은행,00148832,연간x연결,revenue,2013,data_gap,"UI blank, DB=None",2026-07-07T20:51:23
제주은행,00148832,연간x연결,operating_income,2000,data_gap,"UI blank, DB=None",2026-07-07T20:51:23
제주은행,00148832,연간x연결,operating_income,2001,data_gap,"UI blank, DB=None",2026-07-07T20:51:23
제주은행,00148832,연간x연결,operating_income,2003,data_gap,"UI blank, DB=None",2026-07-07T20:51:23
제주은행,00148832,연간x연결,operating_income,2006,data_gap,"UI blank, DB=None",2026-07-07T20:51:23
제주은행,00148832,연간x별도,revenue,2013,data_gap,"UI blank, DB=None",2026-07-07T20:51:28
제주은행,00148832,연간x별도,revenue,2014,data_gap,"UI blank, DB=None",2026-07-07T20:51:28
제주은행,00148832,연간x별도,revenue,2015,data_gap,"UI blank, DB=None",2026-07-07T20:51:28
제주은행,00148832,연간x별도,revenue,2016,data_gap,"UI blank, DB=None",2026-07-07T20:51:28
제주은행,00148832,연간x별도,revenue,2017,data_gap,"UI blank, DB=None",2026-07-07T20:51:28
제주은행,00148832,연간x별도,operating_income,2000,data_gap,"UI blank, DB=None",2026-07-07T20:51:28
제주은행,00148832,연간x별도,operating_income,2014,data_gap,"UI blank, DB=None",2026-07-07T20:51:28
제주은행,00148832,연간x별도,operating_income,2015,data_gap,"UI blank, DB=None",2026-07-07T20:51:28
제주은행,00148832,연간x별도,operating_income,2016,data_gap,"UI blank, DB=None",2026-07-07T20:51:28
제주은행,00148832,연간x별도,operating_income,2017,data_gap,"UI blank, DB=None",2026-07-07T20:51:28
제주은행,00148832,분기x연결,revenue,2013 CQ3,data_gap,"UI blank, DB=None",2026-07-07T20:51:34
제주은행,00148832,분기x연결,revenue,2013 CQ4,data_gap,"UI blank, DB=None",2026-07-07T20:51:34
제주은행,00148832,분기x연결,operating_income,2006 CQ1,data_gap,"UI blank, DB=None",2026-07-07T20:51:34
제주은행,00148832,분기x연결,operating_income,2007 CQ1,data_gap,"UI blank, DB=None",2026-07-07T20:51:34
제주은행,00148832,분기x연결,operating_income,2007 CQ2,data_gap,"UI blank, DB=None",2026-07-07T20:51:34
제주은행,00148832,분기x연결,operating_income,2007 CQ3,data_gap,"UI blank, DB=None",2026-07-07T20:51:34
제주은행,00148832,분기x연결,operating_income,2007 CQ4,data_gap,"UI blank, DB=None",2026-07-07T20:51:34
제주은행,00148832,분기x연결,operating_income,2008 CQ4,data_gap,"UI blank, DB=None",2026-07-07T20:51:34
제주은행,00148832,분기x별도,revenue,2004 CQ3,data_gap,"UI blank, DB=None",2026-07-07T20:51:42
제주은행,00148832,분기x별도,revenue,2006 CQ3,data_gap,"UI blank, DB=None",2026-07-07T20:51:42
제주은행,00148832,분기x별도,revenue,2012 CQ1,data_gap,"UI blank, DB=None",2026-07-07T20:51:42
제주은행,00148832,분기x별도,revenue,2012 CQ2,data_gap,"UI blank, DB=None",2026-07-07T20:51:42
제주은행,00148832,분기x별도,revenue,2012 CQ3,data_gap,"UI blank, DB=None",2026-07-07T20:51:42
제주은행,00148832,분기x별도,revenue,2012 CQ4,data_gap,"UI blank, DB=None",2026-07-07T20:51:42
제주은행,00148832,분기x별도,revenue,2013 CQ1,data_gap,"UI blank, DB=None",2026-07-07T20:51:42
제주은행,00148832,분기x별도,revenue,2013 CQ2,data_gap,"UI blank, DB=None",2026-07-07T20:51:42
제주은행,00148832,분기x별도,revenue,2013 CQ3,data_gap,"UI blank, DB=None",2026-07-07T20:51:42
제주은행,00148832,분기x별도,revenue,2013 CQ4,data_gap,"UI blank, DB=None",2026-07-07T20:51:42
제주은행,00148832,분기x별도,revenue,2014 CQ1,data_gap,"UI blank, DB=None",2026-07-07T20:51:42
제주은행,00148832,분기x별도,revenue,2014 CQ2,data_gap,"UI blank, DB=None",2026-07-07T20:51:42
제주은행,00148832,분기x별도,revenue,2014 CQ3,data_gap,"UI blank, DB=None",2026-07-07T20:51:42
제주은행,00148832,분기x별도,revenue,2014 CQ4,data_gap,"UI blank, DB=None",2026-07-07T20:51:42
제주은행,00148832,분기x별도,revenue,2015 CQ1,data_gap,"UI blank, DB=None",2026-07-07T20:51:42
제주은행,00148832,분기x별도,revenue,2015 CQ2,data_gap,"UI blank, DB=None",2026-07-07T20:51:42
제주은행,00148832,분기x별도,revenue,2015 CQ3,data_gap,"UI blank, DB=None",2026-07-07T20:51:42
제주은행,00148832,분기x별도,revenue,2015 CQ4,data_gap,"UI blank, DB=None",2026-07-07T20:51:42
제주은행,00148832,분기x별도,revenue,2016 CQ1,data_gap,"UI blank, DB=None",2026-07-07T20:51:42
제주은행,00148832,분기x별도,revenue,2016 CQ2,data_gap,"UI blank, DB=None",2026-07-07T20:51:42
제주은행,00148832,분기x별도,revenue,2016 CQ3,data_gap,"UI blank, DB=None",2026-07-07T20:51:42
제주은행,00148832,분기x별도,revenue,2016 CQ4,data_gap,"UI blank, DB=None",2026-07-07T20:51:42
제주은행,00148832,분기x별도,revenue,2017 CQ1,data_gap,"UI blank, DB=None",2026-07-07T20:51:42
제주은행,00148832,분기x별도,revenue,2017 CQ2,data_gap,"UI blank, DB=None",2026-07-07T20:51:42
제주은행,00148832,분기x별도,revenue,2017 CQ3,data_gap,"UI blank, DB=None",2026-07-07T20:51:42
제주은행,00148832,분기x별도,revenue,2017 CQ4,data_gap,"UI blank, DB=None",2026-07-07T20:51:42
제주은행,00148832,분기x별도,revenue,2018 CQ1,data_gap,"UI blank, DB=None",2026-07-07T20:51:42
제주은행,00148832,분기x별도,operating_income,2004 CQ3,data_gap,"UI blank, DB=None",2026-07-07T20:51:42
제주은행,00148832,분기x별도,operating_income,2006 CQ3,data_gap,"UI blank, DB=None",2026-07-07T20:51:42
제주은행,00148832,분기x별도,operating_income,2006 CQ4,data_gap,"UI blank, DB=None",2026-07-07T20:51:42
제주은행,00148832,분기x별도,operating_income,2012 CQ1,data_gap,"UI blank, DB=None",2026-07-07T20:51:42
제주은행,00148832,분기x별도,operating_income,2012 CQ2,data_gap,"UI blank, DB=None",2026-07-07T20:51:42
제주은행,00148832,분기x별도,operating_income,2012 CQ3,data_gap,"UI blank, DB=None",2026-07-07T20:51:42
제주은행,00148832,분기x별도,operating_income,2012 CQ4,data_gap,"UI blank, DB=None",2026-07-07T20:51:42
제주은행,00148832,분기x별도,operating_income,2013 CQ2,data_gap,"UI blank, DB=None",2026-07-07T20:51:42
제주은행,00148832,분기x별도,operating_income,2013 CQ3,data_gap,"UI blank, DB=None",2026-07-07T20:51:42
제주은행,00148832,분기x별도,operating_income,2013 CQ4,data_gap,"UI blank, DB=None",2026-07-07T20:51:42
제주은행,00148832,분기x별도,operating_income,2014 CQ1,data_gap,"UI blank, DB=None",2026-07-07T20:51:42
제주은행,00148832,분기x별도,operating_income,2014 CQ2,data_gap,"UI blank, DB=None",2026-07-07T20:51:42
제주은행,00148832,분기x별도,operating_income,2014 CQ3,data_gap,"UI blank, DB=None",2026-07-07T20:51:42
제주은행,00148832,분기x별도,operating_income,2014 CQ4,data_gap,"UI blank, DB=None",2026-07-07T20:51:42
제주은행,00148832,분기x별도,operating_income,2015 CQ1,data_gap,"UI blank, DB=None",2026-07-07T20:51:42
제주은행,00148832,분기x별도,operating_income,2015 CQ2,data_gap,"UI blank, DB=None",2026-07-07T20:51:42
제주은행,00148832,분기x별도,operating_income,2015 CQ3,data_gap,"UI blank, DB=None",2026-07-07T20:51:42
제주은행,00148832,분기x별도,operating_income,2015 CQ4,data_gap,"UI blank, DB=None",2026-07-07T20:51:42
제주은행,00148832,분기x별도,operating_income,2016 CQ1,data_gap,"UI blank, DB=None",2026-07-07T20:51:42
제주은행,00148832,분기x별도,operating_income,2016 CQ2,data_gap,"UI blank, DB=None",2026-07-07T20:51:42
제주은행,00148832,분기x별도,operating_income,2016 CQ3,data_gap,"UI blank, DB=None",2026-07-07T20:51:42
제주은행,00148832,분기x별도,operating_income,2016 CQ4,data_gap,"UI blank, DB=None",2026-07-07T20:51:42
제주은행,00148832,분기x별도,operating_income,2017 CQ1,data_gap,"UI blank, DB=None",2026-07-07T20:51:42
제주은행,00148832,분기x별도,operating_income,2017 CQ2,data_gap,"UI blank, DB=None",2026-07-07T20:51:42
제주은행,00148832,분기x별도,operating_income,2017 CQ3,data_gap,"UI blank, DB=None",2026-07-07T20:51:42
제주은행,00148832,분기x별도,operating_income,2017 CQ4,data_gap,"UI blank, DB=None",2026-07-07T20:51:42
제주은행,00148832,분기x별도,operating_income,2018 CQ1,data_gap,"UI blank, DB=None",2026-07-07T20:51:42
제주항공,00555874,분기x별도,revenue,2009 CQ3,data_gap,"UI blank, DB=None",2026-07-07T20:52:13
제주항공,00555874,분기x별도,revenue,2009 CQ4,data_gap,"UI blank, DB=None",2026-07-07T20:52:13
제주항공,00555874,분기x별도,operating_income,2009 CQ3,data_gap,"UI blank, DB=None",2026-07-07T20:52:13
제주항공,00555874,분기x별도,operating_income,2009 CQ4,data_gap,"UI blank, DB=None",2026-07-07T20:52:13
조광피혁,00148939,연간x별도,revenue,2005,data_gap,"UI blank, DB=None",2026-07-07T20:53:02
조광피혁,00148939,연간x별도,operating_income,2005,data_gap,"UI blank, DB=None",2026-07-07T20:53:02
조광피혁,00148939,분기x연결,revenue,2011 CQ2,data_gap,"UI blank, DB=None",2026-07-07T20:53:08
조광피혁,00148939,분기x연결,revenue,2011 CQ3,data_gap,"UI blank, DB=None",2026-07-07T20:53:08
조광피혁,00148939,분기x연결,revenue,2011 CQ4,data_gap,"UI blank, DB=None",2026-07-07T20:53:08
조광피혁,00148939,분기x연결,operating_income,2011 CQ2,data_gap,"UI blank, DB=None",2026-07-07T20:53:08
조광피혁,00148939,분기x연결,operating_income,2011 CQ3,data_gap,"UI blank, DB=None",2026-07-07T20:53:08
조광피혁,00148939,분기x연결,operating_income,2011 CQ4,data_gap,"UI blank, DB=None",2026-07-07T20:53:08
조흥,00149345,연간x별도,operating_income,2002,data_gap,"UI blank, DB=None",2026-07-07T20:55:41
조흥,00149345,분기x별도,revenue,2006 CQ3,data_gap,"UI blank, DB=None",2026-07-07T20:55:54
조흥,00149345,분기x별도,operating_income,2006 CQ3,data_gap,"UI blank, DB=None",2026-07-07T20:55:54
종근당바이오,00390055,연간x별도,revenue,2011,data_gap,"UI blank, DB=None",2026-07-07T20:56:45
종근당바이오,00390055,분기x별도,revenue,2011 CQ4,data_gap,"UI blank, DB=None",2026-07-07T20:56:58
종근당홀딩스,00149354,연간x별도,revenue,2017,data_gap,"UI blank, DB=None",2026-07-07T20:57:14
종근당홀딩스,00149354,연간x별도,revenue,2018,data_gap,"UI blank, DB=None",2026-07-07T20:57:14
종근당홀딩스,00149354,분기x연결,revenue,2011 CQ2,data_gap,"UI blank, DB=None",2026-07-07T20:57:20
종근당홀딩스,00149354,분기x연결,revenue,2011 CQ3,data_gap,"UI blank, DB=None",2026-07-07T20:57:20
종근당홀딩스,00149354,분기x연결,revenue,2011 CQ4,data_gap,"UI blank, DB=None",2026-07-07T20:57:20
종근당홀딩스,00149354,분기x연결,operating_income,2011 CQ2,data_gap,"UI blank, DB=None",2026-07-07T20:57:20
종근당홀딩스,00149354,분기x연결,operating_income,2011 CQ3,data_gap,"UI blank, DB=None",2026-07-07T20:57:20
종근당홀딩스,00149354,분기x연결,operating_income,2011 CQ4,data_gap,"UI blank, DB=None",2026-07-07T20:57:20
종근당홀딩스,00149354,분기x별도,revenue,2017 CQ3,data_gap,"UI blank, DB=None",2026-07-07T20:57:28
종근당홀딩스,00149354,분기x별도,revenue,2017 CQ4,data_gap,"UI blank, DB=None",2026-07-07T20:57:28
종근당홀딩스,00149354,분기x별도,revenue,2018 CQ1,data_gap,"UI blank, DB=None",2026-07-07T20:57:28
종근당홀딩스,00149354,분기x별도,revenue,2018 CQ2,data_gap,"UI blank, DB=None",2026-07-07T20:57:28
종근당홀딩스,00149354,분기x별도,revenue,2018 CQ4,data_gap,"UI blank, DB=None",2026-07-07T20:57:28
종근당홀딩스,00149354,분기x별도,revenue,2019 CQ1,data_gap,"UI blank, DB=None",2026-07-07T20:57:28
종근당홀딩스,00149354,분기x별도,revenue,2019 CQ2,data_gap,"UI blank, DB=None",2026-07-07T20:57:28
종근당홀딩스,00149354,분기x별도,revenue,2023 CQ1,data_gap,"UI blank, DB=None",2026-07-07T20:57:28
종근당홀딩스,00149354,분기x별도,revenue,2023 CQ2,data_gap,"UI blank, DB=None",2026-07-07T20:57:28
종근당홀딩스,00149354,분기x별도,revenue,2023 CQ3,data_gap,"UI blank, DB=None",2026-07-07T20:57:28
종근당홀딩스,00149354,분기x별도,revenue,2023 CQ4,data_gap,"UI blank, DB=None",2026-07-07T20:57:28
지누스,00150633,분기x별도,revenue,2012 CQ3,data_gap,"UI blank, DB=None",2026-07-07T20:59:04
지누스,00150633,분기x별도,operating_income,2003 CQ3,data_gap,"UI blank, DB=None",2026-07-07T20:59:04
지누스,00150633,분기x별도,operating_income,2003 CQ4,data_gap,"UI blank, DB=None",2026-07-07T20:59:04
지누스,00150633,분기x별도,operating_income,2012 CQ3,data_gap,"UI blank, DB=None",2026-07-07T20:59:04
진도,00557933,분기x별도,revenue,2009 CQ2,data_gap,"UI blank, DB=None",2026-07-07T21:00:38
진도,00557933,분기x별도,revenue,2009 CQ3,data_gap,"UI blank, DB=None",2026-07-07T21:00:38
진도,00557933,분기x별도,revenue,2010 CQ1,data_gap,"UI blank, DB=None",2026-07-07T21:00:38
진도,00557933,분기x별도,revenue,2010 CQ2,data_gap,"UI blank, DB=None",2026-07-07T21:00:38
진도,00557933,분기x별도,revenue,2010 CQ3,data_gap,"UI blank, DB=None",2026-07-07T21:00:38
진도,00557933,분기x별도,operating_income,2009 CQ2,data_gap,"UI blank, DB=None",2026-07-07T21:00:38
진도,00557933,분기x별도,operating_income,2009 CQ3,data_gap,"UI blank, DB=None",2026-07-07T21:00:38
진도,00557933,분기x별도,operating_income,2010 CQ1,data_gap,"UI blank, DB=None",2026-07-07T21:00:38
진도,00557933,분기x별도,operating_income,2010 CQ2,data_gap,"UI blank, DB=None",2026-07-07T21:00:38
진도,00557933,분기x별도,operating_income,2010 CQ3,data_gap,"UI blank, DB=None",2026-07-07T21:00:38
진양폴리우레탄,00160375,연간x별도,revenue,2001,data_gap,"UI blank, DB=None",2026-07-07T21:01:28
진양폴리우레탄,00160375,연간x별도,revenue,2002,data_gap,"UI blank, DB=None",2026-07-07T21:01:28
진양폴리우레탄,00160375,연간x별도,operating_income,2001,data_gap,"UI blank, DB=None",2026-07-07T21:01:28
진양폴리우레탄,00160375,연간x별도,operating_income,2002,data_gap,"UI blank, DB=None",2026-07-07T21:01:28
진원생명과학,00118521,연간x별도,operating_income,2006,data_gap,"UI blank, DB=None",2026-07-07T21:03:35
진원생명과학,00118521,분기x별도,operating_income,2006 CQ1,data_gap,"UI blank, DB=None",2026-07-07T21:03:49
진원생명과학,00118521,분기x별도,operating_income,2006 CQ2,data_gap,"UI blank, DB=None",2026-07-07T21:03:49
진원생명과학,00118521,분기x별도,operating_income,2006 CQ3,data_gap,"UI blank, DB=None",2026-07-07T21:03:49
진원생명과학,00118521,분기x별도,operating_income,2006 CQ4,data_gap,"UI blank, DB=None",2026-07-07T21:03:49
진원생명과학,00118521,분기x별도,operating_income,2007 CQ1,data_gap,"UI blank, DB=None",2026-07-07T21:03:49
진원생명과학,00118521,분기x별도,operating_income,2007 CQ2,data_gap,"UI blank, DB=None",2026-07-07T21:03:49
진원생명과학,00118521,분기x별도,operating_income,2007 CQ3,data_gap,"UI blank, DB=None",2026-07-07T21:03:49
진흥기업,00150828,연간x연결,revenue,2009,data_gap,"UI blank, DB=None",2026-07-07T21:04:03
진흥기업,00150828,연간x연결,operating_income,2009,data_gap,"UI blank, DB=None",2026-07-07T21:04:03
진흥기업,00150828,분기x연결,revenue,2011 CQ2,data_gap,"UI blank, DB=None",2026-07-07T21:04:14
진흥기업,00150828,분기x연결,revenue,2011 CQ3,data_gap,"UI blank, DB=None",2026-07-07T21:04:14
진흥기업,00150828,분기x연결,revenue,2011 CQ4,data_gap,"UI blank, DB=None",2026-07-07T21:04:14
진흥기업,00150828,분기x연결,operating_income,2011 CQ2,data_gap,"UI blank, DB=None",2026-07-07T21:04:14
진흥기업,00150828,분기x연결,operating_income,2011 CQ3,data_gap,"UI blank, DB=None",2026-07-07T21:04:14
진흥기업,00150828,분기x연결,operating_income,2011 CQ4,data_gap,"UI blank, DB=None",2026-07-07T21:04:14
참엔지니어링,00153621,분기x별도,revenue,2007 CQ2,data_gap,"UI blank, DB=None",2026-07-07T21:04:51
참엔지니어링,00153621,분기x별도,revenue,2007 CQ3,data_gap,"UI blank, DB=None",2026-07-07T21:04:51
참엔지니어링,00153621,분기x별도,revenue,2008 CQ2,data_gap,"UI blank, DB=None",2026-07-07T21:04:51
참엔지니어링,00153621,분기x별도,revenue,2008 CQ3,data_gap,"UI blank, DB=None",2026-07-07T21:04:51
참엔지니어링,00153621,분기x별도,revenue,2009 CQ2,data_gap,"UI blank, DB=None",2026-07-07T21:04:51
참엔지니어링,00153621,분기x별도,revenue,2009 CQ3,data_gap,"UI blank, DB=None",2026-07-07T21:04:51
참엔지니어링,00153621,분기x별도,operating_income,2007 CQ2,data_gap,"UI blank, DB=None",2026-07-07T21:04:51
참엔지니어링,00153621,분기x별도,operating_income,2007 CQ3,data_gap,"UI blank, DB=None",2026-07-07T21:04:51
참엔지니어링,00153621,분기x별도,operating_income,2008 CQ2,data_gap,"UI blank, DB=None",2026-07-07T21:04:51
참엔지니어링,00153621,분기x별도,operating_income,2008 CQ3,data_gap,"UI blank, DB=None",2026-07-07T21:04:51
참엔지니어링,00153621,분기x별도,operating_income,2009 CQ2,data_gap,"UI blank, DB=None",2026-07-07T21:04:51
참엔지니어링,00153621,분기x별도,operating_income,2009 CQ3,data_gap,"UI blank, DB=None",2026-07-07T21:04:51
천일고속,00151395,연간x연결,revenue,2003,data_gap,"UI blank, DB=None",2026-07-07T21:05:05
천일고속,00151395,연간x연결,operating_income,2003,data_gap,"UI blank, DB=None",2026-07-07T21:05:05
천일고속,00151395,연간x별도,revenue,2003,data_gap,"UI blank, DB=None",2026-07-07T21:05:10
천일고속,00151395,연간x별도,operating_income,2003,data_gap,"UI blank, DB=None",2026-07-07T21:05:10
천일고속,00151395,분기x연결,revenue,2006 CQ3,data_gap,"UI blank, DB=None",2026-07-07T21:05:16
천일고속,00151395,분기x연결,operating_income,2006 CQ3,data_gap,"UI blank, DB=None",2026-07-07T21:05:16
천일고속,00151395,분기x별도,revenue,2006 CQ3,data_gap,"UI blank, DB=None",2026-07-07T21:05:24
천일고속,00151395,분기x별도,operating_income,2006 CQ3,data_gap,"UI blank, DB=None",2026-07-07T21:05:24
체시스,00125576,연간x별도,operating_income,2003,data_gap,"UI blank, DB=None",2026-07-07T21:05:40
카카오,00258801,연간x연결,operating_income,2009,data_gap,"UI blank, DB=None",2026-07-07T21:06:07
카카오,00258801,분기x별도,revenue,2005 CQ4,data_gap,"UI blank, DB=None",2026-07-07T21:06:26
카카오,00258801,분기x별도,operating_income,2005 CQ4,data_gap,"UI blank, DB=None",2026-07-07T21:06:26
카프로,00159810,연간x연결,operating_income,2002,data_gap,"UI blank, DB=None",2026-07-07T21:07:41
카프로,00159810,연간x별도,operating_income,2002,data_gap,"UI blank, DB=None",2026-07-07T21:07:46
카프로,00159810,분기x연결,revenue,2006 CQ2,data_gap,"UI blank, DB=None",2026-07-07T21:07:52
카프로,00159810,분기x연결,revenue,2006 CQ3,data_gap,"UI blank, DB=None",2026-07-07T21:07:52
카프로,00159810,분기x연결,operating_income,2006 CQ2,data_gap,"UI blank, DB=None",2026-07-07T21:07:52
카프로,00159810,분기x연결,operating_income,2006 CQ3,data_gap,"UI blank, DB=None",2026-07-07T21:07:52
카프로,00159810,분기x별도,revenue,2006 CQ2,data_gap,"UI blank, DB=None",2026-07-07T21:08:00
카프로,00159810,분기x별도,revenue,2006 CQ3,data_gap,"UI blank, DB=None",2026-07-07T21:08:00
카프로,00159810,분기x별도,operating_income,2006 CQ2,data_gap,"UI blank, DB=None",2026-07-07T21:08:00
카프로,00159810,분기x별도,operating_income,2006 CQ3,data_gap,"UI blank, DB=None",2026-07-07T21:08:00
케이비아이동국실업,00114765,연간x별도,revenue,2006,data_gap,"UI blank, DB=None",2026-07-07T21:08:48
케이비아이동국실업,00114765,연간x별도,operating_income,2006,data_gap,"UI blank, DB=None",2026-07-07T21:08:48
케이비아이동국실업,00114765,분기x연결,revenue,2011 CQ2,data_gap,"UI blank, DB=None",2026-07-07T21:08:55
케이비아이동국실업,00114765,분기x연결,revenue,2011 CQ3,data_gap,"UI blank, DB=None",2026-07-07T21:08:55
케이비아이동국실업,00114765,분기x연결,revenue,2011 CQ4,data_gap,"UI blank, DB=None",2026-07-07T21:08:55
케이비아이동국실업,00114765,분기x연결,operating_income,2011 CQ2,data_gap,"UI blank, DB=None",2026-07-07T21:08:55
케이비아이동국실업,00114765,분기x연결,operating_income,2011 CQ3,data_gap,"UI blank, DB=None",2026-07-07T21:08:55
케이비아이동국실업,00114765,분기x연결,operating_income,2011 CQ4,data_gap,"UI blank, DB=None",2026-07-07T21:08:55
케이씨씨,00105271,연간x별도,revenue,2002,data_gap,"UI blank, DB=None",2026-07-07T21:09:21
케이씨씨,00105271,연간x별도,revenue,2004,data_gap,"UI blank, DB=None",2026-07-07T21:09:21
케이씨씨,00105271,연간x별도,operating_income,2002,data_gap,"UI blank, DB=None",2026-07-07T21:09:21
케이씨씨,00105271,연간x별도,operating_income,2004,data_gap,"UI blank, DB=None",2026-07-07T21:09:21
케이씨티시,00103042,연간x연결,operating_income,2009,data_gap,"UI blank, DB=None",2026-07-07T21:10:49
케이씨티시,00103042,분기x연결,revenue,2011 CQ2,data_gap,"UI blank, DB=None",2026-07-07T21:11:01
케이씨티시,00103042,분기x연결,revenue,2011 CQ3,data_gap,"UI blank, DB=None",2026-07-07T21:11:01
케이씨티시,00103042,분기x연결,revenue,2011 CQ4,data_gap,"UI blank, DB=None",2026-07-07T21:11:01
케이씨티시,00103042,분기x연결,operating_income,2011 CQ2,data_gap,"UI blank, DB=None",2026-07-07T21:11:01
케이씨티시,00103042,분기x연결,operating_income,2011 CQ3,data_gap,"UI blank, DB=None",2026-07-07T21:11:01
케이씨티시,00103042,분기x연결,operating_income,2011 CQ4,data_gap,"UI blank, DB=None",2026-07-07T21:11:01
케이티,00190321,분기x연결,revenue,2005 CQ4,data_gap,"UI blank, DB=None",2026-07-07T21:12:02
케이티,00190321,분기x연결,revenue,2008 CQ1,data_gap,"UI blank, DB=None",2026-07-07T21:12:02
케이티,00190321,분기x연결,revenue,2008 CQ2,data_gap,"UI blank, DB=None",2026-07-07T21:12:02
케이티,00190321,분기x연결,revenue,2008 CQ3,data_gap,"UI blank, DB=None",2026-07-07T21:12:02
케이티,00190321,분기x연결,revenue,2008 CQ4,data_gap,"UI blank, DB=None",2026-07-07T21:12:02
케이티,00190321,분기x연결,revenue,2009 CQ1,data_gap,"UI blank, DB=None",2026-07-07T21:12:02
케이티스카이라이프,00349097,연간x연결,revenue,2024,data_gap,"UI blank, DB=None",2026-07-07T21:12:23
케이티스카이라이프,00349097,연간x별도,revenue,2009,data_gap,"UI blank, DB=None",2026-07-07T21:12:28
케이티스카이라이프,00349097,연간x별도,revenue,2010,data_gap,"UI blank, DB=None",2026-07-07T21:12:28
케이티스카이라이프,00349097,연간x별도,revenue,2024,data_gap,"UI blank, DB=None",2026-07-07T21:12:28
케이티스카이라이프,00349097,연간x별도,operating_income,2009,data_gap,"UI blank, DB=None",2026-07-07T21:12:28
케이티스카이라이프,00349097,연간x별도,operating_income,2010,data_gap,"UI blank, DB=None",2026-07-07T21:12:28
케이티스카이라이프,00349097,분기x연결,revenue,2024 CQ4,data_gap,"UI blank, DB=None",2026-07-07T21:12:34
케이티스카이라이프,00349097,분기x연결,revenue,2025 CQ1,data_gap,"UI blank, DB=None",2026-07-07T21:12:34
케이티스카이라이프,00349097,분기x연결,revenue,2025 CQ2,data_gap,"UI blank, DB=None",2026-07-07T21:12:34
케이티스카이라이프,00349097,분기x별도,revenue,2024 CQ4,data_gap,"UI blank, DB=None",2026-07-07T21:12:42
케이티스카이라이프,00349097,분기x별도,revenue,2025 CQ1,data_gap,"UI blank, DB=None",2026-07-07T21:12:42
케이티스카이라이프,00349097,분기x별도,revenue,2025 CQ2,data_gap,"UI blank, DB=None",2026-07-07T21:12:42
케이티앤지,00244455,연간x별도,revenue,2004,data_gap,"UI blank, DB=None",2026-07-07T21:12:58
케이티앤지,00244455,연간x별도,revenue,2005,data_gap,"UI blank, DB=None",2026-07-07T21:12:58
케이티앤지,00244455,연간x별도,revenue,2009,data_gap,"UI blank, DB=None",2026-07-07T21:12:58
케이티앤지,00244455,연간x별도,operating_income,2004,data_gap,"UI blank, DB=None",2026-07-07T21:12:58
케이티앤지,00244455,연간x별도,operating_income,2005,data_gap,"UI blank, DB=None",2026-07-07T21:12:58
케이티앤지,00244455,연간x별도,operating_income,2009,data_gap,"UI blank, DB=None",2026-07-07T21:12:58
케이티앤지,00244455,분기x별도,revenue,2009 CQ2,data_gap,"UI blank, DB=None",2026-07-07T21:13:11
케이티앤지,00244455,분기x별도,revenue,2009 CQ3,data_gap,"UI blank, DB=None",2026-07-07T21:13:11
케이티앤지,00244455,분기x별도,revenue,2009 CQ4,data_gap,"UI blank, DB=None",2026-07-07T21:13:11
케이티앤지,00244455,분기x별도,operating_income,2009 CQ2,data_gap,"UI blank, DB=None",2026-07-07T21:13:11
케이티앤지,00244455,분기x별도,operating_income,2009 CQ3,data_gap,"UI blank, DB=None",2026-07-07T21:13:11
케이티앤지,00244455,분기x별도,operating_income,2009 CQ4,data_gap,"UI blank, DB=None",2026-07-07T21:13:11
코스맥스비티아이,00219574,연간x연결,revenue,2009,data_gap,"UI blank, DB=None",2026-07-07T21:14:58
코스맥스비티아이,00219574,연간x연결,operating_income,2009,data_gap,"UI blank, DB=None",2026-07-07T21:14:58
코스맥스비티아이,00219574,연간x별도,revenue,2009,data_gap,"UI blank, DB=None",2026-07-07T21:15:03
코스맥스비티아이,00219574,연간x별도,operating_income,2009,data_gap,"UI blank, DB=None",2026-07-07T21:15:03
코스맥스비티아이,00219574,분기x별도,revenue,2006 CQ3,data_gap,"UI blank, DB=None",2026-07-07T21:15:17
코스맥스비티아이,00219574,분기x별도,operating_income,2006 CQ3,data_gap,"UI blank, DB=None",2026-07-07T21:15:17
코스모신소재,00129989,분기x연결,operating_income,2007 CQ1,data_gap,"UI blank, DB=None",2026-07-07T21:15:42
코스모신소재,00129989,분기x별도,operating_income,2007 CQ1,data_gap,"UI blank, DB=None",2026-07-07T21:15:49
코스모화학,00160302,연간x별도,revenue,2003,data_gap,"UI blank, DB=None",2026-07-07T21:16:05
코스모화학,00160302,연간x별도,operating_income,2003,data_gap,"UI blank, DB=None",2026-07-07T21:16:05
코스모화학,00160302,분기x별도,revenue,2010 CQ2,data_gap,"UI blank, DB=None",2026-07-07T21:16:19
코스모화학,00160302,분기x별도,revenue,2010 CQ3,data_gap,"UI blank, DB=None",2026-07-07T21:16:19
코스모화학,00160302,분기x별도,revenue,2010 CQ4,data_gap,"UI blank, DB=None",2026-07-07T21:16:19
코스모화학,00160302,분기x별도,operating_income,2010 CQ2,data_gap,"UI blank, DB=None",2026-07-07T21:16:19
코스모화학,00160302,분기x별도,operating_income,2010 CQ3,data_gap,"UI blank, DB=None",2026-07-07T21:16:19
코스모화학,00160302,분기x별도,operating_income,2010 CQ4,data_gap,"UI blank, DB=None",2026-07-07T21:16:19
코오롱,00152862,분기x연결,operating_income,2006 CQ1,data_gap,"UI blank, DB=None",2026-07-07T21:17:15
코오롱,00152862,분기x연결,operating_income,2006 CQ2,data_gap,"UI blank, DB=None",2026-07-07T21:17:15
코오롱글로벌,00152880,분기x연결,revenue,2007 CQ1,data_gap,"UI blank, DB=None",2026-07-07T21:17:47
코오롱글로벌,00152880,분기x연결,revenue,2007 CQ2,data_gap,"UI blank, DB=None",2026-07-07T21:17:47
코오롱글로벌,00152880,분기x연결,revenue,2008 CQ1,data_gap,"UI blank, DB=None",2026-07-07T21:17:47
코오롱글로벌,00152880,분기x연결,revenue,2008 CQ2,data_gap,"UI blank, DB=None",2026-07-07T21:17:47
코오롱글로벌,00152880,분기x연결,revenue,2008 CQ3,data_gap,"UI blank, DB=None",2026-07-07T21:17:47
코오롱글로벌,00152880,분기x연결,revenue,2011 CQ2,data_gap,"UI blank, DB=None",2026-07-07T21:17:47
코오롱글로벌,00152880,분기x연결,revenue,2011 CQ3,data_gap,"UI blank, DB=None",2026-07-07T21:17:47
코오롱글로벌,00152880,분기x연결,revenue,2011 CQ4,data_gap,"UI blank, DB=None",2026-07-07T21:17:47
코오롱글로벌,00152880,분기x연결,operating_income,2007 CQ1,data_gap,"UI blank, DB=None",2026-07-07T21:17:47
코오롱글로벌,00152880,분기x연결,operating_income,2007 CQ2,data_gap,"UI blank, DB=None",2026-07-07T21:17:47
코오롱글로벌,00152880,분기x연결,operating_income,2008 CQ1,data_gap,"UI blank, DB=None",2026-07-07T21:17:47
코오롱글로벌,00152880,분기x연결,operating_income,2008 CQ2,data_gap,"UI blank, DB=None",2026-07-07T21:17:47
코오롱글로벌,00152880,분기x연결,operating_income,2008 CQ3,data_gap,"UI blank, DB=None",2026-07-07T21:17:47
코오롱글로벌,00152880,분기x연결,operating_income,2011 CQ2,data_gap,"UI blank, DB=None",2026-07-07T21:17:47
코오롱글로벌,00152880,분기x연결,operating_income,2011 CQ3,data_gap,"UI blank, DB=None",2026-07-07T21:17:47
코오롱글로벌,00152880,분기x연결,operating_income,2011 CQ4,data_gap,"UI blank, DB=None",2026-07-07T21:17:47
코웨이,00170558,연간x연결,revenue,2009,data_gap,"UI blank, DB=None",2026-07-07T21:18:37
코웨이,00170558,연간x연결,operating_income,2009,data_gap,"UI blank, DB=None",2026-07-07T21:18:37
콘텐트리중앙,00203315,분기x별도,revenue,2005 CQ1,data_gap,"UI blank, DB=None",2026-07-07T21:19:28
콘텐트리중앙,00203315,분기x별도,revenue,2005 CQ4,data_gap,"UI blank, DB=None",2026-07-07T21:19:28
콘텐트리중앙,00203315,분기x별도,revenue,2006 CQ2,data_gap,"UI blank, DB=None",2026-07-07T21:19:28
콘텐트리중앙,00203315,분기x별도,revenue,2006 CQ3,data_gap,"UI blank, DB=None",2026-07-07T21:19:28
콘텐트리중앙,00203315,분기x별도,operating_income,2006 CQ2,data_gap,"UI blank, DB=None",2026-07-07T21:19:28
콘텐트리중앙,00203315,분기x별도,operating_income,2006 CQ3,data_gap,"UI blank, DB=None",2026-07-07T21:19:28
크래프톤,00760971,연간x별도,operating_income,2015,data_gap,"UI blank, DB=None",2026-07-07T21:22:21
크래프톤,00760971,분기x별도,revenue,2015 CQ2,data_gap,"UI blank, DB=None",2026-07-07T21:22:35
크래프톤,00760971,분기x별도,revenue,2015 CQ3,data_gap,"UI blank, DB=None",2026-07-07T21:22:35
크래프톤,00760971,분기x별도,revenue,2015 CQ4,data_gap,"UI blank, DB=None",2026-07-07T21:22:35
크래프톤,00760971,분기x별도,revenue,2016 CQ4,data_gap,"UI blank, DB=None",2026-07-07T21:22:35
크래프톤,00760971,분기x별도,operating_income,2015 CQ2,data_gap,"UI blank, DB=None",2026-07-07T21:22:35
크래프톤,00760971,분기x별도,operating_income,2015 CQ3,data_gap,"UI blank, DB=None",2026-07-07T21:22:35
크래프톤,00760971,분기x별도,operating_income,2015 CQ4,data_gap,"UI blank, DB=None",2026-07-07T21:22:35
키다리스튜디오,00140131,분기x연결,revenue,2013 CQ2,data_gap,"UI blank, DB=None",2026-07-07T21:22:59
키다리스튜디오,00140131,분기x연결,revenue,2013 CQ3,data_gap,"UI blank, DB=None",2026-07-07T21:22:59
키다리스튜디오,00140131,분기x연결,operating_income,2013 CQ2,data_gap,"UI blank, DB=None",2026-07-07T21:22:59
키다리스튜디오,00140131,분기x연결,operating_income,2013 CQ3,data_gap,"UI blank, DB=None",2026-07-07T21:22:59
태경비케이,00122481,분기x연결,revenue,2014 CQ2,data_gap,"UI blank, DB=None",2026-07-07T21:24:01
태경비케이,00122481,분기x연결,revenue,2014 CQ3,data_gap,"UI blank, DB=None",2026-07-07T21:24:01
태경비케이,00122481,분기x연결,revenue,2014 CQ4,data_gap,"UI blank, DB=None",2026-07-07T21:24:01
태경비케이,00122481,분기x연결,operating_income,2014 CQ2,data_gap,"UI blank, DB=None",2026-07-07T21:24:01
태경비케이,00122481,분기x연결,operating_income,2014 CQ3,data_gap,"UI blank, DB=None",2026-07-07T21:24:01
태경비케이,00122481,분기x연결,operating_income,2014 CQ4,data_gap,"UI blank, DB=None",2026-07-07T21:24:01
태경산업,00153339,분기x연결,revenue,2011 CQ2,data_gap,"UI blank, DB=None",2026-07-07T21:24:33
태경산업,00153339,분기x연결,revenue,2011 CQ3,data_gap,"UI blank, DB=None",2026-07-07T21:24:33
태경산업,00153339,분기x연결,revenue,2011 CQ4,data_gap,"UI blank, DB=None",2026-07-07T21:24:33
태경산업,00153339,분기x연결,operating_income,2011 CQ2,data_gap,"UI blank, DB=None",2026-07-07T21:24:33
태경산업,00153339,분기x연결,operating_income,2011 CQ3,data_gap,"UI blank, DB=None",2026-07-07T21:24:33
태경산업,00153339,분기x연결,operating_income,2011 CQ4,data_gap,"UI blank, DB=None",2026-07-07T21:24:33
태경산업,00153339,분기x별도,revenue,2006 CQ1,data_gap,"UI blank, DB=None",2026-07-07T21:24:40
태경산업,00153339,분기x별도,operating_income,2006 CQ1,data_gap,"UI blank, DB=None",2026-07-07T21:24:40
태경케미컬,00109161,연간x별도,revenue,2006,data_gap,"UI blank, DB=None",2026-07-07T21:24:59
태경케미컬,00109161,연간x별도,operating_income,2006,data_gap,"UI blank, DB=None",2026-07-07T21:24:59
태광산업,00153393,연간x별도,revenue,2002,data_gap,"UI blank, DB=None",2026-07-07T21:25:29
태광산업,00153393,연간x별도,revenue,2003,data_gap,"UI blank, DB=None",2026-07-07T21:25:29
태광산업,00153393,연간x별도,operating_income,2002,data_gap,"UI blank, DB=None",2026-07-07T21:25:29
태광산업,00153393,연간x별도,operating_income,2003,data_gap,"UI blank, DB=None",2026-07-07T21:25:29
태광산업,00153393,분기x연결,revenue,2011 CQ2,data_gap,"UI blank, DB=None",2026-07-07T21:25:35
태광산업,00153393,분기x연결,revenue,2011 CQ3,data_gap,"UI blank, DB=None",2026-07-07T21:25:35
태광산업,00153393,분기x연결,operating_income,2011 CQ2,data_gap,"UI blank, DB=None",2026-07-07T21:25:35
태광산업,00153393,분기x연결,operating_income,2011 CQ3,data_gap,"UI blank, DB=None",2026-07-07T21:25:35
태광산업,00153393,분기x별도,revenue,2006 CQ1,data_gap,"UI blank, DB=None",2026-07-07T21:25:42
태광산업,00153393,분기x별도,revenue,2006 CQ2,data_gap,"UI blank, DB=None",2026-07-07T21:25:42
태광산업,00153393,분기x별도,operating_income,2006 CQ1,data_gap,"UI blank, DB=None",2026-07-07T21:25:42
태광산업,00153393,분기x별도,operating_income,2006 CQ2,data_gap,"UI blank, DB=None",2026-07-07T21:25:42
태림포장,00153524,연간x별도,revenue,2009,data_gap,"UI blank, DB=None",2026-07-07T21:26:01
태림포장,00153524,연간x별도,revenue,2011,data_gap,"UI blank, DB=None",2026-07-07T21:26:01
태림포장,00153524,연간x별도,operating_income,2009,data_gap,"UI blank, DB=None",2026-07-07T21:26:01
태림포장,00153524,연간x별도,operating_income,2011,data_gap,"UI blank, DB=None",2026-07-07T21:26:01
태림포장,00153524,분기x연결,revenue,2013 CQ4,data_gap,"UI blank, DB=None",2026-07-07T21:26:07
태림포장,00153524,분기x연결,revenue,2014 CQ2,data_gap,"UI blank, DB=None",2026-07-07T21:26:07
태림포장,00153524,분기x연결,revenue,2014 CQ3,data_gap,"UI blank, DB=None",2026-07-07T21:26:07
태림포장,00153524,분기x연결,operating_income,2013 CQ4,data_gap,"UI blank, DB=None",2026-07-07T21:26:07
태림포장,00153524,분기x연결,operating_income,2014 CQ2,data_gap,"UI blank, DB=None",2026-07-07T21:26:07
태림포장,00153524,분기x연결,operating_income,2014 CQ3,data_gap,"UI blank, DB=None",2026-07-07T21:26:07
태양금속공업,00153755,연간x별도,revenue,2009,data_gap,"UI blank, DB=None",2026-07-07T21:26:30
태양금속공업,00153755,연간x별도,operating_income,2009,data_gap,"UI blank, DB=None",2026-07-07T21:26:30
태양금속공업,00153755,분기x별도,revenue,2009 CQ4,data_gap,"UI blank, DB=None",2026-07-07T21:26:44
태양금속공업,00153755,분기x별도,operating_income,2009 CQ4,data_gap,"UI blank, DB=None",2026-07-07T21:26:44
태영건설,00153861,분기x연결,revenue,2008 CQ3,data_gap,"UI blank, DB=None",2026-07-07T21:27:09
태영건설,00153861,분기x연결,revenue,2011 CQ2,data_gap,"UI blank, DB=None",2026-07-07T21:27:09
태영건설,00153861,분기x연결,revenue,2011 CQ3,data_gap,"UI blank, DB=None",2026-07-07T21:27:09
태영건설,00153861,분기x연결,revenue,2011 CQ4,data_gap,"UI blank, DB=None",2026-07-07T21:27:09
태영건설,00153861,분기x연결,operating_income,2008 CQ3,data_gap,"UI blank, DB=None",2026-07-07T21:27:09
태영건설,00153861,분기x연결,operating_income,2011 CQ2,data_gap,"UI blank, DB=None",2026-07-07T21:27:09
태영건설,00153861,분기x연결,operating_income,2011 CQ3,data_gap,"UI blank, DB=None",2026-07-07T21:27:09
태영건설,00153861,분기x연결,operating_income,2011 CQ4,data_gap,"UI blank, DB=None",2026-07-07T21:27:09
토니모리,00816544,분기x연결,revenue,2014 CQ2,data_gap,"UI blank, DB=None",2026-07-07T21:28:42
토니모리,00816544,분기x연결,revenue,2014 CQ3,data_gap,"UI blank, DB=None",2026-07-07T21:28:42
토니모리,00816544,분기x연결,operating_income,2014 CQ2,data_gap,"UI blank, DB=None",2026-07-07T21:28:42
토니모리,00816544,분기x연결,operating_income,2014 CQ3,data_gap,"UI blank, DB=None",2026-07-07T21:28:42
토니모리,00816544,분기x별도,revenue,2014 CQ2,data_gap,"UI blank, DB=None",2026-07-07T21:28:49
토니모리,00816544,분기x별도,revenue,2014 CQ3,data_gap,"UI blank, DB=None",2026-07-07T21:28:49
토니모리,00816544,분기x별도,operating_income,2014 CQ2,data_gap,"UI blank, DB=None",2026-07-07T21:28:49
토니모리,00816544,분기x별도,operating_income,2014 CQ3,data_gap,"UI blank, DB=None",2026-07-07T21:28:49
티에이치엔,00118965,연간x연결,revenue,2009,data_gap,"UI blank, DB=None",2026-07-07T21:30:05
티에이치엔,00118965,연간x연결,operating_income,2009,data_gap,"UI blank, DB=None",2026-07-07T21:30:05
티웨이홀딩스,00109514,연간x별도,revenue,2003,data_gap,"UI blank, DB=None",2026-07-07T21:31:43
티웨이홀딩스,00109514,연간x별도,operating_income,2003,data_gap,"UI blank, DB=None",2026-07-07T21:31:43
티웨이홀딩스,00109514,연간x별도,operating_income,2006,data_gap,"UI blank, DB=None",2026-07-07T21:31:43
티웨이홀딩스,00109514,분기x연결,revenue,2011 CQ2,data_gap,"UI blank, DB=None",2026-07-07T21:31:49
티웨이홀딩스,00109514,분기x연결,revenue,2011 CQ3,data_gap,"UI blank, DB=None",2026-07-07T21:31:49
티웨이홀딩스,00109514,분기x연결,revenue,2011 CQ4,data_gap,"UI blank, DB=None",2026-07-07T21:31:49
티웨이홀딩스,00109514,분기x연결,operating_income,2011 CQ2,data_gap,"UI blank, DB=None",2026-07-07T21:31:49
티웨이홀딩스,00109514,분기x연결,operating_income,2011 CQ3,data_gap,"UI blank, DB=None",2026-07-07T21:31:49
티웨이홀딩스,00109514,분기x연결,operating_income,2011 CQ4,data_gap,"UI blank, DB=None",2026-07-07T21:31:49
티케이지휴켐스,00426086,연간x별도,revenue,2005,data_gap,"UI blank, DB=None",2026-07-07T21:32:15
티케이지휴켐스,00426086,연간x별도,operating_income,2005,data_gap,"UI blank, DB=None",2026-07-07T21:32:15
파미셀,00145163,연간x별도,operating_income,2002,data_gap,"UI blank, DB=None",2026-07-07T21:33:16
파미셀,00145163,연간x별도,operating_income,2003,data_gap,"UI blank, DB=None",2026-07-07T21:33:16
파미셀,00145163,연간x별도,operating_income,2004,data_gap,"UI blank, DB=None",2026-07-07T21:33:16
파미셀,00145163,연간x별도,operating_income,2005,data_gap,"UI blank, DB=None",2026-07-07T21:33:16
파미셀,00145163,분기x연결,revenue,2011 CQ2,data_gap,"UI blank, DB=None",2026-07-07T21:33:23
파미셀,00145163,분기x연결,revenue,2011 CQ3,data_gap,"UI blank, DB=None",2026-07-07T21:33:23
파미셀,00145163,분기x연결,revenue,2011 CQ4,data_gap,"UI blank, DB=None",2026-07-07T21:33:23
파미셀,00145163,분기x연결,operating_income,2011 CQ2,data_gap,"UI blank, DB=None",2026-07-07T21:33:23
파미셀,00145163,분기x연결,operating_income,2011 CQ3,data_gap,"UI blank, DB=None",2026-07-07T21:33:23
파미셀,00145163,분기x연결,operating_income,2011 CQ4,data_gap,"UI blank, DB=None",2026-07-07T21:33:23
파미셀,00145163,분기x별도,revenue,2004 CQ1,data_gap,"UI blank, DB=None",2026-07-07T21:33:30
파미셀,00145163,분기x별도,revenue,2004 CQ2,data_gap,"UI blank, DB=None",2026-07-07T21:33:30
퍼스텍,00148522,분기x연결,revenue,2011 CQ2,data_gap,"UI blank, DB=None",2026-07-07T21:35:29
퍼스텍,00148522,분기x연결,revenue,2011 CQ3,data_gap,"UI blank, DB=None",2026-07-07T21:35:29
퍼스텍,00148522,분기x연결,revenue,2011 CQ4,data_gap,"UI blank, DB=None",2026-07-07T21:35:29
퍼스텍,00148522,분기x연결,operating_income,2011 CQ2,data_gap,"UI blank, DB=None",2026-07-07T21:35:29
퍼스텍,00148522,분기x연결,operating_income,2011 CQ3,data_gap,"UI blank, DB=None",2026-07-07T21:35:29
퍼스텍,00148522,분기x연결,operating_income,2011 CQ4,data_gap,"UI blank, DB=None",2026-07-07T21:35:29
페이퍼코리아,00134723,연간x연결,revenue,2007,data_gap,"UI blank, DB=None",2026-07-07T21:36:20
페이퍼코리아,00134723,연간x연결,operating_income,2007,data_gap,"UI blank, DB=None",2026-07-07T21:36:20
페이퍼코리아,00134723,분기x별도,revenue,2005 CQ2,data_gap,"UI blank, DB=None",2026-07-07T21:36:39
페이퍼코리아,00134723,분기x별도,revenue,2005 CQ3,data_gap,"UI blank, DB=None",2026-07-07T21:36:39
페이퍼코리아,00134723,분기x별도,operating_income,2005 CQ2,data_gap,"UI blank, DB=None",2026-07-07T21:36:39
페이퍼코리아,00134723,분기x별도,operating_income,2005 CQ3,data_gap,"UI blank, DB=None",2026-07-07T21:36:39
평화산업,00573579,분기x연결,revenue,2011 CQ2,data_gap,"UI blank, DB=None",2026-07-07T21:37:02
평화산업,00573579,분기x연결,revenue,2011 CQ3,data_gap,"UI blank, DB=None",2026-07-07T21:37:02
평화산업,00573579,분기x연결,revenue,2011 CQ4,data_gap,"UI blank, DB=None",2026-07-07T21:37:02
평화산업,00573579,분기x연결,operating_income,2011 CQ2,data_gap,"UI blank, DB=None",2026-07-07T21:37:02
평화산업,00573579,분기x연결,operating_income,2011 CQ3,data_gap,"UI blank, DB=None",2026-07-07T21:37:02
평화산업,00573579,분기x연결,operating_income,2011 CQ4,data_gap,"UI blank, DB=None",2026-07-07T21:37:02
평화홀딩스,00155124,연간x별도,revenue,2002,data_gap,"UI blank, DB=None",2026-07-07T21:37:28
평화홀딩스,00155124,연간x별도,operating_income,2002,data_gap,"UI blank, DB=None",2026-07-07T21:37:28
포스코스틸리온,00155258,연간x별도,revenue,2001,data_gap,"UI blank, DB=None",2026-07-07T21:37:58
포스코스틸리온,00155258,연간x별도,revenue,2003,data_gap,"UI blank, DB=None",2026-07-07T21:37:58
포스코스틸리온,00155258,연간x별도,revenue,2005,data_gap,"UI blank, DB=None",2026-07-07T21:37:58
포스코스틸리온,00155258,연간x별도,operating_income,2001,data_gap,"UI blank, DB=None",2026-07-07T21:37:58
포스코스틸리온,00155258,연간x별도,operating_income,2003,data_gap,"UI blank, DB=None",2026-07-07T21:37:58
포스코스틸리온,00155258,연간x별도,operating_income,2005,data_gap,"UI blank, DB=None",2026-07-07T21:37:58
포스코인터내셔널,00124504,연간x연결,revenue,2008,data_gap,"UI blank, DB=None",2026-07-07T21:38:26
포스코인터내셔널,00124504,연간x별도,operating_income,2006,data_gap,"UI blank, DB=None",2026-07-07T21:38:31
포스코퓨처엠,00155276,분기x별도,revenue,2005 CQ3,data_gap,"UI blank, DB=None",2026-07-07T21:39:13
포스코퓨처엠,00155276,분기x별도,revenue,2005 CQ4,data_gap,"UI blank, DB=None",2026-07-07T21:39:13
포스코퓨처엠,00155276,분기x별도,operating_income,2005 CQ3,data_gap,"UI blank, DB=None",2026-07-07T21:39:13
포스코퓨처엠,00155276,분기x별도,operating_income,2005 CQ4,data_gap,"UI blank, DB=None",2026-07-07T21:39:13
포스코퓨처엠,00155276,분기x별도,operating_income,2011 CQ1,data_gap,"UI blank, DB=None",2026-07-07T21:39:13
포스코퓨처엠,00155276,분기x별도,operating_income,2011 CQ2,data_gap,"UI blank, DB=None",2026-07-07T21:39:13
풀무원,00155355,연간x연결,revenue,2009,data_gap,"UI blank, DB=None",2026-07-07T21:39:27
풀무원,00155355,분기x연결,revenue,2009 CQ4,data_gap,"UI blank, DB=None",2026-07-07T21:39:38
풀무원,00155355,분기x별도,revenue,2006 CQ2,data_gap,"UI blank, DB=None",2026-07-07T21:39:46
풀무원,00155355,분기x별도,revenue,2006 CQ3,data_gap,"UI blank, DB=None",2026-07-07T21:39:46
풀무원,00155355,분기x별도,revenue,2010 CQ3,data_gap,"UI blank, DB=None",2026-07-07T21:39:46
풀무원,00155355,분기x별도,revenue,2010 CQ4,data_gap,"UI blank, DB=None",2026-07-07T21:39:46
풀무원,00155355,분기x별도,operating_income,2006 CQ2,data_gap,"UI blank, DB=None",2026-07-07T21:39:46
풀무원,00155355,분기x별도,operating_income,2006 CQ3,data_gap,"UI blank, DB=None",2026-07-07T21:39:46
풍산홀딩스,00155531,연간x연결,operating_income,2009,data_gap,"UI blank, DB=None",2026-07-07T21:40:32
풍산홀딩스,00155531,연간x별도,revenue,2002,data_gap,"UI blank, DB=None",2026-07-07T21:40:38
풍산홀딩스,00155531,연간x별도,revenue,2009,data_gap,"UI blank, DB=None",2026-07-07T21:40:38
풍산홀딩스,00155531,연간x별도,operating_income,2009,data_gap,"UI blank, DB=None",2026-07-07T21:40:38
풍산홀딩스,00155531,분기x연결,revenue,2006 CQ3,data_gap,"UI blank, DB=None",2026-07-07T21:40:44
풍산홀딩스,00155531,분기x연결,revenue,2007 CQ1,data_gap,"UI blank, DB=None",2026-07-07T21:40:44
프레스티지바이오파마,01510489,분기x연결,revenue,2025 CQ2,data_gap,"UI blank, DB=None",2026-07-07T21:41:16
프레스티지바이오파마,01510489,분기x연결,revenue,2025 CQ3,data_gap,"UI blank, DB=None",2026-07-07T21:41:16
프리티,00122825,연간x별도,revenue,2002,data_gap,"UI blank, DB=None",2026-07-07T21:41:42
프리티,00122825,분기x별도,operating_income,2007 CQ2,data_gap,"UI blank, DB=None",2026-07-07T21:41:56
프리티,00122825,분기x별도,operating_income,2007 CQ3,data_gap,"UI blank, DB=None",2026-07-07T21:41:56
프리티,00122825,분기x별도,operating_income,2011 CQ1,data_gap,"UI blank, DB=None",2026-07-07T21:41:56
프리티,00122825,분기x별도,operating_income,2011 CQ2,data_gap,"UI blank, DB=None",2026-07-07T21:41:56
하나금융지주,00547583,연간x연결,revenue,2010,data_gap,"UI blank, DB=None",2026-07-07T21:42:10
하나금융지주,00547583,연간x연결,operating_income,2010,data_gap,"UI blank, DB=None",2026-07-07T21:42:10
하나금융지주,00547583,연간x별도,revenue,2013,data_gap,"UI blank, DB=None",2026-07-07T21:42:16
하나금융지주,00547583,연간x별도,revenue,2016,data_gap,"UI blank, DB=None",2026-07-07T21:42:16
하나금융지주,00547583,연간x별도,revenue,2017,data_gap,"UI blank, DB=None",2026-07-07T21:42:16
하나금융지주,00547583,연간x별도,revenue,2018,data_gap,"UI blank, DB=None",2026-07-07T21:42:16
하나금융지주,00547583,연간x별도,revenue,2019,data_gap,"UI blank, DB=None",2026-07-07T21:42:16
하나금융지주,00547583,연간x별도,revenue,2020,data_gap,"UI blank, DB=None",2026-07-07T21:42:16
하나금융지주,00547583,연간x별도,operating_income,2016,data_gap,"UI blank, DB=None",2026-07-07T21:42:16
하나금융지주,00547583,연간x별도,operating_income,2017,data_gap,"UI blank, DB=None",2026-07-07T21:42:16
하나금융지주,00547583,연간x별도,operating_income,2018,data_gap,"UI blank, DB=None",2026-07-07T21:42:16
하나금융지주,00547583,연간x별도,operating_income,2019,data_gap,"UI blank, DB=None",2026-07-07T21:42:16
하나금융지주,00547583,연간x별도,operating_income,2020,data_gap,"UI blank, DB=None",2026-07-07T21:42:16
하나금융지주,00547583,분기x연결,revenue,2010 CQ1,data_gap,"UI blank, DB=None",2026-07-07T21:42:22
하나금융지주,00547583,분기x연결,revenue,2010 CQ2,data_gap,"UI blank, DB=None",2026-07-07T21:42:22
하나금융지주,00547583,분기x연결,revenue,2010 CQ4,data_gap,"UI blank, DB=None",2026-07-07T21:42:22
하나금융지주,00547583,분기x연결,operating_income,2010 CQ1,data_gap,"UI blank, DB=None",2026-07-07T21:42:22
하나금융지주,00547583,분기x연결,operating_income,2010 CQ2,data_gap,"UI blank, DB=None",2026-07-07T21:42:22
하나금융지주,00547583,분기x연결,operating_income,2010 CQ4,data_gap,"UI blank, DB=None",2026-07-07T21:42:22
하나금융지주,00547583,분기x별도,revenue,2011 CQ1,data_gap,"UI blank, DB=None",2026-07-07T21:42:29
하나금융지주,00547583,분기x별도,revenue,2011 CQ2,data_gap,"UI blank, DB=None",2026-07-07T21:42:29
하나금융지주,00547583,분기x별도,revenue,2011 CQ3,data_gap,"UI blank, DB=None",2026-07-07T21:42:29
하나금융지주,00547583,분기x별도,revenue,2011 CQ4,data_gap,"UI blank, DB=None",2026-07-07T21:42:29
하나금융지주,00547583,분기x별도,revenue,2013 CQ1,data_gap,"UI blank, DB=None",2026-07-07T21:42:29
하나금융지주,00547583,분기x별도,revenue,2013 CQ2,data_gap,"UI blank, DB=None",2026-07-07T21:42:29
하나금융지주,00547583,분기x별도,revenue,2013 CQ3,data_gap,"UI blank, DB=None",2026-07-07T21:42:29
하나금융지주,00547583,분기x별도,revenue,2013 CQ4,data_gap,"UI blank, DB=None",2026-07-07T21:42:29
하나금융지주,00547583,분기x별도,revenue,2014 CQ1,data_gap,"UI blank, DB=None",2026-07-07T21:42:29
하나금융지주,00547583,분기x별도,revenue,2014 CQ2,data_gap,"UI blank, DB=None",2026-07-07T21:42:29
하나금융지주,00547583,분기x별도,revenue,2014 CQ3,data_gap,"UI blank, DB=None",2026-07-07T21:42:29
하나투어,00269940,분기x연결,revenue,2011 CQ2,data_gap,"UI blank, DB=None",2026-07-07T21:43:27
하나투어,00269940,분기x연결,revenue,2011 CQ3,data_gap,"UI blank, DB=None",2026-07-07T21:43:27
하나투어,00269940,분기x연결,revenue,2011 CQ4,data_gap,"UI blank, DB=None",2026-07-07T21:43:27
하나투어,00269940,분기x연결,operating_income,2011 CQ2,data_gap,"UI blank, DB=None",2026-07-07T21:43:27
하나투어,00269940,분기x연결,operating_income,2011 CQ3,data_gap,"UI blank, DB=None",2026-07-07T21:43:27
하나투어,00269940,분기x연결,operating_income,2011 CQ4,data_gap,"UI blank, DB=None",2026-07-07T21:43:27
하이트진로,00150244,연간x연결,revenue,2009,data_gap,"UI blank, DB=None",2026-07-07T21:44:53
하이트진로,00150244,연간x연결,operating_income,2009,data_gap,"UI blank, DB=None",2026-07-07T21:44:53
하이트진로,00150244,분기x별도,revenue,2007 CQ4,data_gap,"UI blank, DB=None",2026-07-07T21:45:12
하이트진로,00150244,분기x별도,operating_income,2007 CQ4,data_gap,"UI blank, DB=None",2026-07-07T21:45:12
하이트진로홀딩스,00148993,연간x별도,revenue,2020,data_gap,"UI blank, DB=None",2026-07-07T21:45:32
하이트진로홀딩스,00148993,연간x별도,operating_income,2001,data_gap,"UI blank, DB=None",2026-07-07T21:45:32
하이트진로홀딩스,00148993,연간x별도,operating_income,2003,data_gap,"UI blank, DB=None",2026-07-07T21:45:32
하이트진로홀딩스,00148993,연간x별도,operating_income,2004,data_gap,"UI blank, DB=None",2026-07-07T21:45:32
하이트진로홀딩스,00148993,분기x별도,revenue,2020 CQ2,data_gap,"UI blank, DB=None",2026-07-07T21:45:45
하이트진로홀딩스,00148993,분기x별도,revenue,2020 CQ3,data_gap,"UI blank, DB=None",2026-07-07T21:45:45
하이트진로홀딩스,00148993,분기x별도,revenue,2020 CQ4,data_gap,"UI blank, DB=None",2026-07-07T21:45:45
한국가스공사,00261285,연간x연결,revenue,2007,data_gap,"UI blank, DB=None",2026-07-07T21:45:59
한국가스공사,00261285,연간x연결,revenue,2010,data_gap,"UI blank, DB=None",2026-07-07T21:45:59
한국가스공사,00261285,연간x연결,operating_income,2007,data_gap,"UI blank, DB=None",2026-07-07T21:45:59
한국가스공사,00261285,연간x연결,operating_income,2010,data_gap,"UI blank, DB=None",2026-07-07T21:45:59
한국공항,00156691,연간x연결,revenue,2009,data_gap,"UI blank, DB=None",2026-07-07T21:46:32
한국공항,00156691,연간x연결,operating_income,2009,data_gap,"UI blank, DB=None",2026-07-07T21:46:32
한국공항,00156691,연간x별도,revenue,1999,data_gap,"UI blank, DB=None",2026-07-07T21:46:37
한국공항,00156691,연간x별도,operating_income,1999,data_gap,"UI blank, DB=None",2026-07-07T21:46:37
한국공항,00156691,분기x연결,revenue,2013 CQ2,data_gap,"UI blank, DB=None",2026-07-07T21:46:44
한국공항,00156691,분기x연결,revenue,2013 CQ3,data_gap,"UI blank, DB=None",2026-07-07T21:46:44
한국공항,00156691,분기x연결,revenue,2013 CQ4,data_gap,"UI blank, DB=None",2026-07-07T21:46:44
한국공항,00156691,분기x연결,operating_income,2013 CQ2,data_gap,"UI blank, DB=None",2026-07-07T21:46:44
한국공항,00156691,분기x연결,operating_income,2013 CQ3,data_gap,"UI blank, DB=None",2026-07-07T21:46:44
한국공항,00156691,분기x연결,operating_income,2013 CQ4,data_gap,"UI blank, DB=None",2026-07-07T21:46:44
한국내화,00160205,연간x별도,revenue,2000,data_gap,"UI blank, DB=None",2026-07-07T21:47:42
한국내화,00160205,연간x별도,revenue,2001,data_gap,"UI blank, DB=None",2026-07-07T21:47:42
한국내화,00160205,연간x별도,operating_income,2000,data_gap,"UI blank, DB=None",2026-07-07T21:47:42
한국내화,00160205,연간x별도,operating_income,2001,data_gap,"UI blank, DB=None",2026-07-07T21:47:42
한국단자공업,00157070,분기x연결,revenue,2011 CQ2,data_gap,"UI blank, DB=None",2026-07-07T21:48:20
한국단자공업,00157070,분기x연결,revenue,2011 CQ3,data_gap,"UI blank, DB=None",2026-07-07T21:48:20
한국단자공업,00157070,분기x연결,revenue,2011 CQ4,data_gap,"UI blank, DB=None",2026-07-07T21:48:20
한국단자공업,00157070,분기x연결,operating_income,2011 CQ2,data_gap,"UI blank, DB=None",2026-07-07T21:48:20
한국단자공업,00157070,분기x연결,operating_income,2011 CQ3,data_gap,"UI blank, DB=None",2026-07-07T21:48:20
한국단자공업,00157070,분기x연결,operating_income,2011 CQ4,data_gap,"UI blank, DB=None",2026-07-07T21:48:20
한국무브넥스,00160418,분기x연결,revenue,2010 CQ1,data_gap,"UI blank, DB=None",2026-07-07T21:48:52
한국무브넥스,00160418,분기x연결,revenue,2010 CQ2,data_gap,"UI blank, DB=None",2026-07-07T21:48:52
한국무브넥스,00160418,분기x별도,revenue,2010 CQ1,data_gap,"UI blank, DB=None",2026-07-07T21:49:00
한국무브넥스,00160418,분기x별도,revenue,2010 CQ2,data_gap,"UI blank, DB=None",2026-07-07T21:49:00
한국무브넥스,00160418,분기x별도,revenue,2010 CQ3,data_gap,"UI blank, DB=None",2026-07-07T21:49:00
한국석유공업,00157991,분기x연결,revenue,2011 CQ2,data_gap,"UI blank, DB=None",2026-07-07T21:49:24
한국석유공업,00157991,분기x연결,revenue,2011 CQ3,data_gap,"UI blank, DB=None",2026-07-07T21:49:24
한국석유공업,00157991,분기x연결,revenue,2011 CQ4,data_gap,"UI blank, DB=None",2026-07-07T21:49:24
한국석유공업,00157991,분기x연결,operating_income,2011 CQ2,data_gap,"UI blank, DB=None",2026-07-07T21:49:24
한국석유공업,00157991,분기x연결,operating_income,2011 CQ3,data_gap,"UI blank, DB=None",2026-07-07T21:49:24
한국석유공업,00157991,분기x연결,operating_income,2011 CQ4,data_gap,"UI blank, DB=None",2026-07-07T21:49:24
한국석유공업,00157991,분기x별도,revenue,2003 CQ2,data_gap,"UI blank, DB=None",2026-07-07T21:49:32
한국석유공업,00157991,분기x별도,revenue,2003 CQ3,data_gap,"UI blank, DB=None",2026-07-07T21:49:32
한국석유공업,00157991,분기x별도,revenue,2004 CQ4,data_gap,"UI blank, DB=None",2026-07-07T21:49:32
한국석유공업,00157991,분기x별도,operating_income,2003 CQ2,data_gap,"UI blank, DB=None",2026-07-07T21:49:32
한국석유공업,00157991,분기x별도,operating_income,2003 CQ3,data_gap,"UI blank, DB=None",2026-07-07T21:49:32
한국석유공업,00157991,분기x별도,operating_income,2004 CQ4,data_gap,"UI blank, DB=None",2026-07-07T21:49:32
한국쉘석유,00158149,연간x연결,revenue,2004,data_gap,"UI blank, DB=None",2026-07-07T21:50:18
한국쉘석유,00158149,연간x연결,operating_income,2004,data_gap,"UI blank, DB=None",2026-07-07T21:50:18
한국쉘석유,00158149,연간x별도,revenue,2004,data_gap,"UI blank, DB=None",2026-07-07T21:50:23
한국쉘석유,00158149,연간x별도,operating_income,2004,data_gap,"UI blank, DB=None",2026-07-07T21:50:23
한국앤컴퍼니,00160047,연간x연결,revenue,2009,data_gap,"UI blank, DB=None",2026-07-07T21:50:50
한국앤컴퍼니,00160047,연간x연결,operating_income,2009,data_gap,"UI blank, DB=None",2026-07-07T21:50:50
한국앤컴퍼니,00160047,분기x연결,revenue,2014 CQ2,data_gap,"UI blank, DB=None",2026-07-07T21:51:01
한국앤컴퍼니,00160047,분기x연결,revenue,2014 CQ3,data_gap,"UI blank, DB=None",2026-07-07T21:51:01
한국앤컴퍼니,00160047,분기x연결,revenue,2014 CQ4,data_gap,"UI blank, DB=None",2026-07-07T21:51:01
한국앤컴퍼니,00160047,분기x연결,operating_income,2014 CQ2,data_gap,"UI blank, DB=None",2026-07-07T21:51:01
한국앤컴퍼니,00160047,분기x연결,operating_income,2014 CQ3,data_gap,"UI blank, DB=None",2026-07-07T21:51:01
한국앤컴퍼니,00160047,분기x연결,operating_income,2014 CQ4,data_gap,"UI blank, DB=None",2026-07-07T21:51:01
한국전력공사,00159193,연간x별도,revenue,2003,data_gap,"UI blank, DB=None",2026-07-07T21:51:59
한국전력공사,00159193,연간x별도,operating_income,2003,data_gap,"UI blank, DB=None",2026-07-07T21:51:59
한국전자홀딩스,00159254,연간x연결,revenue,2009,data_gap,"UI blank, DB=None",2026-07-07T21:52:27
한국전자홀딩스,00159254,연간x연결,operating_income,2009,data_gap,"UI blank, DB=None",2026-07-07T21:52:27
한국전자홀딩스,00159254,분기x연결,revenue,2011 CQ2,data_gap,"UI blank, DB=None",2026-07-07T21:52:38
한국전자홀딩스,00159254,분기x연결,revenue,2011 CQ3,data_gap,"UI blank, DB=None",2026-07-07T21:52:38
한국전자홀딩스,00159254,분기x연결,revenue,2011 CQ4,data_gap,"UI blank, DB=None",2026-07-07T21:52:38
한국전자홀딩스,00159254,분기x연결,operating_income,2011 CQ2,data_gap,"UI blank, DB=None",2026-07-07T21:52:38
한국전자홀딩스,00159254,분기x연결,operating_income,2011 CQ3,data_gap,"UI blank, DB=None",2026-07-07T21:52:38
한국전자홀딩스,00159254,분기x연결,operating_income,2011 CQ4,data_gap,"UI blank, DB=None",2026-07-07T21:52:38
한국제지,00133706,분기x별도,revenue,2010 CQ1,data_gap,"UI blank, DB=None",2026-07-07T21:53:18
한국제지,00133706,분기x별도,operating_income,2010 CQ1,data_gap,"UI blank, DB=None",2026-07-07T21:53:18
한국주철관공업,00159573,연간x별도,revenue,2006,data_gap,"UI blank, DB=None",2026-07-07T21:54:40
한국주철관공업,00159573,연간x별도,operating_income,2006,data_gap,"UI blank, DB=None",2026-07-07T21:54:40
한국항공우주,00309503,연간x별도,revenue,2001,data_gap,"UI blank, DB=None",2026-07-07T21:58:24
한국항공우주,00309503,연간x별도,revenue,2003,data_gap,"UI blank, DB=None",2026-07-07T21:58:24
한국항공우주,00309503,연간x별도,operating_income,2001,data_gap,"UI blank, DB=None",2026-07-07T21:58:24
한국항공우주,00309503,연간x별도,operating_income,2003,data_gap,"UI blank, DB=None",2026-07-07T21:58:24
한국화장품제조,00160621,연간x연결,revenue,2011,data_gap,"UI blank, DB=None",2026-07-07T21:59:20
한국화장품제조,00160621,연간x연결,operating_income,2004,data_gap,"UI blank, DB=None",2026-07-07T21:59:20
한국화장품제조,00160621,연간x연결,operating_income,2005,data_gap,"UI blank, DB=None",2026-07-07T21:59:20
한국화장품제조,00160621,연간x연결,operating_income,2006,data_gap,"UI blank, DB=None",2026-07-07T21:59:20
한국화장품제조,00160621,연간x별도,revenue,2011,data_gap,"UI blank, DB=None",2026-07-07T21:59:26
한국화장품제조,00160621,연간x별도,operating_income,2004,data_gap,"UI blank, DB=None",2026-07-07T21:59:26
한국화장품제조,00160621,연간x별도,operating_income,2005,data_gap,"UI blank, DB=None",2026-07-07T21:59:26
한국화장품제조,00160621,연간x별도,operating_income,2006,data_gap,"UI blank, DB=None",2026-07-07T21:59:26
한국화장품제조,00160621,분기x연결,revenue,2001 CQ2,data_gap,"UI blank, DB=None",2026-07-07T21:59:32
한국화장품제조,00160621,분기x연결,operating_income,2002 CQ3,data_gap,"UI blank, DB=None",2026-07-07T21:59:32
한국화장품제조,00160621,분기x연결,operating_income,2003 CQ3,data_gap,"UI blank, DB=None",2026-07-07T21:59:32
한국화장품제조,00160621,분기x별도,revenue,2005 CQ3,data_gap,"UI blank, DB=None",2026-07-07T21:59:39
한국화장품제조,00160621,분기x별도,revenue,2005 CQ4,data_gap,"UI blank, DB=None",2026-07-07T21:59:39
한국화장품제조,00160621,분기x별도,revenue,2011 CQ4,data_gap,"UI blank, DB=None",2026-07-07T21:59:39
한국화장품제조,00160621,분기x별도,operating_income,2005 CQ3,data_gap,"UI blank, DB=None",2026-07-07T21:59:39
한국화장품제조,00160621,분기x별도,operating_income,2005 CQ4,data_gap,"UI blank, DB=None",2026-07-07T21:59:39
한국화장품제조,00160621,분기x별도,operating_income,2006 CQ4,data_gap,"UI blank, DB=None",2026-07-07T21:59:39
한독,00161046,분기x연결,revenue,2014 CQ2,data_gap,"UI blank, DB=None",2026-07-07T22:00:34
한독,00161046,분기x연결,revenue,2014 CQ3,data_gap,"UI blank, DB=None",2026-07-07T22:00:34
한독,00161046,분기x연결,revenue,2014 CQ4,data_gap,"UI blank, DB=None",2026-07-07T22:00:34
한독,00161046,분기x연결,operating_income,2014 CQ2,data_gap,"UI blank, DB=None",2026-07-07T22:00:34
한독,00161046,분기x연결,operating_income,2014 CQ3,data_gap,"UI blank, DB=None",2026-07-07T22:00:34
한독,00161046,분기x연결,operating_income,2014 CQ4,data_gap,"UI blank, DB=None",2026-07-07T22:00:34
한미반도체,00161383,분기x연결,revenue,2011 CQ2,data_gap,"UI blank, DB=None",2026-07-07T22:01:36
한미반도체,00161383,분기x연결,revenue,2011 CQ3,data_gap,"UI blank, DB=None",2026-07-07T22:01:36
한미반도체,00161383,분기x연결,revenue,2011 CQ4,data_gap,"UI blank, DB=None",2026-07-07T22:01:36
한미반도체,00161383,분기x연결,operating_income,2011 CQ2,data_gap,"UI blank, DB=None",2026-07-07T22:01:36
한미반도체,00161383,분기x연결,operating_income,2011 CQ3,data_gap,"UI blank, DB=None",2026-07-07T22:01:36
한미반도체,00161383,분기x연결,operating_income,2011 CQ4,data_gap,"UI blank, DB=None",2026-07-07T22:01:36
한미사이언스,00161426,연간x별도,revenue,2009,data_gap,"UI blank, DB=None",2026-07-07T22:02:02
한미사이언스,00161426,연간x별도,revenue,2010,data_gap,"UI blank, DB=None",2026-07-07T22:02:02
한미사이언스,00161426,연간x별도,operating_income,2009,data_gap,"UI blank, DB=None",2026-07-07T22:02:02
한미사이언스,00161426,연간x별도,operating_income,2010,data_gap,"UI blank, DB=None",2026-07-07T22:02:02
한미사이언스,00161426,분기x연결,revenue,2018 CQ2,data_gap,"UI blank, DB=None",2026-07-07T22:02:08
한미사이언스,00161426,분기x연결,revenue,2018 CQ3,data_gap,"UI blank, DB=None",2026-07-07T22:02:08
한미사이언스,00161426,분기x연결,revenue,2019 CQ1,data_gap,"UI blank, DB=None",2026-07-07T22:02:08
한미사이언스,00161426,분기x연결,revenue,2019 CQ2,data_gap,"UI blank, DB=None",2026-07-07T22:02:08
한미사이언스,00161426,분기x별도,revenue,2009 CQ4,data_gap,"UI blank, DB=None",2026-07-07T22:02:15
한미사이언스,00161426,분기x별도,revenue,2010 CQ4,data_gap,"UI blank, DB=None",2026-07-07T22:02:15
한미사이언스,00161426,분기x별도,operating_income,2009 CQ4,data_gap,"UI blank, DB=None",2026-07-07T22:02:15
한미사이언스,00161426,분기x별도,operating_income,2010 CQ4,data_gap,"UI blank, DB=None",2026-07-07T22:02:15
한샘,00161693,연간x별도,operating_income,2004,data_gap,"UI blank, DB=None",2026-07-07T22:03:04
한샘,00161693,연간x별도,operating_income,2006,data_gap,"UI blank, DB=None",2026-07-07T22:03:04
한샘,00161693,분기x별도,operating_income,2006 CQ4,data_gap,"UI blank, DB=None",2026-07-07T22:03:17
한섬,00188089,분기x연결,revenue,2011 CQ2,data_gap,"UI blank, DB=None",2026-07-07T22:03:42
한섬,00188089,분기x연결,revenue,2011 CQ3,data_gap,"UI blank, DB=None",2026-07-07T22:03:42
한섬,00188089,분기x연결,revenue,2011 CQ4,data_gap,"UI blank, DB=None",2026-07-07T22:03:42
한섬,00188089,분기x연결,operating_income,2011 CQ2,data_gap,"UI blank, DB=None",2026-07-07T22:03:42
한섬,00188089,분기x연결,operating_income,2011 CQ3,data_gap,"UI blank, DB=None",2026-07-07T22:03:42
한섬,00188089,분기x연결,operating_income,2011 CQ4,data_gap,"UI blank, DB=None",2026-07-07T22:03:42
한성기업,00161860,분기x연결,revenue,2011 CQ2,data_gap,"UI blank, DB=None",2026-07-07T22:04:12
한성기업,00161860,분기x연결,revenue,2011 CQ3,data_gap,"UI blank, DB=None",2026-07-07T22:04:12
한성기업,00161860,분기x연결,revenue,2011 CQ4,data_gap,"UI blank, DB=None",2026-07-07T22:04:12
한성기업,00161860,분기x연결,operating_income,2011 CQ2,data_gap,"UI blank, DB=None",2026-07-07T22:04:12
한성기업,00161860,분기x연결,operating_income,2011 CQ3,data_gap,"UI blank, DB=None",2026-07-07T22:04:12
한성기업,00161860,분기x연결,operating_income,2011 CQ4,data_gap,"UI blank, DB=None",2026-07-07T22:04:12
한성기업,00161860,분기x별도,revenue,2005 CQ3,data_gap,"UI blank, DB=None",2026-07-07T22:04:19
한성기업,00161860,분기x별도,revenue,2005 CQ4,data_gap,"UI blank, DB=None",2026-07-07T22:04:19
한성기업,00161860,분기x별도,operating_income,2005 CQ2,data_gap,"UI blank, DB=None",2026-07-07T22:04:19
한성기업,00161860,분기x별도,operating_income,2005 CQ3,data_gap,"UI blank, DB=None",2026-07-07T22:04:19
한성기업,00161860,분기x별도,operating_income,2005 CQ4,data_gap,"UI blank, DB=None",2026-07-07T22:04:19
한솔케미칼,00140955,연간x별도,revenue,2002,data_gap,"UI blank, DB=None",2026-07-07T22:06:42
한솔케미칼,00140955,연간x별도,operating_income,2002,data_gap,"UI blank, DB=None",2026-07-07T22:06:42
한솔케미칼,00140955,분기x연결,revenue,2011 CQ2,data_gap,"UI blank, DB=None",2026-07-07T22:06:48
한솔케미칼,00140955,분기x연결,revenue,2011 CQ3,data_gap,"UI blank, DB=None",2026-07-07T22:06:48
한솔케미칼,00140955,분기x연결,revenue,2011 CQ4,data_gap,"UI blank, DB=None",2026-07-07T22:06:48
한솔케미칼,00140955,분기x연결,operating_income,2011 CQ2,data_gap,"UI blank, DB=None",2026-07-07T22:06:48
한솔케미칼,00140955,분기x연결,operating_income,2011 CQ3,data_gap,"UI blank, DB=None",2026-07-07T22:06:48
한솔케미칼,00140955,분기x연결,operating_income,2011 CQ4,data_gap,"UI blank, DB=None",2026-07-07T22:06:48
한솔케미칼,00140955,분기x별도,revenue,2006 CQ2,data_gap,"UI blank, DB=None",2026-07-07T22:06:55
한솔케미칼,00140955,분기x별도,revenue,2006 CQ3,data_gap,"UI blank, DB=None",2026-07-07T22:06:55
한솔케미칼,00140955,분기x별도,operating_income,2006 CQ2,data_gap,"UI blank, DB=None",2026-07-07T22:06:55
한솔케미칼,00140955,분기x별도,operating_income,2006 CQ3,data_gap,"UI blank, DB=None",2026-07-07T22:06:55
한솔테크닉스,00157399,연간x별도,operating_income,2002,data_gap,"UI blank, DB=None",2026-07-07T22:07:11
한솔테크닉스,00157399,분기x연결,revenue,2011 CQ2,data_gap,"UI blank, DB=None",2026-07-07T22:07:17
한솔테크닉스,00157399,분기x연결,revenue,2011 CQ3,data_gap,"UI blank, DB=None",2026-07-07T22:07:17
한솔테크닉스,00157399,분기x연결,revenue,2011 CQ4,data_gap,"UI blank, DB=None",2026-07-07T22:07:17
한솔테크닉스,00157399,분기x연결,operating_income,2011 CQ2,data_gap,"UI blank, DB=None",2026-07-07T22:07:17
한솔테크닉스,00157399,분기x연결,operating_income,2011 CQ3,data_gap,"UI blank, DB=None",2026-07-07T22:07:17
한솔테크닉스,00157399,분기x연결,operating_income,2011 CQ4,data_gap,"UI blank, DB=None",2026-07-07T22:07:17
한솔테크닉스,00157399,분기x별도,revenue,2005 CQ4,data_gap,"UI blank, DB=None",2026-07-07T22:07:25
한솔테크닉스,00157399,분기x별도,operating_income,2005 CQ4,data_gap,"UI blank, DB=None",2026-07-07T22:07:25
한솔홀딩스,00171636,연간x별도,revenue,2014,data_gap,"UI blank, DB=None",2026-07-07T22:07:43
한솔홀딩스,00171636,분기x연결,revenue,2011 CQ2,data_gap,"UI blank, DB=None",2026-07-07T22:07:50
한솔홀딩스,00171636,분기x연결,revenue,2011 CQ3,data_gap,"UI blank, DB=None",2026-07-07T22:07:50
한솔홀딩스,00171636,분기x연결,revenue,2011 CQ4,data_gap,"UI blank, DB=None",2026-07-07T22:07:50
한솔홀딩스,00171636,분기x연결,operating_income,2011 CQ2,data_gap,"UI blank, DB=None",2026-07-07T22:07:50
한솔홀딩스,00171636,분기x연결,operating_income,2011 CQ3,data_gap,"UI blank, DB=None",2026-07-07T22:07:50
한솔홀딩스,00171636,분기x연결,operating_income,2011 CQ4,data_gap,"UI blank, DB=None",2026-07-07T22:07:50
한솔홀딩스,00171636,분기x별도,revenue,2014 CQ4,data_gap,"UI blank, DB=None",2026-07-07T22:07:57
한솔홈데코,00203582,연간x연결,revenue,2008,data_gap,"UI blank, DB=None",2026-07-07T22:08:08
한솔홈데코,00203582,연간x연결,operating_income,2008,data_gap,"UI blank, DB=None",2026-07-07T22:08:08
한솔홈데코,00203582,연간x별도,revenue,2004,data_gap,"UI blank, DB=None",2026-07-07T22:08:13
한솔홈데코,00203582,연간x별도,operating_income,2004,data_gap,"UI blank, DB=None",2026-07-07T22:08:13
한온시스템,00161125,분기x연결,revenue,2010 CQ2,data_gap,"UI blank, DB=None",2026-07-07T22:10:25
한온시스템,00161125,분기x연결,revenue,2010 CQ3,data_gap,"UI blank, DB=None",2026-07-07T22:10:25
한온시스템,00161125,분기x연결,revenue,2010 CQ4,data_gap,"UI blank, DB=None",2026-07-07T22:10:25
한온시스템,00161125,분기x연결,operating_income,2010 CQ2,data_gap,"UI blank, DB=None",2026-07-07T22:10:25
한온시스템,00161125,분기x연결,operating_income,2010 CQ3,data_gap,"UI blank, DB=None",2026-07-07T22:10:25
한온시스템,00161125,분기x연결,operating_income,2010 CQ4,data_gap,"UI blank, DB=None",2026-07-07T22:10:25
한익스프레스,00129509,연간x별도,revenue,2005,data_gap,"UI blank, DB=None",2026-07-07T22:11:21
한익스프레스,00129509,연간x별도,revenue,2006,data_gap,"UI blank, DB=None",2026-07-07T22:11:21
한익스프레스,00129509,연간x별도,operating_income,2005,data_gap,"UI blank, DB=None",2026-07-07T22:11:21
한익스프레스,00129509,연간x별도,operating_income,2006,data_gap,"UI blank, DB=None",2026-07-07T22:11:21
한일홀딩스,00162993,연간x별도,revenue,2002,data_gap,"UI blank, DB=None",2026-07-07T22:12:57
한일홀딩스,00162993,연간x별도,revenue,2009,data_gap,"UI blank, DB=None",2026-07-07T22:12:57
한일홀딩스,00162993,연간x별도,operating_income,2002,data_gap,"UI blank, DB=None",2026-07-07T22:12:57
한일홀딩스,00162993,연간x별도,operating_income,2009,data_gap,"UI blank, DB=None",2026-07-07T22:12:57
한일홀딩스,00162993,분기x연결,revenue,2011 CQ2,data_gap,"UI blank, DB=None",2026-07-07T22:13:03
한일홀딩스,00162993,분기x연결,revenue,2011 CQ3,data_gap,"UI blank, DB=None",2026-07-07T22:13:03
한일홀딩스,00162993,분기x연결,revenue,2011 CQ4,data_gap,"UI blank, DB=None",2026-07-07T22:13:03
한일홀딩스,00162993,분기x연결,operating_income,2011 CQ2,data_gap,"UI blank, DB=None",2026-07-07T22:13:03
한일홀딩스,00162993,분기x연결,operating_income,2011 CQ3,data_gap,"UI blank, DB=None",2026-07-07T22:13:03
한일홀딩스,00162993,분기x연결,operating_income,2011 CQ4,data_gap,"UI blank, DB=None",2026-07-07T22:13:03
한진,00163512,연간x연결,revenue,2009,data_gap,"UI blank, DB=None",2026-07-07T22:14:24
한진,00163512,연간x연결,operating_income,2009,data_gap,"UI blank, DB=None",2026-07-07T22:14:24
한진,00163512,연간x별도,operating_income,2005,data_gap,"UI blank, DB=None",2026-07-07T22:14:29
한진,00163512,분기x별도,operating_income,2004 CQ4,data_gap,"UI blank, DB=None",2026-07-07T22:14:42
한진,00163512,분기x별도,operating_income,2005 CQ4,data_gap,"UI blank, DB=None",2026-07-07T22:14:42
한진,00163512,분기x별도,operating_income,2006 CQ1,data_gap,"UI blank, DB=None",2026-07-07T22:14:42
한진,00163512,분기x별도,operating_income,2006 CQ2,data_gap,"UI blank, DB=None",2026-07-07T22:14:42
한진,00163512,분기x별도,operating_income,2006 CQ3,data_gap,"UI blank, DB=None",2026-07-07T22:14:42
한진,00163512,분기x별도,operating_income,2006 CQ4,data_gap,"UI blank, DB=None",2026-07-07T22:14:42
한진중공업홀딩스,00163673,연간x연결,revenue,2009,data_gap,"UI blank, DB=None",2026-07-07T22:14:56
한진중공업홀딩스,00163673,연간x연결,revenue,2024,data_gap,"UI blank, DB=None",2026-07-07T22:14:56
한진중공업홀딩스,00163673,연간x연결,operating_income,2009,data_gap,"UI blank, DB=None",2026-07-07T22:14:56
한진중공업홀딩스,00163673,연간x별도,revenue,2024,data_gap,"UI blank, DB=None",2026-07-07T22:15:01
한진중공업홀딩스,00163673,분기x연결,revenue,2024 CQ4,data_gap,"UI blank, DB=None",2026-07-07T22:15:07
한진중공업홀딩스,00163673,분기x연결,revenue,2025 CQ1,data_gap,"UI blank, DB=None",2026-07-07T22:15:07
한진중공업홀딩스,00163673,분기x연결,revenue,2025 CQ2,data_gap,"UI blank, DB=None",2026-07-07T22:15:07
한진중공업홀딩스,00163673,분기x별도,revenue,2024 CQ4,data_gap,"UI blank, DB=None",2026-07-07T22:15:15
한진중공업홀딩스,00163673,분기x별도,revenue,2025 CQ1,data_gap,"UI blank, DB=None",2026-07-07T22:15:15
한진중공업홀딩스,00163673,분기x별도,revenue,2025 CQ2,data_gap,"UI blank, DB=None",2026-07-07T22:15:15
한진칼,00983040,연간x별도,revenue,2018,data_gap,"UI blank, DB=None",2026-07-07T22:15:31
한진칼,00983040,연간x별도,revenue,2019,data_gap,"UI blank, DB=None",2026-07-07T22:15:31
한진칼,00983040,연간x별도,revenue,2020,data_gap,"UI blank, DB=None",2026-07-07T22:15:31
한진칼,00983040,연간x별도,revenue,2021,data_gap,"UI blank, DB=None",2026-07-07T22:15:31
한진칼,00983040,연간x별도,revenue,2022,data_gap,"UI blank, DB=None",2026-07-07T22:15:31
한진칼,00983040,연간x별도,revenue,2023,data_gap,"UI blank, DB=None",2026-07-07T22:15:31
한진칼,00983040,분기x별도,revenue,2018 CQ4,data_gap,"UI blank, DB=None",2026-07-07T22:15:45
한진칼,00983040,분기x별도,revenue,2019 CQ1,data_gap,"UI blank, DB=None",2026-07-07T22:15:45
한진칼,00983040,분기x별도,revenue,2019 CQ2,data_gap,"UI blank, DB=None",2026-07-07T22:15:45
한진칼,00983040,분기x별도,revenue,2019 CQ3,data_gap,"UI blank, DB=None",2026-07-07T22:15:45
한진칼,00983040,분기x별도,revenue,2019 CQ4,data_gap,"UI blank, DB=None",2026-07-07T22:15:45
한진칼,00983040,분기x별도,revenue,2020 CQ1,data_gap,"UI blank, DB=None",2026-07-07T22:15:45
한진칼,00983040,분기x별도,revenue,2020 CQ2,data_gap,"UI blank, DB=None",2026-07-07T22:15:45
한진칼,00983040,분기x별도,revenue,2020 CQ3,data_gap,"UI blank, DB=None",2026-07-07T22:15:45
한진칼,00983040,분기x별도,revenue,2020 CQ4,data_gap,"UI blank, DB=None",2026-07-07T22:15:45
한진칼,00983040,분기x별도,revenue,2021 CQ1,data_gap,"UI blank, DB=None",2026-07-07T22:15:45
한진칼,00983040,분기x별도,revenue,2021 CQ2,data_gap,"UI blank, DB=None",2026-07-07T22:15:45
한진칼,00983040,분기x별도,revenue,2021 CQ3,data_gap,"UI blank, DB=None",2026-07-07T22:15:45
한진칼,00983040,분기x별도,revenue,2021 CQ4,data_gap,"UI blank, DB=None",2026-07-07T22:15:45
한진칼,00983040,분기x별도,revenue,2022 CQ1,data_gap,"UI blank, DB=None",2026-07-07T22:15:45
한진칼,00983040,분기x별도,revenue,2022 CQ2,data_gap,"UI blank, DB=None",2026-07-07T22:15:45
한진칼,00983040,분기x별도,revenue,2022 CQ3,data_gap,"UI blank, DB=None",2026-07-07T22:15:45
한진칼,00983040,분기x별도,revenue,2022 CQ4,data_gap,"UI blank, DB=None",2026-07-07T22:15:45
한진칼,00983040,분기x별도,revenue,2023 CQ4,data_gap,"UI blank, DB=None",2026-07-07T22:15:45
한창,00163716,연간x별도,revenue,2004,data_gap,"UI blank, DB=None",2026-07-07T22:16:03
한창,00163716,연간x별도,operating_income,2004,data_gap,"UI blank, DB=None",2026-07-07T22:16:03
한창,00163716,분기x별도,revenue,2025 CQ2,data_gap,"UI blank, DB=None",2026-07-07T22:16:17
한창,00163716,분기x별도,revenue,2025 CQ3,data_gap,"UI blank, DB=None",2026-07-07T22:16:17
한창,00163716,분기x별도,revenue,2025 CQ4,data_gap,"UI blank, DB=None",2026-07-07T22:16:17
한창제지,00163761,분기x연결,revenue,2005 CQ4,data_gap,"UI blank, DB=None",2026-07-07T22:16:39
한창제지,00163761,분기x연결,revenue,2006 CQ2,data_gap,"UI blank, DB=None",2026-07-07T22:16:39
한창제지,00163761,분기x연결,revenue,2006 CQ3,data_gap,"UI blank, DB=None",2026-07-07T22:16:39
한창제지,00163761,분기x연결,operating_income,2005 CQ4,data_gap,"UI blank, DB=None",2026-07-07T22:16:39
한창제지,00163761,분기x연결,operating_income,2006 CQ2,data_gap,"UI blank, DB=None",2026-07-07T22:16:39
한창제지,00163761,분기x연결,operating_income,2006 CQ3,data_gap,"UI blank, DB=None",2026-07-07T22:16:39
한창제지,00163761,분기x별도,revenue,2005 CQ4,data_gap,"UI blank, DB=None",2026-07-07T22:16:47
한창제지,00163761,분기x별도,revenue,2006 CQ2,data_gap,"UI blank, DB=None",2026-07-07T22:16:47
한창제지,00163761,분기x별도,revenue,2006 CQ3,data_gap,"UI blank, DB=None",2026-07-07T22:16:47
한창제지,00163761,분기x별도,operating_income,2005 CQ4,data_gap,"UI blank, DB=None",2026-07-07T22:16:47
한창제지,00163761,분기x별도,operating_income,2006 CQ2,data_gap,"UI blank, DB=None",2026-07-07T22:16:47
한창제지,00163761,분기x별도,operating_income,2006 CQ3,data_gap,"UI blank, DB=None",2026-07-07T22:16:47
한화,00160588,연간x별도,revenue,2005,data_gap,"UI blank, DB=None",2026-07-07T22:17:36
한화,00160588,연간x별도,operating_income,2005,data_gap,"UI blank, DB=None",2026-07-07T22:17:36
한화생명,00113058,연간x연결,revenue,2011,data_gap,"UI blank, DB=None",2026-07-07T22:19:06
한화생명,00113058,연간x연결,operating_income,2011,data_gap,"UI blank, DB=None",2026-07-07T22:19:06
한화생명,00113058,연간x별도,operating_income,2022,data_gap,"UI blank, DB=None",2026-07-07T22:19:11
한화생명,00113058,분기x별도,revenue,2015 CQ1,data_gap,"UI blank, DB=None",2026-07-07T22:19:25
한화생명,00113058,분기x별도,revenue,2015 CQ2,data_gap,"UI blank, DB=None",2026-07-07T22:19:25
한화생명,00113058,분기x별도,operating_income,2015 CQ1,data_gap,"UI blank, DB=None",2026-07-07T22:19:25
한화생명,00113058,분기x별도,operating_income,2015 CQ2,data_gap,"UI blank, DB=None",2026-07-07T22:19:25
한화생명,00113058,분기x별도,operating_income,2022 CQ1,data_gap,"UI blank, DB=None",2026-07-07T22:19:25
한화생명,00113058,분기x별도,operating_income,2022 CQ2,data_gap,"UI blank, DB=None",2026-07-07T22:19:25
한화생명,00113058,분기x별도,operating_income,2022 CQ3,data_gap,"UI blank, DB=None",2026-07-07T22:19:25
한화생명,00113058,분기x별도,operating_income,2022 CQ4,data_gap,"UI blank, DB=None",2026-07-07T22:19:25
한화생명,00113058,분기x별도,operating_income,2023 CQ2,data_gap,"UI blank, DB=None",2026-07-07T22:19:25
한화생명,00113058,분기x별도,operating_income,2023 CQ3,data_gap,"UI blank, DB=None",2026-07-07T22:19:25
한화손해보험,00135917,연간x연결,revenue,2011,data_gap,"UI blank, DB=None",2026-07-07T22:19:36
한화손해보험,00135917,연간x연결,operating_income,2011,data_gap,"UI blank, DB=None",2026-07-07T22:19:36
한화손해보험,00135917,분기x연결,operating_income,2012 CQ2,data_gap,"UI blank, DB=None",2026-07-07T22:19:47
한화손해보험,00135917,분기x연결,operating_income,2012 CQ3,data_gap,"UI blank, DB=None",2026-07-07T22:19:47
한화손해보험,00135917,분기x연결,operating_income,2012 CQ4,data_gap,"UI blank, DB=None",2026-07-07T22:19:47
한화손해보험,00135917,분기x별도,operating_income,2012 CQ2,data_gap,"UI blank, DB=None",2026-07-07T22:19:54
한화손해보험,00135917,분기x별도,operating_income,2012 CQ3,data_gap,"UI blank, DB=None",2026-07-07T22:19:54
한화손해보험,00135917,분기x별도,operating_income,2012 CQ4,data_gap,"UI blank, DB=None",2026-07-07T22:19:54
한화투자증권,00148610,연간x별도,revenue,2016,data_gap,"UI blank, DB=None",2026-07-07T22:22:49
한화투자증권,00148610,연간x별도,revenue,2017,data_gap,"UI blank, DB=None",2026-07-07T22:22:49
한화투자증권,00148610,연간x별도,operating_income,2016,data_gap,"UI blank, DB=None",2026-07-07T22:22:49
한화투자증권,00148610,연간x별도,operating_income,2017,data_gap,"UI blank, DB=None",2026-07-07T22:22:49
한화투자증권,00148610,분기x연결,revenue,2013 CQ1,data_gap,"UI blank, DB=None",2026-07-07T22:22:55
한화투자증권,00148610,분기x연결,revenue,2013 CQ3,data_gap,"UI blank, DB=None",2026-07-07T22:22:55
한화투자증권,00148610,분기x연결,operating_income,2005 CQ1,data_gap,"UI blank, DB=None",2026-07-07T22:22:55
한화투자증권,00148610,분기x연결,operating_income,2005 CQ2,data_gap,"UI blank, DB=None",2026-07-07T22:22:55
한화투자증권,00148610,분기x연결,operating_income,2013 CQ1,data_gap,"UI blank, DB=None",2026-07-07T22:22:55
한화투자증권,00148610,분기x연결,operating_income,2013 CQ3,data_gap,"UI blank, DB=None",2026-07-07T22:22:55
한화투자증권,00148610,분기x별도,revenue,2013 CQ1,data_gap,"UI blank, DB=None",2026-07-07T22:23:03
한화투자증권,00148610,분기x별도,revenue,2016 CQ4,data_gap,"UI blank, DB=None",2026-07-07T22:23:03
한화투자증권,00148610,분기x별도,revenue,2017 CQ4,data_gap,"UI blank, DB=None",2026-07-07T22:23:03
한화투자증권,00148610,분기x별도,operating_income,2013 CQ1,data_gap,"UI blank, DB=None",2026-07-07T22:23:03
한화투자증권,00148610,분기x별도,operating_income,2016 CQ4,data_gap,"UI blank, DB=None",2026-07-07T22:23:03
한화투자증권,00148610,분기x별도,operating_income,2017 CQ4,data_gap,"UI blank, DB=None",2026-07-07T22:23:03
해태제과식품,00428321,연간x연결,operating_income,2020,data_gap,"UI blank, DB=None",2026-07-07T22:23:48
해태제과식품,00428321,연간x별도,operating_income,2020,data_gap,"UI blank, DB=None",2026-07-07T22:23:53
현대건설,00164478,연간x별도,operating_income,2002,data_gap,"UI blank, DB=None",2026-07-07T22:24:57
현대글로비스,00360595,분기x연결,revenue,2011 CQ2,data_gap,"UI blank, DB=None",2026-07-07T22:26:05
현대글로비스,00360595,분기x연결,revenue,2011 CQ3,data_gap,"UI blank, DB=None",2026-07-07T22:26:05
현대글로비스,00360595,분기x연결,revenue,2011 CQ4,data_gap,"UI blank, DB=None",2026-07-07T22:26:05
현대글로비스,00360595,분기x연결,operating_income,2011 CQ2,data_gap,"UI blank, DB=None",2026-07-07T22:26:05
현대글로비스,00360595,분기x연결,operating_income,2011 CQ3,data_gap,"UI blank, DB=None",2026-07-07T22:26:05
현대글로비스,00360595,분기x연결,operating_income,2011 CQ4,data_gap,"UI blank, DB=None",2026-07-07T22:26:05
현대로템,00302926,연간x별도,revenue,2009,data_gap,"UI blank, DB=None",2026-07-07T22:26:31
현대로템,00302926,연간x별도,operating_income,2009,data_gap,"UI blank, DB=None",2026-07-07T22:26:31
현대로템,00302926,분기x연결,revenue,2011 CQ2,data_gap,"UI blank, DB=None",2026-07-07T22:26:38
현대로템,00302926,분기x연결,revenue,2011 CQ3,data_gap,"UI blank, DB=None",2026-07-07T22:26:38
현대로템,00302926,분기x연결,operating_income,2011 CQ2,data_gap,"UI blank, DB=None",2026-07-07T22:26:38
현대로템,00302926,분기x연결,operating_income,2011 CQ3,data_gap,"UI blank, DB=None",2026-07-07T22:26:38
현대모비스,00164788,연간x연결,operating_income,2000,data_gap,"UI blank, DB=None",2026-07-07T22:27:28
현대모비스,00164788,분기x별도,revenue,2005 CQ3,data_gap,"UI blank, DB=None",2026-07-07T22:27:47
현대모비스,00164788,분기x별도,revenue,2005 CQ4,data_gap,"UI blank, DB=None",2026-07-07T22:27:47
현대모비스,00164788,분기x별도,revenue,2006 CQ2,data_gap,"UI blank, DB=None",2026-07-07T22:27:47
현대모비스,00164788,분기x별도,revenue,2006 CQ3,data_gap,"UI blank, DB=None",2026-07-07T22:27:47
현대모비스,00164788,분기x별도,operating_income,2005 CQ3,data_gap,"UI blank, DB=None",2026-07-07T22:27:47
현대모비스,00164788,분기x별도,operating_income,2005 CQ4,data_gap,"UI blank, DB=None",2026-07-07T22:27:47
현대모비스,00164788,분기x별도,operating_income,2006 CQ2,data_gap,"UI blank, DB=None",2026-07-07T22:27:47
현대모비스,00164788,분기x별도,operating_income,2006 CQ3,data_gap,"UI blank, DB=None",2026-07-07T22:27:47
현대백화점,00428251,연간x연결,revenue,2006,data_gap,"UI blank, DB=None",2026-07-07T22:28:00
현대백화점,00428251,연간x연결,operating_income,2006,data_gap,"UI blank, DB=None",2026-07-07T22:28:00
현대약품,00164706,분기x연결,revenue,2011 CQ2,data_gap,"UI blank, DB=None",2026-07-07T22:29:16
현대약품,00164706,분기x연결,revenue,2011 CQ3,data_gap,"UI blank, DB=None",2026-07-07T22:29:16
현대약품,00164706,분기x연결,operating_income,2011 CQ2,data_gap,"UI blank, DB=None",2026-07-07T22:29:16
현대약품,00164706,분기x연결,operating_income,2011 CQ3,data_gap,"UI blank, DB=None",2026-07-07T22:29:16
현대약품,00164706,분기x별도,operating_income,2006 CQ3,data_gap,"UI blank, DB=None",2026-07-07T22:29:23
현대엘리베이터,00164724,분기x별도,revenue,2006 CQ1,data_gap,"UI blank, DB=None",2026-07-07T22:29:55
현대엘리베이터,00164724,분기x별도,revenue,2006 CQ2,data_gap,"UI blank, DB=None",2026-07-07T22:29:55
현대엘리베이터,00164724,분기x별도,revenue,2006 CQ3,data_gap,"UI blank, DB=None",2026-07-07T22:29:55
현대엘리베이터,00164724,분기x별도,operating_income,2006 CQ1,data_gap,"UI blank, DB=None",2026-07-07T22:29:55
현대엘리베이터,00164724,분기x별도,operating_income,2006 CQ2,data_gap,"UI blank, DB=None",2026-07-07T22:29:55
현대엘리베이터,00164724,분기x별도,operating_income,2006 CQ3,data_gap,"UI blank, DB=None",2026-07-07T22:29:55
현대자동차,00164742,연간x연결,revenue,2009,data_gap,"UI blank, DB=None",2026-07-07T22:31:13
현대자동차,00164742,연간x연결,operating_income,2009,data_gap,"UI blank, DB=None",2026-07-07T22:31:13
현대제철,00145880,연간x별도,operating_income,2003,data_gap,"UI blank, DB=None",2026-07-07T22:31:51
현대지에프홀딩스,00105280,분기x연결,revenue,2011 CQ2,data_gap,"UI blank, DB=None",2026-07-07T22:32:30
현대지에프홀딩스,00105280,분기x연결,revenue,2011 CQ3,data_gap,"UI blank, DB=None",2026-07-07T22:32:30
현대지에프홀딩스,00105280,분기x연결,revenue,2011 CQ4,data_gap,"UI blank, DB=None",2026-07-07T22:32:30
현대지에프홀딩스,00105280,분기x연결,operating_income,2011 CQ2,data_gap,"UI blank, DB=None",2026-07-07T22:32:30
현대지에프홀딩스,00105280,분기x연결,operating_income,2011 CQ3,data_gap,"UI blank, DB=None",2026-07-07T22:32:30
현대지에프홀딩스,00105280,분기x연결,operating_income,2011 CQ4,data_gap,"UI blank, DB=None",2026-07-07T22:32:30
현대차증권,00137997,연간x연결,revenue,2011,data_gap,"UI blank, DB=None",2026-07-07T22:32:51
현대차증권,00137997,연간x연결,operating_income,2011,data_gap,"UI blank, DB=None",2026-07-07T22:32:51
현대코퍼레이션,00164812,분기x연결,revenue,2009 CQ1,data_gap,"UI blank, DB=None",2026-07-07T22:33:36
현대코퍼레이션,00164812,분기x연결,revenue,2009 CQ2,data_gap,"UI blank, DB=None",2026-07-07T22:33:36
현대코퍼레이션,00164812,분기x연결,revenue,2009 CQ3,data_gap,"UI blank, DB=None",2026-07-07T22:33:36
현대코퍼레이션,00164812,분기x연결,revenue,2011 CQ2,data_gap,"UI blank, DB=None",2026-07-07T22:33:36
현대코퍼레이션,00164812,분기x연결,revenue,2011 CQ3,data_gap,"UI blank, DB=None",2026-07-07T22:33:36
현대코퍼레이션,00164812,분기x연결,revenue,2011 CQ4,data_gap,"UI blank, DB=None",2026-07-07T22:33:36
현대코퍼레이션,00164812,분기x연결,operating_income,2011 CQ2,data_gap,"UI blank, DB=None",2026-07-07T22:33:36
현대코퍼레이션,00164812,분기x연결,operating_income,2011 CQ3,data_gap,"UI blank, DB=None",2026-07-07T22:33:36
현대코퍼레이션,00164812,분기x연결,operating_income,2011 CQ4,data_gap,"UI blank, DB=None",2026-07-07T22:33:36
현대코퍼레이션홀딩스,01108099,분기x별도,revenue,2015 CQ2,data_gap,"UI blank, DB=None",2026-07-07T22:34:15
현대코퍼레이션홀딩스,01108099,분기x별도,revenue,2015 CQ3,data_gap,"UI blank, DB=None",2026-07-07T22:34:15
현대코퍼레이션홀딩스,01108099,분기x별도,revenue,2015 CQ4,data_gap,"UI blank, DB=None",2026-07-07T22:34:15
현대코퍼레이션홀딩스,01108099,분기x별도,operating_income,2015 CQ2,data_gap,"UI blank, DB=None",2026-07-07T22:34:15
현대코퍼레이션홀딩스,01108099,분기x별도,operating_income,2015 CQ3,data_gap,"UI blank, DB=None",2026-07-07T22:34:15
현대코퍼레이션홀딩스,01108099,분기x별도,operating_income,2015 CQ4,data_gap,"UI blank, DB=None",2026-07-07T22:34:15
현대해상,00164973,연간x연결,operating_income,2012,data_gap,"UI blank, DB=None",2026-07-07T22:35:01
현대해상,00164973,분기x연결,operating_income,2011 CQ2,data_gap,"UI blank, DB=None",2026-07-07T22:35:12
현대해상,00164973,분기x연결,operating_income,2011 CQ3,data_gap,"UI blank, DB=None",2026-07-07T22:35:12
현대해상,00164973,분기x연결,operating_income,2011 CQ4,data_gap,"UI blank, DB=None",2026-07-07T22:35:12
현대해상,00164973,분기x연결,operating_income,2012 CQ1,data_gap,"UI blank, DB=None",2026-07-07T22:35:12
현대해상,00164973,분기x연결,operating_income,2012 CQ2,data_gap,"UI blank, DB=None",2026-07-07T22:35:12
현대해상,00164973,분기x연결,operating_income,2012 CQ3,data_gap,"UI blank, DB=None",2026-07-07T22:35:12
현대해상,00164973,분기x연결,operating_income,2012 CQ4,data_gap,"UI blank, DB=None",2026-07-07T22:35:12
현대해상,00164973,분기x별도,revenue,2020 CQ2,data_gap,"UI blank, DB=None",2026-07-07T22:35:20
현대해상,00164973,분기x별도,revenue,2020 CQ3,data_gap,"UI blank, DB=None",2026-07-07T22:35:20
현대해상,00164973,분기x별도,operating_income,2011 CQ2,data_gap,"UI blank, DB=None",2026-07-07T22:35:20
현대해상,00164973,분기x별도,operating_income,2011 CQ3,data_gap,"UI blank, DB=None",2026-07-07T22:35:20
현대해상,00164973,분기x별도,operating_income,2011 CQ4,data_gap,"UI blank, DB=None",2026-07-07T22:35:20
현대해상,00164973,분기x별도,operating_income,2012 CQ2,data_gap,"UI blank, DB=None",2026-07-07T22:35:20
현대해상,00164973,분기x별도,operating_income,2012 CQ3,data_gap,"UI blank, DB=None",2026-07-07T22:35:20
현대해상,00164973,분기x별도,operating_income,2012 CQ4,data_gap,"UI blank, DB=None",2026-07-07T22:35:20
현대해상,00164973,분기x별도,operating_income,2020 CQ2,data_gap,"UI blank, DB=None",2026-07-07T22:35:20
현대해상,00164973,분기x별도,operating_income,2020 CQ3,data_gap,"UI blank, DB=None",2026-07-07T22:35:20
혜인,00165343,분기x연결,revenue,2011 CQ2,data_gap,"UI blank, DB=None",2026-07-07T22:36:49
혜인,00165343,분기x연결,revenue,2011 CQ3,data_gap,"UI blank, DB=None",2026-07-07T22:36:49
혜인,00165343,분기x연결,revenue,2011 CQ4,data_gap,"UI blank, DB=None",2026-07-07T22:36:49
혜인,00165343,분기x연결,operating_income,2011 CQ2,data_gap,"UI blank, DB=None",2026-07-07T22:36:49
혜인,00165343,분기x연결,operating_income,2011 CQ3,data_gap,"UI blank, DB=None",2026-07-07T22:36:49
혜인,00165343,분기x연결,operating_income,2011 CQ4,data_gap,"UI blank, DB=None",2026-07-07T22:36:49
화승엔터프라이즈,01128613,연간x별도,revenue,2024,data_gap,"UI blank, DB=None",2026-07-07T22:38:51
화승엔터프라이즈,01128613,분기x연결,revenue,2015 CQ4,data_gap,"UI blank, DB=None",2026-07-07T22:38:57
화승엔터프라이즈,01128613,분기x연결,operating_income,2015 CQ4,data_gap,"UI blank, DB=None",2026-07-07T22:38:57
화승엔터프라이즈,01128613,분기x별도,revenue,2015 CQ4,data_gap,"UI blank, DB=None",2026-07-07T22:39:04
화승엔터프라이즈,01128613,분기x별도,revenue,2024 CQ4,data_gap,"UI blank, DB=None",2026-07-07T22:39:04
화승엔터프라이즈,01128613,분기x별도,revenue,2025 CQ1,data_gap,"UI blank, DB=None",2026-07-07T22:39:04
화승엔터프라이즈,01128613,분기x별도,revenue,2025 CQ2,data_gap,"UI blank, DB=None",2026-07-07T22:39:04
화승엔터프라이즈,01128613,분기x별도,revenue,2025 CQ3,data_gap,"UI blank, DB=None",2026-07-07T22:39:04
화승엔터프라이즈,01128613,분기x별도,revenue,2025 CQ4,data_gap,"UI blank, DB=None",2026-07-07T22:39:04
화승엔터프라이즈,01128613,분기x별도,operating_income,2015 CQ4,data_gap,"UI blank, DB=None",2026-07-07T22:39:04
화승인더스트리,00166227,분기x연결,revenue,2011 CQ2,data_gap,"UI blank, DB=None",2026-07-07T22:39:29
화승인더스트리,00166227,분기x연결,revenue,2011 CQ3,data_gap,"UI blank, DB=None",2026-07-07T22:39:29
화승인더스트리,00166227,분기x연결,revenue,2011 CQ4,data_gap,"UI blank, DB=None",2026-07-07T22:39:29
화승인더스트리,00166227,분기x연결,operating_income,2011 CQ2,data_gap,"UI blank, DB=None",2026-07-07T22:39:29
화승인더스트리,00166227,분기x연결,operating_income,2011 CQ3,data_gap,"UI blank, DB=None",2026-07-07T22:39:29
화승인더스트리,00166227,분기x연결,operating_income,2011 CQ4,data_gap,"UI blank, DB=None",2026-07-07T22:39:29
화승코퍼레이션,00166272,분기x연결,revenue,2008 CQ4,data_gap,"UI blank, DB=None",2026-07-07T22:40:02
화승코퍼레이션,00166272,분기x연결,operating_income,2008 CQ4,data_gap,"UI blank, DB=None",2026-07-07T22:40:02
화신,00166315,연간x별도,revenue,2002,data_gap,"UI blank, DB=None",2026-07-07T22:40:28
화신,00166315,연간x별도,operating_income,2002,data_gap,"UI blank, DB=None",2026-07-07T22:40:28
화신,00166315,분기x연결,revenue,2011 CQ2,data_gap,"UI blank, DB=None",2026-07-07T22:40:34
화신,00166315,분기x연결,revenue,2011 CQ3,data_gap,"UI blank, DB=None",2026-07-07T22:40:34
화신,00166315,분기x연결,revenue,2011 CQ4,data_gap,"UI blank, DB=None",2026-07-07T22:40:34
화신,00166315,분기x연결,operating_income,2011 CQ2,data_gap,"UI blank, DB=None",2026-07-07T22:40:34
화신,00166315,분기x연결,operating_income,2011 CQ3,data_gap,"UI blank, DB=None",2026-07-07T22:40:34
화신,00166315,분기x연결,operating_income,2011 CQ4,data_gap,"UI blank, DB=None",2026-07-07T22:40:34
화천기계,00166500,연간x별도,revenue,2004,data_gap,"UI blank, DB=None",2026-07-07T22:41:32
화천기계,00166500,연간x별도,operating_income,2004,data_gap,"UI blank, DB=None",2026-07-07T22:41:32
화천기공,00166519,연간x별도,operating_income,2004,data_gap,"UI blank, DB=None",2026-07-07T22:42:04
화천기공,00166519,연간x별도,operating_income,2005,data_gap,"UI blank, DB=None",2026-07-07T22:42:04
화천기공,00166519,연간x별도,operating_income,2006,data_gap,"UI blank, DB=None",2026-07-07T22:42:04
화천기공,00166519,분기x연결,revenue,2011 CQ2,data_gap,"UI blank, DB=None",2026-07-07T22:42:10
화천기공,00166519,분기x연결,revenue,2011 CQ3,data_gap,"UI blank, DB=None",2026-07-07T22:42:10
화천기공,00166519,분기x연결,revenue,2011 CQ4,data_gap,"UI blank, DB=None",2026-07-07T22:42:10
화천기공,00166519,분기x연결,operating_income,2011 CQ2,data_gap,"UI blank, DB=None",2026-07-07T22:42:10
화천기공,00166519,분기x연결,operating_income,2011 CQ3,data_gap,"UI blank, DB=None",2026-07-07T22:42:10
화천기공,00166519,분기x연결,operating_income,2011 CQ4,data_gap,"UI blank, DB=None",2026-07-07T22:42:10
황금에스티,00218575,연간x연결,revenue,2009,data_gap,"UI blank, DB=None",2026-07-07T22:43:02
황금에스티,00218575,연간x연결,operating_income,2009,data_gap,"UI blank, DB=None",2026-07-07T22:43:02
황금에스티,00218575,분기x별도,revenue,2010 CQ1,data_gap,"UI blank, DB=None",2026-07-07T22:43:21
황금에스티,00218575,분기x별도,revenue,2010 CQ2,data_gap,"UI blank, DB=None",2026-07-07T22:43:21
황금에스티,00218575,분기x별도,operating_income,2010 CQ1,data_gap,"UI blank, DB=None",2026-07-07T22:43:21
황금에스티,00218575,분기x별도,operating_income,2010 CQ2,data_gap,"UI blank, DB=None",2026-07-07T22:43:21
휴니드테크놀러지스,00111421,분기x연결,operating_income,2005 CQ4,data_gap,"UI blank, DB=None",2026-07-07T22:46:25
휴니드테크놀러지스,00111421,분기x연결,operating_income,2006 CQ1,data_gap,"UI blank, DB=None",2026-07-07T22:46:25
휴니드테크놀러지스,00111421,분기x연결,operating_income,2006 CQ2,data_gap,"UI blank, DB=None",2026-07-07T22:46:25
휴니드테크놀러지스,00111421,분기x연결,operating_income,2006 CQ3,data_gap,"UI blank, DB=None",2026-07-07T22:46:25
휴니드테크놀러지스,00111421,분기x별도,operating_income,2005 CQ4,data_gap,"UI blank, DB=None",2026-07-07T22:46:32
휴니드테크놀러지스,00111421,분기x별도,operating_income,2006 CQ1,data_gap,"UI blank, DB=None",2026-07-07T22:46:32
휴니드테크놀러지스,00111421,분기x별도,operating_income,2006 CQ2,data_gap,"UI blank, DB=None",2026-07-07T22:46:32
휴니드테크놀러지스,00111421,분기x별도,operating_income,2006 CQ3,data_gap,"UI blank, DB=None",2026-07-07T22:46:32
휴비스,00362238,연간x연결,revenue,2009,data_gap,"UI blank, DB=None",2026-07-07T22:46:43
휴비스,00362238,연간x연결,operating_income,2009,data_gap,"UI blank, DB=None",2026-07-07T22:46:43
휴비스,00362238,연간x별도,revenue,2003,data_gap,"UI blank, DB=None",2026-07-07T22:46:49
휴비스,00362238,연간x별도,revenue,2009,data_gap,"UI blank, DB=None",2026-07-07T22:46:49
휴비스,00362238,연간x별도,operating_income,2003,data_gap,"UI blank, DB=None",2026-07-07T22:46:49
휴비스,00362238,연간x별도,operating_income,2009,data_gap,"UI blank, DB=None",2026-07-07T22:46:49
휴비스,00362238,분기x연결,revenue,2011 CQ2,data_gap,"UI blank, DB=None",2026-07-07T22:46:55
휴비스,00362238,분기x연결,revenue,2011 CQ3,data_gap,"UI blank, DB=None",2026-07-07T22:46:55
휴비스,00362238,분기x연결,revenue,2011 CQ4,data_gap,"UI blank, DB=None",2026-07-07T22:46:55
휴비스,00362238,분기x연결,operating_income,2011 CQ2,data_gap,"UI blank, DB=None",2026-07-07T22:46:55
휴비스,00362238,분기x연결,operating_income,2011 CQ3,data_gap,"UI blank, DB=None",2026-07-07T22:46:55
휴비스,00362238,분기x연결,operating_income,2011 CQ4,data_gap,"UI blank, DB=None",2026-07-07T22:46:55
휴비스,00362238,분기x별도,revenue,2010 CQ2,data_gap,"UI blank, DB=None",2026-07-07T22:47:03
휴비스,00362238,분기x별도,revenue,2010 CQ3,data_gap,"UI blank, DB=None",2026-07-07T22:47:03
휴비스,00362238,분기x별도,revenue,2010 CQ4,data_gap,"UI blank, DB=None",2026-07-07T22:47:03
휴비스,00362238,분기x별도,operating_income,2010 CQ2,data_gap,"UI blank, DB=None",2026-07-07T22:47:03
휴비스,00362238,분기x별도,operating_income,2010 CQ3,data_gap,"UI blank, DB=None",2026-07-07T22:47:03
휴비스,00362238,분기x별도,operating_income,2010 CQ4,data_gap,"UI blank, DB=None",2026-07-07T22:47:03
휴스틸,00156488,분기x연결,revenue,2011 CQ2,data_gap,"UI blank, DB=None",2026-07-07T22:47:28
휴스틸,00156488,분기x연결,revenue,2011 CQ3,data_gap,"UI blank, DB=None",2026-07-07T22:47:28
휴스틸,00156488,분기x연결,revenue,2011 CQ4,data_gap,"UI blank, DB=None",2026-07-07T22:47:28
휴스틸,00156488,분기x연결,operating_income,2011 CQ2,data_gap,"UI blank, DB=None",2026-07-07T22:47:28
휴스틸,00156488,분기x연결,operating_income,2011 CQ3,data_gap,"UI blank, DB=None",2026-07-07T22:47:28
휴스틸,00156488,분기x연결,operating_income,2011 CQ4,data_gap,"UI blank, DB=None",2026-07-07T22:47:28
휴스틸,00156488,분기x별도,revenue,2006 CQ2,data_gap,"UI blank, DB=None",2026-07-07T22:47:35
휴스틸,00156488,분기x별도,revenue,2006 CQ3,data_gap,"UI blank, DB=None",2026-07-07T22:47:35
휴스틸,00156488,분기x별도,operating_income,2006 CQ2,data_gap,"UI blank, DB=None",2026-07-07T22:47:35
휴스틸,00156488,분기x별도,operating_income,2006 CQ3,data_gap,"UI blank, DB=None",2026-07-07T22:47:35
흥국화재,00103176,연간x별도,operating_income,2004,data_gap,"UI blank, DB=None",2026-07-07T22:47:52
흥국화재,00103176,연간x별도,operating_income,2005,data_gap,"UI blank, DB=None",2026-07-07T22:47:52
흥국화재,00103176,연간x별도,operating_income,2006,data_gap,"UI blank, DB=None",2026-07-07T22:47:52
흥국화재,00103176,연간x별도,operating_income,2012,data_gap,"UI blank, DB=None",2026-07-07T22:47:52
흥국화재,00103176,분기x연결,revenue,2010 CQ2,data_gap,"UI blank, DB=None",2026-07-07T22:47:58
흥국화재,00103176,분기x연결,revenue,2010 CQ3,data_gap,"UI blank, DB=None",2026-07-07T22:47:58
흥국화재,00103176,분기x별도,operating_income,2006 CQ4,data_gap,"UI blank, DB=None",2026-07-07T22:48:05
흥국화재,00103176,분기x별도,operating_income,2007 CQ1,data_gap,"UI blank, DB=None",2026-07-07T22:48:05
흥국화재,00103176,분기x별도,operating_income,2011 CQ2,data_gap,"UI blank, DB=None",2026-07-07T22:48:05
흥국화재,00103176,분기x별도,operating_income,2011 CQ3,data_gap,"UI blank, DB=None",2026-07-07T22:48:05
흥국화재,00103176,분기x별도,operating_income,2011 CQ4,data_gap,"UI blank, DB=None",2026-07-07T22:48:05
흥국화재,00103176,분기x별도,operating_income,2012 CQ1,data_gap,"UI blank, DB=None",2026-07-07T22:48:05
흥국화재,00103176,분기x별도,operating_income,2012 CQ2,data_gap,"UI blank, DB=None",2026-07-07T22:48:05
흥국화재,00103176,분기x별도,operating_income,2012 CQ3,data_gap,"UI blank, DB=None",2026-07-07T22:48:05
흥국화재,00103176,분기x별도,operating_income,2012 CQ4,data_gap,"UI blank, DB=None",2026-07-07T22:48:05
흥아해운,00167208,분기x별도,operating_income,2007 CQ1,data_gap,"UI blank, DB=None",2026-07-07T22:48:38
흥아해운,00167208,분기x별도,operating_income,2007 CQ2,data_gap,"UI blank, DB=None",2026-07-07T22:48:38
차AI헬스케어,00136776,연간x별도,operating_income,2000,data_gap,"UI blank, DB=None",2026-07-07T22:49:57
차AI헬스케어,00136776,연간x별도,operating_income,2001,data_gap,"UI blank, DB=None",2026-07-07T22:49:57
차AI헬스케어,00136776,분기x연결,revenue,2013 CQ4,data_gap,"UI blank, DB=None",2026-07-07T22:50:04
차AI헬스케어,00136776,분기x연결,revenue,2014 CQ2,data_gap,"UI blank, DB=None",2026-07-07T22:50:04
차AI헬스케어,00136776,분기x연결,revenue,2014 CQ3,data_gap,"UI blank, DB=None",2026-07-07T22:50:04
차AI헬스케어,00136776,분기x연결,operating_income,2013 CQ4,data_gap,"UI blank, DB=None",2026-07-07T22:50:04
차AI헬스케어,00136776,분기x연결,operating_income,2014 CQ2,data_gap,"UI blank, DB=None",2026-07-07T22:50:04
차AI헬스케어,00136776,분기x연결,operating_income,2014 CQ3,data_gap,"UI blank, DB=None",2026-07-07T22:50:04
차AI헬스케어,00136776,분기x별도,revenue,2005 CQ3,data_gap,"UI blank, DB=None",2026-07-07T22:50:11
차AI헬스케어,00136776,분기x별도,revenue,2005 CQ4,data_gap,"UI blank, DB=None",2026-07-07T22:50:11
차AI헬스케어,00136776,분기x별도,operating_income,2005 CQ3,data_gap,"UI blank, DB=None",2026-07-07T22:50:11
차AI헬스케어,00136776,분기x별도,operating_income,2005 CQ4,data_gap,"UI blank, DB=None",2026-07-07T22:50:11
차AI헬스케어,00136776,분기x별도,operating_income,2006 CQ2,data_gap,"UI blank, DB=None",2026-07-07T22:50:11
차AI헬스케어,00136776,분기x별도,operating_income,2006 CQ3,data_gap,"UI blank, DB=None",2026-07-07T22:50:11
AJ네트웍스,00365387,연간x별도,revenue,2006,data_gap,"UI blank, DB=None",2026-07-07T22:50:30
AJ네트웍스,00365387,연간x별도,revenue,2009,data_gap,"UI blank, DB=None",2026-07-07T22:50:30
AJ네트웍스,00365387,연간x별도,revenue,2010,data_gap,"UI blank, DB=None",2026-07-07T22:50:30
AJ네트웍스,00365387,연간x별도,revenue,2011,data_gap,"UI blank, DB=None",2026-07-07T22:50:30
AJ네트웍스,00365387,연간x별도,revenue,2012,data_gap,"UI blank, DB=None",2026-07-07T22:50:30
AJ네트웍스,00365387,연간x별도,operating_income,2006,data_gap,"UI blank, DB=None",2026-07-07T22:50:30
AJ네트웍스,00365387,분기x별도,revenue,2008 CQ3,data_gap,"UI blank, DB=None",2026-07-07T22:50:44
AJ네트웍스,00365387,분기x별도,revenue,2009 CQ4,data_gap,"UI blank, DB=None",2026-07-07T22:50:44
AJ네트웍스,00365387,분기x별도,revenue,2010 CQ2,data_gap,"UI blank, DB=None",2026-07-07T22:50:44
AJ네트웍스,00365387,분기x별도,revenue,2010 CQ3,data_gap,"UI blank, DB=None",2026-07-07T22:50:44
AJ네트웍스,00365387,분기x별도,revenue,2010 CQ4,data_gap,"UI blank, DB=None",2026-07-07T22:50:44
AJ네트웍스,00365387,분기x별도,revenue,2011 CQ1,data_gap,"UI blank, DB=None",2026-07-07T22:50:44
AJ네트웍스,00365387,분기x별도,revenue,2011 CQ2,data_gap,"UI blank, DB=None",2026-07-07T22:50:44
AJ네트웍스,00365387,분기x별도,revenue,2011 CQ3,data_gap,"UI blank, DB=None",2026-07-07T22:50:44
AJ네트웍스,00365387,분기x별도,revenue,2011 CQ4,data_gap,"UI blank, DB=None",2026-07-07T22:50:44
AJ네트웍스,00365387,분기x별도,revenue,2012 CQ2,data_gap,"UI blank, DB=None",2026-07-07T22:50:44
AJ네트웍스,00365387,분기x별도,revenue,2012 CQ3,data_gap,"UI blank, DB=None",2026-07-07T22:50:44
AJ네트웍스,00365387,분기x별도,revenue,2012 CQ4,data_gap,"UI blank, DB=None",2026-07-07T22:50:44
AJ네트웍스,00365387,분기x별도,revenue,2013 CQ3,data_gap,"UI blank, DB=None",2026-07-07T22:50:44
AJ네트웍스,00365387,분기x별도,revenue,2013 CQ4,data_gap,"UI blank, DB=None",2026-07-07T22:50:44
AJ네트웍스,00365387,분기x별도,operating_income,2008 CQ3,data_gap,"UI blank, DB=None",2026-07-07T22:50:44
AJ네트웍스,00365387,분기x별도,operating_income,2013 CQ3,data_gap,"UI blank, DB=None",2026-07-07T22:50:44
AJ네트웍스,00365387,분기x별도,operating_income,2013 CQ4,data_gap,"UI blank, DB=None",2026-07-07T22:50:44
AK홀딩스,00125080,연간x연결,revenue,2009,data_gap,"UI blank, DB=None",2026-07-07T22:50:55
AK홀딩스,00125080,연간x연결,operating_income,2009,data_gap,"UI blank, DB=None",2026-07-07T22:50:55
AK홀딩스,00125080,분기x연결,revenue,2011 CQ2,data_gap,"UI blank, DB=None",2026-07-07T22:51:06
AK홀딩스,00125080,분기x연결,revenue,2011 CQ3,data_gap,"UI blank, DB=None",2026-07-07T22:51:06
AK홀딩스,00125080,분기x연결,revenue,2011 CQ4,data_gap,"UI blank, DB=None",2026-07-07T22:51:06
AK홀딩스,00125080,분기x연결,operating_income,2011 CQ2,data_gap,"UI blank, DB=None",2026-07-07T22:51:06
AK홀딩스,00125080,분기x연결,operating_income,2011 CQ3,data_gap,"UI blank, DB=None",2026-07-07T22:51:06
AK홀딩스,00125080,분기x연결,operating_income,2011 CQ4,data_gap,"UI blank, DB=None",2026-07-07T22:51:06
AK홀딩스,00125080,분기x별도,revenue,2005 CQ1,data_gap,"UI blank, DB=None",2026-07-07T22:51:14
AK홀딩스,00125080,분기x별도,revenue,2005 CQ2,data_gap,"UI blank, DB=None",2026-07-07T22:51:14
AK홀딩스,00125080,분기x별도,revenue,2006 CQ1,data_gap,"UI blank, DB=None",2026-07-07T22:51:14
AK홀딩스,00125080,분기x별도,revenue,2006 CQ2,data_gap,"UI blank, DB=None",2026-07-07T22:51:14
AK홀딩스,00125080,분기x별도,revenue,2007 CQ1,data_gap,"UI blank, DB=None",2026-07-07T22:51:14
AK홀딩스,00125080,분기x별도,revenue,2007 CQ2,data_gap,"UI blank, DB=None",2026-07-07T22:51:14
AK홀딩스,00125080,분기x별도,operating_income,2005 CQ1,data_gap,"UI blank, DB=None",2026-07-07T22:51:14
AK홀딩스,00125080,분기x별도,operating_income,2005 CQ2,data_gap,"UI blank, DB=None",2026-07-07T22:51:14
AK홀딩스,00125080,분기x별도,operating_income,2006 CQ1,data_gap,"UI blank, DB=None",2026-07-07T22:51:14
AK홀딩스,00125080,분기x별도,operating_income,2006 CQ2,data_gap,"UI blank, DB=None",2026-07-07T22:51:14
AK홀딩스,00125080,분기x별도,operating_income,2007 CQ1,data_gap,"UI blank, DB=None",2026-07-07T22:51:14
AK홀딩스,00125080,분기x별도,operating_income,2007 CQ2,data_gap,"UI blank, DB=None",2026-07-07T22:51:14
BGF,00219097,분기x별도,revenue,2017 CQ3,data_gap,"UI blank, DB=None",2026-07-07T22:51:46
BGF,00219097,분기x별도,revenue,2017 CQ4,data_gap,"UI blank, DB=None",2026-07-07T22:51:46
BNK금융지주,00858364,연간x별도,revenue,2017,data_gap,"UI blank, DB=None",2026-07-07T22:52:35
BNK금융지주,00858364,연간x별도,revenue,2019,data_gap,"UI blank, DB=None",2026-07-07T22:52:35
BNK금융지주,00858364,연간x별도,revenue,2020,data_gap,"UI blank, DB=None",2026-07-07T22:52:35
BNK금융지주,00858364,연간x별도,revenue,2021,data_gap,"UI blank, DB=None",2026-07-07T22:52:35
BNK금융지주,00858364,연간x별도,revenue,2022,data_gap,"UI blank, DB=None",2026-07-07T22:52:35
BNK금융지주,00858364,연간x별도,operating_income,2017,data_gap,"UI blank, DB=None",2026-07-07T22:52:35
BNK금융지주,00858364,연간x별도,operating_income,2019,data_gap,"UI blank, DB=None",2026-07-07T22:52:35
BNK금융지주,00858364,연간x별도,operating_income,2020,data_gap,"UI blank, DB=None",2026-07-07T22:52:35
BNK금융지주,00858364,연간x별도,operating_income,2021,data_gap,"UI blank, DB=None",2026-07-07T22:52:35
BNK금융지주,00858364,연간x별도,operating_income,2022,data_gap,"UI blank, DB=None",2026-07-07T22:52:35
BNK금융지주,00858364,분기x별도,revenue,2017 CQ3,data_gap,"UI blank, DB=None",2026-07-07T22:52:49
BNK금융지주,00858364,분기x별도,revenue,2017 CQ4,data_gap,"UI blank, DB=None",2026-07-07T22:52:49
BNK금융지주,00858364,분기x별도,revenue,2018 CQ1,data_gap,"UI blank, DB=None",2026-07-07T22:52:49
BNK금융지주,00858364,분기x별도,revenue,2018 CQ2,data_gap,"UI blank, DB=None",2026-07-07T22:52:49
BNK금융지주,00858364,분기x별도,revenue,2018 CQ3,data_gap,"UI blank, DB=None",2026-07-07T22:52:49
BNK금융지주,00858364,분기x별도,revenue,2019 CQ1,data_gap,"UI blank, DB=None",2026-07-07T22:52:49
BNK금융지주,00858364,분기x별도,revenue,2019 CQ2,data_gap,"UI blank, DB=None",2026-07-07T22:52:49
BNK금융지주,00858364,분기x별도,revenue,2019 CQ3,data_gap,"UI blank, DB=None",2026-07-07T22:52:49
BNK금융지주,00858364,분기x별도,revenue,2020 CQ1,data_gap,"UI blank, DB=None",2026-07-07T22:52:49
BNK금융지주,00858364,분기x별도,revenue,2020 CQ2,data_gap,"UI blank, DB=None",2026-07-07T22:52:49
BNK금융지주,00858364,분기x별도,revenue,2020 CQ3,data_gap,"UI blank, DB=None",2026-07-07T22:52:49
BNK금융지주,00858364,분기x별도,revenue,2021 CQ1,data_gap,"UI blank, DB=None",2026-07-07T22:52:49
BNK금융지주,00858364,분기x별도,revenue,2021 CQ2,data_gap,"UI blank, DB=None",2026-07-07T22:52:49
BNK금융지주,00858364,분기x별도,revenue,2021 CQ3,data_gap,"UI blank, DB=None",2026-07-07T22:52:49
BNK금융지주,00858364,분기x별도,revenue,2022 CQ1,data_gap,"UI blank, DB=None",2026-07-07T22:52:49
BNK금융지주,00858364,분기x별도,revenue,2022 CQ2,data_gap,"UI blank, DB=None",2026-07-07T22:52:49
BNK금융지주,00858364,분기x별도,revenue,2022 CQ3,data_gap,"UI blank, DB=None",2026-07-07T22:52:49
BNK금융지주,00858364,분기x별도,revenue,2022 CQ4,data_gap,"UI blank, DB=None",2026-07-07T22:52:49
BNK금융지주,00858364,분기x별도,revenue,2023 CQ1,data_gap,"UI blank, DB=None",2026-07-07T22:52:49
BNK금융지주,00858364,분기x별도,revenue,2023 CQ2,data_gap,"UI blank, DB=None",2026-07-07T22:52:49
BNK금융지주,00858364,분기x별도,revenue,2023 CQ3,data_gap,"UI blank, DB=None",2026-07-07T22:52:49
BNK금융지주,00858364,분기x별도,operating_income,2017 CQ3,data_gap,"UI blank, DB=None",2026-07-07T22:52:49
BNK금융지주,00858364,분기x별도,operating_income,2017 CQ4,data_gap,"UI blank, DB=None",2026-07-07T22:52:49
BNK금융지주,00858364,분기x별도,operating_income,2018 CQ1,data_gap,"UI blank, DB=None",2026-07-07T22:52:49
BNK금융지주,00858364,분기x별도,operating_income,2018 CQ2,data_gap,"UI blank, DB=None",2026-07-07T22:52:49
BNK금융지주,00858364,분기x별도,operating_income,2018 CQ3,data_gap,"UI blank, DB=None",2026-07-07T22:52:49
BNK금융지주,00858364,분기x별도,operating_income,2019 CQ1,data_gap,"UI blank, DB=None",2026-07-07T22:52:49
BNK금융지주,00858364,분기x별도,operating_income,2019 CQ2,data_gap,"UI blank, DB=None",2026-07-07T22:52:49
BNK금융지주,00858364,분기x별도,operating_income,2019 CQ3,data_gap,"UI blank, DB=None",2026-07-07T22:52:49
BNK금융지주,00858364,분기x별도,operating_income,2020 CQ1,data_gap,"UI blank, DB=None",2026-07-07T22:52:49
BNK금융지주,00858364,분기x별도,operating_income,2020 CQ2,data_gap,"UI blank, DB=None",2026-07-07T22:52:49
BNK금융지주,00858364,분기x별도,operating_income,2020 CQ3,data_gap,"UI blank, DB=None",2026-07-07T22:52:49
BNK금융지주,00858364,분기x별도,operating_income,2021 CQ1,data_gap,"UI blank, DB=None",2026-07-07T22:52:49
BNK금융지주,00858364,분기x별도,operating_income,2021 CQ2,data_gap,"UI blank, DB=None",2026-07-07T22:52:49
BNK금융지주,00858364,분기x별도,operating_income,2021 CQ3,data_gap,"UI blank, DB=None",2026-07-07T22:52:49
BNK금융지주,00858364,분기x별도,operating_income,2022 CQ1,data_gap,"UI blank, DB=None",2026-07-07T22:52:49
BNK금융지주,00858364,분기x별도,operating_income,2022 CQ2,data_gap,"UI blank, DB=None",2026-07-07T22:52:49
BNK금융지주,00858364,분기x별도,operating_income,2022 CQ3,data_gap,"UI blank, DB=None",2026-07-07T22:52:49
BNK금융지주,00858364,분기x별도,operating_income,2022 CQ4,data_gap,"UI blank, DB=None",2026-07-07T22:52:49
BNK금융지주,00858364,분기x별도,operating_income,2023 CQ1,data_gap,"UI blank, DB=None",2026-07-07T22:52:49
BNK금융지주,00858364,분기x별도,operating_income,2023 CQ2,data_gap,"UI blank, DB=None",2026-07-07T22:52:49
BNK금융지주,00858364,분기x별도,operating_income,2023 CQ3,data_gap,"UI blank, DB=None",2026-07-07T22:52:49
BYC,00122579,분기x연결,revenue,2011 CQ2,data_gap,"UI blank, DB=None",2026-07-07T22:53:14
BYC,00122579,분기x연결,revenue,2011 CQ3,data_gap,"UI blank, DB=None",2026-07-07T22:53:14
BYC,00122579,분기x연결,revenue,2011 CQ4,data_gap,"UI blank, DB=None",2026-07-07T22:53:14
BYC,00122579,분기x연결,operating_income,2008 CQ1,data_gap,"UI blank, DB=None",2026-07-07T22:53:14
BYC,00122579,분기x연결,operating_income,2008 CQ2,data_gap,"UI blank, DB=None",2026-07-07T22:53:14
BYC,00122579,분기x연결,operating_income,2008 CQ3,data_gap,"UI blank, DB=None",2026-07-07T22:53:14
BYC,00122579,분기x연결,operating_income,2011 CQ2,data_gap,"UI blank, DB=None",2026-07-07T22:53:14
BYC,00122579,분기x연결,operating_income,2011 CQ3,data_gap,"UI blank, DB=None",2026-07-07T22:53:14
BYC,00122579,분기x연결,operating_income,2011 CQ4,data_gap,"UI blank, DB=None",2026-07-07T22:53:14
CJ,00148540,연간x연결,revenue,2009,data_gap,"UI blank, DB=None",2026-07-07T22:53:35
CJ,00148540,연간x연결,operating_income,2009,data_gap,"UI blank, DB=None",2026-07-07T22:53:35
CJ,00148540,연간x별도,revenue,2004,data_gap,"UI blank, DB=None",2026-07-07T22:53:40
CJ,00148540,연간x별도,revenue,2009,data_gap,"UI blank, DB=None",2026-07-07T22:53:40
CJ,00148540,연간x별도,operating_income,2004,data_gap,"UI blank, DB=None",2026-07-07T22:53:40
CJ,00148540,연간x별도,operating_income,2009,data_gap,"UI blank, DB=None",2026-07-07T22:53:40
CJ,00148540,분기x별도,revenue,2004 CQ4,data_gap,"UI blank, DB=None",2026-07-07T22:53:54
CJ,00148540,분기x별도,revenue,2006 CQ4,data_gap,"UI blank, DB=None",2026-07-07T22:53:54
CJ,00148540,분기x별도,operating_income,2004 CQ4,data_gap,"UI blank, DB=None",2026-07-07T22:53:54
CJ,00148540,분기x별도,operating_income,2006 CQ4,data_gap,"UI blank, DB=None",2026-07-07T22:53:54
CJ대한통운,00113410,분기x별도,revenue,2006 CQ1,data_gap,"UI blank, DB=None",2026-07-07T22:54:27
CJ대한통운,00113410,분기x별도,operating_income,2006 CQ1,data_gap,"UI blank, DB=None",2026-07-07T22:54:27
CJ씨푸드,00129013,연간x별도,revenue,2002,data_gap,"UI blank, DB=None",2026-07-07T22:54:46
CJ씨푸드,00129013,연간x별도,operating_income,2002,data_gap,"UI blank, DB=None",2026-07-07T22:54:46
CJ씨푸드,00129013,분기x별도,operating_income,2007 CQ1,data_gap,"UI blank, DB=None",2026-07-07T22:54:59
CJ씨푸드,00129013,분기x별도,operating_income,2007 CQ2,data_gap,"UI blank, DB=None",2026-07-07T22:54:59
CJ CGV,00303873,연간x연결,revenue,2009,data_gap,"UI blank, DB=None",2026-07-07T22:55:46
CJ CGV,00303873,연간x연결,operating_income,2009,data_gap,"UI blank, DB=None",2026-07-07T22:55:46
CJ CGV,00303873,분기x연결,revenue,2011 CQ2,data_gap,"UI blank, DB=None",2026-07-07T22:55:57
CJ CGV,00303873,분기x연결,revenue,2011 CQ3,data_gap,"UI blank, DB=None",2026-07-07T22:55:57
CJ CGV,00303873,분기x연결,revenue,2011 CQ4,data_gap,"UI blank, DB=None",2026-07-07T22:55:57
CJ CGV,00303873,분기x연결,operating_income,2011 CQ2,data_gap,"UI blank, DB=None",2026-07-07T22:55:57
CJ CGV,00303873,분기x연결,operating_income,2011 CQ3,data_gap,"UI blank, DB=None",2026-07-07T22:55:57
CJ CGV,00303873,분기x연결,operating_income,2011 CQ4,data_gap,"UI blank, DB=None",2026-07-07T22:55:57
DB손해보험,00159102,연간x연결,operating_income,2012,data_gap,"UI blank, DB=None",2026-07-07T22:57:23
DB손해보험,00159102,연간x별도,operating_income,2012,data_gap,"UI blank, DB=None",2026-07-07T22:57:29
DB손해보험,00159102,분기x연결,revenue,2010 CQ1,data_gap,"UI blank, DB=None",2026-07-07T22:57:35
DB손해보험,00159102,분기x연결,revenue,2010 CQ2,data_gap,"UI blank, DB=None",2026-07-07T22:57:35
DB손해보험,00159102,분기x연결,revenue,2010 CQ3,data_gap,"UI blank, DB=None",2026-07-07T22:57:35
DB손해보험,00159102,분기x연결,revenue,2011 CQ1,data_gap,"UI blank, DB=None",2026-07-07T22:57:35
DB손해보험,00159102,분기x연결,revenue,2011 CQ2,data_gap,"UI blank, DB=None",2026-07-07T22:57:35
DB손해보험,00159102,분기x연결,revenue,2011 CQ3,data_gap,"UI blank, DB=None",2026-07-07T22:57:35
DB손해보험,00159102,분기x연결,revenue,2011 CQ4,data_gap,"UI blank, DB=None",2026-07-07T22:57:35
DB손해보험,00159102,분기x연결,revenue,2012 CQ1,data_gap,"UI blank, DB=None",2026-07-07T22:57:35
DB손해보험,00159102,분기x연결,operating_income,2010 CQ1,data_gap,"UI blank, DB=None",2026-07-07T22:57:35
DB손해보험,00159102,분기x연결,operating_income,2010 CQ2,data_gap,"UI blank, DB=None",2026-07-07T22:57:35
DB손해보험,00159102,분기x연결,operating_income,2010 CQ3,data_gap,"UI blank, DB=None",2026-07-07T22:57:35
DB손해보험,00159102,분기x연결,operating_income,2011 CQ1,data_gap,"UI blank, DB=None",2026-07-07T22:57:35
DB손해보험,00159102,분기x연결,operating_income,2011 CQ2,data_gap,"UI blank, DB=None",2026-07-07T22:57:35
DB손해보험,00159102,분기x연결,operating_income,2011 CQ3,data_gap,"UI blank, DB=None",2026-07-07T22:57:35
DB손해보험,00159102,분기x연결,operating_income,2011 CQ4,data_gap,"UI blank, DB=None",2026-07-07T22:57:35
DB손해보험,00159102,분기x연결,operating_income,2012 CQ1,data_gap,"UI blank, DB=None",2026-07-07T22:57:35
DB손해보험,00159102,분기x연결,operating_income,2012 CQ2,data_gap,"UI blank, DB=None",2026-07-07T22:57:35
DB손해보험,00159102,분기x연결,operating_income,2012 CQ3,data_gap,"UI blank, DB=None",2026-07-07T22:57:35
DB손해보험,00159102,분기x연결,operating_income,2012 CQ4,data_gap,"UI blank, DB=None",2026-07-07T22:57:35
DB손해보험,00159102,분기x별도,operating_income,2012 CQ1,data_gap,"UI blank, DB=None",2026-07-07T22:57:42
DB손해보험,00159102,분기x별도,operating_income,2012 CQ2,data_gap,"UI blank, DB=None",2026-07-07T22:57:42
DB손해보험,00159102,분기x별도,operating_income,2012 CQ3,data_gap,"UI blank, DB=None",2026-07-07T22:57:42
DB손해보험,00159102,분기x별도,operating_income,2012 CQ4,data_gap,"UI blank, DB=None",2026-07-07T22:57:42
DB손해보험,00159102,분기x별도,operating_income,2015 CQ1,data_gap,"UI blank, DB=None",2026-07-07T22:57:42
DB손해보험,00159102,분기x별도,operating_income,2015 CQ2,data_gap,"UI blank, DB=None",2026-07-07T22:57:42
DB손해보험,00159102,분기x별도,operating_income,2015 CQ3,data_gap,"UI blank, DB=None",2026-07-07T22:57:42
DB손해보험,00159102,분기x별도,operating_income,2015 CQ4,data_gap,"UI blank, DB=None",2026-07-07T22:57:42
DB증권,00115694,분기x연결,revenue,2010 CQ2,data_gap,"UI blank, DB=None",2026-07-07T22:58:08
DB증권,00115694,분기x연결,revenue,2010 CQ3,data_gap,"UI blank, DB=None",2026-07-07T22:58:08
DB증권,00115694,분기x연결,revenue,2010 CQ4,data_gap,"UI blank, DB=None",2026-07-07T22:58:08
DB증권,00115694,분기x연결,operating_income,2010 CQ2,data_gap,"UI blank, DB=None",2026-07-07T22:58:08
DB증권,00115694,분기x연결,operating_income,2010 CQ3,data_gap,"UI blank, DB=None",2026-07-07T22:58:08
DB증권,00115694,분기x연결,operating_income,2010 CQ4,data_gap,"UI blank, DB=None",2026-07-07T22:58:08
DB하이텍,00160843,분기x연결,revenue,2011 CQ2,data_gap,"UI blank, DB=None",2026-07-07T22:58:41
DB하이텍,00160843,분기x연결,revenue,2011 CQ3,data_gap,"UI blank, DB=None",2026-07-07T22:58:41
DB하이텍,00160843,분기x연결,revenue,2011 CQ4,data_gap,"UI blank, DB=None",2026-07-07T22:58:41
DB하이텍,00160843,분기x연결,operating_income,2011 CQ2,data_gap,"UI blank, DB=None",2026-07-07T22:58:41
DB하이텍,00160843,분기x연결,operating_income,2011 CQ3,data_gap,"UI blank, DB=None",2026-07-07T22:58:41
DB하이텍,00160843,분기x연결,operating_income,2011 CQ4,data_gap,"UI blank, DB=None",2026-07-07T22:58:41
DH오토넥스,00126089,분기x별도,operating_income,2005 CQ3,data_gap,"UI blank, DB=None",2026-07-07T22:59:21
DH오토넥스,00126089,분기x별도,operating_income,2005 CQ4,data_gap,"UI blank, DB=None",2026-07-07T22:59:21
DKME,00108746,연간x연결,revenue,2009,data_gap,"UI blank, DB=None",2026-07-07T22:59:35
DKME,00108746,연간x연결,operating_income,2005,data_gap,"UI blank, DB=None",2026-07-07T22:59:35
DKME,00108746,연간x연결,operating_income,2008,data_gap,"UI blank, DB=None",2026-07-07T22:59:35
DKME,00108746,연간x연결,operating_income,2009,data_gap,"UI blank, DB=None",2026-07-07T22:59:35
DKME,00108746,분기x연결,operating_income,2005 CQ4,data_gap,"UI blank, DB=None",2026-07-07T22:59:47
DKME,00108746,분기x연결,operating_income,2006 CQ1,data_gap,"UI blank, DB=None",2026-07-07T22:59:47
DKME,00108746,분기x연결,operating_income,2006 CQ2,data_gap,"UI blank, DB=None",2026-07-07T22:59:47
DKME,00108746,분기x연결,operating_income,2006 CQ3,data_gap,"UI blank, DB=None",2026-07-07T22:59:47
DKME,00108746,분기x연결,operating_income,2008 CQ1,data_gap,"UI blank, DB=None",2026-07-07T22:59:47
DKME,00108746,분기x연결,operating_income,2008 CQ2,data_gap,"UI blank, DB=None",2026-07-07T22:59:47
DKME,00108746,분기x연결,operating_income,2008 CQ3,data_gap,"UI blank, DB=None",2026-07-07T22:59:47
DKME,00108746,분기x연결,operating_income,2008 CQ4,data_gap,"UI blank, DB=None",2026-07-07T22:59:47
DKME,00108746,분기x연결,operating_income,2009 CQ1,data_gap,"UI blank, DB=None",2026-07-07T22:59:47
DKME,00108746,분기x연결,operating_income,2010 CQ1,data_gap,"UI blank, DB=None",2026-07-07T22:59:47
DKME,00108746,분기x연결,operating_income,2010 CQ2,data_gap,"UI blank, DB=None",2026-07-07T22:59:47
DKME,00108746,분기x별도,revenue,2006 CQ2,data_gap,"UI blank, DB=None",2026-07-07T22:59:54
DKME,00108746,분기x별도,revenue,2006 CQ3,data_gap,"UI blank, DB=None",2026-07-07T22:59:54
DKME,00108746,분기x별도,operating_income,2006 CQ2,data_gap,"UI blank, DB=None",2026-07-07T22:59:54
DKME,00108746,분기x별도,operating_income,2006 CQ3,data_gap,"UI blank, DB=None",2026-07-07T22:59:54
DN오토모티브,00116949,분기x연결,revenue,2011 CQ2,data_gap,"UI blank, DB=None",2026-07-07T23:01:24
DN오토모티브,00116949,분기x연결,revenue,2011 CQ3,data_gap,"UI blank, DB=None",2026-07-07T23:01:24
DN오토모티브,00116949,분기x연결,revenue,2011 CQ4,data_gap,"UI blank, DB=None",2026-07-07T23:01:24
DN오토모티브,00116949,분기x연결,operating_income,2011 CQ2,data_gap,"UI blank, DB=None",2026-07-07T23:01:24
DN오토모티브,00116949,분기x연결,operating_income,2011 CQ3,data_gap,"UI blank, DB=None",2026-07-07T23:01:24
DN오토모티브,00116949,분기x연결,operating_income,2011 CQ4,data_gap,"UI blank, DB=None",2026-07-07T23:01:24
삼성E&A,00126308,연간x연결,revenue,2009,data_gap,"UI blank, DB=None",2026-07-07T23:04:56
삼성E&A,00126308,연간x연결,operating_income,2009,data_gap,"UI blank, DB=None",2026-07-07T23:04:56
E1,00165583,연간x연결,revenue,2009,data_gap,"UI blank, DB=None",2026-07-07T23:05:29
E1,00165583,연간x연결,operating_income,2009,data_gap,"UI blank, DB=None",2026-07-07T23:05:29
E1,00165583,연간x연결,operating_income,2010,data_gap,"UI blank, DB=None",2026-07-07T23:05:29
E1,00165583,분기x연결,operating_income,2010 CQ4,data_gap,"UI blank, DB=None",2026-07-07T23:05:40
F&F 홀딩스,00126487,연간x연결,revenue,2009,data_gap,"UI blank, DB=None",2026-07-07T23:06:31
F&F 홀딩스,00126487,연간x연결,operating_income,2009,data_gap,"UI blank, DB=None",2026-07-07T23:06:31
F&F 홀딩스,00126487,분기x연결,revenue,2011 CQ2,data_gap,"UI blank, DB=None",2026-07-07T23:06:42
F&F 홀딩스,00126487,분기x연결,revenue,2011 CQ3,data_gap,"UI blank, DB=None",2026-07-07T23:06:42
F&F 홀딩스,00126487,분기x연결,revenue,2011 CQ4,data_gap,"UI blank, DB=None",2026-07-07T23:06:42
F&F 홀딩스,00126487,분기x연결,operating_income,2011 CQ2,data_gap,"UI blank, DB=None",2026-07-07T23:06:42
F&F 홀딩스,00126487,분기x연결,operating_income,2011 CQ3,data_gap,"UI blank, DB=None",2026-07-07T23:06:42
F&F 홀딩스,00126487,분기x연결,operating_income,2011 CQ4,data_gap,"UI blank, DB=None",2026-07-07T23:06:42
GS,00500254,연간x연결,revenue,2009,data_gap,"UI blank, DB=None",2026-07-07T23:07:36
GS,00500254,연간x연결,revenue,2010,data_gap,"UI blank, DB=None",2026-07-07T23:07:36
GS,00500254,연간x연결,operating_income,2009,data_gap,"UI blank, DB=None",2026-07-07T23:07:36
GS,00500254,연간x연결,operating_income,2010,data_gap,"UI blank, DB=None",2026-07-07T23:07:36
GS글로벌,00138190,연간x연결,revenue,2009,data_gap,"UI blank, DB=None",2026-07-07T23:08:42
GS글로벌,00138190,연간x연결,operating_income,2009,data_gap,"UI blank, DB=None",2026-07-07T23:08:42
HDC랩스,00350312,분기x연결,revenue,2014 CQ2,data_gap,"UI blank, DB=None",2026-07-07T23:15:23
HDC랩스,00350312,분기x연결,revenue,2014 CQ3,data_gap,"UI blank, DB=None",2026-07-07T23:15:23
HDC랩스,00350312,분기x연결,operating_income,2014 CQ2,data_gap,"UI blank, DB=None",2026-07-07T23:15:23
HDC랩스,00350312,분기x연결,operating_income,2014 CQ3,data_gap,"UI blank, DB=None",2026-07-07T23:15:23
HDC랩스,00350312,분기x별도,revenue,2014 CQ2,data_gap,"UI blank, DB=None",2026-07-07T23:15:30
HDC랩스,00350312,분기x별도,revenue,2014 CQ3,data_gap,"UI blank, DB=None",2026-07-07T23:15:30
HDC랩스,00350312,분기x별도,operating_income,2014 CQ2,data_gap,"UI blank, DB=None",2026-07-07T23:15:30
HDC랩스,00350312,분기x별도,operating_income,2014 CQ3,data_gap,"UI blank, DB=None",2026-07-07T23:15:30
HL만도,01042775,분기x연결,revenue,2014 CQ2,data_gap,"UI blank, DB=None",2026-07-07T23:17:02
HL만도,01042775,분기x연결,revenue,2014 CQ3,data_gap,"UI blank, DB=None",2026-07-07T23:17:02
HL만도,01042775,분기x연결,operating_income,2014 CQ2,data_gap,"UI blank, DB=None",2026-07-07T23:17:02
HL만도,01042775,분기x연결,operating_income,2014 CQ3,data_gap,"UI blank, DB=None",2026-07-07T23:17:02
HL만도,01042775,분기x별도,revenue,2014 CQ2,data_gap,"UI blank, DB=None",2026-07-07T23:17:09
HL만도,01042775,분기x별도,revenue,2014 CQ3,data_gap,"UI blank, DB=None",2026-07-07T23:17:09
HL만도,01042775,분기x별도,operating_income,2014 CQ2,data_gap,"UI blank, DB=None",2026-07-07T23:17:09
HL만도,01042775,분기x별도,operating_income,2014 CQ3,data_gap,"UI blank, DB=None",2026-07-07T23:17:09
HL홀딩스,00299002,연간x별도,revenue,2002,data_gap,"UI blank, DB=None",2026-07-07T23:17:28
HL홀딩스,00299002,연간x별도,revenue,2004,data_gap,"UI blank, DB=None",2026-07-07T23:17:28
HL홀딩스,00299002,연간x별도,operating_income,2002,data_gap,"UI blank, DB=None",2026-07-07T23:17:28
HL홀딩스,00299002,연간x별도,operating_income,2004,data_gap,"UI blank, DB=None",2026-07-07T23:17:28
HL D&I,00161116,연간x연결,revenue,2009,data_gap,"UI blank, DB=None",2026-07-07T23:17:56
HL D&I,00161116,연간x연결,operating_income,2009,data_gap,"UI blank, DB=None",2026-07-07T23:17:56
HL D&I,00161116,연간x별도,revenue,2004,data_gap,"UI blank, DB=None",2026-07-07T23:18:01
HL D&I,00161116,연간x별도,operating_income,2004,data_gap,"UI blank, DB=None",2026-07-07T23:18:01
HLB글로벌,00169048,연간x연결,revenue,2009,data_gap,"UI blank, DB=None",2026-07-07T23:18:29
HLB글로벌,00169048,연간x연결,operating_income,2009,data_gap,"UI blank, DB=None",2026-07-07T23:18:29
HLB글로벌,00169048,분기x연결,revenue,2011 CQ2,data_gap,"UI blank, DB=None",2026-07-07T23:18:41
HLB글로벌,00169048,분기x연결,revenue,2011 CQ3,data_gap,"UI blank, DB=None",2026-07-07T23:18:41
HLB글로벌,00169048,분기x연결,revenue,2011 CQ4,data_gap,"UI blank, DB=None",2026-07-07T23:18:41
HLB글로벌,00169048,분기x연결,operating_income,2011 CQ2,data_gap,"UI blank, DB=None",2026-07-07T23:18:41
HLB글로벌,00169048,분기x연결,operating_income,2011 CQ3,data_gap,"UI blank, DB=None",2026-07-07T23:18:41
HLB글로벌,00169048,분기x연결,operating_income,2011 CQ4,data_gap,"UI blank, DB=None",2026-07-07T23:18:41
HLB글로벌,00169048,분기x별도,operating_income,2005 CQ1,data_gap,"UI blank, DB=None",2026-07-07T23:18:48
HLB글로벌,00169048,분기x별도,operating_income,2005 CQ2,data_gap,"UI blank, DB=None",2026-07-07T23:18:48
HLB글로벌,00169048,분기x별도,operating_income,2006 CQ1,data_gap,"UI blank, DB=None",2026-07-07T23:18:48
HLB글로벌,00169048,분기x별도,operating_income,2006 CQ2,data_gap,"UI blank, DB=None",2026-07-07T23:18:48
HMM,00164645,연간x연결,revenue,2010,data_gap,"UI blank, DB=None",2026-07-07T23:19:02
HMM,00164645,분기x연결,revenue,2010 CQ2,data_gap,"UI blank, DB=None",2026-07-07T23:19:14
HMM,00164645,분기x연결,revenue,2010 CQ3,data_gap,"UI blank, DB=None",2026-07-07T23:19:14
HMM,00164645,분기x연결,revenue,2010 CQ4,data_gap,"UI blank, DB=None",2026-07-07T23:19:14
HMM,00164645,분기x연결,operating_income,2010 CQ2,data_gap,"UI blank, DB=None",2026-07-07T23:19:14
HMM,00164645,분기x연결,operating_income,2010 CQ3,data_gap,"UI blank, DB=None",2026-07-07T23:19:14
HMM,00164645,분기x연결,operating_income,2010 CQ4,data_gap,"UI blank, DB=None",2026-07-07T23:19:14
HS애드,00140168,분기x별도,revenue,2005 CQ4,data_gap,"UI blank, DB=None",2026-07-07T23:19:54
HS애드,00140168,분기x별도,operating_income,2005 CQ4,data_gap,"UI blank, DB=None",2026-07-07T23:19:54
HS화성,00174527,연간x연결,revenue,2009,data_gap,"UI blank, DB=None",2026-07-07T23:20:08
HS화성,00174527,연간x연결,operating_income,2009,data_gap,"UI blank, DB=None",2026-07-07T23:20:08
HS화성,00174527,연간x별도,revenue,2001,data_gap,"UI blank, DB=None",2026-07-07T23:20:13
HS화성,00174527,연간x별도,revenue,2003,data_gap,"UI blank, DB=None",2026-07-07T23:20:13
HS화성,00174527,연간x별도,revenue,2004,data_gap,"UI blank, DB=None",2026-07-07T23:20:13
HS화성,00174527,연간x별도,revenue,2005,data_gap,"UI blank, DB=None",2026-07-07T23:20:13
HS화성,00174527,연간x별도,operating_income,2001,data_gap,"UI blank, DB=None",2026-07-07T23:20:13
HS화성,00174527,연간x별도,operating_income,2003,data_gap,"UI blank, DB=None",2026-07-07T23:20:13
HS화성,00174527,연간x별도,operating_income,2004,data_gap,"UI blank, DB=None",2026-07-07T23:20:13
HS화성,00174527,연간x별도,operating_income,2005,data_gap,"UI blank, DB=None",2026-07-07T23:20:13
HS화성,00174527,분기x연결,revenue,2011 CQ2,data_gap,"UI blank, DB=None",2026-07-07T23:20:19
HS화성,00174527,분기x연결,revenue,2011 CQ3,data_gap,"UI blank, DB=None",2026-07-07T23:20:19
HS화성,00174527,분기x연결,revenue,2011 CQ4,data_gap,"UI blank, DB=None",2026-07-07T23:20:19
HS화성,00174527,분기x연결,operating_income,2011 CQ2,data_gap,"UI blank, DB=None",2026-07-07T23:20:19
HS화성,00174527,분기x연결,operating_income,2011 CQ3,data_gap,"UI blank, DB=None",2026-07-07T23:20:19
HS화성,00174527,분기x연결,operating_income,2011 CQ4,data_gap,"UI blank, DB=None",2026-07-07T23:20:19
HS화성,00174527,분기x별도,revenue,2006 CQ1,data_gap,"UI blank, DB=None",2026-07-07T23:20:27
HS화성,00174527,분기x별도,revenue,2006 CQ2,data_gap,"UI blank, DB=None",2026-07-07T23:20:27
HS화성,00174527,분기x별도,operating_income,2006 CQ1,data_gap,"UI blank, DB=None",2026-07-07T23:20:27
HS화성,00174527,분기x별도,operating_income,2006 CQ2,data_gap,"UI blank, DB=None",2026-07-07T23:20:27
세이브존I&C,00422895,연간x별도,revenue,2002,data_gap,"UI blank, DB=None",2026-07-07T23:21:51
세이브존I&C,00422895,연간x별도,operating_income,2002,data_gap,"UI blank, DB=None",2026-07-07T23:21:51
세이브존I&C,00422895,분기x연결,revenue,2011 CQ2,data_gap,"UI blank, DB=None",2026-07-07T23:21:57
세이브존I&C,00422895,분기x연결,revenue,2011 CQ3,data_gap,"UI blank, DB=None",2026-07-07T23:21:57
세이브존I&C,00422895,분기x연결,revenue,2011 CQ4,data_gap,"UI blank, DB=None",2026-07-07T23:21:57
세이브존I&C,00422895,분기x연결,operating_income,2011 CQ2,data_gap,"UI blank, DB=None",2026-07-07T23:21:57
세이브존I&C,00422895,분기x연결,operating_income,2011 CQ3,data_gap,"UI blank, DB=None",2026-07-07T23:21:57
세이브존I&C,00422895,분기x연결,operating_income,2011 CQ4,data_gap,"UI blank, DB=None",2026-07-07T23:21:57
iM금융지주,00878915,연간x연결,operating_income,2012,data_gap,"UI blank, DB=None",2026-07-07T23:23:21
iM금융지주,00878915,연간x연결,operating_income,2013,data_gap,"UI blank, DB=None",2026-07-07T23:23:21
iM금융지주,00878915,연간x연결,operating_income,2014,data_gap,"UI blank, DB=None",2026-07-07T23:23:21
iM금융지주,00878915,연간x연결,operating_income,2015,data_gap,"UI blank, DB=None",2026-07-07T23:23:21
iM금융지주,00878915,연간x연결,operating_income,2016,data_gap,"UI blank, DB=None",2026-07-07T23:23:21
iM금융지주,00878915,연간x연결,operating_income,2017,data_gap,"UI blank, DB=None",2026-07-07T23:23:21
iM금융지주,00878915,연간x별도,revenue,2021,data_gap,"UI blank, DB=None",2026-07-07T23:23:27
iM금융지주,00878915,연간x별도,revenue,2022,data_gap,"UI blank, DB=None",2026-07-07T23:23:27
iM금융지주,00878915,연간x별도,operating_income,2012,data_gap,"UI blank, DB=None",2026-07-07T23:23:27
iM금융지주,00878915,연간x별도,operating_income,2013,data_gap,"UI blank, DB=None",2026-07-07T23:23:27
iM금융지주,00878915,연간x별도,operating_income,2014,data_gap,"UI blank, DB=None",2026-07-07T23:23:27
iM금융지주,00878915,연간x별도,operating_income,2015,data_gap,"UI blank, DB=None",2026-07-07T23:23:27
iM금융지주,00878915,연간x별도,operating_income,2016,data_gap,"UI blank, DB=None",2026-07-07T23:23:27
iM금융지주,00878915,연간x별도,operating_income,2017,data_gap,"UI blank, DB=None",2026-07-07T23:23:27
iM금융지주,00878915,연간x별도,operating_income,2021,data_gap,"UI blank, DB=None",2026-07-07T23:23:27
iM금융지주,00878915,연간x별도,operating_income,2022,data_gap,"UI blank, DB=None",2026-07-07T23:23:27
iM금융지주,00878915,분기x연결,operating_income,2013 CQ2,data_gap,"UI blank, DB=None",2026-07-07T23:23:33
iM금융지주,00878915,분기x연결,operating_income,2013 CQ3,data_gap,"UI blank, DB=None",2026-07-07T23:23:33
iM금융지주,00878915,분기x연결,operating_income,2013 CQ4,data_gap,"UI blank, DB=None",2026-07-07T23:23:33
iM금융지주,00878915,분기x연결,operating_income,2014 CQ1,data_gap,"UI blank, DB=None",2026-07-07T23:23:33
iM금융지주,00878915,분기x연결,operating_income,2014 CQ2,data_gap,"UI blank, DB=None",2026-07-07T23:23:33
iM금융지주,00878915,분기x연결,operating_income,2014 CQ3,data_gap,"UI blank, DB=None",2026-07-07T23:23:33
iM금융지주,00878915,분기x연결,operating_income,2014 CQ4,data_gap,"UI blank, DB=None",2026-07-07T23:23:33
iM금융지주,00878915,분기x연결,operating_income,2015 CQ1,data_gap,"UI blank, DB=None",2026-07-07T23:23:33
iM금융지주,00878915,분기x연결,operating_income,2015 CQ2,data_gap,"UI blank, DB=None",2026-07-07T23:23:33
iM금융지주,00878915,분기x연결,operating_income,2015 CQ3,data_gap,"UI blank, DB=None",2026-07-07T23:23:33
iM금융지주,00878915,분기x연결,operating_income,2015 CQ4,data_gap,"UI blank, DB=None",2026-07-07T23:23:33
iM금융지주,00878915,분기x연결,operating_income,2016 CQ1,data_gap,"UI blank, DB=None",2026-07-07T23:23:33
iM금융지주,00878915,분기x연결,operating_income,2016 CQ2,data_gap,"UI blank, DB=None",2026-07-07T23:23:33
iM금융지주,00878915,분기x연결,operating_income,2016 CQ3,data_gap,"UI blank, DB=None",2026-07-07T23:23:33
iM금융지주,00878915,분기x연결,operating_income,2016 CQ4,data_gap,"UI blank, DB=None",2026-07-07T23:23:33
iM금융지주,00878915,분기x연결,operating_income,2017 CQ1,data_gap,"UI blank, DB=None",2026-07-07T23:23:33
iM금융지주,00878915,분기x연결,operating_income,2017 CQ2,data_gap,"UI blank, DB=None",2026-07-07T23:23:33
iM금융지주,00878915,분기x연결,operating_income,2017 CQ3,data_gap,"UI blank, DB=None",2026-07-07T23:23:33
iM금융지주,00878915,분기x연결,operating_income,2017 CQ4,data_gap,"UI blank, DB=None",2026-07-07T23:23:33
iM금융지주,00878915,분기x연결,operating_income,2019 CQ2,data_gap,"UI blank, DB=None",2026-07-07T23:23:33
iM금융지주,00878915,분기x연결,operating_income,2019 CQ3,data_gap,"UI blank, DB=None",2026-07-07T23:23:33
iM금융지주,00878915,분기x별도,revenue,2013 CQ3,data_gap,"UI blank, DB=None",2026-07-07T23:23:40
iM금융지주,00878915,분기x별도,revenue,2013 CQ4,data_gap,"UI blank, DB=None",2026-07-07T23:23:40
iM금융지주,00878915,분기x별도,revenue,2021 CQ3,data_gap,"UI blank, DB=None",2026-07-07T23:23:40
iM금융지주,00878915,분기x별도,revenue,2021 CQ4,data_gap,"UI blank, DB=None",2026-07-07T23:23:40
iM금융지주,00878915,분기x별도,revenue,2022 CQ1,data_gap,"UI blank, DB=None",2026-07-07T23:23:40
iM금융지주,00878915,분기x별도,revenue,2022 CQ2,data_gap,"UI blank, DB=None",2026-07-07T23:23:40
iM금융지주,00878915,분기x별도,revenue,2022 CQ3,data_gap,"UI blank, DB=None",2026-07-07T23:23:40
iM금융지주,00878915,분기x별도,revenue,2022 CQ4,data_gap,"UI blank, DB=None",2026-07-07T23:23:40
iM금융지주,00878915,분기x별도,revenue,2023 CQ1,data_gap,"UI blank, DB=None",2026-07-07T23:23:40
iM금융지주,00878915,분기x별도,revenue,2023 CQ2,data_gap,"UI blank, DB=None",2026-07-07T23:23:40
iM금융지주,00878915,분기x별도,revenue,2023 CQ3,data_gap,"UI blank, DB=None",2026-07-07T23:23:40
iM금융지주,00878915,분기x별도,operating_income,2012 CQ4,data_gap,"UI blank, DB=None",2026-07-07T23:23:40
iM금융지주,00878915,분기x별도,operating_income,2013 CQ2,data_gap,"UI blank, DB=None",2026-07-07T23:23:40
iM금융지주,00878915,분기x별도,operating_income,2013 CQ3,data_gap,"UI blank, DB=None",2026-07-07T23:23:40
iM금융지주,00878915,분기x별도,operating_income,2013 CQ4,data_gap,"UI blank, DB=None",2026-07-07T23:23:40
iM금융지주,00878915,분기x별도,operating_income,2014 CQ1,data_gap,"UI blank, DB=None",2026-07-07T23:23:40
iM금융지주,00878915,분기x별도,operating_income,2014 CQ2,data_gap,"UI blank, DB=None",2026-07-07T23:23:40
iM금융지주,00878915,분기x별도,operating_income,2014 CQ3,data_gap,"UI blank, DB=None",2026-07-07T23:23:40
iM금융지주,00878915,분기x별도,operating_income,2014 CQ4,data_gap,"UI blank, DB=None",2026-07-07T23:23:40
iM금융지주,00878915,분기x별도,operating_income,2015 CQ1,data_gap,"UI blank, DB=None",2026-07-07T23:23:40
iM금융지주,00878915,분기x별도,operating_income,2015 CQ2,data_gap,"UI blank, DB=None",2026-07-07T23:23:40
iM금융지주,00878915,분기x별도,operating_income,2015 CQ3,data_gap,"UI blank, DB=None",2026-07-07T23:23:40
iM금융지주,00878915,분기x별도,operating_income,2015 CQ4,data_gap,"UI blank, DB=None",2026-07-07T23:23:40
iM금융지주,00878915,분기x별도,operating_income,2016 CQ1,data_gap,"UI blank, DB=None",2026-07-07T23:23:40
iM금융지주,00878915,분기x별도,operating_income,2016 CQ2,data_gap,"UI blank, DB=None",2026-07-07T23:23:40
iM금융지주,00878915,분기x별도,operating_income,2016 CQ4,data_gap,"UI blank, DB=None",2026-07-07T23:23:40
iM금융지주,00878915,분기x별도,operating_income,2017 CQ1,data_gap,"UI blank, DB=None",2026-07-07T23:23:40
iM금융지주,00878915,분기x별도,operating_income,2017 CQ2,data_gap,"UI blank, DB=None",2026-07-07T23:23:40
iM금융지주,00878915,분기x별도,operating_income,2017 CQ3,data_gap,"UI blank, DB=None",2026-07-07T23:23:40
iM금융지주,00878915,분기x별도,operating_income,2017 CQ4,data_gap,"UI blank, DB=None",2026-07-07T23:23:40
iM금융지주,00878915,분기x별도,operating_income,2021 CQ3,data_gap,"UI blank, DB=None",2026-07-07T23:23:40
iM금융지주,00878915,분기x별도,operating_income,2021 CQ4,data_gap,"UI blank, DB=None",2026-07-07T23:23:40
iM금융지주,00878915,분기x별도,operating_income,2022 CQ1,data_gap,"UI blank, DB=None",2026-07-07T23:23:40
iM금융지주,00878915,분기x별도,operating_income,2022 CQ2,data_gap,"UI blank, DB=None",2026-07-07T23:23:40
iM금융지주,00878915,분기x별도,operating_income,2022 CQ3,data_gap,"UI blank, DB=None",2026-07-07T23:23:40
iM금융지주,00878915,분기x별도,operating_income,2022 CQ4,data_gap,"UI blank, DB=None",2026-07-07T23:23:40
iM금융지주,00878915,분기x별도,operating_income,2023 CQ1,data_gap,"UI blank, DB=None",2026-07-07T23:23:40
iM금융지주,00878915,분기x별도,operating_income,2023 CQ2,data_gap,"UI blank, DB=None",2026-07-07T23:23:40
iM금융지주,00878915,분기x별도,operating_income,2023 CQ3,data_gap,"UI blank, DB=None",2026-07-07T23:23:40
JB금융지주,00980122,분기x별도,revenue,2013 CQ4,data_gap,"UI blank, DB=None",2026-07-07T23:25:19
JB금융지주,00980122,분기x별도,operating_income,2013 CQ1,data_gap,"UI blank, DB=None",2026-07-07T23:25:19
JW생명과학,00225706,연간x연결,revenue,2015,data_gap,"UI blank, DB=None",2026-07-07T23:25:33
JW생명과학,00225706,연간x별도,revenue,2015,data_gap,"UI blank, DB=None",2026-07-07T23:25:38
JW생명과학,00225706,분기x연결,revenue,2015 CQ4,data_gap,"UI blank, DB=None",2026-07-07T23:25:44
JW생명과학,00225706,분기x별도,revenue,2015 CQ4,data_gap,"UI blank, DB=None",2026-07-07T23:25:52
JW중외제약,00149947,연간x연결,revenue,2009,data_gap,"UI blank, DB=None",2026-07-07T23:26:06
JW중외제약,00149947,연간x연결,operating_income,2009,data_gap,"UI blank, DB=None",2026-07-07T23:26:06
JW중외제약,00149947,연간x별도,revenue,2002,data_gap,"UI blank, DB=None",2026-07-07T23:26:11
JW중외제약,00149947,연간x별도,operating_income,2002,data_gap,"UI blank, DB=None",2026-07-07T23:26:11
JW중외제약,00149947,분기x별도,revenue,2006 CQ2,data_gap,"UI blank, DB=None",2026-07-07T23:26:25
JW중외제약,00149947,분기x별도,revenue,2006 CQ3,data_gap,"UI blank, DB=None",2026-07-07T23:26:25
JW중외제약,00149947,분기x별도,operating_income,2006 CQ2,data_gap,"UI blank, DB=None",2026-07-07T23:26:25
JW중외제약,00149947,분기x별도,operating_income,2006 CQ3,data_gap,"UI blank, DB=None",2026-07-07T23:26:25
JW홀딩스,00632304,분기x연결,revenue,2011 CQ2,data_gap,"UI blank, DB=None",2026-07-07T23:26:51
JW홀딩스,00632304,분기x연결,revenue,2011 CQ3,data_gap,"UI blank, DB=None",2026-07-07T23:26:51
JW홀딩스,00632304,분기x연결,revenue,2011 CQ4,data_gap,"UI blank, DB=None",2026-07-07T23:26:51
JW홀딩스,00632304,분기x연결,operating_income,2011 CQ2,data_gap,"UI blank, DB=None",2026-07-07T23:26:51
JW홀딩스,00632304,분기x연결,operating_income,2011 CQ3,data_gap,"UI blank, DB=None",2026-07-07T23:26:51
JW홀딩스,00632304,분기x연결,operating_income,2011 CQ4,data_gap,"UI blank, DB=None",2026-07-07T23:26:51
KB금융,00688996,연간x연결,revenue,2020,data_gap,"UI blank, DB=None",2026-07-07T23:27:12
KB금융,00688996,연간x연결,revenue,2021,data_gap,"UI blank, DB=None",2026-07-07T23:27:12
KB금융,00688996,연간x연결,revenue,2022,data_gap,"UI blank, DB=None",2026-07-07T23:27:12
KB금융,00688996,연간x연결,operating_income,2015,data_gap,"UI blank, DB=None",2026-07-07T23:27:12
KB금융,00688996,연간x연결,operating_income,2020,data_gap,"UI blank, DB=None",2026-07-07T23:27:12
KB금융,00688996,연간x연결,operating_income,2021,data_gap,"UI blank, DB=None",2026-07-07T23:27:12
KB금융,00688996,연간x연결,operating_income,2022,data_gap,"UI blank, DB=None",2026-07-07T23:27:12
KB금융,00688996,연간x별도,revenue,2012,data_gap,"UI blank, DB=None",2026-07-07T23:27:17
KB금융,00688996,연간x별도,revenue,2018,data_gap,"UI blank, DB=None",2026-07-07T23:27:17
KB금융,00688996,연간x별도,revenue,2022,data_gap,"UI blank, DB=None",2026-07-07T23:27:17
KB금융,00688996,연간x별도,operating_income,2018,data_gap,"UI blank, DB=None",2026-07-07T23:27:17
KB금융,00688996,연간x별도,operating_income,2019,data_gap,"UI blank, DB=None",2026-07-07T23:27:17
KB금융,00688996,연간x별도,operating_income,2020,data_gap,"UI blank, DB=None",2026-07-07T23:27:17
KB금융,00688996,연간x별도,operating_income,2021,data_gap,"UI blank, DB=None",2026-07-07T23:27:17
KB금융,00688996,연간x별도,operating_income,2022,data_gap,"UI blank, DB=None",2026-07-07T23:27:17
KB금융,00688996,분기x연결,revenue,2019 CQ1,data_gap,"UI blank, DB=None",2026-07-07T23:27:23
KB금융,00688996,분기x연결,revenue,2019 CQ2,data_gap,"UI blank, DB=None",2026-07-07T23:27:23
KB금융,00688996,분기x연결,revenue,2019 CQ3,data_gap,"UI blank, DB=None",2026-07-07T23:27:23
KB금융,00688996,분기x연결,revenue,2022 CQ4,data_gap,"UI blank, DB=None",2026-07-07T23:27:23
KB금융,00688996,분기x연결,operating_income,2019 CQ1,data_gap,"UI blank, DB=None",2026-07-07T23:27:23
KB금융,00688996,분기x연결,operating_income,2019 CQ2,data_gap,"UI blank, DB=None",2026-07-07T23:27:23
KB금융,00688996,분기x연결,operating_income,2019 CQ3,data_gap,"UI blank, DB=None",2026-07-07T23:27:23
KB금융,00688996,분기x연결,operating_income,2022 CQ4,data_gap,"UI blank, DB=None",2026-07-07T23:27:23
KB금융,00688996,분기x별도,revenue,2012 CQ3,data_gap,"UI blank, DB=None",2026-07-07T23:27:31
KB금융,00688996,분기x별도,revenue,2012 CQ4,data_gap,"UI blank, DB=None",2026-07-07T23:27:31
KB금융,00688996,분기x별도,revenue,2013 CQ1,data_gap,"UI blank, DB=None",2026-07-07T23:27:31
KB금융,00688996,분기x별도,revenue,2014 CQ1,data_gap,"UI blank, DB=None",2026-07-07T23:27:31
KB금융,00688996,분기x별도,revenue,2014 CQ2,data_gap,"UI blank, DB=None",2026-07-07T23:27:31
KB금융,00688996,분기x별도,revenue,2014 CQ3,data_gap,"UI blank, DB=None",2026-07-07T23:27:31
KB금융,00688996,분기x별도,revenue,2018 CQ4,data_gap,"UI blank, DB=None",2026-07-07T23:27:31
KB금융,00688996,분기x별도,revenue,2022 CQ4,data_gap,"UI blank, DB=None",2026-07-07T23:27:31
KB금융,00688996,분기x별도,operating_income,2012 CQ3,data_gap,"UI blank, DB=None",2026-07-07T23:27:31
KB금융,00688996,분기x별도,operating_income,2013 CQ1,data_gap,"UI blank, DB=None",2026-07-07T23:27:31
KB금융,00688996,분기x별도,operating_income,2014 CQ1,data_gap,"UI blank, DB=None",2026-07-07T23:27:31
KB금융,00688996,분기x별도,operating_income,2014 CQ2,data_gap,"UI blank, DB=None",2026-07-07T23:27:31
KB금융,00688996,분기x별도,operating_income,2014 CQ3,data_gap,"UI blank, DB=None",2026-07-07T23:27:31
KB금융,00688996,분기x별도,operating_income,2016 CQ1,data_gap,"UI blank, DB=None",2026-07-07T23:27:31
KB금융,00688996,분기x별도,operating_income,2016 CQ2,data_gap,"UI blank, DB=None",2026-07-07T23:27:31
KB금융,00688996,분기x별도,operating_income,2016 CQ3,data_gap,"UI blank, DB=None",2026-07-07T23:27:31
KB금융,00688996,분기x별도,operating_income,2017 CQ1,data_gap,"UI blank, DB=None",2026-07-07T23:27:31
KB금융,00688996,분기x별도,operating_income,2017 CQ2,data_gap,"UI blank, DB=None",2026-07-07T23:27:31
KB금융,00688996,분기x별도,operating_income,2017 CQ3,data_gap,"UI blank, DB=None",2026-07-07T23:27:31
KB금융,00688996,분기x별도,operating_income,2018 CQ1,data_gap,"UI blank, DB=None",2026-07-07T23:27:31
KB금융,00688996,분기x별도,operating_income,2018 CQ2,data_gap,"UI blank, DB=None",2026-07-07T23:27:31
KB금융,00688996,분기x별도,operating_income,2018 CQ3,data_gap,"UI blank, DB=None",2026-07-07T23:27:31
KB금융,00688996,분기x별도,operating_income,2018 CQ4,data_gap,"UI blank, DB=None",2026-07-07T23:27:31
KB금융,00688996,분기x별도,operating_income,2019 CQ1,data_gap,"UI blank, DB=None",2026-07-07T23:27:31
KB금융,00688996,분기x별도,operating_income,2019 CQ2,data_gap,"UI blank, DB=None",2026-07-07T23:27:31
KB금융,00688996,분기x별도,operating_income,2019 CQ3,data_gap,"UI blank, DB=None",2026-07-07T23:27:31
KB금융,00688996,분기x별도,operating_income,2019 CQ4,data_gap,"UI blank, DB=None",2026-07-07T23:27:31
KB금융,00688996,분기x별도,operating_income,2020 CQ1,data_gap,"UI blank, DB=None",2026-07-07T23:27:31
KB금융,00688996,분기x별도,operating_income,2020 CQ2,data_gap,"UI blank, DB=None",2026-07-07T23:27:31
KB금융,00688996,분기x별도,operating_income,2020 CQ3,data_gap,"UI blank, DB=None",2026-07-07T23:27:31
KB금융,00688996,분기x별도,operating_income,2020 CQ4,data_gap,"UI blank, DB=None",2026-07-07T23:27:31
KB금융,00688996,분기x별도,operating_income,2021 CQ1,data_gap,"UI blank, DB=None",2026-07-07T23:27:31
KB금융,00688996,분기x별도,operating_income,2021 CQ2,data_gap,"UI blank, DB=None",2026-07-07T23:27:31
KB금융,00688996,분기x별도,operating_income,2021 CQ3,data_gap,"UI blank, DB=None",2026-07-07T23:27:31
KB금융,00688996,분기x별도,operating_income,2021 CQ4,data_gap,"UI blank, DB=None",2026-07-07T23:27:31
KB금융,00688996,분기x별도,operating_income,2022 CQ1,data_gap,"UI blank, DB=None",2026-07-07T23:27:31
KB금융,00688996,분기x별도,operating_income,2022 CQ2,data_gap,"UI blank, DB=None",2026-07-07T23:27:31
KB금융,00688996,분기x별도,operating_income,2022 CQ3,data_gap,"UI blank, DB=None",2026-07-07T23:27:31
KB금융,00688996,분기x별도,operating_income,2022 CQ4,data_gap,"UI blank, DB=None",2026-07-07T23:27:31
KBI동양철관,00117629,연간x별도,operating_income,2001,data_gap,"UI blank, DB=None",2026-07-07T23:27:50
KISCO홀딩스,00159740,연간x별도,revenue,2010,data_gap,"UI blank, DB=None",2026-07-07T23:31:04
KISCO홀딩스,00159740,연간x별도,revenue,2011,data_gap,"UI blank, DB=None",2026-07-07T23:31:04
KISCO홀딩스,00159740,연간x별도,revenue,2012,data_gap,"UI blank, DB=None",2026-07-07T23:31:04
KISCO홀딩스,00159740,연간x별도,revenue,2015,data_gap,"UI blank, DB=None",2026-07-07T23:31:04
KISCO홀딩스,00159740,연간x별도,revenue,2016,data_gap,"UI blank, DB=None",2026-07-07T23:31:04
KISCO홀딩스,00159740,분기x별도,revenue,2010 CQ4,data_gap,"UI blank, DB=None",2026-07-07T23:31:18
KISCO홀딩스,00159740,분기x별도,revenue,2011 CQ1,data_gap,"UI blank, DB=None",2026-07-07T23:31:18
KISCO홀딩스,00159740,분기x별도,revenue,2011 CQ2,data_gap,"UI blank, DB=None",2026-07-07T23:31:18
KISCO홀딩스,00159740,분기x별도,revenue,2011 CQ4,data_gap,"UI blank, DB=None",2026-07-07T23:31:18
KISCO홀딩스,00159740,분기x별도,revenue,2012 CQ1,data_gap,"UI blank, DB=None",2026-07-07T23:31:18
KISCO홀딩스,00159740,분기x별도,revenue,2012 CQ2,data_gap,"UI blank, DB=None",2026-07-07T23:31:18
KISCO홀딩스,00159740,분기x별도,revenue,2012 CQ3,data_gap,"UI blank, DB=None",2026-07-07T23:31:18
KISCO홀딩스,00159740,분기x별도,revenue,2012 CQ4,data_gap,"UI blank, DB=None",2026-07-07T23:31:18
KISCO홀딩스,00159740,분기x별도,revenue,2013 CQ1,data_gap,"UI blank, DB=None",2026-07-07T23:31:18
KISCO홀딩스,00159740,분기x별도,revenue,2013 CQ2,data_gap,"UI blank, DB=None",2026-07-07T23:31:18
KISCO홀딩스,00159740,분기x별도,revenue,2015 CQ4,data_gap,"UI blank, DB=None",2026-07-07T23:31:18
KISCO홀딩스,00159740,분기x별도,revenue,2016 CQ1,data_gap,"UI blank, DB=None",2026-07-07T23:31:18
KISCO홀딩스,00159740,분기x별도,revenue,2016 CQ2,data_gap,"UI blank, DB=None",2026-07-07T23:31:18
KISCO홀딩스,00159740,분기x별도,revenue,2016 CQ3,data_gap,"UI blank, DB=None",2026-07-07T23:31:18
KISCO홀딩스,00159740,분기x별도,revenue,2016 CQ4,data_gap,"UI blank, DB=None",2026-07-07T23:31:18
KISCO홀딩스,00159740,분기x별도,revenue,2017 CQ1,data_gap,"UI blank, DB=None",2026-07-07T23:31:18
KISCO홀딩스,00159740,분기x별도,revenue,2017 CQ2,data_gap,"UI blank, DB=None",2026-07-07T23:31:18
KISCO홀딩스,00159740,분기x별도,revenue,2017 CQ3,data_gap,"UI blank, DB=None",2026-07-07T23:31:18
KPX케미칼,00191472,분기x연결,revenue,2011 CQ2,data_gap,"UI blank, DB=None",2026-07-07T23:32:14
KPX케미칼,00191472,분기x연결,revenue,2011 CQ3,data_gap,"UI blank, DB=None",2026-07-07T23:32:14
KPX케미칼,00191472,분기x연결,revenue,2011 CQ4,data_gap,"UI blank, DB=None",2026-07-07T23:32:14
KPX케미칼,00191472,분기x연결,revenue,2023 CQ3,data_gap,"UI blank, DB=None",2026-07-07T23:32:14
KPX케미칼,00191472,분기x연결,revenue,2023 CQ4,data_gap,"UI blank, DB=None",2026-07-07T23:32:14
KPX케미칼,00191472,분기x연결,operating_income,2011 CQ2,data_gap,"UI blank, DB=None",2026-07-07T23:32:14
KPX케미칼,00191472,분기x연결,operating_income,2011 CQ3,data_gap,"UI blank, DB=None",2026-07-07T23:32:14
KPX케미칼,00191472,분기x연결,operating_income,2011 CQ4,data_gap,"UI blank, DB=None",2026-07-07T23:32:14
KPX케미칼,00191472,분기x연결,operating_income,2023 CQ3,data_gap,"UI blank, DB=None",2026-07-07T23:32:14
KPX케미칼,00191472,분기x연결,operating_income,2023 CQ4,data_gap,"UI blank, DB=None",2026-07-07T23:32:14
KPX홀딩스,00587466,연간x별도,revenue,2009,data_gap,"UI blank, DB=None",2026-07-07T23:32:38
KPX홀딩스,00587466,연간x별도,operating_income,2009,data_gap,"UI blank, DB=None",2026-07-07T23:32:38
KPX홀딩스,00587466,분기x별도,revenue,2018 CQ2,data_gap,"UI blank, DB=None",2026-07-07T23:32:52
KPX홀딩스,00587466,분기x별도,revenue,2018 CQ3,data_gap,"UI blank, DB=None",2026-07-07T23:32:52
KR모터스,00112378,분기x연결,operating_income,2008 CQ1,data_gap,"UI blank, DB=None",2026-07-07T23:33:18
KSS해운,00160232,연간x별도,revenue,2009,data_gap,"UI blank, DB=None",2026-07-07T23:33:43
KSS해운,00160232,연간x별도,operating_income,2009,data_gap,"UI blank, DB=None",2026-07-07T23:33:43
KSS해운,00160232,분기x연결,revenue,2014 CQ2,data_gap,"UI blank, DB=None",2026-07-07T23:33:49
KSS해운,00160232,분기x연결,revenue,2014 CQ3,data_gap,"UI blank, DB=None",2026-07-07T23:33:49
KSS해운,00160232,분기x연결,revenue,2014 CQ4,data_gap,"UI blank, DB=None",2026-07-07T23:33:49
KSS해운,00160232,분기x연결,operating_income,2014 CQ2,data_gap,"UI blank, DB=None",2026-07-07T23:33:49
KSS해운,00160232,분기x연결,operating_income,2014 CQ3,data_gap,"UI blank, DB=None",2026-07-07T23:33:49
KSS해운,00160232,분기x연결,operating_income,2014 CQ4,data_gap,"UI blank, DB=None",2026-07-07T23:33:49
KSS해운,00160232,분기x별도,revenue,2009 CQ4,data_gap,"UI blank, DB=None",2026-07-07T23:33:56
KSS해운,00160232,분기x별도,operating_income,2009 CQ4,data_gap,"UI blank, DB=None",2026-07-07T23:33:56
KTcs,00372882,연간x별도,revenue,2009,data_gap,"UI blank, DB=None",2026-07-07T23:34:15
KTcs,00372882,연간x별도,revenue,2014,data_gap,"UI blank, DB=None",2026-07-07T23:34:15
KTcs,00372882,분기x연결,revenue,2014 CQ2,data_gap,"UI blank, DB=None",2026-07-07T23:34:22
KTcs,00372882,분기x연결,revenue,2014 CQ3,data_gap,"UI blank, DB=None",2026-07-07T23:34:22
KTcs,00372882,분기x연결,revenue,2014 CQ4,data_gap,"UI blank, DB=None",2026-07-07T23:34:22
KTcs,00372882,분기x연결,revenue,2015 CQ2,data_gap,"UI blank, DB=None",2026-07-07T23:34:22
KTcs,00372882,분기x연결,revenue,2015 CQ3,data_gap,"UI blank, DB=None",2026-07-07T23:34:22
KTcs,00372882,분기x별도,revenue,2009 CQ4,data_gap,"UI blank, DB=None",2026-07-07T23:34:29
KTcs,00372882,분기x별도,revenue,2014 CQ4,data_gap,"UI blank, DB=None",2026-07-07T23:34:29
KTcs,00372882,분기x별도,revenue,2015 CQ2,data_gap,"UI blank, DB=None",2026-07-07T23:34:29
KTcs,00372882,분기x별도,revenue,2015 CQ3,data_gap,"UI blank, DB=None",2026-07-07T23:34:29
KTis,00372873,연간x연결,revenue,2009,data_gap,"UI blank, DB=None",2026-07-07T23:34:42
KTis,00372873,연간x별도,revenue,2009,data_gap,"UI blank, DB=None",2026-07-07T23:34:48
KTis,00372873,분기x연결,revenue,2009 CQ2,data_gap,"UI blank, DB=None",2026-07-07T23:34:54
KTis,00372873,분기x연결,revenue,2009 CQ3,data_gap,"UI blank, DB=None",2026-07-07T23:34:54
KTis,00372873,분기x연결,revenue,2009 CQ4,data_gap,"UI blank, DB=None",2026-07-07T23:34:54
KTis,00372873,분기x별도,revenue,2009 CQ2,data_gap,"UI blank, DB=None",2026-07-07T23:35:02
KTis,00372873,분기x별도,revenue,2009 CQ3,data_gap,"UI blank, DB=None",2026-07-07T23:35:02
KTis,00372873,분기x별도,revenue,2009 CQ4,data_gap,"UI blank, DB=None",2026-07-07T23:35:02
LG,00120021,연간x별도,revenue,2004,data_gap,"UI blank, DB=None",2026-07-07T23:35:53
LG,00120021,연간x별도,operating_income,2004,data_gap,"UI blank, DB=None",2026-07-07T23:35:53
LG디스플레이,00105873,연간x연결,revenue,2009,data_gap,"UI blank, DB=None",2026-07-07T23:36:21
LG디스플레이,00105873,연간x연결,operating_income,2009,data_gap,"UI blank, DB=None",2026-07-07T23:36:21
LG씨엔에스,00139834,연간x연결,revenue,2009,data_gap,"UI blank, DB=None",2026-07-07T23:37:24
LG씨엔에스,00139834,연간x연결,operating_income,2009,data_gap,"UI blank, DB=None",2026-07-07T23:37:24
LG씨엔에스,00139834,분기x별도,revenue,2022 CQ2,data_gap,"UI blank, DB=None",2026-07-07T23:37:43
LG씨엔에스,00139834,분기x별도,revenue,2022 CQ3,data_gap,"UI blank, DB=None",2026-07-07T23:37:43
LG씨엔에스,00139834,분기x별도,revenue,2022 CQ4,data_gap,"UI blank, DB=None",2026-07-07T23:37:43
LG씨엔에스,00139834,분기x별도,operating_income,2022 CQ2,data_gap,"UI blank, DB=None",2026-07-07T23:37:43
LG씨엔에스,00139834,분기x별도,operating_income,2022 CQ3,data_gap,"UI blank, DB=None",2026-07-07T23:37:43
LG씨엔에스,00139834,분기x별도,operating_income,2022 CQ4,data_gap,"UI blank, DB=None",2026-07-07T23:37:43
LG유플러스,00231363,연간x연결,revenue,2009,data_gap,"UI blank, DB=None",2026-07-07T23:38:27
LG유플러스,00231363,연간x연결,operating_income,2009,data_gap,"UI blank, DB=None",2026-07-07T23:38:27
LG유플러스,00231363,연간x별도,revenue,2003,data_gap,"UI blank, DB=None",2026-07-07T23:38:34
LG전자,00401731,분기x연결,revenue,2009 CQ2,data_gap,"UI blank, DB=None",2026-07-07T23:39:43
LG전자,00401731,분기x연결,revenue,2009 CQ3,data_gap,"UI blank, DB=None",2026-07-07T23:39:43
LG전자,00401731,분기x연결,revenue,2009 CQ4,data_gap,"UI blank, DB=None",2026-07-07T23:39:43
LG전자,00401731,분기x연결,operating_income,2009 CQ2,data_gap,"UI blank, DB=None",2026-07-07T23:39:43
LG전자,00401731,분기x연결,operating_income,2009 CQ3,data_gap,"UI blank, DB=None",2026-07-07T23:39:43
LG전자,00401731,분기x연결,operating_income,2009 CQ4,data_gap,"UI blank, DB=None",2026-07-07T23:39:43
LG헬로비전,00222532,분기x별도,revenue,2011 CQ2,data_gap,"UI blank, DB=None",2026-07-07T23:40:20
LG헬로비전,00222532,분기x별도,revenue,2011 CQ3,data_gap,"UI blank, DB=None",2026-07-07T23:40:20
LG화학,00356361,연간x연결,revenue,2008,data_gap,"UI blank, DB=None",2026-07-07T23:40:34
LG화학,00356361,연간x연결,operating_income,2008,data_gap,"UI blank, DB=None",2026-07-07T23:40:34
LG화학,00356361,연간x별도,revenue,2002,data_gap,"UI blank, DB=None",2026-07-07T23:40:39
LG화학,00356361,분기x연결,revenue,2008 CQ4,data_gap,"UI blank, DB=None",2026-07-07T23:40:45
LG화학,00356361,분기x연결,revenue,2009 CQ1,data_gap,"UI blank, DB=None",2026-07-07T23:40:45
LG화학,00356361,분기x연결,revenue,2009 CQ2,data_gap,"UI blank, DB=None",2026-07-07T23:40:45
LG화학,00356361,분기x연결,revenue,2009 CQ3,data_gap,"UI blank, DB=None",2026-07-07T23:40:45
LG화학,00356361,분기x연결,operating_income,2008 CQ4,data_gap,"UI blank, DB=None",2026-07-07T23:40:45
LG화학,00356361,분기x연결,operating_income,2009 CQ1,data_gap,"UI blank, DB=None",2026-07-07T23:40:45
LG화학,00356361,분기x연결,operating_income,2009 CQ2,data_gap,"UI blank, DB=None",2026-07-07T23:40:45
LG화학,00356361,분기x연결,operating_income,2009 CQ3,data_gap,"UI blank, DB=None",2026-07-07T23:40:45
LG화학,00356361,분기x별도,revenue,2006 CQ2,data_gap,"UI blank, DB=None",2026-07-07T23:40:53
LG화학,00356361,분기x별도,revenue,2006 CQ3,data_gap,"UI blank, DB=None",2026-07-07T23:40:53
LG화학,00356361,분기x별도,operating_income,2006 CQ2,data_gap,"UI blank, DB=None",2026-07-07T23:40:53
LG화학,00356361,분기x별도,operating_income,2006 CQ3,data_gap,"UI blank, DB=None",2026-07-07T23:40:53
LIG디펜스앤에어로스페이스,00503668,분기x연결,revenue,2014 CQ2,data_gap,"UI blank, DB=None",2026-07-07T23:41:15
LIG디펜스앤에어로스페이스,00503668,분기x연결,revenue,2014 CQ3,data_gap,"UI blank, DB=None",2026-07-07T23:41:15
LIG디펜스앤에어로스페이스,00503668,분기x연결,operating_income,2014 CQ2,data_gap,"UI blank, DB=None",2026-07-07T23:41:15
LIG디펜스앤에어로스페이스,00503668,분기x연결,operating_income,2014 CQ3,data_gap,"UI blank, DB=None",2026-07-07T23:41:15
LIG디펜스앤에어로스페이스,00503668,분기x별도,revenue,2014 CQ2,data_gap,"UI blank, DB=None",2026-07-07T23:41:23
LIG디펜스앤에어로스페이스,00503668,분기x별도,revenue,2014 CQ3,data_gap,"UI blank, DB=None",2026-07-07T23:41:23
LIG디펜스앤에어로스페이스,00503668,분기x별도,operating_income,2014 CQ2,data_gap,"UI blank, DB=None",2026-07-07T23:41:23
LIG디펜스앤에어로스페이스,00503668,분기x별도,operating_income,2014 CQ3,data_gap,"UI blank, DB=None",2026-07-07T23:41:23
LS,00105952,연간x연결,revenue,2009,data_gap,"UI blank, DB=None",2026-07-07T23:41:37
LS,00105952,연간x연결,operating_income,2009,data_gap,"UI blank, DB=None",2026-07-07T23:41:37
LS,00105952,연간x별도,revenue,2015,data_gap,"UI blank, DB=None",2026-07-07T23:41:42
LS,00105952,연간x별도,operating_income,2015,data_gap,"UI blank, DB=None",2026-07-07T23:41:42
NAVER,00266961,분기x별도,revenue,2005 CQ4,data_gap,"UI blank, DB=None",2026-07-07T23:45:34
NAVER,00266961,분기x별도,revenue,2006 CQ1,data_gap,"UI blank, DB=None",2026-07-07T23:45:34
NAVER,00266961,분기x별도,operating_income,2005 CQ4,data_gap,"UI blank, DB=None",2026-07-07T23:45:34
NAVER,00266961,분기x별도,operating_income,2006 CQ1,data_gap,"UI blank, DB=None",2026-07-07T23:45:34
NC,00261443,연간x연결,revenue,2009,data_gap,"UI blank, DB=None",2026-07-07T23:45:48
NC,00261443,연간x연결,operating_income,2009,data_gap,"UI blank, DB=None",2026-07-07T23:45:48
NC,00261443,분기x연결,revenue,2011 CQ2,data_gap,"UI blank, DB=None",2026-07-07T23:45:59
NC,00261443,분기x연결,revenue,2011 CQ3,data_gap,"UI blank, DB=None",2026-07-07T23:45:59
NC,00261443,분기x연결,revenue,2011 CQ4,data_gap,"UI blank, DB=None",2026-07-07T23:45:59
NC,00261443,분기x연결,operating_income,2011 CQ2,data_gap,"UI blank, DB=None",2026-07-07T23:45:59
NC,00261443,분기x연결,operating_income,2011 CQ3,data_gap,"UI blank, DB=None",2026-07-07T23:45:59
NC,00261443,분기x연결,operating_income,2011 CQ4,data_gap,"UI blank, DB=None",2026-07-07T23:45:59
NC,00261443,분기x별도,revenue,2005 CQ3,data_gap,"UI blank, DB=None",2026-07-07T23:46:07
NC,00261443,분기x별도,revenue,2005 CQ4,data_gap,"UI blank, DB=None",2026-07-07T23:46:07
NC,00261443,분기x별도,operating_income,2005 CQ3,data_gap,"UI blank, DB=None",2026-07-07T23:46:07
NC,00261443,분기x별도,operating_income,2005 CQ4,data_gap,"UI blank, DB=None",2026-07-07T23:46:07
NH투자증권,00120182,연간x별도,operating_income,2004,data_gap,"UI blank, DB=None",2026-07-07T23:46:23
NH투자증권,00120182,연간x별도,operating_income,2021,data_gap,"UI blank, DB=None",2026-07-07T23:46:23
NH투자증권,00120182,연간x별도,operating_income,2022,data_gap,"UI blank, DB=None",2026-07-07T23:46:23
NH투자증권,00120182,분기x연결,revenue,2016 CQ2,data_gap,"UI blank, DB=None",2026-07-07T23:46:29
NH투자증권,00120182,분기x연결,revenue,2016 CQ3,data_gap,"UI blank, DB=None",2026-07-07T23:46:29
NH투자증권,00120182,분기x연결,operating_income,2016 CQ2,data_gap,"UI blank, DB=None",2026-07-07T23:46:29
NH투자증권,00120182,분기x연결,operating_income,2016 CQ3,data_gap,"UI blank, DB=None",2026-07-07T23:46:29
NH투자증권,00120182,분기x별도,revenue,2021 CQ2,data_gap,"UI blank, DB=None",2026-07-07T23:46:36
NH투자증권,00120182,분기x별도,revenue,2021 CQ3,data_gap,"UI blank, DB=None",2026-07-07T23:46:36
NH투자증권,00120182,분기x별도,revenue,2021 CQ4,data_gap,"UI blank, DB=None",2026-07-07T23:46:36
NH투자증권,00120182,분기x별도,revenue,2022 CQ1,data_gap,"UI blank, DB=None",2026-07-07T23:46:36
NH투자증권,00120182,분기x별도,revenue,2022 CQ2,data_gap,"UI blank, DB=None",2026-07-07T23:46:36
NH투자증권,00120182,분기x별도,revenue,2022 CQ3,data_gap,"UI blank, DB=None",2026-07-07T23:46:36
NH투자증권,00120182,분기x별도,revenue,2022 CQ4,data_gap,"UI blank, DB=None",2026-07-07T23:46:36
NH투자증권,00120182,분기x별도,revenue,2023 CQ1,data_gap,"UI blank, DB=None",2026-07-07T23:46:36
NH투자증권,00120182,분기x별도,revenue,2023 CQ2,data_gap,"UI blank, DB=None",2026-07-07T23:46:36
NH투자증권,00120182,분기x별도,revenue,2023 CQ3,data_gap,"UI blank, DB=None",2026-07-07T23:46:36
NH투자증권,00120182,분기x별도,operating_income,2021 CQ2,data_gap,"UI blank, DB=None",2026-07-07T23:46:36
NH투자증권,00120182,분기x별도,operating_income,2021 CQ3,data_gap,"UI blank, DB=None",2026-07-07T23:46:36
NH투자증권,00120182,분기x별도,operating_income,2021 CQ4,data_gap,"UI blank, DB=None",2026-07-07T23:46:36
NH투자증권,00120182,분기x별도,operating_income,2022 CQ1,data_gap,"UI blank, DB=None",2026-07-07T23:46:36
NH투자증권,00120182,분기x별도,operating_income,2022 CQ2,data_gap,"UI blank, DB=None",2026-07-07T23:46:36
NH투자증권,00120182,분기x별도,operating_income,2022 CQ3,data_gap,"UI blank, DB=None",2026-07-07T23:46:36
NH투자증권,00120182,분기x별도,operating_income,2022 CQ4,data_gap,"UI blank, DB=None",2026-07-07T23:46:36
NH투자증권,00120182,분기x별도,operating_income,2023 CQ1,data_gap,"UI blank, DB=None",2026-07-07T23:46:36
NH투자증권,00120182,분기x별도,operating_income,2023 CQ2,data_gap,"UI blank, DB=None",2026-07-07T23:46:36
NH투자증권,00120182,분기x별도,operating_income,2023 CQ3,data_gap,"UI blank, DB=None",2026-07-07T23:46:36
NI스틸,00116301,연간x연결,operating_income,2001,data_gap,"UI blank, DB=None",2026-07-07T23:47:22
NI스틸,00116301,연간x별도,operating_income,2001,data_gap,"UI blank, DB=None",2026-07-07T23:47:27
NI스틸,00116301,분기x연결,revenue,2005 CQ3,data_gap,"UI blank, DB=None",2026-07-07T23:47:34
NI스틸,00116301,분기x연결,revenue,2005 CQ4,data_gap,"UI blank, DB=None",2026-07-07T23:47:34
NI스틸,00116301,분기x연결,revenue,2006 CQ3,data_gap,"UI blank, DB=None",2026-07-07T23:47:34
NI스틸,00116301,분기x연결,operating_income,2005 CQ3,data_gap,"UI blank, DB=None",2026-07-07T23:47:34
NI스틸,00116301,분기x연결,operating_income,2005 CQ4,data_gap,"UI blank, DB=None",2026-07-07T23:47:34
NI스틸,00116301,분기x연결,operating_income,2006 CQ3,data_gap,"UI blank, DB=None",2026-07-07T23:47:34
NI스틸,00116301,분기x별도,revenue,2005 CQ3,data_gap,"UI blank, DB=None",2026-07-07T23:47:41
NI스틸,00116301,분기x별도,revenue,2005 CQ4,data_gap,"UI blank, DB=None",2026-07-07T23:47:41
NI스틸,00116301,분기x별도,revenue,2006 CQ3,data_gap,"UI blank, DB=None",2026-07-07T23:47:41
NI스틸,00116301,분기x별도,operating_income,2005 CQ3,data_gap,"UI blank, DB=None",2026-07-07T23:47:41
NI스틸,00116301,분기x별도,operating_income,2005 CQ4,data_gap,"UI blank, DB=None",2026-07-07T23:47:41
NI스틸,00116301,분기x별도,operating_income,2006 CQ3,data_gap,"UI blank, DB=None",2026-07-07T23:47:41
NICE,00158316,연간x연결,revenue,2010,data_gap,"UI blank, DB=None",2026-07-07T23:47:55
NICE,00158316,연간x연결,revenue,2024,data_gap,"UI blank, DB=None",2026-07-07T23:47:55
NICE,00158316,연간x별도,revenue,2010,data_gap,"UI blank, DB=None",2026-07-07T23:48:00
NICE,00158316,연간x별도,revenue,2024,data_gap,"UI blank, DB=None",2026-07-07T23:48:00
NICE,00158316,분기x연결,revenue,2024 CQ4,data_gap,"UI blank, DB=None",2026-07-07T23:48:06
NICE,00158316,분기x연결,revenue,2025 CQ1,data_gap,"UI blank, DB=None",2026-07-07T23:48:06
NICE,00158316,분기x연결,revenue,2025 CQ2,data_gap,"UI blank, DB=None",2026-07-07T23:48:06
NICE,00158316,분기x연결,revenue,2025 CQ3,data_gap,"UI blank, DB=None",2026-07-07T23:48:06
NICE,00158316,분기x연결,revenue,2025 CQ4,data_gap,"UI blank, DB=None",2026-07-07T23:48:06
NICE,00158316,분기x별도,revenue,2010 CQ1,data_gap,"UI blank, DB=None",2026-07-07T23:48:14
NICE,00158316,분기x별도,revenue,2010 CQ2,data_gap,"UI blank, DB=None",2026-07-07T23:48:14
NICE,00158316,분기x별도,revenue,2010 CQ3,data_gap,"UI blank, DB=None",2026-07-07T23:48:14
NICE,00158316,분기x별도,revenue,2010 CQ4,data_gap,"UI blank, DB=None",2026-07-07T23:48:14
NICE,00158316,분기x별도,revenue,2024 CQ4,data_gap,"UI blank, DB=None",2026-07-07T23:48:14
NICE,00158316,분기x별도,revenue,2025 CQ1,data_gap,"UI blank, DB=None",2026-07-07T23:48:14
NICE,00158316,분기x별도,revenue,2025 CQ2,data_gap,"UI blank, DB=None",2026-07-07T23:48:14
NICE,00158316,분기x별도,revenue,2025 CQ3,data_gap,"UI blank, DB=None",2026-07-07T23:48:14
NICE,00158316,분기x별도,revenue,2025 CQ4,data_gap,"UI blank, DB=None",2026-07-07T23:48:14
NICE평가정보,00158325,분기x별도,revenue,2010 CQ2,data_gap,"UI blank, DB=None",2026-07-07T23:48:46
NICE평가정보,00158325,분기x별도,revenue,2010 CQ3,data_gap,"UI blank, DB=None",2026-07-07T23:48:46
NICE평가정보,00158325,분기x별도,revenue,2010 CQ4,data_gap,"UI blank, DB=None",2026-07-07T23:48:46
NICE평가정보,00158325,분기x별도,operating_income,2010 CQ2,data_gap,"UI blank, DB=None",2026-07-07T23:48:46
NICE평가정보,00158325,분기x별도,operating_income,2010 CQ3,data_gap,"UI blank, DB=None",2026-07-07T23:48:46
NICE평가정보,00158325,분기x별도,operating_income,2010 CQ4,data_gap,"UI blank, DB=None",2026-07-07T23:48:46
OCI홀딩스,00148896,연간x별도,revenue,2006,data_gap,"UI blank, DB=None",2026-07-07T23:49:37
OCI홀딩스,00148896,연간x별도,operating_income,2006,data_gap,"UI blank, DB=None",2026-07-07T23:49:37
무림P&P,00119007,연간x별도,operating_income,2002,data_gap,"UI blank, DB=None",2026-07-07T23:50:10
PKC,00122472,연간x별도,revenue,2010,data_gap,"UI blank, DB=None",2026-07-07T23:51:15
PKC,00122472,분기x별도,revenue,2005 CQ2,data_gap,"UI blank, DB=None",2026-07-07T23:51:28
PKC,00122472,분기x별도,revenue,2005 CQ3,data_gap,"UI blank, DB=None",2026-07-07T23:51:28
PKC,00122472,분기x별도,revenue,2005 CQ4,data_gap,"UI blank, DB=None",2026-07-07T23:51:28
PKC,00122472,분기x별도,revenue,2010 CQ2,data_gap,"UI blank, DB=None",2026-07-07T23:51:28
PKC,00122472,분기x별도,revenue,2010 CQ3,data_gap,"UI blank, DB=None",2026-07-07T23:51:28
PKC,00122472,분기x별도,revenue,2010 CQ4,data_gap,"UI blank, DB=None",2026-07-07T23:51:28
PKC,00122472,분기x별도,operating_income,2005 CQ2,data_gap,"UI blank, DB=None",2026-07-07T23:51:28
PKC,00122472,분기x별도,operating_income,2005 CQ3,data_gap,"UI blank, DB=None",2026-07-07T23:51:28
PKC,00122472,분기x별도,operating_income,2005 CQ4,data_gap,"UI blank, DB=None",2026-07-07T23:51:28
삼성SDI,00126362,연간x별도,revenue,2003,data_gap,"UI blank, DB=None",2026-07-07T23:53:57
삼성SDI,00126362,연간x별도,operating_income,2003,data_gap,"UI blank, DB=None",2026-07-07T23:53:57
SG글로벌,00152039,분기x연결,revenue,2011 CQ2,data_gap,"UI blank, DB=None",2026-07-07T23:54:36
SG글로벌,00152039,분기x연결,revenue,2011 CQ3,data_gap,"UI blank, DB=None",2026-07-07T23:54:36
SG글로벌,00152039,분기x연결,revenue,2011 CQ4,data_gap,"UI blank, DB=None",2026-07-07T23:54:36
SG글로벌,00152039,분기x연결,operating_income,2005 CQ1,data_gap,"UI blank, DB=None",2026-07-07T23:54:36
SG글로벌,00152039,분기x연결,operating_income,2005 CQ2,data_gap,"UI blank, DB=None",2026-07-07T23:54:36
SG글로벌,00152039,분기x연결,operating_income,2005 CQ3,data_gap,"UI blank, DB=None",2026-07-07T23:54:36
SG글로벌,00152039,분기x연결,operating_income,2006 CQ1,data_gap,"UI blank, DB=None",2026-07-07T23:54:36
SG글로벌,00152039,분기x연결,operating_income,2006 CQ2,data_gap,"UI blank, DB=None",2026-07-07T23:54:36
SG글로벌,00152039,분기x연결,operating_income,2006 CQ3,data_gap,"UI blank, DB=None",2026-07-07T23:54:36
SG글로벌,00152039,분기x연결,operating_income,2011 CQ2,data_gap,"UI blank, DB=None",2026-07-07T23:54:36
SG글로벌,00152039,분기x연결,operating_income,2011 CQ3,data_gap,"UI blank, DB=None",2026-07-07T23:54:36
SG글로벌,00152039,분기x연결,operating_income,2011 CQ4,data_gap,"UI blank, DB=None",2026-07-07T23:54:36
SG글로벌,00152039,분기x별도,revenue,2005 CQ1,data_gap,"UI blank, DB=None",2026-07-07T23:54:43
SG글로벌,00152039,분기x별도,revenue,2005 CQ2,data_gap,"UI blank, DB=None",2026-07-07T23:54:43
SG글로벌,00152039,분기x별도,operating_income,2005 CQ1,data_gap,"UI blank, DB=None",2026-07-07T23:54:43
SG글로벌,00152039,분기x별도,operating_income,2005 CQ2,data_gap,"UI blank, DB=None",2026-07-07T23:54:43
SG글로벌,00152039,분기x별도,operating_income,2006 CQ2,data_gap,"UI blank, DB=None",2026-07-07T23:54:43
SG글로벌,00152039,분기x별도,operating_income,2006 CQ3,data_gap,"UI blank, DB=None",2026-07-07T23:54:43
SG글로벌,00152039,분기x별도,operating_income,2006 CQ4,data_gap,"UI blank, DB=None",2026-07-07T23:54:43
SG세계물산,00133511,연간x연결,revenue,2009,data_gap,"UI blank, DB=None",2026-07-07T23:54:57
SG세계물산,00133511,연간x연결,operating_income,2009,data_gap,"UI blank, DB=None",2026-07-07T23:54:57
SGC에너지,00125150,분기x별도,revenue,2005 CQ4,data_gap,"UI blank, DB=None",2026-07-07T23:55:48
SGC에너지,00125150,분기x별도,operating_income,2005 CQ4,data_gap,"UI blank, DB=None",2026-07-07T23:55:48
SH에너지화학,00136457,연간x별도,revenue,2004,data_gap,"UI blank, DB=None",2026-07-07T23:56:07
SH에너지화학,00136457,연간x별도,revenue,2005,data_gap,"UI blank, DB=None",2026-07-07T23:56:07
SH에너지화학,00136457,연간x별도,operating_income,2004,data_gap,"UI blank, DB=None",2026-07-07T23:56:07
SH에너지화학,00136457,연간x별도,operating_income,2005,data_gap,"UI blank, DB=None",2026-07-07T23:56:07
SH에너지화학,00136457,분기x연결,revenue,2011 CQ2,data_gap,"UI blank, DB=None",2026-07-07T23:56:13
SH에너지화학,00136457,분기x연결,revenue,2011 CQ3,data_gap,"UI blank, DB=None",2026-07-07T23:56:13
SH에너지화학,00136457,분기x연결,revenue,2011 CQ4,data_gap,"UI blank, DB=None",2026-07-07T23:56:13
SH에너지화학,00136457,분기x연결,operating_income,2011 CQ2,data_gap,"UI blank, DB=None",2026-07-07T23:56:13
SH에너지화학,00136457,분기x연결,operating_income,2011 CQ3,data_gap,"UI blank, DB=None",2026-07-07T23:56:13
SH에너지화학,00136457,분기x연결,operating_income,2011 CQ4,data_gap,"UI blank, DB=None",2026-07-07T23:56:13
SHD,00137809,연간x연결,revenue,2006,data_gap,"UI blank, DB=None",2026-07-07T23:56:34
SHD,00137809,연간x별도,revenue,2006,data_gap,"UI blank, DB=None",2026-07-07T23:56:39
SHD,00137809,분기x연결,revenue,2006 CQ1,data_gap,"UI blank, DB=None",2026-07-07T23:56:45
SHD,00137809,분기x연결,revenue,2006 CQ2,data_gap,"UI blank, DB=None",2026-07-07T23:56:45
SHD,00137809,분기x연결,revenue,2006 CQ3,data_gap,"UI blank, DB=None",2026-07-07T23:56:45
SHD,00137809,분기x연결,revenue,2006 CQ4,data_gap,"UI blank, DB=None",2026-07-07T23:56:45
SHD,00137809,분기x연결,revenue,2007 CQ1,data_gap,"UI blank, DB=None",2026-07-07T23:56:45
SHD,00137809,분기x연결,revenue,2007 CQ2,data_gap,"UI blank, DB=None",2026-07-07T23:56:45
SHD,00137809,분기x연결,revenue,2007 CQ3,data_gap,"UI blank, DB=None",2026-07-07T23:56:45
SHD,00137809,분기x연결,revenue,2007 CQ4,data_gap,"UI blank, DB=None",2026-07-07T23:56:45
SHD,00137809,분기x연결,revenue,2008 CQ1,data_gap,"UI blank, DB=None",2026-07-07T23:56:45
SHD,00137809,분기x연결,revenue,2008 CQ2,data_gap,"UI blank, DB=None",2026-07-07T23:56:45
SHD,00137809,분기x연결,operating_income,2006 CQ3,data_gap,"UI blank, DB=None",2026-07-07T23:56:45
SHD,00137809,분기x연결,operating_income,2006 CQ4,data_gap,"UI blank, DB=None",2026-07-07T23:56:45
SHD,00137809,분기x연결,operating_income,2007 CQ3,data_gap,"UI blank, DB=None",2026-07-07T23:56:45
SHD,00137809,분기x연결,operating_income,2007 CQ4,data_gap,"UI blank, DB=None",2026-07-07T23:56:45
SHD,00137809,분기x연결,operating_income,2008 CQ1,data_gap,"UI blank, DB=None",2026-07-07T23:56:45
SHD,00137809,분기x연결,operating_income,2008 CQ2,data_gap,"UI blank, DB=None",2026-07-07T23:56:45
SHD,00137809,분기x별도,revenue,2006 CQ1,data_gap,"UI blank, DB=None",2026-07-07T23:56:53
SHD,00137809,분기x별도,revenue,2006 CQ2,data_gap,"UI blank, DB=None",2026-07-07T23:56:53
SHD,00137809,분기x별도,revenue,2006 CQ3,data_gap,"UI blank, DB=None",2026-07-07T23:56:53
SHD,00137809,분기x별도,revenue,2006 CQ4,data_gap,"UI blank, DB=None",2026-07-07T23:56:53
SHD,00137809,분기x별도,revenue,2007 CQ1,data_gap,"UI blank, DB=None",2026-07-07T23:56:53
SHD,00137809,분기x별도,revenue,2007 CQ2,data_gap,"UI blank, DB=None",2026-07-07T23:56:53
SHD,00137809,분기x별도,revenue,2007 CQ3,data_gap,"UI blank, DB=None",2026-07-07T23:56:53
SHD,00137809,분기x별도,revenue,2007 CQ4,data_gap,"UI blank, DB=None",2026-07-07T23:56:53
SHD,00137809,분기x별도,revenue,2008 CQ1,data_gap,"UI blank, DB=None",2026-07-07T23:56:53
SHD,00137809,분기x별도,revenue,2008 CQ2,data_gap,"UI blank, DB=None",2026-07-07T23:56:53
SHD,00137809,분기x별도,operating_income,2006 CQ3,data_gap,"UI blank, DB=None",2026-07-07T23:56:53
SHD,00137809,분기x별도,operating_income,2006 CQ4,data_gap,"UI blank, DB=None",2026-07-07T23:56:53
SHD,00137809,분기x별도,operating_income,2007 CQ3,data_gap,"UI blank, DB=None",2026-07-07T23:56:53
SHD,00137809,분기x별도,operating_income,2007 CQ4,data_gap,"UI blank, DB=None",2026-07-07T23:56:53
SHD,00137809,분기x별도,operating_income,2008 CQ1,data_gap,"UI blank, DB=None",2026-07-07T23:56:53
SHD,00137809,분기x별도,operating_income,2008 CQ2,data_gap,"UI blank, DB=None",2026-07-07T23:56:53
SJG세종,00134510,분기x별도,revenue,2007 CQ2,data_gap,"UI blank, DB=None",2026-07-07T23:57:57
SJG세종,00134510,분기x별도,revenue,2007 CQ3,data_gap,"UI blank, DB=None",2026-07-07T23:57:57
SJG세종,00134510,분기x별도,operating_income,2007 CQ2,data_gap,"UI blank, DB=None",2026-07-07T23:57:57
SJG세종,00134510,분기x별도,operating_income,2007 CQ3,data_gap,"UI blank, DB=None",2026-07-07T23:57:57
SK가스,00144164,분기x연결,revenue,2011 CQ2,data_gap,"UI blank, DB=None",2026-07-07T23:58:22
SK가스,00144164,분기x연결,revenue,2011 CQ3,data_gap,"UI blank, DB=None",2026-07-07T23:58:22
SK가스,00144164,분기x연결,revenue,2011 CQ4,data_gap,"UI blank, DB=None",2026-07-07T23:58:22
SK가스,00144164,분기x연결,operating_income,2011 CQ2,data_gap,"UI blank, DB=None",2026-07-07T23:58:22
SK가스,00144164,분기x연결,operating_income,2011 CQ3,data_gap,"UI blank, DB=None",2026-07-07T23:58:22
SK가스,00144164,분기x연결,operating_income,2011 CQ4,data_gap,"UI blank, DB=None",2026-07-07T23:58:22
SK네트웍스,00131780,분기x연결,revenue,2007 CQ4,data_gap,"UI blank, DB=None",2026-07-07T23:58:55
SK네트웍스,00131780,분기x연결,operating_income,2007 CQ4,data_gap,"UI blank, DB=None",2026-07-07T23:58:55
SK디스커버리,00131832,연간x별도,revenue,2005,data_gap,"UI blank, DB=None",2026-07-07T23:59:21
SK디스커버리,00131832,연간x별도,revenue,2006,data_gap,"UI blank, DB=None",2026-07-07T23:59:21
SK디스커버리,00131832,연간x별도,operating_income,2024,data_gap,"UI blank, DB=None",2026-07-07T23:59:21
SK디스커버리,00131832,분기x연결,revenue,2006 CQ1,data_gap,"UI blank, DB=None",2026-07-07T23:59:27
SK디스커버리,00131832,분기x연결,revenue,2010 CQ2,data_gap,"UI blank, DB=None",2026-07-07T23:59:27
SK디스커버리,00131832,분기x연결,revenue,2010 CQ3,data_gap,"UI blank, DB=None",2026-07-07T23:59:27
SK디스커버리,00131832,분기x연결,revenue,2010 CQ4,data_gap,"UI blank, DB=None",2026-07-07T23:59:27
SK디스커버리,00131832,분기x연결,operating_income,2010 CQ2,data_gap,"UI blank, DB=None",2026-07-07T23:59:27
SK디스커버리,00131832,분기x연결,operating_income,2010 CQ3,data_gap,"UI blank, DB=None",2026-07-07T23:59:27
SK디스커버리,00131832,분기x연결,operating_income,2010 CQ4,data_gap,"UI blank, DB=None",2026-07-07T23:59:27
SK디스커버리,00131832,분기x별도,operating_income,2024 CQ4,data_gap,"UI blank, DB=None",2026-07-07T23:59:35
SK디스커버리,00131832,분기x별도,operating_income,2025 CQ1,data_gap,"UI blank, DB=None",2026-07-07T23:59:35
SK디스커버리,00131832,분기x별도,operating_income,2025 CQ2,data_gap,"UI blank, DB=None",2026-07-07T23:59:35
SK스퀘어,01596425,분기x별도,revenue,2020 CQ4,data_gap,"UI blank, DB=None",2026-07-08T00:01:11
SK이노베이션,00631518,연간x연결,revenue,2008,data_gap,"UI blank, DB=None",2026-07-08T00:02:30
SK이노베이션,00631518,연간x연결,revenue,2009,data_gap,"UI blank, DB=None",2026-07-08T00:02:30
SK이노베이션,00631518,연간x연결,revenue,2010,data_gap,"UI blank, DB=None",2026-07-08T00:02:30
SK이노베이션,00631518,연간x연결,operating_income,2008,data_gap,"UI blank, DB=None",2026-07-08T00:02:30
SK이노베이션,00631518,분기x연결,revenue,2008 CQ4,data_gap,"UI blank, DB=None",2026-07-08T00:02:41
SK이노베이션,00631518,분기x연결,revenue,2009 CQ4,data_gap,"UI blank, DB=None",2026-07-08T00:02:41
SK이노베이션,00631518,분기x연결,revenue,2010 CQ4,data_gap,"UI blank, DB=None",2026-07-08T00:02:41
SK이노베이션,00631518,분기x연결,operating_income,2008 CQ4,data_gap,"UI blank, DB=None",2026-07-08T00:02:41
SK증권,00131850,연간x별도,operating_income,2006,data_gap,"UI blank, DB=None",2026-07-08T00:03:39
SK증권,00131850,분기x별도,operating_income,2012 CQ4,data_gap,"UI blank, DB=None",2026-07-08T00:03:53
SK증권,00131850,분기x별도,operating_income,2013 CQ1,data_gap,"UI blank, DB=None",2026-07-08T00:03:53
SKC,00139889,연간x별도,operating_income,2006,data_gap,"UI blank, DB=None",2026-07-08T00:05:16
SKC,00139889,분기x연결,revenue,2010 CQ2,data_gap,"UI blank, DB=None",2026-07-08T00:05:23
SKC,00139889,분기x연결,revenue,2010 CQ3,data_gap,"UI blank, DB=None",2026-07-08T00:05:23
SKC,00139889,분기x연결,revenue,2010 CQ4,data_gap,"UI blank, DB=None",2026-07-08T00:05:23
SKC,00139889,분기x연결,operating_income,2010 CQ2,data_gap,"UI blank, DB=None",2026-07-08T00:05:23
SKC,00139889,분기x연결,operating_income,2010 CQ3,data_gap,"UI blank, DB=None",2026-07-08T00:05:23
SKC,00139889,분기x연결,operating_income,2010 CQ4,data_gap,"UI blank, DB=None",2026-07-08T00:05:23
SKC,00139889,분기x별도,revenue,2004 CQ3,data_gap,"UI blank, DB=None",2026-07-08T00:05:30
SKC,00139889,분기x별도,revenue,2004 CQ4,data_gap,"UI blank, DB=None",2026-07-08T00:05:30
SKC,00139889,분기x별도,operating_income,2004 CQ3,data_gap,"UI blank, DB=None",2026-07-08T00:05:30
SKC,00139889,분기x별도,operating_income,2004 CQ4,data_gap,"UI blank, DB=None",2026-07-08T00:05:30
SKC,00139889,분기x별도,operating_income,2006 CQ2,data_gap,"UI blank, DB=None",2026-07-08T00:05:30
SKC,00139889,분기x별도,operating_income,2006 CQ3,data_gap,"UI blank, DB=None",2026-07-08T00:05:30
SKC,00139889,분기x별도,operating_income,2006 CQ4,data_gap,"UI blank, DB=None",2026-07-08T00:05:30
SKC,00139889,분기x별도,operating_income,2007 CQ1,data_gap,"UI blank, DB=None",2026-07-08T00:05:30
SKC,00139889,분기x별도,operating_income,2007 CQ2,data_gap,"UI blank, DB=None",2026-07-08T00:05:30
SNT다이내믹스,00134477,분기x별도,revenue,2006 CQ3,data_gap,"UI blank, DB=None",2026-07-08T00:06:03
SNT다이내믹스,00134477,분기x별도,operating_income,2006 CQ3,data_gap,"UI blank, DB=None",2026-07-08T00:06:03
SNT모티브,00398792,분기x별도,revenue,2005 CQ4,data_gap,"UI blank, DB=None",2026-07-08T00:06:35
SNT모티브,00398792,분기x별도,revenue,2006 CQ2,data_gap,"UI blank, DB=None",2026-07-08T00:06:35
SNT모티브,00398792,분기x별도,revenue,2006 CQ3,data_gap,"UI blank, DB=None",2026-07-08T00:06:35
SNT모티브,00398792,분기x별도,operating_income,2005 CQ4,data_gap,"UI blank, DB=None",2026-07-08T00:06:35
SNT모티브,00398792,분기x별도,operating_income,2006 CQ2,data_gap,"UI blank, DB=None",2026-07-08T00:06:35
SNT모티브,00398792,분기x별도,operating_income,2006 CQ3,data_gap,"UI blank, DB=None",2026-07-08T00:06:35
STX,00138297,연간x연결,revenue,2009,data_gap,"UI blank, DB=None",2026-07-08T00:08:27
STX,00138297,연간x연결,operating_income,2009,data_gap,"UI blank, DB=None",2026-07-08T00:08:27
STX,00138297,분기x연결,operating_income,2020 CQ1,data_gap,"UI blank, DB=None",2026-07-08T00:08:39
STX,00138297,분기x연결,operating_income,2020 CQ2,data_gap,"UI blank, DB=None",2026-07-08T00:08:39
STX,00138297,분기x별도,revenue,2006 CQ1,data_gap,"UI blank, DB=None",2026-07-08T00:08:46
STX,00138297,분기x별도,revenue,2006 CQ2,data_gap,"UI blank, DB=None",2026-07-08T00:08:46
STX,00138297,분기x별도,revenue,2006 CQ3,data_gap,"UI blank, DB=None",2026-07-08T00:08:46
STX,00138297,분기x별도,operating_income,2006 CQ1,data_gap,"UI blank, DB=None",2026-07-08T00:08:46
STX,00138297,분기x별도,operating_income,2006 CQ2,data_gap,"UI blank, DB=None",2026-07-08T00:08:46
STX,00138297,분기x별도,operating_income,2006 CQ3,data_gap,"UI blank, DB=None",2026-07-08T00:08:46
SUN&L,00132211,분기x연결,revenue,2011 CQ2,data_gap,"UI blank, DB=None",2026-07-08T00:10:16
SUN&L,00132211,분기x연결,revenue,2011 CQ3,data_gap,"UI blank, DB=None",2026-07-08T00:10:16
SUN&L,00132211,분기x연결,revenue,2011 CQ4,data_gap,"UI blank, DB=None",2026-07-08T00:10:16
SUN&L,00132211,분기x연결,operating_income,2011 CQ2,data_gap,"UI blank, DB=None",2026-07-08T00:10:16
SUN&L,00132211,분기x연결,operating_income,2011 CQ3,data_gap,"UI blank, DB=None",2026-07-08T00:10:16
SUN&L,00132211,분기x연결,operating_income,2011 CQ4,data_gap,"UI blank, DB=None",2026-07-08T00:10:16
SYTS,00127042,분기x연결,revenue,2011 CQ2,data_gap,"UI blank, DB=None",2026-07-08T00:10:45
SYTS,00127042,분기x연결,revenue,2011 CQ3,data_gap,"UI blank, DB=None",2026-07-08T00:10:45
SYTS,00127042,분기x연결,revenue,2011 CQ4,data_gap,"UI blank, DB=None",2026-07-08T00:10:45
SYTS,00127042,분기x연결,operating_income,2011 CQ2,data_gap,"UI blank, DB=None",2026-07-08T00:10:45
SYTS,00127042,분기x연결,operating_income,2011 CQ3,data_gap,"UI blank, DB=None",2026-07-08T00:10:45
SYTS,00127042,분기x연결,operating_income,2011 CQ4,data_gap,"UI blank, DB=None",2026-07-08T00:10:45
TCC스틸,00117300,분기x연결,revenue,2011 CQ2,data_gap,"UI blank, DB=None",2026-07-08T00:11:17
TCC스틸,00117300,분기x연결,revenue,2011 CQ3,data_gap,"UI blank, DB=None",2026-07-08T00:11:17
TCC스틸,00117300,분기x연결,revenue,2011 CQ4,data_gap,"UI blank, DB=None",2026-07-08T00:11:17
TCC스틸,00117300,분기x연결,operating_income,2011 CQ2,data_gap,"UI blank, DB=None",2026-07-08T00:11:17
TCC스틸,00117300,분기x연결,operating_income,2011 CQ3,data_gap,"UI blank, DB=None",2026-07-08T00:11:17
TCC스틸,00117300,분기x연결,operating_income,2011 CQ4,data_gap,"UI blank, DB=None",2026-07-08T00:11:17
TCC스틸,00117300,분기x별도,revenue,2005 CQ4,data_gap,"UI blank, DB=None",2026-07-08T00:11:24
TCC스틸,00117300,분기x별도,revenue,2006 CQ1,data_gap,"UI blank, DB=None",2026-07-08T00:11:24
TCC스틸,00117300,분기x별도,revenue,2006 CQ2,data_gap,"UI blank, DB=None",2026-07-08T00:11:24
TCC스틸,00117300,분기x별도,operating_income,2005 CQ4,data_gap,"UI blank, DB=None",2026-07-08T00:11:24
TCC스틸,00117300,분기x별도,operating_income,2006 CQ1,data_gap,"UI blank, DB=None",2026-07-08T00:11:24
TCC스틸,00117300,분기x별도,operating_income,2006 CQ2,data_gap,"UI blank, DB=None",2026-07-08T00:11:24
삼익THK,00127802,연간x연결,revenue,2001,data_gap,"UI blank, DB=None",2026-07-08T00:11:38
삼익THK,00127802,연간x연결,operating_income,2001,data_gap,"UI blank, DB=None",2026-07-08T00:11:38
TP,00154329,분기x연결,revenue,2011 CQ2,data_gap,"UI blank, DB=None",2026-07-08T00:12:22
TP,00154329,분기x연결,revenue,2011 CQ3,data_gap,"UI blank, DB=None",2026-07-08T00:12:22
TP,00154329,분기x연결,revenue,2011 CQ4,data_gap,"UI blank, DB=None",2026-07-08T00:12:22
TP,00154329,분기x연결,operating_income,2011 CQ2,data_gap,"UI blank, DB=None",2026-07-08T00:12:22
TP,00154329,분기x연결,operating_income,2011 CQ3,data_gap,"UI blank, DB=None",2026-07-08T00:12:22
TP,00154329,분기x연결,operating_income,2011 CQ4,data_gap,"UI blank, DB=None",2026-07-08T00:12:22
TYM,00117230,연간x연결,revenue,2009,data_gap,"UI blank, DB=None",2026-07-08T00:12:44
TYM,00117230,연간x연결,operating_income,2009,data_gap,"UI blank, DB=None",2026-07-08T00:12:44
TYM,00117230,연간x별도,revenue,2000,data_gap,"UI blank, DB=None",2026-07-08T00:12:49
TYM,00117230,분기x연결,revenue,2011 CQ2,data_gap,"UI blank, DB=None",2026-07-08T00:12:55
TYM,00117230,분기x연결,revenue,2011 CQ3,data_gap,"UI blank, DB=None",2026-07-08T00:12:55
TYM,00117230,분기x연결,revenue,2011 CQ4,data_gap,"UI blank, DB=None",2026-07-08T00:12:55
TYM,00117230,분기x연결,operating_income,2011 CQ2,data_gap,"UI blank, DB=None",2026-07-08T00:12:55
TYM,00117230,분기x연결,operating_income,2011 CQ3,data_gap,"UI blank, DB=None",2026-07-08T00:12:55
TYM,00117230,분기x연결,operating_income,2011 CQ4,data_gap,"UI blank, DB=None",2026-07-08T00:12:55
