company,corp_code,combo,metric,period,classification,detail,timestamp
LS마린솔루션,00225742,연간x별도,operating_income,2006,data_gap,"UI blank, DB=None",2026-07-07T20:33:51
LS마린솔루션,00225742,분기x별도,operating_income,2006 CQ4,data_gap,"UI blank, DB=None",2026-07-07T20:34:05
LS증권,00330424,연간x별도,revenue,2006,data_gap,"UI blank, DB=None",2026-07-07T20:34:56
LS증권,00330424,연간x별도,operating_income,2006,data_gap,"UI blank, DB=None",2026-07-07T20:34:56
LS증권,00330424,분기x연결,revenue,2017 CQ3,data_gap,"UI blank, DB=None",2026-07-07T20:35:02
LS증권,00330424,분기x연결,revenue,2018 CQ1,data_gap,"UI blank, DB=None",2026-07-07T20:35:02
LS증권,00330424,분기x연결,operating_income,2017 CQ3,data_gap,"UI blank, DB=None",2026-07-07T20:35:02
LS증권,00330424,분기x연결,operating_income,2018 CQ1,data_gap,"UI blank, DB=None",2026-07-07T20:35:02
LSK아이로봇,00542074,연간x별도,revenue,2005,data_gap,"UI blank, DB=None",2026-07-07T20:35:58
LSK아이로봇,00542074,연간x별도,operating_income,2005,data_gap,"UI blank, DB=None",2026-07-07T20:35:58
NE능률,00363927,연간x별도,revenue,2006,data_gap,"UI blank, DB=None",2026-07-07T20:37:32
NE능률,00363927,연간x별도,operating_income,2006,data_gap,"UI blank, DB=None",2026-07-07T20:37:32
NE능률,00363927,분기x연결,revenue,2011 CQ2,data_gap,"UI blank, DB=None",2026-07-07T20:37:38
NE능률,00363927,분기x연결,revenue,2011 CQ3,data_gap,"UI blank, DB=None",2026-07-07T20:37:38
NE능률,00363927,분기x연결,revenue,2011 CQ4,data_gap,"UI blank, DB=None",2026-07-07T20:37:38
NE능률,00363927,분기x연결,operating_income,2011 CQ2,data_gap,"UI blank, DB=None",2026-07-07T20:37:38
NE능률,00363927,분기x연결,operating_income,2011 CQ3,data_gap,"UI blank, DB=None",2026-07-07T20:37:38
NE능률,00363927,분기x연결,operating_income,2011 CQ4,data_gap,"UI blank, DB=None",2026-07-07T20:37:38
NHN벅스,00645089,분기x연결,revenue,2010 CQ2,data_gap,"UI blank, DB=None",2026-07-07T20:39:12
NHN벅스,00645089,분기x연결,revenue,2010 CQ3,data_gap,"UI blank, DB=None",2026-07-07T20:39:12
NHN벅스,00645089,분기x연결,revenue,2010 CQ4,data_gap,"UI blank, DB=None",2026-07-07T20:39:12
NHN벅스,00645089,분기x연결,revenue,2014 CQ2,data_gap,"UI blank, DB=None",2026-07-07T20:39:12
NHN벅스,00645089,분기x연결,revenue,2014 CQ3,data_gap,"UI blank, DB=None",2026-07-07T20:39:12
NHN벅스,00645089,분기x연결,revenue,2014 CQ4,data_gap,"UI blank, DB=None",2026-07-07T20:39:12
NHN벅스,00645089,분기x연결,operating_income,2010 CQ2,data_gap,"UI blank, DB=None",2026-07-07T20:39:12
NHN벅스,00645089,분기x연결,operating_income,2010 CQ3,data_gap,"UI blank, DB=None",2026-07-07T20:39:12
NHN벅스,00645089,분기x연결,operating_income,2010 CQ4,data_gap,"UI blank, DB=None",2026-07-07T20:39:12
NHN벅스,00645089,분기x연결,operating_income,2014 CQ2,data_gap,"UI blank, DB=None",2026-07-07T20:39:12
NHN벅스,00645089,분기x연결,operating_income,2014 CQ3,data_gap,"UI blank, DB=None",2026-07-07T20:39:12
NHN벅스,00645089,분기x연결,operating_income,2014 CQ4,data_gap,"UI blank, DB=None",2026-07-07T20:39:12
PN풍년,00133557,연간x별도,operating_income,2002,data_gap,"UI blank, DB=None",2026-07-07T20:40:41
원익QnC,00468374,분기x연결,revenue,2011 CQ2,data_gap,"UI blank, DB=None",2026-07-07T20:41:51
원익QnC,00468374,분기x연결,revenue,2011 CQ3,data_gap,"UI blank, DB=None",2026-07-07T20:41:51
원익QnC,00468374,분기x연결,revenue,2011 CQ4,data_gap,"UI blank, DB=None",2026-07-07T20:41:51
원익QnC,00468374,분기x연결,operating_income,2011 CQ2,data_gap,"UI blank, DB=None",2026-07-07T20:41:51
원익QnC,00468374,분기x연결,operating_income,2011 CQ3,data_gap,"UI blank, DB=None",2026-07-07T20:41:51
원익QnC,00468374,분기x연결,operating_income,2011 CQ4,data_gap,"UI blank, DB=None",2026-07-07T20:41:51
SBI인베스트먼트,00156910,분기x연결,operating_income,2014 CQ2,data_gap,"UI blank, DB=None",2026-07-07T20:46:06
SBI인베스트먼트,00156910,분기x연결,operating_income,2014 CQ3,data_gap,"UI blank, DB=None",2026-07-07T20:46:06
SBI인베스트먼트,00156910,분기x별도,operating_income,2004 CQ2,data_gap,"UI blank, DB=None",2026-07-07T20:46:14
SBI인베스트먼트,00156910,분기x별도,operating_income,2004 CQ3,data_gap,"UI blank, DB=None",2026-07-07T20:46:14
SDN,00574611,연간x연결,revenue,2010,data_gap,"UI blank, DB=None",2026-07-07T20:46:59
SDN,00574611,연간x연결,operating_income,2010,data_gap,"UI blank, DB=None",2026-07-07T20:46:59
SFA,00358271,연간x별도,revenue,2000,data_gap,"UI blank, DB=None",2026-07-07T20:47:36
SFA,00358271,연간x별도,operating_income,2000,data_gap,"UI blank, DB=None",2026-07-07T20:47:36
SFA넥셀,01090471,분기x별도,revenue,2015 CQ4,data_gap,"UI blank, DB=None",2026-07-07T20:48:22
SFA넥셀,01090471,분기x별도,revenue,2016 CQ1,data_gap,"UI blank, DB=None",2026-07-07T20:48:22
SFA넥셀,01090471,분기x별도,revenue,2016 CQ2,data_gap,"UI blank, DB=None",2026-07-07T20:48:22
SFA넥셀,01090471,분기x별도,revenue,2016 CQ3,data_gap,"UI blank, DB=None",2026-07-07T20:48:22
SFA넥셀,01090471,분기x별도,revenue,2016 CQ4,data_gap,"UI blank, DB=None",2026-07-07T20:48:22
SFA반도체,00301246,분기x별도,revenue,2005 CQ2,data_gap,"UI blank, DB=None",2026-07-07T20:48:54
SFA반도체,00301246,분기x별도,revenue,2005 CQ3,data_gap,"UI blank, DB=None",2026-07-07T20:48:54
SFA반도체,00301246,분기x별도,revenue,2006 CQ2,data_gap,"UI blank, DB=None",2026-07-07T20:48:54
SFA반도체,00301246,분기x별도,revenue,2006 CQ3,data_gap,"UI blank, DB=None",2026-07-07T20:48:54
SFA반도체,00301246,분기x별도,operating_income,2005 CQ2,data_gap,"UI blank, DB=None",2026-07-07T20:48:54
SFA반도체,00301246,분기x별도,operating_income,2005 CQ3,data_gap,"UI blank, DB=None",2026-07-07T20:48:54
SFA반도체,00301246,분기x별도,operating_income,2006 CQ2,data_gap,"UI blank, DB=None",2026-07-07T20:48:54
SFA반도체,00301246,분기x별도,operating_income,2006 CQ3,data_gap,"UI blank, DB=None",2026-07-07T20:48:54
SG&G,00264714,연간x연결,revenue,2009,data_gap,"UI blank, DB=None",2026-07-07T20:49:40
SG&G,00264714,연간x연결,operating_income,2007,data_gap,"UI blank, DB=None",2026-07-07T20:49:40
SG&G,00264714,연간x연결,operating_income,2009,data_gap,"UI blank, DB=None",2026-07-07T20:49:40
SG&G,00264714,연간x별도,operating_income,2006,data_gap,"UI blank, DB=None",2026-07-07T20:49:45
SG&G,00264714,분기x연결,revenue,2011 CQ2,data_gap,"UI blank, DB=None",2026-07-07T20:49:51
SG&G,00264714,분기x연결,revenue,2011 CQ3,data_gap,"UI blank, DB=None",2026-07-07T20:49:51
SG&G,00264714,분기x연결,revenue,2011 CQ4,data_gap,"UI blank, DB=None",2026-07-07T20:49:51
SG&G,00264714,분기x연결,operating_income,2011 CQ2,data_gap,"UI blank, DB=None",2026-07-07T20:49:51
SG&G,00264714,분기x연결,operating_income,2011 CQ3,data_gap,"UI blank, DB=None",2026-07-07T20:49:51
SG&G,00264714,분기x연결,operating_income,2011 CQ4,data_gap,"UI blank, DB=None",2026-07-07T20:49:51
SG&G,00264714,분기x연결,operating_income,2023 CQ3,data_gap,"UI blank, DB=None",2026-07-07T20:49:51
SG&G,00264714,분기x연결,operating_income,2023 CQ4,data_gap,"UI blank, DB=None",2026-07-07T20:49:51
SG&G,00264714,분기x별도,operating_income,2006 CQ1,data_gap,"UI blank, DB=None",2026-07-07T20:49:58
SG&G,00264714,분기x별도,operating_income,2006 CQ2,data_gap,"UI blank, DB=None",2026-07-07T20:49:58
SG&G,00264714,분기x별도,operating_income,2006 CQ3,data_gap,"UI blank, DB=None",2026-07-07T20:49:58
SG&G,00264714,분기x별도,operating_income,2006 CQ4,data_gap,"UI blank, DB=None",2026-07-07T20:49:58
SG&G,00264714,분기x별도,operating_income,2007 CQ1,data_gap,"UI blank, DB=None",2026-07-07T20:49:58
SG&G,00264714,분기x별도,operating_income,2007 CQ2,data_gap,"UI blank, DB=None",2026-07-07T20:49:58
SGA솔루션즈,00988364,분기x연결,revenue,2014 CQ2,data_gap,"UI blank, DB=None",2026-07-07T20:50:23
SGA솔루션즈,00988364,분기x연결,revenue,2014 CQ3,data_gap,"UI blank, DB=None",2026-07-07T20:50:23
SGA솔루션즈,00988364,분기x연결,revenue,2015 CQ2,data_gap,"UI blank, DB=None",2026-07-07T20:50:23
SGA솔루션즈,00988364,분기x연결,operating_income,2014 CQ2,data_gap,"UI blank, DB=None",2026-07-07T20:50:23
SGA솔루션즈,00988364,분기x연결,operating_income,2014 CQ3,data_gap,"UI blank, DB=None",2026-07-07T20:50:23
SGA솔루션즈,00988364,분기x연결,operating_income,2015 CQ2,data_gap,"UI blank, DB=None",2026-07-07T20:50:23
SGC E&C,00141246,연간x연결,revenue,2009,data_gap,"UI blank, DB=None",2026-07-07T20:50:44
SGC E&C,00141246,연간x연결,operating_income,2009,data_gap,"UI blank, DB=None",2026-07-07T20:50:44
SGC E&C,00141246,연간x별도,revenue,2005,data_gap,"UI blank, DB=None",2026-07-07T20:50:49
SGC E&C,00141246,연간x별도,operating_income,2005,data_gap,"UI blank, DB=None",2026-07-07T20:50:49
SGC E&C,00141246,분기x별도,revenue,2006 CQ1,data_gap,"UI blank, DB=None",2026-07-07T20:51:03
SGC E&C,00141246,분기x별도,revenue,2006 CQ2,data_gap,"UI blank, DB=None",2026-07-07T20:51:03
SGC E&C,00141246,분기x별도,operating_income,2006 CQ1,data_gap,"UI blank, DB=None",2026-07-07T20:51:03
SGC E&C,00141246,분기x별도,operating_income,2006 CQ2,data_gap,"UI blank, DB=None",2026-07-07T20:51:03
SKAI,01381984,분기x연결,revenue,2024 CQ4,data_gap,"UI blank, DB=None",2026-07-07T20:51:28
SKAI,01381984,분기x연결,revenue,2025 CQ1,data_gap,"UI blank, DB=None",2026-07-07T20:51:28
SKAI,01381984,분기x연결,revenue,2025 CQ2,data_gap,"UI blank, DB=None",2026-07-07T20:51:28
SKAI,01381984,분기x연결,revenue,2025 CQ3,data_gap,"UI blank, DB=None",2026-07-07T20:51:28
SKAI,01381984,분기x연결,revenue,2025 CQ4,data_gap,"UI blank, DB=None",2026-07-07T20:51:28
SKAI,01381984,분기x별도,revenue,2024 CQ4,data_gap,"UI blank, DB=None",2026-07-07T20:51:35
SKAI,01381984,분기x별도,revenue,2025 CQ1,data_gap,"UI blank, DB=None",2026-07-07T20:51:35
SKAI,01381984,분기x별도,revenue,2025 CQ2,data_gap,"UI blank, DB=None",2026-07-07T20:51:35
SKAI,01381984,분기x별도,revenue,2025 CQ3,data_gap,"UI blank, DB=None",2026-07-07T20:51:35
SKAI,01381984,분기x별도,revenue,2025 CQ4,data_gap,"UI blank, DB=None",2026-07-07T20:51:35
SKAI,01381984,분기x별도,operating_income,2024 CQ4,data_gap,"UI blank, DB=None",2026-07-07T20:51:35
SKAI,01381984,분기x별도,operating_income,2025 CQ1,data_gap,"UI blank, DB=None",2026-07-07T20:51:35
SKAI,01381984,분기x별도,operating_income,2025 CQ2,data_gap,"UI blank, DB=None",2026-07-07T20:51:35
SKAI,01381984,분기x별도,operating_income,2025 CQ3,data_gap,"UI blank, DB=None",2026-07-07T20:51:35
SKAI,01381984,분기x별도,operating_income,2025 CQ4,data_gap,"UI blank, DB=None",2026-07-07T20:51:35
SM C&C,00185046,연간x별도,revenue,2010,data_gap,"UI blank, DB=None",2026-07-07T20:51:54
SM C&C,00185046,분기x별도,revenue,2010 CQ4,data_gap,"UI blank, DB=None",2026-07-07T20:52:07
SM C&C,00185046,분기x별도,revenue,2011 CQ1,data_gap,"UI blank, DB=None",2026-07-07T20:52:07
SM C&C,00185046,분기x별도,revenue,2011 CQ2,data_gap,"UI blank, DB=None",2026-07-07T20:52:07
SM C&C,00185046,분기x별도,revenue,2011 CQ3,data_gap,"UI blank, DB=None",2026-07-07T20:52:07
SM C&C,00185046,분기x별도,revenue,2011 CQ4,data_gap,"UI blank, DB=None",2026-07-07T20:52:07
SM C&C,00185046,분기x별도,operating_income,2005 CQ4,data_gap,"UI blank, DB=None",2026-07-07T20:52:07
SM C&C,00185046,분기x별도,operating_income,2007 CQ1,data_gap,"UI blank, DB=None",2026-07-07T20:52:07
SM C&C,00185046,분기x별도,operating_income,2007 CQ2,data_gap,"UI blank, DB=None",2026-07-07T20:52:07
SM C&C,00185046,분기x별도,operating_income,2007 CQ3,data_gap,"UI blank, DB=None",2026-07-07T20:52:07
SOOP,00399694,연간x별도,operating_income,2010,data_gap,"UI blank, DB=None",2026-07-07T20:52:58
SOOP,00399694,분기x별도,operating_income,2010 CQ2,data_gap,"UI blank, DB=None",2026-07-07T20:53:12
SOOP,00399694,분기x별도,operating_income,2010 CQ3,data_gap,"UI blank, DB=None",2026-07-07T20:53:12
SOOP,00399694,분기x별도,operating_income,2010 CQ4,data_gap,"UI blank, DB=None",2026-07-07T20:53:12
무림SP,00121507,연간x별도,operating_income,2004,data_gap,"UI blank, DB=None",2026-07-07T20:53:30
SV인베스트먼트,00599151,연간x연결,revenue,2022,data_gap,"UI blank, DB=None",2026-07-07T20:53:58
SV인베스트먼트,00599151,연간x연결,revenue,2023,data_gap,"UI blank, DB=None",2026-07-07T20:53:58
SV인베스트먼트,00599151,연간x연결,operating_income,2022,data_gap,"UI blank, DB=None",2026-07-07T20:53:58
SV인베스트먼트,00599151,연간x연결,operating_income,2023,data_gap,"UI blank, DB=None",2026-07-07T20:53:58
SV인베스트먼트,00599151,분기x연결,revenue,2022 CQ1,data_gap,"UI blank, DB=None",2026-07-07T20:54:09
SV인베스트먼트,00599151,분기x연결,revenue,2022 CQ2,data_gap,"UI blank, DB=None",2026-07-07T20:54:09
SV인베스트먼트,00599151,분기x연결,revenue,2022 CQ3,data_gap,"UI blank, DB=None",2026-07-07T20:54:09
SV인베스트먼트,00599151,분기x연결,revenue,2022 CQ4,data_gap,"UI blank, DB=None",2026-07-07T20:54:09
SV인베스트먼트,00599151,분기x연결,revenue,2023 CQ1,data_gap,"UI blank, DB=None",2026-07-07T20:54:09
SV인베스트먼트,00599151,분기x연결,revenue,2023 CQ2,data_gap,"UI blank, DB=None",2026-07-07T20:54:09
SV인베스트먼트,00599151,분기x연결,revenue,2023 CQ3,data_gap,"UI blank, DB=None",2026-07-07T20:54:09
SV인베스트먼트,00599151,분기x연결,operating_income,2022 CQ1,data_gap,"UI blank, DB=None",2026-07-07T20:54:09
SV인베스트먼트,00599151,분기x연결,operating_income,2022 CQ2,data_gap,"UI blank, DB=None",2026-07-07T20:54:09
SV인베스트먼트,00599151,분기x연결,operating_income,2022 CQ3,data_gap,"UI blank, DB=None",2026-07-07T20:54:09
SV인베스트먼트,00599151,분기x연결,operating_income,2022 CQ4,data_gap,"UI blank, DB=None",2026-07-07T20:54:09
SV인베스트먼트,00599151,분기x연결,operating_income,2023 CQ1,data_gap,"UI blank, DB=None",2026-07-07T20:54:09
SV인베스트먼트,00599151,분기x연결,operating_income,2023 CQ2,data_gap,"UI blank, DB=None",2026-07-07T20:54:09
SV인베스트먼트,00599151,분기x연결,operating_income,2023 CQ3,data_gap,"UI blank, DB=None",2026-07-07T20:54:09
SV인베스트먼트,00599151,분기x별도,revenue,2018 CQ2,data_gap,"UI blank, DB=None",2026-07-07T20:54:16
SV인베스트먼트,00599151,분기x별도,revenue,2018 CQ3,data_gap,"UI blank, DB=None",2026-07-07T20:54:16
SV인베스트먼트,00599151,분기x별도,revenue,2021 CQ2,data_gap,"UI blank, DB=None",2026-07-07T20:54:16
SV인베스트먼트,00599151,분기x별도,revenue,2021 CQ3,data_gap,"UI blank, DB=None",2026-07-07T20:54:16
SV인베스트먼트,00599151,분기x별도,revenue,2021 CQ4,data_gap,"UI blank, DB=None",2026-07-07T20:54:16
SV인베스트먼트,00599151,분기x별도,revenue,2022 CQ1,data_gap,"UI blank, DB=None",2026-07-07T20:54:16
SV인베스트먼트,00599151,분기x별도,operating_income,2018 CQ2,data_gap,"UI blank, DB=None",2026-07-07T20:54:16
SV인베스트먼트,00599151,분기x별도,operating_income,2018 CQ3,data_gap,"UI blank, DB=None",2026-07-07T20:54:16
SV인베스트먼트,00599151,분기x별도,operating_income,2021 CQ2,data_gap,"UI blank, DB=None",2026-07-07T20:54:16
SV인베스트먼트,00599151,분기x별도,operating_income,2021 CQ3,data_gap,"UI blank, DB=None",2026-07-07T20:54:16
SV인베스트먼트,00599151,분기x별도,operating_income,2021 CQ4,data_gap,"UI blank, DB=None",2026-07-07T20:54:16
SV인베스트먼트,00599151,분기x별도,operating_income,2022 CQ1,data_gap,"UI blank, DB=None",2026-07-07T20:54:16
서부T&D,00130383,연간x연결,revenue,2009,data_gap,"UI blank, DB=None",2026-07-07T20:55:35
서부T&D,00130383,연간x연결,operating_income,2009,data_gap,"UI blank, DB=None",2026-07-07T20:55:35
서부T&D,00130383,분기x연결,revenue,2011 CQ2,data_gap,"UI blank, DB=None",2026-07-07T20:55:47
서부T&D,00130383,분기x연결,revenue,2011 CQ3,data_gap,"UI blank, DB=None",2026-07-07T20:55:47
서부T&D,00130383,분기x연결,revenue,2011 CQ4,data_gap,"UI blank, DB=None",2026-07-07T20:55:47
서부T&D,00130383,분기x연결,operating_income,2011 CQ2,data_gap,"UI blank, DB=None",2026-07-07T20:55:47
서부T&D,00130383,분기x연결,operating_income,2011 CQ3,data_gap,"UI blank, DB=None",2026-07-07T20:55:47
서부T&D,00130383,분기x연결,operating_income,2011 CQ4,data_gap,"UI blank, DB=None",2026-07-07T20:55:47
THE E&M,00519252,연간x별도,revenue,2005,data_gap,"UI blank, DB=None",2026-07-07T20:56:13
THE E&M,00519252,연간x별도,operating_income,2005,data_gap,"UI blank, DB=None",2026-07-07T20:56:13
TJ미디어,00201733,연간x별도,revenue,2000,data_gap,"UI blank, DB=None",2026-07-07T20:56:44
TJ미디어,00201733,연간x별도,revenue,2003,data_gap,"UI blank, DB=None",2026-07-07T20:56:44
TJ미디어,00201733,연간x별도,revenue,2005,data_gap,"UI blank, DB=None",2026-07-07T20:56:44
TJ미디어,00201733,연간x별도,operating_income,2000,data_gap,"UI blank, DB=None",2026-07-07T20:56:44
TJ미디어,00201733,연간x별도,operating_income,2003,data_gap,"UI blank, DB=None",2026-07-07T20:56:44
TJ미디어,00201733,연간x별도,operating_income,2005,data_gap,"UI blank, DB=None",2026-07-07T20:56:44
TJ미디어,00201733,분기x별도,revenue,2005 CQ4,data_gap,"UI blank, DB=None",2026-07-07T20:56:57
TJ미디어,00201733,분기x별도,operating_income,2005 CQ4,data_gap,"UI blank, DB=None",2026-07-07T20:56:57
TPC로보틱스,00108649,분기x연결,revenue,2013 CQ2,data_gap,"UI blank, DB=None",2026-07-07T20:57:22
TPC로보틱스,00108649,분기x연결,operating_income,2013 CQ2,data_gap,"UI blank, DB=None",2026-07-07T20:57:22
TS인베스트먼트,00778235,분기x연결,revenue,2022 CQ1,data_gap,"UI blank, DB=None",2026-07-07T20:57:54
TS인베스트먼트,00778235,분기x연결,revenue,2022 CQ2,data_gap,"UI blank, DB=None",2026-07-07T20:57:54
TS인베스트먼트,00778235,분기x연결,revenue,2023 CQ1,data_gap,"UI blank, DB=None",2026-07-07T20:57:54
TS인베스트먼트,00778235,분기x연결,revenue,2023 CQ2,data_gap,"UI blank, DB=None",2026-07-07T20:57:54
TS인베스트먼트,00778235,분기x연결,operating_income,2022 CQ1,data_gap,"UI blank, DB=None",2026-07-07T20:57:54
TS인베스트먼트,00778235,분기x연결,operating_income,2022 CQ2,data_gap,"UI blank, DB=None",2026-07-07T20:57:54
TS인베스트먼트,00778235,분기x연결,operating_income,2023 CQ1,data_gap,"UI blank, DB=None",2026-07-07T20:57:54
TS인베스트먼트,00778235,분기x연결,operating_income,2023 CQ2,data_gap,"UI blank, DB=None",2026-07-07T20:57:54
TS인베스트먼트,00778235,분기x별도,revenue,2022 CQ2,data_gap,"UI blank, DB=None",2026-07-07T20:58:01
TS인베스트먼트,00778235,분기x별도,revenue,2022 CQ3,data_gap,"UI blank, DB=None",2026-07-07T20:58:01
TS인베스트먼트,00778235,분기x별도,revenue,2023 CQ2,data_gap,"UI blank, DB=None",2026-07-07T20:58:01
TS인베스트먼트,00778235,분기x별도,revenue,2023 CQ3,data_gap,"UI blank, DB=None",2026-07-07T20:58:01
TS인베스트먼트,00778235,분기x별도,operating_income,2022 CQ2,data_gap,"UI blank, DB=None",2026-07-07T20:58:01
TS인베스트먼트,00778235,분기x별도,operating_income,2022 CQ3,data_gap,"UI blank, DB=None",2026-07-07T20:58:01
TS인베스트먼트,00778235,분기x별도,operating_income,2023 CQ2,data_gap,"UI blank, DB=None",2026-07-07T20:58:01
TS인베스트먼트,00778235,분기x별도,operating_income,2023 CQ3,data_gap,"UI blank, DB=None",2026-07-07T20:58:01
한국경제TV,00263371,분기x연결,revenue,2017 CQ3,data_gap,"UI blank, DB=None",2026-07-07T20:58:58
한국경제TV,00263371,분기x연결,revenue,2017 CQ4,data_gap,"UI blank, DB=None",2026-07-07T20:58:58
한국경제TV,00263371,분기x별도,revenue,2017 CQ3,data_gap,"UI blank, DB=None",2026-07-07T20:59:06
한국경제TV,00263371,분기x별도,revenue,2017 CQ4,data_gap,"UI blank, DB=None",2026-07-07T20:59:06
YBM넷,00307222,연간x별도,revenue,2009,data_gap,"UI blank, DB=None",2026-07-07T20:59:57
YBM넷,00307222,연간x별도,revenue,2010,data_gap,"UI blank, DB=None",2026-07-07T20:59:57
YBM넷,00307222,연간x별도,operating_income,2009,data_gap,"UI blank, DB=None",2026-07-07T20:59:57
YBM넷,00307222,연간x별도,operating_income,2010,data_gap,"UI blank, DB=None",2026-07-07T20:59:57
YBM넷,00307222,분기x별도,revenue,2009 CQ2,data_gap,"UI blank, DB=None",2026-07-07T21:00:10
YBM넷,00307222,분기x별도,revenue,2009 CQ3,data_gap,"UI blank, DB=None",2026-07-07T21:00:10
YBM넷,00307222,분기x별도,revenue,2009 CQ4,data_gap,"UI blank, DB=None",2026-07-07T21:00:10
YBM넷,00307222,분기x별도,revenue,2010 CQ1,data_gap,"UI blank, DB=None",2026-07-07T21:00:10
YBM넷,00307222,분기x별도,revenue,2010 CQ2,data_gap,"UI blank, DB=None",2026-07-07T21:00:10
YBM넷,00307222,분기x별도,revenue,2010 CQ3,data_gap,"UI blank, DB=None",2026-07-07T21:00:10
YBM넷,00307222,분기x별도,revenue,2010 CQ4,data_gap,"UI blank, DB=None",2026-07-07T21:00:10
YBM넷,00307222,분기x별도,operating_income,2009 CQ2,data_gap,"UI blank, DB=None",2026-07-07T21:00:10
YBM넷,00307222,분기x별도,operating_income,2009 CQ3,data_gap,"UI blank, DB=None",2026-07-07T21:00:10
YBM넷,00307222,분기x별도,operating_income,2009 CQ4,data_gap,"UI blank, DB=None",2026-07-07T21:00:10
YBM넷,00307222,분기x별도,operating_income,2010 CQ1,data_gap,"UI blank, DB=None",2026-07-07T21:00:10
YBM넷,00307222,분기x별도,operating_income,2010 CQ2,data_gap,"UI blank, DB=None",2026-07-07T21:00:10
YBM넷,00307222,분기x별도,operating_income,2010 CQ3,data_gap,"UI blank, DB=None",2026-07-07T21:00:10
YBM넷,00307222,분기x별도,operating_income,2010 CQ4,data_gap,"UI blank, DB=None",2026-07-07T21:00:10
YTN,00200275,연간x별도,operating_income,2002,data_gap,"UI blank, DB=None",2026-07-07T21:00:29
YTN,00200275,분기x별도,revenue,2005 CQ4,data_gap,"UI blank, DB=None",2026-07-07T21:00:42
YTN,00200275,분기x별도,operating_income,2005 CQ4,data_gap,"UI blank, DB=None",2026-07-07T21:00:42
YTN,00200275,분기x별도,operating_income,2006 CQ1,data_gap,"UI blank, DB=None",2026-07-07T21:00:42
YTN,00200275,분기x별도,operating_income,2006 CQ2,data_gap,"UI blank, DB=None",2026-07-07T21:00:42
YW,00296263,연간x별도,revenue,2005,data_gap,"UI blank, DB=None",2026-07-07T21:01:01
YW,00296263,연간x별도,operating_income,2005,data_gap,"UI blank, DB=None",2026-07-07T21:01:01
강원랜드,00255619,연간x별도,operating_income,2001,data_gap,"UI blank, DB=None",2026-07-07T21:02:06
강원랜드,00255619,연간x별도,operating_income,2003,data_gap,"UI blank, DB=None",2026-07-07T21:02:06
갤럭시아에스엠,00129554,연간x연결,revenue,2002,data_gap,"UI blank, DB=None",2026-07-07T21:02:33
갤럭시아에스엠,00129554,연간x연결,revenue,2003,data_gap,"UI blank, DB=None",2026-07-07T21:02:33
갤럭시아에스엠,00129554,연간x연결,revenue,2005,data_gap,"UI blank, DB=None",2026-07-07T21:02:33
갤럭시아에스엠,00129554,연간x연결,revenue,2009,data_gap,"UI blank, DB=None",2026-07-07T21:02:33
갤럭시아에스엠,00129554,연간x연결,operating_income,2002,data_gap,"UI blank, DB=None",2026-07-07T21:02:33
갤럭시아에스엠,00129554,연간x연결,operating_income,2003,data_gap,"UI blank, DB=None",2026-07-07T21:02:33
갤럭시아에스엠,00129554,연간x연결,operating_income,2005,data_gap,"UI blank, DB=None",2026-07-07T21:02:33
갤럭시아에스엠,00129554,연간x연결,operating_income,2009,data_gap,"UI blank, DB=None",2026-07-07T21:02:33
갤럭시아에스엠,00129554,분기x연결,revenue,2011 CQ2,data_gap,"UI blank, DB=None",2026-07-07T21:02:45
갤럭시아에스엠,00129554,분기x연결,revenue,2011 CQ3,data_gap,"UI blank, DB=None",2026-07-07T21:02:45
갤럭시아에스엠,00129554,분기x연결,revenue,2011 CQ4,data_gap,"UI blank, DB=None",2026-07-07T21:02:45
갤럭시아에스엠,00129554,분기x연결,operating_income,2002 CQ3,data_gap,"UI blank, DB=None",2026-07-07T21:02:45
갤럭시아에스엠,00129554,분기x연결,operating_income,2011 CQ2,data_gap,"UI blank, DB=None",2026-07-07T21:02:45
갤럭시아에스엠,00129554,분기x연결,operating_income,2011 CQ3,data_gap,"UI blank, DB=None",2026-07-07T21:02:45
갤럭시아에스엠,00129554,분기x연결,operating_income,2011 CQ4,data_gap,"UI blank, DB=None",2026-07-07T21:02:45
갤럭시아에스엠,00129554,분기x별도,revenue,2004 CQ1,data_gap,"UI blank, DB=None",2026-07-07T21:02:52
갤럭시아에스엠,00129554,분기x별도,revenue,2004 CQ2,data_gap,"UI blank, DB=None",2026-07-07T21:02:52
갤럭시아에스엠,00129554,분기x별도,revenue,2004 CQ3,data_gap,"UI blank, DB=None",2026-07-07T21:02:52
갤럭시아에스엠,00129554,분기x별도,operating_income,2006 CQ1,data_gap,"UI blank, DB=None",2026-07-07T21:02:52
갤럭시아에스엠,00129554,분기x별도,operating_income,2006 CQ2,data_gap,"UI blank, DB=None",2026-07-07T21:02:52
갤럭시아에스엠,00129554,분기x별도,operating_income,2006 CQ3,data_gap,"UI blank, DB=None",2026-07-07T21:02:52
갤럭시아에스엠,00129554,분기x별도,operating_income,2006 CQ4,data_gap,"UI blank, DB=None",2026-07-07T21:02:52
경동인베스트,00143527,분기x연결,revenue,2011 CQ2,data_gap,"UI blank, DB=None",2026-07-07T21:03:49
경동인베스트,00143527,분기x연결,revenue,2011 CQ3,data_gap,"UI blank, DB=None",2026-07-07T21:03:49
경동인베스트,00143527,분기x연결,revenue,2011 CQ4,data_gap,"UI blank, DB=None",2026-07-07T21:03:49
경동인베스트,00143527,분기x연결,operating_income,2011 CQ2,data_gap,"UI blank, DB=None",2026-07-07T21:03:49
경동인베스트,00143527,분기x연결,operating_income,2011 CQ3,data_gap,"UI blank, DB=None",2026-07-07T21:03:49
경동인베스트,00143527,분기x연결,operating_income,2011 CQ4,data_gap,"UI blank, DB=None",2026-07-07T21:03:49
경인양행,00102113,연간x별도,revenue,2000,data_gap,"UI blank, DB=None",2026-07-07T21:04:15
경인양행,00102113,연간x별도,operating_income,2000,data_gap,"UI blank, DB=None",2026-07-07T21:04:15
경인양행,00102113,분기x연결,revenue,2011 CQ2,data_gap,"UI blank, DB=None",2026-07-07T21:04:22
경인양행,00102113,분기x연결,revenue,2011 CQ3,data_gap,"UI blank, DB=None",2026-07-07T21:04:22
경인양행,00102113,분기x연결,revenue,2011 CQ4,data_gap,"UI blank, DB=None",2026-07-07T21:04:22
경인양행,00102113,분기x연결,operating_income,2011 CQ2,data_gap,"UI blank, DB=None",2026-07-07T21:04:22
경인양행,00102113,분기x연결,operating_income,2011 CQ3,data_gap,"UI blank, DB=None",2026-07-07T21:04:22
경인양행,00102113,분기x연결,operating_income,2011 CQ4,data_gap,"UI blank, DB=None",2026-07-07T21:04:22
경인양행,00102113,분기x별도,revenue,2006 CQ2,data_gap,"UI blank, DB=None",2026-07-07T21:04:29
경인양행,00102113,분기x별도,revenue,2006 CQ3,data_gap,"UI blank, DB=None",2026-07-07T21:04:29
경인양행,00102113,분기x별도,operating_income,2006 CQ2,data_gap,"UI blank, DB=None",2026-07-07T21:04:29
경인양행,00102113,분기x별도,operating_income,2006 CQ3,data_gap,"UI blank, DB=None",2026-07-07T21:04:29
경인전자,00102140,연간x별도,revenue,2001,data_gap,"UI blank, DB=None",2026-07-07T21:04:48
경인전자,00102140,연간x별도,revenue,2002,data_gap,"UI blank, DB=None",2026-07-07T21:04:48
경인전자,00102140,연간x별도,revenue,2003,data_gap,"UI blank, DB=None",2026-07-07T21:04:48
경인전자,00102140,연간x별도,operating_income,2001,data_gap,"UI blank, DB=None",2026-07-07T21:04:48
경인전자,00102140,연간x별도,operating_income,2002,data_gap,"UI blank, DB=None",2026-07-07T21:04:48
경인전자,00102140,연간x별도,operating_income,2003,data_gap,"UI blank, DB=None",2026-07-07T21:04:48
고려산업,00102751,분기x별도,revenue,2006 CQ1,data_gap,"UI blank, DB=None",2026-07-07T21:06:06
고려산업,00102751,분기x별도,revenue,2006 CQ2,data_gap,"UI blank, DB=None",2026-07-07T21:06:06
고려산업,00102751,분기x별도,operating_income,2006 CQ1,data_gap,"UI blank, DB=None",2026-07-07T21:06:06
고려산업,00102751,분기x별도,operating_income,2006 CQ2,data_gap,"UI blank, DB=None",2026-07-07T21:06:06
고려제강,00103006,연간x별도,revenue,2009,data_gap,"UI blank, DB=None",2026-07-07T21:06:25
고려제강,00103006,연간x별도,operating_income,2009,data_gap,"UI blank, DB=None",2026-07-07T21:06:25
고려제강,00103006,분기x별도,revenue,2009 CQ4,data_gap,"UI blank, DB=None",2026-07-07T21:06:39
고려제강,00103006,분기x별도,operating_income,2009 CQ4,data_gap,"UI blank, DB=None",2026-07-07T21:06:39
광전자,00152729,분기x별도,revenue,2005 CQ4,data_gap,"UI blank, DB=None",2026-07-07T21:07:11
광전자,00152729,분기x별도,revenue,2006 CQ2,data_gap,"UI blank, DB=None",2026-07-07T21:07:11
광전자,00152729,분기x별도,revenue,2006 CQ3,data_gap,"UI blank, DB=None",2026-07-07T21:07:11
광전자,00152729,분기x별도,operating_income,2005 CQ4,data_gap,"UI blank, DB=None",2026-07-07T21:07:11
광전자,00152729,분기x별도,operating_income,2006 CQ2,data_gap,"UI blank, DB=None",2026-07-07T21:07:11
광전자,00152729,분기x별도,operating_income,2006 CQ3,data_gap,"UI blank, DB=None",2026-07-07T21:07:11
교보증권,00113359,연간x별도,revenue,2022,data_gap,"UI blank, DB=None",2026-07-07T21:08:03
교보증권,00113359,연간x별도,operating_income,2022,data_gap,"UI blank, DB=None",2026-07-07T21:08:03
교보증권,00113359,분기x연결,revenue,2011 CQ2,data_gap,"UI blank, DB=None",2026-07-07T21:08:09
교보증권,00113359,분기x연결,operating_income,2011 CQ2,data_gap,"UI blank, DB=None",2026-07-07T21:08:09
교보증권,00113359,분기x별도,revenue,2022 CQ1,data_gap,"UI blank, DB=None",2026-07-07T21:08:17
교보증권,00113359,분기x별도,revenue,2022 CQ2,data_gap,"UI blank, DB=None",2026-07-07T21:08:17
교보증권,00113359,분기x별도,revenue,2022 CQ3,data_gap,"UI blank, DB=None",2026-07-07T21:08:17
교보증권,00113359,분기x별도,revenue,2022 CQ4,data_gap,"UI blank, DB=None",2026-07-07T21:08:17
교보증권,00113359,분기x별도,revenue,2023 CQ1,data_gap,"UI blank, DB=None",2026-07-07T21:08:17
교보증권,00113359,분기x별도,revenue,2023 CQ2,data_gap,"UI blank, DB=None",2026-07-07T21:08:17
교보증권,00113359,분기x별도,revenue,2023 CQ3,data_gap,"UI blank, DB=None",2026-07-07T21:08:17
교보증권,00113359,분기x별도,operating_income,2014 CQ3,data_gap,"UI blank, DB=None",2026-07-07T21:08:17
교보증권,00113359,분기x별도,operating_income,2014 CQ4,data_gap,"UI blank, DB=None",2026-07-07T21:08:17
교보증권,00113359,분기x별도,operating_income,2015 CQ1,data_gap,"UI blank, DB=None",2026-07-07T21:08:17
교보증권,00113359,분기x별도,operating_income,2015 CQ2,data_gap,"UI blank, DB=None",2026-07-07T21:08:17
교보증권,00113359,분기x별도,operating_income,2015 CQ3,data_gap,"UI blank, DB=None",2026-07-07T21:08:17
교보증권,00113359,분기x별도,operating_income,2015 CQ4,data_gap,"UI blank, DB=None",2026-07-07T21:08:17
교보증권,00113359,분기x별도,operating_income,2016 CQ1,data_gap,"UI blank, DB=None",2026-07-07T21:08:17
교보증권,00113359,분기x별도,operating_income,2016 CQ2,data_gap,"UI blank, DB=None",2026-07-07T21:08:17
교보증권,00113359,분기x별도,operating_income,2016 CQ3,data_gap,"UI blank, DB=None",2026-07-07T21:08:17
교보증권,00113359,분기x별도,operating_income,2016 CQ4,data_gap,"UI blank, DB=None",2026-07-07T21:08:17
교보증권,00113359,분기x별도,operating_income,2017 CQ1,data_gap,"UI blank, DB=None",2026-07-07T21:08:17
교보증권,00113359,분기x별도,operating_income,2017 CQ2,data_gap,"UI blank, DB=None",2026-07-07T21:08:17
교보증권,00113359,분기x별도,operating_income,2017 CQ3,data_gap,"UI blank, DB=None",2026-07-07T21:08:17
교보증권,00113359,분기x별도,operating_income,2017 CQ4,data_gap,"UI blank, DB=None",2026-07-07T21:08:17
교보증권,00113359,분기x별도,operating_income,2018 CQ1,data_gap,"UI blank, DB=None",2026-07-07T21:08:17
교보증권,00113359,분기x별도,operating_income,2018 CQ2,data_gap,"UI blank, DB=None",2026-07-07T21:08:17
교보증권,00113359,분기x별도,operating_income,2018 CQ3,data_gap,"UI blank, DB=None",2026-07-07T21:08:17
교보증권,00113359,분기x별도,operating_income,2018 CQ4,data_gap,"UI blank, DB=None",2026-07-07T21:08:17
교보증권,00113359,분기x별도,operating_income,2019 CQ1,data_gap,"UI blank, DB=None",2026-07-07T21:08:17
교보증권,00113359,분기x별도,operating_income,2019 CQ2,data_gap,"UI blank, DB=None",2026-07-07T21:08:17
교보증권,00113359,분기x별도,operating_income,2019 CQ3,data_gap,"UI blank, DB=None",2026-07-07T21:08:17
교보증권,00113359,분기x별도,operating_income,2019 CQ4,data_gap,"UI blank, DB=None",2026-07-07T21:08:17
교보증권,00113359,분기x별도,operating_income,2022 CQ1,data_gap,"UI blank, DB=None",2026-07-07T21:08:17
교보증권,00113359,분기x별도,operating_income,2022 CQ2,data_gap,"UI blank, DB=None",2026-07-07T21:08:17
교보증권,00113359,분기x별도,operating_income,2022 CQ3,data_gap,"UI blank, DB=None",2026-07-07T21:08:17
교보증권,00113359,분기x별도,operating_income,2022 CQ4,data_gap,"UI blank, DB=None",2026-07-07T21:08:17
교보증권,00113359,분기x별도,operating_income,2023 CQ1,data_gap,"UI blank, DB=None",2026-07-07T21:08:17
교보증권,00113359,분기x별도,operating_income,2023 CQ2,data_gap,"UI blank, DB=None",2026-07-07T21:08:17
교보증권,00113359,분기x별도,operating_income,2023 CQ3,data_gap,"UI blank, DB=None",2026-07-07T21:08:17
국도화학,00104388,분기x연결,revenue,2011 CQ2,data_gap,"UI blank, DB=None",2026-07-07T21:09:14
국도화학,00104388,분기x연결,revenue,2011 CQ3,data_gap,"UI blank, DB=None",2026-07-07T21:09:14
국도화학,00104388,분기x연결,revenue,2011 CQ4,data_gap,"UI blank, DB=None",2026-07-07T21:09:14
국도화학,00104388,분기x연결,operating_income,2011 CQ2,data_gap,"UI blank, DB=None",2026-07-07T21:09:14
국도화학,00104388,분기x연결,operating_income,2011 CQ3,data_gap,"UI blank, DB=None",2026-07-07T21:09:14
국도화학,00104388,분기x연결,operating_income,2011 CQ4,data_gap,"UI blank, DB=None",2026-07-07T21:09:14
국도화학,00104388,분기x별도,revenue,2005 CQ3,data_gap,"UI blank, DB=None",2026-07-07T21:09:21
국도화학,00104388,분기x별도,revenue,2005 CQ4,data_gap,"UI blank, DB=None",2026-07-07T21:09:21
국도화학,00104388,분기x별도,revenue,2006 CQ2,data_gap,"UI blank, DB=None",2026-07-07T21:09:21
국도화학,00104388,분기x별도,revenue,2006 CQ3,data_gap,"UI blank, DB=None",2026-07-07T21:09:21
국도화학,00104388,분기x별도,operating_income,2006 CQ2,data_gap,"UI blank, DB=None",2026-07-07T21:09:21
국도화학,00104388,분기x별도,operating_income,2006 CQ3,data_gap,"UI blank, DB=None",2026-07-07T21:09:21
국제약품,00104722,연간x별도,revenue,2003,data_gap,"UI blank, DB=None",2026-07-07T21:09:40
국제약품,00104722,연간x별도,revenue,2005,data_gap,"UI blank, DB=None",2026-07-07T21:09:40
국제약품,00104722,연간x별도,operating_income,2003,data_gap,"UI blank, DB=None",2026-07-07T21:09:40
국제약품,00104722,연간x별도,operating_income,2005,data_gap,"UI blank, DB=None",2026-07-07T21:09:40
국제약품,00104722,분기x별도,revenue,2005 CQ1,data_gap,"UI blank, DB=None",2026-07-07T21:09:54
국제약품,00104722,분기x별도,revenue,2006 CQ1,data_gap,"UI blank, DB=None",2026-07-07T21:09:54
국제약품,00104722,분기x별도,revenue,2006 CQ3,data_gap,"UI blank, DB=None",2026-07-07T21:09:54
국제약품,00104722,분기x별도,operating_income,2005 CQ1,data_gap,"UI blank, DB=None",2026-07-07T21:09:54
국제약품,00104722,분기x별도,operating_income,2006 CQ1,data_gap,"UI blank, DB=None",2026-07-07T21:09:54
국제약품,00104722,분기x별도,operating_income,2006 CQ3,data_gap,"UI blank, DB=None",2026-07-07T21:09:54
금비,00168401,분기x연결,revenue,2012 CQ2,data_gap,"UI blank, DB=None",2026-07-07T21:11:55
금비,00168401,분기x연결,revenue,2012 CQ3,data_gap,"UI blank, DB=None",2026-07-07T21:11:55
금비,00168401,분기x연결,operating_income,2012 CQ2,data_gap,"UI blank, DB=None",2026-07-07T21:11:55
금비,00168401,분기x연결,operating_income,2012 CQ3,data_gap,"UI blank, DB=None",2026-07-07T21:11:55
금호에이치티,00105606,분기x연결,revenue,2014 CQ2,data_gap,"UI blank, DB=None",2026-07-07T21:14:04
금호에이치티,00105606,분기x연결,revenue,2014 CQ3,data_gap,"UI blank, DB=None",2026-07-07T21:14:04
금호에이치티,00105606,분기x연결,revenue,2014 CQ4,data_gap,"UI blank, DB=None",2026-07-07T21:14:04
금호에이치티,00105606,분기x연결,operating_income,2014 CQ2,data_gap,"UI blank, DB=None",2026-07-07T21:14:04
금호에이치티,00105606,분기x연결,operating_income,2014 CQ3,data_gap,"UI blank, DB=None",2026-07-07T21:14:04
금호에이치티,00105606,분기x연결,operating_income,2014 CQ4,data_gap,"UI blank, DB=None",2026-07-07T21:14:04
금호에이치티,00105606,분기x별도,revenue,2014 CQ2,data_gap,"UI blank, DB=None",2026-07-07T21:14:11
금호에이치티,00105606,분기x별도,revenue,2014 CQ3,data_gap,"UI blank, DB=None",2026-07-07T21:14:11
금호에이치티,00105606,분기x별도,revenue,2014 CQ4,data_gap,"UI blank, DB=None",2026-07-07T21:14:11
금호에이치티,00105606,분기x별도,operating_income,2014 CQ2,data_gap,"UI blank, DB=None",2026-07-07T21:14:11
금호에이치티,00105606,분기x별도,operating_income,2014 CQ3,data_gap,"UI blank, DB=None",2026-07-07T21:14:11
금호에이치티,00105606,분기x별도,operating_income,2014 CQ4,data_gap,"UI blank, DB=None",2026-07-07T21:14:11
금호전기,00106395,연간x별도,revenue,2009,data_gap,"UI blank, DB=None",2026-07-07T21:14:30
금호전기,00106395,연간x별도,operating_income,2009,data_gap,"UI blank, DB=None",2026-07-07T21:14:30
금호전기,00106395,분기x연결,revenue,2011 CQ2,data_gap,"UI blank, DB=None",2026-07-07T21:14:36
금호전기,00106395,분기x연결,revenue,2011 CQ3,data_gap,"UI blank, DB=None",2026-07-07T21:14:36
금호전기,00106395,분기x연결,revenue,2011 CQ4,data_gap,"UI blank, DB=None",2026-07-07T21:14:36
금호전기,00106395,분기x연결,operating_income,2011 CQ2,data_gap,"UI blank, DB=None",2026-07-07T21:14:36
금호전기,00106395,분기x연결,operating_income,2011 CQ3,data_gap,"UI blank, DB=None",2026-07-07T21:14:36
금호전기,00106395,분기x연결,operating_income,2011 CQ4,data_gap,"UI blank, DB=None",2026-07-07T21:14:36
금호타이어,00481454,분기x연결,revenue,2007 CQ3,data_gap,"UI blank, DB=None",2026-07-07T21:15:08
금호타이어,00481454,분기x연결,revenue,2007 CQ4,data_gap,"UI blank, DB=None",2026-07-07T21:15:08
금호타이어,00481454,분기x연결,operating_income,2007 CQ3,data_gap,"UI blank, DB=None",2026-07-07T21:15:08
금호타이어,00481454,분기x연결,operating_income,2007 CQ4,data_gap,"UI blank, DB=None",2026-07-07T21:15:08
기아,00106641,분기x별도,revenue,2006 CQ1,data_gap,"UI blank, DB=None",2026-07-07T21:15:45
기아,00106641,분기x별도,revenue,2006 CQ2,data_gap,"UI blank, DB=None",2026-07-07T21:15:45
기아,00106641,분기x별도,revenue,2006 CQ3,data_gap,"UI blank, DB=None",2026-07-07T21:15:45
기아,00106641,분기x별도,revenue,2006 CQ4,data_gap,"UI blank, DB=None",2026-07-07T21:15:45
기아,00106641,분기x별도,operating_income,2006 CQ1,data_gap,"UI blank, DB=None",2026-07-07T21:15:45
기아,00106641,분기x별도,operating_income,2006 CQ2,data_gap,"UI blank, DB=None",2026-07-07T21:15:45
기아,00106641,분기x별도,operating_income,2006 CQ3,data_gap,"UI blank, DB=None",2026-07-07T21:15:45
기아,00106641,분기x별도,operating_income,2006 CQ4,data_gap,"UI blank, DB=None",2026-07-07T21:15:45
기업은행,00149646,연간x연결,revenue,2010,data_gap,"UI blank, DB=None",2026-07-07T21:15:59
기업은행,00149646,연간x연결,operating_income,2010,data_gap,"UI blank, DB=None",2026-07-07T21:15:59
기업은행,00149646,분기x연결,revenue,2010 CQ2,data_gap,"UI blank, DB=None",2026-07-07T21:16:10
기업은행,00149646,분기x연결,revenue,2010 CQ3,data_gap,"UI blank, DB=None",2026-07-07T21:16:10
기업은행,00149646,분기x연결,revenue,2011 CQ4,data_gap,"UI blank, DB=None",2026-07-07T21:16:10
기업은행,00149646,분기x연결,operating_income,2010 CQ2,data_gap,"UI blank, DB=None",2026-07-07T21:16:10
기업은행,00149646,분기x연결,operating_income,2010 CQ3,data_gap,"UI blank, DB=None",2026-07-07T21:16:10
기업은행,00149646,분기x연결,operating_income,2011 CQ4,data_gap,"UI blank, DB=None",2026-07-07T21:16:10
까뮤이앤씨,00129420,연간x별도,revenue,2001,data_gap,"UI blank, DB=None",2026-07-07T21:16:34
까뮤이앤씨,00129420,연간x별도,revenue,2002,data_gap,"UI blank, DB=None",2026-07-07T21:16:34
까뮤이앤씨,00129420,연간x별도,operating_income,2002,data_gap,"UI blank, DB=None",2026-07-07T21:16:34
깨끗한나라,00113492,연간x별도,operating_income,2002,data_gap,"UI blank, DB=None",2026-07-07T21:17:06
남성,00172185,분기x연결,revenue,2011 CQ2,data_gap,"UI blank, DB=None",2026-07-07T21:18:16
남성,00172185,분기x연결,revenue,2011 CQ3,data_gap,"UI blank, DB=None",2026-07-07T21:18:16
남성,00172185,분기x연결,revenue,2011 CQ4,data_gap,"UI blank, DB=None",2026-07-07T21:18:16
남성,00172185,분기x연결,operating_income,2011 CQ2,data_gap,"UI blank, DB=None",2026-07-07T21:18:16
남성,00172185,분기x연결,operating_income,2011 CQ3,data_gap,"UI blank, DB=None",2026-07-07T21:18:16
남성,00172185,분기x연결,operating_income,2011 CQ4,data_gap,"UI blank, DB=None",2026-07-07T21:18:16
남해화학,00107987,연간x별도,operating_income,2001,data_gap,"UI blank, DB=None",2026-07-07T21:19:14
남해화학,00107987,연간x별도,operating_income,2002,data_gap,"UI blank, DB=None",2026-07-07T21:19:14
남해화학,00107987,연간x별도,operating_income,2003,data_gap,"UI blank, DB=None",2026-07-07T21:19:14
남해화학,00107987,연간x별도,operating_income,2004,data_gap,"UI blank, DB=None",2026-07-07T21:19:14
남해화학,00107987,연간x별도,operating_income,2005,data_gap,"UI blank, DB=None",2026-07-07T21:19:14
남해화학,00107987,분기x연결,revenue,2014 CQ2,data_gap,"UI blank, DB=None",2026-07-07T21:19:21
남해화학,00107987,분기x연결,revenue,2014 CQ3,data_gap,"UI blank, DB=None",2026-07-07T21:19:21
남해화학,00107987,분기x연결,revenue,2014 CQ4,data_gap,"UI blank, DB=None",2026-07-07T21:19:21
남해화학,00107987,분기x연결,operating_income,2002 CQ4,data_gap,"UI blank, DB=None",2026-07-07T21:19:21
남해화학,00107987,분기x연결,operating_income,2003 CQ4,data_gap,"UI blank, DB=None",2026-07-07T21:19:21
남해화학,00107987,분기x연결,operating_income,2014 CQ2,data_gap,"UI blank, DB=None",2026-07-07T21:19:21
남해화학,00107987,분기x연결,operating_income,2014 CQ3,data_gap,"UI blank, DB=None",2026-07-07T21:19:21
남해화학,00107987,분기x연결,operating_income,2014 CQ4,data_gap,"UI blank, DB=None",2026-07-07T21:19:21
넥센,00167192,연간x별도,revenue,2010,data_gap,"UI blank, DB=None",2026-07-07T21:19:47
넥센,00167192,연간x별도,operating_income,2010,data_gap,"UI blank, DB=None",2026-07-07T21:19:47
넥센,00167192,분기x별도,revenue,2010 CQ4,data_gap,"UI blank, DB=None",2026-07-07T21:20:00
넥센,00167192,분기x별도,operating_income,2010 CQ4,data_gap,"UI blank, DB=None",2026-07-07T21:20:00
넥센타이어,00173874,연간x별도,operating_income,2001,data_gap,"UI blank, DB=None",2026-07-07T21:20:19
넥센타이어,00173874,연간x별도,operating_income,2003,data_gap,"UI blank, DB=None",2026-07-07T21:20:19
넥센타이어,00173874,연간x별도,operating_income,2004,data_gap,"UI blank, DB=None",2026-07-07T21:20:19
넥센타이어,00173874,연간x별도,operating_income,2005,data_gap,"UI blank, DB=None",2026-07-07T21:20:19
넥센타이어,00173874,연간x별도,operating_income,2006,data_gap,"UI blank, DB=None",2026-07-07T21:20:19
노루페인트,00583442,분기x연결,revenue,2011 CQ2,data_gap,"UI blank, DB=None",2026-07-07T21:22:01
노루페인트,00583442,분기x연결,revenue,2011 CQ3,data_gap,"UI blank, DB=None",2026-07-07T21:22:01
노루페인트,00583442,분기x연결,revenue,2011 CQ4,data_gap,"UI blank, DB=None",2026-07-07T21:22:01
노루페인트,00583442,분기x연결,operating_income,2011 CQ2,data_gap,"UI blank, DB=None",2026-07-07T21:22:01
노루페인트,00583442,분기x연결,operating_income,2011 CQ3,data_gap,"UI blank, DB=None",2026-07-07T21:22:01
노루페인트,00583442,분기x연결,operating_income,2011 CQ4,data_gap,"UI blank, DB=None",2026-07-07T21:22:01
노루홀딩스,00113508,연간x별도,revenue,2024,data_gap,"UI blank, DB=None",2026-07-07T21:22:27
노루홀딩스,00113508,분기x연결,revenue,2011 CQ2,data_gap,"UI blank, DB=None",2026-07-07T21:22:33
노루홀딩스,00113508,분기x연결,revenue,2011 CQ3,data_gap,"UI blank, DB=None",2026-07-07T21:22:33
노루홀딩스,00113508,분기x연결,revenue,2011 CQ4,data_gap,"UI blank, DB=None",2026-07-07T21:22:33
노루홀딩스,00113508,분기x연결,operating_income,2011 CQ2,data_gap,"UI blank, DB=None",2026-07-07T21:22:33
노루홀딩스,00113508,분기x연결,operating_income,2011 CQ3,data_gap,"UI blank, DB=None",2026-07-07T21:22:33
노루홀딩스,00113508,분기x연결,operating_income,2011 CQ4,data_gap,"UI blank, DB=None",2026-07-07T21:22:33
노루홀딩스,00113508,분기x별도,revenue,2006 CQ2,data_gap,"UI blank, DB=None",2026-07-07T21:22:41
노루홀딩스,00113508,분기x별도,revenue,2006 CQ3,data_gap,"UI blank, DB=None",2026-07-07T21:22:41
노루홀딩스,00113508,분기x별도,revenue,2024 CQ4,data_gap,"UI blank, DB=None",2026-07-07T21:22:41
노루홀딩스,00113508,분기x별도,revenue,2025 CQ1,data_gap,"UI blank, DB=None",2026-07-07T21:22:41
노루홀딩스,00113508,분기x별도,revenue,2025 CQ2,data_gap,"UI blank, DB=None",2026-07-07T21:22:41
노루홀딩스,00113508,분기x별도,revenue,2025 CQ3,data_gap,"UI blank, DB=None",2026-07-07T21:22:41
노루홀딩스,00113508,분기x별도,revenue,2025 CQ4,data_gap,"UI blank, DB=None",2026-07-07T21:22:41
노루홀딩스,00113508,분기x별도,operating_income,2006 CQ2,data_gap,"UI blank, DB=None",2026-07-07T21:22:41
노루홀딩스,00113508,분기x별도,operating_income,2006 CQ3,data_gap,"UI blank, DB=None",2026-07-07T21:22:41
녹십자,00129679,연간x연결,revenue,2009,data_gap,"UI blank, DB=None",2026-07-07T21:22:54
녹십자,00129679,연간x연결,operating_income,2009,data_gap,"UI blank, DB=None",2026-07-07T21:22:54
녹십자,00129679,연간x별도,operating_income,2002,data_gap,"UI blank, DB=None",2026-07-07T21:22:59
녹십자,00129679,분기x별도,revenue,2006 CQ3,data_gap,"UI blank, DB=None",2026-07-07T21:23:13
녹십자,00129679,분기x별도,revenue,2006 CQ4,data_gap,"UI blank, DB=None",2026-07-07T21:23:13
녹십자,00129679,분기x별도,operating_income,2006 CQ3,data_gap,"UI blank, DB=None",2026-07-07T21:23:13
녹십자,00129679,분기x별도,operating_income,2006 CQ4,data_gap,"UI blank, DB=None",2026-07-07T21:23:13
녹십자홀딩스,00108135,연간x별도,operating_income,2009,data_gap,"UI blank, DB=None",2026-07-07T21:23:32
녹십자홀딩스,00108135,분기x별도,revenue,2006 CQ2,data_gap,"UI blank, DB=None",2026-07-07T21:23:45
녹십자홀딩스,00108135,분기x별도,revenue,2006 CQ3,data_gap,"UI blank, DB=None",2026-07-07T21:23:45
녹십자홀딩스,00108135,분기x별도,operating_income,2004 CQ3,data_gap,"UI blank, DB=None",2026-07-07T21:23:45
녹십자홀딩스,00108135,분기x별도,operating_income,2006 CQ2,data_gap,"UI blank, DB=None",2026-07-07T21:23:45
녹십자홀딩스,00108135,분기x별도,operating_income,2006 CQ3,data_gap,"UI blank, DB=None",2026-07-07T21:23:45
녹십자홀딩스,00108135,분기x별도,operating_income,2009 CQ4,data_gap,"UI blank, DB=None",2026-07-07T21:23:45
농심,00108241,연간x별도,revenue,2002,data_gap,"UI blank, DB=None",2026-07-07T21:24:04
농심,00108241,연간x별도,operating_income,2002,data_gap,"UI blank, DB=None",2026-07-07T21:24:04
농심,00108241,분기x연결,revenue,2011 CQ2,data_gap,"UI blank, DB=None",2026-07-07T21:24:10
농심,00108241,분기x연결,revenue,2011 CQ3,data_gap,"UI blank, DB=None",2026-07-07T21:24:10
농심,00108241,분기x연결,revenue,2011 CQ4,data_gap,"UI blank, DB=None",2026-07-07T21:24:10
농심,00108241,분기x연결,operating_income,2011 CQ2,data_gap,"UI blank, DB=None",2026-07-07T21:24:10
농심,00108241,분기x연결,operating_income,2011 CQ3,data_gap,"UI blank, DB=None",2026-07-07T21:24:10
농심,00108241,분기x연결,operating_income,2011 CQ4,data_gap,"UI blank, DB=None",2026-07-07T21:24:10
농심,00108241,분기x별도,revenue,2006 CQ2,data_gap,"UI blank, DB=None",2026-07-07T21:24:18
농심,00108241,분기x별도,revenue,2006 CQ3,data_gap,"UI blank, DB=None",2026-07-07T21:24:18
농심,00108241,분기x별도,operating_income,2006 CQ2,data_gap,"UI blank, DB=None",2026-07-07T21:24:18
농심,00108241,분기x별도,operating_income,2006 CQ3,data_gap,"UI blank, DB=None",2026-07-07T21:24:18
농심홀딩스,00459871,연간x별도,revenue,2009,data_gap,"UI blank, DB=None",2026-07-07T21:24:36
농심홀딩스,00459871,연간x별도,revenue,2010,data_gap,"UI blank, DB=None",2026-07-07T21:24:36
농심홀딩스,00459871,연간x별도,revenue,2011,data_gap,"UI blank, DB=None",2026-07-07T21:24:36
농심홀딩스,00459871,연간x별도,operating_income,2009,data_gap,"UI blank, DB=None",2026-07-07T21:24:36
농심홀딩스,00459871,분기x별도,revenue,2005 CQ3,data_gap,"UI blank, DB=None",2026-07-07T21:24:50
농심홀딩스,00459871,분기x별도,revenue,2005 CQ4,data_gap,"UI blank, DB=None",2026-07-07T21:24:50
농심홀딩스,00459871,분기x별도,revenue,2010 CQ4,data_gap,"UI blank, DB=None",2026-07-07T21:24:50
농심홀딩스,00459871,분기x별도,revenue,2011 CQ4,data_gap,"UI blank, DB=None",2026-07-07T21:24:50
농심홀딩스,00459871,분기x별도,operating_income,2005 CQ3,data_gap,"UI blank, DB=None",2026-07-07T21:24:50
농심홀딩스,00459871,분기x별도,operating_income,2005 CQ4,data_gap,"UI blank, DB=None",2026-07-07T21:24:50
다스코,00353878,분기x연결,revenue,2014 CQ2,data_gap,"UI blank, DB=None",2026-07-07T21:25:15
다스코,00353878,분기x연결,revenue,2014 CQ3,data_gap,"UI blank, DB=None",2026-07-07T21:25:15
다스코,00353878,분기x연결,revenue,2014 CQ4,data_gap,"UI blank, DB=None",2026-07-07T21:25:15
다스코,00353878,분기x연결,operating_income,2014 CQ2,data_gap,"UI blank, DB=None",2026-07-07T21:25:15
다스코,00353878,분기x연결,operating_income,2014 CQ3,data_gap,"UI blank, DB=None",2026-07-07T21:25:15
다스코,00353878,분기x연결,operating_income,2014 CQ4,data_gap,"UI blank, DB=None",2026-07-07T21:25:15
다올투자증권,00156859,연간x연결,revenue,2005,data_gap,"UI blank, DB=None",2026-07-07T21:25:36
다올투자증권,00156859,연간x연결,operating_income,2005,data_gap,"UI blank, DB=None",2026-07-07T21:25:36
다올투자증권,00156859,연간x연결,operating_income,2011,data_gap,"UI blank, DB=None",2026-07-07T21:25:36
다올투자증권,00156859,연간x별도,revenue,2004,data_gap,"UI blank, DB=None",2026-07-07T21:25:41
다올투자증권,00156859,연간x별도,operating_income,2004,data_gap,"UI blank, DB=None",2026-07-07T21:25:41
다올투자증권,00156859,분기x연결,revenue,2005 CQ3,data_gap,"UI blank, DB=None",2026-07-07T21:25:47
다올투자증권,00156859,분기x연결,revenue,2012 CQ4,data_gap,"UI blank, DB=None",2026-07-07T21:25:47
다올투자증권,00156859,분기x연결,revenue,2013 CQ1,data_gap,"UI blank, DB=None",2026-07-07T21:25:47
다올투자증권,00156859,분기x연결,operating_income,2005 CQ3,data_gap,"UI blank, DB=None",2026-07-07T21:25:47
다올투자증권,00156859,분기x연결,operating_income,2012 CQ4,data_gap,"UI blank, DB=None",2026-07-07T21:25:47
다올투자증권,00156859,분기x연결,operating_income,2013 CQ1,data_gap,"UI blank, DB=None",2026-07-07T21:25:47
다올투자증권,00156859,분기x별도,revenue,2012 CQ4,data_gap,"UI blank, DB=None",2026-07-07T21:25:55
다올투자증권,00156859,분기x별도,revenue,2013 CQ1,data_gap,"UI blank, DB=None",2026-07-07T21:25:55
다올투자증권,00156859,분기x별도,operating_income,2012 CQ4,data_gap,"UI blank, DB=None",2026-07-07T21:25:55
다올투자증권,00156859,분기x별도,operating_income,2013 CQ1,data_gap,"UI blank, DB=None",2026-07-07T21:25:55
다우기술,00176914,연간x별도,operating_income,2002,data_gap,"UI blank, DB=None",2026-07-07T21:26:13
다우기술,00176914,연간x별도,operating_income,2003,data_gap,"UI blank, DB=None",2026-07-07T21:26:13
다우기술,00176914,분기x연결,revenue,2011 CQ2,data_gap,"UI blank, DB=None",2026-07-07T21:26:20
다우기술,00176914,분기x연결,revenue,2011 CQ3,data_gap,"UI blank, DB=None",2026-07-07T21:26:20
다우기술,00176914,분기x연결,revenue,2011 CQ4,data_gap,"UI blank, DB=None",2026-07-07T21:26:20
다우기술,00176914,분기x연결,operating_income,2011 CQ2,data_gap,"UI blank, DB=None",2026-07-07T21:26:20
다우기술,00176914,분기x연결,operating_income,2011 CQ3,data_gap,"UI blank, DB=None",2026-07-07T21:26:20
다우기술,00176914,분기x연결,operating_income,2011 CQ4,data_gap,"UI blank, DB=None",2026-07-07T21:26:20
다이나믹디자인,00453488,분기x별도,revenue,2013 CQ2,data_gap,"UI blank, DB=None",2026-07-07T21:26:59
다이나믹디자인,00453488,분기x별도,revenue,2013 CQ3,data_gap,"UI blank, DB=None",2026-07-07T21:26:59
다이나믹디자인,00453488,분기x별도,revenue,2014 CQ3,data_gap,"UI blank, DB=None",2026-07-07T21:26:59
다이나믹디자인,00453488,분기x별도,operating_income,2013 CQ2,data_gap,"UI blank, DB=None",2026-07-07T21:26:59
다이나믹디자인,00453488,분기x별도,operating_income,2013 CQ3,data_gap,"UI blank, DB=None",2026-07-07T21:26:59
다이나믹디자인,00453488,분기x별도,operating_income,2014 CQ3,data_gap,"UI blank, DB=None",2026-07-07T21:26:59
대교,00108913,연간x연결,revenue,2009,data_gap,"UI blank, DB=None",2026-07-07T21:27:44
대교,00108913,연간x연결,operating_income,2009,data_gap,"UI blank, DB=None",2026-07-07T21:27:44
대교,00108913,분기x연결,revenue,2011 CQ2,data_gap,"UI blank, DB=None",2026-07-07T21:27:56
대교,00108913,분기x연결,revenue,2011 CQ3,data_gap,"UI blank, DB=None",2026-07-07T21:27:56
대교,00108913,분기x연결,revenue,2011 CQ4,data_gap,"UI blank, DB=None",2026-07-07T21:27:56
대교,00108913,분기x연결,operating_income,2011 CQ2,data_gap,"UI blank, DB=None",2026-07-07T21:27:56
대교,00108913,분기x연결,operating_income,2011 CQ3,data_gap,"UI blank, DB=None",2026-07-07T21:27:56
대교,00108913,분기x연결,operating_income,2011 CQ4,data_gap,"UI blank, DB=None",2026-07-07T21:27:56
대구백화점,00108977,분기x연결,revenue,2012 CQ2,data_gap,"UI blank, DB=None",2026-07-07T21:28:28
대구백화점,00108977,분기x연결,revenue,2012 CQ3,data_gap,"UI blank, DB=None",2026-07-07T21:28:28
대구백화점,00108977,분기x연결,revenue,2012 CQ4,data_gap,"UI blank, DB=None",2026-07-07T21:28:28
대구백화점,00108977,분기x연결,revenue,2024 CQ4,data_gap,"UI blank, DB=None",2026-07-07T21:28:28
대구백화점,00108977,분기x연결,operating_income,2012 CQ2,data_gap,"UI blank, DB=None",2026-07-07T21:28:28
대구백화점,00108977,분기x연결,operating_income,2012 CQ3,data_gap,"UI blank, DB=None",2026-07-07T21:28:28
대구백화점,00108977,분기x연결,operating_income,2012 CQ4,data_gap,"UI blank, DB=None",2026-07-07T21:28:28
대덕,00109189,분기x연결,revenue,2011 CQ2,data_gap,"UI blank, DB=None",2026-07-07T21:29:00
대덕,00109189,분기x연결,revenue,2011 CQ3,data_gap,"UI blank, DB=None",2026-07-07T21:29:00
대덕,00109189,분기x연결,revenue,2011 CQ4,data_gap,"UI blank, DB=None",2026-07-07T21:29:00
대덕,00109189,분기x연결,revenue,2020 CQ1,data_gap,"UI blank, DB=None",2026-07-07T21:29:00
대덕,00109189,분기x연결,revenue,2020 CQ2,data_gap,"UI blank, DB=None",2026-07-07T21:29:00
대덕,00109189,분기x연결,operating_income,2011 CQ2,data_gap,"UI blank, DB=None",2026-07-07T21:29:00
대덕,00109189,분기x연결,operating_income,2011 CQ3,data_gap,"UI blank, DB=None",2026-07-07T21:29:00
대덕,00109189,분기x연결,operating_income,2011 CQ4,data_gap,"UI blank, DB=None",2026-07-07T21:29:00
대덕,00109189,분기x별도,revenue,2007 CQ1,data_gap,"UI blank, DB=None",2026-07-07T21:29:08
대덕,00109189,분기x별도,revenue,2007 CQ2,data_gap,"UI blank, DB=None",2026-07-07T21:29:08
대덕,00109189,분기x별도,revenue,2020 CQ1,data_gap,"UI blank, DB=None",2026-07-07T21:29:08
대덕,00109189,분기x별도,revenue,2020 CQ2,data_gap,"UI blank, DB=None",2026-07-07T21:29:08
대덕,00109189,분기x별도,operating_income,2007 CQ1,data_gap,"UI blank, DB=None",2026-07-07T21:29:08
대덕,00109189,분기x별도,operating_income,2007 CQ2,data_gap,"UI blank, DB=None",2026-07-07T21:29:08
대림바스,00109754,연간x별도,revenue,2006,data_gap,"UI blank, DB=None",2026-07-07T21:30:30
대림바스,00109754,연간x별도,operating_income,2006,data_gap,"UI blank, DB=None",2026-07-07T21:30:30
대림바스,00109754,분기x연결,revenue,2011 CQ2,data_gap,"UI blank, DB=None",2026-07-07T21:30:36
대림바스,00109754,분기x연결,revenue,2011 CQ3,data_gap,"UI blank, DB=None",2026-07-07T21:30:36
대림바스,00109754,분기x연결,revenue,2011 CQ4,data_gap,"UI blank, DB=None",2026-07-07T21:30:36
대림바스,00109754,분기x연결,operating_income,2011 CQ2,data_gap,"UI blank, DB=None",2026-07-07T21:30:36
대림바스,00109754,분기x연결,operating_income,2011 CQ3,data_gap,"UI blank, DB=None",2026-07-07T21:30:36
대림바스,00109754,분기x연결,operating_income,2011 CQ4,data_gap,"UI blank, DB=None",2026-07-07T21:30:36
대림바스,00109754,분기x별도,revenue,2006 CQ4,data_gap,"UI blank, DB=None",2026-07-07T21:30:44
대림바스,00109754,분기x별도,operating_income,2006 CQ4,data_gap,"UI blank, DB=None",2026-07-07T21:30:44
대상,00121941,연간x연결,revenue,2009,data_gap,"UI blank, DB=None",2026-07-07T21:31:29
대상,00121941,연간x연결,operating_income,2009,data_gap,"UI blank, DB=None",2026-07-07T21:31:29
대상홀딩스,00539274,연간x연결,revenue,2009,data_gap,"UI blank, DB=None",2026-07-07T21:32:01
대상홀딩스,00539274,연간x연결,operating_income,2009,data_gap,"UI blank, DB=None",2026-07-07T21:32:01
대상홀딩스,00539274,연간x별도,revenue,2005,data_gap,"UI blank, DB=None",2026-07-07T21:32:06
대상홀딩스,00539274,연간x별도,operating_income,2005,data_gap,"UI blank, DB=None",2026-07-07T21:32:06
대상홀딩스,00539274,분기x연결,revenue,2011 CQ2,data_gap,"UI blank, DB=None",2026-07-07T21:32:12
대상홀딩스,00539274,분기x연결,revenue,2011 CQ3,data_gap,"UI blank, DB=None",2026-07-07T21:32:12
대상홀딩스,00539274,분기x연결,revenue,2011 CQ4,data_gap,"UI blank, DB=None",2026-07-07T21:32:12
대상홀딩스,00539274,분기x연결,operating_income,2011 CQ2,data_gap,"UI blank, DB=None",2026-07-07T21:32:12
대상홀딩스,00539274,분기x연결,operating_income,2011 CQ3,data_gap,"UI blank, DB=None",2026-07-07T21:32:12
대상홀딩스,00539274,분기x연결,operating_income,2011 CQ4,data_gap,"UI blank, DB=None",2026-07-07T21:32:12
대성홀딩스,00108940,연간x별도,revenue,2011,data_gap,"UI blank, DB=None",2026-07-07T21:33:42
대성홀딩스,00108940,분기x별도,revenue,2006 CQ3,data_gap,"UI blank, DB=None",2026-07-07T21:33:55
대성홀딩스,00108940,분기x별도,revenue,2011 CQ4,data_gap,"UI blank, DB=None",2026-07-07T21:33:55
대성홀딩스,00108940,분기x별도,revenue,2014 CQ2,data_gap,"UI blank, DB=None",2026-07-07T21:33:55
대성홀딩스,00108940,분기x별도,revenue,2014 CQ3,data_gap,"UI blank, DB=None",2026-07-07T21:33:55
대성홀딩스,00108940,분기x별도,revenue,2014 CQ4,data_gap,"UI blank, DB=None",2026-07-07T21:33:55
대성홀딩스,00108940,분기x별도,operating_income,2004 CQ3,data_gap,"UI blank, DB=None",2026-07-07T21:33:55
대성홀딩스,00108940,분기x별도,operating_income,2004 CQ4,data_gap,"UI blank, DB=None",2026-07-07T21:33:55
대성홀딩스,00108940,분기x별도,operating_income,2006 CQ3,data_gap,"UI blank, DB=None",2026-07-07T21:33:55
대신증권,00110893,연간x별도,operating_income,2006,data_gap,"UI blank, DB=None",2026-07-07T21:34:14
대신증권,00110893,연간x별도,operating_income,2007,data_gap,"UI blank, DB=None",2026-07-07T21:34:14
대신증권,00110893,분기x별도,revenue,2005 CQ3,data_gap,"UI blank, DB=None",2026-07-07T21:34:27
대신증권,00110893,분기x별도,operating_income,2005 CQ3,data_gap,"UI blank, DB=None",2026-07-07T21:34:27
대신증권,00110893,분기x별도,operating_income,2006 CQ1,data_gap,"UI blank, DB=None",2026-07-07T21:34:27
대신증권,00110893,분기x별도,operating_income,2006 CQ3,data_gap,"UI blank, DB=None",2026-07-07T21:34:27
대신증권,00110893,분기x별도,operating_income,2006 CQ4,data_gap,"UI blank, DB=None",2026-07-07T21:34:27
대신증권,00110893,분기x별도,operating_income,2007 CQ1,data_gap,"UI blank, DB=None",2026-07-07T21:34:27
대양금속,00111111,분기x연결,revenue,2011 CQ2,data_gap,"UI blank, DB=None",2026-07-07T21:34:52
대양금속,00111111,분기x연결,revenue,2011 CQ3,data_gap,"UI blank, DB=None",2026-07-07T21:34:52
대양금속,00111111,분기x연결,revenue,2011 CQ4,data_gap,"UI blank, DB=None",2026-07-07T21:34:52
대양금속,00111111,분기x연결,operating_income,2011 CQ2,data_gap,"UI blank, DB=None",2026-07-07T21:34:52
대양금속,00111111,분기x연결,operating_income,2011 CQ3,data_gap,"UI blank, DB=None",2026-07-07T21:34:52
대양금속,00111111,분기x연결,operating_income,2011 CQ4,data_gap,"UI blank, DB=None",2026-07-07T21:34:52
대영포장,00111458,연간x별도,revenue,2005,data_gap,"UI blank, DB=None",2026-07-07T21:35:14
대영포장,00111458,연간x별도,operating_income,2000,data_gap,"UI blank, DB=None",2026-07-07T21:35:14
대영포장,00111458,연간x별도,operating_income,2002,data_gap,"UI blank, DB=None",2026-07-07T21:35:14
대영포장,00111458,연간x별도,operating_income,2005,data_gap,"UI blank, DB=None",2026-07-07T21:35:14
대영포장,00111458,분기x연결,revenue,2003 CQ4,data_gap,"UI blank, DB=None",2026-07-07T21:35:21
대영포장,00111458,분기x연결,revenue,2006 CQ1,data_gap,"UI blank, DB=None",2026-07-07T21:35:21
대영포장,00111458,분기x연결,operating_income,2003 CQ4,data_gap,"UI blank, DB=None",2026-07-07T21:35:21
대영포장,00111458,분기x연결,operating_income,2006 CQ1,data_gap,"UI blank, DB=None",2026-07-07T21:35:21
대영포장,00111458,분기x연결,operating_income,2006 CQ3,data_gap,"UI blank, DB=None",2026-07-07T21:35:21
대영포장,00111458,분기x별도,revenue,2003 CQ4,data_gap,"UI blank, DB=None",2026-07-07T21:35:28
대영포장,00111458,분기x별도,revenue,2006 CQ1,data_gap,"UI blank, DB=None",2026-07-07T21:35:28
대영포장,00111458,분기x별도,operating_income,2003 CQ4,data_gap,"UI blank, DB=None",2026-07-07T21:35:28
대영포장,00111458,분기x별도,operating_income,2006 CQ1,data_gap,"UI blank, DB=None",2026-07-07T21:35:28
대영포장,00111458,분기x별도,operating_income,2006 CQ3,data_gap,"UI blank, DB=None",2026-07-07T21:35:28
대웅,00111810,연간x별도,revenue,2003,data_gap,"UI blank, DB=None",2026-07-07T21:36:19
대웅,00111810,연간x별도,revenue,2009,data_gap,"UI blank, DB=None",2026-07-07T21:36:19
대웅,00111810,연간x별도,operating_income,2003,data_gap,"UI blank, DB=None",2026-07-07T21:36:19
대웅,00111810,연간x별도,operating_income,2009,data_gap,"UI blank, DB=None",2026-07-07T21:36:19
대웅,00111810,분기x연결,revenue,2010 CQ1,data_gap,"UI blank, DB=None",2026-07-07T21:36:25
대웅,00111810,분기x연결,revenue,2011 CQ2,data_gap,"UI blank, DB=None",2026-07-07T21:36:25
대웅,00111810,분기x연결,revenue,2011 CQ3,data_gap,"UI blank, DB=None",2026-07-07T21:36:25
대웅,00111810,분기x연결,revenue,2011 CQ4,data_gap,"UI blank, DB=None",2026-07-07T21:36:25
대웅,00111810,분기x연결,operating_income,2010 CQ1,data_gap,"UI blank, DB=None",2026-07-07T21:36:25
대웅,00111810,분기x연결,operating_income,2011 CQ2,data_gap,"UI blank, DB=None",2026-07-07T21:36:25
대웅,00111810,분기x연결,operating_income,2011 CQ3,data_gap,"UI blank, DB=None",2026-07-07T21:36:25
대웅,00111810,분기x연결,operating_income,2011 CQ4,data_gap,"UI blank, DB=None",2026-07-07T21:36:25
대웅제약,00427483,연간x연결,revenue,2009,data_gap,"UI blank, DB=None",2026-07-07T21:36:47
대웅제약,00427483,연간x연결,operating_income,2009,data_gap,"UI blank, DB=None",2026-07-07T21:36:47
대웅제약,00427483,연간x별도,revenue,2003,data_gap,"UI blank, DB=None",2026-07-07T21:36:52
대웅제약,00427483,연간x별도,revenue,2006,data_gap,"UI blank, DB=None",2026-07-07T21:36:52
대웅제약,00427483,연간x별도,operating_income,2003,data_gap,"UI blank, DB=None",2026-07-07T21:36:52
대웅제약,00427483,연간x별도,operating_income,2006,data_gap,"UI blank, DB=None",2026-07-07T21:36:52
대웅제약,00427483,분기x연결,revenue,2011 CQ2,data_gap,"UI blank, DB=None",2026-07-07T21:36:59
대웅제약,00427483,분기x연결,revenue,2011 CQ3,data_gap,"UI blank, DB=None",2026-07-07T21:36:59
대웅제약,00427483,분기x연결,revenue,2011 CQ4,data_gap,"UI blank, DB=None",2026-07-07T21:36:59
대웅제약,00427483,분기x연결,operating_income,2011 CQ2,data_gap,"UI blank, DB=None",2026-07-07T21:36:59
대웅제약,00427483,분기x연결,operating_income,2011 CQ3,data_gap,"UI blank, DB=None",2026-07-07T21:36:59
대웅제약,00427483,분기x연결,operating_income,2011 CQ4,data_gap,"UI blank, DB=None",2026-07-07T21:36:59
대원강업,00111847,분기x연결,revenue,2011 CQ2,data_gap,"UI blank, DB=None",2026-07-07T21:37:31
대원강업,00111847,분기x연결,revenue,2011 CQ3,data_gap,"UI blank, DB=None",2026-07-07T21:37:31
대원강업,00111847,분기x연결,revenue,2011 CQ4,data_gap,"UI blank, DB=None",2026-07-07T21:37:31
대원강업,00111847,분기x연결,operating_income,2011 CQ2,data_gap,"UI blank, DB=None",2026-07-07T21:37:31
대원강업,00111847,분기x연결,operating_income,2011 CQ3,data_gap,"UI blank, DB=None",2026-07-07T21:37:31
대원강업,00111847,분기x연결,operating_income,2011 CQ4,data_gap,"UI blank, DB=None",2026-07-07T21:37:31
대원전선,00260392,분기x연결,revenue,2011 CQ2,data_gap,"UI blank, DB=None",2026-07-07T21:38:04
대원전선,00260392,분기x연결,revenue,2011 CQ3,data_gap,"UI blank, DB=None",2026-07-07T21:38:04
대원전선,00260392,분기x연결,revenue,2011 CQ4,data_gap,"UI blank, DB=None",2026-07-07T21:38:04
대원전선,00260392,분기x연결,operating_income,2011 CQ2,data_gap,"UI blank, DB=None",2026-07-07T21:38:04
대원전선,00260392,분기x연결,operating_income,2011 CQ3,data_gap,"UI blank, DB=None",2026-07-07T21:38:04
대원전선,00260392,분기x연결,operating_income,2011 CQ4,data_gap,"UI blank, DB=None",2026-07-07T21:38:04
대원화성,00112022,연간x별도,revenue,2000,data_gap,"UI blank, DB=None",2026-07-07T21:39:04
대원화성,00112022,연간x별도,revenue,2001,data_gap,"UI blank, DB=None",2026-07-07T21:39:04
대원화성,00112022,연간x별도,operating_income,2000,data_gap,"UI blank, DB=None",2026-07-07T21:39:04
대원화성,00112022,연간x별도,operating_income,2001,data_gap,"UI blank, DB=None",2026-07-07T21:39:04
대원화성,00112022,연간x별도,operating_income,2002,data_gap,"UI blank, DB=None",2026-07-07T21:39:04
대창단조,00112679,연간x연결,revenue,2009,data_gap,"UI blank, DB=None",2026-07-07T21:40:04
대창단조,00112679,연간x연결,operating_income,2009,data_gap,"UI blank, DB=None",2026-07-07T21:40:04
대한방직,00112970,분기x연결,revenue,2011 CQ2,data_gap,"UI blank, DB=None",2026-07-07T21:40:47
대한방직,00112970,분기x연결,revenue,2011 CQ3,data_gap,"UI blank, DB=None",2026-07-07T21:40:47
대한방직,00112970,분기x연결,revenue,2011 CQ4,data_gap,"UI blank, DB=None",2026-07-07T21:40:47
대한방직,00112970,분기x연결,operating_income,2011 CQ2,data_gap,"UI blank, DB=None",2026-07-07T21:40:47
대한방직,00112970,분기x연결,operating_income,2011 CQ3,data_gap,"UI blank, DB=None",2026-07-07T21:40:47
대한방직,00112970,분기x연결,operating_income,2011 CQ4,data_gap,"UI blank, DB=None",2026-07-07T21:40:47
대한유화,00260383,연간x연결,operating_income,2009,data_gap,"UI blank, DB=None",2026-07-07T21:41:08
대한유화,00260383,연간x별도,revenue,2006,data_gap,"UI blank, DB=None",2026-07-07T21:41:14
대한유화,00260383,분기x연결,revenue,2011 CQ2,data_gap,"UI blank, DB=None",2026-07-07T21:41:20
대한유화,00260383,분기x연결,revenue,2011 CQ3,data_gap,"UI blank, DB=None",2026-07-07T21:41:20
대한유화,00260383,분기x연결,revenue,2011 CQ4,data_gap,"UI blank, DB=None",2026-07-07T21:41:20
대한유화,00260383,분기x연결,operating_income,2011 CQ2,data_gap,"UI blank, DB=None",2026-07-07T21:41:20
대한유화,00260383,분기x연결,operating_income,2011 CQ3,data_gap,"UI blank, DB=None",2026-07-07T21:41:20
대한유화,00260383,분기x연결,operating_income,2011 CQ4,data_gap,"UI blank, DB=None",2026-07-07T21:41:20
대한유화,00260383,분기x별도,revenue,2005 CQ1,data_gap,"UI blank, DB=None",2026-07-07T21:41:27
대한유화,00260383,분기x별도,revenue,2005 CQ2,data_gap,"UI blank, DB=None",2026-07-07T21:41:27
대한유화,00260383,분기x별도,revenue,2006 CQ1,data_gap,"UI blank, DB=None",2026-07-07T21:41:27
대한유화,00260383,분기x별도,revenue,2006 CQ2,data_gap,"UI blank, DB=None",2026-07-07T21:41:27
대한유화,00260383,분기x별도,revenue,2006 CQ3,data_gap,"UI blank, DB=None",2026-07-07T21:41:27
대한유화,00260383,분기x별도,revenue,2006 CQ4,data_gap,"UI blank, DB=None",2026-07-07T21:41:27
대한유화,00260383,분기x별도,revenue,2007 CQ1,data_gap,"UI blank, DB=None",2026-07-07T21:41:27
대한유화,00260383,분기x별도,revenue,2007 CQ2,data_gap,"UI blank, DB=None",2026-07-07T21:41:27
대한전선,00113207,연간x연결,revenue,2009,data_gap,"UI blank, DB=None",2026-07-07T21:41:41
대한전선,00113207,연간x연결,operating_income,2004,data_gap,"UI blank, DB=None",2026-07-07T21:41:41
대한전선,00113207,연간x연결,operating_income,2005,data_gap,"UI blank, DB=None",2026-07-07T21:41:41
대한전선,00113207,연간x연결,operating_income,2009,data_gap,"UI blank, DB=None",2026-07-07T21:41:41
대한항공,00113526,분기x별도,revenue,2006 CQ4,data_gap,"UI blank, DB=None",2026-07-07T21:44:09
대한항공,00113526,분기x별도,revenue,2007 CQ1,data_gap,"UI blank, DB=None",2026-07-07T21:44:09
대한항공,00113526,분기x별도,revenue,2007 CQ2,data_gap,"UI blank, DB=None",2026-07-07T21:44:09
대한항공,00113526,분기x별도,revenue,2007 CQ3,data_gap,"UI blank, DB=None",2026-07-07T21:44:09
대한해운,00113535,분기x연결,revenue,2012 CQ2,data_gap,"UI blank, DB=None",2026-07-07T21:44:34
대한해운,00113535,분기x연결,revenue,2012 CQ3,data_gap,"UI blank, DB=None",2026-07-07T21:44:34
대한해운,00113535,분기x연결,revenue,2012 CQ4,data_gap,"UI blank, DB=None",2026-07-07T21:44:34
대한해운,00113535,분기x연결,operating_income,2012 CQ2,data_gap,"UI blank, DB=None",2026-07-07T21:44:34
대한해운,00113535,분기x연결,operating_income,2012 CQ3,data_gap,"UI blank, DB=None",2026-07-07T21:44:34
대한해운,00113535,분기x연결,operating_income,2012 CQ4,data_gap,"UI blank, DB=None",2026-07-07T21:44:34
대한화섬,00113544,연간x연결,operating_income,2000,data_gap,"UI blank, DB=None",2026-07-07T21:44:56
대한화섬,00113544,연간x연결,operating_income,2002,data_gap,"UI blank, DB=None",2026-07-07T21:44:56
대한화섬,00113544,연간x연결,operating_income,2003,data_gap,"UI blank, DB=None",2026-07-07T21:44:56
대한화섬,00113544,연간x별도,operating_income,2000,data_gap,"UI blank, DB=None",2026-07-07T21:45:01
대한화섬,00113544,연간x별도,operating_income,2002,data_gap,"UI blank, DB=None",2026-07-07T21:45:01
대한화섬,00113544,연간x별도,operating_income,2003,data_gap,"UI blank, DB=None",2026-07-07T21:45:01
대현,00113614,분기x별도,revenue,2003 CQ3,data_gap,"UI blank, DB=None",2026-07-07T21:45:48
대현,00113614,분기x별도,revenue,2003 CQ4,data_gap,"UI blank, DB=None",2026-07-07T21:45:48
대현,00113614,분기x별도,operating_income,2003 CQ3,data_gap,"UI blank, DB=None",2026-07-07T21:45:48
대현,00113614,분기x별도,operating_income,2003 CQ4,data_gap,"UI blank, DB=None",2026-07-07T21:45:48
대호에이엘,00428729,연간x별도,revenue,2005,data_gap,"UI blank, DB=None",2026-07-07T21:46:07
대호에이엘,00428729,연간x별도,operating_income,2005,data_gap,"UI blank, DB=None",2026-07-07T21:46:07
대호에이엘,00428729,분기x연결,revenue,2011 CQ2,data_gap,"UI blank, DB=None",2026-07-07T21:46:13
대호에이엘,00428729,분기x연결,revenue,2011 CQ3,data_gap,"UI blank, DB=None",2026-07-07T21:46:13
대호에이엘,00428729,분기x연결,revenue,2011 CQ4,data_gap,"UI blank, DB=None",2026-07-07T21:46:13
대호에이엘,00428729,분기x연결,operating_income,2011 CQ2,data_gap,"UI blank, DB=None",2026-07-07T21:46:13
대호에이엘,00428729,분기x연결,operating_income,2011 CQ3,data_gap,"UI blank, DB=None",2026-07-07T21:46:13
대호에이엘,00428729,분기x연결,operating_income,2011 CQ4,data_gap,"UI blank, DB=None",2026-07-07T21:46:13
더블유게임즈,01010110,분기x별도,revenue,2014 CQ2,data_gap,"UI blank, DB=None",2026-07-07T21:47:25
더블유게임즈,01010110,분기x별도,revenue,2014 CQ3,data_gap,"UI blank, DB=None",2026-07-07T21:47:25
더블유게임즈,01010110,분기x별도,revenue,2014 CQ4,data_gap,"UI blank, DB=None",2026-07-07T21:47:25
더블유게임즈,01010110,분기x별도,operating_income,2014 CQ2,data_gap,"UI blank, DB=None",2026-07-07T21:47:25
더블유게임즈,01010110,분기x별도,operating_income,2014 CQ3,data_gap,"UI blank, DB=None",2026-07-07T21:47:25
더블유게임즈,01010110,분기x별도,operating_income,2014 CQ4,data_gap,"UI blank, DB=None",2026-07-07T21:47:25
더존비즈온,00172291,연간x연결,revenue,2009,data_gap,"UI blank, DB=None",2026-07-07T21:47:39
더존비즈온,00172291,연간x연결,operating_income,2009,data_gap,"UI blank, DB=None",2026-07-07T21:47:39
더존비즈온,00172291,연간x별도,revenue,2000,data_gap,"UI blank, DB=None",2026-07-07T21:47:44
더존비즈온,00172291,연간x별도,revenue,2001,data_gap,"UI blank, DB=None",2026-07-07T21:47:44
더존비즈온,00172291,연간x별도,revenue,2006,data_gap,"UI blank, DB=None",2026-07-07T21:47:44
더존비즈온,00172291,연간x별도,operating_income,2000,data_gap,"UI blank, DB=None",2026-07-07T21:47:44
더존비즈온,00172291,연간x별도,operating_income,2001,data_gap,"UI blank, DB=None",2026-07-07T21:47:44
더존비즈온,00172291,연간x별도,operating_income,2006,data_gap,"UI blank, DB=None",2026-07-07T21:47:44
도화엔지니어링,00114552,분기x별도,revenue,2011 CQ2,data_gap,"UI blank, DB=None",2026-07-07T21:49:01
도화엔지니어링,00114552,분기x별도,revenue,2011 CQ3,data_gap,"UI blank, DB=None",2026-07-07T21:49:01
동국홀딩스,00114792,분기x별도,revenue,2005 CQ3,data_gap,"UI blank, DB=None",2026-07-07T21:50:37
동국홀딩스,00114792,분기x별도,revenue,2005 CQ4,data_gap,"UI blank, DB=None",2026-07-07T21:50:37
동국홀딩스,00114792,분기x별도,revenue,2007 CQ1,data_gap,"UI blank, DB=None",2026-07-07T21:50:37
동국홀딩스,00114792,분기x별도,revenue,2007 CQ2,data_gap,"UI blank, DB=None",2026-07-07T21:50:37
동국홀딩스,00114792,분기x별도,operating_income,2005 CQ3,data_gap,"UI blank, DB=None",2026-07-07T21:50:37
동국홀딩스,00114792,분기x별도,operating_income,2005 CQ4,data_gap,"UI blank, DB=None",2026-07-07T21:50:37
동국홀딩스,00114792,분기x별도,operating_income,2007 CQ1,data_gap,"UI blank, DB=None",2026-07-07T21:50:37
동국홀딩스,00114792,분기x별도,operating_income,2007 CQ2,data_gap,"UI blank, DB=None",2026-07-07T21:50:37
동남합성,00115065,연간x별도,revenue,2001,data_gap,"UI blank, DB=None",2026-07-07T21:50:53
동남합성,00115065,연간x별도,operating_income,2001,data_gap,"UI blank, DB=None",2026-07-07T21:50:53
동방,00115287,분기x별도,revenue,2005 CQ2,data_gap,"UI blank, DB=None",2026-07-07T21:51:39
동방,00115287,분기x별도,revenue,2005 CQ3,data_gap,"UI blank, DB=None",2026-07-07T21:51:39
동방,00115287,분기x별도,operating_income,2005 CQ2,data_gap,"UI blank, DB=None",2026-07-07T21:51:39
동방,00115287,분기x별도,operating_income,2005 CQ3,data_gap,"UI blank, DB=None",2026-07-07T21:51:39
동방아그로,00115384,연간x별도,revenue,2003,data_gap,"UI blank, DB=None",2026-07-07T21:51:55
동방아그로,00115384,연간x별도,operating_income,2003,data_gap,"UI blank, DB=None",2026-07-07T21:51:55
동부건설,00115612,분기x연결,operating_income,2009 CQ1,data_gap,"UI blank, DB=None",2026-07-07T21:52:33
동부건설,00115612,분기x연결,operating_income,2009 CQ2,data_gap,"UI blank, DB=None",2026-07-07T21:52:33
동부건설,00115612,분기x연결,operating_income,2009 CQ3,data_gap,"UI blank, DB=None",2026-07-07T21:52:33
동부건설,00115612,분기x연결,operating_income,2009 CQ4,data_gap,"UI blank, DB=None",2026-07-07T21:52:33
동서,00144395,분기x연결,revenue,2011 CQ2,data_gap,"UI blank, DB=None",2026-07-07T21:53:03
동서,00144395,분기x연결,revenue,2011 CQ3,data_gap,"UI blank, DB=None",2026-07-07T21:53:03
동서,00144395,분기x연결,revenue,2011 CQ4,data_gap,"UI blank, DB=None",2026-07-07T21:53:03
동서,00144395,분기x연결,operating_income,2011 CQ2,data_gap,"UI blank, DB=None",2026-07-07T21:53:03
동서,00144395,분기x연결,operating_income,2011 CQ3,data_gap,"UI blank, DB=None",2026-07-07T21:53:03
동서,00144395,분기x연결,operating_income,2011 CQ4,data_gap,"UI blank, DB=None",2026-07-07T21:53:03
동성제약,00116268,연간x별도,revenue,2009,data_gap,"UI blank, DB=None",2026-07-07T21:53:30
동성제약,00116268,연간x별도,operating_income,2009,data_gap,"UI blank, DB=None",2026-07-07T21:53:30
동성케미컬,00679314,연간x별도,revenue,2009,data_gap,"UI blank, DB=None",2026-07-07T21:54:00
동성케미컬,00679314,연간x별도,operating_income,2009,data_gap,"UI blank, DB=None",2026-07-07T21:54:00
동아쏘시오홀딩스,00116824,연간x연결,revenue,2009,data_gap,"UI blank, DB=None",2026-07-07T21:54:27
동아쏘시오홀딩스,00116824,연간x연결,operating_income,2009,data_gap,"UI blank, DB=None",2026-07-07T21:54:27
동아쏘시오홀딩스,00116824,연간x별도,revenue,2002,data_gap,"UI blank, DB=None",2026-07-07T21:54:32
동아쏘시오홀딩스,00116824,연간x별도,operating_income,2002,data_gap,"UI blank, DB=None",2026-07-07T21:54:32
동아쏘시오홀딩스,00116824,분기x연결,revenue,2011 CQ2,data_gap,"UI blank, DB=None",2026-07-07T21:54:38
동아쏘시오홀딩스,00116824,분기x연결,revenue,2011 CQ3,data_gap,"UI blank, DB=None",2026-07-07T21:54:38
동아쏘시오홀딩스,00116824,분기x연결,revenue,2011 CQ4,data_gap,"UI blank, DB=None",2026-07-07T21:54:38
동아쏘시오홀딩스,00116824,분기x연결,operating_income,2011 CQ2,data_gap,"UI blank, DB=None",2026-07-07T21:54:38
동아쏘시오홀딩스,00116824,분기x연결,operating_income,2011 CQ3,data_gap,"UI blank, DB=None",2026-07-07T21:54:38
동아쏘시오홀딩스,00116824,분기x연결,operating_income,2011 CQ4,data_gap,"UI blank, DB=None",2026-07-07T21:54:38
동양,00117337,분기x연결,revenue,2007 CQ3,data_gap,"UI blank, DB=None",2026-07-07T21:56:10
동양,00117337,분기x연결,revenue,2011 CQ2,data_gap,"UI blank, DB=None",2026-07-07T21:56:10
동양,00117337,분기x연결,revenue,2011 CQ3,data_gap,"UI blank, DB=None",2026-07-07T21:56:10
동양,00117337,분기x연결,revenue,2011 CQ4,data_gap,"UI blank, DB=None",2026-07-07T21:56:10
동양,00117337,분기x연결,operating_income,2005 CQ1,data_gap,"UI blank, DB=None",2026-07-07T21:56:10
동양,00117337,분기x연결,operating_income,2005 CQ2,data_gap,"UI blank, DB=None",2026-07-07T21:56:10
동양,00117337,분기x연결,operating_income,2005 CQ3,data_gap,"UI blank, DB=None",2026-07-07T21:56:10
동양,00117337,분기x연결,operating_income,2007 CQ3,data_gap,"UI blank, DB=None",2026-07-07T21:56:10
동양,00117337,분기x연결,operating_income,2011 CQ2,data_gap,"UI blank, DB=None",2026-07-07T21:56:10
동양,00117337,분기x연결,operating_income,2011 CQ3,data_gap,"UI blank, DB=None",2026-07-07T21:56:10
동양,00117337,분기x연결,operating_income,2011 CQ4,data_gap,"UI blank, DB=None",2026-07-07T21:56:10
동양생명,00117267,연간x별도,operating_income,2012,data_gap,"UI blank, DB=None",2026-07-07T21:57:05
동양생명,00117267,분기x연결,operating_income,2011 CQ3,data_gap,"UI blank, DB=None",2026-07-07T21:57:11
동양생명,00117267,분기x연결,operating_income,2011 CQ4,data_gap,"UI blank, DB=None",2026-07-07T21:57:11
동양생명,00117267,분기x연결,operating_income,2012 CQ1,data_gap,"UI blank, DB=None",2026-07-07T21:57:11
동양생명,00117267,분기x연결,operating_income,2012 CQ2,data_gap,"UI blank, DB=None",2026-07-07T21:57:11
동양생명,00117267,분기x연결,operating_income,2012 CQ3,data_gap,"UI blank, DB=None",2026-07-07T21:57:11
동양생명,00117267,분기x연결,operating_income,2012 CQ4,data_gap,"UI blank, DB=None",2026-07-07T21:57:11
동양생명,00117267,분기x별도,operating_income,2011 CQ3,data_gap,"UI blank, DB=None",2026-07-07T21:57:19
동양생명,00117267,분기x별도,operating_income,2011 CQ4,data_gap,"UI blank, DB=None",2026-07-07T21:57:19
동양생명,00117267,분기x별도,operating_income,2012 CQ1,data_gap,"UI blank, DB=None",2026-07-07T21:57:19
동원산업,00118026,분기x별도,revenue,2005 CQ4,data_gap,"UI blank, DB=None",2026-07-07T21:58:22
동원산업,00118026,분기x별도,revenue,2006 CQ1,data_gap,"UI blank, DB=None",2026-07-07T21:58:22
동원산업,00118026,분기x별도,revenue,2006 CQ2,data_gap,"UI blank, DB=None",2026-07-07T21:58:22
동원산업,00118026,분기x별도,operating_income,2005 CQ4,data_gap,"UI blank, DB=None",2026-07-07T21:58:22
동원산업,00118026,분기x별도,operating_income,2006 CQ1,data_gap,"UI blank, DB=None",2026-07-07T21:58:22
동원산업,00118026,분기x별도,operating_income,2006 CQ2,data_gap,"UI blank, DB=None",2026-07-07T21:58:22
동원수산,00118044,연간x연결,revenue,2002,data_gap,"UI blank, DB=None",2026-07-07T21:58:35
동원수산,00118044,연간x연결,revenue,2003,data_gap,"UI blank, DB=None",2026-07-07T21:58:35
동원수산,00118044,연간x연결,revenue,2004,data_gap,"UI blank, DB=None",2026-07-07T21:58:35
동원수산,00118044,연간x연결,revenue,2009,data_gap,"UI blank, DB=None",2026-07-07T21:58:35
동원수산,00118044,연간x연결,operating_income,2002,data_gap,"UI blank, DB=None",2026-07-07T21:58:35
동원수산,00118044,연간x연결,operating_income,2003,data_gap,"UI blank, DB=None",2026-07-07T21:58:35
동원수산,00118044,연간x연결,operating_income,2004,data_gap,"UI blank, DB=None",2026-07-07T21:58:35
동원수산,00118044,연간x연결,operating_income,2009,data_gap,"UI blank, DB=None",2026-07-07T21:58:35
동원수산,00118044,분기x연결,revenue,2011 CQ2,data_gap,"UI blank, DB=None",2026-07-07T21:58:47
동원수산,00118044,분기x연결,revenue,2011 CQ3,data_gap,"UI blank, DB=None",2026-07-07T21:58:47
동원수산,00118044,분기x연결,revenue,2011 CQ4,data_gap,"UI blank, DB=None",2026-07-07T21:58:47
동원수산,00118044,분기x연결,operating_income,2003 CQ2,data_gap,"UI blank, DB=None",2026-07-07T21:58:47
동원수산,00118044,분기x연결,operating_income,2003 CQ3,data_gap,"UI blank, DB=None",2026-07-07T21:58:47
동원수산,00118044,분기x연결,operating_income,2003 CQ4,data_gap,"UI blank, DB=None",2026-07-07T21:58:47
동원수산,00118044,분기x연결,operating_income,2004 CQ4,data_gap,"UI blank, DB=None",2026-07-07T21:58:47
동원수산,00118044,분기x연결,operating_income,2011 CQ2,data_gap,"UI blank, DB=None",2026-07-07T21:58:47
동원수산,00118044,분기x연결,operating_income,2011 CQ3,data_gap,"UI blank, DB=None",2026-07-07T21:58:47
동원수산,00118044,분기x연결,operating_income,2011 CQ4,data_gap,"UI blank, DB=None",2026-07-07T21:58:47
동원시스템즈,00132637,연간x별도,revenue,2002,data_gap,"UI blank, DB=None",2026-07-07T21:59:10
동원시스템즈,00132637,연간x별도,revenue,2003,data_gap,"UI blank, DB=None",2026-07-07T21:59:10
동원시스템즈,00132637,연간x별도,operating_income,2002,data_gap,"UI blank, DB=None",2026-07-07T21:59:10
동원시스템즈,00132637,연간x별도,operating_income,2003,data_gap,"UI blank, DB=None",2026-07-07T21:59:10
동일고무벨트,00939687,분기x연결,revenue,2014 CQ2,data_gap,"UI blank, DB=None",2026-07-07T22:00:20
동일고무벨트,00939687,분기x연결,revenue,2014 CQ3,data_gap,"UI blank, DB=None",2026-07-07T22:00:20
동일고무벨트,00939687,분기x연결,revenue,2014 CQ4,data_gap,"UI blank, DB=None",2026-07-07T22:00:20
동일고무벨트,00939687,분기x연결,operating_income,2014 CQ2,data_gap,"UI blank, DB=None",2026-07-07T22:00:20
동일고무벨트,00939687,분기x연결,operating_income,2014 CQ3,data_gap,"UI blank, DB=None",2026-07-07T22:00:20
동일고무벨트,00939687,분기x연결,operating_income,2014 CQ4,data_gap,"UI blank, DB=None",2026-07-07T22:00:20
동일산업,00172936,연간x별도,revenue,2004,data_gap,"UI blank, DB=None",2026-07-07T22:00:46
동일산업,00172936,연간x별도,revenue,2011,data_gap,"UI blank, DB=None",2026-07-07T22:00:46
동일산업,00172936,연간x별도,operating_income,2004,data_gap,"UI blank, DB=None",2026-07-07T22:00:46
동일산업,00172936,연간x별도,operating_income,2011,data_gap,"UI blank, DB=None",2026-07-07T22:00:46
동일산업,00172936,분기x연결,revenue,2013 CQ2,data_gap,"UI blank, DB=None",2026-07-07T22:00:52
동일산업,00172936,분기x연결,revenue,2013 CQ3,data_gap,"UI blank, DB=None",2026-07-07T22:00:52
동일산업,00172936,분기x연결,revenue,2013 CQ4,data_gap,"UI blank, DB=None",2026-07-07T22:00:52
동일산업,00172936,분기x연결,operating_income,2013 CQ2,data_gap,"UI blank, DB=None",2026-07-07T22:00:52
동일산업,00172936,분기x연결,operating_income,2013 CQ3,data_gap,"UI blank, DB=None",2026-07-07T22:00:52
동일산업,00172936,분기x연결,operating_income,2013 CQ4,data_gap,"UI blank, DB=None",2026-07-07T22:00:52
동일제강,00118451,분기x연결,revenue,2014 CQ2,data_gap,"UI blank, DB=None",2026-07-07T22:01:22
동일제강,00118451,분기x연결,revenue,2014 CQ3,data_gap,"UI blank, DB=None",2026-07-07T22:01:22
동일제강,00118451,분기x연결,operating_income,2014 CQ2,data_gap,"UI blank, DB=None",2026-07-07T22:01:22
동일제강,00118451,분기x연결,operating_income,2014 CQ3,data_gap,"UI blank, DB=None",2026-07-07T22:01:22
동일제강,00118451,분기x별도,revenue,2014 CQ2,data_gap,"UI blank, DB=None",2026-07-07T22:01:29
동일제강,00118451,분기x별도,revenue,2014 CQ3,data_gap,"UI blank, DB=None",2026-07-07T22:01:29
동일제강,00118451,분기x별도,operating_income,2014 CQ2,data_gap,"UI blank, DB=None",2026-07-07T22:01:29
동일제강,00118451,분기x별도,operating_income,2014 CQ3,data_gap,"UI blank, DB=None",2026-07-07T22:01:29
동화약품,00119195,연간x별도,revenue,2011,data_gap,"UI blank, DB=None",2026-07-07T22:01:48
동화약품,00119195,연간x별도,operating_income,2011,data_gap,"UI blank, DB=None",2026-07-07T22:01:48
두산,00117212,연간x연결,revenue,2005,data_gap,"UI blank, DB=None",2026-07-07T22:02:12
두산,00117212,연간x별도,revenue,2003,data_gap,"UI blank, DB=None",2026-07-07T22:02:18
두산,00117212,연간x별도,operating_income,2002,data_gap,"UI blank, DB=None",2026-07-07T22:02:18
두산,00117212,연간x별도,operating_income,2003,data_gap,"UI blank, DB=None",2026-07-07T22:02:18
두산,00117212,연간x별도,operating_income,2009,data_gap,"UI blank, DB=None",2026-07-07T22:02:18
두산,00117212,분기x별도,operating_income,2009 CQ4,data_gap,"UI blank, DB=None",2026-07-07T22:02:31
디씨엠,00177199,분기x연결,revenue,2011 CQ2,data_gap,"UI blank, DB=None",2026-07-07T22:06:03
디씨엠,00177199,분기x연결,revenue,2011 CQ3,data_gap,"UI blank, DB=None",2026-07-07T22:06:03
디씨엠,00177199,분기x연결,revenue,2011 CQ4,data_gap,"UI blank, DB=None",2026-07-07T22:06:03
디씨엠,00177199,분기x연결,operating_income,2011 CQ2,data_gap,"UI blank, DB=None",2026-07-07T22:06:03
디씨엠,00177199,분기x연결,operating_income,2011 CQ3,data_gap,"UI blank, DB=None",2026-07-07T22:06:03
디씨엠,00177199,분기x연결,operating_income,2011 CQ4,data_gap,"UI blank, DB=None",2026-07-07T22:06:03
디아이,00118275,분기x연결,revenue,2011 CQ2,data_gap,"UI blank, DB=None",2026-07-07T22:06:32
디아이,00118275,분기x연결,revenue,2011 CQ3,data_gap,"UI blank, DB=None",2026-07-07T22:06:32
디아이,00118275,분기x연결,revenue,2011 CQ4,data_gap,"UI blank, DB=None",2026-07-07T22:06:32
디아이,00118275,분기x연결,operating_income,2011 CQ2,data_gap,"UI blank, DB=None",2026-07-07T22:06:32
디아이,00118275,분기x연결,operating_income,2011 CQ3,data_gap,"UI blank, DB=None",2026-07-07T22:06:32
디아이,00118275,분기x연결,operating_income,2011 CQ4,data_gap,"UI blank, DB=None",2026-07-07T22:06:32
디아이,00118275,분기x별도,revenue,2006 CQ3,data_gap,"UI blank, DB=None",2026-07-07T22:06:40
디아이,00118275,분기x별도,operating_income,2006 CQ3,data_gap,"UI blank, DB=None",2026-07-07T22:06:40
디아이동일,00118345,연간x별도,revenue,2002,data_gap,"UI blank, DB=None",2026-07-07T22:06:58
디아이동일,00118345,연간x별도,operating_income,2002,data_gap,"UI blank, DB=None",2026-07-07T22:06:58
디와이,00117179,연간x별도,revenue,2003,data_gap,"UI blank, DB=None",2026-07-07T22:08:00
디와이,00117179,연간x별도,revenue,2004,data_gap,"UI blank, DB=None",2026-07-07T22:08:00
디와이에이,00149804,연간x별도,operating_income,2002,data_gap,"UI blank, DB=None",2026-07-07T22:09:02
디와이파워,01059605,분기x연결,revenue,2014 CQ2,data_gap,"UI blank, DB=None",2026-07-07T22:09:40
디와이파워,01059605,분기x연결,revenue,2014 CQ3,data_gap,"UI blank, DB=None",2026-07-07T22:09:40
디와이파워,01059605,분기x연결,revenue,2014 CQ4,data_gap,"UI blank, DB=None",2026-07-07T22:09:40
디와이파워,01059605,분기x연결,operating_income,2014 CQ2,data_gap,"UI blank, DB=None",2026-07-07T22:09:40
디와이파워,01059605,분기x연결,operating_income,2014 CQ3,data_gap,"UI blank, DB=None",2026-07-07T22:09:40
디와이파워,01059605,분기x연결,operating_income,2014 CQ4,data_gap,"UI blank, DB=None",2026-07-07T22:09:40
디와이파워,01059605,분기x별도,revenue,2014 CQ2,data_gap,"UI blank, DB=None",2026-07-07T22:09:47
디와이파워,01059605,분기x별도,revenue,2014 CQ3,data_gap,"UI blank, DB=None",2026-07-07T22:09:47
디와이파워,01059605,분기x별도,revenue,2014 CQ4,data_gap,"UI blank, DB=None",2026-07-07T22:09:47
디와이파워,01059605,분기x별도,operating_income,2014 CQ2,data_gap,"UI blank, DB=None",2026-07-07T22:09:47
디와이파워,01059605,분기x별도,operating_income,2014 CQ3,data_gap,"UI blank, DB=None",2026-07-07T22:09:47
디와이파워,01059605,분기x별도,operating_income,2014 CQ4,data_gap,"UI blank, DB=None",2026-07-07T22:09:47
롯데렌탈,00545716,연간x별도,revenue,2005,data_gap,"UI blank, DB=None",2026-07-07T22:10:35
롯데렌탈,00545716,연간x별도,revenue,2015,data_gap,"UI blank, DB=None",2026-07-07T22:10:35
롯데렌탈,00545716,연간x별도,revenue,2016,data_gap,"UI blank, DB=None",2026-07-07T22:10:35
롯데렌탈,00545716,연간x별도,revenue,2017,data_gap,"UI blank, DB=None",2026-07-07T22:10:35
롯데렌탈,00545716,연간x별도,revenue,2018,data_gap,"UI blank, DB=None",2026-07-07T22:10:35
롯데렌탈,00545716,연간x별도,revenue,2020,data_gap,"UI blank, DB=None",2026-07-07T22:10:35
롯데렌탈,00545716,연간x별도,operating_income,2005,data_gap,"UI blank, DB=None",2026-07-07T22:10:35
롯데렌탈,00545716,연간x별도,operating_income,2015,data_gap,"UI blank, DB=None",2026-07-07T22:10:35
롯데렌탈,00545716,연간x별도,operating_income,2016,data_gap,"UI blank, DB=None",2026-07-07T22:10:35
롯데렌탈,00545716,연간x별도,operating_income,2017,data_gap,"UI blank, DB=None",2026-07-07T22:10:35
롯데렌탈,00545716,연간x별도,operating_income,2018,data_gap,"UI blank, DB=None",2026-07-07T22:10:35
롯데렌탈,00545716,연간x별도,operating_income,2019,data_gap,"UI blank, DB=None",2026-07-07T22:10:35
롯데렌탈,00545716,연간x별도,operating_income,2020,data_gap,"UI blank, DB=None",2026-07-07T22:10:35
롯데렌탈,00545716,분기x연결,revenue,2019 CQ2,data_gap,"UI blank, DB=None",2026-07-07T22:10:41
롯데렌탈,00545716,분기x연결,revenue,2019 CQ3,data_gap,"UI blank, DB=None",2026-07-07T22:10:41
롯데렌탈,00545716,분기x연결,revenue,2019 CQ4,data_gap,"UI blank, DB=None",2026-07-07T22:10:41
롯데렌탈,00545716,분기x연결,operating_income,2019 CQ2,data_gap,"UI blank, DB=None",2026-07-07T22:10:41
롯데렌탈,00545716,분기x연결,operating_income,2019 CQ3,data_gap,"UI blank, DB=None",2026-07-07T22:10:41
롯데렌탈,00545716,분기x연결,operating_income,2019 CQ4,data_gap,"UI blank, DB=None",2026-07-07T22:10:41
롯데렌탈,00545716,분기x별도,revenue,2009 CQ3,data_gap,"UI blank, DB=None",2026-07-07T22:10:49
롯데렌탈,00545716,분기x별도,revenue,2009 CQ4,data_gap,"UI blank, DB=None",2026-07-07T22:10:49
롯데렌탈,00545716,분기x별도,revenue,2015 CQ4,data_gap,"UI blank, DB=None",2026-07-07T22:10:49
롯데렌탈,00545716,분기x별도,revenue,2016 CQ4,data_gap,"UI blank, DB=None",2026-07-07T22:10:49
롯데렌탈,00545716,분기x별도,revenue,2017 CQ4,data_gap,"UI blank, DB=None",2026-07-07T22:10:49
롯데렌탈,00545716,분기x별도,revenue,2018 CQ4,data_gap,"UI blank, DB=None",2026-07-07T22:10:49
롯데렌탈,00545716,분기x별도,revenue,2019 CQ2,data_gap,"UI blank, DB=None",2026-07-07T22:10:49
롯데렌탈,00545716,분기x별도,revenue,2019 CQ3,data_gap,"UI blank, DB=None",2026-07-07T22:10:49
롯데렌탈,00545716,분기x별도,revenue,2020 CQ4,data_gap,"UI blank, DB=None",2026-07-07T22:10:49
롯데렌탈,00545716,분기x별도,operating_income,2009 CQ3,data_gap,"UI blank, DB=None",2026-07-07T22:10:49
롯데렌탈,00545716,분기x별도,operating_income,2009 CQ4,data_gap,"UI blank, DB=None",2026-07-07T22:10:49
롯데렌탈,00545716,분기x별도,operating_income,2015 CQ4,data_gap,"UI blank, DB=None",2026-07-07T22:10:49
롯데렌탈,00545716,분기x별도,operating_income,2016 CQ4,data_gap,"UI blank, DB=None",2026-07-07T22:10:49
롯데렌탈,00545716,분기x별도,operating_income,2017 CQ4,data_gap,"UI blank, DB=None",2026-07-07T22:10:49
롯데렌탈,00545716,분기x별도,operating_income,2018 CQ4,data_gap,"UI blank, DB=None",2026-07-07T22:10:49
롯데렌탈,00545716,분기x별도,operating_income,2019 CQ2,data_gap,"UI blank, DB=None",2026-07-07T22:10:49
롯데렌탈,00545716,분기x별도,operating_income,2019 CQ3,data_gap,"UI blank, DB=None",2026-07-07T22:10:49
롯데렌탈,00545716,분기x별도,operating_income,2019 CQ4,data_gap,"UI blank, DB=None",2026-07-07T22:10:49
롯데렌탈,00545716,분기x별도,operating_income,2020 CQ4,data_gap,"UI blank, DB=None",2026-07-07T22:10:49
롯데손해보험,00113562,연간x연결,revenue,2012,data_gap,"UI blank, DB=None",2026-07-07T22:11:02
롯데손해보험,00113562,연간x연결,revenue,2016,data_gap,"UI blank, DB=None",2026-07-07T22:11:02
롯데손해보험,00113562,연간x연결,operating_income,2012,data_gap,"UI blank, DB=None",2026-07-07T22:11:02
롯데손해보험,00113562,연간x연결,operating_income,2016,data_gap,"UI blank, DB=None",2026-07-07T22:11:02
롯데손해보험,00113562,연간x별도,revenue,2012,data_gap,"UI blank, DB=None",2026-07-07T22:11:07
롯데손해보험,00113562,연간x별도,revenue,2016,data_gap,"UI blank, DB=None",2026-07-07T22:11:07
롯데손해보험,00113562,연간x별도,operating_income,2012,data_gap,"UI blank, DB=None",2026-07-07T22:11:07
롯데손해보험,00113562,연간x별도,operating_income,2016,data_gap,"UI blank, DB=None",2026-07-07T22:11:07
롯데손해보험,00113562,분기x연결,revenue,2014 CQ3,data_gap,"UI blank, DB=None",2026-07-07T22:11:14
롯데손해보험,00113562,분기x연결,revenue,2014 CQ4,data_gap,"UI blank, DB=None",2026-07-07T22:11:14
롯데손해보험,00113562,분기x연결,revenue,2015 CQ1,data_gap,"UI blank, DB=None",2026-07-07T22:11:14
롯데손해보험,00113562,분기x연결,revenue,2015 CQ2,data_gap,"UI blank, DB=None",2026-07-07T22:11:14
롯데손해보험,00113562,분기x연결,revenue,2015 CQ3,data_gap,"UI blank, DB=None",2026-07-07T22:11:14
롯데손해보험,00113562,분기x연결,revenue,2015 CQ4,data_gap,"UI blank, DB=None",2026-07-07T22:11:14
롯데손해보험,00113562,분기x연결,operating_income,2011 CQ4,data_gap,"UI blank, DB=None",2026-07-07T22:11:14
롯데손해보험,00113562,분기x연결,operating_income,2012 CQ2,data_gap,"UI blank, DB=None",2026-07-07T22:11:14
롯데손해보험,00113562,분기x연결,operating_income,2012 CQ3,data_gap,"UI blank, DB=None",2026-07-07T22:11:14
롯데손해보험,00113562,분기x연결,operating_income,2012 CQ4,data_gap,"UI blank, DB=None",2026-07-07T22:11:14
롯데손해보험,00113562,분기x연결,operating_income,2014 CQ3,data_gap,"UI blank, DB=None",2026-07-07T22:11:14
롯데손해보험,00113562,분기x연결,operating_income,2014 CQ4,data_gap,"UI blank, DB=None",2026-07-07T22:11:14
롯데손해보험,00113562,분기x연결,operating_income,2015 CQ1,data_gap,"UI blank, DB=None",2026-07-07T22:11:14
롯데손해보험,00113562,분기x연결,operating_income,2015 CQ2,data_gap,"UI blank, DB=None",2026-07-07T22:11:14
롯데손해보험,00113562,분기x연결,operating_income,2015 CQ3,data_gap,"UI blank, DB=None",2026-07-07T22:11:14
롯데손해보험,00113562,분기x연결,operating_income,2015 CQ4,data_gap,"UI blank, DB=None",2026-07-07T22:11:14
롯데손해보험,00113562,분기x별도,revenue,2014 CQ3,data_gap,"UI blank, DB=None",2026-07-07T22:11:21
롯데손해보험,00113562,분기x별도,revenue,2014 CQ4,data_gap,"UI blank, DB=None",2026-07-07T22:11:21
롯데손해보험,00113562,분기x별도,revenue,2015 CQ1,data_gap,"UI blank, DB=None",2026-07-07T22:11:21
롯데손해보험,00113562,분기x별도,revenue,2015 CQ2,data_gap,"UI blank, DB=None",2026-07-07T22:11:21
롯데손해보험,00113562,분기x별도,revenue,2015 CQ3,data_gap,"UI blank, DB=None",2026-07-07T22:11:21
롯데손해보험,00113562,분기x별도,revenue,2015 CQ4,data_gap,"UI blank, DB=None",2026-07-07T22:11:21
롯데손해보험,00113562,분기x별도,operating_income,2011 CQ4,data_gap,"UI blank, DB=None",2026-07-07T22:11:21
롯데손해보험,00113562,분기x별도,operating_income,2012 CQ2,data_gap,"UI blank, DB=None",2026-07-07T22:11:21
롯데손해보험,00113562,분기x별도,operating_income,2012 CQ3,data_gap,"UI blank, DB=None",2026-07-07T22:11:21
롯데손해보험,00113562,분기x별도,operating_income,2012 CQ4,data_gap,"UI blank, DB=None",2026-07-07T22:11:21
롯데손해보험,00113562,분기x별도,operating_income,2014 CQ3,data_gap,"UI blank, DB=None",2026-07-07T22:11:21
롯데손해보험,00113562,분기x별도,operating_income,2014 CQ4,data_gap,"UI blank, DB=None",2026-07-07T22:11:21
롯데손해보험,00113562,분기x별도,operating_income,2015 CQ1,data_gap,"UI blank, DB=None",2026-07-07T22:11:21
롯데손해보험,00113562,분기x별도,operating_income,2015 CQ2,data_gap,"UI blank, DB=None",2026-07-07T22:11:21
롯데손해보험,00113562,분기x별도,operating_income,2015 CQ3,data_gap,"UI blank, DB=None",2026-07-07T22:11:21
롯데손해보험,00113562,분기x별도,operating_income,2015 CQ4,data_gap,"UI blank, DB=None",2026-07-07T22:11:21
롯데정밀화학,00157681,연간x별도,operating_income,2003,data_gap,"UI blank, DB=None",2026-07-07T22:13:13
롯데케미칼,00165413,연간x연결,revenue,2007,data_gap,"UI blank, DB=None",2026-07-07T22:14:46
롯데케미칼,00165413,연간x연결,revenue,2009,data_gap,"UI blank, DB=None",2026-07-07T22:14:46
롯데하이마트,00158307,연간x별도,operating_income,2004,data_gap,"UI blank, DB=None",2026-07-07T22:15:23
롯데하이마트,00158307,연간x별도,operating_income,2005,data_gap,"UI blank, DB=None",2026-07-07T22:15:23
롯데하이마트,00158307,분기x별도,revenue,2009 CQ3,data_gap,"UI blank, DB=None",2026-07-07T22:15:37
롯데하이마트,00158307,분기x별도,revenue,2009 CQ4,data_gap,"UI blank, DB=None",2026-07-07T22:15:37
롯데하이마트,00158307,분기x별도,revenue,2014 CQ2,data_gap,"UI blank, DB=None",2026-07-07T22:15:37
롯데하이마트,00158307,분기x별도,revenue,2014 CQ3,data_gap,"UI blank, DB=None",2026-07-07T22:15:37
롯데하이마트,00158307,분기x별도,operating_income,2004 CQ4,data_gap,"UI blank, DB=None",2026-07-07T22:15:37
롯데하이마트,00158307,분기x별도,operating_income,2005 CQ1,data_gap,"UI blank, DB=None",2026-07-07T22:15:37
롯데하이마트,00158307,분기x별도,operating_income,2005 CQ2,data_gap,"UI blank, DB=None",2026-07-07T22:15:37
롯데하이마트,00158307,분기x별도,operating_income,2005 CQ3,data_gap,"UI blank, DB=None",2026-07-07T22:15:37
롯데하이마트,00158307,분기x별도,operating_income,2005 CQ4,data_gap,"UI blank, DB=None",2026-07-07T22:15:37
롯데하이마트,00158307,분기x별도,operating_income,2006 CQ1,data_gap,"UI blank, DB=None",2026-07-07T22:15:37
롯데하이마트,00158307,분기x별도,operating_income,2009 CQ3,data_gap,"UI blank, DB=None",2026-07-07T22:15:37
롯데하이마트,00158307,분기x별도,operating_income,2009 CQ4,data_gap,"UI blank, DB=None",2026-07-07T22:15:37
롯데하이마트,00158307,분기x별도,operating_income,2014 CQ2,data_gap,"UI blank, DB=None",2026-07-07T22:15:37
롯데하이마트,00158307,분기x별도,operating_income,2014 CQ3,data_gap,"UI blank, DB=None",2026-07-07T22:15:37
만호제강,00120872,분기x연결,revenue,2012 CQ2,data_gap,"UI blank, DB=None",2026-07-07T22:16:34
만호제강,00120872,분기x연결,revenue,2012 CQ3,data_gap,"UI blank, DB=None",2026-07-07T22:16:34
만호제강,00120872,분기x연결,operating_income,2012 CQ2,data_gap,"UI blank, DB=None",2026-07-07T22:16:34
만호제강,00120872,분기x연결,operating_income,2012 CQ3,data_gap,"UI blank, DB=None",2026-07-07T22:16:34
모나리자,00173102,분기x별도,revenue,2006 CQ3,data_gap,"UI blank, DB=None",2026-07-07T22:19:54
모나리자,00173102,분기x별도,revenue,2006 CQ4,data_gap,"UI blank, DB=None",2026-07-07T22:19:54
모나리자,00173102,분기x별도,revenue,2007 CQ2,data_gap,"UI blank, DB=None",2026-07-07T22:19:54
모나리자,00173102,분기x별도,revenue,2007 CQ3,data_gap,"UI blank, DB=None",2026-07-07T22:19:54
모나리자,00173102,분기x별도,revenue,2007 CQ4,data_gap,"UI blank, DB=None",2026-07-07T22:19:54
모나리자,00173102,분기x별도,operating_income,2006 CQ3,data_gap,"UI blank, DB=None",2026-07-07T22:19:54
모나리자,00173102,분기x별도,operating_income,2006 CQ4,data_gap,"UI blank, DB=None",2026-07-07T22:19:54
모나리자,00173102,분기x별도,operating_income,2007 CQ2,data_gap,"UI blank, DB=None",2026-07-07T22:19:54
모나리자,00173102,분기x별도,operating_income,2007 CQ3,data_gap,"UI blank, DB=None",2026-07-07T22:19:54
모나리자,00173102,분기x별도,operating_income,2007 CQ4,data_gap,"UI blank, DB=None",2026-07-07T22:19:54
모나미,00121288,연간x연결,revenue,2005,data_gap,"UI blank, DB=None",2026-07-07T22:20:08
모나미,00121288,연간x연결,revenue,2009,data_gap,"UI blank, DB=None",2026-07-07T22:20:08
모나미,00121288,연간x연결,operating_income,2009,data_gap,"UI blank, DB=None",2026-07-07T22:20:08
모나미,00121288,분기x연결,revenue,2011 CQ2,data_gap,"UI blank, DB=None",2026-07-07T22:20:19
모나미,00121288,분기x연결,revenue,2011 CQ3,data_gap,"UI blank, DB=None",2026-07-07T22:20:19
모나미,00121288,분기x연결,revenue,2011 CQ4,data_gap,"UI blank, DB=None",2026-07-07T22:20:19
모나미,00121288,분기x연결,operating_income,2011 CQ2,data_gap,"UI blank, DB=None",2026-07-07T22:20:19
모나미,00121288,분기x연결,operating_income,2011 CQ3,data_gap,"UI blank, DB=None",2026-07-07T22:20:19
모나미,00121288,분기x연결,operating_income,2011 CQ4,data_gap,"UI blank, DB=None",2026-07-07T22:20:19
모나용평,00365989,연간x별도,revenue,2002,data_gap,"UI blank, DB=None",2026-07-07T22:20:45
모나용평,00365989,분기x별도,revenue,2014 CQ3,data_gap,"UI blank, DB=None",2026-07-07T22:20:59
모나용평,00365989,분기x별도,revenue,2014 CQ4,data_gap,"UI blank, DB=None",2026-07-07T22:20:59
모나용평,00365989,분기x별도,operating_income,2014 CQ3,data_gap,"UI blank, DB=None",2026-07-07T22:20:59
모나용평,00365989,분기x별도,operating_income,2014 CQ4,data_gap,"UI blank, DB=None",2026-07-07T22:20:59
모토닉,00151128,연간x별도,revenue,2005,data_gap,"UI blank, DB=None",2026-07-07T22:21:17
모토닉,00151128,연간x별도,operating_income,2000,data_gap,"UI blank, DB=None",2026-07-07T22:21:17
모토닉,00151128,연간x별도,operating_income,2001,data_gap,"UI blank, DB=None",2026-07-07T22:21:17
모토닉,00151128,연간x별도,operating_income,2002,data_gap,"UI blank, DB=None",2026-07-07T22:21:17
모토닉,00151128,연간x별도,operating_income,2005,data_gap,"UI blank, DB=None",2026-07-07T22:21:17
모토닉,00151128,분기x연결,revenue,2011 CQ2,data_gap,"UI blank, DB=None",2026-07-07T22:21:24
모토닉,00151128,분기x연결,revenue,2011 CQ3,data_gap,"UI blank, DB=None",2026-07-07T22:21:24
모토닉,00151128,분기x연결,revenue,2011 CQ4,data_gap,"UI blank, DB=None",2026-07-07T22:21:24
모토닉,00151128,분기x연결,operating_income,2011 CQ2,data_gap,"UI blank, DB=None",2026-07-07T22:21:24
모토닉,00151128,분기x연결,operating_income,2011 CQ3,data_gap,"UI blank, DB=None",2026-07-07T22:21:24
모토닉,00151128,분기x연결,operating_income,2011 CQ4,data_gap,"UI blank, DB=None",2026-07-07T22:21:24
모토닉,00151128,분기x별도,revenue,2005 CQ4,data_gap,"UI blank, DB=None",2026-07-07T22:21:31
모토닉,00151128,분기x별도,operating_income,2005 CQ4,data_gap,"UI blank, DB=None",2026-07-07T22:21:31
무학,00121543,연간x연결,revenue,2009,data_gap,"UI blank, DB=None",2026-07-07T22:22:17
무학,00121543,연간x연결,operating_income,2009,data_gap,"UI blank, DB=None",2026-07-07T22:22:17
무학,00121543,분기x별도,revenue,2005 CQ2,data_gap,"UI blank, DB=None",2026-07-07T22:22:36
무학,00121543,분기x별도,revenue,2005 CQ3,data_gap,"UI blank, DB=None",2026-07-07T22:22:36
무학,00121543,분기x별도,revenue,2006 CQ2,data_gap,"UI blank, DB=None",2026-07-07T22:22:36
무학,00121543,분기x별도,revenue,2006 CQ3,data_gap,"UI blank, DB=None",2026-07-07T22:22:36
무학,00121543,분기x별도,revenue,2007 CQ2,data_gap,"UI blank, DB=None",2026-07-07T22:22:36
무학,00121543,분기x별도,revenue,2007 CQ3,data_gap,"UI blank, DB=None",2026-07-07T22:22:36
무학,00121543,분기x별도,operating_income,2005 CQ2,data_gap,"UI blank, DB=None",2026-07-07T22:22:36
무학,00121543,분기x별도,operating_income,2005 CQ3,data_gap,"UI blank, DB=None",2026-07-07T22:22:36
무학,00121543,분기x별도,operating_income,2006 CQ2,data_gap,"UI blank, DB=None",2026-07-07T22:22:36
무학,00121543,분기x별도,operating_income,2006 CQ3,data_gap,"UI blank, DB=None",2026-07-07T22:22:36
무학,00121543,분기x별도,operating_income,2007 CQ2,data_gap,"UI blank, DB=None",2026-07-07T22:22:36
무학,00121543,분기x별도,operating_income,2007 CQ3,data_gap,"UI blank, DB=None",2026-07-07T22:22:36
문배철강,00121570,분기x연결,operating_income,2005 CQ3,data_gap,"UI blank, DB=None",2026-07-07T22:23:01
문배철강,00121570,분기x별도,revenue,2005 CQ4,data_gap,"UI blank, DB=None",2026-07-07T22:23:09
문배철강,00121570,분기x별도,operating_income,2005 CQ4,data_gap,"UI blank, DB=None",2026-07-07T22:23:09
미래아이앤지,00104786,연간x별도,operating_income,2003,data_gap,"UI blank, DB=None",2026-07-07T22:24:00
미래아이앤지,00104786,연간x별도,operating_income,2004,data_gap,"UI blank, DB=None",2026-07-07T22:24:00
미래아이앤지,00104786,연간x별도,operating_income,2005,data_gap,"UI blank, DB=None",2026-07-07T22:24:00
미래아이앤지,00104786,연간x별도,operating_income,2006,data_gap,"UI blank, DB=None",2026-07-07T22:24:00
미래아이앤지,00104786,분기x연결,revenue,2011 CQ2,data_gap,"UI blank, DB=None",2026-07-07T22:24:06
미래아이앤지,00104786,분기x연결,revenue,2011 CQ3,data_gap,"UI blank, DB=None",2026-07-07T22:24:06
미래아이앤지,00104786,분기x연결,revenue,2011 CQ4,data_gap,"UI blank, DB=None",2026-07-07T22:24:06
미래아이앤지,00104786,분기x연결,operating_income,2011 CQ2,data_gap,"UI blank, DB=None",2026-07-07T22:24:06
미래아이앤지,00104786,분기x연결,operating_income,2011 CQ3,data_gap,"UI blank, DB=None",2026-07-07T22:24:06
미래아이앤지,00104786,분기x연결,operating_income,2011 CQ4,data_gap,"UI blank, DB=None",2026-07-07T22:24:06
미래아이앤지,00104786,분기x별도,operating_income,2006 CQ4,data_gap,"UI blank, DB=None",2026-07-07T22:24:13
미래에셋생명,00112332,연간x연결,revenue,2011,data_gap,"UI blank, DB=None",2026-07-07T22:24:27
미래에셋생명,00112332,연간x연결,operating_income,2011,data_gap,"UI blank, DB=None",2026-07-07T22:24:27
미래에셋생명,00112332,연간x연결,operating_income,2012,data_gap,"UI blank, DB=None",2026-07-07T22:24:27
미래에셋생명,00112332,연간x별도,revenue,2005,data_gap,"UI blank, DB=None",2026-07-07T22:24:32
미원상사,00121932,연간x연결,revenue,2009,data_gap,"UI blank, DB=None",2026-07-07T22:26:04
미원상사,00121932,연간x연결,operating_income,2009,data_gap,"UI blank, DB=None",2026-07-07T22:26:04
미원상사,00121932,연간x별도,revenue,2001,data_gap,"UI blank, DB=None",2026-07-07T22:26:09
미원상사,00121932,연간x별도,operating_income,2001,data_gap,"UI blank, DB=None",2026-07-07T22:26:09
미창석유공업,00122056,분기x별도,revenue,2007 CQ2,data_gap,"UI blank, DB=None",2026-07-07T22:28:28
미창석유공업,00122056,분기x별도,revenue,2007 CQ3,data_gap,"UI blank, DB=None",2026-07-07T22:28:28
미창석유공업,00122056,분기x별도,operating_income,2007 CQ2,data_gap,"UI blank, DB=None",2026-07-07T22:28:28
미창석유공업,00122056,분기x별도,operating_income,2007 CQ3,data_gap,"UI blank, DB=None",2026-07-07T22:28:28
바이오노트,00622787,분기x연결,revenue,2019 CQ2,data_gap,"UI blank, DB=None",2026-07-07T22:28:53
바이오노트,00622787,분기x연결,revenue,2019 CQ3,data_gap,"UI blank, DB=None",2026-07-07T22:28:53
바이오노트,00622787,분기x연결,revenue,2019 CQ4,data_gap,"UI blank, DB=None",2026-07-07T22:28:53
바이오노트,00622787,분기x연결,operating_income,2019 CQ2,data_gap,"UI blank, DB=None",2026-07-07T22:28:53
바이오노트,00622787,분기x연결,operating_income,2019 CQ3,data_gap,"UI blank, DB=None",2026-07-07T22:28:53
바이오노트,00622787,분기x연결,operating_income,2019 CQ4,data_gap,"UI blank, DB=None",2026-07-07T22:28:53
바이오노트,00622787,분기x별도,operating_income,2019 CQ2,data_gap,"UI blank, DB=None",2026-07-07T22:29:01
바이오노트,00622787,분기x별도,operating_income,2019 CQ3,data_gap,"UI blank, DB=None",2026-07-07T22:29:01
바이오노트,00622787,분기x별도,operating_income,2019 CQ4,data_gap,"UI blank, DB=None",2026-07-07T22:29:01
방림,00122348,연간x연결,revenue,2010,data_gap,"UI blank, DB=None",2026-07-07T22:29:13
방림,00122348,연간x연결,operating_income,2010,data_gap,"UI blank, DB=None",2026-07-07T22:29:13
방림,00122348,분기x연결,revenue,2012 CQ2,data_gap,"UI blank, DB=None",2026-07-07T22:29:24
방림,00122348,분기x연결,revenue,2012 CQ3,data_gap,"UI blank, DB=None",2026-07-07T22:29:24
방림,00122348,분기x연결,operating_income,2012 CQ2,data_gap,"UI blank, DB=None",2026-07-07T22:29:24
방림,00122348,분기x연결,operating_income,2012 CQ3,data_gap,"UI blank, DB=None",2026-07-07T22:29:24
백산,00122551,연간x연결,revenue,2009,data_gap,"UI blank, DB=None",2026-07-07T22:29:45
백산,00122551,연간x연결,operating_income,2009,data_gap,"UI blank, DB=None",2026-07-07T22:29:45
백산,00122551,분기x연결,revenue,2011 CQ2,data_gap,"UI blank, DB=None",2026-07-07T22:29:57
백산,00122551,분기x연결,revenue,2011 CQ3,data_gap,"UI blank, DB=None",2026-07-07T22:29:57
백산,00122551,분기x연결,revenue,2011 CQ4,data_gap,"UI blank, DB=None",2026-07-07T22:29:57
백산,00122551,분기x연결,operating_income,2011 CQ2,data_gap,"UI blank, DB=None",2026-07-07T22:29:57
백산,00122551,분기x연결,operating_income,2011 CQ3,data_gap,"UI blank, DB=None",2026-07-07T22:29:57
백산,00122551,분기x연결,operating_income,2011 CQ4,data_gap,"UI blank, DB=None",2026-07-07T22:29:57
범양건영,00122694,연간x별도,revenue,2012,data_gap,"UI blank, DB=None",2026-07-07T22:30:22
범양건영,00122694,연간x별도,operating_income,2012,data_gap,"UI blank, DB=None",2026-07-07T22:30:22
범양건영,00122694,분기x연결,revenue,2014 CQ2,data_gap,"UI blank, DB=None",2026-07-07T22:30:28
범양건영,00122694,분기x연결,revenue,2014 CQ3,data_gap,"UI blank, DB=None",2026-07-07T22:30:28
범양건영,00122694,분기x연결,revenue,2014 CQ4,data_gap,"UI blank, DB=None",2026-07-07T22:30:28
범양건영,00122694,분기x연결,operating_income,2014 CQ2,data_gap,"UI blank, DB=None",2026-07-07T22:30:28
범양건영,00122694,분기x연결,operating_income,2014 CQ3,data_gap,"UI blank, DB=None",2026-07-07T22:30:28
범양건영,00122694,분기x연결,operating_income,2014 CQ4,data_gap,"UI blank, DB=None",2026-07-07T22:30:28
범양건영,00122694,분기x별도,revenue,2012 CQ4,data_gap,"UI blank, DB=None",2026-07-07T22:30:36
범양건영,00122694,분기x별도,operating_income,2012 CQ4,data_gap,"UI blank, DB=None",2026-07-07T22:30:36
벽산,00122898,연간x연결,revenue,1998,data_gap,"UI blank, DB=None",2026-07-07T22:30:49
벽산,00122898,연간x연결,revenue,2009,data_gap,"UI blank, DB=None",2026-07-07T22:30:49
벽산,00122898,연간x연결,operating_income,2009,data_gap,"UI blank, DB=None",2026-07-07T22:30:49
벽산,00122898,분기x별도,revenue,2011 CQ2,data_gap,"UI blank, DB=None",2026-07-07T22:31:08
벽산,00122898,분기x별도,revenue,2011 CQ3,data_gap,"UI blank, DB=None",2026-07-07T22:31:08
벽산,00122898,분기x별도,revenue,2011 CQ4,data_gap,"UI blank, DB=None",2026-07-07T22:31:08
벽산,00122898,분기x별도,operating_income,2011 CQ2,data_gap,"UI blank, DB=None",2026-07-07T22:31:08
벽산,00122898,분기x별도,operating_income,2011 CQ3,data_gap,"UI blank, DB=None",2026-07-07T22:31:08
벽산,00122898,분기x별도,operating_income,2011 CQ4,data_gap,"UI blank, DB=None",2026-07-07T22:31:08
보령,00123143,연간x별도,revenue,2002,data_gap,"UI blank, DB=None",2026-07-07T22:31:57
보령,00123143,연간x별도,operating_income,2002,data_gap,"UI blank, DB=None",2026-07-07T22:31:57
보령,00123143,분기x별도,revenue,2005 CQ2,data_gap,"UI blank, DB=None",2026-07-07T22:32:11
보령,00123143,분기x별도,revenue,2005 CQ3,data_gap,"UI blank, DB=None",2026-07-07T22:32:11
보령,00123143,분기x별도,operating_income,2005 CQ2,data_gap,"UI blank, DB=None",2026-07-07T22:32:11
보령,00123143,분기x별도,operating_income,2005 CQ3,data_gap,"UI blank, DB=None",2026-07-07T22:32:11
보해양조,00123541,분기x연결,revenue,2011 CQ2,data_gap,"UI blank, DB=None",2026-07-07T22:32:36
보해양조,00123541,분기x연결,revenue,2011 CQ3,data_gap,"UI blank, DB=None",2026-07-07T22:32:36
보해양조,00123541,분기x연결,revenue,2011 CQ4,data_gap,"UI blank, DB=None",2026-07-07T22:32:36
보해양조,00123541,분기x연결,operating_income,2011 CQ2,data_gap,"UI blank, DB=None",2026-07-07T22:32:36
보해양조,00123541,분기x연결,operating_income,2011 CQ3,data_gap,"UI blank, DB=None",2026-07-07T22:32:36
보해양조,00123541,분기x연결,operating_income,2011 CQ4,data_gap,"UI blank, DB=None",2026-07-07T22:32:36
부광약품,00123718,분기x연결,revenue,2012 CQ3,data_gap,"UI blank, DB=None",2026-07-07T22:33:08
부광약품,00123718,분기x연결,revenue,2012 CQ4,data_gap,"UI blank, DB=None",2026-07-07T22:33:08
부광약품,00123718,분기x연결,operating_income,2012 CQ3,data_gap,"UI blank, DB=None",2026-07-07T22:33:08
부광약품,00123718,분기x연결,operating_income,2012 CQ4,data_gap,"UI blank, DB=None",2026-07-07T22:33:08
부국철강,00123781,연간x연결,revenue,2000,data_gap,"UI blank, DB=None",2026-07-07T22:34:01
부국철강,00123781,연간x연결,operating_income,2000,data_gap,"UI blank, DB=None",2026-07-07T22:34:01
부국철강,00123781,연간x별도,revenue,2000,data_gap,"UI blank, DB=None",2026-07-07T22:34:07
부국철강,00123781,연간x별도,operating_income,2000,data_gap,"UI blank, DB=None",2026-07-07T22:34:07
블루산업개발,00141404,연간x별도,operating_income,2003,data_gap,"UI blank, DB=None",2026-07-07T22:35:44
블루산업개발,00141404,연간x별도,operating_income,2004,data_gap,"UI blank, DB=None",2026-07-07T22:35:44
블루산업개발,00141404,연간x별도,operating_income,2005,data_gap,"UI blank, DB=None",2026-07-07T22:35:44
블루산업개발,00141404,연간x별도,operating_income,2006,data_gap,"UI blank, DB=None",2026-07-07T22:35:44
블루산업개발,00141404,분기x별도,operating_income,2004 CQ4,data_gap,"UI blank, DB=None",2026-07-07T22:35:58
블루산업개발,00141404,분기x별도,operating_income,2005 CQ4,data_gap,"UI blank, DB=None",2026-07-07T22:35:58
블루산업개발,00141404,분기x별도,operating_income,2006 CQ4,data_gap,"UI blank, DB=None",2026-07-07T22:35:58
비비안,00107677,분기x연결,revenue,2006 CQ3,data_gap,"UI blank, DB=None",2026-07-07T22:36:22
비비안,00107677,분기x연결,revenue,2006 CQ4,data_gap,"UI blank, DB=None",2026-07-07T22:36:22
비비안,00107677,분기x연결,revenue,2007 CQ1,data_gap,"UI blank, DB=None",2026-07-07T22:36:22
비비안,00107677,분기x연결,revenue,2007 CQ3,data_gap,"UI blank, DB=None",2026-07-07T22:36:22
비비안,00107677,분기x연결,revenue,2007 CQ4,data_gap,"UI blank, DB=None",2026-07-07T22:36:22
비비안,00107677,분기x연결,revenue,2011 CQ2,data_gap,"UI blank, DB=None",2026-07-07T22:36:22
비비안,00107677,분기x연결,revenue,2011 CQ3,data_gap,"UI blank, DB=None",2026-07-07T22:36:22
비비안,00107677,분기x연결,revenue,2011 CQ4,data_gap,"UI blank, DB=None",2026-07-07T22:36:22
비비안,00107677,분기x연결,operating_income,2011 CQ2,data_gap,"UI blank, DB=None",2026-07-07T22:36:22
비비안,00107677,분기x연결,operating_income,2011 CQ3,data_gap,"UI blank, DB=None",2026-07-07T22:36:22
비비안,00107677,분기x연결,operating_income,2011 CQ4,data_gap,"UI blank, DB=None",2026-07-07T22:36:22
비에이치,00447609,연간x별도,revenue,2005,data_gap,"UI blank, DB=None",2026-07-07T22:37:21
비에이치,00447609,연간x별도,operating_income,2005,data_gap,"UI blank, DB=None",2026-07-07T22:37:21
빙그레,00124726,연간x별도,revenue,2005,data_gap,"UI blank, DB=None",2026-07-07T22:37:53
빙그레,00124726,연간x별도,operating_income,2005,data_gap,"UI blank, DB=None",2026-07-07T22:37:53
사조대림,00109718,분기x연결,revenue,2011 CQ2,data_gap,"UI blank, DB=None",2026-07-07T22:38:31
사조대림,00109718,분기x연결,revenue,2011 CQ3,data_gap,"UI blank, DB=None",2026-07-07T22:38:31
사조대림,00109718,분기x연결,revenue,2011 CQ4,data_gap,"UI blank, DB=None",2026-07-07T22:38:31
사조대림,00109718,분기x연결,operating_income,2011 CQ2,data_gap,"UI blank, DB=None",2026-07-07T22:38:31
사조대림,00109718,분기x연결,operating_income,2011 CQ3,data_gap,"UI blank, DB=None",2026-07-07T22:38:31
사조대림,00109718,분기x연결,operating_income,2011 CQ4,data_gap,"UI blank, DB=None",2026-07-07T22:38:31
사조대림,00109718,분기x별도,revenue,2005 CQ4,data_gap,"UI blank, DB=None",2026-07-07T22:38:39
사조대림,00109718,분기x별도,revenue,2006 CQ1,data_gap,"UI blank, DB=None",2026-07-07T22:38:39
사조대림,00109718,분기x별도,revenue,2006 CQ4,data_gap,"UI blank, DB=None",2026-07-07T22:38:39
사조대림,00109718,분기x별도,revenue,2007 CQ4,data_gap,"UI blank, DB=None",2026-07-07T22:38:39
사조대림,00109718,분기x별도,operating_income,2005 CQ4,data_gap,"UI blank, DB=None",2026-07-07T22:38:39
사조대림,00109718,분기x별도,operating_income,2006 CQ1,data_gap,"UI blank, DB=None",2026-07-07T22:38:39
사조대림,00109718,분기x별도,operating_income,2006 CQ4,data_gap,"UI blank, DB=None",2026-07-07T22:38:39
사조대림,00109718,분기x별도,operating_income,2007 CQ4,data_gap,"UI blank, DB=None",2026-07-07T22:38:39
사조산업,00124799,연간x연결,revenue,2009,data_gap,"UI blank, DB=None",2026-07-07T22:39:25
사조산업,00124799,연간x연결,operating_income,2006,data_gap,"UI blank, DB=None",2026-07-07T22:39:25
사조산업,00124799,연간x연결,operating_income,2009,data_gap,"UI blank, DB=None",2026-07-07T22:39:25
사조산업,00124799,분기x별도,revenue,2005 CQ4,data_gap,"UI blank, DB=None",2026-07-07T22:39:43
사조산업,00124799,분기x별도,operating_income,2005 CQ4,data_gap,"UI blank, DB=None",2026-07-07T22:39:43
사조씨푸드,00124780,분기x연결,revenue,2011 CQ2,data_gap,"UI blank, DB=None",2026-07-07T22:40:08
사조씨푸드,00124780,분기x연결,revenue,2011 CQ3,data_gap,"UI blank, DB=None",2026-07-07T22:40:08
사조씨푸드,00124780,분기x연결,revenue,2011 CQ4,data_gap,"UI blank, DB=None",2026-07-07T22:40:08
사조씨푸드,00124780,분기x연결,operating_income,2011 CQ2,data_gap,"UI blank, DB=None",2026-07-07T22:40:08
사조씨푸드,00124780,분기x연결,operating_income,2011 CQ3,data_gap,"UI blank, DB=None",2026-07-07T22:40:08
사조씨푸드,00124780,분기x연결,operating_income,2011 CQ4,data_gap,"UI blank, DB=None",2026-07-07T22:40:08
사조오양,00141875,연간x연결,operating_income,2003,data_gap,"UI blank, DB=None",2026-07-07T22:40:29
사조오양,00141875,연간x연결,operating_income,2005,data_gap,"UI blank, DB=None",2026-07-07T22:40:29
사조오양,00141875,연간x연결,operating_income,2006,data_gap,"UI blank, DB=None",2026-07-07T22:40:29
사조오양,00141875,연간x연결,operating_income,2007,data_gap,"UI blank, DB=None",2026-07-07T22:40:29
사조오양,00141875,연간x별도,operating_income,2003,data_gap,"UI blank, DB=None",2026-07-07T22:40:34
사조오양,00141875,연간x별도,operating_income,2005,data_gap,"UI blank, DB=None",2026-07-07T22:40:34
사조오양,00141875,연간x별도,operating_income,2006,data_gap,"UI blank, DB=None",2026-07-07T22:40:34
사조오양,00141875,연간x별도,operating_income,2007,data_gap,"UI blank, DB=None",2026-07-07T22:40:34
사조오양,00141875,분기x별도,operating_income,2006 CQ1,data_gap,"UI blank, DB=None",2026-07-07T22:40:47
사조오양,00141875,분기x별도,operating_income,2006 CQ2,data_gap,"UI blank, DB=None",2026-07-07T22:40:47
사조오양,00141875,분기x별도,operating_income,2007 CQ1,data_gap,"UI blank, DB=None",2026-07-07T22:40:47
삼립,00125530,연간x별도,revenue,2004,data_gap,"UI blank, DB=None",2026-07-07T22:41:38
삼립,00125530,연간x별도,operating_income,2004,data_gap,"UI blank, DB=None",2026-07-07T22:41:38
삼부토건,00125974,분기x연결,revenue,2011 CQ2,data_gap,"UI blank, DB=None",2026-07-07T22:42:16
삼부토건,00125974,분기x연결,revenue,2011 CQ3,data_gap,"UI blank, DB=None",2026-07-07T22:42:16
삼부토건,00125974,분기x연결,revenue,2011 CQ4,data_gap,"UI blank, DB=None",2026-07-07T22:42:16
삼부토건,00125974,분기x연결,operating_income,2011 CQ2,data_gap,"UI blank, DB=None",2026-07-07T22:42:16
삼부토건,00125974,분기x연결,operating_income,2011 CQ3,data_gap,"UI blank, DB=None",2026-07-07T22:42:16
삼부토건,00125974,분기x연결,operating_income,2011 CQ4,data_gap,"UI blank, DB=None",2026-07-07T22:42:16
삼성공조,00126201,연간x연결,revenue,2009,data_gap,"UI blank, DB=None",2026-07-07T22:42:38
삼성공조,00126201,연간x연결,operating_income,2009,data_gap,"UI blank, DB=None",2026-07-07T22:42:38
삼성공조,00126201,분기x연결,revenue,2011 CQ2,data_gap,"UI blank, DB=None",2026-07-07T22:42:49
삼성공조,00126201,분기x연결,revenue,2011 CQ3,data_gap,"UI blank, DB=None",2026-07-07T22:42:49
삼성공조,00126201,분기x연결,revenue,2011 CQ4,data_gap,"UI blank, DB=None",2026-07-07T22:42:49
삼성공조,00126201,분기x연결,operating_income,2011 CQ2,data_gap,"UI blank, DB=None",2026-07-07T22:42:49
삼성공조,00126201,분기x연결,operating_income,2011 CQ3,data_gap,"UI blank, DB=None",2026-07-07T22:42:49
삼성공조,00126201,분기x연결,operating_income,2011 CQ4,data_gap,"UI blank, DB=None",2026-07-07T22:42:49
삼성공조,00126201,분기x별도,operating_income,2007 CQ1,data_gap,"UI blank, DB=None",2026-07-07T22:42:56
삼성공조,00126201,분기x별도,operating_income,2007 CQ2,data_gap,"UI blank, DB=None",2026-07-07T22:42:56
삼성생명,00126256,분기x연결,revenue,2011 CQ1,data_gap,"UI blank, DB=None",2026-07-07T22:44:27
삼성생명,00126256,분기x연결,revenue,2014 CQ1,data_gap,"UI blank, DB=None",2026-07-07T22:44:27
삼성생명,00126256,분기x연결,revenue,2014 CQ2,data_gap,"UI blank, DB=None",2026-07-07T22:44:27
삼성생명,00126256,분기x연결,operating_income,2011 CQ1,data_gap,"UI blank, DB=None",2026-07-07T22:44:27
삼성생명,00126256,분기x연결,operating_income,2014 CQ1,data_gap,"UI blank, DB=None",2026-07-07T22:44:27
삼성생명,00126256,분기x연결,operating_income,2014 CQ2,data_gap,"UI blank, DB=None",2026-07-07T22:44:27
삼성생명,00126256,분기x별도,revenue,2007 CQ4,data_gap,"UI blank, DB=None",2026-07-07T22:44:34
삼성생명,00126256,분기x별도,operating_income,2007 CQ4,data_gap,"UI blank, DB=None",2026-07-07T22:44:34
삼성생명,00126256,분기x별도,operating_income,2011 CQ2,data_gap,"UI blank, DB=None",2026-07-07T22:44:34
삼성생명,00126256,분기x별도,operating_income,2011 CQ3,data_gap,"UI blank, DB=None",2026-07-07T22:44:34
삼성생명,00126256,분기x별도,operating_income,2011 CQ4,data_gap,"UI blank, DB=None",2026-07-07T22:44:34
삼성전기,00126371,연간x연결,revenue,2008,data_gap,"UI blank, DB=None",2026-07-07T22:45:46
삼성전기,00126371,연간x연결,operating_income,2008,data_gap,"UI blank, DB=None",2026-07-07T22:45:46
삼성제약,00126414,연간x별도,operating_income,2000,data_gap,"UI blank, DB=None",2026-07-07T22:46:23
삼성제약,00126414,분기x별도,revenue,2005 CQ3,data_gap,"UI blank, DB=None",2026-07-07T22:46:37
삼성제약,00126414,분기x별도,revenue,2006 CQ2,data_gap,"UI blank, DB=None",2026-07-07T22:46:37
삼성제약,00126414,분기x별도,revenue,2006 CQ3,data_gap,"UI blank, DB=None",2026-07-07T22:46:37
삼성제약,00126414,분기x별도,operating_income,2005 CQ3,data_gap,"UI blank, DB=None",2026-07-07T22:46:37
삼성제약,00126414,분기x별도,operating_income,2006 CQ2,data_gap,"UI blank, DB=None",2026-07-07T22:46:37
삼성제약,00126414,분기x별도,operating_income,2006 CQ3,data_gap,"UI blank, DB=None",2026-07-07T22:46:37
삼성증권,00104856,연간x연결,revenue,2008,data_gap,"UI blank, DB=None",2026-07-07T22:47:24
삼성증권,00104856,연간x연결,operating_income,2008,data_gap,"UI blank, DB=None",2026-07-07T22:47:24
삼성증권,00104856,연간x별도,revenue,2003,data_gap,"UI blank, DB=None",2026-07-07T22:47:29
삼성증권,00104856,연간x별도,revenue,2021,data_gap,"UI blank, DB=None",2026-07-07T22:47:29
삼성증권,00104856,연간x별도,revenue,2022,data_gap,"UI blank, DB=None",2026-07-07T22:47:29
삼성증권,00104856,연간x별도,operating_income,2003,data_gap,"UI blank, DB=None",2026-07-07T22:47:29
삼성증권,00104856,연간x별도,operating_income,2021,data_gap,"UI blank, DB=None",2026-07-07T22:47:29
삼성증권,00104856,연간x별도,operating_income,2022,data_gap,"UI blank, DB=None",2026-07-07T22:47:29
삼성증권,00104856,분기x연결,revenue,2005 CQ3,data_gap,"UI blank, DB=None",2026-07-07T22:47:35
삼성증권,00104856,분기x연결,revenue,2006 CQ3,data_gap,"UI blank, DB=None",2026-07-07T22:47:35
삼성증권,00104856,분기x연결,revenue,2008 CQ4,data_gap,"UI blank, DB=None",2026-07-07T22:47:35
삼성증권,00104856,분기x연결,revenue,2013 CQ1,data_gap,"UI blank, DB=None",2026-07-07T22:47:35
삼성증권,00104856,분기x연결,revenue,2013 CQ2,data_gap,"UI blank, DB=None",2026-07-07T22:47:35
삼성증권,00104856,분기x연결,revenue,2013 CQ3,data_gap,"UI blank, DB=None",2026-07-07T22:47:35
삼성증권,00104856,분기x연결,operating_income,2005 CQ3,data_gap,"UI blank, DB=None",2026-07-07T22:47:35
삼성증권,00104856,분기x연결,operating_income,2006 CQ3,data_gap,"UI blank, DB=None",2026-07-07T22:47:35
삼성증권,00104856,분기x연결,operating_income,2008 CQ4,data_gap,"UI blank, DB=None",2026-07-07T22:47:35
삼성증권,00104856,분기x연결,operating_income,2010 CQ1,data_gap,"UI blank, DB=None",2026-07-07T22:47:35
삼성증권,00104856,분기x연결,operating_income,2010 CQ3,data_gap,"UI blank, DB=None",2026-07-07T22:47:35
삼성증권,00104856,분기x연결,operating_income,2011 CQ4,data_gap,"UI blank, DB=None",2026-07-07T22:47:35
삼성증권,00104856,분기x연결,operating_income,2012 CQ1,data_gap,"UI blank, DB=None",2026-07-07T22:47:35
삼성증권,00104856,분기x연결,operating_income,2013 CQ1,data_gap,"UI blank, DB=None",2026-07-07T22:47:35
삼성증권,00104856,분기x연결,operating_income,2013 CQ2,data_gap,"UI blank, DB=None",2026-07-07T22:47:35
삼성증권,00104856,분기x연결,operating_income,2013 CQ3,data_gap,"UI blank, DB=None",2026-07-07T22:47:35
삼성증권,00104856,분기x별도,revenue,2005 CQ2,data_gap,"UI blank, DB=None",2026-07-07T22:47:43
삼성증권,00104856,분기x별도,revenue,2013 CQ1,data_gap,"UI blank, DB=None",2026-07-07T22:47:43
삼성증권,00104856,분기x별도,revenue,2013 CQ2,data_gap,"UI blank, DB=None",2026-07-07T22:47:43
삼성증권,00104856,분기x별도,revenue,2013 CQ3,data_gap,"UI blank, DB=None",2026-07-07T22:47:43
삼성증권,00104856,분기x별도,revenue,2021 CQ2,data_gap,"UI blank, DB=None",2026-07-07T22:47:43
삼성증권,00104856,분기x별도,revenue,2021 CQ3,data_gap,"UI blank, DB=None",2026-07-07T22:47:43
삼성증권,00104856,분기x별도,revenue,2021 CQ4,data_gap,"UI blank, DB=None",2026-07-07T22:47:43
삼성증권,00104856,분기x별도,revenue,2022 CQ1,data_gap,"UI blank, DB=None",2026-07-07T22:47:43
삼성증권,00104856,분기x별도,revenue,2022 CQ2,data_gap,"UI blank, DB=None",2026-07-07T22:47:43
삼성증권,00104856,분기x별도,revenue,2022 CQ3,data_gap,"UI blank, DB=None",2026-07-07T22:47:43
삼성증권,00104856,분기x별도,revenue,2022 CQ4,data_gap,"UI blank, DB=None",2026-07-07T22:47:43
삼성증권,00104856,분기x별도,revenue,2023 CQ1,data_gap,"UI blank, DB=None",2026-07-07T22:47:43
삼성증권,00104856,분기x별도,revenue,2023 CQ2,data_gap,"UI blank, DB=None",2026-07-07T22:47:43
삼성증권,00104856,분기x별도,revenue,2023 CQ3,data_gap,"UI blank, DB=None",2026-07-07T22:47:43
삼성증권,00104856,분기x별도,operating_income,2005 CQ2,data_gap,"UI blank, DB=None",2026-07-07T22:47:43
삼성증권,00104856,분기x별도,operating_income,2011 CQ4,data_gap,"UI blank, DB=None",2026-07-07T22:47:43
삼성증권,00104856,분기x별도,operating_income,2012 CQ1,data_gap,"UI blank, DB=None",2026-07-07T22:47:43
삼성증권,00104856,분기x별도,operating_income,2013 CQ1,data_gap,"UI blank, DB=None",2026-07-07T22:47:43
삼성증권,00104856,분기x별도,operating_income,2013 CQ2,data_gap,"UI blank, DB=None",2026-07-07T22:47:43
삼성증권,00104856,분기x별도,operating_income,2013 CQ3,data_gap,"UI blank, DB=None",2026-07-07T22:47:43
삼성증권,00104856,분기x별도,operating_income,2021 CQ2,data_gap,"UI blank, DB=None",2026-07-07T22:47:43
삼성증권,00104856,분기x별도,operating_income,2021 CQ3,data_gap,"UI blank, DB=None",2026-07-07T22:47:43
삼성증권,00104856,분기x별도,operating_income,2021 CQ4,data_gap,"UI blank, DB=None",2026-07-07T22:47:43
삼성증권,00104856,분기x별도,operating_income,2022 CQ1,data_gap,"UI blank, DB=None",2026-07-07T22:47:43
삼성증권,00104856,분기x별도,operating_income,2022 CQ2,data_gap,"UI blank, DB=None",2026-07-07T22:47:43
삼성증권,00104856,분기x별도,operating_income,2022 CQ3,data_gap,"UI blank, DB=None",2026-07-07T22:47:43
삼성증권,00104856,분기x별도,operating_income,2022 CQ4,data_gap,"UI blank, DB=None",2026-07-07T22:47:43
삼성증권,00104856,분기x별도,operating_income,2023 CQ1,data_gap,"UI blank, DB=None",2026-07-07T22:47:43
삼성증권,00104856,분기x별도,operating_income,2023 CQ2,data_gap,"UI blank, DB=None",2026-07-07T22:47:43
삼성증권,00104856,분기x별도,operating_income,2023 CQ3,data_gap,"UI blank, DB=None",2026-07-07T22:47:43
삼성출판사,00423690,분기x연결,revenue,2011 CQ2,data_gap,"UI blank, DB=None",2026-07-07T22:48:08
삼성출판사,00423690,분기x연결,revenue,2011 CQ3,data_gap,"UI blank, DB=None",2026-07-07T22:48:08
삼성출판사,00423690,분기x연결,revenue,2011 CQ4,data_gap,"UI blank, DB=None",2026-07-07T22:48:08
삼성출판사,00423690,분기x연결,operating_income,2011 CQ2,data_gap,"UI blank, DB=None",2026-07-07T22:48:08
삼성출판사,00423690,분기x연결,operating_income,2011 CQ3,data_gap,"UI blank, DB=None",2026-07-07T22:48:08
삼성출판사,00423690,분기x연결,operating_income,2011 CQ4,data_gap,"UI blank, DB=None",2026-07-07T22:48:08
삼성카드,00126292,연간x연결,revenue,2010,data_gap,"UI blank, DB=None",2026-07-07T22:48:30
삼성카드,00126292,연간x연결,revenue,2018,data_gap,"UI blank, DB=None",2026-07-07T22:48:30
삼성카드,00126292,연간x연결,revenue,2020,data_gap,"UI blank, DB=None",2026-07-07T22:48:30
삼성카드,00126292,연간x연결,operating_income,2018,data_gap,"UI blank, DB=None",2026-07-07T22:48:30
삼성카드,00126292,연간x연결,operating_income,2020,data_gap,"UI blank, DB=None",2026-07-07T22:48:30
삼성카드,00126292,연간x별도,revenue,2002,data_gap,"UI blank, DB=None",2026-07-07T22:48:35
삼성카드,00126292,연간x별도,revenue,2005,data_gap,"UI blank, DB=None",2026-07-07T22:48:35
삼성카드,00126292,연간x별도,revenue,2013,data_gap,"UI blank, DB=None",2026-07-07T22:48:35
삼성카드,00126292,연간x별도,revenue,2018,data_gap,"UI blank, DB=None",2026-07-07T22:48:35
삼성카드,00126292,연간x별도,revenue,2020,data_gap,"UI blank, DB=None",2026-07-07T22:48:35
삼성카드,00126292,연간x별도,operating_income,2002,data_gap,"UI blank, DB=None",2026-07-07T22:48:35
삼성카드,00126292,연간x별도,operating_income,2005,data_gap,"UI blank, DB=None",2026-07-07T22:48:35
삼성카드,00126292,연간x별도,operating_income,2011,data_gap,"UI blank, DB=None",2026-07-07T22:48:35
삼성카드,00126292,연간x별도,operating_income,2013,data_gap,"UI blank, DB=None",2026-07-07T22:48:35
삼성카드,00126292,연간x별도,operating_income,2018,data_gap,"UI blank, DB=None",2026-07-07T22:48:35
삼성카드,00126292,연간x별도,operating_income,2020,data_gap,"UI blank, DB=None",2026-07-07T22:48:35
삼성카드,00126292,분기x별도,revenue,2002 CQ4,data_gap,"UI blank, DB=None",2026-07-07T22:48:49
삼성카드,00126292,분기x별도,revenue,2006 CQ1,data_gap,"UI blank, DB=None",2026-07-07T22:48:49
삼성카드,00126292,분기x별도,revenue,2006 CQ2,data_gap,"UI blank, DB=None",2026-07-07T22:48:49
삼성카드,00126292,분기x별도,revenue,2012 CQ1,data_gap,"UI blank, DB=None",2026-07-07T22:48:49
삼성카드,00126292,분기x별도,revenue,2012 CQ2,data_gap,"UI blank, DB=None",2026-07-07T22:48:49
삼성카드,00126292,분기x별도,revenue,2012 CQ3,data_gap,"UI blank, DB=None",2026-07-07T22:48:49
삼성카드,00126292,분기x별도,revenue,2012 CQ4,data_gap,"UI blank, DB=None",2026-07-07T22:48:49
삼성카드,00126292,분기x별도,operating_income,2002 CQ4,data_gap,"UI blank, DB=None",2026-07-07T22:48:49
삼성카드,00126292,분기x별도,operating_income,2005 CQ2,data_gap,"UI blank, DB=None",2026-07-07T22:48:49
삼성카드,00126292,분기x별도,operating_income,2005 CQ3,data_gap,"UI blank, DB=None",2026-07-07T22:48:49
삼성카드,00126292,분기x별도,operating_income,2006 CQ1,data_gap,"UI blank, DB=None",2026-07-07T22:48:49
삼성카드,00126292,분기x별도,operating_income,2006 CQ2,data_gap,"UI blank, DB=None",2026-07-07T22:48:49
삼성카드,00126292,분기x별도,operating_income,2011 CQ1,data_gap,"UI blank, DB=None",2026-07-07T22:48:49
삼성카드,00126292,분기x별도,operating_income,2011 CQ2,data_gap,"UI blank, DB=None",2026-07-07T22:48:49
삼성카드,00126292,분기x별도,operating_income,2011 CQ3,data_gap,"UI blank, DB=None",2026-07-07T22:48:49
삼성카드,00126292,분기x별도,operating_income,2011 CQ4,data_gap,"UI blank, DB=None",2026-07-07T22:48:49
삼성카드,00126292,분기x별도,operating_income,2012 CQ1,data_gap,"UI blank, DB=None",2026-07-07T22:48:49
삼성카드,00126292,분기x별도,operating_income,2012 CQ2,data_gap,"UI blank, DB=None",2026-07-07T22:48:49
삼성카드,00126292,분기x별도,operating_income,2012 CQ3,data_gap,"UI blank, DB=None",2026-07-07T22:48:49
삼성카드,00126292,분기x별도,operating_income,2012 CQ4,data_gap,"UI blank, DB=None",2026-07-07T22:48:49
삼성화재해상보험,00139214,연간x연결,operating_income,2012,data_gap,"UI blank, DB=None",2026-07-07T22:49:03
삼성화재해상보험,00139214,연간x연결,operating_income,2020,data_gap,"UI blank, DB=None",2026-07-07T22:49:03
삼성화재해상보험,00139214,연간x연결,operating_income,2021,data_gap,"UI blank, DB=None",2026-07-07T22:49:03
삼성화재해상보험,00139214,연간x연결,operating_income,2022,data_gap,"UI blank, DB=None",2026-07-07T22:49:03
삼성화재해상보험,00139214,연간x별도,revenue,2018,data_gap,"UI blank, DB=None",2026-07-07T22:49:08
삼성화재해상보험,00139214,연간x별도,operating_income,2012,data_gap,"UI blank, DB=None",2026-07-07T22:49:08
삼성화재해상보험,00139214,연간x별도,operating_income,2013,data_gap,"UI blank, DB=None",2026-07-07T22:49:08
삼성화재해상보험,00139214,연간x별도,operating_income,2014,data_gap,"UI blank, DB=None",2026-07-07T22:49:08
삼성화재해상보험,00139214,연간x별도,operating_income,2015,data_gap,"UI blank, DB=None",2026-07-07T22:49:08
삼성화재해상보험,00139214,연간x별도,operating_income,2016,data_gap,"UI blank, DB=None",2026-07-07T22:49:08
삼성화재해상보험,00139214,연간x별도,operating_income,2017,data_gap,"UI blank, DB=None",2026-07-07T22:49:08
삼성화재해상보험,00139214,연간x별도,operating_income,2018,data_gap,"UI blank, DB=None",2026-07-07T22:49:08
삼성화재해상보험,00139214,연간x별도,operating_income,2019,data_gap,"UI blank, DB=None",2026-07-07T22:49:08
삼성화재해상보험,00139214,연간x별도,operating_income,2020,data_gap,"UI blank, DB=None",2026-07-07T22:49:08
삼성화재해상보험,00139214,연간x별도,operating_income,2021,data_gap,"UI blank, DB=None",2026-07-07T22:49:08
삼성화재해상보험,00139214,연간x별도,operating_income,2022,data_gap,"UI blank, DB=None",2026-07-07T22:49:08
삼성화재해상보험,00139214,분기x연결,operating_income,2012 CQ1,data_gap,"UI blank, DB=None",2026-07-07T22:49:14
삼성화재해상보험,00139214,분기x연결,operating_income,2019 CQ2,data_gap,"UI blank, DB=None",2026-07-07T22:49:14
삼성화재해상보험,00139214,분기x연결,operating_income,2019 CQ3,data_gap,"UI blank, DB=None",2026-07-07T22:49:14
삼성화재해상보험,00139214,분기x연결,operating_income,2019 CQ4,data_gap,"UI blank, DB=None",2026-07-07T22:49:14
삼성화재해상보험,00139214,분기x연결,operating_income,2020 CQ2,data_gap,"UI blank, DB=None",2026-07-07T22:49:14
삼성화재해상보험,00139214,분기x연결,operating_income,2020 CQ3,data_gap,"UI blank, DB=None",2026-07-07T22:49:14
삼성화재해상보험,00139214,분기x연결,operating_income,2020 CQ4,data_gap,"UI blank, DB=None",2026-07-07T22:49:14
삼성화재해상보험,00139214,분기x연결,operating_income,2021 CQ1,data_gap,"UI blank, DB=None",2026-07-07T22:49:14
삼성화재해상보험,00139214,분기x연결,operating_income,2021 CQ2,data_gap,"UI blank, DB=None",2026-07-07T22:49:14
삼성화재해상보험,00139214,분기x연결,operating_income,2021 CQ3,data_gap,"UI blank, DB=None",2026-07-07T22:49:14
삼성화재해상보험,00139214,분기x연결,operating_income,2021 CQ4,data_gap,"UI blank, DB=None",2026-07-07T22:49:14
삼성화재해상보험,00139214,분기x연결,operating_income,2022 CQ2,data_gap,"UI blank, DB=None",2026-07-07T22:49:14
삼성화재해상보험,00139214,분기x연결,operating_income,2022 CQ3,data_gap,"UI blank, DB=None",2026-07-07T22:49:14
삼성화재해상보험,00139214,분기x연결,operating_income,2022 CQ4,data_gap,"UI blank, DB=None",2026-07-07T22:49:14
삼성화재해상보험,00139214,분기x연결,operating_income,2023 CQ1,data_gap,"UI blank, DB=None",2026-07-07T22:49:14
삼성화재해상보험,00139214,분기x연결,operating_income,2023 CQ2,data_gap,"UI blank, DB=None",2026-07-07T22:49:14
삼성화재해상보험,00139214,분기x연결,operating_income,2023 CQ3,data_gap,"UI blank, DB=None",2026-07-07T22:49:14
삼성화재해상보험,00139214,분기x별도,revenue,2018 CQ4,data_gap,"UI blank, DB=None",2026-07-07T22:49:22
삼성화재해상보험,00139214,분기x별도,operating_income,2012 CQ1,data_gap,"UI blank, DB=None",2026-07-07T22:49:22
삼성화재해상보험,00139214,분기x별도,operating_income,2012 CQ3,data_gap,"UI blank, DB=None",2026-07-07T22:49:22
삼성화재해상보험,00139214,분기x별도,operating_income,2012 CQ4,data_gap,"UI blank, DB=None",2026-07-07T22:49:22
삼성화재해상보험,00139214,분기x별도,operating_income,2013 CQ1,data_gap,"UI blank, DB=None",2026-07-07T22:49:22
삼성화재해상보험,00139214,분기x별도,operating_income,2014 CQ1,data_gap,"UI blank, DB=None",2026-07-07T22:49:22
삼성화재해상보험,00139214,분기x별도,operating_income,2014 CQ2,data_gap,"UI blank, DB=None",2026-07-07T22:49:22
삼성화재해상보험,00139214,분기x별도,operating_income,2014 CQ3,data_gap,"UI blank, DB=None",2026-07-07T22:49:22
삼성화재해상보험,00139214,분기x별도,operating_income,2014 CQ4,data_gap,"UI blank, DB=None",2026-07-07T22:49:22
삼성화재해상보험,00139214,분기x별도,operating_income,2015 CQ1,data_gap,"UI blank, DB=None",2026-07-07T22:49:22
삼성화재해상보험,00139214,분기x별도,operating_income,2015 CQ2,data_gap,"UI blank, DB=None",2026-07-07T22:49:22
삼성화재해상보험,00139214,분기x별도,operating_income,2015 CQ3,data_gap,"UI blank, DB=None",2026-07-07T22:49:22
삼성화재해상보험,00139214,분기x별도,operating_income,2015 CQ4,data_gap,"UI blank, DB=None",2026-07-07T22:49:22
삼성화재해상보험,00139214,분기x별도,operating_income,2016 CQ1,data_gap,"UI blank, DB=None",2026-07-07T22:49:22
삼성화재해상보험,00139214,분기x별도,operating_income,2016 CQ2,data_gap,"UI blank, DB=None",2026-07-07T22:49:22
삼성화재해상보험,00139214,분기x별도,operating_income,2016 CQ3,data_gap,"UI blank, DB=None",2026-07-07T22:49:22
삼성화재해상보험,00139214,분기x별도,operating_income,2016 CQ4,data_gap,"UI blank, DB=None",2026-07-07T22:49:22
삼성화재해상보험,00139214,분기x별도,operating_income,2017 CQ1,data_gap,"UI blank, DB=None",2026-07-07T22:49:22
삼성화재해상보험,00139214,분기x별도,operating_income,2017 CQ2,data_gap,"UI blank, DB=None",2026-07-07T22:49:22
삼성화재해상보험,00139214,분기x별도,operating_income,2017 CQ3,data_gap,"UI blank, DB=None",2026-07-07T22:49:22
삼성화재해상보험,00139214,분기x별도,operating_income,2017 CQ4,data_gap,"UI blank, DB=None",2026-07-07T22:49:22
삼성화재해상보험,00139214,분기x별도,operating_income,2018 CQ1,data_gap,"UI blank, DB=None",2026-07-07T22:49:22
삼성화재해상보험,00139214,분기x별도,operating_income,2018 CQ4,data_gap,"UI blank, DB=None",2026-07-07T22:49:22
삼성화재해상보험,00139214,분기x별도,operating_income,2019 CQ3,data_gap,"UI blank, DB=None",2026-07-07T22:49:22
삼성화재해상보험,00139214,분기x별도,operating_income,2019 CQ4,data_gap,"UI blank, DB=None",2026-07-07T22:49:22
삼성화재해상보험,00139214,분기x별도,operating_income,2020 CQ1,data_gap,"UI blank, DB=None",2026-07-07T22:49:22
삼성화재해상보험,00139214,분기x별도,operating_income,2020 CQ2,data_gap,"UI blank, DB=None",2026-07-07T22:49:22
삼성화재해상보험,00139214,분기x별도,operating_income,2020 CQ3,data_gap,"UI blank, DB=None",2026-07-07T22:49:22
삼성화재해상보험,00139214,분기x별도,operating_income,2020 CQ4,data_gap,"UI blank, DB=None",2026-07-07T22:49:22
삼성화재해상보험,00139214,분기x별도,operating_income,2021 CQ1,data_gap,"UI blank, DB=None",2026-07-07T22:49:22
삼성화재해상보험,00139214,분기x별도,operating_income,2021 CQ2,data_gap,"UI blank, DB=None",2026-07-07T22:49:22
삼성화재해상보험,00139214,분기x별도,operating_income,2021 CQ3,data_gap,"UI blank, DB=None",2026-07-07T22:49:22
삼성화재해상보험,00139214,분기x별도,operating_income,2021 CQ4,data_gap,"UI blank, DB=None",2026-07-07T22:49:22
삼성화재해상보험,00139214,분기x별도,operating_income,2022 CQ1,data_gap,"UI blank, DB=None",2026-07-07T22:49:22
삼성화재해상보험,00139214,분기x별도,operating_income,2022 CQ2,data_gap,"UI blank, DB=None",2026-07-07T22:49:22
삼성화재해상보험,00139214,분기x별도,operating_income,2022 CQ3,data_gap,"UI blank, DB=None",2026-07-07T22:49:22
삼성화재해상보험,00139214,분기x별도,operating_income,2022 CQ4,data_gap,"UI blank, DB=None",2026-07-07T22:49:22
삼성화재해상보험,00139214,분기x별도,operating_income,2023 CQ1,data_gap,"UI blank, DB=None",2026-07-07T22:49:22
삼성화재해상보험,00139214,분기x별도,operating_income,2023 CQ2,data_gap,"UI blank, DB=None",2026-07-07T22:49:22
삼성화재해상보험,00139214,분기x별도,operating_income,2023 CQ3,data_gap,"UI blank, DB=None",2026-07-07T22:49:22
삼아알미늄,00126779,분기x별도,operating_income,2005 CQ2,data_gap,"UI blank, DB=None",2026-07-07T22:49:55
삼아알미늄,00126779,분기x별도,operating_income,2005 CQ3,data_gap,"UI blank, DB=None",2026-07-07T22:49:55
삼아알미늄,00126779,분기x별도,operating_income,2006 CQ1,data_gap,"UI blank, DB=None",2026-07-07T22:49:55
삼아알미늄,00126779,분기x별도,operating_income,2006 CQ2,data_gap,"UI blank, DB=None",2026-07-07T22:49:55
삼아알미늄,00126779,분기x별도,operating_income,2006 CQ3,data_gap,"UI blank, DB=None",2026-07-07T22:49:55
삼아알미늄,00126779,분기x별도,operating_income,2006 CQ4,data_gap,"UI blank, DB=None",2026-07-07T22:49:55
삼아알미늄,00126779,분기x별도,operating_income,2007 CQ1,data_gap,"UI blank, DB=None",2026-07-07T22:49:55
삼아알미늄,00126779,분기x별도,operating_income,2007 CQ2,data_gap,"UI blank, DB=None",2026-07-07T22:49:55
삼양홀딩스,00126937,연간x별도,revenue,2024,data_gap,"UI blank, DB=None",2026-07-07T22:52:17
삼양홀딩스,00126937,분기x별도,revenue,2024 CQ4,data_gap,"UI blank, DB=None",2026-07-07T22:52:31
삼영,00127255,분기x연결,revenue,2011 CQ3,data_gap,"UI blank, DB=None",2026-07-07T22:52:56
삼영,00127255,분기x연결,revenue,2011 CQ4,data_gap,"UI blank, DB=None",2026-07-07T22:52:56
삼영,00127255,분기x연결,operating_income,2011 CQ3,data_gap,"UI blank, DB=None",2026-07-07T22:52:56
삼영,00127255,분기x연결,operating_income,2011 CQ4,data_gap,"UI blank, DB=None",2026-07-07T22:52:56
삼영,00127255,분기x별도,revenue,2005 CQ4,data_gap,"UI blank, DB=None",2026-07-07T22:53:04
삼영,00127255,분기x별도,revenue,2006 CQ1,data_gap,"UI blank, DB=None",2026-07-07T22:53:04
삼영,00127255,분기x별도,revenue,2006 CQ2,data_gap,"UI blank, DB=None",2026-07-07T22:53:04
삼영,00127255,분기x별도,revenue,2006 CQ3,data_gap,"UI blank, DB=None",2026-07-07T22:53:04
삼영,00127255,분기x별도,operating_income,2005 CQ4,data_gap,"UI blank, DB=None",2026-07-07T22:53:04
삼영,00127255,분기x별도,operating_income,2006 CQ1,data_gap,"UI blank, DB=None",2026-07-07T22:53:04
삼영,00127255,분기x별도,operating_income,2006 CQ2,data_gap,"UI blank, DB=None",2026-07-07T22:53:04
삼영,00127255,분기x별도,operating_income,2006 CQ3,data_gap,"UI blank, DB=None",2026-07-07T22:53:04
삼영무역,00127167,연간x연결,revenue,2009,data_gap,"UI blank, DB=None",2026-07-07T22:53:17
삼영무역,00127167,연간x연결,operating_income,2009,data_gap,"UI blank, DB=None",2026-07-07T22:53:17
삼영전자공업,00127200,분기x연결,revenue,2011 CQ2,data_gap,"UI blank, DB=None",2026-07-07T22:54:01
삼영전자공업,00127200,분기x연결,revenue,2011 CQ3,data_gap,"UI blank, DB=None",2026-07-07T22:54:01
삼영전자공업,00127200,분기x연결,revenue,2011 CQ4,data_gap,"UI blank, DB=None",2026-07-07T22:54:01
삼영전자공업,00127200,분기x연결,operating_income,2011 CQ2,data_gap,"UI blank, DB=None",2026-07-07T22:54:01
삼영전자공업,00127200,분기x연결,operating_income,2011 CQ3,data_gap,"UI blank, DB=None",2026-07-07T22:54:01
삼영전자공업,00127200,분기x연결,operating_income,2011 CQ4,data_gap,"UI blank, DB=None",2026-07-07T22:54:01
삼영전자공업,00127200,분기x별도,revenue,2005 CQ4,data_gap,"UI blank, DB=None",2026-07-07T22:54:09
삼영전자공업,00127200,분기x별도,revenue,2006 CQ2,data_gap,"UI blank, DB=None",2026-07-07T22:54:09
삼영전자공업,00127200,분기x별도,revenue,2006 CQ3,data_gap,"UI blank, DB=None",2026-07-07T22:54:09
삼영전자공업,00127200,분기x별도,operating_income,2005 CQ4,data_gap,"UI blank, DB=None",2026-07-07T22:54:09
삼영전자공업,00127200,분기x별도,operating_income,2006 CQ2,data_gap,"UI blank, DB=None",2026-07-07T22:54:09
삼영전자공업,00127200,분기x별도,operating_income,2006 CQ3,data_gap,"UI blank, DB=None",2026-07-07T22:54:09
삼익악기,00127857,분기x연결,revenue,2011 CQ2,data_gap,"UI blank, DB=None",2026-07-07T22:55:04
삼익악기,00127857,분기x연결,revenue,2011 CQ3,data_gap,"UI blank, DB=None",2026-07-07T22:55:04
삼익악기,00127857,분기x연결,revenue,2011 CQ4,data_gap,"UI blank, DB=None",2026-07-07T22:55:04
삼익악기,00127857,분기x연결,operating_income,2011 CQ2,data_gap,"UI blank, DB=None",2026-07-07T22:55:04
삼익악기,00127857,분기x연결,operating_income,2011 CQ3,data_gap,"UI blank, DB=None",2026-07-07T22:55:04
삼익악기,00127857,분기x연결,operating_income,2011 CQ4,data_gap,"UI blank, DB=None",2026-07-07T22:55:04
삼익악기,00127857,분기x별도,revenue,2006 CQ1,data_gap,"UI blank, DB=None",2026-07-07T22:55:11
삼익악기,00127857,분기x별도,revenue,2006 CQ2,data_gap,"UI blank, DB=None",2026-07-07T22:55:11
삼익악기,00127857,분기x별도,operating_income,2006 CQ1,data_gap,"UI blank, DB=None",2026-07-07T22:55:11
삼익악기,00127857,분기x별도,operating_income,2006 CQ2,data_gap,"UI blank, DB=None",2026-07-07T22:55:11
삼일씨엔에스,00109806,분기x별도,revenue,2014 CQ2,data_gap,"UI blank, DB=None",2026-07-07T22:55:41
삼일씨엔에스,00109806,분기x별도,revenue,2014 CQ3,data_gap,"UI blank, DB=None",2026-07-07T22:55:41
삼일씨엔에스,00109806,분기x별도,revenue,2014 CQ4,data_gap,"UI blank, DB=None",2026-07-07T22:55:41
삼일씨엔에스,00109806,분기x별도,operating_income,2014 CQ2,data_gap,"UI blank, DB=None",2026-07-07T22:55:41
삼일씨엔에스,00109806,분기x별도,operating_income,2014 CQ3,data_gap,"UI blank, DB=None",2026-07-07T22:55:41
삼일씨엔에스,00109806,분기x별도,operating_income,2014 CQ4,data_gap,"UI blank, DB=None",2026-07-07T22:55:41
삼천리,00128555,분기x연결,revenue,2011 CQ2,data_gap,"UI blank, DB=None",2026-07-07T22:57:38
삼천리,00128555,분기x연결,revenue,2011 CQ3,data_gap,"UI blank, DB=None",2026-07-07T22:57:38
삼천리,00128555,분기x연결,revenue,2011 CQ4,data_gap,"UI blank, DB=None",2026-07-07T22:57:38
삼천리,00128555,분기x연결,operating_income,2011 CQ2,data_gap,"UI blank, DB=None",2026-07-07T22:57:38
삼천리,00128555,분기x연결,operating_income,2011 CQ3,data_gap,"UI blank, DB=None",2026-07-07T22:57:38
삼천리,00128555,분기x연결,operating_income,2011 CQ4,data_gap,"UI blank, DB=None",2026-07-07T22:57:38
삼호개발,00128980,연간x별도,revenue,2006,data_gap,"UI blank, DB=None",2026-07-07T22:58:04
삼호개발,00128980,연간x별도,operating_income,2006,data_gap,"UI blank, DB=None",2026-07-07T22:58:04
삼화전기,00129271,연간x별도,revenue,2002,data_gap,"UI blank, DB=None",2026-07-07T22:59:08
삼화전기,00129271,연간x별도,operating_income,2002,data_gap,"UI blank, DB=None",2026-07-07T22:59:08
삼화전기,00129271,분기x연결,revenue,2011 CQ2,data_gap,"UI blank, DB=None",2026-07-07T22:59:14
삼화전기,00129271,분기x연결,revenue,2011 CQ3,data_gap,"UI blank, DB=None",2026-07-07T22:59:14
삼화전기,00129271,분기x연결,revenue,2011 CQ4,data_gap,"UI blank, DB=None",2026-07-07T22:59:14
삼화전기,00129271,분기x연결,operating_income,2011 CQ2,data_gap,"UI blank, DB=None",2026-07-07T22:59:14
삼화전기,00129271,분기x연결,operating_income,2011 CQ3,data_gap,"UI blank, DB=None",2026-07-07T22:59:14
삼화전기,00129271,분기x연결,operating_income,2011 CQ4,data_gap,"UI blank, DB=None",2026-07-07T22:59:14
삼화전자공업,00129280,연간x연결,revenue,2009,data_gap,"UI blank, DB=None",2026-07-07T22:59:32
삼화전자공업,00129280,연간x연결,operating_income,2009,data_gap,"UI blank, DB=None",2026-07-07T22:59:32
삼화전자공업,00129280,분기x연결,revenue,2011 CQ2,data_gap,"UI blank, DB=None",2026-07-07T22:59:44
삼화전자공업,00129280,분기x연결,revenue,2011 CQ3,data_gap,"UI blank, DB=None",2026-07-07T22:59:44
삼화전자공업,00129280,분기x연결,revenue,2011 CQ4,data_gap,"UI blank, DB=None",2026-07-07T22:59:44
삼화전자공업,00129280,분기x연결,operating_income,2011 CQ2,data_gap,"UI blank, DB=None",2026-07-07T22:59:44
삼화전자공업,00129280,분기x연결,operating_income,2011 CQ3,data_gap,"UI blank, DB=None",2026-07-07T22:59:44
삼화전자공업,00129280,분기x연결,operating_income,2011 CQ4,data_gap,"UI blank, DB=None",2026-07-07T22:59:44
삼화전자공업,00129280,분기x별도,revenue,2005 CQ2,data_gap,"UI blank, DB=None",2026-07-07T22:59:51
삼화전자공업,00129280,분기x별도,revenue,2005 CQ3,data_gap,"UI blank, DB=None",2026-07-07T22:59:51
삼화전자공업,00129280,분기x별도,revenue,2005 CQ4,data_gap,"UI blank, DB=None",2026-07-07T22:59:51
삼화전자공업,00129280,분기x별도,operating_income,2005 CQ2,data_gap,"UI blank, DB=None",2026-07-07T22:59:51
삼화전자공업,00129280,분기x별도,operating_income,2005 CQ3,data_gap,"UI blank, DB=None",2026-07-07T22:59:51
삼화전자공업,00129280,분기x별도,operating_income,2005 CQ4,data_gap,"UI blank, DB=None",2026-07-07T22:59:51
삼화콘덴서공업,00129350,연간x연결,revenue,2009,data_gap,"UI blank, DB=None",2026-07-07T23:00:05
삼화콘덴서공업,00129350,연간x연결,operating_income,2009,data_gap,"UI blank, DB=None",2026-07-07T23:00:05
삼화콘덴서공업,00129350,연간x별도,revenue,2002,data_gap,"UI blank, DB=None",2026-07-07T23:00:10
삼화콘덴서공업,00129350,연간x별도,revenue,2003,data_gap,"UI blank, DB=None",2026-07-07T23:00:10
삼화콘덴서공업,00129350,연간x별도,revenue,2004,data_gap,"UI blank, DB=None",2026-07-07T23:00:10
삼화콘덴서공업,00129350,연간x별도,revenue,2005,data_gap,"UI blank, DB=None",2026-07-07T23:00:10
삼화콘덴서공업,00129350,연간x별도,revenue,2006,data_gap,"UI blank, DB=None",2026-07-07T23:00:10
삼화콘덴서공업,00129350,연간x별도,operating_income,2002,data_gap,"UI blank, DB=None",2026-07-07T23:00:10
삼화콘덴서공업,00129350,연간x별도,operating_income,2003,data_gap,"UI blank, DB=None",2026-07-07T23:00:10
삼화콘덴서공업,00129350,연간x별도,operating_income,2004,data_gap,"UI blank, DB=None",2026-07-07T23:00:10
삼화콘덴서공업,00129350,연간x별도,operating_income,2005,data_gap,"UI blank, DB=None",2026-07-07T23:00:10
삼화콘덴서공업,00129350,연간x별도,operating_income,2006,data_gap,"UI blank, DB=None",2026-07-07T23:00:10
삼화콘덴서공업,00129350,분기x연결,revenue,2011 CQ2,data_gap,"UI blank, DB=None",2026-07-07T23:00:17
삼화콘덴서공업,00129350,분기x연결,revenue,2011 CQ3,data_gap,"UI blank, DB=None",2026-07-07T23:00:17
삼화콘덴서공업,00129350,분기x연결,revenue,2011 CQ4,data_gap,"UI blank, DB=None",2026-07-07T23:00:17
삼화콘덴서공업,00129350,분기x연결,operating_income,2011 CQ2,data_gap,"UI blank, DB=None",2026-07-07T23:00:17
삼화콘덴서공업,00129350,분기x연결,operating_income,2011 CQ3,data_gap,"UI blank, DB=None",2026-07-07T23:00:17
삼화콘덴서공업,00129350,분기x연결,operating_income,2011 CQ4,data_gap,"UI blank, DB=None",2026-07-07T23:00:17
삼화콘덴서공업,00129350,분기x별도,revenue,2009 CQ3,data_gap,"UI blank, DB=None",2026-07-07T23:00:24
삼화콘덴서공업,00129350,분기x별도,revenue,2009 CQ4,data_gap,"UI blank, DB=None",2026-07-07T23:00:24
삼화콘덴서공업,00129350,분기x별도,operating_income,2009 CQ3,data_gap,"UI blank, DB=None",2026-07-07T23:00:24
삼화콘덴서공업,00129350,분기x별도,operating_income,2009 CQ4,data_gap,"UI blank, DB=None",2026-07-07T23:00:24
상상인증권,00112059,연간x연결,revenue,2012,data_gap,"UI blank, DB=None",2026-07-07T23:00:35
상상인증권,00112059,연간x연결,operating_income,2012,data_gap,"UI blank, DB=None",2026-07-07T23:00:35
상상인증권,00112059,연간x별도,revenue,2003,data_gap,"UI blank, DB=None",2026-07-07T23:00:40
상상인증권,00112059,연간x별도,revenue,2005,data_gap,"UI blank, DB=None",2026-07-07T23:00:40
상신브레이크,00129642,연간x별도,revenue,2002,data_gap,"UI blank, DB=None",2026-07-07T23:01:13
상신브레이크,00129642,연간x별도,revenue,2003,data_gap,"UI blank, DB=None",2026-07-07T23:01:13
상신브레이크,00129642,연간x별도,revenue,2005,data_gap,"UI blank, DB=None",2026-07-07T23:01:13
상신브레이크,00129642,연간x별도,operating_income,2005,data_gap,"UI blank, DB=None",2026-07-07T23:01:13
샘표,00130091,연간x별도,revenue,2001,data_gap,"UI blank, DB=None",2026-07-07T23:02:15
샘표,00130091,연간x별도,operating_income,2001,data_gap,"UI blank, DB=None",2026-07-07T23:02:15
서연,00163114,연간x연결,revenue,2009,data_gap,"UI blank, DB=None",2026-07-07T23:03:12
서연,00163114,연간x연결,operating_income,2009,data_gap,"UI blank, DB=None",2026-07-07T23:03:12
서연,00163114,분기x연결,revenue,2011 CQ2,data_gap,"UI blank, DB=None",2026-07-07T23:03:24
서연,00163114,분기x연결,revenue,2011 CQ3,data_gap,"UI blank, DB=None",2026-07-07T23:03:24
서연,00163114,분기x연결,revenue,2011 CQ4,data_gap,"UI blank, DB=None",2026-07-07T23:03:24
서연,00163114,분기x연결,operating_income,2011 CQ2,data_gap,"UI blank, DB=None",2026-07-07T23:03:24
서연,00163114,분기x연결,operating_income,2011 CQ3,data_gap,"UI blank, DB=None",2026-07-07T23:03:24
서연,00163114,분기x연결,operating_income,2011 CQ4,data_gap,"UI blank, DB=None",2026-07-07T23:03:24
서울도시가스,00130684,연간x별도,revenue,2003,data_gap,"UI blank, DB=None",2026-07-07T23:03:47
서울도시가스,00130684,연간x별도,operating_income,2003,data_gap,"UI blank, DB=None",2026-07-07T23:03:47
서울도시가스,00130684,분기x연결,revenue,2011 CQ2,data_gap,"UI blank, DB=None",2026-07-07T23:03:54
서울도시가스,00130684,분기x연결,revenue,2011 CQ3,data_gap,"UI blank, DB=None",2026-07-07T23:03:54
서울도시가스,00130684,분기x연결,revenue,2011 CQ4,data_gap,"UI blank, DB=None",2026-07-07T23:03:54
서울도시가스,00130684,분기x연결,operating_income,2011 CQ2,data_gap,"UI blank, DB=None",2026-07-07T23:03:54
서울도시가스,00130684,분기x연결,operating_income,2011 CQ3,data_gap,"UI blank, DB=None",2026-07-07T23:03:54
서울도시가스,00130684,분기x연결,operating_income,2011 CQ4,data_gap,"UI blank, DB=None",2026-07-07T23:03:54
서울도시가스,00130684,분기x별도,revenue,2007 CQ1,data_gap,"UI blank, DB=None",2026-07-07T23:04:01
서울도시가스,00130684,분기x별도,revenue,2007 CQ2,data_gap,"UI blank, DB=None",2026-07-07T23:04:01
서울보증보험,00112998,연간x연결,operating_income,2023,data_gap,"UI blank, DB=None",2026-07-07T23:04:15
서울보증보험,00112998,연간x별도,revenue,2023,data_gap,"UI blank, DB=None",2026-07-07T23:04:20
서울보증보험,00112998,연간x별도,operating_income,2023,data_gap,"UI blank, DB=None",2026-07-07T23:04:20
서울식품공업,00130879,분기x연결,revenue,2011 CQ2,data_gap,"UI blank, DB=None",2026-07-07T23:04:56
서울식품공업,00130879,분기x연결,revenue,2011 CQ3,data_gap,"UI blank, DB=None",2026-07-07T23:04:56
서울식품공업,00130879,분기x연결,revenue,2011 CQ4,data_gap,"UI blank, DB=None",2026-07-07T23:04:56
서울식품공업,00130879,분기x연결,operating_income,2011 CQ2,data_gap,"UI blank, DB=None",2026-07-07T23:04:56
서울식품공업,00130879,분기x연결,operating_income,2011 CQ3,data_gap,"UI blank, DB=None",2026-07-07T23:04:56
서울식품공업,00130879,분기x연결,operating_income,2011 CQ4,data_gap,"UI blank, DB=None",2026-07-07T23:04:56
서원,00131197,분기x연결,revenue,2011 CQ2,data_gap,"UI blank, DB=None",2026-07-07T23:05:28
서원,00131197,분기x연결,revenue,2011 CQ3,data_gap,"UI blank, DB=None",2026-07-07T23:05:28
서원,00131197,분기x연결,revenue,2011 CQ4,data_gap,"UI blank, DB=None",2026-07-07T23:05:28
서원,00131197,분기x연결,operating_income,2011 CQ2,data_gap,"UI blank, DB=None",2026-07-07T23:05:28
서원,00131197,분기x연결,operating_income,2011 CQ3,data_gap,"UI blank, DB=None",2026-07-07T23:05:28
서원,00131197,분기x연결,operating_income,2011 CQ4,data_gap,"UI blank, DB=None",2026-07-07T23:05:28
서원,00131197,분기x별도,revenue,2005 CQ3,data_gap,"UI blank, DB=None",2026-07-07T23:05:36
서원,00131197,분기x별도,operating_income,2005 CQ3,data_gap,"UI blank, DB=None",2026-07-07T23:05:36
서흥,00131692,연간x연결,revenue,2010,data_gap,"UI blank, DB=None",2026-07-07T23:05:47
서흥,00131692,연간x연결,operating_income,2010,data_gap,"UI blank, DB=None",2026-07-07T23:05:47
서흥,00131692,연간x별도,revenue,2002,data_gap,"UI blank, DB=None",2026-07-07T23:05:52
서흥,00131692,연간x별도,operating_income,2002,data_gap,"UI blank, DB=None",2026-07-07T23:05:52
서흥,00131692,분기x연결,revenue,2011 CQ2,data_gap,"UI blank, DB=None",2026-07-07T23:05:58
서흥,00131692,분기x연결,revenue,2011 CQ3,data_gap,"UI blank, DB=None",2026-07-07T23:05:58
서흥,00131692,분기x연결,revenue,2011 CQ4,data_gap,"UI blank, DB=None",2026-07-07T23:05:58
서흥,00131692,분기x연결,operating_income,2011 CQ2,data_gap,"UI blank, DB=None",2026-07-07T23:05:58
서흥,00131692,분기x연결,operating_income,2011 CQ3,data_gap,"UI blank, DB=None",2026-07-07T23:05:58
서흥,00131692,분기x연결,operating_income,2011 CQ4,data_gap,"UI blank, DB=None",2026-07-07T23:05:58
선도전기,00131939,분기x연결,revenue,2011 CQ2,data_gap,"UI blank, DB=None",2026-07-07T23:06:31
선도전기,00131939,분기x연결,revenue,2011 CQ3,data_gap,"UI blank, DB=None",2026-07-07T23:06:31
선도전기,00131939,분기x연결,revenue,2011 CQ4,data_gap,"UI blank, DB=None",2026-07-07T23:06:31
선도전기,00131939,분기x연결,operating_income,2011 CQ2,data_gap,"UI blank, DB=None",2026-07-07T23:06:31
선도전기,00131939,분기x연결,operating_income,2011 CQ3,data_gap,"UI blank, DB=None",2026-07-07T23:06:31
선도전기,00131939,분기x연결,operating_income,2011 CQ4,data_gap,"UI blank, DB=None",2026-07-07T23:06:31
성문전자,00132628,연간x연결,revenue,2009,data_gap,"UI blank, DB=None",2026-07-07T23:07:22
성문전자,00132628,연간x연결,operating_income,2009,data_gap,"UI blank, DB=None",2026-07-07T23:07:22
성문전자,00132628,분기x연결,revenue,2011 CQ2,data_gap,"UI blank, DB=None",2026-07-07T23:07:34
성문전자,00132628,분기x연결,revenue,2011 CQ3,data_gap,"UI blank, DB=None",2026-07-07T23:07:34
성문전자,00132628,분기x연결,revenue,2011 CQ4,data_gap,"UI blank, DB=None",2026-07-07T23:07:34
성문전자,00132628,분기x연결,operating_income,2011 CQ2,data_gap,"UI blank, DB=None",2026-07-07T23:07:34
성문전자,00132628,분기x연결,operating_income,2011 CQ3,data_gap,"UI blank, DB=None",2026-07-07T23:07:34
성문전자,00132628,분기x연결,operating_income,2011 CQ4,data_gap,"UI blank, DB=None",2026-07-07T23:07:34
성신양회,00132804,연간x별도,revenue,2000,data_gap,"UI blank, DB=None",2026-07-07T23:07:58
성신양회,00132804,연간x별도,operating_income,2000,data_gap,"UI blank, DB=None",2026-07-07T23:07:58
성창기업지주,00133335,연간x별도,revenue,2007,data_gap,"UI blank, DB=None",2026-07-07T23:08:31
성창기업지주,00133335,연간x별도,revenue,2011,data_gap,"UI blank, DB=None",2026-07-07T23:08:31
성창기업지주,00133335,연간x별도,revenue,2024,data_gap,"UI blank, DB=None",2026-07-07T23:08:31
성창기업지주,00133335,연간x별도,operating_income,2007,data_gap,"UI blank, DB=None",2026-07-07T23:08:31
성창기업지주,00133335,분기x연결,revenue,2011 CQ2,data_gap,"UI blank, DB=None",2026-07-07T23:08:37
성창기업지주,00133335,분기x연결,revenue,2011 CQ3,data_gap,"UI blank, DB=None",2026-07-07T23:08:37
성창기업지주,00133335,분기x연결,revenue,2011 CQ4,data_gap,"UI blank, DB=None",2026-07-07T23:08:37
성창기업지주,00133335,분기x연결,operating_income,2011 CQ2,data_gap,"UI blank, DB=None",2026-07-07T23:08:37
성창기업지주,00133335,분기x연결,operating_income,2011 CQ3,data_gap,"UI blank, DB=None",2026-07-07T23:08:37
성창기업지주,00133335,분기x연결,operating_income,2011 CQ4,data_gap,"UI blank, DB=None",2026-07-07T23:08:37
성창기업지주,00133335,분기x별도,revenue,2007 CQ2,data_gap,"UI blank, DB=None",2026-07-07T23:08:44
성창기업지주,00133335,분기x별도,revenue,2011 CQ1,data_gap,"UI blank, DB=None",2026-07-07T23:08:44
성창기업지주,00133335,분기x별도,revenue,2011 CQ2,data_gap,"UI blank, DB=None",2026-07-07T23:08:44
성창기업지주,00133335,분기x별도,revenue,2011 CQ3,data_gap,"UI blank, DB=None",2026-07-07T23:08:44
성창기업지주,00133335,분기x별도,revenue,2011 CQ4,data_gap,"UI blank, DB=None",2026-07-07T23:08:44
성창기업지주,00133335,분기x별도,revenue,2012 CQ1,data_gap,"UI blank, DB=None",2026-07-07T23:08:44
성창기업지주,00133335,분기x별도,revenue,2012 CQ2,data_gap,"UI blank, DB=None",2026-07-07T23:08:44
성창기업지주,00133335,분기x별도,revenue,2012 CQ3,data_gap,"UI blank, DB=None",2026-07-07T23:08:44
성창기업지주,00133335,분기x별도,revenue,2012 CQ4,data_gap,"UI blank, DB=None",2026-07-07T23:08:44
성창기업지주,00133335,분기x별도,revenue,2024 CQ4,data_gap,"UI blank, DB=None",2026-07-07T23:08:44
성창기업지주,00133335,분기x별도,revenue,2025 CQ1,data_gap,"UI blank, DB=None",2026-07-07T23:08:44
성창기업지주,00133335,분기x별도,revenue,2025 CQ2,data_gap,"UI blank, DB=None",2026-07-07T23:08:44
성창기업지주,00133335,분기x별도,revenue,2025 CQ3,data_gap,"UI blank, DB=None",2026-07-07T23:08:44
성창기업지주,00133335,분기x별도,revenue,2025 CQ4,data_gap,"UI blank, DB=None",2026-07-07T23:08:44
성창기업지주,00133335,분기x별도,operating_income,2005 CQ2,data_gap,"UI blank, DB=None",2026-07-07T23:08:44
성창기업지주,00133335,분기x별도,operating_income,2007 CQ2,data_gap,"UI blank, DB=None",2026-07-07T23:08:44
성창기업지주,00133335,분기x별도,operating_income,2011 CQ1,data_gap,"UI blank, DB=None",2026-07-07T23:08:44
성창기업지주,00133335,분기x별도,operating_income,2011 CQ2,data_gap,"UI blank, DB=None",2026-07-07T23:08:44
세기상사,00133618,연간x별도,operating_income,2000,data_gap,"UI blank, DB=None",2026-07-07T23:09:01
세기상사,00133618,분기x연결,revenue,2011 CQ2,data_gap,"UI blank, DB=None",2026-07-07T23:09:07
세기상사,00133618,분기x연결,revenue,2011 CQ3,data_gap,"UI blank, DB=None",2026-07-07T23:09:07
세기상사,00133618,분기x연결,revenue,2011 CQ4,data_gap,"UI blank, DB=None",2026-07-07T23:09:07
세기상사,00133618,분기x연결,operating_income,2011 CQ2,data_gap,"UI blank, DB=None",2026-07-07T23:09:07
세기상사,00133618,분기x연결,operating_income,2011 CQ3,data_gap,"UI blank, DB=None",2026-07-07T23:09:07
세기상사,00133618,분기x연결,operating_income,2011 CQ4,data_gap,"UI blank, DB=None",2026-07-07T23:09:07
세기상사,00133618,분기x별도,revenue,2005 CQ4,data_gap,"UI blank, DB=None",2026-07-07T23:09:14
세기상사,00133618,분기x별도,revenue,2006 CQ2,data_gap,"UI blank, DB=None",2026-07-07T23:09:14
세기상사,00133618,분기x별도,revenue,2006 CQ3,data_gap,"UI blank, DB=None",2026-07-07T23:09:14
세기상사,00133618,분기x별도,operating_income,2005 CQ4,data_gap,"UI blank, DB=None",2026-07-07T23:09:14
세기상사,00133618,분기x별도,operating_income,2006 CQ1,data_gap,"UI blank, DB=None",2026-07-07T23:09:14
세기상사,00133618,분기x별도,operating_income,2006 CQ2,data_gap,"UI blank, DB=None",2026-07-07T23:09:14
세기상사,00133618,분기x별도,operating_income,2006 CQ3,data_gap,"UI blank, DB=None",2026-07-07T23:09:14
세기상사,00133618,분기x별도,operating_income,2006 CQ4,data_gap,"UI blank, DB=None",2026-07-07T23:09:14
세기상사,00133618,분기x별도,operating_income,2011 CQ2,data_gap,"UI blank, DB=None",2026-07-07T23:09:14
세기상사,00133618,분기x별도,operating_income,2011 CQ3,data_gap,"UI blank, DB=None",2026-07-07T23:09:14
세기상사,00133618,분기x별도,operating_income,2011 CQ4,data_gap,"UI blank, DB=None",2026-07-07T23:09:14
세아베스틸지주,00106669,분기x연결,revenue,2023 CQ2,data_gap,"UI blank, DB=None",2026-07-07T23:10:10
세아베스틸지주,00106669,분기x연결,revenue,2023 CQ3,data_gap,"UI blank, DB=None",2026-07-07T23:10:10
세아제강지주,00124197,연간x별도,revenue,2001,data_gap,"UI blank, DB=None",2026-07-07T23:11:08
세아제강지주,00124197,연간x별도,operating_income,2001,data_gap,"UI blank, DB=None",2026-07-07T23:11:08
세아제강지주,00124197,분기x연결,revenue,2011 CQ2,data_gap,"UI blank, DB=None",2026-07-07T23:11:14
세아제강지주,00124197,분기x연결,revenue,2011 CQ3,data_gap,"UI blank, DB=None",2026-07-07T23:11:14
세아제강지주,00124197,분기x연결,revenue,2011 CQ4,data_gap,"UI blank, DB=None",2026-07-07T23:11:14
세아제강지주,00124197,분기x연결,operating_income,2011 CQ2,data_gap,"UI blank, DB=None",2026-07-07T23:11:14
세아제강지주,00124197,분기x연결,operating_income,2011 CQ3,data_gap,"UI blank, DB=None",2026-07-07T23:11:14
세아제강지주,00124197,분기x연결,operating_income,2011 CQ4,data_gap,"UI blank, DB=None",2026-07-07T23:11:14
세아홀딩스,00377610,연간x별도,revenue,2002,data_gap,"UI blank, DB=None",2026-07-07T23:11:41
세아홀딩스,00377610,연간x별도,revenue,2005,data_gap,"UI blank, DB=None",2026-07-07T23:11:41
세아홀딩스,00377610,연간x별도,revenue,2009,data_gap,"UI blank, DB=None",2026-07-07T23:11:41
세아홀딩스,00377610,연간x별도,operating_income,2002,data_gap,"UI blank, DB=None",2026-07-07T23:11:41
세아홀딩스,00377610,연간x별도,operating_income,2005,data_gap,"UI blank, DB=None",2026-07-07T23:11:41
세아홀딩스,00377610,연간x별도,operating_income,2009,data_gap,"UI blank, DB=None",2026-07-07T23:11:41
세아홀딩스,00377610,분기x연결,revenue,2011 CQ2,data_gap,"UI blank, DB=None",2026-07-07T23:11:47
세아홀딩스,00377610,분기x연결,revenue,2011 CQ3,data_gap,"UI blank, DB=None",2026-07-07T23:11:47
세아홀딩스,00377610,분기x연결,revenue,2011 CQ4,data_gap,"UI blank, DB=None",2026-07-07T23:11:47
세아홀딩스,00377610,분기x연결,operating_income,2011 CQ2,data_gap,"UI blank, DB=None",2026-07-07T23:11:47
세아홀딩스,00377610,분기x연결,operating_income,2011 CQ3,data_gap,"UI blank, DB=None",2026-07-07T23:11:47
세아홀딩스,00377610,분기x연결,operating_income,2011 CQ4,data_gap,"UI blank, DB=None",2026-07-07T23:11:47
세원정공,00134316,연간x연결,revenue,2010,data_gap,"UI blank, DB=None",2026-07-07T23:12:41
세원정공,00134316,연간x연결,operating_income,2010,data_gap,"UI blank, DB=None",2026-07-07T23:12:41
세원정공,00134316,분기x연결,revenue,2012 CQ2,data_gap,"UI blank, DB=None",2026-07-07T23:12:53
세원정공,00134316,분기x연결,revenue,2012 CQ3,data_gap,"UI blank, DB=None",2026-07-07T23:12:53
세원정공,00134316,분기x연결,operating_income,2012 CQ2,data_gap,"UI blank, DB=None",2026-07-07T23:12:53
세원정공,00134316,분기x연결,operating_income,2012 CQ3,data_gap,"UI blank, DB=None",2026-07-07T23:12:53
세진중공업,00415628,분기x연결,revenue,2014 CQ2,data_gap,"UI blank, DB=None",2026-07-07T23:13:25
세진중공업,00415628,분기x연결,revenue,2014 CQ3,data_gap,"UI blank, DB=None",2026-07-07T23:13:25
세진중공업,00415628,분기x연결,revenue,2014 CQ4,data_gap,"UI blank, DB=None",2026-07-07T23:13:25
세진중공업,00415628,분기x연결,operating_income,2014 CQ2,data_gap,"UI blank, DB=None",2026-07-07T23:13:25
세진중공업,00415628,분기x연결,operating_income,2014 CQ3,data_gap,"UI blank, DB=None",2026-07-07T23:13:25
세진중공업,00415628,분기x연결,operating_income,2014 CQ4,data_gap,"UI blank, DB=None",2026-07-07T23:13:25
세진중공업,00415628,분기x별도,revenue,2014 CQ2,data_gap,"UI blank, DB=None",2026-07-07T23:13:33
세진중공업,00415628,분기x별도,revenue,2014 CQ3,data_gap,"UI blank, DB=None",2026-07-07T23:13:33
세진중공업,00415628,분기x별도,revenue,2014 CQ4,data_gap,"UI blank, DB=None",2026-07-07T23:13:33
세진중공업,00415628,분기x별도,operating_income,2014 CQ2,data_gap,"UI blank, DB=None",2026-07-07T23:13:33
세진중공업,00415628,분기x별도,operating_income,2014 CQ3,data_gap,"UI blank, DB=None",2026-07-07T23:13:33
세진중공업,00415628,분기x별도,operating_income,2014 CQ4,data_gap,"UI blank, DB=None",2026-07-07T23:13:33
송원산업,00134963,분기x연결,revenue,2011 CQ2,data_gap,"UI blank, DB=None",2026-07-07T23:15:36
송원산업,00134963,분기x연결,revenue,2011 CQ3,data_gap,"UI blank, DB=None",2026-07-07T23:15:36
송원산업,00134963,분기x연결,revenue,2011 CQ4,data_gap,"UI blank, DB=None",2026-07-07T23:15:36
송원산업,00134963,분기x연결,operating_income,2011 CQ2,data_gap,"UI blank, DB=None",2026-07-07T23:15:36
송원산업,00134963,분기x연결,operating_income,2011 CQ3,data_gap,"UI blank, DB=None",2026-07-07T23:15:36
송원산업,00134963,분기x연결,operating_income,2011 CQ4,data_gap,"UI blank, DB=None",2026-07-07T23:15:36
시알홀딩스,00148984,연간x연결,revenue,2004,data_gap,"UI blank, DB=None",2026-07-07T23:18:08
시알홀딩스,00148984,연간x연결,operating_income,2004,data_gap,"UI blank, DB=None",2026-07-07T23:18:08
시알홀딩스,00148984,분기x연결,revenue,2004 CQ2,data_gap,"UI blank, DB=None",2026-07-07T23:18:20
시알홀딩스,00148984,분기x연결,revenue,2004 CQ3,data_gap,"UI blank, DB=None",2026-07-07T23:18:20
시알홀딩스,00148984,분기x연결,revenue,2004 CQ4,data_gap,"UI blank, DB=None",2026-07-07T23:18:20
시알홀딩스,00148984,분기x연결,revenue,2007 CQ1,data_gap,"UI blank, DB=None",2026-07-07T23:18:20
시알홀딩스,00148984,분기x연결,revenue,2007 CQ2,data_gap,"UI blank, DB=None",2026-07-07T23:18:20
시알홀딩스,00148984,분기x연결,revenue,2007 CQ3,data_gap,"UI blank, DB=None",2026-07-07T23:18:20
시알홀딩스,00148984,분기x연결,revenue,2007 CQ4,data_gap,"UI blank, DB=None",2026-07-07T23:18:20
시알홀딩스,00148984,분기x연결,revenue,2008 CQ1,data_gap,"UI blank, DB=None",2026-07-07T23:18:20
시알홀딩스,00148984,분기x연결,revenue,2008 CQ2,data_gap,"UI blank, DB=None",2026-07-07T23:18:20
시알홀딩스,00148984,분기x연결,revenue,2008 CQ3,data_gap,"UI blank, DB=None",2026-07-07T23:18:20
시알홀딩스,00148984,분기x연결,revenue,2008 CQ4,data_gap,"UI blank, DB=None",2026-07-07T23:18:20
시알홀딩스,00148984,분기x연결,revenue,2011 CQ2,data_gap,"UI blank, DB=None",2026-07-07T23:18:20
시알홀딩스,00148984,분기x연결,revenue,2011 CQ3,data_gap,"UI blank, DB=None",2026-07-07T23:18:20
시알홀딩스,00148984,분기x연결,revenue,2011 CQ4,data_gap,"UI blank, DB=None",2026-07-07T23:18:20
시알홀딩스,00148984,분기x연결,operating_income,2004 CQ2,data_gap,"UI blank, DB=None",2026-07-07T23:18:20
시알홀딩스,00148984,분기x연결,operating_income,2004 CQ3,data_gap,"UI blank, DB=None",2026-07-07T23:18:20
시알홀딩스,00148984,분기x연결,operating_income,2004 CQ4,data_gap,"UI blank, DB=None",2026-07-07T23:18:20
시알홀딩스,00148984,분기x연결,operating_income,2007 CQ1,data_gap,"UI blank, DB=None",2026-07-07T23:18:20
시알홀딩스,00148984,분기x연결,operating_income,2007 CQ2,data_gap,"UI blank, DB=None",2026-07-07T23:18:20
시알홀딩스,00148984,분기x연결,operating_income,2007 CQ3,data_gap,"UI blank, DB=None",2026-07-07T23:18:20
시알홀딩스,00148984,분기x연결,operating_income,2007 CQ4,data_gap,"UI blank, DB=None",2026-07-07T23:18:20
시알홀딩스,00148984,분기x연결,operating_income,2008 CQ1,data_gap,"UI blank, DB=None",2026-07-07T23:18:20
시알홀딩스,00148984,분기x연결,operating_income,2008 CQ2,data_gap,"UI blank, DB=None",2026-07-07T23:18:20
시알홀딩스,00148984,분기x연결,operating_income,2008 CQ3,data_gap,"UI blank, DB=None",2026-07-07T23:18:20
시알홀딩스,00148984,분기x연결,operating_income,2008 CQ4,data_gap,"UI blank, DB=None",2026-07-07T23:18:20
시알홀딩스,00148984,분기x연결,operating_income,2011 CQ2,data_gap,"UI blank, DB=None",2026-07-07T23:18:20
시알홀딩스,00148984,분기x연결,operating_income,2011 CQ3,data_gap,"UI blank, DB=None",2026-07-07T23:18:20
시알홀딩스,00148984,분기x연결,operating_income,2011 CQ4,data_gap,"UI blank, DB=None",2026-07-07T23:18:20
신성이엔지,00136271,분기x연결,revenue,2010 CQ3,data_gap,"UI blank, DB=None",2026-07-07T23:21:02
신성이엔지,00136271,분기x연결,operating_income,2008 CQ1,data_gap,"UI blank, DB=None",2026-07-07T23:21:02
신성이엔지,00136271,분기x연결,operating_income,2008 CQ2,data_gap,"UI blank, DB=None",2026-07-07T23:21:02
신성이엔지,00136271,분기x연결,operating_income,2010 CQ3,data_gap,"UI blank, DB=None",2026-07-07T23:21:02
신성이엔지,00136271,분기x별도,revenue,2005 CQ4,data_gap,"UI blank, DB=None",2026-07-07T23:21:10
신성이엔지,00136271,분기x별도,revenue,2006 CQ1,data_gap,"UI blank, DB=None",2026-07-07T23:21:10
신성이엔지,00136271,분기x별도,revenue,2006 CQ2,data_gap,"UI blank, DB=None",2026-07-07T23:21:10
신성이엔지,00136271,분기x별도,operating_income,2005 CQ4,data_gap,"UI blank, DB=None",2026-07-07T23:21:10
신성이엔지,00136271,분기x별도,operating_income,2006 CQ1,data_gap,"UI blank, DB=None",2026-07-07T23:21:10
신성이엔지,00136271,분기x별도,operating_income,2006 CQ2,data_gap,"UI blank, DB=None",2026-07-07T23:21:10
신세계,00136378,분기x연결,operating_income,2007 CQ4,data_gap,"UI blank, DB=None",2026-07-07T23:21:35
신세계푸드,00274933,분기x연결,revenue,2014 CQ2,data_gap,"UI blank, DB=None",2026-07-07T23:22:37
신세계푸드,00274933,분기x연결,revenue,2014 CQ3,data_gap,"UI blank, DB=None",2026-07-07T23:22:37
신세계푸드,00274933,분기x연결,operating_income,2014 CQ2,data_gap,"UI blank, DB=None",2026-07-07T23:22:37
신세계푸드,00274933,분기x연결,operating_income,2014 CQ3,data_gap,"UI blank, DB=None",2026-07-07T23:22:37
신송홀딩스,00136402,분기x별도,revenue,2012 CQ2,data_gap,"UI blank, DB=None",2026-07-07T23:23:17
신송홀딩스,00136402,분기x별도,revenue,2012 CQ3,data_gap,"UI blank, DB=None",2026-07-07T23:23:17
신송홀딩스,00136402,분기x별도,revenue,2012 CQ4,data_gap,"UI blank, DB=None",2026-07-07T23:23:17
신송홀딩스,00136402,분기x별도,operating_income,2012 CQ2,data_gap,"UI blank, DB=None",2026-07-07T23:23:17
신송홀딩스,00136402,분기x별도,operating_income,2012 CQ3,data_gap,"UI blank, DB=None",2026-07-07T23:23:17
신송홀딩스,00136402,분기x별도,operating_income,2012 CQ4,data_gap,"UI blank, DB=None",2026-07-07T23:23:17
신영증권,00136721,연간x연결,revenue,2011,data_gap,"UI blank, DB=None",2026-07-07T23:24:02
신영증권,00136721,연간x연결,operating_income,2011,data_gap,"UI blank, DB=None",2026-07-07T23:24:02
신원,00136864,분기x연결,revenue,2011 CQ2,data_gap,"UI blank, DB=None",2026-07-07T23:24:47
신원,00136864,분기x연결,revenue,2011 CQ3,data_gap,"UI blank, DB=None",2026-07-07T23:24:47
신원,00136864,분기x연결,revenue,2011 CQ4,data_gap,"UI blank, DB=None",2026-07-07T23:24:47
신원,00136864,분기x연결,operating_income,2011 CQ2,data_gap,"UI blank, DB=None",2026-07-07T23:24:47
신원,00136864,분기x연결,operating_income,2011 CQ3,data_gap,"UI blank, DB=None",2026-07-07T23:24:47
신원,00136864,분기x연결,operating_income,2011 CQ4,data_gap,"UI blank, DB=None",2026-07-07T23:24:47
신원,00136864,분기x별도,revenue,2005 CQ1,data_gap,"UI blank, DB=None",2026-07-07T23:24:54
신원,00136864,분기x별도,revenue,2005 CQ4,data_gap,"UI blank, DB=None",2026-07-07T23:24:54
신원,00136864,분기x별도,revenue,2006 CQ1,data_gap,"UI blank, DB=None",2026-07-07T23:24:54
신원,00136864,분기x별도,revenue,2006 CQ2,data_gap,"UI blank, DB=None",2026-07-07T23:24:54
신원,00136864,분기x별도,revenue,2006 CQ3,data_gap,"UI blank, DB=None",2026-07-07T23:24:54
신원,00136864,분기x별도,revenue,2007 CQ1,data_gap,"UI blank, DB=None",2026-07-07T23:24:54
신원,00136864,분기x별도,revenue,2007 CQ2,data_gap,"UI blank, DB=None",2026-07-07T23:24:54
신원,00136864,분기x별도,operating_income,2005 CQ1,data_gap,"UI blank, DB=None",2026-07-07T23:24:54
신원,00136864,분기x별도,operating_income,2005 CQ4,data_gap,"UI blank, DB=None",2026-07-07T23:24:54
신원,00136864,분기x별도,operating_income,2006 CQ1,data_gap,"UI blank, DB=None",2026-07-07T23:24:54
신원,00136864,분기x별도,operating_income,2006 CQ2,data_gap,"UI blank, DB=None",2026-07-07T23:24:54
신원,00136864,분기x별도,operating_income,2006 CQ3,data_gap,"UI blank, DB=None",2026-07-07T23:24:54
신원,00136864,분기x별도,operating_income,2007 CQ1,data_gap,"UI blank, DB=None",2026-07-07T23:24:54
신원,00136864,분기x별도,operating_income,2007 CQ2,data_gap,"UI blank, DB=None",2026-07-07T23:24:54
신일전자,00173698,연간x별도,revenue,2006,data_gap,"UI blank, DB=None",2026-07-07T23:25:13
신일전자,00173698,연간x별도,revenue,2010,data_gap,"UI blank, DB=None",2026-07-07T23:25:13
신일전자,00173698,연간x별도,operating_income,2003,data_gap,"UI blank, DB=None",2026-07-07T23:25:13
신일전자,00173698,연간x별도,operating_income,2006,data_gap,"UI blank, DB=None",2026-07-07T23:25:13
신일전자,00173698,분기x연결,revenue,2010 CQ4,data_gap,"UI blank, DB=None",2026-07-07T23:25:20
신일전자,00173698,분기x별도,revenue,2010 CQ4,data_gap,"UI blank, DB=None",2026-07-07T23:25:27
신풍제약,00137359,연간x별도,revenue,2000,data_gap,"UI blank, DB=None",2026-07-07T23:26:19
신풍제약,00137359,연간x별도,revenue,2001,data_gap,"UI blank, DB=None",2026-07-07T23:26:19
신풍제약,00137359,연간x별도,operating_income,2000,data_gap,"UI blank, DB=None",2026-07-07T23:26:19
신풍제약,00137359,연간x별도,operating_income,2001,data_gap,"UI blank, DB=None",2026-07-07T23:26:19
신풍제약,00137359,분기x연결,revenue,2011 CQ2,data_gap,"UI blank, DB=None",2026-07-07T23:26:25
신풍제약,00137359,분기x연결,revenue,2011 CQ3,data_gap,"UI blank, DB=None",2026-07-07T23:26:25
신풍제약,00137359,분기x연결,revenue,2011 CQ4,data_gap,"UI blank, DB=None",2026-07-07T23:26:25
신풍제약,00137359,분기x연결,operating_income,2011 CQ2,data_gap,"UI blank, DB=None",2026-07-07T23:26:25
신풍제약,00137359,분기x연결,operating_income,2011 CQ3,data_gap,"UI blank, DB=None",2026-07-07T23:26:25
신풍제약,00137359,분기x연결,operating_income,2011 CQ4,data_gap,"UI blank, DB=None",2026-07-07T23:26:25
신한지주,00382199,연간x연결,revenue,2024,data_gap,"UI blank, DB=None",2026-07-07T23:26:46
신한지주,00382199,연간x별도,revenue,2011,data_gap,"UI blank, DB=None",2026-07-07T23:26:52
신한지주,00382199,연간x별도,revenue,2012,data_gap,"UI blank, DB=None",2026-07-07T23:26:52
신한지주,00382199,연간x별도,revenue,2013,data_gap,"UI blank, DB=None",2026-07-07T23:26:52
신한지주,00382199,연간x별도,revenue,2014,data_gap,"UI blank, DB=None",2026-07-07T23:26:52
신한지주,00382199,연간x별도,revenue,2015,data_gap,"UI blank, DB=None",2026-07-07T23:26:52
신한지주,00382199,연간x별도,revenue,2016,data_gap,"UI blank, DB=None",2026-07-07T23:26:52
신한지주,00382199,연간x별도,revenue,2020,data_gap,"UI blank, DB=None",2026-07-07T23:26:52
신한지주,00382199,연간x별도,revenue,2021,data_gap,"UI blank, DB=None",2026-07-07T23:26:52
신한지주,00382199,연간x별도,revenue,2022,data_gap,"UI blank, DB=None",2026-07-07T23:26:52
신한지주,00382199,연간x별도,operating_income,2011,data_gap,"UI blank, DB=None",2026-07-07T23:26:52
신한지주,00382199,연간x별도,operating_income,2012,data_gap,"UI blank, DB=None",2026-07-07T23:26:52
신한지주,00382199,연간x별도,operating_income,2016,data_gap,"UI blank, DB=None",2026-07-07T23:26:52
신한지주,00382199,분기x연결,revenue,2024 CQ4,data_gap,"UI blank, DB=None",2026-07-07T23:26:58
신한지주,00382199,분기x연결,revenue,2025 CQ1,data_gap,"UI blank, DB=None",2026-07-07T23:26:58
신한지주,00382199,분기x연결,revenue,2025 CQ2,data_gap,"UI blank, DB=None",2026-07-07T23:26:58
신한지주,00382199,분기x별도,revenue,2011 CQ1,data_gap,"UI blank, DB=None",2026-07-07T23:27:06
신한지주,00382199,분기x별도,revenue,2011 CQ2,data_gap,"UI blank, DB=None",2026-07-07T23:27:06
신한지주,00382199,분기x별도,revenue,2011 CQ4,data_gap,"UI blank, DB=None",2026-07-07T23:27:06
신한지주,00382199,분기x별도,revenue,2012 CQ1,data_gap,"UI blank, DB=None",2026-07-07T23:27:06
신한지주,00382199,분기x별도,revenue,2012 CQ2,data_gap,"UI blank, DB=None",2026-07-07T23:27:06
신한지주,00382199,분기x별도,revenue,2012 CQ3,data_gap,"UI blank, DB=None",2026-07-07T23:27:06
신한지주,00382199,분기x별도,revenue,2012 CQ4,data_gap,"UI blank, DB=None",2026-07-07T23:27:06
신한지주,00382199,분기x별도,revenue,2013 CQ1,data_gap,"UI blank, DB=None",2026-07-07T23:27:06
신한지주,00382199,분기x별도,revenue,2013 CQ2,data_gap,"UI blank, DB=None",2026-07-07T23:27:06
신한지주,00382199,분기x별도,revenue,2013 CQ3,data_gap,"UI blank, DB=None",2026-07-07T23:27:06
신한지주,00382199,분기x별도,revenue,2013 CQ4,data_gap,"UI blank, DB=None",2026-07-07T23:27:06
신한지주,00382199,분기x별도,revenue,2014 CQ1,data_gap,"UI blank, DB=None",2026-07-07T23:27:06
신한지주,00382199,분기x별도,revenue,2014 CQ2,data_gap,"UI blank, DB=None",2026-07-07T23:27:06
신한지주,00382199,분기x별도,revenue,2014 CQ3,data_gap,"UI blank, DB=None",2026-07-07T23:27:06
신한지주,00382199,분기x별도,revenue,2014 CQ4,data_gap,"UI blank, DB=None",2026-07-07T23:27:06
신한지주,00382199,분기x별도,revenue,2015 CQ1,data_gap,"UI blank, DB=None",2026-07-07T23:27:06
신한지주,00382199,분기x별도,revenue,2015 CQ2,data_gap,"UI blank, DB=None",2026-07-07T23:27:06
신한지주,00382199,분기x별도,revenue,2015 CQ3,data_gap,"UI blank, DB=None",2026-07-07T23:27:06
신한지주,00382199,분기x별도,revenue,2015 CQ4,data_gap,"UI blank, DB=None",2026-07-07T23:27:06
신한지주,00382199,분기x별도,revenue,2016 CQ1,data_gap,"UI blank, DB=None",2026-07-07T23:27:06
신한지주,00382199,분기x별도,revenue,2016 CQ2,data_gap,"UI blank, DB=None",2026-07-07T23:27:06
신한지주,00382199,분기x별도,revenue,2016 CQ3,data_gap,"UI blank, DB=None",2026-07-07T23:27:06
신한지주,00382199,분기x별도,revenue,2016 CQ4,data_gap,"UI blank, DB=None",2026-07-07T23:27:06
신한지주,00382199,분기x별도,revenue,2020 CQ1,data_gap,"UI blank, DB=None",2026-07-07T23:27:06
신한지주,00382199,분기x별도,revenue,2020 CQ2,data_gap,"UI blank, DB=None",2026-07-07T23:27:06
신한지주,00382199,분기x별도,revenue,2020 CQ3,data_gap,"UI blank, DB=None",2026-07-07T23:27:06
신한지주,00382199,분기x별도,revenue,2020 CQ4,data_gap,"UI blank, DB=None",2026-07-07T23:27:06
신한지주,00382199,분기x별도,revenue,2021 CQ1,data_gap,"UI blank, DB=None",2026-07-07T23:27:06
신한지주,00382199,분기x별도,revenue,2021 CQ2,data_gap,"UI blank, DB=None",2026-07-07T23:27:06
신한지주,00382199,분기x별도,revenue,2021 CQ3,data_gap,"UI blank, DB=None",2026-07-07T23:27:06
신한지주,00382199,분기x별도,revenue,2021 CQ4,data_gap,"UI blank, DB=None",2026-07-07T23:27:06
신한지주,00382199,분기x별도,revenue,2022 CQ1,data_gap,"UI blank, DB=None",2026-07-07T23:27:06
신한지주,00382199,분기x별도,revenue,2022 CQ2,data_gap,"UI blank, DB=None",2026-07-07T23:27:06
신한지주,00382199,분기x별도,revenue,2022 CQ3,data_gap,"UI blank, DB=None",2026-07-07T23:27:06
신한지주,00382199,분기x별도,revenue,2022 CQ4,data_gap,"UI blank, DB=None",2026-07-07T23:27:06
신한지주,00382199,분기x별도,revenue,2023 CQ1,data_gap,"UI blank, DB=None",2026-07-07T23:27:06
신한지주,00382199,분기x별도,revenue,2023 CQ2,data_gap,"UI blank, DB=None",2026-07-07T23:27:06
신한지주,00382199,분기x별도,revenue,2023 CQ3,data_gap,"UI blank, DB=None",2026-07-07T23:27:06
신한지주,00382199,분기x별도,operating_income,2011 CQ4,data_gap,"UI blank, DB=None",2026-07-07T23:27:06
신한지주,00382199,분기x별도,operating_income,2012 CQ1,data_gap,"UI blank, DB=None",2026-07-07T23:27:06
신한지주,00382199,분기x별도,operating_income,2012 CQ2,data_gap,"UI blank, DB=None",2026-07-07T23:27:06
신한지주,00382199,분기x별도,operating_income,2012 CQ3,data_gap,"UI blank, DB=None",2026-07-07T23:27:06
신한지주,00382199,분기x별도,operating_income,2012 CQ4,data_gap,"UI blank, DB=None",2026-07-07T23:27:06
신한지주,00382199,분기x별도,operating_income,2016 CQ1,data_gap,"UI blank, DB=None",2026-07-07T23:27:06
신한지주,00382199,분기x별도,operating_income,2016 CQ2,data_gap,"UI blank, DB=None",2026-07-07T23:27:06
신한지주,00382199,분기x별도,operating_income,2016 CQ3,data_gap,"UI blank, DB=None",2026-07-07T23:27:06
신한지주,00382199,분기x별도,operating_income,2016 CQ4,data_gap,"UI blank, DB=None",2026-07-07T23:27:06
신흥,00173795,분기x연결,revenue,2011 CQ2,data_gap,"UI blank, DB=None",2026-07-07T23:27:31
신흥,00173795,분기x연결,revenue,2011 CQ3,data_gap,"UI blank, DB=None",2026-07-07T23:27:31
신흥,00173795,분기x연결,revenue,2011 CQ4,data_gap,"UI blank, DB=None",2026-07-07T23:27:31
신흥,00173795,분기x연결,operating_income,2011 CQ2,data_gap,"UI blank, DB=None",2026-07-07T23:27:31
신흥,00173795,분기x연결,operating_income,2011 CQ3,data_gap,"UI blank, DB=None",2026-07-07T23:27:31
신흥,00173795,분기x연결,operating_income,2011 CQ4,data_gap,"UI blank, DB=None",2026-07-07T23:27:31
써니전자,00138057,연간x별도,revenue,2002,data_gap,"UI blank, DB=None",2026-07-07T23:27:57
써니전자,00138057,연간x별도,operating_income,2002,data_gap,"UI blank, DB=None",2026-07-07T23:27:57
써니전자,00138057,연간x별도,operating_income,2004,data_gap,"UI blank, DB=None",2026-07-07T23:27:57
써니전자,00138057,분기x연결,revenue,2011 CQ2,data_gap,"UI blank, DB=None",2026-07-07T23:28:04
써니전자,00138057,분기x연결,revenue,2011 CQ3,data_gap,"UI blank, DB=None",2026-07-07T23:28:04
써니전자,00138057,분기x연결,revenue,2011 CQ4,data_gap,"UI blank, DB=None",2026-07-07T23:28:04
써니전자,00138057,분기x연결,operating_income,2011 CQ2,data_gap,"UI blank, DB=None",2026-07-07T23:28:04
써니전자,00138057,분기x연결,operating_income,2011 CQ3,data_gap,"UI blank, DB=None",2026-07-07T23:28:04
써니전자,00138057,분기x연결,operating_income,2011 CQ4,data_gap,"UI blank, DB=None",2026-07-07T23:28:04
씨아이테크,00127158,연간x별도,operating_income,2002,data_gap,"UI blank, DB=None",2026-07-07T23:29:03
씨아이테크,00127158,연간x별도,operating_income,2004,data_gap,"UI blank, DB=None",2026-07-07T23:29:03
씨아이테크,00127158,연간x별도,operating_income,2005,data_gap,"UI blank, DB=None",2026-07-07T23:29:03
씨아이테크,00127158,연간x별도,operating_income,2006,data_gap,"UI blank, DB=None",2026-07-07T23:29:03
씨아이테크,00127158,분기x별도,revenue,2004 CQ3,data_gap,"UI blank, DB=None",2026-07-07T23:29:16
씨아이테크,00127158,분기x별도,revenue,2004 CQ4,data_gap,"UI blank, DB=None",2026-07-07T23:29:16
씨아이테크,00127158,분기x별도,revenue,2005 CQ3,data_gap,"UI blank, DB=None",2026-07-07T23:29:16
씨아이테크,00127158,분기x별도,revenue,2005 CQ4,data_gap,"UI blank, DB=None",2026-07-07T23:29:16
씨아이테크,00127158,분기x별도,revenue,2006 CQ1,data_gap,"UI blank, DB=None",2026-07-07T23:29:16
씨아이테크,00127158,분기x별도,revenue,2006 CQ2,data_gap,"UI blank, DB=None",2026-07-07T23:29:16
씨아이테크,00127158,분기x별도,revenue,2006 CQ3,data_gap,"UI blank, DB=None",2026-07-07T23:29:16
아남전자,00138516,연간x별도,operating_income,2002,data_gap,"UI blank, DB=None",2026-07-07T23:31:13
아남전자,00138516,연간x별도,operating_income,2004,data_gap,"UI blank, DB=None",2026-07-07T23:31:13
아남전자,00138516,연간x별도,operating_income,2005,data_gap,"UI blank, DB=None",2026-07-07T23:31:13
아남전자,00138516,분기x별도,operating_income,2004 CQ1,data_gap,"UI blank, DB=None",2026-07-07T23:31:26
아남전자,00138516,분기x별도,operating_income,2004 CQ2,data_gap,"UI blank, DB=None",2026-07-07T23:31:26
아남전자,00138516,분기x별도,operating_income,2004 CQ3,data_gap,"UI blank, DB=None",2026-07-07T23:31:26
아남전자,00138516,분기x별도,operating_income,2004 CQ4,data_gap,"UI blank, DB=None",2026-07-07T23:31:26
아남전자,00138516,분기x별도,operating_income,2005 CQ1,data_gap,"UI blank, DB=None",2026-07-07T23:31:26
아남전자,00138516,분기x별도,operating_income,2005 CQ2,data_gap,"UI blank, DB=None",2026-07-07T23:31:26
아남전자,00138516,분기x별도,operating_income,2005 CQ3,data_gap,"UI blank, DB=None",2026-07-07T23:31:26
아남전자,00138516,분기x별도,operating_income,2005 CQ4,data_gap,"UI blank, DB=None",2026-07-07T23:31:26
아남전자,00138516,분기x별도,operating_income,2006 CQ1,data_gap,"UI blank, DB=None",2026-07-07T23:31:26
아남전자,00138516,분기x별도,operating_income,2006 CQ2,data_gap,"UI blank, DB=None",2026-07-07T23:31:26
아남전자,00138516,분기x별도,operating_income,2006 CQ3,data_gap,"UI blank, DB=None",2026-07-07T23:31:26
아모레퍼시픽홀딩스,00154462,연간x연결,revenue,2009,data_gap,"UI blank, DB=None",2026-07-07T23:32:13
아모레퍼시픽홀딩스,00154462,연간x연결,operating_income,2009,data_gap,"UI blank, DB=None",2026-07-07T23:32:13
아세아,00138701,분기x연결,revenue,2011 CQ2,data_gap,"UI blank, DB=None",2026-07-07T23:32:57
아세아,00138701,분기x연결,revenue,2011 CQ3,data_gap,"UI blank, DB=None",2026-07-07T23:32:57
아세아,00138701,분기x연결,revenue,2011 CQ4,data_gap,"UI blank, DB=None",2026-07-07T23:32:57
아세아,00138701,분기x연결,operating_income,2011 CQ2,data_gap,"UI blank, DB=None",2026-07-07T23:32:57
아세아,00138701,분기x연결,operating_income,2011 CQ3,data_gap,"UI blank, DB=None",2026-07-07T23:32:57
아세아,00138701,분기x연결,operating_income,2011 CQ4,data_gap,"UI blank, DB=None",2026-07-07T23:32:57
아세아제지,00138729,연간x별도,revenue,2005,data_gap,"UI blank, DB=None",2026-07-07T23:33:57
아세아제지,00138729,연간x별도,operating_income,2005,data_gap,"UI blank, DB=None",2026-07-07T23:33:57
아세아제지,00138729,분기x연결,revenue,2007 CQ4,data_gap,"UI blank, DB=None",2026-07-07T23:34:03
아세아제지,00138729,분기x연결,revenue,2011 CQ2,data_gap,"UI blank, DB=None",2026-07-07T23:34:03
아세아제지,00138729,분기x연결,revenue,2011 CQ3,data_gap,"UI blank, DB=None",2026-07-07T23:34:03
아세아제지,00138729,분기x연결,revenue,2011 CQ4,data_gap,"UI blank, DB=None",2026-07-07T23:34:03
아세아제지,00138729,분기x연결,operating_income,2007 CQ4,data_gap,"UI blank, DB=None",2026-07-07T23:34:03
아세아제지,00138729,분기x연결,operating_income,2011 CQ2,data_gap,"UI blank, DB=None",2026-07-07T23:34:03
아세아제지,00138729,분기x연결,operating_income,2011 CQ3,data_gap,"UI blank, DB=None",2026-07-07T23:34:03
아세아제지,00138729,분기x연결,operating_income,2011 CQ4,data_gap,"UI blank, DB=None",2026-07-07T23:34:03
아세아제지,00138729,분기x별도,revenue,2006 CQ1,data_gap,"UI blank, DB=None",2026-07-07T23:34:11
아세아제지,00138729,분기x별도,revenue,2006 CQ2,data_gap,"UI blank, DB=None",2026-07-07T23:34:11
아세아제지,00138729,분기x별도,revenue,2006 CQ3,data_gap,"UI blank, DB=None",2026-07-07T23:34:11
아세아제지,00138729,분기x별도,operating_income,2006 CQ1,data_gap,"UI blank, DB=None",2026-07-07T23:34:11
아세아제지,00138729,분기x별도,operating_income,2006 CQ2,data_gap,"UI blank, DB=None",2026-07-07T23:34:11
아세아제지,00138729,분기x별도,operating_income,2006 CQ3,data_gap,"UI blank, DB=None",2026-07-07T23:34:11
아시아나항공,00138792,연간x별도,revenue,2002,data_gap,"UI blank, DB=None",2026-07-07T23:35:01
아시아나항공,00138792,연간x별도,operating_income,2002,data_gap,"UI blank, DB=None",2026-07-07T23:35:01
아시아나항공,00138792,분기x별도,revenue,2006 CQ3,data_gap,"UI blank, DB=None",2026-07-07T23:35:15
아시아나항공,00138792,분기x별도,revenue,2006 CQ4,data_gap,"UI blank, DB=None",2026-07-07T23:35:15
아시아나항공,00138792,분기x별도,operating_income,2006 CQ3,data_gap,"UI blank, DB=None",2026-07-07T23:35:15
아시아나항공,00138792,분기x별도,operating_income,2006 CQ4,data_gap,"UI blank, DB=None",2026-07-07T23:35:15
아이티센씨티에스,00186559,분기x별도,revenue,2005 CQ4,data_gap,"UI blank, DB=None",2026-07-07T23:36:54
아이티센씨티에스,00186559,분기x별도,revenue,2007 CQ3,data_gap,"UI blank, DB=None",2026-07-07T23:36:54
아이티센씨티에스,00186559,분기x별도,operating_income,2005 CQ1,data_gap,"UI blank, DB=None",2026-07-07T23:36:54
아이티센씨티에스,00186559,분기x별도,operating_income,2005 CQ2,data_gap,"UI blank, DB=None",2026-07-07T23:36:54
아이티센씨티에스,00186559,분기x별도,operating_income,2005 CQ4,data_gap,"UI blank, DB=None",2026-07-07T23:36:54
아이티센씨티에스,00186559,분기x별도,operating_income,2007 CQ3,data_gap,"UI blank, DB=None",2026-07-07T23:36:54
아진전자부품,00111689,연간x별도,operating_income,2006,data_gap,"UI blank, DB=None",2026-07-07T23:37:45
아진전자부품,00111689,분기x연결,revenue,2011 CQ2,data_gap,"UI blank, DB=None",2026-07-07T23:37:51
아진전자부품,00111689,분기x연결,revenue,2011 CQ3,data_gap,"UI blank, DB=None",2026-07-07T23:37:51
아진전자부품,00111689,분기x연결,revenue,2011 CQ4,data_gap,"UI blank, DB=None",2026-07-07T23:37:51
아진전자부품,00111689,분기x연결,operating_income,2005 CQ3,data_gap,"UI blank, DB=None",2026-07-07T23:37:51
아진전자부품,00111689,분기x연결,operating_income,2006 CQ3,data_gap,"UI blank, DB=None",2026-07-07T23:37:51
아진전자부품,00111689,분기x연결,operating_income,2007 CQ3,data_gap,"UI blank, DB=None",2026-07-07T23:37:51
아진전자부품,00111689,분기x연결,operating_income,2011 CQ2,data_gap,"UI blank, DB=None",2026-07-07T23:37:51
아진전자부품,00111689,분기x연결,operating_income,2011 CQ3,data_gap,"UI blank, DB=None",2026-07-07T23:37:51
아진전자부품,00111689,분기x연결,operating_income,2011 CQ4,data_gap,"UI blank, DB=None",2026-07-07T23:37:51
에넥스,00139764,연간x별도,revenue,2000,data_gap,"UI blank, DB=None",2026-07-07T23:39:57
에넥스,00139764,연간x별도,operating_income,2000,data_gap,"UI blank, DB=None",2026-07-07T23:39:57
에스디바이오센서,00854997,분기x별도,revenue,2020 CQ4,data_gap,"UI blank, DB=None",2026-07-07T23:40:44
에스디바이오센서,00854997,분기x별도,operating_income,2020 CQ4,data_gap,"UI blank, DB=None",2026-07-07T23:40:44
에스엘,00125521,연간x별도,revenue,2001,data_gap,"UI blank, DB=None",2026-07-07T23:41:03
에스엘,00125521,연간x별도,revenue,2003,data_gap,"UI blank, DB=None",2026-07-07T23:41:03
에스제이엠홀딩스,00181943,분기x연결,revenue,2011 CQ2,data_gap,"UI blank, DB=None",2026-07-07T23:43:21
에스제이엠홀딩스,00181943,분기x연결,revenue,2011 CQ3,data_gap,"UI blank, DB=None",2026-07-07T23:43:21
에스제이엠홀딩스,00181943,분기x연결,revenue,2011 CQ4,data_gap,"UI blank, DB=None",2026-07-07T23:43:21
에스제이엠홀딩스,00181943,분기x연결,operating_income,2011 CQ2,data_gap,"UI blank, DB=None",2026-07-07T23:43:21
에스제이엠홀딩스,00181943,분기x연결,operating_income,2011 CQ3,data_gap,"UI blank, DB=None",2026-07-07T23:43:21
에스제이엠홀딩스,00181943,분기x연결,operating_income,2011 CQ4,data_gap,"UI blank, DB=None",2026-07-07T23:43:21
에쓰씨엔지니어링,00121969,분기x별도,revenue,2010 CQ4,data_gap,"UI blank, DB=None",2026-07-07T23:44:34
에쓰씨엔지니어링,00121969,분기x별도,operating_income,2010 CQ4,data_gap,"UI blank, DB=None",2026-07-07T23:44:34
에이엔피,00143314,연간x연결,revenue,2010,data_gap,"UI blank, DB=None",2026-07-07T23:45:52
에이프로젠,00152385,분기x연결,revenue,2011 CQ2,data_gap,"UI blank, DB=None",2026-07-07T23:46:37
에이프로젠,00152385,분기x연결,revenue,2011 CQ3,data_gap,"UI blank, DB=None",2026-07-07T23:46:37
에이프로젠,00152385,분기x연결,revenue,2011 CQ4,data_gap,"UI blank, DB=None",2026-07-07T23:46:37
에이프로젠,00152385,분기x연결,operating_income,2011 CQ2,data_gap,"UI blank, DB=None",2026-07-07T23:46:37
에이프로젠,00152385,분기x연결,operating_income,2011 CQ3,data_gap,"UI blank, DB=None",2026-07-07T23:46:37
에이프로젠,00152385,분기x연결,operating_income,2011 CQ4,data_gap,"UI blank, DB=None",2026-07-07T23:46:37
에이프로젠,00152385,분기x별도,operating_income,2007 CQ2,data_gap,"UI blank, DB=None",2026-07-07T23:46:44
에이프로젠,00152385,분기x별도,operating_income,2007 CQ3,data_gap,"UI blank, DB=None",2026-07-07T23:46:44
에이플러스에셋,00684802,분기x별도,revenue,2015 CQ2,data_gap,"UI blank, DB=None",2026-07-07T23:47:16
에이플러스에셋,00684802,분기x별도,revenue,2015 CQ3,data_gap,"UI blank, DB=None",2026-07-07T23:47:16
에이플러스에셋,00684802,분기x별도,revenue,2015 CQ4,data_gap,"UI blank, DB=None",2026-07-07T23:47:16
에이플러스에셋,00684802,분기x별도,revenue,2016 CQ2,data_gap,"UI blank, DB=None",2026-07-07T23:47:16
에이플러스에셋,00684802,분기x별도,revenue,2016 CQ3,data_gap,"UI blank, DB=None",2026-07-07T23:47:16
에이플러스에셋,00684802,분기x별도,revenue,2016 CQ4,data_gap,"UI blank, DB=None",2026-07-07T23:47:16
에이플러스에셋,00684802,분기x별도,revenue,2017 CQ2,data_gap,"UI blank, DB=None",2026-07-07T23:47:16
에이플러스에셋,00684802,분기x별도,revenue,2017 CQ3,data_gap,"UI blank, DB=None",2026-07-07T23:47:16
에이플러스에셋,00684802,분기x별도,revenue,2017 CQ4,data_gap,"UI blank, DB=None",2026-07-07T23:47:16
에이플러스에셋,00684802,분기x별도,operating_income,2015 CQ2,data_gap,"UI blank, DB=None",2026-07-07T23:47:16
에이플러스에셋,00684802,분기x별도,operating_income,2015 CQ3,data_gap,"UI blank, DB=None",2026-07-07T23:47:16
에이플러스에셋,00684802,분기x별도,operating_income,2015 CQ4,data_gap,"UI blank, DB=None",2026-07-07T23:47:16
에이플러스에셋,00684802,분기x별도,operating_income,2016 CQ2,data_gap,"UI blank, DB=None",2026-07-07T23:47:16
에이플러스에셋,00684802,분기x별도,operating_income,2016 CQ3,data_gap,"UI blank, DB=None",2026-07-07T23:47:16
에이플러스에셋,00684802,분기x별도,operating_income,2016 CQ4,data_gap,"UI blank, DB=None",2026-07-07T23:47:16
에이플러스에셋,00684802,분기x별도,operating_income,2017 CQ2,data_gap,"UI blank, DB=None",2026-07-07T23:47:16
에이플러스에셋,00684802,분기x별도,operating_income,2017 CQ3,data_gap,"UI blank, DB=None",2026-07-07T23:47:16
에이플러스에셋,00684802,분기x별도,operating_income,2017 CQ4,data_gap,"UI blank, DB=None",2026-07-07T23:47:16
엑시큐어하이트론,00156150,분기x연결,revenue,2011 CQ2,data_gap,"UI blank, DB=None",2026-07-07T23:48:44
엑시큐어하이트론,00156150,분기x연결,revenue,2011 CQ3,data_gap,"UI blank, DB=None",2026-07-07T23:48:44
엑시큐어하이트론,00156150,분기x연결,revenue,2011 CQ4,data_gap,"UI blank, DB=None",2026-07-07T23:48:44
엑시큐어하이트론,00156150,분기x연결,operating_income,2011 CQ2,data_gap,"UI blank, DB=None",2026-07-07T23:48:44
엑시큐어하이트론,00156150,분기x연결,operating_income,2011 CQ3,data_gap,"UI blank, DB=None",2026-07-07T23:48:44
엑시큐어하이트론,00156150,분기x연결,operating_income,2011 CQ4,data_gap,"UI blank, DB=None",2026-07-07T23:48:44
엑시큐어하이트론,00156150,분기x별도,revenue,2005 CQ4,data_gap,"UI blank, DB=None",2026-07-07T23:48:51
엑시큐어하이트론,00156150,분기x별도,revenue,2006 CQ1,data_gap,"UI blank, DB=None",2026-07-07T23:48:51
엑시큐어하이트론,00156150,분기x별도,revenue,2006 CQ2,data_gap,"UI blank, DB=None",2026-07-07T23:48:51
엑시큐어하이트론,00156150,분기x별도,revenue,2006 CQ3,data_gap,"UI blank, DB=None",2026-07-07T23:48:51
엑시큐어하이트론,00156150,분기x별도,operating_income,2005 CQ4,data_gap,"UI blank, DB=None",2026-07-07T23:48:51
엑시큐어하이트론,00156150,분기x별도,operating_income,2006 CQ1,data_gap,"UI blank, DB=None",2026-07-07T23:48:51
엑시큐어하이트론,00156150,분기x별도,operating_income,2006 CQ2,data_gap,"UI blank, DB=None",2026-07-07T23:48:51
엑시큐어하이트론,00156150,분기x별도,operating_income,2006 CQ3,data_gap,"UI blank, DB=None",2026-07-07T23:48:51
엔피씨,00108038,연간x별도,revenue,2002,data_gap,"UI blank, DB=None",2026-07-07T23:49:42
엔피씨,00108038,분기x연결,revenue,2011 CQ2,data_gap,"UI blank, DB=None",2026-07-07T23:49:48
엔피씨,00108038,분기x연결,revenue,2011 CQ3,data_gap,"UI blank, DB=None",2026-07-07T23:49:48
엔피씨,00108038,분기x연결,revenue,2011 CQ4,data_gap,"UI blank, DB=None",2026-07-07T23:49:48
엔피씨,00108038,분기x연결,operating_income,2011 CQ2,data_gap,"UI blank, DB=None",2026-07-07T23:49:48
엔피씨,00108038,분기x연결,operating_income,2011 CQ3,data_gap,"UI blank, DB=None",2026-07-07T23:49:48
엔피씨,00108038,분기x연결,operating_income,2011 CQ4,data_gap,"UI blank, DB=None",2026-07-07T23:49:48
엘앤에프,00398701,연간x별도,revenue,2005,data_gap,"UI blank, DB=None",2026-07-07T23:50:45
엘앤에프,00398701,연간x별도,operating_income,2005,data_gap,"UI blank, DB=None",2026-07-07T23:50:45
엘에스일렉트릭,00105855,연간x연결,operating_income,2010,data_gap,"UI blank, DB=None",2026-07-07T23:51:12
엘에스일렉트릭,00105855,분기x연결,operating_income,2010 CQ4,data_gap,"UI blank, DB=None",2026-07-07T23:51:24
영원무역홀딩스,00140964,연간x별도,revenue,2013,data_gap,"UI blank, DB=None",2026-07-07T23:53:24
영원무역홀딩스,00140964,연간x별도,operating_income,2013,data_gap,"UI blank, DB=None",2026-07-07T23:53:24
영진약품,00141149,연간x연결,operating_income,2006,data_gap,"UI blank, DB=None",2026-07-07T23:53:50
영진약품,00141149,연간x별도,operating_income,2006,data_gap,"UI blank, DB=None",2026-07-07T23:53:55
영진약품,00141149,분기x연결,revenue,2006 CQ1,data_gap,"UI blank, DB=None",2026-07-07T23:54:02
영진약품,00141149,분기x연결,revenue,2006 CQ2,data_gap,"UI blank, DB=None",2026-07-07T23:54:02
영진약품,00141149,분기x연결,revenue,2006 CQ3,data_gap,"UI blank, DB=None",2026-07-07T23:54:02
영진약품,00141149,분기x연결,revenue,2006 CQ4,data_gap,"UI blank, DB=None",2026-07-07T23:54:02
영진약품,00141149,분기x연결,revenue,2009 CQ3,data_gap,"UI blank, DB=None",2026-07-07T23:54:02
영진약품,00141149,분기x연결,revenue,2009 CQ4,data_gap,"UI blank, DB=None",2026-07-07T23:54:02
영진약품,00141149,분기x연결,operating_income,2006 CQ4,data_gap,"UI blank, DB=None",2026-07-07T23:54:02
영진약품,00141149,분기x연결,operating_income,2007 CQ2,data_gap,"UI blank, DB=None",2026-07-07T23:54:02
영진약품,00141149,분기x연결,operating_income,2007 CQ3,data_gap,"UI blank, DB=None",2026-07-07T23:54:02
영진약품,00141149,분기x연결,operating_income,2009 CQ3,data_gap,"UI blank, DB=None",2026-07-07T23:54:02
영진약품,00141149,분기x연결,operating_income,2009 CQ4,data_gap,"UI blank, DB=None",2026-07-07T23:54:02
영진약품,00141149,분기x별도,revenue,2006 CQ1,data_gap,"UI blank, DB=None",2026-07-07T23:54:09
영진약품,00141149,분기x별도,revenue,2006 CQ2,data_gap,"UI blank, DB=None",2026-07-07T23:54:09
영진약품,00141149,분기x별도,revenue,2006 CQ3,data_gap,"UI blank, DB=None",2026-07-07T23:54:09
영진약품,00141149,분기x별도,revenue,2006 CQ4,data_gap,"UI blank, DB=None",2026-07-07T23:54:09
영진약품,00141149,분기x별도,revenue,2009 CQ3,data_gap,"UI blank, DB=None",2026-07-07T23:54:09
영진약품,00141149,분기x별도,revenue,2009 CQ4,data_gap,"UI blank, DB=None",2026-07-07T23:54:09
영진약품,00141149,분기x별도,operating_income,2006 CQ4,data_gap,"UI blank, DB=None",2026-07-07T23:54:09
영진약품,00141149,분기x별도,operating_income,2007 CQ2,data_gap,"UI blank, DB=None",2026-07-07T23:54:09
영진약품,00141149,분기x별도,operating_income,2007 CQ3,data_gap,"UI blank, DB=None",2026-07-07T23:54:09
영진약품,00141149,분기x별도,operating_income,2009 CQ3,data_gap,"UI blank, DB=None",2026-07-07T23:54:09
영진약품,00141149,분기x별도,operating_income,2009 CQ4,data_gap,"UI blank, DB=None",2026-07-07T23:54:09
영풍,00141307,연간x연결,revenue,2009,data_gap,"UI blank, DB=None",2026-07-07T23:54:23
영풍,00141307,연간x연결,operating_income,2009,data_gap,"UI blank, DB=None",2026-07-07T23:54:23
영풍,00141307,연간x별도,revenue,2005,data_gap,"UI blank, DB=None",2026-07-07T23:54:28
영풍,00141307,연간x별도,revenue,2006,data_gap,"UI blank, DB=None",2026-07-07T23:54:28
영풍,00141307,연간x별도,revenue,2009,data_gap,"UI blank, DB=None",2026-07-07T23:54:28
영풍,00141307,연간x별도,operating_income,2005,data_gap,"UI blank, DB=None",2026-07-07T23:54:28
영풍,00141307,연간x별도,operating_income,2006,data_gap,"UI blank, DB=None",2026-07-07T23:54:28
영풍,00141307,연간x별도,operating_income,2009,data_gap,"UI blank, DB=None",2026-07-07T23:54:28
영풍,00141307,분기x연결,revenue,2011 CQ2,data_gap,"UI blank, DB=None",2026-07-07T23:54:34
영풍,00141307,분기x연결,revenue,2011 CQ3,data_gap,"UI blank, DB=None",2026-07-07T23:54:34
영풍,00141307,분기x연결,revenue,2011 CQ4,data_gap,"UI blank, DB=None",2026-07-07T23:54:34
영풍,00141307,분기x연결,operating_income,2011 CQ2,data_gap,"UI blank, DB=None",2026-07-07T23:54:34
영풍,00141307,분기x연결,operating_income,2011 CQ3,data_gap,"UI blank, DB=None",2026-07-07T23:54:34
영풍,00141307,분기x연결,operating_income,2011 CQ4,data_gap,"UI blank, DB=None",2026-07-07T23:54:34
영화금속,00141413,분기x연결,revenue,2011 CQ2,data_gap,"UI blank, DB=None",2026-07-07T23:55:07
영화금속,00141413,분기x연결,revenue,2011 CQ3,data_gap,"UI blank, DB=None",2026-07-07T23:55:07
영화금속,00141413,분기x연결,revenue,2011 CQ4,data_gap,"UI blank, DB=None",2026-07-07T23:55:07
영화금속,00141413,분기x연결,operating_income,2011 CQ2,data_gap,"UI blank, DB=None",2026-07-07T23:55:07
영화금속,00141413,분기x연결,operating_income,2011 CQ3,data_gap,"UI blank, DB=None",2026-07-07T23:55:07
영화금속,00141413,분기x연결,operating_income,2011 CQ4,data_gap,"UI blank, DB=None",2026-07-07T23:55:07
영화금속,00141413,분기x별도,revenue,2005 CQ1,data_gap,"UI blank, DB=None",2026-07-07T23:55:14
영화금속,00141413,분기x별도,revenue,2005 CQ2,data_gap,"UI blank, DB=None",2026-07-07T23:55:14
영화금속,00141413,분기x별도,operating_income,2005 CQ1,data_gap,"UI blank, DB=None",2026-07-07T23:55:14
영화금속,00141413,분기x별도,operating_income,2005 CQ2,data_gap,"UI blank, DB=None",2026-07-07T23:55:14
오뚜기,00141529,분기x별도,operating_income,2008 CQ1,data_gap,"UI blank, DB=None",2026-07-07T23:56:16
오뚜기,00141529,분기x별도,operating_income,2008 CQ2,data_gap,"UI blank, DB=None",2026-07-07T23:56:16
오리엔트바이오,00141626,분기x연결,revenue,2012 CQ1,data_gap,"UI blank, DB=None",2026-07-07T23:56:41
오리엔트바이오,00141626,분기x연결,revenue,2012 CQ2,data_gap,"UI blank, DB=None",2026-07-07T23:56:41
오리엔트바이오,00141626,분기x연결,revenue,2012 CQ3,data_gap,"UI blank, DB=None",2026-07-07T23:56:41
오리엔트바이오,00141626,분기x연결,operating_income,2012 CQ1,data_gap,"UI blank, DB=None",2026-07-07T23:56:41
오리엔트바이오,00141626,분기x연결,operating_income,2012 CQ2,data_gap,"UI blank, DB=None",2026-07-07T23:56:41
오리엔트바이오,00141626,분기x연결,operating_income,2012 CQ3,data_gap,"UI blank, DB=None",2026-07-07T23:56:41
오리온홀딩스,00117577,분기x연결,revenue,2017 CQ3,data_gap,"UI blank, DB=None",2026-07-07T23:57:43
오리온홀딩스,00117577,분기x연결,revenue,2017 CQ4,data_gap,"UI blank, DB=None",2026-07-07T23:57:43
오리온홀딩스,00117577,분기x별도,revenue,2017 CQ3,data_gap,"UI blank, DB=None",2026-07-07T23:57:50
오리온홀딩스,00117577,분기x별도,revenue,2017 CQ4,data_gap,"UI blank, DB=None",2026-07-07T23:57:50
온타이드,00168331,연간x별도,revenue,2002,data_gap,"UI blank, DB=None",2026-07-07T23:58:06
온타이드,00168331,연간x별도,operating_income,2002,data_gap,"UI blank, DB=None",2026-07-07T23:58:06
온타이드,00168331,분기x연결,revenue,2011 CQ2,data_gap,"UI blank, DB=None",2026-07-07T23:58:13
온타이드,00168331,분기x연결,revenue,2011 CQ3,data_gap,"UI blank, DB=None",2026-07-07T23:58:13
온타이드,00168331,분기x연결,revenue,2011 CQ4,data_gap,"UI blank, DB=None",2026-07-07T23:58:13
온타이드,00168331,분기x연결,operating_income,2011 CQ2,data_gap,"UI blank, DB=None",2026-07-07T23:58:13
온타이드,00168331,분기x연결,operating_income,2011 CQ3,data_gap,"UI blank, DB=None",2026-07-07T23:58:13
온타이드,00168331,분기x연결,operating_income,2011 CQ4,data_gap,"UI blank, DB=None",2026-07-07T23:58:13
우리금융지주,01350869,연간x별도,operating_income,2024,data_gap,"UI blank, DB=None",2026-07-07T23:59:09
우성,00142661,연간x연결,operating_income,2007,data_gap,"UI blank, DB=None",2026-07-07T23:59:35
우성,00142661,연간x별도,operating_income,2006,data_gap,"UI blank, DB=None",2026-07-07T23:59:41
우성,00142661,분기x연결,revenue,2011 CQ2,data_gap,"UI blank, DB=None",2026-07-07T23:59:47
우성,00142661,분기x연결,revenue,2011 CQ3,data_gap,"UI blank, DB=None",2026-07-07T23:59:47
우성,00142661,분기x연결,revenue,2011 CQ4,data_gap,"UI blank, DB=None",2026-07-07T23:59:47
우성,00142661,분기x연결,operating_income,2007 CQ4,data_gap,"UI blank, DB=None",2026-07-07T23:59:47
우성,00142661,분기x연결,operating_income,2011 CQ2,data_gap,"UI blank, DB=None",2026-07-07T23:59:47
우성,00142661,분기x연결,operating_income,2011 CQ3,data_gap,"UI blank, DB=None",2026-07-07T23:59:47
우성,00142661,분기x연결,operating_income,2011 CQ4,data_gap,"UI blank, DB=None",2026-07-07T23:59:47
우성,00142661,분기x별도,operating_income,2006 CQ1,data_gap,"UI blank, DB=None",2026-07-07T23:59:54
우성,00142661,분기x별도,operating_income,2006 CQ2,data_gap,"UI blank, DB=None",2026-07-07T23:59:54
우성머티리얼스,00132868,분기x연결,revenue,2011 CQ2,data_gap,"UI blank, DB=None",2026-07-08T00:00:17
우성머티리얼스,00132868,분기x연결,revenue,2011 CQ3,data_gap,"UI blank, DB=None",2026-07-08T00:00:17
우성머티리얼스,00132868,분기x연결,revenue,2011 CQ4,data_gap,"UI blank, DB=None",2026-07-08T00:00:17
우성머티리얼스,00132868,분기x연결,operating_income,2011 CQ2,data_gap,"UI blank, DB=None",2026-07-08T00:00:17
우성머티리얼스,00132868,분기x연결,operating_income,2011 CQ3,data_gap,"UI blank, DB=None",2026-07-08T00:00:17
우성머티리얼스,00132868,분기x연결,operating_income,2011 CQ4,data_gap,"UI blank, DB=None",2026-07-08T00:00:17
우성머티리얼스,00132868,분기x별도,revenue,2005 CQ3,data_gap,"UI blank, DB=None",2026-07-08T00:00:24
우성머티리얼스,00132868,분기x별도,revenue,2006 CQ3,data_gap,"UI blank, DB=None",2026-07-08T00:00:24
우성머티리얼스,00132868,분기x별도,operating_income,2005 CQ3,data_gap,"UI blank, DB=None",2026-07-08T00:00:24
우성머티리얼스,00132868,분기x별도,operating_income,2006 CQ3,data_gap,"UI blank, DB=None",2026-07-08T00:00:24
우신시스템,00142883,연간x연결,revenue,2009,data_gap,"UI blank, DB=None",2026-07-08T00:00:38
우신시스템,00142883,연간x연결,operating_income,2009,data_gap,"UI blank, DB=None",2026-07-08T00:00:38
우신시스템,00142883,연간x별도,revenue,2002,data_gap,"UI blank, DB=None",2026-07-08T00:00:43
우신시스템,00142883,연간x별도,operating_income,2002,data_gap,"UI blank, DB=None",2026-07-08T00:00:43
우진플라임,00303217,연간x별도,revenue,2005,data_gap,"UI blank, DB=None",2026-07-08T00:02:15
우진플라임,00303217,연간x별도,revenue,2006,data_gap,"UI blank, DB=None",2026-07-08T00:02:15
우진플라임,00303217,연간x별도,operating_income,2005,data_gap,"UI blank, DB=None",2026-07-08T00:02:15
우진플라임,00303217,연간x별도,operating_income,2006,data_gap,"UI blank, DB=None",2026-07-08T00:02:15
우진플라임,00303217,분기x별도,revenue,2005 CQ1,data_gap,"UI blank, DB=None",2026-07-08T00:02:29
우진플라임,00303217,분기x별도,revenue,2006 CQ1,data_gap,"UI blank, DB=None",2026-07-08T00:02:29
우진플라임,00303217,분기x별도,operating_income,2005 CQ1,data_gap,"UI blank, DB=None",2026-07-08T00:02:29
우진플라임,00303217,분기x별도,operating_income,2006 CQ1,data_gap,"UI blank, DB=None",2026-07-08T00:02:29
웅진씽크빅,00628189,분기x연결,revenue,2011 CQ2,data_gap,"UI blank, DB=None",2026-07-08T00:02:54
웅진씽크빅,00628189,분기x연결,revenue,2011 CQ3,data_gap,"UI blank, DB=None",2026-07-08T00:02:54
웅진씽크빅,00628189,분기x연결,revenue,2011 CQ4,data_gap,"UI blank, DB=None",2026-07-08T00:02:54
웅진씽크빅,00628189,분기x연결,operating_income,2011 CQ2,data_gap,"UI blank, DB=None",2026-07-08T00:02:54
웅진씽크빅,00628189,분기x연결,operating_income,2011 CQ3,data_gap,"UI blank, DB=None",2026-07-08T00:02:54
웅진씽크빅,00628189,분기x연결,operating_income,2011 CQ4,data_gap,"UI blank, DB=None",2026-07-08T00:02:54
원림,00143794,연간x별도,revenue,2002,data_gap,"UI blank, DB=None",2026-07-08T00:03:17
원림,00143794,연간x별도,operating_income,2002,data_gap,"UI blank, DB=None",2026-07-08T00:03:17
윌비스,00104999,연간x연결,revenue,2009,data_gap,"UI blank, DB=None",2026-07-08T00:03:45
윌비스,00104999,연간x연결,revenue,2010,data_gap,"UI blank, DB=None",2026-07-08T00:03:45
윌비스,00104999,연간x연결,revenue,2011,data_gap,"UI blank, DB=None",2026-07-08T00:03:45
윌비스,00104999,연간x연결,operating_income,2009,data_gap,"UI blank, DB=None",2026-07-08T00:03:45
윌비스,00104999,연간x연결,operating_income,2010,data_gap,"UI blank, DB=None",2026-07-08T00:03:45
윌비스,00104999,연간x연결,operating_income,2011,data_gap,"UI blank, DB=None",2026-07-08T00:03:45
윌비스,00104999,분기x연결,revenue,2009 CQ4,data_gap,"UI blank, DB=None",2026-07-08T00:03:56
윌비스,00104999,분기x연결,revenue,2010 CQ4,data_gap,"UI blank, DB=None",2026-07-08T00:03:56
윌비스,00104999,분기x연결,revenue,2011 CQ2,data_gap,"UI blank, DB=None",2026-07-08T00:03:56
윌비스,00104999,분기x연결,revenue,2011 CQ3,data_gap,"UI blank, DB=None",2026-07-08T00:03:56
윌비스,00104999,분기x연결,operating_income,2009 CQ4,data_gap,"UI blank, DB=None",2026-07-08T00:03:56
윌비스,00104999,분기x연결,operating_income,2010 CQ4,data_gap,"UI blank, DB=None",2026-07-08T00:03:56
윌비스,00104999,분기x연결,operating_income,2011 CQ2,data_gap,"UI blank, DB=None",2026-07-08T00:03:56
윌비스,00104999,분기x연결,operating_income,2011 CQ3,data_gap,"UI blank, DB=None",2026-07-08T00:03:56
윌비스,00104999,분기x별도,revenue,2005 CQ3,data_gap,"UI blank, DB=None",2026-07-08T00:04:04
윌비스,00104999,분기x별도,operating_income,2005 CQ3,data_gap,"UI blank, DB=None",2026-07-08T00:04:04
유나이티드,00158963,분기x연결,revenue,2011 CQ2,data_gap,"UI blank, DB=None",2026-07-08T00:04:26
유나이티드,00158963,분기x연결,revenue,2011 CQ3,data_gap,"UI blank, DB=None",2026-07-08T00:04:26
유나이티드,00158963,분기x연결,revenue,2011 CQ4,data_gap,"UI blank, DB=None",2026-07-08T00:04:26
유나이티드,00158963,분기x연결,operating_income,2011 CQ2,data_gap,"UI blank, DB=None",2026-07-08T00:04:26
유나이티드,00158963,분기x연결,operating_income,2011 CQ3,data_gap,"UI blank, DB=None",2026-07-08T00:04:26
유나이티드,00158963,분기x연결,operating_income,2011 CQ4,data_gap,"UI blank, DB=None",2026-07-08T00:04:26
유니온,00144252,연간x별도,revenue,2003,data_gap,"UI blank, DB=None",2026-07-08T00:05:54
유니온,00144252,연간x별도,operating_income,2003,data_gap,"UI blank, DB=None",2026-07-08T00:05:54
유니온,00144252,분기x별도,revenue,2005 CQ3,data_gap,"UI blank, DB=None",2026-07-08T00:06:08
유니온,00144252,분기x별도,revenue,2005 CQ4,data_gap,"UI blank, DB=None",2026-07-08T00:06:08
유니온,00144252,분기x별도,operating_income,2005 CQ3,data_gap,"UI blank, DB=None",2026-07-08T00:06:08
유니온,00144252,분기x별도,operating_income,2005 CQ4,data_gap,"UI blank, DB=None",2026-07-08T00:06:08
유니퀘스트,00414601,연간x별도,revenue,2003,data_gap,"UI blank, DB=None",2026-07-08T00:07:32
유니퀘스트,00414601,연간x별도,operating_income,2003,data_gap,"UI blank, DB=None",2026-07-08T00:07:32
유성기업,00174004,연간x별도,revenue,2006,data_gap,"UI blank, DB=None",2026-07-08T00:08:05
유성기업,00174004,연간x별도,operating_income,2006,data_gap,"UI blank, DB=None",2026-07-08T00:08:05
유성기업,00174004,분기x연결,revenue,2011 CQ2,data_gap,"UI blank, DB=None",2026-07-08T00:08:11
유성기업,00174004,분기x연결,revenue,2011 CQ3,data_gap,"UI blank, DB=None",2026-07-08T00:08:11
유성기업,00174004,분기x연결,revenue,2011 CQ4,data_gap,"UI blank, DB=None",2026-07-08T00:08:11
유성기업,00174004,분기x연결,operating_income,2011 CQ2,data_gap,"UI blank, DB=None",2026-07-08T00:08:11
유성기업,00174004,분기x연결,operating_income,2011 CQ3,data_gap,"UI blank, DB=None",2026-07-08T00:08:11
유성기업,00174004,분기x연결,operating_income,2011 CQ4,data_gap,"UI blank, DB=None",2026-07-08T00:08:11
유성기업,00174004,분기x별도,revenue,2004 CQ1,data_gap,"UI blank, DB=None",2026-07-08T00:08:19
유성기업,00174004,분기x별도,revenue,2004 CQ2,data_gap,"UI blank, DB=None",2026-07-08T00:08:19
유성기업,00174004,분기x별도,revenue,2005 CQ1,data_gap,"UI blank, DB=None",2026-07-08T00:08:19
유성기업,00174004,분기x별도,revenue,2005 CQ2,data_gap,"UI blank, DB=None",2026-07-08T00:08:19
유성기업,00174004,분기x별도,revenue,2006 CQ1,data_gap,"UI blank, DB=None",2026-07-08T00:08:19
유성기업,00174004,분기x별도,revenue,2006 CQ2,data_gap,"UI blank, DB=None",2026-07-08T00:08:19
유성기업,00174004,분기x별도,operating_income,2004 CQ1,data_gap,"UI blank, DB=None",2026-07-08T00:08:19
유성기업,00174004,분기x별도,operating_income,2004 CQ2,data_gap,"UI blank, DB=None",2026-07-08T00:08:19
유성기업,00174004,분기x별도,operating_income,2005 CQ1,data_gap,"UI blank, DB=None",2026-07-08T00:08:19
유성기업,00174004,분기x별도,operating_income,2005 CQ2,data_gap,"UI blank, DB=None",2026-07-08T00:08:19
유성기업,00174004,분기x별도,operating_income,2006 CQ1,data_gap,"UI blank, DB=None",2026-07-08T00:08:19
유성기업,00174004,분기x별도,operating_income,2006 CQ2,data_gap,"UI blank, DB=None",2026-07-08T00:08:19
유수홀딩스,00163691,연간x연결,operating_income,2003,data_gap,"UI blank, DB=None",2026-07-08T00:08:32
유수홀딩스,00163691,연간x연결,operating_income,2006,data_gap,"UI blank, DB=None",2026-07-08T00:08:32
유수홀딩스,00163691,분기x연결,revenue,2011 CQ2,data_gap,"UI blank, DB=None",2026-07-08T00:08:44
유수홀딩스,00163691,분기x연결,revenue,2011 CQ3,data_gap,"UI blank, DB=None",2026-07-08T00:08:44
유수홀딩스,00163691,분기x연결,revenue,2011 CQ4,data_gap,"UI blank, DB=None",2026-07-08T00:08:44
유수홀딩스,00163691,분기x연결,operating_income,2011 CQ2,data_gap,"UI blank, DB=None",2026-07-08T00:08:44
유수홀딩스,00163691,분기x연결,operating_income,2011 CQ3,data_gap,"UI blank, DB=None",2026-07-08T00:08:44
유수홀딩스,00163691,분기x연결,operating_income,2011 CQ4,data_gap,"UI blank, DB=None",2026-07-08T00:08:44
유안타증권,00117601,연간x별도,revenue,2014,data_gap,"UI blank, DB=None",2026-07-08T00:09:10
유안타증권,00117601,연간x별도,revenue,2022,data_gap,"UI blank, DB=None",2026-07-08T00:09:10
유안타증권,00117601,연간x별도,operating_income,2014,data_gap,"UI blank, DB=None",2026-07-08T00:09:10
유안타증권,00117601,연간x별도,operating_income,2015,data_gap,"UI blank, DB=None",2026-07-08T00:09:10
유안타증권,00117601,연간x별도,operating_income,2016,data_gap,"UI blank, DB=None",2026-07-08T00:09:10
유안타증권,00117601,연간x별도,operating_income,2017,data_gap,"UI blank, DB=None",2026-07-08T00:09:10
유안타증권,00117601,연간x별도,operating_income,2018,data_gap,"UI blank, DB=None",2026-07-08T00:09:10
유안타증권,00117601,연간x별도,operating_income,2022,data_gap,"UI blank, DB=None",2026-07-08T00:09:10
유안타증권,00117601,분기x연결,revenue,2008 CQ4,data_gap,"UI blank, DB=None",2026-07-08T00:09:17
유안타증권,00117601,분기x연결,revenue,2019 CQ2,data_gap,"UI blank, DB=None",2026-07-08T00:09:17
유안타증권,00117601,분기x연결,revenue,2019 CQ3,data_gap,"UI blank, DB=None",2026-07-08T00:09:17
유안타증권,00117601,분기x연결,operating_income,2008 CQ4,data_gap,"UI blank, DB=None",2026-07-08T00:09:17
유안타증권,00117601,분기x연결,operating_income,2019 CQ2,data_gap,"UI blank, DB=None",2026-07-08T00:09:17
유안타증권,00117601,분기x연결,operating_income,2019 CQ3,data_gap,"UI blank, DB=None",2026-07-08T00:09:17
유안타증권,00117601,분기x별도,revenue,2014 CQ4,data_gap,"UI blank, DB=None",2026-07-08T00:09:24
유안타증권,00117601,분기x별도,revenue,2015 CQ1,data_gap,"UI blank, DB=None",2026-07-08T00:09:24
유안타증권,00117601,분기x별도,revenue,2015 CQ2,data_gap,"UI blank, DB=None",2026-07-08T00:09:24
유안타증권,00117601,분기x별도,revenue,2022 CQ1,data_gap,"UI blank, DB=None",2026-07-08T00:09:24
유안타증권,00117601,분기x별도,revenue,2022 CQ2,data_gap,"UI blank, DB=None",2026-07-08T00:09:24
유안타증권,00117601,분기x별도,revenue,2022 CQ3,data_gap,"UI blank, DB=None",2026-07-08T00:09:24
유안타증권,00117601,분기x별도,revenue,2022 CQ4,data_gap,"UI blank, DB=None",2026-07-08T00:09:24
유안타증권,00117601,분기x별도,revenue,2023 CQ1,data_gap,"UI blank, DB=None",2026-07-08T00:09:24
유안타증권,00117601,분기x별도,revenue,2023 CQ2,data_gap,"UI blank, DB=None",2026-07-08T00:09:24
유안타증권,00117601,분기x별도,operating_income,2014 CQ4,data_gap,"UI blank, DB=None",2026-07-08T00:09:24
유안타증권,00117601,분기x별도,operating_income,2015 CQ1,data_gap,"UI blank, DB=None",2026-07-08T00:09:24
유안타증권,00117601,분기x별도,operating_income,2015 CQ2,data_gap,"UI blank, DB=None",2026-07-08T00:09:24
유안타증권,00117601,분기x별도,operating_income,2015 CQ3,data_gap,"UI blank, DB=None",2026-07-08T00:09:24
유안타증권,00117601,분기x별도,operating_income,2015 CQ4,data_gap,"UI blank, DB=None",2026-07-08T00:09:24
유안타증권,00117601,분기x별도,operating_income,2016 CQ1,data_gap,"UI blank, DB=None",2026-07-08T00:09:24
유안타증권,00117601,분기x별도,operating_income,2016 CQ2,data_gap,"UI blank, DB=None",2026-07-08T00:09:24
유안타증권,00117601,분기x별도,operating_income,2016 CQ3,data_gap,"UI blank, DB=None",2026-07-08T00:09:24
유안타증권,00117601,분기x별도,operating_income,2016 CQ4,data_gap,"UI blank, DB=None",2026-07-08T00:09:24
유안타증권,00117601,분기x별도,operating_income,2017 CQ1,data_gap,"UI blank, DB=None",2026-07-08T00:09:24
유안타증권,00117601,분기x별도,operating_income,2017 CQ2,data_gap,"UI blank, DB=None",2026-07-08T00:09:24
유안타증권,00117601,분기x별도,operating_income,2017 CQ3,data_gap,"UI blank, DB=None",2026-07-08T00:09:24
유안타증권,00117601,분기x별도,operating_income,2017 CQ4,data_gap,"UI blank, DB=None",2026-07-08T00:09:24
유안타증권,00117601,분기x별도,operating_income,2018 CQ1,data_gap,"UI blank, DB=None",2026-07-08T00:09:24
유안타증권,00117601,분기x별도,operating_income,2018 CQ2,data_gap,"UI blank, DB=None",2026-07-08T00:09:24
유안타증권,00117601,분기x별도,operating_income,2018 CQ3,data_gap,"UI blank, DB=None",2026-07-08T00:09:24
유안타증권,00117601,분기x별도,operating_income,2018 CQ4,data_gap,"UI blank, DB=None",2026-07-08T00:09:24
유안타증권,00117601,분기x별도,operating_income,2022 CQ1,data_gap,"UI blank, DB=None",2026-07-08T00:09:24
유안타증권,00117601,분기x별도,operating_income,2022 CQ2,data_gap,"UI blank, DB=None",2026-07-08T00:09:24
유안타증권,00117601,분기x별도,operating_income,2022 CQ3,data_gap,"UI blank, DB=None",2026-07-08T00:09:24
유안타증권,00117601,분기x별도,operating_income,2022 CQ4,data_gap,"UI blank, DB=None",2026-07-08T00:09:24
유안타증권,00117601,분기x별도,operating_income,2023 CQ1,data_gap,"UI blank, DB=None",2026-07-08T00:09:24
유안타증권,00117601,분기x별도,operating_income,2023 CQ2,data_gap,"UI blank, DB=None",2026-07-08T00:09:24
유엔젤,00416654,연간x별도,revenue,2002,data_gap,"UI blank, DB=None",2026-07-08T00:09:43
유엔젤,00416654,연간x별도,operating_income,2002,data_gap,"UI blank, DB=None",2026-07-08T00:09:43
유엔젤,00416654,분기x별도,revenue,2011 CQ1,data_gap,"UI blank, DB=None",2026-07-08T00:09:57
유엔젤,00416654,분기x별도,revenue,2011 CQ2,data_gap,"UI blank, DB=None",2026-07-08T00:09:57
유유제약,00144818,연간x별도,revenue,2003,data_gap,"UI blank, DB=None",2026-07-08T00:10:16
유유제약,00144818,연간x별도,revenue,2005,data_gap,"UI blank, DB=None",2026-07-08T00:10:16
유유제약,00144818,연간x별도,operating_income,2003,data_gap,"UI blank, DB=None",2026-07-08T00:10:16
유유제약,00144818,연간x별도,operating_income,2005,data_gap,"UI blank, DB=None",2026-07-08T00:10:16
유한양행,00145109,연간x별도,operating_income,2003,data_gap,"UI blank, DB=None",2026-07-08T00:11:17
유한양행,00145109,분기x연결,revenue,2011 CQ2,data_gap,"UI blank, DB=None",2026-07-08T00:11:24
유한양행,00145109,분기x연결,revenue,2011 CQ3,data_gap,"UI blank, DB=None",2026-07-08T00:11:24
유한양행,00145109,분기x연결,revenue,2011 CQ4,data_gap,"UI blank, DB=None",2026-07-08T00:11:24
유한양행,00145109,분기x연결,operating_income,2011 CQ2,data_gap,"UI blank, DB=None",2026-07-08T00:11:24
유한양행,00145109,분기x연결,operating_income,2011 CQ3,data_gap,"UI blank, DB=None",2026-07-08T00:11:24
유한양행,00145109,분기x연결,operating_income,2011 CQ4,data_gap,"UI blank, DB=None",2026-07-08T00:11:24
유화증권,00145190,연간x연결,revenue,2007,data_gap,"UI blank, DB=None",2026-07-08T00:11:45
유화증권,00145190,연간x연결,operating_income,2007,data_gap,"UI blank, DB=None",2026-07-08T00:11:45
유화증권,00145190,연간x별도,revenue,2007,data_gap,"UI blank, DB=None",2026-07-08T00:11:50
유화증권,00145190,연간x별도,operating_income,2007,data_gap,"UI blank, DB=None",2026-07-08T00:11:50
율촌화학,00145260,분기x별도,revenue,2005 CQ4,data_gap,"UI blank, DB=None",2026-07-08T00:12:37
율촌화학,00145260,분기x별도,revenue,2006 CQ2,data_gap,"UI blank, DB=None",2026-07-08T00:12:37
율촌화학,00145260,분기x별도,revenue,2006 CQ3,data_gap,"UI blank, DB=None",2026-07-08T00:12:37
율촌화학,00145260,분기x별도,operating_income,2005 CQ4,data_gap,"UI blank, DB=None",2026-07-08T00:12:37
율촌화학,00145260,분기x별도,operating_income,2006 CQ2,data_gap,"UI blank, DB=None",2026-07-08T00:12:37
율촌화학,00145260,분기x별도,operating_income,2006 CQ3,data_gap,"UI blank, DB=None",2026-07-08T00:12:37
이건산업,00145446,분기x연결,operating_income,2009 CQ2,data_gap,"UI blank, DB=None",2026-07-08T00:13:02
이건산업,00145446,분기x연결,operating_income,2009 CQ3,data_gap,"UI blank, DB=None",2026-07-08T00:13:02
이건산업,00145446,분기x별도,operating_income,2009 CQ3,data_gap,"UI blank, DB=None",2026-07-08T00:13:10
이노션,00565154,분기x연결,revenue,2014 CQ2,data_gap,"UI blank, DB=None",2026-07-08T00:14:08
이노션,00565154,분기x연결,revenue,2014 CQ3,data_gap,"UI blank, DB=None",2026-07-08T00:14:08
이노션,00565154,분기x연결,operating_income,2014 CQ2,data_gap,"UI blank, DB=None",2026-07-08T00:14:08
이노션,00565154,분기x연결,operating_income,2014 CQ3,data_gap,"UI blank, DB=None",2026-07-08T00:14:08
이노션,00565154,분기x별도,revenue,2014 CQ2,data_gap,"UI blank, DB=None",2026-07-08T00:14:15
이노션,00565154,분기x별도,revenue,2014 CQ3,data_gap,"UI blank, DB=None",2026-07-08T00:14:15
이노션,00565154,분기x별도,operating_income,2014 CQ2,data_gap,"UI blank, DB=None",2026-07-08T00:14:15
이노션,00565154,분기x별도,operating_income,2014 CQ3,data_gap,"UI blank, DB=None",2026-07-08T00:14:15
