company,corp_code,stock_code,market,combo,tab,check_id,result,detail,elapsed_sec,timestamp
가비아,00506294,079940,KOSDAQ,연간x연결,재무제표,DS-1,PASS,,,2026-07-07T20:33:22
가비아,00506294,079940,KOSDAQ,연간x연결,상단,DS-8,PASS,,,2026-07-07T20:33:22
가비아,00506294,079940,KOSDAQ,연간x연결,상단,DS-7,PASS,"badges seen: ['✅', '🔎']",,2026-07-07T20:33:22
가비아,00506294,079940,KOSDAQ,연간x연결,재무제표,CV-3,PASS,rows=29 cols=12 slider_extended=True,,2026-07-07T20:33:22
가비아,00506294,079940,KOSDAQ,연간x연결,재무제표,DS-2/DS-3,DONE,"cross-check completed for ['매출액', '영업이익']",,2026-07-07T20:33:22
가비아,00506294,079940,KOSDAQ,연간x연결,지표,CV-6,PASS,default metric selection visible,,2026-07-07T20:33:22
가비아,00506294,079940,KOSDAQ,연간x별도,재무제표,DS-1,PASS,,,2026-07-07T20:33:27
가비아,00506294,079940,KOSDAQ,연간x별도,상단,DS-8,PASS,,,2026-07-07T20:33:27
가비아,00506294,079940,KOSDAQ,연간x별도,상단,DS-7,PASS,"badges seen: ['✅', '🔎']",,2026-07-07T20:33:27
가비아,00506294,079940,KOSDAQ,연간x별도,재무제표,CV-3,PASS,rows=29 cols=25 slider_extended=True,,2026-07-07T20:33:27
가비아,00506294,079940,KOSDAQ,연간x별도,재무제표,DS-2/DS-3,DONE,"cross-check completed for ['매출액', '영업이익']",,2026-07-07T20:33:27
가비아,00506294,079940,KOSDAQ,연간x별도,지표,CV-6,PASS,default metric selection visible,,2026-07-07T20:33:27
가비아,00506294,079940,KOSDAQ,분기x연결,재무제표,DS-1,PASS,,,2026-07-07T20:33:34
가비아,00506294,079940,KOSDAQ,분기x연결,상단,DS-8,PASS,,,2026-07-07T20:33:34
가비아,00506294,079940,KOSDAQ,분기x연결,상단,DS-7,PASS,"badges seen: ['✅', '🔎']",,2026-07-07T20:33:34
가비아,00506294,079940,KOSDAQ,분기x연결,재무제표,CV-3,PASS,rows=29 cols=63 slider_extended=True,,2026-07-07T20:33:34
가비아,00506294,079940,KOSDAQ,분기x연결,재무제표,DS-2/DS-3,DONE,"cross-check completed for ['매출액', '영업이익']",,2026-07-07T20:33:34
가비아,00506294,079940,KOSDAQ,분기x연결,지표,CV-6,PASS,default metric selection visible,,2026-07-07T20:33:34
가비아,00506294,079940,KOSDAQ,분기x별도,재무제표,DS-1,PASS,,,2026-07-07T20:33:41
가비아,00506294,079940,KOSDAQ,분기x별도,상단,DS-8,PASS,,,2026-07-07T20:33:41
가비아,00506294,079940,KOSDAQ,분기x별도,상단,DS-7,PASS,"badges seen: ['✅', '🔎']",,2026-07-07T20:33:41
가비아,00506294,079940,KOSDAQ,분기x별도,재무제표,CV-3,PASS,rows=29 cols=79 slider_extended=True,,2026-07-07T20:33:41
가비아,00506294,079940,KOSDAQ,분기x별도,재무제표,DS-2/DS-3,DONE,"cross-check completed for ['매출액', '영업이익']",,2026-07-07T20:33:41
가비아,00506294,079940,KOSDAQ,분기x별도,지표,CV-6,PASS,default metric selection visible,,2026-07-07T20:33:41
가온그룹,00441304,078890,KOSDAQ,연간x연결,재무제표,DS-1,PASS,,,2026-07-07T20:33:55
가온그룹,00441304,078890,KOSDAQ,연간x연결,상단,DS-8,PASS,,,2026-07-07T20:33:55
가온그룹,00441304,078890,KOSDAQ,연간x연결,상단,DS-7,PASS,"badges seen: ['✅', '🔎', '⚠']",,2026-07-07T20:33:55
가온그룹,00441304,078890,KOSDAQ,연간x연결,재무제표,CV-3,PASS,rows=29 cols=19 slider_extended=True,,2026-07-07T20:33:55
가온그룹,00441304,078890,KOSDAQ,연간x연결,재무제표,DS-2/DS-3,DONE,"cross-check completed for ['매출액', '영업이익']",,2026-07-07T20:33:55
가온그룹,00441304,078890,KOSDAQ,연간x연결,지표,CV-6,PASS,default metric selection visible,,2026-07-07T20:33:55
가온그룹,00441304,078890,KOSDAQ,연간x별도,재무제표,DS-1,PASS,,,2026-07-07T20:34:00
가온그룹,00441304,078890,KOSDAQ,연간x별도,상단,DS-8,PASS,,,2026-07-07T20:34:00
가온그룹,00441304,078890,KOSDAQ,연간x별도,상단,DS-7,PASS,"badges seen: ['✅', '🔎', '⚠']",,2026-07-07T20:34:00
가온그룹,00441304,078890,KOSDAQ,연간x별도,재무제표,CV-3,PASS,rows=29 cols=24 slider_extended=True,,2026-07-07T20:34:00
가온그룹,00441304,078890,KOSDAQ,연간x별도,재무제표,DS-2/DS-3,DONE,"cross-check completed for ['매출액', '영업이익']",,2026-07-07T20:34:00
가온그룹,00441304,078890,KOSDAQ,연간x별도,지표,CV-6,PASS,default metric selection visible,,2026-07-07T20:34:00
가온그룹,00441304,078890,KOSDAQ,분기x연결,재무제표,DS-1,PASS,,,2026-07-07T20:34:06
가온그룹,00441304,078890,KOSDAQ,분기x연결,상단,DS-8,PASS,,,2026-07-07T20:34:06
가온그룹,00441304,078890,KOSDAQ,분기x연결,상단,DS-7,PASS,"badges seen: ['✅', '🔎']",,2026-07-07T20:34:06
가온그룹,00441304,078890,KOSDAQ,분기x연결,재무제표,CV-3,PASS,rows=29 cols=60 slider_extended=True,,2026-07-07T20:34:06
가온그룹,00441304,078890,KOSDAQ,분기x연결,재무제표,DS-2/DS-3,DONE,"cross-check completed for ['매출액', '영업이익']",,2026-07-07T20:34:06
가온그룹,00441304,078890,KOSDAQ,분기x연결,지표,CV-6,PASS,default metric selection visible,,2026-07-07T20:34:06
가온그룹,00441304,078890,KOSDAQ,분기x별도,재무제표,DS-1,PASS,,,2026-07-07T20:34:14
가온그룹,00441304,078890,KOSDAQ,분기x별도,상단,DS-8,PASS,,,2026-07-07T20:34:14
가온그룹,00441304,078890,KOSDAQ,분기x별도,상단,DS-7,PASS,"badges seen: ['✅', '🔎']",,2026-07-07T20:34:14
가온그룹,00441304,078890,KOSDAQ,분기x별도,재무제표,CV-3,PASS,rows=29 cols=78 slider_extended=True,,2026-07-07T20:34:14
가온그룹,00441304,078890,KOSDAQ,분기x별도,재무제표,DS-2/DS-3,DONE,"cross-check completed for ['매출액', '영업이익']",,2026-07-07T20:34:14
가온그룹,00441304,078890,KOSDAQ,분기x별도,지표,CV-6,PASS,default metric selection visible,,2026-07-07T20:34:14
가온칩스,01364747,399720,KOSDAQ,연간x연결,재무제표,DS-1,PASS,,,2026-07-07T20:34:25
가온칩스,01364747,399720,KOSDAQ,연간x연결,상단,DS-8,PASS,,,2026-07-07T20:34:25
가온칩스,01364747,399720,KOSDAQ,연간x연결,상단,DS-7,PASS,"badges seen: ['✅', '🔎']",,2026-07-07T20:34:25
가온칩스,01364747,399720,KOSDAQ,연간x연결,재무제표,CV-3,PASS,rows=29 cols=8 slider_extended=True,,2026-07-07T20:34:25
가온칩스,01364747,399720,KOSDAQ,연간x연결,재무제표,DS-2/DS-3,DONE,"cross-check completed for ['매출액', '영업이익']",,2026-07-07T20:34:25
가온칩스,01364747,399720,KOSDAQ,연간x연결,지표,CV-6,PASS,default metric selection visible,,2026-07-07T20:34:25
가온칩스,01364747,399720,KOSDAQ,연간x별도,재무제표,DS-1,PASS,,,2026-07-07T20:34:30
가온칩스,01364747,399720,KOSDAQ,연간x별도,상단,DS-8,PASS,,,2026-07-07T20:34:30
가온칩스,01364747,399720,KOSDAQ,연간x별도,상단,DS-7,PASS,"badges seen: ['✅', '🔎']",,2026-07-07T20:34:30
가온칩스,01364747,399720,KOSDAQ,연간x별도,재무제표,CV-3,PASS,rows=29 cols=8 slider_extended=True,,2026-07-07T20:34:30
가온칩스,01364747,399720,KOSDAQ,연간x별도,재무제표,DS-2/DS-3,DONE,"cross-check completed for ['매출액', '영업이익']",,2026-07-07T20:34:30
가온칩스,01364747,399720,KOSDAQ,연간x별도,지표,CV-6,PASS,default metric selection visible,,2026-07-07T20:34:30
가온칩스,01364747,399720,KOSDAQ,분기x연결,재무제표,DS-1,PASS,,,2026-07-07T20:34:36
가온칩스,01364747,399720,KOSDAQ,분기x연결,상단,DS-8,PASS,,,2026-07-07T20:34:36
가온칩스,01364747,399720,KOSDAQ,분기x연결,상단,DS-7,PASS,"badges seen: ['✅', '🔎']",,2026-07-07T20:34:36
가온칩스,01364747,399720,KOSDAQ,분기x연결,재무제표,CV-3,PASS,rows=29 cols=21 slider_extended=True,,2026-07-07T20:34:36
가온칩스,01364747,399720,KOSDAQ,분기x연결,재무제표,DS-2/DS-3,DONE,"cross-check completed for ['매출액', '영업이익']",,2026-07-07T20:34:36
가온칩스,01364747,399720,KOSDAQ,분기x연결,지표,CV-6,PASS,default metric selection visible,,2026-07-07T20:34:36
가온칩스,01364747,399720,KOSDAQ,분기x별도,재무제표,DS-1,PASS,,,2026-07-07T20:34:43
가온칩스,01364747,399720,KOSDAQ,분기x별도,상단,DS-8,PASS,,,2026-07-07T20:34:43
가온칩스,01364747,399720,KOSDAQ,분기x별도,상단,DS-7,PASS,"badges seen: ['✅', '🔎']",,2026-07-07T20:34:43
가온칩스,01364747,399720,KOSDAQ,분기x별도,재무제표,CV-3,PASS,rows=29 cols=23 slider_extended=True,,2026-07-07T20:34:43
가온칩스,01364747,399720,KOSDAQ,분기x별도,재무제표,DS-2/DS-3,DONE,"cross-check completed for ['매출액', '영업이익']",,2026-07-07T20:34:43
가온칩스,01364747,399720,KOSDAQ,분기x별도,지표,CV-6,PASS,default metric selection visible,,2026-07-07T20:34:43
감성코퍼레이션,00261009,036620,KOSDAQ,연간x연결,재무제표,DS-1,PASS,,,2026-07-07T20:34:57
감성코퍼레이션,00261009,036620,KOSDAQ,연간x연결,상단,DS-8,PASS,,,2026-07-07T20:34:57
감성코퍼레이션,00261009,036620,KOSDAQ,연간x연결,상단,DS-7,PASS,"badges seen: ['✅', '🔎', '⚠']",,2026-07-07T20:34:57
감성코퍼레이션,00261009,036620,KOSDAQ,연간x연결,재무제표,CV-3,PASS,rows=29 cols=10 slider_extended=True,,2026-07-07T20:34:57
감성코퍼레이션,00261009,036620,KOSDAQ,연간x연결,재무제표,DS-2/DS-3,DONE,"cross-check completed for ['매출액', '영업이익']",,2026-07-07T20:34:57
감성코퍼레이션,00261009,036620,KOSDAQ,연간x연결,지표,CV-6,PASS,default metric selection visible,,2026-07-07T20:34:57
감성코퍼레이션,00261009,036620,KOSDAQ,연간x별도,재무제표,DS-1,PASS,,,2026-07-07T20:35:02
감성코퍼레이션,00261009,036620,KOSDAQ,연간x별도,상단,DS-8,PASS,,,2026-07-07T20:35:02
감성코퍼레이션,00261009,036620,KOSDAQ,연간x별도,상단,DS-7,PASS,"badges seen: ['✅', '🔎', '⚠']",,2026-07-07T20:35:02
감성코퍼레이션,00261009,036620,KOSDAQ,연간x별도,재무제표,CV-3,PASS,rows=29 cols=26 slider_extended=True,,2026-07-07T20:35:02
감성코퍼레이션,00261009,036620,KOSDAQ,연간x별도,재무제표,DS-2/DS-3,DONE,"cross-check completed for ['매출액', '영업이익']",,2026-07-07T20:35:02
감성코퍼레이션,00261009,036620,KOSDAQ,연간x별도,지표,CV-6,PASS,default metric selection visible,,2026-07-07T20:35:02
감성코퍼레이션,00261009,036620,KOSDAQ,분기x연결,재무제표,DS-1,PASS,,,2026-07-07T20:35:08
감성코퍼레이션,00261009,036620,KOSDAQ,분기x연결,상단,DS-8,PASS,,,2026-07-07T20:35:08
감성코퍼레이션,00261009,036620,KOSDAQ,분기x연결,상단,DS-7,PASS,"badges seen: ['✅', '🔎', '⚠']",,2026-07-07T20:35:08
감성코퍼레이션,00261009,036620,KOSDAQ,분기x연결,재무제표,CV-3,PASS,rows=29 cols=23 slider_extended=True,,2026-07-07T20:35:08
감성코퍼레이션,00261009,036620,KOSDAQ,분기x연결,재무제표,DS-2/DS-3,DONE,"cross-check completed for ['매출액', '영업이익']",,2026-07-07T20:35:08
감성코퍼레이션,00261009,036620,KOSDAQ,분기x연결,지표,CV-6,PASS,default metric selection visible,,2026-07-07T20:35:08
감성코퍼레이션,00261009,036620,KOSDAQ,분기x별도,재무제표,DS-1,PASS,,,2026-07-07T20:35:16
감성코퍼레이션,00261009,036620,KOSDAQ,분기x별도,상단,DS-8,PASS,,,2026-07-07T20:35:16
감성코퍼레이션,00261009,036620,KOSDAQ,분기x별도,상단,DS-7,PASS,"badges seen: ['✅', '🔎']",,2026-07-07T20:35:16
감성코퍼레이션,00261009,036620,KOSDAQ,분기x별도,재무제표,CV-3,PASS,rows=29 cols=87 slider_extended=True,,2026-07-07T20:35:16
감성코퍼레이션,00261009,036620,KOSDAQ,분기x별도,재무제표,DS-2/DS-3,DONE,"cross-check completed for ['매출액', '영업이익']",,2026-07-07T20:35:16
감성코퍼레이션,00261009,036620,KOSDAQ,분기x별도,지표,CV-6,PASS,default metric selection visible,,2026-07-07T20:35:16
강동씨앤엘,01032583,198440,KOSDAQ,연간x연결,재무제표,DS-1,PASS,,,2026-07-07T20:35:27
강동씨앤엘,01032583,198440,KOSDAQ,연간x연결,상단,DS-8,PASS,,,2026-07-07T20:35:27
강동씨앤엘,01032583,198440,KOSDAQ,연간x연결,상단,DS-4,PASS,substitution caption present,,2026-07-07T20:35:27
강동씨앤엘,01032583,198440,KOSDAQ,연간x연결,상단,DS-7,PASS,"badges seen: ['✅', '🔎', '⚠']",,2026-07-07T20:35:27
강동씨앤엘,01032583,198440,KOSDAQ,연간x연결,재무제표,CV-3,PASS,rows=29 cols=14 slider_extended=True,,2026-07-07T20:35:27
강동씨앤엘,01032583,198440,KOSDAQ,연간x연결,재무제표,DS-2/DS-3,DONE,"cross-check completed for ['매출액', '영업이익']",,2026-07-07T20:35:27
강동씨앤엘,01032583,198440,KOSDAQ,연간x연결,지표,CV-6,PASS,default metric selection visible,,2026-07-07T20:35:27
강동씨앤엘,01032583,198440,KOSDAQ,연간x별도,재무제표,DS-1,PASS,,,2026-07-07T20:35:32
강동씨앤엘,01032583,198440,KOSDAQ,연간x별도,상단,DS-8,PASS,,,2026-07-07T20:35:32
강동씨앤엘,01032583,198440,KOSDAQ,연간x별도,상단,DS-7,PASS,"badges seen: ['✅', '🔎', '⚠']",,2026-07-07T20:35:32
강동씨앤엘,01032583,198440,KOSDAQ,연간x별도,재무제표,CV-3,PASS,rows=29 cols=14 slider_extended=True,,2026-07-07T20:35:32
강동씨앤엘,01032583,198440,KOSDAQ,연간x별도,재무제표,DS-2/DS-3,DONE,"cross-check completed for ['매출액', '영업이익']",,2026-07-07T20:35:32
강동씨앤엘,01032583,198440,KOSDAQ,연간x별도,지표,CV-6,PASS,default metric selection visible,,2026-07-07T20:35:32
강동씨앤엘,01032583,198440,KOSDAQ,분기x연결,재무제표,DS-1,PASS,,,2026-07-07T20:35:38
강동씨앤엘,01032583,198440,KOSDAQ,분기x연결,상단,DS-8,PASS,,,2026-07-07T20:35:38
강동씨앤엘,01032583,198440,KOSDAQ,분기x연결,상단,DS-4,PASS,substitution caption present,,2026-07-07T20:35:38
강동씨앤엘,01032583,198440,KOSDAQ,분기x연결,상단,DS-7,PASS,"badges seen: ['✅', '🔎']",,2026-07-07T20:35:38
강동씨앤엘,01032583,198440,KOSDAQ,분기x연결,재무제표,CV-3,PASS,rows=29 cols=48 slider_extended=True,,2026-07-07T20:35:38
강동씨앤엘,01032583,198440,KOSDAQ,분기x연결,재무제표,DS-2/DS-3,DONE,"cross-check completed for ['매출액', '영업이익']",,2026-07-07T20:35:38
강동씨앤엘,01032583,198440,KOSDAQ,분기x연결,지표,CV-6,PASS,default metric selection visible,,2026-07-07T20:35:38
강동씨앤엘,01032583,198440,KOSDAQ,분기x별도,재무제표,DS-1,PASS,,,2026-07-07T20:35:45
강동씨앤엘,01032583,198440,KOSDAQ,분기x별도,상단,DS-8,PASS,,,2026-07-07T20:35:45
강동씨앤엘,01032583,198440,KOSDAQ,분기x별도,상단,DS-7,PASS,"badges seen: ['✅', '🔎']",,2026-07-07T20:35:45
강동씨앤엘,01032583,198440,KOSDAQ,분기x별도,재무제표,CV-3,PASS,rows=29 cols=48 slider_extended=True,,2026-07-07T20:35:45
강동씨앤엘,01032583,198440,KOSDAQ,분기x별도,재무제표,DS-2/DS-3,DONE,"cross-check completed for ['매출액', '영업이익']",,2026-07-07T20:35:45
강동씨앤엘,01032583,198440,KOSDAQ,분기x별도,지표,CV-6,PASS,default metric selection visible,,2026-07-07T20:35:45
강스템바이오텍,01025644,217730,KOSDAQ,연간x연결,재무제표,DS-1,PASS,,,2026-07-07T20:35:59
강스템바이오텍,01025644,217730,KOSDAQ,연간x연결,상단,DS-8,PASS,,,2026-07-07T20:35:59
강스템바이오텍,01025644,217730,KOSDAQ,연간x연결,상단,DS-7,PASS,"badges seen: ['✅', '🔎', '⚠']",,2026-07-07T20:35:59
강스템바이오텍,01025644,217730,KOSDAQ,연간x연결,재무제표,CV-3,PASS,rows=29 cols=13 slider_extended=True,,2026-07-07T20:35:59
강스템바이오텍,01025644,217730,KOSDAQ,연간x연결,재무제표,DS-2/DS-3,DONE,"cross-check completed for ['매출액', '영업이익']",,2026-07-07T20:35:59
강스템바이오텍,01025644,217730,KOSDAQ,연간x연결,지표,CV-6,PASS,default metric selection visible,,2026-07-07T20:35:59
강스템바이오텍,01025644,217730,KOSDAQ,연간x별도,재무제표,DS-1,PASS,,,2026-07-07T20:36:04
강스템바이오텍,01025644,217730,KOSDAQ,연간x별도,상단,DS-8,PASS,,,2026-07-07T20:36:04
강스템바이오텍,01025644,217730,KOSDAQ,연간x별도,상단,DS-7,PASS,"badges seen: ['✅', '🔎', '⚠']",,2026-07-07T20:36:04
강스템바이오텍,01025644,217730,KOSDAQ,연간x별도,재무제표,CV-3,PASS,rows=29 cols=15 slider_extended=True,,2026-07-07T20:36:04
강스템바이오텍,01025644,217730,KOSDAQ,연간x별도,재무제표,DS-2/DS-3,DONE,"cross-check completed for ['매출액', '영업이익']",,2026-07-07T20:36:04
강스템바이오텍,01025644,217730,KOSDAQ,연간x별도,지표,CV-6,PASS,default metric selection visible,,2026-07-07T20:36:04
강스템바이오텍,01025644,217730,KOSDAQ,분기x연결,재무제표,DS-1,PASS,,,2026-07-07T20:36:10
강스템바이오텍,01025644,217730,KOSDAQ,분기x연결,상단,DS-8,PASS,,,2026-07-07T20:36:10
강스템바이오텍,01025644,217730,KOSDAQ,분기x연결,상단,DS-7,PASS,"badges seen: ['✅', '🔎']",,2026-07-07T20:36:10
강스템바이오텍,01025644,217730,KOSDAQ,분기x연결,재무제표,CV-3,PASS,rows=29 cols=40 slider_extended=True,,2026-07-07T20:36:10
강스템바이오텍,01025644,217730,KOSDAQ,분기x연결,재무제표,DS-2/DS-3,DONE,"cross-check completed for ['매출액', '영업이익']",,2026-07-07T20:36:10
강스템바이오텍,01025644,217730,KOSDAQ,분기x연결,지표,CV-6,PASS,default metric selection visible,,2026-07-07T20:36:10
강스템바이오텍,01025644,217730,KOSDAQ,분기x별도,재무제표,DS-1,PASS,,,2026-07-07T20:36:18
강스템바이오텍,01025644,217730,KOSDAQ,분기x별도,상단,DS-8,PASS,,,2026-07-07T20:36:18
강스템바이오텍,01025644,217730,KOSDAQ,분기x별도,상단,DS-7,PASS,"badges seen: ['✅', '🔎']",,2026-07-07T20:36:18
강스템바이오텍,01025644,217730,KOSDAQ,분기x별도,재무제표,CV-3,PASS,rows=29 cols=51 slider_extended=True,,2026-07-07T20:36:18
강스템바이오텍,01025644,217730,KOSDAQ,분기x별도,재무제표,DS-2/DS-3,DONE,"cross-check completed for ['매출액', '영업이익']",,2026-07-07T20:36:18
강스템바이오텍,01025644,217730,KOSDAQ,분기x별도,지표,CV-6,PASS,default metric selection visible,,2026-07-07T20:36:18
갤럭시아머니트리,00587457,094480,KOSDAQ,연간x연결,재무제표,DS-1,PASS,,,2026-07-07T20:36:31
갤럭시아머니트리,00587457,094480,KOSDAQ,연간x연결,상단,DS-8,PASS,,,2026-07-07T20:36:31
갤럭시아머니트리,00587457,094480,KOSDAQ,연간x연결,상단,DS-7,PASS,"badges seen: ['✅', '🔎', '⚠']",,2026-07-07T20:36:31
갤럭시아머니트리,00587457,094480,KOSDAQ,연간x연결,재무제표,CV-3,PASS,rows=29 cols=19 slider_extended=True,,2026-07-07T20:36:31
갤럭시아머니트리,00587457,094480,KOSDAQ,연간x연결,재무제표,DS-2/DS-3,DONE,"cross-check completed for ['매출액', '영업이익']",,2026-07-07T20:36:31
갤럭시아머니트리,00587457,094480,KOSDAQ,연간x연결,지표,CV-6,PASS,default metric selection visible,,2026-07-07T20:36:31
갤럭시아머니트리,00587457,094480,KOSDAQ,연간x별도,재무제표,DS-1,PASS,,,2026-07-07T20:36:36
갤럭시아머니트리,00587457,094480,KOSDAQ,연간x별도,상단,DS-8,PASS,,,2026-07-07T20:36:36
갤럭시아머니트리,00587457,094480,KOSDAQ,연간x별도,상단,DS-7,PASS,"badges seen: ['✅', '🔎']",,2026-07-07T20:36:36
갤럭시아머니트리,00587457,094480,KOSDAQ,연간x별도,재무제표,CV-3,PASS,rows=29 cols=23 slider_extended=True,,2026-07-07T20:36:36
갤럭시아머니트리,00587457,094480,KOSDAQ,연간x별도,재무제표,DS-2/DS-3,DONE,"cross-check completed for ['매출액', '영업이익']",,2026-07-07T20:36:36
갤럭시아머니트리,00587457,094480,KOSDAQ,연간x별도,지표,CV-6,PASS,default metric selection visible,,2026-07-07T20:36:36
갤럭시아머니트리,00587457,094480,KOSDAQ,분기x연결,재무제표,DS-1,PASS,,,2026-07-07T20:36:43
갤럭시아머니트리,00587457,094480,KOSDAQ,분기x연결,상단,DS-8,PASS,,,2026-07-07T20:36:43
갤럭시아머니트리,00587457,094480,KOSDAQ,분기x연결,상단,DS-7,PASS,"badges seen: ['✅', '🔎']",,2026-07-07T20:36:43
갤럭시아머니트리,00587457,094480,KOSDAQ,분기x연결,재무제표,CV-3,PASS,rows=29 cols=60 slider_extended=True,,2026-07-07T20:36:43
갤럭시아머니트리,00587457,094480,KOSDAQ,분기x연결,재무제표,DS-2/DS-3,DONE,"cross-check completed for ['매출액', '영업이익']",,2026-07-07T20:36:43
갤럭시아머니트리,00587457,094480,KOSDAQ,분기x연결,지표,CV-6,PASS,default metric selection visible,,2026-07-07T20:36:43
갤럭시아머니트리,00587457,094480,KOSDAQ,분기x별도,재무제표,DS-1,PASS,,,2026-07-07T20:36:50
갤럭시아머니트리,00587457,094480,KOSDAQ,분기x별도,상단,DS-8,PASS,,,2026-07-07T20:36:50
갤럭시아머니트리,00587457,094480,KOSDAQ,분기x별도,상단,DS-7,PASS,"badges seen: ['✅', '🔎']",,2026-07-07T20:36:50
갤럭시아머니트리,00587457,094480,KOSDAQ,분기x별도,재무제표,CV-3,PASS,rows=29 cols=72 slider_extended=True,,2026-07-07T20:36:50
갤럭시아머니트리,00587457,094480,KOSDAQ,분기x별도,재무제표,DS-2/DS-3,DONE,"cross-check completed for ['매출액', '영업이익']",,2026-07-07T20:36:50
갤럭시아머니트리,00587457,094480,KOSDAQ,분기x별도,지표,CV-6,PASS,default metric selection visible,,2026-07-07T20:36:50
경남스틸,00206039,039240,KOSDAQ,연간x연결,재무제표,DS-1,PASS,,,2026-07-07T20:37:03
경남스틸,00206039,039240,KOSDAQ,연간x연결,상단,DS-8,PASS,,,2026-07-07T20:37:03
경남스틸,00206039,039240,KOSDAQ,연간x연결,상단,DS-7,PASS,"badges seen: ['✅', '🔎']",,2026-07-07T20:37:03
경남스틸,00206039,039240,KOSDAQ,연간x연결,재무제표,CV-3,FAIL,CSV download failed: button not present in DOM,,2026-07-07T20:37:03
경남스틸,00206039,039240,KOSDAQ,연간x연결,지표,CV-6,PASS,default metric selection visible,,2026-07-07T20:37:03
경남스틸,00206039,039240,KOSDAQ,연간x별도,재무제표,DS-1,PASS,,,2026-07-07T20:37:11
경남스틸,00206039,039240,KOSDAQ,연간x별도,상단,DS-8,PASS,,,2026-07-07T20:37:11
경남스틸,00206039,039240,KOSDAQ,연간x별도,상단,DS-7,PASS,"badges seen: ['✅', '🔎', '⚠']",,2026-07-07T20:37:11
경남스틸,00206039,039240,KOSDAQ,연간x별도,재무제표,CV-3,PASS,rows=29 cols=27 slider_extended=True,,2026-07-07T20:37:11
경남스틸,00206039,039240,KOSDAQ,연간x별도,재무제표,DS-2/DS-3,DONE,"cross-check completed for ['매출액', '영업이익']",,2026-07-07T20:37:11
경남스틸,00206039,039240,KOSDAQ,연간x별도,지표,CV-6,PASS,default metric selection visible,,2026-07-07T20:37:11
경남스틸,00206039,039240,KOSDAQ,분기x연결,재무제표,DS-1,PASS,,,2026-07-07T20:37:17
경남스틸,00206039,039240,KOSDAQ,분기x연결,상단,DS-8,PASS,,,2026-07-07T20:37:17
경남스틸,00206039,039240,KOSDAQ,분기x연결,상단,DS-4,PASS,substitution caption present,,2026-07-07T20:37:17
경남스틸,00206039,039240,KOSDAQ,분기x연결,상단,DS-7,PASS,"badges seen: ['✅', '🔎']",,2026-07-07T20:37:17
경남스틸,00206039,039240,KOSDAQ,분기x연결,재무제표,CV-3,PASS,rows=29 cols=71 slider_extended=True,,2026-07-07T20:37:17
경남스틸,00206039,039240,KOSDAQ,분기x연결,재무제표,DS-2/DS-3,DONE,"cross-check completed for ['매출액', '영업이익']",,2026-07-07T20:37:17
경남스틸,00206039,039240,KOSDAQ,분기x연결,지표,CV-6,PASS,default metric selection visible,,2026-07-07T20:37:17
경남스틸,00206039,039240,KOSDAQ,분기x별도,재무제표,DS-1,PASS,,,2026-07-07T20:37:25
경남스틸,00206039,039240,KOSDAQ,분기x별도,상단,DS-8,PASS,,,2026-07-07T20:37:25
경남스틸,00206039,039240,KOSDAQ,분기x별도,상단,DS-7,PASS,"badges seen: ['✅', '🔎']",,2026-07-07T20:37:25
경남스틸,00206039,039240,KOSDAQ,분기x별도,재무제표,CV-3,PASS,rows=29 cols=71 slider_extended=True,,2026-07-07T20:37:25
경남스틸,00206039,039240,KOSDAQ,분기x별도,재무제표,DS-2/DS-3,DONE,"cross-check completed for ['매출액', '영업이익']",,2026-07-07T20:37:25
경남스틸,00206039,039240,KOSDAQ,분기x별도,지표,CV-6,FAIL,default metrics not found,,2026-07-07T20:37:25
경남제약,00307028,053950,KOSDAQ,연간x연결,재무제표,DS-1,PASS,,,2026-07-07T20:37:38
경남제약,00307028,053950,KOSDAQ,연간x연결,상단,DS-8,PASS,,,2026-07-07T20:37:38
경남제약,00307028,053950,KOSDAQ,연간x연결,상단,DS-7,PASS,"badges seen: ['✅', '🔎', '⚠']",,2026-07-07T20:37:38
경남제약,00307028,053950,KOSDAQ,연간x연결,재무제표,CV-3,PASS,rows=29 cols=11 slider_extended=True,,2026-07-07T20:37:38
경남제약,00307028,053950,KOSDAQ,연간x연결,재무제표,DS-2/DS-3,DONE,"cross-check completed for ['매출액', '영업이익']",,2026-07-07T20:37:38
경남제약,00307028,053950,KOSDAQ,연간x연결,지표,CV-6,PASS,default metric selection visible,,2026-07-07T20:37:38
경남제약,00307028,053950,KOSDAQ,연간x별도,재무제표,DS-1,PASS,,,2026-07-07T20:37:43
경남제약,00307028,053950,KOSDAQ,연간x별도,상단,DS-8,PASS,,,2026-07-07T20:37:43
경남제약,00307028,053950,KOSDAQ,연간x별도,상단,DS-7,PASS,"badges seen: ['✅', '🔎', '⚠']",,2026-07-07T20:37:43
경남제약,00307028,053950,KOSDAQ,연간x별도,재무제표,CV-3,PASS,rows=29 cols=28 slider_extended=True,,2026-07-07T20:37:43
경남제약,00307028,053950,KOSDAQ,연간x별도,재무제표,DS-2/DS-3,DONE,"cross-check completed for ['매출액', '영업이익']",,2026-07-07T20:37:43
경남제약,00307028,053950,KOSDAQ,연간x별도,지표,CV-6,PASS,default metric selection visible,,2026-07-07T20:37:43
경남제약,00307028,053950,KOSDAQ,분기x연결,재무제표,DS-1,PASS,,,2026-07-07T20:37:50
경남제약,00307028,053950,KOSDAQ,분기x연결,상단,DS-8,PASS,,,2026-07-07T20:37:50
경남제약,00307028,053950,KOSDAQ,분기x연결,상단,DS-7,PASS,"badges seen: ['✅', '🔎', '⚠']",,2026-07-07T20:37:50
경남제약,00307028,053950,KOSDAQ,분기x연결,재무제표,CV-3,PASS,rows=29 cols=38 slider_extended=True,,2026-07-07T20:37:50
경남제약,00307028,053950,KOSDAQ,분기x연결,재무제표,DS-2/DS-3,DONE,"cross-check completed for ['매출액', '영업이익']",,2026-07-07T20:37:50
경남제약,00307028,053950,KOSDAQ,분기x연결,지표,CV-6,PASS,default metric selection visible,,2026-07-07T20:37:50
경남제약,00307028,053950,KOSDAQ,분기x별도,재무제표,DS-1,PASS,,,2026-07-07T20:37:57
경남제약,00307028,053950,KOSDAQ,분기x별도,상단,DS-8,PASS,,,2026-07-07T20:37:57
경남제약,00307028,053950,KOSDAQ,분기x별도,상단,DS-7,PASS,"badges seen: ['✅', '🔎', '⚠']",,2026-07-07T20:37:57
경남제약,00307028,053950,KOSDAQ,분기x별도,재무제표,CV-3,PASS,rows=29 cols=83 slider_extended=True,,2026-07-07T20:37:57
경남제약,00307028,053950,KOSDAQ,분기x별도,재무제표,DS-2/DS-3,DONE,"cross-check completed for ['매출액', '영업이익']",,2026-07-07T20:37:57
경남제약,00307028,053950,KOSDAQ,분기x별도,지표,CV-6,PASS,default metric selection visible,,2026-07-07T20:37:57
고려신용정보,00336297,049720,KOSDAQ,연간x연결,재무제표,DS-1,PASS,,,2026-07-07T20:38:11
고려신용정보,00336297,049720,KOSDAQ,연간x연결,상단,DS-8,PASS,,,2026-07-07T20:38:11
고려신용정보,00336297,049720,KOSDAQ,연간x연결,상단,DS-7,PASS,"badges seen: ['✅', '🔎']",,2026-07-07T20:38:11
고려신용정보,00336297,049720,KOSDAQ,연간x연결,재무제표,CV-3,PASS,rows=29 cols=18 slider_extended=True,,2026-07-07T20:38:11
고려신용정보,00336297,049720,KOSDAQ,연간x연결,재무제표,DS-2/DS-3,DONE,"cross-check completed for ['매출액', '영업이익']",,2026-07-07T20:38:11
고려신용정보,00336297,049720,KOSDAQ,연간x연결,지표,CV-6,PASS,default metric selection visible,,2026-07-07T20:38:11
고려신용정보,00336297,049720,KOSDAQ,연간x별도,재무제표,DS-1,PASS,,,2026-07-07T20:38:16
고려신용정보,00336297,049720,KOSDAQ,연간x별도,상단,DS-8,PASS,,,2026-07-07T20:38:16
고려신용정보,00336297,049720,KOSDAQ,연간x별도,상단,DS-7,PASS,"badges seen: ['✅', '🔎']",,2026-07-07T20:38:16
고려신용정보,00336297,049720,KOSDAQ,연간x별도,재무제표,CV-3,PASS,rows=29 cols=27 slider_extended=True,,2026-07-07T20:38:16
고려신용정보,00336297,049720,KOSDAQ,연간x별도,재무제표,DS-2/DS-3,DONE,"cross-check completed for ['매출액', '영업이익']",,2026-07-07T20:38:16
고려신용정보,00336297,049720,KOSDAQ,연간x별도,지표,CV-6,PASS,default metric selection visible,,2026-07-07T20:38:16
고려신용정보,00336297,049720,KOSDAQ,분기x연결,재무제표,DS-1,PASS,,,2026-07-07T20:38:22
고려신용정보,00336297,049720,KOSDAQ,분기x연결,상단,DS-8,PASS,,,2026-07-07T20:38:22
고려신용정보,00336297,049720,KOSDAQ,분기x연결,상단,DS-7,PASS,"badges seen: ['✅', '🔎']",,2026-07-07T20:38:22
고려신용정보,00336297,049720,KOSDAQ,분기x연결,재무제표,CV-3,PASS,rows=29 cols=60 slider_extended=True,,2026-07-07T20:38:22
고려신용정보,00336297,049720,KOSDAQ,분기x연결,재무제표,DS-2/DS-3,DONE,"cross-check completed for ['매출액', '영업이익']",,2026-07-07T20:38:22
고려신용정보,00336297,049720,KOSDAQ,분기x연결,지표,CV-6,PASS,default metric selection visible,,2026-07-07T20:38:22
고려신용정보,00336297,049720,KOSDAQ,분기x별도,재무제표,DS-1,PASS,,,2026-07-07T20:38:30
고려신용정보,00336297,049720,KOSDAQ,분기x별도,상단,DS-8,PASS,,,2026-07-07T20:38:30
고려신용정보,00336297,049720,KOSDAQ,분기x별도,상단,DS-7,PASS,"badges seen: ['✅', '🔎']",,2026-07-07T20:38:30
고려신용정보,00336297,049720,KOSDAQ,분기x별도,재무제표,CV-3,PASS,rows=29 cols=14 slider_extended=True,,2026-07-07T20:38:30
고려신용정보,00336297,049720,KOSDAQ,분기x별도,재무제표,DS-2/DS-3,DONE,"cross-check completed for ['매출액', '영업이익']",,2026-07-07T20:38:30
고려신용정보,00336297,049720,KOSDAQ,분기x별도,지표,CV-6,PASS,default metric selection visible,,2026-07-07T20:38:30
고바이오랩,01399071,348150,KOSDAQ,연간x연결,재무제표,DS-1,PASS,,,2026-07-07T20:38:43
고바이오랩,01399071,348150,KOSDAQ,연간x연결,상단,DS-8,PASS,,,2026-07-07T20:38:43
고바이오랩,01399071,348150,KOSDAQ,연간x연결,상단,DS-7,PASS,"badges seen: ['✅', '🔎', '⚠']",,2026-07-07T20:38:43
고바이오랩,01399071,348150,KOSDAQ,연간x연결,재무제표,CV-3,PASS,rows=29 cols=10 slider_extended=True,,2026-07-07T20:38:43
고바이오랩,01399071,348150,KOSDAQ,연간x연결,재무제표,DS-2/DS-3,DONE,"cross-check completed for ['매출액', '영업이익']",,2026-07-07T20:38:43
고바이오랩,01399071,348150,KOSDAQ,연간x연결,지표,CV-6,PASS,default metric selection visible,,2026-07-07T20:38:43
고바이오랩,01399071,348150,KOSDAQ,연간x별도,재무제표,DS-1,PASS,,,2026-07-07T20:38:48
고바이오랩,01399071,348150,KOSDAQ,연간x별도,상단,DS-8,PASS,,,2026-07-07T20:38:48
고바이오랩,01399071,348150,KOSDAQ,연간x별도,상단,DS-7,PASS,"badges seen: ['✅', '🔎', '⚠']",,2026-07-07T20:38:48
고바이오랩,01399071,348150,KOSDAQ,연간x별도,재무제표,CV-3,PASS,rows=29 cols=10 slider_extended=True,,2026-07-07T20:38:48
고바이오랩,01399071,348150,KOSDAQ,연간x별도,재무제표,DS-2/DS-3,DONE,"cross-check completed for ['매출액', '영업이익']",,2026-07-07T20:38:48
고바이오랩,01399071,348150,KOSDAQ,연간x별도,지표,CV-6,PASS,default metric selection visible,,2026-07-07T20:38:48
고바이오랩,01399071,348150,KOSDAQ,분기x연결,재무제표,DS-1,PASS,,,2026-07-07T20:38:55
고바이오랩,01399071,348150,KOSDAQ,분기x연결,상단,DS-8,PASS,,,2026-07-07T20:38:55
고바이오랩,01399071,348150,KOSDAQ,분기x연결,상단,DS-7,PASS,"badges seen: ['✅', '🔎']",,2026-07-07T20:38:55
고바이오랩,01399071,348150,KOSDAQ,분기x연결,재무제표,CV-3,PASS,rows=29 cols=28 slider_extended=True,,2026-07-07T20:38:55
고바이오랩,01399071,348150,KOSDAQ,분기x연결,재무제표,DS-2/DS-3,DONE,"cross-check completed for ['매출액', '영업이익']",,2026-07-07T20:38:55
고바이오랩,01399071,348150,KOSDAQ,분기x연결,지표,CV-6,PASS,default metric selection visible,,2026-07-07T20:38:55
고바이오랩,01399071,348150,KOSDAQ,분기x별도,재무제표,DS-1,PASS,,,2026-07-07T20:39:02
고바이오랩,01399071,348150,KOSDAQ,분기x별도,상단,DS-8,PASS,,,2026-07-07T20:39:02
고바이오랩,01399071,348150,KOSDAQ,분기x별도,상단,DS-7,PASS,"badges seen: ['✅', '🔎']",,2026-07-07T20:39:02
고바이오랩,01399071,348150,KOSDAQ,분기x별도,재무제표,CV-3,PASS,rows=29 cols=28 slider_extended=True,,2026-07-07T20:39:02
고바이오랩,01399071,348150,KOSDAQ,분기x별도,재무제표,DS-2/DS-3,DONE,"cross-check completed for ['매출액', '영업이익']",,2026-07-07T20:39:02
고바이오랩,01399071,348150,KOSDAQ,분기x별도,지표,CV-6,PASS,default metric selection visible,,2026-07-07T20:39:02
고스트스튜디오,01416235,950190,KOSDAQ,연간x연결,재무제표,DS-1,PASS,,,2026-07-07T20:39:15
고스트스튜디오,01416235,950190,KOSDAQ,연간x연결,상단,DS-8,PASS,,,2026-07-07T20:39:15
고스트스튜디오,01416235,950190,KOSDAQ,연간x연결,상단,DS-7,PASS,"badges seen: ['✅', '🔎']",,2026-07-07T20:39:15
고스트스튜디오,01416235,950190,KOSDAQ,연간x연결,재무제표,CV-3,PASS,rows=29 cols=10 slider_extended=True,,2026-07-07T20:39:15
고스트스튜디오,01416235,950190,KOSDAQ,연간x연결,재무제표,DS-2/DS-3,DONE,"cross-check completed for ['매출액', '영업이익']",,2026-07-07T20:39:15
고스트스튜디오,01416235,950190,KOSDAQ,연간x연결,지표,CV-6,PASS,default metric selection visible,,2026-07-07T20:39:15
고스트스튜디오,01416235,950190,KOSDAQ,연간x별도,재무제표,DS-1,PASS,,,2026-07-07T20:39:21
고스트스튜디오,01416235,950190,KOSDAQ,연간x별도,상단,DS-8,PASS,,,2026-07-07T20:39:21
고스트스튜디오,01416235,950190,KOSDAQ,연간x별도,상단,DS-7,PASS,"badges seen: ['✅', '🔎', '⚠']",,2026-07-07T20:39:21
고스트스튜디오,01416235,950190,KOSDAQ,연간x별도,재무제표,CV-3,PASS,rows=29 cols=10 slider_extended=True,,2026-07-07T20:39:21
고스트스튜디오,01416235,950190,KOSDAQ,연간x별도,재무제표,DS-2/DS-3,DONE,"cross-check completed for ['매출액', '영업이익']",,2026-07-07T20:39:21
고스트스튜디오,01416235,950190,KOSDAQ,연간x별도,지표,CV-6,PASS,default metric selection visible,,2026-07-07T20:39:21
고스트스튜디오,01416235,950190,KOSDAQ,분기x연결,재무제표,DS-1,PASS,,,2026-07-07T20:39:27
고스트스튜디오,01416235,950190,KOSDAQ,분기x연결,상단,DS-8,PASS,,,2026-07-07T20:39:27
고스트스튜디오,01416235,950190,KOSDAQ,분기x연결,상단,DS-7,PASS,"badges seen: ['✅', '🔎']",,2026-07-07T20:39:27
고스트스튜디오,01416235,950190,KOSDAQ,분기x연결,재무제표,CV-3,PASS,rows=29 cols=29 slider_extended=True,,2026-07-07T20:39:27
고스트스튜디오,01416235,950190,KOSDAQ,분기x연결,재무제표,DS-2/DS-3,DONE,"cross-check completed for ['매출액', '영업이익']",,2026-07-07T20:39:27
고스트스튜디오,01416235,950190,KOSDAQ,분기x연결,지표,CV-6,PASS,default metric selection visible,,2026-07-07T20:39:27
고스트스튜디오,01416235,950190,KOSDAQ,분기x별도,재무제표,DS-1,PASS,,,2026-07-07T20:39:34
고스트스튜디오,01416235,950190,KOSDAQ,분기x별도,상단,DS-8,PASS,,,2026-07-07T20:39:34
고스트스튜디오,01416235,950190,KOSDAQ,분기x별도,상단,DS-7,PASS,"badges seen: ['✅', '🔎']",,2026-07-07T20:39:34
고스트스튜디오,01416235,950190,KOSDAQ,분기x별도,재무제표,CV-3,PASS,rows=29 cols=29 slider_extended=True,,2026-07-07T20:39:34
고스트스튜디오,01416235,950190,KOSDAQ,분기x별도,재무제표,DS-2/DS-3,DONE,"cross-check completed for ['매출액', '영업이익']",,2026-07-07T20:39:34
고스트스튜디오,01416235,950190,KOSDAQ,분기x별도,지표,CV-6,PASS,default metric selection visible,,2026-07-07T20:39:34
고영,00579999,098460,KOSDAQ,연간x연결,재무제표,DS-1,PASS,,,2026-07-07T20:39:48
고영,00579999,098460,KOSDAQ,연간x연결,상단,DS-8,PASS,,,2026-07-07T20:39:48
고영,00579999,098460,KOSDAQ,연간x연결,상단,DS-7,PASS,"badges seen: ['✅', '🔎', '⚠']",,2026-07-07T20:39:48
고영,00579999,098460,KOSDAQ,연간x연결,재무제표,CV-3,PASS,rows=29 cols=19 slider_extended=True,,2026-07-07T20:39:48
고영,00579999,098460,KOSDAQ,연간x연결,재무제표,DS-2/DS-3,DONE,"cross-check completed for ['매출액', '영업이익']",,2026-07-07T20:39:48
고영,00579999,098460,KOSDAQ,연간x연결,지표,CV-6,PASS,default metric selection visible,,2026-07-07T20:39:48
고영,00579999,098460,KOSDAQ,연간x별도,재무제표,DS-1,PASS,,,2026-07-07T20:39:53
고영,00579999,098460,KOSDAQ,연간x별도,상단,DS-8,PASS,,,2026-07-07T20:39:53
고영,00579999,098460,KOSDAQ,연간x별도,상단,DS-7,PASS,"badges seen: ['✅', '🔎', '⚠']",,2026-07-07T20:39:53
고영,00579999,098460,KOSDAQ,연간x별도,재무제표,CV-3,PASS,rows=29 cols=22 slider_extended=True,,2026-07-07T20:39:53
고영,00579999,098460,KOSDAQ,연간x별도,재무제표,DS-2/DS-3,DONE,"cross-check completed for ['매출액', '영업이익']",,2026-07-07T20:39:53
고영,00579999,098460,KOSDAQ,연간x별도,지표,CV-6,PASS,default metric selection visible,,2026-07-07T20:39:53
고영,00579999,098460,KOSDAQ,분기x연결,재무제표,DS-1,PASS,,,2026-07-07T20:39:59
고영,00579999,098460,KOSDAQ,분기x연결,상단,DS-8,PASS,,,2026-07-07T20:39:59
고영,00579999,098460,KOSDAQ,분기x연결,상단,DS-7,PASS,"badges seen: ['✅', '🔎', '⚠']",,2026-07-07T20:39:59
고영,00579999,098460,KOSDAQ,분기x연결,재무제표,CV-3,PASS,rows=29 cols=60 slider_extended=True,,2026-07-07T20:39:59
고영,00579999,098460,KOSDAQ,분기x연결,재무제표,DS-2/DS-3,DONE,"cross-check completed for ['매출액', '영업이익']",,2026-07-07T20:39:59
고영,00579999,098460,KOSDAQ,분기x연결,지표,CV-6,PASS,default metric selection visible,,2026-07-07T20:39:59
고영,00579999,098460,KOSDAQ,분기x별도,재무제표,DS-1,PASS,,,2026-07-07T20:40:06
고영,00579999,098460,KOSDAQ,분기x별도,상단,DS-8,PASS,,,2026-07-07T20:40:06
고영,00579999,098460,KOSDAQ,분기x별도,상단,DS-7,PASS,"badges seen: ['✅', '🔎']",,2026-07-07T20:40:06
고영,00579999,098460,KOSDAQ,분기x별도,재무제표,CV-3,PASS,rows=29 cols=73 slider_extended=True,,2026-07-07T20:40:06
고영,00579999,098460,KOSDAQ,분기x별도,재무제표,DS-2/DS-3,DONE,"cross-check completed for ['매출액', '영업이익']",,2026-07-07T20:40:06
고영,00579999,098460,KOSDAQ,분기x별도,지표,CV-6,PASS,default metric selection visible,,2026-07-07T20:40:06
골드앤에스,00249502,035290,KOSDAQ,연간x연결,재무제표,DS-1,PASS,,,2026-07-07T20:40:20
골드앤에스,00249502,035290,KOSDAQ,연간x연결,상단,DS-8,PASS,,,2026-07-07T20:40:20
골드앤에스,00249502,035290,KOSDAQ,연간x연결,상단,DS-7,PASS,"badges seen: ['✅', '🔎', '⚠']",,2026-07-07T20:40:20
골드앤에스,00249502,035290,KOSDAQ,연간x연결,재무제표,CV-3,PASS,rows=29 cols=16 slider_extended=True,,2026-07-07T20:40:20
골드앤에스,00249502,035290,KOSDAQ,연간x연결,재무제표,DS-2/DS-3,DONE,"cross-check completed for ['매출액', '영업이익']",,2026-07-07T20:40:20
골드앤에스,00249502,035290,KOSDAQ,연간x연결,지표,CV-6,PASS,default metric selection visible,,2026-07-07T20:40:20
골드앤에스,00249502,035290,KOSDAQ,연간x별도,재무제표,DS-1,PASS,,,2026-07-07T20:40:25
골드앤에스,00249502,035290,KOSDAQ,연간x별도,상단,DS-8,PASS,,,2026-07-07T20:40:25
골드앤에스,00249502,035290,KOSDAQ,연간x별도,상단,DS-7,PASS,"badges seen: ['✅', '🔎', '⚠']",,2026-07-07T20:40:25
골드앤에스,00249502,035290,KOSDAQ,연간x별도,재무제표,CV-3,PASS,rows=29 cols=29 slider_extended=True,,2026-07-07T20:40:25
골드앤에스,00249502,035290,KOSDAQ,연간x별도,재무제표,DS-2/DS-3,DONE,"cross-check completed for ['매출액', '영업이익']",,2026-07-07T20:40:25
골드앤에스,00249502,035290,KOSDAQ,연간x별도,지표,CV-6,PASS,default metric selection visible,,2026-07-07T20:40:25
골드앤에스,00249502,035290,KOSDAQ,분기x연결,재무제표,DS-1,PASS,,,2026-07-07T20:40:31
골드앤에스,00249502,035290,KOSDAQ,분기x연결,상단,DS-8,PASS,,,2026-07-07T20:40:31
골드앤에스,00249502,035290,KOSDAQ,분기x연결,상단,DS-7,PASS,"badges seen: ['✅', '🔎', '⚠']",,2026-07-07T20:40:31
골드앤에스,00249502,035290,KOSDAQ,분기x연결,재무제표,CV-3,PASS,rows=29 cols=50 slider_extended=True,,2026-07-07T20:40:31
골드앤에스,00249502,035290,KOSDAQ,분기x연결,재무제표,DS-2/DS-3,DONE,"cross-check completed for ['매출액', '영업이익']",,2026-07-07T20:40:31
골드앤에스,00249502,035290,KOSDAQ,분기x연결,지표,CV-6,PASS,default metric selection visible,,2026-07-07T20:40:31
골드앤에스,00249502,035290,KOSDAQ,분기x별도,재무제표,DS-1,PASS,,,2026-07-07T20:40:39
골드앤에스,00249502,035290,KOSDAQ,분기x별도,상단,DS-8,PASS,,,2026-07-07T20:40:39
골드앤에스,00249502,035290,KOSDAQ,분기x별도,상단,DS-7,PASS,"badges seen: ['✅', '🔎', '⚠']",,2026-07-07T20:40:39
골드앤에스,00249502,035290,KOSDAQ,분기x별도,재무제표,CV-3,PASS,rows=29 cols=93 slider_extended=True,,2026-07-07T20:40:39
골드앤에스,00249502,035290,KOSDAQ,분기x별도,재무제표,DS-2/DS-3,DONE,"cross-check completed for ['매출액', '영업이익']",,2026-07-07T20:40:39
골드앤에스,00249502,035290,KOSDAQ,분기x별도,지표,CV-6,PASS,default metric selection visible,,2026-07-07T20:40:39
골프존,01067516,215000,KOSDAQ,연간x연결,재무제표,DS-1,PASS,,,2026-07-07T20:40:53
골프존,01067516,215000,KOSDAQ,연간x연결,상단,DS-8,PASS,,,2026-07-07T20:40:53
골프존,01067516,215000,KOSDAQ,연간x연결,상단,DS-7,PASS,"badges seen: ['✅', '🔎']",,2026-07-07T20:40:53
골프존,01067516,215000,KOSDAQ,연간x연결,재무제표,CV-3,PASS,rows=29 cols=13 slider_extended=True,,2026-07-07T20:40:53
골프존,01067516,215000,KOSDAQ,연간x연결,재무제표,DS-2/DS-3,DONE,"cross-check completed for ['매출액', '영업이익']",,2026-07-07T20:40:53
골프존,01067516,215000,KOSDAQ,연간x연결,지표,CV-6,PASS,default metric selection visible,,2026-07-07T20:40:53
골프존,01067516,215000,KOSDAQ,연간x별도,재무제표,DS-1,PASS,,,2026-07-07T20:40:58
골프존,01067516,215000,KOSDAQ,연간x별도,상단,DS-8,PASS,,,2026-07-07T20:40:58
골프존,01067516,215000,KOSDAQ,연간x별도,상단,DS-7,PASS,"badges seen: ['✅', '🔎']",,2026-07-07T20:40:58
골프존,01067516,215000,KOSDAQ,연간x별도,재무제표,CV-3,PASS,rows=29 cols=13 slider_extended=True,,2026-07-07T20:40:58
골프존,01067516,215000,KOSDAQ,연간x별도,재무제표,DS-2/DS-3,DONE,"cross-check completed for ['매출액', '영업이익']",,2026-07-07T20:40:58
골프존,01067516,215000,KOSDAQ,연간x별도,지표,CV-6,PASS,default metric selection visible,,2026-07-07T20:40:58
골프존,01067516,215000,KOSDAQ,분기x연결,재무제표,DS-1,PASS,,,2026-07-07T20:41:04
골프존,01067516,215000,KOSDAQ,분기x연결,상단,DS-8,PASS,,,2026-07-07T20:41:04
골프존,01067516,215000,KOSDAQ,분기x연결,상단,DS-7,PASS,"badges seen: ['✅', '🔎']",,2026-07-07T20:41:04
골프존,01067516,215000,KOSDAQ,분기x연결,재무제표,CV-3,PASS,rows=29 cols=48 slider_extended=True,,2026-07-07T20:41:04
골프존,01067516,215000,KOSDAQ,분기x연결,재무제표,DS-2/DS-3,DONE,"cross-check completed for ['매출액', '영업이익']",,2026-07-07T20:41:04
골프존,01067516,215000,KOSDAQ,분기x연결,지표,CV-6,PASS,default metric selection visible,,2026-07-07T20:41:04
골프존,01067516,215000,KOSDAQ,분기x별도,재무제표,DS-1,PASS,,,2026-07-07T20:41:11
골프존,01067516,215000,KOSDAQ,분기x별도,상단,DS-8,PASS,,,2026-07-07T20:41:11
골프존,01067516,215000,KOSDAQ,분기x별도,상단,DS-7,PASS,"badges seen: ['✅', '🔎']",,2026-07-07T20:41:11
골프존,01067516,215000,KOSDAQ,분기x별도,재무제표,CV-3,PASS,rows=29 cols=48 slider_extended=True,,2026-07-07T20:41:11
골프존,01067516,215000,KOSDAQ,분기x별도,재무제표,DS-2/DS-3,DONE,"cross-check completed for ['매출액', '영업이익']",,2026-07-07T20:41:11
골프존,01067516,215000,KOSDAQ,분기x별도,지표,CV-6,PASS,default metric selection visible,,2026-07-07T20:41:11
골프존홀딩스,00674498,121440,KOSDAQ,연간x연결,재무제표,DS-1,PASS,,,2026-07-07T20:41:25
골프존홀딩스,00674498,121440,KOSDAQ,연간x연결,상단,DS-8,PASS,,,2026-07-07T20:41:25
골프존홀딩스,00674498,121440,KOSDAQ,연간x연결,상단,DS-7,PASS,"badges seen: ['✅', '🔎', '⚠']",,2026-07-07T20:41:25
골프존홀딩스,00674498,121440,KOSDAQ,연간x연결,재무제표,CV-3,PASS,rows=29 cols=19 slider_extended=True,,2026-07-07T20:41:25
골프존홀딩스,00674498,121440,KOSDAQ,연간x연결,재무제표,DS-2/DS-3,DONE,"cross-check completed for ['매출액', '영업이익']",,2026-07-07T20:41:25
골프존홀딩스,00674498,121440,KOSDAQ,연간x연결,지표,CV-6,PASS,default metric selection visible,,2026-07-07T20:41:25
골프존홀딩스,00674498,121440,KOSDAQ,연간x별도,재무제표,DS-1,PASS,,,2026-07-07T20:41:30
골프존홀딩스,00674498,121440,KOSDAQ,연간x별도,상단,DS-8,PASS,,,2026-07-07T20:41:30
골프존홀딩스,00674498,121440,KOSDAQ,연간x별도,상단,DS-7,PASS,"badges seen: ['✅', '🔎', '⚠']",,2026-07-07T20:41:30
골프존홀딩스,00674498,121440,KOSDAQ,연간x별도,재무제표,CV-3,PASS,rows=29 cols=19 slider_extended=True,,2026-07-07T20:41:30
골프존홀딩스,00674498,121440,KOSDAQ,연간x별도,재무제표,DS-2/DS-3,DONE,"cross-check completed for ['매출액', '영업이익']",,2026-07-07T20:41:30
골프존홀딩스,00674498,121440,KOSDAQ,연간x별도,지표,CV-6,PASS,default metric selection visible,,2026-07-07T20:41:30
골프존홀딩스,00674498,121440,KOSDAQ,분기x연결,재무제표,DS-1,PASS,,,2026-07-07T20:41:36
골프존홀딩스,00674498,121440,KOSDAQ,분기x연결,상단,DS-8,PASS,,,2026-07-07T20:41:36
골프존홀딩스,00674498,121440,KOSDAQ,분기x연결,상단,DS-7,PASS,"badges seen: ['✅', '🔎']",,2026-07-07T20:41:36
골프존홀딩스,00674498,121440,KOSDAQ,분기x연결,재무제표,CV-3,PASS,rows=29 cols=60 slider_extended=True,,2026-07-07T20:41:36
골프존홀딩스,00674498,121440,KOSDAQ,분기x연결,재무제표,DS-2/DS-3,DONE,"cross-check completed for ['매출액', '영업이익']",,2026-07-07T20:41:36
골프존홀딩스,00674498,121440,KOSDAQ,분기x연결,지표,CV-6,PASS,default metric selection visible,,2026-07-07T20:41:36
골프존홀딩스,00674498,121440,KOSDAQ,분기x별도,재무제표,DS-1,PASS,,,2026-07-07T20:41:43
골프존홀딩스,00674498,121440,KOSDAQ,분기x별도,상단,DS-8,PASS,,,2026-07-07T20:41:43
골프존홀딩스,00674498,121440,KOSDAQ,분기x별도,상단,DS-7,PASS,"badges seen: ['✅', '🔎', '⚠']",,2026-07-07T20:41:43
골프존홀딩스,00674498,121440,KOSDAQ,분기x별도,재무제표,CV-3,PASS,rows=29 cols=63 slider_extended=True,,2026-07-07T20:41:43
골프존홀딩스,00674498,121440,KOSDAQ,분기x별도,재무제표,DS-2/DS-3,DONE,"cross-check completed for ['매출액', '영업이익']",,2026-07-07T20:41:43
골프존홀딩스,00674498,121440,KOSDAQ,분기x별도,지표,CV-6,PASS,default metric selection visible,,2026-07-07T20:41:43
광무,00186452,029480,KOSDAQ,연간x연결,재무제표,DS-1,PASS,,,2026-07-07T20:41:56
광무,00186452,029480,KOSDAQ,연간x연결,상단,DS-8,PASS,,,2026-07-07T20:41:56
광무,00186452,029480,KOSDAQ,연간x연결,상단,DS-7,PASS,"badges seen: ['✅', '🔎', '⚠']",,2026-07-07T20:41:56
광무,00186452,029480,KOSDAQ,연간x연결,재무제표,CV-3,PASS,rows=29 cols=17 slider_extended=True,,2026-07-07T20:41:56
광무,00186452,029480,KOSDAQ,연간x연결,재무제표,DS-2/DS-3,DONE,"cross-check completed for ['매출액', '영업이익']",,2026-07-07T20:41:56
광무,00186452,029480,KOSDAQ,연간x연결,지표,CV-6,PASS,default metric selection visible,,2026-07-07T20:41:56
광무,00186452,029480,KOSDAQ,연간x별도,재무제표,DS-1,PASS,,,2026-07-07T20:42:02
광무,00186452,029480,KOSDAQ,연간x별도,상단,DS-8,PASS,,,2026-07-07T20:42:02
광무,00186452,029480,KOSDAQ,연간x별도,상단,DS-7,PASS,"badges seen: ['✅', '🔎', '⚠']",,2026-07-07T20:42:02
광무,00186452,029480,KOSDAQ,연간x별도,재무제표,CV-3,PASS,rows=29 cols=27 slider_extended=True,,2026-07-07T20:42:02
광무,00186452,029480,KOSDAQ,연간x별도,재무제표,DS-2/DS-3,DONE,"cross-check completed for ['매출액', '영업이익']",,2026-07-07T20:42:02
광무,00186452,029480,KOSDAQ,연간x별도,지표,CV-6,PASS,default metric selection visible,,2026-07-07T20:42:02
광무,00186452,029480,KOSDAQ,분기x연결,재무제표,DS-1,PASS,,,2026-07-07T20:42:08
광무,00186452,029480,KOSDAQ,분기x연결,상단,DS-8,PASS,,,2026-07-07T20:42:08
광무,00186452,029480,KOSDAQ,분기x연결,상단,DS-7,PASS,"badges seen: ['✅', '🔎']",,2026-07-07T20:42:08
광무,00186452,029480,KOSDAQ,분기x연결,재무제표,CV-3,PASS,rows=29 cols=51 slider_extended=True,,2026-07-07T20:42:08
광무,00186452,029480,KOSDAQ,분기x연결,재무제표,DS-2/DS-3,DONE,"cross-check completed for ['매출액', '영업이익']",,2026-07-07T20:42:08
광무,00186452,029480,KOSDAQ,분기x연결,지표,CV-6,PASS,default metric selection visible,,2026-07-07T20:42:08
광무,00186452,029480,KOSDAQ,분기x별도,재무제표,DS-1,PASS,,,2026-07-07T20:42:15
광무,00186452,029480,KOSDAQ,분기x별도,상단,DS-8,PASS,,,2026-07-07T20:42:15
광무,00186452,029480,KOSDAQ,분기x별도,상단,DS-7,PASS,"badges seen: ['✅', '🔎']",,2026-07-07T20:42:15
광무,00186452,029480,KOSDAQ,분기x별도,재무제표,CV-3,PASS,rows=29 cols=84 slider_extended=True,,2026-07-07T20:42:15
광무,00186452,029480,KOSDAQ,분기x별도,재무제표,DS-2/DS-3,DONE,"cross-check completed for ['매출액', '영업이익']",,2026-07-07T20:42:15
광무,00186452,029480,KOSDAQ,분기x별도,지표,CV-6,PASS,default metric selection visible,,2026-07-07T20:42:15
구영테크,00202060,053270,KOSDAQ,연간x연결,재무제표,DS-1,PASS,,,2026-07-07T20:42:29
구영테크,00202060,053270,KOSDAQ,연간x연결,상단,DS-8,PASS,,,2026-07-07T20:42:29
구영테크,00202060,053270,KOSDAQ,연간x연결,상단,DS-7,PASS,"badges seen: ['✅', '🔎', '⚠']",,2026-07-07T20:42:29
구영테크,00202060,053270,KOSDAQ,연간x연결,재무제표,CV-3,PASS,rows=29 cols=19 slider_extended=True,,2026-07-07T20:42:29
구영테크,00202060,053270,KOSDAQ,연간x연결,재무제표,DS-2/DS-3,DONE,"cross-check completed for ['매출액', '영업이익']",,2026-07-07T20:42:29
구영테크,00202060,053270,KOSDAQ,연간x연결,지표,CV-6,PASS,default metric selection visible,,2026-07-07T20:42:29
구영테크,00202060,053270,KOSDAQ,연간x별도,재무제표,DS-1,PASS,,,2026-07-07T20:42:34
구영테크,00202060,053270,KOSDAQ,연간x별도,상단,DS-8,PASS,,,2026-07-07T20:42:34
구영테크,00202060,053270,KOSDAQ,연간x별도,상단,DS-7,PASS,"badges seen: ['✅', '🔎']",,2026-07-07T20:42:34
구영테크,00202060,053270,KOSDAQ,연간x별도,재무제표,CV-3,PASS,rows=29 cols=29 slider_extended=True,,2026-07-07T20:42:34
구영테크,00202060,053270,KOSDAQ,연간x별도,재무제표,DS-2/DS-3,DONE,"cross-check completed for ['매출액', '영업이익']",,2026-07-07T20:42:34
구영테크,00202060,053270,KOSDAQ,연간x별도,지표,CV-6,PASS,default metric selection visible,,2026-07-07T20:42:34
구영테크,00202060,053270,KOSDAQ,분기x연결,재무제표,DS-1,PASS,,,2026-07-07T20:42:40
구영테크,00202060,053270,KOSDAQ,분기x연결,상단,DS-8,PASS,,,2026-07-07T20:42:40
구영테크,00202060,053270,KOSDAQ,분기x연결,상단,DS-7,PASS,"badges seen: ['✅', '🔎']",,2026-07-07T20:42:40
구영테크,00202060,053270,KOSDAQ,분기x연결,재무제표,CV-3,PASS,rows=29 cols=14 slider_extended=True,,2026-07-07T20:42:40
구영테크,00202060,053270,KOSDAQ,분기x연결,재무제표,DS-2/DS-3,DONE,"cross-check completed for ['매출액', '영업이익']",,2026-07-07T20:42:40
구영테크,00202060,053270,KOSDAQ,분기x연결,지표,CV-6,PASS,default metric selection visible,,2026-07-07T20:42:40
구영테크,00202060,053270,KOSDAQ,분기x별도,재무제표,DS-1,PASS,,,2026-07-07T20:42:47
구영테크,00202060,053270,KOSDAQ,분기x별도,상단,DS-8,PASS,,,2026-07-07T20:42:47
구영테크,00202060,053270,KOSDAQ,분기x별도,상단,DS-7,PASS,"badges seen: ['✅', '🔎', '⚠']",,2026-07-07T20:42:47
구영테크,00202060,053270,KOSDAQ,분기x별도,재무제표,CV-3,PASS,rows=29 cols=93 slider_extended=True,,2026-07-07T20:42:47
구영테크,00202060,053270,KOSDAQ,분기x별도,재무제표,DS-2/DS-3,DONE,"cross-check completed for ['매출액', '영업이익']",,2026-07-07T20:42:47
구영테크,00202060,053270,KOSDAQ,분기x별도,지표,CV-6,PASS,default metric selection visible,,2026-07-07T20:42:47
국보디자인,00253985,066620,KOSDAQ,연간x연결,재무제표,DS-1,PASS,,,2026-07-07T20:43:01
국보디자인,00253985,066620,KOSDAQ,연간x연결,상단,DS-8,PASS,,,2026-07-07T20:43:01
국보디자인,00253985,066620,KOSDAQ,연간x연결,상단,DS-7,PASS,"badges seen: ['✅', '🔎']",,2026-07-07T20:43:01
국보디자인,00253985,066620,KOSDAQ,연간x연결,재무제표,CV-3,PASS,rows=29 cols=19 slider_extended=True,,2026-07-07T20:43:01
국보디자인,00253985,066620,KOSDAQ,연간x연결,재무제표,DS-2/DS-3,DONE,"cross-check completed for ['매출액', '영업이익']",,2026-07-07T20:43:01
국보디자인,00253985,066620,KOSDAQ,연간x연결,지표,CV-6,PASS,default metric selection visible,,2026-07-07T20:43:01
국보디자인,00253985,066620,KOSDAQ,연간x별도,재무제표,DS-1,PASS,,,2026-07-07T20:43:06
국보디자인,00253985,066620,KOSDAQ,연간x별도,상단,DS-8,PASS,,,2026-07-07T20:43:06
국보디자인,00253985,066620,KOSDAQ,연간x별도,상단,DS-7,PASS,"badges seen: ['✅', '🔎']",,2026-07-07T20:43:06
국보디자인,00253985,066620,KOSDAQ,연간x별도,재무제표,CV-3,PASS,rows=29 cols=23 slider_extended=True,,2026-07-07T20:43:06
국보디자인,00253985,066620,KOSDAQ,연간x별도,재무제표,DS-2/DS-3,DONE,"cross-check completed for ['매출액', '영업이익']",,2026-07-07T20:43:06
국보디자인,00253985,066620,KOSDAQ,연간x별도,지표,CV-6,PASS,default metric selection visible,,2026-07-07T20:43:06
국보디자인,00253985,066620,KOSDAQ,분기x연결,재무제표,DS-1,PASS,,,2026-07-07T20:43:12
국보디자인,00253985,066620,KOSDAQ,분기x연결,상단,DS-8,PASS,,,2026-07-07T20:43:12
국보디자인,00253985,066620,KOSDAQ,분기x연결,상단,DS-7,PASS,"badges seen: ['✅', '🔎']",,2026-07-07T20:43:12
국보디자인,00253985,066620,KOSDAQ,분기x연결,재무제표,CV-3,PASS,rows=29 cols=60 slider_extended=True,,2026-07-07T20:43:12
국보디자인,00253985,066620,KOSDAQ,분기x연결,재무제표,DS-2/DS-3,DONE,"cross-check completed for ['매출액', '영업이익']",,2026-07-07T20:43:12
국보디자인,00253985,066620,KOSDAQ,분기x연결,지표,CV-6,PASS,default metric selection visible,,2026-07-07T20:43:12
국보디자인,00253985,066620,KOSDAQ,분기x별도,재무제표,DS-1,PASS,,,2026-07-07T20:43:19
국보디자인,00253985,066620,KOSDAQ,분기x별도,상단,DS-8,PASS,,,2026-07-07T20:43:19
국보디자인,00253985,066620,KOSDAQ,분기x별도,상단,DS-7,PASS,"badges seen: ['✅', '🔎']",,2026-07-07T20:43:19
국보디자인,00253985,066620,KOSDAQ,분기x별도,재무제표,CV-3,PASS,rows=29 cols=70 slider_extended=True,,2026-07-07T20:43:19
국보디자인,00253985,066620,KOSDAQ,분기x별도,재무제표,DS-2/DS-3,DONE,"cross-check completed for ['매출액', '영업이익']",,2026-07-07T20:43:19
국보디자인,00253985,066620,KOSDAQ,분기x별도,지표,CV-6,PASS,default metric selection visible,,2026-07-07T20:43:19
국순당,00256715,043650,KOSDAQ,연간x연결,재무제표,DS-1,PASS,,,2026-07-07T20:43:33
국순당,00256715,043650,KOSDAQ,연간x연결,상단,DS-8,PASS,,,2026-07-07T20:43:33
국순당,00256715,043650,KOSDAQ,연간x연결,상단,DS-7,PASS,"badges seen: ['✅', '🔎', '⚠']",,2026-07-07T20:43:33
국순당,00256715,043650,KOSDAQ,연간x연결,재무제표,CV-3,PASS,rows=29 cols=19 slider_extended=True,,2026-07-07T20:43:33
국순당,00256715,043650,KOSDAQ,연간x연결,재무제표,DS-2/DS-3,DONE,"cross-check completed for ['매출액', '영업이익']",,2026-07-07T20:43:33
국순당,00256715,043650,KOSDAQ,연간x연결,지표,CV-6,PASS,default metric selection visible,,2026-07-07T20:43:33
국순당,00256715,043650,KOSDAQ,연간x별도,재무제표,DS-1,PASS,,,2026-07-07T20:43:38
국순당,00256715,043650,KOSDAQ,연간x별도,상단,DS-8,PASS,,,2026-07-07T20:43:38
국순당,00256715,043650,KOSDAQ,연간x별도,상단,DS-7,PASS,"badges seen: ['✅', '🔎', '⚠']",,2026-07-07T20:43:38
국순당,00256715,043650,KOSDAQ,연간x별도,재무제표,CV-3,PASS,rows=29 cols=25 slider_extended=True,,2026-07-07T20:43:38
국순당,00256715,043650,KOSDAQ,연간x별도,재무제표,DS-2/DS-3,DONE,"cross-check completed for ['매출액', '영업이익']",,2026-07-07T20:43:38
국순당,00256715,043650,KOSDAQ,연간x별도,지표,CV-6,PASS,default metric selection visible,,2026-07-07T20:43:38
국순당,00256715,043650,KOSDAQ,분기x연결,재무제표,DS-1,PASS,,,2026-07-07T20:43:44
국순당,00256715,043650,KOSDAQ,분기x연결,상단,DS-8,PASS,,,2026-07-07T20:43:44
국순당,00256715,043650,KOSDAQ,분기x연결,상단,DS-7,PASS,"badges seen: ['✅', '🔎', '⚠']",,2026-07-07T20:43:44
국순당,00256715,043650,KOSDAQ,분기x연결,재무제표,CV-3,PASS,rows=29 cols=14 slider_extended=True,,2026-07-07T20:43:44
국순당,00256715,043650,KOSDAQ,분기x연결,재무제표,DS-2/DS-3,DONE,"cross-check completed for ['매출액', '영업이익']",,2026-07-07T20:43:44
국순당,00256715,043650,KOSDAQ,분기x연결,지표,CV-6,PASS,default metric selection visible,,2026-07-07T20:43:44
국순당,00256715,043650,KOSDAQ,분기x별도,재무제표,DS-1,PASS,,,2026-07-07T20:43:51
국순당,00256715,043650,KOSDAQ,분기x별도,상단,DS-8,PASS,,,2026-07-07T20:43:51
국순당,00256715,043650,KOSDAQ,분기x별도,상단,DS-7,PASS,"badges seen: ['✅', '🔎']",,2026-07-07T20:43:51
국순당,00256715,043650,KOSDAQ,분기x별도,재무제표,CV-3,PASS,rows=29 cols=85 slider_extended=True,,2026-07-07T20:43:51
국순당,00256715,043650,KOSDAQ,분기x별도,재무제표,DS-2/DS-3,DONE,"cross-check completed for ['매출액', '영업이익']",,2026-07-07T20:43:51
국순당,00256715,043650,KOSDAQ,분기x별도,지표,CV-6,PASS,default metric selection visible,,2026-07-07T20:43:51
국영지앤엠,00104537,006050,KOSDAQ,연간x연결,재무제표,DS-1,PASS,,,2026-07-07T20:44:05
국영지앤엠,00104537,006050,KOSDAQ,연간x연결,상단,DS-8,PASS,,,2026-07-07T20:44:05
국영지앤엠,00104537,006050,KOSDAQ,연간x연결,상단,DS-4,PASS,substitution caption present,,2026-07-07T20:44:05
국영지앤엠,00104537,006050,KOSDAQ,연간x연결,상단,DS-7,PASS,"badges seen: ['✅', '🔎', '⚠']",,2026-07-07T20:44:05
국영지앤엠,00104537,006050,KOSDAQ,연간x연결,재무제표,CV-3,PASS,rows=29 cols=27 slider_extended=True,,2026-07-07T20:44:05
국영지앤엠,00104537,006050,KOSDAQ,연간x연결,재무제표,DS-2/DS-3,DONE,"cross-check completed for ['매출액', '영업이익']",,2026-07-07T20:44:05
국영지앤엠,00104537,006050,KOSDAQ,연간x연결,지표,CV-6,PASS,default metric selection visible,,2026-07-07T20:44:05
국영지앤엠,00104537,006050,KOSDAQ,연간x별도,재무제표,DS-1,PASS,,,2026-07-07T20:44:10
국영지앤엠,00104537,006050,KOSDAQ,연간x별도,상단,DS-8,PASS,,,2026-07-07T20:44:10
국영지앤엠,00104537,006050,KOSDAQ,연간x별도,상단,DS-7,PASS,"badges seen: ['✅', '🔎', '⚠']",,2026-07-07T20:44:10
국영지앤엠,00104537,006050,KOSDAQ,연간x별도,재무제표,CV-3,PASS,rows=29 cols=27 slider_extended=True,,2026-07-07T20:44:10
국영지앤엠,00104537,006050,KOSDAQ,연간x별도,재무제표,DS-2/DS-3,DONE,"cross-check completed for ['매출액', '영업이익']",,2026-07-07T20:44:10
국영지앤엠,00104537,006050,KOSDAQ,연간x별도,지표,CV-6,PASS,default metric selection visible,,2026-07-07T20:44:10
국영지앤엠,00104537,006050,KOSDAQ,분기x연결,재무제표,DS-1,PASS,,,2026-07-07T20:44:16
국영지앤엠,00104537,006050,KOSDAQ,분기x연결,상단,DS-8,PASS,,,2026-07-07T20:44:16
국영지앤엠,00104537,006050,KOSDAQ,분기x연결,상단,DS-4,PASS,substitution caption present,,2026-07-07T20:44:16
국영지앤엠,00104537,006050,KOSDAQ,분기x연결,상단,DS-7,PASS,"badges seen: ['✅', '🔎', '⚠']",,2026-07-07T20:44:16
국영지앤엠,00104537,006050,KOSDAQ,분기x연결,재무제표,CV-3,PASS,rows=29 cols=81 slider_extended=True,,2026-07-07T20:44:16
국영지앤엠,00104537,006050,KOSDAQ,분기x연결,재무제표,DS-2/DS-3,DONE,"cross-check completed for ['매출액', '영업이익']",,2026-07-07T20:44:16
국영지앤엠,00104537,006050,KOSDAQ,분기x연결,지표,CV-6,PASS,default metric selection visible,,2026-07-07T20:44:16
국영지앤엠,00104537,006050,KOSDAQ,분기x별도,재무제표,DS-1,PASS,,,2026-07-07T20:44:23
국영지앤엠,00104537,006050,KOSDAQ,분기x별도,상단,DS-8,PASS,,,2026-07-07T20:44:23
국영지앤엠,00104537,006050,KOSDAQ,분기x별도,상단,DS-7,PASS,"badges seen: ['✅', '🔎', '⚠']",,2026-07-07T20:44:23
국영지앤엠,00104537,006050,KOSDAQ,분기x별도,재무제표,CV-3,PASS,rows=29 cols=81 slider_extended=True,,2026-07-07T20:44:23
국영지앤엠,00104537,006050,KOSDAQ,분기x별도,재무제표,DS-2/DS-3,DONE,"cross-check completed for ['매출액', '영업이익']",,2026-07-07T20:44:23
국영지앤엠,00104537,006050,KOSDAQ,분기x별도,지표,CV-6,PASS,default metric selection visible,,2026-07-07T20:44:23
국일신동,00203847,060480,KOSDAQ,연간x연결,재무제표,DS-1,PASS,,,2026-07-07T20:44:37
국일신동,00203847,060480,KOSDAQ,연간x연결,상단,DS-8,PASS,,,2026-07-07T20:44:37
국일신동,00203847,060480,KOSDAQ,연간x연결,상단,DS-4,PASS,substitution caption present,,2026-07-07T20:44:37
국일신동,00203847,060480,KOSDAQ,연간x연결,상단,DS-7,PASS,"badges seen: ['✅', '🔎', '⚠']",,2026-07-07T20:44:37
국일신동,00203847,060480,KOSDAQ,연간x연결,재무제표,CV-3,PASS,rows=29 cols=16 slider_extended=True,,2026-07-07T20:44:37
국일신동,00203847,060480,KOSDAQ,연간x연결,재무제표,DS-2/DS-3,DONE,"cross-check completed for ['매출액', '영업이익']",,2026-07-07T20:44:37
국일신동,00203847,060480,KOSDAQ,연간x연결,지표,CV-6,PASS,default metric selection visible,,2026-07-07T20:44:37
국일신동,00203847,060480,KOSDAQ,연간x별도,재무제표,DS-1,PASS,,,2026-07-07T20:44:42
국일신동,00203847,060480,KOSDAQ,연간x별도,상단,DS-8,PASS,,,2026-07-07T20:44:42
국일신동,00203847,060480,KOSDAQ,연간x별도,상단,DS-7,PASS,"badges seen: ['✅', '🔎', '⚠']",,2026-07-07T20:44:42
국일신동,00203847,060480,KOSDAQ,연간x별도,재무제표,CV-3,PASS,rows=29 cols=16 slider_extended=True,,2026-07-07T20:44:42
국일신동,00203847,060480,KOSDAQ,연간x별도,재무제표,DS-2/DS-3,DONE,"cross-check completed for ['매출액', '영업이익']",,2026-07-07T20:44:42
국일신동,00203847,060480,KOSDAQ,연간x별도,지표,CV-6,PASS,default metric selection visible,,2026-07-07T20:44:42
국일신동,00203847,060480,KOSDAQ,분기x연결,재무제표,DS-1,PASS,,,2026-07-07T20:44:48
국일신동,00203847,060480,KOSDAQ,분기x연결,상단,DS-8,PASS,,,2026-07-07T20:44:48
국일신동,00203847,060480,KOSDAQ,분기x연결,상단,DS-4,PASS,substitution caption present,,2026-07-07T20:44:48
국일신동,00203847,060480,KOSDAQ,분기x연결,상단,DS-7,PASS,"badges seen: ['✅', '🔎']",,2026-07-07T20:44:48
국일신동,00203847,060480,KOSDAQ,분기x연결,재무제표,CV-3,PASS,rows=29 cols=54 slider_extended=True,,2026-07-07T20:44:48
국일신동,00203847,060480,KOSDAQ,분기x연결,재무제표,DS-2/DS-3,DONE,"cross-check completed for ['매출액', '영업이익']",,2026-07-07T20:44:48
국일신동,00203847,060480,KOSDAQ,분기x연결,지표,CV-6,PASS,default metric selection visible,,2026-07-07T20:44:48
국일신동,00203847,060480,KOSDAQ,분기x별도,재무제표,DS-1,PASS,,,2026-07-07T20:44:55
국일신동,00203847,060480,KOSDAQ,분기x별도,상단,DS-8,PASS,,,2026-07-07T20:44:55
국일신동,00203847,060480,KOSDAQ,분기x별도,상단,DS-7,PASS,"badges seen: ['✅', '🔎']",,2026-07-07T20:44:55
국일신동,00203847,060480,KOSDAQ,분기x별도,재무제표,CV-3,PASS,rows=29 cols=54 slider_extended=True,,2026-07-07T20:44:55
국일신동,00203847,060480,KOSDAQ,분기x별도,재무제표,DS-2/DS-3,DONE,"cross-check completed for ['매출액', '영업이익']",,2026-07-07T20:44:55
국일신동,00203847,060480,KOSDAQ,분기x별도,지표,CV-6,PASS,default metric selection visible,,2026-07-07T20:44:55
국일제지,00104573,078130,KOSDAQ,연간x연결,재무제표,DS-1,PASS,,,2026-07-07T20:45:09
국일제지,00104573,078130,KOSDAQ,연간x연결,상단,DS-8,PASS,,,2026-07-07T20:45:09
국일제지,00104573,078130,KOSDAQ,연간x연결,상단,DS-7,PASS,"badges seen: ['✅', '🔎', '⚠']",,2026-07-07T20:45:09
국일제지,00104573,078130,KOSDAQ,연간x연결,재무제표,CV-3,PASS,rows=29 cols=17 slider_extended=True,,2026-07-07T20:45:09
국일제지,00104573,078130,KOSDAQ,연간x연결,재무제표,DS-2/DS-3,DONE,"cross-check completed for ['매출액', '영업이익']",,2026-07-07T20:45:09
국일제지,00104573,078130,KOSDAQ,연간x연결,지표,CV-6,PASS,default metric selection visible,,2026-07-07T20:45:09
국일제지,00104573,078130,KOSDAQ,연간x별도,재무제표,DS-1,PASS,,,2026-07-07T20:45:14
국일제지,00104573,078130,KOSDAQ,연간x별도,상단,DS-8,PASS,,,2026-07-07T20:45:14
국일제지,00104573,078130,KOSDAQ,연간x별도,상단,DS-7,PASS,"badges seen: ['✅', '🔎', '⚠']",,2026-07-07T20:45:14
국일제지,00104573,078130,KOSDAQ,연간x별도,재무제표,CV-3,PASS,rows=29 cols=26 slider_extended=True,,2026-07-07T20:45:14
국일제지,00104573,078130,KOSDAQ,연간x별도,재무제표,DS-2/DS-3,DONE,"cross-check completed for ['매출액', '영업이익']",,2026-07-07T20:45:14
국일제지,00104573,078130,KOSDAQ,연간x별도,지표,CV-6,PASS,default metric selection visible,,2026-07-07T20:45:14
국일제지,00104573,078130,KOSDAQ,분기x연결,재무제표,DS-1,PASS,,,2026-07-07T20:45:20
국일제지,00104573,078130,KOSDAQ,분기x연결,상단,DS-8,PASS,,,2026-07-07T20:45:20
국일제지,00104573,078130,KOSDAQ,분기x연결,상단,DS-7,PASS,"badges seen: ['✅', '🔎', '⚠']",,2026-07-07T20:45:20
국일제지,00104573,078130,KOSDAQ,분기x연결,재무제표,CV-3,PASS,rows=29 cols=52 slider_extended=True,,2026-07-07T20:45:20
국일제지,00104573,078130,KOSDAQ,분기x연결,재무제표,DS-2/DS-3,DONE,"cross-check completed for ['매출액', '영업이익']",,2026-07-07T20:45:20
국일제지,00104573,078130,KOSDAQ,분기x연결,지표,CV-6,PASS,default metric selection visible,,2026-07-07T20:45:20
국일제지,00104573,078130,KOSDAQ,분기x별도,재무제표,DS-1,PASS,,,2026-07-07T20:45:27
국일제지,00104573,078130,KOSDAQ,분기x별도,상단,DS-8,PASS,,,2026-07-07T20:45:27
국일제지,00104573,078130,KOSDAQ,분기x별도,상단,DS-7,PASS,"badges seen: ['✅', '🔎', '⚠']",,2026-07-07T20:45:27
국일제지,00104573,078130,KOSDAQ,분기x별도,재무제표,CV-3,PASS,rows=29 cols=79 slider_extended=True,,2026-07-07T20:45:27
국일제지,00104573,078130,KOSDAQ,분기x별도,재무제표,DS-2/DS-3,DONE,"cross-check completed for ['매출액', '영업이익']",,2026-07-07T20:45:27
국일제지,00104573,078130,KOSDAQ,분기x별도,지표,CV-6,PASS,default metric selection visible,,2026-07-07T20:45:27
국전,01329957,307750,KOSDAQ,연간x연결,재무제표,DS-1,PASS,,,2026-07-07T20:45:41
국전,01329957,307750,KOSDAQ,연간x연결,상단,DS-8,PASS,,,2026-07-07T20:45:41
국전,01329957,307750,KOSDAQ,연간x연결,상단,DS-7,PASS,"badges seen: ['✅', '🔎']",,2026-07-07T20:45:41
국전,01329957,307750,KOSDAQ,연간x연결,재무제표,CV-3,PASS,rows=29 cols=8 slider_extended=True,,2026-07-07T20:45:41
국전,01329957,307750,KOSDAQ,연간x연결,재무제표,DS-2/DS-3,DONE,"cross-check completed for ['매출액', '영업이익']",,2026-07-07T20:45:41
국전,01329957,307750,KOSDAQ,연간x연결,지표,CV-6,PASS,default metric selection visible,,2026-07-07T20:45:41
국전,01329957,307750,KOSDAQ,연간x별도,재무제표,DS-1,PASS,,,2026-07-07T20:45:46
국전,01329957,307750,KOSDAQ,연간x별도,상단,DS-8,PASS,,,2026-07-07T20:45:46
국전,01329957,307750,KOSDAQ,연간x별도,상단,DS-7,PASS,"badges seen: ['✅', '🔎']",,2026-07-07T20:45:46
국전,01329957,307750,KOSDAQ,연간x별도,재무제표,CV-3,PASS,rows=29 cols=10 slider_extended=True,,2026-07-07T20:45:46
국전,01329957,307750,KOSDAQ,연간x별도,재무제표,DS-2/DS-3,DONE,"cross-check completed for ['매출액', '영업이익']",,2026-07-07T20:45:46
국전,01329957,307750,KOSDAQ,연간x별도,지표,CV-6,PASS,default metric selection visible,,2026-07-07T20:45:46
국전,01329957,307750,KOSDAQ,분기x연결,재무제표,DS-1,PASS,,,2026-07-07T20:45:52
국전,01329957,307750,KOSDAQ,분기x연결,상단,DS-8,PASS,,,2026-07-07T20:45:52
국전,01329957,307750,KOSDAQ,분기x연결,상단,DS-7,PASS,"badges seen: ['✅', '🔎', '⚠']",,2026-07-07T20:45:52
국전,01329957,307750,KOSDAQ,분기x연결,재무제표,CV-3,PASS,rows=29 cols=23 slider_extended=True,,2026-07-07T20:45:52
국전,01329957,307750,KOSDAQ,분기x연결,재무제표,DS-2/DS-3,DONE,"cross-check completed for ['매출액', '영업이익']",,2026-07-07T20:45:52
국전,01329957,307750,KOSDAQ,분기x연결,지표,CV-6,PASS,default metric selection visible,,2026-07-07T20:45:52
국전,01329957,307750,KOSDAQ,분기x별도,재무제표,DS-1,PASS,,,2026-07-07T20:45:59
국전,01329957,307750,KOSDAQ,분기x별도,상단,DS-8,PASS,,,2026-07-07T20:45:59
국전,01329957,307750,KOSDAQ,분기x별도,상단,DS-7,PASS,"badges seen: ['✅', '🔎']",,2026-07-07T20:45:59
국전,01329957,307750,KOSDAQ,분기x별도,재무제표,CV-3,PASS,rows=29 cols=31 slider_extended=True,,2026-07-07T20:45:59
국전,01329957,307750,KOSDAQ,분기x별도,재무제표,DS-2/DS-3,DONE,"cross-check completed for ['매출액', '영업이익']",,2026-07-07T20:45:59
국전,01329957,307750,KOSDAQ,분기x별도,지표,CV-6,PASS,default metric selection visible,,2026-07-07T20:45:59
그래디언트,00244561,035080,KOSDAQ,연간x연결,재무제표,DS-1,PASS,,,2026-07-07T20:46:13
그래디언트,00244561,035080,KOSDAQ,연간x연결,상단,DS-8,PASS,,,2026-07-07T20:46:13
그래디언트,00244561,035080,KOSDAQ,연간x연결,상단,DS-7,PASS,"badges seen: ['✅', '🔎', '⚠']",,2026-07-07T20:46:13
그래디언트,00244561,035080,KOSDAQ,연간x연결,재무제표,CV-3,PASS,rows=29 cols=19 slider_extended=True,,2026-07-07T20:46:13
그래디언트,00244561,035080,KOSDAQ,연간x연결,재무제표,DS-2/DS-3,DONE,"cross-check completed for ['매출액', '영업이익']",,2026-07-07T20:46:13
그래디언트,00244561,035080,KOSDAQ,연간x연결,지표,CV-6,PASS,default metric selection visible,,2026-07-07T20:46:13
그래디언트,00244561,035080,KOSDAQ,연간x별도,재무제표,DS-1,PASS,,,2026-07-07T20:46:18
그래디언트,00244561,035080,KOSDAQ,연간x별도,상단,DS-8,PASS,,,2026-07-07T20:46:18
그래디언트,00244561,035080,KOSDAQ,연간x별도,상단,DS-7,PASS,"badges seen: ['✅', '🔎', '⚠']",,2026-07-07T20:46:18
그래디언트,00244561,035080,KOSDAQ,연간x별도,재무제표,CV-3,PASS,rows=29 cols=28 slider_extended=True,,2026-07-07T20:46:18
그래디언트,00244561,035080,KOSDAQ,연간x별도,재무제표,DS-2/DS-3,DONE,"cross-check completed for ['매출액', '영업이익']",,2026-07-07T20:46:18
그래디언트,00244561,035080,KOSDAQ,연간x별도,지표,CV-6,PASS,default metric selection visible,,2026-07-07T20:46:18
그래디언트,00244561,035080,KOSDAQ,분기x연결,재무제표,DS-1,PASS,,,2026-07-07T20:46:24
그래디언트,00244561,035080,KOSDAQ,분기x연결,상단,DS-8,PASS,,,2026-07-07T20:46:24
그래디언트,00244561,035080,KOSDAQ,분기x연결,상단,DS-7,PASS,"badges seen: ['✅', '🔎']",,2026-07-07T20:46:24
그래디언트,00244561,035080,KOSDAQ,분기x연결,재무제표,CV-3,PASS,rows=29 cols=65 slider_extended=True,,2026-07-07T20:46:24
그래디언트,00244561,035080,KOSDAQ,분기x연결,재무제표,DS-2/DS-3,DONE,"cross-check completed for ['매출액', '영업이익']",,2026-07-07T20:46:24
그래디언트,00244561,035080,KOSDAQ,분기x연결,지표,CV-6,PASS,default metric selection visible,,2026-07-07T20:46:24
그래디언트,00244561,035080,KOSDAQ,분기x별도,재무제표,DS-1,PASS,,,2026-07-07T20:46:31
그래디언트,00244561,035080,KOSDAQ,분기x별도,상단,DS-8,PASS,,,2026-07-07T20:46:31
그래디언트,00244561,035080,KOSDAQ,분기x별도,상단,DS-7,PASS,"badges seen: ['✅', '🔎']",,2026-07-07T20:46:31
그래디언트,00244561,035080,KOSDAQ,분기x별도,재무제표,CV-3,PASS,rows=29 cols=93 slider_extended=True,,2026-07-07T20:46:31
그래디언트,00244561,035080,KOSDAQ,분기x별도,재무제표,DS-2/DS-3,DONE,"cross-check completed for ['매출액', '영업이익']",,2026-07-07T20:46:31
그래디언트,00244561,035080,KOSDAQ,분기x별도,지표,CV-6,PASS,default metric selection visible,,2026-07-07T20:46:31
그래피,01565054,318060,KOSDAQ,연간x연결,재무제표,DS-1,PASS,,,2026-07-07T20:46:45
그래피,01565054,318060,KOSDAQ,연간x연결,상단,DS-8,PASS,,,2026-07-07T20:46:45
그래피,01565054,318060,KOSDAQ,연간x연결,상단,DS-7,PASS,"badges seen: ['✅', '🔎']",,2026-07-07T20:46:45
그래피,01565054,318060,KOSDAQ,연간x연결,재무제표,CV-3,PASS,rows=29 cols=5 slider_extended=True,,2026-07-07T20:46:45
그래피,01565054,318060,KOSDAQ,연간x연결,재무제표,DS-2/DS-3,DONE,"cross-check completed for ['매출액', '영업이익']",,2026-07-07T20:46:45
그래피,01565054,318060,KOSDAQ,연간x연결,지표,CV-6,PASS,default metric selection visible,,2026-07-07T20:46:45
그래피,01565054,318060,KOSDAQ,연간x별도,재무제표,DS-1,PASS,,,2026-07-07T20:46:50
그래피,01565054,318060,KOSDAQ,연간x별도,상단,DS-8,PASS,,,2026-07-07T20:46:50
그래피,01565054,318060,KOSDAQ,연간x별도,상단,DS-7,PASS,"badges seen: ['✅', '🔎']",,2026-07-07T20:46:50
그래피,01565054,318060,KOSDAQ,연간x별도,재무제표,CV-3,PASS,rows=29 cols=5 slider_extended=True,,2026-07-07T20:46:50
그래피,01565054,318060,KOSDAQ,연간x별도,재무제표,DS-2/DS-3,DONE,"cross-check completed for ['매출액', '영업이익']",,2026-07-07T20:46:50
그래피,01565054,318060,KOSDAQ,연간x별도,지표,CV-6,PASS,default metric selection visible,,2026-07-07T20:46:50
그래피,01565054,318060,KOSDAQ,분기x연결,재무제표,DS-1,PASS,,,2026-07-07T20:46:56
그래피,01565054,318060,KOSDAQ,분기x연결,상단,DS-8,PASS,,,2026-07-07T20:46:56
그래피,01565054,318060,KOSDAQ,분기x연결,상단,DS-7,PASS,"badges seen: ['✅', '🔎']",,2026-07-07T20:46:56
그래피,01565054,318060,KOSDAQ,분기x연결,재무제표,CV-3,PASS,rows=29 cols=9 slider_extended=True,,2026-07-07T20:46:56
그래피,01565054,318060,KOSDAQ,분기x연결,재무제표,DS-2/DS-3,DONE,"cross-check completed for ['매출액', '영업이익']",,2026-07-07T20:46:56
그래피,01565054,318060,KOSDAQ,분기x연결,지표,CV-6,PASS,default metric selection visible,,2026-07-07T20:46:56
그래피,01565054,318060,KOSDAQ,분기x별도,재무제표,DS-1,PASS,,,2026-07-07T20:47:03
그래피,01565054,318060,KOSDAQ,분기x별도,상단,DS-8,PASS,,,2026-07-07T20:47:03
그래피,01565054,318060,KOSDAQ,분기x별도,상단,DS-7,PASS,"badges seen: ['✅', '🔎']",,2026-07-07T20:47:03
그래피,01565054,318060,KOSDAQ,분기x별도,재무제표,CV-3,PASS,rows=29 cols=9 slider_extended=True,,2026-07-07T20:47:03
그래피,01565054,318060,KOSDAQ,분기x별도,재무제표,DS-2/DS-3,DONE,"cross-check completed for ['매출액', '영업이익']",,2026-07-07T20:47:03
그래피,01565054,318060,KOSDAQ,분기x별도,지표,CV-6,PASS,default metric selection visible,,2026-07-07T20:47:03
그리드위즈,01299203,453450,KOSDAQ,연간x연결,재무제표,DS-1,PASS,,,2026-07-07T20:47:17
그리드위즈,01299203,453450,KOSDAQ,연간x연결,상단,DS-8,PASS,,,2026-07-07T20:47:17
그리드위즈,01299203,453450,KOSDAQ,연간x연결,상단,DS-7,PASS,"badges seen: ['✅', '🔎']",,2026-07-07T20:47:17
그리드위즈,01299203,453450,KOSDAQ,연간x연결,재무제표,CV-3,PASS,rows=29 cols=6 slider_extended=True,,2026-07-07T20:47:17
그리드위즈,01299203,453450,KOSDAQ,연간x연결,재무제표,DS-2/DS-3,DONE,"cross-check completed for ['매출액', '영업이익']",,2026-07-07T20:47:17
그리드위즈,01299203,453450,KOSDAQ,연간x연결,지표,CV-6,PASS,default metric selection visible,,2026-07-07T20:47:17
그리드위즈,01299203,453450,KOSDAQ,연간x별도,재무제표,DS-1,PASS,,,2026-07-07T20:47:22
그리드위즈,01299203,453450,KOSDAQ,연간x별도,상단,DS-8,PASS,,,2026-07-07T20:47:22
그리드위즈,01299203,453450,KOSDAQ,연간x별도,상단,DS-7,PASS,"badges seen: ['✅', '🔎']",,2026-07-07T20:47:22
그리드위즈,01299203,453450,KOSDAQ,연간x별도,재무제표,CV-3,PASS,rows=29 cols=6 slider_extended=True,,2026-07-07T20:47:22
그리드위즈,01299203,453450,KOSDAQ,연간x별도,재무제표,DS-2/DS-3,DONE,"cross-check completed for ['매출액', '영업이익']",,2026-07-07T20:47:22
그리드위즈,01299203,453450,KOSDAQ,연간x별도,지표,CV-6,PASS,default metric selection visible,,2026-07-07T20:47:22
그리드위즈,01299203,453450,KOSDAQ,분기x연결,재무제표,DS-1,PASS,,,2026-07-07T20:47:28
그리드위즈,01299203,453450,KOSDAQ,분기x연결,상단,DS-8,PASS,,,2026-07-07T20:47:28
그리드위즈,01299203,453450,KOSDAQ,분기x연결,상단,DS-7,PASS,"badges seen: ['✅', '🔎']",,2026-07-07T20:47:28
그리드위즈,01299203,453450,KOSDAQ,분기x연결,재무제표,CV-3,PASS,rows=29 cols=13 slider_extended=True,,2026-07-07T20:47:28
그리드위즈,01299203,453450,KOSDAQ,분기x연결,재무제표,DS-2/DS-3,DONE,"cross-check completed for ['매출액', '영업이익']",,2026-07-07T20:47:28
그리드위즈,01299203,453450,KOSDAQ,분기x연결,지표,CV-6,PASS,default metric selection visible,,2026-07-07T20:47:28
그리드위즈,01299203,453450,KOSDAQ,분기x별도,재무제표,DS-1,PASS,,,2026-07-07T20:47:35
그리드위즈,01299203,453450,KOSDAQ,분기x별도,상단,DS-8,PASS,,,2026-07-07T20:47:35
그리드위즈,01299203,453450,KOSDAQ,분기x별도,상단,DS-7,PASS,"badges seen: ['✅', '🔎']",,2026-07-07T20:47:35
그리드위즈,01299203,453450,KOSDAQ,분기x별도,재무제표,CV-3,PASS,rows=29 cols=13 slider_extended=True,,2026-07-07T20:47:35
그리드위즈,01299203,453450,KOSDAQ,분기x별도,재무제표,DS-2/DS-3,DONE,"cross-check completed for ['매출액', '영업이익']",,2026-07-07T20:47:35
그리드위즈,01299203,453450,KOSDAQ,분기x별도,지표,CV-6,PASS,default metric selection visible,,2026-07-07T20:47:35
그리티,00671978,204020,KOSDAQ,연간x연결,재무제표,DS-1,PASS,,,2026-07-07T20:47:49
그리티,00671978,204020,KOSDAQ,연간x연결,상단,DS-8,PASS,,,2026-07-07T20:47:49
그리티,00671978,204020,KOSDAQ,연간x연결,상단,DS-7,PASS,"badges seen: ['✅', '🔎', '⚠']",,2026-07-07T20:47:49
그리티,00671978,204020,KOSDAQ,연간x연결,재무제표,CV-3,PASS,rows=29 cols=12 slider_extended=True,,2026-07-07T20:47:49
그리티,00671978,204020,KOSDAQ,연간x연결,재무제표,DS-2/DS-3,DONE,"cross-check completed for ['매출액', '영업이익']",,2026-07-07T20:47:49
그리티,00671978,204020,KOSDAQ,연간x연결,지표,CV-6,PASS,default metric selection visible,,2026-07-07T20:47:49
그리티,00671978,204020,KOSDAQ,연간x별도,재무제표,DS-1,PASS,,,2026-07-07T20:47:54
그리티,00671978,204020,KOSDAQ,연간x별도,상단,DS-8,PASS,,,2026-07-07T20:47:54
그리티,00671978,204020,KOSDAQ,연간x별도,상단,DS-7,PASS,"badges seen: ['✅', '🔎', '⚠']",,2026-07-07T20:47:54
그리티,00671978,204020,KOSDAQ,연간x별도,재무제표,CV-3,PASS,rows=29 cols=12 slider_extended=True,,2026-07-07T20:47:54
그리티,00671978,204020,KOSDAQ,연간x별도,재무제표,DS-2/DS-3,DONE,"cross-check completed for ['매출액', '영업이익']",,2026-07-07T20:47:54
그리티,00671978,204020,KOSDAQ,연간x별도,지표,CV-6,PASS,default metric selection visible,,2026-07-07T20:47:54
그리티,00671978,204020,KOSDAQ,분기x연결,재무제표,DS-1,PASS,,,2026-07-07T20:48:00
그리티,00671978,204020,KOSDAQ,분기x연결,상단,DS-8,PASS,,,2026-07-07T20:48:00
그리티,00671978,204020,KOSDAQ,분기x연결,상단,DS-7,PASS,"badges seen: ['✅', '🔎']",,2026-07-07T20:48:00
그리티,00671978,204020,KOSDAQ,분기x연결,재무제표,CV-3,PASS,rows=29 cols=37 slider_extended=True,,2026-07-07T20:48:00
그리티,00671978,204020,KOSDAQ,분기x연결,재무제표,DS-2/DS-3,DONE,"cross-check completed for ['매출액', '영업이익']",,2026-07-07T20:48:00
그리티,00671978,204020,KOSDAQ,분기x연결,지표,CV-6,PASS,default metric selection visible,,2026-07-07T20:48:00
그리티,00671978,204020,KOSDAQ,분기x별도,재무제표,DS-1,PASS,,,2026-07-07T20:48:07
그리티,00671978,204020,KOSDAQ,분기x별도,상단,DS-8,PASS,,,2026-07-07T20:48:07
그리티,00671978,204020,KOSDAQ,분기x별도,상단,DS-7,PASS,"badges seen: ['✅', '🔎']",,2026-07-07T20:48:07
그리티,00671978,204020,KOSDAQ,분기x별도,재무제표,CV-3,PASS,rows=29 cols=37 slider_extended=True,,2026-07-07T20:48:07
그리티,00671978,204020,KOSDAQ,분기x별도,재무제표,DS-2/DS-3,DONE,"cross-check completed for ['매출액', '영업이익']",,2026-07-07T20:48:07
그리티,00671978,204020,KOSDAQ,분기x별도,지표,CV-6,PASS,default metric selection visible,,2026-07-07T20:48:07
그린광학,00677486,0015G0,KOSDAQ,연간x연결,재무제표,DS-1,PASS,,,2026-07-07T20:48:20
그린광학,00677486,0015G0,KOSDAQ,연간x연결,상단,DS-8,PASS,,,2026-07-07T20:48:20
그린광학,00677486,0015G0,KOSDAQ,연간x연결,상단,DS-7,PASS,"badges seen: ['✅', '🔎', '⚠']",,2026-07-07T20:48:20
그린광학,00677486,0015G0,KOSDAQ,연간x연결,재무제표,CV-3,PASS,rows=29 cols=5 slider_extended=True,,2026-07-07T20:48:20
그린광학,00677486,0015G0,KOSDAQ,연간x연결,재무제표,DS-2/DS-3,DONE,"cross-check completed for ['매출액', '영업이익']",,2026-07-07T20:48:20
그린광학,00677486,0015G0,KOSDAQ,연간x연결,지표,CV-6,PASS,default metric selection visible,,2026-07-07T20:48:20
그린광학,00677486,0015G0,KOSDAQ,연간x별도,재무제표,DS-1,PASS,,,2026-07-07T20:48:26
그린광학,00677486,0015G0,KOSDAQ,연간x별도,상단,DS-8,PASS,,,2026-07-07T20:48:26
그린광학,00677486,0015G0,KOSDAQ,연간x별도,상단,DS-7,PASS,"badges seen: ['✅', '🔎', '⚠']",,2026-07-07T20:48:26
그린광학,00677486,0015G0,KOSDAQ,연간x별도,재무제표,CV-3,PASS,rows=29 cols=5 slider_extended=True,,2026-07-07T20:48:26
그린광학,00677486,0015G0,KOSDAQ,연간x별도,재무제표,DS-2/DS-3,DONE,"cross-check completed for ['매출액', '영업이익']",,2026-07-07T20:48:26
그린광학,00677486,0015G0,KOSDAQ,연간x별도,지표,CV-6,PASS,default metric selection visible,,2026-07-07T20:48:26
그린광학,00677486,0015G0,KOSDAQ,분기x연결,재무제표,DS-1,PASS,,,2026-07-07T20:48:32
그린광학,00677486,0015G0,KOSDAQ,분기x연결,상단,DS-8,PASS,,,2026-07-07T20:48:32
그린광학,00677486,0015G0,KOSDAQ,분기x연결,상단,DS-7,PASS,"badges seen: ['✅', '🔎']",,2026-07-07T20:48:32
그린광학,00677486,0015G0,KOSDAQ,분기x연결,재무제표,CV-3,PASS,rows=29 cols=6 slider_extended=True,,2026-07-07T20:48:32
그린광학,00677486,0015G0,KOSDAQ,분기x연결,재무제표,DS-2/DS-3,DONE,"cross-check completed for ['매출액', '영업이익']",,2026-07-07T20:48:32
그린광학,00677486,0015G0,KOSDAQ,분기x연결,지표,CV-6,PASS,default metric selection visible,,2026-07-07T20:48:32
그린광학,00677486,0015G0,KOSDAQ,분기x별도,재무제표,DS-1,PASS,,,2026-07-07T20:48:39
그린광학,00677486,0015G0,KOSDAQ,분기x별도,상단,DS-8,PASS,,,2026-07-07T20:48:39
그린광학,00677486,0015G0,KOSDAQ,분기x별도,상단,DS-7,PASS,"badges seen: ['✅', '🔎']",,2026-07-07T20:48:39
그린광학,00677486,0015G0,KOSDAQ,분기x별도,재무제표,CV-3,PASS,rows=29 cols=6 slider_extended=True,,2026-07-07T20:48:39
그린광학,00677486,0015G0,KOSDAQ,분기x별도,재무제표,DS-2/DS-3,DONE,"cross-check completed for ['매출액', '영업이익']",,2026-07-07T20:48:39
그린광학,00677486,0015G0,KOSDAQ,분기x별도,지표,CV-6,PASS,default metric selection visible,,2026-07-07T20:48:39
그린리소스,01370863,402490,KOSDAQ,연간x연결,재무제표,DS-1,PASS,,,2026-07-07T20:48:52
그린리소스,01370863,402490,KOSDAQ,연간x연결,상단,DS-8,PASS,,,2026-07-07T20:48:52
그린리소스,01370863,402490,KOSDAQ,연간x연결,상단,DS-7,PASS,"badges seen: ['✅', '🔎', '⚠']",,2026-07-07T20:48:52
그린리소스,01370863,402490,KOSDAQ,연간x연결,재무제표,CV-3,PASS,rows=29 cols=7 slider_extended=True,,2026-07-07T20:48:52
그린리소스,01370863,402490,KOSDAQ,연간x연결,재무제표,DS-2/DS-3,DONE,"cross-check completed for ['매출액', '영업이익']",,2026-07-07T20:48:52
그린리소스,01370863,402490,KOSDAQ,연간x연결,지표,CV-6,PASS,default metric selection visible,,2026-07-07T20:48:52
그린리소스,01370863,402490,KOSDAQ,연간x별도,재무제표,DS-1,PASS,,,2026-07-07T20:48:57
그린리소스,01370863,402490,KOSDAQ,연간x별도,상단,DS-8,PASS,,,2026-07-07T20:48:57
그린리소스,01370863,402490,KOSDAQ,연간x별도,상단,DS-7,PASS,"badges seen: ['✅', '🔎', '⚠']",,2026-07-07T20:48:57
그린리소스,01370863,402490,KOSDAQ,연간x별도,재무제표,CV-3,PASS,rows=29 cols=7 slider_extended=True,,2026-07-07T20:48:57
그린리소스,01370863,402490,KOSDAQ,연간x별도,재무제표,DS-2/DS-3,DONE,"cross-check completed for ['매출액', '영업이익']",,2026-07-07T20:48:57
그린리소스,01370863,402490,KOSDAQ,연간x별도,지표,CV-6,PASS,default metric selection visible,,2026-07-07T20:48:57
그린리소스,01370863,402490,KOSDAQ,분기x연결,재무제표,DS-1,PASS,,,2026-07-07T20:49:03
그린리소스,01370863,402490,KOSDAQ,분기x연결,상단,DS-8,PASS,,,2026-07-07T20:49:03
그린리소스,01370863,402490,KOSDAQ,분기x연결,상단,DS-7,PASS,"badges seen: ['✅', '🔎', '⚠']",,2026-07-07T20:49:03
그린리소스,01370863,402490,KOSDAQ,분기x연결,재무제표,CV-3,PASS,rows=29 cols=16 slider_extended=True,,2026-07-07T20:49:03
그린리소스,01370863,402490,KOSDAQ,분기x연결,재무제표,DS-2/DS-3,DONE,"cross-check completed for ['매출액', '영업이익']",,2026-07-07T20:49:03
그린리소스,01370863,402490,KOSDAQ,분기x연결,지표,CV-6,PASS,default metric selection visible,,2026-07-07T20:49:03
그린리소스,01370863,402490,KOSDAQ,분기x별도,재무제표,DS-1,PASS,,,2026-07-07T20:49:10
그린리소스,01370863,402490,KOSDAQ,분기x별도,상단,DS-8,PASS,,,2026-07-07T20:49:10
그린리소스,01370863,402490,KOSDAQ,분기x별도,상단,DS-7,PASS,"badges seen: ['✅', '🔎', '⚠']",,2026-07-07T20:49:10
그린리소스,01370863,402490,KOSDAQ,분기x별도,재무제표,CV-3,PASS,rows=29 cols=16 slider_extended=True,,2026-07-07T20:49:10
그린리소스,01370863,402490,KOSDAQ,분기x별도,재무제표,DS-2/DS-3,DONE,"cross-check completed for ['매출액', '영업이익']",,2026-07-07T20:49:10
그린리소스,01370863,402490,KOSDAQ,분기x별도,지표,CV-6,PASS,default metric selection visible,,2026-07-07T20:49:10
그린생명과학,00532059,114450,KOSDAQ,연간x연결,재무제표,DS-1,PASS,,,2026-07-07T20:49:24
그린생명과학,00532059,114450,KOSDAQ,연간x연결,상단,DS-8,PASS,,,2026-07-07T20:49:24
그린생명과학,00532059,114450,KOSDAQ,연간x연결,상단,DS-4,PASS,substitution caption present,,2026-07-07T20:49:24
그린생명과학,00532059,114450,KOSDAQ,연간x연결,상단,DS-7,PASS,"badges seen: ['✅', '🔎']",,2026-07-07T20:49:24
그린생명과학,00532059,114450,KOSDAQ,연간x연결,재무제표,CV-3,PASS,rows=29 cols=21 slider_extended=True,,2026-07-07T20:49:24
그린생명과학,00532059,114450,KOSDAQ,연간x연결,재무제표,DS-2/DS-3,DONE,"cross-check completed for ['매출액', '영업이익']",,2026-07-07T20:49:24
그린생명과학,00532059,114450,KOSDAQ,연간x연결,지표,CV-6,PASS,default metric selection visible,,2026-07-07T20:49:24
그린생명과학,00532059,114450,KOSDAQ,연간x별도,재무제표,DS-1,PASS,,,2026-07-07T20:49:29
그린생명과학,00532059,114450,KOSDAQ,연간x별도,상단,DS-8,PASS,,,2026-07-07T20:49:29
그린생명과학,00532059,114450,KOSDAQ,연간x별도,상단,DS-7,PASS,"badges seen: ['✅', '🔎']",,2026-07-07T20:49:29
그린생명과학,00532059,114450,KOSDAQ,연간x별도,재무제표,CV-3,PASS,rows=29 cols=21 slider_extended=True,,2026-07-07T20:49:29
그린생명과학,00532059,114450,KOSDAQ,연간x별도,재무제표,DS-2/DS-3,DONE,"cross-check completed for ['매출액', '영업이익']",,2026-07-07T20:49:29
그린생명과학,00532059,114450,KOSDAQ,연간x별도,지표,CV-6,PASS,default metric selection visible,,2026-07-07T20:49:29
그린생명과학,00532059,114450,KOSDAQ,분기x연결,재무제표,DS-1,PASS,,,2026-07-07T20:49:35
그린생명과학,00532059,114450,KOSDAQ,분기x연결,상단,DS-8,PASS,,,2026-07-07T20:49:35
그린생명과학,00532059,114450,KOSDAQ,분기x연결,상단,DS-4,PASS,substitution caption present,,2026-07-07T20:49:35
그린생명과학,00532059,114450,KOSDAQ,분기x연결,상단,DS-7,PASS,"badges seen: ['✅', '🔎']",,2026-07-07T20:49:35
그린생명과학,00532059,114450,KOSDAQ,분기x연결,재무제표,CV-3,PASS,rows=29 cols=69 slider_extended=True,,2026-07-07T20:49:35
그린생명과학,00532059,114450,KOSDAQ,분기x연결,재무제표,DS-2/DS-3,DONE,"cross-check completed for ['매출액', '영업이익']",,2026-07-07T20:49:35
그린생명과학,00532059,114450,KOSDAQ,분기x연결,지표,CV-6,PASS,default metric selection visible,,2026-07-07T20:49:35
그린생명과학,00532059,114450,KOSDAQ,분기x별도,재무제표,DS-1,PASS,,,2026-07-07T20:49:42
그린생명과학,00532059,114450,KOSDAQ,분기x별도,상단,DS-8,PASS,,,2026-07-07T20:49:42
그린생명과학,00532059,114450,KOSDAQ,분기x별도,상단,DS-7,PASS,"badges seen: ['✅', '🔎']",,2026-07-07T20:49:42
그린생명과학,00532059,114450,KOSDAQ,분기x별도,재무제표,CV-3,PASS,rows=29 cols=69 slider_extended=True,,2026-07-07T20:49:42
그린생명과학,00532059,114450,KOSDAQ,분기x별도,재무제표,DS-2/DS-3,DONE,"cross-check completed for ['매출액', '영업이익']",,2026-07-07T20:49:42
그린생명과학,00532059,114450,KOSDAQ,분기x별도,지표,CV-6,PASS,default metric selection visible,,2026-07-07T20:49:42
그린플러스,00602279,186230,KOSDAQ,연간x연결,재무제표,DS-1,PASS,,,2026-07-07T20:49:56
그린플러스,00602279,186230,KOSDAQ,연간x연결,상단,DS-8,PASS,,,2026-07-07T20:49:56
그린플러스,00602279,186230,KOSDAQ,연간x연결,상단,DS-7,PASS,"badges seen: ['✅', '🔎']",,2026-07-07T20:49:56
그린플러스,00602279,186230,KOSDAQ,연간x연결,재무제표,CV-3,PASS,rows=29 cols=11 slider_extended=True,,2026-07-07T20:49:56
그린플러스,00602279,186230,KOSDAQ,연간x연결,재무제표,DS-2/DS-3,DONE,"cross-check completed for ['매출액', '영업이익']",,2026-07-07T20:49:56
그린플러스,00602279,186230,KOSDAQ,연간x연결,지표,CV-6,PASS,default metric selection visible,,2026-07-07T20:49:56
그린플러스,00602279,186230,KOSDAQ,연간x별도,재무제표,DS-1,PASS,,,2026-07-07T20:50:01
그린플러스,00602279,186230,KOSDAQ,연간x별도,상단,DS-8,PASS,,,2026-07-07T20:50:01
그린플러스,00602279,186230,KOSDAQ,연간x별도,상단,DS-7,PASS,"badges seen: ['✅', '🔎']",,2026-07-07T20:50:01
그린플러스,00602279,186230,KOSDAQ,연간x별도,재무제표,CV-3,PASS,rows=29 cols=12 slider_extended=True,,2026-07-07T20:50:01
그린플러스,00602279,186230,KOSDAQ,연간x별도,재무제표,DS-2/DS-3,DONE,"cross-check completed for ['매출액', '영업이익']",,2026-07-07T20:50:01
그린플러스,00602279,186230,KOSDAQ,연간x별도,지표,CV-6,PASS,default metric selection visible,,2026-07-07T20:50:01
그린플러스,00602279,186230,KOSDAQ,분기x연결,재무제표,DS-1,PASS,,,2026-07-07T20:50:07
그린플러스,00602279,186230,KOSDAQ,분기x연결,상단,DS-8,PASS,,,2026-07-07T20:50:07
그린플러스,00602279,186230,KOSDAQ,분기x연결,상단,DS-7,PASS,"badges seen: ['✅', '🔎']",,2026-07-07T20:50:07
그린플러스,00602279,186230,KOSDAQ,분기x연결,재무제표,CV-3,PASS,rows=29 cols=33 slider_extended=True,,2026-07-07T20:50:07
그린플러스,00602279,186230,KOSDAQ,분기x연결,재무제표,DS-2/DS-3,DONE,"cross-check completed for ['매출액', '영업이익']",,2026-07-07T20:50:07
그린플러스,00602279,186230,KOSDAQ,분기x연결,지표,CV-6,PASS,default metric selection visible,,2026-07-07T20:50:07
그린플러스,00602279,186230,KOSDAQ,분기x별도,재무제표,DS-1,PASS,,,2026-07-07T20:50:14
그린플러스,00602279,186230,KOSDAQ,분기x별도,상단,DS-8,PASS,,,2026-07-07T20:50:14
그린플러스,00602279,186230,KOSDAQ,분기x별도,상단,DS-7,PASS,"badges seen: ['✅', '🔎', '⚠']",,2026-07-07T20:50:14
그린플러스,00602279,186230,KOSDAQ,분기x별도,재무제표,CV-3,PASS,rows=29 cols=33 slider_extended=True,,2026-07-07T20:50:14
그린플러스,00602279,186230,KOSDAQ,분기x별도,재무제표,DS-2/DS-3,DONE,"cross-check completed for ['매출액', '영업이익']",,2026-07-07T20:50:14
그린플러스,00602279,186230,KOSDAQ,분기x별도,지표,CV-6,PASS,default metric selection visible,,2026-07-07T20:50:14
글로벌에스엠,00783246,900070,KOSDAQ,연간x연결,재무제표,DS-1,PASS,,,2026-07-07T20:50:28
글로벌에스엠,00783246,900070,KOSDAQ,연간x연결,상단,DS-8,PASS,,,2026-07-07T20:50:28
글로벌에스엠,00783246,900070,KOSDAQ,연간x연결,상단,DS-7,PASS,"badges seen: ['✅', '🔎', '⚠']",,2026-07-07T20:50:28
글로벌에스엠,00783246,900070,KOSDAQ,연간x연결,재무제표,CV-3,PASS,rows=29 cols=21 slider_extended=True,,2026-07-07T20:50:28
글로벌에스엠,00783246,900070,KOSDAQ,연간x연결,재무제표,DS-2/DS-3,DONE,"cross-check completed for ['매출액', '영업이익']",,2026-07-07T20:50:28
글로벌에스엠,00783246,900070,KOSDAQ,연간x연결,지표,CV-6,PASS,default metric selection visible,,2026-07-07T20:50:28
글로벌에스엠,00783246,900070,KOSDAQ,연간x별도,재무제표,DS-1,PASS,,,2026-07-07T20:50:33
글로벌에스엠,00783246,900070,KOSDAQ,연간x별도,상단,DS-8,PASS,,,2026-07-07T20:50:33
글로벌에스엠,00783246,900070,KOSDAQ,연간x별도,상단,DS-4,PASS,substitution caption present,,2026-07-07T20:50:33
글로벌에스엠,00783246,900070,KOSDAQ,연간x별도,상단,DS-7,PASS,"badges seen: ['✅', '🔎', '⚠']",,2026-07-07T20:50:33
글로벌에스엠,00783246,900070,KOSDAQ,연간x별도,재무제표,CV-3,PASS,rows=29 cols=21 slider_extended=True,,2026-07-07T20:50:33
글로벌에스엠,00783246,900070,KOSDAQ,연간x별도,재무제표,DS-2/DS-3,DONE,"cross-check completed for ['매출액', '영업이익']",,2026-07-07T20:50:33
글로벌에스엠,00783246,900070,KOSDAQ,연간x별도,지표,CV-6,PASS,default metric selection visible,,2026-07-07T20:50:33
글로벌에스엠,00783246,900070,KOSDAQ,분기x연결,재무제표,DS-1,PASS,,,2026-07-07T20:50:39
글로벌에스엠,00783246,900070,KOSDAQ,분기x연결,상단,DS-8,PASS,,,2026-07-07T20:50:39
글로벌에스엠,00783246,900070,KOSDAQ,분기x연결,상단,DS-7,PASS,"badges seen: ['✅', '🔎', '⚠']",,2026-07-07T20:50:39
글로벌에스엠,00783246,900070,KOSDAQ,분기x연결,재무제표,CV-3,PASS,rows=29 cols=69 slider_extended=True,,2026-07-07T20:50:39
글로벌에스엠,00783246,900070,KOSDAQ,분기x연결,재무제표,DS-2/DS-3,DONE,"cross-check completed for ['매출액', '영업이익']",,2026-07-07T20:50:39
글로벌에스엠,00783246,900070,KOSDAQ,분기x연결,지표,CV-6,PASS,default metric selection visible,,2026-07-07T20:50:39
글로벌에스엠,00783246,900070,KOSDAQ,분기x별도,재무제표,DS-1,PASS,,,2026-07-07T20:50:46
글로벌에스엠,00783246,900070,KOSDAQ,분기x별도,상단,DS-8,PASS,,,2026-07-07T20:50:46
글로벌에스엠,00783246,900070,KOSDAQ,분기x별도,상단,DS-4,PASS,substitution caption present,,2026-07-07T20:50:46
글로벌에스엠,00783246,900070,KOSDAQ,분기x별도,상단,DS-7,PASS,"badges seen: ['✅', '🔎', '⚠']",,2026-07-07T20:50:46
글로벌에스엠,00783246,900070,KOSDAQ,분기x별도,재무제표,CV-3,PASS,rows=29 cols=69 slider_extended=True,,2026-07-07T20:50:46
글로벌에스엠,00783246,900070,KOSDAQ,분기x별도,재무제표,DS-2/DS-3,DONE,"cross-check completed for ['매출액', '영업이익']",,2026-07-07T20:50:46
글로벌에스엠,00783246,900070,KOSDAQ,분기x별도,지표,CV-6,PASS,default metric selection visible,,2026-07-07T20:50:46
글로벌텍스프리,01042711,204620,KOSDAQ,연간x연결,재무제표,DS-1,PASS,,,2026-07-07T20:51:00
글로벌텍스프리,01042711,204620,KOSDAQ,연간x연결,상단,DS-8,PASS,,,2026-07-07T20:51:00
글로벌텍스프리,01042711,204620,KOSDAQ,연간x연결,상단,DS-7,PASS,"badges seen: ['✅', '🔎', '⚠']",,2026-07-07T20:51:00
글로벌텍스프리,01042711,204620,KOSDAQ,연간x연결,재무제표,CV-3,PASS,rows=29 cols=13 slider_extended=True,,2026-07-07T20:51:00
글로벌텍스프리,01042711,204620,KOSDAQ,연간x연결,재무제표,DS-2/DS-3,DONE,"cross-check completed for ['매출액', '영업이익']",,2026-07-07T20:51:00
글로벌텍스프리,01042711,204620,KOSDAQ,연간x연결,지표,CV-6,PASS,default metric selection visible,,2026-07-07T20:51:00
글로벌텍스프리,01042711,204620,KOSDAQ,연간x별도,재무제표,DS-1,PASS,,,2026-07-07T20:51:05
글로벌텍스프리,01042711,204620,KOSDAQ,연간x별도,상단,DS-8,PASS,,,2026-07-07T20:51:05
글로벌텍스프리,01042711,204620,KOSDAQ,연간x별도,상단,DS-7,PASS,"badges seen: ['✅', '🔎', '⚠']",,2026-07-07T20:51:05
글로벌텍스프리,01042711,204620,KOSDAQ,연간x별도,재무제표,CV-3,PASS,rows=29 cols=15 slider_extended=True,,2026-07-07T20:51:05
글로벌텍스프리,01042711,204620,KOSDAQ,연간x별도,재무제표,DS-2/DS-3,DONE,"cross-check completed for ['매출액', '영업이익']",,2026-07-07T20:51:05
글로벌텍스프리,01042711,204620,KOSDAQ,연간x별도,지표,CV-6,PASS,default metric selection visible,,2026-07-07T20:51:05
글로벌텍스프리,01042711,204620,KOSDAQ,분기x연결,재무제표,DS-1,PASS,,,2026-07-07T20:51:11
글로벌텍스프리,01042711,204620,KOSDAQ,분기x연결,상단,DS-8,PASS,,,2026-07-07T20:51:11
글로벌텍스프리,01042711,204620,KOSDAQ,분기x연결,상단,DS-7,PASS,"badges seen: ['✅', '🔎', '⚠']",,2026-07-07T20:51:11
글로벌텍스프리,01042711,204620,KOSDAQ,분기x연결,재무제표,CV-3,PASS,rows=29 cols=41 slider_extended=True,,2026-07-07T20:51:11
글로벌텍스프리,01042711,204620,KOSDAQ,분기x연결,재무제표,DS-2/DS-3,DONE,"cross-check completed for ['매출액', '영업이익']",,2026-07-07T20:51:11
글로벌텍스프리,01042711,204620,KOSDAQ,분기x연결,지표,CV-6,PASS,default metric selection visible,,2026-07-07T20:51:11
글로벌텍스프리,01042711,204620,KOSDAQ,분기x별도,재무제표,DS-1,PASS,,,2026-07-07T20:51:19
글로벌텍스프리,01042711,204620,KOSDAQ,분기x별도,상단,DS-8,PASS,,,2026-07-07T20:51:19
글로벌텍스프리,01042711,204620,KOSDAQ,분기x별도,상단,DS-7,PASS,"badges seen: ['✅', '🔎', '⚠']",,2026-07-07T20:51:19
글로벌텍스프리,01042711,204620,KOSDAQ,분기x별도,재무제표,CV-3,PASS,rows=29 cols=47 slider_extended=True,,2026-07-07T20:51:19
글로벌텍스프리,01042711,204620,KOSDAQ,분기x별도,재무제표,DS-2/DS-3,DONE,"cross-check completed for ['매출액', '영업이익']",,2026-07-07T20:51:19
글로벌텍스프리,01042711,204620,KOSDAQ,분기x별도,지표,CV-6,PASS,default metric selection visible,,2026-07-07T20:51:19
글로본,00159731,019660,KOSDAQ,연간x연결,재무제표,DS-1,PASS,,,2026-07-07T20:51:32
글로본,00159731,019660,KOSDAQ,연간x연결,상단,DS-8,PASS,,,2026-07-07T20:51:32
글로본,00159731,019660,KOSDAQ,연간x연결,상단,DS-7,PASS,"badges seen: ['✅', '🔎']",,2026-07-07T20:51:32
글로본,00159731,019660,KOSDAQ,연간x연결,재무제표,CV-3,PASS,rows=29 cols=11 slider_extended=True,,2026-07-07T20:51:32
글로본,00159731,019660,KOSDAQ,연간x연결,재무제표,DS-2/DS-3,DONE,"cross-check completed for ['매출액', '영업이익']",,2026-07-07T20:51:32
글로본,00159731,019660,KOSDAQ,연간x연결,지표,CV-6,PASS,default metric selection visible,,2026-07-07T20:51:32
글로본,00159731,019660,KOSDAQ,연간x별도,재무제표,DS-1,PASS,,,2026-07-07T20:51:37
글로본,00159731,019660,KOSDAQ,연간x별도,상단,DS-8,PASS,,,2026-07-07T20:51:37
글로본,00159731,019660,KOSDAQ,연간x별도,상단,DS-7,PASS,"badges seen: ['✅', '🔎', '⚠']",,2026-07-07T20:51:37
글로본,00159731,019660,KOSDAQ,연간x별도,재무제표,CV-3,PASS,rows=29 cols=24 slider_extended=True,,2026-07-07T20:51:37
글로본,00159731,019660,KOSDAQ,연간x별도,재무제표,DS-2/DS-3,DONE,"cross-check completed for ['매출액', '영업이익']",,2026-07-07T20:51:37
글로본,00159731,019660,KOSDAQ,연간x별도,지표,CV-6,PASS,default metric selection visible,,2026-07-07T20:51:37
글로본,00159731,019660,KOSDAQ,분기x연결,재무제표,DS-1,PASS,,,2026-07-07T20:51:43
글로본,00159731,019660,KOSDAQ,분기x연결,상단,DS-8,PASS,,,2026-07-07T20:51:43
글로본,00159731,019660,KOSDAQ,분기x연결,상단,DS-7,PASS,"badges seen: ['✅', '🔎']",,2026-07-07T20:51:43
글로본,00159731,019660,KOSDAQ,분기x연결,재무제표,CV-3,PASS,rows=29 cols=24 slider_extended=True,,2026-07-07T20:51:43
글로본,00159731,019660,KOSDAQ,분기x연결,재무제표,DS-2/DS-3,DONE,"cross-check completed for ['매출액', '영업이익']",,2026-07-07T20:51:43
글로본,00159731,019660,KOSDAQ,분기x연결,지표,CV-6,PASS,default metric selection visible,,2026-07-07T20:51:43
글로본,00159731,019660,KOSDAQ,분기x별도,재무제표,DS-1,PASS,,,2026-07-07T20:51:50
글로본,00159731,019660,KOSDAQ,분기x별도,상단,DS-8,PASS,,,2026-07-07T20:51:50
글로본,00159731,019660,KOSDAQ,분기x별도,상단,DS-7,PASS,"badges seen: ['✅', '🔎']",,2026-07-07T20:51:50
글로본,00159731,019660,KOSDAQ,분기x별도,재무제표,CV-3,PASS,rows=29 cols=82 slider_extended=True,,2026-07-07T20:51:50
글로본,00159731,019660,KOSDAQ,분기x별도,재무제표,DS-2/DS-3,DONE,"cross-check completed for ['매출액', '영업이익']",,2026-07-07T20:51:50
글로본,00159731,019660,KOSDAQ,분기x별도,지표,CV-6,PASS,default metric selection visible,,2026-07-07T20:51:50
금강철강,00105475,053260,KOSDAQ,연간x연결,재무제표,DS-1,PASS,,,2026-07-07T20:52:04
금강철강,00105475,053260,KOSDAQ,연간x연결,상단,DS-8,PASS,,,2026-07-07T20:52:04
금강철강,00105475,053260,KOSDAQ,연간x연결,상단,DS-7,PASS,"badges seen: ['✅', '🔎']",,2026-07-07T20:52:04
금강철강,00105475,053260,KOSDAQ,연간x연결,재무제표,CV-3,PASS,rows=29 cols=19 slider_extended=True,,2026-07-07T20:52:04
금강철강,00105475,053260,KOSDAQ,연간x연결,재무제표,DS-2/DS-3,DONE,"cross-check completed for ['매출액', '영업이익']",,2026-07-07T20:52:04
금강철강,00105475,053260,KOSDAQ,연간x연결,지표,CV-6,FAIL,default metrics not found,,2026-07-07T20:52:04
금강철강,00105475,053260,KOSDAQ,연간x별도,재무제표,DS-1,PASS,,,2026-07-07T20:52:09
금강철강,00105475,053260,KOSDAQ,연간x별도,상단,DS-8,PASS,,,2026-07-07T20:52:09
금강철강,00105475,053260,KOSDAQ,연간x별도,상단,DS-7,PASS,"badges seen: ['✅', '🔎']",,2026-07-07T20:52:09
금강철강,00105475,053260,KOSDAQ,연간x별도,재무제표,CV-3,PASS,rows=29 cols=27 slider_extended=True,,2026-07-07T20:52:09
금강철강,00105475,053260,KOSDAQ,연간x별도,재무제표,DS-2/DS-3,DONE,"cross-check completed for ['매출액', '영업이익']",,2026-07-07T20:52:09
금강철강,00105475,053260,KOSDAQ,연간x별도,지표,CV-6,PASS,default metric selection visible,,2026-07-07T20:52:09
금강철강,00105475,053260,KOSDAQ,분기x연결,재무제표,DS-1,PASS,,,2026-07-07T20:52:16
금강철강,00105475,053260,KOSDAQ,분기x연결,상단,DS-8,PASS,,,2026-07-07T20:52:16
금강철강,00105475,053260,KOSDAQ,분기x연결,상단,DS-7,PASS,"badges seen: ['✅', '🔎']",,2026-07-07T20:52:16
금강철강,00105475,053260,KOSDAQ,분기x연결,재무제표,CV-3,PASS,rows=29 cols=60 slider_extended=True,,2026-07-07T20:52:16
금강철강,00105475,053260,KOSDAQ,분기x연결,재무제표,DS-2/DS-3,DONE,"cross-check completed for ['매출액', '영업이익']",,2026-07-07T20:52:16
금강철강,00105475,053260,KOSDAQ,분기x연결,지표,CV-6,PASS,default metric selection visible,,2026-07-07T20:52:16
금강철강,00105475,053260,KOSDAQ,분기x별도,재무제표,DS-1,PASS,,,2026-07-07T20:52:23
금강철강,00105475,053260,KOSDAQ,분기x별도,상단,DS-8,PASS,,,2026-07-07T20:52:23
금강철강,00105475,053260,KOSDAQ,분기x별도,상단,DS-7,PASS,"badges seen: ['✅', '🔎']",,2026-07-07T20:52:23
금강철강,00105475,053260,KOSDAQ,분기x별도,재무제표,CV-3,PASS,rows=29 cols=80 slider_extended=True,,2026-07-07T20:52:23
금강철강,00105475,053260,KOSDAQ,분기x별도,재무제표,DS-2/DS-3,DONE,"cross-check completed for ['매출액', '영업이익']",,2026-07-07T20:52:23
금강철강,00105475,053260,KOSDAQ,분기x별도,지표,CV-6,PASS,default metric selection visible,,2026-07-07T20:52:23
금양그린파워,00872656,282720,KOSDAQ,연간x연결,재무제표,DS-1,PASS,,,2026-07-07T20:52:37
금양그린파워,00872656,282720,KOSDAQ,연간x연결,상단,DS-8,PASS,,,2026-07-07T20:52:37
금양그린파워,00872656,282720,KOSDAQ,연간x연결,상단,DS-7,PASS,"badges seen: ['✅', '🔎', '⚠']",,2026-07-07T20:52:37
금양그린파워,00872656,282720,KOSDAQ,연간x연결,재무제표,CV-3,PASS,rows=29 cols=8 slider_extended=True,,2026-07-07T20:52:37
금양그린파워,00872656,282720,KOSDAQ,연간x연결,재무제표,DS-2/DS-3,DONE,"cross-check completed for ['매출액', '영업이익']",,2026-07-07T20:52:37
금양그린파워,00872656,282720,KOSDAQ,연간x연결,지표,CV-6,PASS,default metric selection visible,,2026-07-07T20:52:37
금양그린파워,00872656,282720,KOSDAQ,연간x별도,재무제표,DS-1,PASS,,,2026-07-07T20:52:42
금양그린파워,00872656,282720,KOSDAQ,연간x별도,상단,DS-8,PASS,,,2026-07-07T20:52:42
금양그린파워,00872656,282720,KOSDAQ,연간x별도,상단,DS-7,PASS,"badges seen: ['✅', '🔎']",,2026-07-07T20:52:42
금양그린파워,00872656,282720,KOSDAQ,연간x별도,재무제표,CV-3,PASS,rows=29 cols=8 slider_extended=True,,2026-07-07T20:52:42
금양그린파워,00872656,282720,KOSDAQ,연간x별도,재무제표,DS-2/DS-3,DONE,"cross-check completed for ['매출액', '영업이익']",,2026-07-07T20:52:42
금양그린파워,00872656,282720,KOSDAQ,연간x별도,지표,CV-6,PASS,default metric selection visible,,2026-07-07T20:52:42
금양그린파워,00872656,282720,KOSDAQ,분기x연결,재무제표,DS-1,PASS,,,2026-07-07T20:52:48
금양그린파워,00872656,282720,KOSDAQ,분기x연결,상단,DS-8,PASS,,,2026-07-07T20:52:48
금양그린파워,00872656,282720,KOSDAQ,분기x연결,상단,DS-7,PASS,"badges seen: ['✅', '🔎']",,2026-07-07T20:52:48
금양그린파워,00872656,282720,KOSDAQ,분기x연결,재무제표,CV-3,PASS,rows=29 cols=20 slider_extended=True,,2026-07-07T20:52:48
금양그린파워,00872656,282720,KOSDAQ,분기x연결,재무제표,DS-2/DS-3,DONE,"cross-check completed for ['매출액', '영업이익']",,2026-07-07T20:52:48
금양그린파워,00872656,282720,KOSDAQ,분기x연결,지표,CV-6,PASS,default metric selection visible,,2026-07-07T20:52:48
금양그린파워,00872656,282720,KOSDAQ,분기x별도,재무제표,DS-1,PASS,,,2026-07-07T20:52:55
금양그린파워,00872656,282720,KOSDAQ,분기x별도,상단,DS-8,PASS,,,2026-07-07T20:52:55
금양그린파워,00872656,282720,KOSDAQ,분기x별도,상단,DS-7,PASS,"badges seen: ['✅', '🔎']",,2026-07-07T20:52:55
금양그린파워,00872656,282720,KOSDAQ,분기x별도,재무제표,CV-3,PASS,rows=29 cols=20 slider_extended=True,,2026-07-07T20:52:55
금양그린파워,00872656,282720,KOSDAQ,분기x별도,재무제표,DS-2/DS-3,DONE,"cross-check completed for ['매출액', '영업이익']",,2026-07-07T20:52:55
금양그린파워,00872656,282720,KOSDAQ,분기x별도,지표,CV-6,PASS,default metric selection visible,,2026-07-07T20:52:55
금화피에스시,00176516,036190,KOSDAQ,연간x연결,재무제표,DS-1,PASS,,,2026-07-07T20:53:08
금화피에스시,00176516,036190,KOSDAQ,연간x연결,상단,DS-8,PASS,,,2026-07-07T20:53:08
금화피에스시,00176516,036190,KOSDAQ,연간x연결,상단,DS-7,PASS,"badges seen: ['✅', '🔎']",,2026-07-07T20:53:08
금화피에스시,00176516,036190,KOSDAQ,연간x연결,재무제표,CV-3,PASS,rows=29 cols=12 slider_extended=True,,2026-07-07T20:53:08
금화피에스시,00176516,036190,KOSDAQ,연간x연결,재무제표,DS-2/DS-3,DONE,"cross-check completed for ['매출액', '영업이익']",,2026-07-07T20:53:08
금화피에스시,00176516,036190,KOSDAQ,연간x연결,지표,CV-6,PASS,default metric selection visible,,2026-07-07T20:53:08
금화피에스시,00176516,036190,KOSDAQ,연간x별도,재무제표,DS-1,PASS,,,2026-07-07T20:53:13
금화피에스시,00176516,036190,KOSDAQ,연간x별도,상단,DS-8,PASS,,,2026-07-07T20:53:13
금화피에스시,00176516,036190,KOSDAQ,연간x별도,상단,DS-7,PASS,"badges seen: ['✅', '🔎']",,2026-07-07T20:53:13
금화피에스시,00176516,036190,KOSDAQ,연간x별도,재무제표,CV-3,PASS,rows=29 cols=24 slider_extended=True,,2026-07-07T20:53:13
금화피에스시,00176516,036190,KOSDAQ,연간x별도,재무제표,DS-2/DS-3,DONE,"cross-check completed for ['매출액', '영업이익']",,2026-07-07T20:53:13
금화피에스시,00176516,036190,KOSDAQ,연간x별도,지표,CV-6,PASS,default metric selection visible,,2026-07-07T20:53:13
금화피에스시,00176516,036190,KOSDAQ,분기x연결,재무제표,DS-1,PASS,,,2026-07-07T20:53:20
금화피에스시,00176516,036190,KOSDAQ,분기x연결,상단,DS-8,PASS,,,2026-07-07T20:53:20
금화피에스시,00176516,036190,KOSDAQ,분기x연결,상단,DS-7,PASS,"badges seen: ['✅', '🔎', '⚠']",,2026-07-07T20:53:20
금화피에스시,00176516,036190,KOSDAQ,분기x연결,재무제표,CV-3,PASS,rows=29 cols=58 slider_extended=True,,2026-07-07T20:53:20
금화피에스시,00176516,036190,KOSDAQ,분기x연결,재무제표,DS-2/DS-3,DONE,"cross-check completed for ['매출액', '영업이익']",,2026-07-07T20:53:20
금화피에스시,00176516,036190,KOSDAQ,분기x연결,지표,CV-6,PASS,default metric selection visible,,2026-07-07T20:53:20
금화피에스시,00176516,036190,KOSDAQ,분기x별도,재무제표,DS-1,PASS,,,2026-07-07T20:53:27
금화피에스시,00176516,036190,KOSDAQ,분기x별도,상단,DS-8,PASS,,,2026-07-07T20:53:27
금화피에스시,00176516,036190,KOSDAQ,분기x별도,상단,DS-7,PASS,"badges seen: ['✅', '🔎', '⚠']",,2026-07-07T20:53:27
금화피에스시,00176516,036190,KOSDAQ,분기x별도,재무제표,CV-3,PASS,rows=29 cols=73 slider_extended=True,,2026-07-07T20:53:27
금화피에스시,00176516,036190,KOSDAQ,분기x별도,재무제표,DS-2/DS-3,DONE,"cross-check completed for ['매출액', '영업이익']",,2026-07-07T20:53:27
금화피에스시,00176516,036190,KOSDAQ,분기x별도,지표,CV-6,PASS,default metric selection visible,,2026-07-07T20:53:27
기가레인,00377018,049080,KOSDAQ,연간x연결,재무제표,DS-1,PASS,,,2026-07-07T20:53:40
기가레인,00377018,049080,KOSDAQ,연간x연결,상단,DS-8,PASS,,,2026-07-07T20:53:40
기가레인,00377018,049080,KOSDAQ,연간x연결,상단,DS-7,PASS,"badges seen: ['✅', '🔎', '⚠']",,2026-07-07T20:53:40
기가레인,00377018,049080,KOSDAQ,연간x연결,재무제표,CV-3,PASS,rows=29 cols=17 slider_extended=True,,2026-07-07T20:53:40
기가레인,00377018,049080,KOSDAQ,연간x연결,재무제표,DS-2/DS-3,DONE,"cross-check completed for ['매출액', '영업이익']",,2026-07-07T20:53:40
기가레인,00377018,049080,KOSDAQ,연간x연결,지표,CV-6,PASS,default metric selection visible,,2026-07-07T20:53:40
기가레인,00377018,049080,KOSDAQ,연간x별도,재무제표,DS-1,PASS,,,2026-07-07T20:53:46
기가레인,00377018,049080,KOSDAQ,연간x별도,상단,DS-8,PASS,,,2026-07-07T20:53:46
기가레인,00377018,049080,KOSDAQ,연간x별도,상단,DS-7,PASS,"badges seen: ['✅', '🔎', '⚠']",,2026-07-07T20:53:46
기가레인,00377018,049080,KOSDAQ,연간x별도,재무제표,CV-3,PASS,rows=29 cols=17 slider_extended=True,,2026-07-07T20:53:46
기가레인,00377018,049080,KOSDAQ,연간x별도,재무제표,DS-2/DS-3,DONE,"cross-check completed for ['매출액', '영업이익']",,2026-07-07T20:53:46
기가레인,00377018,049080,KOSDAQ,연간x별도,지표,CV-6,PASS,default metric selection visible,,2026-07-07T20:53:46
기가레인,00377018,049080,KOSDAQ,분기x연결,재무제표,DS-1,PASS,,,2026-07-07T20:53:52
기가레인,00377018,049080,KOSDAQ,분기x연결,상단,DS-8,PASS,,,2026-07-07T20:53:52
기가레인,00377018,049080,KOSDAQ,분기x연결,상단,DS-7,PASS,"badges seen: ['✅', '🔎', '⚠']",,2026-07-07T20:53:52
기가레인,00377018,049080,KOSDAQ,분기x연결,재무제표,CV-3,PASS,rows=29 cols=57 slider_extended=True,,2026-07-07T20:53:52
기가레인,00377018,049080,KOSDAQ,분기x연결,재무제표,DS-2/DS-3,DONE,"cross-check completed for ['매출액', '영업이익']",,2026-07-07T20:53:52
기가레인,00377018,049080,KOSDAQ,분기x연결,지표,CV-6,PASS,default metric selection visible,,2026-07-07T20:53:52
기가레인,00377018,049080,KOSDAQ,분기x별도,재무제표,DS-1,PASS,,,2026-07-07T20:53:59
기가레인,00377018,049080,KOSDAQ,분기x별도,상단,DS-8,PASS,,,2026-07-07T20:53:59
기가레인,00377018,049080,KOSDAQ,분기x별도,상단,DS-7,PASS,"badges seen: ['✅', '🔎', '⚠']",,2026-07-07T20:53:59
기가레인,00377018,049080,KOSDAQ,분기x별도,재무제표,CV-3,PASS,rows=29 cols=57 slider_extended=True,,2026-07-07T20:53:59
기가레인,00377018,049080,KOSDAQ,분기x별도,재무제표,DS-2/DS-3,DONE,"cross-check completed for ['매출액', '영업이익']",,2026-07-07T20:53:59
기가레인,00377018,049080,KOSDAQ,분기x별도,지표,CV-6,PASS,default metric selection visible,,2026-07-07T20:53:59
기가비스,00765569,420770,KOSDAQ,연간x연결,재무제표,DS-1,PASS,,,2026-07-07T20:54:12
기가비스,00765569,420770,KOSDAQ,연간x연결,상단,DS-8,PASS,,,2026-07-07T20:54:12
기가비스,00765569,420770,KOSDAQ,연간x연결,상단,DS-7,PASS,"badges seen: ['✅', '🔎', '⚠']",,2026-07-07T20:54:12
기가비스,00765569,420770,KOSDAQ,연간x연결,재무제표,CV-3,PASS,rows=29 cols=5 slider_extended=True,,2026-07-07T20:54:12
기가비스,00765569,420770,KOSDAQ,연간x연결,재무제표,DS-2/DS-3,DONE,"cross-check completed for ['매출액', '영업이익']",,2026-07-07T20:54:12
기가비스,00765569,420770,KOSDAQ,연간x연결,지표,CV-6,PASS,default metric selection visible,,2026-07-07T20:54:12
기가비스,00765569,420770,KOSDAQ,연간x별도,재무제표,DS-1,PASS,,,2026-07-07T20:54:18
기가비스,00765569,420770,KOSDAQ,연간x별도,상단,DS-8,PASS,,,2026-07-07T20:54:18
기가비스,00765569,420770,KOSDAQ,연간x별도,상단,DS-7,PASS,"badges seen: ['✅', '🔎', '⚠']",,2026-07-07T20:54:18
기가비스,00765569,420770,KOSDAQ,연간x별도,재무제표,CV-3,PASS,rows=29 cols=7 slider_extended=True,,2026-07-07T20:54:18
기가비스,00765569,420770,KOSDAQ,연간x별도,재무제표,DS-2/DS-3,DONE,"cross-check completed for ['매출액', '영업이익']",,2026-07-07T20:54:18
기가비스,00765569,420770,KOSDAQ,연간x별도,지표,CV-6,PASS,default metric selection visible,,2026-07-07T20:54:18
기가비스,00765569,420770,KOSDAQ,분기x연결,재무제표,DS-1,PASS,,,2026-07-07T20:54:24
기가비스,00765569,420770,KOSDAQ,분기x연결,상단,DS-8,PASS,,,2026-07-07T20:54:24
기가비스,00765569,420770,KOSDAQ,분기x연결,상단,DS-7,PASS,"badges seen: ['✅', '🔎']",,2026-07-07T20:54:24
기가비스,00765569,420770,KOSDAQ,분기x연결,재무제표,CV-3,PASS,rows=29 cols=6 slider_extended=True,,2026-07-07T20:54:24
기가비스,00765569,420770,KOSDAQ,분기x연결,재무제표,DS-2/DS-3,DONE,"cross-check completed for ['매출액', '영업이익']",,2026-07-07T20:54:24
기가비스,00765569,420770,KOSDAQ,분기x연결,지표,CV-6,PASS,default metric selection visible,,2026-07-07T20:54:24
기가비스,00765569,420770,KOSDAQ,분기x별도,재무제표,DS-1,PASS,,,2026-07-07T20:54:31
기가비스,00765569,420770,KOSDAQ,분기x별도,상단,DS-8,PASS,,,2026-07-07T20:54:31
기가비스,00765569,420770,KOSDAQ,분기x별도,상단,DS-7,PASS,"badges seen: ['✅', '🔎', '⚠']",,2026-07-07T20:54:31
기가비스,00765569,420770,KOSDAQ,분기x별도,재무제표,CV-3,PASS,rows=29 cols=19 slider_extended=True,,2026-07-07T20:54:31
기가비스,00765569,420770,KOSDAQ,분기x별도,재무제표,DS-2/DS-3,DONE,"cross-check completed for ['매출액', '영업이익']",,2026-07-07T20:54:31
기가비스,00765569,420770,KOSDAQ,분기x별도,지표,CV-6,PASS,default metric selection visible,,2026-07-07T20:54:31
기산텔레콤,00258421,035460,KOSDAQ,연간x연결,재무제표,DS-1,PASS,,,2026-07-07T20:54:44
기산텔레콤,00258421,035460,KOSDAQ,연간x연결,상단,DS-8,PASS,,,2026-07-07T20:54:44
기산텔레콤,00258421,035460,KOSDAQ,연간x연결,상단,DS-7,PASS,"badges seen: ['✅', '🔎']",,2026-07-07T20:54:44
기산텔레콤,00258421,035460,KOSDAQ,연간x연결,재무제표,CV-3,PASS,rows=29 cols=20 slider_extended=True,,2026-07-07T20:54:44
기산텔레콤,00258421,035460,KOSDAQ,연간x연결,재무제표,DS-2/DS-3,DONE,"cross-check completed for ['매출액', '영업이익']",,2026-07-07T20:54:44
기산텔레콤,00258421,035460,KOSDAQ,연간x연결,지표,CV-6,PASS,default metric selection visible,,2026-07-07T20:54:44
기산텔레콤,00258421,035460,KOSDAQ,연간x별도,재무제표,DS-1,PASS,,,2026-07-07T20:54:50
기산텔레콤,00258421,035460,KOSDAQ,연간x별도,상단,DS-8,PASS,,,2026-07-07T20:54:50
기산텔레콤,00258421,035460,KOSDAQ,연간x별도,상단,DS-7,PASS,"badges seen: ['✅', '🔎']",,2026-07-07T20:54:50
기산텔레콤,00258421,035460,KOSDAQ,연간x별도,재무제표,CV-3,PASS,rows=29 cols=28 slider_extended=True,,2026-07-07T20:54:50
기산텔레콤,00258421,035460,KOSDAQ,연간x별도,재무제표,DS-2/DS-3,DONE,"cross-check completed for ['매출액', '영업이익']",,2026-07-07T20:54:50
기산텔레콤,00258421,035460,KOSDAQ,연간x별도,지표,CV-6,PASS,default metric selection visible,,2026-07-07T20:54:50
기산텔레콤,00258421,035460,KOSDAQ,분기x연결,재무제표,DS-1,PASS,,,2026-07-07T20:54:56
기산텔레콤,00258421,035460,KOSDAQ,분기x연결,상단,DS-8,PASS,,,2026-07-07T20:54:56
기산텔레콤,00258421,035460,KOSDAQ,분기x연결,상단,DS-7,PASS,"badges seen: ['✅', '🔎']",,2026-07-07T20:54:56
기산텔레콤,00258421,035460,KOSDAQ,분기x연결,재무제표,CV-3,PASS,rows=29 cols=60 slider_extended=True,,2026-07-07T20:54:56
기산텔레콤,00258421,035460,KOSDAQ,분기x연결,재무제표,DS-2/DS-3,DONE,"cross-check completed for ['매출액', '영업이익']",,2026-07-07T20:54:56
기산텔레콤,00258421,035460,KOSDAQ,분기x연결,지표,CV-6,PASS,default metric selection visible,,2026-07-07T20:54:56
기산텔레콤,00258421,035460,KOSDAQ,분기x별도,재무제표,DS-1,PASS,,,2026-07-07T20:55:03
기산텔레콤,00258421,035460,KOSDAQ,분기x별도,상단,DS-8,PASS,,,2026-07-07T20:55:03
기산텔레콤,00258421,035460,KOSDAQ,분기x별도,상단,DS-7,PASS,"badges seen: ['✅', '🔎']",,2026-07-07T20:55:03
기산텔레콤,00258421,035460,KOSDAQ,분기x별도,재무제표,CV-3,PASS,rows=29 cols=92 slider_extended=True,,2026-07-07T20:55:03
기산텔레콤,00258421,035460,KOSDAQ,분기x별도,재무제표,DS-2/DS-3,DONE,"cross-check completed for ['매출액', '영업이익']",,2026-07-07T20:55:03
기산텔레콤,00258421,035460,KOSDAQ,분기x별도,지표,CV-6,PASS,default metric selection visible,,2026-07-07T20:55:03
꿈비,01586455,407400,KOSDAQ,연간x연결,재무제표,DS-1,PASS,,,2026-07-07T20:55:15
꿈비,01586455,407400,KOSDAQ,연간x연결,상단,DS-8,PASS,,,2026-07-07T20:55:15
꿈비,01586455,407400,KOSDAQ,연간x연결,상단,DS-7,PASS,"badges seen: ['✅', '🔎']",,2026-07-07T20:55:15
꿈비,01586455,407400,KOSDAQ,연간x연결,재무제표,CV-3,PASS,rows=29 cols=8 slider_extended=True,,2026-07-07T20:55:15
꿈비,01586455,407400,KOSDAQ,연간x연결,재무제표,DS-2/DS-3,DONE,"cross-check completed for ['매출액', '영업이익']",,2026-07-07T20:55:15
꿈비,01586455,407400,KOSDAQ,연간x연결,지표,CV-6,PASS,default metric selection visible,,2026-07-07T20:55:15
꿈비,01586455,407400,KOSDAQ,연간x별도,재무제표,DS-1,PASS,,,2026-07-07T20:55:21
꿈비,01586455,407400,KOSDAQ,연간x별도,상단,DS-8,PASS,,,2026-07-07T20:55:21
꿈비,01586455,407400,KOSDAQ,연간x별도,상단,DS-7,PASS,"badges seen: ['✅', '🔎']",,2026-07-07T20:55:21
꿈비,01586455,407400,KOSDAQ,연간x별도,재무제표,CV-3,PASS,rows=29 cols=8 slider_extended=True,,2026-07-07T20:55:21
꿈비,01586455,407400,KOSDAQ,연간x별도,재무제표,DS-2/DS-3,DONE,"cross-check completed for ['매출액', '영업이익']",,2026-07-07T20:55:21
꿈비,01586455,407400,KOSDAQ,연간x별도,지표,CV-6,PASS,default metric selection visible,,2026-07-07T20:55:21
꿈비,01586455,407400,KOSDAQ,분기x연결,재무제표,DS-1,PASS,,,2026-07-07T20:55:27
꿈비,01586455,407400,KOSDAQ,분기x연결,상단,DS-8,PASS,,,2026-07-07T20:55:27
꿈비,01586455,407400,KOSDAQ,분기x연결,상단,DS-7,PASS,"badges seen: ['✅', '🔎']",,2026-07-07T20:55:27
꿈비,01586455,407400,KOSDAQ,분기x연결,재무제표,CV-3,PASS,rows=29 cols=20 slider_extended=True,,2026-07-07T20:55:27
꿈비,01586455,407400,KOSDAQ,분기x연결,재무제표,DS-2/DS-3,DONE,"cross-check completed for ['매출액', '영업이익']",,2026-07-07T20:55:27
꿈비,01586455,407400,KOSDAQ,분기x연결,지표,CV-6,PASS,default metric selection visible,,2026-07-07T20:55:27
꿈비,01586455,407400,KOSDAQ,분기x별도,재무제표,DS-1,PASS,,,2026-07-07T20:55:34
꿈비,01586455,407400,KOSDAQ,분기x별도,상단,DS-8,PASS,,,2026-07-07T20:55:34
꿈비,01586455,407400,KOSDAQ,분기x별도,상단,DS-7,PASS,"badges seen: ['✅', '🔎']",,2026-07-07T20:55:34
꿈비,01586455,407400,KOSDAQ,분기x별도,재무제표,CV-3,PASS,rows=29 cols=20 slider_extended=True,,2026-07-07T20:55:34
꿈비,01586455,407400,KOSDAQ,분기x별도,재무제표,DS-2/DS-3,DONE,"cross-check completed for ['매출액', '영업이익']",,2026-07-07T20:55:34
꿈비,01586455,407400,KOSDAQ,분기x별도,지표,CV-6,PASS,default metric selection visible,,2026-07-07T20:55:34
나노,00994994,187790,KOSDAQ,연간x연결,재무제표,DS-1,PASS,,,2026-07-07T20:55:48
나노,00994994,187790,KOSDAQ,연간x연결,상단,DS-8,PASS,,,2026-07-07T20:55:48
나노,00994994,187790,KOSDAQ,연간x연결,상단,DS-7,PASS,"badges seen: ['✅', '🔎']",,2026-07-07T20:55:48
나노,00994994,187790,KOSDAQ,연간x연결,재무제표,CV-3,PASS,rows=29 cols=14 slider_extended=True,,2026-07-07T20:55:48
나노,00994994,187790,KOSDAQ,연간x연결,재무제표,DS-2/DS-3,DONE,"cross-check completed for ['매출액', '영업이익']",,2026-07-07T20:55:48
나노,00994994,187790,KOSDAQ,연간x연결,지표,CV-6,PASS,default metric selection visible,,2026-07-07T20:55:48
나노,00994994,187790,KOSDAQ,연간x별도,재무제표,DS-1,PASS,,,2026-07-07T20:55:53
나노,00994994,187790,KOSDAQ,연간x별도,상단,DS-8,PASS,,,2026-07-07T20:55:53
나노,00994994,187790,KOSDAQ,연간x별도,상단,DS-7,PASS,"badges seen: ['✅', '🔎', '⚠']",,2026-07-07T20:55:53
나노,00994994,187790,KOSDAQ,연간x별도,재무제표,CV-3,PASS,rows=29 cols=15 slider_extended=True,,2026-07-07T20:55:53
나노,00994994,187790,KOSDAQ,연간x별도,재무제표,DS-2/DS-3,DONE,"cross-check completed for ['매출액', '영업이익']",,2026-07-07T20:55:53
나노,00994994,187790,KOSDAQ,연간x별도,지표,CV-6,PASS,default metric selection visible,,2026-07-07T20:55:53
나노,00994994,187790,KOSDAQ,분기x연결,재무제표,DS-1,PASS,,,2026-07-07T20:55:59
나노,00994994,187790,KOSDAQ,분기x연결,상단,DS-8,PASS,,,2026-07-07T20:55:59
나노,00994994,187790,KOSDAQ,분기x연결,상단,DS-7,PASS,"badges seen: ['✅', '🔎', '⚠']",,2026-07-07T20:55:59
나노,00994994,187790,KOSDAQ,분기x연결,재무제표,CV-3,PASS,rows=29 cols=50 slider_extended=True,,2026-07-07T20:55:59
나노,00994994,187790,KOSDAQ,분기x연결,재무제표,DS-2/DS-3,DONE,"cross-check completed for ['매출액', '영업이익']",,2026-07-07T20:55:59
나노,00994994,187790,KOSDAQ,분기x연결,지표,CV-6,PASS,default metric selection visible,,2026-07-07T20:55:59
나노,00994994,187790,KOSDAQ,분기x별도,재무제표,DS-1,PASS,,,2026-07-07T20:56:07
나노,00994994,187790,KOSDAQ,분기x별도,상단,DS-8,PASS,,,2026-07-07T20:56:07
나노,00994994,187790,KOSDAQ,분기x별도,상단,DS-7,PASS,"badges seen: ['✅', '🔎', '⚠']",,2026-07-07T20:56:07
나노,00994994,187790,KOSDAQ,분기x별도,재무제표,CV-3,PASS,rows=29 cols=52 slider_extended=True,,2026-07-07T20:56:07
나노,00994994,187790,KOSDAQ,분기x별도,재무제표,DS-2/DS-3,DONE,"cross-check completed for ['매출액', '영업이익']",,2026-07-07T20:56:07
나노,00994994,187790,KOSDAQ,분기x별도,지표,CV-6,PASS,default metric selection visible,,2026-07-07T20:56:07
나노신소재,00439965,121600,KOSDAQ,연간x연결,재무제표,DS-1,PASS,,,2026-07-07T20:56:19
나노신소재,00439965,121600,KOSDAQ,연간x연결,상단,DS-8,PASS,,,2026-07-07T20:56:19
나노신소재,00439965,121600,KOSDAQ,연간x연결,상단,DS-7,PASS,"badges seen: ['✅', '🔎', '⚠']",,2026-07-07T20:56:19
나노신소재,00439965,121600,KOSDAQ,연간x연결,재무제표,CV-3,PASS,rows=29 cols=19 slider_extended=True,,2026-07-07T20:56:19
나노신소재,00439965,121600,KOSDAQ,연간x연결,재무제표,DS-2/DS-3,DONE,"cross-check completed for ['매출액', '영업이익']",,2026-07-07T20:56:19
나노신소재,00439965,121600,KOSDAQ,연간x연결,지표,CV-6,PASS,default metric selection visible,,2026-07-07T20:56:19
나노신소재,00439965,121600,KOSDAQ,연간x별도,재무제표,DS-1,PASS,,,2026-07-07T20:56:24
나노신소재,00439965,121600,KOSDAQ,연간x별도,상단,DS-8,PASS,,,2026-07-07T20:56:24
나노신소재,00439965,121600,KOSDAQ,연간x별도,상단,DS-7,PASS,"badges seen: ['✅', '🔎', '⚠']",,2026-07-07T20:56:24
나노신소재,00439965,121600,KOSDAQ,연간x별도,재무제표,CV-3,PASS,rows=29 cols=20 slider_extended=True,,2026-07-07T20:56:24
나노신소재,00439965,121600,KOSDAQ,연간x별도,재무제표,DS-2/DS-3,DONE,"cross-check completed for ['매출액', '영업이익']",,2026-07-07T20:56:24
나노신소재,00439965,121600,KOSDAQ,연간x별도,지표,CV-6,PASS,default metric selection visible,,2026-07-07T20:56:24
나노신소재,00439965,121600,KOSDAQ,분기x연결,재무제표,DS-1,PASS,,,2026-07-07T20:56:30
나노신소재,00439965,121600,KOSDAQ,분기x연결,상단,DS-8,PASS,,,2026-07-07T20:56:30
나노신소재,00439965,121600,KOSDAQ,분기x연결,상단,DS-7,PASS,"badges seen: ['✅', '🔎', '⚠']",,2026-07-07T20:56:30
나노신소재,00439965,121600,KOSDAQ,분기x연결,재무제표,CV-3,PASS,rows=29 cols=60 slider_extended=True,,2026-07-07T20:56:30
나노신소재,00439965,121600,KOSDAQ,분기x연결,재무제표,DS-2/DS-3,DONE,"cross-check completed for ['매출액', '영업이익']",,2026-07-07T20:56:30
나노신소재,00439965,121600,KOSDAQ,분기x연결,지표,CV-6,PASS,default metric selection visible,,2026-07-07T20:56:30
나노신소재,00439965,121600,KOSDAQ,분기x별도,재무제표,DS-1,PASS,,,2026-07-07T20:56:38
나노신소재,00439965,121600,KOSDAQ,분기x별도,상단,DS-8,PASS,,,2026-07-07T20:56:38
나노신소재,00439965,121600,KOSDAQ,분기x별도,상단,DS-7,PASS,"badges seen: ['✅', '🔎']",,2026-07-07T20:56:38
나노신소재,00439965,121600,KOSDAQ,분기x별도,재무제표,CV-3,PASS,rows=29 cols=63 slider_extended=True,,2026-07-07T20:56:38
나노신소재,00439965,121600,KOSDAQ,분기x별도,재무제표,DS-2/DS-3,DONE,"cross-check completed for ['매출액', '영업이익']",,2026-07-07T20:56:38
나노신소재,00439965,121600,KOSDAQ,분기x별도,지표,CV-6,PASS,default metric selection visible,,2026-07-07T20:56:38
나노실리칸첨단소재,01136001,286750,KOSDAQ,연간x연결,재무제표,DS-1,PASS,,,2026-07-07T20:56:51
나노실리칸첨단소재,01136001,286750,KOSDAQ,연간x연결,상단,DS-8,PASS,,,2026-07-07T20:56:51
나노실리칸첨단소재,01136001,286750,KOSDAQ,연간x연결,상단,DS-7,PASS,"badges seen: ['✅', '🔎']",,2026-07-07T20:56:51
나노실리칸첨단소재,01136001,286750,KOSDAQ,연간x연결,재무제표,CV-3,PASS,rows=29 cols=11 slider_extended=True,,2026-07-07T20:56:51
나노실리칸첨단소재,01136001,286750,KOSDAQ,연간x연결,재무제표,DS-2/DS-3,DONE,"cross-check completed for ['매출액', '영업이익']",,2026-07-07T20:56:51
나노실리칸첨단소재,01136001,286750,KOSDAQ,연간x연결,지표,CV-6,PASS,default metric selection visible,,2026-07-07T20:56:51
나노실리칸첨단소재,01136001,286750,KOSDAQ,연간x별도,재무제표,DS-1,PASS,,,2026-07-07T20:56:56
나노실리칸첨단소재,01136001,286750,KOSDAQ,연간x별도,상단,DS-8,PASS,,,2026-07-07T20:56:56
나노실리칸첨단소재,01136001,286750,KOSDAQ,연간x별도,상단,DS-7,PASS,"badges seen: ['✅', '🔎']",,2026-07-07T20:56:56
나노실리칸첨단소재,01136001,286750,KOSDAQ,연간x별도,재무제표,CV-3,PASS,rows=29 cols=11 slider_extended=True,,2026-07-07T20:56:56
나노실리칸첨단소재,01136001,286750,KOSDAQ,연간x별도,재무제표,DS-2/DS-3,DONE,"cross-check completed for ['매출액', '영업이익']",,2026-07-07T20:56:56
나노실리칸첨단소재,01136001,286750,KOSDAQ,연간x별도,지표,CV-6,PASS,default metric selection visible,,2026-07-07T20:56:56
나노실리칸첨단소재,01136001,286750,KOSDAQ,분기x연결,재무제표,DS-1,PASS,,,2026-07-07T20:57:02
나노실리칸첨단소재,01136001,286750,KOSDAQ,분기x연결,상단,DS-8,PASS,,,2026-07-07T20:57:02
나노실리칸첨단소재,01136001,286750,KOSDAQ,분기x연결,상단,DS-7,PASS,"badges seen: ['✅', '🔎', '⚠']",,2026-07-07T20:57:02
나노실리칸첨단소재,01136001,286750,KOSDAQ,분기x연결,재무제표,CV-3,PASS,rows=29 cols=25 slider_extended=True,,2026-07-07T20:57:02
나노실리칸첨단소재,01136001,286750,KOSDAQ,분기x연결,재무제표,DS-2/DS-3,DONE,"cross-check completed for ['매출액', '영업이익']",,2026-07-07T20:57:02
나노실리칸첨단소재,01136001,286750,KOSDAQ,분기x연결,지표,CV-6,PASS,default metric selection visible,,2026-07-07T20:57:02
나노실리칸첨단소재,01136001,286750,KOSDAQ,분기x별도,재무제표,DS-1,PASS,,,2026-07-07T20:57:10
나노실리칸첨단소재,01136001,286750,KOSDAQ,분기x별도,상단,DS-8,PASS,,,2026-07-07T20:57:10
나노실리칸첨단소재,01136001,286750,KOSDAQ,분기x별도,상단,DS-7,PASS,"badges seen: ['✅', '🔎', '⚠']",,2026-07-07T20:57:10
나노실리칸첨단소재,01136001,286750,KOSDAQ,분기x별도,재무제표,CV-3,PASS,rows=29 cols=33 slider_extended=True,,2026-07-07T20:57:10
나노실리칸첨단소재,01136001,286750,KOSDAQ,분기x별도,재무제표,DS-2/DS-3,DONE,"cross-check completed for ['매출액', '영업이익']",,2026-07-07T20:57:10
나노실리칸첨단소재,01136001,286750,KOSDAQ,분기x별도,지표,CV-6,PASS,default metric selection visible,,2026-07-07T20:57:10
나노씨엠에스,00660459,247660,KOSDAQ,연간x연결,재무제표,DS-1,PASS,,,2026-07-07T20:57:22
나노씨엠에스,00660459,247660,KOSDAQ,연간x연결,상단,DS-8,PASS,,,2026-07-07T20:57:22
나노씨엠에스,00660459,247660,KOSDAQ,연간x연결,상단,DS-4,PASS,substitution caption present,,2026-07-07T20:57:22
나노씨엠에스,00660459,247660,KOSDAQ,연간x연결,상단,DS-7,PASS,"badges seen: ['✅', '🔎']",,2026-07-07T20:57:22
나노씨엠에스,00660459,247660,KOSDAQ,연간x연결,재무제표,CV-3,PASS,rows=29 cols=10 slider_extended=True,,2026-07-07T20:57:22
나노씨엠에스,00660459,247660,KOSDAQ,연간x연결,재무제표,DS-2/DS-3,DONE,"cross-check completed for ['매출액', '영업이익']",,2026-07-07T20:57:22
나노씨엠에스,00660459,247660,KOSDAQ,연간x연결,지표,CV-6,PASS,default metric selection visible,,2026-07-07T20:57:22
나노씨엠에스,00660459,247660,KOSDAQ,연간x별도,재무제표,DS-1,PASS,,,2026-07-07T20:57:27
나노씨엠에스,00660459,247660,KOSDAQ,연간x별도,상단,DS-8,PASS,,,2026-07-07T20:57:27
나노씨엠에스,00660459,247660,KOSDAQ,연간x별도,상단,DS-7,PASS,"badges seen: ['✅', '🔎']",,2026-07-07T20:57:27
나노씨엠에스,00660459,247660,KOSDAQ,연간x별도,재무제표,CV-3,PASS,rows=29 cols=10 slider_extended=True,,2026-07-07T20:57:27
나노씨엠에스,00660459,247660,KOSDAQ,연간x별도,재무제표,DS-2/DS-3,DONE,"cross-check completed for ['매출액', '영업이익']",,2026-07-07T20:57:27
나노씨엠에스,00660459,247660,KOSDAQ,연간x별도,지표,CV-6,PASS,default metric selection visible,,2026-07-07T20:57:27
나노씨엠에스,00660459,247660,KOSDAQ,분기x연결,재무제표,DS-1,PASS,,,2026-07-07T20:57:33
나노씨엠에스,00660459,247660,KOSDAQ,분기x연결,상단,DS-8,PASS,,,2026-07-07T20:57:33
나노씨엠에스,00660459,247660,KOSDAQ,분기x연결,상단,DS-4,PASS,substitution caption present,,2026-07-07T20:57:33
나노씨엠에스,00660459,247660,KOSDAQ,분기x연결,상단,DS-7,PASS,"badges seen: ['✅', '🔎']",,2026-07-07T20:57:33
나노씨엠에스,00660459,247660,KOSDAQ,분기x연결,재무제표,CV-3,PASS,rows=29 cols=28 slider_extended=True,,2026-07-07T20:57:33
나노씨엠에스,00660459,247660,KOSDAQ,분기x연결,재무제표,DS-2/DS-3,DONE,"cross-check completed for ['매출액', '영업이익']",,2026-07-07T20:57:33
나노씨엠에스,00660459,247660,KOSDAQ,분기x연결,지표,CV-6,PASS,default metric selection visible,,2026-07-07T20:57:33
나노씨엠에스,00660459,247660,KOSDAQ,분기x별도,재무제표,DS-1,PASS,,,2026-07-07T20:57:40
나노씨엠에스,00660459,247660,KOSDAQ,분기x별도,상단,DS-8,PASS,,,2026-07-07T20:57:40
나노씨엠에스,00660459,247660,KOSDAQ,분기x별도,상단,DS-7,PASS,"badges seen: ['✅', '🔎']",,2026-07-07T20:57:40
나노씨엠에스,00660459,247660,KOSDAQ,분기x별도,재무제표,CV-3,PASS,rows=29 cols=28 slider_extended=True,,2026-07-07T20:57:40
나노씨엠에스,00660459,247660,KOSDAQ,분기x별도,재무제표,DS-2/DS-3,DONE,"cross-check completed for ['매출액', '영업이익']",,2026-07-07T20:57:40
나노씨엠에스,00660459,247660,KOSDAQ,분기x별도,지표,CV-6,PASS,default metric selection visible,,2026-07-07T20:57:40
나노엔텍,00230425,039860,KOSDAQ,연간x연결,재무제표,DS-1,PASS,,,2026-07-07T20:57:54
나노엔텍,00230425,039860,KOSDAQ,연간x연결,상단,DS-8,PASS,,,2026-07-07T20:57:54
나노엔텍,00230425,039860,KOSDAQ,연간x연결,상단,DS-7,PASS,"badges seen: ['✅', '🔎']",,2026-07-07T20:57:54
나노엔텍,00230425,039860,KOSDAQ,연간x연결,재무제표,CV-3,PASS,rows=29 cols=19 slider_extended=True,,2026-07-07T20:57:54
나노엔텍,00230425,039860,KOSDAQ,연간x연결,재무제표,DS-2/DS-3,DONE,"cross-check completed for ['매출액', '영업이익']",,2026-07-07T20:57:54
나노엔텍,00230425,039860,KOSDAQ,연간x연결,지표,CV-6,PASS,default metric selection visible,,2026-07-07T20:57:54
나노엔텍,00230425,039860,KOSDAQ,연간x별도,재무제표,DS-1,PASS,,,2026-07-07T20:57:59
나노엔텍,00230425,039860,KOSDAQ,연간x별도,상단,DS-8,PASS,,,2026-07-07T20:57:59
나노엔텍,00230425,039860,KOSDAQ,연간x별도,상단,DS-7,PASS,"badges seen: ['✅', '🔎']",,2026-07-07T20:57:59
나노엔텍,00230425,039860,KOSDAQ,연간x별도,재무제표,CV-3,PASS,rows=29 cols=24 slider_extended=True,,2026-07-07T20:57:59
나노엔텍,00230425,039860,KOSDAQ,연간x별도,재무제표,DS-2/DS-3,DONE,"cross-check completed for ['매출액', '영업이익']",,2026-07-07T20:57:59
나노엔텍,00230425,039860,KOSDAQ,연간x별도,지표,CV-6,PASS,default metric selection visible,,2026-07-07T20:57:59
나노엔텍,00230425,039860,KOSDAQ,분기x연결,재무제표,DS-1,PASS,,,2026-07-07T20:58:05
나노엔텍,00230425,039860,KOSDAQ,분기x연결,상단,DS-8,PASS,,,2026-07-07T20:58:05
나노엔텍,00230425,039860,KOSDAQ,분기x연결,상단,DS-7,PASS,"badges seen: ['✅', '🔎', '⚠']",,2026-07-07T20:58:05
나노엔텍,00230425,039860,KOSDAQ,분기x연결,재무제표,CV-3,PASS,rows=29 cols=60 slider_extended=True,,2026-07-07T20:58:05
나노엔텍,00230425,039860,KOSDAQ,분기x연결,재무제표,DS-2/DS-3,DONE,"cross-check completed for ['매출액', '영업이익']",,2026-07-07T20:58:05
나노엔텍,00230425,039860,KOSDAQ,분기x연결,지표,CV-6,PASS,default metric selection visible,,2026-07-07T20:58:05
나노엔텍,00230425,039860,KOSDAQ,분기x별도,재무제표,DS-1,PASS,,,2026-07-07T20:58:13
나노엔텍,00230425,039860,KOSDAQ,분기x별도,상단,DS-8,PASS,,,2026-07-07T20:58:13
나노엔텍,00230425,039860,KOSDAQ,분기x별도,상단,DS-7,PASS,"badges seen: ['✅', '🔎', '⚠']",,2026-07-07T20:58:13
나노엔텍,00230425,039860,KOSDAQ,분기x별도,재무제표,CV-3,PASS,rows=29 cols=78 slider_extended=True,,2026-07-07T20:58:13
나노엔텍,00230425,039860,KOSDAQ,분기x별도,재무제표,DS-2/DS-3,DONE,"cross-check completed for ['매출액', '영업이익']",,2026-07-07T20:58:13
나노엔텍,00230425,039860,KOSDAQ,분기x별도,지표,CV-6,PASS,default metric selection visible,,2026-07-07T20:58:13
나노팀,01524118,417010,KOSDAQ,연간x연결,재무제표,DS-1,PASS,,,2026-07-07T20:58:25
나노팀,01524118,417010,KOSDAQ,연간x연결,상단,DS-8,PASS,,,2026-07-07T20:58:25
나노팀,01524118,417010,KOSDAQ,연간x연결,상단,DS-7,PASS,"badges seen: ['✅', '🔎']",,2026-07-07T20:58:25
나노팀,01524118,417010,KOSDAQ,연간x연결,재무제표,CV-3,PASS,rows=29 cols=7 slider_extended=True,,2026-07-07T20:58:25
나노팀,01524118,417010,KOSDAQ,연간x연결,재무제표,DS-2/DS-3,DONE,"cross-check completed for ['매출액', '영업이익']",,2026-07-07T20:58:25
나노팀,01524118,417010,KOSDAQ,연간x연결,지표,CV-6,PASS,default metric selection visible,,2026-07-07T20:58:25
나노팀,01524118,417010,KOSDAQ,연간x별도,재무제표,DS-1,PASS,,,2026-07-07T20:58:30
나노팀,01524118,417010,KOSDAQ,연간x별도,상단,DS-8,PASS,,,2026-07-07T20:58:30
나노팀,01524118,417010,KOSDAQ,연간x별도,상단,DS-7,PASS,"badges seen: ['✅', '🔎']",,2026-07-07T20:58:30
나노팀,01524118,417010,KOSDAQ,연간x별도,재무제표,CV-3,PASS,rows=29 cols=8 slider_extended=True,,2026-07-07T20:58:30
나노팀,01524118,417010,KOSDAQ,연간x별도,재무제표,DS-2/DS-3,DONE,"cross-check completed for ['매출액', '영업이익']",,2026-07-07T20:58:30
나노팀,01524118,417010,KOSDAQ,연간x별도,지표,CV-6,PASS,default metric selection visible,,2026-07-07T20:58:30
나노팀,01524118,417010,KOSDAQ,분기x연결,재무제표,DS-1,PASS,,,2026-07-07T20:58:36
나노팀,01524118,417010,KOSDAQ,분기x연결,상단,DS-8,PASS,,,2026-07-07T20:58:36
나노팀,01524118,417010,KOSDAQ,분기x연결,상단,DS-7,PASS,"badges seen: ['✅', '🔎']",,2026-07-07T20:58:36
나노팀,01524118,417010,KOSDAQ,분기x연결,재무제표,CV-3,PASS,rows=29 cols=20 slider_extended=True,,2026-07-07T20:58:36
나노팀,01524118,417010,KOSDAQ,분기x연결,재무제표,DS-2/DS-3,DONE,"cross-check completed for ['매출액', '영업이익']",,2026-07-07T20:58:36
나노팀,01524118,417010,KOSDAQ,분기x연결,지표,CV-6,PASS,default metric selection visible,,2026-07-07T20:58:36
나노팀,01524118,417010,KOSDAQ,분기x별도,재무제표,DS-1,PASS,,,2026-07-07T20:58:43
나노팀,01524118,417010,KOSDAQ,분기x별도,상단,DS-8,PASS,,,2026-07-07T20:58:43
나노팀,01524118,417010,KOSDAQ,분기x별도,상단,DS-7,PASS,"badges seen: ['✅', '🔎']",,2026-07-07T20:58:43
나노팀,01524118,417010,KOSDAQ,분기x별도,재무제표,CV-3,PASS,rows=29 cols=20 slider_extended=True,,2026-07-07T20:58:43
나노팀,01524118,417010,KOSDAQ,분기x별도,재무제표,DS-2/DS-3,DONE,"cross-check completed for ['매출액', '영업이익']",,2026-07-07T20:58:43
나노팀,01524118,417010,KOSDAQ,분기x별도,지표,CV-6,PASS,default metric selection visible,,2026-07-07T20:58:43
나라셀라,01021639,405920,KOSDAQ,연간x연결,재무제표,DS-1,PASS,,,2026-07-07T20:58:57
나라셀라,01021639,405920,KOSDAQ,연간x연결,상단,DS-8,PASS,,,2026-07-07T20:58:57
나라셀라,01021639,405920,KOSDAQ,연간x연결,상단,DS-7,PASS,"badges seen: ['✅', '🔎']",,2026-07-07T20:58:57
나라셀라,01021639,405920,KOSDAQ,연간x연결,재무제표,CV-3,PASS,rows=29 cols=7 slider_extended=True,,2026-07-07T20:58:57
나라셀라,01021639,405920,KOSDAQ,연간x연결,재무제표,DS-2/DS-3,DONE,"cross-check completed for ['매출액', '영업이익']",,2026-07-07T20:58:57
나라셀라,01021639,405920,KOSDAQ,연간x연결,지표,CV-6,PASS,default metric selection visible,,2026-07-07T20:58:57
나라셀라,01021639,405920,KOSDAQ,연간x별도,재무제표,DS-1,PASS,,,2026-07-07T20:59:02
나라셀라,01021639,405920,KOSDAQ,연간x별도,상단,DS-8,PASS,,,2026-07-07T20:59:02
나라셀라,01021639,405920,KOSDAQ,연간x별도,상단,DS-7,PASS,"badges seen: ['✅', '🔎']",,2026-07-07T20:59:02
나라셀라,01021639,405920,KOSDAQ,연간x별도,재무제표,CV-3,PASS,rows=29 cols=7 slider_extended=True,,2026-07-07T20:59:02
나라셀라,01021639,405920,KOSDAQ,연간x별도,재무제표,DS-2/DS-3,DONE,"cross-check completed for ['매출액', '영업이익']",,2026-07-07T20:59:02
나라셀라,01021639,405920,KOSDAQ,연간x별도,지표,CV-6,PASS,default metric selection visible,,2026-07-07T20:59:02
나라셀라,01021639,405920,KOSDAQ,분기x연결,재무제표,DS-1,PASS,,,2026-07-07T20:59:08
나라셀라,01021639,405920,KOSDAQ,분기x연결,상단,DS-8,PASS,,,2026-07-07T20:59:08
나라셀라,01021639,405920,KOSDAQ,분기x연결,상단,DS-7,PASS,"badges seen: ['✅', '🔎']",,2026-07-07T20:59:08
나라셀라,01021639,405920,KOSDAQ,분기x연결,재무제표,CV-3,PASS,rows=29 cols=19 slider_extended=True,,2026-07-07T20:59:08
나라셀라,01021639,405920,KOSDAQ,분기x연결,재무제표,DS-2/DS-3,DONE,"cross-check completed for ['매출액', '영업이익']",,2026-07-07T20:59:08
나라셀라,01021639,405920,KOSDAQ,분기x연결,지표,CV-6,PASS,default metric selection visible,,2026-07-07T20:59:08
나라셀라,01021639,405920,KOSDAQ,분기x별도,재무제표,DS-1,PASS,,,2026-07-07T20:59:15
나라셀라,01021639,405920,KOSDAQ,분기x별도,상단,DS-8,PASS,,,2026-07-07T20:59:15
나라셀라,01021639,405920,KOSDAQ,분기x별도,상단,DS-7,PASS,"badges seen: ['✅', '🔎']",,2026-07-07T20:59:15
나라셀라,01021639,405920,KOSDAQ,분기x별도,재무제표,CV-3,PASS,rows=29 cols=19 slider_extended=True,,2026-07-07T20:59:15
나라셀라,01021639,405920,KOSDAQ,분기x별도,재무제표,DS-2/DS-3,DONE,"cross-check completed for ['매출액', '영업이익']",,2026-07-07T20:59:15
나라셀라,01021639,405920,KOSDAQ,분기x별도,지표,CV-6,PASS,default metric selection visible,,2026-07-07T20:59:15
나라스페이스테크놀로지,01787355,478340,KOSDAQ,연간x연결,재무제표,DS-1,PASS,,,2026-07-07T20:59:27
나라스페이스테크놀로지,01787355,478340,KOSDAQ,연간x연결,상단,DS-8,PASS,,,2026-07-07T20:59:27
나라스페이스테크놀로지,01787355,478340,KOSDAQ,연간x연결,상단,DS-4,PASS,substitution caption present,,2026-07-07T20:59:27
나라스페이스테크놀로지,01787355,478340,KOSDAQ,연간x연결,상단,DS-7,PASS,"badges seen: ['✅', '🔎']",,2026-07-07T20:59:27
나라스페이스테크놀로지,01787355,478340,KOSDAQ,연간x연결,재무제표,CV-3,PASS,rows=29 cols=5 slider_extended=True,,2026-07-07T20:59:27
나라스페이스테크놀로지,01787355,478340,KOSDAQ,연간x연결,재무제표,DS-2/DS-3,DONE,"cross-check completed for ['매출액', '영업이익']",,2026-07-07T20:59:27
나라스페이스테크놀로지,01787355,478340,KOSDAQ,연간x연결,지표,CV-6,PASS,default metric selection visible,,2026-07-07T20:59:27
나라스페이스테크놀로지,01787355,478340,KOSDAQ,연간x별도,재무제표,DS-1,PASS,,,2026-07-07T20:59:33
나라스페이스테크놀로지,01787355,478340,KOSDAQ,연간x별도,상단,DS-8,PASS,,,2026-07-07T20:59:33
나라스페이스테크놀로지,01787355,478340,KOSDAQ,연간x별도,상단,DS-7,PASS,"badges seen: ['✅', '🔎']",,2026-07-07T20:59:33
나라스페이스테크놀로지,01787355,478340,KOSDAQ,연간x별도,재무제표,CV-3,PASS,rows=29 cols=5 slider_extended=True,,2026-07-07T20:59:33
나라스페이스테크놀로지,01787355,478340,KOSDAQ,연간x별도,재무제표,DS-2/DS-3,DONE,"cross-check completed for ['매출액', '영업이익']",,2026-07-07T20:59:33
나라스페이스테크놀로지,01787355,478340,KOSDAQ,연간x별도,지표,CV-6,PASS,default metric selection visible,,2026-07-07T20:59:33
나라스페이스테크놀로지,01787355,478340,KOSDAQ,분기x연결,재무제표,DS-1,PASS,,,2026-07-07T20:59:39
나라스페이스테크놀로지,01787355,478340,KOSDAQ,분기x연결,상단,DS-8,PASS,,,2026-07-07T20:59:39
나라스페이스테크놀로지,01787355,478340,KOSDAQ,분기x연결,상단,DS-4,PASS,substitution caption present,,2026-07-07T20:59:39
나라스페이스테크놀로지,01787355,478340,KOSDAQ,분기x연결,상단,DS-7,PASS,"badges seen: ['✅', '🔎']",,2026-07-07T20:59:39
나라스페이스테크놀로지,01787355,478340,KOSDAQ,분기x연결,재무제표,CV-3,PASS,rows=29 cols=6 slider_extended=True,,2026-07-07T20:59:39
나라스페이스테크놀로지,01787355,478340,KOSDAQ,분기x연결,재무제표,DS-2/DS-3,DONE,"cross-check completed for ['매출액', '영업이익']",,2026-07-07T20:59:39
나라스페이스테크놀로지,01787355,478340,KOSDAQ,분기x연결,지표,CV-6,PASS,default metric selection visible,,2026-07-07T20:59:39
나라스페이스테크놀로지,01787355,478340,KOSDAQ,분기x별도,재무제표,DS-1,PASS,,,2026-07-07T20:59:46
나라스페이스테크놀로지,01787355,478340,KOSDAQ,분기x별도,상단,DS-8,PASS,,,2026-07-07T20:59:46
나라스페이스테크놀로지,01787355,478340,KOSDAQ,분기x별도,상단,DS-7,PASS,"badges seen: ['✅', '🔎']",,2026-07-07T20:59:46
나라스페이스테크놀로지,01787355,478340,KOSDAQ,분기x별도,재무제표,CV-3,PASS,rows=29 cols=6 slider_extended=True,,2026-07-07T20:59:46
나라스페이스테크놀로지,01787355,478340,KOSDAQ,분기x별도,재무제표,DS-2/DS-3,DONE,"cross-check completed for ['매출액', '영업이익']",,2026-07-07T20:59:46
나라스페이스테크놀로지,01787355,478340,KOSDAQ,분기x별도,지표,CV-6,PASS,default metric selection visible,,2026-07-07T20:59:46
나라엠앤디,00297095,051490,KOSDAQ,연간x연결,재무제표,DS-1,PASS,,,2026-07-07T20:59:59
나라엠앤디,00297095,051490,KOSDAQ,연간x연결,상단,DS-8,PASS,,,2026-07-07T20:59:59
나라엠앤디,00297095,051490,KOSDAQ,연간x연결,상단,DS-7,PASS,"badges seen: ['✅', '🔎']",,2026-07-07T20:59:59
나라엠앤디,00297095,051490,KOSDAQ,연간x연결,재무제표,CV-3,PASS,rows=29 cols=19 slider_extended=True,,2026-07-07T20:59:59
나라엠앤디,00297095,051490,KOSDAQ,연간x연결,재무제표,DS-2/DS-3,DONE,"cross-check completed for ['매출액', '영업이익']",,2026-07-07T20:59:59
나라엠앤디,00297095,051490,KOSDAQ,연간x연결,지표,CV-6,PASS,default metric selection visible,,2026-07-07T20:59:59
나라엠앤디,00297095,051490,KOSDAQ,연간x별도,재무제표,DS-1,PASS,,,2026-07-07T21:00:04
나라엠앤디,00297095,051490,KOSDAQ,연간x별도,상단,DS-8,PASS,,,2026-07-07T21:00:04
나라엠앤디,00297095,051490,KOSDAQ,연간x별도,상단,DS-7,PASS,"badges seen: ['✅', '🔎']",,2026-07-07T21:00:04
나라엠앤디,00297095,051490,KOSDAQ,연간x별도,재무제표,CV-3,PASS,rows=29 cols=21 slider_extended=True,,2026-07-07T21:00:04
나라엠앤디,00297095,051490,KOSDAQ,연간x별도,재무제표,DS-2/DS-3,DONE,"cross-check completed for ['매출액', '영업이익']",,2026-07-07T21:00:04
나라엠앤디,00297095,051490,KOSDAQ,연간x별도,지표,CV-6,PASS,default metric selection visible,,2026-07-07T21:00:04
나라엠앤디,00297095,051490,KOSDAQ,분기x연결,재무제표,DS-1,PASS,,,2026-07-07T21:00:11
나라엠앤디,00297095,051490,KOSDAQ,분기x연결,상단,DS-8,PASS,,,2026-07-07T21:00:11
나라엠앤디,00297095,051490,KOSDAQ,분기x연결,상단,DS-7,PASS,"badges seen: ['✅', '🔎', '⚠']",,2026-07-07T21:00:11
나라엠앤디,00297095,051490,KOSDAQ,분기x연결,재무제표,CV-3,PASS,rows=29 cols=64 slider_extended=True,,2026-07-07T21:00:11
나라엠앤디,00297095,051490,KOSDAQ,분기x연결,재무제표,DS-2/DS-3,DONE,"cross-check completed for ['매출액', '영업이익']",,2026-07-07T21:00:11
나라엠앤디,00297095,051490,KOSDAQ,분기x연결,지표,CV-6,PASS,default metric selection visible,,2026-07-07T21:00:11
나라엠앤디,00297095,051490,KOSDAQ,분기x별도,재무제표,DS-1,PASS,,,2026-07-07T21:00:18
나라엠앤디,00297095,051490,KOSDAQ,분기x별도,상단,DS-8,PASS,,,2026-07-07T21:00:18
나라엠앤디,00297095,051490,KOSDAQ,분기x별도,상단,DS-7,PASS,"badges seen: ['✅', '🔎', '⚠']",,2026-07-07T21:00:18
나라엠앤디,00297095,051490,KOSDAQ,분기x별도,재무제표,CV-3,PASS,rows=29 cols=76 slider_extended=True,,2026-07-07T21:00:18
나라엠앤디,00297095,051490,KOSDAQ,분기x별도,재무제표,DS-2/DS-3,DONE,"cross-check completed for ['매출액', '영업이익']",,2026-07-07T21:00:18
나라엠앤디,00297095,051490,KOSDAQ,분기x별도,지표,CV-6,PASS,default metric selection visible,,2026-07-07T21:00:18
나래나노텍,00362122,137080,KOSDAQ,연간x연결,재무제표,DS-1,PASS,,,2026-07-07T21:00:30
나래나노텍,00362122,137080,KOSDAQ,연간x연결,상단,DS-8,PASS,,,2026-07-07T21:00:30
나래나노텍,00362122,137080,KOSDAQ,연간x연결,상단,DS-7,PASS,"badges seen: ['✅', '🔎', '⚠']",,2026-07-07T21:00:30
나래나노텍,00362122,137080,KOSDAQ,연간x연결,재무제표,CV-3,PASS,rows=29 cols=9 slider_extended=True,,2026-07-07T21:00:30
나래나노텍,00362122,137080,KOSDAQ,연간x연결,재무제표,DS-2/DS-3,DONE,"cross-check completed for ['매출액', '영업이익']",,2026-07-07T21:00:30
나래나노텍,00362122,137080,KOSDAQ,연간x연결,지표,CV-6,PASS,default metric selection visible,,2026-07-07T21:00:30
나래나노텍,00362122,137080,KOSDAQ,연간x별도,재무제표,DS-1,PASS,,,2026-07-07T21:00:35
나래나노텍,00362122,137080,KOSDAQ,연간x별도,상단,DS-8,PASS,,,2026-07-07T21:00:35
나래나노텍,00362122,137080,KOSDAQ,연간x별도,상단,DS-7,PASS,"badges seen: ['✅', '🔎', '⚠']",,2026-07-07T21:00:35
나래나노텍,00362122,137080,KOSDAQ,연간x별도,재무제표,CV-3,PASS,rows=29 cols=9 slider_extended=True,,2026-07-07T21:00:35
나래나노텍,00362122,137080,KOSDAQ,연간x별도,재무제표,DS-2/DS-3,DONE,"cross-check completed for ['매출액', '영업이익']",,2026-07-07T21:00:35
나래나노텍,00362122,137080,KOSDAQ,연간x별도,지표,CV-6,PASS,default metric selection visible,,2026-07-07T21:00:35
나래나노텍,00362122,137080,KOSDAQ,분기x연결,재무제표,DS-1,PASS,,,2026-07-07T21:00:42
나래나노텍,00362122,137080,KOSDAQ,분기x연결,상단,DS-8,PASS,,,2026-07-07T21:00:42
나래나노텍,00362122,137080,KOSDAQ,분기x연결,상단,DS-7,PASS,"badges seen: ['✅', '🔎']",,2026-07-07T21:00:42
나래나노텍,00362122,137080,KOSDAQ,분기x연결,재무제표,CV-3,PASS,rows=29 cols=24 slider_extended=True,,2026-07-07T21:00:42
나래나노텍,00362122,137080,KOSDAQ,분기x연결,재무제표,DS-2/DS-3,DONE,"cross-check completed for ['매출액', '영업이익']",,2026-07-07T21:00:42
나래나노텍,00362122,137080,KOSDAQ,분기x연결,지표,CV-6,PASS,default metric selection visible,,2026-07-07T21:00:42
나래나노텍,00362122,137080,KOSDAQ,분기x별도,재무제표,DS-1,PASS,,,2026-07-07T21:00:49
나래나노텍,00362122,137080,KOSDAQ,분기x별도,상단,DS-8,PASS,,,2026-07-07T21:00:49
나래나노텍,00362122,137080,KOSDAQ,분기x별도,상단,DS-7,PASS,"badges seen: ['✅', '🔎']",,2026-07-07T21:00:49
나래나노텍,00362122,137080,KOSDAQ,분기x별도,재무제표,CV-3,PASS,rows=29 cols=24 slider_extended=True,,2026-07-07T21:00:49
나래나노텍,00362122,137080,KOSDAQ,분기x별도,재무제표,DS-2/DS-3,DONE,"cross-check completed for ['매출액', '영업이익']",,2026-07-07T21:00:49
나래나노텍,00362122,137080,KOSDAQ,분기x별도,지표,CV-6,PASS,default metric selection visible,,2026-07-07T21:00:49
나무가,00819374,190510,KOSDAQ,연간x연결,재무제표,DS-1,PASS,,,2026-07-07T21:01:02
나무가,00819374,190510,KOSDAQ,연간x연결,상단,DS-8,PASS,,,2026-07-07T21:01:02
나무가,00819374,190510,KOSDAQ,연간x연결,상단,DS-7,PASS,"badges seen: ['✅', '🔎']",,2026-07-07T21:01:02
나무가,00819374,190510,KOSDAQ,연간x연결,재무제표,CV-3,PASS,rows=29 cols=15 slider_extended=True,,2026-07-07T21:01:02
나무가,00819374,190510,KOSDAQ,연간x연결,재무제표,DS-2/DS-3,DONE,"cross-check completed for ['매출액', '영업이익']",,2026-07-07T21:01:02
나무가,00819374,190510,KOSDAQ,연간x연결,지표,CV-6,PASS,default metric selection visible,,2026-07-07T21:01:02
나무가,00819374,190510,KOSDAQ,연간x별도,재무제표,DS-1,PASS,,,2026-07-07T21:01:07
나무가,00819374,190510,KOSDAQ,연간x별도,상단,DS-8,PASS,,,2026-07-07T21:01:07
나무가,00819374,190510,KOSDAQ,연간x별도,상단,DS-7,PASS,"badges seen: ['✅', '🔎', '⚠']",,2026-07-07T21:01:07
나무가,00819374,190510,KOSDAQ,연간x별도,재무제표,CV-3,PASS,rows=29 cols=15 slider_extended=True,,2026-07-07T21:01:07
나무가,00819374,190510,KOSDAQ,연간x별도,재무제표,DS-2/DS-3,DONE,"cross-check completed for ['매출액', '영업이익']",,2026-07-07T21:01:07
나무가,00819374,190510,KOSDAQ,연간x별도,지표,CV-6,PASS,default metric selection visible,,2026-07-07T21:01:07
나무가,00819374,190510,KOSDAQ,분기x연결,재무제표,DS-1,PASS,,,2026-07-07T21:01:13
나무가,00819374,190510,KOSDAQ,분기x연결,상단,DS-8,PASS,,,2026-07-07T21:01:13
나무가,00819374,190510,KOSDAQ,분기x연결,상단,DS-7,PASS,"badges seen: ['✅', '🔎']",,2026-07-07T21:01:13
나무가,00819374,190510,KOSDAQ,분기x연결,재무제표,CV-3,PASS,rows=29 cols=51 slider_extended=True,,2026-07-07T21:01:13
나무가,00819374,190510,KOSDAQ,분기x연결,재무제표,DS-2/DS-3,DONE,"cross-check completed for ['매출액', '영업이익']",,2026-07-07T21:01:13
나무가,00819374,190510,KOSDAQ,분기x연결,지표,CV-6,PASS,default metric selection visible,,2026-07-07T21:01:13
나무가,00819374,190510,KOSDAQ,분기x별도,재무제표,DS-1,PASS,,,2026-07-07T21:01:21
나무가,00819374,190510,KOSDAQ,분기x별도,상단,DS-8,PASS,,,2026-07-07T21:01:21
나무가,00819374,190510,KOSDAQ,분기x별도,상단,DS-7,PASS,"badges seen: ['✅', '🔎', '⚠']",,2026-07-07T21:01:21
나무가,00819374,190510,KOSDAQ,분기x별도,재무제표,CV-3,PASS,rows=29 cols=51 slider_extended=True,,2026-07-07T21:01:21
나무가,00819374,190510,KOSDAQ,분기x별도,재무제표,DS-2/DS-3,DONE,"cross-check completed for ['매출액', '영업이익']",,2026-07-07T21:01:21
나무가,00819374,190510,KOSDAQ,분기x별도,지표,CV-6,PASS,default metric selection visible,,2026-07-07T21:01:21
나무기술,01136348,242040,KOSDAQ,연간x연결,재무제표,DS-1,PASS,,,2026-07-07T21:01:33
나무기술,01136348,242040,KOSDAQ,연간x연결,상단,DS-8,FAIL,"header missing ['나무기술', '242040', 'KOSDAQ'] — header='기업 시각화'",,2026-07-07T21:01:33
나무기술,01136348,242040,KOSDAQ,연간x연결,상단,DS-7,PASS,"badges seen: ['✅', '🔎']",,2026-07-07T21:01:33
나무기술,01136348,242040,KOSDAQ,연간x연결,재무제표,CV-3,PASS,rows=29 cols=12 slider_extended=False,,2026-07-07T21:01:33
나무기술,01136348,242040,KOSDAQ,연간x연결,재무제표,DS-2/DS-3,DONE,"cross-check completed for ['매출액', '영업이익']",,2026-07-07T21:01:33
나무기술,01136348,242040,KOSDAQ,연간x연결,지표,CV-6,PASS,default metric selection visible,,2026-07-07T21:01:33
나무기술,01136348,242040,KOSDAQ,연간x별도,재무제표,DS-1,PASS,,,2026-07-07T21:01:38
나무기술,01136348,242040,KOSDAQ,연간x별도,상단,DS-8,PASS,,,2026-07-07T21:01:38
나무기술,01136348,242040,KOSDAQ,연간x별도,상단,DS-7,PASS,"badges seen: ['✅', '🔎']",,2026-07-07T21:01:38
나무기술,01136348,242040,KOSDAQ,연간x별도,재무제표,CV-3,PASS,rows=29 cols=13 slider_extended=True,,2026-07-07T21:01:38
나무기술,01136348,242040,KOSDAQ,연간x별도,재무제표,DS-2/DS-3,DONE,"cross-check completed for ['매출액', '영업이익']",,2026-07-07T21:01:38
나무기술,01136348,242040,KOSDAQ,연간x별도,지표,CV-6,PASS,default metric selection visible,,2026-07-07T21:01:38
나무기술,01136348,242040,KOSDAQ,분기x연결,재무제표,DS-1,PASS,,,2026-07-07T21:01:44
나무기술,01136348,242040,KOSDAQ,분기x연결,상단,DS-8,PASS,,,2026-07-07T21:01:44
나무기술,01136348,242040,KOSDAQ,분기x연결,상단,DS-7,PASS,"badges seen: ['✅', '🔎']",,2026-07-07T21:01:44
나무기술,01136348,242040,KOSDAQ,분기x연결,재무제표,CV-3,PASS,rows=29 cols=36 slider_extended=True,,2026-07-07T21:01:44
나무기술,01136348,242040,KOSDAQ,분기x연결,재무제표,DS-2/DS-3,DONE,"cross-check completed for ['매출액', '영업이익']",,2026-07-07T21:01:44
나무기술,01136348,242040,KOSDAQ,분기x연결,지표,CV-6,PASS,default metric selection visible,,2026-07-07T21:01:44
나무기술,01136348,242040,KOSDAQ,분기x별도,재무제표,DS-1,PASS,,,2026-07-07T21:01:51
나무기술,01136348,242040,KOSDAQ,분기x별도,상단,DS-8,PASS,,,2026-07-07T21:01:51
나무기술,01136348,242040,KOSDAQ,분기x별도,상단,DS-7,PASS,"badges seen: ['✅', '🔎']",,2026-07-07T21:01:51
나무기술,01136348,242040,KOSDAQ,분기x별도,재무제표,CV-3,PASS,rows=29 cols=39 slider_extended=True,,2026-07-07T21:01:51
나무기술,01136348,242040,KOSDAQ,분기x별도,재무제표,DS-2/DS-3,DONE,"cross-check completed for ['매출액', '영업이익']",,2026-07-07T21:01:51
나무기술,01136348,242040,KOSDAQ,분기x별도,지표,CV-6,PASS,default metric selection visible,,2026-07-07T21:01:51
나우로보틱스,01594791,459510,KOSDAQ,연간x연결,재무제표,DS-1,PASS,,,2026-07-07T21:02:05
나우로보틱스,01594791,459510,KOSDAQ,연간x연결,상단,DS-8,PASS,,,2026-07-07T21:02:05
나우로보틱스,01594791,459510,KOSDAQ,연간x연결,상단,DS-4,PASS,substitution caption present,,2026-07-07T21:02:05
나우로보틱스,01594791,459510,KOSDAQ,연간x연결,상단,DS-7,PASS,"badges seen: ['✅', '🔎']",,2026-07-07T21:02:05
나우로보틱스,01594791,459510,KOSDAQ,연간x연결,재무제표,CV-3,PASS,rows=29 cols=5 slider_extended=True,,2026-07-07T21:02:05
나우로보틱스,01594791,459510,KOSDAQ,연간x연결,재무제표,DS-2/DS-3,DONE,"cross-check completed for ['매출액', '영업이익']",,2026-07-07T21:02:05
나우로보틱스,01594791,459510,KOSDAQ,연간x연결,지표,CV-6,PASS,default metric selection visible,,2026-07-07T21:02:05
나우로보틱스,01594791,459510,KOSDAQ,연간x별도,재무제표,DS-1,PASS,,,2026-07-07T21:02:10
나우로보틱스,01594791,459510,KOSDAQ,연간x별도,상단,DS-8,PASS,,,2026-07-07T21:02:10
나우로보틱스,01594791,459510,KOSDAQ,연간x별도,상단,DS-7,PASS,"badges seen: ['✅', '🔎']",,2026-07-07T21:02:10
나우로보틱스,01594791,459510,KOSDAQ,연간x별도,재무제표,CV-3,PASS,rows=29 cols=5 slider_extended=True,,2026-07-07T21:02:10
나우로보틱스,01594791,459510,KOSDAQ,연간x별도,재무제표,DS-2/DS-3,DONE,"cross-check completed for ['매출액', '영업이익']",,2026-07-07T21:02:10
나우로보틱스,01594791,459510,KOSDAQ,연간x별도,지표,CV-6,PASS,default metric selection visible,,2026-07-07T21:02:10
나우로보틱스,01594791,459510,KOSDAQ,분기x연결,재무제표,DS-1,PASS,,,2026-07-07T21:02:16
나우로보틱스,01594791,459510,KOSDAQ,분기x연결,상단,DS-8,PASS,,,2026-07-07T21:02:16
나우로보틱스,01594791,459510,KOSDAQ,분기x연결,상단,DS-7,PASS,"badges seen: ['✅', '🔎']",,2026-07-07T21:02:16
나우로보틱스,01594791,459510,KOSDAQ,분기x연결,재무제표,CV-3,PASS,rows=29 cols=3 slider_extended=False,,2026-07-07T21:02:16
나우로보틱스,01594791,459510,KOSDAQ,분기x연결,재무제표,DS-2/DS-3,DONE,"cross-check completed for ['매출액', '영업이익']",,2026-07-07T21:02:16
나우로보틱스,01594791,459510,KOSDAQ,분기x연결,지표,CV-6,PASS,default metric selection visible,,2026-07-07T21:02:16
나우로보틱스,01594791,459510,KOSDAQ,분기x별도,재무제표,DS-1,PASS,,,2026-07-07T21:02:22
나우로보틱스,01594791,459510,KOSDAQ,분기x별도,상단,DS-8,PASS,,,2026-07-07T21:02:22
나우로보틱스,01594791,459510,KOSDAQ,분기x별도,상단,DS-7,PASS,"badges seen: ['✅', '🔎']",,2026-07-07T21:02:22
나우로보틱스,01594791,459510,KOSDAQ,분기x별도,재무제표,CV-3,PASS,rows=29 cols=7 slider_extended=True,,2026-07-07T21:02:22
나우로보틱스,01594791,459510,KOSDAQ,분기x별도,재무제표,DS-2/DS-3,DONE,"cross-check completed for ['매출액', '영업이익']",,2026-07-07T21:02:22
나우로보틱스,01594791,459510,KOSDAQ,분기x별도,지표,CV-6,PASS,default metric selection visible,,2026-07-07T21:02:22
나이벡,00767628,138610,KOSDAQ,연간x연결,재무제표,DS-1,PASS,,,2026-07-07T21:02:36
나이벡,00767628,138610,KOSDAQ,연간x연결,상단,DS-8,PASS,,,2026-07-07T21:02:36
나이벡,00767628,138610,KOSDAQ,연간x연결,상단,DS-4,PASS,substitution caption present,,2026-07-07T21:02:36
나이벡,00767628,138610,KOSDAQ,연간x연결,상단,DS-7,PASS,"badges seen: ['✅', '🔎']",,2026-07-07T21:02:36
나이벡,00767628,138610,KOSDAQ,연간x연결,재무제표,CV-3,PASS,rows=29 cols=19 slider_extended=True,,2026-07-07T21:02:36
나이벡,00767628,138610,KOSDAQ,연간x연결,재무제표,DS-2/DS-3,DONE,"cross-check completed for ['매출액', '영업이익']",,2026-07-07T21:02:36
나이벡,00767628,138610,KOSDAQ,연간x연결,지표,CV-6,PASS,default metric selection visible,,2026-07-07T21:02:36
나이벡,00767628,138610,KOSDAQ,연간x별도,재무제표,DS-1,PASS,,,2026-07-07T21:02:41
나이벡,00767628,138610,KOSDAQ,연간x별도,상단,DS-8,PASS,,,2026-07-07T21:02:41
나이벡,00767628,138610,KOSDAQ,연간x별도,상단,DS-7,PASS,"badges seen: ['✅', '🔎']",,2026-07-07T21:02:41
나이벡,00767628,138610,KOSDAQ,연간x별도,재무제표,CV-3,PASS,rows=29 cols=19 slider_extended=True,,2026-07-07T21:02:41
나이벡,00767628,138610,KOSDAQ,연간x별도,재무제표,DS-2/DS-3,DONE,"cross-check completed for ['매출액', '영업이익']",,2026-07-07T21:02:41
나이벡,00767628,138610,KOSDAQ,연간x별도,지표,CV-6,PASS,default metric selection visible,,2026-07-07T21:02:41
나이벡,00767628,138610,KOSDAQ,분기x연결,재무제표,DS-1,PASS,,,2026-07-07T21:02:47
나이벡,00767628,138610,KOSDAQ,분기x연결,상단,DS-8,PASS,,,2026-07-07T21:02:47
나이벡,00767628,138610,KOSDAQ,분기x연결,상단,DS-4,PASS,substitution caption present,,2026-07-07T21:02:47
나이벡,00767628,138610,KOSDAQ,분기x연결,상단,DS-7,PASS,"badges seen: ['✅', '🔎']",,2026-07-07T21:02:47
나이벡,00767628,138610,KOSDAQ,분기x연결,재무제표,CV-3,PASS,rows=29 cols=63 slider_extended=True,,2026-07-07T21:02:47
나이벡,00767628,138610,KOSDAQ,분기x연결,재무제표,DS-2/DS-3,DONE,"cross-check completed for ['매출액', '영업이익']",,2026-07-07T21:02:47
나이벡,00767628,138610,KOSDAQ,분기x연결,지표,CV-6,PASS,default metric selection visible,,2026-07-07T21:02:47
나이벡,00767628,138610,KOSDAQ,분기x별도,재무제표,DS-1,PASS,,,2026-07-07T21:02:54
나이벡,00767628,138610,KOSDAQ,분기x별도,상단,DS-8,PASS,,,2026-07-07T21:02:54
나이벡,00767628,138610,KOSDAQ,분기x별도,상단,DS-7,PASS,"badges seen: ['✅', '🔎']",,2026-07-07T21:02:54
나이벡,00767628,138610,KOSDAQ,분기x별도,재무제표,CV-3,PASS,rows=29 cols=63 slider_extended=True,,2026-07-07T21:02:54
나이벡,00767628,138610,KOSDAQ,분기x별도,재무제표,DS-2/DS-3,DONE,"cross-check completed for ['매출액', '영업이익']",,2026-07-07T21:02:54
나이벡,00767628,138610,KOSDAQ,분기x별도,지표,CV-6,PASS,default metric selection visible,,2026-07-07T21:02:54
나이스디앤비,00606293,130580,KOSDAQ,연간x연결,재무제표,DS-1,PASS,,,2026-07-07T21:03:08
나이스디앤비,00606293,130580,KOSDAQ,연간x연결,상단,DS-8,PASS,,,2026-07-07T21:03:08
나이스디앤비,00606293,130580,KOSDAQ,연간x연결,상단,DS-7,PASS,"badges seen: ['✅', '🔎']",,2026-07-07T21:03:08
나이스디앤비,00606293,130580,KOSDAQ,연간x연결,재무제표,CV-3,PASS,rows=29 cols=15 slider_extended=True,,2026-07-07T21:03:08
나이스디앤비,00606293,130580,KOSDAQ,연간x연결,재무제표,DS-2/DS-3,DONE,"cross-check completed for ['매출액', '영업이익']",,2026-07-07T21:03:08
나이스디앤비,00606293,130580,KOSDAQ,연간x연결,지표,CV-6,PASS,default metric selection visible,,2026-07-07T21:03:08
나이스디앤비,00606293,130580,KOSDAQ,연간x별도,재무제표,DS-1,PASS,,,2026-07-07T21:03:13
나이스디앤비,00606293,130580,KOSDAQ,연간x별도,상단,DS-8,PASS,,,2026-07-07T21:03:13
나이스디앤비,00606293,130580,KOSDAQ,연간x별도,상단,DS-7,PASS,"badges seen: ['✅', '🔎']",,2026-07-07T21:03:13
나이스디앤비,00606293,130580,KOSDAQ,연간x별도,재무제표,CV-3,PASS,rows=29 cols=19 slider_extended=True,,2026-07-07T21:03:13
나이스디앤비,00606293,130580,KOSDAQ,연간x별도,재무제표,DS-2/DS-3,DONE,"cross-check completed for ['매출액', '영업이익']",,2026-07-07T21:03:13
나이스디앤비,00606293,130580,KOSDAQ,연간x별도,지표,CV-6,PASS,default metric selection visible,,2026-07-07T21:03:13
나이스디앤비,00606293,130580,KOSDAQ,분기x연결,재무제표,DS-1,PASS,,,2026-07-07T21:03:19
나이스디앤비,00606293,130580,KOSDAQ,분기x연결,상단,DS-8,PASS,,,2026-07-07T21:03:19
나이스디앤비,00606293,130580,KOSDAQ,분기x연결,상단,DS-7,PASS,"badges seen: ['✅', '🔎']",,2026-07-07T21:03:19
나이스디앤비,00606293,130580,KOSDAQ,분기x연결,재무제표,CV-3,PASS,rows=29 cols=51 slider_extended=True,,2026-07-07T21:03:19
나이스디앤비,00606293,130580,KOSDAQ,분기x연결,재무제표,DS-2/DS-3,DONE,"cross-check completed for ['매출액', '영업이익']",,2026-07-07T21:03:19
나이스디앤비,00606293,130580,KOSDAQ,분기x연결,지표,CV-6,PASS,default metric selection visible,,2026-07-07T21:03:19
나이스디앤비,00606293,130580,KOSDAQ,분기x별도,재무제표,DS-1,PASS,,,2026-07-07T21:03:27
나이스디앤비,00606293,130580,KOSDAQ,분기x별도,상단,DS-8,PASS,,,2026-07-07T21:03:27
나이스디앤비,00606293,130580,KOSDAQ,분기x별도,상단,DS-7,PASS,"badges seen: ['✅', '🔎']",,2026-07-07T21:03:27
나이스디앤비,00606293,130580,KOSDAQ,분기x별도,재무제표,CV-3,PASS,rows=29 cols=63 slider_extended=True,,2026-07-07T21:03:27
나이스디앤비,00606293,130580,KOSDAQ,분기x별도,재무제표,DS-2/DS-3,DONE,"cross-check completed for ['매출액', '영업이익']",,2026-07-07T21:03:27
나이스디앤비,00606293,130580,KOSDAQ,분기x별도,지표,CV-6,PASS,default metric selection visible,,2026-07-07T21:03:27
나이스정보통신,00264945,036800,KOSDAQ,연간x연결,재무제표,DS-1,PASS,,,2026-07-07T21:03:39
나이스정보통신,00264945,036800,KOSDAQ,연간x연결,상단,DS-8,PASS,,,2026-07-07T21:03:39
나이스정보통신,00264945,036800,KOSDAQ,연간x연결,상단,DS-7,PASS,"badges seen: ['✅', '🔎']",,2026-07-07T21:03:39
나이스정보통신,00264945,036800,KOSDAQ,연간x연결,재무제표,CV-3,PASS,rows=29 cols=14 slider_extended=True,,2026-07-07T21:03:39
나이스정보통신,00264945,036800,KOSDAQ,연간x연결,재무제표,DS-2/DS-3,DONE,"cross-check completed for ['매출액', '영업이익']",,2026-07-07T21:03:39
나이스정보통신,00264945,036800,KOSDAQ,연간x연결,지표,CV-6,PASS,default metric selection visible,,2026-07-07T21:03:39
나이스정보통신,00264945,036800,KOSDAQ,연간x별도,재무제표,DS-1,PASS,,,2026-07-07T21:03:44
나이스정보통신,00264945,036800,KOSDAQ,연간x별도,상단,DS-8,PASS,,,2026-07-07T21:03:44
나이스정보통신,00264945,036800,KOSDAQ,연간x별도,상단,DS-7,PASS,"badges seen: ['✅', '🔎']",,2026-07-07T21:03:44
나이스정보통신,00264945,036800,KOSDAQ,연간x별도,재무제표,CV-3,PASS,rows=29 cols=24 slider_extended=True,,2026-07-07T21:03:44
나이스정보통신,00264945,036800,KOSDAQ,연간x별도,재무제표,DS-2/DS-3,DONE,"cross-check completed for ['매출액', '영업이익']",,2026-07-07T21:03:44
나이스정보통신,00264945,036800,KOSDAQ,연간x별도,지표,CV-6,PASS,default metric selection visible,,2026-07-07T21:03:44
나이스정보통신,00264945,036800,KOSDAQ,분기x연결,재무제표,DS-1,PASS,,,2026-07-07T21:03:50
나이스정보통신,00264945,036800,KOSDAQ,분기x연결,상단,DS-8,PASS,,,2026-07-07T21:03:50
나이스정보통신,00264945,036800,KOSDAQ,분기x연결,상단,DS-7,PASS,"badges seen: ['✅', '🔎']",,2026-07-07T21:03:50
나이스정보통신,00264945,036800,KOSDAQ,분기x연결,재무제표,CV-3,PASS,rows=29 cols=49 slider_extended=True,,2026-07-07T21:03:50
나이스정보통신,00264945,036800,KOSDAQ,분기x연결,재무제표,DS-2/DS-3,DONE,"cross-check completed for ['매출액', '영업이익']",,2026-07-07T21:03:50
나이스정보통신,00264945,036800,KOSDAQ,분기x연결,지표,CV-6,PASS,default metric selection visible,,2026-07-07T21:03:50
나이스정보통신,00264945,036800,KOSDAQ,분기x별도,재무제표,DS-1,PASS,,,2026-07-07T21:03:58
나이스정보통신,00264945,036800,KOSDAQ,분기x별도,상단,DS-8,PASS,,,2026-07-07T21:03:58
나이스정보통신,00264945,036800,KOSDAQ,분기x별도,상단,DS-7,PASS,"badges seen: ['✅', '🔎']",,2026-07-07T21:03:58
나이스정보통신,00264945,036800,KOSDAQ,분기x별도,재무제표,CV-3,PASS,rows=29 cols=85 slider_extended=True,,2026-07-07T21:03:58
나이스정보통신,00264945,036800,KOSDAQ,분기x별도,재무제표,DS-2/DS-3,DONE,"cross-check completed for ['매출액', '영업이익']",,2026-07-07T21:03:58
나이스정보통신,00264945,036800,KOSDAQ,분기x별도,지표,CV-6,PASS,default metric selection visible,,2026-07-07T21:03:58
나인앤컴퍼니,01307335,366030,KOSDAQ,연간x연결,재무제표,DS-1,PASS,,,2026-07-07T21:04:12
나인앤컴퍼니,01307335,366030,KOSDAQ,연간x연결,상단,DS-8,PASS,,,2026-07-07T21:04:12
나인앤컴퍼니,01307335,366030,KOSDAQ,연간x연결,상단,DS-7,PASS,"badges seen: ['✅', '🔎']",,2026-07-07T21:04:12
나인앤컴퍼니,01307335,366030,KOSDAQ,연간x연결,재무제표,CV-3,PASS,rows=29 cols=6 slider_extended=True,,2026-07-07T21:04:12
나인앤컴퍼니,01307335,366030,KOSDAQ,연간x연결,재무제표,DS-2/DS-3,DONE,"cross-check completed for ['매출액', '영업이익']",,2026-07-07T21:04:12
나인앤컴퍼니,01307335,366030,KOSDAQ,연간x연결,지표,CV-6,PASS,default metric selection visible,,2026-07-07T21:04:12
나인앤컴퍼니,01307335,366030,KOSDAQ,연간x별도,재무제표,DS-1,PASS,,,2026-07-07T21:04:17
나인앤컴퍼니,01307335,366030,KOSDAQ,연간x별도,상단,DS-8,PASS,,,2026-07-07T21:04:17
나인앤컴퍼니,01307335,366030,KOSDAQ,연간x별도,상단,DS-7,PASS,"badges seen: ['✅', '🔎']",,2026-07-07T21:04:17
나인앤컴퍼니,01307335,366030,KOSDAQ,연간x별도,재무제표,CV-3,PASS,rows=29 cols=9 slider_extended=True,,2026-07-07T21:04:17
나인앤컴퍼니,01307335,366030,KOSDAQ,연간x별도,재무제표,DS-2/DS-3,DONE,"cross-check completed for ['매출액', '영업이익']",,2026-07-07T21:04:17
나인앤컴퍼니,01307335,366030,KOSDAQ,연간x별도,지표,CV-6,PASS,default metric selection visible,,2026-07-07T21:04:17
나인앤컴퍼니,01307335,366030,KOSDAQ,분기x연결,재무제표,DS-1,PASS,,,2026-07-07T21:04:23
나인앤컴퍼니,01307335,366030,KOSDAQ,분기x연결,상단,DS-8,PASS,,,2026-07-07T21:04:23
나인앤컴퍼니,01307335,366030,KOSDAQ,분기x연결,상단,DS-7,PASS,"badges seen: ['✅', '🔎']",,2026-07-07T21:04:23
나인앤컴퍼니,01307335,366030,KOSDAQ,분기x연결,재무제표,CV-3,PASS,rows=29 cols=13 slider_extended=True,,2026-07-07T21:04:23
나인앤컴퍼니,01307335,366030,KOSDAQ,분기x연결,재무제표,DS-2/DS-3,DONE,"cross-check completed for ['매출액', '영업이익']",,2026-07-07T21:04:23
나인앤컴퍼니,01307335,366030,KOSDAQ,분기x연결,지표,CV-6,PASS,default metric selection visible,,2026-07-07T21:04:23
나인앤컴퍼니,01307335,366030,KOSDAQ,분기x별도,재무제표,DS-1,PASS,,,2026-07-07T21:04:30
나인앤컴퍼니,01307335,366030,KOSDAQ,분기x별도,상단,DS-8,PASS,,,2026-07-07T21:04:30
나인앤컴퍼니,01307335,366030,KOSDAQ,분기x별도,상단,DS-7,PASS,"badges seen: ['✅', '🔎']",,2026-07-07T21:04:30
나인앤컴퍼니,01307335,366030,KOSDAQ,분기x별도,재무제표,CV-3,PASS,rows=29 cols=24 slider_extended=True,,2026-07-07T21:04:30
나인앤컴퍼니,01307335,366030,KOSDAQ,분기x별도,재무제표,DS-2/DS-3,DONE,"cross-check completed for ['매출액', '영업이익']",,2026-07-07T21:04:30
나인앤컴퍼니,01307335,366030,KOSDAQ,분기x별도,지표,CV-6,PASS,default metric selection visible,,2026-07-07T21:04:30
나인테크,01208849,267320,KOSDAQ,연간x연결,재무제표,DS-1,PASS,,,2026-07-07T21:04:42
나인테크,01208849,267320,KOSDAQ,연간x연결,상단,DS-8,PASS,,,2026-07-07T21:04:42
나인테크,01208849,267320,KOSDAQ,연간x연결,상단,DS-7,PASS,"badges seen: ['✅', '🔎', '⚠']",,2026-07-07T21:04:42
나인테크,01208849,267320,KOSDAQ,연간x연결,재무제표,CV-3,PASS,rows=29 cols=8 slider_extended=True,,2026-07-07T21:04:42
나인테크,01208849,267320,KOSDAQ,연간x연결,재무제표,DS-2/DS-3,DONE,"cross-check completed for ['매출액', '영업이익']",,2026-07-07T21:04:42
나인테크,01208849,267320,KOSDAQ,연간x연결,지표,CV-6,PASS,default metric selection visible,,2026-07-07T21:04:42
나인테크,01208849,267320,KOSDAQ,연간x별도,재무제표,DS-1,PASS,,,2026-07-07T21:04:47
나인테크,01208849,267320,KOSDAQ,연간x별도,상단,DS-8,PASS,,,2026-07-07T21:04:47
나인테크,01208849,267320,KOSDAQ,연간x별도,상단,DS-7,PASS,"badges seen: ['✅', '🔎', '⚠']",,2026-07-07T21:04:47
나인테크,01208849,267320,KOSDAQ,연간x별도,재무제표,CV-3,PASS,rows=29 cols=12 slider_extended=True,,2026-07-07T21:04:47
나인테크,01208849,267320,KOSDAQ,연간x별도,재무제표,DS-2/DS-3,DONE,"cross-check completed for ['매출액', '영업이익']",,2026-07-07T21:04:47
나인테크,01208849,267320,KOSDAQ,연간x별도,지표,CV-6,PASS,default metric selection visible,,2026-07-07T21:04:47
나인테크,01208849,267320,KOSDAQ,분기x연결,재무제표,DS-1,PASS,,,2026-07-07T21:04:54
나인테크,01208849,267320,KOSDAQ,분기x연결,상단,DS-8,PASS,,,2026-07-07T21:04:54
나인테크,01208849,267320,KOSDAQ,분기x연결,상단,DS-7,PASS,"badges seen: ['✅', '🔎']",,2026-07-07T21:04:54
나인테크,01208849,267320,KOSDAQ,분기x연결,재무제표,CV-3,PASS,rows=29 cols=24 slider_extended=True,,2026-07-07T21:04:54
나인테크,01208849,267320,KOSDAQ,분기x연결,재무제표,DS-2/DS-3,DONE,"cross-check completed for ['매출액', '영업이익']",,2026-07-07T21:04:54
나인테크,01208849,267320,KOSDAQ,분기x연결,지표,CV-6,PASS,default metric selection visible,,2026-07-07T21:04:54
나인테크,01208849,267320,KOSDAQ,분기x별도,재무제표,DS-1,PASS,,,2026-07-07T21:05:01
나인테크,01208849,267320,KOSDAQ,분기x별도,상단,DS-8,PASS,,,2026-07-07T21:05:01
나인테크,01208849,267320,KOSDAQ,분기x별도,상단,DS-7,PASS,"badges seen: ['✅', '🔎']",,2026-07-07T21:05:01
나인테크,01208849,267320,KOSDAQ,분기x별도,재무제표,CV-3,PASS,rows=29 cols=35 slider_extended=True,,2026-07-07T21:05:01
나인테크,01208849,267320,KOSDAQ,분기x별도,재무제표,DS-2/DS-3,DONE,"cross-check completed for ['매출액', '영업이익']",,2026-07-07T21:05:01
나인테크,01208849,267320,KOSDAQ,분기x별도,지표,CV-6,PASS,default metric selection visible,,2026-07-07T21:05:01
남화산업,00245694,111710,KOSDAQ,연간x연결,재무제표,DS-1,PASS,,,2026-07-07T21:05:14
남화산업,00245694,111710,KOSDAQ,연간x연결,상단,DS-8,PASS,,,2026-07-07T21:05:14
남화산업,00245694,111710,KOSDAQ,연간x연결,상단,DS-4,PASS,substitution caption present,,2026-07-07T21:05:14
남화산업,00245694,111710,KOSDAQ,연간x연결,상단,DS-7,PASS,"badges seen: ['✅', '🔎']",,2026-07-07T21:05:14
남화산업,00245694,111710,KOSDAQ,연간x연결,재무제표,CV-3,PASS,rows=29 cols=12 slider_extended=True,,2026-07-07T21:05:14
남화산업,00245694,111710,KOSDAQ,연간x연결,재무제표,DS-2/DS-3,DONE,"cross-check completed for ['매출액', '영업이익']",,2026-07-07T21:05:14
남화산업,00245694,111710,KOSDAQ,연간x연결,지표,CV-6,PASS,default metric selection visible,,2026-07-07T21:05:14
남화산업,00245694,111710,KOSDAQ,연간x별도,재무제표,DS-1,PASS,,,2026-07-07T21:05:19
남화산업,00245694,111710,KOSDAQ,연간x별도,상단,DS-8,PASS,,,2026-07-07T21:05:19
남화산업,00245694,111710,KOSDAQ,연간x별도,상단,DS-7,PASS,"badges seen: ['✅', '🔎']",,2026-07-07T21:05:19
남화산업,00245694,111710,KOSDAQ,연간x별도,재무제표,CV-3,PASS,rows=29 cols=12 slider_extended=True,,2026-07-07T21:05:19
남화산업,00245694,111710,KOSDAQ,연간x별도,재무제표,DS-2/DS-3,DONE,"cross-check completed for ['매출액', '영업이익']",,2026-07-07T21:05:19
남화산업,00245694,111710,KOSDAQ,연간x별도,지표,CV-6,PASS,default metric selection visible,,2026-07-07T21:05:19
남화산업,00245694,111710,KOSDAQ,분기x연결,재무제표,DS-1,PASS,,,2026-07-07T21:05:26
남화산업,00245694,111710,KOSDAQ,분기x연결,상단,DS-8,PASS,,,2026-07-07T21:05:26
남화산업,00245694,111710,KOSDAQ,분기x연결,상단,DS-4,PASS,substitution caption present,,2026-07-07T21:05:26
남화산업,00245694,111710,KOSDAQ,분기x연결,상단,DS-7,PASS,"badges seen: ['✅', '🔎']",,2026-07-07T21:05:26
남화산업,00245694,111710,KOSDAQ,분기x연결,재무제표,CV-3,PASS,rows=29 cols=36 slider_extended=True,,2026-07-07T21:05:26
남화산업,00245694,111710,KOSDAQ,분기x연결,재무제표,DS-2/DS-3,DONE,"cross-check completed for ['매출액', '영업이익']",,2026-07-07T21:05:26
남화산업,00245694,111710,KOSDAQ,분기x연결,지표,CV-6,PASS,default metric selection visible,,2026-07-07T21:05:26
남화산업,00245694,111710,KOSDAQ,분기x별도,재무제표,DS-1,PASS,,,2026-07-07T21:05:33
남화산업,00245694,111710,KOSDAQ,분기x별도,상단,DS-8,PASS,,,2026-07-07T21:05:33
남화산업,00245694,111710,KOSDAQ,분기x별도,상단,DS-7,PASS,"badges seen: ['✅', '🔎']",,2026-07-07T21:05:33
남화산업,00245694,111710,KOSDAQ,분기x별도,재무제표,CV-3,PASS,rows=29 cols=36 slider_extended=True,,2026-07-07T21:05:33
남화산업,00245694,111710,KOSDAQ,분기x별도,재무제표,DS-2/DS-3,DONE,"cross-check completed for ['매출액', '영업이익']",,2026-07-07T21:05:33
남화산업,00245694,111710,KOSDAQ,분기x별도,지표,CV-6,PASS,default metric selection visible,,2026-07-07T21:05:33
남화토건,00108001,091590,KOSDAQ,연간x연결,재무제표,DS-1,PASS,,,2026-07-07T21:05:45
남화토건,00108001,091590,KOSDAQ,연간x연결,상단,DS-8,PASS,,,2026-07-07T21:05:45
남화토건,00108001,091590,KOSDAQ,연간x연결,상단,DS-7,PASS,"badges seen: ['✅', '🔎', '⚠']",,2026-07-07T21:05:45
남화토건,00108001,091590,KOSDAQ,연간x연결,재무제표,CV-3,PASS,rows=29 cols=19 slider_extended=True,,2026-07-07T21:05:45
남화토건,00108001,091590,KOSDAQ,연간x연결,재무제표,DS-2/DS-3,DONE,"cross-check completed for ['매출액', '영업이익']",,2026-07-07T21:05:45
남화토건,00108001,091590,KOSDAQ,연간x연결,지표,CV-6,PASS,default metric selection visible,,2026-07-07T21:05:45
남화토건,00108001,091590,KOSDAQ,연간x별도,재무제표,DS-1,PASS,,,2026-07-07T21:05:50
남화토건,00108001,091590,KOSDAQ,연간x별도,상단,DS-8,PASS,,,2026-07-07T21:05:50
남화토건,00108001,091590,KOSDAQ,연간x별도,상단,DS-7,PASS,"badges seen: ['✅', '🔎']",,2026-07-07T21:05:50
남화토건,00108001,091590,KOSDAQ,연간x별도,재무제표,CV-3,PASS,rows=29 cols=19 slider_extended=True,,2026-07-07T21:05:50
남화토건,00108001,091590,KOSDAQ,연간x별도,재무제표,DS-2/DS-3,DONE,"cross-check completed for ['매출액', '영업이익']",,2026-07-07T21:05:50
남화토건,00108001,091590,KOSDAQ,연간x별도,지표,CV-6,PASS,default metric selection visible,,2026-07-07T21:05:50
남화토건,00108001,091590,KOSDAQ,분기x연결,재무제표,DS-1,PASS,,,2026-07-07T21:05:56
남화토건,00108001,091590,KOSDAQ,분기x연결,상단,DS-8,PASS,,,2026-07-07T21:05:56
남화토건,00108001,091590,KOSDAQ,분기x연결,상단,DS-7,PASS,"badges seen: ['✅', '🔎', '⚠']",,2026-07-07T21:05:56
남화토건,00108001,091590,KOSDAQ,분기x연결,재무제표,CV-3,PASS,rows=29 cols=60 slider_extended=True,,2026-07-07T21:05:56
남화토건,00108001,091590,KOSDAQ,분기x연결,재무제표,DS-2/DS-3,DONE,"cross-check completed for ['매출액', '영업이익']",,2026-07-07T21:05:56
남화토건,00108001,091590,KOSDAQ,분기x연결,지표,CV-6,PASS,default metric selection visible,,2026-07-07T21:05:56
남화토건,00108001,091590,KOSDAQ,분기x별도,재무제표,DS-1,PASS,,,2026-07-07T21:06:04
남화토건,00108001,091590,KOSDAQ,분기x별도,상단,DS-8,PASS,,,2026-07-07T21:06:04
남화토건,00108001,091590,KOSDAQ,분기x별도,상단,DS-7,PASS,"badges seen: ['✅', '🔎', '⚠']",,2026-07-07T21:06:04
남화토건,00108001,091590,KOSDAQ,분기x별도,재무제표,CV-3,PASS,rows=29 cols=63 slider_extended=True,,2026-07-07T21:06:04
남화토건,00108001,091590,KOSDAQ,분기x별도,재무제표,DS-2/DS-3,DONE,"cross-check completed for ['매출액', '영업이익']",,2026-07-07T21:06:04
남화토건,00108001,091590,KOSDAQ,분기x별도,지표,CV-6,PASS,default metric selection visible,,2026-07-07T21:06:04
내츄럴엔도텍,00923792,168330,KOSDAQ,연간x연결,재무제표,DS-1,PASS,,,2026-07-07T21:06:17
내츄럴엔도텍,00923792,168330,KOSDAQ,연간x연결,상단,DS-8,PASS,,,2026-07-07T21:06:17
내츄럴엔도텍,00923792,168330,KOSDAQ,연간x연결,상단,DS-7,PASS,"badges seen: ['✅', '🔎']",,2026-07-07T21:06:17
내츄럴엔도텍,00923792,168330,KOSDAQ,연간x연결,재무제표,CV-3,PASS,rows=29 cols=15 slider_extended=True,,2026-07-07T21:06:17
내츄럴엔도텍,00923792,168330,KOSDAQ,연간x연결,재무제표,DS-2/DS-3,DONE,"cross-check completed for ['매출액', '영업이익']",,2026-07-07T21:06:17
내츄럴엔도텍,00923792,168330,KOSDAQ,연간x연결,지표,CV-6,PASS,default metric selection visible,,2026-07-07T21:06:17
내츄럴엔도텍,00923792,168330,KOSDAQ,연간x별도,재무제표,DS-1,PASS,,,2026-07-07T21:06:22
내츄럴엔도텍,00923792,168330,KOSDAQ,연간x별도,상단,DS-8,PASS,,,2026-07-07T21:06:22
내츄럴엔도텍,00923792,168330,KOSDAQ,연간x별도,상단,DS-7,PASS,"badges seen: ['✅', '🔎']",,2026-07-07T21:06:22
내츄럴엔도텍,00923792,168330,KOSDAQ,연간x별도,재무제표,CV-3,PASS,rows=29 cols=17 slider_extended=True,,2026-07-07T21:06:22
내츄럴엔도텍,00923792,168330,KOSDAQ,연간x별도,재무제표,DS-2/DS-3,DONE,"cross-check completed for ['매출액', '영업이익']",,2026-07-07T21:06:22
내츄럴엔도텍,00923792,168330,KOSDAQ,연간x별도,지표,CV-6,PASS,default metric selection visible,,2026-07-07T21:06:22
내츄럴엔도텍,00923792,168330,KOSDAQ,분기x연결,재무제표,DS-1,PASS,,,2026-07-07T21:06:29
내츄럴엔도텍,00923792,168330,KOSDAQ,분기x연결,상단,DS-8,PASS,,,2026-07-07T21:06:29
내츄럴엔도텍,00923792,168330,KOSDAQ,분기x연결,상단,DS-7,PASS,"badges seen: ['✅', '🔎']",,2026-07-07T21:06:29
내츄럴엔도텍,00923792,168330,KOSDAQ,분기x연결,재무제표,CV-3,PASS,rows=29 cols=54 slider_extended=True,,2026-07-07T21:06:29
내츄럴엔도텍,00923792,168330,KOSDAQ,분기x연결,재무제표,DS-2/DS-3,DONE,"cross-check completed for ['매출액', '영업이익']",,2026-07-07T21:06:29
내츄럴엔도텍,00923792,168330,KOSDAQ,분기x연결,지표,CV-6,PASS,default metric selection visible,,2026-07-07T21:06:29
내츄럴엔도텍,00923792,168330,KOSDAQ,분기x별도,재무제표,DS-1,PASS,,,2026-07-07T21:06:36
내츄럴엔도텍,00923792,168330,KOSDAQ,분기x별도,상단,DS-8,PASS,,,2026-07-07T21:06:36
내츄럴엔도텍,00923792,168330,KOSDAQ,분기x별도,상단,DS-7,PASS,"badges seen: ['✅', '🔎']",,2026-07-07T21:06:36
내츄럴엔도텍,00923792,168330,KOSDAQ,분기x별도,재무제표,CV-3,PASS,rows=29 cols=57 slider_extended=True,,2026-07-07T21:06:36
내츄럴엔도텍,00923792,168330,KOSDAQ,분기x별도,재무제표,DS-2/DS-3,DONE,"cross-check completed for ['매출액', '영업이익']",,2026-07-07T21:06:36
내츄럴엔도텍,00923792,168330,KOSDAQ,분기x별도,지표,CV-6,PASS,default metric selection visible,,2026-07-07T21:06:36
네오리진,00599106,094860,KOSDAQ,연간x연결,재무제표,DS-1,PASS,,,2026-07-07T21:06:48
네오리진,00599106,094860,KOSDAQ,연간x연결,상단,DS-8,PASS,,,2026-07-07T21:06:48
네오리진,00599106,094860,KOSDAQ,연간x연결,상단,DS-7,PASS,"badges seen: ['✅', '🔎']",,2026-07-07T21:06:48
네오리진,00599106,094860,KOSDAQ,연간x연결,재무제표,CV-3,PASS,rows=29 cols=15 slider_extended=True,,2026-07-07T21:06:48
네오리진,00599106,094860,KOSDAQ,연간x연결,재무제표,DS-2/DS-3,DONE,"cross-check completed for ['매출액', '영업이익']",,2026-07-07T21:06:48
네오리진,00599106,094860,KOSDAQ,연간x연결,지표,CV-6,PASS,default metric selection visible,,2026-07-07T21:06:48
네오리진,00599106,094860,KOSDAQ,연간x별도,재무제표,DS-1,PASS,,,2026-07-07T21:06:53
네오리진,00599106,094860,KOSDAQ,연간x별도,상단,DS-8,PASS,,,2026-07-07T21:06:53
네오리진,00599106,094860,KOSDAQ,연간x별도,상단,DS-7,PASS,"badges seen: ['✅', '🔎']",,2026-07-07T21:06:53
네오리진,00599106,094860,KOSDAQ,연간x별도,재무제표,CV-3,PASS,rows=29 cols=21 slider_extended=True,,2026-07-07T21:06:53
네오리진,00599106,094860,KOSDAQ,연간x별도,재무제표,DS-2/DS-3,DONE,"cross-check completed for ['매출액', '영업이익']",,2026-07-07T21:06:53
네오리진,00599106,094860,KOSDAQ,연간x별도,지표,CV-6,PASS,default metric selection visible,,2026-07-07T21:06:53
네오리진,00599106,094860,KOSDAQ,분기x연결,재무제표,DS-1,PASS,,,2026-07-07T21:07:00
네오리진,00599106,094860,KOSDAQ,분기x연결,상단,DS-8,PASS,,,2026-07-07T21:07:00
네오리진,00599106,094860,KOSDAQ,분기x연결,상단,DS-7,PASS,"badges seen: ['✅', '🔎']",,2026-07-07T21:07:00
네오리진,00599106,094860,KOSDAQ,분기x연결,재무제표,CV-3,PASS,rows=29 cols=49 slider_extended=True,,2026-07-07T21:07:00
네오리진,00599106,094860,KOSDAQ,분기x연결,재무제표,DS-2/DS-3,DONE,"cross-check completed for ['매출액', '영업이익']",,2026-07-07T21:07:00
네오리진,00599106,094860,KOSDAQ,분기x연결,지표,CV-6,PASS,default metric selection visible,,2026-07-07T21:07:00
네오리진,00599106,094860,KOSDAQ,분기x별도,재무제표,DS-1,PASS,,,2026-07-07T21:07:07
네오리진,00599106,094860,KOSDAQ,분기x별도,상단,DS-8,PASS,,,2026-07-07T21:07:07
네오리진,00599106,094860,KOSDAQ,분기x별도,상단,DS-7,PASS,"badges seen: ['✅', '🔎']",,2026-07-07T21:07:07
네오리진,00599106,094860,KOSDAQ,분기x별도,재무제표,CV-3,PASS,rows=29 cols=73 slider_extended=True,,2026-07-07T21:07:07
네오리진,00599106,094860,KOSDAQ,분기x별도,재무제표,DS-2/DS-3,DONE,"cross-check completed for ['매출액', '영업이익']",,2026-07-07T21:07:07
네오리진,00599106,094860,KOSDAQ,분기x별도,지표,CV-6,PASS,default metric selection visible,,2026-07-07T21:07:07
네오셈,01170865,253590,KOSDAQ,연간x연결,재무제표,DS-1,PASS,,,2026-07-07T21:07:21
네오셈,01170865,253590,KOSDAQ,연간x연결,상단,DS-8,PASS,,,2026-07-07T21:07:21
네오셈,01170865,253590,KOSDAQ,연간x연결,상단,DS-7,PASS,"badges seen: ['✅', '🔎']",,2026-07-07T21:07:21
네오셈,01170865,253590,KOSDAQ,연간x연결,재무제표,CV-3,PASS,rows=29 cols=12 slider_extended=True,,2026-07-07T21:07:21
네오셈,01170865,253590,KOSDAQ,연간x연결,재무제표,DS-2/DS-3,DONE,"cross-check completed for ['매출액', '영업이익']",,2026-07-07T21:07:21
네오셈,01170865,253590,KOSDAQ,연간x연결,지표,CV-6,PASS,default metric selection visible,,2026-07-07T21:07:21
네오셈,01170865,253590,KOSDAQ,연간x별도,재무제표,DS-1,PASS,,,2026-07-07T21:07:26
네오셈,01170865,253590,KOSDAQ,연간x별도,상단,DS-8,PASS,,,2026-07-07T21:07:26
네오셈,01170865,253590,KOSDAQ,연간x별도,상단,DS-7,PASS,"badges seen: ['✅', '🔎']",,2026-07-07T21:07:26
네오셈,01170865,253590,KOSDAQ,연간x별도,재무제표,CV-3,PASS,rows=29 cols=12 slider_extended=True,,2026-07-07T21:07:26
네오셈,01170865,253590,KOSDAQ,연간x별도,재무제표,DS-2/DS-3,DONE,"cross-check completed for ['매출액', '영업이익']",,2026-07-07T21:07:26
네오셈,01170865,253590,KOSDAQ,연간x별도,지표,CV-6,PASS,default metric selection visible,,2026-07-07T21:07:26
네오셈,01170865,253590,KOSDAQ,분기x연결,재무제표,DS-1,PASS,,,2026-07-07T21:07:32
네오셈,01170865,253590,KOSDAQ,분기x연결,상단,DS-8,PASS,,,2026-07-07T21:07:32
네오셈,01170865,253590,KOSDAQ,분기x연결,상단,DS-7,PASS,"badges seen: ['✅', '🔎']",,2026-07-07T21:07:32
네오셈,01170865,253590,KOSDAQ,분기x연결,재무제표,CV-3,PASS,rows=29 cols=36 slider_extended=True,,2026-07-07T21:07:32
네오셈,01170865,253590,KOSDAQ,분기x연결,재무제표,DS-2/DS-3,DONE,"cross-check completed for ['매출액', '영업이익']",,2026-07-07T21:07:32
네오셈,01170865,253590,KOSDAQ,분기x연결,지표,CV-6,PASS,default metric selection visible,,2026-07-07T21:07:32
네오셈,01170865,253590,KOSDAQ,분기x별도,재무제표,DS-1,PASS,,,2026-07-07T21:07:39
네오셈,01170865,253590,KOSDAQ,분기x별도,상단,DS-8,PASS,,,2026-07-07T21:07:39
네오셈,01170865,253590,KOSDAQ,분기x별도,상단,DS-7,PASS,"badges seen: ['✅', '🔎']",,2026-07-07T21:07:39
네오셈,01170865,253590,KOSDAQ,분기x별도,재무제표,CV-3,PASS,rows=29 cols=35 slider_extended=True,,2026-07-07T21:07:39
네오셈,01170865,253590,KOSDAQ,분기x별도,재무제표,DS-2/DS-3,DONE,"cross-check completed for ['매출액', '영업이익']",,2026-07-07T21:07:39
네오셈,01170865,253590,KOSDAQ,분기x별도,지표,CV-6,PASS,default metric selection visible,,2026-07-07T21:07:39
네오오토,00876865,212560,KOSDAQ,연간x연결,재무제표,DS-1,PASS,,,2026-07-07T21:07:52
네오오토,00876865,212560,KOSDAQ,연간x연결,상단,DS-8,PASS,,,2026-07-07T21:07:52
네오오토,00876865,212560,KOSDAQ,연간x연결,상단,DS-4,PASS,substitution caption present,,2026-07-07T21:07:52
네오오토,00876865,212560,KOSDAQ,연간x연결,상단,DS-7,PASS,"badges seen: ['✅', '🔎']",,2026-07-07T21:07:52
네오오토,00876865,212560,KOSDAQ,연간x연결,재무제표,CV-3,PASS,rows=29 cols=15 slider_extended=True,,2026-07-07T21:07:52
네오오토,00876865,212560,KOSDAQ,연간x연결,재무제표,DS-2/DS-3,DONE,"cross-check completed for ['매출액', '영업이익']",,2026-07-07T21:07:52
네오오토,00876865,212560,KOSDAQ,연간x연결,지표,CV-6,PASS,default metric selection visible,,2026-07-07T21:07:52
네오오토,00876865,212560,KOSDAQ,연간x별도,재무제표,DS-1,PASS,,,2026-07-07T21:07:57
네오오토,00876865,212560,KOSDAQ,연간x별도,상단,DS-8,PASS,,,2026-07-07T21:07:57
네오오토,00876865,212560,KOSDAQ,연간x별도,상단,DS-7,PASS,"badges seen: ['✅', '🔎']",,2026-07-07T21:07:57
네오오토,00876865,212560,KOSDAQ,연간x별도,재무제표,CV-3,PASS,rows=29 cols=15 slider_extended=True,,2026-07-07T21:07:57
네오오토,00876865,212560,KOSDAQ,연간x별도,재무제표,DS-2/DS-3,DONE,"cross-check completed for ['매출액', '영업이익']",,2026-07-07T21:07:57
네오오토,00876865,212560,KOSDAQ,연간x별도,지표,CV-6,PASS,default metric selection visible,,2026-07-07T21:07:57
네오오토,00876865,212560,KOSDAQ,분기x연결,재무제표,DS-1,PASS,,,2026-07-07T21:08:03
네오오토,00876865,212560,KOSDAQ,분기x연결,상단,DS-8,PASS,,,2026-07-07T21:08:03
네오오토,00876865,212560,KOSDAQ,분기x연결,상단,DS-4,PASS,substitution caption present,,2026-07-07T21:08:03
네오오토,00876865,212560,KOSDAQ,분기x연결,상단,DS-7,PASS,"badges seen: ['✅', '🔎']",,2026-07-07T21:08:03
네오오토,00876865,212560,KOSDAQ,분기x연결,재무제표,CV-3,PASS,rows=29 cols=51 slider_extended=True,,2026-07-07T21:08:03
네오오토,00876865,212560,KOSDAQ,분기x연결,재무제표,DS-2/DS-3,DONE,"cross-check completed for ['매출액', '영업이익']",,2026-07-07T21:08:03
네오오토,00876865,212560,KOSDAQ,분기x연결,지표,CV-6,PASS,default metric selection visible,,2026-07-07T21:08:03
네오오토,00876865,212560,KOSDAQ,분기x별도,재무제표,DS-1,PASS,,,2026-07-07T21:08:11
네오오토,00876865,212560,KOSDAQ,분기x별도,상단,DS-8,PASS,,,2026-07-07T21:08:11
네오오토,00876865,212560,KOSDAQ,분기x별도,상단,DS-7,PASS,"badges seen: ['✅', '🔎']",,2026-07-07T21:08:11
네오오토,00876865,212560,KOSDAQ,분기x별도,재무제표,CV-3,PASS,rows=29 cols=51 slider_extended=True,,2026-07-07T21:08:11
네오오토,00876865,212560,KOSDAQ,분기x별도,재무제표,DS-2/DS-3,DONE,"cross-check completed for ['매출액', '영업이익']",,2026-07-07T21:08:11
네오오토,00876865,212560,KOSDAQ,분기x별도,지표,CV-6,PASS,default metric selection visible,,2026-07-07T21:08:11
네오위즈,00628860,095660,KOSDAQ,연간x연결,재무제표,DS-1,PASS,,,2026-07-07T21:08:24
네오위즈,00628860,095660,KOSDAQ,연간x연결,상단,DS-8,PASS,,,2026-07-07T21:08:24
네오위즈,00628860,095660,KOSDAQ,연간x연결,상단,DS-7,PASS,"badges seen: ['✅', '🔎']",,2026-07-07T21:08:24
네오위즈,00628860,095660,KOSDAQ,연간x연결,재무제표,CV-3,PASS,rows=29 cols=19 slider_extended=True,,2026-07-07T21:08:24
네오위즈,00628860,095660,KOSDAQ,연간x연결,재무제표,DS-2/DS-3,DONE,"cross-check completed for ['매출액', '영업이익']",,2026-07-07T21:08:24
네오위즈,00628860,095660,KOSDAQ,연간x연결,지표,CV-6,PASS,default metric selection visible,,2026-07-07T21:08:24
네오위즈,00628860,095660,KOSDAQ,연간x별도,재무제표,DS-1,PASS,,,2026-07-07T21:08:30
네오위즈,00628860,095660,KOSDAQ,연간x별도,상단,DS-8,PASS,,,2026-07-07T21:08:30
네오위즈,00628860,095660,KOSDAQ,연간x별도,상단,DS-7,PASS,"badges seen: ['✅', '🔎', '⚠']",,2026-07-07T21:08:30
네오위즈,00628860,095660,KOSDAQ,연간x별도,재무제표,CV-3,PASS,rows=29 cols=21 slider_extended=True,,2026-07-07T21:08:30
네오위즈,00628860,095660,KOSDAQ,연간x별도,재무제표,DS-2/DS-3,DONE,"cross-check completed for ['매출액', '영업이익']",,2026-07-07T21:08:30
네오위즈,00628860,095660,KOSDAQ,연간x별도,지표,CV-6,PASS,default metric selection visible,,2026-07-07T21:08:30
네오위즈,00628860,095660,KOSDAQ,분기x연결,재무제표,DS-1,PASS,,,2026-07-07T21:08:36
네오위즈,00628860,095660,KOSDAQ,분기x연결,상단,DS-8,PASS,,,2026-07-07T21:08:36
네오위즈,00628860,095660,KOSDAQ,분기x연결,상단,DS-7,PASS,"badges seen: ['✅', '🔎']",,2026-07-07T21:08:36
네오위즈,00628860,095660,KOSDAQ,분기x연결,재무제표,CV-3,PASS,rows=29 cols=64 slider_extended=True,,2026-07-07T21:08:36
네오위즈,00628860,095660,KOSDAQ,분기x연결,재무제표,DS-2/DS-3,DONE,"cross-check completed for ['매출액', '영업이익']",,2026-07-07T21:08:36
네오위즈,00628860,095660,KOSDAQ,분기x연결,지표,CV-6,PASS,default metric selection visible,,2026-07-07T21:08:36
네오위즈,00628860,095660,KOSDAQ,분기x별도,재무제표,DS-1,PASS,,,2026-07-07T21:08:43
네오위즈,00628860,095660,KOSDAQ,분기x별도,상단,DS-8,PASS,,,2026-07-07T21:08:43
네오위즈,00628860,095660,KOSDAQ,분기x별도,상단,DS-7,PASS,"badges seen: ['✅', '🔎']",,2026-07-07T21:08:43
네오위즈,00628860,095660,KOSDAQ,분기x별도,재무제표,CV-3,PASS,rows=29 cols=73 slider_extended=True,,2026-07-07T21:08:43
네오위즈,00628860,095660,KOSDAQ,분기x별도,재무제표,DS-2/DS-3,DONE,"cross-check completed for ['매출액', '영업이익']",,2026-07-07T21:08:43
네오위즈,00628860,095660,KOSDAQ,분기x별도,지표,CV-6,PASS,default metric selection visible,,2026-07-07T21:08:43
네오위즈홀딩스,00266952,042420,KOSDAQ,연간x연결,재무제표,DS-1,PASS,,,2026-07-07T21:08:56
네오위즈홀딩스,00266952,042420,KOSDAQ,연간x연결,상단,DS-8,PASS,,,2026-07-07T21:08:56
네오위즈홀딩스,00266952,042420,KOSDAQ,연간x연결,상단,DS-7,PASS,"badges seen: ['✅', '🔎']",,2026-07-07T21:08:56
네오위즈홀딩스,00266952,042420,KOSDAQ,연간x연결,재무제표,CV-3,PASS,rows=29 cols=19 slider_extended=True,,2026-07-07T21:08:56
네오위즈홀딩스,00266952,042420,KOSDAQ,연간x연결,재무제표,DS-2/DS-3,DONE,"cross-check completed for ['매출액', '영업이익']",,2026-07-07T21:08:56
네오위즈홀딩스,00266952,042420,KOSDAQ,연간x연결,지표,CV-6,PASS,default metric selection visible,,2026-07-07T21:08:56
네오위즈홀딩스,00266952,042420,KOSDAQ,연간x별도,재무제표,DS-1,PASS,,,2026-07-07T21:09:01
네오위즈홀딩스,00266952,042420,KOSDAQ,연간x별도,상단,DS-8,PASS,,,2026-07-07T21:09:01
네오위즈홀딩스,00266952,042420,KOSDAQ,연간x별도,상단,DS-7,PASS,"badges seen: ['✅', '🔎']",,2026-07-07T21:09:01
네오위즈홀딩스,00266952,042420,KOSDAQ,연간x별도,재무제표,CV-3,PASS,rows=29 cols=23 slider_extended=True,,2026-07-07T21:09:01
네오위즈홀딩스,00266952,042420,KOSDAQ,연간x별도,재무제표,DS-2/DS-3,DONE,"cross-check completed for ['매출액', '영업이익']",,2026-07-07T21:09:01
네오위즈홀딩스,00266952,042420,KOSDAQ,연간x별도,지표,CV-6,PASS,default metric selection visible,,2026-07-07T21:09:01
네오위즈홀딩스,00266952,042420,KOSDAQ,분기x연결,재무제표,DS-1,PASS,,,2026-07-07T21:09:07
네오위즈홀딩스,00266952,042420,KOSDAQ,분기x연결,상단,DS-8,PASS,,,2026-07-07T21:09:07
네오위즈홀딩스,00266952,042420,KOSDAQ,분기x연결,상단,DS-7,PASS,"badges seen: ['✅', '🔎']",,2026-07-07T21:09:07
네오위즈홀딩스,00266952,042420,KOSDAQ,분기x연결,재무제표,CV-3,PASS,rows=29 cols=63 slider_extended=True,,2026-07-07T21:09:07
네오위즈홀딩스,00266952,042420,KOSDAQ,분기x연결,재무제표,DS-2/DS-3,DONE,"cross-check completed for ['매출액', '영업이익']",,2026-07-07T21:09:07
네오위즈홀딩스,00266952,042420,KOSDAQ,분기x연결,지표,CV-6,PASS,default metric selection visible,,2026-07-07T21:09:07
네오위즈홀딩스,00266952,042420,KOSDAQ,분기x별도,재무제표,DS-1,PASS,,,2026-07-07T21:09:14
네오위즈홀딩스,00266952,042420,KOSDAQ,분기x별도,상단,DS-8,PASS,,,2026-07-07T21:09:14
네오위즈홀딩스,00266952,042420,KOSDAQ,분기x별도,상단,DS-7,PASS,"badges seen: ['✅', '🔎', '⚠']",,2026-07-07T21:09:14
네오위즈홀딩스,00266952,042420,KOSDAQ,분기x별도,재무제표,CV-3,PASS,rows=29 cols=76 slider_extended=True,,2026-07-07T21:09:14
네오위즈홀딩스,00266952,042420,KOSDAQ,분기x별도,재무제표,DS-2/DS-3,DONE,"cross-check completed for ['매출액', '영업이익']",,2026-07-07T21:09:14
네오위즈홀딩스,00266952,042420,KOSDAQ,분기x별도,지표,CV-6,PASS,default metric selection visible,,2026-07-07T21:09:14
네오이뮨텍,01511558,950220,KOSDAQ,연간x연결,재무제표,DS-1,PASS,,,2026-07-07T21:09:28
네오이뮨텍,01511558,950220,KOSDAQ,연간x연결,상단,DS-8,PASS,,,2026-07-07T21:09:28
네오이뮨텍,01511558,950220,KOSDAQ,연간x연결,상단,DS-7,PASS,"badges seen: ['✅', '🔎', '⚠']",,2026-07-07T21:09:28
네오이뮨텍,01511558,950220,KOSDAQ,연간x연결,재무제표,CV-3,PASS,rows=29 cols=10 slider_extended=True,,2026-07-07T21:09:28
네오이뮨텍,01511558,950220,KOSDAQ,연간x연결,재무제표,DS-2/DS-3,DONE,"cross-check completed for ['매출액', '영업이익']",,2026-07-07T21:09:28
네오이뮨텍,01511558,950220,KOSDAQ,연간x연결,지표,CV-6,PASS,default metric selection visible,,2026-07-07T21:09:28
네오이뮨텍,01511558,950220,KOSDAQ,연간x별도,재무제표,DS-1,PASS,,,2026-07-07T21:09:33
네오이뮨텍,01511558,950220,KOSDAQ,연간x별도,상단,DS-8,PASS,,,2026-07-07T21:09:33
네오이뮨텍,01511558,950220,KOSDAQ,연간x별도,상단,DS-7,PASS,"badges seen: ['✅', '🔎', '⚠']",,2026-07-07T21:09:33
네오이뮨텍,01511558,950220,KOSDAQ,연간x별도,재무제표,CV-3,PASS,rows=29 cols=10 slider_extended=True,,2026-07-07T21:09:33
네오이뮨텍,01511558,950220,KOSDAQ,연간x별도,재무제표,DS-2/DS-3,DONE,"cross-check completed for ['매출액', '영업이익']",,2026-07-07T21:09:33
네오이뮨텍,01511558,950220,KOSDAQ,연간x별도,지표,CV-6,PASS,default metric selection visible,,2026-07-07T21:09:33
네오이뮨텍,01511558,950220,KOSDAQ,분기x연결,재무제표,DS-1,PASS,,,2026-07-07T21:09:40
네오이뮨텍,01511558,950220,KOSDAQ,분기x연결,상단,DS-8,PASS,,,2026-07-07T21:09:40
네오이뮨텍,01511558,950220,KOSDAQ,분기x연결,상단,DS-7,PASS,"badges seen: ['✅', '🔎', '⚠']",,2026-07-07T21:09:40
네오이뮨텍,01511558,950220,KOSDAQ,분기x연결,재무제표,CV-3,PASS,rows=29 cols=27 slider_extended=True,,2026-07-07T21:09:40
네오이뮨텍,01511558,950220,KOSDAQ,분기x연결,재무제표,DS-2/DS-3,DONE,"cross-check completed for ['매출액', '영업이익']",,2026-07-07T21:09:40
네오이뮨텍,01511558,950220,KOSDAQ,분기x연결,지표,CV-6,PASS,default metric selection visible,,2026-07-07T21:09:40
네오이뮨텍,01511558,950220,KOSDAQ,분기x별도,재무제표,DS-1,PASS,,,2026-07-07T21:09:47
네오이뮨텍,01511558,950220,KOSDAQ,분기x별도,상단,DS-8,PASS,,,2026-07-07T21:09:47
네오이뮨텍,01511558,950220,KOSDAQ,분기x별도,상단,DS-7,PASS,"badges seen: ['✅', '🔎', '⚠']",,2026-07-07T21:09:47
네오이뮨텍,01511558,950220,KOSDAQ,분기x별도,재무제표,CV-3,PASS,rows=29 cols=27 slider_extended=True,,2026-07-07T21:09:47
네오이뮨텍,01511558,950220,KOSDAQ,분기x별도,재무제표,DS-2/DS-3,DONE,"cross-check completed for ['매출액', '영업이익']",,2026-07-07T21:09:47
네오이뮨텍,01511558,950220,KOSDAQ,분기x별도,지표,CV-6,PASS,default metric selection visible,,2026-07-07T21:09:47
네오크레마,01219155,311390,KOSDAQ,연간x연결,재무제표,DS-1,PASS,,,2026-07-07T21:10:00
네오크레마,01219155,311390,KOSDAQ,연간x연결,상단,DS-8,PASS,,,2026-07-07T21:10:00
네오크레마,01219155,311390,KOSDAQ,연간x연결,상단,DS-7,PASS,"badges seen: ['✅', '🔎', '⚠']",,2026-07-07T21:10:00
네오크레마,01219155,311390,KOSDAQ,연간x연결,재무제표,CV-3,PASS,rows=29 cols=11 slider_extended=True,,2026-07-07T21:10:00
네오크레마,01219155,311390,KOSDAQ,연간x연결,재무제표,DS-2/DS-3,DONE,"cross-check completed for ['매출액', '영업이익']",,2026-07-07T21:10:00
네오크레마,01219155,311390,KOSDAQ,연간x연결,지표,CV-6,PASS,default metric selection visible,,2026-07-07T21:10:00
네오크레마,01219155,311390,KOSDAQ,연간x별도,재무제표,DS-1,PASS,,,2026-07-07T21:10:05
네오크레마,01219155,311390,KOSDAQ,연간x별도,상단,DS-8,PASS,,,2026-07-07T21:10:05
네오크레마,01219155,311390,KOSDAQ,연간x별도,상단,DS-7,PASS,"badges seen: ['✅', '🔎', '⚠']",,2026-07-07T21:10:05
네오크레마,01219155,311390,KOSDAQ,연간x별도,재무제표,CV-3,PASS,rows=29 cols=11 slider_extended=True,,2026-07-07T21:10:05
네오크레마,01219155,311390,KOSDAQ,연간x별도,재무제표,DS-2/DS-3,DONE,"cross-check completed for ['매출액', '영업이익']",,2026-07-07T21:10:05
네오크레마,01219155,311390,KOSDAQ,연간x별도,지표,CV-6,PASS,default metric selection visible,,2026-07-07T21:10:05
네오크레마,01219155,311390,KOSDAQ,분기x연결,재무제표,DS-1,PASS,,,2026-07-07T21:10:11
네오크레마,01219155,311390,KOSDAQ,분기x연결,상단,DS-8,PASS,,,2026-07-07T21:10:11
네오크레마,01219155,311390,KOSDAQ,분기x연결,상단,DS-7,PASS,"badges seen: ['✅', '🔎', '⚠']",,2026-07-07T21:10:11
네오크레마,01219155,311390,KOSDAQ,분기x연결,재무제표,CV-3,PASS,rows=29 cols=33 slider_extended=True,,2026-07-07T21:10:11
네오크레마,01219155,311390,KOSDAQ,분기x연결,재무제표,DS-2/DS-3,DONE,"cross-check completed for ['매출액', '영업이익']",,2026-07-07T21:10:11
네오크레마,01219155,311390,KOSDAQ,분기x연결,지표,CV-6,PASS,default metric selection visible,,2026-07-07T21:10:11
네오크레마,01219155,311390,KOSDAQ,분기x별도,재무제표,DS-1,PASS,,,2026-07-07T21:10:19
네오크레마,01219155,311390,KOSDAQ,분기x별도,상단,DS-8,PASS,,,2026-07-07T21:10:19
네오크레마,01219155,311390,KOSDAQ,분기x별도,상단,DS-7,PASS,"badges seen: ['✅', '🔎']",,2026-07-07T21:10:19
네오크레마,01219155,311390,KOSDAQ,분기x별도,재무제표,CV-3,PASS,rows=29 cols=33 slider_extended=True,,2026-07-07T21:10:19
네오크레마,01219155,311390,KOSDAQ,분기x별도,재무제표,DS-2/DS-3,DONE,"cross-check completed for ['매출액', '영업이익']",,2026-07-07T21:10:19
네오크레마,01219155,311390,KOSDAQ,분기x별도,지표,CV-6,PASS,default metric selection visible,,2026-07-07T21:10:19
네오티스,00447928,085910,KOSDAQ,연간x연결,재무제표,DS-1,PASS,,,2026-07-07T21:10:32
네오티스,00447928,085910,KOSDAQ,연간x연결,상단,DS-8,PASS,,,2026-07-07T21:10:32
네오티스,00447928,085910,KOSDAQ,연간x연결,상단,DS-7,PASS,"badges seen: ['✅', '🔎', '⚠']",,2026-07-07T21:10:32
네오티스,00447928,085910,KOSDAQ,연간x연결,재무제표,CV-3,PASS,rows=29 cols=17 slider_extended=True,,2026-07-07T21:10:32
네오티스,00447928,085910,KOSDAQ,연간x연결,재무제표,DS-2/DS-3,DONE,"cross-check completed for ['매출액', '영업이익']",,2026-07-07T21:10:32
네오티스,00447928,085910,KOSDAQ,연간x연결,지표,CV-6,PASS,default metric selection visible,,2026-07-07T21:10:32
네오티스,00447928,085910,KOSDAQ,연간x별도,재무제표,DS-1,PASS,,,2026-07-07T21:10:37
네오티스,00447928,085910,KOSDAQ,연간x별도,상단,DS-8,PASS,,,2026-07-07T21:10:37
네오티스,00447928,085910,KOSDAQ,연간x별도,상단,DS-7,PASS,"badges seen: ['✅', '🔎', '⚠']",,2026-07-07T21:10:37
네오티스,00447928,085910,KOSDAQ,연간x별도,재무제표,CV-3,PASS,rows=29 cols=23 slider_extended=True,,2026-07-07T21:10:37
네오티스,00447928,085910,KOSDAQ,연간x별도,재무제표,DS-2/DS-3,DONE,"cross-check completed for ['매출액', '영업이익']",,2026-07-07T21:10:37
네오티스,00447928,085910,KOSDAQ,연간x별도,지표,CV-6,PASS,default metric selection visible,,2026-07-07T21:10:37
네오티스,00447928,085910,KOSDAQ,분기x연결,재무제표,DS-1,PASS,,,2026-07-07T21:10:43
네오티스,00447928,085910,KOSDAQ,분기x연결,상단,DS-8,PASS,,,2026-07-07T21:10:43
네오티스,00447928,085910,KOSDAQ,분기x연결,상단,DS-7,PASS,"badges seen: ['✅', '🔎']",,2026-07-07T21:10:43
네오티스,00447928,085910,KOSDAQ,분기x연결,재무제표,CV-3,PASS,rows=29 cols=60 slider_extended=True,,2026-07-07T21:10:43
네오티스,00447928,085910,KOSDAQ,분기x연결,재무제표,DS-2/DS-3,DONE,"cross-check completed for ['매출액', '영업이익']",,2026-07-07T21:10:43
네오티스,00447928,085910,KOSDAQ,분기x연결,지표,CV-6,PASS,default metric selection visible,,2026-07-07T21:10:43
네오티스,00447928,085910,KOSDAQ,분기x별도,재무제표,DS-1,PASS,,,2026-07-07T21:10:51
네오티스,00447928,085910,KOSDAQ,분기x별도,상단,DS-8,PASS,,,2026-07-07T21:10:51
네오티스,00447928,085910,KOSDAQ,분기x별도,상단,DS-7,PASS,"badges seen: ['✅', '🔎', '⚠']",,2026-07-07T21:10:51
네오티스,00447928,085910,KOSDAQ,분기x별도,재무제표,CV-3,PASS,rows=29 cols=74 slider_extended=True,,2026-07-07T21:10:51
네오티스,00447928,085910,KOSDAQ,분기x별도,재무제표,DS-2/DS-3,DONE,"cross-check completed for ['매출액', '영업이익']",,2026-07-07T21:10:51
네오티스,00447928,085910,KOSDAQ,분기x별도,지표,CV-6,PASS,default metric selection visible,,2026-07-07T21:10:51
네오팜,00551920,092730,KOSDAQ,연간x연결,재무제표,DS-1,PASS,,,2026-07-07T21:11:04
네오팜,00551920,092730,KOSDAQ,연간x연결,상단,DS-8,PASS,,,2026-07-07T21:11:04
네오팜,00551920,092730,KOSDAQ,연간x연결,상단,DS-7,PASS,"badges seen: ['✅', '🔎']",,2026-07-07T21:11:04
네오팜,00551920,092730,KOSDAQ,연간x연결,재무제표,CV-3,PASS,rows=29 cols=14 slider_extended=True,,2026-07-07T21:11:04
네오팜,00551920,092730,KOSDAQ,연간x연결,재무제표,DS-2/DS-3,DONE,"cross-check completed for ['매출액', '영업이익']",,2026-07-07T21:11:04
네오팜,00551920,092730,KOSDAQ,연간x연결,지표,CV-6,PASS,default metric selection visible,,2026-07-07T21:11:04
네오팜,00551920,092730,KOSDAQ,연간x별도,재무제표,DS-1,PASS,,,2026-07-07T21:11:09
네오팜,00551920,092730,KOSDAQ,연간x별도,상단,DS-8,PASS,,,2026-07-07T21:11:09
네오팜,00551920,092730,KOSDAQ,연간x별도,상단,DS-7,PASS,"badges seen: ['✅', '🔎']",,2026-07-07T21:11:09
네오팜,00551920,092730,KOSDAQ,연간x별도,재무제표,CV-3,PASS,rows=29 cols=22 slider_extended=True,,2026-07-07T21:11:09
네오팜,00551920,092730,KOSDAQ,연간x별도,재무제표,DS-2/DS-3,DONE,"cross-check completed for ['매출액', '영업이익']",,2026-07-07T21:11:09
네오팜,00551920,092730,KOSDAQ,연간x별도,지표,CV-6,PASS,default metric selection visible,,2026-07-07T21:11:09
네오팜,00551920,092730,KOSDAQ,분기x연결,재무제표,DS-1,PASS,,,2026-07-07T21:11:15
네오팜,00551920,092730,KOSDAQ,분기x연결,상단,DS-8,PASS,,,2026-07-07T21:11:15
네오팜,00551920,092730,KOSDAQ,분기x연결,상단,DS-7,PASS,"badges seen: ['✅', '🔎']",,2026-07-07T21:11:15
네오팜,00551920,092730,KOSDAQ,분기x연결,재무제표,CV-3,PASS,rows=29 cols=48 slider_extended=True,,2026-07-07T21:11:15
네오팜,00551920,092730,KOSDAQ,분기x연결,재무제표,DS-2/DS-3,DONE,"cross-check completed for ['매출액', '영업이익']",,2026-07-07T21:11:15
네오팜,00551920,092730,KOSDAQ,분기x연결,지표,CV-6,PASS,default metric selection visible,,2026-07-07T21:11:15
네오팜,00551920,092730,KOSDAQ,분기x별도,재무제표,DS-1,PASS,,,2026-07-07T21:11:23
네오팜,00551920,092730,KOSDAQ,분기x별도,상단,DS-8,PASS,,,2026-07-07T21:11:23
네오팜,00551920,092730,KOSDAQ,분기x별도,상단,DS-7,PASS,"badges seen: ['✅', '🔎']",,2026-07-07T21:11:23
네오팜,00551920,092730,KOSDAQ,분기x별도,재무제표,CV-3,PASS,rows=29 cols=73 slider_extended=True,,2026-07-07T21:11:23
네오팜,00551920,092730,KOSDAQ,분기x별도,재무제표,DS-2/DS-3,DONE,"cross-check completed for ['매출액', '영업이익']",,2026-07-07T21:11:23
네오팜,00551920,092730,KOSDAQ,분기x별도,지표,CV-6,PASS,default metric selection visible,,2026-07-07T21:11:23
네이블,00842585,153460,KOSDAQ,연간x연결,재무제표,DS-1,PASS,,,2026-07-07T21:11:36
네이블,00842585,153460,KOSDAQ,연간x연결,상단,DS-8,PASS,,,2026-07-07T21:11:36
네이블,00842585,153460,KOSDAQ,연간x연결,상단,DS-7,PASS,"badges seen: ['✅', '🔎']",,2026-07-07T21:11:36
네이블,00842585,153460,KOSDAQ,연간x연결,재무제표,CV-3,PASS,rows=29 cols=5 slider_extended=True,,2026-07-07T21:11:36
네이블,00842585,153460,KOSDAQ,연간x연결,재무제표,DS-2/DS-3,DONE,"cross-check completed for ['매출액', '영업이익']",,2026-07-07T21:11:36
네이블,00842585,153460,KOSDAQ,연간x연결,지표,CV-6,PASS,default metric selection visible,,2026-07-07T21:11:36
네이블,00842585,153460,KOSDAQ,연간x별도,재무제표,DS-1,PASS,,,2026-07-07T21:11:41
네이블,00842585,153460,KOSDAQ,연간x별도,상단,DS-8,PASS,,,2026-07-07T21:11:41
네이블,00842585,153460,KOSDAQ,연간x별도,상단,DS-7,PASS,"badges seen: ['✅', '🔎', '⚠']",,2026-07-07T21:11:41
네이블,00842585,153460,KOSDAQ,연간x별도,재무제표,CV-3,PASS,rows=29 cols=18 slider_extended=True,,2026-07-07T21:11:41
네이블,00842585,153460,KOSDAQ,연간x별도,재무제표,DS-2/DS-3,DONE,"cross-check completed for ['매출액', '영업이익']",,2026-07-07T21:11:41
네이블,00842585,153460,KOSDAQ,연간x별도,지표,CV-6,PASS,default metric selection visible,,2026-07-07T21:11:41
네이블,00842585,153460,KOSDAQ,분기x연결,재무제표,DS-1,PASS,,,2026-07-07T21:11:47
네이블,00842585,153460,KOSDAQ,분기x연결,상단,DS-8,PASS,,,2026-07-07T21:11:47
네이블,00842585,153460,KOSDAQ,분기x연결,상단,DS-7,PASS,"badges seen: ['✅', '🔎']",,2026-07-07T21:11:47
네이블,00842585,153460,KOSDAQ,분기x연결,재무제표,CV-3,PASS,rows=29 cols=14 slider_extended=True,,2026-07-07T21:11:47
네이블,00842585,153460,KOSDAQ,분기x연결,재무제표,DS-2/DS-3,DONE,"cross-check completed for ['매출액', '영업이익']",,2026-07-07T21:11:47
네이블,00842585,153460,KOSDAQ,분기x연결,지표,CV-6,PASS,default metric selection visible,,2026-07-07T21:11:47
네이블,00842585,153460,KOSDAQ,분기x별도,재무제표,DS-1,PASS,,,2026-07-07T21:11:54
네이블,00842585,153460,KOSDAQ,분기x별도,상단,DS-8,PASS,,,2026-07-07T21:11:54
네이블,00842585,153460,KOSDAQ,분기x별도,상단,DS-7,PASS,"badges seen: ['✅', '🔎']",,2026-07-07T21:11:54
네이블,00842585,153460,KOSDAQ,분기x별도,재무제표,CV-3,PASS,rows=29 cols=60 slider_extended=True,,2026-07-07T21:11:54
네이블,00842585,153460,KOSDAQ,분기x별도,재무제표,DS-2/DS-3,DONE,"cross-check completed for ['매출액', '영업이익']",,2026-07-07T21:11:54
네이블,00842585,153460,KOSDAQ,분기x별도,지표,CV-6,PASS,default metric selection visible,,2026-07-07T21:11:54
네이처셀,00117276,007390,KOSDAQ,연간x연결,재무제표,DS-1,PASS,,,2026-07-07T21:12:08
네이처셀,00117276,007390,KOSDAQ,연간x연결,상단,DS-8,PASS,,,2026-07-07T21:12:08
네이처셀,00117276,007390,KOSDAQ,연간x연결,상단,DS-7,PASS,"badges seen: ['✅', '🔎']",,2026-07-07T21:12:08
네이처셀,00117276,007390,KOSDAQ,연간x연결,재무제표,CV-3,PASS,rows=29 cols=8 slider_extended=True,,2026-07-07T21:12:08
네이처셀,00117276,007390,KOSDAQ,연간x연결,재무제표,DS-2/DS-3,DONE,"cross-check completed for ['매출액', '영업이익']",,2026-07-07T21:12:08
네이처셀,00117276,007390,KOSDAQ,연간x연결,지표,CV-6,PASS,default metric selection visible,,2026-07-07T21:12:08
네이처셀,00117276,007390,KOSDAQ,연간x별도,재무제표,DS-1,PASS,,,2026-07-07T21:12:13
네이처셀,00117276,007390,KOSDAQ,연간x별도,상단,DS-8,PASS,,,2026-07-07T21:12:13
네이처셀,00117276,007390,KOSDAQ,연간x별도,상단,DS-7,PASS,"badges seen: ['✅', '🔎', '⚠']",,2026-07-07T21:12:13
네이처셀,00117276,007390,KOSDAQ,연간x별도,재무제표,CV-3,PASS,rows=29 cols=27 slider_extended=True,,2026-07-07T21:12:13
네이처셀,00117276,007390,KOSDAQ,연간x별도,재무제표,DS-2/DS-3,DONE,"cross-check completed for ['매출액', '영업이익']",,2026-07-07T21:12:13
네이처셀,00117276,007390,KOSDAQ,연간x별도,지표,CV-6,PASS,default metric selection visible,,2026-07-07T21:12:13
네이처셀,00117276,007390,KOSDAQ,분기x연결,재무제표,DS-1,PASS,,,2026-07-07T21:12:19
네이처셀,00117276,007390,KOSDAQ,분기x연결,상단,DS-8,PASS,,,2026-07-07T21:12:19
네이처셀,00117276,007390,KOSDAQ,분기x연결,상단,DS-7,PASS,"badges seen: ['✅', '🔎']",,2026-07-07T21:12:19
네이처셀,00117276,007390,KOSDAQ,분기x연결,재무제표,CV-3,PASS,rows=29 cols=20 slider_extended=True,,2026-07-07T21:12:19
네이처셀,00117276,007390,KOSDAQ,분기x연결,재무제표,DS-2/DS-3,DONE,"cross-check completed for ['매출액', '영업이익']",,2026-07-07T21:12:19
네이처셀,00117276,007390,KOSDAQ,분기x연결,지표,CV-6,PASS,default metric selection visible,,2026-07-07T21:12:19
네이처셀,00117276,007390,KOSDAQ,분기x별도,재무제표,DS-1,PASS,,,2026-07-07T21:12:26
네이처셀,00117276,007390,KOSDAQ,분기x별도,상단,DS-8,PASS,,,2026-07-07T21:12:26
네이처셀,00117276,007390,KOSDAQ,분기x별도,상단,DS-7,PASS,"badges seen: ['✅', '🔎']",,2026-07-07T21:12:26
네이처셀,00117276,007390,KOSDAQ,분기x별도,재무제표,CV-3,PASS,rows=29 cols=87 slider_extended=True,,2026-07-07T21:12:26
네이처셀,00117276,007390,KOSDAQ,분기x별도,재무제표,DS-2/DS-3,DONE,"cross-check completed for ['매출액', '영업이익']",,2026-07-07T21:12:26
네이처셀,00117276,007390,KOSDAQ,분기x별도,지표,CV-6,PASS,default metric selection visible,,2026-07-07T21:12:26
네패스,00227333,033640,KOSDAQ,연간x연결,재무제표,DS-1,PASS,,,2026-07-07T21:12:40
네패스,00227333,033640,KOSDAQ,연간x연결,상단,DS-8,PASS,,,2026-07-07T21:12:40
네패스,00227333,033640,KOSDAQ,연간x연결,상단,DS-7,PASS,"badges seen: ['✅', '🔎', '⚠']",,2026-07-07T21:12:40
네패스,00227333,033640,KOSDAQ,연간x연결,재무제표,CV-3,PASS,rows=29 cols=19 slider_extended=True,,2026-07-07T21:12:40
네패스,00227333,033640,KOSDAQ,연간x연결,재무제표,DS-2/DS-3,DONE,"cross-check completed for ['매출액', '영업이익']",,2026-07-07T21:12:40
네패스,00227333,033640,KOSDAQ,연간x연결,지표,CV-6,PASS,default metric selection visible,,2026-07-07T21:12:40
네패스,00227333,033640,KOSDAQ,연간x별도,재무제표,DS-1,PASS,,,2026-07-07T21:12:45
네패스,00227333,033640,KOSDAQ,연간x별도,상단,DS-8,PASS,,,2026-07-07T21:12:45
네패스,00227333,033640,KOSDAQ,연간x별도,상단,DS-7,PASS,"badges seen: ['✅', '🔎']",,2026-07-07T21:12:45
네패스,00227333,033640,KOSDAQ,연간x별도,재무제표,CV-3,PASS,rows=29 cols=26 slider_extended=True,,2026-07-07T21:12:45
네패스,00227333,033640,KOSDAQ,연간x별도,재무제표,DS-2/DS-3,DONE,"cross-check completed for ['매출액', '영업이익']",,2026-07-07T21:12:45
네패스,00227333,033640,KOSDAQ,연간x별도,지표,CV-6,PASS,default metric selection visible,,2026-07-07T21:12:45
네패스,00227333,033640,KOSDAQ,분기x연결,재무제표,DS-1,PASS,,,2026-07-07T21:12:51
네패스,00227333,033640,KOSDAQ,분기x연결,상단,DS-8,PASS,,,2026-07-07T21:12:51
네패스,00227333,033640,KOSDAQ,분기x연결,상단,DS-7,PASS,"badges seen: ['✅', '🔎']",,2026-07-07T21:12:51
네패스,00227333,033640,KOSDAQ,분기x연결,재무제표,CV-3,PASS,rows=29 cols=64 slider_extended=True,,2026-07-07T21:12:51
네패스,00227333,033640,KOSDAQ,분기x연결,재무제표,DS-2/DS-3,DONE,"cross-check completed for ['매출액', '영업이익']",,2026-07-07T21:12:51
네패스,00227333,033640,KOSDAQ,분기x연결,지표,CV-6,PASS,default metric selection visible,,2026-07-07T21:12:51
네패스,00227333,033640,KOSDAQ,분기x별도,재무제표,DS-1,PASS,,,2026-07-07T21:12:58
네패스,00227333,033640,KOSDAQ,분기x별도,상단,DS-8,PASS,,,2026-07-07T21:12:58
네패스,00227333,033640,KOSDAQ,분기x별도,상단,DS-7,PASS,"badges seen: ['✅', '🔎']",,2026-07-07T21:12:58
네패스,00227333,033640,KOSDAQ,분기x별도,재무제표,CV-3,PASS,rows=29 cols=85 slider_extended=True,,2026-07-07T21:12:58
네패스,00227333,033640,KOSDAQ,분기x별도,재무제표,DS-2/DS-3,DONE,"cross-check completed for ['매출액', '영업이익']",,2026-07-07T21:12:58
네패스,00227333,033640,KOSDAQ,분기x별도,지표,CV-6,PASS,default metric selection visible,,2026-07-07T21:12:58
네패스아크,01368354,330860,KOSDAQ,연간x연결,재무제표,DS-1,PASS,,,2026-07-07T21:13:12
네패스아크,01368354,330860,KOSDAQ,연간x연결,상단,DS-8,PASS,,,2026-07-07T21:13:12
네패스아크,01368354,330860,KOSDAQ,연간x연결,상단,DS-4,PASS,substitution caption present,,2026-07-07T21:13:12
네패스아크,01368354,330860,KOSDAQ,연간x연결,상단,DS-7,PASS,"badges seen: ['✅', '🔎']",,2026-07-07T21:13:12
네패스아크,01368354,330860,KOSDAQ,연간x연결,재무제표,CV-3,PASS,rows=29 cols=9 slider_extended=True,,2026-07-07T21:13:12
네패스아크,01368354,330860,KOSDAQ,연간x연결,재무제표,DS-2/DS-3,DONE,"cross-check completed for ['매출액', '영업이익']",,2026-07-07T21:13:12
네패스아크,01368354,330860,KOSDAQ,연간x연결,지표,CV-6,PASS,default metric selection visible,,2026-07-07T21:13:12
네패스아크,01368354,330860,KOSDAQ,연간x별도,재무제표,DS-1,PASS,,,2026-07-07T21:13:17
네패스아크,01368354,330860,KOSDAQ,연간x별도,상단,DS-8,PASS,,,2026-07-07T21:13:17
네패스아크,01368354,330860,KOSDAQ,연간x별도,상단,DS-7,PASS,"badges seen: ['✅', '🔎']",,2026-07-07T21:13:17
네패스아크,01368354,330860,KOSDAQ,연간x별도,재무제표,CV-3,PASS,rows=29 cols=9 slider_extended=True,,2026-07-07T21:13:17
네패스아크,01368354,330860,KOSDAQ,연간x별도,재무제표,DS-2/DS-3,DONE,"cross-check completed for ['매출액', '영업이익']",,2026-07-07T21:13:17
네패스아크,01368354,330860,KOSDAQ,연간x별도,지표,CV-6,PASS,default metric selection visible,,2026-07-07T21:13:17
네패스아크,01368354,330860,KOSDAQ,분기x연결,재무제표,DS-1,PASS,,,2026-07-07T21:13:23
네패스아크,01368354,330860,KOSDAQ,분기x연결,상단,DS-8,PASS,,,2026-07-07T21:13:23
네패스아크,01368354,330860,KOSDAQ,분기x연결,상단,DS-4,PASS,substitution caption present,,2026-07-07T21:13:23
네패스아크,01368354,330860,KOSDAQ,분기x연결,상단,DS-7,PASS,"badges seen: ['✅', '🔎']",,2026-07-07T21:13:23
네패스아크,01368354,330860,KOSDAQ,분기x연결,재무제표,CV-3,PASS,rows=29 cols=28 slider_extended=True,,2026-07-07T21:13:23
네패스아크,01368354,330860,KOSDAQ,분기x연결,재무제표,DS-2/DS-3,DONE,"cross-check completed for ['매출액', '영업이익']",,2026-07-07T21:13:23
네패스아크,01368354,330860,KOSDAQ,분기x연결,지표,CV-6,PASS,default metric selection visible,,2026-07-07T21:13:23
네패스아크,01368354,330860,KOSDAQ,분기x별도,재무제표,DS-1,PASS,,,2026-07-07T21:13:30
네패스아크,01368354,330860,KOSDAQ,분기x별도,상단,DS-8,PASS,,,2026-07-07T21:13:30
네패스아크,01368354,330860,KOSDAQ,분기x별도,상단,DS-7,PASS,"badges seen: ['✅', '🔎']",,2026-07-07T21:13:30
네패스아크,01368354,330860,KOSDAQ,분기x별도,재무제표,CV-3,PASS,rows=29 cols=28 slider_extended=True,,2026-07-07T21:13:30
네패스아크,01368354,330860,KOSDAQ,분기x별도,재무제표,DS-2/DS-3,DONE,"cross-check completed for ['매출액', '영업이익']",,2026-07-07T21:13:30
네패스아크,01368354,330860,KOSDAQ,분기x별도,지표,CV-6,PASS,default metric selection visible,,2026-07-07T21:13:30
넥사다이내믹스,01440153,351320,KOSDAQ,연간x연결,재무제표,DS-1,PASS,,,2026-07-07T21:13:43
넥사다이내믹스,01440153,351320,KOSDAQ,연간x연결,상단,DS-8,PASS,,,2026-07-07T21:13:43
넥사다이내믹스,01440153,351320,KOSDAQ,연간x연결,상단,DS-7,PASS,"badges seen: ['✅', '🔎']",,2026-07-07T21:13:43
넥사다이내믹스,01440153,351320,KOSDAQ,연간x연결,재무제표,CV-3,PASS,rows=29 cols=8 slider_extended=True,,2026-07-07T21:13:43
넥사다이내믹스,01440153,351320,KOSDAQ,연간x연결,재무제표,DS-2/DS-3,DONE,"cross-check completed for ['매출액', '영업이익']",,2026-07-07T21:13:43
넥사다이내믹스,01440153,351320,KOSDAQ,연간x연결,지표,CV-6,PASS,default metric selection visible,,2026-07-07T21:13:43
넥사다이내믹스,01440153,351320,KOSDAQ,연간x별도,재무제표,DS-1,PASS,,,2026-07-07T21:13:49
넥사다이내믹스,01440153,351320,KOSDAQ,연간x별도,상단,DS-8,PASS,,,2026-07-07T21:13:49
넥사다이내믹스,01440153,351320,KOSDAQ,연간x별도,상단,DS-7,PASS,"badges seen: ['✅', '🔎']",,2026-07-07T21:13:49
넥사다이내믹스,01440153,351320,KOSDAQ,연간x별도,재무제표,CV-3,PASS,rows=29 cols=9 slider_extended=True,,2026-07-07T21:13:49
넥사다이내믹스,01440153,351320,KOSDAQ,연간x별도,재무제표,DS-2/DS-3,DONE,"cross-check completed for ['매출액', '영업이익']",,2026-07-07T21:13:49
넥사다이내믹스,01440153,351320,KOSDAQ,연간x별도,지표,CV-6,PASS,default metric selection visible,,2026-07-07T21:13:49
넥사다이내믹스,01440153,351320,KOSDAQ,분기x연결,재무제표,DS-1,PASS,,,2026-07-07T21:13:55
넥사다이내믹스,01440153,351320,KOSDAQ,분기x연결,상단,DS-8,PASS,,,2026-07-07T21:13:55
넥사다이내믹스,01440153,351320,KOSDAQ,분기x연결,상단,DS-7,PASS,"badges seen: ['✅', '🔎']",,2026-07-07T21:13:55
넥사다이내믹스,01440153,351320,KOSDAQ,분기x연결,재무제표,CV-3,PASS,rows=29 cols=24 slider_extended=True,,2026-07-07T21:13:55
넥사다이내믹스,01440153,351320,KOSDAQ,분기x연결,재무제표,DS-2/DS-3,DONE,"cross-check completed for ['매출액', '영업이익']",,2026-07-07T21:13:55
넥사다이내믹스,01440153,351320,KOSDAQ,분기x연결,지표,CV-6,PASS,default metric selection visible,,2026-07-07T21:13:55
넥사다이내믹스,01440153,351320,KOSDAQ,분기x별도,재무제표,DS-1,PASS,,,2026-07-07T21:14:02
넥사다이내믹스,01440153,351320,KOSDAQ,분기x별도,상단,DS-8,PASS,,,2026-07-07T21:14:02
넥사다이내믹스,01440153,351320,KOSDAQ,분기x별도,상단,DS-7,PASS,"badges seen: ['✅', '🔎']",,2026-07-07T21:14:02
넥사다이내믹스,01440153,351320,KOSDAQ,분기x별도,재무제표,CV-3,PASS,rows=29 cols=26 slider_extended=True,,2026-07-07T21:14:02
넥사다이내믹스,01440153,351320,KOSDAQ,분기x별도,재무제표,DS-2/DS-3,DONE,"cross-check completed for ['매출액', '영업이익']",,2026-07-07T21:14:02
넥사다이내믹스,01440153,351320,KOSDAQ,분기x별도,지표,CV-6,PASS,default metric selection visible,,2026-07-07T21:14:02
넥스턴앤롤코리아,00416414,089140,KOSDAQ,연간x연결,재무제표,DS-1,PASS,,,2026-07-07T21:14:15
넥스턴앤롤코리아,00416414,089140,KOSDAQ,연간x연결,상단,DS-8,PASS,,,2026-07-07T21:14:15
넥스턴앤롤코리아,00416414,089140,KOSDAQ,연간x연결,상단,DS-7,PASS,"badges seen: ['✅', '🔎']",,2026-07-07T21:14:15
넥스턴앤롤코리아,00416414,089140,KOSDAQ,연간x연결,재무제표,CV-3,PASS,rows=29 cols=9 slider_extended=True,,2026-07-07T21:14:15
넥스턴앤롤코리아,00416414,089140,KOSDAQ,연간x연결,재무제표,DS-2/DS-3,DONE,"cross-check completed for ['매출액', '영업이익']",,2026-07-07T21:14:15
넥스턴앤롤코리아,00416414,089140,KOSDAQ,연간x연결,지표,CV-6,PASS,default metric selection visible,,2026-07-07T21:14:15
넥스턴앤롤코리아,00416414,089140,KOSDAQ,연간x별도,재무제표,DS-1,PASS,,,2026-07-07T21:14:21
넥스턴앤롤코리아,00416414,089140,KOSDAQ,연간x별도,상단,DS-8,PASS,,,2026-07-07T21:14:21
넥스턴앤롤코리아,00416414,089140,KOSDAQ,연간x별도,상단,DS-7,PASS,"badges seen: ['✅', '🔎']",,2026-07-07T21:14:21
넥스턴앤롤코리아,00416414,089140,KOSDAQ,연간x별도,재무제표,CV-3,PASS,rows=29 cols=22 slider_extended=True,,2026-07-07T21:14:21
넥스턴앤롤코리아,00416414,089140,KOSDAQ,연간x별도,재무제표,DS-2/DS-3,DONE,"cross-check completed for ['매출액', '영업이익']",,2026-07-07T21:14:21
넥스턴앤롤코리아,00416414,089140,KOSDAQ,연간x별도,지표,CV-6,PASS,default metric selection visible,,2026-07-07T21:14:21
넥스턴앤롤코리아,00416414,089140,KOSDAQ,분기x연결,재무제표,DS-1,PASS,,,2026-07-07T21:14:27
넥스턴앤롤코리아,00416414,089140,KOSDAQ,분기x연결,상단,DS-8,PASS,,,2026-07-07T21:14:27
넥스턴앤롤코리아,00416414,089140,KOSDAQ,분기x연결,상단,DS-7,PASS,"badges seen: ['✅', '🔎', '⚠']",,2026-07-07T21:14:27
넥스턴앤롤코리아,00416414,089140,KOSDAQ,분기x연결,재무제표,CV-3,PASS,rows=29 cols=27 slider_extended=True,,2026-07-07T21:14:27
넥스턴앤롤코리아,00416414,089140,KOSDAQ,분기x연결,재무제표,DS-2/DS-3,DONE,"cross-check completed for ['매출액', '영업이익']",,2026-07-07T21:14:27
넥스턴앤롤코리아,00416414,089140,KOSDAQ,분기x연결,지표,CV-6,PASS,default metric selection visible,,2026-07-07T21:14:27
넥스턴앤롤코리아,00416414,089140,KOSDAQ,분기x별도,재무제표,DS-1,PASS,,,2026-07-07T21:14:34
넥스턴앤롤코리아,00416414,089140,KOSDAQ,분기x별도,상단,DS-8,PASS,,,2026-07-07T21:14:34
넥스턴앤롤코리아,00416414,089140,KOSDAQ,분기x별도,상단,DS-7,PASS,"badges seen: ['✅', '🔎']",,2026-07-07T21:14:34
넥스턴앤롤코리아,00416414,089140,KOSDAQ,분기x별도,재무제표,CV-3,PASS,rows=29 cols=72 slider_extended=True,,2026-07-07T21:14:34
넥스턴앤롤코리아,00416414,089140,KOSDAQ,분기x별도,재무제표,DS-2/DS-3,DONE,"cross-check completed for ['매출액', '영업이익']",,2026-07-07T21:14:34
넥스턴앤롤코리아,00416414,089140,KOSDAQ,분기x별도,지표,CV-6,PASS,default metric selection visible,,2026-07-07T21:14:34
넥스트바이오메디컬,01385050,389650,KOSDAQ,연간x연결,재무제표,DS-1,PASS,,,2026-07-07T21:14:47
넥스트바이오메디컬,01385050,389650,KOSDAQ,연간x연결,상단,DS-8,PASS,,,2026-07-07T21:14:47
넥스트바이오메디컬,01385050,389650,KOSDAQ,연간x연결,상단,DS-4,PASS,substitution caption present,,2026-07-07T21:14:47
넥스트바이오메디컬,01385050,389650,KOSDAQ,연간x연결,상단,DS-7,PASS,"badges seen: ['✅', '🔎']",,2026-07-07T21:14:47
넥스트바이오메디컬,01385050,389650,KOSDAQ,연간x연결,재무제표,CV-3,PASS,rows=29 cols=6 slider_extended=True,,2026-07-07T21:14:47
넥스트바이오메디컬,01385050,389650,KOSDAQ,연간x연결,재무제표,DS-2/DS-3,DONE,"cross-check completed for ['매출액', '영업이익']",,2026-07-07T21:14:47
넥스트바이오메디컬,01385050,389650,KOSDAQ,연간x연결,지표,CV-6,PASS,default metric selection visible,,2026-07-07T21:14:47
넥스트바이오메디컬,01385050,389650,KOSDAQ,연간x별도,재무제표,DS-1,PASS,,,2026-07-07T21:14:52
넥스트바이오메디컬,01385050,389650,KOSDAQ,연간x별도,상단,DS-8,PASS,,,2026-07-07T21:14:52
넥스트바이오메디컬,01385050,389650,KOSDAQ,연간x별도,상단,DS-7,PASS,"badges seen: ['✅', '🔎']",,2026-07-07T21:14:52
넥스트바이오메디컬,01385050,389650,KOSDAQ,연간x별도,재무제표,CV-3,PASS,rows=29 cols=6 slider_extended=True,,2026-07-07T21:14:52
넥스트바이오메디컬,01385050,389650,KOSDAQ,연간x별도,재무제표,DS-2/DS-3,DONE,"cross-check completed for ['매출액', '영업이익']",,2026-07-07T21:14:52
넥스트바이오메디컬,01385050,389650,KOSDAQ,연간x별도,지표,CV-6,PASS,default metric selection visible,,2026-07-07T21:14:52
넥스트바이오메디컬,01385050,389650,KOSDAQ,분기x연결,재무제표,DS-1,PASS,,,2026-07-07T21:14:59
넥스트바이오메디컬,01385050,389650,KOSDAQ,분기x연결,상단,DS-8,PASS,,,2026-07-07T21:14:59
넥스트바이오메디컬,01385050,389650,KOSDAQ,분기x연결,상단,DS-4,PASS,substitution caption present,,2026-07-07T21:14:59
넥스트바이오메디컬,01385050,389650,KOSDAQ,분기x연결,상단,DS-7,PASS,"badges seen: ['✅', '🔎']",,2026-07-07T21:14:59
넥스트바이오메디컬,01385050,389650,KOSDAQ,분기x연결,재무제표,CV-3,PASS,rows=29 cols=12 slider_extended=True,,2026-07-07T21:14:59
넥스트바이오메디컬,01385050,389650,KOSDAQ,분기x연결,재무제표,DS-2/DS-3,DONE,"cross-check completed for ['매출액', '영업이익']",,2026-07-07T21:14:59
넥스트바이오메디컬,01385050,389650,KOSDAQ,분기x연결,지표,CV-6,PASS,default metric selection visible,,2026-07-07T21:14:59
넥스트바이오메디컬,01385050,389650,KOSDAQ,분기x별도,재무제표,DS-1,PASS,,,2026-07-07T21:15:06
넥스트바이오메디컬,01385050,389650,KOSDAQ,분기x별도,상단,DS-8,PASS,,,2026-07-07T21:15:06
넥스트바이오메디컬,01385050,389650,KOSDAQ,분기x별도,상단,DS-7,PASS,"badges seen: ['✅', '🔎']",,2026-07-07T21:15:06
넥스트바이오메디컬,01385050,389650,KOSDAQ,분기x별도,재무제표,CV-3,PASS,rows=29 cols=12 slider_extended=True,,2026-07-07T21:15:06
넥스트바이오메디컬,01385050,389650,KOSDAQ,분기x별도,재무제표,DS-2/DS-3,DONE,"cross-check completed for ['매출액', '영업이익']",,2026-07-07T21:15:06
넥스트바이오메디컬,01385050,389650,KOSDAQ,분기x별도,지표,CV-6,PASS,default metric selection visible,,2026-07-07T21:15:06
넥스트아이,00614593,137940,KOSDAQ,연간x연결,재무제표,DS-1,PASS,,,2026-07-07T21:15:19
넥스트아이,00614593,137940,KOSDAQ,연간x연결,상단,DS-8,PASS,,,2026-07-07T21:15:19
넥스트아이,00614593,137940,KOSDAQ,연간x연결,상단,DS-7,PASS,"badges seen: ['✅', '🔎', '⚠']",,2026-07-07T21:15:19
넥스트아이,00614593,137940,KOSDAQ,연간x연결,재무제표,CV-3,PASS,rows=29 cols=18 slider_extended=True,,2026-07-07T21:15:19
넥스트아이,00614593,137940,KOSDAQ,연간x연결,재무제표,DS-2/DS-3,DONE,"cross-check completed for ['매출액', '영업이익']",,2026-07-07T21:15:19
넥스트아이,00614593,137940,KOSDAQ,연간x연결,지표,CV-6,PASS,default metric selection visible,,2026-07-07T21:15:19
넥스트아이,00614593,137940,KOSDAQ,연간x별도,재무제표,DS-1,PASS,,,2026-07-07T21:15:24
넥스트아이,00614593,137940,KOSDAQ,연간x별도,상단,DS-8,PASS,,,2026-07-07T21:15:24
넥스트아이,00614593,137940,KOSDAQ,연간x별도,상단,DS-7,PASS,"badges seen: ['✅', '🔎', '⚠']",,2026-07-07T21:15:24
넥스트아이,00614593,137940,KOSDAQ,연간x별도,재무제표,CV-3,PASS,rows=29 cols=19 slider_extended=True,,2026-07-07T21:15:24
넥스트아이,00614593,137940,KOSDAQ,연간x별도,재무제표,DS-2/DS-3,DONE,"cross-check completed for ['매출액', '영업이익']",,2026-07-07T21:15:24
넥스트아이,00614593,137940,KOSDAQ,연간x별도,지표,CV-6,PASS,default metric selection visible,,2026-07-07T21:15:24
넥스트아이,00614593,137940,KOSDAQ,분기x연결,재무제표,DS-1,PASS,,,2026-07-07T21:15:30
넥스트아이,00614593,137940,KOSDAQ,분기x연결,상단,DS-8,PASS,,,2026-07-07T21:15:30
넥스트아이,00614593,137940,KOSDAQ,분기x연결,상단,DS-7,PASS,"badges seen: ['✅', '🔎', '⚠']",,2026-07-07T21:15:30
넥스트아이,00614593,137940,KOSDAQ,분기x연결,재무제표,CV-3,PASS,rows=29 cols=60 slider_extended=True,,2026-07-07T21:15:30
넥스트아이,00614593,137940,KOSDAQ,분기x연결,재무제표,DS-2/DS-3,DONE,"cross-check completed for ['매출액', '영업이익']",,2026-07-07T21:15:30
넥스트아이,00614593,137940,KOSDAQ,분기x연결,지표,CV-6,PASS,default metric selection visible,,2026-07-07T21:15:30
넥스트아이,00614593,137940,KOSDAQ,분기x별도,재무제표,DS-1,PASS,,,2026-07-07T21:15:38
넥스트아이,00614593,137940,KOSDAQ,분기x별도,상단,DS-8,PASS,,,2026-07-07T21:15:38
넥스트아이,00614593,137940,KOSDAQ,분기x별도,상단,DS-7,PASS,"badges seen: ['✅', '🔎', '⚠']",,2026-07-07T21:15:38
넥스트아이,00614593,137940,KOSDAQ,분기x별도,재무제표,CV-3,PASS,rows=29 cols=63 slider_extended=True,,2026-07-07T21:15:38
넥스트아이,00614593,137940,KOSDAQ,분기x별도,재무제표,DS-2/DS-3,DONE,"cross-check completed for ['매출액', '영업이익']",,2026-07-07T21:15:38
넥스트아이,00614593,137940,KOSDAQ,분기x별도,지표,CV-6,PASS,default metric selection visible,,2026-07-07T21:15:38
넥스트칩,01515864,396270,KOSDAQ,연간x연결,재무제표,DS-1,PASS,,,2026-07-07T21:15:51
넥스트칩,01515864,396270,KOSDAQ,연간x연결,상단,DS-8,PASS,,,2026-07-07T21:15:51
넥스트칩,01515864,396270,KOSDAQ,연간x연결,상단,DS-4,PASS,substitution caption present,,2026-07-07T21:15:51
넥스트칩,01515864,396270,KOSDAQ,연간x연결,상단,DS-7,PASS,"badges seen: ['✅', '🔎']",,2026-07-07T21:15:51
넥스트칩,01515864,396270,KOSDAQ,연간x연결,재무제표,CV-3,PASS,rows=29 cols=8 slider_extended=True,,2026-07-07T21:15:51
넥스트칩,01515864,396270,KOSDAQ,연간x연결,재무제표,DS-2/DS-3,DONE,"cross-check completed for ['매출액', '영업이익']",,2026-07-07T21:15:51
넥스트칩,01515864,396270,KOSDAQ,연간x연결,지표,CV-6,PASS,default metric selection visible,,2026-07-07T21:15:51
넥스트칩,01515864,396270,KOSDAQ,연간x별도,재무제표,DS-1,PASS,,,2026-07-07T21:15:56
넥스트칩,01515864,396270,KOSDAQ,연간x별도,상단,DS-8,PASS,,,2026-07-07T21:15:56
넥스트칩,01515864,396270,KOSDAQ,연간x별도,상단,DS-7,PASS,"badges seen: ['✅', '🔎']",,2026-07-07T21:15:56
넥스트칩,01515864,396270,KOSDAQ,연간x별도,재무제표,CV-3,PASS,rows=29 cols=8 slider_extended=True,,2026-07-07T21:15:56
넥스트칩,01515864,396270,KOSDAQ,연간x별도,재무제표,DS-2/DS-3,DONE,"cross-check completed for ['매출액', '영업이익']",,2026-07-07T21:15:56
넥스트칩,01515864,396270,KOSDAQ,연간x별도,지표,CV-6,PASS,default metric selection visible,,2026-07-07T21:15:56
넥스트칩,01515864,396270,KOSDAQ,분기x연결,재무제표,DS-1,PASS,,,2026-07-07T21:16:02
넥스트칩,01515864,396270,KOSDAQ,분기x연결,상단,DS-8,PASS,,,2026-07-07T21:16:02
넥스트칩,01515864,396270,KOSDAQ,분기x연결,상단,DS-4,PASS,substitution caption present,,2026-07-07T21:16:02
넥스트칩,01515864,396270,KOSDAQ,분기x연결,상단,DS-7,PASS,"badges seen: ['✅', '🔎']",,2026-07-07T21:16:02
넥스트칩,01515864,396270,KOSDAQ,분기x연결,재무제표,CV-3,PASS,rows=29 cols=23 slider_extended=True,,2026-07-07T21:16:02
넥스트칩,01515864,396270,KOSDAQ,분기x연결,재무제표,DS-2/DS-3,DONE,"cross-check completed for ['매출액', '영업이익']",,2026-07-07T21:16:02
넥스트칩,01515864,396270,KOSDAQ,분기x연결,지표,CV-6,PASS,default metric selection visible,,2026-07-07T21:16:02
넥스트칩,01515864,396270,KOSDAQ,분기x별도,재무제표,DS-1,PASS,,,2026-07-07T21:16:10
넥스트칩,01515864,396270,KOSDAQ,분기x별도,상단,DS-8,PASS,,,2026-07-07T21:16:10
넥스트칩,01515864,396270,KOSDAQ,분기x별도,상단,DS-7,PASS,"badges seen: ['✅', '🔎']",,2026-07-07T21:16:10
넥스트칩,01515864,396270,KOSDAQ,분기x별도,재무제표,CV-3,PASS,rows=29 cols=23 slider_extended=True,,2026-07-07T21:16:10
넥스트칩,01515864,396270,KOSDAQ,분기x별도,재무제표,DS-2/DS-3,DONE,"cross-check completed for ['매출액', '영업이익']",,2026-07-07T21:16:10
넥스트칩,01515864,396270,KOSDAQ,분기x별도,지표,CV-6,PASS,default metric selection visible,,2026-07-07T21:16:10
넥스틴,01080252,348210,KOSDAQ,연간x연결,재무제표,DS-1,PASS,,,2026-07-07T21:16:25
넥스틴,01080252,348210,KOSDAQ,연간x연결,상단,DS-8,PASS,,,2026-07-07T21:16:25
넥스틴,01080252,348210,KOSDAQ,연간x연결,상단,DS-7,PASS,"badges seen: ['✅', '🔎', '⚠']",,2026-07-07T21:16:25
넥스틴,01080252,348210,KOSDAQ,연간x연결,재무제표,CV-3,PASS,rows=29 cols=10 slider_extended=True,,2026-07-07T21:16:25
넥스틴,01080252,348210,KOSDAQ,연간x연결,재무제표,DS-2/DS-3,DONE,"cross-check completed for ['매출액', '영업이익']",,2026-07-07T21:16:25
넥스틴,01080252,348210,KOSDAQ,연간x연결,지표,CV-6,PASS,default metric selection visible,,2026-07-07T21:16:25
넥스틴,01080252,348210,KOSDAQ,연간x별도,재무제표,DS-1,PASS,,,2026-07-07T21:16:30
넥스틴,01080252,348210,KOSDAQ,연간x별도,상단,DS-8,PASS,,,2026-07-07T21:16:30
넥스틴,01080252,348210,KOSDAQ,연간x별도,상단,DS-7,PASS,"badges seen: ['✅', '🔎', '⚠']",,2026-07-07T21:16:30
넥스틴,01080252,348210,KOSDAQ,연간x별도,재무제표,CV-3,PASS,rows=29 cols=10 slider_extended=True,,2026-07-07T21:16:30
넥스틴,01080252,348210,KOSDAQ,연간x별도,재무제표,DS-2/DS-3,DONE,"cross-check completed for ['매출액', '영업이익']",,2026-07-07T21:16:30
넥스틴,01080252,348210,KOSDAQ,연간x별도,지표,CV-6,PASS,default metric selection visible,,2026-07-07T21:16:30
넥스틴,01080252,348210,KOSDAQ,분기x연결,재무제표,DS-1,PASS,,,2026-07-07T21:16:36
넥스틴,01080252,348210,KOSDAQ,분기x연결,상단,DS-8,PASS,,,2026-07-07T21:16:36
넥스틴,01080252,348210,KOSDAQ,분기x연결,상단,DS-7,PASS,"badges seen: ['✅', '🔎']",,2026-07-07T21:16:36
넥스틴,01080252,348210,KOSDAQ,분기x연결,재무제표,CV-3,PASS,rows=29 cols=29 slider_extended=True,,2026-07-07T21:16:36
넥스틴,01080252,348210,KOSDAQ,분기x연결,재무제표,DS-2/DS-3,DONE,"cross-check completed for ['매출액', '영업이익']",,2026-07-07T21:16:36
넥스틴,01080252,348210,KOSDAQ,분기x연결,지표,CV-6,PASS,default metric selection visible,,2026-07-07T21:16:36
넥스틴,01080252,348210,KOSDAQ,분기x별도,재무제표,DS-1,PASS,,,2026-07-07T21:16:43
넥스틴,01080252,348210,KOSDAQ,분기x별도,상단,DS-8,PASS,,,2026-07-07T21:16:43
넥스틴,01080252,348210,KOSDAQ,분기x별도,상단,DS-7,PASS,"badges seen: ['✅', '🔎']",,2026-07-07T21:16:43
넥스틴,01080252,348210,KOSDAQ,분기x별도,재무제표,CV-3,PASS,rows=29 cols=29 slider_extended=True,,2026-07-07T21:16:43
넥스틴,01080252,348210,KOSDAQ,분기x별도,재무제표,DS-2/DS-3,DONE,"cross-check completed for ['매출액', '영업이익']",,2026-07-07T21:16:43
넥스틴,01080252,348210,KOSDAQ,분기x별도,지표,CV-6,PASS,default metric selection visible,,2026-07-07T21:16:43
넥슨게임즈,01096341,225570,KOSDAQ,연간x연결,재무제표,DS-1,PASS,,,2026-07-07T21:16:57
넥슨게임즈,01096341,225570,KOSDAQ,연간x연결,상단,DS-8,PASS,,,2026-07-07T21:16:57
넥슨게임즈,01096341,225570,KOSDAQ,연간x연결,상단,DS-7,PASS,"badges seen: ['✅', '🔎']",,2026-07-07T21:16:57
넥슨게임즈,01096341,225570,KOSDAQ,연간x연결,재무제표,CV-3,PASS,rows=29 cols=8 slider_extended=True,,2026-07-07T21:16:57
넥슨게임즈,01096341,225570,KOSDAQ,연간x연결,재무제표,DS-2/DS-3,DONE,"cross-check completed for ['매출액', '영업이익']",,2026-07-07T21:16:57
넥슨게임즈,01096341,225570,KOSDAQ,연간x연결,지표,CV-6,PASS,default metric selection visible,,2026-07-07T21:16:57
넥슨게임즈,01096341,225570,KOSDAQ,연간x별도,재무제표,DS-1,PASS,,,2026-07-07T21:17:02
넥슨게임즈,01096341,225570,KOSDAQ,연간x별도,상단,DS-8,PASS,,,2026-07-07T21:17:02
넥슨게임즈,01096341,225570,KOSDAQ,연간x별도,상단,DS-7,PASS,"badges seen: ['✅', '🔎']",,2026-07-07T21:17:02
넥슨게임즈,01096341,225570,KOSDAQ,연간x별도,재무제표,CV-3,PASS,rows=29 cols=13 slider_extended=True,,2026-07-07T21:17:02
넥슨게임즈,01096341,225570,KOSDAQ,연간x별도,재무제표,DS-2/DS-3,DONE,"cross-check completed for ['매출액', '영업이익']",,2026-07-07T21:17:02
넥슨게임즈,01096341,225570,KOSDAQ,연간x별도,지표,CV-6,PASS,default metric selection visible,,2026-07-07T21:17:02
넥슨게임즈,01096341,225570,KOSDAQ,분기x연결,재무제표,DS-1,PASS,,,2026-07-07T21:17:08
넥슨게임즈,01096341,225570,KOSDAQ,분기x연결,상단,DS-8,PASS,,,2026-07-07T21:17:08
넥슨게임즈,01096341,225570,KOSDAQ,분기x연결,상단,DS-7,PASS,"badges seen: ['✅', '🔎']",,2026-07-07T21:17:08
넥슨게임즈,01096341,225570,KOSDAQ,분기x연결,재무제표,CV-3,PASS,rows=29 cols=24 slider_extended=True,,2026-07-07T21:17:08
넥슨게임즈,01096341,225570,KOSDAQ,분기x연결,재무제표,DS-2/DS-3,DONE,"cross-check completed for ['매출액', '영업이익']",,2026-07-07T21:17:08
넥슨게임즈,01096341,225570,KOSDAQ,분기x연결,지표,CV-6,PASS,default metric selection visible,,2026-07-07T21:17:08
넥슨게임즈,01096341,225570,KOSDAQ,분기x별도,재무제표,DS-1,PASS,,,2026-07-07T21:17:15
넥슨게임즈,01096341,225570,KOSDAQ,분기x별도,상단,DS-8,PASS,,,2026-07-07T21:17:15
넥슨게임즈,01096341,225570,KOSDAQ,분기x별도,상단,DS-7,PASS,"badges seen: ['✅', '🔎']",,2026-07-07T21:17:15
넥슨게임즈,01096341,225570,KOSDAQ,분기x별도,재무제표,CV-3,PASS,rows=29 cols=44 slider_extended=True,,2026-07-07T21:17:15
넥슨게임즈,01096341,225570,KOSDAQ,분기x별도,재무제표,DS-2/DS-3,DONE,"cross-check completed for ['매출액', '영업이익']",,2026-07-07T21:17:15
넥슨게임즈,01096341,225570,KOSDAQ,분기x별도,지표,CV-6,PASS,default metric selection visible,,2026-07-07T21:17:15
넥써쓰,01042429,205500,KOSDAQ,연간x연결,재무제표,DS-1,PASS,,,2026-07-07T21:17:29
넥써쓰,01042429,205500,KOSDAQ,연간x연결,상단,DS-8,PASS,,,2026-07-07T21:17:29
넥써쓰,01042429,205500,KOSDAQ,연간x연결,상단,DS-7,PASS,"badges seen: ['✅', '🔎', '⚠']",,2026-07-07T21:17:29
넥써쓰,01042429,205500,KOSDAQ,연간x연결,재무제표,CV-3,PASS,rows=29 cols=13 slider_extended=True,,2026-07-07T21:17:29
넥써쓰,01042429,205500,KOSDAQ,연간x연결,재무제표,DS-2/DS-3,DONE,"cross-check completed for ['매출액', '영업이익']",,2026-07-07T21:17:29
넥써쓰,01042429,205500,KOSDAQ,연간x연결,지표,CV-6,PASS,default metric selection visible,,2026-07-07T21:17:29
넥써쓰,01042429,205500,KOSDAQ,연간x별도,재무제표,DS-1,PASS,,,2026-07-07T21:17:34
넥써쓰,01042429,205500,KOSDAQ,연간x별도,상단,DS-8,PASS,,,2026-07-07T21:17:34
넥써쓰,01042429,205500,KOSDAQ,연간x별도,상단,DS-7,PASS,"badges seen: ['✅', '🔎', '⚠']",,2026-07-07T21:17:34
넥써쓰,01042429,205500,KOSDAQ,연간x별도,재무제표,CV-3,PASS,rows=29 cols=14 slider_extended=True,,2026-07-07T21:17:34
넥써쓰,01042429,205500,KOSDAQ,연간x별도,재무제표,DS-2/DS-3,DONE,"cross-check completed for ['매출액', '영업이익']",,2026-07-07T21:17:34
넥써쓰,01042429,205500,KOSDAQ,연간x별도,지표,CV-6,PASS,default metric selection visible,,2026-07-07T21:17:34
넥써쓰,01042429,205500,KOSDAQ,분기x연결,재무제표,DS-1,PASS,,,2026-07-07T21:17:40
넥써쓰,01042429,205500,KOSDAQ,분기x연결,상단,DS-8,PASS,,,2026-07-07T21:17:40
넥써쓰,01042429,205500,KOSDAQ,분기x연결,상단,DS-7,PASS,"badges seen: ['✅', '🔎', '⚠']",,2026-07-07T21:17:40
넥써쓰,01042429,205500,KOSDAQ,분기x연결,재무제표,CV-3,PASS,rows=29 cols=43 slider_extended=True,,2026-07-07T21:17:40
넥써쓰,01042429,205500,KOSDAQ,분기x연결,재무제표,DS-2/DS-3,DONE,"cross-check completed for ['매출액', '영업이익']",,2026-07-07T21:17:40
넥써쓰,01042429,205500,KOSDAQ,분기x연결,지표,CV-6,PASS,default metric selection visible,,2026-07-07T21:17:40
넥써쓰,01042429,205500,KOSDAQ,분기x별도,재무제표,DS-1,PASS,,,2026-07-07T21:17:47
넥써쓰,01042429,205500,KOSDAQ,분기x별도,상단,DS-8,PASS,,,2026-07-07T21:17:47
넥써쓰,01042429,205500,KOSDAQ,분기x별도,상단,DS-7,PASS,"badges seen: ['✅', '🔎', '⚠']",,2026-07-07T21:17:47
넥써쓰,01042429,205500,KOSDAQ,분기x별도,재무제표,CV-3,PASS,rows=29 cols=51 slider_extended=True,,2026-07-07T21:17:47
넥써쓰,01042429,205500,KOSDAQ,분기x별도,재무제표,DS-2/DS-3,DONE,"cross-check completed for ['매출액', '영업이익']",,2026-07-07T21:17:47
넥써쓰,01042429,205500,KOSDAQ,분기x별도,지표,CV-6,PASS,default metric selection visible,,2026-07-07T21:17:47
넵튠,01067808,217270,KOSDAQ,연간x연결,재무제표,DS-1,PASS,,,2026-07-07T21:18:01
넵튠,01067808,217270,KOSDAQ,연간x연결,상단,DS-8,PASS,,,2026-07-07T21:18:01
넵튠,01067808,217270,KOSDAQ,연간x연결,상단,DS-7,PASS,"badges seen: ['✅', '🔎', '⚠']",,2026-07-07T21:18:01
넵튠,01067808,217270,KOSDAQ,연간x연결,재무제표,CV-3,PASS,rows=29 cols=14 slider_extended=True,,2026-07-07T21:18:01
넵튠,01067808,217270,KOSDAQ,연간x연결,재무제표,DS-2/DS-3,DONE,"cross-check completed for ['매출액', '영업이익']",,2026-07-07T21:18:01
넵튠,01067808,217270,KOSDAQ,연간x연결,지표,CV-6,PASS,default metric selection visible,,2026-07-07T21:18:01
넵튠,01067808,217270,KOSDAQ,연간x별도,재무제표,DS-1,PASS,,,2026-07-07T21:18:06
넵튠,01067808,217270,KOSDAQ,연간x별도,상단,DS-8,PASS,,,2026-07-07T21:18:06
넵튠,01067808,217270,KOSDAQ,연간x별도,상단,DS-7,PASS,"badges seen: ['✅', '🔎']",,2026-07-07T21:18:06
넵튠,01067808,217270,KOSDAQ,연간x별도,재무제표,CV-3,PASS,rows=29 cols=14 slider_extended=True,,2026-07-07T21:18:06
넵튠,01067808,217270,KOSDAQ,연간x별도,재무제표,DS-2/DS-3,DONE,"cross-check completed for ['매출액', '영업이익']",,2026-07-07T21:18:06
넵튠,01067808,217270,KOSDAQ,연간x별도,지표,CV-6,PASS,default metric selection visible,,2026-07-07T21:18:06
넵튠,01067808,217270,KOSDAQ,분기x연결,재무제표,DS-1,PASS,,,2026-07-07T21:18:12
넵튠,01067808,217270,KOSDAQ,분기x연결,상단,DS-8,PASS,,,2026-07-07T21:18:12
넵튠,01067808,217270,KOSDAQ,분기x연결,상단,DS-7,PASS,"badges seen: ['✅', '🔎', '⚠']",,2026-07-07T21:18:12
넵튠,01067808,217270,KOSDAQ,분기x연결,재무제표,CV-3,PASS,rows=29 cols=44 slider_extended=True,,2026-07-07T21:18:12
넵튠,01067808,217270,KOSDAQ,분기x연결,재무제표,DS-2/DS-3,DONE,"cross-check completed for ['매출액', '영업이익']",,2026-07-07T21:18:12
넵튠,01067808,217270,KOSDAQ,분기x연결,지표,CV-6,PASS,default metrics not found,,2026-07-07T21:18:12
넵튠,01067808,217270,KOSDAQ,분기x별도,재무제표,DS-1,PASS,,,2026-07-07T21:18:19
넵튠,01067808,217270,KOSDAQ,분기x별도,상단,DS-8,PASS,,,2026-07-07T21:18:19
넵튠,01067808,217270,KOSDAQ,분기x별도,상단,DS-7,PASS,"badges seen: ['✅', '🔎']",,2026-07-07T21:18:19
넵튠,01067808,217270,KOSDAQ,분기x별도,재무제표,CV-3,PASS,rows=29 cols=44 slider_extended=True,,2026-07-07T21:18:19
넵튠,01067808,217270,KOSDAQ,분기x별도,재무제표,DS-2/DS-3,DONE,"cross-check completed for ['매출액', '영업이익']",,2026-07-07T21:18:19
넵튠,01067808,217270,KOSDAQ,분기x별도,지표,CV-6,PASS,default metric selection visible,,2026-07-07T21:18:19
노랑풍선,00632845,104620,KOSDAQ,연간x연결,재무제표,DS-1,PASS,,,2026-07-07T21:18:33
노랑풍선,00632845,104620,KOSDAQ,연간x연결,상단,DS-8,PASS,,,2026-07-07T21:18:33
노랑풍선,00632845,104620,KOSDAQ,연간x연결,상단,DS-7,PASS,"badges seen: ['✅', '🔎', '⚠']",,2026-07-07T21:18:33
노랑풍선,00632845,104620,KOSDAQ,연간x연결,재무제표,CV-3,PASS,rows=29 cols=12 slider_extended=True,,2026-07-07T21:18:33
노랑풍선,00632845,104620,KOSDAQ,연간x연결,재무제표,DS-2/DS-3,DONE,"cross-check completed for ['매출액', '영업이익']",,2026-07-07T21:18:33
노랑풍선,00632845,104620,KOSDAQ,연간x연결,지표,CV-6,PASS,default metric selection visible,,2026-07-07T21:18:33
노랑풍선,00632845,104620,KOSDAQ,연간x별도,재무제표,DS-1,PASS,,,2026-07-07T21:18:38
노랑풍선,00632845,104620,KOSDAQ,연간x별도,상단,DS-8,PASS,,,2026-07-07T21:18:38
노랑풍선,00632845,104620,KOSDAQ,연간x별도,상단,DS-7,PASS,"badges seen: ['✅', '🔎', '⚠']",,2026-07-07T21:18:38
노랑풍선,00632845,104620,KOSDAQ,연간x별도,재무제표,CV-3,PASS,rows=29 cols=12 slider_extended=True,,2026-07-07T21:18:38
노랑풍선,00632845,104620,KOSDAQ,연간x별도,재무제표,DS-2/DS-3,DONE,"cross-check completed for ['매출액', '영업이익']",,2026-07-07T21:18:38
노랑풍선,00632845,104620,KOSDAQ,연간x별도,지표,CV-6,PASS,default metric selection visible,,2026-07-07T21:18:38
노랑풍선,00632845,104620,KOSDAQ,분기x연결,재무제표,DS-1,PASS,,,2026-07-07T21:18:44
노랑풍선,00632845,104620,KOSDAQ,분기x연결,상단,DS-8,PASS,,,2026-07-07T21:18:44
노랑풍선,00632845,104620,KOSDAQ,분기x연결,상단,DS-7,PASS,"badges seen: ['✅', '🔎']",,2026-07-07T21:18:44
노랑풍선,00632845,104620,KOSDAQ,분기x연결,재무제표,CV-3,PASS,rows=29 cols=36 slider_extended=True,,2026-07-07T21:18:44
노랑풍선,00632845,104620,KOSDAQ,분기x연결,재무제표,DS-2/DS-3,DONE,"cross-check completed for ['매출액', '영업이익']",,2026-07-07T21:18:44
노랑풍선,00632845,104620,KOSDAQ,분기x연결,지표,CV-6,PASS,default metric selection visible,,2026-07-07T21:18:44
노랑풍선,00632845,104620,KOSDAQ,분기x별도,재무제표,DS-1,PASS,,,2026-07-07T21:18:51
노랑풍선,00632845,104620,KOSDAQ,분기x별도,상단,DS-8,PASS,,,2026-07-07T21:18:51
노랑풍선,00632845,104620,KOSDAQ,분기x별도,상단,DS-7,PASS,"badges seen: ['✅', '🔎']",,2026-07-07T21:18:51
노랑풍선,00632845,104620,KOSDAQ,분기x별도,재무제표,CV-3,PASS,rows=29 cols=36 slider_extended=True,,2026-07-07T21:18:51
노랑풍선,00632845,104620,KOSDAQ,분기x별도,재무제표,DS-2/DS-3,DONE,"cross-check completed for ['매출액', '영업이익']",,2026-07-07T21:18:51
노랑풍선,00632845,104620,KOSDAQ,분기x별도,지표,CV-6,PASS,default metric selection visible,,2026-07-07T21:18:51
노머스,01703849,473980,KOSDAQ,연간x연결,재무제표,DS-1,PASS,,,2026-07-07T21:19:04
노머스,01703849,473980,KOSDAQ,연간x연결,상단,DS-8,PASS,,,2026-07-07T21:19:04
노머스,01703849,473980,KOSDAQ,연간x연결,상단,DS-7,PASS,"badges seen: ['✅', '🔎']",,2026-07-07T21:19:04
노머스,01703849,473980,KOSDAQ,연간x연결,재무제표,CV-3,PASS,rows=29 cols=6 slider_extended=True,,2026-07-07T21:19:04
노머스,01703849,473980,KOSDAQ,연간x연결,재무제표,DS-2/DS-3,DONE,"cross-check completed for ['매출액', '영업이익']",,2026-07-07T21:19:04
노머스,01703849,473980,KOSDAQ,연간x연결,지표,CV-6,PASS,default metric selection visible,,2026-07-07T21:19:04
노머스,01703849,473980,KOSDAQ,연간x별도,재무제표,DS-1,PASS,,,2026-07-07T21:19:10
노머스,01703849,473980,KOSDAQ,연간x별도,상단,DS-8,PASS,,,2026-07-07T21:19:10
노머스,01703849,473980,KOSDAQ,연간x별도,상단,DS-7,PASS,"badges seen: ['✅', '🔎', '⚠']",,2026-07-07T21:19:10
노머스,01703849,473980,KOSDAQ,연간x별도,재무제표,CV-3,PASS,rows=29 cols=6 slider_extended=True,,2026-07-07T21:19:10
노머스,01703849,473980,KOSDAQ,연간x별도,재무제표,DS-2/DS-3,DONE,"cross-check completed for ['매출액', '영업이익']",,2026-07-07T21:19:10
노머스,01703849,473980,KOSDAQ,연간x별도,지표,CV-6,PASS,default metric selection visible,,2026-07-07T21:19:10
노머스,01703849,473980,KOSDAQ,분기x연결,재무제표,DS-1,PASS,,,2026-07-07T21:19:16
노머스,01703849,473980,KOSDAQ,분기x연결,상단,DS-8,PASS,,,2026-07-07T21:19:16
노머스,01703849,473980,KOSDAQ,분기x연결,상단,DS-7,PASS,"badges seen: ['✅', '🔎', '⚠']",,2026-07-07T21:19:16
노머스,01703849,473980,KOSDAQ,분기x연결,재무제표,CV-3,PASS,rows=29 cols=11 slider_extended=True,,2026-07-07T21:19:16
노머스,01703849,473980,KOSDAQ,분기x연결,재무제표,DS-2/DS-3,DONE,"cross-check completed for ['매출액', '영업이익']",,2026-07-07T21:19:16
노머스,01703849,473980,KOSDAQ,분기x연결,지표,CV-6,PASS,default metric selection visible,,2026-07-07T21:19:16
노머스,01703849,473980,KOSDAQ,분기x별도,재무제표,DS-1,PASS,,,2026-07-07T21:19:23
노머스,01703849,473980,KOSDAQ,분기x별도,상단,DS-8,PASS,,,2026-07-07T21:19:23
노머스,01703849,473980,KOSDAQ,분기x별도,상단,DS-7,PASS,"badges seen: ['✅', '🔎', '⚠']",,2026-07-07T21:19:23
노머스,01703849,473980,KOSDAQ,분기x별도,재무제표,CV-3,PASS,rows=29 cols=11 slider_extended=True,,2026-07-07T21:19:23
노머스,01703849,473980,KOSDAQ,분기x별도,재무제표,DS-2/DS-3,DONE,"cross-check completed for ['매출액', '영업이익']",,2026-07-07T21:19:23
노머스,01703849,473980,KOSDAQ,분기x별도,지표,CV-6,PASS,default metric selection visible,,2026-07-07T21:19:23
노바렉스,00811372,194700,KOSDAQ,연간x연결,재무제표,DS-1,PASS,,,2026-07-07T21:19:36
노바렉스,00811372,194700,KOSDAQ,연간x연결,상단,DS-8,PASS,,,2026-07-07T21:19:36
노바렉스,00811372,194700,KOSDAQ,연간x연결,상단,DS-7,PASS,"badges seen: ['✅', '🔎']",,2026-07-07T21:19:36
노바렉스,00811372,194700,KOSDAQ,연간x연결,재무제표,CV-3,PASS,rows=29 cols=14 slider_extended=True,,2026-07-07T21:19:36
노바렉스,00811372,194700,KOSDAQ,연간x연결,재무제표,DS-2/DS-3,DONE,"cross-check completed for ['매출액', '영업이익']",,2026-07-07T21:19:36
노바렉스,00811372,194700,KOSDAQ,연간x연결,지표,CV-6,PASS,default metric selection visible,,2026-07-07T21:19:36
노바렉스,00811372,194700,KOSDAQ,연간x별도,재무제표,DS-1,PASS,,,2026-07-07T21:19:41
노바렉스,00811372,194700,KOSDAQ,연간x별도,상단,DS-8,PASS,,,2026-07-07T21:19:41
노바렉스,00811372,194700,KOSDAQ,연간x별도,상단,DS-7,PASS,"badges seen: ['✅', '🔎']",,2026-07-07T21:19:41
노바렉스,00811372,194700,KOSDAQ,연간x별도,재무제표,CV-3,PASS,rows=29 cols=15 slider_extended=True,,2026-07-07T21:19:41
노바렉스,00811372,194700,KOSDAQ,연간x별도,재무제표,DS-2/DS-3,DONE,"cross-check completed for ['매출액', '영업이익']",,2026-07-07T21:19:41
노바렉스,00811372,194700,KOSDAQ,연간x별도,지표,CV-6,PASS,default metric selection visible,,2026-07-07T21:19:41
노바렉스,00811372,194700,KOSDAQ,분기x연결,재무제표,DS-1,PASS,,,2026-07-07T21:19:47
노바렉스,00811372,194700,KOSDAQ,분기x연결,상단,DS-8,PASS,,,2026-07-07T21:19:47
노바렉스,00811372,194700,KOSDAQ,분기x연결,상단,DS-7,PASS,"badges seen: ['✅', '🔎']",,2026-07-07T21:19:47
노바렉스,00811372,194700,KOSDAQ,분기x연결,재무제표,CV-3,PASS,rows=29 cols=47 slider_extended=True,,2026-07-07T21:19:47
노바렉스,00811372,194700,KOSDAQ,분기x연결,재무제표,DS-2/DS-3,DONE,"cross-check completed for ['매출액', '영업이익']",,2026-07-07T21:19:47
노바렉스,00811372,194700,KOSDAQ,분기x연결,지표,CV-6,PASS,default metric selection visible,,2026-07-07T21:19:47
노바렉스,00811372,194700,KOSDAQ,분기x별도,재무제표,DS-1,PASS,,,2026-07-07T21:19:55
노바렉스,00811372,194700,KOSDAQ,분기x별도,상단,DS-8,PASS,,,2026-07-07T21:19:55
노바렉스,00811372,194700,KOSDAQ,분기x별도,상단,DS-7,PASS,"badges seen: ['✅', '🔎']",,2026-07-07T21:19:55
노바렉스,00811372,194700,KOSDAQ,분기x별도,재무제표,CV-3,PASS,rows=29 cols=51 slider_extended=True,,2026-07-07T21:19:55
노바렉스,00811372,194700,KOSDAQ,분기x별도,재무제표,DS-2/DS-3,DONE,"cross-check completed for ['매출액', '영업이익']",,2026-07-07T21:19:55
노바렉스,00811372,194700,KOSDAQ,분기x별도,지표,CV-6,PASS,default metric selection visible,,2026-07-07T21:19:55
노바텍,01259232,285490,KOSDAQ,연간x연결,재무제표,DS-1,PASS,,,2026-07-07T21:20:08
노바텍,01259232,285490,KOSDAQ,연간x연결,상단,DS-8,PASS,,,2026-07-07T21:20:08
노바텍,01259232,285490,KOSDAQ,연간x연결,상단,DS-7,PASS,"badges seen: ['✅', '🔎', '⚠']",,2026-07-07T21:20:08
노바텍,01259232,285490,KOSDAQ,연간x연결,재무제표,CV-3,PASS,rows=29 cols=12 slider_extended=True,,2026-07-07T21:20:08
노바텍,01259232,285490,KOSDAQ,연간x연결,재무제표,DS-2/DS-3,DONE,"cross-check completed for ['매출액', '영업이익']",,2026-07-07T21:20:08
노바텍,01259232,285490,KOSDAQ,연간x연결,지표,CV-6,PASS,default metric selection visible,,2026-07-07T21:20:08
노바텍,01259232,285490,KOSDAQ,연간x별도,재무제표,DS-1,PASS,,,2026-07-07T21:20:13
노바텍,01259232,285490,KOSDAQ,연간x별도,상단,DS-8,PASS,,,2026-07-07T21:20:13
노바텍,01259232,285490,KOSDAQ,연간x별도,상단,DS-7,PASS,"badges seen: ['✅', '🔎', '⚠']",,2026-07-07T21:20:13
노바텍,01259232,285490,KOSDAQ,연간x별도,재무제표,CV-3,PASS,rows=29 cols=12 slider_extended=True,,2026-07-07T21:20:13
노바텍,01259232,285490,KOSDAQ,연간x별도,재무제표,DS-2/DS-3,DONE,"cross-check completed for ['매출액', '영업이익']",,2026-07-07T21:20:13
노바텍,01259232,285490,KOSDAQ,연간x별도,지표,CV-6,PASS,default metric selection visible,,2026-07-07T21:20:13
노바텍,01259232,285490,KOSDAQ,분기x연결,재무제표,DS-1,PASS,,,2026-07-07T21:20:19
노바텍,01259232,285490,KOSDAQ,분기x연결,상단,DS-8,PASS,,,2026-07-07T21:20:19
노바텍,01259232,285490,KOSDAQ,분기x연결,상단,DS-7,PASS,"badges seen: ['✅', '🔎']",,2026-07-07T21:20:19
노바텍,01259232,285490,KOSDAQ,분기x연결,재무제표,CV-3,PASS,rows=29 cols=36 slider_extended=True,,2026-07-07T21:20:19
노바텍,01259232,285490,KOSDAQ,분기x연결,재무제표,DS-2/DS-3,DONE,"cross-check completed for ['매출액', '영업이익']",,2026-07-07T21:20:19
노바텍,01259232,285490,KOSDAQ,분기x연결,지표,CV-6,PASS,default metric selection visible,,2026-07-07T21:20:19
노바텍,01259232,285490,KOSDAQ,분기x별도,재무제표,DS-1,PASS,,,2026-07-07T21:20:26
노바텍,01259232,285490,KOSDAQ,분기x별도,상단,DS-8,PASS,,,2026-07-07T21:20:26
노바텍,01259232,285490,KOSDAQ,분기x별도,상단,DS-7,PASS,"badges seen: ['✅', '🔎', '⚠']",,2026-07-07T21:20:26
노바텍,01259232,285490,KOSDAQ,분기x별도,재무제표,CV-3,PASS,rows=29 cols=36 slider_extended=True,,2026-07-07T21:20:26
노바텍,01259232,285490,KOSDAQ,분기x별도,재무제표,DS-2/DS-3,DONE,"cross-check completed for ['매출액', '영업이익']",,2026-07-07T21:20:26
노바텍,01259232,285490,KOSDAQ,분기x별도,지표,CV-6,PASS,default metric selection visible,,2026-07-07T21:20:26
노브랜드,00305941,145170,KOSDAQ,연간x연결,재무제표,DS-1,PASS,,,2026-07-07T21:20:40
노브랜드,00305941,145170,KOSDAQ,연간x연결,상단,DS-8,PASS,,,2026-07-07T21:20:40
노브랜드,00305941,145170,KOSDAQ,연간x연결,상단,DS-7,PASS,"badges seen: ['✅', '🔎']",,2026-07-07T21:20:40
노브랜드,00305941,145170,KOSDAQ,연간x연결,재무제표,CV-3,PASS,rows=29 cols=6 slider_extended=True,,2026-07-07T21:20:40
노브랜드,00305941,145170,KOSDAQ,연간x연결,재무제표,DS-2/DS-3,DONE,"cross-check completed for ['매출액', '영업이익']",,2026-07-07T21:20:40
노브랜드,00305941,145170,KOSDAQ,연간x연결,지표,CV-6,PASS,default metric selection visible,,2026-07-07T21:20:40
노브랜드,00305941,145170,KOSDAQ,연간x별도,재무제표,DS-1,PASS,,,2026-07-07T21:20:45
노브랜드,00305941,145170,KOSDAQ,연간x별도,상단,DS-8,PASS,,,2026-07-07T21:20:45
노브랜드,00305941,145170,KOSDAQ,연간x별도,상단,DS-7,PASS,"badges seen: ['✅', '🔎']",,2026-07-07T21:20:45
노브랜드,00305941,145170,KOSDAQ,연간x별도,재무제표,CV-3,PASS,rows=29 cols=6 slider_extended=True,,2026-07-07T21:20:45
노브랜드,00305941,145170,KOSDAQ,연간x별도,재무제표,DS-2/DS-3,DONE,"cross-check completed for ['매출액', '영업이익']",,2026-07-07T21:20:45
노브랜드,00305941,145170,KOSDAQ,연간x별도,지표,CV-6,PASS,default metric selection visible,,2026-07-07T21:20:45
노브랜드,00305941,145170,KOSDAQ,분기x연결,재무제표,DS-1,PASS,,,2026-07-07T21:20:51
노브랜드,00305941,145170,KOSDAQ,분기x연결,상단,DS-8,PASS,,,2026-07-07T21:20:51
노브랜드,00305941,145170,KOSDAQ,분기x연결,상단,DS-7,PASS,"badges seen: ['✅', '🔎']",,2026-07-07T21:20:51
노브랜드,00305941,145170,KOSDAQ,분기x연결,재무제표,CV-3,PASS,rows=29 cols=13 slider_extended=True,,2026-07-07T21:20:51
노브랜드,00305941,145170,KOSDAQ,분기x연결,재무제표,DS-2/DS-3,DONE,"cross-check completed for ['매출액', '영업이익']",,2026-07-07T21:20:51
노브랜드,00305941,145170,KOSDAQ,분기x연결,지표,CV-6,PASS,default metric selection visible,,2026-07-07T21:20:51
노브랜드,00305941,145170,KOSDAQ,분기x별도,재무제표,DS-1,PASS,,,2026-07-07T21:20:58
노브랜드,00305941,145170,KOSDAQ,분기x별도,상단,DS-8,PASS,,,2026-07-07T21:20:58
노브랜드,00305941,145170,KOSDAQ,분기x별도,상단,DS-7,PASS,"badges seen: ['✅', '🔎']",,2026-07-07T21:20:58
노브랜드,00305941,145170,KOSDAQ,분기x별도,재무제표,CV-3,PASS,rows=29 cols=13 slider_extended=True,,2026-07-07T21:20:58
노브랜드,00305941,145170,KOSDAQ,분기x별도,재무제표,DS-2/DS-3,DONE,"cross-check completed for ['매출액', '영업이익']",,2026-07-07T21:20:58
노브랜드,00305941,145170,KOSDAQ,분기x별도,지표,CV-6,PASS,default metric selection visible,,2026-07-07T21:20:58
노을,01494118,376930,KOSDAQ,연간x연결,재무제표,DS-1,PASS,,,2026-07-07T21:21:12
노을,01494118,376930,KOSDAQ,연간x연결,상단,DS-8,PASS,,,2026-07-07T21:21:12
노을,01494118,376930,KOSDAQ,연간x연결,상단,DS-7,PASS,"badges seen: ['✅', '🔎', '⚠']",,2026-07-07T21:21:12
노을,01494118,376930,KOSDAQ,연간x연결,재무제표,CV-3,PASS,rows=29 cols=9 slider_extended=True,,2026-07-07T21:21:12
노을,01494118,376930,KOSDAQ,연간x연결,재무제표,DS-2/DS-3,DONE,"cross-check completed for ['매출액', '영업이익']",,2026-07-07T21:21:12
노을,01494118,376930,KOSDAQ,연간x연결,지표,CV-6,PASS,default metric selection visible,,2026-07-07T21:21:12
노을,01494118,376930,KOSDAQ,연간x별도,재무제표,DS-1,PASS,,,2026-07-07T21:21:17
노을,01494118,376930,KOSDAQ,연간x별도,상단,DS-8,PASS,,,2026-07-07T21:21:17
노을,01494118,376930,KOSDAQ,연간x별도,상단,DS-7,PASS,"badges seen: ['✅', '🔎', '⚠']",,2026-07-07T21:21:17
노을,01494118,376930,KOSDAQ,연간x별도,재무제표,CV-3,PASS,rows=29 cols=9 slider_extended=True,,2026-07-07T21:21:17
노을,01494118,376930,KOSDAQ,연간x별도,재무제표,DS-2/DS-3,DONE,"cross-check completed for ['매출액', '영업이익']",,2026-07-07T21:21:17
노을,01494118,376930,KOSDAQ,연간x별도,지표,CV-6,PASS,default metric selection visible,,2026-07-07T21:21:17
노을,01494118,376930,KOSDAQ,분기x연결,재무제표,DS-1,PASS,,,2026-07-07T21:21:23
노을,01494118,376930,KOSDAQ,분기x연결,상단,DS-8,PASS,,,2026-07-07T21:21:23
노을,01494118,376930,KOSDAQ,분기x연결,상단,DS-7,PASS,"badges seen: ['✅', '🔎', '⚠']",,2026-07-07T21:21:23
노을,01494118,376930,KOSDAQ,분기x연결,재무제표,CV-3,PASS,rows=29 cols=24 slider_extended=True,,2026-07-07T21:21:23
노을,01494118,376930,KOSDAQ,분기x연결,재무제표,DS-2/DS-3,DONE,"cross-check completed for ['매출액', '영업이익']",,2026-07-07T21:21:23
노을,01494118,376930,KOSDAQ,분기x연결,지표,CV-6,PASS,default metric selection visible,,2026-07-07T21:21:23
노을,01494118,376930,KOSDAQ,분기x별도,재무제표,DS-1,PASS,,,2026-07-07T21:21:30
노을,01494118,376930,KOSDAQ,분기x별도,상단,DS-8,PASS,,,2026-07-07T21:21:30
노을,01494118,376930,KOSDAQ,분기x별도,상단,DS-7,PASS,"badges seen: ['✅', '🔎', '⚠']",,2026-07-07T21:21:30
노을,01494118,376930,KOSDAQ,분기x별도,재무제표,CV-3,PASS,rows=29 cols=24 slider_extended=True,,2026-07-07T21:21:30
노을,01494118,376930,KOSDAQ,분기x별도,재무제표,DS-2/DS-3,DONE,"cross-check completed for ['매출액', '영업이익']",,2026-07-07T21:21:30
노을,01494118,376930,KOSDAQ,분기x별도,지표,CV-6,PASS,default metric selection visible,,2026-07-07T21:21:30
노타,01810477,486990,KOSDAQ,연간x연결,재무제표,DS-1,PASS,,,2026-07-07T21:21:43
노타,01810477,486990,KOSDAQ,연간x연결,상단,DS-8,PASS,,,2026-07-07T21:21:43
노타,01810477,486990,KOSDAQ,연간x연결,상단,DS-7,PASS,"badges seen: ['✅', '🔎']",,2026-07-07T21:21:43
노타,01810477,486990,KOSDAQ,연간x연결,재무제표,CV-3,PASS,rows=29 cols=5 slider_extended=True,,2026-07-07T21:21:43
노타,01810477,486990,KOSDAQ,연간x연결,재무제표,DS-2/DS-3,DONE,"cross-check completed for ['매출액', '영업이익']",,2026-07-07T21:21:43
노타,01810477,486990,KOSDAQ,연간x연결,지표,CV-6,PASS,default metric selection visible,,2026-07-07T21:21:43
노타,01810477,486990,KOSDAQ,연간x별도,재무제표,DS-1,PASS,,,2026-07-07T21:21:49
노타,01810477,486990,KOSDAQ,연간x별도,상단,DS-8,PASS,,,2026-07-07T21:21:49
노타,01810477,486990,KOSDAQ,연간x별도,상단,DS-7,PASS,"badges seen: ['✅', '🔎']",,2026-07-07T21:21:49
노타,01810477,486990,KOSDAQ,연간x별도,재무제표,CV-3,PASS,rows=29 cols=5 slider_extended=True,,2026-07-07T21:21:49
노타,01810477,486990,KOSDAQ,연간x별도,재무제표,DS-2/DS-3,DONE,"cross-check completed for ['매출액', '영업이익']",,2026-07-07T21:21:49
노타,01810477,486990,KOSDAQ,연간x별도,지표,CV-6,PASS,default metric selection visible,,2026-07-07T21:21:49
노타,01810477,486990,KOSDAQ,분기x연결,재무제표,DS-1,PASS,,,2026-07-07T21:21:55
노타,01810477,486990,KOSDAQ,분기x연결,상단,DS-8,PASS,,,2026-07-07T21:21:55
노타,01810477,486990,KOSDAQ,분기x연결,상단,DS-7,PASS,"badges seen: ['✅', '🔎']",,2026-07-07T21:21:55
노타,01810477,486990,KOSDAQ,분기x연결,재무제표,CV-3,PASS,rows=29 cols=6 slider_extended=True,,2026-07-07T21:21:55
노타,01810477,486990,KOSDAQ,분기x연결,재무제표,DS-2/DS-3,DONE,"cross-check completed for ['매출액', '영업이익']",,2026-07-07T21:21:55
노타,01810477,486990,KOSDAQ,분기x연결,지표,CV-6,PASS,default metric selection visible,,2026-07-07T21:21:55
노타,01810477,486990,KOSDAQ,분기x별도,재무제표,DS-1,PASS,,,2026-07-07T21:22:02
노타,01810477,486990,KOSDAQ,분기x별도,상단,DS-8,PASS,,,2026-07-07T21:22:02
노타,01810477,486990,KOSDAQ,분기x별도,상단,DS-7,PASS,"badges seen: ['✅', '🔎']",,2026-07-07T21:22:02
노타,01810477,486990,KOSDAQ,분기x별도,재무제표,CV-3,PASS,rows=29 cols=6 slider_extended=True,,2026-07-07T21:22:02
노타,01810477,486990,KOSDAQ,분기x별도,재무제표,DS-2/DS-3,DONE,"cross-check completed for ['매출액', '영업이익']",,2026-07-07T21:22:02
노타,01810477,486990,KOSDAQ,분기x별도,지표,CV-6,PASS,default metric selection visible,,2026-07-07T21:22:02
녹십자엠에스,00513948,142280,KOSDAQ,연간x연결,재무제표,DS-1,PASS,,,2026-07-07T21:22:15
녹십자엠에스,00513948,142280,KOSDAQ,연간x연결,상단,DS-8,PASS,,,2026-07-07T21:22:15
녹십자엠에스,00513948,142280,KOSDAQ,연간x연결,상단,DS-7,PASS,"badges seen: ['✅', '🔎']",,2026-07-07T21:22:15
녹십자엠에스,00513948,142280,KOSDAQ,연간x연결,재무제표,CV-3,PASS,rows=29 cols=15 slider_extended=True,,2026-07-07T21:22:15
녹십자엠에스,00513948,142280,KOSDAQ,연간x연결,재무제표,DS-2/DS-3,DONE,"cross-check completed for ['매출액', '영업이익']",,2026-07-07T21:22:15
녹십자엠에스,00513948,142280,KOSDAQ,연간x연결,지표,CV-6,PASS,default metric selection visible,,2026-07-07T21:22:15
녹십자엠에스,00513948,142280,KOSDAQ,연간x별도,재무제표,DS-1,PASS,,,2026-07-07T21:22:20
녹십자엠에스,00513948,142280,KOSDAQ,연간x별도,상단,DS-8,PASS,,,2026-07-07T21:22:20
녹십자엠에스,00513948,142280,KOSDAQ,연간x별도,상단,DS-7,PASS,"badges seen: ['✅', '🔎']",,2026-07-07T21:22:20
녹십자엠에스,00513948,142280,KOSDAQ,연간x별도,재무제표,CV-3,PASS,rows=29 cols=16 slider_extended=True,,2026-07-07T21:22:20
녹십자엠에스,00513948,142280,KOSDAQ,연간x별도,재무제표,DS-2/DS-3,DONE,"cross-check completed for ['매출액', '영업이익']",,2026-07-07T21:22:20
녹십자엠에스,00513948,142280,KOSDAQ,연간x별도,지표,CV-6,PASS,default metric selection visible,,2026-07-07T21:22:20
녹십자엠에스,00513948,142280,KOSDAQ,분기x연결,재무제표,DS-1,PASS,,,2026-07-07T21:22:27
녹십자엠에스,00513948,142280,KOSDAQ,분기x연결,상단,DS-8,PASS,,,2026-07-07T21:22:27
녹십자엠에스,00513948,142280,KOSDAQ,분기x연결,상단,DS-7,PASS,"badges seen: ['✅', '🔎']",,2026-07-07T21:22:27
녹십자엠에스,00513948,142280,KOSDAQ,분기x연결,재무제표,CV-3,PASS,rows=29 cols=51 slider_extended=True,,2026-07-07T21:22:27
녹십자엠에스,00513948,142280,KOSDAQ,분기x연결,재무제표,DS-2/DS-3,DONE,"cross-check completed for ['매출액', '영업이익']",,2026-07-07T21:22:27
녹십자엠에스,00513948,142280,KOSDAQ,분기x연결,지표,CV-6,PASS,default metric selection visible,,2026-07-07T21:22:27
녹십자엠에스,00513948,142280,KOSDAQ,분기x별도,재무제표,DS-1,PASS,,,2026-07-07T21:22:34
녹십자엠에스,00513948,142280,KOSDAQ,분기x별도,상단,DS-8,PASS,,,2026-07-07T21:22:34
녹십자엠에스,00513948,142280,KOSDAQ,분기x별도,상단,DS-7,PASS,"badges seen: ['✅', '🔎', '⚠']",,2026-07-07T21:22:34
녹십자엠에스,00513948,142280,KOSDAQ,분기x별도,재무제표,CV-3,PASS,rows=29 cols=54 slider_extended=True,,2026-07-07T21:22:34
녹십자엠에스,00513948,142280,KOSDAQ,분기x별도,재무제표,DS-2/DS-3,DONE,"cross-check completed for ['매출액', '영업이익']",,2026-07-07T21:22:34
녹십자엠에스,00513948,142280,KOSDAQ,분기x별도,지표,CV-6,PASS,default metric selection visible,,2026-07-07T21:22:34
녹십자웰빙,01135057,234690,KOSDAQ,연간x연결,재무제표,DS-1,PASS,,,2026-07-07T21:22:47
녹십자웰빙,01135057,234690,KOSDAQ,연간x연결,상단,DS-8,PASS,,,2026-07-07T21:22:47
녹십자웰빙,01135057,234690,KOSDAQ,연간x연결,상단,DS-7,PASS,"badges seen: ['✅', '🔎']",,2026-07-07T21:22:47
녹십자웰빙,01135057,234690,KOSDAQ,연간x연결,재무제표,CV-3,PASS,rows=29 cols=5 slider_extended=True,,2026-07-07T21:22:47
녹십자웰빙,01135057,234690,KOSDAQ,연간x연결,재무제표,DS-2/DS-3,DONE,"cross-check completed for ['매출액', '영업이익']",,2026-07-07T21:22:47
녹십자웰빙,01135057,234690,KOSDAQ,연간x연결,지표,CV-6,PASS,default metric selection visible,,2026-07-07T21:22:47
녹십자웰빙,01135057,234690,KOSDAQ,연간x별도,재무제표,DS-1,PASS,,,2026-07-07T21:22:52
녹십자웰빙,01135057,234690,KOSDAQ,연간x별도,상단,DS-8,PASS,,,2026-07-07T21:22:52
녹십자웰빙,01135057,234690,KOSDAQ,연간x별도,상단,DS-7,PASS,"badges seen: ['✅', '🔎', '⚠']",,2026-07-07T21:22:52
녹십자웰빙,01135057,234690,KOSDAQ,연간x별도,재무제표,CV-3,PASS,rows=29 cols=11 slider_extended=True,,2026-07-07T21:22:52
녹십자웰빙,01135057,234690,KOSDAQ,연간x별도,재무제표,DS-2/DS-3,DONE,"cross-check completed for ['매출액', '영업이익']",,2026-07-07T21:22:52
녹십자웰빙,01135057,234690,KOSDAQ,연간x별도,지표,CV-6,PASS,default metric selection visible,,2026-07-07T21:22:52
녹십자웰빙,01135057,234690,KOSDAQ,분기x연결,재무제표,DS-1,PASS,,,2026-07-07T21:22:59
녹십자웰빙,01135057,234690,KOSDAQ,분기x연결,상단,DS-8,PASS,,,2026-07-07T21:22:59
녹십자웰빙,01135057,234690,KOSDAQ,분기x연결,상단,DS-7,PASS,"badges seen: ['✅', '🔎', '⚠']",,2026-07-07T21:22:59
녹십자웰빙,01135057,234690,KOSDAQ,분기x연결,재무제표,CV-3,PASS,rows=29 cols=13 slider_extended=True,,2026-07-07T21:22:59
녹십자웰빙,01135057,234690,KOSDAQ,분기x연결,재무제표,DS-2/DS-3,DONE,"cross-check completed for ['매출액', '영업이익']",,2026-07-07T21:22:59
녹십자웰빙,01135057,234690,KOSDAQ,분기x연결,지표,CV-6,PASS,default metric selection visible,,2026-07-07T21:22:59
녹십자웰빙,01135057,234690,KOSDAQ,분기x별도,재무제표,DS-1,PASS,,,2026-07-07T21:23:06
녹십자웰빙,01135057,234690,KOSDAQ,분기x별도,상단,DS-8,PASS,,,2026-07-07T21:23:06
녹십자웰빙,01135057,234690,KOSDAQ,분기x별도,상단,DS-7,PASS,"badges seen: ['✅', '🔎', '⚠']",,2026-07-07T21:23:06
녹십자웰빙,01135057,234690,KOSDAQ,분기x별도,재무제표,CV-3,PASS,rows=29 cols=32 slider_extended=True,,2026-07-07T21:23:06
녹십자웰빙,01135057,234690,KOSDAQ,분기x별도,재무제표,DS-2/DS-3,DONE,"cross-check completed for ['매출액', '영업이익']",,2026-07-07T21:23:06
녹십자웰빙,01135057,234690,KOSDAQ,분기x별도,지표,CV-6,PASS,default metric selection visible,,2026-07-07T21:23:06
누리플랜,00410997,069140,KOSDAQ,연간x연결,재무제표,DS-1,PASS,,,2026-07-07T21:23:19
누리플랜,00410997,069140,KOSDAQ,연간x연결,상단,DS-8,PASS,,,2026-07-07T21:23:19
누리플랜,00410997,069140,KOSDAQ,연간x연결,상단,DS-7,PASS,"badges seen: ['✅', '🔎']",,2026-07-07T21:23:19
누리플랜,00410997,069140,KOSDAQ,연간x연결,재무제표,CV-3,PASS,rows=29 cols=18 slider_extended=True,,2026-07-07T21:23:19
누리플랜,00410997,069140,KOSDAQ,연간x연결,재무제표,DS-2/DS-3,DONE,"cross-check completed for ['매출액', '영업이익']",,2026-07-07T21:23:19
누리플랜,00410997,069140,KOSDAQ,연간x연결,지표,CV-6,PASS,default metric selection visible,,2026-07-07T21:23:19
누리플랜,00410997,069140,KOSDAQ,연간x별도,재무제표,DS-1,PASS,,,2026-07-07T21:23:24
누리플랜,00410997,069140,KOSDAQ,연간x별도,상단,DS-8,PASS,,,2026-07-07T21:23:24
누리플랜,00410997,069140,KOSDAQ,연간x별도,상단,DS-7,PASS,"badges seen: ['✅', '🔎', '⚠']",,2026-07-07T21:23:24
누리플랜,00410997,069140,KOSDAQ,연간x별도,재무제표,CV-3,PASS,rows=29 cols=20 slider_extended=True,,2026-07-07T21:23:24
누리플랜,00410997,069140,KOSDAQ,연간x별도,재무제표,DS-2/DS-3,DONE,"cross-check completed for ['매출액', '영업이익']",,2026-07-07T21:23:24
누리플랜,00410997,069140,KOSDAQ,연간x별도,지표,CV-6,PASS,default metric selection visible,,2026-07-07T21:23:24
누리플랜,00410997,069140,KOSDAQ,분기x연결,재무제표,DS-1,PASS,,,2026-07-07T21:23:31
누리플랜,00410997,069140,KOSDAQ,분기x연결,상단,DS-8,PASS,,,2026-07-07T21:23:31
누리플랜,00410997,069140,KOSDAQ,분기x연결,상단,DS-7,PASS,"badges seen: ['✅', '🔎']",,2026-07-07T21:23:31
누리플랜,00410997,069140,KOSDAQ,분기x연결,재무제표,CV-3,PASS,rows=29 cols=54 slider_extended=True,,2026-07-07T21:23:31
누리플랜,00410997,069140,KOSDAQ,분기x연결,재무제표,DS-2/DS-3,DONE,"cross-check completed for ['매출액', '영업이익']",,2026-07-07T21:23:31
누리플랜,00410997,069140,KOSDAQ,분기x연결,지표,CV-6,PASS,default metric selection visible,,2026-07-07T21:23:31
누리플랜,00410997,069140,KOSDAQ,분기x별도,재무제표,DS-1,PASS,,,2026-07-07T21:23:38
누리플랜,00410997,069140,KOSDAQ,분기x별도,상단,DS-8,PASS,,,2026-07-07T21:23:38
누리플랜,00410997,069140,KOSDAQ,분기x별도,상단,DS-7,PASS,"badges seen: ['✅', '🔎']",,2026-07-07T21:23:38
누리플랜,00410997,069140,KOSDAQ,분기x별도,재무제표,CV-3,PASS,rows=29 cols=63 slider_extended=True,,2026-07-07T21:23:38
누리플랜,00410997,069140,KOSDAQ,분기x별도,재무제표,DS-2/DS-3,DONE,"cross-check completed for ['매출액', '영업이익']",,2026-07-07T21:23:38
누리플랜,00410997,069140,KOSDAQ,분기x별도,지표,CV-6,PASS,default metric selection visible,,2026-07-07T21:23:38
누리플렉스,00269889,040160,KOSDAQ,연간x연결,재무제표,DS-1,PASS,,,2026-07-07T21:23:51
누리플렉스,00269889,040160,KOSDAQ,연간x연결,상단,DS-8,PASS,,,2026-07-07T21:23:51
누리플렉스,00269889,040160,KOSDAQ,연간x연결,상단,DS-7,PASS,"badges seen: ['✅', '🔎', '⚠']",,2026-07-07T21:23:51
누리플렉스,00269889,040160,KOSDAQ,연간x연결,재무제표,CV-3,PASS,rows=29 cols=19 slider_extended=True,,2026-07-07T21:23:51
누리플렉스,00269889,040160,KOSDAQ,연간x연결,재무제표,DS-2/DS-3,DONE,"cross-check completed for ['매출액', '영업이익']",,2026-07-07T21:23:51
누리플렉스,00269889,040160,KOSDAQ,연간x연결,지표,CV-6,PASS,default metric selection visible,,2026-07-07T21:23:51
누리플렉스,00269889,040160,KOSDAQ,연간x별도,재무제표,DS-1,PASS,,,2026-07-07T21:23:57
누리플렉스,00269889,040160,KOSDAQ,연간x별도,상단,DS-8,PASS,,,2026-07-07T21:23:57
누리플렉스,00269889,040160,KOSDAQ,연간x별도,상단,DS-7,PASS,"badges seen: ['✅', '🔎', '⚠']",,2026-07-07T21:23:57
누리플렉스,00269889,040160,KOSDAQ,연간x별도,재무제표,CV-3,PASS,rows=29 cols=24 slider_extended=True,,2026-07-07T21:23:57
누리플렉스,00269889,040160,KOSDAQ,연간x별도,재무제표,DS-2/DS-3,DONE,"cross-check completed for ['매출액', '영업이익']",,2026-07-07T21:23:57
누리플렉스,00269889,040160,KOSDAQ,연간x별도,지표,CV-6,PASS,default metric selection visible,,2026-07-07T21:23:57
누리플렉스,00269889,040160,KOSDAQ,분기x연결,재무제표,DS-1,PASS,,,2026-07-07T21:24:03
누리플렉스,00269889,040160,KOSDAQ,분기x연결,상단,DS-8,PASS,,,2026-07-07T21:24:03
누리플렉스,00269889,040160,KOSDAQ,분기x연결,상단,DS-7,PASS,"badges seen: ['✅', '🔎']",,2026-07-07T21:24:03
누리플렉스,00269889,040160,KOSDAQ,분기x연결,재무제표,CV-3,PASS,rows=29 cols=60 slider_extended=True,,2026-07-07T21:24:03
누리플렉스,00269889,040160,KOSDAQ,분기x연결,재무제표,DS-2/DS-3,DONE,"cross-check completed for ['매출액', '영업이익']",,2026-07-07T21:24:03
누리플렉스,00269889,040160,KOSDAQ,분기x연결,지표,CV-6,PASS,default metric selection visible,,2026-07-07T21:24:03
누리플렉스,00269889,040160,KOSDAQ,분기x별도,재무제표,DS-1,PASS,,,2026-07-07T21:24:10
누리플렉스,00269889,040160,KOSDAQ,분기x별도,상단,DS-8,PASS,,,2026-07-07T21:24:10
누리플렉스,00269889,040160,KOSDAQ,분기x별도,상단,DS-7,PASS,"badges seen: ['✅', '🔎']",,2026-07-07T21:24:10
누리플렉스,00269889,040160,KOSDAQ,분기x별도,재무제표,CV-3,PASS,rows=29 cols=82 slider_extended=True,,2026-07-07T21:24:10
누리플렉스,00269889,040160,KOSDAQ,분기x별도,재무제표,DS-2/DS-3,DONE,"cross-check completed for ['매출액', '영업이익']",,2026-07-07T21:24:10
누리플렉스,00269889,040160,KOSDAQ,분기x별도,지표,CV-6,PASS,default metric selection visible,,2026-07-07T21:24:10
누보,01394669,332290,KOSDAQ,연간x연결,재무제표,DS-1,PASS,,,2026-07-07T21:24:24
누보,01394669,332290,KOSDAQ,연간x연결,상단,DS-8,PASS,,,2026-07-07T21:24:24
누보,01394669,332290,KOSDAQ,연간x연결,상단,DS-7,PASS,"badges seen: ['✅', '🔎']",,2026-07-07T21:24:24
누보,01394669,332290,KOSDAQ,연간x연결,재무제표,CV-3,PASS,rows=29 cols=8 slider_extended=True,,2026-07-07T21:24:24
누보,01394669,332290,KOSDAQ,연간x연결,재무제표,DS-2/DS-3,DONE,"cross-check completed for ['매출액', '영업이익']",,2026-07-07T21:24:24
누보,01394669,332290,KOSDAQ,연간x연결,지표,CV-6,PASS,default metric selection visible,,2026-07-07T21:24:24
누보,01394669,332290,KOSDAQ,연간x별도,재무제표,DS-1,PASS,,,2026-07-07T21:24:29
누보,01394669,332290,KOSDAQ,연간x별도,상단,DS-8,PASS,,,2026-07-07T21:24:29
누보,01394669,332290,KOSDAQ,연간x별도,상단,DS-7,PASS,"badges seen: ['✅', '🔎']",,2026-07-07T21:24:29
누보,01394669,332290,KOSDAQ,연간x별도,재무제표,CV-3,PASS,rows=29 cols=9 slider_extended=True,,2026-07-07T21:24:29
누보,01394669,332290,KOSDAQ,연간x별도,재무제표,DS-2/DS-3,DONE,"cross-check completed for ['매출액', '영업이익']",,2026-07-07T21:24:29
누보,01394669,332290,KOSDAQ,연간x별도,지표,CV-6,PASS,default metric selection visible,,2026-07-07T21:24:29
누보,01394669,332290,KOSDAQ,분기x연결,재무제표,DS-1,PASS,,,2026-07-07T21:24:35
누보,01394669,332290,KOSDAQ,분기x연결,상단,DS-8,PASS,,,2026-07-07T21:24:35
누보,01394669,332290,KOSDAQ,분기x연결,상단,DS-7,PASS,"badges seen: ['✅', '🔎']",,2026-07-07T21:24:35
누보,01394669,332290,KOSDAQ,분기x연결,재무제표,CV-3,PASS,rows=29 cols=24 slider_extended=True,,2026-07-07T21:24:35
누보,01394669,332290,KOSDAQ,분기x연결,재무제표,DS-2/DS-3,DONE,"cross-check completed for ['매출액', '영업이익']",,2026-07-07T21:24:35
누보,01394669,332290,KOSDAQ,분기x연결,지표,CV-6,PASS,default metric selection visible,,2026-07-07T21:24:35
누보,01394669,332290,KOSDAQ,분기x별도,재무제표,DS-1,PASS,,,2026-07-07T21:24:42
누보,01394669,332290,KOSDAQ,분기x별도,상단,DS-8,PASS,,,2026-07-07T21:24:42
누보,01394669,332290,KOSDAQ,분기x별도,상단,DS-7,PASS,"badges seen: ['✅', '🔎']",,2026-07-07T21:24:42
누보,01394669,332290,KOSDAQ,분기x별도,재무제표,CV-3,PASS,rows=29 cols=28 slider_extended=True,,2026-07-07T21:24:42
누보,01394669,332290,KOSDAQ,분기x별도,재무제표,DS-2/DS-3,DONE,"cross-check completed for ['매출액', '영업이익']",,2026-07-07T21:24:42
누보,01394669,332290,KOSDAQ,분기x별도,지표,CV-6,PASS,default metric selection visible,,2026-07-07T21:24:42
뉴로메카,01336461,348340,KOSDAQ,연간x연결,재무제표,DS-1,PASS,,,2026-07-07T21:24:55
뉴로메카,01336461,348340,KOSDAQ,연간x연결,상단,DS-8,PASS,,,2026-07-07T21:24:55
뉴로메카,01336461,348340,KOSDAQ,연간x연결,상단,DS-7,PASS,"badges seen: ['✅', '🔎', '⚠']",,2026-07-07T21:24:55
뉴로메카,01336461,348340,KOSDAQ,연간x연결,재무제표,CV-3,PASS,rows=29 cols=8 slider_extended=True,,2026-07-07T21:24:55
뉴로메카,01336461,348340,KOSDAQ,연간x연결,재무제표,DS-2/DS-3,DONE,"cross-check completed for ['매출액', '영업이익']",,2026-07-07T21:24:55
뉴로메카,01336461,348340,KOSDAQ,연간x연결,지표,CV-6,PASS,default metric selection visible,,2026-07-07T21:24:55
뉴로메카,01336461,348340,KOSDAQ,연간x별도,재무제표,DS-1,PASS,,,2026-07-07T21:25:00
뉴로메카,01336461,348340,KOSDAQ,연간x별도,상단,DS-8,PASS,,,2026-07-07T21:25:00
뉴로메카,01336461,348340,KOSDAQ,연간x별도,상단,DS-7,PASS,"badges seen: ['✅', '🔎', '⚠']",,2026-07-07T21:25:00
뉴로메카,01336461,348340,KOSDAQ,연간x별도,재무제표,CV-3,PASS,rows=29 cols=8 slider_extended=True,,2026-07-07T21:25:00
뉴로메카,01336461,348340,KOSDAQ,연간x별도,재무제표,DS-2/DS-3,DONE,"cross-check completed for ['매출액', '영업이익']",,2026-07-07T21:25:00
뉴로메카,01336461,348340,KOSDAQ,연간x별도,지표,CV-6,PASS,default metric selection visible,,2026-07-07T21:25:00
뉴로메카,01336461,348340,KOSDAQ,분기x연결,재무제표,DS-1,PASS,,,2026-07-07T21:25:07
뉴로메카,01336461,348340,KOSDAQ,분기x연결,상단,DS-8,PASS,,,2026-07-07T21:25:07
뉴로메카,01336461,348340,KOSDAQ,분기x연결,상단,DS-7,PASS,"badges seen: ['✅', '🔎', '⚠']",,2026-07-07T21:25:07
뉴로메카,01336461,348340,KOSDAQ,분기x연결,재무제표,CV-3,PASS,rows=29 cols=20 slider_extended=True,,2026-07-07T21:25:07
뉴로메카,01336461,348340,KOSDAQ,분기x연결,재무제표,DS-2/DS-3,DONE,"cross-check completed for ['매출액', '영업이익']",,2026-07-07T21:25:07
뉴로메카,01336461,348340,KOSDAQ,분기x연결,지표,CV-6,PASS,default metric selection visible,,2026-07-07T21:25:07
뉴로메카,01336461,348340,KOSDAQ,분기x별도,재무제표,DS-1,PASS,,,2026-07-07T21:25:14
뉴로메카,01336461,348340,KOSDAQ,분기x별도,상단,DS-8,PASS,,,2026-07-07T21:25:14
뉴로메카,01336461,348340,KOSDAQ,분기x별도,상단,DS-7,PASS,"badges seen: ['✅', '🔎', '⚠']",,2026-07-07T21:25:14
뉴로메카,01336461,348340,KOSDAQ,분기x별도,재무제표,CV-3,PASS,rows=29 cols=20 slider_extended=True,,2026-07-07T21:25:14
뉴로메카,01336461,348340,KOSDAQ,분기x별도,재무제표,DS-2/DS-3,DONE,"cross-check completed for ['매출액', '영업이익']",,2026-07-07T21:25:14
뉴로메카,01336461,348340,KOSDAQ,분기x별도,지표,CV-6,PASS,default metric selection visible,,2026-07-07T21:25:14
뉴로핏,01782004,380550,KOSDAQ,연간x연결,재무제표,DS-1,PASS,,,2026-07-07T21:25:27
뉴로핏,01782004,380550,KOSDAQ,연간x연결,상단,DS-8,PASS,,,2026-07-07T21:25:27
뉴로핏,01782004,380550,KOSDAQ,연간x연결,상단,DS-7,PASS,"badges seen: ['✅', '🔎']",,2026-07-07T21:25:27
뉴로핏,01782004,380550,KOSDAQ,연간x연결,재무제표,CV-3,PASS,rows=29 cols=5 slider_extended=True,,2026-07-07T21:25:27
뉴로핏,01782004,380550,KOSDAQ,연간x연결,재무제표,DS-2/DS-3,DONE,"cross-check completed for ['매출액', '영업이익']",,2026-07-07T21:25:27
뉴로핏,01782004,380550,KOSDAQ,연간x연결,지표,CV-6,PASS,default metric selection visible,,2026-07-07T21:25:27
뉴로핏,01782004,380550,KOSDAQ,연간x별도,재무제표,DS-1,PASS,,,2026-07-07T21:25:32
뉴로핏,01782004,380550,KOSDAQ,연간x별도,상단,DS-8,PASS,,,2026-07-07T21:25:32
뉴로핏,01782004,380550,KOSDAQ,연간x별도,상단,DS-7,PASS,"badges seen: ['✅', '🔎']",,2026-07-07T21:25:32
뉴로핏,01782004,380550,KOSDAQ,연간x별도,재무제표,CV-3,PASS,rows=29 cols=5 slider_extended=True,,2026-07-07T21:25:32
뉴로핏,01782004,380550,KOSDAQ,연간x별도,재무제표,DS-2/DS-3,DONE,"cross-check completed for ['매출액', '영업이익']",,2026-07-07T21:25:32
뉴로핏,01782004,380550,KOSDAQ,연간x별도,지표,CV-6,PASS,default metric selection visible,,2026-07-07T21:25:32
뉴로핏,01782004,380550,KOSDAQ,분기x연결,재무제표,DS-1,PASS,,,2026-07-07T21:25:38
뉴로핏,01782004,380550,KOSDAQ,분기x연결,상단,DS-8,PASS,,,2026-07-07T21:25:38
뉴로핏,01782004,380550,KOSDAQ,분기x연결,상단,DS-7,PASS,"badges seen: ['✅', '🔎']",,2026-07-07T21:25:38
뉴로핏,01782004,380550,KOSDAQ,분기x연결,재무제표,CV-3,PASS,rows=29 cols=4 slider_extended=True,,2026-07-07T21:25:38
뉴로핏,01782004,380550,KOSDAQ,분기x연결,재무제표,DS-2/DS-3,DONE,"cross-check completed for ['매출액', '영업이익']",,2026-07-07T21:25:38
뉴로핏,01782004,380550,KOSDAQ,분기x연결,지표,CV-6,PASS,default metric selection visible,,2026-07-07T21:25:38
뉴로핏,01782004,380550,KOSDAQ,분기x별도,재무제표,DS-1,PASS,,,2026-07-07T21:25:45
뉴로핏,01782004,380550,KOSDAQ,분기x별도,상단,DS-8,PASS,,,2026-07-07T21:25:45
뉴로핏,01782004,380550,KOSDAQ,분기x별도,상단,DS-7,PASS,"badges seen: ['✅', '🔎']",,2026-07-07T21:25:45
뉴로핏,01782004,380550,KOSDAQ,분기x별도,재무제표,CV-3,PASS,rows=29 cols=9 slider_extended=True,,2026-07-07T21:25:45
뉴로핏,01782004,380550,KOSDAQ,분기x별도,재무제표,DS-2/DS-3,DONE,"cross-check completed for ['매출액', '영업이익']",,2026-07-07T21:25:45
뉴로핏,01782004,380550,KOSDAQ,분기x별도,지표,CV-6,PASS,default metric selection visible,,2026-07-07T21:25:45
뉴보텍,00351375,060260,KOSDAQ,연간x연결,재무제표,DS-1,PASS,,,2026-07-07T21:25:59
뉴보텍,00351375,060260,KOSDAQ,연간x연결,상단,DS-8,PASS,,,2026-07-07T21:25:59
뉴보텍,00351375,060260,KOSDAQ,연간x연결,상단,DS-7,PASS,"badges seen: ['✅', '🔎']",,2026-07-07T21:25:59
뉴보텍,00351375,060260,KOSDAQ,연간x연결,재무제표,CV-3,PASS,rows=29 cols=9 slider_extended=True,,2026-07-07T21:25:59
뉴보텍,00351375,060260,KOSDAQ,연간x연결,재무제표,DS-2/DS-3,DONE,"cross-check completed for ['매출액', '영업이익']",,2026-07-07T21:25:59
뉴보텍,00351375,060260,KOSDAQ,연간x연결,지표,CV-6,PASS,default metric selection visible,,2026-07-07T21:25:59
뉴보텍,00351375,060260,KOSDAQ,연간x별도,재무제표,DS-1,PASS,,,2026-07-07T21:26:04
뉴보텍,00351375,060260,KOSDAQ,연간x별도,상단,DS-8,PASS,,,2026-07-07T21:26:04
뉴보텍,00351375,060260,KOSDAQ,연간x별도,상단,DS-7,PASS,"badges seen: ['✅', '🔎', '⚠']",,2026-07-07T21:26:04
뉴보텍,00351375,060260,KOSDAQ,연간x별도,재무제표,CV-3,PASS,rows=29 cols=26 slider_extended=True,,2026-07-07T21:26:04
뉴보텍,00351375,060260,KOSDAQ,연간x별도,재무제표,DS-2/DS-3,DONE,"cross-check completed for ['매출액', '영업이익']",,2026-07-07T21:26:04
뉴보텍,00351375,060260,KOSDAQ,연간x별도,지표,CV-6,PASS,default metric selection visible,,2026-07-07T21:26:04
뉴보텍,00351375,060260,KOSDAQ,분기x연결,재무제표,DS-1,PASS,,,2026-07-07T21:26:10
뉴보텍,00351375,060260,KOSDAQ,분기x연결,상단,DS-8,PASS,,,2026-07-07T21:26:10
뉴보텍,00351375,060260,KOSDAQ,분기x연결,상단,DS-7,PASS,"badges seen: ['✅', '🔎']",,2026-07-07T21:26:10
뉴보텍,00351375,060260,KOSDAQ,분기x연결,재무제표,CV-3,PASS,rows=29 cols=29 slider_extended=True,,2026-07-07T21:26:10
뉴보텍,00351375,060260,KOSDAQ,분기x연결,재무제표,DS-2/DS-3,DONE,"cross-check completed for ['매출액', '영업이익']",,2026-07-07T21:26:10
뉴보텍,00351375,060260,KOSDAQ,분기x연결,지표,CV-6,PASS,default metric selection visible,,2026-07-07T21:26:10
뉴보텍,00351375,060260,KOSDAQ,분기x별도,재무제표,DS-1,PASS,,,2026-07-07T21:26:17
뉴보텍,00351375,060260,KOSDAQ,분기x별도,상단,DS-8,PASS,,,2026-07-07T21:26:17
뉴보텍,00351375,060260,KOSDAQ,분기x별도,상단,DS-7,PASS,"badges seen: ['✅', '🔎', '⚠']",,2026-07-07T21:26:17
뉴보텍,00351375,060260,KOSDAQ,분기x별도,재무제표,CV-3,PASS,rows=29 cols=85 slider_extended=True,,2026-07-07T21:26:17
뉴보텍,00351375,060260,KOSDAQ,분기x별도,재무제표,DS-2/DS-3,DONE,"cross-check completed for ['매출액', '영업이익']",,2026-07-07T21:26:17
뉴보텍,00351375,060260,KOSDAQ,분기x별도,지표,CV-6,PASS,default metric selection visible,,2026-07-07T21:26:17
뉴온,00809429,123840,KOSDAQ,연간x연결,재무제표,DS-1,PASS,,,2026-07-07T21:26:31
뉴온,00809429,123840,KOSDAQ,연간x연결,상단,DS-8,PASS,,,2026-07-07T21:26:31
뉴온,00809429,123840,KOSDAQ,연간x연결,상단,DS-7,PASS,"badges seen: ['✅', '🔎', '⚠']",,2026-07-07T21:26:31
뉴온,00809429,123840,KOSDAQ,연간x연결,재무제표,CV-3,PASS,rows=29 cols=17 slider_extended=True,,2026-07-07T21:26:31
뉴온,00809429,123840,KOSDAQ,연간x연결,재무제표,DS-2/DS-3,DONE,"cross-check completed for ['매출액', '영업이익']",,2026-07-07T21:26:31
뉴온,00809429,123840,KOSDAQ,연간x연결,지표,CV-6,PASS,default metric selection visible,,2026-07-07T21:26:31
뉴온,00809429,123840,KOSDAQ,연간x별도,재무제표,DS-1,PASS,,,2026-07-07T21:26:36
뉴온,00809429,123840,KOSDAQ,연간x별도,상단,DS-8,PASS,,,2026-07-07T21:26:36
뉴온,00809429,123840,KOSDAQ,연간x별도,상단,DS-7,PASS,"badges seen: ['✅', '🔎', '⚠']",,2026-07-07T21:26:36
뉴온,00809429,123840,KOSDAQ,연간x별도,재무제표,CV-3,PASS,rows=29 cols=18 slider_extended=True,,2026-07-07T21:26:36
뉴온,00809429,123840,KOSDAQ,연간x별도,재무제표,DS-2/DS-3,DONE,"cross-check completed for ['매출액', '영업이익']",,2026-07-07T21:26:36
뉴온,00809429,123840,KOSDAQ,연간x별도,지표,CV-6,PASS,default metric selection visible,,2026-07-07T21:26:36
뉴온,00809429,123840,KOSDAQ,분기x연결,재무제표,DS-1,PASS,,,2026-07-07T21:26:42
뉴온,00809429,123840,KOSDAQ,분기x연결,상단,DS-8,PASS,,,2026-07-07T21:26:42
뉴온,00809429,123840,KOSDAQ,분기x연결,상단,DS-7,PASS,"badges seen: ['✅', '🔎', '⚠']",,2026-07-07T21:26:42
뉴온,00809429,123840,KOSDAQ,분기x연결,재무제표,CV-3,PASS,rows=29 cols=57 slider_extended=True,,2026-07-07T21:26:42
뉴온,00809429,123840,KOSDAQ,분기x연결,재무제표,DS-2/DS-3,DONE,"cross-check completed for ['매출액', '영업이익']",,2026-07-07T21:26:42
뉴온,00809429,123840,KOSDAQ,분기x연결,지표,CV-6,PASS,default metric selection visible,,2026-07-07T21:26:42
뉴온,00809429,123840,KOSDAQ,분기x별도,재무제표,DS-1,PASS,,,2026-07-07T21:26:49
뉴온,00809429,123840,KOSDAQ,분기x별도,상단,DS-8,PASS,,,2026-07-07T21:26:49
뉴온,00809429,123840,KOSDAQ,분기x별도,상단,DS-7,PASS,"badges seen: ['✅', '🔎', '⚠']",,2026-07-07T21:26:49
뉴온,00809429,123840,KOSDAQ,분기x별도,재무제표,CV-3,PASS,rows=29 cols=60 slider_extended=True,,2026-07-07T21:26:49
뉴온,00809429,123840,KOSDAQ,분기x별도,재무제표,DS-2/DS-3,DONE,"cross-check completed for ['매출액', '영업이익']",,2026-07-07T21:26:49
뉴온,00809429,123840,KOSDAQ,분기x별도,지표,CV-6,PASS,default metric selection visible,,2026-07-07T21:26:49
뉴인텍,00105040,012340,KOSDAQ,연간x연결,재무제표,DS-1,PASS,,,2026-07-07T21:27:03
뉴인텍,00105040,012340,KOSDAQ,연간x연결,상단,DS-8,PASS,,,2026-07-07T21:27:03
뉴인텍,00105040,012340,KOSDAQ,연간x연결,상단,DS-7,PASS,"badges seen: ['✅', '🔎', '⚠']",,2026-07-07T21:27:03
뉴인텍,00105040,012340,KOSDAQ,연간x연결,재무제표,CV-3,PASS,rows=29 cols=19 slider_extended=True,,2026-07-07T21:27:03
뉴인텍,00105040,012340,KOSDAQ,연간x연결,재무제표,DS-2/DS-3,DONE,"cross-check completed for ['매출액', '영업이익']",,2026-07-07T21:27:03
뉴인텍,00105040,012340,KOSDAQ,연간x연결,지표,CV-6,PASS,default metric selection visible,,2026-07-07T21:27:03
뉴인텍,00105040,012340,KOSDAQ,연간x별도,재무제표,DS-1,PASS,,,2026-07-07T21:27:08
뉴인텍,00105040,012340,KOSDAQ,연간x별도,상단,DS-8,PASS,,,2026-07-07T21:27:08
뉴인텍,00105040,012340,KOSDAQ,연간x별도,상단,DS-7,PASS,"badges seen: ['✅', '🔎', '⚠']",,2026-07-07T21:27:08
뉴인텍,00105040,012340,KOSDAQ,연간x별도,재무제표,CV-3,PASS,rows=29 cols=29 slider_extended=True,,2026-07-07T21:27:08
뉴인텍,00105040,012340,KOSDAQ,연간x별도,재무제표,DS-2/DS-3,DONE,"cross-check completed for ['매출액', '영업이익']",,2026-07-07T21:27:08
뉴인텍,00105040,012340,KOSDAQ,연간x별도,지표,CV-6,PASS,default metric selection visible,,2026-07-07T21:27:08
뉴인텍,00105040,012340,KOSDAQ,분기x연결,재무제표,DS-1,PASS,,,2026-07-07T21:27:14
뉴인텍,00105040,012340,KOSDAQ,분기x연결,상단,DS-8,PASS,,,2026-07-07T21:27:14
뉴인텍,00105040,012340,KOSDAQ,분기x연결,상단,DS-7,PASS,"badges seen: ['✅', '🔎', '⚠']",,2026-07-07T21:27:14
뉴인텍,00105040,012340,KOSDAQ,분기x연결,재무제표,CV-3,PASS,rows=29 cols=62 slider_extended=True,,2026-07-07T21:27:14
뉴인텍,00105040,012340,KOSDAQ,분기x연결,재무제표,DS-2/DS-3,DONE,"cross-check completed for ['매출액', '영업이익']",,2026-07-07T21:27:14
뉴인텍,00105040,012340,KOSDAQ,분기x연결,지표,CV-6,PASS,default metric selection visible,,2026-07-07T21:27:14
뉴인텍,00105040,012340,KOSDAQ,분기x별도,재무제표,DS-1,PASS,,,2026-07-07T21:27:22
뉴인텍,00105040,012340,KOSDAQ,분기x별도,상단,DS-8,PASS,,,2026-07-07T21:27:22
뉴인텍,00105040,012340,KOSDAQ,분기x별도,상단,DS-7,PASS,"badges seen: ['✅', '🔎', '⚠']",,2026-07-07T21:27:22
뉴인텍,00105040,012340,KOSDAQ,분기x별도,재무제표,CV-3,PASS,rows=29 cols=87 slider_extended=True,,2026-07-07T21:27:22
뉴인텍,00105040,012340,KOSDAQ,분기x별도,재무제표,DS-2/DS-3,DONE,"cross-check completed for ['매출액', '영업이익']",,2026-07-07T21:27:22
뉴인텍,00105040,012340,KOSDAQ,분기x별도,지표,CV-6,PASS,default metric selection visible,,2026-07-07T21:27:22
뉴키즈온,01467503,462310,KOSDAQ,연간x연결,재무제표,DS-1,PASS,,,2026-07-07T21:27:35
뉴키즈온,01467503,462310,KOSDAQ,연간x연결,상단,DS-8,PASS,,,2026-07-07T21:27:35
뉴키즈온,01467503,462310,KOSDAQ,연간x연결,상단,DS-7,PASS,"badges seen: ['✅', '🔎']",,2026-07-07T21:27:35
뉴키즈온,01467503,462310,KOSDAQ,연간x연결,재무제표,CV-3,PASS,rows=29 cols=5 slider_extended=True,,2026-07-07T21:27:35
뉴키즈온,01467503,462310,KOSDAQ,연간x연결,재무제표,DS-2/DS-3,DONE,"cross-check completed for ['매출액', '영업이익']",,2026-07-07T21:27:35
뉴키즈온,01467503,462310,KOSDAQ,연간x연결,지표,CV-6,PASS,default metric selection visible,,2026-07-07T21:27:35
뉴키즈온,01467503,462310,KOSDAQ,연간x별도,재무제표,DS-1,PASS,,,2026-07-07T21:27:40
뉴키즈온,01467503,462310,KOSDAQ,연간x별도,상단,DS-8,PASS,,,2026-07-07T21:27:40
뉴키즈온,01467503,462310,KOSDAQ,연간x별도,상단,DS-7,PASS,"badges seen: ['✅', '🔎']",,2026-07-07T21:27:40
뉴키즈온,01467503,462310,KOSDAQ,연간x별도,재무제표,CV-3,PASS,rows=29 cols=5 slider_extended=True,,2026-07-07T21:27:40
뉴키즈온,01467503,462310,KOSDAQ,연간x별도,재무제표,DS-2/DS-3,DONE,"cross-check completed for ['매출액', '영업이익']",,2026-07-07T21:27:40
뉴키즈온,01467503,462310,KOSDAQ,연간x별도,지표,CV-6,PASS,default metric selection visible,,2026-07-07T21:27:40
뉴키즈온,01467503,462310,KOSDAQ,분기x연결,재무제표,DS-1,PASS,,,2026-07-07T21:27:46
뉴키즈온,01467503,462310,KOSDAQ,분기x연결,상단,DS-8,PASS,,,2026-07-07T21:27:46
뉴키즈온,01467503,462310,KOSDAQ,분기x연결,상단,DS-7,PASS,"badges seen: ['✅', '🔎']",,2026-07-07T21:27:46
뉴키즈온,01467503,462310,KOSDAQ,분기x연결,재무제표,CV-3,PASS,rows=29 cols=9 slider_extended=True,,2026-07-07T21:27:46
뉴키즈온,01467503,462310,KOSDAQ,분기x연결,재무제표,DS-2/DS-3,DONE,"cross-check completed for ['매출액', '영업이익']",,2026-07-07T21:27:46
뉴키즈온,01467503,462310,KOSDAQ,분기x연결,지표,CV-6,PASS,default metric selection visible,,2026-07-07T21:27:46
뉴키즈온,01467503,462310,KOSDAQ,분기x별도,재무제표,DS-1,PASS,,,2026-07-07T21:27:53
뉴키즈온,01467503,462310,KOSDAQ,분기x별도,상단,DS-8,PASS,,,2026-07-07T21:27:53
뉴키즈온,01467503,462310,KOSDAQ,분기x별도,상단,DS-7,PASS,"badges seen: ['✅', '🔎']",,2026-07-07T21:27:53
뉴키즈온,01467503,462310,KOSDAQ,분기x별도,재무제표,CV-3,PASS,rows=29 cols=9 slider_extended=True,,2026-07-07T21:27:53
뉴키즈온,01467503,462310,KOSDAQ,분기x별도,재무제표,DS-2/DS-3,DONE,"cross-check completed for ['매출액', '영업이익']",,2026-07-07T21:27:53
뉴키즈온,01467503,462310,KOSDAQ,분기x별도,지표,CV-6,PASS,default metric selection visible,,2026-07-07T21:27:53
뉴트리,01214248,270870,KOSDAQ,연간x연결,재무제표,DS-1,PASS,,,2026-07-07T21:28:07
뉴트리,01214248,270870,KOSDAQ,연간x연결,상단,DS-8,PASS,,,2026-07-07T21:28:07
뉴트리,01214248,270870,KOSDAQ,연간x연결,상단,DS-7,PASS,"badges seen: ['✅', '🔎', '⚠']",,2026-07-07T21:28:07
뉴트리,01214248,270870,KOSDAQ,연간x연결,재무제표,CV-3,PASS,rows=29 cols=12 slider_extended=True,,2026-07-07T21:28:07
뉴트리,01214248,270870,KOSDAQ,연간x연결,재무제표,DS-2/DS-3,DONE,"cross-check completed for ['매출액', '영업이익']",,2026-07-07T21:28:07
뉴트리,01214248,270870,KOSDAQ,연간x연결,지표,CV-6,PASS,default metric selection visible,,2026-07-07T21:28:07
뉴트리,01214248,270870,KOSDAQ,연간x별도,재무제표,DS-1,PASS,,,2026-07-07T21:28:12
뉴트리,01214248,270870,KOSDAQ,연간x별도,상단,DS-8,PASS,,,2026-07-07T21:28:12
뉴트리,01214248,270870,KOSDAQ,연간x별도,상단,DS-7,PASS,"badges seen: ['✅', '🔎', '⚠']",,2026-07-07T21:28:12
뉴트리,01214248,270870,KOSDAQ,연간x별도,재무제표,CV-3,PASS,rows=29 cols=12 slider_extended=True,,2026-07-07T21:28:12
뉴트리,01214248,270870,KOSDAQ,연간x별도,재무제표,DS-2/DS-3,DONE,"cross-check completed for ['매출액', '영업이익']",,2026-07-07T21:28:12
뉴트리,01214248,270870,KOSDAQ,연간x별도,지표,CV-6,PASS,default metric selection visible,,2026-07-07T21:28:12
뉴트리,01214248,270870,KOSDAQ,분기x연결,재무제표,DS-1,PASS,,,2026-07-07T21:28:18
뉴트리,01214248,270870,KOSDAQ,분기x연결,상단,DS-8,PASS,,,2026-07-07T21:28:18
뉴트리,01214248,270870,KOSDAQ,분기x연결,상단,DS-7,PASS,"badges seen: ['✅', '🔎']",,2026-07-07T21:28:18
뉴트리,01214248,270870,KOSDAQ,분기x연결,재무제표,CV-3,PASS,rows=29 cols=36 slider_extended=True,,2026-07-07T21:28:18
뉴트리,01214248,270870,KOSDAQ,분기x연결,재무제표,DS-2/DS-3,DONE,"cross-check completed for ['매출액', '영업이익']",,2026-07-07T21:28:18
뉴트리,01214248,270870,KOSDAQ,분기x연결,지표,CV-6,PASS,default metric selection visible,,2026-07-07T21:28:18
뉴트리,01214248,270870,KOSDAQ,분기x별도,재무제표,DS-1,PASS,,,2026-07-07T21:28:25
뉴트리,01214248,270870,KOSDAQ,분기x별도,상단,DS-8,PASS,,,2026-07-07T21:28:25
뉴트리,01214248,270870,KOSDAQ,분기x별도,상단,DS-7,PASS,"badges seen: ['✅', '🔎']",,2026-07-07T21:28:25
뉴트리,01214248,270870,KOSDAQ,분기x별도,재무제표,CV-3,PASS,rows=29 cols=36 slider_extended=True,,2026-07-07T21:28:25
뉴트리,01214248,270870,KOSDAQ,분기x별도,재무제표,DS-2/DS-3,DONE,"cross-check completed for ['매출액', '영업이익']",,2026-07-07T21:28:25
뉴트리,01214248,270870,KOSDAQ,분기x별도,지표,CV-6,PASS,default metric selection visible,,2026-07-07T21:28:25
뉴파워프라즈마,00521390,144960,KOSDAQ,연간x연결,재무제표,DS-1,PASS,,,2026-07-07T21:28:39
뉴파워프라즈마,00521390,144960,KOSDAQ,연간x연결,상단,DS-8,PASS,,,2026-07-07T21:28:39
뉴파워프라즈마,00521390,144960,KOSDAQ,연간x연결,상단,DS-7,PASS,"badges seen: ['✅', '🔎', '⚠']",,2026-07-07T21:28:39
뉴파워프라즈마,00521390,144960,KOSDAQ,연간x연결,재무제표,CV-3,PASS,rows=29 cols=14 slider_extended=True,,2026-07-07T21:28:39
뉴파워프라즈마,00521390,144960,KOSDAQ,연간x연결,재무제표,DS-2/DS-3,DONE,"cross-check completed for ['매출액', '영업이익']",,2026-07-07T21:28:39
뉴파워프라즈마,00521390,144960,KOSDAQ,연간x연결,지표,CV-6,PASS,default metric selection visible,,2026-07-07T21:28:39
뉴파워프라즈마,00521390,144960,KOSDAQ,연간x별도,재무제표,DS-1,PASS,,,2026-07-07T21:28:44
뉴파워프라즈마,00521390,144960,KOSDAQ,연간x별도,상단,DS-8,PASS,,,2026-07-07T21:28:44
뉴파워프라즈마,00521390,144960,KOSDAQ,연간x별도,상단,DS-7,PASS,"badges seen: ['✅', '🔎']",,2026-07-07T21:28:44
뉴파워프라즈마,00521390,144960,KOSDAQ,연간x별도,재무제표,CV-3,PASS,rows=29 cols=14 slider_extended=True,,2026-07-07T21:28:44
뉴파워프라즈마,00521390,144960,KOSDAQ,연간x별도,재무제표,DS-2/DS-3,DONE,"cross-check completed for ['매출액', '영업이익']",,2026-07-07T21:28:44
뉴파워프라즈마,00521390,144960,KOSDAQ,연간x별도,지표,CV-6,PASS,default metric selection visible,,2026-07-07T21:28:44
뉴파워프라즈마,00521390,144960,KOSDAQ,분기x연결,재무제표,DS-1,PASS,,,2026-07-07T21:28:50
뉴파워프라즈마,00521390,144960,KOSDAQ,분기x연결,상단,DS-8,PASS,,,2026-07-07T21:28:50
뉴파워프라즈마,00521390,144960,KOSDAQ,분기x연결,상단,DS-7,PASS,"badges seen: ['✅', '🔎', '⚠']",,2026-07-07T21:28:50
뉴파워프라즈마,00521390,144960,KOSDAQ,분기x연결,재무제표,CV-3,PASS,rows=29 cols=44 slider_extended=True,,2026-07-07T21:28:50
뉴파워프라즈마,00521390,144960,KOSDAQ,분기x연결,재무제표,DS-2/DS-3,DONE,"cross-check completed for ['매출액', '영업이익']",,2026-07-07T21:28:50
뉴파워프라즈마,00521390,144960,KOSDAQ,분기x연결,지표,CV-6,PASS,default metric selection visible,,2026-07-07T21:28:50
뉴파워프라즈마,00521390,144960,KOSDAQ,분기x별도,재무제표,DS-1,PASS,,,2026-07-07T21:28:57
뉴파워프라즈마,00521390,144960,KOSDAQ,분기x별도,상단,DS-8,PASS,,,2026-07-07T21:28:57
뉴파워프라즈마,00521390,144960,KOSDAQ,분기x별도,상단,DS-7,PASS,"badges seen: ['✅', '🔎']",,2026-07-07T21:28:57
뉴파워프라즈마,00521390,144960,KOSDAQ,분기x별도,재무제표,CV-3,PASS,rows=29 cols=44 slider_extended=True,,2026-07-07T21:28:57
뉴파워프라즈마,00521390,144960,KOSDAQ,분기x별도,재무제표,DS-2/DS-3,DONE,"cross-check completed for ['매출액', '영업이익']",,2026-07-07T21:28:57
뉴파워프라즈마,00521390,144960,KOSDAQ,분기x별도,지표,CV-6,PASS,default metric selection visible,,2026-07-07T21:28:57
뉴프렉스,00493510,085670,KOSDAQ,연간x연결,재무제표,DS-1,PASS,,,2026-07-07T21:29:11
뉴프렉스,00493510,085670,KOSDAQ,연간x연결,상단,DS-8,PASS,,,2026-07-07T21:29:11
뉴프렉스,00493510,085670,KOSDAQ,연간x연결,상단,DS-7,PASS,"badges seen: ['✅', '🔎', '⚠']",,2026-07-07T21:29:11
뉴프렉스,00493510,085670,KOSDAQ,연간x연결,재무제표,CV-3,PASS,rows=29 cols=19 slider_extended=True,,2026-07-07T21:29:11
뉴프렉스,00493510,085670,KOSDAQ,연간x연결,재무제표,DS-2/DS-3,DONE,"cross-check completed for ['매출액', '영업이익']",,2026-07-07T21:29:11
뉴프렉스,00493510,085670,KOSDAQ,연간x연결,지표,CV-6,PASS,default metric selection visible,,2026-07-07T21:29:11
뉴프렉스,00493510,085670,KOSDAQ,연간x별도,재무제표,DS-1,PASS,,,2026-07-07T21:29:16
뉴프렉스,00493510,085670,KOSDAQ,연간x별도,상단,DS-8,PASS,,,2026-07-07T21:29:16
뉴프렉스,00493510,085670,KOSDAQ,연간x별도,상단,DS-7,PASS,"badges seen: ['✅', '🔎', '⚠']",,2026-07-07T21:29:16
뉴프렉스,00493510,085670,KOSDAQ,연간x별도,재무제표,CV-3,PASS,rows=29 cols=24 slider_extended=True,,2026-07-07T21:29:16
뉴프렉스,00493510,085670,KOSDAQ,연간x별도,재무제표,DS-2/DS-3,DONE,"cross-check completed for ['매출액', '영업이익']",,2026-07-07T21:29:16
뉴프렉스,00493510,085670,KOSDAQ,연간x별도,지표,CV-6,PASS,default metric selection visible,,2026-07-07T21:29:16
뉴프렉스,00493510,085670,KOSDAQ,분기x연결,재무제표,DS-1,PASS,,,2026-07-07T21:29:22
뉴프렉스,00493510,085670,KOSDAQ,분기x연결,상단,DS-8,PASS,,,2026-07-07T21:29:22
뉴프렉스,00493510,085670,KOSDAQ,분기x연결,상단,DS-7,PASS,"badges seen: ['✅', '🔎']",,2026-07-07T21:29:22
뉴프렉스,00493510,085670,KOSDAQ,분기x연결,재무제표,CV-3,PASS,rows=29 cols=60 slider_extended=True,,2026-07-07T21:29:22
뉴프렉스,00493510,085670,KOSDAQ,분기x연결,재무제표,DS-2/DS-3,DONE,"cross-check completed for ['매출액', '영업이익']",,2026-07-07T21:29:22
뉴프렉스,00493510,085670,KOSDAQ,분기x연결,지표,CV-6,PASS,default metric selection visible,,2026-07-07T21:29:22
뉴프렉스,00493510,085670,KOSDAQ,분기x별도,재무제표,DS-1,PASS,,,2026-07-07T21:29:29
뉴프렉스,00493510,085670,KOSDAQ,분기x별도,상단,DS-8,PASS,,,2026-07-07T21:29:29
뉴프렉스,00493510,085670,KOSDAQ,분기x별도,상단,DS-7,PASS,"badges seen: ['✅', '🔎', '⚠']",,2026-07-07T21:29:29
뉴프렉스,00493510,085670,KOSDAQ,분기x별도,재무제표,CV-3,PASS,rows=29 cols=74 slider_extended=True,,2026-07-07T21:29:29
뉴프렉스,00493510,085670,KOSDAQ,분기x별도,재무제표,DS-2/DS-3,DONE,"cross-check completed for ['매출액', '영업이익']",,2026-07-07T21:29:29
뉴프렉스,00493510,085670,KOSDAQ,분기x별도,지표,CV-6,PASS,default metric selection visible,,2026-07-07T21:29:29
다날,00389970,064260,KOSDAQ,연간x연결,재무제표,DS-1,PASS,,,2026-07-07T21:29:43
다날,00389970,064260,KOSDAQ,연간x연결,상단,DS-8,PASS,,,2026-07-07T21:29:43
다날,00389970,064260,KOSDAQ,연간x연결,상단,DS-7,PASS,"badges seen: ['✅', '🔎', '⚠']",,2026-07-07T21:29:43
다날,00389970,064260,KOSDAQ,연간x연결,재무제표,CV-3,PASS,rows=29 cols=19 slider_extended=True,,2026-07-07T21:29:43
다날,00389970,064260,KOSDAQ,연간x연결,재무제표,DS-2/DS-3,DONE,"cross-check completed for ['매출액', '영업이익']",,2026-07-07T21:29:43
다날,00389970,064260,KOSDAQ,연간x연결,지표,CV-6,PASS,default metric selection visible,,2026-07-07T21:29:43
다날,00389970,064260,KOSDAQ,연간x별도,재무제표,DS-1,PASS,,,2026-07-07T21:29:48
다날,00389970,064260,KOSDAQ,연간x별도,상단,DS-8,PASS,,,2026-07-07T21:29:48
다날,00389970,064260,KOSDAQ,연간x별도,상단,DS-7,PASS,"badges seen: ['✅', '🔎']",,2026-07-07T21:29:48
다날,00389970,064260,KOSDAQ,연간x별도,재무제표,CV-3,PASS,rows=29 cols=25 slider_extended=True,,2026-07-07T21:29:48
다날,00389970,064260,KOSDAQ,연간x별도,재무제표,DS-2/DS-3,DONE,"cross-check completed for ['매출액', '영업이익']",,2026-07-07T21:29:48
다날,00389970,064260,KOSDAQ,연간x별도,지표,CV-6,PASS,default metric selection visible,,2026-07-07T21:29:48
다날,00389970,064260,KOSDAQ,분기x연결,재무제표,DS-1,PASS,,,2026-07-07T21:29:54
다날,00389970,064260,KOSDAQ,분기x연결,상단,DS-8,PASS,,,2026-07-07T21:29:54
다날,00389970,064260,KOSDAQ,분기x연결,상단,DS-7,PASS,"badges seen: ['✅', '🔎']",,2026-07-07T21:29:54
다날,00389970,064260,KOSDAQ,분기x연결,재무제표,CV-3,PASS,rows=29 cols=60 slider_extended=True,,2026-07-07T21:29:54
다날,00389970,064260,KOSDAQ,분기x연결,재무제표,DS-2/DS-3,DONE,"cross-check completed for ['매출액', '영업이익']",,2026-07-07T21:29:54
다날,00389970,064260,KOSDAQ,분기x연결,지표,CV-6,PASS,default metric selection visible,,2026-07-07T21:29:54
다날,00389970,064260,KOSDAQ,분기x별도,재무제표,DS-1,PASS,,,2026-07-07T21:30:02
다날,00389970,064260,KOSDAQ,분기x별도,상단,DS-8,PASS,,,2026-07-07T21:30:02
다날,00389970,064260,KOSDAQ,분기x별도,상단,DS-7,PASS,"badges seen: ['✅', '🔎']",,2026-07-07T21:30:02
다날,00389970,064260,KOSDAQ,분기x별도,재무제표,CV-3,PASS,rows=29 cols=81 slider_extended=True,,2026-07-07T21:30:02
다날,00389970,064260,KOSDAQ,분기x별도,재무제표,DS-2/DS-3,DONE,"cross-check completed for ['매출액', '영업이익']",,2026-07-07T21:30:02
다날,00389970,064260,KOSDAQ,분기x별도,지표,CV-6,PASS,default metric selection visible,,2026-07-07T21:30:02
다보링크,01416642,340360,KOSDAQ,연간x연결,재무제표,DS-1,PASS,,,2026-07-07T21:30:15
다보링크,01416642,340360,KOSDAQ,연간x연결,상단,DS-8,PASS,,,2026-07-07T21:30:15
다보링크,01416642,340360,KOSDAQ,연간x연결,상단,DS-7,PASS,"badges seen: ['✅', '🔎']",,2026-07-07T21:30:15
다보링크,01416642,340360,KOSDAQ,연간x연결,재무제표,CV-3,PASS,rows=29 cols=5 slider_extended=True,,2026-07-07T21:30:15
다보링크,01416642,340360,KOSDAQ,연간x연결,재무제표,DS-2/DS-3,DONE,"cross-check completed for ['매출액', '영업이익']",,2026-07-07T21:30:15
다보링크,01416642,340360,KOSDAQ,연간x연결,지표,CV-6,PASS,default metric selection visible,,2026-07-07T21:30:15
다보링크,01416642,340360,KOSDAQ,연간x별도,재무제표,DS-1,PASS,,,2026-07-07T21:30:20
다보링크,01416642,340360,KOSDAQ,연간x별도,상단,DS-8,PASS,,,2026-07-07T21:30:20
다보링크,01416642,340360,KOSDAQ,연간x별도,상단,DS-7,PASS,"badges seen: ['✅', '🔎']",,2026-07-07T21:30:20
다보링크,01416642,340360,KOSDAQ,연간x별도,재무제표,CV-3,PASS,rows=29 cols=9 slider_extended=True,,2026-07-07T21:30:20
다보링크,01416642,340360,KOSDAQ,연간x별도,재무제표,DS-2/DS-3,DONE,"cross-check completed for ['매출액', '영업이익']",,2026-07-07T21:30:20
다보링크,01416642,340360,KOSDAQ,연간x별도,지표,CV-6,PASS,default metric selection visible,,2026-07-07T21:30:20
다보링크,01416642,340360,KOSDAQ,분기x연결,재무제표,DS-1,PASS,,,2026-07-07T21:30:26
다보링크,01416642,340360,KOSDAQ,분기x연결,상단,DS-8,PASS,,,2026-07-07T21:30:26
다보링크,01416642,340360,KOSDAQ,분기x연결,상단,DS-7,PASS,"badges seen: ['✅', '🔎']",,2026-07-07T21:30:26
다보링크,01416642,340360,KOSDAQ,분기x연결,재무제표,CV-3,PASS,rows=29 cols=9 slider_extended=True,,2026-07-07T21:30:26
다보링크,01416642,340360,KOSDAQ,분기x연결,재무제표,DS-2/DS-3,DONE,"cross-check completed for ['매출액', '영업이익']",,2026-07-07T21:30:26
다보링크,01416642,340360,KOSDAQ,분기x연결,지표,CV-6,PASS,default metric selection visible,,2026-07-07T21:30:26
다보링크,01416642,340360,KOSDAQ,분기x별도,재무제표,DS-1,PASS,,,2026-07-07T21:30:33
다보링크,01416642,340360,KOSDAQ,분기x별도,상단,DS-8,PASS,,,2026-07-07T21:30:33
다보링크,01416642,340360,KOSDAQ,분기x별도,상단,DS-7,PASS,"badges seen: ['✅', '🔎']",,2026-07-07T21:30:33
다보링크,01416642,340360,KOSDAQ,분기x별도,재무제표,CV-3,PASS,rows=29 cols=25 slider_extended=True,,2026-07-07T21:30:33
다보링크,01416642,340360,KOSDAQ,분기x별도,재무제표,DS-2/DS-3,DONE,"cross-check completed for ['매출액', '영업이익']",,2026-07-07T21:30:33
다보링크,01416642,340360,KOSDAQ,분기x별도,지표,CV-6,PASS,default metric selection visible,,2026-07-07T21:30:33
다산네트웍스,00268251,039560,KOSDAQ,연간x연결,재무제표,DS-1,PASS,,,2026-07-07T21:30:46
다산네트웍스,00268251,039560,KOSDAQ,연간x연결,상단,DS-8,PASS,,,2026-07-07T21:30:46
다산네트웍스,00268251,039560,KOSDAQ,연간x연결,상단,DS-7,PASS,"badges seen: ['✅', '🔎', '⚠']",,2026-07-07T21:30:46
다산네트웍스,00268251,039560,KOSDAQ,연간x연결,재무제표,CV-3,PASS,rows=29 cols=19 slider_extended=True,,2026-07-07T21:30:46
다산네트웍스,00268251,039560,KOSDAQ,연간x연결,재무제표,DS-2/DS-3,DONE,"cross-check completed for ['매출액', '영업이익']",,2026-07-07T21:30:46
다산네트웍스,00268251,039560,KOSDAQ,연간x연결,지표,CV-6,PASS,default metric selection visible,,2026-07-07T21:30:46
다산네트웍스,00268251,039560,KOSDAQ,연간x별도,재무제표,DS-1,PASS,,,2026-07-07T21:30:51
다산네트웍스,00268251,039560,KOSDAQ,연간x별도,상단,DS-8,PASS,,,2026-07-07T21:30:51
다산네트웍스,00268251,039560,KOSDAQ,연간x별도,상단,DS-7,PASS,"badges seen: ['✅', '🔎', '⚠']",,2026-07-07T21:30:51
다산네트웍스,00268251,039560,KOSDAQ,연간x별도,재무제표,CV-3,PASS,rows=29 cols=26 slider_extended=True,,2026-07-07T21:30:51
다산네트웍스,00268251,039560,KOSDAQ,연간x별도,재무제표,DS-2/DS-3,DONE,"cross-check completed for ['매출액', '영업이익']",,2026-07-07T21:30:51
다산네트웍스,00268251,039560,KOSDAQ,연간x별도,지표,CV-6,PASS,default metric selection visible,,2026-07-07T21:30:51
다산네트웍스,00268251,039560,KOSDAQ,분기x연결,재무제표,DS-1,PASS,,,2026-07-07T21:30:57
다산네트웍스,00268251,039560,KOSDAQ,분기x연결,상단,DS-8,PASS,,,2026-07-07T21:30:57
다산네트웍스,00268251,039560,KOSDAQ,분기x연결,상단,DS-7,PASS,"badges seen: ['✅', '🔎', '⚠']",,2026-07-07T21:30:57
다산네트웍스,00268251,039560,KOSDAQ,분기x연결,재무제표,CV-3,PASS,rows=29 cols=60 slider_extended=True,,2026-07-07T21:30:57
다산네트웍스,00268251,039560,KOSDAQ,분기x연결,재무제표,DS-2/DS-3,DONE,"cross-check completed for ['매출액', '영업이익']",,2026-07-07T21:30:57
다산네트웍스,00268251,039560,KOSDAQ,분기x연결,지표,CV-6,PASS,default metric selection visible,,2026-07-07T21:30:57
다산네트웍스,00268251,039560,KOSDAQ,분기x별도,재무제표,DS-1,PASS,,,2026-07-07T21:31:04
다산네트웍스,00268251,039560,KOSDAQ,분기x별도,상단,DS-8,PASS,,,2026-07-07T21:31:04
다산네트웍스,00268251,039560,KOSDAQ,분기x별도,상단,DS-7,PASS,"badges seen: ['✅', '🔎', '⚠']",,2026-07-07T21:31:04
다산네트웍스,00268251,039560,KOSDAQ,분기x별도,재무제표,CV-3,PASS,rows=29 cols=84 slider_extended=True,,2026-07-07T21:31:04
다산네트웍스,00268251,039560,KOSDAQ,분기x별도,재무제표,DS-2/DS-3,DONE,"cross-check completed for ['매출액', '영업이익']",,2026-07-07T21:31:04
다산네트웍스,00268251,039560,KOSDAQ,분기x별도,지표,CV-6,PASS,default metric selection visible,,2026-07-07T21:31:04
다산디엠씨,01084364,208860,KOSDAQ,연간x연결,재무제표,DS-1,PASS,,,2026-07-07T21:31:18
다산디엠씨,01084364,208860,KOSDAQ,연간x연결,상단,DS-8,PASS,,,2026-07-07T21:31:18
다산디엠씨,01084364,208860,KOSDAQ,연간x연결,상단,DS-7,PASS,"badges seen: ['✅', '🔎', '⚠']",,2026-07-07T21:31:18
다산디엠씨,01084364,208860,KOSDAQ,연간x연결,재무제표,CV-3,PASS,rows=29 cols=9 slider_extended=True,,2026-07-07T21:31:18
다산디엠씨,01084364,208860,KOSDAQ,연간x연결,재무제표,DS-2/DS-3,DONE,"cross-check completed for ['매출액', '영업이익']",,2026-07-07T21:31:18
다산디엠씨,01084364,208860,KOSDAQ,연간x연결,지표,CV-6,PASS,default metric selection visible,,2026-07-07T21:31:18
다산디엠씨,01084364,208860,KOSDAQ,연간x별도,재무제표,DS-1,PASS,,,2026-07-07T21:31:23
다산디엠씨,01084364,208860,KOSDAQ,연간x별도,상단,DS-8,PASS,,,2026-07-07T21:31:23
다산디엠씨,01084364,208860,KOSDAQ,연간x별도,상단,DS-7,PASS,"badges seen: ['✅', '🔎']",,2026-07-07T21:31:23
다산디엠씨,01084364,208860,KOSDAQ,연간x별도,재무제표,CV-3,PASS,rows=29 cols=14 slider_extended=True,,2026-07-07T21:31:23
다산디엠씨,01084364,208860,KOSDAQ,연간x별도,재무제표,DS-2/DS-3,DONE,"cross-check completed for ['매출액', '영업이익']",,2026-07-07T21:31:23
다산디엠씨,01084364,208860,KOSDAQ,연간x별도,지표,CV-6,PASS,default metric selection visible,,2026-07-07T21:31:23
다산디엠씨,01084364,208860,KOSDAQ,분기x연결,재무제표,DS-1,PASS,,,2026-07-07T21:31:29
다산디엠씨,01084364,208860,KOSDAQ,분기x연결,상단,DS-8,PASS,,,2026-07-07T21:31:29
다산디엠씨,01084364,208860,KOSDAQ,분기x연결,상단,DS-7,PASS,"badges seen: ['✅', '🔎', '⚠']",,2026-07-07T21:31:29
다산디엠씨,01084364,208860,KOSDAQ,분기x연결,재무제표,CV-3,PASS,rows=29 cols=24 slider_extended=True,,2026-07-07T21:31:29
다산디엠씨,01084364,208860,KOSDAQ,분기x연결,재무제표,DS-2/DS-3,DONE,"cross-check completed for ['매출액', '영업이익']",,2026-07-07T21:31:29
다산디엠씨,01084364,208860,KOSDAQ,분기x연결,지표,CV-6,PASS,default metric selection visible,,2026-07-07T21:31:29
다산디엠씨,01084364,208860,KOSDAQ,분기x별도,재무제표,DS-1,PASS,,,2026-07-07T21:31:36
다산디엠씨,01084364,208860,KOSDAQ,분기x별도,상단,DS-8,PASS,,,2026-07-07T21:31:36
다산디엠씨,01084364,208860,KOSDAQ,분기x별도,상단,DS-7,PASS,"badges seen: ['✅', '🔎', '⚠']",,2026-07-07T21:31:36
다산디엠씨,01084364,208860,KOSDAQ,분기x별도,재무제표,CV-3,PASS,rows=29 cols=46 slider_extended=True,,2026-07-07T21:31:36
다산디엠씨,01084364,208860,KOSDAQ,분기x별도,재무제표,DS-2/DS-3,DONE,"cross-check completed for ['매출액', '영업이익']",,2026-07-07T21:31:36
다산디엠씨,01084364,208860,KOSDAQ,분기x별도,지표,CV-6,PASS,default metric selection visible,,2026-07-07T21:31:36
다산솔루에타,00624518,154040,KOSDAQ,연간x연결,재무제표,DS-1,PASS,,,2026-07-07T21:31:49
다산솔루에타,00624518,154040,KOSDAQ,연간x연결,상단,DS-8,FAIL,"header missing ['다산솔루에타', '154040', 'KOSDAQ'] — header='기업 시각화'",,2026-07-07T21:31:49
다산솔루에타,00624518,154040,KOSDAQ,연간x연결,상단,DS-7,PASS,"badges seen: ['✅', '🔎']",,2026-07-07T21:31:49
다산솔루에타,00624518,154040,KOSDAQ,연간x연결,재무제표,CV-3,PASS,rows=29 cols=12 slider_extended=False,,2026-07-07T21:31:49
다산솔루에타,00624518,154040,KOSDAQ,연간x연결,재무제표,DS-2/DS-3,DONE,"cross-check completed for ['매출액', '영업이익']",,2026-07-07T21:31:49
다산솔루에타,00624518,154040,KOSDAQ,연간x연결,지표,CV-6,PASS,default metric selection visible,,2026-07-07T21:31:49
다산솔루에타,00624518,154040,KOSDAQ,연간x별도,재무제표,DS-1,PASS,,,2026-07-07T21:31:53
다산솔루에타,00624518,154040,KOSDAQ,연간x별도,상단,DS-8,PASS,,,2026-07-07T21:31:53
다산솔루에타,00624518,154040,KOSDAQ,연간x별도,상단,DS-7,PASS,"badges seen: ['✅', '🔎', '⚠']",,2026-07-07T21:31:53
다산솔루에타,00624518,154040,KOSDAQ,연간x별도,재무제표,CV-3,PASS,rows=29 cols=17 slider_extended=True,,2026-07-07T21:31:53
다산솔루에타,00624518,154040,KOSDAQ,연간x별도,재무제표,DS-2/DS-3,DONE,"cross-check completed for ['매출액', '영업이익']",,2026-07-07T21:31:53
다산솔루에타,00624518,154040,KOSDAQ,연간x별도,지표,CV-6,PASS,default metric selection visible,,2026-07-07T21:31:53
다산솔루에타,00624518,154040,KOSDAQ,분기x연결,재무제표,DS-1,PASS,,,2026-07-07T21:31:59
다산솔루에타,00624518,154040,KOSDAQ,분기x연결,상단,DS-8,PASS,,,2026-07-07T21:31:59
다산솔루에타,00624518,154040,KOSDAQ,분기x연결,상단,DS-7,PASS,"badges seen: ['✅', '🔎', '⚠']",,2026-07-07T21:31:59
다산솔루에타,00624518,154040,KOSDAQ,분기x연결,재무제표,CV-3,PASS,rows=29 cols=51 slider_extended=True,,2026-07-07T21:31:59
다산솔루에타,00624518,154040,KOSDAQ,분기x연결,재무제표,DS-2/DS-3,DONE,"cross-check completed for ['매출액', '영업이익']",,2026-07-07T21:31:59
다산솔루에타,00624518,154040,KOSDAQ,분기x연결,지표,CV-6,PASS,default metric selection visible,,2026-07-07T21:31:59
다산솔루에타,00624518,154040,KOSDAQ,분기x별도,재무제표,DS-1,PASS,,,2026-07-07T21:32:07
다산솔루에타,00624518,154040,KOSDAQ,분기x별도,상단,DS-8,PASS,,,2026-07-07T21:32:07
다산솔루에타,00624518,154040,KOSDAQ,분기x별도,상단,DS-7,PASS,"badges seen: ['✅', '🔎', '⚠']",,2026-07-07T21:32:07
다산솔루에타,00624518,154040,KOSDAQ,분기x별도,재무제표,CV-3,PASS,rows=29 cols=57 slider_extended=True,,2026-07-07T21:32:07
다산솔루에타,00624518,154040,KOSDAQ,분기x별도,재무제표,DS-2/DS-3,DONE,"cross-check completed for ['매출액', '영업이익']",,2026-07-07T21:32:07
다산솔루에타,00624518,154040,KOSDAQ,분기x별도,지표,CV-6,PASS,default metric selection visible,,2026-07-07T21:32:07
다우데이타,00238782,032190,KOSDAQ,연간x연결,재무제표,DS-1,PASS,,,2026-07-07T21:32:20
다우데이타,00238782,032190,KOSDAQ,연간x연결,상단,DS-8,PASS,,,2026-07-07T21:32:20
다우데이타,00238782,032190,KOSDAQ,연간x연결,상단,DS-7,PASS,"badges seen: ['✅', '🔎']",,2026-07-07T21:32:20
다우데이타,00238782,032190,KOSDAQ,연간x연결,재무제표,CV-3,PASS,rows=29 cols=21 slider_extended=True,,2026-07-07T21:32:20
다우데이타,00238782,032190,KOSDAQ,연간x연결,재무제표,DS-2/DS-3,DONE,"cross-check completed for ['매출액', '영업이익']",,2026-07-07T21:32:20
다우데이타,00238782,032190,KOSDAQ,연간x연결,지표,CV-6,PASS,default metric selection visible,,2026-07-07T21:32:20
다우데이타,00238782,032190,KOSDAQ,연간x별도,재무제표,DS-1,PASS,,,2026-07-07T21:32:25
다우데이타,00238782,032190,KOSDAQ,연간x별도,상단,DS-8,PASS,,,2026-07-07T21:32:25
다우데이타,00238782,032190,KOSDAQ,연간x별도,상단,DS-7,PASS,"badges seen: ['✅', '🔎']",,2026-07-07T21:32:25
다우데이타,00238782,032190,KOSDAQ,연간x별도,재무제표,CV-3,PASS,rows=29 cols=29 slider_extended=True,,2026-07-07T21:32:25
다우데이타,00238782,032190,KOSDAQ,연간x별도,재무제표,DS-2/DS-3,DONE,"cross-check completed for ['매출액', '영업이익']",,2026-07-07T21:32:25
다우데이타,00238782,032190,KOSDAQ,연간x별도,지표,CV-6,PASS,default metric selection visible,,2026-07-07T21:32:25
다우데이타,00238782,032190,KOSDAQ,분기x연결,재무제표,DS-1,PASS,,,2026-07-07T21:32:31
다우데이타,00238782,032190,KOSDAQ,분기x연결,상단,DS-8,PASS,,,2026-07-07T21:32:31
다우데이타,00238782,032190,KOSDAQ,분기x연결,상단,DS-7,PASS,"badges seen: ['✅', '🔎']",,2026-07-07T21:32:31
다우데이타,00238782,032190,KOSDAQ,분기x연결,재무제표,CV-3,PASS,rows=29 cols=66 slider_extended=True,,2026-07-07T21:32:31
다우데이타,00238782,032190,KOSDAQ,분기x연결,재무제표,DS-2/DS-3,DONE,"cross-check completed for ['매출액', '영업이익']",,2026-07-07T21:32:31
다우데이타,00238782,032190,KOSDAQ,분기x연결,지표,CV-6,PASS,default metric selection visible,,2026-07-07T21:32:31
다우데이타,00238782,032190,KOSDAQ,분기x별도,재무제표,DS-1,PASS,,,2026-07-07T21:32:39
다우데이타,00238782,032190,KOSDAQ,분기x별도,상단,DS-8,PASS,,,2026-07-07T21:32:39
다우데이타,00238782,032190,KOSDAQ,분기x별도,상단,DS-7,PASS,"badges seen: ['✅', '🔎']",,2026-07-07T21:32:39
다우데이타,00238782,032190,KOSDAQ,분기x별도,재무제표,CV-3,PASS,rows=29 cols=89 slider_extended=True,,2026-07-07T21:32:39
다우데이타,00238782,032190,KOSDAQ,분기x별도,재무제표,DS-2/DS-3,DONE,"cross-check completed for ['매출액', '영업이익']",,2026-07-07T21:32:39
다우데이타,00238782,032190,KOSDAQ,분기x별도,지표,CV-6,PASS,default metric selection visible,,2026-07-07T21:32:39
다원넥스뷰,01344363,323350,KOSDAQ,연간x연결,재무제표,DS-1,PASS,,,2026-07-07T21:32:51
다원넥스뷰,01344363,323350,KOSDAQ,연간x연결,상단,DS-8,FAIL,"header missing ['다원넥스뷰', '323350', 'KOSDAQ'] — header='기업 시각화'",,2026-07-07T21:32:51
다원넥스뷰,01344363,323350,KOSDAQ,연간x연결,상단,DS-7,PASS,"badges seen: ['✅', '🔎']",,2026-07-07T21:32:51
다원넥스뷰,01344363,323350,KOSDAQ,연간x연결,재무제표,CV-3,PASS,rows=29 cols=4 slider_extended=False,,2026-07-07T21:32:51
다원넥스뷰,01344363,323350,KOSDAQ,연간x연결,재무제표,DS-2/DS-3,DONE,"cross-check completed for ['매출액', '영업이익']",,2026-07-07T21:32:51
다원넥스뷰,01344363,323350,KOSDAQ,연간x연결,지표,CV-6,PASS,default metric selection visible,,2026-07-07T21:32:51
다원넥스뷰,01344363,323350,KOSDAQ,연간x별도,재무제표,DS-1,PASS,,,2026-07-07T21:32:55
다원넥스뷰,01344363,323350,KOSDAQ,연간x별도,상단,DS-8,PASS,,,2026-07-07T21:32:55
다원넥스뷰,01344363,323350,KOSDAQ,연간x별도,상단,DS-7,PASS,"badges seen: ['✅', '🔎', '⚠']",,2026-07-07T21:32:55
다원넥스뷰,01344363,323350,KOSDAQ,연간x별도,재무제표,CV-3,PASS,rows=29 cols=11 slider_extended=True,,2026-07-07T21:32:55
다원넥스뷰,01344363,323350,KOSDAQ,연간x별도,재무제표,DS-2/DS-3,DONE,"cross-check completed for ['매출액', '영업이익']",,2026-07-07T21:32:55
다원넥스뷰,01344363,323350,KOSDAQ,연간x별도,지표,CV-6,PASS,default metric selection visible,,2026-07-07T21:32:55
다원넥스뷰,01344363,323350,KOSDAQ,분기x연결,재무제표,DS-1,PASS,,,2026-07-07T21:33:02
다원넥스뷰,01344363,323350,KOSDAQ,분기x연결,상단,DS-8,PASS,,,2026-07-07T21:33:02
다원넥스뷰,01344363,323350,KOSDAQ,분기x연결,상단,DS-4,PASS,substitution caption present,,2026-07-07T21:33:02
다원넥스뷰,01344363,323350,KOSDAQ,분기x연결,상단,DS-7,PASS,"badges seen: ['✅', '🔎']",,2026-07-07T21:33:02
다원넥스뷰,01344363,323350,KOSDAQ,분기x연결,재무제표,CV-3,PASS,rows=29 cols=13 slider_extended=True,,2026-07-07T21:33:02
다원넥스뷰,01344363,323350,KOSDAQ,분기x연결,재무제표,DS-2/DS-3,DONE,"cross-check completed for ['매출액', '영업이익']",,2026-07-07T21:33:02
다원넥스뷰,01344363,323350,KOSDAQ,분기x연결,지표,CV-6,PASS,default metric selection visible,,2026-07-07T21:33:02
다원넥스뷰,01344363,323350,KOSDAQ,분기x별도,재무제표,DS-1,PASS,,,2026-07-07T21:33:09
다원넥스뷰,01344363,323350,KOSDAQ,분기x별도,상단,DS-8,PASS,,,2026-07-07T21:33:09
다원넥스뷰,01344363,323350,KOSDAQ,분기x별도,상단,DS-7,PASS,"badges seen: ['✅', '🔎']",,2026-07-07T21:33:09
다원넥스뷰,01344363,323350,KOSDAQ,분기x별도,재무제표,CV-3,PASS,rows=29 cols=13 slider_extended=True,,2026-07-07T21:33:09
다원넥스뷰,01344363,323350,KOSDAQ,분기x별도,재무제표,DS-2/DS-3,DONE,"cross-check completed for ['매출액', '영업이익']",,2026-07-07T21:33:09
다원넥스뷰,01344363,323350,KOSDAQ,분기x별도,지표,CV-6,PASS,default metric selection visible,,2026-07-07T21:33:09
다원시스,00523307,068240,KOSDAQ,연간x연결,재무제표,DS-1,PASS,,,2026-07-07T21:33:22
다원시스,00523307,068240,KOSDAQ,연간x연결,상단,DS-8,PASS,,,2026-07-07T21:33:22
다원시스,00523307,068240,KOSDAQ,연간x연결,상단,DS-7,PASS,"badges seen: ['✅', '🔎', '⚠']",,2026-07-07T21:33:22
다원시스,00523307,068240,KOSDAQ,연간x연결,재무제표,CV-3,PASS,rows=29 cols=16 slider_extended=True,,2026-07-07T21:33:22
다원시스,00523307,068240,KOSDAQ,연간x연결,재무제표,DS-2/DS-3,DONE,"cross-check completed for ['매출액', '영업이익']",,2026-07-07T21:33:22
다원시스,00523307,068240,KOSDAQ,연간x연결,지표,CV-6,PASS,default metric selection visible,,2026-07-07T21:33:22
다원시스,00523307,068240,KOSDAQ,연간x별도,재무제표,DS-1,PASS,,,2026-07-07T21:33:27
다원시스,00523307,068240,KOSDAQ,연간x별도,상단,DS-8,PASS,,,2026-07-07T21:33:27
다원시스,00523307,068240,KOSDAQ,연간x별도,상단,DS-7,PASS,"badges seen: ['✅', '🔎', '⚠']",,2026-07-07T21:33:27
다원시스,00523307,068240,KOSDAQ,연간x별도,재무제표,CV-3,PASS,rows=29 cols=20 slider_extended=True,,2026-07-07T21:33:27
다원시스,00523307,068240,KOSDAQ,연간x별도,재무제표,DS-2/DS-3,DONE,"cross-check completed for ['매출액', '영업이익']",,2026-07-07T21:33:27
다원시스,00523307,068240,KOSDAQ,연간x별도,지표,CV-6,PASS,default metric selection visible,,2026-07-07T21:33:27
다원시스,00523307,068240,KOSDAQ,분기x연결,재무제표,DS-1,PASS,,,2026-07-07T21:33:33
다원시스,00523307,068240,KOSDAQ,분기x연결,상단,DS-8,PASS,,,2026-07-07T21:33:33
다원시스,00523307,068240,KOSDAQ,분기x연결,상단,DS-7,PASS,"badges seen: ['✅', '🔎', '⚠']",,2026-07-07T21:33:33
다원시스,00523307,068240,KOSDAQ,분기x연결,재무제표,CV-3,PASS,rows=29 cols=54 slider_extended=True,,2026-07-07T21:33:33
다원시스,00523307,068240,KOSDAQ,분기x연결,재무제표,DS-2/DS-3,DONE,"cross-check completed for ['매출액', '영업이익']",,2026-07-07T21:33:33
다원시스,00523307,068240,KOSDAQ,분기x연결,지표,CV-6,PASS,default metric selection visible,,2026-07-07T21:33:33
다원시스,00523307,068240,KOSDAQ,분기x별도,재무제표,DS-1,PASS,,,2026-07-07T21:33:41
다원시스,00523307,068240,KOSDAQ,분기x별도,상단,DS-8,PASS,,,2026-07-07T21:33:41
다원시스,00523307,068240,KOSDAQ,분기x별도,상단,DS-7,PASS,"badges seen: ['✅', '🔎', '⚠']",,2026-07-07T21:33:41
다원시스,00523307,068240,KOSDAQ,분기x별도,재무제표,CV-3,PASS,rows=29 cols=65 slider_extended=True,,2026-07-07T21:33:41
다원시스,00523307,068240,KOSDAQ,분기x별도,재무제표,DS-2/DS-3,DONE,"cross-check completed for ['매출액', '영업이익']",,2026-07-07T21:33:41
다원시스,00523307,068240,KOSDAQ,분기x별도,지표,CV-6,PASS,default metric selection visible,,2026-07-07T21:33:41
다이나믹솔루션,01246034,290660,KOSDAQ,연간x연결,재무제표,DS-1,PASS,,,2026-07-07T21:33:54
다이나믹솔루션,01246034,290660,KOSDAQ,연간x연결,상단,DS-8,PASS,,,2026-07-07T21:33:54
다이나믹솔루션,01246034,290660,KOSDAQ,연간x연결,상단,DS-7,PASS,"badges seen: ['✅', '🔎', '⚠']",,2026-07-07T21:33:54
다이나믹솔루션,01246034,290660,KOSDAQ,연간x연결,재무제표,CV-3,PASS,rows=29 cols=12 slider_extended=True,,2026-07-07T21:33:54
다이나믹솔루션,01246034,290660,KOSDAQ,연간x연결,재무제표,DS-2/DS-3,DONE,"cross-check completed for ['매출액', '영업이익']",,2026-07-07T21:33:54
다이나믹솔루션,01246034,290660,KOSDAQ,연간x연결,지표,CV-6,PASS,default metric selection visible,,2026-07-07T21:33:54
다이나믹솔루션,01246034,290660,KOSDAQ,연간x별도,재무제표,DS-1,PASS,,,2026-07-07T21:33:59
다이나믹솔루션,01246034,290660,KOSDAQ,연간x별도,상단,DS-8,PASS,,,2026-07-07T21:33:59
다이나믹솔루션,01246034,290660,KOSDAQ,연간x별도,상단,DS-7,PASS,"badges seen: ['✅', '🔎', '⚠']",,2026-07-07T21:33:59
다이나믹솔루션,01246034,290660,KOSDAQ,연간x별도,재무제표,CV-3,PASS,rows=29 cols=12 slider_extended=True,,2026-07-07T21:33:59
다이나믹솔루션,01246034,290660,KOSDAQ,연간x별도,재무제표,DS-2/DS-3,DONE,"cross-check completed for ['매출액', '영업이익']",,2026-07-07T21:33:59
다이나믹솔루션,01246034,290660,KOSDAQ,연간x별도,지표,CV-6,PASS,default metric selection visible,,2026-07-07T21:33:59
다이나믹솔루션,01246034,290660,KOSDAQ,분기x연결,재무제표,DS-1,PASS,,,2026-07-07T21:34:05
다이나믹솔루션,01246034,290660,KOSDAQ,분기x연결,상단,DS-8,PASS,,,2026-07-07T21:34:05
다이나믹솔루션,01246034,290660,KOSDAQ,분기x연결,상단,DS-7,PASS,"badges seen: ['✅', '🔎', '⚠']",,2026-07-07T21:34:05
다이나믹솔루션,01246034,290660,KOSDAQ,분기x연결,재무제표,CV-3,PASS,rows=29 cols=36 slider_extended=True,,2026-07-07T21:34:05
다이나믹솔루션,01246034,290660,KOSDAQ,분기x연결,재무제표,DS-2/DS-3,DONE,"cross-check completed for ['매출액', '영업이익']",,2026-07-07T21:34:05
다이나믹솔루션,01246034,290660,KOSDAQ,분기x연결,지표,CV-6,PASS,default metric selection visible,,2026-07-07T21:34:05
다이나믹솔루션,01246034,290660,KOSDAQ,분기x별도,재무제표,DS-1,PASS,,,2026-07-07T21:34:13
다이나믹솔루션,01246034,290660,KOSDAQ,분기x별도,상단,DS-8,PASS,,,2026-07-07T21:34:13
다이나믹솔루션,01246034,290660,KOSDAQ,분기x별도,상단,DS-7,PASS,"badges seen: ['✅', '🔎', '⚠']",,2026-07-07T21:34:13
다이나믹솔루션,01246034,290660,KOSDAQ,분기x별도,재무제표,CV-3,PASS,rows=29 cols=36 slider_extended=True,,2026-07-07T21:34:13
다이나믹솔루션,01246034,290660,KOSDAQ,분기x별도,재무제표,DS-2/DS-3,DONE,"cross-check completed for ['매출액', '영업이익']",,2026-07-07T21:34:13
다이나믹솔루션,01246034,290660,KOSDAQ,분기x별도,지표,CV-6,PASS,default metric selection visible,,2026-07-07T21:34:13
닷밀,01605282,464580,KOSDAQ,연간x연결,재무제표,DS-1,PASS,,,2026-07-07T21:34:26
닷밀,01605282,464580,KOSDAQ,연간x연결,상단,DS-8,PASS,,,2026-07-07T21:34:26
닷밀,01605282,464580,KOSDAQ,연간x연결,상단,DS-4,PASS,substitution caption present,,2026-07-07T21:34:26
닷밀,01605282,464580,KOSDAQ,연간x연결,상단,DS-7,PASS,"badges seen: ['✅', '🔎']",,2026-07-07T21:34:26
닷밀,01605282,464580,KOSDAQ,연간x연결,재무제표,CV-3,PASS,rows=29 cols=6 slider_extended=True,,2026-07-07T21:34:26
닷밀,01605282,464580,KOSDAQ,연간x연결,재무제표,DS-2/DS-3,DONE,"cross-check completed for ['매출액', '영업이익']",,2026-07-07T21:34:26
닷밀,01605282,464580,KOSDAQ,연간x연결,지표,CV-6,PASS,default metric selection visible,,2026-07-07T21:34:26
닷밀,01605282,464580,KOSDAQ,연간x별도,재무제표,DS-1,PASS,,,2026-07-07T21:34:31
닷밀,01605282,464580,KOSDAQ,연간x별도,상단,DS-8,PASS,,,2026-07-07T21:34:31
닷밀,01605282,464580,KOSDAQ,연간x별도,상단,DS-7,PASS,"badges seen: ['✅', '🔎']",,2026-07-07T21:34:31
닷밀,01605282,464580,KOSDAQ,연간x별도,재무제표,CV-3,PASS,rows=29 cols=6 slider_extended=True,,2026-07-07T21:34:31
닷밀,01605282,464580,KOSDAQ,연간x별도,재무제표,DS-2/DS-3,DONE,"cross-check completed for ['매출액', '영업이익']",,2026-07-07T21:34:31
닷밀,01605282,464580,KOSDAQ,연간x별도,지표,CV-6,PASS,default metric selection visible,,2026-07-07T21:34:31
닷밀,01605282,464580,KOSDAQ,분기x연결,재무제표,DS-1,PASS,,,2026-07-07T21:34:37
닷밀,01605282,464580,KOSDAQ,분기x연결,상단,DS-8,PASS,,,2026-07-07T21:34:37
닷밀,01605282,464580,KOSDAQ,분기x연결,상단,DS-4,PASS,substitution caption present,,2026-07-07T21:34:37
닷밀,01605282,464580,KOSDAQ,분기x연결,상단,DS-7,PASS,"badges seen: ['✅', '🔎']",,2026-07-07T21:34:37
닷밀,01605282,464580,KOSDAQ,분기x연결,재무제표,CV-3,PASS,rows=29 cols=11 slider_extended=True,,2026-07-07T21:34:37
닷밀,01605282,464580,KOSDAQ,분기x연결,재무제표,DS-2/DS-3,DONE,"cross-check completed for ['매출액', '영업이익']",,2026-07-07T21:34:37
닷밀,01605282,464580,KOSDAQ,분기x연결,지표,CV-6,PASS,default metric selection visible,,2026-07-07T21:34:37
닷밀,01605282,464580,KOSDAQ,분기x별도,재무제표,DS-1,PASS,,,2026-07-07T21:34:44
닷밀,01605282,464580,KOSDAQ,분기x별도,상단,DS-8,PASS,,,2026-07-07T21:34:44
닷밀,01605282,464580,KOSDAQ,분기x별도,상단,DS-7,PASS,"badges seen: ['✅', '🔎']",,2026-07-07T21:34:44
닷밀,01605282,464580,KOSDAQ,분기x별도,재무제표,CV-3,PASS,rows=29 cols=11 slider_extended=True,,2026-07-07T21:34:44
닷밀,01605282,464580,KOSDAQ,분기x별도,재무제표,DS-2/DS-3,DONE,"cross-check completed for ['매출액', '영업이익']",,2026-07-07T21:34:44
닷밀,01605282,464580,KOSDAQ,분기x별도,지표,CV-6,PASS,default metric selection visible,,2026-07-07T21:34:44
대동금속,00191287,020400,KOSDAQ,연간x연결,재무제표,DS-1,PASS,,,2026-07-07T21:34:58
대동금속,00191287,020400,KOSDAQ,연간x연결,상단,DS-8,PASS,,,2026-07-07T21:34:58
대동금속,00191287,020400,KOSDAQ,연간x연결,상단,DS-4,PASS,substitution caption present,,2026-07-07T21:34:58
대동금속,00191287,020400,KOSDAQ,연간x연결,상단,DS-7,PASS,"badges seen: ['✅', '🔎', '⚠']",,2026-07-07T21:34:58
대동금속,00191287,020400,KOSDAQ,연간x연결,재무제표,CV-3,PASS,rows=29 cols=26 slider_extended=True,,2026-07-07T21:34:58
대동금속,00191287,020400,KOSDAQ,연간x연결,재무제표,DS-2/DS-3,DONE,"cross-check completed for ['매출액', '영업이익']",,2026-07-07T21:34:58
대동금속,00191287,020400,KOSDAQ,연간x연결,지표,CV-6,PASS,default metric selection visible,,2026-07-07T21:34:58
대동금속,00191287,020400,KOSDAQ,연간x별도,재무제표,DS-1,PASS,,,2026-07-07T21:35:03
대동금속,00191287,020400,KOSDAQ,연간x별도,상단,DS-8,PASS,,,2026-07-07T21:35:03
대동금속,00191287,020400,KOSDAQ,연간x별도,상단,DS-7,PASS,"badges seen: ['✅', '🔎', '⚠']",,2026-07-07T21:35:03
대동금속,00191287,020400,KOSDAQ,연간x별도,재무제표,CV-3,PASS,rows=29 cols=26 slider_extended=True,,2026-07-07T21:35:03
대동금속,00191287,020400,KOSDAQ,연간x별도,재무제표,DS-2/DS-3,DONE,"cross-check completed for ['매출액', '영업이익']",,2026-07-07T21:35:03
대동금속,00191287,020400,KOSDAQ,연간x별도,지표,CV-6,PASS,default metric selection visible,,2026-07-07T21:35:03
대동금속,00191287,020400,KOSDAQ,분기x연결,재무제표,DS-1,PASS,,,2026-07-07T21:35:10
대동금속,00191287,020400,KOSDAQ,분기x연결,상단,DS-8,PASS,,,2026-07-07T21:35:10
대동금속,00191287,020400,KOSDAQ,분기x연결,상단,DS-4,PASS,substitution caption present,,2026-07-07T21:35:10
대동금속,00191287,020400,KOSDAQ,분기x연결,상단,DS-7,PASS,"badges seen: ['✅', '🔎', '⚠']",,2026-07-07T21:35:10
대동금속,00191287,020400,KOSDAQ,분기x연결,재무제표,CV-3,PASS,rows=29 cols=89 slider_extended=True,,2026-07-07T21:35:10
대동금속,00191287,020400,KOSDAQ,분기x연결,재무제표,DS-2/DS-3,DONE,"cross-check completed for ['매출액', '영업이익']",,2026-07-07T21:35:10
대동금속,00191287,020400,KOSDAQ,분기x연결,지표,CV-6,PASS,default metric selection visible,,2026-07-07T21:35:10
대동금속,00191287,020400,KOSDAQ,분기x별도,재무제표,DS-1,PASS,,,2026-07-07T21:35:17
대동금속,00191287,020400,KOSDAQ,분기x별도,상단,DS-8,PASS,,,2026-07-07T21:35:17
대동금속,00191287,020400,KOSDAQ,분기x별도,상단,DS-7,PASS,"badges seen: ['✅', '🔎', '⚠']",,2026-07-07T21:35:17
대동금속,00191287,020400,KOSDAQ,분기x별도,재무제표,CV-3,PASS,rows=29 cols=89 slider_extended=True,,2026-07-07T21:35:17
대동금속,00191287,020400,KOSDAQ,분기x별도,재무제표,DS-2/DS-3,DONE,"cross-check completed for ['매출액', '영업이익']",,2026-07-07T21:35:17
대동금속,00191287,020400,KOSDAQ,분기x별도,지표,CV-6,PASS,default metric selection visible,,2026-07-07T21:35:17
대동기어,00109310,008830,KOSDAQ,연간x연결,재무제표,DS-1,PASS,,,2026-07-07T21:35:31
대동기어,00109310,008830,KOSDAQ,연간x연결,상단,DS-8,PASS,,,2026-07-07T21:35:31
대동기어,00109310,008830,KOSDAQ,연간x연결,상단,DS-4,PASS,substitution caption present,,2026-07-07T21:35:31
대동기어,00109310,008830,KOSDAQ,연간x연결,상단,DS-7,PASS,"badges seen: ['✅', '🔎', '⚠']",,2026-07-07T21:35:31
대동기어,00109310,008830,KOSDAQ,연간x연결,재무제표,CV-3,PASS,rows=29 cols=31 slider_extended=True,,2026-07-07T21:35:31
대동기어,00109310,008830,KOSDAQ,연간x연결,재무제표,DS-2/DS-3,DONE,"cross-check completed for ['매출액', '영업이익']",,2026-07-07T21:35:31
대동기어,00109310,008830,KOSDAQ,연간x연결,지표,CV-6,PASS,default metric selection visible,,2026-07-07T21:35:31
대동기어,00109310,008830,KOSDAQ,연간x별도,재무제표,DS-1,PASS,,,2026-07-07T21:35:36
대동기어,00109310,008830,KOSDAQ,연간x별도,상단,DS-8,PASS,,,2026-07-07T21:35:36
대동기어,00109310,008830,KOSDAQ,연간x별도,상단,DS-7,PASS,"badges seen: ['✅', '🔎', '⚠']",,2026-07-07T21:35:36
대동기어,00109310,008830,KOSDAQ,연간x별도,재무제표,CV-3,PASS,rows=29 cols=31 slider_extended=True,,2026-07-07T21:35:36
대동기어,00109310,008830,KOSDAQ,연간x별도,재무제표,DS-2/DS-3,DONE,"cross-check completed for ['매출액', '영업이익']",,2026-07-07T21:35:36
대동기어,00109310,008830,KOSDAQ,연간x별도,지표,CV-6,PASS,default metric selection visible,,2026-07-07T21:35:36
대동기어,00109310,008830,KOSDAQ,분기x연결,재무제표,DS-1,PASS,,,2026-07-07T21:35:43
대동기어,00109310,008830,KOSDAQ,분기x연결,상단,DS-8,PASS,,,2026-07-07T21:35:43
대동기어,00109310,008830,KOSDAQ,분기x연결,상단,DS-4,PASS,substitution caption present,,2026-07-07T21:35:43
대동기어,00109310,008830,KOSDAQ,분기x연결,상단,DS-7,PASS,"badges seen: ['✅', '🔎', '⚠']",,2026-07-07T21:35:43
대동기어,00109310,008830,KOSDAQ,분기x연결,재무제표,CV-3,PASS,rows=29 cols=92 slider_extended=True,,2026-07-07T21:35:43
대동기어,00109310,008830,KOSDAQ,분기x연결,재무제표,DS-2/DS-3,DONE,"cross-check completed for ['매출액', '영업이익']",,2026-07-07T21:35:43
대동기어,00109310,008830,KOSDAQ,분기x연결,지표,CV-6,PASS,default metric selection visible,,2026-07-07T21:35:43
대동기어,00109310,008830,KOSDAQ,분기x별도,재무제표,DS-1,PASS,,,2026-07-07T21:35:50
대동기어,00109310,008830,KOSDAQ,분기x별도,상단,DS-8,PASS,,,2026-07-07T21:35:50
대동기어,00109310,008830,KOSDAQ,분기x별도,상단,DS-7,PASS,"badges seen: ['✅', '🔎', '⚠']",,2026-07-07T21:35:50
대동기어,00109310,008830,KOSDAQ,분기x별도,재무제표,CV-3,PASS,rows=29 cols=92 slider_extended=True,,2026-07-07T21:35:50
대동기어,00109310,008830,KOSDAQ,분기x별도,재무제표,DS-2/DS-3,DONE,"cross-check completed for ['매출액', '영업이익']",,2026-07-07T21:35:50
대동기어,00109310,008830,KOSDAQ,분기x별도,지표,CV-6,PASS,default metric selection visible,,2026-07-07T21:35:50
대동스틸,00109268,048470,KOSDAQ,연간x연결,재무제표,DS-1,PASS,,,2026-07-07T21:36:01
대동스틸,00109268,048470,KOSDAQ,연간x연결,상단,DS-8,PASS,,,2026-07-07T21:36:01
대동스틸,00109268,048470,KOSDAQ,연간x연결,상단,DS-4,PASS,substitution caption present,,2026-07-07T21:36:01
대동스틸,00109268,048470,KOSDAQ,연간x연결,상단,DS-7,PASS,"badges seen: ['✅', '🔎', '⚠']",,2026-07-07T21:36:01
대동스틸,00109268,048470,KOSDAQ,연간x연결,재무제표,CV-3,PASS,rows=29 cols=24 slider_extended=True,,2026-07-07T21:36:01
대동스틸,00109268,048470,KOSDAQ,연간x연결,재무제표,DS-2/DS-3,DONE,"cross-check completed for ['매출액', '영업이익']",,2026-07-07T21:36:01
대동스틸,00109268,048470,KOSDAQ,연간x연결,지표,CV-6,PASS,default metric selection visible,,2026-07-07T21:36:01
대동스틸,00109268,048470,KOSDAQ,연간x별도,재무제표,DS-1,PASS,,,2026-07-07T21:36:06
대동스틸,00109268,048470,KOSDAQ,연간x별도,상단,DS-8,PASS,,,2026-07-07T21:36:06
대동스틸,00109268,048470,KOSDAQ,연간x별도,상단,DS-7,PASS,"badges seen: ['✅', '🔎', '⚠']",,2026-07-07T21:36:06
대동스틸,00109268,048470,KOSDAQ,연간x별도,재무제표,CV-3,PASS,rows=29 cols=24 slider_extended=True,,2026-07-07T21:36:06
대동스틸,00109268,048470,KOSDAQ,연간x별도,재무제표,DS-2/DS-3,DONE,"cross-check completed for ['매출액', '영업이익']",,2026-07-07T21:36:06
대동스틸,00109268,048470,KOSDAQ,연간x별도,지표,CV-6,PASS,default metric selection visible,,2026-07-07T21:36:06
대동스틸,00109268,048470,KOSDAQ,분기x연결,재무제표,DS-1,PASS,,,2026-07-07T21:36:13
대동스틸,00109268,048470,KOSDAQ,분기x연결,상단,DS-8,PASS,,,2026-07-07T21:36:13
대동스틸,00109268,048470,KOSDAQ,분기x연결,상단,DS-4,PASS,substitution caption present,,2026-07-07T21:36:13
대동스틸,00109268,048470,KOSDAQ,분기x연결,상단,DS-7,PASS,"badges seen: ['✅', '🔎']",,2026-07-07T21:36:13
대동스틸,00109268,048470,KOSDAQ,분기x연결,재무제표,CV-3,PASS,rows=29 cols=76 slider_extended=True,,2026-07-07T21:36:13
대동스틸,00109268,048470,KOSDAQ,분기x연결,재무제표,DS-2/DS-3,DONE,"cross-check completed for ['매출액', '영업이익']",,2026-07-07T21:36:13
대동스틸,00109268,048470,KOSDAQ,분기x연결,지표,CV-6,PASS,default metric selection visible,,2026-07-07T21:36:13
대동스틸,00109268,048470,KOSDAQ,분기x별도,재무제표,DS-1,PASS,,,2026-07-07T21:36:20
대동스틸,00109268,048470,KOSDAQ,분기x별도,상단,DS-8,PASS,,,2026-07-07T21:36:20
대동스틸,00109268,048470,KOSDAQ,분기x별도,상단,DS-7,PASS,"badges seen: ['✅', '🔎']",,2026-07-07T21:36:20
대동스틸,00109268,048470,KOSDAQ,분기x별도,재무제표,CV-3,PASS,rows=29 cols=76 slider_extended=True,,2026-07-07T21:36:20
대동스틸,00109268,048470,KOSDAQ,분기x별도,재무제표,DS-2/DS-3,DONE,"cross-check completed for ['매출액', '영업이익']",,2026-07-07T21:36:20
대동스틸,00109268,048470,KOSDAQ,분기x별도,지표,CV-6,PASS,default metric selection visible,,2026-07-07T21:36:20
대륙제관,00109587,004780,KOSDAQ,연간x연결,재무제표,DS-1,PASS,,,2026-07-07T21:36:34
대륙제관,00109587,004780,KOSDAQ,연간x연결,상단,DS-8,PASS,,,2026-07-07T21:36:34
대륙제관,00109587,004780,KOSDAQ,연간x연결,상단,DS-4,PASS,substitution caption present,,2026-07-07T21:36:34
대륙제관,00109587,004780,KOSDAQ,연간x연결,상단,DS-7,PASS,"badges seen: ['✅', '🔎']",,2026-07-07T21:36:34
대륙제관,00109587,004780,KOSDAQ,연간x연결,재무제표,CV-3,PASS,rows=29 cols=27 slider_extended=True,,2026-07-07T21:36:34
대륙제관,00109587,004780,KOSDAQ,연간x연결,재무제표,DS-2/DS-3,DONE,"cross-check completed for ['매출액', '영업이익']",,2026-07-07T21:36:34
대륙제관,00109587,004780,KOSDAQ,연간x연결,지표,CV-6,PASS,default metric selection visible,,2026-07-07T21:36:34
대륙제관,00109587,004780,KOSDAQ,연간x별도,재무제표,DS-1,PASS,,,2026-07-07T21:36:39
대륙제관,00109587,004780,KOSDAQ,연간x별도,상단,DS-8,PASS,,,2026-07-07T21:36:39
대륙제관,00109587,004780,KOSDAQ,연간x별도,상단,DS-7,PASS,"badges seen: ['✅', '🔎']",,2026-07-07T21:36:39
대륙제관,00109587,004780,KOSDAQ,연간x별도,재무제표,CV-3,PASS,rows=29 cols=27 slider_extended=True,,2026-07-07T21:36:39
대륙제관,00109587,004780,KOSDAQ,연간x별도,재무제표,DS-2/DS-3,DONE,"cross-check completed for ['매출액', '영업이익']",,2026-07-07T21:36:39
대륙제관,00109587,004780,KOSDAQ,연간x별도,지표,CV-6,PASS,default metric selection visible,,2026-07-07T21:36:39
대륙제관,00109587,004780,KOSDAQ,분기x연결,재무제표,DS-1,PASS,,,2026-07-07T21:36:45
대륙제관,00109587,004780,KOSDAQ,분기x연결,상단,DS-8,PASS,,,2026-07-07T21:36:45
대륙제관,00109587,004780,KOSDAQ,분기x연결,상단,DS-7,PASS,"badges seen: ['✅', '🔎']",,2026-07-07T21:36:45
대륙제관,00109587,004780,KOSDAQ,분기x연결,재무제표,CV-3,PASS,rows=29 cols=7 slider_extended=True,,2026-07-07T21:36:45
대륙제관,00109587,004780,KOSDAQ,분기x연결,재무제표,DS-2/DS-3,DONE,"cross-check completed for ['매출액', '영업이익']",,2026-07-07T21:36:45
대륙제관,00109587,004780,KOSDAQ,분기x연결,지표,CV-6,PASS,default metric selection visible,,2026-07-07T21:36:45
대륙제관,00109587,004780,KOSDAQ,분기x별도,재무제표,DS-1,PASS,,,2026-07-07T21:36:53
대륙제관,00109587,004780,KOSDAQ,분기x별도,상단,DS-8,PASS,,,2026-07-07T21:36:53
대륙제관,00109587,004780,KOSDAQ,분기x별도,상단,DS-7,PASS,"badges seen: ['✅', '🔎']",,2026-07-07T21:36:53
대륙제관,00109587,004780,KOSDAQ,분기x별도,재무제표,CV-3,PASS,rows=29 cols=86 slider_extended=True,,2026-07-07T21:36:53
대륙제관,00109587,004780,KOSDAQ,분기x별도,재무제표,DS-2/DS-3,DONE,"cross-check completed for ['매출액', '영업이익']",,2026-07-07T21:36:53
대륙제관,00109587,004780,KOSDAQ,분기x별도,지표,CV-6,PASS,default metric selection visible,,2026-07-07T21:36:53
대림제지,00109781,017650,KOSDAQ,연간x연결,재무제표,DS-1,PASS,,,2026-07-07T21:37:03
대림제지,00109781,017650,KOSDAQ,연간x연결,상단,DS-8,PASS,,,2026-07-07T21:37:03
대림제지,00109781,017650,KOSDAQ,연간x연결,상단,DS-7,PASS,"badges seen: ['✅', '🔎']",,2026-07-07T21:37:03
대림제지,00109781,017650,KOSDAQ,연간x연결,재무제표,CV-3,PASS,rows=29 cols=12 slider_extended=True,,2026-07-07T21:37:03
대림제지,00109781,017650,KOSDAQ,연간x연결,재무제표,DS-2/DS-3,DONE,"cross-check completed for ['매출액', '영업이익']",,2026-07-07T21:37:03
대림제지,00109781,017650,KOSDAQ,연간x연결,지표,CV-6,PASS,default metric selection visible,,2026-07-07T21:37:03
대림제지,00109781,017650,KOSDAQ,연간x별도,재무제표,DS-1,PASS,,,2026-07-07T21:37:09
대림제지,00109781,017650,KOSDAQ,연간x별도,상단,DS-8,PASS,,,2026-07-07T21:37:09
대림제지,00109781,017650,KOSDAQ,연간x별도,상단,DS-7,PASS,"badges seen: ['✅', '🔎', '⚠']",,2026-07-07T21:37:09
대림제지,00109781,017650,KOSDAQ,연간x별도,재무제표,CV-3,PASS,rows=29 cols=27 slider_extended=True,,2026-07-07T21:37:09
대림제지,00109781,017650,KOSDAQ,연간x별도,재무제표,DS-2/DS-3,DONE,"cross-check completed for ['매출액', '영업이익']",,2026-07-07T21:37:09
대림제지,00109781,017650,KOSDAQ,연간x별도,지표,CV-6,PASS,default metric selection visible,,2026-07-07T21:37:09
대림제지,00109781,017650,KOSDAQ,분기x연결,재무제표,DS-1,PASS,,,2026-07-07T21:37:15
대림제지,00109781,017650,KOSDAQ,분기x연결,상단,DS-8,PASS,,,2026-07-07T21:37:15
대림제지,00109781,017650,KOSDAQ,분기x연결,상단,DS-7,PASS,"badges seen: ['✅', '🔎']",,2026-07-07T21:37:15
대림제지,00109781,017650,KOSDAQ,분기x연결,재무제표,CV-3,PASS,rows=29 cols=38 slider_extended=True,,2026-07-07T21:37:15
대림제지,00109781,017650,KOSDAQ,분기x연결,재무제표,DS-2/DS-3,DONE,"cross-check completed for ['매출액', '영업이익']",,2026-07-07T21:37:15
대림제지,00109781,017650,KOSDAQ,분기x연결,지표,CV-6,PASS,default metric selection visible,,2026-07-07T21:37:15
대림제지,00109781,017650,KOSDAQ,분기x별도,재무제표,DS-1,PASS,,,2026-07-07T21:37:22
대림제지,00109781,017650,KOSDAQ,분기x별도,상단,DS-8,PASS,,,2026-07-07T21:37:22
대림제지,00109781,017650,KOSDAQ,분기x별도,상단,DS-7,PASS,"badges seen: ['✅', '🔎']",,2026-07-07T21:37:22
대림제지,00109781,017650,KOSDAQ,분기x별도,재무제표,CV-3,PASS,rows=29 cols=73 slider_extended=True,,2026-07-07T21:37:22
대림제지,00109781,017650,KOSDAQ,분기x별도,재무제표,DS-2/DS-3,DONE,"cross-check completed for ['매출액', '영업이익']",,2026-07-07T21:37:22
대림제지,00109781,017650,KOSDAQ,분기x별도,지표,CV-6,PASS,default metric selection visible,,2026-07-07T21:37:22
대명에너지,01150515,389260,KOSDAQ,연간x연결,재무제표,DS-1,PASS,,,2026-07-07T21:37:36
대명에너지,01150515,389260,KOSDAQ,연간x연결,상단,DS-8,PASS,,,2026-07-07T21:37:36
대명에너지,01150515,389260,KOSDAQ,연간x연결,상단,DS-7,PASS,"badges seen: ['✅', '🔎', '⚠']",,2026-07-07T21:37:36
대명에너지,01150515,389260,KOSDAQ,연간x연결,재무제표,CV-3,PASS,rows=29 cols=8 slider_extended=True,,2026-07-07T21:37:36
대명에너지,01150515,389260,KOSDAQ,연간x연결,재무제표,DS-2/DS-3,DONE,"cross-check completed for ['매출액', '영업이익']",,2026-07-07T21:37:36
대명에너지,01150515,389260,KOSDAQ,연간x연결,지표,CV-6,PASS,default metric selection visible,,2026-07-07T21:37:36
대명에너지,01150515,389260,KOSDAQ,연간x별도,재무제표,DS-1,PASS,,,2026-07-07T21:37:41
대명에너지,01150515,389260,KOSDAQ,연간x별도,상단,DS-8,PASS,,,2026-07-07T21:37:41
대명에너지,01150515,389260,KOSDAQ,연간x별도,상단,DS-7,PASS,"badges seen: ['✅', '🔎', '⚠']",,2026-07-07T21:37:41
대명에너지,01150515,389260,KOSDAQ,연간x별도,재무제표,CV-3,PASS,rows=29 cols=8 slider_extended=True,,2026-07-07T21:37:41
대명에너지,01150515,389260,KOSDAQ,연간x별도,재무제표,DS-2/DS-3,DONE,"cross-check completed for ['매출액', '영업이익']",,2026-07-07T21:37:41
대명에너지,01150515,389260,KOSDAQ,연간x별도,지표,CV-6,PASS,default metric selection visible,,2026-07-07T21:37:41
대명에너지,01150515,389260,KOSDAQ,분기x연결,재무제표,DS-1,PASS,,,2026-07-07T21:37:47
대명에너지,01150515,389260,KOSDAQ,분기x연결,상단,DS-8,PASS,,,2026-07-07T21:37:47
대명에너지,01150515,389260,KOSDAQ,분기x연결,상단,DS-7,PASS,"badges seen: ['✅', '🔎', '⚠']",,2026-07-07T21:37:47
대명에너지,01150515,389260,KOSDAQ,분기x연결,재무제표,CV-3,PASS,rows=29 cols=23 slider_extended=True,,2026-07-07T21:37:47
대명에너지,01150515,389260,KOSDAQ,분기x연결,재무제표,DS-2/DS-3,DONE,"cross-check completed for ['매출액', '영업이익']",,2026-07-07T21:37:47
대명에너지,01150515,389260,KOSDAQ,분기x연결,지표,CV-6,PASS,default metric selection visible,,2026-07-07T21:37:47
대명에너지,01150515,389260,KOSDAQ,분기x별도,재무제표,DS-1,PASS,,,2026-07-07T21:37:54
대명에너지,01150515,389260,KOSDAQ,분기x별도,상단,DS-8,PASS,,,2026-07-07T21:37:54
대명에너지,01150515,389260,KOSDAQ,분기x별도,상단,DS-7,PASS,"badges seen: ['✅', '🔎', '⚠']",,2026-07-07T21:37:54
대명에너지,01150515,389260,KOSDAQ,분기x별도,재무제표,CV-3,PASS,rows=29 cols=23 slider_extended=True,,2026-07-07T21:37:54
대명에너지,01150515,389260,KOSDAQ,분기x별도,재무제표,DS-2/DS-3,DONE,"cross-check completed for ['매출액', '영업이익']",,2026-07-07T21:37:54
대명에너지,01150515,389260,KOSDAQ,분기x별도,지표,CV-6,PASS,default metric selection visible,,2026-07-07T21:37:54
대모,00450995,317850,KOSDAQ,연간x연결,재무제표,DS-1,PASS,,,2026-07-07T21:38:05
대모,00450995,317850,KOSDAQ,연간x연결,상단,DS-8,PASS,,,2026-07-07T21:38:05
대모,00450995,317850,KOSDAQ,연간x연결,상단,DS-7,PASS,"badges seen: ['✅', '🔎', '⚠']",,2026-07-07T21:38:05
대모,00450995,317850,KOSDAQ,연간x연결,재무제표,CV-3,PASS,rows=29 cols=11 slider_extended=True,,2026-07-07T21:38:05
대모,00450995,317850,KOSDAQ,연간x연결,재무제표,DS-2/DS-3,DONE,"cross-check completed for ['매출액', '영업이익']",,2026-07-07T21:38:05
대모,00450995,317850,KOSDAQ,연간x연결,지표,CV-6,PASS,default metric selection visible,,2026-07-07T21:38:05
대모,00450995,317850,KOSDAQ,연간x별도,재무제표,DS-1,PASS,,,2026-07-07T21:38:11
대모,00450995,317850,KOSDAQ,연간x별도,상단,DS-8,PASS,,,2026-07-07T21:38:11
대모,00450995,317850,KOSDAQ,연간x별도,상단,DS-7,PASS,"badges seen: ['✅', '🔎', '⚠']",,2026-07-07T21:38:11
대모,00450995,317850,KOSDAQ,연간x별도,재무제표,CV-3,PASS,rows=29 cols=11 slider_extended=True,,2026-07-07T21:38:11
대모,00450995,317850,KOSDAQ,연간x별도,재무제표,DS-2/DS-3,DONE,"cross-check completed for ['매출액', '영업이익']",,2026-07-07T21:38:11
대모,00450995,317850,KOSDAQ,연간x별도,지표,CV-6,PASS,default metric selection visible,,2026-07-07T21:38:11
대모,00450995,317850,KOSDAQ,분기x연결,재무제표,DS-1,PASS,,,2026-07-07T21:38:18
대모,00450995,317850,KOSDAQ,분기x연결,상단,DS-8,PASS,,,2026-07-07T21:38:18
대모,00450995,317850,KOSDAQ,분기x연결,상단,DS-7,PASS,"badges seen: ['✅', '🔎', '⚠']",,2026-07-07T21:38:18
대모,00450995,317850,KOSDAQ,분기x연결,재무제표,CV-3,PASS,rows=29 cols=33 slider_extended=True,,2026-07-07T21:38:18
대모,00450995,317850,KOSDAQ,분기x연결,재무제표,DS-2/DS-3,DONE,"cross-check completed for ['매출액', '영업이익']",,2026-07-07T21:38:18
대모,00450995,317850,KOSDAQ,분기x연결,지표,CV-6,PASS,default metric selection visible,,2026-07-07T21:38:18
대모,00450995,317850,KOSDAQ,분기x별도,재무제표,DS-1,PASS,,,2026-07-07T21:38:25
대모,00450995,317850,KOSDAQ,분기x별도,상단,DS-8,PASS,,,2026-07-07T21:38:25
대모,00450995,317850,KOSDAQ,분기x별도,상단,DS-7,PASS,"badges seen: ['✅', '🔎', '⚠']",,2026-07-07T21:38:25
대모,00450995,317850,KOSDAQ,분기x별도,재무제표,CV-3,PASS,rows=29 cols=33 slider_extended=True,,2026-07-07T21:38:25
대모,00450995,317850,KOSDAQ,분기x별도,재무제표,DS-2/DS-3,DONE,"cross-check completed for ['매출액', '영업이익']",,2026-07-07T21:38:25
대모,00450995,317850,KOSDAQ,분기x별도,지표,CV-6,PASS,default metric selection visible,,2026-07-07T21:38:25
대보마그네틱,01259418,290670,KOSDAQ,연간x연결,재무제표,DS-1,PASS,,,2026-07-07T21:38:39
대보마그네틱,01259418,290670,KOSDAQ,연간x연결,상단,DS-8,PASS,,,2026-07-07T21:38:39
대보마그네틱,01259418,290670,KOSDAQ,연간x연결,상단,DS-7,PASS,"badges seen: ['✅', '🔎', '⚠']",,2026-07-07T21:38:39
대보마그네틱,01259418,290670,KOSDAQ,연간x연결,재무제표,CV-3,PASS,rows=29 cols=8 slider_extended=True,,2026-07-07T21:38:39
대보마그네틱,01259418,290670,KOSDAQ,연간x연결,재무제표,DS-2/DS-3,DONE,"cross-check completed for ['매출액', '영업이익']",,2026-07-07T21:38:39
대보마그네틱,01259418,290670,KOSDAQ,연간x연결,지표,CV-6,PASS,default metric selection visible,,2026-07-07T21:38:39
대보마그네틱,01259418,290670,KOSDAQ,연간x별도,재무제표,DS-1,PASS,,,2026-07-07T21:38:44
대보마그네틱,01259418,290670,KOSDAQ,연간x별도,상단,DS-8,PASS,,,2026-07-07T21:38:44
대보마그네틱,01259418,290670,KOSDAQ,연간x별도,상단,DS-7,PASS,"badges seen: ['✅', '🔎', '⚠']",,2026-07-07T21:38:44
대보마그네틱,01259418,290670,KOSDAQ,연간x별도,재무제표,CV-3,PASS,rows=29 cols=12 slider_extended=True,,2026-07-07T21:38:44
대보마그네틱,01259418,290670,KOSDAQ,연간x별도,재무제표,DS-2/DS-3,DONE,"cross-check completed for ['매출액', '영업이익']",,2026-07-07T21:38:44
대보마그네틱,01259418,290670,KOSDAQ,연간x별도,지표,CV-6,PASS,default metric selection visible,,2026-07-07T21:38:44
대보마그네틱,01259418,290670,KOSDAQ,분기x연결,재무제표,DS-1,PASS,,,2026-07-07T21:38:50
대보마그네틱,01259418,290670,KOSDAQ,분기x연결,상단,DS-8,PASS,,,2026-07-07T21:38:50
대보마그네틱,01259418,290670,KOSDAQ,분기x연결,상단,DS-7,PASS,"badges seen: ['✅', '🔎']",,2026-07-07T21:38:50
대보마그네틱,01259418,290670,KOSDAQ,분기x연결,재무제표,CV-3,PASS,rows=29 cols=20 slider_extended=True,,2026-07-07T21:38:50
대보마그네틱,01259418,290670,KOSDAQ,분기x연결,재무제표,DS-2/DS-3,DONE,"cross-check completed for ['매출액', '영업이익']",,2026-07-07T21:38:50
대보마그네틱,01259418,290670,KOSDAQ,분기x연결,지표,CV-6,PASS,default metric selection visible,,2026-07-07T21:38:50
대보마그네틱,01259418,290670,KOSDAQ,분기x별도,재무제표,DS-1,PASS,,,2026-07-07T21:38:58
대보마그네틱,01259418,290670,KOSDAQ,분기x별도,상단,DS-8,PASS,,,2026-07-07T21:38:58
대보마그네틱,01259418,290670,KOSDAQ,분기x별도,상단,DS-7,PASS,"badges seen: ['✅', '🔎']",,2026-07-07T21:38:58
대보마그네틱,01259418,290670,KOSDAQ,분기x별도,재무제표,CV-3,PASS,rows=29 cols=36 slider_extended=True,,2026-07-07T21:38:58
대보마그네틱,01259418,290670,KOSDAQ,분기x별도,재무제표,DS-2/DS-3,DONE,"cross-check completed for ['매출액', '영업이익']",,2026-07-07T21:38:58
대보마그네틱,01259418,290670,KOSDAQ,분기x별도,지표,CV-6,PASS,default metric selection visible,,2026-07-07T21:38:58
대봉엘에스,00442826,078140,KOSDAQ,연간x연결,재무제표,DS-1,PASS,,,2026-07-07T21:39:11
대봉엘에스,00442826,078140,KOSDAQ,연간x연결,상단,DS-8,PASS,,,2026-07-07T21:39:11
대봉엘에스,00442826,078140,KOSDAQ,연간x연결,상단,DS-7,PASS,"badges seen: ['✅', '🔎']",,2026-07-07T21:39:11
대봉엘에스,00442826,078140,KOSDAQ,연간x연결,재무제표,CV-3,PASS,rows=29 cols=19 slider_extended=True,,2026-07-07T21:39:11
대봉엘에스,00442826,078140,KOSDAQ,연간x연결,재무제표,DS-2/DS-3,DONE,"cross-check completed for ['매출액', '영업이익']",,2026-07-07T21:39:11
대봉엘에스,00442826,078140,KOSDAQ,연간x연결,지표,CV-6,PASS,default metric selection visible,,2026-07-07T21:39:11
대봉엘에스,00442826,078140,KOSDAQ,연간x별도,재무제표,DS-1,PASS,,,2026-07-07T21:39:16
대봉엘에스,00442826,078140,KOSDAQ,연간x별도,상단,DS-8,PASS,,,2026-07-07T21:39:16
대봉엘에스,00442826,078140,KOSDAQ,연간x별도,상단,DS-7,PASS,"badges seen: ['✅', '🔎', '⚠']",,2026-07-07T21:39:16
대봉엘에스,00442826,078140,KOSDAQ,연간x별도,재무제표,CV-3,PASS,rows=29 cols=24 slider_extended=True,,2026-07-07T21:39:16
대봉엘에스,00442826,078140,KOSDAQ,연간x별도,재무제표,DS-2/DS-3,DONE,"cross-check completed for ['매출액', '영업이익']",,2026-07-07T21:39:16
대봉엘에스,00442826,078140,KOSDAQ,연간x별도,지표,CV-6,PASS,default metric selection visible,,2026-07-07T21:39:16
대봉엘에스,00442826,078140,KOSDAQ,분기x연결,재무제표,DS-1,PASS,,,2026-07-07T21:39:22
대봉엘에스,00442826,078140,KOSDAQ,분기x연결,상단,DS-8,PASS,,,2026-07-07T21:39:22
대봉엘에스,00442826,078140,KOSDAQ,분기x연결,상단,DS-7,PASS,"badges seen: ['✅', '🔎', '⚠']",,2026-07-07T21:39:22
대봉엘에스,00442826,078140,KOSDAQ,분기x연결,재무제표,CV-3,PASS,rows=29 cols=60 slider_extended=True,,2026-07-07T21:39:22
대봉엘에스,00442826,078140,KOSDAQ,분기x연결,재무제표,DS-2/DS-3,DONE,"cross-check completed for ['매출액', '영업이익']",,2026-07-07T21:39:22
대봉엘에스,00442826,078140,KOSDAQ,분기x연결,지표,CV-6,PASS,default metric selection visible,,2026-07-07T21:39:22
대봉엘에스,00442826,078140,KOSDAQ,분기x별도,재무제표,DS-1,PASS,,,2026-07-07T21:39:30
대봉엘에스,00442826,078140,KOSDAQ,분기x별도,상단,DS-8,PASS,,,2026-07-07T21:39:30
대봉엘에스,00442826,078140,KOSDAQ,분기x별도,상단,DS-7,PASS,"badges seen: ['✅', '🔎', '⚠']",,2026-07-07T21:39:30
대봉엘에스,00442826,078140,KOSDAQ,분기x별도,재무제표,CV-3,PASS,rows=29 cols=79 slider_extended=True,,2026-07-07T21:39:30
대봉엘에스,00442826,078140,KOSDAQ,분기x별도,재무제표,DS-2/DS-3,DONE,"cross-check completed for ['매출액', '영업이익']",,2026-07-07T21:39:30
대봉엘에스,00442826,078140,KOSDAQ,분기x별도,지표,CV-6,PASS,default metric selection visible,,2026-07-07T21:39:30
대성미생물,00177320,036480,KOSDAQ,연간x연결,재무제표,DS-1,PASS,,,2026-07-07T21:39:43
대성미생물,00177320,036480,KOSDAQ,연간x연결,상단,DS-8,PASS,,,2026-07-07T21:39:43
대성미생물,00177320,036480,KOSDAQ,연간x연결,상단,DS-4,PASS,substitution caption present,,2026-07-07T21:39:43
대성미생물,00177320,036480,KOSDAQ,연간x연결,상단,DS-7,PASS,"badges seen: ['✅', '🔎']",,2026-07-07T21:39:43
대성미생물,00177320,036480,KOSDAQ,연간x연결,재무제표,CV-3,PASS,rows=29 cols=28 slider_extended=True,,2026-07-07T21:39:43
대성미생물,00177320,036480,KOSDAQ,연간x연결,재무제표,DS-2/DS-3,DONE,"cross-check completed for ['매출액', '영업이익']",,2026-07-07T21:39:43
대성미생물,00177320,036480,KOSDAQ,연간x연결,지표,CV-6,PASS,default metric selection visible,,2026-07-07T21:39:43
대성미생물,00177320,036480,KOSDAQ,연간x별도,재무제표,DS-1,PASS,,,2026-07-07T21:39:49
대성미생물,00177320,036480,KOSDAQ,연간x별도,상단,DS-8,PASS,,,2026-07-07T21:39:49
대성미생물,00177320,036480,KOSDAQ,연간x별도,상단,DS-7,PASS,"badges seen: ['✅', '🔎']",,2026-07-07T21:39:49
대성미생물,00177320,036480,KOSDAQ,연간x별도,재무제표,CV-3,PASS,rows=29 cols=28 slider_extended=True,,2026-07-07T21:39:49
대성미생물,00177320,036480,KOSDAQ,연간x별도,재무제표,DS-2/DS-3,DONE,"cross-check completed for ['매출액', '영업이익']",,2026-07-07T21:39:49
대성미생물,00177320,036480,KOSDAQ,연간x별도,지표,CV-6,PASS,default metric selection visible,,2026-07-07T21:39:49
대성미생물,00177320,036480,KOSDAQ,분기x연결,재무제표,DS-1,PASS,,,2026-07-07T21:39:55
대성미생물,00177320,036480,KOSDAQ,분기x연결,상단,DS-8,PASS,,,2026-07-07T21:39:55
대성미생물,00177320,036480,KOSDAQ,분기x연결,상단,DS-4,PASS,substitution caption present,,2026-07-07T21:39:55
대성미생물,00177320,036480,KOSDAQ,분기x연결,상단,DS-7,PASS,"badges seen: ['✅', '🔎']",,2026-07-07T21:39:55
대성미생물,00177320,036480,KOSDAQ,분기x연결,재무제표,CV-3,PASS,rows=29 cols=90 slider_extended=True,,2026-07-07T21:39:55
대성미생물,00177320,036480,KOSDAQ,분기x연결,재무제표,DS-2/DS-3,DONE,"cross-check completed for ['매출액', '영업이익']",,2026-07-07T21:39:55
대성미생물,00177320,036480,KOSDAQ,분기x연결,지표,CV-6,PASS,default metric selection visible,,2026-07-07T21:39:55
대성미생물,00177320,036480,KOSDAQ,분기x별도,재무제표,DS-1,PASS,,,2026-07-07T21:40:02
대성미생물,00177320,036480,KOSDAQ,분기x별도,상단,DS-8,PASS,,,2026-07-07T21:40:02
대성미생물,00177320,036480,KOSDAQ,분기x별도,상단,DS-7,PASS,"badges seen: ['✅', '🔎']",,2026-07-07T21:40:02
대성미생물,00177320,036480,KOSDAQ,분기x별도,재무제표,CV-3,PASS,rows=29 cols=90 slider_extended=True,,2026-07-07T21:40:02
대성미생물,00177320,036480,KOSDAQ,분기x별도,재무제표,DS-2/DS-3,DONE,"cross-check completed for ['매출액', '영업이익']",,2026-07-07T21:40:02
대성미생물,00177320,036480,KOSDAQ,분기x별도,지표,CV-6,FAIL,default metrics not found,,2026-07-07T21:40:02
대성창투,00109037,027830,KOSDAQ,연간x연결,재무제표,DS-1,PASS,,,2026-07-07T21:40:16
대성창투,00109037,027830,KOSDAQ,연간x연결,상단,DS-8,PASS,,,2026-07-07T21:40:16
대성창투,00109037,027830,KOSDAQ,연간x연결,상단,DS-7,PASS,"badges seen: ['✅', '🔎']",,2026-07-07T21:40:16
대성창투,00109037,027830,KOSDAQ,연간x연결,재무제표,CV-3,PASS,rows=29 cols=5 slider_extended=True,,2026-07-07T21:40:16
대성창투,00109037,027830,KOSDAQ,연간x연결,재무제표,DS-2/DS-3,DONE,"cross-check completed for ['매출액', '영업이익']",,2026-07-07T21:40:16
대성창투,00109037,027830,KOSDAQ,연간x연결,지표,CV-6,PASS,default metric selection visible,,2026-07-07T21:40:16
대성창투,00109037,027830,KOSDAQ,연간x별도,재무제표,DS-1,PASS,,,2026-07-07T21:40:21
대성창투,00109037,027830,KOSDAQ,연간x별도,상단,DS-8,PASS,,,2026-07-07T21:40:21
대성창투,00109037,027830,KOSDAQ,연간x별도,상단,DS-7,PASS,"badges seen: ['✅', '🔎', '⚠']",,2026-07-07T21:40:21
대성창투,00109037,027830,KOSDAQ,연간x별도,재무제표,CV-3,PASS,rows=29 cols=28 slider_extended=True,,2026-07-07T21:40:21
대성창투,00109037,027830,KOSDAQ,연간x별도,재무제표,DS-2/DS-3,DONE,"cross-check completed for ['매출액', '영업이익']",,2026-07-07T21:40:21
대성창투,00109037,027830,KOSDAQ,연간x별도,지표,CV-6,PASS,default metric selection visible,,2026-07-07T21:40:21
대성창투,00109037,027830,KOSDAQ,분기x연결,재무제표,DS-1,PASS,,,2026-07-07T21:40:28
대성창투,00109037,027830,KOSDAQ,분기x연결,상단,DS-8,PASS,,,2026-07-07T21:40:28
대성창투,00109037,027830,KOSDAQ,분기x연결,상단,DS-7,PASS,"badges seen: ['✅', '🔎']",,2026-07-07T21:40:28
대성창투,00109037,027830,KOSDAQ,분기x연결,재무제표,CV-3,PASS,rows=29 cols=9 slider_extended=True,,2026-07-07T21:40:28
대성창투,00109037,027830,KOSDAQ,분기x연결,재무제표,DS-2/DS-3,DONE,"cross-check completed for ['매출액', '영업이익']",,2026-07-07T21:40:28
대성창투,00109037,027830,KOSDAQ,분기x연결,지표,CV-6,PASS,default metric selection visible,,2026-07-07T21:40:28
대성창투,00109037,027830,KOSDAQ,분기x별도,재무제표,DS-1,PASS,,,2026-07-07T21:40:35
대성창투,00109037,027830,KOSDAQ,분기x별도,상단,DS-8,PASS,,,2026-07-07T21:40:35
대성창투,00109037,027830,KOSDAQ,분기x별도,상단,DS-7,PASS,"badges seen: ['✅', '🔎', '⚠']",,2026-07-07T21:40:35
대성창투,00109037,027830,KOSDAQ,분기x별도,재무제표,CV-3,PASS,rows=29 cols=82 slider_extended=True,,2026-07-07T21:40:35
대성창투,00109037,027830,KOSDAQ,분기x별도,재무제표,DS-2/DS-3,DONE,"cross-check completed for ['매출액', '영업이익']",,2026-07-07T21:40:35
대성창투,00109037,027830,KOSDAQ,분기x별도,지표,CV-6,PASS,default metric selection visible,,2026-07-07T21:40:35
대성하이텍,00577335,129920,KOSDAQ,연간x연결,재무제표,DS-1,PASS,,,2026-07-07T21:40:49
대성하이텍,00577335,129920,KOSDAQ,연간x연결,상단,DS-8,PASS,,,2026-07-07T21:40:49
대성하이텍,00577335,129920,KOSDAQ,연간x연결,상단,DS-7,PASS,"badges seen: ['✅', '🔎']",,2026-07-07T21:40:49
대성하이텍,00577335,129920,KOSDAQ,연간x연결,재무제표,CV-3,PASS,rows=29 cols=8 slider_extended=True,,2026-07-07T21:40:49
대성하이텍,00577335,129920,KOSDAQ,연간x연결,재무제표,DS-2/DS-3,DONE,"cross-check completed for ['매출액', '영업이익']",,2026-07-07T21:40:49
대성하이텍,00577335,129920,KOSDAQ,연간x연결,지표,CV-6,PASS,default metric selection visible,,2026-07-07T21:40:49
대성하이텍,00577335,129920,KOSDAQ,연간x별도,재무제표,DS-1,PASS,,,2026-07-07T21:40:54
대성하이텍,00577335,129920,KOSDAQ,연간x별도,상단,DS-8,PASS,,,2026-07-07T21:40:54
대성하이텍,00577335,129920,KOSDAQ,연간x별도,상단,DS-7,PASS,"badges seen: ['✅', '🔎']",,2026-07-07T21:40:54
대성하이텍,00577335,129920,KOSDAQ,연간x별도,재무제표,CV-3,PASS,rows=29 cols=8 slider_extended=True,,2026-07-07T21:40:54
대성하이텍,00577335,129920,KOSDAQ,연간x별도,재무제표,DS-2/DS-3,DONE,"cross-check completed for ['매출액', '영업이익']",,2026-07-07T21:40:54
대성하이텍,00577335,129920,KOSDAQ,연간x별도,지표,CV-6,PASS,default metric selection visible,,2026-07-07T21:40:54
대성하이텍,00577335,129920,KOSDAQ,분기x연결,재무제표,DS-1,PASS,,,2026-07-07T21:41:00
대성하이텍,00577335,129920,KOSDAQ,분기x연결,상단,DS-8,PASS,,,2026-07-07T21:41:00
대성하이텍,00577335,129920,KOSDAQ,분기x연결,상단,DS-7,PASS,"badges seen: ['✅', '🔎']",,2026-07-07T21:41:00
대성하이텍,00577335,129920,KOSDAQ,분기x연결,재무제표,CV-3,PASS,rows=29 cols=21 slider_extended=True,,2026-07-07T21:41:00
대성하이텍,00577335,129920,KOSDAQ,분기x연결,재무제표,DS-2/DS-3,DONE,"cross-check completed for ['매출액', '영업이익']",,2026-07-07T21:41:00
대성하이텍,00577335,129920,KOSDAQ,분기x연결,지표,CV-6,PASS,default metric selection visible,,2026-07-07T21:41:00
대성하이텍,00577335,129920,KOSDAQ,분기x별도,재무제표,DS-1,PASS,,,2026-07-07T21:41:07
대성하이텍,00577335,129920,KOSDAQ,분기x별도,상단,DS-8,PASS,,,2026-07-07T21:41:07
대성하이텍,00577335,129920,KOSDAQ,분기x별도,상단,DS-7,PASS,"badges seen: ['✅', '🔎']",,2026-07-07T21:41:07
대성하이텍,00577335,129920,KOSDAQ,분기x별도,재무제표,CV-3,PASS,rows=29 cols=14 slider_extended=True,,2026-07-07T21:41:07
대성하이텍,00577335,129920,KOSDAQ,분기x별도,재무제표,DS-2/DS-3,DONE,"cross-check completed for ['매출액', '영업이익']",,2026-07-07T21:41:07
대성하이텍,00577335,129920,KOSDAQ,분기x별도,지표,CV-6,PASS,default metric selection visible,,2026-07-07T21:41:07
대아티아이,00318316,045390,KOSDAQ,연간x연결,재무제표,DS-1,PASS,,,2026-07-07T21:41:21
대아티아이,00318316,045390,KOSDAQ,연간x연결,상단,DS-8,PASS,,,2026-07-07T21:41:21
대아티아이,00318316,045390,KOSDAQ,연간x연결,상단,DS-7,PASS,"badges seen: ['✅', '🔎']",,2026-07-07T21:41:21
대아티아이,00318316,045390,KOSDAQ,연간x연결,재무제표,CV-3,PASS,rows=29 cols=19 slider_extended=True,,2026-07-07T21:41:21
대아티아이,00318316,045390,KOSDAQ,연간x연결,재무제표,DS-2/DS-3,DONE,"cross-check completed for ['매출액', '영업이익']",,2026-07-07T21:41:21
대아티아이,00318316,045390,KOSDAQ,연간x연결,지표,CV-6,PASS,default metric selection visible,,2026-07-07T21:41:21
대아티아이,00318316,045390,KOSDAQ,연간x별도,재무제표,DS-1,PASS,,,2026-07-07T21:41:26
대아티아이,00318316,045390,KOSDAQ,연간x별도,상단,DS-8,PASS,,,2026-07-07T21:41:26
대아티아이,00318316,045390,KOSDAQ,연간x별도,상단,DS-7,PASS,"badges seen: ['✅', '🔎']",,2026-07-07T21:41:26
대아티아이,00318316,045390,KOSDAQ,연간x별도,재무제표,CV-3,PASS,rows=29 cols=25 slider_extended=True,,2026-07-07T21:41:26
대아티아이,00318316,045390,KOSDAQ,연간x별도,재무제표,DS-2/DS-3,DONE,"cross-check completed for ['매출액', '영업이익']",,2026-07-07T21:41:26
대아티아이,00318316,045390,KOSDAQ,연간x별도,지표,CV-6,PASS,default metric selection visible,,2026-07-07T21:41:26
대아티아이,00318316,045390,KOSDAQ,분기x연결,재무제표,DS-1,PASS,,,2026-07-07T21:41:32
대아티아이,00318316,045390,KOSDAQ,분기x연결,상단,DS-8,PASS,,,2026-07-07T21:41:32
대아티아이,00318316,045390,KOSDAQ,분기x연결,상단,DS-7,PASS,"badges seen: ['✅', '🔎']",,2026-07-07T21:41:32
대아티아이,00318316,045390,KOSDAQ,분기x연결,재무제표,CV-3,PASS,rows=29 cols=60 slider_extended=True,,2026-07-07T21:41:32
대아티아이,00318316,045390,KOSDAQ,분기x연결,재무제표,DS-2/DS-3,DONE,"cross-check completed for ['매출액', '영업이익']",,2026-07-07T21:41:32
대아티아이,00318316,045390,KOSDAQ,분기x연결,지표,CV-6,PASS,default metric selection visible,,2026-07-07T21:41:32
대아티아이,00318316,045390,KOSDAQ,분기x별도,재무제표,DS-1,PASS,,,2026-07-07T21:41:39
대아티아이,00318316,045390,KOSDAQ,분기x별도,상단,DS-8,PASS,,,2026-07-07T21:41:39
대아티아이,00318316,045390,KOSDAQ,분기x별도,상단,DS-7,PASS,"badges seen: ['✅', '🔎']",,2026-07-07T21:41:39
대아티아이,00318316,045390,KOSDAQ,분기x별도,재무제표,CV-3,PASS,rows=29 cols=83 slider_extended=True,,2026-07-07T21:41:39
대아티아이,00318316,045390,KOSDAQ,분기x별도,재무제표,DS-2/DS-3,DONE,"cross-check completed for ['매출액', '영업이익']",,2026-07-07T21:41:39
대아티아이,00318316,045390,KOSDAQ,분기x별도,지표,CV-6,PASS,default metric selection visible,,2026-07-07T21:41:39
대양전기공업,00111193,108380,KOSDAQ,연간x연결,재무제표,DS-1,PASS,,,2026-07-07T21:41:53
대양전기공업,00111193,108380,KOSDAQ,연간x연결,상단,DS-8,PASS,,,2026-07-07T21:41:53
대양전기공업,00111193,108380,KOSDAQ,연간x연결,상단,DS-7,PASS,"badges seen: ['✅', '🔎', '⚠']",,2026-07-07T21:41:53
대양전기공업,00111193,108380,KOSDAQ,연간x연결,재무제표,CV-3,PASS,rows=29 cols=16 slider_extended=True,,2026-07-07T21:41:53
대양전기공업,00111193,108380,KOSDAQ,연간x연결,재무제표,DS-2/DS-3,DONE,"cross-check completed for ['매출액', '영업이익']",,2026-07-07T21:41:53
대양전기공업,00111193,108380,KOSDAQ,연간x연결,지표,CV-6,PASS,default metric selection visible,,2026-07-07T21:41:53
대양전기공업,00111193,108380,KOSDAQ,연간x별도,재무제표,DS-1,PASS,,,2026-07-07T21:41:58
대양전기공업,00111193,108380,KOSDAQ,연간x별도,상단,DS-8,PASS,,,2026-07-07T21:41:58
대양전기공업,00111193,108380,KOSDAQ,연간x별도,상단,DS-7,PASS,"badges seen: ['✅', '🔎', '⚠']",,2026-07-07T21:41:58
대양전기공업,00111193,108380,KOSDAQ,연간x별도,재무제표,CV-3,PASS,rows=29 cols=19 slider_extended=True,,2026-07-07T21:41:58
대양전기공업,00111193,108380,KOSDAQ,연간x별도,재무제표,DS-2/DS-3,DONE,"cross-check completed for ['매출액', '영업이익']",,2026-07-07T21:41:58
대양전기공업,00111193,108380,KOSDAQ,연간x별도,지표,CV-6,PASS,default metric selection visible,,2026-07-07T21:41:58
대양전기공업,00111193,108380,KOSDAQ,분기x연결,재무제표,DS-1,PASS,,,2026-07-07T21:42:04
대양전기공업,00111193,108380,KOSDAQ,분기x연결,상단,DS-8,PASS,,,2026-07-07T21:42:04
대양전기공업,00111193,108380,KOSDAQ,분기x연결,상단,DS-7,PASS,"badges seen: ['✅', '🔎']",,2026-07-07T21:42:04
대양전기공업,00111193,108380,KOSDAQ,분기x연결,재무제표,CV-3,PASS,rows=29 cols=59 slider_extended=True,,2026-07-07T21:42:04
대양전기공업,00111193,108380,KOSDAQ,분기x연결,재무제표,DS-2/DS-3,DONE,"cross-check completed for ['매출액', '영업이익']",,2026-07-07T21:42:04
대양전기공업,00111193,108380,KOSDAQ,분기x연결,지표,CV-6,PASS,default metric selection visible,,2026-07-07T21:42:04
대양전기공업,00111193,108380,KOSDAQ,분기x별도,재무제표,DS-1,PASS,,,2026-07-07T21:42:12
대양전기공업,00111193,108380,KOSDAQ,분기x별도,상단,DS-8,PASS,,,2026-07-07T21:42:12
대양전기공업,00111193,108380,KOSDAQ,분기x별도,상단,DS-7,PASS,"badges seen: ['✅', '🔎']",,2026-07-07T21:42:12
대양전기공업,00111193,108380,KOSDAQ,분기x별도,재무제표,CV-3,PASS,rows=29 cols=14 slider_extended=True,,2026-07-07T21:42:12
대양전기공업,00111193,108380,KOSDAQ,분기x별도,재무제표,DS-2/DS-3,DONE,"cross-check completed for ['매출액', '영업이익']",,2026-07-07T21:42:12
대양전기공업,00111193,108380,KOSDAQ,분기x별도,지표,CV-6,PASS,default metric selection visible,,2026-07-07T21:42:12
대원,00111838,007680,KOSDAQ,연간x연결,재무제표,DS-1,PASS,,,2026-07-07T21:42:26
대원,00111838,007680,KOSDAQ,연간x연결,상단,DS-8,PASS,,,2026-07-07T21:42:26
대원,00111838,007680,KOSDAQ,연간x연결,상단,DS-7,PASS,"badges seen: ['✅', '🔎', '⚠']",,2026-07-07T21:42:26
대원,00111838,007680,KOSDAQ,연간x연결,재무제표,CV-3,PASS,rows=29 cols=13 slider_extended=True,,2026-07-07T21:42:26
대원,00111838,007680,KOSDAQ,연간x연결,재무제표,DS-2/DS-3,DONE,"cross-check completed for ['매출액', '영업이익']",,2026-07-07T21:42:26
대원,00111838,007680,KOSDAQ,연간x연결,지표,CV-6,PASS,default metric selection visible,,2026-07-07T21:42:26
대원,00111838,007680,KOSDAQ,연간x별도,재무제표,DS-1,PASS,,,2026-07-07T21:42:31
대원,00111838,007680,KOSDAQ,연간x별도,상단,DS-8,PASS,,,2026-07-07T21:42:31
대원,00111838,007680,KOSDAQ,연간x별도,상단,DS-7,PASS,"badges seen: ['✅', '🔎']",,2026-07-07T21:42:31
대원,00111838,007680,KOSDAQ,연간x별도,재무제표,CV-3,PASS,rows=29 cols=13 slider_extended=True,,2026-07-07T21:42:31
대원,00111838,007680,KOSDAQ,연간x별도,재무제표,DS-2/DS-3,DONE,"cross-check completed for ['매출액', '영업이익']",,2026-07-07T21:42:31
대원,00111838,007680,KOSDAQ,연간x별도,지표,CV-6,PASS,default metric selection visible,,2026-07-07T21:42:31
대원,00111838,007680,KOSDAQ,분기x연결,재무제표,DS-1,PASS,,,2026-07-07T21:42:37
대원,00111838,007680,KOSDAQ,분기x연결,상단,DS-8,PASS,,,2026-07-07T21:42:37
대원,00111838,007680,KOSDAQ,분기x연결,상단,DS-7,PASS,"badges seen: ['✅', '🔎']",,2026-07-07T21:42:37
대원,00111838,007680,KOSDAQ,분기x연결,재무제표,CV-3,PASS,rows=29 cols=40 slider_extended=True,,2026-07-07T21:42:37
대원,00111838,007680,KOSDAQ,분기x연결,재무제표,DS-2/DS-3,DONE,"cross-check completed for ['매출액', '영업이익']",,2026-07-07T21:42:37
대원,00111838,007680,KOSDAQ,분기x연결,지표,CV-6,PASS,default metric selection visible,,2026-07-07T21:42:37
대원,00111838,007680,KOSDAQ,분기x별도,재무제표,DS-1,PASS,,,2026-07-07T21:42:44
대원,00111838,007680,KOSDAQ,분기x별도,상단,DS-8,PASS,,,2026-07-07T21:42:44
대원,00111838,007680,KOSDAQ,분기x별도,상단,DS-7,PASS,"badges seen: ['✅', '🔎']",,2026-07-07T21:42:44
대원,00111838,007680,KOSDAQ,분기x별도,재무제표,CV-3,PASS,rows=29 cols=40 slider_extended=True,,2026-07-07T21:42:44
대원,00111838,007680,KOSDAQ,분기x별도,재무제표,DS-2/DS-3,DONE,"cross-check completed for ['매출액', '영업이익']",,2026-07-07T21:42:44
대원,00111838,007680,KOSDAQ,분기x별도,지표,CV-6,PASS,default metric selection visible,,2026-07-07T21:42:44
대원미디어,00351807,048910,KOSDAQ,연간x연결,재무제표,DS-1,PASS,,,2026-07-07T21:42:58
대원미디어,00351807,048910,KOSDAQ,연간x연결,상단,DS-8,PASS,,,2026-07-07T21:42:58
대원미디어,00351807,048910,KOSDAQ,연간x연결,상단,DS-7,PASS,"badges seen: ['✅', '🔎', '⚠']",,2026-07-07T21:42:58
대원미디어,00351807,048910,KOSDAQ,연간x연결,재무제표,CV-3,PASS,rows=29 cols=19 slider_extended=True,,2026-07-07T21:42:58
대원미디어,00351807,048910,KOSDAQ,연간x연결,재무제표,DS-2/DS-3,DONE,"cross-check completed for ['매출액', '영업이익']",,2026-07-07T21:42:58
대원미디어,00351807,048910,KOSDAQ,연간x연결,지표,CV-6,PASS,default metric selection visible,,2026-07-07T21:42:58
대원미디어,00351807,048910,KOSDAQ,연간x별도,재무제표,DS-1,PASS,,,2026-07-07T21:43:03
대원미디어,00351807,048910,KOSDAQ,연간x별도,상단,DS-8,PASS,,,2026-07-07T21:43:03
대원미디어,00351807,048910,KOSDAQ,연간x별도,상단,DS-7,PASS,"badges seen: ['✅', '🔎']",,2026-07-07T21:43:03
대원미디어,00351807,048910,KOSDAQ,연간x별도,재무제표,CV-3,PASS,rows=29 cols=26 slider_extended=True,,2026-07-07T21:43:03
대원미디어,00351807,048910,KOSDAQ,연간x별도,재무제표,DS-2/DS-3,DONE,"cross-check completed for ['매출액', '영업이익']",,2026-07-07T21:43:03
대원미디어,00351807,048910,KOSDAQ,연간x별도,지표,CV-6,PASS,default metric selection visible,,2026-07-07T21:43:03
대원미디어,00351807,048910,KOSDAQ,분기x연결,재무제표,DS-1,PASS,,,2026-07-07T21:43:09
대원미디어,00351807,048910,KOSDAQ,분기x연결,상단,DS-8,PASS,,,2026-07-07T21:43:09
대원미디어,00351807,048910,KOSDAQ,분기x연결,상단,DS-7,PASS,"badges seen: ['✅', '🔎']",,2026-07-07T21:43:09
대원미디어,00351807,048910,KOSDAQ,분기x연결,재무제표,CV-3,PASS,rows=29 cols=67 slider_extended=True,,2026-07-07T21:43:09
대원미디어,00351807,048910,KOSDAQ,분기x연결,재무제표,DS-2/DS-3,DONE,"cross-check completed for ['매출액', '영업이익']",,2026-07-07T21:43:09
대원미디어,00351807,048910,KOSDAQ,분기x연결,지표,CV-6,PASS,default metric selection visible,,2026-07-07T21:43:09
대원미디어,00351807,048910,KOSDAQ,분기x별도,재무제표,DS-1,PASS,,,2026-07-07T21:43:16
대원미디어,00351807,048910,KOSDAQ,분기x별도,상단,DS-8,PASS,,,2026-07-07T21:43:16
대원미디어,00351807,048910,KOSDAQ,분기x별도,상단,DS-7,PASS,"badges seen: ['✅', '🔎']",,2026-07-07T21:43:16
대원미디어,00351807,048910,KOSDAQ,분기x별도,재무제표,CV-3,PASS,rows=29 cols=85 slider_extended=True,,2026-07-07T21:43:16
대원미디어,00351807,048910,KOSDAQ,분기x별도,재무제표,DS-2/DS-3,DONE,"cross-check completed for ['매출액', '영업이익']",,2026-07-07T21:43:16
대원미디어,00351807,048910,KOSDAQ,분기x별도,지표,CV-6,PASS,default metric selection visible,,2026-07-07T21:43:16
대원산업,00111874,005710,KOSDAQ,연간x연결,재무제표,DS-1,PASS,,,2026-07-07T21:43:30
대원산업,00111874,005710,KOSDAQ,연간x연결,상단,DS-8,PASS,,,2026-07-07T21:43:30
대원산업,00111874,005710,KOSDAQ,연간x연결,상단,DS-7,PASS,"badges seen: ['✅', '🔎']",,2026-07-07T21:43:30
대원산업,00111874,005710,KOSDAQ,연간x연결,재무제표,CV-3,PASS,rows=29 cols=19 slider_extended=True,,2026-07-07T21:43:30
대원산업,00111874,005710,KOSDAQ,연간x연결,재무제표,DS-2/DS-3,DONE,"cross-check completed for ['매출액', '영업이익']",,2026-07-07T21:43:30
대원산업,00111874,005710,KOSDAQ,연간x연결,지표,CV-6,PASS,default metric selection visible,,2026-07-07T21:43:30
대원산업,00111874,005710,KOSDAQ,연간x별도,재무제표,DS-1,PASS,,,2026-07-07T21:43:35
대원산업,00111874,005710,KOSDAQ,연간x별도,상단,DS-8,PASS,,,2026-07-07T21:43:35
대원산업,00111874,005710,KOSDAQ,연간x별도,상단,DS-7,PASS,"badges seen: ['✅', '🔎']",,2026-07-07T21:43:35
대원산업,00111874,005710,KOSDAQ,연간x별도,재무제표,CV-3,PASS,rows=29 cols=27 slider_extended=True,,2026-07-07T21:43:35
대원산업,00111874,005710,KOSDAQ,연간x별도,재무제표,DS-2/DS-3,DONE,"cross-check completed for ['매출액', '영업이익']",,2026-07-07T21:43:35
대원산업,00111874,005710,KOSDAQ,연간x별도,지표,CV-6,PASS,default metric selection visible,,2026-07-07T21:43:35
대원산업,00111874,005710,KOSDAQ,분기x연결,재무제표,DS-1,PASS,,,2026-07-07T21:43:42
대원산업,00111874,005710,KOSDAQ,분기x연결,상단,DS-8,PASS,,,2026-07-07T21:43:42
대원산업,00111874,005710,KOSDAQ,분기x연결,상단,DS-7,PASS,"badges seen: ['✅', '🔎', '⚠']",,2026-07-07T21:43:42
대원산업,00111874,005710,KOSDAQ,분기x연결,재무제표,CV-3,PASS,rows=29 cols=61 slider_extended=True,,2026-07-07T21:43:42
대원산업,00111874,005710,KOSDAQ,분기x연결,재무제표,DS-2/DS-3,DONE,"cross-check completed for ['매출액', '영업이익']",,2026-07-07T21:43:42
대원산업,00111874,005710,KOSDAQ,분기x연결,지표,CV-6,PASS,default metric selection visible,,2026-07-07T21:43:42
대원산업,00111874,005710,KOSDAQ,분기x별도,재무제표,DS-1,PASS,,,2026-07-07T21:43:49
대원산업,00111874,005710,KOSDAQ,분기x별도,상단,DS-8,PASS,,,2026-07-07T21:43:49
대원산업,00111874,005710,KOSDAQ,분기x별도,상단,DS-7,PASS,"badges seen: ['✅', '🔎']",,2026-07-07T21:43:49
대원산업,00111874,005710,KOSDAQ,분기x별도,재무제표,CV-3,PASS,rows=29 cols=90 slider_extended=True,,2026-07-07T21:43:49
대원산업,00111874,005710,KOSDAQ,분기x별도,재무제표,DS-2/DS-3,DONE,"cross-check completed for ['매출액', '영업이익']",,2026-07-07T21:43:49
대원산업,00111874,005710,KOSDAQ,분기x별도,지표,CV-6,PASS,default metric selection visible,,2026-07-07T21:43:49
대정화금,00250997,120240,KOSDAQ,연간x연결,재무제표,DS-1,PASS,,,2026-07-07T21:44:03
대정화금,00250997,120240,KOSDAQ,연간x연결,상단,DS-8,PASS,,,2026-07-07T21:44:03
대정화금,00250997,120240,KOSDAQ,연간x연결,상단,DS-4,PASS,substitution caption present,,2026-07-07T21:44:03
대정화금,00250997,120240,KOSDAQ,연간x연결,상단,DS-7,PASS,"badges seen: ['✅', '🔎']",,2026-07-07T21:44:03
대정화금,00250997,120240,KOSDAQ,연간x연결,재무제표,CV-3,PASS,rows=29 cols=20 slider_extended=True,,2026-07-07T21:44:03
대정화금,00250997,120240,KOSDAQ,연간x연결,재무제표,DS-2/DS-3,DONE,"cross-check completed for ['매출액', '영업이익']",,2026-07-07T21:44:03
대정화금,00250997,120240,KOSDAQ,연간x연결,지표,CV-6,PASS,default metric selection visible,,2026-07-07T21:44:03
대정화금,00250997,120240,KOSDAQ,연간x별도,재무제표,DS-1,PASS,,,2026-07-07T21:44:08
대정화금,00250997,120240,KOSDAQ,연간x별도,상단,DS-8,PASS,,,2026-07-07T21:44:08
대정화금,00250997,120240,KOSDAQ,연간x별도,상단,DS-7,PASS,"badges seen: ['✅', '🔎']",,2026-07-07T21:44:08
대정화금,00250997,120240,KOSDAQ,연간x별도,재무제표,CV-3,PASS,rows=29 cols=20 slider_extended=True,,2026-07-07T21:44:08
대정화금,00250997,120240,KOSDAQ,연간x별도,재무제표,DS-2/DS-3,DONE,"cross-check completed for ['매출액', '영업이익']",,2026-07-07T21:44:08
대정화금,00250997,120240,KOSDAQ,연간x별도,지표,CV-6,PASS,default metric selection visible,,2026-07-07T21:44:08
대정화금,00250997,120240,KOSDAQ,분기x연결,재무제표,DS-1,PASS,,,2026-07-07T21:44:14
대정화금,00250997,120240,KOSDAQ,분기x연결,상단,DS-8,PASS,,,2026-07-07T21:44:14
대정화금,00250997,120240,KOSDAQ,분기x연결,상단,DS-4,PASS,substitution caption present,,2026-07-07T21:44:14
대정화금,00250997,120240,KOSDAQ,분기x연결,상단,DS-7,PASS,"badges seen: ['✅', '🔎']",,2026-07-07T21:44:14
대정화금,00250997,120240,KOSDAQ,분기x연결,재무제표,CV-3,PASS,rows=29 cols=14 slider_extended=True,,2026-07-07T21:44:14
대정화금,00250997,120240,KOSDAQ,분기x연결,재무제표,DS-2/DS-3,DONE,"cross-check completed for ['매출액', '영업이익']",,2026-07-07T21:44:14
대정화금,00250997,120240,KOSDAQ,분기x연결,지표,CV-6,PASS,default metric selection visible,,2026-07-07T21:44:14
대정화금,00250997,120240,KOSDAQ,분기x별도,재무제표,DS-1,PASS,,,2026-07-07T21:44:22
대정화금,00250997,120240,KOSDAQ,분기x별도,상단,DS-8,PASS,,,2026-07-07T21:44:22
대정화금,00250997,120240,KOSDAQ,분기x별도,상단,DS-7,PASS,"badges seen: ['✅', '🔎']",,2026-07-07T21:44:22
대정화금,00250997,120240,KOSDAQ,분기x별도,재무제표,CV-3,PASS,rows=29 cols=63 slider_extended=True,,2026-07-07T21:44:22
대정화금,00250997,120240,KOSDAQ,분기x별도,재무제표,DS-2/DS-3,DONE,"cross-check completed for ['매출액', '영업이익']",,2026-07-07T21:44:22
대정화금,00250997,120240,KOSDAQ,분기x별도,지표,CV-6,PASS,default metric selection visible,,2026-07-07T21:44:22
대주산업,00112457,003310,KOSDAQ,연간x연결,재무제표,DS-1,PASS,,,2026-07-07T21:44:35
대주산업,00112457,003310,KOSDAQ,연간x연결,상단,DS-8,PASS,,,2026-07-07T21:44:35
대주산업,00112457,003310,KOSDAQ,연간x연결,상단,DS-7,PASS,"badges seen: ['✅', '🔎']",,2026-07-07T21:44:35
대주산업,00112457,003310,KOSDAQ,연간x연결,재무제표,CV-3,PASS,rows=29 cols=19 slider_extended=True,,2026-07-07T21:44:35
대주산업,00112457,003310,KOSDAQ,연간x연결,재무제표,DS-2/DS-3,DONE,"cross-check completed for ['매출액', '영업이익']",,2026-07-07T21:44:35
대주산업,00112457,003310,KOSDAQ,연간x연결,지표,CV-6,PASS,default metric selection visible,,2026-07-07T21:44:35
대주산업,00112457,003310,KOSDAQ,연간x별도,재무제표,DS-1,PASS,,,2026-07-07T21:44:41
대주산업,00112457,003310,KOSDAQ,연간x별도,상단,DS-8,PASS,,,2026-07-07T21:44:41
대주산업,00112457,003310,KOSDAQ,연간x별도,상단,DS-7,PASS,"badges seen: ['✅', '🔎']",,2026-07-07T21:44:41
대주산업,00112457,003310,KOSDAQ,연간x별도,재무제표,CV-3,PASS,rows=29 cols=24 slider_extended=True,,2026-07-07T21:44:41
대주산업,00112457,003310,KOSDAQ,연간x별도,재무제표,DS-2/DS-3,DONE,"cross-check completed for ['매출액', '영업이익']",,2026-07-07T21:44:41
대주산업,00112457,003310,KOSDAQ,연간x별도,지표,CV-6,PASS,default metric selection visible,,2026-07-07T21:44:41
대주산업,00112457,003310,KOSDAQ,분기x연결,재무제표,DS-1,PASS,,,2026-07-07T21:44:47
대주산업,00112457,003310,KOSDAQ,분기x연결,상단,DS-8,PASS,,,2026-07-07T21:44:47
대주산업,00112457,003310,KOSDAQ,분기x연결,상단,DS-7,PASS,"badges seen: ['✅', '🔎']",,2026-07-07T21:44:47
대주산업,00112457,003310,KOSDAQ,분기x연결,재무제표,CV-3,PASS,rows=29 cols=60 slider_extended=True,,2026-07-07T21:44:47
대주산업,00112457,003310,KOSDAQ,분기x연결,재무제표,DS-2/DS-3,DONE,"cross-check completed for ['매출액', '영업이익']",,2026-07-07T21:44:47
대주산업,00112457,003310,KOSDAQ,분기x연결,지표,CV-6,PASS,default metric selection visible,,2026-07-07T21:44:47
대주산업,00112457,003310,KOSDAQ,분기x별도,재무제표,DS-1,PASS,,,2026-07-07T21:44:54
대주산업,00112457,003310,KOSDAQ,분기x별도,상단,DS-8,PASS,,,2026-07-07T21:44:54
대주산업,00112457,003310,KOSDAQ,분기x별도,상단,DS-7,PASS,"badges seen: ['✅', '🔎']",,2026-07-07T21:44:54
대주산업,00112457,003310,KOSDAQ,분기x별도,재무제표,CV-3,PASS,rows=29 cols=77 slider_extended=True,,2026-07-07T21:44:54
대주산업,00112457,003310,KOSDAQ,분기x별도,재무제표,DS-2/DS-3,DONE,"cross-check completed for ['매출액', '영업이익']",,2026-07-07T21:44:54
대주산업,00112457,003310,KOSDAQ,분기x별도,지표,CV-6,PASS,default metric selection visible,,2026-07-07T21:44:54
대주전자재료,00177816,078600,KOSDAQ,연간x연결,재무제표,DS-1,PASS,,,2026-07-07T21:45:08
대주전자재료,00177816,078600,KOSDAQ,연간x연결,상단,DS-8,PASS,,,2026-07-07T21:45:08
대주전자재료,00177816,078600,KOSDAQ,연간x연결,상단,DS-7,PASS,"badges seen: ['✅', '🔎', '⚠']",,2026-07-07T21:45:08
대주전자재료,00177816,078600,KOSDAQ,연간x연결,재무제표,CV-3,PASS,rows=29 cols=19 slider_extended=True,,2026-07-07T21:45:08
대주전자재료,00177816,078600,KOSDAQ,연간x연결,재무제표,DS-2/DS-3,DONE,"cross-check completed for ['매출액', '영업이익']",,2026-07-07T21:45:08
대주전자재료,00177816,078600,KOSDAQ,연간x연결,지표,CV-6,PASS,default metric selection visible,,2026-07-07T21:45:08
대주전자재료,00177816,078600,KOSDAQ,연간x별도,재무제표,DS-1,PASS,,,2026-07-07T21:45:14
대주전자재료,00177816,078600,KOSDAQ,연간x별도,상단,DS-8,PASS,,,2026-07-07T21:45:14
대주전자재료,00177816,078600,KOSDAQ,연간x별도,상단,DS-7,PASS,"badges seen: ['✅', '🔎', '⚠']",,2026-07-07T21:45:14
대주전자재료,00177816,078600,KOSDAQ,연간x별도,재무제표,CV-3,PASS,rows=29 cols=24 slider_extended=True,,2026-07-07T21:45:14
대주전자재료,00177816,078600,KOSDAQ,연간x별도,재무제표,DS-2/DS-3,DONE,"cross-check completed for ['매출액', '영업이익']",,2026-07-07T21:45:14
대주전자재료,00177816,078600,KOSDAQ,연간x별도,지표,CV-6,PASS,default metric selection visible,,2026-07-07T21:45:14
대주전자재료,00177816,078600,KOSDAQ,분기x연결,재무제표,DS-1,PASS,,,2026-07-07T21:45:21
대주전자재료,00177816,078600,KOSDAQ,분기x연결,상단,DS-8,PASS,,,2026-07-07T21:45:21
대주전자재료,00177816,078600,KOSDAQ,분기x연결,상단,DS-7,PASS,"badges seen: ['✅', '🔎', '⚠']",,2026-07-07T21:45:21
대주전자재료,00177816,078600,KOSDAQ,분기x연결,재무제표,CV-3,PASS,rows=29 cols=63 slider_extended=True,,2026-07-07T21:45:21
대주전자재료,00177816,078600,KOSDAQ,분기x연결,재무제표,DS-2/DS-3,DONE,"cross-check completed for ['매출액', '영업이익']",,2026-07-07T21:45:21
대주전자재료,00177816,078600,KOSDAQ,분기x연결,지표,CV-6,PASS,default metric selection visible,,2026-07-07T21:45:21
대주전자재료,00177816,078600,KOSDAQ,분기x별도,재무제표,DS-1,PASS,,,2026-07-07T21:45:28
대주전자재료,00177816,078600,KOSDAQ,분기x별도,상단,DS-8,PASS,,,2026-07-07T21:45:28
대주전자재료,00177816,078600,KOSDAQ,분기x별도,상단,DS-7,PASS,"badges seen: ['✅', '🔎', '⚠']",,2026-07-07T21:45:28
대주전자재료,00177816,078600,KOSDAQ,분기x별도,재무제표,CV-3,PASS,rows=29 cols=79 slider_extended=True,,2026-07-07T21:45:28
대주전자재료,00177816,078600,KOSDAQ,분기x별도,재무제표,DS-2/DS-3,DONE,"cross-check completed for ['매출액', '영업이익']",,2026-07-07T21:45:28
대주전자재료,00177816,078600,KOSDAQ,분기x별도,지표,CV-6,PASS,default metric selection visible,,2026-07-07T21:45:28
대진첨단소재,01549472,393970,KOSDAQ,연간x연결,재무제표,DS-1,PASS,,,2026-07-07T21:45:42
대진첨단소재,01549472,393970,KOSDAQ,연간x연결,상단,DS-8,PASS,,,2026-07-07T21:45:42
대진첨단소재,01549472,393970,KOSDAQ,연간x연결,상단,DS-7,PASS,"badges seen: ['✅', '🔎', '⚠']",,2026-07-07T21:45:42
대진첨단소재,01549472,393970,KOSDAQ,연간x연결,재무제표,CV-3,PASS,rows=29 cols=5 slider_extended=True,,2026-07-07T21:45:42
대진첨단소재,01549472,393970,KOSDAQ,연간x연결,재무제표,DS-2/DS-3,DONE,"cross-check completed for ['매출액', '영업이익']",,2026-07-07T21:45:42
대진첨단소재,01549472,393970,KOSDAQ,연간x연결,지표,CV-6,PASS,default metric selection visible,,2026-07-07T21:45:42
대진첨단소재,01549472,393970,KOSDAQ,연간x별도,재무제표,DS-1,PASS,,,2026-07-07T21:45:47
대진첨단소재,01549472,393970,KOSDAQ,연간x별도,상단,DS-8,PASS,,,2026-07-07T21:45:47
대진첨단소재,01549472,393970,KOSDAQ,연간x별도,상단,DS-7,PASS,"badges seen: ['✅', '🔎', '⚠']",,2026-07-07T21:45:47
대진첨단소재,01549472,393970,KOSDAQ,연간x별도,재무제표,CV-3,PASS,rows=29 cols=6 slider_extended=True,,2026-07-07T21:45:47
대진첨단소재,01549472,393970,KOSDAQ,연간x별도,재무제표,DS-2/DS-3,DONE,"cross-check completed for ['매출액', '영업이익']",,2026-07-07T21:45:47
대진첨단소재,01549472,393970,KOSDAQ,연간x별도,지표,CV-6,PASS,default metric selection visible,,2026-07-07T21:45:47
대진첨단소재,01549472,393970,KOSDAQ,분기x연결,재무제표,DS-1,PASS,,,2026-07-07T21:45:53
대진첨단소재,01549472,393970,KOSDAQ,분기x연결,상단,DS-8,PASS,,,2026-07-07T21:45:53
대진첨단소재,01549472,393970,KOSDAQ,분기x연결,상단,DS-7,PASS,"badges seen: ['✅', '🔎', '⚠']",,2026-07-07T21:45:53
대진첨단소재,01549472,393970,KOSDAQ,분기x연결,재무제표,CV-3,PASS,rows=29 cols=11 slider_extended=True,,2026-07-07T21:45:53
대진첨단소재,01549472,393970,KOSDAQ,분기x연결,재무제표,DS-2/DS-3,DONE,"cross-check completed for ['매출액', '영업이익']",,2026-07-07T21:45:53
대진첨단소재,01549472,393970,KOSDAQ,분기x연결,지표,CV-6,PASS,default metric selection visible,,2026-07-07T21:45:53
대진첨단소재,01549472,393970,KOSDAQ,분기x별도,재무제표,DS-1,PASS,,,2026-07-07T21:46:00
대진첨단소재,01549472,393970,KOSDAQ,분기x별도,상단,DS-8,PASS,,,2026-07-07T21:46:00
대진첨단소재,01549472,393970,KOSDAQ,분기x별도,상단,DS-7,PASS,"badges seen: ['✅', '🔎', '⚠']",,2026-07-07T21:46:00
대진첨단소재,01549472,393970,KOSDAQ,분기x별도,재무제표,CV-3,PASS,rows=29 cols=11 slider_extended=True,,2026-07-07T21:46:00
대진첨단소재,01549472,393970,KOSDAQ,분기x별도,재무제표,DS-2/DS-3,DONE,"cross-check completed for ['매출액', '영업이익']",,2026-07-07T21:46:00
대진첨단소재,01549472,393970,KOSDAQ,분기x별도,지표,CV-6,PASS,default metric selection visible,,2026-07-07T21:46:00
대창솔루션,00177870,096350,KOSDAQ,연간x연결,재무제표,DS-1,PASS,,,2026-07-07T21:46:14
대창솔루션,00177870,096350,KOSDAQ,연간x연결,상단,DS-8,PASS,,,2026-07-07T21:46:14
대창솔루션,00177870,096350,KOSDAQ,연간x연결,상단,DS-7,PASS,"badges seen: ['✅', '🔎', '⚠']",,2026-07-07T21:46:14
대창솔루션,00177870,096350,KOSDAQ,연간x연결,재무제표,CV-3,PASS,rows=29 cols=20 slider_extended=True,,2026-07-07T21:46:14
대창솔루션,00177870,096350,KOSDAQ,연간x연결,재무제표,DS-2/DS-3,DONE,"cross-check completed for ['매출액', '영업이익']",,2026-07-07T21:46:14
대창솔루션,00177870,096350,KOSDAQ,연간x연결,지표,CV-6,PASS,default metric selection visible,,2026-07-07T21:46:14
대창솔루션,00177870,096350,KOSDAQ,연간x별도,재무제표,DS-1,PASS,,,2026-07-07T21:46:19
대창솔루션,00177870,096350,KOSDAQ,연간x별도,상단,DS-8,PASS,,,2026-07-07T21:46:19
대창솔루션,00177870,096350,KOSDAQ,연간x별도,상단,DS-7,PASS,"badges seen: ['✅', '🔎', '⚠']",,2026-07-07T21:46:19
대창솔루션,00177870,096350,KOSDAQ,연간x별도,재무제표,CV-3,PASS,rows=29 cols=23 slider_extended=True,,2026-07-07T21:46:19
대창솔루션,00177870,096350,KOSDAQ,연간x별도,재무제표,DS-2/DS-3,DONE,"cross-check completed for ['매출액', '영업이익']",,2026-07-07T21:46:19
대창솔루션,00177870,096350,KOSDAQ,연간x별도,지표,CV-6,FAIL,default metrics not found,,2026-07-07T21:46:19
대창솔루션,00177870,096350,KOSDAQ,분기x연결,재무제표,DS-1,PASS,,,2026-07-07T21:46:25
대창솔루션,00177870,096350,KOSDAQ,분기x연결,상단,DS-8,PASS,,,2026-07-07T21:46:25
대창솔루션,00177870,096350,KOSDAQ,분기x연결,상단,DS-7,PASS,"badges seen: ['✅', '🔎', '⚠']",,2026-07-07T21:46:25
대창솔루션,00177870,096350,KOSDAQ,분기x연결,재무제표,CV-3,PASS,rows=29 cols=63 slider_extended=True,,2026-07-07T21:46:25
대창솔루션,00177870,096350,KOSDAQ,분기x연결,재무제표,DS-2/DS-3,DONE,"cross-check completed for ['매출액', '영업이익']",,2026-07-07T21:46:25
대창솔루션,00177870,096350,KOSDAQ,분기x연결,지표,CV-6,PASS,default metric selection visible,,2026-07-07T21:46:25
대창솔루션,00177870,096350,KOSDAQ,분기x별도,재무제표,DS-1,PASS,,,2026-07-07T21:46:33
대창솔루션,00177870,096350,KOSDAQ,분기x별도,상단,DS-8,PASS,,,2026-07-07T21:46:33
대창솔루션,00177870,096350,KOSDAQ,분기x별도,상단,DS-7,PASS,"badges seen: ['✅', '🔎', '⚠']",,2026-07-07T21:46:33
대창솔루션,00177870,096350,KOSDAQ,분기x별도,재무제표,CV-3,PASS,rows=29 cols=75 slider_extended=True,,2026-07-07T21:46:33
대창솔루션,00177870,096350,KOSDAQ,분기x별도,재무제표,DS-2/DS-3,DONE,"cross-check completed for ['매출액', '영업이익']",,2026-07-07T21:46:33
대창솔루션,00177870,096350,KOSDAQ,분기x별도,지표,CV-6,PASS,default metric selection visible,,2026-07-07T21:46:33
대창스틸,00112721,140520,KOSDAQ,연간x연결,재무제표,DS-1,PASS,,,2026-07-07T21:46:46
대창스틸,00112721,140520,KOSDAQ,연간x연결,상단,DS-8,PASS,,,2026-07-07T21:46:46
대창스틸,00112721,140520,KOSDAQ,연간x연결,상단,DS-7,PASS,"badges seen: ['✅', '🔎', '⚠']",,2026-07-07T21:46:46
대창스틸,00112721,140520,KOSDAQ,연간x연결,재무제표,CV-3,PASS,rows=29 cols=16 slider_extended=True,,2026-07-07T21:46:46
대창스틸,00112721,140520,KOSDAQ,연간x연결,재무제표,DS-2/DS-3,DONE,"cross-check completed for ['매출액', '영업이익']",,2026-07-07T21:46:46
대창스틸,00112721,140520,KOSDAQ,연간x연결,지표,CV-6,PASS,default metric selection visible,,2026-07-07T21:46:46
대창스틸,00112721,140520,KOSDAQ,연간x별도,재무제표,DS-1,PASS,,,2026-07-07T21:46:52
대창스틸,00112721,140520,KOSDAQ,연간x별도,상단,DS-8,PASS,,,2026-07-07T21:46:52
대창스틸,00112721,140520,KOSDAQ,연간x별도,상단,DS-7,PASS,"badges seen: ['✅', '🔎', '⚠']",,2026-07-07T21:46:52
대창스틸,00112721,140520,KOSDAQ,연간x별도,재무제표,CV-3,PASS,rows=29 cols=16 slider_extended=True,,2026-07-07T21:46:52
대창스틸,00112721,140520,KOSDAQ,연간x별도,재무제표,DS-2/DS-3,DONE,"cross-check completed for ['매출액', '영업이익']",,2026-07-07T21:46:52
대창스틸,00112721,140520,KOSDAQ,연간x별도,지표,CV-6,PASS,default metric selection visible,,2026-07-07T21:46:52
대창스틸,00112721,140520,KOSDAQ,분기x연결,재무제표,DS-1,PASS,,,2026-07-07T21:46:58
대창스틸,00112721,140520,KOSDAQ,분기x연결,상단,DS-8,PASS,,,2026-07-07T21:46:58
대창스틸,00112721,140520,KOSDAQ,분기x연결,상단,DS-7,PASS,"badges seen: ['✅', '🔎']",,2026-07-07T21:46:58
대창스틸,00112721,140520,KOSDAQ,분기x연결,재무제표,CV-3,PASS,rows=29 cols=54 slider_extended=True,,2026-07-07T21:46:58
대창스틸,00112721,140520,KOSDAQ,분기x연결,재무제표,DS-2/DS-3,DONE,"cross-check completed for ['매출액', '영업이익']",,2026-07-07T21:46:58
대창스틸,00112721,140520,KOSDAQ,분기x연결,지표,CV-6,PASS,default metric selection visible,,2026-07-07T21:46:58
대창스틸,00112721,140520,KOSDAQ,분기x별도,재무제표,DS-1,PASS,,,2026-07-07T21:47:05
대창스틸,00112721,140520,KOSDAQ,분기x별도,상단,DS-8,PASS,,,2026-07-07T21:47:05
대창스틸,00112721,140520,KOSDAQ,분기x별도,상단,DS-7,PASS,"badges seen: ['✅', '🔎']",,2026-07-07T21:47:05
대창스틸,00112721,140520,KOSDAQ,분기x별도,재무제표,CV-3,PASS,rows=29 cols=54 slider_extended=True,,2026-07-07T21:47:05
대창스틸,00112721,140520,KOSDAQ,분기x별도,재무제표,DS-2/DS-3,DONE,"cross-check completed for ['매출액', '영업이익']",,2026-07-07T21:47:05
대창스틸,00112721,140520,KOSDAQ,분기x별도,지표,CV-6,PASS,default metric selection visible,,2026-07-07T21:47:05
대한과학,00608316,131220,KOSDAQ,연간x연결,재무제표,DS-1,PASS,,,2026-07-07T21:47:19
대한과학,00608316,131220,KOSDAQ,연간x연결,상단,DS-8,PASS,,,2026-07-07T21:47:19
대한과학,00608316,131220,KOSDAQ,연간x연결,상단,DS-7,PASS,"badges seen: ['✅', '🔎']",,2026-07-07T21:47:19
대한과학,00608316,131220,KOSDAQ,연간x연결,재무제표,CV-3,PASS,rows=29 cols=18 slider_extended=True,,2026-07-07T21:47:19
대한과학,00608316,131220,KOSDAQ,연간x연결,재무제표,DS-2/DS-3,DONE,"cross-check completed for ['매출액', '영업이익']",,2026-07-07T21:47:19
대한과학,00608316,131220,KOSDAQ,연간x연결,지표,CV-6,PASS,default metric selection visible,,2026-07-07T21:47:19
대한과학,00608316,131220,KOSDAQ,연간x별도,재무제표,DS-1,PASS,,,2026-07-07T21:47:24
대한과학,00608316,131220,KOSDAQ,연간x별도,상단,DS-8,PASS,,,2026-07-07T21:47:24
대한과학,00608316,131220,KOSDAQ,연간x별도,상단,DS-7,PASS,"badges seen: ['✅', '🔎']",,2026-07-07T21:47:24
대한과학,00608316,131220,KOSDAQ,연간x별도,재무제표,CV-3,PASS,rows=29 cols=19 slider_extended=True,,2026-07-07T21:47:24
대한과학,00608316,131220,KOSDAQ,연간x별도,재무제표,DS-2/DS-3,DONE,"cross-check completed for ['매출액', '영업이익']",,2026-07-07T21:47:24
대한과학,00608316,131220,KOSDAQ,연간x별도,지표,CV-6,PASS,default metric selection visible,,2026-07-07T21:47:24
대한과학,00608316,131220,KOSDAQ,분기x연결,재무제표,DS-1,PASS,,,2026-07-07T21:47:30
대한과학,00608316,131220,KOSDAQ,분기x연결,상단,DS-8,PASS,,,2026-07-07T21:47:30
대한과학,00608316,131220,KOSDAQ,분기x연결,상단,DS-7,PASS,"badges seen: ['✅', '🔎']",,2026-07-07T21:47:30
대한과학,00608316,131220,KOSDAQ,분기x연결,재무제표,CV-3,PASS,rows=29 cols=60 slider_extended=True,,2026-07-07T21:47:30
대한과학,00608316,131220,KOSDAQ,분기x연결,재무제표,DS-2/DS-3,DONE,"cross-check completed for ['매출액', '영업이익']",,2026-07-07T21:47:30
대한과학,00608316,131220,KOSDAQ,분기x연결,지표,CV-6,PASS,default metric selection visible,,2026-07-07T21:47:30
대한과학,00608316,131220,KOSDAQ,분기x별도,재무제표,DS-1,PASS,,,2026-07-07T21:47:37
대한과학,00608316,131220,KOSDAQ,분기x별도,상단,DS-8,PASS,,,2026-07-07T21:47:37
대한과학,00608316,131220,KOSDAQ,분기x별도,상단,DS-7,PASS,"badges seen: ['✅', '🔎', '⚠']",,2026-07-07T21:47:37
대한과학,00608316,131220,KOSDAQ,분기x별도,재무제표,CV-3,PASS,rows=29 cols=63 slider_extended=True,,2026-07-07T21:47:37
대한과학,00608316,131220,KOSDAQ,분기x별도,재무제표,DS-2/DS-3,DONE,"cross-check completed for ['매출액', '영업이익']",,2026-07-07T21:47:37
대한과학,00608316,131220,KOSDAQ,분기x별도,지표,CV-6,PASS,default metric selection visible,,2026-07-07T21:47:37
대한광통신,00113261,010170,KOSDAQ,연간x연결,재무제표,DS-1,PASS,,,2026-07-07T21:47:51
대한광통신,00113261,010170,KOSDAQ,연간x연결,상단,DS-8,PASS,,,2026-07-07T21:47:51
대한광통신,00113261,010170,KOSDAQ,연간x연결,상단,DS-7,PASS,"badges seen: ['✅', '🔎']",,2026-07-07T21:47:51
대한광통신,00113261,010170,KOSDAQ,연간x연결,재무제표,CV-3,PASS,rows=29 cols=16 slider_extended=True,,2026-07-07T21:47:51
대한광통신,00113261,010170,KOSDAQ,연간x연결,재무제표,DS-2/DS-3,DONE,"cross-check completed for ['매출액', '영업이익']",,2026-07-07T21:47:51
대한광통신,00113261,010170,KOSDAQ,연간x연결,지표,CV-6,PASS,default metric selection visible,,2026-07-07T21:47:51
대한광통신,00113261,010170,KOSDAQ,연간x별도,재무제표,DS-1,PASS,,,2026-07-07T21:47:56
대한광통신,00113261,010170,KOSDAQ,연간x별도,상단,DS-8,PASS,,,2026-07-07T21:47:56
대한광통신,00113261,010170,KOSDAQ,연간x별도,상단,DS-7,PASS,"badges seen: ['✅', '🔎']",,2026-07-07T21:47:56
대한광통신,00113261,010170,KOSDAQ,연간x별도,재무제표,CV-3,PASS,rows=29 cols=25 slider_extended=True,,2026-07-07T21:47:56
대한광통신,00113261,010170,KOSDAQ,연간x별도,재무제표,DS-2/DS-3,DONE,"cross-check completed for ['매출액', '영업이익']",,2026-07-07T21:47:56
대한광통신,00113261,010170,KOSDAQ,연간x별도,지표,CV-6,PASS,default metric selection visible,,2026-07-07T21:47:56
대한광통신,00113261,010170,KOSDAQ,분기x연결,재무제표,DS-1,PASS,,,2026-07-07T21:48:02
대한광통신,00113261,010170,KOSDAQ,분기x연결,상단,DS-8,PASS,,,2026-07-07T21:48:02
대한광통신,00113261,010170,KOSDAQ,분기x연결,상단,DS-7,PASS,"badges seen: ['✅', '🔎']",,2026-07-07T21:48:02
대한광통신,00113261,010170,KOSDAQ,분기x연결,재무제표,CV-3,PASS,rows=29 cols=55 slider_extended=True,,2026-07-07T21:48:02
대한광통신,00113261,010170,KOSDAQ,분기x연결,재무제표,DS-2/DS-3,DONE,"cross-check completed for ['매출액', '영업이익']",,2026-07-07T21:48:02
대한광통신,00113261,010170,KOSDAQ,분기x연결,지표,CV-6,PASS,default metric selection visible,,2026-07-07T21:48:02
대한광통신,00113261,010170,KOSDAQ,분기x별도,재무제표,DS-1,PASS,,,2026-07-07T21:48:09
대한광통신,00113261,010170,KOSDAQ,분기x별도,상단,DS-8,PASS,,,2026-07-07T21:48:09
대한광통신,00113261,010170,KOSDAQ,분기x별도,상단,DS-7,PASS,"badges seen: ['✅', '🔎']",,2026-07-07T21:48:09
대한광통신,00113261,010170,KOSDAQ,분기x별도,재무제표,CV-3,PASS,rows=29 cols=76 slider_extended=True,,2026-07-07T21:48:09
대한광통신,00113261,010170,KOSDAQ,분기x별도,재무제표,DS-2/DS-3,DONE,"cross-check completed for ['매출액', '영업이익']",,2026-07-07T21:48:09
대한광통신,00113261,010170,KOSDAQ,분기x별도,지표,CV-6,PASS,default metric selection visible,,2026-07-07T21:48:09
대한뉴팜,00207375,054670,KOSDAQ,연간x연결,재무제표,DS-1,PASS,,,2026-07-07T21:48:23
대한뉴팜,00207375,054670,KOSDAQ,연간x연결,상단,DS-8,PASS,,,2026-07-07T21:48:23
대한뉴팜,00207375,054670,KOSDAQ,연간x연결,상단,DS-4,PASS,substitution caption present,,2026-07-07T21:48:23
대한뉴팜,00207375,054670,KOSDAQ,연간x연결,상단,DS-7,PASS,"badges seen: ['✅', '🔎', '⚠']",,2026-07-07T21:48:23
대한뉴팜,00207375,054670,KOSDAQ,연간x연결,재무제표,CV-3,PASS,rows=29 cols=27 slider_extended=True,,2026-07-07T21:48:23
대한뉴팜,00207375,054670,KOSDAQ,연간x연결,재무제표,DS-2/DS-3,DONE,"cross-check completed for ['매출액', '영업이익']",,2026-07-07T21:48:23
대한뉴팜,00207375,054670,KOSDAQ,연간x연결,지표,CV-6,PASS,default metric selection visible,,2026-07-07T21:48:23
대한뉴팜,00207375,054670,KOSDAQ,연간x별도,재무제표,DS-1,PASS,,,2026-07-07T21:48:28
대한뉴팜,00207375,054670,KOSDAQ,연간x별도,상단,DS-8,PASS,,,2026-07-07T21:48:28
대한뉴팜,00207375,054670,KOSDAQ,연간x별도,상단,DS-7,PASS,"badges seen: ['✅', '🔎', '⚠']",,2026-07-07T21:48:28
대한뉴팜,00207375,054670,KOSDAQ,연간x별도,재무제표,CV-3,PASS,rows=29 cols=27 slider_extended=True,,2026-07-07T21:48:28
대한뉴팜,00207375,054670,KOSDAQ,연간x별도,재무제표,DS-2/DS-3,DONE,"cross-check completed for ['매출액', '영업이익']",,2026-07-07T21:48:28
대한뉴팜,00207375,054670,KOSDAQ,연간x별도,지표,CV-6,PASS,default metric selection visible,,2026-07-07T21:48:28
대한뉴팜,00207375,054670,KOSDAQ,분기x연결,재무제표,DS-1,PASS,,,2026-07-07T21:48:34
대한뉴팜,00207375,054670,KOSDAQ,분기x연결,상단,DS-8,PASS,,,2026-07-07T21:48:34
대한뉴팜,00207375,054670,KOSDAQ,분기x연결,상단,DS-4,PASS,substitution caption present,,2026-07-07T21:48:34
대한뉴팜,00207375,054670,KOSDAQ,분기x연결,상단,DS-7,PASS,"badges seen: ['✅', '🔎']",,2026-07-07T21:48:34
대한뉴팜,00207375,054670,KOSDAQ,분기x연결,재무제표,CV-3,PASS,rows=29 cols=81 slider_extended=True,,2026-07-07T21:48:34
대한뉴팜,00207375,054670,KOSDAQ,분기x연결,재무제표,DS-2/DS-3,DONE,"cross-check completed for ['매출액', '영업이익']",,2026-07-07T21:48:34
대한뉴팜,00207375,054670,KOSDAQ,분기x연결,지표,CV-6,PASS,default metric selection visible,,2026-07-07T21:48:34
대한뉴팜,00207375,054670,KOSDAQ,분기x별도,재무제표,DS-1,PASS,,,2026-07-07T21:48:42
대한뉴팜,00207375,054670,KOSDAQ,분기x별도,상단,DS-8,PASS,,,2026-07-07T21:48:42
대한뉴팜,00207375,054670,KOSDAQ,분기x별도,상단,DS-7,PASS,"badges seen: ['✅', '🔎']",,2026-07-07T21:48:42
대한뉴팜,00207375,054670,KOSDAQ,분기x별도,재무제표,CV-3,PASS,rows=29 cols=81 slider_extended=True,,2026-07-07T21:48:42
대한뉴팜,00207375,054670,KOSDAQ,분기x별도,재무제표,DS-2/DS-3,DONE,"cross-check completed for ['매출액', '영업이익']",,2026-07-07T21:48:42
대한뉴팜,00207375,054670,KOSDAQ,분기x별도,지표,CV-6,PASS,default metric selection visible,,2026-07-07T21:48:42
대한약품,00113128,023910,KOSDAQ,연간x연결,재무제표,DS-1,PASS,,,2026-07-07T21:48:55
대한약품,00113128,023910,KOSDAQ,연간x연결,상단,DS-8,PASS,,,2026-07-07T21:48:55
대한약품,00113128,023910,KOSDAQ,연간x연결,상단,DS-4,PASS,substitution caption present,,2026-07-07T21:48:55
대한약품,00113128,023910,KOSDAQ,연간x연결,상단,DS-7,PASS,"badges seen: ['✅', '🔎']",,2026-07-07T21:48:55
대한약품,00113128,023910,KOSDAQ,연간x연결,재무제표,CV-3,PASS,rows=29 cols=28 slider_extended=True,,2026-07-07T21:48:55
대한약품,00113128,023910,KOSDAQ,연간x연결,재무제표,DS-2/DS-3,DONE,"cross-check completed for ['매출액', '영업이익']",,2026-07-07T21:48:55
대한약품,00113128,023910,KOSDAQ,연간x연결,지표,CV-6,PASS,default metric selection visible,,2026-07-07T21:48:55
대한약품,00113128,023910,KOSDAQ,연간x별도,재무제표,DS-1,PASS,,,2026-07-07T21:49:00
대한약품,00113128,023910,KOSDAQ,연간x별도,상단,DS-8,PASS,,,2026-07-07T21:49:00
대한약품,00113128,023910,KOSDAQ,연간x별도,상단,DS-7,PASS,"badges seen: ['✅', '🔎']",,2026-07-07T21:49:00
대한약품,00113128,023910,KOSDAQ,연간x별도,재무제표,CV-3,PASS,rows=29 cols=28 slider_extended=True,,2026-07-07T21:49:00
대한약품,00113128,023910,KOSDAQ,연간x별도,재무제표,DS-2/DS-3,DONE,"cross-check completed for ['매출액', '영업이익']",,2026-07-07T21:49:00
대한약품,00113128,023910,KOSDAQ,연간x별도,지표,CV-6,PASS,default metric selection visible,,2026-07-07T21:49:00
대한약품,00113128,023910,KOSDAQ,분기x연결,재무제표,DS-1,PASS,,,2026-07-07T21:49:07
대한약품,00113128,023910,KOSDAQ,분기x연결,상단,DS-8,PASS,,,2026-07-07T21:49:07
대한약품,00113128,023910,KOSDAQ,분기x연결,상단,DS-4,PASS,substitution caption present,,2026-07-07T21:49:07
대한약품,00113128,023910,KOSDAQ,분기x연결,상단,DS-7,PASS,"badges seen: ['✅', '🔎']",,2026-07-07T21:49:07
대한약품,00113128,023910,KOSDAQ,분기x연결,재무제표,CV-3,PASS,rows=29 cols=83 slider_extended=True,,2026-07-07T21:49:07
대한약품,00113128,023910,KOSDAQ,분기x연결,재무제표,DS-2/DS-3,DONE,"cross-check completed for ['매출액', '영업이익']",,2026-07-07T21:49:07
대한약품,00113128,023910,KOSDAQ,분기x연결,지표,CV-6,PASS,default metric selection visible,,2026-07-07T21:49:07
대한약품,00113128,023910,KOSDAQ,분기x별도,재무제표,DS-1,PASS,,,2026-07-07T21:49:14
대한약품,00113128,023910,KOSDAQ,분기x별도,상단,DS-8,PASS,,,2026-07-07T21:49:14
대한약품,00113128,023910,KOSDAQ,분기x별도,상단,DS-7,PASS,"badges seen: ['✅', '🔎']",,2026-07-07T21:49:14
대한약품,00113128,023910,KOSDAQ,분기x별도,재무제표,CV-3,PASS,rows=29 cols=83 slider_extended=True,,2026-07-07T21:49:14
대한약품,00113128,023910,KOSDAQ,분기x별도,재무제표,DS-2/DS-3,DONE,"cross-check completed for ['매출액', '영업이익']",,2026-07-07T21:49:14
대한약품,00113128,023910,KOSDAQ,분기x별도,지표,CV-6,PASS,default metric selection visible,,2026-07-07T21:49:14
대호특수강,00166175,021040,KOSDAQ,연간x연결,재무제표,DS-1,PASS,,,2026-07-07T21:49:27
대호특수강,00166175,021040,KOSDAQ,연간x연결,상단,DS-8,PASS,,,2026-07-07T21:49:27
대호특수강,00166175,021040,KOSDAQ,연간x연결,상단,DS-7,PASS,"badges seen: ['✅', '🔎']",,2026-07-07T21:49:27
대호특수강,00166175,021040,KOSDAQ,연간x연결,재무제표,CV-3,PASS,rows=29 cols=10 slider_extended=True,,2026-07-07T21:49:27
대호특수강,00166175,021040,KOSDAQ,연간x연결,재무제표,DS-2/DS-3,DONE,"cross-check completed for ['매출액', '영업이익']",,2026-07-07T21:49:27
대호특수강,00166175,021040,KOSDAQ,연간x연결,지표,CV-6,PASS,default metric selection visible,,2026-07-07T21:49:27
대호특수강,00166175,021040,KOSDAQ,연간x별도,재무제표,DS-1,PASS,,,2026-07-07T21:49:32
대호특수강,00166175,021040,KOSDAQ,연간x별도,상단,DS-8,PASS,,,2026-07-07T21:49:32
대호특수강,00166175,021040,KOSDAQ,연간x별도,상단,DS-7,PASS,"badges seen: ['✅', '🔎', '⚠']",,2026-07-07T21:49:32
대호특수강,00166175,021040,KOSDAQ,연간x별도,재무제표,CV-3,PASS,rows=29 cols=27 slider_extended=True,,2026-07-07T21:49:32
대호특수강,00166175,021040,KOSDAQ,연간x별도,재무제표,DS-2/DS-3,DONE,"cross-check completed for ['매출액', '영업이익']",,2026-07-07T21:49:32
대호특수강,00166175,021040,KOSDAQ,연간x별도,지표,CV-6,PASS,default metric selection visible,,2026-07-07T21:49:32
대호특수강,00166175,021040,KOSDAQ,분기x연결,재무제표,DS-1,PASS,,,2026-07-07T21:49:39
대호특수강,00166175,021040,KOSDAQ,분기x연결,상단,DS-8,PASS,,,2026-07-07T21:49:39
대호특수강,00166175,021040,KOSDAQ,분기x연결,상단,DS-7,PASS,"badges seen: ['✅', '🔎']",,2026-07-07T21:49:39
대호특수강,00166175,021040,KOSDAQ,분기x연결,재무제표,CV-3,PASS,rows=29 cols=33 slider_extended=True,,2026-07-07T21:49:39
대호특수강,00166175,021040,KOSDAQ,분기x연결,재무제표,DS-2/DS-3,DONE,"cross-check completed for ['매출액', '영업이익']",,2026-07-07T21:49:39
대호특수강,00166175,021040,KOSDAQ,분기x연결,지표,CV-6,PASS,default metric selection visible,,2026-07-07T21:49:39
대호특수강,00166175,021040,KOSDAQ,분기x별도,재무제표,DS-1,PASS,,,2026-07-07T21:49:46
대호특수강,00166175,021040,KOSDAQ,분기x별도,상단,DS-8,PASS,,,2026-07-07T21:49:46
대호특수강,00166175,021040,KOSDAQ,분기x별도,상단,DS-7,PASS,"badges seen: ['✅', '🔎']",,2026-07-07T21:49:46
대호특수강,00166175,021040,KOSDAQ,분기x별도,재무제표,CV-3,PASS,rows=29 cols=85 slider_extended=True,,2026-07-07T21:49:46
대호특수강,00166175,021040,KOSDAQ,분기x별도,재무제표,DS-2/DS-3,DONE,"cross-check completed for ['매출액', '영업이익']",,2026-07-07T21:49:46
대호특수강,00166175,021040,KOSDAQ,분기x별도,지표,CV-6,PASS,default metric selection visible,,2026-07-07T21:49:46
대화제약,00210740,067080,KOSDAQ,연간x연결,재무제표,DS-1,PASS,,,2026-07-07T21:49:59
대화제약,00210740,067080,KOSDAQ,연간x연결,상단,DS-8,PASS,,,2026-07-07T21:49:59
대화제약,00210740,067080,KOSDAQ,연간x연결,상단,DS-7,PASS,"badges seen: ['✅', '🔎']",,2026-07-07T21:49:59
대화제약,00210740,067080,KOSDAQ,연간x연결,재무제표,CV-3,PASS,rows=29 cols=19 slider_extended=True,,2026-07-07T21:49:59
대화제약,00210740,067080,KOSDAQ,연간x연결,재무제표,DS-2/DS-3,DONE,"cross-check completed for ['매출액', '영업이익']",,2026-07-07T21:49:59
대화제약,00210740,067080,KOSDAQ,연간x연결,지표,CV-6,PASS,default metric selection visible,,2026-07-07T21:49:59
대화제약,00210740,067080,KOSDAQ,연간x별도,재무제표,DS-1,PASS,,,2026-07-07T21:50:05
대화제약,00210740,067080,KOSDAQ,연간x별도,상단,DS-8,PASS,,,2026-07-07T21:50:05
대화제약,00210740,067080,KOSDAQ,연간x별도,상단,DS-7,PASS,"badges seen: ['✅', '🔎']",,2026-07-07T21:50:05
대화제약,00210740,067080,KOSDAQ,연간x별도,재무제표,CV-3,PASS,rows=29 cols=23 slider_extended=True,,2026-07-07T21:50:05
대화제약,00210740,067080,KOSDAQ,연간x별도,재무제표,DS-2/DS-3,DONE,"cross-check completed for ['매출액', '영업이익']",,2026-07-07T21:50:05
대화제약,00210740,067080,KOSDAQ,연간x별도,지표,CV-6,PASS,default metric selection visible,,2026-07-07T21:50:05
대화제약,00210740,067080,KOSDAQ,분기x연결,재무제표,DS-1,PASS,,,2026-07-07T21:50:11
대화제약,00210740,067080,KOSDAQ,분기x연결,상단,DS-8,PASS,,,2026-07-07T21:50:11
대화제약,00210740,067080,KOSDAQ,분기x연결,상단,DS-7,PASS,"badges seen: ['✅', '🔎']",,2026-07-07T21:50:11
대화제약,00210740,067080,KOSDAQ,분기x연결,재무제표,CV-3,PASS,rows=29 cols=60 slider_extended=True,,2026-07-07T21:50:11
대화제약,00210740,067080,KOSDAQ,분기x연결,재무제표,DS-2/DS-3,DONE,"cross-check completed for ['매출액', '영업이익']",,2026-07-07T21:50:11
대화제약,00210740,067080,KOSDAQ,분기x연결,지표,CV-6,PASS,default metric selection visible,,2026-07-07T21:50:11
대화제약,00210740,067080,KOSDAQ,분기x별도,재무제표,DS-1,PASS,,,2026-07-07T21:50:18
대화제약,00210740,067080,KOSDAQ,분기x별도,상단,DS-8,PASS,,,2026-07-07T21:50:18
대화제약,00210740,067080,KOSDAQ,분기x별도,상단,DS-7,PASS,"badges seen: ['✅', '🔎']",,2026-07-07T21:50:18
대화제약,00210740,067080,KOSDAQ,분기x별도,재무제표,CV-3,PASS,rows=29 cols=83 slider_extended=True,,2026-07-07T21:50:18
대화제약,00210740,067080,KOSDAQ,분기x별도,재무제표,DS-2/DS-3,DONE,"cross-check completed for ['매출액', '영업이익']",,2026-07-07T21:50:18
대화제약,00210740,067080,KOSDAQ,분기x별도,지표,CV-6,PASS,default metric selection visible,,2026-07-07T21:50:18
더네이쳐홀딩스,01214743,298540,KOSDAQ,연간x연결,재무제표,DS-1,PASS,,,2026-07-07T21:50:31
더네이쳐홀딩스,01214743,298540,KOSDAQ,연간x연결,상단,DS-8,PASS,,,2026-07-07T21:50:31
더네이쳐홀딩스,01214743,298540,KOSDAQ,연간x연결,상단,DS-7,PASS,"badges seen: ['✅', '🔎']",,2026-07-07T21:50:31
더네이쳐홀딩스,01214743,298540,KOSDAQ,연간x연결,재무제표,CV-3,PASS,rows=29 cols=10 slider_extended=True,,2026-07-07T21:50:31
더네이쳐홀딩스,01214743,298540,KOSDAQ,연간x연결,재무제표,DS-2/DS-3,DONE,"cross-check completed for ['매출액', '영업이익']",,2026-07-07T21:50:31
더네이쳐홀딩스,01214743,298540,KOSDAQ,연간x연결,지표,CV-6,PASS,default metric selection visible,,2026-07-07T21:50:31
더네이쳐홀딩스,01214743,298540,KOSDAQ,연간x별도,재무제표,DS-1,PASS,,,2026-07-07T21:50:37
더네이쳐홀딩스,01214743,298540,KOSDAQ,연간x별도,상단,DS-8,PASS,,,2026-07-07T21:50:37
더네이쳐홀딩스,01214743,298540,KOSDAQ,연간x별도,상단,DS-7,PASS,"badges seen: ['✅', '🔎']",,2026-07-07T21:50:37
더네이쳐홀딩스,01214743,298540,KOSDAQ,연간x별도,재무제표,CV-3,PASS,rows=29 cols=10 slider_extended=True,,2026-07-07T21:50:37
더네이쳐홀딩스,01214743,298540,KOSDAQ,연간x별도,재무제표,DS-2/DS-3,DONE,"cross-check completed for ['매출액', '영업이익']",,2026-07-07T21:50:37
더네이쳐홀딩스,01214743,298540,KOSDAQ,연간x별도,지표,CV-6,PASS,default metric selection visible,,2026-07-07T21:50:37
더네이쳐홀딩스,01214743,298540,KOSDAQ,분기x연결,재무제표,DS-1,PASS,,,2026-07-07T21:50:43
더네이쳐홀딩스,01214743,298540,KOSDAQ,분기x연결,상단,DS-8,PASS,,,2026-07-07T21:50:43
더네이쳐홀딩스,01214743,298540,KOSDAQ,분기x연결,상단,DS-7,PASS,"badges seen: ['✅', '🔎']",,2026-07-07T21:50:43
더네이쳐홀딩스,01214743,298540,KOSDAQ,분기x연결,재무제표,CV-3,PASS,rows=29 cols=29 slider_extended=True,,2026-07-07T21:50:43
더네이쳐홀딩스,01214743,298540,KOSDAQ,분기x연결,재무제표,DS-2/DS-3,DONE,"cross-check completed for ['매출액', '영업이익']",,2026-07-07T21:50:43
더네이쳐홀딩스,01214743,298540,KOSDAQ,분기x연결,지표,CV-6,PASS,default metric selection visible,,2026-07-07T21:50:43
더네이쳐홀딩스,01214743,298540,KOSDAQ,분기x별도,재무제표,DS-1,PASS,,,2026-07-07T21:50:50
더네이쳐홀딩스,01214743,298540,KOSDAQ,분기x별도,상단,DS-8,PASS,,,2026-07-07T21:50:50
더네이쳐홀딩스,01214743,298540,KOSDAQ,분기x별도,상단,DS-7,PASS,"badges seen: ['✅', '🔎']",,2026-07-07T21:50:50
더네이쳐홀딩스,01214743,298540,KOSDAQ,분기x별도,재무제표,CV-3,PASS,rows=29 cols=29 slider_extended=True,,2026-07-07T21:50:50
더네이쳐홀딩스,01214743,298540,KOSDAQ,분기x별도,재무제표,DS-2/DS-3,DONE,"cross-check completed for ['매출액', '영업이익']",,2026-07-07T21:50:50
더네이쳐홀딩스,01214743,298540,KOSDAQ,분기x별도,지표,CV-6,PASS,default metric selection visible,,2026-07-07T21:50:50
더라미,00205687,032860,KOSDAQ,연간x연결,재무제표,DS-1,PASS,,,2026-07-07T21:51:03
더라미,00205687,032860,KOSDAQ,연간x연결,상단,DS-8,PASS,,,2026-07-07T21:51:03
더라미,00205687,032860,KOSDAQ,연간x연결,상단,DS-7,PASS,"badges seen: ['✅', '🔎']",,2026-07-07T21:51:03
더라미,00205687,032860,KOSDAQ,연간x연결,재무제표,CV-3,PASS,rows=29 cols=8 slider_extended=True,,2026-07-07T21:51:03
더라미,00205687,032860,KOSDAQ,연간x연결,재무제표,DS-2/DS-3,DONE,"cross-check completed for ['매출액', '영업이익']",,2026-07-07T21:51:03
더라미,00205687,032860,KOSDAQ,연간x연결,지표,CV-6,PASS,default metric selection visible,,2026-07-07T21:51:03
더라미,00205687,032860,KOSDAQ,연간x별도,재무제표,DS-1,PASS,,,2026-07-07T21:51:09
더라미,00205687,032860,KOSDAQ,연간x별도,상단,DS-8,PASS,,,2026-07-07T21:51:09
더라미,00205687,032860,KOSDAQ,연간x별도,상단,DS-7,PASS,"badges seen: ['✅', '🔎', '⚠']",,2026-07-07T21:51:09
더라미,00205687,032860,KOSDAQ,연간x별도,재무제표,CV-3,PASS,rows=29 cols=24 slider_extended=True,,2026-07-07T21:51:09
더라미,00205687,032860,KOSDAQ,연간x별도,재무제표,DS-2/DS-3,DONE,"cross-check completed for ['매출액', '영업이익']",,2026-07-07T21:51:09
더라미,00205687,032860,KOSDAQ,연간x별도,지표,CV-6,PASS,default metric selection visible,,2026-07-07T21:51:09
더라미,00205687,032860,KOSDAQ,분기x연결,재무제표,DS-1,PASS,,,2026-07-07T21:51:15
더라미,00205687,032860,KOSDAQ,분기x연결,상단,DS-8,PASS,,,2026-07-07T21:51:15
더라미,00205687,032860,KOSDAQ,분기x연결,상단,DS-7,PASS,"badges seen: ['✅', '🔎']",,2026-07-07T21:51:15
더라미,00205687,032860,KOSDAQ,분기x연결,재무제표,CV-3,PASS,rows=29 cols=27 slider_extended=True,,2026-07-07T21:51:15
더라미,00205687,032860,KOSDAQ,분기x연결,재무제표,DS-2/DS-3,DONE,"cross-check completed for ['매출액', '영업이익']",,2026-07-07T21:51:15
더라미,00205687,032860,KOSDAQ,분기x연결,지표,CV-6,PASS,default metric selection visible,,2026-07-07T21:51:15
더라미,00205687,032860,KOSDAQ,분기x별도,재무제표,DS-1,PASS,,,2026-07-07T21:51:22
더라미,00205687,032860,KOSDAQ,분기x별도,상단,DS-8,PASS,,,2026-07-07T21:51:22
더라미,00205687,032860,KOSDAQ,분기x별도,상단,DS-7,PASS,"badges seen: ['✅', '🔎']",,2026-07-07T21:51:22
더라미,00205687,032860,KOSDAQ,분기x별도,재무제표,CV-3,PASS,rows=29 cols=75 slider_extended=True,,2026-07-07T21:51:22
더라미,00205687,032860,KOSDAQ,분기x별도,재무제표,DS-2/DS-3,DONE,"cross-check completed for ['매출액', '영업이익']",,2026-07-07T21:51:22
더라미,00205687,032860,KOSDAQ,분기x별도,지표,CV-6,PASS,default metric selection visible,,2026-07-07T21:51:22
더블유씨피,01291317,393890,KOSDAQ,연간x연결,재무제표,DS-1,PASS,,,2026-07-07T21:51:35
더블유씨피,01291317,393890,KOSDAQ,연간x연결,상단,DS-8,PASS,,,2026-07-07T21:51:35
더블유씨피,01291317,393890,KOSDAQ,연간x연결,상단,DS-7,PASS,"badges seen: ['✅', '🔎', '⚠']",,2026-07-07T21:51:35
더블유씨피,01291317,393890,KOSDAQ,연간x연결,재무제표,CV-3,PASS,rows=29 cols=8 slider_extended=True,,2026-07-07T21:51:35
더블유씨피,01291317,393890,KOSDAQ,연간x연결,재무제표,DS-2/DS-3,DONE,"cross-check completed for ['매출액', '영업이익']",,2026-07-07T21:51:35
더블유씨피,01291317,393890,KOSDAQ,연간x연결,지표,CV-6,PASS,default metric selection visible,,2026-07-07T21:51:35
더블유씨피,01291317,393890,KOSDAQ,연간x별도,재무제표,DS-1,PASS,,,2026-07-07T21:51:41
더블유씨피,01291317,393890,KOSDAQ,연간x별도,상단,DS-8,PASS,,,2026-07-07T21:51:41
더블유씨피,01291317,393890,KOSDAQ,연간x별도,상단,DS-7,PASS,"badges seen: ['✅', '🔎', '⚠']",,2026-07-07T21:51:41
더블유씨피,01291317,393890,KOSDAQ,연간x별도,재무제표,CV-3,PASS,rows=29 cols=8 slider_extended=True,,2026-07-07T21:51:41
더블유씨피,01291317,393890,KOSDAQ,연간x별도,재무제표,DS-2/DS-3,DONE,"cross-check completed for ['매출액', '영업이익']",,2026-07-07T21:51:41
더블유씨피,01291317,393890,KOSDAQ,연간x별도,지표,CV-6,PASS,default metric selection visible,,2026-07-07T21:51:41
더블유씨피,01291317,393890,KOSDAQ,분기x연결,재무제표,DS-1,PASS,,,2026-07-07T21:51:47
더블유씨피,01291317,393890,KOSDAQ,분기x연결,상단,DS-8,PASS,,,2026-07-07T21:51:47
더블유씨피,01291317,393890,KOSDAQ,분기x연결,상단,DS-7,PASS,"badges seen: ['✅', '🔎']",,2026-07-07T21:51:47
더블유씨피,01291317,393890,KOSDAQ,분기x연결,재무제표,CV-3,PASS,rows=29 cols=21 slider_extended=True,,2026-07-07T21:51:47
더블유씨피,01291317,393890,KOSDAQ,분기x연결,재무제표,DS-2/DS-3,DONE,"cross-check completed for ['매출액', '영업이익']",,2026-07-07T21:51:47
더블유씨피,01291317,393890,KOSDAQ,분기x연결,지표,CV-6,PASS,default metric selection visible,,2026-07-07T21:51:47
더블유씨피,01291317,393890,KOSDAQ,분기x별도,재무제표,DS-1,PASS,,,2026-07-07T21:51:54
더블유씨피,01291317,393890,KOSDAQ,분기x별도,상단,DS-8,PASS,,,2026-07-07T21:51:54
더블유씨피,01291317,393890,KOSDAQ,분기x별도,상단,DS-7,PASS,"badges seen: ['✅', '🔎']",,2026-07-07T21:51:54
더블유씨피,01291317,393890,KOSDAQ,분기x별도,재무제표,CV-3,PASS,rows=29 cols=21 slider_extended=True,,2026-07-07T21:51:54
더블유씨피,01291317,393890,KOSDAQ,분기x별도,재무제표,DS-2/DS-3,DONE,"cross-check completed for ['매출액', '영업이익']",,2026-07-07T21:51:54
더블유씨피,01291317,393890,KOSDAQ,분기x별도,지표,CV-6,PASS,default metric selection visible,,2026-07-07T21:51:54
더블유에스아이,01318261,299170,KOSDAQ,연간x연결,재무제표,DS-1,PASS,,,2026-07-07T21:52:07
더블유에스아이,01318261,299170,KOSDAQ,연간x연결,상단,DS-8,PASS,,,2026-07-07T21:52:07
더블유에스아이,01318261,299170,KOSDAQ,연간x연결,상단,DS-7,PASS,"badges seen: ['✅', '🔎']",,2026-07-07T21:52:07
더블유에스아이,01318261,299170,KOSDAQ,연간x연결,재무제표,CV-3,PASS,rows=29 cols=10 slider_extended=True,,2026-07-07T21:52:07
더블유에스아이,01318261,299170,KOSDAQ,연간x연결,재무제표,DS-2/DS-3,DONE,"cross-check completed for ['매출액', '영업이익']",,2026-07-07T21:52:07
더블유에스아이,01318261,299170,KOSDAQ,연간x연결,지표,CV-6,PASS,default metric selection visible,,2026-07-07T21:52:07
더블유에스아이,01318261,299170,KOSDAQ,연간x별도,재무제표,DS-1,PASS,,,2026-07-07T21:52:12
더블유에스아이,01318261,299170,KOSDAQ,연간x별도,상단,DS-8,PASS,,,2026-07-07T21:52:12
더블유에스아이,01318261,299170,KOSDAQ,연간x별도,상단,DS-7,PASS,"badges seen: ['✅', '🔎']",,2026-07-07T21:52:12
더블유에스아이,01318261,299170,KOSDAQ,연간x별도,재무제표,CV-3,PASS,rows=29 cols=11 slider_extended=True,,2026-07-07T21:52:12
더블유에스아이,01318261,299170,KOSDAQ,연간x별도,재무제표,DS-2/DS-3,DONE,"cross-check completed for ['매출액', '영업이익']",,2026-07-07T21:52:12
더블유에스아이,01318261,299170,KOSDAQ,연간x별도,지표,CV-6,PASS,default metric selection visible,,2026-07-07T21:52:12
더블유에스아이,01318261,299170,KOSDAQ,분기x연결,재무제표,DS-1,PASS,,,2026-07-07T21:52:18
더블유에스아이,01318261,299170,KOSDAQ,분기x연결,상단,DS-8,PASS,,,2026-07-07T21:52:18
더블유에스아이,01318261,299170,KOSDAQ,분기x연결,상단,DS-7,PASS,"badges seen: ['✅', '🔎']",,2026-07-07T21:52:18
더블유에스아이,01318261,299170,KOSDAQ,분기x연결,재무제표,CV-3,PASS,rows=29 cols=28 slider_extended=True,,2026-07-07T21:52:18
더블유에스아이,01318261,299170,KOSDAQ,분기x연결,재무제표,DS-2/DS-3,DONE,"cross-check completed for ['매출액', '영업이익']",,2026-07-07T21:52:18
더블유에스아이,01318261,299170,KOSDAQ,분기x연결,지표,CV-6,PASS,default metric selection visible,,2026-07-07T21:52:18
더블유에스아이,01318261,299170,KOSDAQ,분기x별도,재무제표,DS-1,PASS,,,2026-07-07T21:52:26
더블유에스아이,01318261,299170,KOSDAQ,분기x별도,상단,DS-8,PASS,,,2026-07-07T21:52:26
더블유에스아이,01318261,299170,KOSDAQ,분기x별도,상단,DS-7,PASS,"badges seen: ['✅', '🔎']",,2026-07-07T21:52:26
더블유에스아이,01318261,299170,KOSDAQ,분기x별도,재무제표,CV-3,PASS,rows=29 cols=35 slider_extended=True,,2026-07-07T21:52:26
더블유에스아이,01318261,299170,KOSDAQ,분기x별도,재무제표,DS-2/DS-3,DONE,"cross-check completed for ['매출액', '영업이익']",,2026-07-07T21:52:26
더블유에스아이,01318261,299170,KOSDAQ,분기x별도,지표,CV-6,PASS,default metric selection visible,,2026-07-07T21:52:26
더즌,01563667,462860,KOSDAQ,연간x연결,재무제표,DS-1,PASS,,,2026-07-07T21:52:39
더즌,01563667,462860,KOSDAQ,연간x연결,상단,DS-8,PASS,,,2026-07-07T21:52:39
더즌,01563667,462860,KOSDAQ,연간x연결,상단,DS-7,PASS,"badges seen: ['✅', '🔎']",,2026-07-07T21:52:39
더즌,01563667,462860,KOSDAQ,연간x연결,재무제표,CV-3,PASS,rows=29 cols=6 slider_extended=True,,2026-07-07T21:52:39
더즌,01563667,462860,KOSDAQ,연간x연결,재무제표,DS-2/DS-3,DONE,"cross-check completed for ['매출액', '영업이익']",,2026-07-07T21:52:39
더즌,01563667,462860,KOSDAQ,연간x연결,지표,CV-6,PASS,default metric selection visible,,2026-07-07T21:52:39
더즌,01563667,462860,KOSDAQ,연간x별도,재무제표,DS-1,PASS,,,2026-07-07T21:52:44
더즌,01563667,462860,KOSDAQ,연간x별도,상단,DS-8,PASS,,,2026-07-07T21:52:44
더즌,01563667,462860,KOSDAQ,연간x별도,상단,DS-7,PASS,"badges seen: ['✅', '🔎']",,2026-07-07T21:52:44
더즌,01563667,462860,KOSDAQ,연간x별도,재무제표,CV-3,PASS,rows=29 cols=6 slider_extended=True,,2026-07-07T21:52:44
더즌,01563667,462860,KOSDAQ,연간x별도,재무제표,DS-2/DS-3,DONE,"cross-check completed for ['매출액', '영업이익']",,2026-07-07T21:52:44
더즌,01563667,462860,KOSDAQ,연간x별도,지표,CV-6,PASS,default metric selection visible,,2026-07-07T21:52:44
더즌,01563667,462860,KOSDAQ,분기x연결,재무제표,DS-1,PASS,,,2026-07-07T21:52:50
더즌,01563667,462860,KOSDAQ,분기x연결,상단,DS-8,PASS,,,2026-07-07T21:52:50
더즌,01563667,462860,KOSDAQ,분기x연결,상단,DS-7,PASS,"badges seen: ['✅', '🔎']",,2026-07-07T21:52:50
더즌,01563667,462860,KOSDAQ,분기x연결,재무제표,CV-3,PASS,rows=29 cols=11 slider_extended=True,,2026-07-07T21:52:50
더즌,01563667,462860,KOSDAQ,분기x연결,재무제표,DS-2/DS-3,DONE,"cross-check completed for ['매출액', '영업이익']",,2026-07-07T21:52:50
더즌,01563667,462860,KOSDAQ,분기x연결,지표,CV-6,PASS,default metric selection visible,,2026-07-07T21:52:50
더즌,01563667,462860,KOSDAQ,분기x별도,재무제표,DS-1,PASS,,,2026-07-07T21:52:58
더즌,01563667,462860,KOSDAQ,분기x별도,상단,DS-8,PASS,,,2026-07-07T21:52:58
더즌,01563667,462860,KOSDAQ,분기x별도,상단,DS-7,PASS,"badges seen: ['✅', '🔎']",,2026-07-07T21:52:58
더즌,01563667,462860,KOSDAQ,분기x별도,재무제표,CV-3,PASS,rows=29 cols=11 slider_extended=True,,2026-07-07T21:52:58
더즌,01563667,462860,KOSDAQ,분기x별도,재무제표,DS-2/DS-3,DONE,"cross-check completed for ['매출액', '영업이익']",,2026-07-07T21:52:58
더즌,01563667,462860,KOSDAQ,분기x별도,지표,CV-6,PASS,default metric selection visible,,2026-07-07T21:52:58
더코디,00530413,224060,KOSDAQ,연간x연결,재무제표,DS-1,PASS,,,2026-07-07T21:53:11
더코디,00530413,224060,KOSDAQ,연간x연결,상단,DS-8,PASS,,,2026-07-07T21:53:11
더코디,00530413,224060,KOSDAQ,연간x연결,상단,DS-7,PASS,"badges seen: ['✅', '🔎']",,2026-07-07T21:53:11
더코디,00530413,224060,KOSDAQ,연간x연결,재무제표,CV-3,PASS,rows=29 cols=14 slider_extended=True,,2026-07-07T21:53:11
더코디,00530413,224060,KOSDAQ,연간x연결,재무제표,DS-2/DS-3,DONE,"cross-check completed for ['매출액', '영업이익']",,2026-07-07T21:53:11
더코디,00530413,224060,KOSDAQ,연간x연결,지표,CV-6,PASS,default metric selection visible,,2026-07-07T21:53:11
더코디,00530413,224060,KOSDAQ,연간x별도,재무제표,DS-1,PASS,,,2026-07-07T21:53:16
더코디,00530413,224060,KOSDAQ,연간x별도,상단,DS-8,PASS,,,2026-07-07T21:53:16
더코디,00530413,224060,KOSDAQ,연간x별도,상단,DS-7,PASS,"badges seen: ['✅', '🔎']",,2026-07-07T21:53:16
더코디,00530413,224060,KOSDAQ,연간x별도,재무제표,CV-3,PASS,rows=29 cols=15 slider_extended=True,,2026-07-07T21:53:16
더코디,00530413,224060,KOSDAQ,연간x별도,재무제표,DS-2/DS-3,DONE,"cross-check completed for ['매출액', '영업이익']",,2026-07-07T21:53:16
더코디,00530413,224060,KOSDAQ,연간x별도,지표,CV-6,PASS,default metric selection visible,,2026-07-07T21:53:16
더코디,00530413,224060,KOSDAQ,분기x연결,재무제표,DS-1,PASS,,,2026-07-07T21:53:22
더코디,00530413,224060,KOSDAQ,분기x연결,상단,DS-8,PASS,,,2026-07-07T21:53:22
더코디,00530413,224060,KOSDAQ,분기x연결,상단,DS-7,PASS,"badges seen: ['✅', '🔎']",,2026-07-07T21:53:22
더코디,00530413,224060,KOSDAQ,분기x연결,재무제표,CV-3,PASS,rows=29 cols=45 slider_extended=True,,2026-07-07T21:53:22
더코디,00530413,224060,KOSDAQ,분기x연결,재무제표,DS-2/DS-3,DONE,"cross-check completed for ['매출액', '영업이익']",,2026-07-07T21:53:22
더코디,00530413,224060,KOSDAQ,분기x연결,지표,CV-6,PASS,default metric selection visible,,2026-07-07T21:53:22
더코디,00530413,224060,KOSDAQ,분기x별도,재무제표,DS-1,PASS,,,2026-07-07T21:53:30
더코디,00530413,224060,KOSDAQ,분기x별도,상단,DS-8,PASS,,,2026-07-07T21:53:30
더코디,00530413,224060,KOSDAQ,분기x별도,상단,DS-7,PASS,"badges seen: ['✅', '🔎', '⚠']",,2026-07-07T21:53:30
더코디,00530413,224060,KOSDAQ,분기x별도,재무제표,CV-3,PASS,rows=29 cols=51 slider_extended=True,,2026-07-07T21:53:30
더코디,00530413,224060,KOSDAQ,분기x별도,재무제표,DS-2/DS-3,DONE,"cross-check completed for ['매출액', '영업이익']",,2026-07-07T21:53:30
더코디,00530413,224060,KOSDAQ,분기x별도,지표,CV-6,PASS,default metric selection visible,,2026-07-07T21:53:30
더테크놀로지,00351454,043090,KOSDAQ,연간x연결,재무제표,DS-1,PASS,,,2026-07-07T21:53:40
더테크놀로지,00351454,043090,KOSDAQ,연간x연결,상단,DS-8,PASS,,,2026-07-07T21:53:40
더테크놀로지,00351454,043090,KOSDAQ,연간x연결,상단,DS-7,PASS,"badges seen: ['✅', '🔎', '⚠']",,2026-07-07T21:53:40
더테크놀로지,00351454,043090,KOSDAQ,연간x연결,재무제표,CV-3,PASS,rows=29 cols=16 slider_extended=True,,2026-07-07T21:53:40
더테크놀로지,00351454,043090,KOSDAQ,연간x연결,재무제표,DS-2/DS-3,DONE,"cross-check completed for ['매출액', '영업이익']",,2026-07-07T21:53:40
더테크놀로지,00351454,043090,KOSDAQ,연간x연결,지표,CV-6,PASS,default metric selection visible,,2026-07-07T21:53:40
더테크놀로지,00351454,043090,KOSDAQ,연간x별도,재무제표,DS-1,PASS,,,2026-07-07T21:53:46
더테크놀로지,00351454,043090,KOSDAQ,연간x별도,상단,DS-8,PASS,,,2026-07-07T21:53:46
더테크놀로지,00351454,043090,KOSDAQ,연간x별도,상단,DS-7,PASS,"badges seen: ['✅', '🔎', '⚠']",,2026-07-07T21:53:46
더테크놀로지,00351454,043090,KOSDAQ,연간x별도,재무제표,CV-3,PASS,rows=29 cols=21 slider_extended=True,,2026-07-07T21:53:46
더테크놀로지,00351454,043090,KOSDAQ,연간x별도,재무제표,DS-2/DS-3,DONE,"cross-check completed for ['매출액', '영업이익']",,2026-07-07T21:53:46
더테크놀로지,00351454,043090,KOSDAQ,연간x별도,지표,CV-6,PASS,default metric selection visible,,2026-07-07T21:53:46
더테크놀로지,00351454,043090,KOSDAQ,분기x연결,재무제표,DS-1,PASS,,,2026-07-07T21:53:52
더테크놀로지,00351454,043090,KOSDAQ,분기x연결,상단,DS-8,PASS,,,2026-07-07T21:53:52
더테크놀로지,00351454,043090,KOSDAQ,분기x연결,상단,DS-7,PASS,"badges seen: ['✅', '🔎', '⚠']",,2026-07-07T21:53:52
더테크놀로지,00351454,043090,KOSDAQ,분기x연결,재무제표,CV-3,PASS,rows=29 cols=50 slider_extended=True,,2026-07-07T21:53:52
더테크놀로지,00351454,043090,KOSDAQ,분기x연결,재무제표,DS-2/DS-3,DONE,"cross-check completed for ['매출액', '영업이익']",,2026-07-07T21:53:52
더테크놀로지,00351454,043090,KOSDAQ,분기x연결,지표,CV-6,PASS,default metric selection visible,,2026-07-07T21:53:52
더테크놀로지,00351454,043090,KOSDAQ,분기x별도,재무제표,DS-1,PASS,,,2026-07-07T21:53:59
더테크놀로지,00351454,043090,KOSDAQ,분기x별도,상단,DS-8,PASS,,,2026-07-07T21:53:59
더테크놀로지,00351454,043090,KOSDAQ,분기x별도,상단,DS-7,PASS,"badges seen: ['✅', '🔎', '⚠']",,2026-07-07T21:53:59
더테크놀로지,00351454,043090,KOSDAQ,분기x별도,재무제표,CV-3,PASS,rows=29 cols=75 slider_extended=True,,2026-07-07T21:53:59
더테크놀로지,00351454,043090,KOSDAQ,분기x별도,재무제표,DS-2/DS-3,DONE,"cross-check completed for ['매출액', '영업이익']",,2026-07-07T21:53:59
더테크놀로지,00351454,043090,KOSDAQ,분기x별도,지표,CV-6,PASS,default metric selection visible,,2026-07-07T21:53:59
더핑크퐁컴퍼니,01138364,403850,KOSDAQ,연간x연결,재무제표,DS-1,PASS,,,2026-07-07T21:54:13
더핑크퐁컴퍼니,01138364,403850,KOSDAQ,연간x연결,상단,DS-8,PASS,,,2026-07-07T21:54:13
더핑크퐁컴퍼니,01138364,403850,KOSDAQ,연간x연결,상단,DS-7,PASS,"badges seen: ['✅', '🔎']",,2026-07-07T21:54:13
더핑크퐁컴퍼니,01138364,403850,KOSDAQ,연간x연결,재무제표,CV-3,PASS,rows=29 cols=8 slider_extended=True,,2026-07-07T21:54:13
더핑크퐁컴퍼니,01138364,403850,KOSDAQ,연간x연결,재무제표,DS-2/DS-3,DONE,"cross-check completed for ['매출액', '영업이익']",,2026-07-07T21:54:13
더핑크퐁컴퍼니,01138364,403850,KOSDAQ,연간x연결,지표,CV-6,PASS,default metric selection visible,,2026-07-07T21:54:13
더핑크퐁컴퍼니,01138364,403850,KOSDAQ,연간x별도,재무제표,DS-1,PASS,,,2026-07-07T21:54:18
더핑크퐁컴퍼니,01138364,403850,KOSDAQ,연간x별도,상단,DS-8,PASS,,,2026-07-07T21:54:18
더핑크퐁컴퍼니,01138364,403850,KOSDAQ,연간x별도,상단,DS-7,PASS,"badges seen: ['✅', '🔎']",,2026-07-07T21:54:18
더핑크퐁컴퍼니,01138364,403850,KOSDAQ,연간x별도,재무제표,CV-3,PASS,rows=29 cols=8 slider_extended=True,,2026-07-07T21:54:18
더핑크퐁컴퍼니,01138364,403850,KOSDAQ,연간x별도,재무제표,DS-2/DS-3,DONE,"cross-check completed for ['매출액', '영업이익']",,2026-07-07T21:54:18
더핑크퐁컴퍼니,01138364,403850,KOSDAQ,연간x별도,지표,CV-6,PASS,default metric selection visible,,2026-07-07T21:54:18
더핑크퐁컴퍼니,01138364,403850,KOSDAQ,분기x연결,재무제표,DS-1,PASS,,,2026-07-07T21:54:24
더핑크퐁컴퍼니,01138364,403850,KOSDAQ,분기x연결,상단,DS-8,PASS,,,2026-07-07T21:54:24
더핑크퐁컴퍼니,01138364,403850,KOSDAQ,분기x연결,상단,DS-7,PASS,"badges seen: ['✅', '🔎', '⚠']",,2026-07-07T21:54:24
더핑크퐁컴퍼니,01138364,403850,KOSDAQ,분기x연결,재무제표,CV-3,PASS,rows=29 cols=26 slider_extended=True,,2026-07-07T21:54:24
더핑크퐁컴퍼니,01138364,403850,KOSDAQ,분기x연결,재무제표,DS-2/DS-3,DONE,"cross-check completed for ['매출액', '영업이익']",,2026-07-07T21:54:24
더핑크퐁컴퍼니,01138364,403850,KOSDAQ,분기x연결,지표,CV-6,PASS,default metric selection visible,,2026-07-07T21:54:24
더핑크퐁컴퍼니,01138364,403850,KOSDAQ,분기x별도,재무제표,DS-1,PASS,,,2026-07-07T21:54:31
더핑크퐁컴퍼니,01138364,403850,KOSDAQ,분기x별도,상단,DS-8,PASS,,,2026-07-07T21:54:31
더핑크퐁컴퍼니,01138364,403850,KOSDAQ,분기x별도,상단,DS-7,PASS,"badges seen: ['✅', '🔎']",,2026-07-07T21:54:31
더핑크퐁컴퍼니,01138364,403850,KOSDAQ,분기x별도,재무제표,CV-3,PASS,rows=29 cols=26 slider_extended=True,,2026-07-07T21:54:31
더핑크퐁컴퍼니,01138364,403850,KOSDAQ,분기x별도,재무제표,DS-2/DS-3,DONE,"cross-check completed for ['매출액', '영업이익']",,2026-07-07T21:54:31
더핑크퐁컴퍼니,01138364,403850,KOSDAQ,분기x별도,지표,CV-6,PASS,default metric selection visible,,2026-07-07T21:54:31
덕산네오룩스,01061558,213420,KOSDAQ,연간x연결,재무제표,DS-1,PASS,,,2026-07-07T21:54:44
덕산네오룩스,01061558,213420,KOSDAQ,연간x연결,상단,DS-8,PASS,,,2026-07-07T21:54:44
덕산네오룩스,01061558,213420,KOSDAQ,연간x연결,상단,DS-7,PASS,"badges seen: ['✅', '🔎']",,2026-07-07T21:54:44
덕산네오룩스,01061558,213420,KOSDAQ,연간x연결,재무제표,CV-3,PASS,rows=29 cols=9 slider_extended=True,,2026-07-07T21:54:44
덕산네오룩스,01061558,213420,KOSDAQ,연간x연결,재무제표,DS-2/DS-3,DONE,"cross-check completed for ['매출액', '영업이익']",,2026-07-07T21:54:44
덕산네오룩스,01061558,213420,KOSDAQ,연간x연결,지표,CV-6,PASS,default metric selection visible,,2026-07-07T21:54:44
덕산네오룩스,01061558,213420,KOSDAQ,연간x별도,재무제표,DS-1,PASS,,,2026-07-07T21:54:49
덕산네오룩스,01061558,213420,KOSDAQ,연간x별도,상단,DS-8,PASS,,,2026-07-07T21:54:49
덕산네오룩스,01061558,213420,KOSDAQ,연간x별도,상단,DS-7,PASS,"badges seen: ['✅', '🔎', '⚠']",,2026-07-07T21:54:49
덕산네오룩스,01061558,213420,KOSDAQ,연간x별도,재무제표,CV-3,PASS,rows=29 cols=14 slider_extended=True,,2026-07-07T21:54:49
덕산네오룩스,01061558,213420,KOSDAQ,연간x별도,재무제표,DS-2/DS-3,DONE,"cross-check completed for ['매출액', '영업이익']",,2026-07-07T21:54:49
덕산네오룩스,01061558,213420,KOSDAQ,연간x별도,지표,CV-6,PASS,default metric selection visible,,2026-07-07T21:54:49
덕산네오룩스,01061558,213420,KOSDAQ,분기x연결,재무제표,DS-1,PASS,,,2026-07-07T21:54:55
덕산네오룩스,01061558,213420,KOSDAQ,분기x연결,상단,DS-8,PASS,,,2026-07-07T21:54:55
덕산네오룩스,01061558,213420,KOSDAQ,분기x연결,상단,DS-7,PASS,"badges seen: ['✅', '🔎']",,2026-07-07T21:54:55
덕산네오룩스,01061558,213420,KOSDAQ,분기x연결,재무제표,CV-3,PASS,rows=29 cols=24 slider_extended=True,,2026-07-07T21:54:55
덕산네오룩스,01061558,213420,KOSDAQ,분기x연결,재무제표,DS-2/DS-3,DONE,"cross-check completed for ['매출액', '영업이익']",,2026-07-07T21:54:55
덕산네오룩스,01061558,213420,KOSDAQ,분기x연결,지표,CV-6,PASS,default metric selection visible,,2026-07-07T21:54:55
덕산네오룩스,01061558,213420,KOSDAQ,분기x별도,재무제표,DS-1,PASS,,,2026-07-07T21:55:03
덕산네오룩스,01061558,213420,KOSDAQ,분기x별도,상단,DS-8,PASS,,,2026-07-07T21:55:03
덕산네오룩스,01061558,213420,KOSDAQ,분기x별도,상단,DS-7,PASS,"badges seen: ['✅', '🔎']",,2026-07-07T21:55:03
덕산네오룩스,01061558,213420,KOSDAQ,분기x별도,재무제표,CV-3,PASS,rows=29 cols=51 slider_extended=True,,2026-07-07T21:55:03
덕산네오룩스,01061558,213420,KOSDAQ,분기x별도,재무제표,DS-2/DS-3,DONE,"cross-check completed for ['매출액', '영업이익']",,2026-07-07T21:55:03
덕산네오룩스,01061558,213420,KOSDAQ,분기x별도,지표,CV-6,PASS,default metric selection visible,,2026-07-07T21:55:03
덕산테코피아,01021666,317330,KOSDAQ,연간x연결,재무제표,DS-1,PASS,,,2026-07-07T21:55:16
덕산테코피아,01021666,317330,KOSDAQ,연간x연결,상단,DS-8,PASS,,,2026-07-07T21:55:16
덕산테코피아,01021666,317330,KOSDAQ,연간x연결,상단,DS-7,PASS,"badges seen: ['✅', '🔎']",,2026-07-07T21:55:16
덕산테코피아,01021666,317330,KOSDAQ,연간x연결,재무제표,CV-3,PASS,rows=29 cols=10 slider_extended=True,,2026-07-07T21:55:16
덕산테코피아,01021666,317330,KOSDAQ,연간x연결,재무제표,DS-2/DS-3,DONE,"cross-check completed for ['매출액', '영업이익']",,2026-07-07T21:55:16
덕산테코피아,01021666,317330,KOSDAQ,연간x연결,지표,CV-6,PASS,default metric selection visible,,2026-07-07T21:55:16
덕산테코피아,01021666,317330,KOSDAQ,연간x별도,재무제표,DS-1,PASS,,,2026-07-07T21:55:21
덕산테코피아,01021666,317330,KOSDAQ,연간x별도,상단,DS-8,PASS,,,2026-07-07T21:55:21
덕산테코피아,01021666,317330,KOSDAQ,연간x별도,상단,DS-7,PASS,"badges seen: ['✅', '🔎']",,2026-07-07T21:55:21
덕산테코피아,01021666,317330,KOSDAQ,연간x별도,재무제표,CV-3,PASS,rows=29 cols=11 slider_extended=True,,2026-07-07T21:55:21
덕산테코피아,01021666,317330,KOSDAQ,연간x별도,재무제표,DS-2/DS-3,DONE,"cross-check completed for ['매출액', '영업이익']",,2026-07-07T21:55:21
덕산테코피아,01021666,317330,KOSDAQ,연간x별도,지표,CV-6,PASS,default metric selection visible,,2026-07-07T21:55:21
덕산테코피아,01021666,317330,KOSDAQ,분기x연결,재무제표,DS-1,PASS,,,2026-07-07T21:55:28
덕산테코피아,01021666,317330,KOSDAQ,분기x연결,상단,DS-8,PASS,,,2026-07-07T21:55:28
덕산테코피아,01021666,317330,KOSDAQ,분기x연결,상단,DS-7,PASS,"badges seen: ['✅', '🔎']",,2026-07-07T21:55:28
덕산테코피아,01021666,317330,KOSDAQ,분기x연결,재무제표,CV-3,PASS,rows=29 cols=29 slider_extended=True,,2026-07-07T21:55:28
덕산테코피아,01021666,317330,KOSDAQ,분기x연결,재무제표,DS-2/DS-3,DONE,"cross-check completed for ['매출액', '영업이익']",,2026-07-07T21:55:28
덕산테코피아,01021666,317330,KOSDAQ,분기x연결,지표,CV-6,PASS,default metric selection visible,,2026-07-07T21:55:28
덕산테코피아,01021666,317330,KOSDAQ,분기x별도,재무제표,DS-1,PASS,,,2026-07-07T21:55:35
덕산테코피아,01021666,317330,KOSDAQ,분기x별도,상단,DS-8,PASS,,,2026-07-07T21:55:35
덕산테코피아,01021666,317330,KOSDAQ,분기x별도,상단,DS-7,PASS,"badges seen: ['✅', '🔎']",,2026-07-07T21:55:35
덕산테코피아,01021666,317330,KOSDAQ,분기x별도,재무제표,CV-3,PASS,rows=29 cols=33 slider_extended=True,,2026-07-07T21:55:35
덕산테코피아,01021666,317330,KOSDAQ,분기x별도,재무제표,DS-2/DS-3,DONE,"cross-check completed for ['매출액', '영업이익']",,2026-07-07T21:55:35
덕산테코피아,01021666,317330,KOSDAQ,분기x별도,지표,CV-6,PASS,default metric selection visible,,2026-07-07T21:55:35
덕산하이메탈,00471068,077360,KOSDAQ,연간x연결,재무제표,DS-1,PASS,,,2026-07-07T21:55:48
덕산하이메탈,00471068,077360,KOSDAQ,연간x연결,상단,DS-8,PASS,,,2026-07-07T21:55:48
덕산하이메탈,00471068,077360,KOSDAQ,연간x연결,상단,DS-7,PASS,"badges seen: ['✅', '🔎', '⚠']",,2026-07-07T21:55:48
덕산하이메탈,00471068,077360,KOSDAQ,연간x연결,재무제표,CV-3,PASS,rows=29 cols=17 slider_extended=True,,2026-07-07T21:55:48
덕산하이메탈,00471068,077360,KOSDAQ,연간x연결,재무제표,DS-2/DS-3,DONE,"cross-check completed for ['매출액', '영업이익']",,2026-07-07T21:55:48
덕산하이메탈,00471068,077360,KOSDAQ,연간x연결,지표,CV-6,PASS,default metric selection visible,,2026-07-07T21:55:48
덕산하이메탈,00471068,077360,KOSDAQ,연간x별도,재무제표,DS-1,PASS,,,2026-07-07T21:55:53
덕산하이메탈,00471068,077360,KOSDAQ,연간x별도,상단,DS-8,PASS,,,2026-07-07T21:55:53
덕산하이메탈,00471068,077360,KOSDAQ,연간x별도,상단,DS-7,PASS,"badges seen: ['✅', '🔎']",,2026-07-07T21:55:53
덕산하이메탈,00471068,077360,KOSDAQ,연간x별도,재무제표,CV-3,PASS,rows=29 cols=21 slider_extended=True,,2026-07-07T21:55:53
덕산하이메탈,00471068,077360,KOSDAQ,연간x별도,재무제표,DS-2/DS-3,DONE,"cross-check completed for ['매출액', '영업이익']",,2026-07-07T21:55:53
덕산하이메탈,00471068,077360,KOSDAQ,연간x별도,지표,CV-6,PASS,default metric selection visible,,2026-07-07T21:55:53
덕산하이메탈,00471068,077360,KOSDAQ,분기x연결,재무제표,DS-1,PASS,,,2026-07-07T21:55:59
덕산하이메탈,00471068,077360,KOSDAQ,분기x연결,상단,DS-8,PASS,,,2026-07-07T21:55:59
덕산하이메탈,00471068,077360,KOSDAQ,분기x연결,상단,DS-7,PASS,"badges seen: ['✅', '🔎']",,2026-07-07T21:55:59
덕산하이메탈,00471068,077360,KOSDAQ,분기x연결,재무제표,CV-3,PASS,rows=29 cols=58 slider_extended=True,,2026-07-07T21:55:59
덕산하이메탈,00471068,077360,KOSDAQ,분기x연결,재무제표,DS-2/DS-3,DONE,"cross-check completed for ['매출액', '영업이익']",,2026-07-07T21:55:59
덕산하이메탈,00471068,077360,KOSDAQ,분기x연결,지표,CV-6,PASS,default metric selection visible,,2026-07-07T21:55:59
덕산하이메탈,00471068,077360,KOSDAQ,분기x별도,재무제표,DS-1,PASS,,,2026-07-07T21:56:07
덕산하이메탈,00471068,077360,KOSDAQ,분기x별도,상단,DS-8,PASS,,,2026-07-07T21:56:07
덕산하이메탈,00471068,077360,KOSDAQ,분기x별도,상단,DS-7,PASS,"badges seen: ['✅', '🔎', '⚠']",,2026-07-07T21:56:07
덕산하이메탈,00471068,077360,KOSDAQ,분기x별도,재무제표,CV-3,PASS,rows=29 cols=70 slider_extended=True,,2026-07-07T21:56:07
덕산하이메탈,00471068,077360,KOSDAQ,분기x별도,재무제표,DS-2/DS-3,DONE,"cross-check completed for ['매출액', '영업이익']",,2026-07-07T21:56:07
덕산하이메탈,00471068,077360,KOSDAQ,분기x별도,지표,CV-6,PASS,default metric selection visible,,2026-07-07T21:56:07
덕신이피씨,00454937,090410,KOSDAQ,연간x연결,재무제표,DS-1,PASS,,,2026-07-07T21:56:20
덕신이피씨,00454937,090410,KOSDAQ,연간x연결,상단,DS-8,PASS,,,2026-07-07T21:56:20
덕신이피씨,00454937,090410,KOSDAQ,연간x연결,상단,DS-7,PASS,"badges seen: ['✅', '🔎', '⚠']",,2026-07-07T21:56:20
덕신이피씨,00454937,090410,KOSDAQ,연간x연결,재무제표,CV-3,PASS,rows=29 cols=15 slider_extended=True,,2026-07-07T21:56:20
덕신이피씨,00454937,090410,KOSDAQ,연간x연결,재무제표,DS-2/DS-3,DONE,"cross-check completed for ['매출액', '영업이익']",,2026-07-07T21:56:20
덕신이피씨,00454937,090410,KOSDAQ,연간x연결,지표,CV-6,PASS,default metric selection visible,,2026-07-07T21:56:20
덕신이피씨,00454937,090410,KOSDAQ,연간x별도,재무제표,DS-1,PASS,,,2026-07-07T21:56:25
덕신이피씨,00454937,090410,KOSDAQ,연간x별도,상단,DS-8,PASS,,,2026-07-07T21:56:25
덕신이피씨,00454937,090410,KOSDAQ,연간x별도,상단,DS-7,PASS,"badges seen: ['✅', '🔎', '⚠']",,2026-07-07T21:56:25
덕신이피씨,00454937,090410,KOSDAQ,연간x별도,재무제표,CV-3,PASS,rows=29 cols=16 slider_extended=True,,2026-07-07T21:56:25
덕신이피씨,00454937,090410,KOSDAQ,연간x별도,재무제표,DS-2/DS-3,DONE,"cross-check completed for ['매출액', '영업이익']",,2026-07-07T21:56:25
덕신이피씨,00454937,090410,KOSDAQ,연간x별도,지표,CV-6,PASS,default metric selection visible,,2026-07-07T21:56:25
덕신이피씨,00454937,090410,KOSDAQ,분기x연결,재무제표,DS-1,PASS,,,2026-07-07T21:56:32
덕신이피씨,00454937,090410,KOSDAQ,분기x연결,상단,DS-8,PASS,,,2026-07-07T21:56:32
덕신이피씨,00454937,090410,KOSDAQ,분기x연결,상단,DS-7,PASS,"badges seen: ['✅', '🔎']",,2026-07-07T21:56:32
덕신이피씨,00454937,090410,KOSDAQ,분기x연결,재무제표,CV-3,PASS,rows=29 cols=52 slider_extended=True,,2026-07-07T21:56:32
덕신이피씨,00454937,090410,KOSDAQ,분기x연결,재무제표,DS-2/DS-3,DONE,"cross-check completed for ['매출액', '영업이익']",,2026-07-07T21:56:32
덕신이피씨,00454937,090410,KOSDAQ,분기x연결,지표,CV-6,PASS,default metric selection visible,,2026-07-07T21:56:32
덕신이피씨,00454937,090410,KOSDAQ,분기x별도,재무제표,DS-1,PASS,,,2026-07-07T21:56:39
덕신이피씨,00454937,090410,KOSDAQ,분기x별도,상단,DS-8,PASS,,,2026-07-07T21:56:39
덕신이피씨,00454937,090410,KOSDAQ,분기x별도,상단,DS-7,PASS,"badges seen: ['✅', '🔎']",,2026-07-07T21:56:39
덕신이피씨,00454937,090410,KOSDAQ,분기x별도,재무제표,CV-3,PASS,rows=29 cols=54 slider_extended=True,,2026-07-07T21:56:39
덕신이피씨,00454937,090410,KOSDAQ,분기x별도,재무제표,DS-2/DS-3,DONE,"cross-check completed for ['매출액', '영업이익']",,2026-07-07T21:56:39
덕신이피씨,00454937,090410,KOSDAQ,분기x별도,지표,CV-6,PASS,default metric selection visible,,2026-07-07T21:56:39
덕양에너젠,01516933,0001A0,KOSDAQ,연간x연결,재무제표,DS-1,PASS,,,2026-07-07T21:56:52
덕양에너젠,01516933,0001A0,KOSDAQ,연간x연결,상단,DS-8,PASS,,,2026-07-07T21:56:52
덕양에너젠,01516933,0001A0,KOSDAQ,연간x연결,상단,DS-7,PASS,"badges seen: ['✅', '🔎']",,2026-07-07T21:56:52
덕양에너젠,01516933,0001A0,KOSDAQ,연간x연결,재무제표,CV-3,PASS,rows=29 cols=5 slider_extended=True,,2026-07-07T21:56:52
덕양에너젠,01516933,0001A0,KOSDAQ,연간x연결,재무제표,DS-2/DS-3,DONE,"cross-check completed for ['매출액', '영업이익']",,2026-07-07T21:56:52
덕양에너젠,01516933,0001A0,KOSDAQ,연간x연결,지표,CV-6,PASS,default metric selection visible,,2026-07-07T21:56:52
덕양에너젠,01516933,0001A0,KOSDAQ,연간x별도,재무제표,DS-1,PASS,,,2026-07-07T21:56:57
덕양에너젠,01516933,0001A0,KOSDAQ,연간x별도,상단,DS-8,PASS,,,2026-07-07T21:56:57
덕양에너젠,01516933,0001A0,KOSDAQ,연간x별도,상단,DS-7,PASS,"badges seen: ['✅', '🔎']",,2026-07-07T21:56:57
덕양에너젠,01516933,0001A0,KOSDAQ,연간x별도,재무제표,CV-3,PASS,rows=29 cols=5 slider_extended=True,,2026-07-07T21:56:57
덕양에너젠,01516933,0001A0,KOSDAQ,연간x별도,재무제표,DS-2/DS-3,DONE,"cross-check completed for ['매출액', '영업이익']",,2026-07-07T21:56:57
덕양에너젠,01516933,0001A0,KOSDAQ,연간x별도,지표,CV-6,PASS,default metric selection visible,,2026-07-07T21:56:57
덕양에너젠,01516933,0001A0,KOSDAQ,분기x연결,재무제표,DS-1,PASS,,,2026-07-07T21:57:03
덕양에너젠,01516933,0001A0,KOSDAQ,분기x연결,상단,DS-8,PASS,,,2026-07-07T21:57:03
덕양에너젠,01516933,0001A0,KOSDAQ,분기x연결,상단,DS-7,PASS,"badges seen: ['✅', '🔎']",,2026-07-07T21:57:03
덕양에너젠,01516933,0001A0,KOSDAQ,분기x연결,재무제표,CV-3,PASS,rows=29 cols=4 slider_extended=True,,2026-07-07T21:57:03
덕양에너젠,01516933,0001A0,KOSDAQ,분기x연결,재무제표,DS-2/DS-3,DONE,"cross-check completed for ['매출액', '영업이익']",,2026-07-07T21:57:03
덕양에너젠,01516933,0001A0,KOSDAQ,분기x연결,지표,CV-6,PASS,default metric selection visible,,2026-07-07T21:57:03
덕양에너젠,01516933,0001A0,KOSDAQ,분기x별도,재무제표,DS-1,PASS,,,2026-07-07T21:57:10
덕양에너젠,01516933,0001A0,KOSDAQ,분기x별도,상단,DS-8,PASS,,,2026-07-07T21:57:10
덕양에너젠,01516933,0001A0,KOSDAQ,분기x별도,상단,DS-7,PASS,"badges seen: ['✅', '🔎']",,2026-07-07T21:57:10
덕양에너젠,01516933,0001A0,KOSDAQ,분기x별도,재무제표,CV-3,PASS,rows=29 cols=4 slider_extended=True,,2026-07-07T21:57:10
덕양에너젠,01516933,0001A0,KOSDAQ,분기x별도,재무제표,DS-2/DS-3,DONE,"cross-check completed for ['매출액', '영업이익']",,2026-07-07T21:57:10
덕양에너젠,01516933,0001A0,KOSDAQ,분기x별도,지표,CV-6,PASS,default metric selection visible,,2026-07-07T21:57:10
덕우전자,00571298,263600,KOSDAQ,연간x연결,재무제표,DS-1,PASS,,,2026-07-07T21:57:24
덕우전자,00571298,263600,KOSDAQ,연간x연결,상단,DS-8,PASS,,,2026-07-07T21:57:24
덕우전자,00571298,263600,KOSDAQ,연간x연결,상단,DS-7,PASS,"badges seen: ['✅', '🔎', '⚠']",,2026-07-07T21:57:24
덕우전자,00571298,263600,KOSDAQ,연간x연결,재무제표,CV-3,PASS,rows=29 cols=13 slider_extended=True,,2026-07-07T21:57:24
덕우전자,00571298,263600,KOSDAQ,연간x연결,재무제표,DS-2/DS-3,DONE,"cross-check completed for ['매출액', '영업이익']",,2026-07-07T21:57:24
덕우전자,00571298,263600,KOSDAQ,연간x연결,지표,CV-6,PASS,default metric selection visible,,2026-07-07T21:57:24
덕우전자,00571298,263600,KOSDAQ,연간x별도,재무제표,DS-1,PASS,,,2026-07-07T21:57:29
덕우전자,00571298,263600,KOSDAQ,연간x별도,상단,DS-8,PASS,,,2026-07-07T21:57:29
덕우전자,00571298,263600,KOSDAQ,연간x별도,상단,DS-7,PASS,"badges seen: ['✅', '🔎', '⚠']",,2026-07-07T21:57:29
덕우전자,00571298,263600,KOSDAQ,연간x별도,재무제표,CV-3,PASS,rows=29 cols=13 slider_extended=True,,2026-07-07T21:57:29
덕우전자,00571298,263600,KOSDAQ,연간x별도,재무제표,DS-2/DS-3,DONE,"cross-check completed for ['매출액', '영업이익']",,2026-07-07T21:57:29
덕우전자,00571298,263600,KOSDAQ,연간x별도,지표,CV-6,PASS,default metric selection visible,,2026-07-07T21:57:29
덕우전자,00571298,263600,KOSDAQ,분기x연결,재무제표,DS-1,PASS,,,2026-07-07T21:57:35
덕우전자,00571298,263600,KOSDAQ,분기x연결,상단,DS-8,PASS,,,2026-07-07T21:57:35
덕우전자,00571298,263600,KOSDAQ,분기x연결,상단,DS-7,PASS,"badges seen: ['✅', '🔎', '⚠']",,2026-07-07T21:57:35
덕우전자,00571298,263600,KOSDAQ,분기x연결,재무제표,CV-3,PASS,rows=29 cols=41 slider_extended=True,,2026-07-07T21:57:35
덕우전자,00571298,263600,KOSDAQ,분기x연결,재무제표,DS-2/DS-3,DONE,"cross-check completed for ['매출액', '영업이익']",,2026-07-07T21:57:35
덕우전자,00571298,263600,KOSDAQ,분기x연결,지표,CV-6,PASS,default metric selection visible,,2026-07-07T21:57:35
덕우전자,00571298,263600,KOSDAQ,분기x별도,재무제표,DS-1,PASS,,,2026-07-07T21:57:43
덕우전자,00571298,263600,KOSDAQ,분기x별도,상단,DS-8,PASS,,,2026-07-07T21:57:43
덕우전자,00571298,263600,KOSDAQ,분기x별도,상단,DS-7,PASS,"badges seen: ['✅', '🔎', '⚠']",,2026-07-07T21:57:43
덕우전자,00571298,263600,KOSDAQ,분기x별도,재무제표,CV-3,PASS,rows=29 cols=41 slider_extended=True,,2026-07-07T21:57:43
덕우전자,00571298,263600,KOSDAQ,분기x별도,재무제표,DS-2/DS-3,DONE,"cross-check completed for ['매출액', '영업이익']",,2026-07-07T21:57:43
덕우전자,00571298,263600,KOSDAQ,분기x별도,지표,CV-6,PASS,default metric selection visible,,2026-07-07T21:57:43
데브시스터즈,01008762,194480,KOSDAQ,연간x연결,재무제표,DS-1,PASS,,,2026-07-07T21:57:56
데브시스터즈,01008762,194480,KOSDAQ,연간x연결,상단,DS-8,PASS,,,2026-07-07T21:57:56
데브시스터즈,01008762,194480,KOSDAQ,연간x연결,상단,DS-7,PASS,"badges seen: ['✅', '🔎', '⚠']",,2026-07-07T21:57:56
데브시스터즈,01008762,194480,KOSDAQ,연간x연결,재무제표,CV-3,PASS,rows=29 cols=15 slider_extended=True,,2026-07-07T21:57:56
데브시스터즈,01008762,194480,KOSDAQ,연간x연결,재무제표,DS-2/DS-3,DONE,"cross-check completed for ['매출액', '영업이익']",,2026-07-07T21:57:56
데브시스터즈,01008762,194480,KOSDAQ,연간x연결,지표,CV-6,PASS,default metric selection visible,,2026-07-07T21:57:56
데브시스터즈,01008762,194480,KOSDAQ,연간x별도,재무제표,DS-1,PASS,,,2026-07-07T21:58:02
데브시스터즈,01008762,194480,KOSDAQ,연간x별도,상단,DS-8,PASS,,,2026-07-07T21:58:02
데브시스터즈,01008762,194480,KOSDAQ,연간x별도,상단,DS-7,PASS,"badges seen: ['✅', '🔎', '⚠']",,2026-07-07T21:58:02
데브시스터즈,01008762,194480,KOSDAQ,연간x별도,재무제표,CV-3,PASS,rows=29 cols=16 slider_extended=True,,2026-07-07T21:58:02
데브시스터즈,01008762,194480,KOSDAQ,연간x별도,재무제표,DS-2/DS-3,DONE,"cross-check completed for ['매출액', '영업이익']",,2026-07-07T21:58:02
데브시스터즈,01008762,194480,KOSDAQ,연간x별도,지표,CV-6,PASS,default metric selection visible,,2026-07-07T21:58:02
데브시스터즈,01008762,194480,KOSDAQ,분기x연결,재무제표,DS-1,PASS,,,2026-07-07T21:58:08
데브시스터즈,01008762,194480,KOSDAQ,분기x연결,상단,DS-8,PASS,,,2026-07-07T21:58:08
데브시스터즈,01008762,194480,KOSDAQ,분기x연결,상단,DS-7,PASS,"badges seen: ['✅', '🔎']",,2026-07-07T21:58:08
데브시스터즈,01008762,194480,KOSDAQ,분기x연결,재무제표,CV-3,PASS,rows=29 cols=52 slider_extended=True,,2026-07-07T21:58:08
데브시스터즈,01008762,194480,KOSDAQ,분기x연결,재무제표,DS-2/DS-3,DONE,"cross-check completed for ['매출액', '영업이익']",,2026-07-07T21:58:08
데브시스터즈,01008762,194480,KOSDAQ,분기x연결,지표,CV-6,PASS,default metric selection visible,,2026-07-07T21:58:08
데브시스터즈,01008762,194480,KOSDAQ,분기x별도,재무제표,DS-1,PASS,,,2026-07-07T21:58:16
데브시스터즈,01008762,194480,KOSDAQ,분기x별도,상단,DS-8,PASS,,,2026-07-07T21:58:16
데브시스터즈,01008762,194480,KOSDAQ,분기x별도,상단,DS-7,PASS,"badges seen: ['✅', '🔎']",,2026-07-07T21:58:16
데브시스터즈,01008762,194480,KOSDAQ,분기x별도,재무제표,CV-3,PASS,rows=29 cols=54 slider_extended=True,,2026-07-07T21:58:16
데브시스터즈,01008762,194480,KOSDAQ,분기x별도,재무제표,DS-2/DS-3,DONE,"cross-check completed for ['매출액', '영업이익']",,2026-07-07T21:58:16
데브시스터즈,01008762,194480,KOSDAQ,분기x별도,지표,CV-6,PASS,default metric selection visible,,2026-07-07T21:58:16
데이원컴퍼니,01455492,373160,KOSDAQ,연간x연결,재무제표,DS-1,PASS,,,2026-07-07T21:58:29
데이원컴퍼니,01455492,373160,KOSDAQ,연간x연결,상단,DS-8,PASS,,,2026-07-07T21:58:29
데이원컴퍼니,01455492,373160,KOSDAQ,연간x연결,상단,DS-7,PASS,"badges seen: ['✅', '🔎']",,2026-07-07T21:58:29
데이원컴퍼니,01455492,373160,KOSDAQ,연간x연결,재무제표,CV-3,PASS,rows=29 cols=6 slider_extended=True,,2026-07-07T21:58:29
데이원컴퍼니,01455492,373160,KOSDAQ,연간x연결,재무제표,DS-2/DS-3,DONE,"cross-check completed for ['매출액', '영업이익']",,2026-07-07T21:58:29
데이원컴퍼니,01455492,373160,KOSDAQ,연간x연결,지표,CV-6,PASS,default metric selection visible,,2026-07-07T21:58:29
데이원컴퍼니,01455492,373160,KOSDAQ,연간x별도,재무제표,DS-1,PASS,,,2026-07-07T21:58:34
데이원컴퍼니,01455492,373160,KOSDAQ,연간x별도,상단,DS-8,PASS,,,2026-07-07T21:58:34
데이원컴퍼니,01455492,373160,KOSDAQ,연간x별도,상단,DS-7,PASS,"badges seen: ['✅', '🔎']",,2026-07-07T21:58:34
데이원컴퍼니,01455492,373160,KOSDAQ,연간x별도,재무제표,CV-3,PASS,rows=29 cols=6 slider_extended=True,,2026-07-07T21:58:34
데이원컴퍼니,01455492,373160,KOSDAQ,연간x별도,재무제표,DS-2/DS-3,DONE,"cross-check completed for ['매출액', '영업이익']",,2026-07-07T21:58:34
데이원컴퍼니,01455492,373160,KOSDAQ,연간x별도,지표,CV-6,PASS,default metric selection visible,,2026-07-07T21:58:34
데이원컴퍼니,01455492,373160,KOSDAQ,분기x연결,재무제표,DS-1,PASS,,,2026-07-07T21:58:40
데이원컴퍼니,01455492,373160,KOSDAQ,분기x연결,상단,DS-8,PASS,,,2026-07-07T21:58:40
데이원컴퍼니,01455492,373160,KOSDAQ,분기x연결,상단,DS-7,PASS,"badges seen: ['✅', '🔎']",,2026-07-07T21:58:40
데이원컴퍼니,01455492,373160,KOSDAQ,분기x연결,재무제표,CV-3,PASS,rows=29 cols=11 slider_extended=True,,2026-07-07T21:58:40
데이원컴퍼니,01455492,373160,KOSDAQ,분기x연결,재무제표,DS-2/DS-3,DONE,"cross-check completed for ['매출액', '영업이익']",,2026-07-07T21:58:40
데이원컴퍼니,01455492,373160,KOSDAQ,분기x연결,지표,CV-6,PASS,default metric selection visible,,2026-07-07T21:58:40
데이원컴퍼니,01455492,373160,KOSDAQ,분기x별도,재무제표,DS-1,PASS,,,2026-07-07T21:58:48
데이원컴퍼니,01455492,373160,KOSDAQ,분기x별도,상단,DS-8,PASS,,,2026-07-07T21:58:48
데이원컴퍼니,01455492,373160,KOSDAQ,분기x별도,상단,DS-7,PASS,"badges seen: ['✅', '🔎']",,2026-07-07T21:58:48
데이원컴퍼니,01455492,373160,KOSDAQ,분기x별도,재무제표,CV-3,PASS,rows=29 cols=11 slider_extended=True,,2026-07-07T21:58:48
데이원컴퍼니,01455492,373160,KOSDAQ,분기x별도,재무제표,DS-2/DS-3,DONE,"cross-check completed for ['매출액', '영업이익']",,2026-07-07T21:58:48
데이원컴퍼니,01455492,373160,KOSDAQ,분기x별도,지표,CV-6,PASS,default metric selection visible,,2026-07-07T21:58:48
데이타솔루션,00877819,263800,KOSDAQ,연간x연결,재무제표,DS-1,PASS,,,2026-07-07T21:59:01
데이타솔루션,00877819,263800,KOSDAQ,연간x연결,상단,DS-8,PASS,,,2026-07-07T21:59:01
데이타솔루션,00877819,263800,KOSDAQ,연간x연결,상단,DS-4,PASS,substitution caption present,,2026-07-07T21:59:01
데이타솔루션,00877819,263800,KOSDAQ,연간x연결,상단,DS-7,PASS,"badges seen: ['✅', '🔎', '⚠']",,2026-07-07T21:59:01
데이타솔루션,00877819,263800,KOSDAQ,연간x연결,재무제표,CV-3,PASS,rows=29 cols=13 slider_extended=True,,2026-07-07T21:59:01
데이타솔루션,00877819,263800,KOSDAQ,연간x연결,재무제표,DS-2/DS-3,DONE,"cross-check completed for ['매출액', '영업이익']",,2026-07-07T21:59:01
데이타솔루션,00877819,263800,KOSDAQ,연간x연결,지표,CV-6,PASS,default metric selection visible,,2026-07-07T21:59:01
데이타솔루션,00877819,263800,KOSDAQ,연간x별도,재무제표,DS-1,PASS,,,2026-07-07T21:59:06
데이타솔루션,00877819,263800,KOSDAQ,연간x별도,상단,DS-8,PASS,,,2026-07-07T21:59:06
데이타솔루션,00877819,263800,KOSDAQ,연간x별도,상단,DS-7,PASS,"badges seen: ['✅', '🔎', '⚠']",,2026-07-07T21:59:06
데이타솔루션,00877819,263800,KOSDAQ,연간x별도,재무제표,CV-3,PASS,rows=29 cols=13 slider_extended=True,,2026-07-07T21:59:06
데이타솔루션,00877819,263800,KOSDAQ,연간x별도,재무제표,DS-2/DS-3,DONE,"cross-check completed for ['매출액', '영업이익']",,2026-07-07T21:59:06
데이타솔루션,00877819,263800,KOSDAQ,연간x별도,지표,CV-6,PASS,default metric selection visible,,2026-07-07T21:59:06
데이타솔루션,00877819,263800,KOSDAQ,분기x연결,재무제표,DS-1,PASS,,,2026-07-07T21:59:12
데이타솔루션,00877819,263800,KOSDAQ,분기x연결,상단,DS-8,PASS,,,2026-07-07T21:59:12
데이타솔루션,00877819,263800,KOSDAQ,분기x연결,상단,DS-4,PASS,substitution caption present,,2026-07-07T21:59:12
데이타솔루션,00877819,263800,KOSDAQ,분기x연결,상단,DS-7,PASS,"badges seen: ['✅', '🔎', '⚠']",,2026-07-07T21:59:12
데이타솔루션,00877819,263800,KOSDAQ,분기x연결,재무제표,CV-3,PASS,rows=29 cols=41 slider_extended=True,,2026-07-07T21:59:12
데이타솔루션,00877819,263800,KOSDAQ,분기x연결,재무제표,DS-2/DS-3,DONE,"cross-check completed for ['매출액', '영업이익']",,2026-07-07T21:59:12
데이타솔루션,00877819,263800,KOSDAQ,분기x연결,지표,CV-6,PASS,default metric selection visible,,2026-07-07T21:59:12
데이타솔루션,00877819,263800,KOSDAQ,분기x별도,재무제표,DS-1,PASS,,,2026-07-07T21:59:19
데이타솔루션,00877819,263800,KOSDAQ,분기x별도,상단,DS-8,PASS,,,2026-07-07T21:59:19
데이타솔루션,00877819,263800,KOSDAQ,분기x별도,상단,DS-7,PASS,"badges seen: ['✅', '🔎', '⚠']",,2026-07-07T21:59:19
데이타솔루션,00877819,263800,KOSDAQ,분기x별도,재무제표,CV-3,PASS,rows=29 cols=41 slider_extended=True,,2026-07-07T21:59:19
데이타솔루션,00877819,263800,KOSDAQ,분기x별도,재무제표,DS-2/DS-3,DONE,"cross-check completed for ['매출액', '영업이익']",,2026-07-07T21:59:19
데이타솔루션,00877819,263800,KOSDAQ,분기x별도,지표,CV-6,PASS,default metric selection visible,,2026-07-07T21:59:19
덱스터,01021949,206560,KOSDAQ,연간x연결,재무제표,DS-1,PASS,,,2026-07-07T21:59:33
덱스터,01021949,206560,KOSDAQ,연간x연결,상단,DS-8,PASS,,,2026-07-07T21:59:33
덱스터,01021949,206560,KOSDAQ,연간x연결,상단,DS-7,PASS,"badges seen: ['✅', '🔎']",,2026-07-07T21:59:33
덱스터,01021949,206560,KOSDAQ,연간x연결,재무제표,CV-3,PASS,rows=29 cols=15 slider_extended=True,,2026-07-07T21:59:33
덱스터,01021949,206560,KOSDAQ,연간x연결,재무제표,DS-2/DS-3,DONE,"cross-check completed for ['매출액', '영업이익']",,2026-07-07T21:59:33
덱스터,01021949,206560,KOSDAQ,연간x연결,지표,CV-6,PASS,default metric selection visible,,2026-07-07T21:59:33
덱스터,01021949,206560,KOSDAQ,연간x별도,재무제표,DS-1,PASS,,,2026-07-07T21:59:38
덱스터,01021949,206560,KOSDAQ,연간x별도,상단,DS-8,PASS,,,2026-07-07T21:59:38
덱스터,01021949,206560,KOSDAQ,연간x별도,상단,DS-7,PASS,"badges seen: ['✅', '🔎']",,2026-07-07T21:59:38
덱스터,01021949,206560,KOSDAQ,연간x별도,재무제표,CV-3,PASS,rows=29 cols=15 slider_extended=True,,2026-07-07T21:59:38
덱스터,01021949,206560,KOSDAQ,연간x별도,재무제표,DS-2/DS-3,DONE,"cross-check completed for ['매출액', '영업이익']",,2026-07-07T21:59:38
덱스터,01021949,206560,KOSDAQ,연간x별도,지표,CV-6,PASS,default metric selection visible,,2026-07-07T21:59:38
덱스터,01021949,206560,KOSDAQ,분기x연결,재무제표,DS-1,PASS,,,2026-07-07T21:59:44
덱스터,01021949,206560,KOSDAQ,분기x연결,상단,DS-8,PASS,,,2026-07-07T21:59:44
덱스터,01021949,206560,KOSDAQ,분기x연결,상단,DS-7,PASS,"badges seen: ['✅', '🔎']",,2026-07-07T21:59:44
덱스터,01021949,206560,KOSDAQ,분기x연결,재무제표,CV-3,PASS,rows=29 cols=51 slider_extended=True,,2026-07-07T21:59:44
덱스터,01021949,206560,KOSDAQ,분기x연결,재무제표,DS-2/DS-3,DONE,"cross-check completed for ['매출액', '영업이익']",,2026-07-07T21:59:44
덱스터,01021949,206560,KOSDAQ,분기x연결,지표,CV-6,PASS,default metric selection visible,,2026-07-07T21:59:44
덱스터,01021949,206560,KOSDAQ,분기x별도,재무제표,DS-1,PASS,,,2026-07-07T21:59:51
덱스터,01021949,206560,KOSDAQ,분기x별도,상단,DS-8,PASS,,,2026-07-07T21:59:51
덱스터,01021949,206560,KOSDAQ,분기x별도,상단,DS-7,PASS,"badges seen: ['✅', '🔎']",,2026-07-07T21:59:51
덱스터,01021949,206560,KOSDAQ,분기x별도,재무제표,CV-3,PASS,rows=29 cols=14 slider_extended=True,,2026-07-07T21:59:51
덱스터,01021949,206560,KOSDAQ,분기x별도,재무제표,DS-2/DS-3,DONE,"cross-check completed for ['매출액', '영업이익']",,2026-07-07T21:59:51
덱스터,01021949,206560,KOSDAQ,분기x별도,지표,CV-6,PASS,default metric selection visible,,2026-07-07T21:59:51
덴티스,01187494,261200,KOSDAQ,연간x연결,재무제표,DS-1,PASS,,,2026-07-07T22:00:05
덴티스,01187494,261200,KOSDAQ,연간x연결,상단,DS-8,PASS,,,2026-07-07T22:00:05
덴티스,01187494,261200,KOSDAQ,연간x연결,상단,DS-7,PASS,"badges seen: ['✅', '🔎', '⚠']",,2026-07-07T22:00:05
덴티스,01187494,261200,KOSDAQ,연간x연결,재무제표,CV-3,PASS,rows=29 cols=10 slider_extended=True,,2026-07-07T22:00:05
덴티스,01187494,261200,KOSDAQ,연간x연결,재무제표,DS-2/DS-3,DONE,"cross-check completed for ['매출액', '영업이익']",,2026-07-07T22:00:05
덴티스,01187494,261200,KOSDAQ,연간x연결,지표,CV-6,PASS,default metric selection visible,,2026-07-07T22:00:05
덴티스,01187494,261200,KOSDAQ,연간x별도,재무제표,DS-1,PASS,,,2026-07-07T22:00:10
덴티스,01187494,261200,KOSDAQ,연간x별도,상단,DS-8,PASS,,,2026-07-07T22:00:10
덴티스,01187494,261200,KOSDAQ,연간x별도,상단,DS-7,PASS,"badges seen: ['✅', '🔎', '⚠']",,2026-07-07T22:00:10
덴티스,01187494,261200,KOSDAQ,연간x별도,재무제표,CV-3,PASS,rows=29 cols=12 slider_extended=True,,2026-07-07T22:00:10
덴티스,01187494,261200,KOSDAQ,연간x별도,재무제표,DS-2/DS-3,DONE,"cross-check completed for ['매출액', '영업이익']",,2026-07-07T22:00:10
덴티스,01187494,261200,KOSDAQ,연간x별도,지표,CV-6,PASS,default metric selection visible,,2026-07-07T22:00:10
덴티스,01187494,261200,KOSDAQ,분기x연결,재무제표,DS-1,PASS,,,2026-07-07T22:00:16
덴티스,01187494,261200,KOSDAQ,분기x연결,상단,DS-8,PASS,,,2026-07-07T22:00:16
덴티스,01187494,261200,KOSDAQ,분기x연결,상단,DS-7,PASS,"badges seen: ['✅', '🔎']",,2026-07-07T22:00:16
덴티스,01187494,261200,KOSDAQ,분기x연결,재무제표,CV-3,PASS,rows=29 cols=31 slider_extended=True,,2026-07-07T22:00:16
덴티스,01187494,261200,KOSDAQ,분기x연결,재무제표,DS-2/DS-3,DONE,"cross-check completed for ['매출액', '영업이익']",,2026-07-07T22:00:16
덴티스,01187494,261200,KOSDAQ,분기x연결,지표,CV-6,PASS,default metric selection visible,,2026-07-07T22:00:16
덴티스,01187494,261200,KOSDAQ,분기x별도,재무제표,DS-1,PASS,,,2026-07-07T22:00:23
덴티스,01187494,261200,KOSDAQ,분기x별도,상단,DS-8,PASS,,,2026-07-07T22:00:23
덴티스,01187494,261200,KOSDAQ,분기x별도,상단,DS-7,PASS,"badges seen: ['✅', '🔎']",,2026-07-07T22:00:23
덴티스,01187494,261200,KOSDAQ,분기x별도,재무제표,CV-3,PASS,rows=29 cols=39 slider_extended=True,,2026-07-07T22:00:23
덴티스,01187494,261200,KOSDAQ,분기x별도,재무제표,DS-2/DS-3,DONE,"cross-check completed for ['매출액', '영업이익']",,2026-07-07T22:00:23
덴티스,01187494,261200,KOSDAQ,분기x별도,지표,CV-6,PASS,default metric selection visible,,2026-07-07T22:00:23
도우인시스,01380578,484120,KOSDAQ,연간x연결,재무제표,DS-1,PASS,,,2026-07-07T22:00:37
도우인시스,01380578,484120,KOSDAQ,연간x연결,상단,DS-8,PASS,,,2026-07-07T22:00:37
도우인시스,01380578,484120,KOSDAQ,연간x연결,상단,DS-7,PASS,"badges seen: ['✅', '🔎']",,2026-07-07T22:00:37
도우인시스,01380578,484120,KOSDAQ,연간x연결,재무제표,CV-3,PASS,rows=29 cols=5 slider_extended=True,,2026-07-07T22:00:37
도우인시스,01380578,484120,KOSDAQ,연간x연결,재무제표,DS-2/DS-3,DONE,"cross-check completed for ['매출액', '영업이익']",,2026-07-07T22:00:37
도우인시스,01380578,484120,KOSDAQ,연간x연결,지표,CV-6,PASS,default metric selection visible,,2026-07-07T22:00:37
도우인시스,01380578,484120,KOSDAQ,연간x별도,재무제표,DS-1,PASS,,,2026-07-07T22:00:42
도우인시스,01380578,484120,KOSDAQ,연간x별도,상단,DS-8,PASS,,,2026-07-07T22:00:42
도우인시스,01380578,484120,KOSDAQ,연간x별도,상단,DS-7,PASS,"badges seen: ['✅', '🔎']",,2026-07-07T22:00:42
도우인시스,01380578,484120,KOSDAQ,연간x별도,재무제표,CV-3,PASS,rows=29 cols=5 slider_extended=True,,2026-07-07T22:00:42
도우인시스,01380578,484120,KOSDAQ,연간x별도,재무제표,DS-2/DS-3,DONE,"cross-check completed for ['매출액', '영업이익']",,2026-07-07T22:00:42
도우인시스,01380578,484120,KOSDAQ,연간x별도,지표,CV-6,PASS,default metric selection visible,,2026-07-07T22:00:42
도우인시스,01380578,484120,KOSDAQ,분기x연결,재무제표,DS-1,PASS,,,2026-07-07T22:00:48
도우인시스,01380578,484120,KOSDAQ,분기x연결,상단,DS-8,PASS,,,2026-07-07T22:00:48
도우인시스,01380578,484120,KOSDAQ,분기x연결,상단,DS-7,PASS,"badges seen: ['✅', '🔎']",,2026-07-07T22:00:48
도우인시스,01380578,484120,KOSDAQ,분기x연결,재무제표,CV-3,PASS,rows=29 cols=9 slider_extended=True,,2026-07-07T22:00:48
도우인시스,01380578,484120,KOSDAQ,분기x연결,재무제표,DS-2/DS-3,DONE,"cross-check completed for ['매출액', '영업이익']",,2026-07-07T22:00:48
도우인시스,01380578,484120,KOSDAQ,분기x연결,지표,CV-6,PASS,default metric selection visible,,2026-07-07T22:00:48
도우인시스,01380578,484120,KOSDAQ,분기x별도,재무제표,DS-1,PASS,,,2026-07-07T22:00:55
도우인시스,01380578,484120,KOSDAQ,분기x별도,상단,DS-8,PASS,,,2026-07-07T22:00:55
도우인시스,01380578,484120,KOSDAQ,분기x별도,상단,DS-7,PASS,"badges seen: ['✅', '🔎']",,2026-07-07T22:00:55
도우인시스,01380578,484120,KOSDAQ,분기x별도,재무제표,CV-3,PASS,rows=29 cols=9 slider_extended=True,,2026-07-07T22:00:55
도우인시스,01380578,484120,KOSDAQ,분기x별도,재무제표,DS-2/DS-3,DONE,"cross-check completed for ['매출액', '영업이익']",,2026-07-07T22:00:55
도우인시스,01380578,484120,KOSDAQ,분기x별도,지표,CV-6,PASS,default metric selection visible,,2026-07-07T22:00:55
도이치모터스,00449379,067990,KOSDAQ,연간x연결,재무제표,DS-1,PASS,,,2026-07-07T22:01:09
도이치모터스,00449379,067990,KOSDAQ,연간x연결,상단,DS-8,PASS,,,2026-07-07T22:01:09
도이치모터스,00449379,067990,KOSDAQ,연간x연결,상단,DS-7,PASS,"badges seen: ['✅', '🔎', '⚠']",,2026-07-07T22:01:09
도이치모터스,00449379,067990,KOSDAQ,연간x연결,재무제표,CV-3,PASS,rows=29 cols=19 slider_extended=True,,2026-07-07T22:01:09
도이치모터스,00449379,067990,KOSDAQ,연간x연결,재무제표,DS-2/DS-3,DONE,"cross-check completed for ['매출액', '영업이익']",,2026-07-07T22:01:09
도이치모터스,00449379,067990,KOSDAQ,연간x연결,지표,CV-6,PASS,default metric selection visible,,2026-07-07T22:01:09
도이치모터스,00449379,067990,KOSDAQ,연간x별도,재무제표,DS-1,PASS,,,2026-07-07T22:01:14
도이치모터스,00449379,067990,KOSDAQ,연간x별도,상단,DS-8,PASS,,,2026-07-07T22:01:14
도이치모터스,00449379,067990,KOSDAQ,연간x별도,상단,DS-7,PASS,"badges seen: ['✅', '🔎', '⚠']",,2026-07-07T22:01:14
도이치모터스,00449379,067990,KOSDAQ,연간x별도,재무제표,CV-3,PASS,rows=29 cols=24 slider_extended=True,,2026-07-07T22:01:14
도이치모터스,00449379,067990,KOSDAQ,연간x별도,재무제표,DS-2/DS-3,DONE,"cross-check completed for ['매출액', '영업이익']",,2026-07-07T22:01:14
도이치모터스,00449379,067990,KOSDAQ,연간x별도,지표,CV-6,PASS,default metric selection visible,,2026-07-07T22:01:14
도이치모터스,00449379,067990,KOSDAQ,분기x연결,재무제표,DS-1,PASS,,,2026-07-07T22:01:20
도이치모터스,00449379,067990,KOSDAQ,분기x연결,상단,DS-8,PASS,,,2026-07-07T22:01:20
도이치모터스,00449379,067990,KOSDAQ,분기x연결,상단,DS-7,PASS,"badges seen: ['✅', '🔎']",,2026-07-07T22:01:20
도이치모터스,00449379,067990,KOSDAQ,분기x연결,재무제표,CV-3,PASS,rows=29 cols=60 slider_extended=True,,2026-07-07T22:01:20
도이치모터스,00449379,067990,KOSDAQ,분기x연결,재무제표,DS-2/DS-3,DONE,"cross-check completed for ['매출액', '영업이익']",,2026-07-07T22:01:20
도이치모터스,00449379,067990,KOSDAQ,분기x연결,지표,CV-6,PASS,default metric selection visible,,2026-07-07T22:01:20
도이치모터스,00449379,067990,KOSDAQ,분기x별도,재무제표,DS-1,PASS,,,2026-07-07T22:01:27
도이치모터스,00449379,067990,KOSDAQ,분기x별도,상단,DS-8,PASS,,,2026-07-07T22:01:27
도이치모터스,00449379,067990,KOSDAQ,분기x별도,상단,DS-7,PASS,"badges seen: ['✅', '🔎']",,2026-07-07T22:01:27
도이치모터스,00449379,067990,KOSDAQ,분기x별도,재무제표,CV-3,PASS,rows=29 cols=79 slider_extended=True,,2026-07-07T22:01:27
도이치모터스,00449379,067990,KOSDAQ,분기x별도,재무제표,DS-2/DS-3,DONE,"cross-check completed for ['매출액', '영업이익']",,2026-07-07T22:01:27
도이치모터스,00449379,067990,KOSDAQ,분기x별도,지표,CV-6,PASS,default metric selection visible,,2026-07-07T22:01:27
동구바이오제약,00114686,006620,KOSDAQ,연간x연결,재무제표,DS-1,PASS,,,2026-07-07T22:01:41
동구바이오제약,00114686,006620,KOSDAQ,연간x연결,상단,DS-8,PASS,,,2026-07-07T22:01:41
동구바이오제약,00114686,006620,KOSDAQ,연간x연결,상단,DS-7,PASS,"badges seen: ['✅', '🔎', '⚠']",,2026-07-07T22:01:41
동구바이오제약,00114686,006620,KOSDAQ,연간x연결,재무제표,CV-3,PASS,rows=29 cols=12 slider_extended=True,,2026-07-07T22:01:41
동구바이오제약,00114686,006620,KOSDAQ,연간x연결,재무제표,DS-2/DS-3,DONE,"cross-check completed for ['매출액', '영업이익']",,2026-07-07T22:01:41
동구바이오제약,00114686,006620,KOSDAQ,연간x연결,지표,CV-6,PASS,default metric selection visible,,2026-07-07T22:01:41
동구바이오제약,00114686,006620,KOSDAQ,연간x별도,재무제표,DS-1,PASS,,,2026-07-07T22:01:46
동구바이오제약,00114686,006620,KOSDAQ,연간x별도,상단,DS-8,PASS,,,2026-07-07T22:01:46
동구바이오제약,00114686,006620,KOSDAQ,연간x별도,상단,DS-7,PASS,"badges seen: ['✅', '🔎', '⚠']",,2026-07-07T22:01:46
동구바이오제약,00114686,006620,KOSDAQ,연간x별도,재무제표,CV-3,PASS,rows=29 cols=13 slider_extended=True,,2026-07-07T22:01:46
동구바이오제약,00114686,006620,KOSDAQ,연간x별도,재무제표,DS-2/DS-3,DONE,"cross-check completed for ['매출액', '영업이익']",,2026-07-07T22:01:46
동구바이오제약,00114686,006620,KOSDAQ,연간x별도,지표,CV-6,PASS,default metric selection visible,,2026-07-07T22:01:46
동구바이오제약,00114686,006620,KOSDAQ,분기x연결,재무제표,DS-1,PASS,,,2026-07-07T22:01:52
동구바이오제약,00114686,006620,KOSDAQ,분기x연결,상단,DS-8,PASS,,,2026-07-07T22:01:52
동구바이오제약,00114686,006620,KOSDAQ,분기x연결,상단,DS-7,PASS,"badges seen: ['✅', '🔎']",,2026-07-07T22:01:52
동구바이오제약,00114686,006620,KOSDAQ,분기x연결,재무제표,CV-3,PASS,rows=29 cols=27 slider_extended=True,,2026-07-07T22:01:52
동구바이오제약,00114686,006620,KOSDAQ,분기x연결,재무제표,DS-2/DS-3,DONE,"cross-check completed for ['매출액', '영업이익']",,2026-07-07T22:01:52
동구바이오제약,00114686,006620,KOSDAQ,분기x연결,지표,CV-6,PASS,default metric selection visible,,2026-07-07T22:01:52
동구바이오제약,00114686,006620,KOSDAQ,분기x별도,재무제표,DS-1,PASS,,,2026-07-07T22:01:59
동구바이오제약,00114686,006620,KOSDAQ,분기x별도,상단,DS-8,PASS,,,2026-07-07T22:01:59
동구바이오제약,00114686,006620,KOSDAQ,분기x별도,상단,DS-7,PASS,"badges seen: ['✅', '🔎']",,2026-07-07T22:01:59
동구바이오제약,00114686,006620,KOSDAQ,분기x별도,재무제표,CV-3,PASS,rows=29 cols=40 slider_extended=True,,2026-07-07T22:01:59
동구바이오제약,00114686,006620,KOSDAQ,분기x별도,재무제표,DS-2/DS-3,DONE,"cross-check completed for ['매출액', '영업이익']",,2026-07-07T22:01:59
동구바이오제약,00114686,006620,KOSDAQ,분기x별도,지표,CV-6,PASS,default metric selection visible,,2026-07-07T22:01:59
동국산업,00172680,005160,KOSDAQ,연간x연결,재무제표,DS-1,PASS,,,2026-07-07T22:02:13
동국산업,00172680,005160,KOSDAQ,연간x연결,상단,DS-8,PASS,,,2026-07-07T22:02:13
동국산업,00172680,005160,KOSDAQ,연간x연결,상단,DS-7,PASS,"badges seen: ['✅', '🔎', '⚠']",,2026-07-07T22:02:13
동국산업,00172680,005160,KOSDAQ,연간x연결,재무제표,CV-3,PASS,rows=29 cols=19 slider_extended=True,,2026-07-07T22:02:13
동국산업,00172680,005160,KOSDAQ,연간x연결,재무제표,DS-2/DS-3,DONE,"cross-check completed for ['매출액', '영업이익']",,2026-07-07T22:02:13
동국산업,00172680,005160,KOSDAQ,연간x연결,지표,CV-6,PASS,default metric selection visible,,2026-07-07T22:02:13
동국산업,00172680,005160,KOSDAQ,연간x별도,재무제표,DS-1,PASS,,,2026-07-07T22:02:18
동국산업,00172680,005160,KOSDAQ,연간x별도,상단,DS-8,PASS,,,2026-07-07T22:02:18
동국산업,00172680,005160,KOSDAQ,연간x별도,상단,DS-7,PASS,"badges seen: ['✅', '🔎']",,2026-07-07T22:02:18
동국산업,00172680,005160,KOSDAQ,연간x별도,재무제표,CV-3,PASS,rows=29 cols=26 slider_extended=True,,2026-07-07T22:02:18
동국산업,00172680,005160,KOSDAQ,연간x별도,재무제표,DS-2/DS-3,DONE,"cross-check completed for ['매출액', '영업이익']",,2026-07-07T22:02:18
동국산업,00172680,005160,KOSDAQ,연간x별도,지표,CV-6,PASS,default metric selection visible,,2026-07-07T22:02:18
동국산업,00172680,005160,KOSDAQ,분기x연결,재무제표,DS-1,PASS,,,2026-07-07T22:02:24
동국산업,00172680,005160,KOSDAQ,분기x연결,상단,DS-8,PASS,,,2026-07-07T22:02:24
동국산업,00172680,005160,KOSDAQ,분기x연결,상단,DS-7,PASS,"badges seen: ['✅', '🔎']",,2026-07-07T22:02:24
동국산업,00172680,005160,KOSDAQ,분기x연결,재무제표,CV-3,PASS,rows=29 cols=62 slider_extended=True,,2026-07-07T22:02:24
동국산업,00172680,005160,KOSDAQ,분기x연결,재무제표,DS-2/DS-3,DONE,"cross-check completed for ['매출액', '영업이익']",,2026-07-07T22:02:24
동국산업,00172680,005160,KOSDAQ,분기x연결,지표,CV-6,PASS,default metric selection visible,,2026-07-07T22:02:24
동국산업,00172680,005160,KOSDAQ,분기x별도,재무제표,DS-1,PASS,,,2026-07-07T22:02:31
동국산업,00172680,005160,KOSDAQ,분기x별도,상단,DS-8,PASS,,,2026-07-07T22:02:31
동국산업,00172680,005160,KOSDAQ,분기x별도,상단,DS-7,PASS,"badges seen: ['✅', '🔎']",,2026-07-07T22:02:31
동국산업,00172680,005160,KOSDAQ,분기x별도,재무제표,CV-3,PASS,rows=29 cols=77 slider_extended=True,,2026-07-07T22:02:31
동국산업,00172680,005160,KOSDAQ,분기x별도,재무제표,DS-2/DS-3,DONE,"cross-check completed for ['매출액', '영업이익']",,2026-07-07T22:02:31
동국산업,00172680,005160,KOSDAQ,분기x별도,지표,CV-6,PASS,default metric selection visible,,2026-07-07T22:02:31
동국생명과학,01233465,303810,KOSDAQ,연간x연결,재무제표,DS-1,PASS,,,2026-07-07T22:02:45
동국생명과학,01233465,303810,KOSDAQ,연간x연결,상단,DS-8,PASS,,,2026-07-07T22:02:45
동국생명과학,01233465,303810,KOSDAQ,연간x연결,상단,DS-4,PASS,substitution caption present,,2026-07-07T22:02:45
동국생명과학,01233465,303810,KOSDAQ,연간x연결,상단,DS-7,PASS,"badges seen: ['✅', '🔎']",,2026-07-07T22:02:45
동국생명과학,01233465,303810,KOSDAQ,연간x연결,재무제표,CV-3,PASS,rows=29 cols=6 slider_extended=True,,2026-07-07T22:02:45
동국생명과학,01233465,303810,KOSDAQ,연간x연결,재무제표,DS-2/DS-3,DONE,"cross-check completed for ['매출액', '영업이익']",,2026-07-07T22:02:45
동국생명과학,01233465,303810,KOSDAQ,연간x연결,지표,CV-6,PASS,default metric selection visible,,2026-07-07T22:02:45
동국생명과학,01233465,303810,KOSDAQ,연간x별도,재무제표,DS-1,PASS,,,2026-07-07T22:02:50
동국생명과학,01233465,303810,KOSDAQ,연간x별도,상단,DS-8,PASS,,,2026-07-07T22:02:50
동국생명과학,01233465,303810,KOSDAQ,연간x별도,상단,DS-7,PASS,"badges seen: ['✅', '🔎']",,2026-07-07T22:02:50
동국생명과학,01233465,303810,KOSDAQ,연간x별도,재무제표,CV-3,PASS,rows=29 cols=6 slider_extended=True,,2026-07-07T22:02:50
동국생명과학,01233465,303810,KOSDAQ,연간x별도,재무제표,DS-2/DS-3,DONE,"cross-check completed for ['매출액', '영업이익']",,2026-07-07T22:02:50
동국생명과학,01233465,303810,KOSDAQ,연간x별도,지표,CV-6,PASS,default metric selection visible,,2026-07-07T22:02:50
동국생명과학,01233465,303810,KOSDAQ,분기x연결,재무제표,DS-1,PASS,,,2026-07-07T22:02:56
동국생명과학,01233465,303810,KOSDAQ,분기x연결,상단,DS-8,PASS,,,2026-07-07T22:02:56
동국생명과학,01233465,303810,KOSDAQ,분기x연결,상단,DS-4,PASS,substitution caption present,,2026-07-07T22:02:56
동국생명과학,01233465,303810,KOSDAQ,분기x연결,상단,DS-7,PASS,"badges seen: ['✅', '🔎']",,2026-07-07T22:02:56
동국생명과학,01233465,303810,KOSDAQ,분기x연결,재무제표,CV-3,PASS,rows=29 cols=11 slider_extended=True,,2026-07-07T22:02:56
동국생명과학,01233465,303810,KOSDAQ,분기x연결,재무제표,DS-2/DS-3,DONE,"cross-check completed for ['매출액', '영업이익']",,2026-07-07T22:02:56
동국생명과학,01233465,303810,KOSDAQ,분기x연결,지표,CV-6,FAIL,default metrics not found,,2026-07-07T22:02:56
동국생명과학,01233465,303810,KOSDAQ,분기x별도,재무제표,DS-1,PASS,,,2026-07-07T22:03:03
동국생명과학,01233465,303810,KOSDAQ,분기x별도,상단,DS-8,PASS,,,2026-07-07T22:03:03
동국생명과학,01233465,303810,KOSDAQ,분기x별도,상단,DS-7,PASS,"badges seen: ['✅', '🔎']",,2026-07-07T22:03:03
동국생명과학,01233465,303810,KOSDAQ,분기x별도,재무제표,CV-3,PASS,rows=29 cols=11 slider_extended=True,,2026-07-07T22:03:03
동국생명과학,01233465,303810,KOSDAQ,분기x별도,재무제표,DS-2/DS-3,DONE,"cross-check completed for ['매출액', '영업이익']",,2026-07-07T22:03:03
동국생명과학,01233465,303810,KOSDAQ,분기x별도,지표,CV-6,PASS,default metric selection visible,,2026-07-07T22:03:03
동국알앤에스,00472890,075970,KOSDAQ,연간x연결,재무제표,DS-1,PASS,,,2026-07-07T22:03:17
동국알앤에스,00472890,075970,KOSDAQ,연간x연결,상단,DS-8,PASS,,,2026-07-07T22:03:17
동국알앤에스,00472890,075970,KOSDAQ,연간x연결,상단,DS-7,PASS,"badges seen: ['✅', '🔎']",,2026-07-07T22:03:17
동국알앤에스,00472890,075970,KOSDAQ,연간x연결,재무제표,CV-3,PASS,rows=29 cols=19 slider_extended=True,,2026-07-07T22:03:17
동국알앤에스,00472890,075970,KOSDAQ,연간x연결,재무제표,DS-2/DS-3,DONE,"cross-check completed for ['매출액', '영업이익']",,2026-07-07T22:03:17
동국알앤에스,00472890,075970,KOSDAQ,연간x연결,지표,CV-6,PASS,default metric selection visible,,2026-07-07T22:03:17
동국알앤에스,00472890,075970,KOSDAQ,연간x별도,재무제표,DS-1,PASS,,,2026-07-07T22:03:22
동국알앤에스,00472890,075970,KOSDAQ,연간x별도,상단,DS-8,PASS,,,2026-07-07T22:03:22
동국알앤에스,00472890,075970,KOSDAQ,연간x별도,상단,DS-7,PASS,"badges seen: ['✅', '🔎', '⚠']",,2026-07-07T22:03:22
동국알앤에스,00472890,075970,KOSDAQ,연간x별도,재무제표,CV-3,PASS,rows=29 cols=23 slider_extended=True,,2026-07-07T22:03:22
동국알앤에스,00472890,075970,KOSDAQ,연간x별도,재무제표,DS-2/DS-3,DONE,"cross-check completed for ['매출액', '영업이익']",,2026-07-07T22:03:22
동국알앤에스,00472890,075970,KOSDAQ,연간x별도,지표,CV-6,PASS,default metric selection visible,,2026-07-07T22:03:22
동국알앤에스,00472890,075970,KOSDAQ,분기x연결,재무제표,DS-1,PASS,,,2026-07-07T22:03:28
동국알앤에스,00472890,075970,KOSDAQ,분기x연결,상단,DS-8,PASS,,,2026-07-07T22:03:28
동국알앤에스,00472890,075970,KOSDAQ,분기x연결,상단,DS-7,PASS,"badges seen: ['✅', '🔎']",,2026-07-07T22:03:28
동국알앤에스,00472890,075970,KOSDAQ,분기x연결,재무제표,CV-3,PASS,rows=29 cols=61 slider_extended=True,,2026-07-07T22:03:28
동국알앤에스,00472890,075970,KOSDAQ,분기x연결,재무제표,DS-2/DS-3,DONE,"cross-check completed for ['매출액', '영업이익']",,2026-07-07T22:03:28
동국알앤에스,00472890,075970,KOSDAQ,분기x연결,지표,CV-6,PASS,default metric selection visible,,2026-07-07T22:03:28
동국알앤에스,00472890,075970,KOSDAQ,분기x별도,재무제표,DS-1,PASS,,,2026-07-07T22:03:36
동국알앤에스,00472890,075970,KOSDAQ,분기x별도,상단,DS-8,PASS,,,2026-07-07T22:03:36
동국알앤에스,00472890,075970,KOSDAQ,분기x별도,상단,DS-7,PASS,"badges seen: ['✅', '🔎', '⚠']",,2026-07-07T22:03:36
동국알앤에스,00472890,075970,KOSDAQ,분기x별도,재무제표,CV-3,PASS,rows=29 cols=77 slider_extended=True,,2026-07-07T22:03:36
동국알앤에스,00472890,075970,KOSDAQ,분기x별도,재무제표,DS-2/DS-3,DONE,"cross-check completed for ['매출액', '영업이익']",,2026-07-07T22:03:36
동국알앤에스,00472890,075970,KOSDAQ,분기x별도,지표,CV-6,PASS,default metric selection visible,,2026-07-07T22:03:36
동국제약,00114808,086450,KOSDAQ,연간x연결,재무제표,DS-1,PASS,,,2026-07-07T22:03:49
동국제약,00114808,086450,KOSDAQ,연간x연결,상단,DS-8,PASS,,,2026-07-07T22:03:49
동국제약,00114808,086450,KOSDAQ,연간x연결,상단,DS-7,PASS,"badges seen: ['✅', '🔎']",,2026-07-07T22:03:49
동국제약,00114808,086450,KOSDAQ,연간x연결,재무제표,CV-3,PASS,rows=29 cols=17 slider_extended=True,,2026-07-07T22:03:49
동국제약,00114808,086450,KOSDAQ,연간x연결,재무제표,DS-2/DS-3,DONE,"cross-check completed for ['매출액', '영업이익']",,2026-07-07T22:03:49
동국제약,00114808,086450,KOSDAQ,연간x연결,지표,CV-6,PASS,default metric selection visible,,2026-07-07T22:03:49
동국제약,00114808,086450,KOSDAQ,연간x별도,재무제표,DS-1,PASS,,,2026-07-07T22:03:54
동국제약,00114808,086450,KOSDAQ,연간x별도,상단,DS-8,PASS,,,2026-07-07T22:03:54
동국제약,00114808,086450,KOSDAQ,연간x별도,상단,DS-7,PASS,"badges seen: ['✅', '🔎']",,2026-07-07T22:03:54
동국제약,00114808,086450,KOSDAQ,연간x별도,재무제표,CV-3,PASS,rows=29 cols=23 slider_extended=True,,2026-07-07T22:03:54
동국제약,00114808,086450,KOSDAQ,연간x별도,재무제표,DS-2/DS-3,DONE,"cross-check completed for ['매출액', '영업이익']",,2026-07-07T22:03:54
동국제약,00114808,086450,KOSDAQ,연간x별도,지표,CV-6,PASS,default metric selection visible,,2026-07-07T22:03:54
동국제약,00114808,086450,KOSDAQ,분기x연결,재무제표,DS-1,PASS,,,2026-07-07T22:04:00
동국제약,00114808,086450,KOSDAQ,분기x연결,상단,DS-8,PASS,,,2026-07-07T22:04:00
동국제약,00114808,086450,KOSDAQ,분기x연결,상단,DS-7,PASS,"badges seen: ['✅', '🔎']",,2026-07-07T22:04:00
동국제약,00114808,086450,KOSDAQ,분기x연결,재무제표,CV-3,PASS,rows=29 cols=14 slider_extended=True,,2026-07-07T22:04:00
동국제약,00114808,086450,KOSDAQ,분기x연결,재무제표,DS-2/DS-3,DONE,"cross-check completed for ['매출액', '영업이익']",,2026-07-07T22:04:00
동국제약,00114808,086450,KOSDAQ,분기x연결,지표,CV-6,PASS,default metric selection visible,,2026-07-07T22:04:00
동국제약,00114808,086450,KOSDAQ,분기x별도,재무제표,DS-1,PASS,,,2026-07-07T22:04:08
동국제약,00114808,086450,KOSDAQ,분기x별도,상단,DS-8,PASS,,,2026-07-07T22:04:08
동국제약,00114808,086450,KOSDAQ,분기x별도,상단,DS-7,PASS,"badges seen: ['✅', '🔎']",,2026-07-07T22:04:08
동국제약,00114808,086450,KOSDAQ,분기x별도,재무제표,CV-3,PASS,rows=29 cols=75 slider_extended=True,,2026-07-07T22:04:08
동국제약,00114808,086450,KOSDAQ,분기x별도,재무제표,DS-2/DS-3,DONE,"cross-check completed for ['매출액', '영업이익']",,2026-07-07T22:04:08
동국제약,00114808,086450,KOSDAQ,분기x별도,지표,CV-6,PASS,default metric selection visible,,2026-07-07T22:04:08
동방메디컬,01073261,240550,KOSDAQ,연간x연결,재무제표,DS-1,PASS,,,2026-07-07T22:04:21
동방메디컬,01073261,240550,KOSDAQ,연간x연결,상단,DS-8,PASS,,,2026-07-07T22:04:21
동방메디컬,01073261,240550,KOSDAQ,연간x연결,상단,DS-7,PASS,"badges seen: ['✅', '🔎']",,2026-07-07T22:04:21
동방메디컬,01073261,240550,KOSDAQ,연간x연결,재무제표,CV-3,PASS,rows=29 cols=6 slider_extended=True,,2026-07-07T22:04:21
동방메디컬,01073261,240550,KOSDAQ,연간x연결,재무제표,DS-2/DS-3,DONE,"cross-check completed for ['매출액', '영업이익']",,2026-07-07T22:04:21
동방메디컬,01073261,240550,KOSDAQ,연간x연결,지표,CV-6,PASS,default metric selection visible,,2026-07-07T22:04:21
동방메디컬,01073261,240550,KOSDAQ,연간x별도,재무제표,DS-1,PASS,,,2026-07-07T22:04:26
동방메디컬,01073261,240550,KOSDAQ,연간x별도,상단,DS-8,PASS,,,2026-07-07T22:04:26
동방메디컬,01073261,240550,KOSDAQ,연간x별도,상단,DS-7,PASS,"badges seen: ['✅', '🔎', '⚠']",,2026-07-07T22:04:26
동방메디컬,01073261,240550,KOSDAQ,연간x별도,재무제표,CV-3,PASS,rows=29 cols=6 slider_extended=True,,2026-07-07T22:04:26
동방메디컬,01073261,240550,KOSDAQ,연간x별도,재무제표,DS-2/DS-3,DONE,"cross-check completed for ['매출액', '영업이익']",,2026-07-07T22:04:26
동방메디컬,01073261,240550,KOSDAQ,연간x별도,지표,CV-6,PASS,default metric selection visible,,2026-07-07T22:04:26
동방메디컬,01073261,240550,KOSDAQ,분기x연결,재무제표,DS-1,PASS,,,2026-07-07T22:04:32
동방메디컬,01073261,240550,KOSDAQ,분기x연결,상단,DS-8,PASS,,,2026-07-07T22:04:32
동방메디컬,01073261,240550,KOSDAQ,분기x연결,상단,DS-7,PASS,"badges seen: ['✅', '🔎']",,2026-07-07T22:04:32
동방메디컬,01073261,240550,KOSDAQ,분기x연결,재무제표,CV-3,PASS,rows=29 cols=11 slider_extended=True,,2026-07-07T22:04:32
동방메디컬,01073261,240550,KOSDAQ,분기x연결,재무제표,DS-2/DS-3,DONE,"cross-check completed for ['매출액', '영업이익']",,2026-07-07T22:04:32
동방메디컬,01073261,240550,KOSDAQ,분기x연결,지표,CV-6,PASS,default metric selection visible,,2026-07-07T22:04:32
동방메디컬,01073261,240550,KOSDAQ,분기x별도,재무제표,DS-1,PASS,,,2026-07-07T22:04:39
동방메디컬,01073261,240550,KOSDAQ,분기x별도,상단,DS-8,PASS,,,2026-07-07T22:04:39
동방메디컬,01073261,240550,KOSDAQ,분기x별도,상단,DS-7,PASS,"badges seen: ['✅', '🔎']",,2026-07-07T22:04:39
동방메디컬,01073261,240550,KOSDAQ,분기x별도,재무제표,CV-3,PASS,rows=29 cols=11 slider_extended=True,,2026-07-07T22:04:39
동방메디컬,01073261,240550,KOSDAQ,분기x별도,재무제표,DS-2/DS-3,DONE,"cross-check completed for ['매출액', '영업이익']",,2026-07-07T22:04:39
동방메디컬,01073261,240550,KOSDAQ,분기x별도,지표,CV-6,PASS,default metric selection visible,,2026-07-07T22:04:39
동방선기,00526678,099410,KOSDAQ,연간x연결,재무제표,DS-1,PASS,,,2026-07-07T22:04:53
동방선기,00526678,099410,KOSDAQ,연간x연결,상단,DS-8,PASS,,,2026-07-07T22:04:53
동방선기,00526678,099410,KOSDAQ,연간x연결,상단,DS-7,PASS,"badges seen: ['✅', '🔎']",,2026-07-07T22:04:53
동방선기,00526678,099410,KOSDAQ,연간x연결,재무제표,CV-3,PASS,rows=29 cols=10 slider_extended=True,,2026-07-07T22:04:53
동방선기,00526678,099410,KOSDAQ,연간x연결,재무제표,DS-2/DS-3,DONE,"cross-check completed for ['매출액', '영업이익']",,2026-07-07T22:04:53
동방선기,00526678,099410,KOSDAQ,연간x연결,지표,CV-6,PASS,default metric selection visible,,2026-07-07T22:04:53
동방선기,00526678,099410,KOSDAQ,연간x별도,재무제표,DS-1,PASS,,,2026-07-07T22:04:58
동방선기,00526678,099410,KOSDAQ,연간x별도,상단,DS-8,PASS,,,2026-07-07T22:04:58
동방선기,00526678,099410,KOSDAQ,연간x별도,상단,DS-7,PASS,"badges seen: ['✅', '🔎']",,2026-07-07T22:04:58
동방선기,00526678,099410,KOSDAQ,연간x별도,재무제표,CV-3,PASS,rows=29 cols=21 slider_extended=True,,2026-07-07T22:04:58
동방선기,00526678,099410,KOSDAQ,연간x별도,재무제표,DS-2/DS-3,DONE,"cross-check completed for ['매출액', '영업이익']",,2026-07-07T22:04:58
동방선기,00526678,099410,KOSDAQ,연간x별도,지표,CV-6,PASS,default metric selection visible,,2026-07-07T22:04:58
동방선기,00526678,099410,KOSDAQ,분기x연결,재무제표,DS-1,PASS,,,2026-07-07T22:05:04
동방선기,00526678,099410,KOSDAQ,분기x연결,상단,DS-8,PASS,,,2026-07-07T22:05:04
동방선기,00526678,099410,KOSDAQ,분기x연결,상단,DS-7,PASS,"badges seen: ['✅', '🔎']",,2026-07-07T22:05:04
동방선기,00526678,099410,KOSDAQ,분기x연결,재무제표,CV-3,PASS,rows=29 cols=14 slider_extended=True,,2026-07-07T22:05:04
동방선기,00526678,099410,KOSDAQ,분기x연결,재무제표,DS-2/DS-3,DONE,"cross-check completed for ['매출액', '영업이익']",,2026-07-07T22:05:04
동방선기,00526678,099410,KOSDAQ,분기x연결,지표,CV-6,PASS,default metric selection visible,,2026-07-07T22:05:04
동방선기,00526678,099410,KOSDAQ,분기x별도,재무제표,DS-1,PASS,,,2026-07-07T22:05:11
동방선기,00526678,099410,KOSDAQ,분기x별도,상단,DS-8,PASS,,,2026-07-07T22:05:11
동방선기,00526678,099410,KOSDAQ,분기x별도,상단,DS-7,PASS,"badges seen: ['✅', '🔎', '⚠']",,2026-07-07T22:05:11
동방선기,00526678,099410,KOSDAQ,분기x별도,재무제표,CV-3,PASS,rows=29 cols=69 slider_extended=True,,2026-07-07T22:05:11
동방선기,00526678,099410,KOSDAQ,분기x별도,재무제표,DS-2/DS-3,DONE,"cross-check completed for ['매출액', '영업이익']",,2026-07-07T22:05:11
동방선기,00526678,099410,KOSDAQ,분기x별도,지표,CV-6,PASS,default metric selection visible,,2026-07-07T22:05:11
동성화인텍,00231105,033500,KOSDAQ,연간x연결,재무제표,DS-1,PASS,,,2026-07-07T22:05:25
동성화인텍,00231105,033500,KOSDAQ,연간x연결,상단,DS-8,PASS,,,2026-07-07T22:05:25
동성화인텍,00231105,033500,KOSDAQ,연간x연결,상단,DS-7,PASS,"badges seen: ['✅', '🔎', '⚠']",,2026-07-07T22:05:25
동성화인텍,00231105,033500,KOSDAQ,연간x연결,재무제표,CV-3,PASS,rows=29 cols=15 slider_extended=True,,2026-07-07T22:05:25
동성화인텍,00231105,033500,KOSDAQ,연간x연결,재무제표,DS-2/DS-3,DONE,"cross-check completed for ['매출액', '영업이익']",,2026-07-07T22:05:25
동성화인텍,00231105,033500,KOSDAQ,연간x연결,지표,CV-6,PASS,default metric selection visible,,2026-07-07T22:05:25
동성화인텍,00231105,033500,KOSDAQ,연간x별도,재무제표,DS-1,PASS,,,2026-07-07T22:05:30
동성화인텍,00231105,033500,KOSDAQ,연간x별도,상단,DS-8,PASS,,,2026-07-07T22:05:30
동성화인텍,00231105,033500,KOSDAQ,연간x별도,상단,DS-7,PASS,"badges seen: ['✅', '🔎', '⚠']",,2026-07-07T22:05:30
동성화인텍,00231105,033500,KOSDAQ,연간x별도,재무제표,CV-3,PASS,rows=29 cols=24 slider_extended=True,,2026-07-07T22:05:30
동성화인텍,00231105,033500,KOSDAQ,연간x별도,재무제표,DS-2/DS-3,DONE,"cross-check completed for ['매출액', '영업이익']",,2026-07-07T22:05:30
동성화인텍,00231105,033500,KOSDAQ,연간x별도,지표,CV-6,PASS,default metric selection visible,,2026-07-07T22:05:30
동성화인텍,00231105,033500,KOSDAQ,분기x연결,재무제표,DS-1,PASS,,,2026-07-07T22:05:36
동성화인텍,00231105,033500,KOSDAQ,분기x연결,상단,DS-8,PASS,,,2026-07-07T22:05:36
동성화인텍,00231105,033500,KOSDAQ,분기x연결,상단,DS-7,PASS,"badges seen: ['✅', '🔎', '⚠']",,2026-07-07T22:05:36
동성화인텍,00231105,033500,KOSDAQ,분기x연결,재무제표,CV-3,PASS,rows=29 cols=53 slider_extended=True,,2026-07-07T22:05:36
동성화인텍,00231105,033500,KOSDAQ,분기x연결,재무제표,DS-2/DS-3,DONE,"cross-check completed for ['매출액', '영업이익']",,2026-07-07T22:05:36
동성화인텍,00231105,033500,KOSDAQ,분기x연결,지표,CV-6,PASS,default metric selection visible,,2026-07-07T22:05:36
동성화인텍,00231105,033500,KOSDAQ,분기x별도,재무제표,DS-1,PASS,,,2026-07-07T22:05:44
동성화인텍,00231105,033500,KOSDAQ,분기x별도,상단,DS-8,PASS,,,2026-07-07T22:05:44
동성화인텍,00231105,033500,KOSDAQ,분기x별도,상단,DS-7,PASS,"badges seen: ['✅', '🔎', '⚠']",,2026-07-07T22:05:44
동성화인텍,00231105,033500,KOSDAQ,분기x별도,재무제표,CV-3,PASS,rows=29 cols=76 slider_extended=True,,2026-07-07T22:05:44
동성화인텍,00231105,033500,KOSDAQ,분기x별도,재무제표,DS-2/DS-3,DONE,"cross-check completed for ['매출액', '영업이익']",,2026-07-07T22:05:44
동성화인텍,00231105,033500,KOSDAQ,분기x별도,지표,CV-6,PASS,default metric selection visible,,2026-07-07T22:05:44
동신건설,00116408,025950,KOSDAQ,연간x연결,재무제표,DS-1,PASS,,,2026-07-07T22:05:57
동신건설,00116408,025950,KOSDAQ,연간x연결,상단,DS-8,PASS,,,2026-07-07T22:05:57
동신건설,00116408,025950,KOSDAQ,연간x연결,상단,DS-4,PASS,substitution caption present,,2026-07-07T22:05:57
동신건설,00116408,025950,KOSDAQ,연간x연결,상단,DS-7,PASS,"badges seen: ['✅', '🔎', '⚠']",,2026-07-07T22:05:57
동신건설,00116408,025950,KOSDAQ,연간x연결,재무제표,CV-3,PASS,rows=29 cols=27 slider_extended=True,,2026-07-07T22:05:57
동신건설,00116408,025950,KOSDAQ,연간x연결,재무제표,DS-2/DS-3,DONE,"cross-check completed for ['매출액', '영업이익']",,2026-07-07T22:05:57
동신건설,00116408,025950,KOSDAQ,연간x연결,지표,CV-6,PASS,default metric selection visible,,2026-07-07T22:05:57
동신건설,00116408,025950,KOSDAQ,연간x별도,재무제표,DS-1,PASS,,,2026-07-07T22:06:02
동신건설,00116408,025950,KOSDAQ,연간x별도,상단,DS-8,PASS,,,2026-07-07T22:06:02
동신건설,00116408,025950,KOSDAQ,연간x별도,상단,DS-7,PASS,"badges seen: ['✅', '🔎', '⚠']",,2026-07-07T22:06:02
동신건설,00116408,025950,KOSDAQ,연간x별도,재무제표,CV-3,PASS,rows=29 cols=27 slider_extended=True,,2026-07-07T22:06:02
동신건설,00116408,025950,KOSDAQ,연간x별도,재무제표,DS-2/DS-3,DONE,"cross-check completed for ['매출액', '영업이익']",,2026-07-07T22:06:02
동신건설,00116408,025950,KOSDAQ,연간x별도,지표,CV-6,PASS,default metric selection visible,,2026-07-07T22:06:02
동신건설,00116408,025950,KOSDAQ,분기x연결,재무제표,DS-1,PASS,,,2026-07-07T22:06:08
동신건설,00116408,025950,KOSDAQ,분기x연결,상단,DS-8,PASS,,,2026-07-07T22:06:08
동신건설,00116408,025950,KOSDAQ,분기x연결,상단,DS-4,PASS,substitution caption present,,2026-07-07T22:06:08
동신건설,00116408,025950,KOSDAQ,분기x연결,상단,DS-7,PASS,"badges seen: ['✅', '🔎', '⚠']",,2026-07-07T22:06:08
동신건설,00116408,025950,KOSDAQ,분기x연결,재무제표,CV-3,PASS,rows=29 cols=14 slider_extended=True,,2026-07-07T22:06:08
동신건설,00116408,025950,KOSDAQ,분기x연결,재무제표,DS-2/DS-3,DONE,"cross-check completed for ['매출액', '영업이익']",,2026-07-07T22:06:08
동신건설,00116408,025950,KOSDAQ,분기x연결,지표,CV-6,PASS,default metric selection visible,,2026-07-07T22:06:08
동신건설,00116408,025950,KOSDAQ,분기x별도,재무제표,DS-1,PASS,,,2026-07-07T22:06:16
동신건설,00116408,025950,KOSDAQ,분기x별도,상단,DS-8,PASS,,,2026-07-07T22:06:16
동신건설,00116408,025950,KOSDAQ,분기x별도,상단,DS-7,PASS,"badges seen: ['✅', '🔎']",,2026-07-07T22:06:16
동신건설,00116408,025950,KOSDAQ,분기x별도,재무제표,CV-3,PASS,rows=29 cols=79 slider_extended=True,,2026-07-07T22:06:16
동신건설,00116408,025950,KOSDAQ,분기x별도,재무제표,DS-2/DS-3,DONE,"cross-check completed for ['매출액', '영업이익']",,2026-07-07T22:06:16
동신건설,00116408,025950,KOSDAQ,분기x별도,지표,CV-6,PASS,default metric selection visible,,2026-07-07T22:06:16
동아엘텍,00489243,088130,KOSDAQ,연간x연결,재무제표,DS-1,PASS,,,2026-07-07T22:06:29
동아엘텍,00489243,088130,KOSDAQ,연간x연결,상단,DS-8,PASS,,,2026-07-07T22:06:29
동아엘텍,00489243,088130,KOSDAQ,연간x연결,상단,DS-7,PASS,"badges seen: ['✅', '🔎', '⚠']",,2026-07-07T22:06:29
동아엘텍,00489243,088130,KOSDAQ,연간x연결,재무제표,CV-3,PASS,rows=29 cols=19 slider_extended=True,,2026-07-07T22:06:29
동아엘텍,00489243,088130,KOSDAQ,연간x연결,재무제표,DS-2/DS-3,DONE,"cross-check completed for ['매출액', '영업이익']",,2026-07-07T22:06:29
동아엘텍,00489243,088130,KOSDAQ,연간x연결,지표,CV-6,PASS,default metric selection visible,,2026-07-07T22:06:29
동아엘텍,00489243,088130,KOSDAQ,연간x별도,재무제표,DS-1,PASS,,,2026-07-07T22:06:35
동아엘텍,00489243,088130,KOSDAQ,연간x별도,상단,DS-8,PASS,,,2026-07-07T22:06:35
동아엘텍,00489243,088130,KOSDAQ,연간x별도,상단,DS-7,PASS,"badges seen: ['✅', '🔎']",,2026-07-07T22:06:35
동아엘텍,00489243,088130,KOSDAQ,연간x별도,재무제표,CV-3,PASS,rows=29 cols=22 slider_extended=True,,2026-07-07T22:06:35
동아엘텍,00489243,088130,KOSDAQ,연간x별도,재무제표,DS-2/DS-3,DONE,"cross-check completed for ['매출액', '영업이익']",,2026-07-07T22:06:35
동아엘텍,00489243,088130,KOSDAQ,연간x별도,지표,CV-6,PASS,default metric selection visible,,2026-07-07T22:06:35
동아엘텍,00489243,088130,KOSDAQ,분기x연결,재무제표,DS-1,PASS,,,2026-07-07T22:06:41
동아엘텍,00489243,088130,KOSDAQ,분기x연결,상단,DS-8,PASS,,,2026-07-07T22:06:41
동아엘텍,00489243,088130,KOSDAQ,분기x연결,상단,DS-7,PASS,"badges seen: ['✅', '🔎', '⚠']",,2026-07-07T22:06:41
동아엘텍,00489243,088130,KOSDAQ,분기x연결,재무제표,CV-3,PASS,rows=29 cols=60 slider_extended=True,,2026-07-07T22:06:41
동아엘텍,00489243,088130,KOSDAQ,분기x연결,재무제표,DS-2/DS-3,DONE,"cross-check completed for ['매출액', '영업이익']",,2026-07-07T22:06:41
동아엘텍,00489243,088130,KOSDAQ,분기x연결,지표,CV-6,PASS,default metric selection visible,,2026-07-07T22:06:41
동아엘텍,00489243,088130,KOSDAQ,분기x별도,재무제표,DS-1,PASS,,,2026-07-07T22:06:48
동아엘텍,00489243,088130,KOSDAQ,분기x별도,상단,DS-8,PASS,,,2026-07-07T22:06:48
동아엘텍,00489243,088130,KOSDAQ,분기x별도,상단,DS-7,PASS,"badges seen: ['✅', '🔎']",,2026-07-07T22:06:48
동아엘텍,00489243,088130,KOSDAQ,분기x별도,재무제표,CV-3,PASS,rows=29 cols=76 slider_extended=True,,2026-07-07T22:06:48
동아엘텍,00489243,088130,KOSDAQ,분기x별도,재무제표,DS-2/DS-3,DONE,"cross-check completed for ['매출액', '영업이익']",,2026-07-07T22:06:48
동아엘텍,00489243,088130,KOSDAQ,분기x별도,지표,CV-6,PASS,default metric selection visible,,2026-07-07T22:06:48
동양에스텍,00178851,060380,KOSDAQ,연간x연결,재무제표,DS-1,PASS,,,2026-07-07T22:07:01
동양에스텍,00178851,060380,KOSDAQ,연간x연결,상단,DS-8,PASS,,,2026-07-07T22:07:01
동양에스텍,00178851,060380,KOSDAQ,연간x연결,상단,DS-7,PASS,"badges seen: ['✅', '🔎', '⚠']",,2026-07-07T22:07:01
동양에스텍,00178851,060380,KOSDAQ,연간x연결,재무제표,CV-3,PASS,rows=29 cols=19 slider_extended=True,,2026-07-07T22:07:01
동양에스텍,00178851,060380,KOSDAQ,연간x연결,재무제표,DS-2/DS-3,DONE,"cross-check completed for ['매출액', '영업이익']",,2026-07-07T22:07:01
동양에스텍,00178851,060380,KOSDAQ,연간x연결,지표,CV-6,PASS,default metric selection visible,,2026-07-07T22:07:01
동양에스텍,00178851,060380,KOSDAQ,연간x별도,재무제표,DS-1,PASS,,,2026-07-07T22:07:07
동양에스텍,00178851,060380,KOSDAQ,연간x별도,상단,DS-8,PASS,,,2026-07-07T22:07:07
동양에스텍,00178851,060380,KOSDAQ,연간x별도,상단,DS-7,PASS,"badges seen: ['✅', '🔎', '⚠']",,2026-07-07T22:07:07
동양에스텍,00178851,060380,KOSDAQ,연간x별도,재무제표,CV-3,PASS,rows=29 cols=24 slider_extended=True,,2026-07-07T22:07:07
동양에스텍,00178851,060380,KOSDAQ,연간x별도,재무제표,DS-2/DS-3,DONE,"cross-check completed for ['매출액', '영업이익']",,2026-07-07T22:07:07
동양에스텍,00178851,060380,KOSDAQ,연간x별도,지표,CV-6,PASS,default metric selection visible,,2026-07-07T22:07:07
동양에스텍,00178851,060380,KOSDAQ,분기x연결,재무제표,DS-1,PASS,,,2026-07-07T22:07:13
동양에스텍,00178851,060380,KOSDAQ,분기x연결,상단,DS-8,PASS,,,2026-07-07T22:07:13
동양에스텍,00178851,060380,KOSDAQ,분기x연결,상단,DS-7,PASS,"badges seen: ['✅', '🔎', '⚠']",,2026-07-07T22:07:13
동양에스텍,00178851,060380,KOSDAQ,분기x연결,재무제표,CV-3,PASS,rows=29 cols=60 slider_extended=True,,2026-07-07T22:07:13
동양에스텍,00178851,060380,KOSDAQ,분기x연결,재무제표,DS-2/DS-3,DONE,"cross-check completed for ['매출액', '영업이익']",,2026-07-07T22:07:13
동양에스텍,00178851,060380,KOSDAQ,분기x연결,지표,CV-6,PASS,default metric selection visible,,2026-07-07T22:07:13
동양에스텍,00178851,060380,KOSDAQ,분기x별도,재무제표,DS-1,PASS,,,2026-07-07T22:07:20
동양에스텍,00178851,060380,KOSDAQ,분기x별도,상단,DS-8,PASS,,,2026-07-07T22:07:20
동양에스텍,00178851,060380,KOSDAQ,분기x별도,상단,DS-7,PASS,"badges seen: ['✅', '🔎']",,2026-07-07T22:07:20
동양에스텍,00178851,060380,KOSDAQ,분기x별도,재무제표,CV-3,PASS,rows=29 cols=82 slider_extended=True,,2026-07-07T22:07:20
동양에스텍,00178851,060380,KOSDAQ,분기x별도,재무제표,DS-2/DS-3,DONE,"cross-check completed for ['매출액', '영업이익']",,2026-07-07T22:07:20
동양에스텍,00178851,060380,KOSDAQ,분기x별도,지표,CV-6,PASS,default metric selection visible,,2026-07-07T22:07:20
동양이엔피,00178790,079960,KOSDAQ,연간x연결,재무제표,DS-1,PASS,,,2026-07-07T22:07:34
동양이엔피,00178790,079960,KOSDAQ,연간x연결,상단,DS-8,PASS,,,2026-07-07T22:07:34
동양이엔피,00178790,079960,KOSDAQ,연간x연결,상단,DS-7,PASS,"badges seen: ['✅', '🔎', '⚠']",,2026-07-07T22:07:34
동양이엔피,00178790,079960,KOSDAQ,연간x연결,재무제표,CV-3,PASS,rows=29 cols=19 slider_extended=True,,2026-07-07T22:07:34
동양이엔피,00178790,079960,KOSDAQ,연간x연결,재무제표,DS-2/DS-3,DONE,"cross-check completed for ['매출액', '영업이익']",,2026-07-07T22:07:34
동양이엔피,00178790,079960,KOSDAQ,연간x연결,지표,CV-6,PASS,default metric selection visible,,2026-07-07T22:07:34
동양이엔피,00178790,079960,KOSDAQ,연간x별도,재무제표,DS-1,PASS,,,2026-07-07T22:07:39
동양이엔피,00178790,079960,KOSDAQ,연간x별도,상단,DS-8,PASS,,,2026-07-07T22:07:39
동양이엔피,00178790,079960,KOSDAQ,연간x별도,상단,DS-7,PASS,"badges seen: ['✅', '🔎', '⚠']",,2026-07-07T22:07:39
동양이엔피,00178790,079960,KOSDAQ,연간x별도,재무제표,CV-3,PASS,rows=29 cols=23 slider_extended=True,,2026-07-07T22:07:39
동양이엔피,00178790,079960,KOSDAQ,연간x별도,재무제표,DS-2/DS-3,DONE,"cross-check completed for ['매출액', '영업이익']",,2026-07-07T22:07:39
동양이엔피,00178790,079960,KOSDAQ,연간x별도,지표,CV-6,PASS,default metric selection visible,,2026-07-07T22:07:39
동양이엔피,00178790,079960,KOSDAQ,분기x연결,재무제표,DS-1,PASS,,,2026-07-07T22:07:45
동양이엔피,00178790,079960,KOSDAQ,분기x연결,상단,DS-8,PASS,,,2026-07-07T22:07:45
동양이엔피,00178790,079960,KOSDAQ,분기x연결,상단,DS-7,PASS,"badges seen: ['✅', '🔎']",,2026-07-07T22:07:45
동양이엔피,00178790,079960,KOSDAQ,분기x연결,재무제표,CV-3,PASS,rows=29 cols=67 slider_extended=True,,2026-07-07T22:07:45
동양이엔피,00178790,079960,KOSDAQ,분기x연결,재무제표,DS-2/DS-3,DONE,"cross-check completed for ['매출액', '영업이익']",,2026-07-07T22:07:45
동양이엔피,00178790,079960,KOSDAQ,분기x연결,지표,CV-6,PASS,default metric selection visible,,2026-07-07T22:07:45
동양이엔피,00178790,079960,KOSDAQ,분기x별도,재무제표,DS-1,PASS,,,2026-07-07T22:07:52
동양이엔피,00178790,079960,KOSDAQ,분기x별도,상단,DS-8,PASS,,,2026-07-07T22:07:52
동양이엔피,00178790,079960,KOSDAQ,분기x별도,상단,DS-7,PASS,"badges seen: ['✅', '🔎']",,2026-07-07T22:07:52
동양이엔피,00178790,079960,KOSDAQ,분기x별도,재무제표,CV-3,PASS,rows=29 cols=76 slider_extended=True,,2026-07-07T22:07:52
동양이엔피,00178790,079960,KOSDAQ,분기x별도,재무제표,DS-2/DS-3,DONE,"cross-check completed for ['매출액', '영업이익']",,2026-07-07T22:07:52
동양이엔피,00178790,079960,KOSDAQ,분기x별도,지표,CV-6,PASS,default metric selection visible,,2026-07-07T22:07:52
동양파일,00993931,228340,KOSDAQ,연간x연결,재무제표,DS-1,PASS,,,2026-07-07T22:08:06
동양파일,00993931,228340,KOSDAQ,연간x연결,상단,DS-8,PASS,,,2026-07-07T22:08:06
동양파일,00993931,228340,KOSDAQ,연간x연결,상단,DS-4,PASS,substitution caption present,,2026-07-07T22:08:06
동양파일,00993931,228340,KOSDAQ,연간x연결,상단,DS-7,PASS,"badges seen: ['✅', '🔎']",,2026-07-07T22:08:06
동양파일,00993931,228340,KOSDAQ,연간x연결,재무제표,CV-3,PASS,rows=29 cols=14 slider_extended=True,,2026-07-07T22:08:06
동양파일,00993931,228340,KOSDAQ,연간x연결,재무제표,DS-2/DS-3,DONE,"cross-check completed for ['매출액', '영업이익']",,2026-07-07T22:08:06
동양파일,00993931,228340,KOSDAQ,연간x연결,지표,CV-6,PASS,default metric selection visible,,2026-07-07T22:08:06
동양파일,00993931,228340,KOSDAQ,연간x별도,재무제표,DS-1,PASS,,,2026-07-07T22:08:11
동양파일,00993931,228340,KOSDAQ,연간x별도,상단,DS-8,PASS,,,2026-07-07T22:08:11
동양파일,00993931,228340,KOSDAQ,연간x별도,상단,DS-7,PASS,"badges seen: ['✅', '🔎']",,2026-07-07T22:08:11
동양파일,00993931,228340,KOSDAQ,연간x별도,재무제표,CV-3,PASS,rows=29 cols=14 slider_extended=True,,2026-07-07T22:08:11
동양파일,00993931,228340,KOSDAQ,연간x별도,재무제표,DS-2/DS-3,DONE,"cross-check completed for ['매출액', '영업이익']",,2026-07-07T22:08:11
동양파일,00993931,228340,KOSDAQ,연간x별도,지표,CV-6,PASS,default metric selection visible,,2026-07-07T22:08:11
동양파일,00993931,228340,KOSDAQ,분기x연결,재무제표,DS-1,PASS,,,2026-07-07T22:08:17
동양파일,00993931,228340,KOSDAQ,분기x연결,상단,DS-8,PASS,,,2026-07-07T22:08:17
동양파일,00993931,228340,KOSDAQ,분기x연결,상단,DS-4,PASS,substitution caption present,,2026-07-07T22:08:17
동양파일,00993931,228340,KOSDAQ,분기x연결,상단,DS-7,PASS,"badges seen: ['✅', '🔎']",,2026-07-07T22:08:17
동양파일,00993931,228340,KOSDAQ,분기x연결,재무제표,CV-3,PASS,rows=29 cols=49 slider_extended=True,,2026-07-07T22:08:17
동양파일,00993931,228340,KOSDAQ,분기x연결,재무제표,DS-2/DS-3,DONE,"cross-check completed for ['매출액', '영업이익']",,2026-07-07T22:08:17
동양파일,00993931,228340,KOSDAQ,분기x연결,지표,CV-6,PASS,default metric selection visible,,2026-07-07T22:08:17
동양파일,00993931,228340,KOSDAQ,분기x별도,재무제표,DS-1,PASS,,,2026-07-07T22:08:24
동양파일,00993931,228340,KOSDAQ,분기x별도,상단,DS-8,PASS,,,2026-07-07T22:08:24
동양파일,00993931,228340,KOSDAQ,분기x별도,상단,DS-7,PASS,"badges seen: ['✅', '🔎']",,2026-07-07T22:08:24
동양파일,00993931,228340,KOSDAQ,분기x별도,재무제표,CV-3,PASS,rows=29 cols=49 slider_extended=True,,2026-07-07T22:08:24
동양파일,00993931,228340,KOSDAQ,분기x별도,재무제표,DS-2/DS-3,DONE,"cross-check completed for ['매출액', '영업이익']",,2026-07-07T22:08:24
동양파일,00993931,228340,KOSDAQ,분기x별도,지표,CV-6,PASS,default metric selection visible,,2026-07-07T22:08:24
동우팜투테이블,00228712,088910,KOSDAQ,연간x연결,재무제표,DS-1,PASS,,,2026-07-07T22:08:38
동우팜투테이블,00228712,088910,KOSDAQ,연간x연결,상단,DS-8,PASS,,,2026-07-07T22:08:38
동우팜투테이블,00228712,088910,KOSDAQ,연간x연결,상단,DS-7,PASS,"badges seen: ['✅', '🔎', '⚠']",,2026-07-07T22:08:38
동우팜투테이블,00228712,088910,KOSDAQ,연간x연결,재무제표,CV-3,PASS,rows=29 cols=11 slider_extended=True,,2026-07-07T22:08:38
동우팜투테이블,00228712,088910,KOSDAQ,연간x연결,재무제표,DS-2/DS-3,DONE,"cross-check completed for ['매출액', '영업이익']",,2026-07-07T22:08:38
동우팜투테이블,00228712,088910,KOSDAQ,연간x연결,지표,CV-6,PASS,default metric selection visible,,2026-07-07T22:08:38
동우팜투테이블,00228712,088910,KOSDAQ,연간x별도,재무제표,DS-1,PASS,,,2026-07-07T22:08:43
동우팜투테이블,00228712,088910,KOSDAQ,연간x별도,상단,DS-8,PASS,,,2026-07-07T22:08:43
동우팜투테이블,00228712,088910,KOSDAQ,연간x별도,상단,DS-7,PASS,"badges seen: ['✅', '🔎', '⚠']",,2026-07-07T22:08:43
동우팜투테이블,00228712,088910,KOSDAQ,연간x별도,재무제표,CV-3,PASS,rows=29 cols=22 slider_extended=True,,2026-07-07T22:08:43
동우팜투테이블,00228712,088910,KOSDAQ,연간x별도,재무제표,DS-2/DS-3,DONE,"cross-check completed for ['매출액', '영업이익']",,2026-07-07T22:08:43
동우팜투테이블,00228712,088910,KOSDAQ,연간x별도,지표,CV-6,PASS,default metric selection visible,,2026-07-07T22:08:43
동우팜투테이블,00228712,088910,KOSDAQ,분기x연결,재무제표,DS-1,PASS,,,2026-07-07T22:08:49
동우팜투테이블,00228712,088910,KOSDAQ,분기x연결,상단,DS-8,PASS,,,2026-07-07T22:08:49
동우팜투테이블,00228712,088910,KOSDAQ,분기x연결,상단,DS-7,PASS,"badges seen: ['✅', '🔎']",,2026-07-07T22:08:49
동우팜투테이블,00228712,088910,KOSDAQ,분기x연결,재무제표,CV-3,PASS,rows=29 cols=32 slider_extended=True,,2026-07-07T22:08:49
동우팜투테이블,00228712,088910,KOSDAQ,분기x연결,재무제표,DS-2/DS-3,DONE,"cross-check completed for ['매출액', '영업이익']",,2026-07-07T22:08:49
동우팜투테이블,00228712,088910,KOSDAQ,분기x연결,지표,CV-6,PASS,default metric selection visible,,2026-07-07T22:08:49
동우팜투테이블,00228712,088910,KOSDAQ,분기x별도,재무제표,DS-1,PASS,,,2026-07-07T22:08:56
동우팜투테이블,00228712,088910,KOSDAQ,분기x별도,상단,DS-8,PASS,,,2026-07-07T22:08:56
동우팜투테이블,00228712,088910,KOSDAQ,분기x별도,상단,DS-7,PASS,"badges seen: ['✅', '🔎']",,2026-07-07T22:08:56
동우팜투테이블,00228712,088910,KOSDAQ,분기x별도,재무제표,CV-3,PASS,rows=29 cols=73 slider_extended=True,,2026-07-07T22:08:56
동우팜투테이블,00228712,088910,KOSDAQ,분기x별도,재무제표,DS-2/DS-3,DONE,"cross-check completed for ['매출액', '영업이익']",,2026-07-07T22:08:56
동우팜투테이블,00228712,088910,KOSDAQ,분기x별도,지표,CV-6,PASS,default metric selection visible,,2026-07-07T22:08:56
동운아나텍,00695969,094170,KOSDAQ,연간x연결,재무제표,DS-1,PASS,,,2026-07-07T22:09:10
동운아나텍,00695969,094170,KOSDAQ,연간x연결,상단,DS-8,PASS,,,2026-07-07T22:09:10
동운아나텍,00695969,094170,KOSDAQ,연간x연결,상단,DS-4,PASS,substitution caption present,,2026-07-07T22:09:10
동운아나텍,00695969,094170,KOSDAQ,연간x연결,상단,DS-7,PASS,"badges seen: ['✅', '🔎']",,2026-07-07T22:09:10
동운아나텍,00695969,094170,KOSDAQ,연간x연결,재무제표,CV-3,PASS,rows=29 cols=15 slider_extended=True,,2026-07-07T22:09:10
동운아나텍,00695969,094170,KOSDAQ,연간x연결,재무제표,DS-2/DS-3,DONE,"cross-check completed for ['매출액', '영업이익']",,2026-07-07T22:09:10
동운아나텍,00695969,094170,KOSDAQ,연간x연결,지표,CV-6,PASS,default metric selection visible,,2026-07-07T22:09:10
동운아나텍,00695969,094170,KOSDAQ,연간x별도,재무제표,DS-1,PASS,,,2026-07-07T22:09:15
동운아나텍,00695969,094170,KOSDAQ,연간x별도,상단,DS-8,PASS,,,2026-07-07T22:09:15
동운아나텍,00695969,094170,KOSDAQ,연간x별도,상단,DS-7,PASS,"badges seen: ['✅', '🔎']",,2026-07-07T22:09:15
동운아나텍,00695969,094170,KOSDAQ,연간x별도,재무제표,CV-3,PASS,rows=29 cols=12 slider_extended=True,,2026-07-07T22:09:15
동운아나텍,00695969,094170,KOSDAQ,연간x별도,재무제표,DS-2/DS-3,DONE,"cross-check completed for ['매출액', '영업이익']",,2026-07-07T22:09:15
동운아나텍,00695969,094170,KOSDAQ,연간x별도,지표,CV-6,PASS,default metric selection visible,,2026-07-07T22:09:15
동운아나텍,00695969,094170,KOSDAQ,분기x연결,재무제표,DS-1,PASS,,,2026-07-07T22:09:21
동운아나텍,00695969,094170,KOSDAQ,분기x연결,상단,DS-8,PASS,,,2026-07-07T22:09:21
동운아나텍,00695969,094170,KOSDAQ,분기x연결,상단,DS-7,PASS,"badges seen: ['✅', '🔎']",,2026-07-07T22:09:21
동운아나텍,00695969,094170,KOSDAQ,분기x연결,재무제표,CV-3,PASS,rows=29 cols=5 slider_extended=True,,2026-07-07T22:09:21
동운아나텍,00695969,094170,KOSDAQ,분기x연결,재무제표,DS-2/DS-3,DONE,"cross-check completed for ['매출액', '영업이익']",,2026-07-07T22:09:21
동운아나텍,00695969,094170,KOSDAQ,분기x연결,지표,CV-6,PASS,default metric selection visible,,2026-07-07T22:09:21
동운아나텍,00695969,094170,KOSDAQ,분기x별도,재무제표,DS-1,PASS,,,2026-07-07T22:09:28
동운아나텍,00695969,094170,KOSDAQ,분기x별도,상단,DS-8,PASS,,,2026-07-07T22:09:28
동운아나텍,00695969,094170,KOSDAQ,분기x별도,상단,DS-7,PASS,"badges seen: ['✅', '🔎']",,2026-07-07T22:09:28
동운아나텍,00695969,094170,KOSDAQ,분기x별도,재무제표,CV-3,PASS,rows=29 cols=52 slider_extended=True,,2026-07-07T22:09:28
동운아나텍,00695969,094170,KOSDAQ,분기x별도,재무제표,DS-2/DS-3,DONE,"cross-check completed for ['매출액', '영업이익']",,2026-07-07T22:09:28
동운아나텍,00695969,094170,KOSDAQ,분기x별도,지표,CV-6,PASS,default metric selection visible,,2026-07-07T22:09:28
동원개발,00117966,013120,KOSDAQ,연간x연결,재무제표,DS-1,PASS,,,2026-07-07T22:09:42
동원개발,00117966,013120,KOSDAQ,연간x연결,상단,DS-8,PASS,,,2026-07-07T22:09:42
동원개발,00117966,013120,KOSDAQ,연간x연결,상단,DS-7,PASS,"badges seen: ['✅', '🔎', '⚠']",,2026-07-07T22:09:42
동원개발,00117966,013120,KOSDAQ,연간x연결,재무제표,CV-3,PASS,rows=29 cols=9 slider_extended=True,,2026-07-07T22:09:42
동원개발,00117966,013120,KOSDAQ,연간x연결,재무제표,DS-2/DS-3,DONE,"cross-check completed for ['매출액', '영업이익']",,2026-07-07T22:09:42
동원개발,00117966,013120,KOSDAQ,연간x연결,지표,CV-6,PASS,default metric selection visible,,2026-07-07T22:09:42
동원개발,00117966,013120,KOSDAQ,연간x별도,재무제표,DS-1,PASS,,,2026-07-07T22:09:47
동원개발,00117966,013120,KOSDAQ,연간x별도,상단,DS-8,PASS,,,2026-07-07T22:09:47
동원개발,00117966,013120,KOSDAQ,연간x별도,상단,DS-7,PASS,"badges seen: ['✅', '🔎', '⚠']",,2026-07-07T22:09:47
동원개발,00117966,013120,KOSDAQ,연간x별도,재무제표,CV-3,PASS,rows=29 cols=23 slider_extended=True,,2026-07-07T22:09:47
동원개발,00117966,013120,KOSDAQ,연간x별도,재무제표,DS-2/DS-3,DONE,"cross-check completed for ['매출액', '영업이익']",,2026-07-07T22:09:47
동원개발,00117966,013120,KOSDAQ,연간x별도,지표,CV-6,PASS,default metric selection visible,,2026-07-07T22:09:47
동원개발,00117966,013120,KOSDAQ,분기x연결,재무제표,DS-1,PASS,,,2026-07-07T22:09:53
동원개발,00117966,013120,KOSDAQ,분기x연결,상단,DS-8,PASS,,,2026-07-07T22:09:53
동원개발,00117966,013120,KOSDAQ,분기x연결,상단,DS-7,PASS,"badges seen: ['✅', '🔎', '⚠']",,2026-07-07T22:09:53
동원개발,00117966,013120,KOSDAQ,분기x연결,재무제표,CV-3,PASS,rows=29 cols=29 slider_extended=True,,2026-07-07T22:09:53
동원개발,00117966,013120,KOSDAQ,분기x연결,재무제표,DS-2/DS-3,DONE,"cross-check completed for ['매출액', '영업이익']",,2026-07-07T22:09:53
동원개발,00117966,013120,KOSDAQ,분기x연결,지표,CV-6,PASS,default metric selection visible,,2026-07-07T22:09:53
동원개발,00117966,013120,KOSDAQ,분기x별도,재무제표,DS-1,PASS,,,2026-07-07T22:10:00
동원개발,00117966,013120,KOSDAQ,분기x별도,상단,DS-8,PASS,,,2026-07-07T22:10:00
동원개발,00117966,013120,KOSDAQ,분기x별도,상단,DS-7,PASS,"badges seen: ['✅', '🔎', '⚠']",,2026-07-07T22:10:00
동원개발,00117966,013120,KOSDAQ,분기x별도,재무제표,CV-3,PASS,rows=29 cols=74 slider_extended=True,,2026-07-07T22:10:00
동원개발,00117966,013120,KOSDAQ,분기x별도,재무제표,DS-2/DS-3,DONE,"cross-check completed for ['매출액', '영업이익']",,2026-07-07T22:10:00
동원개발,00117966,013120,KOSDAQ,분기x별도,지표,CV-6,PASS,default metric selection visible,,2026-07-07T22:10:00
동일금속,00118284,109860,KOSDAQ,연간x연결,재무제표,DS-1,PASS,,,2026-07-07T22:10:14
동일금속,00118284,109860,KOSDAQ,연간x연결,상단,DS-8,PASS,,,2026-07-07T22:10:14
동일금속,00118284,109860,KOSDAQ,연간x연결,상단,DS-7,PASS,"badges seen: ['✅', '🔎', '⚠']",,2026-07-07T22:10:14
동일금속,00118284,109860,KOSDAQ,연간x연결,재무제표,CV-3,PASS,rows=29 cols=18 slider_extended=True,,2026-07-07T22:10:14
동일금속,00118284,109860,KOSDAQ,연간x연결,재무제표,DS-2/DS-3,DONE,"cross-check completed for ['매출액', '영업이익']",,2026-07-07T22:10:14
동일금속,00118284,109860,KOSDAQ,연간x연결,지표,CV-6,PASS,default metric selection visible,,2026-07-07T22:10:14
동일금속,00118284,109860,KOSDAQ,연간x별도,재무제표,DS-1,PASS,,,2026-07-07T22:10:19
동일금속,00118284,109860,KOSDAQ,연간x별도,상단,DS-8,PASS,,,2026-07-07T22:10:19
동일금속,00118284,109860,KOSDAQ,연간x별도,상단,DS-7,PASS,"badges seen: ['✅', '🔎', '⚠']",,2026-07-07T22:10:19
동일금속,00118284,109860,KOSDAQ,연간x별도,재무제표,CV-3,PASS,rows=29 cols=12 slider_extended=True,,2026-07-07T22:10:19
동일금속,00118284,109860,KOSDAQ,연간x별도,재무제표,DS-2/DS-3,DONE,"cross-check completed for ['매출액', '영업이익']",,2026-07-07T22:10:19
동일금속,00118284,109860,KOSDAQ,연간x별도,지표,CV-6,PASS,default metric selection visible,,2026-07-07T22:10:19
동일금속,00118284,109860,KOSDAQ,분기x연결,재무제표,DS-1,PASS,,,2026-07-07T22:10:25
동일금속,00118284,109860,KOSDAQ,분기x연결,상단,DS-8,PASS,,,2026-07-07T22:10:25
동일금속,00118284,109860,KOSDAQ,분기x연결,상단,DS-7,PASS,"badges seen: ['✅', '🔎', '⚠']",,2026-07-07T22:10:25
동일금속,00118284,109860,KOSDAQ,분기x연결,재무제표,CV-3,PASS,rows=29 cols=60 slider_extended=True,,2026-07-07T22:10:25
동일금속,00118284,109860,KOSDAQ,분기x연결,재무제표,DS-2/DS-3,DONE,"cross-check completed for ['매출액', '영업이익']",,2026-07-07T22:10:25
동일금속,00118284,109860,KOSDAQ,분기x연결,지표,CV-6,PASS,default metric selection visible,,2026-07-07T22:10:25
동일금속,00118284,109860,KOSDAQ,분기x별도,재무제표,DS-1,PASS,,,2026-07-07T22:10:32
동일금속,00118284,109860,KOSDAQ,분기x별도,상단,DS-8,PASS,,,2026-07-07T22:10:32
동일금속,00118284,109860,KOSDAQ,분기x별도,상단,DS-7,PASS,"badges seen: ['✅', '🔎']",,2026-07-07T22:10:32
동일금속,00118284,109860,KOSDAQ,분기x별도,재무제표,CV-3,PASS,rows=29 cols=70 slider_extended=True,,2026-07-07T22:10:32
동일금속,00118284,109860,KOSDAQ,분기x별도,재무제표,DS-2/DS-3,DONE,"cross-check completed for ['매출액', '영업이익']",,2026-07-07T22:10:32
동일금속,00118284,109860,KOSDAQ,분기x별도,지표,CV-6,PASS,default metric selection visible,,2026-07-07T22:10:32
동일기연,00199076,032960,KOSDAQ,연간x연결,재무제표,DS-1,PASS,,,2026-07-07T22:10:46
동일기연,00199076,032960,KOSDAQ,연간x연결,상단,DS-8,PASS,,,2026-07-07T22:10:46
동일기연,00199076,032960,KOSDAQ,연간x연결,상단,DS-7,PASS,"badges seen: ['✅', '🔎', '⚠']",,2026-07-07T22:10:46
동일기연,00199076,032960,KOSDAQ,연간x연결,재무제표,CV-3,PASS,rows=29 cols=19 slider_extended=True,,2026-07-07T22:10:46
동일기연,00199076,032960,KOSDAQ,연간x연결,재무제표,DS-2/DS-3,DONE,"cross-check completed for ['매출액', '영업이익']",,2026-07-07T22:10:46
동일기연,00199076,032960,KOSDAQ,연간x연결,지표,CV-6,PASS,default metric selection visible,,2026-07-07T22:10:46
동일기연,00199076,032960,KOSDAQ,연간x별도,재무제표,DS-1,PASS,,,2026-07-07T22:10:51
동일기연,00199076,032960,KOSDAQ,연간x별도,상단,DS-8,PASS,,,2026-07-07T22:10:51
동일기연,00199076,032960,KOSDAQ,연간x별도,상단,DS-7,PASS,"badges seen: ['✅', '🔎', '⚠']",,2026-07-07T22:10:51
동일기연,00199076,032960,KOSDAQ,연간x별도,재무제표,CV-3,PASS,rows=29 cols=24 slider_extended=True,,2026-07-07T22:10:51
동일기연,00199076,032960,KOSDAQ,연간x별도,재무제표,DS-2/DS-3,DONE,"cross-check completed for ['매출액', '영업이익']",,2026-07-07T22:10:51
동일기연,00199076,032960,KOSDAQ,연간x별도,지표,CV-6,PASS,default metric selection visible,,2026-07-07T22:10:51
동일기연,00199076,032960,KOSDAQ,분기x연결,재무제표,DS-1,PASS,,,2026-07-07T22:10:57
동일기연,00199076,032960,KOSDAQ,분기x연결,상단,DS-8,PASS,,,2026-07-07T22:10:57
동일기연,00199076,032960,KOSDAQ,분기x연결,상단,DS-7,PASS,"badges seen: ['✅', '🔎', '⚠']",,2026-07-07T22:10:57
동일기연,00199076,032960,KOSDAQ,분기x연결,재무제표,CV-3,PASS,rows=29 cols=60 slider_extended=True,,2026-07-07T22:10:57
동일기연,00199076,032960,KOSDAQ,분기x연결,재무제표,DS-2/DS-3,DONE,"cross-check completed for ['매출액', '영업이익']",,2026-07-07T22:10:57
동일기연,00199076,032960,KOSDAQ,분기x연결,지표,CV-6,PASS,default metric selection visible,,2026-07-07T22:10:57
동일기연,00199076,032960,KOSDAQ,분기x별도,재무제표,DS-1,PASS,,,2026-07-07T22:11:05
동일기연,00199076,032960,KOSDAQ,분기x별도,상단,DS-8,PASS,,,2026-07-07T22:11:05
동일기연,00199076,032960,KOSDAQ,분기x별도,상단,DS-7,PASS,"badges seen: ['✅', '🔎', '⚠']",,2026-07-07T22:11:05
동일기연,00199076,032960,KOSDAQ,분기x별도,재무제표,CV-3,PASS,rows=29 cols=90 slider_extended=True,,2026-07-07T22:11:05
동일기연,00199076,032960,KOSDAQ,분기x별도,재무제표,DS-2/DS-3,DONE,"cross-check completed for ['매출액', '영업이익']",,2026-07-07T22:11:05
동일기연,00199076,032960,KOSDAQ,분기x별도,지표,CV-6,PASS,default metric selection visible,,2026-07-07T22:11:05
동일스틸럭스,00172945,023790,KOSDAQ,연간x연결,재무제표,DS-1,PASS,,,2026-07-07T22:11:19
동일스틸럭스,00172945,023790,KOSDAQ,연간x연결,상단,DS-8,PASS,,,2026-07-07T22:11:19
동일스틸럭스,00172945,023790,KOSDAQ,연간x연결,상단,DS-4,PASS,substitution caption present,,2026-07-07T22:11:19
동일스틸럭스,00172945,023790,KOSDAQ,연간x연결,상단,DS-7,PASS,"badges seen: ['✅', '🔎', '⚠']",,2026-07-07T22:11:19
동일스틸럭스,00172945,023790,KOSDAQ,연간x연결,재무제표,CV-3,PASS,rows=29 cols=23 slider_extended=True,,2026-07-07T22:11:19
동일스틸럭스,00172945,023790,KOSDAQ,연간x연결,재무제표,DS-2/DS-3,DONE,"cross-check completed for ['매출액', '영업이익']",,2026-07-07T22:11:19
동일스틸럭스,00172945,023790,KOSDAQ,연간x연결,지표,CV-6,PASS,default metric selection visible,,2026-07-07T22:11:19
동일스틸럭스,00172945,023790,KOSDAQ,연간x별도,재무제표,DS-1,PASS,,,2026-07-07T22:11:24
동일스틸럭스,00172945,023790,KOSDAQ,연간x별도,상단,DS-8,PASS,,,2026-07-07T22:11:24
동일스틸럭스,00172945,023790,KOSDAQ,연간x별도,상단,DS-4,PASS,substitution caption present,,2026-07-07T22:11:24
동일스틸럭스,00172945,023790,KOSDAQ,연간x별도,상단,DS-7,PASS,"badges seen: ['✅', '🔎', '⚠']",,2026-07-07T22:11:24
동일스틸럭스,00172945,023790,KOSDAQ,연간x별도,재무제표,CV-3,PASS,rows=29 cols=23 slider_extended=True,,2026-07-07T22:11:24
동일스틸럭스,00172945,023790,KOSDAQ,연간x별도,재무제표,DS-2/DS-3,DONE,"cross-check completed for ['매출액', '영업이익']",,2026-07-07T22:11:24
동일스틸럭스,00172945,023790,KOSDAQ,연간x별도,지표,CV-6,PASS,default metric selection visible,,2026-07-07T22:11:24
동일스틸럭스,00172945,023790,KOSDAQ,분기x연결,재무제표,DS-1,PASS,,,2026-07-07T22:11:30
동일스틸럭스,00172945,023790,KOSDAQ,분기x연결,상단,DS-8,PASS,,,2026-07-07T22:11:30
동일스틸럭스,00172945,023790,KOSDAQ,분기x연결,상단,DS-4,PASS,substitution caption present,,2026-07-07T22:11:30
동일스틸럭스,00172945,023790,KOSDAQ,분기x연결,상단,DS-7,PASS,"badges seen: ['✅', '🔎', '⚠']",,2026-07-07T22:11:30
동일스틸럭스,00172945,023790,KOSDAQ,분기x연결,재무제표,CV-3,PASS,rows=29 cols=73 slider_extended=True,,2026-07-07T22:11:30
동일스틸럭스,00172945,023790,KOSDAQ,분기x연결,재무제표,DS-2/DS-3,DONE,"cross-check completed for ['매출액', '영업이익']",,2026-07-07T22:11:30
동일스틸럭스,00172945,023790,KOSDAQ,분기x연결,지표,CV-6,PASS,default metric selection visible,,2026-07-07T22:11:30
동일스틸럭스,00172945,023790,KOSDAQ,분기x별도,재무제표,DS-1,PASS,,,2026-07-07T22:11:38
동일스틸럭스,00172945,023790,KOSDAQ,분기x별도,상단,DS-8,PASS,,,2026-07-07T22:11:38
동일스틸럭스,00172945,023790,KOSDAQ,분기x별도,상단,DS-7,PASS,"badges seen: ['✅', '🔎', '⚠']",,2026-07-07T22:11:38
동일스틸럭스,00172945,023790,KOSDAQ,분기x별도,재무제표,CV-3,PASS,rows=29 cols=73 slider_extended=True,,2026-07-07T22:11:38
동일스틸럭스,00172945,023790,KOSDAQ,분기x별도,재무제표,DS-2/DS-3,DONE,"cross-check completed for ['매출액', '영업이익']",,2026-07-07T22:11:38
동일스틸럭스,00172945,023790,KOSDAQ,분기x별도,지표,CV-6,PASS,default metric selection visible,,2026-07-07T22:11:38
동진쎄미켐,00118804,005290,KOSDAQ,연간x연결,재무제표,DS-1,PASS,,,2026-07-07T22:11:51
동진쎄미켐,00118804,005290,KOSDAQ,연간x연결,상단,DS-8,PASS,,,2026-07-07T22:11:51
동진쎄미켐,00118804,005290,KOSDAQ,연간x연결,상단,DS-7,PASS,"badges seen: ['✅', '🔎']",,2026-07-07T22:11:51
동진쎄미켐,00118804,005290,KOSDAQ,연간x연결,재무제표,CV-3,PASS,rows=29 cols=28 slider_extended=True,,2026-07-07T22:11:51
동진쎄미켐,00118804,005290,KOSDAQ,연간x연결,재무제표,DS-2/DS-3,DONE,"cross-check completed for ['매출액', '영업이익']",,2026-07-07T22:11:51
동진쎄미켐,00118804,005290,KOSDAQ,연간x연결,지표,CV-6,PASS,default metric selection visible,,2026-07-07T22:11:51
동진쎄미켐,00118804,005290,KOSDAQ,연간x별도,재무제표,DS-1,PASS,,,2026-07-07T22:11:57
동진쎄미켐,00118804,005290,KOSDAQ,연간x별도,상단,DS-8,PASS,,,2026-07-07T22:11:57
동진쎄미켐,00118804,005290,KOSDAQ,연간x별도,상단,DS-7,PASS,"badges seen: ['✅', '🔎']",,2026-07-07T22:11:57
동진쎄미켐,00118804,005290,KOSDAQ,연간x별도,재무제표,CV-3,PASS,rows=29 cols=21 slider_extended=True,,2026-07-07T22:11:57
동진쎄미켐,00118804,005290,KOSDAQ,연간x별도,재무제표,DS-2/DS-3,DONE,"cross-check completed for ['매출액', '영업이익']",,2026-07-07T22:11:57
동진쎄미켐,00118804,005290,KOSDAQ,연간x별도,지표,CV-6,PASS,default metric selection visible,,2026-07-07T22:11:57
동진쎄미켐,00118804,005290,KOSDAQ,분기x연결,재무제표,DS-1,PASS,,,2026-07-07T22:12:03
동진쎄미켐,00118804,005290,KOSDAQ,분기x연결,상단,DS-8,PASS,,,2026-07-07T22:12:03
동진쎄미켐,00118804,005290,KOSDAQ,분기x연결,상단,DS-7,PASS,"badges seen: ['✅', '🔎']",,2026-07-07T22:12:03
동진쎄미켐,00118804,005290,KOSDAQ,분기x연결,재무제표,CV-3,PASS,rows=29 cols=87 slider_extended=True,,2026-07-07T22:12:03
동진쎄미켐,00118804,005290,KOSDAQ,분기x연결,재무제표,DS-2/DS-3,DONE,"cross-check completed for ['매출액', '영업이익']",,2026-07-07T22:12:03
동진쎄미켐,00118804,005290,KOSDAQ,분기x연결,지표,CV-6,PASS,default metric selection visible,,2026-07-07T22:12:03
동진쎄미켐,00118804,005290,KOSDAQ,분기x별도,재무제표,DS-1,PASS,,,2026-07-07T22:12:10
동진쎄미켐,00118804,005290,KOSDAQ,분기x별도,상단,DS-8,PASS,,,2026-07-07T22:12:10
동진쎄미켐,00118804,005290,KOSDAQ,분기x별도,상단,DS-7,PASS,"badges seen: ['✅', '🔎']",,2026-07-07T22:12:10
동진쎄미켐,00118804,005290,KOSDAQ,분기x별도,재무제표,CV-3,PASS,rows=29 cols=74 slider_extended=True,,2026-07-07T22:12:10
동진쎄미켐,00118804,005290,KOSDAQ,분기x별도,재무제표,DS-2/DS-3,DONE,"cross-check completed for ['매출액', '영업이익']",,2026-07-07T22:12:10
동진쎄미켐,00118804,005290,KOSDAQ,분기x별도,지표,CV-6,PASS,default metric selection visible,,2026-07-07T22:12:10
동화기업,00173032,025900,KOSDAQ,연간x연결,재무제표,DS-1,PASS,,,2026-07-07T22:12:24
동화기업,00173032,025900,KOSDAQ,연간x연결,상단,DS-8,PASS,,,2026-07-07T22:12:24
동화기업,00173032,025900,KOSDAQ,연간x연결,상단,DS-7,PASS,"badges seen: ['✅', '🔎']",,2026-07-07T22:12:24
동화기업,00173032,025900,KOSDAQ,연간x연결,재무제표,CV-3,PASS,rows=29 cols=19 slider_extended=True,,2026-07-07T22:12:24
동화기업,00173032,025900,KOSDAQ,연간x연결,재무제표,DS-2/DS-3,DONE,"cross-check completed for ['매출액', '영업이익']",,2026-07-07T22:12:24
동화기업,00173032,025900,KOSDAQ,연간x연결,지표,CV-6,FAIL,default metrics not found,,2026-07-07T22:12:24
동화기업,00173032,025900,KOSDAQ,연간x별도,재무제표,DS-1,PASS,,,2026-07-07T22:12:29
동화기업,00173032,025900,KOSDAQ,연간x별도,상단,DS-8,PASS,,,2026-07-07T22:12:29
동화기업,00173032,025900,KOSDAQ,연간x별도,상단,DS-7,PASS,"badges seen: ['✅', '🔎']",,2026-07-07T22:12:29
동화기업,00173032,025900,KOSDAQ,연간x별도,재무제표,CV-3,PASS,rows=29 cols=25 slider_extended=True,,2026-07-07T22:12:29
동화기업,00173032,025900,KOSDAQ,연간x별도,재무제표,DS-2/DS-3,DONE,"cross-check completed for ['매출액', '영업이익']",,2026-07-07T22:12:29
동화기업,00173032,025900,KOSDAQ,연간x별도,지표,CV-6,PASS,default metric selection visible,,2026-07-07T22:12:29
동화기업,00173032,025900,KOSDAQ,분기x연결,재무제표,DS-1,PASS,,,2026-07-07T22:12:36
동화기업,00173032,025900,KOSDAQ,분기x연결,상단,DS-8,PASS,,,2026-07-07T22:12:36
동화기업,00173032,025900,KOSDAQ,분기x연결,상단,DS-7,PASS,"badges seen: ['✅', '🔎']",,2026-07-07T22:12:36
동화기업,00173032,025900,KOSDAQ,분기x연결,재무제표,CV-3,PASS,rows=29 cols=71 slider_extended=True,,2026-07-07T22:12:36
동화기업,00173032,025900,KOSDAQ,분기x연결,재무제표,DS-2/DS-3,DONE,"cross-check completed for ['매출액', '영업이익']",,2026-07-07T22:12:36
동화기업,00173032,025900,KOSDAQ,분기x연결,지표,CV-6,PASS,default metric selection visible,,2026-07-07T22:12:36
동화기업,00173032,025900,KOSDAQ,분기x별도,재무제표,DS-1,PASS,,,2026-07-07T22:12:43
동화기업,00173032,025900,KOSDAQ,분기x별도,상단,DS-8,PASS,,,2026-07-07T22:12:43
동화기업,00173032,025900,KOSDAQ,분기x별도,상단,DS-7,PASS,"badges seen: ['✅', '🔎', '⚠']",,2026-07-07T22:12:43
동화기업,00173032,025900,KOSDAQ,분기x별도,재무제표,CV-3,PASS,rows=29 cols=76 slider_extended=True,,2026-07-07T22:12:43
동화기업,00173032,025900,KOSDAQ,분기x별도,재무제표,DS-2/DS-3,DONE,"cross-check completed for ['매출액', '영업이익']",,2026-07-07T22:12:43
동화기업,00173032,025900,KOSDAQ,분기x별도,지표,CV-6,PASS,default metric selection visible,,2026-07-07T22:12:43
두산테스나,00563545,131970,KOSDAQ,연간x연결,재무제표,DS-1,PASS,,,2026-07-07T22:12:57
두산테스나,00563545,131970,KOSDAQ,연간x연결,상단,DS-8,PASS,,,2026-07-07T22:12:57
두산테스나,00563545,131970,KOSDAQ,연간x연결,상단,DS-7,PASS,"badges seen: ['✅', '🔎']",,2026-07-07T22:12:57
두산테스나,00563545,131970,KOSDAQ,연간x연결,재무제표,CV-3,PASS,rows=29 cols=5 slider_extended=True,,2026-07-07T22:12:57
두산테스나,00563545,131970,KOSDAQ,연간x연결,재무제표,DS-2/DS-3,DONE,"cross-check completed for ['매출액', '영업이익']",,2026-07-07T22:12:57
두산테스나,00563545,131970,KOSDAQ,연간x연결,지표,CV-6,PASS,default metric selection visible,,2026-07-07T22:12:57
두산테스나,00563545,131970,KOSDAQ,연간x별도,재무제표,DS-1,PASS,,,2026-07-07T22:13:02
두산테스나,00563545,131970,KOSDAQ,연간x별도,상단,DS-8,PASS,,,2026-07-07T22:13:02
두산테스나,00563545,131970,KOSDAQ,연간x별도,상단,DS-7,PASS,"badges seen: ['✅', '🔎', '⚠']",,2026-07-07T22:13:02
두산테스나,00563545,131970,KOSDAQ,연간x별도,재무제표,CV-3,PASS,rows=29 cols=17 slider_extended=True,,2026-07-07T22:13:02
두산테스나,00563545,131970,KOSDAQ,연간x별도,재무제표,DS-2/DS-3,DONE,"cross-check completed for ['매출액', '영업이익']",,2026-07-07T22:13:02
두산테스나,00563545,131970,KOSDAQ,연간x별도,지표,CV-6,PASS,default metric selection visible,,2026-07-07T22:13:02
두산테스나,00563545,131970,KOSDAQ,분기x연결,재무제표,DS-1,PASS,,,2026-07-07T22:13:08
두산테스나,00563545,131970,KOSDAQ,분기x연결,상단,DS-8,PASS,,,2026-07-07T22:13:08
두산테스나,00563545,131970,KOSDAQ,분기x연결,상단,DS-7,PASS,"badges seen: ['✅', '🔎']",,2026-07-07T22:13:08
두산테스나,00563545,131970,KOSDAQ,분기x연결,재무제표,CV-3,PASS,rows=29 cols=11 slider_extended=True,,2026-07-07T22:13:08
두산테스나,00563545,131970,KOSDAQ,분기x연결,재무제표,DS-2/DS-3,DONE,"cross-check completed for ['매출액', '영업이익']",,2026-07-07T22:13:08
두산테스나,00563545,131970,KOSDAQ,분기x연결,지표,CV-6,PASS,default metric selection visible,,2026-07-07T22:13:08
두산테스나,00563545,131970,KOSDAQ,분기x별도,재무제표,DS-1,PASS,,,2026-07-07T22:13:15
두산테스나,00563545,131970,KOSDAQ,분기x별도,상단,DS-8,PASS,,,2026-07-07T22:13:15
두산테스나,00563545,131970,KOSDAQ,분기x별도,상단,DS-7,PASS,"badges seen: ['✅', '🔎', '⚠']",,2026-07-07T22:13:15
두산테스나,00563545,131970,KOSDAQ,분기x별도,재무제표,CV-3,PASS,rows=29 cols=54 slider_extended=True,,2026-07-07T22:13:15
두산테스나,00563545,131970,KOSDAQ,분기x별도,재무제표,DS-2/DS-3,DONE,"cross-check completed for ['매출액', '영업이익']",,2026-07-07T22:13:15
두산테스나,00563545,131970,KOSDAQ,분기x별도,지표,CV-6,PASS,default metric selection visible,,2026-07-07T22:13:15
듀오백,00407771,073190,KOSDAQ,연간x연결,재무제표,DS-1,PASS,,,2026-07-07T22:13:29
듀오백,00407771,073190,KOSDAQ,연간x연결,상단,DS-8,PASS,,,2026-07-07T22:13:29
듀오백,00407771,073190,KOSDAQ,연간x연결,상단,DS-7,PASS,"badges seen: ['✅', '🔎', '⚠']",,2026-07-07T22:13:29
듀오백,00407771,073190,KOSDAQ,연간x연결,재무제표,CV-3,PASS,rows=29 cols=12 slider_extended=True,,2026-07-07T22:13:29
듀오백,00407771,073190,KOSDAQ,연간x연결,재무제표,DS-2/DS-3,DONE,"cross-check completed for ['매출액', '영업이익']",,2026-07-07T22:13:29
듀오백,00407771,073190,KOSDAQ,연간x연결,지표,CV-6,PASS,default metric selection visible,,2026-07-07T22:13:29
듀오백,00407771,073190,KOSDAQ,연간x별도,재무제표,DS-1,PASS,,,2026-07-07T22:13:34
듀오백,00407771,073190,KOSDAQ,연간x별도,상단,DS-8,PASS,,,2026-07-07T22:13:34
듀오백,00407771,073190,KOSDAQ,연간x별도,상단,DS-7,PASS,"badges seen: ['✅', '🔎', '⚠']",,2026-07-07T22:13:34
듀오백,00407771,073190,KOSDAQ,연간x별도,재무제표,CV-3,PASS,rows=29 cols=27 slider_extended=True,,2026-07-07T22:13:34
듀오백,00407771,073190,KOSDAQ,연간x별도,재무제표,DS-2/DS-3,DONE,"cross-check completed for ['매출액', '영업이익']",,2026-07-07T22:13:34
듀오백,00407771,073190,KOSDAQ,연간x별도,지표,CV-6,PASS,default metric selection visible,,2026-07-07T22:13:34
듀오백,00407771,073190,KOSDAQ,분기x연결,재무제표,DS-1,PASS,,,2026-07-07T22:13:40
듀오백,00407771,073190,KOSDAQ,분기x연결,상단,DS-8,PASS,,,2026-07-07T22:13:40
듀오백,00407771,073190,KOSDAQ,분기x연결,상단,DS-7,PASS,"badges seen: ['✅', '🔎', '⚠']",,2026-07-07T22:13:40
듀오백,00407771,073190,KOSDAQ,분기x연결,재무제표,CV-3,PASS,rows=29 cols=60 slider_extended=True,,2026-07-07T22:13:40
듀오백,00407771,073190,KOSDAQ,분기x연결,재무제표,DS-2/DS-3,DONE,"cross-check completed for ['매출액', '영업이익']",,2026-07-07T22:13:40
듀오백,00407771,073190,KOSDAQ,분기x연결,지표,CV-6,PASS,default metric selection visible,,2026-07-07T22:13:40
듀오백,00407771,073190,KOSDAQ,분기x별도,재무제표,DS-1,PASS,,,2026-07-07T22:13:47
듀오백,00407771,073190,KOSDAQ,분기x별도,상단,DS-8,PASS,,,2026-07-07T22:13:47
듀오백,00407771,073190,KOSDAQ,분기x별도,상단,DS-7,PASS,"badges seen: ['✅', '🔎', '⚠']",,2026-07-07T22:13:47
듀오백,00407771,073190,KOSDAQ,분기x별도,재무제표,CV-3,PASS,rows=29 cols=85 slider_extended=True,,2026-07-07T22:13:47
듀오백,00407771,073190,KOSDAQ,분기x별도,재무제표,DS-2/DS-3,DONE,"cross-check completed for ['매출액', '영업이익']",,2026-07-07T22:13:47
듀오백,00407771,073190,KOSDAQ,분기x별도,지표,CV-6,PASS,default metric selection visible,,2026-07-07T22:13:47
듀켐바이오,00867034,176750,KOSDAQ,연간x연결,재무제표,DS-1,PASS,,,2026-07-07T22:14:01
듀켐바이오,00867034,176750,KOSDAQ,연간x연결,상단,DS-8,PASS,,,2026-07-07T22:14:01
듀켐바이오,00867034,176750,KOSDAQ,연간x연결,상단,DS-7,PASS,"badges seen: ['✅', '🔎']",,2026-07-07T22:14:01
듀켐바이오,00867034,176750,KOSDAQ,연간x연결,재무제표,CV-3,PASS,rows=29 cols=15 slider_extended=True,,2026-07-07T22:14:01
듀켐바이오,00867034,176750,KOSDAQ,연간x연결,재무제표,DS-2/DS-3,DONE,"cross-check completed for ['매출액', '영업이익']",,2026-07-07T22:14:01
듀켐바이오,00867034,176750,KOSDAQ,연간x연결,지표,CV-6,PASS,default metric selection visible,,2026-07-07T22:14:01
듀켐바이오,00867034,176750,KOSDAQ,연간x별도,재무제표,DS-1,PASS,,,2026-07-07T22:14:06
듀켐바이오,00867034,176750,KOSDAQ,연간x별도,상단,DS-8,PASS,,,2026-07-07T22:14:06
듀켐바이오,00867034,176750,KOSDAQ,연간x별도,상단,DS-7,PASS,"badges seen: ['✅', '🔎']",,2026-07-07T22:14:06
듀켐바이오,00867034,176750,KOSDAQ,연간x별도,재무제표,CV-3,PASS,rows=29 cols=17 slider_extended=True,,2026-07-07T22:14:06
듀켐바이오,00867034,176750,KOSDAQ,연간x별도,재무제표,DS-2/DS-3,DONE,"cross-check completed for ['매출액', '영업이익']",,2026-07-07T22:14:06
듀켐바이오,00867034,176750,KOSDAQ,연간x별도,지표,CV-6,PASS,default metric selection visible,,2026-07-07T22:14:06
듀켐바이오,00867034,176750,KOSDAQ,분기x연결,재무제표,DS-1,PASS,,,2026-07-07T22:14:12
듀켐바이오,00867034,176750,KOSDAQ,분기x연결,상단,DS-8,PASS,,,2026-07-07T22:14:12
듀켐바이오,00867034,176750,KOSDAQ,분기x연결,상단,DS-7,PASS,"badges seen: ['✅', '🔎']",,2026-07-07T22:14:12
듀켐바이오,00867034,176750,KOSDAQ,분기x연결,재무제표,CV-3,PASS,rows=29 cols=11 slider_extended=True,,2026-07-07T22:14:12
듀켐바이오,00867034,176750,KOSDAQ,분기x연결,재무제표,DS-2/DS-3,DONE,"cross-check completed for ['매출액', '영업이익']",,2026-07-07T22:14:12
듀켐바이오,00867034,176750,KOSDAQ,분기x연결,지표,CV-6,PASS,default metric selection visible,,2026-07-07T22:14:12
듀켐바이오,00867034,176750,KOSDAQ,분기x별도,재무제표,DS-1,PASS,,,2026-07-07T22:14:19
듀켐바이오,00867034,176750,KOSDAQ,분기x별도,상단,DS-8,PASS,,,2026-07-07T22:14:19
듀켐바이오,00867034,176750,KOSDAQ,분기x별도,상단,DS-7,PASS,"badges seen: ['✅', '🔎']",,2026-07-07T22:14:19
듀켐바이오,00867034,176750,KOSDAQ,분기x별도,재무제표,CV-3,PASS,rows=29 cols=11 slider_extended=True,,2026-07-07T22:14:19
듀켐바이오,00867034,176750,KOSDAQ,분기x별도,재무제표,DS-2/DS-3,DONE,"cross-check completed for ['매출액', '영업이익']",,2026-07-07T22:14:19
듀켐바이오,00867034,176750,KOSDAQ,분기x별도,지표,CV-6,PASS,default metric selection visible,,2026-07-07T22:14:19
드래곤플라이,00230036,030350,KOSDAQ,연간x연결,재무제표,DS-1,PASS,,,2026-07-07T22:14:33
드래곤플라이,00230036,030350,KOSDAQ,연간x연결,상단,DS-8,PASS,,,2026-07-07T22:14:33
드래곤플라이,00230036,030350,KOSDAQ,연간x연결,상단,DS-7,PASS,"badges seen: ['✅', '🔎', '⚠']",,2026-07-07T22:14:33
드래곤플라이,00230036,030350,KOSDAQ,연간x연결,재무제표,CV-3,PASS,rows=29 cols=12 slider_extended=True,,2026-07-07T22:14:33
드래곤플라이,00230036,030350,KOSDAQ,연간x연결,재무제표,DS-2/DS-3,DONE,"cross-check completed for ['매출액', '영업이익']",,2026-07-07T22:14:33
드래곤플라이,00230036,030350,KOSDAQ,연간x연결,지표,CV-6,PASS,default metric selection visible,,2026-07-07T22:14:33
드래곤플라이,00230036,030350,KOSDAQ,연간x별도,재무제표,DS-1,PASS,,,2026-07-07T22:14:38
드래곤플라이,00230036,030350,KOSDAQ,연간x별도,상단,DS-8,PASS,,,2026-07-07T22:14:38
드래곤플라이,00230036,030350,KOSDAQ,연간x별도,상단,DS-7,PASS,"badges seen: ['✅', '🔎', '⚠']",,2026-07-07T22:14:38
드래곤플라이,00230036,030350,KOSDAQ,연간x별도,재무제표,CV-3,PASS,rows=29 cols=28 slider_extended=True,,2026-07-07T22:14:38
드래곤플라이,00230036,030350,KOSDAQ,연간x별도,재무제표,DS-2/DS-3,DONE,"cross-check completed for ['매출액', '영업이익']",,2026-07-07T22:14:38
드래곤플라이,00230036,030350,KOSDAQ,연간x별도,지표,CV-6,PASS,default metric selection visible,,2026-07-07T22:14:38
드래곤플라이,00230036,030350,KOSDAQ,분기x연결,재무제표,DS-1,PASS,,,2026-07-07T22:14:44
드래곤플라이,00230036,030350,KOSDAQ,분기x연결,상단,DS-8,PASS,,,2026-07-07T22:14:44
드래곤플라이,00230036,030350,KOSDAQ,분기x연결,상단,DS-7,PASS,"badges seen: ['✅', '🔎', '⚠']",,2026-07-07T22:14:44
드래곤플라이,00230036,030350,KOSDAQ,분기x연결,재무제표,CV-3,PASS,rows=29 cols=56 slider_extended=True,,2026-07-07T22:14:44
드래곤플라이,00230036,030350,KOSDAQ,분기x연결,재무제표,DS-2/DS-3,DONE,"cross-check completed for ['매출액', '영업이익']",,2026-07-07T22:14:44
드래곤플라이,00230036,030350,KOSDAQ,분기x연결,지표,CV-6,PASS,default metric selection visible,,2026-07-07T22:14:44
드래곤플라이,00230036,030350,KOSDAQ,분기x별도,재무제표,DS-1,PASS,,,2026-07-07T22:14:52
드래곤플라이,00230036,030350,KOSDAQ,분기x별도,상단,DS-8,PASS,,,2026-07-07T22:14:52
드래곤플라이,00230036,030350,KOSDAQ,분기x별도,상단,DS-7,PASS,"badges seen: ['✅', '🔎', '⚠']",,2026-07-07T22:14:52
드래곤플라이,00230036,030350,KOSDAQ,분기x별도,재무제표,CV-3,PASS,rows=29 cols=85 slider_extended=True,,2026-07-07T22:14:52
드래곤플라이,00230036,030350,KOSDAQ,분기x별도,재무제표,DS-2/DS-3,DONE,"cross-check completed for ['매출액', '영업이익']",,2026-07-07T22:14:52
드래곤플라이,00230036,030350,KOSDAQ,분기x별도,지표,CV-6,PASS,default metric selection visible,,2026-07-07T22:14:52
드림시큐리티,01038693,203650,KOSDAQ,연간x연결,재무제표,DS-1,PASS,,,2026-07-07T22:15:05
드림시큐리티,01038693,203650,KOSDAQ,연간x연결,상단,DS-8,PASS,,,2026-07-07T22:15:05
드림시큐리티,01038693,203650,KOSDAQ,연간x연결,상단,DS-7,PASS,"badges seen: ['✅', '🔎', '⚠']",,2026-07-07T22:15:05
드림시큐리티,01038693,203650,KOSDAQ,연간x연결,재무제표,CV-3,PASS,rows=29 cols=13 slider_extended=True,,2026-07-07T22:15:05
드림시큐리티,01038693,203650,KOSDAQ,연간x연결,재무제표,DS-2/DS-3,DONE,"cross-check completed for ['매출액', '영업이익']",,2026-07-07T22:15:05
드림시큐리티,01038693,203650,KOSDAQ,연간x연결,지표,CV-6,PASS,default metric selection visible,,2026-07-07T22:15:05
드림시큐리티,01038693,203650,KOSDAQ,연간x별도,재무제표,DS-1,PASS,,,2026-07-07T22:15:10
드림시큐리티,01038693,203650,KOSDAQ,연간x별도,상단,DS-8,PASS,,,2026-07-07T22:15:10
드림시큐리티,01038693,203650,KOSDAQ,연간x별도,상단,DS-7,PASS,"badges seen: ['✅', '🔎', '⚠']",,2026-07-07T22:15:10
드림시큐리티,01038693,203650,KOSDAQ,연간x별도,재무제표,CV-3,PASS,rows=29 cols=16 slider_extended=True,,2026-07-07T22:15:10
드림시큐리티,01038693,203650,KOSDAQ,연간x별도,재무제표,DS-2/DS-3,DONE,"cross-check completed for ['매출액', '영업이익']",,2026-07-07T22:15:10
드림시큐리티,01038693,203650,KOSDAQ,연간x별도,지표,CV-6,PASS,default metric selection visible,,2026-07-07T22:15:10
드림시큐리티,01038693,203650,KOSDAQ,분기x연결,재무제표,DS-1,PASS,,,2026-07-07T22:15:17
드림시큐리티,01038693,203650,KOSDAQ,분기x연결,상단,DS-8,PASS,,,2026-07-07T22:15:17
드림시큐리티,01038693,203650,KOSDAQ,분기x연결,상단,DS-7,PASS,"badges seen: ['✅', '🔎', '⚠']",,2026-07-07T22:15:17
드림시큐리티,01038693,203650,KOSDAQ,분기x연결,재무제표,CV-3,PASS,rows=29 cols=44 slider_extended=True,,2026-07-07T22:15:17
드림시큐리티,01038693,203650,KOSDAQ,분기x연결,재무제표,DS-2/DS-3,DONE,"cross-check completed for ['매출액', '영업이익']",,2026-07-07T22:15:17
드림시큐리티,01038693,203650,KOSDAQ,분기x연결,지표,CV-6,PASS,default metric selection visible,,2026-07-07T22:15:17
드림시큐리티,01038693,203650,KOSDAQ,분기x별도,재무제표,DS-1,PASS,,,2026-07-07T22:15:24
드림시큐리티,01038693,203650,KOSDAQ,분기x별도,상단,DS-8,PASS,,,2026-07-07T22:15:24
드림시큐리티,01038693,203650,KOSDAQ,분기x별도,상단,DS-7,PASS,"badges seen: ['✅', '🔎', '⚠']",,2026-07-07T22:15:24
드림시큐리티,01038693,203650,KOSDAQ,분기x별도,재무제표,CV-3,PASS,rows=29 cols=48 slider_extended=True,,2026-07-07T22:15:24
드림시큐리티,01038693,203650,KOSDAQ,분기x별도,재무제표,DS-2/DS-3,DONE,"cross-check completed for ['매출액', '영업이익']",,2026-07-07T22:15:24
드림시큐리티,01038693,203650,KOSDAQ,분기x별도,지표,CV-6,PASS,default metric selection visible,,2026-07-07T22:15:24
드림씨아이에스,00916826,223250,KOSDAQ,연간x연결,재무제표,DS-1,PASS,,,2026-07-07T22:15:38
드림씨아이에스,00916826,223250,KOSDAQ,연간x연결,상단,DS-8,PASS,,,2026-07-07T22:15:38
드림씨아이에스,00916826,223250,KOSDAQ,연간x연결,상단,DS-7,PASS,"badges seen: ['✅', '🔎']",,2026-07-07T22:15:38
드림씨아이에스,00916826,223250,KOSDAQ,연간x연결,재무제표,CV-3,PASS,rows=29 cols=10 slider_extended=True,,2026-07-07T22:15:38
드림씨아이에스,00916826,223250,KOSDAQ,연간x연결,재무제표,DS-2/DS-3,DONE,"cross-check completed for ['매출액', '영업이익']",,2026-07-07T22:15:38
드림씨아이에스,00916826,223250,KOSDAQ,연간x연결,지표,CV-6,PASS,default metric selection visible,,2026-07-07T22:15:38
드림씨아이에스,00916826,223250,KOSDAQ,연간x별도,재무제표,DS-1,PASS,,,2026-07-07T22:15:43
드림씨아이에스,00916826,223250,KOSDAQ,연간x별도,상단,DS-8,PASS,,,2026-07-07T22:15:43
드림씨아이에스,00916826,223250,KOSDAQ,연간x별도,상단,DS-7,PASS,"badges seen: ['✅', '🔎', '⚠']",,2026-07-07T22:15:43
드림씨아이에스,00916826,223250,KOSDAQ,연간x별도,재무제표,CV-3,PASS,rows=29 cols=10 slider_extended=True,,2026-07-07T22:15:43
드림씨아이에스,00916826,223250,KOSDAQ,연간x별도,재무제표,DS-2/DS-3,DONE,"cross-check completed for ['매출액', '영업이익']",,2026-07-07T22:15:43
드림씨아이에스,00916826,223250,KOSDAQ,연간x별도,지표,CV-6,PASS,default metric selection visible,,2026-07-07T22:15:43
드림씨아이에스,00916826,223250,KOSDAQ,분기x연결,재무제표,DS-1,PASS,,,2026-07-07T22:15:49
드림씨아이에스,00916826,223250,KOSDAQ,분기x연결,상단,DS-8,PASS,,,2026-07-07T22:15:49
드림씨아이에스,00916826,223250,KOSDAQ,분기x연결,상단,DS-7,PASS,"badges seen: ['✅', '🔎', '⚠']",,2026-07-07T22:15:49
드림씨아이에스,00916826,223250,KOSDAQ,분기x연결,재무제표,CV-3,PASS,rows=29 cols=29 slider_extended=True,,2026-07-07T22:15:49
드림씨아이에스,00916826,223250,KOSDAQ,분기x연결,재무제표,DS-2/DS-3,DONE,"cross-check completed for ['매출액', '영업이익']",,2026-07-07T22:15:49
드림씨아이에스,00916826,223250,KOSDAQ,분기x연결,지표,CV-6,PASS,default metric selection visible,,2026-07-07T22:15:49
드림씨아이에스,00916826,223250,KOSDAQ,분기x별도,재무제표,DS-1,PASS,,,2026-07-07T22:15:56
드림씨아이에스,00916826,223250,KOSDAQ,분기x별도,상단,DS-8,PASS,,,2026-07-07T22:15:56
드림씨아이에스,00916826,223250,KOSDAQ,분기x별도,상단,DS-7,PASS,"badges seen: ['✅', '🔎', '⚠']",,2026-07-07T22:15:56
드림씨아이에스,00916826,223250,KOSDAQ,분기x별도,재무제표,CV-3,PASS,rows=29 cols=31 slider_extended=True,,2026-07-07T22:15:56
드림씨아이에스,00916826,223250,KOSDAQ,분기x별도,재무제표,DS-2/DS-3,DONE,"cross-check completed for ['매출액', '영업이익']",,2026-07-07T22:15:56
드림씨아이에스,00916826,223250,KOSDAQ,분기x별도,지표,CV-6,PASS,default metric selection visible,,2026-07-07T22:15:56
드림어스컴퍼니,00364467,060570,KOSDAQ,연간x연결,재무제표,DS-1,PASS,,,2026-07-07T22:16:10
드림어스컴퍼니,00364467,060570,KOSDAQ,연간x연결,상단,DS-8,PASS,,,2026-07-07T22:16:10
드림어스컴퍼니,00364467,060570,KOSDAQ,연간x연결,상단,DS-7,PASS,"badges seen: ['✅', '🔎']",,2026-07-07T22:16:10
드림어스컴퍼니,00364467,060570,KOSDAQ,연간x연결,재무제표,CV-3,PASS,rows=29 cols=19 slider_extended=True,,2026-07-07T22:16:10
드림어스컴퍼니,00364467,060570,KOSDAQ,연간x연결,재무제표,DS-2/DS-3,DONE,"cross-check completed for ['매출액', '영업이익']",,2026-07-07T22:16:10
드림어스컴퍼니,00364467,060570,KOSDAQ,연간x연결,지표,CV-6,PASS,default metric selection visible,,2026-07-07T22:16:10
드림어스컴퍼니,00364467,060570,KOSDAQ,연간x별도,재무제표,DS-1,PASS,,,2026-07-07T22:16:15
드림어스컴퍼니,00364467,060570,KOSDAQ,연간x별도,상단,DS-8,PASS,,,2026-07-07T22:16:15
드림어스컴퍼니,00364467,060570,KOSDAQ,연간x별도,상단,DS-7,PASS,"badges seen: ['✅', '🔎']",,2026-07-07T22:16:15
드림어스컴퍼니,00364467,060570,KOSDAQ,연간x별도,재무제표,CV-3,PASS,rows=29 cols=26 slider_extended=True,,2026-07-07T22:16:15
드림어스컴퍼니,00364467,060570,KOSDAQ,연간x별도,재무제표,DS-2/DS-3,DONE,"cross-check completed for ['매출액', '영업이익']",,2026-07-07T22:16:15
드림어스컴퍼니,00364467,060570,KOSDAQ,연간x별도,지표,CV-6,PASS,default metric selection visible,,2026-07-07T22:16:15
드림어스컴퍼니,00364467,060570,KOSDAQ,분기x연결,재무제표,DS-1,PASS,,,2026-07-07T22:16:21
드림어스컴퍼니,00364467,060570,KOSDAQ,분기x연결,상단,DS-8,PASS,,,2026-07-07T22:16:21
드림어스컴퍼니,00364467,060570,KOSDAQ,분기x연결,상단,DS-7,PASS,"badges seen: ['✅', '🔎']",,2026-07-07T22:16:21
드림어스컴퍼니,00364467,060570,KOSDAQ,분기x연결,재무제표,CV-3,PASS,rows=29 cols=63 slider_extended=True,,2026-07-07T22:16:21
드림어스컴퍼니,00364467,060570,KOSDAQ,분기x연결,재무제표,DS-2/DS-3,DONE,"cross-check completed for ['매출액', '영업이익']",,2026-07-07T22:16:21
드림어스컴퍼니,00364467,060570,KOSDAQ,분기x연결,지표,CV-6,PASS,default metric selection visible,,2026-07-07T22:16:21
드림어스컴퍼니,00364467,060570,KOSDAQ,분기x별도,재무제표,DS-1,PASS,,,2026-07-07T22:16:28
드림어스컴퍼니,00364467,060570,KOSDAQ,분기x별도,상단,DS-8,PASS,,,2026-07-07T22:16:28
드림어스컴퍼니,00364467,060570,KOSDAQ,분기x별도,상단,DS-7,PASS,"badges seen: ['✅', '🔎']",,2026-07-07T22:16:28
드림어스컴퍼니,00364467,060570,KOSDAQ,분기x별도,재무제표,CV-3,PASS,rows=29 cols=81 slider_extended=True,,2026-07-07T22:16:28
드림어스컴퍼니,00364467,060570,KOSDAQ,분기x별도,재무제표,DS-2/DS-3,DONE,"cross-check completed for ['매출액', '영업이익']",,2026-07-07T22:16:28
드림어스컴퍼니,00364467,060570,KOSDAQ,분기x별도,지표,CV-6,PASS,default metric selection visible,,2026-07-07T22:16:28
드림인사이트,01492688,362990,KOSDAQ,연간x연결,재무제표,DS-1,PASS,,,2026-07-07T22:16:41
드림인사이트,01492688,362990,KOSDAQ,연간x연결,상단,DS-8,PASS,,,2026-07-07T22:16:41
드림인사이트,01492688,362990,KOSDAQ,연간x연결,상단,DS-7,PASS,"badges seen: ['✅', '🔎']",,2026-07-07T22:16:41
드림인사이트,01492688,362990,KOSDAQ,연간x연결,재무제표,CV-3,PASS,rows=29 cols=6 slider_extended=True,,2026-07-07T22:16:41
드림인사이트,01492688,362990,KOSDAQ,연간x연결,재무제표,DS-2/DS-3,DONE,"cross-check completed for ['매출액', '영업이익']",,2026-07-07T22:16:41
드림인사이트,01492688,362990,KOSDAQ,연간x연결,지표,CV-6,PASS,default metric selection visible,,2026-07-07T22:16:41
드림인사이트,01492688,362990,KOSDAQ,연간x별도,재무제표,DS-1,PASS,,,2026-07-07T22:16:46
드림인사이트,01492688,362990,KOSDAQ,연간x별도,상단,DS-8,PASS,,,2026-07-07T22:16:46
드림인사이트,01492688,362990,KOSDAQ,연간x별도,상단,DS-7,PASS,"badges seen: ['✅', '🔎']",,2026-07-07T22:16:46
드림인사이트,01492688,362990,KOSDAQ,연간x별도,재무제표,CV-3,PASS,rows=29 cols=7 slider_extended=True,,2026-07-07T22:16:46
드림인사이트,01492688,362990,KOSDAQ,연간x별도,재무제표,DS-2/DS-3,DONE,"cross-check completed for ['매출액', '영업이익']",,2026-07-07T22:16:46
드림인사이트,01492688,362990,KOSDAQ,연간x별도,지표,CV-6,PASS,default metric selection visible,,2026-07-07T22:16:46
드림인사이트,01492688,362990,KOSDAQ,분기x연결,재무제표,DS-1,PASS,,,2026-07-07T22:16:52
드림인사이트,01492688,362990,KOSDAQ,분기x연결,상단,DS-8,PASS,,,2026-07-07T22:16:52
드림인사이트,01492688,362990,KOSDAQ,분기x연결,상단,DS-7,PASS,"badges seen: ['✅', '🔎']",,2026-07-07T22:16:52
드림인사이트,01492688,362990,KOSDAQ,분기x연결,재무제표,CV-3,PASS,rows=29 cols=13 slider_extended=True,,2026-07-07T22:16:52
드림인사이트,01492688,362990,KOSDAQ,분기x연결,재무제표,DS-2/DS-3,DONE,"cross-check completed for ['매출액', '영업이익']",,2026-07-07T22:16:52
드림인사이트,01492688,362990,KOSDAQ,분기x연결,지표,CV-6,PASS,default metric selection visible,,2026-07-07T22:16:52
드림인사이트,01492688,362990,KOSDAQ,분기x별도,재무제표,DS-1,PASS,,,2026-07-07T22:16:59
드림인사이트,01492688,362990,KOSDAQ,분기x별도,상단,DS-8,PASS,,,2026-07-07T22:16:59
드림인사이트,01492688,362990,KOSDAQ,분기x별도,상단,DS-7,PASS,"badges seen: ['✅', '🔎']",,2026-07-07T22:16:59
드림인사이트,01492688,362990,KOSDAQ,분기x별도,재무제표,CV-3,PASS,rows=29 cols=16 slider_extended=True,,2026-07-07T22:16:59
드림인사이트,01492688,362990,KOSDAQ,분기x별도,재무제표,DS-2/DS-3,DONE,"cross-check completed for ['매출액', '영업이익']",,2026-07-07T22:16:59
드림인사이트,01492688,362990,KOSDAQ,분기x별도,지표,CV-6,PASS,default metric selection visible,,2026-07-07T22:16:59
디모아,00125725,016670,KOSDAQ,연간x연결,재무제표,DS-1,PASS,,,2026-07-07T22:17:13
디모아,00125725,016670,KOSDAQ,연간x연결,상단,DS-8,PASS,,,2026-07-07T22:17:13
디모아,00125725,016670,KOSDAQ,연간x연결,상단,DS-7,PASS,"badges seen: ['✅', '🔎', '⚠']",,2026-07-07T22:17:13
디모아,00125725,016670,KOSDAQ,연간x연결,재무제표,CV-3,PASS,rows=29 cols=17 slider_extended=True,,2026-07-07T22:17:13
디모아,00125725,016670,KOSDAQ,연간x연결,재무제표,DS-2/DS-3,DONE,"cross-check completed for ['매출액', '영업이익']",,2026-07-07T22:17:13
디모아,00125725,016670,KOSDAQ,연간x연결,지표,CV-6,PASS,default metric selection visible,,2026-07-07T22:17:13
디모아,00125725,016670,KOSDAQ,연간x별도,재무제표,DS-1,PASS,,,2026-07-07T22:17:18
디모아,00125725,016670,KOSDAQ,연간x별도,상단,DS-8,PASS,,,2026-07-07T22:17:18
디모아,00125725,016670,KOSDAQ,연간x별도,상단,DS-7,PASS,"badges seen: ['✅', '🔎', '⚠']",,2026-07-07T22:17:18
디모아,00125725,016670,KOSDAQ,연간x별도,재무제표,CV-3,PASS,rows=29 cols=27 slider_extended=True,,2026-07-07T22:17:18
디모아,00125725,016670,KOSDAQ,연간x별도,재무제표,DS-2/DS-3,DONE,"cross-check completed for ['매출액', '영업이익']",,2026-07-07T22:17:18
디모아,00125725,016670,KOSDAQ,연간x별도,지표,CV-6,PASS,default metric selection visible,,2026-07-07T22:17:18
디모아,00125725,016670,KOSDAQ,분기x연결,재무제표,DS-1,PASS,,,2026-07-07T22:17:24
디모아,00125725,016670,KOSDAQ,분기x연결,상단,DS-8,PASS,,,2026-07-07T22:17:24
디모아,00125725,016670,KOSDAQ,분기x연결,상단,DS-7,PASS,"badges seen: ['✅', '🔎']",,2026-07-07T22:17:24
디모아,00125725,016670,KOSDAQ,분기x연결,재무제표,CV-3,PASS,rows=29 cols=57 slider_extended=True,,2026-07-07T22:17:24
디모아,00125725,016670,KOSDAQ,분기x연결,재무제표,DS-2/DS-3,DONE,"cross-check completed for ['매출액', '영업이익']",,2026-07-07T22:17:24
디모아,00125725,016670,KOSDAQ,분기x연결,지표,CV-6,PASS,default metric selection visible,,2026-07-07T22:17:24
디모아,00125725,016670,KOSDAQ,분기x별도,재무제표,DS-1,PASS,,,2026-07-07T22:17:32
디모아,00125725,016670,KOSDAQ,분기x별도,상단,DS-8,PASS,,,2026-07-07T22:17:32
디모아,00125725,016670,KOSDAQ,분기x별도,상단,DS-7,PASS,"badges seen: ['✅', '🔎']",,2026-07-07T22:17:32
디모아,00125725,016670,KOSDAQ,분기x별도,재무제표,CV-3,PASS,rows=29 cols=91 slider_extended=True,,2026-07-07T22:17:32
디모아,00125725,016670,KOSDAQ,분기x별도,재무제표,DS-2/DS-3,DONE,"cross-check completed for ['매출액', '영업이익']",,2026-07-07T22:17:32
디모아,00125725,016670,KOSDAQ,분기x별도,지표,CV-6,PASS,default metric selection visible,,2026-07-07T22:17:32
디바이스,00624509,187870,KOSDAQ,연간x연결,재무제표,DS-1,PASS,,,2026-07-07T22:17:44
디바이스,00624509,187870,KOSDAQ,연간x연결,상단,DS-8,PASS,,,2026-07-07T22:17:44
디바이스,00624509,187870,KOSDAQ,연간x연결,상단,DS-7,PASS,"badges seen: ['✅', '🔎', '⚠']",,2026-07-07T22:17:44
디바이스,00624509,187870,KOSDAQ,연간x연결,재무제표,CV-3,PASS,rows=29 cols=9 slider_extended=True,,2026-07-07T22:17:44
디바이스,00624509,187870,KOSDAQ,연간x연결,재무제표,DS-2/DS-3,DONE,"cross-check completed for ['매출액', '영업이익']",,2026-07-07T22:17:44
디바이스,00624509,187870,KOSDAQ,연간x연결,지표,CV-6,PASS,default metric selection visible,,2026-07-07T22:17:44
디바이스,00624509,187870,KOSDAQ,연간x별도,재무제표,DS-1,PASS,,,2026-07-07T22:17:50
디바이스,00624509,187870,KOSDAQ,연간x별도,상단,DS-8,PASS,,,2026-07-07T22:17:50
디바이스,00624509,187870,KOSDAQ,연간x별도,상단,DS-7,PASS,"badges seen: ['✅', '🔎', '⚠']",,2026-07-07T22:17:50
디바이스,00624509,187870,KOSDAQ,연간x별도,재무제표,CV-3,PASS,rows=29 cols=13 slider_extended=True,,2026-07-07T22:17:50
디바이스,00624509,187870,KOSDAQ,연간x별도,재무제표,DS-2/DS-3,DONE,"cross-check completed for ['매출액', '영업이익']",,2026-07-07T22:17:50
디바이스,00624509,187870,KOSDAQ,연간x별도,지표,CV-6,PASS,default metric selection visible,,2026-07-07T22:17:50
디바이스,00624509,187870,KOSDAQ,분기x연결,재무제표,DS-1,PASS,,,2026-07-07T22:17:56
디바이스,00624509,187870,KOSDAQ,분기x연결,상단,DS-8,PASS,,,2026-07-07T22:17:56
디바이스,00624509,187870,KOSDAQ,분기x연결,상단,DS-7,PASS,"badges seen: ['✅', '🔎', '⚠']",,2026-07-07T22:17:56
디바이스,00624509,187870,KOSDAQ,분기x연결,재무제표,CV-3,PASS,rows=29 cols=27 slider_extended=True,,2026-07-07T22:17:56
디바이스,00624509,187870,KOSDAQ,분기x연결,재무제표,DS-2/DS-3,DONE,"cross-check completed for ['매출액', '영업이익']",,2026-07-07T22:17:56
디바이스,00624509,187870,KOSDAQ,분기x연결,지표,CV-6,PASS,default metric selection visible,,2026-07-07T22:17:56
디바이스,00624509,187870,KOSDAQ,분기x별도,재무제표,DS-1,PASS,,,2026-07-07T22:18:03
디바이스,00624509,187870,KOSDAQ,분기x별도,상단,DS-8,PASS,,,2026-07-07T22:18:03
디바이스,00624509,187870,KOSDAQ,분기x별도,상단,DS-7,PASS,"badges seen: ['✅', '🔎', '⚠']",,2026-07-07T22:18:03
디바이스,00624509,187870,KOSDAQ,분기x별도,재무제표,CV-3,PASS,rows=29 cols=40 slider_extended=True,,2026-07-07T22:18:03
디바이스,00624509,187870,KOSDAQ,분기x별도,재무제표,DS-2/DS-3,DONE,"cross-check completed for ['매출액', '영업이익']",,2026-07-07T22:18:03
디바이스,00624509,187870,KOSDAQ,분기x별도,지표,CV-6,PASS,default metric selection visible,,2026-07-07T22:18:03
디아이티,00576798,110990,KOSDAQ,연간x연결,재무제표,DS-1,PASS,,,2026-07-07T22:18:17
디아이티,00576798,110990,KOSDAQ,연간x연결,상단,DS-8,PASS,,,2026-07-07T22:18:17
디아이티,00576798,110990,KOSDAQ,연간x연결,상단,DS-7,PASS,"badges seen: ['✅', '🔎']",,2026-07-07T22:18:17
디아이티,00576798,110990,KOSDAQ,연간x연결,재무제표,CV-3,PASS,rows=29 cols=12 slider_extended=True,,2026-07-07T22:18:17
디아이티,00576798,110990,KOSDAQ,연간x연결,재무제표,DS-2/DS-3,DONE,"cross-check completed for ['매출액', '영업이익']",,2026-07-07T22:18:17
디아이티,00576798,110990,KOSDAQ,연간x연결,지표,CV-6,PASS,default metric selection visible,,2026-07-07T22:18:17
디아이티,00576798,110990,KOSDAQ,연간x별도,재무제표,DS-1,PASS,,,2026-07-07T22:18:22
디아이티,00576798,110990,KOSDAQ,연간x별도,상단,DS-8,PASS,,,2026-07-07T22:18:22
디아이티,00576798,110990,KOSDAQ,연간x별도,상단,DS-7,PASS,"badges seen: ['✅', '🔎']",,2026-07-07T22:18:22
디아이티,00576798,110990,KOSDAQ,연간x별도,재무제표,CV-3,PASS,rows=29 cols=12 slider_extended=True,,2026-07-07T22:18:22
디아이티,00576798,110990,KOSDAQ,연간x별도,재무제표,DS-2/DS-3,DONE,"cross-check completed for ['매출액', '영업이익']",,2026-07-07T22:18:22
디아이티,00576798,110990,KOSDAQ,연간x별도,지표,CV-6,PASS,default metric selection visible,,2026-07-07T22:18:22
디아이티,00576798,110990,KOSDAQ,분기x연결,재무제표,DS-1,PASS,,,2026-07-07T22:18:28
디아이티,00576798,110990,KOSDAQ,분기x연결,상단,DS-8,PASS,,,2026-07-07T22:18:28
디아이티,00576798,110990,KOSDAQ,분기x연결,상단,DS-7,PASS,"badges seen: ['✅', '🔎']",,2026-07-07T22:18:28
디아이티,00576798,110990,KOSDAQ,분기x연결,재무제표,CV-3,PASS,rows=29 cols=37 slider_extended=True,,2026-07-07T22:18:28
디아이티,00576798,110990,KOSDAQ,분기x연결,재무제표,DS-2/DS-3,DONE,"cross-check completed for ['매출액', '영업이익']",,2026-07-07T22:18:28
디아이티,00576798,110990,KOSDAQ,분기x연결,지표,CV-6,PASS,default metric selection visible,,2026-07-07T22:18:28
디아이티,00576798,110990,KOSDAQ,분기x별도,재무제표,DS-1,PASS,,,2026-07-07T22:18:35
디아이티,00576798,110990,KOSDAQ,분기x별도,상단,DS-8,PASS,,,2026-07-07T22:18:35
디아이티,00576798,110990,KOSDAQ,분기x별도,상단,DS-7,PASS,"badges seen: ['✅', '🔎']",,2026-07-07T22:18:35
디아이티,00576798,110990,KOSDAQ,분기x별도,재무제표,CV-3,PASS,rows=29 cols=37 slider_extended=True,,2026-07-07T22:18:35
디아이티,00576798,110990,KOSDAQ,분기x별도,재무제표,DS-2/DS-3,DONE,"cross-check completed for ['매출액', '영업이익']",,2026-07-07T22:18:35
디아이티,00576798,110990,KOSDAQ,분기x별도,지표,CV-6,PASS,default metric selection visible,,2026-07-07T22:18:35
디알젬,00966168,263690,KOSDAQ,연간x연결,재무제표,DS-1,PASS,,,2026-07-07T22:18:49
디알젬,00966168,263690,KOSDAQ,연간x연결,상단,DS-8,PASS,,,2026-07-07T22:18:49
디알젬,00966168,263690,KOSDAQ,연간x연결,상단,DS-7,PASS,"badges seen: ['✅', '🔎', '⚠']",,2026-07-07T22:18:49
디알젬,00966168,263690,KOSDAQ,연간x연결,재무제표,CV-3,PASS,rows=29 cols=12 slider_extended=True,,2026-07-07T22:18:49
디알젬,00966168,263690,KOSDAQ,연간x연결,재무제표,DS-2/DS-3,DONE,"cross-check completed for ['매출액', '영업이익']",,2026-07-07T22:18:49
디알젬,00966168,263690,KOSDAQ,연간x연결,지표,CV-6,PASS,default metric selection visible,,2026-07-07T22:18:49
디알젬,00966168,263690,KOSDAQ,연간x별도,재무제표,DS-1,PASS,,,2026-07-07T22:18:54
디알젬,00966168,263690,KOSDAQ,연간x별도,상단,DS-8,PASS,,,2026-07-07T22:18:54
디알젬,00966168,263690,KOSDAQ,연간x별도,상단,DS-7,PASS,"badges seen: ['✅', '🔎', '⚠']",,2026-07-07T22:18:54
디알젬,00966168,263690,KOSDAQ,연간x별도,재무제표,CV-3,PASS,rows=29 cols=12 slider_extended=True,,2026-07-07T22:18:54
디알젬,00966168,263690,KOSDAQ,연간x별도,재무제표,DS-2/DS-3,DONE,"cross-check completed for ['매출액', '영업이익']",,2026-07-07T22:18:54
디알젬,00966168,263690,KOSDAQ,연간x별도,지표,CV-6,PASS,default metric selection visible,,2026-07-07T22:18:54
디알젬,00966168,263690,KOSDAQ,분기x연결,재무제표,DS-1,PASS,,,2026-07-07T22:19:00
디알젬,00966168,263690,KOSDAQ,분기x연결,상단,DS-8,PASS,,,2026-07-07T22:19:00
디알젬,00966168,263690,KOSDAQ,분기x연결,상단,DS-7,PASS,"badges seen: ['✅', '🔎']",,2026-07-07T22:19:00
디알젬,00966168,263690,KOSDAQ,분기x연결,재무제표,CV-3,PASS,rows=29 cols=36 slider_extended=True,,2026-07-07T22:19:00
디알젬,00966168,263690,KOSDAQ,분기x연결,재무제표,DS-2/DS-3,DONE,"cross-check completed for ['매출액', '영업이익']",,2026-07-07T22:19:00
디알젬,00966168,263690,KOSDAQ,분기x연결,지표,CV-6,PASS,default metric selection visible,,2026-07-07T22:19:00
디알젬,00966168,263690,KOSDAQ,분기x별도,재무제표,DS-1,PASS,,,2026-07-07T22:19:07
디알젬,00966168,263690,KOSDAQ,분기x별도,상단,DS-8,PASS,,,2026-07-07T22:19:07
디알젬,00966168,263690,KOSDAQ,분기x별도,상단,DS-7,PASS,"badges seen: ['✅', '🔎', '⚠']",,2026-07-07T22:19:07
디알젬,00966168,263690,KOSDAQ,분기x별도,재무제표,CV-3,PASS,rows=29 cols=36 slider_extended=True,,2026-07-07T22:19:07
디알젬,00966168,263690,KOSDAQ,분기x별도,재무제표,DS-2/DS-3,DONE,"cross-check completed for ['매출액', '영업이익']",,2026-07-07T22:19:07
디알젬,00966168,263690,KOSDAQ,분기x별도,지표,CV-6,PASS,default metric selection visible,,2026-07-07T22:19:07
디알텍,01062867,214680,KOSDAQ,연간x연결,재무제표,DS-1,PASS,,,2026-07-07T22:19:21
디알텍,01062867,214680,KOSDAQ,연간x연결,상단,DS-8,PASS,,,2026-07-07T22:19:21
디알텍,01062867,214680,KOSDAQ,연간x연결,상단,DS-7,PASS,"badges seen: ['✅', '🔎']",,2026-07-07T22:19:21
디알텍,01062867,214680,KOSDAQ,연간x연결,재무제표,CV-3,PASS,rows=29 cols=13 slider_extended=True,,2026-07-07T22:19:21
디알텍,01062867,214680,KOSDAQ,연간x연결,재무제표,DS-2/DS-3,DONE,"cross-check completed for ['매출액', '영업이익']",,2026-07-07T22:19:21
디알텍,01062867,214680,KOSDAQ,연간x연결,지표,CV-6,PASS,default metric selection visible,,2026-07-07T22:19:21
디알텍,01062867,214680,KOSDAQ,연간x별도,재무제표,DS-1,PASS,,,2026-07-07T22:19:26
디알텍,01062867,214680,KOSDAQ,연간x별도,상단,DS-8,PASS,,,2026-07-07T22:19:26
디알텍,01062867,214680,KOSDAQ,연간x별도,상단,DS-7,PASS,"badges seen: ['✅', '🔎']",,2026-07-07T22:19:26
디알텍,01062867,214680,KOSDAQ,연간x별도,재무제표,CV-3,PASS,rows=29 cols=14 slider_extended=True,,2026-07-07T22:19:26
디알텍,01062867,214680,KOSDAQ,연간x별도,재무제표,DS-2/DS-3,DONE,"cross-check completed for ['매출액', '영업이익']",,2026-07-07T22:19:26
디알텍,01062867,214680,KOSDAQ,연간x별도,지표,CV-6,PASS,default metric selection visible,,2026-07-07T22:19:26
디알텍,01062867,214680,KOSDAQ,분기x연결,재무제표,DS-1,PASS,,,2026-07-07T22:19:32
디알텍,01062867,214680,KOSDAQ,분기x연결,상단,DS-8,PASS,,,2026-07-07T22:19:32
디알텍,01062867,214680,KOSDAQ,분기x연결,상단,DS-7,PASS,"badges seen: ['✅', '🔎']",,2026-07-07T22:19:32
디알텍,01062867,214680,KOSDAQ,분기x연결,재무제표,CV-3,PASS,rows=29 cols=44 slider_extended=True,,2026-07-07T22:19:32
디알텍,01062867,214680,KOSDAQ,분기x연결,재무제표,DS-2/DS-3,DONE,"cross-check completed for ['매출액', '영업이익']",,2026-07-07T22:19:32
디알텍,01062867,214680,KOSDAQ,분기x연결,지표,CV-6,PASS,default metric selection visible,,2026-07-07T22:19:32
디알텍,01062867,214680,KOSDAQ,분기x별도,재무제표,DS-1,PASS,,,2026-07-07T22:19:39
디알텍,01062867,214680,KOSDAQ,분기x별도,상단,DS-8,PASS,,,2026-07-07T22:19:39
디알텍,01062867,214680,KOSDAQ,분기x별도,상단,DS-7,PASS,"badges seen: ['✅', '🔎']",,2026-07-07T22:19:39
디알텍,01062867,214680,KOSDAQ,분기x별도,재무제표,CV-3,PASS,rows=29 cols=48 slider_extended=True,,2026-07-07T22:19:39
디알텍,01062867,214680,KOSDAQ,분기x별도,재무제표,DS-2/DS-3,DONE,"cross-check completed for ['매출액', '영업이익']",,2026-07-07T22:19:39
디알텍,01062867,214680,KOSDAQ,분기x별도,지표,CV-6,PASS,default metric selection visible,,2026-07-07T22:19:39
디앤디파마텍,01376715,347850,KOSDAQ,연간x연결,재무제표,DS-1,PASS,,,2026-07-07T22:19:53
디앤디파마텍,01376715,347850,KOSDAQ,연간x연결,상단,DS-8,PASS,,,2026-07-07T22:19:53
디앤디파마텍,01376715,347850,KOSDAQ,연간x연결,상단,DS-7,PASS,"badges seen: ['✅', '🔎', '⚠']",,2026-07-07T22:19:53
디앤디파마텍,01376715,347850,KOSDAQ,연간x연결,재무제표,CV-3,PASS,rows=29 cols=6 slider_extended=True,,2026-07-07T22:19:53
디앤디파마텍,01376715,347850,KOSDAQ,연간x연결,재무제표,DS-2/DS-3,DONE,"cross-check completed for ['매출액', '영업이익']",,2026-07-07T22:19:53
디앤디파마텍,01376715,347850,KOSDAQ,연간x연결,지표,CV-6,PASS,default metric selection visible,,2026-07-07T22:19:53
디앤디파마텍,01376715,347850,KOSDAQ,연간x별도,재무제표,DS-1,PASS,,,2026-07-07T22:19:58
디앤디파마텍,01376715,347850,KOSDAQ,연간x별도,상단,DS-8,PASS,,,2026-07-07T22:19:58
디앤디파마텍,01376715,347850,KOSDAQ,연간x별도,상단,DS-7,PASS,"badges seen: ['✅', '🔎', '⚠']",,2026-07-07T22:19:58
디앤디파마텍,01376715,347850,KOSDAQ,연간x별도,재무제표,CV-3,PASS,rows=29 cols=6 slider_extended=True,,2026-07-07T22:19:58
디앤디파마텍,01376715,347850,KOSDAQ,연간x별도,재무제표,DS-2/DS-3,DONE,"cross-check completed for ['매출액', '영업이익']",,2026-07-07T22:19:58
디앤디파마텍,01376715,347850,KOSDAQ,연간x별도,지표,CV-6,PASS,default metric selection visible,,2026-07-07T22:19:58
디앤디파마텍,01376715,347850,KOSDAQ,분기x연결,재무제표,DS-1,PASS,,,2026-07-07T22:20:04
디앤디파마텍,01376715,347850,KOSDAQ,분기x연결,상단,DS-8,PASS,,,2026-07-07T22:20:04
디앤디파마텍,01376715,347850,KOSDAQ,분기x연결,상단,DS-7,PASS,"badges seen: ['✅', '🔎', '⚠']",,2026-07-07T22:20:04
디앤디파마텍,01376715,347850,KOSDAQ,분기x연결,재무제표,CV-3,PASS,rows=29 cols=13 slider_extended=True,,2026-07-07T22:20:04
디앤디파마텍,01376715,347850,KOSDAQ,분기x연결,재무제표,DS-2/DS-3,DONE,"cross-check completed for ['매출액', '영업이익']",,2026-07-07T22:20:04
디앤디파마텍,01376715,347850,KOSDAQ,분기x연결,지표,CV-6,PASS,default metric selection visible,,2026-07-07T22:20:04
디앤디파마텍,01376715,347850,KOSDAQ,분기x별도,재무제표,DS-1,PASS,,,2026-07-07T22:20:11
디앤디파마텍,01376715,347850,KOSDAQ,분기x별도,상단,DS-8,PASS,,,2026-07-07T22:20:11
디앤디파마텍,01376715,347850,KOSDAQ,분기x별도,상단,DS-7,PASS,"badges seen: ['✅', '🔎', '⚠']",,2026-07-07T22:20:11
디앤디파마텍,01376715,347850,KOSDAQ,분기x별도,재무제표,CV-3,PASS,rows=29 cols=13 slider_extended=True,,2026-07-07T22:20:11
디앤디파마텍,01376715,347850,KOSDAQ,분기x별도,재무제표,DS-2/DS-3,DONE,"cross-check completed for ['매출액', '영업이익']",,2026-07-07T22:20:11
디앤디파마텍,01376715,347850,KOSDAQ,분기x별도,지표,CV-6,PASS,default metric selection visible,,2026-07-07T22:20:11
디앤씨미디어,01186404,263720,KOSDAQ,연간x연결,재무제표,DS-1,PASS,,,2026-07-07T22:20:24
디앤씨미디어,01186404,263720,KOSDAQ,연간x연결,상단,DS-8,PASS,,,2026-07-07T22:20:24
디앤씨미디어,01186404,263720,KOSDAQ,연간x연결,상단,DS-7,PASS,"badges seen: ['✅', '🔎']",,2026-07-07T22:20:24
디앤씨미디어,01186404,263720,KOSDAQ,연간x연결,재무제표,CV-3,PASS,rows=29 cols=12 slider_extended=True,,2026-07-07T22:20:24
디앤씨미디어,01186404,263720,KOSDAQ,연간x연결,재무제표,DS-2/DS-3,DONE,"cross-check completed for ['매출액', '영업이익']",,2026-07-07T22:20:24
디앤씨미디어,01186404,263720,KOSDAQ,연간x연결,지표,CV-6,PASS,default metric selection visible,,2026-07-07T22:20:24
디앤씨미디어,01186404,263720,KOSDAQ,연간x별도,재무제표,DS-1,PASS,,,2026-07-07T22:20:29
디앤씨미디어,01186404,263720,KOSDAQ,연간x별도,상단,DS-8,PASS,,,2026-07-07T22:20:29
디앤씨미디어,01186404,263720,KOSDAQ,연간x별도,상단,DS-7,PASS,"badges seen: ['✅', '🔎', '⚠']",,2026-07-07T22:20:29
디앤씨미디어,01186404,263720,KOSDAQ,연간x별도,재무제표,CV-3,PASS,rows=29 cols=13 slider_extended=True,,2026-07-07T22:20:29
디앤씨미디어,01186404,263720,KOSDAQ,연간x별도,재무제표,DS-2/DS-3,DONE,"cross-check completed for ['매출액', '영업이익']",,2026-07-07T22:20:29
디앤씨미디어,01186404,263720,KOSDAQ,연간x별도,지표,CV-6,PASS,default metric selection visible,,2026-07-07T22:20:29
디앤씨미디어,01186404,263720,KOSDAQ,분기x연결,재무제표,DS-1,PASS,,,2026-07-07T22:20:36
디앤씨미디어,01186404,263720,KOSDAQ,분기x연결,상단,DS-8,PASS,,,2026-07-07T22:20:36
디앤씨미디어,01186404,263720,KOSDAQ,분기x연결,상단,DS-7,PASS,"badges seen: ['✅', '🔎']",,2026-07-07T22:20:36
디앤씨미디어,01186404,263720,KOSDAQ,분기x연결,재무제표,CV-3,PASS,rows=29 cols=40 slider_extended=True,,2026-07-07T22:20:36
디앤씨미디어,01186404,263720,KOSDAQ,분기x연결,재무제표,DS-2/DS-3,DONE,"cross-check completed for ['매출액', '영업이익']",,2026-07-07T22:20:36
디앤씨미디어,01186404,263720,KOSDAQ,분기x연결,지표,CV-6,PASS,default metric selection visible,,2026-07-07T22:20:36
디앤씨미디어,01186404,263720,KOSDAQ,분기x별도,재무제표,DS-1,PASS,,,2026-07-07T22:20:43
디앤씨미디어,01186404,263720,KOSDAQ,분기x별도,상단,DS-8,PASS,,,2026-07-07T22:20:43
디앤씨미디어,01186404,263720,KOSDAQ,분기x별도,상단,DS-7,PASS,"badges seen: ['✅', '🔎']",,2026-07-07T22:20:43
디앤씨미디어,01186404,263720,KOSDAQ,분기x별도,재무제표,CV-3,PASS,rows=29 cols=41 slider_extended=True,,2026-07-07T22:20:43
디앤씨미디어,01186404,263720,KOSDAQ,분기x별도,재무제표,DS-2/DS-3,DONE,"cross-check completed for ['매출액', '영업이익']",,2026-07-07T22:20:43
디앤씨미디어,01186404,263720,KOSDAQ,분기x별도,지표,CV-6,PASS,default metric selection visible,,2026-07-07T22:20:43
디어유,01456011,376300,KOSDAQ,연간x연결,재무제표,DS-1,PASS,,,2026-07-07T22:20:54
디어유,01456011,376300,KOSDAQ,연간x연결,상단,DS-8,PASS,,,2026-07-07T22:20:54
디어유,01456011,376300,KOSDAQ,연간x연결,상단,DS-7,PASS,"badges seen: ['✅', '🔎', '⚠']",,2026-07-07T22:20:54
디어유,01456011,376300,KOSDAQ,연간x연결,재무제표,CV-3,PASS,rows=29 cols=9 slider_extended=True,,2026-07-07T22:20:54
디어유,01456011,376300,KOSDAQ,연간x연결,재무제표,DS-2/DS-3,DONE,"cross-check completed for ['매출액', '영업이익']",,2026-07-07T22:20:54
디어유,01456011,376300,KOSDAQ,연간x연결,지표,CV-6,PASS,default metric selection visible,,2026-07-07T22:20:54
디어유,01456011,376300,KOSDAQ,연간x별도,재무제표,DS-1,PASS,,,2026-07-07T22:20:59
디어유,01456011,376300,KOSDAQ,연간x별도,상단,DS-8,PASS,,,2026-07-07T22:20:59
디어유,01456011,376300,KOSDAQ,연간x별도,상단,DS-7,PASS,"badges seen: ['✅', '🔎', '⚠']",,2026-07-07T22:20:59
디어유,01456011,376300,KOSDAQ,연간x별도,재무제표,CV-3,PASS,rows=29 cols=9 slider_extended=True,,2026-07-07T22:20:59
디어유,01456011,376300,KOSDAQ,연간x별도,재무제표,DS-2/DS-3,DONE,"cross-check completed for ['매출액', '영업이익']",,2026-07-07T22:20:59
디어유,01456011,376300,KOSDAQ,연간x별도,지표,CV-6,PASS,default metric selection visible,,2026-07-07T22:20:59
디어유,01456011,376300,KOSDAQ,분기x연결,재무제표,DS-1,PASS,,,2026-07-07T22:21:05
디어유,01456011,376300,KOSDAQ,분기x연결,상단,DS-8,PASS,,,2026-07-07T22:21:05
디어유,01456011,376300,KOSDAQ,분기x연결,상단,DS-7,PASS,"badges seen: ['✅', '🔎']",,2026-07-07T22:21:05
디어유,01456011,376300,KOSDAQ,분기x연결,재무제표,CV-3,PASS,rows=29 cols=13 slider_extended=True,,2026-07-07T22:21:05
디어유,01456011,376300,KOSDAQ,분기x연결,재무제표,DS-2/DS-3,DONE,"cross-check completed for ['매출액', '영업이익']",,2026-07-07T22:21:05
디어유,01456011,376300,KOSDAQ,분기x연결,지표,CV-6,PASS,default metric selection visible,,2026-07-07T22:21:05
디어유,01456011,376300,KOSDAQ,분기x별도,재무제표,DS-1,PASS,,,2026-07-07T22:21:12
디어유,01456011,376300,KOSDAQ,분기x별도,상단,DS-8,PASS,,,2026-07-07T22:21:12
디어유,01456011,376300,KOSDAQ,분기x별도,상단,DS-7,PASS,"badges seen: ['✅', '🔎']",,2026-07-07T22:21:12
디어유,01456011,376300,KOSDAQ,분기x별도,재무제표,CV-3,PASS,rows=29 cols=24 slider_extended=True,,2026-07-07T22:21:12
디어유,01456011,376300,KOSDAQ,분기x별도,재무제표,DS-2/DS-3,DONE,"cross-check completed for ['매출액', '영업이익']",,2026-07-07T22:21:12
디어유,01456011,376300,KOSDAQ,분기x별도,지표,CV-6,PASS,default metric selection visible,,2026-07-07T22:21:12
디에스엠,00442905,104040,KOSDAQ,연간x연결,재무제표,DS-1,PASS,,,2026-07-07T22:21:25
디에스엠,00442905,104040,KOSDAQ,연간x연결,상단,DS-8,PASS,,,2026-07-07T22:21:25
디에스엠,00442905,104040,KOSDAQ,연간x연결,상단,DS-7,PASS,"badges seen: ['✅', '🔎', '⚠']",,2026-07-07T22:21:25
디에스엠,00442905,104040,KOSDAQ,연간x연결,재무제표,CV-3,PASS,rows=29 cols=16 slider_extended=True,,2026-07-07T22:21:25
디에스엠,00442905,104040,KOSDAQ,연간x연결,재무제표,DS-2/DS-3,DONE,"cross-check completed for ['매출액', '영업이익']",,2026-07-07T22:21:25
디에스엠,00442905,104040,KOSDAQ,연간x연결,지표,CV-6,PASS,default metric selection visible,,2026-07-07T22:21:25
디에스엠,00442905,104040,KOSDAQ,연간x별도,재무제표,DS-1,PASS,,,2026-07-07T22:21:31
디에스엠,00442905,104040,KOSDAQ,연간x별도,상단,DS-8,PASS,,,2026-07-07T22:21:31
디에스엠,00442905,104040,KOSDAQ,연간x별도,상단,DS-7,PASS,"badges seen: ['✅', '🔎', '⚠']",,2026-07-07T22:21:31
디에스엠,00442905,104040,KOSDAQ,연간x별도,재무제표,CV-3,PASS,rows=29 cols=22 slider_extended=True,,2026-07-07T22:21:31
디에스엠,00442905,104040,KOSDAQ,연간x별도,재무제표,DS-2/DS-3,DONE,"cross-check completed for ['매출액', '영업이익']",,2026-07-07T22:21:31
디에스엠,00442905,104040,KOSDAQ,연간x별도,지표,CV-6,PASS,default metric selection visible,,2026-07-07T22:21:31
디에스엠,00442905,104040,KOSDAQ,분기x연결,재무제표,DS-1,PASS,,,2026-07-07T22:21:37
디에스엠,00442905,104040,KOSDAQ,분기x연결,상단,DS-8,PASS,,,2026-07-07T22:21:37
디에스엠,00442905,104040,KOSDAQ,분기x연결,상단,DS-7,PASS,"badges seen: ['✅', '🔎', '⚠']",,2026-07-07T22:21:37
디에스엠,00442905,104040,KOSDAQ,분기x연결,재무제표,CV-3,PASS,rows=29 cols=45 slider_extended=True,,2026-07-07T22:21:37
디에스엠,00442905,104040,KOSDAQ,분기x연결,재무제표,DS-2/DS-3,DONE,"cross-check completed for ['매출액', '영업이익']",,2026-07-07T22:21:37
디에스엠,00442905,104040,KOSDAQ,분기x연결,지표,CV-6,PASS,default metric selection visible,,2026-07-07T22:21:37
디에스엠,00442905,104040,KOSDAQ,분기x별도,재무제표,DS-1,PASS,,,2026-07-07T22:21:44
디에스엠,00442905,104040,KOSDAQ,분기x별도,상단,DS-8,PASS,,,2026-07-07T22:21:44
디에스엠,00442905,104040,KOSDAQ,분기x별도,상단,DS-7,PASS,"badges seen: ['✅', '🔎', '⚠']",,2026-07-07T22:21:44
디에스엠,00442905,104040,KOSDAQ,분기x별도,재무제표,CV-3,PASS,rows=29 cols=72 slider_extended=True,,2026-07-07T22:21:44
디에스엠,00442905,104040,KOSDAQ,분기x별도,재무제표,DS-2/DS-3,DONE,"cross-check completed for ['매출액', '영업이익']",,2026-07-07T22:21:44
디에스엠,00442905,104040,KOSDAQ,분기x별도,지표,CV-6,PASS,default metric selection visible,,2026-07-07T22:21:44
디에스케이,00530121,109740,KOSDAQ,연간x연결,재무제표,DS-1,PASS,,,2026-07-07T22:21:58
디에스케이,00530121,109740,KOSDAQ,연간x연결,상단,DS-8,PASS,,,2026-07-07T22:21:58
디에스케이,00530121,109740,KOSDAQ,연간x연결,상단,DS-7,PASS,"badges seen: ['✅', '🔎']",,2026-07-07T22:21:58
디에스케이,00530121,109740,KOSDAQ,연간x연결,재무제표,CV-3,PASS,rows=29 cols=19 slider_extended=True,,2026-07-07T22:21:58
디에스케이,00530121,109740,KOSDAQ,연간x연결,재무제표,DS-2/DS-3,DONE,"cross-check completed for ['매출액', '영업이익']",,2026-07-07T22:21:58
디에스케이,00530121,109740,KOSDAQ,연간x연결,지표,CV-6,PASS,default metric selection visible,,2026-07-07T22:21:58
디에스케이,00530121,109740,KOSDAQ,연간x별도,재무제표,DS-1,PASS,,,2026-07-07T22:22:03
디에스케이,00530121,109740,KOSDAQ,연간x별도,상단,DS-8,PASS,,,2026-07-07T22:22:03
디에스케이,00530121,109740,KOSDAQ,연간x별도,상단,DS-7,PASS,"badges seen: ['✅', '🔎']",,2026-07-07T22:22:03
디에스케이,00530121,109740,KOSDAQ,연간x별도,재무제표,CV-3,PASS,rows=29 cols=21 slider_extended=True,,2026-07-07T22:22:03
디에스케이,00530121,109740,KOSDAQ,연간x별도,재무제표,DS-2/DS-3,DONE,"cross-check completed for ['매출액', '영업이익']",,2026-07-07T22:22:03
디에스케이,00530121,109740,KOSDAQ,연간x별도,지표,CV-6,PASS,default metric selection visible,,2026-07-07T22:22:03
디에스케이,00530121,109740,KOSDAQ,분기x연결,재무제표,DS-1,PASS,,,2026-07-07T22:22:09
디에스케이,00530121,109740,KOSDAQ,분기x연결,상단,DS-8,PASS,,,2026-07-07T22:22:09
디에스케이,00530121,109740,KOSDAQ,분기x연결,상단,DS-7,PASS,"badges seen: ['✅', '🔎']",,2026-07-07T22:22:09
디에스케이,00530121,109740,KOSDAQ,분기x연결,재무제표,CV-3,PASS,rows=29 cols=60 slider_extended=True,,2026-07-07T22:22:09
디에스케이,00530121,109740,KOSDAQ,분기x연결,재무제표,DS-2/DS-3,DONE,"cross-check completed for ['매출액', '영업이익']",,2026-07-07T22:22:09
디에스케이,00530121,109740,KOSDAQ,분기x연결,지표,CV-6,PASS,default metric selection visible,,2026-07-07T22:22:09
디에스케이,00530121,109740,KOSDAQ,분기x별도,재무제표,DS-1,PASS,,,2026-07-07T22:22:16
디에스케이,00530121,109740,KOSDAQ,분기x별도,상단,DS-8,PASS,,,2026-07-07T22:22:16
디에스케이,00530121,109740,KOSDAQ,분기x별도,상단,DS-7,PASS,"badges seen: ['✅', '🔎', '⚠']",,2026-07-07T22:22:16
디에스케이,00530121,109740,KOSDAQ,분기x별도,재무제표,CV-3,PASS,rows=29 cols=70 slider_extended=True,,2026-07-07T22:22:16
디에스케이,00530121,109740,KOSDAQ,분기x별도,재무제표,DS-2/DS-3,DONE,"cross-check completed for ['매출액', '영업이익']",,2026-07-07T22:22:16
디에스케이,00530121,109740,KOSDAQ,분기x별도,지표,CV-6,PASS,default metric selection visible,,2026-07-07T22:22:16
디에이치엑스컴퍼니,00180865,031860,KOSDAQ,연간x연결,재무제표,DS-1,PASS,,,2026-07-07T22:22:30
디에이치엑스컴퍼니,00180865,031860,KOSDAQ,연간x연결,상단,DS-8,PASS,,,2026-07-07T22:22:30
디에이치엑스컴퍼니,00180865,031860,KOSDAQ,연간x연결,상단,DS-7,PASS,"badges seen: ['✅', '🔎', '⚠']",,2026-07-07T22:22:30
디에이치엑스컴퍼니,00180865,031860,KOSDAQ,연간x연결,재무제표,CV-3,PASS,rows=29 cols=19 slider_extended=True,,2026-07-07T22:22:30
디에이치엑스컴퍼니,00180865,031860,KOSDAQ,연간x연결,재무제표,DS-2/DS-3,DONE,"cross-check completed for ['매출액', '영업이익']",,2026-07-07T22:22:30
디에이치엑스컴퍼니,00180865,031860,KOSDAQ,연간x연결,지표,CV-6,PASS,default metric selection visible,,2026-07-07T22:22:30
디에이치엑스컴퍼니,00180865,031860,KOSDAQ,연간x별도,재무제표,DS-1,PASS,,,2026-07-07T22:22:35
디에이치엑스컴퍼니,00180865,031860,KOSDAQ,연간x별도,상단,DS-8,PASS,,,2026-07-07T22:22:35
디에이치엑스컴퍼니,00180865,031860,KOSDAQ,연간x별도,상단,DS-7,PASS,"badges seen: ['✅', '🔎', '⚠']",,2026-07-07T22:22:35
디에이치엑스컴퍼니,00180865,031860,KOSDAQ,연간x별도,재무제표,CV-3,PASS,rows=29 cols=22 slider_extended=True,,2026-07-07T22:22:35
디에이치엑스컴퍼니,00180865,031860,KOSDAQ,연간x별도,재무제표,DS-2/DS-3,DONE,"cross-check completed for ['매출액', '영업이익']",,2026-07-07T22:22:35
디에이치엑스컴퍼니,00180865,031860,KOSDAQ,연간x별도,지표,CV-6,PASS,default metric selection visible,,2026-07-07T22:22:35
디에이치엑스컴퍼니,00180865,031860,KOSDAQ,분기x연결,재무제표,DS-1,PASS,,,2026-07-07T22:22:41
디에이치엑스컴퍼니,00180865,031860,KOSDAQ,분기x연결,상단,DS-8,PASS,,,2026-07-07T22:22:41
디에이치엑스컴퍼니,00180865,031860,KOSDAQ,분기x연결,상단,DS-7,PASS,"badges seen: ['✅', '🔎', '⚠']",,2026-07-07T22:22:41
디에이치엑스컴퍼니,00180865,031860,KOSDAQ,분기x연결,재무제표,CV-3,PASS,rows=29 cols=60 slider_extended=True,,2026-07-07T22:22:41
디에이치엑스컴퍼니,00180865,031860,KOSDAQ,분기x연결,재무제표,DS-2/DS-3,DONE,"cross-check completed for ['매출액', '영업이익']",,2026-07-07T22:22:41
디에이치엑스컴퍼니,00180865,031860,KOSDAQ,분기x연결,지표,CV-6,PASS,default metric selection visible,,2026-07-07T22:22:41
디에이치엑스컴퍼니,00180865,031860,KOSDAQ,분기x별도,재무제표,DS-1,PASS,,,2026-07-07T22:22:49
디에이치엑스컴퍼니,00180865,031860,KOSDAQ,분기x별도,상단,DS-8,PASS,,,2026-07-07T22:22:49
디에이치엑스컴퍼니,00180865,031860,KOSDAQ,분기x별도,상단,DS-7,PASS,"badges seen: ['✅', '🔎', '⚠']",,2026-07-07T22:22:49
디에이치엑스컴퍼니,00180865,031860,KOSDAQ,분기x별도,재무제표,CV-3,PASS,rows=29 cols=78 slider_extended=True,,2026-07-07T22:22:49
디에이치엑스컴퍼니,00180865,031860,KOSDAQ,분기x별도,재무제표,DS-2/DS-3,DONE,"cross-check completed for ['매출액', '영업이익']",,2026-07-07T22:22:49
디에이치엑스컴퍼니,00180865,031860,KOSDAQ,분기x별도,지표,CV-6,PASS,default metric selection visible,,2026-07-07T22:22:49
디에이테크놀로지,00660121,196490,KOSDAQ,연간x연결,재무제표,DS-1,PASS,,,2026-07-07T22:23:00
디에이테크놀로지,00660121,196490,KOSDAQ,연간x연결,상단,DS-8,PASS,,,2026-07-07T22:23:00
디에이테크놀로지,00660121,196490,KOSDAQ,연간x연결,상단,DS-7,PASS,"badges seen: ['✅', '🔎', '⚠']",,2026-07-07T22:23:00
디에이테크놀로지,00660121,196490,KOSDAQ,연간x연결,재무제표,CV-3,PASS,rows=29 cols=12 slider_extended=True,,2026-07-07T22:23:00
디에이테크놀로지,00660121,196490,KOSDAQ,연간x연결,재무제표,DS-2/DS-3,DONE,"cross-check completed for ['매출액', '영업이익']",,2026-07-07T22:23:00
디에이테크놀로지,00660121,196490,KOSDAQ,연간x연결,지표,CV-6,PASS,default metric selection visible,,2026-07-07T22:23:00
디에이테크놀로지,00660121,196490,KOSDAQ,연간x별도,재무제표,DS-1,PASS,,,2026-07-07T22:23:05
디에이테크놀로지,00660121,196490,KOSDAQ,연간x별도,상단,DS-8,PASS,,,2026-07-07T22:23:05
디에이테크놀로지,00660121,196490,KOSDAQ,연간x별도,상단,DS-7,PASS,"badges seen: ['✅', '🔎', '⚠']",,2026-07-07T22:23:05
디에이테크놀로지,00660121,196490,KOSDAQ,연간x별도,재무제표,CV-3,PASS,rows=29 cols=16 slider_extended=True,,2026-07-07T22:23:05
디에이테크놀로지,00660121,196490,KOSDAQ,연간x별도,재무제표,DS-2/DS-3,DONE,"cross-check completed for ['매출액', '영업이익']",,2026-07-07T22:23:05
디에이테크놀로지,00660121,196490,KOSDAQ,연간x별도,지표,CV-6,PASS,default metric selection visible,,2026-07-07T22:23:05
디에이테크놀로지,00660121,196490,KOSDAQ,분기x연결,재무제표,DS-1,PASS,,,2026-07-07T22:23:11
디에이테크놀로지,00660121,196490,KOSDAQ,분기x연결,상단,DS-8,PASS,,,2026-07-07T22:23:11
디에이테크놀로지,00660121,196490,KOSDAQ,분기x연결,상단,DS-7,PASS,"badges seen: ['✅', '🔎', '⚠']",,2026-07-07T22:23:11
디에이테크놀로지,00660121,196490,KOSDAQ,분기x연결,재무제표,CV-3,PASS,rows=29 cols=54 slider_extended=True,,2026-07-07T22:23:11
디에이테크놀로지,00660121,196490,KOSDAQ,분기x연결,재무제표,DS-2/DS-3,DONE,"cross-check completed for ['매출액', '영업이익']",,2026-07-07T22:23:11
디에이테크놀로지,00660121,196490,KOSDAQ,분기x연결,지표,CV-6,PASS,default metric selection visible,,2026-07-07T22:23:11
디에이테크놀로지,00660121,196490,KOSDAQ,분기x별도,재무제표,DS-1,PASS,,,2026-07-07T22:23:18
디에이테크놀로지,00660121,196490,KOSDAQ,분기x별도,상단,DS-8,PASS,,,2026-07-07T22:23:18
디에이테크놀로지,00660121,196490,KOSDAQ,분기x별도,상단,DS-7,PASS,"badges seen: ['✅', '🔎', '⚠']",,2026-07-07T22:23:18
디에이테크놀로지,00660121,196490,KOSDAQ,분기x별도,재무제표,CV-3,PASS,rows=29 cols=54 slider_extended=True,,2026-07-07T22:23:18
디에이테크놀로지,00660121,196490,KOSDAQ,분기x별도,재무제표,DS-2/DS-3,DONE,"cross-check completed for ['매출액', '영업이익']",,2026-07-07T22:23:18
디에이테크놀로지,00660121,196490,KOSDAQ,분기x별도,지표,CV-6,PASS,default metric selection visible,,2026-07-07T22:23:18
디에이피,00303192,066900,KOSDAQ,연간x연결,재무제표,DS-1,PASS,,,2026-07-07T22:23:32
디에이피,00303192,066900,KOSDAQ,연간x연결,상단,DS-8,PASS,,,2026-07-07T22:23:32
디에이피,00303192,066900,KOSDAQ,연간x연결,상단,DS-7,PASS,"badges seen: ['✅', '🔎', '⚠']",,2026-07-07T22:23:32
디에이피,00303192,066900,KOSDAQ,연간x연결,재무제표,CV-3,PASS,rows=29 cols=8 slider_extended=True,,2026-07-07T22:23:32
디에이피,00303192,066900,KOSDAQ,연간x연결,재무제표,DS-2/DS-3,DONE,"cross-check completed for ['매출액', '영업이익']",,2026-07-07T22:23:32
디에이피,00303192,066900,KOSDAQ,연간x연결,지표,CV-6,PASS,default metric selection visible,,2026-07-07T22:23:32
디에이피,00303192,066900,KOSDAQ,연간x별도,재무제표,DS-1,PASS,,,2026-07-07T22:23:37
디에이피,00303192,066900,KOSDAQ,연간x별도,상단,DS-8,PASS,,,2026-07-07T22:23:37
디에이피,00303192,066900,KOSDAQ,연간x별도,상단,DS-7,PASS,"badges seen: ['✅', '🔎', '⚠']",,2026-07-07T22:23:37
디에이피,00303192,066900,KOSDAQ,연간x별도,재무제표,CV-3,PASS,rows=29 cols=26 slider_extended=True,,2026-07-07T22:23:37
디에이피,00303192,066900,KOSDAQ,연간x별도,재무제표,DS-2/DS-3,DONE,"cross-check completed for ['매출액', '영업이익']",,2026-07-07T22:23:37
디에이피,00303192,066900,KOSDAQ,연간x별도,지표,CV-6,PASS,default metric selection visible,,2026-07-07T22:23:37
디에이피,00303192,066900,KOSDAQ,분기x연결,재무제표,DS-1,PASS,,,2026-07-07T22:23:43
디에이피,00303192,066900,KOSDAQ,분기x연결,상단,DS-8,PASS,,,2026-07-07T22:23:43
디에이피,00303192,066900,KOSDAQ,분기x연결,상단,DS-7,PASS,"badges seen: ['✅', '🔎', '⚠']",,2026-07-07T22:23:43
디에이피,00303192,066900,KOSDAQ,분기x연결,재무제표,CV-3,PASS,rows=29 cols=19 slider_extended=True,,2026-07-07T22:23:43
디에이피,00303192,066900,KOSDAQ,분기x연결,재무제표,DS-2/DS-3,DONE,"cross-check completed for ['매출액', '영업이익']",,2026-07-07T22:23:43
디에이피,00303192,066900,KOSDAQ,분기x연결,지표,CV-6,PASS,default metric selection visible,,2026-07-07T22:23:43
디에이피,00303192,066900,KOSDAQ,분기x별도,재무제표,DS-1,PASS,,,2026-07-07T22:23:50
디에이피,00303192,066900,KOSDAQ,분기x별도,상단,DS-8,PASS,,,2026-07-07T22:23:50
디에이피,00303192,066900,KOSDAQ,분기x별도,상단,DS-7,PASS,"badges seen: ['✅', '🔎', '⚠']",,2026-07-07T22:23:50
디에이피,00303192,066900,KOSDAQ,분기x별도,재무제표,CV-3,PASS,rows=29 cols=83 slider_extended=True,,2026-07-07T22:23:50
디에이피,00303192,066900,KOSDAQ,분기x별도,재무제표,DS-2/DS-3,DONE,"cross-check completed for ['매출액', '영업이익']",,2026-07-07T22:23:50
디에이피,00303192,066900,KOSDAQ,분기x별도,지표,CV-6,PASS,default metric selection visible,,2026-07-07T22:23:50
디엔에프,00569691,092070,KOSDAQ,연간x연결,재무제표,DS-1,PASS,,,2026-07-07T22:24:01
디엔에프,00569691,092070,KOSDAQ,연간x연결,상단,DS-8,PASS,,,2026-07-07T22:24:01
디엔에프,00569691,092070,KOSDAQ,연간x연결,상단,DS-7,PASS,"badges seen: ['✅', '🔎', '⚠']",,2026-07-07T22:24:01
디엔에프,00569691,092070,KOSDAQ,연간x연결,재무제표,CV-3,PASS,rows=29 cols=7 slider_extended=True,,2026-07-07T22:24:01
디엔에프,00569691,092070,KOSDAQ,연간x연결,재무제표,DS-2/DS-3,DONE,"cross-check completed for ['매출액', '영업이익']",,2026-07-07T22:24:01
디엔에프,00569691,092070,KOSDAQ,연간x연결,지표,CV-6,PASS,default metric selection visible,,2026-07-07T22:24:01
디엔에프,00569691,092070,KOSDAQ,연간x별도,재무제표,DS-1,PASS,,,2026-07-07T22:24:06
디엔에프,00569691,092070,KOSDAQ,연간x별도,상단,DS-8,PASS,,,2026-07-07T22:24:06
디엔에프,00569691,092070,KOSDAQ,연간x별도,상단,DS-7,PASS,"badges seen: ['✅', '🔎', '⚠']",,2026-07-07T22:24:06
디엔에프,00569691,092070,KOSDAQ,연간x별도,재무제표,CV-3,PASS,rows=29 cols=23 slider_extended=True,,2026-07-07T22:24:06
디엔에프,00569691,092070,KOSDAQ,연간x별도,재무제표,DS-2/DS-3,DONE,"cross-check completed for ['매출액', '영업이익']",,2026-07-07T22:24:06
디엔에프,00569691,092070,KOSDAQ,연간x별도,지표,CV-6,PASS,default metric selection visible,,2026-07-07T22:24:06
디엔에프,00569691,092070,KOSDAQ,분기x연결,재무제표,DS-1,PASS,,,2026-07-07T22:24:12
디엔에프,00569691,092070,KOSDAQ,분기x연결,상단,DS-8,PASS,,,2026-07-07T22:24:12
디엔에프,00569691,092070,KOSDAQ,분기x연결,상단,DS-7,PASS,"badges seen: ['✅', '🔎']",,2026-07-07T22:24:12
디엔에프,00569691,092070,KOSDAQ,분기x연결,재무제표,CV-3,PASS,rows=29 cols=18 slider_extended=True,,2026-07-07T22:24:12
디엔에프,00569691,092070,KOSDAQ,분기x연결,재무제표,DS-2/DS-3,DONE,"cross-check completed for ['매출액', '영업이익']",,2026-07-07T22:24:12
디엔에프,00569691,092070,KOSDAQ,분기x연결,지표,CV-6,PASS,default metric selection visible,,2026-07-07T22:24:12
디엔에프,00569691,092070,KOSDAQ,분기x별도,재무제표,DS-1,PASS,,,2026-07-07T22:24:20
디엔에프,00569691,092070,KOSDAQ,분기x별도,상단,DS-8,PASS,,,2026-07-07T22:24:20
디엔에프,00569691,092070,KOSDAQ,분기x별도,상단,DS-7,PASS,"badges seen: ['✅', '🔎', '⚠']",,2026-07-07T22:24:20
디엔에프,00569691,092070,KOSDAQ,분기x별도,재무제표,CV-3,PASS,rows=29 cols=75 slider_extended=True,,2026-07-07T22:24:20
디엔에프,00569691,092070,KOSDAQ,분기x별도,재무제표,DS-2/DS-3,DONE,"cross-check completed for ['매출액', '영업이익']",,2026-07-07T22:24:20
디엔에프,00569691,092070,KOSDAQ,분기x별도,지표,CV-6,PASS,default metric selection visible,,2026-07-07T22:24:20
디오,00115931,039840,KOSDAQ,연간x연결,재무제표,DS-1,PASS,,,2026-07-07T22:24:33
디오,00115931,039840,KOSDAQ,연간x연결,상단,DS-8,PASS,,,2026-07-07T22:24:33
디오,00115931,039840,KOSDAQ,연간x연결,상단,DS-7,PASS,"badges seen: ['✅', '🔎', '⚠']",,2026-07-07T22:24:33
디오,00115931,039840,KOSDAQ,연간x연결,재무제표,CV-3,PASS,rows=29 cols=19 slider_extended=True,,2026-07-07T22:24:33
디오,00115931,039840,KOSDAQ,연간x연결,재무제표,DS-2/DS-3,DONE,"cross-check completed for ['매출액', '영업이익']",,2026-07-07T22:24:33
디오,00115931,039840,KOSDAQ,연간x연결,지표,CV-6,PASS,default metric selection visible,,2026-07-07T22:24:33
디오,00115931,039840,KOSDAQ,연간x별도,재무제표,DS-1,PASS,,,2026-07-07T22:24:38
디오,00115931,039840,KOSDAQ,연간x별도,상단,DS-8,PASS,,,2026-07-07T22:24:38
디오,00115931,039840,KOSDAQ,연간x별도,상단,DS-7,PASS,"badges seen: ['✅', '🔎', '⚠']",,2026-07-07T22:24:38
디오,00115931,039840,KOSDAQ,연간x별도,재무제표,CV-3,PASS,rows=29 cols=23 slider_extended=True,,2026-07-07T22:24:38
디오,00115931,039840,KOSDAQ,연간x별도,재무제표,DS-2/DS-3,DONE,"cross-check completed for ['매출액', '영업이익']",,2026-07-07T22:24:38
디오,00115931,039840,KOSDAQ,연간x별도,지표,CV-6,PASS,default metric selection visible,,2026-07-07T22:24:38
디오,00115931,039840,KOSDAQ,분기x연결,재무제표,DS-1,PASS,,,2026-07-07T22:24:45
디오,00115931,039840,KOSDAQ,분기x연결,상단,DS-8,PASS,,,2026-07-07T22:24:45
디오,00115931,039840,KOSDAQ,분기x연결,상단,DS-7,PASS,"badges seen: ['✅', '🔎', '⚠']",,2026-07-07T22:24:45
디오,00115931,039840,KOSDAQ,분기x연결,재무제표,CV-3,PASS,rows=29 cols=60 slider_extended=True,,2026-07-07T22:24:45
디오,00115931,039840,KOSDAQ,분기x연결,재무제표,DS-2/DS-3,DONE,"cross-check completed for ['매출액', '영업이익']",,2026-07-07T22:24:45
디오,00115931,039840,KOSDAQ,분기x연결,지표,CV-6,PASS,default metric selection visible,,2026-07-07T22:24:45
디오,00115931,039840,KOSDAQ,분기x별도,재무제표,DS-1,PASS,,,2026-07-07T22:24:52
디오,00115931,039840,KOSDAQ,분기x별도,상단,DS-8,PASS,,,2026-07-07T22:24:52
디오,00115931,039840,KOSDAQ,분기x별도,상단,DS-7,PASS,"badges seen: ['✅', '🔎']",,2026-07-07T22:24:52
디오,00115931,039840,KOSDAQ,분기x별도,재무제표,CV-3,PASS,rows=29 cols=75 slider_extended=True,,2026-07-07T22:24:52
디오,00115931,039840,KOSDAQ,분기x별도,재무제표,DS-2/DS-3,DONE,"cross-check completed for ['매출액', '영업이익']",,2026-07-07T22:24:52
디오,00115931,039840,KOSDAQ,분기x별도,지표,CV-6,PASS,default metric selection visible,,2026-07-07T22:24:52
디와이디,01089378,219550,KOSDAQ,연간x연결,재무제표,DS-1,PASS,,,2026-07-07T22:25:05
디와이디,01089378,219550,KOSDAQ,연간x연결,상단,DS-8,PASS,,,2026-07-07T22:25:05
디와이디,01089378,219550,KOSDAQ,연간x연결,상단,DS-7,PASS,"badges seen: ['✅', '🔎', '⚠']",,2026-07-07T22:25:05
디와이디,01089378,219550,KOSDAQ,연간x연결,재무제표,CV-3,PASS,rows=29 cols=9 slider_extended=True,,2026-07-07T22:25:05
디와이디,01089378,219550,KOSDAQ,연간x연결,재무제표,DS-2/DS-3,DONE,"cross-check completed for ['매출액', '영업이익']",,2026-07-07T22:25:05
디와이디,01089378,219550,KOSDAQ,연간x연결,지표,CV-6,PASS,default metric selection visible,,2026-07-07T22:25:05
디와이디,01089378,219550,KOSDAQ,연간x별도,재무제표,DS-1,PASS,,,2026-07-07T22:25:10
디와이디,01089378,219550,KOSDAQ,연간x별도,상단,DS-8,PASS,,,2026-07-07T22:25:10
디와이디,01089378,219550,KOSDAQ,연간x별도,상단,DS-7,PASS,"badges seen: ['✅', '🔎', '⚠']",,2026-07-07T22:25:10
디와이디,01089378,219550,KOSDAQ,연간x별도,재무제표,CV-3,PASS,rows=29 cols=13 slider_extended=True,,2026-07-07T22:25:10
디와이디,01089378,219550,KOSDAQ,연간x별도,재무제표,DS-2/DS-3,DONE,"cross-check completed for ['매출액', '영업이익']",,2026-07-07T22:25:10
디와이디,01089378,219550,KOSDAQ,연간x별도,지표,CV-6,PASS,default metric selection visible,,2026-07-07T22:25:10
디와이디,01089378,219550,KOSDAQ,분기x연결,재무제표,DS-1,PASS,,,2026-07-07T22:25:17
디와이디,01089378,219550,KOSDAQ,분기x연결,상단,DS-8,PASS,,,2026-07-07T22:25:17
디와이디,01089378,219550,KOSDAQ,분기x연결,상단,DS-7,PASS,"badges seen: ['✅', '🔎', '⚠']",,2026-07-07T22:25:17
디와이디,01089378,219550,KOSDAQ,분기x연결,재무제표,CV-3,PASS,rows=29 cols=23 slider_extended=True,,2026-07-07T22:25:17
디와이디,01089378,219550,KOSDAQ,분기x연결,재무제표,DS-2/DS-3,DONE,"cross-check completed for ['매출액', '영업이익']",,2026-07-07T22:25:17
디와이디,01089378,219550,KOSDAQ,분기x연결,지표,CV-6,PASS,default metric selection visible,,2026-07-07T22:25:17
디와이디,01089378,219550,KOSDAQ,분기x별도,재무제표,DS-1,PASS,,,2026-07-07T22:25:24
디와이디,01089378,219550,KOSDAQ,분기x별도,상단,DS-8,PASS,,,2026-07-07T22:25:24
디와이디,01089378,219550,KOSDAQ,분기x별도,상단,DS-7,PASS,"badges seen: ['✅', '🔎', '⚠']",,2026-07-07T22:25:24
디와이디,01089378,219550,KOSDAQ,분기x별도,재무제표,CV-3,PASS,rows=29 cols=45 slider_extended=True,,2026-07-07T22:25:24
디와이디,01089378,219550,KOSDAQ,분기x별도,재무제표,DS-2/DS-3,DONE,"cross-check completed for ['매출액', '영업이익']",,2026-07-07T22:25:24
디와이디,01089378,219550,KOSDAQ,분기x별도,지표,CV-6,PASS,default metric selection visible,,2026-07-07T22:25:24
디와이씨,01336443,310870,KOSDAQ,연간x연결,재무제표,DS-1,PASS,,,2026-07-07T22:25:37
디와이씨,01336443,310870,KOSDAQ,연간x연결,상단,DS-8,PASS,,,2026-07-07T22:25:37
디와이씨,01336443,310870,KOSDAQ,연간x연결,상단,DS-7,PASS,"badges seen: ['✅', '🔎', '⚠']",,2026-07-07T22:25:37
디와이씨,01336443,310870,KOSDAQ,연간x연결,재무제표,CV-3,PASS,rows=29 cols=8 slider_extended=True,,2026-07-07T22:25:37
디와이씨,01336443,310870,KOSDAQ,연간x연결,재무제표,DS-2/DS-3,DONE,"cross-check completed for ['매출액', '영업이익']",,2026-07-07T22:25:37
디와이씨,01336443,310870,KOSDAQ,연간x연결,지표,CV-6,PASS,default metric selection visible,,2026-07-07T22:25:37
디와이씨,01336443,310870,KOSDAQ,연간x별도,재무제표,DS-1,PASS,,,2026-07-07T22:25:42
디와이씨,01336443,310870,KOSDAQ,연간x별도,상단,DS-8,PASS,,,2026-07-07T22:25:42
디와이씨,01336443,310870,KOSDAQ,연간x별도,상단,DS-7,PASS,"badges seen: ['✅', '🔎', '⚠']",,2026-07-07T22:25:42
디와이씨,01336443,310870,KOSDAQ,연간x별도,재무제표,CV-3,PASS,rows=29 cols=11 slider_extended=True,,2026-07-07T22:25:42
디와이씨,01336443,310870,KOSDAQ,연간x별도,재무제표,DS-2/DS-3,DONE,"cross-check completed for ['매출액', '영업이익']",,2026-07-07T22:25:42
디와이씨,01336443,310870,KOSDAQ,연간x별도,지표,CV-6,PASS,default metric selection visible,,2026-07-07T22:25:42
디와이씨,01336443,310870,KOSDAQ,분기x연결,재무제표,DS-1,PASS,,,2026-07-07T22:25:48
디와이씨,01336443,310870,KOSDAQ,분기x연결,상단,DS-8,PASS,,,2026-07-07T22:25:48
디와이씨,01336443,310870,KOSDAQ,분기x연결,상단,DS-7,PASS,"badges seen: ['✅', '🔎']",,2026-07-07T22:25:48
디와이씨,01336443,310870,KOSDAQ,분기x연결,재무제표,CV-3,PASS,rows=29 cols=23 slider_extended=True,,2026-07-07T22:25:48
디와이씨,01336443,310870,KOSDAQ,분기x연결,재무제표,DS-2/DS-3,DONE,"cross-check completed for ['매출액', '영업이익']",,2026-07-07T22:25:48
디와이씨,01336443,310870,KOSDAQ,분기x연결,지표,CV-6,PASS,default metric selection visible,,2026-07-07T22:25:48
디와이씨,01336443,310870,KOSDAQ,분기x별도,재무제표,DS-1,PASS,,,2026-07-07T22:25:56
디와이씨,01336443,310870,KOSDAQ,분기x별도,상단,DS-8,PASS,,,2026-07-07T22:25:56
디와이씨,01336443,310870,KOSDAQ,분기x별도,상단,DS-7,PASS,"badges seen: ['✅', '🔎']",,2026-07-07T22:25:56
디와이씨,01336443,310870,KOSDAQ,분기x별도,재무제표,CV-3,PASS,rows=29 cols=33 slider_extended=True,,2026-07-07T22:25:56
디와이씨,01336443,310870,KOSDAQ,분기x별도,재무제표,DS-2/DS-3,DONE,"cross-check completed for ['매출액', '영업이익']",,2026-07-07T22:25:56
디와이씨,01336443,310870,KOSDAQ,분기x별도,지표,CV-6,PASS,default metric selection visible,,2026-07-07T22:25:56
디와이피엔에프,00602136,104460,KOSDAQ,연간x연결,재무제표,DS-1,PASS,,,2026-07-07T22:26:06
디와이피엔에프,00602136,104460,KOSDAQ,연간x연결,상단,DS-8,PASS,,,2026-07-07T22:26:06
디와이피엔에프,00602136,104460,KOSDAQ,연간x연결,상단,DS-7,PASS,"badges seen: ['✅', '🔎', '⚠']",,2026-07-07T22:26:06
디와이피엔에프,00602136,104460,KOSDAQ,연간x연결,재무제표,CV-3,PASS,rows=29 cols=18 slider_extended=True,,2026-07-07T22:26:06
디와이피엔에프,00602136,104460,KOSDAQ,연간x연결,재무제표,DS-2/DS-3,DONE,"cross-check completed for ['매출액', '영업이익']",,2026-07-07T22:26:06
디와이피엔에프,00602136,104460,KOSDAQ,연간x연결,지표,CV-6,PASS,default metric selection visible,,2026-07-07T22:26:06
디와이피엔에프,00602136,104460,KOSDAQ,연간x별도,재무제표,DS-1,PASS,,,2026-07-07T22:26:11
디와이피엔에프,00602136,104460,KOSDAQ,연간x별도,상단,DS-8,PASS,,,2026-07-07T22:26:11
디와이피엔에프,00602136,104460,KOSDAQ,연간x별도,상단,DS-7,PASS,"badges seen: ['✅', '🔎', '⚠']",,2026-07-07T22:26:11
디와이피엔에프,00602136,104460,KOSDAQ,연간x별도,재무제표,CV-3,PASS,rows=29 cols=21 slider_extended=True,,2026-07-07T22:26:11
디와이피엔에프,00602136,104460,KOSDAQ,연간x별도,재무제표,DS-2/DS-3,DONE,"cross-check completed for ['매출액', '영업이익']",,2026-07-07T22:26:11
디와이피엔에프,00602136,104460,KOSDAQ,연간x별도,지표,CV-6,PASS,default metric selection visible,,2026-07-07T22:26:11
디와이피엔에프,00602136,104460,KOSDAQ,분기x연결,재무제표,DS-1,PASS,,,2026-07-07T22:26:18
디와이피엔에프,00602136,104460,KOSDAQ,분기x연결,상단,DS-8,PASS,,,2026-07-07T22:26:18
디와이피엔에프,00602136,104460,KOSDAQ,분기x연결,상단,DS-7,PASS,"badges seen: ['✅', '🔎']",,2026-07-07T22:26:18
디와이피엔에프,00602136,104460,KOSDAQ,분기x연결,재무제표,CV-3,PASS,rows=29 cols=60 slider_extended=True,,2026-07-07T22:26:18
디와이피엔에프,00602136,104460,KOSDAQ,분기x연결,재무제표,DS-2/DS-3,DONE,"cross-check completed for ['매출액', '영업이익']",,2026-07-07T22:26:18
디와이피엔에프,00602136,104460,KOSDAQ,분기x연결,지표,CV-6,PASS,default metric selection visible,,2026-07-07T22:26:18
디와이피엔에프,00602136,104460,KOSDAQ,분기x별도,재무제표,DS-1,PASS,,,2026-07-07T22:26:25
디와이피엔에프,00602136,104460,KOSDAQ,분기x별도,상단,DS-8,PASS,,,2026-07-07T22:26:25
디와이피엔에프,00602136,104460,KOSDAQ,분기x별도,상단,DS-7,PASS,"badges seen: ['✅', '🔎']",,2026-07-07T22:26:25
디와이피엔에프,00602136,104460,KOSDAQ,분기x별도,재무제표,CV-3,PASS,rows=29 cols=69 slider_extended=True,,2026-07-07T22:26:25
디와이피엔에프,00602136,104460,KOSDAQ,분기x별도,재무제표,DS-2/DS-3,DONE,"cross-check completed for ['매출액', '영업이익']",,2026-07-07T22:26:25
디와이피엔에프,00602136,104460,KOSDAQ,분기x별도,지표,CV-6,PASS,default metric selection visible,,2026-07-07T22:26:25
디젠스,00576789,113810,KOSDAQ,연간x연결,재무제표,DS-1,PASS,,,2026-07-07T22:26:38
디젠스,00576789,113810,KOSDAQ,연간x연결,상단,DS-8,PASS,,,2026-07-07T22:26:38
디젠스,00576789,113810,KOSDAQ,연간x연결,상단,DS-7,PASS,"badges seen: ['✅', '🔎', '⚠']",,2026-07-07T22:26:38
디젠스,00576789,113810,KOSDAQ,연간x연결,재무제표,CV-3,PASS,rows=29 cols=18 slider_extended=True,,2026-07-07T22:26:38
디젠스,00576789,113810,KOSDAQ,연간x연결,재무제표,DS-2/DS-3,DONE,"cross-check completed for ['매출액', '영업이익']",,2026-07-07T22:26:38
디젠스,00576789,113810,KOSDAQ,연간x연결,지표,CV-6,PASS,default metric selection visible,,2026-07-07T22:26:38
디젠스,00576789,113810,KOSDAQ,연간x별도,재무제표,DS-1,PASS,,,2026-07-07T22:26:43
디젠스,00576789,113810,KOSDAQ,연간x별도,상단,DS-8,PASS,,,2026-07-07T22:26:43
디젠스,00576789,113810,KOSDAQ,연간x별도,상단,DS-7,PASS,"badges seen: ['✅', '🔎', '⚠']",,2026-07-07T22:26:43
디젠스,00576789,113810,KOSDAQ,연간x별도,재무제표,CV-3,PASS,rows=29 cols=18 slider_extended=True,,2026-07-07T22:26:43
디젠스,00576789,113810,KOSDAQ,연간x별도,재무제표,DS-2/DS-3,DONE,"cross-check completed for ['매출액', '영업이익']",,2026-07-07T22:26:43
디젠스,00576789,113810,KOSDAQ,연간x별도,지표,CV-6,PASS,default metric selection visible,,2026-07-07T22:26:43
디젠스,00576789,113810,KOSDAQ,분기x연결,재무제표,DS-1,PASS,,,2026-07-07T22:26:50
디젠스,00576789,113810,KOSDAQ,분기x연결,상단,DS-8,PASS,,,2026-07-07T22:26:50
디젠스,00576789,113810,KOSDAQ,분기x연결,상단,DS-7,PASS,"badges seen: ['✅', '🔎', '⚠']",,2026-07-07T22:26:50
디젠스,00576789,113810,KOSDAQ,분기x연결,재무제표,CV-3,PASS,rows=29 cols=60 slider_extended=True,,2026-07-07T22:26:50
디젠스,00576789,113810,KOSDAQ,분기x연결,재무제표,DS-2/DS-3,DONE,"cross-check completed for ['매출액', '영업이익']",,2026-07-07T22:26:50
디젠스,00576789,113810,KOSDAQ,분기x연결,지표,CV-6,PASS,default metric selection visible,,2026-07-07T22:26:50
디젠스,00576789,113810,KOSDAQ,분기x별도,재무제표,DS-1,PASS,,,2026-07-07T22:26:57
디젠스,00576789,113810,KOSDAQ,분기x별도,상단,DS-8,PASS,,,2026-07-07T22:26:57
디젠스,00576789,113810,KOSDAQ,분기x별도,상단,DS-7,PASS,"badges seen: ['✅', '🔎', '⚠']",,2026-07-07T22:26:57
디젠스,00576789,113810,KOSDAQ,분기x별도,재무제표,CV-3,PASS,rows=29 cols=60 slider_extended=True,,2026-07-07T22:26:57
디젠스,00576789,113810,KOSDAQ,분기x별도,재무제표,DS-2/DS-3,DONE,"cross-check completed for ['매출액', '영업이익']",,2026-07-07T22:26:57
디젠스,00576789,113810,KOSDAQ,분기x별도,지표,CV-6,PASS,default metric selection visible,,2026-07-07T22:26:57
디지아이,00295547,043360,KOSDAQ,연간x연결,재무제표,DS-1,PASS,,,2026-07-07T22:27:10
디지아이,00295547,043360,KOSDAQ,연간x연결,상단,DS-8,PASS,,,2026-07-07T22:27:10
디지아이,00295547,043360,KOSDAQ,연간x연결,상단,DS-7,PASS,"badges seen: ['✅', '🔎']",,2026-07-07T22:27:10
디지아이,00295547,043360,KOSDAQ,연간x연결,재무제표,CV-3,PASS,rows=29 cols=5 slider_extended=True,,2026-07-07T22:27:10
디지아이,00295547,043360,KOSDAQ,연간x연결,재무제표,DS-2/DS-3,DONE,"cross-check completed for ['매출액', '영업이익']",,2026-07-07T22:27:10
디지아이,00295547,043360,KOSDAQ,연간x연결,지표,CV-6,PASS,default metric selection visible,,2026-07-07T22:27:10
디지아이,00295547,043360,KOSDAQ,연간x별도,재무제표,DS-1,PASS,,,2026-07-07T22:27:15
디지아이,00295547,043360,KOSDAQ,연간x별도,상단,DS-8,PASS,,,2026-07-07T22:27:15
디지아이,00295547,043360,KOSDAQ,연간x별도,상단,DS-7,PASS,"badges seen: ['✅', '🔎']",,2026-07-07T22:27:15
디지아이,00295547,043360,KOSDAQ,연간x별도,재무제표,CV-3,PASS,rows=29 cols=29 slider_extended=True,,2026-07-07T22:27:15
디지아이,00295547,043360,KOSDAQ,연간x별도,재무제표,DS-2/DS-3,DONE,"cross-check completed for ['매출액', '영업이익']",,2026-07-07T22:27:15
디지아이,00295547,043360,KOSDAQ,연간x별도,지표,CV-6,PASS,default metric selection visible,,2026-07-07T22:27:15
디지아이,00295547,043360,KOSDAQ,분기x연결,재무제표,DS-1,PASS,,,2026-07-07T22:27:21
디지아이,00295547,043360,KOSDAQ,분기x연결,상단,DS-8,PASS,,,2026-07-07T22:27:21
디지아이,00295547,043360,KOSDAQ,분기x연결,상단,DS-7,PASS,"badges seen: ['✅', '🔎']",,2026-07-07T22:27:21
디지아이,00295547,043360,KOSDAQ,분기x연결,재무제표,CV-3,PASS,rows=29 cols=16 slider_extended=True,,2026-07-07T22:27:21
디지아이,00295547,043360,KOSDAQ,분기x연결,재무제표,DS-2/DS-3,DONE,"cross-check completed for ['매출액', '영업이익']",,2026-07-07T22:27:21
디지아이,00295547,043360,KOSDAQ,분기x연결,지표,CV-6,PASS,default metric selection visible,,2026-07-07T22:27:21
디지아이,00295547,043360,KOSDAQ,분기x별도,재무제표,DS-1,PASS,,,2026-07-07T22:27:29
디지아이,00295547,043360,KOSDAQ,분기x별도,상단,DS-8,PASS,,,2026-07-07T22:27:29
디지아이,00295547,043360,KOSDAQ,분기x별도,상단,DS-7,PASS,"badges seen: ['✅', '🔎']",,2026-07-07T22:27:29
디지아이,00295547,043360,KOSDAQ,분기x별도,재무제표,CV-3,PASS,rows=29 cols=85 slider_extended=True,,2026-07-07T22:27:29
디지아이,00295547,043360,KOSDAQ,분기x별도,재무제표,DS-2/DS-3,DONE,"cross-check completed for ['매출액', '영업이익']",,2026-07-07T22:27:29
디지아이,00295547,043360,KOSDAQ,분기x별도,지표,CV-6,PASS,default metric selection visible,,2026-07-07T22:27:29
디지캡,00681373,197140,KOSDAQ,연간x연결,재무제표,DS-1,PASS,,,2026-07-07T22:27:42
디지캡,00681373,197140,KOSDAQ,연간x연결,상단,DS-8,PASS,,,2026-07-07T22:27:42
디지캡,00681373,197140,KOSDAQ,연간x연결,상단,DS-7,PASS,"badges seen: ['✅', '🔎', '⚠']",,2026-07-07T22:27:42
디지캡,00681373,197140,KOSDAQ,연간x연결,재무제표,CV-3,PASS,rows=29 cols=9 slider_extended=True,,2026-07-07T22:27:42
디지캡,00681373,197140,KOSDAQ,연간x연결,재무제표,DS-2/DS-3,DONE,"cross-check completed for ['매출액', '영업이익']",,2026-07-07T22:27:42
디지캡,00681373,197140,KOSDAQ,연간x연결,지표,CV-6,PASS,default metric selection visible,,2026-07-07T22:27:42
디지캡,00681373,197140,KOSDAQ,연간x별도,재무제표,DS-1,PASS,,,2026-07-07T22:27:47
디지캡,00681373,197140,KOSDAQ,연간x별도,상단,DS-8,PASS,,,2026-07-07T22:27:47
디지캡,00681373,197140,KOSDAQ,연간x별도,상단,DS-7,PASS,"badges seen: ['✅', '🔎', '⚠']",,2026-07-07T22:27:47
디지캡,00681373,197140,KOSDAQ,연간x별도,재무제표,CV-3,PASS,rows=29 cols=17 slider_extended=True,,2026-07-07T22:27:47
디지캡,00681373,197140,KOSDAQ,연간x별도,재무제표,DS-2/DS-3,DONE,"cross-check completed for ['매출액', '영업이익']",,2026-07-07T22:27:47
디지캡,00681373,197140,KOSDAQ,연간x별도,지표,CV-6,PASS,default metric selection visible,,2026-07-07T22:27:47
디지캡,00681373,197140,KOSDAQ,분기x연결,재무제표,DS-1,PASS,,,2026-07-07T22:27:53
디지캡,00681373,197140,KOSDAQ,분기x연결,상단,DS-8,PASS,,,2026-07-07T22:27:53
디지캡,00681373,197140,KOSDAQ,분기x연결,상단,DS-7,PASS,"badges seen: ['✅', '🔎']",,2026-07-07T22:27:53
디지캡,00681373,197140,KOSDAQ,분기x연결,재무제표,CV-3,PASS,rows=29 cols=27 slider_extended=True,,2026-07-07T22:27:53
디지캡,00681373,197140,KOSDAQ,분기x연결,재무제표,DS-2/DS-3,DONE,"cross-check completed for ['매출액', '영업이익']",,2026-07-07T22:27:53
디지캡,00681373,197140,KOSDAQ,분기x연결,지표,CV-6,PASS,default metric selection visible,,2026-07-07T22:27:53
디지캡,00681373,197140,KOSDAQ,분기x별도,재무제표,DS-1,PASS,,,2026-07-07T22:28:01
디지캡,00681373,197140,KOSDAQ,분기x별도,상단,DS-8,PASS,,,2026-07-07T22:28:01
디지캡,00681373,197140,KOSDAQ,분기x별도,상단,DS-7,PASS,"badges seen: ['✅', '🔎', '⚠']",,2026-07-07T22:28:01
디지캡,00681373,197140,KOSDAQ,분기x별도,재무제표,CV-3,PASS,rows=29 cols=37 slider_extended=True,,2026-07-07T22:28:01
디지캡,00681373,197140,KOSDAQ,분기x별도,재무제표,DS-2/DS-3,DONE,"cross-check completed for ['매출액', '영업이익']",,2026-07-07T22:28:01
디지캡,00681373,197140,KOSDAQ,분기x별도,지표,CV-6,PASS,default metric selection visible,,2026-07-07T22:28:01
디지털대성,00398808,068930,KOSDAQ,연간x연결,재무제표,DS-1,PASS,,,2026-07-07T22:28:14
디지털대성,00398808,068930,KOSDAQ,연간x연결,상단,DS-8,PASS,,,2026-07-07T22:28:14
디지털대성,00398808,068930,KOSDAQ,연간x연결,상단,DS-7,PASS,"badges seen: ['✅', '🔎']",,2026-07-07T22:28:14
디지털대성,00398808,068930,KOSDAQ,연간x연결,재무제표,CV-3,PASS,rows=29 cols=15 slider_extended=True,,2026-07-07T22:28:14
디지털대성,00398808,068930,KOSDAQ,연간x연결,재무제표,DS-2/DS-3,DONE,"cross-check completed for ['매출액', '영업이익']",,2026-07-07T22:28:14
디지털대성,00398808,068930,KOSDAQ,연간x연결,지표,CV-6,PASS,default metric selection visible,,2026-07-07T22:28:14
디지털대성,00398808,068930,KOSDAQ,연간x별도,재무제표,DS-1,PASS,,,2026-07-07T22:28:19
디지털대성,00398808,068930,KOSDAQ,연간x별도,상단,DS-8,PASS,,,2026-07-07T22:28:19
디지털대성,00398808,068930,KOSDAQ,연간x별도,상단,DS-7,PASS,"badges seen: ['✅', '🔎', '⚠']",,2026-07-07T22:28:19
디지털대성,00398808,068930,KOSDAQ,연간x별도,재무제표,CV-3,PASS,rows=29 cols=25 slider_extended=True,,2026-07-07T22:28:19
디지털대성,00398808,068930,KOSDAQ,연간x별도,재무제표,DS-2/DS-3,DONE,"cross-check completed for ['매출액', '영업이익']",,2026-07-07T22:28:19
디지털대성,00398808,068930,KOSDAQ,연간x별도,지표,CV-6,PASS,default metric selection visible,,2026-07-07T22:28:19
디지털대성,00398808,068930,KOSDAQ,분기x연결,재무제표,DS-1,PASS,,,2026-07-07T22:28:25
디지털대성,00398808,068930,KOSDAQ,분기x연결,상단,DS-8,PASS,,,2026-07-07T22:28:25
디지털대성,00398808,068930,KOSDAQ,분기x연결,상단,DS-7,PASS,"badges seen: ['✅', '🔎']",,2026-07-07T22:28:25
디지털대성,00398808,068930,KOSDAQ,분기x연결,재무제표,CV-3,PASS,rows=29 cols=51 slider_extended=True,,2026-07-07T22:28:25
디지털대성,00398808,068930,KOSDAQ,분기x연결,재무제표,DS-2/DS-3,DONE,"cross-check completed for ['매출액', '영업이익']",,2026-07-07T22:28:25
디지털대성,00398808,068930,KOSDAQ,분기x연결,지표,CV-6,PASS,default metric selection visible,,2026-07-07T22:28:25
디지털대성,00398808,068930,KOSDAQ,분기x별도,재무제표,DS-1,PASS,,,2026-07-07T22:28:32
디지털대성,00398808,068930,KOSDAQ,분기x별도,상단,DS-8,PASS,,,2026-07-07T22:28:32
디지털대성,00398808,068930,KOSDAQ,분기x별도,상단,DS-7,PASS,"badges seen: ['✅', '🔎']",,2026-07-07T22:28:32
디지털대성,00398808,068930,KOSDAQ,분기x별도,재무제표,CV-3,PASS,rows=29 cols=82 slider_extended=True,,2026-07-07T22:28:32
디지털대성,00398808,068930,KOSDAQ,분기x별도,재무제표,DS-2/DS-3,DONE,"cross-check completed for ['매출액', '영업이익']",,2026-07-07T22:28:32
디지털대성,00398808,068930,KOSDAQ,분기x별도,지표,CV-6,PASS,default metric selection visible,,2026-07-07T22:28:32
디지틀조선,00231442,033130,KOSDAQ,연간x연결,재무제표,DS-1,PASS,,,2026-07-07T22:28:46
디지틀조선,00231442,033130,KOSDAQ,연간x연결,상단,DS-8,PASS,,,2026-07-07T22:28:46
디지틀조선,00231442,033130,KOSDAQ,연간x연결,상단,DS-7,PASS,"badges seen: ['✅', '🔎']",,2026-07-07T22:28:46
디지틀조선,00231442,033130,KOSDAQ,연간x연결,재무제표,CV-3,PASS,rows=29 cols=19 slider_extended=True,,2026-07-07T22:28:46
디지틀조선,00231442,033130,KOSDAQ,연간x연결,재무제표,DS-2/DS-3,DONE,"cross-check completed for ['매출액', '영업이익']",,2026-07-07T22:28:46
디지틀조선,00231442,033130,KOSDAQ,연간x연결,지표,CV-6,PASS,default metric selection visible,,2026-07-07T22:28:46
디지틀조선,00231442,033130,KOSDAQ,연간x별도,재무제표,DS-1,PASS,,,2026-07-07T22:28:51
디지틀조선,00231442,033130,KOSDAQ,연간x별도,상단,DS-8,PASS,,,2026-07-07T22:28:51
디지틀조선,00231442,033130,KOSDAQ,연간x별도,상단,DS-7,PASS,"badges seen: ['✅', '🔎']",,2026-07-07T22:28:51
디지틀조선,00231442,033130,KOSDAQ,연간x별도,재무제표,CV-3,PASS,rows=29 cols=26 slider_extended=True,,2026-07-07T22:28:51
디지틀조선,00231442,033130,KOSDAQ,연간x별도,재무제표,DS-2/DS-3,DONE,"cross-check completed for ['매출액', '영업이익']",,2026-07-07T22:28:51
디지틀조선,00231442,033130,KOSDAQ,연간x별도,지표,CV-6,PASS,default metric selection visible,,2026-07-07T22:28:51
디지틀조선,00231442,033130,KOSDAQ,분기x연결,재무제표,DS-1,PASS,,,2026-07-07T22:28:57
디지틀조선,00231442,033130,KOSDAQ,분기x연결,상단,DS-8,PASS,,,2026-07-07T22:28:57
디지틀조선,00231442,033130,KOSDAQ,분기x연결,상단,DS-7,PASS,"badges seen: ['✅', '🔎']",,2026-07-07T22:28:57
디지틀조선,00231442,033130,KOSDAQ,분기x연결,재무제표,CV-3,PASS,rows=29 cols=60 slider_extended=True,,2026-07-07T22:28:57
디지틀조선,00231442,033130,KOSDAQ,분기x연결,재무제표,DS-2/DS-3,DONE,"cross-check completed for ['매출액', '영업이익']",,2026-07-07T22:28:57
디지틀조선,00231442,033130,KOSDAQ,분기x연결,지표,CV-6,PASS,default metric selection visible,,2026-07-07T22:28:57
디지틀조선,00231442,033130,KOSDAQ,분기x별도,재무제표,DS-1,PASS,,,2026-07-07T22:29:05
디지틀조선,00231442,033130,KOSDAQ,분기x별도,상단,DS-8,PASS,,,2026-07-07T22:29:05
디지틀조선,00231442,033130,KOSDAQ,분기x별도,상단,DS-7,PASS,"badges seen: ['✅', '🔎']",,2026-07-07T22:29:05
디지틀조선,00231442,033130,KOSDAQ,분기x별도,재무제표,CV-3,PASS,rows=29 cols=88 slider_extended=True,,2026-07-07T22:29:05
디지틀조선,00231442,033130,KOSDAQ,분기x별도,재무제표,DS-2/DS-3,DONE,"cross-check completed for ['매출액', '영업이익']",,2026-07-07T22:29:05
디지틀조선,00231442,033130,KOSDAQ,분기x별도,지표,CV-6,PASS,default metric selection visible,,2026-07-07T22:29:05
디케이락,00533003,105740,KOSDAQ,연간x연결,재무제표,DS-1,PASS,,,2026-07-07T22:29:16
디케이락,00533003,105740,KOSDAQ,연간x연결,상단,DS-8,PASS,,,2026-07-07T22:29:16
디케이락,00533003,105740,KOSDAQ,연간x연결,상단,DS-7,PASS,"badges seen: ['✅', '🔎']",,2026-07-07T22:29:16
디케이락,00533003,105740,KOSDAQ,연간x연결,재무제표,CV-3,PASS,rows=29 cols=10 slider_extended=True,,2026-07-07T22:29:16
디케이락,00533003,105740,KOSDAQ,연간x연결,재무제표,DS-2/DS-3,DONE,"cross-check completed for ['매출액', '영업이익']",,2026-07-07T22:29:16
디케이락,00533003,105740,KOSDAQ,연간x연결,지표,CV-6,PASS,default metric selection visible,,2026-07-07T22:29:16
디케이락,00533003,105740,KOSDAQ,연간x별도,재무제표,DS-1,PASS,,,2026-07-07T22:29:21
디케이락,00533003,105740,KOSDAQ,연간x별도,상단,DS-8,PASS,,,2026-07-07T22:29:21
디케이락,00533003,105740,KOSDAQ,연간x별도,상단,DS-7,PASS,"badges seen: ['✅', '🔎', '⚠']",,2026-07-07T22:29:21
디케이락,00533003,105740,KOSDAQ,연간x별도,재무제표,CV-3,PASS,rows=29 cols=20 slider_extended=True,,2026-07-07T22:29:21
디케이락,00533003,105740,KOSDAQ,연간x별도,재무제표,DS-2/DS-3,DONE,"cross-check completed for ['매출액', '영업이익']",,2026-07-07T22:29:21
디케이락,00533003,105740,KOSDAQ,연간x별도,지표,CV-6,PASS,default metric selection visible,,2026-07-07T22:29:21
디케이락,00533003,105740,KOSDAQ,분기x연결,재무제표,DS-1,PASS,,,2026-07-07T22:29:27
디케이락,00533003,105740,KOSDAQ,분기x연결,상단,DS-8,PASS,,,2026-07-07T22:29:27
디케이락,00533003,105740,KOSDAQ,분기x연결,상단,DS-7,PASS,"badges seen: ['✅', '🔎']",,2026-07-07T22:29:27
디케이락,00533003,105740,KOSDAQ,분기x연결,재무제표,CV-3,PASS,rows=29 cols=28 slider_extended=True,,2026-07-07T22:29:27
디케이락,00533003,105740,KOSDAQ,분기x연결,재무제표,DS-2/DS-3,DONE,"cross-check completed for ['매출액', '영업이익']",,2026-07-07T22:29:27
디케이락,00533003,105740,KOSDAQ,분기x연결,지표,CV-6,PASS,default metric selection visible,,2026-07-07T22:29:27
디케이락,00533003,105740,KOSDAQ,분기x별도,재무제표,DS-1,PASS,,,2026-07-07T22:29:34
디케이락,00533003,105740,KOSDAQ,분기x별도,상단,DS-8,PASS,,,2026-07-07T22:29:34
디케이락,00533003,105740,KOSDAQ,분기x별도,상단,DS-7,PASS,"badges seen: ['✅', '🔎', '⚠']",,2026-07-07T22:29:34
디케이락,00533003,105740,KOSDAQ,분기x별도,재무제표,CV-3,PASS,rows=29 cols=63 slider_extended=True,,2026-07-07T22:29:34
디케이락,00533003,105740,KOSDAQ,분기x별도,재무제표,DS-2/DS-3,DONE,"cross-check completed for ['매출액', '영업이익']",,2026-07-07T22:29:34
디케이락,00533003,105740,KOSDAQ,분기x별도,지표,CV-6,PASS,default metric selection visible,,2026-07-07T22:29:34
디케이앤디,00892526,263020,KOSDAQ,연간x연결,재무제표,DS-1,PASS,,,2026-07-07T22:29:48
디케이앤디,00892526,263020,KOSDAQ,연간x연결,상단,DS-8,PASS,,,2026-07-07T22:29:48
디케이앤디,00892526,263020,KOSDAQ,연간x연결,상단,DS-7,PASS,"badges seen: ['✅', '🔎', '⚠']",,2026-07-07T22:29:48
디케이앤디,00892526,263020,KOSDAQ,연간x연결,재무제표,CV-3,PASS,rows=29 cols=12 slider_extended=True,,2026-07-07T22:29:48
디케이앤디,00892526,263020,KOSDAQ,연간x연결,재무제표,DS-2/DS-3,DONE,"cross-check completed for ['매출액', '영업이익']",,2026-07-07T22:29:48
디케이앤디,00892526,263020,KOSDAQ,연간x연결,지표,CV-6,PASS,default metric selection visible,,2026-07-07T22:29:48
디케이앤디,00892526,263020,KOSDAQ,연간x별도,재무제표,DS-1,PASS,,,2026-07-07T22:29:53
디케이앤디,00892526,263020,KOSDAQ,연간x별도,상단,DS-8,PASS,,,2026-07-07T22:29:53
디케이앤디,00892526,263020,KOSDAQ,연간x별도,상단,DS-7,PASS,"badges seen: ['✅', '🔎']",,2026-07-07T22:29:53
디케이앤디,00892526,263020,KOSDAQ,연간x별도,재무제표,CV-3,PASS,rows=29 cols=12 slider_extended=True,,2026-07-07T22:29:53
디케이앤디,00892526,263020,KOSDAQ,연간x별도,재무제표,DS-2/DS-3,DONE,"cross-check completed for ['매출액', '영업이익']",,2026-07-07T22:29:53
디케이앤디,00892526,263020,KOSDAQ,연간x별도,지표,CV-6,PASS,default metric selection visible,,2026-07-07T22:29:53
디케이앤디,00892526,263020,KOSDAQ,분기x연결,재무제표,DS-1,PASS,,,2026-07-07T22:29:59
디케이앤디,00892526,263020,KOSDAQ,분기x연결,상단,DS-8,PASS,,,2026-07-07T22:29:59
디케이앤디,00892526,263020,KOSDAQ,분기x연결,상단,DS-7,PASS,"badges seen: ['✅', '🔎']",,2026-07-07T22:29:59
디케이앤디,00892526,263020,KOSDAQ,분기x연결,재무제표,CV-3,PASS,rows=29 cols=36 slider_extended=True,,2026-07-07T22:29:59
디케이앤디,00892526,263020,KOSDAQ,분기x연결,재무제표,DS-2/DS-3,DONE,"cross-check completed for ['매출액', '영업이익']",,2026-07-07T22:29:59
디케이앤디,00892526,263020,KOSDAQ,분기x연결,지표,CV-6,PASS,default metric selection visible,,2026-07-07T22:29:59
디케이앤디,00892526,263020,KOSDAQ,분기x별도,재무제표,DS-1,PASS,,,2026-07-07T22:30:06
디케이앤디,00892526,263020,KOSDAQ,분기x별도,상단,DS-8,PASS,,,2026-07-07T22:30:06
디케이앤디,00892526,263020,KOSDAQ,분기x별도,상단,DS-7,PASS,"badges seen: ['✅', '🔎']",,2026-07-07T22:30:06
디케이앤디,00892526,263020,KOSDAQ,분기x별도,재무제표,CV-3,PASS,rows=29 cols=36 slider_extended=True,,2026-07-07T22:30:06
디케이앤디,00892526,263020,KOSDAQ,분기x별도,재무제표,DS-2/DS-3,DONE,"cross-check completed for ['매출액', '영업이익']",,2026-07-07T22:30:06
디케이앤디,00892526,263020,KOSDAQ,분기x별도,지표,CV-6,PASS,default metric selection visible,,2026-07-07T22:30:06
디케이티,01137903,290550,KOSDAQ,연간x연결,재무제표,DS-1,PASS,,,2026-07-07T22:30:19
디케이티,01137903,290550,KOSDAQ,연간x연결,상단,DS-8,PASS,,,2026-07-07T22:30:19
디케이티,01137903,290550,KOSDAQ,연간x연결,상단,DS-7,PASS,"badges seen: ['✅', '🔎', '⚠']",,2026-07-07T22:30:19
디케이티,01137903,290550,KOSDAQ,연간x연결,재무제표,CV-3,PASS,rows=29 cols=12 slider_extended=True,,2026-07-07T22:30:19
디케이티,01137903,290550,KOSDAQ,연간x연결,재무제표,DS-2/DS-3,DONE,"cross-check completed for ['매출액', '영업이익']",,2026-07-07T22:30:19
디케이티,01137903,290550,KOSDAQ,연간x연결,지표,CV-6,PASS,default metric selection visible,,2026-07-07T22:30:19
디케이티,01137903,290550,KOSDAQ,연간x별도,재무제표,DS-1,PASS,,,2026-07-07T22:30:25
디케이티,01137903,290550,KOSDAQ,연간x별도,상단,DS-8,PASS,,,2026-07-07T22:30:25
디케이티,01137903,290550,KOSDAQ,연간x별도,상단,DS-7,PASS,"badges seen: ['✅', '🔎']",,2026-07-07T22:30:25
디케이티,01137903,290550,KOSDAQ,연간x별도,재무제표,CV-3,PASS,rows=29 cols=12 slider_extended=True,,2026-07-07T22:30:25
디케이티,01137903,290550,KOSDAQ,연간x별도,재무제표,DS-2/DS-3,DONE,"cross-check completed for ['매출액', '영업이익']",,2026-07-07T22:30:25
디케이티,01137903,290550,KOSDAQ,연간x별도,지표,CV-6,PASS,default metric selection visible,,2026-07-07T22:30:25
디케이티,01137903,290550,KOSDAQ,분기x연결,재무제표,DS-1,PASS,,,2026-07-07T22:30:31
디케이티,01137903,290550,KOSDAQ,분기x연결,상단,DS-8,PASS,,,2026-07-07T22:30:31
디케이티,01137903,290550,KOSDAQ,분기x연결,상단,DS-7,PASS,"badges seen: ['✅', '🔎']",,2026-07-07T22:30:31
디케이티,01137903,290550,KOSDAQ,분기x연결,재무제표,CV-3,PASS,rows=29 cols=36 slider_extended=True,,2026-07-07T22:30:31
디케이티,01137903,290550,KOSDAQ,분기x연결,재무제표,DS-2/DS-3,DONE,"cross-check completed for ['매출액', '영업이익']",,2026-07-07T22:30:31
디케이티,01137903,290550,KOSDAQ,분기x연결,지표,CV-6,PASS,default metric selection visible,,2026-07-07T22:30:31
디케이티,01137903,290550,KOSDAQ,분기x별도,재무제표,DS-1,PASS,,,2026-07-07T22:30:38
디케이티,01137903,290550,KOSDAQ,분기x별도,상단,DS-8,PASS,,,2026-07-07T22:30:38
디케이티,01137903,290550,KOSDAQ,분기x별도,상단,DS-7,PASS,"badges seen: ['✅', '🔎']",,2026-07-07T22:30:38
디케이티,01137903,290550,KOSDAQ,분기x별도,재무제표,CV-3,PASS,rows=29 cols=36 slider_extended=True,,2026-07-07T22:30:38
디케이티,01137903,290550,KOSDAQ,분기x별도,재무제표,DS-2/DS-3,DONE,"cross-check completed for ['매출액', '영업이익']",,2026-07-07T22:30:38
디케이티,01137903,290550,KOSDAQ,분기x별도,지표,CV-6,PASS,default metric selection visible,,2026-07-07T22:30:38
디티씨,00371740,066670,KOSDAQ,연간x연결,재무제표,DS-1,PASS,,,2026-07-07T22:30:52
디티씨,00371740,066670,KOSDAQ,연간x연결,상단,DS-8,PASS,,,2026-07-07T22:30:52
디티씨,00371740,066670,KOSDAQ,연간x연결,상단,DS-7,PASS,"badges seen: ['✅', '🔎', '⚠']",,2026-07-07T22:30:52
디티씨,00371740,066670,KOSDAQ,연간x연결,재무제표,CV-3,PASS,rows=29 cols=10 slider_extended=True,,2026-07-07T22:30:52
디티씨,00371740,066670,KOSDAQ,연간x연결,재무제표,DS-2/DS-3,DONE,"cross-check completed for ['매출액', '영업이익']",,2026-07-07T22:30:52
디티씨,00371740,066670,KOSDAQ,연간x연결,지표,CV-6,PASS,default metric selection visible,,2026-07-07T22:30:52
디티씨,00371740,066670,KOSDAQ,연간x별도,재무제표,DS-1,PASS,,,2026-07-07T22:30:57
디티씨,00371740,066670,KOSDAQ,연간x별도,상단,DS-8,PASS,,,2026-07-07T22:30:57
디티씨,00371740,066670,KOSDAQ,연간x별도,상단,DS-7,PASS,"badges seen: ['✅', '🔎']",,2026-07-07T22:30:57
디티씨,00371740,066670,KOSDAQ,연간x별도,재무제표,CV-3,PASS,rows=29 cols=26 slider_extended=True,,2026-07-07T22:30:57
디티씨,00371740,066670,KOSDAQ,연간x별도,재무제표,DS-2/DS-3,DONE,"cross-check completed for ['매출액', '영업이익']",,2026-07-07T22:30:57
디티씨,00371740,066670,KOSDAQ,연간x별도,지표,CV-6,PASS,default metric selection visible,,2026-07-07T22:30:57
디티씨,00371740,066670,KOSDAQ,분기x연결,재무제표,DS-1,PASS,,,2026-07-07T22:31:03
디티씨,00371740,066670,KOSDAQ,분기x연결,상단,DS-8,PASS,,,2026-07-07T22:31:03
디티씨,00371740,066670,KOSDAQ,분기x연결,상단,DS-7,PASS,"badges seen: ['✅', '🔎', '⚠']",,2026-07-07T22:31:03
디티씨,00371740,066670,KOSDAQ,분기x연결,재무제표,CV-3,PASS,rows=29 cols=32 slider_extended=True,,2026-07-07T22:31:03
디티씨,00371740,066670,KOSDAQ,분기x연결,재무제표,DS-2/DS-3,DONE,"cross-check completed for ['매출액', '영업이익']",,2026-07-07T22:31:03
디티씨,00371740,066670,KOSDAQ,분기x연결,지표,CV-6,PASS,default metric selection visible,,2026-07-07T22:31:03
디티씨,00371740,066670,KOSDAQ,분기x별도,재무제표,DS-1,PASS,,,2026-07-07T22:31:10
디티씨,00371740,066670,KOSDAQ,분기x별도,상단,DS-8,PASS,,,2026-07-07T22:31:10
디티씨,00371740,066670,KOSDAQ,분기x별도,상단,DS-7,PASS,"badges seen: ['✅', '🔎']",,2026-07-07T22:31:10
디티씨,00371740,066670,KOSDAQ,분기x별도,재무제표,CV-3,PASS,rows=29 cols=82 slider_extended=True,,2026-07-07T22:31:10
디티씨,00371740,066670,KOSDAQ,분기x별도,재무제표,DS-2/DS-3,DONE,"cross-check completed for ['매출액', '영업이익']",,2026-07-07T22:31:10
디티씨,00371740,066670,KOSDAQ,분기x별도,지표,CV-6,PASS,default metric selection visible,,2026-07-07T22:31:10
디티앤씨,00675594,187220,KOSDAQ,연간x연결,재무제표,DS-1,PASS,,,2026-07-07T22:31:21
디티앤씨,00675594,187220,KOSDAQ,연간x연결,상단,DS-8,PASS,,,2026-07-07T22:31:21
디티앤씨,00675594,187220,KOSDAQ,연간x연결,상단,DS-7,PASS,"badges seen: ['✅', '🔎', '⚠']",,2026-07-07T22:31:21
디티앤씨,00675594,187220,KOSDAQ,연간x연결,재무제표,CV-3,PASS,rows=29 cols=15 slider_extended=True,,2026-07-07T22:31:21
디티앤씨,00675594,187220,KOSDAQ,연간x연결,재무제표,DS-2/DS-3,DONE,"cross-check completed for ['매출액', '영업이익']",,2026-07-07T22:31:21
디티앤씨,00675594,187220,KOSDAQ,연간x연결,지표,CV-6,PASS,default metric selection visible,,2026-07-07T22:31:21
디티앤씨,00675594,187220,KOSDAQ,연간x별도,재무제표,DS-1,PASS,,,2026-07-07T22:31:26
디티앤씨,00675594,187220,KOSDAQ,연간x별도,상단,DS-8,PASS,,,2026-07-07T22:31:26
디티앤씨,00675594,187220,KOSDAQ,연간x별도,상단,DS-7,PASS,"badges seen: ['✅', '🔎']",,2026-07-07T22:31:26
디티앤씨,00675594,187220,KOSDAQ,연간x별도,재무제표,CV-3,PASS,rows=29 cols=16 slider_extended=True,,2026-07-07T22:31:26
디티앤씨,00675594,187220,KOSDAQ,연간x별도,재무제표,DS-2/DS-3,DONE,"cross-check completed for ['매출액', '영업이익']",,2026-07-07T22:31:26
디티앤씨,00675594,187220,KOSDAQ,연간x별도,지표,CV-6,PASS,default metric selection visible,,2026-07-07T22:31:26
디티앤씨,00675594,187220,KOSDAQ,분기x연결,재무제표,DS-1,PASS,,,2026-07-07T22:31:33
디티앤씨,00675594,187220,KOSDAQ,분기x연결,상단,DS-8,PASS,,,2026-07-07T22:31:33
디티앤씨,00675594,187220,KOSDAQ,분기x연결,상단,DS-7,PASS,"badges seen: ['✅', '🔎']",,2026-07-07T22:31:33
디티앤씨,00675594,187220,KOSDAQ,분기x연결,재무제표,CV-3,PASS,rows=29 cols=52 slider_extended=True,,2026-07-07T22:31:33
디티앤씨,00675594,187220,KOSDAQ,분기x연결,재무제표,DS-2/DS-3,DONE,"cross-check completed for ['매출액', '영업이익']",,2026-07-07T22:31:33
디티앤씨,00675594,187220,KOSDAQ,분기x연결,지표,CV-6,PASS,default metric selection visible,,2026-07-07T22:31:33
디티앤씨,00675594,187220,KOSDAQ,분기x별도,재무제표,DS-1,PASS,,,2026-07-07T22:31:40
디티앤씨,00675594,187220,KOSDAQ,분기x별도,상단,DS-8,PASS,,,2026-07-07T22:31:40
디티앤씨,00675594,187220,KOSDAQ,분기x별도,상단,DS-7,PASS,"badges seen: ['✅', '🔎', '⚠']",,2026-07-07T22:31:40
디티앤씨,00675594,187220,KOSDAQ,분기x별도,재무제표,CV-3,PASS,rows=29 cols=54 slider_extended=True,,2026-07-07T22:31:40
디티앤씨,00675594,187220,KOSDAQ,분기x별도,재무제표,DS-2/DS-3,DONE,"cross-check completed for ['매출액', '영업이익']",,2026-07-07T22:31:40
디티앤씨,00675594,187220,KOSDAQ,분기x별도,지표,CV-6,PASS,default metric selection visible,,2026-07-07T22:31:40
디티앤씨알오,01437432,383930,KOSDAQ,연간x연결,재무제표,DS-1,PASS,,,2026-07-07T22:31:54
디티앤씨알오,01437432,383930,KOSDAQ,연간x연결,상단,DS-8,PASS,,,2026-07-07T22:31:54
디티앤씨알오,01437432,383930,KOSDAQ,연간x연결,상단,DS-4,PASS,substitution caption present,,2026-07-07T22:31:54
디티앤씨알오,01437432,383930,KOSDAQ,연간x연결,상단,DS-7,PASS,"badges seen: ['✅', '🔎', '⚠']",,2026-07-07T22:31:54
디티앤씨알오,01437432,383930,KOSDAQ,연간x연결,재무제표,CV-3,PASS,rows=29 cols=8 slider_extended=True,,2026-07-07T22:31:54
디티앤씨알오,01437432,383930,KOSDAQ,연간x연결,재무제표,DS-2/DS-3,DONE,"cross-check completed for ['매출액', '영업이익']",,2026-07-07T22:31:54
디티앤씨알오,01437432,383930,KOSDAQ,연간x연결,지표,CV-6,PASS,default metric selection visible,,2026-07-07T22:31:54
디티앤씨알오,01437432,383930,KOSDAQ,연간x별도,재무제표,DS-1,PASS,,,2026-07-07T22:31:59
디티앤씨알오,01437432,383930,KOSDAQ,연간x별도,상단,DS-8,PASS,,,2026-07-07T22:31:59
디티앤씨알오,01437432,383930,KOSDAQ,연간x별도,상단,DS-7,PASS,"badges seen: ['✅', '🔎', '⚠']",,2026-07-07T22:31:59
디티앤씨알오,01437432,383930,KOSDAQ,연간x별도,재무제표,CV-3,PASS,rows=29 cols=8 slider_extended=True,,2026-07-07T22:31:59
디티앤씨알오,01437432,383930,KOSDAQ,연간x별도,재무제표,DS-2/DS-3,DONE,"cross-check completed for ['매출액', '영업이익']",,2026-07-07T22:31:59
디티앤씨알오,01437432,383930,KOSDAQ,연간x별도,지표,CV-6,PASS,default metric selection visible,,2026-07-07T22:31:59
디티앤씨알오,01437432,383930,KOSDAQ,분기x연결,재무제표,DS-1,PASS,,,2026-07-07T22:32:05
디티앤씨알오,01437432,383930,KOSDAQ,분기x연결,상단,DS-8,PASS,,,2026-07-07T22:32:05
디티앤씨알오,01437432,383930,KOSDAQ,분기x연결,상단,DS-4,PASS,substitution caption present,,2026-07-07T22:32:05
디티앤씨알오,01437432,383930,KOSDAQ,분기x연결,상단,DS-7,PASS,"badges seen: ['✅', '🔎']",,2026-07-07T22:32:05
디티앤씨알오,01437432,383930,KOSDAQ,분기x연결,재무제표,CV-3,PASS,rows=29 cols=20 slider_extended=True,,2026-07-07T22:32:05
디티앤씨알오,01437432,383930,KOSDAQ,분기x연결,재무제표,DS-2/DS-3,DONE,"cross-check completed for ['매출액', '영업이익']",,2026-07-07T22:32:05
디티앤씨알오,01437432,383930,KOSDAQ,분기x연결,지표,CV-6,PASS,default metric selection visible,,2026-07-07T22:32:05
디티앤씨알오,01437432,383930,KOSDAQ,분기x별도,재무제표,DS-1,PASS,,,2026-07-07T22:32:12
디티앤씨알오,01437432,383930,KOSDAQ,분기x별도,상단,DS-8,PASS,,,2026-07-07T22:32:12
디티앤씨알오,01437432,383930,KOSDAQ,분기x별도,상단,DS-7,PASS,"badges seen: ['✅', '🔎']",,2026-07-07T22:32:12
디티앤씨알오,01437432,383930,KOSDAQ,분기x별도,재무제표,CV-3,PASS,rows=29 cols=20 slider_extended=True,,2026-07-07T22:32:12
디티앤씨알오,01437432,383930,KOSDAQ,분기x별도,재무제표,DS-2/DS-3,DONE,"cross-check completed for ['매출액', '영업이익']",,2026-07-07T22:32:12
디티앤씨알오,01437432,383930,KOSDAQ,분기x별도,지표,CV-6,PASS,default metric selection visible,,2026-07-07T22:32:12
딜리,00629212,131180,KOSDAQ,연간x연결,재무제표,DS-1,PASS,,,2026-07-07T22:32:25
딜리,00629212,131180,KOSDAQ,연간x연결,상단,DS-8,PASS,,,2026-07-07T22:32:25
딜리,00629212,131180,KOSDAQ,연간x연결,상단,DS-7,PASS,"badges seen: ['✅', '🔎', '⚠']",,2026-07-07T22:32:25
딜리,00629212,131180,KOSDAQ,연간x연결,재무제표,CV-3,PASS,rows=29 cols=17 slider_extended=True,,2026-07-07T22:32:25
딜리,00629212,131180,KOSDAQ,연간x연결,재무제표,DS-2/DS-3,DONE,"cross-check completed for ['매출액', '영업이익']",,2026-07-07T22:32:25
딜리,00629212,131180,KOSDAQ,연간x연결,지표,CV-6,PASS,default metric selection visible,,2026-07-07T22:32:25
딜리,00629212,131180,KOSDAQ,연간x별도,재무제표,DS-1,PASS,,,2026-07-07T22:32:30
딜리,00629212,131180,KOSDAQ,연간x별도,상단,DS-8,PASS,,,2026-07-07T22:32:30
딜리,00629212,131180,KOSDAQ,연간x별도,상단,DS-7,PASS,"badges seen: ['✅', '🔎', '⚠']",,2026-07-07T22:32:30
딜리,00629212,131180,KOSDAQ,연간x별도,재무제표,CV-3,PASS,rows=29 cols=20 slider_extended=True,,2026-07-07T22:32:30
딜리,00629212,131180,KOSDAQ,연간x별도,재무제표,DS-2/DS-3,DONE,"cross-check completed for ['매출액', '영업이익']",,2026-07-07T22:32:30
딜리,00629212,131180,KOSDAQ,연간x별도,지표,CV-6,PASS,default metric selection visible,,2026-07-07T22:32:30
딜리,00629212,131180,KOSDAQ,분기x연결,재무제표,DS-1,PASS,,,2026-07-07T22:32:37
딜리,00629212,131180,KOSDAQ,분기x연결,상단,DS-8,PASS,,,2026-07-07T22:32:37
딜리,00629212,131180,KOSDAQ,분기x연결,상단,DS-7,PASS,"badges seen: ['✅', '🔎', '⚠']",,2026-07-07T22:32:37
딜리,00629212,131180,KOSDAQ,분기x연결,재무제표,CV-3,PASS,rows=29 cols=55 slider_extended=True,,2026-07-07T22:32:37
딜리,00629212,131180,KOSDAQ,분기x연결,재무제표,DS-2/DS-3,DONE,"cross-check completed for ['매출액', '영업이익']",,2026-07-07T22:32:37
딜리,00629212,131180,KOSDAQ,분기x연결,지표,CV-6,PASS,default metric selection visible,,2026-07-07T22:32:37
딜리,00629212,131180,KOSDAQ,분기x별도,재무제표,DS-1,PASS,,,2026-07-07T22:32:44
딜리,00629212,131180,KOSDAQ,분기x별도,상단,DS-8,PASS,,,2026-07-07T22:32:44
딜리,00629212,131180,KOSDAQ,분기x별도,상단,DS-7,PASS,"badges seen: ['✅', '🔎', '⚠']",,2026-07-07T22:32:44
딜리,00629212,131180,KOSDAQ,분기x별도,재무제표,CV-3,PASS,rows=29 cols=63 slider_extended=True,,2026-07-07T22:32:44
딜리,00629212,131180,KOSDAQ,분기x별도,재무제표,DS-2/DS-3,DONE,"cross-check completed for ['매출액', '영업이익']",,2026-07-07T22:32:44
딜리,00629212,131180,KOSDAQ,분기x별도,지표,CV-6,PASS,default metric selection visible,,2026-07-07T22:32:44
딥노이드,01344831,315640,KOSDAQ,연간x연결,재무제표,DS-1,PASS,,,2026-07-07T22:32:57
딥노이드,01344831,315640,KOSDAQ,연간x연결,상단,DS-8,PASS,,,2026-07-07T22:32:57
딥노이드,01344831,315640,KOSDAQ,연간x연결,상단,DS-4,PASS,substitution caption present,,2026-07-07T22:32:57
딥노이드,01344831,315640,KOSDAQ,연간x연결,상단,DS-7,PASS,"badges seen: ['✅', '🔎', '⚠']",,2026-07-07T22:32:57
딥노이드,01344831,315640,KOSDAQ,연간x연결,재무제표,CV-3,PASS,rows=29 cols=9 slider_extended=True,,2026-07-07T22:32:57
딥노이드,01344831,315640,KOSDAQ,연간x연결,재무제표,DS-2/DS-3,DONE,"cross-check completed for ['매출액', '영업이익']",,2026-07-07T22:32:57
딥노이드,01344831,315640,KOSDAQ,연간x연결,지표,CV-6,PASS,default metric selection visible,,2026-07-07T22:32:57
딥노이드,01344831,315640,KOSDAQ,연간x별도,재무제표,DS-1,PASS,,,2026-07-07T22:33:03
딥노이드,01344831,315640,KOSDAQ,연간x별도,상단,DS-8,PASS,,,2026-07-07T22:33:03
딥노이드,01344831,315640,KOSDAQ,연간x별도,상단,DS-7,PASS,"badges seen: ['✅', '🔎', '⚠']",,2026-07-07T22:33:03
딥노이드,01344831,315640,KOSDAQ,연간x별도,재무제표,CV-3,PASS,rows=29 cols=9 slider_extended=True,,2026-07-07T22:33:03
딥노이드,01344831,315640,KOSDAQ,연간x별도,재무제표,DS-2/DS-3,DONE,"cross-check completed for ['매출액', '영업이익']",,2026-07-07T22:33:03
딥노이드,01344831,315640,KOSDAQ,연간x별도,지표,CV-6,PASS,default metric selection visible,,2026-07-07T22:33:03
딥노이드,01344831,315640,KOSDAQ,분기x연결,재무제표,DS-1,PASS,,,2026-07-07T22:33:09
딥노이드,01344831,315640,KOSDAQ,분기x연결,상단,DS-8,PASS,,,2026-07-07T22:33:09
딥노이드,01344831,315640,KOSDAQ,분기x연결,상단,DS-4,PASS,substitution caption present,,2026-07-07T22:33:09
딥노이드,01344831,315640,KOSDAQ,분기x연결,상단,DS-7,PASS,"badges seen: ['✅', '🔎', '⚠']",,2026-07-07T22:33:09
딥노이드,01344831,315640,KOSDAQ,분기x연결,재무제표,CV-3,PASS,rows=29 cols=25 slider_extended=True,,2026-07-07T22:33:09
딥노이드,01344831,315640,KOSDAQ,분기x연결,재무제표,DS-2/DS-3,DONE,"cross-check completed for ['매출액', '영업이익']",,2026-07-07T22:33:09
딥노이드,01344831,315640,KOSDAQ,분기x연결,지표,CV-6,PASS,default metric selection visible,,2026-07-07T22:33:09
딥노이드,01344831,315640,KOSDAQ,분기x별도,재무제표,DS-1,PASS,,,2026-07-07T22:33:16
딥노이드,01344831,315640,KOSDAQ,분기x별도,상단,DS-8,PASS,,,2026-07-07T22:33:16
딥노이드,01344831,315640,KOSDAQ,분기x별도,상단,DS-7,PASS,"badges seen: ['✅', '🔎', '⚠']",,2026-07-07T22:33:16
딥노이드,01344831,315640,KOSDAQ,분기x별도,재무제표,CV-3,PASS,rows=29 cols=25 slider_extended=True,,2026-07-07T22:33:16
딥노이드,01344831,315640,KOSDAQ,분기x별도,재무제표,DS-2/DS-3,DONE,"cross-check completed for ['매출액', '영업이익']",,2026-07-07T22:33:16
딥노이드,01344831,315640,KOSDAQ,분기x별도,지표,CV-6,PASS,default metric selection visible,,2026-07-07T22:33:16
딥커머스,00799070,900110,KOSDAQ,연간x연결,재무제표,DS-1,PASS,,,2026-07-07T22:33:27
딥커머스,00799070,900110,KOSDAQ,연간x연결,상단,DS-8,PASS,,,2026-07-07T22:33:27
딥커머스,00799070,900110,KOSDAQ,연간x연결,상단,DS-7,PASS,"badges seen: ['✅', '🔎', '⚠']",,2026-07-07T22:33:27
딥커머스,00799070,900110,KOSDAQ,연간x연결,재무제표,CV-3,PASS,rows=29 cols=20 slider_extended=True,,2026-07-07T22:33:27
딥커머스,00799070,900110,KOSDAQ,연간x연결,재무제표,DS-2/DS-3,DONE,"cross-check completed for ['매출액', '영업이익']",,2026-07-07T22:33:27
딥커머스,00799070,900110,KOSDAQ,연간x연결,지표,CV-6,PASS,default metric selection visible,,2026-07-07T22:33:27
딥커머스,00799070,900110,KOSDAQ,연간x별도,재무제표,DS-1,PASS,,,2026-07-07T22:33:32
딥커머스,00799070,900110,KOSDAQ,연간x별도,상단,DS-8,PASS,,,2026-07-07T22:33:32
딥커머스,00799070,900110,KOSDAQ,연간x별도,상단,DS-4,PASS,substitution caption present,,2026-07-07T22:33:32
딥커머스,00799070,900110,KOSDAQ,연간x별도,상단,DS-7,PASS,"badges seen: ['✅', '🔎', '⚠']",,2026-07-07T22:33:32
딥커머스,00799070,900110,KOSDAQ,연간x별도,재무제표,CV-3,PASS,rows=29 cols=20 slider_extended=True,,2026-07-07T22:33:32
딥커머스,00799070,900110,KOSDAQ,연간x별도,재무제표,DS-2/DS-3,DONE,"cross-check completed for ['매출액', '영업이익']",,2026-07-07T22:33:32
딥커머스,00799070,900110,KOSDAQ,연간x별도,지표,CV-6,PASS,default metric selection visible,,2026-07-07T22:33:32
딥커머스,00799070,900110,KOSDAQ,분기x연결,재무제표,DS-1,PASS,,,2026-07-07T22:33:38
딥커머스,00799070,900110,KOSDAQ,분기x연결,상단,DS-8,PASS,,,2026-07-07T22:33:38
딥커머스,00799070,900110,KOSDAQ,분기x연결,상단,DS-7,PASS,"badges seen: ['✅', '🔎', '⚠']",,2026-07-07T22:33:38
딥커머스,00799070,900110,KOSDAQ,분기x연결,재무제표,CV-3,PASS,rows=29 cols=66 slider_extended=True,,2026-07-07T22:33:38
딥커머스,00799070,900110,KOSDAQ,분기x연결,재무제표,DS-2/DS-3,DONE,"cross-check completed for ['매출액', '영업이익']",,2026-07-07T22:33:38
딥커머스,00799070,900110,KOSDAQ,분기x연결,지표,CV-6,PASS,default metric selection visible,,2026-07-07T22:33:38
딥커머스,00799070,900110,KOSDAQ,분기x별도,재무제표,DS-1,PASS,,,2026-07-07T22:33:45
딥커머스,00799070,900110,KOSDAQ,분기x별도,상단,DS-8,PASS,,,2026-07-07T22:33:45
딥커머스,00799070,900110,KOSDAQ,분기x별도,상단,DS-4,PASS,substitution caption present,,2026-07-07T22:33:45
딥커머스,00799070,900110,KOSDAQ,분기x별도,상단,DS-7,PASS,"badges seen: ['✅', '🔎', '⚠']",,2026-07-07T22:33:45
딥커머스,00799070,900110,KOSDAQ,분기x별도,재무제표,CV-3,PASS,rows=29 cols=66 slider_extended=True,,2026-07-07T22:33:45
딥커머스,00799070,900110,KOSDAQ,분기x별도,재무제표,DS-2/DS-3,DONE,"cross-check completed for ['매출액', '영업이익']",,2026-07-07T22:33:45
딥커머스,00799070,900110,KOSDAQ,분기x별도,지표,CV-6,PASS,default metric selection visible,,2026-07-07T22:33:45
라닉스,01327092,317120,KOSDAQ,연간x연결,재무제표,DS-1,PASS,,,2026-07-07T22:33:59
라닉스,01327092,317120,KOSDAQ,연간x연결,상단,DS-8,PASS,,,2026-07-07T22:33:59
라닉스,01327092,317120,KOSDAQ,연간x연결,상단,DS-7,PASS,"badges seen: ['✅', '🔎']",,2026-07-07T22:33:59
라닉스,01327092,317120,KOSDAQ,연간x연결,재무제표,CV-3,PASS,rows=29 cols=9 slider_extended=True,,2026-07-07T22:33:59
라닉스,01327092,317120,KOSDAQ,연간x연결,재무제표,DS-2/DS-3,DONE,"cross-check completed for ['매출액', '영업이익']",,2026-07-07T22:33:59
라닉스,01327092,317120,KOSDAQ,연간x연결,지표,CV-6,PASS,default metric selection visible,,2026-07-07T22:33:59
라닉스,01327092,317120,KOSDAQ,연간x별도,재무제표,DS-1,PASS,,,2026-07-07T22:34:04
라닉스,01327092,317120,KOSDAQ,연간x별도,상단,DS-8,PASS,,,2026-07-07T22:34:04
라닉스,01327092,317120,KOSDAQ,연간x별도,상단,DS-7,PASS,"badges seen: ['✅', '🔎']",,2026-07-07T22:34:04
라닉스,01327092,317120,KOSDAQ,연간x별도,재무제표,CV-3,PASS,rows=29 cols=11 slider_extended=True,,2026-07-07T22:34:04
라닉스,01327092,317120,KOSDAQ,연간x별도,재무제표,DS-2/DS-3,DONE,"cross-check completed for ['매출액', '영업이익']",,2026-07-07T22:34:04
라닉스,01327092,317120,KOSDAQ,연간x별도,지표,CV-6,PASS,default metric selection visible,,2026-07-07T22:34:04
라닉스,01327092,317120,KOSDAQ,분기x연결,재무제표,DS-1,PASS,,,2026-07-07T22:34:10
라닉스,01327092,317120,KOSDAQ,분기x연결,상단,DS-8,PASS,,,2026-07-07T22:34:10
라닉스,01327092,317120,KOSDAQ,분기x연결,상단,DS-7,PASS,"badges seen: ['✅', '🔎']",,2026-07-07T22:34:10
라닉스,01327092,317120,KOSDAQ,분기x연결,재무제표,CV-3,PASS,rows=29 cols=28 slider_extended=True,,2026-07-07T22:34:10
라닉스,01327092,317120,KOSDAQ,분기x연결,재무제표,DS-2/DS-3,DONE,"cross-check completed for ['매출액', '영업이익']",,2026-07-07T22:34:10
라닉스,01327092,317120,KOSDAQ,분기x연결,지표,CV-6,PASS,default metric selection visible,,2026-07-07T22:34:10
라닉스,01327092,317120,KOSDAQ,분기x별도,재무제표,DS-1,PASS,,,2026-07-07T22:34:18
라닉스,01327092,317120,KOSDAQ,분기x별도,상단,DS-8,PASS,,,2026-07-07T22:34:18
라닉스,01327092,317120,KOSDAQ,분기x별도,상단,DS-7,PASS,"badges seen: ['✅', '🔎']",,2026-07-07T22:34:18
라닉스,01327092,317120,KOSDAQ,분기x별도,재무제표,CV-3,PASS,rows=29 cols=33 slider_extended=True,,2026-07-07T22:34:18
라닉스,01327092,317120,KOSDAQ,분기x별도,재무제표,DS-2/DS-3,DONE,"cross-check completed for ['매출액', '영업이익']",,2026-07-07T22:34:18
라닉스,01327092,317120,KOSDAQ,분기x별도,지표,CV-6,PASS,default metric selection visible,,2026-07-07T22:34:18
라메디텍,01504211,462510,KOSDAQ,연간x연결,재무제표,DS-1,PASS,,,2026-07-07T22:34:31
라메디텍,01504211,462510,KOSDAQ,연간x연결,상단,DS-8,PASS,,,2026-07-07T22:34:31
라메디텍,01504211,462510,KOSDAQ,연간x연결,상단,DS-4,PASS,substitution caption present,,2026-07-07T22:34:31
라메디텍,01504211,462510,KOSDAQ,연간x연결,상단,DS-7,PASS,"badges seen: ['✅', '🔎']",,2026-07-07T22:34:31
라메디텍,01504211,462510,KOSDAQ,연간x연결,재무제표,CV-3,PASS,rows=29 cols=6 slider_extended=True,,2026-07-07T22:34:31
라메디텍,01504211,462510,KOSDAQ,연간x연결,재무제표,DS-2/DS-3,DONE,"cross-check completed for ['매출액', '영업이익']",,2026-07-07T22:34:31
라메디텍,01504211,462510,KOSDAQ,연간x연결,지표,CV-6,PASS,default metric selection visible,,2026-07-07T22:34:31
라메디텍,01504211,462510,KOSDAQ,연간x별도,재무제표,DS-1,PASS,,,2026-07-07T22:34:36
라메디텍,01504211,462510,KOSDAQ,연간x별도,상단,DS-8,PASS,,,2026-07-07T22:34:36
라메디텍,01504211,462510,KOSDAQ,연간x별도,상단,DS-7,PASS,"badges seen: ['✅', '🔎']",,2026-07-07T22:34:36
라메디텍,01504211,462510,KOSDAQ,연간x별도,재무제표,CV-3,PASS,rows=29 cols=6 slider_extended=True,,2026-07-07T22:34:36
라메디텍,01504211,462510,KOSDAQ,연간x별도,재무제표,DS-2/DS-3,DONE,"cross-check completed for ['매출액', '영업이익']",,2026-07-07T22:34:36
라메디텍,01504211,462510,KOSDAQ,연간x별도,지표,CV-6,PASS,default metric selection visible,,2026-07-07T22:34:36
라메디텍,01504211,462510,KOSDAQ,분기x연결,재무제표,DS-1,PASS,,,2026-07-07T22:34:42
라메디텍,01504211,462510,KOSDAQ,분기x연결,상단,DS-8,PASS,,,2026-07-07T22:34:42
라메디텍,01504211,462510,KOSDAQ,분기x연결,상단,DS-4,PASS,substitution caption present,,2026-07-07T22:34:42
라메디텍,01504211,462510,KOSDAQ,분기x연결,상단,DS-7,PASS,"badges seen: ['✅', '🔎']",,2026-07-07T22:34:42
라메디텍,01504211,462510,KOSDAQ,분기x연결,재무제표,CV-3,PASS,rows=29 cols=13 slider_extended=True,,2026-07-07T22:34:42
라메디텍,01504211,462510,KOSDAQ,분기x연결,재무제표,DS-2/DS-3,DONE,"cross-check completed for ['매출액', '영업이익']",,2026-07-07T22:34:42
라메디텍,01504211,462510,KOSDAQ,분기x연결,지표,CV-6,PASS,default metric selection visible,,2026-07-07T22:34:42
라메디텍,01504211,462510,KOSDAQ,분기x별도,재무제표,DS-1,PASS,,,2026-07-07T22:34:49
라메디텍,01504211,462510,KOSDAQ,분기x별도,상단,DS-8,PASS,,,2026-07-07T22:34:49
라메디텍,01504211,462510,KOSDAQ,분기x별도,상단,DS-7,PASS,"badges seen: ['✅', '🔎']",,2026-07-07T22:34:49
라메디텍,01504211,462510,KOSDAQ,분기x별도,재무제표,CV-3,PASS,rows=29 cols=13 slider_extended=True,,2026-07-07T22:34:49
라메디텍,01504211,462510,KOSDAQ,분기x별도,재무제표,DS-2/DS-3,DONE,"cross-check completed for ['매출액', '영업이익']",,2026-07-07T22:34:49
라메디텍,01504211,462510,KOSDAQ,분기x별도,지표,CV-6,PASS,default metric selection visible,,2026-07-07T22:34:49
라온로보틱스,00911229,232680,KOSDAQ,연간x연결,재무제표,DS-1,PASS,,,2026-07-07T22:35:03
라온로보틱스,00911229,232680,KOSDAQ,연간x연결,상단,DS-8,PASS,,,2026-07-07T22:35:03
라온로보틱스,00911229,232680,KOSDAQ,연간x연결,상단,DS-7,PASS,"badges seen: ['✅', '🔎']",,2026-07-07T22:35:03
라온로보틱스,00911229,232680,KOSDAQ,연간x연결,재무제표,CV-3,PASS,rows=29 cols=6 slider_extended=True,,2026-07-07T22:35:03
라온로보틱스,00911229,232680,KOSDAQ,연간x연결,재무제표,DS-2/DS-3,DONE,"cross-check completed for ['매출액', '영업이익']",,2026-07-07T22:35:03
라온로보틱스,00911229,232680,KOSDAQ,연간x연결,지표,CV-6,PASS,default metric selection visible,,2026-07-07T22:35:03
라온로보틱스,00911229,232680,KOSDAQ,연간x별도,재무제표,DS-1,PASS,,,2026-07-07T22:35:08
라온로보틱스,00911229,232680,KOSDAQ,연간x별도,상단,DS-8,PASS,,,2026-07-07T22:35:08
라온로보틱스,00911229,232680,KOSDAQ,연간x별도,상단,DS-7,PASS,"badges seen: ['✅', '🔎', '⚠']",,2026-07-07T22:35:08
라온로보틱스,00911229,232680,KOSDAQ,연간x별도,재무제표,CV-3,PASS,rows=29 cols=16 slider_extended=True,,2026-07-07T22:35:08
라온로보틱스,00911229,232680,KOSDAQ,연간x별도,재무제표,DS-2/DS-3,DONE,"cross-check completed for ['매출액', '영업이익']",,2026-07-07T22:35:08
라온로보틱스,00911229,232680,KOSDAQ,연간x별도,지표,CV-6,PASS,default metric selection visible,,2026-07-07T22:35:08
라온로보틱스,00911229,232680,KOSDAQ,분기x연결,재무제표,DS-1,PASS,,,2026-07-07T22:35:14
라온로보틱스,00911229,232680,KOSDAQ,분기x연결,상단,DS-8,PASS,,,2026-07-07T22:35:14
라온로보틱스,00911229,232680,KOSDAQ,분기x연결,상단,DS-7,PASS,"badges seen: ['✅', '🔎']",,2026-07-07T22:35:14
라온로보틱스,00911229,232680,KOSDAQ,분기x연결,재무제표,CV-3,PASS,rows=29 cols=11 slider_extended=True,,2026-07-07T22:35:14
라온로보틱스,00911229,232680,KOSDAQ,분기x연결,재무제표,DS-2/DS-3,DONE,"cross-check completed for ['매출액', '영업이익']",,2026-07-07T22:35:14
라온로보틱스,00911229,232680,KOSDAQ,분기x연결,지표,CV-6,PASS,default metric selection visible,,2026-07-07T22:35:14
라온로보틱스,00911229,232680,KOSDAQ,분기x별도,재무제표,DS-1,PASS,,,2026-07-07T22:35:21
라온로보틱스,00911229,232680,KOSDAQ,분기x별도,상단,DS-8,PASS,,,2026-07-07T22:35:21
라온로보틱스,00911229,232680,KOSDAQ,분기x별도,상단,DS-7,PASS,"badges seen: ['✅', '🔎', '⚠']",,2026-07-07T22:35:21
라온로보틱스,00911229,232680,KOSDAQ,분기x별도,재무제표,CV-3,PASS,rows=29 cols=27 slider_extended=True,,2026-07-07T22:35:21
라온로보틱스,00911229,232680,KOSDAQ,분기x별도,재무제표,DS-2/DS-3,DONE,"cross-check completed for ['매출액', '영업이익']",,2026-07-07T22:35:21
라온로보틱스,00911229,232680,KOSDAQ,분기x별도,지표,CV-6,PASS,default metric selection visible,,2026-07-07T22:35:21
라온시큐어,00255433,042510,KOSDAQ,연간x연결,재무제표,DS-1,PASS,,,2026-07-07T22:35:32
라온시큐어,00255433,042510,KOSDAQ,연간x연결,상단,DS-8,PASS,,,2026-07-07T22:35:32
라온시큐어,00255433,042510,KOSDAQ,연간x연결,상단,DS-7,PASS,"badges seen: ['✅', '🔎']",,2026-07-07T22:35:32
라온시큐어,00255433,042510,KOSDAQ,연간x연결,재무제표,CV-3,PASS,rows=29 cols=19 slider_extended=True,,2026-07-07T22:35:32
라온시큐어,00255433,042510,KOSDAQ,연간x연결,재무제표,DS-2/DS-3,DONE,"cross-check completed for ['매출액', '영업이익']",,2026-07-07T22:35:32
라온시큐어,00255433,042510,KOSDAQ,연간x연결,지표,CV-6,PASS,default metric selection visible,,2026-07-07T22:35:32
라온시큐어,00255433,042510,KOSDAQ,연간x별도,재무제표,DS-1,PASS,,,2026-07-07T22:35:37
라온시큐어,00255433,042510,KOSDAQ,연간x별도,상단,DS-8,PASS,,,2026-07-07T22:35:37
라온시큐어,00255433,042510,KOSDAQ,연간x별도,상단,DS-7,PASS,"badges seen: ['✅', '🔎']",,2026-07-07T22:35:37
라온시큐어,00255433,042510,KOSDAQ,연간x별도,재무제표,CV-3,PASS,rows=29 cols=22 slider_extended=True,,2026-07-07T22:35:37
라온시큐어,00255433,042510,KOSDAQ,연간x별도,재무제표,DS-2/DS-3,DONE,"cross-check completed for ['매출액', '영업이익']",,2026-07-07T22:35:37
라온시큐어,00255433,042510,KOSDAQ,연간x별도,지표,CV-6,PASS,default metric selection visible,,2026-07-07T22:35:37
라온시큐어,00255433,042510,KOSDAQ,분기x연결,재무제표,DS-1,PASS,,,2026-07-07T22:35:43
라온시큐어,00255433,042510,KOSDAQ,분기x연결,상단,DS-8,PASS,,,2026-07-07T22:35:43
라온시큐어,00255433,042510,KOSDAQ,분기x연결,상단,DS-7,PASS,"badges seen: ['✅', '🔎']",,2026-07-07T22:35:43
라온시큐어,00255433,042510,KOSDAQ,분기x연결,재무제표,CV-3,PASS,rows=29 cols=60 slider_extended=True,,2026-07-07T22:35:43
라온시큐어,00255433,042510,KOSDAQ,분기x연결,재무제표,DS-2/DS-3,DONE,"cross-check completed for ['매출액', '영업이익']",,2026-07-07T22:35:43
라온시큐어,00255433,042510,KOSDAQ,분기x연결,지표,CV-6,PASS,default metric selection visible,,2026-07-07T22:35:43
라온시큐어,00255433,042510,KOSDAQ,분기x별도,재무제표,DS-1,PASS,,,2026-07-07T22:35:51
라온시큐어,00255433,042510,KOSDAQ,분기x별도,상단,DS-8,PASS,,,2026-07-07T22:35:51
라온시큐어,00255433,042510,KOSDAQ,분기x별도,상단,DS-7,PASS,"badges seen: ['✅', '🔎', '⚠']",,2026-07-07T22:35:51
라온시큐어,00255433,042510,KOSDAQ,분기x별도,재무제표,CV-3,PASS,rows=29 cols=76 slider_extended=True,,2026-07-07T22:35:51
라온시큐어,00255433,042510,KOSDAQ,분기x별도,재무제표,DS-2/DS-3,DONE,"cross-check completed for ['매출액', '영업이익']",,2026-07-07T22:35:51
라온시큐어,00255433,042510,KOSDAQ,분기x별도,지표,CV-6,PASS,default metric selection visible,,2026-07-07T22:35:51
라온텍,00965512,418420,KOSDAQ,연간x연결,재무제표,DS-1,PASS,,,2026-07-07T22:36:04
라온텍,00965512,418420,KOSDAQ,연간x연결,상단,DS-8,PASS,,,2026-07-07T22:36:04
라온텍,00965512,418420,KOSDAQ,연간x연결,상단,DS-4,PASS,substitution caption present,,2026-07-07T22:36:04
라온텍,00965512,418420,KOSDAQ,연간x연결,상단,DS-7,PASS,"badges seen: ['✅', '🔎']",,2026-07-07T22:36:04
라온텍,00965512,418420,KOSDAQ,연간x연결,재무제표,CV-3,PASS,rows=29 cols=8 slider_extended=True,,2026-07-07T22:36:04
라온텍,00965512,418420,KOSDAQ,연간x연결,재무제표,DS-2/DS-3,DONE,"cross-check completed for ['매출액', '영업이익']",,2026-07-07T22:36:04
라온텍,00965512,418420,KOSDAQ,연간x연결,지표,CV-6,PASS,default metric selection visible,,2026-07-07T22:36:04
라온텍,00965512,418420,KOSDAQ,연간x별도,재무제표,DS-1,PASS,,,2026-07-07T22:36:09
라온텍,00965512,418420,KOSDAQ,연간x별도,상단,DS-8,PASS,,,2026-07-07T22:36:09
라온텍,00965512,418420,KOSDAQ,연간x별도,상단,DS-7,PASS,"badges seen: ['✅', '🔎']",,2026-07-07T22:36:09
라온텍,00965512,418420,KOSDAQ,연간x별도,재무제표,CV-3,PASS,rows=29 cols=8 slider_extended=True,,2026-07-07T22:36:09
라온텍,00965512,418420,KOSDAQ,연간x별도,재무제표,DS-2/DS-3,DONE,"cross-check completed for ['매출액', '영업이익']",,2026-07-07T22:36:09
라온텍,00965512,418420,KOSDAQ,연간x별도,지표,CV-6,PASS,default metric selection visible,,2026-07-07T22:36:09
라온텍,00965512,418420,KOSDAQ,분기x연결,재무제표,DS-1,PASS,,,2026-07-07T22:36:16
라온텍,00965512,418420,KOSDAQ,분기x연결,상단,DS-8,PASS,,,2026-07-07T22:36:16
라온텍,00965512,418420,KOSDAQ,분기x연결,상단,DS-4,PASS,substitution caption present,,2026-07-07T22:36:16
라온텍,00965512,418420,KOSDAQ,분기x연결,상단,DS-7,PASS,"badges seen: ['✅', '🔎']",,2026-07-07T22:36:16
라온텍,00965512,418420,KOSDAQ,분기x연결,재무제표,CV-3,PASS,rows=29 cols=20 slider_extended=True,,2026-07-07T22:36:16
라온텍,00965512,418420,KOSDAQ,분기x연결,재무제표,DS-2/DS-3,DONE,"cross-check completed for ['매출액', '영업이익']",,2026-07-07T22:36:16
라온텍,00965512,418420,KOSDAQ,분기x연결,지표,CV-6,PASS,default metric selection visible,,2026-07-07T22:36:16
라온텍,00965512,418420,KOSDAQ,분기x별도,재무제표,DS-1,PASS,,,2026-07-07T22:36:23
라온텍,00965512,418420,KOSDAQ,분기x별도,상단,DS-8,PASS,,,2026-07-07T22:36:23
라온텍,00965512,418420,KOSDAQ,분기x별도,상단,DS-7,PASS,"badges seen: ['✅', '🔎']",,2026-07-07T22:36:23
라온텍,00965512,418420,KOSDAQ,분기x별도,재무제표,CV-3,PASS,rows=29 cols=20 slider_extended=True,,2026-07-07T22:36:23
라온텍,00965512,418420,KOSDAQ,분기x별도,재무제표,DS-2/DS-3,DONE,"cross-check completed for ['매출액', '영업이익']",,2026-07-07T22:36:23
라온텍,00965512,418420,KOSDAQ,분기x별도,지표,CV-6,PASS,default metric selection visible,,2026-07-07T22:36:23
라온피플,01251489,300120,KOSDAQ,연간x연결,재무제표,DS-1,PASS,,,2026-07-07T22:36:36
라온피플,01251489,300120,KOSDAQ,연간x연결,상단,DS-8,PASS,,,2026-07-07T22:36:36
라온피플,01251489,300120,KOSDAQ,연간x연결,상단,DS-7,PASS,"badges seen: ['✅', '🔎', '⚠']",,2026-07-07T22:36:36
라온피플,01251489,300120,KOSDAQ,연간x연결,재무제표,CV-3,PASS,rows=29 cols=10 slider_extended=True,,2026-07-07T22:36:36
라온피플,01251489,300120,KOSDAQ,연간x연결,재무제표,DS-2/DS-3,DONE,"cross-check completed for ['매출액', '영업이익']",,2026-07-07T22:36:36
라온피플,01251489,300120,KOSDAQ,연간x연결,지표,CV-6,PASS,default metric selection visible,,2026-07-07T22:36:36
라온피플,01251489,300120,KOSDAQ,연간x별도,재무제표,DS-1,PASS,,,2026-07-07T22:36:41
라온피플,01251489,300120,KOSDAQ,연간x별도,상단,DS-8,PASS,,,2026-07-07T22:36:41
라온피플,01251489,300120,KOSDAQ,연간x별도,상단,DS-7,PASS,"badges seen: ['✅', '🔎', '⚠']",,2026-07-07T22:36:41
라온피플,01251489,300120,KOSDAQ,연간x별도,재무제표,CV-3,PASS,rows=29 cols=11 slider_extended=True,,2026-07-07T22:36:41
라온피플,01251489,300120,KOSDAQ,연간x별도,재무제표,DS-2/DS-3,DONE,"cross-check completed for ['매출액', '영업이익']",,2026-07-07T22:36:41
라온피플,01251489,300120,KOSDAQ,연간x별도,지표,CV-6,PASS,default metric selection visible,,2026-07-07T22:36:41
라온피플,01251489,300120,KOSDAQ,분기x연결,재무제표,DS-1,PASS,,,2026-07-07T22:36:47
라온피플,01251489,300120,KOSDAQ,분기x연결,상단,DS-8,PASS,,,2026-07-07T22:36:47
라온피플,01251489,300120,KOSDAQ,분기x연결,상단,DS-7,PASS,"badges seen: ['✅', '🔎', '⚠']",,2026-07-07T22:36:47
라온피플,01251489,300120,KOSDAQ,분기x연결,재무제표,CV-3,PASS,rows=29 cols=32 slider_extended=True,,2026-07-07T22:36:47
라온피플,01251489,300120,KOSDAQ,분기x연결,재무제표,DS-2/DS-3,DONE,"cross-check completed for ['매출액', '영업이익']",,2026-07-07T22:36:47
라온피플,01251489,300120,KOSDAQ,분기x연결,지표,CV-6,PASS,default metric selection visible,,2026-07-07T22:36:47
라온피플,01251489,300120,KOSDAQ,분기x별도,재무제표,DS-1,PASS,,,2026-07-07T22:36:54
라온피플,01251489,300120,KOSDAQ,분기x별도,상단,DS-8,PASS,,,2026-07-07T22:36:54
라온피플,01251489,300120,KOSDAQ,분기x별도,상단,DS-7,PASS,"badges seen: ['✅', '🔎', '⚠']",,2026-07-07T22:36:54
라온피플,01251489,300120,KOSDAQ,분기x별도,재무제표,CV-3,PASS,rows=29 cols=32 slider_extended=True,,2026-07-07T22:36:54
라온피플,01251489,300120,KOSDAQ,분기x별도,재무제표,DS-2/DS-3,DONE,"cross-check completed for ['매출액', '영업이익']",,2026-07-07T22:36:54
라온피플,01251489,300120,KOSDAQ,분기x별도,지표,CV-6,PASS,default metric selection visible,,2026-07-07T22:36:54
라이온켐텍,00317104,171120,KOSDAQ,연간x연결,재무제표,DS-1,PASS,,,2026-07-07T22:37:08
라이온켐텍,00317104,171120,KOSDAQ,연간x연결,상단,DS-8,PASS,,,2026-07-07T22:37:08
라이온켐텍,00317104,171120,KOSDAQ,연간x연결,상단,DS-7,PASS,"badges seen: ['✅', '🔎']",,2026-07-07T22:37:08
라이온켐텍,00317104,171120,KOSDAQ,연간x연결,재무제표,CV-3,PASS,rows=29 cols=8 slider_extended=True,,2026-07-07T22:37:08
라이온켐텍,00317104,171120,KOSDAQ,연간x연결,재무제표,DS-2/DS-3,DONE,"cross-check completed for ['매출액', '영업이익']",,2026-07-07T22:37:08
라이온켐텍,00317104,171120,KOSDAQ,연간x연결,지표,CV-6,PASS,default metric selection visible,,2026-07-07T22:37:08
라이온켐텍,00317104,171120,KOSDAQ,연간x별도,재무제표,DS-1,PASS,,,2026-07-07T22:37:13
라이온켐텍,00317104,171120,KOSDAQ,연간x별도,상단,DS-8,PASS,,,2026-07-07T22:37:13
라이온켐텍,00317104,171120,KOSDAQ,연간x별도,상단,DS-7,PASS,"badges seen: ['✅', '🔎', '⚠']",,2026-07-07T22:37:13
라이온켐텍,00317104,171120,KOSDAQ,연간x별도,재무제표,CV-3,PASS,rows=29 cols=17 slider_extended=True,,2026-07-07T22:37:13
라이온켐텍,00317104,171120,KOSDAQ,연간x별도,재무제표,DS-2/DS-3,DONE,"cross-check completed for ['매출액', '영업이익']",,2026-07-07T22:37:13
라이온켐텍,00317104,171120,KOSDAQ,연간x별도,지표,CV-6,PASS,default metric selection visible,,2026-07-07T22:37:13
라이온켐텍,00317104,171120,KOSDAQ,분기x연결,재무제표,DS-1,PASS,,,2026-07-07T22:37:19
라이온켐텍,00317104,171120,KOSDAQ,분기x연결,상단,DS-8,PASS,,,2026-07-07T22:37:19
라이온켐텍,00317104,171120,KOSDAQ,분기x연결,상단,DS-7,PASS,"badges seen: ['✅', '🔎', '⚠']",,2026-07-07T22:37:19
라이온켐텍,00317104,171120,KOSDAQ,분기x연결,재무제표,CV-3,PASS,rows=29 cols=20 slider_extended=True,,2026-07-07T22:37:19
라이온켐텍,00317104,171120,KOSDAQ,분기x연결,재무제표,DS-2/DS-3,DONE,"cross-check completed for ['매출액', '영업이익']",,2026-07-07T22:37:19
라이온켐텍,00317104,171120,KOSDAQ,분기x연결,지표,CV-6,PASS,default metric selection visible,,2026-07-07T22:37:19
라이온켐텍,00317104,171120,KOSDAQ,분기x별도,재무제표,DS-1,PASS,,,2026-07-07T22:37:26
라이온켐텍,00317104,171120,KOSDAQ,분기x별도,상단,DS-8,PASS,,,2026-07-07T22:37:26
라이온켐텍,00317104,171120,KOSDAQ,분기x별도,상단,DS-7,PASS,"badges seen: ['✅', '🔎']",,2026-07-07T22:37:26
라이온켐텍,00317104,171120,KOSDAQ,분기x별도,재무제표,CV-3,PASS,rows=29 cols=57 slider_extended=True,,2026-07-07T22:37:26
라이온켐텍,00317104,171120,KOSDAQ,분기x별도,재무제표,DS-2/DS-3,DONE,"cross-check completed for ['매출액', '영업이익']",,2026-07-07T22:37:26
라이온켐텍,00317104,171120,KOSDAQ,분기x별도,지표,CV-6,PASS,default metric selection visible,,2026-07-07T22:37:26
라이콤,01569102,388790,KOSDAQ,연간x연결,재무제표,DS-1,PASS,,,2026-07-07T22:37:37
라이콤,01569102,388790,KOSDAQ,연간x연결,상단,DS-8,PASS,,,2026-07-07T22:37:37
라이콤,01569102,388790,KOSDAQ,연간x연결,상단,DS-4,PASS,substitution caption present,,2026-07-07T22:37:37
라이콤,01569102,388790,KOSDAQ,연간x연결,상단,DS-7,PASS,"badges seen: ['✅', '🔎']",,2026-07-07T22:37:37
라이콤,01569102,388790,KOSDAQ,연간x연결,재무제표,CV-3,PASS,rows=29 cols=8 slider_extended=True,,2026-07-07T22:37:37
라이콤,01569102,388790,KOSDAQ,연간x연결,재무제표,DS-2/DS-3,DONE,"cross-check completed for ['매출액', '영업이익']",,2026-07-07T22:37:37
라이콤,01569102,388790,KOSDAQ,연간x연결,지표,CV-6,PASS,default metric selection visible,,2026-07-07T22:37:37
라이콤,01569102,388790,KOSDAQ,연간x별도,재무제표,DS-1,PASS,,,2026-07-07T22:37:42
라이콤,01569102,388790,KOSDAQ,연간x별도,상단,DS-8,PASS,,,2026-07-07T22:37:42
라이콤,01569102,388790,KOSDAQ,연간x별도,상단,DS-7,PASS,"badges seen: ['✅', '🔎']",,2026-07-07T22:37:42
라이콤,01569102,388790,KOSDAQ,연간x별도,재무제표,CV-3,PASS,rows=29 cols=8 slider_extended=True,,2026-07-07T22:37:42
라이콤,01569102,388790,KOSDAQ,연간x별도,재무제표,DS-2/DS-3,DONE,"cross-check completed for ['매출액', '영업이익']",,2026-07-07T22:37:42
라이콤,01569102,388790,KOSDAQ,연간x별도,지표,CV-6,PASS,default metric selection visible,,2026-07-07T22:37:42
라이콤,01569102,388790,KOSDAQ,분기x연결,재무제표,DS-1,PASS,,,2026-07-07T22:37:49
라이콤,01569102,388790,KOSDAQ,분기x연결,상단,DS-8,PASS,,,2026-07-07T22:37:49
라이콤,01569102,388790,KOSDAQ,분기x연결,상단,DS-4,PASS,substitution caption present,,2026-07-07T22:37:49
라이콤,01569102,388790,KOSDAQ,분기x연결,상단,DS-7,PASS,"badges seen: ['✅', '🔎']",,2026-07-07T22:37:49
라이콤,01569102,388790,KOSDAQ,분기x연결,재무제표,CV-3,PASS,rows=29 cols=23 slider_extended=True,,2026-07-07T22:37:49
라이콤,01569102,388790,KOSDAQ,분기x연결,재무제표,DS-2/DS-3,DONE,"cross-check completed for ['매출액', '영업이익']",,2026-07-07T22:37:49
라이콤,01569102,388790,KOSDAQ,분기x연결,지표,CV-6,PASS,default metric selection visible,,2026-07-07T22:37:49
라이콤,01569102,388790,KOSDAQ,분기x별도,재무제표,DS-1,PASS,,,2026-07-07T22:37:56
라이콤,01569102,388790,KOSDAQ,분기x별도,상단,DS-8,PASS,,,2026-07-07T22:37:56
라이콤,01569102,388790,KOSDAQ,분기x별도,상단,DS-7,PASS,"badges seen: ['✅', '🔎']",,2026-07-07T22:37:56
라이콤,01569102,388790,KOSDAQ,분기x별도,재무제표,CV-3,PASS,rows=29 cols=23 slider_extended=True,,2026-07-07T22:37:56
라이콤,01569102,388790,KOSDAQ,분기x별도,재무제표,DS-2/DS-3,DONE,"cross-check completed for ['매출액', '영업이익']",,2026-07-07T22:37:56
라이콤,01569102,388790,KOSDAQ,분기x별도,지표,CV-6,PASS,default metric selection visible,,2026-07-07T22:37:56
라파스,01058101,214260,KOSDAQ,연간x연결,재무제표,DS-1,PASS,,,2026-07-07T22:38:09
라파스,01058101,214260,KOSDAQ,연간x연결,상단,DS-8,PASS,,,2026-07-07T22:38:09
라파스,01058101,214260,KOSDAQ,연간x연결,상단,DS-7,PASS,"badges seen: ['✅', '🔎']",,2026-07-07T22:38:09
라파스,01058101,214260,KOSDAQ,연간x연결,재무제표,CV-3,PASS,rows=29 cols=14 slider_extended=True,,2026-07-07T22:38:09
라파스,01058101,214260,KOSDAQ,연간x연결,재무제표,DS-2/DS-3,DONE,"cross-check completed for ['매출액', '영업이익']",,2026-07-07T22:38:09
라파스,01058101,214260,KOSDAQ,연간x연결,지표,CV-6,PASS,default metric selection visible,,2026-07-07T22:38:09
라파스,01058101,214260,KOSDAQ,연간x별도,재무제표,DS-1,PASS,,,2026-07-07T22:38:14
라파스,01058101,214260,KOSDAQ,연간x별도,상단,DS-8,PASS,,,2026-07-07T22:38:14
라파스,01058101,214260,KOSDAQ,연간x별도,상단,DS-7,PASS,"badges seen: ['✅', '🔎']",,2026-07-07T22:38:14
라파스,01058101,214260,KOSDAQ,연간x별도,재무제표,CV-3,PASS,rows=29 cols=14 slider_extended=True,,2026-07-07T22:38:14
라파스,01058101,214260,KOSDAQ,연간x별도,재무제표,DS-2/DS-3,DONE,"cross-check completed for ['매출액', '영업이익']",,2026-07-07T22:38:14
라파스,01058101,214260,KOSDAQ,연간x별도,지표,CV-6,PASS,default metric selection visible,,2026-07-07T22:38:14
라파스,01058101,214260,KOSDAQ,분기x연결,재무제표,DS-1,PASS,,,2026-07-07T22:38:20
라파스,01058101,214260,KOSDAQ,분기x연결,상단,DS-8,PASS,,,2026-07-07T22:38:20
라파스,01058101,214260,KOSDAQ,분기x연결,상단,DS-7,PASS,"badges seen: ['✅', '🔎']",,2026-07-07T22:38:20
라파스,01058101,214260,KOSDAQ,분기x연결,재무제표,CV-3,PASS,rows=29 cols=44 slider_extended=True,,2026-07-07T22:38:20
라파스,01058101,214260,KOSDAQ,분기x연결,재무제표,DS-2/DS-3,DONE,"cross-check completed for ['매출액', '영업이익']",,2026-07-07T22:38:20
라파스,01058101,214260,KOSDAQ,분기x연결,지표,CV-6,PASS,default metric selection visible,,2026-07-07T22:38:20
라파스,01058101,214260,KOSDAQ,분기x별도,재무제표,DS-1,PASS,,,2026-07-07T22:38:28
라파스,01058101,214260,KOSDAQ,분기x별도,상단,DS-8,PASS,,,2026-07-07T22:38:28
라파스,01058101,214260,KOSDAQ,분기x별도,상단,DS-7,PASS,"badges seen: ['✅', '🔎']",,2026-07-07T22:38:28
라파스,01058101,214260,KOSDAQ,분기x별도,재무제표,CV-3,PASS,rows=29 cols=44 slider_extended=True,,2026-07-07T22:38:28
라파스,01058101,214260,KOSDAQ,분기x별도,재무제표,DS-2/DS-3,DONE,"cross-check completed for ['매출액', '영업이익']",,2026-07-07T22:38:28
라파스,01058101,214260,KOSDAQ,분기x별도,지표,CV-6,PASS,default metric selection visible,,2026-07-07T22:38:28
램테크놀러지,00654272,171010,KOSDAQ,연간x연결,재무제표,DS-1,PASS,,,2026-07-07T22:38:41
램테크놀러지,00654272,171010,KOSDAQ,연간x연결,상단,DS-8,PASS,,,2026-07-07T22:38:41
램테크놀러지,00654272,171010,KOSDAQ,연간x연결,상단,DS-7,PASS,"badges seen: ['✅', '🔎']",,2026-07-07T22:38:41
램테크놀러지,00654272,171010,KOSDAQ,연간x연결,재무제표,CV-3,PASS,rows=29 cols=17 slider_extended=True,,2026-07-07T22:38:41
램테크놀러지,00654272,171010,KOSDAQ,연간x연결,재무제표,DS-2/DS-3,DONE,"cross-check completed for ['매출액', '영업이익']",,2026-07-07T22:38:41
램테크놀러지,00654272,171010,KOSDAQ,연간x연결,지표,CV-6,PASS,default metric selection visible,,2026-07-07T22:38:41
램테크놀러지,00654272,171010,KOSDAQ,연간x별도,재무제표,DS-1,PASS,,,2026-07-07T22:38:46
램테크놀러지,00654272,171010,KOSDAQ,연간x별도,상단,DS-8,PASS,,,2026-07-07T22:38:46
램테크놀러지,00654272,171010,KOSDAQ,연간x별도,상단,DS-7,PASS,"badges seen: ['✅', '🔎', '⚠']",,2026-07-07T22:38:46
램테크놀러지,00654272,171010,KOSDAQ,연간x별도,재무제표,CV-3,PASS,rows=29 cols=17 slider_extended=True,,2026-07-07T22:38:46
램테크놀러지,00654272,171010,KOSDAQ,연간x별도,재무제표,DS-2/DS-3,DONE,"cross-check completed for ['매출액', '영업이익']",,2026-07-07T22:38:46
램테크놀러지,00654272,171010,KOSDAQ,연간x별도,지표,CV-6,PASS,default metric selection visible,,2026-07-07T22:38:46
램테크놀러지,00654272,171010,KOSDAQ,분기x연결,재무제표,DS-1,PASS,,,2026-07-07T22:38:53
램테크놀러지,00654272,171010,KOSDAQ,분기x연결,상단,DS-8,PASS,,,2026-07-07T22:38:53
램테크놀러지,00654272,171010,KOSDAQ,분기x연결,상단,DS-7,PASS,"badges seen: ['✅', '🔎', '⚠']",,2026-07-07T22:38:53
램테크놀러지,00654272,171010,KOSDAQ,분기x연결,재무제표,CV-3,PASS,rows=29 cols=57 slider_extended=True,,2026-07-07T22:38:53
램테크놀러지,00654272,171010,KOSDAQ,분기x연결,재무제표,DS-2/DS-3,DONE,"cross-check completed for ['매출액', '영업이익']",,2026-07-07T22:38:53
램테크놀러지,00654272,171010,KOSDAQ,분기x연결,지표,CV-6,PASS,default metric selection visible,,2026-07-07T22:38:53
램테크놀러지,00654272,171010,KOSDAQ,분기x별도,재무제표,DS-1,PASS,,,2026-07-07T22:39:00
램테크놀러지,00654272,171010,KOSDAQ,분기x별도,상단,DS-8,PASS,,,2026-07-07T22:39:00
램테크놀러지,00654272,171010,KOSDAQ,분기x별도,상단,DS-7,PASS,"badges seen: ['✅', '🔎']",,2026-07-07T22:39:00
램테크놀러지,00654272,171010,KOSDAQ,분기x별도,재무제표,CV-3,PASS,rows=29 cols=57 slider_extended=True,,2026-07-07T22:39:00
램테크놀러지,00654272,171010,KOSDAQ,분기x별도,재무제표,DS-2/DS-3,DONE,"cross-check completed for ['매출액', '영업이익']",,2026-07-07T22:39:00
램테크놀러지,00654272,171010,KOSDAQ,분기x별도,지표,CV-6,PASS,default metric selection visible,,2026-07-07T22:39:00
랩지노믹스,00545114,084650,KOSDAQ,연간x연결,재무제표,DS-1,PASS,,,2026-07-07T22:39:13
랩지노믹스,00545114,084650,KOSDAQ,연간x연결,상단,DS-8,PASS,,,2026-07-07T22:39:13
랩지노믹스,00545114,084650,KOSDAQ,연간x연결,상단,DS-7,PASS,"badges seen: ['✅', '🔎', '⚠']",,2026-07-07T22:39:13
랩지노믹스,00545114,084650,KOSDAQ,연간x연결,재무제표,CV-3,PASS,rows=29 cols=10 slider_extended=True,,2026-07-07T22:39:13
랩지노믹스,00545114,084650,KOSDAQ,연간x연결,재무제표,DS-2/DS-3,DONE,"cross-check completed for ['매출액', '영업이익']",,2026-07-07T22:39:13
랩지노믹스,00545114,084650,KOSDAQ,연간x연결,지표,CV-6,PASS,default metric selection visible,,2026-07-07T22:39:13
랩지노믹스,00545114,084650,KOSDAQ,연간x별도,재무제표,DS-1,PASS,,,2026-07-07T22:39:18
랩지노믹스,00545114,084650,KOSDAQ,연간x별도,상단,DS-8,PASS,,,2026-07-07T22:39:18
랩지노믹스,00545114,084650,KOSDAQ,연간x별도,상단,DS-7,PASS,"badges seen: ['✅', '🔎', '⚠']",,2026-07-07T22:39:18
랩지노믹스,00545114,084650,KOSDAQ,연간x별도,재무제표,CV-3,PASS,rows=29 cols=18 slider_extended=True,,2026-07-07T22:39:18
랩지노믹스,00545114,084650,KOSDAQ,연간x별도,재무제표,DS-2/DS-3,DONE,"cross-check completed for ['매출액', '영업이익']",,2026-07-07T22:39:18
랩지노믹스,00545114,084650,KOSDAQ,연간x별도,지표,CV-6,PASS,default metric selection visible,,2026-07-07T22:39:18
랩지노믹스,00545114,084650,KOSDAQ,분기x연결,재무제표,DS-1,PASS,,,2026-07-07T22:39:24
랩지노믹스,00545114,084650,KOSDAQ,분기x연결,상단,DS-8,PASS,,,2026-07-07T22:39:24
랩지노믹스,00545114,084650,KOSDAQ,분기x연결,상단,DS-7,PASS,"badges seen: ['✅', '🔎']",,2026-07-07T22:39:24
랩지노믹스,00545114,084650,KOSDAQ,분기x연결,재무제표,CV-3,PASS,rows=29 cols=32 slider_extended=True,,2026-07-07T22:39:24
랩지노믹스,00545114,084650,KOSDAQ,분기x연결,재무제표,DS-2/DS-3,DONE,"cross-check completed for ['매출액', '영업이익']",,2026-07-07T22:39:24
랩지노믹스,00545114,084650,KOSDAQ,분기x연결,지표,CV-6,PASS,default metric selection visible,,2026-07-07T22:39:24
랩지노믹스,00545114,084650,KOSDAQ,분기x별도,재무제표,DS-1,PASS,,,2026-07-07T22:39:32
랩지노믹스,00545114,084650,KOSDAQ,분기x별도,상단,DS-8,PASS,,,2026-07-07T22:39:32
랩지노믹스,00545114,084650,KOSDAQ,분기x별도,상단,DS-7,PASS,"badges seen: ['✅', '🔎']",,2026-07-07T22:39:32
랩지노믹스,00545114,084650,KOSDAQ,분기x별도,재무제표,CV-3,PASS,rows=29 cols=54 slider_extended=True,,2026-07-07T22:39:32
랩지노믹스,00545114,084650,KOSDAQ,분기x별도,재무제표,DS-2/DS-3,DONE,"cross-check completed for ['매출액', '영업이익']",,2026-07-07T22:39:32
랩지노믹스,00545114,084650,KOSDAQ,분기x별도,지표,CV-6,PASS,default metric selection visible,,2026-07-07T22:39:32
러셀,01068348,217500,KOSDAQ,연간x연결,재무제표,DS-1,PASS,,,2026-07-07T22:39:42
러셀,01068348,217500,KOSDAQ,연간x연결,상단,DS-8,PASS,,,2026-07-07T22:39:42
러셀,01068348,217500,KOSDAQ,연간x연결,상단,DS-7,PASS,"badges seen: ['✅', '🔎', '⚠']",,2026-07-07T22:39:42
러셀,01068348,217500,KOSDAQ,연간x연결,재무제표,CV-3,PASS,rows=29 cols=10 slider_extended=True,,2026-07-07T22:39:42
러셀,01068348,217500,KOSDAQ,연간x연결,재무제표,DS-2/DS-3,DONE,"cross-check completed for ['매출액', '영업이익']",,2026-07-07T22:39:42
러셀,01068348,217500,KOSDAQ,연간x연결,지표,CV-6,PASS,default metric selection visible,,2026-07-07T22:39:42
러셀,01068348,217500,KOSDAQ,연간x별도,재무제표,DS-1,PASS,,,2026-07-07T22:39:47
러셀,01068348,217500,KOSDAQ,연간x별도,상단,DS-8,PASS,,,2026-07-07T22:39:47
러셀,01068348,217500,KOSDAQ,연간x별도,상단,DS-7,PASS,"badges seen: ['✅', '🔎', '⚠']",,2026-07-07T22:39:47
러셀,01068348,217500,KOSDAQ,연간x별도,재무제표,CV-3,PASS,rows=29 cols=14 slider_extended=True,,2026-07-07T22:39:47
러셀,01068348,217500,KOSDAQ,연간x별도,재무제표,DS-2/DS-3,DONE,"cross-check completed for ['매출액', '영업이익']",,2026-07-07T22:39:47
러셀,01068348,217500,KOSDAQ,연간x별도,지표,CV-6,PASS,default metric selection visible,,2026-07-07T22:39:47
러셀,01068348,217500,KOSDAQ,분기x연결,재무제표,DS-1,PASS,,,2026-07-07T22:39:54
러셀,01068348,217500,KOSDAQ,분기x연결,상단,DS-8,PASS,,,2026-07-07T22:39:54
러셀,01068348,217500,KOSDAQ,분기x연결,상단,DS-7,PASS,"badges seen: ['✅', '🔎', '⚠']",,2026-07-07T22:39:54
러셀,01068348,217500,KOSDAQ,분기x연결,재무제표,CV-3,PASS,rows=29 cols=32 slider_extended=True,,2026-07-07T22:39:54
러셀,01068348,217500,KOSDAQ,분기x연결,재무제표,DS-2/DS-3,DONE,"cross-check completed for ['매출액', '영업이익']",,2026-07-07T22:39:54
러셀,01068348,217500,KOSDAQ,분기x연결,지표,CV-6,PASS,default metric selection visible,,2026-07-07T22:39:54
러셀,01068348,217500,KOSDAQ,분기x별도,재무제표,DS-1,PASS,,,2026-07-07T22:40:01
러셀,01068348,217500,KOSDAQ,분기x별도,상단,DS-8,PASS,,,2026-07-07T22:40:01
러셀,01068348,217500,KOSDAQ,분기x별도,상단,DS-7,PASS,"badges seen: ['✅', '🔎', '⚠']",,2026-07-07T22:40:01
러셀,01068348,217500,KOSDAQ,분기x별도,재무제표,CV-3,PASS,rows=29 cols=46 slider_extended=True,,2026-07-07T22:40:01
러셀,01068348,217500,KOSDAQ,분기x별도,재무제표,DS-2/DS-3,DONE,"cross-check completed for ['매출액', '영업이익']",,2026-07-07T22:40:01
러셀,01068348,217500,KOSDAQ,분기x별도,지표,CV-6,PASS,default metric selection visible,,2026-07-07T22:40:01
레드캡투어,00261355,038390,KOSDAQ,연간x연결,재무제표,DS-1,PASS,,,2026-07-07T22:40:14
레드캡투어,00261355,038390,KOSDAQ,연간x연결,상단,DS-8,PASS,,,2026-07-07T22:40:14
레드캡투어,00261355,038390,KOSDAQ,연간x연결,상단,DS-7,PASS,"badges seen: ['✅', '🔎']",,2026-07-07T22:40:14
레드캡투어,00261355,038390,KOSDAQ,연간x연결,재무제표,CV-3,PASS,rows=29 cols=21 slider_extended=True,,2026-07-07T22:40:14
레드캡투어,00261355,038390,KOSDAQ,연간x연결,재무제표,DS-2/DS-3,DONE,"cross-check completed for ['매출액', '영업이익']",,2026-07-07T22:40:14
레드캡투어,00261355,038390,KOSDAQ,연간x연결,지표,CV-6,PASS,default metric selection visible,,2026-07-07T22:40:14
레드캡투어,00261355,038390,KOSDAQ,연간x별도,재무제표,DS-1,PASS,,,2026-07-07T22:40:19
레드캡투어,00261355,038390,KOSDAQ,연간x별도,상단,DS-8,PASS,,,2026-07-07T22:40:19
레드캡투어,00261355,038390,KOSDAQ,연간x별도,상단,DS-7,PASS,"badges seen: ['✅', '🔎']",,2026-07-07T22:40:19
레드캡투어,00261355,038390,KOSDAQ,연간x별도,재무제표,CV-3,PASS,rows=29 cols=29 slider_extended=True,,2026-07-07T22:40:19
레드캡투어,00261355,038390,KOSDAQ,연간x별도,재무제표,DS-2/DS-3,DONE,"cross-check completed for ['매출액', '영업이익']",,2026-07-07T22:40:19
레드캡투어,00261355,038390,KOSDAQ,연간x별도,지표,CV-6,PASS,default metric selection visible,,2026-07-07T22:40:19
레드캡투어,00261355,038390,KOSDAQ,분기x연결,재무제표,DS-1,PASS,,,2026-07-07T22:40:26
레드캡투어,00261355,038390,KOSDAQ,분기x연결,상단,DS-8,PASS,,,2026-07-07T22:40:26
레드캡투어,00261355,038390,KOSDAQ,분기x연결,상단,DS-7,PASS,"badges seen: ['✅', '🔎']",,2026-07-07T22:40:26
레드캡투어,00261355,038390,KOSDAQ,분기x연결,재무제표,CV-3,PASS,rows=29 cols=65 slider_extended=True,,2026-07-07T22:40:26
레드캡투어,00261355,038390,KOSDAQ,분기x연결,재무제표,DS-2/DS-3,DONE,"cross-check completed for ['매출액', '영업이익']",,2026-07-07T22:40:26
레드캡투어,00261355,038390,KOSDAQ,분기x연결,지표,CV-6,PASS,default metric selection visible,,2026-07-07T22:40:26
레드캡투어,00261355,038390,KOSDAQ,분기x별도,재무제표,DS-1,PASS,,,2026-07-07T22:40:33
레드캡투어,00261355,038390,KOSDAQ,분기x별도,상단,DS-8,PASS,,,2026-07-07T22:40:33
레드캡투어,00261355,038390,KOSDAQ,분기x별도,상단,DS-7,PASS,"badges seen: ['✅', '🔎']",,2026-07-07T22:40:33
레드캡투어,00261355,038390,KOSDAQ,분기x별도,재무제표,CV-3,PASS,rows=29 cols=82 slider_extended=True,,2026-07-07T22:40:33
레드캡투어,00261355,038390,KOSDAQ,분기x별도,재무제표,DS-2/DS-3,DONE,"cross-check completed for ['매출액', '영업이익']",,2026-07-07T22:40:33
레드캡투어,00261355,038390,KOSDAQ,분기x별도,지표,CV-6,PASS,default metric selection visible,,2026-07-07T22:40:33
레몬,01011395,294140,KOSDAQ,연간x연결,재무제표,DS-1,PASS,,,2026-07-07T22:40:46
레몬,01011395,294140,KOSDAQ,연간x연결,상단,DS-8,PASS,,,2026-07-07T22:40:46
레몬,01011395,294140,KOSDAQ,연간x연결,상단,DS-7,PASS,"badges seen: ['✅', '🔎', '⚠']",,2026-07-07T22:40:46
레몬,01011395,294140,KOSDAQ,연간x연결,재무제표,CV-3,PASS,rows=29 cols=5 slider_extended=True,,2026-07-07T22:40:46
레몬,01011395,294140,KOSDAQ,연간x연결,재무제표,DS-2/DS-3,DONE,"cross-check completed for ['매출액', '영업이익']",,2026-07-07T22:40:46
레몬,01011395,294140,KOSDAQ,연간x연결,지표,CV-6,PASS,default metric selection visible,,2026-07-07T22:40:46
레몬,01011395,294140,KOSDAQ,연간x별도,재무제표,DS-1,PASS,,,2026-07-07T22:40:52
레몬,01011395,294140,KOSDAQ,연간x별도,상단,DS-8,PASS,,,2026-07-07T22:40:52
레몬,01011395,294140,KOSDAQ,연간x별도,상단,DS-7,PASS,"badges seen: ['✅', '🔎', '⚠']",,2026-07-07T22:40:52
레몬,01011395,294140,KOSDAQ,연간x별도,재무제표,CV-3,PASS,rows=29 cols=12 slider_extended=True,,2026-07-07T22:40:52
레몬,01011395,294140,KOSDAQ,연간x별도,재무제표,DS-2/DS-3,DONE,"cross-check completed for ['매출액', '영업이익']",,2026-07-07T22:40:52
레몬,01011395,294140,KOSDAQ,연간x별도,지표,CV-6,PASS,default metric selection visible,,2026-07-07T22:40:52
레몬,01011395,294140,KOSDAQ,분기x연결,재무제표,DS-1,PASS,,,2026-07-07T22:40:58
레몬,01011395,294140,KOSDAQ,분기x연결,상단,DS-8,PASS,,,2026-07-07T22:40:58
레몬,01011395,294140,KOSDAQ,분기x연결,상단,DS-7,PASS,"badges seen: ['✅', '🔎', '⚠']",,2026-07-07T22:40:58
레몬,01011395,294140,KOSDAQ,분기x연결,재무제표,CV-3,PASS,rows=29 cols=6 slider_extended=True,,2026-07-07T22:40:58
레몬,01011395,294140,KOSDAQ,분기x연결,재무제표,DS-2/DS-3,DONE,"cross-check completed for ['매출액', '영업이익']",,2026-07-07T22:40:58
레몬,01011395,294140,KOSDAQ,분기x연결,지표,CV-6,PASS,default metric selection visible,,2026-07-07T22:40:58
레몬,01011395,294140,KOSDAQ,분기x별도,재무제표,DS-1,PASS,,,2026-07-07T22:41:05
레몬,01011395,294140,KOSDAQ,분기x별도,상단,DS-8,PASS,,,2026-07-07T22:41:05
레몬,01011395,294140,KOSDAQ,분기x별도,상단,DS-7,PASS,"badges seen: ['✅', '🔎', '⚠']",,2026-07-07T22:41:05
레몬,01011395,294140,KOSDAQ,분기x별도,재무제표,CV-3,PASS,rows=29 cols=37 slider_extended=True,,2026-07-07T22:41:05
레몬,01011395,294140,KOSDAQ,분기x별도,재무제표,DS-2/DS-3,DONE,"cross-check completed for ['매출액', '영업이익']",,2026-07-07T22:41:05
레몬,01011395,294140,KOSDAQ,분기x별도,지표,CV-6,PASS,default metric selection visible,,2026-07-07T22:41:05
레뷰코퍼레이션,01468061,443250,KOSDAQ,연간x연결,재무제표,DS-1,PASS,,,2026-07-07T22:41:18
레뷰코퍼레이션,01468061,443250,KOSDAQ,연간x연결,상단,DS-8,PASS,,,2026-07-07T22:41:18
레뷰코퍼레이션,01468061,443250,KOSDAQ,연간x연결,상단,DS-7,PASS,"badges seen: ['✅', '🔎', '⚠']",,2026-07-07T22:41:18
레뷰코퍼레이션,01468061,443250,KOSDAQ,연간x연결,재무제표,CV-3,PASS,rows=29 cols=7 slider_extended=True,,2026-07-07T22:41:18
레뷰코퍼레이션,01468061,443250,KOSDAQ,연간x연결,재무제표,DS-2/DS-3,DONE,"cross-check completed for ['매출액', '영업이익']",,2026-07-07T22:41:18
레뷰코퍼레이션,01468061,443250,KOSDAQ,연간x연결,지표,CV-6,PASS,default metric selection visible,,2026-07-07T22:41:18
레뷰코퍼레이션,01468061,443250,KOSDAQ,연간x별도,재무제표,DS-1,PASS,,,2026-07-07T22:41:23
레뷰코퍼레이션,01468061,443250,KOSDAQ,연간x별도,상단,DS-8,PASS,,,2026-07-07T22:41:23
레뷰코퍼레이션,01468061,443250,KOSDAQ,연간x별도,상단,DS-7,PASS,"badges seen: ['✅', '🔎', '⚠']",,2026-07-07T22:41:23
레뷰코퍼레이션,01468061,443250,KOSDAQ,연간x별도,재무제표,CV-3,PASS,rows=29 cols=7 slider_extended=True,,2026-07-07T22:41:23
레뷰코퍼레이션,01468061,443250,KOSDAQ,연간x별도,재무제표,DS-2/DS-3,DONE,"cross-check completed for ['매출액', '영업이익']",,2026-07-07T22:41:23
레뷰코퍼레이션,01468061,443250,KOSDAQ,연간x별도,지표,CV-6,PASS,default metric selection visible,,2026-07-07T22:41:23
레뷰코퍼레이션,01468061,443250,KOSDAQ,분기x연결,재무제표,DS-1,PASS,,,2026-07-07T22:41:30
레뷰코퍼레이션,01468061,443250,KOSDAQ,분기x연결,상단,DS-8,PASS,,,2026-07-07T22:41:30
레뷰코퍼레이션,01468061,443250,KOSDAQ,분기x연결,상단,DS-7,PASS,"badges seen: ['✅', '🔎']",,2026-07-07T22:41:30
레뷰코퍼레이션,01468061,443250,KOSDAQ,분기x연결,재무제표,CV-3,PASS,rows=29 cols=17 slider_extended=True,,2026-07-07T22:41:30
레뷰코퍼레이션,01468061,443250,KOSDAQ,분기x연결,재무제표,DS-2/DS-3,DONE,"cross-check completed for ['매출액', '영업이익']",,2026-07-07T22:41:30
레뷰코퍼레이션,01468061,443250,KOSDAQ,분기x연결,지표,CV-6,PASS,default metric selection visible,,2026-07-07T22:41:30
레뷰코퍼레이션,01468061,443250,KOSDAQ,분기x별도,재무제표,DS-1,PASS,,,2026-07-07T22:41:37
레뷰코퍼레이션,01468061,443250,KOSDAQ,분기x별도,상단,DS-8,PASS,,,2026-07-07T22:41:37
레뷰코퍼레이션,01468061,443250,KOSDAQ,분기x별도,상단,DS-7,PASS,"badges seen: ['✅', '🔎']",,2026-07-07T22:41:37
레뷰코퍼레이션,01468061,443250,KOSDAQ,분기x별도,재무제표,CV-3,PASS,rows=29 cols=17 slider_extended=True,,2026-07-07T22:41:37
레뷰코퍼레이션,01468061,443250,KOSDAQ,분기x별도,재무제표,DS-2/DS-3,DONE,"cross-check completed for ['매출액', '영업이익']",,2026-07-07T22:41:37
레뷰코퍼레이션,01468061,443250,KOSDAQ,분기x별도,지표,CV-6,PASS,default metric selection visible,,2026-07-07T22:41:37
레이,00828761,228670,KOSDAQ,연간x연결,재무제표,DS-1,PASS,,,2026-07-07T22:41:47
레이,00828761,228670,KOSDAQ,연간x연결,상단,DS-8,PASS,,,2026-07-07T22:41:47
레이,00828761,228670,KOSDAQ,연간x연결,상단,DS-7,PASS,"badges seen: ['✅', '🔎', '⚠']",,2026-07-07T22:41:47
레이,00828761,228670,KOSDAQ,연간x연결,재무제표,CV-3,PASS,rows=29 cols=11 slider_extended=True,,2026-07-07T22:41:47
레이,00828761,228670,KOSDAQ,연간x연결,재무제표,DS-2/DS-3,DONE,"cross-check completed for ['매출액', '영업이익']",,2026-07-07T22:41:47
레이,00828761,228670,KOSDAQ,연간x연결,지표,CV-6,PASS,default metric selection visible,,2026-07-07T22:41:47
레이,00828761,228670,KOSDAQ,연간x별도,재무제표,DS-1,PASS,,,2026-07-07T22:41:52
레이,00828761,228670,KOSDAQ,연간x별도,상단,DS-8,PASS,,,2026-07-07T22:41:52
레이,00828761,228670,KOSDAQ,연간x별도,상단,DS-7,PASS,"badges seen: ['✅', '🔎']",,2026-07-07T22:41:52
레이,00828761,228670,KOSDAQ,연간x별도,재무제표,CV-3,PASS,rows=29 cols=11 slider_extended=True,,2026-07-07T22:41:52
레이,00828761,228670,KOSDAQ,연간x별도,재무제표,DS-2/DS-3,DONE,"cross-check completed for ['매출액', '영업이익']",,2026-07-07T22:41:52
레이,00828761,228670,KOSDAQ,연간x별도,지표,CV-6,PASS,default metric selection visible,,2026-07-07T22:41:52
레이,00828761,228670,KOSDAQ,분기x연결,재무제표,DS-1,PASS,,,2026-07-07T22:41:59
레이,00828761,228670,KOSDAQ,분기x연결,상단,DS-8,PASS,,,2026-07-07T22:41:59
레이,00828761,228670,KOSDAQ,분기x연결,상단,DS-7,PASS,"badges seen: ['✅', '🔎']",,2026-07-07T22:41:59
레이,00828761,228670,KOSDAQ,분기x연결,재무제표,CV-3,PASS,rows=29 cols=33 slider_extended=True,,2026-07-07T22:41:59
레이,00828761,228670,KOSDAQ,분기x연결,재무제표,DS-2/DS-3,DONE,"cross-check completed for ['매출액', '영업이익']",,2026-07-07T22:41:59
레이,00828761,228670,KOSDAQ,분기x연결,지표,CV-6,PASS,default metric selection visible,,2026-07-07T22:41:59
레이,00828761,228670,KOSDAQ,분기x별도,재무제표,DS-1,PASS,,,2026-07-07T22:42:06
레이,00828761,228670,KOSDAQ,분기x별도,상단,DS-8,PASS,,,2026-07-07T22:42:06
레이,00828761,228670,KOSDAQ,분기x별도,상단,DS-7,PASS,"badges seen: ['✅', '🔎']",,2026-07-07T22:42:06
레이,00828761,228670,KOSDAQ,분기x별도,재무제표,CV-3,PASS,rows=29 cols=33 slider_extended=True,,2026-07-07T22:42:06
레이,00828761,228670,KOSDAQ,분기x별도,재무제표,DS-2/DS-3,DONE,"cross-check completed for ['매출액', '영업이익']",,2026-07-07T22:42:06
레이,00828761,228670,KOSDAQ,분기x별도,지표,CV-6,PASS,default metric selection visible,,2026-07-07T22:42:06
레이언스,00899459,228850,KOSDAQ,연간x연결,재무제표,DS-1,PASS,,,2026-07-07T22:42:19
레이언스,00899459,228850,KOSDAQ,연간x연결,상단,DS-8,PASS,,,2026-07-07T22:42:19
레이언스,00899459,228850,KOSDAQ,연간x연결,상단,DS-7,PASS,"badges seen: ['✅', '🔎']",,2026-07-07T22:42:19
레이언스,00899459,228850,KOSDAQ,연간x연결,재무제표,CV-3,PASS,rows=29 cols=14 slider_extended=True,,2026-07-07T22:42:19
레이언스,00899459,228850,KOSDAQ,연간x연결,재무제표,DS-2/DS-3,DONE,"cross-check completed for ['매출액', '영업이익']",,2026-07-07T22:42:19
레이언스,00899459,228850,KOSDAQ,연간x연결,지표,CV-6,PASS,default metric selection visible,,2026-07-07T22:42:19
레이언스,00899459,228850,KOSDAQ,연간x별도,재무제표,DS-1,PASS,,,2026-07-07T22:42:24
레이언스,00899459,228850,KOSDAQ,연간x별도,상단,DS-8,PASS,,,2026-07-07T22:42:24
레이언스,00899459,228850,KOSDAQ,연간x별도,상단,DS-7,PASS,"badges seen: ['✅', '🔎']",,2026-07-07T22:42:24
레이언스,00899459,228850,KOSDAQ,연간x별도,재무제표,CV-3,PASS,rows=29 cols=14 slider_extended=True,,2026-07-07T22:42:24
레이언스,00899459,228850,KOSDAQ,연간x별도,재무제표,DS-2/DS-3,DONE,"cross-check completed for ['매출액', '영업이익']",,2026-07-07T22:42:24
레이언스,00899459,228850,KOSDAQ,연간x별도,지표,CV-6,PASS,default metric selection visible,,2026-07-07T22:42:24
레이언스,00899459,228850,KOSDAQ,분기x연결,재무제표,DS-1,PASS,,,2026-07-07T22:42:30
레이언스,00899459,228850,KOSDAQ,분기x연결,상단,DS-8,PASS,,,2026-07-07T22:42:30
레이언스,00899459,228850,KOSDAQ,분기x연결,상단,DS-7,PASS,"badges seen: ['✅', '🔎']",,2026-07-07T22:42:30
레이언스,00899459,228850,KOSDAQ,분기x연결,재무제표,CV-3,PASS,rows=29 cols=50 slider_extended=True,,2026-07-07T22:42:30
레이언스,00899459,228850,KOSDAQ,분기x연결,재무제표,DS-2/DS-3,DONE,"cross-check completed for ['매출액', '영업이익']",,2026-07-07T22:42:30
레이언스,00899459,228850,KOSDAQ,분기x연결,지표,CV-6,PASS,default metric selection visible,,2026-07-07T22:42:30
레이언스,00899459,228850,KOSDAQ,분기x별도,재무제표,DS-1,PASS,,,2026-07-07T22:42:38
레이언스,00899459,228850,KOSDAQ,분기x별도,상단,DS-8,PASS,,,2026-07-07T22:42:38
레이언스,00899459,228850,KOSDAQ,분기x별도,상단,DS-7,PASS,"badges seen: ['✅', '🔎', '⚠']",,2026-07-07T22:42:38
레이언스,00899459,228850,KOSDAQ,분기x별도,재무제표,CV-3,PASS,rows=29 cols=50 slider_extended=True,,2026-07-07T22:42:38
레이언스,00899459,228850,KOSDAQ,분기x별도,재무제표,DS-2/DS-3,DONE,"cross-check completed for ['매출액', '영업이익']",,2026-07-07T22:42:38
레이언스,00899459,228850,KOSDAQ,분기x별도,지표,CV-6,PASS,default metric selection visible,,2026-07-07T22:42:38
레이저쎌,01573381,412350,KOSDAQ,연간x연결,재무제표,DS-1,PASS,,,2026-07-07T22:42:49
레이저쎌,01573381,412350,KOSDAQ,연간x연결,상단,DS-8,PASS,,,2026-07-07T22:42:49
레이저쎌,01573381,412350,KOSDAQ,연간x연결,상단,DS-7,PASS,"badges seen: ['✅', '🔎']",,2026-07-07T22:42:49
레이저쎌,01573381,412350,KOSDAQ,연간x연결,재무제표,CV-3,PASS,rows=29 cols=8 slider_extended=True,,2026-07-07T22:42:49
레이저쎌,01573381,412350,KOSDAQ,연간x연결,재무제표,DS-2/DS-3,DONE,"cross-check completed for ['매출액', '영업이익']",,2026-07-07T22:42:49
레이저쎌,01573381,412350,KOSDAQ,연간x연결,지표,CV-6,PASS,default metric selection visible,,2026-07-07T22:42:49
레이저쎌,01573381,412350,KOSDAQ,연간x별도,재무제표,DS-1,PASS,,,2026-07-07T22:42:54
레이저쎌,01573381,412350,KOSDAQ,연간x별도,상단,DS-8,PASS,,,2026-07-07T22:42:54
레이저쎌,01573381,412350,KOSDAQ,연간x별도,상단,DS-7,PASS,"badges seen: ['✅', '🔎']",,2026-07-07T22:42:54
레이저쎌,01573381,412350,KOSDAQ,연간x별도,재무제표,CV-3,PASS,rows=29 cols=8 slider_extended=True,,2026-07-07T22:42:54
레이저쎌,01573381,412350,KOSDAQ,연간x별도,재무제표,DS-2/DS-3,DONE,"cross-check completed for ['매출액', '영업이익']",,2026-07-07T22:42:54
레이저쎌,01573381,412350,KOSDAQ,연간x별도,지표,CV-6,PASS,default metric selection visible,,2026-07-07T22:42:54
레이저쎌,01573381,412350,KOSDAQ,분기x연결,재무제표,DS-1,PASS,,,2026-07-07T22:43:00
레이저쎌,01573381,412350,KOSDAQ,분기x연결,상단,DS-8,PASS,,,2026-07-07T22:43:00
레이저쎌,01573381,412350,KOSDAQ,분기x연결,상단,DS-7,PASS,"badges seen: ['✅', '🔎', '⚠']",,2026-07-07T22:43:00
레이저쎌,01573381,412350,KOSDAQ,분기x연결,재무제표,CV-3,PASS,rows=29 cols=21 slider_extended=True,,2026-07-07T22:43:00
레이저쎌,01573381,412350,KOSDAQ,분기x연결,재무제표,DS-2/DS-3,DONE,"cross-check completed for ['매출액', '영업이익']",,2026-07-07T22:43:00
레이저쎌,01573381,412350,KOSDAQ,분기x연결,지표,CV-6,PASS,default metric selection visible,,2026-07-07T22:43:00
레이저쎌,01573381,412350,KOSDAQ,분기x별도,재무제표,DS-1,PASS,,,2026-07-07T22:43:08
레이저쎌,01573381,412350,KOSDAQ,분기x별도,상단,DS-8,PASS,,,2026-07-07T22:43:08
레이저쎌,01573381,412350,KOSDAQ,분기x별도,상단,DS-7,PASS,"badges seen: ['✅', '🔎', '⚠']",,2026-07-07T22:43:08
레이저쎌,01573381,412350,KOSDAQ,분기x별도,재무제표,CV-3,PASS,rows=29 cols=23 slider_extended=True,,2026-07-07T22:43:08
레이저쎌,01573381,412350,KOSDAQ,분기x별도,재무제표,DS-2/DS-3,DONE,"cross-check completed for ['매출액', '영업이익']",,2026-07-07T22:43:08
레이저쎌,01573381,412350,KOSDAQ,분기x별도,지표,CV-6,PASS,default metric selection visible,,2026-07-07T22:43:08
레이저옵텍,01161432,199550,KOSDAQ,연간x연결,재무제표,DS-1,PASS,,,2026-07-07T22:43:21
레이저옵텍,01161432,199550,KOSDAQ,연간x연결,상단,DS-8,PASS,,,2026-07-07T22:43:21
레이저옵텍,01161432,199550,KOSDAQ,연간x연결,상단,DS-7,PASS,"badges seen: ['✅', '🔎']",,2026-07-07T22:43:21
레이저옵텍,01161432,199550,KOSDAQ,연간x연결,재무제표,CV-3,PASS,rows=29 cols=6 slider_extended=True,,2026-07-07T22:43:21
레이저옵텍,01161432,199550,KOSDAQ,연간x연결,재무제표,DS-2/DS-3,DONE,"cross-check completed for ['매출액', '영업이익']",,2026-07-07T22:43:21
레이저옵텍,01161432,199550,KOSDAQ,연간x연결,지표,CV-6,PASS,default metric selection visible,,2026-07-07T22:43:21
레이저옵텍,01161432,199550,KOSDAQ,연간x별도,재무제표,DS-1,PASS,,,2026-07-07T22:43:26
레이저옵텍,01161432,199550,KOSDAQ,연간x별도,상단,DS-8,PASS,,,2026-07-07T22:43:26
레이저옵텍,01161432,199550,KOSDAQ,연간x별도,상단,DS-7,PASS,"badges seen: ['✅', '🔎', '⚠']",,2026-07-07T22:43:26
레이저옵텍,01161432,199550,KOSDAQ,연간x별도,재무제표,CV-3,PASS,rows=29 cols=7 slider_extended=True,,2026-07-07T22:43:26
레이저옵텍,01161432,199550,KOSDAQ,연간x별도,재무제표,DS-2/DS-3,DONE,"cross-check completed for ['매출액', '영업이익']",,2026-07-07T22:43:26
레이저옵텍,01161432,199550,KOSDAQ,연간x별도,지표,CV-6,PASS,default metric selection visible,,2026-07-07T22:43:26
레이저옵텍,01161432,199550,KOSDAQ,분기x연결,재무제표,DS-1,PASS,,,2026-07-07T22:43:32
레이저옵텍,01161432,199550,KOSDAQ,분기x연결,상단,DS-8,PASS,,,2026-07-07T22:43:32
레이저옵텍,01161432,199550,KOSDAQ,분기x연결,상단,DS-7,PASS,"badges seen: ['✅', '🔎']",,2026-07-07T22:43:32
레이저옵텍,01161432,199550,KOSDAQ,분기x연결,재무제표,CV-3,PASS,rows=29 cols=12 slider_extended=True,,2026-07-07T22:43:32
레이저옵텍,01161432,199550,KOSDAQ,분기x연결,재무제표,DS-2/DS-3,DONE,"cross-check completed for ['매출액', '영업이익']",,2026-07-07T22:43:32
레이저옵텍,01161432,199550,KOSDAQ,분기x연결,지표,CV-6,PASS,default metric selection visible,,2026-07-07T22:43:32
레이저옵텍,01161432,199550,KOSDAQ,분기x별도,재무제표,DS-1,PASS,,,2026-07-07T22:43:40
레이저옵텍,01161432,199550,KOSDAQ,분기x별도,상단,DS-8,PASS,,,2026-07-07T22:43:40
레이저옵텍,01161432,199550,KOSDAQ,분기x별도,상단,DS-7,PASS,"badges seen: ['✅', '🔎']",,2026-07-07T22:43:40
레이저옵텍,01161432,199550,KOSDAQ,분기x별도,재무제표,CV-3,PASS,rows=29 cols=16 slider_extended=True,,2026-07-07T22:43:40
레이저옵텍,01161432,199550,KOSDAQ,분기x별도,재무제표,DS-2/DS-3,DONE,"cross-check completed for ['매출액', '영업이익']",,2026-07-07T22:43:40
레이저옵텍,01161432,199550,KOSDAQ,분기x별도,지표,CV-6,PASS,default metric selection visible,,2026-07-07T22:43:40
레이크머티리얼즈,01255652,281740,KOSDAQ,연간x연결,재무제표,DS-1,PASS,,,2026-07-07T22:43:53
레이크머티리얼즈,01255652,281740,KOSDAQ,연간x연결,상단,DS-8,PASS,,,2026-07-07T22:43:53
레이크머티리얼즈,01255652,281740,KOSDAQ,연간x연결,상단,DS-7,PASS,"badges seen: ['✅', '🔎', '⚠']",,2026-07-07T22:43:53
레이크머티리얼즈,01255652,281740,KOSDAQ,연간x연결,재무제표,CV-3,PASS,rows=29 cols=10 slider_extended=True,,2026-07-07T22:43:53
레이크머티리얼즈,01255652,281740,KOSDAQ,연간x연결,재무제표,DS-2/DS-3,DONE,"cross-check completed for ['매출액', '영업이익']",,2026-07-07T22:43:53
레이크머티리얼즈,01255652,281740,KOSDAQ,연간x연결,지표,CV-6,PASS,default metric selection visible,,2026-07-07T22:43:53
레이크머티리얼즈,01255652,281740,KOSDAQ,연간x별도,재무제표,DS-1,PASS,,,2026-07-07T22:43:58
레이크머티리얼즈,01255652,281740,KOSDAQ,연간x별도,상단,DS-8,PASS,,,2026-07-07T22:43:58
레이크머티리얼즈,01255652,281740,KOSDAQ,연간x별도,상단,DS-7,PASS,"badges seen: ['✅', '🔎', '⚠']",,2026-07-07T22:43:58
레이크머티리얼즈,01255652,281740,KOSDAQ,연간x별도,재무제표,CV-3,PASS,rows=29 cols=11 slider_extended=True,,2026-07-07T22:43:58
레이크머티리얼즈,01255652,281740,KOSDAQ,연간x별도,재무제표,DS-2/DS-3,DONE,"cross-check completed for ['매출액', '영업이익']",,2026-07-07T22:43:58
레이크머티리얼즈,01255652,281740,KOSDAQ,연간x별도,지표,CV-6,PASS,default metric selection visible,,2026-07-07T22:43:58
레이크머티리얼즈,01255652,281740,KOSDAQ,분기x연결,재무제표,DS-1,PASS,,,2026-07-07T22:44:04
레이크머티리얼즈,01255652,281740,KOSDAQ,분기x연결,상단,DS-8,PASS,,,2026-07-07T22:44:04
레이크머티리얼즈,01255652,281740,KOSDAQ,분기x연결,상단,DS-7,PASS,"badges seen: ['✅', '🔎']",,2026-07-07T22:44:04
레이크머티리얼즈,01255652,281740,KOSDAQ,분기x연결,재무제표,CV-3,PASS,rows=29 cols=32 slider_extended=True,,2026-07-07T22:44:04
레이크머티리얼즈,01255652,281740,KOSDAQ,분기x연결,재무제표,DS-2/DS-3,DONE,"cross-check completed for ['매출액', '영업이익']",,2026-07-07T22:44:04
레이크머티리얼즈,01255652,281740,KOSDAQ,분기x연결,지표,CV-6,PASS,default metric selection visible,,2026-07-07T22:44:04
레이크머티리얼즈,01255652,281740,KOSDAQ,분기x별도,재무제표,DS-1,PASS,,,2026-07-07T22:44:12
레이크머티리얼즈,01255652,281740,KOSDAQ,분기x별도,상단,DS-8,PASS,,,2026-07-07T22:44:12
레이크머티리얼즈,01255652,281740,KOSDAQ,분기x별도,상단,DS-7,PASS,"badges seen: ['✅', '🔎']",,2026-07-07T22:44:12
레이크머티리얼즈,01255652,281740,KOSDAQ,분기x별도,재무제표,CV-3,PASS,rows=29 cols=36 slider_extended=True,,2026-07-07T22:44:12
레이크머티리얼즈,01255652,281740,KOSDAQ,분기x별도,재무제표,DS-2/DS-3,DONE,"cross-check completed for ['매출액', '영업이익']",,2026-07-07T22:44:12
레이크머티리얼즈,01255652,281740,KOSDAQ,분기x별도,지표,CV-6,PASS,default metric selection visible,,2026-07-07T22:44:12
레인보우로보틱스,01261644,277810,KOSDAQ,연간x연결,재무제표,DS-1,PASS,,,2026-07-07T22:44:25
레인보우로보틱스,01261644,277810,KOSDAQ,연간x연결,상단,DS-8,PASS,,,2026-07-07T22:44:25
레인보우로보틱스,01261644,277810,KOSDAQ,연간x연결,상단,DS-7,PASS,"badges seen: ['✅', '🔎']",,2026-07-07T22:44:25
레인보우로보틱스,01261644,277810,KOSDAQ,연간x연결,재무제표,CV-3,PASS,rows=29 cols=10 slider_extended=True,,2026-07-07T22:44:25
레인보우로보틱스,01261644,277810,KOSDAQ,연간x연결,재무제표,DS-2/DS-3,DONE,"cross-check completed for ['매출액', '영업이익']",,2026-07-07T22:44:25
레인보우로보틱스,01261644,277810,KOSDAQ,연간x연결,지표,CV-6,PASS,default metric selection visible,,2026-07-07T22:44:25
레인보우로보틱스,01261644,277810,KOSDAQ,연간x별도,재무제표,DS-1,PASS,,,2026-07-07T22:44:30
레인보우로보틱스,01261644,277810,KOSDAQ,연간x별도,상단,DS-8,PASS,,,2026-07-07T22:44:30
레인보우로보틱스,01261644,277810,KOSDAQ,연간x별도,상단,DS-7,PASS,"badges seen: ['✅', '🔎', '⚠']",,2026-07-07T22:44:30
레인보우로보틱스,01261644,277810,KOSDAQ,연간x별도,재무제표,CV-3,PASS,rows=29 cols=10 slider_extended=True,,2026-07-07T22:44:30
레인보우로보틱스,01261644,277810,KOSDAQ,연간x별도,재무제표,DS-2/DS-3,DONE,"cross-check completed for ['매출액', '영업이익']",,2026-07-07T22:44:30
레인보우로보틱스,01261644,277810,KOSDAQ,연간x별도,지표,CV-6,PASS,default metric selection visible,,2026-07-07T22:44:30
레인보우로보틱스,01261644,277810,KOSDAQ,분기x연결,재무제표,DS-1,PASS,,,2026-07-07T22:44:36
레인보우로보틱스,01261644,277810,KOSDAQ,분기x연결,상단,DS-8,PASS,,,2026-07-07T22:44:36
레인보우로보틱스,01261644,277810,KOSDAQ,분기x연결,상단,DS-7,PASS,"badges seen: ['✅', '🔎']",,2026-07-07T22:44:36
레인보우로보틱스,01261644,277810,KOSDAQ,분기x연결,재무제표,CV-3,PASS,rows=29 cols=28 slider_extended=True,,2026-07-07T22:44:36
레인보우로보틱스,01261644,277810,KOSDAQ,분기x연결,재무제표,DS-2/DS-3,DONE,"cross-check completed for ['매출액', '영업이익']",,2026-07-07T22:44:36
레인보우로보틱스,01261644,277810,KOSDAQ,분기x연결,지표,CV-6,PASS,default metric selection visible,,2026-07-07T22:44:36
레인보우로보틱스,01261644,277810,KOSDAQ,분기x별도,재무제표,DS-1,PASS,,,2026-07-07T22:44:44
레인보우로보틱스,01261644,277810,KOSDAQ,분기x별도,상단,DS-8,PASS,,,2026-07-07T22:44:44
레인보우로보틱스,01261644,277810,KOSDAQ,분기x별도,상단,DS-7,PASS,"badges seen: ['✅', '🔎']",,2026-07-07T22:44:44
레인보우로보틱스,01261644,277810,KOSDAQ,분기x별도,재무제표,CV-3,PASS,rows=29 cols=28 slider_extended=True,,2026-07-07T22:44:44
레인보우로보틱스,01261644,277810,KOSDAQ,분기x별도,재무제표,DS-2/DS-3,DONE,"cross-check completed for ['매출액', '영업이익']",,2026-07-07T22:44:44
레인보우로보틱스,01261644,277810,KOSDAQ,분기x별도,지표,CV-6,PASS,default metric selection visible,,2026-07-07T22:44:44
로보로보,01063990,215100,KOSDAQ,연간x연결,재무제표,DS-1,PASS,,,2026-07-07T22:44:54
로보로보,01063990,215100,KOSDAQ,연간x연결,상단,DS-8,PASS,,,2026-07-07T22:44:54
로보로보,01063990,215100,KOSDAQ,연간x연결,상단,DS-7,PASS,"badges seen: ['✅', '🔎']",,2026-07-07T22:44:54
로보로보,01063990,215100,KOSDAQ,연간x연결,재무제표,CV-3,PASS,rows=29 cols=13 slider_extended=True,,2026-07-07T22:44:54
로보로보,01063990,215100,KOSDAQ,연간x연결,재무제표,DS-2/DS-3,DONE,"cross-check completed for ['매출액', '영업이익']",,2026-07-07T22:44:54
로보로보,01063990,215100,KOSDAQ,연간x연결,지표,CV-6,PASS,default metric selection visible,,2026-07-07T22:44:54
로보로보,01063990,215100,KOSDAQ,연간x별도,재무제표,DS-1,PASS,,,2026-07-07T22:45:00
로보로보,01063990,215100,KOSDAQ,연간x별도,상단,DS-8,PASS,,,2026-07-07T22:45:00
로보로보,01063990,215100,KOSDAQ,연간x별도,상단,DS-7,PASS,"badges seen: ['✅', '🔎', '⚠']",,2026-07-07T22:45:00
로보로보,01063990,215100,KOSDAQ,연간x별도,재무제표,CV-3,PASS,rows=29 cols=13 slider_extended=True,,2026-07-07T22:45:00
로보로보,01063990,215100,KOSDAQ,연간x별도,재무제표,DS-2/DS-3,DONE,"cross-check completed for ['매출액', '영업이익']",,2026-07-07T22:45:00
로보로보,01063990,215100,KOSDAQ,연간x별도,지표,CV-6,PASS,default metric selection visible,,2026-07-07T22:45:00
로보로보,01063990,215100,KOSDAQ,분기x연결,재무제표,DS-1,PASS,,,2026-07-07T22:45:06
로보로보,01063990,215100,KOSDAQ,분기x연결,상단,DS-8,PASS,,,2026-07-07T22:45:06
로보로보,01063990,215100,KOSDAQ,분기x연결,상단,DS-7,PASS,"badges seen: ['✅', '🔎']",,2026-07-07T22:45:06
로보로보,01063990,215100,KOSDAQ,분기x연결,재무제표,CV-3,PASS,rows=29 cols=40 slider_extended=True,,2026-07-07T22:45:06
로보로보,01063990,215100,KOSDAQ,분기x연결,재무제표,DS-2/DS-3,DONE,"cross-check completed for ['매출액', '영업이익']",,2026-07-07T22:45:06
로보로보,01063990,215100,KOSDAQ,분기x연결,지표,CV-6,PASS,default metric selection visible,,2026-07-07T22:45:06
로보로보,01063990,215100,KOSDAQ,분기x별도,재무제표,DS-1,PASS,,,2026-07-07T22:45:13
로보로보,01063990,215100,KOSDAQ,분기x별도,상단,DS-8,PASS,,,2026-07-07T22:45:13
로보로보,01063990,215100,KOSDAQ,분기x별도,상단,DS-7,PASS,"badges seen: ['✅', '🔎']",,2026-07-07T22:45:13
로보로보,01063990,215100,KOSDAQ,분기x별도,재무제표,CV-3,PASS,rows=29 cols=47 slider_extended=True,,2026-07-07T22:45:13
로보로보,01063990,215100,KOSDAQ,분기x별도,재무제표,DS-2/DS-3,DONE,"cross-check completed for ['매출액', '영업이익']",,2026-07-07T22:45:13
로보로보,01063990,215100,KOSDAQ,분기x별도,지표,CV-6,PASS,default metric selection visible,,2026-07-07T22:45:13
로보스타,00536523,090360,KOSDAQ,연간x연결,재무제표,DS-1,PASS,,,2026-07-07T22:45:27
로보스타,00536523,090360,KOSDAQ,연간x연결,상단,DS-8,PASS,,,2026-07-07T22:45:27
로보스타,00536523,090360,KOSDAQ,연간x연결,상단,DS-7,PASS,"badges seen: ['✅', '🔎', '⚠']",,2026-07-07T22:45:27
로보스타,00536523,090360,KOSDAQ,연간x연결,재무제표,CV-3,PASS,rows=29 cols=19 slider_extended=True,,2026-07-07T22:45:27
로보스타,00536523,090360,KOSDAQ,연간x연결,재무제표,DS-2/DS-3,DONE,"cross-check completed for ['매출액', '영업이익']",,2026-07-07T22:45:27
로보스타,00536523,090360,KOSDAQ,연간x연결,지표,CV-6,PASS,default metric selection visible,,2026-07-07T22:45:27
로보스타,00536523,090360,KOSDAQ,연간x별도,재무제표,DS-1,PASS,,,2026-07-07T22:45:32
로보스타,00536523,090360,KOSDAQ,연간x별도,상단,DS-8,PASS,,,2026-07-07T22:45:32
로보스타,00536523,090360,KOSDAQ,연간x별도,상단,DS-7,PASS,"badges seen: ['✅', '🔎', '⚠']",,2026-07-07T22:45:32
로보스타,00536523,090360,KOSDAQ,연간x별도,재무제표,CV-3,PASS,rows=29 cols=19 slider_extended=True,,2026-07-07T22:45:32
로보스타,00536523,090360,KOSDAQ,연간x별도,재무제표,DS-2/DS-3,DONE,"cross-check completed for ['매출액', '영업이익']",,2026-07-07T22:45:32
로보스타,00536523,090360,KOSDAQ,연간x별도,지표,CV-6,PASS,default metric selection visible,,2026-07-07T22:45:32
로보스타,00536523,090360,KOSDAQ,분기x연결,재무제표,DS-1,PASS,,,2026-07-07T22:45:38
로보스타,00536523,090360,KOSDAQ,분기x연결,상단,DS-8,PASS,,,2026-07-07T22:45:38
로보스타,00536523,090360,KOSDAQ,분기x연결,상단,DS-7,PASS,"badges seen: ['✅', '🔎', '⚠']",,2026-07-07T22:45:38
로보스타,00536523,090360,KOSDAQ,분기x연결,재무제표,CV-3,PASS,rows=29 cols=60 slider_extended=True,,2026-07-07T22:45:38
로보스타,00536523,090360,KOSDAQ,분기x연결,재무제표,DS-2/DS-3,DONE,"cross-check completed for ['매출액', '영업이익']",,2026-07-07T22:45:38
로보스타,00536523,090360,KOSDAQ,분기x연결,지표,CV-6,PASS,default metric selection visible,,2026-07-07T22:45:38
로보스타,00536523,090360,KOSDAQ,분기x별도,재무제표,DS-1,PASS,,,2026-07-07T22:45:45
로보스타,00536523,090360,KOSDAQ,분기x별도,상단,DS-8,PASS,,,2026-07-07T22:45:45
로보스타,00536523,090360,KOSDAQ,분기x별도,상단,DS-7,PASS,"badges seen: ['✅', '🔎']",,2026-07-07T22:45:45
로보스타,00536523,090360,KOSDAQ,분기x별도,재무제표,CV-3,PASS,rows=29 cols=63 slider_extended=True,,2026-07-07T22:45:45
로보스타,00536523,090360,KOSDAQ,분기x별도,재무제표,DS-2/DS-3,DONE,"cross-check completed for ['매출액', '영업이익']",,2026-07-07T22:45:45
로보스타,00536523,090360,KOSDAQ,분기x별도,지표,CV-6,PASS,default metric selection visible,,2026-07-07T22:45:45
로보티즈,00946030,108490,KOSDAQ,연간x연결,재무제표,DS-1,PASS,,,2026-07-07T22:45:59
로보티즈,00946030,108490,KOSDAQ,연간x연결,상단,DS-8,PASS,,,2026-07-07T22:45:59
로보티즈,00946030,108490,KOSDAQ,연간x연결,상단,DS-7,PASS,"badges seen: ['✅', '🔎']",,2026-07-07T22:45:59
로보티즈,00946030,108490,KOSDAQ,연간x연결,재무제표,CV-3,PASS,rows=29 cols=12 slider_extended=True,,2026-07-07T22:45:59
로보티즈,00946030,108490,KOSDAQ,연간x연결,재무제표,DS-2/DS-3,DONE,"cross-check completed for ['매출액', '영업이익']",,2026-07-07T22:45:59
로보티즈,00946030,108490,KOSDAQ,연간x연결,지표,CV-6,PASS,default metric selection visible,,2026-07-07T22:45:59
로보티즈,00946030,108490,KOSDAQ,연간x별도,재무제표,DS-1,PASS,,,2026-07-07T22:46:04
로보티즈,00946030,108490,KOSDAQ,연간x별도,상단,DS-8,PASS,,,2026-07-07T22:46:04
로보티즈,00946030,108490,KOSDAQ,연간x별도,상단,DS-7,PASS,"badges seen: ['✅', '🔎']",,2026-07-07T22:46:04
로보티즈,00946030,108490,KOSDAQ,연간x별도,재무제표,CV-3,PASS,rows=29 cols=12 slider_extended=True,,2026-07-07T22:46:04
로보티즈,00946030,108490,KOSDAQ,연간x별도,재무제표,DS-2/DS-3,DONE,"cross-check completed for ['매출액', '영업이익']",,2026-07-07T22:46:04
로보티즈,00946030,108490,KOSDAQ,연간x별도,지표,CV-6,PASS,default metric selection visible,,2026-07-07T22:46:04
로보티즈,00946030,108490,KOSDAQ,분기x연결,재무제표,DS-1,PASS,,,2026-07-07T22:46:10
로보티즈,00946030,108490,KOSDAQ,분기x연결,상단,DS-8,PASS,,,2026-07-07T22:46:10
로보티즈,00946030,108490,KOSDAQ,분기x연결,상단,DS-7,PASS,"badges seen: ['✅', '🔎']",,2026-07-07T22:46:10
로보티즈,00946030,108490,KOSDAQ,분기x연결,재무제표,CV-3,PASS,rows=29 cols=36 slider_extended=True,,2026-07-07T22:46:10
로보티즈,00946030,108490,KOSDAQ,분기x연결,재무제표,DS-2/DS-3,DONE,"cross-check completed for ['매출액', '영업이익']",,2026-07-07T22:46:10
로보티즈,00946030,108490,KOSDAQ,분기x연결,지표,CV-6,PASS,default metric selection visible,,2026-07-07T22:46:10
로보티즈,00946030,108490,KOSDAQ,분기x별도,재무제표,DS-1,PASS,,,2026-07-07T22:46:17
로보티즈,00946030,108490,KOSDAQ,분기x별도,상단,DS-8,PASS,,,2026-07-07T22:46:17
로보티즈,00946030,108490,KOSDAQ,분기x별도,상단,DS-7,PASS,"badges seen: ['✅', '🔎']",,2026-07-07T22:46:17
로보티즈,00946030,108490,KOSDAQ,분기x별도,재무제표,CV-3,PASS,rows=29 cols=36 slider_extended=True,,2026-07-07T22:46:17
로보티즈,00946030,108490,KOSDAQ,분기x별도,재무제표,DS-2/DS-3,DONE,"cross-check completed for ['매출액', '영업이익']",,2026-07-07T22:46:17
로보티즈,00946030,108490,KOSDAQ,분기x별도,지표,CV-6,PASS,default metric selection visible,,2026-07-07T22:46:17
로스웰,01139266,900260,KOSDAQ,연간x연결,재무제표,DS-1,PASS,,,2026-07-07T22:46:31
로스웰,01139266,900260,KOSDAQ,연간x연결,상단,DS-8,PASS,,,2026-07-07T22:46:31
로스웰,01139266,900260,KOSDAQ,연간x연결,상단,DS-7,PASS,"badges seen: ['✅', '🔎', '⚠']",,2026-07-07T22:46:31
로스웰,01139266,900260,KOSDAQ,연간x연결,재무제표,CV-3,PASS,rows=29 cols=14 slider_extended=True,,2026-07-07T22:46:31
로스웰,01139266,900260,KOSDAQ,연간x연결,재무제표,DS-2/DS-3,DONE,"cross-check completed for ['매출액', '영업이익']",,2026-07-07T22:46:31
로스웰,01139266,900260,KOSDAQ,연간x연결,지표,CV-6,PASS,default metric selection visible,,2026-07-07T22:46:31
로스웰,01139266,900260,KOSDAQ,연간x별도,재무제표,DS-1,PASS,,,2026-07-07T22:46:36
로스웰,01139266,900260,KOSDAQ,연간x별도,상단,DS-8,PASS,,,2026-07-07T22:46:36
로스웰,01139266,900260,KOSDAQ,연간x별도,상단,DS-7,PASS,"badges seen: ['✅', '🔎']",,2026-07-07T22:46:36
로스웰,01139266,900260,KOSDAQ,연간x별도,재무제표,CV-3,PASS,rows=29 cols=4 slider_extended=True,,2026-07-07T22:46:36
로스웰,01139266,900260,KOSDAQ,연간x별도,재무제표,DS-2/DS-3,DONE,"cross-check completed for ['매출액', '영업이익']",,2026-07-07T22:46:36
로스웰,01139266,900260,KOSDAQ,연간x별도,지표,CV-6,PASS,default metric selection visible,,2026-07-07T22:46:36
로스웰,01139266,900260,KOSDAQ,분기x연결,재무제표,DS-1,PASS,,,2026-07-07T22:46:42
로스웰,01139266,900260,KOSDAQ,분기x연결,상단,DS-8,PASS,,,2026-07-07T22:46:42
로스웰,01139266,900260,KOSDAQ,분기x연결,상단,DS-7,PASS,"badges seen: ['✅', '🔎']",,2026-07-07T22:46:42
로스웰,01139266,900260,KOSDAQ,분기x연결,재무제표,CV-3,PASS,rows=29 cols=49 slider_extended=True,,2026-07-07T22:46:42
로스웰,01139266,900260,KOSDAQ,분기x연결,재무제표,DS-2/DS-3,DONE,"cross-check completed for ['매출액', '영업이익']",,2026-07-07T22:46:42
로스웰,01139266,900260,KOSDAQ,분기x연결,지표,CV-6,PASS,default metric selection visible,,2026-07-07T22:46:42
로스웰,01139266,900260,KOSDAQ,분기x별도,재무제표,DS-1,PASS,,,2026-07-07T22:46:49
로스웰,01139266,900260,KOSDAQ,분기x별도,상단,DS-8,PASS,,,2026-07-07T22:46:49
로스웰,01139266,900260,KOSDAQ,분기x별도,상단,DS-4,PASS,substitution caption present,,2026-07-07T22:46:49
로스웰,01139266,900260,KOSDAQ,분기x별도,상단,DS-7,PASS,"badges seen: ['✅', '🔎']",,2026-07-07T22:46:49
로스웰,01139266,900260,KOSDAQ,분기x별도,재무제표,CV-3,PASS,rows=29 cols=49 slider_extended=True,,2026-07-07T22:46:49
로스웰,01139266,900260,KOSDAQ,분기x별도,재무제표,DS-2/DS-3,DONE,"cross-check completed for ['매출액', '영업이익']",,2026-07-07T22:46:49
로스웰,01139266,900260,KOSDAQ,분기x별도,지표,CV-6,PASS,default metric selection visible,,2026-07-07T22:46:49
로젠,00155948,033290,KOSDAQ,연간x연결,재무제표,DS-1,PASS,,,2026-07-07T22:47:03
로젠,00155948,033290,KOSDAQ,연간x연결,상단,DS-8,PASS,,,2026-07-07T22:47:03
로젠,00155948,033290,KOSDAQ,연간x연결,상단,DS-7,PASS,"badges seen: ['✅', '🔎', '⚠']",,2026-07-07T22:47:03
로젠,00155948,033290,KOSDAQ,연간x연결,재무제표,CV-3,PASS,rows=29 cols=22 slider_extended=True,,2026-07-07T22:47:03
로젠,00155948,033290,KOSDAQ,연간x연결,재무제표,DS-2/DS-3,DONE,"cross-check completed for ['매출액', '영업이익']",,2026-07-07T22:47:03
로젠,00155948,033290,KOSDAQ,연간x연결,지표,CV-6,PASS,default metric selection visible,,2026-07-07T22:47:03
로젠,00155948,033290,KOSDAQ,연간x별도,재무제표,DS-1,PASS,,,2026-07-07T22:47:08
로젠,00155948,033290,KOSDAQ,연간x별도,상단,DS-8,PASS,,,2026-07-07T22:47:08
로젠,00155948,033290,KOSDAQ,연간x별도,상단,DS-7,PASS,"badges seen: ['✅', '🔎', '⚠']",,2026-07-07T22:47:08
로젠,00155948,033290,KOSDAQ,연간x별도,재무제표,CV-3,PASS,rows=29 cols=24 slider_extended=True,,2026-07-07T22:47:08
로젠,00155948,033290,KOSDAQ,연간x별도,재무제표,DS-2/DS-3,DONE,"cross-check completed for ['매출액', '영업이익']",,2026-07-07T22:47:08
로젠,00155948,033290,KOSDAQ,연간x별도,지표,CV-6,PASS,default metric selection visible,,2026-07-07T22:47:08
로젠,00155948,033290,KOSDAQ,분기x연결,재무제표,DS-1,PASS,,,2026-07-07T22:47:15
로젠,00155948,033290,KOSDAQ,분기x연결,상단,DS-8,PASS,,,2026-07-07T22:47:15
로젠,00155948,033290,KOSDAQ,분기x연결,상단,DS-7,PASS,"badges seen: ['✅', '🔎', '⚠']",,2026-07-07T22:47:15
로젠,00155948,033290,KOSDAQ,분기x연결,재무제표,CV-3,PASS,rows=29 cols=71 slider_extended=True,,2026-07-07T22:47:15
로젠,00155948,033290,KOSDAQ,분기x연결,재무제표,DS-2/DS-3,DONE,"cross-check completed for ['매출액', '영업이익']",,2026-07-07T22:47:15
로젠,00155948,033290,KOSDAQ,분기x연결,지표,CV-6,PASS,default metric selection visible,,2026-07-07T22:47:15
로젠,00155948,033290,KOSDAQ,분기x별도,재무제표,DS-1,PASS,,,2026-07-07T22:47:22
로젠,00155948,033290,KOSDAQ,분기x별도,상단,DS-8,PASS,,,2026-07-07T22:47:22
로젠,00155948,033290,KOSDAQ,분기x별도,상단,DS-7,PASS,"badges seen: ['✅', '🔎', '⚠']",,2026-07-07T22:47:22
로젠,00155948,033290,KOSDAQ,분기x별도,재무제표,CV-3,PASS,rows=29 cols=84 slider_extended=True,,2026-07-07T22:47:22
로젠,00155948,033290,KOSDAQ,분기x별도,재무제표,DS-2/DS-3,DONE,"cross-check completed for ['매출액', '영업이익']",,2026-07-07T22:47:22
로젠,00155948,033290,KOSDAQ,분기x별도,지표,CV-6,PASS,default metric selection visible,,2026-07-07T22:47:22
로지시스,00238199,067730,KOSDAQ,연간x연결,재무제표,DS-1,PASS,,,2026-07-07T22:47:36
로지시스,00238199,067730,KOSDAQ,연간x연결,상단,DS-8,PASS,,,2026-07-07T22:47:36
로지시스,00238199,067730,KOSDAQ,연간x연결,상단,DS-4,PASS,substitution caption present,,2026-07-07T22:47:36
로지시스,00238199,067730,KOSDAQ,연간x연결,상단,DS-7,PASS,"badges seen: ['✅', '🔎', '⚠']",,2026-07-07T22:47:36
로지시스,00238199,067730,KOSDAQ,연간x연결,재무제표,CV-3,PASS,rows=29 cols=15 slider_extended=True,,2026-07-07T22:47:36
로지시스,00238199,067730,KOSDAQ,연간x연결,재무제표,DS-2/DS-3,DONE,"cross-check completed for ['매출액', '영업이익']",,2026-07-07T22:47:36
로지시스,00238199,067730,KOSDAQ,연간x연결,지표,CV-6,PASS,default metric selection visible,,2026-07-07T22:47:36
로지시스,00238199,067730,KOSDAQ,연간x별도,재무제표,DS-1,PASS,,,2026-07-07T22:47:41
로지시스,00238199,067730,KOSDAQ,연간x별도,상단,DS-8,PASS,,,2026-07-07T22:47:41
로지시스,00238199,067730,KOSDAQ,연간x별도,상단,DS-7,PASS,"badges seen: ['✅', '🔎', '⚠']",,2026-07-07T22:47:41
로지시스,00238199,067730,KOSDAQ,연간x별도,재무제표,CV-3,PASS,rows=29 cols=15 slider_extended=True,,2026-07-07T22:47:41
로지시스,00238199,067730,KOSDAQ,연간x별도,재무제표,DS-2/DS-3,DONE,"cross-check completed for ['매출액', '영업이익']",,2026-07-07T22:47:41
로지시스,00238199,067730,KOSDAQ,연간x별도,지표,CV-6,PASS,default metric selection visible,,2026-07-07T22:47:41
로지시스,00238199,067730,KOSDAQ,분기x연결,재무제표,DS-1,PASS,,,2026-07-07T22:47:47
로지시스,00238199,067730,KOSDAQ,분기x연결,상단,DS-8,PASS,,,2026-07-07T22:47:47
로지시스,00238199,067730,KOSDAQ,분기x연결,상단,DS-4,PASS,substitution caption present,,2026-07-07T22:47:47
로지시스,00238199,067730,KOSDAQ,분기x연결,상단,DS-7,PASS,"badges seen: ['✅', '🔎']",,2026-07-07T22:47:47
로지시스,00238199,067730,KOSDAQ,분기x연결,재무제표,CV-3,PASS,rows=29 cols=51 slider_extended=True,,2026-07-07T22:47:47
로지시스,00238199,067730,KOSDAQ,분기x연결,재무제표,DS-2/DS-3,DONE,"cross-check completed for ['매출액', '영업이익']",,2026-07-07T22:47:47
로지시스,00238199,067730,KOSDAQ,분기x연결,지표,CV-6,PASS,default metric selection visible,,2026-07-07T22:47:47
로지시스,00238199,067730,KOSDAQ,분기x별도,재무제표,DS-1,PASS,,,2026-07-07T22:47:55
로지시스,00238199,067730,KOSDAQ,분기x별도,상단,DS-8,PASS,,,2026-07-07T22:47:55
로지시스,00238199,067730,KOSDAQ,분기x별도,상단,DS-7,PASS,"badges seen: ['✅', '🔎']",,2026-07-07T22:47:55
로지시스,00238199,067730,KOSDAQ,분기x별도,재무제표,CV-3,PASS,rows=29 cols=51 slider_extended=True,,2026-07-07T22:47:55
로지시스,00238199,067730,KOSDAQ,분기x별도,재무제표,DS-2/DS-3,DONE,"cross-check completed for ['매출액', '영업이익']",,2026-07-07T22:47:55
로지시스,00238199,067730,KOSDAQ,분기x별도,지표,CV-6,FAIL,default metrics not found,,2026-07-07T22:47:55
로체시스템즈,00363486,071280,KOSDAQ,연간x연결,재무제표,DS-1,PASS,,,2026-07-07T22:48:09
로체시스템즈,00363486,071280,KOSDAQ,연간x연결,상단,DS-8,PASS,,,2026-07-07T22:48:09
로체시스템즈,00363486,071280,KOSDAQ,연간x연결,상단,DS-7,PASS,"badges seen: ['✅', '🔎', '⚠']",,2026-07-07T22:48:09
로체시스템즈,00363486,071280,KOSDAQ,연간x연결,재무제표,CV-3,PASS,rows=29 cols=13 slider_extended=True,,2026-07-07T22:48:09
로체시스템즈,00363486,071280,KOSDAQ,연간x연결,재무제표,DS-2/DS-3,DONE,"cross-check completed for ['매출액', '영업이익']",,2026-07-07T22:48:09
로체시스템즈,00363486,071280,KOSDAQ,연간x연결,지표,CV-6,PASS,default metric selection visible,,2026-07-07T22:48:09
로체시스템즈,00363486,071280,KOSDAQ,연간x별도,재무제표,DS-1,PASS,,,2026-07-07T22:48:14
로체시스템즈,00363486,071280,KOSDAQ,연간x별도,상단,DS-8,PASS,,,2026-07-07T22:48:14
로체시스템즈,00363486,071280,KOSDAQ,연간x별도,상단,DS-7,PASS,"badges seen: ['✅', '🔎', '⚠']",,2026-07-07T22:48:14
로체시스템즈,00363486,071280,KOSDAQ,연간x별도,재무제표,CV-3,PASS,rows=29 cols=27 slider_extended=True,,2026-07-07T22:48:14
로체시스템즈,00363486,071280,KOSDAQ,연간x별도,재무제표,DS-2/DS-3,DONE,"cross-check completed for ['매출액', '영업이익']",,2026-07-07T22:48:14
로체시스템즈,00363486,071280,KOSDAQ,연간x별도,지표,CV-6,PASS,default metric selection visible,,2026-07-07T22:48:14
로체시스템즈,00363486,071280,KOSDAQ,분기x연결,재무제표,DS-1,PASS,,,2026-07-07T22:48:20
로체시스템즈,00363486,071280,KOSDAQ,분기x연결,상단,DS-8,PASS,,,2026-07-07T22:48:20
로체시스템즈,00363486,071280,KOSDAQ,분기x연결,상단,DS-7,PASS,"badges seen: ['✅', '🔎']",,2026-07-07T22:48:20
로체시스템즈,00363486,071280,KOSDAQ,분기x연결,재무제표,CV-3,PASS,rows=29 cols=40 slider_extended=True,,2026-07-07T22:48:20
로체시스템즈,00363486,071280,KOSDAQ,분기x연결,재무제표,DS-2/DS-3,DONE,"cross-check completed for ['매출액', '영업이익']",,2026-07-07T22:48:20
로체시스템즈,00363486,071280,KOSDAQ,분기x연결,지표,CV-6,PASS,default metric selection visible,,2026-07-07T22:48:20
로체시스템즈,00363486,071280,KOSDAQ,분기x별도,재무제표,DS-1,PASS,,,2026-07-07T22:48:27
로체시스템즈,00363486,071280,KOSDAQ,분기x별도,상단,DS-8,PASS,,,2026-07-07T22:48:27
로체시스템즈,00363486,071280,KOSDAQ,분기x별도,상단,DS-7,PASS,"badges seen: ['✅', '🔎']",,2026-07-07T22:48:27
로체시스템즈,00363486,071280,KOSDAQ,분기x별도,재무제표,CV-3,PASS,rows=29 cols=85 slider_extended=True,,2026-07-07T22:48:27
로체시스템즈,00363486,071280,KOSDAQ,분기x별도,재무제표,DS-2/DS-3,DONE,"cross-check completed for ['매출액', '영업이익']",,2026-07-07T22:48:27
로체시스템즈,00363486,071280,KOSDAQ,분기x별도,지표,CV-6,PASS,default metric selection visible,,2026-07-07T22:48:27
로킷헬스케어,01335143,376900,KOSDAQ,연간x연결,재무제표,DS-1,PASS,,,2026-07-07T22:48:41
로킷헬스케어,01335143,376900,KOSDAQ,연간x연결,상단,DS-8,PASS,,,2026-07-07T22:48:41
로킷헬스케어,01335143,376900,KOSDAQ,연간x연결,상단,DS-7,PASS,"badges seen: ['✅', '🔎']",,2026-07-07T22:48:41
로킷헬스케어,01335143,376900,KOSDAQ,연간x연결,재무제표,CV-3,PASS,rows=29 cols=10 slider_extended=True,,2026-07-07T22:48:41
로킷헬스케어,01335143,376900,KOSDAQ,연간x연결,재무제표,DS-2/DS-3,DONE,"cross-check completed for ['매출액', '영업이익']",,2026-07-07T22:48:41
로킷헬스케어,01335143,376900,KOSDAQ,연간x연결,지표,CV-6,PASS,default metric selection visible,,2026-07-07T22:48:41
로킷헬스케어,01335143,376900,KOSDAQ,연간x별도,재무제표,DS-1,PASS,,,2026-07-07T22:48:46
로킷헬스케어,01335143,376900,KOSDAQ,연간x별도,상단,DS-8,PASS,,,2026-07-07T22:48:46
로킷헬스케어,01335143,376900,KOSDAQ,연간x별도,상단,DS-7,PASS,"badges seen: ['✅', '🔎']",,2026-07-07T22:48:46
로킷헬스케어,01335143,376900,KOSDAQ,연간x별도,재무제표,CV-3,PASS,rows=29 cols=10 slider_extended=True,,2026-07-07T22:48:46
로킷헬스케어,01335143,376900,KOSDAQ,연간x별도,재무제표,DS-2/DS-3,DONE,"cross-check completed for ['매출액', '영업이익']",,2026-07-07T22:48:46
로킷헬스케어,01335143,376900,KOSDAQ,연간x별도,지표,CV-6,PASS,default metric selection visible,,2026-07-07T22:48:46
로킷헬스케어,01335143,376900,KOSDAQ,분기x연결,재무제표,DS-1,PASS,,,2026-07-07T22:48:52
로킷헬스케어,01335143,376900,KOSDAQ,분기x연결,상단,DS-8,PASS,,,2026-07-07T22:48:52
로킷헬스케어,01335143,376900,KOSDAQ,분기x연결,상단,DS-7,PASS,"badges seen: ['✅', '🔎']",,2026-07-07T22:48:52
로킷헬스케어,01335143,376900,KOSDAQ,분기x연결,재무제표,CV-3,PASS,rows=29 cols=30 slider_extended=True,,2026-07-07T22:48:52
로킷헬스케어,01335143,376900,KOSDAQ,분기x연결,재무제표,DS-2/DS-3,DONE,"cross-check completed for ['매출액', '영업이익']",,2026-07-07T22:48:52
로킷헬스케어,01335143,376900,KOSDAQ,분기x연결,지표,CV-6,PASS,default metric selection visible,,2026-07-07T22:48:52
로킷헬스케어,01335143,376900,KOSDAQ,분기x별도,재무제표,DS-1,PASS,,,2026-07-07T22:49:00
로킷헬스케어,01335143,376900,KOSDAQ,분기x별도,상단,DS-8,PASS,,,2026-07-07T22:49:00
로킷헬스케어,01335143,376900,KOSDAQ,분기x별도,상단,DS-7,PASS,"badges seen: ['✅', '🔎']",,2026-07-07T22:49:00
로킷헬스케어,01335143,376900,KOSDAQ,분기x별도,재무제표,CV-3,PASS,rows=29 cols=14 slider_extended=True,,2026-07-07T22:49:00
로킷헬스케어,01335143,376900,KOSDAQ,분기x별도,재무제표,DS-2/DS-3,DONE,"cross-check completed for ['매출액', '영업이익']",,2026-07-07T22:49:00
로킷헬스케어,01335143,376900,KOSDAQ,분기x별도,지표,CV-6,PASS,default metric selection visible,,2026-07-07T22:49:00
롤링스톤,01049167,214610,KOSDAQ,연간x연결,재무제표,DS-1,PASS,,,2026-07-07T22:49:13
롤링스톤,01049167,214610,KOSDAQ,연간x연결,상단,DS-8,PASS,,,2026-07-07T22:49:13
롤링스톤,01049167,214610,KOSDAQ,연간x연결,상단,DS-7,PASS,"badges seen: ['✅', '🔎', '⚠']",,2026-07-07T22:49:13
롤링스톤,01049167,214610,KOSDAQ,연간x연결,재무제표,CV-3,PASS,rows=29 cols=11 slider_extended=True,,2026-07-07T22:49:13
롤링스톤,01049167,214610,KOSDAQ,연간x연결,재무제표,DS-2/DS-3,DONE,"cross-check completed for ['매출액', '영업이익']",,2026-07-07T22:49:13
롤링스톤,01049167,214610,KOSDAQ,연간x연결,지표,CV-6,PASS,default metric selection visible,,2026-07-07T22:49:13
롤링스톤,01049167,214610,KOSDAQ,연간x별도,재무제표,DS-1,PASS,,,2026-07-07T22:49:19
롤링스톤,01049167,214610,KOSDAQ,연간x별도,상단,DS-8,PASS,,,2026-07-07T22:49:19
롤링스톤,01049167,214610,KOSDAQ,연간x별도,상단,DS-7,PASS,"badges seen: ['✅', '🔎', '⚠']",,2026-07-07T22:49:19
롤링스톤,01049167,214610,KOSDAQ,연간x별도,재무제표,CV-3,PASS,rows=29 cols=15 slider_extended=True,,2026-07-07T22:49:19
롤링스톤,01049167,214610,KOSDAQ,연간x별도,재무제표,DS-2/DS-3,DONE,"cross-check completed for ['매출액', '영업이익']",,2026-07-07T22:49:19
롤링스톤,01049167,214610,KOSDAQ,연간x별도,지표,CV-6,PASS,default metric selection visible,,2026-07-07T22:49:19
롤링스톤,01049167,214610,KOSDAQ,분기x연결,재무제표,DS-1,PASS,,,2026-07-07T22:49:25
롤링스톤,01049167,214610,KOSDAQ,분기x연결,상단,DS-8,PASS,,,2026-07-07T22:49:25
롤링스톤,01049167,214610,KOSDAQ,분기x연결,상단,DS-7,PASS,"badges seen: ['✅', '🔎', '⚠']",,2026-07-07T22:49:25
롤링스톤,01049167,214610,KOSDAQ,분기x연결,재무제표,CV-3,PASS,rows=29 cols=26 slider_extended=True,,2026-07-07T22:49:25
롤링스톤,01049167,214610,KOSDAQ,분기x연결,재무제표,DS-2/DS-3,DONE,"cross-check completed for ['매출액', '영업이익']",,2026-07-07T22:49:25
롤링스톤,01049167,214610,KOSDAQ,분기x연결,지표,CV-6,PASS,default metric selection visible,,2026-07-07T22:49:25
롤링스톤,01049167,214610,KOSDAQ,분기x별도,재무제표,DS-1,PASS,,,2026-07-07T22:49:32
롤링스톤,01049167,214610,KOSDAQ,분기x별도,상단,DS-8,PASS,,,2026-07-07T22:49:32
롤링스톤,01049167,214610,KOSDAQ,분기x별도,상단,DS-7,PASS,"badges seen: ['✅', '🔎', '⚠']",,2026-07-07T22:49:32
롤링스톤,01049167,214610,KOSDAQ,분기x별도,재무제표,CV-3,PASS,rows=29 cols=28 slider_extended=True,,2026-07-07T22:49:32
롤링스톤,01049167,214610,KOSDAQ,분기x별도,재무제표,DS-2/DS-3,DONE,"cross-check completed for ['매출액', '영업이익']",,2026-07-07T22:49:32
롤링스톤,01049167,214610,KOSDAQ,분기x별도,지표,CV-6,PASS,default metric selection visible,,2026-07-07T22:49:32
루닛,01397620,328130,KOSDAQ,연간x연결,재무제표,DS-1,PASS,,,2026-07-07T22:49:46
루닛,01397620,328130,KOSDAQ,연간x연결,상단,DS-8,PASS,,,2026-07-07T22:49:46
루닛,01397620,328130,KOSDAQ,연간x연결,상단,DS-7,PASS,"badges seen: ['✅', '🔎', '⚠']",,2026-07-07T22:49:46
루닛,01397620,328130,KOSDAQ,연간x연결,재무제표,CV-3,PASS,rows=29 cols=9 slider_extended=True,,2026-07-07T22:49:46
루닛,01397620,328130,KOSDAQ,연간x연결,재무제표,DS-2/DS-3,DONE,"cross-check completed for ['매출액', '영업이익']",,2026-07-07T22:49:46
루닛,01397620,328130,KOSDAQ,연간x연결,지표,CV-6,PASS,default metric selection visible,,2026-07-07T22:49:46
루닛,01397620,328130,KOSDAQ,연간x별도,재무제표,DS-1,PASS,,,2026-07-07T22:49:51
루닛,01397620,328130,KOSDAQ,연간x별도,상단,DS-8,PASS,,,2026-07-07T22:49:51
루닛,01397620,328130,KOSDAQ,연간x별도,상단,DS-7,PASS,"badges seen: ['✅', '🔎', '⚠']",,2026-07-07T22:49:51
루닛,01397620,328130,KOSDAQ,연간x별도,재무제표,CV-3,PASS,rows=29 cols=9 slider_extended=True,,2026-07-07T22:49:51
루닛,01397620,328130,KOSDAQ,연간x별도,재무제표,DS-2/DS-3,DONE,"cross-check completed for ['매출액', '영업이익']",,2026-07-07T22:49:51
루닛,01397620,328130,KOSDAQ,연간x별도,지표,CV-6,PASS,default metric selection visible,,2026-07-07T22:49:51
루닛,01397620,328130,KOSDAQ,분기x연결,재무제표,DS-1,PASS,,,2026-07-07T22:49:57
루닛,01397620,328130,KOSDAQ,분기x연결,상단,DS-8,PASS,,,2026-07-07T22:49:57
루닛,01397620,328130,KOSDAQ,분기x연결,상단,DS-7,PASS,"badges seen: ['✅', '🔎', '⚠']",,2026-07-07T22:49:57
루닛,01397620,328130,KOSDAQ,분기x연결,재무제표,CV-3,PASS,rows=29 cols=24 slider_extended=True,,2026-07-07T22:49:57
루닛,01397620,328130,KOSDAQ,분기x연결,재무제표,DS-2/DS-3,DONE,"cross-check completed for ['매출액', '영업이익']",,2026-07-07T22:49:57
루닛,01397620,328130,KOSDAQ,분기x연결,지표,CV-6,PASS,default metric selection visible,,2026-07-07T22:49:57
루닛,01397620,328130,KOSDAQ,분기x별도,재무제표,DS-1,PASS,,,2026-07-07T22:50:04
루닛,01397620,328130,KOSDAQ,분기x별도,상단,DS-8,PASS,,,2026-07-07T22:50:04
루닛,01397620,328130,KOSDAQ,분기x별도,상단,DS-7,PASS,"badges seen: ['✅', '🔎', '⚠']",,2026-07-07T22:50:04
루닛,01397620,328130,KOSDAQ,분기x별도,재무제표,CV-3,PASS,rows=29 cols=24 slider_extended=True,,2026-07-07T22:50:04
루닛,01397620,328130,KOSDAQ,분기x별도,재무제표,DS-2/DS-3,DONE,"cross-check completed for ['매출액', '영업이익']",,2026-07-07T22:50:04
루닛,01397620,328130,KOSDAQ,분기x별도,지표,CV-6,PASS,default metric selection visible,,2026-07-07T22:50:04
루멘스,00406329,038060,KOSDAQ,연간x연결,재무제표,DS-1,PASS,,,2026-07-07T22:50:18
루멘스,00406329,038060,KOSDAQ,연간x연결,상단,DS-8,PASS,,,2026-07-07T22:50:18
루멘스,00406329,038060,KOSDAQ,연간x연결,상단,DS-7,PASS,"badges seen: ['✅', '🔎']",,2026-07-07T22:50:18
루멘스,00406329,038060,KOSDAQ,연간x연결,재무제표,CV-3,PASS,rows=29 cols=19 slider_extended=True,,2026-07-07T22:50:18
루멘스,00406329,038060,KOSDAQ,연간x연결,재무제표,DS-2/DS-3,DONE,"cross-check completed for ['매출액', '영업이익']",,2026-07-07T22:50:18
루멘스,00406329,038060,KOSDAQ,연간x연결,지표,CV-6,PASS,default metric selection visible,,2026-07-07T22:50:18
루멘스,00406329,038060,KOSDAQ,연간x별도,재무제표,DS-1,PASS,,,2026-07-07T22:50:23
루멘스,00406329,038060,KOSDAQ,연간x별도,상단,DS-8,PASS,,,2026-07-07T22:50:23
루멘스,00406329,038060,KOSDAQ,연간x별도,상단,DS-7,PASS,"badges seen: ['✅', '🔎']",,2026-07-07T22:50:23
루멘스,00406329,038060,KOSDAQ,연간x별도,재무제표,CV-3,PASS,rows=29 cols=24 slider_extended=True,,2026-07-07T22:50:23
루멘스,00406329,038060,KOSDAQ,연간x별도,재무제표,DS-2/DS-3,DONE,"cross-check completed for ['매출액', '영업이익']",,2026-07-07T22:50:23
루멘스,00406329,038060,KOSDAQ,연간x별도,지표,CV-6,PASS,default metric selection visible,,2026-07-07T22:50:23
루멘스,00406329,038060,KOSDAQ,분기x연결,재무제표,DS-1,PASS,,,2026-07-07T22:50:29
루멘스,00406329,038060,KOSDAQ,분기x연결,상단,DS-8,PASS,,,2026-07-07T22:50:29
루멘스,00406329,038060,KOSDAQ,분기x연결,상단,DS-7,PASS,"badges seen: ['✅', '🔎']",,2026-07-07T22:50:29
루멘스,00406329,038060,KOSDAQ,분기x연결,재무제표,CV-3,PASS,rows=29 cols=60 slider_extended=True,,2026-07-07T22:50:29
루멘스,00406329,038060,KOSDAQ,분기x연결,재무제표,DS-2/DS-3,DONE,"cross-check completed for ['매출액', '영업이익']",,2026-07-07T22:50:29
루멘스,00406329,038060,KOSDAQ,분기x연결,지표,CV-6,PASS,default metric selection visible,,2026-07-07T22:50:29
루멘스,00406329,038060,KOSDAQ,분기x별도,재무제표,DS-1,PASS,,,2026-07-07T22:50:37
루멘스,00406329,038060,KOSDAQ,분기x별도,상단,DS-8,PASS,,,2026-07-07T22:50:37
루멘스,00406329,038060,KOSDAQ,분기x별도,상단,DS-7,PASS,"badges seen: ['✅', '🔎']",,2026-07-07T22:50:37
루멘스,00406329,038060,KOSDAQ,분기x별도,재무제표,CV-3,PASS,rows=29 cols=78 slider_extended=True,,2026-07-07T22:50:37
루멘스,00406329,038060,KOSDAQ,분기x별도,재무제표,DS-2/DS-3,DONE,"cross-check completed for ['매출액', '영업이익']",,2026-07-07T22:50:37
루멘스,00406329,038060,KOSDAQ,분기x별도,지표,CV-6,PASS,default metric selection visible,,2026-07-07T22:50:37
루미르,01636565,474170,KOSDAQ,연간x연결,재무제표,DS-1,PASS,,,2026-07-07T22:50:51
루미르,01636565,474170,KOSDAQ,연간x연결,상단,DS-8,PASS,,,2026-07-07T22:50:51
루미르,01636565,474170,KOSDAQ,연간x연결,상단,DS-4,PASS,substitution caption present,,2026-07-07T22:50:51
루미르,01636565,474170,KOSDAQ,연간x연결,상단,DS-7,PASS,"badges seen: ['✅', '🔎']",,2026-07-07T22:50:51
루미르,01636565,474170,KOSDAQ,연간x연결,재무제표,CV-3,PASS,rows=29 cols=6 slider_extended=True,,2026-07-07T22:50:51
루미르,01636565,474170,KOSDAQ,연간x연결,재무제표,DS-2/DS-3,DONE,"cross-check completed for ['매출액', '영업이익']",,2026-07-07T22:50:51
루미르,01636565,474170,KOSDAQ,연간x연결,지표,CV-6,PASS,default metric selection visible,,2026-07-07T22:50:51
루미르,01636565,474170,KOSDAQ,연간x별도,재무제표,DS-1,PASS,,,2026-07-07T22:50:56
루미르,01636565,474170,KOSDAQ,연간x별도,상단,DS-8,PASS,,,2026-07-07T22:50:56
루미르,01636565,474170,KOSDAQ,연간x별도,상단,DS-7,PASS,"badges seen: ['✅', '🔎']",,2026-07-07T22:50:56
루미르,01636565,474170,KOSDAQ,연간x별도,재무제표,CV-3,PASS,rows=29 cols=6 slider_extended=True,,2026-07-07T22:50:56
루미르,01636565,474170,KOSDAQ,연간x별도,재무제표,DS-2/DS-3,DONE,"cross-check completed for ['매출액', '영업이익']",,2026-07-07T22:50:56
루미르,01636565,474170,KOSDAQ,연간x별도,지표,CV-6,PASS,default metric selection visible,,2026-07-07T22:50:56
루미르,01636565,474170,KOSDAQ,분기x연결,재무제표,DS-1,PASS,,,2026-07-07T22:51:02
루미르,01636565,474170,KOSDAQ,분기x연결,상단,DS-8,PASS,,,2026-07-07T22:51:02
루미르,01636565,474170,KOSDAQ,분기x연결,상단,DS-4,PASS,substitution caption present,,2026-07-07T22:51:02
루미르,01636565,474170,KOSDAQ,분기x연결,상단,DS-7,PASS,"badges seen: ['✅', '🔎']",,2026-07-07T22:51:02
루미르,01636565,474170,KOSDAQ,분기x연결,재무제표,CV-3,PASS,rows=29 cols=11 slider_extended=True,,2026-07-07T22:51:02
루미르,01636565,474170,KOSDAQ,분기x연결,재무제표,DS-2/DS-3,DONE,"cross-check completed for ['매출액', '영업이익']",,2026-07-07T22:51:02
루미르,01636565,474170,KOSDAQ,분기x연결,지표,CV-6,FAIL,default metrics not found,,2026-07-07T22:51:02
루미르,01636565,474170,KOSDAQ,분기x별도,재무제표,DS-1,PASS,,,2026-07-07T22:51:09
루미르,01636565,474170,KOSDAQ,분기x별도,상단,DS-8,PASS,,,2026-07-07T22:51:09
루미르,01636565,474170,KOSDAQ,분기x별도,상단,DS-7,PASS,"badges seen: ['✅', '🔎']",,2026-07-07T22:51:09
루미르,01636565,474170,KOSDAQ,분기x별도,재무제표,CV-3,PASS,rows=29 cols=11 slider_extended=True,,2026-07-07T22:51:09
루미르,01636565,474170,KOSDAQ,분기x별도,재무제표,DS-2/DS-3,DONE,"cross-check completed for ['매출액', '영업이익']",,2026-07-07T22:51:09
루미르,01636565,474170,KOSDAQ,분기x별도,지표,CV-6,PASS,default metric selection visible,,2026-07-07T22:51:09
리가켐바이오,00842619,141080,KOSDAQ,연간x연결,재무제표,DS-1,PASS,,,2026-07-07T22:51:23
리가켐바이오,00842619,141080,KOSDAQ,연간x연결,상단,DS-8,PASS,,,2026-07-07T22:51:23
리가켐바이오,00842619,141080,KOSDAQ,연간x연결,상단,DS-7,PASS,"badges seen: ['✅', '🔎']",,2026-07-07T22:51:23
리가켐바이오,00842619,141080,KOSDAQ,연간x연결,재무제표,CV-3,PASS,rows=29 cols=15 slider_extended=True,,2026-07-07T22:51:23
리가켐바이오,00842619,141080,KOSDAQ,연간x연결,재무제표,DS-2/DS-3,DONE,"cross-check completed for ['매출액', '영업이익']",,2026-07-07T22:51:23
리가켐바이오,00842619,141080,KOSDAQ,연간x연결,지표,CV-6,PASS,default metric selection visible,,2026-07-07T22:51:23
리가켐바이오,00842619,141080,KOSDAQ,연간x별도,재무제표,DS-1,PASS,,,2026-07-07T22:51:28
리가켐바이오,00842619,141080,KOSDAQ,연간x별도,상단,DS-8,PASS,,,2026-07-07T22:51:28
리가켐바이오,00842619,141080,KOSDAQ,연간x별도,상단,DS-7,PASS,"badges seen: ['✅', '🔎']",,2026-07-07T22:51:28
리가켐바이오,00842619,141080,KOSDAQ,연간x별도,재무제표,CV-3,PASS,rows=29 cols=17 slider_extended=True,,2026-07-07T22:51:28
리가켐바이오,00842619,141080,KOSDAQ,연간x별도,재무제표,DS-2/DS-3,DONE,"cross-check completed for ['매출액', '영업이익']",,2026-07-07T22:51:28
리가켐바이오,00842619,141080,KOSDAQ,연간x별도,지표,CV-6,PASS,default metric selection visible,,2026-07-07T22:51:28
리가켐바이오,00842619,141080,KOSDAQ,분기x연결,재무제표,DS-1,PASS,,,2026-07-07T22:51:34
리가켐바이오,00842619,141080,KOSDAQ,분기x연결,상단,DS-8,PASS,,,2026-07-07T22:51:34
리가켐바이오,00842619,141080,KOSDAQ,분기x연결,상단,DS-7,PASS,"badges seen: ['✅', '🔎']",,2026-07-07T22:51:34
리가켐바이오,00842619,141080,KOSDAQ,분기x연결,재무제표,CV-3,PASS,rows=29 cols=47 slider_extended=True,,2026-07-07T22:51:34
리가켐바이오,00842619,141080,KOSDAQ,분기x연결,재무제표,DS-2/DS-3,DONE,"cross-check completed for ['매출액', '영업이익']",,2026-07-07T22:51:34
리가켐바이오,00842619,141080,KOSDAQ,분기x연결,지표,CV-6,PASS,default metric selection visible,,2026-07-07T22:51:34
리가켐바이오,00842619,141080,KOSDAQ,분기x별도,재무제표,DS-1,PASS,,,2026-07-07T22:51:42
리가켐바이오,00842619,141080,KOSDAQ,분기x별도,상단,DS-8,PASS,,,2026-07-07T22:51:42
리가켐바이오,00842619,141080,KOSDAQ,분기x별도,상단,DS-7,PASS,"badges seen: ['✅', '🔎']",,2026-07-07T22:51:42
리가켐바이오,00842619,141080,KOSDAQ,분기x별도,재무제표,CV-3,PASS,rows=29 cols=58 slider_extended=True,,2026-07-07T22:51:42
리가켐바이오,00842619,141080,KOSDAQ,분기x별도,재무제표,DS-2/DS-3,DONE,"cross-check completed for ['매출액', '영업이익']",,2026-07-07T22:51:42
리가켐바이오,00842619,141080,KOSDAQ,분기x별도,지표,CV-6,PASS,default metric selection visible,,2026-07-07T22:51:42
리노공업,00369657,058470,KOSDAQ,연간x연결,재무제표,DS-1,PASS,,,2026-07-07T22:51:55
리노공업,00369657,058470,KOSDAQ,연간x연결,상단,DS-8,PASS,,,2026-07-07T22:51:55
리노공업,00369657,058470,KOSDAQ,연간x연결,상단,DS-4,PASS,substitution caption present,,2026-07-07T22:51:55
리노공업,00369657,058470,KOSDAQ,연간x연결,상단,DS-7,PASS,"badges seen: ['✅', '🔎']",,2026-07-07T22:51:55
리노공업,00369657,058470,KOSDAQ,연간x연결,재무제표,CV-3,PASS,rows=29 cols=28 slider_extended=True,,2026-07-07T22:51:55
리노공업,00369657,058470,KOSDAQ,연간x연결,재무제표,DS-2/DS-3,DONE,"cross-check completed for ['매출액', '영업이익']",,2026-07-07T22:51:55
리노공업,00369657,058470,KOSDAQ,연간x연결,지표,CV-6,PASS,default metric selection visible,,2026-07-07T22:51:55
리노공업,00369657,058470,KOSDAQ,연간x별도,재무제표,DS-1,PASS,,,2026-07-07T22:52:01
리노공업,00369657,058470,KOSDAQ,연간x별도,상단,DS-8,PASS,,,2026-07-07T22:52:01
리노공업,00369657,058470,KOSDAQ,연간x별도,상단,DS-7,PASS,"badges seen: ['✅', '🔎']",,2026-07-07T22:52:01
리노공업,00369657,058470,KOSDAQ,연간x별도,재무제표,CV-3,PASS,rows=29 cols=28 slider_extended=True,,2026-07-07T22:52:01
리노공업,00369657,058470,KOSDAQ,연간x별도,재무제표,DS-2/DS-3,DONE,"cross-check completed for ['매출액', '영업이익']",,2026-07-07T22:52:01
리노공업,00369657,058470,KOSDAQ,연간x별도,지표,CV-6,PASS,default metric selection visible,,2026-07-07T22:52:01
리노공업,00369657,058470,KOSDAQ,분기x연결,재무제표,DS-1,PASS,,,2026-07-07T22:52:07
리노공업,00369657,058470,KOSDAQ,분기x연결,상단,DS-8,PASS,,,2026-07-07T22:52:07
리노공업,00369657,058470,KOSDAQ,분기x연결,상단,DS-4,PASS,substitution caption present,,2026-07-07T22:52:07
리노공업,00369657,058470,KOSDAQ,분기x연결,상단,DS-7,PASS,"badges seen: ['✅', '🔎']",,2026-07-07T22:52:07
리노공업,00369657,058470,KOSDAQ,분기x연결,재무제표,CV-3,PASS,rows=29 cols=14 slider_extended=True,,2026-07-07T22:52:07
리노공업,00369657,058470,KOSDAQ,분기x연결,재무제표,DS-2/DS-3,DONE,"cross-check completed for ['매출액', '영업이익']",,2026-07-07T22:52:07
리노공업,00369657,058470,KOSDAQ,분기x연결,지표,CV-6,PASS,default metric selection visible,,2026-07-07T22:52:07
리노공업,00369657,058470,KOSDAQ,분기x별도,재무제표,DS-1,PASS,,,2026-07-07T22:52:14
리노공업,00369657,058470,KOSDAQ,분기x별도,상단,DS-8,PASS,,,2026-07-07T22:52:14
리노공업,00369657,058470,KOSDAQ,분기x별도,상단,DS-7,PASS,"badges seen: ['✅', '🔎']",,2026-07-07T22:52:14
리노공업,00369657,058470,KOSDAQ,분기x별도,재무제표,CV-3,PASS,rows=29 cols=85 slider_extended=True,,2026-07-07T22:52:14
리노공업,00369657,058470,KOSDAQ,분기x별도,재무제표,DS-2/DS-3,DONE,"cross-check completed for ['매출액', '영업이익']",,2026-07-07T22:52:14
리노공업,00369657,058470,KOSDAQ,분기x별도,지표,CV-6,PASS,default metric selection visible,,2026-07-07T22:52:14
리더스코스메틱,00180263,016100,KOSDAQ,연간x연결,재무제표,DS-1,PASS,,,2026-07-07T22:52:28
리더스코스메틱,00180263,016100,KOSDAQ,연간x연결,상단,DS-8,PASS,,,2026-07-07T22:52:28
리더스코스메틱,00180263,016100,KOSDAQ,연간x연결,상단,DS-7,PASS,"badges seen: ['✅', '🔎']",,2026-07-07T22:52:28
리더스코스메틱,00180263,016100,KOSDAQ,연간x연결,재무제표,CV-3,PASS,rows=29 cols=17 slider_extended=True,,2026-07-07T22:52:28
리더스코스메틱,00180263,016100,KOSDAQ,연간x연결,재무제표,DS-2/DS-3,DONE,"cross-check completed for ['매출액', '영업이익']",,2026-07-07T22:52:28
리더스코스메틱,00180263,016100,KOSDAQ,연간x연결,지표,CV-6,PASS,default metric selection visible,,2026-07-07T22:52:28
리더스코스메틱,00180263,016100,KOSDAQ,연간x별도,재무제표,DS-1,PASS,,,2026-07-07T22:52:33
리더스코스메틱,00180263,016100,KOSDAQ,연간x별도,상단,DS-8,PASS,,,2026-07-07T22:52:33
리더스코스메틱,00180263,016100,KOSDAQ,연간x별도,상단,DS-7,PASS,"badges seen: ['✅', '🔎']",,2026-07-07T22:52:33
리더스코스메틱,00180263,016100,KOSDAQ,연간x별도,재무제표,CV-3,PASS,rows=29 cols=23 slider_extended=True,,2026-07-07T22:52:33
리더스코스메틱,00180263,016100,KOSDAQ,연간x별도,재무제표,DS-2/DS-3,DONE,"cross-check completed for ['매출액', '영업이익']",,2026-07-07T22:52:33
리더스코스메틱,00180263,016100,KOSDAQ,연간x별도,지표,CV-6,PASS,default metric selection visible,,2026-07-07T22:52:33
리더스코스메틱,00180263,016100,KOSDAQ,분기x연결,재무제표,DS-1,PASS,,,2026-07-07T22:52:39
리더스코스메틱,00180263,016100,KOSDAQ,분기x연결,상단,DS-8,PASS,,,2026-07-07T22:52:39
리더스코스메틱,00180263,016100,KOSDAQ,분기x연결,상단,DS-7,PASS,"badges seen: ['✅', '🔎']",,2026-07-07T22:52:39
리더스코스메틱,00180263,016100,KOSDAQ,분기x연결,재무제표,CV-3,PASS,rows=29 cols=66 slider_extended=True,,2026-07-07T22:52:39
리더스코스메틱,00180263,016100,KOSDAQ,분기x연결,재무제표,DS-2/DS-3,DONE,"cross-check completed for ['매출액', '영업이익']",,2026-07-07T22:52:39
리더스코스메틱,00180263,016100,KOSDAQ,분기x연결,지표,CV-6,PASS,default metric selection visible,,2026-07-07T22:52:39
리더스코스메틱,00180263,016100,KOSDAQ,분기x별도,재무제표,DS-1,PASS,,,2026-07-07T22:52:47
리더스코스메틱,00180263,016100,KOSDAQ,분기x별도,상단,DS-8,PASS,,,2026-07-07T22:52:47
리더스코스메틱,00180263,016100,KOSDAQ,분기x별도,상단,DS-7,PASS,"badges seen: ['✅', '🔎']",,2026-07-07T22:52:47
리더스코스메틱,00180263,016100,KOSDAQ,분기x별도,재무제표,CV-3,PASS,rows=29 cols=85 slider_extended=True,,2026-07-07T22:52:47
리더스코스메틱,00180263,016100,KOSDAQ,분기x별도,재무제표,DS-2/DS-3,DONE,"cross-check completed for ['매출액', '영업이익']",,2026-07-07T22:52:47
리더스코스메틱,00180263,016100,KOSDAQ,분기x별도,지표,CV-6,PASS,default metric selection visible,,2026-07-07T22:52:47
리드코프,00117708,012700,KOSDAQ,연간x연결,재무제표,DS-1,PASS,,,2026-07-07T22:53:01
리드코프,00117708,012700,KOSDAQ,연간x연결,상단,DS-8,PASS,,,2026-07-07T22:53:01
리드코프,00117708,012700,KOSDAQ,연간x연결,상단,DS-7,PASS,"badges seen: ['✅', '🔎']",,2026-07-07T22:53:01
리드코프,00117708,012700,KOSDAQ,연간x연결,재무제표,CV-3,PASS,rows=29 cols=19 slider_extended=True,,2026-07-07T22:53:01
리드코프,00117708,012700,KOSDAQ,연간x연결,재무제표,DS-2/DS-3,DONE,"cross-check completed for ['매출액', '영업이익']",,2026-07-07T22:53:01
리드코프,00117708,012700,KOSDAQ,연간x연결,지표,CV-6,PASS,default metric selection visible,,2026-07-07T22:53:01
리드코프,00117708,012700,KOSDAQ,연간x별도,재무제표,DS-1,PASS,,,2026-07-07T22:53:06
리드코프,00117708,012700,KOSDAQ,연간x별도,상단,DS-8,PASS,,,2026-07-07T22:53:06
리드코프,00117708,012700,KOSDAQ,연간x별도,상단,DS-7,PASS,"badges seen: ['✅', '🔎', '⚠']",,2026-07-07T22:53:06
리드코프,00117708,012700,KOSDAQ,연간x별도,재무제표,CV-3,PASS,rows=29 cols=31 slider_extended=True,,2026-07-07T22:53:06
리드코프,00117708,012700,KOSDAQ,연간x별도,재무제표,DS-2/DS-3,DONE,"cross-check completed for ['매출액', '영업이익']",,2026-07-07T22:53:06
리드코프,00117708,012700,KOSDAQ,연간x별도,지표,CV-6,PASS,default metric selection visible,,2026-07-07T22:53:06
리드코프,00117708,012700,KOSDAQ,분기x연결,재무제표,DS-1,PASS,,,2026-07-07T22:53:12
리드코프,00117708,012700,KOSDAQ,분기x연결,상단,DS-8,PASS,,,2026-07-07T22:53:12
리드코프,00117708,012700,KOSDAQ,분기x연결,상단,DS-7,PASS,"badges seen: ['✅', '🔎']",,2026-07-07T22:53:12
리드코프,00117708,012700,KOSDAQ,분기x연결,재무제표,CV-3,PASS,rows=29 cols=65 slider_extended=True,,2026-07-07T22:53:12
리드코프,00117708,012700,KOSDAQ,분기x연결,재무제표,DS-2/DS-3,DONE,"cross-check completed for ['매출액', '영업이익']",,2026-07-07T22:53:12
리드코프,00117708,012700,KOSDAQ,분기x연결,지표,CV-6,PASS,default metric selection visible,,2026-07-07T22:53:12
리드코프,00117708,012700,KOSDAQ,분기x별도,재무제표,DS-1,PASS,,,2026-07-07T22:53:20
리드코프,00117708,012700,KOSDAQ,분기x별도,상단,DS-8,PASS,,,2026-07-07T22:53:20
리드코프,00117708,012700,KOSDAQ,분기x별도,상단,DS-7,PASS,"badges seen: ['✅', '🔎']",,2026-07-07T22:53:20
리드코프,00117708,012700,KOSDAQ,분기x별도,재무제표,CV-3,PASS,rows=29 cols=84 slider_extended=True,,2026-07-07T22:53:20
리드코프,00117708,012700,KOSDAQ,분기x별도,재무제표,DS-2/DS-3,DONE,"cross-check completed for ['매출액', '영업이익']",,2026-07-07T22:53:20
리드코프,00117708,012700,KOSDAQ,분기x별도,지표,CV-6,PASS,default metric selection visible,,2026-07-07T22:53:20
리메드,01275665,302550,KOSDAQ,연간x연결,재무제표,DS-1,PASS,,,2026-07-07T22:53:34
리메드,01275665,302550,KOSDAQ,연간x연결,상단,DS-8,PASS,,,2026-07-07T22:53:34
리메드,01275665,302550,KOSDAQ,연간x연결,상단,DS-7,PASS,"badges seen: ['✅', '🔎', '⚠']",,2026-07-07T22:53:34
리메드,01275665,302550,KOSDAQ,연간x연결,재무제표,CV-3,PASS,rows=29 cols=10 slider_extended=True,,2026-07-07T22:53:34
리메드,01275665,302550,KOSDAQ,연간x연결,재무제표,DS-2/DS-3,DONE,"cross-check completed for ['매출액', '영업이익']",,2026-07-07T22:53:34
리메드,01275665,302550,KOSDAQ,연간x연결,지표,CV-6,PASS,default metric selection visible,,2026-07-07T22:53:34
리메드,01275665,302550,KOSDAQ,연간x별도,재무제표,DS-1,PASS,,,2026-07-07T22:53:39
리메드,01275665,302550,KOSDAQ,연간x별도,상단,DS-8,PASS,,,2026-07-07T22:53:39
리메드,01275665,302550,KOSDAQ,연간x별도,상단,DS-7,PASS,"badges seen: ['✅', '🔎']",,2026-07-07T22:53:39
리메드,01275665,302550,KOSDAQ,연간x별도,재무제표,CV-3,PASS,rows=29 cols=13 slider_extended=True,,2026-07-07T22:53:39
리메드,01275665,302550,KOSDAQ,연간x별도,재무제표,DS-2/DS-3,DONE,"cross-check completed for ['매출액', '영업이익']",,2026-07-07T22:53:39
리메드,01275665,302550,KOSDAQ,연간x별도,지표,CV-6,PASS,default metric selection visible,,2026-07-07T22:53:39
리메드,01275665,302550,KOSDAQ,분기x연결,재무제표,DS-1,PASS,,,2026-07-07T22:53:45
리메드,01275665,302550,KOSDAQ,분기x연결,상단,DS-8,PASS,,,2026-07-07T22:53:45
리메드,01275665,302550,KOSDAQ,분기x연결,상단,DS-7,PASS,"badges seen: ['✅', '🔎']",,2026-07-07T22:53:45
리메드,01275665,302550,KOSDAQ,분기x연결,재무제표,CV-3,PASS,rows=29 cols=32 slider_extended=True,,2026-07-07T22:53:45
리메드,01275665,302550,KOSDAQ,분기x연결,재무제표,DS-2/DS-3,DONE,"cross-check completed for ['매출액', '영업이익']",,2026-07-07T22:53:45
리메드,01275665,302550,KOSDAQ,분기x연결,지표,CV-6,PASS,default metric selection visible,,2026-07-07T22:53:45
리메드,01275665,302550,KOSDAQ,분기x별도,재무제표,DS-1,PASS,,,2026-07-07T22:53:52
리메드,01275665,302550,KOSDAQ,분기x별도,상단,DS-8,PASS,,,2026-07-07T22:53:52
리메드,01275665,302550,KOSDAQ,분기x별도,상단,DS-7,PASS,"badges seen: ['✅', '🔎', '⚠']",,2026-07-07T22:53:52
리메드,01275665,302550,KOSDAQ,분기x별도,재무제표,CV-3,PASS,rows=29 cols=32 slider_extended=True,,2026-07-07T22:53:52
리메드,01275665,302550,KOSDAQ,분기x별도,재무제표,DS-2/DS-3,DONE,"cross-check completed for ['매출액', '영업이익']",,2026-07-07T22:53:52
리메드,01275665,302550,KOSDAQ,분기x별도,지표,CV-6,PASS,default metric selection visible,,2026-07-07T22:53:52
리브스메드,01385005,491000,KOSDAQ,연간x연결,재무제표,DS-1,PASS,,,2026-07-07T22:54:06
리브스메드,01385005,491000,KOSDAQ,연간x연결,상단,DS-8,PASS,,,2026-07-07T22:54:06
리브스메드,01385005,491000,KOSDAQ,연간x연결,상단,DS-7,PASS,"badges seen: ['✅', '🔎']",,2026-07-07T22:54:06
리브스메드,01385005,491000,KOSDAQ,연간x연결,재무제표,CV-3,PASS,rows=29 cols=5 slider_extended=True,,2026-07-07T22:54:06
리브스메드,01385005,491000,KOSDAQ,연간x연결,재무제표,DS-2/DS-3,DONE,"cross-check completed for ['매출액', '영업이익']",,2026-07-07T22:54:06
리브스메드,01385005,491000,KOSDAQ,연간x연결,지표,CV-6,PASS,default metric selection visible,,2026-07-07T22:54:06
리브스메드,01385005,491000,KOSDAQ,연간x별도,재무제표,DS-1,PASS,,,2026-07-07T22:54:11
리브스메드,01385005,491000,KOSDAQ,연간x별도,상단,DS-8,PASS,,,2026-07-07T22:54:11
리브스메드,01385005,491000,KOSDAQ,연간x별도,상단,DS-7,PASS,"badges seen: ['✅', '🔎']",,2026-07-07T22:54:11
리브스메드,01385005,491000,KOSDAQ,연간x별도,재무제표,CV-3,PASS,rows=29 cols=5 slider_extended=True,,2026-07-07T22:54:11
리브스메드,01385005,491000,KOSDAQ,연간x별도,재무제표,DS-2/DS-3,DONE,"cross-check completed for ['매출액', '영업이익']",,2026-07-07T22:54:11
리브스메드,01385005,491000,KOSDAQ,연간x별도,지표,CV-6,PASS,default metric selection visible,,2026-07-07T22:54:11
리브스메드,01385005,491000,KOSDAQ,분기x연결,재무제표,DS-1,PASS,,,2026-07-07T22:54:17
리브스메드,01385005,491000,KOSDAQ,분기x연결,상단,DS-8,PASS,,,2026-07-07T22:54:17
리브스메드,01385005,491000,KOSDAQ,분기x연결,상단,DS-7,PASS,"badges seen: ['✅', '🔎']",,2026-07-07T22:54:17
리브스메드,01385005,491000,KOSDAQ,분기x연결,재무제표,CV-3,PASS,rows=29 cols=4 slider_extended=True,,2026-07-07T22:54:17
리브스메드,01385005,491000,KOSDAQ,분기x연결,재무제표,DS-2/DS-3,DONE,"cross-check completed for ['매출액', '영업이익']",,2026-07-07T22:54:17
리브스메드,01385005,491000,KOSDAQ,분기x연결,지표,CV-6,PASS,default metric selection visible,,2026-07-07T22:54:17
리브스메드,01385005,491000,KOSDAQ,분기x별도,재무제표,DS-1,PASS,,,2026-07-07T22:54:24
리브스메드,01385005,491000,KOSDAQ,분기x별도,상단,DS-8,PASS,,,2026-07-07T22:54:24
리브스메드,01385005,491000,KOSDAQ,분기x별도,상단,DS-7,PASS,"badges seen: ['✅', '🔎']",,2026-07-07T22:54:24
리브스메드,01385005,491000,KOSDAQ,분기x별도,재무제표,CV-3,PASS,rows=29 cols=4 slider_extended=True,,2026-07-07T22:54:24
리브스메드,01385005,491000,KOSDAQ,분기x별도,재무제표,DS-2/DS-3,DONE,"cross-check completed for ['매출액', '영업이익']",,2026-07-07T22:54:24
리브스메드,01385005,491000,KOSDAQ,분기x별도,지표,CV-6,PASS,default metric selection visible,,2026-07-07T22:54:24
리센스메디컬,01685677,394420,KOSDAQ,연간x연결,재무제표,DS-1,PASS,,,2026-07-07T22:54:38
리센스메디컬,01685677,394420,KOSDAQ,연간x연결,상단,DS-8,PASS,,,2026-07-07T22:54:38
리센스메디컬,01685677,394420,KOSDAQ,연간x연결,상단,DS-7,PASS,"badges seen: ['✅', '🔎']",,2026-07-07T22:54:38
리센스메디컬,01685677,394420,KOSDAQ,연간x연결,재무제표,CV-3,PASS,rows=29 cols=5 slider_extended=True,,2026-07-07T22:54:38
리센스메디컬,01685677,394420,KOSDAQ,연간x연결,재무제표,DS-2/DS-3,DONE,"cross-check completed for ['매출액', '영업이익']",,2026-07-07T22:54:38
리센스메디컬,01685677,394420,KOSDAQ,연간x연결,지표,CV-6,PASS,default metric selection visible,,2026-07-07T22:54:38
리센스메디컬,01685677,394420,KOSDAQ,연간x별도,재무제표,DS-1,PASS,,,2026-07-07T22:54:43
리센스메디컬,01685677,394420,KOSDAQ,연간x별도,상단,DS-8,PASS,,,2026-07-07T22:54:43
리센스메디컬,01685677,394420,KOSDAQ,연간x별도,상단,DS-7,PASS,"badges seen: ['✅', '🔎']",,2026-07-07T22:54:43
리센스메디컬,01685677,394420,KOSDAQ,연간x별도,재무제표,CV-3,PASS,rows=29 cols=5 slider_extended=True,,2026-07-07T22:54:43
리센스메디컬,01685677,394420,KOSDAQ,연간x별도,재무제표,DS-2/DS-3,DONE,"cross-check completed for ['매출액', '영업이익']",,2026-07-07T22:54:43
리센스메디컬,01685677,394420,KOSDAQ,연간x별도,지표,CV-6,PASS,default metric selection visible,,2026-07-07T22:54:43
리센스메디컬,01685677,394420,KOSDAQ,분기x연결,재무제표,DS-1,PASS,,,2026-07-07T22:54:49
리센스메디컬,01685677,394420,KOSDAQ,분기x연결,상단,DS-8,PASS,,,2026-07-07T22:54:49
리센스메디컬,01685677,394420,KOSDAQ,분기x연결,상단,DS-7,PASS,"badges seen: ['✅', '🔎']",,2026-07-07T22:54:49
리센스메디컬,01685677,394420,KOSDAQ,분기x연결,재무제표,CV-3,PASS,rows=29 cols=4 slider_extended=True,,2026-07-07T22:54:49
리센스메디컬,01685677,394420,KOSDAQ,분기x연결,재무제표,DS-2/DS-3,DONE,"cross-check completed for ['매출액', '영업이익']",,2026-07-07T22:54:49
리센스메디컬,01685677,394420,KOSDAQ,분기x연결,지표,CV-6,PASS,default metric selection visible,,2026-07-07T22:54:49
리센스메디컬,01685677,394420,KOSDAQ,분기x별도,재무제표,DS-1,PASS,,,2026-07-07T22:54:56
리센스메디컬,01685677,394420,KOSDAQ,분기x별도,상단,DS-8,PASS,,,2026-07-07T22:54:56
리센스메디컬,01685677,394420,KOSDAQ,분기x별도,상단,DS-7,PASS,"badges seen: ['✅', '🔎']",,2026-07-07T22:54:56
리센스메디컬,01685677,394420,KOSDAQ,분기x별도,재무제표,CV-3,PASS,rows=29 cols=4 slider_extended=True,,2026-07-07T22:54:56
리센스메디컬,01685677,394420,KOSDAQ,분기x별도,재무제표,DS-2/DS-3,DONE,"cross-check completed for ['매출액', '영업이익']",,2026-07-07T22:54:56
리센스메디컬,01685677,394420,KOSDAQ,분기x별도,지표,CV-6,PASS,default metric selection visible,,2026-07-07T22:54:56
리튬포어스,00440712,073570,KOSDAQ,연간x연결,재무제표,DS-1,PASS,,,2026-07-07T22:55:10
리튬포어스,00440712,073570,KOSDAQ,연간x연결,상단,DS-8,PASS,,,2026-07-07T22:55:10
리튬포어스,00440712,073570,KOSDAQ,연간x연결,상단,DS-7,PASS,"badges seen: ['✅', '🔎', '⚠']",,2026-07-07T22:55:10
리튬포어스,00440712,073570,KOSDAQ,연간x연결,재무제표,CV-3,PASS,rows=29 cols=13 slider_extended=True,,2026-07-07T22:55:10
리튬포어스,00440712,073570,KOSDAQ,연간x연결,재무제표,DS-2/DS-3,DONE,"cross-check completed for ['매출액', '영업이익']",,2026-07-07T22:55:10
리튬포어스,00440712,073570,KOSDAQ,연간x연결,지표,CV-6,PASS,default metric selection visible,,2026-07-07T22:55:10
리튬포어스,00440712,073570,KOSDAQ,연간x별도,재무제표,DS-1,PASS,,,2026-07-07T22:55:15
리튬포어스,00440712,073570,KOSDAQ,연간x별도,상단,DS-8,PASS,,,2026-07-07T22:55:15
리튬포어스,00440712,073570,KOSDAQ,연간x별도,상단,DS-7,PASS,"badges seen: ['✅', '🔎', '⚠']",,2026-07-07T22:55:15
리튬포어스,00440712,073570,KOSDAQ,연간x별도,재무제표,CV-3,PASS,rows=29 cols=25 slider_extended=True,,2026-07-07T22:55:15
리튬포어스,00440712,073570,KOSDAQ,연간x별도,재무제표,DS-2/DS-3,DONE,"cross-check completed for ['매출액', '영업이익']",,2026-07-07T22:55:15
리튬포어스,00440712,073570,KOSDAQ,연간x별도,지표,CV-6,PASS,default metric selection visible,,2026-07-07T22:55:15
리튬포어스,00440712,073570,KOSDAQ,분기x연결,재무제표,DS-1,PASS,,,2026-07-07T22:55:21
리튬포어스,00440712,073570,KOSDAQ,분기x연결,상단,DS-8,PASS,,,2026-07-07T22:55:21
리튬포어스,00440712,073570,KOSDAQ,분기x연결,상단,DS-7,PASS,"badges seen: ['✅', '🔎', '⚠']",,2026-07-07T22:55:21
리튬포어스,00440712,073570,KOSDAQ,분기x연결,재무제표,CV-3,PASS,rows=29 cols=52 slider_extended=True,,2026-07-07T22:55:21
리튬포어스,00440712,073570,KOSDAQ,분기x연결,재무제표,DS-2/DS-3,DONE,"cross-check completed for ['매출액', '영업이익']",,2026-07-07T22:55:21
리튬포어스,00440712,073570,KOSDAQ,분기x연결,지표,CV-6,PASS,default metric selection visible,,2026-07-07T22:55:21
리튬포어스,00440712,073570,KOSDAQ,분기x별도,재무제표,DS-1,PASS,,,2026-07-07T22:55:29
리튬포어스,00440712,073570,KOSDAQ,분기x별도,상단,DS-8,PASS,,,2026-07-07T22:55:29
리튬포어스,00440712,073570,KOSDAQ,분기x별도,상단,DS-7,PASS,"badges seen: ['✅', '🔎', '⚠']",,2026-07-07T22:55:29
리튬포어스,00440712,073570,KOSDAQ,분기x별도,재무제표,CV-3,PASS,rows=29 cols=85 slider_extended=True,,2026-07-07T22:55:29
리튬포어스,00440712,073570,KOSDAQ,분기x별도,재무제표,DS-2/DS-3,DONE,"cross-check completed for ['매출액', '영업이익']",,2026-07-07T22:55:29
리튬포어스,00440712,073570,KOSDAQ,분기x별도,지표,CV-6,PASS,default metric selection visible,,2026-07-07T22:55:29
리파인,01210066,377450,KOSDAQ,연간x연결,재무제표,DS-1,PASS,,,2026-07-07T22:55:42
리파인,01210066,377450,KOSDAQ,연간x연결,상단,DS-8,PASS,,,2026-07-07T22:55:42
리파인,01210066,377450,KOSDAQ,연간x연결,상단,DS-7,PASS,"badges seen: ['✅', '🔎']",,2026-07-07T22:55:42
리파인,01210066,377450,KOSDAQ,연간x연결,재무제표,CV-3,PASS,rows=29 cols=5 slider_extended=True,,2026-07-07T22:55:42
리파인,01210066,377450,KOSDAQ,연간x연결,재무제표,DS-2/DS-3,DONE,"cross-check completed for ['매출액', '영업이익']",,2026-07-07T22:55:42
리파인,01210066,377450,KOSDAQ,연간x연결,지표,CV-6,PASS,default metric selection visible,,2026-07-07T22:55:42
리파인,01210066,377450,KOSDAQ,연간x별도,재무제표,DS-1,PASS,,,2026-07-07T22:55:48
리파인,01210066,377450,KOSDAQ,연간x별도,상단,DS-8,PASS,,,2026-07-07T22:55:48
리파인,01210066,377450,KOSDAQ,연간x별도,상단,DS-7,PASS,"badges seen: ['✅', '🔎']",,2026-07-07T22:55:48
리파인,01210066,377450,KOSDAQ,연간x별도,재무제표,CV-3,PASS,rows=29 cols=9 slider_extended=True,,2026-07-07T22:55:48
리파인,01210066,377450,KOSDAQ,연간x별도,재무제표,DS-2/DS-3,DONE,"cross-check completed for ['매출액', '영업이익']",,2026-07-07T22:55:48
리파인,01210066,377450,KOSDAQ,연간x별도,지표,CV-6,PASS,default metric selection visible,,2026-07-07T22:55:48
리파인,01210066,377450,KOSDAQ,분기x연결,재무제표,DS-1,PASS,,,2026-07-07T22:55:54
리파인,01210066,377450,KOSDAQ,분기x연결,상단,DS-8,PASS,,,2026-07-07T22:55:54
리파인,01210066,377450,KOSDAQ,분기x연결,상단,DS-7,PASS,"badges seen: ['✅', '🔎']",,2026-07-07T22:55:54
리파인,01210066,377450,KOSDAQ,분기x연결,재무제표,CV-3,PASS,rows=29 cols=5 slider_extended=True,,2026-07-07T22:55:54
리파인,01210066,377450,KOSDAQ,분기x연결,재무제표,DS-2/DS-3,DONE,"cross-check completed for ['매출액', '영업이익']",,2026-07-07T22:55:54
리파인,01210066,377450,KOSDAQ,분기x연결,지표,CV-6,PASS,default metric selection visible,,2026-07-07T22:55:54
리파인,01210066,377450,KOSDAQ,분기x별도,재무제표,DS-1,PASS,,,2026-07-07T22:56:01
리파인,01210066,377450,KOSDAQ,분기x별도,상단,DS-8,PASS,,,2026-07-07T22:56:01
리파인,01210066,377450,KOSDAQ,분기x별도,상단,DS-7,PASS,"badges seen: ['✅', '🔎']",,2026-07-07T22:56:01
리파인,01210066,377450,KOSDAQ,분기x별도,재무제표,CV-3,PASS,rows=29 cols=24 slider_extended=True,,2026-07-07T22:56:01
리파인,01210066,377450,KOSDAQ,분기x별도,재무제표,DS-2/DS-3,DONE,"cross-check completed for ['매출액', '영업이익']",,2026-07-07T22:56:01
리파인,01210066,377450,KOSDAQ,분기x별도,지표,CV-6,PASS,default metric selection visible,,2026-07-07T22:56:01
린드먼아시아,00616962,277070,KOSDAQ,연간x연결,재무제표,DS-1,PASS,,,2026-07-07T22:56:15
린드먼아시아,00616962,277070,KOSDAQ,연간x연결,상단,DS-8,PASS,,,2026-07-07T22:56:15
린드먼아시아,00616962,277070,KOSDAQ,연간x연결,상단,DS-7,PASS,"badges seen: ['✅', '🔎', '⚠']",,2026-07-07T22:56:15
린드먼아시아,00616962,277070,KOSDAQ,연간x연결,재무제표,CV-3,PASS,rows=29 cols=12 slider_extended=True,,2026-07-07T22:56:15
린드먼아시아,00616962,277070,KOSDAQ,연간x연결,재무제표,DS-2/DS-3,DONE,"cross-check completed for ['매출액', '영업이익']",,2026-07-07T22:56:15
린드먼아시아,00616962,277070,KOSDAQ,연간x연결,지표,CV-6,PASS,default metric selection visible,,2026-07-07T22:56:15
린드먼아시아,00616962,277070,KOSDAQ,연간x별도,재무제표,DS-1,PASS,,,2026-07-07T22:56:20
린드먼아시아,00616962,277070,KOSDAQ,연간x별도,상단,DS-8,PASS,,,2026-07-07T22:56:20
린드먼아시아,00616962,277070,KOSDAQ,연간x별도,상단,DS-7,PASS,"badges seen: ['✅', '🔎', '⚠']",,2026-07-07T22:56:20
린드먼아시아,00616962,277070,KOSDAQ,연간x별도,재무제표,CV-3,PASS,rows=29 cols=12 slider_extended=True,,2026-07-07T22:56:20
린드먼아시아,00616962,277070,KOSDAQ,연간x별도,재무제표,DS-2/DS-3,DONE,"cross-check completed for ['매출액', '영업이익']",,2026-07-07T22:56:20
린드먼아시아,00616962,277070,KOSDAQ,연간x별도,지표,CV-6,PASS,default metric selection visible,,2026-07-07T22:56:20
린드먼아시아,00616962,277070,KOSDAQ,분기x연결,재무제표,DS-1,PASS,,,2026-07-07T22:56:26
린드먼아시아,00616962,277070,KOSDAQ,분기x연결,상단,DS-8,PASS,,,2026-07-07T22:56:26
린드먼아시아,00616962,277070,KOSDAQ,분기x연결,상단,DS-7,PASS,"badges seen: ['✅', '🔎', '⚠']",,2026-07-07T22:56:26
린드먼아시아,00616962,277070,KOSDAQ,분기x연결,재무제표,CV-3,PASS,rows=29 cols=37 slider_extended=True,,2026-07-07T22:56:26
린드먼아시아,00616962,277070,KOSDAQ,분기x연결,재무제표,DS-2/DS-3,DONE,"cross-check completed for ['매출액', '영업이익']",,2026-07-07T22:56:26
린드먼아시아,00616962,277070,KOSDAQ,분기x연결,지표,CV-6,PASS,default metric selection visible,,2026-07-07T22:56:26
린드먼아시아,00616962,277070,KOSDAQ,분기x별도,재무제표,DS-1,PASS,,,2026-07-07T22:56:33
린드먼아시아,00616962,277070,KOSDAQ,분기x별도,상단,DS-8,PASS,,,2026-07-07T22:56:33
린드먼아시아,00616962,277070,KOSDAQ,분기x별도,상단,DS-7,PASS,"badges seen: ['✅', '🔎', '⚠']",,2026-07-07T22:56:33
린드먼아시아,00616962,277070,KOSDAQ,분기x별도,재무제표,CV-3,PASS,rows=29 cols=40 slider_extended=True,,2026-07-07T22:56:33
린드먼아시아,00616962,277070,KOSDAQ,분기x별도,재무제표,DS-2/DS-3,DONE,"cross-check completed for ['매출액', '영업이익']",,2026-07-07T22:56:33
린드먼아시아,00616962,277070,KOSDAQ,분기x별도,지표,CV-6,PASS,default metric selection visible,,2026-07-07T22:56:33
링네트,00352499,042500,KOSDAQ,연간x연결,재무제표,DS-1,PASS,,,2026-07-07T22:56:47
링네트,00352499,042500,KOSDAQ,연간x연결,상단,DS-8,PASS,,,2026-07-07T22:56:47
링네트,00352499,042500,KOSDAQ,연간x연결,상단,DS-7,PASS,"badges seen: ['✅', '🔎']",,2026-07-07T22:56:47
링네트,00352499,042500,KOSDAQ,연간x연결,재무제표,CV-3,PASS,rows=29 cols=19 slider_extended=True,,2026-07-07T22:56:47
링네트,00352499,042500,KOSDAQ,연간x연결,재무제표,DS-2/DS-3,DONE,"cross-check completed for ['매출액', '영업이익']",,2026-07-07T22:56:47
링네트,00352499,042500,KOSDAQ,연간x연결,지표,CV-6,PASS,default metric selection visible,,2026-07-07T22:56:47
링네트,00352499,042500,KOSDAQ,연간x별도,재무제표,DS-1,PASS,,,2026-07-07T22:56:52
링네트,00352499,042500,KOSDAQ,연간x별도,상단,DS-8,PASS,,,2026-07-07T22:56:52
링네트,00352499,042500,KOSDAQ,연간x별도,상단,DS-7,PASS,"badges seen: ['✅', '🔎']",,2026-07-07T22:56:52
링네트,00352499,042500,KOSDAQ,연간x별도,재무제표,CV-3,PASS,rows=29 cols=26 slider_extended=True,,2026-07-07T22:56:52
링네트,00352499,042500,KOSDAQ,연간x별도,재무제표,DS-2/DS-3,DONE,"cross-check completed for ['매출액', '영업이익']",,2026-07-07T22:56:52
링네트,00352499,042500,KOSDAQ,연간x별도,지표,CV-6,PASS,default metric selection visible,,2026-07-07T22:56:52
링네트,00352499,042500,KOSDAQ,분기x연결,재무제표,DS-1,PASS,,,2026-07-07T22:56:58
링네트,00352499,042500,KOSDAQ,분기x연결,상단,DS-8,PASS,,,2026-07-07T22:56:58
링네트,00352499,042500,KOSDAQ,분기x연결,상단,DS-7,PASS,"badges seen: ['✅', '🔎']",,2026-07-07T22:56:58
링네트,00352499,042500,KOSDAQ,분기x연결,재무제표,CV-3,PASS,rows=29 cols=60 slider_extended=True,,2026-07-07T22:56:58
링네트,00352499,042500,KOSDAQ,분기x연결,재무제표,DS-2/DS-3,DONE,"cross-check completed for ['매출액', '영업이익']",,2026-07-07T22:56:58
링네트,00352499,042500,KOSDAQ,분기x연결,지표,CV-6,PASS,default metric selection visible,,2026-07-07T22:56:58
링네트,00352499,042500,KOSDAQ,분기x별도,재무제표,DS-1,PASS,,,2026-07-07T22:57:06
링네트,00352499,042500,KOSDAQ,분기x별도,상단,DS-8,PASS,,,2026-07-07T22:57:06
링네트,00352499,042500,KOSDAQ,분기x별도,상단,DS-7,PASS,"badges seen: ['✅', '🔎']",,2026-07-07T22:57:06
링네트,00352499,042500,KOSDAQ,분기x별도,재무제표,CV-3,PASS,rows=29 cols=83 slider_extended=True,,2026-07-07T22:57:06
링네트,00352499,042500,KOSDAQ,분기x별도,재무제표,DS-2/DS-3,DONE,"cross-check completed for ['매출액', '영업이익']",,2026-07-07T22:57:06
링네트,00352499,042500,KOSDAQ,분기x별도,지표,CV-6,PASS,default metric selection visible,,2026-07-07T22:57:06
링크드,01035678,193250,KOSDAQ,연간x연결,재무제표,DS-1,PASS,,,2026-07-07T22:57:19
링크드,01035678,193250,KOSDAQ,연간x연결,상단,DS-8,PASS,,,2026-07-07T22:57:19
링크드,01035678,193250,KOSDAQ,연간x연결,상단,DS-7,PASS,"badges seen: ['✅', '🔎', '⚠']",,2026-07-07T22:57:19
링크드,01035678,193250,KOSDAQ,연간x연결,재무제표,CV-3,PASS,rows=29 cols=16 slider_extended=True,,2026-07-07T22:57:19
링크드,01035678,193250,KOSDAQ,연간x연결,재무제표,DS-2/DS-3,DONE,"cross-check completed for ['매출액', '영업이익']",,2026-07-07T22:57:19
링크드,01035678,193250,KOSDAQ,연간x연결,지표,CV-6,FAIL,default metrics not found,,2026-07-07T22:57:19
링크드,01035678,193250,KOSDAQ,연간x별도,재무제표,DS-1,PASS,,,2026-07-07T22:57:25
링크드,01035678,193250,KOSDAQ,연간x별도,상단,DS-8,PASS,,,2026-07-07T22:57:25
링크드,01035678,193250,KOSDAQ,연간x별도,상단,DS-7,PASS,"badges seen: ['✅', '🔎', '⚠']",,2026-07-07T22:57:25
링크드,01035678,193250,KOSDAQ,연간x별도,재무제표,CV-3,PASS,rows=29 cols=16 slider_extended=True,,2026-07-07T22:57:25
링크드,01035678,193250,KOSDAQ,연간x별도,재무제표,DS-2/DS-3,DONE,"cross-check completed for ['매출액', '영업이익']",,2026-07-07T22:57:25
링크드,01035678,193250,KOSDAQ,연간x별도,지표,CV-6,PASS,default metric selection visible,,2026-07-07T22:57:25
링크드,01035678,193250,KOSDAQ,분기x연결,재무제표,DS-1,PASS,,,2026-07-07T22:57:31
링크드,01035678,193250,KOSDAQ,분기x연결,상단,DS-8,PASS,,,2026-07-07T22:57:31
링크드,01035678,193250,KOSDAQ,분기x연결,상단,DS-7,PASS,"badges seen: ['✅', '🔎', '⚠']",,2026-07-07T22:57:31
링크드,01035678,193250,KOSDAQ,분기x연결,재무제표,CV-3,PASS,rows=29 cols=54 slider_extended=True,,2026-07-07T22:57:31
링크드,01035678,193250,KOSDAQ,분기x연결,재무제표,DS-2/DS-3,DONE,"cross-check completed for ['매출액', '영업이익']",,2026-07-07T22:57:31
링크드,01035678,193250,KOSDAQ,분기x연결,지표,CV-6,PASS,default metric selection visible,,2026-07-07T22:57:31
링크드,01035678,193250,KOSDAQ,분기x별도,재무제표,DS-1,PASS,,,2026-07-07T22:57:38
링크드,01035678,193250,KOSDAQ,분기x별도,상단,DS-8,PASS,,,2026-07-07T22:57:38
링크드,01035678,193250,KOSDAQ,분기x별도,상단,DS-7,PASS,"badges seen: ['✅', '🔎', '⚠']",,2026-07-07T22:57:38
링크드,01035678,193250,KOSDAQ,분기x별도,재무제표,CV-3,PASS,rows=29 cols=54 slider_extended=True,,2026-07-07T22:57:38
링크드,01035678,193250,KOSDAQ,분기x별도,재무제표,DS-2/DS-3,DONE,"cross-check completed for ['매출액', '영업이익']",,2026-07-07T22:57:38
링크드,01035678,193250,KOSDAQ,분기x별도,지표,CV-6,PASS,default metric selection visible,,2026-07-07T22:57:38
링크솔루션,01764099,474650,KOSDAQ,연간x연결,재무제표,DS-1,PASS,,,2026-07-07T22:57:52
링크솔루션,01764099,474650,KOSDAQ,연간x연결,상단,DS-8,PASS,,,2026-07-07T22:57:52
링크솔루션,01764099,474650,KOSDAQ,연간x연결,상단,DS-7,PASS,"badges seen: ['✅', '🔎', '⚠']",,2026-07-07T22:57:52
링크솔루션,01764099,474650,KOSDAQ,연간x연결,재무제표,CV-3,PASS,rows=29 cols=5 slider_extended=True,,2026-07-07T22:57:52
링크솔루션,01764099,474650,KOSDAQ,연간x연결,재무제표,DS-2/DS-3,DONE,"cross-check completed for ['매출액', '영업이익']",,2026-07-07T22:57:52
링크솔루션,01764099,474650,KOSDAQ,연간x연결,지표,CV-6,PASS,default metric selection visible,,2026-07-07T22:57:52
링크솔루션,01764099,474650,KOSDAQ,연간x별도,재무제표,DS-1,PASS,,,2026-07-07T22:57:57
링크솔루션,01764099,474650,KOSDAQ,연간x별도,상단,DS-8,PASS,,,2026-07-07T22:57:57
링크솔루션,01764099,474650,KOSDAQ,연간x별도,상단,DS-7,PASS,"badges seen: ['✅', '🔎', '⚠']",,2026-07-07T22:57:57
링크솔루션,01764099,474650,KOSDAQ,연간x별도,재무제표,CV-3,PASS,rows=29 cols=6 slider_extended=True,,2026-07-07T22:57:57
링크솔루션,01764099,474650,KOSDAQ,연간x별도,재무제표,DS-2/DS-3,DONE,"cross-check completed for ['매출액', '영업이익']",,2026-07-07T22:57:57
링크솔루션,01764099,474650,KOSDAQ,연간x별도,지표,CV-6,PASS,default metric selection visible,,2026-07-07T22:57:57
링크솔루션,01764099,474650,KOSDAQ,분기x연결,재무제표,DS-1,PASS,,,2026-07-07T22:58:03
링크솔루션,01764099,474650,KOSDAQ,분기x연결,상단,DS-8,PASS,,,2026-07-07T22:58:03
링크솔루션,01764099,474650,KOSDAQ,분기x연결,상단,DS-7,PASS,"badges seen: ['✅', '🔎', '⚠']",,2026-07-07T22:58:03
링크솔루션,01764099,474650,KOSDAQ,분기x연결,재무제표,CV-3,PASS,rows=29 cols=11 slider_extended=True,,2026-07-07T22:58:03
링크솔루션,01764099,474650,KOSDAQ,분기x연결,재무제표,DS-2/DS-3,DONE,"cross-check completed for ['매출액', '영업이익']",,2026-07-07T22:58:03
링크솔루션,01764099,474650,KOSDAQ,분기x연결,지표,CV-6,PASS,default metric selection visible,,2026-07-07T22:58:03
링크솔루션,01764099,474650,KOSDAQ,분기x별도,재무제표,DS-1,PASS,,,2026-07-07T22:58:11
링크솔루션,01764099,474650,KOSDAQ,분기x별도,상단,DS-8,PASS,,,2026-07-07T22:58:11
링크솔루션,01764099,474650,KOSDAQ,분기x별도,상단,DS-7,PASS,"badges seen: ['✅', '🔎', '⚠']",,2026-07-07T22:58:11
링크솔루션,01764099,474650,KOSDAQ,분기x별도,재무제표,CV-3,PASS,rows=29 cols=6 slider_extended=True,,2026-07-07T22:58:11
링크솔루션,01764099,474650,KOSDAQ,분기x별도,재무제표,DS-2/DS-3,DONE,"cross-check completed for ['매출액', '영업이익']",,2026-07-07T22:58:11
링크솔루션,01764099,474650,KOSDAQ,분기x별도,지표,CV-6,PASS,default metric selection visible,,2026-07-07T22:58:11
링크제니시스,01109955,219420,KOSDAQ,연간x연결,재무제표,DS-1,PASS,,,2026-07-07T22:58:24
링크제니시스,01109955,219420,KOSDAQ,연간x연결,상단,DS-8,PASS,,,2026-07-07T22:58:24
링크제니시스,01109955,219420,KOSDAQ,연간x연결,상단,DS-7,PASS,"badges seen: ['✅', '🔎', '⚠']",,2026-07-07T22:58:24
링크제니시스,01109955,219420,KOSDAQ,연간x연결,재무제표,CV-3,PASS,rows=29 cols=12 slider_extended=True,,2026-07-07T22:58:24
링크제니시스,01109955,219420,KOSDAQ,연간x연결,재무제표,DS-2/DS-3,DONE,"cross-check completed for ['매출액', '영업이익']",,2026-07-07T22:58:24
링크제니시스,01109955,219420,KOSDAQ,연간x연결,지표,CV-6,FAIL,default metrics not found,,2026-07-07T22:58:24
링크제니시스,01109955,219420,KOSDAQ,연간x별도,재무제표,DS-1,PASS,,,2026-07-07T22:58:30
링크제니시스,01109955,219420,KOSDAQ,연간x별도,상단,DS-8,PASS,,,2026-07-07T22:58:30
링크제니시스,01109955,219420,KOSDAQ,연간x별도,상단,DS-7,PASS,"badges seen: ['✅', '🔎', '⚠']",,2026-07-07T22:58:30
링크제니시스,01109955,219420,KOSDAQ,연간x별도,재무제표,CV-3,PASS,rows=29 cols=15 slider_extended=True,,2026-07-07T22:58:30
링크제니시스,01109955,219420,KOSDAQ,연간x별도,재무제표,DS-2/DS-3,DONE,"cross-check completed for ['매출액', '영업이익']",,2026-07-07T22:58:30
링크제니시스,01109955,219420,KOSDAQ,연간x별도,지표,CV-6,PASS,default metric selection visible,,2026-07-07T22:58:30
링크제니시스,01109955,219420,KOSDAQ,분기x연결,재무제표,DS-1,PASS,,,2026-07-07T22:58:36
링크제니시스,01109955,219420,KOSDAQ,분기x연결,상단,DS-8,PASS,,,2026-07-07T22:58:36
링크제니시스,01109955,219420,KOSDAQ,분기x연결,상단,DS-7,PASS,"badges seen: ['✅', '🔎', '⚠']",,2026-07-07T22:58:36
링크제니시스,01109955,219420,KOSDAQ,분기x연결,재무제표,CV-3,PASS,rows=29 cols=40 slider_extended=True,,2026-07-07T22:58:36
링크제니시스,01109955,219420,KOSDAQ,분기x연결,재무제표,DS-2/DS-3,DONE,"cross-check completed for ['매출액', '영업이익']",,2026-07-07T22:58:36
링크제니시스,01109955,219420,KOSDAQ,분기x연결,지표,CV-6,PASS,default metric selection visible,,2026-07-07T22:58:36
링크제니시스,01109955,219420,KOSDAQ,분기x별도,재무제표,DS-1,PASS,,,2026-07-07T22:58:43
링크제니시스,01109955,219420,KOSDAQ,분기x별도,상단,DS-8,PASS,,,2026-07-07T22:58:43
링크제니시스,01109955,219420,KOSDAQ,분기x별도,상단,DS-7,PASS,"badges seen: ['✅', '🔎', '⚠']",,2026-07-07T22:58:43
링크제니시스,01109955,219420,KOSDAQ,분기x별도,재무제표,CV-3,PASS,rows=29 cols=40 slider_extended=True,,2026-07-07T22:58:43
링크제니시스,01109955,219420,KOSDAQ,분기x별도,재무제표,DS-2/DS-3,DONE,"cross-check completed for ['매출액', '영업이익']",,2026-07-07T22:58:43
링크제니시스,01109955,219420,KOSDAQ,분기x별도,지표,CV-6,PASS,default metric selection visible,,2026-07-07T22:58:43
마녀공장,01136977,439090,KOSDAQ,연간x연결,재무제표,DS-1,PASS,,,2026-07-07T22:58:57
마녀공장,01136977,439090,KOSDAQ,연간x연결,상단,DS-8,PASS,,,2026-07-07T22:58:57
마녀공장,01136977,439090,KOSDAQ,연간x연결,상단,DS-7,PASS,"badges seen: ['✅', '🔎']",,2026-07-07T22:58:57
마녀공장,01136977,439090,KOSDAQ,연간x연결,재무제표,CV-3,PASS,rows=29 cols=7 slider_extended=True,,2026-07-07T22:58:57
마녀공장,01136977,439090,KOSDAQ,연간x연결,재무제표,DS-2/DS-3,DONE,"cross-check completed for ['매출액', '영업이익']",,2026-07-07T22:58:57
마녀공장,01136977,439090,KOSDAQ,연간x연결,지표,CV-6,PASS,default metric selection visible,,2026-07-07T22:58:57
마녀공장,01136977,439090,KOSDAQ,연간x별도,재무제표,DS-1,PASS,,,2026-07-07T22:59:02
마녀공장,01136977,439090,KOSDAQ,연간x별도,상단,DS-8,PASS,,,2026-07-07T22:59:02
마녀공장,01136977,439090,KOSDAQ,연간x별도,상단,DS-7,PASS,"badges seen: ['✅', '🔎']",,2026-07-07T22:59:02
마녀공장,01136977,439090,KOSDAQ,연간x별도,재무제표,CV-3,PASS,rows=29 cols=7 slider_extended=True,,2026-07-07T22:59:02
마녀공장,01136977,439090,KOSDAQ,연간x별도,재무제표,DS-2/DS-3,DONE,"cross-check completed for ['매출액', '영업이익']",,2026-07-07T22:59:02
마녀공장,01136977,439090,KOSDAQ,연간x별도,지표,CV-6,PASS,default metric selection visible,,2026-07-07T22:59:02
마녀공장,01136977,439090,KOSDAQ,분기x연결,재무제표,DS-1,PASS,,,2026-07-07T22:59:08
마녀공장,01136977,439090,KOSDAQ,분기x연결,상단,DS-8,PASS,,,2026-07-07T22:59:08
마녀공장,01136977,439090,KOSDAQ,분기x연결,상단,DS-7,PASS,"badges seen: ['✅', '🔎', '⚠']",,2026-07-07T22:59:08
마녀공장,01136977,439090,KOSDAQ,분기x연결,재무제표,CV-3,PASS,rows=29 cols=19 slider_extended=True,,2026-07-07T22:59:08
마녀공장,01136977,439090,KOSDAQ,분기x연결,재무제표,DS-2/DS-3,DONE,"cross-check completed for ['매출액', '영업이익']",,2026-07-07T22:59:08
마녀공장,01136977,439090,KOSDAQ,분기x연결,지표,CV-6,PASS,default metric selection visible,,2026-07-07T22:59:08
마녀공장,01136977,439090,KOSDAQ,분기x별도,재무제표,DS-1,PASS,,,2026-07-07T22:59:16
마녀공장,01136977,439090,KOSDAQ,분기x별도,상단,DS-8,PASS,,,2026-07-07T22:59:16
마녀공장,01136977,439090,KOSDAQ,분기x별도,상단,DS-7,PASS,"badges seen: ['✅', '🔎', '⚠']",,2026-07-07T22:59:16
마녀공장,01136977,439090,KOSDAQ,분기x별도,재무제표,CV-3,PASS,rows=29 cols=19 slider_extended=True,,2026-07-07T22:59:16
마녀공장,01136977,439090,KOSDAQ,분기x별도,재무제표,DS-2/DS-3,DONE,"cross-check completed for ['매출액', '영업이익']",,2026-07-07T22:59:16
마녀공장,01136977,439090,KOSDAQ,분기x별도,지표,CV-6,PASS,default metric selection visible,,2026-07-07T22:59:16
마니커에프앤지,00770312,195500,KOSDAQ,연간x연결,재무제표,DS-1,PASS,,,2026-07-07T22:59:29
마니커에프앤지,00770312,195500,KOSDAQ,연간x연결,상단,DS-8,PASS,,,2026-07-07T22:59:29
마니커에프앤지,00770312,195500,KOSDAQ,연간x연결,상단,DS-4,PASS,substitution caption present,,2026-07-07T22:59:29
마니커에프앤지,00770312,195500,KOSDAQ,연간x연결,상단,DS-7,PASS,"badges seen: ['✅', '🔎']",,2026-07-07T22:59:29
마니커에프앤지,00770312,195500,KOSDAQ,연간x연결,재무제표,CV-3,PASS,rows=29 cols=11 slider_extended=True,,2026-07-07T22:59:29
마니커에프앤지,00770312,195500,KOSDAQ,연간x연결,재무제표,DS-2/DS-3,DONE,"cross-check completed for ['매출액', '영업이익']",,2026-07-07T22:59:29
마니커에프앤지,00770312,195500,KOSDAQ,연간x연결,지표,CV-6,PASS,default metric selection visible,,2026-07-07T22:59:29
마니커에프앤지,00770312,195500,KOSDAQ,연간x별도,재무제표,DS-1,PASS,,,2026-07-07T22:59:34
마니커에프앤지,00770312,195500,KOSDAQ,연간x별도,상단,DS-8,PASS,,,2026-07-07T22:59:34
마니커에프앤지,00770312,195500,KOSDAQ,연간x별도,상단,DS-7,PASS,"badges seen: ['✅', '🔎']",,2026-07-07T22:59:34
마니커에프앤지,00770312,195500,KOSDAQ,연간x별도,재무제표,CV-3,PASS,rows=29 cols=11 slider_extended=True,,2026-07-07T22:59:34
마니커에프앤지,00770312,195500,KOSDAQ,연간x별도,재무제표,DS-2/DS-3,DONE,"cross-check completed for ['매출액', '영업이익']",,2026-07-07T22:59:34
마니커에프앤지,00770312,195500,KOSDAQ,연간x별도,지표,CV-6,PASS,default metric selection visible,,2026-07-07T22:59:34
마니커에프앤지,00770312,195500,KOSDAQ,분기x연결,재무제표,DS-1,PASS,,,2026-07-07T22:59:41
마니커에프앤지,00770312,195500,KOSDAQ,분기x연결,상단,DS-8,PASS,,,2026-07-07T22:59:41
마니커에프앤지,00770312,195500,KOSDAQ,분기x연결,상단,DS-4,PASS,substitution caption present,,2026-07-07T22:59:41
마니커에프앤지,00770312,195500,KOSDAQ,분기x연결,상단,DS-7,PASS,"badges seen: ['✅', '🔎']",,2026-07-07T22:59:41
마니커에프앤지,00770312,195500,KOSDAQ,분기x연결,재무제표,CV-3,PASS,rows=29 cols=33 slider_extended=True,,2026-07-07T22:59:41
마니커에프앤지,00770312,195500,KOSDAQ,분기x연결,재무제표,DS-2/DS-3,DONE,"cross-check completed for ['매출액', '영업이익']",,2026-07-07T22:59:41
마니커에프앤지,00770312,195500,KOSDAQ,분기x연결,지표,CV-6,PASS,default metric selection visible,,2026-07-07T22:59:41
마니커에프앤지,00770312,195500,KOSDAQ,분기x별도,재무제표,DS-1,PASS,,,2026-07-07T22:59:48
마니커에프앤지,00770312,195500,KOSDAQ,분기x별도,상단,DS-8,PASS,,,2026-07-07T22:59:48
마니커에프앤지,00770312,195500,KOSDAQ,분기x별도,상단,DS-7,PASS,"badges seen: ['✅', '🔎']",,2026-07-07T22:59:48
마니커에프앤지,00770312,195500,KOSDAQ,분기x별도,재무제표,CV-3,PASS,rows=29 cols=33 slider_extended=True,,2026-07-07T22:59:48
마니커에프앤지,00770312,195500,KOSDAQ,분기x별도,재무제표,DS-2/DS-3,DONE,"cross-check completed for ['매출액', '영업이익']",,2026-07-07T22:59:48
마니커에프앤지,00770312,195500,KOSDAQ,분기x별도,지표,CV-6,PASS,default metric selection visible,,2026-07-07T22:59:48
마이크로디지탈,01267967,305090,KOSDAQ,연간x연결,재무제표,DS-1,PASS,,,2026-07-07T23:00:01
마이크로디지탈,01267967,305090,KOSDAQ,연간x연결,상단,DS-8,PASS,,,2026-07-07T23:00:01
마이크로디지탈,01267967,305090,KOSDAQ,연간x연결,상단,DS-4,PASS,substitution caption present,,2026-07-07T23:00:01
마이크로디지탈,01267967,305090,KOSDAQ,연간x연결,상단,DS-7,PASS,"badges seen: ['✅', '🔎']",,2026-07-07T23:00:01
마이크로디지탈,01267967,305090,KOSDAQ,연간x연결,재무제표,CV-3,PASS,rows=29 cols=11 slider_extended=True,,2026-07-07T23:00:01
마이크로디지탈,01267967,305090,KOSDAQ,연간x연결,재무제표,DS-2/DS-3,DONE,"cross-check completed for ['매출액', '영업이익']",,2026-07-07T23:00:01
마이크로디지탈,01267967,305090,KOSDAQ,연간x연결,지표,CV-6,PASS,default metric selection visible,,2026-07-07T23:00:01
마이크로디지탈,01267967,305090,KOSDAQ,연간x별도,재무제표,DS-1,PASS,,,2026-07-07T23:00:07
마이크로디지탈,01267967,305090,KOSDAQ,연간x별도,상단,DS-8,PASS,,,2026-07-07T23:00:07
마이크로디지탈,01267967,305090,KOSDAQ,연간x별도,상단,DS-7,PASS,"badges seen: ['✅', '🔎']",,2026-07-07T23:00:07
마이크로디지탈,01267967,305090,KOSDAQ,연간x별도,재무제표,CV-3,PASS,rows=29 cols=11 slider_extended=True,,2026-07-07T23:00:07
마이크로디지탈,01267967,305090,KOSDAQ,연간x별도,재무제표,DS-2/DS-3,DONE,"cross-check completed for ['매출액', '영업이익']",,2026-07-07T23:00:07
마이크로디지탈,01267967,305090,KOSDAQ,연간x별도,지표,CV-6,PASS,default metric selection visible,,2026-07-07T23:00:07
마이크로디지탈,01267967,305090,KOSDAQ,분기x연결,재무제표,DS-1,PASS,,,2026-07-07T23:00:13
마이크로디지탈,01267967,305090,KOSDAQ,분기x연결,상단,DS-8,PASS,,,2026-07-07T23:00:13
마이크로디지탈,01267967,305090,KOSDAQ,분기x연결,상단,DS-7,PASS,"badges seen: ['✅', '🔎']",,2026-07-07T23:00:13
마이크로디지탈,01267967,305090,KOSDAQ,분기x연결,재무제표,CV-3,PASS,rows=29 cols=4 slider_extended=True,,2026-07-07T23:00:13
마이크로디지탈,01267967,305090,KOSDAQ,분기x연결,재무제표,DS-2/DS-3,DONE,"cross-check completed for ['매출액', '영업이익']",,2026-07-07T23:00:13
마이크로디지탈,01267967,305090,KOSDAQ,분기x연결,지표,CV-6,PASS,default metric selection visible,,2026-07-07T23:00:13
마이크로디지탈,01267967,305090,KOSDAQ,분기x별도,재무제표,DS-1,PASS,,,2026-07-07T23:00:20
마이크로디지탈,01267967,305090,KOSDAQ,분기x별도,상단,DS-8,PASS,,,2026-07-07T23:00:20
마이크로디지탈,01267967,305090,KOSDAQ,분기x별도,상단,DS-7,PASS,"badges seen: ['✅', '🔎', '⚠']",,2026-07-07T23:00:20
마이크로디지탈,01267967,305090,KOSDAQ,분기x별도,재무제표,CV-3,PASS,rows=29 cols=35 slider_extended=True,,2026-07-07T23:00:20
마이크로디지탈,01267967,305090,KOSDAQ,분기x별도,재무제표,DS-2/DS-3,DONE,"cross-check completed for ['매출액', '영업이익']",,2026-07-07T23:00:20
마이크로디지탈,01267967,305090,KOSDAQ,분기x별도,지표,CV-6,PASS,default metric selection visible,,2026-07-07T23:00:20
마이크로컨텍솔,00568188,098120,KOSDAQ,연간x연결,재무제표,DS-1,PASS,,,2026-07-07T23:00:32
마이크로컨텍솔,00568188,098120,KOSDAQ,연간x연결,상단,DS-8,PASS,,,2026-07-07T23:00:32
마이크로컨텍솔,00568188,098120,KOSDAQ,연간x연결,상단,DS-7,PASS,"badges seen: ['✅', '🔎', '⚠']",,2026-07-07T23:00:32
마이크로컨텍솔,00568188,098120,KOSDAQ,연간x연결,재무제표,CV-3,PASS,rows=29 cols=16 slider_extended=True,,2026-07-07T23:00:32
마이크로컨텍솔,00568188,098120,KOSDAQ,연간x연결,재무제표,DS-2/DS-3,DONE,"cross-check completed for ['매출액', '영업이익']",,2026-07-07T23:00:32
마이크로컨텍솔,00568188,098120,KOSDAQ,연간x연결,지표,CV-6,PASS,default metric selection visible,,2026-07-07T23:00:32
마이크로컨텍솔,00568188,098120,KOSDAQ,연간x별도,재무제표,DS-1,PASS,,,2026-07-07T23:00:37
마이크로컨텍솔,00568188,098120,KOSDAQ,연간x별도,상단,DS-8,PASS,,,2026-07-07T23:00:37
마이크로컨텍솔,00568188,098120,KOSDAQ,연간x별도,상단,DS-7,PASS,"badges seen: ['✅', '🔎', '⚠']",,2026-07-07T23:00:37
마이크로컨텍솔,00568188,098120,KOSDAQ,연간x별도,재무제표,CV-3,PASS,rows=29 cols=22 slider_extended=True,,2026-07-07T23:00:37
마이크로컨텍솔,00568188,098120,KOSDAQ,연간x별도,재무제표,DS-2/DS-3,DONE,"cross-check completed for ['매출액', '영업이익']",,2026-07-07T23:00:37
마이크로컨텍솔,00568188,098120,KOSDAQ,연간x별도,지표,CV-6,PASS,default metric selection visible,,2026-07-07T23:00:37
마이크로컨텍솔,00568188,098120,KOSDAQ,분기x연결,재무제표,DS-1,PASS,,,2026-07-07T23:00:44
마이크로컨텍솔,00568188,098120,KOSDAQ,분기x연결,상단,DS-8,PASS,,,2026-07-07T23:00:44
마이크로컨텍솔,00568188,098120,KOSDAQ,분기x연결,상단,DS-7,PASS,"badges seen: ['✅', '🔎']",,2026-07-07T23:00:44
마이크로컨텍솔,00568188,098120,KOSDAQ,분기x연결,재무제표,CV-3,PASS,rows=29 cols=54 slider_extended=True,,2026-07-07T23:00:44
마이크로컨텍솔,00568188,098120,KOSDAQ,분기x연결,재무제표,DS-2/DS-3,DONE,"cross-check completed for ['매출액', '영업이익']",,2026-07-07T23:00:44
마이크로컨텍솔,00568188,098120,KOSDAQ,분기x연결,지표,CV-6,PASS,default metric selection visible,,2026-07-07T23:00:44
마이크로컨텍솔,00568188,098120,KOSDAQ,분기x별도,재무제표,DS-1,PASS,,,2026-07-07T23:00:51
마이크로컨텍솔,00568188,098120,KOSDAQ,분기x별도,상단,DS-8,PASS,,,2026-07-07T23:00:51
마이크로컨텍솔,00568188,098120,KOSDAQ,분기x별도,상단,DS-7,PASS,"badges seen: ['✅', '🔎']",,2026-07-07T23:00:51
마이크로컨텍솔,00568188,098120,KOSDAQ,분기x별도,재무제표,CV-3,PASS,rows=29 cols=73 slider_extended=True,,2026-07-07T23:00:51
마이크로컨텍솔,00568188,098120,KOSDAQ,분기x별도,재무제표,DS-2/DS-3,DONE,"cross-check completed for ['매출액', '영업이익']",,2026-07-07T23:00:51
마이크로컨텍솔,00568188,098120,KOSDAQ,분기x별도,지표,CV-6,PASS,default metric selection visible,,2026-07-07T23:00:51
마이크로투나노,00624378,424980,KOSDAQ,연간x연결,재무제표,DS-1,PASS,,,2026-07-07T23:01:05
마이크로투나노,00624378,424980,KOSDAQ,연간x연결,상단,DS-8,PASS,,,2026-07-07T23:01:05
마이크로투나노,00624378,424980,KOSDAQ,연간x연결,상단,DS-4,PASS,substitution caption present,,2026-07-07T23:01:05
마이크로투나노,00624378,424980,KOSDAQ,연간x연결,상단,DS-7,PASS,"badges seen: ['✅', '🔎']",,2026-07-07T23:01:05
마이크로투나노,00624378,424980,KOSDAQ,연간x연결,재무제표,CV-3,PASS,rows=29 cols=7 slider_extended=True,,2026-07-07T23:01:05
마이크로투나노,00624378,424980,KOSDAQ,연간x연결,재무제표,DS-2/DS-3,DONE,"cross-check completed for ['매출액', '영업이익']",,2026-07-07T23:01:05
마이크로투나노,00624378,424980,KOSDAQ,연간x연결,지표,CV-6,PASS,default metric selection visible,,2026-07-07T23:01:05
마이크로투나노,00624378,424980,KOSDAQ,연간x별도,재무제표,DS-1,PASS,,,2026-07-07T23:01:10
마이크로투나노,00624378,424980,KOSDAQ,연간x별도,상단,DS-8,PASS,,,2026-07-07T23:01:10
마이크로투나노,00624378,424980,KOSDAQ,연간x별도,상단,DS-7,PASS,"badges seen: ['✅', '🔎']",,2026-07-07T23:01:10
마이크로투나노,00624378,424980,KOSDAQ,연간x별도,재무제표,CV-3,PASS,rows=29 cols=7 slider_extended=True,,2026-07-07T23:01:10
마이크로투나노,00624378,424980,KOSDAQ,연간x별도,재무제표,DS-2/DS-3,DONE,"cross-check completed for ['매출액', '영업이익']",,2026-07-07T23:01:10
마이크로투나노,00624378,424980,KOSDAQ,연간x별도,지표,CV-6,PASS,default metric selection visible,,2026-07-07T23:01:10
마이크로투나노,00624378,424980,KOSDAQ,분기x연결,재무제표,DS-1,PASS,,,2026-07-07T23:01:16
마이크로투나노,00624378,424980,KOSDAQ,분기x연결,상단,DS-8,PASS,,,2026-07-07T23:01:16
마이크로투나노,00624378,424980,KOSDAQ,분기x연결,상단,DS-4,PASS,substitution caption present,,2026-07-07T23:01:16
마이크로투나노,00624378,424980,KOSDAQ,분기x연결,상단,DS-7,PASS,"badges seen: ['✅', '🔎']",,2026-07-07T23:01:16
마이크로투나노,00624378,424980,KOSDAQ,분기x연결,재무제표,CV-3,PASS,rows=29 cols=19 slider_extended=True,,2026-07-07T23:01:16
마이크로투나노,00624378,424980,KOSDAQ,분기x연결,재무제표,DS-2/DS-3,DONE,"cross-check completed for ['매출액', '영업이익']",,2026-07-07T23:01:16
마이크로투나노,00624378,424980,KOSDAQ,분기x연결,지표,CV-6,PASS,default metric selection visible,,2026-07-07T23:01:16
마이크로투나노,00624378,424980,KOSDAQ,분기x별도,재무제표,DS-1,PASS,,,2026-07-07T23:01:23
마이크로투나노,00624378,424980,KOSDAQ,분기x별도,상단,DS-8,PASS,,,2026-07-07T23:01:23
마이크로투나노,00624378,424980,KOSDAQ,분기x별도,상단,DS-7,PASS,"badges seen: ['✅', '🔎']",,2026-07-07T23:01:23
마이크로투나노,00624378,424980,KOSDAQ,분기x별도,재무제표,CV-3,PASS,rows=29 cols=19 slider_extended=True,,2026-07-07T23:01:23
마이크로투나노,00624378,424980,KOSDAQ,분기x별도,재무제표,DS-2/DS-3,DONE,"cross-check completed for ['매출액', '영업이익']",,2026-07-07T23:01:23
마이크로투나노,00624378,424980,KOSDAQ,분기x별도,지표,CV-6,PASS,default metric selection visible,,2026-07-07T23:01:23
마크로젠,00261373,038290,KOSDAQ,연간x연결,재무제표,DS-1,PASS,,,2026-07-07T23:01:36
마크로젠,00261373,038290,KOSDAQ,연간x연결,상단,DS-8,PASS,,,2026-07-07T23:01:36
마크로젠,00261373,038290,KOSDAQ,연간x연결,상단,DS-7,PASS,"badges seen: ['✅', '🔎', '⚠']",,2026-07-07T23:01:36
마크로젠,00261373,038290,KOSDAQ,연간x연결,재무제표,CV-3,PASS,rows=29 cols=19 slider_extended=True,,2026-07-07T23:01:36
마크로젠,00261373,038290,KOSDAQ,연간x연결,재무제표,DS-2/DS-3,DONE,"cross-check completed for ['매출액', '영업이익']",,2026-07-07T23:01:36
마크로젠,00261373,038290,KOSDAQ,연간x연결,지표,CV-6,PASS,default metric selection visible,,2026-07-07T23:01:36
마크로젠,00261373,038290,KOSDAQ,연간x별도,재무제표,DS-1,PASS,,,2026-07-07T23:01:41
마크로젠,00261373,038290,KOSDAQ,연간x별도,상단,DS-8,PASS,,,2026-07-07T23:01:41
마크로젠,00261373,038290,KOSDAQ,연간x별도,상단,DS-7,PASS,"badges seen: ['✅', '🔎', '⚠']",,2026-07-07T23:01:41
마크로젠,00261373,038290,KOSDAQ,연간x별도,재무제표,CV-3,PASS,rows=29 cols=27 slider_extended=True,,2026-07-07T23:01:41
마크로젠,00261373,038290,KOSDAQ,연간x별도,재무제표,DS-2/DS-3,DONE,"cross-check completed for ['매출액', '영업이익']",,2026-07-07T23:01:41
마크로젠,00261373,038290,KOSDAQ,연간x별도,지표,CV-6,PASS,default metric selection visible,,2026-07-07T23:01:41
마크로젠,00261373,038290,KOSDAQ,분기x연결,재무제표,DS-1,PASS,,,2026-07-07T23:01:47
마크로젠,00261373,038290,KOSDAQ,분기x연결,상단,DS-8,PASS,,,2026-07-07T23:01:47
마크로젠,00261373,038290,KOSDAQ,분기x연결,상단,DS-7,PASS,"badges seen: ['✅', '🔎']",,2026-07-07T23:01:47
마크로젠,00261373,038290,KOSDAQ,분기x연결,재무제표,CV-3,PASS,rows=29 cols=60 slider_extended=True,,2026-07-07T23:01:47
마크로젠,00261373,038290,KOSDAQ,분기x연결,재무제표,DS-2/DS-3,DONE,"cross-check completed for ['매출액', '영업이익']",,2026-07-07T23:01:47
마크로젠,00261373,038290,KOSDAQ,분기x연결,지표,CV-6,PASS,default metric selection visible,,2026-07-07T23:01:47
마크로젠,00261373,038290,KOSDAQ,분기x별도,재무제표,DS-1,PASS,,,2026-07-07T23:01:55
마크로젠,00261373,038290,KOSDAQ,분기x별도,상단,DS-8,PASS,,,2026-07-07T23:01:55
마크로젠,00261373,038290,KOSDAQ,분기x별도,상단,DS-7,PASS,"badges seen: ['✅', '🔎']",,2026-07-07T23:01:55
마크로젠,00261373,038290,KOSDAQ,분기x별도,재무제표,CV-3,PASS,rows=29 cols=85 slider_extended=True,,2026-07-07T23:01:55
마크로젠,00261373,038290,KOSDAQ,분기x별도,재무제표,DS-2/DS-3,DONE,"cross-check completed for ['매출액', '영업이익']",,2026-07-07T23:01:55
마크로젠,00261373,038290,KOSDAQ,분기x별도,지표,CV-6,PASS,default metric selection visible,,2026-07-07T23:01:55
매일유업,01234507,267980,KOSDAQ,연간x연결,재무제표,DS-1,PASS,,,2026-07-07T23:02:09
매일유업,01234507,267980,KOSDAQ,연간x연결,상단,DS-8,PASS,,,2026-07-07T23:02:09
매일유업,01234507,267980,KOSDAQ,연간x연결,상단,DS-7,PASS,"badges seen: ['✅', '🔎']",,2026-07-07T23:02:09
매일유업,01234507,267980,KOSDAQ,연간x연결,재무제표,CV-3,PASS,rows=29 cols=11 slider_extended=True,,2026-07-07T23:02:09
매일유업,01234507,267980,KOSDAQ,연간x연결,재무제표,DS-2/DS-3,DONE,"cross-check completed for ['매출액', '영업이익']",,2026-07-07T23:02:09
매일유업,01234507,267980,KOSDAQ,연간x연결,지표,CV-6,PASS,default metric selection visible,,2026-07-07T23:02:09
매일유업,01234507,267980,KOSDAQ,연간x별도,재무제표,DS-1,PASS,,,2026-07-07T23:02:14
매일유업,01234507,267980,KOSDAQ,연간x별도,상단,DS-8,PASS,,,2026-07-07T23:02:14
매일유업,01234507,267980,KOSDAQ,연간x별도,상단,DS-7,PASS,"badges seen: ['✅', '🔎']",,2026-07-07T23:02:14
매일유업,01234507,267980,KOSDAQ,연간x별도,재무제표,CV-3,PASS,rows=29 cols=11 slider_extended=True,,2026-07-07T23:02:14
매일유업,01234507,267980,KOSDAQ,연간x별도,재무제표,DS-2/DS-3,DONE,"cross-check completed for ['매출액', '영업이익']",,2026-07-07T23:02:14
매일유업,01234507,267980,KOSDAQ,연간x별도,지표,CV-6,PASS,default metric selection visible,,2026-07-07T23:02:14
매일유업,01234507,267980,KOSDAQ,분기x연결,재무제표,DS-1,PASS,,,2026-07-07T23:02:20
매일유업,01234507,267980,KOSDAQ,분기x연결,상단,DS-8,PASS,,,2026-07-07T23:02:20
매일유업,01234507,267980,KOSDAQ,분기x연결,상단,DS-7,PASS,"badges seen: ['✅', '🔎']",,2026-07-07T23:02:20
매일유업,01234507,267980,KOSDAQ,분기x연결,재무제표,CV-3,PASS,rows=29 cols=39 slider_extended=True,,2026-07-07T23:02:20
매일유업,01234507,267980,KOSDAQ,분기x연결,재무제표,DS-2/DS-3,DONE,"cross-check completed for ['매출액', '영업이익']",,2026-07-07T23:02:20
매일유업,01234507,267980,KOSDAQ,분기x연결,지표,CV-6,PASS,default metric selection visible,,2026-07-07T23:02:20
매일유업,01234507,267980,KOSDAQ,분기x별도,재무제표,DS-1,PASS,,,2026-07-07T23:02:28
매일유업,01234507,267980,KOSDAQ,분기x별도,상단,DS-8,PASS,,,2026-07-07T23:02:28
매일유업,01234507,267980,KOSDAQ,분기x별도,상단,DS-7,PASS,"badges seen: ['✅', '🔎']",,2026-07-07T23:02:28
매일유업,01234507,267980,KOSDAQ,분기x별도,재무제표,CV-3,PASS,rows=29 cols=39 slider_extended=True,,2026-07-07T23:02:28
매일유업,01234507,267980,KOSDAQ,분기x별도,재무제표,DS-2/DS-3,DONE,"cross-check completed for ['매출액', '영업이익']",,2026-07-07T23:02:28
매일유업,01234507,267980,KOSDAQ,분기x별도,지표,CV-6,PASS,default metric selection visible,,2026-07-07T23:02:28
매일홀딩스,00120924,005990,KOSDAQ,연간x연결,재무제표,DS-1,PASS,,,2026-07-07T23:02:41
매일홀딩스,00120924,005990,KOSDAQ,연간x연결,상단,DS-8,PASS,,,2026-07-07T23:02:41
매일홀딩스,00120924,005990,KOSDAQ,연간x연결,상단,DS-7,PASS,"badges seen: ['✅', '🔎', '⚠']",,2026-07-07T23:02:41
매일홀딩스,00120924,005990,KOSDAQ,연간x연결,재무제표,CV-3,PASS,rows=29 cols=19 slider_extended=True,,2026-07-07T23:02:41
매일홀딩스,00120924,005990,KOSDAQ,연간x연결,재무제표,DS-2/DS-3,DONE,"cross-check completed for ['매출액', '영업이익']",,2026-07-07T23:02:41
매일홀딩스,00120924,005990,KOSDAQ,연간x연결,지표,CV-6,PASS,default metric selection visible,,2026-07-07T23:02:41
매일홀딩스,00120924,005990,KOSDAQ,연간x별도,재무제표,DS-1,PASS,,,2026-07-07T23:02:46
매일홀딩스,00120924,005990,KOSDAQ,연간x별도,상단,DS-8,PASS,,,2026-07-07T23:02:46
매일홀딩스,00120924,005990,KOSDAQ,연간x별도,상단,DS-7,PASS,"badges seen: ['✅', '🔎', '⚠']",,2026-07-07T23:02:46
매일홀딩스,00120924,005990,KOSDAQ,연간x별도,재무제표,CV-3,PASS,rows=29 cols=23 slider_extended=True,,2026-07-07T23:02:46
매일홀딩스,00120924,005990,KOSDAQ,연간x별도,재무제표,DS-2/DS-3,DONE,"cross-check completed for ['매출액', '영업이익']",,2026-07-07T23:02:46
매일홀딩스,00120924,005990,KOSDAQ,연간x별도,지표,CV-6,PASS,default metric selection visible,,2026-07-07T23:02:46
매일홀딩스,00120924,005990,KOSDAQ,분기x연결,재무제표,DS-1,PASS,,,2026-07-07T23:02:52
매일홀딩스,00120924,005990,KOSDAQ,분기x연결,상단,DS-8,PASS,,,2026-07-07T23:02:52
매일홀딩스,00120924,005990,KOSDAQ,분기x연결,상단,DS-7,PASS,"badges seen: ['✅', '🔎']",,2026-07-07T23:02:52
매일홀딩스,00120924,005990,KOSDAQ,분기x연결,재무제표,CV-3,PASS,rows=29 cols=60 slider_extended=True,,2026-07-07T23:02:52
매일홀딩스,00120924,005990,KOSDAQ,분기x연결,재무제표,DS-2/DS-3,DONE,"cross-check completed for ['매출액', '영업이익']",,2026-07-07T23:02:52
매일홀딩스,00120924,005990,KOSDAQ,분기x연결,지표,CV-6,PASS,default metric selection visible,,2026-07-07T23:02:52
매일홀딩스,00120924,005990,KOSDAQ,분기x별도,재무제표,DS-1,PASS,,,2026-07-07T23:03:00
매일홀딩스,00120924,005990,KOSDAQ,분기x별도,상단,DS-8,PASS,,,2026-07-07T23:03:00
매일홀딩스,00120924,005990,KOSDAQ,분기x별도,상단,DS-7,PASS,"badges seen: ['✅', '🔎', '⚠']",,2026-07-07T23:03:00
매일홀딩스,00120924,005990,KOSDAQ,분기x별도,재무제표,CV-3,PASS,rows=29 cols=74 slider_extended=True,,2026-07-07T23:03:00
매일홀딩스,00120924,005990,KOSDAQ,분기x별도,재무제표,DS-2/DS-3,DONE,"cross-check completed for ['매출액', '영업이익']",,2026-07-07T23:03:00
매일홀딩스,00120924,005990,KOSDAQ,분기x별도,지표,CV-6,PASS,default metric selection visible,,2026-07-07T23:03:00
매커스,00596677,093520,KOSDAQ,연간x연결,재무제표,DS-1,PASS,,,2026-07-07T23:03:13
매커스,00596677,093520,KOSDAQ,연간x연결,상단,DS-8,PASS,,,2026-07-07T23:03:13
매커스,00596677,093520,KOSDAQ,연간x연결,상단,DS-7,PASS,"badges seen: ['✅', '🔎', '⚠']",,2026-07-07T23:03:13
매커스,00596677,093520,KOSDAQ,연간x연결,재무제표,CV-3,PASS,rows=29 cols=19 slider_extended=True,,2026-07-07T23:03:13
매커스,00596677,093520,KOSDAQ,연간x연결,재무제표,DS-2/DS-3,DONE,"cross-check completed for ['매출액', '영업이익']",,2026-07-07T23:03:13
매커스,00596677,093520,KOSDAQ,연간x연결,지표,CV-6,PASS,default metric selection visible,,2026-07-07T23:03:13
매커스,00596677,093520,KOSDAQ,연간x별도,재무제표,DS-1,PASS,,,2026-07-07T23:03:18
매커스,00596677,093520,KOSDAQ,연간x별도,상단,DS-8,PASS,,,2026-07-07T23:03:18
매커스,00596677,093520,KOSDAQ,연간x별도,상단,DS-7,PASS,"badges seen: ['✅', '🔎']",,2026-07-07T23:03:18
매커스,00596677,093520,KOSDAQ,연간x별도,재무제표,CV-3,PASS,rows=29 cols=22 slider_extended=True,,2026-07-07T23:03:18
매커스,00596677,093520,KOSDAQ,연간x별도,재무제표,DS-2/DS-3,DONE,"cross-check completed for ['매출액', '영업이익']",,2026-07-07T23:03:18
매커스,00596677,093520,KOSDAQ,연간x별도,지표,CV-6,PASS,default metric selection visible,,2026-07-07T23:03:18
매커스,00596677,093520,KOSDAQ,분기x연결,재무제표,DS-1,PASS,,,2026-07-07T23:03:25
매커스,00596677,093520,KOSDAQ,분기x연결,상단,DS-8,PASS,,,2026-07-07T23:03:25
매커스,00596677,093520,KOSDAQ,분기x연결,상단,DS-7,PASS,"badges seen: ['✅', '🔎']",,2026-07-07T23:03:25
매커스,00596677,093520,KOSDAQ,분기x연결,재무제표,CV-3,PASS,rows=29 cols=60 slider_extended=True,,2026-07-07T23:03:25
매커스,00596677,093520,KOSDAQ,분기x연결,재무제표,DS-2/DS-3,DONE,"cross-check completed for ['매출액', '영업이익']",,2026-07-07T23:03:25
매커스,00596677,093520,KOSDAQ,분기x연결,지표,CV-6,PASS,default metric selection visible,,2026-07-07T23:03:25
매커스,00596677,093520,KOSDAQ,분기x별도,재무제표,DS-1,PASS,,,2026-07-07T23:03:32
매커스,00596677,093520,KOSDAQ,분기x별도,상단,DS-8,PASS,,,2026-07-07T23:03:32
매커스,00596677,093520,KOSDAQ,분기x별도,상단,DS-7,PASS,"badges seen: ['✅', '🔎']",,2026-07-07T23:03:32
매커스,00596677,093520,KOSDAQ,분기x별도,재무제표,CV-3,PASS,rows=29 cols=75 slider_extended=True,,2026-07-07T23:03:32
매커스,00596677,093520,KOSDAQ,분기x별도,재무제표,DS-2/DS-3,DONE,"cross-check completed for ['매출액', '영업이익']",,2026-07-07T23:03:32
매커스,00596677,093520,KOSDAQ,분기x별도,지표,CV-6,PASS,default metric selection visible,,2026-07-07T23:03:32
머큐리,00364740,100590,KOSDAQ,연간x연결,재무제표,DS-1,PASS,,,2026-07-07T23:03:43
머큐리,00364740,100590,KOSDAQ,연간x연결,상단,DS-8,PASS,,,2026-07-07T23:03:43
머큐리,00364740,100590,KOSDAQ,연간x연결,상단,DS-7,PASS,"badges seen: ['✅', '🔎', '⚠']",,2026-07-07T23:03:43
머큐리,00364740,100590,KOSDAQ,연간x연결,재무제표,CV-3,PASS,rows=29 cols=7 slider_extended=True,,2026-07-07T23:03:43
머큐리,00364740,100590,KOSDAQ,연간x연결,재무제표,DS-2/DS-3,DONE,"cross-check completed for ['매출액', '영업이익']",,2026-07-07T23:03:43
머큐리,00364740,100590,KOSDAQ,연간x연결,지표,CV-6,PASS,default metric selection visible,,2026-07-07T23:03:43
머큐리,00364740,100590,KOSDAQ,연간x별도,재무제표,DS-1,PASS,,,2026-07-07T23:03:48
머큐리,00364740,100590,KOSDAQ,연간x별도,상단,DS-8,PASS,,,2026-07-07T23:03:48
머큐리,00364740,100590,KOSDAQ,연간x별도,상단,DS-7,PASS,"badges seen: ['✅', '🔎', '⚠']",,2026-07-07T23:03:48
머큐리,00364740,100590,KOSDAQ,연간x별도,재무제표,CV-3,PASS,rows=29 cols=12 slider_extended=True,,2026-07-07T23:03:48
머큐리,00364740,100590,KOSDAQ,연간x별도,재무제표,DS-2/DS-3,DONE,"cross-check completed for ['매출액', '영업이익']",,2026-07-07T23:03:48
머큐리,00364740,100590,KOSDAQ,연간x별도,지표,CV-6,PASS,default metric selection visible,,2026-07-07T23:03:48
머큐리,00364740,100590,KOSDAQ,분기x연결,재무제표,DS-1,PASS,,,2026-07-07T23:03:54
머큐리,00364740,100590,KOSDAQ,분기x연결,상단,DS-8,PASS,,,2026-07-07T23:03:54
머큐리,00364740,100590,KOSDAQ,분기x연결,상단,DS-7,PASS,"badges seen: ['✅', '🔎']",,2026-07-07T23:03:54
머큐리,00364740,100590,KOSDAQ,분기x연결,재무제표,CV-3,PASS,rows=29 cols=18 slider_extended=True,,2026-07-07T23:03:54
머큐리,00364740,100590,KOSDAQ,분기x연결,재무제표,DS-2/DS-3,DONE,"cross-check completed for ['매출액', '영업이익']",,2026-07-07T23:03:54
머큐리,00364740,100590,KOSDAQ,분기x연결,지표,CV-6,PASS,default metric selection visible,,2026-07-07T23:03:54
머큐리,00364740,100590,KOSDAQ,분기x별도,재무제표,DS-1,PASS,,,2026-07-07T23:04:01
머큐리,00364740,100590,KOSDAQ,분기x별도,상단,DS-8,PASS,,,2026-07-07T23:04:01
머큐리,00364740,100590,KOSDAQ,분기x별도,상단,DS-7,PASS,"badges seen: ['✅', '🔎']",,2026-07-07T23:04:01
머큐리,00364740,100590,KOSDAQ,분기x별도,재무제표,CV-3,PASS,rows=29 cols=36 slider_extended=True,,2026-07-07T23:04:01
머큐리,00364740,100590,KOSDAQ,분기x별도,재무제표,DS-2/DS-3,DONE,"cross-check completed for ['매출액', '영업이익']",,2026-07-07T23:04:01
머큐리,00364740,100590,KOSDAQ,분기x별도,지표,CV-6,PASS,default metric selection visible,,2026-07-07T23:04:01
멀티캠퍼스,00425351,067280,KOSDAQ,연간x연결,재무제표,DS-1,PASS,,,2026-07-07T23:04:15
멀티캠퍼스,00425351,067280,KOSDAQ,연간x연결,상단,DS-8,PASS,,,2026-07-07T23:04:15
멀티캠퍼스,00425351,067280,KOSDAQ,연간x연결,상단,DS-7,PASS,"badges seen: ['✅', '🔎']",,2026-07-07T23:04:15
멀티캠퍼스,00425351,067280,KOSDAQ,연간x연결,재무제표,CV-3,PASS,rows=29 cols=18 slider_extended=True,,2026-07-07T23:04:15
멀티캠퍼스,00425351,067280,KOSDAQ,연간x연결,재무제표,DS-2/DS-3,DONE,"cross-check completed for ['매출액', '영업이익']",,2026-07-07T23:04:15
멀티캠퍼스,00425351,067280,KOSDAQ,연간x연결,지표,CV-6,PASS,default metric selection visible,,2026-07-07T23:04:15
멀티캠퍼스,00425351,067280,KOSDAQ,연간x별도,재무제표,DS-1,PASS,,,2026-07-07T23:04:20
멀티캠퍼스,00425351,067280,KOSDAQ,연간x별도,상단,DS-8,PASS,,,2026-07-07T23:04:20
멀티캠퍼스,00425351,067280,KOSDAQ,연간x별도,상단,DS-7,PASS,"badges seen: ['✅', '🔎']",,2026-07-07T23:04:20
멀티캠퍼스,00425351,067280,KOSDAQ,연간x별도,재무제표,CV-3,PASS,rows=29 cols=24 slider_extended=True,,2026-07-07T23:04:20
멀티캠퍼스,00425351,067280,KOSDAQ,연간x별도,재무제표,DS-2/DS-3,DONE,"cross-check completed for ['매출액', '영업이익']",,2026-07-07T23:04:20
멀티캠퍼스,00425351,067280,KOSDAQ,연간x별도,지표,CV-6,PASS,default metric selection visible,,2026-07-07T23:04:20
멀티캠퍼스,00425351,067280,KOSDAQ,분기x연결,재무제표,DS-1,PASS,,,2026-07-07T23:04:27
멀티캠퍼스,00425351,067280,KOSDAQ,분기x연결,상단,DS-8,PASS,,,2026-07-07T23:04:27
멀티캠퍼스,00425351,067280,KOSDAQ,분기x연결,상단,DS-7,PASS,"badges seen: ['✅', '🔎']",,2026-07-07T23:04:27
멀티캠퍼스,00425351,067280,KOSDAQ,분기x연결,재무제표,CV-3,PASS,rows=29 cols=60 slider_extended=True,,2026-07-07T23:04:27
멀티캠퍼스,00425351,067280,KOSDAQ,분기x연결,재무제표,DS-2/DS-3,DONE,"cross-check completed for ['매출액', '영업이익']",,2026-07-07T23:04:27
멀티캠퍼스,00425351,067280,KOSDAQ,분기x연결,지표,CV-6,PASS,default metric selection visible,,2026-07-07T23:04:27
멀티캠퍼스,00425351,067280,KOSDAQ,분기x별도,재무제표,DS-1,PASS,,,2026-07-07T23:04:34
멀티캠퍼스,00425351,067280,KOSDAQ,분기x별도,상단,DS-8,PASS,,,2026-07-07T23:04:34
멀티캠퍼스,00425351,067280,KOSDAQ,분기x별도,상단,DS-7,PASS,"badges seen: ['✅', '🔎']",,2026-07-07T23:04:34
멀티캠퍼스,00425351,067280,KOSDAQ,분기x별도,재무제표,CV-3,PASS,rows=29 cols=75 slider_extended=True,,2026-07-07T23:04:34
멀티캠퍼스,00425351,067280,KOSDAQ,분기x별도,재무제표,DS-2/DS-3,DONE,"cross-check completed for ['매출액', '영업이익']",,2026-07-07T23:04:34
멀티캠퍼스,00425351,067280,KOSDAQ,분기x별도,지표,CV-6,PASS,default metric selection visible,,2026-07-07T23:04:34
메가스터디,00422284,072870,KOSDAQ,연간x연결,재무제표,DS-1,PASS,,,2026-07-07T23:04:47
메가스터디,00422284,072870,KOSDAQ,연간x연결,상단,DS-8,PASS,,,2026-07-07T23:04:47
메가스터디,00422284,072870,KOSDAQ,연간x연결,상단,DS-7,PASS,"badges seen: ['✅', '🔎', '⚠']",,2026-07-07T23:04:47
메가스터디,00422284,072870,KOSDAQ,연간x연결,재무제표,CV-3,PASS,rows=29 cols=19 slider_extended=True,,2026-07-07T23:04:47
메가스터디,00422284,072870,KOSDAQ,연간x연결,재무제표,DS-2/DS-3,DONE,"cross-check completed for ['매출액', '영업이익']",,2026-07-07T23:04:47
메가스터디,00422284,072870,KOSDAQ,연간x연결,지표,CV-6,PASS,default metric selection visible,,2026-07-07T23:04:47
메가스터디,00422284,072870,KOSDAQ,연간x별도,재무제표,DS-1,PASS,,,2026-07-07T23:04:53
메가스터디,00422284,072870,KOSDAQ,연간x별도,상단,DS-8,PASS,,,2026-07-07T23:04:53
메가스터디,00422284,072870,KOSDAQ,연간x별도,상단,DS-7,PASS,"badges seen: ['✅', '🔎']",,2026-07-07T23:04:53
메가스터디,00422284,072870,KOSDAQ,연간x별도,재무제표,CV-3,PASS,rows=29 cols=26 slider_extended=True,,2026-07-07T23:04:53
메가스터디,00422284,072870,KOSDAQ,연간x별도,재무제표,DS-2/DS-3,DONE,"cross-check completed for ['매출액', '영업이익']",,2026-07-07T23:04:53
메가스터디,00422284,072870,KOSDAQ,연간x별도,지표,CV-6,PASS,default metric selection visible,,2026-07-07T23:04:53
메가스터디,00422284,072870,KOSDAQ,분기x연결,재무제표,DS-1,PASS,,,2026-07-07T23:04:59
메가스터디,00422284,072870,KOSDAQ,분기x연결,상단,DS-8,PASS,,,2026-07-07T23:04:59
메가스터디,00422284,072870,KOSDAQ,분기x연결,상단,DS-7,PASS,"badges seen: ['✅', '🔎']",,2026-07-07T23:04:59
메가스터디,00422284,072870,KOSDAQ,분기x연결,재무제표,CV-3,PASS,rows=29 cols=60 slider_extended=True,,2026-07-07T23:04:59
메가스터디,00422284,072870,KOSDAQ,분기x연결,재무제표,DS-2/DS-3,DONE,"cross-check completed for ['매출액', '영업이익']",,2026-07-07T23:04:59
메가스터디,00422284,072870,KOSDAQ,분기x연결,지표,CV-6,PASS,default metric selection visible,,2026-07-07T23:04:59
메가스터디,00422284,072870,KOSDAQ,분기x별도,재무제표,DS-1,PASS,,,2026-07-07T23:05:06
메가스터디,00422284,072870,KOSDAQ,분기x별도,상단,DS-8,PASS,,,2026-07-07T23:05:06
메가스터디,00422284,072870,KOSDAQ,분기x별도,상단,DS-7,PASS,"badges seen: ['✅', '🔎']",,2026-07-07T23:05:06
메가스터디,00422284,072870,KOSDAQ,분기x별도,재무제표,CV-3,PASS,rows=29 cols=82 slider_extended=True,,2026-07-07T23:05:06
메가스터디,00422284,072870,KOSDAQ,분기x별도,재무제표,DS-2/DS-3,DONE,"cross-check completed for ['매출액', '영업이익']",,2026-07-07T23:05:06
메가스터디,00422284,072870,KOSDAQ,분기x별도,지표,CV-6,PASS,default metric selection visible,,2026-07-07T23:05:06
메가스터디교육,01074862,215200,KOSDAQ,연간x연결,재무제표,DS-1,PASS,,,2026-07-07T23:05:20
메가스터디교육,01074862,215200,KOSDAQ,연간x연결,상단,DS-8,PASS,,,2026-07-07T23:05:20
메가스터디교육,01074862,215200,KOSDAQ,연간x연결,상단,DS-7,PASS,"badges seen: ['✅', '🔎', '⚠']",,2026-07-07T23:05:20
메가스터디교육,01074862,215200,KOSDAQ,연간x연결,재무제표,CV-3,PASS,rows=29 cols=13 slider_extended=True,,2026-07-07T23:05:20
메가스터디교육,01074862,215200,KOSDAQ,연간x연결,재무제표,DS-2/DS-3,DONE,"cross-check completed for ['매출액', '영업이익']",,2026-07-07T23:05:20
메가스터디교육,01074862,215200,KOSDAQ,연간x연결,지표,CV-6,PASS,default metric selection visible,,2026-07-07T23:05:20
메가스터디교육,01074862,215200,KOSDAQ,연간x별도,재무제표,DS-1,PASS,,,2026-07-07T23:05:25
메가스터디교육,01074862,215200,KOSDAQ,연간x별도,상단,DS-8,PASS,,,2026-07-07T23:05:25
메가스터디교육,01074862,215200,KOSDAQ,연간x별도,상단,DS-7,PASS,"badges seen: ['✅', '🔎', '⚠']",,2026-07-07T23:05:25
메가스터디교육,01074862,215200,KOSDAQ,연간x별도,재무제표,CV-3,PASS,rows=29 cols=13 slider_extended=True,,2026-07-07T23:05:25
메가스터디교육,01074862,215200,KOSDAQ,연간x별도,재무제표,DS-2/DS-3,DONE,"cross-check completed for ['매출액', '영업이익']",,2026-07-07T23:05:25
메가스터디교육,01074862,215200,KOSDAQ,연간x별도,지표,CV-6,PASS,default metric selection visible,,2026-07-07T23:05:25
메가스터디교육,01074862,215200,KOSDAQ,분기x연결,재무제표,DS-1,PASS,,,2026-07-07T23:05:31
메가스터디교육,01074862,215200,KOSDAQ,분기x연결,상단,DS-8,PASS,,,2026-07-07T23:05:31
메가스터디교육,01074862,215200,KOSDAQ,분기x연결,상단,DS-7,PASS,"badges seen: ['✅', '🔎']",,2026-07-07T23:05:31
메가스터디교육,01074862,215200,KOSDAQ,분기x연결,재무제표,CV-3,PASS,rows=29 cols=47 slider_extended=True,,2026-07-07T23:05:31
메가스터디교육,01074862,215200,KOSDAQ,분기x연결,재무제표,DS-2/DS-3,DONE,"cross-check completed for ['매출액', '영업이익']",,2026-07-07T23:05:31
메가스터디교육,01074862,215200,KOSDAQ,분기x연결,지표,CV-6,PASS,default metric selection visible,,2026-07-07T23:05:31
메가스터디교육,01074862,215200,KOSDAQ,분기x별도,재무제표,DS-1,PASS,,,2026-07-07T23:05:39
메가스터디교육,01074862,215200,KOSDAQ,분기x별도,상단,DS-8,PASS,,,2026-07-07T23:05:39
메가스터디교육,01074862,215200,KOSDAQ,분기x별도,상단,DS-7,PASS,"badges seen: ['✅', '🔎']",,2026-07-07T23:05:39
메가스터디교육,01074862,215200,KOSDAQ,분기x별도,재무제표,CV-3,PASS,rows=29 cols=47 slider_extended=True,,2026-07-07T23:05:39
메가스터디교육,01074862,215200,KOSDAQ,분기x별도,재무제표,DS-2/DS-3,DONE,"cross-check completed for ['매출액', '영업이익']",,2026-07-07T23:05:39
메가스터디교육,01074862,215200,KOSDAQ,분기x별도,지표,CV-6,FAIL,default metrics not found,,2026-07-07T23:05:39
메가엠디,00807555,133750,KOSDAQ,연간x연결,재무제표,DS-1,PASS,,,2026-07-07T23:05:52
메가엠디,00807555,133750,KOSDAQ,연간x연결,상단,DS-8,PASS,,,2026-07-07T23:05:52
메가엠디,00807555,133750,KOSDAQ,연간x연결,상단,DS-7,PASS,"badges seen: ['✅', '🔎', '⚠']",,2026-07-07T23:05:52
메가엠디,00807555,133750,KOSDAQ,연간x연결,재무제표,CV-3,PASS,rows=29 cols=14 slider_extended=True,,2026-07-07T23:05:52
메가엠디,00807555,133750,KOSDAQ,연간x연결,재무제표,DS-2/DS-3,DONE,"cross-check completed for ['매출액', '영업이익']",,2026-07-07T23:05:52
메가엠디,00807555,133750,KOSDAQ,연간x연결,지표,CV-6,PASS,default metric selection visible,,2026-07-07T23:05:52
메가엠디,00807555,133750,KOSDAQ,연간x별도,재무제표,DS-1,PASS,,,2026-07-07T23:05:58
메가엠디,00807555,133750,KOSDAQ,연간x별도,상단,DS-8,PASS,,,2026-07-07T23:05:58
메가엠디,00807555,133750,KOSDAQ,연간x별도,상단,DS-7,PASS,"badges seen: ['✅', '🔎']",,2026-07-07T23:05:58
메가엠디,00807555,133750,KOSDAQ,연간x별도,재무제표,CV-3,PASS,rows=29 cols=15 slider_extended=True,,2026-07-07T23:05:58
메가엠디,00807555,133750,KOSDAQ,연간x별도,재무제표,DS-2/DS-3,DONE,"cross-check completed for ['매출액', '영업이익']",,2026-07-07T23:05:58
메가엠디,00807555,133750,KOSDAQ,연간x별도,지표,CV-6,PASS,default metric selection visible,,2026-07-07T23:05:58
메가엠디,00807555,133750,KOSDAQ,분기x연결,재무제표,DS-1,PASS,,,2026-07-07T23:06:04
메가엠디,00807555,133750,KOSDAQ,분기x연결,상단,DS-8,PASS,,,2026-07-07T23:06:04
메가엠디,00807555,133750,KOSDAQ,분기x연결,상단,DS-7,PASS,"badges seen: ['✅', '🔎', '⚠']",,2026-07-07T23:06:04
메가엠디,00807555,133750,KOSDAQ,분기x연결,재무제표,CV-3,PASS,rows=29 cols=48 slider_extended=True,,2026-07-07T23:06:04
메가엠디,00807555,133750,KOSDAQ,분기x연결,재무제표,DS-2/DS-3,DONE,"cross-check completed for ['매출액', '영업이익']",,2026-07-07T23:06:04
메가엠디,00807555,133750,KOSDAQ,분기x연결,지표,CV-6,PASS,default metric selection visible,,2026-07-07T23:06:04
메가엠디,00807555,133750,KOSDAQ,분기x별도,재무제표,DS-1,PASS,,,2026-07-07T23:06:11
메가엠디,00807555,133750,KOSDAQ,분기x별도,상단,DS-8,PASS,,,2026-07-07T23:06:11
메가엠디,00807555,133750,KOSDAQ,분기x별도,상단,DS-7,PASS,"badges seen: ['✅', '🔎']",,2026-07-07T23:06:11
메가엠디,00807555,133750,KOSDAQ,분기x별도,재무제표,CV-3,PASS,rows=29 cols=51 slider_extended=True,,2026-07-07T23:06:11
메가엠디,00807555,133750,KOSDAQ,분기x별도,재무제표,DS-2/DS-3,DONE,"cross-check completed for ['매출액', '영업이익']",,2026-07-07T23:06:11
메가엠디,00807555,133750,KOSDAQ,분기x별도,지표,CV-6,PASS,default metric selection visible,,2026-07-07T23:06:11
메가터치,00923516,446540,KOSDAQ,연간x연결,재무제표,DS-1,PASS,,,2026-07-07T23:06:25
메가터치,00923516,446540,KOSDAQ,연간x연결,상단,DS-8,PASS,,,2026-07-07T23:06:25
메가터치,00923516,446540,KOSDAQ,연간x연결,상단,DS-4,PASS,substitution caption present,,2026-07-07T23:06:25
메가터치,00923516,446540,KOSDAQ,연간x연결,상단,DS-7,PASS,"badges seen: ['✅', '🔎']",,2026-07-07T23:06:25
메가터치,00923516,446540,KOSDAQ,연간x연결,재무제표,CV-3,PASS,rows=29 cols=7 slider_extended=True,,2026-07-07T23:06:25
메가터치,00923516,446540,KOSDAQ,연간x연결,재무제표,DS-2/DS-3,DONE,"cross-check completed for ['매출액', '영업이익']",,2026-07-07T23:06:25
메가터치,00923516,446540,KOSDAQ,연간x연결,지표,CV-6,PASS,default metric selection visible,,2026-07-07T23:06:25
메가터치,00923516,446540,KOSDAQ,연간x별도,재무제표,DS-1,PASS,,,2026-07-07T23:06:30
메가터치,00923516,446540,KOSDAQ,연간x별도,상단,DS-8,PASS,,,2026-07-07T23:06:30
메가터치,00923516,446540,KOSDAQ,연간x별도,상단,DS-7,PASS,"badges seen: ['✅', '🔎']",,2026-07-07T23:06:30
메가터치,00923516,446540,KOSDAQ,연간x별도,재무제표,CV-3,PASS,rows=29 cols=7 slider_extended=True,,2026-07-07T23:06:30
메가터치,00923516,446540,KOSDAQ,연간x별도,재무제표,DS-2/DS-3,DONE,"cross-check completed for ['매출액', '영업이익']",,2026-07-07T23:06:30
메가터치,00923516,446540,KOSDAQ,연간x별도,지표,CV-6,PASS,default metric selection visible,,2026-07-07T23:06:30
메가터치,00923516,446540,KOSDAQ,분기x연결,재무제표,DS-1,PASS,,,2026-07-07T23:06:36
메가터치,00923516,446540,KOSDAQ,분기x연결,상단,DS-8,PASS,,,2026-07-07T23:06:36
메가터치,00923516,446540,KOSDAQ,분기x연결,상단,DS-4,PASS,substitution caption present,,2026-07-07T23:06:36
메가터치,00923516,446540,KOSDAQ,분기x연결,상단,DS-7,PASS,"badges seen: ['✅', '🔎']",,2026-07-07T23:06:36
메가터치,00923516,446540,KOSDAQ,분기x연결,재무제표,CV-3,PASS,rows=29 cols=16 slider_extended=True,,2026-07-07T23:06:36
메가터치,00923516,446540,KOSDAQ,분기x연결,재무제표,DS-2/DS-3,DONE,"cross-check completed for ['매출액', '영업이익']",,2026-07-07T23:06:36
메가터치,00923516,446540,KOSDAQ,분기x연결,지표,CV-6,PASS,default metric selection visible,,2026-07-07T23:06:36
메가터치,00923516,446540,KOSDAQ,분기x별도,재무제표,DS-1,PASS,,,2026-07-07T23:06:43
메가터치,00923516,446540,KOSDAQ,분기x별도,상단,DS-8,PASS,,,2026-07-07T23:06:43
메가터치,00923516,446540,KOSDAQ,분기x별도,상단,DS-7,PASS,"badges seen: ['✅', '🔎']",,2026-07-07T23:06:43
메가터치,00923516,446540,KOSDAQ,분기x별도,재무제표,CV-3,PASS,rows=29 cols=14 slider_extended=True,,2026-07-07T23:06:43
메가터치,00923516,446540,KOSDAQ,분기x별도,재무제표,DS-2/DS-3,DONE,"cross-check completed for ['매출액', '영업이익']",,2026-07-07T23:06:43
메가터치,00923516,446540,KOSDAQ,분기x별도,지표,CV-6,PASS,default metric selection visible,,2026-07-07T23:06:43
메드팩토,01336373,235980,KOSDAQ,연간x연결,재무제표,DS-1,PASS,,,2026-07-07T23:06:57
메드팩토,01336373,235980,KOSDAQ,연간x연결,상단,DS-8,PASS,,,2026-07-07T23:06:57
메드팩토,01336373,235980,KOSDAQ,연간x연결,상단,DS-7,PASS,"badges seen: ['✅', '🔎']",,2026-07-07T23:06:57
메드팩토,01336373,235980,KOSDAQ,연간x연결,재무제표,CV-3,PASS,rows=29 cols=9 slider_extended=True,,2026-07-07T23:06:57
메드팩토,01336373,235980,KOSDAQ,연간x연결,재무제표,DS-2/DS-3,DONE,"cross-check completed for ['매출액', '영업이익']",,2026-07-07T23:06:57
메드팩토,01336373,235980,KOSDAQ,연간x연결,지표,CV-6,PASS,default metric selection visible,,2026-07-07T23:06:57
메드팩토,01336373,235980,KOSDAQ,연간x별도,재무제표,DS-1,PASS,,,2026-07-07T23:07:02
메드팩토,01336373,235980,KOSDAQ,연간x별도,상단,DS-8,PASS,,,2026-07-07T23:07:02
메드팩토,01336373,235980,KOSDAQ,연간x별도,상단,DS-7,PASS,"badges seen: ['✅', '🔎']",,2026-07-07T23:07:02
메드팩토,01336373,235980,KOSDAQ,연간x별도,재무제표,CV-3,PASS,rows=29 cols=11 slider_extended=True,,2026-07-07T23:07:02
메드팩토,01336373,235980,KOSDAQ,연간x별도,재무제표,DS-2/DS-3,DONE,"cross-check completed for ['매출액', '영업이익']",,2026-07-07T23:07:02
메드팩토,01336373,235980,KOSDAQ,연간x별도,지표,CV-6,PASS,default metric selection visible,,2026-07-07T23:07:02
메드팩토,01336373,235980,KOSDAQ,분기x연결,재무제표,DS-1,PASS,,,2026-07-07T23:07:08
메드팩토,01336373,235980,KOSDAQ,분기x연결,상단,DS-8,PASS,,,2026-07-07T23:07:08
메드팩토,01336373,235980,KOSDAQ,분기x연결,상단,DS-7,PASS,"badges seen: ['✅', '🔎']",,2026-07-07T23:07:08
메드팩토,01336373,235980,KOSDAQ,분기x연결,재무제표,CV-3,PASS,rows=29 cols=24 slider_extended=True,,2026-07-07T23:07:08
메드팩토,01336373,235980,KOSDAQ,분기x연결,재무제표,DS-2/DS-3,DONE,"cross-check completed for ['매출액', '영업이익']",,2026-07-07T23:07:08
메드팩토,01336373,235980,KOSDAQ,분기x연결,지표,CV-6,PASS,default metric selection visible,,2026-07-07T23:07:08
메드팩토,01336373,235980,KOSDAQ,분기x별도,재무제표,DS-1,PASS,,,2026-07-07T23:07:16
메드팩토,01336373,235980,KOSDAQ,분기x별도,상단,DS-8,PASS,,,2026-07-07T23:07:16
메드팩토,01336373,235980,KOSDAQ,분기x별도,상단,DS-7,PASS,"badges seen: ['✅', '🔎']",,2026-07-07T23:07:16
메드팩토,01336373,235980,KOSDAQ,분기x별도,재무제표,CV-3,PASS,rows=29 cols=33 slider_extended=True,,2026-07-07T23:07:16
메드팩토,01336373,235980,KOSDAQ,분기x별도,재무제표,DS-2/DS-3,DONE,"cross-check completed for ['매출액', '영업이익']",,2026-07-07T23:07:16
메드팩토,01336373,235980,KOSDAQ,분기x별도,지표,CV-6,PASS,default metric selection visible,,2026-07-07T23:07:16
메디아나,00273439,041920,KOSDAQ,연간x연결,재무제표,DS-1,PASS,,,2026-07-07T23:07:30
메디아나,00273439,041920,KOSDAQ,연간x연결,상단,DS-8,PASS,,,2026-07-07T23:07:30
메디아나,00273439,041920,KOSDAQ,연간x연결,상단,DS-7,PASS,"badges seen: ['✅', '🔎', '⚠']",,2026-07-07T23:07:30
메디아나,00273439,041920,KOSDAQ,연간x연결,재무제표,CV-3,PASS,rows=29 cols=17 slider_extended=True,,2026-07-07T23:07:30
메디아나,00273439,041920,KOSDAQ,연간x연결,재무제표,DS-2/DS-3,DONE,"cross-check completed for ['매출액', '영업이익']",,2026-07-07T23:07:30
메디아나,00273439,041920,KOSDAQ,연간x연결,지표,CV-6,PASS,default metric selection visible,,2026-07-07T23:07:30
메디아나,00273439,041920,KOSDAQ,연간x별도,재무제표,DS-1,PASS,,,2026-07-07T23:07:35
메디아나,00273439,041920,KOSDAQ,연간x별도,상단,DS-8,PASS,,,2026-07-07T23:07:35
메디아나,00273439,041920,KOSDAQ,연간x별도,상단,DS-7,PASS,"badges seen: ['✅', '🔎']",,2026-07-07T23:07:35
메디아나,00273439,041920,KOSDAQ,연간x별도,재무제표,CV-3,PASS,rows=29 cols=21 slider_extended=True,,2026-07-07T23:07:35
메디아나,00273439,041920,KOSDAQ,연간x별도,재무제표,DS-2/DS-3,DONE,"cross-check completed for ['매출액', '영업이익']",,2026-07-07T23:07:35
메디아나,00273439,041920,KOSDAQ,연간x별도,지표,CV-6,PASS,default metric selection visible,,2026-07-07T23:07:35
메디아나,00273439,041920,KOSDAQ,분기x연결,재무제표,DS-1,PASS,,,2026-07-07T23:07:41
메디아나,00273439,041920,KOSDAQ,분기x연결,상단,DS-8,PASS,,,2026-07-07T23:07:41
메디아나,00273439,041920,KOSDAQ,분기x연결,상단,DS-7,PASS,"badges seen: ['✅', '🔎']",,2026-07-07T23:07:41
메디아나,00273439,041920,KOSDAQ,분기x연결,재무제표,CV-3,PASS,rows=29 cols=54 slider_extended=True,,2026-07-07T23:07:41
메디아나,00273439,041920,KOSDAQ,분기x연결,재무제표,DS-2/DS-3,DONE,"cross-check completed for ['매출액', '영업이익']",,2026-07-07T23:07:41
메디아나,00273439,041920,KOSDAQ,분기x연결,지표,CV-6,PASS,default metric selection visible,,2026-07-07T23:07:41
메디아나,00273439,041920,KOSDAQ,분기x별도,재무제표,DS-1,PASS,,,2026-07-07T23:07:49
메디아나,00273439,041920,KOSDAQ,분기x별도,상단,DS-8,PASS,,,2026-07-07T23:07:49
메디아나,00273439,041920,KOSDAQ,분기x별도,상단,DS-7,PASS,"badges seen: ['✅', '🔎']",,2026-07-07T23:07:49
메디아나,00273439,041920,KOSDAQ,분기x별도,재무제표,CV-3,PASS,rows=29 cols=73 slider_extended=True,,2026-07-07T23:07:49
메디아나,00273439,041920,KOSDAQ,분기x별도,재무제표,DS-2/DS-3,DONE,"cross-check completed for ['매출액', '영업이익']",,2026-07-07T23:07:49
메디아나,00273439,041920,KOSDAQ,분기x별도,지표,CV-6,PASS,default metric selection visible,,2026-07-07T23:07:49
메디앙스,00267854,014100,KOSDAQ,연간x연결,재무제표,DS-1,PASS,,,2026-07-07T23:08:03
메디앙스,00267854,014100,KOSDAQ,연간x연결,상단,DS-8,PASS,,,2026-07-07T23:08:03
메디앙스,00267854,014100,KOSDAQ,연간x연결,상단,DS-7,PASS,"badges seen: ['✅', '🔎', '⚠']",,2026-07-07T23:08:03
메디앙스,00267854,014100,KOSDAQ,연간x연결,재무제표,CV-3,PASS,rows=29 cols=17 slider_extended=True,,2026-07-07T23:08:03
메디앙스,00267854,014100,KOSDAQ,연간x연결,재무제표,DS-2/DS-3,DONE,"cross-check completed for ['매출액', '영업이익']",,2026-07-07T23:08:03
메디앙스,00267854,014100,KOSDAQ,연간x연결,지표,CV-6,PASS,default metric selection visible,,2026-07-07T23:08:03
메디앙스,00267854,014100,KOSDAQ,연간x별도,재무제표,DS-1,PASS,,,2026-07-07T23:08:08
메디앙스,00267854,014100,KOSDAQ,연간x별도,상단,DS-8,PASS,,,2026-07-07T23:08:08
메디앙스,00267854,014100,KOSDAQ,연간x별도,상단,DS-7,PASS,"badges seen: ['✅', '🔎', '⚠']",,2026-07-07T23:08:08
메디앙스,00267854,014100,KOSDAQ,연간x별도,재무제표,CV-3,PASS,rows=29 cols=27 slider_extended=True,,2026-07-07T23:08:08
메디앙스,00267854,014100,KOSDAQ,연간x별도,재무제표,DS-2/DS-3,DONE,"cross-check completed for ['매출액', '영업이익']",,2026-07-07T23:08:08
메디앙스,00267854,014100,KOSDAQ,연간x별도,지표,CV-6,PASS,default metric selection visible,,2026-07-07T23:08:08
메디앙스,00267854,014100,KOSDAQ,분기x연결,재무제표,DS-1,PASS,,,2026-07-07T23:08:14
메디앙스,00267854,014100,KOSDAQ,분기x연결,상단,DS-8,PASS,,,2026-07-07T23:08:14
메디앙스,00267854,014100,KOSDAQ,분기x연결,상단,DS-7,PASS,"badges seen: ['✅', '🔎']",,2026-07-07T23:08:14
메디앙스,00267854,014100,KOSDAQ,분기x연결,재무제표,CV-3,PASS,rows=29 cols=58 slider_extended=True,,2026-07-07T23:08:14
메디앙스,00267854,014100,KOSDAQ,분기x연결,재무제표,DS-2/DS-3,DONE,"cross-check completed for ['매출액', '영업이익']",,2026-07-07T23:08:14
메디앙스,00267854,014100,KOSDAQ,분기x연결,지표,CV-6,PASS,default metric selection visible,,2026-07-07T23:08:14
메디앙스,00267854,014100,KOSDAQ,분기x별도,재무제표,DS-1,PASS,,,2026-07-07T23:08:21
메디앙스,00267854,014100,KOSDAQ,분기x별도,상단,DS-8,PASS,,,2026-07-07T23:08:21
메디앙스,00267854,014100,KOSDAQ,분기x별도,상단,DS-7,PASS,"badges seen: ['✅', '🔎']",,2026-07-07T23:08:21
메디앙스,00267854,014100,KOSDAQ,분기x별도,재무제표,CV-3,PASS,rows=29 cols=86 slider_extended=True,,2026-07-07T23:08:21
메디앙스,00267854,014100,KOSDAQ,분기x별도,재무제표,DS-2/DS-3,DONE,"cross-check completed for ['매출액', '영업이익']",,2026-07-07T23:08:21
메디앙스,00267854,014100,KOSDAQ,분기x별도,지표,CV-6,PASS,default metric selection visible,,2026-07-07T23:08:21
메디콕스,00356839,054180,KOSDAQ,연간x연결,재무제표,DS-1,PASS,,,2026-07-07T23:08:35
메디콕스,00356839,054180,KOSDAQ,연간x연결,상단,DS-8,PASS,,,2026-07-07T23:08:35
메디콕스,00356839,054180,KOSDAQ,연간x연결,상단,DS-7,PASS,"badges seen: ['✅', '🔎', '⚠']",,2026-07-07T23:08:35
메디콕스,00356839,054180,KOSDAQ,연간x연결,재무제표,CV-3,PASS,rows=29 cols=11 slider_extended=True,,2026-07-07T23:08:35
메디콕스,00356839,054180,KOSDAQ,연간x연결,재무제표,DS-2/DS-3,DONE,"cross-check completed for ['매출액', '영업이익']",,2026-07-07T23:08:35
메디콕스,00356839,054180,KOSDAQ,연간x연결,지표,CV-6,PASS,default metric selection visible,,2026-07-07T23:08:35
메디콕스,00356839,054180,KOSDAQ,연간x별도,재무제표,DS-1,PASS,,,2026-07-07T23:08:40
메디콕스,00356839,054180,KOSDAQ,연간x별도,상단,DS-8,PASS,,,2026-07-07T23:08:40
메디콕스,00356839,054180,KOSDAQ,연간x별도,상단,DS-7,PASS,"badges seen: ['✅', '🔎', '⚠']",,2026-07-07T23:08:40
메디콕스,00356839,054180,KOSDAQ,연간x별도,재무제표,CV-3,PASS,rows=29 cols=26 slider_extended=True,,2026-07-07T23:08:40
메디콕스,00356839,054180,KOSDAQ,연간x별도,재무제표,DS-2/DS-3,DONE,"cross-check completed for ['매출액', '영업이익']",,2026-07-07T23:08:40
메디콕스,00356839,054180,KOSDAQ,연간x별도,지표,CV-6,PASS,default metric selection visible,,2026-07-07T23:08:40
메디콕스,00356839,054180,KOSDAQ,분기x연결,재무제표,DS-1,PASS,,,2026-07-07T23:08:47
메디콕스,00356839,054180,KOSDAQ,분기x연결,상단,DS-8,PASS,,,2026-07-07T23:08:47
메디콕스,00356839,054180,KOSDAQ,분기x연결,상단,DS-7,PASS,"badges seen: ['✅', '🔎', '⚠']",,2026-07-07T23:08:47
메디콕스,00356839,054180,KOSDAQ,분기x연결,재무제표,CV-3,PASS,rows=29 cols=35 slider_extended=True,,2026-07-07T23:08:47
메디콕스,00356839,054180,KOSDAQ,분기x연결,재무제표,DS-2/DS-3,DONE,"cross-check completed for ['매출액', '영업이익']",,2026-07-07T23:08:47
메디콕스,00356839,054180,KOSDAQ,분기x연결,지표,CV-6,FAIL,default metrics not found,,2026-07-07T23:08:47
메디콕스,00356839,054180,KOSDAQ,분기x별도,재무제표,DS-1,PASS,,,2026-07-07T23:08:54
메디콕스,00356839,054180,KOSDAQ,분기x별도,상단,DS-8,PASS,,,2026-07-07T23:08:54
메디콕스,00356839,054180,KOSDAQ,분기x별도,상단,DS-7,PASS,"badges seen: ['✅', '🔎', '⚠']",,2026-07-07T23:08:54
메디콕스,00356839,054180,KOSDAQ,분기x별도,재무제표,CV-3,PASS,rows=29 cols=86 slider_extended=True,,2026-07-07T23:08:54
메디콕스,00356839,054180,KOSDAQ,분기x별도,재무제표,DS-2/DS-3,DONE,"cross-check completed for ['매출액', '영업이익']",,2026-07-07T23:08:54
메디콕스,00356839,054180,KOSDAQ,분기x별도,지표,CV-6,PASS,default metric selection visible,,2026-07-07T23:08:54
메디톡스,00580199,086900,KOSDAQ,연간x연결,재무제표,DS-1,PASS,,,2026-07-07T23:09:08
메디톡스,00580199,086900,KOSDAQ,연간x연결,상단,DS-8,PASS,,,2026-07-07T23:09:08
메디톡스,00580199,086900,KOSDAQ,연간x연결,상단,DS-7,PASS,"badges seen: ['✅', '🔎']",,2026-07-07T23:09:08
메디톡스,00580199,086900,KOSDAQ,연간x연결,재무제표,CV-3,PASS,rows=29 cols=17 slider_extended=True,,2026-07-07T23:09:08
메디톡스,00580199,086900,KOSDAQ,연간x연결,재무제표,DS-2/DS-3,DONE,"cross-check completed for ['매출액', '영업이익']",,2026-07-07T23:09:08
메디톡스,00580199,086900,KOSDAQ,연간x연결,지표,CV-6,PASS,default metric selection visible,,2026-07-07T23:09:08
메디톡스,00580199,086900,KOSDAQ,연간x별도,재무제표,DS-1,PASS,,,2026-07-07T23:09:14
메디톡스,00580199,086900,KOSDAQ,연간x별도,상단,DS-8,PASS,,,2026-07-07T23:09:14
메디톡스,00580199,086900,KOSDAQ,연간x별도,상단,DS-7,PASS,"badges seen: ['✅', '🔎']",,2026-07-07T23:09:14
메디톡스,00580199,086900,KOSDAQ,연간x별도,재무제표,CV-3,PASS,rows=29 cols=22 slider_extended=True,,2026-07-07T23:09:14
메디톡스,00580199,086900,KOSDAQ,연간x별도,재무제표,DS-2/DS-3,DONE,"cross-check completed for ['매출액', '영업이익']",,2026-07-07T23:09:14
메디톡스,00580199,086900,KOSDAQ,연간x별도,지표,CV-6,PASS,default metric selection visible,,2026-07-07T23:09:14
메디톡스,00580199,086900,KOSDAQ,분기x연결,재무제표,DS-1,PASS,,,2026-07-07T23:09:20
메디톡스,00580199,086900,KOSDAQ,분기x연결,상단,DS-8,PASS,,,2026-07-07T23:09:20
메디톡스,00580199,086900,KOSDAQ,분기x연결,상단,DS-7,PASS,"badges seen: ['✅', '🔎']",,2026-07-07T23:09:20
메디톡스,00580199,086900,KOSDAQ,분기x연결,재무제표,CV-3,PASS,rows=29 cols=60 slider_extended=True,,2026-07-07T23:09:20
메디톡스,00580199,086900,KOSDAQ,분기x연결,재무제표,DS-2/DS-3,DONE,"cross-check completed for ['매출액', '영업이익']",,2026-07-07T23:09:20
메디톡스,00580199,086900,KOSDAQ,분기x연결,지표,CV-6,PASS,default metric selection visible,,2026-07-07T23:09:20
메디톡스,00580199,086900,KOSDAQ,분기x별도,재무제표,DS-1,PASS,,,2026-07-07T23:09:27
메디톡스,00580199,086900,KOSDAQ,분기x별도,상단,DS-8,PASS,,,2026-07-07T23:09:27
메디톡스,00580199,086900,KOSDAQ,분기x별도,상단,DS-7,PASS,"badges seen: ['✅', '🔎']",,2026-07-07T23:09:27
메디톡스,00580199,086900,KOSDAQ,분기x별도,재무제표,CV-3,PASS,rows=29 cols=72 slider_extended=True,,2026-07-07T23:09:27
메디톡스,00580199,086900,KOSDAQ,분기x별도,재무제표,DS-2/DS-3,DONE,"cross-check completed for ['매출액', '영업이익']",,2026-07-07T23:09:27
메디톡스,00580199,086900,KOSDAQ,분기x별도,지표,CV-6,PASS,default metric selection visible,,2026-07-07T23:09:27
메디포스트,00453929,078160,KOSDAQ,연간x연결,재무제표,DS-1,PASS,,,2026-07-07T23:09:41
메디포스트,00453929,078160,KOSDAQ,연간x연결,상단,DS-8,PASS,,,2026-07-07T23:09:41
메디포스트,00453929,078160,KOSDAQ,연간x연결,상단,DS-7,PASS,"badges seen: ['✅', '🔎']",,2026-07-07T23:09:41
메디포스트,00453929,078160,KOSDAQ,연간x연결,재무제표,CV-3,PASS,rows=29 cols=19 slider_extended=True,,2026-07-07T23:09:41
메디포스트,00453929,078160,KOSDAQ,연간x연결,재무제표,DS-2/DS-3,DONE,"cross-check completed for ['매출액', '영업이익']",,2026-07-07T23:09:41
메디포스트,00453929,078160,KOSDAQ,연간x연결,지표,CV-6,PASS,default metric selection visible,,2026-07-07T23:09:41
메디포스트,00453929,078160,KOSDAQ,연간x별도,재무제표,DS-1,PASS,,,2026-07-07T23:09:46
메디포스트,00453929,078160,KOSDAQ,연간x별도,상단,DS-8,PASS,,,2026-07-07T23:09:46
메디포스트,00453929,078160,KOSDAQ,연간x별도,상단,DS-7,PASS,"badges seen: ['✅', '🔎', '⚠']",,2026-07-07T23:09:46
메디포스트,00453929,078160,KOSDAQ,연간x별도,재무제표,CV-3,PASS,rows=29 cols=25 slider_extended=True,,2026-07-07T23:09:46
메디포스트,00453929,078160,KOSDAQ,연간x별도,재무제표,DS-2/DS-3,DONE,"cross-check completed for ['매출액', '영업이익']",,2026-07-07T23:09:46
메디포스트,00453929,078160,KOSDAQ,연간x별도,지표,CV-6,PASS,default metric selection visible,,2026-07-07T23:09:46
메디포스트,00453929,078160,KOSDAQ,분기x연결,재무제표,DS-1,PASS,,,2026-07-07T23:09:53
메디포스트,00453929,078160,KOSDAQ,분기x연결,상단,DS-8,PASS,,,2026-07-07T23:09:53
메디포스트,00453929,078160,KOSDAQ,분기x연결,상단,DS-7,PASS,"badges seen: ['✅', '🔎']",,2026-07-07T23:09:53
메디포스트,00453929,078160,KOSDAQ,분기x연결,재무제표,CV-3,PASS,rows=29 cols=14 slider_extended=True,,2026-07-07T23:09:53
메디포스트,00453929,078160,KOSDAQ,분기x연결,재무제표,DS-2/DS-3,DONE,"cross-check completed for ['매출액', '영업이익']",,2026-07-07T23:09:53
메디포스트,00453929,078160,KOSDAQ,분기x연결,지표,CV-6,PASS,default metric selection visible,,2026-07-07T23:09:53
메디포스트,00453929,078160,KOSDAQ,분기x별도,재무제표,DS-1,PASS,,,2026-07-07T23:10:00
메디포스트,00453929,078160,KOSDAQ,분기x별도,상단,DS-8,PASS,,,2026-07-07T23:10:00
메디포스트,00453929,078160,KOSDAQ,분기x별도,상단,DS-7,PASS,"badges seen: ['✅', '🔎']",,2026-07-07T23:10:00
메디포스트,00453929,078160,KOSDAQ,분기x별도,재무제표,CV-3,PASS,rows=29 cols=78 slider_extended=True,,2026-07-07T23:10:00
메디포스트,00453929,078160,KOSDAQ,분기x별도,재무제표,DS-2/DS-3,DONE,"cross-check completed for ['매출액', '영업이익']",,2026-07-07T23:10:00
메디포스트,00453929,078160,KOSDAQ,분기x별도,지표,CV-6,PASS,default metric selection visible,,2026-07-07T23:10:00
메쎄이상,01596656,408920,KOSDAQ,연간x연결,재무제표,DS-1,PASS,,,2026-07-07T23:10:14
메쎄이상,01596656,408920,KOSDAQ,연간x연결,상단,DS-8,PASS,,,2026-07-07T23:10:14
메쎄이상,01596656,408920,KOSDAQ,연간x연결,상단,DS-7,PASS,"badges seen: ['✅', '🔎']",,2026-07-07T23:10:14
메쎄이상,01596656,408920,KOSDAQ,연간x연결,재무제표,CV-3,PASS,rows=29 cols=7 slider_extended=True,,2026-07-07T23:10:14
메쎄이상,01596656,408920,KOSDAQ,연간x연결,재무제표,DS-2/DS-3,DONE,"cross-check completed for ['매출액', '영업이익']",,2026-07-07T23:10:14
메쎄이상,01596656,408920,KOSDAQ,연간x연결,지표,CV-6,PASS,default metric selection visible,,2026-07-07T23:10:14
메쎄이상,01596656,408920,KOSDAQ,연간x별도,재무제표,DS-1,PASS,,,2026-07-07T23:10:19
메쎄이상,01596656,408920,KOSDAQ,연간x별도,상단,DS-8,PASS,,,2026-07-07T23:10:19
메쎄이상,01596656,408920,KOSDAQ,연간x별도,상단,DS-7,PASS,"badges seen: ['✅', '🔎']",,2026-07-07T23:10:19
메쎄이상,01596656,408920,KOSDAQ,연간x별도,재무제표,CV-3,PASS,rows=29 cols=8 slider_extended=True,,2026-07-07T23:10:19
메쎄이상,01596656,408920,KOSDAQ,연간x별도,재무제표,DS-2/DS-3,DONE,"cross-check completed for ['매출액', '영업이익']",,2026-07-07T23:10:19
메쎄이상,01596656,408920,KOSDAQ,연간x별도,지표,CV-6,PASS,default metric selection visible,,2026-07-07T23:10:19
메쎄이상,01596656,408920,KOSDAQ,분기x연결,재무제표,DS-1,PASS,,,2026-07-07T23:10:25
메쎄이상,01596656,408920,KOSDAQ,분기x연결,상단,DS-8,PASS,,,2026-07-07T23:10:25
메쎄이상,01596656,408920,KOSDAQ,분기x연결,상단,DS-7,PASS,"badges seen: ['✅', '🔎']",,2026-07-07T23:10:25
메쎄이상,01596656,408920,KOSDAQ,분기x연결,재무제표,CV-3,PASS,rows=29 cols=20 slider_extended=True,,2026-07-07T23:10:25
메쎄이상,01596656,408920,KOSDAQ,분기x연결,재무제표,DS-2/DS-3,DONE,"cross-check completed for ['매출액', '영업이익']",,2026-07-07T23:10:25
메쎄이상,01596656,408920,KOSDAQ,분기x연결,지표,CV-6,PASS,default metric selection visible,,2026-07-07T23:10:25
메쎄이상,01596656,408920,KOSDAQ,분기x별도,재무제표,DS-1,PASS,,,2026-07-07T23:10:32
메쎄이상,01596656,408920,KOSDAQ,분기x별도,상단,DS-8,PASS,,,2026-07-07T23:10:32
메쎄이상,01596656,408920,KOSDAQ,분기x별도,상단,DS-7,PASS,"badges seen: ['✅', '🔎']",,2026-07-07T23:10:32
메쎄이상,01596656,408920,KOSDAQ,분기x별도,재무제표,CV-3,PASS,rows=29 cols=20 slider_extended=True,,2026-07-07T23:10:32
메쎄이상,01596656,408920,KOSDAQ,분기x별도,재무제표,DS-2/DS-3,DONE,"cross-check completed for ['매출액', '영업이익']",,2026-07-07T23:10:32
메쎄이상,01596656,408920,KOSDAQ,분기x별도,지표,CV-6,PASS,default metric selection visible,,2026-07-07T23:10:32
메이슨캐피탈,00136101,021880,KOSDAQ,연간x연결,재무제표,DS-1,PASS,,,2026-07-07T23:10:46
메이슨캐피탈,00136101,021880,KOSDAQ,연간x연결,상단,DS-8,PASS,,,2026-07-07T23:10:46
메이슨캐피탈,00136101,021880,KOSDAQ,연간x연결,상단,DS-7,PASS,"badges seen: ['✅', '🔎', '⚠']",,2026-07-07T23:10:46
메이슨캐피탈,00136101,021880,KOSDAQ,연간x연결,재무제표,CV-3,PASS,rows=29 cols=19 slider_extended=True,,2026-07-07T23:10:46
메이슨캐피탈,00136101,021880,KOSDAQ,연간x연결,재무제표,DS-2/DS-3,DONE,"cross-check completed for ['매출액', '영업이익']",,2026-07-07T23:10:46
메이슨캐피탈,00136101,021880,KOSDAQ,연간x연결,지표,CV-6,PASS,default metric selection visible,,2026-07-07T23:10:46
메이슨캐피탈,00136101,021880,KOSDAQ,연간x별도,재무제표,DS-1,PASS,,,2026-07-07T23:10:51
메이슨캐피탈,00136101,021880,KOSDAQ,연간x별도,상단,DS-8,PASS,,,2026-07-07T23:10:51
메이슨캐피탈,00136101,021880,KOSDAQ,연간x별도,상단,DS-7,PASS,"badges seen: ['✅', '🔎', '⚠']",,2026-07-07T23:10:51
메이슨캐피탈,00136101,021880,KOSDAQ,연간x별도,재무제표,CV-3,PASS,rows=29 cols=22 slider_extended=True,,2026-07-07T23:10:51
메이슨캐피탈,00136101,021880,KOSDAQ,연간x별도,재무제표,DS-2/DS-3,DONE,"cross-check completed for ['매출액', '영업이익']",,2026-07-07T23:10:51
메이슨캐피탈,00136101,021880,KOSDAQ,연간x별도,지표,CV-6,PASS,default metric selection visible,,2026-07-07T23:10:51
메이슨캐피탈,00136101,021880,KOSDAQ,분기x연결,재무제표,DS-1,PASS,,,2026-07-07T23:10:57
메이슨캐피탈,00136101,021880,KOSDAQ,분기x연결,상단,DS-8,PASS,,,2026-07-07T23:10:57
메이슨캐피탈,00136101,021880,KOSDAQ,분기x연결,상단,DS-7,PASS,"badges seen: ['✅', '🔎', '⚠']",,2026-07-07T23:10:57
메이슨캐피탈,00136101,021880,KOSDAQ,분기x연결,재무제표,CV-3,PASS,rows=29 cols=56 slider_extended=True,,2026-07-07T23:10:57
메이슨캐피탈,00136101,021880,KOSDAQ,분기x연결,재무제표,DS-2/DS-3,DONE,"cross-check completed for ['매출액', '영업이익']",,2026-07-07T23:10:57
메이슨캐피탈,00136101,021880,KOSDAQ,분기x연결,지표,CV-6,PASS,default metric selection visible,,2026-07-07T23:10:57
메이슨캐피탈,00136101,021880,KOSDAQ,분기x별도,재무제표,DS-1,PASS,,,2026-07-07T23:11:05
메이슨캐피탈,00136101,021880,KOSDAQ,분기x별도,상단,DS-8,PASS,,,2026-07-07T23:11:05
메이슨캐피탈,00136101,021880,KOSDAQ,분기x별도,상단,DS-7,PASS,"badges seen: ['✅', '🔎', '⚠']",,2026-07-07T23:11:05
메이슨캐피탈,00136101,021880,KOSDAQ,분기x별도,재무제표,CV-3,PASS,rows=29 cols=72 slider_extended=True,,2026-07-07T23:11:05
메이슨캐피탈,00136101,021880,KOSDAQ,분기x별도,재무제표,DS-2/DS-3,DONE,"cross-check completed for ['매출액', '영업이익']",,2026-07-07T23:11:05
메이슨캐피탈,00136101,021880,KOSDAQ,분기x별도,지표,CV-6,PASS,default metric selection visible,,2026-07-07T23:11:05
메쥬,01780608,0088M0,KOSDAQ,연간x연결,재무제표,DS-1,PASS,,,2026-07-07T23:11:19
메쥬,01780608,0088M0,KOSDAQ,연간x연결,상단,DS-8,PASS,,,2026-07-07T23:11:19
메쥬,01780608,0088M0,KOSDAQ,연간x연결,상단,DS-4,PASS,substitution caption present,,2026-07-07T23:11:19
메쥬,01780608,0088M0,KOSDAQ,연간x연결,상단,DS-7,PASS,"badges seen: ['✅', '🔎']",,2026-07-07T23:11:19
메쥬,01780608,0088M0,KOSDAQ,연간x연결,재무제표,CV-3,PASS,rows=29 cols=5 slider_extended=True,,2026-07-07T23:11:19
메쥬,01780608,0088M0,KOSDAQ,연간x연결,재무제표,DS-2/DS-3,DONE,"cross-check completed for ['매출액', '영업이익']",,2026-07-07T23:11:19
메쥬,01780608,0088M0,KOSDAQ,연간x연결,지표,CV-6,PASS,default metric selection visible,,2026-07-07T23:11:19
메쥬,01780608,0088M0,KOSDAQ,연간x별도,재무제표,DS-1,PASS,,,2026-07-07T23:11:24
메쥬,01780608,0088M0,KOSDAQ,연간x별도,상단,DS-8,PASS,,,2026-07-07T23:11:24
메쥬,01780608,0088M0,KOSDAQ,연간x별도,상단,DS-7,PASS,"badges seen: ['✅', '🔎']",,2026-07-07T23:11:24
메쥬,01780608,0088M0,KOSDAQ,연간x별도,재무제표,CV-3,PASS,rows=29 cols=5 slider_extended=True,,2026-07-07T23:11:24
메쥬,01780608,0088M0,KOSDAQ,연간x별도,재무제표,DS-2/DS-3,DONE,"cross-check completed for ['매출액', '영업이익']",,2026-07-07T23:11:24
메쥬,01780608,0088M0,KOSDAQ,연간x별도,지표,CV-6,PASS,default metric selection visible,,2026-07-07T23:11:24
메쥬,01780608,0088M0,KOSDAQ,분기x연결,재무제표,DS-1,PASS,,,2026-07-07T23:11:30
메쥬,01780608,0088M0,KOSDAQ,분기x연결,상단,DS-8,PASS,,,2026-07-07T23:11:30
메쥬,01780608,0088M0,KOSDAQ,분기x연결,상단,DS-4,PASS,substitution caption present,,2026-07-07T23:11:30
메쥬,01780608,0088M0,KOSDAQ,분기x연결,상단,DS-7,PASS,"badges seen: ['✅', '🔎']",,2026-07-07T23:11:30
메쥬,01780608,0088M0,KOSDAQ,분기x연결,재무제표,CV-3,PASS,rows=29 cols=4 slider_extended=True,,2026-07-07T23:11:30
메쥬,01780608,0088M0,KOSDAQ,분기x연결,재무제표,DS-2/DS-3,DONE,"cross-check completed for ['매출액', '영업이익']",,2026-07-07T23:11:30
메쥬,01780608,0088M0,KOSDAQ,분기x연결,지표,CV-6,PASS,default metric selection visible,,2026-07-07T23:11:30
메쥬,01780608,0088M0,KOSDAQ,분기x별도,재무제표,DS-1,PASS,,,2026-07-07T23:11:37
메쥬,01780608,0088M0,KOSDAQ,분기x별도,상단,DS-8,PASS,,,2026-07-07T23:11:37
메쥬,01780608,0088M0,KOSDAQ,분기x별도,상단,DS-7,PASS,"badges seen: ['✅', '🔎']",,2026-07-07T23:11:37
메쥬,01780608,0088M0,KOSDAQ,분기x별도,재무제표,CV-3,PASS,rows=29 cols=4 slider_extended=True,,2026-07-07T23:11:37
메쥬,01780608,0088M0,KOSDAQ,분기x별도,재무제표,DS-2/DS-3,DONE,"cross-check completed for ['매출액', '영업이익']",,2026-07-07T23:11:37
메쥬,01780608,0088M0,KOSDAQ,분기x별도,지표,CV-6,PASS,default metric selection visible,,2026-07-07T23:11:37
메지온,00808022,140410,KOSDAQ,연간x연결,재무제표,DS-1,PASS,,,2026-07-07T23:11:51
메지온,00808022,140410,KOSDAQ,연간x연결,상단,DS-8,PASS,,,2026-07-07T23:11:51
메지온,00808022,140410,KOSDAQ,연간x연결,상단,DS-7,PASS,"badges seen: ['✅', '🔎']",,2026-07-07T23:11:51
메지온,00808022,140410,KOSDAQ,연간x연결,재무제표,CV-3,PASS,rows=29 cols=14 slider_extended=True,,2026-07-07T23:11:51
메지온,00808022,140410,KOSDAQ,연간x연결,재무제표,DS-2/DS-3,DONE,"cross-check completed for ['매출액', '영업이익']",,2026-07-07T23:11:51
메지온,00808022,140410,KOSDAQ,연간x연결,지표,CV-6,PASS,default metric selection visible,,2026-07-07T23:11:51
메지온,00808022,140410,KOSDAQ,연간x별도,재무제표,DS-1,PASS,,,2026-07-07T23:11:56
메지온,00808022,140410,KOSDAQ,연간x별도,상단,DS-8,PASS,,,2026-07-07T23:11:56
메지온,00808022,140410,KOSDAQ,연간x별도,상단,DS-7,PASS,"badges seen: ['✅', '🔎']",,2026-07-07T23:11:56
메지온,00808022,140410,KOSDAQ,연간x별도,재무제표,CV-3,PASS,rows=29 cols=18 slider_extended=True,,2026-07-07T23:11:56
메지온,00808022,140410,KOSDAQ,연간x별도,재무제표,DS-2/DS-3,DONE,"cross-check completed for ['매출액', '영업이익']",,2026-07-07T23:11:56
메지온,00808022,140410,KOSDAQ,연간x별도,지표,CV-6,FAIL,default metrics not found,,2026-07-07T23:11:56
메지온,00808022,140410,KOSDAQ,분기x연결,재무제표,DS-1,PASS,,,2026-07-07T23:12:02
메지온,00808022,140410,KOSDAQ,분기x연결,상단,DS-8,PASS,,,2026-07-07T23:12:02
메지온,00808022,140410,KOSDAQ,분기x연결,상단,DS-7,PASS,"badges seen: ['✅', '🔎']",,2026-07-07T23:12:02
메지온,00808022,140410,KOSDAQ,분기x연결,재무제표,CV-3,PASS,rows=29 cols=50 slider_extended=True,,2026-07-07T23:12:02
메지온,00808022,140410,KOSDAQ,분기x연결,재무제표,DS-2/DS-3,DONE,"cross-check completed for ['매출액', '영업이익']",,2026-07-07T23:12:02
메지온,00808022,140410,KOSDAQ,분기x연결,지표,CV-6,PASS,default metric selection visible,,2026-07-07T23:12:02
메지온,00808022,140410,KOSDAQ,분기x별도,재무제표,DS-1,PASS,,,2026-07-07T23:12:10
메지온,00808022,140410,KOSDAQ,분기x별도,상단,DS-8,PASS,,,2026-07-07T23:12:10
메지온,00808022,140410,KOSDAQ,분기x별도,상단,DS-7,PASS,"badges seen: ['✅', '🔎']",,2026-07-07T23:12:10
메지온,00808022,140410,KOSDAQ,분기x별도,재무제표,CV-3,PASS,rows=29 cols=63 slider_extended=True,,2026-07-07T23:12:10
메지온,00808022,140410,KOSDAQ,분기x별도,재무제표,DS-2/DS-3,DONE,"cross-check completed for ['매출액', '영업이익']",,2026-07-07T23:12:10
메지온,00808022,140410,KOSDAQ,분기x별도,지표,CV-6,PASS,default metric selection visible,,2026-07-07T23:12:10
메카로,00652007,241770,KOSDAQ,연간x연결,재무제표,DS-1,PASS,,,2026-07-07T23:12:23
메카로,00652007,241770,KOSDAQ,연간x연결,상단,DS-8,PASS,,,2026-07-07T23:12:23
메카로,00652007,241770,KOSDAQ,연간x연결,상단,DS-7,PASS,"badges seen: ['✅', '🔎', '⚠']",,2026-07-07T23:12:23
메카로,00652007,241770,KOSDAQ,연간x연결,재무제표,CV-3,PASS,rows=29 cols=12 slider_extended=True,,2026-07-07T23:12:23
메카로,00652007,241770,KOSDAQ,연간x연결,재무제표,DS-2/DS-3,DONE,"cross-check completed for ['매출액', '영업이익']",,2026-07-07T23:12:23
메카로,00652007,241770,KOSDAQ,연간x연결,지표,CV-6,PASS,default metric selection visible,,2026-07-07T23:12:23
메카로,00652007,241770,KOSDAQ,연간x별도,재무제표,DS-1,PASS,,,2026-07-07T23:12:29
메카로,00652007,241770,KOSDAQ,연간x별도,상단,DS-8,PASS,,,2026-07-07T23:12:29
메카로,00652007,241770,KOSDAQ,연간x별도,상단,DS-7,PASS,"badges seen: ['✅', '🔎', '⚠']",,2026-07-07T23:12:29
메카로,00652007,241770,KOSDAQ,연간x별도,재무제표,CV-3,PASS,rows=29 cols=13 slider_extended=True,,2026-07-07T23:12:29
메카로,00652007,241770,KOSDAQ,연간x별도,재무제표,DS-2/DS-3,DONE,"cross-check completed for ['매출액', '영업이익']",,2026-07-07T23:12:29
메카로,00652007,241770,KOSDAQ,연간x별도,지표,CV-6,PASS,default metric selection visible,,2026-07-07T23:12:29
메카로,00652007,241770,KOSDAQ,분기x연결,재무제표,DS-1,PASS,,,2026-07-07T23:12:35
메카로,00652007,241770,KOSDAQ,분기x연결,상단,DS-8,PASS,,,2026-07-07T23:12:35
메카로,00652007,241770,KOSDAQ,분기x연결,상단,DS-7,PASS,"badges seen: ['✅', '🔎']",,2026-07-07T23:12:35
메카로,00652007,241770,KOSDAQ,분기x연결,재무제표,CV-3,PASS,rows=29 cols=36 slider_extended=True,,2026-07-07T23:12:35
메카로,00652007,241770,KOSDAQ,분기x연결,재무제표,DS-2/DS-3,DONE,"cross-check completed for ['매출액', '영업이익']",,2026-07-07T23:12:35
메카로,00652007,241770,KOSDAQ,분기x연결,지표,CV-6,PASS,default metric selection visible,,2026-07-07T23:12:35
메카로,00652007,241770,KOSDAQ,분기x별도,재무제표,DS-1,PASS,,,2026-07-07T23:12:42
메카로,00652007,241770,KOSDAQ,분기x별도,상단,DS-8,PASS,,,2026-07-07T23:12:42
메카로,00652007,241770,KOSDAQ,분기x별도,상단,DS-7,PASS,"badges seen: ['✅', '🔎']",,2026-07-07T23:12:42
메카로,00652007,241770,KOSDAQ,분기x별도,재무제표,CV-3,PASS,rows=29 cols=40 slider_extended=True,,2026-07-07T23:12:42
메카로,00652007,241770,KOSDAQ,분기x별도,재무제표,DS-2/DS-3,DONE,"cross-check completed for ['매출액', '영업이익']",,2026-07-07T23:12:42
메카로,00652007,241770,KOSDAQ,분기x별도,지표,CV-6,PASS,default metric selection visible,,2026-07-07T23:12:42
메타바이오메드,00317681,059210,KOSDAQ,연간x연결,재무제표,DS-1,PASS,,,2026-07-07T23:12:56
메타바이오메드,00317681,059210,KOSDAQ,연간x연결,상단,DS-8,PASS,,,2026-07-07T23:12:56
메타바이오메드,00317681,059210,KOSDAQ,연간x연결,상단,DS-7,PASS,"badges seen: ['✅', '🔎']",,2026-07-07T23:12:56
메타바이오메드,00317681,059210,KOSDAQ,연간x연결,재무제표,CV-3,PASS,rows=29 cols=19 slider_extended=True,,2026-07-07T23:12:56
메타바이오메드,00317681,059210,KOSDAQ,연간x연결,재무제표,DS-2/DS-3,DONE,"cross-check completed for ['매출액', '영업이익']",,2026-07-07T23:12:56
메타바이오메드,00317681,059210,KOSDAQ,연간x연결,지표,CV-6,PASS,default metric selection visible,,2026-07-07T23:12:56
메타바이오메드,00317681,059210,KOSDAQ,연간x별도,재무제표,DS-1,PASS,,,2026-07-07T23:13:01
메타바이오메드,00317681,059210,KOSDAQ,연간x별도,상단,DS-8,PASS,,,2026-07-07T23:13:01
메타바이오메드,00317681,059210,KOSDAQ,연간x별도,상단,DS-7,PASS,"badges seen: ['✅', '🔎', '⚠']",,2026-07-07T23:13:01
메타바이오메드,00317681,059210,KOSDAQ,연간x별도,재무제표,CV-3,PASS,rows=29 cols=12 slider_extended=True,,2026-07-07T23:13:01
메타바이오메드,00317681,059210,KOSDAQ,연간x별도,재무제표,DS-2/DS-3,DONE,"cross-check completed for ['매출액', '영업이익']",,2026-07-07T23:13:01
메타바이오메드,00317681,059210,KOSDAQ,연간x별도,지표,CV-6,PASS,default metric selection visible,,2026-07-07T23:13:01
메타바이오메드,00317681,059210,KOSDAQ,분기x연결,재무제표,DS-1,PASS,,,2026-07-07T23:13:07
메타바이오메드,00317681,059210,KOSDAQ,분기x연결,상단,DS-8,PASS,,,2026-07-07T23:13:07
메타바이오메드,00317681,059210,KOSDAQ,분기x연결,상단,DS-7,PASS,"badges seen: ['✅', '🔎', '⚠']",,2026-07-07T23:13:07
메타바이오메드,00317681,059210,KOSDAQ,분기x연결,재무제표,CV-3,PASS,rows=29 cols=60 slider_extended=True,,2026-07-07T23:13:07
메타바이오메드,00317681,059210,KOSDAQ,분기x연결,재무제표,DS-2/DS-3,DONE,"cross-check completed for ['매출액', '영업이익']",,2026-07-07T23:13:07
메타바이오메드,00317681,059210,KOSDAQ,분기x연결,지표,CV-6,PASS,default metric selection visible,,2026-07-07T23:13:07
메타바이오메드,00317681,059210,KOSDAQ,분기x별도,재무제표,DS-1,PASS,,,2026-07-07T23:13:15
메타바이오메드,00317681,059210,KOSDAQ,분기x별도,상단,DS-8,PASS,,,2026-07-07T23:13:15
메타바이오메드,00317681,059210,KOSDAQ,분기x별도,상단,DS-7,PASS,"badges seen: ['✅', '🔎', '⚠']",,2026-07-07T23:13:15
메타바이오메드,00317681,059210,KOSDAQ,분기x별도,재무제표,CV-3,PASS,rows=29 cols=75 slider_extended=True,,2026-07-07T23:13:15
메타바이오메드,00317681,059210,KOSDAQ,분기x별도,재무제표,DS-2/DS-3,DONE,"cross-check completed for ['매출액', '영업이익']",,2026-07-07T23:13:15
메타바이오메드,00317681,059210,KOSDAQ,분기x별도,지표,CV-6,PASS,default metric selection visible,,2026-07-07T23:13:15
멕아이씨에스,00270113,058110,KOSDAQ,연간x연결,재무제표,DS-1,PASS,,,2026-07-07T23:13:28
멕아이씨에스,00270113,058110,KOSDAQ,연간x연결,상단,DS-8,PASS,,,2026-07-07T23:13:28
멕아이씨에스,00270113,058110,KOSDAQ,연간x연결,상단,DS-7,PASS,"badges seen: ['✅', '🔎', '⚠']",,2026-07-07T23:13:28
멕아이씨에스,00270113,058110,KOSDAQ,연간x연결,재무제표,CV-3,PASS,rows=29 cols=14 slider_extended=True,,2026-07-07T23:13:28
멕아이씨에스,00270113,058110,KOSDAQ,연간x연결,재무제표,DS-2/DS-3,DONE,"cross-check completed for ['매출액', '영업이익']",,2026-07-07T23:13:28
멕아이씨에스,00270113,058110,KOSDAQ,연간x연결,지표,CV-6,PASS,default metric selection visible,,2026-07-07T23:13:28
멕아이씨에스,00270113,058110,KOSDAQ,연간x별도,재무제표,DS-1,PASS,,,2026-07-07T23:13:34
멕아이씨에스,00270113,058110,KOSDAQ,연간x별도,상단,DS-8,PASS,,,2026-07-07T23:13:34
멕아이씨에스,00270113,058110,KOSDAQ,연간x별도,상단,DS-7,PASS,"badges seen: ['✅', '🔎', '⚠']",,2026-07-07T23:13:34
멕아이씨에스,00270113,058110,KOSDAQ,연간x별도,재무제표,CV-3,PASS,rows=29 cols=15 slider_extended=True,,2026-07-07T23:13:34
멕아이씨에스,00270113,058110,KOSDAQ,연간x별도,재무제표,DS-2/DS-3,DONE,"cross-check completed for ['매출액', '영업이익']",,2026-07-07T23:13:34
멕아이씨에스,00270113,058110,KOSDAQ,연간x별도,지표,CV-6,PASS,default metric selection visible,,2026-07-07T23:13:34
멕아이씨에스,00270113,058110,KOSDAQ,분기x연결,재무제표,DS-1,PASS,,,2026-07-07T23:13:40
멕아이씨에스,00270113,058110,KOSDAQ,분기x연결,상단,DS-8,PASS,,,2026-07-07T23:13:40
멕아이씨에스,00270113,058110,KOSDAQ,분기x연결,상단,DS-7,PASS,"badges seen: ['✅', '🔎']",,2026-07-07T23:13:40
멕아이씨에스,00270113,058110,KOSDAQ,분기x연결,재무제표,CV-3,PASS,rows=29 cols=51 slider_extended=True,,2026-07-07T23:13:40
멕아이씨에스,00270113,058110,KOSDAQ,분기x연결,재무제표,DS-2/DS-3,DONE,"cross-check completed for ['매출액', '영업이익']",,2026-07-07T23:13:40
멕아이씨에스,00270113,058110,KOSDAQ,분기x연결,지표,CV-6,PASS,default metric selection visible,,2026-07-07T23:13:40
멕아이씨에스,00270113,058110,KOSDAQ,분기x별도,재무제표,DS-1,PASS,,,2026-07-07T23:13:48
멕아이씨에스,00270113,058110,KOSDAQ,분기x별도,상단,DS-8,PASS,,,2026-07-07T23:13:48
멕아이씨에스,00270113,058110,KOSDAQ,분기x별도,상단,DS-7,PASS,"badges seen: ['✅', '🔎']",,2026-07-07T23:13:48
멕아이씨에스,00270113,058110,KOSDAQ,분기x별도,재무제표,CV-3,PASS,rows=29 cols=51 slider_extended=True,,2026-07-07T23:13:48
멕아이씨에스,00270113,058110,KOSDAQ,분기x별도,재무제표,DS-2/DS-3,DONE,"cross-check completed for ['매출액', '영업이익']",,2026-07-07T23:13:48
멕아이씨에스,00270113,058110,KOSDAQ,분기x별도,지표,CV-6,PASS,default metric selection visible,,2026-07-07T23:13:48
멤레이비티,00583026,072770,KOSDAQ,연간x연결,재무제표,DS-1,PASS,,,2026-07-07T23:14:02
멤레이비티,00583026,072770,KOSDAQ,연간x연결,상단,DS-8,PASS,,,2026-07-07T23:14:02
멤레이비티,00583026,072770,KOSDAQ,연간x연결,상단,DS-7,PASS,"badges seen: ['✅', '🔎', '⚠']",,2026-07-07T23:14:02
멤레이비티,00583026,072770,KOSDAQ,연간x연결,재무제표,CV-3,PASS,rows=29 cols=19 slider_extended=True,,2026-07-07T23:14:02
멤레이비티,00583026,072770,KOSDAQ,연간x연결,재무제표,DS-2/DS-3,DONE,"cross-check completed for ['매출액', '영업이익']",,2026-07-07T23:14:02
멤레이비티,00583026,072770,KOSDAQ,연간x연결,지표,CV-6,PASS,default metric selection visible,,2026-07-07T23:14:02
멤레이비티,00583026,072770,KOSDAQ,연간x별도,재무제표,DS-1,PASS,,,2026-07-07T23:14:07
멤레이비티,00583026,072770,KOSDAQ,연간x별도,상단,DS-8,PASS,,,2026-07-07T23:14:07
멤레이비티,00583026,072770,KOSDAQ,연간x별도,상단,DS-7,PASS,"badges seen: ['✅', '🔎', '⚠']",,2026-07-07T23:14:07
멤레이비티,00583026,072770,KOSDAQ,연간x별도,재무제표,CV-3,PASS,rows=29 cols=23 slider_extended=True,,2026-07-07T23:14:07
멤레이비티,00583026,072770,KOSDAQ,연간x별도,재무제표,DS-2/DS-3,DONE,"cross-check completed for ['매출액', '영업이익']",,2026-07-07T23:14:07
멤레이비티,00583026,072770,KOSDAQ,연간x별도,지표,CV-6,PASS,default metric selection visible,,2026-07-07T23:14:07
멤레이비티,00583026,072770,KOSDAQ,분기x연결,재무제표,DS-1,PASS,,,2026-07-07T23:14:13
멤레이비티,00583026,072770,KOSDAQ,분기x연결,상단,DS-8,PASS,,,2026-07-07T23:14:13
멤레이비티,00583026,072770,KOSDAQ,분기x연결,상단,DS-7,PASS,"badges seen: ['✅', '🔎', '⚠']",,2026-07-07T23:14:13
멤레이비티,00583026,072770,KOSDAQ,분기x연결,재무제표,CV-3,PASS,rows=29 cols=60 slider_extended=True,,2026-07-07T23:14:13
멤레이비티,00583026,072770,KOSDAQ,분기x연결,재무제표,DS-2/DS-3,DONE,"cross-check completed for ['매출액', '영업이익']",,2026-07-07T23:14:13
멤레이비티,00583026,072770,KOSDAQ,분기x연결,지표,CV-6,PASS,default metric selection visible,,2026-07-07T23:14:13
멤레이비티,00583026,072770,KOSDAQ,분기x별도,재무제표,DS-1,PASS,,,2026-07-07T23:14:20
멤레이비티,00583026,072770,KOSDAQ,분기x별도,상단,DS-8,PASS,,,2026-07-07T23:14:20
멤레이비티,00583026,072770,KOSDAQ,분기x별도,상단,DS-7,PASS,"badges seen: ['✅', '🔎', '⚠']",,2026-07-07T23:14:20
멤레이비티,00583026,072770,KOSDAQ,분기x별도,재무제표,CV-3,PASS,rows=29 cols=75 slider_extended=True,,2026-07-07T23:14:20
멤레이비티,00583026,072770,KOSDAQ,분기x별도,재무제표,DS-2/DS-3,DONE,"cross-check completed for ['매출액', '영업이익']",,2026-07-07T23:14:20
멤레이비티,00583026,072770,KOSDAQ,분기x별도,지표,CV-6,PASS,default metric selection visible,,2026-07-07T23:14:20
모니터랩,01583652,434480,KOSDAQ,연간x연결,재무제표,DS-1,PASS,,,2026-07-07T23:14:34
모니터랩,01583652,434480,KOSDAQ,연간x연결,상단,DS-8,PASS,,,2026-07-07T23:14:34
모니터랩,01583652,434480,KOSDAQ,연간x연결,상단,DS-7,PASS,"badges seen: ['✅', '🔎']",,2026-07-07T23:14:34
모니터랩,01583652,434480,KOSDAQ,연간x연결,재무제표,CV-3,PASS,rows=29 cols=7 slider_extended=True,,2026-07-07T23:14:34
모니터랩,01583652,434480,KOSDAQ,연간x연결,재무제표,DS-2/DS-3,DONE,"cross-check completed for ['매출액', '영업이익']",,2026-07-07T23:14:34
모니터랩,01583652,434480,KOSDAQ,연간x연결,지표,CV-6,PASS,default metric selection visible,,2026-07-07T23:14:34
모니터랩,01583652,434480,KOSDAQ,연간x별도,재무제표,DS-1,PASS,,,2026-07-07T23:14:39
모니터랩,01583652,434480,KOSDAQ,연간x별도,상단,DS-8,PASS,,,2026-07-07T23:14:39
모니터랩,01583652,434480,KOSDAQ,연간x별도,상단,DS-7,PASS,"badges seen: ['✅', '🔎']",,2026-07-07T23:14:39
모니터랩,01583652,434480,KOSDAQ,연간x별도,재무제표,CV-3,PASS,rows=29 cols=7 slider_extended=True,,2026-07-07T23:14:39
모니터랩,01583652,434480,KOSDAQ,연간x별도,재무제표,DS-2/DS-3,DONE,"cross-check completed for ['매출액', '영업이익']",,2026-07-07T23:14:39
모니터랩,01583652,434480,KOSDAQ,연간x별도,지표,CV-6,PASS,default metric selection visible,,2026-07-07T23:14:39
모니터랩,01583652,434480,KOSDAQ,분기x연결,재무제표,DS-1,PASS,,,2026-07-07T23:14:45
모니터랩,01583652,434480,KOSDAQ,분기x연결,상단,DS-8,PASS,,,2026-07-07T23:14:45
모니터랩,01583652,434480,KOSDAQ,분기x연결,상단,DS-7,PASS,"badges seen: ['✅', '🔎']",,2026-07-07T23:14:45
모니터랩,01583652,434480,KOSDAQ,분기x연결,재무제표,CV-3,PASS,rows=29 cols=19 slider_extended=True,,2026-07-07T23:14:45
모니터랩,01583652,434480,KOSDAQ,분기x연결,재무제표,DS-2/DS-3,DONE,"cross-check completed for ['매출액', '영업이익']",,2026-07-07T23:14:45
모니터랩,01583652,434480,KOSDAQ,분기x연결,지표,CV-6,PASS,default metric selection visible,,2026-07-07T23:14:45
모니터랩,01583652,434480,KOSDAQ,분기x별도,재무제표,DS-1,PASS,,,2026-07-07T23:14:53
모니터랩,01583652,434480,KOSDAQ,분기x별도,상단,DS-8,PASS,,,2026-07-07T23:14:53
모니터랩,01583652,434480,KOSDAQ,분기x별도,상단,DS-7,PASS,"badges seen: ['✅', '🔎']",,2026-07-07T23:14:53
모니터랩,01583652,434480,KOSDAQ,분기x별도,재무제표,CV-3,PASS,rows=29 cols=19 slider_extended=True,,2026-07-07T23:14:53
모니터랩,01583652,434480,KOSDAQ,분기x별도,재무제표,DS-2/DS-3,DONE,"cross-check completed for ['매출액', '영업이익']",,2026-07-07T23:14:53
모니터랩,01583652,434480,KOSDAQ,분기x별도,지표,CV-6,PASS,default metric selection visible,,2026-07-07T23:14:53
모다이노칩,00480048,080420,KOSDAQ,연간x연결,재무제표,DS-1,PASS,,,2026-07-07T23:15:06
모다이노칩,00480048,080420,KOSDAQ,연간x연결,상단,DS-8,PASS,,,2026-07-07T23:15:06
모다이노칩,00480048,080420,KOSDAQ,연간x연결,상단,DS-7,PASS,"badges seen: ['✅', '🔎', '⚠']",,2026-07-07T23:15:06
모다이노칩,00480048,080420,KOSDAQ,연간x연결,재무제표,CV-3,PASS,rows=29 cols=12 slider_extended=True,,2026-07-07T23:15:06
모다이노칩,00480048,080420,KOSDAQ,연간x연결,재무제표,DS-2/DS-3,DONE,"cross-check completed for ['매출액', '영업이익']",,2026-07-07T23:15:06
모다이노칩,00480048,080420,KOSDAQ,연간x연결,지표,CV-6,PASS,default metric selection visible,,2026-07-07T23:15:06
모다이노칩,00480048,080420,KOSDAQ,연간x별도,재무제표,DS-1,PASS,,,2026-07-07T23:15:12
모다이노칩,00480048,080420,KOSDAQ,연간x별도,상단,DS-8,PASS,,,2026-07-07T23:15:12
모다이노칩,00480048,080420,KOSDAQ,연간x별도,상단,DS-7,PASS,"badges seen: ['✅', '🔎', '⚠']",,2026-07-07T23:15:12
모다이노칩,00480048,080420,KOSDAQ,연간x별도,재무제표,CV-3,PASS,rows=29 cols=25 slider_extended=True,,2026-07-07T23:15:12
모다이노칩,00480048,080420,KOSDAQ,연간x별도,재무제표,DS-2/DS-3,DONE,"cross-check completed for ['매출액', '영업이익']",,2026-07-07T23:15:12
모다이노칩,00480048,080420,KOSDAQ,연간x별도,지표,CV-6,PASS,default metric selection visible,,2026-07-07T23:15:12
모다이노칩,00480048,080420,KOSDAQ,분기x연결,재무제표,DS-1,PASS,,,2026-07-07T23:15:18
모다이노칩,00480048,080420,KOSDAQ,분기x연결,상단,DS-8,PASS,,,2026-07-07T23:15:18
모다이노칩,00480048,080420,KOSDAQ,분기x연결,상단,DS-7,PASS,"badges seen: ['✅', '🔎', '⚠']",,2026-07-07T23:15:18
모다이노칩,00480048,080420,KOSDAQ,분기x연결,재무제표,CV-3,PASS,rows=29 cols=60 slider_extended=True,,2026-07-07T23:15:18
모다이노칩,00480048,080420,KOSDAQ,분기x연결,재무제표,DS-2/DS-3,DONE,"cross-check completed for ['매출액', '영업이익']",,2026-07-07T23:15:18
모다이노칩,00480048,080420,KOSDAQ,분기x연결,지표,CV-6,PASS,default metric selection visible,,2026-07-07T23:15:18
모다이노칩,00480048,080420,KOSDAQ,분기x별도,재무제표,DS-1,PASS,,,2026-07-07T23:15:26
모다이노칩,00480048,080420,KOSDAQ,분기x별도,상단,DS-8,PASS,,,2026-07-07T23:15:26
모다이노칩,00480048,080420,KOSDAQ,분기x별도,상단,DS-7,PASS,"badges seen: ['✅', '🔎', '⚠']",,2026-07-07T23:15:26
모다이노칩,00480048,080420,KOSDAQ,분기x별도,재무제표,CV-3,PASS,rows=29 cols=79 slider_extended=True,,2026-07-07T23:15:26
모다이노칩,00480048,080420,KOSDAQ,분기x별도,재무제표,DS-2/DS-3,DONE,"cross-check completed for ['매출액', '영업이익']",,2026-07-07T23:15:26
모다이노칩,00480048,080420,KOSDAQ,분기x별도,지표,CV-6,PASS,default metric selection visible,,2026-07-07T23:15:26
모델솔루션,00657783,417970,KOSDAQ,연간x연결,재무제표,DS-1,PASS,,,2026-07-07T23:15:39
모델솔루션,00657783,417970,KOSDAQ,연간x연결,상단,DS-8,PASS,,,2026-07-07T23:15:39
모델솔루션,00657783,417970,KOSDAQ,연간x연결,상단,DS-7,PASS,"badges seen: ['✅', '🔎']",,2026-07-07T23:15:39
모델솔루션,00657783,417970,KOSDAQ,연간x연결,재무제표,CV-3,PASS,rows=29 cols=8 slider_extended=True,,2026-07-07T23:15:39
모델솔루션,00657783,417970,KOSDAQ,연간x연결,재무제표,DS-2/DS-3,DONE,"cross-check completed for ['매출액', '영업이익']",,2026-07-07T23:15:39
모델솔루션,00657783,417970,KOSDAQ,연간x연결,지표,CV-6,PASS,default metric selection visible,,2026-07-07T23:15:39
모델솔루션,00657783,417970,KOSDAQ,연간x별도,재무제표,DS-1,PASS,,,2026-07-07T23:15:45
모델솔루션,00657783,417970,KOSDAQ,연간x별도,상단,DS-8,PASS,,,2026-07-07T23:15:45
모델솔루션,00657783,417970,KOSDAQ,연간x별도,상단,DS-7,PASS,"badges seen: ['✅', '🔎', '⚠']",,2026-07-07T23:15:45
모델솔루션,00657783,417970,KOSDAQ,연간x별도,재무제표,CV-3,PASS,rows=29 cols=8 slider_extended=True,,2026-07-07T23:15:45
모델솔루션,00657783,417970,KOSDAQ,연간x별도,재무제표,DS-2/DS-3,DONE,"cross-check completed for ['매출액', '영업이익']",,2026-07-07T23:15:45
모델솔루션,00657783,417970,KOSDAQ,연간x별도,지표,CV-6,PASS,default metric selection visible,,2026-07-07T23:15:45
모델솔루션,00657783,417970,KOSDAQ,분기x연결,재무제표,DS-1,PASS,,,2026-07-07T23:15:51
모델솔루션,00657783,417970,KOSDAQ,분기x연결,상단,DS-8,PASS,,,2026-07-07T23:15:51
모델솔루션,00657783,417970,KOSDAQ,분기x연결,상단,DS-7,PASS,"badges seen: ['✅', '🔎']",,2026-07-07T23:15:51
모델솔루션,00657783,417970,KOSDAQ,분기x연결,재무제표,CV-3,PASS,rows=29 cols=20 slider_extended=True,,2026-07-07T23:15:51
모델솔루션,00657783,417970,KOSDAQ,분기x연결,재무제표,DS-2/DS-3,DONE,"cross-check completed for ['매출액', '영업이익']",,2026-07-07T23:15:51
모델솔루션,00657783,417970,KOSDAQ,분기x연결,지표,CV-6,PASS,default metric selection visible,,2026-07-07T23:15:51
모델솔루션,00657783,417970,KOSDAQ,분기x별도,재무제표,DS-1,PASS,,,2026-07-07T23:15:58
모델솔루션,00657783,417970,KOSDAQ,분기x별도,상단,DS-8,PASS,,,2026-07-07T23:15:58
모델솔루션,00657783,417970,KOSDAQ,분기x별도,상단,DS-7,PASS,"badges seen: ['✅', '🔎']",,2026-07-07T23:15:58
모델솔루션,00657783,417970,KOSDAQ,분기x별도,재무제표,CV-3,PASS,rows=29 cols=21 slider_extended=True,,2026-07-07T23:15:58
모델솔루션,00657783,417970,KOSDAQ,분기x별도,재무제표,DS-2/DS-3,DONE,"cross-check completed for ['매출액', '영업이익']",,2026-07-07T23:15:58
모델솔루션,00657783,417970,KOSDAQ,분기x별도,지표,CV-6,PASS,default metric selection visible,,2026-07-07T23:15:58
모두투어,00456218,080160,KOSDAQ,연간x연결,재무제표,DS-1,PASS,,,2026-07-07T23:16:12
모두투어,00456218,080160,KOSDAQ,연간x연결,상단,DS-8,PASS,,,2026-07-07T23:16:12
모두투어,00456218,080160,KOSDAQ,연간x연결,상단,DS-7,PASS,"badges seen: ['✅', '🔎']",,2026-07-07T23:16:12
모두투어,00456218,080160,KOSDAQ,연간x연결,재무제표,CV-3,PASS,rows=29 cols=19 slider_extended=True,,2026-07-07T23:16:12
모두투어,00456218,080160,KOSDAQ,연간x연결,재무제표,DS-2/DS-3,DONE,"cross-check completed for ['매출액', '영업이익']",,2026-07-07T23:16:12
모두투어,00456218,080160,KOSDAQ,연간x연결,지표,CV-6,PASS,default metric selection visible,,2026-07-07T23:16:12
모두투어,00456218,080160,KOSDAQ,연간x별도,재무제표,DS-1,PASS,,,2026-07-07T23:16:17
모두투어,00456218,080160,KOSDAQ,연간x별도,상단,DS-8,PASS,,,2026-07-07T23:16:17
모두투어,00456218,080160,KOSDAQ,연간x별도,상단,DS-7,PASS,"badges seen: ['✅', '🔎', '⚠']",,2026-07-07T23:16:17
모두투어,00456218,080160,KOSDAQ,연간x별도,재무제표,CV-3,PASS,rows=29 cols=24 slider_extended=True,,2026-07-07T23:16:17
모두투어,00456218,080160,KOSDAQ,연간x별도,재무제표,DS-2/DS-3,DONE,"cross-check completed for ['매출액', '영업이익']",,2026-07-07T23:16:17
모두투어,00456218,080160,KOSDAQ,연간x별도,지표,CV-6,PASS,default metric selection visible,,2026-07-07T23:16:17
모두투어,00456218,080160,KOSDAQ,분기x연결,재무제표,DS-1,PASS,,,2026-07-07T23:16:23
모두투어,00456218,080160,KOSDAQ,분기x연결,상단,DS-8,PASS,,,2026-07-07T23:16:23
모두투어,00456218,080160,KOSDAQ,분기x연결,상단,DS-7,PASS,"badges seen: ['✅', '🔎']",,2026-07-07T23:16:23
모두투어,00456218,080160,KOSDAQ,분기x연결,재무제표,CV-3,PASS,rows=29 cols=60 slider_extended=True,,2026-07-07T23:16:23
모두투어,00456218,080160,KOSDAQ,분기x연결,재무제표,DS-2/DS-3,DONE,"cross-check completed for ['매출액', '영업이익']",,2026-07-07T23:16:23
모두투어,00456218,080160,KOSDAQ,분기x연결,지표,CV-6,PASS,default metric selection visible,,2026-07-07T23:16:23
모두투어,00456218,080160,KOSDAQ,분기x별도,재무제표,DS-1,PASS,,,2026-07-07T23:16:31
모두투어,00456218,080160,KOSDAQ,분기x별도,상단,DS-8,PASS,,,2026-07-07T23:16:31
모두투어,00456218,080160,KOSDAQ,분기x별도,상단,DS-7,PASS,"badges seen: ['✅', '🔎']",,2026-07-07T23:16:31
모두투어,00456218,080160,KOSDAQ,분기x별도,재무제표,CV-3,PASS,rows=29 cols=70 slider_extended=True,,2026-07-07T23:16:31
모두투어,00456218,080160,KOSDAQ,분기x별도,재무제표,DS-2/DS-3,DONE,"cross-check completed for ['매출액', '영업이익']",,2026-07-07T23:16:31
모두투어,00456218,080160,KOSDAQ,분기x별도,지표,CV-6,PASS,default metric selection visible,,2026-07-07T23:16:31
모바일어플라이언스,00556615,087260,KOSDAQ,연간x연결,재무제표,DS-1,PASS,,,2026-07-07T23:16:45
모바일어플라이언스,00556615,087260,KOSDAQ,연간x연결,상단,DS-8,PASS,,,2026-07-07T23:16:45
모바일어플라이언스,00556615,087260,KOSDAQ,연간x연결,상단,DS-7,PASS,"badges seen: ['✅', '🔎', '⚠']",,2026-07-07T23:16:45
모바일어플라이언스,00556615,087260,KOSDAQ,연간x연결,재무제표,CV-3,PASS,rows=29 cols=14 slider_extended=True,,2026-07-07T23:16:45
모바일어플라이언스,00556615,087260,KOSDAQ,연간x연결,재무제표,DS-2/DS-3,DONE,"cross-check completed for ['매출액', '영업이익']",,2026-07-07T23:16:45
모바일어플라이언스,00556615,087260,KOSDAQ,연간x연결,지표,CV-6,PASS,default metric selection visible,,2026-07-07T23:16:45
모바일어플라이언스,00556615,087260,KOSDAQ,연간x별도,재무제표,DS-1,PASS,,,2026-07-07T23:16:50
모바일어플라이언스,00556615,087260,KOSDAQ,연간x별도,상단,DS-8,PASS,,,2026-07-07T23:16:50
모바일어플라이언스,00556615,087260,KOSDAQ,연간x별도,상단,DS-7,PASS,"badges seen: ['✅', '🔎', '⚠']",,2026-07-07T23:16:50
모바일어플라이언스,00556615,087260,KOSDAQ,연간x별도,재무제표,CV-3,PASS,rows=29 cols=14 slider_extended=True,,2026-07-07T23:16:50
모바일어플라이언스,00556615,087260,KOSDAQ,연간x별도,재무제표,DS-2/DS-3,DONE,"cross-check completed for ['매출액', '영업이익']",,2026-07-07T23:16:50
모바일어플라이언스,00556615,087260,KOSDAQ,연간x별도,지표,CV-6,PASS,default metric selection visible,,2026-07-07T23:16:50
모바일어플라이언스,00556615,087260,KOSDAQ,분기x연결,재무제표,DS-1,PASS,,,2026-07-07T23:16:56
모바일어플라이언스,00556615,087260,KOSDAQ,분기x연결,상단,DS-8,PASS,,,2026-07-07T23:16:56
모바일어플라이언스,00556615,087260,KOSDAQ,분기x연결,상단,DS-7,PASS,"badges seen: ['✅', '🔎', '⚠']",,2026-07-07T23:16:56
모바일어플라이언스,00556615,087260,KOSDAQ,분기x연결,재무제표,CV-3,PASS,rows=29 cols=44 slider_extended=True,,2026-07-07T23:16:56
모바일어플라이언스,00556615,087260,KOSDAQ,분기x연결,재무제표,DS-2/DS-3,DONE,"cross-check completed for ['매출액', '영업이익']",,2026-07-07T23:16:56
모바일어플라이언스,00556615,087260,KOSDAQ,분기x연결,지표,CV-6,PASS,default metric selection visible,,2026-07-07T23:16:56
모바일어플라이언스,00556615,087260,KOSDAQ,분기x별도,재무제표,DS-1,PASS,,,2026-07-07T23:17:03
모바일어플라이언스,00556615,087260,KOSDAQ,분기x별도,상단,DS-8,PASS,,,2026-07-07T23:17:03
모바일어플라이언스,00556615,087260,KOSDAQ,분기x별도,상단,DS-7,PASS,"badges seen: ['✅', '🔎', '⚠']",,2026-07-07T23:17:03
모바일어플라이언스,00556615,087260,KOSDAQ,분기x별도,재무제표,CV-3,PASS,rows=29 cols=44 slider_extended=True,,2026-07-07T23:17:03
모바일어플라이언스,00556615,087260,KOSDAQ,분기x별도,재무제표,DS-2/DS-3,DONE,"cross-check completed for ['매출액', '영업이익']",,2026-07-07T23:17:03
모바일어플라이언스,00556615,087260,KOSDAQ,분기x별도,지표,CV-6,PASS,default metric selection visible,,2026-07-07T23:17:03
모베이스,00498001,101330,KOSDAQ,연간x연결,재무제표,DS-1,PASS,,,2026-07-07T23:17:17
모베이스,00498001,101330,KOSDAQ,연간x연결,상단,DS-8,PASS,,,2026-07-07T23:17:17
모베이스,00498001,101330,KOSDAQ,연간x연결,상단,DS-7,PASS,"badges seen: ['✅', '🔎', '⚠']",,2026-07-07T23:17:17
모베이스,00498001,101330,KOSDAQ,연간x연결,재무제표,CV-3,PASS,rows=29 cols=19 slider_extended=True,,2026-07-07T23:17:17
모베이스,00498001,101330,KOSDAQ,연간x연결,재무제표,DS-2/DS-3,DONE,"cross-check completed for ['매출액', '영업이익']",,2026-07-07T23:17:17
모베이스,00498001,101330,KOSDAQ,연간x연결,지표,CV-6,PASS,default metric selection visible,,2026-07-07T23:17:17
모베이스,00498001,101330,KOSDAQ,연간x별도,재무제표,DS-1,PASS,,,2026-07-07T23:17:23
모베이스,00498001,101330,KOSDAQ,연간x별도,상단,DS-8,PASS,,,2026-07-07T23:17:23
모베이스,00498001,101330,KOSDAQ,연간x별도,상단,DS-7,PASS,"badges seen: ['✅', '🔎', '⚠']",,2026-07-07T23:17:23
모베이스,00498001,101330,KOSDAQ,연간x별도,재무제표,CV-3,PASS,rows=29 cols=21 slider_extended=True,,2026-07-07T23:17:23
모베이스,00498001,101330,KOSDAQ,연간x별도,재무제표,DS-2/DS-3,DONE,"cross-check completed for ['매출액', '영업이익']",,2026-07-07T23:17:23
모베이스,00498001,101330,KOSDAQ,연간x별도,지표,CV-6,PASS,default metric selection visible,,2026-07-07T23:17:23
모베이스,00498001,101330,KOSDAQ,분기x연결,재무제표,DS-1,PASS,,,2026-07-07T23:17:29
모베이스,00498001,101330,KOSDAQ,분기x연결,상단,DS-8,PASS,,,2026-07-07T23:17:29
모베이스,00498001,101330,KOSDAQ,분기x연결,상단,DS-7,PASS,"badges seen: ['✅', '🔎']",,2026-07-07T23:17:29
모베이스,00498001,101330,KOSDAQ,분기x연결,재무제표,CV-3,PASS,rows=29 cols=60 slider_extended=True,,2026-07-07T23:17:29
모베이스,00498001,101330,KOSDAQ,분기x연결,재무제표,DS-2/DS-3,DONE,"cross-check completed for ['매출액', '영업이익']",,2026-07-07T23:17:29
모베이스,00498001,101330,KOSDAQ,분기x연결,지표,CV-6,PASS,default metric selection visible,,2026-07-07T23:17:29
모베이스,00498001,101330,KOSDAQ,분기x별도,재무제표,DS-1,PASS,,,2026-07-07T23:17:36
모베이스,00498001,101330,KOSDAQ,분기x별도,상단,DS-8,PASS,,,2026-07-07T23:17:36
모베이스,00498001,101330,KOSDAQ,분기x별도,상단,DS-7,PASS,"badges seen: ['✅', '🔎', '⚠']",,2026-07-07T23:17:36
모베이스,00498001,101330,KOSDAQ,분기x별도,재무제표,CV-3,PASS,rows=29 cols=69 slider_extended=True,,2026-07-07T23:17:36
모베이스,00498001,101330,KOSDAQ,분기x별도,재무제표,DS-2/DS-3,DONE,"cross-check completed for ['매출액', '영업이익']",,2026-07-07T23:17:36
모베이스,00498001,101330,KOSDAQ,분기x별도,지표,CV-6,PASS,default metric selection visible,,2026-07-07T23:17:36
모베이스전자,00137234,012860,KOSDAQ,연간x연결,재무제표,DS-1,PASS,,,2026-07-07T23:17:50
모베이스전자,00137234,012860,KOSDAQ,연간x연결,상단,DS-8,PASS,,,2026-07-07T23:17:50
모베이스전자,00137234,012860,KOSDAQ,연간x연결,상단,DS-7,PASS,"badges seen: ['✅', '🔎', '⚠']",,2026-07-07T23:17:50
모베이스전자,00137234,012860,KOSDAQ,연간x연결,재무제표,CV-3,PASS,rows=29 cols=18 slider_extended=True,,2026-07-07T23:17:50
모베이스전자,00137234,012860,KOSDAQ,연간x연결,재무제표,DS-2/DS-3,DONE,"cross-check completed for ['매출액', '영업이익']",,2026-07-07T23:17:50
모베이스전자,00137234,012860,KOSDAQ,연간x연결,지표,CV-6,PASS,default metric selection visible,,2026-07-07T23:17:50
모베이스전자,00137234,012860,KOSDAQ,연간x별도,재무제표,DS-1,PASS,,,2026-07-07T23:17:55
모베이스전자,00137234,012860,KOSDAQ,연간x별도,상단,DS-8,PASS,,,2026-07-07T23:17:55
모베이스전자,00137234,012860,KOSDAQ,연간x별도,상단,DS-7,PASS,"badges seen: ['✅', '🔎']",,2026-07-07T23:17:55
모베이스전자,00137234,012860,KOSDAQ,연간x별도,재무제표,CV-3,PASS,rows=29 cols=25 slider_extended=True,,2026-07-07T23:17:55
모베이스전자,00137234,012860,KOSDAQ,연간x별도,재무제표,DS-2/DS-3,DONE,"cross-check completed for ['매출액', '영업이익']",,2026-07-07T23:17:55
모베이스전자,00137234,012860,KOSDAQ,연간x별도,지표,CV-6,PASS,default metric selection visible,,2026-07-07T23:17:55
모베이스전자,00137234,012860,KOSDAQ,분기x연결,재무제표,DS-1,PASS,,,2026-07-07T23:18:01
모베이스전자,00137234,012860,KOSDAQ,분기x연결,상단,DS-8,PASS,,,2026-07-07T23:18:01
모베이스전자,00137234,012860,KOSDAQ,분기x연결,상단,DS-7,PASS,"badges seen: ['✅', '🔎']",,2026-07-07T23:18:01
모베이스전자,00137234,012860,KOSDAQ,분기x연결,재무제표,CV-3,PASS,rows=29 cols=64 slider_extended=True,,2026-07-07T23:18:01
모베이스전자,00137234,012860,KOSDAQ,분기x연결,재무제표,DS-2/DS-3,DONE,"cross-check completed for ['매출액', '영업이익']",,2026-07-07T23:18:01
모베이스전자,00137234,012860,KOSDAQ,분기x연결,지표,CV-6,PASS,default metric selection visible,,2026-07-07T23:18:01
모베이스전자,00137234,012860,KOSDAQ,분기x별도,재무제표,DS-1,PASS,,,2026-07-07T23:18:09
모베이스전자,00137234,012860,KOSDAQ,분기x별도,상단,DS-8,PASS,,,2026-07-07T23:18:09
모베이스전자,00137234,012860,KOSDAQ,분기x별도,상단,DS-7,PASS,"badges seen: ['✅', '🔎']",,2026-07-07T23:18:09
모베이스전자,00137234,012860,KOSDAQ,분기x별도,재무제표,CV-3,PASS,rows=29 cols=86 slider_extended=True,,2026-07-07T23:18:09
모베이스전자,00137234,012860,KOSDAQ,분기x별도,재무제표,DS-2/DS-3,DONE,"cross-check completed for ['매출액', '영업이익']",,2026-07-07T23:18:09
모베이스전자,00137234,012860,KOSDAQ,분기x별도,지표,CV-6,PASS,default metric selection visible,,2026-07-07T23:18:09
모비데이즈,01493535,363260,KOSDAQ,연간x연결,재무제표,DS-1,PASS,,,2026-07-07T23:18:23
모비데이즈,01493535,363260,KOSDAQ,연간x연결,상단,DS-8,PASS,,,2026-07-07T23:18:23
모비데이즈,01493535,363260,KOSDAQ,연간x연결,상단,DS-7,PASS,"badges seen: ['✅', '🔎', '⚠']",,2026-07-07T23:18:23
모비데이즈,01493535,363260,KOSDAQ,연간x연결,재무제표,CV-3,PASS,rows=29 cols=8 slider_extended=True,,2026-07-07T23:18:23
모비데이즈,01493535,363260,KOSDAQ,연간x연결,재무제표,DS-2/DS-3,DONE,"cross-check completed for ['매출액', '영업이익']",,2026-07-07T23:18:23
모비데이즈,01493535,363260,KOSDAQ,연간x연결,지표,CV-6,PASS,default metric selection visible,,2026-07-07T23:18:23
모비데이즈,01493535,363260,KOSDAQ,연간x별도,재무제표,DS-1,PASS,,,2026-07-07T23:18:28
모비데이즈,01493535,363260,KOSDAQ,연간x별도,상단,DS-8,PASS,,,2026-07-07T23:18:28
모비데이즈,01493535,363260,KOSDAQ,연간x별도,상단,DS-7,PASS,"badges seen: ['✅', '🔎', '⚠']",,2026-07-07T23:18:28
모비데이즈,01493535,363260,KOSDAQ,연간x별도,재무제표,CV-3,PASS,rows=29 cols=8 slider_extended=True,,2026-07-07T23:18:28
모비데이즈,01493535,363260,KOSDAQ,연간x별도,재무제표,DS-2/DS-3,DONE,"cross-check completed for ['매출액', '영업이익']",,2026-07-07T23:18:28
모비데이즈,01493535,363260,KOSDAQ,연간x별도,지표,CV-6,PASS,default metric selection visible,,2026-07-07T23:18:28
모비데이즈,01493535,363260,KOSDAQ,분기x연결,재무제표,DS-1,PASS,,,2026-07-07T23:18:34
모비데이즈,01493535,363260,KOSDAQ,분기x연결,상단,DS-8,PASS,,,2026-07-07T23:18:34
모비데이즈,01493535,363260,KOSDAQ,분기x연결,상단,DS-7,PASS,"badges seen: ['✅', '🔎', '⚠']",,2026-07-07T23:18:34
모비데이즈,01493535,363260,KOSDAQ,분기x연결,재무제표,CV-3,PASS,rows=29 cols=23 slider_extended=True,,2026-07-07T23:18:34
모비데이즈,01493535,363260,KOSDAQ,분기x연결,재무제표,DS-2/DS-3,DONE,"cross-check completed for ['매출액', '영업이익']",,2026-07-07T23:18:34
모비데이즈,01493535,363260,KOSDAQ,분기x연결,지표,CV-6,PASS,default metric selection visible,,2026-07-07T23:18:34
모비데이즈,01493535,363260,KOSDAQ,분기x별도,재무제표,DS-1,PASS,,,2026-07-07T23:18:41
모비데이즈,01493535,363260,KOSDAQ,분기x별도,상단,DS-8,PASS,,,2026-07-07T23:18:41
모비데이즈,01493535,363260,KOSDAQ,분기x별도,상단,DS-7,PASS,"badges seen: ['✅', '🔎']",,2026-07-07T23:18:41
모비데이즈,01493535,363260,KOSDAQ,분기x별도,재무제표,CV-3,PASS,rows=29 cols=25 slider_extended=True,,2026-07-07T23:18:41
모비데이즈,01493535,363260,KOSDAQ,분기x별도,재무제표,DS-2/DS-3,DONE,"cross-check completed for ['매출액', '영업이익']",,2026-07-07T23:18:41
모비데이즈,01493535,363260,KOSDAQ,분기x별도,지표,CV-6,PASS,default metric selection visible,,2026-07-07T23:18:41
모비릭스,01210190,348030,KOSDAQ,연간x연결,재무제표,DS-1,PASS,,,2026-07-07T23:18:55
모비릭스,01210190,348030,KOSDAQ,연간x연결,상단,DS-8,PASS,,,2026-07-07T23:18:55
모비릭스,01210190,348030,KOSDAQ,연간x연결,상단,DS-7,PASS,"badges seen: ['✅', '🔎']",,2026-07-07T23:18:55
모비릭스,01210190,348030,KOSDAQ,연간x연결,재무제표,CV-3,PASS,rows=29 cols=8 slider_extended=True,,2026-07-07T23:18:55
모비릭스,01210190,348030,KOSDAQ,연간x연결,재무제표,DS-2/DS-3,DONE,"cross-check completed for ['매출액', '영업이익']",,2026-07-07T23:18:55
모비릭스,01210190,348030,KOSDAQ,연간x연결,지표,CV-6,PASS,default metric selection visible,,2026-07-07T23:18:55
모비릭스,01210190,348030,KOSDAQ,연간x별도,재무제표,DS-1,PASS,,,2026-07-07T23:19:00
모비릭스,01210190,348030,KOSDAQ,연간x별도,상단,DS-8,PASS,,,2026-07-07T23:19:00
모비릭스,01210190,348030,KOSDAQ,연간x별도,상단,DS-7,PASS,"badges seen: ['✅', '🔎']",,2026-07-07T23:19:00
모비릭스,01210190,348030,KOSDAQ,연간x별도,재무제표,CV-3,PASS,rows=29 cols=10 slider_extended=True,,2026-07-07T23:19:00
모비릭스,01210190,348030,KOSDAQ,연간x별도,재무제표,DS-2/DS-3,DONE,"cross-check completed for ['매출액', '영업이익']",,2026-07-07T23:19:00
모비릭스,01210190,348030,KOSDAQ,연간x별도,지표,CV-6,PASS,default metric selection visible,,2026-07-07T23:19:00
모비릭스,01210190,348030,KOSDAQ,분기x연결,재무제표,DS-1,PASS,,,2026-07-07T23:19:07
모비릭스,01210190,348030,KOSDAQ,분기x연결,상단,DS-8,PASS,,,2026-07-07T23:19:07
모비릭스,01210190,348030,KOSDAQ,분기x연결,상단,DS-7,PASS,"badges seen: ['✅', '🔎']",,2026-07-07T23:19:07
모비릭스,01210190,348030,KOSDAQ,분기x연결,재무제표,CV-3,PASS,rows=29 cols=23 slider_extended=True,,2026-07-07T23:19:07
모비릭스,01210190,348030,KOSDAQ,분기x연결,재무제표,DS-2/DS-3,DONE,"cross-check completed for ['매출액', '영업이익']",,2026-07-07T23:19:07
모비릭스,01210190,348030,KOSDAQ,분기x연결,지표,CV-6,PASS,default metric selection visible,,2026-07-07T23:19:07
모비릭스,01210190,348030,KOSDAQ,분기x별도,재무제표,DS-1,PASS,,,2026-07-07T23:19:14
모비릭스,01210190,348030,KOSDAQ,분기x별도,상단,DS-8,PASS,,,2026-07-07T23:19:14
모비릭스,01210190,348030,KOSDAQ,분기x별도,상단,DS-7,PASS,"badges seen: ['✅', '🔎']",,2026-07-07T23:19:14
모비릭스,01210190,348030,KOSDAQ,분기x별도,재무제표,CV-3,PASS,rows=29 cols=28 slider_extended=True,,2026-07-07T23:19:14
모비릭스,01210190,348030,KOSDAQ,분기x별도,재무제표,DS-2/DS-3,DONE,"cross-check completed for ['매출액', '영업이익']",,2026-07-07T23:19:14
모비릭스,01210190,348030,KOSDAQ,분기x별도,지표,CV-6,PASS,default metric selection visible,,2026-07-07T23:19:14
모비스,01165155,250060,KOSDAQ,연간x연결,재무제표,DS-1,PASS,,,2026-07-07T23:19:25
모비스,01165155,250060,KOSDAQ,연간x연결,상단,DS-8,PASS,,,2026-07-07T23:19:25
모비스,01165155,250060,KOSDAQ,연간x연결,상단,DS-7,PASS,"badges seen: ['✅', '🔎', '⚠']",,2026-07-07T23:19:25
모비스,01165155,250060,KOSDAQ,연간x연결,재무제표,CV-3,PASS,rows=29 cols=10 slider_extended=True,,2026-07-07T23:19:25
모비스,01165155,250060,KOSDAQ,연간x연결,재무제표,DS-2/DS-3,DONE,"cross-check completed for ['매출액', '영업이익']",,2026-07-07T23:19:25
모비스,01165155,250060,KOSDAQ,연간x연결,지표,CV-6,PASS,default metric selection visible,,2026-07-07T23:19:25
모비스,01165155,250060,KOSDAQ,연간x별도,재무제표,DS-1,PASS,,,2026-07-07T23:19:30
모비스,01165155,250060,KOSDAQ,연간x별도,상단,DS-8,PASS,,,2026-07-07T23:19:30
모비스,01165155,250060,KOSDAQ,연간x별도,상단,DS-7,PASS,"badges seen: ['✅', '🔎', '⚠']",,2026-07-07T23:19:30
모비스,01165155,250060,KOSDAQ,연간x별도,재무제표,CV-3,PASS,rows=29 cols=12 slider_extended=True,,2026-07-07T23:19:30
모비스,01165155,250060,KOSDAQ,연간x별도,재무제표,DS-2/DS-3,DONE,"cross-check completed for ['매출액', '영업이익']",,2026-07-07T23:19:30
모비스,01165155,250060,KOSDAQ,연간x별도,지표,CV-6,PASS,default metric selection visible,,2026-07-07T23:19:30
모비스,01165155,250060,KOSDAQ,분기x연결,재무제표,DS-1,PASS,,,2026-07-07T23:19:36
모비스,01165155,250060,KOSDAQ,분기x연결,상단,DS-8,PASS,,,2026-07-07T23:19:36
모비스,01165155,250060,KOSDAQ,분기x연결,상단,DS-7,PASS,"badges seen: ['✅', '🔎', '⚠']",,2026-07-07T23:19:36
모비스,01165155,250060,KOSDAQ,분기x연결,재무제표,CV-3,PASS,rows=29 cols=29 slider_extended=True,,2026-07-07T23:19:36
모비스,01165155,250060,KOSDAQ,분기x연결,재무제표,DS-2/DS-3,DONE,"cross-check completed for ['매출액', '영업이익']",,2026-07-07T23:19:36
모비스,01165155,250060,KOSDAQ,분기x연결,지표,CV-6,PASS,default metric selection visible,,2026-07-07T23:19:36
모비스,01165155,250060,KOSDAQ,분기x별도,재무제표,DS-1,PASS,,,2026-07-07T23:19:43
모비스,01165155,250060,KOSDAQ,분기x별도,상단,DS-8,PASS,,,2026-07-07T23:19:43
모비스,01165155,250060,KOSDAQ,분기x별도,상단,DS-7,PASS,"badges seen: ['✅', '🔎', '⚠']",,2026-07-07T23:19:43
모비스,01165155,250060,KOSDAQ,분기x별도,재무제표,CV-3,PASS,rows=29 cols=44 slider_extended=True,,2026-07-07T23:19:43
모비스,01165155,250060,KOSDAQ,분기x별도,재무제표,DS-2/DS-3,DONE,"cross-check completed for ['매출액', '영업이익']",,2026-07-07T23:19:43
모비스,01165155,250060,KOSDAQ,분기x별도,지표,CV-6,PASS,default metric selection visible,,2026-07-07T23:19:43
모아데이타,01423837,288980,KOSDAQ,연간x연결,재무제표,DS-1,PASS,,,2026-07-07T23:19:57
모아데이타,01423837,288980,KOSDAQ,연간x연결,상단,DS-8,PASS,,,2026-07-07T23:19:57
모아데이타,01423837,288980,KOSDAQ,연간x연결,상단,DS-7,PASS,"badges seen: ['✅', '🔎']",,2026-07-07T23:19:57
모아데이타,01423837,288980,KOSDAQ,연간x연결,재무제표,CV-3,PASS,rows=29 cols=8 slider_extended=True,,2026-07-07T23:19:57
모아데이타,01423837,288980,KOSDAQ,연간x연결,재무제표,DS-2/DS-3,DONE,"cross-check completed for ['매출액', '영업이익']",,2026-07-07T23:19:57
모아데이타,01423837,288980,KOSDAQ,연간x연결,지표,CV-6,PASS,default metric selection visible,,2026-07-07T23:19:57
모아데이타,01423837,288980,KOSDAQ,연간x별도,재무제표,DS-1,PASS,,,2026-07-07T23:20:02
모아데이타,01423837,288980,KOSDAQ,연간x별도,상단,DS-8,PASS,,,2026-07-07T23:20:02
모아데이타,01423837,288980,KOSDAQ,연간x별도,상단,DS-7,PASS,"badges seen: ['✅', '🔎']",,2026-07-07T23:20:02
모아데이타,01423837,288980,KOSDAQ,연간x별도,재무제표,CV-3,PASS,rows=29 cols=9 slider_extended=True,,2026-07-07T23:20:02
모아데이타,01423837,288980,KOSDAQ,연간x별도,재무제표,DS-2/DS-3,DONE,"cross-check completed for ['매출액', '영업이익']",,2026-07-07T23:20:02
모아데이타,01423837,288980,KOSDAQ,연간x별도,지표,CV-6,PASS,default metric selection visible,,2026-07-07T23:20:02
모아데이타,01423837,288980,KOSDAQ,분기x연결,재무제표,DS-1,PASS,,,2026-07-07T23:20:09
모아데이타,01423837,288980,KOSDAQ,분기x연결,상단,DS-8,PASS,,,2026-07-07T23:20:09
모아데이타,01423837,288980,KOSDAQ,분기x연결,상단,DS-7,PASS,"badges seen: ['✅', '🔎']",,2026-07-07T23:20:09
모아데이타,01423837,288980,KOSDAQ,분기x연결,재무제표,CV-3,PASS,rows=29 cols=21 slider_extended=True,,2026-07-07T23:20:09
모아데이타,01423837,288980,KOSDAQ,분기x연결,재무제표,DS-2/DS-3,DONE,"cross-check completed for ['매출액', '영업이익']",,2026-07-07T23:20:09
모아데이타,01423837,288980,KOSDAQ,분기x연결,지표,CV-6,PASS,default metric selection visible,,2026-07-07T23:20:09
모아데이타,01423837,288980,KOSDAQ,분기x별도,재무제표,DS-1,PASS,,,2026-07-07T23:20:16
모아데이타,01423837,288980,KOSDAQ,분기x별도,상단,DS-8,PASS,,,2026-07-07T23:20:16
모아데이타,01423837,288980,KOSDAQ,분기x별도,상단,DS-7,PASS,"badges seen: ['✅', '🔎']",,2026-07-07T23:20:16
모아데이타,01423837,288980,KOSDAQ,분기x별도,재무제표,CV-3,PASS,rows=29 cols=24 slider_extended=True,,2026-07-07T23:20:16
모아데이타,01423837,288980,KOSDAQ,분기x별도,재무제표,DS-2/DS-3,DONE,"cross-check completed for ['매출액', '영업이익']",,2026-07-07T23:20:16
모아데이타,01423837,288980,KOSDAQ,분기x별도,지표,CV-6,PASS,default metric selection visible,,2026-07-07T23:20:16
모아라이프플러스,00587925,142760,KOSDAQ,연간x연결,재무제표,DS-1,PASS,,,2026-07-07T23:20:29
모아라이프플러스,00587925,142760,KOSDAQ,연간x연결,상단,DS-8,PASS,,,2026-07-07T23:20:29
모아라이프플러스,00587925,142760,KOSDAQ,연간x연결,상단,DS-7,PASS,"badges seen: ['✅', '🔎', '⚠']",,2026-07-07T23:20:29
모아라이프플러스,00587925,142760,KOSDAQ,연간x연결,재무제표,CV-3,PASS,rows=29 cols=13 slider_extended=True,,2026-07-07T23:20:29
모아라이프플러스,00587925,142760,KOSDAQ,연간x연결,재무제표,DS-2/DS-3,DONE,"cross-check completed for ['매출액', '영업이익']",,2026-07-07T23:20:29
모아라이프플러스,00587925,142760,KOSDAQ,연간x연결,지표,CV-6,PASS,default metric selection visible,,2026-07-07T23:20:29
모아라이프플러스,00587925,142760,KOSDAQ,연간x별도,재무제표,DS-1,PASS,,,2026-07-07T23:20:34
모아라이프플러스,00587925,142760,KOSDAQ,연간x별도,상단,DS-8,PASS,,,2026-07-07T23:20:34
모아라이프플러스,00587925,142760,KOSDAQ,연간x별도,상단,DS-7,PASS,"badges seen: ['✅', '🔎']",,2026-07-07T23:20:34
모아라이프플러스,00587925,142760,KOSDAQ,연간x별도,재무제표,CV-3,PASS,rows=29 cols=18 slider_extended=True,,2026-07-07T23:20:34
모아라이프플러스,00587925,142760,KOSDAQ,연간x별도,재무제표,DS-2/DS-3,DONE,"cross-check completed for ['매출액', '영업이익']",,2026-07-07T23:20:34
모아라이프플러스,00587925,142760,KOSDAQ,연간x별도,지표,CV-6,PASS,default metric selection visible,,2026-07-07T23:20:34
모아라이프플러스,00587925,142760,KOSDAQ,분기x연결,재무제표,DS-1,PASS,,,2026-07-07T23:20:41
모아라이프플러스,00587925,142760,KOSDAQ,분기x연결,상단,DS-8,PASS,,,2026-07-07T23:20:41
모아라이프플러스,00587925,142760,KOSDAQ,분기x연결,상단,DS-7,PASS,"badges seen: ['✅', '🔎', '⚠']",,2026-07-07T23:20:41
모아라이프플러스,00587925,142760,KOSDAQ,분기x연결,재무제표,CV-3,PASS,rows=29 cols=40 slider_extended=True,,2026-07-07T23:20:41
모아라이프플러스,00587925,142760,KOSDAQ,분기x연결,재무제표,DS-2/DS-3,DONE,"cross-check completed for ['매출액', '영업이익']",,2026-07-07T23:20:41
모아라이프플러스,00587925,142760,KOSDAQ,분기x연결,지표,CV-6,PASS,default metric selection visible,,2026-07-07T23:20:41
모아라이프플러스,00587925,142760,KOSDAQ,분기x별도,재무제표,DS-1,PASS,,,2026-07-07T23:20:48
모아라이프플러스,00587925,142760,KOSDAQ,분기x별도,상단,DS-8,PASS,,,2026-07-07T23:20:48
모아라이프플러스,00587925,142760,KOSDAQ,분기x별도,상단,DS-7,PASS,"badges seen: ['✅', '🔎']",,2026-07-07T23:20:48
모아라이프플러스,00587925,142760,KOSDAQ,분기x별도,재무제표,CV-3,PASS,rows=29 cols=56 slider_extended=True,,2026-07-07T23:20:48
모아라이프플러스,00587925,142760,KOSDAQ,분기x별도,재무제표,DS-2/DS-3,DONE,"cross-check completed for ['매출액', '영업이익']",,2026-07-07T23:20:48
모아라이프플러스,00587925,142760,KOSDAQ,분기x별도,지표,CV-6,PASS,default metric selection visible,,2026-07-07T23:20:48
모아텍,00241209,033200,KOSDAQ,연간x연결,재무제표,DS-1,PASS,,,2026-07-07T23:21:02
모아텍,00241209,033200,KOSDAQ,연간x연결,상단,DS-8,PASS,,,2026-07-07T23:21:02
모아텍,00241209,033200,KOSDAQ,연간x연결,상단,DS-7,PASS,"badges seen: ['✅', '🔎', '⚠']",,2026-07-07T23:21:02
모아텍,00241209,033200,KOSDAQ,연간x연결,재무제표,CV-3,PASS,rows=29 cols=19 slider_extended=True,,2026-07-07T23:21:02
모아텍,00241209,033200,KOSDAQ,연간x연결,재무제표,DS-2/DS-3,DONE,"cross-check completed for ['매출액', '영업이익']",,2026-07-07T23:21:02
모아텍,00241209,033200,KOSDAQ,연간x연결,지표,CV-6,PASS,default metric selection visible,,2026-07-07T23:21:02
모아텍,00241209,033200,KOSDAQ,연간x별도,재무제표,DS-1,PASS,,,2026-07-07T23:21:07
모아텍,00241209,033200,KOSDAQ,연간x별도,상단,DS-8,PASS,,,2026-07-07T23:21:07
모아텍,00241209,033200,KOSDAQ,연간x별도,상단,DS-7,PASS,"badges seen: ['✅', '🔎', '⚠']",,2026-07-07T23:21:07
모아텍,00241209,033200,KOSDAQ,연간x별도,재무제표,CV-3,PASS,rows=29 cols=23 slider_extended=True,,2026-07-07T23:21:07
모아텍,00241209,033200,KOSDAQ,연간x별도,재무제표,DS-2/DS-3,DONE,"cross-check completed for ['매출액', '영업이익']",,2026-07-07T23:21:07
모아텍,00241209,033200,KOSDAQ,연간x별도,지표,CV-6,PASS,default metric selection visible,,2026-07-07T23:21:07
모아텍,00241209,033200,KOSDAQ,분기x연결,재무제표,DS-1,PASS,,,2026-07-07T23:21:13
모아텍,00241209,033200,KOSDAQ,분기x연결,상단,DS-8,PASS,,,2026-07-07T23:21:13
모아텍,00241209,033200,KOSDAQ,분기x연결,상단,DS-7,PASS,"badges seen: ['✅', '🔎', '⚠']",,2026-07-07T23:21:13
모아텍,00241209,033200,KOSDAQ,분기x연결,재무제표,CV-3,PASS,rows=29 cols=60 slider_extended=True,,2026-07-07T23:21:13
모아텍,00241209,033200,KOSDAQ,분기x연결,재무제표,DS-2/DS-3,DONE,"cross-check completed for ['매출액', '영업이익']",,2026-07-07T23:21:13
모아텍,00241209,033200,KOSDAQ,분기x연결,지표,CV-6,PASS,default metric selection visible,,2026-07-07T23:21:13
모아텍,00241209,033200,KOSDAQ,분기x별도,재무제표,DS-1,PASS,,,2026-07-07T23:21:21
모아텍,00241209,033200,KOSDAQ,분기x별도,상단,DS-8,PASS,,,2026-07-07T23:21:21
모아텍,00241209,033200,KOSDAQ,분기x별도,상단,DS-7,PASS,"badges seen: ['✅', '🔎', '⚠']",,2026-07-07T23:21:21
모아텍,00241209,033200,KOSDAQ,분기x별도,재무제표,CV-3,PASS,rows=29 cols=73 slider_extended=True,,2026-07-07T23:21:21
모아텍,00241209,033200,KOSDAQ,분기x별도,재무제표,DS-2/DS-3,DONE,"cross-check completed for ['매출액', '영업이익']",,2026-07-07T23:21:21
모아텍,00241209,033200,KOSDAQ,분기x별도,지표,CV-6,FAIL,default metrics not found,,2026-07-07T23:21:21
모트렉스,00876908,118990,KOSDAQ,연간x연결,재무제표,DS-1,PASS,,,2026-07-07T23:21:35
모트렉스,00876908,118990,KOSDAQ,연간x연결,상단,DS-8,PASS,,,2026-07-07T23:21:35
모트렉스,00876908,118990,KOSDAQ,연간x연결,상단,DS-7,PASS,"badges seen: ['✅', '🔎']",,2026-07-07T23:21:35
모트렉스,00876908,118990,KOSDAQ,연간x연결,재무제표,CV-3,PASS,rows=29 cols=13 slider_extended=True,,2026-07-07T23:21:35
모트렉스,00876908,118990,KOSDAQ,연간x연결,재무제표,DS-2/DS-3,DONE,"cross-check completed for ['매출액', '영업이익']",,2026-07-07T23:21:35
모트렉스,00876908,118990,KOSDAQ,연간x연결,지표,CV-6,PASS,default metric selection visible,,2026-07-07T23:21:35
모트렉스,00876908,118990,KOSDAQ,연간x별도,재무제표,DS-1,PASS,,,2026-07-07T23:21:40
모트렉스,00876908,118990,KOSDAQ,연간x별도,상단,DS-8,PASS,,,2026-07-07T23:21:40
모트렉스,00876908,118990,KOSDAQ,연간x별도,상단,DS-7,PASS,"badges seen: ['✅', '🔎', '⚠']",,2026-07-07T23:21:40
모트렉스,00876908,118990,KOSDAQ,연간x별도,재무제표,CV-3,PASS,rows=29 cols=13 slider_extended=True,,2026-07-07T23:21:40
모트렉스,00876908,118990,KOSDAQ,연간x별도,재무제표,DS-2/DS-3,DONE,"cross-check completed for ['매출액', '영업이익']",,2026-07-07T23:21:40
모트렉스,00876908,118990,KOSDAQ,연간x별도,지표,CV-6,PASS,default metric selection visible,,2026-07-07T23:21:40
모트렉스,00876908,118990,KOSDAQ,분기x연결,재무제표,DS-1,PASS,,,2026-07-07T23:21:46
모트렉스,00876908,118990,KOSDAQ,분기x연결,상단,DS-8,PASS,,,2026-07-07T23:21:46
모트렉스,00876908,118990,KOSDAQ,분기x연결,상단,DS-7,PASS,"badges seen: ['✅', '🔎']",,2026-07-07T23:21:46
모트렉스,00876908,118990,KOSDAQ,분기x연결,재무제표,CV-3,PASS,rows=29 cols=41 slider_extended=True,,2026-07-07T23:21:46
모트렉스,00876908,118990,KOSDAQ,분기x연결,재무제표,DS-2/DS-3,DONE,"cross-check completed for ['매출액', '영업이익']",,2026-07-07T23:21:46
모트렉스,00876908,118990,KOSDAQ,분기x연결,지표,CV-6,PASS,default metric selection visible,,2026-07-07T23:21:46
모트렉스,00876908,118990,KOSDAQ,분기x별도,재무제표,DS-1,PASS,,,2026-07-07T23:21:54
모트렉스,00876908,118990,KOSDAQ,분기x별도,상단,DS-8,PASS,,,2026-07-07T23:21:54
모트렉스,00876908,118990,KOSDAQ,분기x별도,상단,DS-7,PASS,"badges seen: ['✅', '🔎', '⚠']",,2026-07-07T23:21:54
모트렉스,00876908,118990,KOSDAQ,분기x별도,재무제표,CV-3,PASS,rows=29 cols=41 slider_extended=True,,2026-07-07T23:21:54
모트렉스,00876908,118990,KOSDAQ,분기x별도,재무제표,DS-2/DS-3,DONE,"cross-check completed for ['매출액', '영업이익']",,2026-07-07T23:21:54
모트렉스,00876908,118990,KOSDAQ,분기x별도,지표,CV-6,PASS,default metric selection visible,,2026-07-07T23:21:54
모헨즈,00163318,006920,KOSDAQ,연간x연결,재무제표,DS-1,PASS,,,2026-07-07T23:22:07
모헨즈,00163318,006920,KOSDAQ,연간x연결,상단,DS-8,PASS,,,2026-07-07T23:22:07
모헨즈,00163318,006920,KOSDAQ,연간x연결,상단,DS-7,PASS,"badges seen: ['✅', '🔎', '⚠']",,2026-07-07T23:22:07
모헨즈,00163318,006920,KOSDAQ,연간x연결,재무제표,CV-3,PASS,rows=29 cols=25 slider_extended=True,,2026-07-07T23:22:07
모헨즈,00163318,006920,KOSDAQ,연간x연결,재무제표,DS-2/DS-3,DONE,"cross-check completed for ['매출액', '영업이익']",,2026-07-07T23:22:07
모헨즈,00163318,006920,KOSDAQ,연간x연결,지표,CV-6,PASS,default metric selection visible,,2026-07-07T23:22:07
모헨즈,00163318,006920,KOSDAQ,연간x별도,재무제표,DS-1,PASS,,,2026-07-07T23:22:13
모헨즈,00163318,006920,KOSDAQ,연간x별도,상단,DS-8,PASS,,,2026-07-07T23:22:13
모헨즈,00163318,006920,KOSDAQ,연간x별도,상단,DS-7,PASS,"badges seen: ['✅', '🔎', '⚠']",,2026-07-07T23:22:13
모헨즈,00163318,006920,KOSDAQ,연간x별도,재무제표,CV-3,PASS,rows=29 cols=28 slider_extended=True,,2026-07-07T23:22:13
모헨즈,00163318,006920,KOSDAQ,연간x별도,재무제표,DS-2/DS-3,DONE,"cross-check completed for ['매출액', '영업이익']",,2026-07-07T23:22:13
모헨즈,00163318,006920,KOSDAQ,연간x별도,지표,CV-6,PASS,default metric selection visible,,2026-07-07T23:22:13
모헨즈,00163318,006920,KOSDAQ,분기x연결,재무제표,DS-1,PASS,,,2026-07-07T23:22:19
모헨즈,00163318,006920,KOSDAQ,분기x연결,상단,DS-8,PASS,,,2026-07-07T23:22:19
모헨즈,00163318,006920,KOSDAQ,분기x연결,상단,DS-7,PASS,"badges seen: ['✅', '🔎']",,2026-07-07T23:22:19
모헨즈,00163318,006920,KOSDAQ,분기x연결,재무제표,CV-3,PASS,rows=29 cols=76 slider_extended=True,,2026-07-07T23:22:19
모헨즈,00163318,006920,KOSDAQ,분기x연결,재무제표,DS-2/DS-3,DONE,"cross-check completed for ['매출액', '영업이익']",,2026-07-07T23:22:19
모헨즈,00163318,006920,KOSDAQ,분기x연결,지표,CV-6,PASS,default metric selection visible,,2026-07-07T23:22:19
모헨즈,00163318,006920,KOSDAQ,분기x별도,재무제표,DS-1,PASS,,,2026-07-07T23:22:26
모헨즈,00163318,006920,KOSDAQ,분기x별도,상단,DS-8,PASS,,,2026-07-07T23:22:26
모헨즈,00163318,006920,KOSDAQ,분기x별도,상단,DS-7,PASS,"badges seen: ['✅', '🔎']",,2026-07-07T23:22:26
모헨즈,00163318,006920,KOSDAQ,분기x별도,재무제표,CV-3,PASS,rows=29 cols=14 slider_extended=True,,2026-07-07T23:22:26
모헨즈,00163318,006920,KOSDAQ,분기x별도,재무제표,DS-2/DS-3,DONE,"cross-check completed for ['매출액', '영업이익']",,2026-07-07T23:22:26
모헨즈,00163318,006920,KOSDAQ,분기x별도,지표,CV-6,PASS,default metric selection visible,,2026-07-07T23:22:26
미디어젠,01190124,279600,KOSDAQ,연간x연결,재무제표,DS-1,PASS,,,2026-07-07T23:22:38
미디어젠,01190124,279600,KOSDAQ,연간x연결,상단,DS-8,PASS,,,2026-07-07T23:22:38
미디어젠,01190124,279600,KOSDAQ,연간x연결,상단,DS-7,PASS,"badges seen: ['✅', '🔎']",,2026-07-07T23:22:38
미디어젠,01190124,279600,KOSDAQ,연간x연결,재무제표,CV-3,PASS,rows=29 cols=6 slider_extended=True,,2026-07-07T23:22:38
미디어젠,01190124,279600,KOSDAQ,연간x연결,재무제표,DS-2/DS-3,DONE,"cross-check completed for ['매출액', '영업이익']",,2026-07-07T23:22:38
미디어젠,01190124,279600,KOSDAQ,연간x연결,지표,CV-6,PASS,default metric selection visible,,2026-07-07T23:22:38
미디어젠,01190124,279600,KOSDAQ,연간x별도,재무제표,DS-1,PASS,,,2026-07-07T23:22:43
미디어젠,01190124,279600,KOSDAQ,연간x별도,상단,DS-8,PASS,,,2026-07-07T23:22:43
미디어젠,01190124,279600,KOSDAQ,연간x별도,상단,DS-7,PASS,"badges seen: ['✅', '🔎']",,2026-07-07T23:22:43
미디어젠,01190124,279600,KOSDAQ,연간x별도,재무제표,CV-3,PASS,rows=29 cols=14 slider_extended=True,,2026-07-07T23:22:43
미디어젠,01190124,279600,KOSDAQ,연간x별도,재무제표,DS-2/DS-3,DONE,"cross-check completed for ['매출액', '영업이익']",,2026-07-07T23:22:43
미디어젠,01190124,279600,KOSDAQ,연간x별도,지표,CV-6,PASS,default metric selection visible,,2026-07-07T23:22:43
미디어젠,01190124,279600,KOSDAQ,분기x연결,재무제표,DS-1,PASS,,,2026-07-07T23:22:49
미디어젠,01190124,279600,KOSDAQ,분기x연결,상단,DS-8,PASS,,,2026-07-07T23:22:49
미디어젠,01190124,279600,KOSDAQ,분기x연결,상단,DS-4,PASS,substitution caption present,,2026-07-07T23:22:49
미디어젠,01190124,279600,KOSDAQ,분기x연결,상단,DS-7,PASS,"badges seen: ['✅', '🔎']",,2026-07-07T23:22:49
미디어젠,01190124,279600,KOSDAQ,분기x연결,재무제표,CV-3,PASS,rows=29 cols=32 slider_extended=True,,2026-07-07T23:22:49
미디어젠,01190124,279600,KOSDAQ,분기x연결,재무제표,DS-2/DS-3,DONE,"cross-check completed for ['매출액', '영업이익']",,2026-07-07T23:22:49
미디어젠,01190124,279600,KOSDAQ,분기x연결,지표,CV-6,PASS,default metric selection visible,,2026-07-07T23:22:49
미디어젠,01190124,279600,KOSDAQ,분기x별도,재무제표,DS-1,PASS,,,2026-07-07T23:22:57
미디어젠,01190124,279600,KOSDAQ,분기x별도,상단,DS-8,PASS,,,2026-07-07T23:22:57
미디어젠,01190124,279600,KOSDAQ,분기x별도,상단,DS-7,PASS,"badges seen: ['✅', '🔎']",,2026-07-07T23:22:57
미디어젠,01190124,279600,KOSDAQ,분기x별도,재무제표,CV-3,PASS,rows=29 cols=32 slider_extended=True,,2026-07-07T23:22:57
미디어젠,01190124,279600,KOSDAQ,분기x별도,재무제표,DS-2/DS-3,DONE,"cross-check completed for ['매출액', '영업이익']",,2026-07-07T23:22:57
미디어젠,01190124,279600,KOSDAQ,분기x별도,지표,CV-6,PASS,default metric selection visible,,2026-07-07T23:22:57
미래나노텍,00526836,095500,KOSDAQ,연간x연결,재무제표,DS-1,PASS,,,2026-07-07T23:23:10
미래나노텍,00526836,095500,KOSDAQ,연간x연결,상단,DS-8,PASS,,,2026-07-07T23:23:10
미래나노텍,00526836,095500,KOSDAQ,연간x연결,상단,DS-7,PASS,"badges seen: ['✅', '🔎', '⚠']",,2026-07-07T23:23:10
미래나노텍,00526836,095500,KOSDAQ,연간x연결,재무제표,CV-3,PASS,rows=29 cols=19 slider_extended=True,,2026-07-07T23:23:10
미래나노텍,00526836,095500,KOSDAQ,연간x연결,재무제표,DS-2/DS-3,DONE,"cross-check completed for ['매출액', '영업이익']",,2026-07-07T23:23:10
미래나노텍,00526836,095500,KOSDAQ,연간x연결,지표,CV-6,PASS,default metric selection visible,,2026-07-07T23:23:10
미래나노텍,00526836,095500,KOSDAQ,연간x별도,재무제표,DS-1,PASS,,,2026-07-07T23:23:16
미래나노텍,00526836,095500,KOSDAQ,연간x별도,상단,DS-8,PASS,,,2026-07-07T23:23:16
미래나노텍,00526836,095500,KOSDAQ,연간x별도,상단,DS-7,PASS,"badges seen: ['✅', '🔎', '⚠']",,2026-07-07T23:23:16
미래나노텍,00526836,095500,KOSDAQ,연간x별도,재무제표,CV-3,PASS,rows=29 cols=23 slider_extended=True,,2026-07-07T23:23:16
미래나노텍,00526836,095500,KOSDAQ,연간x별도,재무제표,DS-2/DS-3,DONE,"cross-check completed for ['매출액', '영업이익']",,2026-07-07T23:23:16
미래나노텍,00526836,095500,KOSDAQ,연간x별도,지표,CV-6,PASS,default metric selection visible,,2026-07-07T23:23:16
미래나노텍,00526836,095500,KOSDAQ,분기x연결,재무제표,DS-1,PASS,,,2026-07-07T23:23:22
미래나노텍,00526836,095500,KOSDAQ,분기x연결,상단,DS-8,PASS,,,2026-07-07T23:23:22
미래나노텍,00526836,095500,KOSDAQ,분기x연결,상단,DS-7,PASS,"badges seen: ['✅', '🔎']",,2026-07-07T23:23:22
미래나노텍,00526836,095500,KOSDAQ,분기x연결,재무제표,CV-3,PASS,rows=29 cols=60 slider_extended=True,,2026-07-07T23:23:22
미래나노텍,00526836,095500,KOSDAQ,분기x연결,재무제표,DS-2/DS-3,DONE,"cross-check completed for ['매출액', '영업이익']",,2026-07-07T23:23:22
미래나노텍,00526836,095500,KOSDAQ,분기x연결,지표,CV-6,FAIL,default metrics not found,,2026-07-07T23:23:22
미래나노텍,00526836,095500,KOSDAQ,분기x별도,재무제표,DS-1,PASS,,,2026-07-07T23:23:29
미래나노텍,00526836,095500,KOSDAQ,분기x별도,상단,DS-8,PASS,,,2026-07-07T23:23:29
미래나노텍,00526836,095500,KOSDAQ,분기x별도,상단,DS-7,PASS,"badges seen: ['✅', '🔎']",,2026-07-07T23:23:29
미래나노텍,00526836,095500,KOSDAQ,분기x별도,재무제표,CV-3,PASS,rows=29 cols=74 slider_extended=True,,2026-07-07T23:23:29
미래나노텍,00526836,095500,KOSDAQ,분기x별도,재무제표,DS-2/DS-3,DONE,"cross-check completed for ['매출액', '영업이익']",,2026-07-07T23:23:29
미래나노텍,00526836,095500,KOSDAQ,분기x별도,지표,CV-6,PASS,default metric selection visible,,2026-07-07T23:23:29
미래반도체,00299844,254490,KOSDAQ,연간x연결,재무제표,DS-1,PASS,,,2026-07-07T23:23:43
미래반도체,00299844,254490,KOSDAQ,연간x연결,상단,DS-8,PASS,,,2026-07-07T23:23:43
미래반도체,00299844,254490,KOSDAQ,연간x연결,상단,DS-7,PASS,"badges seen: ['✅', '🔎']",,2026-07-07T23:23:43
미래반도체,00299844,254490,KOSDAQ,연간x연결,재무제표,CV-3,PASS,rows=29 cols=6 slider_extended=True,,2026-07-07T23:23:43
미래반도체,00299844,254490,KOSDAQ,연간x연결,재무제표,DS-2/DS-3,DONE,"cross-check completed for ['매출액', '영업이익']",,2026-07-07T23:23:43
미래반도체,00299844,254490,KOSDAQ,연간x연결,지표,CV-6,PASS,default metric selection visible,,2026-07-07T23:23:43
미래반도체,00299844,254490,KOSDAQ,연간x별도,재무제표,DS-1,PASS,,,2026-07-07T23:23:49
미래반도체,00299844,254490,KOSDAQ,연간x별도,상단,DS-8,PASS,,,2026-07-07T23:23:49
미래반도체,00299844,254490,KOSDAQ,연간x별도,상단,DS-7,PASS,"badges seen: ['✅', '🔎']",,2026-07-07T23:23:49
미래반도체,00299844,254490,KOSDAQ,연간x별도,재무제표,CV-3,PASS,rows=29 cols=8 slider_extended=True,,2026-07-07T23:23:49
미래반도체,00299844,254490,KOSDAQ,연간x별도,재무제표,DS-2/DS-3,DONE,"cross-check completed for ['매출액', '영업이익']",,2026-07-07T23:23:49
미래반도체,00299844,254490,KOSDAQ,연간x별도,지표,CV-6,PASS,default metric selection visible,,2026-07-07T23:23:49
미래반도체,00299844,254490,KOSDAQ,분기x연결,재무제표,DS-1,PASS,,,2026-07-07T23:23:55
미래반도체,00299844,254490,KOSDAQ,분기x연결,상단,DS-8,PASS,,,2026-07-07T23:23:55
미래반도체,00299844,254490,KOSDAQ,분기x연결,상단,DS-7,PASS,"badges seen: ['✅', '🔎']",,2026-07-07T23:23:55
미래반도체,00299844,254490,KOSDAQ,분기x연결,재무제표,CV-3,PASS,rows=29 cols=12 slider_extended=True,,2026-07-07T23:23:55
미래반도체,00299844,254490,KOSDAQ,분기x연결,재무제표,DS-2/DS-3,DONE,"cross-check completed for ['매출액', '영업이익']",,2026-07-07T23:23:55
미래반도체,00299844,254490,KOSDAQ,분기x연결,지표,CV-6,PASS,default metric selection visible,,2026-07-07T23:23:55
미래반도체,00299844,254490,KOSDAQ,분기x별도,재무제표,DS-1,PASS,,,2026-07-07T23:24:02
미래반도체,00299844,254490,KOSDAQ,분기x별도,상단,DS-8,PASS,,,2026-07-07T23:24:02
미래반도체,00299844,254490,KOSDAQ,분기x별도,상단,DS-7,PASS,"badges seen: ['✅', '🔎', '⚠']",,2026-07-07T23:24:02
미래반도체,00299844,254490,KOSDAQ,분기x별도,재무제표,CV-3,PASS,rows=29 cols=20 slider_extended=True,,2026-07-07T23:24:02
미래반도체,00299844,254490,KOSDAQ,분기x별도,재무제표,DS-2/DS-3,DONE,"cross-check completed for ['매출액', '영업이익']",,2026-07-07T23:24:02
미래반도체,00299844,254490,KOSDAQ,분기x별도,지표,CV-6,PASS,default metric selection visible,,2026-07-07T23:24:02
미래생명자원,01071944,218150,KOSDAQ,연간x연결,재무제표,DS-1,PASS,,,2026-07-07T23:24:16
미래생명자원,01071944,218150,KOSDAQ,연간x연결,상단,DS-8,PASS,,,2026-07-07T23:24:16
미래생명자원,01071944,218150,KOSDAQ,연간x연결,상단,DS-7,PASS,"badges seen: ['✅', '🔎', '⚠']",,2026-07-07T23:24:16
미래생명자원,01071944,218150,KOSDAQ,연간x연결,재무제표,CV-3,PASS,rows=29 cols=13 slider_extended=True,,2026-07-07T23:24:16
미래생명자원,01071944,218150,KOSDAQ,연간x연결,재무제표,DS-2/DS-3,DONE,"cross-check completed for ['매출액', '영업이익']",,2026-07-07T23:24:16
미래생명자원,01071944,218150,KOSDAQ,연간x연결,지표,CV-6,PASS,default metric selection visible,,2026-07-07T23:24:16
미래생명자원,01071944,218150,KOSDAQ,연간x별도,재무제표,DS-1,PASS,,,2026-07-07T23:24:21
미래생명자원,01071944,218150,KOSDAQ,연간x별도,상단,DS-8,PASS,,,2026-07-07T23:24:21
미래생명자원,01071944,218150,KOSDAQ,연간x별도,상단,DS-7,PASS,"badges seen: ['✅', '🔎']",,2026-07-07T23:24:21
미래생명자원,01071944,218150,KOSDAQ,연간x별도,재무제표,CV-3,PASS,rows=29 cols=13 slider_extended=True,,2026-07-07T23:24:21
미래생명자원,01071944,218150,KOSDAQ,연간x별도,재무제표,DS-2/DS-3,DONE,"cross-check completed for ['매출액', '영업이익']",,2026-07-07T23:24:21
미래생명자원,01071944,218150,KOSDAQ,연간x별도,지표,CV-6,PASS,default metric selection visible,,2026-07-07T23:24:21
미래생명자원,01071944,218150,KOSDAQ,분기x연결,재무제표,DS-1,PASS,,,2026-07-07T23:24:28
미래생명자원,01071944,218150,KOSDAQ,분기x연결,상단,DS-8,PASS,,,2026-07-07T23:24:28
미래생명자원,01071944,218150,KOSDAQ,분기x연결,상단,DS-7,PASS,"badges seen: ['✅', '🔎']",,2026-07-07T23:24:28
미래생명자원,01071944,218150,KOSDAQ,분기x연결,재무제표,CV-3,PASS,rows=29 cols=40 slider_extended=True,,2026-07-07T23:24:28
미래생명자원,01071944,218150,KOSDAQ,분기x연결,재무제표,DS-2/DS-3,DONE,"cross-check completed for ['매출액', '영업이익']",,2026-07-07T23:24:28
미래생명자원,01071944,218150,KOSDAQ,분기x연결,지표,CV-6,PASS,default metric selection visible,,2026-07-07T23:24:28
미래생명자원,01071944,218150,KOSDAQ,분기x별도,재무제표,DS-1,PASS,,,2026-07-07T23:24:36
미래생명자원,01071944,218150,KOSDAQ,분기x별도,상단,DS-8,PASS,,,2026-07-07T23:24:36
미래생명자원,01071944,218150,KOSDAQ,분기x별도,상단,DS-7,PASS,"badges seen: ['✅', '🔎']",,2026-07-07T23:24:36
미래생명자원,01071944,218150,KOSDAQ,분기x별도,재무제표,CV-3,PASS,rows=29 cols=47 slider_extended=True,,2026-07-07T23:24:36
미래생명자원,01071944,218150,KOSDAQ,분기x별도,재무제표,DS-2/DS-3,DONE,"cross-check completed for ['매출액', '영업이익']",,2026-07-07T23:24:36
미래생명자원,01071944,218150,KOSDAQ,분기x별도,지표,CV-6,PASS,default metric selection visible,,2026-07-07T23:24:36
미래에셋벤처투자,00340096,100790,KOSDAQ,연간x연결,재무제표,DS-1,PASS,,,2026-07-07T23:24:50
미래에셋벤처투자,00340096,100790,KOSDAQ,연간x연결,상단,DS-8,PASS,,,2026-07-07T23:24:50
미래에셋벤처투자,00340096,100790,KOSDAQ,연간x연결,상단,DS-7,PASS,"badges seen: ['✅', '🔎']",,2026-07-07T23:24:50
미래에셋벤처투자,00340096,100790,KOSDAQ,연간x연결,재무제표,CV-3,PASS,rows=29 cols=12 slider_extended=True,,2026-07-07T23:24:50
미래에셋벤처투자,00340096,100790,KOSDAQ,연간x연결,재무제표,DS-2/DS-3,DONE,"cross-check completed for ['매출액', '영업이익']",,2026-07-07T23:24:50
미래에셋벤처투자,00340096,100790,KOSDAQ,연간x연결,지표,CV-6,PASS,default metric selection visible,,2026-07-07T23:24:50
미래에셋벤처투자,00340096,100790,KOSDAQ,연간x별도,재무제표,DS-1,PASS,,,2026-07-07T23:24:56
미래에셋벤처투자,00340096,100790,KOSDAQ,연간x별도,상단,DS-8,PASS,,,2026-07-07T23:24:56
미래에셋벤처투자,00340096,100790,KOSDAQ,연간x별도,상단,DS-7,PASS,"badges seen: ['✅', '🔎', '⚠']",,2026-07-07T23:24:56
미래에셋벤처투자,00340096,100790,KOSDAQ,연간x별도,재무제표,CV-3,PASS,rows=29 cols=12 slider_extended=True,,2026-07-07T23:24:56
미래에셋벤처투자,00340096,100790,KOSDAQ,연간x별도,재무제표,DS-2/DS-3,DONE,"cross-check completed for ['매출액', '영업이익']",,2026-07-07T23:24:56
미래에셋벤처투자,00340096,100790,KOSDAQ,연간x별도,지표,CV-6,PASS,default metric selection visible,,2026-07-07T23:24:56
미래에셋벤처투자,00340096,100790,KOSDAQ,분기x연결,재무제표,DS-1,PASS,,,2026-07-07T23:25:02
미래에셋벤처투자,00340096,100790,KOSDAQ,분기x연결,상단,DS-8,PASS,,,2026-07-07T23:25:02
미래에셋벤처투자,00340096,100790,KOSDAQ,분기x연결,상단,DS-7,PASS,"badges seen: ['✅', '🔎']",,2026-07-07T23:25:02
미래에셋벤처투자,00340096,100790,KOSDAQ,분기x연결,재무제표,CV-3,PASS,rows=29 cols=36 slider_extended=True,,2026-07-07T23:25:02
미래에셋벤처투자,00340096,100790,KOSDAQ,분기x연결,재무제표,DS-2/DS-3,DONE,"cross-check completed for ['매출액', '영업이익']",,2026-07-07T23:25:02
미래에셋벤처투자,00340096,100790,KOSDAQ,분기x연결,지표,CV-6,PASS,default metric selection visible,,2026-07-07T23:25:02
미래에셋벤처투자,00340096,100790,KOSDAQ,분기x별도,재무제표,DS-1,PASS,,,2026-07-07T23:25:09
미래에셋벤처투자,00340096,100790,KOSDAQ,분기x별도,상단,DS-8,PASS,,,2026-07-07T23:25:09
미래에셋벤처투자,00340096,100790,KOSDAQ,분기x별도,상단,DS-7,PASS,"badges seen: ['✅', '🔎', '⚠']",,2026-07-07T23:25:09
미래에셋벤처투자,00340096,100790,KOSDAQ,분기x별도,재무제표,CV-3,PASS,rows=29 cols=38 slider_extended=True,,2026-07-07T23:25:09
미래에셋벤처투자,00340096,100790,KOSDAQ,분기x별도,재무제표,DS-2/DS-3,DONE,"cross-check completed for ['매출액', '영업이익']",,2026-07-07T23:25:09
미래에셋벤처투자,00340096,100790,KOSDAQ,분기x별도,지표,CV-6,PASS,default metric selection visible,,2026-07-07T23:25:09
미래컴퍼니,00447760,049950,KOSDAQ,연간x연결,재무제표,DS-1,PASS,,,2026-07-07T23:25:23
미래컴퍼니,00447760,049950,KOSDAQ,연간x연결,상단,DS-8,PASS,,,2026-07-07T23:25:23
미래컴퍼니,00447760,049950,KOSDAQ,연간x연결,상단,DS-7,PASS,"badges seen: ['✅', '🔎', '⚠']",,2026-07-07T23:25:23
미래컴퍼니,00447760,049950,KOSDAQ,연간x연결,재무제표,CV-3,PASS,rows=29 cols=19 slider_extended=True,,2026-07-07T23:25:23
미래컴퍼니,00447760,049950,KOSDAQ,연간x연결,재무제표,DS-2/DS-3,DONE,"cross-check completed for ['매출액', '영업이익']",,2026-07-07T23:25:23
미래컴퍼니,00447760,049950,KOSDAQ,연간x연결,지표,CV-6,PASS,default metric selection visible,,2026-07-07T23:25:23
미래컴퍼니,00447760,049950,KOSDAQ,연간x별도,재무제표,DS-1,PASS,,,2026-07-07T23:25:29
미래컴퍼니,00447760,049950,KOSDAQ,연간x별도,상단,DS-8,PASS,,,2026-07-07T23:25:29
미래컴퍼니,00447760,049950,KOSDAQ,연간x별도,상단,DS-7,PASS,"badges seen: ['✅', '🔎', '⚠']",,2026-07-07T23:25:29
미래컴퍼니,00447760,049950,KOSDAQ,연간x별도,재무제표,CV-3,PASS,rows=29 cols=26 slider_extended=True,,2026-07-07T23:25:29
미래컴퍼니,00447760,049950,KOSDAQ,연간x별도,재무제표,DS-2/DS-3,DONE,"cross-check completed for ['매출액', '영업이익']",,2026-07-07T23:25:29
미래컴퍼니,00447760,049950,KOSDAQ,연간x별도,지표,CV-6,PASS,default metrics not found,,2026-07-07T23:25:29
미래컴퍼니,00447760,049950,KOSDAQ,분기x연결,재무제표,DS-1,PASS,,,2026-07-07T23:25:35
미래컴퍼니,00447760,049950,KOSDAQ,분기x연결,상단,DS-8,PASS,,,2026-07-07T23:25:35
미래컴퍼니,00447760,049950,KOSDAQ,분기x연결,상단,DS-7,PASS,"badges seen: ['✅', '🔎', '⚠']",,2026-07-07T23:25:35
미래컴퍼니,00447760,049950,KOSDAQ,분기x연결,재무제표,CV-3,PASS,rows=29 cols=60 slider_extended=True,,2026-07-07T23:25:35
미래컴퍼니,00447760,049950,KOSDAQ,분기x연결,재무제표,DS-2/DS-3,DONE,"cross-check completed for ['매출액', '영업이익']",,2026-07-07T23:25:35
미래컴퍼니,00447760,049950,KOSDAQ,분기x연결,지표,CV-6,PASS,default metric selection visible,,2026-07-07T23:25:35
미래컴퍼니,00447760,049950,KOSDAQ,분기x별도,재무제표,DS-1,PASS,,,2026-07-07T23:25:42
미래컴퍼니,00447760,049950,KOSDAQ,분기x별도,상단,DS-8,PASS,,,2026-07-07T23:25:42
미래컴퍼니,00447760,049950,KOSDAQ,분기x별도,상단,DS-7,PASS,"badges seen: ['✅', '🔎', '⚠']",,2026-07-07T23:25:42
미래컴퍼니,00447760,049950,KOSDAQ,분기x별도,재무제표,CV-3,PASS,rows=29 cols=82 slider_extended=True,,2026-07-07T23:25:42
미래컴퍼니,00447760,049950,KOSDAQ,분기x별도,재무제표,DS-2/DS-3,DONE,"cross-check completed for ['매출액', '영업이익']",,2026-07-07T23:25:42
미래컴퍼니,00447760,049950,KOSDAQ,분기x별도,지표,CV-6,PASS,default metric selection visible,,2026-07-07T23:25:42
미스터블루,01047840,207760,KOSDAQ,연간x연결,재무제표,DS-1,PASS,,,2026-07-07T23:25:56
미스터블루,01047840,207760,KOSDAQ,연간x연결,상단,DS-8,PASS,,,2026-07-07T23:25:56
미스터블루,01047840,207760,KOSDAQ,연간x연결,상단,DS-7,PASS,"badges seen: ['✅', '🔎', '⚠']",,2026-07-07T23:25:56
미스터블루,01047840,207760,KOSDAQ,연간x연결,재무제표,CV-3,PASS,rows=29 cols=14 slider_extended=True,,2026-07-07T23:25:56
미스터블루,01047840,207760,KOSDAQ,연간x연결,재무제표,DS-2/DS-3,DONE,"cross-check completed for ['매출액', '영업이익']",,2026-07-07T23:25:56
미스터블루,01047840,207760,KOSDAQ,연간x연결,지표,CV-6,PASS,default metric selection visible,,2026-07-07T23:25:56
미스터블루,01047840,207760,KOSDAQ,연간x별도,재무제표,DS-1,PASS,,,2026-07-07T23:26:01
미스터블루,01047840,207760,KOSDAQ,연간x별도,상단,DS-8,PASS,,,2026-07-07T23:26:01
미스터블루,01047840,207760,KOSDAQ,연간x별도,상단,DS-7,PASS,"badges seen: ['✅', '🔎']",,2026-07-07T23:26:01
미스터블루,01047840,207760,KOSDAQ,연간x별도,재무제표,CV-3,PASS,rows=29 cols=14 slider_extended=True,,2026-07-07T23:26:01
미스터블루,01047840,207760,KOSDAQ,연간x별도,재무제표,DS-2/DS-3,DONE,"cross-check completed for ['매출액', '영업이익']",,2026-07-07T23:26:01
미스터블루,01047840,207760,KOSDAQ,연간x별도,지표,CV-6,PASS,default metric selection visible,,2026-07-07T23:26:01
미스터블루,01047840,207760,KOSDAQ,분기x연결,재무제표,DS-1,PASS,,,2026-07-07T23:26:07
미스터블루,01047840,207760,KOSDAQ,분기x연결,상단,DS-8,PASS,,,2026-07-07T23:26:07
미스터블루,01047840,207760,KOSDAQ,분기x연결,상단,DS-7,PASS,"badges seen: ['✅', '🔎']",,2026-07-07T23:26:07
미스터블루,01047840,207760,KOSDAQ,분기x연결,재무제표,CV-3,PASS,rows=29 cols=46 slider_extended=True,,2026-07-07T23:26:07
미스터블루,01047840,207760,KOSDAQ,분기x연결,재무제표,DS-2/DS-3,DONE,"cross-check completed for ['매출액', '영업이익']",,2026-07-07T23:26:07
미스터블루,01047840,207760,KOSDAQ,분기x연결,지표,CV-6,PASS,default metric selection visible,,2026-07-07T23:26:07
미스터블루,01047840,207760,KOSDAQ,분기x별도,재무제표,DS-1,PASS,,,2026-07-07T23:26:15
미스터블루,01047840,207760,KOSDAQ,분기x별도,상단,DS-8,PASS,,,2026-07-07T23:26:15
미스터블루,01047840,207760,KOSDAQ,분기x별도,상단,DS-7,PASS,"badges seen: ['✅', '🔎']",,2026-07-07T23:26:15
미스터블루,01047840,207760,KOSDAQ,분기x별도,재무제표,CV-3,PASS,rows=29 cols=53 slider_extended=True,,2026-07-07T23:26:15
미스터블루,01047840,207760,KOSDAQ,분기x별도,재무제표,DS-2/DS-3,DONE,"cross-check completed for ['매출액', '영업이익']",,2026-07-07T23:26:15
미스터블루,01047840,207760,KOSDAQ,분기x별도,지표,CV-6,PASS,default metric selection visible,,2026-07-07T23:26:15
미코,00366942,059090,KOSDAQ,연간x연결,재무제표,DS-1,PASS,,,2026-07-07T23:26:29
미코,00366942,059090,KOSDAQ,연간x연결,상단,DS-8,PASS,,,2026-07-07T23:26:29
미코,00366942,059090,KOSDAQ,연간x연결,상단,DS-7,PASS,"badges seen: ['✅', '🔎', '⚠']",,2026-07-07T23:26:29
미코,00366942,059090,KOSDAQ,연간x연결,재무제표,CV-3,PASS,rows=29 cols=19 slider_extended=True,,2026-07-07T23:26:29
미코,00366942,059090,KOSDAQ,연간x연결,재무제표,DS-2/DS-3,DONE,"cross-check completed for ['매출액', '영업이익']",,2026-07-07T23:26:29
미코,00366942,059090,KOSDAQ,연간x연결,지표,CV-6,PASS,default metric selection visible,,2026-07-07T23:26:29
미코,00366942,059090,KOSDAQ,연간x별도,재무제표,DS-1,PASS,,,2026-07-07T23:26:34
미코,00366942,059090,KOSDAQ,연간x별도,상단,DS-8,PASS,,,2026-07-07T23:26:34
미코,00366942,059090,KOSDAQ,연간x별도,상단,DS-7,PASS,"badges seen: ['✅', '🔎', '⚠']",,2026-07-07T23:26:34
미코,00366942,059090,KOSDAQ,연간x별도,재무제표,CV-3,PASS,rows=29 cols=12 slider_extended=True,,2026-07-07T23:26:34
미코,00366942,059090,KOSDAQ,연간x별도,재무제표,DS-2/DS-3,DONE,"cross-check completed for ['매출액', '영업이익']",,2026-07-07T23:26:34
미코,00366942,059090,KOSDAQ,연간x별도,지표,CV-6,PASS,default metric selection visible,,2026-07-07T23:26:34
미코,00366942,059090,KOSDAQ,분기x연결,재무제표,DS-1,PASS,,,2026-07-07T23:26:41
미코,00366942,059090,KOSDAQ,분기x연결,상단,DS-8,PASS,,,2026-07-07T23:26:41
미코,00366942,059090,KOSDAQ,분기x연결,상단,DS-7,PASS,"badges seen: ['✅', '🔎']",,2026-07-07T23:26:41
미코,00366942,059090,KOSDAQ,분기x연결,재무제표,CV-3,PASS,rows=29 cols=65 slider_extended=True,,2026-07-07T23:26:41
미코,00366942,059090,KOSDAQ,분기x연결,재무제표,DS-2/DS-3,DONE,"cross-check completed for ['매출액', '영업이익']",,2026-07-07T23:26:41
미코,00366942,059090,KOSDAQ,분기x연결,지표,CV-6,PASS,default metric selection visible,,2026-07-07T23:26:41
미코,00366942,059090,KOSDAQ,분기x별도,재무제표,DS-1,PASS,,,2026-07-07T23:26:48
미코,00366942,059090,KOSDAQ,분기x별도,상단,DS-8,PASS,,,2026-07-07T23:26:48
미코,00366942,059090,KOSDAQ,분기x별도,상단,DS-7,PASS,"badges seen: ['✅', '🔎']",,2026-07-07T23:26:48
미코,00366942,059090,KOSDAQ,분기x별도,재무제표,CV-3,PASS,rows=29 cols=89 slider_extended=True,,2026-07-07T23:26:48
미코,00366942,059090,KOSDAQ,분기x별도,재무제표,DS-2/DS-3,DONE,"cross-check completed for ['매출액', '영업이익']",,2026-07-07T23:26:48
미코,00366942,059090,KOSDAQ,분기x별도,지표,CV-6,PASS,default metric selection visible,,2026-07-07T23:26:48
미투온,00965813,201490,KOSDAQ,연간x연결,재무제표,DS-1,PASS,,,2026-07-07T23:27:03
미투온,00965813,201490,KOSDAQ,연간x연결,상단,DS-8,PASS,,,2026-07-07T23:27:03
미투온,00965813,201490,KOSDAQ,연간x연결,상단,DS-7,PASS,"badges seen: ['✅', '🔎', '⚠']",,2026-07-07T23:27:03
미투온,00965813,201490,KOSDAQ,연간x연결,재무제표,CV-3,PASS,rows=29 cols=14 slider_extended=True,,2026-07-07T23:27:03
미투온,00965813,201490,KOSDAQ,연간x연결,재무제표,DS-2/DS-3,DONE,"cross-check completed for ['매출액', '영업이익']",,2026-07-07T23:27:03
미투온,00965813,201490,KOSDAQ,연간x연결,지표,CV-6,PASS,default metric selection visible,,2026-07-07T23:27:03
미투온,00965813,201490,KOSDAQ,연간x별도,재무제표,DS-1,PASS,,,2026-07-07T23:27:08
미투온,00965813,201490,KOSDAQ,연간x별도,상단,DS-8,PASS,,,2026-07-07T23:27:08
미투온,00965813,201490,KOSDAQ,연간x별도,상단,DS-7,PASS,"badges seen: ['✅', '🔎']",,2026-07-07T23:27:08
미투온,00965813,201490,KOSDAQ,연간x별도,재무제표,CV-3,PASS,rows=29 cols=14 slider_extended=True,,2026-07-07T23:27:08
미투온,00965813,201490,KOSDAQ,연간x별도,재무제표,DS-2/DS-3,DONE,"cross-check completed for ['매출액', '영업이익']",,2026-07-07T23:27:08
미투온,00965813,201490,KOSDAQ,연간x별도,지표,CV-6,PASS,default metric selection visible,,2026-07-07T23:27:08
미투온,00965813,201490,KOSDAQ,분기x연결,재무제표,DS-1,PASS,,,2026-07-07T23:27:14
미투온,00965813,201490,KOSDAQ,분기x연결,상단,DS-8,PASS,,,2026-07-07T23:27:14
미투온,00965813,201490,KOSDAQ,분기x연결,상단,DS-7,PASS,"badges seen: ['✅', '🔎']",,2026-07-07T23:27:14
미투온,00965813,201490,KOSDAQ,분기x연결,재무제표,CV-3,PASS,rows=29 cols=46 slider_extended=True,,2026-07-07T23:27:14
미투온,00965813,201490,KOSDAQ,분기x연결,재무제표,DS-2/DS-3,DONE,"cross-check completed for ['매출액', '영업이익']",,2026-07-07T23:27:14
미투온,00965813,201490,KOSDAQ,분기x연결,지표,CV-6,PASS,default metric selection visible,,2026-07-07T23:27:14
미투온,00965813,201490,KOSDAQ,분기x별도,재무제표,DS-1,PASS,,,2026-07-07T23:27:21
미투온,00965813,201490,KOSDAQ,분기x별도,상단,DS-8,PASS,,,2026-07-07T23:27:21
미투온,00965813,201490,KOSDAQ,분기x별도,상단,DS-7,PASS,"badges seen: ['✅', '🔎']",,2026-07-07T23:27:21
미투온,00965813,201490,KOSDAQ,분기x별도,재무제표,CV-3,PASS,rows=29 cols=46 slider_extended=True,,2026-07-07T23:27:21
미투온,00965813,201490,KOSDAQ,분기x별도,재무제표,DS-2/DS-3,DONE,"cross-check completed for ['매출액', '영업이익']",,2026-07-07T23:27:21
미투온,00965813,201490,KOSDAQ,분기x별도,지표,CV-6,PASS,default metric selection visible,,2026-07-07T23:27:21
미트박스,01374717,475460,KOSDAQ,연간x연결,재무제표,DS-1,PASS,,,2026-07-07T23:27:35
미트박스,01374717,475460,KOSDAQ,연간x연결,상단,DS-8,PASS,,,2026-07-07T23:27:35
미트박스,01374717,475460,KOSDAQ,연간x연결,상단,DS-7,PASS,"badges seen: ['✅', '🔎']",,2026-07-07T23:27:35
미트박스,01374717,475460,KOSDAQ,연간x연결,재무제표,CV-3,PASS,rows=29 cols=6 slider_extended=True,,2026-07-07T23:27:35
미트박스,01374717,475460,KOSDAQ,연간x연결,재무제표,DS-2/DS-3,DONE,"cross-check completed for ['매출액', '영업이익']",,2026-07-07T23:27:35
미트박스,01374717,475460,KOSDAQ,연간x연결,지표,CV-6,FAIL,default metrics not found,,2026-07-07T23:27:35
미트박스,01374717,475460,KOSDAQ,연간x별도,재무제표,DS-1,PASS,,,2026-07-07T23:27:41
미트박스,01374717,475460,KOSDAQ,연간x별도,상단,DS-8,PASS,,,2026-07-07T23:27:41
미트박스,01374717,475460,KOSDAQ,연간x별도,상단,DS-7,PASS,"badges seen: ['✅', '🔎']",,2026-07-07T23:27:41
미트박스,01374717,475460,KOSDAQ,연간x별도,재무제표,CV-3,PASS,rows=29 cols=6 slider_extended=True,,2026-07-07T23:27:41
미트박스,01374717,475460,KOSDAQ,연간x별도,재무제표,DS-2/DS-3,DONE,"cross-check completed for ['매출액', '영업이익']",,2026-07-07T23:27:41
미트박스,01374717,475460,KOSDAQ,연간x별도,지표,CV-6,PASS,default metric selection visible,,2026-07-07T23:27:41
미트박스,01374717,475460,KOSDAQ,분기x연결,재무제표,DS-1,PASS,,,2026-07-07T23:27:47
미트박스,01374717,475460,KOSDAQ,분기x연결,상단,DS-8,PASS,,,2026-07-07T23:27:47
미트박스,01374717,475460,KOSDAQ,분기x연결,상단,DS-7,PASS,"badges seen: ['✅', '🔎']",,2026-07-07T23:27:47
미트박스,01374717,475460,KOSDAQ,분기x연결,재무제표,CV-3,PASS,rows=29 cols=11 slider_extended=True,,2026-07-07T23:27:47
미트박스,01374717,475460,KOSDAQ,분기x연결,재무제표,DS-2/DS-3,DONE,"cross-check completed for ['매출액', '영업이익']",,2026-07-07T23:27:47
미트박스,01374717,475460,KOSDAQ,분기x연결,지표,CV-6,PASS,default metric selection visible,,2026-07-07T23:27:47
미트박스,01374717,475460,KOSDAQ,분기x별도,재무제표,DS-1,PASS,,,2026-07-07T23:27:54
미트박스,01374717,475460,KOSDAQ,분기x별도,상단,DS-8,PASS,,,2026-07-07T23:27:54
미트박스,01374717,475460,KOSDAQ,분기x별도,상단,DS-7,PASS,"badges seen: ['✅', '🔎']",,2026-07-07T23:27:54
미트박스,01374717,475460,KOSDAQ,분기x별도,재무제표,CV-3,PASS,rows=29 cols=11 slider_extended=True,,2026-07-07T23:27:54
미트박스,01374717,475460,KOSDAQ,분기x별도,재무제표,DS-2/DS-3,DONE,"cross-check completed for ['매출액', '영업이익']",,2026-07-07T23:27:54
미트박스,01374717,475460,KOSDAQ,분기x별도,지표,CV-6,PASS,default metric selection visible,,2026-07-07T23:27:54
민테크,01689035,452200,KOSDAQ,연간x연결,재무제표,DS-1,PASS,,,2026-07-07T23:28:08
민테크,01689035,452200,KOSDAQ,연간x연결,상단,DS-8,PASS,,,2026-07-07T23:28:08
민테크,01689035,452200,KOSDAQ,연간x연결,상단,DS-4,PASS,substitution caption present,,2026-07-07T23:28:08
민테크,01689035,452200,KOSDAQ,연간x연결,상단,DS-7,PASS,"badges seen: ['✅', '🔎']",,2026-07-07T23:28:08
민테크,01689035,452200,KOSDAQ,연간x연결,재무제표,CV-3,PASS,rows=29 cols=6 slider_extended=True,,2026-07-07T23:28:08
민테크,01689035,452200,KOSDAQ,연간x연결,재무제표,DS-2/DS-3,DONE,"cross-check completed for ['매출액', '영업이익']",,2026-07-07T23:28:08
민테크,01689035,452200,KOSDAQ,연간x연결,지표,CV-6,PASS,default metric selection visible,,2026-07-07T23:28:08
민테크,01689035,452200,KOSDAQ,연간x별도,재무제표,DS-1,PASS,,,2026-07-07T23:28:13
민테크,01689035,452200,KOSDAQ,연간x별도,상단,DS-8,PASS,,,2026-07-07T23:28:13
민테크,01689035,452200,KOSDAQ,연간x별도,상단,DS-7,PASS,"badges seen: ['✅', '🔎']",,2026-07-07T23:28:13
민테크,01689035,452200,KOSDAQ,연간x별도,재무제표,CV-3,PASS,rows=29 cols=6 slider_extended=True,,2026-07-07T23:28:13
민테크,01689035,452200,KOSDAQ,연간x별도,재무제표,DS-2/DS-3,DONE,"cross-check completed for ['매출액', '영업이익']",,2026-07-07T23:28:13
민테크,01689035,452200,KOSDAQ,연간x별도,지표,CV-6,PASS,default metric selection visible,,2026-07-07T23:28:13
민테크,01689035,452200,KOSDAQ,분기x연결,재무제표,DS-1,PASS,,,2026-07-07T23:28:19
민테크,01689035,452200,KOSDAQ,분기x연결,상단,DS-8,PASS,,,2026-07-07T23:28:19
민테크,01689035,452200,KOSDAQ,분기x연결,상단,DS-4,PASS,substitution caption present,,2026-07-07T23:28:19
민테크,01689035,452200,KOSDAQ,분기x연결,상단,DS-7,PASS,"badges seen: ['✅', '🔎']",,2026-07-07T23:28:19
민테크,01689035,452200,KOSDAQ,분기x연결,재무제표,CV-3,PASS,rows=29 cols=13 slider_extended=True,,2026-07-07T23:28:19
민테크,01689035,452200,KOSDAQ,분기x연결,재무제표,DS-2/DS-3,DONE,"cross-check completed for ['매출액', '영업이익']",,2026-07-07T23:28:19
민테크,01689035,452200,KOSDAQ,분기x연결,지표,CV-6,PASS,default metric selection visible,,2026-07-07T23:28:19
민테크,01689035,452200,KOSDAQ,분기x별도,재무제표,DS-1,PASS,,,2026-07-07T23:28:26
민테크,01689035,452200,KOSDAQ,분기x별도,상단,DS-8,PASS,,,2026-07-07T23:28:26
민테크,01689035,452200,KOSDAQ,분기x별도,상단,DS-7,PASS,"badges seen: ['✅', '🔎']",,2026-07-07T23:28:26
민테크,01689035,452200,KOSDAQ,분기x별도,재무제표,CV-3,PASS,rows=29 cols=13 slider_extended=True,,2026-07-07T23:28:26
민테크,01689035,452200,KOSDAQ,분기x별도,재무제표,DS-2/DS-3,DONE,"cross-check completed for ['매출액', '영업이익']",,2026-07-07T23:28:26
민테크,01689035,452200,KOSDAQ,분기x별도,지표,CV-6,PASS,default metric selection visible,,2026-07-07T23:28:26
바디텍메드,01046708,206640,KOSDAQ,연간x연결,재무제표,DS-1,PASS,,,2026-07-07T23:28:40
바디텍메드,01046708,206640,KOSDAQ,연간x연결,상단,DS-8,PASS,,,2026-07-07T23:28:40
바디텍메드,01046708,206640,KOSDAQ,연간x연결,상단,DS-7,PASS,"badges seen: ['✅', '🔎', '⚠']",,2026-07-07T23:28:40
바디텍메드,01046708,206640,KOSDAQ,연간x연결,재무제표,CV-3,PASS,rows=29 cols=14 slider_extended=True,,2026-07-07T23:28:40
바디텍메드,01046708,206640,KOSDAQ,연간x연결,재무제표,DS-2/DS-3,DONE,"cross-check completed for ['매출액', '영업이익']",,2026-07-07T23:28:40
바디텍메드,01046708,206640,KOSDAQ,연간x연결,지표,CV-6,PASS,default metric selection visible,,2026-07-07T23:28:40
바디텍메드,01046708,206640,KOSDAQ,연간x별도,재무제표,DS-1,PASS,,,2026-07-07T23:28:46
바디텍메드,01046708,206640,KOSDAQ,연간x별도,상단,DS-8,PASS,,,2026-07-07T23:28:46
바디텍메드,01046708,206640,KOSDAQ,연간x별도,상단,DS-7,PASS,"badges seen: ['✅', '🔎']",,2026-07-07T23:28:46
바디텍메드,01046708,206640,KOSDAQ,연간x별도,재무제표,CV-3,PASS,rows=29 cols=15 slider_extended=True,,2026-07-07T23:28:46
바디텍메드,01046708,206640,KOSDAQ,연간x별도,재무제표,DS-2/DS-3,DONE,"cross-check completed for ['매출액', '영업이익']",,2026-07-07T23:28:46
바디텍메드,01046708,206640,KOSDAQ,연간x별도,지표,CV-6,PASS,default metric selection visible,,2026-07-07T23:28:46
바디텍메드,01046708,206640,KOSDAQ,분기x연결,재무제표,DS-1,PASS,,,2026-07-07T23:28:53
바디텍메드,01046708,206640,KOSDAQ,분기x연결,상단,DS-8,PASS,,,2026-07-07T23:28:53
바디텍메드,01046708,206640,KOSDAQ,분기x연결,상단,DS-7,PASS,"badges seen: ['✅', '🔎']",,2026-07-07T23:28:53
바디텍메드,01046708,206640,KOSDAQ,분기x연결,재무제표,CV-3,PASS,rows=29 cols=51 slider_extended=True,,2026-07-07T23:28:53
바디텍메드,01046708,206640,KOSDAQ,분기x연결,재무제표,DS-2/DS-3,DONE,"cross-check completed for ['매출액', '영업이익']",,2026-07-07T23:28:53
바디텍메드,01046708,206640,KOSDAQ,분기x연결,지표,CV-6,PASS,default metric selection visible,,2026-07-07T23:28:53
바디텍메드,01046708,206640,KOSDAQ,분기x별도,재무제표,DS-1,PASS,,,2026-07-07T23:29:00
바디텍메드,01046708,206640,KOSDAQ,분기x별도,상단,DS-8,PASS,,,2026-07-07T23:29:00
바디텍메드,01046708,206640,KOSDAQ,분기x별도,상단,DS-7,PASS,"badges seen: ['✅', '🔎']",,2026-07-07T23:29:00
바디텍메드,01046708,206640,KOSDAQ,분기x별도,재무제표,CV-3,PASS,rows=29 cols=51 slider_extended=True,,2026-07-07T23:29:00
바디텍메드,01046708,206640,KOSDAQ,분기x별도,재무제표,DS-2/DS-3,DONE,"cross-check completed for ['매출액', '영업이익']",,2026-07-07T23:29:00
바디텍메드,01046708,206640,KOSDAQ,분기x별도,지표,CV-6,PASS,default metric selection visible,,2026-07-07T23:29:00
바른손이앤에이,00259590,035620,KOSDAQ,연간x연결,재무제표,DS-1,PASS,,,2026-07-07T23:29:14
바른손이앤에이,00259590,035620,KOSDAQ,연간x연결,상단,DS-8,PASS,,,2026-07-07T23:29:14
바른손이앤에이,00259590,035620,KOSDAQ,연간x연결,상단,DS-7,PASS,"badges seen: ['✅', '🔎', '⚠']",,2026-07-07T23:29:14
바른손이앤에이,00259590,035620,KOSDAQ,연간x연결,재무제표,CV-3,PASS,rows=29 cols=19 slider_extended=True,,2026-07-07T23:29:14
바른손이앤에이,00259590,035620,KOSDAQ,연간x연결,재무제표,DS-2/DS-3,DONE,"cross-check completed for ['매출액', '영업이익']",,2026-07-07T23:29:14
바른손이앤에이,00259590,035620,KOSDAQ,연간x연결,지표,CV-6,PASS,default metric selection visible,,2026-07-07T23:29:14
바른손이앤에이,00259590,035620,KOSDAQ,연간x별도,재무제표,DS-1,PASS,,,2026-07-07T23:29:19
바른손이앤에이,00259590,035620,KOSDAQ,연간x별도,상단,DS-8,PASS,,,2026-07-07T23:29:19
바른손이앤에이,00259590,035620,KOSDAQ,연간x별도,상단,DS-7,PASS,"badges seen: ['✅', '🔎', '⚠']",,2026-07-07T23:29:19
바른손이앤에이,00259590,035620,KOSDAQ,연간x별도,재무제표,CV-3,PASS,rows=29 cols=27 slider_extended=True,,2026-07-07T23:29:19
바른손이앤에이,00259590,035620,KOSDAQ,연간x별도,재무제표,DS-2/DS-3,DONE,"cross-check completed for ['매출액', '영업이익']",,2026-07-07T23:29:19
바른손이앤에이,00259590,035620,KOSDAQ,연간x별도,지표,CV-6,PASS,default metric selection visible,,2026-07-07T23:29:19
바른손이앤에이,00259590,035620,KOSDAQ,분기x연결,재무제표,DS-1,PASS,,,2026-07-07T23:29:25
바른손이앤에이,00259590,035620,KOSDAQ,분기x연결,상단,DS-8,PASS,,,2026-07-07T23:29:25
바른손이앤에이,00259590,035620,KOSDAQ,분기x연결,상단,DS-7,PASS,"badges seen: ['✅', '🔎', '⚠']",,2026-07-07T23:29:25
바른손이앤에이,00259590,035620,KOSDAQ,분기x연결,재무제표,CV-3,PASS,rows=29 cols=61 slider_extended=True,,2026-07-07T23:29:25
바른손이앤에이,00259590,035620,KOSDAQ,분기x연결,재무제표,DS-2/DS-3,DONE,"cross-check completed for ['매출액', '영업이익']",,2026-07-07T23:29:25
바른손이앤에이,00259590,035620,KOSDAQ,분기x연결,지표,CV-6,PASS,default metric selection visible,,2026-07-07T23:29:25
바른손이앤에이,00259590,035620,KOSDAQ,분기x별도,재무제표,DS-1,PASS,,,2026-07-07T23:29:33
바른손이앤에이,00259590,035620,KOSDAQ,분기x별도,상단,DS-8,PASS,,,2026-07-07T23:29:33
바른손이앤에이,00259590,035620,KOSDAQ,분기x별도,상단,DS-7,PASS,"badges seen: ['✅', '🔎', '⚠']",,2026-07-07T23:29:33
바른손이앤에이,00259590,035620,KOSDAQ,분기x별도,재무제표,CV-3,PASS,rows=29 cols=85 slider_extended=True,,2026-07-07T23:29:33
바른손이앤에이,00259590,035620,KOSDAQ,분기x별도,재무제표,DS-2/DS-3,DONE,"cross-check completed for ['매출액', '영업이익']",,2026-07-07T23:29:33
바른손이앤에이,00259590,035620,KOSDAQ,분기x별도,지표,CV-6,PASS,default metric selection visible,,2026-07-07T23:29:33
바이넥스,00216027,053030,KOSDAQ,연간x연결,재무제표,DS-1,PASS,,,2026-07-07T23:29:45
바이넥스,00216027,053030,KOSDAQ,연간x연결,상단,DS-8,PASS,,,2026-07-07T23:29:45
바이넥스,00216027,053030,KOSDAQ,연간x연결,상단,DS-7,PASS,"badges seen: ['✅', '🔎']",,2026-07-07T23:29:45
바이넥스,00216027,053030,KOSDAQ,연간x연결,재무제표,CV-3,PASS,rows=29 cols=17 slider_extended=True,,2026-07-07T23:29:45
바이넥스,00216027,053030,KOSDAQ,연간x연결,재무제표,DS-2/DS-3,DONE,"cross-check completed for ['매출액', '영업이익']",,2026-07-07T23:29:45
바이넥스,00216027,053030,KOSDAQ,연간x연결,지표,CV-6,PASS,default metric selection visible,,2026-07-07T23:29:45
바이넥스,00216027,053030,KOSDAQ,연간x별도,재무제표,DS-1,PASS,,,2026-07-07T23:29:50
바이넥스,00216027,053030,KOSDAQ,연간x별도,상단,DS-8,PASS,,,2026-07-07T23:29:50
바이넥스,00216027,053030,KOSDAQ,연간x별도,상단,DS-7,PASS,"badges seen: ['✅', '🔎']",,2026-07-07T23:29:50
바이넥스,00216027,053030,KOSDAQ,연간x별도,재무제표,CV-3,PASS,rows=29 cols=28 slider_extended=True,,2026-07-07T23:29:50
바이넥스,00216027,053030,KOSDAQ,연간x별도,재무제표,DS-2/DS-3,DONE,"cross-check completed for ['매출액', '영업이익']",,2026-07-07T23:29:50
바이넥스,00216027,053030,KOSDAQ,연간x별도,지표,CV-6,PASS,default metric selection visible,,2026-07-07T23:29:50
바이넥스,00216027,053030,KOSDAQ,분기x연결,재무제표,DS-1,PASS,,,2026-07-07T23:29:57
바이넥스,00216027,053030,KOSDAQ,분기x연결,상단,DS-8,PASS,,,2026-07-07T23:29:57
바이넥스,00216027,053030,KOSDAQ,분기x연결,상단,DS-7,PASS,"badges seen: ['✅', '🔎']",,2026-07-07T23:29:57
바이넥스,00216027,053030,KOSDAQ,분기x연결,재무제표,CV-3,PASS,rows=29 cols=64 slider_extended=True,,2026-07-07T23:29:57
바이넥스,00216027,053030,KOSDAQ,분기x연결,재무제표,DS-2/DS-3,DONE,"cross-check completed for ['매출액', '영업이익']",,2026-07-07T23:29:57
바이넥스,00216027,053030,KOSDAQ,분기x연결,지표,CV-6,PASS,default metric selection visible,,2026-07-07T23:29:57
바이넥스,00216027,053030,KOSDAQ,분기x별도,재무제표,DS-1,PASS,,,2026-07-07T23:30:04
바이넥스,00216027,053030,KOSDAQ,분기x별도,상단,DS-8,PASS,,,2026-07-07T23:30:04
바이넥스,00216027,053030,KOSDAQ,분기x별도,상단,DS-7,PASS,"badges seen: ['✅', '🔎']",,2026-07-07T23:30:04
바이넥스,00216027,053030,KOSDAQ,분기x별도,재무제표,CV-3,PASS,rows=29 cols=92 slider_extended=True,,2026-07-07T23:30:04
바이넥스,00216027,053030,KOSDAQ,분기x별도,재무제표,DS-2/DS-3,DONE,"cross-check completed for ['매출액', '영업이익']",,2026-07-07T23:30:04
바이넥스,00216027,053030,KOSDAQ,분기x별도,지표,CV-6,PASS,default metric selection visible,,2026-07-07T23:30:04
바이브컴퍼니,00403793,301300,KOSDAQ,연간x연결,재무제표,DS-1,PASS,,,2026-07-07T23:30:18
바이브컴퍼니,00403793,301300,KOSDAQ,연간x연결,상단,DS-8,PASS,,,2026-07-07T23:30:18
바이브컴퍼니,00403793,301300,KOSDAQ,연간x연결,상단,DS-7,PASS,"badges seen: ['✅', '🔎']",,2026-07-07T23:30:18
바이브컴퍼니,00403793,301300,KOSDAQ,연간x연결,재무제표,CV-3,PASS,rows=29 cols=10 slider_extended=True,,2026-07-07T23:30:18
바이브컴퍼니,00403793,301300,KOSDAQ,연간x연결,재무제표,DS-2/DS-3,DONE,"cross-check completed for ['매출액', '영업이익']",,2026-07-07T23:30:18
바이브컴퍼니,00403793,301300,KOSDAQ,연간x연결,지표,CV-6,PASS,default metric selection visible,,2026-07-07T23:30:18
바이브컴퍼니,00403793,301300,KOSDAQ,연간x별도,재무제표,DS-1,PASS,,,2026-07-07T23:30:23
바이브컴퍼니,00403793,301300,KOSDAQ,연간x별도,상단,DS-8,PASS,,,2026-07-07T23:30:23
바이브컴퍼니,00403793,301300,KOSDAQ,연간x별도,상단,DS-7,PASS,"badges seen: ['✅', '🔎']",,2026-07-07T23:30:23
바이브컴퍼니,00403793,301300,KOSDAQ,연간x별도,재무제표,CV-3,PASS,rows=29 cols=10 slider_extended=True,,2026-07-07T23:30:23
바이브컴퍼니,00403793,301300,KOSDAQ,연간x별도,재무제표,DS-2/DS-3,DONE,"cross-check completed for ['매출액', '영업이익']",,2026-07-07T23:30:23
바이브컴퍼니,00403793,301300,KOSDAQ,연간x별도,지표,CV-6,PASS,default metric selection visible,,2026-07-07T23:30:23
바이브컴퍼니,00403793,301300,KOSDAQ,분기x연결,재무제표,DS-1,PASS,,,2026-07-07T23:30:29
바이브컴퍼니,00403793,301300,KOSDAQ,분기x연결,상단,DS-8,PASS,,,2026-07-07T23:30:29
바이브컴퍼니,00403793,301300,KOSDAQ,분기x연결,상단,DS-7,PASS,"badges seen: ['✅', '🔎', '⚠']",,2026-07-07T23:30:29
바이브컴퍼니,00403793,301300,KOSDAQ,분기x연결,재무제표,CV-3,PASS,rows=29 cols=27 slider_extended=True,,2026-07-07T23:30:29
바이브컴퍼니,00403793,301300,KOSDAQ,분기x연결,재무제표,DS-2/DS-3,DONE,"cross-check completed for ['매출액', '영업이익']",,2026-07-07T23:30:29
바이브컴퍼니,00403793,301300,KOSDAQ,분기x연결,지표,CV-6,PASS,default metric selection visible,,2026-07-07T23:30:29
바이브컴퍼니,00403793,301300,KOSDAQ,분기x별도,재무제표,DS-1,PASS,,,2026-07-07T23:30:37
바이브컴퍼니,00403793,301300,KOSDAQ,분기x별도,상단,DS-8,PASS,,,2026-07-07T23:30:37
바이브컴퍼니,00403793,301300,KOSDAQ,분기x별도,상단,DS-7,PASS,"badges seen: ['✅', '🔎']",,2026-07-07T23:30:37
바이브컴퍼니,00403793,301300,KOSDAQ,분기x별도,재무제표,CV-3,PASS,rows=29 cols=28 slider_extended=True,,2026-07-07T23:30:37
바이브컴퍼니,00403793,301300,KOSDAQ,분기x별도,재무제표,DS-2/DS-3,DONE,"cross-check completed for ['매출액', '영업이익']",,2026-07-07T23:30:37
바이브컴퍼니,00403793,301300,KOSDAQ,분기x별도,지표,CV-6,PASS,default metric selection visible,,2026-07-07T23:30:37
바이오니아,00326731,064550,KOSDAQ,연간x연결,재무제표,DS-1,PASS,,,2026-07-07T23:30:49
바이오니아,00326731,064550,KOSDAQ,연간x연결,상단,DS-8,PASS,,,2026-07-07T23:30:49
바이오니아,00326731,064550,KOSDAQ,연간x연결,상단,DS-7,PASS,"badges seen: ['✅', '🔎']",,2026-07-07T23:30:49
바이오니아,00326731,064550,KOSDAQ,연간x연결,재무제표,CV-3,PASS,rows=29 cols=19 slider_extended=True,,2026-07-07T23:30:49
바이오니아,00326731,064550,KOSDAQ,연간x연결,재무제표,DS-2/DS-3,DONE,"cross-check completed for ['매출액', '영업이익']",,2026-07-07T23:30:49
바이오니아,00326731,064550,KOSDAQ,연간x연결,지표,CV-6,PASS,default metric selection visible,,2026-07-07T23:30:49
바이오니아,00326731,064550,KOSDAQ,연간x별도,재무제표,DS-1,PASS,,,2026-07-07T23:30:55
바이오니아,00326731,064550,KOSDAQ,연간x별도,상단,DS-8,PASS,,,2026-07-07T23:30:55
바이오니아,00326731,064550,KOSDAQ,연간x별도,상단,DS-7,PASS,"badges seen: ['✅', '🔎', '⚠']",,2026-07-07T23:30:55
바이오니아,00326731,064550,KOSDAQ,연간x별도,재무제표,CV-3,PASS,rows=29 cols=25 slider_extended=True,,2026-07-07T23:30:55
바이오니아,00326731,064550,KOSDAQ,연간x별도,재무제표,DS-2/DS-3,DONE,"cross-check completed for ['매출액', '영업이익']",,2026-07-07T23:30:55
바이오니아,00326731,064550,KOSDAQ,연간x별도,지표,CV-6,PASS,default metric selection visible,,2026-07-07T23:30:55
바이오니아,00326731,064550,KOSDAQ,분기x연결,재무제표,DS-1,PASS,,,2026-07-07T23:31:01
바이오니아,00326731,064550,KOSDAQ,분기x연결,상단,DS-8,PASS,,,2026-07-07T23:31:01
바이오니아,00326731,064550,KOSDAQ,분기x연결,상단,DS-7,PASS,"badges seen: ['✅', '🔎']",,2026-07-07T23:31:01
바이오니아,00326731,064550,KOSDAQ,분기x연결,재무제표,CV-3,PASS,rows=29 cols=60 slider_extended=True,,2026-07-07T23:31:01
바이오니아,00326731,064550,KOSDAQ,분기x연결,재무제표,DS-2/DS-3,DONE,"cross-check completed for ['매출액', '영업이익']",,2026-07-07T23:31:01
바이오니아,00326731,064550,KOSDAQ,분기x연결,지표,CV-6,PASS,default metric selection visible,,2026-07-07T23:31:01
바이오니아,00326731,064550,KOSDAQ,분기x별도,재무제표,DS-1,PASS,,,2026-07-07T23:31:08
바이오니아,00326731,064550,KOSDAQ,분기x별도,상단,DS-8,PASS,,,2026-07-07T23:31:08
바이오니아,00326731,064550,KOSDAQ,분기x별도,상단,DS-7,PASS,"badges seen: ['✅', '🔎']",,2026-07-07T23:31:08
바이오니아,00326731,064550,KOSDAQ,분기x별도,재무제표,CV-3,PASS,rows=29 cols=80 slider_extended=True,,2026-07-07T23:31:08
바이오니아,00326731,064550,KOSDAQ,분기x별도,재무제표,DS-2/DS-3,DONE,"cross-check completed for ['매출액', '영업이익']",,2026-07-07T23:31:08
바이오니아,00326731,064550,KOSDAQ,분기x별도,지표,CV-6,PASS,default metric selection visible,,2026-07-07T23:31:08
바이오다인,01117413,314930,KOSDAQ,연간x연결,재무제표,DS-1,PASS,,,2026-07-07T23:31:22
바이오다인,01117413,314930,KOSDAQ,연간x연결,상단,DS-8,PASS,,,2026-07-07T23:31:22
바이오다인,01117413,314930,KOSDAQ,연간x연결,상단,DS-7,PASS,"badges seen: ['✅', '🔎', '⚠']",,2026-07-07T23:31:22
바이오다인,01117413,314930,KOSDAQ,연간x연결,재무제표,CV-3,PASS,rows=29 cols=5 slider_extended=True,,2026-07-07T23:31:22
바이오다인,01117413,314930,KOSDAQ,연간x연결,재무제표,DS-2/DS-3,DONE,"cross-check completed for ['매출액', '영업이익']",,2026-07-07T23:31:22
바이오다인,01117413,314930,KOSDAQ,연간x연결,지표,CV-6,PASS,default metric selection visible,,2026-07-07T23:31:22
바이오다인,01117413,314930,KOSDAQ,연간x별도,재무제표,DS-1,PASS,,,2026-07-07T23:31:27
바이오다인,01117413,314930,KOSDAQ,연간x별도,상단,DS-8,PASS,,,2026-07-07T23:31:27
바이오다인,01117413,314930,KOSDAQ,연간x별도,상단,DS-7,PASS,"badges seen: ['✅', '🔎', '⚠']",,2026-07-07T23:31:27
바이오다인,01117413,314930,KOSDAQ,연간x별도,재무제표,CV-3,PASS,rows=29 cols=10 slider_extended=True,,2026-07-07T23:31:27
바이오다인,01117413,314930,KOSDAQ,연간x별도,재무제표,DS-2/DS-3,DONE,"cross-check completed for ['매출액', '영업이익']",,2026-07-07T23:31:27
바이오다인,01117413,314930,KOSDAQ,연간x별도,지표,CV-6,PASS,default metric selection visible,,2026-07-07T23:31:27
바이오다인,01117413,314930,KOSDAQ,분기x연결,재무제표,DS-1,PASS,,,2026-07-07T23:31:33
바이오다인,01117413,314930,KOSDAQ,분기x연결,상단,DS-8,PASS,,,2026-07-07T23:31:33
바이오다인,01117413,314930,KOSDAQ,분기x연결,상단,DS-7,PASS,"badges seen: ['✅', '🔎']",,2026-07-07T23:31:33
바이오다인,01117413,314930,KOSDAQ,분기x연결,재무제표,CV-3,PASS,rows=29 cols=4 slider_extended=True,,2026-07-07T23:31:33
바이오다인,01117413,314930,KOSDAQ,분기x연결,재무제표,DS-2/DS-3,DONE,"cross-check completed for ['매출액', '영업이익']",,2026-07-07T23:31:33
바이오다인,01117413,314930,KOSDAQ,분기x연결,지표,CV-6,PASS,default metric selection visible,,2026-07-07T23:31:33
바이오다인,01117413,314930,KOSDAQ,분기x별도,재무제표,DS-1,PASS,,,2026-07-07T23:31:41
바이오다인,01117413,314930,KOSDAQ,분기x별도,상단,DS-8,PASS,,,2026-07-07T23:31:41
바이오다인,01117413,314930,KOSDAQ,분기x별도,상단,DS-7,PASS,"badges seen: ['✅', '🔎']",,2026-07-07T23:31:41
바이오다인,01117413,314930,KOSDAQ,분기x별도,재무제표,CV-3,PASS,rows=29 cols=28 slider_extended=True,,2026-07-07T23:31:41
바이오다인,01117413,314930,KOSDAQ,분기x별도,재무제표,DS-2/DS-3,DONE,"cross-check completed for ['매출액', '영업이익']",,2026-07-07T23:31:41
바이오다인,01117413,314930,KOSDAQ,분기x별도,지표,CV-6,PASS,default metric selection visible,,2026-07-07T23:31:41
바이오비쥬,01657197,489460,KOSDAQ,연간x연결,재무제표,DS-1,PASS,,,2026-07-07T23:31:53
바이오비쥬,01657197,489460,KOSDAQ,연간x연결,상단,DS-8,PASS,,,2026-07-07T23:31:53
바이오비쥬,01657197,489460,KOSDAQ,연간x연결,상단,DS-7,PASS,"badges seen: ['✅', '🔎']",,2026-07-07T23:31:53
바이오비쥬,01657197,489460,KOSDAQ,연간x연결,재무제표,CV-3,PASS,rows=29 cols=5 slider_extended=True,,2026-07-07T23:31:53
바이오비쥬,01657197,489460,KOSDAQ,연간x연결,재무제표,DS-2/DS-3,DONE,"cross-check completed for ['매출액', '영업이익']",,2026-07-07T23:31:53
바이오비쥬,01657197,489460,KOSDAQ,연간x연결,지표,CV-6,PASS,default metric selection visible,,2026-07-07T23:31:53
바이오비쥬,01657197,489460,KOSDAQ,연간x별도,재무제표,DS-1,PASS,,,2026-07-07T23:31:58
바이오비쥬,01657197,489460,KOSDAQ,연간x별도,상단,DS-8,PASS,,,2026-07-07T23:31:58
바이오비쥬,01657197,489460,KOSDAQ,연간x별도,상단,DS-7,PASS,"badges seen: ['✅', '🔎']",,2026-07-07T23:31:58
바이오비쥬,01657197,489460,KOSDAQ,연간x별도,재무제표,CV-3,PASS,rows=29 cols=5 slider_extended=True,,2026-07-07T23:31:58
바이오비쥬,01657197,489460,KOSDAQ,연간x별도,재무제표,DS-2/DS-3,DONE,"cross-check completed for ['매출액', '영업이익']",,2026-07-07T23:31:58
바이오비쥬,01657197,489460,KOSDAQ,연간x별도,지표,CV-6,PASS,default metric selection visible,,2026-07-07T23:31:58
바이오비쥬,01657197,489460,KOSDAQ,분기x연결,재무제표,DS-1,PASS,,,2026-07-07T23:32:04
바이오비쥬,01657197,489460,KOSDAQ,분기x연결,상단,DS-8,PASS,,,2026-07-07T23:32:04
바이오비쥬,01657197,489460,KOSDAQ,분기x연결,상단,DS-7,PASS,"badges seen: ['✅', '🔎']",,2026-07-07T23:32:04
바이오비쥬,01657197,489460,KOSDAQ,분기x연결,재무제표,CV-3,PASS,rows=29 cols=9 slider_extended=True,,2026-07-07T23:32:04
바이오비쥬,01657197,489460,KOSDAQ,분기x연결,재무제표,DS-2/DS-3,DONE,"cross-check completed for ['매출액', '영업이익']",,2026-07-07T23:32:04
바이오비쥬,01657197,489460,KOSDAQ,분기x연결,지표,CV-6,PASS,default metric selection visible,,2026-07-07T23:32:04
바이오비쥬,01657197,489460,KOSDAQ,분기x별도,재무제표,DS-1,PASS,,,2026-07-07T23:32:11
바이오비쥬,01657197,489460,KOSDAQ,분기x별도,상단,DS-8,PASS,,,2026-07-07T23:32:11
바이오비쥬,01657197,489460,KOSDAQ,분기x별도,상단,DS-7,PASS,"badges seen: ['✅', '🔎']",,2026-07-07T23:32:11
바이오비쥬,01657197,489460,KOSDAQ,분기x별도,재무제표,CV-3,PASS,rows=29 cols=9 slider_extended=True,,2026-07-07T23:32:11
바이오비쥬,01657197,489460,KOSDAQ,분기x별도,재무제표,DS-2/DS-3,DONE,"cross-check completed for ['매출액', '영업이익']",,2026-07-07T23:32:11
바이오비쥬,01657197,489460,KOSDAQ,분기x별도,지표,CV-6,PASS,default metric selection visible,,2026-07-07T23:32:11
바이오솔루션,00560982,086820,KOSDAQ,연간x연결,재무제표,DS-1,PASS,,,2026-07-07T23:32:25
바이오솔루션,00560982,086820,KOSDAQ,연간x연결,상단,DS-8,PASS,,,2026-07-07T23:32:25
바이오솔루션,00560982,086820,KOSDAQ,연간x연결,상단,DS-7,PASS,"badges seen: ['✅', '🔎']",,2026-07-07T23:32:25
바이오솔루션,00560982,086820,KOSDAQ,연간x연결,재무제표,CV-3,PASS,rows=29 cols=8 slider_extended=True,,2026-07-07T23:32:25
바이오솔루션,00560982,086820,KOSDAQ,연간x연결,재무제표,DS-2/DS-3,DONE,"cross-check completed for ['매출액', '영업이익']",,2026-07-07T23:32:25
바이오솔루션,00560982,086820,KOSDAQ,연간x연결,지표,CV-6,PASS,default metric selection visible,,2026-07-07T23:32:25
바이오솔루션,00560982,086820,KOSDAQ,연간x별도,재무제표,DS-1,PASS,,,2026-07-07T23:32:30
바이오솔루션,00560982,086820,KOSDAQ,연간x별도,상단,DS-8,PASS,,,2026-07-07T23:32:30
바이오솔루션,00560982,086820,KOSDAQ,연간x별도,상단,DS-7,PASS,"badges seen: ['✅', '🔎']",,2026-07-07T23:32:30
바이오솔루션,00560982,086820,KOSDAQ,연간x별도,재무제표,CV-3,PASS,rows=29 cols=17 slider_extended=True,,2026-07-07T23:32:30
바이오솔루션,00560982,086820,KOSDAQ,연간x별도,재무제표,DS-2/DS-3,DONE,"cross-check completed for ['매출액', '영업이익']",,2026-07-07T23:32:30
바이오솔루션,00560982,086820,KOSDAQ,연간x별도,지표,CV-6,PASS,default metric selection visible,,2026-07-07T23:32:30
바이오솔루션,00560982,086820,KOSDAQ,분기x연결,재무제표,DS-1,PASS,,,2026-07-07T23:32:37
바이오솔루션,00560982,086820,KOSDAQ,분기x연결,상단,DS-8,PASS,,,2026-07-07T23:32:37
바이오솔루션,00560982,086820,KOSDAQ,분기x연결,상단,DS-7,PASS,"badges seen: ['✅', '🔎']",,2026-07-07T23:32:37
바이오솔루션,00560982,086820,KOSDAQ,분기x연결,재무제표,CV-3,PASS,rows=29 cols=18 slider_extended=True,,2026-07-07T23:32:37
바이오솔루션,00560982,086820,KOSDAQ,분기x연결,재무제표,DS-2/DS-3,DONE,"cross-check completed for ['매출액', '영업이익']",,2026-07-07T23:32:37
바이오솔루션,00560982,086820,KOSDAQ,분기x연결,지표,CV-6,PASS,default metric selection visible,,2026-07-07T23:32:37
바이오솔루션,00560982,086820,KOSDAQ,분기x별도,재무제표,DS-1,PASS,,,2026-07-07T23:32:44
바이오솔루션,00560982,086820,KOSDAQ,분기x별도,상단,DS-8,PASS,,,2026-07-07T23:32:44
바이오솔루션,00560982,086820,KOSDAQ,분기x별도,상단,DS-7,PASS,"badges seen: ['✅', '🔎']",,2026-07-07T23:32:44
바이오솔루션,00560982,086820,KOSDAQ,분기x별도,재무제표,CV-3,PASS,rows=29 cols=57 slider_extended=True,,2026-07-07T23:32:44
바이오솔루션,00560982,086820,KOSDAQ,분기x별도,재무제표,DS-2/DS-3,DONE,"cross-check completed for ['매출액', '영업이익']",,2026-07-07T23:32:44
바이오솔루션,00560982,086820,KOSDAQ,분기x별도,지표,CV-6,PASS,default metric selection visible,,2026-07-07T23:32:44
바이오스마트,00240857,038460,KOSDAQ,연간x연결,재무제표,DS-1,PASS,,,2026-07-07T23:32:56
바이오스마트,00240857,038460,KOSDAQ,연간x연결,상단,DS-8,FAIL,"header missing ['바이오스마트', '038460', 'KOSDAQ'] — header='기업 시각화'",,2026-07-07T23:32:56
바이오스마트,00240857,038460,KOSDAQ,연간x연결,상단,DS-7,PASS,"badges seen: ['✅', '🔎']",,2026-07-07T23:32:56
바이오스마트,00240857,038460,KOSDAQ,연간x연결,재무제표,CV-3,PASS,rows=29 cols=12 slider_extended=False,,2026-07-07T23:32:56
바이오스마트,00240857,038460,KOSDAQ,연간x연결,재무제표,DS-2/DS-3,DONE,"cross-check completed for ['매출액', '영업이익']",,2026-07-07T23:32:56
바이오스마트,00240857,038460,KOSDAQ,연간x연결,지표,CV-6,PASS,default metric selection visible,,2026-07-07T23:32:56
바이오스마트,00240857,038460,KOSDAQ,연간x별도,재무제표,DS-1,PASS,,,2026-07-07T23:33:01
바이오스마트,00240857,038460,KOSDAQ,연간x별도,상단,DS-8,PASS,,,2026-07-07T23:33:01
바이오스마트,00240857,038460,KOSDAQ,연간x별도,상단,DS-7,PASS,"badges seen: ['✅', '🔎', '⚠']",,2026-07-07T23:33:01
바이오스마트,00240857,038460,KOSDAQ,연간x별도,재무제표,CV-3,PASS,rows=29 cols=26 slider_extended=True,,2026-07-07T23:33:01
바이오스마트,00240857,038460,KOSDAQ,연간x별도,재무제표,DS-2/DS-3,DONE,"cross-check completed for ['매출액', '영업이익']",,2026-07-07T23:33:01
바이오스마트,00240857,038460,KOSDAQ,연간x별도,지표,CV-6,PASS,default metric selection visible,,2026-07-07T23:33:01
바이오스마트,00240857,038460,KOSDAQ,분기x연결,재무제표,DS-1,PASS,,,2026-07-07T23:33:07
바이오스마트,00240857,038460,KOSDAQ,분기x연결,상단,DS-8,PASS,,,2026-07-07T23:33:07
바이오스마트,00240857,038460,KOSDAQ,분기x연결,상단,DS-7,PASS,"badges seen: ['✅', '🔎']",,2026-07-07T23:33:07
바이오스마트,00240857,038460,KOSDAQ,분기x연결,재무제표,CV-3,PASS,rows=29 cols=60 slider_extended=True,,2026-07-07T23:33:07
바이오스마트,00240857,038460,KOSDAQ,분기x연결,재무제표,DS-2/DS-3,DONE,"cross-check completed for ['매출액', '영업이익']",,2026-07-07T23:33:07
바이오스마트,00240857,038460,KOSDAQ,분기x연결,지표,CV-6,PASS,default metric selection visible,,2026-07-07T23:33:07
바이오스마트,00240857,038460,KOSDAQ,분기x별도,재무제표,DS-1,PASS,,,2026-07-07T23:33:15
바이오스마트,00240857,038460,KOSDAQ,분기x별도,상단,DS-8,PASS,,,2026-07-07T23:33:15
바이오스마트,00240857,038460,KOSDAQ,분기x별도,상단,DS-7,PASS,"badges seen: ['✅', '🔎']",,2026-07-07T23:33:15
바이오스마트,00240857,038460,KOSDAQ,분기x별도,재무제표,CV-3,PASS,rows=29 cols=85 slider_extended=True,,2026-07-07T23:33:15
바이오스마트,00240857,038460,KOSDAQ,분기x별도,재무제표,DS-2/DS-3,DONE,"cross-check completed for ['매출액', '영업이익']",,2026-07-07T23:33:15
바이오스마트,00240857,038460,KOSDAQ,분기x별도,지표,CV-6,PASS,default metric selection visible,,2026-07-07T23:33:15
바이오에프디엔씨,01160974,251120,KOSDAQ,연간x연결,재무제표,DS-1,PASS,,,2026-07-07T23:33:28
바이오에프디엔씨,01160974,251120,KOSDAQ,연간x연결,상단,DS-8,PASS,,,2026-07-07T23:33:28
바이오에프디엔씨,01160974,251120,KOSDAQ,연간x연결,상단,DS-4,PASS,substitution caption present,,2026-07-07T23:33:28
바이오에프디엔씨,01160974,251120,KOSDAQ,연간x연결,상단,DS-7,PASS,"badges seen: ['✅', '🔎']",,2026-07-07T23:33:28
바이오에프디엔씨,01160974,251120,KOSDAQ,연간x연결,재무제표,CV-3,PASS,rows=29 cols=9 slider_extended=True,,2026-07-07T23:33:28
바이오에프디엔씨,01160974,251120,KOSDAQ,연간x연결,재무제표,DS-2/DS-3,DONE,"cross-check completed for ['매출액', '영업이익']",,2026-07-07T23:33:28
바이오에프디엔씨,01160974,251120,KOSDAQ,연간x연결,지표,CV-6,PASS,default metric selection visible,,2026-07-07T23:33:28
바이오에프디엔씨,01160974,251120,KOSDAQ,연간x별도,재무제표,DS-1,PASS,,,2026-07-07T23:33:34
바이오에프디엔씨,01160974,251120,KOSDAQ,연간x별도,상단,DS-8,PASS,,,2026-07-07T23:33:34
바이오에프디엔씨,01160974,251120,KOSDAQ,연간x별도,상단,DS-7,PASS,"badges seen: ['✅', '🔎']",,2026-07-07T23:33:34
바이오에프디엔씨,01160974,251120,KOSDAQ,연간x별도,재무제표,CV-3,PASS,rows=29 cols=9 slider_extended=True,,2026-07-07T23:33:34
바이오에프디엔씨,01160974,251120,KOSDAQ,연간x별도,재무제표,DS-2/DS-3,DONE,"cross-check completed for ['매출액', '영업이익']",,2026-07-07T23:33:34
바이오에프디엔씨,01160974,251120,KOSDAQ,연간x별도,지표,CV-6,PASS,default metric selection visible,,2026-07-07T23:33:34
바이오에프디엔씨,01160974,251120,KOSDAQ,분기x연결,재무제표,DS-1,PASS,,,2026-07-07T23:33:40
바이오에프디엔씨,01160974,251120,KOSDAQ,분기x연결,상단,DS-8,PASS,,,2026-07-07T23:33:40
바이오에프디엔씨,01160974,251120,KOSDAQ,분기x연결,상단,DS-4,PASS,substitution caption present,,2026-07-07T23:33:40
바이오에프디엔씨,01160974,251120,KOSDAQ,분기x연결,상단,DS-7,PASS,"badges seen: ['✅', '🔎']",,2026-07-07T23:33:40
바이오에프디엔씨,01160974,251120,KOSDAQ,분기x연결,재무제표,CV-3,PASS,rows=29 cols=24 slider_extended=True,,2026-07-07T23:33:40
바이오에프디엔씨,01160974,251120,KOSDAQ,분기x연결,재무제표,DS-2/DS-3,DONE,"cross-check completed for ['매출액', '영업이익']",,2026-07-07T23:33:40
바이오에프디엔씨,01160974,251120,KOSDAQ,분기x연결,지표,CV-6,PASS,default metric selection visible,,2026-07-07T23:33:40
바이오에프디엔씨,01160974,251120,KOSDAQ,분기x별도,재무제표,DS-1,PASS,,,2026-07-07T23:33:47
바이오에프디엔씨,01160974,251120,KOSDAQ,분기x별도,상단,DS-8,PASS,,,2026-07-07T23:33:47
바이오에프디엔씨,01160974,251120,KOSDAQ,분기x별도,상단,DS-7,PASS,"badges seen: ['✅', '🔎']",,2026-07-07T23:33:47
바이오에프디엔씨,01160974,251120,KOSDAQ,분기x별도,재무제표,CV-3,PASS,rows=29 cols=24 slider_extended=True,,2026-07-07T23:33:47
바이오에프디엔씨,01160974,251120,KOSDAQ,분기x별도,재무제표,DS-2/DS-3,DONE,"cross-check completed for ['매출액', '영업이익']",,2026-07-07T23:33:47
바이오에프디엔씨,01160974,251120,KOSDAQ,분기x별도,지표,CV-6,PASS,default metric selection visible,,2026-07-07T23:33:47
바이오인프라,01110058,199730,KOSDAQ,연간x연결,재무제표,DS-1,PASS,,,2026-07-07T23:34:00
바이오인프라,01110058,199730,KOSDAQ,연간x연결,상단,DS-8,FAIL,"header missing ['바이오인프라', '199730', 'KOSDAQ'] — header='기업 시각화'",,2026-07-07T23:34:00
바이오인프라,01110058,199730,KOSDAQ,연간x연결,상단,DS-7,PASS,"badges seen: ['✅', '🔎']",,2026-07-07T23:34:00
바이오인프라,01110058,199730,KOSDAQ,연간x연결,재무제표,CV-3,PASS,rows=29 cols=8 slider_extended=False,,2026-07-07T23:34:00
바이오인프라,01110058,199730,KOSDAQ,연간x연결,재무제표,DS-2/DS-3,DONE,"cross-check completed for ['매출액', '영업이익']",,2026-07-07T23:34:00
바이오인프라,01110058,199730,KOSDAQ,연간x연결,지표,CV-6,PASS,default metric selection visible,,2026-07-07T23:34:00
바이오인프라,01110058,199730,KOSDAQ,연간x별도,재무제표,DS-1,PASS,,,2026-07-07T23:34:04
바이오인프라,01110058,199730,KOSDAQ,연간x별도,상단,DS-8,PASS,,,2026-07-07T23:34:04
바이오인프라,01110058,199730,KOSDAQ,연간x별도,상단,DS-7,PASS,"badges seen: ['✅', '🔎']",,2026-07-07T23:34:04
바이오인프라,01110058,199730,KOSDAQ,연간x별도,재무제표,CV-3,PASS,rows=29 cols=8 slider_extended=True,,2026-07-07T23:34:04
바이오인프라,01110058,199730,KOSDAQ,연간x별도,재무제표,DS-2/DS-3,DONE,"cross-check completed for ['매출액', '영업이익']",,2026-07-07T23:34:04
바이오인프라,01110058,199730,KOSDAQ,연간x별도,지표,CV-6,PASS,default metric selection visible,,2026-07-07T23:34:04
바이오인프라,01110058,199730,KOSDAQ,분기x연결,재무제표,DS-1,PASS,,,2026-07-07T23:34:11
바이오인프라,01110058,199730,KOSDAQ,분기x연결,상단,DS-8,PASS,,,2026-07-07T23:34:11
바이오인프라,01110058,199730,KOSDAQ,분기x연결,상단,DS-4,PASS,substitution caption present,,2026-07-07T23:34:11
바이오인프라,01110058,199730,KOSDAQ,분기x연결,상단,DS-7,PASS,"badges seen: ['✅', '🔎']",,2026-07-07T23:34:11
바이오인프라,01110058,199730,KOSDAQ,분기x연결,재무제표,CV-3,PASS,rows=29 cols=20 slider_extended=True,,2026-07-07T23:34:11
바이오인프라,01110058,199730,KOSDAQ,분기x연결,재무제표,DS-2/DS-3,DONE,"cross-check completed for ['매출액', '영업이익']",,2026-07-07T23:34:11
바이오인프라,01110058,199730,KOSDAQ,분기x연결,지표,CV-6,PASS,default metric selection visible,,2026-07-07T23:34:11
바이오인프라,01110058,199730,KOSDAQ,분기x별도,재무제표,DS-1,PASS,,,2026-07-07T23:34:18
바이오인프라,01110058,199730,KOSDAQ,분기x별도,상단,DS-8,PASS,,,2026-07-07T23:34:18
바이오인프라,01110058,199730,KOSDAQ,분기x별도,상단,DS-7,PASS,"badges seen: ['✅', '🔎']",,2026-07-07T23:34:18
바이오인프라,01110058,199730,KOSDAQ,분기x별도,재무제표,CV-3,PASS,rows=29 cols=20 slider_extended=True,,2026-07-07T23:34:18
바이오인프라,01110058,199730,KOSDAQ,분기x별도,재무제표,DS-2/DS-3,DONE,"cross-check completed for ['매출액', '영업이익']",,2026-07-07T23:34:18
바이오인프라,01110058,199730,KOSDAQ,분기x별도,지표,CV-6,PASS,default metric selection visible,,2026-07-07T23:34:18
바이오톡스텍,00447502,086040,KOSDAQ,연간x연결,재무제표,DS-1,PASS,,,2026-07-07T23:34:31
바이오톡스텍,00447502,086040,KOSDAQ,연간x연결,상단,DS-8,PASS,,,2026-07-07T23:34:31
바이오톡스텍,00447502,086040,KOSDAQ,연간x연결,상단,DS-7,PASS,"badges seen: ['✅', '🔎', '⚠']",,2026-07-07T23:34:31
바이오톡스텍,00447502,086040,KOSDAQ,연간x연결,재무제표,CV-3,PASS,rows=29 cols=19 slider_extended=True,,2026-07-07T23:34:31
바이오톡스텍,00447502,086040,KOSDAQ,연간x연결,재무제표,DS-2/DS-3,DONE,"cross-check completed for ['매출액', '영업이익']",,2026-07-07T23:34:31
바이오톡스텍,00447502,086040,KOSDAQ,연간x연결,지표,CV-6,PASS,default metric selection visible,,2026-07-07T23:34:31
바이오톡스텍,00447502,086040,KOSDAQ,연간x별도,재무제표,DS-1,PASS,,,2026-07-07T23:34:37
바이오톡스텍,00447502,086040,KOSDAQ,연간x별도,상단,DS-8,PASS,,,2026-07-07T23:34:37
바이오톡스텍,00447502,086040,KOSDAQ,연간x별도,상단,DS-7,PASS,"badges seen: ['✅', '🔎', '⚠']",,2026-07-07T23:34:37
바이오톡스텍,00447502,086040,KOSDAQ,연간x별도,재무제표,CV-3,PASS,rows=29 cols=23 slider_extended=True,,2026-07-07T23:34:37
바이오톡스텍,00447502,086040,KOSDAQ,연간x별도,재무제표,DS-2/DS-3,DONE,"cross-check completed for ['매출액', '영업이익']",,2026-07-07T23:34:37
바이오톡스텍,00447502,086040,KOSDAQ,연간x별도,지표,CV-6,PASS,default metric selection visible,,2026-07-07T23:34:37
바이오톡스텍,00447502,086040,KOSDAQ,분기x연결,재무제표,DS-1,PASS,,,2026-07-07T23:34:43
바이오톡스텍,00447502,086040,KOSDAQ,분기x연결,상단,DS-8,PASS,,,2026-07-07T23:34:43
바이오톡스텍,00447502,086040,KOSDAQ,분기x연결,상단,DS-7,PASS,"badges seen: ['✅', '🔎']",,2026-07-07T23:34:43
바이오톡스텍,00447502,086040,KOSDAQ,분기x연결,재무제표,CV-3,PASS,rows=29 cols=60 slider_extended=True,,2026-07-07T23:34:43
바이오톡스텍,00447502,086040,KOSDAQ,분기x연결,재무제표,DS-2/DS-3,DONE,"cross-check completed for ['매출액', '영업이익']",,2026-07-07T23:34:43
바이오톡스텍,00447502,086040,KOSDAQ,분기x연결,지표,CV-6,PASS,default metric selection visible,,2026-07-07T23:34:43
바이오톡스텍,00447502,086040,KOSDAQ,분기x별도,재무제표,DS-1,PASS,,,2026-07-07T23:34:51
바이오톡스텍,00447502,086040,KOSDAQ,분기x별도,상단,DS-8,PASS,,,2026-07-07T23:34:51
바이오톡스텍,00447502,086040,KOSDAQ,분기x별도,상단,DS-7,PASS,"badges seen: ['✅', '🔎']",,2026-07-07T23:34:51
바이오톡스텍,00447502,086040,KOSDAQ,분기x별도,재무제표,CV-3,PASS,rows=29 cols=76 slider_extended=True,,2026-07-07T23:34:51
바이오톡스텍,00447502,086040,KOSDAQ,분기x별도,재무제표,DS-2/DS-3,DONE,"cross-check completed for ['매출액', '영업이익']",,2026-07-07T23:34:51
바이오톡스텍,00447502,086040,KOSDAQ,분기x별도,지표,CV-6,PASS,default metric selection visible,,2026-07-07T23:34:51
바이오포트,01157846,188040,KOSDAQ,연간x연결,재무제표,DS-1,PASS,,,2026-07-07T23:35:03
바이오포트,01157846,188040,KOSDAQ,연간x연결,상단,DS-8,PASS,,,2026-07-07T23:35:03
바이오포트,01157846,188040,KOSDAQ,연간x연결,상단,DS-7,PASS,"badges seen: ['✅', '🔎']",,2026-07-07T23:35:03
바이오포트,01157846,188040,KOSDAQ,연간x연결,재무제표,CV-3,PASS,rows=29 cols=6 slider_extended=True,,2026-07-07T23:35:03
바이오포트,01157846,188040,KOSDAQ,연간x연결,재무제표,DS-2/DS-3,DONE,"cross-check completed for ['매출액', '영업이익']",,2026-07-07T23:35:03
바이오포트,01157846,188040,KOSDAQ,연간x연결,지표,CV-6,PASS,default metric selection visible,,2026-07-07T23:35:03
바이오포트,01157846,188040,KOSDAQ,연간x별도,재무제표,DS-1,PASS,,,2026-07-07T23:35:09
바이오포트,01157846,188040,KOSDAQ,연간x별도,상단,DS-8,PASS,,,2026-07-07T23:35:09
바이오포트,01157846,188040,KOSDAQ,연간x별도,상단,DS-7,PASS,"badges seen: ['✅', '🔎']",,2026-07-07T23:35:09
바이오포트,01157846,188040,KOSDAQ,연간x별도,재무제표,CV-3,PASS,rows=29 cols=6 slider_extended=True,,2026-07-07T23:35:09
바이오포트,01157846,188040,KOSDAQ,연간x별도,재무제표,DS-2/DS-3,DONE,"cross-check completed for ['매출액', '영업이익']",,2026-07-07T23:35:09
바이오포트,01157846,188040,KOSDAQ,연간x별도,지표,CV-6,PASS,default metric selection visible,,2026-07-07T23:35:09
바이오포트,01157846,188040,KOSDAQ,분기x연결,재무제표,DS-1,PASS,,,2026-07-07T23:35:15
바이오포트,01157846,188040,KOSDAQ,분기x연결,상단,DS-8,PASS,,,2026-07-07T23:35:15
바이오포트,01157846,188040,KOSDAQ,분기x연결,상단,DS-7,PASS,"badges seen: ['✅', '🔎', '⚠']",,2026-07-07T23:35:15
바이오포트,01157846,188040,KOSDAQ,분기x연결,재무제표,CV-3,PASS,rows=29 cols=9 slider_extended=True,,2026-07-07T23:35:15
바이오포트,01157846,188040,KOSDAQ,분기x연결,재무제표,DS-2/DS-3,DONE,"cross-check completed for ['매출액', '영업이익']",,2026-07-07T23:35:15
바이오포트,01157846,188040,KOSDAQ,분기x연결,지표,CV-6,PASS,default metric selection visible,,2026-07-07T23:35:15
바이오포트,01157846,188040,KOSDAQ,분기x별도,재무제표,DS-1,PASS,,,2026-07-07T23:35:22
바이오포트,01157846,188040,KOSDAQ,분기x별도,상단,DS-8,PASS,,,2026-07-07T23:35:22
바이오포트,01157846,188040,KOSDAQ,분기x별도,상단,DS-7,PASS,"badges seen: ['✅', '🔎', '⚠']",,2026-07-07T23:35:22
바이오포트,01157846,188040,KOSDAQ,분기x별도,재무제표,CV-3,PASS,rows=29 cols=9 slider_extended=True,,2026-07-07T23:35:22
바이오포트,01157846,188040,KOSDAQ,분기x별도,재무제표,DS-2/DS-3,DONE,"cross-check completed for ['매출액', '영업이익']",,2026-07-07T23:35:22
바이오포트,01157846,188040,KOSDAQ,분기x별도,지표,CV-6,PASS,default metric selection visible,,2026-07-07T23:35:22
바이오플러스,00636656,099430,KOSDAQ,연간x연결,재무제표,DS-1,PASS,,,2026-07-07T23:35:36
바이오플러스,00636656,099430,KOSDAQ,연간x연결,상단,DS-8,PASS,,,2026-07-07T23:35:36
바이오플러스,00636656,099430,KOSDAQ,연간x연결,상단,DS-7,PASS,"badges seen: ['✅', '🔎', '⚠']",,2026-07-07T23:35:36
바이오플러스,00636656,099430,KOSDAQ,연간x연결,재무제표,CV-3,PASS,rows=29 cols=12 slider_extended=True,,2026-07-07T23:35:36
바이오플러스,00636656,099430,KOSDAQ,연간x연결,재무제표,DS-2/DS-3,DONE,"cross-check completed for ['매출액', '영업이익']",,2026-07-07T23:35:36
바이오플러스,00636656,099430,KOSDAQ,연간x연결,지표,CV-6,PASS,default metric selection visible,,2026-07-07T23:35:36
바이오플러스,00636656,099430,KOSDAQ,연간x별도,재무제표,DS-1,PASS,,,2026-07-07T23:35:41
바이오플러스,00636656,099430,KOSDAQ,연간x별도,상단,DS-8,PASS,,,2026-07-07T23:35:41
바이오플러스,00636656,099430,KOSDAQ,연간x별도,상단,DS-7,PASS,"badges seen: ['✅', '🔎', '⚠']",,2026-07-07T23:35:41
바이오플러스,00636656,099430,KOSDAQ,연간x별도,재무제표,CV-3,PASS,rows=29 cols=12 slider_extended=True,,2026-07-07T23:35:41
바이오플러스,00636656,099430,KOSDAQ,연간x별도,재무제표,DS-2/DS-3,DONE,"cross-check completed for ['매출액', '영업이익']",,2026-07-07T23:35:41
바이오플러스,00636656,099430,KOSDAQ,연간x별도,지표,CV-6,PASS,default metric selection visible,,2026-07-07T23:35:41
바이오플러스,00636656,099430,KOSDAQ,분기x연결,재무제표,DS-1,PASS,,,2026-07-07T23:35:47
바이오플러스,00636656,099430,KOSDAQ,분기x연결,상단,DS-8,PASS,,,2026-07-07T23:35:47
바이오플러스,00636656,099430,KOSDAQ,분기x연결,상단,DS-7,PASS,"badges seen: ['✅', '🔎']",,2026-07-07T23:35:47
바이오플러스,00636656,099430,KOSDAQ,분기x연결,재무제표,CV-3,PASS,rows=29 cols=37 slider_extended=True,,2026-07-07T23:35:47
바이오플러스,00636656,099430,KOSDAQ,분기x연결,재무제표,DS-2/DS-3,DONE,"cross-check completed for ['매출액', '영업이익']",,2026-07-07T23:35:47
바이오플러스,00636656,099430,KOSDAQ,분기x연결,지표,CV-6,PASS,default metric selection visible,,2026-07-07T23:35:47
바이오플러스,00636656,099430,KOSDAQ,분기x별도,재무제표,DS-1,PASS,,,2026-07-07T23:35:54
바이오플러스,00636656,099430,KOSDAQ,분기x별도,상단,DS-8,PASS,,,2026-07-07T23:35:54
바이오플러스,00636656,099430,KOSDAQ,분기x별도,상단,DS-7,PASS,"badges seen: ['✅', '🔎']",,2026-07-07T23:35:54
바이오플러스,00636656,099430,KOSDAQ,분기x별도,재무제표,CV-3,PASS,rows=29 cols=37 slider_extended=True,,2026-07-07T23:35:54
바이오플러스,00636656,099430,KOSDAQ,분기x별도,재무제표,DS-2/DS-3,DONE,"cross-check completed for ['매출액', '영업이익']",,2026-07-07T23:35:54
바이오플러스,00636656,099430,KOSDAQ,분기x별도,지표,CV-6,PASS,default metric selection visible,,2026-07-07T23:35:54
바이젠셀,01335790,308080,KOSDAQ,연간x연결,재무제표,DS-1,PASS,,,2026-07-07T23:36:07
바이젠셀,01335790,308080,KOSDAQ,연간x연결,상단,DS-8,PASS,,,2026-07-07T23:36:07
바이젠셀,01335790,308080,KOSDAQ,연간x연결,상단,DS-7,PASS,"badges seen: ['✅', '🔎']",,2026-07-07T23:36:07
바이젠셀,01335790,308080,KOSDAQ,연간x연결,재무제표,CV-3,PASS,rows=29 cols=7 slider_extended=True,,2026-07-07T23:36:07
바이젠셀,01335790,308080,KOSDAQ,연간x연결,재무제표,DS-2/DS-3,DONE,"cross-check completed for ['매출액', '영업이익']",,2026-07-07T23:36:07
바이젠셀,01335790,308080,KOSDAQ,연간x연결,지표,CV-6,PASS,default metric selection visible,,2026-07-07T23:36:07
바이젠셀,01335790,308080,KOSDAQ,연간x별도,재무제표,DS-1,PASS,,,2026-07-07T23:36:12
바이젠셀,01335790,308080,KOSDAQ,연간x별도,상단,DS-8,PASS,,,2026-07-07T23:36:12
바이젠셀,01335790,308080,KOSDAQ,연간x별도,상단,DS-7,PASS,"badges seen: ['✅', '🔎']",,2026-07-07T23:36:12
바이젠셀,01335790,308080,KOSDAQ,연간x별도,재무제표,CV-3,PASS,rows=29 cols=9 slider_extended=True,,2026-07-07T23:36:12
바이젠셀,01335790,308080,KOSDAQ,연간x별도,재무제표,DS-2/DS-3,DONE,"cross-check completed for ['매출액', '영업이익']",,2026-07-07T23:36:12
바이젠셀,01335790,308080,KOSDAQ,연간x별도,지표,CV-6,PASS,default metric selection visible,,2026-07-07T23:36:12
바이젠셀,01335790,308080,KOSDAQ,분기x연결,재무제표,DS-1,PASS,,,2026-07-07T23:36:18
바이젠셀,01335790,308080,KOSDAQ,분기x연결,상단,DS-8,PASS,,,2026-07-07T23:36:18
바이젠셀,01335790,308080,KOSDAQ,분기x연결,상단,DS-7,PASS,"badges seen: ['✅', '🔎']",,2026-07-07T23:36:18
바이젠셀,01335790,308080,KOSDAQ,분기x연결,재무제표,CV-3,PASS,rows=29 cols=16 slider_extended=True,,2026-07-07T23:36:18
바이젠셀,01335790,308080,KOSDAQ,분기x연결,재무제표,DS-2/DS-3,DONE,"cross-check completed for ['매출액', '영업이익']",,2026-07-07T23:36:18
바이젠셀,01335790,308080,KOSDAQ,분기x연결,지표,CV-6,PASS,default metric selection visible,,2026-07-07T23:36:18
바이젠셀,01335790,308080,KOSDAQ,분기x별도,재무제표,DS-1,PASS,,,2026-07-07T23:36:26
바이젠셀,01335790,308080,KOSDAQ,분기x별도,상단,DS-8,PASS,,,2026-07-07T23:36:26
바이젠셀,01335790,308080,KOSDAQ,분기x별도,상단,DS-7,PASS,"badges seen: ['✅', '🔎', '⚠']",,2026-07-07T23:36:26
바이젠셀,01335790,308080,KOSDAQ,분기x별도,재무제표,CV-3,PASS,rows=29 cols=24 slider_extended=True,,2026-07-07T23:36:26
바이젠셀,01335790,308080,KOSDAQ,분기x별도,재무제표,DS-2/DS-3,DONE,"cross-check completed for ['매출액', '영업이익']",,2026-07-07T23:36:26
바이젠셀,01335790,308080,KOSDAQ,분기x별도,지표,CV-6,PASS,default metric selection visible,,2026-07-07T23:36:26
바텍,00264255,043150,KOSDAQ,연간x연결,재무제표,DS-1,PASS,,,2026-07-07T23:36:39
바텍,00264255,043150,KOSDAQ,연간x연결,상단,DS-8,PASS,,,2026-07-07T23:36:39
바텍,00264255,043150,KOSDAQ,연간x연결,상단,DS-7,PASS,"badges seen: ['✅', '🔎']",,2026-07-07T23:36:39
바텍,00264255,043150,KOSDAQ,연간x연결,재무제표,CV-3,PASS,rows=29 cols=19 slider_extended=True,,2026-07-07T23:36:39
바텍,00264255,043150,KOSDAQ,연간x연결,재무제표,DS-2/DS-3,DONE,"cross-check completed for ['매출액', '영업이익']",,2026-07-07T23:36:39
바텍,00264255,043150,KOSDAQ,연간x연결,지표,CV-6,PASS,default metric selection visible,,2026-07-07T23:36:39
바텍,00264255,043150,KOSDAQ,연간x별도,재무제표,DS-1,PASS,,,2026-07-07T23:36:45
바텍,00264255,043150,KOSDAQ,연간x별도,상단,DS-8,PASS,,,2026-07-07T23:36:45
바텍,00264255,043150,KOSDAQ,연간x별도,상단,DS-7,PASS,"badges seen: ['✅', '🔎', '⚠']",,2026-07-07T23:36:45
바텍,00264255,043150,KOSDAQ,연간x별도,재무제표,CV-3,PASS,rows=29 cols=23 slider_extended=True,,2026-07-07T23:36:45
바텍,00264255,043150,KOSDAQ,연간x별도,재무제표,DS-2/DS-3,DONE,"cross-check completed for ['매출액', '영업이익']",,2026-07-07T23:36:45
바텍,00264255,043150,KOSDAQ,연간x별도,지표,CV-6,PASS,default metric selection visible,,2026-07-07T23:36:45
바텍,00264255,043150,KOSDAQ,분기x연결,재무제표,DS-1,PASS,,,2026-07-07T23:36:51
바텍,00264255,043150,KOSDAQ,분기x연결,상단,DS-8,PASS,,,2026-07-07T23:36:51
바텍,00264255,043150,KOSDAQ,분기x연결,상단,DS-7,PASS,"badges seen: ['✅', '🔎', '⚠']",,2026-07-07T23:36:51
바텍,00264255,043150,KOSDAQ,분기x연결,재무제표,CV-3,PASS,rows=29 cols=60 slider_extended=True,,2026-07-07T23:36:51
바텍,00264255,043150,KOSDAQ,분기x연결,재무제표,DS-2/DS-3,DONE,"cross-check completed for ['매출액', '영업이익']",,2026-07-07T23:36:51
바텍,00264255,043150,KOSDAQ,분기x연결,지표,CV-6,PASS,default metric selection visible,,2026-07-07T23:36:51
바텍,00264255,043150,KOSDAQ,분기x별도,재무제표,DS-1,PASS,,,2026-07-07T23:36:58
바텍,00264255,043150,KOSDAQ,분기x별도,상단,DS-8,PASS,,,2026-07-07T23:36:58
바텍,00264255,043150,KOSDAQ,분기x별도,상단,DS-7,PASS,"badges seen: ['✅', '🔎']",,2026-07-07T23:36:58
바텍,00264255,043150,KOSDAQ,분기x별도,재무제표,CV-3,PASS,rows=29 cols=76 slider_extended=True,,2026-07-07T23:36:58
바텍,00264255,043150,KOSDAQ,분기x별도,재무제표,DS-2/DS-3,DONE,"cross-check completed for ['매출액', '영업이익']",,2026-07-07T23:36:58
바텍,00264255,043150,KOSDAQ,분기x별도,지표,CV-6,PASS,default metric selection visible,,2026-07-07T23:36:58
박셀바이오,01335851,323990,KOSDAQ,연간x연결,재무제표,DS-1,PASS,,,2026-07-07T23:37:11
박셀바이오,01335851,323990,KOSDAQ,연간x연결,상단,DS-8,PASS,,,2026-07-07T23:37:11
박셀바이오,01335851,323990,KOSDAQ,연간x연결,상단,DS-4,PASS,substitution caption present,,2026-07-07T23:37:11
박셀바이오,01335851,323990,KOSDAQ,연간x연결,상단,DS-7,PASS,"badges seen: ['✅', '🔎', '⚠']",,2026-07-07T23:37:11
박셀바이오,01335851,323990,KOSDAQ,연간x연결,재무제표,CV-3,PASS,rows=29 cols=10 slider_extended=True,,2026-07-07T23:37:11
박셀바이오,01335851,323990,KOSDAQ,연간x연결,재무제표,DS-2/DS-3,DONE,"cross-check completed for ['매출액', '영업이익']",,2026-07-07T23:37:11
박셀바이오,01335851,323990,KOSDAQ,연간x연결,지표,CV-6,PASS,default metric selection visible,,2026-07-07T23:37:11
박셀바이오,01335851,323990,KOSDAQ,연간x별도,재무제표,DS-1,PASS,,,2026-07-07T23:37:16
박셀바이오,01335851,323990,KOSDAQ,연간x별도,상단,DS-8,PASS,,,2026-07-07T23:37:16
박셀바이오,01335851,323990,KOSDAQ,연간x별도,상단,DS-7,PASS,"badges seen: ['✅', '🔎', '⚠']",,2026-07-07T23:37:16
박셀바이오,01335851,323990,KOSDAQ,연간x별도,재무제표,CV-3,PASS,rows=29 cols=10 slider_extended=True,,2026-07-07T23:37:16
박셀바이오,01335851,323990,KOSDAQ,연간x별도,재무제표,DS-2/DS-3,DONE,"cross-check completed for ['매출액', '영업이익']",,2026-07-07T23:37:16
박셀바이오,01335851,323990,KOSDAQ,연간x별도,지표,CV-6,PASS,default metric selection visible,,2026-07-07T23:37:16
박셀바이오,01335851,323990,KOSDAQ,분기x연결,재무제표,DS-1,PASS,,,2026-07-07T23:37:23
박셀바이오,01335851,323990,KOSDAQ,분기x연결,상단,DS-8,PASS,,,2026-07-07T23:37:23
박셀바이오,01335851,323990,KOSDAQ,분기x연결,상단,DS-4,PASS,substitution caption present,,2026-07-07T23:37:23
박셀바이오,01335851,323990,KOSDAQ,분기x연결,상단,DS-7,PASS,"badges seen: ['✅', '🔎']",,2026-07-07T23:37:23
박셀바이오,01335851,323990,KOSDAQ,분기x연결,재무제표,CV-3,PASS,rows=29 cols=28 slider_extended=True,,2026-07-07T23:37:23
박셀바이오,01335851,323990,KOSDAQ,분기x연결,재무제표,DS-2/DS-3,DONE,"cross-check completed for ['매출액', '영업이익']",,2026-07-07T23:37:23
박셀바이오,01335851,323990,KOSDAQ,분기x연결,지표,CV-6,PASS,default metric selection visible,,2026-07-07T23:37:23
박셀바이오,01335851,323990,KOSDAQ,분기x별도,재무제표,DS-1,PASS,,,2026-07-07T23:37:30
박셀바이오,01335851,323990,KOSDAQ,분기x별도,상단,DS-8,PASS,,,2026-07-07T23:37:30
박셀바이오,01335851,323990,KOSDAQ,분기x별도,상단,DS-7,PASS,"badges seen: ['✅', '🔎']",,2026-07-07T23:37:30
박셀바이오,01335851,323990,KOSDAQ,분기x별도,재무제표,CV-3,PASS,rows=29 cols=28 slider_extended=True,,2026-07-07T23:37:30
박셀바이오,01335851,323990,KOSDAQ,분기x별도,재무제표,DS-2/DS-3,DONE,"cross-check completed for ['매출액', '영업이익']",,2026-07-07T23:37:30
박셀바이오,01335851,323990,KOSDAQ,분기x별도,지표,CV-6,PASS,default metric selection visible,,2026-07-07T23:37:30
배럴,01182240,267790,KOSDAQ,연간x연결,재무제표,DS-1,PASS,,,2026-07-07T23:37:44
배럴,01182240,267790,KOSDAQ,연간x연결,상단,DS-8,PASS,,,2026-07-07T23:37:44
배럴,01182240,267790,KOSDAQ,연간x연결,상단,DS-7,PASS,"badges seen: ['✅', '🔎']",,2026-07-07T23:37:44
배럴,01182240,267790,KOSDAQ,연간x연결,재무제표,CV-3,PASS,rows=29 cols=12 slider_extended=True,,2026-07-07T23:37:44
배럴,01182240,267790,KOSDAQ,연간x연결,재무제표,DS-2/DS-3,DONE,"cross-check completed for ['매출액', '영업이익']",,2026-07-07T23:37:44
배럴,01182240,267790,KOSDAQ,연간x연결,지표,CV-6,PASS,default metric selection visible,,2026-07-07T23:37:44
배럴,01182240,267790,KOSDAQ,연간x별도,재무제표,DS-1,PASS,,,2026-07-07T23:37:49
배럴,01182240,267790,KOSDAQ,연간x별도,상단,DS-8,PASS,,,2026-07-07T23:37:49
배럴,01182240,267790,KOSDAQ,연간x별도,상단,DS-7,PASS,"badges seen: ['✅', '🔎']",,2026-07-07T23:37:49
배럴,01182240,267790,KOSDAQ,연간x별도,재무제표,CV-3,PASS,rows=29 cols=13 slider_extended=True,,2026-07-07T23:37:49
배럴,01182240,267790,KOSDAQ,연간x별도,재무제표,DS-2/DS-3,DONE,"cross-check completed for ['매출액', '영업이익']",,2026-07-07T23:37:49
배럴,01182240,267790,KOSDAQ,연간x별도,지표,CV-6,PASS,default metric selection visible,,2026-07-07T23:37:49
배럴,01182240,267790,KOSDAQ,분기x연결,재무제표,DS-1,PASS,,,2026-07-07T23:37:55
배럴,01182240,267790,KOSDAQ,분기x연결,상단,DS-8,PASS,,,2026-07-07T23:37:55
배럴,01182240,267790,KOSDAQ,분기x연결,상단,DS-7,PASS,"badges seen: ['✅', '🔎']",,2026-07-07T23:37:55
배럴,01182240,267790,KOSDAQ,분기x연결,재무제표,CV-3,PASS,rows=29 cols=39 slider_extended=True,,2026-07-07T23:37:55
배럴,01182240,267790,KOSDAQ,분기x연결,재무제표,DS-2/DS-3,DONE,"cross-check completed for ['매출액', '영업이익']",,2026-07-07T23:37:55
배럴,01182240,267790,KOSDAQ,분기x연결,지표,CV-6,PASS,default metric selection visible,,2026-07-07T23:37:55
배럴,01182240,267790,KOSDAQ,분기x별도,재무제표,DS-1,PASS,,,2026-07-07T23:38:03
배럴,01182240,267790,KOSDAQ,분기x별도,상단,DS-8,PASS,,,2026-07-07T23:38:03
배럴,01182240,267790,KOSDAQ,분기x별도,상단,DS-7,PASS,"badges seen: ['✅', '🔎']",,2026-07-07T23:38:03
배럴,01182240,267790,KOSDAQ,분기x별도,재무제표,CV-3,PASS,rows=29 cols=40 slider_extended=True,,2026-07-07T23:38:03
배럴,01182240,267790,KOSDAQ,분기x별도,재무제표,DS-2/DS-3,DONE,"cross-check completed for ['매출액', '영업이익']",,2026-07-07T23:38:03
배럴,01182240,267790,KOSDAQ,분기x별도,지표,CV-6,PASS,default metric selection visible,,2026-07-07T23:38:03
밸로프,01398151,331520,KOSDAQ,연간x연결,재무제표,DS-1,PASS,,,2026-07-07T23:38:15
밸로프,01398151,331520,KOSDAQ,연간x연결,상단,DS-8,PASS,,,2026-07-07T23:38:15
밸로프,01398151,331520,KOSDAQ,연간x연결,상단,DS-7,PASS,"badges seen: ['✅', '🔎', '⚠']",,2026-07-07T23:38:15
밸로프,01398151,331520,KOSDAQ,연간x연결,재무제표,CV-3,PASS,rows=29 cols=8 slider_extended=True,,2026-07-07T23:38:15
밸로프,01398151,331520,KOSDAQ,연간x연결,재무제표,DS-2/DS-3,DONE,"cross-check completed for ['매출액', '영업이익']",,2026-07-07T23:38:15
밸로프,01398151,331520,KOSDAQ,연간x연결,지표,CV-6,PASS,default metric selection visible,,2026-07-07T23:38:15
밸로프,01398151,331520,KOSDAQ,연간x별도,재무제표,DS-1,PASS,,,2026-07-07T23:38:21
밸로프,01398151,331520,KOSDAQ,연간x별도,상단,DS-8,PASS,,,2026-07-07T23:38:21
밸로프,01398151,331520,KOSDAQ,연간x별도,상단,DS-7,PASS,"badges seen: ['✅', '🔎', '⚠']",,2026-07-07T23:38:21
밸로프,01398151,331520,KOSDAQ,연간x별도,재무제표,CV-3,PASS,rows=29 cols=10 slider_extended=True,,2026-07-07T23:38:21
밸로프,01398151,331520,KOSDAQ,연간x별도,재무제표,DS-2/DS-3,DONE,"cross-check completed for ['매출액', '영업이익']",,2026-07-07T23:38:21
밸로프,01398151,331520,KOSDAQ,연간x별도,지표,CV-6,PASS,default metric selection visible,,2026-07-07T23:38:21
밸로프,01398151,331520,KOSDAQ,분기x연결,재무제표,DS-1,PASS,,,2026-07-07T23:38:27
밸로프,01398151,331520,KOSDAQ,분기x연결,상단,DS-8,PASS,,,2026-07-07T23:38:27
밸로프,01398151,331520,KOSDAQ,분기x연결,상단,DS-7,PASS,"badges seen: ['✅', '🔎', '⚠']",,2026-07-07T23:38:27
밸로프,01398151,331520,KOSDAQ,분기x연결,재무제표,CV-3,PASS,rows=29 cols=21 slider_extended=True,,2026-07-07T23:38:27
밸로프,01398151,331520,KOSDAQ,분기x연결,재무제표,DS-2/DS-3,DONE,"cross-check completed for ['매출액', '영업이익']",,2026-07-07T23:38:27
밸로프,01398151,331520,KOSDAQ,분기x연결,지표,CV-6,PASS,default metric selection visible,,2026-07-07T23:38:27
밸로프,01398151,331520,KOSDAQ,분기x별도,재무제표,DS-1,PASS,,,2026-07-07T23:38:36
밸로프,01398151,331520,KOSDAQ,분기x별도,상단,DS-8,PASS,,,2026-07-07T23:38:36
밸로프,01398151,331520,KOSDAQ,분기x별도,상단,DS-7,PASS,"badges seen: ['✅', '🔎', '⚠']",,2026-07-07T23:38:36
밸로프,01398151,331520,KOSDAQ,분기x별도,재무제표,CV-3,PASS,rows=29 cols=27 slider_extended=True,,2026-07-07T23:38:36
밸로프,01398151,331520,KOSDAQ,분기x별도,재무제표,DS-2/DS-3,DONE,"cross-check completed for ['매출액', '영업이익']",,2026-07-07T23:38:36
밸로프,01398151,331520,KOSDAQ,분기x별도,지표,CV-6,PASS,default metric selection visible,,2026-07-07T23:38:36
뱅크웨어글로벌,01138595,199480,KOSDAQ,연간x연결,재무제표,DS-1,PASS,,,2026-07-07T23:38:50
뱅크웨어글로벌,01138595,199480,KOSDAQ,연간x연결,상단,DS-8,PASS,,,2026-07-07T23:38:50
뱅크웨어글로벌,01138595,199480,KOSDAQ,연간x연결,상단,DS-7,PASS,"badges seen: ['✅', '🔎']",,2026-07-07T23:38:50
뱅크웨어글로벌,01138595,199480,KOSDAQ,연간x연결,재무제표,CV-3,PASS,rows=29 cols=6 slider_extended=True,,2026-07-07T23:38:50
뱅크웨어글로벌,01138595,199480,KOSDAQ,연간x연결,재무제표,DS-2/DS-3,DONE,"cross-check completed for ['매출액', '영업이익']",,2026-07-07T23:38:50
뱅크웨어글로벌,01138595,199480,KOSDAQ,연간x연결,지표,CV-6,PASS,default metric selection visible,,2026-07-07T23:38:50
뱅크웨어글로벌,01138595,199480,KOSDAQ,연간x별도,재무제표,DS-1,PASS,,,2026-07-07T23:38:55
뱅크웨어글로벌,01138595,199480,KOSDAQ,연간x별도,상단,DS-8,PASS,,,2026-07-07T23:38:55
뱅크웨어글로벌,01138595,199480,KOSDAQ,연간x별도,상단,DS-7,PASS,"badges seen: ['✅', '🔎']",,2026-07-07T23:38:55
뱅크웨어글로벌,01138595,199480,KOSDAQ,연간x별도,재무제표,CV-3,PASS,rows=29 cols=6 slider_extended=True,,2026-07-07T23:38:55
뱅크웨어글로벌,01138595,199480,KOSDAQ,연간x별도,재무제표,DS-2/DS-3,DONE,"cross-check completed for ['매출액', '영업이익']",,2026-07-07T23:38:55
뱅크웨어글로벌,01138595,199480,KOSDAQ,연간x별도,지표,CV-6,PASS,default metric selection visible,,2026-07-07T23:38:55
뱅크웨어글로벌,01138595,199480,KOSDAQ,분기x연결,재무제표,DS-1,PASS,,,2026-07-07T23:39:01
뱅크웨어글로벌,01138595,199480,KOSDAQ,분기x연결,상단,DS-8,PASS,,,2026-07-07T23:39:01
뱅크웨어글로벌,01138595,199480,KOSDAQ,분기x연결,상단,DS-7,PASS,"badges seen: ['✅', '🔎']",,2026-07-07T23:39:01
뱅크웨어글로벌,01138595,199480,KOSDAQ,분기x연결,재무제표,CV-3,PASS,rows=29 cols=12 slider_extended=True,,2026-07-07T23:39:01
뱅크웨어글로벌,01138595,199480,KOSDAQ,분기x연결,재무제표,DS-2/DS-3,DONE,"cross-check completed for ['매출액', '영업이익']",,2026-07-07T23:39:01
뱅크웨어글로벌,01138595,199480,KOSDAQ,분기x연결,지표,CV-6,PASS,default metric selection visible,,2026-07-07T23:39:01
뱅크웨어글로벌,01138595,199480,KOSDAQ,분기x별도,재무제표,DS-1,PASS,,,2026-07-07T23:39:08
뱅크웨어글로벌,01138595,199480,KOSDAQ,분기x별도,상단,DS-8,PASS,,,2026-07-07T23:39:08
뱅크웨어글로벌,01138595,199480,KOSDAQ,분기x별도,상단,DS-7,PASS,"badges seen: ['✅', '🔎']",,2026-07-07T23:39:08
뱅크웨어글로벌,01138595,199480,KOSDAQ,분기x별도,재무제표,CV-3,PASS,rows=29 cols=12 slider_extended=True,,2026-07-07T23:39:08
뱅크웨어글로벌,01138595,199480,KOSDAQ,분기x별도,재무제표,DS-2/DS-3,DONE,"cross-check completed for ['매출액', '영업이익']",,2026-07-07T23:39:08
뱅크웨어글로벌,01138595,199480,KOSDAQ,분기x별도,지표,CV-6,PASS,default metric selection visible,,2026-07-07T23:39:08
버넥트,01605529,438700,KOSDAQ,연간x연결,재무제표,DS-1,PASS,,,2026-07-07T23:39:21
버넥트,01605529,438700,KOSDAQ,연간x연결,상단,DS-8,FAIL,"header missing ['버넥트', '438700', 'KOSDAQ'] — header='기업 시각화'",,2026-07-07T23:39:21
버넥트,01605529,438700,KOSDAQ,연간x연결,상단,DS-7,PASS,"badges seen: ['✅', '🔎']",,2026-07-07T23:39:21
버넥트,01605529,438700,KOSDAQ,연간x연결,재무제표,CV-3,PASS,rows=29 cols=7 slider_extended=False,,2026-07-07T23:39:21
버넥트,01605529,438700,KOSDAQ,연간x연결,재무제표,DS-2/DS-3,DONE,"cross-check completed for ['매출액', '영업이익']",,2026-07-07T23:39:21
버넥트,01605529,438700,KOSDAQ,연간x연결,지표,CV-6,PASS,default metric selection visible,,2026-07-07T23:39:21
버넥트,01605529,438700,KOSDAQ,연간x별도,재무제표,DS-1,PASS,,,2026-07-07T23:39:25
버넥트,01605529,438700,KOSDAQ,연간x별도,상단,DS-8,PASS,,,2026-07-07T23:39:25
버넥트,01605529,438700,KOSDAQ,연간x별도,상단,DS-7,PASS,"badges seen: ['✅', '🔎']",,2026-07-07T23:39:25
버넥트,01605529,438700,KOSDAQ,연간x별도,재무제표,CV-3,PASS,rows=29 cols=7 slider_extended=True,,2026-07-07T23:39:25
버넥트,01605529,438700,KOSDAQ,연간x별도,재무제표,DS-2/DS-3,DONE,"cross-check completed for ['매출액', '영업이익']",,2026-07-07T23:39:25
버넥트,01605529,438700,KOSDAQ,연간x별도,지표,CV-6,PASS,default metric selection visible,,2026-07-07T23:39:25
버넥트,01605529,438700,KOSDAQ,분기x연결,재무제표,DS-1,PASS,,,2026-07-07T23:39:31
버넥트,01605529,438700,KOSDAQ,분기x연결,상단,DS-8,PASS,,,2026-07-07T23:39:31
버넥트,01605529,438700,KOSDAQ,분기x연결,상단,DS-7,PASS,"badges seen: ['✅', '🔎', '⚠']",,2026-07-07T23:39:31
버넥트,01605529,438700,KOSDAQ,분기x연결,재무제표,CV-3,PASS,rows=29 cols=16 slider_extended=True,,2026-07-07T23:39:31
버넥트,01605529,438700,KOSDAQ,분기x연결,재무제표,DS-2/DS-3,DONE,"cross-check completed for ['매출액', '영업이익']",,2026-07-07T23:39:31
버넥트,01605529,438700,KOSDAQ,분기x연결,지표,CV-6,PASS,default metric selection visible,,2026-07-07T23:39:31
버넥트,01605529,438700,KOSDAQ,분기x별도,재무제표,DS-1,PASS,,,2026-07-07T23:39:39
버넥트,01605529,438700,KOSDAQ,분기x별도,상단,DS-8,PASS,,,2026-07-07T23:39:39
버넥트,01605529,438700,KOSDAQ,분기x별도,상단,DS-7,PASS,"badges seen: ['✅', '🔎']",,2026-07-07T23:39:39
버넥트,01605529,438700,KOSDAQ,분기x별도,재무제표,CV-3,PASS,rows=29 cols=17 slider_extended=True,,2026-07-07T23:39:39
버넥트,01605529,438700,KOSDAQ,분기x별도,재무제표,DS-2/DS-3,DONE,"cross-check completed for ['매출액', '영업이익']",,2026-07-07T23:39:39
버넥트,01605529,438700,KOSDAQ,분기x별도,지표,CV-6,PASS,default metric selection visible,,2026-07-07T23:39:39
버킷스튜디오,00378220,066410,KOSDAQ,연간x연결,재무제표,DS-1,PASS,,,2026-07-07T23:39:53
버킷스튜디오,00378220,066410,KOSDAQ,연간x연결,상단,DS-8,PASS,,,2026-07-07T23:39:53
버킷스튜디오,00378220,066410,KOSDAQ,연간x연결,상단,DS-7,PASS,"badges seen: ['✅', '🔎', '⚠']",,2026-07-07T23:39:53
버킷스튜디오,00378220,066410,KOSDAQ,연간x연결,재무제표,CV-3,PASS,rows=29 cols=8 slider_extended=True,,2026-07-07T23:39:53
버킷스튜디오,00378220,066410,KOSDAQ,연간x연결,재무제표,DS-2/DS-3,DONE,"cross-check completed for ['매출액', '영업이익']",,2026-07-07T23:39:53
버킷스튜디오,00378220,066410,KOSDAQ,연간x연결,지표,CV-6,PASS,default metric selection visible,,2026-07-07T23:39:53
버킷스튜디오,00378220,066410,KOSDAQ,연간x별도,재무제표,DS-1,PASS,,,2026-07-07T23:39:58
버킷스튜디오,00378220,066410,KOSDAQ,연간x별도,상단,DS-8,PASS,,,2026-07-07T23:39:58
버킷스튜디오,00378220,066410,KOSDAQ,연간x별도,상단,DS-7,PASS,"badges seen: ['✅', '🔎', '⚠']",,2026-07-07T23:39:58
버킷스튜디오,00378220,066410,KOSDAQ,연간x별도,재무제표,CV-3,PASS,rows=29 cols=27 slider_extended=True,,2026-07-07T23:39:58
버킷스튜디오,00378220,066410,KOSDAQ,연간x별도,재무제표,DS-2/DS-3,DONE,"cross-check completed for ['매출액', '영업이익']",,2026-07-07T23:39:58
버킷스튜디오,00378220,066410,KOSDAQ,연간x별도,지표,CV-6,PASS,default metric selection visible,,2026-07-07T23:39:58
버킷스튜디오,00378220,066410,KOSDAQ,분기x연결,재무제표,DS-1,PASS,,,2026-07-07T23:40:05
버킷스튜디오,00378220,066410,KOSDAQ,분기x연결,상단,DS-8,PASS,,,2026-07-07T23:40:05
버킷스튜디오,00378220,066410,KOSDAQ,분기x연결,상단,DS-7,PASS,"badges seen: ['✅', '🔎', '⚠']",,2026-07-07T23:40:05
버킷스튜디오,00378220,066410,KOSDAQ,분기x연결,재무제표,CV-3,PASS,rows=29 cols=27 slider_extended=True,,2026-07-07T23:40:05
버킷스튜디오,00378220,066410,KOSDAQ,분기x연결,재무제표,DS-2/DS-3,DONE,"cross-check completed for ['매출액', '영업이익']",,2026-07-07T23:40:05
버킷스튜디오,00378220,066410,KOSDAQ,분기x연결,지표,CV-6,PASS,default metric selection visible,,2026-07-07T23:40:05
버킷스튜디오,00378220,066410,KOSDAQ,분기x별도,재무제표,DS-1,PASS,,,2026-07-07T23:40:12
버킷스튜디오,00378220,066410,KOSDAQ,분기x별도,상단,DS-8,PASS,,,2026-07-07T23:40:12
버킷스튜디오,00378220,066410,KOSDAQ,분기x별도,상단,DS-7,PASS,"badges seen: ['✅', '🔎', '⚠']",,2026-07-07T23:40:12
버킷스튜디오,00378220,066410,KOSDAQ,분기x별도,재무제표,CV-3,PASS,rows=29 cols=85 slider_extended=True,,2026-07-07T23:40:12
버킷스튜디오,00378220,066410,KOSDAQ,분기x별도,재무제표,DS-2/DS-3,DONE,"cross-check completed for ['매출액', '영업이익']",,2026-07-07T23:40:12
버킷스튜디오,00378220,066410,KOSDAQ,분기x별도,지표,CV-6,PASS,default metric selection visible,,2026-07-07T23:40:12
범한퓨얼셀,01435489,382900,KOSDAQ,연간x연결,재무제표,DS-1,PASS,,,2026-07-07T23:40:25
범한퓨얼셀,01435489,382900,KOSDAQ,연간x연결,상단,DS-8,PASS,,,2026-07-07T23:40:25
범한퓨얼셀,01435489,382900,KOSDAQ,연간x연결,상단,DS-7,PASS,"badges seen: ['✅', '🔎']",,2026-07-07T23:40:25
범한퓨얼셀,01435489,382900,KOSDAQ,연간x연결,재무제표,CV-3,PASS,rows=29 cols=7 slider_extended=True,,2026-07-07T23:40:25
범한퓨얼셀,01435489,382900,KOSDAQ,연간x연결,재무제표,DS-2/DS-3,DONE,"cross-check completed for ['매출액', '영업이익']",,2026-07-07T23:40:25
범한퓨얼셀,01435489,382900,KOSDAQ,연간x연결,지표,CV-6,PASS,default metric selection visible,,2026-07-07T23:40:25
범한퓨얼셀,01435489,382900,KOSDAQ,연간x별도,재무제표,DS-1,PASS,,,2026-07-07T23:40:30
범한퓨얼셀,01435489,382900,KOSDAQ,연간x별도,상단,DS-8,PASS,,,2026-07-07T23:40:30
범한퓨얼셀,01435489,382900,KOSDAQ,연간x별도,상단,DS-7,PASS,"badges seen: ['✅', '🔎', '⚠']",,2026-07-07T23:40:30
범한퓨얼셀,01435489,382900,KOSDAQ,연간x별도,재무제표,CV-3,PASS,rows=29 cols=8 slider_extended=True,,2026-07-07T23:40:30
범한퓨얼셀,01435489,382900,KOSDAQ,연간x별도,재무제표,DS-2/DS-3,DONE,"cross-check completed for ['매출액', '영업이익']",,2026-07-07T23:40:30
범한퓨얼셀,01435489,382900,KOSDAQ,연간x별도,지표,CV-6,PASS,default metric selection visible,,2026-07-07T23:40:30
범한퓨얼셀,01435489,382900,KOSDAQ,분기x연결,재무제표,DS-1,PASS,,,2026-07-07T23:40:37
범한퓨얼셀,01435489,382900,KOSDAQ,분기x연결,상단,DS-8,PASS,,,2026-07-07T23:40:37
범한퓨얼셀,01435489,382900,KOSDAQ,분기x연결,상단,DS-7,PASS,"badges seen: ['✅', '🔎', '⚠']",,2026-07-07T23:40:37
범한퓨얼셀,01435489,382900,KOSDAQ,분기x연결,재무제표,CV-3,PASS,rows=29 cols=16 slider_extended=True,,2026-07-07T23:40:37
범한퓨얼셀,01435489,382900,KOSDAQ,분기x연결,재무제표,DS-2/DS-3,DONE,"cross-check completed for ['매출액', '영업이익']",,2026-07-07T23:40:37
범한퓨얼셀,01435489,382900,KOSDAQ,분기x연결,지표,CV-6,PASS,default metric selection visible,,2026-07-07T23:40:37
범한퓨얼셀,01435489,382900,KOSDAQ,분기x별도,재무제표,DS-1,PASS,,,2026-07-07T23:40:44
범한퓨얼셀,01435489,382900,KOSDAQ,분기x별도,상단,DS-8,PASS,,,2026-07-07T23:40:44
범한퓨얼셀,01435489,382900,KOSDAQ,분기x별도,상단,DS-7,PASS,"badges seen: ['✅', '🔎', '⚠']",,2026-07-07T23:40:44
범한퓨얼셀,01435489,382900,KOSDAQ,분기x별도,재무제표,CV-3,PASS,rows=29 cols=23 slider_extended=True,,2026-07-07T23:40:44
범한퓨얼셀,01435489,382900,KOSDAQ,분기x별도,재무제표,DS-2/DS-3,DONE,"cross-check completed for ['매출액', '영업이익']",,2026-07-07T23:40:44
범한퓨얼셀,01435489,382900,KOSDAQ,분기x별도,지표,CV-6,PASS,default metric selection visible,,2026-07-07T23:40:44
베노티앤알,01043853,206400,KOSDAQ,연간x연결,재무제표,DS-1,PASS,,,2026-07-07T23:40:57
베노티앤알,01043853,206400,KOSDAQ,연간x연결,상단,DS-8,PASS,,,2026-07-07T23:40:57
베노티앤알,01043853,206400,KOSDAQ,연간x연결,상단,DS-7,PASS,"badges seen: ['✅', '🔎', '⚠']",,2026-07-07T23:40:57
베노티앤알,01043853,206400,KOSDAQ,연간x연결,재무제표,CV-3,PASS,rows=29 cols=14 slider_extended=True,,2026-07-07T23:40:57
베노티앤알,01043853,206400,KOSDAQ,연간x연결,재무제표,DS-2/DS-3,DONE,"cross-check completed for ['매출액', '영업이익']",,2026-07-07T23:40:57
베노티앤알,01043853,206400,KOSDAQ,연간x연결,지표,CV-6,PASS,default metric selection visible,,2026-07-07T23:40:57
베노티앤알,01043853,206400,KOSDAQ,연간x별도,재무제표,DS-1,PASS,,,2026-07-07T23:41:03
베노티앤알,01043853,206400,KOSDAQ,연간x별도,상단,DS-8,PASS,,,2026-07-07T23:41:03
베노티앤알,01043853,206400,KOSDAQ,연간x별도,상단,DS-7,PASS,"badges seen: ['✅', '🔎', '⚠']",,2026-07-07T23:41:03
베노티앤알,01043853,206400,KOSDAQ,연간x별도,재무제표,CV-3,PASS,rows=29 cols=14 slider_extended=True,,2026-07-07T23:41:03
베노티앤알,01043853,206400,KOSDAQ,연간x별도,재무제표,DS-2/DS-3,DONE,"cross-check completed for ['매출액', '영업이익']",,2026-07-07T23:41:03
베노티앤알,01043853,206400,KOSDAQ,연간x별도,지표,CV-6,PASS,default metric selection visible,,2026-07-07T23:41:03
베노티앤알,01043853,206400,KOSDAQ,분기x연결,재무제표,DS-1,PASS,,,2026-07-07T23:41:09
베노티앤알,01043853,206400,KOSDAQ,분기x연결,상단,DS-8,PASS,,,2026-07-07T23:41:09
베노티앤알,01043853,206400,KOSDAQ,분기x연결,상단,DS-7,PASS,"badges seen: ['✅', '🔎', '⚠']",,2026-07-07T23:41:09
베노티앤알,01043853,206400,KOSDAQ,분기x연결,재무제표,CV-3,PASS,rows=29 cols=51 slider_extended=True,,2026-07-07T23:41:09
베노티앤알,01043853,206400,KOSDAQ,분기x연결,재무제표,DS-2/DS-3,DONE,"cross-check completed for ['매출액', '영업이익']",,2026-07-07T23:41:09
베노티앤알,01043853,206400,KOSDAQ,분기x연결,지표,CV-6,PASS,default metric selection visible,,2026-07-07T23:41:09
베노티앤알,01043853,206400,KOSDAQ,분기x별도,재무제표,DS-1,PASS,,,2026-07-07T23:41:17
베노티앤알,01043853,206400,KOSDAQ,분기x별도,상단,DS-8,PASS,,,2026-07-07T23:41:17
베노티앤알,01043853,206400,KOSDAQ,분기x별도,상단,DS-7,PASS,"badges seen: ['✅', '🔎', '⚠']",,2026-07-07T23:41:17
베노티앤알,01043853,206400,KOSDAQ,분기x별도,재무제표,CV-3,PASS,rows=29 cols=51 slider_extended=True,,2026-07-07T23:41:17
베노티앤알,01043853,206400,KOSDAQ,분기x별도,재무제표,DS-2/DS-3,DONE,"cross-check completed for ['매출액', '영업이익']",,2026-07-07T23:41:17
베노티앤알,01043853,206400,KOSDAQ,분기x별도,지표,CV-6,PASS,default metric selection visible,,2026-07-07T23:41:17
베뉴지,00267906,019010,KOSDAQ,연간x연결,재무제표,DS-1,PASS,,,2026-07-07T23:41:29
베뉴지,00267906,019010,KOSDAQ,연간x연결,상단,DS-8,FAIL,"header missing ['베뉴지', '019010', 'KOSDAQ'] — header='기업 시각화'",,2026-07-07T23:41:29
베뉴지,00267906,019010,KOSDAQ,연간x연결,상단,DS-7,PASS,"badges seen: ['✅', '🔎']",,2026-07-07T23:41:29
베뉴지,00267906,019010,KOSDAQ,연간x연결,재무제표,CV-3,PASS,rows=29 cols=23 slider_extended=True,,2026-07-07T23:41:29
베뉴지,00267906,019010,KOSDAQ,연간x연결,재무제표,DS-2/DS-3,DONE,"cross-check completed for ['매출액', '영업이익']",,2026-07-07T23:41:29
베뉴지,00267906,019010,KOSDAQ,연간x연결,지표,CV-6,PASS,default metric selection visible,,2026-07-07T23:41:29
베뉴지,00267906,019010,KOSDAQ,연간x별도,재무제표,DS-1,PASS,,,2026-07-07T23:41:35
베뉴지,00267906,019010,KOSDAQ,연간x별도,상단,DS-8,PASS,,,2026-07-07T23:41:35
베뉴지,00267906,019010,KOSDAQ,연간x별도,상단,DS-7,PASS,"badges seen: ['✅', '🔎', '⚠']",,2026-07-07T23:41:35
베뉴지,00267906,019010,KOSDAQ,연간x별도,재무제표,CV-3,PASS,rows=29 cols=26 slider_extended=True,,2026-07-07T23:41:35
베뉴지,00267906,019010,KOSDAQ,연간x별도,재무제표,DS-2/DS-3,DONE,"cross-check completed for ['매출액', '영업이익']",,2026-07-07T23:41:35
베뉴지,00267906,019010,KOSDAQ,연간x별도,지표,CV-6,PASS,default metric selection visible,,2026-07-07T23:41:35
베뉴지,00267906,019010,KOSDAQ,분기x연결,재무제표,DS-1,PASS,,,2026-07-07T23:41:41
베뉴지,00267906,019010,KOSDAQ,분기x연결,상단,DS-8,PASS,,,2026-07-07T23:41:41
베뉴지,00267906,019010,KOSDAQ,분기x연결,상단,DS-7,PASS,"badges seen: ['✅', '🔎']",,2026-07-07T23:41:41
베뉴지,00267906,019010,KOSDAQ,분기x연결,재무제표,CV-3,PASS,rows=29 cols=62 slider_extended=True,,2026-07-07T23:41:41
베뉴지,00267906,019010,KOSDAQ,분기x연결,재무제표,DS-2/DS-3,DONE,"cross-check completed for ['매출액', '영업이익']",,2026-07-07T23:41:41
베뉴지,00267906,019010,KOSDAQ,분기x연결,지표,CV-6,PASS,default metric selection visible,,2026-07-07T23:41:41
베뉴지,00267906,019010,KOSDAQ,분기x별도,재무제표,DS-1,PASS,,,2026-07-07T23:41:49
베뉴지,00267906,019010,KOSDAQ,분기x별도,상단,DS-8,PASS,,,2026-07-07T23:41:49
베뉴지,00267906,019010,KOSDAQ,분기x별도,상단,DS-7,PASS,"badges seen: ['✅', '🔎']",,2026-07-07T23:41:49
베뉴지,00267906,019010,KOSDAQ,분기x별도,재무제표,CV-3,PASS,rows=29 cols=92 slider_extended=True,,2026-07-07T23:41:49
베뉴지,00267906,019010,KOSDAQ,분기x별도,재무제표,DS-2/DS-3,DONE,"cross-check completed for ['매출액', '영업이익']",,2026-07-07T23:41:49
베뉴지,00267906,019010,KOSDAQ,분기x별도,지표,CV-6,PASS,default metric selection visible,,2026-07-07T23:41:49
베셀,00813389,177350,KOSDAQ,연간x연결,재무제표,DS-1,PASS,,,2026-07-07T23:42:02
베셀,00813389,177350,KOSDAQ,연간x연결,상단,DS-8,PASS,,,2026-07-07T23:42:02
베셀,00813389,177350,KOSDAQ,연간x연결,상단,DS-7,PASS,"badges seen: ['✅', '🔎', '⚠']",,2026-07-07T23:42:02
베셀,00813389,177350,KOSDAQ,연간x연결,재무제표,CV-3,PASS,rows=29 cols=16 slider_extended=True,,2026-07-07T23:42:02
베셀,00813389,177350,KOSDAQ,연간x연결,재무제표,DS-2/DS-3,DONE,"cross-check completed for ['매출액', '영업이익']",,2026-07-07T23:42:02
베셀,00813389,177350,KOSDAQ,연간x연결,지표,CV-6,PASS,default metric selection visible,,2026-07-07T23:42:02
베셀,00813389,177350,KOSDAQ,연간x별도,재무제표,DS-1,PASS,,,2026-07-07T23:42:08
베셀,00813389,177350,KOSDAQ,연간x별도,상단,DS-8,PASS,,,2026-07-07T23:42:08
베셀,00813389,177350,KOSDAQ,연간x별도,상단,DS-7,PASS,"badges seen: ['✅', '🔎', '⚠']",,2026-07-07T23:42:08
베셀,00813389,177350,KOSDAQ,연간x별도,재무제표,CV-3,PASS,rows=29 cols=18 slider_extended=True,,2026-07-07T23:42:08
베셀,00813389,177350,KOSDAQ,연간x별도,재무제표,DS-2/DS-3,DONE,"cross-check completed for ['매출액', '영업이익']",,2026-07-07T23:42:08
베셀,00813389,177350,KOSDAQ,연간x별도,지표,CV-6,PASS,default metric selection visible,,2026-07-07T23:42:08
베셀,00813389,177350,KOSDAQ,분기x연결,재무제표,DS-1,PASS,,,2026-07-07T23:42:14
베셀,00813389,177350,KOSDAQ,분기x연결,상단,DS-8,PASS,,,2026-07-07T23:42:14
베셀,00813389,177350,KOSDAQ,분기x연결,상단,DS-7,PASS,"badges seen: ['✅', '🔎']",,2026-07-07T23:42:14
베셀,00813389,177350,KOSDAQ,분기x연결,재무제표,CV-3,PASS,rows=29 cols=51 slider_extended=True,,2026-07-07T23:42:14
베셀,00813389,177350,KOSDAQ,분기x연결,재무제표,DS-2/DS-3,DONE,"cross-check completed for ['매출액', '영업이익']",,2026-07-07T23:42:14
베셀,00813389,177350,KOSDAQ,분기x연결,지표,CV-6,PASS,default metric selection visible,,2026-07-07T23:42:14
베셀,00813389,177350,KOSDAQ,분기x별도,재무제표,DS-1,PASS,,,2026-07-07T23:42:21
베셀,00813389,177350,KOSDAQ,분기x별도,상단,DS-8,PASS,,,2026-07-07T23:42:21
베셀,00813389,177350,KOSDAQ,분기x별도,상단,DS-7,PASS,"badges seen: ['✅', '🔎']",,2026-07-07T23:42:21
베셀,00813389,177350,KOSDAQ,분기x별도,재무제표,CV-3,PASS,rows=29 cols=51 slider_extended=True,,2026-07-07T23:42:21
베셀,00813389,177350,KOSDAQ,분기x별도,재무제표,DS-2/DS-3,DONE,"cross-check completed for ['매출액', '영업이익']",,2026-07-07T23:42:21
베셀,00813389,177350,KOSDAQ,분기x별도,지표,CV-6,PASS,default metric selection visible,,2026-07-07T23:42:21
벡트,01453944,457600,KOSDAQ,연간x연결,재무제표,DS-1,PASS,,,2026-07-07T23:42:35
벡트,01453944,457600,KOSDAQ,연간x연결,상단,DS-8,PASS,,,2026-07-07T23:42:35
벡트,01453944,457600,KOSDAQ,연간x연결,상단,DS-7,PASS,"badges seen: ['✅', '🔎']",,2026-07-07T23:42:35
벡트,01453944,457600,KOSDAQ,연간x연결,재무제표,CV-3,PASS,rows=29 cols=6 slider_extended=True,,2026-07-07T23:42:35
벡트,01453944,457600,KOSDAQ,연간x연결,재무제표,DS-2/DS-3,DONE,"cross-check completed for ['매출액', '영업이익']",,2026-07-07T23:42:35
벡트,01453944,457600,KOSDAQ,연간x연결,지표,CV-6,PASS,default metric selection visible,,2026-07-07T23:42:35
벡트,01453944,457600,KOSDAQ,연간x별도,재무제표,DS-1,PASS,,,2026-07-07T23:42:40
벡트,01453944,457600,KOSDAQ,연간x별도,상단,DS-8,PASS,,,2026-07-07T23:42:40
벡트,01453944,457600,KOSDAQ,연간x별도,상단,DS-7,PASS,"badges seen: ['✅', '🔎']",,2026-07-07T23:42:40
벡트,01453944,457600,KOSDAQ,연간x별도,재무제표,CV-3,PASS,rows=29 cols=6 slider_extended=True,,2026-07-07T23:42:40
벡트,01453944,457600,KOSDAQ,연간x별도,재무제표,DS-2/DS-3,DONE,"cross-check completed for ['매출액', '영업이익']",,2026-07-07T23:42:40
벡트,01453944,457600,KOSDAQ,연간x별도,지표,CV-6,PASS,default metric selection visible,,2026-07-07T23:42:40
벡트,01453944,457600,KOSDAQ,분기x연결,재무제표,DS-1,PASS,,,2026-07-07T23:42:46
벡트,01453944,457600,KOSDAQ,분기x연결,상단,DS-8,PASS,,,2026-07-07T23:42:46
벡트,01453944,457600,KOSDAQ,분기x연결,상단,DS-7,PASS,"badges seen: ['✅', '🔎']",,2026-07-07T23:42:46
벡트,01453944,457600,KOSDAQ,분기x연결,재무제표,CV-3,PASS,rows=29 cols=11 slider_extended=True,,2026-07-07T23:42:46
벡트,01453944,457600,KOSDAQ,분기x연결,재무제표,DS-2/DS-3,DONE,"cross-check completed for ['매출액', '영업이익']",,2026-07-07T23:42:46
벡트,01453944,457600,KOSDAQ,분기x연결,지표,CV-6,PASS,default metric selection visible,,2026-07-07T23:42:46
벡트,01453944,457600,KOSDAQ,분기x별도,재무제표,DS-1,PASS,,,2026-07-07T23:42:53
벡트,01453944,457600,KOSDAQ,분기x별도,상단,DS-8,PASS,,,2026-07-07T23:42:53
벡트,01453944,457600,KOSDAQ,분기x별도,상단,DS-7,PASS,"badges seen: ['✅', '🔎']",,2026-07-07T23:42:53
벡트,01453944,457600,KOSDAQ,분기x별도,재무제표,CV-3,PASS,rows=29 cols=11 slider_extended=True,,2026-07-07T23:42:53
벡트,01453944,457600,KOSDAQ,분기x별도,재무제표,DS-2/DS-3,DONE,"cross-check completed for ['매출액', '영업이익']",,2026-07-07T23:42:53
벡트,01453944,457600,KOSDAQ,분기x별도,지표,CV-6,PASS,default metric selection visible,,2026-07-07T23:42:53
벨로크,01622331,424760,KOSDAQ,연간x연결,재무제표,DS-1,PASS,,,2026-07-07T23:43:07
벨로크,01622331,424760,KOSDAQ,연간x연결,상단,DS-8,PASS,,,2026-07-07T23:43:07
벨로크,01622331,424760,KOSDAQ,연간x연결,상단,DS-4,PASS,substitution caption present,,2026-07-07T23:43:07
벨로크,01622331,424760,KOSDAQ,연간x연결,상단,DS-7,PASS,"badges seen: ['✅', '🔎', '⚠']",,2026-07-07T23:43:07
벨로크,01622331,424760,KOSDAQ,연간x연결,재무제표,CV-3,PASS,rows=29 cols=6 slider_extended=True,,2026-07-07T23:43:07
벨로크,01622331,424760,KOSDAQ,연간x연결,재무제표,DS-2/DS-3,DONE,"cross-check completed for ['매출액', '영업이익']",,2026-07-07T23:43:07
벨로크,01622331,424760,KOSDAQ,연간x연결,지표,CV-6,PASS,default metric selection visible,,2026-07-07T23:43:07
벨로크,01622331,424760,KOSDAQ,연간x별도,재무제표,DS-1,PASS,,,2026-07-07T23:43:12
벨로크,01622331,424760,KOSDAQ,연간x별도,상단,DS-8,PASS,,,2026-07-07T23:43:12
벨로크,01622331,424760,KOSDAQ,연간x별도,상단,DS-7,PASS,"badges seen: ['✅', '🔎', '⚠']",,2026-07-07T23:43:12
벨로크,01622331,424760,KOSDAQ,연간x별도,재무제표,CV-3,PASS,rows=29 cols=6 slider_extended=True,,2026-07-07T23:43:12
벨로크,01622331,424760,KOSDAQ,연간x별도,재무제표,DS-2/DS-3,DONE,"cross-check completed for ['매출액', '영업이익']",,2026-07-07T23:43:12
벨로크,01622331,424760,KOSDAQ,연간x별도,지표,CV-6,PASS,default metric selection visible,,2026-07-07T23:43:12
벨로크,01622331,424760,KOSDAQ,분기x연결,재무제표,DS-1,PASS,,,2026-07-07T23:43:18
벨로크,01622331,424760,KOSDAQ,분기x연결,상단,DS-8,PASS,,,2026-07-07T23:43:18
벨로크,01622331,424760,KOSDAQ,분기x연결,상단,DS-7,PASS,"badges seen: ['✅', '🔎', '⚠']",,2026-07-07T23:43:18
벨로크,01622331,424760,KOSDAQ,분기x연결,재무제표,CV-3,PASS,rows=29 cols=4 slider_extended=True,,2026-07-07T23:43:18
벨로크,01622331,424760,KOSDAQ,분기x연결,재무제표,DS-2/DS-3,DONE,"cross-check completed for ['매출액', '영업이익']",,2026-07-07T23:43:18
벨로크,01622331,424760,KOSDAQ,분기x연결,지표,CV-6,PASS,default metric selection visible,,2026-07-07T23:43:18
벨로크,01622331,424760,KOSDAQ,분기x별도,재무제표,DS-1,PASS,,,2026-07-07T23:43:25
벨로크,01622331,424760,KOSDAQ,분기x별도,상단,DS-8,PASS,,,2026-07-07T23:43:25
벨로크,01622331,424760,KOSDAQ,분기x별도,상단,DS-7,PASS,"badges seen: ['✅', '🔎', '⚠']",,2026-07-07T23:43:25
벨로크,01622331,424760,KOSDAQ,분기x별도,재무제표,CV-3,PASS,rows=29 cols=17 slider_extended=True,,2026-07-07T23:43:25
벨로크,01622331,424760,KOSDAQ,분기x별도,재무제표,DS-2/DS-3,DONE,"cross-check completed for ['매출액', '영업이익']",,2026-07-07T23:43:25
벨로크,01622331,424760,KOSDAQ,분기x별도,지표,CV-6,PASS,default metric selection visible,,2026-07-07T23:43:25
보라티알,01124680,250000,KOSDAQ,연간x연결,재무제표,DS-1,PASS,,,2026-07-07T23:43:36
보라티알,01124680,250000,KOSDAQ,연간x연결,상단,DS-8,PASS,,,2026-07-07T23:43:36
보라티알,01124680,250000,KOSDAQ,연간x연결,상단,DS-7,PASS,"badges seen: ['✅', '🔎', '⚠']",,2026-07-07T23:43:36
보라티알,01124680,250000,KOSDAQ,연간x연결,재무제표,CV-3,PASS,rows=29 cols=13 slider_extended=True,,2026-07-07T23:43:36
보라티알,01124680,250000,KOSDAQ,연간x연결,재무제표,DS-2/DS-3,DONE,"cross-check completed for ['매출액', '영업이익']",,2026-07-07T23:43:36
보라티알,01124680,250000,KOSDAQ,연간x연결,지표,CV-6,PASS,default metric selection visible,,2026-07-07T23:43:36
보라티알,01124680,250000,KOSDAQ,연간x별도,재무제표,DS-1,PASS,,,2026-07-07T23:43:41
보라티알,01124680,250000,KOSDAQ,연간x별도,상단,DS-8,PASS,,,2026-07-07T23:43:41
보라티알,01124680,250000,KOSDAQ,연간x별도,상단,DS-7,PASS,"badges seen: ['✅', '🔎', '⚠']",,2026-07-07T23:43:41
보라티알,01124680,250000,KOSDAQ,연간x별도,재무제표,CV-3,PASS,rows=29 cols=13 slider_extended=True,,2026-07-07T23:43:41
보라티알,01124680,250000,KOSDAQ,연간x별도,재무제표,DS-2/DS-3,DONE,"cross-check completed for ['매출액', '영업이익']",,2026-07-07T23:43:41
보라티알,01124680,250000,KOSDAQ,연간x별도,지표,CV-6,PASS,default metric selection visible,,2026-07-07T23:43:41
보라티알,01124680,250000,KOSDAQ,분기x연결,재무제표,DS-1,PASS,,,2026-07-07T23:43:48
보라티알,01124680,250000,KOSDAQ,분기x연결,상단,DS-8,PASS,,,2026-07-07T23:43:48
보라티알,01124680,250000,KOSDAQ,분기x연결,상단,DS-7,PASS,"badges seen: ['✅', '🔎']",,2026-07-07T23:43:48
보라티알,01124680,250000,KOSDAQ,분기x연결,재무제표,CV-3,PASS,rows=29 cols=43 slider_extended=True,,2026-07-07T23:43:48
보라티알,01124680,250000,KOSDAQ,분기x연결,재무제표,DS-2/DS-3,DONE,"cross-check completed for ['매출액', '영업이익']",,2026-07-07T23:43:48
보라티알,01124680,250000,KOSDAQ,분기x연결,지표,CV-6,PASS,default metric selection visible,,2026-07-07T23:43:48
보라티알,01124680,250000,KOSDAQ,분기x별도,재무제표,DS-1,PASS,,,2026-07-07T23:43:55
보라티알,01124680,250000,KOSDAQ,분기x별도,상단,DS-8,PASS,,,2026-07-07T23:43:55
보라티알,01124680,250000,KOSDAQ,분기x별도,상단,DS-7,PASS,"badges seen: ['✅', '🔎']",,2026-07-07T23:43:55
보라티알,01124680,250000,KOSDAQ,분기x별도,재무제표,CV-3,PASS,rows=29 cols=43 slider_extended=True,,2026-07-07T23:43:55
보라티알,01124680,250000,KOSDAQ,분기x별도,재무제표,DS-2/DS-3,DONE,"cross-check completed for ['매출액', '영업이익']",,2026-07-07T23:43:55
보라티알,01124680,250000,KOSDAQ,분기x별도,지표,CV-6,PASS,default metric selection visible,,2026-07-07T23:43:55
보로노이,01327746,310210,KOSDAQ,연간x연결,재무제표,DS-1,PASS,,,2026-07-07T23:44:09
보로노이,01327746,310210,KOSDAQ,연간x연결,상단,DS-8,PASS,,,2026-07-07T23:44:09
보로노이,01327746,310210,KOSDAQ,연간x연결,상단,DS-7,PASS,"badges seen: ['✅', '🔎']",,2026-07-07T23:44:09
보로노이,01327746,310210,KOSDAQ,연간x연결,재무제표,CV-3,PASS,rows=29 cols=9 slider_extended=True,,2026-07-07T23:44:09
보로노이,01327746,310210,KOSDAQ,연간x연결,재무제표,DS-2/DS-3,DONE,"cross-check completed for ['매출액', '영업이익']",,2026-07-07T23:44:09
보로노이,01327746,310210,KOSDAQ,연간x연결,지표,CV-6,PASS,default metric selection visible,,2026-07-07T23:44:09
보로노이,01327746,310210,KOSDAQ,연간x별도,재무제표,DS-1,PASS,,,2026-07-07T23:44:14
보로노이,01327746,310210,KOSDAQ,연간x별도,상단,DS-8,PASS,,,2026-07-07T23:44:14
보로노이,01327746,310210,KOSDAQ,연간x별도,상단,DS-7,PASS,"badges seen: ['✅', '🔎']",,2026-07-07T23:44:14
보로노이,01327746,310210,KOSDAQ,연간x별도,재무제표,CV-3,PASS,rows=29 cols=9 slider_extended=True,,2026-07-07T23:44:14
보로노이,01327746,310210,KOSDAQ,연간x별도,재무제표,DS-2/DS-3,DONE,"cross-check completed for ['매출액', '영업이익']",,2026-07-07T23:44:14
보로노이,01327746,310210,KOSDAQ,연간x별도,지표,CV-6,PASS,default metric selection visible,,2026-07-07T23:44:14
보로노이,01327746,310210,KOSDAQ,분기x연결,재무제표,DS-1,PASS,,,2026-07-07T23:44:20
보로노이,01327746,310210,KOSDAQ,분기x연결,상단,DS-8,PASS,,,2026-07-07T23:44:20
보로노이,01327746,310210,KOSDAQ,분기x연결,상단,DS-7,PASS,"badges seen: ['✅', '🔎']",,2026-07-07T23:44:20
보로노이,01327746,310210,KOSDAQ,분기x연결,재무제표,CV-3,PASS,rows=29 cols=23 slider_extended=True,,2026-07-07T23:44:20
보로노이,01327746,310210,KOSDAQ,분기x연결,재무제표,DS-2/DS-3,DONE,"cross-check completed for ['매출액', '영업이익']",,2026-07-07T23:44:20
보로노이,01327746,310210,KOSDAQ,분기x연결,지표,CV-6,PASS,default metric selection visible,,2026-07-07T23:44:20
보로노이,01327746,310210,KOSDAQ,분기x별도,재무제표,DS-1,PASS,,,2026-07-07T23:44:28
보로노이,01327746,310210,KOSDAQ,분기x별도,상단,DS-8,PASS,,,2026-07-07T23:44:28
보로노이,01327746,310210,KOSDAQ,분기x별도,상단,DS-7,PASS,"badges seen: ['✅', '🔎']",,2026-07-07T23:44:28
보로노이,01327746,310210,KOSDAQ,분기x별도,재무제표,CV-3,PASS,rows=29 cols=23 slider_extended=True,,2026-07-07T23:44:28
보로노이,01327746,310210,KOSDAQ,분기x별도,재무제표,DS-2/DS-3,DONE,"cross-check completed for ['매출액', '영업이익']",,2026-07-07T23:44:28
보로노이,01327746,310210,KOSDAQ,분기x별도,지표,CV-6,PASS,default metric selection visible,,2026-07-07T23:44:28
보성파워텍,00267881,006910,KOSDAQ,연간x연결,재무제표,DS-1,PASS,,,2026-07-07T23:44:39
보성파워텍,00267881,006910,KOSDAQ,연간x연결,상단,DS-8,PASS,,,2026-07-07T23:44:39
보성파워텍,00267881,006910,KOSDAQ,연간x연결,상단,DS-7,PASS,"badges seen: ['✅', '🔎']",,2026-07-07T23:44:39
보성파워텍,00267881,006910,KOSDAQ,연간x연결,재무제표,CV-3,PASS,rows=29 cols=13 slider_extended=True,,2026-07-07T23:44:39
보성파워텍,00267881,006910,KOSDAQ,연간x연결,재무제표,DS-2/DS-3,DONE,"cross-check completed for ['매출액', '영업이익']",,2026-07-07T23:44:39
보성파워텍,00267881,006910,KOSDAQ,연간x연결,지표,CV-6,PASS,default metric selection visible,,2026-07-07T23:44:39
보성파워텍,00267881,006910,KOSDAQ,연간x별도,재무제표,DS-1,PASS,,,2026-07-07T23:44:44
보성파워텍,00267881,006910,KOSDAQ,연간x별도,상단,DS-8,PASS,,,2026-07-07T23:44:44
보성파워텍,00267881,006910,KOSDAQ,연간x별도,상단,DS-7,PASS,"badges seen: ['✅', '🔎', '⚠']",,2026-07-07T23:44:44
보성파워텍,00267881,006910,KOSDAQ,연간x별도,재무제표,CV-3,PASS,rows=29 cols=28 slider_extended=True,,2026-07-07T23:44:44
보성파워텍,00267881,006910,KOSDAQ,연간x별도,재무제표,DS-2/DS-3,DONE,"cross-check completed for ['매출액', '영업이익']",,2026-07-07T23:44:44
보성파워텍,00267881,006910,KOSDAQ,연간x별도,지표,CV-6,PASS,default metric selection visible,,2026-07-07T23:44:44
보성파워텍,00267881,006910,KOSDAQ,분기x연결,재무제표,DS-1,PASS,,,2026-07-07T23:44:50
보성파워텍,00267881,006910,KOSDAQ,분기x연결,상단,DS-8,PASS,,,2026-07-07T23:44:50
보성파워텍,00267881,006910,KOSDAQ,분기x연결,상단,DS-7,PASS,"badges seen: ['✅', '🔎']",,2026-07-07T23:44:50
보성파워텍,00267881,006910,KOSDAQ,분기x연결,재무제표,CV-3,PASS,rows=29 cols=41 slider_extended=True,,2026-07-07T23:44:50
보성파워텍,00267881,006910,KOSDAQ,분기x연결,재무제표,DS-2/DS-3,DONE,"cross-check completed for ['매출액', '영업이익']",,2026-07-07T23:44:50
보성파워텍,00267881,006910,KOSDAQ,분기x연결,지표,CV-6,PASS,default metric selection visible,,2026-07-07T23:44:50
보성파워텍,00267881,006910,KOSDAQ,분기x별도,재무제표,DS-1,PASS,,,2026-07-07T23:44:58
보성파워텍,00267881,006910,KOSDAQ,분기x별도,상단,DS-8,PASS,,,2026-07-07T23:44:58
보성파워텍,00267881,006910,KOSDAQ,분기x별도,상단,DS-7,PASS,"badges seen: ['✅', '🔎', '⚠']",,2026-07-07T23:44:58
보성파워텍,00267881,006910,KOSDAQ,분기x별도,재무제표,CV-3,PASS,rows=29 cols=85 slider_extended=True,,2026-07-07T23:44:58
보성파워텍,00267881,006910,KOSDAQ,분기x별도,재무제표,DS-2/DS-3,DONE,"cross-check completed for ['매출액', '영업이익']",,2026-07-07T23:44:58
보성파워텍,00267881,006910,KOSDAQ,분기x별도,지표,CV-6,PASS,default metric selection visible,,2026-07-07T23:44:58
보원케미칼,00871587,0010F0,KOSDAQ,연간x연결,재무제표,DS-1,PASS,,,2026-07-07T23:45:11
보원케미칼,00871587,0010F0,KOSDAQ,연간x연결,상단,DS-8,PASS,,,2026-07-07T23:45:11
보원케미칼,00871587,0010F0,KOSDAQ,연간x연결,상단,DS-4,PASS,substitution caption present,,2026-07-07T23:45:11
보원케미칼,00871587,0010F0,KOSDAQ,연간x연결,상단,DS-7,PASS,"badges seen: ['✅', '🔎', '⚠']",,2026-07-07T23:45:11
보원케미칼,00871587,0010F0,KOSDAQ,연간x연결,재무제표,CV-3,PASS,rows=29 cols=5 slider_extended=True,,2026-07-07T23:45:11
보원케미칼,00871587,0010F0,KOSDAQ,연간x연결,재무제표,DS-2/DS-3,DONE,"cross-check completed for ['매출액', '영업이익']",,2026-07-07T23:45:11
보원케미칼,00871587,0010F0,KOSDAQ,연간x연결,지표,CV-6,PASS,default metric selection visible,,2026-07-07T23:45:11
보원케미칼,00871587,0010F0,KOSDAQ,연간x별도,재무제표,DS-1,PASS,,,2026-07-07T23:45:17
보원케미칼,00871587,0010F0,KOSDAQ,연간x별도,상단,DS-8,PASS,,,2026-07-07T23:45:17
보원케미칼,00871587,0010F0,KOSDAQ,연간x별도,상단,DS-7,PASS,"badges seen: ['✅', '🔎', '⚠']",,2026-07-07T23:45:17
보원케미칼,00871587,0010F0,KOSDAQ,연간x별도,재무제표,CV-3,PASS,rows=29 cols=5 slider_extended=True,,2026-07-07T23:45:17
보원케미칼,00871587,0010F0,KOSDAQ,연간x별도,재무제표,DS-2/DS-3,DONE,"cross-check completed for ['매출액', '영업이익']",,2026-07-07T23:45:17
보원케미칼,00871587,0010F0,KOSDAQ,연간x별도,지표,CV-6,PASS,default metric selection visible,,2026-07-07T23:45:17
보원케미칼,00871587,0010F0,KOSDAQ,분기x연결,재무제표,DS-1,PASS,,,2026-07-07T23:45:23
보원케미칼,00871587,0010F0,KOSDAQ,분기x연결,상단,DS-8,PASS,,,2026-07-07T23:45:23
보원케미칼,00871587,0010F0,KOSDAQ,분기x연결,상단,DS-4,PASS,substitution caption present,,2026-07-07T23:45:23
보원케미칼,00871587,0010F0,KOSDAQ,분기x연결,상단,DS-7,PASS,"badges seen: ['✅', '🔎']",,2026-07-07T23:45:23
보원케미칼,00871587,0010F0,KOSDAQ,분기x연결,재무제표,CV-3,PASS,rows=29 cols=4 slider_extended=True,,2026-07-07T23:45:23
보원케미칼,00871587,0010F0,KOSDAQ,분기x연결,재무제표,DS-2/DS-3,DONE,"cross-check completed for ['매출액', '영업이익']",,2026-07-07T23:45:23
보원케미칼,00871587,0010F0,KOSDAQ,분기x연결,지표,CV-6,PASS,default metric selection visible,,2026-07-07T23:45:23
보원케미칼,00871587,0010F0,KOSDAQ,분기x별도,재무제표,DS-1,PASS,,,2026-07-07T23:45:30
보원케미칼,00871587,0010F0,KOSDAQ,분기x별도,상단,DS-8,PASS,,,2026-07-07T23:45:30
보원케미칼,00871587,0010F0,KOSDAQ,분기x별도,상단,DS-7,PASS,"badges seen: ['✅', '🔎']",,2026-07-07T23:45:30
보원케미칼,00871587,0010F0,KOSDAQ,분기x별도,재무제표,CV-3,PASS,rows=29 cols=4 slider_extended=True,,2026-07-07T23:45:30
보원케미칼,00871587,0010F0,KOSDAQ,분기x별도,재무제표,DS-2/DS-3,DONE,"cross-check completed for ['매출액', '영업이익']",,2026-07-07T23:45:30
보원케미칼,00871587,0010F0,KOSDAQ,분기x별도,지표,CV-6,PASS,default metric selection visible,,2026-07-07T23:45:30
본느,01098792,226340,KOSDAQ,연간x연결,재무제표,DS-1,PASS,,,2026-07-07T23:45:41
본느,01098792,226340,KOSDAQ,연간x연결,상단,DS-8,PASS,,,2026-07-07T23:45:41
본느,01098792,226340,KOSDAQ,연간x연결,상단,DS-7,PASS,"badges seen: ['✅', '🔎', '⚠']",,2026-07-07T23:45:41
본느,01098792,226340,KOSDAQ,연간x연결,재무제표,CV-3,PASS,rows=29 cols=12 slider_extended=True,,2026-07-07T23:45:41
본느,01098792,226340,KOSDAQ,연간x연결,재무제표,DS-2/DS-3,DONE,"cross-check completed for ['매출액', '영업이익']",,2026-07-07T23:45:41
본느,01098792,226340,KOSDAQ,연간x연결,지표,CV-6,PASS,default metric selection visible,,2026-07-07T23:45:41
본느,01098792,226340,KOSDAQ,연간x별도,재무제표,DS-1,PASS,,,2026-07-07T23:45:46
본느,01098792,226340,KOSDAQ,연간x별도,상단,DS-8,PASS,,,2026-07-07T23:45:46
본느,01098792,226340,KOSDAQ,연간x별도,상단,DS-7,PASS,"badges seen: ['✅', '🔎', '⚠']",,2026-07-07T23:45:46
본느,01098792,226340,KOSDAQ,연간x별도,재무제표,CV-3,PASS,rows=29 cols=14 slider_extended=True,,2026-07-07T23:45:46
본느,01098792,226340,KOSDAQ,연간x별도,재무제표,DS-2/DS-3,DONE,"cross-check completed for ['매출액', '영업이익']",,2026-07-07T23:45:46
본느,01098792,226340,KOSDAQ,연간x별도,지표,CV-6,PASS,default metric selection visible,,2026-07-07T23:45:46
본느,01098792,226340,KOSDAQ,분기x연결,재무제표,DS-1,PASS,,,2026-07-07T23:45:52
본느,01098792,226340,KOSDAQ,분기x연결,상단,DS-8,PASS,,,2026-07-07T23:45:52
본느,01098792,226340,KOSDAQ,분기x연결,상단,DS-7,PASS,"badges seen: ['✅', '🔎', '⚠']",,2026-07-07T23:45:52
본느,01098792,226340,KOSDAQ,분기x연결,재무제표,CV-3,PASS,rows=29 cols=36 slider_extended=True,,2026-07-07T23:45:52
본느,01098792,226340,KOSDAQ,분기x연결,재무제표,DS-2/DS-3,DONE,"cross-check completed for ['매출액', '영업이익']",,2026-07-07T23:45:52
본느,01098792,226340,KOSDAQ,분기x연결,지표,CV-6,PASS,default metric selection visible,,2026-07-07T23:45:52
본느,01098792,226340,KOSDAQ,분기x별도,재무제표,DS-1,PASS,,,2026-07-07T23:45:59
본느,01098792,226340,KOSDAQ,분기x별도,상단,DS-8,PASS,,,2026-07-07T23:45:59
본느,01098792,226340,KOSDAQ,분기x별도,상단,DS-7,PASS,"badges seen: ['✅', '🔎', '⚠']",,2026-07-07T23:45:59
본느,01098792,226340,KOSDAQ,분기x별도,재무제표,CV-3,PASS,rows=29 cols=45 slider_extended=True,,2026-07-07T23:45:59
본느,01098792,226340,KOSDAQ,분기x별도,재무제표,DS-2/DS-3,DONE,"cross-check completed for ['매출액', '영업이익']",,2026-07-07T23:45:59
본느,01098792,226340,KOSDAQ,분기x별도,지표,CV-6,PASS,default metric selection visible,,2026-07-07T23:45:59
부방,00243067,014470,KOSDAQ,연간x연결,재무제표,DS-1,PASS,,,2026-07-07T23:46:13
부방,00243067,014470,KOSDAQ,연간x연결,상단,DS-8,PASS,,,2026-07-07T23:46:13
부방,00243067,014470,KOSDAQ,연간x연결,상단,DS-7,PASS,"badges seen: ['✅', '🔎']",,2026-07-07T23:46:13
부방,00243067,014470,KOSDAQ,연간x연결,재무제표,CV-3,PASS,rows=29 cols=19 slider_extended=True,,2026-07-07T23:46:13
부방,00243067,014470,KOSDAQ,연간x연결,재무제표,DS-2/DS-3,DONE,"cross-check completed for ['매출액', '영업이익']",,2026-07-07T23:46:13
부방,00243067,014470,KOSDAQ,연간x연결,지표,CV-6,PASS,default metric selection visible,,2026-07-07T23:46:13
부방,00243067,014470,KOSDAQ,연간x별도,재무제표,DS-1,PASS,,,2026-07-07T23:46:19
부방,00243067,014470,KOSDAQ,연간x별도,상단,DS-8,PASS,,,2026-07-07T23:46:19
부방,00243067,014470,KOSDAQ,연간x별도,상단,DS-7,PASS,"badges seen: ['✅', '🔎', '⚠']",,2026-07-07T23:46:19
부방,00243067,014470,KOSDAQ,연간x별도,재무제표,CV-3,PASS,rows=29 cols=25 slider_extended=True,,2026-07-07T23:46:19
부방,00243067,014470,KOSDAQ,연간x별도,재무제표,DS-2/DS-3,DONE,"cross-check completed for ['매출액', '영업이익']",,2026-07-07T23:46:19
부방,00243067,014470,KOSDAQ,연간x별도,지표,CV-6,PASS,default metric selection visible,,2026-07-07T23:46:19
부방,00243067,014470,KOSDAQ,분기x연결,재무제표,DS-1,PASS,,,2026-07-07T23:46:25
부방,00243067,014470,KOSDAQ,분기x연결,상단,DS-8,PASS,,,2026-07-07T23:46:25
부방,00243067,014470,KOSDAQ,분기x연결,상단,DS-7,PASS,"badges seen: ['✅', '🔎', '⚠']",,2026-07-07T23:46:25
부방,00243067,014470,KOSDAQ,분기x연결,재무제표,CV-3,PASS,rows=29 cols=60 slider_extended=True,,2026-07-07T23:46:25
부방,00243067,014470,KOSDAQ,분기x연결,재무제표,DS-2/DS-3,DONE,"cross-check completed for ['매출액', '영업이익']",,2026-07-07T23:46:25
부방,00243067,014470,KOSDAQ,분기x연결,지표,CV-6,PASS,default metric selection visible,,2026-07-07T23:46:25
부방,00243067,014470,KOSDAQ,분기x별도,재무제표,DS-1,PASS,,,2026-07-07T23:46:32
부방,00243067,014470,KOSDAQ,분기x별도,상단,DS-8,PASS,,,2026-07-07T23:46:32
부방,00243067,014470,KOSDAQ,분기x별도,상단,DS-7,PASS,"badges seen: ['✅', '🔎', '⚠']",,2026-07-07T23:46:32
부방,00243067,014470,KOSDAQ,분기x별도,재무제표,CV-3,PASS,rows=29 cols=83 slider_extended=True,,2026-07-07T23:46:32
부방,00243067,014470,KOSDAQ,분기x별도,재무제표,DS-2/DS-3,DONE,"cross-check completed for ['매출액', '영업이익']",,2026-07-07T23:46:32
부방,00243067,014470,KOSDAQ,분기x별도,지표,CV-6,PASS,default metric selection visible,,2026-07-07T23:46:32
부스타,00124276,008470,KOSDAQ,연간x연결,재무제표,DS-1,PASS,,,2026-07-07T23:46:43
부스타,00124276,008470,KOSDAQ,연간x연결,상단,DS-8,PASS,,,2026-07-07T23:46:43
부스타,00124276,008470,KOSDAQ,연간x연결,상단,DS-7,PASS,"badges seen: ['✅', '🔎', '⚠']",,2026-07-07T23:46:43
부스타,00124276,008470,KOSDAQ,연간x연결,재무제표,CV-3,PASS,rows=29 cols=8 slider_extended=True,,2026-07-07T23:46:43
부스타,00124276,008470,KOSDAQ,연간x연결,재무제표,DS-2/DS-3,DONE,"cross-check completed for ['매출액', '영업이익']",,2026-07-07T23:46:43
부스타,00124276,008470,KOSDAQ,연간x연결,지표,CV-6,PASS,default metric selection visible,,2026-07-07T23:46:43
부스타,00124276,008470,KOSDAQ,연간x별도,재무제표,DS-1,PASS,,,2026-07-07T23:46:48
부스타,00124276,008470,KOSDAQ,연간x별도,상단,DS-8,PASS,,,2026-07-07T23:46:48
부스타,00124276,008470,KOSDAQ,연간x별도,상단,DS-7,PASS,"badges seen: ['✅', '🔎', '⚠']",,2026-07-07T23:46:48
부스타,00124276,008470,KOSDAQ,연간x별도,재무제표,CV-3,PASS,rows=29 cols=20 slider_extended=True,,2026-07-07T23:46:48
부스타,00124276,008470,KOSDAQ,연간x별도,재무제표,DS-2/DS-3,DONE,"cross-check completed for ['매출액', '영업이익']",,2026-07-07T23:46:48
부스타,00124276,008470,KOSDAQ,연간x별도,지표,CV-6,PASS,default metric selection visible,,2026-07-07T23:46:48
부스타,00124276,008470,KOSDAQ,분기x연결,재무제표,DS-1,PASS,,,2026-07-07T23:46:54
부스타,00124276,008470,KOSDAQ,분기x연결,상단,DS-8,PASS,,,2026-07-07T23:46:54
부스타,00124276,008470,KOSDAQ,분기x연결,상단,DS-7,PASS,"badges seen: ['✅', '🔎', '⚠']",,2026-07-07T23:46:54
부스타,00124276,008470,KOSDAQ,분기x연결,재무제표,CV-3,PASS,rows=29 cols=21 slider_extended=True,,2026-07-07T23:46:54
부스타,00124276,008470,KOSDAQ,분기x연결,재무제표,DS-2/DS-3,DONE,"cross-check completed for ['매출액', '영업이익']",,2026-07-07T23:46:54
부스타,00124276,008470,KOSDAQ,분기x연결,지표,CV-6,PASS,default metric selection visible,,2026-07-07T23:46:54
부스타,00124276,008470,KOSDAQ,분기x별도,재무제표,DS-1,PASS,,,2026-07-07T23:47:02
부스타,00124276,008470,KOSDAQ,분기x별도,상단,DS-8,PASS,,,2026-07-07T23:47:02
부스타,00124276,008470,KOSDAQ,분기x별도,상단,DS-7,PASS,"badges seen: ['✅', '🔎', '⚠']",,2026-07-07T23:47:02
부스타,00124276,008470,KOSDAQ,분기x별도,재무제표,CV-3,PASS,rows=29 cols=63 slider_extended=True,,2026-07-07T23:47:02
부스타,00124276,008470,KOSDAQ,분기x별도,재무제표,DS-2/DS-3,DONE,"cross-check completed for ['매출액', '영업이익']",,2026-07-07T23:47:02
부스타,00124276,008470,KOSDAQ,분기x별도,지표,CV-6,PASS,default metric selection visible,,2026-07-07T23:47:02
뷰노,01344202,338220,KOSDAQ,연간x연결,재무제표,DS-1,PASS,,,2026-07-07T23:47:15
뷰노,01344202,338220,KOSDAQ,연간x연결,상단,DS-8,PASS,,,2026-07-07T23:47:15
뷰노,01344202,338220,KOSDAQ,연간x연결,상단,DS-7,PASS,"badges seen: ['✅', '🔎', '⚠']",,2026-07-07T23:47:15
뷰노,01344202,338220,KOSDAQ,연간x연결,재무제표,CV-3,PASS,rows=29 cols=9 slider_extended=True,,2026-07-07T23:47:15
뷰노,01344202,338220,KOSDAQ,연간x연결,재무제표,DS-2/DS-3,DONE,"cross-check completed for ['매출액', '영업이익']",,2026-07-07T23:47:15
뷰노,01344202,338220,KOSDAQ,연간x연결,지표,CV-6,PASS,default metric selection visible,,2026-07-07T23:47:15
뷰노,01344202,338220,KOSDAQ,연간x별도,재무제표,DS-1,PASS,,,2026-07-07T23:47:20
뷰노,01344202,338220,KOSDAQ,연간x별도,상단,DS-8,PASS,,,2026-07-07T23:47:20
뷰노,01344202,338220,KOSDAQ,연간x별도,상단,DS-7,PASS,"badges seen: ['✅', '🔎', '⚠']",,2026-07-07T23:47:20
뷰노,01344202,338220,KOSDAQ,연간x별도,재무제표,CV-3,PASS,rows=29 cols=10 slider_extended=True,,2026-07-07T23:47:20
뷰노,01344202,338220,KOSDAQ,연간x별도,재무제표,DS-2/DS-3,DONE,"cross-check completed for ['매출액', '영업이익']",,2026-07-07T23:47:20
뷰노,01344202,338220,KOSDAQ,연간x별도,지표,CV-6,PASS,default metric selection visible,,2026-07-07T23:47:20
뷰노,01344202,338220,KOSDAQ,분기x연결,재무제표,DS-1,PASS,,,2026-07-07T23:47:26
뷰노,01344202,338220,KOSDAQ,분기x연결,상단,DS-8,PASS,,,2026-07-07T23:47:26
뷰노,01344202,338220,KOSDAQ,분기x연결,상단,DS-7,PASS,"badges seen: ['✅', '🔎']",,2026-07-07T23:47:26
뷰노,01344202,338220,KOSDAQ,분기x연결,재무제표,CV-3,PASS,rows=29 cols=27 slider_extended=True,,2026-07-07T23:47:26
뷰노,01344202,338220,KOSDAQ,분기x연결,재무제표,DS-2/DS-3,DONE,"cross-check completed for ['매출액', '영업이익']",,2026-07-07T23:47:26
뷰노,01344202,338220,KOSDAQ,분기x연결,지표,CV-6,PASS,default metric selection visible,,2026-07-07T23:47:26
뷰노,01344202,338220,KOSDAQ,분기x별도,재무제표,DS-1,PASS,,,2026-07-07T23:47:34
뷰노,01344202,338220,KOSDAQ,분기x별도,상단,DS-8,PASS,,,2026-07-07T23:47:34
뷰노,01344202,338220,KOSDAQ,분기x별도,상단,DS-7,PASS,"badges seen: ['✅', '🔎']",,2026-07-07T23:47:34
뷰노,01344202,338220,KOSDAQ,분기x별도,재무제표,CV-3,PASS,rows=29 cols=28 slider_extended=True,,2026-07-07T23:47:34
뷰노,01344202,338220,KOSDAQ,분기x별도,재무제표,DS-2/DS-3,DONE,"cross-check completed for ['매출액', '영업이익']",,2026-07-07T23:47:34
뷰노,01344202,338220,KOSDAQ,분기x별도,지표,CV-6,PASS,default metric selection visible,,2026-07-07T23:47:34
뷰웍스,00609324,100120,KOSDAQ,연간x연결,재무제표,DS-1,PASS,,,2026-07-07T23:47:47
뷰웍스,00609324,100120,KOSDAQ,연간x연결,상단,DS-8,PASS,,,2026-07-07T23:47:47
뷰웍스,00609324,100120,KOSDAQ,연간x연결,상단,DS-7,PASS,"badges seen: ['✅', '🔎']",,2026-07-07T23:47:47
뷰웍스,00609324,100120,KOSDAQ,연간x연결,재무제표,CV-3,PASS,rows=29 cols=19 slider_extended=True,,2026-07-07T23:47:47
뷰웍스,00609324,100120,KOSDAQ,연간x연결,재무제표,DS-2/DS-3,DONE,"cross-check completed for ['매출액', '영업이익']",,2026-07-07T23:47:47
뷰웍스,00609324,100120,KOSDAQ,연간x연결,지표,CV-6,PASS,default metric selection visible,,2026-07-07T23:47:47
뷰웍스,00609324,100120,KOSDAQ,연간x별도,재무제표,DS-1,PASS,,,2026-07-07T23:47:52
뷰웍스,00609324,100120,KOSDAQ,연간x별도,상단,DS-8,PASS,,,2026-07-07T23:47:52
뷰웍스,00609324,100120,KOSDAQ,연간x별도,상단,DS-7,PASS,"badges seen: ['✅', '🔎']",,2026-07-07T23:47:52
뷰웍스,00609324,100120,KOSDAQ,연간x별도,재무제표,CV-3,PASS,rows=29 cols=21 slider_extended=True,,2026-07-07T23:47:52
뷰웍스,00609324,100120,KOSDAQ,연간x별도,재무제표,DS-2/DS-3,DONE,"cross-check completed for ['매출액', '영업이익']",,2026-07-07T23:47:52
뷰웍스,00609324,100120,KOSDAQ,연간x별도,지표,CV-6,PASS,default metric selection visible,,2026-07-07T23:47:52
뷰웍스,00609324,100120,KOSDAQ,분기x연결,재무제표,DS-1,PASS,,,2026-07-07T23:47:58
뷰웍스,00609324,100120,KOSDAQ,분기x연결,상단,DS-8,PASS,,,2026-07-07T23:47:58
뷰웍스,00609324,100120,KOSDAQ,분기x연결,상단,DS-7,PASS,"badges seen: ['✅', '🔎', '⚠']",,2026-07-07T23:47:58
뷰웍스,00609324,100120,KOSDAQ,분기x연결,재무제표,CV-3,PASS,rows=29 cols=60 slider_extended=True,,2026-07-07T23:47:58
뷰웍스,00609324,100120,KOSDAQ,분기x연결,재무제표,DS-2/DS-3,DONE,"cross-check completed for ['매출액', '영업이익']",,2026-07-07T23:47:58
뷰웍스,00609324,100120,KOSDAQ,분기x연결,지표,CV-6,PASS,default metric selection visible,,2026-07-07T23:47:58
뷰웍스,00609324,100120,KOSDAQ,분기x별도,재무제표,DS-1,PASS,,,2026-07-07T23:48:05
뷰웍스,00609324,100120,KOSDAQ,분기x별도,상단,DS-8,PASS,,,2026-07-07T23:48:05
뷰웍스,00609324,100120,KOSDAQ,분기x별도,상단,DS-7,PASS,"badges seen: ['✅', '🔎']",,2026-07-07T23:48:05
뷰웍스,00609324,100120,KOSDAQ,분기x별도,재무제표,CV-3,PASS,rows=29 cols=72 slider_extended=True,,2026-07-07T23:48:05
뷰웍스,00609324,100120,KOSDAQ,분기x별도,재무제표,DS-2/DS-3,DONE,"cross-check completed for ['매출액', '영업이익']",,2026-07-07T23:48:05
뷰웍스,00609324,100120,KOSDAQ,분기x별도,지표,CV-6,PASS,default metric selection visible,,2026-07-07T23:48:05
뷰티스킨,01147487,406820,KOSDAQ,연간x연결,재무제표,DS-1,PASS,,,2026-07-07T23:48:19
뷰티스킨,01147487,406820,KOSDAQ,연간x연결,상단,DS-8,PASS,,,2026-07-07T23:48:19
뷰티스킨,01147487,406820,KOSDAQ,연간x연결,상단,DS-7,PASS,"badges seen: ['✅', '🔎', '⚠']",,2026-07-07T23:48:19
뷰티스킨,01147487,406820,KOSDAQ,연간x연결,재무제표,CV-3,PASS,rows=29 cols=7 slider_extended=True,,2026-07-07T23:48:19
뷰티스킨,01147487,406820,KOSDAQ,연간x연결,재무제표,DS-2/DS-3,DONE,"cross-check completed for ['매출액', '영업이익']",,2026-07-07T23:48:19
뷰티스킨,01147487,406820,KOSDAQ,연간x연결,지표,CV-6,PASS,default metric selection visible,,2026-07-07T23:48:19
뷰티스킨,01147487,406820,KOSDAQ,연간x별도,재무제표,DS-1,PASS,,,2026-07-07T23:48:24
뷰티스킨,01147487,406820,KOSDAQ,연간x별도,상단,DS-8,PASS,,,2026-07-07T23:48:24
뷰티스킨,01147487,406820,KOSDAQ,연간x별도,상단,DS-7,PASS,"badges seen: ['✅', '🔎', '⚠']",,2026-07-07T23:48:24
뷰티스킨,01147487,406820,KOSDAQ,연간x별도,재무제표,CV-3,PASS,rows=29 cols=7 slider_extended=True,,2026-07-07T23:48:24
뷰티스킨,01147487,406820,KOSDAQ,연간x별도,재무제표,DS-2/DS-3,DONE,"cross-check completed for ['매출액', '영업이익']",,2026-07-07T23:48:24
뷰티스킨,01147487,406820,KOSDAQ,연간x별도,지표,CV-6,PASS,default metric selection visible,,2026-07-07T23:48:24
뷰티스킨,01147487,406820,KOSDAQ,분기x연결,재무제표,DS-1,PASS,,,2026-07-07T23:48:30
뷰티스킨,01147487,406820,KOSDAQ,분기x연결,상단,DS-8,PASS,,,2026-07-07T23:48:30
뷰티스킨,01147487,406820,KOSDAQ,분기x연결,상단,DS-7,PASS,"badges seen: ['✅', '🔎', '⚠']",,2026-07-07T23:48:30
뷰티스킨,01147487,406820,KOSDAQ,분기x연결,재무제표,CV-3,PASS,rows=29 cols=17 slider_extended=True,,2026-07-07T23:48:30
뷰티스킨,01147487,406820,KOSDAQ,분기x연결,재무제표,DS-2/DS-3,DONE,"cross-check completed for ['매출액', '영업이익']",,2026-07-07T23:48:30
뷰티스킨,01147487,406820,KOSDAQ,분기x연결,지표,CV-6,PASS,default metric selection visible,,2026-07-07T23:48:30
뷰티스킨,01147487,406820,KOSDAQ,분기x별도,재무제표,DS-1,PASS,,,2026-07-07T23:48:37
뷰티스킨,01147487,406820,KOSDAQ,분기x별도,상단,DS-8,PASS,,,2026-07-07T23:48:37
뷰티스킨,01147487,406820,KOSDAQ,분기x별도,상단,DS-7,PASS,"badges seen: ['✅', '🔎', '⚠']",,2026-07-07T23:48:37
뷰티스킨,01147487,406820,KOSDAQ,분기x별도,재무제표,CV-3,PASS,rows=29 cols=17 slider_extended=True,,2026-07-07T23:48:37
뷰티스킨,01147487,406820,KOSDAQ,분기x별도,재무제표,DS-2/DS-3,DONE,"cross-check completed for ['매출액', '영업이익']",,2026-07-07T23:48:37
뷰티스킨,01147487,406820,KOSDAQ,분기x별도,지표,CV-6,PASS,default metric selection visible,,2026-07-07T23:48:37
브레인즈컴퍼니,00642897,099390,KOSDAQ,연간x연결,재무제표,DS-1,PASS,,,2026-07-07T23:48:48
브레인즈컴퍼니,00642897,099390,KOSDAQ,연간x연결,상단,DS-8,PASS,,,2026-07-07T23:48:48
브레인즈컴퍼니,00642897,099390,KOSDAQ,연간x연결,상단,DS-7,PASS,"badges seen: ['✅', '🔎']",,2026-07-07T23:48:48
브레인즈컴퍼니,00642897,099390,KOSDAQ,연간x연결,재무제표,CV-3,PASS,rows=29 cols=7 slider_extended=True,,2026-07-07T23:48:48
브레인즈컴퍼니,00642897,099390,KOSDAQ,연간x연결,재무제표,DS-2/DS-3,DONE,"cross-check completed for ['매출액', '영업이익']",,2026-07-07T23:48:48
브레인즈컴퍼니,00642897,099390,KOSDAQ,연간x연결,지표,CV-6,PASS,default metric selection visible,,2026-07-07T23:48:48
브레인즈컴퍼니,00642897,099390,KOSDAQ,연간x별도,재무제표,DS-1,PASS,,,2026-07-07T23:48:53
브레인즈컴퍼니,00642897,099390,KOSDAQ,연간x별도,상단,DS-8,PASS,,,2026-07-07T23:48:53
브레인즈컴퍼니,00642897,099390,KOSDAQ,연간x별도,상단,DS-7,PASS,"badges seen: ['✅', '🔎']",,2026-07-07T23:48:53
브레인즈컴퍼니,00642897,099390,KOSDAQ,연간x별도,재무제표,CV-3,PASS,rows=29 cols=9 slider_extended=True,,2026-07-07T23:48:53
브레인즈컴퍼니,00642897,099390,KOSDAQ,연간x별도,재무제표,DS-2/DS-3,DONE,"cross-check completed for ['매출액', '영업이익']",,2026-07-07T23:48:53
브레인즈컴퍼니,00642897,099390,KOSDAQ,연간x별도,지표,CV-6,PASS,default metric selection visible,,2026-07-07T23:48:53
브레인즈컴퍼니,00642897,099390,KOSDAQ,분기x연결,재무제표,DS-1,PASS,,,2026-07-07T23:48:59
브레인즈컴퍼니,00642897,099390,KOSDAQ,분기x연결,상단,DS-8,PASS,,,2026-07-07T23:48:59
브레인즈컴퍼니,00642897,099390,KOSDAQ,분기x연결,상단,DS-7,PASS,"badges seen: ['✅', '🔎']",,2026-07-07T23:48:59
브레인즈컴퍼니,00642897,099390,KOSDAQ,분기x연결,재무제표,CV-3,PASS,rows=29 cols=18 slider_extended=True,,2026-07-07T23:48:59
브레인즈컴퍼니,00642897,099390,KOSDAQ,분기x연결,재무제표,DS-2/DS-3,DONE,"cross-check completed for ['매출액', '영업이익']",,2026-07-07T23:48:59
브레인즈컴퍼니,00642897,099390,KOSDAQ,분기x연결,지표,CV-6,PASS,default metric selection visible,,2026-07-07T23:48:59
브레인즈컴퍼니,00642897,099390,KOSDAQ,분기x별도,재무제표,DS-1,PASS,,,2026-07-07T23:49:07
브레인즈컴퍼니,00642897,099390,KOSDAQ,분기x별도,상단,DS-8,PASS,,,2026-07-07T23:49:07
브레인즈컴퍼니,00642897,099390,KOSDAQ,분기x별도,상단,DS-7,PASS,"badges seen: ['✅', '🔎', '⚠']",,2026-07-07T23:49:07
브레인즈컴퍼니,00642897,099390,KOSDAQ,분기x별도,재무제표,CV-3,PASS,rows=29 cols=24 slider_extended=True,,2026-07-07T23:49:07
브레인즈컴퍼니,00642897,099390,KOSDAQ,분기x별도,재무제표,DS-2/DS-3,DONE,"cross-check completed for ['매출액', '영업이익']",,2026-07-07T23:49:07
브레인즈컴퍼니,00642897,099390,KOSDAQ,분기x별도,지표,CV-6,PASS,default metric selection visible,,2026-07-07T23:49:07
브리지텍,00359076,064480,KOSDAQ,연간x연결,재무제표,DS-1,PASS,,,2026-07-07T23:49:20
브리지텍,00359076,064480,KOSDAQ,연간x연결,상단,DS-8,PASS,,,2026-07-07T23:49:20
브리지텍,00359076,064480,KOSDAQ,연간x연결,상단,DS-4,PASS,substitution caption present,,2026-07-07T23:49:20
브리지텍,00359076,064480,KOSDAQ,연간x연결,상단,DS-7,PASS,"badges seen: ['✅', '🔎']",,2026-07-07T23:49:20
브리지텍,00359076,064480,KOSDAQ,연간x연결,재무제표,CV-3,PASS,rows=29 cols=22 slider_extended=True,,2026-07-07T23:49:20
브리지텍,00359076,064480,KOSDAQ,연간x연결,재무제표,DS-2/DS-3,DONE,"cross-check completed for ['매출액', '영업이익']",,2026-07-07T23:49:20
브리지텍,00359076,064480,KOSDAQ,연간x연결,지표,CV-6,PASS,default metric selection visible,,2026-07-07T23:49:20
브리지텍,00359076,064480,KOSDAQ,연간x별도,재무제표,DS-1,PASS,,,2026-07-07T23:49:25
브리지텍,00359076,064480,KOSDAQ,연간x별도,상단,DS-8,PASS,,,2026-07-07T23:49:25
브리지텍,00359076,064480,KOSDAQ,연간x별도,상단,DS-7,PASS,"badges seen: ['✅', '🔎']",,2026-07-07T23:49:25
브리지텍,00359076,064480,KOSDAQ,연간x별도,재무제표,CV-3,PASS,rows=29 cols=22 slider_extended=True,,2026-07-07T23:49:25
브리지텍,00359076,064480,KOSDAQ,연간x별도,재무제표,DS-2/DS-3,DONE,"cross-check completed for ['매출액', '영업이익']",,2026-07-07T23:49:25
브리지텍,00359076,064480,KOSDAQ,연간x별도,지표,CV-6,PASS,default metric selection visible,,2026-07-07T23:49:25
브리지텍,00359076,064480,KOSDAQ,분기x연결,재무제표,DS-1,PASS,,,2026-07-07T23:49:32
브리지텍,00359076,064480,KOSDAQ,분기x연결,상단,DS-8,PASS,,,2026-07-07T23:49:32
브리지텍,00359076,064480,KOSDAQ,분기x연결,상단,DS-4,PASS,substitution caption present,,2026-07-07T23:49:32
브리지텍,00359076,064480,KOSDAQ,분기x연결,상단,DS-7,PASS,"badges seen: ['✅', '🔎']",,2026-07-07T23:49:32
브리지텍,00359076,064480,KOSDAQ,분기x연결,재무제표,CV-3,PASS,rows=29 cols=73 slider_extended=True,,2026-07-07T23:49:32
브리지텍,00359076,064480,KOSDAQ,분기x연결,재무제표,DS-2/DS-3,DONE,"cross-check completed for ['매출액', '영업이익']",,2026-07-07T23:49:32
브리지텍,00359076,064480,KOSDAQ,분기x연결,지표,CV-6,PASS,default metric selection visible,,2026-07-07T23:49:32
브리지텍,00359076,064480,KOSDAQ,분기x별도,재무제표,DS-1,PASS,,,2026-07-07T23:49:39
브리지텍,00359076,064480,KOSDAQ,분기x별도,상단,DS-8,PASS,,,2026-07-07T23:49:39
브리지텍,00359076,064480,KOSDAQ,분기x별도,상단,DS-7,PASS,"badges seen: ['✅', '🔎']",,2026-07-07T23:49:39
브리지텍,00359076,064480,KOSDAQ,분기x별도,재무제표,CV-3,PASS,rows=29 cols=73 slider_extended=True,,2026-07-07T23:49:39
브리지텍,00359076,064480,KOSDAQ,분기x별도,재무제표,DS-2/DS-3,DONE,"cross-check completed for ['매출액', '영업이익']",,2026-07-07T23:49:39
브리지텍,00359076,064480,KOSDAQ,분기x별도,지표,CV-6,PASS,default metric selection visible,,2026-07-07T23:49:39
브이씨,01354740,365900,KOSDAQ,연간x연결,재무제표,DS-1,PASS,,,2026-07-07T23:49:50
브이씨,01354740,365900,KOSDAQ,연간x연결,상단,DS-8,PASS,,,2026-07-07T23:49:50
브이씨,01354740,365900,KOSDAQ,연간x연결,상단,DS-7,PASS,"badges seen: ['✅', '🔎']",,2026-07-07T23:49:50
브이씨,01354740,365900,KOSDAQ,연간x연결,재무제표,CV-3,PASS,rows=29 cols=9 slider_extended=True,,2026-07-07T23:49:50
브이씨,01354740,365900,KOSDAQ,연간x연결,재무제표,DS-2/DS-3,DONE,"cross-check completed for ['매출액', '영업이익']",,2026-07-07T23:49:50
브이씨,01354740,365900,KOSDAQ,연간x연결,지표,CV-6,PASS,default metric selection visible,,2026-07-07T23:49:50
브이씨,01354740,365900,KOSDAQ,연간x별도,재무제표,DS-1,PASS,,,2026-07-07T23:49:55
브이씨,01354740,365900,KOSDAQ,연간x별도,상단,DS-8,PASS,,,2026-07-07T23:49:55
브이씨,01354740,365900,KOSDAQ,연간x별도,상단,DS-7,PASS,"badges seen: ['✅', '🔎']",,2026-07-07T23:49:55
브이씨,01354740,365900,KOSDAQ,연간x별도,재무제표,CV-3,PASS,rows=29 cols=9 slider_extended=True,,2026-07-07T23:49:55
브이씨,01354740,365900,KOSDAQ,연간x별도,재무제표,DS-2/DS-3,DONE,"cross-check completed for ['매출액', '영업이익']",,2026-07-07T23:49:55
브이씨,01354740,365900,KOSDAQ,연간x별도,지표,CV-6,PASS,default metric selection visible,,2026-07-07T23:49:55
브이씨,01354740,365900,KOSDAQ,분기x연결,재무제표,DS-1,PASS,,,2026-07-07T23:50:01
브이씨,01354740,365900,KOSDAQ,분기x연결,상단,DS-8,PASS,,,2026-07-07T23:50:01
브이씨,01354740,365900,KOSDAQ,분기x연결,상단,DS-7,PASS,"badges seen: ['✅', '🔎']",,2026-07-07T23:50:01
브이씨,01354740,365900,KOSDAQ,분기x연결,재무제표,CV-3,PASS,rows=29 cols=24 slider_extended=True,,2026-07-07T23:50:01
브이씨,01354740,365900,KOSDAQ,분기x연결,재무제표,DS-2/DS-3,DONE,"cross-check completed for ['매출액', '영업이익']",,2026-07-07T23:50:01
브이씨,01354740,365900,KOSDAQ,분기x연결,지표,CV-6,PASS,default metric selection visible,,2026-07-07T23:50:01
브이씨,01354740,365900,KOSDAQ,분기x별도,재무제표,DS-1,PASS,,,2026-07-07T23:50:08
브이씨,01354740,365900,KOSDAQ,분기x별도,상단,DS-8,PASS,,,2026-07-07T23:50:08
브이씨,01354740,365900,KOSDAQ,분기x별도,상단,DS-7,PASS,"badges seen: ['✅', '🔎']",,2026-07-07T23:50:08
브이씨,01354740,365900,KOSDAQ,분기x별도,재무제표,CV-3,PASS,rows=29 cols=24 slider_extended=True,,2026-07-07T23:50:08
브이씨,01354740,365900,KOSDAQ,분기x별도,재무제표,DS-2/DS-3,DONE,"cross-check completed for ['매출액', '영업이익']",,2026-07-07T23:50:08
브이씨,01354740,365900,KOSDAQ,분기x별도,지표,CV-6,PASS,default metric selection visible,,2026-07-07T23:50:08
브이엠,00544577,089970,KOSDAQ,연간x연결,재무제표,DS-1,PASS,,,2026-07-07T23:50:22
브이엠,00544577,089970,KOSDAQ,연간x연결,상단,DS-8,PASS,,,2026-07-07T23:50:22
브이엠,00544577,089970,KOSDAQ,연간x연결,상단,DS-7,PASS,"badges seen: ['✅', '🔎', '⚠']",,2026-07-07T23:50:22
브이엠,00544577,089970,KOSDAQ,연간x연결,재무제표,CV-3,PASS,rows=29 cols=11 slider_extended=True,,2026-07-07T23:50:22
브이엠,00544577,089970,KOSDAQ,연간x연결,재무제표,DS-2/DS-3,DONE,"cross-check completed for ['매출액', '영업이익']",,2026-07-07T23:50:22
브이엠,00544577,089970,KOSDAQ,연간x연결,지표,CV-6,PASS,default metric selection visible,,2026-07-07T23:50:22
브이엠,00544577,089970,KOSDAQ,연간x별도,재무제표,DS-1,PASS,,,2026-07-07T23:50:27
브이엠,00544577,089970,KOSDAQ,연간x별도,상단,DS-8,PASS,,,2026-07-07T23:50:27
브이엠,00544577,089970,KOSDAQ,연간x별도,상단,DS-7,PASS,"badges seen: ['✅', '🔎', '⚠']",,2026-07-07T23:50:27
브이엠,00544577,089970,KOSDAQ,연간x별도,재무제표,CV-3,PASS,rows=29 cols=12 slider_extended=True,,2026-07-07T23:50:27
브이엠,00544577,089970,KOSDAQ,연간x별도,재무제표,DS-2/DS-3,DONE,"cross-check completed for ['매출액', '영업이익']",,2026-07-07T23:50:27
브이엠,00544577,089970,KOSDAQ,연간x별도,지표,CV-6,PASS,default metric selection visible,,2026-07-07T23:50:27
브이엠,00544577,089970,KOSDAQ,분기x연결,재무제표,DS-1,PASS,,,2026-07-07T23:50:33
브이엠,00544577,089970,KOSDAQ,분기x연결,상단,DS-8,PASS,,,2026-07-07T23:50:33
브이엠,00544577,089970,KOSDAQ,분기x연결,상단,DS-7,PASS,"badges seen: ['✅', '🔎', '⚠']",,2026-07-07T23:50:33
브이엠,00544577,089970,KOSDAQ,분기x연결,재무제표,CV-3,PASS,rows=29 cols=32 slider_extended=True,,2026-07-07T23:50:33
브이엠,00544577,089970,KOSDAQ,분기x연결,재무제표,DS-2/DS-3,DONE,"cross-check completed for ['매출액', '영업이익']",,2026-07-07T23:50:33
브이엠,00544577,089970,KOSDAQ,분기x연결,지표,CV-6,PASS,default metric selection visible,,2026-07-07T23:50:33
브이엠,00544577,089970,KOSDAQ,분기x별도,재무제표,DS-1,PASS,,,2026-07-07T23:50:40
브이엠,00544577,089970,KOSDAQ,분기x별도,상단,DS-8,PASS,,,2026-07-07T23:50:40
브이엠,00544577,089970,KOSDAQ,분기x별도,상단,DS-7,PASS,"badges seen: ['✅', '🔎', '⚠']",,2026-07-07T23:50:40
브이엠,00544577,089970,KOSDAQ,분기x별도,재무제표,CV-3,PASS,rows=29 cols=37 slider_extended=True,,2026-07-07T23:50:40
브이엠,00544577,089970,KOSDAQ,분기x별도,재무제표,DS-2/DS-3,DONE,"cross-check completed for ['매출액', '영업이익']",,2026-07-07T23:50:40
브이엠,00544577,089970,KOSDAQ,분기x별도,지표,CV-6,PASS,default metric selection visible,,2026-07-07T23:50:40
브이원텍,01027794,251630,KOSDAQ,연간x연결,재무제표,DS-1,PASS,,,2026-07-07T23:50:54
브이원텍,01027794,251630,KOSDAQ,연간x연결,상단,DS-8,PASS,,,2026-07-07T23:50:54
브이원텍,01027794,251630,KOSDAQ,연간x연결,상단,DS-7,PASS,"badges seen: ['✅', '🔎', '⚠']",,2026-07-07T23:50:54
브이원텍,01027794,251630,KOSDAQ,연간x연결,재무제표,CV-3,PASS,rows=29 cols=13 slider_extended=True,,2026-07-07T23:50:54
브이원텍,01027794,251630,KOSDAQ,연간x연결,재무제표,DS-2/DS-3,DONE,"cross-check completed for ['매출액', '영업이익']",,2026-07-07T23:50:54
브이원텍,01027794,251630,KOSDAQ,연간x연결,지표,CV-6,PASS,default metric selection visible,,2026-07-07T23:50:54
브이원텍,01027794,251630,KOSDAQ,연간x별도,재무제표,DS-1,PASS,,,2026-07-07T23:50:59
브이원텍,01027794,251630,KOSDAQ,연간x별도,상단,DS-8,PASS,,,2026-07-07T23:50:59
브이원텍,01027794,251630,KOSDAQ,연간x별도,상단,DS-7,PASS,"badges seen: ['✅', '🔎']",,2026-07-07T23:50:59
브이원텍,01027794,251630,KOSDAQ,연간x별도,재무제표,CV-3,PASS,rows=29 cols=13 slider_extended=True,,2026-07-07T23:50:59
브이원텍,01027794,251630,KOSDAQ,연간x별도,재무제표,DS-2/DS-3,DONE,"cross-check completed for ['매출액', '영업이익']",,2026-07-07T23:50:59
브이원텍,01027794,251630,KOSDAQ,연간x별도,지표,CV-6,PASS,default metric selection visible,,2026-07-07T23:50:59
브이원텍,01027794,251630,KOSDAQ,분기x연결,재무제표,DS-1,PASS,,,2026-07-07T23:51:05
브이원텍,01027794,251630,KOSDAQ,분기x연결,상단,DS-8,PASS,,,2026-07-07T23:51:05
브이원텍,01027794,251630,KOSDAQ,분기x연결,상단,DS-7,PASS,"badges seen: ['✅', '🔎']",,2026-07-07T23:51:05
브이원텍,01027794,251630,KOSDAQ,분기x연결,재무제표,CV-3,PASS,rows=29 cols=41 slider_extended=True,,2026-07-07T23:51:05
브이원텍,01027794,251630,KOSDAQ,분기x연결,재무제표,DS-2/DS-3,DONE,"cross-check completed for ['매출액', '영업이익']",,2026-07-07T23:51:05
브이원텍,01027794,251630,KOSDAQ,분기x연결,지표,CV-6,PASS,default metric selection visible,,2026-07-07T23:51:05
브이원텍,01027794,251630,KOSDAQ,분기x별도,재무제표,DS-1,PASS,,,2026-07-07T23:51:12
브이원텍,01027794,251630,KOSDAQ,분기x별도,상단,DS-8,PASS,,,2026-07-07T23:51:12
브이원텍,01027794,251630,KOSDAQ,분기x별도,상단,DS-7,PASS,"badges seen: ['✅', '🔎', '⚠']",,2026-07-07T23:51:12
브이원텍,01027794,251630,KOSDAQ,분기x별도,재무제표,CV-3,PASS,rows=29 cols=41 slider_extended=True,,2026-07-07T23:51:12
브이원텍,01027794,251630,KOSDAQ,분기x별도,재무제표,DS-2/DS-3,DONE,"cross-check completed for ['매출액', '영업이익']",,2026-07-07T23:51:12
브이원텍,01027794,251630,KOSDAQ,분기x별도,지표,CV-6,PASS,default metric selection visible,,2026-07-07T23:51:12
브이티,00150165,018290,KOSDAQ,연간x연결,재무제표,DS-1,PASS,,,2026-07-07T23:51:26
브이티,00150165,018290,KOSDAQ,연간x연결,상단,DS-8,PASS,,,2026-07-07T23:51:26
브이티,00150165,018290,KOSDAQ,연간x연결,상단,DS-7,PASS,"badges seen: ['✅', '🔎', '⚠']",,2026-07-07T23:51:26
브이티,00150165,018290,KOSDAQ,연간x연결,재무제표,CV-3,PASS,rows=29 cols=12 slider_extended=True,,2026-07-07T23:51:26
브이티,00150165,018290,KOSDAQ,연간x연결,재무제표,DS-2/DS-3,DONE,"cross-check completed for ['매출액', '영업이익']",,2026-07-07T23:51:26
브이티,00150165,018290,KOSDAQ,연간x연결,지표,CV-6,PASS,default metric selection visible,,2026-07-07T23:51:26
브이티,00150165,018290,KOSDAQ,연간x별도,재무제표,DS-1,PASS,,,2026-07-07T23:51:31
브이티,00150165,018290,KOSDAQ,연간x별도,상단,DS-8,PASS,,,2026-07-07T23:51:31
브이티,00150165,018290,KOSDAQ,연간x별도,상단,DS-7,PASS,"badges seen: ['✅', '🔎', '⚠']",,2026-07-07T23:51:31
브이티,00150165,018290,KOSDAQ,연간x별도,재무제표,CV-3,PASS,rows=29 cols=27 slider_extended=True,,2026-07-07T23:51:31
브이티,00150165,018290,KOSDAQ,연간x별도,재무제표,DS-2/DS-3,DONE,"cross-check completed for ['매출액', '영업이익']",,2026-07-07T23:51:31
브이티,00150165,018290,KOSDAQ,연간x별도,지표,CV-6,PASS,default metric selection visible,,2026-07-07T23:51:31
브이티,00150165,018290,KOSDAQ,분기x연결,재무제표,DS-1,PASS,,,2026-07-07T23:51:38
브이티,00150165,018290,KOSDAQ,분기x연결,상단,DS-8,PASS,,,2026-07-07T23:51:38
브이티,00150165,018290,KOSDAQ,분기x연결,상단,DS-7,PASS,"badges seen: ['✅', '🔎']",,2026-07-07T23:51:38
브이티,00150165,018290,KOSDAQ,분기x연결,재무제표,CV-3,PASS,rows=29 cols=40 slider_extended=True,,2026-07-07T23:51:38
브이티,00150165,018290,KOSDAQ,분기x연결,재무제표,DS-2/DS-3,DONE,"cross-check completed for ['매출액', '영업이익']",,2026-07-07T23:51:38
브이티,00150165,018290,KOSDAQ,분기x연결,지표,CV-6,PASS,default metric selection visible,,2026-07-07T23:51:38
브이티,00150165,018290,KOSDAQ,분기x별도,재무제표,DS-1,PASS,,,2026-07-07T23:51:45
브이티,00150165,018290,KOSDAQ,분기x별도,상단,DS-8,PASS,,,2026-07-07T23:51:45
브이티,00150165,018290,KOSDAQ,분기x별도,상단,DS-7,PASS,"badges seen: ['✅', '🔎']",,2026-07-07T23:51:45
브이티,00150165,018290,KOSDAQ,분기x별도,재무제표,CV-3,PASS,rows=29 cols=89 slider_extended=True,,2026-07-07T23:51:45
브이티,00150165,018290,KOSDAQ,분기x별도,재무제표,DS-2/DS-3,DONE,"cross-check completed for ['매출액', '영업이익']",,2026-07-07T23:51:45
브이티,00150165,018290,KOSDAQ,분기x별도,지표,CV-6,PASS,default metric selection visible,,2026-07-07T23:51:45
블랙야크아이앤씨,01718407,478560,KOSDAQ,연간x연결,재무제표,DS-1,PASS,,,2026-07-07T23:51:56
블랙야크아이앤씨,01718407,478560,KOSDAQ,연간x연결,상단,DS-8,PASS,,,2026-07-07T23:51:56
블랙야크아이앤씨,01718407,478560,KOSDAQ,연간x연결,상단,DS-7,PASS,"badges seen: ['✅', '🔎']",,2026-07-07T23:51:56
블랙야크아이앤씨,01718407,478560,KOSDAQ,연간x연결,재무제표,CV-3,PASS,rows=29 cols=5 slider_extended=True,,2026-07-07T23:51:56
블랙야크아이앤씨,01718407,478560,KOSDAQ,연간x연결,재무제표,DS-2/DS-3,DONE,"cross-check completed for ['매출액', '영업이익']",,2026-07-07T23:51:56
블랙야크아이앤씨,01718407,478560,KOSDAQ,연간x연결,지표,CV-6,PASS,default metric selection visible,,2026-07-07T23:51:56
블랙야크아이앤씨,01718407,478560,KOSDAQ,연간x별도,재무제표,DS-1,PASS,,,2026-07-07T23:52:01
블랙야크아이앤씨,01718407,478560,KOSDAQ,연간x별도,상단,DS-8,PASS,,,2026-07-07T23:52:01
블랙야크아이앤씨,01718407,478560,KOSDAQ,연간x별도,상단,DS-7,PASS,"badges seen: ['✅', '🔎']",,2026-07-07T23:52:01
블랙야크아이앤씨,01718407,478560,KOSDAQ,연간x별도,재무제표,CV-3,PASS,rows=29 cols=6 slider_extended=True,,2026-07-07T23:52:01
블랙야크아이앤씨,01718407,478560,KOSDAQ,연간x별도,재무제표,DS-2/DS-3,DONE,"cross-check completed for ['매출액', '영업이익']",,2026-07-07T23:52:01
블랙야크아이앤씨,01718407,478560,KOSDAQ,연간x별도,지표,CV-6,PASS,default metric selection visible,,2026-07-07T23:52:01
블랙야크아이앤씨,01718407,478560,KOSDAQ,분기x연결,재무제표,DS-1,PASS,,,2026-07-07T23:52:07
블랙야크아이앤씨,01718407,478560,KOSDAQ,분기x연결,상단,DS-8,PASS,,,2026-07-07T23:52:07
블랙야크아이앤씨,01718407,478560,KOSDAQ,분기x연결,상단,DS-7,PASS,"badges seen: ['✅', '🔎']",,2026-07-07T23:52:07
블랙야크아이앤씨,01718407,478560,KOSDAQ,분기x연결,재무제표,CV-3,PASS,rows=29 cols=11 slider_extended=True,,2026-07-07T23:52:07
블랙야크아이앤씨,01718407,478560,KOSDAQ,분기x연결,재무제표,DS-2/DS-3,DONE,"cross-check completed for ['매출액', '영업이익']",,2026-07-07T23:52:07
블랙야크아이앤씨,01718407,478560,KOSDAQ,분기x연결,지표,CV-6,PASS,default metric selection visible,,2026-07-07T23:52:07
블랙야크아이앤씨,01718407,478560,KOSDAQ,분기x별도,재무제표,DS-1,PASS,,,2026-07-07T23:52:14
블랙야크아이앤씨,01718407,478560,KOSDAQ,분기x별도,상단,DS-8,PASS,,,2026-07-07T23:52:14
블랙야크아이앤씨,01718407,478560,KOSDAQ,분기x별도,상단,DS-7,PASS,"badges seen: ['✅', '🔎']",,2026-07-07T23:52:14
블랙야크아이앤씨,01718407,478560,KOSDAQ,분기x별도,재무제표,CV-3,PASS,rows=29 cols=11 slider_extended=True,,2026-07-07T23:52:14
블랙야크아이앤씨,01718407,478560,KOSDAQ,분기x별도,재무제표,DS-2/DS-3,DONE,"cross-check completed for ['매출액', '영업이익']",,2026-07-07T23:52:14
블랙야크아이앤씨,01718407,478560,KOSDAQ,분기x별도,지표,CV-6,PASS,default metric selection visible,,2026-07-07T23:52:14
블루엠텍,01559637,439580,KOSDAQ,연간x연결,재무제표,DS-1,PASS,,,2026-07-07T23:52:28
블루엠텍,01559637,439580,KOSDAQ,연간x연결,상단,DS-8,PASS,,,2026-07-07T23:52:28
블루엠텍,01559637,439580,KOSDAQ,연간x연결,상단,DS-7,PASS,"badges seen: ['✅', '🔎']",,2026-07-07T23:52:28
블루엠텍,01559637,439580,KOSDAQ,연간x연결,재무제표,CV-3,PASS,rows=29 cols=6 slider_extended=True,,2026-07-07T23:52:28
블루엠텍,01559637,439580,KOSDAQ,연간x연결,재무제표,DS-2/DS-3,DONE,"cross-check completed for ['매출액', '영업이익']",,2026-07-07T23:52:28
블루엠텍,01559637,439580,KOSDAQ,연간x연결,지표,CV-6,PASS,default metric selection visible,,2026-07-07T23:52:28
블루엠텍,01559637,439580,KOSDAQ,연간x별도,재무제표,DS-1,PASS,,,2026-07-07T23:52:33
블루엠텍,01559637,439580,KOSDAQ,연간x별도,상단,DS-8,PASS,,,2026-07-07T23:52:33
블루엠텍,01559637,439580,KOSDAQ,연간x별도,상단,DS-7,PASS,"badges seen: ['✅', '🔎']",,2026-07-07T23:52:33
블루엠텍,01559637,439580,KOSDAQ,연간x별도,재무제표,CV-3,PASS,rows=29 cols=7 slider_extended=True,,2026-07-07T23:52:33
블루엠텍,01559637,439580,KOSDAQ,연간x별도,재무제표,DS-2/DS-3,DONE,"cross-check completed for ['매출액', '영업이익']",,2026-07-07T23:52:33
블루엠텍,01559637,439580,KOSDAQ,연간x별도,지표,CV-6,PASS,default metric selection visible,,2026-07-07T23:52:33
블루엠텍,01559637,439580,KOSDAQ,분기x연결,재무제표,DS-1,PASS,,,2026-07-07T23:52:39
블루엠텍,01559637,439580,KOSDAQ,분기x연결,상단,DS-8,PASS,,,2026-07-07T23:52:39
블루엠텍,01559637,439580,KOSDAQ,분기x연결,상단,DS-7,PASS,"badges seen: ['✅', '🔎']",,2026-07-07T23:52:39
블루엠텍,01559637,439580,KOSDAQ,분기x연결,재무제표,CV-3,PASS,rows=29 cols=12 slider_extended=True,,2026-07-07T23:52:39
블루엠텍,01559637,439580,KOSDAQ,분기x연결,재무제표,DS-2/DS-3,DONE,"cross-check completed for ['매출액', '영업이익']",,2026-07-07T23:52:39
블루엠텍,01559637,439580,KOSDAQ,분기x연결,지표,CV-6,PASS,default metric selection visible,,2026-07-07T23:52:39
블루엠텍,01559637,439580,KOSDAQ,분기x별도,재무제표,DS-1,PASS,,,2026-07-07T23:52:46
블루엠텍,01559637,439580,KOSDAQ,분기x별도,상단,DS-8,PASS,,,2026-07-07T23:52:46
블루엠텍,01559637,439580,KOSDAQ,분기x별도,상단,DS-7,PASS,"badges seen: ['✅', '🔎']",,2026-07-07T23:52:46
블루엠텍,01559637,439580,KOSDAQ,분기x별도,재무제표,CV-3,PASS,rows=29 cols=16 slider_extended=True,,2026-07-07T23:52:46
블루엠텍,01559637,439580,KOSDAQ,분기x별도,재무제표,DS-2/DS-3,DONE,"cross-check completed for ['매출액', '영업이익']",,2026-07-07T23:52:46
블루엠텍,01559637,439580,KOSDAQ,분기x별도,지표,CV-6,PASS,default metric selection visible,,2026-07-07T23:52:46
블루콤,00238001,033560,KOSDAQ,연간x연결,재무제표,DS-1,PASS,,,2026-07-07T23:52:59
블루콤,00238001,033560,KOSDAQ,연간x연결,상단,DS-8,PASS,,,2026-07-07T23:52:59
블루콤,00238001,033560,KOSDAQ,연간x연결,상단,DS-7,PASS,"badges seen: ['✅', '🔎', '⚠']",,2026-07-07T23:52:59
블루콤,00238001,033560,KOSDAQ,연간x연결,재무제표,CV-3,PASS,rows=29 cols=19 slider_extended=True,,2026-07-07T23:52:59
블루콤,00238001,033560,KOSDAQ,연간x연결,재무제표,DS-2/DS-3,DONE,"cross-check completed for ['매출액', '영업이익']",,2026-07-07T23:52:59
블루콤,00238001,033560,KOSDAQ,연간x연결,지표,CV-6,PASS,default metric selection visible,,2026-07-07T23:52:59
블루콤,00238001,033560,KOSDAQ,연간x별도,재무제표,DS-1,PASS,,,2026-07-07T23:53:04
블루콤,00238001,033560,KOSDAQ,연간x별도,상단,DS-8,PASS,,,2026-07-07T23:53:04
블루콤,00238001,033560,KOSDAQ,연간x별도,상단,DS-7,PASS,"badges seen: ['✅', '🔎', '⚠']",,2026-07-07T23:53:04
블루콤,00238001,033560,KOSDAQ,연간x별도,재무제표,CV-3,PASS,rows=29 cols=20 slider_extended=True,,2026-07-07T23:53:04
블루콤,00238001,033560,KOSDAQ,연간x별도,재무제표,DS-2/DS-3,DONE,"cross-check completed for ['매출액', '영업이익']",,2026-07-07T23:53:04
블루콤,00238001,033560,KOSDAQ,연간x별도,지표,CV-6,PASS,default metric selection visible,,2026-07-07T23:53:04
블루콤,00238001,033560,KOSDAQ,분기x연결,재무제표,DS-1,PASS,,,2026-07-07T23:53:11
블루콤,00238001,033560,KOSDAQ,분기x연결,상단,DS-8,PASS,,,2026-07-07T23:53:11
블루콤,00238001,033560,KOSDAQ,분기x연결,상단,DS-7,PASS,"badges seen: ['✅', '🔎', '⚠']",,2026-07-07T23:53:11
블루콤,00238001,033560,KOSDAQ,분기x연결,재무제표,CV-3,PASS,rows=29 cols=60 slider_extended=True,,2026-07-07T23:53:11
블루콤,00238001,033560,KOSDAQ,분기x연결,재무제표,DS-2/DS-3,DONE,"cross-check completed for ['매출액', '영업이익']",,2026-07-07T23:53:11
블루콤,00238001,033560,KOSDAQ,분기x연결,지표,CV-6,PASS,default metric selection visible,,2026-07-07T23:53:11
블루콤,00238001,033560,KOSDAQ,분기x별도,재무제표,DS-1,PASS,,,2026-07-07T23:53:18
블루콤,00238001,033560,KOSDAQ,분기x별도,상단,DS-8,PASS,,,2026-07-07T23:53:18
블루콤,00238001,033560,KOSDAQ,분기x별도,상단,DS-7,PASS,"badges seen: ['✅', '🔎', '⚠']",,2026-07-07T23:53:18
블루콤,00238001,033560,KOSDAQ,분기x별도,재무제표,CV-3,PASS,rows=29 cols=63 slider_extended=True,,2026-07-07T23:53:18
블루콤,00238001,033560,KOSDAQ,분기x별도,재무제표,DS-2/DS-3,DONE,"cross-check completed for ['매출액', '영업이익']",,2026-07-07T23:53:18
블루콤,00238001,033560,KOSDAQ,분기x별도,지표,CV-6,PASS,default metric selection visible,,2026-07-07T23:53:18
비나텍,00563518,126340,KOSDAQ,연간x연결,재무제표,DS-1,PASS,,,2026-07-07T23:53:32
비나텍,00563518,126340,KOSDAQ,연간x연결,상단,DS-8,PASS,,,2026-07-07T23:53:32
비나텍,00563518,126340,KOSDAQ,연간x연결,상단,DS-7,PASS,"badges seen: ['✅', '🔎', '⚠']",,2026-07-07T23:53:32
비나텍,00563518,126340,KOSDAQ,연간x연결,재무제표,CV-3,PASS,rows=29 cols=11 slider_extended=True,,2026-07-07T23:53:32
비나텍,00563518,126340,KOSDAQ,연간x연결,재무제표,DS-2/DS-3,DONE,"cross-check completed for ['매출액', '영업이익']",,2026-07-07T23:53:32
비나텍,00563518,126340,KOSDAQ,연간x연결,지표,CV-6,PASS,default metric selection visible,,2026-07-07T23:53:32
비나텍,00563518,126340,KOSDAQ,연간x별도,재무제표,DS-1,PASS,,,2026-07-07T23:53:37
비나텍,00563518,126340,KOSDAQ,연간x별도,상단,DS-8,PASS,,,2026-07-07T23:53:37
비나텍,00563518,126340,KOSDAQ,연간x별도,상단,DS-7,PASS,"badges seen: ['✅', '🔎', '⚠']",,2026-07-07T23:53:37
비나텍,00563518,126340,KOSDAQ,연간x별도,재무제표,CV-3,PASS,rows=29 cols=16 slider_extended=True,,2026-07-07T23:53:37
비나텍,00563518,126340,KOSDAQ,연간x별도,재무제표,DS-2/DS-3,DONE,"cross-check completed for ['매출액', '영업이익']",,2026-07-07T23:53:37
비나텍,00563518,126340,KOSDAQ,연간x별도,지표,CV-6,PASS,default metric selection visible,,2026-07-07T23:53:37
비나텍,00563518,126340,KOSDAQ,분기x연결,재무제표,DS-1,PASS,,,2026-07-07T23:53:43
비나텍,00563518,126340,KOSDAQ,분기x연결,상단,DS-8,PASS,,,2026-07-07T23:53:43
비나텍,00563518,126340,KOSDAQ,분기x연결,상단,DS-7,PASS,"badges seen: ['✅', '🔎']",,2026-07-07T23:53:43
비나텍,00563518,126340,KOSDAQ,분기x연결,재무제표,CV-3,PASS,rows=29 cols=29 slider_extended=True,,2026-07-07T23:53:43
비나텍,00563518,126340,KOSDAQ,분기x연결,재무제표,DS-2/DS-3,DONE,"cross-check completed for ['매출액', '영업이익']",,2026-07-07T23:53:43
비나텍,00563518,126340,KOSDAQ,분기x연결,지표,CV-6,PASS,default metric selection visible,,2026-07-07T23:53:43
비나텍,00563518,126340,KOSDAQ,분기x별도,재무제표,DS-1,PASS,,,2026-07-07T23:53:50
비나텍,00563518,126340,KOSDAQ,분기x별도,상단,DS-8,PASS,,,2026-07-07T23:53:50
비나텍,00563518,126340,KOSDAQ,분기x별도,상단,DS-7,PASS,"badges seen: ['✅', '🔎']",,2026-07-07T23:53:50
비나텍,00563518,126340,KOSDAQ,분기x별도,재무제표,CV-3,PASS,rows=29 cols=29 slider_extended=True,,2026-07-07T23:53:50
비나텍,00563518,126340,KOSDAQ,분기x별도,재무제표,DS-2/DS-3,DONE,"cross-check completed for ['매출액', '영업이익']",,2026-07-07T23:53:50
비나텍,00563518,126340,KOSDAQ,분기x별도,지표,CV-6,PASS,default metric selection visible,,2026-07-07T23:53:50
비덴트,00693651,121800,KOSDAQ,연간x연결,재무제표,DS-1,PASS,,,2026-07-07T23:54:01
비덴트,00693651,121800,KOSDAQ,연간x연결,상단,DS-8,PASS,,,2026-07-07T23:54:01
비덴트,00693651,121800,KOSDAQ,연간x연결,상단,DS-7,PASS,"badges seen: ['✅', '🔎', '⚠']",,2026-07-07T23:54:01
비덴트,00693651,121800,KOSDAQ,연간x연결,재무제표,CV-3,PASS,rows=29 cols=16 slider_extended=True,,2026-07-07T23:54:01
비덴트,00693651,121800,KOSDAQ,연간x연결,재무제표,DS-2/DS-3,DONE,"cross-check completed for ['매출액', '영업이익']",,2026-07-07T23:54:01
비덴트,00693651,121800,KOSDAQ,연간x연결,지표,CV-6,PASS,default metric selection visible,,2026-07-07T23:54:01
비덴트,00693651,121800,KOSDAQ,연간x별도,재무제표,DS-1,PASS,,,2026-07-07T23:54:06
비덴트,00693651,121800,KOSDAQ,연간x별도,상단,DS-8,PASS,,,2026-07-07T23:54:06
비덴트,00693651,121800,KOSDAQ,연간x별도,상단,DS-7,PASS,"badges seen: ['✅', '🔎', '⚠']",,2026-07-07T23:54:06
비덴트,00693651,121800,KOSDAQ,연간x별도,재무제표,CV-3,PASS,rows=29 cols=18 slider_extended=True,,2026-07-07T23:54:06
비덴트,00693651,121800,KOSDAQ,연간x별도,재무제표,DS-2/DS-3,DONE,"cross-check completed for ['매출액', '영업이익']",,2026-07-07T23:54:06
비덴트,00693651,121800,KOSDAQ,연간x별도,지표,CV-6,PASS,default metric selection visible,,2026-07-07T23:54:06
비덴트,00693651,121800,KOSDAQ,분기x연결,재무제표,DS-1,PASS,,,2026-07-07T23:54:12
비덴트,00693651,121800,KOSDAQ,분기x연결,상단,DS-8,PASS,,,2026-07-07T23:54:12
비덴트,00693651,121800,KOSDAQ,분기x연결,상단,DS-7,PASS,"badges seen: ['✅', '🔎', '⚠']",,2026-07-07T23:54:12
비덴트,00693651,121800,KOSDAQ,분기x연결,재무제표,CV-3,PASS,rows=29 cols=54 slider_extended=True,,2026-07-07T23:54:12
비덴트,00693651,121800,KOSDAQ,분기x연결,재무제표,DS-2/DS-3,DONE,"cross-check completed for ['매출액', '영업이익']",,2026-07-07T23:54:12
비덴트,00693651,121800,KOSDAQ,분기x연결,지표,CV-6,PASS,default metric selection visible,,2026-07-07T23:54:12
비덴트,00693651,121800,KOSDAQ,분기x별도,재무제표,DS-1,PASS,,,2026-07-07T23:54:20
비덴트,00693651,121800,KOSDAQ,분기x별도,상단,DS-8,PASS,,,2026-07-07T23:54:20
비덴트,00693651,121800,KOSDAQ,분기x별도,상단,DS-7,PASS,"badges seen: ['✅', '🔎', '⚠']",,2026-07-07T23:54:20
비덴트,00693651,121800,KOSDAQ,분기x별도,재무제표,CV-3,PASS,rows=29 cols=58 slider_extended=True,,2026-07-07T23:54:20
비덴트,00693651,121800,KOSDAQ,분기x별도,재무제표,DS-2/DS-3,DONE,"cross-check completed for ['매출액', '영업이익']",,2026-07-07T23:54:20
비덴트,00693651,121800,KOSDAQ,분기x별도,지표,CV-6,PASS,default metric selection visible,,2026-07-07T23:54:20
비비씨,01153105,318410,KOSDAQ,연간x연결,재무제표,DS-1,PASS,,,2026-07-07T23:54:33
비비씨,01153105,318410,KOSDAQ,연간x연결,상단,DS-8,PASS,,,2026-07-07T23:54:33
비비씨,01153105,318410,KOSDAQ,연간x연결,상단,DS-7,PASS,"badges seen: ['✅', '🔎', '⚠']",,2026-07-07T23:54:33
비비씨,01153105,318410,KOSDAQ,연간x연결,재무제표,CV-3,PASS,rows=29 cols=10 slider_extended=True,,2026-07-07T23:54:33
비비씨,01153105,318410,KOSDAQ,연간x연결,재무제표,DS-2/DS-3,DONE,"cross-check completed for ['매출액', '영업이익']",,2026-07-07T23:54:33
비비씨,01153105,318410,KOSDAQ,연간x연결,지표,CV-6,PASS,default metric selection visible,,2026-07-07T23:54:33
비비씨,01153105,318410,KOSDAQ,연간x별도,재무제표,DS-1,PASS,,,2026-07-07T23:54:38
비비씨,01153105,318410,KOSDAQ,연간x별도,상단,DS-8,PASS,,,2026-07-07T23:54:38
비비씨,01153105,318410,KOSDAQ,연간x별도,상단,DS-7,PASS,"badges seen: ['✅', '🔎', '⚠']",,2026-07-07T23:54:38
비비씨,01153105,318410,KOSDAQ,연간x별도,재무제표,CV-3,PASS,rows=29 cols=10 slider_extended=True,,2026-07-07T23:54:38
비비씨,01153105,318410,KOSDAQ,연간x별도,재무제표,DS-2/DS-3,DONE,"cross-check completed for ['매출액', '영업이익']",,2026-07-07T23:54:38
비비씨,01153105,318410,KOSDAQ,연간x별도,지표,CV-6,PASS,default metric selection visible,,2026-07-07T23:54:38
비비씨,01153105,318410,KOSDAQ,분기x연결,재무제표,DS-1,PASS,,,2026-07-07T23:54:45
비비씨,01153105,318410,KOSDAQ,분기x연결,상단,DS-8,PASS,,,2026-07-07T23:54:45
비비씨,01153105,318410,KOSDAQ,분기x연결,상단,DS-7,PASS,"badges seen: ['✅', '🔎', '⚠']",,2026-07-07T23:54:45
비비씨,01153105,318410,KOSDAQ,분기x연결,재무제표,CV-3,PASS,rows=29 cols=29 slider_extended=True,,2026-07-07T23:54:45
비비씨,01153105,318410,KOSDAQ,분기x연결,재무제표,DS-2/DS-3,DONE,"cross-check completed for ['매출액', '영업이익']",,2026-07-07T23:54:45
비비씨,01153105,318410,KOSDAQ,분기x연결,지표,CV-6,PASS,default metric selection visible,,2026-07-07T23:54:45
비비씨,01153105,318410,KOSDAQ,분기x별도,재무제표,DS-1,PASS,,,2026-07-07T23:54:52
비비씨,01153105,318410,KOSDAQ,분기x별도,상단,DS-8,PASS,,,2026-07-07T23:54:52
비비씨,01153105,318410,KOSDAQ,분기x별도,상단,DS-7,PASS,"badges seen: ['✅', '🔎', '⚠']",,2026-07-07T23:54:52
비비씨,01153105,318410,KOSDAQ,분기x별도,재무제표,CV-3,PASS,rows=29 cols=29 slider_extended=True,,2026-07-07T23:54:52
비비씨,01153105,318410,KOSDAQ,분기x별도,재무제표,DS-2/DS-3,DONE,"cross-check completed for ['매출액', '영업이익']",,2026-07-07T23:54:52
비비씨,01153105,318410,KOSDAQ,분기x별도,지표,CV-6,PASS,default metric selection visible,,2026-07-07T23:54:52
비스토스,01506848,419540,KOSDAQ,연간x연결,재무제표,DS-1,PASS,,,2026-07-07T23:55:05
비스토스,01506848,419540,KOSDAQ,연간x연결,상단,DS-8,PASS,,,2026-07-07T23:55:05
비스토스,01506848,419540,KOSDAQ,연간x연결,상단,DS-4,PASS,substitution caption present,,2026-07-07T23:55:05
비스토스,01506848,419540,KOSDAQ,연간x연결,상단,DS-7,PASS,"badges seen: ['✅', '🔎', '⚠']",,2026-07-07T23:55:05
비스토스,01506848,419540,KOSDAQ,연간x연결,재무제표,CV-3,PASS,rows=29 cols=8 slider_extended=True,,2026-07-07T23:55:05
비스토스,01506848,419540,KOSDAQ,연간x연결,재무제표,DS-2/DS-3,DONE,"cross-check completed for ['매출액', '영업이익']",,2026-07-07T23:55:05
비스토스,01506848,419540,KOSDAQ,연간x연결,지표,CV-6,PASS,default metric selection visible,,2026-07-07T23:55:05
비스토스,01506848,419540,KOSDAQ,연간x별도,재무제표,DS-1,PASS,,,2026-07-07T23:55:10
비스토스,01506848,419540,KOSDAQ,연간x별도,상단,DS-8,PASS,,,2026-07-07T23:55:10
비스토스,01506848,419540,KOSDAQ,연간x별도,상단,DS-7,PASS,"badges seen: ['✅', '🔎', '⚠']",,2026-07-07T23:55:10
비스토스,01506848,419540,KOSDAQ,연간x별도,재무제표,CV-3,PASS,rows=29 cols=8 slider_extended=True,,2026-07-07T23:55:10
비스토스,01506848,419540,KOSDAQ,연간x별도,재무제표,DS-2/DS-3,DONE,"cross-check completed for ['매출액', '영업이익']",,2026-07-07T23:55:10
비스토스,01506848,419540,KOSDAQ,연간x별도,지표,CV-6,PASS,default metric selection visible,,2026-07-07T23:55:10
비스토스,01506848,419540,KOSDAQ,분기x연결,재무제표,DS-1,PASS,,,2026-07-07T23:55:16
비스토스,01506848,419540,KOSDAQ,분기x연결,상단,DS-8,PASS,,,2026-07-07T23:55:16
비스토스,01506848,419540,KOSDAQ,분기x연결,상단,DS-4,PASS,substitution caption present,,2026-07-07T23:55:16
비스토스,01506848,419540,KOSDAQ,분기x연결,상단,DS-7,PASS,"badges seen: ['✅', '🔎', '⚠']",,2026-07-07T23:55:16
비스토스,01506848,419540,KOSDAQ,분기x연결,재무제표,CV-3,PASS,rows=29 cols=21 slider_extended=True,,2026-07-07T23:55:16
비스토스,01506848,419540,KOSDAQ,분기x연결,재무제표,DS-2/DS-3,DONE,"cross-check completed for ['매출액', '영업이익']",,2026-07-07T23:55:16
비스토스,01506848,419540,KOSDAQ,분기x연결,지표,CV-6,PASS,default metric selection visible,,2026-07-07T23:55:16
비스토스,01506848,419540,KOSDAQ,분기x별도,재무제표,DS-1,PASS,,,2026-07-07T23:55:23
비스토스,01506848,419540,KOSDAQ,분기x별도,상단,DS-8,PASS,,,2026-07-07T23:55:23
비스토스,01506848,419540,KOSDAQ,분기x별도,상단,DS-7,PASS,"badges seen: ['✅', '🔎', '⚠']",,2026-07-07T23:55:23
비스토스,01506848,419540,KOSDAQ,분기x별도,재무제표,CV-3,PASS,rows=29 cols=21 slider_extended=True,,2026-07-07T23:55:23
비스토스,01506848,419540,KOSDAQ,분기x별도,재무제표,DS-2/DS-3,DONE,"cross-check completed for ['매출액', '영업이익']",,2026-07-07T23:55:23
비스토스,01506848,419540,KOSDAQ,분기x별도,지표,CV-6,PASS,default metric selection visible,,2026-07-07T23:55:23
비씨엔씨,01301623,146320,KOSDAQ,연간x연결,재무제표,DS-1,PASS,,,2026-07-07T23:55:37
비씨엔씨,01301623,146320,KOSDAQ,연간x연결,상단,DS-8,PASS,,,2026-07-07T23:55:37
비씨엔씨,01301623,146320,KOSDAQ,연간x연결,상단,DS-7,PASS,"badges seen: ['✅', '🔎']",,2026-07-07T23:55:37
비씨엔씨,01301623,146320,KOSDAQ,연간x연결,재무제표,CV-3,PASS,rows=29 cols=9 slider_extended=True,,2026-07-07T23:55:37
비씨엔씨,01301623,146320,KOSDAQ,연간x연결,재무제표,DS-2/DS-3,DONE,"cross-check completed for ['매출액', '영업이익']",,2026-07-07T23:55:37
비씨엔씨,01301623,146320,KOSDAQ,연간x연결,지표,CV-6,PASS,default metric selection visible,,2026-07-07T23:55:37
비씨엔씨,01301623,146320,KOSDAQ,연간x별도,재무제표,DS-1,PASS,,,2026-07-07T23:55:42
비씨엔씨,01301623,146320,KOSDAQ,연간x별도,상단,DS-8,PASS,,,2026-07-07T23:55:42
비씨엔씨,01301623,146320,KOSDAQ,연간x별도,상단,DS-7,PASS,"badges seen: ['✅', '🔎', '⚠']",,2026-07-07T23:55:42
비씨엔씨,01301623,146320,KOSDAQ,연간x별도,재무제표,CV-3,PASS,rows=29 cols=9 slider_extended=True,,2026-07-07T23:55:42
비씨엔씨,01301623,146320,KOSDAQ,연간x별도,재무제표,DS-2/DS-3,DONE,"cross-check completed for ['매출액', '영업이익']",,2026-07-07T23:55:42
비씨엔씨,01301623,146320,KOSDAQ,연간x별도,지표,CV-6,PASS,default metric selection visible,,2026-07-07T23:55:42
비씨엔씨,01301623,146320,KOSDAQ,분기x연결,재무제표,DS-1,PASS,,,2026-07-07T23:55:48
비씨엔씨,01301623,146320,KOSDAQ,분기x연결,상단,DS-8,PASS,,,2026-07-07T23:55:48
비씨엔씨,01301623,146320,KOSDAQ,분기x연결,상단,DS-7,PASS,"badges seen: ['✅', '🔎']",,2026-07-07T23:55:48
비씨엔씨,01301623,146320,KOSDAQ,분기x연결,재무제표,CV-3,PASS,rows=29 cols=24 slider_extended=True,,2026-07-07T23:55:48
비씨엔씨,01301623,146320,KOSDAQ,분기x연결,재무제표,DS-2/DS-3,DONE,"cross-check completed for ['매출액', '영업이익']",,2026-07-07T23:55:48
비씨엔씨,01301623,146320,KOSDAQ,분기x연결,지표,CV-6,PASS,default metric selection visible,,2026-07-07T23:55:48
비씨엔씨,01301623,146320,KOSDAQ,분기x별도,재무제표,DS-1,PASS,,,2026-07-07T23:55:56
비씨엔씨,01301623,146320,KOSDAQ,분기x별도,상단,DS-8,PASS,,,2026-07-07T23:55:56
비씨엔씨,01301623,146320,KOSDAQ,분기x별도,상단,DS-7,PASS,"badges seen: ['✅', '🔎']",,2026-07-07T23:55:56
비씨엔씨,01301623,146320,KOSDAQ,분기x별도,재무제표,CV-3,PASS,rows=29 cols=24 slider_extended=True,,2026-07-07T23:55:56
비씨엔씨,01301623,146320,KOSDAQ,분기x별도,재무제표,DS-2/DS-3,DONE,"cross-check completed for ['매출액', '영업이익']",,2026-07-07T23:55:56
비씨엔씨,01301623,146320,KOSDAQ,분기x별도,지표,CV-6,PASS,default metric selection visible,,2026-07-07T23:55:56
비씨월드제약,00256043,200780,KOSDAQ,연간x연결,재무제표,DS-1,PASS,,,2026-07-07T23:56:07
비씨월드제약,00256043,200780,KOSDAQ,연간x연결,상단,DS-8,PASS,,,2026-07-07T23:56:07
비씨월드제약,00256043,200780,KOSDAQ,연간x연결,상단,DS-7,PASS,"badges seen: ['✅', '🔎', '⚠']",,2026-07-07T23:56:07
비씨월드제약,00256043,200780,KOSDAQ,연간x연결,재무제표,CV-3,PASS,rows=29 cols=13 slider_extended=True,,2026-07-07T23:56:07
비씨월드제약,00256043,200780,KOSDAQ,연간x연결,재무제표,DS-2/DS-3,DONE,"cross-check completed for ['매출액', '영업이익']",,2026-07-07T23:56:07
비씨월드제약,00256043,200780,KOSDAQ,연간x연결,지표,CV-6,PASS,default metric selection visible,,2026-07-07T23:56:07
비씨월드제약,00256043,200780,KOSDAQ,연간x별도,재무제표,DS-1,PASS,,,2026-07-07T23:56:12
비씨월드제약,00256043,200780,KOSDAQ,연간x별도,상단,DS-8,PASS,,,2026-07-07T23:56:12
비씨월드제약,00256043,200780,KOSDAQ,연간x별도,상단,DS-7,PASS,"badges seen: ['✅', '🔎', '⚠']",,2026-07-07T23:56:12
비씨월드제약,00256043,200780,KOSDAQ,연간x별도,재무제표,CV-3,PASS,rows=29 cols=16 slider_extended=True,,2026-07-07T23:56:12
비씨월드제약,00256043,200780,KOSDAQ,연간x별도,재무제표,DS-2/DS-3,DONE,"cross-check completed for ['매출액', '영업이익']",,2026-07-07T23:56:12
비씨월드제약,00256043,200780,KOSDAQ,연간x별도,지표,CV-6,PASS,default metric selection visible,,2026-07-07T23:56:12
비씨월드제약,00256043,200780,KOSDAQ,분기x연결,재무제표,DS-1,PASS,,,2026-07-07T23:56:18
비씨월드제약,00256043,200780,KOSDAQ,분기x연결,상단,DS-8,PASS,,,2026-07-07T23:56:18
비씨월드제약,00256043,200780,KOSDAQ,분기x연결,상단,DS-7,PASS,"badges seen: ['✅', '🔎']",,2026-07-07T23:56:18
비씨월드제약,00256043,200780,KOSDAQ,분기x연결,재무제표,CV-3,PASS,rows=29 cols=40 slider_extended=True,,2026-07-07T23:56:18
비씨월드제약,00256043,200780,KOSDAQ,분기x연결,재무제표,DS-2/DS-3,DONE,"cross-check completed for ['매출액', '영업이익']",,2026-07-07T23:56:18
비씨월드제약,00256043,200780,KOSDAQ,분기x연결,지표,CV-6,PASS,default metric selection visible,,2026-07-07T23:56:18
비씨월드제약,00256043,200780,KOSDAQ,분기x별도,재무제표,DS-1,PASS,,,2026-07-07T23:56:25
비씨월드제약,00256043,200780,KOSDAQ,분기x별도,상단,DS-8,PASS,,,2026-07-07T23:56:25
비씨월드제약,00256043,200780,KOSDAQ,분기x별도,상단,DS-7,PASS,"badges seen: ['✅', '🔎']",,2026-07-07T23:56:25
비씨월드제약,00256043,200780,KOSDAQ,분기x별도,재무제표,CV-3,PASS,rows=29 cols=54 slider_extended=True,,2026-07-07T23:56:25
비씨월드제약,00256043,200780,KOSDAQ,분기x별도,재무제표,DS-2/DS-3,DONE,"cross-check completed for ['매출액', '영업이익']",,2026-07-07T23:56:25
비씨월드제약,00256043,200780,KOSDAQ,분기x별도,지표,CV-6,PASS,default metric selection visible,,2026-07-07T23:56:25
비아이매트릭스,01462739,413640,KOSDAQ,연간x연결,재무제표,DS-1,PASS,,,2026-07-07T23:56:39
비아이매트릭스,01462739,413640,KOSDAQ,연간x연결,상단,DS-8,PASS,,,2026-07-07T23:56:39
비아이매트릭스,01462739,413640,KOSDAQ,연간x연결,상단,DS-7,PASS,"badges seen: ['✅', '🔎']",,2026-07-07T23:56:39
비아이매트릭스,01462739,413640,KOSDAQ,연간x연결,재무제표,CV-3,PASS,rows=29 cols=5 slider_extended=True,,2026-07-07T23:56:39
비아이매트릭스,01462739,413640,KOSDAQ,연간x연결,재무제표,DS-2/DS-3,DONE,"cross-check completed for ['매출액', '영업이익']",,2026-07-07T23:56:39
비아이매트릭스,01462739,413640,KOSDAQ,연간x연결,지표,CV-6,PASS,default metric selection visible,,2026-07-07T23:56:39
비아이매트릭스,01462739,413640,KOSDAQ,연간x별도,재무제표,DS-1,PASS,,,2026-07-07T23:56:44
비아이매트릭스,01462739,413640,KOSDAQ,연간x별도,상단,DS-8,PASS,,,2026-07-07T23:56:44
비아이매트릭스,01462739,413640,KOSDAQ,연간x별도,상단,DS-7,PASS,"badges seen: ['✅', '🔎']",,2026-07-07T23:56:44
비아이매트릭스,01462739,413640,KOSDAQ,연간x별도,재무제표,CV-3,PASS,rows=29 cols=7 slider_extended=True,,2026-07-07T23:56:44
비아이매트릭스,01462739,413640,KOSDAQ,연간x별도,재무제표,DS-2/DS-3,DONE,"cross-check completed for ['매출액', '영업이익']",,2026-07-07T23:56:44
비아이매트릭스,01462739,413640,KOSDAQ,연간x별도,지표,CV-6,PASS,default metric selection visible,,2026-07-07T23:56:44
비아이매트릭스,01462739,413640,KOSDAQ,분기x연결,재무제표,DS-1,PASS,,,2026-07-07T23:56:50
비아이매트릭스,01462739,413640,KOSDAQ,분기x연결,상단,DS-8,PASS,,,2026-07-07T23:56:50
비아이매트릭스,01462739,413640,KOSDAQ,분기x연결,상단,DS-7,PASS,"badges seen: ['✅', '🔎']",,2026-07-07T23:56:50
비아이매트릭스,01462739,413640,KOSDAQ,분기x연결,재무제표,CV-3,PASS,rows=29 cols=4 slider_extended=True,,2026-07-07T23:56:50
비아이매트릭스,01462739,413640,KOSDAQ,분기x연결,재무제표,DS-2/DS-3,DONE,"cross-check completed for ['매출액', '영업이익']",,2026-07-07T23:56:50
비아이매트릭스,01462739,413640,KOSDAQ,분기x연결,지표,CV-6,PASS,default metric selection visible,,2026-07-07T23:56:50
비아이매트릭스,01462739,413640,KOSDAQ,분기x별도,재무제표,DS-1,PASS,,,2026-07-07T23:56:57
비아이매트릭스,01462739,413640,KOSDAQ,분기x별도,상단,DS-8,PASS,,,2026-07-07T23:56:57
비아이매트릭스,01462739,413640,KOSDAQ,분기x별도,상단,DS-7,PASS,"badges seen: ['✅', '🔎']",,2026-07-07T23:56:57
비아이매트릭스,01462739,413640,KOSDAQ,분기x별도,재무제표,CV-3,PASS,rows=29 cols=16 slider_extended=True,,2026-07-07T23:56:57
비아이매트릭스,01462739,413640,KOSDAQ,분기x별도,재무제표,DS-2/DS-3,DONE,"cross-check completed for ['매출액', '영업이익']",,2026-07-07T23:56:57
비아이매트릭스,01462739,413640,KOSDAQ,분기x별도,지표,CV-6,PASS,default metric selection visible,,2026-07-07T23:56:57
비아트론,00610083,141000,KOSDAQ,연간x연결,재무제표,DS-1,PASS,,,2026-07-07T23:57:10
비아트론,00610083,141000,KOSDAQ,연간x연결,상단,DS-8,PASS,,,2026-07-07T23:57:10
비아트론,00610083,141000,KOSDAQ,연간x연결,상단,DS-7,PASS,"badges seen: ['✅', '🔎', '⚠']",,2026-07-07T23:57:10
비아트론,00610083,141000,KOSDAQ,연간x연결,재무제표,CV-3,PASS,rows=29 cols=14 slider_extended=True,,2026-07-07T23:57:10
비아트론,00610083,141000,KOSDAQ,연간x연결,재무제표,DS-2/DS-3,DONE,"cross-check completed for ['매출액', '영업이익']",,2026-07-07T23:57:10
비아트론,00610083,141000,KOSDAQ,연간x연결,지표,CV-6,PASS,default metric selection visible,,2026-07-07T23:57:10
비아트론,00610083,141000,KOSDAQ,연간x별도,재무제표,DS-1,PASS,,,2026-07-07T23:57:16
비아트론,00610083,141000,KOSDAQ,연간x별도,상단,DS-8,PASS,,,2026-07-07T23:57:16
비아트론,00610083,141000,KOSDAQ,연간x별도,상단,DS-7,PASS,"badges seen: ['✅', '🔎', '⚠']",,2026-07-07T23:57:16
비아트론,00610083,141000,KOSDAQ,연간x별도,재무제표,CV-3,PASS,rows=29 cols=18 slider_extended=True,,2026-07-07T23:57:16
비아트론,00610083,141000,KOSDAQ,연간x별도,재무제표,DS-2/DS-3,DONE,"cross-check completed for ['매출액', '영업이익']",,2026-07-07T23:57:16
비아트론,00610083,141000,KOSDAQ,연간x별도,지표,CV-6,PASS,default metric selection visible,,2026-07-07T23:57:16
비아트론,00610083,141000,KOSDAQ,분기x연결,재무제표,DS-1,PASS,,,2026-07-07T23:57:22
비아트론,00610083,141000,KOSDAQ,분기x연결,상단,DS-8,PASS,,,2026-07-07T23:57:22
비아트론,00610083,141000,KOSDAQ,분기x연결,상단,DS-7,PASS,"badges seen: ['✅', '🔎']",,2026-07-07T23:57:22
비아트론,00610083,141000,KOSDAQ,분기x연결,재무제표,CV-3,PASS,rows=29 cols=44 slider_extended=True,,2026-07-07T23:57:22
비아트론,00610083,141000,KOSDAQ,분기x연결,재무제표,DS-2/DS-3,DONE,"cross-check completed for ['매출액', '영업이익']",,2026-07-07T23:57:22
비아트론,00610083,141000,KOSDAQ,분기x연결,지표,CV-6,PASS,default metric selection visible,,2026-07-07T23:57:22
비아트론,00610083,141000,KOSDAQ,분기x별도,재무제표,DS-1,PASS,,,2026-07-07T23:57:29
비아트론,00610083,141000,KOSDAQ,분기x별도,상단,DS-8,PASS,,,2026-07-07T23:57:29
비아트론,00610083,141000,KOSDAQ,분기x별도,상단,DS-7,PASS,"badges seen: ['✅', '🔎']",,2026-07-07T23:57:29
비아트론,00610083,141000,KOSDAQ,분기x별도,재무제표,CV-3,PASS,rows=29 cols=61 slider_extended=True,,2026-07-07T23:57:29
비아트론,00610083,141000,KOSDAQ,분기x별도,재무제표,DS-2/DS-3,DONE,"cross-check completed for ['매출액', '영업이익']",,2026-07-07T23:57:29
비아트론,00610083,141000,KOSDAQ,분기x별도,지표,CV-6,PASS,default metric selection visible,,2026-07-07T23:57:29
비에이치아이,00409788,083650,KOSDAQ,연간x연결,재무제표,DS-1,PASS,,,2026-07-07T23:57:43
비에이치아이,00409788,083650,KOSDAQ,연간x연결,상단,DS-8,PASS,,,2026-07-07T23:57:43
비에이치아이,00409788,083650,KOSDAQ,연간x연결,상단,DS-7,PASS,"badges seen: ['✅', '🔎']",,2026-07-07T23:57:43
비에이치아이,00409788,083650,KOSDAQ,연간x연결,재무제표,CV-3,PASS,rows=29 cols=19 slider_extended=True,,2026-07-07T23:57:43
비에이치아이,00409788,083650,KOSDAQ,연간x연결,재무제표,DS-2/DS-3,DONE,"cross-check completed for ['매출액', '영업이익']",,2026-07-07T23:57:43
비에이치아이,00409788,083650,KOSDAQ,연간x연결,지표,CV-6,PASS,default metric selection visible,,2026-07-07T23:57:43
비에이치아이,00409788,083650,KOSDAQ,연간x별도,재무제표,DS-1,PASS,,,2026-07-07T23:57:48
비에이치아이,00409788,083650,KOSDAQ,연간x별도,상단,DS-8,PASS,,,2026-07-07T23:57:48
비에이치아이,00409788,083650,KOSDAQ,연간x별도,상단,DS-7,PASS,"badges seen: ['✅', '🔎']",,2026-07-07T23:57:48
비에이치아이,00409788,083650,KOSDAQ,연간x별도,재무제표,CV-3,PASS,rows=29 cols=25 slider_extended=True,,2026-07-07T23:57:48
비에이치아이,00409788,083650,KOSDAQ,연간x별도,재무제표,DS-2/DS-3,DONE,"cross-check completed for ['매출액', '영업이익']",,2026-07-07T23:57:48
비에이치아이,00409788,083650,KOSDAQ,연간x별도,지표,CV-6,PASS,default metric selection visible,,2026-07-07T23:57:48
비에이치아이,00409788,083650,KOSDAQ,분기x연결,재무제표,DS-1,PASS,,,2026-07-07T23:57:54
비에이치아이,00409788,083650,KOSDAQ,분기x연결,상단,DS-8,PASS,,,2026-07-07T23:57:54
비에이치아이,00409788,083650,KOSDAQ,분기x연결,상단,DS-7,PASS,"badges seen: ['✅', '🔎', '⚠']",,2026-07-07T23:57:54
비에이치아이,00409788,083650,KOSDAQ,분기x연결,재무제표,CV-3,PASS,rows=29 cols=60 slider_extended=True,,2026-07-07T23:57:54
비에이치아이,00409788,083650,KOSDAQ,분기x연결,재무제표,DS-2/DS-3,DONE,"cross-check completed for ['매출액', '영업이익']",,2026-07-07T23:57:54
비에이치아이,00409788,083650,KOSDAQ,분기x연결,지표,CV-6,PASS,default metric selection visible,,2026-07-07T23:57:54
비에이치아이,00409788,083650,KOSDAQ,분기x별도,재무제표,DS-1,PASS,,,2026-07-07T23:58:02
비에이치아이,00409788,083650,KOSDAQ,분기x별도,상단,DS-8,PASS,,,2026-07-07T23:58:02
비에이치아이,00409788,083650,KOSDAQ,분기x별도,상단,DS-7,PASS,"badges seen: ['✅', '🔎', '⚠']",,2026-07-07T23:58:02
비에이치아이,00409788,083650,KOSDAQ,분기x별도,재무제표,CV-3,PASS,rows=29 cols=75 slider_extended=True,,2026-07-07T23:58:02
비에이치아이,00409788,083650,KOSDAQ,분기x별도,재무제표,DS-2/DS-3,DONE,"cross-check completed for ['매출액', '영업이익']",,2026-07-07T23:58:02
비에이치아이,00409788,083650,KOSDAQ,분기x별도,지표,CV-6,PASS,default metric selection visible,,2026-07-07T23:58:02
비엘팜텍,00384717,065170,KOSDAQ,연간x연결,재무제표,DS-1,PASS,,,2026-07-07T23:58:13
비엘팜텍,00384717,065170,KOSDAQ,연간x연결,상단,DS-8,PASS,,,2026-07-07T23:58:13
비엘팜텍,00384717,065170,KOSDAQ,연간x연결,상단,DS-7,PASS,"badges seen: ['✅', '🔎']",,2026-07-07T23:58:13
비엘팜텍,00384717,065170,KOSDAQ,연간x연결,재무제표,CV-3,PASS,rows=29 cols=19 slider_extended=True,,2026-07-07T23:58:13
비엘팜텍,00384717,065170,KOSDAQ,연간x연결,재무제표,DS-2/DS-3,DONE,"cross-check completed for ['매출액', '영업이익']",,2026-07-07T23:58:13
비엘팜텍,00384717,065170,KOSDAQ,연간x연결,지표,CV-6,PASS,default metric selection visible,,2026-07-07T23:58:13
비엘팜텍,00384717,065170,KOSDAQ,연간x별도,재무제표,DS-1,PASS,,,2026-07-07T23:58:18
비엘팜텍,00384717,065170,KOSDAQ,연간x별도,상단,DS-8,PASS,,,2026-07-07T23:58:18
비엘팜텍,00384717,065170,KOSDAQ,연간x별도,상단,DS-7,PASS,"badges seen: ['✅', '🔎']",,2026-07-07T23:58:18
비엘팜텍,00384717,065170,KOSDAQ,연간x별도,재무제표,CV-3,PASS,rows=29 cols=26 slider_extended=True,,2026-07-07T23:58:18
비엘팜텍,00384717,065170,KOSDAQ,연간x별도,재무제표,DS-2/DS-3,DONE,"cross-check completed for ['매출액', '영업이익']",,2026-07-07T23:58:18
비엘팜텍,00384717,065170,KOSDAQ,연간x별도,지표,CV-6,PASS,default metric selection visible,,2026-07-07T23:58:18
비엘팜텍,00384717,065170,KOSDAQ,분기x연결,재무제표,DS-1,PASS,,,2026-07-07T23:58:24
비엘팜텍,00384717,065170,KOSDAQ,분기x연결,상단,DS-8,PASS,,,2026-07-07T23:58:24
비엘팜텍,00384717,065170,KOSDAQ,분기x연결,상단,DS-7,PASS,"badges seen: ['✅', '🔎']",,2026-07-07T23:58:24
비엘팜텍,00384717,065170,KOSDAQ,분기x연결,재무제표,CV-3,PASS,rows=29 cols=60 slider_extended=True,,2026-07-07T23:58:24
비엘팜텍,00384717,065170,KOSDAQ,분기x연결,재무제표,DS-2/DS-3,DONE,"cross-check completed for ['매출액', '영업이익']",,2026-07-07T23:58:24
비엘팜텍,00384717,065170,KOSDAQ,분기x연결,지표,CV-6,PASS,default metric selection visible,,2026-07-07T23:58:24
비엘팜텍,00384717,065170,KOSDAQ,분기x별도,재무제표,DS-1,PASS,,,2026-07-07T23:58:31
비엘팜텍,00384717,065170,KOSDAQ,분기x별도,상단,DS-8,PASS,,,2026-07-07T23:58:31
비엘팜텍,00384717,065170,KOSDAQ,분기x별도,상단,DS-7,PASS,"badges seen: ['✅', '🔎']",,2026-07-07T23:58:31
비엘팜텍,00384717,065170,KOSDAQ,분기x별도,재무제표,CV-3,PASS,rows=29 cols=82 slider_extended=True,,2026-07-07T23:58:31
비엘팜텍,00384717,065170,KOSDAQ,분기x별도,재무제표,DS-2/DS-3,DONE,"cross-check completed for ['매출액', '영업이익']",,2026-07-07T23:58:31
비엘팜텍,00384717,065170,KOSDAQ,분기x별도,지표,CV-6,PASS,default metric selection visible,,2026-07-07T23:58:31
비엠티,00524786,086670,KOSDAQ,연간x연결,재무제표,DS-1,PASS,,,2026-07-07T23:58:45
비엠티,00524786,086670,KOSDAQ,연간x연결,상단,DS-8,PASS,,,2026-07-07T23:58:45
비엠티,00524786,086670,KOSDAQ,연간x연결,상단,DS-7,PASS,"badges seen: ['✅', '🔎', '⚠']",,2026-07-07T23:58:45
비엠티,00524786,086670,KOSDAQ,연간x연결,재무제표,CV-3,PASS,rows=29 cols=19 slider_extended=True,,2026-07-07T23:58:45
비엠티,00524786,086670,KOSDAQ,연간x연결,재무제표,DS-2/DS-3,DONE,"cross-check completed for ['매출액', '영업이익']",,2026-07-07T23:58:45
비엠티,00524786,086670,KOSDAQ,연간x연결,지표,CV-6,PASS,default metric selection visible,,2026-07-07T23:58:45
비엠티,00524786,086670,KOSDAQ,연간x별도,재무제표,DS-1,PASS,,,2026-07-07T23:58:51
비엠티,00524786,086670,KOSDAQ,연간x별도,상단,DS-8,PASS,,,2026-07-07T23:58:51
비엠티,00524786,086670,KOSDAQ,연간x별도,상단,DS-7,PASS,"badges seen: ['✅', '🔎', '⚠']",,2026-07-07T23:58:51
비엠티,00524786,086670,KOSDAQ,연간x별도,재무제표,CV-3,PASS,rows=29 cols=23 slider_extended=True,,2026-07-07T23:58:51
비엠티,00524786,086670,KOSDAQ,연간x별도,재무제표,DS-2/DS-3,DONE,"cross-check completed for ['매출액', '영업이익']",,2026-07-07T23:58:51
비엠티,00524786,086670,KOSDAQ,연간x별도,지표,CV-6,PASS,default metric selection visible,,2026-07-07T23:58:51
비엠티,00524786,086670,KOSDAQ,분기x연결,재무제표,DS-1,PASS,,,2026-07-07T23:58:57
비엠티,00524786,086670,KOSDAQ,분기x연결,상단,DS-8,PASS,,,2026-07-07T23:58:57
비엠티,00524786,086670,KOSDAQ,분기x연결,상단,DS-7,PASS,"badges seen: ['✅', '🔎']",,2026-07-07T23:58:57
비엠티,00524786,086670,KOSDAQ,분기x연결,재무제표,CV-3,PASS,rows=29 cols=60 slider_extended=True,,2026-07-07T23:58:57
비엠티,00524786,086670,KOSDAQ,분기x연결,재무제표,DS-2/DS-3,DONE,"cross-check completed for ['매출액', '영업이익']",,2026-07-07T23:58:57
비엠티,00524786,086670,KOSDAQ,분기x연결,지표,CV-6,PASS,default metric selection visible,,2026-07-07T23:58:57
비엠티,00524786,086670,KOSDAQ,분기x별도,재무제표,DS-1,PASS,,,2026-07-07T23:59:04
비엠티,00524786,086670,KOSDAQ,분기x별도,상단,DS-8,PASS,,,2026-07-07T23:59:04
비엠티,00524786,086670,KOSDAQ,분기x별도,상단,DS-7,PASS,"badges seen: ['✅', '🔎']",,2026-07-07T23:59:04
비엠티,00524786,086670,KOSDAQ,분기x별도,재무제표,CV-3,PASS,rows=29 cols=76 slider_extended=True,,2026-07-07T23:59:04
비엠티,00524786,086670,KOSDAQ,분기x별도,재무제표,DS-2/DS-3,DONE,"cross-check completed for ['매출액', '영업이익']",,2026-07-07T23:59:04
비엠티,00524786,086670,KOSDAQ,분기x별도,지표,CV-6,PASS,default metric selection visible,,2026-07-07T23:59:04
비츠로넥스텍,01194607,488900,KOSDAQ,연간x연결,재무제표,DS-1,PASS,,,2026-07-07T23:59:15
비츠로넥스텍,01194607,488900,KOSDAQ,연간x연결,상단,DS-8,PASS,,,2026-07-07T23:59:15
비츠로넥스텍,01194607,488900,KOSDAQ,연간x연결,상단,DS-4,PASS,substitution caption present,,2026-07-07T23:59:15
비츠로넥스텍,01194607,488900,KOSDAQ,연간x연결,상단,DS-7,PASS,"badges seen: ['✅', '🔎']",,2026-07-07T23:59:15
비츠로넥스텍,01194607,488900,KOSDAQ,연간x연결,재무제표,CV-3,PASS,rows=29 cols=5 slider_extended=True,,2026-07-07T23:59:15
비츠로넥스텍,01194607,488900,KOSDAQ,연간x연결,재무제표,DS-2/DS-3,DONE,"cross-check completed for ['매출액', '영업이익']",,2026-07-07T23:59:15
비츠로넥스텍,01194607,488900,KOSDAQ,연간x연결,지표,CV-6,PASS,default metric selection visible,,2026-07-07T23:59:15
비츠로넥스텍,01194607,488900,KOSDAQ,연간x별도,재무제표,DS-1,PASS,,,2026-07-07T23:59:20
비츠로넥스텍,01194607,488900,KOSDAQ,연간x별도,상단,DS-8,PASS,,,2026-07-07T23:59:20
비츠로넥스텍,01194607,488900,KOSDAQ,연간x별도,상단,DS-7,PASS,"badges seen: ['✅', '🔎']",,2026-07-07T23:59:20
비츠로넥스텍,01194607,488900,KOSDAQ,연간x별도,재무제표,CV-3,PASS,rows=29 cols=5 slider_extended=True,,2026-07-07T23:59:20
비츠로넥스텍,01194607,488900,KOSDAQ,연간x별도,재무제표,DS-2/DS-3,DONE,"cross-check completed for ['매출액', '영업이익']",,2026-07-07T23:59:20
비츠로넥스텍,01194607,488900,KOSDAQ,연간x별도,지표,CV-6,PASS,default metric selection visible,,2026-07-07T23:59:20
비츠로넥스텍,01194607,488900,KOSDAQ,분기x연결,재무제표,DS-1,PASS,,,2026-07-07T23:59:26
비츠로넥스텍,01194607,488900,KOSDAQ,분기x연결,상단,DS-8,PASS,,,2026-07-07T23:59:26
비츠로넥스텍,01194607,488900,KOSDAQ,분기x연결,상단,DS-4,PASS,substitution caption present,,2026-07-07T23:59:26
비츠로넥스텍,01194607,488900,KOSDAQ,분기x연결,상단,DS-7,PASS,"badges seen: ['✅', '🔎']",,2026-07-07T23:59:26
비츠로넥스텍,01194607,488900,KOSDAQ,분기x연결,재무제표,CV-3,PASS,rows=29 cols=4 slider_extended=True,,2026-07-07T23:59:26
비츠로넥스텍,01194607,488900,KOSDAQ,분기x연결,재무제표,DS-2/DS-3,DONE,"cross-check completed for ['매출액', '영업이익']",,2026-07-07T23:59:26
비츠로넥스텍,01194607,488900,KOSDAQ,분기x연결,지표,CV-6,PASS,default metric selection visible,,2026-07-07T23:59:26
비츠로넥스텍,01194607,488900,KOSDAQ,분기x별도,재무제표,DS-1,PASS,,,2026-07-07T23:59:33
비츠로넥스텍,01194607,488900,KOSDAQ,분기x별도,상단,DS-8,PASS,,,2026-07-07T23:59:33
비츠로넥스텍,01194607,488900,KOSDAQ,분기x별도,상단,DS-7,PASS,"badges seen: ['✅', '🔎']",,2026-07-07T23:59:33
비츠로넥스텍,01194607,488900,KOSDAQ,분기x별도,재무제표,CV-3,PASS,rows=29 cols=4 slider_extended=True,,2026-07-07T23:59:33
비츠로넥스텍,01194607,488900,KOSDAQ,분기x별도,재무제표,DS-2/DS-3,DONE,"cross-check completed for ['매출액', '영업이익']",,2026-07-07T23:59:33
비츠로넥스텍,01194607,488900,KOSDAQ,분기x별도,지표,CV-6,PASS,default metric selection visible,,2026-07-07T23:59:33
비츠로셀,00154718,082920,KOSDAQ,연간x연결,재무제표,DS-1,PASS,,,2026-07-07T23:59:47
비츠로셀,00154718,082920,KOSDAQ,연간x연결,상단,DS-8,PASS,,,2026-07-07T23:59:47
비츠로셀,00154718,082920,KOSDAQ,연간x연결,상단,DS-7,PASS,"badges seen: ['✅', '🔎', '⚠']",,2026-07-07T23:59:47
비츠로셀,00154718,082920,KOSDAQ,연간x연결,재무제표,CV-3,PASS,rows=29 cols=17 slider_extended=True,,2026-07-07T23:59:47
비츠로셀,00154718,082920,KOSDAQ,연간x연결,재무제표,DS-2/DS-3,DONE,"cross-check completed for ['매출액', '영업이익']",,2026-07-07T23:59:47
비츠로셀,00154718,082920,KOSDAQ,연간x연결,지표,CV-6,PASS,default metric selection visible,,2026-07-07T23:59:47
비츠로셀,00154718,082920,KOSDAQ,연간x별도,재무제표,DS-1,PASS,,,2026-07-07T23:59:52
비츠로셀,00154718,082920,KOSDAQ,연간x별도,상단,DS-8,PASS,,,2026-07-07T23:59:52
비츠로셀,00154718,082920,KOSDAQ,연간x별도,상단,DS-7,PASS,"badges seen: ['✅', '🔎', '⚠']",,2026-07-07T23:59:52
비츠로셀,00154718,082920,KOSDAQ,연간x별도,재무제표,CV-3,PASS,rows=29 cols=20 slider_extended=True,,2026-07-07T23:59:52
비츠로셀,00154718,082920,KOSDAQ,연간x별도,재무제표,DS-2/DS-3,DONE,"cross-check completed for ['매출액', '영업이익']",,2026-07-07T23:59:52
비츠로셀,00154718,082920,KOSDAQ,연간x별도,지표,CV-6,PASS,default metric selection visible,,2026-07-07T23:59:52
비츠로셀,00154718,082920,KOSDAQ,분기x연결,재무제표,DS-1,PASS,,,2026-07-07T23:59:59
비츠로셀,00154718,082920,KOSDAQ,분기x연결,상단,DS-8,PASS,,,2026-07-07T23:59:59
비츠로셀,00154718,082920,KOSDAQ,분기x연결,상단,DS-7,PASS,"badges seen: ['✅', '🔎', '⚠']",,2026-07-07T23:59:59
비츠로셀,00154718,082920,KOSDAQ,분기x연결,재무제표,CV-3,PASS,rows=29 cols=54 slider_extended=True,,2026-07-07T23:59:59
비츠로셀,00154718,082920,KOSDAQ,분기x연결,재무제표,DS-2/DS-3,DONE,"cross-check completed for ['매출액', '영업이익']",,2026-07-07T23:59:59
비츠로셀,00154718,082920,KOSDAQ,분기x연결,지표,CV-6,PASS,default metric selection visible,,2026-07-07T23:59:59
비츠로셀,00154718,082920,KOSDAQ,분기x별도,재무제표,DS-1,PASS,,,2026-07-08T00:00:06
비츠로셀,00154718,082920,KOSDAQ,분기x별도,상단,DS-8,PASS,,,2026-07-08T00:00:06
비츠로셀,00154718,082920,KOSDAQ,분기x별도,상단,DS-7,PASS,"badges seen: ['✅', '🔎', '⚠']",,2026-07-08T00:00:06
비츠로셀,00154718,082920,KOSDAQ,분기x별도,재무제표,CV-3,PASS,rows=29 cols=64 slider_extended=True,,2026-07-08T00:00:06
비츠로셀,00154718,082920,KOSDAQ,분기x별도,재무제표,DS-2/DS-3,DONE,"cross-check completed for ['매출액', '영업이익']",,2026-07-08T00:00:06
비츠로셀,00154718,082920,KOSDAQ,분기x별도,지표,CV-6,PASS,default metric selection visible,,2026-07-08T00:00:06
비츠로시스,00201432,054220,KOSDAQ,연간x연결,재무제표,DS-1,PASS,,,2026-07-08T00:00:17
비츠로시스,00201432,054220,KOSDAQ,연간x연결,상단,DS-8,PASS,,,2026-07-08T00:00:17
비츠로시스,00201432,054220,KOSDAQ,연간x연결,상단,DS-7,PASS,"badges seen: ['✅', '🔎', '⚠']",,2026-07-08T00:00:17
비츠로시스,00201432,054220,KOSDAQ,연간x연결,재무제표,CV-3,PASS,rows=29 cols=16 slider_extended=True,,2026-07-08T00:00:17
비츠로시스,00201432,054220,KOSDAQ,연간x연결,재무제표,DS-2/DS-3,DONE,"cross-check completed for ['매출액', '영업이익']",,2026-07-08T00:00:17
비츠로시스,00201432,054220,KOSDAQ,연간x연결,지표,CV-6,PASS,default metric selection visible,,2026-07-08T00:00:17
비츠로시스,00201432,054220,KOSDAQ,연간x별도,재무제표,DS-1,PASS,,,2026-07-08T00:00:22
비츠로시스,00201432,054220,KOSDAQ,연간x별도,상단,DS-8,PASS,,,2026-07-08T00:00:22
비츠로시스,00201432,054220,KOSDAQ,연간x별도,상단,DS-7,PASS,"badges seen: ['✅', '🔎', '⚠']",,2026-07-08T00:00:22
비츠로시스,00201432,054220,KOSDAQ,연간x별도,재무제표,CV-3,PASS,rows=29 cols=22 slider_extended=True,,2026-07-08T00:00:22
비츠로시스,00201432,054220,KOSDAQ,연간x별도,재무제표,DS-2/DS-3,DONE,"cross-check completed for ['매출액', '영업이익']",,2026-07-08T00:00:22
비츠로시스,00201432,054220,KOSDAQ,연간x별도,지표,CV-6,PASS,default metric selection visible,,2026-07-08T00:00:22
비츠로시스,00201432,054220,KOSDAQ,분기x연결,재무제표,DS-1,PASS,,,2026-07-08T00:00:28
비츠로시스,00201432,054220,KOSDAQ,분기x연결,상단,DS-8,PASS,,,2026-07-08T00:00:28
비츠로시스,00201432,054220,KOSDAQ,분기x연결,상단,DS-7,PASS,"badges seen: ['✅', '🔎', '⚠']",,2026-07-08T00:00:28
비츠로시스,00201432,054220,KOSDAQ,분기x연결,재무제표,CV-3,PASS,rows=29 cols=40 slider_extended=True,,2026-07-08T00:00:28
비츠로시스,00201432,054220,KOSDAQ,분기x연결,재무제표,DS-2/DS-3,DONE,"cross-check completed for ['매출액', '영업이익']",,2026-07-08T00:00:28
비츠로시스,00201432,054220,KOSDAQ,분기x연결,지표,CV-6,PASS,default metric selection visible,,2026-07-08T00:00:28
비츠로시스,00201432,054220,KOSDAQ,분기x별도,재무제표,DS-1,PASS,,,2026-07-08T00:00:35
비츠로시스,00201432,054220,KOSDAQ,분기x별도,상단,DS-8,PASS,,,2026-07-08T00:00:35
비츠로시스,00201432,054220,KOSDAQ,분기x별도,상단,DS-7,PASS,"badges seen: ['✅', '🔎', '⚠']",,2026-07-08T00:00:35
비츠로시스,00201432,054220,KOSDAQ,분기x별도,재무제표,CV-3,PASS,rows=29 cols=71 slider_extended=True,,2026-07-08T00:00:35
비츠로시스,00201432,054220,KOSDAQ,분기x별도,재무제표,DS-2/DS-3,DONE,"cross-check completed for ['매출액', '영업이익']",,2026-07-08T00:00:35
비츠로시스,00201432,054220,KOSDAQ,분기x별도,지표,CV-6,PASS,default metric selection visible,,2026-07-08T00:00:35
비츠로테크,00103644,042370,KOSDAQ,연간x연결,재무제표,DS-1,PASS,,,2026-07-08T00:00:49
비츠로테크,00103644,042370,KOSDAQ,연간x연결,상단,DS-8,PASS,,,2026-07-08T00:00:49
비츠로테크,00103644,042370,KOSDAQ,연간x연결,상단,DS-7,PASS,"badges seen: ['✅', '🔎']",,2026-07-08T00:00:49
비츠로테크,00103644,042370,KOSDAQ,연간x연결,재무제표,CV-3,PASS,rows=29 cols=16 slider_extended=True,,2026-07-08T00:00:49
비츠로테크,00103644,042370,KOSDAQ,연간x연결,재무제표,DS-2/DS-3,DONE,"cross-check completed for ['매출액', '영업이익']",,2026-07-08T00:00:49
비츠로테크,00103644,042370,KOSDAQ,연간x연결,지표,CV-6,PASS,default metric selection visible,,2026-07-08T00:00:49
비츠로테크,00103644,042370,KOSDAQ,연간x별도,재무제표,DS-1,PASS,,,2026-07-08T00:00:54
비츠로테크,00103644,042370,KOSDAQ,연간x별도,상단,DS-8,PASS,,,2026-07-08T00:00:54
비츠로테크,00103644,042370,KOSDAQ,연간x별도,상단,DS-7,PASS,"badges seen: ['✅', '🔎', '⚠']",,2026-07-08T00:00:54
비츠로테크,00103644,042370,KOSDAQ,연간x별도,재무제표,CV-3,PASS,rows=29 cols=25 slider_extended=True,,2026-07-08T00:00:54
비츠로테크,00103644,042370,KOSDAQ,연간x별도,재무제표,DS-2/DS-3,DONE,"cross-check completed for ['매출액', '영업이익']",,2026-07-08T00:00:54
비츠로테크,00103644,042370,KOSDAQ,연간x별도,지표,CV-6,PASS,default metric selection visible,,2026-07-08T00:00:54
비츠로테크,00103644,042370,KOSDAQ,분기x연결,재무제표,DS-1,PASS,,,2026-07-08T00:01:01
비츠로테크,00103644,042370,KOSDAQ,분기x연결,상단,DS-8,PASS,,,2026-07-08T00:01:01
비츠로테크,00103644,042370,KOSDAQ,분기x연결,상단,DS-7,PASS,"badges seen: ['✅', '🔎']",,2026-07-08T00:01:01
비츠로테크,00103644,042370,KOSDAQ,분기x연결,재무제표,CV-3,PASS,rows=29 cols=50 slider_extended=True,,2026-07-08T00:01:01
비츠로테크,00103644,042370,KOSDAQ,분기x연결,재무제표,DS-2/DS-3,DONE,"cross-check completed for ['매출액', '영업이익']",,2026-07-08T00:01:01
비츠로테크,00103644,042370,KOSDAQ,분기x연결,지표,CV-6,PASS,default metric selection visible,,2026-07-08T00:01:01
비츠로테크,00103644,042370,KOSDAQ,분기x별도,재무제표,DS-1,PASS,,,2026-07-08T00:01:08
비츠로테크,00103644,042370,KOSDAQ,분기x별도,상단,DS-8,PASS,,,2026-07-08T00:01:08
비츠로테크,00103644,042370,KOSDAQ,분기x별도,상단,DS-7,PASS,"badges seen: ['✅', '🔎']",,2026-07-08T00:01:08
비츠로테크,00103644,042370,KOSDAQ,분기x별도,재무제표,CV-3,PASS,rows=29 cols=80 slider_extended=True,,2026-07-08T00:01:08
비츠로테크,00103644,042370,KOSDAQ,분기x별도,재무제표,DS-2/DS-3,DONE,"cross-check completed for ['매출액', '영업이익']",,2026-07-08T00:01:08
비츠로테크,00103644,042370,KOSDAQ,분기x별도,지표,CV-6,PASS,default metric selection visible,,2026-07-08T00:01:08
비케이홀딩스,00369569,050090,KOSDAQ,연간x연결,재무제표,DS-1,PASS,,,2026-07-08T00:01:21
비케이홀딩스,00369569,050090,KOSDAQ,연간x연결,상단,DS-8,PASS,,,2026-07-08T00:01:21
비케이홀딩스,00369569,050090,KOSDAQ,연간x연결,상단,DS-7,PASS,"badges seen: ['✅', '🔎', '⚠']",,2026-07-08T00:01:21
비케이홀딩스,00369569,050090,KOSDAQ,연간x연결,재무제표,CV-3,PASS,rows=29 cols=13 slider_extended=True,,2026-07-08T00:01:21
비케이홀딩스,00369569,050090,KOSDAQ,연간x연결,재무제표,DS-2/DS-3,DONE,"cross-check completed for ['매출액', '영업이익']",,2026-07-08T00:01:21
비케이홀딩스,00369569,050090,KOSDAQ,연간x연결,지표,CV-6,PASS,default metric selection visible,,2026-07-08T00:01:21
비케이홀딩스,00369569,050090,KOSDAQ,연간x별도,재무제표,DS-1,PASS,,,2026-07-08T00:01:26
비케이홀딩스,00369569,050090,KOSDAQ,연간x별도,상단,DS-8,PASS,,,2026-07-08T00:01:26
비케이홀딩스,00369569,050090,KOSDAQ,연간x별도,상단,DS-7,PASS,"badges seen: ['✅', '🔎', '⚠']",,2026-07-08T00:01:26
비케이홀딩스,00369569,050090,KOSDAQ,연간x별도,재무제표,CV-3,PASS,rows=29 cols=24 slider_extended=True,,2026-07-08T00:01:26
비케이홀딩스,00369569,050090,KOSDAQ,연간x별도,재무제표,DS-2/DS-3,DONE,"cross-check completed for ['매출액', '영업이익']",,2026-07-08T00:01:26
비케이홀딩스,00369569,050090,KOSDAQ,연간x별도,지표,CV-6,PASS,default metric selection visible,,2026-07-08T00:01:26
비케이홀딩스,00369569,050090,KOSDAQ,분기x연결,재무제표,DS-1,PASS,,,2026-07-08T00:01:33
비케이홀딩스,00369569,050090,KOSDAQ,분기x연결,상단,DS-8,PASS,,,2026-07-08T00:01:33
비케이홀딩스,00369569,050090,KOSDAQ,분기x연결,상단,DS-7,PASS,"badges seen: ['✅', '🔎', '⚠']",,2026-07-08T00:01:33
비케이홀딩스,00369569,050090,KOSDAQ,분기x연결,재무제표,CV-3,PASS,rows=29 cols=39 slider_extended=True,,2026-07-08T00:01:33
비케이홀딩스,00369569,050090,KOSDAQ,분기x연결,재무제표,DS-2/DS-3,DONE,"cross-check completed for ['매출액', '영업이익']",,2026-07-08T00:01:33
비케이홀딩스,00369569,050090,KOSDAQ,분기x연결,지표,CV-6,PASS,default metric selection visible,,2026-07-08T00:01:33
비케이홀딩스,00369569,050090,KOSDAQ,분기x별도,재무제표,DS-1,PASS,,,2026-07-08T00:01:40
비케이홀딩스,00369569,050090,KOSDAQ,분기x별도,상단,DS-8,PASS,,,2026-07-08T00:01:40
비케이홀딩스,00369569,050090,KOSDAQ,분기x별도,상단,DS-7,PASS,"badges seen: ['✅', '🔎', '⚠']",,2026-07-08T00:01:40
비케이홀딩스,00369569,050090,KOSDAQ,분기x별도,재무제표,CV-3,PASS,rows=29 cols=77 slider_extended=True,,2026-07-08T00:01:40
비케이홀딩스,00369569,050090,KOSDAQ,분기x별도,재무제표,DS-2/DS-3,DONE,"cross-check completed for ['매출액', '영업이익']",,2026-07-08T00:01:40
비케이홀딩스,00369569,050090,KOSDAQ,분기x별도,지표,CV-6,PASS,default metric selection visible,,2026-07-08T00:01:40
비투엔,01326792,307870,KOSDAQ,연간x연결,재무제표,DS-1,PASS,,,2026-07-08T00:01:54
비투엔,01326792,307870,KOSDAQ,연간x연결,상단,DS-8,PASS,,,2026-07-08T00:01:54
비투엔,01326792,307870,KOSDAQ,연간x연결,상단,DS-7,PASS,"badges seen: ['✅', '🔎']",,2026-07-08T00:01:54
비투엔,01326792,307870,KOSDAQ,연간x연결,재무제표,CV-3,PASS,rows=29 cols=6 slider_extended=True,,2026-07-08T00:01:54
비투엔,01326792,307870,KOSDAQ,연간x연결,재무제표,DS-2/DS-3,DONE,"cross-check completed for ['매출액', '영업이익']",,2026-07-08T00:01:54
비투엔,01326792,307870,KOSDAQ,연간x연결,지표,CV-6,PASS,default metric selection visible,,2026-07-08T00:01:54
비투엔,01326792,307870,KOSDAQ,연간x별도,재무제표,DS-1,PASS,,,2026-07-08T00:01:59
비투엔,01326792,307870,KOSDAQ,연간x별도,상단,DS-8,PASS,,,2026-07-08T00:01:59
비투엔,01326792,307870,KOSDAQ,연간x별도,상단,DS-7,PASS,"badges seen: ['✅', '🔎']",,2026-07-08T00:01:59
비투엔,01326792,307870,KOSDAQ,연간x별도,재무제표,CV-3,PASS,rows=29 cols=11 slider_extended=True,,2026-07-08T00:01:59
비투엔,01326792,307870,KOSDAQ,연간x별도,재무제표,DS-2/DS-3,DONE,"cross-check completed for ['매출액', '영업이익']",,2026-07-08T00:01:59
비투엔,01326792,307870,KOSDAQ,연간x별도,지표,CV-6,PASS,default metric selection visible,,2026-07-08T00:01:59
비투엔,01326792,307870,KOSDAQ,분기x연결,재무제표,DS-1,PASS,,,2026-07-08T00:02:05
비투엔,01326792,307870,KOSDAQ,분기x연결,상단,DS-8,PASS,,,2026-07-08T00:02:05
비투엔,01326792,307870,KOSDAQ,분기x연결,상단,DS-7,PASS,"badges seen: ['✅', '🔎']",,2026-07-08T00:02:05
비투엔,01326792,307870,KOSDAQ,분기x연결,재무제표,CV-3,PASS,rows=29 cols=16 slider_extended=True,,2026-07-08T00:02:05
비투엔,01326792,307870,KOSDAQ,분기x연결,재무제표,DS-2/DS-3,DONE,"cross-check completed for ['매출액', '영업이익']",,2026-07-08T00:02:05
비투엔,01326792,307870,KOSDAQ,분기x연결,지표,CV-6,PASS,default metric selection visible,,2026-07-08T00:02:05
비투엔,01326792,307870,KOSDAQ,분기x별도,재무제표,DS-1,PASS,,,2026-07-08T00:02:12
비투엔,01326792,307870,KOSDAQ,분기x별도,상단,DS-8,PASS,,,2026-07-08T00:02:12
비투엔,01326792,307870,KOSDAQ,분기x별도,상단,DS-7,PASS,"badges seen: ['✅', '🔎']",,2026-07-08T00:02:12
비투엔,01326792,307870,KOSDAQ,분기x별도,재무제표,CV-3,PASS,rows=29 cols=33 slider_extended=True,,2026-07-08T00:02:12
비투엔,01326792,307870,KOSDAQ,분기x별도,재무제표,DS-2/DS-3,DONE,"cross-check completed for ['매출액', '영업이익']",,2026-07-08T00:02:12
비투엔,01326792,307870,KOSDAQ,분기x별도,지표,CV-6,PASS,default metric selection visible,,2026-07-08T00:02:12
비트맥스,01409095,377030,KOSDAQ,연간x연결,재무제표,DS-1,PASS,,,2026-07-08T00:02:23
비트맥스,01409095,377030,KOSDAQ,연간x연결,상단,DS-8,PASS,,,2026-07-08T00:02:23
비트맥스,01409095,377030,KOSDAQ,연간x연결,상단,DS-7,PASS,"badges seen: ['✅', '🔎', '⚠']",,2026-07-08T00:02:23
비트맥스,01409095,377030,KOSDAQ,연간x연결,재무제표,CV-3,PASS,rows=29 cols=8 slider_extended=True,,2026-07-08T00:02:23
비트맥스,01409095,377030,KOSDAQ,연간x연결,재무제표,DS-2/DS-3,DONE,"cross-check completed for ['매출액', '영업이익']",,2026-07-08T00:02:23
비트맥스,01409095,377030,KOSDAQ,연간x연결,지표,CV-6,PASS,default metric selection visible,,2026-07-08T00:02:23
비트맥스,01409095,377030,KOSDAQ,연간x별도,재무제표,DS-1,PASS,,,2026-07-08T00:02:28
비트맥스,01409095,377030,KOSDAQ,연간x별도,상단,DS-8,PASS,,,2026-07-08T00:02:28
비트맥스,01409095,377030,KOSDAQ,연간x별도,상단,DS-7,PASS,"badges seen: ['✅', '🔎', '⚠']",,2026-07-08T00:02:28
비트맥스,01409095,377030,KOSDAQ,연간x별도,재무제표,CV-3,PASS,rows=29 cols=9 slider_extended=True,,2026-07-08T00:02:28
비트맥스,01409095,377030,KOSDAQ,연간x별도,재무제표,DS-2/DS-3,DONE,"cross-check completed for ['매출액', '영업이익']",,2026-07-08T00:02:28
비트맥스,01409095,377030,KOSDAQ,연간x별도,지표,CV-6,PASS,default metric selection visible,,2026-07-08T00:02:28
비트맥스,01409095,377030,KOSDAQ,분기x연결,재무제표,DS-1,PASS,,,2026-07-08T00:02:34
비트맥스,01409095,377030,KOSDAQ,분기x연결,상단,DS-8,PASS,,,2026-07-08T00:02:34
비트맥스,01409095,377030,KOSDAQ,분기x연결,상단,DS-7,PASS,"badges seen: ['✅', '🔎', '⚠']",,2026-07-08T00:02:34
비트맥스,01409095,377030,KOSDAQ,분기x연결,재무제표,CV-3,PASS,rows=29 cols=21 slider_extended=True,,2026-07-08T00:02:34
비트맥스,01409095,377030,KOSDAQ,분기x연결,재무제표,DS-2/DS-3,DONE,"cross-check completed for ['매출액', '영업이익']",,2026-07-08T00:02:34
비트맥스,01409095,377030,KOSDAQ,분기x연결,지표,CV-6,PASS,default metric selection visible,,2026-07-08T00:02:34
비트맥스,01409095,377030,KOSDAQ,분기x별도,재무제표,DS-1,PASS,,,2026-07-08T00:02:41
비트맥스,01409095,377030,KOSDAQ,분기x별도,상단,DS-8,PASS,,,2026-07-08T00:02:41
비트맥스,01409095,377030,KOSDAQ,분기x별도,상단,DS-7,PASS,"badges seen: ['✅', '🔎', '⚠']",,2026-07-08T00:02:41
비트맥스,01409095,377030,KOSDAQ,분기x별도,재무제표,CV-3,PASS,rows=29 cols=25 slider_extended=True,,2026-07-08T00:02:41
비트맥스,01409095,377030,KOSDAQ,분기x별도,재무제표,DS-2/DS-3,DONE,"cross-check completed for ['매출액', '영업이익']",,2026-07-08T00:02:41
비트맥스,01409095,377030,KOSDAQ,분기x별도,지표,CV-6,PASS,default metric selection visible,,2026-07-08T00:02:41
비트컴퓨터,00231707,032850,KOSDAQ,연간x연결,재무제표,DS-1,PASS,,,2026-07-08T00:02:55
비트컴퓨터,00231707,032850,KOSDAQ,연간x연결,상단,DS-8,PASS,,,2026-07-08T00:02:55
비트컴퓨터,00231707,032850,KOSDAQ,연간x연결,상단,DS-7,PASS,"badges seen: ['✅', '🔎']",,2026-07-08T00:02:55
비트컴퓨터,00231707,032850,KOSDAQ,연간x연결,재무제표,CV-3,PASS,rows=29 cols=19 slider_extended=True,,2026-07-08T00:02:55
비트컴퓨터,00231707,032850,KOSDAQ,연간x연결,재무제표,DS-2/DS-3,DONE,"cross-check completed for ['매출액', '영업이익']",,2026-07-08T00:02:55
비트컴퓨터,00231707,032850,KOSDAQ,연간x연결,지표,CV-6,PASS,default metric selection visible,,2026-07-08T00:02:55
비트컴퓨터,00231707,032850,KOSDAQ,연간x별도,재무제표,DS-1,PASS,,,2026-07-08T00:03:01
비트컴퓨터,00231707,032850,KOSDAQ,연간x별도,상단,DS-8,PASS,,,2026-07-08T00:03:01
비트컴퓨터,00231707,032850,KOSDAQ,연간x별도,상단,DS-7,PASS,"badges seen: ['✅', '🔎']",,2026-07-08T00:03:01
비트컴퓨터,00231707,032850,KOSDAQ,연간x별도,재무제표,CV-3,PASS,rows=29 cols=26 slider_extended=True,,2026-07-08T00:03:01
비트컴퓨터,00231707,032850,KOSDAQ,연간x별도,재무제표,DS-2/DS-3,DONE,"cross-check completed for ['매출액', '영업이익']",,2026-07-08T00:03:01
비트컴퓨터,00231707,032850,KOSDAQ,연간x별도,지표,CV-6,PASS,default metric selection visible,,2026-07-08T00:03:01
비트컴퓨터,00231707,032850,KOSDAQ,분기x연결,재무제표,DS-1,PASS,,,2026-07-08T00:03:07
비트컴퓨터,00231707,032850,KOSDAQ,분기x연결,상단,DS-8,PASS,,,2026-07-08T00:03:07
비트컴퓨터,00231707,032850,KOSDAQ,분기x연결,상단,DS-7,PASS,"badges seen: ['✅', '🔎']",,2026-07-08T00:03:07
비트컴퓨터,00231707,032850,KOSDAQ,분기x연결,재무제표,CV-3,PASS,rows=29 cols=60 slider_extended=True,,2026-07-08T00:03:07
비트컴퓨터,00231707,032850,KOSDAQ,분기x연결,재무제표,DS-2/DS-3,DONE,"cross-check completed for ['매출액', '영업이익']",,2026-07-08T00:03:07
비트컴퓨터,00231707,032850,KOSDAQ,분기x연결,지표,CV-6,PASS,default metric selection visible,,2026-07-08T00:03:07
비트컴퓨터,00231707,032850,KOSDAQ,분기x별도,재무제표,DS-1,PASS,,,2026-07-08T00:03:14
비트컴퓨터,00231707,032850,KOSDAQ,분기x별도,상단,DS-8,PASS,,,2026-07-08T00:03:14
비트컴퓨터,00231707,032850,KOSDAQ,분기x별도,상단,DS-7,PASS,"badges seen: ['✅', '🔎']",,2026-07-08T00:03:14
비트컴퓨터,00231707,032850,KOSDAQ,분기x별도,재무제표,CV-3,PASS,rows=29 cols=79 slider_extended=True,,2026-07-08T00:03:14
비트컴퓨터,00231707,032850,KOSDAQ,분기x별도,재무제표,DS-2/DS-3,DONE,"cross-check completed for ['매출액', '영업이익']",,2026-07-08T00:03:14
비트컴퓨터,00231707,032850,KOSDAQ,분기x별도,지표,CV-6,PASS,default metric selection visible,,2026-07-08T00:03:14
비트플래닛,00351579,049470,KOSDAQ,연간x연결,재무제표,DS-1,PASS,,,2026-07-08T00:03:25
비트플래닛,00351579,049470,KOSDAQ,연간x연결,상단,DS-8,PASS,,,2026-07-08T00:03:25
비트플래닛,00351579,049470,KOSDAQ,연간x연결,상단,DS-7,PASS,"badges seen: ['✅', '🔎', '⚠']",,2026-07-08T00:03:25
비트플래닛,00351579,049470,KOSDAQ,연간x연결,재무제표,CV-3,PASS,rows=29 cols=13 slider_extended=True,,2026-07-08T00:03:25
비트플래닛,00351579,049470,KOSDAQ,연간x연결,재무제표,DS-2/DS-3,DONE,"cross-check completed for ['매출액', '영업이익']",,2026-07-08T00:03:25
비트플래닛,00351579,049470,KOSDAQ,연간x연결,지표,CV-6,PASS,default metric selection visible,,2026-07-08T00:03:25
비트플래닛,00351579,049470,KOSDAQ,연간x별도,재무제표,DS-1,PASS,,,2026-07-08T00:03:30
비트플래닛,00351579,049470,KOSDAQ,연간x별도,상단,DS-8,PASS,,,2026-07-08T00:03:30
비트플래닛,00351579,049470,KOSDAQ,연간x별도,상단,DS-7,PASS,"badges seen: ['✅', '🔎', '⚠']",,2026-07-08T00:03:30
비트플래닛,00351579,049470,KOSDAQ,연간x별도,재무제표,CV-3,PASS,rows=29 cols=29 slider_extended=True,,2026-07-08T00:03:30
비트플래닛,00351579,049470,KOSDAQ,연간x별도,재무제표,DS-2/DS-3,DONE,"cross-check completed for ['매출액', '영업이익']",,2026-07-08T00:03:30
비트플래닛,00351579,049470,KOSDAQ,연간x별도,지표,CV-6,PASS,default metric selection visible,,2026-07-08T00:03:30
비트플래닛,00351579,049470,KOSDAQ,분기x연결,재무제표,DS-1,PASS,,,2026-07-08T00:03:37
비트플래닛,00351579,049470,KOSDAQ,분기x연결,상단,DS-8,PASS,,,2026-07-08T00:03:37
비트플래닛,00351579,049470,KOSDAQ,분기x연결,상단,DS-7,PASS,"badges seen: ['✅', '🔎', '⚠']",,2026-07-08T00:03:37
비트플래닛,00351579,049470,KOSDAQ,분기x연결,재무제표,CV-3,PASS,rows=29 cols=43 slider_extended=True,,2026-07-08T00:03:37
비트플래닛,00351579,049470,KOSDAQ,분기x연결,재무제표,DS-2/DS-3,DONE,"cross-check completed for ['매출액', '영업이익']",,2026-07-08T00:03:37
비트플래닛,00351579,049470,KOSDAQ,분기x연결,지표,CV-6,PASS,default metric selection visible,,2026-07-08T00:03:37
비트플래닛,00351579,049470,KOSDAQ,분기x별도,재무제표,DS-1,PASS,,,2026-07-08T00:03:44
비트플래닛,00351579,049470,KOSDAQ,분기x별도,상단,DS-8,PASS,,,2026-07-08T00:03:44
비트플래닛,00351579,049470,KOSDAQ,분기x별도,상단,DS-7,PASS,"badges seen: ['✅', '🔎', '⚠']",,2026-07-08T00:03:44
비트플래닛,00351579,049470,KOSDAQ,분기x별도,재무제표,CV-3,PASS,rows=29 cols=86 slider_extended=True,,2026-07-08T00:03:44
비트플래닛,00351579,049470,KOSDAQ,분기x별도,재무제표,DS-2/DS-3,DONE,"cross-check completed for ['매출액', '영업이익']",,2026-07-08T00:03:44
비트플래닛,00351579,049470,KOSDAQ,분기x별도,지표,CV-6,PASS,default metric selection visible,,2026-07-08T00:03:44
비피도,01109070,238200,KOSDAQ,연간x연결,재무제표,DS-1,PASS,,,2026-07-08T00:03:58
비피도,01109070,238200,KOSDAQ,연간x연결,상단,DS-8,PASS,,,2026-07-08T00:03:58
비피도,01109070,238200,KOSDAQ,연간x연결,상단,DS-7,PASS,"badges seen: ['✅', '🔎']",,2026-07-08T00:03:58
비피도,01109070,238200,KOSDAQ,연간x연결,재무제표,CV-3,PASS,rows=29 cols=11 slider_extended=True,,2026-07-08T00:03:58
비피도,01109070,238200,KOSDAQ,연간x연결,재무제표,DS-2/DS-3,DONE,"cross-check completed for ['매출액', '영업이익']",,2026-07-08T00:03:58
비피도,01109070,238200,KOSDAQ,연간x연결,지표,CV-6,PASS,default metric selection visible,,2026-07-08T00:03:58
비피도,01109070,238200,KOSDAQ,연간x별도,재무제표,DS-1,PASS,,,2026-07-08T00:04:03
비피도,01109070,238200,KOSDAQ,연간x별도,상단,DS-8,PASS,,,2026-07-08T00:04:03
비피도,01109070,238200,KOSDAQ,연간x별도,상단,DS-7,PASS,"badges seen: ['✅', '🔎']",,2026-07-08T00:04:03
비피도,01109070,238200,KOSDAQ,연간x별도,재무제표,CV-3,PASS,rows=29 cols=12 slider_extended=True,,2026-07-08T00:04:03
비피도,01109070,238200,KOSDAQ,연간x별도,재무제표,DS-2/DS-3,DONE,"cross-check completed for ['매출액', '영업이익']",,2026-07-08T00:04:03
비피도,01109070,238200,KOSDAQ,연간x별도,지표,CV-6,PASS,default metric selection visible,,2026-07-08T00:04:03
비피도,01109070,238200,KOSDAQ,분기x연결,재무제표,DS-1,PASS,,,2026-07-08T00:04:09
비피도,01109070,238200,KOSDAQ,분기x연결,상단,DS-8,PASS,,,2026-07-08T00:04:09
비피도,01109070,238200,KOSDAQ,분기x연결,상단,DS-7,PASS,"badges seen: ['✅', '🔎']",,2026-07-08T00:04:09
비피도,01109070,238200,KOSDAQ,분기x연결,재무제표,CV-3,PASS,rows=29 cols=33 slider_extended=True,,2026-07-08T00:04:09
비피도,01109070,238200,KOSDAQ,분기x연결,재무제표,DS-2/DS-3,DONE,"cross-check completed for ['매출액', '영업이익']",,2026-07-08T00:04:09
비피도,01109070,238200,KOSDAQ,분기x연결,지표,CV-6,PASS,default metric selection visible,,2026-07-08T00:04:09
비피도,01109070,238200,KOSDAQ,분기x별도,재무제표,DS-1,PASS,,,2026-07-08T00:04:17
비피도,01109070,238200,KOSDAQ,분기x별도,상단,DS-8,PASS,,,2026-07-08T00:04:17
비피도,01109070,238200,KOSDAQ,분기x별도,상단,DS-7,PASS,"badges seen: ['✅', '🔎']",,2026-07-08T00:04:17
비피도,01109070,238200,KOSDAQ,분기x별도,재무제표,CV-3,PASS,rows=29 cols=36 slider_extended=True,,2026-07-08T00:04:17
비피도,01109070,238200,KOSDAQ,분기x별도,재무제표,DS-2/DS-3,DONE,"cross-check completed for ['매출액', '영업이익']",,2026-07-08T00:04:17
비피도,01109070,238200,KOSDAQ,분기x별도,지표,CV-6,PASS,default metric selection visible,,2026-07-08T00:04:17
빅솔론,00478900,093190,KOSDAQ,연간x연결,재무제표,DS-1,PASS,,,2026-07-08T00:04:28
빅솔론,00478900,093190,KOSDAQ,연간x연결,상단,DS-8,PASS,,,2026-07-08T00:04:28
빅솔론,00478900,093190,KOSDAQ,연간x연결,상단,DS-7,PASS,"badges seen: ['✅', '🔎', '⚠']",,2026-07-08T00:04:28
빅솔론,00478900,093190,KOSDAQ,연간x연결,재무제표,CV-3,PASS,rows=29 cols=19 slider_extended=True,,2026-07-08T00:04:28
빅솔론,00478900,093190,KOSDAQ,연간x연결,재무제표,DS-2/DS-3,DONE,"cross-check completed for ['매출액', '영업이익']",,2026-07-08T00:04:28
빅솔론,00478900,093190,KOSDAQ,연간x연결,지표,CV-6,PASS,default metric selection visible,,2026-07-08T00:04:28
빅솔론,00478900,093190,KOSDAQ,연간x별도,재무제표,DS-1,PASS,,,2026-07-08T00:04:33
빅솔론,00478900,093190,KOSDAQ,연간x별도,상단,DS-8,PASS,,,2026-07-08T00:04:33
빅솔론,00478900,093190,KOSDAQ,연간x별도,상단,DS-7,PASS,"badges seen: ['✅', '🔎', '⚠']",,2026-07-08T00:04:33
빅솔론,00478900,093190,KOSDAQ,연간x별도,재무제표,CV-3,PASS,rows=29 cols=22 slider_extended=True,,2026-07-08T00:04:33
빅솔론,00478900,093190,KOSDAQ,연간x별도,재무제표,DS-2/DS-3,DONE,"cross-check completed for ['매출액', '영업이익']",,2026-07-08T00:04:33
빅솔론,00478900,093190,KOSDAQ,연간x별도,지표,CV-6,PASS,default metric selection visible,,2026-07-08T00:04:33
빅솔론,00478900,093190,KOSDAQ,분기x연결,재무제표,DS-1,PASS,,,2026-07-08T00:04:39
빅솔론,00478900,093190,KOSDAQ,분기x연결,상단,DS-8,PASS,,,2026-07-08T00:04:39
빅솔론,00478900,093190,KOSDAQ,분기x연결,상단,DS-7,PASS,"badges seen: ['✅', '🔎']",,2026-07-08T00:04:39
빅솔론,00478900,093190,KOSDAQ,분기x연결,재무제표,CV-3,PASS,rows=29 cols=60 slider_extended=True,,2026-07-08T00:04:39
빅솔론,00478900,093190,KOSDAQ,분기x연결,재무제표,DS-2/DS-3,DONE,"cross-check completed for ['매출액', '영업이익']",,2026-07-08T00:04:39
빅솔론,00478900,093190,KOSDAQ,분기x연결,지표,CV-6,PASS,default metric selection visible,,2026-07-08T00:04:39
빅솔론,00478900,093190,KOSDAQ,분기x별도,재무제표,DS-1,PASS,,,2026-07-08T00:04:46
빅솔론,00478900,093190,KOSDAQ,분기x별도,상단,DS-8,PASS,,,2026-07-08T00:04:46
빅솔론,00478900,093190,KOSDAQ,분기x별도,상단,DS-7,PASS,"badges seen: ['✅', '🔎']",,2026-07-08T00:04:46
빅솔론,00478900,093190,KOSDAQ,분기x별도,재무제표,CV-3,PASS,rows=29 cols=70 slider_extended=True,,2026-07-08T00:04:46
빅솔론,00478900,093190,KOSDAQ,분기x별도,재무제표,DS-2/DS-3,DONE,"cross-check completed for ['매출액', '영업이익']",,2026-07-08T00:04:46
빅솔론,00478900,093190,KOSDAQ,분기x별도,지표,CV-6,PASS,default metric selection visible,,2026-07-08T00:04:46
빅텍,00385363,065450,KOSDAQ,연간x연결,재무제표,DS-1,PASS,,,2026-07-08T00:05:00
빅텍,00385363,065450,KOSDAQ,연간x연결,상단,DS-8,PASS,,,2026-07-08T00:05:00
빅텍,00385363,065450,KOSDAQ,연간x연결,상단,DS-7,PASS,"badges seen: ['✅', '🔎']",,2026-07-08T00:05:00
빅텍,00385363,065450,KOSDAQ,연간x연결,재무제표,CV-3,PASS,rows=29 cols=6 slider_extended=True,,2026-07-08T00:05:00
빅텍,00385363,065450,KOSDAQ,연간x연결,재무제표,DS-2/DS-3,DONE,"cross-check completed for ['매출액', '영업이익']",,2026-07-08T00:05:00
빅텍,00385363,065450,KOSDAQ,연간x연결,지표,CV-6,PASS,default metric selection visible,,2026-07-08T00:05:00
빅텍,00385363,065450,KOSDAQ,연간x별도,재무제표,DS-1,PASS,,,2026-07-08T00:05:05
빅텍,00385363,065450,KOSDAQ,연간x별도,상단,DS-8,PASS,,,2026-07-08T00:05:05
빅텍,00385363,065450,KOSDAQ,연간x별도,상단,DS-7,PASS,"badges seen: ['✅', '🔎']",,2026-07-08T00:05:05
빅텍,00385363,065450,KOSDAQ,연간x별도,재무제표,CV-3,PASS,rows=29 cols=24 slider_extended=True,,2026-07-08T00:05:05
빅텍,00385363,065450,KOSDAQ,연간x별도,재무제표,DS-2/DS-3,DONE,"cross-check completed for ['매출액', '영업이익']",,2026-07-08T00:05:05
빅텍,00385363,065450,KOSDAQ,연간x별도,지표,CV-6,PASS,default metric selection visible,,2026-07-08T00:05:05
빅텍,00385363,065450,KOSDAQ,분기x연결,재무제표,DS-1,PASS,,,2026-07-08T00:05:12
빅텍,00385363,065450,KOSDAQ,분기x연결,상단,DS-8,PASS,,,2026-07-08T00:05:12
빅텍,00385363,065450,KOSDAQ,분기x연결,상단,DS-7,PASS,"badges seen: ['✅', '🔎']",,2026-07-08T00:05:12
빅텍,00385363,065450,KOSDAQ,분기x연결,재무제표,CV-3,PASS,rows=29 cols=13 slider_extended=True,,2026-07-08T00:05:12
빅텍,00385363,065450,KOSDAQ,분기x연결,재무제표,DS-2/DS-3,DONE,"cross-check completed for ['매출액', '영업이익']",,2026-07-08T00:05:12
빅텍,00385363,065450,KOSDAQ,분기x연결,지표,CV-6,PASS,default metric selection visible,,2026-07-08T00:05:12
빅텍,00385363,065450,KOSDAQ,분기x별도,재무제표,DS-1,PASS,,,2026-07-08T00:05:19
빅텍,00385363,065450,KOSDAQ,분기x별도,상단,DS-8,PASS,,,2026-07-08T00:05:19
빅텍,00385363,065450,KOSDAQ,분기x별도,상단,DS-7,PASS,"badges seen: ['✅', '🔎']",,2026-07-08T00:05:19
빅텍,00385363,065450,KOSDAQ,분기x별도,재무제표,CV-3,PASS,rows=29 cols=74 slider_extended=True,,2026-07-08T00:05:19
빅텍,00385363,065450,KOSDAQ,분기x별도,재무제표,DS-2/DS-3,DONE,"cross-check completed for ['매출액', '영업이익']",,2026-07-08T00:05:19
빅텍,00385363,065450,KOSDAQ,분기x별도,지표,CV-6,PASS,default metric selection visible,,2026-07-08T00:05:19
빌리언스,00173449,044480,KOSDAQ,연간x연결,재무제표,DS-1,PASS,,,2026-07-08T00:05:30
빌리언스,00173449,044480,KOSDAQ,연간x연결,상단,DS-8,PASS,,,2026-07-08T00:05:30
빌리언스,00173449,044480,KOSDAQ,연간x연결,상단,DS-7,PASS,"badges seen: ['✅', '🔎', '⚠']",,2026-07-08T00:05:30
빌리언스,00173449,044480,KOSDAQ,연간x연결,재무제표,CV-3,PASS,rows=29 cols=19 slider_extended=True,,2026-07-08T00:05:30
빌리언스,00173449,044480,KOSDAQ,연간x연결,재무제표,DS-2/DS-3,DONE,"cross-check completed for ['매출액', '영업이익']",,2026-07-08T00:05:30
빌리언스,00173449,044480,KOSDAQ,연간x연결,지표,CV-6,PASS,default metric selection visible,,2026-07-08T00:05:30
빌리언스,00173449,044480,KOSDAQ,연간x별도,재무제표,DS-1,PASS,,,2026-07-08T00:05:35
빌리언스,00173449,044480,KOSDAQ,연간x별도,상단,DS-8,PASS,,,2026-07-08T00:05:35
빌리언스,00173449,044480,KOSDAQ,연간x별도,상단,DS-7,PASS,"badges seen: ['✅', '🔎', '⚠']",,2026-07-08T00:05:35
빌리언스,00173449,044480,KOSDAQ,연간x별도,재무제표,CV-3,PASS,rows=29 cols=28 slider_extended=True,,2026-07-08T00:05:35
빌리언스,00173449,044480,KOSDAQ,연간x별도,재무제표,DS-2/DS-3,DONE,"cross-check completed for ['매출액', '영업이익']",,2026-07-08T00:05:35
빌리언스,00173449,044480,KOSDAQ,연간x별도,지표,CV-6,PASS,default metric selection visible,,2026-07-08T00:05:35
빌리언스,00173449,044480,KOSDAQ,분기x연결,재무제표,DS-1,PASS,,,2026-07-08T00:05:41
빌리언스,00173449,044480,KOSDAQ,분기x연결,상단,DS-8,PASS,,,2026-07-08T00:05:41
빌리언스,00173449,044480,KOSDAQ,분기x연결,상단,DS-7,PASS,"badges seen: ['✅', '🔎', '⚠']",,2026-07-08T00:05:41
빌리언스,00173449,044480,KOSDAQ,분기x연결,재무제표,CV-3,PASS,rows=29 cols=59 slider_extended=True,,2026-07-08T00:05:41
빌리언스,00173449,044480,KOSDAQ,분기x연결,재무제표,DS-2/DS-3,DONE,"cross-check completed for ['매출액', '영업이익']",,2026-07-08T00:05:41
빌리언스,00173449,044480,KOSDAQ,분기x연결,지표,CV-6,PASS,default metric selection visible,,2026-07-08T00:05:41
빌리언스,00173449,044480,KOSDAQ,분기x별도,재무제표,DS-1,PASS,,,2026-07-08T00:05:49
빌리언스,00173449,044480,KOSDAQ,분기x별도,상단,DS-8,PASS,,,2026-07-08T00:05:49
빌리언스,00173449,044480,KOSDAQ,분기x별도,상단,DS-7,PASS,"badges seen: ['✅', '🔎', '⚠']",,2026-07-08T00:05:49
빌리언스,00173449,044480,KOSDAQ,분기x별도,재무제표,CV-3,PASS,rows=29 cols=74 slider_extended=True,,2026-07-08T00:05:49
빌리언스,00173449,044480,KOSDAQ,분기x별도,재무제표,DS-2/DS-3,DONE,"cross-check completed for ['매출액', '영업이익']",,2026-07-08T00:05:49
빌리언스,00173449,044480,KOSDAQ,분기x별도,지표,CV-6,PASS,default metric selection visible,,2026-07-08T00:05:49
빛과전자,00367482,069540,KOSDAQ,연간x연결,재무제표,DS-1,PASS,,,2026-07-08T00:06:03
빛과전자,00367482,069540,KOSDAQ,연간x연결,상단,DS-8,PASS,,,2026-07-08T00:06:03
빛과전자,00367482,069540,KOSDAQ,연간x연결,상단,DS-7,PASS,"badges seen: ['✅', '🔎']",,2026-07-08T00:06:03
빛과전자,00367482,069540,KOSDAQ,연간x연결,재무제표,CV-3,PASS,rows=29 cols=20 slider_extended=True,,2026-07-08T00:06:03
빛과전자,00367482,069540,KOSDAQ,연간x연결,재무제표,DS-2/DS-3,DONE,"cross-check completed for ['매출액', '영업이익']",,2026-07-08T00:06:03
빛과전자,00367482,069540,KOSDAQ,연간x연결,지표,CV-6,PASS,default metric selection visible,,2026-07-08T00:06:03
빛과전자,00367482,069540,KOSDAQ,연간x별도,재무제표,DS-1,PASS,,,2026-07-08T00:06:08
빛과전자,00367482,069540,KOSDAQ,연간x별도,상단,DS-8,PASS,,,2026-07-08T00:06:08
빛과전자,00367482,069540,KOSDAQ,연간x별도,상단,DS-7,PASS,"badges seen: ['✅', '🔎']",,2026-07-08T00:06:08
빛과전자,00367482,069540,KOSDAQ,연간x별도,재무제표,CV-3,PASS,rows=29 cols=26 slider_extended=True,,2026-07-08T00:06:08
빛과전자,00367482,069540,KOSDAQ,연간x별도,재무제표,DS-2/DS-3,DONE,"cross-check completed for ['매출액', '영업이익']",,2026-07-08T00:06:08
빛과전자,00367482,069540,KOSDAQ,연간x별도,지표,CV-6,PASS,default metric selection visible,,2026-07-08T00:06:08
빛과전자,00367482,069540,KOSDAQ,분기x연결,재무제표,DS-1,PASS,,,2026-07-08T00:06:14
빛과전자,00367482,069540,KOSDAQ,분기x연결,상단,DS-8,PASS,,,2026-07-08T00:06:14
빛과전자,00367482,069540,KOSDAQ,분기x연결,상단,DS-7,PASS,"badges seen: ['✅', '🔎']",,2026-07-08T00:06:14
빛과전자,00367482,069540,KOSDAQ,분기x연결,재무제표,CV-3,PASS,rows=29 cols=67 slider_extended=True,,2026-07-08T00:06:14
빛과전자,00367482,069540,KOSDAQ,분기x연결,재무제표,DS-2/DS-3,DONE,"cross-check completed for ['매출액', '영업이익']",,2026-07-08T00:06:14
빛과전자,00367482,069540,KOSDAQ,분기x연결,지표,CV-6,PASS,default metric selection visible,,2026-07-08T00:06:14
빛과전자,00367482,069540,KOSDAQ,분기x별도,재무제표,DS-1,PASS,,,2026-07-08T00:06:21
빛과전자,00367482,069540,KOSDAQ,분기x별도,상단,DS-8,PASS,,,2026-07-08T00:06:21
빛과전자,00367482,069540,KOSDAQ,분기x별도,상단,DS-7,PASS,"badges seen: ['✅', '🔎']",,2026-07-08T00:06:21
빛과전자,00367482,069540,KOSDAQ,분기x별도,재무제표,CV-3,PASS,rows=29 cols=82 slider_extended=True,,2026-07-08T00:06:21
빛과전자,00367482,069540,KOSDAQ,분기x별도,재무제표,DS-2/DS-3,DONE,"cross-check completed for ['매출액', '영업이익']",,2026-07-08T00:06:21
빛과전자,00367482,069540,KOSDAQ,분기x별도,지표,CV-6,PASS,default metric selection visible,,2026-07-08T00:06:21
빛샘전자,00359261,072950,KOSDAQ,연간x연결,재무제표,DS-1,PASS,,,2026-07-08T00:06:33
빛샘전자,00359261,072950,KOSDAQ,연간x연결,상단,DS-8,PASS,,,2026-07-08T00:06:33
빛샘전자,00359261,072950,KOSDAQ,연간x연결,상단,DS-7,PASS,"badges seen: ['✅', '🔎']",,2026-07-08T00:06:33
빛샘전자,00359261,072950,KOSDAQ,연간x연결,재무제표,CV-3,PASS,rows=29 cols=16 slider_extended=True,,2026-07-08T00:06:33
빛샘전자,00359261,072950,KOSDAQ,연간x연결,재무제표,DS-2/DS-3,DONE,"cross-check completed for ['매출액', '영업이익']",,2026-07-08T00:06:33
빛샘전자,00359261,072950,KOSDAQ,연간x연결,지표,CV-6,PASS,default metric selection visible,,2026-07-08T00:06:33
빛샘전자,00359261,072950,KOSDAQ,연간x별도,재무제표,DS-1,PASS,,,2026-07-08T00:06:38
빛샘전자,00359261,072950,KOSDAQ,연간x별도,상단,DS-8,PASS,,,2026-07-08T00:06:38
빛샘전자,00359261,072950,KOSDAQ,연간x별도,상단,DS-7,PASS,"badges seen: ['✅', '🔎']",,2026-07-08T00:06:38
빛샘전자,00359261,072950,KOSDAQ,연간x별도,재무제표,CV-3,PASS,rows=29 cols=18 slider_extended=True,,2026-07-08T00:06:38
빛샘전자,00359261,072950,KOSDAQ,연간x별도,재무제표,DS-2/DS-3,DONE,"cross-check completed for ['매출액', '영업이익']",,2026-07-08T00:06:38
빛샘전자,00359261,072950,KOSDAQ,연간x별도,지표,CV-6,PASS,default metric selection visible,,2026-07-08T00:06:38
빛샘전자,00359261,072950,KOSDAQ,분기x연결,재무제표,DS-1,PASS,,,2026-07-08T00:06:44
빛샘전자,00359261,072950,KOSDAQ,분기x연결,상단,DS-8,PASS,,,2026-07-08T00:06:44
빛샘전자,00359261,072950,KOSDAQ,분기x연결,상단,DS-7,PASS,"badges seen: ['✅', '🔎']",,2026-07-08T00:06:44
빛샘전자,00359261,072950,KOSDAQ,분기x연결,재무제표,CV-3,PASS,rows=29 cols=54 slider_extended=True,,2026-07-08T00:06:44
빛샘전자,00359261,072950,KOSDAQ,분기x연결,재무제표,DS-2/DS-3,DONE,"cross-check completed for ['매출액', '영업이익']",,2026-07-08T00:06:44
빛샘전자,00359261,072950,KOSDAQ,분기x연결,지표,CV-6,PASS,default metric selection visible,,2026-07-08T00:06:44
빛샘전자,00359261,072950,KOSDAQ,분기x별도,재무제표,DS-1,PASS,,,2026-07-08T00:06:51
빛샘전자,00359261,072950,KOSDAQ,분기x별도,상단,DS-8,PASS,,,2026-07-08T00:06:51
빛샘전자,00359261,072950,KOSDAQ,분기x별도,상단,DS-7,PASS,"badges seen: ['✅', '🔎', '⚠']",,2026-07-08T00:06:51
빛샘전자,00359261,072950,KOSDAQ,분기x별도,재무제표,CV-3,PASS,rows=29 cols=63 slider_extended=True,,2026-07-08T00:06:51
빛샘전자,00359261,072950,KOSDAQ,분기x별도,재무제표,DS-2/DS-3,DONE,"cross-check completed for ['매출액', '영업이익']",,2026-07-08T00:06:51
빛샘전자,00359261,072950,KOSDAQ,분기x별도,지표,CV-6,PASS,default metric selection visible,,2026-07-08T00:06:51
삐아,01283974,451250,KOSDAQ,연간x연결,재무제표,DS-1,PASS,,,2026-07-08T00:07:05
삐아,01283974,451250,KOSDAQ,연간x연결,상단,DS-8,PASS,,,2026-07-08T00:07:05
삐아,01283974,451250,KOSDAQ,연간x연결,상단,DS-7,PASS,"badges seen: ['✅', '🔎', '⚠']",,2026-07-08T00:07:05
삐아,01283974,451250,KOSDAQ,연간x연결,재무제표,CV-3,PASS,rows=29 cols=6 slider_extended=True,,2026-07-08T00:07:05
삐아,01283974,451250,KOSDAQ,연간x연결,재무제표,DS-2/DS-3,DONE,"cross-check completed for ['매출액', '영업이익']",,2026-07-08T00:07:05
삐아,01283974,451250,KOSDAQ,연간x연결,지표,CV-6,PASS,default metric selection visible,,2026-07-08T00:07:05
삐아,01283974,451250,KOSDAQ,연간x별도,재무제표,DS-1,PASS,,,2026-07-08T00:07:10
삐아,01283974,451250,KOSDAQ,연간x별도,상단,DS-8,PASS,,,2026-07-08T00:07:10
삐아,01283974,451250,KOSDAQ,연간x별도,상단,DS-7,PASS,"badges seen: ['✅', '🔎', '⚠']",,2026-07-08T00:07:10
삐아,01283974,451250,KOSDAQ,연간x별도,재무제표,CV-3,PASS,rows=29 cols=6 slider_extended=True,,2026-07-08T00:07:10
삐아,01283974,451250,KOSDAQ,연간x별도,재무제표,DS-2/DS-3,DONE,"cross-check completed for ['매출액', '영업이익']",,2026-07-08T00:07:10
삐아,01283974,451250,KOSDAQ,연간x별도,지표,CV-6,PASS,default metric selection visible,,2026-07-08T00:07:10
삐아,01283974,451250,KOSDAQ,분기x연결,재무제표,DS-1,PASS,,,2026-07-08T00:07:16
삐아,01283974,451250,KOSDAQ,분기x연결,상단,DS-8,PASS,,,2026-07-08T00:07:16
삐아,01283974,451250,KOSDAQ,분기x연결,상단,DS-7,PASS,"badges seen: ['✅', '🔎']",,2026-07-08T00:07:16
삐아,01283974,451250,KOSDAQ,분기x연결,재무제표,CV-3,PASS,rows=29 cols=16 slider_extended=True,,2026-07-08T00:07:16
삐아,01283974,451250,KOSDAQ,분기x연결,재무제표,DS-2/DS-3,DONE,"cross-check completed for ['매출액', '영업이익']",,2026-07-08T00:07:16
삐아,01283974,451250,KOSDAQ,분기x연결,지표,CV-6,PASS,default metric selection visible,,2026-07-08T00:07:16
삐아,01283974,451250,KOSDAQ,분기x별도,재무제표,DS-1,PASS,,,2026-07-08T00:07:24
삐아,01283974,451250,KOSDAQ,분기x별도,상단,DS-8,PASS,,,2026-07-08T00:07:24
삐아,01283974,451250,KOSDAQ,분기x별도,상단,DS-7,PASS,"badges seen: ['✅', '🔎']",,2026-07-08T00:07:24
삐아,01283974,451250,KOSDAQ,분기x별도,재무제표,CV-3,PASS,rows=29 cols=16 slider_extended=True,,2026-07-08T00:07:24
삐아,01283974,451250,KOSDAQ,분기x별도,재무제표,DS-2/DS-3,DONE,"cross-check completed for ['매출액', '영업이익']",,2026-07-08T00:07:24
삐아,01283974,451250,KOSDAQ,분기x별도,지표,CV-6,PASS,default metric selection visible,,2026-07-08T00:07:24
사람인,00857480,143240,KOSDAQ,연간x연결,재무제표,DS-1,PASS,,,2026-07-08T00:07:37
사람인,00857480,143240,KOSDAQ,연간x연결,상단,DS-8,PASS,,,2026-07-08T00:07:37
사람인,00857480,143240,KOSDAQ,연간x연결,상단,DS-7,PASS,"badges seen: ['✅', '🔎', '⚠']",,2026-07-08T00:07:37
사람인,00857480,143240,KOSDAQ,연간x연결,재무제표,CV-3,PASS,rows=29 cols=16 slider_extended=True,,2026-07-08T00:07:37
사람인,00857480,143240,KOSDAQ,연간x연결,재무제표,DS-2/DS-3,DONE,"cross-check completed for ['매출액', '영업이익']",,2026-07-08T00:07:37
사람인,00857480,143240,KOSDAQ,연간x연결,지표,CV-6,PASS,default metric selection visible,,2026-07-08T00:07:37
사람인,00857480,143240,KOSDAQ,연간x별도,재무제표,DS-1,PASS,,,2026-07-08T00:07:42
사람인,00857480,143240,KOSDAQ,연간x별도,상단,DS-8,PASS,,,2026-07-08T00:07:42
사람인,00857480,143240,KOSDAQ,연간x별도,상단,DS-7,PASS,"badges seen: ['✅', '🔎', '⚠']",,2026-07-08T00:07:42
사람인,00857480,143240,KOSDAQ,연간x별도,재무제표,CV-3,PASS,rows=29 cols=19 slider_extended=True,,2026-07-08T00:07:42
사람인,00857480,143240,KOSDAQ,연간x별도,재무제표,DS-2/DS-3,DONE,"cross-check completed for ['매출액', '영업이익']",,2026-07-08T00:07:42
사람인,00857480,143240,KOSDAQ,연간x별도,지표,CV-6,PASS,default metric selection visible,,2026-07-08T00:07:42
사람인,00857480,143240,KOSDAQ,분기x연결,재무제표,DS-1,PASS,,,2026-07-08T00:07:48
사람인,00857480,143240,KOSDAQ,분기x연결,상단,DS-8,PASS,,,2026-07-08T00:07:48
사람인,00857480,143240,KOSDAQ,분기x연결,상단,DS-7,PASS,"badges seen: ['✅', '🔎']",,2026-07-08T00:07:48
사람인,00857480,143240,KOSDAQ,분기x연결,재무제표,CV-3,PASS,rows=29 cols=52 slider_extended=True,,2026-07-08T00:07:48
사람인,00857480,143240,KOSDAQ,분기x연결,재무제표,DS-2/DS-3,DONE,"cross-check completed for ['매출액', '영업이익']",,2026-07-08T00:07:48
사람인,00857480,143240,KOSDAQ,분기x연결,지표,CV-6,PASS,default metric selection visible,,2026-07-08T00:07:48
사람인,00857480,143240,KOSDAQ,분기x별도,재무제표,DS-1,PASS,,,2026-07-08T00:07:56
사람인,00857480,143240,KOSDAQ,분기x별도,상단,DS-8,PASS,,,2026-07-08T00:07:56
사람인,00857480,143240,KOSDAQ,분기x별도,상단,DS-7,PASS,"badges seen: ['✅', '🔎']",,2026-07-08T00:07:56
사람인,00857480,143240,KOSDAQ,분기x별도,재무제표,CV-3,PASS,rows=29 cols=63 slider_extended=True,,2026-07-08T00:07:56
사람인,00857480,143240,KOSDAQ,분기x별도,재무제표,DS-2/DS-3,DONE,"cross-check completed for ['매출액', '영업이익']",,2026-07-08T00:07:56
사람인,00857480,143240,KOSDAQ,분기x별도,지표,CV-6,PASS,default metric selection visible,,2026-07-08T00:07:56
사이냅소프트,01207901,466410,KOSDAQ,연간x연결,재무제표,DS-1,PASS,,,2026-07-08T00:08:10
사이냅소프트,01207901,466410,KOSDAQ,연간x연결,상단,DS-8,PASS,,,2026-07-08T00:08:10
사이냅소프트,01207901,466410,KOSDAQ,연간x연결,상단,DS-4,PASS,substitution caption present,,2026-07-08T00:08:10
사이냅소프트,01207901,466410,KOSDAQ,연간x연결,상단,DS-7,PASS,"badges seen: ['✅', '🔎']",,2026-07-08T00:08:10
사이냅소프트,01207901,466410,KOSDAQ,연간x연결,재무제표,CV-3,PASS,rows=29 cols=6 slider_extended=True,,2026-07-08T00:08:10
사이냅소프트,01207901,466410,KOSDAQ,연간x연결,재무제표,DS-2/DS-3,DONE,"cross-check completed for ['매출액', '영업이익']",,2026-07-08T00:08:10
사이냅소프트,01207901,466410,KOSDAQ,연간x연결,지표,CV-6,PASS,default metric selection visible,,2026-07-08T00:08:10
사이냅소프트,01207901,466410,KOSDAQ,연간x별도,재무제표,DS-1,PASS,,,2026-07-08T00:08:15
사이냅소프트,01207901,466410,KOSDAQ,연간x별도,상단,DS-8,PASS,,,2026-07-08T00:08:15
사이냅소프트,01207901,466410,KOSDAQ,연간x별도,상단,DS-7,PASS,"badges seen: ['✅', '🔎']",,2026-07-08T00:08:15
사이냅소프트,01207901,466410,KOSDAQ,연간x별도,재무제표,CV-3,PASS,rows=29 cols=6 slider_extended=True,,2026-07-08T00:08:15
사이냅소프트,01207901,466410,KOSDAQ,연간x별도,재무제표,DS-2/DS-3,DONE,"cross-check completed for ['매출액', '영업이익']",,2026-07-08T00:08:15
사이냅소프트,01207901,466410,KOSDAQ,연간x별도,지표,CV-6,PASS,default metric selection visible,,2026-07-08T00:08:15
사이냅소프트,01207901,466410,KOSDAQ,분기x연결,재무제표,DS-1,PASS,,,2026-07-08T00:08:21
사이냅소프트,01207901,466410,KOSDAQ,분기x연결,상단,DS-8,PASS,,,2026-07-08T00:08:21
사이냅소프트,01207901,466410,KOSDAQ,분기x연결,상단,DS-4,PASS,substitution caption present,,2026-07-08T00:08:21
사이냅소프트,01207901,466410,KOSDAQ,분기x연결,상단,DS-7,PASS,"badges seen: ['✅', '🔎']",,2026-07-08T00:08:21
사이냅소프트,01207901,466410,KOSDAQ,분기x연결,재무제표,CV-3,PASS,rows=29 cols=11 slider_extended=True,,2026-07-08T00:08:21
사이냅소프트,01207901,466410,KOSDAQ,분기x연결,재무제표,DS-2/DS-3,DONE,"cross-check completed for ['매출액', '영업이익']",,2026-07-08T00:08:21
사이냅소프트,01207901,466410,KOSDAQ,분기x연결,지표,CV-6,PASS,default metric selection visible,,2026-07-08T00:08:21
사이냅소프트,01207901,466410,KOSDAQ,분기x별도,재무제표,DS-1,PASS,,,2026-07-08T00:08:28
사이냅소프트,01207901,466410,KOSDAQ,분기x별도,상단,DS-8,PASS,,,2026-07-08T00:08:28
사이냅소프트,01207901,466410,KOSDAQ,분기x별도,상단,DS-7,PASS,"badges seen: ['✅', '🔎']",,2026-07-08T00:08:28
사이냅소프트,01207901,466410,KOSDAQ,분기x별도,재무제표,CV-3,PASS,rows=29 cols=11 slider_extended=True,,2026-07-08T00:08:28
사이냅소프트,01207901,466410,KOSDAQ,분기x별도,재무제표,DS-2/DS-3,DONE,"cross-check completed for ['매출액', '영업이익']",,2026-07-08T00:08:28
사이냅소프트,01207901,466410,KOSDAQ,분기x별도,지표,CV-6,PASS,default metric selection visible,,2026-07-08T00:08:28
사토시홀딩스,01075126,223310,KOSDAQ,연간x연결,재무제표,DS-1,PASS,,,2026-07-08T00:08:39
사토시홀딩스,01075126,223310,KOSDAQ,연간x연결,상단,DS-8,PASS,,,2026-07-08T00:08:39
사토시홀딩스,01075126,223310,KOSDAQ,연간x연결,상단,DS-7,PASS,"badges seen: ['✅', '🔎', '⚠']",,2026-07-08T00:08:39
사토시홀딩스,01075126,223310,KOSDAQ,연간x연결,재무제표,CV-3,PASS,rows=29 cols=15 slider_extended=True,,2026-07-08T00:08:39
사토시홀딩스,01075126,223310,KOSDAQ,연간x연결,재무제표,DS-2/DS-3,DONE,"cross-check completed for ['매출액', '영업이익']",,2026-07-08T00:08:39
사토시홀딩스,01075126,223310,KOSDAQ,연간x연결,지표,CV-6,PASS,default metric selection visible,,2026-07-08T00:08:39
사토시홀딩스,01075126,223310,KOSDAQ,연간x별도,재무제표,DS-1,PASS,,,2026-07-08T00:08:44
사토시홀딩스,01075126,223310,KOSDAQ,연간x별도,상단,DS-8,PASS,,,2026-07-08T00:08:44
사토시홀딩스,01075126,223310,KOSDAQ,연간x별도,상단,DS-7,PASS,"badges seen: ['✅', '🔎', '⚠']",,2026-07-08T00:08:44
사토시홀딩스,01075126,223310,KOSDAQ,연간x별도,재무제표,CV-3,PASS,rows=29 cols=15 slider_extended=True,,2026-07-08T00:08:44
사토시홀딩스,01075126,223310,KOSDAQ,연간x별도,재무제표,DS-2/DS-3,DONE,"cross-check completed for ['매출액', '영업이익']",,2026-07-08T00:08:44
사토시홀딩스,01075126,223310,KOSDAQ,연간x별도,지표,CV-6,PASS,default metric selection visible,,2026-07-08T00:08:44
사토시홀딩스,01075126,223310,KOSDAQ,분기x연결,재무제표,DS-1,PASS,,,2026-07-08T00:08:50
사토시홀딩스,01075126,223310,KOSDAQ,분기x연결,상단,DS-8,PASS,,,2026-07-08T00:08:50
사토시홀딩스,01075126,223310,KOSDAQ,분기x연결,상단,DS-7,PASS,"badges seen: ['✅', '🔎', '⚠']",,2026-07-08T00:08:50
사토시홀딩스,01075126,223310,KOSDAQ,분기x연결,재무제표,CV-3,PASS,rows=29 cols=38 slider_extended=True,,2026-07-08T00:08:50
사토시홀딩스,01075126,223310,KOSDAQ,분기x연결,재무제표,DS-2/DS-3,DONE,"cross-check completed for ['매출액', '영업이익']",,2026-07-08T00:08:50
사토시홀딩스,01075126,223310,KOSDAQ,분기x연결,지표,CV-6,PASS,default metric selection visible,,2026-07-08T00:08:50
사토시홀딩스,01075126,223310,KOSDAQ,분기x별도,재무제표,DS-1,PASS,,,2026-07-08T00:08:58
사토시홀딩스,01075126,223310,KOSDAQ,분기x별도,상단,DS-8,PASS,,,2026-07-08T00:08:58
사토시홀딩스,01075126,223310,KOSDAQ,분기x별도,상단,DS-7,PASS,"badges seen: ['✅', '🔎', '⚠']",,2026-07-08T00:08:58
사토시홀딩스,01075126,223310,KOSDAQ,분기x별도,재무제표,CV-3,PASS,rows=29 cols=51 slider_extended=True,,2026-07-08T00:08:58
사토시홀딩스,01075126,223310,KOSDAQ,분기x별도,재무제표,DS-2/DS-3,DONE,"cross-check completed for ['매출액', '영업이익']",,2026-07-08T00:08:58
사토시홀딩스,01075126,223310,KOSDAQ,분기x별도,지표,CV-6,PASS,default metric selection visible,,2026-07-08T00:08:58
사피엔반도체,01676642,452430,KOSDAQ,연간x연결,재무제표,DS-1,PASS,,,2026-07-08T00:09:12
사피엔반도체,01676642,452430,KOSDAQ,연간x연결,상단,DS-8,PASS,,,2026-07-08T00:09:12
사피엔반도체,01676642,452430,KOSDAQ,연간x연결,상단,DS-4,PASS,substitution caption present,,2026-07-08T00:09:12
사피엔반도체,01676642,452430,KOSDAQ,연간x연결,상단,DS-7,PASS,"badges seen: ['✅', '🔎', '⚠']",,2026-07-08T00:09:12
사피엔반도체,01676642,452430,KOSDAQ,연간x연결,재무제표,CV-3,PASS,rows=29 cols=7 slider_extended=True,,2026-07-08T00:09:12
사피엔반도체,01676642,452430,KOSDAQ,연간x연결,재무제표,DS-2/DS-3,DONE,"cross-check completed for ['매출액', '영업이익']",,2026-07-08T00:09:12
사피엔반도체,01676642,452430,KOSDAQ,연간x연결,지표,CV-6,PASS,default metric selection visible,,2026-07-08T00:09:12
사피엔반도체,01676642,452430,KOSDAQ,연간x별도,재무제표,DS-1,PASS,,,2026-07-08T00:09:17
사피엔반도체,01676642,452430,KOSDAQ,연간x별도,상단,DS-8,PASS,,,2026-07-08T00:09:17
사피엔반도체,01676642,452430,KOSDAQ,연간x별도,상단,DS-7,PASS,"badges seen: ['✅', '🔎', '⚠']",,2026-07-08T00:09:17
사피엔반도체,01676642,452430,KOSDAQ,연간x별도,재무제표,CV-3,PASS,rows=29 cols=7 slider_extended=True,,2026-07-08T00:09:17
사피엔반도체,01676642,452430,KOSDAQ,연간x별도,재무제표,DS-2/DS-3,DONE,"cross-check completed for ['매출액', '영업이익']",,2026-07-08T00:09:17
사피엔반도체,01676642,452430,KOSDAQ,연간x별도,지표,CV-6,PASS,default metric selection visible,,2026-07-08T00:09:17
사피엔반도체,01676642,452430,KOSDAQ,분기x연결,재무제표,DS-1,PASS,,,2026-07-08T00:09:23
사피엔반도체,01676642,452430,KOSDAQ,분기x연결,상단,DS-8,PASS,,,2026-07-08T00:09:23
사피엔반도체,01676642,452430,KOSDAQ,분기x연결,상단,DS-4,PASS,substitution caption present,,2026-07-08T00:09:23
사피엔반도체,01676642,452430,KOSDAQ,분기x연결,상단,DS-7,PASS,"badges seen: ['✅', '🔎', '⚠']",,2026-07-08T00:09:23
사피엔반도체,01676642,452430,KOSDAQ,분기x연결,재무제표,CV-3,PASS,rows=29 cols=16 slider_extended=True,,2026-07-08T00:09:23
사피엔반도체,01676642,452430,KOSDAQ,분기x연결,재무제표,DS-2/DS-3,DONE,"cross-check completed for ['매출액', '영업이익']",,2026-07-08T00:09:23
사피엔반도체,01676642,452430,KOSDAQ,분기x연결,지표,CV-6,PASS,default metric selection visible,,2026-07-08T00:09:23
사피엔반도체,01676642,452430,KOSDAQ,분기x별도,재무제표,DS-1,PASS,,,2026-07-08T00:09:30
사피엔반도체,01676642,452430,KOSDAQ,분기x별도,상단,DS-8,PASS,,,2026-07-08T00:09:30
사피엔반도체,01676642,452430,KOSDAQ,분기x별도,상단,DS-7,PASS,"badges seen: ['✅', '🔎', '⚠']",,2026-07-08T00:09:30
사피엔반도체,01676642,452430,KOSDAQ,분기x별도,재무제표,CV-3,PASS,rows=29 cols=16 slider_extended=True,,2026-07-08T00:09:30
사피엔반도체,01676642,452430,KOSDAQ,분기x별도,재무제표,DS-2/DS-3,DONE,"cross-check completed for ['매출액', '영업이익']",,2026-07-08T00:09:30
사피엔반도체,01676642,452430,KOSDAQ,분기x별도,지표,CV-6,PASS,default metric selection visible,,2026-07-08T00:09:30
산돌,01516368,419120,KOSDAQ,연간x연결,재무제표,DS-1,PASS,,,2026-07-08T00:09:41
산돌,01516368,419120,KOSDAQ,연간x연결,상단,DS-8,PASS,,,2026-07-08T00:09:41
산돌,01516368,419120,KOSDAQ,연간x연결,상단,DS-7,PASS,"badges seen: ['✅', '🔎', '⚠']",,2026-07-08T00:09:41
산돌,01516368,419120,KOSDAQ,연간x연결,재무제표,CV-3,PASS,rows=29 cols=8 slider_extended=True,,2026-07-08T00:09:41
산돌,01516368,419120,KOSDAQ,연간x연결,재무제표,DS-2/DS-3,DONE,"cross-check completed for ['매출액', '영업이익']",,2026-07-08T00:09:41
산돌,01516368,419120,KOSDAQ,연간x연결,지표,CV-6,PASS,default metric selection visible,,2026-07-08T00:09:41
산돌,01516368,419120,KOSDAQ,연간x별도,재무제표,DS-1,PASS,,,2026-07-08T00:09:46
산돌,01516368,419120,KOSDAQ,연간x별도,상단,DS-8,PASS,,,2026-07-08T00:09:46
산돌,01516368,419120,KOSDAQ,연간x별도,상단,DS-7,PASS,"badges seen: ['✅', '🔎', '⚠']",,2026-07-08T00:09:46
산돌,01516368,419120,KOSDAQ,연간x별도,재무제표,CV-3,PASS,rows=29 cols=8 slider_extended=True,,2026-07-08T00:09:46
산돌,01516368,419120,KOSDAQ,연간x별도,재무제표,DS-2/DS-3,DONE,"cross-check completed for ['매출액', '영업이익']",,2026-07-08T00:09:46
산돌,01516368,419120,KOSDAQ,연간x별도,지표,CV-6,PASS,default metric selection visible,,2026-07-08T00:09:46
산돌,01516368,419120,KOSDAQ,분기x연결,재무제표,DS-1,PASS,,,2026-07-08T00:09:52
산돌,01516368,419120,KOSDAQ,분기x연결,상단,DS-8,PASS,,,2026-07-08T00:09:52
산돌,01516368,419120,KOSDAQ,분기x연결,상단,DS-7,PASS,"badges seen: ['✅', '🔎', '⚠']",,2026-07-08T00:09:52
산돌,01516368,419120,KOSDAQ,분기x연결,재무제표,CV-3,PASS,rows=29 cols=20 slider_extended=True,,2026-07-08T00:09:52
산돌,01516368,419120,KOSDAQ,분기x연결,재무제표,DS-2/DS-3,DONE,"cross-check completed for ['매출액', '영업이익']",,2026-07-08T00:09:52
산돌,01516368,419120,KOSDAQ,분기x연결,지표,CV-6,PASS,default metric selection visible,,2026-07-08T00:09:52
산돌,01516368,419120,KOSDAQ,분기x별도,재무제표,DS-1,PASS,,,2026-07-08T00:10:00
산돌,01516368,419120,KOSDAQ,분기x별도,상단,DS-8,PASS,,,2026-07-08T00:10:00
산돌,01516368,419120,KOSDAQ,분기x별도,상단,DS-7,PASS,"badges seen: ['✅', '🔎']",,2026-07-08T00:10:00
산돌,01516368,419120,KOSDAQ,분기x별도,재무제표,CV-3,PASS,rows=29 cols=20 slider_extended=True,,2026-07-08T00:10:00
산돌,01516368,419120,KOSDAQ,분기x별도,재무제표,DS-2/DS-3,DONE,"cross-check completed for ['매출액', '영업이익']",,2026-07-08T00:10:00
산돌,01516368,419120,KOSDAQ,분기x별도,지표,CV-6,PASS,default metric selection visible,,2026-07-08T00:10:00
삼기,00799177,122350,KOSDAQ,연간x연결,재무제표,DS-1,PASS,,,2026-07-08T00:10:13
삼기,00799177,122350,KOSDAQ,연간x연결,상단,DS-8,PASS,,,2026-07-08T00:10:13
삼기,00799177,122350,KOSDAQ,연간x연결,상단,DS-7,PASS,"badges seen: ['✅', '🔎']",,2026-07-08T00:10:13
삼기,00799177,122350,KOSDAQ,연간x연결,재무제표,CV-3,PASS,rows=29 cols=18 slider_extended=True,,2026-07-08T00:10:13
삼기,00799177,122350,KOSDAQ,연간x연결,재무제표,DS-2/DS-3,DONE,"cross-check completed for ['매출액', '영업이익']",,2026-07-08T00:10:13
삼기,00799177,122350,KOSDAQ,연간x연결,지표,CV-6,PASS,default metric selection visible,,2026-07-08T00:10:13
삼기,00799177,122350,KOSDAQ,연간x별도,재무제표,DS-1,PASS,,,2026-07-08T00:10:19
삼기,00799177,122350,KOSDAQ,연간x별도,상단,DS-8,PASS,,,2026-07-08T00:10:19
삼기,00799177,122350,KOSDAQ,연간x별도,상단,DS-7,PASS,"badges seen: ['✅', '🔎']",,2026-07-08T00:10:19
삼기,00799177,122350,KOSDAQ,연간x별도,재무제표,CV-3,PASS,rows=29 cols=19 slider_extended=True,,2026-07-08T00:10:19
삼기,00799177,122350,KOSDAQ,연간x별도,재무제표,DS-2/DS-3,DONE,"cross-check completed for ['매출액', '영업이익']",,2026-07-08T00:10:19
삼기,00799177,122350,KOSDAQ,연간x별도,지표,CV-6,PASS,default metric selection visible,,2026-07-08T00:10:19
삼기,00799177,122350,KOSDAQ,분기x연결,재무제표,DS-1,PASS,,,2026-07-08T00:10:25
삼기,00799177,122350,KOSDAQ,분기x연결,상단,DS-8,PASS,,,2026-07-08T00:10:25
삼기,00799177,122350,KOSDAQ,분기x연결,상단,DS-7,PASS,"badges seen: ['✅', '🔎']",,2026-07-08T00:10:25
삼기,00799177,122350,KOSDAQ,분기x연결,재무제표,CV-3,PASS,rows=29 cols=60 slider_extended=True,,2026-07-08T00:10:25
삼기,00799177,122350,KOSDAQ,분기x연결,재무제표,DS-2/DS-3,DONE,"cross-check completed for ['매출액', '영업이익']",,2026-07-08T00:10:25
삼기,00799177,122350,KOSDAQ,분기x연결,지표,CV-6,PASS,default metric selection visible,,2026-07-08T00:10:25
삼기,00799177,122350,KOSDAQ,분기x별도,재무제표,DS-1,PASS,,,2026-07-08T00:10:28
삼기,00799177,122350,KOSDAQ,분기x별도,상단,DS-8,PASS,,,2026-07-08T00:10:28
삼기,00799177,122350,KOSDAQ,분기x별도,상단,DS-7,PASS,"badges seen: ['✅', '🔎', '⚠']",,2026-07-08T00:10:28
삼기,00799177,122350,KOSDAQ,분기x별도,재무제표,CV-3,PASS,rows=29 cols=61 slider_extended=True,,2026-07-08T00:10:28
삼기,00799177,122350,KOSDAQ,분기x별도,재무제표,DS-2/DS-3,DONE,"cross-check completed for ['매출액', '영업이익']",,2026-07-08T00:10:28
삼기,00799177,122350,KOSDAQ,분기x별도,지표,CV-6,PASS,default metric selection visible,,2026-07-08T00:10:28
삼기에너지솔루션즈,01526806,419050,KOSDAQ,연간x연결,재무제표,DS-1,PASS,,,2026-07-08T00:10:39
삼기에너지솔루션즈,01526806,419050,KOSDAQ,연간x연결,상단,DS-8,PASS,,,2026-07-08T00:10:39
삼기에너지솔루션즈,01526806,419050,KOSDAQ,연간x연결,상단,DS-7,PASS,"badges seen: ['✅', '🔎']",,2026-07-08T00:10:39
삼기에너지솔루션즈,01526806,419050,KOSDAQ,연간x연결,재무제표,CV-3,PASS,rows=29 cols=7 slider_extended=True,,2026-07-08T00:10:39
삼기에너지솔루션즈,01526806,419050,KOSDAQ,연간x연결,재무제표,DS-2/DS-3,DONE,"cross-check completed for ['매출액', '영업이익']",,2026-07-08T00:10:39
삼기에너지솔루션즈,01526806,419050,KOSDAQ,연간x연결,지표,CV-6,PASS,default metric selection visible,,2026-07-08T00:10:39
삼기에너지솔루션즈,01526806,419050,KOSDAQ,연간x별도,재무제표,DS-1,PASS,,,2026-07-08T00:10:44
삼기에너지솔루션즈,01526806,419050,KOSDAQ,연간x별도,상단,DS-8,PASS,,,2026-07-08T00:10:44
삼기에너지솔루션즈,01526806,419050,KOSDAQ,연간x별도,상단,DS-7,PASS,"badges seen: ['✅', '🔎', '⚠']",,2026-07-08T00:10:44
삼기에너지솔루션즈,01526806,419050,KOSDAQ,연간x별도,재무제표,CV-3,PASS,rows=29 cols=8 slider_extended=True,,2026-07-08T00:10:44
삼기에너지솔루션즈,01526806,419050,KOSDAQ,연간x별도,재무제표,DS-2/DS-3,DONE,"cross-check completed for ['매출액', '영업이익']",,2026-07-08T00:10:44
삼기에너지솔루션즈,01526806,419050,KOSDAQ,연간x별도,지표,CV-6,PASS,default metric selection visible,,2026-07-08T00:10:44
삼기에너지솔루션즈,01526806,419050,KOSDAQ,분기x연결,재무제표,DS-1,PASS,,,2026-07-08T00:10:50
삼기에너지솔루션즈,01526806,419050,KOSDAQ,분기x연결,상단,DS-8,PASS,,,2026-07-08T00:10:50
삼기에너지솔루션즈,01526806,419050,KOSDAQ,분기x연결,상단,DS-7,PASS,"badges seen: ['✅', '🔎']",,2026-07-08T00:10:50
삼기에너지솔루션즈,01526806,419050,KOSDAQ,분기x연결,재무제표,CV-3,PASS,rows=29 cols=19 slider_extended=True,,2026-07-08T00:10:50
삼기에너지솔루션즈,01526806,419050,KOSDAQ,분기x연결,재무제표,DS-2/DS-3,DONE,"cross-check completed for ['매출액', '영업이익']",,2026-07-08T00:10:50
삼기에너지솔루션즈,01526806,419050,KOSDAQ,분기x연결,지표,CV-6,PASS,default metric selection visible,,2026-07-08T00:10:50
삼기에너지솔루션즈,01526806,419050,KOSDAQ,분기x별도,재무제표,DS-1,PASS,,,2026-07-08T00:10:58
삼기에너지솔루션즈,01526806,419050,KOSDAQ,분기x별도,상단,DS-8,PASS,,,2026-07-08T00:10:58
삼기에너지솔루션즈,01526806,419050,KOSDAQ,분기x별도,상단,DS-7,PASS,"badges seen: ['✅', '🔎', '⚠']",,2026-07-08T00:10:58
삼기에너지솔루션즈,01526806,419050,KOSDAQ,분기x별도,재무제표,CV-3,PASS,rows=29 cols=20 slider_extended=True,,2026-07-08T00:10:58
삼기에너지솔루션즈,01526806,419050,KOSDAQ,분기x별도,재무제표,DS-2/DS-3,DONE,"cross-check completed for ['매출액', '영업이익']",,2026-07-08T00:10:58
삼기에너지솔루션즈,01526806,419050,KOSDAQ,분기x별도,지표,CV-6,PASS,default metric selection visible,,2026-07-08T00:10:58
삼륭물산,00125488,014970,KOSDAQ,연간x연결,재무제표,DS-1,PASS,,,2026-07-08T00:11:12
삼륭물산,00125488,014970,KOSDAQ,연간x연결,상단,DS-8,PASS,,,2026-07-08T00:11:12
삼륭물산,00125488,014970,KOSDAQ,연간x연결,상단,DS-7,PASS,"badges seen: ['✅', '🔎', '⚠']",,2026-07-08T00:11:12
삼륭물산,00125488,014970,KOSDAQ,연간x연결,재무제표,CV-3,PASS,rows=29 cols=19 slider_extended=True,,2026-07-08T00:11:12
삼륭물산,00125488,014970,KOSDAQ,연간x연결,재무제표,DS-2/DS-3,DONE,"cross-check completed for ['매출액', '영업이익']",,2026-07-08T00:11:12
삼륭물산,00125488,014970,KOSDAQ,연간x연결,지표,CV-6,PASS,default metric selection visible,,2026-07-08T00:11:12
삼륭물산,00125488,014970,KOSDAQ,연간x별도,재무제표,DS-1,PASS,,,2026-07-08T00:11:17
삼륭물산,00125488,014970,KOSDAQ,연간x별도,상단,DS-8,PASS,,,2026-07-08T00:11:17
삼륭물산,00125488,014970,KOSDAQ,연간x별도,상단,DS-7,PASS,"badges seen: ['✅', '🔎']",,2026-07-08T00:11:17
삼륭물산,00125488,014970,KOSDAQ,연간x별도,재무제표,CV-3,PASS,rows=29 cols=31 slider_extended=True,,2026-07-08T00:11:17
삼륭물산,00125488,014970,KOSDAQ,연간x별도,재무제표,DS-2/DS-3,DONE,"cross-check completed for ['매출액', '영업이익']",,2026-07-08T00:11:17
삼륭물산,00125488,014970,KOSDAQ,연간x별도,지표,CV-6,PASS,default metric selection visible,,2026-07-08T00:11:17
삼륭물산,00125488,014970,KOSDAQ,분기x연결,재무제표,DS-1,PASS,,,2026-07-08T00:11:23
삼륭물산,00125488,014970,KOSDAQ,분기x연결,상단,DS-8,PASS,,,2026-07-08T00:11:23
삼륭물산,00125488,014970,KOSDAQ,분기x연결,상단,DS-7,PASS,"badges seen: ['✅', '🔎']",,2026-07-08T00:11:23
삼륭물산,00125488,014970,KOSDAQ,분기x연결,재무제표,CV-3,PASS,rows=29 cols=60 slider_extended=True,,2026-07-08T00:11:23
삼륭물산,00125488,014970,KOSDAQ,분기x연결,재무제표,DS-2/DS-3,DONE,"cross-check completed for ['매출액', '영업이익']",,2026-07-08T00:11:23
삼륭물산,00125488,014970,KOSDAQ,분기x연결,지표,CV-6,PASS,default metric selection visible,,2026-07-08T00:11:23
삼륭물산,00125488,014970,KOSDAQ,분기x별도,재무제표,DS-1,PASS,,,2026-07-08T00:11:31
삼륭물산,00125488,014970,KOSDAQ,분기x별도,상단,DS-8,PASS,,,2026-07-08T00:11:31
삼륭물산,00125488,014970,KOSDAQ,분기x별도,상단,DS-7,PASS,"badges seen: ['✅', '🔎']",,2026-07-08T00:11:31
삼륭물산,00125488,014970,KOSDAQ,분기x별도,재무제표,CV-3,PASS,rows=29 cols=92 slider_extended=True,,2026-07-08T00:11:31
삼륭물산,00125488,014970,KOSDAQ,분기x별도,재무제표,DS-2/DS-3,DONE,"cross-check completed for ['매출액', '영업이익']",,2026-07-08T00:11:31
삼륭물산,00125488,014970,KOSDAQ,분기x별도,지표,CV-6,PASS,default metric selection visible,,2026-07-08T00:11:31
삼목에스폼,00125646,018310,KOSDAQ,연간x연결,재무제표,DS-1,PASS,,,2026-07-08T00:11:42
삼목에스폼,00125646,018310,KOSDAQ,연간x연결,상단,DS-8,PASS,,,2026-07-08T00:11:42
삼목에스폼,00125646,018310,KOSDAQ,연간x연결,상단,DS-7,PASS,"badges seen: ['✅', '🔎', '⚠']",,2026-07-08T00:11:42
삼목에스폼,00125646,018310,KOSDAQ,연간x연결,재무제표,CV-3,PASS,rows=29 cols=7 slider_extended=True,,2026-07-08T00:11:42
삼목에스폼,00125646,018310,KOSDAQ,연간x연결,재무제표,DS-2/DS-3,DONE,"cross-check completed for ['매출액', '영업이익']",,2026-07-08T00:11:42
삼목에스폼,00125646,018310,KOSDAQ,연간x연결,지표,CV-6,PASS,default metric selection visible,,2026-07-08T00:11:42
삼목에스폼,00125646,018310,KOSDAQ,연간x별도,재무제표,DS-1,PASS,,,2026-07-08T00:11:47
삼목에스폼,00125646,018310,KOSDAQ,연간x별도,상단,DS-8,PASS,,,2026-07-08T00:11:47
삼목에스폼,00125646,018310,KOSDAQ,연간x별도,상단,DS-7,PASS,"badges seen: ['✅', '🔎', '⚠']",,2026-07-08T00:11:47
삼목에스폼,00125646,018310,KOSDAQ,연간x별도,재무제표,CV-3,PASS,rows=29 cols=23 slider_extended=True,,2026-07-08T00:11:47
삼목에스폼,00125646,018310,KOSDAQ,연간x별도,재무제표,DS-2/DS-3,DONE,"cross-check completed for ['매출액', '영업이익']",,2026-07-08T00:11:47
삼목에스폼,00125646,018310,KOSDAQ,연간x별도,지표,CV-6,PASS,default metric selection visible,,2026-07-08T00:11:47
삼목에스폼,00125646,018310,KOSDAQ,분기x연결,재무제표,DS-1,PASS,,,2026-07-08T00:11:53
삼목에스폼,00125646,018310,KOSDAQ,분기x연결,상단,DS-8,PASS,,,2026-07-08T00:11:53
삼목에스폼,00125646,018310,KOSDAQ,분기x연결,상단,DS-7,PASS,"badges seen: ['✅', '🔎']",,2026-07-08T00:11:53
삼목에스폼,00125646,018310,KOSDAQ,분기x연결,재무제표,CV-3,PASS,rows=29 cols=23 slider_extended=True,,2026-07-08T00:11:53
삼목에스폼,00125646,018310,KOSDAQ,분기x연결,재무제표,DS-2/DS-3,DONE,"cross-check completed for ['매출액', '영업이익']",,2026-07-08T00:11:53
삼목에스폼,00125646,018310,KOSDAQ,분기x연결,지표,CV-6,PASS,default metric selection visible,,2026-07-08T00:11:53
삼목에스폼,00125646,018310,KOSDAQ,분기x별도,재무제표,DS-1,PASS,,,2026-07-08T00:12:00
삼목에스폼,00125646,018310,KOSDAQ,분기x별도,상단,DS-8,PASS,,,2026-07-08T00:12:00
삼목에스폼,00125646,018310,KOSDAQ,분기x별도,상단,DS-7,PASS,"badges seen: ['✅', '🔎']",,2026-07-08T00:12:00
삼목에스폼,00125646,018310,KOSDAQ,분기x별도,재무제표,CV-3,PASS,rows=29 cols=74 slider_extended=True,,2026-07-08T00:12:00
삼목에스폼,00125646,018310,KOSDAQ,분기x별도,재무제표,DS-2/DS-3,DONE,"cross-check completed for ['매출액', '영업이익']",,2026-07-08T00:12:00
삼목에스폼,00125646,018310,KOSDAQ,분기x별도,지표,CV-6,PASS,default metric selection visible,,2026-07-08T00:12:00
삼미금속,00125664,012210,KOSDAQ,연간x연결,재무제표,DS-1,PASS,,,2026-07-08T00:12:14
삼미금속,00125664,012210,KOSDAQ,연간x연결,상단,DS-8,PASS,,,2026-07-08T00:12:14
삼미금속,00125664,012210,KOSDAQ,연간x연결,상단,DS-4,PASS,substitution caption present,,2026-07-08T00:12:14
삼미금속,00125664,012210,KOSDAQ,연간x연결,상단,DS-7,PASS,"badges seen: ['✅', '🔎', '⚠']",,2026-07-08T00:12:14
삼미금속,00125664,012210,KOSDAQ,연간x연결,재무제표,CV-3,PASS,rows=29 cols=7 slider_extended=True,,2026-07-08T00:12:14
삼미금속,00125664,012210,KOSDAQ,연간x연결,재무제표,DS-2/DS-3,DONE,"cross-check completed for ['매출액', '영업이익']",,2026-07-08T00:12:14
삼미금속,00125664,012210,KOSDAQ,연간x연결,지표,CV-6,PASS,default metric selection visible,,2026-07-08T00:12:14
삼미금속,00125664,012210,KOSDAQ,연간x별도,재무제표,DS-1,PASS,,,2026-07-08T00:12:20
삼미금속,00125664,012210,KOSDAQ,연간x별도,상단,DS-8,PASS,,,2026-07-08T00:12:20
삼미금속,00125664,012210,KOSDAQ,연간x별도,상단,DS-7,PASS,"badges seen: ['✅', '🔎', '⚠']",,2026-07-08T00:12:20
삼미금속,00125664,012210,KOSDAQ,연간x별도,재무제표,CV-3,PASS,rows=29 cols=7 slider_extended=True,,2026-07-08T00:12:20
삼미금속,00125664,012210,KOSDAQ,연간x별도,재무제표,DS-2/DS-3,DONE,"cross-check completed for ['매출액', '영업이익']",,2026-07-08T00:12:20
삼미금속,00125664,012210,KOSDAQ,연간x별도,지표,CV-6,PASS,default metric selection visible,,2026-07-08T00:12:20
삼미금속,00125664,012210,KOSDAQ,분기x연결,재무제표,DS-1,PASS,,,2026-07-08T00:12:26
삼미금속,00125664,012210,KOSDAQ,분기x연결,상단,DS-8,PASS,,,2026-07-08T00:12:26
삼미금속,00125664,012210,KOSDAQ,분기x연결,상단,DS-4,PASS,substitution caption present,,2026-07-08T00:12:26
삼미금속,00125664,012210,KOSDAQ,분기x연결,상단,DS-7,PASS,"badges seen: ['✅', '🔎', '⚠']",,2026-07-08T00:12:26
삼미금속,00125664,012210,KOSDAQ,분기x연결,재무제표,CV-3,PASS,rows=29 cols=9 slider_extended=True,,2026-07-08T00:12:26
삼미금속,00125664,012210,KOSDAQ,분기x연결,재무제표,DS-2/DS-3,DONE,"cross-check completed for ['매출액', '영업이익']",,2026-07-08T00:12:26
삼미금속,00125664,012210,KOSDAQ,분기x연결,지표,CV-6,PASS,default metric selection visible,,2026-07-08T00:12:26
삼미금속,00125664,012210,KOSDAQ,분기x별도,재무제표,DS-1,PASS,,,2026-07-08T00:12:33
삼미금속,00125664,012210,KOSDAQ,분기x별도,상단,DS-8,PASS,,,2026-07-08T00:12:33
삼미금속,00125664,012210,KOSDAQ,분기x별도,상단,DS-7,PASS,"badges seen: ['✅', '🔎', '⚠']",,2026-07-08T00:12:33
삼미금속,00125664,012210,KOSDAQ,분기x별도,재무제표,CV-3,PASS,rows=29 cols=9 slider_extended=True,,2026-07-08T00:12:33
삼미금속,00125664,012210,KOSDAQ,분기x별도,재무제표,DS-2/DS-3,DONE,"cross-check completed for ['매출액', '영업이익']",,2026-07-08T00:12:33
삼미금속,00125664,012210,KOSDAQ,분기x별도,지표,CV-6,PASS,default metric selection visible,,2026-07-08T00:12:33
삼보모터스,00351092,053700,KOSDAQ,연간x연결,재무제표,DS-1,PASS,,,2026-07-08T00:12:44
삼보모터스,00351092,053700,KOSDAQ,연간x연결,상단,DS-8,PASS,,,2026-07-08T00:12:44
삼보모터스,00351092,053700,KOSDAQ,연간x연결,상단,DS-7,PASS,"badges seen: ['✅', '🔎']",,2026-07-08T00:12:44
삼보모터스,00351092,053700,KOSDAQ,연간x연결,재무제표,CV-3,PASS,rows=29 cols=19 slider_extended=True,,2026-07-08T00:12:44
삼보모터스,00351092,053700,KOSDAQ,연간x연결,재무제표,DS-2/DS-3,DONE,"cross-check completed for ['매출액', '영업이익']",,2026-07-08T00:12:44
삼보모터스,00351092,053700,KOSDAQ,연간x연결,지표,CV-6,PASS,default metric selection visible,,2026-07-08T00:12:44
삼보모터스,00351092,053700,KOSDAQ,연간x별도,재무제표,DS-1,PASS,,,2026-07-08T00:12:49
삼보모터스,00351092,053700,KOSDAQ,연간x별도,상단,DS-8,PASS,,,2026-07-08T00:12:49
삼보모터스,00351092,053700,KOSDAQ,연간x별도,상단,DS-7,PASS,"badges seen: ['✅', '🔎', '⚠']",,2026-07-08T00:12:49
삼보모터스,00351092,053700,KOSDAQ,연간x별도,재무제표,CV-3,PASS,rows=29 cols=27 slider_extended=True,,2026-07-08T00:12:49
삼보모터스,00351092,053700,KOSDAQ,연간x별도,재무제표,DS-2/DS-3,DONE,"cross-check completed for ['매출액', '영업이익']",,2026-07-08T00:12:49
삼보모터스,00351092,053700,KOSDAQ,연간x별도,지표,CV-6,PASS,default metric selection visible,,2026-07-08T00:12:49
삼보모터스,00351092,053700,KOSDAQ,분기x연결,재무제표,DS-1,PASS,,,2026-07-08T00:12:55
삼보모터스,00351092,053700,KOSDAQ,분기x연결,상단,DS-8,PASS,,,2026-07-08T00:12:55
삼보모터스,00351092,053700,KOSDAQ,분기x연결,상단,DS-7,PASS,"badges seen: ['✅', '🔎']",,2026-07-08T00:12:55
삼보모터스,00351092,053700,KOSDAQ,분기x연결,재무제표,CV-3,PASS,rows=29 cols=60 slider_extended=True,,2026-07-08T00:12:55
삼보모터스,00351092,053700,KOSDAQ,분기x연결,재무제표,DS-2/DS-3,DONE,"cross-check completed for ['매출액', '영업이익']",,2026-07-08T00:12:55
삼보모터스,00351092,053700,KOSDAQ,분기x연결,지표,CV-6,PASS,default metric selection visible,,2026-07-08T00:12:55
삼보모터스,00351092,053700,KOSDAQ,분기x별도,재무제표,DS-1,PASS,,,2026-07-08T00:13:03
삼보모터스,00351092,053700,KOSDAQ,분기x별도,상단,DS-8,PASS,,,2026-07-08T00:13:03
삼보모터스,00351092,053700,KOSDAQ,분기x별도,상단,DS-7,PASS,"badges seen: ['✅', '🔎']",,2026-07-08T00:13:03
삼보모터스,00351092,053700,KOSDAQ,분기x별도,재무제표,CV-3,PASS,rows=29 cols=86 slider_extended=True,,2026-07-08T00:13:03
삼보모터스,00351092,053700,KOSDAQ,분기x별도,재무제표,DS-2/DS-3,DONE,"cross-check completed for ['매출액', '영업이익']",,2026-07-08T00:13:03
삼보모터스,00351092,053700,KOSDAQ,분기x별도,지표,CV-6,PASS,default metric selection visible,,2026-07-08T00:13:03
삼보산업,00125822,009620,KOSDAQ,연간x연결,재무제표,DS-1,PASS,,,2026-07-08T00:13:17
삼보산업,00125822,009620,KOSDAQ,연간x연결,상단,DS-8,PASS,,,2026-07-08T00:13:17
삼보산업,00125822,009620,KOSDAQ,연간x연결,상단,DS-7,PASS,"badges seen: ['✅', '🔎', '⚠']",,2026-07-08T00:13:17
삼보산업,00125822,009620,KOSDAQ,연간x연결,재무제표,CV-3,PASS,rows=29 cols=17 slider_extended=True,,2026-07-08T00:13:17
삼보산업,00125822,009620,KOSDAQ,연간x연결,재무제표,DS-2/DS-3,DONE,"cross-check completed for ['매출액', '영업이익']",,2026-07-08T00:13:17
삼보산업,00125822,009620,KOSDAQ,연간x연결,지표,CV-6,PASS,default metric selection visible,,2026-07-08T00:13:17
삼보산업,00125822,009620,KOSDAQ,연간x별도,재무제표,DS-1,PASS,,,2026-07-08T00:13:22
삼보산업,00125822,009620,KOSDAQ,연간x별도,상단,DS-8,PASS,,,2026-07-08T00:13:22
삼보산업,00125822,009620,KOSDAQ,연간x별도,상단,DS-7,PASS,"badges seen: ['✅', '🔎', '⚠']",,2026-07-08T00:13:22
삼보산업,00125822,009620,KOSDAQ,연간x별도,재무제표,CV-3,PASS,rows=29 cols=25 slider_extended=True,,2026-07-08T00:13:22
삼보산업,00125822,009620,KOSDAQ,연간x별도,재무제표,DS-2/DS-3,DONE,"cross-check completed for ['매출액', '영업이익']",,2026-07-08T00:13:22
삼보산업,00125822,009620,KOSDAQ,연간x별도,지표,CV-6,PASS,default metric selection visible,,2026-07-08T00:13:22
삼보산업,00125822,009620,KOSDAQ,분기x연결,재무제표,DS-1,PASS,,,2026-07-08T00:13:28
삼보산업,00125822,009620,KOSDAQ,분기x연결,상단,DS-8,PASS,,,2026-07-08T00:13:28
삼보산업,00125822,009620,KOSDAQ,분기x연결,상단,DS-7,PASS,"badges seen: ['✅', '🔎', '⚠']",,2026-07-08T00:13:28
삼보산업,00125822,009620,KOSDAQ,분기x연결,재무제표,CV-3,PASS,rows=29 cols=60 slider_extended=True,,2026-07-08T00:13:28
삼보산업,00125822,009620,KOSDAQ,분기x연결,재무제표,DS-2/DS-3,DONE,"cross-check completed for ['매출액', '영업이익']",,2026-07-08T00:13:28
삼보산업,00125822,009620,KOSDAQ,분기x연결,지표,CV-6,PASS,default metric selection visible,,2026-07-08T00:13:28
삼보산업,00125822,009620,KOSDAQ,분기x별도,재무제표,DS-1,PASS,,,2026-07-08T00:13:36
삼보산업,00125822,009620,KOSDAQ,분기x별도,상단,DS-8,PASS,,,2026-07-08T00:13:36
삼보산업,00125822,009620,KOSDAQ,분기x별도,상단,DS-7,PASS,"badges seen: ['✅', '🔎', '⚠']",,2026-07-08T00:13:36
삼보산업,00125822,009620,KOSDAQ,분기x별도,재무제표,CV-3,PASS,rows=29 cols=77 slider_extended=True,,2026-07-08T00:13:36
삼보산업,00125822,009620,KOSDAQ,분기x별도,재무제표,DS-2/DS-3,DONE,"cross-check completed for ['매출액', '영업이익']",,2026-07-08T00:13:36
삼보산업,00125822,009620,KOSDAQ,분기x별도,지표,CV-6,PASS,default metric selection visible,,2026-07-08T00:13:36
삼보판지,00125938,023600,KOSDAQ,연간x연결,재무제표,DS-1,PASS,,,2026-07-08T00:13:47
삼보판지,00125938,023600,KOSDAQ,연간x연결,상단,DS-8,PASS,,,2026-07-08T00:13:47
삼보판지,00125938,023600,KOSDAQ,연간x연결,상단,DS-7,PASS,"badges seen: ['✅', '🔎', '⚠']",,2026-07-08T00:13:47
삼보판지,00125938,023600,KOSDAQ,연간x연결,재무제표,CV-3,PASS,rows=29 cols=23 slider_extended=True,,2026-07-08T00:13:47
삼보판지,00125938,023600,KOSDAQ,연간x연결,재무제표,DS-2/DS-3,DONE,"cross-check completed for ['매출액', '영업이익']",,2026-07-08T00:13:47
삼보판지,00125938,023600,KOSDAQ,연간x연결,지표,CV-6,PASS,default metric selection visible,,2026-07-08T00:13:47
삼보판지,00125938,023600,KOSDAQ,연간x별도,재무제표,DS-1,PASS,,,2026-07-08T00:13:52
삼보판지,00125938,023600,KOSDAQ,연간x별도,상단,DS-8,PASS,,,2026-07-08T00:13:52
삼보판지,00125938,023600,KOSDAQ,연간x별도,상단,DS-7,PASS,"badges seen: ['✅', '🔎']",,2026-07-08T00:13:52
삼보판지,00125938,023600,KOSDAQ,연간x별도,재무제표,CV-3,PASS,rows=29 cols=31 slider_extended=True,,2026-07-08T00:13:52
삼보판지,00125938,023600,KOSDAQ,연간x별도,재무제표,DS-2/DS-3,DONE,"cross-check completed for ['매출액', '영업이익']",,2026-07-08T00:13:52
삼보판지,00125938,023600,KOSDAQ,연간x별도,지표,CV-6,PASS,default metric selection visible,,2026-07-08T00:13:52
삼보판지,00125938,023600,KOSDAQ,분기x연결,재무제표,DS-1,PASS,,,2026-07-08T00:13:58
삼보판지,00125938,023600,KOSDAQ,분기x연결,상단,DS-8,PASS,,,2026-07-08T00:13:58
삼보판지,00125938,023600,KOSDAQ,분기x연결,상단,DS-7,PASS,"badges seen: ['✅', '🔎']",,2026-07-08T00:13:58
삼보판지,00125938,023600,KOSDAQ,분기x연결,재무제표,CV-3,PASS,rows=29 cols=69 slider_extended=True,,2026-07-08T00:13:58
삼보판지,00125938,023600,KOSDAQ,분기x연결,재무제표,DS-2/DS-3,DONE,"cross-check completed for ['매출액', '영업이익']",,2026-07-08T00:13:58
삼보판지,00125938,023600,KOSDAQ,분기x연결,지표,CV-6,PASS,default metric selection visible,,2026-07-08T00:13:58
삼보판지,00125938,023600,KOSDAQ,분기x별도,재무제표,DS-1,PASS,,,2026-07-08T00:14:06
삼보판지,00125938,023600,KOSDAQ,분기x별도,상단,DS-8,PASS,,,2026-07-08T00:14:06
삼보판지,00125938,023600,KOSDAQ,분기x별도,상단,DS-7,PASS,"badges seen: ['✅', '🔎']",,2026-07-08T00:14:06
삼보판지,00125938,023600,KOSDAQ,분기x별도,재무제표,CV-3,PASS,rows=29 cols=87 slider_extended=True,,2026-07-08T00:14:06
삼보판지,00125938,023600,KOSDAQ,분기x별도,재무제표,DS-2/DS-3,DONE,"cross-check completed for ['매출액', '영업이익']",,2026-07-08T00:14:06
삼보판지,00125938,023600,KOSDAQ,분기x별도,지표,CV-6,PASS,default metric selection visible,,2026-07-08T00:14:06
