company,corp_code,stock_code,market,combo,tab,check_id,result,detail,elapsed_sec,timestamp
엘앤케이바이오,00918222,156100,KOSDAQ,연간x연결,재무제표,DS-1,PASS,,,2026-07-07T20:33:36
엘앤케이바이오,00918222,156100,KOSDAQ,연간x연결,상단,DS-8,PASS,,,2026-07-07T20:33:36
엘앤케이바이오,00918222,156100,KOSDAQ,연간x연결,상단,DS-7,PASS,"badges seen: ['✅', '🔎']",,2026-07-07T20:33:36
엘앤케이바이오,00918222,156100,KOSDAQ,연간x연결,재무제표,CV-3,PASS,rows=29 cols=15 slider_extended=True,,2026-07-07T20:33:36
엘앤케이바이오,00918222,156100,KOSDAQ,연간x연결,재무제표,DS-2/DS-3,DONE,"cross-check completed for ['매출액', '영업이익']",,2026-07-07T20:33:36
엘앤케이바이오,00918222,156100,KOSDAQ,연간x연결,지표,CV-6,PASS,default metric selection visible,,2026-07-07T20:33:36
엘앤케이바이오,00918222,156100,KOSDAQ,연간x별도,재무제표,DS-1,PASS,,,2026-07-07T20:33:41
엘앤케이바이오,00918222,156100,KOSDAQ,연간x별도,상단,DS-8,PASS,,,2026-07-07T20:33:41
엘앤케이바이오,00918222,156100,KOSDAQ,연간x별도,상단,DS-7,PASS,"badges seen: ['✅', '🔎']",,2026-07-07T20:33:41
엘앤케이바이오,00918222,156100,KOSDAQ,연간x별도,재무제표,CV-3,PASS,rows=29 cols=18 slider_extended=True,,2026-07-07T20:33:41
엘앤케이바이오,00918222,156100,KOSDAQ,연간x별도,재무제표,DS-2/DS-3,DONE,"cross-check completed for ['매출액', '영업이익']",,2026-07-07T20:33:41
엘앤케이바이오,00918222,156100,KOSDAQ,연간x별도,지표,CV-6,PASS,default metric selection visible,,2026-07-07T20:33:41
엘앤케이바이오,00918222,156100,KOSDAQ,분기x연결,재무제표,DS-1,PASS,,,2026-07-07T20:33:47
엘앤케이바이오,00918222,156100,KOSDAQ,분기x연결,상단,DS-8,PASS,,,2026-07-07T20:33:47
엘앤케이바이오,00918222,156100,KOSDAQ,분기x연결,상단,DS-7,PASS,"badges seen: ['✅', '🔎']",,2026-07-07T20:33:47
엘앤케이바이오,00918222,156100,KOSDAQ,분기x연결,재무제표,CV-3,PASS,rows=29 cols=44 slider_extended=True,,2026-07-07T20:33:47
엘앤케이바이오,00918222,156100,KOSDAQ,분기x연결,재무제표,DS-2/DS-3,DONE,"cross-check completed for ['매출액', '영업이익']",,2026-07-07T20:33:47
엘앤케이바이오,00918222,156100,KOSDAQ,분기x연결,지표,CV-6,PASS,default metric selection visible,,2026-07-07T20:33:47
엘앤케이바이오,00918222,156100,KOSDAQ,분기x별도,재무제표,DS-1,PASS,,,2026-07-07T20:33:55
엘앤케이바이오,00918222,156100,KOSDAQ,분기x별도,상단,DS-8,PASS,,,2026-07-07T20:33:55
엘앤케이바이오,00918222,156100,KOSDAQ,분기x별도,상단,DS-7,PASS,"badges seen: ['✅', '🔎']",,2026-07-07T20:33:55
엘앤케이바이오,00918222,156100,KOSDAQ,분기x별도,재무제표,CV-3,PASS,rows=29 cols=44 slider_extended=True,,2026-07-07T20:33:55
엘앤케이바이오,00918222,156100,KOSDAQ,분기x별도,재무제표,DS-2/DS-3,DONE,"cross-check completed for ['매출액', '영업이익']",,2026-07-07T20:33:55
엘앤케이바이오,00918222,156100,KOSDAQ,분기x별도,지표,CV-6,PASS,default metric selection visible,,2026-07-07T20:33:55
엘엠에스,00494218,073110,KOSDAQ,연간x연결,재무제표,DS-1,PASS,,,2026-07-07T20:34:08
엘엠에스,00494218,073110,KOSDAQ,연간x연결,상단,DS-8,PASS,,,2026-07-07T20:34:08
엘엠에스,00494218,073110,KOSDAQ,연간x연결,상단,DS-7,PASS,"badges seen: ['✅', '🔎']",,2026-07-07T20:34:08
엘엠에스,00494218,073110,KOSDAQ,연간x연결,재무제표,CV-3,PASS,rows=29 cols=19 slider_extended=True,,2026-07-07T20:34:08
엘엠에스,00494218,073110,KOSDAQ,연간x연결,재무제표,DS-2/DS-3,DONE,"cross-check completed for ['매출액', '영업이익']",,2026-07-07T20:34:08
엘엠에스,00494218,073110,KOSDAQ,연간x연결,지표,CV-6,PASS,default metric selection visible,,2026-07-07T20:34:08
엘엠에스,00494218,073110,KOSDAQ,연간x별도,재무제표,DS-1,PASS,,,2026-07-07T20:34:14
엘엠에스,00494218,073110,KOSDAQ,연간x별도,상단,DS-8,PASS,,,2026-07-07T20:34:14
엘엠에스,00494218,073110,KOSDAQ,연간x별도,상단,DS-7,PASS,"badges seen: ['✅', '🔎', '⚠']",,2026-07-07T20:34:14
엘엠에스,00494218,073110,KOSDAQ,연간x별도,재무제표,CV-3,PASS,rows=29 cols=23 slider_extended=True,,2026-07-07T20:34:14
엘엠에스,00494218,073110,KOSDAQ,연간x별도,재무제표,DS-2/DS-3,DONE,"cross-check completed for ['매출액', '영업이익']",,2026-07-07T20:34:14
엘엠에스,00494218,073110,KOSDAQ,연간x별도,지표,CV-6,PASS,default metric selection visible,,2026-07-07T20:34:14
엘엠에스,00494218,073110,KOSDAQ,분기x연결,재무제표,DS-1,PASS,,,2026-07-07T20:34:20
엘엠에스,00494218,073110,KOSDAQ,분기x연결,상단,DS-8,PASS,,,2026-07-07T20:34:20
엘엠에스,00494218,073110,KOSDAQ,분기x연결,상단,DS-7,PASS,"badges seen: ['✅', '🔎']",,2026-07-07T20:34:20
엘엠에스,00494218,073110,KOSDAQ,분기x연결,재무제표,CV-3,PASS,rows=29 cols=60 slider_extended=True,,2026-07-07T20:34:20
엘엠에스,00494218,073110,KOSDAQ,분기x연결,재무제표,DS-2/DS-3,DONE,"cross-check completed for ['매출액', '영업이익']",,2026-07-07T20:34:20
엘엠에스,00494218,073110,KOSDAQ,분기x연결,지표,CV-6,PASS,default metric selection visible,,2026-07-07T20:34:20
엘엠에스,00494218,073110,KOSDAQ,분기x별도,재무제표,DS-1,PASS,,,2026-07-07T20:34:27
엘엠에스,00494218,073110,KOSDAQ,분기x별도,상단,DS-8,PASS,,,2026-07-07T20:34:27
엘엠에스,00494218,073110,KOSDAQ,분기x별도,상단,DS-7,PASS,"badges seen: ['✅', '🔎']",,2026-07-07T20:34:27
엘엠에스,00494218,073110,KOSDAQ,분기x별도,재무제표,CV-3,PASS,rows=29 cols=75 slider_extended=True,,2026-07-07T20:34:27
엘엠에스,00494218,073110,KOSDAQ,분기x별도,재무제표,DS-2/DS-3,DONE,"cross-check completed for ['매출액', '영업이익']",,2026-07-07T20:34:27
엘엠에스,00494218,073110,KOSDAQ,분기x별도,지표,CV-6,PASS,default metric selection visible,,2026-07-07T20:34:27
엘오티베큠,00484682,083310,KOSDAQ,연간x연결,재무제표,DS-1,PASS,,,2026-07-07T20:34:39
엘오티베큠,00484682,083310,KOSDAQ,연간x연결,상단,DS-8,PASS,,,2026-07-07T20:34:39
엘오티베큠,00484682,083310,KOSDAQ,연간x연결,상단,DS-7,PASS,"badges seen: ['✅', '🔎', '⚠']",,2026-07-07T20:34:39
엘오티베큠,00484682,083310,KOSDAQ,연간x연결,재무제표,CV-3,PASS,rows=29 cols=19 slider_extended=True,,2026-07-07T20:34:39
엘오티베큠,00484682,083310,KOSDAQ,연간x연결,재무제표,DS-2/DS-3,DONE,"cross-check completed for ['매출액', '영업이익']",,2026-07-07T20:34:39
엘오티베큠,00484682,083310,KOSDAQ,연간x연결,지표,CV-6,PASS,default metric selection visible,,2026-07-07T20:34:39
엘오티베큠,00484682,083310,KOSDAQ,연간x별도,재무제표,DS-1,PASS,,,2026-07-07T20:34:44
엘오티베큠,00484682,083310,KOSDAQ,연간x별도,상단,DS-8,PASS,,,2026-07-07T20:34:44
엘오티베큠,00484682,083310,KOSDAQ,연간x별도,상단,DS-7,PASS,"badges seen: ['✅', '🔎', '⚠']",,2026-07-07T20:34:44
엘오티베큠,00484682,083310,KOSDAQ,연간x별도,재무제표,CV-3,PASS,rows=29 cols=25 slider_extended=True,,2026-07-07T20:34:44
엘오티베큠,00484682,083310,KOSDAQ,연간x별도,재무제표,DS-2/DS-3,DONE,"cross-check completed for ['매출액', '영업이익']",,2026-07-07T20:34:44
엘오티베큠,00484682,083310,KOSDAQ,연간x별도,지표,CV-6,PASS,default metric selection visible,,2026-07-07T20:34:44
엘오티베큠,00484682,083310,KOSDAQ,분기x연결,재무제표,DS-1,PASS,,,2026-07-07T20:34:50
엘오티베큠,00484682,083310,KOSDAQ,분기x연결,상단,DS-8,PASS,,,2026-07-07T20:34:50
엘오티베큠,00484682,083310,KOSDAQ,분기x연결,상단,DS-7,PASS,"badges seen: ['✅', '🔎']",,2026-07-07T20:34:50
엘오티베큠,00484682,083310,KOSDAQ,분기x연결,재무제표,CV-3,PASS,rows=29 cols=60 slider_extended=True,,2026-07-07T20:34:50
엘오티베큠,00484682,083310,KOSDAQ,분기x연결,재무제표,DS-2/DS-3,DONE,"cross-check completed for ['매출액', '영업이익']",,2026-07-07T20:34:50
엘오티베큠,00484682,083310,KOSDAQ,분기x연결,지표,CV-6,PASS,default metric selection visible,,2026-07-07T20:34:50
엘오티베큠,00484682,083310,KOSDAQ,분기x별도,재무제표,DS-1,PASS,,,2026-07-07T20:34:58
엘오티베큠,00484682,083310,KOSDAQ,분기x별도,상단,DS-8,PASS,,,2026-07-07T20:34:58
엘오티베큠,00484682,083310,KOSDAQ,분기x별도,상단,DS-7,PASS,"badges seen: ['✅', '🔎']",,2026-07-07T20:34:58
엘오티베큠,00484682,083310,KOSDAQ,분기x별도,재무제표,CV-3,PASS,rows=29 cols=79 slider_extended=True,,2026-07-07T20:34:58
엘오티베큠,00484682,083310,KOSDAQ,분기x별도,재무제표,DS-2/DS-3,DONE,"cross-check completed for ['매출액', '영업이익']",,2026-07-07T20:34:58
엘오티베큠,00484682,083310,KOSDAQ,분기x별도,지표,CV-6,PASS,default metric selection visible,,2026-07-07T20:34:58
엘컴텍,00242712,037950,KOSDAQ,연간x연결,재무제표,DS-1,PASS,,,2026-07-07T20:35:11
엘컴텍,00242712,037950,KOSDAQ,연간x연결,상단,DS-8,PASS,,,2026-07-07T20:35:11
엘컴텍,00242712,037950,KOSDAQ,연간x연결,상단,DS-7,PASS,"badges seen: ['✅', '🔎', '⚠']",,2026-07-07T20:35:11
엘컴텍,00242712,037950,KOSDAQ,연간x연결,재무제표,CV-3,PASS,rows=29 cols=26 slider_extended=True,,2026-07-07T20:35:11
엘컴텍,00242712,037950,KOSDAQ,연간x연결,재무제표,DS-2/DS-3,DONE,"cross-check completed for ['매출액', '영업이익']",,2026-07-07T20:35:11
엘컴텍,00242712,037950,KOSDAQ,연간x연결,지표,CV-6,PASS,default metric selection visible,,2026-07-07T20:35:11
엘컴텍,00242712,037950,KOSDAQ,연간x별도,재무제표,DS-1,PASS,,,2026-07-07T20:35:17
엘컴텍,00242712,037950,KOSDAQ,연간x별도,상단,DS-8,PASS,,,2026-07-07T20:35:17
엘컴텍,00242712,037950,KOSDAQ,연간x별도,상단,DS-7,PASS,"badges seen: ['✅', '🔎', '⚠']",,2026-07-07T20:35:17
엘컴텍,00242712,037950,KOSDAQ,연간x별도,재무제표,CV-3,PASS,rows=29 cols=23 slider_extended=True,,2026-07-07T20:35:17
엘컴텍,00242712,037950,KOSDAQ,연간x별도,재무제표,DS-2/DS-3,DONE,"cross-check completed for ['매출액', '영업이익']",,2026-07-07T20:35:17
엘컴텍,00242712,037950,KOSDAQ,연간x별도,지표,CV-6,PASS,default metric selection visible,,2026-07-07T20:35:17
엘컴텍,00242712,037950,KOSDAQ,분기x연결,재무제표,DS-1,PASS,,,2026-07-07T20:35:23
엘컴텍,00242712,037950,KOSDAQ,분기x연결,상단,DS-8,PASS,,,2026-07-07T20:35:23
엘컴텍,00242712,037950,KOSDAQ,분기x연결,상단,DS-7,PASS,"badges seen: ['✅', '🔎', '⚠']",,2026-07-07T20:35:23
엘컴텍,00242712,037950,KOSDAQ,분기x연결,재무제표,CV-3,PASS,rows=29 cols=81 slider_extended=True,,2026-07-07T20:35:23
엘컴텍,00242712,037950,KOSDAQ,분기x연결,재무제표,DS-2/DS-3,DONE,"cross-check completed for ['매출액', '영업이익']",,2026-07-07T20:35:23
엘컴텍,00242712,037950,KOSDAQ,분기x연결,지표,CV-6,PASS,default metric selection visible,,2026-07-07T20:35:23
엘컴텍,00242712,037950,KOSDAQ,분기x별도,재무제표,DS-1,PASS,,,2026-07-07T20:35:30
엘컴텍,00242712,037950,KOSDAQ,분기x별도,상단,DS-8,PASS,,,2026-07-07T20:35:30
엘컴텍,00242712,037950,KOSDAQ,분기x별도,상단,DS-7,PASS,"badges seen: ['✅', '🔎', '⚠']",,2026-07-07T20:35:30
엘컴텍,00242712,037950,KOSDAQ,분기x별도,재무제표,CV-3,PASS,rows=29 cols=76 slider_extended=True,,2026-07-07T20:35:30
엘컴텍,00242712,037950,KOSDAQ,분기x별도,재무제표,DS-2/DS-3,DONE,"cross-check completed for ['매출액', '영업이익']",,2026-07-07T20:35:30
엘컴텍,00242712,037950,KOSDAQ,분기x별도,지표,CV-6,PASS,default metric selection visible,,2026-07-07T20:35:30
엘케이켐,01747977,489500,KOSDAQ,연간x연결,재무제표,DS-1,PASS,,,2026-07-07T20:35:44
엘케이켐,01747977,489500,KOSDAQ,연간x연결,상단,DS-8,PASS,,,2026-07-07T20:35:44
엘케이켐,01747977,489500,KOSDAQ,연간x연결,상단,DS-7,PASS,"badges seen: ['✅', '🔎']",,2026-07-07T20:35:44
엘케이켐,01747977,489500,KOSDAQ,연간x연결,재무제표,CV-3,PASS,rows=29 cols=6 slider_extended=True,,2026-07-07T20:35:44
엘케이켐,01747977,489500,KOSDAQ,연간x연결,재무제표,DS-2/DS-3,DONE,"cross-check completed for ['매출액', '영업이익']",,2026-07-07T20:35:44
엘케이켐,01747977,489500,KOSDAQ,연간x연결,지표,CV-6,PASS,default metric selection visible,,2026-07-07T20:35:44
엘케이켐,01747977,489500,KOSDAQ,연간x별도,재무제표,DS-1,PASS,,,2026-07-07T20:35:49
엘케이켐,01747977,489500,KOSDAQ,연간x별도,상단,DS-8,PASS,,,2026-07-07T20:35:49
엘케이켐,01747977,489500,KOSDAQ,연간x별도,상단,DS-7,PASS,"badges seen: ['✅', '🔎']",,2026-07-07T20:35:49
엘케이켐,01747977,489500,KOSDAQ,연간x별도,재무제표,CV-3,PASS,rows=29 cols=6 slider_extended=True,,2026-07-07T20:35:49
엘케이켐,01747977,489500,KOSDAQ,연간x별도,재무제표,DS-2/DS-3,DONE,"cross-check completed for ['매출액', '영업이익']",,2026-07-07T20:35:49
엘케이켐,01747977,489500,KOSDAQ,연간x별도,지표,CV-6,PASS,default metric selection visible,,2026-07-07T20:35:49
엘케이켐,01747977,489500,KOSDAQ,분기x연결,재무제표,DS-1,PASS,,,2026-07-07T20:35:55
엘케이켐,01747977,489500,KOSDAQ,분기x연결,상단,DS-8,PASS,,,2026-07-07T20:35:55
엘케이켐,01747977,489500,KOSDAQ,분기x연결,상단,DS-7,PASS,"badges seen: ['✅', '🔎']",,2026-07-07T20:35:55
엘케이켐,01747977,489500,KOSDAQ,분기x연결,재무제표,CV-3,PASS,rows=29 cols=11 slider_extended=True,,2026-07-07T20:35:55
엘케이켐,01747977,489500,KOSDAQ,분기x연결,재무제표,DS-2/DS-3,DONE,"cross-check completed for ['매출액', '영업이익']",,2026-07-07T20:35:55
엘케이켐,01747977,489500,KOSDAQ,분기x연결,지표,CV-6,PASS,default metric selection visible,,2026-07-07T20:35:55
엘케이켐,01747977,489500,KOSDAQ,분기x별도,재무제표,DS-1,PASS,,,2026-07-07T20:36:02
엘케이켐,01747977,489500,KOSDAQ,분기x별도,상단,DS-8,PASS,,,2026-07-07T20:36:02
엘케이켐,01747977,489500,KOSDAQ,분기x별도,상단,DS-7,PASS,"badges seen: ['✅', '🔎']",,2026-07-07T20:36:02
엘케이켐,01747977,489500,KOSDAQ,분기x별도,재무제표,CV-3,PASS,rows=29 cols=11 slider_extended=True,,2026-07-07T20:36:02
엘케이켐,01747977,489500,KOSDAQ,분기x별도,재무제표,DS-2/DS-3,DONE,"cross-check completed for ['매출액', '영업이익']",,2026-07-07T20:36:02
엘케이켐,01747977,489500,KOSDAQ,분기x별도,지표,CV-6,PASS,default metric selection visible,,2026-07-07T20:36:02
엘티씨,00866062,170920,KOSDAQ,연간x연결,재무제표,DS-1,PASS,,,2026-07-07T20:36:16
엘티씨,00866062,170920,KOSDAQ,연간x연결,상단,DS-8,PASS,,,2026-07-07T20:36:16
엘티씨,00866062,170920,KOSDAQ,연간x연결,상단,DS-7,PASS,"badges seen: ['✅', '🔎']",,2026-07-07T20:36:16
엘티씨,00866062,170920,KOSDAQ,연간x연결,재무제표,CV-3,PASS,rows=29 cols=16 slider_extended=True,,2026-07-07T20:36:16
엘티씨,00866062,170920,KOSDAQ,연간x연결,재무제표,DS-2/DS-3,DONE,"cross-check completed for ['매출액', '영업이익']",,2026-07-07T20:36:16
엘티씨,00866062,170920,KOSDAQ,연간x연결,지표,CV-6,PASS,default metric selection visible,,2026-07-07T20:36:16
엘티씨,00866062,170920,KOSDAQ,연간x별도,재무제표,DS-1,PASS,,,2026-07-07T20:36:21
엘티씨,00866062,170920,KOSDAQ,연간x별도,상단,DS-8,PASS,,,2026-07-07T20:36:21
엘티씨,00866062,170920,KOSDAQ,연간x별도,상단,DS-7,PASS,"badges seen: ['✅', '🔎']",,2026-07-07T20:36:21
엘티씨,00866062,170920,KOSDAQ,연간x별도,재무제표,CV-3,PASS,rows=29 cols=17 slider_extended=True,,2026-07-07T20:36:21
엘티씨,00866062,170920,KOSDAQ,연간x별도,재무제표,DS-2/DS-3,DONE,"cross-check completed for ['매출액', '영업이익']",,2026-07-07T20:36:21
엘티씨,00866062,170920,KOSDAQ,연간x별도,지표,CV-6,PASS,default metric selection visible,,2026-07-07T20:36:21
엘티씨,00866062,170920,KOSDAQ,분기x연결,재무제표,DS-1,PASS,,,2026-07-07T20:36:27
엘티씨,00866062,170920,KOSDAQ,분기x연결,상단,DS-8,PASS,,,2026-07-07T20:36:27
엘티씨,00866062,170920,KOSDAQ,분기x연결,상단,DS-7,PASS,"badges seen: ['✅', '🔎']",,2026-07-07T20:36:27
엘티씨,00866062,170920,KOSDAQ,분기x연결,재무제표,CV-3,PASS,rows=29 cols=55 slider_extended=True,,2026-07-07T20:36:27
엘티씨,00866062,170920,KOSDAQ,분기x연결,재무제표,DS-2/DS-3,DONE,"cross-check completed for ['매출액', '영업이익']",,2026-07-07T20:36:27
엘티씨,00866062,170920,KOSDAQ,분기x연결,지표,CV-6,PASS,default metric selection visible,,2026-07-07T20:36:27
엘티씨,00866062,170920,KOSDAQ,분기x별도,재무제표,DS-1,PASS,,,2026-07-07T20:36:35
엘티씨,00866062,170920,KOSDAQ,분기x별도,상단,DS-8,PASS,,,2026-07-07T20:36:35
엘티씨,00866062,170920,KOSDAQ,분기x별도,상단,DS-7,PASS,"badges seen: ['✅', '🔎']",,2026-07-07T20:36:35
엘티씨,00866062,170920,KOSDAQ,분기x별도,재무제표,CV-3,PASS,rows=29 cols=57 slider_extended=True,,2026-07-07T20:36:35
엘티씨,00866062,170920,KOSDAQ,분기x별도,재무제표,DS-2/DS-3,DONE,"cross-check completed for ['매출액', '영업이익']",,2026-07-07T20:36:35
엘티씨,00866062,170920,KOSDAQ,분기x별도,지표,CV-6,FAIL,default metrics not found,,2026-07-07T20:36:35
엠게임,00397058,058630,KOSDAQ,연간x연결,재무제표,DS-1,PASS,,,2026-07-07T20:36:48
엠게임,00397058,058630,KOSDAQ,연간x연결,상단,DS-8,PASS,,,2026-07-07T20:36:48
엠게임,00397058,058630,KOSDAQ,연간x연결,상단,DS-7,PASS,"badges seen: ['✅', '🔎']",,2026-07-07T20:36:48
엠게임,00397058,058630,KOSDAQ,연간x연결,재무제표,CV-3,PASS,rows=29 cols=18 slider_extended=True,,2026-07-07T20:36:48
엠게임,00397058,058630,KOSDAQ,연간x연결,재무제표,DS-2/DS-3,DONE,"cross-check completed for ['매출액', '영업이익']",,2026-07-07T20:36:48
엠게임,00397058,058630,KOSDAQ,연간x연결,지표,CV-6,PASS,default metric selection visible,,2026-07-07T20:36:48
엠게임,00397058,058630,KOSDAQ,연간x별도,재무제표,DS-1,PASS,,,2026-07-07T20:36:54
엠게임,00397058,058630,KOSDAQ,연간x별도,상단,DS-8,PASS,,,2026-07-07T20:36:54
엠게임,00397058,058630,KOSDAQ,연간x별도,상단,DS-7,PASS,"badges seen: ['✅', '🔎']",,2026-07-07T20:36:54
엠게임,00397058,058630,KOSDAQ,연간x별도,재무제표,CV-3,PASS,rows=29 cols=23 slider_extended=True,,2026-07-07T20:36:54
엠게임,00397058,058630,KOSDAQ,연간x별도,재무제표,DS-2/DS-3,DONE,"cross-check completed for ['매출액', '영업이익']",,2026-07-07T20:36:54
엠게임,00397058,058630,KOSDAQ,연간x별도,지표,CV-6,PASS,default metric selection visible,,2026-07-07T20:36:54
엠게임,00397058,058630,KOSDAQ,분기x연결,재무제표,DS-1,PASS,,,2026-07-07T20:37:00
엠게임,00397058,058630,KOSDAQ,분기x연결,상단,DS-8,PASS,,,2026-07-07T20:37:00
엠게임,00397058,058630,KOSDAQ,분기x연결,상단,DS-7,PASS,"badges seen: ['✅', '🔎']",,2026-07-07T20:37:00
엠게임,00397058,058630,KOSDAQ,분기x연결,재무제표,CV-3,PASS,rows=29 cols=14 slider_extended=True,,2026-07-07T20:37:00
엠게임,00397058,058630,KOSDAQ,분기x연결,재무제표,DS-2/DS-3,DONE,"cross-check completed for ['매출액', '영업이익']",,2026-07-07T20:37:00
엠게임,00397058,058630,KOSDAQ,분기x연결,지표,CV-6,FAIL,default metrics not found,,2026-07-07T20:37:00
엠게임,00397058,058630,KOSDAQ,분기x별도,재무제표,DS-1,PASS,,,2026-07-07T20:37:07
엠게임,00397058,058630,KOSDAQ,분기x별도,상단,DS-8,PASS,,,2026-07-07T20:37:07
엠게임,00397058,058630,KOSDAQ,분기x별도,상단,DS-7,PASS,"badges seen: ['✅', '🔎']",,2026-07-07T20:37:07
엠게임,00397058,058630,KOSDAQ,분기x별도,재무제표,CV-3,PASS,rows=29 cols=73 slider_extended=True,,2026-07-07T20:37:07
엠게임,00397058,058630,KOSDAQ,분기x별도,재무제표,DS-2/DS-3,DONE,"cross-check completed for ['매출액', '영업이익']",,2026-07-07T20:37:07
엠게임,00397058,058630,KOSDAQ,분기x별도,지표,CV-6,PASS,default metric selection visible,,2026-07-07T20:37:07
엠디바이스,01022142,226590,KOSDAQ,연간x연결,재무제표,DS-1,PASS,,,2026-07-07T20:37:21
엠디바이스,01022142,226590,KOSDAQ,연간x연결,상단,DS-8,PASS,,,2026-07-07T20:37:21
엠디바이스,01022142,226590,KOSDAQ,연간x연결,상단,DS-7,PASS,"badges seen: ['✅', '🔎', '⚠']",,2026-07-07T20:37:21
엠디바이스,01022142,226590,KOSDAQ,연간x연결,재무제표,CV-3,PASS,rows=29 cols=5 slider_extended=True,,2026-07-07T20:37:21
엠디바이스,01022142,226590,KOSDAQ,연간x연결,재무제표,DS-2/DS-3,DONE,"cross-check completed for ['매출액', '영업이익']",,2026-07-07T20:37:21
엠디바이스,01022142,226590,KOSDAQ,연간x연결,지표,CV-6,PASS,default metric selection visible,,2026-07-07T20:37:21
엠디바이스,01022142,226590,KOSDAQ,연간x별도,재무제표,DS-1,PASS,,,2026-07-07T20:37:26
엠디바이스,01022142,226590,KOSDAQ,연간x별도,상단,DS-8,PASS,,,2026-07-07T20:37:26
엠디바이스,01022142,226590,KOSDAQ,연간x별도,상단,DS-7,PASS,"badges seen: ['✅', '🔎', '⚠']",,2026-07-07T20:37:26
엠디바이스,01022142,226590,KOSDAQ,연간x별도,재무제표,CV-3,PASS,rows=29 cols=10 slider_extended=True,,2026-07-07T20:37:26
엠디바이스,01022142,226590,KOSDAQ,연간x별도,재무제표,DS-2/DS-3,DONE,"cross-check completed for ['매출액', '영업이익']",,2026-07-07T20:37:26
엠디바이스,01022142,226590,KOSDAQ,연간x별도,지표,CV-6,PASS,default metric selection visible,,2026-07-07T20:37:26
엠디바이스,01022142,226590,KOSDAQ,분기x연결,재무제표,DS-1,PASS,,,2026-07-07T20:37:32
엠디바이스,01022142,226590,KOSDAQ,분기x연결,상단,DS-8,PASS,,,2026-07-07T20:37:32
엠디바이스,01022142,226590,KOSDAQ,분기x연결,상단,DS-7,PASS,"badges seen: ['✅', '🔎']",,2026-07-07T20:37:32
엠디바이스,01022142,226590,KOSDAQ,분기x연결,재무제표,CV-3,PASS,rows=29 cols=9 slider_extended=True,,2026-07-07T20:37:32
엠디바이스,01022142,226590,KOSDAQ,분기x연결,재무제표,DS-2/DS-3,DONE,"cross-check completed for ['매출액', '영업이익']",,2026-07-07T20:37:32
엠디바이스,01022142,226590,KOSDAQ,분기x연결,지표,CV-6,PASS,default metric selection visible,,2026-07-07T20:37:32
엠디바이스,01022142,226590,KOSDAQ,분기x별도,재무제표,DS-1,PASS,,,2026-07-07T20:37:39
엠디바이스,01022142,226590,KOSDAQ,분기x별도,상단,DS-8,PASS,,,2026-07-07T20:37:39
엠디바이스,01022142,226590,KOSDAQ,분기x별도,상단,DS-7,PASS,"badges seen: ['✅', '🔎']",,2026-07-07T20:37:39
엠디바이스,01022142,226590,KOSDAQ,분기x별도,재무제표,CV-3,PASS,rows=29 cols=25 slider_extended=True,,2026-07-07T20:37:39
엠디바이스,01022142,226590,KOSDAQ,분기x별도,재무제표,DS-2/DS-3,DONE,"cross-check completed for ['매출액', '영업이익']",,2026-07-07T20:37:39
엠디바이스,01022142,226590,KOSDAQ,분기x별도,지표,CV-6,PASS,default metric selection visible,,2026-07-07T20:37:39
엠로,00396925,058970,KOSDAQ,연간x연결,재무제표,DS-1,PASS,,,2026-07-07T20:37:54
엠로,00396925,058970,KOSDAQ,연간x연결,상단,DS-8,PASS,,,2026-07-07T20:37:54
엠로,00396925,058970,KOSDAQ,연간x연결,상단,DS-7,PASS,"badges seen: ['✅', '🔎', '⚠']",,2026-07-07T20:37:54
엠로,00396925,058970,KOSDAQ,연간x연결,재무제표,CV-3,PASS,rows=29 cols=10 slider_extended=True,,2026-07-07T20:37:54
엠로,00396925,058970,KOSDAQ,연간x연결,재무제표,DS-2/DS-3,DONE,"cross-check completed for ['매출액', '영업이익']",,2026-07-07T20:37:54
엠로,00396925,058970,KOSDAQ,연간x연결,지표,CV-6,PASS,default metric selection visible,,2026-07-07T20:37:54
엠로,00396925,058970,KOSDAQ,연간x별도,재무제표,DS-1,PASS,,,2026-07-07T20:37:59
엠로,00396925,058970,KOSDAQ,연간x별도,상단,DS-8,PASS,,,2026-07-07T20:37:59
엠로,00396925,058970,KOSDAQ,연간x별도,상단,DS-7,PASS,"badges seen: ['✅', '🔎', '⚠']",,2026-07-07T20:37:59
엠로,00396925,058970,KOSDAQ,연간x별도,재무제표,CV-3,PASS,rows=29 cols=15 slider_extended=True,,2026-07-07T20:37:59
엠로,00396925,058970,KOSDAQ,연간x별도,재무제표,DS-2/DS-3,DONE,"cross-check completed for ['매출액', '영업이익']",,2026-07-07T20:37:59
엠로,00396925,058970,KOSDAQ,연간x별도,지표,CV-6,PASS,default metric selection visible,,2026-07-07T20:37:59
엠로,00396925,058970,KOSDAQ,분기x연결,재무제표,DS-1,PASS,,,2026-07-07T20:38:06
엠로,00396925,058970,KOSDAQ,분기x연결,상단,DS-8,PASS,,,2026-07-07T20:38:06
엠로,00396925,058970,KOSDAQ,분기x연결,상단,DS-7,PASS,"badges seen: ['✅', '🔎']",,2026-07-07T20:38:06
엠로,00396925,058970,KOSDAQ,분기x연결,재무제표,CV-3,PASS,rows=29 cols=24 slider_extended=True,,2026-07-07T20:38:06
엠로,00396925,058970,KOSDAQ,분기x연결,재무제표,DS-2/DS-3,DONE,"cross-check completed for ['매출액', '영업이익']",,2026-07-07T20:38:06
엠로,00396925,058970,KOSDAQ,분기x연결,지표,CV-6,PASS,default metric selection visible,,2026-07-07T20:38:06
엠로,00396925,058970,KOSDAQ,분기x별도,재무제표,DS-1,PASS,,,2026-07-07T20:38:13
엠로,00396925,058970,KOSDAQ,분기x별도,상단,DS-8,PASS,,,2026-07-07T20:38:13
엠로,00396925,058970,KOSDAQ,분기x별도,상단,DS-7,PASS,"badges seen: ['✅', '🔎']",,2026-07-07T20:38:13
엠로,00396925,058970,KOSDAQ,분기x별도,재무제표,CV-3,PASS,rows=29 cols=25 slider_extended=True,,2026-07-07T20:38:13
엠로,00396925,058970,KOSDAQ,분기x별도,재무제표,DS-2/DS-3,DONE,"cross-check completed for ['매출액', '영업이익']",,2026-07-07T20:38:13
엠로,00396925,058970,KOSDAQ,분기x별도,지표,CV-6,PASS,default metric selection visible,,2026-07-07T20:38:13
엠브레인,00877174,169330,KOSDAQ,연간x연결,재무제표,DS-1,PASS,,,2026-07-07T20:38:26
엠브레인,00877174,169330,KOSDAQ,연간x연결,상단,DS-8,PASS,,,2026-07-07T20:38:26
엠브레인,00877174,169330,KOSDAQ,연간x연결,상단,DS-7,PASS,"badges seen: ['✅', '🔎']",,2026-07-07T20:38:26
엠브레인,00877174,169330,KOSDAQ,연간x연결,재무제표,CV-3,PASS,rows=29 cols=10 slider_extended=True,,2026-07-07T20:38:26
엠브레인,00877174,169330,KOSDAQ,연간x연결,재무제표,DS-2/DS-3,DONE,"cross-check completed for ['매출액', '영업이익']",,2026-07-07T20:38:26
엠브레인,00877174,169330,KOSDAQ,연간x연결,지표,CV-6,PASS,default metric selection visible,,2026-07-07T20:38:26
엠브레인,00877174,169330,KOSDAQ,연간x별도,재무제표,DS-1,PASS,,,2026-07-07T20:38:32
엠브레인,00877174,169330,KOSDAQ,연간x별도,상단,DS-8,PASS,,,2026-07-07T20:38:32
엠브레인,00877174,169330,KOSDAQ,연간x별도,상단,DS-7,PASS,"badges seen: ['✅', '🔎']",,2026-07-07T20:38:32
엠브레인,00877174,169330,KOSDAQ,연간x별도,재무제표,CV-3,PASS,rows=29 cols=10 slider_extended=True,,2026-07-07T20:38:32
엠브레인,00877174,169330,KOSDAQ,연간x별도,재무제표,DS-2/DS-3,DONE,"cross-check completed for ['매출액', '영업이익']",,2026-07-07T20:38:32
엠브레인,00877174,169330,KOSDAQ,연간x별도,지표,CV-6,PASS,default metric selection visible,,2026-07-07T20:38:32
엠브레인,00877174,169330,KOSDAQ,분기x연결,재무제표,DS-1,PASS,,,2026-07-07T20:38:38
엠브레인,00877174,169330,KOSDAQ,분기x연결,상단,DS-8,PASS,,,2026-07-07T20:38:38
엠브레인,00877174,169330,KOSDAQ,분기x연결,상단,DS-7,PASS,"badges seen: ['✅', '🔎']",,2026-07-07T20:38:38
엠브레인,00877174,169330,KOSDAQ,분기x연결,재무제표,CV-3,PASS,rows=29 cols=27 slider_extended=True,,2026-07-07T20:38:38
엠브레인,00877174,169330,KOSDAQ,분기x연결,재무제표,DS-2/DS-3,DONE,"cross-check completed for ['매출액', '영업이익']",,2026-07-07T20:38:38
엠브레인,00877174,169330,KOSDAQ,분기x연결,지표,CV-6,PASS,default metric selection visible,,2026-07-07T20:38:38
엠브레인,00877174,169330,KOSDAQ,분기x별도,재무제표,DS-1,PASS,,,2026-07-07T20:38:45
엠브레인,00877174,169330,KOSDAQ,분기x별도,상단,DS-8,PASS,,,2026-07-07T20:38:45
엠브레인,00877174,169330,KOSDAQ,분기x별도,상단,DS-7,PASS,"badges seen: ['✅', '🔎']",,2026-07-07T20:38:45
엠브레인,00877174,169330,KOSDAQ,분기x별도,재무제표,CV-3,PASS,rows=29 cols=28 slider_extended=True,,2026-07-07T20:38:45
엠브레인,00877174,169330,KOSDAQ,분기x별도,재무제표,DS-2/DS-3,DONE,"cross-check completed for ['매출액', '영업이익']",,2026-07-07T20:38:45
엠브레인,00877174,169330,KOSDAQ,분기x별도,지표,CV-6,PASS,default metric selection visible,,2026-07-07T20:38:45
엠아이큐브솔루션,01497142,373170,KOSDAQ,연간x연결,재무제표,DS-1,PASS,,,2026-07-07T20:38:59
엠아이큐브솔루션,01497142,373170,KOSDAQ,연간x연결,상단,DS-8,PASS,,,2026-07-07T20:38:59
엠아이큐브솔루션,01497142,373170,KOSDAQ,연간x연결,상단,DS-4,PASS,substitution caption present,,2026-07-07T20:38:59
엠아이큐브솔루션,01497142,373170,KOSDAQ,연간x연결,상단,DS-7,PASS,"badges seen: ['✅', '🔎', '⚠']",,2026-07-07T20:38:59
엠아이큐브솔루션,01497142,373170,KOSDAQ,연간x연결,재무제표,CV-3,PASS,rows=29 cols=7 slider_extended=True,,2026-07-07T20:38:59
엠아이큐브솔루션,01497142,373170,KOSDAQ,연간x연결,재무제표,DS-2/DS-3,DONE,"cross-check completed for ['매출액', '영업이익']",,2026-07-07T20:38:59
엠아이큐브솔루션,01497142,373170,KOSDAQ,연간x연결,지표,CV-6,PASS,default metric selection visible,,2026-07-07T20:38:59
엠아이큐브솔루션,01497142,373170,KOSDAQ,연간x별도,재무제표,DS-1,PASS,,,2026-07-07T20:39:04
엠아이큐브솔루션,01497142,373170,KOSDAQ,연간x별도,상단,DS-8,PASS,,,2026-07-07T20:39:04
엠아이큐브솔루션,01497142,373170,KOSDAQ,연간x별도,상단,DS-7,PASS,"badges seen: ['✅', '🔎', '⚠']",,2026-07-07T20:39:04
엠아이큐브솔루션,01497142,373170,KOSDAQ,연간x별도,재무제표,CV-3,PASS,rows=29 cols=7 slider_extended=True,,2026-07-07T20:39:04
엠아이큐브솔루션,01497142,373170,KOSDAQ,연간x별도,재무제표,DS-2/DS-3,DONE,"cross-check completed for ['매출액', '영업이익']",,2026-07-07T20:39:04
엠아이큐브솔루션,01497142,373170,KOSDAQ,연간x별도,지표,CV-6,PASS,default metric selection visible,,2026-07-07T20:39:04
엠아이큐브솔루션,01497142,373170,KOSDAQ,분기x연결,재무제표,DS-1,PASS,,,2026-07-07T20:39:10
엠아이큐브솔루션,01497142,373170,KOSDAQ,분기x연결,상단,DS-8,PASS,,,2026-07-07T20:39:10
엠아이큐브솔루션,01497142,373170,KOSDAQ,분기x연결,상단,DS-4,PASS,substitution caption present,,2026-07-07T20:39:10
엠아이큐브솔루션,01497142,373170,KOSDAQ,분기x연결,상단,DS-7,PASS,"badges seen: ['✅', '🔎', '⚠']",,2026-07-07T20:39:10
엠아이큐브솔루션,01497142,373170,KOSDAQ,분기x연결,재무제표,CV-3,PASS,rows=29 cols=17 slider_extended=True,,2026-07-07T20:39:10
엠아이큐브솔루션,01497142,373170,KOSDAQ,분기x연결,재무제표,DS-2/DS-3,DONE,"cross-check completed for ['매출액', '영업이익']",,2026-07-07T20:39:10
엠아이큐브솔루션,01497142,373170,KOSDAQ,분기x연결,지표,CV-6,PASS,default metric selection visible,,2026-07-07T20:39:10
엠아이큐브솔루션,01497142,373170,KOSDAQ,분기x별도,재무제표,DS-1,PASS,,,2026-07-07T20:39:17
엠아이큐브솔루션,01497142,373170,KOSDAQ,분기x별도,상단,DS-8,PASS,,,2026-07-07T20:39:17
엠아이큐브솔루션,01497142,373170,KOSDAQ,분기x별도,상단,DS-7,PASS,"badges seen: ['✅', '🔎', '⚠']",,2026-07-07T20:39:17
엠아이큐브솔루션,01497142,373170,KOSDAQ,분기x별도,재무제표,CV-3,PASS,rows=29 cols=17 slider_extended=True,,2026-07-07T20:39:17
엠아이큐브솔루션,01497142,373170,KOSDAQ,분기x별도,재무제표,DS-2/DS-3,DONE,"cross-check completed for ['매출액', '영업이익']",,2026-07-07T20:39:17
엠아이큐브솔루션,01497142,373170,KOSDAQ,분기x별도,지표,CV-6,PASS,default metric selection visible,,2026-07-07T20:39:17
엠아이텍,00531829,179290,KOSDAQ,연간x연결,재무제표,DS-1,PASS,,,2026-07-07T20:39:31
엠아이텍,00531829,179290,KOSDAQ,연간x연결,상단,DS-8,PASS,,,2026-07-07T20:39:31
엠아이텍,00531829,179290,KOSDAQ,연간x연결,상단,DS-7,PASS,"badges seen: ['✅', '🔎', '⚠']",,2026-07-07T20:39:31
엠아이텍,00531829,179290,KOSDAQ,연간x연결,재무제표,CV-3,PASS,rows=29 cols=10 slider_extended=True,,2026-07-07T20:39:31
엠아이텍,00531829,179290,KOSDAQ,연간x연결,재무제표,DS-2/DS-3,DONE,"cross-check completed for ['매출액', '영업이익']",,2026-07-07T20:39:31
엠아이텍,00531829,179290,KOSDAQ,연간x연결,지표,CV-6,PASS,default metric selection visible,,2026-07-07T20:39:31
엠아이텍,00531829,179290,KOSDAQ,연간x별도,재무제표,DS-1,PASS,,,2026-07-07T20:39:36
엠아이텍,00531829,179290,KOSDAQ,연간x별도,상단,DS-8,PASS,,,2026-07-07T20:39:36
엠아이텍,00531829,179290,KOSDAQ,연간x별도,상단,DS-7,PASS,"badges seen: ['✅', '🔎', '⚠']",,2026-07-07T20:39:36
엠아이텍,00531829,179290,KOSDAQ,연간x별도,재무제표,CV-3,PASS,rows=29 cols=12 slider_extended=True,,2026-07-07T20:39:36
엠아이텍,00531829,179290,KOSDAQ,연간x별도,재무제표,DS-2/DS-3,DONE,"cross-check completed for ['매출액', '영업이익']",,2026-07-07T20:39:36
엠아이텍,00531829,179290,KOSDAQ,연간x별도,지표,CV-6,PASS,default metric selection visible,,2026-07-07T20:39:36
엠아이텍,00531829,179290,KOSDAQ,분기x연결,재무제표,DS-1,PASS,,,2026-07-07T20:39:42
엠아이텍,00531829,179290,KOSDAQ,분기x연결,상단,DS-8,PASS,,,2026-07-07T20:39:42
엠아이텍,00531829,179290,KOSDAQ,분기x연결,상단,DS-7,PASS,"badges seen: ['✅', '🔎']",,2026-07-07T20:39:42
엠아이텍,00531829,179290,KOSDAQ,분기x연결,재무제표,CV-3,PASS,rows=29 cols=17 slider_extended=True,,2026-07-07T20:39:42
엠아이텍,00531829,179290,KOSDAQ,분기x연결,재무제표,DS-2/DS-3,DONE,"cross-check completed for ['매출액', '영업이익']",,2026-07-07T20:39:42
엠아이텍,00531829,179290,KOSDAQ,분기x연결,지표,CV-6,FAIL,default metrics not found,,2026-07-07T20:39:42
엠아이텍,00531829,179290,KOSDAQ,분기x별도,재무제표,DS-1,PASS,,,2026-07-07T20:39:50
엠아이텍,00531829,179290,KOSDAQ,분기x별도,상단,DS-8,PASS,,,2026-07-07T20:39:50
엠아이텍,00531829,179290,KOSDAQ,분기x별도,상단,DS-7,PASS,"badges seen: ['✅', '🔎']",,2026-07-07T20:39:50
엠아이텍,00531829,179290,KOSDAQ,분기x별도,재무제표,CV-3,PASS,rows=29 cols=36 slider_extended=True,,2026-07-07T20:39:50
엠아이텍,00531829,179290,KOSDAQ,분기x별도,재무제표,DS-2/DS-3,DONE,"cross-check completed for ['매출액', '영업이익']",,2026-07-07T20:39:50
엠아이텍,00531829,179290,KOSDAQ,분기x별도,지표,CV-6,PASS,default metric selection visible,,2026-07-07T20:39:50
엠에스씨,00121154,009780,KOSDAQ,연간x연결,재무제표,DS-1,PASS,,,2026-07-07T20:40:03
엠에스씨,00121154,009780,KOSDAQ,연간x연결,상단,DS-8,PASS,,,2026-07-07T20:40:03
엠에스씨,00121154,009780,KOSDAQ,연간x연결,상단,DS-7,PASS,"badges seen: ['✅', '🔎']",,2026-07-07T20:40:03
엠에스씨,00121154,009780,KOSDAQ,연간x연결,재무제표,CV-3,PASS,rows=29 cols=19 slider_extended=True,,2026-07-07T20:40:03
엠에스씨,00121154,009780,KOSDAQ,연간x연결,재무제표,DS-2/DS-3,DONE,"cross-check completed for ['매출액', '영업이익']",,2026-07-07T20:40:03
엠에스씨,00121154,009780,KOSDAQ,연간x연결,지표,CV-6,PASS,default metric selection visible,,2026-07-07T20:40:03
엠에스씨,00121154,009780,KOSDAQ,연간x별도,재무제표,DS-1,PASS,,,2026-07-07T20:40:09
엠에스씨,00121154,009780,KOSDAQ,연간x별도,상단,DS-8,PASS,,,2026-07-07T20:40:09
엠에스씨,00121154,009780,KOSDAQ,연간x별도,상단,DS-7,PASS,"badges seen: ['✅', '🔎']",,2026-07-07T20:40:09
엠에스씨,00121154,009780,KOSDAQ,연간x별도,재무제표,CV-3,PASS,rows=29 cols=25 slider_extended=True,,2026-07-07T20:40:09
엠에스씨,00121154,009780,KOSDAQ,연간x별도,재무제표,DS-2/DS-3,DONE,"cross-check completed for ['매출액', '영업이익']",,2026-07-07T20:40:09
엠에스씨,00121154,009780,KOSDAQ,연간x별도,지표,CV-6,PASS,default metric selection visible,,2026-07-07T20:40:09
엠에스씨,00121154,009780,KOSDAQ,분기x연결,재무제표,DS-1,PASS,,,2026-07-07T20:40:15
엠에스씨,00121154,009780,KOSDAQ,분기x연결,상단,DS-8,PASS,,,2026-07-07T20:40:15
엠에스씨,00121154,009780,KOSDAQ,분기x연결,상단,DS-7,PASS,"badges seen: ['✅', '🔎']",,2026-07-07T20:40:15
엠에스씨,00121154,009780,KOSDAQ,분기x연결,재무제표,CV-3,PASS,rows=29 cols=68 slider_extended=True,,2026-07-07T20:40:15
엠에스씨,00121154,009780,KOSDAQ,분기x연결,재무제표,DS-2/DS-3,DONE,"cross-check completed for ['매출액', '영업이익']",,2026-07-07T20:40:15
엠에스씨,00121154,009780,KOSDAQ,분기x연결,지표,CV-6,PASS,default metric selection visible,,2026-07-07T20:40:15
엠에스씨,00121154,009780,KOSDAQ,분기x별도,재무제표,DS-1,PASS,,,2026-07-07T20:40:22
엠에스씨,00121154,009780,KOSDAQ,분기x별도,상단,DS-8,PASS,,,2026-07-07T20:40:22
엠에스씨,00121154,009780,KOSDAQ,분기x별도,상단,DS-7,PASS,"badges seen: ['✅', '🔎']",,2026-07-07T20:40:22
엠에스씨,00121154,009780,KOSDAQ,분기x별도,재무제표,CV-3,PASS,rows=29 cols=82 slider_extended=True,,2026-07-07T20:40:22
엠에스씨,00121154,009780,KOSDAQ,분기x별도,재무제표,DS-2/DS-3,DONE,"cross-check completed for ['매출액', '영업이익']",,2026-07-07T20:40:22
엠에스씨,00121154,009780,KOSDAQ,분기x별도,지표,CV-6,PASS,default metric selection visible,,2026-07-07T20:40:22
엠에스오토텍,00259545,123040,KOSDAQ,연간x연결,재무제표,DS-1,PASS,,,2026-07-07T20:40:36
엠에스오토텍,00259545,123040,KOSDAQ,연간x연결,상단,DS-8,PASS,,,2026-07-07T20:40:36
엠에스오토텍,00259545,123040,KOSDAQ,연간x연결,상단,DS-7,PASS,"badges seen: ['✅', '🔎', '⚠']",,2026-07-07T20:40:36
엠에스오토텍,00259545,123040,KOSDAQ,연간x연결,재무제표,CV-3,PASS,rows=29 cols=19 slider_extended=True,,2026-07-07T20:40:36
엠에스오토텍,00259545,123040,KOSDAQ,연간x연결,재무제표,DS-2/DS-3,DONE,"cross-check completed for ['매출액', '영업이익']",,2026-07-07T20:40:36
엠에스오토텍,00259545,123040,KOSDAQ,연간x연결,지표,CV-6,PASS,default metric selection visible,,2026-07-07T20:40:36
엠에스오토텍,00259545,123040,KOSDAQ,연간x별도,재무제표,DS-1,PASS,,,2026-07-07T20:40:41
엠에스오토텍,00259545,123040,KOSDAQ,연간x별도,상단,DS-8,PASS,,,2026-07-07T20:40:41
엠에스오토텍,00259545,123040,KOSDAQ,연간x별도,상단,DS-7,PASS,"badges seen: ['✅', '🔎']",,2026-07-07T20:40:41
엠에스오토텍,00259545,123040,KOSDAQ,연간x별도,재무제표,CV-3,PASS,rows=29 cols=20 slider_extended=True,,2026-07-07T20:40:41
엠에스오토텍,00259545,123040,KOSDAQ,연간x별도,재무제표,DS-2/DS-3,DONE,"cross-check completed for ['매출액', '영업이익']",,2026-07-07T20:40:41
엠에스오토텍,00259545,123040,KOSDAQ,연간x별도,지표,CV-6,PASS,default metric selection visible,,2026-07-07T20:40:41
엠에스오토텍,00259545,123040,KOSDAQ,분기x연결,재무제표,DS-1,PASS,,,2026-07-07T20:40:47
엠에스오토텍,00259545,123040,KOSDAQ,분기x연결,상단,DS-8,PASS,,,2026-07-07T20:40:47
엠에스오토텍,00259545,123040,KOSDAQ,분기x연결,상단,DS-7,PASS,"badges seen: ['✅', '🔎']",,2026-07-07T20:40:47
엠에스오토텍,00259545,123040,KOSDAQ,분기x연결,재무제표,CV-3,PASS,rows=29 cols=14 slider_extended=True,,2026-07-07T20:40:47
엠에스오토텍,00259545,123040,KOSDAQ,분기x연결,재무제표,DS-2/DS-3,DONE,"cross-check completed for ['매출액', '영업이익']",,2026-07-07T20:40:47
엠에스오토텍,00259545,123040,KOSDAQ,분기x연결,지표,CV-6,PASS,default metric selection visible,,2026-07-07T20:40:47
엠에스오토텍,00259545,123040,KOSDAQ,분기x별도,재무제표,DS-1,PASS,,,2026-07-07T20:40:55
엠에스오토텍,00259545,123040,KOSDAQ,분기x별도,상단,DS-8,PASS,,,2026-07-07T20:40:55
엠에스오토텍,00259545,123040,KOSDAQ,분기x별도,상단,DS-7,PASS,"badges seen: ['✅', '🔎', '⚠']",,2026-07-07T20:40:55
엠에스오토텍,00259545,123040,KOSDAQ,분기x별도,재무제표,CV-3,PASS,rows=29 cols=65 slider_extended=True,,2026-07-07T20:40:55
엠에스오토텍,00259545,123040,KOSDAQ,분기x별도,재무제표,DS-2/DS-3,DONE,"cross-check completed for ['매출액', '영업이익']",,2026-07-07T20:40:55
엠에스오토텍,00259545,123040,KOSDAQ,분기x별도,지표,CV-6,PASS,default metric selection visible,,2026-07-07T20:40:55
엠에프씨,01217795,432980,KOSDAQ,연간x연결,재무제표,DS-1,PASS,,,2026-07-07T20:41:08
엠에프씨,01217795,432980,KOSDAQ,연간x연결,상단,DS-8,PASS,,,2026-07-07T20:41:08
엠에프씨,01217795,432980,KOSDAQ,연간x연결,상단,DS-4,PASS,substitution caption present,,2026-07-07T20:41:08
엠에프씨,01217795,432980,KOSDAQ,연간x연결,상단,DS-7,PASS,"badges seen: ['✅', '🔎']",,2026-07-07T20:41:08
엠에프씨,01217795,432980,KOSDAQ,연간x연결,재무제표,CV-3,PASS,rows=29 cols=6 slider_extended=True,,2026-07-07T20:41:08
엠에프씨,01217795,432980,KOSDAQ,연간x연결,재무제표,DS-2/DS-3,DONE,"cross-check completed for ['매출액', '영업이익']",,2026-07-07T20:41:08
엠에프씨,01217795,432980,KOSDAQ,연간x연결,지표,CV-6,PASS,default metric selection visible,,2026-07-07T20:41:08
엠에프씨,01217795,432980,KOSDAQ,연간x별도,재무제표,DS-1,PASS,,,2026-07-07T20:41:13
엠에프씨,01217795,432980,KOSDAQ,연간x별도,상단,DS-8,PASS,,,2026-07-07T20:41:13
엠에프씨,01217795,432980,KOSDAQ,연간x별도,상단,DS-7,PASS,"badges seen: ['✅', '🔎']",,2026-07-07T20:41:13
엠에프씨,01217795,432980,KOSDAQ,연간x별도,재무제표,CV-3,PASS,rows=29 cols=6 slider_extended=True,,2026-07-07T20:41:13
엠에프씨,01217795,432980,KOSDAQ,연간x별도,재무제표,DS-2/DS-3,DONE,"cross-check completed for ['매출액', '영업이익']",,2026-07-07T20:41:13
엠에프씨,01217795,432980,KOSDAQ,연간x별도,지표,CV-6,PASS,default metric selection visible,,2026-07-07T20:41:13
엠에프씨,01217795,432980,KOSDAQ,분기x연결,재무제표,DS-1,PASS,,,2026-07-07T20:41:20
엠에프씨,01217795,432980,KOSDAQ,분기x연결,상단,DS-8,PASS,,,2026-07-07T20:41:20
엠에프씨,01217795,432980,KOSDAQ,분기x연결,상단,DS-4,PASS,substitution caption present,,2026-07-07T20:41:20
엠에프씨,01217795,432980,KOSDAQ,분기x연결,상단,DS-7,PASS,"badges seen: ['✅', '🔎']",,2026-07-07T20:41:20
엠에프씨,01217795,432980,KOSDAQ,분기x연결,재무제표,CV-3,PASS,rows=29 cols=11 slider_extended=True,,2026-07-07T20:41:20
엠에프씨,01217795,432980,KOSDAQ,분기x연결,재무제표,DS-2/DS-3,DONE,"cross-check completed for ['매출액', '영업이익']",,2026-07-07T20:41:20
엠에프씨,01217795,432980,KOSDAQ,분기x연결,지표,CV-6,PASS,default metric selection visible,,2026-07-07T20:41:20
엠에프씨,01217795,432980,KOSDAQ,분기x별도,재무제표,DS-1,PASS,,,2026-07-07T20:41:27
엠에프씨,01217795,432980,KOSDAQ,분기x별도,상단,DS-8,PASS,,,2026-07-07T20:41:27
엠에프씨,01217795,432980,KOSDAQ,분기x별도,상단,DS-7,PASS,"badges seen: ['✅', '🔎']",,2026-07-07T20:41:27
엠에프씨,01217795,432980,KOSDAQ,분기x별도,재무제표,CV-3,PASS,rows=29 cols=11 slider_extended=True,,2026-07-07T20:41:27
엠에프씨,01217795,432980,KOSDAQ,분기x별도,재무제표,DS-2/DS-3,DONE,"cross-check completed for ['매출액', '영업이익']",,2026-07-07T20:41:27
엠에프씨,01217795,432980,KOSDAQ,분기x별도,지표,CV-6,PASS,default metric selection visible,,2026-07-07T20:41:27
엠엑스로보틱스,00137915,007820,KOSDAQ,연간x연결,재무제표,DS-1,PASS,,,2026-07-07T20:41:40
엠엑스로보틱스,00137915,007820,KOSDAQ,연간x연결,상단,DS-8,PASS,,,2026-07-07T20:41:40
엠엑스로보틱스,00137915,007820,KOSDAQ,연간x연결,상단,DS-7,PASS,"badges seen: ['✅', '🔎', '⚠']",,2026-07-07T20:41:40
엠엑스로보틱스,00137915,007820,KOSDAQ,연간x연결,재무제표,CV-3,PASS,rows=29 cols=19 slider_extended=True,,2026-07-07T20:41:40
엠엑스로보틱스,00137915,007820,KOSDAQ,연간x연결,재무제표,DS-2/DS-3,DONE,"cross-check completed for ['매출액', '영업이익']",,2026-07-07T20:41:40
엠엑스로보틱스,00137915,007820,KOSDAQ,연간x연결,지표,CV-6,PASS,default metric selection visible,,2026-07-07T20:41:40
엠엑스로보틱스,00137915,007820,KOSDAQ,연간x별도,재무제표,DS-1,PASS,,,2026-07-07T20:41:45
엠엑스로보틱스,00137915,007820,KOSDAQ,연간x별도,상단,DS-8,PASS,,,2026-07-07T20:41:45
엠엑스로보틱스,00137915,007820,KOSDAQ,연간x별도,상단,DS-7,PASS,"badges seen: ['✅', '🔎']",,2026-07-07T20:41:45
엠엑스로보틱스,00137915,007820,KOSDAQ,연간x별도,재무제표,CV-3,PASS,rows=29 cols=19 slider_extended=True,,2026-07-07T20:41:45
엠엑스로보틱스,00137915,007820,KOSDAQ,연간x별도,재무제표,DS-2/DS-3,DONE,"cross-check completed for ['매출액', '영업이익']",,2026-07-07T20:41:45
엠엑스로보틱스,00137915,007820,KOSDAQ,연간x별도,지표,CV-6,PASS,default metric selection visible,,2026-07-07T20:41:45
엠엑스로보틱스,00137915,007820,KOSDAQ,분기x연결,재무제표,DS-1,PASS,,,2026-07-07T20:41:51
엠엑스로보틱스,00137915,007820,KOSDAQ,분기x연결,상단,DS-8,PASS,,,2026-07-07T20:41:51
엠엑스로보틱스,00137915,007820,KOSDAQ,분기x연결,상단,DS-7,PASS,"badges seen: ['✅', '🔎']",,2026-07-07T20:41:51
엠엑스로보틱스,00137915,007820,KOSDAQ,분기x연결,재무제표,CV-3,PASS,rows=29 cols=60 slider_extended=True,,2026-07-07T20:41:51
엠엑스로보틱스,00137915,007820,KOSDAQ,분기x연결,재무제표,DS-2/DS-3,DONE,"cross-check completed for ['매출액', '영업이익']",,2026-07-07T20:41:51
엠엑스로보틱스,00137915,007820,KOSDAQ,분기x연결,지표,CV-6,PASS,default metric selection visible,,2026-07-07T20:41:51
엠엑스로보틱스,00137915,007820,KOSDAQ,분기x별도,재무제표,DS-1,PASS,,,2026-07-07T20:41:59
엠엑스로보틱스,00137915,007820,KOSDAQ,분기x별도,상단,DS-8,PASS,,,2026-07-07T20:41:59
엠엑스로보틱스,00137915,007820,KOSDAQ,분기x별도,상단,DS-7,PASS,"badges seen: ['✅', '🔎']",,2026-07-07T20:41:59
엠엑스로보틱스,00137915,007820,KOSDAQ,분기x별도,재무제표,CV-3,PASS,rows=29 cols=63 slider_extended=True,,2026-07-07T20:41:59
엠엑스로보틱스,00137915,007820,KOSDAQ,분기x별도,재무제표,DS-2/DS-3,DONE,"cross-check completed for ['매출액', '영업이익']",,2026-07-07T20:41:59
엠엑스로보틱스,00137915,007820,KOSDAQ,분기x별도,지표,CV-6,PASS,default metric selection visible,,2026-07-07T20:41:59
엠엑스온,00670766,347890,KOSDAQ,연간x연결,재무제표,DS-1,PASS,,,2026-07-07T20:42:12
엠엑스온,00670766,347890,KOSDAQ,연간x연결,상단,DS-8,PASS,,,2026-07-07T20:42:12
엠엑스온,00670766,347890,KOSDAQ,연간x연결,상단,DS-7,PASS,"badges seen: ['✅', '🔎']",,2026-07-07T20:42:12
엠엑스온,00670766,347890,KOSDAQ,연간x연결,재무제표,CV-3,PASS,rows=29 cols=5 slider_extended=True,,2026-07-07T20:42:12
엠엑스온,00670766,347890,KOSDAQ,연간x연결,재무제표,DS-2/DS-3,DONE,"cross-check completed for ['매출액', '영업이익']",,2026-07-07T20:42:12
엠엑스온,00670766,347890,KOSDAQ,연간x연결,지표,CV-6,PASS,default metric selection visible,,2026-07-07T20:42:12
엠엑스온,00670766,347890,KOSDAQ,연간x별도,재무제표,DS-1,PASS,,,2026-07-07T20:42:17
엠엑스온,00670766,347890,KOSDAQ,연간x별도,상단,DS-8,PASS,,,2026-07-07T20:42:17
엠엑스온,00670766,347890,KOSDAQ,연간x별도,상단,DS-7,PASS,"badges seen: ['✅', '🔎']",,2026-07-07T20:42:17
엠엑스온,00670766,347890,KOSDAQ,연간x별도,재무제표,CV-3,PASS,rows=29 cols=10 slider_extended=True,,2026-07-07T20:42:17
엠엑스온,00670766,347890,KOSDAQ,연간x별도,재무제표,DS-2/DS-3,DONE,"cross-check completed for ['매출액', '영업이익']",,2026-07-07T20:42:17
엠엑스온,00670766,347890,KOSDAQ,연간x별도,지표,CV-6,PASS,default metric selection visible,,2026-07-07T20:42:17
엠엑스온,00670766,347890,KOSDAQ,분기x연결,재무제표,DS-1,PASS,,,2026-07-07T20:42:23
엠엑스온,00670766,347890,KOSDAQ,분기x연결,상단,DS-8,PASS,,,2026-07-07T20:42:23
엠엑스온,00670766,347890,KOSDAQ,분기x연결,상단,DS-7,PASS,"badges seen: ['✅', '🔎']",,2026-07-07T20:42:23
엠엑스온,00670766,347890,KOSDAQ,분기x연결,재무제표,CV-3,PASS,rows=29 cols=7 slider_extended=True,,2026-07-07T20:42:23
엠엑스온,00670766,347890,KOSDAQ,분기x연결,재무제표,DS-2/DS-3,DONE,"cross-check completed for ['매출액', '영업이익']",,2026-07-07T20:42:23
엠엑스온,00670766,347890,KOSDAQ,분기x연결,지표,CV-6,PASS,default metric selection visible,,2026-07-07T20:42:23
엠엑스온,00670766,347890,KOSDAQ,분기x별도,재무제표,DS-1,PASS,,,2026-07-07T20:42:30
엠엑스온,00670766,347890,KOSDAQ,분기x별도,상단,DS-8,PASS,,,2026-07-07T20:42:30
엠엑스온,00670766,347890,KOSDAQ,분기x별도,상단,DS-7,PASS,"badges seen: ['✅', '🔎', '⚠']",,2026-07-07T20:42:30
엠엑스온,00670766,347890,KOSDAQ,분기x별도,재무제표,CV-3,PASS,rows=29 cols=29 slider_extended=True,,2026-07-07T20:42:30
엠엑스온,00670766,347890,KOSDAQ,분기x별도,재무제표,DS-2/DS-3,DONE,"cross-check completed for ['매출액', '영업이익']",,2026-07-07T20:42:30
엠엑스온,00670766,347890,KOSDAQ,분기x별도,지표,CV-6,PASS,default metric selection visible,,2026-07-07T20:42:30
엠오티,01563922,413390,KOSDAQ,연간x연결,재무제표,DS-1,PASS,,,2026-07-07T20:42:44
엠오티,01563922,413390,KOSDAQ,연간x연결,상단,DS-8,PASS,,,2026-07-07T20:42:44
엠오티,01563922,413390,KOSDAQ,연간x연결,상단,DS-7,PASS,"badges seen: ['✅', '🔎', '⚠']",,2026-07-07T20:42:44
엠오티,01563922,413390,KOSDAQ,연간x연결,재무제표,CV-3,PASS,rows=29 cols=6 slider_extended=True,,2026-07-07T20:42:44
엠오티,01563922,413390,KOSDAQ,연간x연결,재무제표,DS-2/DS-3,DONE,"cross-check completed for ['매출액', '영업이익']",,2026-07-07T20:42:44
엠오티,01563922,413390,KOSDAQ,연간x연결,지표,CV-6,PASS,default metric selection visible,,2026-07-07T20:42:44
엠오티,01563922,413390,KOSDAQ,연간x별도,재무제표,DS-1,PASS,,,2026-07-07T20:42:49
엠오티,01563922,413390,KOSDAQ,연간x별도,상단,DS-8,PASS,,,2026-07-07T20:42:49
엠오티,01563922,413390,KOSDAQ,연간x별도,상단,DS-7,PASS,"badges seen: ['✅', '🔎', '⚠']",,2026-07-07T20:42:49
엠오티,01563922,413390,KOSDAQ,연간x별도,재무제표,CV-3,PASS,rows=29 cols=6 slider_extended=True,,2026-07-07T20:42:49
엠오티,01563922,413390,KOSDAQ,연간x별도,재무제표,DS-2/DS-3,DONE,"cross-check completed for ['매출액', '영업이익']",,2026-07-07T20:42:49
엠오티,01563922,413390,KOSDAQ,연간x별도,지표,CV-6,PASS,default metric selection visible,,2026-07-07T20:42:49
엠오티,01563922,413390,KOSDAQ,분기x연결,재무제표,DS-1,PASS,,,2026-07-07T20:42:55
엠오티,01563922,413390,KOSDAQ,분기x연결,상단,DS-8,PASS,,,2026-07-07T20:42:55
엠오티,01563922,413390,KOSDAQ,분기x연결,상단,DS-7,PASS,"badges seen: ['✅', '🔎']",,2026-07-07T20:42:55
엠오티,01563922,413390,KOSDAQ,분기x연결,재무제표,CV-3,PASS,rows=29 cols=11 slider_extended=True,,2026-07-07T20:42:55
엠오티,01563922,413390,KOSDAQ,분기x연결,재무제표,DS-2/DS-3,DONE,"cross-check completed for ['매출액', '영업이익']",,2026-07-07T20:42:55
엠오티,01563922,413390,KOSDAQ,분기x연결,지표,CV-6,PASS,default metric selection visible,,2026-07-07T20:42:55
엠오티,01563922,413390,KOSDAQ,분기x별도,재무제표,DS-1,PASS,,,2026-07-07T20:43:02
엠오티,01563922,413390,KOSDAQ,분기x별도,상단,DS-8,PASS,,,2026-07-07T20:43:02
엠오티,01563922,413390,KOSDAQ,분기x별도,상단,DS-7,PASS,"badges seen: ['✅', '🔎']",,2026-07-07T20:43:02
엠오티,01563922,413390,KOSDAQ,분기x별도,재무제표,CV-3,PASS,rows=29 cols=11 slider_extended=True,,2026-07-07T20:43:02
엠오티,01563922,413390,KOSDAQ,분기x별도,재무제표,DS-2/DS-3,DONE,"cross-check completed for ['매출액', '영업이익']",,2026-07-07T20:43:02
엠오티,01563922,413390,KOSDAQ,분기x별도,지표,CV-6,PASS,default metric selection visible,,2026-07-07T20:43:02
엠젠솔루션,00110884,032790,KOSDAQ,연간x연결,재무제표,DS-1,PASS,,,2026-07-07T20:43:16
엠젠솔루션,00110884,032790,KOSDAQ,연간x연결,상단,DS-8,PASS,,,2026-07-07T20:43:16
엠젠솔루션,00110884,032790,KOSDAQ,연간x연결,상단,DS-7,PASS,"badges seen: ['✅', '🔎', '⚠']",,2026-07-07T20:43:16
엠젠솔루션,00110884,032790,KOSDAQ,연간x연결,재무제표,CV-3,PASS,rows=29 cols=19 slider_extended=True,,2026-07-07T20:43:16
엠젠솔루션,00110884,032790,KOSDAQ,연간x연결,재무제표,DS-2/DS-3,DONE,"cross-check completed for ['매출액', '영업이익']",,2026-07-07T20:43:16
엠젠솔루션,00110884,032790,KOSDAQ,연간x연결,지표,CV-6,PASS,default metric selection visible,,2026-07-07T20:43:16
엠젠솔루션,00110884,032790,KOSDAQ,연간x별도,재무제표,DS-1,PASS,,,2026-07-07T20:43:21
엠젠솔루션,00110884,032790,KOSDAQ,연간x별도,상단,DS-8,PASS,,,2026-07-07T20:43:21
엠젠솔루션,00110884,032790,KOSDAQ,연간x별도,상단,DS-7,PASS,"badges seen: ['✅', '🔎', '⚠']",,2026-07-07T20:43:21
엠젠솔루션,00110884,032790,KOSDAQ,연간x별도,재무제표,CV-3,PASS,rows=29 cols=28 slider_extended=True,,2026-07-07T20:43:21
엠젠솔루션,00110884,032790,KOSDAQ,연간x별도,재무제표,DS-2/DS-3,DONE,"cross-check completed for ['매출액', '영업이익']",,2026-07-07T20:43:21
엠젠솔루션,00110884,032790,KOSDAQ,연간x별도,지표,CV-6,PASS,default metric selection visible,,2026-07-07T20:43:21
엠젠솔루션,00110884,032790,KOSDAQ,분기x연결,재무제표,DS-1,PASS,,,2026-07-07T20:43:27
엠젠솔루션,00110884,032790,KOSDAQ,분기x연결,상단,DS-8,PASS,,,2026-07-07T20:43:27
엠젠솔루션,00110884,032790,KOSDAQ,분기x연결,상단,DS-7,PASS,"badges seen: ['✅', '🔎', '⚠']",,2026-07-07T20:43:27
엠젠솔루션,00110884,032790,KOSDAQ,분기x연결,재무제표,CV-3,PASS,rows=29 cols=60 slider_extended=True,,2026-07-07T20:43:27
엠젠솔루션,00110884,032790,KOSDAQ,분기x연결,재무제표,DS-2/DS-3,DONE,"cross-check completed for ['매출액', '영업이익']",,2026-07-07T20:43:27
엠젠솔루션,00110884,032790,KOSDAQ,분기x연결,지표,CV-6,PASS,default metric selection visible,,2026-07-07T20:43:27
엠젠솔루션,00110884,032790,KOSDAQ,분기x별도,재무제표,DS-1,PASS,,,2026-07-07T20:43:34
엠젠솔루션,00110884,032790,KOSDAQ,분기x별도,상단,DS-8,PASS,,,2026-07-07T20:43:34
엠젠솔루션,00110884,032790,KOSDAQ,분기x별도,상단,DS-7,PASS,"badges seen: ['✅', '🔎', '⚠']",,2026-07-07T20:43:34
엠젠솔루션,00110884,032790,KOSDAQ,분기x별도,재무제표,CV-3,PASS,rows=29 cols=88 slider_extended=True,,2026-07-07T20:43:34
엠젠솔루션,00110884,032790,KOSDAQ,분기x별도,재무제표,DS-2/DS-3,DONE,"cross-check completed for ['매출액', '영업이익']",,2026-07-07T20:43:34
엠젠솔루션,00110884,032790,KOSDAQ,분기x별도,지표,CV-6,PASS,default metric selection visible,,2026-07-07T20:43:34
엠케이전자,00121686,033160,KOSDAQ,연간x연결,재무제표,DS-1,PASS,,,2026-07-07T20:43:48
엠케이전자,00121686,033160,KOSDAQ,연간x연결,상단,DS-8,PASS,,,2026-07-07T20:43:48
엠케이전자,00121686,033160,KOSDAQ,연간x연결,상단,DS-7,PASS,"badges seen: ['✅', '🔎']",,2026-07-07T20:43:48
엠케이전자,00121686,033160,KOSDAQ,연간x연결,재무제표,CV-3,PASS,rows=29 cols=19 slider_extended=True,,2026-07-07T20:43:48
엠케이전자,00121686,033160,KOSDAQ,연간x연결,재무제표,DS-2/DS-3,DONE,"cross-check completed for ['매출액', '영업이익']",,2026-07-07T20:43:48
엠케이전자,00121686,033160,KOSDAQ,연간x연결,지표,CV-6,PASS,default metric selection visible,,2026-07-07T20:43:48
엠케이전자,00121686,033160,KOSDAQ,연간x별도,재무제표,DS-1,PASS,,,2026-07-07T20:43:53
엠케이전자,00121686,033160,KOSDAQ,연간x별도,상단,DS-8,PASS,,,2026-07-07T20:43:53
엠케이전자,00121686,033160,KOSDAQ,연간x별도,상단,DS-7,PASS,"badges seen: ['✅', '🔎', '⚠']",,2026-07-07T20:43:53
엠케이전자,00121686,033160,KOSDAQ,연간x별도,재무제표,CV-3,PASS,rows=29 cols=24 slider_extended=True,,2026-07-07T20:43:53
엠케이전자,00121686,033160,KOSDAQ,연간x별도,재무제표,DS-2/DS-3,DONE,"cross-check completed for ['매출액', '영업이익']",,2026-07-07T20:43:53
엠케이전자,00121686,033160,KOSDAQ,연간x별도,지표,CV-6,PASS,default metric selection visible,,2026-07-07T20:43:53
엠케이전자,00121686,033160,KOSDAQ,분기x연결,재무제표,DS-1,PASS,,,2026-07-07T20:43:59
엠케이전자,00121686,033160,KOSDAQ,분기x연결,상단,DS-8,PASS,,,2026-07-07T20:43:59
엠케이전자,00121686,033160,KOSDAQ,분기x연결,상단,DS-7,PASS,"badges seen: ['✅', '🔎']",,2026-07-07T20:43:59
엠케이전자,00121686,033160,KOSDAQ,분기x연결,재무제표,CV-3,PASS,rows=29 cols=60 slider_extended=True,,2026-07-07T20:43:59
엠케이전자,00121686,033160,KOSDAQ,분기x연결,재무제표,DS-2/DS-3,DONE,"cross-check completed for ['매출액', '영업이익']",,2026-07-07T20:43:59
엠케이전자,00121686,033160,KOSDAQ,분기x연결,지표,CV-6,PASS,default metric selection visible,,2026-07-07T20:43:59
엠케이전자,00121686,033160,KOSDAQ,분기x별도,재무제표,DS-1,PASS,,,2026-07-07T20:44:06
엠케이전자,00121686,033160,KOSDAQ,분기x별도,상단,DS-8,PASS,,,2026-07-07T20:44:06
엠케이전자,00121686,033160,KOSDAQ,분기x별도,상단,DS-7,PASS,"badges seen: ['✅', '🔎', '⚠']",,2026-07-07T20:44:06
엠케이전자,00121686,033160,KOSDAQ,분기x별도,재무제표,CV-3,PASS,rows=29 cols=82 slider_extended=True,,2026-07-07T20:44:06
엠케이전자,00121686,033160,KOSDAQ,분기x별도,재무제표,DS-2/DS-3,DONE,"cross-check completed for ['매출액', '영업이익']",,2026-07-07T20:44:06
엠케이전자,00121686,033160,KOSDAQ,분기x별도,지표,CV-6,PASS,default metric selection visible,,2026-07-07T20:44:06
엠투엔,00143226,033310,KOSDAQ,연간x연결,재무제표,DS-1,PASS,,,2026-07-07T20:44:20
엠투엔,00143226,033310,KOSDAQ,연간x연결,상단,DS-8,PASS,,,2026-07-07T20:44:20
엠투엔,00143226,033310,KOSDAQ,연간x연결,상단,DS-7,PASS,"badges seen: ['✅', '🔎']",,2026-07-07T20:44:20
엠투엔,00143226,033310,KOSDAQ,연간x연결,재무제표,CV-3,PASS,rows=29 cols=18 slider_extended=True,,2026-07-07T20:44:20
엠투엔,00143226,033310,KOSDAQ,연간x연결,재무제표,DS-2/DS-3,DONE,"cross-check completed for ['매출액', '영업이익']",,2026-07-07T20:44:20
엠투엔,00143226,033310,KOSDAQ,연간x연결,지표,CV-6,PASS,default metric selection visible,,2026-07-07T20:44:20
엠투엔,00143226,033310,KOSDAQ,연간x별도,재무제표,DS-1,PASS,,,2026-07-07T20:44:25
엠투엔,00143226,033310,KOSDAQ,연간x별도,상단,DS-8,PASS,,,2026-07-07T20:44:25
엠투엔,00143226,033310,KOSDAQ,연간x별도,상단,DS-7,PASS,"badges seen: ['✅', '🔎']",,2026-07-07T20:44:25
엠투엔,00143226,033310,KOSDAQ,연간x별도,재무제표,CV-3,PASS,rows=29 cols=29 slider_extended=True,,2026-07-07T20:44:25
엠투엔,00143226,033310,KOSDAQ,연간x별도,재무제표,DS-2/DS-3,DONE,"cross-check completed for ['매출액', '영업이익']",,2026-07-07T20:44:25
엠투엔,00143226,033310,KOSDAQ,연간x별도,지표,CV-6,PASS,default metric selection visible,,2026-07-07T20:44:25
엠투엔,00143226,033310,KOSDAQ,분기x연결,재무제표,DS-1,PASS,,,2026-07-07T20:44:31
엠투엔,00143226,033310,KOSDAQ,분기x연결,상단,DS-8,PASS,,,2026-07-07T20:44:31
엠투엔,00143226,033310,KOSDAQ,분기x연결,상단,DS-7,PASS,"badges seen: ['✅', '🔎']",,2026-07-07T20:44:31
엠투엔,00143226,033310,KOSDAQ,분기x연결,재무제표,CV-3,PASS,rows=29 cols=61 slider_extended=True,,2026-07-07T20:44:31
엠투엔,00143226,033310,KOSDAQ,분기x연결,재무제표,DS-2/DS-3,DONE,"cross-check completed for ['매출액', '영업이익']",,2026-07-07T20:44:31
엠투엔,00143226,033310,KOSDAQ,분기x연결,지표,CV-6,PASS,default metric selection visible,,2026-07-07T20:44:31
엠투엔,00143226,033310,KOSDAQ,분기x별도,재무제표,DS-1,PASS,,,2026-07-07T20:44:39
엠투엔,00143226,033310,KOSDAQ,분기x별도,상단,DS-8,PASS,,,2026-07-07T20:44:39
엠투엔,00143226,033310,KOSDAQ,분기x별도,상단,DS-7,PASS,"badges seen: ['✅', '🔎']",,2026-07-07T20:44:39
엠투엔,00143226,033310,KOSDAQ,분기x별도,재무제표,CV-3,PASS,rows=29 cols=87 slider_extended=True,,2026-07-07T20:44:39
엠투엔,00143226,033310,KOSDAQ,분기x별도,재무제표,DS-2/DS-3,DONE,"cross-check completed for ['매출액', '영업이익']",,2026-07-07T20:44:39
엠투엔,00143226,033310,KOSDAQ,분기x별도,지표,CV-6,PASS,default metric selection visible,,2026-07-07T20:44:39
엠플러스,00833064,259630,KOSDAQ,연간x연결,재무제표,DS-1,PASS,,,2026-07-07T20:44:52
엠플러스,00833064,259630,KOSDAQ,연간x연결,상단,DS-8,PASS,,,2026-07-07T20:44:52
엠플러스,00833064,259630,KOSDAQ,연간x연결,상단,DS-7,PASS,"badges seen: ['✅', '🔎']",,2026-07-07T20:44:52
엠플러스,00833064,259630,KOSDAQ,연간x연결,재무제표,CV-3,PASS,rows=29 cols=11 slider_extended=True,,2026-07-07T20:44:52
엠플러스,00833064,259630,KOSDAQ,연간x연결,재무제표,DS-2/DS-3,DONE,"cross-check completed for ['매출액', '영업이익']",,2026-07-07T20:44:52
엠플러스,00833064,259630,KOSDAQ,연간x연결,지표,CV-6,PASS,default metric selection visible,,2026-07-07T20:44:52
엠플러스,00833064,259630,KOSDAQ,연간x별도,재무제표,DS-1,PASS,,,2026-07-07T20:44:57
엠플러스,00833064,259630,KOSDAQ,연간x별도,상단,DS-8,PASS,,,2026-07-07T20:44:57
엠플러스,00833064,259630,KOSDAQ,연간x별도,상단,DS-7,PASS,"badges seen: ['✅', '🔎']",,2026-07-07T20:44:57
엠플러스,00833064,259630,KOSDAQ,연간x별도,재무제표,CV-3,PASS,rows=29 cols=12 slider_extended=True,,2026-07-07T20:44:57
엠플러스,00833064,259630,KOSDAQ,연간x별도,재무제표,DS-2/DS-3,DONE,"cross-check completed for ['매출액', '영업이익']",,2026-07-07T20:44:57
엠플러스,00833064,259630,KOSDAQ,연간x별도,지표,CV-6,PASS,default metric selection visible,,2026-07-07T20:44:57
엠플러스,00833064,259630,KOSDAQ,분기x연결,재무제표,DS-1,PASS,,,2026-07-07T20:45:03
엠플러스,00833064,259630,KOSDAQ,분기x연결,상단,DS-8,PASS,,,2026-07-07T20:45:03
엠플러스,00833064,259630,KOSDAQ,분기x연결,상단,DS-7,PASS,"badges seen: ['✅', '🔎', '⚠']",,2026-07-07T20:45:03
엠플러스,00833064,259630,KOSDAQ,분기x연결,재무제표,CV-3,PASS,rows=29 cols=36 slider_extended=True,,2026-07-07T20:45:03
엠플러스,00833064,259630,KOSDAQ,분기x연결,재무제표,DS-2/DS-3,DONE,"cross-check completed for ['매출액', '영업이익']",,2026-07-07T20:45:03
엠플러스,00833064,259630,KOSDAQ,분기x연결,지표,CV-6,PASS,default metric selection visible,,2026-07-07T20:45:03
엠플러스,00833064,259630,KOSDAQ,분기x별도,재무제표,DS-1,PASS,,,2026-07-07T20:45:11
엠플러스,00833064,259630,KOSDAQ,분기x별도,상단,DS-8,PASS,,,2026-07-07T20:45:11
엠플러스,00833064,259630,KOSDAQ,분기x별도,상단,DS-7,PASS,"badges seen: ['✅', '🔎']",,2026-07-07T20:45:11
엠플러스,00833064,259630,KOSDAQ,분기x별도,재무제표,CV-3,PASS,rows=29 cols=41 slider_extended=True,,2026-07-07T20:45:11
엠플러스,00833064,259630,KOSDAQ,분기x별도,재무제표,DS-2/DS-3,DONE,"cross-check completed for ['매출액', '영업이익']",,2026-07-07T20:45:11
엠플러스,00833064,259630,KOSDAQ,분기x별도,지표,CV-6,PASS,default metric selection visible,,2026-07-07T20:45:11
엣지파운드리,00766106,105550,KOSDAQ,연간x연결,재무제표,DS-1,PASS,,,2026-07-07T20:45:24
엣지파운드리,00766106,105550,KOSDAQ,연간x연결,상단,DS-8,PASS,,,2026-07-07T20:45:24
엣지파운드리,00766106,105550,KOSDAQ,연간x연결,상단,DS-7,PASS,"badges seen: ['✅', '🔎', '⚠']",,2026-07-07T20:45:24
엣지파운드리,00766106,105550,KOSDAQ,연간x연결,재무제표,CV-3,PASS,rows=29 cols=10 slider_extended=True,,2026-07-07T20:45:24
엣지파운드리,00766106,105550,KOSDAQ,연간x연결,재무제표,DS-2/DS-3,DONE,"cross-check completed for ['매출액', '영업이익']",,2026-07-07T20:45:24
엣지파운드리,00766106,105550,KOSDAQ,연간x연결,지표,CV-6,PASS,default metric selection visible,,2026-07-07T20:45:24
엣지파운드리,00766106,105550,KOSDAQ,연간x별도,재무제표,DS-1,PASS,,,2026-07-07T20:45:29
엣지파운드리,00766106,105550,KOSDAQ,연간x별도,상단,DS-8,PASS,,,2026-07-07T20:45:29
엣지파운드리,00766106,105550,KOSDAQ,연간x별도,상단,DS-7,PASS,"badges seen: ['✅', '🔎', '⚠']",,2026-07-07T20:45:29
엣지파운드리,00766106,105550,KOSDAQ,연간x별도,재무제표,CV-3,PASS,rows=29 cols=16 slider_extended=True,,2026-07-07T20:45:29
엣지파운드리,00766106,105550,KOSDAQ,연간x별도,재무제표,DS-2/DS-3,DONE,"cross-check completed for ['매출액', '영업이익']",,2026-07-07T20:45:29
엣지파운드리,00766106,105550,KOSDAQ,연간x별도,지표,CV-6,PASS,default metric selection visible,,2026-07-07T20:45:29
엣지파운드리,00766106,105550,KOSDAQ,분기x연결,재무제표,DS-1,PASS,,,2026-07-07T20:45:35
엣지파운드리,00766106,105550,KOSDAQ,분기x연결,상단,DS-8,PASS,,,2026-07-07T20:45:35
엣지파운드리,00766106,105550,KOSDAQ,분기x연결,상단,DS-7,PASS,"badges seen: ['✅', '🔎']",,2026-07-07T20:45:35
엣지파운드리,00766106,105550,KOSDAQ,분기x연결,재무제표,CV-3,PASS,rows=29 cols=29 slider_extended=True,,2026-07-07T20:45:35
엣지파운드리,00766106,105550,KOSDAQ,분기x연결,재무제표,DS-2/DS-3,DONE,"cross-check completed for ['매출액', '영업이익']",,2026-07-07T20:45:35
엣지파운드리,00766106,105550,KOSDAQ,분기x연결,지표,CV-6,PASS,default metric selection visible,,2026-07-07T20:45:35
엣지파운드리,00766106,105550,KOSDAQ,분기x별도,재무제표,DS-1,PASS,,,2026-07-07T20:45:43
엣지파운드리,00766106,105550,KOSDAQ,분기x별도,상단,DS-8,PASS,,,2026-07-07T20:45:43
엣지파운드리,00766106,105550,KOSDAQ,분기x별도,상단,DS-7,PASS,"badges seen: ['✅', '🔎']",,2026-07-07T20:45:43
엣지파운드리,00766106,105550,KOSDAQ,분기x별도,재무제표,CV-3,PASS,rows=29 cols=54 slider_extended=True,,2026-07-07T20:45:43
엣지파운드리,00766106,105550,KOSDAQ,분기x별도,재무제표,DS-2/DS-3,DONE,"cross-check completed for ['매출액', '영업이익']",,2026-07-07T20:45:43
엣지파운드리,00766106,105550,KOSDAQ,분기x별도,지표,CV-6,PASS,default metric selection visible,,2026-07-07T20:45:43
영림원소프트랩,00532129,060850,KOSDAQ,연간x연결,재무제표,DS-1,PASS,,,2026-07-07T20:45:56
영림원소프트랩,00532129,060850,KOSDAQ,연간x연결,상단,DS-8,PASS,,,2026-07-07T20:45:56
영림원소프트랩,00532129,060850,KOSDAQ,연간x연결,상단,DS-7,PASS,"badges seen: ['✅', '🔎']",,2026-07-07T20:45:56
영림원소프트랩,00532129,060850,KOSDAQ,연간x연결,재무제표,CV-3,PASS,rows=29 cols=10 slider_extended=True,,2026-07-07T20:45:56
영림원소프트랩,00532129,060850,KOSDAQ,연간x연결,재무제표,DS-2/DS-3,DONE,"cross-check completed for ['매출액', '영업이익']",,2026-07-07T20:45:56
영림원소프트랩,00532129,060850,KOSDAQ,연간x연결,지표,CV-6,PASS,default metric selection visible,,2026-07-07T20:45:56
영림원소프트랩,00532129,060850,KOSDAQ,연간x별도,재무제표,DS-1,PASS,,,2026-07-07T20:46:01
영림원소프트랩,00532129,060850,KOSDAQ,연간x별도,상단,DS-8,PASS,,,2026-07-07T20:46:01
영림원소프트랩,00532129,060850,KOSDAQ,연간x별도,상단,DS-7,PASS,"badges seen: ['✅', '🔎']",,2026-07-07T20:46:01
영림원소프트랩,00532129,060850,KOSDAQ,연간x별도,재무제표,CV-3,PASS,rows=29 cols=10 slider_extended=True,,2026-07-07T20:46:01
영림원소프트랩,00532129,060850,KOSDAQ,연간x별도,재무제표,DS-2/DS-3,DONE,"cross-check completed for ['매출액', '영업이익']",,2026-07-07T20:46:01
영림원소프트랩,00532129,060850,KOSDAQ,연간x별도,지표,CV-6,PASS,default metric selection visible,,2026-07-07T20:46:01
영림원소프트랩,00532129,060850,KOSDAQ,분기x연결,재무제표,DS-1,PASS,,,2026-07-07T20:46:07
영림원소프트랩,00532129,060850,KOSDAQ,분기x연결,상단,DS-8,PASS,,,2026-07-07T20:46:07
영림원소프트랩,00532129,060850,KOSDAQ,분기x연결,상단,DS-7,PASS,"badges seen: ['✅', '🔎', '⚠']",,2026-07-07T20:46:07
영림원소프트랩,00532129,060850,KOSDAQ,분기x연결,재무제표,CV-3,PASS,rows=29 cols=29 slider_extended=True,,2026-07-07T20:46:07
영림원소프트랩,00532129,060850,KOSDAQ,분기x연결,재무제표,DS-2/DS-3,DONE,"cross-check completed for ['매출액', '영업이익']",,2026-07-07T20:46:07
영림원소프트랩,00532129,060850,KOSDAQ,분기x연결,지표,CV-6,PASS,default metric selection visible,,2026-07-07T20:46:07
영림원소프트랩,00532129,060850,KOSDAQ,분기x별도,재무제표,DS-1,PASS,,,2026-07-07T20:46:15
영림원소프트랩,00532129,060850,KOSDAQ,분기x별도,상단,DS-8,PASS,,,2026-07-07T20:46:15
영림원소프트랩,00532129,060850,KOSDAQ,분기x별도,상단,DS-7,PASS,"badges seen: ['✅', '🔎', '⚠']",,2026-07-07T20:46:15
영림원소프트랩,00532129,060850,KOSDAQ,분기x별도,재무제표,CV-3,PASS,rows=29 cols=29 slider_extended=True,,2026-07-07T20:46:15
영림원소프트랩,00532129,060850,KOSDAQ,분기x별도,재무제표,DS-2/DS-3,DONE,"cross-check completed for ['매출액', '영업이익']",,2026-07-07T20:46:15
영림원소프트랩,00532129,060850,KOSDAQ,분기x별도,지표,CV-6,PASS,default metric selection visible,,2026-07-07T20:46:15
영우디에스피,00569646,143540,KOSDAQ,연간x연결,재무제표,DS-1,PASS,,,2026-07-07T20:46:28
영우디에스피,00569646,143540,KOSDAQ,연간x연결,상단,DS-8,PASS,,,2026-07-07T20:46:28
영우디에스피,00569646,143540,KOSDAQ,연간x연결,상단,DS-7,PASS,"badges seen: ['✅', '🔎']",,2026-07-07T20:46:28
영우디에스피,00569646,143540,KOSDAQ,연간x연결,재무제표,CV-3,PASS,rows=29 cols=14 slider_extended=True,,2026-07-07T20:46:28
영우디에스피,00569646,143540,KOSDAQ,연간x연결,재무제표,DS-2/DS-3,DONE,"cross-check completed for ['매출액', '영업이익']",,2026-07-07T20:46:28
영우디에스피,00569646,143540,KOSDAQ,연간x연결,지표,CV-6,PASS,default metric selection visible,,2026-07-07T20:46:28
영우디에스피,00569646,143540,KOSDAQ,연간x별도,재무제표,DS-1,PASS,,,2026-07-07T20:46:33
영우디에스피,00569646,143540,KOSDAQ,연간x별도,상단,DS-8,PASS,,,2026-07-07T20:46:33
영우디에스피,00569646,143540,KOSDAQ,연간x별도,상단,DS-7,PASS,"badges seen: ['✅', '🔎']",,2026-07-07T20:46:33
영우디에스피,00569646,143540,KOSDAQ,연간x별도,재무제표,CV-3,PASS,rows=29 cols=16 slider_extended=True,,2026-07-07T20:46:33
영우디에스피,00569646,143540,KOSDAQ,연간x별도,재무제표,DS-2/DS-3,DONE,"cross-check completed for ['매출액', '영업이익']",,2026-07-07T20:46:33
영우디에스피,00569646,143540,KOSDAQ,연간x별도,지표,CV-6,PASS,default metric selection visible,,2026-07-07T20:46:33
영우디에스피,00569646,143540,KOSDAQ,분기x연결,재무제표,DS-1,PASS,,,2026-07-07T20:46:39
영우디에스피,00569646,143540,KOSDAQ,분기x연결,상단,DS-8,PASS,,,2026-07-07T20:46:39
영우디에스피,00569646,143540,KOSDAQ,분기x연결,상단,DS-7,PASS,"badges seen: ['✅', '🔎', '⚠']",,2026-07-07T20:46:39
영우디에스피,00569646,143540,KOSDAQ,분기x연결,재무제표,CV-3,PASS,rows=29 cols=44 slider_extended=True,,2026-07-07T20:46:39
영우디에스피,00569646,143540,KOSDAQ,분기x연결,재무제표,DS-2/DS-3,DONE,"cross-check completed for ['매출액', '영업이익']",,2026-07-07T20:46:39
영우디에스피,00569646,143540,KOSDAQ,분기x연결,지표,CV-6,PASS,default metric selection visible,,2026-07-07T20:46:39
영우디에스피,00569646,143540,KOSDAQ,분기x별도,재무제표,DS-1,PASS,,,2026-07-07T20:46:47
영우디에스피,00569646,143540,KOSDAQ,분기x별도,상단,DS-8,PASS,,,2026-07-07T20:46:47
영우디에스피,00569646,143540,KOSDAQ,분기x별도,상단,DS-7,PASS,"badges seen: ['✅', '🔎', '⚠']",,2026-07-07T20:46:47
영우디에스피,00569646,143540,KOSDAQ,분기x별도,재무제표,CV-3,PASS,rows=29 cols=54 slider_extended=True,,2026-07-07T20:46:47
영우디에스피,00569646,143540,KOSDAQ,분기x별도,재무제표,DS-2/DS-3,DONE,"cross-check completed for ['매출액', '영업이익']",,2026-07-07T20:46:47
영우디에스피,00569646,143540,KOSDAQ,분기x별도,지표,CV-6,PASS,default metric selection visible,,2026-07-07T20:46:47
영화테크,00659976,265560,KOSDAQ,연간x연결,재무제표,DS-1,PASS,,,2026-07-07T20:47:00
영화테크,00659976,265560,KOSDAQ,연간x연결,상단,DS-8,PASS,,,2026-07-07T20:47:00
영화테크,00659976,265560,KOSDAQ,연간x연결,상단,DS-7,PASS,"badges seen: ['✅', '🔎', '⚠']",,2026-07-07T20:47:00
영화테크,00659976,265560,KOSDAQ,연간x연결,재무제표,CV-3,PASS,rows=29 cols=13 slider_extended=True,,2026-07-07T20:47:00
영화테크,00659976,265560,KOSDAQ,연간x연결,재무제표,DS-2/DS-3,DONE,"cross-check completed for ['매출액', '영업이익']",,2026-07-07T20:47:00
영화테크,00659976,265560,KOSDAQ,연간x연결,지표,CV-6,PASS,default metric selection visible,,2026-07-07T20:47:00
영화테크,00659976,265560,KOSDAQ,연간x별도,재무제표,DS-1,PASS,,,2026-07-07T20:47:05
영화테크,00659976,265560,KOSDAQ,연간x별도,상단,DS-8,PASS,,,2026-07-07T20:47:05
영화테크,00659976,265560,KOSDAQ,연간x별도,상단,DS-7,PASS,"badges seen: ['✅', '🔎', '⚠']",,2026-07-07T20:47:05
영화테크,00659976,265560,KOSDAQ,연간x별도,재무제표,CV-3,PASS,rows=29 cols=13 slider_extended=True,,2026-07-07T20:47:05
영화테크,00659976,265560,KOSDAQ,연간x별도,재무제표,DS-2/DS-3,DONE,"cross-check completed for ['매출액', '영업이익']",,2026-07-07T20:47:05
영화테크,00659976,265560,KOSDAQ,연간x별도,지표,CV-6,PASS,default metric selection visible,,2026-07-07T20:47:05
영화테크,00659976,265560,KOSDAQ,분기x연결,재무제표,DS-1,PASS,,,2026-07-07T20:47:12
영화테크,00659976,265560,KOSDAQ,분기x연결,상단,DS-8,PASS,,,2026-07-07T20:47:12
영화테크,00659976,265560,KOSDAQ,분기x연결,상단,DS-7,PASS,"badges seen: ['✅', '🔎', '⚠']",,2026-07-07T20:47:12
영화테크,00659976,265560,KOSDAQ,분기x연결,재무제표,CV-3,PASS,rows=29 cols=40 slider_extended=True,,2026-07-07T20:47:12
영화테크,00659976,265560,KOSDAQ,분기x연결,재무제표,DS-2/DS-3,DONE,"cross-check completed for ['매출액', '영업이익']",,2026-07-07T20:47:12
영화테크,00659976,265560,KOSDAQ,분기x연결,지표,CV-6,PASS,default metric selection visible,,2026-07-07T20:47:12
영화테크,00659976,265560,KOSDAQ,분기x별도,재무제표,DS-1,PASS,,,2026-07-07T20:47:19
영화테크,00659976,265560,KOSDAQ,분기x별도,상단,DS-8,PASS,,,2026-07-07T20:47:19
영화테크,00659976,265560,KOSDAQ,분기x별도,상단,DS-7,PASS,"badges seen: ['✅', '🔎', '⚠']",,2026-07-07T20:47:19
영화테크,00659976,265560,KOSDAQ,분기x별도,재무제표,CV-3,PASS,rows=29 cols=40 slider_extended=True,,2026-07-07T20:47:19
영화테크,00659976,265560,KOSDAQ,분기x별도,재무제표,DS-2/DS-3,DONE,"cross-check completed for ['매출액', '영업이익']",,2026-07-07T20:47:19
영화테크,00659976,265560,KOSDAQ,분기x별도,지표,CV-6,PASS,default metric selection visible,,2026-07-07T20:47:19
예림당,00259934,036000,KOSDAQ,연간x연결,재무제표,DS-1,PASS,,,2026-07-07T20:47:32
예림당,00259934,036000,KOSDAQ,연간x연결,상단,DS-8,PASS,,,2026-07-07T20:47:32
예림당,00259934,036000,KOSDAQ,연간x연결,상단,DS-7,PASS,"badges seen: ['✅', '🔎', '⚠']",,2026-07-07T20:47:32
예림당,00259934,036000,KOSDAQ,연간x연결,재무제표,CV-3,PASS,rows=29 cols=18 slider_extended=True,,2026-07-07T20:47:32
예림당,00259934,036000,KOSDAQ,연간x연결,재무제표,DS-2/DS-3,DONE,"cross-check completed for ['매출액', '영업이익']",,2026-07-07T20:47:32
예림당,00259934,036000,KOSDAQ,연간x연결,지표,CV-6,PASS,default metric selection visible,,2026-07-07T20:47:32
예림당,00259934,036000,KOSDAQ,연간x별도,재무제표,DS-1,PASS,,,2026-07-07T20:47:38
예림당,00259934,036000,KOSDAQ,연간x별도,상단,DS-8,PASS,,,2026-07-07T20:47:38
예림당,00259934,036000,KOSDAQ,연간x별도,상단,DS-7,PASS,"badges seen: ['✅', '🔎', '⚠']",,2026-07-07T20:47:38
예림당,00259934,036000,KOSDAQ,연간x별도,재무제표,CV-3,PASS,rows=29 cols=25 slider_extended=True,,2026-07-07T20:47:38
예림당,00259934,036000,KOSDAQ,연간x별도,재무제표,DS-2/DS-3,DONE,"cross-check completed for ['매출액', '영업이익']",,2026-07-07T20:47:38
예림당,00259934,036000,KOSDAQ,연간x별도,지표,CV-6,PASS,default metric selection visible,,2026-07-07T20:47:38
예림당,00259934,036000,KOSDAQ,분기x연결,재무제표,DS-1,PASS,,,2026-07-07T20:47:44
예림당,00259934,036000,KOSDAQ,분기x연결,상단,DS-8,PASS,,,2026-07-07T20:47:44
예림당,00259934,036000,KOSDAQ,분기x연결,상단,DS-7,PASS,"badges seen: ['✅', '🔎', '⚠']",,2026-07-07T20:47:44
예림당,00259934,036000,KOSDAQ,분기x연결,재무제표,CV-3,PASS,rows=29 cols=57 slider_extended=True,,2026-07-07T20:47:44
예림당,00259934,036000,KOSDAQ,분기x연결,재무제표,DS-2/DS-3,DONE,"cross-check completed for ['매출액', '영업이익']",,2026-07-07T20:47:44
예림당,00259934,036000,KOSDAQ,분기x연결,지표,CV-6,PASS,default metric selection visible,,2026-07-07T20:47:44
예림당,00259934,036000,KOSDAQ,분기x별도,재무제표,DS-1,PASS,,,2026-07-07T20:47:51
예림당,00259934,036000,KOSDAQ,분기x별도,상단,DS-8,PASS,,,2026-07-07T20:47:51
예림당,00259934,036000,KOSDAQ,분기x별도,상단,DS-7,PASS,"badges seen: ['✅', '🔎', '⚠']",,2026-07-07T20:47:51
예림당,00259934,036000,KOSDAQ,분기x별도,재무제표,CV-3,PASS,rows=29 cols=81 slider_extended=True,,2026-07-07T20:47:51
예림당,00259934,036000,KOSDAQ,분기x별도,재무제표,DS-2/DS-3,DONE,"cross-check completed for ['매출액', '영업이익']",,2026-07-07T20:47:51
예림당,00259934,036000,KOSDAQ,분기x별도,지표,CV-6,PASS,default metric selection visible,,2026-07-07T20:47:51
예선테크,01166109,250930,KOSDAQ,연간x연결,재무제표,DS-1,PASS,,,2026-07-07T20:48:05
예선테크,01166109,250930,KOSDAQ,연간x연결,상단,DS-8,PASS,,,2026-07-07T20:48:05
예선테크,01166109,250930,KOSDAQ,연간x연결,상단,DS-7,PASS,"badges seen: ['✅', '🔎', '⚠']",,2026-07-07T20:48:05
예선테크,01166109,250930,KOSDAQ,연간x연결,재무제표,CV-3,PASS,rows=29 cols=11 slider_extended=True,,2026-07-07T20:48:05
예선테크,01166109,250930,KOSDAQ,연간x연결,재무제표,DS-2/DS-3,DONE,"cross-check completed for ['매출액', '영업이익']",,2026-07-07T20:48:05
예선테크,01166109,250930,KOSDAQ,연간x연결,지표,CV-6,PASS,default metric selection visible,,2026-07-07T20:48:05
예선테크,01166109,250930,KOSDAQ,연간x별도,재무제표,DS-1,PASS,,,2026-07-07T20:48:10
예선테크,01166109,250930,KOSDAQ,연간x별도,상단,DS-8,PASS,,,2026-07-07T20:48:10
예선테크,01166109,250930,KOSDAQ,연간x별도,상단,DS-7,PASS,"badges seen: ['✅', '🔎', '⚠']",,2026-07-07T20:48:10
예선테크,01166109,250930,KOSDAQ,연간x별도,재무제표,CV-3,PASS,rows=29 cols=14 slider_extended=True,,2026-07-07T20:48:10
예선테크,01166109,250930,KOSDAQ,연간x별도,재무제표,DS-2/DS-3,DONE,"cross-check completed for ['매출액', '영업이익']",,2026-07-07T20:48:10
예선테크,01166109,250930,KOSDAQ,연간x별도,지표,CV-6,PASS,default metric selection visible,,2026-07-07T20:48:10
예선테크,01166109,250930,KOSDAQ,분기x연결,재무제표,DS-1,PASS,,,2026-07-07T20:48:16
예선테크,01166109,250930,KOSDAQ,분기x연결,상단,DS-8,PASS,,,2026-07-07T20:48:16
예선테크,01166109,250930,KOSDAQ,분기x연결,상단,DS-7,PASS,"badges seen: ['✅', '🔎', '⚠']",,2026-07-07T20:48:16
예선테크,01166109,250930,KOSDAQ,분기x연결,재무제표,CV-3,PASS,rows=29 cols=33 slider_extended=True,,2026-07-07T20:48:16
예선테크,01166109,250930,KOSDAQ,분기x연결,재무제표,DS-2/DS-3,DONE,"cross-check completed for ['매출액', '영업이익']",,2026-07-07T20:48:16
예선테크,01166109,250930,KOSDAQ,분기x연결,지표,CV-6,PASS,default metric selection visible,,2026-07-07T20:48:16
예선테크,01166109,250930,KOSDAQ,분기x별도,재무제표,DS-1,PASS,,,2026-07-07T20:48:23
예선테크,01166109,250930,KOSDAQ,분기x별도,상단,DS-8,PASS,,,2026-07-07T20:48:23
예선테크,01166109,250930,KOSDAQ,분기x별도,상단,DS-7,PASS,"badges seen: ['✅', '🔎', '⚠']",,2026-07-07T20:48:23
예선테크,01166109,250930,KOSDAQ,분기x별도,재무제표,CV-3,PASS,rows=29 cols=42 slider_extended=True,,2026-07-07T20:48:23
예선테크,01166109,250930,KOSDAQ,분기x별도,재무제표,DS-2/DS-3,DONE,"cross-check completed for ['매출액', '영업이익']",,2026-07-07T20:48:23
예선테크,01166109,250930,KOSDAQ,분기x별도,지표,CV-6,PASS,default metric selection visible,,2026-07-07T20:48:23
오가노이드사이언스,01626391,476040,KOSDAQ,연간x연결,재무제표,DS-1,PASS,,,2026-07-07T20:48:36
오가노이드사이언스,01626391,476040,KOSDAQ,연간x연결,상단,DS-8,PASS,,,2026-07-07T20:48:36
오가노이드사이언스,01626391,476040,KOSDAQ,연간x연결,상단,DS-7,PASS,"badges seen: ['✅', '🔎']",,2026-07-07T20:48:36
오가노이드사이언스,01626391,476040,KOSDAQ,연간x연결,재무제표,CV-3,PASS,rows=29 cols=5 slider_extended=True,,2026-07-07T20:48:36
오가노이드사이언스,01626391,476040,KOSDAQ,연간x연결,재무제표,DS-2/DS-3,DONE,"cross-check completed for ['매출액', '영업이익']",,2026-07-07T20:48:36
오가노이드사이언스,01626391,476040,KOSDAQ,연간x연결,지표,CV-6,PASS,default metric selection visible,,2026-07-07T20:48:36
오가노이드사이언스,01626391,476040,KOSDAQ,연간x별도,재무제표,DS-1,PASS,,,2026-07-07T20:48:41
오가노이드사이언스,01626391,476040,KOSDAQ,연간x별도,상단,DS-8,PASS,,,2026-07-07T20:48:41
오가노이드사이언스,01626391,476040,KOSDAQ,연간x별도,상단,DS-7,PASS,"badges seen: ['✅', '🔎']",,2026-07-07T20:48:41
오가노이드사이언스,01626391,476040,KOSDAQ,연간x별도,재무제표,CV-3,PASS,rows=29 cols=5 slider_extended=True,,2026-07-07T20:48:41
오가노이드사이언스,01626391,476040,KOSDAQ,연간x별도,재무제표,DS-2/DS-3,DONE,"cross-check completed for ['매출액', '영업이익']",,2026-07-07T20:48:41
오가노이드사이언스,01626391,476040,KOSDAQ,연간x별도,지표,CV-6,PASS,default metric selection visible,,2026-07-07T20:48:41
오가노이드사이언스,01626391,476040,KOSDAQ,분기x연결,재무제표,DS-1,PASS,,,2026-07-07T20:48:48
오가노이드사이언스,01626391,476040,KOSDAQ,분기x연결,상단,DS-8,PASS,,,2026-07-07T20:48:48
오가노이드사이언스,01626391,476040,KOSDAQ,분기x연결,상단,DS-7,PASS,"badges seen: ['✅', '🔎']",,2026-07-07T20:48:48
오가노이드사이언스,01626391,476040,KOSDAQ,분기x연결,재무제표,CV-3,PASS,rows=29 cols=9 slider_extended=True,,2026-07-07T20:48:48
오가노이드사이언스,01626391,476040,KOSDAQ,분기x연결,재무제표,DS-2/DS-3,DONE,"cross-check completed for ['매출액', '영업이익']",,2026-07-07T20:48:48
오가노이드사이언스,01626391,476040,KOSDAQ,분기x연결,지표,CV-6,PASS,default metric selection visible,,2026-07-07T20:48:48
오가노이드사이언스,01626391,476040,KOSDAQ,분기x별도,재무제표,DS-1,PASS,,,2026-07-07T20:48:55
오가노이드사이언스,01626391,476040,KOSDAQ,분기x별도,상단,DS-8,PASS,,,2026-07-07T20:48:55
오가노이드사이언스,01626391,476040,KOSDAQ,분기x별도,상단,DS-7,PASS,"badges seen: ['✅', '🔎']",,2026-07-07T20:48:55
오가노이드사이언스,01626391,476040,KOSDAQ,분기x별도,재무제표,CV-3,PASS,rows=29 cols=9 slider_extended=True,,2026-07-07T20:48:55
오가노이드사이언스,01626391,476040,KOSDAQ,분기x별도,재무제표,DS-2/DS-3,DONE,"cross-check completed for ['매출액', '영업이익']",,2026-07-07T20:48:55
오가노이드사이언스,01626391,476040,KOSDAQ,분기x별도,지표,CV-6,PASS,default metric selection visible,,2026-07-07T20:48:55
오가닉티코스메틱,01169434,900300,KOSDAQ,연간x연결,재무제표,DS-1,PASS,,,2026-07-07T20:49:08
오가닉티코스메틱,01169434,900300,KOSDAQ,연간x연결,상단,DS-8,PASS,,,2026-07-07T20:49:08
오가닉티코스메틱,01169434,900300,KOSDAQ,연간x연결,상단,DS-7,PASS,"badges seen: ['✅', '🔎', '⚠']",,2026-07-07T20:49:08
오가닉티코스메틱,01169434,900300,KOSDAQ,연간x연결,재무제표,CV-3,PASS,rows=29 cols=14 slider_extended=True,,2026-07-07T20:49:08
오가닉티코스메틱,01169434,900300,KOSDAQ,연간x연결,재무제표,DS-2/DS-3,DONE,"cross-check completed for ['매출액', '영업이익']",,2026-07-07T20:49:08
오가닉티코스메틱,01169434,900300,KOSDAQ,연간x연결,지표,CV-6,PASS,default metrics not found,,2026-07-07T20:49:08
오가닉티코스메틱,01169434,900300,KOSDAQ,연간x별도,재무제표,DS-1,PASS,,,2026-07-07T20:49:14
오가닉티코스메틱,01169434,900300,KOSDAQ,연간x별도,상단,DS-8,PASS,,,2026-07-07T20:49:14
오가닉티코스메틱,01169434,900300,KOSDAQ,연간x별도,상단,DS-4,PASS,substitution caption present,,2026-07-07T20:49:14
오가닉티코스메틱,01169434,900300,KOSDAQ,연간x별도,상단,DS-7,PASS,"badges seen: ['✅', '🔎', '⚠']",,2026-07-07T20:49:14
오가닉티코스메틱,01169434,900300,KOSDAQ,연간x별도,재무제표,CV-3,PASS,rows=29 cols=14 slider_extended=True,,2026-07-07T20:49:14
오가닉티코스메틱,01169434,900300,KOSDAQ,연간x별도,재무제표,DS-2/DS-3,DONE,"cross-check completed for ['매출액', '영업이익']",,2026-07-07T20:49:14
오가닉티코스메틱,01169434,900300,KOSDAQ,연간x별도,지표,CV-6,PASS,default metric selection visible,,2026-07-07T20:49:14
오가닉티코스메틱,01169434,900300,KOSDAQ,분기x연결,재무제표,DS-1,PASS,,,2026-07-07T20:49:20
오가닉티코스메틱,01169434,900300,KOSDAQ,분기x연결,상단,DS-8,PASS,,,2026-07-07T20:49:20
오가닉티코스메틱,01169434,900300,KOSDAQ,분기x연결,상단,DS-7,PASS,"badges seen: ['✅', '🔎', '⚠']",,2026-07-07T20:49:20
오가닉티코스메틱,01169434,900300,KOSDAQ,분기x연결,재무제표,CV-3,PASS,rows=29 cols=46 slider_extended=True,,2026-07-07T20:49:20
오가닉티코스메틱,01169434,900300,KOSDAQ,분기x연결,재무제표,DS-2/DS-3,DONE,"cross-check completed for ['매출액', '영업이익']",,2026-07-07T20:49:20
오가닉티코스메틱,01169434,900300,KOSDAQ,분기x연결,지표,CV-6,PASS,default metric selection visible,,2026-07-07T20:49:20
오가닉티코스메틱,01169434,900300,KOSDAQ,분기x별도,재무제표,DS-1,PASS,,,2026-07-07T20:49:27
오가닉티코스메틱,01169434,900300,KOSDAQ,분기x별도,상단,DS-8,PASS,,,2026-07-07T20:49:27
오가닉티코스메틱,01169434,900300,KOSDAQ,분기x별도,상단,DS-4,PASS,substitution caption present,,2026-07-07T20:49:27
오가닉티코스메틱,01169434,900300,KOSDAQ,분기x별도,상단,DS-7,PASS,"badges seen: ['✅', '🔎', '⚠']",,2026-07-07T20:49:27
오가닉티코스메틱,01169434,900300,KOSDAQ,분기x별도,재무제표,CV-3,PASS,rows=29 cols=46 slider_extended=True,,2026-07-07T20:49:27
오가닉티코스메틱,01169434,900300,KOSDAQ,분기x별도,재무제표,DS-2/DS-3,DONE,"cross-check completed for ['매출액', '영업이익']",,2026-07-07T20:49:27
오가닉티코스메틱,01169434,900300,KOSDAQ,분기x별도,지표,CV-6,PASS,default metric selection visible,,2026-07-07T20:49:27
오공,00220969,045060,KOSDAQ,연간x연결,재무제표,DS-1,PASS,,,2026-07-07T20:49:40
오공,00220969,045060,KOSDAQ,연간x연결,상단,DS-8,PASS,,,2026-07-07T20:49:40
오공,00220969,045060,KOSDAQ,연간x연결,상단,DS-7,PASS,"badges seen: ['✅', '🔎']",,2026-07-07T20:49:40
오공,00220969,045060,KOSDAQ,연간x연결,재무제표,CV-3,PASS,rows=29 cols=19 slider_extended=True,,2026-07-07T20:49:40
오공,00220969,045060,KOSDAQ,연간x연결,재무제표,DS-2/DS-3,DONE,"cross-check completed for ['매출액', '영업이익']",,2026-07-07T20:49:40
오공,00220969,045060,KOSDAQ,연간x연결,지표,CV-6,PASS,default metric selection visible,,2026-07-07T20:49:40
오공,00220969,045060,KOSDAQ,연간x별도,재무제표,DS-1,PASS,,,2026-07-07T20:49:46
오공,00220969,045060,KOSDAQ,연간x별도,상단,DS-8,PASS,,,2026-07-07T20:49:46
오공,00220969,045060,KOSDAQ,연간x별도,상단,DS-7,PASS,"badges seen: ['✅', '🔎']",,2026-07-07T20:49:46
오공,00220969,045060,KOSDAQ,연간x별도,재무제표,CV-3,PASS,rows=29 cols=29 slider_extended=True,,2026-07-07T20:49:46
오공,00220969,045060,KOSDAQ,연간x별도,재무제표,DS-2/DS-3,DONE,"cross-check completed for ['매출액', '영업이익']",,2026-07-07T20:49:46
오공,00220969,045060,KOSDAQ,연간x별도,지표,CV-6,PASS,default metric selection visible,,2026-07-07T20:49:46
오공,00220969,045060,KOSDAQ,분기x연결,재무제표,DS-1,PASS,,,2026-07-07T20:49:52
오공,00220969,045060,KOSDAQ,분기x연결,상단,DS-8,PASS,,,2026-07-07T20:49:52
오공,00220969,045060,KOSDAQ,분기x연결,상단,DS-7,PASS,"badges seen: ['✅', '🔎']",,2026-07-07T20:49:52
오공,00220969,045060,KOSDAQ,분기x연결,재무제표,CV-3,PASS,rows=29 cols=66 slider_extended=True,,2026-07-07T20:49:52
오공,00220969,045060,KOSDAQ,분기x연결,재무제표,DS-2/DS-3,DONE,"cross-check completed for ['매출액', '영업이익']",,2026-07-07T20:49:52
오공,00220969,045060,KOSDAQ,분기x연결,지표,CV-6,PASS,default metric selection visible,,2026-07-07T20:49:52
오공,00220969,045060,KOSDAQ,분기x별도,재무제표,DS-1,PASS,,,2026-07-07T20:49:59
오공,00220969,045060,KOSDAQ,분기x별도,상단,DS-8,PASS,,,2026-07-07T20:49:59
오공,00220969,045060,KOSDAQ,분기x별도,상단,DS-7,PASS,"badges seen: ['✅', '🔎']",,2026-07-07T20:49:59
오공,00220969,045060,KOSDAQ,분기x별도,재무제표,CV-3,PASS,rows=29 cols=90 slider_extended=True,,2026-07-07T20:49:59
오공,00220969,045060,KOSDAQ,분기x별도,재무제표,DS-2/DS-3,DONE,"cross-check completed for ['매출액', '영업이익']",,2026-07-07T20:49:59
오공,00220969,045060,KOSDAQ,분기x별도,지표,CV-6,PASS,default metric selection visible,,2026-07-07T20:49:59
오늘이엔엠,00623184,192410,KOSDAQ,연간x연결,재무제표,DS-1,PASS,,,2026-07-07T20:50:13
오늘이엔엠,00623184,192410,KOSDAQ,연간x연결,상단,DS-8,PASS,,,2026-07-07T20:50:13
오늘이엔엠,00623184,192410,KOSDAQ,연간x연결,상단,DS-7,PASS,"badges seen: ['✅', '🔎', '⚠']",,2026-07-07T20:50:13
오늘이엔엠,00623184,192410,KOSDAQ,연간x연결,재무제표,CV-3,PASS,rows=29 cols=15 slider_extended=True,,2026-07-07T20:50:13
오늘이엔엠,00623184,192410,KOSDAQ,연간x연결,재무제표,DS-2/DS-3,DONE,"cross-check completed for ['매출액', '영업이익']",,2026-07-07T20:50:13
오늘이엔엠,00623184,192410,KOSDAQ,연간x연결,지표,CV-6,PASS,default metric selection visible,,2026-07-07T20:50:13
오늘이엔엠,00623184,192410,KOSDAQ,연간x별도,재무제표,DS-1,PASS,,,2026-07-07T20:50:18
오늘이엔엠,00623184,192410,KOSDAQ,연간x별도,상단,DS-8,PASS,,,2026-07-07T20:50:18
오늘이엔엠,00623184,192410,KOSDAQ,연간x별도,상단,DS-7,PASS,"badges seen: ['✅', '🔎', '⚠']",,2026-07-07T20:50:18
오늘이엔엠,00623184,192410,KOSDAQ,연간x별도,재무제표,CV-3,PASS,rows=29 cols=16 slider_extended=True,,2026-07-07T20:50:18
오늘이엔엠,00623184,192410,KOSDAQ,연간x별도,재무제표,DS-2/DS-3,DONE,"cross-check completed for ['매출액', '영업이익']",,2026-07-07T20:50:18
오늘이엔엠,00623184,192410,KOSDAQ,연간x별도,지표,CV-6,PASS,default metric selection visible,,2026-07-07T20:50:18
오늘이엔엠,00623184,192410,KOSDAQ,분기x연결,재무제표,DS-1,PASS,,,2026-07-07T20:50:24
오늘이엔엠,00623184,192410,KOSDAQ,분기x연결,상단,DS-8,PASS,,,2026-07-07T20:50:24
오늘이엔엠,00623184,192410,KOSDAQ,분기x연결,상단,DS-7,PASS,"badges seen: ['✅', '🔎', '⚠']",,2026-07-07T20:50:24
오늘이엔엠,00623184,192410,KOSDAQ,분기x연결,재무제표,CV-3,PASS,rows=29 cols=54 slider_extended=True,,2026-07-07T20:50:24
오늘이엔엠,00623184,192410,KOSDAQ,분기x연결,재무제표,DS-2/DS-3,DONE,"cross-check completed for ['매출액', '영업이익']",,2026-07-07T20:50:24
오늘이엔엠,00623184,192410,KOSDAQ,분기x연결,지표,CV-6,PASS,default metric selection visible,,2026-07-07T20:50:24
오늘이엔엠,00623184,192410,KOSDAQ,분기x별도,재무제표,DS-1,PASS,,,2026-07-07T20:50:31
오늘이엔엠,00623184,192410,KOSDAQ,분기x별도,상단,DS-8,PASS,,,2026-07-07T20:50:31
오늘이엔엠,00623184,192410,KOSDAQ,분기x별도,상단,DS-7,PASS,"badges seen: ['✅', '🔎', '⚠']",,2026-07-07T20:50:31
오늘이엔엠,00623184,192410,KOSDAQ,분기x별도,재무제표,CV-3,PASS,rows=29 cols=54 slider_extended=True,,2026-07-07T20:50:31
오늘이엔엠,00623184,192410,KOSDAQ,분기x별도,재무제표,DS-2/DS-3,DONE,"cross-check completed for ['매출액', '영업이익']",,2026-07-07T20:50:31
오늘이엔엠,00623184,192410,KOSDAQ,분기x별도,지표,CV-6,PASS,default metric selection visible,,2026-07-07T20:50:31
오디텍,00529815,080520,KOSDAQ,연간x연결,재무제표,DS-1,PASS,,,2026-07-07T20:50:45
오디텍,00529815,080520,KOSDAQ,연간x연결,상단,DS-8,PASS,,,2026-07-07T20:50:45
오디텍,00529815,080520,KOSDAQ,연간x연결,상단,DS-7,PASS,"badges seen: ['✅', '🔎']",,2026-07-07T20:50:45
오디텍,00529815,080520,KOSDAQ,연간x연결,재무제표,CV-3,PASS,rows=29 cols=19 slider_extended=True,,2026-07-07T20:50:45
오디텍,00529815,080520,KOSDAQ,연간x연결,재무제표,DS-2/DS-3,DONE,"cross-check completed for ['매출액', '영업이익']",,2026-07-07T20:50:45
오디텍,00529815,080520,KOSDAQ,연간x연결,지표,CV-6,PASS,default metric selection visible,,2026-07-07T20:50:45
오디텍,00529815,080520,KOSDAQ,연간x별도,재무제표,DS-1,PASS,,,2026-07-07T20:50:50
오디텍,00529815,080520,KOSDAQ,연간x별도,상단,DS-8,PASS,,,2026-07-07T20:50:50
오디텍,00529815,080520,KOSDAQ,연간x별도,상단,DS-7,PASS,"badges seen: ['✅', '🔎', '⚠']",,2026-07-07T20:50:50
오디텍,00529815,080520,KOSDAQ,연간x별도,재무제표,CV-3,PASS,rows=29 cols=23 slider_extended=True,,2026-07-07T20:50:50
오디텍,00529815,080520,KOSDAQ,연간x별도,재무제표,DS-2/DS-3,DONE,"cross-check completed for ['매출액', '영업이익']",,2026-07-07T20:50:50
오디텍,00529815,080520,KOSDAQ,연간x별도,지표,CV-6,PASS,default metric selection visible,,2026-07-07T20:50:50
오디텍,00529815,080520,KOSDAQ,분기x연결,재무제표,DS-1,PASS,,,2026-07-07T20:50:56
오디텍,00529815,080520,KOSDAQ,분기x연결,상단,DS-8,PASS,,,2026-07-07T20:50:56
오디텍,00529815,080520,KOSDAQ,분기x연결,상단,DS-7,PASS,"badges seen: ['✅', '🔎']",,2026-07-07T20:50:56
오디텍,00529815,080520,KOSDAQ,분기x연결,재무제표,CV-3,PASS,rows=29 cols=60 slider_extended=True,,2026-07-07T20:50:56
오디텍,00529815,080520,KOSDAQ,분기x연결,재무제표,DS-2/DS-3,DONE,"cross-check completed for ['매출액', '영업이익']",,2026-07-07T20:50:56
오디텍,00529815,080520,KOSDAQ,분기x연결,지표,CV-6,PASS,default metric selection visible,,2026-07-07T20:50:56
오디텍,00529815,080520,KOSDAQ,분기x별도,재무제표,DS-1,PASS,,,2026-07-07T20:51:03
오디텍,00529815,080520,KOSDAQ,분기x별도,상단,DS-8,PASS,,,2026-07-07T20:51:03
오디텍,00529815,080520,KOSDAQ,분기x별도,상단,DS-7,PASS,"badges seen: ['✅', '🔎', '⚠']",,2026-07-07T20:51:03
오디텍,00529815,080520,KOSDAQ,분기x별도,재무제표,CV-3,PASS,rows=29 cols=76 slider_extended=True,,2026-07-07T20:51:03
오디텍,00529815,080520,KOSDAQ,분기x별도,재무제표,DS-2/DS-3,DONE,"cross-check completed for ['매출액', '영업이익']",,2026-07-07T20:51:03
오디텍,00529815,080520,KOSDAQ,분기x별도,지표,CV-6,PASS,default metric selection visible,,2026-07-07T20:51:03
오로라,00141556,039830,KOSDAQ,연간x연결,재무제표,DS-1,PASS,,,2026-07-07T20:51:17
오로라,00141556,039830,KOSDAQ,연간x연결,상단,DS-8,PASS,,,2026-07-07T20:51:17
오로라,00141556,039830,KOSDAQ,연간x연결,상단,DS-7,PASS,"badges seen: ['✅', '🔎', '⚠']",,2026-07-07T20:51:17
오로라,00141556,039830,KOSDAQ,연간x연결,재무제표,CV-3,PASS,rows=29 cols=19 slider_extended=True,,2026-07-07T20:51:17
오로라,00141556,039830,KOSDAQ,연간x연결,재무제표,DS-2/DS-3,DONE,"cross-check completed for ['매출액', '영업이익']",,2026-07-07T20:51:17
오로라,00141556,039830,KOSDAQ,연간x연결,지표,CV-6,PASS,default metric selection visible,,2026-07-07T20:51:17
오로라,00141556,039830,KOSDAQ,연간x별도,재무제표,DS-1,PASS,,,2026-07-07T20:51:22
오로라,00141556,039830,KOSDAQ,연간x별도,상단,DS-8,PASS,,,2026-07-07T20:51:22
오로라,00141556,039830,KOSDAQ,연간x별도,상단,DS-7,PASS,"badges seen: ['✅', '🔎']",,2026-07-07T20:51:22
오로라,00141556,039830,KOSDAQ,연간x별도,재무제표,CV-3,PASS,rows=29 cols=27 slider_extended=True,,2026-07-07T20:51:22
오로라,00141556,039830,KOSDAQ,연간x별도,재무제표,DS-2/DS-3,DONE,"cross-check completed for ['매출액', '영업이익']",,2026-07-07T20:51:22
오로라,00141556,039830,KOSDAQ,연간x별도,지표,CV-6,PASS,default metric selection visible,,2026-07-07T20:51:22
오로라,00141556,039830,KOSDAQ,분기x연결,재무제표,DS-1,PASS,,,2026-07-07T20:51:28
오로라,00141556,039830,KOSDAQ,분기x연결,상단,DS-8,PASS,,,2026-07-07T20:51:28
오로라,00141556,039830,KOSDAQ,분기x연결,상단,DS-7,PASS,"badges seen: ['✅', '🔎']",,2026-07-07T20:51:28
오로라,00141556,039830,KOSDAQ,분기x연결,재무제표,CV-3,PASS,rows=29 cols=60 slider_extended=True,,2026-07-07T20:51:28
오로라,00141556,039830,KOSDAQ,분기x연결,재무제표,DS-2/DS-3,DONE,"cross-check completed for ['매출액', '영업이익']",,2026-07-07T20:51:28
오로라,00141556,039830,KOSDAQ,분기x연결,지표,CV-6,PASS,default metric selection visible,,2026-07-07T20:51:28
오로라,00141556,039830,KOSDAQ,분기x별도,재무제표,DS-1,PASS,,,2026-07-07T20:51:36
오로라,00141556,039830,KOSDAQ,분기x별도,상단,DS-8,PASS,,,2026-07-07T20:51:36
오로라,00141556,039830,KOSDAQ,분기x별도,상단,DS-7,PASS,"badges seen: ['✅', '🔎']",,2026-07-07T20:51:36
오로라,00141556,039830,KOSDAQ,분기x별도,재무제표,CV-3,PASS,rows=29 cols=89 slider_extended=True,,2026-07-07T20:51:36
오로라,00141556,039830,KOSDAQ,분기x별도,재무제표,DS-2/DS-3,DONE,"cross-check completed for ['매출액', '영업이익']",,2026-07-07T20:51:36
오로라,00141556,039830,KOSDAQ,분기x별도,지표,CV-6,PASS,default metric selection visible,,2026-07-07T20:51:36
오로스테크놀로지,01016479,322310,KOSDAQ,연간x연결,재무제표,DS-1,PASS,,,2026-07-07T20:51:49
오로스테크놀로지,01016479,322310,KOSDAQ,연간x연결,상단,DS-8,PASS,,,2026-07-07T20:51:49
오로스테크놀로지,01016479,322310,KOSDAQ,연간x연결,상단,DS-7,PASS,"badges seen: ['✅', '🔎']",,2026-07-07T20:51:49
오로스테크놀로지,01016479,322310,KOSDAQ,연간x연결,재무제표,CV-3,PASS,rows=29 cols=9 slider_extended=True,,2026-07-07T20:51:49
오로스테크놀로지,01016479,322310,KOSDAQ,연간x연결,재무제표,DS-2/DS-3,DONE,"cross-check completed for ['매출액', '영업이익']",,2026-07-07T20:51:49
오로스테크놀로지,01016479,322310,KOSDAQ,연간x연결,지표,CV-6,PASS,default metric selection visible,,2026-07-07T20:51:49
오로스테크놀로지,01016479,322310,KOSDAQ,연간x별도,재무제표,DS-1,PASS,,,2026-07-07T20:51:54
오로스테크놀로지,01016479,322310,KOSDAQ,연간x별도,상단,DS-8,PASS,,,2026-07-07T20:51:54
오로스테크놀로지,01016479,322310,KOSDAQ,연간x별도,상단,DS-7,PASS,"badges seen: ['✅', '🔎']",,2026-07-07T20:51:54
오로스테크놀로지,01016479,322310,KOSDAQ,연간x별도,재무제표,CV-3,PASS,rows=29 cols=10 slider_extended=True,,2026-07-07T20:51:54
오로스테크놀로지,01016479,322310,KOSDAQ,연간x별도,재무제표,DS-2/DS-3,DONE,"cross-check completed for ['매출액', '영업이익']",,2026-07-07T20:51:54
오로스테크놀로지,01016479,322310,KOSDAQ,연간x별도,지표,CV-6,PASS,default metric selection visible,,2026-07-07T20:51:54
오로스테크놀로지,01016479,322310,KOSDAQ,분기x연결,재무제표,DS-1,PASS,,,2026-07-07T20:52:00
오로스테크놀로지,01016479,322310,KOSDAQ,분기x연결,상단,DS-8,PASS,,,2026-07-07T20:52:00
오로스테크놀로지,01016479,322310,KOSDAQ,분기x연결,상단,DS-7,PASS,"badges seen: ['✅', '🔎']",,2026-07-07T20:52:00
오로스테크놀로지,01016479,322310,KOSDAQ,분기x연결,재무제표,CV-3,PASS,rows=29 cols=25 slider_extended=True,,2026-07-07T20:52:00
오로스테크놀로지,01016479,322310,KOSDAQ,분기x연결,재무제표,DS-2/DS-3,DONE,"cross-check completed for ['매출액', '영업이익']",,2026-07-07T20:52:00
오로스테크놀로지,01016479,322310,KOSDAQ,분기x연결,지표,CV-6,PASS,default metric selection visible,,2026-07-07T20:52:00
오로스테크놀로지,01016479,322310,KOSDAQ,분기x별도,재무제표,DS-1,PASS,,,2026-07-07T20:52:08
오로스테크놀로지,01016479,322310,KOSDAQ,분기x별도,상단,DS-8,PASS,,,2026-07-07T20:52:08
오로스테크놀로지,01016479,322310,KOSDAQ,분기x별도,상단,DS-7,PASS,"badges seen: ['✅', '🔎']",,2026-07-07T20:52:08
오로스테크놀로지,01016479,322310,KOSDAQ,분기x별도,재무제표,CV-3,PASS,rows=29 cols=28 slider_extended=True,,2026-07-07T20:52:08
오로스테크놀로지,01016479,322310,KOSDAQ,분기x별도,재무제표,DS-2/DS-3,DONE,"cross-check completed for ['매출액', '영업이익']",,2026-07-07T20:52:08
오로스테크놀로지,01016479,322310,KOSDAQ,분기x별도,지표,CV-6,PASS,default metric selection visible,,2026-07-07T20:52:08
오르비텍,00297989,046120,KOSDAQ,연간x연결,재무제표,DS-1,PASS,,,2026-07-07T20:52:21
오르비텍,00297989,046120,KOSDAQ,연간x연결,상단,DS-8,PASS,,,2026-07-07T20:52:21
오르비텍,00297989,046120,KOSDAQ,연간x연결,상단,DS-7,PASS,"badges seen: ['✅', '🔎']",,2026-07-07T20:52:21
오르비텍,00297989,046120,KOSDAQ,연간x연결,재무제표,CV-3,PASS,rows=29 cols=18 slider_extended=True,,2026-07-07T20:52:21
오르비텍,00297989,046120,KOSDAQ,연간x연결,재무제표,DS-2/DS-3,DONE,"cross-check completed for ['매출액', '영업이익']",,2026-07-07T20:52:21
오르비텍,00297989,046120,KOSDAQ,연간x연결,지표,CV-6,PASS,default metric selection visible,,2026-07-07T20:52:21
오르비텍,00297989,046120,KOSDAQ,연간x별도,재무제표,DS-1,PASS,,,2026-07-07T20:52:26
오르비텍,00297989,046120,KOSDAQ,연간x별도,상단,DS-8,PASS,,,2026-07-07T20:52:26
오르비텍,00297989,046120,KOSDAQ,연간x별도,상단,DS-7,PASS,"badges seen: ['✅', '🔎']",,2026-07-07T20:52:26
오르비텍,00297989,046120,KOSDAQ,연간x별도,재무제표,CV-3,PASS,rows=29 cols=20 slider_extended=True,,2026-07-07T20:52:26
오르비텍,00297989,046120,KOSDAQ,연간x별도,재무제표,DS-2/DS-3,DONE,"cross-check completed for ['매출액', '영업이익']",,2026-07-07T20:52:26
오르비텍,00297989,046120,KOSDAQ,연간x별도,지표,CV-6,PASS,default metric selection visible,,2026-07-07T20:52:26
오르비텍,00297989,046120,KOSDAQ,분기x연결,재무제표,DS-1,PASS,,,2026-07-07T20:52:33
오르비텍,00297989,046120,KOSDAQ,분기x연결,상단,DS-8,PASS,,,2026-07-07T20:52:33
오르비텍,00297989,046120,KOSDAQ,분기x연결,상단,DS-7,PASS,"badges seen: ['✅', '🔎', '⚠']",,2026-07-07T20:52:33
오르비텍,00297989,046120,KOSDAQ,분기x연결,재무제표,CV-3,PASS,rows=29 cols=55 slider_extended=True,,2026-07-07T20:52:33
오르비텍,00297989,046120,KOSDAQ,분기x연결,재무제표,DS-2/DS-3,DONE,"cross-check completed for ['매출액', '영업이익']",,2026-07-07T20:52:33
오르비텍,00297989,046120,KOSDAQ,분기x연결,지표,CV-6,PASS,default metric selection visible,,2026-07-07T20:52:33
오르비텍,00297989,046120,KOSDAQ,분기x별도,재무제표,DS-1,PASS,,,2026-07-07T20:52:40
오르비텍,00297989,046120,KOSDAQ,분기x별도,상단,DS-8,PASS,,,2026-07-07T20:52:40
오르비텍,00297989,046120,KOSDAQ,분기x별도,상단,DS-7,PASS,"badges seen: ['✅', '🔎', '⚠']",,2026-07-07T20:52:40
오르비텍,00297989,046120,KOSDAQ,분기x별도,재무제표,CV-3,PASS,rows=29 cols=67 slider_extended=True,,2026-07-07T20:52:40
오르비텍,00297989,046120,KOSDAQ,분기x별도,재무제표,DS-2/DS-3,DONE,"cross-check completed for ['매출액', '영업이익']",,2026-07-07T20:52:40
오르비텍,00297989,046120,KOSDAQ,분기x별도,지표,CV-6,PASS,default metric selection visible,,2026-07-07T20:52:40
오름테라퓨틱,01658831,475830,KOSDAQ,연간x연결,재무제표,DS-1,PASS,,,2026-07-07T20:52:53
오름테라퓨틱,01658831,475830,KOSDAQ,연간x연결,상단,DS-8,PASS,,,2026-07-07T20:52:53
오름테라퓨틱,01658831,475830,KOSDAQ,연간x연결,상단,DS-7,PASS,"badges seen: ['✅', '🔎', '⚠']",,2026-07-07T20:52:53
오름테라퓨틱,01658831,475830,KOSDAQ,연간x연결,재무제표,CV-3,PASS,rows=29 cols=6 slider_extended=True,,2026-07-07T20:52:53
오름테라퓨틱,01658831,475830,KOSDAQ,연간x연결,재무제표,DS-2/DS-3,DONE,"cross-check completed for ['매출액', '영업이익']",,2026-07-07T20:52:53
오름테라퓨틱,01658831,475830,KOSDAQ,연간x연결,지표,CV-6,PASS,default metric selection visible,,2026-07-07T20:52:53
오름테라퓨틱,01658831,475830,KOSDAQ,연간x별도,재무제표,DS-1,PASS,,,2026-07-07T20:52:58
오름테라퓨틱,01658831,475830,KOSDAQ,연간x별도,상단,DS-8,PASS,,,2026-07-07T20:52:58
오름테라퓨틱,01658831,475830,KOSDAQ,연간x별도,상단,DS-7,PASS,"badges seen: ['✅', '🔎', '⚠']",,2026-07-07T20:52:58
오름테라퓨틱,01658831,475830,KOSDAQ,연간x별도,재무제표,CV-3,PASS,rows=29 cols=6 slider_extended=True,,2026-07-07T20:52:58
오름테라퓨틱,01658831,475830,KOSDAQ,연간x별도,재무제표,DS-2/DS-3,DONE,"cross-check completed for ['매출액', '영업이익']",,2026-07-07T20:52:58
오름테라퓨틱,01658831,475830,KOSDAQ,연간x별도,지표,CV-6,PASS,default metric selection visible,,2026-07-07T20:52:58
오름테라퓨틱,01658831,475830,KOSDAQ,분기x연결,재무제표,DS-1,PASS,,,2026-07-07T20:53:04
오름테라퓨틱,01658831,475830,KOSDAQ,분기x연결,상단,DS-8,PASS,,,2026-07-07T20:53:04
오름테라퓨틱,01658831,475830,KOSDAQ,분기x연결,상단,DS-7,PASS,"badges seen: ['✅', '🔎', '⚠']",,2026-07-07T20:53:04
오름테라퓨틱,01658831,475830,KOSDAQ,분기x연결,재무제표,CV-3,PASS,rows=29 cols=11 slider_extended=True,,2026-07-07T20:53:04
오름테라퓨틱,01658831,475830,KOSDAQ,분기x연결,재무제표,DS-2/DS-3,DONE,"cross-check completed for ['매출액', '영업이익']",,2026-07-07T20:53:04
오름테라퓨틱,01658831,475830,KOSDAQ,분기x연결,지표,CV-6,PASS,default metric selection visible,,2026-07-07T20:53:04
오름테라퓨틱,01658831,475830,KOSDAQ,분기x별도,재무제표,DS-1,PASS,,,2026-07-07T20:53:12
오름테라퓨틱,01658831,475830,KOSDAQ,분기x별도,상단,DS-8,PASS,,,2026-07-07T20:53:12
오름테라퓨틱,01658831,475830,KOSDAQ,분기x별도,상단,DS-7,PASS,"badges seen: ['✅', '🔎', '⚠']",,2026-07-07T20:53:12
오름테라퓨틱,01658831,475830,KOSDAQ,분기x별도,재무제표,CV-3,PASS,rows=29 cols=11 slider_extended=True,,2026-07-07T20:53:12
오름테라퓨틱,01658831,475830,KOSDAQ,분기x별도,재무제표,DS-2/DS-3,DONE,"cross-check completed for ['매출액', '영업이익']",,2026-07-07T20:53:12
오름테라퓨틱,01658831,475830,KOSDAQ,분기x별도,지표,CV-6,PASS,default metric selection visible,,2026-07-07T20:53:12
오리엔탈정공,00141608,014940,KOSDAQ,연간x연결,재무제표,DS-1,PASS,,,2026-07-07T20:53:25
오리엔탈정공,00141608,014940,KOSDAQ,연간x연결,상단,DS-8,PASS,,,2026-07-07T20:53:25
오리엔탈정공,00141608,014940,KOSDAQ,연간x연결,상단,DS-7,PASS,"badges seen: ['✅', '🔎', '⚠']",,2026-07-07T20:53:25
오리엔탈정공,00141608,014940,KOSDAQ,연간x연결,재무제표,CV-3,PASS,rows=29 cols=19 slider_extended=True,,2026-07-07T20:53:25
오리엔탈정공,00141608,014940,KOSDAQ,연간x연결,재무제표,DS-2/DS-3,DONE,"cross-check completed for ['매출액', '영업이익']",,2026-07-07T20:53:25
오리엔탈정공,00141608,014940,KOSDAQ,연간x연결,지표,CV-6,PASS,default metric selection visible,,2026-07-07T20:53:25
오리엔탈정공,00141608,014940,KOSDAQ,연간x별도,재무제표,DS-1,PASS,,,2026-07-07T20:53:30
오리엔탈정공,00141608,014940,KOSDAQ,연간x별도,상단,DS-8,PASS,,,2026-07-07T20:53:30
오리엔탈정공,00141608,014940,KOSDAQ,연간x별도,상단,DS-7,PASS,"badges seen: ['✅', '🔎', '⚠']",,2026-07-07T20:53:30
오리엔탈정공,00141608,014940,KOSDAQ,연간x별도,재무제표,CV-3,PASS,rows=29 cols=27 slider_extended=True,,2026-07-07T20:53:30
오리엔탈정공,00141608,014940,KOSDAQ,연간x별도,재무제표,DS-2/DS-3,DONE,"cross-check completed for ['매출액', '영업이익']",,2026-07-07T20:53:30
오리엔탈정공,00141608,014940,KOSDAQ,연간x별도,지표,CV-6,PASS,default metric selection visible,,2026-07-07T20:53:30
오리엔탈정공,00141608,014940,KOSDAQ,분기x연결,재무제표,DS-1,PASS,,,2026-07-07T20:53:36
오리엔탈정공,00141608,014940,KOSDAQ,분기x연결,상단,DS-8,PASS,,,2026-07-07T20:53:36
오리엔탈정공,00141608,014940,KOSDAQ,분기x연결,상단,DS-7,PASS,"badges seen: ['✅', '🔎']",,2026-07-07T20:53:36
오리엔탈정공,00141608,014940,KOSDAQ,분기x연결,재무제표,CV-3,PASS,rows=29 cols=61 slider_extended=True,,2026-07-07T20:53:36
오리엔탈정공,00141608,014940,KOSDAQ,분기x연결,재무제표,DS-2/DS-3,DONE,"cross-check completed for ['매출액', '영업이익']",,2026-07-07T20:53:36
오리엔탈정공,00141608,014940,KOSDAQ,분기x연결,지표,CV-6,PASS,default metric selection visible,,2026-07-07T20:53:36
오리엔탈정공,00141608,014940,KOSDAQ,분기x별도,재무제표,DS-1,PASS,,,2026-07-07T20:53:43
오리엔탈정공,00141608,014940,KOSDAQ,분기x별도,상단,DS-8,PASS,,,2026-07-07T20:53:43
오리엔탈정공,00141608,014940,KOSDAQ,분기x별도,상단,DS-7,PASS,"badges seen: ['✅', '🔎']",,2026-07-07T20:53:43
오리엔탈정공,00141608,014940,KOSDAQ,분기x별도,재무제표,CV-3,PASS,rows=29 cols=85 slider_extended=True,,2026-07-07T20:53:43
오리엔탈정공,00141608,014940,KOSDAQ,분기x별도,재무제표,DS-2/DS-3,DONE,"cross-check completed for ['매출액', '영업이익']",,2026-07-07T20:53:43
오리엔탈정공,00141608,014940,KOSDAQ,분기x별도,지표,CV-6,PASS,default metric selection visible,,2026-07-07T20:53:43
오리엔트정공,00300405,065500,KOSDAQ,연간x연결,재무제표,DS-1,PASS,,,2026-07-07T20:53:57
오리엔트정공,00300405,065500,KOSDAQ,연간x연결,상단,DS-8,PASS,,,2026-07-07T20:53:57
오리엔트정공,00300405,065500,KOSDAQ,연간x연결,상단,DS-7,PASS,"badges seen: ['✅', '🔎', '⚠']",,2026-07-07T20:53:57
오리엔트정공,00300405,065500,KOSDAQ,연간x연결,재무제표,CV-3,PASS,rows=29 cols=15 slider_extended=True,,2026-07-07T20:53:57
오리엔트정공,00300405,065500,KOSDAQ,연간x연결,재무제표,DS-2/DS-3,DONE,"cross-check completed for ['매출액', '영업이익']",,2026-07-07T20:53:57
오리엔트정공,00300405,065500,KOSDAQ,연간x연결,지표,CV-6,PASS,default metric selection visible,,2026-07-07T20:53:57
오리엔트정공,00300405,065500,KOSDAQ,연간x별도,재무제표,DS-1,PASS,,,2026-07-07T20:54:02
오리엔트정공,00300405,065500,KOSDAQ,연간x별도,상단,DS-8,PASS,,,2026-07-07T20:54:02
오리엔트정공,00300405,065500,KOSDAQ,연간x별도,상단,DS-7,PASS,"badges seen: ['✅', '🔎', '⚠']",,2026-07-07T20:54:02
오리엔트정공,00300405,065500,KOSDAQ,연간x별도,재무제표,CV-3,PASS,rows=29 cols=26 slider_extended=True,,2026-07-07T20:54:02
오리엔트정공,00300405,065500,KOSDAQ,연간x별도,재무제표,DS-2/DS-3,DONE,"cross-check completed for ['매출액', '영업이익']",,2026-07-07T20:54:02
오리엔트정공,00300405,065500,KOSDAQ,연간x별도,지표,CV-6,PASS,default metric selection visible,,2026-07-07T20:54:02
오리엔트정공,00300405,065500,KOSDAQ,분기x연결,재무제표,DS-1,PASS,,,2026-07-07T20:54:08
오리엔트정공,00300405,065500,KOSDAQ,분기x연결,상단,DS-8,PASS,,,2026-07-07T20:54:08
오리엔트정공,00300405,065500,KOSDAQ,분기x연결,상단,DS-7,PASS,"badges seen: ['✅', '🔎', '⚠']",,2026-07-07T20:54:08
오리엔트정공,00300405,065500,KOSDAQ,분기x연결,재무제표,CV-3,PASS,rows=29 cols=51 slider_extended=True,,2026-07-07T20:54:08
오리엔트정공,00300405,065500,KOSDAQ,분기x연결,재무제표,DS-2/DS-3,DONE,"cross-check completed for ['매출액', '영업이익']",,2026-07-07T20:54:08
오리엔트정공,00300405,065500,KOSDAQ,분기x연결,지표,CV-6,PASS,default metric selection visible,,2026-07-07T20:54:08
오리엔트정공,00300405,065500,KOSDAQ,분기x별도,재무제표,DS-1,PASS,,,2026-07-07T20:54:16
오리엔트정공,00300405,065500,KOSDAQ,분기x별도,상단,DS-8,PASS,,,2026-07-07T20:54:16
오리엔트정공,00300405,065500,KOSDAQ,분기x별도,상단,DS-7,PASS,"badges seen: ['✅', '🔎', '⚠']",,2026-07-07T20:54:16
오리엔트정공,00300405,065500,KOSDAQ,분기x별도,재무제표,CV-3,PASS,rows=29 cols=85 slider_extended=True,,2026-07-07T20:54:16
오리엔트정공,00300405,065500,KOSDAQ,분기x별도,재무제표,DS-2/DS-3,DONE,"cross-check completed for ['매출액', '영업이익']",,2026-07-07T20:54:16
오리엔트정공,00300405,065500,KOSDAQ,분기x별도,지표,CV-6,PASS,default metric selection visible,,2026-07-07T20:54:16
오리콤,00141671,010470,KOSDAQ,연간x연결,재무제표,DS-1,PASS,,,2026-07-07T20:54:27
오리콤,00141671,010470,KOSDAQ,연간x연결,상단,DS-8,PASS,,,2026-07-07T20:54:27
오리콤,00141671,010470,KOSDAQ,연간x연결,상단,DS-7,PASS,"badges seen: ['✅', '🔎', '⚠']",,2026-07-07T20:54:27
오리콤,00141671,010470,KOSDAQ,연간x연결,재무제표,CV-3,PASS,rows=29 cols=19 slider_extended=True,,2026-07-07T20:54:27
오리콤,00141671,010470,KOSDAQ,연간x연결,재무제표,DS-2/DS-3,DONE,"cross-check completed for ['매출액', '영업이익']",,2026-07-07T20:54:27
오리콤,00141671,010470,KOSDAQ,연간x연결,지표,CV-6,PASS,default metric selection visible,,2026-07-07T20:54:27
오리콤,00141671,010470,KOSDAQ,연간x별도,재무제표,DS-1,PASS,,,2026-07-07T20:54:33
오리콤,00141671,010470,KOSDAQ,연간x별도,상단,DS-8,PASS,,,2026-07-07T20:54:33
오리콤,00141671,010470,KOSDAQ,연간x별도,상단,DS-7,PASS,"badges seen: ['✅', '🔎']",,2026-07-07T20:54:33
오리콤,00141671,010470,KOSDAQ,연간x별도,재무제표,CV-3,PASS,rows=29 cols=26 slider_extended=True,,2026-07-07T20:54:33
오리콤,00141671,010470,KOSDAQ,연간x별도,재무제표,DS-2/DS-3,DONE,"cross-check completed for ['매출액', '영업이익']",,2026-07-07T20:54:33
오리콤,00141671,010470,KOSDAQ,연간x별도,지표,CV-6,PASS,default metric selection visible,,2026-07-07T20:54:33
오리콤,00141671,010470,KOSDAQ,분기x연결,재무제표,DS-1,PASS,,,2026-07-07T20:54:39
오리콤,00141671,010470,KOSDAQ,분기x연결,상단,DS-8,PASS,,,2026-07-07T20:54:39
오리콤,00141671,010470,KOSDAQ,분기x연결,상단,DS-7,PASS,"badges seen: ['✅', '🔎']",,2026-07-07T20:54:39
오리콤,00141671,010470,KOSDAQ,분기x연결,재무제표,CV-3,PASS,rows=29 cols=60 slider_extended=True,,2026-07-07T20:54:39
오리콤,00141671,010470,KOSDAQ,분기x연결,재무제표,DS-2/DS-3,DONE,"cross-check completed for ['매출액', '영업이익']",,2026-07-07T20:54:39
오리콤,00141671,010470,KOSDAQ,분기x연결,지표,CV-6,PASS,default metric selection visible,,2026-07-07T20:54:39
오리콤,00141671,010470,KOSDAQ,분기x별도,재무제표,DS-1,PASS,,,2026-07-07T20:54:46
오리콤,00141671,010470,KOSDAQ,분기x별도,상단,DS-8,PASS,,,2026-07-07T20:54:46
오리콤,00141671,010470,KOSDAQ,분기x별도,상단,DS-7,PASS,"badges seen: ['✅', '🔎', '⚠']",,2026-07-07T20:54:46
오리콤,00141671,010470,KOSDAQ,분기x별도,재무제표,CV-3,PASS,rows=29 cols=84 slider_extended=True,,2026-07-07T20:54:46
오리콤,00141671,010470,KOSDAQ,분기x별도,재무제표,DS-2/DS-3,DONE,"cross-check completed for ['매출액', '영업이익']",,2026-07-07T20:54:46
오리콤,00141671,010470,KOSDAQ,분기x별도,지표,CV-6,PASS,default metric selection visible,,2026-07-07T20:54:46
오브젠,01472930,417860,KOSDAQ,연간x연결,재무제표,DS-1,PASS,,,2026-07-07T20:55:00
오브젠,01472930,417860,KOSDAQ,연간x연결,상단,DS-8,PASS,,,2026-07-07T20:55:00
오브젠,01472930,417860,KOSDAQ,연간x연결,상단,DS-7,PASS,"badges seen: ['✅', '🔎']",,2026-07-07T20:55:00
오브젠,01472930,417860,KOSDAQ,연간x연결,재무제표,CV-3,PASS,rows=29 cols=5 slider_extended=True,,2026-07-07T20:55:00
오브젠,01472930,417860,KOSDAQ,연간x연결,재무제표,DS-2/DS-3,DONE,"cross-check completed for ['매출액', '영업이익']",,2026-07-07T20:55:00
오브젠,01472930,417860,KOSDAQ,연간x연결,지표,CV-6,PASS,default metric selection visible,,2026-07-07T20:55:00
오브젠,01472930,417860,KOSDAQ,연간x별도,재무제표,DS-1,PASS,,,2026-07-07T20:55:05
오브젠,01472930,417860,KOSDAQ,연간x별도,상단,DS-8,PASS,,,2026-07-07T20:55:05
오브젠,01472930,417860,KOSDAQ,연간x별도,상단,DS-7,PASS,"badges seen: ['✅', '🔎']",,2026-07-07T20:55:05
오브젠,01472930,417860,KOSDAQ,연간x별도,재무제표,CV-3,PASS,rows=29 cols=8 slider_extended=True,,2026-07-07T20:55:05
오브젠,01472930,417860,KOSDAQ,연간x별도,재무제표,DS-2/DS-3,DONE,"cross-check completed for ['매출액', '영업이익']",,2026-07-07T20:55:05
오브젠,01472930,417860,KOSDAQ,연간x별도,지표,CV-6,PASS,default metric selection visible,,2026-07-07T20:55:05
오브젠,01472930,417860,KOSDAQ,분기x연결,재무제표,DS-1,PASS,,,2026-07-07T20:55:11
오브젠,01472930,417860,KOSDAQ,분기x연결,상단,DS-8,PASS,,,2026-07-07T20:55:11
오브젠,01472930,417860,KOSDAQ,분기x연결,상단,DS-7,PASS,"badges seen: ['✅', '🔎']",,2026-07-07T20:55:11
오브젠,01472930,417860,KOSDAQ,분기x연결,재무제표,CV-3,PASS,rows=29 cols=4 slider_extended=True,,2026-07-07T20:55:11
오브젠,01472930,417860,KOSDAQ,분기x연결,재무제표,DS-2/DS-3,DONE,"cross-check completed for ['매출액', '영업이익']",,2026-07-07T20:55:11
오브젠,01472930,417860,KOSDAQ,분기x연결,지표,CV-6,PASS,default metric selection visible,,2026-07-07T20:55:11
오브젠,01472930,417860,KOSDAQ,분기x별도,재무제표,DS-1,PASS,,,2026-07-07T20:55:18
오브젠,01472930,417860,KOSDAQ,분기x별도,상단,DS-8,PASS,,,2026-07-07T20:55:18
오브젠,01472930,417860,KOSDAQ,분기x별도,상단,DS-7,PASS,"badges seen: ['✅', '🔎']",,2026-07-07T20:55:18
오브젠,01472930,417860,KOSDAQ,분기x별도,재무제표,CV-3,PASS,rows=29 cols=20 slider_extended=True,,2026-07-07T20:55:18
오브젠,01472930,417860,KOSDAQ,분기x별도,재무제표,DS-2/DS-3,DONE,"cross-check completed for ['매출액', '영업이익']",,2026-07-07T20:55:18
오브젠,01472930,417860,KOSDAQ,분기x별도,지표,CV-6,PASS,default metric selection visible,,2026-07-07T20:55:18
오비고,00494546,352910,KOSDAQ,연간x연결,재무제표,DS-1,PASS,,,2026-07-07T20:55:29
오비고,00494546,352910,KOSDAQ,연간x연결,상단,DS-8,PASS,,,2026-07-07T20:55:29
오비고,00494546,352910,KOSDAQ,연간x연결,상단,DS-7,PASS,"badges seen: ['✅', '🔎']",,2026-07-07T20:55:29
오비고,00494546,352910,KOSDAQ,연간x연결,재무제표,CV-3,PASS,rows=29 cols=9 slider_extended=True,,2026-07-07T20:55:29
오비고,00494546,352910,KOSDAQ,연간x연결,재무제표,DS-2/DS-3,DONE,"cross-check completed for ['매출액', '영업이익']",,2026-07-07T20:55:29
오비고,00494546,352910,KOSDAQ,연간x연결,지표,CV-6,PASS,default metric selection visible,,2026-07-07T20:55:29
오비고,00494546,352910,KOSDAQ,연간x별도,재무제표,DS-1,PASS,,,2026-07-07T20:55:35
오비고,00494546,352910,KOSDAQ,연간x별도,상단,DS-8,PASS,,,2026-07-07T20:55:35
오비고,00494546,352910,KOSDAQ,연간x별도,상단,DS-7,PASS,"badges seen: ['✅', '🔎']",,2026-07-07T20:55:35
오비고,00494546,352910,KOSDAQ,연간x별도,재무제표,CV-3,PASS,rows=29 cols=9 slider_extended=True,,2026-07-07T20:55:35
오비고,00494546,352910,KOSDAQ,연간x별도,재무제표,DS-2/DS-3,DONE,"cross-check completed for ['매출액', '영업이익']",,2026-07-07T20:55:35
오비고,00494546,352910,KOSDAQ,연간x별도,지표,CV-6,PASS,default metric selection visible,,2026-07-07T20:55:35
오비고,00494546,352910,KOSDAQ,분기x연결,재무제표,DS-1,PASS,,,2026-07-07T20:55:41
오비고,00494546,352910,KOSDAQ,분기x연결,상단,DS-8,PASS,,,2026-07-07T20:55:41
오비고,00494546,352910,KOSDAQ,분기x연결,상단,DS-7,PASS,"badges seen: ['✅', '🔎']",,2026-07-07T20:55:41
오비고,00494546,352910,KOSDAQ,분기x연결,재무제표,CV-3,PASS,rows=29 cols=25 slider_extended=True,,2026-07-07T20:55:41
오비고,00494546,352910,KOSDAQ,분기x연결,재무제표,DS-2/DS-3,DONE,"cross-check completed for ['매출액', '영업이익']",,2026-07-07T20:55:41
오비고,00494546,352910,KOSDAQ,분기x연결,지표,CV-6,PASS,default metric selection visible,,2026-07-07T20:55:41
오비고,00494546,352910,KOSDAQ,분기x별도,재무제표,DS-1,PASS,,,2026-07-07T20:55:48
오비고,00494546,352910,KOSDAQ,분기x별도,상단,DS-8,PASS,,,2026-07-07T20:55:48
오비고,00494546,352910,KOSDAQ,분기x별도,상단,DS-7,PASS,"badges seen: ['✅', '🔎']",,2026-07-07T20:55:48
오비고,00494546,352910,KOSDAQ,분기x별도,재무제표,CV-3,PASS,rows=29 cols=25 slider_extended=True,,2026-07-07T20:55:48
오비고,00494546,352910,KOSDAQ,분기x별도,재무제표,DS-2/DS-3,DONE,"cross-check completed for ['매출액', '영업이익']",,2026-07-07T20:55:48
오비고,00494546,352910,KOSDAQ,분기x별도,지표,CV-6,PASS,default metric selection visible,,2026-07-07T20:55:48
오상자이엘,00226547,053980,KOSDAQ,연간x연결,재무제표,DS-1,PASS,,,2026-07-07T20:56:01
오상자이엘,00226547,053980,KOSDAQ,연간x연결,상단,DS-8,PASS,,,2026-07-07T20:56:01
오상자이엘,00226547,053980,KOSDAQ,연간x연결,상단,DS-7,PASS,"badges seen: ['✅', '🔎']",,2026-07-07T20:56:01
오상자이엘,00226547,053980,KOSDAQ,연간x연결,재무제표,CV-3,PASS,rows=29 cols=20 slider_extended=True,,2026-07-07T20:56:01
오상자이엘,00226547,053980,KOSDAQ,연간x연결,재무제표,DS-2/DS-3,DONE,"cross-check completed for ['매출액', '영업이익']",,2026-07-07T20:56:01
오상자이엘,00226547,053980,KOSDAQ,연간x연결,지표,CV-6,PASS,default metric selection visible,,2026-07-07T20:56:01
오상자이엘,00226547,053980,KOSDAQ,연간x별도,재무제표,DS-1,PASS,,,2026-07-07T20:56:07
오상자이엘,00226547,053980,KOSDAQ,연간x별도,상단,DS-8,PASS,,,2026-07-07T20:56:07
오상자이엘,00226547,053980,KOSDAQ,연간x별도,상단,DS-7,PASS,"badges seen: ['✅', '🔎']",,2026-07-07T20:56:07
오상자이엘,00226547,053980,KOSDAQ,연간x별도,재무제표,CV-3,PASS,rows=29 cols=27 slider_extended=True,,2026-07-07T20:56:07
오상자이엘,00226547,053980,KOSDAQ,연간x별도,재무제표,DS-2/DS-3,DONE,"cross-check completed for ['매출액', '영업이익']",,2026-07-07T20:56:07
오상자이엘,00226547,053980,KOSDAQ,연간x별도,지표,CV-6,PASS,default metric selection visible,,2026-07-07T20:56:07
오상자이엘,00226547,053980,KOSDAQ,분기x연결,재무제표,DS-1,PASS,,,2026-07-07T20:56:13
오상자이엘,00226547,053980,KOSDAQ,분기x연결,상단,DS-8,PASS,,,2026-07-07T20:56:13
오상자이엘,00226547,053980,KOSDAQ,분기x연결,상단,DS-7,PASS,"badges seen: ['✅', '🔎']",,2026-07-07T20:56:13
오상자이엘,00226547,053980,KOSDAQ,분기x연결,재무제표,CV-3,PASS,rows=29 cols=60 slider_extended=True,,2026-07-07T20:56:13
오상자이엘,00226547,053980,KOSDAQ,분기x연결,재무제표,DS-2/DS-3,DONE,"cross-check completed for ['매출액', '영업이익']",,2026-07-07T20:56:13
오상자이엘,00226547,053980,KOSDAQ,분기x연결,지표,CV-6,PASS,default metric selection visible,,2026-07-07T20:56:13
오상자이엘,00226547,053980,KOSDAQ,분기x별도,재무제표,DS-1,PASS,,,2026-07-07T20:56:20
오상자이엘,00226547,053980,KOSDAQ,분기x별도,상단,DS-8,PASS,,,2026-07-07T20:56:20
오상자이엘,00226547,053980,KOSDAQ,분기x별도,상단,DS-7,PASS,"badges seen: ['✅', '🔎']",,2026-07-07T20:56:20
오상자이엘,00226547,053980,KOSDAQ,분기x별도,재무제표,CV-3,PASS,rows=29 cols=85 slider_extended=True,,2026-07-07T20:56:20
오상자이엘,00226547,053980,KOSDAQ,분기x별도,재무제표,DS-2/DS-3,DONE,"cross-check completed for ['매출액', '영업이익']",,2026-07-07T20:56:20
오상자이엘,00226547,053980,KOSDAQ,분기x별도,지표,CV-6,PASS,default metric selection visible,,2026-07-07T20:56:20
오상헬스케어,00260657,036220,KOSDAQ,연간x연결,재무제표,DS-1,PASS,,,2026-07-07T20:56:31
오상헬스케어,00260657,036220,KOSDAQ,연간x연결,상단,DS-8,PASS,,,2026-07-07T20:56:31
오상헬스케어,00260657,036220,KOSDAQ,연간x연결,상단,DS-7,PASS,"badges seen: ['✅', '🔎', '⚠']",,2026-07-07T20:56:31
오상헬스케어,00260657,036220,KOSDAQ,연간x연결,재무제표,CV-3,PASS,rows=29 cols=14 slider_extended=True,,2026-07-07T20:56:31
오상헬스케어,00260657,036220,KOSDAQ,연간x연결,재무제표,DS-2/DS-3,DONE,"cross-check completed for ['매출액', '영업이익']",,2026-07-07T20:56:31
오상헬스케어,00260657,036220,KOSDAQ,연간x연결,지표,CV-6,PASS,default metric selection visible,,2026-07-07T20:56:31
오상헬스케어,00260657,036220,KOSDAQ,연간x별도,재무제표,DS-1,PASS,,,2026-07-07T20:56:37
오상헬스케어,00260657,036220,KOSDAQ,연간x별도,상단,DS-8,PASS,,,2026-07-07T20:56:37
오상헬스케어,00260657,036220,KOSDAQ,연간x별도,상단,DS-7,PASS,"badges seen: ['✅', '🔎', '⚠']",,2026-07-07T20:56:37
오상헬스케어,00260657,036220,KOSDAQ,연간x별도,재무제표,CV-3,PASS,rows=29 cols=25 slider_extended=True,,2026-07-07T20:56:37
오상헬스케어,00260657,036220,KOSDAQ,연간x별도,재무제표,DS-2/DS-3,DONE,"cross-check completed for ['매출액', '영업이익']",,2026-07-07T20:56:37
오상헬스케어,00260657,036220,KOSDAQ,연간x별도,지표,CV-6,PASS,default metric selection visible,,2026-07-07T20:56:37
오상헬스케어,00260657,036220,KOSDAQ,분기x연결,재무제표,DS-1,PASS,,,2026-07-07T20:56:43
오상헬스케어,00260657,036220,KOSDAQ,분기x연결,상단,DS-8,PASS,,,2026-07-07T20:56:43
오상헬스케어,00260657,036220,KOSDAQ,분기x연결,상단,DS-7,PASS,"badges seen: ['✅', '🔎']",,2026-07-07T20:56:43
오상헬스케어,00260657,036220,KOSDAQ,분기x연결,재무제표,CV-3,PASS,rows=29 cols=45 slider_extended=True,,2026-07-07T20:56:43
오상헬스케어,00260657,036220,KOSDAQ,분기x연결,재무제표,DS-2/DS-3,DONE,"cross-check completed for ['매출액', '영업이익']",,2026-07-07T20:56:43
오상헬스케어,00260657,036220,KOSDAQ,분기x연결,지표,CV-6,PASS,default metric selection visible,,2026-07-07T20:56:43
오상헬스케어,00260657,036220,KOSDAQ,분기x별도,재무제표,DS-1,PASS,,,2026-07-07T20:56:50
오상헬스케어,00260657,036220,KOSDAQ,분기x별도,상단,DS-8,PASS,,,2026-07-07T20:56:50
오상헬스케어,00260657,036220,KOSDAQ,분기x별도,상단,DS-7,PASS,"badges seen: ['✅', '🔎']",,2026-07-07T20:56:50
오상헬스케어,00260657,036220,KOSDAQ,분기x별도,재무제표,CV-3,PASS,rows=29 cols=74 slider_extended=True,,2026-07-07T20:56:50
오상헬스케어,00260657,036220,KOSDAQ,분기x별도,재무제표,DS-2/DS-3,DONE,"cross-check completed for ['매출액', '영업이익']",,2026-07-07T20:56:50
오상헬스케어,00260657,036220,KOSDAQ,분기x별도,지표,CV-6,PASS,default metric selection visible,,2026-07-07T20:56:50
오성첨단소재,00350048,052420,KOSDAQ,연간x연결,재무제표,DS-1,PASS,,,2026-07-07T20:57:04
오성첨단소재,00350048,052420,KOSDAQ,연간x연결,상단,DS-8,PASS,,,2026-07-07T20:57:04
오성첨단소재,00350048,052420,KOSDAQ,연간x연결,상단,DS-7,PASS,"badges seen: ['✅', '🔎', '⚠']",,2026-07-07T20:57:04
오성첨단소재,00350048,052420,KOSDAQ,연간x연결,재무제표,CV-3,PASS,rows=29 cols=19 slider_extended=True,,2026-07-07T20:57:04
오성첨단소재,00350048,052420,KOSDAQ,연간x연결,재무제표,DS-2/DS-3,DONE,"cross-check completed for ['매출액', '영업이익']",,2026-07-07T20:57:04
오성첨단소재,00350048,052420,KOSDAQ,연간x연결,지표,CV-6,PASS,default metric selection visible,,2026-07-07T20:57:04
오성첨단소재,00350048,052420,KOSDAQ,연간x별도,재무제표,DS-1,PASS,,,2026-07-07T20:57:09
오성첨단소재,00350048,052420,KOSDAQ,연간x별도,상단,DS-8,PASS,,,2026-07-07T20:57:09
오성첨단소재,00350048,052420,KOSDAQ,연간x별도,상단,DS-7,PASS,"badges seen: ['✅', '🔎', '⚠']",,2026-07-07T20:57:09
오성첨단소재,00350048,052420,KOSDAQ,연간x별도,재무제표,CV-3,PASS,rows=29 cols=26 slider_extended=True,,2026-07-07T20:57:09
오성첨단소재,00350048,052420,KOSDAQ,연간x별도,재무제표,DS-2/DS-3,DONE,"cross-check completed for ['매출액', '영업이익']",,2026-07-07T20:57:09
오성첨단소재,00350048,052420,KOSDAQ,연간x별도,지표,CV-6,PASS,default metric selection visible,,2026-07-07T20:57:09
오성첨단소재,00350048,052420,KOSDAQ,분기x연결,재무제표,DS-1,PASS,,,2026-07-07T20:57:15
오성첨단소재,00350048,052420,KOSDAQ,분기x연결,상단,DS-8,PASS,,,2026-07-07T20:57:15
오성첨단소재,00350048,052420,KOSDAQ,분기x연결,상단,DS-7,PASS,"badges seen: ['✅', '🔎', '⚠']",,2026-07-07T20:57:15
오성첨단소재,00350048,052420,KOSDAQ,분기x연결,재무제표,CV-3,PASS,rows=29 cols=63 slider_extended=True,,2026-07-07T20:57:15
오성첨단소재,00350048,052420,KOSDAQ,분기x연결,재무제표,DS-2/DS-3,DONE,"cross-check completed for ['매출액', '영업이익']",,2026-07-07T20:57:15
오성첨단소재,00350048,052420,KOSDAQ,분기x연결,지표,CV-6,PASS,default metric selection visible,,2026-07-07T20:57:15
오성첨단소재,00350048,052420,KOSDAQ,분기x별도,재무제표,DS-1,PASS,,,2026-07-07T20:57:22
오성첨단소재,00350048,052420,KOSDAQ,분기x별도,상단,DS-8,PASS,,,2026-07-07T20:57:22
오성첨단소재,00350048,052420,KOSDAQ,분기x별도,상단,DS-7,PASS,"badges seen: ['✅', '🔎', '⚠']",,2026-07-07T20:57:22
오성첨단소재,00350048,052420,KOSDAQ,분기x별도,재무제표,CV-3,PASS,rows=29 cols=87 slider_extended=True,,2026-07-07T20:57:22
오성첨단소재,00350048,052420,KOSDAQ,분기x별도,재무제표,DS-2/DS-3,DONE,"cross-check completed for ['매출액', '영업이익']",,2026-07-07T20:57:22
오성첨단소재,00350048,052420,KOSDAQ,분기x별도,지표,CV-6,PASS,default metric selection visible,,2026-07-07T20:57:22
오션인더블유,00349811,052300,KOSDAQ,연간x연결,재무제표,DS-1,PASS,,,2026-07-07T20:57:33
오션인더블유,00349811,052300,KOSDAQ,연간x연결,상단,DS-8,PASS,,,2026-07-07T20:57:33
오션인더블유,00349811,052300,KOSDAQ,연간x연결,상단,DS-7,PASS,"badges seen: ['✅', '🔎', '⚠']",,2026-07-07T20:57:33
오션인더블유,00349811,052300,KOSDAQ,연간x연결,재무제표,CV-3,PASS,rows=29 cols=19 slider_extended=True,,2026-07-07T20:57:33
오션인더블유,00349811,052300,KOSDAQ,연간x연결,재무제표,DS-2/DS-3,DONE,"cross-check completed for ['매출액', '영업이익']",,2026-07-07T20:57:33
오션인더블유,00349811,052300,KOSDAQ,연간x연결,지표,CV-6,PASS,default metric selection visible,,2026-07-07T20:57:33
오션인더블유,00349811,052300,KOSDAQ,연간x별도,재무제표,DS-1,PASS,,,2026-07-07T20:57:38
오션인더블유,00349811,052300,KOSDAQ,연간x별도,상단,DS-8,PASS,,,2026-07-07T20:57:38
오션인더블유,00349811,052300,KOSDAQ,연간x별도,상단,DS-7,PASS,"badges seen: ['✅', '🔎', '⚠']",,2026-07-07T20:57:38
오션인더블유,00349811,052300,KOSDAQ,연간x별도,재무제표,CV-3,PASS,rows=29 cols=25 slider_extended=True,,2026-07-07T20:57:38
오션인더블유,00349811,052300,KOSDAQ,연간x별도,재무제표,DS-2/DS-3,DONE,"cross-check completed for ['매출액', '영업이익']",,2026-07-07T20:57:38
오션인더블유,00349811,052300,KOSDAQ,연간x별도,지표,CV-6,PASS,default metric selection visible,,2026-07-07T20:57:38
오션인더블유,00349811,052300,KOSDAQ,분기x연결,재무제표,DS-1,PASS,,,2026-07-07T20:57:44
오션인더블유,00349811,052300,KOSDAQ,분기x연결,상단,DS-8,PASS,,,2026-07-07T20:57:44
오션인더블유,00349811,052300,KOSDAQ,분기x연결,상단,DS-7,PASS,"badges seen: ['✅', '🔎', '⚠']",,2026-07-07T20:57:44
오션인더블유,00349811,052300,KOSDAQ,분기x연결,재무제표,CV-3,PASS,rows=29 cols=60 slider_extended=True,,2026-07-07T20:57:44
오션인더블유,00349811,052300,KOSDAQ,분기x연결,재무제표,DS-2/DS-3,DONE,"cross-check completed for ['매출액', '영업이익']",,2026-07-07T20:57:44
오션인더블유,00349811,052300,KOSDAQ,분기x연결,지표,CV-6,PASS,default metric selection visible,,2026-07-07T20:57:44
오션인더블유,00349811,052300,KOSDAQ,분기x별도,재무제표,DS-1,PASS,,,2026-07-07T20:57:52
오션인더블유,00349811,052300,KOSDAQ,분기x별도,상단,DS-8,PASS,,,2026-07-07T20:57:52
오션인더블유,00349811,052300,KOSDAQ,분기x별도,상단,DS-7,PASS,"badges seen: ['✅', '🔎', '⚠']",,2026-07-07T20:57:52
오션인더블유,00349811,052300,KOSDAQ,분기x별도,재무제표,CV-3,PASS,rows=29 cols=76 slider_extended=True,,2026-07-07T20:57:52
오션인더블유,00349811,052300,KOSDAQ,분기x별도,재무제표,DS-2/DS-3,DONE,"cross-check completed for ['매출액', '영업이익']",,2026-07-07T20:57:52
오션인더블유,00349811,052300,KOSDAQ,분기x별도,지표,CV-6,PASS,default metric selection visible,,2026-07-07T20:57:52
오스코텍,00263654,039200,KOSDAQ,연간x연결,재무제표,DS-1,PASS,,,2026-07-07T20:58:05
오스코텍,00263654,039200,KOSDAQ,연간x연결,상단,DS-8,PASS,,,2026-07-07T20:58:05
오스코텍,00263654,039200,KOSDAQ,연간x연결,상단,DS-7,PASS,"badges seen: ['✅', '🔎', '⚠']",,2026-07-07T20:58:05
오스코텍,00263654,039200,KOSDAQ,연간x연결,재무제표,CV-3,PASS,rows=29 cols=19 slider_extended=True,,2026-07-07T20:58:05
오스코텍,00263654,039200,KOSDAQ,연간x연결,재무제표,DS-2/DS-3,DONE,"cross-check completed for ['매출액', '영업이익']",,2026-07-07T20:58:05
오스코텍,00263654,039200,KOSDAQ,연간x연결,지표,CV-6,PASS,default metric selection visible,,2026-07-07T20:58:05
오스코텍,00263654,039200,KOSDAQ,연간x별도,재무제표,DS-1,PASS,,,2026-07-07T20:58:11
오스코텍,00263654,039200,KOSDAQ,연간x별도,상단,DS-8,PASS,,,2026-07-07T20:58:11
오스코텍,00263654,039200,KOSDAQ,연간x별도,상단,DS-7,PASS,"badges seen: ['✅', '🔎', '⚠']",,2026-07-07T20:58:11
오스코텍,00263654,039200,KOSDAQ,연간x별도,재무제표,CV-3,PASS,rows=29 cols=24 slider_extended=True,,2026-07-07T20:58:11
오스코텍,00263654,039200,KOSDAQ,연간x별도,재무제표,DS-2/DS-3,DONE,"cross-check completed for ['매출액', '영업이익']",,2026-07-07T20:58:11
오스코텍,00263654,039200,KOSDAQ,연간x별도,지표,CV-6,PASS,default metric selection visible,,2026-07-07T20:58:11
오스코텍,00263654,039200,KOSDAQ,분기x연결,재무제표,DS-1,PASS,,,2026-07-07T20:58:17
오스코텍,00263654,039200,KOSDAQ,분기x연결,상단,DS-8,PASS,,,2026-07-07T20:58:17
오스코텍,00263654,039200,KOSDAQ,분기x연결,상단,DS-7,PASS,"badges seen: ['✅', '🔎', '⚠']",,2026-07-07T20:58:17
오스코텍,00263654,039200,KOSDAQ,분기x연결,재무제표,CV-3,PASS,rows=29 cols=60 slider_extended=True,,2026-07-07T20:58:17
오스코텍,00263654,039200,KOSDAQ,분기x연결,재무제표,DS-2/DS-3,DONE,"cross-check completed for ['매출액', '영업이익']",,2026-07-07T20:58:17
오스코텍,00263654,039200,KOSDAQ,분기x연결,지표,CV-6,PASS,default metric selection visible,,2026-07-07T20:58:17
오스코텍,00263654,039200,KOSDAQ,분기x별도,재무제표,DS-1,PASS,,,2026-07-07T20:58:24
오스코텍,00263654,039200,KOSDAQ,분기x별도,상단,DS-8,PASS,,,2026-07-07T20:58:24
오스코텍,00263654,039200,KOSDAQ,분기x별도,상단,DS-7,PASS,"badges seen: ['✅', '🔎', '⚠']",,2026-07-07T20:58:24
오스코텍,00263654,039200,KOSDAQ,분기x별도,재무제표,CV-3,PASS,rows=29 cols=75 slider_extended=True,,2026-07-07T20:58:24
오스코텍,00263654,039200,KOSDAQ,분기x별도,재무제표,DS-2/DS-3,DONE,"cross-check completed for ['매출액', '영업이익']",,2026-07-07T20:58:24
오스코텍,00263654,039200,KOSDAQ,분기x별도,지표,CV-6,PASS,default metric selection visible,,2026-07-07T20:58:24
오스테오닉,01082348,226400,KOSDAQ,연간x연결,재무제표,DS-1,PASS,,,2026-07-07T20:58:35
오스테오닉,01082348,226400,KOSDAQ,연간x연결,상단,DS-8,PASS,,,2026-07-07T20:58:35
오스테오닉,01082348,226400,KOSDAQ,연간x연결,상단,DS-7,PASS,"badges seen: ['✅', '🔎', '⚠']",,2026-07-07T20:58:35
오스테오닉,01082348,226400,KOSDAQ,연간x연결,재무제표,CV-3,PASS,rows=29 cols=8 slider_extended=True,,2026-07-07T20:58:35
오스테오닉,01082348,226400,KOSDAQ,연간x연결,재무제표,DS-2/DS-3,DONE,"cross-check completed for ['매출액', '영업이익']",,2026-07-07T20:58:35
오스테오닉,01082348,226400,KOSDAQ,연간x연결,지표,CV-6,PASS,default metric selection visible,,2026-07-07T20:58:35
오스테오닉,01082348,226400,KOSDAQ,연간x별도,재무제표,DS-1,PASS,,,2026-07-07T20:58:40
오스테오닉,01082348,226400,KOSDAQ,연간x별도,상단,DS-8,PASS,,,2026-07-07T20:58:40
오스테오닉,01082348,226400,KOSDAQ,연간x별도,상단,DS-7,PASS,"badges seen: ['✅', '🔎', '⚠']",,2026-07-07T20:58:40
오스테오닉,01082348,226400,KOSDAQ,연간x별도,재무제표,CV-3,PASS,rows=29 cols=15 slider_extended=True,,2026-07-07T20:58:40
오스테오닉,01082348,226400,KOSDAQ,연간x별도,재무제표,DS-2/DS-3,DONE,"cross-check completed for ['매출액', '영업이익']",,2026-07-07T20:58:40
오스테오닉,01082348,226400,KOSDAQ,연간x별도,지표,CV-6,PASS,default metric selection visible,,2026-07-07T20:58:40
오스테오닉,01082348,226400,KOSDAQ,분기x연결,재무제표,DS-1,PASS,,,2026-07-07T20:58:46
오스테오닉,01082348,226400,KOSDAQ,분기x연결,상단,DS-8,PASS,,,2026-07-07T20:58:46
오스테오닉,01082348,226400,KOSDAQ,분기x연결,상단,DS-7,PASS,"badges seen: ['✅', '🔎', '⚠']",,2026-07-07T20:58:46
오스테오닉,01082348,226400,KOSDAQ,분기x연결,재무제표,CV-3,PASS,rows=29 cols=24 slider_extended=True,,2026-07-07T20:58:46
오스테오닉,01082348,226400,KOSDAQ,분기x연결,재무제표,DS-2/DS-3,DONE,"cross-check completed for ['매출액', '영업이익']",,2026-07-07T20:58:46
오스테오닉,01082348,226400,KOSDAQ,분기x연결,지표,CV-6,PASS,default metric selection visible,,2026-07-07T20:58:46
오스테오닉,01082348,226400,KOSDAQ,분기x별도,재무제표,DS-1,PASS,,,2026-07-07T20:58:54
오스테오닉,01082348,226400,KOSDAQ,분기x별도,상단,DS-8,PASS,,,2026-07-07T20:58:54
오스테오닉,01082348,226400,KOSDAQ,분기x별도,상단,DS-7,PASS,"badges seen: ['✅', '🔎', '⚠']",,2026-07-07T20:58:54
오스테오닉,01082348,226400,KOSDAQ,분기x별도,재무제표,CV-3,PASS,rows=29 cols=40 slider_extended=True,,2026-07-07T20:58:54
오스테오닉,01082348,226400,KOSDAQ,분기x별도,재무제표,DS-2/DS-3,DONE,"cross-check completed for ['매출액', '영업이익']",,2026-07-07T20:58:54
오스테오닉,01082348,226400,KOSDAQ,분기x별도,지표,CV-6,PASS,default metric selection visible,,2026-07-07T20:58:54
오스템,00175173,031510,KOSDAQ,연간x연결,재무제표,DS-1,PASS,,,2026-07-07T20:59:07
오스템,00175173,031510,KOSDAQ,연간x연결,상단,DS-8,PASS,,,2026-07-07T20:59:07
오스템,00175173,031510,KOSDAQ,연간x연결,상단,DS-7,PASS,"badges seen: ['✅', '🔎', '⚠']",,2026-07-07T20:59:07
오스템,00175173,031510,KOSDAQ,연간x연결,재무제표,CV-3,PASS,rows=29 cols=19 slider_extended=True,,2026-07-07T20:59:07
오스템,00175173,031510,KOSDAQ,연간x연결,재무제표,DS-2/DS-3,DONE,"cross-check completed for ['매출액', '영업이익']",,2026-07-07T20:59:07
오스템,00175173,031510,KOSDAQ,연간x연결,지표,CV-6,PASS,default metric selection visible,,2026-07-07T20:59:07
오스템,00175173,031510,KOSDAQ,연간x별도,재무제표,DS-1,PASS,,,2026-07-07T20:59:12
오스템,00175173,031510,KOSDAQ,연간x별도,상단,DS-8,PASS,,,2026-07-07T20:59:12
오스템,00175173,031510,KOSDAQ,연간x별도,상단,DS-7,PASS,"badges seen: ['✅', '🔎']",,2026-07-07T20:59:12
오스템,00175173,031510,KOSDAQ,연간x별도,재무제표,CV-3,PASS,rows=29 cols=27 slider_extended=True,,2026-07-07T20:59:12
오스템,00175173,031510,KOSDAQ,연간x별도,재무제표,DS-2/DS-3,DONE,"cross-check completed for ['매출액', '영업이익']",,2026-07-07T20:59:12
오스템,00175173,031510,KOSDAQ,연간x별도,지표,CV-6,PASS,default metric selection visible,,2026-07-07T20:59:12
오스템,00175173,031510,KOSDAQ,분기x연결,재무제표,DS-1,PASS,,,2026-07-07T20:59:18
오스템,00175173,031510,KOSDAQ,분기x연결,상단,DS-8,PASS,,,2026-07-07T20:59:18
오스템,00175173,031510,KOSDAQ,분기x연결,상단,DS-7,PASS,"badges seen: ['✅', '🔎']",,2026-07-07T20:59:18
오스템,00175173,031510,KOSDAQ,분기x연결,재무제표,CV-3,PASS,rows=29 cols=63 slider_extended=True,,2026-07-07T20:59:18
오스템,00175173,031510,KOSDAQ,분기x연결,재무제표,DS-2/DS-3,DONE,"cross-check completed for ['매출액', '영업이익']",,2026-07-07T20:59:18
오스템,00175173,031510,KOSDAQ,분기x연결,지표,CV-6,PASS,default metric selection visible,,2026-07-07T20:59:18
오스템,00175173,031510,KOSDAQ,분기x별도,재무제표,DS-1,PASS,,,2026-07-07T20:59:26
오스템,00175173,031510,KOSDAQ,분기x별도,상단,DS-8,PASS,,,2026-07-07T20:59:26
오스템,00175173,031510,KOSDAQ,분기x별도,상단,DS-7,PASS,"badges seen: ['✅', '🔎']",,2026-07-07T20:59:26
오스템,00175173,031510,KOSDAQ,분기x별도,재무제표,CV-3,PASS,rows=29 cols=86 slider_extended=True,,2026-07-07T20:59:26
오스템,00175173,031510,KOSDAQ,분기x별도,재무제표,DS-2/DS-3,DONE,"cross-check completed for ['매출액', '영업이익']",,2026-07-07T20:59:26
오스템,00175173,031510,KOSDAQ,분기x별도,지표,CV-6,PASS,default metric selection visible,,2026-07-07T20:59:26
오아,01428948,342870,KOSDAQ,연간x연결,재무제표,DS-1,PASS,,,2026-07-07T20:59:39
오아,01428948,342870,KOSDAQ,연간x연결,상단,DS-8,PASS,,,2026-07-07T20:59:39
오아,01428948,342870,KOSDAQ,연간x연결,상단,DS-7,PASS,"badges seen: ['✅', '🔎']",,2026-07-07T20:59:39
오아,01428948,342870,KOSDAQ,연간x연결,재무제표,CV-3,PASS,rows=29 cols=5 slider_extended=True,,2026-07-07T20:59:39
오아,01428948,342870,KOSDAQ,연간x연결,재무제표,DS-2/DS-3,DONE,"cross-check completed for ['매출액', '영업이익']",,2026-07-07T20:59:39
오아,01428948,342870,KOSDAQ,연간x연결,지표,CV-6,PASS,default metric selection visible,,2026-07-07T20:59:39
오아,01428948,342870,KOSDAQ,연간x별도,재무제표,DS-1,PASS,,,2026-07-07T20:59:44
오아,01428948,342870,KOSDAQ,연간x별도,상단,DS-8,PASS,,,2026-07-07T20:59:44
오아,01428948,342870,KOSDAQ,연간x별도,상단,DS-7,PASS,"badges seen: ['✅', '🔎']",,2026-07-07T20:59:44
오아,01428948,342870,KOSDAQ,연간x별도,재무제표,CV-3,PASS,rows=29 cols=5 slider_extended=True,,2026-07-07T20:59:44
오아,01428948,342870,KOSDAQ,연간x별도,재무제표,DS-2/DS-3,DONE,"cross-check completed for ['매출액', '영업이익']",,2026-07-07T20:59:44
오아,01428948,342870,KOSDAQ,연간x별도,지표,CV-6,PASS,default metric selection visible,,2026-07-07T20:59:44
오아,01428948,342870,KOSDAQ,분기x연결,재무제표,DS-1,PASS,,,2026-07-07T20:59:50
오아,01428948,342870,KOSDAQ,분기x연결,상단,DS-8,PASS,,,2026-07-07T20:59:50
오아,01428948,342870,KOSDAQ,분기x연결,상단,DS-7,PASS,"badges seen: ['✅', '🔎']",,2026-07-07T20:59:50
오아,01428948,342870,KOSDAQ,분기x연결,재무제표,CV-3,PASS,rows=29 cols=9 slider_extended=True,,2026-07-07T20:59:50
오아,01428948,342870,KOSDAQ,분기x연결,재무제표,DS-2/DS-3,DONE,"cross-check completed for ['매출액', '영업이익']",,2026-07-07T20:59:50
오아,01428948,342870,KOSDAQ,분기x연결,지표,CV-6,PASS,default metric selection visible,,2026-07-07T20:59:50
오아,01428948,342870,KOSDAQ,분기x별도,재무제표,DS-1,PASS,,,2026-07-07T20:59:57
오아,01428948,342870,KOSDAQ,분기x별도,상단,DS-8,PASS,,,2026-07-07T20:59:57
오아,01428948,342870,KOSDAQ,분기x별도,상단,DS-7,PASS,"badges seen: ['✅', '🔎']",,2026-07-07T20:59:57
오아,01428948,342870,KOSDAQ,분기x별도,재무제표,CV-3,PASS,rows=29 cols=9 slider_extended=True,,2026-07-07T20:59:57
오아,01428948,342870,KOSDAQ,분기x별도,재무제표,DS-2/DS-3,DONE,"cross-check completed for ['매출액', '영업이익']",,2026-07-07T20:59:57
오아,01428948,342870,KOSDAQ,분기x별도,지표,CV-6,PASS,default metric selection visible,,2026-07-07T20:59:57
오에스피,01491607,368970,KOSDAQ,연간x연결,재무제표,DS-1,PASS,,,2026-07-07T21:00:11
오에스피,01491607,368970,KOSDAQ,연간x연결,상단,DS-8,PASS,,,2026-07-07T21:00:11
오에스피,01491607,368970,KOSDAQ,연간x연결,상단,DS-7,PASS,"badges seen: ['✅', '🔎', '⚠']",,2026-07-07T21:00:11
오에스피,01491607,368970,KOSDAQ,연간x연결,재무제표,CV-3,PASS,rows=29 cols=7 slider_extended=True,,2026-07-07T21:00:11
오에스피,01491607,368970,KOSDAQ,연간x연결,재무제표,DS-2/DS-3,DONE,"cross-check completed for ['매출액', '영업이익']",,2026-07-07T21:00:11
오에스피,01491607,368970,KOSDAQ,연간x연결,지표,CV-6,PASS,default metric selection visible,,2026-07-07T21:00:11
오에스피,01491607,368970,KOSDAQ,연간x별도,재무제표,DS-1,PASS,,,2026-07-07T21:00:16
오에스피,01491607,368970,KOSDAQ,연간x별도,상단,DS-8,PASS,,,2026-07-07T21:00:16
오에스피,01491607,368970,KOSDAQ,연간x별도,상단,DS-7,PASS,"badges seen: ['✅', '🔎', '⚠']",,2026-07-07T21:00:16
오에스피,01491607,368970,KOSDAQ,연간x별도,재무제표,CV-3,PASS,rows=29 cols=8 slider_extended=True,,2026-07-07T21:00:16
오에스피,01491607,368970,KOSDAQ,연간x별도,재무제표,DS-2/DS-3,DONE,"cross-check completed for ['매출액', '영업이익']",,2026-07-07T21:00:16
오에스피,01491607,368970,KOSDAQ,연간x별도,지표,CV-6,PASS,default metric selection visible,,2026-07-07T21:00:16
오에스피,01491607,368970,KOSDAQ,분기x연결,재무제표,DS-1,PASS,,,2026-07-07T21:00:22
오에스피,01491607,368970,KOSDAQ,분기x연결,상단,DS-8,PASS,,,2026-07-07T21:00:22
오에스피,01491607,368970,KOSDAQ,분기x연결,상단,DS-7,PASS,"badges seen: ['✅', '🔎', '⚠']",,2026-07-07T21:00:22
오에스피,01491607,368970,KOSDAQ,분기x연결,재무제표,CV-3,PASS,rows=29 cols=20 slider_extended=True,,2026-07-07T21:00:22
오에스피,01491607,368970,KOSDAQ,분기x연결,재무제표,DS-2/DS-3,DONE,"cross-check completed for ['매출액', '영업이익']",,2026-07-07T21:00:22
오에스피,01491607,368970,KOSDAQ,분기x연결,지표,CV-6,PASS,default metric selection visible,,2026-07-07T21:00:22
오에스피,01491607,368970,KOSDAQ,분기x별도,재무제표,DS-1,PASS,,,2026-07-07T21:00:29
오에스피,01491607,368970,KOSDAQ,분기x별도,상단,DS-8,PASS,,,2026-07-07T21:00:29
오에스피,01491607,368970,KOSDAQ,분기x별도,상단,DS-7,PASS,"badges seen: ['✅', '🔎', '⚠']",,2026-07-07T21:00:29
오에스피,01491607,368970,KOSDAQ,분기x별도,재무제표,CV-3,PASS,rows=29 cols=20 slider_extended=True,,2026-07-07T21:00:29
오에스피,01491607,368970,KOSDAQ,분기x별도,재무제표,DS-2/DS-3,DONE,"cross-check completed for ['매출액', '영업이익']",,2026-07-07T21:00:29
오에스피,01491607,368970,KOSDAQ,분기x별도,지표,CV-6,PASS,default metric selection visible,,2026-07-07T21:00:29
오이솔루션,00571483,138080,KOSDAQ,연간x연결,재무제표,DS-1,PASS,,,2026-07-07T21:00:40
오이솔루션,00571483,138080,KOSDAQ,연간x연결,상단,DS-8,PASS,,,2026-07-07T21:00:40
오이솔루션,00571483,138080,KOSDAQ,연간x연결,상단,DS-7,PASS,"badges seen: ['✅', '🔎', '⚠']",,2026-07-07T21:00:40
오이솔루션,00571483,138080,KOSDAQ,연간x연결,재무제표,CV-3,PASS,rows=29 cols=17 slider_extended=True,,2026-07-07T21:00:40
오이솔루션,00571483,138080,KOSDAQ,연간x연결,재무제표,DS-2/DS-3,DONE,"cross-check completed for ['매출액', '영업이익']",,2026-07-07T21:00:40
오이솔루션,00571483,138080,KOSDAQ,연간x연결,지표,CV-6,PASS,default metric selection visible,,2026-07-07T21:00:40
오이솔루션,00571483,138080,KOSDAQ,연간x별도,재무제표,DS-1,PASS,,,2026-07-07T21:00:45
오이솔루션,00571483,138080,KOSDAQ,연간x별도,상단,DS-8,PASS,,,2026-07-07T21:00:45
오이솔루션,00571483,138080,KOSDAQ,연간x별도,상단,DS-7,PASS,"badges seen: ['✅', '🔎', '⚠']",,2026-07-07T21:00:45
오이솔루션,00571483,138080,KOSDAQ,연간x별도,재무제표,CV-3,PASS,rows=29 cols=17 slider_extended=True,,2026-07-07T21:00:45
오이솔루션,00571483,138080,KOSDAQ,연간x별도,재무제표,DS-2/DS-3,DONE,"cross-check completed for ['매출액', '영업이익']",,2026-07-07T21:00:45
오이솔루션,00571483,138080,KOSDAQ,연간x별도,지표,CV-6,PASS,default metric selection visible,,2026-07-07T21:00:45
오이솔루션,00571483,138080,KOSDAQ,분기x연결,재무제표,DS-1,PASS,,,2026-07-07T21:00:51
오이솔루션,00571483,138080,KOSDAQ,분기x연결,상단,DS-8,PASS,,,2026-07-07T21:00:51
오이솔루션,00571483,138080,KOSDAQ,분기x연결,상단,DS-7,PASS,"badges seen: ['✅', '🔎']",,2026-07-07T21:00:51
오이솔루션,00571483,138080,KOSDAQ,분기x연결,재무제표,CV-3,PASS,rows=29 cols=57 slider_extended=True,,2026-07-07T21:00:51
오이솔루션,00571483,138080,KOSDAQ,분기x연결,재무제표,DS-2/DS-3,DONE,"cross-check completed for ['매출액', '영업이익']",,2026-07-07T21:00:51
오이솔루션,00571483,138080,KOSDAQ,분기x연결,지표,CV-6,PASS,default metric selection visible,,2026-07-07T21:00:51
오이솔루션,00571483,138080,KOSDAQ,분기x별도,재무제표,DS-1,PASS,,,2026-07-07T21:00:58
오이솔루션,00571483,138080,KOSDAQ,분기x별도,상단,DS-8,PASS,,,2026-07-07T21:00:58
오이솔루션,00571483,138080,KOSDAQ,분기x별도,상단,DS-7,PASS,"badges seen: ['✅', '🔎']",,2026-07-07T21:00:58
오이솔루션,00571483,138080,KOSDAQ,분기x별도,재무제표,CV-3,PASS,rows=29 cols=57 slider_extended=True,,2026-07-07T21:00:58
오이솔루션,00571483,138080,KOSDAQ,분기x별도,재무제표,DS-2/DS-3,DONE,"cross-check completed for ['매출액', '영업이익']",,2026-07-07T21:00:58
오이솔루션,00571483,138080,KOSDAQ,분기x별도,지표,CV-6,PASS,default metric selection visible,,2026-07-07T21:00:58
오킨스전자,00543107,080580,KOSDAQ,연간x연결,재무제표,DS-1,PASS,,,2026-07-07T21:01:12
오킨스전자,00543107,080580,KOSDAQ,연간x연결,상단,DS-8,PASS,,,2026-07-07T21:01:12
오킨스전자,00543107,080580,KOSDAQ,연간x연결,상단,DS-7,PASS,"badges seen: ['✅', '🔎', '⚠']",,2026-07-07T21:01:12
오킨스전자,00543107,080580,KOSDAQ,연간x연결,재무제표,CV-3,PASS,rows=29 cols=16 slider_extended=True,,2026-07-07T21:01:12
오킨스전자,00543107,080580,KOSDAQ,연간x연결,재무제표,DS-2/DS-3,DONE,"cross-check completed for ['매출액', '영업이익']",,2026-07-07T21:01:12
오킨스전자,00543107,080580,KOSDAQ,연간x연결,지표,CV-6,PASS,default metric selection visible,,2026-07-07T21:01:12
오킨스전자,00543107,080580,KOSDAQ,연간x별도,재무제표,DS-1,PASS,,,2026-07-07T21:01:17
오킨스전자,00543107,080580,KOSDAQ,연간x별도,상단,DS-8,PASS,,,2026-07-07T21:01:17
오킨스전자,00543107,080580,KOSDAQ,연간x별도,상단,DS-7,PASS,"badges seen: ['✅', '🔎', '⚠']",,2026-07-07T21:01:17
오킨스전자,00543107,080580,KOSDAQ,연간x별도,재무제표,CV-3,PASS,rows=29 cols=16 slider_extended=True,,2026-07-07T21:01:17
오킨스전자,00543107,080580,KOSDAQ,연간x별도,재무제표,DS-2/DS-3,DONE,"cross-check completed for ['매출액', '영업이익']",,2026-07-07T21:01:17
오킨스전자,00543107,080580,KOSDAQ,연간x별도,지표,CV-6,PASS,default metric selection visible,,2026-07-07T21:01:17
오킨스전자,00543107,080580,KOSDAQ,분기x연결,재무제표,DS-1,PASS,,,2026-07-07T21:01:23
오킨스전자,00543107,080580,KOSDAQ,분기x연결,상단,DS-8,PASS,,,2026-07-07T21:01:23
오킨스전자,00543107,080580,KOSDAQ,분기x연결,상단,DS-7,PASS,"badges seen: ['✅', '🔎', '⚠']",,2026-07-07T21:01:23
오킨스전자,00543107,080580,KOSDAQ,분기x연결,재무제표,CV-3,PASS,rows=29 cols=54 slider_extended=True,,2026-07-07T21:01:23
오킨스전자,00543107,080580,KOSDAQ,분기x연결,재무제표,DS-2/DS-3,DONE,"cross-check completed for ['매출액', '영업이익']",,2026-07-07T21:01:23
오킨스전자,00543107,080580,KOSDAQ,분기x연결,지표,CV-6,PASS,default metric selection visible,,2026-07-07T21:01:23
오킨스전자,00543107,080580,KOSDAQ,분기x별도,재무제표,DS-1,PASS,,,2026-07-07T21:01:30
오킨스전자,00543107,080580,KOSDAQ,분기x별도,상단,DS-8,PASS,,,2026-07-07T21:01:30
오킨스전자,00543107,080580,KOSDAQ,분기x별도,상단,DS-7,PASS,"badges seen: ['✅', '🔎', '⚠']",,2026-07-07T21:01:30
오킨스전자,00543107,080580,KOSDAQ,분기x별도,재무제표,CV-3,PASS,rows=29 cols=54 slider_extended=True,,2026-07-07T21:01:30
오킨스전자,00543107,080580,KOSDAQ,분기x별도,재무제표,DS-2/DS-3,DONE,"cross-check completed for ['매출액', '영업이익']",,2026-07-07T21:01:30
오킨스전자,00543107,080580,KOSDAQ,분기x별도,지표,CV-6,PASS,default metric selection visible,,2026-07-07T21:01:30
오텍,00397289,067170,KOSDAQ,연간x연결,재무제표,DS-1,PASS,,,2026-07-07T21:01:44
오텍,00397289,067170,KOSDAQ,연간x연결,상단,DS-8,PASS,,,2026-07-07T21:01:44
오텍,00397289,067170,KOSDAQ,연간x연결,상단,DS-7,PASS,"badges seen: ['✅', '🔎']",,2026-07-07T21:01:44
오텍,00397289,067170,KOSDAQ,연간x연결,재무제표,CV-3,PASS,rows=29 cols=19 slider_extended=True,,2026-07-07T21:01:44
오텍,00397289,067170,KOSDAQ,연간x연결,재무제표,DS-2/DS-3,DONE,"cross-check completed for ['매출액', '영업이익']",,2026-07-07T21:01:44
오텍,00397289,067170,KOSDAQ,연간x연결,지표,CV-6,PASS,default metric selection visible,,2026-07-07T21:01:44
오텍,00397289,067170,KOSDAQ,연간x별도,재무제표,DS-1,PASS,,,2026-07-07T21:01:49
오텍,00397289,067170,KOSDAQ,연간x별도,상단,DS-8,PASS,,,2026-07-07T21:01:49
오텍,00397289,067170,KOSDAQ,연간x별도,상단,DS-7,PASS,"badges seen: ['✅', '🔎']",,2026-07-07T21:01:49
오텍,00397289,067170,KOSDAQ,연간x별도,재무제표,CV-3,PASS,rows=29 cols=24 slider_extended=True,,2026-07-07T21:01:49
오텍,00397289,067170,KOSDAQ,연간x별도,재무제표,DS-2/DS-3,DONE,"cross-check completed for ['매출액', '영업이익']",,2026-07-07T21:01:49
오텍,00397289,067170,KOSDAQ,연간x별도,지표,CV-6,PASS,default metric selection visible,,2026-07-07T21:01:49
오텍,00397289,067170,KOSDAQ,분기x연결,재무제표,DS-1,PASS,,,2026-07-07T21:01:55
오텍,00397289,067170,KOSDAQ,분기x연결,상단,DS-8,PASS,,,2026-07-07T21:01:55
오텍,00397289,067170,KOSDAQ,분기x연결,상단,DS-7,PASS,"badges seen: ['✅', '🔎']",,2026-07-07T21:01:55
오텍,00397289,067170,KOSDAQ,분기x연결,재무제표,CV-3,PASS,rows=29 cols=63 slider_extended=True,,2026-07-07T21:01:55
오텍,00397289,067170,KOSDAQ,분기x연결,재무제표,DS-2/DS-3,DONE,"cross-check completed for ['매출액', '영업이익']",,2026-07-07T21:01:55
오텍,00397289,067170,KOSDAQ,분기x연결,지표,CV-6,PASS,default metric selection visible,,2026-07-07T21:01:55
오텍,00397289,067170,KOSDAQ,분기x별도,재무제표,DS-1,PASS,,,2026-07-07T21:02:03
오텍,00397289,067170,KOSDAQ,분기x별도,상단,DS-8,PASS,,,2026-07-07T21:02:03
오텍,00397289,067170,KOSDAQ,분기x별도,상단,DS-7,PASS,"badges seen: ['✅', '🔎', '⚠']",,2026-07-07T21:02:03
오텍,00397289,067170,KOSDAQ,분기x별도,재무제표,CV-3,PASS,rows=29 cols=76 slider_extended=True,,2026-07-07T21:02:03
오텍,00397289,067170,KOSDAQ,분기x별도,재무제표,DS-2/DS-3,DONE,"cross-check completed for ['매출액', '영업이익']",,2026-07-07T21:02:03
오텍,00397289,067170,KOSDAQ,분기x별도,지표,CV-6,PASS,default metric selection visible,,2026-07-07T21:02:03
오토앤,01084294,353590,KOSDAQ,연간x연결,재무제표,DS-1,PASS,,,2026-07-07T21:02:16
오토앤,01084294,353590,KOSDAQ,연간x연결,상단,DS-8,PASS,,,2026-07-07T21:02:16
오토앤,01084294,353590,KOSDAQ,연간x연결,상단,DS-7,PASS,"badges seen: ['✅', '🔎']",,2026-07-07T21:02:16
오토앤,01084294,353590,KOSDAQ,연간x연결,재무제표,CV-3,PASS,rows=29 cols=9 slider_extended=True,,2026-07-07T21:02:16
오토앤,01084294,353590,KOSDAQ,연간x연결,재무제표,DS-2/DS-3,DONE,"cross-check completed for ['매출액', '영업이익']",,2026-07-07T21:02:16
오토앤,01084294,353590,KOSDAQ,연간x연결,지표,CV-6,PASS,default metric selection visible,,2026-07-07T21:02:16
오토앤,01084294,353590,KOSDAQ,연간x별도,재무제표,DS-1,PASS,,,2026-07-07T21:02:22
오토앤,01084294,353590,KOSDAQ,연간x별도,상단,DS-8,PASS,,,2026-07-07T21:02:22
오토앤,01084294,353590,KOSDAQ,연간x별도,상단,DS-7,PASS,"badges seen: ['✅', '🔎']",,2026-07-07T21:02:22
오토앤,01084294,353590,KOSDAQ,연간x별도,재무제표,CV-3,PASS,rows=29 cols=9 slider_extended=True,,2026-07-07T21:02:22
오토앤,01084294,353590,KOSDAQ,연간x별도,재무제표,DS-2/DS-3,DONE,"cross-check completed for ['매출액', '영업이익']",,2026-07-07T21:02:22
오토앤,01084294,353590,KOSDAQ,연간x별도,지표,CV-6,PASS,default metric selection visible,,2026-07-07T21:02:22
오토앤,01084294,353590,KOSDAQ,분기x연결,재무제표,DS-1,PASS,,,2026-07-07T21:02:28
오토앤,01084294,353590,KOSDAQ,분기x연결,상단,DS-8,PASS,,,2026-07-07T21:02:28
오토앤,01084294,353590,KOSDAQ,분기x연결,상단,DS-7,PASS,"badges seen: ['✅', '🔎']",,2026-07-07T21:02:28
오토앤,01084294,353590,KOSDAQ,분기x연결,재무제표,CV-3,PASS,rows=29 cols=24 slider_extended=True,,2026-07-07T21:02:28
오토앤,01084294,353590,KOSDAQ,분기x연결,재무제표,DS-2/DS-3,DONE,"cross-check completed for ['매출액', '영업이익']",,2026-07-07T21:02:28
오토앤,01084294,353590,KOSDAQ,분기x연결,지표,CV-6,PASS,default metric selection visible,,2026-07-07T21:02:28
오토앤,01084294,353590,KOSDAQ,분기x별도,재무제표,DS-1,PASS,,,2026-07-07T21:02:35
오토앤,01084294,353590,KOSDAQ,분기x별도,상단,DS-8,PASS,,,2026-07-07T21:02:35
오토앤,01084294,353590,KOSDAQ,분기x별도,상단,DS-7,PASS,"badges seen: ['✅', '🔎']",,2026-07-07T21:02:35
오토앤,01084294,353590,KOSDAQ,분기x별도,재무제표,CV-3,PASS,rows=29 cols=24 slider_extended=True,,2026-07-07T21:02:35
오토앤,01084294,353590,KOSDAQ,분기x별도,재무제표,DS-2/DS-3,DONE,"cross-check completed for ['매출액', '영업이익']",,2026-07-07T21:02:35
오토앤,01084294,353590,KOSDAQ,분기x별도,지표,CV-6,PASS,default metric selection visible,,2026-07-07T21:02:35
오파스넷,00867849,173130,KOSDAQ,연간x연결,재무제표,DS-1,PASS,,,2026-07-07T21:02:48
오파스넷,00867849,173130,KOSDAQ,연간x연결,상단,DS-8,PASS,,,2026-07-07T21:02:48
오파스넷,00867849,173130,KOSDAQ,연간x연결,상단,DS-7,PASS,"badges seen: ['✅', '🔎']",,2026-07-07T21:02:48
오파스넷,00867849,173130,KOSDAQ,연간x연결,재무제표,CV-3,PASS,rows=29 cols=9 slider_extended=True,,2026-07-07T21:02:48
오파스넷,00867849,173130,KOSDAQ,연간x연결,재무제표,DS-2/DS-3,DONE,"cross-check completed for ['매출액', '영업이익']",,2026-07-07T21:02:48
오파스넷,00867849,173130,KOSDAQ,연간x연결,지표,CV-6,PASS,default metric selection visible,,2026-07-07T21:02:48
오파스넷,00867849,173130,KOSDAQ,연간x별도,재무제표,DS-1,PASS,,,2026-07-07T21:02:54
오파스넷,00867849,173130,KOSDAQ,연간x별도,상단,DS-8,PASS,,,2026-07-07T21:02:54
오파스넷,00867849,173130,KOSDAQ,연간x별도,상단,DS-7,PASS,"badges seen: ['✅', '🔎']",,2026-07-07T21:02:54
오파스넷,00867849,173130,KOSDAQ,연간x별도,재무제표,CV-3,PASS,rows=29 cols=15 slider_extended=True,,2026-07-07T21:02:54
오파스넷,00867849,173130,KOSDAQ,연간x별도,재무제표,DS-2/DS-3,DONE,"cross-check completed for ['매출액', '영업이익']",,2026-07-07T21:02:54
오파스넷,00867849,173130,KOSDAQ,연간x별도,지표,CV-6,PASS,default metric selection visible,,2026-07-07T21:02:54
오파스넷,00867849,173130,KOSDAQ,분기x연결,재무제표,DS-1,PASS,,,2026-07-07T21:03:00
오파스넷,00867849,173130,KOSDAQ,분기x연결,상단,DS-8,PASS,,,2026-07-07T21:03:00
오파스넷,00867849,173130,KOSDAQ,분기x연결,상단,DS-7,PASS,"badges seen: ['✅', '🔎']",,2026-07-07T21:03:00
오파스넷,00867849,173130,KOSDAQ,분기x연결,재무제표,CV-3,PASS,rows=29 cols=24 slider_extended=True,,2026-07-07T21:03:00
오파스넷,00867849,173130,KOSDAQ,분기x연결,재무제표,DS-2/DS-3,DONE,"cross-check completed for ['매출액', '영업이익']",,2026-07-07T21:03:00
오파스넷,00867849,173130,KOSDAQ,분기x연결,지표,CV-6,PASS,default metric selection visible,,2026-07-07T21:03:00
오파스넷,00867849,173130,KOSDAQ,분기x별도,재무제표,DS-1,PASS,,,2026-07-07T21:03:07
오파스넷,00867849,173130,KOSDAQ,분기x별도,상단,DS-8,PASS,,,2026-07-07T21:03:07
오파스넷,00867849,173130,KOSDAQ,분기x별도,상단,DS-7,PASS,"badges seen: ['✅', '🔎']",,2026-07-07T21:03:07
오파스넷,00867849,173130,KOSDAQ,분기x별도,재무제표,CV-3,PASS,rows=29 cols=37 slider_extended=True,,2026-07-07T21:03:07
오파스넷,00867849,173130,KOSDAQ,분기x별도,재무제표,DS-2/DS-3,DONE,"cross-check completed for ['매출액', '영업이익']",,2026-07-07T21:03:07
오파스넷,00867849,173130,KOSDAQ,분기x별도,지표,CV-6,PASS,default metric selection visible,,2026-07-07T21:03:07
오픈놀,01585155,440320,KOSDAQ,연간x연결,재무제표,DS-1,PASS,,,2026-07-07T21:03:20
오픈놀,01585155,440320,KOSDAQ,연간x연결,상단,DS-8,PASS,,,2026-07-07T21:03:20
오픈놀,01585155,440320,KOSDAQ,연간x연결,상단,DS-7,PASS,"badges seen: ['✅', '🔎']",,2026-07-07T21:03:20
오픈놀,01585155,440320,KOSDAQ,연간x연결,재무제표,CV-3,PASS,rows=29 cols=7 slider_extended=True,,2026-07-07T21:03:20
오픈놀,01585155,440320,KOSDAQ,연간x연결,재무제표,DS-2/DS-3,DONE,"cross-check completed for ['매출액', '영업이익']",,2026-07-07T21:03:20
오픈놀,01585155,440320,KOSDAQ,연간x연결,지표,CV-6,PASS,default metric selection visible,,2026-07-07T21:03:20
오픈놀,01585155,440320,KOSDAQ,연간x별도,재무제표,DS-1,PASS,,,2026-07-07T21:03:25
오픈놀,01585155,440320,KOSDAQ,연간x별도,상단,DS-8,PASS,,,2026-07-07T21:03:25
오픈놀,01585155,440320,KOSDAQ,연간x별도,상단,DS-7,PASS,"badges seen: ['✅', '🔎', '⚠']",,2026-07-07T21:03:25
오픈놀,01585155,440320,KOSDAQ,연간x별도,재무제표,CV-3,PASS,rows=29 cols=7 slider_extended=True,,2026-07-07T21:03:25
오픈놀,01585155,440320,KOSDAQ,연간x별도,재무제표,DS-2/DS-3,DONE,"cross-check completed for ['매출액', '영업이익']",,2026-07-07T21:03:25
오픈놀,01585155,440320,KOSDAQ,연간x별도,지표,CV-6,PASS,default metric selection visible,,2026-07-07T21:03:25
오픈놀,01585155,440320,KOSDAQ,분기x연결,재무제표,DS-1,PASS,,,2026-07-07T21:03:32
오픈놀,01585155,440320,KOSDAQ,분기x연결,상단,DS-8,PASS,,,2026-07-07T21:03:32
오픈놀,01585155,440320,KOSDAQ,분기x연결,상단,DS-7,PASS,"badges seen: ['✅', '🔎']",,2026-07-07T21:03:32
오픈놀,01585155,440320,KOSDAQ,분기x연결,재무제표,CV-3,PASS,rows=29 cols=17 slider_extended=True,,2026-07-07T21:03:32
오픈놀,01585155,440320,KOSDAQ,분기x연결,재무제표,DS-2/DS-3,DONE,"cross-check completed for ['매출액', '영업이익']",,2026-07-07T21:03:32
오픈놀,01585155,440320,KOSDAQ,분기x연결,지표,CV-6,PASS,default metric selection visible,,2026-07-07T21:03:32
오픈놀,01585155,440320,KOSDAQ,분기x별도,재무제표,DS-1,PASS,,,2026-07-07T21:03:39
오픈놀,01585155,440320,KOSDAQ,분기x별도,상단,DS-8,PASS,,,2026-07-07T21:03:39
오픈놀,01585155,440320,KOSDAQ,분기x별도,상단,DS-7,PASS,"badges seen: ['✅', '🔎']",,2026-07-07T21:03:39
오픈놀,01585155,440320,KOSDAQ,분기x별도,재무제표,CV-3,PASS,rows=29 cols=19 slider_extended=True,,2026-07-07T21:03:39
오픈놀,01585155,440320,KOSDAQ,분기x별도,재무제표,DS-2/DS-3,DONE,"cross-check completed for ['매출액', '영업이익']",,2026-07-07T21:03:39
오픈놀,01585155,440320,KOSDAQ,분기x별도,지표,CV-6,PASS,default metric selection visible,,2026-07-07T21:03:39
오픈베이스,00335076,049480,KOSDAQ,연간x연결,재무제표,DS-1,PASS,,,2026-07-07T21:03:52
오픈베이스,00335076,049480,KOSDAQ,연간x연결,상단,DS-8,PASS,,,2026-07-07T21:03:52
오픈베이스,00335076,049480,KOSDAQ,연간x연결,상단,DS-7,PASS,"badges seen: ['✅', '🔎']",,2026-07-07T21:03:52
오픈베이스,00335076,049480,KOSDAQ,연간x연결,재무제표,CV-3,PASS,rows=29 cols=19 slider_extended=True,,2026-07-07T21:03:52
오픈베이스,00335076,049480,KOSDAQ,연간x연결,재무제표,DS-2/DS-3,DONE,"cross-check completed for ['매출액', '영업이익']",,2026-07-07T21:03:52
오픈베이스,00335076,049480,KOSDAQ,연간x연결,지표,CV-6,PASS,default metric selection visible,,2026-07-07T21:03:52
오픈베이스,00335076,049480,KOSDAQ,연간x별도,재무제표,DS-1,PASS,,,2026-07-07T21:03:58
오픈베이스,00335076,049480,KOSDAQ,연간x별도,상단,DS-8,PASS,,,2026-07-07T21:03:58
오픈베이스,00335076,049480,KOSDAQ,연간x별도,상단,DS-7,PASS,"badges seen: ['✅', '🔎']",,2026-07-07T21:03:58
오픈베이스,00335076,049480,KOSDAQ,연간x별도,재무제표,CV-3,PASS,rows=29 cols=25 slider_extended=True,,2026-07-07T21:03:58
오픈베이스,00335076,049480,KOSDAQ,연간x별도,재무제표,DS-2/DS-3,DONE,"cross-check completed for ['매출액', '영업이익']",,2026-07-07T21:03:58
오픈베이스,00335076,049480,KOSDAQ,연간x별도,지표,CV-6,PASS,default metric selection visible,,2026-07-07T21:03:58
오픈베이스,00335076,049480,KOSDAQ,분기x연결,재무제표,DS-1,PASS,,,2026-07-07T21:04:04
오픈베이스,00335076,049480,KOSDAQ,분기x연결,상단,DS-8,PASS,,,2026-07-07T21:04:04
오픈베이스,00335076,049480,KOSDAQ,분기x연결,상단,DS-7,PASS,"badges seen: ['✅', '🔎']",,2026-07-07T21:04:04
오픈베이스,00335076,049480,KOSDAQ,분기x연결,재무제표,CV-3,PASS,rows=29 cols=60 slider_extended=True,,2026-07-07T21:04:04
오픈베이스,00335076,049480,KOSDAQ,분기x연결,재무제표,DS-2/DS-3,DONE,"cross-check completed for ['매출액', '영업이익']",,2026-07-07T21:04:04
오픈베이스,00335076,049480,KOSDAQ,분기x연결,지표,CV-6,PASS,default metric selection visible,,2026-07-07T21:04:04
오픈베이스,00335076,049480,KOSDAQ,분기x별도,재무제표,DS-1,PASS,,,2026-07-07T21:04:11
오픈베이스,00335076,049480,KOSDAQ,분기x별도,상단,DS-8,PASS,,,2026-07-07T21:04:11
오픈베이스,00335076,049480,KOSDAQ,분기x별도,상단,DS-7,PASS,"badges seen: ['✅', '🔎', '⚠']",,2026-07-07T21:04:11
오픈베이스,00335076,049480,KOSDAQ,분기x별도,재무제표,CV-3,PASS,rows=29 cols=83 slider_extended=True,,2026-07-07T21:04:11
오픈베이스,00335076,049480,KOSDAQ,분기x별도,재무제표,DS-2/DS-3,DONE,"cross-check completed for ['매출액', '영업이익']",,2026-07-07T21:04:11
오픈베이스,00335076,049480,KOSDAQ,분기x별도,지표,CV-6,PASS,default metric selection visible,,2026-07-07T21:04:11
오픈엣지테크놀로지,01571107,394280,KOSDAQ,연간x연결,재무제표,DS-1,PASS,,,2026-07-07T21:04:25
오픈엣지테크놀로지,01571107,394280,KOSDAQ,연간x연결,상단,DS-8,PASS,,,2026-07-07T21:04:25
오픈엣지테크놀로지,01571107,394280,KOSDAQ,연간x연결,상단,DS-7,PASS,"badges seen: ['✅', '🔎', '⚠']",,2026-07-07T21:04:25
오픈엣지테크놀로지,01571107,394280,KOSDAQ,연간x연결,재무제표,CV-3,PASS,rows=29 cols=8 slider_extended=True,,2026-07-07T21:04:25
오픈엣지테크놀로지,01571107,394280,KOSDAQ,연간x연결,재무제표,DS-2/DS-3,DONE,"cross-check completed for ['매출액', '영업이익']",,2026-07-07T21:04:25
오픈엣지테크놀로지,01571107,394280,KOSDAQ,연간x연결,지표,CV-6,PASS,default metric selection visible,,2026-07-07T21:04:25
오픈엣지테크놀로지,01571107,394280,KOSDAQ,연간x별도,재무제표,DS-1,PASS,,,2026-07-07T21:04:30
오픈엣지테크놀로지,01571107,394280,KOSDAQ,연간x별도,상단,DS-8,PASS,,,2026-07-07T21:04:30
오픈엣지테크놀로지,01571107,394280,KOSDAQ,연간x별도,상단,DS-7,PASS,"badges seen: ['✅', '🔎', '⚠']",,2026-07-07T21:04:30
오픈엣지테크놀로지,01571107,394280,KOSDAQ,연간x별도,재무제표,CV-3,PASS,rows=29 cols=8 slider_extended=True,,2026-07-07T21:04:30
오픈엣지테크놀로지,01571107,394280,KOSDAQ,연간x별도,재무제표,DS-2/DS-3,DONE,"cross-check completed for ['매출액', '영업이익']",,2026-07-07T21:04:30
오픈엣지테크놀로지,01571107,394280,KOSDAQ,연간x별도,지표,CV-6,PASS,default metric selection visible,,2026-07-07T21:04:30
오픈엣지테크놀로지,01571107,394280,KOSDAQ,분기x연결,재무제표,DS-1,PASS,,,2026-07-07T21:04:36
오픈엣지테크놀로지,01571107,394280,KOSDAQ,분기x연결,상단,DS-8,PASS,,,2026-07-07T21:04:36
오픈엣지테크놀로지,01571107,394280,KOSDAQ,분기x연결,상단,DS-7,PASS,"badges seen: ['✅', '🔎']",,2026-07-07T21:04:36
오픈엣지테크놀로지,01571107,394280,KOSDAQ,분기x연결,재무제표,CV-3,PASS,rows=29 cols=21 slider_extended=True,,2026-07-07T21:04:36
오픈엣지테크놀로지,01571107,394280,KOSDAQ,분기x연결,재무제표,DS-2/DS-3,DONE,"cross-check completed for ['매출액', '영업이익']",,2026-07-07T21:04:36
오픈엣지테크놀로지,01571107,394280,KOSDAQ,분기x연결,지표,CV-6,PASS,default metric selection visible,,2026-07-07T21:04:36
오픈엣지테크놀로지,01571107,394280,KOSDAQ,분기x별도,재무제표,DS-1,PASS,,,2026-07-07T21:04:43
오픈엣지테크놀로지,01571107,394280,KOSDAQ,분기x별도,상단,DS-8,PASS,,,2026-07-07T21:04:43
오픈엣지테크놀로지,01571107,394280,KOSDAQ,분기x별도,상단,DS-7,PASS,"badges seen: ['✅', '🔎', '⚠']",,2026-07-07T21:04:43
오픈엣지테크놀로지,01571107,394280,KOSDAQ,분기x별도,재무제표,CV-3,PASS,rows=29 cols=21 slider_extended=True,,2026-07-07T21:04:43
오픈엣지테크놀로지,01571107,394280,KOSDAQ,분기x별도,재무제표,DS-2/DS-3,DONE,"cross-check completed for ['매출액', '영업이익']",,2026-07-07T21:04:43
오픈엣지테크놀로지,01571107,394280,KOSDAQ,분기x별도,지표,CV-6,PASS,default metric selection visible,,2026-07-07T21:04:43
온코닉테라퓨틱스,01632912,476060,KOSDAQ,연간x연결,재무제표,DS-1,PASS,,,2026-07-07T21:04:57
온코닉테라퓨틱스,01632912,476060,KOSDAQ,연간x연결,상단,DS-8,PASS,,,2026-07-07T21:04:57
온코닉테라퓨틱스,01632912,476060,KOSDAQ,연간x연결,상단,DS-4,PASS,substitution caption present,,2026-07-07T21:04:57
온코닉테라퓨틱스,01632912,476060,KOSDAQ,연간x연결,상단,DS-7,PASS,"badges seen: ['✅', '🔎', '⚠']",,2026-07-07T21:04:57
온코닉테라퓨틱스,01632912,476060,KOSDAQ,연간x연결,재무제표,CV-3,PASS,rows=29 cols=6 slider_extended=True,,2026-07-07T21:04:57
온코닉테라퓨틱스,01632912,476060,KOSDAQ,연간x연결,재무제표,DS-2/DS-3,DONE,"cross-check completed for ['매출액', '영업이익']",,2026-07-07T21:04:57
온코닉테라퓨틱스,01632912,476060,KOSDAQ,연간x연결,지표,CV-6,PASS,default metric selection visible,,2026-07-07T21:04:57
온코닉테라퓨틱스,01632912,476060,KOSDAQ,연간x별도,재무제표,DS-1,PASS,,,2026-07-07T21:05:02
온코닉테라퓨틱스,01632912,476060,KOSDAQ,연간x별도,상단,DS-8,PASS,,,2026-07-07T21:05:02
온코닉테라퓨틱스,01632912,476060,KOSDAQ,연간x별도,상단,DS-7,PASS,"badges seen: ['✅', '🔎', '⚠']",,2026-07-07T21:05:02
온코닉테라퓨틱스,01632912,476060,KOSDAQ,연간x별도,재무제표,CV-3,PASS,rows=29 cols=6 slider_extended=True,,2026-07-07T21:05:02
온코닉테라퓨틱스,01632912,476060,KOSDAQ,연간x별도,재무제표,DS-2/DS-3,DONE,"cross-check completed for ['매출액', '영업이익']",,2026-07-07T21:05:02
온코닉테라퓨틱스,01632912,476060,KOSDAQ,연간x별도,지표,CV-6,PASS,default metric selection visible,,2026-07-07T21:05:02
온코닉테라퓨틱스,01632912,476060,KOSDAQ,분기x연결,재무제표,DS-1,PASS,,,2026-07-07T21:05:08
온코닉테라퓨틱스,01632912,476060,KOSDAQ,분기x연결,상단,DS-8,PASS,,,2026-07-07T21:05:08
온코닉테라퓨틱스,01632912,476060,KOSDAQ,분기x연결,상단,DS-4,PASS,substitution caption present,,2026-07-07T21:05:08
온코닉테라퓨틱스,01632912,476060,KOSDAQ,분기x연결,상단,DS-7,PASS,"badges seen: ['✅', '🔎', '⚠']",,2026-07-07T21:05:08
온코닉테라퓨틱스,01632912,476060,KOSDAQ,분기x연결,재무제표,CV-3,PASS,rows=29 cols=11 slider_extended=True,,2026-07-07T21:05:08
온코닉테라퓨틱스,01632912,476060,KOSDAQ,분기x연결,재무제표,DS-2/DS-3,DONE,"cross-check completed for ['매출액', '영업이익']",,2026-07-07T21:05:08
온코닉테라퓨틱스,01632912,476060,KOSDAQ,분기x연결,지표,CV-6,PASS,default metric selection visible,,2026-07-07T21:05:08
온코닉테라퓨틱스,01632912,476060,KOSDAQ,분기x별도,재무제표,DS-1,PASS,,,2026-07-07T21:05:15
온코닉테라퓨틱스,01632912,476060,KOSDAQ,분기x별도,상단,DS-8,PASS,,,2026-07-07T21:05:15
온코닉테라퓨틱스,01632912,476060,KOSDAQ,분기x별도,상단,DS-7,PASS,"badges seen: ['✅', '🔎', '⚠']",,2026-07-07T21:05:15
온코닉테라퓨틱스,01632912,476060,KOSDAQ,분기x별도,재무제표,CV-3,PASS,rows=29 cols=11 slider_extended=True,,2026-07-07T21:05:15
온코닉테라퓨틱스,01632912,476060,KOSDAQ,분기x별도,재무제표,DS-2/DS-3,DONE,"cross-check completed for ['매출액', '영업이익']",,2026-07-07T21:05:15
온코닉테라퓨틱스,01632912,476060,KOSDAQ,분기x별도,지표,CV-6,PASS,default metric selection visible,,2026-07-07T21:05:15
온코크로스,01423916,382150,KOSDAQ,연간x연결,재무제표,DS-1,PASS,,,2026-07-07T21:05:28
온코크로스,01423916,382150,KOSDAQ,연간x연결,상단,DS-8,PASS,,,2026-07-07T21:05:28
온코크로스,01423916,382150,KOSDAQ,연간x연결,상단,DS-7,PASS,"badges seen: ['✅', '🔎', '⚠']",,2026-07-07T21:05:28
온코크로스,01423916,382150,KOSDAQ,연간x연결,재무제표,CV-3,PASS,rows=29 cols=8 slider_extended=True,,2026-07-07T21:05:28
온코크로스,01423916,382150,KOSDAQ,연간x연결,재무제표,DS-2/DS-3,DONE,"cross-check completed for ['매출액', '영업이익']",,2026-07-07T21:05:28
온코크로스,01423916,382150,KOSDAQ,연간x연결,지표,CV-6,PASS,default metric selection visible,,2026-07-07T21:05:28
온코크로스,01423916,382150,KOSDAQ,연간x별도,재무제표,DS-1,PASS,,,2026-07-07T21:05:34
온코크로스,01423916,382150,KOSDAQ,연간x별도,상단,DS-8,PASS,,,2026-07-07T21:05:34
온코크로스,01423916,382150,KOSDAQ,연간x별도,상단,DS-7,PASS,"badges seen: ['✅', '🔎', '⚠']",,2026-07-07T21:05:34
온코크로스,01423916,382150,KOSDAQ,연간x별도,재무제표,CV-3,PASS,rows=29 cols=8 slider_extended=True,,2026-07-07T21:05:34
온코크로스,01423916,382150,KOSDAQ,연간x별도,재무제표,DS-2/DS-3,DONE,"cross-check completed for ['매출액', '영업이익']",,2026-07-07T21:05:34
온코크로스,01423916,382150,KOSDAQ,연간x별도,지표,CV-6,PASS,default metric selection visible,,2026-07-07T21:05:34
온코크로스,01423916,382150,KOSDAQ,분기x연결,재무제표,DS-1,PASS,,,2026-07-07T21:05:40
온코크로스,01423916,382150,KOSDAQ,분기x연결,상단,DS-8,PASS,,,2026-07-07T21:05:40
온코크로스,01423916,382150,KOSDAQ,분기x연결,상단,DS-7,PASS,"badges seen: ['✅', '🔎', '⚠']",,2026-07-07T21:05:40
온코크로스,01423916,382150,KOSDAQ,분기x연결,재무제표,CV-3,PASS,rows=29 cols=26 slider_extended=True,,2026-07-07T21:05:40
온코크로스,01423916,382150,KOSDAQ,분기x연결,재무제표,DS-2/DS-3,DONE,"cross-check completed for ['매출액', '영업이익']",,2026-07-07T21:05:40
온코크로스,01423916,382150,KOSDAQ,분기x연결,지표,CV-6,PASS,default metric selection visible,,2026-07-07T21:05:40
온코크로스,01423916,382150,KOSDAQ,분기x별도,재무제표,DS-1,PASS,,,2026-07-07T21:05:47
온코크로스,01423916,382150,KOSDAQ,분기x별도,상단,DS-8,PASS,,,2026-07-07T21:05:47
온코크로스,01423916,382150,KOSDAQ,분기x별도,상단,DS-7,PASS,"badges seen: ['✅', '🔎', '⚠']",,2026-07-07T21:05:47
온코크로스,01423916,382150,KOSDAQ,분기x별도,재무제표,CV-3,PASS,rows=29 cols=14 slider_extended=True,,2026-07-07T21:05:47
온코크로스,01423916,382150,KOSDAQ,분기x별도,재무제표,DS-2/DS-3,DONE,"cross-check completed for ['매출액', '영업이익']",,2026-07-07T21:05:47
온코크로스,01423916,382150,KOSDAQ,분기x별도,지표,CV-6,PASS,default metric selection visible,,2026-07-07T21:05:47
올리패스,01070149,244460,KOSDAQ,연간x연결,재무제표,DS-1,PASS,,,2026-07-07T21:06:01
올리패스,01070149,244460,KOSDAQ,연간x연결,상단,DS-8,PASS,,,2026-07-07T21:06:01
올리패스,01070149,244460,KOSDAQ,연간x연결,상단,DS-7,PASS,"badges seen: ['✅', '🔎', '⚠']",,2026-07-07T21:06:01
올리패스,01070149,244460,KOSDAQ,연간x연결,재무제표,CV-3,PASS,rows=29 cols=10 slider_extended=True,,2026-07-07T21:06:01
올리패스,01070149,244460,KOSDAQ,연간x연결,재무제표,DS-2/DS-3,DONE,"cross-check completed for ['매출액', '영업이익']",,2026-07-07T21:06:01
올리패스,01070149,244460,KOSDAQ,연간x연결,지표,CV-6,PASS,default metric selection visible,,2026-07-07T21:06:01
올리패스,01070149,244460,KOSDAQ,연간x별도,재무제표,DS-1,PASS,,,2026-07-07T21:06:06
올리패스,01070149,244460,KOSDAQ,연간x별도,상단,DS-8,PASS,,,2026-07-07T21:06:06
올리패스,01070149,244460,KOSDAQ,연간x별도,상단,DS-7,PASS,"badges seen: ['✅', '🔎', '⚠']",,2026-07-07T21:06:06
올리패스,01070149,244460,KOSDAQ,연간x별도,재무제표,CV-3,PASS,rows=29 cols=13 slider_extended=True,,2026-07-07T21:06:06
올리패스,01070149,244460,KOSDAQ,연간x별도,재무제표,DS-2/DS-3,DONE,"cross-check completed for ['매출액', '영업이익']",,2026-07-07T21:06:06
올리패스,01070149,244460,KOSDAQ,연간x별도,지표,CV-6,PASS,default metric selection visible,,2026-07-07T21:06:06
올리패스,01070149,244460,KOSDAQ,분기x연결,재무제표,DS-1,PASS,,,2026-07-07T21:06:12
올리패스,01070149,244460,KOSDAQ,분기x연결,상단,DS-8,PASS,,,2026-07-07T21:06:12
올리패스,01070149,244460,KOSDAQ,분기x연결,상단,DS-7,PASS,"badges seen: ['✅', '🔎', '⚠']",,2026-07-07T21:06:12
올리패스,01070149,244460,KOSDAQ,분기x연결,재무제표,CV-3,PASS,rows=29 cols=36 slider_extended=True,,2026-07-07T21:06:12
올리패스,01070149,244460,KOSDAQ,분기x연결,재무제표,DS-2/DS-3,DONE,"cross-check completed for ['매출액', '영업이익']",,2026-07-07T21:06:12
올리패스,01070149,244460,KOSDAQ,분기x연결,지표,CV-6,PASS,default metric selection visible,,2026-07-07T21:06:12
올리패스,01070149,244460,KOSDAQ,분기x별도,재무제표,DS-1,PASS,,,2026-07-07T21:06:19
올리패스,01070149,244460,KOSDAQ,분기x별도,상단,DS-8,PASS,,,2026-07-07T21:06:19
올리패스,01070149,244460,KOSDAQ,분기x별도,상단,DS-7,PASS,"badges seen: ['✅', '🔎', '⚠']",,2026-07-07T21:06:19
올리패스,01070149,244460,KOSDAQ,분기x별도,재무제표,CV-3,PASS,rows=29 cols=44 slider_extended=True,,2026-07-07T21:06:19
올리패스,01070149,244460,KOSDAQ,분기x별도,재무제표,DS-2/DS-3,DONE,"cross-check completed for ['매출액', '영업이익']",,2026-07-07T21:06:19
올리패스,01070149,244460,KOSDAQ,분기x별도,지표,CV-6,PASS,default metric selection visible,,2026-07-07T21:06:19
올릭스,01113718,226950,KOSDAQ,연간x연결,재무제표,DS-1,PASS,,,2026-07-07T21:06:33
올릭스,01113718,226950,KOSDAQ,연간x연결,상단,DS-8,PASS,,,2026-07-07T21:06:33
올릭스,01113718,226950,KOSDAQ,연간x연결,상단,DS-7,PASS,"badges seen: ['✅', '🔎']",,2026-07-07T21:06:33
올릭스,01113718,226950,KOSDAQ,연간x연결,재무제표,CV-3,PASS,rows=29 cols=12 slider_extended=True,,2026-07-07T21:06:33
올릭스,01113718,226950,KOSDAQ,연간x연결,재무제표,DS-2/DS-3,DONE,"cross-check completed for ['매출액', '영업이익']",,2026-07-07T21:06:33
올릭스,01113718,226950,KOSDAQ,연간x연결,지표,CV-6,PASS,default metric selection visible,,2026-07-07T21:06:33
올릭스,01113718,226950,KOSDAQ,연간x별도,재무제표,DS-1,PASS,,,2026-07-07T21:06:38
올릭스,01113718,226950,KOSDAQ,연간x별도,상단,DS-8,PASS,,,2026-07-07T21:06:38
올릭스,01113718,226950,KOSDAQ,연간x별도,상단,DS-7,PASS,"badges seen: ['✅', '🔎']",,2026-07-07T21:06:38
올릭스,01113718,226950,KOSDAQ,연간x별도,재무제표,CV-3,PASS,rows=29 cols=13 slider_extended=True,,2026-07-07T21:06:38
올릭스,01113718,226950,KOSDAQ,연간x별도,재무제표,DS-2/DS-3,DONE,"cross-check completed for ['매출액', '영업이익']",,2026-07-07T21:06:38
올릭스,01113718,226950,KOSDAQ,연간x별도,지표,CV-6,PASS,default metric selection visible,,2026-07-07T21:06:38
올릭스,01113718,226950,KOSDAQ,분기x연결,재무제표,DS-1,PASS,,,2026-07-07T21:06:44
올릭스,01113718,226950,KOSDAQ,분기x연결,상단,DS-8,PASS,,,2026-07-07T21:06:44
올릭스,01113718,226950,KOSDAQ,분기x연결,상단,DS-7,PASS,"badges seen: ['✅', '🔎']",,2026-07-07T21:06:44
올릭스,01113718,226950,KOSDAQ,분기x연결,재무제표,CV-3,PASS,rows=29 cols=35 slider_extended=True,,2026-07-07T21:06:44
올릭스,01113718,226950,KOSDAQ,분기x연결,재무제표,DS-2/DS-3,DONE,"cross-check completed for ['매출액', '영업이익']",,2026-07-07T21:06:44
올릭스,01113718,226950,KOSDAQ,분기x연결,지표,CV-6,FAIL,default metrics not found,,2026-07-07T21:06:44
올릭스,01113718,226950,KOSDAQ,분기x별도,재무제표,DS-1,PASS,,,2026-07-07T21:06:52
올릭스,01113718,226950,KOSDAQ,분기x별도,상단,DS-8,PASS,,,2026-07-07T21:06:52
올릭스,01113718,226950,KOSDAQ,분기x별도,상단,DS-7,PASS,"badges seen: ['✅', '🔎']",,2026-07-07T21:06:52
올릭스,01113718,226950,KOSDAQ,분기x별도,재무제표,CV-3,PASS,rows=29 cols=40 slider_extended=True,,2026-07-07T21:06:52
올릭스,01113718,226950,KOSDAQ,분기x별도,재무제표,DS-2/DS-3,DONE,"cross-check completed for ['매출액', '영업이익']",,2026-07-07T21:06:52
올릭스,01113718,226950,KOSDAQ,분기x별도,지표,CV-6,PASS,default metric selection visible,,2026-07-07T21:06:52
옴니시스템,00265005,057540,KOSDAQ,연간x연결,재무제표,DS-1,PASS,,,2026-07-07T21:07:05
옴니시스템,00265005,057540,KOSDAQ,연간x연결,상단,DS-8,PASS,,,2026-07-07T21:07:05
옴니시스템,00265005,057540,KOSDAQ,연간x연결,상단,DS-7,PASS,"badges seen: ['✅', '🔎', '⚠']",,2026-07-07T21:07:05
옴니시스템,00265005,057540,KOSDAQ,연간x연결,재무제표,CV-3,PASS,rows=29 cols=19 slider_extended=True,,2026-07-07T21:07:05
옴니시스템,00265005,057540,KOSDAQ,연간x연결,재무제표,DS-2/DS-3,DONE,"cross-check completed for ['매출액', '영업이익']",,2026-07-07T21:07:05
옴니시스템,00265005,057540,KOSDAQ,연간x연결,지표,CV-6,PASS,default metric selection visible,,2026-07-07T21:07:05
옴니시스템,00265005,057540,KOSDAQ,연간x별도,재무제표,DS-1,PASS,,,2026-07-07T21:07:10
옴니시스템,00265005,057540,KOSDAQ,연간x별도,상단,DS-8,PASS,,,2026-07-07T21:07:10
옴니시스템,00265005,057540,KOSDAQ,연간x별도,상단,DS-7,PASS,"badges seen: ['✅', '🔎', '⚠']",,2026-07-07T21:07:10
옴니시스템,00265005,057540,KOSDAQ,연간x별도,재무제표,CV-3,PASS,rows=29 cols=23 slider_extended=True,,2026-07-07T21:07:10
옴니시스템,00265005,057540,KOSDAQ,연간x별도,재무제표,DS-2/DS-3,DONE,"cross-check completed for ['매출액', '영업이익']",,2026-07-07T21:07:10
옴니시스템,00265005,057540,KOSDAQ,연간x별도,지표,CV-6,PASS,default metric selection visible,,2026-07-07T21:07:10
옴니시스템,00265005,057540,KOSDAQ,분기x연결,재무제표,DS-1,PASS,,,2026-07-07T21:07:16
옴니시스템,00265005,057540,KOSDAQ,분기x연결,상단,DS-8,PASS,,,2026-07-07T21:07:16
옴니시스템,00265005,057540,KOSDAQ,분기x연결,상단,DS-7,PASS,"badges seen: ['✅', '🔎', '⚠']",,2026-07-07T21:07:16
옴니시스템,00265005,057540,KOSDAQ,분기x연결,재무제표,CV-3,PASS,rows=29 cols=60 slider_extended=True,,2026-07-07T21:07:16
옴니시스템,00265005,057540,KOSDAQ,분기x연결,재무제표,DS-2/DS-3,DONE,"cross-check completed for ['매출액', '영업이익']",,2026-07-07T21:07:16
옴니시스템,00265005,057540,KOSDAQ,분기x연결,지표,CV-6,PASS,default metric selection visible,,2026-07-07T21:07:16
옴니시스템,00265005,057540,KOSDAQ,분기x별도,재무제표,DS-1,PASS,,,2026-07-07T21:07:24
옴니시스템,00265005,057540,KOSDAQ,분기x별도,상단,DS-8,PASS,,,2026-07-07T21:07:24
옴니시스템,00265005,057540,KOSDAQ,분기x별도,상단,DS-7,PASS,"badges seen: ['✅', '🔎', '⚠']",,2026-07-07T21:07:24
옴니시스템,00265005,057540,KOSDAQ,분기x별도,재무제표,CV-3,PASS,rows=29 cols=76 slider_extended=True,,2026-07-07T21:07:24
옴니시스템,00265005,057540,KOSDAQ,분기x별도,재무제표,DS-2/DS-3,DONE,"cross-check completed for ['매출액', '영업이익']",,2026-07-07T21:07:24
옴니시스템,00265005,057540,KOSDAQ,분기x별도,지표,CV-6,PASS,default metric selection visible,,2026-07-07T21:07:24
옵투스제약,00831428,131030,KOSDAQ,연간x연결,재무제표,DS-1,PASS,,,2026-07-07T21:07:37
옵투스제약,00831428,131030,KOSDAQ,연간x연결,상단,DS-8,PASS,,,2026-07-07T21:07:37
옵투스제약,00831428,131030,KOSDAQ,연간x연결,상단,DS-4,PASS,substitution caption present,,2026-07-07T21:07:37
옵투스제약,00831428,131030,KOSDAQ,연간x연결,상단,DS-7,PASS,"badges seen: ['✅', '🔎', '⚠']",,2026-07-07T21:07:37
옵투스제약,00831428,131030,KOSDAQ,연간x연결,재무제표,CV-3,PASS,rows=29 cols=18 slider_extended=True,,2026-07-07T21:07:37
옵투스제약,00831428,131030,KOSDAQ,연간x연결,재무제표,DS-2/DS-3,DONE,"cross-check completed for ['매출액', '영업이익']",,2026-07-07T21:07:37
옵투스제약,00831428,131030,KOSDAQ,연간x연결,지표,CV-6,PASS,default metric selection visible,,2026-07-07T21:07:37
옵투스제약,00831428,131030,KOSDAQ,연간x별도,재무제표,DS-1,PASS,,,2026-07-07T21:07:43
옵투스제약,00831428,131030,KOSDAQ,연간x별도,상단,DS-8,PASS,,,2026-07-07T21:07:43
옵투스제약,00831428,131030,KOSDAQ,연간x별도,상단,DS-7,PASS,"badges seen: ['✅', '🔎', '⚠']",,2026-07-07T21:07:43
옵투스제약,00831428,131030,KOSDAQ,연간x별도,재무제표,CV-3,PASS,rows=29 cols=18 slider_extended=True,,2026-07-07T21:07:43
옵투스제약,00831428,131030,KOSDAQ,연간x별도,재무제표,DS-2/DS-3,DONE,"cross-check completed for ['매출액', '영업이익']",,2026-07-07T21:07:43
옵투스제약,00831428,131030,KOSDAQ,연간x별도,지표,CV-6,PASS,default metric selection visible,,2026-07-07T21:07:43
옵투스제약,00831428,131030,KOSDAQ,분기x연결,재무제표,DS-1,PASS,,,2026-07-07T21:07:49
옵투스제약,00831428,131030,KOSDAQ,분기x연결,상단,DS-8,PASS,,,2026-07-07T21:07:49
옵투스제약,00831428,131030,KOSDAQ,분기x연결,상단,DS-4,PASS,substitution caption present,,2026-07-07T21:07:49
옵투스제약,00831428,131030,KOSDAQ,분기x연결,상단,DS-7,PASS,"badges seen: ['✅', '🔎', '⚠']",,2026-07-07T21:07:49
옵투스제약,00831428,131030,KOSDAQ,분기x연결,재무제표,CV-3,PASS,rows=29 cols=60 slider_extended=True,,2026-07-07T21:07:49
옵투스제약,00831428,131030,KOSDAQ,분기x연결,재무제표,DS-2/DS-3,DONE,"cross-check completed for ['매출액', '영업이익']",,2026-07-07T21:07:49
옵투스제약,00831428,131030,KOSDAQ,분기x연결,지표,CV-6,PASS,default metric selection visible,,2026-07-07T21:07:49
옵투스제약,00831428,131030,KOSDAQ,분기x별도,재무제표,DS-1,PASS,,,2026-07-07T21:07:56
옵투스제약,00831428,131030,KOSDAQ,분기x별도,상단,DS-8,PASS,,,2026-07-07T21:07:56
옵투스제약,00831428,131030,KOSDAQ,분기x별도,상단,DS-7,PASS,"badges seen: ['✅', '🔎', '⚠']",,2026-07-07T21:07:56
옵투스제약,00831428,131030,KOSDAQ,분기x별도,재무제표,CV-3,PASS,rows=29 cols=60 slider_extended=True,,2026-07-07T21:07:56
옵투스제약,00831428,131030,KOSDAQ,분기x별도,재무제표,DS-2/DS-3,DONE,"cross-check completed for ['매출액', '영업이익']",,2026-07-07T21:07:56
옵투스제약,00831428,131030,KOSDAQ,분기x별도,지표,CV-6,PASS,default metric selection visible,,2026-07-07T21:07:56
옵트론텍,00327396,082210,KOSDAQ,연간x연결,재무제표,DS-1,PASS,,,2026-07-07T21:08:10
옵트론텍,00327396,082210,KOSDAQ,연간x연결,상단,DS-8,PASS,,,2026-07-07T21:08:10
옵트론텍,00327396,082210,KOSDAQ,연간x연결,상단,DS-7,PASS,"badges seen: ['✅', '🔎']",,2026-07-07T21:08:10
옵트론텍,00327396,082210,KOSDAQ,연간x연결,재무제표,CV-3,PASS,rows=29 cols=19 slider_extended=True,,2026-07-07T21:08:10
옵트론텍,00327396,082210,KOSDAQ,연간x연결,재무제표,DS-2/DS-3,DONE,"cross-check completed for ['매출액', '영업이익']",,2026-07-07T21:08:10
옵트론텍,00327396,082210,KOSDAQ,연간x연결,지표,CV-6,PASS,default metric selection visible,,2026-07-07T21:08:10
옵트론텍,00327396,082210,KOSDAQ,연간x별도,재무제표,DS-1,PASS,,,2026-07-07T21:08:16
옵트론텍,00327396,082210,KOSDAQ,연간x별도,상단,DS-8,PASS,,,2026-07-07T21:08:16
옵트론텍,00327396,082210,KOSDAQ,연간x별도,상단,DS-7,PASS,"badges seen: ['✅', '🔎']",,2026-07-07T21:08:16
옵트론텍,00327396,082210,KOSDAQ,연간x별도,재무제표,CV-3,PASS,rows=29 cols=24 slider_extended=True,,2026-07-07T21:08:16
옵트론텍,00327396,082210,KOSDAQ,연간x별도,재무제표,DS-2/DS-3,DONE,"cross-check completed for ['매출액', '영업이익']",,2026-07-07T21:08:16
옵트론텍,00327396,082210,KOSDAQ,연간x별도,지표,CV-6,PASS,default metric selection visible,,2026-07-07T21:08:16
옵트론텍,00327396,082210,KOSDAQ,분기x연결,재무제표,DS-1,PASS,,,2026-07-07T21:08:22
옵트론텍,00327396,082210,KOSDAQ,분기x연결,상단,DS-8,PASS,,,2026-07-07T21:08:22
옵트론텍,00327396,082210,KOSDAQ,분기x연결,상단,DS-7,PASS,"badges seen: ['✅', '🔎']",,2026-07-07T21:08:22
옵트론텍,00327396,082210,KOSDAQ,분기x연결,재무제표,CV-3,PASS,rows=29 cols=60 slider_extended=True,,2026-07-07T21:08:22
옵트론텍,00327396,082210,KOSDAQ,분기x연결,재무제표,DS-2/DS-3,DONE,"cross-check completed for ['매출액', '영업이익']",,2026-07-07T21:08:22
옵트론텍,00327396,082210,KOSDAQ,분기x연결,지표,CV-6,PASS,default metric selection visible,,2026-07-07T21:08:22
옵트론텍,00327396,082210,KOSDAQ,분기x별도,재무제표,DS-1,PASS,,,2026-07-07T21:08:29
옵트론텍,00327396,082210,KOSDAQ,분기x별도,상단,DS-8,PASS,,,2026-07-07T21:08:29
옵트론텍,00327396,082210,KOSDAQ,분기x별도,상단,DS-7,PASS,"badges seen: ['✅', '🔎', '⚠']",,2026-07-07T21:08:29
옵트론텍,00327396,082210,KOSDAQ,분기x별도,재무제표,CV-3,PASS,rows=29 cols=77 slider_extended=True,,2026-07-07T21:08:29
옵트론텍,00327396,082210,KOSDAQ,분기x별도,재무제표,DS-2/DS-3,DONE,"cross-check completed for ['매출액', '영업이익']",,2026-07-07T21:08:29
옵트론텍,00327396,082210,KOSDAQ,분기x별도,지표,CV-6,PASS,default metric selection visible,,2026-07-07T21:08:29
옵티시스,00660291,109080,KOSDAQ,연간x연결,재무제표,DS-1,PASS,,,2026-07-07T21:08:43
옵티시스,00660291,109080,KOSDAQ,연간x연결,상단,DS-8,PASS,,,2026-07-07T21:08:43
옵티시스,00660291,109080,KOSDAQ,연간x연결,상단,DS-4,PASS,substitution caption present,,2026-07-07T21:08:43
옵티시스,00660291,109080,KOSDAQ,연간x연결,상단,DS-7,PASS,"badges seen: ['✅', '🔎']",,2026-07-07T21:08:43
옵티시스,00660291,109080,KOSDAQ,연간x연결,재무제표,CV-3,PASS,rows=29 cols=19 slider_extended=True,,2026-07-07T21:08:43
옵티시스,00660291,109080,KOSDAQ,연간x연결,재무제표,DS-2/DS-3,DONE,"cross-check completed for ['매출액', '영업이익']",,2026-07-07T21:08:43
옵티시스,00660291,109080,KOSDAQ,연간x연결,지표,CV-6,PASS,default metric selection visible,,2026-07-07T21:08:43
옵티시스,00660291,109080,KOSDAQ,연간x별도,재무제표,DS-1,PASS,,,2026-07-07T21:08:48
옵티시스,00660291,109080,KOSDAQ,연간x별도,상단,DS-8,PASS,,,2026-07-07T21:08:48
옵티시스,00660291,109080,KOSDAQ,연간x별도,상단,DS-7,PASS,"badges seen: ['✅', '🔎']",,2026-07-07T21:08:48
옵티시스,00660291,109080,KOSDAQ,연간x별도,재무제표,CV-3,PASS,rows=29 cols=19 slider_extended=True,,2026-07-07T21:08:48
옵티시스,00660291,109080,KOSDAQ,연간x별도,재무제표,DS-2/DS-3,DONE,"cross-check completed for ['매출액', '영업이익']",,2026-07-07T21:08:48
옵티시스,00660291,109080,KOSDAQ,연간x별도,지표,CV-6,PASS,default metric selection visible,,2026-07-07T21:08:48
옵티시스,00660291,109080,KOSDAQ,분기x연결,재무제표,DS-1,PASS,,,2026-07-07T21:08:54
옵티시스,00660291,109080,KOSDAQ,분기x연결,상단,DS-8,PASS,,,2026-07-07T21:08:54
옵티시스,00660291,109080,KOSDAQ,분기x연결,상단,DS-7,PASS,"badges seen: ['✅', '🔎']",,2026-07-07T21:08:54
옵티시스,00660291,109080,KOSDAQ,분기x연결,재무제표,CV-3,PASS,rows=29 cols=14 slider_extended=True,,2026-07-07T21:08:54
옵티시스,00660291,109080,KOSDAQ,분기x연결,재무제표,DS-2/DS-3,DONE,"cross-check completed for ['매출액', '영업이익']",,2026-07-07T21:08:54
옵티시스,00660291,109080,KOSDAQ,분기x연결,지표,CV-6,PASS,default metric selection visible,,2026-07-07T21:08:54
옵티시스,00660291,109080,KOSDAQ,분기x별도,재무제표,DS-1,PASS,,,2026-07-07T21:09:02
옵티시스,00660291,109080,KOSDAQ,분기x별도,상단,DS-8,PASS,,,2026-07-07T21:09:02
옵티시스,00660291,109080,KOSDAQ,분기x별도,상단,DS-7,PASS,"badges seen: ['✅', '🔎']",,2026-07-07T21:09:02
옵티시스,00660291,109080,KOSDAQ,분기x별도,재무제표,CV-3,PASS,rows=29 cols=63 slider_extended=True,,2026-07-07T21:09:02
옵티시스,00660291,109080,KOSDAQ,분기x별도,재무제표,DS-2/DS-3,DONE,"cross-check completed for ['매출액', '영업이익']",,2026-07-07T21:09:02
옵티시스,00660291,109080,KOSDAQ,분기x별도,지표,CV-6,PASS,default metric selection visible,,2026-07-07T21:09:02
옵티코어,01506990,380540,KOSDAQ,연간x연결,재무제표,DS-1,PASS,,,2026-07-07T21:09:16
옵티코어,01506990,380540,KOSDAQ,연간x연결,상단,DS-8,PASS,,,2026-07-07T21:09:16
옵티코어,01506990,380540,KOSDAQ,연간x연결,상단,DS-7,PASS,"badges seen: ['✅', '🔎', '⚠']",,2026-07-07T21:09:16
옵티코어,01506990,380540,KOSDAQ,연간x연결,재무제표,CV-3,PASS,rows=29 cols=8 slider_extended=True,,2026-07-07T21:09:16
옵티코어,01506990,380540,KOSDAQ,연간x연결,재무제표,DS-2/DS-3,DONE,"cross-check completed for ['매출액', '영업이익']",,2026-07-07T21:09:16
옵티코어,01506990,380540,KOSDAQ,연간x연결,지표,CV-6,PASS,default metric selection visible,,2026-07-07T21:09:16
옵티코어,01506990,380540,KOSDAQ,연간x별도,재무제표,DS-1,PASS,,,2026-07-07T21:09:21
옵티코어,01506990,380540,KOSDAQ,연간x별도,상단,DS-8,PASS,,,2026-07-07T21:09:21
옵티코어,01506990,380540,KOSDAQ,연간x별도,상단,DS-7,PASS,"badges seen: ['✅', '🔎', '⚠']",,2026-07-07T21:09:21
옵티코어,01506990,380540,KOSDAQ,연간x별도,재무제표,CV-3,PASS,rows=29 cols=8 slider_extended=True,,2026-07-07T21:09:21
옵티코어,01506990,380540,KOSDAQ,연간x별도,재무제표,DS-2/DS-3,DONE,"cross-check completed for ['매출액', '영업이익']",,2026-07-07T21:09:21
옵티코어,01506990,380540,KOSDAQ,연간x별도,지표,CV-6,PASS,default metric selection visible,,2026-07-07T21:09:21
옵티코어,01506990,380540,KOSDAQ,분기x연결,재무제표,DS-1,PASS,,,2026-07-07T21:09:27
옵티코어,01506990,380540,KOSDAQ,분기x연결,상단,DS-8,PASS,,,2026-07-07T21:09:27
옵티코어,01506990,380540,KOSDAQ,분기x연결,상단,DS-7,PASS,"badges seen: ['✅', '🔎', '⚠']",,2026-07-07T21:09:27
옵티코어,01506990,380540,KOSDAQ,분기x연결,재무제표,CV-3,PASS,rows=29 cols=20 slider_extended=True,,2026-07-07T21:09:27
옵티코어,01506990,380540,KOSDAQ,분기x연결,재무제표,DS-2/DS-3,DONE,"cross-check completed for ['매출액', '영업이익']",,2026-07-07T21:09:27
옵티코어,01506990,380540,KOSDAQ,분기x연결,지표,CV-6,PASS,default metric selection visible,,2026-07-07T21:09:27
옵티코어,01506990,380540,KOSDAQ,분기x별도,재무제표,DS-1,PASS,,,2026-07-07T21:09:34
옵티코어,01506990,380540,KOSDAQ,분기x별도,상단,DS-8,PASS,,,2026-07-07T21:09:34
옵티코어,01506990,380540,KOSDAQ,분기x별도,상단,DS-7,PASS,"badges seen: ['✅', '🔎', '⚠']",,2026-07-07T21:09:34
옵티코어,01506990,380540,KOSDAQ,분기x별도,재무제표,CV-3,PASS,rows=29 cols=20 slider_extended=True,,2026-07-07T21:09:34
옵티코어,01506990,380540,KOSDAQ,분기x별도,재무제표,DS-2/DS-3,DONE,"cross-check completed for ['매출액', '영업이익']",,2026-07-07T21:09:34
옵티코어,01506990,380540,KOSDAQ,분기x별도,지표,CV-6,PASS,default metric selection visible,,2026-07-07T21:09:34
옵티팜,00971726,153710,KOSDAQ,연간x연결,재무제표,DS-1,PASS,,,2026-07-07T21:09:48
옵티팜,00971726,153710,KOSDAQ,연간x연결,상단,DS-8,PASS,,,2026-07-07T21:09:48
옵티팜,00971726,153710,KOSDAQ,연간x연결,상단,DS-4,PASS,substitution caption present,,2026-07-07T21:09:48
옵티팜,00971726,153710,KOSDAQ,연간x연결,상단,DS-7,PASS,"badges seen: ['✅', '🔎']",,2026-07-07T21:09:48
옵티팜,00971726,153710,KOSDAQ,연간x연결,재무제표,CV-3,PASS,rows=29 cols=12 slider_extended=True,,2026-07-07T21:09:48
옵티팜,00971726,153710,KOSDAQ,연간x연결,재무제표,DS-2/DS-3,DONE,"cross-check completed for ['매출액', '영업이익']",,2026-07-07T21:09:48
옵티팜,00971726,153710,KOSDAQ,연간x연결,지표,CV-6,PASS,default metric selection visible,,2026-07-07T21:09:48
옵티팜,00971726,153710,KOSDAQ,연간x별도,재무제표,DS-1,PASS,,,2026-07-07T21:09:53
옵티팜,00971726,153710,KOSDAQ,연간x별도,상단,DS-8,PASS,,,2026-07-07T21:09:53
옵티팜,00971726,153710,KOSDAQ,연간x별도,상단,DS-7,PASS,"badges seen: ['✅', '🔎']",,2026-07-07T21:09:53
옵티팜,00971726,153710,KOSDAQ,연간x별도,재무제표,CV-3,PASS,rows=29 cols=12 slider_extended=True,,2026-07-07T21:09:53
옵티팜,00971726,153710,KOSDAQ,연간x별도,재무제표,DS-2/DS-3,DONE,"cross-check completed for ['매출액', '영업이익']",,2026-07-07T21:09:53
옵티팜,00971726,153710,KOSDAQ,연간x별도,지표,CV-6,PASS,default metric selection visible,,2026-07-07T21:09:53
옵티팜,00971726,153710,KOSDAQ,분기x연결,재무제표,DS-1,PASS,,,2026-07-07T21:09:59
옵티팜,00971726,153710,KOSDAQ,분기x연결,상단,DS-8,PASS,,,2026-07-07T21:09:59
옵티팜,00971726,153710,KOSDAQ,분기x연결,상단,DS-4,PASS,substitution caption present,,2026-07-07T21:09:59
옵티팜,00971726,153710,KOSDAQ,분기x연결,상단,DS-7,PASS,"badges seen: ['✅', '🔎']",,2026-07-07T21:09:59
옵티팜,00971726,153710,KOSDAQ,분기x연결,재무제표,CV-3,PASS,rows=29 cols=36 slider_extended=True,,2026-07-07T21:09:59
옵티팜,00971726,153710,KOSDAQ,분기x연결,재무제표,DS-2/DS-3,DONE,"cross-check completed for ['매출액', '영업이익']",,2026-07-07T21:09:59
옵티팜,00971726,153710,KOSDAQ,분기x연결,지표,CV-6,PASS,default metric selection visible,,2026-07-07T21:09:59
옵티팜,00971726,153710,KOSDAQ,분기x별도,재무제표,DS-1,PASS,,,2026-07-07T21:10:06
옵티팜,00971726,153710,KOSDAQ,분기x별도,상단,DS-8,PASS,,,2026-07-07T21:10:06
옵티팜,00971726,153710,KOSDAQ,분기x별도,상단,DS-7,PASS,"badges seen: ['✅', '🔎']",,2026-07-07T21:10:06
옵티팜,00971726,153710,KOSDAQ,분기x별도,재무제표,CV-3,PASS,rows=29 cols=36 slider_extended=True,,2026-07-07T21:10:06
옵티팜,00971726,153710,KOSDAQ,분기x별도,재무제표,DS-2/DS-3,DONE,"cross-check completed for ['매출액', '영업이익']",,2026-07-07T21:10:06
옵티팜,00971726,153710,KOSDAQ,분기x별도,지표,CV-6,PASS,default metric selection visible,,2026-07-07T21:10:06
와이랩,01406265,432430,KOSDAQ,연간x연결,재무제표,DS-1,PASS,,,2026-07-07T21:10:20
와이랩,01406265,432430,KOSDAQ,연간x연결,상단,DS-8,PASS,,,2026-07-07T21:10:20
와이랩,01406265,432430,KOSDAQ,연간x연결,상단,DS-7,PASS,"badges seen: ['✅', '🔎']",,2026-07-07T21:10:20
와이랩,01406265,432430,KOSDAQ,연간x연결,재무제표,CV-3,PASS,rows=29 cols=7 slider_extended=True,,2026-07-07T21:10:20
와이랩,01406265,432430,KOSDAQ,연간x연결,재무제표,DS-2/DS-3,DONE,"cross-check completed for ['매출액', '영업이익']",,2026-07-07T21:10:20
와이랩,01406265,432430,KOSDAQ,연간x연결,지표,CV-6,PASS,default metric selection visible,,2026-07-07T21:10:20
와이랩,01406265,432430,KOSDAQ,연간x별도,재무제표,DS-1,PASS,,,2026-07-07T21:10:25
와이랩,01406265,432430,KOSDAQ,연간x별도,상단,DS-8,PASS,,,2026-07-07T21:10:25
와이랩,01406265,432430,KOSDAQ,연간x별도,상단,DS-7,PASS,"badges seen: ['✅', '🔎']",,2026-07-07T21:10:25
와이랩,01406265,432430,KOSDAQ,연간x별도,재무제표,CV-3,PASS,rows=29 cols=7 slider_extended=True,,2026-07-07T21:10:25
와이랩,01406265,432430,KOSDAQ,연간x별도,재무제표,DS-2/DS-3,DONE,"cross-check completed for ['매출액', '영업이익']",,2026-07-07T21:10:25
와이랩,01406265,432430,KOSDAQ,연간x별도,지표,CV-6,PASS,default metric selection visible,,2026-07-07T21:10:25
와이랩,01406265,432430,KOSDAQ,분기x연결,재무제표,DS-1,PASS,,,2026-07-07T21:10:31
와이랩,01406265,432430,KOSDAQ,분기x연결,상단,DS-8,PASS,,,2026-07-07T21:10:31
와이랩,01406265,432430,KOSDAQ,분기x연결,상단,DS-7,PASS,"badges seen: ['✅', '🔎']",,2026-07-07T21:10:31
와이랩,01406265,432430,KOSDAQ,분기x연결,재무제표,CV-3,PASS,rows=29 cols=17 slider_extended=True,,2026-07-07T21:10:31
와이랩,01406265,432430,KOSDAQ,분기x연결,재무제표,DS-2/DS-3,DONE,"cross-check completed for ['매출액', '영업이익']",,2026-07-07T21:10:31
와이랩,01406265,432430,KOSDAQ,분기x연결,지표,CV-6,PASS,default metric selection visible,,2026-07-07T21:10:31
와이랩,01406265,432430,KOSDAQ,분기x별도,재무제표,DS-1,PASS,,,2026-07-07T21:10:38
와이랩,01406265,432430,KOSDAQ,분기x별도,상단,DS-8,PASS,,,2026-07-07T21:10:38
와이랩,01406265,432430,KOSDAQ,분기x별도,상단,DS-7,PASS,"badges seen: ['✅', '🔎']",,2026-07-07T21:10:38
와이랩,01406265,432430,KOSDAQ,분기x별도,재무제표,CV-3,PASS,rows=29 cols=17 slider_extended=True,,2026-07-07T21:10:38
와이랩,01406265,432430,KOSDAQ,분기x별도,재무제표,DS-2/DS-3,DONE,"cross-check completed for ['매출액', '영업이익']",,2026-07-07T21:10:38
와이랩,01406265,432430,KOSDAQ,분기x별도,지표,CV-6,PASS,default metric selection visible,,2026-07-07T21:10:38
와이바이오로직스,01226234,338840,KOSDAQ,연간x연결,재무제표,DS-1,PASS,,,2026-07-07T21:10:52
와이바이오로직스,01226234,338840,KOSDAQ,연간x연결,상단,DS-8,PASS,,,2026-07-07T21:10:52
와이바이오로직스,01226234,338840,KOSDAQ,연간x연결,상단,DS-4,PASS,substitution caption present,,2026-07-07T21:10:52
와이바이오로직스,01226234,338840,KOSDAQ,연간x연결,상단,DS-7,PASS,"badges seen: ['✅', '🔎']",,2026-07-07T21:10:52
와이바이오로직스,01226234,338840,KOSDAQ,연간x연결,재무제표,CV-3,PASS,rows=29 cols=8 slider_extended=True,,2026-07-07T21:10:52
와이바이오로직스,01226234,338840,KOSDAQ,연간x연결,재무제표,DS-2/DS-3,DONE,"cross-check completed for ['매출액', '영업이익']",,2026-07-07T21:10:52
와이바이오로직스,01226234,338840,KOSDAQ,연간x연결,지표,CV-6,PASS,default metric selection visible,,2026-07-07T21:10:52
와이바이오로직스,01226234,338840,KOSDAQ,연간x별도,재무제표,DS-1,PASS,,,2026-07-07T21:10:57
와이바이오로직스,01226234,338840,KOSDAQ,연간x별도,상단,DS-8,PASS,,,2026-07-07T21:10:57
와이바이오로직스,01226234,338840,KOSDAQ,연간x별도,상단,DS-7,PASS,"badges seen: ['✅', '🔎']",,2026-07-07T21:10:57
와이바이오로직스,01226234,338840,KOSDAQ,연간x별도,재무제표,CV-3,PASS,rows=29 cols=8 slider_extended=True,,2026-07-07T21:10:57
와이바이오로직스,01226234,338840,KOSDAQ,연간x별도,재무제표,DS-2/DS-3,DONE,"cross-check completed for ['매출액', '영업이익']",,2026-07-07T21:10:57
와이바이오로직스,01226234,338840,KOSDAQ,연간x별도,지표,CV-6,PASS,default metric selection visible,,2026-07-07T21:10:57
와이바이오로직스,01226234,338840,KOSDAQ,분기x연결,재무제표,DS-1,PASS,,,2026-07-07T21:11:03
와이바이오로직스,01226234,338840,KOSDAQ,분기x연결,상단,DS-8,PASS,,,2026-07-07T21:11:03
와이바이오로직스,01226234,338840,KOSDAQ,분기x연결,상단,DS-4,PASS,substitution caption present,,2026-07-07T21:11:03
와이바이오로직스,01226234,338840,KOSDAQ,분기x연결,상단,DS-7,PASS,"badges seen: ['✅', '🔎', '⚠']",,2026-07-07T21:11:03
와이바이오로직스,01226234,338840,KOSDAQ,분기x연결,재무제표,CV-3,PASS,rows=29 cols=20 slider_extended=True,,2026-07-07T21:11:03
와이바이오로직스,01226234,338840,KOSDAQ,분기x연결,재무제표,DS-2/DS-3,DONE,"cross-check completed for ['매출액', '영업이익']",,2026-07-07T21:11:03
와이바이오로직스,01226234,338840,KOSDAQ,분기x연결,지표,CV-6,PASS,default metric selection visible,,2026-07-07T21:11:03
와이바이오로직스,01226234,338840,KOSDAQ,분기x별도,재무제표,DS-1,PASS,,,2026-07-07T21:11:10
와이바이오로직스,01226234,338840,KOSDAQ,분기x별도,상단,DS-8,PASS,,,2026-07-07T21:11:10
와이바이오로직스,01226234,338840,KOSDAQ,분기x별도,상단,DS-7,PASS,"badges seen: ['✅', '🔎', '⚠']",,2026-07-07T21:11:10
와이바이오로직스,01226234,338840,KOSDAQ,분기x별도,재무제표,CV-3,PASS,rows=29 cols=20 slider_extended=True,,2026-07-07T21:11:10
와이바이오로직스,01226234,338840,KOSDAQ,분기x별도,재무제표,DS-2/DS-3,DONE,"cross-check completed for ['매출액', '영업이익']",,2026-07-07T21:11:10
와이바이오로직스,01226234,338840,KOSDAQ,분기x별도,지표,CV-6,PASS,default metric selection visible,,2026-07-07T21:11:10
와이솔,00759294,122990,KOSDAQ,연간x연결,재무제표,DS-1,PASS,,,2026-07-07T21:11:24
와이솔,00759294,122990,KOSDAQ,연간x연결,상단,DS-8,PASS,,,2026-07-07T21:11:24
와이솔,00759294,122990,KOSDAQ,연간x연결,상단,DS-7,PASS,"badges seen: ['✅', '🔎', '⚠']",,2026-07-07T21:11:24
와이솔,00759294,122990,KOSDAQ,연간x연결,재무제표,CV-3,PASS,rows=29 cols=19 slider_extended=True,,2026-07-07T21:11:24
와이솔,00759294,122990,KOSDAQ,연간x연결,재무제표,DS-2/DS-3,DONE,"cross-check completed for ['매출액', '영업이익']",,2026-07-07T21:11:24
와이솔,00759294,122990,KOSDAQ,연간x연결,지표,CV-6,PASS,default metric selection visible,,2026-07-07T21:11:24
와이솔,00759294,122990,KOSDAQ,연간x별도,재무제표,DS-1,PASS,,,2026-07-07T21:11:29
와이솔,00759294,122990,KOSDAQ,연간x별도,상단,DS-8,PASS,,,2026-07-07T21:11:29
와이솔,00759294,122990,KOSDAQ,연간x별도,상단,DS-7,PASS,"badges seen: ['✅', '🔎', '⚠']",,2026-07-07T21:11:29
와이솔,00759294,122990,KOSDAQ,연간x별도,재무제표,CV-3,PASS,rows=29 cols=20 slider_extended=True,,2026-07-07T21:11:29
와이솔,00759294,122990,KOSDAQ,연간x별도,재무제표,DS-2/DS-3,DONE,"cross-check completed for ['매출액', '영업이익']",,2026-07-07T21:11:29
와이솔,00759294,122990,KOSDAQ,연간x별도,지표,CV-6,PASS,default metric selection visible,,2026-07-07T21:11:29
와이솔,00759294,122990,KOSDAQ,분기x연결,재무제표,DS-1,PASS,,,2026-07-07T21:11:35
와이솔,00759294,122990,KOSDAQ,분기x연결,상단,DS-8,PASS,,,2026-07-07T21:11:35
와이솔,00759294,122990,KOSDAQ,분기x연결,상단,DS-7,PASS,"badges seen: ['✅', '🔎']",,2026-07-07T21:11:35
와이솔,00759294,122990,KOSDAQ,분기x연결,재무제표,CV-3,PASS,rows=29 cols=63 slider_extended=True,,2026-07-07T21:11:35
와이솔,00759294,122990,KOSDAQ,분기x연결,재무제표,DS-2/DS-3,DONE,"cross-check completed for ['매출액', '영업이익']",,2026-07-07T21:11:35
와이솔,00759294,122990,KOSDAQ,분기x연결,지표,CV-6,PASS,default metric selection visible,,2026-07-07T21:11:35
와이솔,00759294,122990,KOSDAQ,분기x별도,재무제표,DS-1,PASS,,,2026-07-07T21:11:42
와이솔,00759294,122990,KOSDAQ,분기x별도,상단,DS-8,PASS,,,2026-07-07T21:11:42
와이솔,00759294,122990,KOSDAQ,분기x별도,상단,DS-7,PASS,"badges seen: ['✅', '🔎']",,2026-07-07T21:11:42
와이솔,00759294,122990,KOSDAQ,분기x별도,재무제표,CV-3,PASS,rows=29 cols=65 slider_extended=True,,2026-07-07T21:11:42
와이솔,00759294,122990,KOSDAQ,분기x별도,재무제표,DS-2/DS-3,DONE,"cross-check completed for ['매출액', '영업이익']",,2026-07-07T21:11:42
와이솔,00759294,122990,KOSDAQ,분기x별도,지표,CV-6,PASS,default metric selection visible,,2026-07-07T21:11:42
와이씨,01109539,232140,KOSDAQ,연간x연결,재무제표,DS-1,PASS,,,2026-07-07T21:11:56
와이씨,01109539,232140,KOSDAQ,연간x연결,상단,DS-8,PASS,,,2026-07-07T21:11:56
와이씨,01109539,232140,KOSDAQ,연간x연결,상단,DS-7,PASS,"badges seen: ['✅', '🔎']",,2026-07-07T21:11:56
와이씨,01109539,232140,KOSDAQ,연간x연결,재무제표,CV-3,PASS,rows=29 cols=13 slider_extended=True,,2026-07-07T21:11:56
와이씨,01109539,232140,KOSDAQ,연간x연결,재무제표,DS-2/DS-3,DONE,"cross-check completed for ['매출액', '영업이익']",,2026-07-07T21:11:56
와이씨,01109539,232140,KOSDAQ,연간x연결,지표,CV-6,PASS,default metric selection visible,,2026-07-07T21:11:56
와이씨,01109539,232140,KOSDAQ,연간x별도,재무제표,DS-1,PASS,,,2026-07-07T21:12:01
와이씨,01109539,232140,KOSDAQ,연간x별도,상단,DS-8,PASS,,,2026-07-07T21:12:01
와이씨,01109539,232140,KOSDAQ,연간x별도,상단,DS-7,PASS,"badges seen: ['✅', '🔎']",,2026-07-07T21:12:01
와이씨,01109539,232140,KOSDAQ,연간x별도,재무제표,CV-3,PASS,rows=29 cols=13 slider_extended=True,,2026-07-07T21:12:01
와이씨,01109539,232140,KOSDAQ,연간x별도,재무제표,DS-2/DS-3,DONE,"cross-check completed for ['매출액', '영업이익']",,2026-07-07T21:12:01
와이씨,01109539,232140,KOSDAQ,연간x별도,지표,CV-6,PASS,default metric selection visible,,2026-07-07T21:12:01
와이씨,01109539,232140,KOSDAQ,분기x연결,재무제표,DS-1,PASS,,,2026-07-07T21:12:07
와이씨,01109539,232140,KOSDAQ,분기x연결,상단,DS-8,PASS,,,2026-07-07T21:12:07
와이씨,01109539,232140,KOSDAQ,분기x연결,상단,DS-7,PASS,"badges seen: ['✅', '🔎', '⚠']",,2026-07-07T21:12:07
와이씨,01109539,232140,KOSDAQ,분기x연결,재무제표,CV-3,PASS,rows=29 cols=44 slider_extended=True,,2026-07-07T21:12:07
와이씨,01109539,232140,KOSDAQ,분기x연결,재무제표,DS-2/DS-3,DONE,"cross-check completed for ['매출액', '영업이익']",,2026-07-07T21:12:07
와이씨,01109539,232140,KOSDAQ,분기x연결,지표,CV-6,PASS,default metric selection visible,,2026-07-07T21:12:07
와이씨,01109539,232140,KOSDAQ,분기x별도,재무제표,DS-1,PASS,,,2026-07-07T21:12:15
와이씨,01109539,232140,KOSDAQ,분기x별도,상단,DS-8,PASS,,,2026-07-07T21:12:15
와이씨,01109539,232140,KOSDAQ,분기x별도,상단,DS-7,PASS,"badges seen: ['✅', '🔎']",,2026-07-07T21:12:15
와이씨,01109539,232140,KOSDAQ,분기x별도,재무제표,CV-3,PASS,rows=29 cols=44 slider_extended=True,,2026-07-07T21:12:15
와이씨,01109539,232140,KOSDAQ,분기x별도,재무제표,DS-2/DS-3,DONE,"cross-check completed for ['매출액', '영업이익']",,2026-07-07T21:12:15
와이씨,01109539,232140,KOSDAQ,분기x별도,지표,CV-6,PASS,default metric selection visible,,2026-07-07T21:12:15
와이씨켐,00619507,112290,KOSDAQ,연간x연결,재무제표,DS-1,PASS,,,2026-07-07T21:12:28
와이씨켐,00619507,112290,KOSDAQ,연간x연결,상단,DS-8,PASS,,,2026-07-07T21:12:28
와이씨켐,00619507,112290,KOSDAQ,연간x연결,상단,DS-4,PASS,substitution caption present,,2026-07-07T21:12:28
와이씨켐,00619507,112290,KOSDAQ,연간x연결,상단,DS-7,PASS,"badges seen: ['✅', '🔎', '⚠']",,2026-07-07T21:12:28
와이씨켐,00619507,112290,KOSDAQ,연간x연결,재무제표,CV-3,PASS,rows=29 cols=8 slider_extended=True,,2026-07-07T21:12:28
와이씨켐,00619507,112290,KOSDAQ,연간x연결,재무제표,DS-2/DS-3,DONE,"cross-check completed for ['매출액', '영업이익']",,2026-07-07T21:12:28
와이씨켐,00619507,112290,KOSDAQ,연간x연결,지표,CV-6,PASS,default metric selection visible,,2026-07-07T21:12:28
와이씨켐,00619507,112290,KOSDAQ,연간x별도,재무제표,DS-1,PASS,,,2026-07-07T21:12:33
와이씨켐,00619507,112290,KOSDAQ,연간x별도,상단,DS-8,PASS,,,2026-07-07T21:12:33
와이씨켐,00619507,112290,KOSDAQ,연간x별도,상단,DS-7,PASS,"badges seen: ['✅', '🔎', '⚠']",,2026-07-07T21:12:33
와이씨켐,00619507,112290,KOSDAQ,연간x별도,재무제표,CV-3,PASS,rows=29 cols=8 slider_extended=True,,2026-07-07T21:12:33
와이씨켐,00619507,112290,KOSDAQ,연간x별도,재무제표,DS-2/DS-3,DONE,"cross-check completed for ['매출액', '영업이익']",,2026-07-07T21:12:33
와이씨켐,00619507,112290,KOSDAQ,연간x별도,지표,CV-6,PASS,default metric selection visible,,2026-07-07T21:12:33
와이씨켐,00619507,112290,KOSDAQ,분기x연결,재무제표,DS-1,PASS,,,2026-07-07T21:12:39
와이씨켐,00619507,112290,KOSDAQ,분기x연결,상단,DS-8,PASS,,,2026-07-07T21:12:39
와이씨켐,00619507,112290,KOSDAQ,분기x연결,상단,DS-4,PASS,substitution caption present,,2026-07-07T21:12:39
와이씨켐,00619507,112290,KOSDAQ,분기x연결,상단,DS-7,PASS,"badges seen: ['✅', '🔎', '⚠']",,2026-07-07T21:12:39
와이씨켐,00619507,112290,KOSDAQ,분기x연결,재무제표,CV-3,PASS,rows=29 cols=21 slider_extended=True,,2026-07-07T21:12:39
와이씨켐,00619507,112290,KOSDAQ,분기x연결,재무제표,DS-2/DS-3,DONE,"cross-check completed for ['매출액', '영업이익']",,2026-07-07T21:12:39
와이씨켐,00619507,112290,KOSDAQ,분기x연결,지표,CV-6,PASS,default metric selection visible,,2026-07-07T21:12:39
와이씨켐,00619507,112290,KOSDAQ,분기x별도,재무제표,DS-1,PASS,,,2026-07-07T21:12:46
와이씨켐,00619507,112290,KOSDAQ,분기x별도,상단,DS-8,PASS,,,2026-07-07T21:12:46
와이씨켐,00619507,112290,KOSDAQ,분기x별도,상단,DS-7,PASS,"badges seen: ['✅', '🔎', '⚠']",,2026-07-07T21:12:46
와이씨켐,00619507,112290,KOSDAQ,분기x별도,재무제표,CV-3,PASS,rows=29 cols=21 slider_extended=True,,2026-07-07T21:12:46
와이씨켐,00619507,112290,KOSDAQ,분기x별도,재무제표,DS-2/DS-3,DONE,"cross-check completed for ['매출액', '영업이익']",,2026-07-07T21:12:46
와이씨켐,00619507,112290,KOSDAQ,분기x별도,지표,CV-6,PASS,default metric selection visible,,2026-07-07T21:12:46
와이어블,00250137,065530,KOSDAQ,연간x연결,재무제표,DS-1,PASS,,,2026-07-07T21:13:00
와이어블,00250137,065530,KOSDAQ,연간x연결,상단,DS-8,PASS,,,2026-07-07T21:13:00
와이어블,00250137,065530,KOSDAQ,연간x연결,상단,DS-7,PASS,"badges seen: ['✅', '🔎']",,2026-07-07T21:13:00
와이어블,00250137,065530,KOSDAQ,연간x연결,재무제표,CV-3,PASS,rows=29 cols=7 slider_extended=True,,2026-07-07T21:13:00
와이어블,00250137,065530,KOSDAQ,연간x연결,재무제표,DS-2/DS-3,DONE,"cross-check completed for ['매출액', '영업이익']",,2026-07-07T21:13:00
와이어블,00250137,065530,KOSDAQ,연간x연결,지표,CV-6,PASS,default metric selection visible,,2026-07-07T21:13:00
와이어블,00250137,065530,KOSDAQ,연간x별도,재무제표,DS-1,PASS,,,2026-07-07T21:13:05
와이어블,00250137,065530,KOSDAQ,연간x별도,상단,DS-8,PASS,,,2026-07-07T21:13:05
와이어블,00250137,065530,KOSDAQ,연간x별도,상단,DS-7,PASS,"badges seen: ['✅', '🔎']",,2026-07-07T21:13:05
와이어블,00250137,065530,KOSDAQ,연간x별도,재무제표,CV-3,PASS,rows=29 cols=27 slider_extended=True,,2026-07-07T21:13:05
와이어블,00250137,065530,KOSDAQ,연간x별도,재무제표,DS-2/DS-3,DONE,"cross-check completed for ['매출액', '영업이익']",,2026-07-07T21:13:05
와이어블,00250137,065530,KOSDAQ,연간x별도,지표,CV-6,PASS,default metric selection visible,,2026-07-07T21:13:05
와이어블,00250137,065530,KOSDAQ,분기x연결,재무제표,DS-1,PASS,,,2026-07-07T21:13:11
와이어블,00250137,065530,KOSDAQ,분기x연결,상단,DS-8,PASS,,,2026-07-07T21:13:11
와이어블,00250137,065530,KOSDAQ,분기x연결,상단,DS-7,PASS,"badges seen: ['✅', '🔎', '⚠']",,2026-07-07T21:13:11
와이어블,00250137,065530,KOSDAQ,분기x연결,재무제표,CV-3,PASS,rows=29 cols=19 slider_extended=True,,2026-07-07T21:13:11
와이어블,00250137,065530,KOSDAQ,분기x연결,재무제표,DS-2/DS-3,DONE,"cross-check completed for ['매출액', '영업이익']",,2026-07-07T21:13:11
와이어블,00250137,065530,KOSDAQ,분기x연결,지표,CV-6,PASS,default metric selection visible,,2026-07-07T21:13:11
와이어블,00250137,065530,KOSDAQ,분기x별도,재무제표,DS-1,PASS,,,2026-07-07T21:13:18
와이어블,00250137,065530,KOSDAQ,분기x별도,상단,DS-8,PASS,,,2026-07-07T21:13:18
와이어블,00250137,065530,KOSDAQ,분기x별도,상단,DS-7,PASS,"badges seen: ['✅', '🔎', '⚠']",,2026-07-07T21:13:18
와이어블,00250137,065530,KOSDAQ,분기x별도,재무제표,CV-3,PASS,rows=29 cols=85 slider_extended=True,,2026-07-07T21:13:18
와이어블,00250137,065530,KOSDAQ,분기x별도,재무제표,DS-2/DS-3,DONE,"cross-check completed for ['매출액', '영업이익']",,2026-07-07T21:13:18
와이어블,00250137,065530,KOSDAQ,분기x별도,지표,CV-6,PASS,default metric selection visible,,2026-07-07T21:13:18
와이엔텍,00190756,067900,KOSDAQ,연간x연결,재무제표,DS-1,PASS,,,2026-07-07T21:13:32
와이엔텍,00190756,067900,KOSDAQ,연간x연결,상단,DS-8,PASS,,,2026-07-07T21:13:32
와이엔텍,00190756,067900,KOSDAQ,연간x연결,상단,DS-7,PASS,"badges seen: ['✅', '🔎']",,2026-07-07T21:13:32
와이엔텍,00190756,067900,KOSDAQ,연간x연결,재무제표,CV-3,PASS,rows=29 cols=14 slider_extended=True,,2026-07-07T21:13:32
와이엔텍,00190756,067900,KOSDAQ,연간x연결,재무제표,DS-2/DS-3,DONE,"cross-check completed for ['매출액', '영업이익']",,2026-07-07T21:13:32
와이엔텍,00190756,067900,KOSDAQ,연간x연결,지표,CV-6,PASS,default metric selection visible,,2026-07-07T21:13:32
와이엔텍,00190756,067900,KOSDAQ,연간x별도,재무제표,DS-1,PASS,,,2026-07-07T21:13:37
와이엔텍,00190756,067900,KOSDAQ,연간x별도,상단,DS-8,PASS,,,2026-07-07T21:13:37
와이엔텍,00190756,067900,KOSDAQ,연간x별도,상단,DS-7,PASS,"badges seen: ['✅', '🔎']",,2026-07-07T21:13:37
와이엔텍,00190756,067900,KOSDAQ,연간x별도,재무제표,CV-3,PASS,rows=29 cols=25 slider_extended=True,,2026-07-07T21:13:37
와이엔텍,00190756,067900,KOSDAQ,연간x별도,재무제표,DS-2/DS-3,DONE,"cross-check completed for ['매출액', '영업이익']",,2026-07-07T21:13:37
와이엔텍,00190756,067900,KOSDAQ,연간x별도,지표,CV-6,PASS,default metric selection visible,,2026-07-07T21:13:37
와이엔텍,00190756,067900,KOSDAQ,분기x연결,재무제표,DS-1,PASS,,,2026-07-07T21:13:43
와이엔텍,00190756,067900,KOSDAQ,분기x연결,상단,DS-8,PASS,,,2026-07-07T21:13:43
와이엔텍,00190756,067900,KOSDAQ,분기x연결,상단,DS-7,PASS,"badges seen: ['✅', '🔎']",,2026-07-07T21:13:43
와이엔텍,00190756,067900,KOSDAQ,분기x연결,재무제표,CV-3,PASS,rows=29 cols=46 slider_extended=True,,2026-07-07T21:13:43
와이엔텍,00190756,067900,KOSDAQ,분기x연결,재무제표,DS-2/DS-3,DONE,"cross-check completed for ['매출액', '영업이익']",,2026-07-07T21:13:43
와이엔텍,00190756,067900,KOSDAQ,분기x연결,지표,CV-6,PASS,default metric selection visible,,2026-07-07T21:13:43
와이엔텍,00190756,067900,KOSDAQ,분기x별도,재무제표,DS-1,PASS,,,2026-07-07T21:13:50
와이엔텍,00190756,067900,KOSDAQ,분기x별도,상단,DS-8,PASS,,,2026-07-07T21:13:50
와이엔텍,00190756,067900,KOSDAQ,분기x별도,상단,DS-7,PASS,"badges seen: ['✅', '🔎']",,2026-07-07T21:13:50
와이엔텍,00190756,067900,KOSDAQ,분기x별도,재무제표,CV-3,PASS,rows=29 cols=76 slider_extended=True,,2026-07-07T21:13:50
와이엔텍,00190756,067900,KOSDAQ,분기x별도,재무제표,DS-2/DS-3,DONE,"cross-check completed for ['매출액', '영업이익']",,2026-07-07T21:13:50
와이엔텍,00190756,067900,KOSDAQ,분기x별도,지표,CV-6,PASS,default metric selection visible,,2026-07-07T21:13:50
와이엠,00140858,007530,KOSDAQ,연간x연결,재무제표,DS-1,PASS,,,2026-07-07T21:14:04
와이엠,00140858,007530,KOSDAQ,연간x연결,상단,DS-8,PASS,,,2026-07-07T21:14:04
와이엠,00140858,007530,KOSDAQ,연간x연결,상단,DS-7,PASS,"badges seen: ['✅', '🔎', '⚠']",,2026-07-07T21:14:04
와이엠,00140858,007530,KOSDAQ,연간x연결,재무제표,CV-3,PASS,rows=29 cols=17 slider_extended=True,,2026-07-07T21:14:04
와이엠,00140858,007530,KOSDAQ,연간x연결,재무제표,DS-2/DS-3,DONE,"cross-check completed for ['매출액', '영업이익']",,2026-07-07T21:14:04
와이엠,00140858,007530,KOSDAQ,연간x연결,지표,CV-6,PASS,default metric selection visible,,2026-07-07T21:14:04
와이엠,00140858,007530,KOSDAQ,연간x별도,재무제표,DS-1,PASS,,,2026-07-07T21:14:09
와이엠,00140858,007530,KOSDAQ,연간x별도,상단,DS-8,PASS,,,2026-07-07T21:14:09
와이엠,00140858,007530,KOSDAQ,연간x별도,상단,DS-7,PASS,"badges seen: ['✅', '🔎', '⚠']",,2026-07-07T21:14:09
와이엠,00140858,007530,KOSDAQ,연간x별도,재무제표,CV-3,PASS,rows=29 cols=23 slider_extended=True,,2026-07-07T21:14:09
와이엠,00140858,007530,KOSDAQ,연간x별도,재무제표,DS-2/DS-3,DONE,"cross-check completed for ['매출액', '영업이익']",,2026-07-07T21:14:09
와이엠,00140858,007530,KOSDAQ,연간x별도,지표,CV-6,PASS,default metric selection visible,,2026-07-07T21:14:09
와이엠,00140858,007530,KOSDAQ,분기x연결,재무제표,DS-1,PASS,,,2026-07-07T21:14:15
와이엠,00140858,007530,KOSDAQ,분기x연결,상단,DS-8,PASS,,,2026-07-07T21:14:15
와이엠,00140858,007530,KOSDAQ,분기x연결,상단,DS-7,PASS,"badges seen: ['✅', '🔎', '⚠']",,2026-07-07T21:14:15
와이엠,00140858,007530,KOSDAQ,분기x연결,재무제표,CV-3,PASS,rows=29 cols=60 slider_extended=True,,2026-07-07T21:14:15
와이엠,00140858,007530,KOSDAQ,분기x연결,재무제표,DS-2/DS-3,DONE,"cross-check completed for ['매출액', '영업이익']",,2026-07-07T21:14:15
와이엠,00140858,007530,KOSDAQ,분기x연결,지표,CV-6,PASS,default metric selection visible,,2026-07-07T21:14:15
와이엠,00140858,007530,KOSDAQ,분기x별도,재무제표,DS-1,PASS,,,2026-07-07T21:14:22
와이엠,00140858,007530,KOSDAQ,분기x별도,상단,DS-8,PASS,,,2026-07-07T21:14:22
와이엠,00140858,007530,KOSDAQ,분기x별도,상단,DS-7,PASS,"badges seen: ['✅', '🔎']",,2026-07-07T21:14:22
와이엠,00140858,007530,KOSDAQ,분기x별도,재무제표,CV-3,PASS,rows=29 cols=76 slider_extended=True,,2026-07-07T21:14:22
와이엠,00140858,007530,KOSDAQ,분기x별도,재무제표,DS-2/DS-3,DONE,"cross-check completed for ['매출액', '영업이익']",,2026-07-07T21:14:22
와이엠,00140858,007530,KOSDAQ,분기x별도,지표,CV-6,PASS,default metric selection visible,,2026-07-07T21:14:22
와이엠씨,00870861,155650,KOSDAQ,연간x연결,재무제표,DS-1,PASS,,,2026-07-07T21:14:36
와이엠씨,00870861,155650,KOSDAQ,연간x연결,상단,DS-8,PASS,,,2026-07-07T21:14:36
와이엠씨,00870861,155650,KOSDAQ,연간x연결,상단,DS-7,PASS,"badges seen: ['✅', '🔎']",,2026-07-07T21:14:36
와이엠씨,00870861,155650,KOSDAQ,연간x연결,재무제표,CV-3,PASS,rows=29 cols=17 slider_extended=True,,2026-07-07T21:14:36
와이엠씨,00870861,155650,KOSDAQ,연간x연결,재무제표,DS-2/DS-3,DONE,"cross-check completed for ['매출액', '영업이익']",,2026-07-07T21:14:36
와이엠씨,00870861,155650,KOSDAQ,연간x연결,지표,CV-6,PASS,default metric selection visible,,2026-07-07T21:14:36
와이엠씨,00870861,155650,KOSDAQ,연간x별도,재무제표,DS-1,PASS,,,2026-07-07T21:14:41
와이엠씨,00870861,155650,KOSDAQ,연간x별도,상단,DS-8,PASS,,,2026-07-07T21:14:41
와이엠씨,00870861,155650,KOSDAQ,연간x별도,상단,DS-7,PASS,"badges seen: ['✅', '🔎']",,2026-07-07T21:14:41
와이엠씨,00870861,155650,KOSDAQ,연간x별도,재무제표,CV-3,PASS,rows=29 cols=18 slider_extended=True,,2026-07-07T21:14:41
와이엠씨,00870861,155650,KOSDAQ,연간x별도,재무제표,DS-2/DS-3,DONE,"cross-check completed for ['매출액', '영업이익']",,2026-07-07T21:14:41
와이엠씨,00870861,155650,KOSDAQ,연간x별도,지표,CV-6,PASS,default metric selection visible,,2026-07-07T21:14:41
와이엠씨,00870861,155650,KOSDAQ,분기x연결,재무제표,DS-1,PASS,,,2026-07-07T21:14:47
와이엠씨,00870861,155650,KOSDAQ,분기x연결,상단,DS-8,PASS,,,2026-07-07T21:14:47
와이엠씨,00870861,155650,KOSDAQ,분기x연결,상단,DS-7,PASS,"badges seen: ['✅', '🔎', '⚠']",,2026-07-07T21:14:47
와이엠씨,00870861,155650,KOSDAQ,분기x연결,재무제표,CV-3,PASS,rows=29 cols=57 slider_extended=True,,2026-07-07T21:14:47
와이엠씨,00870861,155650,KOSDAQ,분기x연결,재무제표,DS-2/DS-3,DONE,"cross-check completed for ['매출액', '영업이익']",,2026-07-07T21:14:47
와이엠씨,00870861,155650,KOSDAQ,분기x연결,지표,CV-6,PASS,default metric selection visible,,2026-07-07T21:14:47
와이엠씨,00870861,155650,KOSDAQ,분기x별도,재무제표,DS-1,PASS,,,2026-07-07T21:14:55
와이엠씨,00870861,155650,KOSDAQ,분기x별도,상단,DS-8,PASS,,,2026-07-07T21:14:55
와이엠씨,00870861,155650,KOSDAQ,분기x별도,상단,DS-7,PASS,"badges seen: ['✅', '🔎']",,2026-07-07T21:14:55
와이엠씨,00870861,155650,KOSDAQ,분기x별도,재무제표,CV-3,PASS,rows=29 cols=60 slider_extended=True,,2026-07-07T21:14:55
와이엠씨,00870861,155650,KOSDAQ,분기x별도,재무제표,DS-2/DS-3,DONE,"cross-check completed for ['매출액', '영업이익']",,2026-07-07T21:14:55
와이엠씨,00870861,155650,KOSDAQ,분기x별도,지표,CV-6,PASS,default metric selection visible,,2026-07-07T21:14:55
와이엠텍,01215618,273640,KOSDAQ,연간x연결,재무제표,DS-1,PASS,,,2026-07-07T21:15:08
와이엠텍,01215618,273640,KOSDAQ,연간x연결,상단,DS-8,PASS,,,2026-07-07T21:15:08
와이엠텍,01215618,273640,KOSDAQ,연간x연결,상단,DS-4,PASS,substitution caption present,,2026-07-07T21:15:08
와이엠텍,01215618,273640,KOSDAQ,연간x연결,상단,DS-7,PASS,"badges seen: ['✅', '🔎', '⚠']",,2026-07-07T21:15:08
와이엠텍,01215618,273640,KOSDAQ,연간x연결,재무제표,CV-3,PASS,rows=29 cols=9 slider_extended=True,,2026-07-07T21:15:08
와이엠텍,01215618,273640,KOSDAQ,연간x연결,재무제표,DS-2/DS-3,DONE,"cross-check completed for ['매출액', '영업이익']",,2026-07-07T21:15:08
와이엠텍,01215618,273640,KOSDAQ,연간x연결,지표,CV-6,PASS,default metric selection visible,,2026-07-07T21:15:08
와이엠텍,01215618,273640,KOSDAQ,연간x별도,재무제표,DS-1,PASS,,,2026-07-07T21:15:13
와이엠텍,01215618,273640,KOSDAQ,연간x별도,상단,DS-8,PASS,,,2026-07-07T21:15:13
와이엠텍,01215618,273640,KOSDAQ,연간x별도,상단,DS-7,PASS,"badges seen: ['✅', '🔎', '⚠']",,2026-07-07T21:15:13
와이엠텍,01215618,273640,KOSDAQ,연간x별도,재무제표,CV-3,PASS,rows=29 cols=9 slider_extended=True,,2026-07-07T21:15:13
와이엠텍,01215618,273640,KOSDAQ,연간x별도,재무제표,DS-2/DS-3,DONE,"cross-check completed for ['매출액', '영업이익']",,2026-07-07T21:15:13
와이엠텍,01215618,273640,KOSDAQ,연간x별도,지표,CV-6,PASS,default metric selection visible,,2026-07-07T21:15:13
와이엠텍,01215618,273640,KOSDAQ,분기x연결,재무제표,DS-1,PASS,,,2026-07-07T21:15:19
와이엠텍,01215618,273640,KOSDAQ,분기x연결,상단,DS-8,PASS,,,2026-07-07T21:15:19
와이엠텍,01215618,273640,KOSDAQ,분기x연결,상단,DS-7,PASS,"badges seen: ['✅', '🔎']",,2026-07-07T21:15:19
와이엠텍,01215618,273640,KOSDAQ,분기x연결,재무제표,CV-3,PASS,rows=29 cols=3 slider_extended=False,,2026-07-07T21:15:19
와이엠텍,01215618,273640,KOSDAQ,분기x연결,재무제표,DS-2/DS-3,DONE,"cross-check completed for ['매출액', '영업이익']",,2026-07-07T21:15:19
와이엠텍,01215618,273640,KOSDAQ,분기x연결,지표,CV-6,PASS,default metric selection visible,,2026-07-07T21:15:19
와이엠텍,01215618,273640,KOSDAQ,분기x별도,재무제표,DS-1,PASS,,,2026-07-07T21:15:25
와이엠텍,01215618,273640,KOSDAQ,분기x별도,상단,DS-8,PASS,,,2026-07-07T21:15:25
와이엠텍,01215618,273640,KOSDAQ,분기x별도,상단,DS-7,PASS,"badges seen: ['✅', '🔎']",,2026-07-07T21:15:25
와이엠텍,01215618,273640,KOSDAQ,분기x별도,재무제표,CV-3,PASS,rows=29 cols=25 slider_extended=True,,2026-07-07T21:15:25
와이엠텍,01215618,273640,KOSDAQ,분기x별도,재무제표,DS-2/DS-3,DONE,"cross-check completed for ['매출액', '영업이익']",,2026-07-07T21:15:25
와이엠텍,01215618,273640,KOSDAQ,분기x별도,지표,CV-6,PASS,default metric selection visible,,2026-07-07T21:15:25
와이엠티,00602172,251370,KOSDAQ,연간x연결,재무제표,DS-1,PASS,,,2026-07-07T21:15:38
와이엠티,00602172,251370,KOSDAQ,연간x연결,상단,DS-8,PASS,,,2026-07-07T21:15:38
와이엠티,00602172,251370,KOSDAQ,연간x연결,상단,DS-7,PASS,"badges seen: ['✅', '🔎']",,2026-07-07T21:15:38
와이엠티,00602172,251370,KOSDAQ,연간x연결,재무제표,CV-3,PASS,rows=29 cols=13 slider_extended=True,,2026-07-07T21:15:38
와이엠티,00602172,251370,KOSDAQ,연간x연결,재무제표,DS-2/DS-3,DONE,"cross-check completed for ['매출액', '영업이익']",,2026-07-07T21:15:38
와이엠티,00602172,251370,KOSDAQ,연간x연결,지표,CV-6,PASS,default metric selection visible,,2026-07-07T21:15:38
와이엠티,00602172,251370,KOSDAQ,연간x별도,재무제표,DS-1,PASS,,,2026-07-07T21:15:43
와이엠티,00602172,251370,KOSDAQ,연간x별도,상단,DS-8,PASS,,,2026-07-07T21:15:43
와이엠티,00602172,251370,KOSDAQ,연간x별도,상단,DS-7,PASS,"badges seen: ['✅', '🔎']",,2026-07-07T21:15:43
와이엠티,00602172,251370,KOSDAQ,연간x별도,재무제표,CV-3,PASS,rows=29 cols=13 slider_extended=True,,2026-07-07T21:15:43
와이엠티,00602172,251370,KOSDAQ,연간x별도,재무제표,DS-2/DS-3,DONE,"cross-check completed for ['매출액', '영업이익']",,2026-07-07T21:15:43
와이엠티,00602172,251370,KOSDAQ,연간x별도,지표,CV-6,PASS,default metric selection visible,,2026-07-07T21:15:43
와이엠티,00602172,251370,KOSDAQ,분기x연결,재무제표,DS-1,PASS,,,2026-07-07T21:15:49
와이엠티,00602172,251370,KOSDAQ,분기x연결,상단,DS-8,PASS,,,2026-07-07T21:15:49
와이엠티,00602172,251370,KOSDAQ,분기x연결,상단,DS-7,PASS,"badges seen: ['✅', '🔎', '⚠']",,2026-07-07T21:15:49
와이엠티,00602172,251370,KOSDAQ,분기x연결,재무제표,CV-3,PASS,rows=29 cols=43 slider_extended=True,,2026-07-07T21:15:49
와이엠티,00602172,251370,KOSDAQ,분기x연결,재무제표,DS-2/DS-3,DONE,"cross-check completed for ['매출액', '영업이익']",,2026-07-07T21:15:49
와이엠티,00602172,251370,KOSDAQ,분기x연결,지표,CV-6,PASS,default metric selection visible,,2026-07-07T21:15:49
와이엠티,00602172,251370,KOSDAQ,분기x별도,재무제표,DS-1,PASS,,,2026-07-07T21:15:56
와이엠티,00602172,251370,KOSDAQ,분기x별도,상단,DS-8,PASS,,,2026-07-07T21:15:56
와이엠티,00602172,251370,KOSDAQ,분기x별도,상단,DS-7,PASS,"badges seen: ['✅', '🔎']",,2026-07-07T21:15:56
와이엠티,00602172,251370,KOSDAQ,분기x별도,재무제표,CV-3,PASS,rows=29 cols=43 slider_extended=True,,2026-07-07T21:15:56
와이엠티,00602172,251370,KOSDAQ,분기x별도,재무제표,DS-2/DS-3,DONE,"cross-check completed for ['매출액', '영업이익']",,2026-07-07T21:15:56
와이엠티,00602172,251370,KOSDAQ,분기x별도,지표,CV-6,PASS,default metric selection visible,,2026-07-07T21:15:56
와이제이링크,01023211,209640,KOSDAQ,연간x연결,재무제표,DS-1,PASS,,,2026-07-07T21:16:10
와이제이링크,01023211,209640,KOSDAQ,연간x연결,상단,DS-8,PASS,,,2026-07-07T21:16:10
와이제이링크,01023211,209640,KOSDAQ,연간x연결,상단,DS-7,PASS,"badges seen: ['✅', '🔎']",,2026-07-07T21:16:10
와이제이링크,01023211,209640,KOSDAQ,연간x연결,재무제표,CV-3,PASS,rows=29 cols=6 slider_extended=True,,2026-07-07T21:16:10
와이제이링크,01023211,209640,KOSDAQ,연간x연결,재무제표,DS-2/DS-3,DONE,"cross-check completed for ['매출액', '영업이익']",,2026-07-07T21:16:10
와이제이링크,01023211,209640,KOSDAQ,연간x연결,지표,CV-6,PASS,default metric selection visible,,2026-07-07T21:16:10
와이제이링크,01023211,209640,KOSDAQ,연간x별도,재무제표,DS-1,PASS,,,2026-07-07T21:16:15
와이제이링크,01023211,209640,KOSDAQ,연간x별도,상단,DS-8,PASS,,,2026-07-07T21:16:15
와이제이링크,01023211,209640,KOSDAQ,연간x별도,상단,DS-7,PASS,"badges seen: ['✅', '🔎']",,2026-07-07T21:16:15
와이제이링크,01023211,209640,KOSDAQ,연간x별도,재무제표,CV-3,PASS,rows=29 cols=6 slider_extended=True,,2026-07-07T21:16:15
와이제이링크,01023211,209640,KOSDAQ,연간x별도,재무제표,DS-2/DS-3,DONE,"cross-check completed for ['매출액', '영업이익']",,2026-07-07T21:16:15
와이제이링크,01023211,209640,KOSDAQ,연간x별도,지표,CV-6,PASS,default metric selection visible,,2026-07-07T21:16:15
와이제이링크,01023211,209640,KOSDAQ,분기x연결,재무제표,DS-1,PASS,,,2026-07-07T21:16:22
와이제이링크,01023211,209640,KOSDAQ,분기x연결,상단,DS-8,PASS,,,2026-07-07T21:16:22
와이제이링크,01023211,209640,KOSDAQ,분기x연결,상단,DS-7,PASS,"badges seen: ['✅', '🔎']",,2026-07-07T21:16:22
와이제이링크,01023211,209640,KOSDAQ,분기x연결,재무제표,CV-3,PASS,rows=29 cols=11 slider_extended=True,,2026-07-07T21:16:22
와이제이링크,01023211,209640,KOSDAQ,분기x연결,재무제표,DS-2/DS-3,DONE,"cross-check completed for ['매출액', '영업이익']",,2026-07-07T21:16:22
와이제이링크,01023211,209640,KOSDAQ,분기x연결,지표,CV-6,PASS,default metric selection visible,,2026-07-07T21:16:22
와이제이링크,01023211,209640,KOSDAQ,분기x별도,재무제표,DS-1,PASS,,,2026-07-07T21:16:29
와이제이링크,01023211,209640,KOSDAQ,분기x별도,상단,DS-8,PASS,,,2026-07-07T21:16:29
와이제이링크,01023211,209640,KOSDAQ,분기x별도,상단,DS-7,PASS,"badges seen: ['✅', '🔎', '⚠']",,2026-07-07T21:16:29
와이제이링크,01023211,209640,KOSDAQ,분기x별도,재무제표,CV-3,PASS,rows=29 cols=11 slider_extended=True,,2026-07-07T21:16:29
와이제이링크,01023211,209640,KOSDAQ,분기x별도,재무제표,DS-2/DS-3,DONE,"cross-check completed for ['매출액', '영업이익']",,2026-07-07T21:16:29
와이제이링크,01023211,209640,KOSDAQ,분기x별도,지표,CV-6,PASS,default metric selection visible,,2026-07-07T21:16:29
와이즈넛,00351427,096250,KOSDAQ,연간x연결,재무제표,DS-1,PASS,,,2026-07-07T21:16:42
와이즈넛,00351427,096250,KOSDAQ,연간x연결,상단,DS-8,PASS,,,2026-07-07T21:16:42
와이즈넛,00351427,096250,KOSDAQ,연간x연결,상단,DS-7,PASS,"badges seen: ['✅', '🔎']",,2026-07-07T21:16:42
와이즈넛,00351427,096250,KOSDAQ,연간x연결,재무제표,CV-3,PASS,rows=29 cols=7 slider_extended=True,,2026-07-07T21:16:42
와이즈넛,00351427,096250,KOSDAQ,연간x연결,재무제표,DS-2/DS-3,DONE,"cross-check completed for ['매출액', '영업이익']",,2026-07-07T21:16:42
와이즈넛,00351427,096250,KOSDAQ,연간x연결,지표,CV-6,PASS,default metric selection visible,,2026-07-07T21:16:42
와이즈넛,00351427,096250,KOSDAQ,연간x별도,재무제표,DS-1,PASS,,,2026-07-07T21:16:48
와이즈넛,00351427,096250,KOSDAQ,연간x별도,상단,DS-8,PASS,,,2026-07-07T21:16:48
와이즈넛,00351427,096250,KOSDAQ,연간x별도,상단,DS-7,PASS,"badges seen: ['✅', '🔎']",,2026-07-07T21:16:48
와이즈넛,00351427,096250,KOSDAQ,연간x별도,재무제표,CV-3,PASS,rows=29 cols=8 slider_extended=True,,2026-07-07T21:16:48
와이즈넛,00351427,096250,KOSDAQ,연간x별도,재무제표,DS-2/DS-3,DONE,"cross-check completed for ['매출액', '영업이익']",,2026-07-07T21:16:48
와이즈넛,00351427,096250,KOSDAQ,연간x별도,지표,CV-6,PASS,default metric selection visible,,2026-07-07T21:16:48
와이즈넛,00351427,096250,KOSDAQ,분기x연결,재무제표,DS-1,PASS,,,2026-07-07T21:16:54
와이즈넛,00351427,096250,KOSDAQ,분기x연결,상단,DS-8,PASS,,,2026-07-07T21:16:54
와이즈넛,00351427,096250,KOSDAQ,분기x연결,상단,DS-7,PASS,"badges seen: ['✅', '🔎', '⚠']",,2026-07-07T21:16:54
와이즈넛,00351427,096250,KOSDAQ,분기x연결,재무제표,CV-3,PASS,rows=29 cols=23 slider_extended=True,,2026-07-07T21:16:54
와이즈넛,00351427,096250,KOSDAQ,분기x연결,재무제표,DS-2/DS-3,DONE,"cross-check completed for ['매출액', '영업이익']",,2026-07-07T21:16:54
와이즈넛,00351427,096250,KOSDAQ,분기x연결,지표,CV-6,PASS,default metric selection visible,,2026-07-07T21:16:54
와이즈넛,00351427,096250,KOSDAQ,분기x별도,재무제표,DS-1,PASS,,,2026-07-07T21:17:01
와이즈넛,00351427,096250,KOSDAQ,분기x별도,상단,DS-8,PASS,,,2026-07-07T21:17:01
와이즈넛,00351427,096250,KOSDAQ,분기x별도,상단,DS-7,PASS,"badges seen: ['✅', '🔎']",,2026-07-07T21:17:01
와이즈넛,00351427,096250,KOSDAQ,분기x별도,재무제표,CV-3,PASS,rows=29 cols=23 slider_extended=True,,2026-07-07T21:17:01
와이즈넛,00351427,096250,KOSDAQ,분기x별도,재무제표,DS-2/DS-3,DONE,"cross-check completed for ['매출액', '영업이익']",,2026-07-07T21:17:01
와이즈넛,00351427,096250,KOSDAQ,분기x별도,지표,CV-6,PASS,default metric selection visible,,2026-07-07T21:17:01
와이즈버즈,01236532,273060,KOSDAQ,연간x연결,재무제표,DS-1,PASS,,,2026-07-07T21:17:14
와이즈버즈,01236532,273060,KOSDAQ,연간x연결,상단,DS-8,PASS,,,2026-07-07T21:17:14
와이즈버즈,01236532,273060,KOSDAQ,연간x연결,상단,DS-7,PASS,"badges seen: ['✅', '🔎', '⚠']",,2026-07-07T21:17:14
와이즈버즈,01236532,273060,KOSDAQ,연간x연결,재무제표,CV-3,PASS,rows=29 cols=7 slider_extended=True,,2026-07-07T21:17:14
와이즈버즈,01236532,273060,KOSDAQ,연간x연결,재무제표,DS-2/DS-3,DONE,"cross-check completed for ['매출액', '영업이익']",,2026-07-07T21:17:14
와이즈버즈,01236532,273060,KOSDAQ,연간x연결,지표,CV-6,PASS,default metric selection visible,,2026-07-07T21:17:14
와이즈버즈,01236532,273060,KOSDAQ,연간x별도,재무제표,DS-1,PASS,,,2026-07-07T21:17:20
와이즈버즈,01236532,273060,KOSDAQ,연간x별도,상단,DS-8,PASS,,,2026-07-07T21:17:20
와이즈버즈,01236532,273060,KOSDAQ,연간x별도,상단,DS-7,PASS,"badges seen: ['✅', '🔎']",,2026-07-07T21:17:20
와이즈버즈,01236532,273060,KOSDAQ,연간x별도,재무제표,CV-3,PASS,rows=29 cols=12 slider_extended=True,,2026-07-07T21:17:20
와이즈버즈,01236532,273060,KOSDAQ,연간x별도,재무제표,DS-2/DS-3,DONE,"cross-check completed for ['매출액', '영업이익']",,2026-07-07T21:17:20
와이즈버즈,01236532,273060,KOSDAQ,연간x별도,지표,CV-6,PASS,default metric selection visible,,2026-07-07T21:17:20
와이즈버즈,01236532,273060,KOSDAQ,분기x연결,재무제표,DS-1,PASS,,,2026-07-07T21:17:26
와이즈버즈,01236532,273060,KOSDAQ,분기x연결,상단,DS-8,PASS,,,2026-07-07T21:17:26
와이즈버즈,01236532,273060,KOSDAQ,분기x연결,상단,DS-7,PASS,"badges seen: ['✅', '🔎', '⚠']",,2026-07-07T21:17:26
와이즈버즈,01236532,273060,KOSDAQ,분기x연결,재무제표,CV-3,PASS,rows=29 cols=17 slider_extended=True,,2026-07-07T21:17:26
와이즈버즈,01236532,273060,KOSDAQ,분기x연결,재무제표,DS-2/DS-3,DONE,"cross-check completed for ['매출액', '영업이익']",,2026-07-07T21:17:26
와이즈버즈,01236532,273060,KOSDAQ,분기x연결,지표,CV-6,PASS,default metric selection visible,,2026-07-07T21:17:26
와이즈버즈,01236532,273060,KOSDAQ,분기x별도,재무제표,DS-1,PASS,,,2026-07-07T21:17:33
와이즈버즈,01236532,273060,KOSDAQ,분기x별도,상단,DS-8,PASS,,,2026-07-07T21:17:33
와이즈버즈,01236532,273060,KOSDAQ,분기x별도,상단,DS-7,PASS,"badges seen: ['✅', '🔎']",,2026-07-07T21:17:33
와이즈버즈,01236532,273060,KOSDAQ,분기x별도,재무제표,CV-3,PASS,rows=29 cols=36 slider_extended=True,,2026-07-07T21:17:33
와이즈버즈,01236532,273060,KOSDAQ,분기x별도,재무제표,DS-2/DS-3,DONE,"cross-check completed for ['매출액', '영업이익']",,2026-07-07T21:17:33
와이즈버즈,01236532,273060,KOSDAQ,분기x별도,지표,CV-6,PASS,default metric selection visible,,2026-07-07T21:17:33
와이지엔터테인먼트,00613318,122870,KOSDAQ,연간x연결,재무제표,DS-1,PASS,,,2026-07-07T21:17:46
와이지엔터테인먼트,00613318,122870,KOSDAQ,연간x연결,상단,DS-8,PASS,,,2026-07-07T21:17:46
와이지엔터테인먼트,00613318,122870,KOSDAQ,연간x연결,상단,DS-7,PASS,"badges seen: ['✅', '🔎', '⚠']",,2026-07-07T21:17:46
와이지엔터테인먼트,00613318,122870,KOSDAQ,연간x연결,재무제표,CV-3,PASS,rows=29 cols=19 slider_extended=True,,2026-07-07T21:17:46
와이지엔터테인먼트,00613318,122870,KOSDAQ,연간x연결,재무제표,DS-2/DS-3,DONE,"cross-check completed for ['매출액', '영업이익']",,2026-07-07T21:17:46
와이지엔터테인먼트,00613318,122870,KOSDAQ,연간x연결,지표,CV-6,PASS,default metric selection visible,,2026-07-07T21:17:46
와이지엔터테인먼트,00613318,122870,KOSDAQ,연간x별도,재무제표,DS-1,PASS,,,2026-07-07T21:17:51
와이지엔터테인먼트,00613318,122870,KOSDAQ,연간x별도,상단,DS-8,PASS,,,2026-07-07T21:17:51
와이지엔터테인먼트,00613318,122870,KOSDAQ,연간x별도,상단,DS-7,PASS,"badges seen: ['✅', '🔎', '⚠']",,2026-07-07T21:17:51
와이지엔터테인먼트,00613318,122870,KOSDAQ,연간x별도,재무제표,CV-3,PASS,rows=29 cols=18 slider_extended=True,,2026-07-07T21:17:51
와이지엔터테인먼트,00613318,122870,KOSDAQ,연간x별도,재무제표,DS-2/DS-3,DONE,"cross-check completed for ['매출액', '영업이익']",,2026-07-07T21:17:51
와이지엔터테인먼트,00613318,122870,KOSDAQ,연간x별도,지표,CV-6,PASS,default metric selection visible,,2026-07-07T21:17:51
와이지엔터테인먼트,00613318,122870,KOSDAQ,분기x연결,재무제표,DS-1,PASS,,,2026-07-07T21:17:57
와이지엔터테인먼트,00613318,122870,KOSDAQ,분기x연결,상단,DS-8,PASS,,,2026-07-07T21:17:57
와이지엔터테인먼트,00613318,122870,KOSDAQ,분기x연결,상단,DS-7,PASS,"badges seen: ['✅', '🔎', '⚠']",,2026-07-07T21:17:57
와이지엔터테인먼트,00613318,122870,KOSDAQ,분기x연결,재무제표,CV-3,PASS,rows=29 cols=63 slider_extended=True,,2026-07-07T21:17:57
와이지엔터테인먼트,00613318,122870,KOSDAQ,분기x연결,재무제표,DS-2/DS-3,DONE,"cross-check completed for ['매출액', '영업이익']",,2026-07-07T21:17:57
와이지엔터테인먼트,00613318,122870,KOSDAQ,분기x연결,지표,CV-6,PASS,default metric selection visible,,2026-07-07T21:17:57
와이지엔터테인먼트,00613318,122870,KOSDAQ,분기x별도,재무제표,DS-1,PASS,,,2026-07-07T21:18:05
와이지엔터테인먼트,00613318,122870,KOSDAQ,분기x별도,상단,DS-8,PASS,,,2026-07-07T21:18:05
와이지엔터테인먼트,00613318,122870,KOSDAQ,분기x별도,상단,DS-7,PASS,"badges seen: ['✅', '🔎']",,2026-07-07T21:18:05
와이지엔터테인먼트,00613318,122870,KOSDAQ,분기x별도,재무제표,CV-3,PASS,rows=29 cols=63 slider_extended=True,,2026-07-07T21:18:05
와이지엔터테인먼트,00613318,122870,KOSDAQ,분기x별도,재무제표,DS-2/DS-3,DONE,"cross-check completed for ['매출액', '영업이익']",,2026-07-07T21:18:05
와이지엔터테인먼트,00613318,122870,KOSDAQ,분기x별도,지표,CV-6,PASS,default metric selection visible,,2026-07-07T21:18:05
와토스코리아,00455875,079000,KOSDAQ,연간x연결,재무제표,DS-1,PASS,,,2026-07-07T21:18:18
와토스코리아,00455875,079000,KOSDAQ,연간x연결,상단,DS-8,PASS,,,2026-07-07T21:18:18
와토스코리아,00455875,079000,KOSDAQ,연간x연결,상단,DS-4,PASS,substitution caption present,,2026-07-07T21:18:18
와토스코리아,00455875,079000,KOSDAQ,연간x연결,상단,DS-7,PASS,"badges seen: ['✅', '🔎']",,2026-07-07T21:18:18
와토스코리아,00455875,079000,KOSDAQ,연간x연결,재무제표,CV-3,PASS,rows=29 cols=25 slider_extended=True,,2026-07-07T21:18:18
와토스코리아,00455875,079000,KOSDAQ,연간x연결,재무제표,DS-2/DS-3,DONE,"cross-check completed for ['매출액', '영업이익']",,2026-07-07T21:18:18
와토스코리아,00455875,079000,KOSDAQ,연간x연결,지표,CV-6,PASS,default metric selection visible,,2026-07-07T21:18:18
와토스코리아,00455875,079000,KOSDAQ,연간x별도,재무제표,DS-1,PASS,,,2026-07-07T21:18:23
와토스코리아,00455875,079000,KOSDAQ,연간x별도,상단,DS-8,PASS,,,2026-07-07T21:18:23
와토스코리아,00455875,079000,KOSDAQ,연간x별도,상단,DS-7,PASS,"badges seen: ['✅', '🔎']",,2026-07-07T21:18:23
와토스코리아,00455875,079000,KOSDAQ,연간x별도,재무제표,CV-3,PASS,rows=29 cols=25 slider_extended=True,,2026-07-07T21:18:23
와토스코리아,00455875,079000,KOSDAQ,연간x별도,재무제표,DS-2/DS-3,DONE,"cross-check completed for ['매출액', '영업이익']",,2026-07-07T21:18:23
와토스코리아,00455875,079000,KOSDAQ,연간x별도,지표,CV-6,PASS,default metric selection visible,,2026-07-07T21:18:23
와토스코리아,00455875,079000,KOSDAQ,분기x연결,재무제표,DS-1,PASS,,,2026-07-07T21:18:30
와토스코리아,00455875,079000,KOSDAQ,분기x연결,상단,DS-8,PASS,,,2026-07-07T21:18:30
와토스코리아,00455875,079000,KOSDAQ,분기x연결,상단,DS-4,PASS,substitution caption present,,2026-07-07T21:18:30
와토스코리아,00455875,079000,KOSDAQ,분기x연결,상단,DS-7,PASS,"badges seen: ['✅', '🔎']",,2026-07-07T21:18:30
와토스코리아,00455875,079000,KOSDAQ,분기x연결,재무제표,CV-3,PASS,rows=29 cols=75 slider_extended=True,,2026-07-07T21:18:30
와토스코리아,00455875,079000,KOSDAQ,분기x연결,재무제표,DS-2/DS-3,DONE,"cross-check completed for ['매출액', '영업이익']",,2026-07-07T21:18:30
와토스코리아,00455875,079000,KOSDAQ,분기x연결,지표,CV-6,PASS,default metric selection visible,,2026-07-07T21:18:30
와토스코리아,00455875,079000,KOSDAQ,분기x별도,재무제표,DS-1,PASS,,,2026-07-07T21:18:37
와토스코리아,00455875,079000,KOSDAQ,분기x별도,상단,DS-8,PASS,,,2026-07-07T21:18:37
와토스코리아,00455875,079000,KOSDAQ,분기x별도,상단,DS-7,PASS,"badges seen: ['✅', '🔎']",,2026-07-07T21:18:37
와토스코리아,00455875,079000,KOSDAQ,분기x별도,재무제표,CV-3,PASS,rows=29 cols=75 slider_extended=True,,2026-07-07T21:18:37
와토스코리아,00455875,079000,KOSDAQ,분기x별도,재무제표,DS-2/DS-3,DONE,"cross-check completed for ['매출액', '영업이익']",,2026-07-07T21:18:37
와토스코리아,00455875,079000,KOSDAQ,분기x별도,지표,CV-6,PASS,default metric selection visible,,2026-07-07T21:18:37
우듬지팜,01299106,403490,KOSDAQ,연간x연결,재무제표,DS-1,PASS,,,2026-07-07T21:18:50
우듬지팜,01299106,403490,KOSDAQ,연간x연결,상단,DS-8,PASS,,,2026-07-07T21:18:50
우듬지팜,01299106,403490,KOSDAQ,연간x연결,상단,DS-7,PASS,"badges seen: ['✅', '🔎']",,2026-07-07T21:18:50
우듬지팜,01299106,403490,KOSDAQ,연간x연결,재무제표,CV-3,PASS,rows=29 cols=7 slider_extended=True,,2026-07-07T21:18:50
우듬지팜,01299106,403490,KOSDAQ,연간x연결,재무제표,DS-2/DS-3,DONE,"cross-check completed for ['매출액', '영업이익']",,2026-07-07T21:18:50
우듬지팜,01299106,403490,KOSDAQ,연간x연결,지표,CV-6,PASS,default metric selection visible,,2026-07-07T21:18:50
우듬지팜,01299106,403490,KOSDAQ,연간x별도,재무제표,DS-1,PASS,,,2026-07-07T21:18:56
우듬지팜,01299106,403490,KOSDAQ,연간x별도,상단,DS-8,PASS,,,2026-07-07T21:18:56
우듬지팜,01299106,403490,KOSDAQ,연간x별도,상단,DS-7,PASS,"badges seen: ['✅', '🔎']",,2026-07-07T21:18:56
우듬지팜,01299106,403490,KOSDAQ,연간x별도,재무제표,CV-3,PASS,rows=29 cols=7 slider_extended=True,,2026-07-07T21:18:56
우듬지팜,01299106,403490,KOSDAQ,연간x별도,재무제표,DS-2/DS-3,DONE,"cross-check completed for ['매출액', '영업이익']",,2026-07-07T21:18:56
우듬지팜,01299106,403490,KOSDAQ,연간x별도,지표,CV-6,PASS,default metric selection visible,,2026-07-07T21:18:56
우듬지팜,01299106,403490,KOSDAQ,분기x연결,재무제표,DS-1,PASS,,,2026-07-07T21:19:02
우듬지팜,01299106,403490,KOSDAQ,분기x연결,상단,DS-8,PASS,,,2026-07-07T21:19:02
우듬지팜,01299106,403490,KOSDAQ,분기x연결,상단,DS-7,PASS,"badges seen: ['✅', '🔎']",,2026-07-07T21:19:02
우듬지팜,01299106,403490,KOSDAQ,분기x연결,재무제표,CV-3,PASS,rows=29 cols=17 slider_extended=True,,2026-07-07T21:19:02
우듬지팜,01299106,403490,KOSDAQ,분기x연결,재무제표,DS-2/DS-3,DONE,"cross-check completed for ['매출액', '영업이익']",,2026-07-07T21:19:02
우듬지팜,01299106,403490,KOSDAQ,분기x연결,지표,CV-6,PASS,default metric selection visible,,2026-07-07T21:19:02
우듬지팜,01299106,403490,KOSDAQ,분기x별도,재무제표,DS-1,PASS,,,2026-07-07T21:19:09
우듬지팜,01299106,403490,KOSDAQ,분기x별도,상단,DS-8,PASS,,,2026-07-07T21:19:09
우듬지팜,01299106,403490,KOSDAQ,분기x별도,상단,DS-7,PASS,"badges seen: ['✅', '🔎']",,2026-07-07T21:19:09
우듬지팜,01299106,403490,KOSDAQ,분기x별도,재무제표,CV-3,PASS,rows=29 cols=17 slider_extended=True,,2026-07-07T21:19:09
우듬지팜,01299106,403490,KOSDAQ,분기x별도,재무제표,DS-2/DS-3,DONE,"cross-check completed for ['매출액', '영업이익']",,2026-07-07T21:19:09
우듬지팜,01299106,403490,KOSDAQ,분기x별도,지표,CV-6,PASS,default metric selection visible,,2026-07-07T21:19:09
우리기술,00231044,032820,KOSDAQ,연간x연결,재무제표,DS-1,PASS,,,2026-07-07T21:19:22
우리기술,00231044,032820,KOSDAQ,연간x연결,상단,DS-8,PASS,,,2026-07-07T21:19:22
우리기술,00231044,032820,KOSDAQ,연간x연결,상단,DS-7,PASS,"badges seen: ['✅', '🔎']",,2026-07-07T21:19:22
우리기술,00231044,032820,KOSDAQ,연간x연결,재무제표,CV-3,PASS,rows=29 cols=19 slider_extended=True,,2026-07-07T21:19:22
우리기술,00231044,032820,KOSDAQ,연간x연결,재무제표,DS-2/DS-3,DONE,"cross-check completed for ['매출액', '영업이익']",,2026-07-07T21:19:22
우리기술,00231044,032820,KOSDAQ,연간x연결,지표,CV-6,PASS,default metric selection visible,,2026-07-07T21:19:22
우리기술,00231044,032820,KOSDAQ,연간x별도,재무제표,DS-1,PASS,,,2026-07-07T21:19:27
우리기술,00231044,032820,KOSDAQ,연간x별도,상단,DS-8,PASS,,,2026-07-07T21:19:27
우리기술,00231044,032820,KOSDAQ,연간x별도,상단,DS-7,PASS,"badges seen: ['✅', '🔎', '⚠']",,2026-07-07T21:19:27
우리기술,00231044,032820,KOSDAQ,연간x별도,재무제표,CV-3,PASS,rows=29 cols=28 slider_extended=True,,2026-07-07T21:19:27
우리기술,00231044,032820,KOSDAQ,연간x별도,재무제표,DS-2/DS-3,DONE,"cross-check completed for ['매출액', '영업이익']",,2026-07-07T21:19:27
우리기술,00231044,032820,KOSDAQ,연간x별도,지표,CV-6,PASS,default metric selection visible,,2026-07-07T21:19:27
우리기술,00231044,032820,KOSDAQ,분기x연결,재무제표,DS-1,PASS,,,2026-07-07T21:19:33
우리기술,00231044,032820,KOSDAQ,분기x연결,상단,DS-8,PASS,,,2026-07-07T21:19:33
우리기술,00231044,032820,KOSDAQ,분기x연결,상단,DS-7,PASS,"badges seen: ['✅', '🔎']",,2026-07-07T21:19:33
우리기술,00231044,032820,KOSDAQ,분기x연결,재무제표,CV-3,PASS,rows=29 cols=60 slider_extended=True,,2026-07-07T21:19:33
우리기술,00231044,032820,KOSDAQ,분기x연결,재무제표,DS-2/DS-3,DONE,"cross-check completed for ['매출액', '영업이익']",,2026-07-07T21:19:33
우리기술,00231044,032820,KOSDAQ,분기x연결,지표,CV-6,PASS,default metric selection visible,,2026-07-07T21:19:33
우리기술,00231044,032820,KOSDAQ,분기x별도,재무제표,DS-1,PASS,,,2026-07-07T21:19:41
우리기술,00231044,032820,KOSDAQ,분기x별도,상단,DS-8,PASS,,,2026-07-07T21:19:41
우리기술,00231044,032820,KOSDAQ,분기x별도,상단,DS-7,PASS,"badges seen: ['✅', '🔎']",,2026-07-07T21:19:41
우리기술,00231044,032820,KOSDAQ,분기x별도,재무제표,CV-3,PASS,rows=29 cols=82 slider_extended=True,,2026-07-07T21:19:41
우리기술,00231044,032820,KOSDAQ,분기x별도,재무제표,DS-2/DS-3,DONE,"cross-check completed for ['매출액', '영업이익']",,2026-07-07T21:19:41
우리기술,00231044,032820,KOSDAQ,분기x별도,지표,CV-6,PASS,default metric selection visible,,2026-07-07T21:19:41
우리기술투자,00231664,041190,KOSDAQ,연간x연결,재무제표,DS-1,PASS,,,2026-07-07T21:19:54
우리기술투자,00231664,041190,KOSDAQ,연간x연결,상단,DS-8,PASS,,,2026-07-07T21:19:54
우리기술투자,00231664,041190,KOSDAQ,연간x연결,상단,DS-7,PASS,"badges seen: ['✅', '🔎', '⚠']",,2026-07-07T21:19:54
우리기술투자,00231664,041190,KOSDAQ,연간x연결,재무제표,CV-3,PASS,rows=29 cols=15 slider_extended=True,,2026-07-07T21:19:54
우리기술투자,00231664,041190,KOSDAQ,연간x연결,재무제표,DS-2/DS-3,DONE,"cross-check completed for ['매출액', '영업이익']",,2026-07-07T21:19:54
우리기술투자,00231664,041190,KOSDAQ,연간x연결,지표,CV-6,PASS,default metric selection visible,,2026-07-07T21:19:54
우리기술투자,00231664,041190,KOSDAQ,연간x별도,재무제표,DS-1,PASS,,,2026-07-07T21:19:59
우리기술투자,00231664,041190,KOSDAQ,연간x별도,상단,DS-8,PASS,,,2026-07-07T21:19:59
우리기술투자,00231664,041190,KOSDAQ,연간x별도,상단,DS-7,PASS,"badges seen: ['✅', '🔎', '⚠']",,2026-07-07T21:19:59
우리기술투자,00231664,041190,KOSDAQ,연간x별도,재무제표,CV-3,PASS,rows=29 cols=22 slider_extended=True,,2026-07-07T21:19:59
우리기술투자,00231664,041190,KOSDAQ,연간x별도,재무제표,DS-2/DS-3,DONE,"cross-check completed for ['매출액', '영업이익']",,2026-07-07T21:19:59
우리기술투자,00231664,041190,KOSDAQ,연간x별도,지표,CV-6,PASS,default metric selection visible,,2026-07-07T21:19:59
우리기술투자,00231664,041190,KOSDAQ,분기x연결,재무제표,DS-1,PASS,,,2026-07-07T21:20:06
우리기술투자,00231664,041190,KOSDAQ,분기x연결,상단,DS-8,PASS,,,2026-07-07T21:20:06
우리기술투자,00231664,041190,KOSDAQ,분기x연결,상단,DS-7,PASS,"badges seen: ['✅', '🔎', '⚠']",,2026-07-07T21:20:06
우리기술투자,00231664,041190,KOSDAQ,분기x연결,재무제표,CV-3,PASS,rows=29 cols=51 slider_extended=True,,2026-07-07T21:20:06
우리기술투자,00231664,041190,KOSDAQ,분기x연결,재무제표,DS-2/DS-3,DONE,"cross-check completed for ['매출액', '영업이익']",,2026-07-07T21:20:06
우리기술투자,00231664,041190,KOSDAQ,분기x연결,지표,CV-6,PASS,default metric selection visible,,2026-07-07T21:20:06
우리기술투자,00231664,041190,KOSDAQ,분기x별도,재무제표,DS-1,PASS,,,2026-07-07T21:20:13
우리기술투자,00231664,041190,KOSDAQ,분기x별도,상단,DS-8,PASS,,,2026-07-07T21:20:13
우리기술투자,00231664,041190,KOSDAQ,분기x별도,상단,DS-7,PASS,"badges seen: ['✅', '🔎', '⚠']",,2026-07-07T21:20:13
우리기술투자,00231664,041190,KOSDAQ,분기x별도,재무제표,CV-3,PASS,rows=29 cols=83 slider_extended=True,,2026-07-07T21:20:13
우리기술투자,00231664,041190,KOSDAQ,분기x별도,재무제표,DS-2/DS-3,DONE,"cross-check completed for ['매출액', '영업이익']",,2026-07-07T21:20:13
우리기술투자,00231664,041190,KOSDAQ,분기x별도,지표,CV-6,PASS,default metric selection visible,,2026-07-07T21:20:13
우리넷,00664048,115440,KOSDAQ,연간x연결,재무제표,DS-1,PASS,,,2026-07-07T21:20:26
우리넷,00664048,115440,KOSDAQ,연간x연결,상단,DS-8,PASS,,,2026-07-07T21:20:26
우리넷,00664048,115440,KOSDAQ,연간x연결,상단,DS-7,PASS,"badges seen: ['✅', '🔎']",,2026-07-07T21:20:26
우리넷,00664048,115440,KOSDAQ,연간x연결,재무제표,CV-3,PASS,rows=29 cols=11 slider_extended=True,,2026-07-07T21:20:26
우리넷,00664048,115440,KOSDAQ,연간x연결,재무제표,DS-2/DS-3,DONE,"cross-check completed for ['매출액', '영업이익']",,2026-07-07T21:20:26
우리넷,00664048,115440,KOSDAQ,연간x연결,지표,CV-6,PASS,default metric selection visible,,2026-07-07T21:20:26
우리넷,00664048,115440,KOSDAQ,연간x별도,재무제표,DS-1,PASS,,,2026-07-07T21:20:31
우리넷,00664048,115440,KOSDAQ,연간x별도,상단,DS-8,PASS,,,2026-07-07T21:20:31
우리넷,00664048,115440,KOSDAQ,연간x별도,상단,DS-7,PASS,"badges seen: ['✅', '🔎']",,2026-07-07T21:20:31
우리넷,00664048,115440,KOSDAQ,연간x별도,재무제표,CV-3,PASS,rows=29 cols=21 slider_extended=True,,2026-07-07T21:20:31
우리넷,00664048,115440,KOSDAQ,연간x별도,재무제표,DS-2/DS-3,DONE,"cross-check completed for ['매출액', '영업이익']",,2026-07-07T21:20:31
우리넷,00664048,115440,KOSDAQ,연간x별도,지표,CV-6,PASS,default metric selection visible,,2026-07-07T21:20:31
우리넷,00664048,115440,KOSDAQ,분기x연결,재무제표,DS-1,PASS,,,2026-07-07T21:20:38
우리넷,00664048,115440,KOSDAQ,분기x연결,상단,DS-8,PASS,,,2026-07-07T21:20:38
우리넷,00664048,115440,KOSDAQ,분기x연결,상단,DS-7,PASS,"badges seen: ['✅', '🔎']",,2026-07-07T21:20:38
우리넷,00664048,115440,KOSDAQ,분기x연결,재무제표,CV-3,PASS,rows=29 cols=33 slider_extended=True,,2026-07-07T21:20:38
우리넷,00664048,115440,KOSDAQ,분기x연결,재무제표,DS-2/DS-3,DONE,"cross-check completed for ['매출액', '영업이익']",,2026-07-07T21:20:38
우리넷,00664048,115440,KOSDAQ,분기x연결,지표,CV-6,PASS,default metric selection visible,,2026-07-07T21:20:38
우리넷,00664048,115440,KOSDAQ,분기x별도,재무제표,DS-1,PASS,,,2026-07-07T21:20:45
우리넷,00664048,115440,KOSDAQ,분기x별도,상단,DS-8,PASS,,,2026-07-07T21:20:45
우리넷,00664048,115440,KOSDAQ,분기x별도,상단,DS-7,PASS,"badges seen: ['✅', '🔎']",,2026-07-07T21:20:45
우리넷,00664048,115440,KOSDAQ,분기x별도,재무제표,CV-3,PASS,rows=29 cols=69 slider_extended=True,,2026-07-07T21:20:45
우리넷,00664048,115440,KOSDAQ,분기x별도,재무제표,DS-2/DS-3,DONE,"cross-check completed for ['매출액', '영업이익']",,2026-07-07T21:20:45
우리넷,00664048,115440,KOSDAQ,분기x별도,지표,CV-6,PASS,default metric selection visible,,2026-07-07T21:20:45
우리로,00296005,046970,KOSDAQ,연간x연결,재무제표,DS-1,PASS,,,2026-07-07T21:20:58
우리로,00296005,046970,KOSDAQ,연간x연결,상단,DS-8,PASS,,,2026-07-07T21:20:58
우리로,00296005,046970,KOSDAQ,연간x연결,상단,DS-7,PASS,"badges seen: ['✅', '🔎']",,2026-07-07T21:20:58
우리로,00296005,046970,KOSDAQ,연간x연결,재무제표,CV-3,PASS,rows=29 cols=15 slider_extended=True,,2026-07-07T21:20:58
우리로,00296005,046970,KOSDAQ,연간x연결,재무제표,DS-2/DS-3,DONE,"cross-check completed for ['매출액', '영업이익']",,2026-07-07T21:20:58
우리로,00296005,046970,KOSDAQ,연간x연결,지표,CV-6,PASS,default metric selection visible,,2026-07-07T21:20:58
우리로,00296005,046970,KOSDAQ,연간x별도,재무제표,DS-1,PASS,,,2026-07-07T21:21:03
우리로,00296005,046970,KOSDAQ,연간x별도,상단,DS-8,PASS,,,2026-07-07T21:21:03
우리로,00296005,046970,KOSDAQ,연간x별도,상단,DS-7,PASS,"badges seen: ['✅', '🔎']",,2026-07-07T21:21:03
우리로,00296005,046970,KOSDAQ,연간x별도,재무제표,CV-3,PASS,rows=29 cols=18 slider_extended=True,,2026-07-07T21:21:03
우리로,00296005,046970,KOSDAQ,연간x별도,재무제표,DS-2/DS-3,DONE,"cross-check completed for ['매출액', '영업이익']",,2026-07-07T21:21:03
우리로,00296005,046970,KOSDAQ,연간x별도,지표,CV-6,PASS,default metric selection visible,,2026-07-07T21:21:03
우리로,00296005,046970,KOSDAQ,분기x연결,재무제표,DS-1,PASS,,,2026-07-07T21:21:09
우리로,00296005,046970,KOSDAQ,분기x연결,상단,DS-8,PASS,,,2026-07-07T21:21:09
우리로,00296005,046970,KOSDAQ,분기x연결,상단,DS-7,PASS,"badges seen: ['✅', '🔎']",,2026-07-07T21:21:09
우리로,00296005,046970,KOSDAQ,분기x연결,재무제표,CV-3,PASS,rows=29 cols=54 slider_extended=True,,2026-07-07T21:21:09
우리로,00296005,046970,KOSDAQ,분기x연결,재무제표,DS-2/DS-3,DONE,"cross-check completed for ['매출액', '영업이익']",,2026-07-07T21:21:09
우리로,00296005,046970,KOSDAQ,분기x연결,지표,CV-6,PASS,default metric selection visible,,2026-07-07T21:21:09
우리로,00296005,046970,KOSDAQ,분기x별도,재무제표,DS-1,PASS,,,2026-07-07T21:21:17
우리로,00296005,046970,KOSDAQ,분기x별도,상단,DS-8,PASS,,,2026-07-07T21:21:17
우리로,00296005,046970,KOSDAQ,분기x별도,상단,DS-7,PASS,"badges seen: ['✅', '🔎']",,2026-07-07T21:21:17
우리로,00296005,046970,KOSDAQ,분기x별도,재무제표,CV-3,PASS,rows=29 cols=60 slider_extended=True,,2026-07-07T21:21:17
우리로,00296005,046970,KOSDAQ,분기x별도,재무제표,DS-2/DS-3,DONE,"cross-check completed for ['매출액', '영업이익']",,2026-07-07T21:21:17
우리로,00296005,046970,KOSDAQ,분기x별도,지표,CV-6,PASS,default metric selection visible,,2026-07-07T21:21:17
우리바이오,00369107,082850,KOSDAQ,연간x연결,재무제표,DS-1,PASS,,,2026-07-07T21:21:30
우리바이오,00369107,082850,KOSDAQ,연간x연결,상단,DS-8,PASS,,,2026-07-07T21:21:30
우리바이오,00369107,082850,KOSDAQ,연간x연결,상단,DS-7,PASS,"badges seen: ['✅', '🔎']",,2026-07-07T21:21:30
우리바이오,00369107,082850,KOSDAQ,연간x연결,재무제표,CV-3,PASS,rows=29 cols=19 slider_extended=True,,2026-07-07T21:21:30
우리바이오,00369107,082850,KOSDAQ,연간x연결,재무제표,DS-2/DS-3,DONE,"cross-check completed for ['매출액', '영업이익']",,2026-07-07T21:21:30
우리바이오,00369107,082850,KOSDAQ,연간x연결,지표,CV-6,PASS,default metric selection visible,,2026-07-07T21:21:30
우리바이오,00369107,082850,KOSDAQ,연간x별도,재무제표,DS-1,PASS,,,2026-07-07T21:21:35
우리바이오,00369107,082850,KOSDAQ,연간x별도,상단,DS-8,PASS,,,2026-07-07T21:21:35
우리바이오,00369107,082850,KOSDAQ,연간x별도,상단,DS-7,PASS,"badges seen: ['✅', '🔎']",,2026-07-07T21:21:35
우리바이오,00369107,082850,KOSDAQ,연간x별도,재무제표,CV-3,PASS,rows=29 cols=25 slider_extended=True,,2026-07-07T21:21:35
우리바이오,00369107,082850,KOSDAQ,연간x별도,재무제표,DS-2/DS-3,DONE,"cross-check completed for ['매출액', '영업이익']",,2026-07-07T21:21:35
우리바이오,00369107,082850,KOSDAQ,연간x별도,지표,CV-6,PASS,default metric selection visible,,2026-07-07T21:21:35
우리바이오,00369107,082850,KOSDAQ,분기x연결,재무제표,DS-1,PASS,,,2026-07-07T21:21:41
우리바이오,00369107,082850,KOSDAQ,분기x연결,상단,DS-8,PASS,,,2026-07-07T21:21:41
우리바이오,00369107,082850,KOSDAQ,분기x연결,상단,DS-7,PASS,"badges seen: ['✅', '🔎']",,2026-07-07T21:21:41
우리바이오,00369107,082850,KOSDAQ,분기x연결,재무제표,CV-3,PASS,rows=29 cols=63 slider_extended=True,,2026-07-07T21:21:41
우리바이오,00369107,082850,KOSDAQ,분기x연결,재무제표,DS-2/DS-3,DONE,"cross-check completed for ['매출액', '영업이익']",,2026-07-07T21:21:41
우리바이오,00369107,082850,KOSDAQ,분기x연결,지표,CV-6,PASS,default metric selection visible,,2026-07-07T21:21:41
우리바이오,00369107,082850,KOSDAQ,분기x별도,재무제표,DS-1,PASS,,,2026-07-07T21:21:49
우리바이오,00369107,082850,KOSDAQ,분기x별도,상단,DS-8,PASS,,,2026-07-07T21:21:49
우리바이오,00369107,082850,KOSDAQ,분기x별도,상단,DS-7,PASS,"badges seen: ['✅', '🔎']",,2026-07-07T21:21:49
우리바이오,00369107,082850,KOSDAQ,분기x별도,재무제표,CV-3,PASS,rows=29 cols=81 slider_extended=True,,2026-07-07T21:21:49
우리바이오,00369107,082850,KOSDAQ,분기x별도,재무제표,DS-2/DS-3,DONE,"cross-check completed for ['매출액', '영업이익']",,2026-07-07T21:21:49
우리바이오,00369107,082850,KOSDAQ,분기x별도,지표,CV-6,PASS,default metric selection visible,,2026-07-07T21:21:49
우리산업,01077577,215360,KOSDAQ,연간x연결,재무제표,DS-1,PASS,,,2026-07-07T21:22:02
우리산업,01077577,215360,KOSDAQ,연간x연결,상단,DS-8,PASS,,,2026-07-07T21:22:02
우리산업,01077577,215360,KOSDAQ,연간x연결,상단,DS-7,PASS,"badges seen: ['✅', '🔎']",,2026-07-07T21:22:02
우리산업,01077577,215360,KOSDAQ,연간x연결,재무제표,CV-3,PASS,rows=29 cols=13 slider_extended=True,,2026-07-07T21:22:02
우리산업,01077577,215360,KOSDAQ,연간x연결,재무제표,DS-2/DS-3,DONE,"cross-check completed for ['매출액', '영업이익']",,2026-07-07T21:22:02
우리산업,01077577,215360,KOSDAQ,연간x연결,지표,CV-6,PASS,default metric selection visible,,2026-07-07T21:22:02
우리산업,01077577,215360,KOSDAQ,연간x별도,재무제표,DS-1,PASS,,,2026-07-07T21:22:07
우리산업,01077577,215360,KOSDAQ,연간x별도,상단,DS-8,PASS,,,2026-07-07T21:22:07
우리산업,01077577,215360,KOSDAQ,연간x별도,상단,DS-7,PASS,"badges seen: ['✅', '🔎']",,2026-07-07T21:22:07
우리산업,01077577,215360,KOSDAQ,연간x별도,재무제표,CV-3,PASS,rows=29 cols=13 slider_extended=True,,2026-07-07T21:22:07
우리산업,01077577,215360,KOSDAQ,연간x별도,재무제표,DS-2/DS-3,DONE,"cross-check completed for ['매출액', '영업이익']",,2026-07-07T21:22:07
우리산업,01077577,215360,KOSDAQ,연간x별도,지표,CV-6,PASS,default metric selection visible,,2026-07-07T21:22:07
우리산업,01077577,215360,KOSDAQ,분기x연결,재무제표,DS-1,PASS,,,2026-07-07T21:22:13
우리산업,01077577,215360,KOSDAQ,분기x연결,상단,DS-8,PASS,,,2026-07-07T21:22:13
우리산업,01077577,215360,KOSDAQ,분기x연결,상단,DS-7,PASS,"badges seen: ['✅', '🔎']",,2026-07-07T21:22:13
우리산업,01077577,215360,KOSDAQ,분기x연결,재무제표,CV-3,PASS,rows=29 cols=48 slider_extended=True,,2026-07-07T21:22:13
우리산업,01077577,215360,KOSDAQ,분기x연결,재무제표,DS-2/DS-3,DONE,"cross-check completed for ['매출액', '영업이익']",,2026-07-07T21:22:13
우리산업,01077577,215360,KOSDAQ,분기x연결,지표,CV-6,PASS,default metric selection visible,,2026-07-07T21:22:13
우리산업,01077577,215360,KOSDAQ,분기x별도,재무제표,DS-1,PASS,,,2026-07-07T21:22:21
우리산업,01077577,215360,KOSDAQ,분기x별도,상단,DS-8,PASS,,,2026-07-07T21:22:21
우리산업,01077577,215360,KOSDAQ,분기x별도,상단,DS-7,PASS,"badges seen: ['✅', '🔎']",,2026-07-07T21:22:21
우리산업,01077577,215360,KOSDAQ,분기x별도,재무제표,CV-3,PASS,rows=29 cols=48 slider_extended=True,,2026-07-07T21:22:21
우리산업,01077577,215360,KOSDAQ,분기x별도,재무제표,DS-2/DS-3,DONE,"cross-check completed for ['매출액', '영업이익']",,2026-07-07T21:22:21
우리산업,01077577,215360,KOSDAQ,분기x별도,지표,CV-6,PASS,default metric selection visible,,2026-07-07T21:22:21
우리산업홀딩스,00359623,072470,KOSDAQ,연간x연결,재무제표,DS-1,PASS,,,2026-07-07T21:22:34
우리산업홀딩스,00359623,072470,KOSDAQ,연간x연결,상단,DS-8,PASS,,,2026-07-07T21:22:34
우리산업홀딩스,00359623,072470,KOSDAQ,연간x연결,상단,DS-7,PASS,"badges seen: ['✅', '🔎', '⚠']",,2026-07-07T21:22:34
우리산업홀딩스,00359623,072470,KOSDAQ,연간x연결,재무제표,CV-3,PASS,rows=29 cols=18 slider_extended=True,,2026-07-07T21:22:34
우리산업홀딩스,00359623,072470,KOSDAQ,연간x연결,재무제표,DS-2/DS-3,DONE,"cross-check completed for ['매출액', '영업이익']",,2026-07-07T21:22:34
우리산업홀딩스,00359623,072470,KOSDAQ,연간x연결,지표,CV-6,PASS,default metric selection visible,,2026-07-07T21:22:34
우리산업홀딩스,00359623,072470,KOSDAQ,연간x별도,재무제표,DS-1,PASS,,,2026-07-07T21:22:40
우리산업홀딩스,00359623,072470,KOSDAQ,연간x별도,상단,DS-8,PASS,,,2026-07-07T21:22:40
우리산업홀딩스,00359623,072470,KOSDAQ,연간x별도,상단,DS-7,PASS,"badges seen: ['✅', '🔎', '⚠']",,2026-07-07T21:22:40
우리산업홀딩스,00359623,072470,KOSDAQ,연간x별도,재무제표,CV-3,PASS,rows=29 cols=27 slider_extended=True,,2026-07-07T21:22:40
우리산업홀딩스,00359623,072470,KOSDAQ,연간x별도,재무제표,DS-2/DS-3,DONE,"cross-check completed for ['매출액', '영업이익']",,2026-07-07T21:22:40
우리산업홀딩스,00359623,072470,KOSDAQ,연간x별도,지표,CV-6,PASS,default metric selection visible,,2026-07-07T21:22:40
우리산업홀딩스,00359623,072470,KOSDAQ,분기x연결,재무제표,DS-1,PASS,,,2026-07-07T21:22:46
우리산업홀딩스,00359623,072470,KOSDAQ,분기x연결,상단,DS-8,PASS,,,2026-07-07T21:22:46
우리산업홀딩스,00359623,072470,KOSDAQ,분기x연결,상단,DS-7,PASS,"badges seen: ['✅', '🔎']",,2026-07-07T21:22:46
우리산업홀딩스,00359623,072470,KOSDAQ,분기x연결,재무제표,CV-3,PASS,rows=29 cols=60 slider_extended=True,,2026-07-07T21:22:46
우리산업홀딩스,00359623,072470,KOSDAQ,분기x연결,재무제표,DS-2/DS-3,DONE,"cross-check completed for ['매출액', '영업이익']",,2026-07-07T21:22:46
우리산업홀딩스,00359623,072470,KOSDAQ,분기x연결,지표,CV-6,PASS,default metric selection visible,,2026-07-07T21:22:46
우리산업홀딩스,00359623,072470,KOSDAQ,분기x별도,재무제표,DS-1,PASS,,,2026-07-07T21:22:53
우리산업홀딩스,00359623,072470,KOSDAQ,분기x별도,상단,DS-8,PASS,,,2026-07-07T21:22:53
우리산업홀딩스,00359623,072470,KOSDAQ,분기x별도,상단,DS-7,PASS,"badges seen: ['✅', '🔎', '⚠']",,2026-07-07T21:22:53
우리산업홀딩스,00359623,072470,KOSDAQ,분기x별도,재무제표,CV-3,PASS,rows=29 cols=76 slider_extended=True,,2026-07-07T21:22:53
우리산업홀딩스,00359623,072470,KOSDAQ,분기x별도,재무제표,DS-2/DS-3,DONE,"cross-check completed for ['매출액', '영업이익']",,2026-07-07T21:22:53
우리산업홀딩스,00359623,072470,KOSDAQ,분기x별도,지표,CV-6,PASS,default metric selection visible,,2026-07-07T21:22:53
우리손에프앤지,00413417,073560,KOSDAQ,연간x연결,재무제표,DS-1,PASS,,,2026-07-07T21:23:07
우리손에프앤지,00413417,073560,KOSDAQ,연간x연결,상단,DS-8,PASS,,,2026-07-07T21:23:07
우리손에프앤지,00413417,073560,KOSDAQ,연간x연결,상단,DS-7,PASS,"badges seen: ['✅', '🔎', '⚠']",,2026-07-07T21:23:07
우리손에프앤지,00413417,073560,KOSDAQ,연간x연결,재무제표,CV-3,PASS,rows=29 cols=14 slider_extended=True,,2026-07-07T21:23:07
우리손에프앤지,00413417,073560,KOSDAQ,연간x연결,재무제표,DS-2/DS-3,DONE,"cross-check completed for ['매출액', '영업이익']",,2026-07-07T21:23:07
우리손에프앤지,00413417,073560,KOSDAQ,연간x연결,지표,CV-6,PASS,default metric selection visible,,2026-07-07T21:23:07
우리손에프앤지,00413417,073560,KOSDAQ,연간x별도,재무제표,DS-1,PASS,,,2026-07-07T21:23:12
우리손에프앤지,00413417,073560,KOSDAQ,연간x별도,상단,DS-8,PASS,,,2026-07-07T21:23:12
우리손에프앤지,00413417,073560,KOSDAQ,연간x별도,상단,DS-7,PASS,"badges seen: ['✅', '🔎']",,2026-07-07T21:23:12
우리손에프앤지,00413417,073560,KOSDAQ,연간x별도,재무제표,CV-3,PASS,rows=29 cols=14 slider_extended=True,,2026-07-07T21:23:12
우리손에프앤지,00413417,073560,KOSDAQ,연간x별도,재무제표,DS-2/DS-3,DONE,"cross-check completed for ['매출액', '영업이익']",,2026-07-07T21:23:12
우리손에프앤지,00413417,073560,KOSDAQ,연간x별도,지표,CV-6,PASS,default metric selection visible,,2026-07-07T21:23:12
우리손에프앤지,00413417,073560,KOSDAQ,분기x연결,재무제표,DS-1,PASS,,,2026-07-07T21:23:18
우리손에프앤지,00413417,073560,KOSDAQ,분기x연결,상단,DS-8,PASS,,,2026-07-07T21:23:18
우리손에프앤지,00413417,073560,KOSDAQ,분기x연결,상단,DS-7,PASS,"badges seen: ['✅', '🔎']",,2026-07-07T21:23:18
우리손에프앤지,00413417,073560,KOSDAQ,분기x연결,재무제표,CV-3,PASS,rows=29 cols=46 slider_extended=True,,2026-07-07T21:23:18
우리손에프앤지,00413417,073560,KOSDAQ,분기x연결,재무제표,DS-2/DS-3,DONE,"cross-check completed for ['매출액', '영업이익']",,2026-07-07T21:23:18
우리손에프앤지,00413417,073560,KOSDAQ,분기x연결,지표,CV-6,PASS,default metric selection visible,,2026-07-07T21:23:18
우리손에프앤지,00413417,073560,KOSDAQ,분기x별도,재무제표,DS-1,PASS,,,2026-07-07T21:23:25
우리손에프앤지,00413417,073560,KOSDAQ,분기x별도,상단,DS-8,PASS,,,2026-07-07T21:23:25
우리손에프앤지,00413417,073560,KOSDAQ,분기x별도,상단,DS-7,PASS,"badges seen: ['✅', '🔎']",,2026-07-07T21:23:25
우리손에프앤지,00413417,073560,KOSDAQ,분기x별도,재무제표,CV-3,PASS,rows=29 cols=14 slider_extended=True,,2026-07-07T21:23:25
우리손에프앤지,00413417,073560,KOSDAQ,분기x별도,재무제표,DS-2/DS-3,DONE,"cross-check completed for ['매출액', '영업이익']",,2026-07-07T21:23:25
우리손에프앤지,00413417,073560,KOSDAQ,분기x별도,지표,CV-6,PASS,default metric selection visible,,2026-07-07T21:23:25
우리엔터프라이즈,00155692,037400,KOSDAQ,연간x연결,재무제표,DS-1,PASS,,,2026-07-07T21:23:38
우리엔터프라이즈,00155692,037400,KOSDAQ,연간x연결,상단,DS-8,PASS,,,2026-07-07T21:23:38
우리엔터프라이즈,00155692,037400,KOSDAQ,연간x연결,상단,DS-7,PASS,"badges seen: ['✅', '🔎']",,2026-07-07T21:23:38
우리엔터프라이즈,00155692,037400,KOSDAQ,연간x연결,재무제표,CV-3,PASS,rows=29 cols=19 slider_extended=True,,2026-07-07T21:23:38
우리엔터프라이즈,00155692,037400,KOSDAQ,연간x연결,재무제표,DS-2/DS-3,DONE,"cross-check completed for ['매출액', '영업이익']",,2026-07-07T21:23:38
우리엔터프라이즈,00155692,037400,KOSDAQ,연간x연결,지표,CV-6,PASS,default metric selection visible,,2026-07-07T21:23:38
우리엔터프라이즈,00155692,037400,KOSDAQ,연간x별도,재무제표,DS-1,PASS,,,2026-07-07T21:23:44
우리엔터프라이즈,00155692,037400,KOSDAQ,연간x별도,상단,DS-8,PASS,,,2026-07-07T21:23:44
우리엔터프라이즈,00155692,037400,KOSDAQ,연간x별도,상단,DS-7,PASS,"badges seen: ['✅', '🔎']",,2026-07-07T21:23:44
우리엔터프라이즈,00155692,037400,KOSDAQ,연간x별도,재무제표,CV-3,PASS,rows=29 cols=25 slider_extended=True,,2026-07-07T21:23:44
우리엔터프라이즈,00155692,037400,KOSDAQ,연간x별도,재무제표,DS-2/DS-3,DONE,"cross-check completed for ['매출액', '영업이익']",,2026-07-07T21:23:44
우리엔터프라이즈,00155692,037400,KOSDAQ,연간x별도,지표,CV-6,PASS,default metric selection visible,,2026-07-07T21:23:44
우리엔터프라이즈,00155692,037400,KOSDAQ,분기x연결,재무제표,DS-1,PASS,,,2026-07-07T21:23:50
우리엔터프라이즈,00155692,037400,KOSDAQ,분기x연결,상단,DS-8,PASS,,,2026-07-07T21:23:50
우리엔터프라이즈,00155692,037400,KOSDAQ,분기x연결,상단,DS-7,PASS,"badges seen: ['✅', '🔎']",,2026-07-07T21:23:50
우리엔터프라이즈,00155692,037400,KOSDAQ,분기x연결,재무제표,CV-3,PASS,rows=29 cols=67 slider_extended=True,,2026-07-07T21:23:50
우리엔터프라이즈,00155692,037400,KOSDAQ,분기x연결,재무제표,DS-2/DS-3,DONE,"cross-check completed for ['매출액', '영업이익']",,2026-07-07T21:23:50
우리엔터프라이즈,00155692,037400,KOSDAQ,분기x연결,지표,CV-6,PASS,default metric selection visible,,2026-07-07T21:23:50
우리엔터프라이즈,00155692,037400,KOSDAQ,분기x별도,재무제표,DS-1,PASS,,,2026-07-07T21:23:57
우리엔터프라이즈,00155692,037400,KOSDAQ,분기x별도,상단,DS-8,PASS,,,2026-07-07T21:23:57
우리엔터프라이즈,00155692,037400,KOSDAQ,분기x별도,상단,DS-7,PASS,"badges seen: ['✅', '🔎']",,2026-07-07T21:23:57
우리엔터프라이즈,00155692,037400,KOSDAQ,분기x별도,재무제표,CV-3,PASS,rows=29 cols=84 slider_extended=True,,2026-07-07T21:23:57
우리엔터프라이즈,00155692,037400,KOSDAQ,분기x별도,재무제표,DS-2/DS-3,DONE,"cross-check completed for ['매출액', '영업이익']",,2026-07-07T21:23:57
우리엔터프라이즈,00155692,037400,KOSDAQ,분기x별도,지표,CV-6,PASS,default metric selection visible,,2026-07-07T21:23:57
우리이앤엘하루틴,00815095,153490,KOSDAQ,연간x연결,재무제표,DS-1,PASS,,,2026-07-07T21:24:11
우리이앤엘하루틴,00815095,153490,KOSDAQ,연간x연결,상단,DS-8,PASS,,,2026-07-07T21:24:11
우리이앤엘하루틴,00815095,153490,KOSDAQ,연간x연결,상단,DS-7,PASS,"badges seen: ['✅', '🔎', '⚠']",,2026-07-07T21:24:11
우리이앤엘하루틴,00815095,153490,KOSDAQ,연간x연결,재무제표,CV-3,PASS,rows=29 cols=18 slider_extended=True,,2026-07-07T21:24:11
우리이앤엘하루틴,00815095,153490,KOSDAQ,연간x연결,재무제표,DS-2/DS-3,DONE,"cross-check completed for ['매출액', '영업이익']",,2026-07-07T21:24:11
우리이앤엘하루틴,00815095,153490,KOSDAQ,연간x연결,지표,CV-6,PASS,default metric selection visible,,2026-07-07T21:24:11
우리이앤엘하루틴,00815095,153490,KOSDAQ,연간x별도,재무제표,DS-1,PASS,,,2026-07-07T21:24:16
우리이앤엘하루틴,00815095,153490,KOSDAQ,연간x별도,상단,DS-8,PASS,,,2026-07-07T21:24:16
우리이앤엘하루틴,00815095,153490,KOSDAQ,연간x별도,상단,DS-7,PASS,"badges seen: ['✅', '🔎', '⚠']",,2026-07-07T21:24:16
우리이앤엘하루틴,00815095,153490,KOSDAQ,연간x별도,재무제표,CV-3,PASS,rows=29 cols=18 slider_extended=True,,2026-07-07T21:24:16
우리이앤엘하루틴,00815095,153490,KOSDAQ,연간x별도,재무제표,DS-2/DS-3,DONE,"cross-check completed for ['매출액', '영업이익']",,2026-07-07T21:24:16
우리이앤엘하루틴,00815095,153490,KOSDAQ,연간x별도,지표,CV-6,PASS,default metric selection visible,,2026-07-07T21:24:16
우리이앤엘하루틴,00815095,153490,KOSDAQ,분기x연결,재무제표,DS-1,PASS,,,2026-07-07T21:24:22
우리이앤엘하루틴,00815095,153490,KOSDAQ,분기x연결,상단,DS-8,PASS,,,2026-07-07T21:24:22
우리이앤엘하루틴,00815095,153490,KOSDAQ,분기x연결,상단,DS-7,PASS,"badges seen: ['✅', '🔎']",,2026-07-07T21:24:22
우리이앤엘하루틴,00815095,153490,KOSDAQ,분기x연결,재무제표,CV-3,PASS,rows=29 cols=60 slider_extended=True,,2026-07-07T21:24:22
우리이앤엘하루틴,00815095,153490,KOSDAQ,분기x연결,재무제표,DS-2/DS-3,DONE,"cross-check completed for ['매출액', '영업이익']",,2026-07-07T21:24:22
우리이앤엘하루틴,00815095,153490,KOSDAQ,분기x연결,지표,CV-6,PASS,default metric selection visible,,2026-07-07T21:24:22
우리이앤엘하루틴,00815095,153490,KOSDAQ,분기x별도,재무제표,DS-1,PASS,,,2026-07-07T21:24:29
우리이앤엘하루틴,00815095,153490,KOSDAQ,분기x별도,상단,DS-8,PASS,,,2026-07-07T21:24:29
우리이앤엘하루틴,00815095,153490,KOSDAQ,분기x별도,상단,DS-7,PASS,"badges seen: ['✅', '🔎']",,2026-07-07T21:24:29
우리이앤엘하루틴,00815095,153490,KOSDAQ,분기x별도,재무제표,CV-3,PASS,rows=29 cols=60 slider_extended=True,,2026-07-07T21:24:29
우리이앤엘하루틴,00815095,153490,KOSDAQ,분기x별도,재무제표,DS-2/DS-3,DONE,"cross-check completed for ['매출액', '영업이익']",,2026-07-07T21:24:29
우리이앤엘하루틴,00815095,153490,KOSDAQ,분기x별도,지표,CV-6,PASS,default metric selection visible,,2026-07-07T21:24:29
우림피티에스,00567222,101170,KOSDAQ,연간x연결,재무제표,DS-1,PASS,,,2026-07-07T21:24:43
우림피티에스,00567222,101170,KOSDAQ,연간x연결,상단,DS-8,PASS,,,2026-07-07T21:24:43
우림피티에스,00567222,101170,KOSDAQ,연간x연결,상단,DS-7,PASS,"badges seen: ['✅', '🔎']",,2026-07-07T21:24:43
우림피티에스,00567222,101170,KOSDAQ,연간x연결,재무제표,CV-3,PASS,rows=29 cols=15 slider_extended=True,,2026-07-07T21:24:43
우림피티에스,00567222,101170,KOSDAQ,연간x연결,재무제표,DS-2/DS-3,DONE,"cross-check completed for ['매출액', '영업이익']",,2026-07-07T21:24:43
우림피티에스,00567222,101170,KOSDAQ,연간x연결,지표,CV-6,PASS,default metric selection visible,,2026-07-07T21:24:43
우림피티에스,00567222,101170,KOSDAQ,연간x별도,재무제표,DS-1,PASS,,,2026-07-07T21:24:48
우림피티에스,00567222,101170,KOSDAQ,연간x별도,상단,DS-8,PASS,,,2026-07-07T21:24:48
우림피티에스,00567222,101170,KOSDAQ,연간x별도,상단,DS-7,PASS,"badges seen: ['✅', '🔎']",,2026-07-07T21:24:48
우림피티에스,00567222,101170,KOSDAQ,연간x별도,재무제표,CV-3,PASS,rows=29 cols=21 slider_extended=True,,2026-07-07T21:24:48
우림피티에스,00567222,101170,KOSDAQ,연간x별도,재무제표,DS-2/DS-3,DONE,"cross-check completed for ['매출액', '영업이익']",,2026-07-07T21:24:48
우림피티에스,00567222,101170,KOSDAQ,연간x별도,지표,CV-6,PASS,default metric selection visible,,2026-07-07T21:24:48
우림피티에스,00567222,101170,KOSDAQ,분기x연결,재무제표,DS-1,PASS,,,2026-07-07T21:24:54
우림피티에스,00567222,101170,KOSDAQ,분기x연결,상단,DS-8,PASS,,,2026-07-07T21:24:54
우림피티에스,00567222,101170,KOSDAQ,분기x연결,상단,DS-7,PASS,"badges seen: ['✅', '🔎']",,2026-07-07T21:24:54
우림피티에스,00567222,101170,KOSDAQ,분기x연결,재무제표,CV-3,PASS,rows=29 cols=44 slider_extended=True,,2026-07-07T21:24:54
우림피티에스,00567222,101170,KOSDAQ,분기x연결,재무제표,DS-2/DS-3,DONE,"cross-check completed for ['매출액', '영업이익']",,2026-07-07T21:24:54
우림피티에스,00567222,101170,KOSDAQ,분기x연결,지표,CV-6,PASS,default metric selection visible,,2026-07-07T21:24:54
우림피티에스,00567222,101170,KOSDAQ,분기x별도,재무제표,DS-1,PASS,,,2026-07-07T21:25:01
우림피티에스,00567222,101170,KOSDAQ,분기x별도,상단,DS-8,PASS,,,2026-07-07T21:25:01
우림피티에스,00567222,101170,KOSDAQ,분기x별도,상단,DS-7,PASS,"badges seen: ['✅', '🔎']",,2026-07-07T21:25:01
우림피티에스,00567222,101170,KOSDAQ,분기x별도,재무제표,CV-3,PASS,rows=29 cols=72 slider_extended=True,,2026-07-07T21:25:01
우림피티에스,00567222,101170,KOSDAQ,분기x별도,재무제표,DS-2/DS-3,DONE,"cross-check completed for ['매출액', '영업이익']",,2026-07-07T21:25:01
우림피티에스,00567222,101170,KOSDAQ,분기x별도,지표,CV-6,PASS,default metric selection visible,,2026-07-07T21:25:01
우양,00486875,103840,KOSDAQ,연간x연결,재무제표,DS-1,PASS,,,2026-07-07T21:25:15
우양,00486875,103840,KOSDAQ,연간x연결,상단,DS-8,PASS,,,2026-07-07T21:25:15
우양,00486875,103840,KOSDAQ,연간x연결,상단,DS-4,PASS,substitution caption present,,2026-07-07T21:25:15
우양,00486875,103840,KOSDAQ,연간x연결,상단,DS-7,PASS,"badges seen: ['✅', '🔎', '⚠']",,2026-07-07T21:25:15
우양,00486875,103840,KOSDAQ,연간x연결,재무제표,CV-3,PASS,rows=29 cols=11 slider_extended=True,,2026-07-07T21:25:15
우양,00486875,103840,KOSDAQ,연간x연결,재무제표,DS-2/DS-3,DONE,"cross-check completed for ['매출액', '영업이익']",,2026-07-07T21:25:15
우양,00486875,103840,KOSDAQ,연간x연결,지표,CV-6,PASS,default metric selection visible,,2026-07-07T21:25:15
우양,00486875,103840,KOSDAQ,연간x별도,재무제표,DS-1,PASS,,,2026-07-07T21:25:20
우양,00486875,103840,KOSDAQ,연간x별도,상단,DS-8,PASS,,,2026-07-07T21:25:20
우양,00486875,103840,KOSDAQ,연간x별도,상단,DS-7,PASS,"badges seen: ['✅', '🔎', '⚠']",,2026-07-07T21:25:20
우양,00486875,103840,KOSDAQ,연간x별도,재무제표,CV-3,PASS,rows=29 cols=11 slider_extended=True,,2026-07-07T21:25:20
우양,00486875,103840,KOSDAQ,연간x별도,재무제표,DS-2/DS-3,DONE,"cross-check completed for ['매출액', '영업이익']",,2026-07-07T21:25:20
우양,00486875,103840,KOSDAQ,연간x별도,지표,CV-6,PASS,default metric selection visible,,2026-07-07T21:25:20
우양,00486875,103840,KOSDAQ,분기x연결,재무제표,DS-1,PASS,,,2026-07-07T21:25:26
우양,00486875,103840,KOSDAQ,분기x연결,상단,DS-8,PASS,,,2026-07-07T21:25:26
우양,00486875,103840,KOSDAQ,분기x연결,상단,DS-4,PASS,substitution caption present,,2026-07-07T21:25:26
우양,00486875,103840,KOSDAQ,분기x연결,상단,DS-7,PASS,"badges seen: ['✅', '🔎']",,2026-07-07T21:25:26
우양,00486875,103840,KOSDAQ,분기x연결,재무제표,CV-3,PASS,rows=29 cols=32 slider_extended=True,,2026-07-07T21:25:26
우양,00486875,103840,KOSDAQ,분기x연결,재무제표,DS-2/DS-3,DONE,"cross-check completed for ['매출액', '영업이익']",,2026-07-07T21:25:26
우양,00486875,103840,KOSDAQ,분기x연결,지표,CV-6,PASS,default metric selection visible,,2026-07-07T21:25:26
우양,00486875,103840,KOSDAQ,분기x별도,재무제표,DS-1,PASS,,,2026-07-07T21:25:33
우양,00486875,103840,KOSDAQ,분기x별도,상단,DS-8,PASS,,,2026-07-07T21:25:33
우양,00486875,103840,KOSDAQ,분기x별도,상단,DS-7,PASS,"badges seen: ['✅', '🔎']",,2026-07-07T21:25:33
우양,00486875,103840,KOSDAQ,분기x별도,재무제표,CV-3,PASS,rows=29 cols=32 slider_extended=True,,2026-07-07T21:25:33
우양,00486875,103840,KOSDAQ,분기x별도,재무제표,DS-2/DS-3,DONE,"cross-check completed for ['매출액', '영업이익']",,2026-07-07T21:25:33
우양,00486875,103840,KOSDAQ,분기x별도,지표,CV-6,PASS,default metric selection visible,,2026-07-07T21:25:33
우양에이치씨,00450931,101970,KOSDAQ,연간x연결,재무제표,DS-1,PASS,,,2026-07-07T21:25:47
우양에이치씨,00450931,101970,KOSDAQ,연간x연결,상단,DS-8,PASS,,,2026-07-07T21:25:47
우양에이치씨,00450931,101970,KOSDAQ,연간x연결,상단,DS-7,PASS,"badges seen: ['✅', '🔎']",,2026-07-07T21:25:47
우양에이치씨,00450931,101970,KOSDAQ,연간x연결,재무제표,CV-3,PASS,rows=29 cols=5 slider_extended=True,,2026-07-07T21:25:47
우양에이치씨,00450931,101970,KOSDAQ,연간x연결,재무제표,DS-2/DS-3,DONE,"cross-check completed for ['매출액', '영업이익']",,2026-07-07T21:25:47
우양에이치씨,00450931,101970,KOSDAQ,연간x연결,지표,CV-6,PASS,default metric selection visible,,2026-07-07T21:25:47
우양에이치씨,00450931,101970,KOSDAQ,연간x별도,재무제표,DS-1,PASS,,,2026-07-07T21:25:52
우양에이치씨,00450931,101970,KOSDAQ,연간x별도,상단,DS-8,PASS,,,2026-07-07T21:25:52
우양에이치씨,00450931,101970,KOSDAQ,연간x별도,상단,DS-7,PASS,"badges seen: ['✅', '🔎', '⚠']",,2026-07-07T21:25:52
우양에이치씨,00450931,101970,KOSDAQ,연간x별도,재무제표,CV-3,PASS,rows=29 cols=18 slider_extended=True,,2026-07-07T21:25:52
우양에이치씨,00450931,101970,KOSDAQ,연간x별도,재무제표,DS-2/DS-3,DONE,"cross-check completed for ['매출액', '영업이익']",,2026-07-07T21:25:52
우양에이치씨,00450931,101970,KOSDAQ,연간x별도,지표,CV-6,PASS,default metric selection visible,,2026-07-07T21:25:52
우양에이치씨,00450931,101970,KOSDAQ,분기x연결,재무제표,DS-1,PASS,,,2026-07-07T21:25:58
우양에이치씨,00450931,101970,KOSDAQ,분기x연결,상단,DS-8,PASS,,,2026-07-07T21:25:58
우양에이치씨,00450931,101970,KOSDAQ,분기x연결,상단,DS-7,PASS,"badges seen: ['✅', '🔎']",,2026-07-07T21:25:58
우양에이치씨,00450931,101970,KOSDAQ,분기x연결,재무제표,CV-3,PASS,rows=29 cols=4 slider_extended=True,,2026-07-07T21:25:58
우양에이치씨,00450931,101970,KOSDAQ,분기x연결,재무제표,DS-2/DS-3,DONE,"cross-check completed for ['매출액', '영업이익']",,2026-07-07T21:25:58
우양에이치씨,00450931,101970,KOSDAQ,분기x연결,지표,CV-6,PASS,default metric selection visible,,2026-07-07T21:25:58
우양에이치씨,00450931,101970,KOSDAQ,분기x별도,재무제표,DS-1,PASS,,,2026-07-07T21:26:05
우양에이치씨,00450931,101970,KOSDAQ,분기x별도,상단,DS-8,PASS,,,2026-07-07T21:26:05
우양에이치씨,00450931,101970,KOSDAQ,분기x별도,상단,DS-7,PASS,"badges seen: ['✅', '🔎']",,2026-07-07T21:26:05
우양에이치씨,00450931,101970,KOSDAQ,분기x별도,재무제표,CV-3,PASS,rows=29 cols=60 slider_extended=True,,2026-07-07T21:26:05
우양에이치씨,00450931,101970,KOSDAQ,분기x별도,재무제표,DS-2/DS-3,DONE,"cross-check completed for ['매출액', '영업이익']",,2026-07-07T21:26:05
우양에이치씨,00450931,101970,KOSDAQ,분기x별도,지표,CV-6,PASS,default metric selection visible,,2026-07-07T21:26:05
우원개발,00363246,046940,KOSDAQ,연간x연결,재무제표,DS-1,PASS,,,2026-07-07T21:26:18
우원개발,00363246,046940,KOSDAQ,연간x연결,상단,DS-8,PASS,,,2026-07-07T21:26:18
우원개발,00363246,046940,KOSDAQ,연간x연결,상단,DS-7,PASS,"badges seen: ['✅', '🔎', '⚠']",,2026-07-07T21:26:18
우원개발,00363246,046940,KOSDAQ,연간x연결,재무제표,CV-3,PASS,rows=29 cols=20 slider_extended=True,,2026-07-07T21:26:18
우원개발,00363246,046940,KOSDAQ,연간x연결,재무제표,DS-2/DS-3,DONE,"cross-check completed for ['매출액', '영업이익']",,2026-07-07T21:26:18
우원개발,00363246,046940,KOSDAQ,연간x연결,지표,CV-6,PASS,default metric selection visible,,2026-07-07T21:26:18
우원개발,00363246,046940,KOSDAQ,연간x별도,재무제표,DS-1,PASS,,,2026-07-07T21:26:24
우원개발,00363246,046940,KOSDAQ,연간x별도,상단,DS-8,PASS,,,2026-07-07T21:26:24
우원개발,00363246,046940,KOSDAQ,연간x별도,상단,DS-7,PASS,"badges seen: ['✅', '🔎', '⚠']",,2026-07-07T21:26:24
우원개발,00363246,046940,KOSDAQ,연간x별도,재무제표,CV-3,PASS,rows=29 cols=24 slider_extended=True,,2026-07-07T21:26:24
우원개발,00363246,046940,KOSDAQ,연간x별도,재무제표,DS-2/DS-3,DONE,"cross-check completed for ['매출액', '영업이익']",,2026-07-07T21:26:24
우원개발,00363246,046940,KOSDAQ,연간x별도,지표,CV-6,PASS,default metric selection visible,,2026-07-07T21:26:24
우원개발,00363246,046940,KOSDAQ,분기x연결,재무제표,DS-1,PASS,,,2026-07-07T21:26:30
우원개발,00363246,046940,KOSDAQ,분기x연결,상단,DS-8,PASS,,,2026-07-07T21:26:30
우원개발,00363246,046940,KOSDAQ,분기x연결,상단,DS-7,PASS,"badges seen: ['✅', '🔎', '⚠']",,2026-07-07T21:26:30
우원개발,00363246,046940,KOSDAQ,분기x연결,재무제표,CV-3,PASS,rows=29 cols=63 slider_extended=True,,2026-07-07T21:26:30
우원개발,00363246,046940,KOSDAQ,분기x연결,재무제표,DS-2/DS-3,DONE,"cross-check completed for ['매출액', '영업이익']",,2026-07-07T21:26:30
우원개발,00363246,046940,KOSDAQ,분기x연결,지표,CV-6,PASS,default metric selection visible,,2026-07-07T21:26:30
우원개발,00363246,046940,KOSDAQ,분기x별도,재무제표,DS-1,PASS,,,2026-07-07T21:26:37
우원개발,00363246,046940,KOSDAQ,분기x별도,상단,DS-8,PASS,,,2026-07-07T21:26:37
우원개발,00363246,046940,KOSDAQ,분기x별도,상단,DS-7,PASS,"badges seen: ['✅', '🔎', '⚠']",,2026-07-07T21:26:37
우원개발,00363246,046940,KOSDAQ,분기x별도,재무제표,CV-3,PASS,rows=29 cols=85 slider_extended=True,,2026-07-07T21:26:37
우원개발,00363246,046940,KOSDAQ,분기x별도,재무제표,DS-2/DS-3,DONE,"cross-check completed for ['매출액', '영업이익']",,2026-07-07T21:26:37
우원개발,00363246,046940,KOSDAQ,분기x별도,지표,CV-6,PASS,default metric selection visible,,2026-07-07T21:26:37
우정바이오,01065013,215380,KOSDAQ,연간x연결,재무제표,DS-1,PASS,,,2026-07-07T21:26:50
우정바이오,01065013,215380,KOSDAQ,연간x연결,상단,DS-8,PASS,,,2026-07-07T21:26:50
우정바이오,01065013,215380,KOSDAQ,연간x연결,상단,DS-4,PASS,substitution caption present,,2026-07-07T21:26:50
우정바이오,01065013,215380,KOSDAQ,연간x연결,상단,DS-7,PASS,"badges seen: ['✅', '🔎']",,2026-07-07T21:26:50
우정바이오,01065013,215380,KOSDAQ,연간x연결,재무제표,CV-3,PASS,rows=29 cols=14 slider_extended=True,,2026-07-07T21:26:50
우정바이오,01065013,215380,KOSDAQ,연간x연결,재무제표,DS-2/DS-3,DONE,"cross-check completed for ['매출액', '영업이익']",,2026-07-07T21:26:50
우정바이오,01065013,215380,KOSDAQ,연간x연결,지표,CV-6,PASS,default metric selection visible,,2026-07-07T21:26:50
우정바이오,01065013,215380,KOSDAQ,연간x별도,재무제표,DS-1,PASS,,,2026-07-07T21:26:56
우정바이오,01065013,215380,KOSDAQ,연간x별도,상단,DS-8,PASS,,,2026-07-07T21:26:56
우정바이오,01065013,215380,KOSDAQ,연간x별도,상단,DS-7,PASS,"badges seen: ['✅', '🔎']",,2026-07-07T21:26:56
우정바이오,01065013,215380,KOSDAQ,연간x별도,재무제표,CV-3,PASS,rows=29 cols=14 slider_extended=True,,2026-07-07T21:26:56
우정바이오,01065013,215380,KOSDAQ,연간x별도,재무제표,DS-2/DS-3,DONE,"cross-check completed for ['매출액', '영업이익']",,2026-07-07T21:26:56
우정바이오,01065013,215380,KOSDAQ,연간x별도,지표,CV-6,PASS,default metric selection visible,,2026-07-07T21:26:56
우정바이오,01065013,215380,KOSDAQ,분기x연결,재무제표,DS-1,PASS,,,2026-07-07T21:27:02
우정바이오,01065013,215380,KOSDAQ,분기x연결,상단,DS-8,PASS,,,2026-07-07T21:27:02
우정바이오,01065013,215380,KOSDAQ,분기x연결,상단,DS-4,PASS,substitution caption present,,2026-07-07T21:27:02
우정바이오,01065013,215380,KOSDAQ,분기x연결,상단,DS-7,PASS,"badges seen: ['✅', '🔎']",,2026-07-07T21:27:02
우정바이오,01065013,215380,KOSDAQ,분기x연결,재무제표,CV-3,PASS,rows=29 cols=47 slider_extended=True,,2026-07-07T21:27:02
우정바이오,01065013,215380,KOSDAQ,분기x연결,재무제표,DS-2/DS-3,DONE,"cross-check completed for ['매출액', '영업이익']",,2026-07-07T21:27:02
우정바이오,01065013,215380,KOSDAQ,분기x연결,지표,CV-6,PASS,default metric selection visible,,2026-07-07T21:27:02
우정바이오,01065013,215380,KOSDAQ,분기x별도,재무제표,DS-1,PASS,,,2026-07-07T21:27:09
우정바이오,01065013,215380,KOSDAQ,분기x별도,상단,DS-8,PASS,,,2026-07-07T21:27:09
우정바이오,01065013,215380,KOSDAQ,분기x별도,상단,DS-7,PASS,"badges seen: ['✅', '🔎']",,2026-07-07T21:27:09
우정바이오,01065013,215380,KOSDAQ,분기x별도,재무제표,CV-3,PASS,rows=29 cols=47 slider_extended=True,,2026-07-07T21:27:09
우정바이오,01065013,215380,KOSDAQ,분기x별도,재무제표,DS-2/DS-3,DONE,"cross-check completed for ['매출액', '영업이익']",,2026-07-07T21:27:09
우정바이오,01065013,215380,KOSDAQ,분기x별도,지표,CV-6,PASS,default metric selection visible,,2026-07-07T21:27:09
우주일렉트로,00390903,065680,KOSDAQ,연간x연결,재무제표,DS-1,PASS,,,2026-07-07T21:27:22
우주일렉트로,00390903,065680,KOSDAQ,연간x연결,상단,DS-8,PASS,,,2026-07-07T21:27:22
우주일렉트로,00390903,065680,KOSDAQ,연간x연결,상단,DS-7,PASS,"badges seen: ['✅', '🔎', '⚠']",,2026-07-07T21:27:22
우주일렉트로,00390903,065680,KOSDAQ,연간x연결,재무제표,CV-3,PASS,rows=29 cols=18 slider_extended=True,,2026-07-07T21:27:22
우주일렉트로,00390903,065680,KOSDAQ,연간x연결,재무제표,DS-2/DS-3,DONE,"cross-check completed for ['매출액', '영업이익']",,2026-07-07T21:27:22
우주일렉트로,00390903,065680,KOSDAQ,연간x연결,지표,CV-6,PASS,default metric selection visible,,2026-07-07T21:27:22
우주일렉트로,00390903,065680,KOSDAQ,연간x별도,재무제표,DS-1,PASS,,,2026-07-07T21:27:28
우주일렉트로,00390903,065680,KOSDAQ,연간x별도,상단,DS-8,PASS,,,2026-07-07T21:27:28
우주일렉트로,00390903,065680,KOSDAQ,연간x별도,상단,DS-7,PASS,"badges seen: ['✅', '🔎', '⚠']",,2026-07-07T21:27:28
우주일렉트로,00390903,065680,KOSDAQ,연간x별도,재무제표,CV-3,PASS,rows=29 cols=26 slider_extended=True,,2026-07-07T21:27:28
우주일렉트로,00390903,065680,KOSDAQ,연간x별도,재무제표,DS-2/DS-3,DONE,"cross-check completed for ['매출액', '영업이익']",,2026-07-07T21:27:28
우주일렉트로,00390903,065680,KOSDAQ,연간x별도,지표,CV-6,PASS,default metric selection visible,,2026-07-07T21:27:28
우주일렉트로,00390903,065680,KOSDAQ,분기x연결,재무제표,DS-1,PASS,,,2026-07-07T21:27:34
우주일렉트로,00390903,065680,KOSDAQ,분기x연결,상단,DS-8,PASS,,,2026-07-07T21:27:34
우주일렉트로,00390903,065680,KOSDAQ,분기x연결,상단,DS-7,PASS,"badges seen: ['✅', '🔎']",,2026-07-07T21:27:34
우주일렉트로,00390903,065680,KOSDAQ,분기x연결,재무제표,CV-3,PASS,rows=29 cols=66 slider_extended=True,,2026-07-07T21:27:34
우주일렉트로,00390903,065680,KOSDAQ,분기x연결,재무제표,DS-2/DS-3,DONE,"cross-check completed for ['매출액', '영업이익']",,2026-07-07T21:27:34
우주일렉트로,00390903,065680,KOSDAQ,분기x연결,지표,CV-6,PASS,default metric selection visible,,2026-07-07T21:27:34
우주일렉트로,00390903,065680,KOSDAQ,분기x별도,재무제표,DS-1,PASS,,,2026-07-07T21:27:42
우주일렉트로,00390903,065680,KOSDAQ,분기x별도,상단,DS-8,PASS,,,2026-07-07T21:27:42
우주일렉트로,00390903,065680,KOSDAQ,분기x별도,상단,DS-7,PASS,"badges seen: ['✅', '🔎']",,2026-07-07T21:27:42
우주일렉트로,00390903,065680,KOSDAQ,분기x별도,재무제표,CV-3,PASS,rows=29 cols=85 slider_extended=True,,2026-07-07T21:27:42
우주일렉트로,00390903,065680,KOSDAQ,분기x별도,재무제표,DS-2/DS-3,DONE,"cross-check completed for ['매출액', '영업이익']",,2026-07-07T21:27:42
우주일렉트로,00390903,065680,KOSDAQ,분기x별도,지표,CV-6,PASS,default metric selection visible,,2026-07-07T21:27:42
우진엔텍,01030503,457550,KOSDAQ,연간x연결,재무제표,DS-1,PASS,,,2026-07-07T21:27:56
우진엔텍,01030503,457550,KOSDAQ,연간x연결,상단,DS-8,PASS,,,2026-07-07T21:27:56
우진엔텍,01030503,457550,KOSDAQ,연간x연결,상단,DS-4,PASS,substitution caption present,,2026-07-07T21:27:56
우진엔텍,01030503,457550,KOSDAQ,연간x연결,상단,DS-7,PASS,"badges seen: ['✅', '🔎']",,2026-07-07T21:27:56
우진엔텍,01030503,457550,KOSDAQ,연간x연결,재무제표,CV-3,PASS,rows=29 cols=7 slider_extended=True,,2026-07-07T21:27:56
우진엔텍,01030503,457550,KOSDAQ,연간x연결,재무제표,DS-2/DS-3,DONE,"cross-check completed for ['매출액', '영업이익']",,2026-07-07T21:27:56
우진엔텍,01030503,457550,KOSDAQ,연간x연결,지표,CV-6,PASS,default metric selection visible,,2026-07-07T21:27:56
우진엔텍,01030503,457550,KOSDAQ,연간x별도,재무제표,DS-1,PASS,,,2026-07-07T21:28:01
우진엔텍,01030503,457550,KOSDAQ,연간x별도,상단,DS-8,PASS,,,2026-07-07T21:28:01
우진엔텍,01030503,457550,KOSDAQ,연간x별도,상단,DS-7,PASS,"badges seen: ['✅', '🔎']",,2026-07-07T21:28:01
우진엔텍,01030503,457550,KOSDAQ,연간x별도,재무제표,CV-3,PASS,rows=29 cols=7 slider_extended=True,,2026-07-07T21:28:01
우진엔텍,01030503,457550,KOSDAQ,연간x별도,재무제표,DS-2/DS-3,DONE,"cross-check completed for ['매출액', '영업이익']",,2026-07-07T21:28:01
우진엔텍,01030503,457550,KOSDAQ,연간x별도,지표,CV-6,PASS,default metric selection visible,,2026-07-07T21:28:01
우진엔텍,01030503,457550,KOSDAQ,분기x연결,재무제표,DS-1,PASS,,,2026-07-07T21:28:07
우진엔텍,01030503,457550,KOSDAQ,분기x연결,상단,DS-8,PASS,,,2026-07-07T21:28:07
우진엔텍,01030503,457550,KOSDAQ,분기x연결,상단,DS-4,PASS,substitution caption present,,2026-07-07T21:28:07
우진엔텍,01030503,457550,KOSDAQ,분기x연결,상단,DS-7,PASS,"badges seen: ['✅', '🔎']",,2026-07-07T21:28:07
우진엔텍,01030503,457550,KOSDAQ,분기x연결,재무제표,CV-3,PASS,rows=29 cols=16 slider_extended=True,,2026-07-07T21:28:07
우진엔텍,01030503,457550,KOSDAQ,분기x연결,재무제표,DS-2/DS-3,DONE,"cross-check completed for ['매출액', '영업이익']",,2026-07-07T21:28:07
우진엔텍,01030503,457550,KOSDAQ,분기x연결,지표,CV-6,PASS,default metric selection visible,,2026-07-07T21:28:07
우진엔텍,01030503,457550,KOSDAQ,분기x별도,재무제표,DS-1,PASS,,,2026-07-07T21:28:14
우진엔텍,01030503,457550,KOSDAQ,분기x별도,상단,DS-8,PASS,,,2026-07-07T21:28:14
우진엔텍,01030503,457550,KOSDAQ,분기x별도,상단,DS-7,PASS,"badges seen: ['✅', '🔎']",,2026-07-07T21:28:14
우진엔텍,01030503,457550,KOSDAQ,분기x별도,재무제표,CV-3,PASS,rows=29 cols=16 slider_extended=True,,2026-07-07T21:28:14
우진엔텍,01030503,457550,KOSDAQ,분기x별도,재무제표,DS-2/DS-3,DONE,"cross-check completed for ['매출액', '영업이익']",,2026-07-07T21:28:14
우진엔텍,01030503,457550,KOSDAQ,분기x별도,지표,CV-6,PASS,default metric selection visible,,2026-07-07T21:28:14
워트,00866451,396470,KOSDAQ,연간x연결,재무제표,DS-1,PASS,,,2026-07-07T21:28:28
워트,00866451,396470,KOSDAQ,연간x연결,상단,DS-8,PASS,,,2026-07-07T21:28:28
워트,00866451,396470,KOSDAQ,연간x연결,상단,DS-7,PASS,"badges seen: ['✅', '🔎']",,2026-07-07T21:28:28
워트,00866451,396470,KOSDAQ,연간x연결,재무제표,CV-3,PASS,rows=29 cols=7 slider_extended=True,,2026-07-07T21:28:28
워트,00866451,396470,KOSDAQ,연간x연결,재무제표,DS-2/DS-3,DONE,"cross-check completed for ['매출액', '영업이익']",,2026-07-07T21:28:28
워트,00866451,396470,KOSDAQ,연간x연결,지표,CV-6,PASS,default metric selection visible,,2026-07-07T21:28:28
워트,00866451,396470,KOSDAQ,연간x별도,재무제표,DS-1,PASS,,,2026-07-07T21:28:33
워트,00866451,396470,KOSDAQ,연간x별도,상단,DS-8,PASS,,,2026-07-07T21:28:33
워트,00866451,396470,KOSDAQ,연간x별도,상단,DS-7,PASS,"badges seen: ['✅', '🔎']",,2026-07-07T21:28:33
워트,00866451,396470,KOSDAQ,연간x별도,재무제표,CV-3,PASS,rows=29 cols=7 slider_extended=True,,2026-07-07T21:28:33
워트,00866451,396470,KOSDAQ,연간x별도,재무제표,DS-2/DS-3,DONE,"cross-check completed for ['매출액', '영업이익']",,2026-07-07T21:28:33
워트,00866451,396470,KOSDAQ,연간x별도,지표,CV-6,PASS,default metric selection visible,,2026-07-07T21:28:33
워트,00866451,396470,KOSDAQ,분기x연결,재무제표,DS-1,PASS,,,2026-07-07T21:28:39
워트,00866451,396470,KOSDAQ,분기x연결,상단,DS-8,PASS,,,2026-07-07T21:28:39
워트,00866451,396470,KOSDAQ,분기x연결,상단,DS-7,PASS,"badges seen: ['✅', '🔎', '⚠']",,2026-07-07T21:28:39
워트,00866451,396470,KOSDAQ,분기x연결,재무제표,CV-3,PASS,rows=29 cols=16 slider_extended=True,,2026-07-07T21:28:39
워트,00866451,396470,KOSDAQ,분기x연결,재무제표,DS-2/DS-3,DONE,"cross-check completed for ['매출액', '영업이익']",,2026-07-07T21:28:39
워트,00866451,396470,KOSDAQ,분기x연결,지표,CV-6,PASS,default metric selection visible,,2026-07-07T21:28:39
워트,00866451,396470,KOSDAQ,분기x별도,재무제표,DS-1,PASS,,,2026-07-07T21:28:46
워트,00866451,396470,KOSDAQ,분기x별도,상단,DS-8,PASS,,,2026-07-07T21:28:46
워트,00866451,396470,KOSDAQ,분기x별도,상단,DS-7,PASS,"badges seen: ['✅', '🔎', '⚠']",,2026-07-07T21:28:46
워트,00866451,396470,KOSDAQ,분기x별도,재무제표,CV-3,PASS,rows=29 cols=16 slider_extended=True,,2026-07-07T21:28:46
워트,00866451,396470,KOSDAQ,분기x별도,재무제표,DS-2/DS-3,DONE,"cross-check completed for ['매출액', '영업이익']",,2026-07-07T21:28:46
워트,00866451,396470,KOSDAQ,분기x별도,지표,CV-6,PASS,default metric selection visible,,2026-07-07T21:28:46
원바이오젠,01326224,307280,KOSDAQ,연간x연결,재무제표,DS-1,PASS,,,2026-07-07T21:29:00
원바이오젠,01326224,307280,KOSDAQ,연간x연결,상단,DS-8,PASS,,,2026-07-07T21:29:00
원바이오젠,01326224,307280,KOSDAQ,연간x연결,상단,DS-7,PASS,"badges seen: ['✅', '🔎']",,2026-07-07T21:29:00
원바이오젠,01326224,307280,KOSDAQ,연간x연결,재무제표,CV-3,PASS,rows=29 cols=9 slider_extended=True,,2026-07-07T21:29:00
원바이오젠,01326224,307280,KOSDAQ,연간x연결,재무제표,DS-2/DS-3,DONE,"cross-check completed for ['매출액', '영업이익']",,2026-07-07T21:29:00
원바이오젠,01326224,307280,KOSDAQ,연간x연결,지표,CV-6,PASS,default metric selection visible,,2026-07-07T21:29:00
원바이오젠,01326224,307280,KOSDAQ,연간x별도,재무제표,DS-1,PASS,,,2026-07-07T21:29:05
원바이오젠,01326224,307280,KOSDAQ,연간x별도,상단,DS-8,PASS,,,2026-07-07T21:29:05
원바이오젠,01326224,307280,KOSDAQ,연간x별도,상단,DS-7,PASS,"badges seen: ['✅', '🔎']",,2026-07-07T21:29:05
원바이오젠,01326224,307280,KOSDAQ,연간x별도,재무제표,CV-3,PASS,rows=29 cols=11 slider_extended=True,,2026-07-07T21:29:05
원바이오젠,01326224,307280,KOSDAQ,연간x별도,재무제표,DS-2/DS-3,DONE,"cross-check completed for ['매출액', '영업이익']",,2026-07-07T21:29:05
원바이오젠,01326224,307280,KOSDAQ,연간x별도,지표,CV-6,PASS,default metric selection visible,,2026-07-07T21:29:05
원바이오젠,01326224,307280,KOSDAQ,분기x연결,재무제표,DS-1,PASS,,,2026-07-07T21:29:11
원바이오젠,01326224,307280,KOSDAQ,분기x연결,상단,DS-8,PASS,,,2026-07-07T21:29:11
원바이오젠,01326224,307280,KOSDAQ,분기x연결,상단,DS-7,PASS,"badges seen: ['✅', '🔎']",,2026-07-07T21:29:11
원바이오젠,01326224,307280,KOSDAQ,분기x연결,재무제표,CV-3,PASS,rows=29 cols=27 slider_extended=True,,2026-07-07T21:29:11
원바이오젠,01326224,307280,KOSDAQ,분기x연결,재무제표,DS-2/DS-3,DONE,"cross-check completed for ['매출액', '영업이익']",,2026-07-07T21:29:11
원바이오젠,01326224,307280,KOSDAQ,분기x연결,지표,CV-6,PASS,default metric selection visible,,2026-07-07T21:29:11
원바이오젠,01326224,307280,KOSDAQ,분기x별도,재무제표,DS-1,PASS,,,2026-07-07T21:29:18
원바이오젠,01326224,307280,KOSDAQ,분기x별도,상단,DS-8,PASS,,,2026-07-07T21:29:18
원바이오젠,01326224,307280,KOSDAQ,분기x별도,상단,DS-7,PASS,"badges seen: ['✅', '🔎']",,2026-07-07T21:29:18
원바이오젠,01326224,307280,KOSDAQ,분기x별도,재무제표,CV-3,PASS,rows=29 cols=31 slider_extended=True,,2026-07-07T21:29:18
원바이오젠,01326224,307280,KOSDAQ,분기x별도,재무제표,DS-2/DS-3,DONE,"cross-check completed for ['매출액', '영업이익']",,2026-07-07T21:29:18
원바이오젠,01326224,307280,KOSDAQ,분기x별도,지표,CV-6,PASS,default metric selection visible,,2026-07-07T21:29:18
원익,00210980,032940,KOSDAQ,연간x연결,재무제표,DS-1,PASS,,,2026-07-07T21:29:31
원익,00210980,032940,KOSDAQ,연간x연결,상단,DS-8,PASS,,,2026-07-07T21:29:31
원익,00210980,032940,KOSDAQ,연간x연결,상단,DS-7,PASS,"badges seen: ['✅', '🔎', '⚠']",,2026-07-07T21:29:31
원익,00210980,032940,KOSDAQ,연간x연결,재무제표,CV-3,PASS,rows=29 cols=20 slider_extended=True,,2026-07-07T21:29:31
원익,00210980,032940,KOSDAQ,연간x연결,재무제표,DS-2/DS-3,DONE,"cross-check completed for ['매출액', '영업이익']",,2026-07-07T21:29:31
원익,00210980,032940,KOSDAQ,연간x연결,지표,CV-6,PASS,default metric selection visible,,2026-07-07T21:29:31
원익,00210980,032940,KOSDAQ,연간x별도,재무제표,DS-1,PASS,,,2026-07-07T21:29:37
원익,00210980,032940,KOSDAQ,연간x별도,상단,DS-8,PASS,,,2026-07-07T21:29:37
원익,00210980,032940,KOSDAQ,연간x별도,상단,DS-7,PASS,"badges seen: ['✅', '🔎']",,2026-07-07T21:29:37
원익,00210980,032940,KOSDAQ,연간x별도,재무제표,CV-3,PASS,rows=29 cols=27 slider_extended=True,,2026-07-07T21:29:37
원익,00210980,032940,KOSDAQ,연간x별도,재무제표,DS-2/DS-3,DONE,"cross-check completed for ['매출액', '영업이익']",,2026-07-07T21:29:37
원익,00210980,032940,KOSDAQ,연간x별도,지표,CV-6,PASS,default metric selection visible,,2026-07-07T21:29:37
원익,00210980,032940,KOSDAQ,분기x연결,재무제표,DS-1,PASS,,,2026-07-07T21:29:43
원익,00210980,032940,KOSDAQ,분기x연결,상단,DS-8,PASS,,,2026-07-07T21:29:43
원익,00210980,032940,KOSDAQ,분기x연결,상단,DS-7,PASS,"badges seen: ['✅', '🔎']",,2026-07-07T21:29:43
원익,00210980,032940,KOSDAQ,분기x연결,재무제표,CV-3,PASS,rows=29 cols=85 slider_extended=True,,2026-07-07T21:29:43
원익,00210980,032940,KOSDAQ,분기x연결,재무제표,DS-2/DS-3,DONE,"cross-check completed for ['매출액', '영업이익']",,2026-07-07T21:29:43
원익,00210980,032940,KOSDAQ,분기x연결,지표,CV-6,PASS,default metric selection visible,,2026-07-07T21:29:43
원익,00210980,032940,KOSDAQ,분기x별도,재무제표,DS-1,PASS,,,2026-07-07T21:29:50
원익,00210980,032940,KOSDAQ,분기x별도,상단,DS-8,PASS,,,2026-07-07T21:29:50
원익,00210980,032940,KOSDAQ,분기x별도,상단,DS-7,PASS,"badges seen: ['✅', '🔎', '⚠']",,2026-07-07T21:29:50
원익,00210980,032940,KOSDAQ,분기x별도,재무제표,CV-3,PASS,rows=29 cols=91 slider_extended=True,,2026-07-07T21:29:50
원익,00210980,032940,KOSDAQ,분기x별도,재무제표,DS-2/DS-3,DONE,"cross-check completed for ['매출액', '영업이익']",,2026-07-07T21:29:50
원익,00210980,032940,KOSDAQ,분기x별도,지표,CV-6,PASS,default metric selection visible,,2026-07-07T21:29:50
원익머트리얼즈,00623661,104830,KOSDAQ,연간x연결,재무제표,DS-1,PASS,,,2026-07-07T21:30:04
원익머트리얼즈,00623661,104830,KOSDAQ,연간x연결,상단,DS-8,PASS,,,2026-07-07T21:30:04
원익머트리얼즈,00623661,104830,KOSDAQ,연간x연결,상단,DS-7,PASS,"badges seen: ['✅', '🔎']",,2026-07-07T21:30:04
원익머트리얼즈,00623661,104830,KOSDAQ,연간x연결,재무제표,CV-3,PASS,rows=29 cols=17 slider_extended=True,,2026-07-07T21:30:04
원익머트리얼즈,00623661,104830,KOSDAQ,연간x연결,재무제표,DS-2/DS-3,DONE,"cross-check completed for ['매출액', '영업이익']",,2026-07-07T21:30:04
원익머트리얼즈,00623661,104830,KOSDAQ,연간x연결,지표,CV-6,PASS,default metric selection visible,,2026-07-07T21:30:04
원익머트리얼즈,00623661,104830,KOSDAQ,연간x별도,재무제표,DS-1,PASS,,,2026-07-07T21:30:09
원익머트리얼즈,00623661,104830,KOSDAQ,연간x별도,상단,DS-8,PASS,,,2026-07-07T21:30:09
원익머트리얼즈,00623661,104830,KOSDAQ,연간x별도,상단,DS-7,PASS,"badges seen: ['✅', '🔎']",,2026-07-07T21:30:09
원익머트리얼즈,00623661,104830,KOSDAQ,연간x별도,재무제표,CV-3,PASS,rows=29 cols=19 slider_extended=True,,2026-07-07T21:30:09
원익머트리얼즈,00623661,104830,KOSDAQ,연간x별도,재무제표,DS-2/DS-3,DONE,"cross-check completed for ['매출액', '영업이익']",,2026-07-07T21:30:09
원익머트리얼즈,00623661,104830,KOSDAQ,연간x별도,지표,CV-6,PASS,default metric selection visible,,2026-07-07T21:30:09
원익머트리얼즈,00623661,104830,KOSDAQ,분기x연결,재무제표,DS-1,PASS,,,2026-07-07T21:30:15
원익머트리얼즈,00623661,104830,KOSDAQ,분기x연결,상단,DS-8,PASS,,,2026-07-07T21:30:15
원익머트리얼즈,00623661,104830,KOSDAQ,분기x연결,상단,DS-7,PASS,"badges seen: ['✅', '🔎']",,2026-07-07T21:30:15
원익머트리얼즈,00623661,104830,KOSDAQ,분기x연결,재무제표,CV-3,PASS,rows=29 cols=60 slider_extended=True,,2026-07-07T21:30:15
원익머트리얼즈,00623661,104830,KOSDAQ,분기x연결,재무제표,DS-2/DS-3,DONE,"cross-check completed for ['매출액', '영업이익']",,2026-07-07T21:30:15
원익머트리얼즈,00623661,104830,KOSDAQ,분기x연결,지표,CV-6,PASS,default metric selection visible,,2026-07-07T21:30:15
원익머트리얼즈,00623661,104830,KOSDAQ,분기x별도,재무제표,DS-1,PASS,,,2026-07-07T21:30:22
원익머트리얼즈,00623661,104830,KOSDAQ,분기x별도,상단,DS-8,PASS,,,2026-07-07T21:30:22
원익머트리얼즈,00623661,104830,KOSDAQ,분기x별도,상단,DS-7,PASS,"badges seen: ['✅', '🔎']",,2026-07-07T21:30:22
원익머트리얼즈,00623661,104830,KOSDAQ,분기x별도,재무제표,CV-3,PASS,rows=29 cols=63 slider_extended=True,,2026-07-07T21:30:22
원익머트리얼즈,00623661,104830,KOSDAQ,분기x별도,재무제표,DS-2/DS-3,DONE,"cross-check completed for ['매출액', '영업이익']",,2026-07-07T21:30:22
원익머트리얼즈,00623661,104830,KOSDAQ,분기x별도,지표,CV-6,PASS,default metric selection visible,,2026-07-07T21:30:22
원익큐브,00128175,014190,KOSDAQ,연간x연결,재무제표,DS-1,PASS,,,2026-07-07T21:30:36
원익큐브,00128175,014190,KOSDAQ,연간x연결,상단,DS-8,PASS,,,2026-07-07T21:30:36
원익큐브,00128175,014190,KOSDAQ,연간x연결,상단,DS-7,PASS,"badges seen: ['✅', '🔎', '⚠']",,2026-07-07T21:30:36
원익큐브,00128175,014190,KOSDAQ,연간x연결,재무제표,CV-3,PASS,rows=29 cols=21 slider_extended=True,,2026-07-07T21:30:36
원익큐브,00128175,014190,KOSDAQ,연간x연결,재무제표,DS-2/DS-3,DONE,"cross-check completed for ['매출액', '영업이익']",,2026-07-07T21:30:36
원익큐브,00128175,014190,KOSDAQ,연간x연결,지표,CV-6,PASS,default metric selection visible,,2026-07-07T21:30:36
원익큐브,00128175,014190,KOSDAQ,연간x별도,재무제표,DS-1,PASS,,,2026-07-07T21:30:41
원익큐브,00128175,014190,KOSDAQ,연간x별도,상단,DS-8,PASS,,,2026-07-07T21:30:41
원익큐브,00128175,014190,KOSDAQ,연간x별도,상단,DS-7,PASS,"badges seen: ['✅', '🔎']",,2026-07-07T21:30:41
원익큐브,00128175,014190,KOSDAQ,연간x별도,재무제표,CV-3,PASS,rows=29 cols=26 slider_extended=True,,2026-07-07T21:30:41
원익큐브,00128175,014190,KOSDAQ,연간x별도,재무제표,DS-2/DS-3,DONE,"cross-check completed for ['매출액', '영업이익']",,2026-07-07T21:30:41
원익큐브,00128175,014190,KOSDAQ,연간x별도,지표,CV-6,PASS,default metric selection visible,,2026-07-07T21:30:41
원익큐브,00128175,014190,KOSDAQ,분기x연결,재무제표,DS-1,PASS,,,2026-07-07T21:30:47
원익큐브,00128175,014190,KOSDAQ,분기x연결,상단,DS-8,PASS,,,2026-07-07T21:30:47
원익큐브,00128175,014190,KOSDAQ,분기x연결,상단,DS-7,PASS,"badges seen: ['✅', '🔎']",,2026-07-07T21:30:47
원익큐브,00128175,014190,KOSDAQ,분기x연결,재무제표,CV-3,PASS,rows=29 cols=70 slider_extended=True,,2026-07-07T21:30:47
원익큐브,00128175,014190,KOSDAQ,분기x연결,재무제표,DS-2/DS-3,DONE,"cross-check completed for ['매출액', '영업이익']",,2026-07-07T21:30:47
원익큐브,00128175,014190,KOSDAQ,분기x연결,지표,CV-6,PASS,default metric selection visible,,2026-07-07T21:30:47
원익큐브,00128175,014190,KOSDAQ,분기x별도,재무제표,DS-1,PASS,,,2026-07-07T21:30:54
원익큐브,00128175,014190,KOSDAQ,분기x별도,상단,DS-8,PASS,,,2026-07-07T21:30:54
원익큐브,00128175,014190,KOSDAQ,분기x별도,상단,DS-7,PASS,"badges seen: ['✅', '🔎']",,2026-07-07T21:30:54
원익큐브,00128175,014190,KOSDAQ,분기x별도,재무제표,CV-3,PASS,rows=29 cols=77 slider_extended=True,,2026-07-07T21:30:54
원익큐브,00128175,014190,KOSDAQ,분기x별도,재무제표,DS-2/DS-3,DONE,"cross-check completed for ['매출액', '영업이익']",,2026-07-07T21:30:54
원익큐브,00128175,014190,KOSDAQ,분기x별도,지표,CV-6,PASS,default metric selection visible,,2026-07-07T21:30:54
원익피앤이,01020843,217820,KOSDAQ,연간x연결,재무제표,DS-1,PASS,,,2026-07-07T21:31:08
원익피앤이,01020843,217820,KOSDAQ,연간x연결,상단,DS-8,PASS,,,2026-07-07T21:31:08
원익피앤이,01020843,217820,KOSDAQ,연간x연결,상단,DS-7,PASS,"badges seen: ['✅', '🔎', '⚠']",,2026-07-07T21:31:08
원익피앤이,01020843,217820,KOSDAQ,연간x연결,재무제표,CV-3,PASS,rows=29 cols=13 slider_extended=True,,2026-07-07T21:31:08
원익피앤이,01020843,217820,KOSDAQ,연간x연결,재무제표,DS-2/DS-3,DONE,"cross-check completed for ['매출액', '영업이익']",,2026-07-07T21:31:08
원익피앤이,01020843,217820,KOSDAQ,연간x연결,지표,CV-6,PASS,default metric selection visible,,2026-07-07T21:31:08
원익피앤이,01020843,217820,KOSDAQ,연간x별도,재무제표,DS-1,PASS,,,2026-07-07T21:31:13
원익피앤이,01020843,217820,KOSDAQ,연간x별도,상단,DS-8,PASS,,,2026-07-07T21:31:13
원익피앤이,01020843,217820,KOSDAQ,연간x별도,상단,DS-7,PASS,"badges seen: ['✅', '🔎', '⚠']",,2026-07-07T21:31:13
원익피앤이,01020843,217820,KOSDAQ,연간x별도,재무제표,CV-3,PASS,rows=29 cols=15 slider_extended=True,,2026-07-07T21:31:13
원익피앤이,01020843,217820,KOSDAQ,연간x별도,재무제표,DS-2/DS-3,DONE,"cross-check completed for ['매출액', '영업이익']",,2026-07-07T21:31:13
원익피앤이,01020843,217820,KOSDAQ,연간x별도,지표,CV-6,PASS,default metric selection visible,,2026-07-07T21:31:13
원익피앤이,01020843,217820,KOSDAQ,분기x연결,재무제표,DS-1,PASS,,,2026-07-07T21:31:19
원익피앤이,01020843,217820,KOSDAQ,분기x연결,상단,DS-8,PASS,,,2026-07-07T21:31:19
원익피앤이,01020843,217820,KOSDAQ,분기x연결,상단,DS-7,PASS,"badges seen: ['✅', '🔎']",,2026-07-07T21:31:19
원익피앤이,01020843,217820,KOSDAQ,분기x연결,재무제표,CV-3,PASS,rows=29 cols=43 slider_extended=True,,2026-07-07T21:31:19
원익피앤이,01020843,217820,KOSDAQ,분기x연결,재무제표,DS-2/DS-3,DONE,"cross-check completed for ['매출액', '영업이익']",,2026-07-07T21:31:19
원익피앤이,01020843,217820,KOSDAQ,분기x연결,지표,CV-6,PASS,default metric selection visible,,2026-07-07T21:31:19
원익피앤이,01020843,217820,KOSDAQ,분기x별도,재무제표,DS-1,PASS,,,2026-07-07T21:31:27
원익피앤이,01020843,217820,KOSDAQ,분기x별도,상단,DS-8,PASS,,,2026-07-07T21:31:27
원익피앤이,01020843,217820,KOSDAQ,분기x별도,상단,DS-7,PASS,"badges seen: ['✅', '🔎']",,2026-07-07T21:31:27
원익피앤이,01020843,217820,KOSDAQ,분기x별도,재무제표,CV-3,PASS,rows=29 cols=51 slider_extended=True,,2026-07-07T21:31:27
원익피앤이,01020843,217820,KOSDAQ,분기x별도,재무제표,DS-2/DS-3,DONE,"cross-check completed for ['매출액', '영업이익']",,2026-07-07T21:31:27
원익피앤이,01020843,217820,KOSDAQ,분기x별도,지표,CV-6,PASS,default metric selection visible,,2026-07-07T21:31:27
원익홀딩스,00216647,030530,KOSDAQ,연간x연결,재무제표,DS-1,PASS,,,2026-07-07T21:31:40
원익홀딩스,00216647,030530,KOSDAQ,연간x연결,상단,DS-8,PASS,,,2026-07-07T21:31:40
원익홀딩스,00216647,030530,KOSDAQ,연간x연결,상단,DS-7,PASS,"badges seen: ['✅', '🔎']",,2026-07-07T21:31:40
원익홀딩스,00216647,030530,KOSDAQ,연간x연결,재무제표,CV-3,PASS,rows=29 cols=19 slider_extended=True,,2026-07-07T21:31:40
원익홀딩스,00216647,030530,KOSDAQ,연간x연결,재무제표,DS-2/DS-3,DONE,"cross-check completed for ['매출액', '영업이익']",,2026-07-07T21:31:40
원익홀딩스,00216647,030530,KOSDAQ,연간x연결,지표,CV-6,PASS,default metric selection visible,,2026-07-07T21:31:40
원익홀딩스,00216647,030530,KOSDAQ,연간x별도,재무제표,DS-1,PASS,,,2026-07-07T21:31:45
원익홀딩스,00216647,030530,KOSDAQ,연간x별도,상단,DS-8,PASS,,,2026-07-07T21:31:45
원익홀딩스,00216647,030530,KOSDAQ,연간x별도,상단,DS-7,PASS,"badges seen: ['✅', '🔎']",,2026-07-07T21:31:45
원익홀딩스,00216647,030530,KOSDAQ,연간x별도,재무제표,CV-3,PASS,rows=29 cols=12 slider_extended=True,,2026-07-07T21:31:45
원익홀딩스,00216647,030530,KOSDAQ,연간x별도,재무제표,DS-2/DS-3,DONE,"cross-check completed for ['매출액', '영업이익']",,2026-07-07T21:31:45
원익홀딩스,00216647,030530,KOSDAQ,연간x별도,지표,CV-6,PASS,default metric selection visible,,2026-07-07T21:31:45
원익홀딩스,00216647,030530,KOSDAQ,분기x연결,재무제표,DS-1,PASS,,,2026-07-07T21:31:52
원익홀딩스,00216647,030530,KOSDAQ,분기x연결,상단,DS-8,PASS,,,2026-07-07T21:31:52
원익홀딩스,00216647,030530,KOSDAQ,분기x연결,상단,DS-7,PASS,"badges seen: ['✅', '🔎']",,2026-07-07T21:31:52
원익홀딩스,00216647,030530,KOSDAQ,분기x연결,재무제표,CV-3,PASS,rows=29 cols=60 slider_extended=True,,2026-07-07T21:31:52
원익홀딩스,00216647,030530,KOSDAQ,분기x연결,재무제표,DS-2/DS-3,DONE,"cross-check completed for ['매출액', '영업이익']",,2026-07-07T21:31:52
원익홀딩스,00216647,030530,KOSDAQ,분기x연결,지표,CV-6,PASS,default metric selection visible,,2026-07-07T21:31:52
원익홀딩스,00216647,030530,KOSDAQ,분기x별도,재무제표,DS-1,PASS,,,2026-07-07T21:31:59
원익홀딩스,00216647,030530,KOSDAQ,분기x별도,상단,DS-8,PASS,,,2026-07-07T21:31:59
원익홀딩스,00216647,030530,KOSDAQ,분기x별도,상단,DS-7,PASS,"badges seen: ['✅', '🔎']",,2026-07-07T21:31:59
원익홀딩스,00216647,030530,KOSDAQ,분기x별도,재무제표,CV-3,PASS,rows=29 cols=89 slider_extended=True,,2026-07-07T21:31:59
원익홀딩스,00216647,030530,KOSDAQ,분기x별도,재무제표,DS-2/DS-3,DONE,"cross-check completed for ['매출액', '영업이익']",,2026-07-07T21:31:59
원익홀딩스,00216647,030530,KOSDAQ,분기x별도,지표,CV-6,PASS,default metric selection visible,,2026-07-07T21:31:59
원일티엔아이,00488244,136150,KOSDAQ,연간x연결,재무제표,DS-1,PASS,,,2026-07-07T21:32:13
원일티엔아이,00488244,136150,KOSDAQ,연간x연결,상단,DS-8,PASS,,,2026-07-07T21:32:13
원일티엔아이,00488244,136150,KOSDAQ,연간x연결,상단,DS-4,PASS,substitution caption present,,2026-07-07T21:32:13
원일티엔아이,00488244,136150,KOSDAQ,연간x연결,상단,DS-7,PASS,"badges seen: ['✅', '🔎', '⚠']",,2026-07-07T21:32:13
원일티엔아이,00488244,136150,KOSDAQ,연간x연결,재무제표,CV-3,PASS,rows=29 cols=5 slider_extended=True,,2026-07-07T21:32:13
원일티엔아이,00488244,136150,KOSDAQ,연간x연결,재무제표,DS-2/DS-3,DONE,"cross-check completed for ['매출액', '영업이익']",,2026-07-07T21:32:13
원일티엔아이,00488244,136150,KOSDAQ,연간x연결,지표,CV-6,PASS,default metric selection visible,,2026-07-07T21:32:13
원일티엔아이,00488244,136150,KOSDAQ,연간x별도,재무제표,DS-1,PASS,,,2026-07-07T21:32:18
원일티엔아이,00488244,136150,KOSDAQ,연간x별도,상단,DS-8,PASS,,,2026-07-07T21:32:18
원일티엔아이,00488244,136150,KOSDAQ,연간x별도,상단,DS-7,PASS,"badges seen: ['✅', '🔎', '⚠']",,2026-07-07T21:32:18
원일티엔아이,00488244,136150,KOSDAQ,연간x별도,재무제표,CV-3,PASS,rows=29 cols=5 slider_extended=True,,2026-07-07T21:32:18
원일티엔아이,00488244,136150,KOSDAQ,연간x별도,재무제표,DS-2/DS-3,DONE,"cross-check completed for ['매출액', '영업이익']",,2026-07-07T21:32:18
원일티엔아이,00488244,136150,KOSDAQ,연간x별도,지표,CV-6,PASS,default metric selection visible,,2026-07-07T21:32:18
원일티엔아이,00488244,136150,KOSDAQ,분기x연결,재무제표,DS-1,PASS,,,2026-07-07T21:32:24
원일티엔아이,00488244,136150,KOSDAQ,분기x연결,상단,DS-8,PASS,,,2026-07-07T21:32:24
원일티엔아이,00488244,136150,KOSDAQ,분기x연결,상단,DS-4,PASS,substitution caption present,,2026-07-07T21:32:24
원일티엔아이,00488244,136150,KOSDAQ,분기x연결,상단,DS-7,PASS,"badges seen: ['✅', '🔎']",,2026-07-07T21:32:24
원일티엔아이,00488244,136150,KOSDAQ,분기x연결,재무제표,CV-3,PASS,rows=29 cols=9 slider_extended=True,,2026-07-07T21:32:24
원일티엔아이,00488244,136150,KOSDAQ,분기x연결,재무제표,DS-2/DS-3,DONE,"cross-check completed for ['매출액', '영업이익']",,2026-07-07T21:32:24
원일티엔아이,00488244,136150,KOSDAQ,분기x연결,지표,CV-6,PASS,default metric selection visible,,2026-07-07T21:32:24
원일티엔아이,00488244,136150,KOSDAQ,분기x별도,재무제표,DS-1,PASS,,,2026-07-07T21:32:31
원일티엔아이,00488244,136150,KOSDAQ,분기x별도,상단,DS-8,PASS,,,2026-07-07T21:32:31
원일티엔아이,00488244,136150,KOSDAQ,분기x별도,상단,DS-7,PASS,"badges seen: ['✅', '🔎']",,2026-07-07T21:32:31
원일티엔아이,00488244,136150,KOSDAQ,분기x별도,재무제표,CV-3,PASS,rows=29 cols=9 slider_extended=True,,2026-07-07T21:32:31
원일티엔아이,00488244,136150,KOSDAQ,분기x별도,재무제표,DS-2/DS-3,DONE,"cross-check completed for ['매출액', '영업이익']",,2026-07-07T21:32:31
원일티엔아이,00488244,136150,KOSDAQ,분기x별도,지표,CV-6,PASS,default metric selection visible,,2026-07-07T21:32:31
원준,01459212,382840,KOSDAQ,연간x연결,재무제표,DS-1,PASS,,,2026-07-07T21:32:44
원준,01459212,382840,KOSDAQ,연간x연결,상단,DS-8,PASS,,,2026-07-07T21:32:44
원준,01459212,382840,KOSDAQ,연간x연결,상단,DS-7,PASS,"badges seen: ['✅', '🔎']",,2026-07-07T21:32:44
원준,01459212,382840,KOSDAQ,연간x연결,재무제표,CV-3,PASS,rows=29 cols=9 slider_extended=True,,2026-07-07T21:32:44
원준,01459212,382840,KOSDAQ,연간x연결,재무제표,DS-2/DS-3,DONE,"cross-check completed for ['매출액', '영업이익']",,2026-07-07T21:32:44
원준,01459212,382840,KOSDAQ,연간x연결,지표,CV-6,PASS,default metric selection visible,,2026-07-07T21:32:44
원준,01459212,382840,KOSDAQ,연간x별도,재무제표,DS-1,PASS,,,2026-07-07T21:32:49
원준,01459212,382840,KOSDAQ,연간x별도,상단,DS-8,PASS,,,2026-07-07T21:32:49
원준,01459212,382840,KOSDAQ,연간x별도,상단,DS-7,PASS,"badges seen: ['✅', '🔎']",,2026-07-07T21:32:49
원준,01459212,382840,KOSDAQ,연간x별도,재무제표,CV-3,PASS,rows=29 cols=9 slider_extended=True,,2026-07-07T21:32:49
원준,01459212,382840,KOSDAQ,연간x별도,재무제표,DS-2/DS-3,DONE,"cross-check completed for ['매출액', '영업이익']",,2026-07-07T21:32:49
원준,01459212,382840,KOSDAQ,연간x별도,지표,CV-6,PASS,default metric selection visible,,2026-07-07T21:32:49
원준,01459212,382840,KOSDAQ,분기x연결,재무제표,DS-1,PASS,,,2026-07-07T21:32:56
원준,01459212,382840,KOSDAQ,분기x연결,상단,DS-8,PASS,,,2026-07-07T21:32:56
원준,01459212,382840,KOSDAQ,분기x연결,상단,DS-7,PASS,"badges seen: ['✅', '🔎']",,2026-07-07T21:32:56
원준,01459212,382840,KOSDAQ,분기x연결,재무제표,CV-3,PASS,rows=29 cols=24 slider_extended=True,,2026-07-07T21:32:56
원준,01459212,382840,KOSDAQ,분기x연결,재무제표,DS-2/DS-3,DONE,"cross-check completed for ['매출액', '영업이익']",,2026-07-07T21:32:56
원준,01459212,382840,KOSDAQ,분기x연결,지표,CV-6,PASS,default metric selection visible,,2026-07-07T21:32:56
원준,01459212,382840,KOSDAQ,분기x별도,재무제표,DS-1,PASS,,,2026-07-07T21:33:03
원준,01459212,382840,KOSDAQ,분기x별도,상단,DS-8,PASS,,,2026-07-07T21:33:03
원준,01459212,382840,KOSDAQ,분기x별도,상단,DS-7,PASS,"badges seen: ['✅', '🔎']",,2026-07-07T21:33:03
원준,01459212,382840,KOSDAQ,분기x별도,재무제표,CV-3,PASS,rows=29 cols=24 slider_extended=True,,2026-07-07T21:33:03
원준,01459212,382840,KOSDAQ,분기x별도,재무제표,DS-2/DS-3,DONE,"cross-check completed for ['매출액', '영업이익']",,2026-07-07T21:33:03
원준,01459212,382840,KOSDAQ,분기x별도,지표,CV-6,PASS,default metric selection visible,,2026-07-07T21:33:03
원텍,01407909,336570,KOSDAQ,연간x연결,재무제표,DS-1,PASS,,,2026-07-07T21:33:16
원텍,01407909,336570,KOSDAQ,연간x연결,상단,DS-8,PASS,,,2026-07-07T21:33:16
원텍,01407909,336570,KOSDAQ,연간x연결,상단,DS-7,PASS,"badges seen: ['✅', '🔎']",,2026-07-07T21:33:16
원텍,01407909,336570,KOSDAQ,연간x연결,재무제표,CV-3,PASS,rows=29 cols=8 slider_extended=True,,2026-07-07T21:33:16
원텍,01407909,336570,KOSDAQ,연간x연결,재무제표,DS-2/DS-3,DONE,"cross-check completed for ['매출액', '영업이익']",,2026-07-07T21:33:16
원텍,01407909,336570,KOSDAQ,연간x연결,지표,CV-6,PASS,default metric selection visible,,2026-07-07T21:33:16
원텍,01407909,336570,KOSDAQ,연간x별도,재무제표,DS-1,PASS,,,2026-07-07T21:33:21
원텍,01407909,336570,KOSDAQ,연간x별도,상단,DS-8,PASS,,,2026-07-07T21:33:21
원텍,01407909,336570,KOSDAQ,연간x별도,상단,DS-7,PASS,"badges seen: ['✅', '🔎']",,2026-07-07T21:33:21
원텍,01407909,336570,KOSDAQ,연간x별도,재무제표,CV-3,PASS,rows=29 cols=9 slider_extended=True,,2026-07-07T21:33:21
원텍,01407909,336570,KOSDAQ,연간x별도,재무제표,DS-2/DS-3,DONE,"cross-check completed for ['매출액', '영업이익']",,2026-07-07T21:33:21
원텍,01407909,336570,KOSDAQ,연간x별도,지표,CV-6,PASS,default metric selection visible,,2026-07-07T21:33:21
원텍,01407909,336570,KOSDAQ,분기x연결,재무제표,DS-1,PASS,,,2026-07-07T21:33:27
원텍,01407909,336570,KOSDAQ,분기x연결,상단,DS-8,PASS,,,2026-07-07T21:33:27
원텍,01407909,336570,KOSDAQ,분기x연결,상단,DS-7,PASS,"badges seen: ['✅', '🔎']",,2026-07-07T21:33:27
원텍,01407909,336570,KOSDAQ,분기x연결,재무제표,CV-3,PASS,rows=29 cols=23 slider_extended=True,,2026-07-07T21:33:27
원텍,01407909,336570,KOSDAQ,분기x연결,재무제표,DS-2/DS-3,DONE,"cross-check completed for ['매출액', '영업이익']",,2026-07-07T21:33:27
원텍,01407909,336570,KOSDAQ,분기x연결,지표,CV-6,PASS,default metric selection visible,,2026-07-07T21:33:27
원텍,01407909,336570,KOSDAQ,분기x별도,재무제표,DS-1,PASS,,,2026-07-07T21:33:35
원텍,01407909,336570,KOSDAQ,분기x별도,상단,DS-8,PASS,,,2026-07-07T21:33:35
원텍,01407909,336570,KOSDAQ,분기x별도,상단,DS-7,PASS,"badges seen: ['✅', '🔎']",,2026-07-07T21:33:35
원텍,01407909,336570,KOSDAQ,분기x별도,재무제표,CV-3,PASS,rows=29 cols=27 slider_extended=True,,2026-07-07T21:33:35
원텍,01407909,336570,KOSDAQ,분기x별도,재무제표,DS-2/DS-3,DONE,"cross-check completed for ['매출액', '영업이익']",,2026-07-07T21:33:35
원텍,01407909,336570,KOSDAQ,분기x별도,지표,CV-6,PASS,default metric selection visible,,2026-07-07T21:33:35
원티드랩,01441611,376980,KOSDAQ,연간x연결,재무제표,DS-1,PASS,,,2026-07-07T21:33:48
원티드랩,01441611,376980,KOSDAQ,연간x연결,상단,DS-8,PASS,,,2026-07-07T21:33:48
원티드랩,01441611,376980,KOSDAQ,연간x연결,상단,DS-7,PASS,"badges seen: ['✅', '🔎']",,2026-07-07T21:33:48
원티드랩,01441611,376980,KOSDAQ,연간x연결,재무제표,CV-3,PASS,rows=29 cols=9 slider_extended=True,,2026-07-07T21:33:48
원티드랩,01441611,376980,KOSDAQ,연간x연결,재무제표,DS-2/DS-3,DONE,"cross-check completed for ['매출액', '영업이익']",,2026-07-07T21:33:48
원티드랩,01441611,376980,KOSDAQ,연간x연결,지표,CV-6,FAIL,default metrics not found,,2026-07-07T21:33:48
원티드랩,01441611,376980,KOSDAQ,연간x별도,재무제표,DS-1,PASS,,,2026-07-07T21:33:53
원티드랩,01441611,376980,KOSDAQ,연간x별도,상단,DS-8,PASS,,,2026-07-07T21:33:53
원티드랩,01441611,376980,KOSDAQ,연간x별도,상단,DS-7,PASS,"badges seen: ['✅', '🔎', '⚠']",,2026-07-07T21:33:53
원티드랩,01441611,376980,KOSDAQ,연간x별도,재무제표,CV-3,PASS,rows=29 cols=9 slider_extended=True,,2026-07-07T21:33:53
원티드랩,01441611,376980,KOSDAQ,연간x별도,재무제표,DS-2/DS-3,DONE,"cross-check completed for ['매출액', '영업이익']",,2026-07-07T21:33:53
원티드랩,01441611,376980,KOSDAQ,연간x별도,지표,CV-6,PASS,default metric selection visible,,2026-07-07T21:33:53
원티드랩,01441611,376980,KOSDAQ,분기x연결,재무제표,DS-1,PASS,,,2026-07-07T21:33:59
원티드랩,01441611,376980,KOSDAQ,분기x연결,상단,DS-8,PASS,,,2026-07-07T21:33:59
원티드랩,01441611,376980,KOSDAQ,분기x연결,상단,DS-7,PASS,"badges seen: ['✅', '🔎']",,2026-07-07T21:33:59
원티드랩,01441611,376980,KOSDAQ,분기x연결,재무제표,CV-3,PASS,rows=29 cols=25 slider_extended=True,,2026-07-07T21:33:59
원티드랩,01441611,376980,KOSDAQ,분기x연결,재무제표,DS-2/DS-3,DONE,"cross-check completed for ['매출액', '영업이익']",,2026-07-07T21:33:59
원티드랩,01441611,376980,KOSDAQ,분기x연결,지표,CV-6,PASS,default metric selection visible,,2026-07-07T21:33:59
원티드랩,01441611,376980,KOSDAQ,분기x별도,재무제표,DS-1,PASS,,,2026-07-07T21:34:06
원티드랩,01441611,376980,KOSDAQ,분기x별도,상단,DS-8,PASS,,,2026-07-07T21:34:06
원티드랩,01441611,376980,KOSDAQ,분기x별도,상단,DS-7,PASS,"badges seen: ['✅', '🔎']",,2026-07-07T21:34:06
원티드랩,01441611,376980,KOSDAQ,분기x별도,재무제표,CV-3,PASS,rows=29 cols=25 slider_extended=True,,2026-07-07T21:34:06
원티드랩,01441611,376980,KOSDAQ,분기x별도,재무제표,DS-2/DS-3,DONE,"cross-check completed for ['매출액', '영업이익']",,2026-07-07T21:34:06
원티드랩,01441611,376980,KOSDAQ,분기x별도,지표,CV-6,PASS,default metric selection visible,,2026-07-07T21:34:06
원풍,00144012,008370,KOSDAQ,연간x연결,재무제표,DS-1,PASS,,,2026-07-07T21:34:20
원풍,00144012,008370,KOSDAQ,연간x연결,상단,DS-8,PASS,,,2026-07-07T21:34:20
원풍,00144012,008370,KOSDAQ,연간x연결,상단,DS-7,PASS,"badges seen: ['✅', '🔎']",,2026-07-07T21:34:20
원풍,00144012,008370,KOSDAQ,연간x연결,재무제표,CV-3,PASS,rows=29 cols=18 slider_extended=True,,2026-07-07T21:34:20
원풍,00144012,008370,KOSDAQ,연간x연결,재무제표,DS-2/DS-3,DONE,"cross-check completed for ['매출액', '영업이익']",,2026-07-07T21:34:20
원풍,00144012,008370,KOSDAQ,연간x연결,지표,CV-6,PASS,default metric selection visible,,2026-07-07T21:34:20
원풍,00144012,008370,KOSDAQ,연간x별도,재무제표,DS-1,PASS,,,2026-07-07T21:34:25
원풍,00144012,008370,KOSDAQ,연간x별도,상단,DS-8,PASS,,,2026-07-07T21:34:25
원풍,00144012,008370,KOSDAQ,연간x별도,상단,DS-7,PASS,"badges seen: ['✅', '🔎', '⚠']",,2026-07-07T21:34:25
원풍,00144012,008370,KOSDAQ,연간x별도,재무제표,CV-3,PASS,rows=29 cols=25 slider_extended=True,,2026-07-07T21:34:25
원풍,00144012,008370,KOSDAQ,연간x별도,재무제표,DS-2/DS-3,DONE,"cross-check completed for ['매출액', '영업이익']",,2026-07-07T21:34:25
원풍,00144012,008370,KOSDAQ,연간x별도,지표,CV-6,PASS,default metric selection visible,,2026-07-07T21:34:25
원풍,00144012,008370,KOSDAQ,분기x연결,재무제표,DS-1,PASS,,,2026-07-07T21:34:31
원풍,00144012,008370,KOSDAQ,분기x연결,상단,DS-8,PASS,,,2026-07-07T21:34:31
원풍,00144012,008370,KOSDAQ,분기x연결,상단,DS-7,PASS,"badges seen: ['✅', '🔎']",,2026-07-07T21:34:31
원풍,00144012,008370,KOSDAQ,분기x연결,재무제표,CV-3,PASS,rows=29 cols=57 slider_extended=True,,2026-07-07T21:34:31
원풍,00144012,008370,KOSDAQ,분기x연결,재무제표,DS-2/DS-3,DONE,"cross-check completed for ['매출액', '영업이익']",,2026-07-07T21:34:31
원풍,00144012,008370,KOSDAQ,분기x연결,지표,CV-6,PASS,default metric selection visible,,2026-07-07T21:34:31
원풍,00144012,008370,KOSDAQ,분기x별도,재무제표,DS-1,PASS,,,2026-07-07T21:34:39
원풍,00144012,008370,KOSDAQ,분기x별도,상단,DS-8,PASS,,,2026-07-07T21:34:39
원풍,00144012,008370,KOSDAQ,분기x별도,상단,DS-7,PASS,"badges seen: ['✅', '🔎']",,2026-07-07T21:34:39
원풍,00144012,008370,KOSDAQ,분기x별도,재무제표,CV-3,PASS,rows=29 cols=85 slider_extended=True,,2026-07-07T21:34:39
원풍,00144012,008370,KOSDAQ,분기x별도,재무제표,DS-2/DS-3,DONE,"cross-check completed for ['매출액', '영업이익']",,2026-07-07T21:34:39
원풍,00144012,008370,KOSDAQ,분기x별도,지표,CV-6,PASS,default metric selection visible,,2026-07-07T21:34:39
월덱스,00580065,101160,KOSDAQ,연간x연결,재무제표,DS-1,PASS,,,2026-07-07T21:34:52
월덱스,00580065,101160,KOSDAQ,연간x연결,상단,DS-8,PASS,,,2026-07-07T21:34:52
월덱스,00580065,101160,KOSDAQ,연간x연결,상단,DS-7,PASS,"badges seen: ['✅', '🔎', '⚠']",,2026-07-07T21:34:52
월덱스,00580065,101160,KOSDAQ,연간x연결,재무제표,CV-3,PASS,rows=29 cols=19 slider_extended=True,,2026-07-07T21:34:52
월덱스,00580065,101160,KOSDAQ,연간x연결,재무제표,DS-2/DS-3,DONE,"cross-check completed for ['매출액', '영업이익']",,2026-07-07T21:34:52
월덱스,00580065,101160,KOSDAQ,연간x연결,지표,CV-6,PASS,default metric selection visible,,2026-07-07T21:34:52
월덱스,00580065,101160,KOSDAQ,연간x별도,재무제표,DS-1,PASS,,,2026-07-07T21:34:58
월덱스,00580065,101160,KOSDAQ,연간x별도,상단,DS-8,PASS,,,2026-07-07T21:34:58
월덱스,00580065,101160,KOSDAQ,연간x별도,상단,DS-7,PASS,"badges seen: ['✅', '🔎', '⚠']",,2026-07-07T21:34:58
월덱스,00580065,101160,KOSDAQ,연간x별도,재무제표,CV-3,PASS,rows=29 cols=22 slider_extended=True,,2026-07-07T21:34:58
월덱스,00580065,101160,KOSDAQ,연간x별도,재무제표,DS-2/DS-3,DONE,"cross-check completed for ['매출액', '영업이익']",,2026-07-07T21:34:58
월덱스,00580065,101160,KOSDAQ,연간x별도,지표,CV-6,PASS,default metric selection visible,,2026-07-07T21:34:58
월덱스,00580065,101160,KOSDAQ,분기x연결,재무제표,DS-1,PASS,,,2026-07-07T21:35:04
월덱스,00580065,101160,KOSDAQ,분기x연결,상단,DS-8,PASS,,,2026-07-07T21:35:04
월덱스,00580065,101160,KOSDAQ,분기x연결,상단,DS-7,PASS,"badges seen: ['✅', '🔎']",,2026-07-07T21:35:04
월덱스,00580065,101160,KOSDAQ,분기x연결,재무제표,CV-3,PASS,rows=29 cols=60 slider_extended=True,,2026-07-07T21:35:04
월덱스,00580065,101160,KOSDAQ,분기x연결,재무제표,DS-2/DS-3,DONE,"cross-check completed for ['매출액', '영업이익']",,2026-07-07T21:35:04
월덱스,00580065,101160,KOSDAQ,분기x연결,지표,CV-6,PASS,default metric selection visible,,2026-07-07T21:35:04
월덱스,00580065,101160,KOSDAQ,분기x별도,재무제표,DS-1,PASS,,,2026-07-07T21:35:11
월덱스,00580065,101160,KOSDAQ,분기x별도,상단,DS-8,PASS,,,2026-07-07T21:35:11
월덱스,00580065,101160,KOSDAQ,분기x별도,상단,DS-7,PASS,"badges seen: ['✅', '🔎']",,2026-07-07T21:35:11
월덱스,00580065,101160,KOSDAQ,분기x별도,재무제표,CV-3,PASS,rows=29 cols=73 slider_extended=True,,2026-07-07T21:35:11
월덱스,00580065,101160,KOSDAQ,분기x별도,재무제표,DS-2/DS-3,DONE,"cross-check completed for ['매출액', '영업이익']",,2026-07-07T21:35:11
월덱스,00580065,101160,KOSDAQ,분기x별도,지표,CV-6,PASS,default metric selection visible,,2026-07-07T21:35:11
웨이버스,01408999,336060,KOSDAQ,연간x연결,재무제표,DS-1,PASS,,,2026-07-07T21:35:25
웨이버스,01408999,336060,KOSDAQ,연간x연결,상단,DS-8,PASS,,,2026-07-07T21:35:25
웨이버스,01408999,336060,KOSDAQ,연간x연결,상단,DS-7,PASS,"badges seen: ['✅', '🔎']",,2026-07-07T21:35:25
웨이버스,01408999,336060,KOSDAQ,연간x연결,재무제표,CV-3,PASS,rows=29 cols=8 slider_extended=True,,2026-07-07T21:35:25
웨이버스,01408999,336060,KOSDAQ,연간x연결,재무제표,DS-2/DS-3,DONE,"cross-check completed for ['매출액', '영업이익']",,2026-07-07T21:35:25
웨이버스,01408999,336060,KOSDAQ,연간x연결,지표,CV-6,PASS,default metric selection visible,,2026-07-07T21:35:25
웨이버스,01408999,336060,KOSDAQ,연간x별도,재무제표,DS-1,PASS,,,2026-07-07T21:35:30
웨이버스,01408999,336060,KOSDAQ,연간x별도,상단,DS-8,PASS,,,2026-07-07T21:35:30
웨이버스,01408999,336060,KOSDAQ,연간x별도,상단,DS-7,PASS,"badges seen: ['✅', '🔎']",,2026-07-07T21:35:30
웨이버스,01408999,336060,KOSDAQ,연간x별도,재무제표,CV-3,PASS,rows=29 cols=10 slider_extended=True,,2026-07-07T21:35:30
웨이버스,01408999,336060,KOSDAQ,연간x별도,재무제표,DS-2/DS-3,DONE,"cross-check completed for ['매출액', '영업이익']",,2026-07-07T21:35:30
웨이버스,01408999,336060,KOSDAQ,연간x별도,지표,CV-6,PASS,default metric selection visible,,2026-07-07T21:35:30
웨이버스,01408999,336060,KOSDAQ,분기x연결,재무제표,DS-1,PASS,,,2026-07-07T21:35:37
웨이버스,01408999,336060,KOSDAQ,분기x연결,상단,DS-8,PASS,,,2026-07-07T21:35:37
웨이버스,01408999,336060,KOSDAQ,분기x연결,상단,DS-7,PASS,"badges seen: ['✅', '🔎']",,2026-07-07T21:35:37
웨이버스,01408999,336060,KOSDAQ,분기x연결,재무제표,CV-3,PASS,rows=29 cols=24 slider_extended=True,,2026-07-07T21:35:37
웨이버스,01408999,336060,KOSDAQ,분기x연결,재무제표,DS-2/DS-3,DONE,"cross-check completed for ['매출액', '영업이익']",,2026-07-07T21:35:37
웨이버스,01408999,336060,KOSDAQ,분기x연결,지표,CV-6,PASS,default metric selection visible,,2026-07-07T21:35:37
웨이버스,01408999,336060,KOSDAQ,분기x별도,재무제표,DS-1,PASS,,,2026-07-07T21:35:44
웨이버스,01408999,336060,KOSDAQ,분기x별도,상단,DS-8,PASS,,,2026-07-07T21:35:44
웨이버스,01408999,336060,KOSDAQ,분기x별도,상단,DS-7,PASS,"badges seen: ['✅', '🔎']",,2026-07-07T21:35:44
웨이버스,01408999,336060,KOSDAQ,분기x별도,재무제표,CV-3,PASS,rows=29 cols=24 slider_extended=True,,2026-07-07T21:35:44
웨이버스,01408999,336060,KOSDAQ,분기x별도,재무제표,DS-2/DS-3,DONE,"cross-check completed for ['매출액', '영업이익']",,2026-07-07T21:35:44
웨이버스,01408999,336060,KOSDAQ,분기x별도,지표,CV-6,PASS,default metric selection visible,,2026-07-07T21:35:44
웨이브일렉트로,00526696,095270,KOSDAQ,연간x연결,재무제표,DS-1,PASS,,,2026-07-07T21:35:56
웨이브일렉트로,00526696,095270,KOSDAQ,연간x연결,상단,DS-8,PASS,,,2026-07-07T21:35:56
웨이브일렉트로,00526696,095270,KOSDAQ,연간x연결,상단,DS-7,PASS,"badges seen: ['✅', '🔎']",,2026-07-07T21:35:56
웨이브일렉트로,00526696,095270,KOSDAQ,연간x연결,재무제표,CV-3,PASS,rows=29 cols=19 slider_extended=True,,2026-07-07T21:35:56
웨이브일렉트로,00526696,095270,KOSDAQ,연간x연결,재무제표,DS-2/DS-3,DONE,"cross-check completed for ['매출액', '영업이익']",,2026-07-07T21:35:56
웨이브일렉트로,00526696,095270,KOSDAQ,연간x연결,지표,CV-6,PASS,default metric selection visible,,2026-07-07T21:35:56
웨이브일렉트로,00526696,095270,KOSDAQ,연간x별도,재무제표,DS-1,PASS,,,2026-07-07T21:36:01
웨이브일렉트로,00526696,095270,KOSDAQ,연간x별도,상단,DS-8,PASS,,,2026-07-07T21:36:01
웨이브일렉트로,00526696,095270,KOSDAQ,연간x별도,상단,DS-7,PASS,"badges seen: ['✅', '🔎']",,2026-07-07T21:36:01
웨이브일렉트로,00526696,095270,KOSDAQ,연간x별도,재무제표,CV-3,PASS,rows=29 cols=23 slider_extended=True,,2026-07-07T21:36:01
웨이브일렉트로,00526696,095270,KOSDAQ,연간x별도,재무제표,DS-2/DS-3,DONE,"cross-check completed for ['매출액', '영업이익']",,2026-07-07T21:36:01
웨이브일렉트로,00526696,095270,KOSDAQ,연간x별도,지표,CV-6,PASS,default metric selection visible,,2026-07-07T21:36:01
웨이브일렉트로,00526696,095270,KOSDAQ,분기x연결,재무제표,DS-1,PASS,,,2026-07-07T21:36:08
웨이브일렉트로,00526696,095270,KOSDAQ,분기x연결,상단,DS-8,PASS,,,2026-07-07T21:36:08
웨이브일렉트로,00526696,095270,KOSDAQ,분기x연결,상단,DS-7,PASS,"badges seen: ['✅', '🔎']",,2026-07-07T21:36:08
웨이브일렉트로,00526696,095270,KOSDAQ,분기x연결,재무제표,CV-3,PASS,rows=29 cols=60 slider_extended=True,,2026-07-07T21:36:08
웨이브일렉트로,00526696,095270,KOSDAQ,분기x연결,재무제표,DS-2/DS-3,DONE,"cross-check completed for ['매출액', '영업이익']",,2026-07-07T21:36:08
웨이브일렉트로,00526696,095270,KOSDAQ,분기x연결,지표,CV-6,PASS,default metric selection visible,,2026-07-07T21:36:08
웨이브일렉트로,00526696,095270,KOSDAQ,분기x별도,재무제표,DS-1,PASS,,,2026-07-07T21:36:15
웨이브일렉트로,00526696,095270,KOSDAQ,분기x별도,상단,DS-8,PASS,,,2026-07-07T21:36:15
웨이브일렉트로,00526696,095270,KOSDAQ,분기x별도,상단,DS-7,PASS,"badges seen: ['✅', '🔎']",,2026-07-07T21:36:15
웨이브일렉트로,00526696,095270,KOSDAQ,분기x별도,재무제표,CV-3,PASS,rows=29 cols=76 slider_extended=True,,2026-07-07T21:36:15
웨이브일렉트로,00526696,095270,KOSDAQ,분기x별도,재무제표,DS-2/DS-3,DONE,"cross-check completed for ['매출액', '영업이익']",,2026-07-07T21:36:15
웨이브일렉트로,00526696,095270,KOSDAQ,분기x별도,지표,CV-6,PASS,default metric selection visible,,2026-07-07T21:36:15
웨이비스,01270749,289930,KOSDAQ,연간x연결,재무제표,DS-1,PASS,,,2026-07-07T21:36:28
웨이비스,01270749,289930,KOSDAQ,연간x연결,상단,DS-8,PASS,,,2026-07-07T21:36:28
웨이비스,01270749,289930,KOSDAQ,연간x연결,상단,DS-4,PASS,substitution caption present,,2026-07-07T21:36:28
웨이비스,01270749,289930,KOSDAQ,연간x연결,상단,DS-7,PASS,"badges seen: ['✅', '🔎']",,2026-07-07T21:36:28
웨이비스,01270749,289930,KOSDAQ,연간x연결,재무제표,CV-3,PASS,rows=29 cols=6 slider_extended=True,,2026-07-07T21:36:28
웨이비스,01270749,289930,KOSDAQ,연간x연결,재무제표,DS-2/DS-3,DONE,"cross-check completed for ['매출액', '영업이익']",,2026-07-07T21:36:28
웨이비스,01270749,289930,KOSDAQ,연간x연결,지표,CV-6,PASS,default metric selection visible,,2026-07-07T21:36:28
웨이비스,01270749,289930,KOSDAQ,연간x별도,재무제표,DS-1,PASS,,,2026-07-07T21:36:33
웨이비스,01270749,289930,KOSDAQ,연간x별도,상단,DS-8,PASS,,,2026-07-07T21:36:33
웨이비스,01270749,289930,KOSDAQ,연간x별도,상단,DS-7,PASS,"badges seen: ['✅', '🔎']",,2026-07-07T21:36:33
웨이비스,01270749,289930,KOSDAQ,연간x별도,재무제표,CV-3,PASS,rows=29 cols=6 slider_extended=True,,2026-07-07T21:36:33
웨이비스,01270749,289930,KOSDAQ,연간x별도,재무제표,DS-2/DS-3,DONE,"cross-check completed for ['매출액', '영업이익']",,2026-07-07T21:36:33
웨이비스,01270749,289930,KOSDAQ,연간x별도,지표,CV-6,PASS,default metric selection visible,,2026-07-07T21:36:33
웨이비스,01270749,289930,KOSDAQ,분기x연결,재무제표,DS-1,PASS,,,2026-07-07T21:36:40
웨이비스,01270749,289930,KOSDAQ,분기x연결,상단,DS-8,PASS,,,2026-07-07T21:36:40
웨이비스,01270749,289930,KOSDAQ,분기x연결,상단,DS-4,PASS,substitution caption present,,2026-07-07T21:36:40
웨이비스,01270749,289930,KOSDAQ,분기x연결,상단,DS-7,PASS,"badges seen: ['✅', '🔎']",,2026-07-07T21:36:40
웨이비스,01270749,289930,KOSDAQ,분기x연결,재무제표,CV-3,PASS,rows=29 cols=11 slider_extended=True,,2026-07-07T21:36:40
웨이비스,01270749,289930,KOSDAQ,분기x연결,재무제표,DS-2/DS-3,DONE,"cross-check completed for ['매출액', '영업이익']",,2026-07-07T21:36:40
웨이비스,01270749,289930,KOSDAQ,분기x연결,지표,CV-6,PASS,default metric selection visible,,2026-07-07T21:36:40
웨이비스,01270749,289930,KOSDAQ,분기x별도,재무제표,DS-1,PASS,,,2026-07-07T21:36:47
웨이비스,01270749,289930,KOSDAQ,분기x별도,상단,DS-8,PASS,,,2026-07-07T21:36:47
웨이비스,01270749,289930,KOSDAQ,분기x별도,상단,DS-7,PASS,"badges seen: ['✅', '🔎']",,2026-07-07T21:36:47
웨이비스,01270749,289930,KOSDAQ,분기x별도,재무제표,CV-3,PASS,rows=29 cols=11 slider_extended=True,,2026-07-07T21:36:47
웨이비스,01270749,289930,KOSDAQ,분기x별도,재무제표,DS-2/DS-3,DONE,"cross-check completed for ['매출액', '영업이익']",,2026-07-07T21:36:47
웨이비스,01270749,289930,KOSDAQ,분기x별도,지표,CV-6,PASS,default metric selection visible,,2026-07-07T21:36:47
웰크론,00362159,065950,KOSDAQ,연간x연결,재무제표,DS-1,PASS,,,2026-07-07T21:37:01
웰크론,00362159,065950,KOSDAQ,연간x연결,상단,DS-8,PASS,,,2026-07-07T21:37:01
웰크론,00362159,065950,KOSDAQ,연간x연결,상단,DS-7,PASS,"badges seen: ['✅', '🔎', '⚠']",,2026-07-07T21:37:01
웰크론,00362159,065950,KOSDAQ,연간x연결,재무제표,CV-3,PASS,rows=29 cols=19 slider_extended=True,,2026-07-07T21:37:01
웰크론,00362159,065950,KOSDAQ,연간x연결,재무제표,DS-2/DS-3,DONE,"cross-check completed for ['매출액', '영업이익']",,2026-07-07T21:37:01
웰크론,00362159,065950,KOSDAQ,연간x연결,지표,CV-6,PASS,default metric selection visible,,2026-07-07T21:37:01
웰크론,00362159,065950,KOSDAQ,연간x별도,재무제표,DS-1,PASS,,,2026-07-07T21:37:06
웰크론,00362159,065950,KOSDAQ,연간x별도,상단,DS-8,PASS,,,2026-07-07T21:37:06
웰크론,00362159,065950,KOSDAQ,연간x별도,상단,DS-7,PASS,"badges seen: ['✅', '🔎']",,2026-07-07T21:37:06
웰크론,00362159,065950,KOSDAQ,연간x별도,재무제표,CV-3,PASS,rows=29 cols=26 slider_extended=True,,2026-07-07T21:37:06
웰크론,00362159,065950,KOSDAQ,연간x별도,재무제표,DS-2/DS-3,DONE,"cross-check completed for ['매출액', '영업이익']",,2026-07-07T21:37:06
웰크론,00362159,065950,KOSDAQ,연간x별도,지표,CV-6,PASS,default metric selection visible,,2026-07-07T21:37:06
웰크론,00362159,065950,KOSDAQ,분기x연결,재무제표,DS-1,PASS,,,2026-07-07T21:37:12
웰크론,00362159,065950,KOSDAQ,분기x연결,상단,DS-8,PASS,,,2026-07-07T21:37:12
웰크론,00362159,065950,KOSDAQ,분기x연결,상단,DS-7,PASS,"badges seen: ['✅', '🔎']",,2026-07-07T21:37:12
웰크론,00362159,065950,KOSDAQ,분기x연결,재무제표,CV-3,PASS,rows=29 cols=60 slider_extended=True,,2026-07-07T21:37:12
웰크론,00362159,065950,KOSDAQ,분기x연결,재무제표,DS-2/DS-3,DONE,"cross-check completed for ['매출액', '영업이익']",,2026-07-07T21:37:12
웰크론,00362159,065950,KOSDAQ,분기x연결,지표,CV-6,PASS,default metric selection visible,,2026-07-07T21:37:12
웰크론,00362159,065950,KOSDAQ,분기x별도,재무제표,DS-1,PASS,,,2026-07-07T21:37:19
웰크론,00362159,065950,KOSDAQ,분기x별도,상단,DS-8,PASS,,,2026-07-07T21:37:19
웰크론,00362159,065950,KOSDAQ,분기x별도,상단,DS-7,PASS,"badges seen: ['✅', '🔎']",,2026-07-07T21:37:19
웰크론,00362159,065950,KOSDAQ,분기x별도,재무제표,CV-3,PASS,rows=29 cols=85 slider_extended=True,,2026-07-07T21:37:19
웰크론,00362159,065950,KOSDAQ,분기x별도,재무제표,DS-2/DS-3,DONE,"cross-check completed for ['매출액', '영업이익']",,2026-07-07T21:37:19
웰크론,00362159,065950,KOSDAQ,분기x별도,지표,CV-6,PASS,default metric selection visible,,2026-07-07T21:37:19
웰크론한텍,00487546,076080,KOSDAQ,연간x연결,재무제표,DS-1,PASS,,,2026-07-07T21:37:33
웰크론한텍,00487546,076080,KOSDAQ,연간x연결,상단,DS-8,PASS,,,2026-07-07T21:37:33
웰크론한텍,00487546,076080,KOSDAQ,연간x연결,상단,DS-7,PASS,"badges seen: ['✅', '🔎', '⚠']",,2026-07-07T21:37:33
웰크론한텍,00487546,076080,KOSDAQ,연간x연결,재무제표,CV-3,PASS,rows=29 cols=19 slider_extended=True,,2026-07-07T21:37:33
웰크론한텍,00487546,076080,KOSDAQ,연간x연결,재무제표,DS-2/DS-3,DONE,"cross-check completed for ['매출액', '영업이익']",,2026-07-07T21:37:33
웰크론한텍,00487546,076080,KOSDAQ,연간x연결,지표,CV-6,PASS,default metric selection visible,,2026-07-07T21:37:33
웰크론한텍,00487546,076080,KOSDAQ,연간x별도,재무제표,DS-1,PASS,,,2026-07-07T21:37:38
웰크론한텍,00487546,076080,KOSDAQ,연간x별도,상단,DS-8,PASS,,,2026-07-07T21:37:38
웰크론한텍,00487546,076080,KOSDAQ,연간x별도,상단,DS-7,PASS,"badges seen: ['✅', '🔎', '⚠']",,2026-07-07T21:37:38
웰크론한텍,00487546,076080,KOSDAQ,연간x별도,재무제표,CV-3,PASS,rows=29 cols=22 slider_extended=True,,2026-07-07T21:37:38
웰크론한텍,00487546,076080,KOSDAQ,연간x별도,재무제표,DS-2/DS-3,DONE,"cross-check completed for ['매출액', '영업이익']",,2026-07-07T21:37:38
웰크론한텍,00487546,076080,KOSDAQ,연간x별도,지표,CV-6,PASS,default metric selection visible,,2026-07-07T21:37:38
웰크론한텍,00487546,076080,KOSDAQ,분기x연결,재무제표,DS-1,PASS,,,2026-07-07T21:37:44
웰크론한텍,00487546,076080,KOSDAQ,분기x연결,상단,DS-8,PASS,,,2026-07-07T21:37:44
웰크론한텍,00487546,076080,KOSDAQ,분기x연결,상단,DS-7,PASS,"badges seen: ['✅', '🔎']",,2026-07-07T21:37:44
웰크론한텍,00487546,076080,KOSDAQ,분기x연결,재무제표,CV-3,PASS,rows=29 cols=60 slider_extended=True,,2026-07-07T21:37:44
웰크론한텍,00487546,076080,KOSDAQ,분기x연결,재무제표,DS-2/DS-3,DONE,"cross-check completed for ['매출액', '영업이익']",,2026-07-07T21:37:44
웰크론한텍,00487546,076080,KOSDAQ,분기x연결,지표,CV-6,PASS,default metric selection visible,,2026-07-07T21:37:44
웰크론한텍,00487546,076080,KOSDAQ,분기x별도,재무제표,DS-1,PASS,,,2026-07-07T21:37:52
웰크론한텍,00487546,076080,KOSDAQ,분기x별도,상단,DS-8,PASS,,,2026-07-07T21:37:52
웰크론한텍,00487546,076080,KOSDAQ,분기x별도,상단,DS-7,PASS,"badges seen: ['✅', '🔎']",,2026-07-07T21:37:52
웰크론한텍,00487546,076080,KOSDAQ,분기x별도,재무제표,CV-3,PASS,rows=29 cols=73 slider_extended=True,,2026-07-07T21:37:52
웰크론한텍,00487546,076080,KOSDAQ,분기x별도,재무제표,DS-2/DS-3,DONE,"cross-check completed for ['매출액', '영업이익']",,2026-07-07T21:37:52
웰크론한텍,00487546,076080,KOSDAQ,분기x별도,지표,CV-6,PASS,default metric selection visible,,2026-07-07T21:37:52
웰킵스하이텍,00260611,043590,KOSDAQ,연간x연결,재무제표,DS-1,PASS,,,2026-07-07T21:38:05
웰킵스하이텍,00260611,043590,KOSDAQ,연간x연결,상단,DS-8,PASS,,,2026-07-07T21:38:05
웰킵스하이텍,00260611,043590,KOSDAQ,연간x연결,상단,DS-7,PASS,"badges seen: ['✅', '🔎', '⚠']",,2026-07-07T21:38:05
웰킵스하이텍,00260611,043590,KOSDAQ,연간x연결,재무제표,CV-3,PASS,rows=29 cols=19 slider_extended=True,,2026-07-07T21:38:05
웰킵스하이텍,00260611,043590,KOSDAQ,연간x연결,재무제표,DS-2/DS-3,DONE,"cross-check completed for ['매출액', '영업이익']",,2026-07-07T21:38:05
웰킵스하이텍,00260611,043590,KOSDAQ,연간x연결,지표,CV-6,PASS,default metric selection visible,,2026-07-07T21:38:05
웰킵스하이텍,00260611,043590,KOSDAQ,연간x별도,재무제표,DS-1,PASS,,,2026-07-07T21:38:11
웰킵스하이텍,00260611,043590,KOSDAQ,연간x별도,상단,DS-8,PASS,,,2026-07-07T21:38:11
웰킵스하이텍,00260611,043590,KOSDAQ,연간x별도,상단,DS-7,PASS,"badges seen: ['✅', '🔎', '⚠']",,2026-07-07T21:38:11
웰킵스하이텍,00260611,043590,KOSDAQ,연간x별도,재무제표,CV-3,PASS,rows=29 cols=25 slider_extended=True,,2026-07-07T21:38:11
웰킵스하이텍,00260611,043590,KOSDAQ,연간x별도,재무제표,DS-2/DS-3,DONE,"cross-check completed for ['매출액', '영업이익']",,2026-07-07T21:38:11
웰킵스하이텍,00260611,043590,KOSDAQ,연간x별도,지표,CV-6,PASS,default metric selection visible,,2026-07-07T21:38:11
웰킵스하이텍,00260611,043590,KOSDAQ,분기x연결,재무제표,DS-1,PASS,,,2026-07-07T21:38:18
웰킵스하이텍,00260611,043590,KOSDAQ,분기x연결,상단,DS-8,PASS,,,2026-07-07T21:38:18
웰킵스하이텍,00260611,043590,KOSDAQ,분기x연결,상단,DS-7,PASS,"badges seen: ['✅', '🔎', '⚠']",,2026-07-07T21:38:18
웰킵스하이텍,00260611,043590,KOSDAQ,분기x연결,재무제표,CV-3,PASS,rows=29 cols=58 slider_extended=True,,2026-07-07T21:38:18
웰킵스하이텍,00260611,043590,KOSDAQ,분기x연결,재무제표,DS-2/DS-3,DONE,"cross-check completed for ['매출액', '영업이익']",,2026-07-07T21:38:18
웰킵스하이텍,00260611,043590,KOSDAQ,분기x연결,지표,CV-6,PASS,default metric selection visible,,2026-07-07T21:38:18
웰킵스하이텍,00260611,043590,KOSDAQ,분기x별도,재무제표,DS-1,PASS,,,2026-07-07T21:38:25
웰킵스하이텍,00260611,043590,KOSDAQ,분기x별도,상단,DS-8,PASS,,,2026-07-07T21:38:25
웰킵스하이텍,00260611,043590,KOSDAQ,분기x별도,상단,DS-7,PASS,"badges seen: ['✅', '🔎', '⚠']",,2026-07-07T21:38:25
웰킵스하이텍,00260611,043590,KOSDAQ,분기x별도,재무제표,CV-3,PASS,rows=29 cols=75 slider_extended=True,,2026-07-07T21:38:25
웰킵스하이텍,00260611,043590,KOSDAQ,분기x별도,재무제표,DS-2/DS-3,DONE,"cross-check completed for ['매출액', '영업이익']",,2026-07-07T21:38:25
웰킵스하이텍,00260611,043590,KOSDAQ,분기x별도,지표,CV-6,PASS,default metric selection visible,,2026-07-07T21:38:25
웹스,00864338,196700,KOSDAQ,연간x연결,재무제표,DS-1,PASS,,,2026-07-07T21:38:39
웹스,00864338,196700,KOSDAQ,연간x연결,상단,DS-8,PASS,,,2026-07-07T21:38:39
웹스,00864338,196700,KOSDAQ,연간x연결,상단,DS-7,PASS,"badges seen: ['✅', '🔎']",,2026-07-07T21:38:39
웹스,00864338,196700,KOSDAQ,연간x연결,재무제표,CV-3,PASS,rows=29 cols=15 slider_extended=True,,2026-07-07T21:38:39
웹스,00864338,196700,KOSDAQ,연간x연결,재무제표,DS-2/DS-3,DONE,"cross-check completed for ['매출액', '영업이익']",,2026-07-07T21:38:39
웹스,00864338,196700,KOSDAQ,연간x연결,지표,CV-6,PASS,default metric selection visible,,2026-07-07T21:38:39
웹스,00864338,196700,KOSDAQ,연간x별도,재무제표,DS-1,PASS,,,2026-07-07T21:38:44
웹스,00864338,196700,KOSDAQ,연간x별도,상단,DS-8,PASS,,,2026-07-07T21:38:44
웹스,00864338,196700,KOSDAQ,연간x별도,상단,DS-7,PASS,"badges seen: ['✅', '🔎']",,2026-07-07T21:38:44
웹스,00864338,196700,KOSDAQ,연간x별도,재무제표,CV-3,PASS,rows=29 cols=15 slider_extended=True,,2026-07-07T21:38:44
웹스,00864338,196700,KOSDAQ,연간x별도,재무제표,DS-2/DS-3,DONE,"cross-check completed for ['매출액', '영업이익']",,2026-07-07T21:38:44
웹스,00864338,196700,KOSDAQ,연간x별도,지표,CV-6,PASS,default metric selection visible,,2026-07-07T21:38:44
웹스,00864338,196700,KOSDAQ,분기x연결,재무제표,DS-1,PASS,,,2026-07-07T21:38:51
웹스,00864338,196700,KOSDAQ,분기x연결,상단,DS-8,PASS,,,2026-07-07T21:38:51
웹스,00864338,196700,KOSDAQ,분기x연결,상단,DS-7,PASS,"badges seen: ['✅', '🔎']",,2026-07-07T21:38:51
웹스,00864338,196700,KOSDAQ,분기x연결,재무제표,CV-3,PASS,rows=29 cols=51 slider_extended=True,,2026-07-07T21:38:51
웹스,00864338,196700,KOSDAQ,분기x연결,재무제표,DS-2/DS-3,DONE,"cross-check completed for ['매출액', '영업이익']",,2026-07-07T21:38:51
웹스,00864338,196700,KOSDAQ,분기x연결,지표,CV-6,PASS,default metric selection visible,,2026-07-07T21:38:51
웹스,00864338,196700,KOSDAQ,분기x별도,재무제표,DS-1,PASS,,,2026-07-07T21:38:58
웹스,00864338,196700,KOSDAQ,분기x별도,상단,DS-8,PASS,,,2026-07-07T21:38:58
웹스,00864338,196700,KOSDAQ,분기x별도,상단,DS-7,PASS,"badges seen: ['✅', '🔎']",,2026-07-07T21:38:58
웹스,00864338,196700,KOSDAQ,분기x별도,재무제표,CV-3,PASS,rows=29 cols=51 slider_extended=True,,2026-07-07T21:38:58
웹스,00864338,196700,KOSDAQ,분기x별도,재무제표,DS-2/DS-3,DONE,"cross-check completed for ['매출액', '영업이익']",,2026-07-07T21:38:58
웹스,00864338,196700,KOSDAQ,분기x별도,지표,CV-6,PASS,default metric selection visible,,2026-07-07T21:38:58
웹젠,00405320,069080,KOSDAQ,연간x연결,재무제표,DS-1,PASS,,,2026-07-07T21:39:12
웹젠,00405320,069080,KOSDAQ,연간x연결,상단,DS-8,PASS,,,2026-07-07T21:39:12
웹젠,00405320,069080,KOSDAQ,연간x연결,상단,DS-7,PASS,"badges seen: ['✅', '🔎']",,2026-07-07T21:39:12
웹젠,00405320,069080,KOSDAQ,연간x연결,재무제표,CV-3,PASS,rows=29 cols=19 slider_extended=True,,2026-07-07T21:39:12
웹젠,00405320,069080,KOSDAQ,연간x연결,재무제표,DS-2/DS-3,DONE,"cross-check completed for ['매출액', '영업이익']",,2026-07-07T21:39:12
웹젠,00405320,069080,KOSDAQ,연간x연결,지표,CV-6,PASS,default metric selection visible,,2026-07-07T21:39:12
웹젠,00405320,069080,KOSDAQ,연간x별도,재무제표,DS-1,PASS,,,2026-07-07T21:39:17
웹젠,00405320,069080,KOSDAQ,연간x별도,상단,DS-8,PASS,,,2026-07-07T21:39:17
웹젠,00405320,069080,KOSDAQ,연간x별도,상단,DS-7,PASS,"badges seen: ['✅', '🔎']",,2026-07-07T21:39:17
웹젠,00405320,069080,KOSDAQ,연간x별도,재무제표,CV-3,PASS,rows=29 cols=25 slider_extended=True,,2026-07-07T21:39:17
웹젠,00405320,069080,KOSDAQ,연간x별도,재무제표,DS-2/DS-3,DONE,"cross-check completed for ['매출액', '영업이익']",,2026-07-07T21:39:17
웹젠,00405320,069080,KOSDAQ,연간x별도,지표,CV-6,PASS,default metric selection visible,,2026-07-07T21:39:17
웹젠,00405320,069080,KOSDAQ,분기x연결,재무제표,DS-1,PASS,,,2026-07-07T21:39:23
웹젠,00405320,069080,KOSDAQ,분기x연결,상단,DS-8,PASS,,,2026-07-07T21:39:23
웹젠,00405320,069080,KOSDAQ,분기x연결,상단,DS-7,PASS,"badges seen: ['✅', '🔎']",,2026-07-07T21:39:23
웹젠,00405320,069080,KOSDAQ,분기x연결,재무제표,CV-3,PASS,rows=29 cols=62 slider_extended=True,,2026-07-07T21:39:23
웹젠,00405320,069080,KOSDAQ,분기x연결,재무제표,DS-2/DS-3,DONE,"cross-check completed for ['매출액', '영업이익']",,2026-07-07T21:39:23
웹젠,00405320,069080,KOSDAQ,분기x연결,지표,CV-6,PASS,default metric selection visible,,2026-07-07T21:39:23
웹젠,00405320,069080,KOSDAQ,분기x별도,재무제표,DS-1,PASS,,,2026-07-07T21:39:31
웹젠,00405320,069080,KOSDAQ,분기x별도,상단,DS-8,PASS,,,2026-07-07T21:39:31
웹젠,00405320,069080,KOSDAQ,분기x별도,상단,DS-7,PASS,"badges seen: ['✅', '🔎']",,2026-07-07T21:39:31
웹젠,00405320,069080,KOSDAQ,분기x별도,재무제표,CV-3,PASS,rows=29 cols=77 slider_extended=True,,2026-07-07T21:39:31
웹젠,00405320,069080,KOSDAQ,분기x별도,재무제표,DS-2/DS-3,DONE,"cross-check completed for ['매출액', '영업이익']",,2026-07-07T21:39:31
웹젠,00405320,069080,KOSDAQ,분기x별도,지표,CV-6,PASS,default metric selection visible,,2026-07-07T21:39:31
웹케시,00323868,053580,KOSDAQ,연간x연결,재무제표,DS-1,PASS,,,2026-07-07T21:39:44
웹케시,00323868,053580,KOSDAQ,연간x연결,상단,DS-8,PASS,,,2026-07-07T21:39:44
웹케시,00323868,053580,KOSDAQ,연간x연결,상단,DS-7,PASS,"badges seen: ['✅', '🔎']",,2026-07-07T21:39:44
웹케시,00323868,053580,KOSDAQ,연간x연결,재무제표,CV-3,PASS,rows=29 cols=11 slider_extended=True,,2026-07-07T21:39:44
웹케시,00323868,053580,KOSDAQ,연간x연결,재무제표,DS-2/DS-3,DONE,"cross-check completed for ['매출액', '영업이익']",,2026-07-07T21:39:44
웹케시,00323868,053580,KOSDAQ,연간x연결,지표,CV-6,PASS,default metric selection visible,,2026-07-07T21:39:44
웹케시,00323868,053580,KOSDAQ,연간x별도,재무제표,DS-1,PASS,,,2026-07-07T21:39:50
웹케시,00323868,053580,KOSDAQ,연간x별도,상단,DS-8,PASS,,,2026-07-07T21:39:50
웹케시,00323868,053580,KOSDAQ,연간x별도,상단,DS-7,PASS,"badges seen: ['✅', '🔎', '⚠']",,2026-07-07T21:39:50
웹케시,00323868,053580,KOSDAQ,연간x별도,재무제표,CV-3,PASS,rows=29 cols=15 slider_extended=True,,2026-07-07T21:39:50
웹케시,00323868,053580,KOSDAQ,연간x별도,재무제표,DS-2/DS-3,DONE,"cross-check completed for ['매출액', '영업이익']",,2026-07-07T21:39:50
웹케시,00323868,053580,KOSDAQ,연간x별도,지표,CV-6,PASS,default metric selection visible,,2026-07-07T21:39:50
웹케시,00323868,053580,KOSDAQ,분기x연결,재무제표,DS-1,PASS,,,2026-07-07T21:39:56
웹케시,00323868,053580,KOSDAQ,분기x연결,상단,DS-8,PASS,,,2026-07-07T21:39:56
웹케시,00323868,053580,KOSDAQ,분기x연결,상단,DS-7,PASS,"badges seen: ['✅', '🔎', '⚠']",,2026-07-07T21:39:56
웹케시,00323868,053580,KOSDAQ,분기x연결,재무제표,CV-3,PASS,rows=29 cols=25 slider_extended=True,,2026-07-07T21:39:56
웹케시,00323868,053580,KOSDAQ,분기x연결,재무제표,DS-2/DS-3,DONE,"cross-check completed for ['매출액', '영업이익']",,2026-07-07T21:39:56
웹케시,00323868,053580,KOSDAQ,분기x연결,지표,CV-6,PASS,default metric selection visible,,2026-07-07T21:39:56
웹케시,00323868,053580,KOSDAQ,분기x별도,재무제표,DS-1,PASS,,,2026-07-07T21:40:03
웹케시,00323868,053580,KOSDAQ,분기x별도,상단,DS-8,PASS,,,2026-07-07T21:40:03
웹케시,00323868,053580,KOSDAQ,분기x별도,상단,DS-7,PASS,"badges seen: ['✅', '🔎']",,2026-07-07T21:40:03
웹케시,00323868,053580,KOSDAQ,분기x별도,재무제표,CV-3,PASS,rows=29 cols=14 slider_extended=True,,2026-07-07T21:40:03
웹케시,00323868,053580,KOSDAQ,분기x별도,재무제표,DS-2/DS-3,DONE,"cross-check completed for ['매출액', '영업이익']",,2026-07-07T21:40:03
웹케시,00323868,053580,KOSDAQ,분기x별도,지표,CV-6,PASS,default metric selection visible,,2026-07-07T21:40:03
위너스일렉,01137860,479960,KOSDAQ,연간x연결,재무제표,DS-1,PASS,,,2026-07-07T21:40:17
위너스일렉,01137860,479960,KOSDAQ,연간x연결,상단,DS-8,PASS,,,2026-07-07T21:40:17
위너스일렉,01137860,479960,KOSDAQ,연간x연결,상단,DS-4,PASS,substitution caption present,,2026-07-07T21:40:17
위너스일렉,01137860,479960,KOSDAQ,연간x연결,상단,DS-7,PASS,"badges seen: ['✅', '🔎']",,2026-07-07T21:40:17
위너스일렉,01137860,479960,KOSDAQ,연간x연결,재무제표,CV-3,PASS,rows=29 cols=6 slider_extended=True,,2026-07-07T21:40:17
위너스일렉,01137860,479960,KOSDAQ,연간x연결,재무제표,DS-2/DS-3,DONE,"cross-check completed for ['매출액', '영업이익']",,2026-07-07T21:40:17
위너스일렉,01137860,479960,KOSDAQ,연간x연결,지표,CV-6,PASS,default metric selection visible,,2026-07-07T21:40:17
위너스일렉,01137860,479960,KOSDAQ,연간x별도,재무제표,DS-1,PASS,,,2026-07-07T21:40:22
위너스일렉,01137860,479960,KOSDAQ,연간x별도,상단,DS-8,PASS,,,2026-07-07T21:40:22
위너스일렉,01137860,479960,KOSDAQ,연간x별도,상단,DS-7,PASS,"badges seen: ['✅', '🔎']",,2026-07-07T21:40:22
위너스일렉,01137860,479960,KOSDAQ,연간x별도,재무제표,CV-3,PASS,rows=29 cols=6 slider_extended=True,,2026-07-07T21:40:22
위너스일렉,01137860,479960,KOSDAQ,연간x별도,재무제표,DS-2/DS-3,DONE,"cross-check completed for ['매출액', '영업이익']",,2026-07-07T21:40:22
위너스일렉,01137860,479960,KOSDAQ,연간x별도,지표,CV-6,PASS,default metric selection visible,,2026-07-07T21:40:22
위너스일렉,01137860,479960,KOSDAQ,분기x연결,재무제표,DS-1,PASS,,,2026-07-07T21:40:28
위너스일렉,01137860,479960,KOSDAQ,분기x연결,상단,DS-8,PASS,,,2026-07-07T21:40:28
위너스일렉,01137860,479960,KOSDAQ,분기x연결,상단,DS-4,PASS,substitution caption present,,2026-07-07T21:40:28
위너스일렉,01137860,479960,KOSDAQ,분기x연결,상단,DS-7,PASS,"badges seen: ['✅', '🔎']",,2026-07-07T21:40:28
위너스일렉,01137860,479960,KOSDAQ,분기x연결,재무제표,CV-3,PASS,rows=29 cols=11 slider_extended=True,,2026-07-07T21:40:28
위너스일렉,01137860,479960,KOSDAQ,분기x연결,재무제표,DS-2/DS-3,DONE,"cross-check completed for ['매출액', '영업이익']",,2026-07-07T21:40:28
위너스일렉,01137860,479960,KOSDAQ,분기x연결,지표,CV-6,PASS,default metric selection visible,,2026-07-07T21:40:28
위너스일렉,01137860,479960,KOSDAQ,분기x별도,재무제표,DS-1,PASS,,,2026-07-07T21:40:35
위너스일렉,01137860,479960,KOSDAQ,분기x별도,상단,DS-8,PASS,,,2026-07-07T21:40:35
위너스일렉,01137860,479960,KOSDAQ,분기x별도,상단,DS-7,PASS,"badges seen: ['✅', '🔎']",,2026-07-07T21:40:35
위너스일렉,01137860,479960,KOSDAQ,분기x별도,재무제표,CV-3,PASS,rows=29 cols=11 slider_extended=True,,2026-07-07T21:40:35
위너스일렉,01137860,479960,KOSDAQ,분기x별도,재무제표,DS-2/DS-3,DONE,"cross-check completed for ['매출액', '영업이익']",,2026-07-07T21:40:35
위너스일렉,01137860,479960,KOSDAQ,분기x별도,지표,CV-6,PASS,default metric selection visible,,2026-07-07T21:40:35
위닉스,00293886,044340,KOSDAQ,연간x연결,재무제표,DS-1,PASS,,,2026-07-07T21:40:49
위닉스,00293886,044340,KOSDAQ,연간x연결,상단,DS-8,PASS,,,2026-07-07T21:40:49
위닉스,00293886,044340,KOSDAQ,연간x연결,상단,DS-7,PASS,"badges seen: ['✅', '🔎', '⚠']",,2026-07-07T21:40:49
위닉스,00293886,044340,KOSDAQ,연간x연결,재무제표,CV-3,PASS,rows=29 cols=19 slider_extended=True,,2026-07-07T21:40:49
위닉스,00293886,044340,KOSDAQ,연간x연결,재무제표,DS-2/DS-3,DONE,"cross-check completed for ['매출액', '영업이익']",,2026-07-07T21:40:49
위닉스,00293886,044340,KOSDAQ,연간x연결,지표,CV-6,PASS,default metric selection visible,,2026-07-07T21:40:49
위닉스,00293886,044340,KOSDAQ,연간x별도,재무제표,DS-1,PASS,,,2026-07-07T21:40:54
위닉스,00293886,044340,KOSDAQ,연간x별도,상단,DS-8,PASS,,,2026-07-07T21:40:54
위닉스,00293886,044340,KOSDAQ,연간x별도,상단,DS-7,PASS,"badges seen: ['✅', '🔎', '⚠']",,2026-07-07T21:40:54
위닉스,00293886,044340,KOSDAQ,연간x별도,재무제표,CV-3,PASS,rows=29 cols=29 slider_extended=True,,2026-07-07T21:40:54
위닉스,00293886,044340,KOSDAQ,연간x별도,재무제표,DS-2/DS-3,DONE,"cross-check completed for ['매출액', '영업이익']",,2026-07-07T21:40:54
위닉스,00293886,044340,KOSDAQ,연간x별도,지표,CV-6,PASS,default metric selection visible,,2026-07-07T21:40:54
위닉스,00293886,044340,KOSDAQ,분기x연결,재무제표,DS-1,PASS,,,2026-07-07T21:41:00
위닉스,00293886,044340,KOSDAQ,분기x연결,상단,DS-8,PASS,,,2026-07-07T21:41:00
위닉스,00293886,044340,KOSDAQ,분기x연결,상단,DS-7,PASS,"badges seen: ['✅', '🔎']",,2026-07-07T21:41:00
위닉스,00293886,044340,KOSDAQ,분기x연결,재무제표,CV-3,PASS,rows=29 cols=60 slider_extended=True,,2026-07-07T21:41:00
위닉스,00293886,044340,KOSDAQ,분기x연결,재무제표,DS-2/DS-3,DONE,"cross-check completed for ['매출액', '영업이익']",,2026-07-07T21:41:00
위닉스,00293886,044340,KOSDAQ,분기x연결,지표,CV-6,PASS,default metric selection visible,,2026-07-07T21:41:00
위닉스,00293886,044340,KOSDAQ,분기x별도,재무제표,DS-1,PASS,,,2026-07-07T21:41:08
위닉스,00293886,044340,KOSDAQ,분기x별도,상단,DS-8,PASS,,,2026-07-07T21:41:08
위닉스,00293886,044340,KOSDAQ,분기x별도,상단,DS-7,PASS,"badges seen: ['✅', '🔎']",,2026-07-07T21:41:08
위닉스,00293886,044340,KOSDAQ,분기x별도,재무제표,CV-3,PASS,rows=29 cols=14 slider_extended=True,,2026-07-07T21:41:08
위닉스,00293886,044340,KOSDAQ,분기x별도,재무제표,DS-2/DS-3,DONE,"cross-check completed for ['매출액', '영업이익']",,2026-07-07T21:41:08
위닉스,00293886,044340,KOSDAQ,분기x별도,지표,CV-6,PASS,default metric selection visible,,2026-07-07T21:41:08
위더스제약,00765851,330350,KOSDAQ,연간x연결,재무제표,DS-1,PASS,,,2026-07-07T21:41:21
위더스제약,00765851,330350,KOSDAQ,연간x연결,상단,DS-8,PASS,,,2026-07-07T21:41:21
위더스제약,00765851,330350,KOSDAQ,연간x연결,상단,DS-4,PASS,substitution caption present,,2026-07-07T21:41:21
위더스제약,00765851,330350,KOSDAQ,연간x연결,상단,DS-7,PASS,"badges seen: ['✅', '🔎']",,2026-07-07T21:41:21
위더스제약,00765851,330350,KOSDAQ,연간x연결,재무제표,CV-3,PASS,rows=29 cols=10 slider_extended=True,,2026-07-07T21:41:21
위더스제약,00765851,330350,KOSDAQ,연간x연결,재무제표,DS-2/DS-3,DONE,"cross-check completed for ['매출액', '영업이익']",,2026-07-07T21:41:21
위더스제약,00765851,330350,KOSDAQ,연간x연결,지표,CV-6,PASS,default metric selection visible,,2026-07-07T21:41:21
위더스제약,00765851,330350,KOSDAQ,연간x별도,재무제표,DS-1,PASS,,,2026-07-07T21:41:26
위더스제약,00765851,330350,KOSDAQ,연간x별도,상단,DS-8,PASS,,,2026-07-07T21:41:26
위더스제약,00765851,330350,KOSDAQ,연간x별도,상단,DS-7,PASS,"badges seen: ['✅', '🔎']",,2026-07-07T21:41:26
위더스제약,00765851,330350,KOSDAQ,연간x별도,재무제표,CV-3,PASS,rows=29 cols=10 slider_extended=True,,2026-07-07T21:41:26
위더스제약,00765851,330350,KOSDAQ,연간x별도,재무제표,DS-2/DS-3,DONE,"cross-check completed for ['매출액', '영업이익']",,2026-07-07T21:41:26
위더스제약,00765851,330350,KOSDAQ,연간x별도,지표,CV-6,PASS,default metric selection visible,,2026-07-07T21:41:26
위더스제약,00765851,330350,KOSDAQ,분기x연결,재무제표,DS-1,PASS,,,2026-07-07T21:41:33
위더스제약,00765851,330350,KOSDAQ,분기x연결,상단,DS-8,PASS,,,2026-07-07T21:41:33
위더스제약,00765851,330350,KOSDAQ,분기x연결,상단,DS-4,PASS,substitution caption present,,2026-07-07T21:41:33
위더스제약,00765851,330350,KOSDAQ,분기x연결,상단,DS-7,PASS,"badges seen: ['✅', '🔎']",,2026-07-07T21:41:33
위더스제약,00765851,330350,KOSDAQ,분기x연결,재무제표,CV-3,PASS,rows=29 cols=26 slider_extended=True,,2026-07-07T21:41:33
위더스제약,00765851,330350,KOSDAQ,분기x연결,재무제표,DS-2/DS-3,DONE,"cross-check completed for ['매출액', '영업이익']",,2026-07-07T21:41:33
위더스제약,00765851,330350,KOSDAQ,분기x연결,지표,CV-6,PASS,default metric selection visible,,2026-07-07T21:41:33
위더스제약,00765851,330350,KOSDAQ,분기x별도,재무제표,DS-1,PASS,,,2026-07-07T21:41:40
위더스제약,00765851,330350,KOSDAQ,분기x별도,상단,DS-8,PASS,,,2026-07-07T21:41:40
위더스제약,00765851,330350,KOSDAQ,분기x별도,상단,DS-7,PASS,"badges seen: ['✅', '🔎']",,2026-07-07T21:41:40
위더스제약,00765851,330350,KOSDAQ,분기x별도,재무제표,CV-3,PASS,rows=29 cols=26 slider_extended=True,,2026-07-07T21:41:40
위더스제약,00765851,330350,KOSDAQ,분기x별도,재무제표,DS-2/DS-3,DONE,"cross-check completed for ['매출액', '영업이익']",,2026-07-07T21:41:40
위더스제약,00765851,330350,KOSDAQ,분기x별도,지표,CV-6,PASS,default metric selection visible,,2026-07-07T21:41:40
위드텍,00925587,348350,KOSDAQ,연간x연결,재무제표,DS-1,PASS,,,2026-07-07T21:41:53
위드텍,00925587,348350,KOSDAQ,연간x연결,상단,DS-8,PASS,,,2026-07-07T21:41:53
위드텍,00925587,348350,KOSDAQ,연간x연결,상단,DS-7,PASS,"badges seen: ['✅', '🔎', '⚠']",,2026-07-07T21:41:53
위드텍,00925587,348350,KOSDAQ,연간x연결,재무제표,CV-3,PASS,rows=29 cols=10 slider_extended=True,,2026-07-07T21:41:53
위드텍,00925587,348350,KOSDAQ,연간x연결,재무제표,DS-2/DS-3,DONE,"cross-check completed for ['매출액', '영업이익']",,2026-07-07T21:41:53
위드텍,00925587,348350,KOSDAQ,연간x연결,지표,CV-6,PASS,default metric selection visible,,2026-07-07T21:41:53
위드텍,00925587,348350,KOSDAQ,연간x별도,재무제표,DS-1,PASS,,,2026-07-07T21:41:58
위드텍,00925587,348350,KOSDAQ,연간x별도,상단,DS-8,PASS,,,2026-07-07T21:41:58
위드텍,00925587,348350,KOSDAQ,연간x별도,상단,DS-7,PASS,"badges seen: ['✅', '🔎', '⚠']",,2026-07-07T21:41:58
위드텍,00925587,348350,KOSDAQ,연간x별도,재무제표,CV-3,PASS,rows=29 cols=10 slider_extended=True,,2026-07-07T21:41:58
위드텍,00925587,348350,KOSDAQ,연간x별도,재무제표,DS-2/DS-3,DONE,"cross-check completed for ['매출액', '영업이익']",,2026-07-07T21:41:58
위드텍,00925587,348350,KOSDAQ,연간x별도,지표,CV-6,PASS,default metric selection visible,,2026-07-07T21:41:58
위드텍,00925587,348350,KOSDAQ,분기x연결,재무제표,DS-1,PASS,,,2026-07-07T21:42:05
위드텍,00925587,348350,KOSDAQ,분기x연결,상단,DS-8,PASS,,,2026-07-07T21:42:05
위드텍,00925587,348350,KOSDAQ,분기x연결,상단,DS-7,PASS,"badges seen: ['✅', '🔎', '⚠']",,2026-07-07T21:42:05
위드텍,00925587,348350,KOSDAQ,분기x연결,재무제표,CV-3,PASS,rows=29 cols=28 slider_extended=True,,2026-07-07T21:42:05
위드텍,00925587,348350,KOSDAQ,분기x연결,재무제표,DS-2/DS-3,DONE,"cross-check completed for ['매출액', '영업이익']",,2026-07-07T21:42:05
위드텍,00925587,348350,KOSDAQ,분기x연결,지표,CV-6,PASS,default metric selection visible,,2026-07-07T21:42:05
위드텍,00925587,348350,KOSDAQ,분기x별도,재무제표,DS-1,PASS,,,2026-07-07T21:42:12
위드텍,00925587,348350,KOSDAQ,분기x별도,상단,DS-8,PASS,,,2026-07-07T21:42:12
위드텍,00925587,348350,KOSDAQ,분기x별도,상단,DS-7,PASS,"badges seen: ['✅', '🔎', '⚠']",,2026-07-07T21:42:12
위드텍,00925587,348350,KOSDAQ,분기x별도,재무제표,CV-3,PASS,rows=29 cols=28 slider_extended=True,,2026-07-07T21:42:12
위드텍,00925587,348350,KOSDAQ,분기x별도,재무제표,DS-2/DS-3,DONE,"cross-check completed for ['매출액', '영업이익']",,2026-07-07T21:42:12
위드텍,00925587,348350,KOSDAQ,분기x별도,지표,CV-6,PASS,default metric selection visible,,2026-07-07T21:42:12
위메이드,00444329,112040,KOSDAQ,연간x연결,재무제표,DS-1,PASS,,,2026-07-07T21:42:26
위메이드,00444329,112040,KOSDAQ,연간x연결,상단,DS-8,PASS,,,2026-07-07T21:42:26
위메이드,00444329,112040,KOSDAQ,연간x연결,상단,DS-7,PASS,"badges seen: ['✅', '🔎']",,2026-07-07T21:42:26
위메이드,00444329,112040,KOSDAQ,연간x연결,재무제표,CV-3,PASS,rows=29 cols=19 slider_extended=True,,2026-07-07T21:42:26
위메이드,00444329,112040,KOSDAQ,연간x연결,재무제표,DS-2/DS-3,DONE,"cross-check completed for ['매출액', '영업이익']",,2026-07-07T21:42:26
위메이드,00444329,112040,KOSDAQ,연간x연결,지표,CV-6,PASS,default metric selection visible,,2026-07-07T21:42:26
위메이드,00444329,112040,KOSDAQ,연간x별도,재무제표,DS-1,PASS,,,2026-07-07T21:42:31
위메이드,00444329,112040,KOSDAQ,연간x별도,상단,DS-8,PASS,,,2026-07-07T21:42:31
위메이드,00444329,112040,KOSDAQ,연간x별도,상단,DS-7,PASS,"badges seen: ['✅', '🔎', '⚠']",,2026-07-07T21:42:31
위메이드,00444329,112040,KOSDAQ,연간x별도,재무제표,CV-3,PASS,rows=29 cols=21 slider_extended=True,,2026-07-07T21:42:31
위메이드,00444329,112040,KOSDAQ,연간x별도,재무제표,DS-2/DS-3,DONE,"cross-check completed for ['매출액', '영업이익']",,2026-07-07T21:42:31
위메이드,00444329,112040,KOSDAQ,연간x별도,지표,CV-6,PASS,default metric selection visible,,2026-07-07T21:42:31
위메이드,00444329,112040,KOSDAQ,분기x연결,재무제표,DS-1,PASS,,,2026-07-07T21:42:37
위메이드,00444329,112040,KOSDAQ,분기x연결,상단,DS-8,PASS,,,2026-07-07T21:42:37
위메이드,00444329,112040,KOSDAQ,분기x연결,상단,DS-7,PASS,"badges seen: ['✅', '🔎']",,2026-07-07T21:42:37
위메이드,00444329,112040,KOSDAQ,분기x연결,재무제표,CV-3,PASS,rows=29 cols=63 slider_extended=True,,2026-07-07T21:42:37
위메이드,00444329,112040,KOSDAQ,분기x연결,재무제표,DS-2/DS-3,DONE,"cross-check completed for ['매출액', '영업이익']",,2026-07-07T21:42:37
위메이드,00444329,112040,KOSDAQ,분기x연결,지표,CV-6,PASS,default metric selection visible,,2026-07-07T21:42:37
위메이드,00444329,112040,KOSDAQ,분기x별도,재무제표,DS-1,PASS,,,2026-07-07T21:42:45
위메이드,00444329,112040,KOSDAQ,분기x별도,상단,DS-8,PASS,,,2026-07-07T21:42:45
위메이드,00444329,112040,KOSDAQ,분기x별도,상단,DS-7,PASS,"badges seen: ['✅', '🔎']",,2026-07-07T21:42:45
위메이드,00444329,112040,KOSDAQ,분기x별도,재무제표,CV-3,PASS,rows=29 cols=69 slider_extended=True,,2026-07-07T21:42:45
위메이드,00444329,112040,KOSDAQ,분기x별도,재무제표,DS-2/DS-3,DONE,"cross-check completed for ['매출액', '영업이익']",,2026-07-07T21:42:45
위메이드,00444329,112040,KOSDAQ,분기x별도,지표,CV-6,PASS,default metric selection visible,,2026-07-07T21:42:45
위메이드맥스,00643656,101730,KOSDAQ,연간x연결,재무제표,DS-1,PASS,,,2026-07-07T21:42:58
위메이드맥스,00643656,101730,KOSDAQ,연간x연결,상단,DS-8,PASS,,,2026-07-07T21:42:58
위메이드맥스,00643656,101730,KOSDAQ,연간x연결,상단,DS-7,PASS,"badges seen: ['✅', '🔎', '⚠']",,2026-07-07T21:42:58
위메이드맥스,00643656,101730,KOSDAQ,연간x연결,재무제표,CV-3,PASS,rows=29 cols=19 slider_extended=True,,2026-07-07T21:42:58
위메이드맥스,00643656,101730,KOSDAQ,연간x연결,재무제표,DS-2/DS-3,DONE,"cross-check completed for ['매출액', '영업이익']",,2026-07-07T21:42:58
위메이드맥스,00643656,101730,KOSDAQ,연간x연결,지표,CV-6,PASS,default metric selection visible,,2026-07-07T21:42:58
위메이드맥스,00643656,101730,KOSDAQ,연간x별도,재무제표,DS-1,PASS,,,2026-07-07T21:43:03
위메이드맥스,00643656,101730,KOSDAQ,연간x별도,상단,DS-8,PASS,,,2026-07-07T21:43:03
위메이드맥스,00643656,101730,KOSDAQ,연간x별도,상단,DS-7,PASS,"badges seen: ['✅', '🔎']",,2026-07-07T21:43:03
위메이드맥스,00643656,101730,KOSDAQ,연간x별도,재무제표,CV-3,PASS,rows=29 cols=21 slider_extended=True,,2026-07-07T21:43:03
위메이드맥스,00643656,101730,KOSDAQ,연간x별도,재무제표,DS-2/DS-3,DONE,"cross-check completed for ['매출액', '영업이익']",,2026-07-07T21:43:03
위메이드맥스,00643656,101730,KOSDAQ,연간x별도,지표,CV-6,PASS,default metric selection visible,,2026-07-07T21:43:03
위메이드맥스,00643656,101730,KOSDAQ,분기x연결,재무제표,DS-1,PASS,,,2026-07-07T21:43:09
위메이드맥스,00643656,101730,KOSDAQ,분기x연결,상단,DS-8,PASS,,,2026-07-07T21:43:09
위메이드맥스,00643656,101730,KOSDAQ,분기x연결,상단,DS-7,PASS,"badges seen: ['✅', '🔎']",,2026-07-07T21:43:09
위메이드맥스,00643656,101730,KOSDAQ,분기x연결,재무제표,CV-3,PASS,rows=29 cols=14 slider_extended=True,,2026-07-07T21:43:09
위메이드맥스,00643656,101730,KOSDAQ,분기x연결,재무제표,DS-2/DS-3,DONE,"cross-check completed for ['매출액', '영업이익']",,2026-07-07T21:43:09
위메이드맥스,00643656,101730,KOSDAQ,분기x연결,지표,CV-6,PASS,default metric selection visible,,2026-07-07T21:43:09
위메이드맥스,00643656,101730,KOSDAQ,분기x별도,재무제표,DS-1,PASS,,,2026-07-07T21:43:17
위메이드맥스,00643656,101730,KOSDAQ,분기x별도,상단,DS-8,PASS,,,2026-07-07T21:43:17
위메이드맥스,00643656,101730,KOSDAQ,분기x별도,상단,DS-7,PASS,"badges seen: ['✅', '🔎']",,2026-07-07T21:43:17
위메이드맥스,00643656,101730,KOSDAQ,분기x별도,재무제표,CV-3,PASS,rows=29 cols=70 slider_extended=True,,2026-07-07T21:43:17
위메이드맥스,00643656,101730,KOSDAQ,분기x별도,재무제표,DS-2/DS-3,DONE,"cross-check completed for ['매출액', '영업이익']",,2026-07-07T21:43:17
위메이드맥스,00643656,101730,KOSDAQ,분기x별도,지표,CV-6,PASS,default metric selection visible,,2026-07-07T21:43:17
위메이드플레이,00815767,123420,KOSDAQ,연간x연결,재무제표,DS-1,PASS,,,2026-07-07T21:43:30
위메이드플레이,00815767,123420,KOSDAQ,연간x연결,상단,DS-8,PASS,,,2026-07-07T21:43:30
위메이드플레이,00815767,123420,KOSDAQ,연간x연결,상단,DS-7,PASS,"badges seen: ['✅', '🔎', '⚠']",,2026-07-07T21:43:30
위메이드플레이,00815767,123420,KOSDAQ,연간x연결,재무제표,CV-3,PASS,rows=29 cols=16 slider_extended=True,,2026-07-07T21:43:30
위메이드플레이,00815767,123420,KOSDAQ,연간x연결,재무제표,DS-2/DS-3,DONE,"cross-check completed for ['매출액', '영업이익']",,2026-07-07T21:43:30
위메이드플레이,00815767,123420,KOSDAQ,연간x연결,지표,CV-6,PASS,default metric selection visible,,2026-07-07T21:43:30
위메이드플레이,00815767,123420,KOSDAQ,연간x별도,재무제표,DS-1,PASS,,,2026-07-07T21:43:36
위메이드플레이,00815767,123420,KOSDAQ,연간x별도,상단,DS-8,PASS,,,2026-07-07T21:43:36
위메이드플레이,00815767,123420,KOSDAQ,연간x별도,상단,DS-7,PASS,"badges seen: ['✅', '🔎', '⚠']",,2026-07-07T21:43:36
위메이드플레이,00815767,123420,KOSDAQ,연간x별도,재무제표,CV-3,PASS,rows=29 cols=18 slider_extended=True,,2026-07-07T21:43:36
위메이드플레이,00815767,123420,KOSDAQ,연간x별도,재무제표,DS-2/DS-3,DONE,"cross-check completed for ['매출액', '영업이익']",,2026-07-07T21:43:36
위메이드플레이,00815767,123420,KOSDAQ,연간x별도,지표,CV-6,PASS,default metric selection visible,,2026-07-07T21:43:36
위메이드플레이,00815767,123420,KOSDAQ,분기x연결,재무제표,DS-1,PASS,,,2026-07-07T21:43:42
위메이드플레이,00815767,123420,KOSDAQ,분기x연결,상단,DS-8,PASS,,,2026-07-07T21:43:42
위메이드플레이,00815767,123420,KOSDAQ,분기x연결,상단,DS-7,PASS,"badges seen: ['✅', '🔎', '⚠']",,2026-07-07T21:43:42
위메이드플레이,00815767,123420,KOSDAQ,분기x연결,재무제표,CV-3,PASS,rows=29 cols=57 slider_extended=True,,2026-07-07T21:43:42
위메이드플레이,00815767,123420,KOSDAQ,분기x연결,재무제표,DS-2/DS-3,DONE,"cross-check completed for ['매출액', '영업이익']",,2026-07-07T21:43:42
위메이드플레이,00815767,123420,KOSDAQ,분기x연결,지표,CV-6,PASS,default metric selection visible,,2026-07-07T21:43:42
위메이드플레이,00815767,123420,KOSDAQ,분기x별도,재무제표,DS-1,PASS,,,2026-07-07T21:43:49
위메이드플레이,00815767,123420,KOSDAQ,분기x별도,상단,DS-8,PASS,,,2026-07-07T21:43:49
위메이드플레이,00815767,123420,KOSDAQ,분기x별도,상단,DS-7,PASS,"badges seen: ['✅', '🔎', '⚠']",,2026-07-07T21:43:49
위메이드플레이,00815767,123420,KOSDAQ,분기x별도,재무제표,CV-3,PASS,rows=29 cols=63 slider_extended=True,,2026-07-07T21:43:49
위메이드플레이,00815767,123420,KOSDAQ,분기x별도,재무제표,DS-2/DS-3,DONE,"cross-check completed for ['매출액', '영업이익']",,2026-07-07T21:43:49
위메이드플레이,00815767,123420,KOSDAQ,분기x별도,지표,CV-6,PASS,default metric selection visible,,2026-07-07T21:43:49
위세아이텍,00374738,065370,KOSDAQ,연간x연결,재무제표,DS-1,PASS,,,2026-07-07T21:44:03
위세아이텍,00374738,065370,KOSDAQ,연간x연결,상단,DS-8,PASS,,,2026-07-07T21:44:03
위세아이텍,00374738,065370,KOSDAQ,연간x연결,상단,DS-7,PASS,"badges seen: ['✅', '🔎']",,2026-07-07T21:44:03
위세아이텍,00374738,065370,KOSDAQ,연간x연결,재무제표,CV-3,PASS,rows=29 cols=6 slider_extended=True,,2026-07-07T21:44:03
위세아이텍,00374738,065370,KOSDAQ,연간x연결,재무제표,DS-2/DS-3,DONE,"cross-check completed for ['매출액', '영업이익']",,2026-07-07T21:44:03
위세아이텍,00374738,065370,KOSDAQ,연간x연결,지표,CV-6,PASS,default metric selection visible,,2026-07-07T21:44:03
위세아이텍,00374738,065370,KOSDAQ,연간x별도,재무제표,DS-1,PASS,,,2026-07-07T21:44:08
위세아이텍,00374738,065370,KOSDAQ,연간x별도,상단,DS-8,PASS,,,2026-07-07T21:44:08
위세아이텍,00374738,065370,KOSDAQ,연간x별도,상단,DS-7,PASS,"badges seen: ['✅', '🔎']",,2026-07-07T21:44:08
위세아이텍,00374738,065370,KOSDAQ,연간x별도,재무제표,CV-3,PASS,rows=29 cols=13 slider_extended=True,,2026-07-07T21:44:08
위세아이텍,00374738,065370,KOSDAQ,연간x별도,재무제표,DS-2/DS-3,DONE,"cross-check completed for ['매출액', '영업이익']",,2026-07-07T21:44:08
위세아이텍,00374738,065370,KOSDAQ,연간x별도,지표,CV-6,PASS,default metric selection visible,,2026-07-07T21:44:08
위세아이텍,00374738,065370,KOSDAQ,분기x연결,재무제표,DS-1,PASS,,,2026-07-07T21:44:15
위세아이텍,00374738,065370,KOSDAQ,분기x연결,상단,DS-8,PASS,,,2026-07-07T21:44:15
위세아이텍,00374738,065370,KOSDAQ,분기x연결,상단,DS-7,PASS,"badges seen: ['✅', '🔎']",,2026-07-07T21:44:15
위세아이텍,00374738,065370,KOSDAQ,분기x연결,재무제표,CV-3,PASS,rows=29 cols=20 slider_extended=True,,2026-07-07T21:44:15
위세아이텍,00374738,065370,KOSDAQ,분기x연결,재무제표,DS-2/DS-3,DONE,"cross-check completed for ['매출액', '영업이익']",,2026-07-07T21:44:15
위세아이텍,00374738,065370,KOSDAQ,분기x연결,지표,CV-6,PASS,default metric selection visible,,2026-07-07T21:44:15
위세아이텍,00374738,065370,KOSDAQ,분기x별도,재무제표,DS-1,PASS,,,2026-07-07T21:44:22
위세아이텍,00374738,065370,KOSDAQ,분기x별도,상단,DS-8,PASS,,,2026-07-07T21:44:22
위세아이텍,00374738,065370,KOSDAQ,분기x별도,상단,DS-7,PASS,"badges seen: ['✅', '🔎']",,2026-07-07T21:44:22
위세아이텍,00374738,065370,KOSDAQ,분기x별도,재무제표,CV-3,PASS,rows=29 cols=32 slider_extended=True,,2026-07-07T21:44:22
위세아이텍,00374738,065370,KOSDAQ,분기x별도,재무제표,DS-2/DS-3,DONE,"cross-check completed for ['매출액', '영업이익']",,2026-07-07T21:44:22
위세아이텍,00374738,065370,KOSDAQ,분기x별도,지표,CV-6,PASS,default metric selection visible,,2026-07-07T21:44:22
위즈코프,00264228,038620,KOSDAQ,연간x연결,재무제표,DS-1,PASS,,,2026-07-07T21:44:35
위즈코프,00264228,038620,KOSDAQ,연간x연결,상단,DS-8,PASS,,,2026-07-07T21:44:35
위즈코프,00264228,038620,KOSDAQ,연간x연결,상단,DS-7,PASS,"badges seen: ['✅', '🔎', '⚠']",,2026-07-07T21:44:35
위즈코프,00264228,038620,KOSDAQ,연간x연결,재무제표,CV-3,PASS,rows=29 cols=19 slider_extended=True,,2026-07-07T21:44:35
위즈코프,00264228,038620,KOSDAQ,연간x연결,재무제표,DS-2/DS-3,DONE,"cross-check completed for ['매출액', '영업이익']",,2026-07-07T21:44:35
위즈코프,00264228,038620,KOSDAQ,연간x연결,지표,CV-6,PASS,default metric selection visible,,2026-07-07T21:44:35
위즈코프,00264228,038620,KOSDAQ,연간x별도,재무제표,DS-1,PASS,,,2026-07-07T21:44:41
위즈코프,00264228,038620,KOSDAQ,연간x별도,상단,DS-8,PASS,,,2026-07-07T21:44:41
위즈코프,00264228,038620,KOSDAQ,연간x별도,상단,DS-7,PASS,"badges seen: ['✅', '🔎', '⚠']",,2026-07-07T21:44:41
위즈코프,00264228,038620,KOSDAQ,연간x별도,재무제표,CV-3,PASS,rows=29 cols=25 slider_extended=True,,2026-07-07T21:44:41
위즈코프,00264228,038620,KOSDAQ,연간x별도,재무제표,DS-2/DS-3,DONE,"cross-check completed for ['매출액', '영업이익']",,2026-07-07T21:44:41
위즈코프,00264228,038620,KOSDAQ,연간x별도,지표,CV-6,PASS,default metric selection visible,,2026-07-07T21:44:41
위즈코프,00264228,038620,KOSDAQ,분기x연결,재무제표,DS-1,PASS,,,2026-07-07T21:44:47
위즈코프,00264228,038620,KOSDAQ,분기x연결,상단,DS-8,PASS,,,2026-07-07T21:44:47
위즈코프,00264228,038620,KOSDAQ,분기x연결,상단,DS-7,PASS,"badges seen: ['✅', '🔎', '⚠']",,2026-07-07T21:44:47
위즈코프,00264228,038620,KOSDAQ,분기x연결,재무제표,CV-3,PASS,rows=29 cols=60 slider_extended=True,,2026-07-07T21:44:47
위즈코프,00264228,038620,KOSDAQ,분기x연결,재무제표,DS-2/DS-3,DONE,"cross-check completed for ['매출액', '영업이익']",,2026-07-07T21:44:47
위즈코프,00264228,038620,KOSDAQ,분기x연결,지표,CV-6,PASS,default metric selection visible,,2026-07-07T21:44:47
위즈코프,00264228,038620,KOSDAQ,분기x별도,재무제표,DS-1,PASS,,,2026-07-07T21:44:54
위즈코프,00264228,038620,KOSDAQ,분기x별도,상단,DS-8,PASS,,,2026-07-07T21:44:54
위즈코프,00264228,038620,KOSDAQ,분기x별도,상단,DS-7,PASS,"badges seen: ['✅', '🔎', '⚠']",,2026-07-07T21:44:54
위즈코프,00264228,038620,KOSDAQ,분기x별도,재무제표,CV-3,PASS,rows=29 cols=86 slider_extended=True,,2026-07-07T21:44:54
위즈코프,00264228,038620,KOSDAQ,분기x별도,재무제표,DS-2/DS-3,DONE,"cross-check completed for ['매출액', '영업이익']",,2026-07-07T21:44:54
위즈코프,00264228,038620,KOSDAQ,분기x별도,지표,CV-6,PASS,default metric selection visible,,2026-07-07T21:44:54
위지윅스튜디오,01276327,299900,KOSDAQ,연간x연결,재무제표,DS-1,PASS,,,2026-07-07T21:45:08
위지윅스튜디오,01276327,299900,KOSDAQ,연간x연결,상단,DS-8,PASS,,,2026-07-07T21:45:08
위지윅스튜디오,01276327,299900,KOSDAQ,연간x연결,상단,DS-7,PASS,"badges seen: ['✅', '🔎', '⚠']",,2026-07-07T21:45:08
위지윅스튜디오,01276327,299900,KOSDAQ,연간x연결,재무제표,CV-3,PASS,rows=29 cols=11 slider_extended=True,,2026-07-07T21:45:08
위지윅스튜디오,01276327,299900,KOSDAQ,연간x연결,재무제표,DS-2/DS-3,DONE,"cross-check completed for ['매출액', '영업이익']",,2026-07-07T21:45:08
위지윅스튜디오,01276327,299900,KOSDAQ,연간x연결,지표,CV-6,PASS,default metric selection visible,,2026-07-07T21:45:08
위지윅스튜디오,01276327,299900,KOSDAQ,연간x별도,재무제표,DS-1,PASS,,,2026-07-07T21:45:14
위지윅스튜디오,01276327,299900,KOSDAQ,연간x별도,상단,DS-8,PASS,,,2026-07-07T21:45:14
위지윅스튜디오,01276327,299900,KOSDAQ,연간x별도,상단,DS-7,PASS,"badges seen: ['✅', '🔎', '⚠']",,2026-07-07T21:45:14
위지윅스튜디오,01276327,299900,KOSDAQ,연간x별도,재무제표,CV-3,PASS,rows=29 cols=12 slider_extended=True,,2026-07-07T21:45:14
위지윅스튜디오,01276327,299900,KOSDAQ,연간x별도,재무제표,DS-2/DS-3,DONE,"cross-check completed for ['매출액', '영업이익']",,2026-07-07T21:45:14
위지윅스튜디오,01276327,299900,KOSDAQ,연간x별도,지표,CV-6,FAIL,default metrics not found,,2026-07-07T21:45:14
위지윅스튜디오,01276327,299900,KOSDAQ,분기x연결,재무제표,DS-1,PASS,,,2026-07-07T21:45:20
위지윅스튜디오,01276327,299900,KOSDAQ,분기x연결,상단,DS-8,PASS,,,2026-07-07T21:45:20
위지윅스튜디오,01276327,299900,KOSDAQ,분기x연결,상단,DS-7,PASS,"badges seen: ['✅', '🔎', '⚠']",,2026-07-07T21:45:20
위지윅스튜디오,01276327,299900,KOSDAQ,분기x연결,재무제표,CV-3,PASS,rows=29 cols=36 slider_extended=True,,2026-07-07T21:45:20
위지윅스튜디오,01276327,299900,KOSDAQ,분기x연결,재무제표,DS-2/DS-3,DONE,"cross-check completed for ['매출액', '영업이익']",,2026-07-07T21:45:20
위지윅스튜디오,01276327,299900,KOSDAQ,분기x연결,지표,CV-6,PASS,default metric selection visible,,2026-07-07T21:45:20
위지윅스튜디오,01276327,299900,KOSDAQ,분기x별도,재무제표,DS-1,PASS,,,2026-07-07T21:45:27
위지윅스튜디오,01276327,299900,KOSDAQ,분기x별도,상단,DS-8,PASS,,,2026-07-07T21:45:27
위지윅스튜디오,01276327,299900,KOSDAQ,분기x별도,상단,DS-7,PASS,"badges seen: ['✅', '🔎', '⚠']",,2026-07-07T21:45:27
위지윅스튜디오,01276327,299900,KOSDAQ,분기x별도,재무제표,CV-3,PASS,rows=29 cols=36 slider_extended=True,,2026-07-07T21:45:27
위지윅스튜디오,01276327,299900,KOSDAQ,분기x별도,재무제표,DS-2/DS-3,DONE,"cross-check completed for ['매출액', '영업이익']",,2026-07-07T21:45:27
위지윅스튜디오,01276327,299900,KOSDAQ,분기x별도,지표,CV-6,PASS,default metric selection visible,,2026-07-07T21:45:27
위지트,00258360,036090,KOSDAQ,연간x연결,재무제표,DS-1,PASS,,,2026-07-07T21:45:41
위지트,00258360,036090,KOSDAQ,연간x연결,상단,DS-8,PASS,,,2026-07-07T21:45:41
위지트,00258360,036090,KOSDAQ,연간x연결,상단,DS-7,PASS,"badges seen: ['✅', '🔎', '⚠']",,2026-07-07T21:45:41
위지트,00258360,036090,KOSDAQ,연간x연결,재무제표,CV-3,PASS,rows=29 cols=15 slider_extended=True,,2026-07-07T21:45:41
위지트,00258360,036090,KOSDAQ,연간x연결,재무제표,DS-2/DS-3,DONE,"cross-check completed for ['매출액', '영업이익']",,2026-07-07T21:45:41
위지트,00258360,036090,KOSDAQ,연간x연결,지표,CV-6,PASS,default metric selection visible,,2026-07-07T21:45:41
위지트,00258360,036090,KOSDAQ,연간x별도,재무제표,DS-1,PASS,,,2026-07-07T21:45:46
위지트,00258360,036090,KOSDAQ,연간x별도,상단,DS-8,PASS,,,2026-07-07T21:45:46
위지트,00258360,036090,KOSDAQ,연간x별도,상단,DS-7,PASS,"badges seen: ['✅', '🔎', '⚠']",,2026-07-07T21:45:46
위지트,00258360,036090,KOSDAQ,연간x별도,재무제표,CV-3,PASS,rows=29 cols=25 slider_extended=True,,2026-07-07T21:45:46
위지트,00258360,036090,KOSDAQ,연간x별도,재무제표,DS-2/DS-3,DONE,"cross-check completed for ['매출액', '영업이익']",,2026-07-07T21:45:46
위지트,00258360,036090,KOSDAQ,연간x별도,지표,CV-6,PASS,default metric selection visible,,2026-07-07T21:45:46
위지트,00258360,036090,KOSDAQ,분기x연결,재무제표,DS-1,PASS,,,2026-07-07T21:45:52
위지트,00258360,036090,KOSDAQ,분기x연결,상단,DS-8,PASS,,,2026-07-07T21:45:52
위지트,00258360,036090,KOSDAQ,분기x연결,상단,DS-7,PASS,"badges seen: ['✅', '🔎', '⚠']",,2026-07-07T21:45:52
위지트,00258360,036090,KOSDAQ,분기x연결,재무제표,CV-3,PASS,rows=29 cols=59 slider_extended=True,,2026-07-07T21:45:52
위지트,00258360,036090,KOSDAQ,분기x연결,재무제표,DS-2/DS-3,DONE,"cross-check completed for ['매출액', '영업이익']",,2026-07-07T21:45:52
위지트,00258360,036090,KOSDAQ,분기x연결,지표,CV-6,PASS,default metric selection visible,,2026-07-07T21:45:52
위지트,00258360,036090,KOSDAQ,분기x별도,재무제표,DS-1,PASS,,,2026-07-07T21:46:00
위지트,00258360,036090,KOSDAQ,분기x별도,상단,DS-8,PASS,,,2026-07-07T21:46:00
위지트,00258360,036090,KOSDAQ,분기x별도,상단,DS-7,PASS,"badges seen: ['✅', '🔎', '⚠']",,2026-07-07T21:46:00
위지트,00258360,036090,KOSDAQ,분기x별도,재무제표,CV-3,PASS,rows=29 cols=81 slider_extended=True,,2026-07-07T21:46:00
위지트,00258360,036090,KOSDAQ,분기x별도,재무제표,DS-2/DS-3,DONE,"cross-check completed for ['매출액', '영업이익']",,2026-07-07T21:46:00
위지트,00258360,036090,KOSDAQ,분기x별도,지표,CV-6,PASS,default metric selection visible,,2026-07-07T21:46:00
위츠,01445440,459100,KOSDAQ,연간x연결,재무제표,DS-1,PASS,,,2026-07-07T21:46:13
위츠,01445440,459100,KOSDAQ,연간x연결,상단,DS-8,PASS,,,2026-07-07T21:46:13
위츠,01445440,459100,KOSDAQ,연간x연결,상단,DS-7,PASS,"badges seen: ['✅', '🔎']",,2026-07-07T21:46:13
위츠,01445440,459100,KOSDAQ,연간x연결,재무제표,CV-3,PASS,rows=29 cols=6 slider_extended=True,,2026-07-07T21:46:13
위츠,01445440,459100,KOSDAQ,연간x연결,재무제표,DS-2/DS-3,DONE,"cross-check completed for ['매출액', '영업이익']",,2026-07-07T21:46:13
위츠,01445440,459100,KOSDAQ,연간x연결,지표,CV-6,PASS,default metric selection visible,,2026-07-07T21:46:13
위츠,01445440,459100,KOSDAQ,연간x별도,재무제표,DS-1,PASS,,,2026-07-07T21:46:18
위츠,01445440,459100,KOSDAQ,연간x별도,상단,DS-8,PASS,,,2026-07-07T21:46:18
위츠,01445440,459100,KOSDAQ,연간x별도,상단,DS-7,PASS,"badges seen: ['✅', '🔎']",,2026-07-07T21:46:18
위츠,01445440,459100,KOSDAQ,연간x별도,재무제표,CV-3,PASS,rows=29 cols=6 slider_extended=True,,2026-07-07T21:46:18
위츠,01445440,459100,KOSDAQ,연간x별도,재무제표,DS-2/DS-3,DONE,"cross-check completed for ['매출액', '영업이익']",,2026-07-07T21:46:18
위츠,01445440,459100,KOSDAQ,연간x별도,지표,CV-6,PASS,default metric selection visible,,2026-07-07T21:46:18
위츠,01445440,459100,KOSDAQ,분기x연결,재무제표,DS-1,PASS,,,2026-07-07T21:46:25
위츠,01445440,459100,KOSDAQ,분기x연결,상단,DS-8,PASS,,,2026-07-07T21:46:25
위츠,01445440,459100,KOSDAQ,분기x연결,상단,DS-7,PASS,"badges seen: ['✅', '🔎', '⚠']",,2026-07-07T21:46:25
위츠,01445440,459100,KOSDAQ,분기x연결,재무제표,CV-3,PASS,rows=29 cols=11 slider_extended=True,,2026-07-07T21:46:25
위츠,01445440,459100,KOSDAQ,분기x연결,재무제표,DS-2/DS-3,DONE,"cross-check completed for ['매출액', '영업이익']",,2026-07-07T21:46:25
위츠,01445440,459100,KOSDAQ,분기x연결,지표,CV-6,PASS,default metric selection visible,,2026-07-07T21:46:25
위츠,01445440,459100,KOSDAQ,분기x별도,재무제표,DS-1,PASS,,,2026-07-07T21:46:32
위츠,01445440,459100,KOSDAQ,분기x별도,상단,DS-8,PASS,,,2026-07-07T21:46:32
위츠,01445440,459100,KOSDAQ,분기x별도,상단,DS-7,PASS,"badges seen: ['✅', '🔎']",,2026-07-07T21:46:32
위츠,01445440,459100,KOSDAQ,분기x별도,재무제표,CV-3,PASS,rows=29 cols=11 slider_extended=True,,2026-07-07T21:46:32
위츠,01445440,459100,KOSDAQ,분기x별도,재무제표,DS-2/DS-3,DONE,"cross-check completed for ['매출액', '영업이익']",,2026-07-07T21:46:32
위츠,01445440,459100,KOSDAQ,분기x별도,지표,CV-6,PASS,default metric selection visible,,2026-07-07T21:46:32
윈스테크넷,00868705,136540,KOSDAQ,연간x연결,재무제표,DS-1,PASS,,,2026-07-07T21:46:45
윈스테크넷,00868705,136540,KOSDAQ,연간x연결,상단,DS-8,PASS,,,2026-07-07T21:46:45
윈스테크넷,00868705,136540,KOSDAQ,연간x연결,상단,DS-7,PASS,"badges seen: ['✅', '🔎']",,2026-07-07T21:46:45
윈스테크넷,00868705,136540,KOSDAQ,연간x연결,재무제표,CV-3,PASS,rows=29 cols=13 slider_extended=True,,2026-07-07T21:46:45
윈스테크넷,00868705,136540,KOSDAQ,연간x연결,재무제표,DS-2/DS-3,DONE,"cross-check completed for ['매출액', '영업이익']",,2026-07-07T21:46:45
윈스테크넷,00868705,136540,KOSDAQ,연간x연결,지표,CV-6,PASS,default metric selection visible,,2026-07-07T21:46:45
윈스테크넷,00868705,136540,KOSDAQ,연간x별도,재무제표,DS-1,PASS,,,2026-07-07T21:46:50
윈스테크넷,00868705,136540,KOSDAQ,연간x별도,상단,DS-8,PASS,,,2026-07-07T21:46:50
윈스테크넷,00868705,136540,KOSDAQ,연간x별도,상단,DS-7,PASS,"badges seen: ['✅', '🔎']",,2026-07-07T21:46:50
윈스테크넷,00868705,136540,KOSDAQ,연간x별도,재무제표,CV-3,PASS,rows=29 cols=17 slider_extended=True,,2026-07-07T21:46:50
윈스테크넷,00868705,136540,KOSDAQ,연간x별도,재무제표,DS-2/DS-3,DONE,"cross-check completed for ['매출액', '영업이익']",,2026-07-07T21:46:50
윈스테크넷,00868705,136540,KOSDAQ,연간x별도,지표,CV-6,PASS,default metric selection visible,,2026-07-07T21:46:50
윈스테크넷,00868705,136540,KOSDAQ,분기x연결,재무제표,DS-1,PASS,,,2026-07-07T21:46:57
윈스테크넷,00868705,136540,KOSDAQ,분기x연결,상단,DS-8,PASS,,,2026-07-07T21:46:57
윈스테크넷,00868705,136540,KOSDAQ,분기x연결,상단,DS-7,PASS,"badges seen: ['✅', '🔎']",,2026-07-07T21:46:57
윈스테크넷,00868705,136540,KOSDAQ,분기x연결,재무제표,CV-3,PASS,rows=29 cols=44 slider_extended=True,,2026-07-07T21:46:57
윈스테크넷,00868705,136540,KOSDAQ,분기x연결,재무제표,DS-2/DS-3,DONE,"cross-check completed for ['매출액', '영업이익']",,2026-07-07T21:46:57
윈스테크넷,00868705,136540,KOSDAQ,분기x연결,지표,CV-6,PASS,default metric selection visible,,2026-07-07T21:46:57
윈스테크넷,00868705,136540,KOSDAQ,분기x별도,재무제표,DS-1,PASS,,,2026-07-07T21:47:04
윈스테크넷,00868705,136540,KOSDAQ,분기x별도,상단,DS-8,PASS,,,2026-07-07T21:47:04
윈스테크넷,00868705,136540,KOSDAQ,분기x별도,상단,DS-7,PASS,"badges seen: ['✅', '🔎']",,2026-07-07T21:47:04
윈스테크넷,00868705,136540,KOSDAQ,분기x별도,재무제표,CV-3,PASS,rows=29 cols=60 slider_extended=True,,2026-07-07T21:47:04
윈스테크넷,00868705,136540,KOSDAQ,분기x별도,재무제표,DS-2/DS-3,DONE,"cross-check completed for ['매출액', '영업이익']",,2026-07-07T21:47:04
윈스테크넷,00868705,136540,KOSDAQ,분기x별도,지표,CV-6,PASS,default metric selection visible,,2026-07-07T21:47:04
윈팩,00536286,097800,KOSDAQ,연간x연결,재무제표,DS-1,PASS,,,2026-07-07T21:47:18
윈팩,00536286,097800,KOSDAQ,연간x연결,상단,DS-8,PASS,,,2026-07-07T21:47:18
윈팩,00536286,097800,KOSDAQ,연간x연결,상단,DS-4,PASS,substitution caption present,,2026-07-07T21:47:18
윈팩,00536286,097800,KOSDAQ,연간x연결,상단,DS-7,PASS,"badges seen: ['✅', '🔎', '⚠']",,2026-07-07T21:47:18
윈팩,00536286,097800,KOSDAQ,연간x연결,재무제표,CV-3,PASS,rows=29 cols=18 slider_extended=True,,2026-07-07T21:47:18
윈팩,00536286,097800,KOSDAQ,연간x연결,재무제표,DS-2/DS-3,DONE,"cross-check completed for ['매출액', '영업이익']",,2026-07-07T21:47:18
윈팩,00536286,097800,KOSDAQ,연간x연결,지표,CV-6,PASS,default metric selection visible,,2026-07-07T21:47:18
윈팩,00536286,097800,KOSDAQ,연간x별도,재무제표,DS-1,PASS,,,2026-07-07T21:47:23
윈팩,00536286,097800,KOSDAQ,연간x별도,상단,DS-8,PASS,,,2026-07-07T21:47:23
윈팩,00536286,097800,KOSDAQ,연간x별도,상단,DS-7,PASS,"badges seen: ['✅', '🔎', '⚠']",,2026-07-07T21:47:23
윈팩,00536286,097800,KOSDAQ,연간x별도,재무제표,CV-3,PASS,rows=29 cols=18 slider_extended=True,,2026-07-07T21:47:23
윈팩,00536286,097800,KOSDAQ,연간x별도,재무제표,DS-2/DS-3,DONE,"cross-check completed for ['매출액', '영업이익']",,2026-07-07T21:47:23
윈팩,00536286,097800,KOSDAQ,연간x별도,지표,CV-6,PASS,default metric selection visible,,2026-07-07T21:47:23
윈팩,00536286,097800,KOSDAQ,분기x연결,재무제표,DS-1,PASS,,,2026-07-07T21:47:29
윈팩,00536286,097800,KOSDAQ,분기x연결,상단,DS-8,PASS,,,2026-07-07T21:47:29
윈팩,00536286,097800,KOSDAQ,분기x연결,상단,DS-4,PASS,substitution caption present,,2026-07-07T21:47:29
윈팩,00536286,097800,KOSDAQ,분기x연결,상단,DS-7,PASS,"badges seen: ['✅', '🔎', '⚠']",,2026-07-07T21:47:29
윈팩,00536286,097800,KOSDAQ,분기x연결,재무제표,CV-3,PASS,rows=29 cols=60 slider_extended=True,,2026-07-07T21:47:29
윈팩,00536286,097800,KOSDAQ,분기x연결,재무제표,DS-2/DS-3,DONE,"cross-check completed for ['매출액', '영업이익']",,2026-07-07T21:47:29
윈팩,00536286,097800,KOSDAQ,분기x연결,지표,CV-6,PASS,default metric selection visible,,2026-07-07T21:47:29
윈팩,00536286,097800,KOSDAQ,분기x별도,재무제표,DS-1,PASS,,,2026-07-07T21:47:36
윈팩,00536286,097800,KOSDAQ,분기x별도,상단,DS-8,PASS,,,2026-07-07T21:47:36
윈팩,00536286,097800,KOSDAQ,분기x별도,상단,DS-7,PASS,"badges seen: ['✅', '🔎', '⚠']",,2026-07-07T21:47:36
윈팩,00536286,097800,KOSDAQ,분기x별도,재무제표,CV-3,PASS,rows=29 cols=60 slider_extended=True,,2026-07-07T21:47:36
윈팩,00536286,097800,KOSDAQ,분기x별도,재무제표,DS-2/DS-3,DONE,"cross-check completed for ['매출액', '영업이익']",,2026-07-07T21:47:36
윈팩,00536286,097800,KOSDAQ,분기x별도,지표,CV-6,PASS,default metric selection visible,,2026-07-07T21:47:36
윈하이텍,00910840,192390,KOSDAQ,연간x연결,재무제표,DS-1,PASS,,,2026-07-07T21:47:50
윈하이텍,00910840,192390,KOSDAQ,연간x연결,상단,DS-8,PASS,,,2026-07-07T21:47:50
윈하이텍,00910840,192390,KOSDAQ,연간x연결,상단,DS-7,PASS,"badges seen: ['✅', '🔎', '⚠']",,2026-07-07T21:47:50
윈하이텍,00910840,192390,KOSDAQ,연간x연결,재무제표,CV-3,PASS,rows=29 cols=11 slider_extended=True,,2026-07-07T21:47:50
윈하이텍,00910840,192390,KOSDAQ,연간x연결,재무제표,DS-2/DS-3,DONE,"cross-check completed for ['매출액', '영업이익']",,2026-07-07T21:47:50
윈하이텍,00910840,192390,KOSDAQ,연간x연결,지표,CV-6,PASS,default metric selection visible,,2026-07-07T21:47:50
윈하이텍,00910840,192390,KOSDAQ,연간x별도,재무제표,DS-1,PASS,,,2026-07-07T21:47:55
윈하이텍,00910840,192390,KOSDAQ,연간x별도,상단,DS-8,PASS,,,2026-07-07T21:47:55
윈하이텍,00910840,192390,KOSDAQ,연간x별도,상단,DS-7,PASS,"badges seen: ['✅', '🔎', '⚠']",,2026-07-07T21:47:55
윈하이텍,00910840,192390,KOSDAQ,연간x별도,재무제표,CV-3,PASS,rows=29 cols=16 slider_extended=True,,2026-07-07T21:47:55
윈하이텍,00910840,192390,KOSDAQ,연간x별도,재무제표,DS-2/DS-3,DONE,"cross-check completed for ['매출액', '영업이익']",,2026-07-07T21:47:55
윈하이텍,00910840,192390,KOSDAQ,연간x별도,지표,CV-6,PASS,default metric selection visible,,2026-07-07T21:47:55
윈하이텍,00910840,192390,KOSDAQ,분기x연결,재무제표,DS-1,PASS,,,2026-07-07T21:48:01
윈하이텍,00910840,192390,KOSDAQ,분기x연결,상단,DS-8,PASS,,,2026-07-07T21:48:01
윈하이텍,00910840,192390,KOSDAQ,분기x연결,상단,DS-7,PASS,"badges seen: ['✅', '🔎', '⚠']",,2026-07-07T21:48:01
윈하이텍,00910840,192390,KOSDAQ,분기x연결,재무제표,CV-3,PASS,rows=29 cols=35 slider_extended=True,,2026-07-07T21:48:01
윈하이텍,00910840,192390,KOSDAQ,분기x연결,재무제표,DS-2/DS-3,DONE,"cross-check completed for ['매출액', '영업이익']",,2026-07-07T21:48:01
윈하이텍,00910840,192390,KOSDAQ,분기x연결,지표,CV-6,PASS,default metric selection visible,,2026-07-07T21:48:01
윈하이텍,00910840,192390,KOSDAQ,분기x별도,재무제표,DS-1,PASS,,,2026-07-07T21:48:08
윈하이텍,00910840,192390,KOSDAQ,분기x별도,상단,DS-8,PASS,,,2026-07-07T21:48:08
윈하이텍,00910840,192390,KOSDAQ,분기x별도,상단,DS-7,PASS,"badges seen: ['✅', '🔎', '⚠']",,2026-07-07T21:48:08
윈하이텍,00910840,192390,KOSDAQ,분기x별도,재무제표,CV-3,PASS,rows=29 cols=54 slider_extended=True,,2026-07-07T21:48:08
윈하이텍,00910840,192390,KOSDAQ,분기x별도,재무제표,DS-2/DS-3,DONE,"cross-check completed for ['매출액', '영업이익']",,2026-07-07T21:48:08
윈하이텍,00910840,192390,KOSDAQ,분기x별도,지표,CV-6,PASS,default metric selection visible,,2026-07-07T21:48:08
윙스풋,01405585,335870,KOSDAQ,연간x연결,재무제표,DS-1,PASS,,,2026-07-07T21:48:22
윙스풋,01405585,335870,KOSDAQ,연간x연결,상단,DS-8,PASS,,,2026-07-07T21:48:22
윙스풋,01405585,335870,KOSDAQ,연간x연결,상단,DS-4,PASS,substitution caption present,,2026-07-07T21:48:22
윙스풋,01405585,335870,KOSDAQ,연간x연결,상단,DS-7,PASS,"badges seen: ['✅', '🔎']",,2026-07-07T21:48:22
윙스풋,01405585,335870,KOSDAQ,연간x연결,재무제표,CV-3,PASS,rows=29 cols=10 slider_extended=True,,2026-07-07T21:48:22
윙스풋,01405585,335870,KOSDAQ,연간x연결,재무제표,DS-2/DS-3,DONE,"cross-check completed for ['매출액', '영업이익']",,2026-07-07T21:48:22
윙스풋,01405585,335870,KOSDAQ,연간x연결,지표,CV-6,FAIL,default metrics not found,,2026-07-07T21:48:22
윙스풋,01405585,335870,KOSDAQ,연간x별도,재무제표,DS-1,PASS,,,2026-07-07T21:48:27
윙스풋,01405585,335870,KOSDAQ,연간x별도,상단,DS-8,PASS,,,2026-07-07T21:48:27
윙스풋,01405585,335870,KOSDAQ,연간x별도,상단,DS-7,PASS,"badges seen: ['✅', '🔎']",,2026-07-07T21:48:27
윙스풋,01405585,335870,KOSDAQ,연간x별도,재무제표,CV-3,PASS,rows=29 cols=10 slider_extended=True,,2026-07-07T21:48:27
윙스풋,01405585,335870,KOSDAQ,연간x별도,재무제표,DS-2/DS-3,DONE,"cross-check completed for ['매출액', '영업이익']",,2026-07-07T21:48:27
윙스풋,01405585,335870,KOSDAQ,연간x별도,지표,CV-6,PASS,default metric selection visible,,2026-07-07T21:48:27
윙스풋,01405585,335870,KOSDAQ,분기x연결,재무제표,DS-1,PASS,,,2026-07-07T21:48:33
윙스풋,01405585,335870,KOSDAQ,분기x연결,상단,DS-8,PASS,,,2026-07-07T21:48:33
윙스풋,01405585,335870,KOSDAQ,분기x연결,상단,DS-4,PASS,substitution caption present,,2026-07-07T21:48:33
윙스풋,01405585,335870,KOSDAQ,분기x연결,상단,DS-7,PASS,"badges seen: ['✅', '🔎']",,2026-07-07T21:48:33
윙스풋,01405585,335870,KOSDAQ,분기x연결,재무제표,CV-3,PASS,rows=29 cols=33 slider_extended=True,,2026-07-07T21:48:33
윙스풋,01405585,335870,KOSDAQ,분기x연결,재무제표,DS-2/DS-3,DONE,"cross-check completed for ['매출액', '영업이익']",,2026-07-07T21:48:33
윙스풋,01405585,335870,KOSDAQ,분기x연결,지표,CV-6,PASS,default metric selection visible,,2026-07-07T21:48:33
윙스풋,01405585,335870,KOSDAQ,분기x별도,재무제표,DS-1,PASS,,,2026-07-07T21:48:40
윙스풋,01405585,335870,KOSDAQ,분기x별도,상단,DS-8,PASS,,,2026-07-07T21:48:40
윙스풋,01405585,335870,KOSDAQ,분기x별도,상단,DS-7,PASS,"badges seen: ['✅', '🔎']",,2026-07-07T21:48:40
윙스풋,01405585,335870,KOSDAQ,분기x별도,재무제표,CV-3,PASS,rows=29 cols=33 slider_extended=True,,2026-07-07T21:48:40
윙스풋,01405585,335870,KOSDAQ,분기x별도,재무제표,DS-2/DS-3,DONE,"cross-check completed for ['매출액', '영업이익']",,2026-07-07T21:48:40
윙스풋,01405585,335870,KOSDAQ,분기x별도,지표,CV-6,PASS,default metric selection visible,,2026-07-07T21:48:40
윙입푸드,01328639,900340,KOSDAQ,연간x연결,재무제표,DS-1,PASS,,,2026-07-07T21:48:54
윙입푸드,01328639,900340,KOSDAQ,연간x연결,상단,DS-8,PASS,,,2026-07-07T21:48:54
윙입푸드,01328639,900340,KOSDAQ,연간x연결,상단,DS-7,PASS,"badges seen: ['✅', '🔎', '⚠']",,2026-07-07T21:48:54
윙입푸드,01328639,900340,KOSDAQ,연간x연결,재무제표,CV-3,PASS,rows=29 cols=12 slider_extended=True,,2026-07-07T21:48:54
윙입푸드,01328639,900340,KOSDAQ,연간x연결,재무제표,DS-2/DS-3,DONE,"cross-check completed for ['매출액', '영업이익']",,2026-07-07T21:48:54
윙입푸드,01328639,900340,KOSDAQ,연간x연결,지표,CV-6,PASS,default metric selection visible,,2026-07-07T21:48:54
윙입푸드,01328639,900340,KOSDAQ,연간x별도,재무제표,DS-1,PASS,,,2026-07-07T21:48:59
윙입푸드,01328639,900340,KOSDAQ,연간x별도,상단,DS-8,PASS,,,2026-07-07T21:48:59
윙입푸드,01328639,900340,KOSDAQ,연간x별도,상단,DS-7,PASS,"badges seen: ['✅', '🔎', '⚠']",,2026-07-07T21:48:59
윙입푸드,01328639,900340,KOSDAQ,연간x별도,재무제표,CV-3,PASS,rows=29 cols=4 slider_extended=True,,2026-07-07T21:48:59
윙입푸드,01328639,900340,KOSDAQ,연간x별도,재무제표,DS-2/DS-3,DONE,"cross-check completed for ['매출액', '영업이익']",,2026-07-07T21:48:59
윙입푸드,01328639,900340,KOSDAQ,연간x별도,지표,CV-6,PASS,default metric selection visible,,2026-07-07T21:48:59
윙입푸드,01328639,900340,KOSDAQ,분기x연결,재무제표,DS-1,PASS,,,2026-07-07T21:49:05
윙입푸드,01328639,900340,KOSDAQ,분기x연결,상단,DS-8,PASS,,,2026-07-07T21:49:05
윙입푸드,01328639,900340,KOSDAQ,분기x연결,상단,DS-7,PASS,"badges seen: ['✅', '🔎', '⚠']",,2026-07-07T21:49:05
윙입푸드,01328639,900340,KOSDAQ,분기x연결,재무제표,CV-3,PASS,rows=29 cols=36 slider_extended=True,,2026-07-07T21:49:05
윙입푸드,01328639,900340,KOSDAQ,분기x연결,재무제표,DS-2/DS-3,DONE,"cross-check completed for ['매출액', '영업이익']",,2026-07-07T21:49:05
윙입푸드,01328639,900340,KOSDAQ,분기x연결,지표,CV-6,PASS,default metric selection visible,,2026-07-07T21:49:05
윙입푸드,01328639,900340,KOSDAQ,분기x별도,재무제표,DS-1,PASS,,,2026-07-07T21:49:12
윙입푸드,01328639,900340,KOSDAQ,분기x별도,상단,DS-8,PASS,,,2026-07-07T21:49:12
윙입푸드,01328639,900340,KOSDAQ,분기x별도,상단,DS-4,PASS,substitution caption present,,2026-07-07T21:49:12
윙입푸드,01328639,900340,KOSDAQ,분기x별도,상단,DS-7,PASS,"badges seen: ['✅', '🔎', '⚠']",,2026-07-07T21:49:12
윙입푸드,01328639,900340,KOSDAQ,분기x별도,재무제표,CV-3,PASS,rows=29 cols=36 slider_extended=True,,2026-07-07T21:49:12
윙입푸드,01328639,900340,KOSDAQ,분기x별도,재무제표,DS-2/DS-3,DONE,"cross-check completed for ['매출액', '영업이익']",,2026-07-07T21:49:12
윙입푸드,01328639,900340,KOSDAQ,분기x별도,지표,CV-6,PASS,default metric selection visible,,2026-07-07T21:49:12
유니셈,00260569,036200,KOSDAQ,연간x연결,재무제표,DS-1,PASS,,,2026-07-07T21:49:26
유니셈,00260569,036200,KOSDAQ,연간x연결,상단,DS-8,PASS,,,2026-07-07T21:49:26
유니셈,00260569,036200,KOSDAQ,연간x연결,상단,DS-7,PASS,"badges seen: ['✅', '🔎', '⚠']",,2026-07-07T21:49:26
유니셈,00260569,036200,KOSDAQ,연간x연결,재무제표,CV-3,PASS,rows=29 cols=19 slider_extended=True,,2026-07-07T21:49:26
유니셈,00260569,036200,KOSDAQ,연간x연결,재무제표,DS-2/DS-3,DONE,"cross-check completed for ['매출액', '영업이익']",,2026-07-07T21:49:26
유니셈,00260569,036200,KOSDAQ,연간x연결,지표,CV-6,PASS,default metric selection visible,,2026-07-07T21:49:26
유니셈,00260569,036200,KOSDAQ,연간x별도,재무제표,DS-1,PASS,,,2026-07-07T21:49:31
유니셈,00260569,036200,KOSDAQ,연간x별도,상단,DS-8,PASS,,,2026-07-07T21:49:31
유니셈,00260569,036200,KOSDAQ,연간x별도,상단,DS-7,PASS,"badges seen: ['✅', '🔎']",,2026-07-07T21:49:31
유니셈,00260569,036200,KOSDAQ,연간x별도,재무제표,CV-3,PASS,rows=29 cols=22 slider_extended=True,,2026-07-07T21:49:31
유니셈,00260569,036200,KOSDAQ,연간x별도,재무제표,DS-2/DS-3,DONE,"cross-check completed for ['매출액', '영업이익']",,2026-07-07T21:49:31
유니셈,00260569,036200,KOSDAQ,연간x별도,지표,CV-6,PASS,default metric selection visible,,2026-07-07T21:49:31
유니셈,00260569,036200,KOSDAQ,분기x연결,재무제표,DS-1,PASS,,,2026-07-07T21:49:37
유니셈,00260569,036200,KOSDAQ,분기x연결,상단,DS-8,PASS,,,2026-07-07T21:49:37
유니셈,00260569,036200,KOSDAQ,분기x연결,상단,DS-7,PASS,"badges seen: ['✅', '🔎', '⚠']",,2026-07-07T21:49:37
유니셈,00260569,036200,KOSDAQ,분기x연결,재무제표,CV-3,PASS,rows=29 cols=60 slider_extended=True,,2026-07-07T21:49:37
유니셈,00260569,036200,KOSDAQ,분기x연결,재무제표,DS-2/DS-3,DONE,"cross-check completed for ['매출액', '영업이익']",,2026-07-07T21:49:37
유니셈,00260569,036200,KOSDAQ,분기x연결,지표,CV-6,PASS,default metric selection visible,,2026-07-07T21:49:37
유니셈,00260569,036200,KOSDAQ,분기x별도,재무제표,DS-1,PASS,,,2026-07-07T21:49:44
유니셈,00260569,036200,KOSDAQ,분기x별도,상단,DS-8,PASS,,,2026-07-07T21:49:44
유니셈,00260569,036200,KOSDAQ,분기x별도,상단,DS-7,PASS,"badges seen: ['✅', '🔎']",,2026-07-07T21:49:44
유니셈,00260569,036200,KOSDAQ,분기x별도,재무제표,CV-3,PASS,rows=29 cols=78 slider_extended=True,,2026-07-07T21:49:44
유니셈,00260569,036200,KOSDAQ,분기x별도,재무제표,DS-2/DS-3,DONE,"cross-check completed for ['매출액', '영업이익']",,2026-07-07T21:49:44
유니셈,00260569,036200,KOSDAQ,분기x별도,지표,CV-6,PASS,default metric selection visible,,2026-07-07T21:49:44
유니슨,00144243,018000,KOSDAQ,연간x연결,재무제표,DS-1,PASS,,,2026-07-07T21:49:58
유니슨,00144243,018000,KOSDAQ,연간x연결,상단,DS-8,PASS,,,2026-07-07T21:49:58
유니슨,00144243,018000,KOSDAQ,연간x연결,상단,DS-7,PASS,"badges seen: ['✅', '🔎', '⚠']",,2026-07-07T21:49:58
유니슨,00144243,018000,KOSDAQ,연간x연결,재무제표,CV-3,PASS,rows=29 cols=19 slider_extended=True,,2026-07-07T21:49:58
유니슨,00144243,018000,KOSDAQ,연간x연결,재무제표,DS-2/DS-3,DONE,"cross-check completed for ['매출액', '영업이익']",,2026-07-07T21:49:58
유니슨,00144243,018000,KOSDAQ,연간x연결,지표,CV-6,PASS,default metric selection visible,,2026-07-07T21:49:58
유니슨,00144243,018000,KOSDAQ,연간x별도,재무제표,DS-1,PASS,,,2026-07-07T21:50:03
유니슨,00144243,018000,KOSDAQ,연간x별도,상단,DS-8,PASS,,,2026-07-07T21:50:03
유니슨,00144243,018000,KOSDAQ,연간x별도,상단,DS-7,PASS,"badges seen: ['✅', '🔎', '⚠']",,2026-07-07T21:50:03
유니슨,00144243,018000,KOSDAQ,연간x별도,재무제표,CV-3,PASS,rows=29 cols=28 slider_extended=True,,2026-07-07T21:50:03
유니슨,00144243,018000,KOSDAQ,연간x별도,재무제표,DS-2/DS-3,DONE,"cross-check completed for ['매출액', '영업이익']",,2026-07-07T21:50:03
유니슨,00144243,018000,KOSDAQ,연간x별도,지표,CV-6,PASS,default metric selection visible,,2026-07-07T21:50:03
유니슨,00144243,018000,KOSDAQ,분기x연결,재무제표,DS-1,PASS,,,2026-07-07T21:50:09
유니슨,00144243,018000,KOSDAQ,분기x연결,상단,DS-8,PASS,,,2026-07-07T21:50:09
유니슨,00144243,018000,KOSDAQ,분기x연결,상단,DS-7,PASS,"badges seen: ['✅', '🔎', '⚠']",,2026-07-07T21:50:09
유니슨,00144243,018000,KOSDAQ,분기x연결,재무제표,CV-3,PASS,rows=29 cols=60 slider_extended=True,,2026-07-07T21:50:09
유니슨,00144243,018000,KOSDAQ,분기x연결,재무제표,DS-2/DS-3,DONE,"cross-check completed for ['매출액', '영업이익']",,2026-07-07T21:50:09
유니슨,00144243,018000,KOSDAQ,분기x연결,지표,CV-6,PASS,default metric selection visible,,2026-07-07T21:50:09
유니슨,00144243,018000,KOSDAQ,분기x별도,재무제표,DS-1,PASS,,,2026-07-07T21:50:16
유니슨,00144243,018000,KOSDAQ,분기x별도,상단,DS-8,PASS,,,2026-07-07T21:50:16
유니슨,00144243,018000,KOSDAQ,분기x별도,상단,DS-7,PASS,"badges seen: ['✅', '🔎', '⚠']",,2026-07-07T21:50:16
유니슨,00144243,018000,KOSDAQ,분기x별도,재무제표,CV-3,PASS,rows=29 cols=93 slider_extended=True,,2026-07-07T21:50:16
유니슨,00144243,018000,KOSDAQ,분기x별도,재무제표,DS-2/DS-3,DONE,"cross-check completed for ['매출액', '영업이익']",,2026-07-07T21:50:16
유니슨,00144243,018000,KOSDAQ,분기x별도,지표,CV-6,PASS,default metric selection visible,,2026-07-07T21:50:16
유니온바이오메트릭스,00408266,203450,KOSDAQ,연간x연결,재무제표,DS-1,PASS,,,2026-07-07T21:50:30
유니온바이오메트릭스,00408266,203450,KOSDAQ,연간x연결,상단,DS-8,PASS,,,2026-07-07T21:50:30
유니온바이오메트릭스,00408266,203450,KOSDAQ,연간x연결,상단,DS-7,PASS,"badges seen: ['✅', '🔎']",,2026-07-07T21:50:30
유니온바이오메트릭스,00408266,203450,KOSDAQ,연간x연결,재무제표,CV-3,PASS,rows=29 cols=15 slider_extended=True,,2026-07-07T21:50:30
유니온바이오메트릭스,00408266,203450,KOSDAQ,연간x연결,재무제표,DS-2/DS-3,DONE,"cross-check completed for ['매출액', '영업이익']",,2026-07-07T21:50:30
유니온바이오메트릭스,00408266,203450,KOSDAQ,연간x연결,지표,CV-6,PASS,default metric selection visible,,2026-07-07T21:50:30
유니온바이오메트릭스,00408266,203450,KOSDAQ,연간x별도,재무제표,DS-1,PASS,,,2026-07-07T21:50:35
유니온바이오메트릭스,00408266,203450,KOSDAQ,연간x별도,상단,DS-8,PASS,,,2026-07-07T21:50:35
유니온바이오메트릭스,00408266,203450,KOSDAQ,연간x별도,상단,DS-7,PASS,"badges seen: ['✅', '🔎', '⚠']",,2026-07-07T21:50:35
유니온바이오메트릭스,00408266,203450,KOSDAQ,연간x별도,재무제표,CV-3,PASS,rows=29 cols=16 slider_extended=True,,2026-07-07T21:50:35
유니온바이오메트릭스,00408266,203450,KOSDAQ,연간x별도,재무제표,DS-2/DS-3,DONE,"cross-check completed for ['매출액', '영업이익']",,2026-07-07T21:50:35
유니온바이오메트릭스,00408266,203450,KOSDAQ,연간x별도,지표,CV-6,PASS,default metric selection visible,,2026-07-07T21:50:35
유니온바이오메트릭스,00408266,203450,KOSDAQ,분기x연결,재무제표,DS-1,PASS,,,2026-07-07T21:50:41
유니온바이오메트릭스,00408266,203450,KOSDAQ,분기x연결,상단,DS-8,PASS,,,2026-07-07T21:50:41
유니온바이오메트릭스,00408266,203450,KOSDAQ,분기x연결,상단,DS-7,PASS,"badges seen: ['✅', '🔎']",,2026-07-07T21:50:41
유니온바이오메트릭스,00408266,203450,KOSDAQ,분기x연결,재무제표,CV-3,PASS,rows=29 cols=44 slider_extended=True,,2026-07-07T21:50:41
유니온바이오메트릭스,00408266,203450,KOSDAQ,분기x연결,재무제표,DS-2/DS-3,DONE,"cross-check completed for ['매출액', '영업이익']",,2026-07-07T21:50:41
유니온바이오메트릭스,00408266,203450,KOSDAQ,분기x연결,지표,CV-6,PASS,default metric selection visible,,2026-07-07T21:50:41
유니온바이오메트릭스,00408266,203450,KOSDAQ,분기x별도,재무제표,DS-1,PASS,,,2026-07-07T21:50:49
유니온바이오메트릭스,00408266,203450,KOSDAQ,분기x별도,상단,DS-8,PASS,,,2026-07-07T21:50:49
유니온바이오메트릭스,00408266,203450,KOSDAQ,분기x별도,상단,DS-7,PASS,"badges seen: ['✅', '🔎', '⚠']",,2026-07-07T21:50:49
유니온바이오메트릭스,00408266,203450,KOSDAQ,분기x별도,재무제표,CV-3,PASS,rows=29 cols=44 slider_extended=True,,2026-07-07T21:50:49
유니온바이오메트릭스,00408266,203450,KOSDAQ,분기x별도,재무제표,DS-2/DS-3,DONE,"cross-check completed for ['매출액', '영업이익']",,2026-07-07T21:50:49
유니온바이오메트릭스,00408266,203450,KOSDAQ,분기x별도,지표,CV-6,PASS,default metric selection visible,,2026-07-07T21:50:49
유니크,00147152,011320,KOSDAQ,연간x연결,재무제표,DS-1,PASS,,,2026-07-07T21:51:02
유니크,00147152,011320,KOSDAQ,연간x연결,상단,DS-8,PASS,,,2026-07-07T21:51:02
유니크,00147152,011320,KOSDAQ,연간x연결,상단,DS-7,PASS,"badges seen: ['✅', '🔎']",,2026-07-07T21:51:02
유니크,00147152,011320,KOSDAQ,연간x연결,재무제표,CV-3,PASS,rows=29 cols=19 slider_extended=True,,2026-07-07T21:51:02
유니크,00147152,011320,KOSDAQ,연간x연결,재무제표,DS-2/DS-3,DONE,"cross-check completed for ['매출액', '영업이익']",,2026-07-07T21:51:02
유니크,00147152,011320,KOSDAQ,연간x연결,지표,CV-6,PASS,default metric selection visible,,2026-07-07T21:51:02
유니크,00147152,011320,KOSDAQ,연간x별도,재무제표,DS-1,PASS,,,2026-07-07T21:51:07
유니크,00147152,011320,KOSDAQ,연간x별도,상단,DS-8,PASS,,,2026-07-07T21:51:07
유니크,00147152,011320,KOSDAQ,연간x별도,상단,DS-7,PASS,"badges seen: ['✅', '🔎']",,2026-07-07T21:51:07
유니크,00147152,011320,KOSDAQ,연간x별도,재무제표,CV-3,PASS,rows=29 cols=27 slider_extended=True,,2026-07-07T21:51:07
유니크,00147152,011320,KOSDAQ,연간x별도,재무제표,DS-2/DS-3,DONE,"cross-check completed for ['매출액', '영업이익']",,2026-07-07T21:51:07
유니크,00147152,011320,KOSDAQ,연간x별도,지표,CV-6,PASS,default metric selection visible,,2026-07-07T21:51:07
유니크,00147152,011320,KOSDAQ,분기x연결,재무제표,DS-1,PASS,,,2026-07-07T21:51:14
유니크,00147152,011320,KOSDAQ,분기x연결,상단,DS-8,PASS,,,2026-07-07T21:51:14
유니크,00147152,011320,KOSDAQ,분기x연결,상단,DS-7,PASS,"badges seen: ['✅', '🔎']",,2026-07-07T21:51:14
유니크,00147152,011320,KOSDAQ,분기x연결,재무제표,CV-3,PASS,rows=29 cols=60 slider_extended=True,,2026-07-07T21:51:14
유니크,00147152,011320,KOSDAQ,분기x연결,재무제표,DS-2/DS-3,DONE,"cross-check completed for ['매출액', '영업이익']",,2026-07-07T21:51:14
유니크,00147152,011320,KOSDAQ,분기x연결,지표,CV-6,PASS,default metric selection visible,,2026-07-07T21:51:14
유니크,00147152,011320,KOSDAQ,분기x별도,재무제표,DS-1,PASS,,,2026-07-07T21:51:21
유니크,00147152,011320,KOSDAQ,분기x별도,상단,DS-8,PASS,,,2026-07-07T21:51:21
유니크,00147152,011320,KOSDAQ,분기x별도,상단,DS-7,PASS,"badges seen: ['✅', '🔎']",,2026-07-07T21:51:21
유니크,00147152,011320,KOSDAQ,분기x별도,재무제표,CV-3,PASS,rows=29 cols=76 slider_extended=True,,2026-07-07T21:51:21
유니크,00147152,011320,KOSDAQ,분기x별도,재무제표,DS-2/DS-3,DONE,"cross-check completed for ['매출액', '영업이익']",,2026-07-07T21:51:21
유니크,00147152,011320,KOSDAQ,분기x별도,지표,CV-6,PASS,default metric selection visible,,2026-07-07T21:51:21
유니테스트,00540447,086390,KOSDAQ,연간x연결,재무제표,DS-1,PASS,,,2026-07-07T21:51:34
유니테스트,00540447,086390,KOSDAQ,연간x연결,상단,DS-8,PASS,,,2026-07-07T21:51:34
유니테스트,00540447,086390,KOSDAQ,연간x연결,상단,DS-7,PASS,"badges seen: ['✅', '🔎']",,2026-07-07T21:51:34
유니테스트,00540447,086390,KOSDAQ,연간x연결,재무제표,CV-3,PASS,rows=29 cols=19 slider_extended=True,,2026-07-07T21:51:34
유니테스트,00540447,086390,KOSDAQ,연간x연결,재무제표,DS-2/DS-3,DONE,"cross-check completed for ['매출액', '영업이익']",,2026-07-07T21:51:34
유니테스트,00540447,086390,KOSDAQ,연간x연결,지표,CV-6,PASS,default metric selection visible,,2026-07-07T21:51:34
유니테스트,00540447,086390,KOSDAQ,연간x별도,재무제표,DS-1,PASS,,,2026-07-07T21:51:39
유니테스트,00540447,086390,KOSDAQ,연간x별도,상단,DS-8,PASS,,,2026-07-07T21:51:39
유니테스트,00540447,086390,KOSDAQ,연간x별도,상단,DS-7,PASS,"badges seen: ['✅', '🔎']",,2026-07-07T21:51:39
유니테스트,00540447,086390,KOSDAQ,연간x별도,재무제표,CV-3,PASS,rows=29 cols=23 slider_extended=True,,2026-07-07T21:51:39
유니테스트,00540447,086390,KOSDAQ,연간x별도,재무제표,DS-2/DS-3,DONE,"cross-check completed for ['매출액', '영업이익']",,2026-07-07T21:51:39
유니테스트,00540447,086390,KOSDAQ,연간x별도,지표,CV-6,PASS,default metric selection visible,,2026-07-07T21:51:39
유니테스트,00540447,086390,KOSDAQ,분기x연결,재무제표,DS-1,PASS,,,2026-07-07T21:51:46
유니테스트,00540447,086390,KOSDAQ,분기x연결,상단,DS-8,PASS,,,2026-07-07T21:51:46
유니테스트,00540447,086390,KOSDAQ,분기x연결,상단,DS-7,PASS,"badges seen: ['✅', '🔎']",,2026-07-07T21:51:46
유니테스트,00540447,086390,KOSDAQ,분기x연결,재무제표,CV-3,PASS,rows=29 cols=63 slider_extended=True,,2026-07-07T21:51:46
유니테스트,00540447,086390,KOSDAQ,분기x연결,재무제표,DS-2/DS-3,DONE,"cross-check completed for ['매출액', '영업이익']",,2026-07-07T21:51:46
유니테스트,00540447,086390,KOSDAQ,분기x연결,지표,CV-6,PASS,default metric selection visible,,2026-07-07T21:51:46
유니테스트,00540447,086390,KOSDAQ,분기x별도,재무제표,DS-1,PASS,,,2026-07-07T21:51:53
유니테스트,00540447,086390,KOSDAQ,분기x별도,상단,DS-8,PASS,,,2026-07-07T21:51:53
유니테스트,00540447,086390,KOSDAQ,분기x별도,상단,DS-7,PASS,"badges seen: ['✅', '🔎']",,2026-07-07T21:51:53
유니테스트,00540447,086390,KOSDAQ,분기x별도,재무제표,CV-3,PASS,rows=29 cols=76 slider_extended=True,,2026-07-07T21:51:53
유니테스트,00540447,086390,KOSDAQ,분기x별도,재무제표,DS-2/DS-3,DONE,"cross-check completed for ['매출액', '영업이익']",,2026-07-07T21:51:53
유니테스트,00540447,086390,KOSDAQ,분기x별도,지표,CV-6,PASS,default metric selection visible,,2026-07-07T21:51:53
유니테크노,00531865,241690,KOSDAQ,연간x연결,재무제표,DS-1,PASS,,,2026-07-07T21:52:06
유니테크노,00531865,241690,KOSDAQ,연간x연결,상단,DS-8,PASS,,,2026-07-07T21:52:06
유니테크노,00531865,241690,KOSDAQ,연간x연결,상단,DS-7,PASS,"badges seen: ['✅', '🔎']",,2026-07-07T21:52:06
유니테크노,00531865,241690,KOSDAQ,연간x연결,재무제표,CV-3,PASS,rows=29 cols=14 slider_extended=True,,2026-07-07T21:52:06
유니테크노,00531865,241690,KOSDAQ,연간x연결,재무제표,DS-2/DS-3,DONE,"cross-check completed for ['매출액', '영업이익']",,2026-07-07T21:52:06
유니테크노,00531865,241690,KOSDAQ,연간x연결,지표,CV-6,PASS,default metric selection visible,,2026-07-07T21:52:06
유니테크노,00531865,241690,KOSDAQ,연간x별도,재무제표,DS-1,PASS,,,2026-07-07T21:52:11
유니테크노,00531865,241690,KOSDAQ,연간x별도,상단,DS-8,PASS,,,2026-07-07T21:52:11
유니테크노,00531865,241690,KOSDAQ,연간x별도,상단,DS-7,PASS,"badges seen: ['✅', '🔎']",,2026-07-07T21:52:11
유니테크노,00531865,241690,KOSDAQ,연간x별도,재무제표,CV-3,PASS,rows=29 cols=14 slider_extended=True,,2026-07-07T21:52:11
유니테크노,00531865,241690,KOSDAQ,연간x별도,재무제표,DS-2/DS-3,DONE,"cross-check completed for ['매출액', '영업이익']",,2026-07-07T21:52:11
유니테크노,00531865,241690,KOSDAQ,연간x별도,지표,CV-6,PASS,default metric selection visible,,2026-07-07T21:52:11
유니테크노,00531865,241690,KOSDAQ,분기x연결,재무제표,DS-1,PASS,,,2026-07-07T21:52:18
유니테크노,00531865,241690,KOSDAQ,분기x연결,상단,DS-8,PASS,,,2026-07-07T21:52:18
유니테크노,00531865,241690,KOSDAQ,분기x연결,상단,DS-7,PASS,"badges seen: ['✅', '🔎']",,2026-07-07T21:52:18
유니테크노,00531865,241690,KOSDAQ,분기x연결,재무제표,CV-3,PASS,rows=29 cols=46 slider_extended=True,,2026-07-07T21:52:18
유니테크노,00531865,241690,KOSDAQ,분기x연결,재무제표,DS-2/DS-3,DONE,"cross-check completed for ['매출액', '영업이익']",,2026-07-07T21:52:18
유니테크노,00531865,241690,KOSDAQ,분기x연결,지표,CV-6,PASS,default metric selection visible,,2026-07-07T21:52:18
유니테크노,00531865,241690,KOSDAQ,분기x별도,재무제표,DS-1,PASS,,,2026-07-07T21:52:25
유니테크노,00531865,241690,KOSDAQ,분기x별도,상단,DS-8,PASS,,,2026-07-07T21:52:25
유니테크노,00531865,241690,KOSDAQ,분기x별도,상단,DS-7,PASS,"badges seen: ['✅', '🔎']",,2026-07-07T21:52:25
유니테크노,00531865,241690,KOSDAQ,분기x별도,재무제표,CV-3,PASS,rows=29 cols=46 slider_extended=True,,2026-07-07T21:52:25
유니테크노,00531865,241690,KOSDAQ,분기x별도,재무제표,DS-2/DS-3,DONE,"cross-check completed for ['매출액', '영업이익']",,2026-07-07T21:52:25
유니테크노,00531865,241690,KOSDAQ,분기x별도,지표,CV-6,PASS,default metric selection visible,,2026-07-07T21:52:25
유니트론텍,00879020,142210,KOSDAQ,연간x연결,재무제표,DS-1,PASS,,,2026-07-07T21:52:38
유니트론텍,00879020,142210,KOSDAQ,연간x연결,상단,DS-8,PASS,,,2026-07-07T21:52:38
유니트론텍,00879020,142210,KOSDAQ,연간x연결,상단,DS-7,PASS,"badges seen: ['✅', '🔎', '⚠']",,2026-07-07T21:52:38
유니트론텍,00879020,142210,KOSDAQ,연간x연결,재무제표,CV-3,PASS,rows=29 cols=15 slider_extended=True,,2026-07-07T21:52:38
유니트론텍,00879020,142210,KOSDAQ,연간x연결,재무제표,DS-2/DS-3,DONE,"cross-check completed for ['매출액', '영업이익']",,2026-07-07T21:52:38
유니트론텍,00879020,142210,KOSDAQ,연간x연결,지표,CV-6,PASS,default metric selection visible,,2026-07-07T21:52:38
유니트론텍,00879020,142210,KOSDAQ,연간x별도,재무제표,DS-1,PASS,,,2026-07-07T21:52:43
유니트론텍,00879020,142210,KOSDAQ,연간x별도,상단,DS-8,PASS,,,2026-07-07T21:52:43
유니트론텍,00879020,142210,KOSDAQ,연간x별도,상단,DS-7,PASS,"badges seen: ['✅', '🔎', '⚠']",,2026-07-07T21:52:43
유니트론텍,00879020,142210,KOSDAQ,연간x별도,재무제표,CV-3,PASS,rows=29 cols=15 slider_extended=True,,2026-07-07T21:52:43
유니트론텍,00879020,142210,KOSDAQ,연간x별도,재무제표,DS-2/DS-3,DONE,"cross-check completed for ['매출액', '영업이익']",,2026-07-07T21:52:43
유니트론텍,00879020,142210,KOSDAQ,연간x별도,지표,CV-6,PASS,default metric selection visible,,2026-07-07T21:52:43
유니트론텍,00879020,142210,KOSDAQ,분기x연결,재무제표,DS-1,PASS,,,2026-07-07T21:52:50
유니트론텍,00879020,142210,KOSDAQ,분기x연결,상단,DS-8,PASS,,,2026-07-07T21:52:50
유니트론텍,00879020,142210,KOSDAQ,분기x연결,상단,DS-7,PASS,"badges seen: ['✅', '🔎', '⚠']",,2026-07-07T21:52:50
유니트론텍,00879020,142210,KOSDAQ,분기x연결,재무제표,CV-3,PASS,rows=29 cols=51 slider_extended=True,,2026-07-07T21:52:50
유니트론텍,00879020,142210,KOSDAQ,분기x연결,재무제표,DS-2/DS-3,DONE,"cross-check completed for ['매출액', '영업이익']",,2026-07-07T21:52:50
유니트론텍,00879020,142210,KOSDAQ,분기x연결,지표,CV-6,PASS,default metric selection visible,,2026-07-07T21:52:50
유니트론텍,00879020,142210,KOSDAQ,분기x별도,재무제표,DS-1,PASS,,,2026-07-07T21:52:57
유니트론텍,00879020,142210,KOSDAQ,분기x별도,상단,DS-8,PASS,,,2026-07-07T21:52:57
유니트론텍,00879020,142210,KOSDAQ,분기x별도,상단,DS-7,PASS,"badges seen: ['✅', '🔎', '⚠']",,2026-07-07T21:52:57
유니트론텍,00879020,142210,KOSDAQ,분기x별도,재무제표,CV-3,PASS,rows=29 cols=51 slider_extended=True,,2026-07-07T21:52:57
유니트론텍,00879020,142210,KOSDAQ,분기x별도,재무제표,DS-2/DS-3,DONE,"cross-check completed for ['매출액', '영업이익']",,2026-07-07T21:52:57
유니트론텍,00879020,142210,KOSDAQ,분기x별도,지표,CV-6,PASS,default metric selection visible,,2026-07-07T21:52:57
유디엠텍,01498576,389680,KOSDAQ,연간x연결,재무제표,DS-1,PASS,,,2026-07-07T21:53:11
유디엠텍,01498576,389680,KOSDAQ,연간x연결,상단,DS-8,PASS,,,2026-07-07T21:53:11
유디엠텍,01498576,389680,KOSDAQ,연간x연결,상단,DS-4,PASS,substitution caption present,,2026-07-07T21:53:11
유디엠텍,01498576,389680,KOSDAQ,연간x연결,상단,DS-7,PASS,"badges seen: ['✅', '🔎', '⚠']",,2026-07-07T21:53:11
유디엠텍,01498576,389680,KOSDAQ,연간x연결,재무제표,CV-3,PASS,rows=29 cols=6 slider_extended=True,,2026-07-07T21:53:11
유디엠텍,01498576,389680,KOSDAQ,연간x연결,재무제표,DS-2/DS-3,DONE,"cross-check completed for ['매출액', '영업이익']",,2026-07-07T21:53:11
유디엠텍,01498576,389680,KOSDAQ,연간x연결,지표,CV-6,PASS,default metric selection visible,,2026-07-07T21:53:11
유디엠텍,01498576,389680,KOSDAQ,연간x별도,재무제표,DS-1,PASS,,,2026-07-07T21:53:16
유디엠텍,01498576,389680,KOSDAQ,연간x별도,상단,DS-8,PASS,,,2026-07-07T21:53:16
유디엠텍,01498576,389680,KOSDAQ,연간x별도,상단,DS-7,PASS,"badges seen: ['✅', '🔎', '⚠']",,2026-07-07T21:53:16
유디엠텍,01498576,389680,KOSDAQ,연간x별도,재무제표,CV-3,PASS,rows=29 cols=6 slider_extended=True,,2026-07-07T21:53:16
유디엠텍,01498576,389680,KOSDAQ,연간x별도,재무제표,DS-2/DS-3,DONE,"cross-check completed for ['매출액', '영업이익']",,2026-07-07T21:53:16
유디엠텍,01498576,389680,KOSDAQ,연간x별도,지표,CV-6,PASS,default metric selection visible,,2026-07-07T21:53:16
유디엠텍,01498576,389680,KOSDAQ,분기x연결,재무제표,DS-1,PASS,,,2026-07-07T21:53:22
유디엠텍,01498576,389680,KOSDAQ,분기x연결,상단,DS-8,PASS,,,2026-07-07T21:53:22
유디엠텍,01498576,389680,KOSDAQ,분기x연결,상단,DS-4,PASS,substitution caption present,,2026-07-07T21:53:22
유디엠텍,01498576,389680,KOSDAQ,분기x연결,상단,DS-7,PASS,"badges seen: ['✅', '🔎', '⚠']",,2026-07-07T21:53:22
유디엠텍,01498576,389680,KOSDAQ,분기x연결,재무제표,CV-3,PASS,rows=29 cols=11 slider_extended=True,,2026-07-07T21:53:22
유디엠텍,01498576,389680,KOSDAQ,분기x연결,재무제표,DS-2/DS-3,DONE,"cross-check completed for ['매출액', '영업이익']",,2026-07-07T21:53:22
유디엠텍,01498576,389680,KOSDAQ,분기x연결,지표,CV-6,PASS,default metric selection visible,,2026-07-07T21:53:22
유디엠텍,01498576,389680,KOSDAQ,분기x별도,재무제표,DS-1,PASS,,,2026-07-07T21:53:29
유디엠텍,01498576,389680,KOSDAQ,분기x별도,상단,DS-8,PASS,,,2026-07-07T21:53:29
유디엠텍,01498576,389680,KOSDAQ,분기x별도,상단,DS-7,PASS,"badges seen: ['✅', '🔎', '⚠']",,2026-07-07T21:53:29
유디엠텍,01498576,389680,KOSDAQ,분기x별도,재무제표,CV-3,PASS,rows=29 cols=11 slider_extended=True,,2026-07-07T21:53:29
유디엠텍,01498576,389680,KOSDAQ,분기x별도,재무제표,DS-2/DS-3,DONE,"cross-check completed for ['매출액', '영업이익']",,2026-07-07T21:53:29
유디엠텍,01498576,389680,KOSDAQ,분기x별도,지표,CV-6,PASS,default metric selection visible,,2026-07-07T21:53:29
유라클,00407294,088340,KOSDAQ,연간x연결,재무제표,DS-1,PASS,,,2026-07-07T21:53:40
유라클,00407294,088340,KOSDAQ,연간x연결,상단,DS-8,PASS,,,2026-07-07T21:53:40
유라클,00407294,088340,KOSDAQ,연간x연결,상단,DS-7,PASS,"badges seen: ['✅', '🔎']",,2026-07-07T21:53:40
유라클,00407294,088340,KOSDAQ,연간x연결,재무제표,CV-3,PASS,rows=29 cols=6 slider_extended=True,,2026-07-07T21:53:40
유라클,00407294,088340,KOSDAQ,연간x연결,재무제표,DS-2/DS-3,DONE,"cross-check completed for ['매출액', '영업이익']",,2026-07-07T21:53:40
유라클,00407294,088340,KOSDAQ,연간x연결,지표,CV-6,PASS,default metric selection visible,,2026-07-07T21:53:40
유라클,00407294,088340,KOSDAQ,연간x별도,재무제표,DS-1,PASS,,,2026-07-07T21:53:45
유라클,00407294,088340,KOSDAQ,연간x별도,상단,DS-8,PASS,,,2026-07-07T21:53:45
유라클,00407294,088340,KOSDAQ,연간x별도,상단,DS-7,PASS,"badges seen: ['✅', '🔎']",,2026-07-07T21:53:45
유라클,00407294,088340,KOSDAQ,연간x별도,재무제표,CV-3,PASS,rows=29 cols=6 slider_extended=True,,2026-07-07T21:53:45
유라클,00407294,088340,KOSDAQ,연간x별도,재무제표,DS-2/DS-3,DONE,"cross-check completed for ['매출액', '영업이익']",,2026-07-07T21:53:45
유라클,00407294,088340,KOSDAQ,연간x별도,지표,CV-6,PASS,default metric selection visible,,2026-07-07T21:53:45
유라클,00407294,088340,KOSDAQ,분기x연결,재무제표,DS-1,PASS,,,2026-07-07T21:53:51
유라클,00407294,088340,KOSDAQ,분기x연결,상단,DS-8,PASS,,,2026-07-07T21:53:51
유라클,00407294,088340,KOSDAQ,분기x연결,상단,DS-7,PASS,"badges seen: ['✅', '🔎']",,2026-07-07T21:53:51
유라클,00407294,088340,KOSDAQ,분기x연결,재무제표,CV-3,PASS,rows=29 cols=12 slider_extended=True,,2026-07-07T21:53:51
유라클,00407294,088340,KOSDAQ,분기x연결,재무제표,DS-2/DS-3,DONE,"cross-check completed for ['매출액', '영업이익']",,2026-07-07T21:53:51
유라클,00407294,088340,KOSDAQ,분기x연결,지표,CV-6,PASS,default metric selection visible,,2026-07-07T21:53:51
유라클,00407294,088340,KOSDAQ,분기x별도,재무제표,DS-1,PASS,,,2026-07-07T21:53:58
유라클,00407294,088340,KOSDAQ,분기x별도,상단,DS-8,PASS,,,2026-07-07T21:53:58
유라클,00407294,088340,KOSDAQ,분기x별도,상단,DS-7,PASS,"badges seen: ['✅', '🔎']",,2026-07-07T21:53:58
유라클,00407294,088340,KOSDAQ,분기x별도,재무제표,CV-3,PASS,rows=29 cols=12 slider_extended=True,,2026-07-07T21:53:58
유라클,00407294,088340,KOSDAQ,분기x별도,재무제표,DS-2/DS-3,DONE,"cross-check completed for ['매출액', '영업이익']",,2026-07-07T21:53:58
유라클,00407294,088340,KOSDAQ,분기x별도,지표,CV-6,PASS,default metric selection visible,,2026-07-07T21:53:58
유라테크,00201742,048430,KOSDAQ,연간x연결,재무제표,DS-1,PASS,,,2026-07-07T21:54:12
유라테크,00201742,048430,KOSDAQ,연간x연결,상단,DS-8,PASS,,,2026-07-07T21:54:12
유라테크,00201742,048430,KOSDAQ,연간x연결,상단,DS-7,PASS,"badges seen: ['✅', '🔎', '⚠']",,2026-07-07T21:54:12
유라테크,00201742,048430,KOSDAQ,연간x연결,재무제표,CV-3,PASS,rows=29 cols=18 slider_extended=True,,2026-07-07T21:54:12
유라테크,00201742,048430,KOSDAQ,연간x연결,재무제표,DS-2/DS-3,DONE,"cross-check completed for ['매출액', '영업이익']",,2026-07-07T21:54:12
유라테크,00201742,048430,KOSDAQ,연간x연결,지표,CV-6,PASS,default metric selection visible,,2026-07-07T21:54:12
유라테크,00201742,048430,KOSDAQ,연간x별도,재무제표,DS-1,PASS,,,2026-07-07T21:54:17
유라테크,00201742,048430,KOSDAQ,연간x별도,상단,DS-8,PASS,,,2026-07-07T21:54:17
유라테크,00201742,048430,KOSDAQ,연간x별도,상단,DS-7,PASS,"badges seen: ['✅', '🔎', '⚠']",,2026-07-07T21:54:17
유라테크,00201742,048430,KOSDAQ,연간x별도,재무제표,CV-3,PASS,rows=29 cols=25 slider_extended=True,,2026-07-07T21:54:17
유라테크,00201742,048430,KOSDAQ,연간x별도,재무제표,DS-2/DS-3,DONE,"cross-check completed for ['매출액', '영업이익']",,2026-07-07T21:54:17
유라테크,00201742,048430,KOSDAQ,연간x별도,지표,CV-6,PASS,default metric selection visible,,2026-07-07T21:54:17
유라테크,00201742,048430,KOSDAQ,분기x연결,재무제표,DS-1,PASS,,,2026-07-07T21:54:23
유라테크,00201742,048430,KOSDAQ,분기x연결,상단,DS-8,PASS,,,2026-07-07T21:54:23
유라테크,00201742,048430,KOSDAQ,분기x연결,상단,DS-7,PASS,"badges seen: ['✅', '🔎']",,2026-07-07T21:54:23
유라테크,00201742,048430,KOSDAQ,분기x연결,재무제표,CV-3,PASS,rows=29 cols=60 slider_extended=True,,2026-07-07T21:54:23
유라테크,00201742,048430,KOSDAQ,분기x연결,재무제표,DS-2/DS-3,DONE,"cross-check completed for ['매출액', '영업이익']",,2026-07-07T21:54:23
유라테크,00201742,048430,KOSDAQ,분기x연결,지표,CV-6,PASS,default metric selection visible,,2026-07-07T21:54:23
유라테크,00201742,048430,KOSDAQ,분기x별도,재무제표,DS-1,PASS,,,2026-07-07T21:54:30
유라테크,00201742,048430,KOSDAQ,분기x별도,상단,DS-8,PASS,,,2026-07-07T21:54:30
유라테크,00201742,048430,KOSDAQ,분기x별도,상단,DS-7,PASS,"badges seen: ['✅', '🔎', '⚠']",,2026-07-07T21:54:30
유라테크,00201742,048430,KOSDAQ,분기x별도,재무제표,CV-3,PASS,rows=29 cols=87 slider_extended=True,,2026-07-07T21:54:30
유라테크,00201742,048430,KOSDAQ,분기x별도,재무제표,DS-2/DS-3,DONE,"cross-check completed for ['매출액', '영업이익']",,2026-07-07T21:54:30
유라테크,00201742,048430,KOSDAQ,분기x별도,지표,CV-6,PASS,default metric selection visible,,2026-07-07T21:54:30
유바이오로직스,00927558,206650,KOSDAQ,연간x연결,재무제표,DS-1,PASS,,,2026-07-07T21:54:44
유바이오로직스,00927558,206650,KOSDAQ,연간x연결,상단,DS-8,PASS,,,2026-07-07T21:54:44
유바이오로직스,00927558,206650,KOSDAQ,연간x연결,상단,DS-7,PASS,"badges seen: ['✅', '🔎']",,2026-07-07T21:54:44
유바이오로직스,00927558,206650,KOSDAQ,연간x연결,재무제표,CV-3,PASS,rows=29 cols=7 slider_extended=True,,2026-07-07T21:54:44
유바이오로직스,00927558,206650,KOSDAQ,연간x연결,재무제표,DS-2/DS-3,DONE,"cross-check completed for ['매출액', '영업이익']",,2026-07-07T21:54:44
유바이오로직스,00927558,206650,KOSDAQ,연간x연결,지표,CV-6,PASS,default metric selection visible,,2026-07-07T21:54:44
유바이오로직스,00927558,206650,KOSDAQ,연간x별도,재무제표,DS-1,PASS,,,2026-07-07T21:54:49
유바이오로직스,00927558,206650,KOSDAQ,연간x별도,상단,DS-8,PASS,,,2026-07-07T21:54:49
유바이오로직스,00927558,206650,KOSDAQ,연간x별도,상단,DS-7,PASS,"badges seen: ['✅', '🔎']",,2026-07-07T21:54:49
유바이오로직스,00927558,206650,KOSDAQ,연간x별도,재무제표,CV-3,PASS,rows=29 cols=14 slider_extended=True,,2026-07-07T21:54:49
유바이오로직스,00927558,206650,KOSDAQ,연간x별도,재무제표,DS-2/DS-3,DONE,"cross-check completed for ['매출액', '영업이익']",,2026-07-07T21:54:49
유바이오로직스,00927558,206650,KOSDAQ,연간x별도,지표,CV-6,PASS,default metric selection visible,,2026-07-07T21:54:49
유바이오로직스,00927558,206650,KOSDAQ,분기x연결,재무제표,DS-1,PASS,,,2026-07-07T21:54:55
유바이오로직스,00927558,206650,KOSDAQ,분기x연결,상단,DS-8,PASS,,,2026-07-07T21:54:55
유바이오로직스,00927558,206650,KOSDAQ,분기x연결,상단,DS-7,PASS,"badges seen: ['✅', '🔎']",,2026-07-07T21:54:55
유바이오로직스,00927558,206650,KOSDAQ,분기x연결,재무제표,CV-3,PASS,rows=29 cols=15 slider_extended=True,,2026-07-07T21:54:55
유바이오로직스,00927558,206650,KOSDAQ,분기x연결,재무제표,DS-2/DS-3,DONE,"cross-check completed for ['매출액', '영업이익']",,2026-07-07T21:54:55
유바이오로직스,00927558,206650,KOSDAQ,분기x연결,지표,CV-6,PASS,default metric selection visible,,2026-07-07T21:54:55
유바이오로직스,00927558,206650,KOSDAQ,분기x별도,재무제표,DS-1,PASS,,,2026-07-07T21:55:02
유바이오로직스,00927558,206650,KOSDAQ,분기x별도,상단,DS-8,PASS,,,2026-07-07T21:55:02
유바이오로직스,00927558,206650,KOSDAQ,분기x별도,상단,DS-7,PASS,"badges seen: ['✅', '🔎']",,2026-07-07T21:55:02
유바이오로직스,00927558,206650,KOSDAQ,분기x별도,재무제표,CV-3,PASS,rows=29 cols=44 slider_extended=True,,2026-07-07T21:55:02
유바이오로직스,00927558,206650,KOSDAQ,분기x별도,재무제표,DS-2/DS-3,DONE,"cross-check completed for ['매출액', '영업이익']",,2026-07-07T21:55:02
유바이오로직스,00927558,206650,KOSDAQ,분기x별도,지표,CV-6,PASS,default metric selection visible,,2026-07-07T21:55:02
유비벨록스,00592653,089850,KOSDAQ,연간x연결,재무제표,DS-1,PASS,,,2026-07-07T21:55:16
유비벨록스,00592653,089850,KOSDAQ,연간x연결,상단,DS-8,PASS,,,2026-07-07T21:55:16
유비벨록스,00592653,089850,KOSDAQ,연간x연결,상단,DS-7,PASS,"badges seen: ['✅', '🔎', '⚠']",,2026-07-07T21:55:16
유비벨록스,00592653,089850,KOSDAQ,연간x연결,재무제표,CV-3,PASS,rows=29 cols=19 slider_extended=True,,2026-07-07T21:55:16
유비벨록스,00592653,089850,KOSDAQ,연간x연결,재무제표,DS-2/DS-3,DONE,"cross-check completed for ['매출액', '영업이익']",,2026-07-07T21:55:16
유비벨록스,00592653,089850,KOSDAQ,연간x연결,지표,CV-6,PASS,default metric selection visible,,2026-07-07T21:55:16
유비벨록스,00592653,089850,KOSDAQ,연간x별도,재무제표,DS-1,PASS,,,2026-07-07T21:55:21
유비벨록스,00592653,089850,KOSDAQ,연간x별도,상단,DS-8,PASS,,,2026-07-07T21:55:21
유비벨록스,00592653,089850,KOSDAQ,연간x별도,상단,DS-7,PASS,"badges seen: ['✅', '🔎']",,2026-07-07T21:55:21
유비벨록스,00592653,089850,KOSDAQ,연간x별도,재무제표,CV-3,PASS,rows=29 cols=20 slider_extended=True,,2026-07-07T21:55:21
유비벨록스,00592653,089850,KOSDAQ,연간x별도,재무제표,DS-2/DS-3,DONE,"cross-check completed for ['매출액', '영업이익']",,2026-07-07T21:55:21
유비벨록스,00592653,089850,KOSDAQ,연간x별도,지표,CV-6,PASS,default metric selection visible,,2026-07-07T21:55:21
유비벨록스,00592653,089850,KOSDAQ,분기x연결,재무제표,DS-1,PASS,,,2026-07-07T21:55:27
유비벨록스,00592653,089850,KOSDAQ,분기x연결,상단,DS-8,PASS,,,2026-07-07T21:55:27
유비벨록스,00592653,089850,KOSDAQ,분기x연결,상단,DS-7,PASS,"badges seen: ['✅', '🔎']",,2026-07-07T21:55:27
유비벨록스,00592653,089850,KOSDAQ,분기x연결,재무제표,CV-3,PASS,rows=29 cols=60 slider_extended=True,,2026-07-07T21:55:27
유비벨록스,00592653,089850,KOSDAQ,분기x연결,재무제표,DS-2/DS-3,DONE,"cross-check completed for ['매출액', '영업이익']",,2026-07-07T21:55:27
유비벨록스,00592653,089850,KOSDAQ,분기x연결,지표,CV-6,PASS,default metric selection visible,,2026-07-07T21:55:27
유비벨록스,00592653,089850,KOSDAQ,분기x별도,재무제표,DS-1,PASS,,,2026-07-07T21:55:35
유비벨록스,00592653,089850,KOSDAQ,분기x별도,상단,DS-8,PASS,,,2026-07-07T21:55:35
유비벨록스,00592653,089850,KOSDAQ,분기x별도,상단,DS-7,PASS,"badges seen: ['✅', '🔎', '⚠']",,2026-07-07T21:55:35
유비벨록스,00592653,089850,KOSDAQ,분기x별도,재무제표,CV-3,PASS,rows=29 cols=67 slider_extended=True,,2026-07-07T21:55:35
유비벨록스,00592653,089850,KOSDAQ,분기x별도,재무제표,DS-2/DS-3,DONE,"cross-check completed for ['매출액', '영업이익']",,2026-07-07T21:55:35
유비벨록스,00592653,089850,KOSDAQ,분기x별도,지표,CV-6,PASS,default metric selection visible,,2026-07-07T21:55:35
유비온,00531078,084440,KOSDAQ,연간x연결,재무제표,DS-1,PASS,,,2026-07-07T21:55:48
유비온,00531078,084440,KOSDAQ,연간x연결,상단,DS-8,PASS,,,2026-07-07T21:55:48
유비온,00531078,084440,KOSDAQ,연간x연결,상단,DS-7,PASS,"badges seen: ['✅', '🔎']",,2026-07-07T21:55:48
유비온,00531078,084440,KOSDAQ,연간x연결,재무제표,CV-3,PASS,rows=29 cols=8 slider_extended=True,,2026-07-07T21:55:48
유비온,00531078,084440,KOSDAQ,연간x연결,재무제표,DS-2/DS-3,DONE,"cross-check completed for ['매출액', '영업이익']",,2026-07-07T21:55:48
유비온,00531078,084440,KOSDAQ,연간x연결,지표,CV-6,PASS,default metric selection visible,,2026-07-07T21:55:48
유비온,00531078,084440,KOSDAQ,연간x별도,재무제표,DS-1,PASS,,,2026-07-07T21:55:53
유비온,00531078,084440,KOSDAQ,연간x별도,상단,DS-8,PASS,,,2026-07-07T21:55:53
유비온,00531078,084440,KOSDAQ,연간x별도,상단,DS-7,PASS,"badges seen: ['✅', '🔎']",,2026-07-07T21:55:53
유비온,00531078,084440,KOSDAQ,연간x별도,재무제표,CV-3,PASS,rows=29 cols=16 slider_extended=True,,2026-07-07T21:55:53
유비온,00531078,084440,KOSDAQ,연간x별도,재무제표,DS-2/DS-3,DONE,"cross-check completed for ['매출액', '영업이익']",,2026-07-07T21:55:53
유비온,00531078,084440,KOSDAQ,연간x별도,지표,CV-6,PASS,default metric selection visible,,2026-07-07T21:55:53
유비온,00531078,084440,KOSDAQ,분기x연결,재무제표,DS-1,PASS,,,2026-07-07T21:56:00
유비온,00531078,084440,KOSDAQ,분기x연결,상단,DS-8,PASS,,,2026-07-07T21:56:00
유비온,00531078,084440,KOSDAQ,분기x연결,상단,DS-7,PASS,"badges seen: ['✅', '🔎']",,2026-07-07T21:56:00
유비온,00531078,084440,KOSDAQ,분기x연결,재무제표,CV-3,PASS,rows=29 cols=17 slider_extended=True,,2026-07-07T21:56:00
유비온,00531078,084440,KOSDAQ,분기x연결,재무제표,DS-2/DS-3,DONE,"cross-check completed for ['매출액', '영업이익']",,2026-07-07T21:56:00
유비온,00531078,084440,KOSDAQ,분기x연결,지표,CV-6,PASS,default metric selection visible,,2026-07-07T21:56:00
유비온,00531078,084440,KOSDAQ,분기x별도,재무제표,DS-1,PASS,,,2026-07-07T21:56:07
유비온,00531078,084440,KOSDAQ,분기x별도,상단,DS-8,PASS,,,2026-07-07T21:56:07
유비온,00531078,084440,KOSDAQ,분기x별도,상단,DS-7,PASS,"badges seen: ['✅', '🔎']",,2026-07-07T21:56:07
유비온,00531078,084440,KOSDAQ,분기x별도,재무제표,CV-3,PASS,rows=29 cols=20 slider_extended=True,,2026-07-07T21:56:07
유비온,00531078,084440,KOSDAQ,분기x별도,재무제표,DS-2/DS-3,DONE,"cross-check completed for ['매출액', '영업이익']",,2026-07-07T21:56:07
유비온,00531078,084440,KOSDAQ,분기x별도,지표,CV-6,PASS,default metric selection visible,,2026-07-07T21:56:07
유비쿼스,01203376,264450,KOSDAQ,연간x연결,재무제표,DS-1,PASS,,,2026-07-07T21:56:20
유비쿼스,01203376,264450,KOSDAQ,연간x연결,상단,DS-8,PASS,,,2026-07-07T21:56:20
유비쿼스,01203376,264450,KOSDAQ,연간x연결,상단,DS-7,PASS,"badges seen: ['✅', '🔎']",,2026-07-07T21:56:20
유비쿼스,01203376,264450,KOSDAQ,연간x연결,재무제표,CV-3,PASS,rows=29 cols=8 slider_extended=True,,2026-07-07T21:56:20
유비쿼스,01203376,264450,KOSDAQ,연간x연결,재무제표,DS-2/DS-3,DONE,"cross-check completed for ['매출액', '영업이익']",,2026-07-07T21:56:20
유비쿼스,01203376,264450,KOSDAQ,연간x연결,지표,CV-6,PASS,default metric selection visible,,2026-07-07T21:56:20
유비쿼스,01203376,264450,KOSDAQ,연간x별도,재무제표,DS-1,PASS,,,2026-07-07T21:56:26
유비쿼스,01203376,264450,KOSDAQ,연간x별도,상단,DS-8,PASS,,,2026-07-07T21:56:26
유비쿼스,01203376,264450,KOSDAQ,연간x별도,상단,DS-7,PASS,"badges seen: ['✅', '🔎']",,2026-07-07T21:56:26
유비쿼스,01203376,264450,KOSDAQ,연간x별도,재무제표,CV-3,PASS,rows=29 cols=11 slider_extended=True,,2026-07-07T21:56:26
유비쿼스,01203376,264450,KOSDAQ,연간x별도,재무제표,DS-2/DS-3,DONE,"cross-check completed for ['매출액', '영업이익']",,2026-07-07T21:56:26
유비쿼스,01203376,264450,KOSDAQ,연간x별도,지표,CV-6,PASS,default metric selection visible,,2026-07-07T21:56:26
유비쿼스,01203376,264450,KOSDAQ,분기x연결,재무제표,DS-1,PASS,,,2026-07-07T21:56:32
유비쿼스,01203376,264450,KOSDAQ,분기x연결,상단,DS-8,PASS,,,2026-07-07T21:56:32
유비쿼스,01203376,264450,KOSDAQ,분기x연결,상단,DS-7,PASS,"badges seen: ['✅', '🔎']",,2026-07-07T21:56:32
유비쿼스,01203376,264450,KOSDAQ,분기x연결,재무제표,CV-3,PASS,rows=29 cols=23 slider_extended=True,,2026-07-07T21:56:32
유비쿼스,01203376,264450,KOSDAQ,분기x연결,재무제표,DS-2/DS-3,DONE,"cross-check completed for ['매출액', '영업이익']",,2026-07-07T21:56:32
유비쿼스,01203376,264450,KOSDAQ,분기x연결,지표,CV-6,PASS,default metric selection visible,,2026-07-07T21:56:32
유비쿼스,01203376,264450,KOSDAQ,분기x별도,재무제표,DS-1,PASS,,,2026-07-07T21:56:39
유비쿼스,01203376,264450,KOSDAQ,분기x별도,상단,DS-8,PASS,,,2026-07-07T21:56:39
유비쿼스,01203376,264450,KOSDAQ,분기x별도,상단,DS-7,PASS,"badges seen: ['✅', '🔎']",,2026-07-07T21:56:39
유비쿼스,01203376,264450,KOSDAQ,분기x별도,재무제표,CV-3,PASS,rows=29 cols=40 slider_extended=True,,2026-07-07T21:56:39
유비쿼스,01203376,264450,KOSDAQ,분기x별도,재무제표,DS-2/DS-3,DONE,"cross-check completed for ['매출액', '영업이익']",,2026-07-07T21:56:39
유비쿼스,01203376,264450,KOSDAQ,분기x별도,지표,CV-6,PASS,default metric selection visible,,2026-07-07T21:56:39
유비쿼스홀딩스,00411385,078070,KOSDAQ,연간x연결,재무제표,DS-1,PASS,,,2026-07-07T21:56:52
유비쿼스홀딩스,00411385,078070,KOSDAQ,연간x연결,상단,DS-8,PASS,,,2026-07-07T21:56:52
유비쿼스홀딩스,00411385,078070,KOSDAQ,연간x연결,상단,DS-7,PASS,"badges seen: ['✅', '🔎', '⚠']",,2026-07-07T21:56:52
유비쿼스홀딩스,00411385,078070,KOSDAQ,연간x연결,재무제표,CV-3,PASS,rows=29 cols=19 slider_extended=True,,2026-07-07T21:56:52
유비쿼스홀딩스,00411385,078070,KOSDAQ,연간x연결,재무제표,DS-2/DS-3,DONE,"cross-check completed for ['매출액', '영업이익']",,2026-07-07T21:56:52
유비쿼스홀딩스,00411385,078070,KOSDAQ,연간x연결,지표,CV-6,PASS,default metric selection visible,,2026-07-07T21:56:52
유비쿼스홀딩스,00411385,078070,KOSDAQ,연간x별도,재무제표,DS-1,PASS,,,2026-07-07T21:56:57
유비쿼스홀딩스,00411385,078070,KOSDAQ,연간x별도,상단,DS-8,PASS,,,2026-07-07T21:56:57
유비쿼스홀딩스,00411385,078070,KOSDAQ,연간x별도,상단,DS-7,PASS,"badges seen: ['✅', '🔎', '⚠']",,2026-07-07T21:56:57
유비쿼스홀딩스,00411385,078070,KOSDAQ,연간x별도,재무제표,CV-3,PASS,rows=29 cols=22 slider_extended=True,,2026-07-07T21:56:57
유비쿼스홀딩스,00411385,078070,KOSDAQ,연간x별도,재무제표,DS-2/DS-3,DONE,"cross-check completed for ['매출액', '영업이익']",,2026-07-07T21:56:57
유비쿼스홀딩스,00411385,078070,KOSDAQ,연간x별도,지표,CV-6,PASS,default metric selection visible,,2026-07-07T21:56:57
유비쿼스홀딩스,00411385,078070,KOSDAQ,분기x연결,재무제표,DS-1,PASS,,,2026-07-07T21:57:03
유비쿼스홀딩스,00411385,078070,KOSDAQ,분기x연결,상단,DS-8,PASS,,,2026-07-07T21:57:03
유비쿼스홀딩스,00411385,078070,KOSDAQ,분기x연결,상단,DS-7,PASS,"badges seen: ['✅', '🔎']",,2026-07-07T21:57:03
유비쿼스홀딩스,00411385,078070,KOSDAQ,분기x연결,재무제표,CV-3,PASS,rows=29 cols=60 slider_extended=True,,2026-07-07T21:57:03
유비쿼스홀딩스,00411385,078070,KOSDAQ,분기x연결,재무제표,DS-2/DS-3,DONE,"cross-check completed for ['매출액', '영업이익']",,2026-07-07T21:57:03
유비쿼스홀딩스,00411385,078070,KOSDAQ,분기x연결,지표,CV-6,PASS,default metric selection visible,,2026-07-07T21:57:03
유비쿼스홀딩스,00411385,078070,KOSDAQ,분기x별도,재무제표,DS-1,PASS,,,2026-07-07T21:57:11
유비쿼스홀딩스,00411385,078070,KOSDAQ,분기x별도,상단,DS-8,PASS,,,2026-07-07T21:57:11
유비쿼스홀딩스,00411385,078070,KOSDAQ,분기x별도,상단,DS-7,PASS,"badges seen: ['✅', '🔎', '⚠']",,2026-07-07T21:57:11
유비쿼스홀딩스,00411385,078070,KOSDAQ,분기x별도,재무제표,CV-3,PASS,rows=29 cols=72 slider_extended=True,,2026-07-07T21:57:11
유비쿼스홀딩스,00411385,078070,KOSDAQ,분기x별도,재무제표,DS-2/DS-3,DONE,"cross-check completed for ['매출액', '영업이익']",,2026-07-07T21:57:11
유비쿼스홀딩스,00411385,078070,KOSDAQ,분기x별도,지표,CV-6,PASS,default metric selection visible,,2026-07-07T21:57:11
유성티엔에스,00173999,024800,KOSDAQ,연간x연결,재무제표,DS-1,PASS,,,2026-07-07T21:57:25
유성티엔에스,00173999,024800,KOSDAQ,연간x연결,상단,DS-8,PASS,,,2026-07-07T21:57:25
유성티엔에스,00173999,024800,KOSDAQ,연간x연결,상단,DS-7,PASS,"badges seen: ['✅', '🔎']",,2026-07-07T21:57:25
유성티엔에스,00173999,024800,KOSDAQ,연간x연결,재무제표,CV-3,PASS,rows=29 cols=19 slider_extended=True,,2026-07-07T21:57:25
유성티엔에스,00173999,024800,KOSDAQ,연간x연결,재무제표,DS-2/DS-3,DONE,"cross-check completed for ['매출액', '영업이익']",,2026-07-07T21:57:25
유성티엔에스,00173999,024800,KOSDAQ,연간x연결,지표,CV-6,PASS,default metric selection visible,,2026-07-07T21:57:25
유성티엔에스,00173999,024800,KOSDAQ,연간x별도,재무제표,DS-1,PASS,,,2026-07-07T21:57:30
유성티엔에스,00173999,024800,KOSDAQ,연간x별도,상단,DS-8,PASS,,,2026-07-07T21:57:30
유성티엔에스,00173999,024800,KOSDAQ,연간x별도,상단,DS-7,PASS,"badges seen: ['✅', '🔎', '⚠']",,2026-07-07T21:57:30
유성티엔에스,00173999,024800,KOSDAQ,연간x별도,재무제표,CV-3,PASS,rows=29 cols=24 slider_extended=True,,2026-07-07T21:57:30
유성티엔에스,00173999,024800,KOSDAQ,연간x별도,재무제표,DS-2/DS-3,DONE,"cross-check completed for ['매출액', '영업이익']",,2026-07-07T21:57:30
유성티엔에스,00173999,024800,KOSDAQ,연간x별도,지표,CV-6,PASS,default metric selection visible,,2026-07-07T21:57:30
유성티엔에스,00173999,024800,KOSDAQ,분기x연결,재무제표,DS-1,PASS,,,2026-07-07T21:57:36
유성티엔에스,00173999,024800,KOSDAQ,분기x연결,상단,DS-8,PASS,,,2026-07-07T21:57:36
유성티엔에스,00173999,024800,KOSDAQ,분기x연결,상단,DS-7,PASS,"badges seen: ['✅', '🔎', '⚠']",,2026-07-07T21:57:36
유성티엔에스,00173999,024800,KOSDAQ,분기x연결,재무제표,CV-3,PASS,rows=29 cols=58 slider_extended=True,,2026-07-07T21:57:36
유성티엔에스,00173999,024800,KOSDAQ,분기x연결,재무제표,DS-2/DS-3,DONE,"cross-check completed for ['매출액', '영업이익']",,2026-07-07T21:57:36
유성티엔에스,00173999,024800,KOSDAQ,분기x연결,지표,CV-6,PASS,default metric selection visible,,2026-07-07T21:57:36
유성티엔에스,00173999,024800,KOSDAQ,분기x별도,재무제표,DS-1,PASS,,,2026-07-07T21:57:43
유성티엔에스,00173999,024800,KOSDAQ,분기x별도,상단,DS-8,PASS,,,2026-07-07T21:57:43
유성티엔에스,00173999,024800,KOSDAQ,분기x별도,상단,DS-7,PASS,"badges seen: ['✅', '🔎']",,2026-07-07T21:57:43
유성티엔에스,00173999,024800,KOSDAQ,분기x별도,재무제표,CV-3,PASS,rows=29 cols=80 slider_extended=True,,2026-07-07T21:57:43
유성티엔에스,00173999,024800,KOSDAQ,분기x별도,재무제표,DS-2/DS-3,DONE,"cross-check completed for ['매출액', '영업이익']",,2026-07-07T21:57:43
유성티엔에스,00173999,024800,KOSDAQ,분기x별도,지표,CV-6,PASS,default metric selection visible,,2026-07-07T21:57:43
유신,00144650,054930,KOSDAQ,연간x연결,재무제표,DS-1,PASS,,,2026-07-07T21:57:57
유신,00144650,054930,KOSDAQ,연간x연결,상단,DS-8,PASS,,,2026-07-07T21:57:57
유신,00144650,054930,KOSDAQ,연간x연결,상단,DS-7,PASS,"badges seen: ['✅', '🔎']",,2026-07-07T21:57:57
유신,00144650,054930,KOSDAQ,연간x연결,재무제표,CV-3,PASS,rows=29 cols=9 slider_extended=True,,2026-07-07T21:57:57
유신,00144650,054930,KOSDAQ,연간x연결,재무제표,DS-2/DS-3,DONE,"cross-check completed for ['매출액', '영업이익']",,2026-07-07T21:57:57
유신,00144650,054930,KOSDAQ,연간x연결,지표,CV-6,PASS,default metric selection visible,,2026-07-07T21:57:57
유신,00144650,054930,KOSDAQ,연간x별도,재무제표,DS-1,PASS,,,2026-07-07T21:58:02
유신,00144650,054930,KOSDAQ,연간x별도,상단,DS-8,PASS,,,2026-07-07T21:58:02
유신,00144650,054930,KOSDAQ,연간x별도,상단,DS-7,PASS,"badges seen: ['✅', '🔎']",,2026-07-07T21:58:02
유신,00144650,054930,KOSDAQ,연간x별도,재무제표,CV-3,PASS,rows=29 cols=23 slider_extended=True,,2026-07-07T21:58:02
유신,00144650,054930,KOSDAQ,연간x별도,재무제표,DS-2/DS-3,DONE,"cross-check completed for ['매출액', '영업이익']",,2026-07-07T21:58:02
유신,00144650,054930,KOSDAQ,연간x별도,지표,CV-6,PASS,default metric selection visible,,2026-07-07T21:58:02
유신,00144650,054930,KOSDAQ,분기x연결,재무제표,DS-1,PASS,,,2026-07-07T21:58:09
유신,00144650,054930,KOSDAQ,분기x연결,상단,DS-8,PASS,,,2026-07-07T21:58:09
유신,00144650,054930,KOSDAQ,분기x연결,상단,DS-7,PASS,"badges seen: ['✅', '🔎']",,2026-07-07T21:58:09
유신,00144650,054930,KOSDAQ,분기x연결,재무제표,CV-3,PASS,rows=29 cols=21 slider_extended=True,,2026-07-07T21:58:09
유신,00144650,054930,KOSDAQ,분기x연결,재무제표,DS-2/DS-3,DONE,"cross-check completed for ['매출액', '영업이익']",,2026-07-07T21:58:09
유신,00144650,054930,KOSDAQ,분기x연결,지표,CV-6,PASS,default metric selection visible,,2026-07-07T21:58:09
유신,00144650,054930,KOSDAQ,분기x별도,재무제표,DS-1,PASS,,,2026-07-07T21:58:16
유신,00144650,054930,KOSDAQ,분기x별도,상단,DS-8,PASS,,,2026-07-07T21:58:16
유신,00144650,054930,KOSDAQ,분기x별도,상단,DS-7,PASS,"badges seen: ['✅', '🔎']",,2026-07-07T21:58:16
유신,00144650,054930,KOSDAQ,분기x별도,재무제표,CV-3,PASS,rows=29 cols=79 slider_extended=True,,2026-07-07T21:58:16
유신,00144650,054930,KOSDAQ,분기x별도,재무제표,DS-2/DS-3,DONE,"cross-check completed for ['매출액', '영업이익']",,2026-07-07T21:58:16
유신,00144650,054930,KOSDAQ,분기x별도,지표,CV-6,PASS,default metric selection visible,,2026-07-07T21:58:16
유아이디,00400121,069330,KOSDAQ,연간x연결,재무제표,DS-1,PASS,,,2026-07-07T21:58:30
유아이디,00400121,069330,KOSDAQ,연간x연결,상단,DS-8,PASS,,,2026-07-07T21:58:30
유아이디,00400121,069330,KOSDAQ,연간x연결,상단,DS-7,PASS,"badges seen: ['✅', '🔎', '⚠']",,2026-07-07T21:58:30
유아이디,00400121,069330,KOSDAQ,연간x연결,재무제표,CV-3,PASS,rows=29 cols=11 slider_extended=True,,2026-07-07T21:58:30
유아이디,00400121,069330,KOSDAQ,연간x연결,재무제표,DS-2/DS-3,DONE,"cross-check completed for ['매출액', '영업이익']",,2026-07-07T21:58:30
유아이디,00400121,069330,KOSDAQ,연간x연결,지표,CV-6,PASS,default metric selection visible,,2026-07-07T21:58:30
유아이디,00400121,069330,KOSDAQ,연간x별도,재무제표,DS-1,PASS,,,2026-07-07T21:58:35
유아이디,00400121,069330,KOSDAQ,연간x별도,상단,DS-8,PASS,,,2026-07-07T21:58:35
유아이디,00400121,069330,KOSDAQ,연간x별도,상단,DS-7,PASS,"badges seen: ['✅', '🔎', '⚠']",,2026-07-07T21:58:35
유아이디,00400121,069330,KOSDAQ,연간x별도,재무제표,CV-3,PASS,rows=29 cols=26 slider_extended=True,,2026-07-07T21:58:35
유아이디,00400121,069330,KOSDAQ,연간x별도,재무제표,DS-2/DS-3,DONE,"cross-check completed for ['매출액', '영업이익']",,2026-07-07T21:58:35
유아이디,00400121,069330,KOSDAQ,연간x별도,지표,CV-6,PASS,default metric selection visible,,2026-07-07T21:58:35
유아이디,00400121,069330,KOSDAQ,분기x연결,재무제표,DS-1,PASS,,,2026-07-07T21:58:41
유아이디,00400121,069330,KOSDAQ,분기x연결,상단,DS-8,PASS,,,2026-07-07T21:58:41
유아이디,00400121,069330,KOSDAQ,분기x연결,상단,DS-7,PASS,"badges seen: ['✅', '🔎']",,2026-07-07T21:58:41
유아이디,00400121,069330,KOSDAQ,분기x연결,재무제표,CV-3,PASS,rows=29 cols=33 slider_extended=True,,2026-07-07T21:58:41
유아이디,00400121,069330,KOSDAQ,분기x연결,재무제표,DS-2/DS-3,DONE,"cross-check completed for ['매출액', '영업이익']",,2026-07-07T21:58:41
유아이디,00400121,069330,KOSDAQ,분기x연결,지표,CV-6,PASS,default metric selection visible,,2026-07-07T21:58:41
유아이디,00400121,069330,KOSDAQ,분기x별도,재무제표,DS-1,PASS,,,2026-07-07T21:58:48
유아이디,00400121,069330,KOSDAQ,분기x별도,상단,DS-8,PASS,,,2026-07-07T21:58:48
유아이디,00400121,069330,KOSDAQ,분기x별도,상단,DS-7,PASS,"badges seen: ['✅', '🔎']",,2026-07-07T21:58:48
유아이디,00400121,069330,KOSDAQ,분기x별도,재무제표,CV-3,PASS,rows=29 cols=85 slider_extended=True,,2026-07-07T21:58:48
유아이디,00400121,069330,KOSDAQ,분기x별도,재무제표,DS-2/DS-3,DONE,"cross-check completed for ['매출액', '영업이익']",,2026-07-07T21:58:48
유아이디,00400121,069330,KOSDAQ,분기x별도,지표,CV-6,PASS,default metric selection visible,,2026-07-07T21:58:48
유아이엘,00256380,049520,KOSDAQ,연간x연결,재무제표,DS-1,PASS,,,2026-07-07T21:59:02
유아이엘,00256380,049520,KOSDAQ,연간x연결,상단,DS-8,PASS,,,2026-07-07T21:59:02
유아이엘,00256380,049520,KOSDAQ,연간x연결,상단,DS-7,PASS,"badges seen: ['✅', '🔎']",,2026-07-07T21:59:02
유아이엘,00256380,049520,KOSDAQ,연간x연결,재무제표,CV-3,PASS,rows=29 cols=21 slider_extended=True,,2026-07-07T21:59:02
유아이엘,00256380,049520,KOSDAQ,연간x연결,재무제표,DS-2/DS-3,DONE,"cross-check completed for ['매출액', '영업이익']",,2026-07-07T21:59:02
유아이엘,00256380,049520,KOSDAQ,연간x연결,지표,CV-6,PASS,default metric selection visible,,2026-07-07T21:59:02
유아이엘,00256380,049520,KOSDAQ,연간x별도,재무제표,DS-1,PASS,,,2026-07-07T21:59:07
유아이엘,00256380,049520,KOSDAQ,연간x별도,상단,DS-8,PASS,,,2026-07-07T21:59:07
유아이엘,00256380,049520,KOSDAQ,연간x별도,상단,DS-7,PASS,"badges seen: ['✅', '🔎']",,2026-07-07T21:59:07
유아이엘,00256380,049520,KOSDAQ,연간x별도,재무제표,CV-3,PASS,rows=29 cols=26 slider_extended=True,,2026-07-07T21:59:07
유아이엘,00256380,049520,KOSDAQ,연간x별도,재무제표,DS-2/DS-3,DONE,"cross-check completed for ['매출액', '영업이익']",,2026-07-07T21:59:07
유아이엘,00256380,049520,KOSDAQ,연간x별도,지표,CV-6,PASS,default metric selection visible,,2026-07-07T21:59:07
유아이엘,00256380,049520,KOSDAQ,분기x연결,재무제표,DS-1,PASS,,,2026-07-07T21:59:13
유아이엘,00256380,049520,KOSDAQ,분기x연결,상단,DS-8,PASS,,,2026-07-07T21:59:13
유아이엘,00256380,049520,KOSDAQ,분기x연결,상단,DS-7,PASS,"badges seen: ['✅', '🔎']",,2026-07-07T21:59:13
유아이엘,00256380,049520,KOSDAQ,분기x연결,재무제표,CV-3,PASS,rows=29 cols=61 slider_extended=True,,2026-07-07T21:59:13
유아이엘,00256380,049520,KOSDAQ,분기x연결,재무제표,DS-2/DS-3,DONE,"cross-check completed for ['매출액', '영업이익']",,2026-07-07T21:59:13
유아이엘,00256380,049520,KOSDAQ,분기x연결,지표,CV-6,PASS,default metric selection visible,,2026-07-07T21:59:13
유아이엘,00256380,049520,KOSDAQ,분기x별도,재무제표,DS-1,PASS,,,2026-07-07T21:59:21
유아이엘,00256380,049520,KOSDAQ,분기x별도,상단,DS-8,PASS,,,2026-07-07T21:59:21
유아이엘,00256380,049520,KOSDAQ,분기x별도,상단,DS-7,PASS,"badges seen: ['✅', '🔎']",,2026-07-07T21:59:21
유아이엘,00256380,049520,KOSDAQ,분기x별도,재무제표,CV-3,PASS,rows=29 cols=86 slider_extended=True,,2026-07-07T21:59:21
유아이엘,00256380,049520,KOSDAQ,분기x별도,재무제표,DS-2/DS-3,DONE,"cross-check completed for ['매출액', '영업이익']",,2026-07-07T21:59:21
유아이엘,00256380,049520,KOSDAQ,분기x별도,지표,CV-6,PASS,default metric selection visible,,2026-07-07T21:59:21
유에스티,01196313,263770,KOSDAQ,연간x연결,재무제표,DS-1,PASS,,,2026-07-07T21:59:34
유에스티,01196313,263770,KOSDAQ,연간x연결,상단,DS-8,PASS,,,2026-07-07T21:59:34
유에스티,01196313,263770,KOSDAQ,연간x연결,상단,DS-4,PASS,substitution caption present,,2026-07-07T21:59:34
유에스티,01196313,263770,KOSDAQ,연간x연결,상단,DS-7,PASS,"badges seen: ['✅', '🔎']",,2026-07-07T21:59:34
유에스티,01196313,263770,KOSDAQ,연간x연결,재무제표,CV-3,PASS,rows=29 cols=11 slider_extended=True,,2026-07-07T21:59:34
유에스티,01196313,263770,KOSDAQ,연간x연결,재무제표,DS-2/DS-3,DONE,"cross-check completed for ['매출액', '영업이익']",,2026-07-07T21:59:34
유에스티,01196313,263770,KOSDAQ,연간x연결,지표,CV-6,PASS,default metric selection visible,,2026-07-07T21:59:34
유에스티,01196313,263770,KOSDAQ,연간x별도,재무제표,DS-1,PASS,,,2026-07-07T21:59:39
유에스티,01196313,263770,KOSDAQ,연간x별도,상단,DS-8,PASS,,,2026-07-07T21:59:39
유에스티,01196313,263770,KOSDAQ,연간x별도,상단,DS-7,PASS,"badges seen: ['✅', '🔎']",,2026-07-07T21:59:39
유에스티,01196313,263770,KOSDAQ,연간x별도,재무제표,CV-3,PASS,rows=29 cols=11 slider_extended=True,,2026-07-07T21:59:39
유에스티,01196313,263770,KOSDAQ,연간x별도,재무제표,DS-2/DS-3,DONE,"cross-check completed for ['매출액', '영업이익']",,2026-07-07T21:59:39
유에스티,01196313,263770,KOSDAQ,연간x별도,지표,CV-6,PASS,default metric selection visible,,2026-07-07T21:59:39
유에스티,01196313,263770,KOSDAQ,분기x연결,재무제표,DS-1,PASS,,,2026-07-07T21:59:45
유에스티,01196313,263770,KOSDAQ,분기x연결,상단,DS-8,PASS,,,2026-07-07T21:59:45
유에스티,01196313,263770,KOSDAQ,분기x연결,상단,DS-4,PASS,substitution caption present,,2026-07-07T21:59:45
유에스티,01196313,263770,KOSDAQ,분기x연결,상단,DS-7,PASS,"badges seen: ['✅', '🔎']",,2026-07-07T21:59:45
유에스티,01196313,263770,KOSDAQ,분기x연결,재무제표,CV-3,PASS,rows=29 cols=41 slider_extended=True,,2026-07-07T21:59:45
유에스티,01196313,263770,KOSDAQ,분기x연결,재무제표,DS-2/DS-3,DONE,"cross-check completed for ['매출액', '영업이익']",,2026-07-07T21:59:45
유에스티,01196313,263770,KOSDAQ,분기x연결,지표,CV-6,PASS,default metric selection visible,,2026-07-07T21:59:45
유에스티,01196313,263770,KOSDAQ,분기x별도,재무제표,DS-1,PASS,,,2026-07-07T21:59:53
유에스티,01196313,263770,KOSDAQ,분기x별도,상단,DS-8,PASS,,,2026-07-07T21:59:53
유에스티,01196313,263770,KOSDAQ,분기x별도,상단,DS-7,PASS,"badges seen: ['✅', '🔎']",,2026-07-07T21:59:53
유에스티,01196313,263770,KOSDAQ,분기x별도,재무제표,CV-3,PASS,rows=29 cols=41 slider_extended=True,,2026-07-07T21:59:53
유에스티,01196313,263770,KOSDAQ,분기x별도,재무제표,DS-2/DS-3,DONE,"cross-check completed for ['매출액', '영업이익']",,2026-07-07T21:59:53
유에스티,01196313,263770,KOSDAQ,분기x별도,지표,CV-6,PASS,default metric selection visible,,2026-07-07T21:59:53
유일로보틱스,01152586,388720,KOSDAQ,연간x연결,재무제표,DS-1,PASS,,,2026-07-07T22:00:06
유일로보틱스,01152586,388720,KOSDAQ,연간x연결,상단,DS-8,PASS,,,2026-07-07T22:00:06
유일로보틱스,01152586,388720,KOSDAQ,연간x연결,상단,DS-7,PASS,"badges seen: ['✅', '🔎']",,2026-07-07T22:00:06
유일로보틱스,01152586,388720,KOSDAQ,연간x연결,재무제표,CV-3,PASS,rows=29 cols=6 slider_extended=True,,2026-07-07T22:00:06
유일로보틱스,01152586,388720,KOSDAQ,연간x연결,재무제표,DS-2/DS-3,DONE,"cross-check completed for ['매출액', '영업이익']",,2026-07-07T22:00:06
유일로보틱스,01152586,388720,KOSDAQ,연간x연결,지표,CV-6,PASS,default metric selection visible,,2026-07-07T22:00:06
유일로보틱스,01152586,388720,KOSDAQ,연간x별도,재무제표,DS-1,PASS,,,2026-07-07T22:00:11
유일로보틱스,01152586,388720,KOSDAQ,연간x별도,상단,DS-8,PASS,,,2026-07-07T22:00:11
유일로보틱스,01152586,388720,KOSDAQ,연간x별도,상단,DS-7,PASS,"badges seen: ['✅', '🔎']",,2026-07-07T22:00:11
유일로보틱스,01152586,388720,KOSDAQ,연간x별도,재무제표,CV-3,PASS,rows=29 cols=9 slider_extended=True,,2026-07-07T22:00:11
유일로보틱스,01152586,388720,KOSDAQ,연간x별도,재무제표,DS-2/DS-3,DONE,"cross-check completed for ['매출액', '영업이익']",,2026-07-07T22:00:11
유일로보틱스,01152586,388720,KOSDAQ,연간x별도,지표,CV-6,PASS,default metric selection visible,,2026-07-07T22:00:11
유일로보틱스,01152586,388720,KOSDAQ,분기x연결,재무제표,DS-1,PASS,,,2026-07-07T22:00:18
유일로보틱스,01152586,388720,KOSDAQ,분기x연결,상단,DS-8,PASS,,,2026-07-07T22:00:18
유일로보틱스,01152586,388720,KOSDAQ,분기x연결,상단,DS-7,PASS,"badges seen: ['✅', '🔎']",,2026-07-07T22:00:18
유일로보틱스,01152586,388720,KOSDAQ,분기x연결,재무제표,CV-3,PASS,rows=29 cols=13 slider_extended=True,,2026-07-07T22:00:18
유일로보틱스,01152586,388720,KOSDAQ,분기x연결,재무제표,DS-2/DS-3,DONE,"cross-check completed for ['매출액', '영업이익']",,2026-07-07T22:00:18
유일로보틱스,01152586,388720,KOSDAQ,분기x연결,지표,CV-6,PASS,default metric selection visible,,2026-07-07T22:00:18
유일로보틱스,01152586,388720,KOSDAQ,분기x별도,재무제표,DS-1,PASS,,,2026-07-07T22:00:25
유일로보틱스,01152586,388720,KOSDAQ,분기x별도,상단,DS-8,PASS,,,2026-07-07T22:00:25
유일로보틱스,01152586,388720,KOSDAQ,분기x별도,상단,DS-7,PASS,"badges seen: ['✅', '🔎', '⚠']",,2026-07-07T22:00:25
유일로보틱스,01152586,388720,KOSDAQ,분기x별도,재무제표,CV-3,PASS,rows=29 cols=24 slider_extended=True,,2026-07-07T22:00:25
유일로보틱스,01152586,388720,KOSDAQ,분기x별도,재무제표,DS-2/DS-3,DONE,"cross-check completed for ['매출액', '영업이익']",,2026-07-07T22:00:25
유일로보틱스,01152586,388720,KOSDAQ,분기x별도,지표,CV-6,PASS,default metric selection visible,,2026-07-07T22:00:25
유진기업,00184667,023410,KOSDAQ,연간x연결,재무제표,DS-1,PASS,,,2026-07-07T22:00:39
유진기업,00184667,023410,KOSDAQ,연간x연결,상단,DS-8,PASS,,,2026-07-07T22:00:39
유진기업,00184667,023410,KOSDAQ,연간x연결,상단,DS-7,PASS,"badges seen: ['✅', '🔎']",,2026-07-07T22:00:39
유진기업,00184667,023410,KOSDAQ,연간x연결,재무제표,CV-3,PASS,rows=29 cols=25 slider_extended=True,,2026-07-07T22:00:39
유진기업,00184667,023410,KOSDAQ,연간x연결,재무제표,DS-2/DS-3,DONE,"cross-check completed for ['매출액', '영업이익']",,2026-07-07T22:00:39
유진기업,00184667,023410,KOSDAQ,연간x연결,지표,CV-6,PASS,default metric selection visible,,2026-07-07T22:00:39
유진기업,00184667,023410,KOSDAQ,연간x별도,재무제표,DS-1,PASS,,,2026-07-07T22:00:44
유진기업,00184667,023410,KOSDAQ,연간x별도,상단,DS-8,PASS,,,2026-07-07T22:00:44
유진기업,00184667,023410,KOSDAQ,연간x별도,상단,DS-7,PASS,"badges seen: ['✅', '🔎', '⚠']",,2026-07-07T22:00:44
유진기업,00184667,023410,KOSDAQ,연간x별도,재무제표,CV-3,PASS,rows=29 cols=24 slider_extended=True,,2026-07-07T22:00:44
유진기업,00184667,023410,KOSDAQ,연간x별도,재무제표,DS-2/DS-3,DONE,"cross-check completed for ['매출액', '영업이익']",,2026-07-07T22:00:44
유진기업,00184667,023410,KOSDAQ,연간x별도,지표,CV-6,PASS,default metric selection visible,,2026-07-07T22:00:44
유진기업,00184667,023410,KOSDAQ,분기x연결,재무제표,DS-1,PASS,,,2026-07-07T22:00:50
유진기업,00184667,023410,KOSDAQ,분기x연결,상단,DS-8,PASS,,,2026-07-07T22:00:50
유진기업,00184667,023410,KOSDAQ,분기x연결,상단,DS-7,PASS,"badges seen: ['✅', '🔎', '⚠']",,2026-07-07T22:00:50
유진기업,00184667,023410,KOSDAQ,분기x연결,재무제표,CV-3,PASS,rows=29 cols=85 slider_extended=True,,2026-07-07T22:00:50
유진기업,00184667,023410,KOSDAQ,분기x연결,재무제표,DS-2/DS-3,DONE,"cross-check completed for ['매출액', '영업이익']",,2026-07-07T22:00:50
유진기업,00184667,023410,KOSDAQ,분기x연결,지표,CV-6,PASS,default metric selection visible,,2026-07-07T22:00:50
유진기업,00184667,023410,KOSDAQ,분기x별도,재무제표,DS-1,PASS,,,2026-07-07T22:00:57
유진기업,00184667,023410,KOSDAQ,분기x별도,상단,DS-8,PASS,,,2026-07-07T22:00:57
유진기업,00184667,023410,KOSDAQ,분기x별도,상단,DS-7,PASS,"badges seen: ['✅', '🔎']",,2026-07-07T22:00:57
유진기업,00184667,023410,KOSDAQ,분기x별도,재무제표,CV-3,PASS,rows=29 cols=83 slider_extended=True,,2026-07-07T22:00:57
유진기업,00184667,023410,KOSDAQ,분기x별도,재무제표,DS-2/DS-3,DONE,"cross-check completed for ['매출액', '영업이익']",,2026-07-07T22:00:57
유진기업,00184667,023410,KOSDAQ,분기x별도,지표,CV-6,PASS,default metric selection visible,,2026-07-07T22:00:57
유진로봇,00234227,056080,KOSDAQ,연간x연결,재무제표,DS-1,PASS,,,2026-07-07T22:01:11
유진로봇,00234227,056080,KOSDAQ,연간x연결,상단,DS-8,PASS,,,2026-07-07T22:01:11
유진로봇,00234227,056080,KOSDAQ,연간x연결,상단,DS-7,PASS,"badges seen: ['✅', '🔎']",,2026-07-07T22:01:11
유진로봇,00234227,056080,KOSDAQ,연간x연결,재무제표,CV-3,PASS,rows=29 cols=15 slider_extended=True,,2026-07-07T22:01:11
유진로봇,00234227,056080,KOSDAQ,연간x연결,재무제표,DS-2/DS-3,DONE,"cross-check completed for ['매출액', '영업이익']",,2026-07-07T22:01:11
유진로봇,00234227,056080,KOSDAQ,연간x연결,지표,CV-6,PASS,default metric selection visible,,2026-07-07T22:01:11
유진로봇,00234227,056080,KOSDAQ,연간x별도,재무제표,DS-1,PASS,,,2026-07-07T22:01:16
유진로봇,00234227,056080,KOSDAQ,연간x별도,상단,DS-8,PASS,,,2026-07-07T22:01:16
유진로봇,00234227,056080,KOSDAQ,연간x별도,상단,DS-7,PASS,"badges seen: ['✅', '🔎']",,2026-07-07T22:01:16
유진로봇,00234227,056080,KOSDAQ,연간x별도,재무제표,CV-3,PASS,rows=29 cols=22 slider_extended=True,,2026-07-07T22:01:16
유진로봇,00234227,056080,KOSDAQ,연간x별도,재무제표,DS-2/DS-3,DONE,"cross-check completed for ['매출액', '영업이익']",,2026-07-07T22:01:16
유진로봇,00234227,056080,KOSDAQ,연간x별도,지표,CV-6,PASS,default metric selection visible,,2026-07-07T22:01:16
유진로봇,00234227,056080,KOSDAQ,분기x연결,재무제표,DS-1,PASS,,,2026-07-07T22:01:23
유진로봇,00234227,056080,KOSDAQ,분기x연결,상단,DS-8,PASS,,,2026-07-07T22:01:23
유진로봇,00234227,056080,KOSDAQ,분기x연결,상단,DS-7,PASS,"badges seen: ['✅', '🔎']",,2026-07-07T22:01:23
유진로봇,00234227,056080,KOSDAQ,분기x연결,재무제표,CV-3,PASS,rows=29 cols=46 slider_extended=True,,2026-07-07T22:01:23
유진로봇,00234227,056080,KOSDAQ,분기x연결,재무제표,DS-2/DS-3,DONE,"cross-check completed for ['매출액', '영업이익']",,2026-07-07T22:01:23
유진로봇,00234227,056080,KOSDAQ,분기x연결,지표,CV-6,PASS,default metric selection visible,,2026-07-07T22:01:23
유진로봇,00234227,056080,KOSDAQ,분기x별도,재무제표,DS-1,PASS,,,2026-07-07T22:01:30
유진로봇,00234227,056080,KOSDAQ,분기x별도,상단,DS-8,PASS,,,2026-07-07T22:01:30
유진로봇,00234227,056080,KOSDAQ,분기x별도,상단,DS-7,PASS,"badges seen: ['✅', '🔎', '⚠']",,2026-07-07T22:01:30
유진로봇,00234227,056080,KOSDAQ,분기x별도,재무제표,CV-3,PASS,rows=29 cols=75 slider_extended=True,,2026-07-07T22:01:30
유진로봇,00234227,056080,KOSDAQ,분기x별도,재무제표,DS-2/DS-3,DONE,"cross-check completed for ['매출액', '영업이익']",,2026-07-07T22:01:30
유진로봇,00234227,056080,KOSDAQ,분기x별도,지표,CV-6,PASS,default metric selection visible,,2026-07-07T22:01:30
유진테크,00531014,084370,KOSDAQ,연간x연결,재무제표,DS-1,PASS,,,2026-07-07T22:01:44
유진테크,00531014,084370,KOSDAQ,연간x연결,상단,DS-8,PASS,,,2026-07-07T22:01:44
유진테크,00531014,084370,KOSDAQ,연간x연결,상단,DS-7,PASS,"badges seen: ['✅', '🔎', '⚠']",,2026-07-07T22:01:44
유진테크,00531014,084370,KOSDAQ,연간x연결,재무제표,CV-3,PASS,rows=29 cols=19 slider_extended=True,,2026-07-07T22:01:44
유진테크,00531014,084370,KOSDAQ,연간x연결,재무제표,DS-2/DS-3,DONE,"cross-check completed for ['매출액', '영업이익']",,2026-07-07T22:01:44
유진테크,00531014,084370,KOSDAQ,연간x연결,지표,CV-6,PASS,default metric selection visible,,2026-07-07T22:01:44
유진테크,00531014,084370,KOSDAQ,연간x별도,재무제표,DS-1,PASS,,,2026-07-07T22:01:49
유진테크,00531014,084370,KOSDAQ,연간x별도,상단,DS-8,PASS,,,2026-07-07T22:01:49
유진테크,00531014,084370,KOSDAQ,연간x별도,상단,DS-7,PASS,"badges seen: ['✅', '🔎', '⚠']",,2026-07-07T22:01:49
유진테크,00531014,084370,KOSDAQ,연간x별도,재무제표,CV-3,PASS,rows=29 cols=23 slider_extended=True,,2026-07-07T22:01:49
유진테크,00531014,084370,KOSDAQ,연간x별도,재무제표,DS-2/DS-3,DONE,"cross-check completed for ['매출액', '영업이익']",,2026-07-07T22:01:49
유진테크,00531014,084370,KOSDAQ,연간x별도,지표,CV-6,FAIL,default metrics not found,,2026-07-07T22:01:49
유진테크,00531014,084370,KOSDAQ,분기x연결,재무제표,DS-1,PASS,,,2026-07-07T22:01:55
유진테크,00531014,084370,KOSDAQ,분기x연결,상단,DS-8,PASS,,,2026-07-07T22:01:55
유진테크,00531014,084370,KOSDAQ,분기x연결,상단,DS-7,PASS,"badges seen: ['✅', '🔎', '⚠']",,2026-07-07T22:01:55
유진테크,00531014,084370,KOSDAQ,분기x연결,재무제표,CV-3,PASS,rows=29 cols=60 slider_extended=True,,2026-07-07T22:01:55
유진테크,00531014,084370,KOSDAQ,분기x연결,재무제표,DS-2/DS-3,DONE,"cross-check completed for ['매출액', '영업이익']",,2026-07-07T22:01:55
유진테크,00531014,084370,KOSDAQ,분기x연결,지표,CV-6,PASS,default metric selection visible,,2026-07-07T22:01:55
유진테크,00531014,084370,KOSDAQ,분기x별도,재무제표,DS-1,PASS,,,2026-07-07T22:02:02
유진테크,00531014,084370,KOSDAQ,분기x별도,상단,DS-8,PASS,,,2026-07-07T22:02:02
유진테크,00531014,084370,KOSDAQ,분기x별도,상단,DS-7,PASS,"badges seen: ['✅', '🔎']",,2026-07-07T22:02:02
유진테크,00531014,084370,KOSDAQ,분기x별도,재무제표,CV-3,PASS,rows=29 cols=75 slider_extended=True,,2026-07-07T22:02:02
유진테크,00531014,084370,KOSDAQ,분기x별도,재무제표,DS-2/DS-3,DONE,"cross-check completed for ['매출액', '영업이익']",,2026-07-07T22:02:02
유진테크,00531014,084370,KOSDAQ,분기x별도,지표,CV-6,PASS,default metric selection visible,,2026-07-07T22:02:02
유진테크놀로지,01085026,240600,KOSDAQ,연간x연결,재무제표,DS-1,PASS,,,2026-07-07T22:02:16
유진테크놀로지,01085026,240600,KOSDAQ,연간x연결,상단,DS-8,PASS,,,2026-07-07T22:02:16
유진테크놀로지,01085026,240600,KOSDAQ,연간x연결,상단,DS-7,PASS,"badges seen: ['✅', '🔎']",,2026-07-07T22:02:16
유진테크놀로지,01085026,240600,KOSDAQ,연간x연결,재무제표,CV-3,PASS,rows=29 cols=9 slider_extended=True,,2026-07-07T22:02:16
유진테크놀로지,01085026,240600,KOSDAQ,연간x연결,재무제표,DS-2/DS-3,DONE,"cross-check completed for ['매출액', '영업이익']",,2026-07-07T22:02:16
유진테크놀로지,01085026,240600,KOSDAQ,연간x연결,지표,CV-6,PASS,default metric selection visible,,2026-07-07T22:02:16
유진테크놀로지,01085026,240600,KOSDAQ,연간x별도,재무제표,DS-1,PASS,,,2026-07-07T22:02:21
유진테크놀로지,01085026,240600,KOSDAQ,연간x별도,상단,DS-8,PASS,,,2026-07-07T22:02:21
유진테크놀로지,01085026,240600,KOSDAQ,연간x별도,상단,DS-7,PASS,"badges seen: ['✅', '🔎']",,2026-07-07T22:02:21
유진테크놀로지,01085026,240600,KOSDAQ,연간x별도,재무제표,CV-3,PASS,rows=29 cols=12 slider_extended=True,,2026-07-07T22:02:21
유진테크놀로지,01085026,240600,KOSDAQ,연간x별도,재무제표,DS-2/DS-3,DONE,"cross-check completed for ['매출액', '영업이익']",,2026-07-07T22:02:21
유진테크놀로지,01085026,240600,KOSDAQ,연간x별도,지표,CV-6,PASS,default metric selection visible,,2026-07-07T22:02:21
유진테크놀로지,01085026,240600,KOSDAQ,분기x연결,재무제표,DS-1,PASS,,,2026-07-07T22:02:27
유진테크놀로지,01085026,240600,KOSDAQ,분기x연결,상단,DS-8,PASS,,,2026-07-07T22:02:27
유진테크놀로지,01085026,240600,KOSDAQ,분기x연결,상단,DS-7,PASS,"badges seen: ['✅', '🔎']",,2026-07-07T22:02:27
유진테크놀로지,01085026,240600,KOSDAQ,분기x연결,재무제표,CV-3,PASS,rows=29 cols=31 slider_extended=True,,2026-07-07T22:02:27
유진테크놀로지,01085026,240600,KOSDAQ,분기x연결,재무제표,DS-2/DS-3,DONE,"cross-check completed for ['매출액', '영업이익']",,2026-07-07T22:02:27
유진테크놀로지,01085026,240600,KOSDAQ,분기x연결,지표,CV-6,PASS,default metric selection visible,,2026-07-07T22:02:27
유진테크놀로지,01085026,240600,KOSDAQ,분기x별도,재무제표,DS-1,PASS,,,2026-07-07T22:02:34
유진테크놀로지,01085026,240600,KOSDAQ,분기x별도,상단,DS-8,PASS,,,2026-07-07T22:02:34
유진테크놀로지,01085026,240600,KOSDAQ,분기x별도,상단,DS-7,PASS,"badges seen: ['✅', '🔎']",,2026-07-07T22:02:34
유진테크놀로지,01085026,240600,KOSDAQ,분기x별도,재무제표,CV-3,PASS,rows=29 cols=38 slider_extended=True,,2026-07-07T22:02:34
유진테크놀로지,01085026,240600,KOSDAQ,분기x별도,재무제표,DS-2/DS-3,DONE,"cross-check completed for ['매출액', '영업이익']",,2026-07-07T22:02:34
유진테크놀로지,01085026,240600,KOSDAQ,분기x별도,지표,CV-6,PASS,default metric selection visible,,2026-07-07T22:02:34
유티아이,00961774,179900,KOSDAQ,연간x연결,재무제표,DS-1,PASS,,,2026-07-07T22:02:48
유티아이,00961774,179900,KOSDAQ,연간x연결,상단,DS-8,PASS,,,2026-07-07T22:02:48
유티아이,00961774,179900,KOSDAQ,연간x연결,상단,DS-7,PASS,"badges seen: ['✅', '🔎']",,2026-07-07T22:02:48
유티아이,00961774,179900,KOSDAQ,연간x연결,재무제표,CV-3,PASS,rows=29 cols=13 slider_extended=True,,2026-07-07T22:02:48
유티아이,00961774,179900,KOSDAQ,연간x연결,재무제표,DS-2/DS-3,DONE,"cross-check completed for ['매출액', '영업이익']",,2026-07-07T22:02:48
유티아이,00961774,179900,KOSDAQ,연간x연결,지표,CV-6,PASS,default metric selection visible,,2026-07-07T22:02:48
유티아이,00961774,179900,KOSDAQ,연간x별도,재무제표,DS-1,PASS,,,2026-07-07T22:02:53
유티아이,00961774,179900,KOSDAQ,연간x별도,상단,DS-8,PASS,,,2026-07-07T22:02:53
유티아이,00961774,179900,KOSDAQ,연간x별도,상단,DS-7,PASS,"badges seen: ['✅', '🔎']",,2026-07-07T22:02:53
유티아이,00961774,179900,KOSDAQ,연간x별도,재무제표,CV-3,PASS,rows=29 cols=12 slider_extended=True,,2026-07-07T22:02:53
유티아이,00961774,179900,KOSDAQ,연간x별도,재무제표,DS-2/DS-3,DONE,"cross-check completed for ['매출액', '영업이익']",,2026-07-07T22:02:53
유티아이,00961774,179900,KOSDAQ,연간x별도,지표,CV-6,PASS,default metric selection visible,,2026-07-07T22:02:53
유티아이,00961774,179900,KOSDAQ,분기x연결,재무제표,DS-1,PASS,,,2026-07-07T22:02:59
유티아이,00961774,179900,KOSDAQ,분기x연결,상단,DS-8,PASS,,,2026-07-07T22:02:59
유티아이,00961774,179900,KOSDAQ,분기x연결,상단,DS-7,PASS,"badges seen: ['✅', '🔎']",,2026-07-07T22:02:59
유티아이,00961774,179900,KOSDAQ,분기x연결,재무제표,CV-3,PASS,rows=29 cols=41 slider_extended=True,,2026-07-07T22:02:59
유티아이,00961774,179900,KOSDAQ,분기x연결,재무제표,DS-2/DS-3,DONE,"cross-check completed for ['매출액', '영업이익']",,2026-07-07T22:02:59
유티아이,00961774,179900,KOSDAQ,분기x연결,지표,CV-6,PASS,default metric selection visible,,2026-07-07T22:02:59
유티아이,00961774,179900,KOSDAQ,분기x별도,재무제표,DS-1,PASS,,,2026-07-07T22:03:06
유티아이,00961774,179900,KOSDAQ,분기x별도,상단,DS-8,PASS,,,2026-07-07T22:03:06
유티아이,00961774,179900,KOSDAQ,분기x별도,상단,DS-7,PASS,"badges seen: ['✅', '🔎']",,2026-07-07T22:03:06
유티아이,00961774,179900,KOSDAQ,분기x별도,재무제표,CV-3,PASS,rows=29 cols=41 slider_extended=True,,2026-07-07T22:03:06
유티아이,00961774,179900,KOSDAQ,분기x별도,재무제표,DS-2/DS-3,DONE,"cross-check completed for ['매출액', '영업이익']",,2026-07-07T22:03:06
유티아이,00961774,179900,KOSDAQ,분기x별도,지표,CV-6,PASS,default metric selection visible,,2026-07-07T22:03:06
유틸렉스,01110678,263050,KOSDAQ,연간x연결,재무제표,DS-1,PASS,,,2026-07-07T22:03:20
유틸렉스,01110678,263050,KOSDAQ,연간x연결,상단,DS-8,PASS,,,2026-07-07T22:03:20
유틸렉스,01110678,263050,KOSDAQ,연간x연결,상단,DS-7,PASS,"badges seen: ['✅', '🔎', '⚠']",,2026-07-07T22:03:20
유틸렉스,01110678,263050,KOSDAQ,연간x연결,재무제표,CV-3,PASS,rows=29 cols=12 slider_extended=True,,2026-07-07T22:03:20
유틸렉스,01110678,263050,KOSDAQ,연간x연결,재무제표,DS-2/DS-3,DONE,"cross-check completed for ['매출액', '영업이익']",,2026-07-07T22:03:20
유틸렉스,01110678,263050,KOSDAQ,연간x연결,지표,CV-6,PASS,default metric selection visible,,2026-07-07T22:03:20
유틸렉스,01110678,263050,KOSDAQ,연간x별도,재무제표,DS-1,PASS,,,2026-07-07T22:03:25
유틸렉스,01110678,263050,KOSDAQ,연간x별도,상단,DS-8,PASS,,,2026-07-07T22:03:25
유틸렉스,01110678,263050,KOSDAQ,연간x별도,상단,DS-7,PASS,"badges seen: ['✅', '🔎', '⚠']",,2026-07-07T22:03:25
유틸렉스,01110678,263050,KOSDAQ,연간x별도,재무제표,CV-3,PASS,rows=29 cols=12 slider_extended=True,,2026-07-07T22:03:25
유틸렉스,01110678,263050,KOSDAQ,연간x별도,재무제표,DS-2/DS-3,DONE,"cross-check completed for ['매출액', '영업이익']",,2026-07-07T22:03:25
유틸렉스,01110678,263050,KOSDAQ,연간x별도,지표,CV-6,PASS,default metric selection visible,,2026-07-07T22:03:25
유틸렉스,01110678,263050,KOSDAQ,분기x연결,재무제표,DS-1,PASS,,,2026-07-07T22:03:31
유틸렉스,01110678,263050,KOSDAQ,분기x연결,상단,DS-8,PASS,,,2026-07-07T22:03:31
유틸렉스,01110678,263050,KOSDAQ,분기x연결,상단,DS-7,PASS,"badges seen: ['✅', '🔎', '⚠']",,2026-07-07T22:03:31
유틸렉스,01110678,263050,KOSDAQ,분기x연결,재무제표,CV-3,PASS,rows=29 cols=35 slider_extended=True,,2026-07-07T22:03:31
유틸렉스,01110678,263050,KOSDAQ,분기x연결,재무제표,DS-2/DS-3,DONE,"cross-check completed for ['매출액', '영업이익']",,2026-07-07T22:03:31
유틸렉스,01110678,263050,KOSDAQ,분기x연결,지표,CV-6,PASS,default metric selection visible,,2026-07-07T22:03:31
유틸렉스,01110678,263050,KOSDAQ,분기x별도,재무제표,DS-1,PASS,,,2026-07-07T22:03:38
유틸렉스,01110678,263050,KOSDAQ,분기x별도,상단,DS-8,PASS,,,2026-07-07T22:03:38
유틸렉스,01110678,263050,KOSDAQ,분기x별도,상단,DS-7,PASS,"badges seen: ['✅', '🔎', '⚠']",,2026-07-07T22:03:38
유틸렉스,01110678,263050,KOSDAQ,분기x별도,재무제표,CV-3,PASS,rows=29 cols=36 slider_extended=True,,2026-07-07T22:03:38
유틸렉스,01110678,263050,KOSDAQ,분기x별도,재무제표,DS-2/DS-3,DONE,"cross-check completed for ['매출액', '영업이익']",,2026-07-07T22:03:38
유틸렉스,01110678,263050,KOSDAQ,분기x별도,지표,CV-6,PASS,default metric selection visible,,2026-07-07T22:03:38
육일씨엔에쓰,00843900,191410,KOSDAQ,연간x연결,재무제표,DS-1,PASS,,,2026-07-07T22:03:52
육일씨엔에쓰,00843900,191410,KOSDAQ,연간x연결,상단,DS-8,PASS,,,2026-07-07T22:03:52
육일씨엔에쓰,00843900,191410,KOSDAQ,연간x연결,상단,DS-7,PASS,"badges seen: ['✅', '🔎']",,2026-07-07T22:03:52
육일씨엔에쓰,00843900,191410,KOSDAQ,연간x연결,재무제표,CV-3,PASS,rows=29 cols=15 slider_extended=True,,2026-07-07T22:03:52
육일씨엔에쓰,00843900,191410,KOSDAQ,연간x연결,재무제표,DS-2/DS-3,DONE,"cross-check completed for ['매출액', '영업이익']",,2026-07-07T22:03:52
육일씨엔에쓰,00843900,191410,KOSDAQ,연간x연결,지표,CV-6,PASS,default metric selection visible,,2026-07-07T22:03:52
육일씨엔에쓰,00843900,191410,KOSDAQ,연간x별도,재무제표,DS-1,PASS,,,2026-07-07T22:03:57
육일씨엔에쓰,00843900,191410,KOSDAQ,연간x별도,상단,DS-8,PASS,,,2026-07-07T22:03:57
육일씨엔에쓰,00843900,191410,KOSDAQ,연간x별도,상단,DS-7,PASS,"badges seen: ['✅', '🔎', '⚠']",,2026-07-07T22:03:57
육일씨엔에쓰,00843900,191410,KOSDAQ,연간x별도,재무제표,CV-3,PASS,rows=29 cols=15 slider_extended=True,,2026-07-07T22:03:57
육일씨엔에쓰,00843900,191410,KOSDAQ,연간x별도,재무제표,DS-2/DS-3,DONE,"cross-check completed for ['매출액', '영업이익']",,2026-07-07T22:03:57
육일씨엔에쓰,00843900,191410,KOSDAQ,연간x별도,지표,CV-6,PASS,default metric selection visible,,2026-07-07T22:03:57
육일씨엔에쓰,00843900,191410,KOSDAQ,분기x연결,재무제표,DS-1,PASS,,,2026-07-07T22:04:04
육일씨엔에쓰,00843900,191410,KOSDAQ,분기x연결,상단,DS-8,PASS,,,2026-07-07T22:04:04
육일씨엔에쓰,00843900,191410,KOSDAQ,분기x연결,상단,DS-7,PASS,"badges seen: ['✅', '🔎']",,2026-07-07T22:04:04
육일씨엔에쓰,00843900,191410,KOSDAQ,분기x연결,재무제표,CV-3,PASS,rows=29 cols=51 slider_extended=True,,2026-07-07T22:04:04
육일씨엔에쓰,00843900,191410,KOSDAQ,분기x연결,재무제표,DS-2/DS-3,DONE,"cross-check completed for ['매출액', '영업이익']",,2026-07-07T22:04:04
육일씨엔에쓰,00843900,191410,KOSDAQ,분기x연결,지표,CV-6,PASS,default metric selection visible,,2026-07-07T22:04:04
육일씨엔에쓰,00843900,191410,KOSDAQ,분기x별도,재무제표,DS-1,PASS,,,2026-07-07T22:04:11
육일씨엔에쓰,00843900,191410,KOSDAQ,분기x별도,상단,DS-8,PASS,,,2026-07-07T22:04:11
육일씨엔에쓰,00843900,191410,KOSDAQ,분기x별도,상단,DS-7,PASS,"badges seen: ['✅', '🔎']",,2026-07-07T22:04:11
육일씨엔에쓰,00843900,191410,KOSDAQ,분기x별도,재무제표,CV-3,PASS,rows=29 cols=51 slider_extended=True,,2026-07-07T22:04:11
육일씨엔에쓰,00843900,191410,KOSDAQ,분기x별도,재무제표,DS-2/DS-3,DONE,"cross-check completed for ['매출액', '영업이익']",,2026-07-07T22:04:11
육일씨엔에쓰,00843900,191410,KOSDAQ,분기x별도,지표,CV-6,PASS,default metric selection visible,,2026-07-07T22:04:11
윤성에프앤씨,00925374,372170,KOSDAQ,연간x연결,재무제표,DS-1,PASS,,,2026-07-07T22:04:24
윤성에프앤씨,00925374,372170,KOSDAQ,연간x연결,상단,DS-8,PASS,,,2026-07-07T22:04:24
윤성에프앤씨,00925374,372170,KOSDAQ,연간x연결,상단,DS-7,PASS,"badges seen: ['✅', '🔎']",,2026-07-07T22:04:24
윤성에프앤씨,00925374,372170,KOSDAQ,연간x연결,재무제표,CV-3,PASS,rows=29 cols=7 slider_extended=True,,2026-07-07T22:04:24
윤성에프앤씨,00925374,372170,KOSDAQ,연간x연결,재무제표,DS-2/DS-3,DONE,"cross-check completed for ['매출액', '영업이익']",,2026-07-07T22:04:24
윤성에프앤씨,00925374,372170,KOSDAQ,연간x연결,지표,CV-6,PASS,default metric selection visible,,2026-07-07T22:04:24
윤성에프앤씨,00925374,372170,KOSDAQ,연간x별도,재무제표,DS-1,PASS,,,2026-07-07T22:04:29
윤성에프앤씨,00925374,372170,KOSDAQ,연간x별도,상단,DS-8,PASS,,,2026-07-07T22:04:29
윤성에프앤씨,00925374,372170,KOSDAQ,연간x별도,상단,DS-7,PASS,"badges seen: ['✅', '🔎']",,2026-07-07T22:04:29
윤성에프앤씨,00925374,372170,KOSDAQ,연간x별도,재무제표,CV-3,PASS,rows=29 cols=8 slider_extended=True,,2026-07-07T22:04:29
윤성에프앤씨,00925374,372170,KOSDAQ,연간x별도,재무제표,DS-2/DS-3,DONE,"cross-check completed for ['매출액', '영업이익']",,2026-07-07T22:04:29
윤성에프앤씨,00925374,372170,KOSDAQ,연간x별도,지표,CV-6,PASS,default metric selection visible,,2026-07-07T22:04:29
윤성에프앤씨,00925374,372170,KOSDAQ,분기x연결,재무제표,DS-1,PASS,,,2026-07-07T22:04:35
윤성에프앤씨,00925374,372170,KOSDAQ,분기x연결,상단,DS-8,PASS,,,2026-07-07T22:04:35
윤성에프앤씨,00925374,372170,KOSDAQ,분기x연결,상단,DS-7,PASS,"badges seen: ['✅', '🔎']",,2026-07-07T22:04:35
윤성에프앤씨,00925374,372170,KOSDAQ,분기x연결,재무제표,CV-3,PASS,rows=29 cols=18 slider_extended=True,,2026-07-07T22:04:35
윤성에프앤씨,00925374,372170,KOSDAQ,분기x연결,재무제표,DS-2/DS-3,DONE,"cross-check completed for ['매출액', '영업이익']",,2026-07-07T22:04:35
윤성에프앤씨,00925374,372170,KOSDAQ,분기x연결,지표,CV-6,PASS,default metric selection visible,,2026-07-07T22:04:35
윤성에프앤씨,00925374,372170,KOSDAQ,분기x별도,재무제표,DS-1,PASS,,,2026-07-07T22:04:42
윤성에프앤씨,00925374,372170,KOSDAQ,분기x별도,상단,DS-8,PASS,,,2026-07-07T22:04:42
윤성에프앤씨,00925374,372170,KOSDAQ,분기x별도,상단,DS-7,PASS,"badges seen: ['✅', '🔎']",,2026-07-07T22:04:42
윤성에프앤씨,00925374,372170,KOSDAQ,분기x별도,재무제표,CV-3,PASS,rows=29 cols=20 slider_extended=True,,2026-07-07T22:04:42
윤성에프앤씨,00925374,372170,KOSDAQ,분기x별도,재무제표,DS-2/DS-3,DONE,"cross-check completed for ['매출액', '영업이익']",,2026-07-07T22:04:42
윤성에프앤씨,00925374,372170,KOSDAQ,분기x별도,지표,CV-6,PASS,default metric selection visible,,2026-07-07T22:04:42
율촌,00495633,146060,KOSDAQ,연간x연결,재무제표,DS-1,PASS,,,2026-07-07T22:04:56
율촌,00495633,146060,KOSDAQ,연간x연결,상단,DS-8,PASS,,,2026-07-07T22:04:56
율촌,00495633,146060,KOSDAQ,연간x연결,상단,DS-7,PASS,"badges seen: ['✅', '🔎']",,2026-07-07T22:04:56
율촌,00495633,146060,KOSDAQ,연간x연결,재무제표,CV-3,PASS,rows=29 cols=7 slider_extended=True,,2026-07-07T22:04:56
율촌,00495633,146060,KOSDAQ,연간x연결,재무제표,DS-2/DS-3,DONE,"cross-check completed for ['매출액', '영업이익']",,2026-07-07T22:04:56
율촌,00495633,146060,KOSDAQ,연간x연결,지표,CV-6,PASS,default metric selection visible,,2026-07-07T22:04:56
율촌,00495633,146060,KOSDAQ,연간x별도,재무제표,DS-1,PASS,,,2026-07-07T22:05:01
율촌,00495633,146060,KOSDAQ,연간x별도,상단,DS-8,PASS,,,2026-07-07T22:05:01
율촌,00495633,146060,KOSDAQ,연간x별도,상단,DS-7,PASS,"badges seen: ['✅', '🔎']",,2026-07-07T22:05:01
율촌,00495633,146060,KOSDAQ,연간x별도,재무제표,CV-3,PASS,rows=29 cols=7 slider_extended=True,,2026-07-07T22:05:01
율촌,00495633,146060,KOSDAQ,연간x별도,재무제표,DS-2/DS-3,DONE,"cross-check completed for ['매출액', '영업이익']",,2026-07-07T22:05:01
율촌,00495633,146060,KOSDAQ,연간x별도,지표,CV-6,PASS,default metric selection visible,,2026-07-07T22:05:01
율촌,00495633,146060,KOSDAQ,분기x연결,재무제표,DS-1,PASS,,,2026-07-07T22:05:07
율촌,00495633,146060,KOSDAQ,분기x연결,상단,DS-8,PASS,,,2026-07-07T22:05:07
율촌,00495633,146060,KOSDAQ,분기x연결,상단,DS-7,PASS,"badges seen: ['✅', '🔎', '⚠']",,2026-07-07T22:05:07
율촌,00495633,146060,KOSDAQ,분기x연결,재무제표,CV-3,PASS,rows=29 cols=17 slider_extended=True,,2026-07-07T22:05:07
율촌,00495633,146060,KOSDAQ,분기x연결,재무제표,DS-2/DS-3,DONE,"cross-check completed for ['매출액', '영업이익']",,2026-07-07T22:05:07
율촌,00495633,146060,KOSDAQ,분기x연결,지표,CV-6,PASS,default metric selection visible,,2026-07-07T22:05:07
율촌,00495633,146060,KOSDAQ,분기x별도,재무제표,DS-1,PASS,,,2026-07-07T22:05:14
율촌,00495633,146060,KOSDAQ,분기x별도,상단,DS-8,PASS,,,2026-07-07T22:05:14
율촌,00495633,146060,KOSDAQ,분기x별도,상단,DS-7,PASS,"badges seen: ['✅', '🔎']",,2026-07-07T22:05:14
율촌,00495633,146060,KOSDAQ,분기x별도,재무제표,CV-3,PASS,rows=29 cols=17 slider_extended=True,,2026-07-07T22:05:14
율촌,00495633,146060,KOSDAQ,분기x별도,재무제표,DS-2/DS-3,DONE,"cross-check completed for ['매출액', '영업이익']",,2026-07-07T22:05:14
율촌,00495633,146060,KOSDAQ,분기x별도,지표,CV-6,PASS,default metric selection visible,,2026-07-07T22:05:14
이건홀딩스,00184889,039020,KOSDAQ,연간x연결,재무제표,DS-1,PASS,,,2026-07-07T22:05:28
이건홀딩스,00184889,039020,KOSDAQ,연간x연결,상단,DS-8,PASS,,,2026-07-07T22:05:28
이건홀딩스,00184889,039020,KOSDAQ,연간x연결,상단,DS-7,PASS,"badges seen: ['✅', '🔎', '⚠']",,2026-07-07T22:05:28
이건홀딩스,00184889,039020,KOSDAQ,연간x연결,재무제표,CV-3,PASS,rows=29 cols=22 slider_extended=True,,2026-07-07T22:05:28
이건홀딩스,00184889,039020,KOSDAQ,연간x연결,재무제표,DS-2/DS-3,DONE,"cross-check completed for ['매출액', '영업이익']",,2026-07-07T22:05:28
이건홀딩스,00184889,039020,KOSDAQ,연간x연결,지표,CV-6,PASS,default metric selection visible,,2026-07-07T22:05:28
이건홀딩스,00184889,039020,KOSDAQ,연간x별도,재무제표,DS-1,PASS,,,2026-07-07T22:05:33
이건홀딩스,00184889,039020,KOSDAQ,연간x별도,상단,DS-8,PASS,,,2026-07-07T22:05:33
이건홀딩스,00184889,039020,KOSDAQ,연간x별도,상단,DS-7,PASS,"badges seen: ['✅', '🔎', '⚠']",,2026-07-07T22:05:33
이건홀딩스,00184889,039020,KOSDAQ,연간x별도,재무제표,CV-3,PASS,rows=29 cols=28 slider_extended=True,,2026-07-07T22:05:33
이건홀딩스,00184889,039020,KOSDAQ,연간x별도,재무제표,DS-2/DS-3,DONE,"cross-check completed for ['매출액', '영업이익']",,2026-07-07T22:05:33
이건홀딩스,00184889,039020,KOSDAQ,연간x별도,지표,CV-6,PASS,default metric selection visible,,2026-07-07T22:05:33
이건홀딩스,00184889,039020,KOSDAQ,분기x연결,재무제표,DS-1,PASS,,,2026-07-07T22:05:39
이건홀딩스,00184889,039020,KOSDAQ,분기x연결,상단,DS-8,PASS,,,2026-07-07T22:05:39
이건홀딩스,00184889,039020,KOSDAQ,분기x연결,상단,DS-7,PASS,"badges seen: ['✅', '🔎']",,2026-07-07T22:05:39
이건홀딩스,00184889,039020,KOSDAQ,분기x연결,재무제표,CV-3,PASS,rows=29 cols=76 slider_extended=True,,2026-07-07T22:05:39
이건홀딩스,00184889,039020,KOSDAQ,분기x연결,재무제표,DS-2/DS-3,DONE,"cross-check completed for ['매출액', '영업이익']",,2026-07-07T22:05:39
이건홀딩스,00184889,039020,KOSDAQ,분기x연결,지표,CV-6,PASS,default metric selection visible,,2026-07-07T22:05:39
이건홀딩스,00184889,039020,KOSDAQ,분기x별도,재무제표,DS-1,PASS,,,2026-07-07T22:05:47
이건홀딩스,00184889,039020,KOSDAQ,분기x별도,상단,DS-8,PASS,,,2026-07-07T22:05:47
이건홀딩스,00184889,039020,KOSDAQ,분기x별도,상단,DS-7,PASS,"badges seen: ['✅', '🔎', '⚠']",,2026-07-07T22:05:47
이건홀딩스,00184889,039020,KOSDAQ,분기x별도,재무제표,CV-3,PASS,rows=29 cols=84 slider_extended=True,,2026-07-07T22:05:47
이건홀딩스,00184889,039020,KOSDAQ,분기x별도,재무제표,DS-2/DS-3,DONE,"cross-check completed for ['매출액', '영업이익']",,2026-07-07T22:05:47
이건홀딩스,00184889,039020,KOSDAQ,분기x별도,지표,CV-6,PASS,default metric selection visible,,2026-07-07T22:05:47
이글루,00364847,067920,KOSDAQ,연간x연결,재무제표,DS-1,PASS,,,2026-07-07T22:06:00
이글루,00364847,067920,KOSDAQ,연간x연결,상단,DS-8,PASS,,,2026-07-07T22:06:00
이글루,00364847,067920,KOSDAQ,연간x연결,상단,DS-7,PASS,"badges seen: ['✅', '🔎']",,2026-07-07T22:06:00
이글루,00364847,067920,KOSDAQ,연간x연결,재무제표,CV-3,PASS,rows=29 cols=12 slider_extended=True,,2026-07-07T22:06:00
이글루,00364847,067920,KOSDAQ,연간x연결,재무제표,DS-2/DS-3,DONE,"cross-check completed for ['매출액', '영업이익']",,2026-07-07T22:06:00
이글루,00364847,067920,KOSDAQ,연간x연결,지표,CV-6,PASS,default metric selection visible,,2026-07-07T22:06:00
이글루,00364847,067920,KOSDAQ,연간x별도,재무제표,DS-1,PASS,,,2026-07-07T22:06:06
이글루,00364847,067920,KOSDAQ,연간x별도,상단,DS-8,PASS,,,2026-07-07T22:06:06
이글루,00364847,067920,KOSDAQ,연간x별도,상단,DS-7,PASS,"badges seen: ['✅', '🔎']",,2026-07-07T22:06:06
이글루,00364847,067920,KOSDAQ,연간x별도,재무제표,CV-3,PASS,rows=29 cols=20 slider_extended=True,,2026-07-07T22:06:06
이글루,00364847,067920,KOSDAQ,연간x별도,재무제표,DS-2/DS-3,DONE,"cross-check completed for ['매출액', '영업이익']",,2026-07-07T22:06:06
이글루,00364847,067920,KOSDAQ,연간x별도,지표,CV-6,PASS,default metric selection visible,,2026-07-07T22:06:06
이글루,00364847,067920,KOSDAQ,분기x연결,재무제표,DS-1,PASS,,,2026-07-07T22:06:12
이글루,00364847,067920,KOSDAQ,분기x연결,상단,DS-8,PASS,,,2026-07-07T22:06:12
이글루,00364847,067920,KOSDAQ,분기x연결,상단,DS-7,PASS,"badges seen: ['✅', '🔎']",,2026-07-07T22:06:12
이글루,00364847,067920,KOSDAQ,분기x연결,재무제표,CV-3,PASS,rows=29 cols=51 slider_extended=True,,2026-07-07T22:06:12
이글루,00364847,067920,KOSDAQ,분기x연결,재무제표,DS-2/DS-3,DONE,"cross-check completed for ['매출액', '영업이익']",,2026-07-07T22:06:12
이글루,00364847,067920,KOSDAQ,분기x연결,지표,CV-6,PASS,default metric selection visible,,2026-07-07T22:06:12
이글루,00364847,067920,KOSDAQ,분기x별도,재무제표,DS-1,PASS,,,2026-07-07T22:06:19
이글루,00364847,067920,KOSDAQ,분기x별도,상단,DS-8,PASS,,,2026-07-07T22:06:19
이글루,00364847,067920,KOSDAQ,분기x별도,상단,DS-7,PASS,"badges seen: ['✅', '🔎']",,2026-07-07T22:06:19
이글루,00364847,067920,KOSDAQ,분기x별도,재무제표,CV-3,PASS,rows=29 cols=65 slider_extended=True,,2026-07-07T22:06:19
이글루,00364847,067920,KOSDAQ,분기x별도,재무제표,DS-2/DS-3,DONE,"cross-check completed for ['매출액', '영업이익']",,2026-07-07T22:06:19
이글루,00364847,067920,KOSDAQ,분기x별도,지표,CV-6,PASS,default metric selection visible,,2026-07-07T22:06:19
이글벳,00145473,044960,KOSDAQ,연간x연결,재무제표,DS-1,PASS,,,2026-07-07T22:06:33
이글벳,00145473,044960,KOSDAQ,연간x연결,상단,DS-8,PASS,,,2026-07-07T22:06:33
이글벳,00145473,044960,KOSDAQ,연간x연결,상단,DS-4,PASS,substitution caption present,,2026-07-07T22:06:33
이글벳,00145473,044960,KOSDAQ,연간x연결,상단,DS-7,PASS,"badges seen: ['✅', '🔎']",,2026-07-07T22:06:33
이글벳,00145473,044960,KOSDAQ,연간x연결,재무제표,CV-3,PASS,rows=29 cols=27 slider_extended=True,,2026-07-07T22:06:33
이글벳,00145473,044960,KOSDAQ,연간x연결,재무제표,DS-2/DS-3,DONE,"cross-check completed for ['매출액', '영업이익']",,2026-07-07T22:06:33
이글벳,00145473,044960,KOSDAQ,연간x연결,지표,CV-6,PASS,default metric selection visible,,2026-07-07T22:06:33
이글벳,00145473,044960,KOSDAQ,연간x별도,재무제표,DS-1,PASS,,,2026-07-07T22:06:38
이글벳,00145473,044960,KOSDAQ,연간x별도,상단,DS-8,PASS,,,2026-07-07T22:06:38
이글벳,00145473,044960,KOSDAQ,연간x별도,상단,DS-7,PASS,"badges seen: ['✅', '🔎']",,2026-07-07T22:06:38
이글벳,00145473,044960,KOSDAQ,연간x별도,재무제표,CV-3,PASS,rows=29 cols=27 slider_extended=True,,2026-07-07T22:06:38
이글벳,00145473,044960,KOSDAQ,연간x별도,재무제표,DS-2/DS-3,DONE,"cross-check completed for ['매출액', '영업이익']",,2026-07-07T22:06:38
이글벳,00145473,044960,KOSDAQ,연간x별도,지표,CV-6,PASS,default metric selection visible,,2026-07-07T22:06:38
이글벳,00145473,044960,KOSDAQ,분기x연결,재무제표,DS-1,PASS,,,2026-07-07T22:06:44
이글벳,00145473,044960,KOSDAQ,분기x연결,상단,DS-8,PASS,,,2026-07-07T22:06:44
이글벳,00145473,044960,KOSDAQ,분기x연결,상단,DS-4,PASS,substitution caption present,,2026-07-07T22:06:44
이글벳,00145473,044960,KOSDAQ,분기x연결,상단,DS-7,PASS,"badges seen: ['✅', '🔎', '⚠']",,2026-07-07T22:06:44
이글벳,00145473,044960,KOSDAQ,분기x연결,재무제표,CV-3,PASS,rows=29 cols=90 slider_extended=True,,2026-07-07T22:06:44
이글벳,00145473,044960,KOSDAQ,분기x연결,재무제표,DS-2/DS-3,DONE,"cross-check completed for ['매출액', '영업이익']",,2026-07-07T22:06:44
이글벳,00145473,044960,KOSDAQ,분기x연결,지표,CV-6,PASS,default metric selection visible,,2026-07-07T22:06:44
이글벳,00145473,044960,KOSDAQ,분기x별도,재무제표,DS-1,PASS,,,2026-07-07T22:06:52
이글벳,00145473,044960,KOSDAQ,분기x별도,상단,DS-8,PASS,,,2026-07-07T22:06:52
이글벳,00145473,044960,KOSDAQ,분기x별도,상단,DS-7,PASS,"badges seen: ['✅', '🔎', '⚠']",,2026-07-07T22:06:52
이글벳,00145473,044960,KOSDAQ,분기x별도,재무제표,CV-3,PASS,rows=29 cols=90 slider_extended=True,,2026-07-07T22:06:52
이글벳,00145473,044960,KOSDAQ,분기x별도,재무제표,DS-2/DS-3,DONE,"cross-check completed for ['매출액', '영업이익']",,2026-07-07T22:06:52
이글벳,00145473,044960,KOSDAQ,분기x별도,지표,CV-6,PASS,default metric selection visible,,2026-07-07T22:06:52
이노뎁,01264872,303530,KOSDAQ,연간x연결,재무제표,DS-1,PASS,,,2026-07-07T22:07:05
이노뎁,01264872,303530,KOSDAQ,연간x연결,상단,DS-8,PASS,,,2026-07-07T22:07:05
이노뎁,01264872,303530,KOSDAQ,연간x연결,상단,DS-7,PASS,"badges seen: ['✅', '🔎']",,2026-07-07T22:07:05
이노뎁,01264872,303530,KOSDAQ,연간x연결,재무제표,CV-3,PASS,rows=29 cols=6 slider_extended=True,,2026-07-07T22:07:05
이노뎁,01264872,303530,KOSDAQ,연간x연결,재무제표,DS-2/DS-3,DONE,"cross-check completed for ['매출액', '영업이익']",,2026-07-07T22:07:05
이노뎁,01264872,303530,KOSDAQ,연간x연결,지표,CV-6,PASS,default metric selection visible,,2026-07-07T22:07:05
이노뎁,01264872,303530,KOSDAQ,연간x별도,재무제표,DS-1,PASS,,,2026-07-07T22:07:10
이노뎁,01264872,303530,KOSDAQ,연간x별도,상단,DS-8,PASS,,,2026-07-07T22:07:10
이노뎁,01264872,303530,KOSDAQ,연간x별도,상단,DS-7,PASS,"badges seen: ['✅', '🔎']",,2026-07-07T22:07:10
이노뎁,01264872,303530,KOSDAQ,연간x별도,재무제표,CV-3,PASS,rows=29 cols=9 slider_extended=True,,2026-07-07T22:07:10
이노뎁,01264872,303530,KOSDAQ,연간x별도,재무제표,DS-2/DS-3,DONE,"cross-check completed for ['매출액', '영업이익']",,2026-07-07T22:07:10
이노뎁,01264872,303530,KOSDAQ,연간x별도,지표,CV-6,PASS,default metric selection visible,,2026-07-07T22:07:10
이노뎁,01264872,303530,KOSDAQ,분기x연결,재무제표,DS-1,PASS,,,2026-07-07T22:07:17
이노뎁,01264872,303530,KOSDAQ,분기x연결,상단,DS-8,PASS,,,2026-07-07T22:07:17
이노뎁,01264872,303530,KOSDAQ,분기x연결,상단,DS-7,PASS,"badges seen: ['✅', '🔎']",,2026-07-07T22:07:17
이노뎁,01264872,303530,KOSDAQ,분기x연결,재무제표,CV-3,PASS,rows=29 cols=16 slider_extended=True,,2026-07-07T22:07:17
이노뎁,01264872,303530,KOSDAQ,분기x연결,재무제표,DS-2/DS-3,DONE,"cross-check completed for ['매출액', '영업이익']",,2026-07-07T22:07:17
이노뎁,01264872,303530,KOSDAQ,분기x연결,지표,CV-6,PASS,default metric selection visible,,2026-07-07T22:07:17
이노뎁,01264872,303530,KOSDAQ,분기x별도,재무제표,DS-1,PASS,,,2026-07-07T22:07:24
이노뎁,01264872,303530,KOSDAQ,분기x별도,상단,DS-8,PASS,,,2026-07-07T22:07:24
이노뎁,01264872,303530,KOSDAQ,분기x별도,상단,DS-7,PASS,"badges seen: ['✅', '🔎']",,2026-07-07T22:07:24
이노뎁,01264872,303530,KOSDAQ,분기x별도,재무제표,CV-3,PASS,rows=29 cols=27 slider_extended=True,,2026-07-07T22:07:24
이노뎁,01264872,303530,KOSDAQ,분기x별도,재무제표,DS-2/DS-3,DONE,"cross-check completed for ['매출액', '영업이익']",,2026-07-07T22:07:24
이노뎁,01264872,303530,KOSDAQ,분기x별도,지표,CV-6,PASS,default metric selection visible,,2026-07-07T22:07:24
이노메트리,01258710,302430,KOSDAQ,연간x연결,재무제표,DS-1,PASS,,,2026-07-07T22:07:37
이노메트리,01258710,302430,KOSDAQ,연간x연결,상단,DS-8,PASS,,,2026-07-07T22:07:37
이노메트리,01258710,302430,KOSDAQ,연간x연결,상단,DS-7,PASS,"badges seen: ['✅', '🔎', '⚠']",,2026-07-07T22:07:37
이노메트리,01258710,302430,KOSDAQ,연간x연결,재무제표,CV-3,PASS,rows=29 cols=12 slider_extended=True,,2026-07-07T22:07:37
이노메트리,01258710,302430,KOSDAQ,연간x연결,재무제표,DS-2/DS-3,DONE,"cross-check completed for ['매출액', '영업이익']",,2026-07-07T22:07:37
이노메트리,01258710,302430,KOSDAQ,연간x연결,지표,CV-6,PASS,default metric selection visible,,2026-07-07T22:07:37
이노메트리,01258710,302430,KOSDAQ,연간x별도,재무제표,DS-1,PASS,,,2026-07-07T22:07:42
이노메트리,01258710,302430,KOSDAQ,연간x별도,상단,DS-8,PASS,,,2026-07-07T22:07:42
이노메트리,01258710,302430,KOSDAQ,연간x별도,상단,DS-7,PASS,"badges seen: ['✅', '🔎', '⚠']",,2026-07-07T22:07:42
이노메트리,01258710,302430,KOSDAQ,연간x별도,재무제표,CV-3,PASS,rows=29 cols=12 slider_extended=True,,2026-07-07T22:07:42
이노메트리,01258710,302430,KOSDAQ,연간x별도,재무제표,DS-2/DS-3,DONE,"cross-check completed for ['매출액', '영업이익']",,2026-07-07T22:07:42
이노메트리,01258710,302430,KOSDAQ,연간x별도,지표,CV-6,PASS,default metric selection visible,,2026-07-07T22:07:42
이노메트리,01258710,302430,KOSDAQ,분기x연결,재무제표,DS-1,PASS,,,2026-07-07T22:07:48
이노메트리,01258710,302430,KOSDAQ,분기x연결,상단,DS-8,PASS,,,2026-07-07T22:07:48
이노메트리,01258710,302430,KOSDAQ,분기x연결,상단,DS-7,PASS,"badges seen: ['✅', '🔎']",,2026-07-07T22:07:48
이노메트리,01258710,302430,KOSDAQ,분기x연결,재무제표,CV-3,PASS,rows=29 cols=34 slider_extended=True,,2026-07-07T22:07:48
이노메트리,01258710,302430,KOSDAQ,분기x연결,재무제표,DS-2/DS-3,DONE,"cross-check completed for ['매출액', '영업이익']",,2026-07-07T22:07:48
이노메트리,01258710,302430,KOSDAQ,분기x연결,지표,CV-6,PASS,default metric selection visible,,2026-07-07T22:07:48
이노메트리,01258710,302430,KOSDAQ,분기x별도,재무제표,DS-1,PASS,,,2026-07-07T22:07:55
이노메트리,01258710,302430,KOSDAQ,분기x별도,상단,DS-8,PASS,,,2026-07-07T22:07:55
이노메트리,01258710,302430,KOSDAQ,분기x별도,상단,DS-7,PASS,"badges seen: ['✅', '🔎']",,2026-07-07T22:07:55
이노메트리,01258710,302430,KOSDAQ,분기x별도,재무제표,CV-3,PASS,rows=29 cols=36 slider_extended=True,,2026-07-07T22:07:55
이노메트리,01258710,302430,KOSDAQ,분기x별도,재무제표,DS-2/DS-3,DONE,"cross-check completed for ['매출액', '영업이익']",,2026-07-07T22:07:55
이노메트리,01258710,302430,KOSDAQ,분기x별도,지표,CV-6,PASS,default metric selection visible,,2026-07-07T22:07:55
이노스페이스,01700587,462350,KOSDAQ,연간x연결,재무제표,DS-1,PASS,,,2026-07-07T22:08:09
이노스페이스,01700587,462350,KOSDAQ,연간x연결,상단,DS-8,PASS,,,2026-07-07T22:08:09
이노스페이스,01700587,462350,KOSDAQ,연간x연결,상단,DS-7,PASS,"badges seen: ['✅', '🔎', '⚠']",,2026-07-07T22:08:09
이노스페이스,01700587,462350,KOSDAQ,연간x연결,재무제표,CV-3,PASS,rows=29 cols=7 slider_extended=True,,2026-07-07T22:08:09
이노스페이스,01700587,462350,KOSDAQ,연간x연결,재무제표,DS-2/DS-3,DONE,"cross-check completed for ['매출액', '영업이익']",,2026-07-07T22:08:09
이노스페이스,01700587,462350,KOSDAQ,연간x연결,지표,CV-6,PASS,default metric selection visible,,2026-07-07T22:08:09
이노스페이스,01700587,462350,KOSDAQ,연간x별도,재무제표,DS-1,PASS,,,2026-07-07T22:08:14
이노스페이스,01700587,462350,KOSDAQ,연간x별도,상단,DS-8,PASS,,,2026-07-07T22:08:14
이노스페이스,01700587,462350,KOSDAQ,연간x별도,상단,DS-7,PASS,"badges seen: ['✅', '🔎', '⚠']",,2026-07-07T22:08:14
이노스페이스,01700587,462350,KOSDAQ,연간x별도,재무제표,CV-3,PASS,rows=29 cols=7 slider_extended=True,,2026-07-07T22:08:14
이노스페이스,01700587,462350,KOSDAQ,연간x별도,재무제표,DS-2/DS-3,DONE,"cross-check completed for ['매출액', '영업이익']",,2026-07-07T22:08:14
이노스페이스,01700587,462350,KOSDAQ,연간x별도,지표,CV-6,PASS,default metric selection visible,,2026-07-07T22:08:14
이노스페이스,01700587,462350,KOSDAQ,분기x연결,재무제표,DS-1,PASS,,,2026-07-07T22:08:20
이노스페이스,01700587,462350,KOSDAQ,분기x연결,상단,DS-8,PASS,,,2026-07-07T22:08:20
이노스페이스,01700587,462350,KOSDAQ,분기x연결,상단,DS-7,PASS,"badges seen: ['✅', '🔎', '⚠']",,2026-07-07T22:08:20
이노스페이스,01700587,462350,KOSDAQ,분기x연결,재무제표,CV-3,PASS,rows=29 cols=17 slider_extended=True,,2026-07-07T22:08:20
이노스페이스,01700587,462350,KOSDAQ,분기x연결,재무제표,DS-2/DS-3,DONE,"cross-check completed for ['매출액', '영업이익']",,2026-07-07T22:08:20
이노스페이스,01700587,462350,KOSDAQ,분기x연결,지표,CV-6,PASS,default metric selection visible,,2026-07-07T22:08:20
이노스페이스,01700587,462350,KOSDAQ,분기x별도,재무제표,DS-1,PASS,,,2026-07-07T22:08:28
이노스페이스,01700587,462350,KOSDAQ,분기x별도,상단,DS-8,PASS,,,2026-07-07T22:08:28
이노스페이스,01700587,462350,KOSDAQ,분기x별도,상단,DS-7,PASS,"badges seen: ['✅', '🔎', '⚠']",,2026-07-07T22:08:28
이노스페이스,01700587,462350,KOSDAQ,분기x별도,재무제표,CV-3,PASS,rows=29 cols=17 slider_extended=True,,2026-07-07T22:08:28
이노스페이스,01700587,462350,KOSDAQ,분기x별도,재무제표,DS-2/DS-3,DONE,"cross-check completed for ['매출액', '영업이익']",,2026-07-07T22:08:28
이노스페이스,01700587,462350,KOSDAQ,분기x별도,지표,CV-6,PASS,default metric selection visible,,2026-07-07T22:08:28
이노시뮬레이션,00965318,274400,KOSDAQ,연간x연결,재무제표,DS-1,PASS,,,2026-07-07T22:08:41
이노시뮬레이션,00965318,274400,KOSDAQ,연간x연결,상단,DS-8,PASS,,,2026-07-07T22:08:41
이노시뮬레이션,00965318,274400,KOSDAQ,연간x연결,상단,DS-7,PASS,"badges seen: ['✅', '🔎']",,2026-07-07T22:08:41
이노시뮬레이션,00965318,274400,KOSDAQ,연간x연결,재무제표,CV-3,PASS,rows=29 cols=8 slider_extended=True,,2026-07-07T22:08:41
이노시뮬레이션,00965318,274400,KOSDAQ,연간x연결,재무제표,DS-2/DS-3,DONE,"cross-check completed for ['매출액', '영업이익']",,2026-07-07T22:08:41
이노시뮬레이션,00965318,274400,KOSDAQ,연간x연결,지표,CV-6,PASS,default metric selection visible,,2026-07-07T22:08:41
이노시뮬레이션,00965318,274400,KOSDAQ,연간x별도,재무제표,DS-1,PASS,,,2026-07-07T22:08:46
이노시뮬레이션,00965318,274400,KOSDAQ,연간x별도,상단,DS-8,PASS,,,2026-07-07T22:08:46
이노시뮬레이션,00965318,274400,KOSDAQ,연간x별도,상단,DS-7,PASS,"badges seen: ['✅', '🔎']",,2026-07-07T22:08:46
이노시뮬레이션,00965318,274400,KOSDAQ,연간x별도,재무제표,CV-3,PASS,rows=29 cols=10 slider_extended=True,,2026-07-07T22:08:46
이노시뮬레이션,00965318,274400,KOSDAQ,연간x별도,재무제표,DS-2/DS-3,DONE,"cross-check completed for ['매출액', '영업이익']",,2026-07-07T22:08:46
이노시뮬레이션,00965318,274400,KOSDAQ,연간x별도,지표,CV-6,PASS,default metric selection visible,,2026-07-07T22:08:46
이노시뮬레이션,00965318,274400,KOSDAQ,분기x연결,재무제표,DS-1,PASS,,,2026-07-07T22:08:52
이노시뮬레이션,00965318,274400,KOSDAQ,분기x연결,상단,DS-8,PASS,,,2026-07-07T22:08:52
이노시뮬레이션,00965318,274400,KOSDAQ,분기x연결,상단,DS-7,PASS,"badges seen: ['✅', '🔎', '⚠']",,2026-07-07T22:08:52
이노시뮬레이션,00965318,274400,KOSDAQ,분기x연결,재무제표,CV-3,PASS,rows=29 cols=23 slider_extended=True,,2026-07-07T22:08:52
이노시뮬레이션,00965318,274400,KOSDAQ,분기x연결,재무제표,DS-2/DS-3,DONE,"cross-check completed for ['매출액', '영업이익']",,2026-07-07T22:08:52
이노시뮬레이션,00965318,274400,KOSDAQ,분기x연결,지표,CV-6,PASS,default metric selection visible,,2026-07-07T22:08:52
이노시뮬레이션,00965318,274400,KOSDAQ,분기x별도,재무제표,DS-1,PASS,,,2026-07-07T22:08:59
이노시뮬레이션,00965318,274400,KOSDAQ,분기x별도,상단,DS-8,PASS,,,2026-07-07T22:08:59
이노시뮬레이션,00965318,274400,KOSDAQ,분기x별도,상단,DS-7,PASS,"badges seen: ['✅', '🔎']",,2026-07-07T22:08:59
이노시뮬레이션,00965318,274400,KOSDAQ,분기x별도,재무제표,CV-3,PASS,rows=29 cols=33 slider_extended=True,,2026-07-07T22:08:59
이노시뮬레이션,00965318,274400,KOSDAQ,분기x별도,재무제표,DS-2/DS-3,DONE,"cross-check completed for ['매출액', '영업이익']",,2026-07-07T22:08:59
이노시뮬레이션,00965318,274400,KOSDAQ,분기x별도,지표,CV-6,PASS,default metric selection visible,,2026-07-07T22:08:59
이노에이엑스,01341630,296640,KOSDAQ,연간x연결,재무제표,DS-1,PASS,,,2026-07-07T22:09:13
이노에이엑스,01341630,296640,KOSDAQ,연간x연결,상단,DS-8,PASS,,,2026-07-07T22:09:13
이노에이엑스,01341630,296640,KOSDAQ,연간x연결,상단,DS-7,PASS,"badges seen: ['✅', '🔎', '⚠']",,2026-07-07T22:09:13
이노에이엑스,01341630,296640,KOSDAQ,연간x연결,재무제표,CV-3,PASS,rows=29 cols=8 slider_extended=True,,2026-07-07T22:09:13
이노에이엑스,01341630,296640,KOSDAQ,연간x연결,재무제표,DS-2/DS-3,DONE,"cross-check completed for ['매출액', '영업이익']",,2026-07-07T22:09:13
이노에이엑스,01341630,296640,KOSDAQ,연간x연결,지표,CV-6,PASS,default metric selection visible,,2026-07-07T22:09:13
이노에이엑스,01341630,296640,KOSDAQ,연간x별도,재무제표,DS-1,PASS,,,2026-07-07T22:09:18
이노에이엑스,01341630,296640,KOSDAQ,연간x별도,상단,DS-8,PASS,,,2026-07-07T22:09:18
이노에이엑스,01341630,296640,KOSDAQ,연간x별도,상단,DS-7,PASS,"badges seen: ['✅', '🔎']",,2026-07-07T22:09:18
이노에이엑스,01341630,296640,KOSDAQ,연간x별도,재무제표,CV-3,PASS,rows=29 cols=8 slider_extended=True,,2026-07-07T22:09:18
이노에이엑스,01341630,296640,KOSDAQ,연간x별도,재무제표,DS-2/DS-3,DONE,"cross-check completed for ['매출액', '영업이익']",,2026-07-07T22:09:18
이노에이엑스,01341630,296640,KOSDAQ,연간x별도,지표,CV-6,PASS,default metric selection visible,,2026-07-07T22:09:18
이노에이엑스,01341630,296640,KOSDAQ,분기x연결,재무제표,DS-1,PASS,,,2026-07-07T22:09:24
이노에이엑스,01341630,296640,KOSDAQ,분기x연결,상단,DS-8,PASS,,,2026-07-07T22:09:24
이노에이엑스,01341630,296640,KOSDAQ,분기x연결,상단,DS-7,PASS,"badges seen: ['✅', '🔎']",,2026-07-07T22:09:24
이노에이엑스,01341630,296640,KOSDAQ,분기x연결,재무제표,CV-3,PASS,rows=29 cols=21 slider_extended=True,,2026-07-07T22:09:24
이노에이엑스,01341630,296640,KOSDAQ,분기x연결,재무제표,DS-2/DS-3,DONE,"cross-check completed for ['매출액', '영업이익']",,2026-07-07T22:09:24
이노에이엑스,01341630,296640,KOSDAQ,분기x연결,지표,CV-6,PASS,default metric selection visible,,2026-07-07T22:09:24
이노에이엑스,01341630,296640,KOSDAQ,분기x별도,재무제표,DS-1,PASS,,,2026-07-07T22:09:31
이노에이엑스,01341630,296640,KOSDAQ,분기x별도,상단,DS-8,PASS,,,2026-07-07T22:09:31
이노에이엑스,01341630,296640,KOSDAQ,분기x별도,상단,DS-7,PASS,"badges seen: ['✅', '🔎']",,2026-07-07T22:09:31
이노에이엑스,01341630,296640,KOSDAQ,분기x별도,재무제표,CV-3,PASS,rows=29 cols=21 slider_extended=True,,2026-07-07T22:09:31
이노에이엑스,01341630,296640,KOSDAQ,분기x별도,재무제표,DS-2/DS-3,DONE,"cross-check completed for ['매출액', '영업이익']",,2026-07-07T22:09:31
이노에이엑스,01341630,296640,KOSDAQ,분기x별도,지표,CV-6,PASS,default metric selection visible,,2026-07-07T22:09:31
이노인스트루먼트,01065679,215790,KOSDAQ,연간x연결,재무제표,DS-1,PASS,,,2026-07-07T22:09:45
이노인스트루먼트,01065679,215790,KOSDAQ,연간x연결,상단,DS-8,PASS,,,2026-07-07T22:09:45
이노인스트루먼트,01065679,215790,KOSDAQ,연간x연결,상단,DS-7,PASS,"badges seen: ['✅', '🔎']",,2026-07-07T22:09:45
이노인스트루먼트,01065679,215790,KOSDAQ,연간x연결,재무제표,CV-3,PASS,rows=29 cols=13 slider_extended=True,,2026-07-07T22:09:45
이노인스트루먼트,01065679,215790,KOSDAQ,연간x연결,재무제표,DS-2/DS-3,DONE,"cross-check completed for ['매출액', '영업이익']",,2026-07-07T22:09:45
이노인스트루먼트,01065679,215790,KOSDAQ,연간x연결,지표,CV-6,PASS,default metric selection visible,,2026-07-07T22:09:45
이노인스트루먼트,01065679,215790,KOSDAQ,연간x별도,재무제표,DS-1,PASS,,,2026-07-07T22:09:50
이노인스트루먼트,01065679,215790,KOSDAQ,연간x별도,상단,DS-8,PASS,,,2026-07-07T22:09:50
이노인스트루먼트,01065679,215790,KOSDAQ,연간x별도,상단,DS-7,PASS,"badges seen: ['✅', '🔎', '⚠']",,2026-07-07T22:09:50
이노인스트루먼트,01065679,215790,KOSDAQ,연간x별도,재무제표,CV-3,PASS,rows=29 cols=14 slider_extended=True,,2026-07-07T22:09:50
이노인스트루먼트,01065679,215790,KOSDAQ,연간x별도,재무제표,DS-2/DS-3,DONE,"cross-check completed for ['매출액', '영업이익']",,2026-07-07T22:09:50
이노인스트루먼트,01065679,215790,KOSDAQ,연간x별도,지표,CV-6,PASS,default metric selection visible,,2026-07-07T22:09:50
이노인스트루먼트,01065679,215790,KOSDAQ,분기x연결,재무제표,DS-1,PASS,,,2026-07-07T22:09:56
이노인스트루먼트,01065679,215790,KOSDAQ,분기x연결,상단,DS-8,PASS,,,2026-07-07T22:09:56
이노인스트루먼트,01065679,215790,KOSDAQ,분기x연결,상단,DS-7,PASS,"badges seen: ['✅', '🔎']",,2026-07-07T22:09:56
이노인스트루먼트,01065679,215790,KOSDAQ,분기x연결,재무제표,CV-3,PASS,rows=29 cols=43 slider_extended=True,,2026-07-07T22:09:56
이노인스트루먼트,01065679,215790,KOSDAQ,분기x연결,재무제표,DS-2/DS-3,DONE,"cross-check completed for ['매출액', '영업이익']",,2026-07-07T22:09:56
이노인스트루먼트,01065679,215790,KOSDAQ,분기x연결,지표,CV-6,PASS,default metric selection visible,,2026-07-07T22:09:56
이노인스트루먼트,01065679,215790,KOSDAQ,분기x별도,재무제표,DS-1,PASS,,,2026-07-07T22:10:03
이노인스트루먼트,01065679,215790,KOSDAQ,분기x별도,상단,DS-8,PASS,,,2026-07-07T22:10:03
이노인스트루먼트,01065679,215790,KOSDAQ,분기x별도,상단,DS-7,PASS,"badges seen: ['✅', '🔎']",,2026-07-07T22:10:03
이노인스트루먼트,01065679,215790,KOSDAQ,분기x별도,재무제표,CV-3,PASS,rows=29 cols=49 slider_extended=True,,2026-07-07T22:10:03
이노인스트루먼트,01065679,215790,KOSDAQ,분기x별도,재무제표,DS-2/DS-3,DONE,"cross-check completed for ['매출액', '영업이익']",,2026-07-07T22:10:03
이노인스트루먼트,01065679,215790,KOSDAQ,분기x별도,지표,CV-6,PASS,default metric selection visible,,2026-07-07T22:10:03
이노진,01419135,344860,KOSDAQ,연간x연결,재무제표,DS-1,PASS,,,2026-07-07T22:10:16
이노진,01419135,344860,KOSDAQ,연간x연결,상단,DS-8,PASS,,,2026-07-07T22:10:16
이노진,01419135,344860,KOSDAQ,연간x연결,상단,DS-4,PASS,substitution caption present,,2026-07-07T22:10:16
이노진,01419135,344860,KOSDAQ,연간x연결,상단,DS-7,PASS,"badges seen: ['✅', '🔎', '⚠']",,2026-07-07T22:10:16
이노진,01419135,344860,KOSDAQ,연간x연결,재무제표,CV-3,PASS,rows=29 cols=11 slider_extended=True,,2026-07-07T22:10:16
이노진,01419135,344860,KOSDAQ,연간x연결,재무제표,DS-2/DS-3,DONE,"cross-check completed for ['매출액', '영업이익']",,2026-07-07T22:10:16
이노진,01419135,344860,KOSDAQ,연간x연결,지표,CV-6,PASS,default metric selection visible,,2026-07-07T22:10:16
이노진,01419135,344860,KOSDAQ,연간x별도,재무제표,DS-1,PASS,,,2026-07-07T22:10:21
이노진,01419135,344860,KOSDAQ,연간x별도,상단,DS-8,PASS,,,2026-07-07T22:10:21
이노진,01419135,344860,KOSDAQ,연간x별도,상단,DS-7,PASS,"badges seen: ['✅', '🔎', '⚠']",,2026-07-07T22:10:21
이노진,01419135,344860,KOSDAQ,연간x별도,재무제표,CV-3,PASS,rows=29 cols=11 slider_extended=True,,2026-07-07T22:10:21
이노진,01419135,344860,KOSDAQ,연간x별도,재무제표,DS-2/DS-3,DONE,"cross-check completed for ['매출액', '영업이익']",,2026-07-07T22:10:21
이노진,01419135,344860,KOSDAQ,연간x별도,지표,CV-6,PASS,default metric selection visible,,2026-07-07T22:10:21
이노진,01419135,344860,KOSDAQ,분기x연결,재무제표,DS-1,PASS,,,2026-07-07T22:10:28
이노진,01419135,344860,KOSDAQ,분기x연결,상단,DS-8,PASS,,,2026-07-07T22:10:28
이노진,01419135,344860,KOSDAQ,분기x연결,상단,DS-4,PASS,substitution caption present,,2026-07-07T22:10:28
이노진,01419135,344860,KOSDAQ,분기x연결,상단,DS-7,PASS,"badges seen: ['✅', '🔎']",,2026-07-07T22:10:28
이노진,01419135,344860,KOSDAQ,분기x연결,재무제표,CV-3,PASS,rows=29 cols=20 slider_extended=True,,2026-07-07T22:10:28
이노진,01419135,344860,KOSDAQ,분기x연결,재무제표,DS-2/DS-3,DONE,"cross-check completed for ['매출액', '영업이익']",,2026-07-07T22:10:28
이노진,01419135,344860,KOSDAQ,분기x연결,지표,CV-6,PASS,default metric selection visible,,2026-07-07T22:10:28
이노진,01419135,344860,KOSDAQ,분기x별도,재무제표,DS-1,PASS,,,2026-07-07T22:10:35
이노진,01419135,344860,KOSDAQ,분기x별도,상단,DS-8,PASS,,,2026-07-07T22:10:35
이노진,01419135,344860,KOSDAQ,분기x별도,상단,DS-7,PASS,"badges seen: ['✅', '🔎']",,2026-07-07T22:10:35
이노진,01419135,344860,KOSDAQ,분기x별도,재무제표,CV-3,PASS,rows=29 cols=20 slider_extended=True,,2026-07-07T22:10:35
이노진,01419135,344860,KOSDAQ,분기x별도,재무제표,DS-2/DS-3,DONE,"cross-check completed for ['매출액', '영업이익']",,2026-07-07T22:10:35
이노진,01419135,344860,KOSDAQ,분기x별도,지표,CV-6,PASS,default metric selection visible,,2026-07-07T22:10:35
이노테나,01407158,333050,KOSDAQ,연간x연결,재무제표,DS-1,PASS,,,2026-07-07T22:10:48
이노테나,01407158,333050,KOSDAQ,연간x연결,상단,DS-8,PASS,,,2026-07-07T22:10:48
이노테나,01407158,333050,KOSDAQ,연간x연결,상단,DS-4,PASS,substitution caption present,,2026-07-07T22:10:48
이노테나,01407158,333050,KOSDAQ,연간x연결,상단,DS-7,PASS,"badges seen: ['✅', '🔎', '⚠']",,2026-07-07T22:10:48
이노테나,01407158,333050,KOSDAQ,연간x연결,재무제표,CV-3,PASS,rows=29 cols=9 slider_extended=True,,2026-07-07T22:10:48
이노테나,01407158,333050,KOSDAQ,연간x연결,재무제표,DS-2/DS-3,DONE,"cross-check completed for ['매출액', '영업이익']",,2026-07-07T22:10:48
이노테나,01407158,333050,KOSDAQ,연간x연결,지표,CV-6,PASS,default metric selection visible,,2026-07-07T22:10:48
이노테나,01407158,333050,KOSDAQ,연간x별도,재무제표,DS-1,PASS,,,2026-07-07T22:10:53
이노테나,01407158,333050,KOSDAQ,연간x별도,상단,DS-8,PASS,,,2026-07-07T22:10:53
이노테나,01407158,333050,KOSDAQ,연간x별도,상단,DS-7,PASS,"badges seen: ['✅', '🔎', '⚠']",,2026-07-07T22:10:53
이노테나,01407158,333050,KOSDAQ,연간x별도,재무제표,CV-3,PASS,rows=29 cols=9 slider_extended=True,,2026-07-07T22:10:53
이노테나,01407158,333050,KOSDAQ,연간x별도,재무제표,DS-2/DS-3,DONE,"cross-check completed for ['매출액', '영업이익']",,2026-07-07T22:10:53
이노테나,01407158,333050,KOSDAQ,연간x별도,지표,CV-6,PASS,default metric selection visible,,2026-07-07T22:10:53
이노테나,01407158,333050,KOSDAQ,분기x연결,재무제표,DS-1,PASS,,,2026-07-07T22:10:59
이노테나,01407158,333050,KOSDAQ,분기x연결,상단,DS-8,PASS,,,2026-07-07T22:10:59
이노테나,01407158,333050,KOSDAQ,분기x연결,상단,DS-4,PASS,substitution caption present,,2026-07-07T22:10:59
이노테나,01407158,333050,KOSDAQ,분기x연결,상단,DS-7,PASS,"badges seen: ['✅', '🔎', '⚠']",,2026-07-07T22:10:59
이노테나,01407158,333050,KOSDAQ,분기x연결,재무제표,CV-3,PASS,rows=29 cols=27 slider_extended=True,,2026-07-07T22:10:59
이노테나,01407158,333050,KOSDAQ,분기x연결,재무제표,DS-2/DS-3,DONE,"cross-check completed for ['매출액', '영업이익']",,2026-07-07T22:10:59
이노테나,01407158,333050,KOSDAQ,분기x연결,지표,CV-6,PASS,default metric selection visible,,2026-07-07T22:10:59
이노테나,01407158,333050,KOSDAQ,분기x별도,재무제표,DS-1,PASS,,,2026-07-07T22:11:06
이노테나,01407158,333050,KOSDAQ,분기x별도,상단,DS-8,PASS,,,2026-07-07T22:11:06
이노테나,01407158,333050,KOSDAQ,분기x별도,상단,DS-7,PASS,"badges seen: ['✅', '🔎', '⚠']",,2026-07-07T22:11:06
이노테나,01407158,333050,KOSDAQ,분기x별도,재무제표,CV-3,PASS,rows=29 cols=27 slider_extended=True,,2026-07-07T22:11:06
이노테나,01407158,333050,KOSDAQ,분기x별도,재무제표,DS-2/DS-3,DONE,"cross-check completed for ['매출액', '영업이익']",,2026-07-07T22:11:06
이노테나,01407158,333050,KOSDAQ,분기x별도,지표,CV-6,PASS,default metric selection visible,,2026-07-07T22:11:06
이노테크,01745173,469610,KOSDAQ,연간x연결,재무제표,DS-1,PASS,,,2026-07-07T22:11:20
이노테크,01745173,469610,KOSDAQ,연간x연결,상단,DS-8,PASS,,,2026-07-07T22:11:20
이노테크,01745173,469610,KOSDAQ,연간x연결,상단,DS-7,PASS,"badges seen: ['✅', '🔎', '⚠']",,2026-07-07T22:11:20
이노테크,01745173,469610,KOSDAQ,연간x연결,재무제표,CV-3,PASS,rows=29 cols=5 slider_extended=True,,2026-07-07T22:11:20
이노테크,01745173,469610,KOSDAQ,연간x연결,재무제표,DS-2/DS-3,DONE,"cross-check completed for ['매출액', '영업이익']",,2026-07-07T22:11:20
이노테크,01745173,469610,KOSDAQ,연간x연결,지표,CV-6,PASS,default metric selection visible,,2026-07-07T22:11:20
이노테크,01745173,469610,KOSDAQ,연간x별도,재무제표,DS-1,PASS,,,2026-07-07T22:11:25
이노테크,01745173,469610,KOSDAQ,연간x별도,상단,DS-8,PASS,,,2026-07-07T22:11:25
이노테크,01745173,469610,KOSDAQ,연간x별도,상단,DS-7,PASS,"badges seen: ['✅', '🔎']",,2026-07-07T22:11:25
이노테크,01745173,469610,KOSDAQ,연간x별도,재무제표,CV-3,PASS,rows=29 cols=5 slider_extended=True,,2026-07-07T22:11:25
이노테크,01745173,469610,KOSDAQ,연간x별도,재무제표,DS-2/DS-3,DONE,"cross-check completed for ['매출액', '영업이익']",,2026-07-07T22:11:25
이노테크,01745173,469610,KOSDAQ,연간x별도,지표,CV-6,PASS,default metric selection visible,,2026-07-07T22:11:25
이노테크,01745173,469610,KOSDAQ,분기x연결,재무제표,DS-1,PASS,,,2026-07-07T22:11:31
이노테크,01745173,469610,KOSDAQ,분기x연결,상단,DS-8,PASS,,,2026-07-07T22:11:31
이노테크,01745173,469610,KOSDAQ,분기x연결,상단,DS-7,PASS,"badges seen: ['✅', '🔎']",,2026-07-07T22:11:31
이노테크,01745173,469610,KOSDAQ,분기x연결,재무제표,CV-3,PASS,rows=29 cols=6 slider_extended=True,,2026-07-07T22:11:31
이노테크,01745173,469610,KOSDAQ,분기x연결,재무제표,DS-2/DS-3,DONE,"cross-check completed for ['매출액', '영업이익']",,2026-07-07T22:11:31
이노테크,01745173,469610,KOSDAQ,분기x연결,지표,CV-6,PASS,default metric selection visible,,2026-07-07T22:11:31
이노테크,01745173,469610,KOSDAQ,분기x별도,재무제표,DS-1,PASS,,,2026-07-07T22:11:38
이노테크,01745173,469610,KOSDAQ,분기x별도,상단,DS-8,PASS,,,2026-07-07T22:11:38
이노테크,01745173,469610,KOSDAQ,분기x별도,상단,DS-7,PASS,"badges seen: ['✅', '🔎']",,2026-07-07T22:11:38
이노테크,01745173,469610,KOSDAQ,분기x별도,재무제표,CV-3,PASS,rows=29 cols=6 slider_extended=True,,2026-07-07T22:11:38
이노테크,01745173,469610,KOSDAQ,분기x별도,재무제표,DS-2/DS-3,DONE,"cross-check completed for ['매출액', '영업이익']",,2026-07-07T22:11:38
이노테크,01745173,469610,KOSDAQ,분기x별도,지표,CV-6,PASS,default metric selection visible,,2026-07-07T22:11:38
이녹스,00494476,088390,KOSDAQ,연간x연결,재무제표,DS-1,PASS,,,2026-07-07T22:11:52
이녹스,00494476,088390,KOSDAQ,연간x연결,상단,DS-8,PASS,,,2026-07-07T22:11:52
이녹스,00494476,088390,KOSDAQ,연간x연결,상단,DS-7,PASS,"badges seen: ['✅', '🔎', '⚠']",,2026-07-07T22:11:52
이녹스,00494476,088390,KOSDAQ,연간x연결,재무제표,CV-3,PASS,rows=29 cols=19 slider_extended=True,,2026-07-07T22:11:52
이녹스,00494476,088390,KOSDAQ,연간x연결,재무제표,DS-2/DS-3,DONE,"cross-check completed for ['매출액', '영업이익']",,2026-07-07T22:11:52
이녹스,00494476,088390,KOSDAQ,연간x연결,지표,CV-6,PASS,default metric selection visible,,2026-07-07T22:11:52
이녹스,00494476,088390,KOSDAQ,연간x별도,재무제표,DS-1,PASS,,,2026-07-07T22:11:57
이녹스,00494476,088390,KOSDAQ,연간x별도,상단,DS-8,PASS,,,2026-07-07T22:11:57
이녹스,00494476,088390,KOSDAQ,연간x별도,상단,DS-7,PASS,"badges seen: ['✅', '🔎', '⚠']",,2026-07-07T22:11:57
이녹스,00494476,088390,KOSDAQ,연간x별도,재무제표,CV-3,PASS,rows=29 cols=24 slider_extended=True,,2026-07-07T22:11:57
이녹스,00494476,088390,KOSDAQ,연간x별도,재무제표,DS-2/DS-3,DONE,"cross-check completed for ['매출액', '영업이익']",,2026-07-07T22:11:57
이녹스,00494476,088390,KOSDAQ,연간x별도,지표,CV-6,PASS,default metric selection visible,,2026-07-07T22:11:57
이녹스,00494476,088390,KOSDAQ,분기x연결,재무제표,DS-1,PASS,,,2026-07-07T22:12:03
이녹스,00494476,088390,KOSDAQ,분기x연결,상단,DS-8,PASS,,,2026-07-07T22:12:03
이녹스,00494476,088390,KOSDAQ,분기x연결,상단,DS-7,PASS,"badges seen: ['✅', '🔎']",,2026-07-07T22:12:03
이녹스,00494476,088390,KOSDAQ,분기x연결,재무제표,CV-3,PASS,rows=29 cols=60 slider_extended=True,,2026-07-07T22:12:03
이녹스,00494476,088390,KOSDAQ,분기x연결,재무제표,DS-2/DS-3,DONE,"cross-check completed for ['매출액', '영업이익']",,2026-07-07T22:12:03
이녹스,00494476,088390,KOSDAQ,분기x연결,지표,CV-6,PASS,default metric selection visible,,2026-07-07T22:12:03
이녹스,00494476,088390,KOSDAQ,분기x별도,재무제표,DS-1,PASS,,,2026-07-07T22:12:10
이녹스,00494476,088390,KOSDAQ,분기x별도,상단,DS-8,PASS,,,2026-07-07T22:12:10
이녹스,00494476,088390,KOSDAQ,분기x별도,상단,DS-7,PASS,"badges seen: ['✅', '🔎', '⚠']",,2026-07-07T22:12:10
이녹스,00494476,088390,KOSDAQ,분기x별도,재무제표,CV-3,PASS,rows=29 cols=79 slider_extended=True,,2026-07-07T22:12:10
이녹스,00494476,088390,KOSDAQ,분기x별도,재무제표,DS-2/DS-3,DONE,"cross-check completed for ['매출액', '영업이익']",,2026-07-07T22:12:10
이녹스,00494476,088390,KOSDAQ,분기x별도,지표,CV-6,PASS,default metrics not found,,2026-07-07T22:12:10
이녹스첨단소재,01237540,272290,KOSDAQ,연간x연결,재무제표,DS-1,PASS,,,2026-07-07T22:12:24
이녹스첨단소재,01237540,272290,KOSDAQ,연간x연결,상단,DS-8,PASS,,,2026-07-07T22:12:24
이녹스첨단소재,01237540,272290,KOSDAQ,연간x연결,상단,DS-7,PASS,"badges seen: ['✅', '🔎']",,2026-07-07T22:12:24
이녹스첨단소재,01237540,272290,KOSDAQ,연간x연결,재무제표,CV-3,PASS,rows=29 cols=11 slider_extended=True,,2026-07-07T22:12:24
이녹스첨단소재,01237540,272290,KOSDAQ,연간x연결,재무제표,DS-2/DS-3,DONE,"cross-check completed for ['매출액', '영업이익']",,2026-07-07T22:12:24
이녹스첨단소재,01237540,272290,KOSDAQ,연간x연결,지표,CV-6,PASS,default metric selection visible,,2026-07-07T22:12:24
이녹스첨단소재,01237540,272290,KOSDAQ,연간x별도,재무제표,DS-1,PASS,,,2026-07-07T22:12:29
이녹스첨단소재,01237540,272290,KOSDAQ,연간x별도,상단,DS-8,PASS,,,2026-07-07T22:12:29
이녹스첨단소재,01237540,272290,KOSDAQ,연간x별도,상단,DS-7,PASS,"badges seen: ['✅', '🔎']",,2026-07-07T22:12:29
이녹스첨단소재,01237540,272290,KOSDAQ,연간x별도,재무제표,CV-3,PASS,rows=29 cols=11 slider_extended=True,,2026-07-07T22:12:29
이녹스첨단소재,01237540,272290,KOSDAQ,연간x별도,재무제표,DS-2/DS-3,DONE,"cross-check completed for ['매출액', '영업이익']",,2026-07-07T22:12:29
이녹스첨단소재,01237540,272290,KOSDAQ,연간x별도,지표,CV-6,PASS,default metric selection visible,,2026-07-07T22:12:29
이녹스첨단소재,01237540,272290,KOSDAQ,분기x연결,재무제표,DS-1,PASS,,,2026-07-07T22:12:35
이녹스첨단소재,01237540,272290,KOSDAQ,분기x연결,상단,DS-8,PASS,,,2026-07-07T22:12:35
이녹스첨단소재,01237540,272290,KOSDAQ,분기x연결,상단,DS-7,PASS,"badges seen: ['✅', '🔎']",,2026-07-07T22:12:35
이녹스첨단소재,01237540,272290,KOSDAQ,분기x연결,재무제표,CV-3,PASS,rows=29 cols=39 slider_extended=True,,2026-07-07T22:12:35
이녹스첨단소재,01237540,272290,KOSDAQ,분기x연결,재무제표,DS-2/DS-3,DONE,"cross-check completed for ['매출액', '영업이익']",,2026-07-07T22:12:35
이녹스첨단소재,01237540,272290,KOSDAQ,분기x연결,지표,CV-6,PASS,default metric selection visible,,2026-07-07T22:12:35
이녹스첨단소재,01237540,272290,KOSDAQ,분기x별도,재무제표,DS-1,PASS,,,2026-07-07T22:12:43
이녹스첨단소재,01237540,272290,KOSDAQ,분기x별도,상단,DS-8,PASS,,,2026-07-07T22:12:43
이녹스첨단소재,01237540,272290,KOSDAQ,분기x별도,상단,DS-7,PASS,"badges seen: ['✅', '🔎', '⚠']",,2026-07-07T22:12:43
이녹스첨단소재,01237540,272290,KOSDAQ,분기x별도,재무제표,CV-3,PASS,rows=29 cols=39 slider_extended=True,,2026-07-07T22:12:43
이녹스첨단소재,01237540,272290,KOSDAQ,분기x별도,재무제표,DS-2/DS-3,DONE,"cross-check completed for ['매출액', '영업이익']",,2026-07-07T22:12:43
이녹스첨단소재,01237540,272290,KOSDAQ,분기x별도,지표,CV-6,PASS,default metric selection visible,,2026-07-07T22:12:43
이니텍,00353610,053350,KOSDAQ,연간x연결,재무제표,DS-1,PASS,,,2026-07-07T22:12:56
이니텍,00353610,053350,KOSDAQ,연간x연결,상단,DS-8,PASS,,,2026-07-07T22:12:56
이니텍,00353610,053350,KOSDAQ,연간x연결,상단,DS-7,PASS,"badges seen: ['✅', '🔎', '⚠']",,2026-07-07T22:12:56
이니텍,00353610,053350,KOSDAQ,연간x연결,재무제표,CV-3,PASS,rows=29 cols=17 slider_extended=True,,2026-07-07T22:12:56
이니텍,00353610,053350,KOSDAQ,연간x연결,재무제표,DS-2/DS-3,DONE,"cross-check completed for ['매출액', '영업이익']",,2026-07-07T22:12:56
이니텍,00353610,053350,KOSDAQ,연간x연결,지표,CV-6,PASS,default metric selection visible,,2026-07-07T22:12:56
이니텍,00353610,053350,KOSDAQ,연간x별도,재무제표,DS-1,PASS,,,2026-07-07T22:13:01
이니텍,00353610,053350,KOSDAQ,연간x별도,상단,DS-8,PASS,,,2026-07-07T22:13:01
이니텍,00353610,053350,KOSDAQ,연간x별도,상단,DS-7,PASS,"badges seen: ['✅', '🔎', '⚠']",,2026-07-07T22:13:01
이니텍,00353610,053350,KOSDAQ,연간x별도,재무제표,CV-3,PASS,rows=29 cols=27 slider_extended=True,,2026-07-07T22:13:01
이니텍,00353610,053350,KOSDAQ,연간x별도,재무제표,DS-2/DS-3,DONE,"cross-check completed for ['매출액', '영업이익']",,2026-07-07T22:13:01
이니텍,00353610,053350,KOSDAQ,연간x별도,지표,CV-6,PASS,default metric selection visible,,2026-07-07T22:13:01
이니텍,00353610,053350,KOSDAQ,분기x연결,재무제표,DS-1,PASS,,,2026-07-07T22:13:07
이니텍,00353610,053350,KOSDAQ,분기x연결,상단,DS-8,PASS,,,2026-07-07T22:13:07
이니텍,00353610,053350,KOSDAQ,분기x연결,상단,DS-7,PASS,"badges seen: ['✅', '🔎', '⚠']",,2026-07-07T22:13:07
이니텍,00353610,053350,KOSDAQ,분기x연결,재무제표,CV-3,PASS,rows=29 cols=53 slider_extended=True,,2026-07-07T22:13:07
이니텍,00353610,053350,KOSDAQ,분기x연결,재무제표,DS-2/DS-3,DONE,"cross-check completed for ['매출액', '영업이익']",,2026-07-07T22:13:07
이니텍,00353610,053350,KOSDAQ,분기x연결,지표,CV-6,PASS,default metric selection visible,,2026-07-07T22:13:07
이니텍,00353610,053350,KOSDAQ,분기x별도,재무제표,DS-1,PASS,,,2026-07-07T22:13:15
이니텍,00353610,053350,KOSDAQ,분기x별도,상단,DS-8,PASS,,,2026-07-07T22:13:15
이니텍,00353610,053350,KOSDAQ,분기x별도,상단,DS-7,PASS,"badges seen: ['✅', '🔎', '⚠']",,2026-07-07T22:13:15
이니텍,00353610,053350,KOSDAQ,분기x별도,재무제표,CV-3,PASS,rows=29 cols=14 slider_extended=True,,2026-07-07T22:13:15
이니텍,00353610,053350,KOSDAQ,분기x별도,재무제표,DS-2/DS-3,DONE,"cross-check completed for ['매출액', '영업이익']",,2026-07-07T22:13:15
이니텍,00353610,053350,KOSDAQ,분기x별도,지표,CV-6,PASS,default metric selection visible,,2026-07-07T22:13:15
이닉스,00338170,452400,KOSDAQ,연간x연결,재무제표,DS-1,PASS,,,2026-07-07T22:13:28
이닉스,00338170,452400,KOSDAQ,연간x연결,상단,DS-8,PASS,,,2026-07-07T22:13:28
이닉스,00338170,452400,KOSDAQ,연간x연결,상단,DS-7,PASS,"badges seen: ['✅', '🔎']",,2026-07-07T22:13:28
이닉스,00338170,452400,KOSDAQ,연간x연결,재무제표,CV-3,PASS,rows=29 cols=7 slider_extended=True,,2026-07-07T22:13:28
이닉스,00338170,452400,KOSDAQ,연간x연결,재무제표,DS-2/DS-3,DONE,"cross-check completed for ['매출액', '영업이익']",,2026-07-07T22:13:28
이닉스,00338170,452400,KOSDAQ,연간x연결,지표,CV-6,PASS,default metric selection visible,,2026-07-07T22:13:28
이닉스,00338170,452400,KOSDAQ,연간x별도,재무제표,DS-1,PASS,,,2026-07-07T22:13:33
이닉스,00338170,452400,KOSDAQ,연간x별도,상단,DS-8,PASS,,,2026-07-07T22:13:33
이닉스,00338170,452400,KOSDAQ,연간x별도,상단,DS-7,PASS,"badges seen: ['✅', '🔎']",,2026-07-07T22:13:33
이닉스,00338170,452400,KOSDAQ,연간x별도,재무제표,CV-3,PASS,rows=29 cols=7 slider_extended=True,,2026-07-07T22:13:33
이닉스,00338170,452400,KOSDAQ,연간x별도,재무제표,DS-2/DS-3,DONE,"cross-check completed for ['매출액', '영업이익']",,2026-07-07T22:13:33
이닉스,00338170,452400,KOSDAQ,연간x별도,지표,CV-6,PASS,default metric selection visible,,2026-07-07T22:13:33
이닉스,00338170,452400,KOSDAQ,분기x연결,재무제표,DS-1,PASS,,,2026-07-07T22:13:39
이닉스,00338170,452400,KOSDAQ,분기x연결,상단,DS-8,PASS,,,2026-07-07T22:13:39
이닉스,00338170,452400,KOSDAQ,분기x연결,상단,DS-7,PASS,"badges seen: ['✅', '🔎']",,2026-07-07T22:13:39
이닉스,00338170,452400,KOSDAQ,분기x연결,재무제표,CV-3,PASS,rows=29 cols=16 slider_extended=True,,2026-07-07T22:13:39
이닉스,00338170,452400,KOSDAQ,분기x연결,재무제표,DS-2/DS-3,DONE,"cross-check completed for ['매출액', '영업이익']",,2026-07-07T22:13:39
이닉스,00338170,452400,KOSDAQ,분기x연결,지표,CV-6,PASS,default metric selection visible,,2026-07-07T22:13:39
이닉스,00338170,452400,KOSDAQ,분기x별도,재무제표,DS-1,PASS,,,2026-07-07T22:13:47
이닉스,00338170,452400,KOSDAQ,분기x별도,상단,DS-8,PASS,,,2026-07-07T22:13:47
이닉스,00338170,452400,KOSDAQ,분기x별도,상단,DS-7,PASS,"badges seen: ['✅', '🔎']",,2026-07-07T22:13:47
이닉스,00338170,452400,KOSDAQ,분기x별도,재무제표,CV-3,PASS,rows=29 cols=16 slider_extended=True,,2026-07-07T22:13:47
이닉스,00338170,452400,KOSDAQ,분기x별도,재무제표,DS-2/DS-3,DONE,"cross-check completed for ['매출액', '영업이익']",,2026-07-07T22:13:47
이닉스,00338170,452400,KOSDAQ,분기x별도,지표,CV-6,PASS,default metric selection visible,,2026-07-07T22:13:47
이랜시스,01199189,264850,KOSDAQ,연간x연결,재무제표,DS-1,PASS,,,2026-07-07T22:14:00
이랜시스,01199189,264850,KOSDAQ,연간x연결,상단,DS-8,PASS,,,2026-07-07T22:14:00
이랜시스,01199189,264850,KOSDAQ,연간x연결,상단,DS-7,PASS,"badges seen: ['✅', '🔎']",,2026-07-07T22:14:00
이랜시스,01199189,264850,KOSDAQ,연간x연결,재무제표,CV-3,PASS,rows=29 cols=11 slider_extended=True,,2026-07-07T22:14:00
이랜시스,01199189,264850,KOSDAQ,연간x연결,재무제표,DS-2/DS-3,DONE,"cross-check completed for ['매출액', '영업이익']",,2026-07-07T22:14:00
이랜시스,01199189,264850,KOSDAQ,연간x연결,지표,CV-6,PASS,default metric selection visible,,2026-07-07T22:14:00
이랜시스,01199189,264850,KOSDAQ,연간x별도,재무제표,DS-1,PASS,,,2026-07-07T22:14:05
이랜시스,01199189,264850,KOSDAQ,연간x별도,상단,DS-8,PASS,,,2026-07-07T22:14:05
이랜시스,01199189,264850,KOSDAQ,연간x별도,상단,DS-7,PASS,"badges seen: ['✅', '🔎', '⚠']",,2026-07-07T22:14:05
이랜시스,01199189,264850,KOSDAQ,연간x별도,재무제표,CV-3,PASS,rows=29 cols=12 slider_extended=True,,2026-07-07T22:14:05
이랜시스,01199189,264850,KOSDAQ,연간x별도,재무제표,DS-2/DS-3,DONE,"cross-check completed for ['매출액', '영업이익']",,2026-07-07T22:14:05
이랜시스,01199189,264850,KOSDAQ,연간x별도,지표,CV-6,PASS,default metric selection visible,,2026-07-07T22:14:05
이랜시스,01199189,264850,KOSDAQ,분기x연결,재무제표,DS-1,PASS,,,2026-07-07T22:14:11
이랜시스,01199189,264850,KOSDAQ,분기x연결,상단,DS-8,PASS,,,2026-07-07T22:14:11
이랜시스,01199189,264850,KOSDAQ,분기x연결,상단,DS-7,PASS,"badges seen: ['✅', '🔎']",,2026-07-07T22:14:11
이랜시스,01199189,264850,KOSDAQ,분기x연결,재무제표,CV-3,PASS,rows=29 cols=32 slider_extended=True,,2026-07-07T22:14:11
이랜시스,01199189,264850,KOSDAQ,분기x연결,재무제표,DS-2/DS-3,DONE,"cross-check completed for ['매출액', '영업이익']",,2026-07-07T22:14:11
이랜시스,01199189,264850,KOSDAQ,분기x연결,지표,CV-6,PASS,default metric selection visible,,2026-07-07T22:14:11
이랜시스,01199189,264850,KOSDAQ,분기x별도,재무제표,DS-1,PASS,,,2026-07-07T22:14:19
이랜시스,01199189,264850,KOSDAQ,분기x별도,상단,DS-8,PASS,,,2026-07-07T22:14:19
이랜시스,01199189,264850,KOSDAQ,분기x별도,상단,DS-7,PASS,"badges seen: ['✅', '🔎']",,2026-07-07T22:14:19
이랜시스,01199189,264850,KOSDAQ,분기x별도,재무제표,CV-3,PASS,rows=29 cols=14 slider_extended=True,,2026-07-07T22:14:19
이랜시스,01199189,264850,KOSDAQ,분기x별도,재무제표,DS-2/DS-3,DONE,"cross-check completed for ['매출액', '영업이익']",,2026-07-07T22:14:19
이랜시스,01199189,264850,KOSDAQ,분기x별도,지표,CV-6,FAIL,default metrics not found,,2026-07-07T22:14:19
이랜텍,00206659,054210,KOSDAQ,연간x연결,재무제표,DS-1,PASS,,,2026-07-07T22:14:32
이랜텍,00206659,054210,KOSDAQ,연간x연결,상단,DS-8,PASS,,,2026-07-07T22:14:32
이랜텍,00206659,054210,KOSDAQ,연간x연결,상단,DS-7,PASS,"badges seen: ['✅', '🔎', '⚠']",,2026-07-07T22:14:32
이랜텍,00206659,054210,KOSDAQ,연간x연결,재무제표,CV-3,PASS,rows=29 cols=19 slider_extended=True,,2026-07-07T22:14:32
이랜텍,00206659,054210,KOSDAQ,연간x연결,재무제표,DS-2/DS-3,DONE,"cross-check completed for ['매출액', '영업이익']",,2026-07-07T22:14:32
이랜텍,00206659,054210,KOSDAQ,연간x연결,지표,CV-6,PASS,default metric selection visible,,2026-07-07T22:14:32
이랜텍,00206659,054210,KOSDAQ,연간x별도,재무제표,DS-1,PASS,,,2026-07-07T22:14:37
이랜텍,00206659,054210,KOSDAQ,연간x별도,상단,DS-8,PASS,,,2026-07-07T22:14:37
이랜텍,00206659,054210,KOSDAQ,연간x별도,상단,DS-7,PASS,"badges seen: ['✅', '🔎', '⚠']",,2026-07-07T22:14:37
이랜텍,00206659,054210,KOSDAQ,연간x별도,재무제표,CV-3,PASS,rows=29 cols=26 slider_extended=True,,2026-07-07T22:14:37
이랜텍,00206659,054210,KOSDAQ,연간x별도,재무제표,DS-2/DS-3,DONE,"cross-check completed for ['매출액', '영업이익']",,2026-07-07T22:14:37
이랜텍,00206659,054210,KOSDAQ,연간x별도,지표,CV-6,PASS,default metric selection visible,,2026-07-07T22:14:37
이랜텍,00206659,054210,KOSDAQ,분기x연결,재무제표,DS-1,PASS,,,2026-07-07T22:14:44
이랜텍,00206659,054210,KOSDAQ,분기x연결,상단,DS-8,PASS,,,2026-07-07T22:14:44
이랜텍,00206659,054210,KOSDAQ,분기x연결,상단,DS-7,PASS,"badges seen: ['✅', '🔎']",,2026-07-07T22:14:44
이랜텍,00206659,054210,KOSDAQ,분기x연결,재무제표,CV-3,PASS,rows=29 cols=60 slider_extended=True,,2026-07-07T22:14:44
이랜텍,00206659,054210,KOSDAQ,분기x연결,재무제표,DS-2/DS-3,DONE,"cross-check completed for ['매출액', '영업이익']",,2026-07-07T22:14:44
이랜텍,00206659,054210,KOSDAQ,분기x연결,지표,CV-6,PASS,default metric selection visible,,2026-07-07T22:14:44
이랜텍,00206659,054210,KOSDAQ,분기x별도,재무제표,DS-1,PASS,,,2026-07-07T22:14:51
이랜텍,00206659,054210,KOSDAQ,분기x별도,상단,DS-8,PASS,,,2026-07-07T22:14:51
이랜텍,00206659,054210,KOSDAQ,분기x별도,상단,DS-7,PASS,"badges seen: ['✅', '🔎']",,2026-07-07T22:14:51
이랜텍,00206659,054210,KOSDAQ,분기x별도,재무제표,CV-3,PASS,rows=29 cols=88 slider_extended=True,,2026-07-07T22:14:51
이랜텍,00206659,054210,KOSDAQ,분기x별도,재무제표,DS-2/DS-3,DONE,"cross-check completed for ['매출액', '영업이익']",,2026-07-07T22:14:51
이랜텍,00206659,054210,KOSDAQ,분기x별도,지표,CV-6,PASS,default metric selection visible,,2026-07-07T22:14:51
이렘,00116426,009730,KOSDAQ,연간x연결,재무제표,DS-1,PASS,,,2026-07-07T22:15:05
이렘,00116426,009730,KOSDAQ,연간x연결,상단,DS-8,PASS,,,2026-07-07T22:15:05
이렘,00116426,009730,KOSDAQ,연간x연결,상단,DS-7,PASS,"badges seen: ['✅', '🔎', '⚠']",,2026-07-07T22:15:05
이렘,00116426,009730,KOSDAQ,연간x연결,재무제표,CV-3,PASS,rows=29 cols=13 slider_extended=True,,2026-07-07T22:15:05
이렘,00116426,009730,KOSDAQ,연간x연결,재무제표,DS-2/DS-3,DONE,"cross-check completed for ['매출액', '영업이익']",,2026-07-07T22:15:05
이렘,00116426,009730,KOSDAQ,연간x연결,지표,CV-6,PASS,default metric selection visible,,2026-07-07T22:15:05
이렘,00116426,009730,KOSDAQ,연간x별도,재무제표,DS-1,PASS,,,2026-07-07T22:15:10
이렘,00116426,009730,KOSDAQ,연간x별도,상단,DS-8,PASS,,,2026-07-07T22:15:10
이렘,00116426,009730,KOSDAQ,연간x별도,상단,DS-7,PASS,"badges seen: ['✅', '🔎', '⚠']",,2026-07-07T22:15:10
이렘,00116426,009730,KOSDAQ,연간x별도,재무제표,CV-3,PASS,rows=29 cols=31 slider_extended=True,,2026-07-07T22:15:10
이렘,00116426,009730,KOSDAQ,연간x별도,재무제표,DS-2/DS-3,DONE,"cross-check completed for ['매출액', '영업이익']",,2026-07-07T22:15:10
이렘,00116426,009730,KOSDAQ,연간x별도,지표,CV-6,PASS,default metric selection visible,,2026-07-07T22:15:10
이렘,00116426,009730,KOSDAQ,분기x연결,재무제표,DS-1,PASS,,,2026-07-07T22:15:16
이렘,00116426,009730,KOSDAQ,분기x연결,상단,DS-8,PASS,,,2026-07-07T22:15:16
이렘,00116426,009730,KOSDAQ,분기x연결,상단,DS-7,PASS,"badges seen: ['✅', '🔎', '⚠']",,2026-07-07T22:15:16
이렘,00116426,009730,KOSDAQ,분기x연결,재무제표,CV-3,PASS,rows=29 cols=44 slider_extended=True,,2026-07-07T22:15:16
이렘,00116426,009730,KOSDAQ,분기x연결,재무제표,DS-2/DS-3,DONE,"cross-check completed for ['매출액', '영업이익']",,2026-07-07T22:15:16
이렘,00116426,009730,KOSDAQ,분기x연결,지표,CV-6,PASS,default metric selection visible,,2026-07-07T22:15:16
이렘,00116426,009730,KOSDAQ,분기x별도,재무제표,DS-1,PASS,,,2026-07-07T22:15:24
이렘,00116426,009730,KOSDAQ,분기x별도,상단,DS-8,PASS,,,2026-07-07T22:15:24
이렘,00116426,009730,KOSDAQ,분기x별도,상단,DS-7,PASS,"badges seen: ['✅', '🔎', '⚠']",,2026-07-07T22:15:24
이렘,00116426,009730,KOSDAQ,분기x별도,재무제표,CV-3,PASS,rows=29 cols=14 slider_extended=True,,2026-07-07T22:15:24
이렘,00116426,009730,KOSDAQ,분기x별도,재무제표,DS-2/DS-3,DONE,"cross-check completed for ['매출액', '영업이익']",,2026-07-07T22:15:24
이렘,00116426,009730,KOSDAQ,분기x별도,지표,CV-6,PASS,default metric selection visible,,2026-07-07T22:15:24
이루온,00390514,065440,KOSDAQ,연간x연결,재무제표,DS-1,PASS,,,2026-07-07T22:15:37
이루온,00390514,065440,KOSDAQ,연간x연결,상단,DS-8,PASS,,,2026-07-07T22:15:37
이루온,00390514,065440,KOSDAQ,연간x연결,상단,DS-7,PASS,"badges seen: ['✅', '🔎']",,2026-07-07T22:15:37
이루온,00390514,065440,KOSDAQ,연간x연결,재무제표,CV-3,PASS,rows=29 cols=19 slider_extended=True,,2026-07-07T22:15:37
이루온,00390514,065440,KOSDAQ,연간x연결,재무제표,DS-2/DS-3,DONE,"cross-check completed for ['매출액', '영업이익']",,2026-07-07T22:15:37
이루온,00390514,065440,KOSDAQ,연간x연결,지표,CV-6,PASS,default metric selection visible,,2026-07-07T22:15:37
이루온,00390514,065440,KOSDAQ,연간x별도,재무제표,DS-1,PASS,,,2026-07-07T22:15:42
이루온,00390514,065440,KOSDAQ,연간x별도,상단,DS-8,PASS,,,2026-07-07T22:15:42
이루온,00390514,065440,KOSDAQ,연간x별도,상단,DS-7,PASS,"badges seen: ['✅', '🔎', '⚠']",,2026-07-07T22:15:42
이루온,00390514,065440,KOSDAQ,연간x별도,재무제표,CV-3,PASS,rows=29 cols=25 slider_extended=True,,2026-07-07T22:15:42
이루온,00390514,065440,KOSDAQ,연간x별도,재무제표,DS-2/DS-3,DONE,"cross-check completed for ['매출액', '영업이익']",,2026-07-07T22:15:42
이루온,00390514,065440,KOSDAQ,연간x별도,지표,CV-6,PASS,default metric selection visible,,2026-07-07T22:15:42
이루온,00390514,065440,KOSDAQ,분기x연결,재무제표,DS-1,PASS,,,2026-07-07T22:15:49
이루온,00390514,065440,KOSDAQ,분기x연결,상단,DS-8,PASS,,,2026-07-07T22:15:49
이루온,00390514,065440,KOSDAQ,분기x연결,상단,DS-7,PASS,"badges seen: ['✅', '🔎']",,2026-07-07T22:15:49
이루온,00390514,065440,KOSDAQ,분기x연결,재무제표,CV-3,PASS,rows=29 cols=60 slider_extended=True,,2026-07-07T22:15:49
이루온,00390514,065440,KOSDAQ,분기x연결,재무제표,DS-2/DS-3,DONE,"cross-check completed for ['매출액', '영업이익']",,2026-07-07T22:15:49
이루온,00390514,065440,KOSDAQ,분기x연결,지표,CV-6,PASS,default metric selection visible,,2026-07-07T22:15:49
이루온,00390514,065440,KOSDAQ,분기x별도,재무제표,DS-1,PASS,,,2026-07-07T22:15:56
이루온,00390514,065440,KOSDAQ,분기x별도,상단,DS-8,PASS,,,2026-07-07T22:15:56
이루온,00390514,065440,KOSDAQ,분기x별도,상단,DS-7,PASS,"badges seen: ['✅', '🔎']",,2026-07-07T22:15:56
이루온,00390514,065440,KOSDAQ,분기x별도,재무제표,CV-3,PASS,rows=29 cols=86 slider_extended=True,,2026-07-07T22:15:56
이루온,00390514,065440,KOSDAQ,분기x별도,재무제표,DS-2/DS-3,DONE,"cross-check completed for ['매출액', '영업이익']",,2026-07-07T22:15:56
이루온,00390514,065440,KOSDAQ,분기x별도,지표,CV-6,PASS,default metric selection visible,,2026-07-07T22:15:56
이뮨온시아,01203659,424870,KOSDAQ,연간x연결,재무제표,DS-1,PASS,,,2026-07-07T22:16:10
이뮨온시아,01203659,424870,KOSDAQ,연간x연결,상단,DS-8,PASS,,,2026-07-07T22:16:10
이뮨온시아,01203659,424870,KOSDAQ,연간x연결,상단,DS-4,PASS,substitution caption present,,2026-07-07T22:16:10
이뮨온시아,01203659,424870,KOSDAQ,연간x연결,상단,DS-7,PASS,"badges seen: ['✅', '🔎', '⚠']",,2026-07-07T22:16:10
이뮨온시아,01203659,424870,KOSDAQ,연간x연결,재무제표,CV-3,PASS,rows=29 cols=5 slider_extended=True,,2026-07-07T22:16:10
이뮨온시아,01203659,424870,KOSDAQ,연간x연결,재무제표,DS-2/DS-3,DONE,"cross-check completed for ['매출액', '영업이익']",,2026-07-07T22:16:10
이뮨온시아,01203659,424870,KOSDAQ,연간x연결,지표,CV-6,PASS,default metric selection visible,,2026-07-07T22:16:10
이뮨온시아,01203659,424870,KOSDAQ,연간x별도,재무제표,DS-1,PASS,,,2026-07-07T22:16:15
이뮨온시아,01203659,424870,KOSDAQ,연간x별도,상단,DS-8,PASS,,,2026-07-07T22:16:15
이뮨온시아,01203659,424870,KOSDAQ,연간x별도,상단,DS-7,PASS,"badges seen: ['✅', '🔎', '⚠']",,2026-07-07T22:16:15
이뮨온시아,01203659,424870,KOSDAQ,연간x별도,재무제표,CV-3,PASS,rows=29 cols=5 slider_extended=True,,2026-07-07T22:16:15
이뮨온시아,01203659,424870,KOSDAQ,연간x별도,재무제표,DS-2/DS-3,DONE,"cross-check completed for ['매출액', '영업이익']",,2026-07-07T22:16:15
이뮨온시아,01203659,424870,KOSDAQ,연간x별도,지표,CV-6,PASS,default metric selection visible,,2026-07-07T22:16:15
이뮨온시아,01203659,424870,KOSDAQ,분기x연결,재무제표,DS-1,PASS,,,2026-07-07T22:16:21
이뮨온시아,01203659,424870,KOSDAQ,분기x연결,상단,DS-8,PASS,,,2026-07-07T22:16:21
이뮨온시아,01203659,424870,KOSDAQ,분기x연결,상단,DS-4,PASS,substitution caption present,,2026-07-07T22:16:21
이뮨온시아,01203659,424870,KOSDAQ,분기x연결,상단,DS-7,PASS,"badges seen: ['✅', '🔎']",,2026-07-07T22:16:21
이뮨온시아,01203659,424870,KOSDAQ,분기x연결,재무제표,CV-3,PASS,rows=29 cols=9 slider_extended=True,,2026-07-07T22:16:21
이뮨온시아,01203659,424870,KOSDAQ,분기x연결,재무제표,DS-2/DS-3,DONE,"cross-check completed for ['매출액', '영업이익']",,2026-07-07T22:16:21
이뮨온시아,01203659,424870,KOSDAQ,분기x연결,지표,CV-6,PASS,default metric selection visible,,2026-07-07T22:16:21
이뮨온시아,01203659,424870,KOSDAQ,분기x별도,재무제표,DS-1,PASS,,,2026-07-07T22:16:28
이뮨온시아,01203659,424870,KOSDAQ,분기x별도,상단,DS-8,PASS,,,2026-07-07T22:16:28
이뮨온시아,01203659,424870,KOSDAQ,분기x별도,상단,DS-7,PASS,"badges seen: ['✅', '🔎']",,2026-07-07T22:16:28
이뮨온시아,01203659,424870,KOSDAQ,분기x별도,재무제표,CV-3,PASS,rows=29 cols=9 slider_extended=True,,2026-07-07T22:16:28
이뮨온시아,01203659,424870,KOSDAQ,분기x별도,재무제표,DS-2/DS-3,DONE,"cross-check completed for ['매출액', '영업이익']",,2026-07-07T22:16:28
이뮨온시아,01203659,424870,KOSDAQ,분기x별도,지표,CV-6,PASS,default metric selection visible,,2026-07-07T22:16:28
이미지스,00694942,115610,KOSDAQ,연간x연결,재무제표,DS-1,PASS,,,2026-07-07T22:16:42
이미지스,00694942,115610,KOSDAQ,연간x연결,상단,DS-8,PASS,,,2026-07-07T22:16:42
이미지스,00694942,115610,KOSDAQ,연간x연결,상단,DS-7,PASS,"badges seen: ['✅', '🔎', '⚠']",,2026-07-07T22:16:42
이미지스,00694942,115610,KOSDAQ,연간x연결,재무제표,CV-3,PASS,rows=29 cols=11 slider_extended=True,,2026-07-07T22:16:42
이미지스,00694942,115610,KOSDAQ,연간x연결,재무제표,DS-2/DS-3,DONE,"cross-check completed for ['매출액', '영업이익']",,2026-07-07T22:16:42
이미지스,00694942,115610,KOSDAQ,연간x연결,지표,CV-6,PASS,default metric selection visible,,2026-07-07T22:16:42
이미지스,00694942,115610,KOSDAQ,연간x별도,재무제표,DS-1,PASS,,,2026-07-07T22:16:47
이미지스,00694942,115610,KOSDAQ,연간x별도,상단,DS-8,PASS,,,2026-07-07T22:16:47
이미지스,00694942,115610,KOSDAQ,연간x별도,상단,DS-7,PASS,"badges seen: ['✅', '🔎', '⚠']",,2026-07-07T22:16:47
이미지스,00694942,115610,KOSDAQ,연간x별도,재무제표,CV-3,PASS,rows=29 cols=21 slider_extended=True,,2026-07-07T22:16:47
이미지스,00694942,115610,KOSDAQ,연간x별도,재무제표,DS-2/DS-3,DONE,"cross-check completed for ['매출액', '영업이익']",,2026-07-07T22:16:47
이미지스,00694942,115610,KOSDAQ,연간x별도,지표,CV-6,PASS,default metric selection visible,,2026-07-07T22:16:47
이미지스,00694942,115610,KOSDAQ,분기x연결,재무제표,DS-1,PASS,,,2026-07-07T22:16:53
이미지스,00694942,115610,KOSDAQ,분기x연결,상단,DS-8,PASS,,,2026-07-07T22:16:53
이미지스,00694942,115610,KOSDAQ,분기x연결,상단,DS-7,PASS,"badges seen: ['✅', '🔎', '⚠']",,2026-07-07T22:16:53
이미지스,00694942,115610,KOSDAQ,분기x연결,재무제표,CV-3,PASS,rows=29 cols=36 slider_extended=True,,2026-07-07T22:16:53
이미지스,00694942,115610,KOSDAQ,분기x연결,재무제표,DS-2/DS-3,DONE,"cross-check completed for ['매출액', '영업이익']",,2026-07-07T22:16:53
이미지스,00694942,115610,KOSDAQ,분기x연결,지표,CV-6,PASS,default metric selection visible,,2026-07-07T22:16:53
이미지스,00694942,115610,KOSDAQ,분기x별도,재무제표,DS-1,PASS,,,2026-07-07T22:17:00
이미지스,00694942,115610,KOSDAQ,분기x별도,상단,DS-8,PASS,,,2026-07-07T22:17:00
이미지스,00694942,115610,KOSDAQ,분기x별도,상단,DS-7,PASS,"badges seen: ['✅', '🔎', '⚠']",,2026-07-07T22:17:00
이미지스,00694942,115610,KOSDAQ,분기x별도,재무제표,CV-3,PASS,rows=29 cols=69 slider_extended=True,,2026-07-07T22:17:00
이미지스,00694942,115610,KOSDAQ,분기x별도,재무제표,DS-2/DS-3,DONE,"cross-check completed for ['매출액', '영업이익']",,2026-07-07T22:17:00
이미지스,00694942,115610,KOSDAQ,분기x별도,지표,CV-6,PASS,default metric selection visible,,2026-07-07T22:17:00
이브이첨단소재,00533924,131400,KOSDAQ,연간x연결,재무제표,DS-1,PASS,,,2026-07-07T22:17:14
이브이첨단소재,00533924,131400,KOSDAQ,연간x연결,상단,DS-8,PASS,,,2026-07-07T22:17:14
이브이첨단소재,00533924,131400,KOSDAQ,연간x연결,상단,DS-7,PASS,"badges seen: ['✅', '🔎', '⚠']",,2026-07-07T22:17:14
이브이첨단소재,00533924,131400,KOSDAQ,연간x연결,재무제표,CV-3,PASS,rows=29 cols=19 slider_extended=True,,2026-07-07T22:17:14
이브이첨단소재,00533924,131400,KOSDAQ,연간x연결,재무제표,DS-2/DS-3,DONE,"cross-check completed for ['매출액', '영업이익']",,2026-07-07T22:17:14
이브이첨단소재,00533924,131400,KOSDAQ,연간x연결,지표,CV-6,PASS,default metric selection visible,,2026-07-07T22:17:14
이브이첨단소재,00533924,131400,KOSDAQ,연간x별도,재무제표,DS-1,PASS,,,2026-07-07T22:17:19
이브이첨단소재,00533924,131400,KOSDAQ,연간x별도,상단,DS-8,PASS,,,2026-07-07T22:17:19
이브이첨단소재,00533924,131400,KOSDAQ,연간x별도,상단,DS-7,PASS,"badges seen: ['✅', '🔎', '⚠']",,2026-07-07T22:17:19
이브이첨단소재,00533924,131400,KOSDAQ,연간x별도,재무제표,CV-3,PASS,rows=29 cols=20 slider_extended=True,,2026-07-07T22:17:19
이브이첨단소재,00533924,131400,KOSDAQ,연간x별도,재무제표,DS-2/DS-3,DONE,"cross-check completed for ['매출액', '영업이익']",,2026-07-07T22:17:19
이브이첨단소재,00533924,131400,KOSDAQ,연간x별도,지표,CV-6,PASS,default metric selection visible,,2026-07-07T22:17:19
이브이첨단소재,00533924,131400,KOSDAQ,분기x연결,재무제표,DS-1,PASS,,,2026-07-07T22:17:25
이브이첨단소재,00533924,131400,KOSDAQ,분기x연결,상단,DS-8,PASS,,,2026-07-07T22:17:25
이브이첨단소재,00533924,131400,KOSDAQ,분기x연결,상단,DS-7,PASS,"badges seen: ['✅', '🔎', '⚠']",,2026-07-07T22:17:25
이브이첨단소재,00533924,131400,KOSDAQ,분기x연결,재무제표,CV-3,PASS,rows=29 cols=60 slider_extended=True,,2026-07-07T22:17:25
이브이첨단소재,00533924,131400,KOSDAQ,분기x연결,재무제표,DS-2/DS-3,DONE,"cross-check completed for ['매출액', '영업이익']",,2026-07-07T22:17:25
이브이첨단소재,00533924,131400,KOSDAQ,분기x연결,지표,CV-6,FAIL,default metrics not found,,2026-07-07T22:17:25
이브이첨단소재,00533924,131400,KOSDAQ,분기x별도,재무제표,DS-1,PASS,,,2026-07-07T22:17:33
이브이첨단소재,00533924,131400,KOSDAQ,분기x별도,상단,DS-8,PASS,,,2026-07-07T22:17:33
이브이첨단소재,00533924,131400,KOSDAQ,분기x별도,상단,DS-7,PASS,"badges seen: ['✅', '🔎', '⚠']",,2026-07-07T22:17:33
이브이첨단소재,00533924,131400,KOSDAQ,분기x별도,재무제표,CV-3,PASS,rows=29 cols=63 slider_extended=True,,2026-07-07T22:17:33
이브이첨단소재,00533924,131400,KOSDAQ,분기x별도,재무제표,DS-2/DS-3,DONE,"cross-check completed for ['매출액', '영업이익']",,2026-07-07T22:17:33
이브이첨단소재,00533924,131400,KOSDAQ,분기x별도,지표,CV-6,PASS,default metric selection visible,,2026-07-07T22:17:33
이삭엔지니어링,01135640,351330,KOSDAQ,연간x연결,재무제표,DS-1,PASS,,,2026-07-07T22:17:47
이삭엔지니어링,01135640,351330,KOSDAQ,연간x연결,상단,DS-8,PASS,,,2026-07-07T22:17:47
이삭엔지니어링,01135640,351330,KOSDAQ,연간x연결,상단,DS-7,PASS,"badges seen: ['✅', '🔎']",,2026-07-07T22:17:47
이삭엔지니어링,01135640,351330,KOSDAQ,연간x연결,재무제표,CV-3,PASS,rows=29 cols=9 slider_extended=True,,2026-07-07T22:17:47
이삭엔지니어링,01135640,351330,KOSDAQ,연간x연결,재무제표,DS-2/DS-3,DONE,"cross-check completed for ['매출액', '영업이익']",,2026-07-07T22:17:47
이삭엔지니어링,01135640,351330,KOSDAQ,연간x연결,지표,CV-6,PASS,default metric selection visible,,2026-07-07T22:17:47
이삭엔지니어링,01135640,351330,KOSDAQ,연간x별도,재무제표,DS-1,PASS,,,2026-07-07T22:17:52
이삭엔지니어링,01135640,351330,KOSDAQ,연간x별도,상단,DS-8,PASS,,,2026-07-07T22:17:52
이삭엔지니어링,01135640,351330,KOSDAQ,연간x별도,상단,DS-7,PASS,"badges seen: ['✅', '🔎']",,2026-07-07T22:17:52
이삭엔지니어링,01135640,351330,KOSDAQ,연간x별도,재무제표,CV-3,PASS,rows=29 cols=9 slider_extended=True,,2026-07-07T22:17:52
이삭엔지니어링,01135640,351330,KOSDAQ,연간x별도,재무제표,DS-2/DS-3,DONE,"cross-check completed for ['매출액', '영업이익']",,2026-07-07T22:17:52
이삭엔지니어링,01135640,351330,KOSDAQ,연간x별도,지표,CV-6,PASS,default metric selection visible,,2026-07-07T22:17:52
이삭엔지니어링,01135640,351330,KOSDAQ,분기x연결,재무제표,DS-1,PASS,,,2026-07-07T22:17:58
이삭엔지니어링,01135640,351330,KOSDAQ,분기x연결,상단,DS-8,PASS,,,2026-07-07T22:17:58
이삭엔지니어링,01135640,351330,KOSDAQ,분기x연결,상단,DS-7,PASS,"badges seen: ['✅', '🔎']",,2026-07-07T22:17:58
이삭엔지니어링,01135640,351330,KOSDAQ,분기x연결,재무제표,CV-3,PASS,rows=29 cols=25 slider_extended=True,,2026-07-07T22:17:58
이삭엔지니어링,01135640,351330,KOSDAQ,분기x연결,재무제표,DS-2/DS-3,DONE,"cross-check completed for ['매출액', '영업이익']",,2026-07-07T22:17:58
이삭엔지니어링,01135640,351330,KOSDAQ,분기x연결,지표,CV-6,PASS,default metric selection visible,,2026-07-07T22:17:58
이삭엔지니어링,01135640,351330,KOSDAQ,분기x별도,재무제표,DS-1,PASS,,,2026-07-07T22:18:05
이삭엔지니어링,01135640,351330,KOSDAQ,분기x별도,상단,DS-8,PASS,,,2026-07-07T22:18:05
이삭엔지니어링,01135640,351330,KOSDAQ,분기x별도,상단,DS-7,PASS,"badges seen: ['✅', '🔎']",,2026-07-07T22:18:05
이삭엔지니어링,01135640,351330,KOSDAQ,분기x별도,재무제표,CV-3,PASS,rows=29 cols=27 slider_extended=True,,2026-07-07T22:18:05
이삭엔지니어링,01135640,351330,KOSDAQ,분기x별도,재무제표,DS-2/DS-3,DONE,"cross-check completed for ['매출액', '영업이익']",,2026-07-07T22:18:05
이삭엔지니어링,01135640,351330,KOSDAQ,분기x별도,지표,CV-6,PASS,default metric selection visible,,2026-07-07T22:18:05
이상네트웍스,00454399,080010,KOSDAQ,연간x연결,재무제표,DS-1,PASS,,,2026-07-07T22:18:18
이상네트웍스,00454399,080010,KOSDAQ,연간x연결,상단,DS-8,PASS,,,2026-07-07T22:18:18
이상네트웍스,00454399,080010,KOSDAQ,연간x연결,상단,DS-7,PASS,"badges seen: ['✅', '🔎', '⚠']",,2026-07-07T22:18:18
이상네트웍스,00454399,080010,KOSDAQ,연간x연결,재무제표,CV-3,PASS,rows=29 cols=19 slider_extended=True,,2026-07-07T22:18:18
이상네트웍스,00454399,080010,KOSDAQ,연간x연결,재무제표,DS-2/DS-3,DONE,"cross-check completed for ['매출액', '영업이익']",,2026-07-07T22:18:18
이상네트웍스,00454399,080010,KOSDAQ,연간x연결,지표,CV-6,PASS,default metric selection visible,,2026-07-07T22:18:18
이상네트웍스,00454399,080010,KOSDAQ,연간x별도,재무제표,DS-1,PASS,,,2026-07-07T22:18:24
이상네트웍스,00454399,080010,KOSDAQ,연간x별도,상단,DS-8,PASS,,,2026-07-07T22:18:24
이상네트웍스,00454399,080010,KOSDAQ,연간x별도,상단,DS-7,PASS,"badges seen: ['✅', '🔎', '⚠']",,2026-07-07T22:18:24
이상네트웍스,00454399,080010,KOSDAQ,연간x별도,재무제표,CV-3,PASS,rows=29 cols=24 slider_extended=True,,2026-07-07T22:18:24
이상네트웍스,00454399,080010,KOSDAQ,연간x별도,재무제표,DS-2/DS-3,DONE,"cross-check completed for ['매출액', '영업이익']",,2026-07-07T22:18:24
이상네트웍스,00454399,080010,KOSDAQ,연간x별도,지표,CV-6,PASS,default metric selection visible,,2026-07-07T22:18:24
이상네트웍스,00454399,080010,KOSDAQ,분기x연결,재무제표,DS-1,PASS,,,2026-07-07T22:18:30
이상네트웍스,00454399,080010,KOSDAQ,분기x연결,상단,DS-8,PASS,,,2026-07-07T22:18:30
이상네트웍스,00454399,080010,KOSDAQ,분기x연결,상단,DS-7,PASS,"badges seen: ['✅', '🔎', '⚠']",,2026-07-07T22:18:30
이상네트웍스,00454399,080010,KOSDAQ,분기x연결,재무제표,CV-3,PASS,rows=29 cols=63 slider_extended=True,,2026-07-07T22:18:30
이상네트웍스,00454399,080010,KOSDAQ,분기x연결,재무제표,DS-2/DS-3,DONE,"cross-check completed for ['매출액', '영업이익']",,2026-07-07T22:18:30
이상네트웍스,00454399,080010,KOSDAQ,분기x연결,지표,CV-6,PASS,default metric selection visible,,2026-07-07T22:18:30
이상네트웍스,00454399,080010,KOSDAQ,분기x별도,재무제표,DS-1,PASS,,,2026-07-07T22:18:38
이상네트웍스,00454399,080010,KOSDAQ,분기x별도,상단,DS-8,PASS,,,2026-07-07T22:18:38
이상네트웍스,00454399,080010,KOSDAQ,분기x별도,상단,DS-7,PASS,"badges seen: ['✅', '🔎', '⚠']",,2026-07-07T22:18:38
이상네트웍스,00454399,080010,KOSDAQ,분기x별도,재무제표,CV-3,PASS,rows=29 cols=79 slider_extended=True,,2026-07-07T22:18:38
이상네트웍스,00454399,080010,KOSDAQ,분기x별도,재무제표,DS-2/DS-3,DONE,"cross-check completed for ['매출액', '영업이익']",,2026-07-07T22:18:38
이상네트웍스,00454399,080010,KOSDAQ,분기x별도,지표,CV-6,PASS,default metric selection visible,,2026-07-07T22:18:38
이수앱지스,00526872,086890,KOSDAQ,연간x연결,재무제표,DS-1,PASS,,,2026-07-07T22:18:52
이수앱지스,00526872,086890,KOSDAQ,연간x연결,상단,DS-8,PASS,,,2026-07-07T22:18:52
이수앱지스,00526872,086890,KOSDAQ,연간x연결,상단,DS-4,PASS,substitution caption present,,2026-07-07T22:18:52
이수앱지스,00526872,086890,KOSDAQ,연간x연결,상단,DS-7,PASS,"badges seen: ['✅', '🔎', '⚠']",,2026-07-07T22:18:52
이수앱지스,00526872,086890,KOSDAQ,연간x연결,재무제표,CV-3,PASS,rows=29 cols=22 slider_extended=True,,2026-07-07T22:18:52
이수앱지스,00526872,086890,KOSDAQ,연간x연결,재무제표,DS-2/DS-3,DONE,"cross-check completed for ['매출액', '영업이익']",,2026-07-07T22:18:52
이수앱지스,00526872,086890,KOSDAQ,연간x연결,지표,CV-6,PASS,default metric selection visible,,2026-07-07T22:18:52
이수앱지스,00526872,086890,KOSDAQ,연간x별도,재무제표,DS-1,PASS,,,2026-07-07T22:18:57
이수앱지스,00526872,086890,KOSDAQ,연간x별도,상단,DS-8,PASS,,,2026-07-07T22:18:57
이수앱지스,00526872,086890,KOSDAQ,연간x별도,상단,DS-7,PASS,"badges seen: ['✅', '🔎', '⚠']",,2026-07-07T22:18:57
이수앱지스,00526872,086890,KOSDAQ,연간x별도,재무제표,CV-3,PASS,rows=29 cols=22 slider_extended=True,,2026-07-07T22:18:57
이수앱지스,00526872,086890,KOSDAQ,연간x별도,재무제표,DS-2/DS-3,DONE,"cross-check completed for ['매출액', '영업이익']",,2026-07-07T22:18:57
이수앱지스,00526872,086890,KOSDAQ,연간x별도,지표,CV-6,PASS,default metric selection visible,,2026-07-07T22:18:57
이수앱지스,00526872,086890,KOSDAQ,분기x연결,재무제표,DS-1,PASS,,,2026-07-07T22:19:03
이수앱지스,00526872,086890,KOSDAQ,분기x연결,상단,DS-8,PASS,,,2026-07-07T22:19:03
이수앱지스,00526872,086890,KOSDAQ,분기x연결,상단,DS-4,PASS,substitution caption present,,2026-07-07T22:19:03
이수앱지스,00526872,086890,KOSDAQ,분기x연결,상단,DS-7,PASS,"badges seen: ['✅', '🔎']",,2026-07-07T22:19:03
이수앱지스,00526872,086890,KOSDAQ,분기x연결,재무제표,CV-3,PASS,rows=29 cols=72 slider_extended=True,,2026-07-07T22:19:03
이수앱지스,00526872,086890,KOSDAQ,분기x연결,재무제표,DS-2/DS-3,DONE,"cross-check completed for ['매출액', '영업이익']",,2026-07-07T22:19:03
이수앱지스,00526872,086890,KOSDAQ,분기x연결,지표,CV-6,PASS,default metric selection visible,,2026-07-07T22:19:03
이수앱지스,00526872,086890,KOSDAQ,분기x별도,재무제표,DS-1,PASS,,,2026-07-07T22:19:11
이수앱지스,00526872,086890,KOSDAQ,분기x별도,상단,DS-8,PASS,,,2026-07-07T22:19:11
이수앱지스,00526872,086890,KOSDAQ,분기x별도,상단,DS-7,PASS,"badges seen: ['✅', '🔎']",,2026-07-07T22:19:11
이수앱지스,00526872,086890,KOSDAQ,분기x별도,재무제표,CV-3,PASS,rows=29 cols=72 slider_extended=True,,2026-07-07T22:19:11
이수앱지스,00526872,086890,KOSDAQ,분기x별도,재무제표,DS-2/DS-3,DONE,"cross-check completed for ['매출액', '영업이익']",,2026-07-07T22:19:11
이수앱지스,00526872,086890,KOSDAQ,분기x별도,지표,CV-6,PASS,default metric selection visible,,2026-07-07T22:19:11
이스트소프트,00273420,047560,KOSDAQ,연간x연결,재무제표,DS-1,PASS,,,2026-07-07T22:19:24
이스트소프트,00273420,047560,KOSDAQ,연간x연결,상단,DS-8,PASS,,,2026-07-07T22:19:24
이스트소프트,00273420,047560,KOSDAQ,연간x연결,상단,DS-7,PASS,"badges seen: ['✅', '🔎']",,2026-07-07T22:19:24
이스트소프트,00273420,047560,KOSDAQ,연간x연결,재무제표,CV-3,PASS,rows=29 cols=19 slider_extended=True,,2026-07-07T22:19:24
이스트소프트,00273420,047560,KOSDAQ,연간x연결,재무제표,DS-2/DS-3,DONE,"cross-check completed for ['매출액', '영업이익']",,2026-07-07T22:19:24
이스트소프트,00273420,047560,KOSDAQ,연간x연결,지표,CV-6,PASS,default metric selection visible,,2026-07-07T22:19:24
이스트소프트,00273420,047560,KOSDAQ,연간x별도,재무제표,DS-1,PASS,,,2026-07-07T22:19:29
이스트소프트,00273420,047560,KOSDAQ,연간x별도,상단,DS-8,PASS,,,2026-07-07T22:19:29
이스트소프트,00273420,047560,KOSDAQ,연간x별도,상단,DS-7,PASS,"badges seen: ['✅', '🔎', '⚠']",,2026-07-07T22:19:29
이스트소프트,00273420,047560,KOSDAQ,연간x별도,재무제표,CV-3,PASS,rows=29 cols=22 slider_extended=True,,2026-07-07T22:19:29
이스트소프트,00273420,047560,KOSDAQ,연간x별도,재무제표,DS-2/DS-3,DONE,"cross-check completed for ['매출액', '영업이익']",,2026-07-07T22:19:29
이스트소프트,00273420,047560,KOSDAQ,연간x별도,지표,CV-6,PASS,default metric selection visible,,2026-07-07T22:19:29
이스트소프트,00273420,047560,KOSDAQ,분기x연결,재무제표,DS-1,PASS,,,2026-07-07T22:19:36
이스트소프트,00273420,047560,KOSDAQ,분기x연결,상단,DS-8,PASS,,,2026-07-07T22:19:36
이스트소프트,00273420,047560,KOSDAQ,분기x연결,상단,DS-7,PASS,"badges seen: ['✅', '🔎']",,2026-07-07T22:19:36
이스트소프트,00273420,047560,KOSDAQ,분기x연결,재무제표,CV-3,PASS,rows=29 cols=60 slider_extended=True,,2026-07-07T22:19:36
이스트소프트,00273420,047560,KOSDAQ,분기x연결,재무제표,DS-2/DS-3,DONE,"cross-check completed for ['매출액', '영업이익']",,2026-07-07T22:19:36
이스트소프트,00273420,047560,KOSDAQ,분기x연결,지표,CV-6,PASS,default metric selection visible,,2026-07-07T22:19:36
이스트소프트,00273420,047560,KOSDAQ,분기x별도,재무제표,DS-1,PASS,,,2026-07-07T22:19:43
이스트소프트,00273420,047560,KOSDAQ,분기x별도,상단,DS-8,PASS,,,2026-07-07T22:19:43
이스트소프트,00273420,047560,KOSDAQ,분기x별도,상단,DS-7,PASS,"badges seen: ['✅', '🔎']",,2026-07-07T22:19:43
이스트소프트,00273420,047560,KOSDAQ,분기x별도,재무제표,CV-3,PASS,rows=29 cols=73 slider_extended=True,,2026-07-07T22:19:43
이스트소프트,00273420,047560,KOSDAQ,분기x별도,재무제표,DS-2/DS-3,DONE,"cross-check completed for ['매출액', '영업이익']",,2026-07-07T22:19:43
이스트소프트,00273420,047560,KOSDAQ,분기x별도,지표,CV-6,PASS,default metric selection visible,,2026-07-07T22:19:43
이스트에이드,01128622,239340,KOSDAQ,연간x연결,재무제표,DS-1,PASS,,,2026-07-07T22:19:57
이스트에이드,01128622,239340,KOSDAQ,연간x연결,상단,DS-8,PASS,,,2026-07-07T22:19:57
이스트에이드,01128622,239340,KOSDAQ,연간x연결,상단,DS-7,PASS,"badges seen: ['✅', '🔎', '⚠']",,2026-07-07T22:19:57
이스트에이드,01128622,239340,KOSDAQ,연간x연결,재무제표,CV-3,PASS,rows=29 cols=11 slider_extended=True,,2026-07-07T22:19:57
이스트에이드,01128622,239340,KOSDAQ,연간x연결,재무제표,DS-2/DS-3,DONE,"cross-check completed for ['매출액', '영업이익']",,2026-07-07T22:19:57
이스트에이드,01128622,239340,KOSDAQ,연간x연결,지표,CV-6,PASS,default metric selection visible,,2026-07-07T22:19:57
이스트에이드,01128622,239340,KOSDAQ,연간x별도,재무제표,DS-1,PASS,,,2026-07-07T22:20:02
이스트에이드,01128622,239340,KOSDAQ,연간x별도,상단,DS-8,PASS,,,2026-07-07T22:20:02
이스트에이드,01128622,239340,KOSDAQ,연간x별도,상단,DS-7,PASS,"badges seen: ['✅', '🔎', '⚠']",,2026-07-07T22:20:02
이스트에이드,01128622,239340,KOSDAQ,연간x별도,재무제표,CV-3,PASS,rows=29 cols=12 slider_extended=True,,2026-07-07T22:20:02
이스트에이드,01128622,239340,KOSDAQ,연간x별도,재무제표,DS-2/DS-3,DONE,"cross-check completed for ['매출액', '영업이익']",,2026-07-07T22:20:02
이스트에이드,01128622,239340,KOSDAQ,연간x별도,지표,CV-6,PASS,default metric selection visible,,2026-07-07T22:20:02
이스트에이드,01128622,239340,KOSDAQ,분기x연결,재무제표,DS-1,PASS,,,2026-07-07T22:20:08
이스트에이드,01128622,239340,KOSDAQ,분기x연결,상단,DS-8,PASS,,,2026-07-07T22:20:08
이스트에이드,01128622,239340,KOSDAQ,분기x연결,상단,DS-7,PASS,"badges seen: ['✅', '🔎']",,2026-07-07T22:20:08
이스트에이드,01128622,239340,KOSDAQ,분기x연결,재무제표,CV-3,PASS,rows=29 cols=33 slider_extended=True,,2026-07-07T22:20:08
이스트에이드,01128622,239340,KOSDAQ,분기x연결,재무제표,DS-2/DS-3,DONE,"cross-check completed for ['매출액', '영업이익']",,2026-07-07T22:20:08
이스트에이드,01128622,239340,KOSDAQ,분기x연결,지표,CV-6,PASS,default metric selection visible,,2026-07-07T22:20:08
이스트에이드,01128622,239340,KOSDAQ,분기x별도,재무제표,DS-1,PASS,,,2026-07-07T22:20:15
이스트에이드,01128622,239340,KOSDAQ,분기x별도,상단,DS-8,PASS,,,2026-07-07T22:20:15
이스트에이드,01128622,239340,KOSDAQ,분기x별도,상단,DS-7,PASS,"badges seen: ['✅', '🔎']",,2026-07-07T22:20:15
이스트에이드,01128622,239340,KOSDAQ,분기x별도,재무제표,CV-3,PASS,rows=29 cols=43 slider_extended=True,,2026-07-07T22:20:15
이스트에이드,01128622,239340,KOSDAQ,분기x별도,재무제표,DS-2/DS-3,DONE,"cross-check completed for ['매출액', '영업이익']",,2026-07-07T22:20:15
이스트에이드,01128622,239340,KOSDAQ,분기x별도,지표,CV-6,PASS,default metric selection visible,,2026-07-07T22:20:15
이씨에스,00400060,067010,KOSDAQ,연간x연결,재무제표,DS-1,PASS,,,2026-07-07T22:20:29
이씨에스,00400060,067010,KOSDAQ,연간x연결,상단,DS-8,PASS,,,2026-07-07T22:20:29
이씨에스,00400060,067010,KOSDAQ,연간x연결,상단,DS-4,PASS,substitution caption present,,2026-07-07T22:20:29
이씨에스,00400060,067010,KOSDAQ,연간x연결,상단,DS-7,PASS,"badges seen: ['✅', '🔎']",,2026-07-07T22:20:29
이씨에스,00400060,067010,KOSDAQ,연간x연결,재무제표,CV-3,PASS,rows=29 cols=23 slider_extended=True,,2026-07-07T22:20:29
이씨에스,00400060,067010,KOSDAQ,연간x연결,재무제표,DS-2/DS-3,DONE,"cross-check completed for ['매출액', '영업이익']",,2026-07-07T22:20:29
이씨에스,00400060,067010,KOSDAQ,연간x연결,지표,CV-6,PASS,default metric selection visible,,2026-07-07T22:20:29
이씨에스,00400060,067010,KOSDAQ,연간x별도,재무제표,DS-1,PASS,,,2026-07-07T22:20:34
이씨에스,00400060,067010,KOSDAQ,연간x별도,상단,DS-8,PASS,,,2026-07-07T22:20:34
이씨에스,00400060,067010,KOSDAQ,연간x별도,상단,DS-7,PASS,"badges seen: ['✅', '🔎']",,2026-07-07T22:20:34
이씨에스,00400060,067010,KOSDAQ,연간x별도,재무제표,CV-3,PASS,rows=29 cols=23 slider_extended=True,,2026-07-07T22:20:34
이씨에스,00400060,067010,KOSDAQ,연간x별도,재무제표,DS-2/DS-3,DONE,"cross-check completed for ['매출액', '영업이익']",,2026-07-07T22:20:34
이씨에스,00400060,067010,KOSDAQ,연간x별도,지표,CV-6,PASS,default metric selection visible,,2026-07-07T22:20:34
이씨에스,00400060,067010,KOSDAQ,분기x연결,재무제표,DS-1,PASS,,,2026-07-07T22:20:40
이씨에스,00400060,067010,KOSDAQ,분기x연결,상단,DS-8,PASS,,,2026-07-07T22:20:40
이씨에스,00400060,067010,KOSDAQ,분기x연결,상단,DS-4,PASS,substitution caption present,,2026-07-07T22:20:40
이씨에스,00400060,067010,KOSDAQ,분기x연결,상단,DS-7,PASS,"badges seen: ['✅', '🔎']",,2026-07-07T22:20:40
이씨에스,00400060,067010,KOSDAQ,분기x연결,재무제표,CV-3,PASS,rows=29 cols=73 slider_extended=True,,2026-07-07T22:20:40
이씨에스,00400060,067010,KOSDAQ,분기x연결,재무제표,DS-2/DS-3,DONE,"cross-check completed for ['매출액', '영업이익']",,2026-07-07T22:20:40
이씨에스,00400060,067010,KOSDAQ,분기x연결,지표,CV-6,PASS,default metric selection visible,,2026-07-07T22:20:40
이씨에스,00400060,067010,KOSDAQ,분기x별도,재무제표,DS-1,PASS,,,2026-07-07T22:20:47
이씨에스,00400060,067010,KOSDAQ,분기x별도,상단,DS-8,PASS,,,2026-07-07T22:20:47
이씨에스,00400060,067010,KOSDAQ,분기x별도,상단,DS-7,PASS,"badges seen: ['✅', '🔎']",,2026-07-07T22:20:47
이씨에스,00400060,067010,KOSDAQ,분기x별도,재무제표,CV-3,PASS,rows=29 cols=73 slider_extended=True,,2026-07-07T22:20:47
이씨에스,00400060,067010,KOSDAQ,분기x별도,재무제표,DS-2/DS-3,DONE,"cross-check completed for ['매출액', '영업이익']",,2026-07-07T22:20:47
이씨에스,00400060,067010,KOSDAQ,분기x별도,지표,CV-6,PASS,default metric selection visible,,2026-07-07T22:20:47
이엔셀,01544468,456070,KOSDAQ,연간x연결,재무제표,DS-1,PASS,,,2026-07-07T22:21:01
이엔셀,01544468,456070,KOSDAQ,연간x연결,상단,DS-8,PASS,,,2026-07-07T22:21:01
이엔셀,01544468,456070,KOSDAQ,연간x연결,상단,DS-4,PASS,substitution caption present,,2026-07-07T22:21:01
이엔셀,01544468,456070,KOSDAQ,연간x연결,상단,DS-7,PASS,"badges seen: ['✅', '🔎']",,2026-07-07T22:21:01
이엔셀,01544468,456070,KOSDAQ,연간x연결,재무제표,CV-3,PASS,rows=29 cols=6 slider_extended=True,,2026-07-07T22:21:01
이엔셀,01544468,456070,KOSDAQ,연간x연결,재무제표,DS-2/DS-3,DONE,"cross-check completed for ['매출액', '영업이익']",,2026-07-07T22:21:01
이엔셀,01544468,456070,KOSDAQ,연간x연결,지표,CV-6,PASS,default metric selection visible,,2026-07-07T22:21:01
이엔셀,01544468,456070,KOSDAQ,연간x별도,재무제표,DS-1,PASS,,,2026-07-07T22:21:06
이엔셀,01544468,456070,KOSDAQ,연간x별도,상단,DS-8,PASS,,,2026-07-07T22:21:06
이엔셀,01544468,456070,KOSDAQ,연간x별도,상단,DS-7,PASS,"badges seen: ['✅', '🔎']",,2026-07-07T22:21:06
이엔셀,01544468,456070,KOSDAQ,연간x별도,재무제표,CV-3,PASS,rows=29 cols=6 slider_extended=True,,2026-07-07T22:21:06
이엔셀,01544468,456070,KOSDAQ,연간x별도,재무제표,DS-2/DS-3,DONE,"cross-check completed for ['매출액', '영업이익']",,2026-07-07T22:21:06
이엔셀,01544468,456070,KOSDAQ,연간x별도,지표,CV-6,PASS,default metric selection visible,,2026-07-07T22:21:06
이엔셀,01544468,456070,KOSDAQ,분기x연결,재무제표,DS-1,PASS,,,2026-07-07T22:21:12
이엔셀,01544468,456070,KOSDAQ,분기x연결,상단,DS-8,PASS,,,2026-07-07T22:21:12
이엔셀,01544468,456070,KOSDAQ,분기x연결,상단,DS-4,PASS,substitution caption present,,2026-07-07T22:21:12
이엔셀,01544468,456070,KOSDAQ,분기x연결,상단,DS-7,PASS,"badges seen: ['✅', '🔎']",,2026-07-07T22:21:12
이엔셀,01544468,456070,KOSDAQ,분기x연결,재무제표,CV-3,PASS,rows=29 cols=12 slider_extended=True,,2026-07-07T22:21:12
이엔셀,01544468,456070,KOSDAQ,분기x연결,재무제표,DS-2/DS-3,DONE,"cross-check completed for ['매출액', '영업이익']",,2026-07-07T22:21:12
이엔셀,01544468,456070,KOSDAQ,분기x연결,지표,CV-6,PASS,default metric selection visible,,2026-07-07T22:21:12
이엔셀,01544468,456070,KOSDAQ,분기x별도,재무제표,DS-1,PASS,,,2026-07-07T22:21:19
이엔셀,01544468,456070,KOSDAQ,분기x별도,상단,DS-8,PASS,,,2026-07-07T22:21:19
이엔셀,01544468,456070,KOSDAQ,분기x별도,상단,DS-7,PASS,"badges seen: ['✅', '🔎']",,2026-07-07T22:21:19
이엔셀,01544468,456070,KOSDAQ,분기x별도,재무제표,CV-3,PASS,rows=29 cols=12 slider_extended=True,,2026-07-07T22:21:19
이엔셀,01544468,456070,KOSDAQ,분기x별도,재무제표,DS-2/DS-3,DONE,"cross-check completed for ['매출액', '영업이익']",,2026-07-07T22:21:19
이엔셀,01544468,456070,KOSDAQ,분기x별도,지표,CV-6,PASS,default metric selection visible,,2026-07-07T22:21:19
이엔에프테크놀로지,00530185,102710,KOSDAQ,연간x연결,재무제표,DS-1,PASS,,,2026-07-07T22:21:33
이엔에프테크놀로지,00530185,102710,KOSDAQ,연간x연결,상단,DS-8,PASS,,,2026-07-07T22:21:33
이엔에프테크놀로지,00530185,102710,KOSDAQ,연간x연결,상단,DS-7,PASS,"badges seen: ['✅', '🔎']",,2026-07-07T22:21:33
이엔에프테크놀로지,00530185,102710,KOSDAQ,연간x연결,재무제표,CV-3,PASS,rows=29 cols=19 slider_extended=True,,2026-07-07T22:21:33
이엔에프테크놀로지,00530185,102710,KOSDAQ,연간x연결,재무제표,DS-2/DS-3,DONE,"cross-check completed for ['매출액', '영업이익']",,2026-07-07T22:21:33
이엔에프테크놀로지,00530185,102710,KOSDAQ,연간x연결,지표,CV-6,PASS,default metric selection visible,,2026-07-07T22:21:33
이엔에프테크놀로지,00530185,102710,KOSDAQ,연간x별도,재무제표,DS-1,PASS,,,2026-07-07T22:21:38
이엔에프테크놀로지,00530185,102710,KOSDAQ,연간x별도,상단,DS-8,PASS,,,2026-07-07T22:21:38
이엔에프테크놀로지,00530185,102710,KOSDAQ,연간x별도,상단,DS-7,PASS,"badges seen: ['✅', '🔎']",,2026-07-07T22:21:38
이엔에프테크놀로지,00530185,102710,KOSDAQ,연간x별도,재무제표,CV-3,PASS,rows=29 cols=21 slider_extended=True,,2026-07-07T22:21:38
이엔에프테크놀로지,00530185,102710,KOSDAQ,연간x별도,재무제표,DS-2/DS-3,DONE,"cross-check completed for ['매출액', '영업이익']",,2026-07-07T22:21:38
이엔에프테크놀로지,00530185,102710,KOSDAQ,연간x별도,지표,CV-6,PASS,default metric selection visible,,2026-07-07T22:21:38
이엔에프테크놀로지,00530185,102710,KOSDAQ,분기x연결,재무제표,DS-1,PASS,,,2026-07-07T22:21:44
이엔에프테크놀로지,00530185,102710,KOSDAQ,분기x연결,상단,DS-8,PASS,,,2026-07-07T22:21:44
이엔에프테크놀로지,00530185,102710,KOSDAQ,분기x연결,상단,DS-7,PASS,"badges seen: ['✅', '🔎']",,2026-07-07T22:21:44
이엔에프테크놀로지,00530185,102710,KOSDAQ,분기x연결,재무제표,CV-3,PASS,rows=29 cols=60 slider_extended=True,,2026-07-07T22:21:44
이엔에프테크놀로지,00530185,102710,KOSDAQ,분기x연결,재무제표,DS-2/DS-3,DONE,"cross-check completed for ['매출액', '영업이익']",,2026-07-07T22:21:44
이엔에프테크놀로지,00530185,102710,KOSDAQ,분기x연결,지표,CV-6,PASS,default metric selection visible,,2026-07-07T22:21:44
이엔에프테크놀로지,00530185,102710,KOSDAQ,분기x별도,재무제표,DS-1,PASS,,,2026-07-07T22:21:51
이엔에프테크놀로지,00530185,102710,KOSDAQ,분기x별도,상단,DS-8,PASS,,,2026-07-07T22:21:51
이엔에프테크놀로지,00530185,102710,KOSDAQ,분기x별도,상단,DS-7,PASS,"badges seen: ['✅', '🔎']",,2026-07-07T22:21:51
이엔에프테크놀로지,00530185,102710,KOSDAQ,분기x별도,재무제표,CV-3,PASS,rows=29 cols=70 slider_extended=True,,2026-07-07T22:21:51
이엔에프테크놀로지,00530185,102710,KOSDAQ,분기x별도,재무제표,DS-2/DS-3,DONE,"cross-check completed for ['매출액', '영업이익']",,2026-07-07T22:21:51
이엔에프테크놀로지,00530185,102710,KOSDAQ,분기x별도,지표,CV-6,PASS,default metric selection visible,,2026-07-07T22:21:51
이엘씨,00137289,041520,KOSDAQ,연간x연결,재무제표,DS-1,PASS,,,2026-07-07T22:22:05
이엘씨,00137289,041520,KOSDAQ,연간x연결,상단,DS-8,PASS,,,2026-07-07T22:22:05
이엘씨,00137289,041520,KOSDAQ,연간x연결,상단,DS-7,PASS,"badges seen: ['✅', '🔎']",,2026-07-07T22:22:05
이엘씨,00137289,041520,KOSDAQ,연간x연결,재무제표,CV-3,PASS,rows=29 cols=20 slider_extended=True,,2026-07-07T22:22:05
이엘씨,00137289,041520,KOSDAQ,연간x연결,재무제표,DS-2/DS-3,DONE,"cross-check completed for ['매출액', '영업이익']",,2026-07-07T22:22:05
이엘씨,00137289,041520,KOSDAQ,연간x연결,지표,CV-6,PASS,default metric selection visible,,2026-07-07T22:22:05
이엘씨,00137289,041520,KOSDAQ,연간x별도,재무제표,DS-1,PASS,,,2026-07-07T22:22:10
이엘씨,00137289,041520,KOSDAQ,연간x별도,상단,DS-8,PASS,,,2026-07-07T22:22:10
이엘씨,00137289,041520,KOSDAQ,연간x별도,상단,DS-7,PASS,"badges seen: ['✅', '🔎', '⚠']",,2026-07-07T22:22:10
이엘씨,00137289,041520,KOSDAQ,연간x별도,재무제표,CV-3,PASS,rows=29 cols=25 slider_extended=True,,2026-07-07T22:22:10
이엘씨,00137289,041520,KOSDAQ,연간x별도,재무제표,DS-2/DS-3,DONE,"cross-check completed for ['매출액', '영업이익']",,2026-07-07T22:22:10
이엘씨,00137289,041520,KOSDAQ,연간x별도,지표,CV-6,PASS,default metric selection visible,,2026-07-07T22:22:10
이엘씨,00137289,041520,KOSDAQ,분기x연결,재무제표,DS-1,PASS,,,2026-07-07T22:22:16
이엘씨,00137289,041520,KOSDAQ,분기x연결,상단,DS-8,PASS,,,2026-07-07T22:22:16
이엘씨,00137289,041520,KOSDAQ,분기x연결,상단,DS-7,PASS,"badges seen: ['✅', '🔎']",,2026-07-07T22:22:16
이엘씨,00137289,041520,KOSDAQ,분기x연결,재무제표,CV-3,PASS,rows=29 cols=68 slider_extended=True,,2026-07-07T22:22:16
이엘씨,00137289,041520,KOSDAQ,분기x연결,재무제표,DS-2/DS-3,DONE,"cross-check completed for ['매출액', '영업이익']",,2026-07-07T22:22:16
이엘씨,00137289,041520,KOSDAQ,분기x연결,지표,CV-6,PASS,default metric selection visible,,2026-07-07T22:22:16
이엘씨,00137289,041520,KOSDAQ,분기x별도,재무제표,DS-1,PASS,,,2026-07-07T22:22:24
이엘씨,00137289,041520,KOSDAQ,분기x별도,상단,DS-8,PASS,,,2026-07-07T22:22:24
이엘씨,00137289,041520,KOSDAQ,분기x별도,상단,DS-7,PASS,"badges seen: ['✅', '🔎', '⚠']",,2026-07-07T22:22:24
이엘씨,00137289,041520,KOSDAQ,분기x별도,재무제표,CV-3,PASS,rows=29 cols=85 slider_extended=True,,2026-07-07T22:22:24
이엘씨,00137289,041520,KOSDAQ,분기x별도,재무제표,DS-2/DS-3,DONE,"cross-check completed for ['매출액', '영업이익']",,2026-07-07T22:22:24
이엘씨,00137289,041520,KOSDAQ,분기x별도,지표,CV-6,PASS,default metric selection visible,,2026-07-07T22:22:24
이엘피,00374020,063760,KOSDAQ,연간x연결,재무제표,DS-1,PASS,,,2026-07-07T22:22:37
이엘피,00374020,063760,KOSDAQ,연간x연결,상단,DS-8,PASS,,,2026-07-07T22:22:37
이엘피,00374020,063760,KOSDAQ,연간x연결,상단,DS-7,PASS,"badges seen: ['✅', '🔎']",,2026-07-07T22:22:37
이엘피,00374020,063760,KOSDAQ,연간x연결,재무제표,CV-3,PASS,rows=29 cols=14 slider_extended=True,,2026-07-07T22:22:37
이엘피,00374020,063760,KOSDAQ,연간x연결,재무제표,DS-2/DS-3,DONE,"cross-check completed for ['매출액', '영업이익']",,2026-07-07T22:22:37
이엘피,00374020,063760,KOSDAQ,연간x연결,지표,CV-6,FAIL,default metrics not found,,2026-07-07T22:22:37
이엘피,00374020,063760,KOSDAQ,연간x별도,재무제표,DS-1,PASS,,,2026-07-07T22:22:43
이엘피,00374020,063760,KOSDAQ,연간x별도,상단,DS-8,PASS,,,2026-07-07T22:22:43
이엘피,00374020,063760,KOSDAQ,연간x별도,상단,DS-7,PASS,"badges seen: ['✅', '🔎']",,2026-07-07T22:22:43
이엘피,00374020,063760,KOSDAQ,연간x별도,재무제표,CV-3,PASS,rows=29 cols=15 slider_extended=True,,2026-07-07T22:22:43
이엘피,00374020,063760,KOSDAQ,연간x별도,재무제표,DS-2/DS-3,DONE,"cross-check completed for ['매출액', '영업이익']",,2026-07-07T22:22:43
이엘피,00374020,063760,KOSDAQ,연간x별도,지표,CV-6,PASS,default metric selection visible,,2026-07-07T22:22:43
이엘피,00374020,063760,KOSDAQ,분기x연결,재무제표,DS-1,PASS,,,2026-07-07T22:22:49
이엘피,00374020,063760,KOSDAQ,분기x연결,상단,DS-8,PASS,,,2026-07-07T22:22:49
이엘피,00374020,063760,KOSDAQ,분기x연결,상단,DS-7,PASS,"badges seen: ['✅', '🔎']",,2026-07-07T22:22:49
이엘피,00374020,063760,KOSDAQ,분기x연결,재무제표,CV-3,PASS,rows=29 cols=44 slider_extended=True,,2026-07-07T22:22:49
이엘피,00374020,063760,KOSDAQ,분기x연결,재무제표,DS-2/DS-3,DONE,"cross-check completed for ['매출액', '영업이익']",,2026-07-07T22:22:49
이엘피,00374020,063760,KOSDAQ,분기x연결,지표,CV-6,PASS,default metric selection visible,,2026-07-07T22:22:49
이엘피,00374020,063760,KOSDAQ,분기x별도,재무제표,DS-1,PASS,,,2026-07-07T22:22:56
이엘피,00374020,063760,KOSDAQ,분기x별도,상단,DS-8,PASS,,,2026-07-07T22:22:56
이엘피,00374020,063760,KOSDAQ,분기x별도,상단,DS-7,PASS,"badges seen: ['✅', '🔎']",,2026-07-07T22:22:56
이엘피,00374020,063760,KOSDAQ,분기x별도,재무제표,CV-3,PASS,rows=29 cols=44 slider_extended=True,,2026-07-07T22:22:56
이엘피,00374020,063760,KOSDAQ,분기x별도,재무제표,DS-2/DS-3,DONE,"cross-check completed for ['매출액', '영업이익']",,2026-07-07T22:22:56
이엘피,00374020,063760,KOSDAQ,분기x별도,지표,CV-6,PASS,default metric selection visible,,2026-07-07T22:22:56
이엠넷,00616290,123570,KOSDAQ,연간x연결,재무제표,DS-1,PASS,,,2026-07-07T22:23:10
이엠넷,00616290,123570,KOSDAQ,연간x연결,상단,DS-8,PASS,,,2026-07-07T22:23:10
이엠넷,00616290,123570,KOSDAQ,연간x연결,상단,DS-7,PASS,"badges seen: ['✅', '🔎']",,2026-07-07T22:23:10
이엠넷,00616290,123570,KOSDAQ,연간x연결,재무제표,CV-3,PASS,rows=29 cols=19 slider_extended=True,,2026-07-07T22:23:10
이엠넷,00616290,123570,KOSDAQ,연간x연결,재무제표,DS-2/DS-3,DONE,"cross-check completed for ['매출액', '영업이익']",,2026-07-07T22:23:10
이엠넷,00616290,123570,KOSDAQ,연간x연결,지표,CV-6,PASS,default metric selection visible,,2026-07-07T22:23:10
이엠넷,00616290,123570,KOSDAQ,연간x별도,재무제표,DS-1,PASS,,,2026-07-07T22:23:15
이엠넷,00616290,123570,KOSDAQ,연간x별도,상단,DS-8,PASS,,,2026-07-07T22:23:15
이엠넷,00616290,123570,KOSDAQ,연간x별도,상단,DS-7,PASS,"badges seen: ['✅', '🔎']",,2026-07-07T22:23:15
이엠넷,00616290,123570,KOSDAQ,연간x별도,재무제표,CV-3,PASS,rows=29 cols=19 slider_extended=True,,2026-07-07T22:23:15
이엠넷,00616290,123570,KOSDAQ,연간x별도,재무제표,DS-2/DS-3,DONE,"cross-check completed for ['매출액', '영업이익']",,2026-07-07T22:23:15
이엠넷,00616290,123570,KOSDAQ,연간x별도,지표,CV-6,PASS,default metric selection visible,,2026-07-07T22:23:15
이엠넷,00616290,123570,KOSDAQ,분기x연결,재무제표,DS-1,PASS,,,2026-07-07T22:23:21
이엠넷,00616290,123570,KOSDAQ,분기x연결,상단,DS-8,PASS,,,2026-07-07T22:23:21
이엠넷,00616290,123570,KOSDAQ,분기x연결,상단,DS-7,PASS,"badges seen: ['✅', '🔎']",,2026-07-07T22:23:21
이엠넷,00616290,123570,KOSDAQ,분기x연결,재무제표,CV-3,PASS,rows=29 cols=63 slider_extended=True,,2026-07-07T22:23:21
이엠넷,00616290,123570,KOSDAQ,분기x연결,재무제표,DS-2/DS-3,DONE,"cross-check completed for ['매출액', '영업이익']",,2026-07-07T22:23:21
이엠넷,00616290,123570,KOSDAQ,분기x연결,지표,CV-6,PASS,default metric selection visible,,2026-07-07T22:23:21
이엠넷,00616290,123570,KOSDAQ,분기x별도,재무제표,DS-1,PASS,,,2026-07-07T22:23:29
이엠넷,00616290,123570,KOSDAQ,분기x별도,상단,DS-8,PASS,,,2026-07-07T22:23:29
이엠넷,00616290,123570,KOSDAQ,분기x별도,상단,DS-7,PASS,"badges seen: ['✅', '🔎']",,2026-07-07T22:23:29
이엠넷,00616290,123570,KOSDAQ,분기x별도,재무제표,CV-3,PASS,rows=29 cols=63 slider_extended=True,,2026-07-07T22:23:29
이엠넷,00616290,123570,KOSDAQ,분기x별도,재무제표,DS-2/DS-3,DONE,"cross-check completed for ['매출액', '영업이익']",,2026-07-07T22:23:29
이엠넷,00616290,123570,KOSDAQ,분기x별도,지표,CV-6,PASS,default metric selection visible,,2026-07-07T22:23:29
이엠앤아이,00475718,083470,KOSDAQ,연간x연결,재무제표,DS-1,PASS,,,2026-07-07T22:23:42
이엠앤아이,00475718,083470,KOSDAQ,연간x연결,상단,DS-8,PASS,,,2026-07-07T22:23:42
이엠앤아이,00475718,083470,KOSDAQ,연간x연결,상단,DS-7,PASS,"badges seen: ['✅', '🔎']",,2026-07-07T22:23:42
이엠앤아이,00475718,083470,KOSDAQ,연간x연결,재무제표,CV-3,PASS,rows=29 cols=12 slider_extended=True,,2026-07-07T22:23:42
이엠앤아이,00475718,083470,KOSDAQ,연간x연결,재무제표,DS-2/DS-3,DONE,"cross-check completed for ['매출액', '영업이익']",,2026-07-07T22:23:42
이엠앤아이,00475718,083470,KOSDAQ,연간x연결,지표,CV-6,PASS,default metric selection visible,,2026-07-07T22:23:42
이엠앤아이,00475718,083470,KOSDAQ,연간x별도,재무제표,DS-1,PASS,,,2026-07-07T22:23:47
이엠앤아이,00475718,083470,KOSDAQ,연간x별도,상단,DS-8,PASS,,,2026-07-07T22:23:47
이엠앤아이,00475718,083470,KOSDAQ,연간x별도,상단,DS-7,PASS,"badges seen: ['✅', '🔎', '⚠']",,2026-07-07T22:23:47
이엠앤아이,00475718,083470,KOSDAQ,연간x별도,재무제표,CV-3,PASS,rows=29 cols=22 slider_extended=True,,2026-07-07T22:23:47
이엠앤아이,00475718,083470,KOSDAQ,연간x별도,재무제표,DS-2/DS-3,DONE,"cross-check completed for ['매출액', '영업이익']",,2026-07-07T22:23:47
이엠앤아이,00475718,083470,KOSDAQ,연간x별도,지표,CV-6,PASS,default metric selection visible,,2026-07-07T22:23:47
이엠앤아이,00475718,083470,KOSDAQ,분기x연결,재무제표,DS-1,PASS,,,2026-07-07T22:23:53
이엠앤아이,00475718,083470,KOSDAQ,분기x연결,상단,DS-8,PASS,,,2026-07-07T22:23:53
이엠앤아이,00475718,083470,KOSDAQ,분기x연결,상단,DS-7,PASS,"badges seen: ['✅', '🔎']",,2026-07-07T22:23:53
이엠앤아이,00475718,083470,KOSDAQ,분기x연결,재무제표,CV-3,PASS,rows=29 cols=57 slider_extended=True,,2026-07-07T22:23:53
이엠앤아이,00475718,083470,KOSDAQ,분기x연결,재무제표,DS-2/DS-3,DONE,"cross-check completed for ['매출액', '영업이익']",,2026-07-07T22:23:53
이엠앤아이,00475718,083470,KOSDAQ,분기x연결,지표,CV-6,PASS,default metric selection visible,,2026-07-07T22:23:53
이엠앤아이,00475718,083470,KOSDAQ,분기x별도,재무제표,DS-1,PASS,,,2026-07-07T22:24:01
이엠앤아이,00475718,083470,KOSDAQ,분기x별도,상단,DS-8,PASS,,,2026-07-07T22:24:01
이엠앤아이,00475718,083470,KOSDAQ,분기x별도,상단,DS-7,PASS,"badges seen: ['✅', '🔎']",,2026-07-07T22:24:01
이엠앤아이,00475718,083470,KOSDAQ,분기x별도,재무제표,CV-3,PASS,rows=29 cols=73 slider_extended=True,,2026-07-07T22:24:01
이엠앤아이,00475718,083470,KOSDAQ,분기x별도,재무제표,DS-2/DS-3,DONE,"cross-check completed for ['매출액', '영업이익']",,2026-07-07T22:24:01
이엠앤아이,00475718,083470,KOSDAQ,분기x별도,지표,CV-6,PASS,default metric selection visible,,2026-07-07T22:24:01
이엠텍,00541163,091120,KOSDAQ,연간x연결,재무제표,DS-1,PASS,,,2026-07-07T22:24:14
이엠텍,00541163,091120,KOSDAQ,연간x연결,상단,DS-8,PASS,,,2026-07-07T22:24:14
이엠텍,00541163,091120,KOSDAQ,연간x연결,상단,DS-7,PASS,"badges seen: ['✅', '🔎', '⚠']",,2026-07-07T22:24:14
이엠텍,00541163,091120,KOSDAQ,연간x연결,재무제표,CV-3,PASS,rows=29 cols=19 slider_extended=True,,2026-07-07T22:24:14
이엠텍,00541163,091120,KOSDAQ,연간x연결,재무제표,DS-2/DS-3,DONE,"cross-check completed for ['매출액', '영업이익']",,2026-07-07T22:24:14
이엠텍,00541163,091120,KOSDAQ,연간x연결,지표,CV-6,PASS,default metric selection visible,,2026-07-07T22:24:14
이엠텍,00541163,091120,KOSDAQ,연간x별도,재무제표,DS-1,PASS,,,2026-07-07T22:24:20
이엠텍,00541163,091120,KOSDAQ,연간x별도,상단,DS-8,PASS,,,2026-07-07T22:24:20
이엠텍,00541163,091120,KOSDAQ,연간x별도,상단,DS-7,PASS,"badges seen: ['✅', '🔎', '⚠']",,2026-07-07T22:24:20
이엠텍,00541163,091120,KOSDAQ,연간x별도,재무제표,CV-3,PASS,rows=29 cols=23 slider_extended=True,,2026-07-07T22:24:20
이엠텍,00541163,091120,KOSDAQ,연간x별도,재무제표,DS-2/DS-3,DONE,"cross-check completed for ['매출액', '영업이익']",,2026-07-07T22:24:20
이엠텍,00541163,091120,KOSDAQ,연간x별도,지표,CV-6,PASS,default metric selection visible,,2026-07-07T22:24:20
이엠텍,00541163,091120,KOSDAQ,분기x연결,재무제표,DS-1,PASS,,,2026-07-07T22:24:26
이엠텍,00541163,091120,KOSDAQ,분기x연결,상단,DS-8,PASS,,,2026-07-07T22:24:26
이엠텍,00541163,091120,KOSDAQ,분기x연결,상단,DS-7,PASS,"badges seen: ['✅', '🔎']",,2026-07-07T22:24:26
이엠텍,00541163,091120,KOSDAQ,분기x연결,재무제표,CV-3,PASS,rows=29 cols=63 slider_extended=True,,2026-07-07T22:24:26
이엠텍,00541163,091120,KOSDAQ,분기x연결,재무제표,DS-2/DS-3,DONE,"cross-check completed for ['매출액', '영업이익']",,2026-07-07T22:24:26
이엠텍,00541163,091120,KOSDAQ,분기x연결,지표,CV-6,PASS,default metric selection visible,,2026-07-07T22:24:26
이엠텍,00541163,091120,KOSDAQ,분기x별도,재무제표,DS-1,PASS,,,2026-07-07T22:24:33
이엠텍,00541163,091120,KOSDAQ,분기x별도,상단,DS-8,PASS,,,2026-07-07T22:24:33
이엠텍,00541163,091120,KOSDAQ,분기x별도,상단,DS-7,PASS,"badges seen: ['✅', '🔎']",,2026-07-07T22:24:33
이엠텍,00541163,091120,KOSDAQ,분기x별도,재무제표,CV-3,PASS,rows=29 cols=76 slider_extended=True,,2026-07-07T22:24:33
이엠텍,00541163,091120,KOSDAQ,분기x별도,재무제표,DS-2/DS-3,DONE,"cross-check completed for ['매출액', '영업이익']",,2026-07-07T22:24:33
이엠텍,00541163,091120,KOSDAQ,분기x별도,지표,CV-6,PASS,default metric selection visible,,2026-07-07T22:24:33
이오테크닉스,00246417,039030,KOSDAQ,연간x연결,재무제표,DS-1,PASS,,,2026-07-07T22:24:47
이오테크닉스,00246417,039030,KOSDAQ,연간x연결,상단,DS-8,PASS,,,2026-07-07T22:24:47
이오테크닉스,00246417,039030,KOSDAQ,연간x연결,상단,DS-7,PASS,"badges seen: ['✅', '🔎', '⚠']",,2026-07-07T22:24:47
이오테크닉스,00246417,039030,KOSDAQ,연간x연결,재무제표,CV-3,PASS,rows=29 cols=19 slider_extended=True,,2026-07-07T22:24:47
이오테크닉스,00246417,039030,KOSDAQ,연간x연결,재무제표,DS-2/DS-3,DONE,"cross-check completed for ['매출액', '영업이익']",,2026-07-07T22:24:47
이오테크닉스,00246417,039030,KOSDAQ,연간x연결,지표,CV-6,PASS,default metric selection visible,,2026-07-07T22:24:47
이오테크닉스,00246417,039030,KOSDAQ,연간x별도,재무제표,DS-1,PASS,,,2026-07-07T22:24:52
이오테크닉스,00246417,039030,KOSDAQ,연간x별도,상단,DS-8,PASS,,,2026-07-07T22:24:52
이오테크닉스,00246417,039030,KOSDAQ,연간x별도,상단,DS-7,PASS,"badges seen: ['✅', '🔎', '⚠']",,2026-07-07T22:24:52
이오테크닉스,00246417,039030,KOSDAQ,연간x별도,재무제표,CV-3,PASS,rows=29 cols=28 slider_extended=True,,2026-07-07T22:24:52
이오테크닉스,00246417,039030,KOSDAQ,연간x별도,재무제표,DS-2/DS-3,DONE,"cross-check completed for ['매출액', '영업이익']",,2026-07-07T22:24:52
이오테크닉스,00246417,039030,KOSDAQ,연간x별도,지표,CV-6,PASS,default metric selection visible,,2026-07-07T22:24:52
이오테크닉스,00246417,039030,KOSDAQ,분기x연결,재무제표,DS-1,PASS,,,2026-07-07T22:24:58
이오테크닉스,00246417,039030,KOSDAQ,분기x연결,상단,DS-8,PASS,,,2026-07-07T22:24:58
이오테크닉스,00246417,039030,KOSDAQ,분기x연결,상단,DS-7,PASS,"badges seen: ['✅', '🔎', '⚠']",,2026-07-07T22:24:58
이오테크닉스,00246417,039030,KOSDAQ,분기x연결,재무제표,CV-3,PASS,rows=29 cols=60 slider_extended=True,,2026-07-07T22:24:58
이오테크닉스,00246417,039030,KOSDAQ,분기x연결,재무제표,DS-2/DS-3,DONE,"cross-check completed for ['매출액', '영업이익']",,2026-07-07T22:24:58
이오테크닉스,00246417,039030,KOSDAQ,분기x연결,지표,CV-6,PASS,default metric selection visible,,2026-07-07T22:24:58
이오테크닉스,00246417,039030,KOSDAQ,분기x별도,재무제표,DS-1,PASS,,,2026-07-07T22:25:05
이오테크닉스,00246417,039030,KOSDAQ,분기x별도,상단,DS-8,PASS,,,2026-07-07T22:25:05
이오테크닉스,00246417,039030,KOSDAQ,분기x별도,상단,DS-7,PASS,"badges seen: ['✅', '🔎', '⚠']",,2026-07-07T22:25:05
이오테크닉스,00246417,039030,KOSDAQ,분기x별도,재무제표,CV-3,PASS,rows=29 cols=85 slider_extended=True,,2026-07-07T22:25:05
이오테크닉스,00246417,039030,KOSDAQ,분기x별도,재무제표,DS-2/DS-3,DONE,"cross-check completed for ['매출액', '영업이익']",,2026-07-07T22:25:05
이오테크닉스,00246417,039030,KOSDAQ,분기x별도,지표,CV-6,PASS,default metric selection visible,,2026-07-07T22:25:05
이오플로우,01274310,294090,KOSDAQ,연간x연결,재무제표,DS-1,PASS,,,2026-07-07T22:25:19
이오플로우,01274310,294090,KOSDAQ,연간x연결,상단,DS-8,PASS,,,2026-07-07T22:25:19
이오플로우,01274310,294090,KOSDAQ,연간x연결,상단,DS-7,PASS,"badges seen: ['✅', '🔎', '⚠']",,2026-07-07T22:25:19
이오플로우,01274310,294090,KOSDAQ,연간x연결,재무제표,CV-3,PASS,rows=29 cols=10 slider_extended=True,,2026-07-07T22:25:19
이오플로우,01274310,294090,KOSDAQ,연간x연결,재무제표,DS-2/DS-3,DONE,"cross-check completed for ['매출액', '영업이익']",,2026-07-07T22:25:19
이오플로우,01274310,294090,KOSDAQ,연간x연결,지표,CV-6,PASS,default metric selection visible,,2026-07-07T22:25:19
이오플로우,01274310,294090,KOSDAQ,연간x별도,재무제표,DS-1,PASS,,,2026-07-07T22:25:24
이오플로우,01274310,294090,KOSDAQ,연간x별도,상단,DS-8,PASS,,,2026-07-07T22:25:24
이오플로우,01274310,294090,KOSDAQ,연간x별도,상단,DS-7,PASS,"badges seen: ['✅', '🔎', '⚠']",,2026-07-07T22:25:24
이오플로우,01274310,294090,KOSDAQ,연간x별도,재무제표,CV-3,PASS,rows=29 cols=10 slider_extended=True,,2026-07-07T22:25:24
이오플로우,01274310,294090,KOSDAQ,연간x별도,재무제표,DS-2/DS-3,DONE,"cross-check completed for ['매출액', '영업이익']",,2026-07-07T22:25:24
이오플로우,01274310,294090,KOSDAQ,연간x별도,지표,CV-6,PASS,default metric selection visible,,2026-07-07T22:25:24
이오플로우,01274310,294090,KOSDAQ,분기x연결,재무제표,DS-1,PASS,,,2026-07-07T22:25:30
이오플로우,01274310,294090,KOSDAQ,분기x연결,상단,DS-8,PASS,,,2026-07-07T22:25:30
이오플로우,01274310,294090,KOSDAQ,분기x연결,상단,DS-7,PASS,"badges seen: ['✅', '🔎', '⚠']",,2026-07-07T22:25:30
이오플로우,01274310,294090,KOSDAQ,분기x연결,재무제표,CV-3,PASS,rows=29 cols=28 slider_extended=True,,2026-07-07T22:25:30
이오플로우,01274310,294090,KOSDAQ,분기x연결,재무제표,DS-2/DS-3,DONE,"cross-check completed for ['매출액', '영업이익']",,2026-07-07T22:25:30
이오플로우,01274310,294090,KOSDAQ,분기x연결,지표,CV-6,PASS,default metric selection visible,,2026-07-07T22:25:30
이오플로우,01274310,294090,KOSDAQ,분기x별도,재무제표,DS-1,PASS,,,2026-07-07T22:25:38
이오플로우,01274310,294090,KOSDAQ,분기x별도,상단,DS-8,PASS,,,2026-07-07T22:25:38
이오플로우,01274310,294090,KOSDAQ,분기x별도,상단,DS-7,PASS,"badges seen: ['✅', '🔎', '⚠']",,2026-07-07T22:25:38
이오플로우,01274310,294090,KOSDAQ,분기x별도,재무제표,CV-3,PASS,rows=29 cols=28 slider_extended=True,,2026-07-07T22:25:38
이오플로우,01274310,294090,KOSDAQ,분기x별도,재무제표,DS-2/DS-3,DONE,"cross-check completed for ['매출액', '영업이익']",,2026-07-07T22:25:38
이오플로우,01274310,294090,KOSDAQ,분기x별도,지표,CV-6,PASS,default metric selection visible,,2026-07-07T22:25:38
이원컴포텍,00409140,088290,KOSDAQ,연간x연결,재무제표,DS-1,PASS,,,2026-07-07T22:25:50
이원컴포텍,00409140,088290,KOSDAQ,연간x연결,상단,DS-8,PASS,,,2026-07-07T22:25:50
이원컴포텍,00409140,088290,KOSDAQ,연간x연결,상단,DS-7,PASS,"badges seen: ['✅', '🔎', '⚠']",,2026-07-07T22:25:50
이원컴포텍,00409140,088290,KOSDAQ,연간x연결,재무제표,CV-3,PASS,rows=29 cols=17 slider_extended=True,,2026-07-07T22:25:50
이원컴포텍,00409140,088290,KOSDAQ,연간x연결,재무제표,DS-2/DS-3,DONE,"cross-check completed for ['매출액', '영업이익']",,2026-07-07T22:25:50
이원컴포텍,00409140,088290,KOSDAQ,연간x연결,지표,CV-6,PASS,default metric selection visible,,2026-07-07T22:25:50
이원컴포텍,00409140,088290,KOSDAQ,연간x별도,재무제표,DS-1,PASS,,,2026-07-07T22:25:55
이원컴포텍,00409140,088290,KOSDAQ,연간x별도,상단,DS-8,PASS,,,2026-07-07T22:25:55
이원컴포텍,00409140,088290,KOSDAQ,연간x별도,상단,DS-7,PASS,"badges seen: ['✅', '🔎', '⚠']",,2026-07-07T22:25:55
이원컴포텍,00409140,088290,KOSDAQ,연간x별도,재무제표,CV-3,PASS,rows=29 cols=21 slider_extended=True,,2026-07-07T22:25:55
이원컴포텍,00409140,088290,KOSDAQ,연간x별도,재무제표,DS-2/DS-3,DONE,"cross-check completed for ['매출액', '영업이익']",,2026-07-07T22:25:55
이원컴포텍,00409140,088290,KOSDAQ,연간x별도,지표,CV-6,PASS,default metric selection visible,,2026-07-07T22:25:55
이원컴포텍,00409140,088290,KOSDAQ,분기x연결,재무제표,DS-1,PASS,,,2026-07-07T22:26:02
이원컴포텍,00409140,088290,KOSDAQ,분기x연결,상단,DS-8,PASS,,,2026-07-07T22:26:02
이원컴포텍,00409140,088290,KOSDAQ,분기x연결,상단,DS-7,PASS,"badges seen: ['✅', '🔎', '⚠']",,2026-07-07T22:26:02
이원컴포텍,00409140,088290,KOSDAQ,분기x연결,재무제표,CV-3,PASS,rows=29 cols=48 slider_extended=True,,2026-07-07T22:26:02
이원컴포텍,00409140,088290,KOSDAQ,분기x연결,재무제표,DS-2/DS-3,DONE,"cross-check completed for ['매출액', '영업이익']",,2026-07-07T22:26:02
이원컴포텍,00409140,088290,KOSDAQ,분기x연결,지표,CV-6,PASS,default metric selection visible,,2026-07-07T22:26:02
이원컴포텍,00409140,088290,KOSDAQ,분기x별도,재무제표,DS-1,PASS,,,2026-07-07T22:26:09
이원컴포텍,00409140,088290,KOSDAQ,분기x별도,상단,DS-8,PASS,,,2026-07-07T22:26:09
이원컴포텍,00409140,088290,KOSDAQ,분기x별도,상단,DS-7,PASS,"badges seen: ['✅', '🔎', '⚠']",,2026-07-07T22:26:09
이원컴포텍,00409140,088290,KOSDAQ,분기x별도,재무제표,CV-3,PASS,rows=29 cols=69 slider_extended=True,,2026-07-07T22:26:09
이원컴포텍,00409140,088290,KOSDAQ,분기x별도,재무제표,DS-2/DS-3,DONE,"cross-check completed for ['매출액', '영업이익']",,2026-07-07T22:26:09
이원컴포텍,00409140,088290,KOSDAQ,분기x별도,지표,CV-6,PASS,default metric selection visible,,2026-07-07T22:26:09
이지바이오,01480568,353810,KOSDAQ,연간x연결,재무제표,DS-1,PASS,,,2026-07-07T22:26:22
이지바이오,01480568,353810,KOSDAQ,연간x연결,상단,DS-8,PASS,,,2026-07-07T22:26:22
이지바이오,01480568,353810,KOSDAQ,연간x연결,상단,DS-7,PASS,"badges seen: ['✅', '🔎']",,2026-07-07T22:26:22
이지바이오,01480568,353810,KOSDAQ,연간x연결,재무제표,CV-3,PASS,rows=29 cols=8 slider_extended=True,,2026-07-07T22:26:22
이지바이오,01480568,353810,KOSDAQ,연간x연결,재무제표,DS-2/DS-3,DONE,"cross-check completed for ['매출액', '영업이익']",,2026-07-07T22:26:22
이지바이오,01480568,353810,KOSDAQ,연간x연결,지표,CV-6,PASS,default metric selection visible,,2026-07-07T22:26:22
이지바이오,01480568,353810,KOSDAQ,연간x별도,재무제표,DS-1,PASS,,,2026-07-07T22:26:28
이지바이오,01480568,353810,KOSDAQ,연간x별도,상단,DS-8,PASS,,,2026-07-07T22:26:28
이지바이오,01480568,353810,KOSDAQ,연간x별도,상단,DS-7,PASS,"badges seen: ['✅', '🔎']",,2026-07-07T22:26:28
이지바이오,01480568,353810,KOSDAQ,연간x별도,재무제표,CV-3,PASS,rows=29 cols=8 slider_extended=True,,2026-07-07T22:26:28
이지바이오,01480568,353810,KOSDAQ,연간x별도,재무제표,DS-2/DS-3,DONE,"cross-check completed for ['매출액', '영업이익']",,2026-07-07T22:26:28
이지바이오,01480568,353810,KOSDAQ,연간x별도,지표,CV-6,PASS,default metric selection visible,,2026-07-07T22:26:28
이지바이오,01480568,353810,KOSDAQ,분기x연결,재무제표,DS-1,PASS,,,2026-07-07T22:26:34
이지바이오,01480568,353810,KOSDAQ,분기x연결,상단,DS-8,PASS,,,2026-07-07T22:26:34
이지바이오,01480568,353810,KOSDAQ,분기x연결,상단,DS-7,PASS,"badges seen: ['✅', '🔎']",,2026-07-07T22:26:34
이지바이오,01480568,353810,KOSDAQ,분기x연결,재무제표,CV-3,PASS,rows=29 cols=25 slider_extended=True,,2026-07-07T22:26:34
이지바이오,01480568,353810,KOSDAQ,분기x연결,재무제표,DS-2/DS-3,DONE,"cross-check completed for ['매출액', '영업이익']",,2026-07-07T22:26:34
이지바이오,01480568,353810,KOSDAQ,분기x연결,지표,CV-6,PASS,default metric selection visible,,2026-07-07T22:26:34
이지바이오,01480568,353810,KOSDAQ,분기x별도,재무제표,DS-1,PASS,,,2026-07-07T22:26:41
이지바이오,01480568,353810,KOSDAQ,분기x별도,상단,DS-8,PASS,,,2026-07-07T22:26:41
이지바이오,01480568,353810,KOSDAQ,분기x별도,상단,DS-7,PASS,"badges seen: ['✅', '🔎']",,2026-07-07T22:26:41
이지바이오,01480568,353810,KOSDAQ,분기x별도,재무제표,CV-3,PASS,rows=29 cols=27 slider_extended=True,,2026-07-07T22:26:41
이지바이오,01480568,353810,KOSDAQ,분기x별도,재무제표,DS-2/DS-3,DONE,"cross-check completed for ['매출액', '영업이익']",,2026-07-07T22:26:41
이지바이오,01480568,353810,KOSDAQ,분기x별도,지표,CV-6,PASS,default metric selection visible,,2026-07-07T22:26:41
이지스,01211889,261520,KOSDAQ,연간x연결,재무제표,DS-1,PASS,,,2026-07-07T22:26:54
이지스,01211889,261520,KOSDAQ,연간x연결,상단,DS-8,PASS,,,2026-07-07T22:26:54
이지스,01211889,261520,KOSDAQ,연간x연결,상단,DS-4,PASS,substitution caption present,,2026-07-07T22:26:54
이지스,01211889,261520,KOSDAQ,연간x연결,상단,DS-7,PASS,"badges seen: ['✅', '🔎']",,2026-07-07T22:26:54
이지스,01211889,261520,KOSDAQ,연간x연결,재무제표,CV-3,PASS,rows=29 cols=5 slider_extended=True,,2026-07-07T22:26:54
이지스,01211889,261520,KOSDAQ,연간x연결,재무제표,DS-2/DS-3,DONE,"cross-check completed for ['매출액', '영업이익']",,2026-07-07T22:26:54
이지스,01211889,261520,KOSDAQ,연간x연결,지표,CV-6,PASS,default metric selection visible,,2026-07-07T22:26:54
이지스,01211889,261520,KOSDAQ,연간x별도,재무제표,DS-1,PASS,,,2026-07-07T22:26:59
이지스,01211889,261520,KOSDAQ,연간x별도,상단,DS-8,PASS,,,2026-07-07T22:26:59
이지스,01211889,261520,KOSDAQ,연간x별도,상단,DS-7,PASS,"badges seen: ['✅', '🔎']",,2026-07-07T22:26:59
이지스,01211889,261520,KOSDAQ,연간x별도,재무제표,CV-3,PASS,rows=29 cols=5 slider_extended=True,,2026-07-07T22:26:59
이지스,01211889,261520,KOSDAQ,연간x별도,재무제표,DS-2/DS-3,DONE,"cross-check completed for ['매출액', '영업이익']",,2026-07-07T22:26:59
이지스,01211889,261520,KOSDAQ,연간x별도,지표,CV-6,PASS,default metric selection visible,,2026-07-07T22:26:59
이지스,01211889,261520,KOSDAQ,분기x연결,재무제표,DS-1,PASS,,,2026-07-07T22:27:05
이지스,01211889,261520,KOSDAQ,분기x연결,상단,DS-8,PASS,,,2026-07-07T22:27:05
이지스,01211889,261520,KOSDAQ,분기x연결,상단,DS-4,PASS,substitution caption present,,2026-07-07T22:27:05
이지스,01211889,261520,KOSDAQ,분기x연결,상단,DS-7,PASS,"badges seen: ['✅', '🔎']",,2026-07-07T22:27:05
이지스,01211889,261520,KOSDAQ,분기x연결,재무제표,CV-3,PASS,rows=29 cols=4 slider_extended=True,,2026-07-07T22:27:05
이지스,01211889,261520,KOSDAQ,분기x연결,재무제표,DS-2/DS-3,DONE,"cross-check completed for ['매출액', '영업이익']",,2026-07-07T22:27:05
이지스,01211889,261520,KOSDAQ,분기x연결,지표,CV-6,PASS,default metric selection visible,,2026-07-07T22:27:05
이지스,01211889,261520,KOSDAQ,분기x별도,재무제표,DS-1,PASS,,,2026-07-07T22:27:12
이지스,01211889,261520,KOSDAQ,분기x별도,상단,DS-8,PASS,,,2026-07-07T22:27:12
이지스,01211889,261520,KOSDAQ,분기x별도,상단,DS-7,PASS,"badges seen: ['✅', '🔎']",,2026-07-07T22:27:12
이지스,01211889,261520,KOSDAQ,분기x별도,재무제표,CV-3,PASS,rows=29 cols=4 slider_extended=True,,2026-07-07T22:27:12
이지스,01211889,261520,KOSDAQ,분기x별도,재무제표,DS-2/DS-3,DONE,"cross-check completed for ['매출액', '영업이익']",,2026-07-07T22:27:12
이지스,01211889,261520,KOSDAQ,분기x별도,지표,CV-6,PASS,default metric selection visible,,2026-07-07T22:27:12
이지케어텍,00490090,099750,KOSDAQ,연간x연결,재무제표,DS-1,PASS,,,2026-07-07T22:27:26
이지케어텍,00490090,099750,KOSDAQ,연간x연결,상단,DS-8,PASS,,,2026-07-07T22:27:26
이지케어텍,00490090,099750,KOSDAQ,연간x연결,상단,DS-7,PASS,"badges seen: ['✅', '🔎', '⚠']",,2026-07-07T22:27:26
이지케어텍,00490090,099750,KOSDAQ,연간x연결,재무제표,CV-3,PASS,rows=29 cols=12 slider_extended=True,,2026-07-07T22:27:26
이지케어텍,00490090,099750,KOSDAQ,연간x연결,재무제표,DS-2/DS-3,DONE,"cross-check completed for ['매출액', '영업이익']",,2026-07-07T22:27:26
이지케어텍,00490090,099750,KOSDAQ,연간x연결,지표,CV-6,PASS,default metric selection visible,,2026-07-07T22:27:26
이지케어텍,00490090,099750,KOSDAQ,연간x별도,재무제표,DS-1,PASS,,,2026-07-07T22:27:31
이지케어텍,00490090,099750,KOSDAQ,연간x별도,상단,DS-8,PASS,,,2026-07-07T22:27:31
이지케어텍,00490090,099750,KOSDAQ,연간x별도,상단,DS-7,PASS,"badges seen: ['✅', '🔎', '⚠']",,2026-07-07T22:27:31
이지케어텍,00490090,099750,KOSDAQ,연간x별도,재무제표,CV-3,PASS,rows=29 cols=12 slider_extended=True,,2026-07-07T22:27:31
이지케어텍,00490090,099750,KOSDAQ,연간x별도,재무제표,DS-2/DS-3,DONE,"cross-check completed for ['매출액', '영업이익']",,2026-07-07T22:27:31
이지케어텍,00490090,099750,KOSDAQ,연간x별도,지표,CV-6,PASS,default metric selection visible,,2026-07-07T22:27:31
이지케어텍,00490090,099750,KOSDAQ,분기x연결,재무제표,DS-1,PASS,,,2026-07-07T22:27:37
이지케어텍,00490090,099750,KOSDAQ,분기x연결,상단,DS-8,PASS,,,2026-07-07T22:27:37
이지케어텍,00490090,099750,KOSDAQ,분기x연결,상단,DS-7,PASS,"badges seen: ['✅', '🔎']",,2026-07-07T22:27:37
이지케어텍,00490090,099750,KOSDAQ,분기x연결,재무제표,CV-3,PASS,rows=29 cols=29 slider_extended=True,,2026-07-07T22:27:37
이지케어텍,00490090,099750,KOSDAQ,분기x연결,재무제표,DS-2/DS-3,DONE,"cross-check completed for ['매출액', '영업이익']",,2026-07-07T22:27:37
이지케어텍,00490090,099750,KOSDAQ,분기x연결,지표,CV-6,PASS,default metric selection visible,,2026-07-07T22:27:37
이지케어텍,00490090,099750,KOSDAQ,분기x별도,재무제표,DS-1,PASS,,,2026-07-07T22:27:44
이지케어텍,00490090,099750,KOSDAQ,분기x별도,상단,DS-8,PASS,,,2026-07-07T22:27:44
이지케어텍,00490090,099750,KOSDAQ,분기x별도,상단,DS-7,PASS,"badges seen: ['✅', '🔎', '⚠']",,2026-07-07T22:27:44
이지케어텍,00490090,099750,KOSDAQ,분기x별도,재무제표,CV-3,PASS,rows=29 cols=32 slider_extended=True,,2026-07-07T22:27:44
이지케어텍,00490090,099750,KOSDAQ,분기x별도,재무제표,DS-2/DS-3,DONE,"cross-check completed for ['매출액', '영업이익']",,2026-07-07T22:27:44
이지케어텍,00490090,099750,KOSDAQ,분기x별도,지표,CV-6,PASS,default metric selection visible,,2026-07-07T22:27:44
이지트로닉스,01140837,377330,KOSDAQ,연간x연결,재무제표,DS-1,PASS,,,2026-07-07T22:27:57
이지트로닉스,01140837,377330,KOSDAQ,연간x연결,상단,DS-8,PASS,,,2026-07-07T22:27:57
이지트로닉스,01140837,377330,KOSDAQ,연간x연결,상단,DS-7,PASS,"badges seen: ['✅', '🔎']",,2026-07-07T22:27:57
이지트로닉스,01140837,377330,KOSDAQ,연간x연결,재무제표,CV-3,PASS,rows=29 cols=7 slider_extended=True,,2026-07-07T22:27:57
이지트로닉스,01140837,377330,KOSDAQ,연간x연결,재무제표,DS-2/DS-3,DONE,"cross-check completed for ['매출액', '영업이익']",,2026-07-07T22:27:57
이지트로닉스,01140837,377330,KOSDAQ,연간x연결,지표,CV-6,PASS,default metric selection visible,,2026-07-07T22:27:57
이지트로닉스,01140837,377330,KOSDAQ,연간x별도,재무제표,DS-1,PASS,,,2026-07-07T22:28:03
이지트로닉스,01140837,377330,KOSDAQ,연간x별도,상단,DS-8,PASS,,,2026-07-07T22:28:03
이지트로닉스,01140837,377330,KOSDAQ,연간x별도,상단,DS-7,PASS,"badges seen: ['✅', '🔎']",,2026-07-07T22:28:03
이지트로닉스,01140837,377330,KOSDAQ,연간x별도,재무제표,CV-3,PASS,rows=29 cols=9 slider_extended=True,,2026-07-07T22:28:03
이지트로닉스,01140837,377330,KOSDAQ,연간x별도,재무제표,DS-2/DS-3,DONE,"cross-check completed for ['매출액', '영업이익']",,2026-07-07T22:28:03
이지트로닉스,01140837,377330,KOSDAQ,연간x별도,지표,CV-6,PASS,default metric selection visible,,2026-07-07T22:28:03
이지트로닉스,01140837,377330,KOSDAQ,분기x연결,재무제표,DS-1,PASS,,,2026-07-07T22:28:09
이지트로닉스,01140837,377330,KOSDAQ,분기x연결,상단,DS-8,PASS,,,2026-07-07T22:28:09
이지트로닉스,01140837,377330,KOSDAQ,분기x연결,상단,DS-7,PASS,"badges seen: ['✅', '🔎']",,2026-07-07T22:28:09
이지트로닉스,01140837,377330,KOSDAQ,분기x연결,재무제표,CV-3,PASS,rows=29 cols=19 slider_extended=True,,2026-07-07T22:28:09
이지트로닉스,01140837,377330,KOSDAQ,분기x연결,재무제표,DS-2/DS-3,DONE,"cross-check completed for ['매출액', '영업이익']",,2026-07-07T22:28:09
이지트로닉스,01140837,377330,KOSDAQ,분기x연결,지표,CV-6,PASS,default metric selection visible,,2026-07-07T22:28:09
이지트로닉스,01140837,377330,KOSDAQ,분기x별도,재무제표,DS-1,PASS,,,2026-07-07T22:28:16
이지트로닉스,01140837,377330,KOSDAQ,분기x별도,상단,DS-8,PASS,,,2026-07-07T22:28:16
이지트로닉스,01140837,377330,KOSDAQ,분기x별도,상단,DS-7,PASS,"badges seen: ['✅', '🔎']",,2026-07-07T22:28:16
이지트로닉스,01140837,377330,KOSDAQ,분기x별도,재무제표,CV-3,PASS,rows=29 cols=24 slider_extended=True,,2026-07-07T22:28:16
이지트로닉스,01140837,377330,KOSDAQ,분기x별도,재무제표,DS-2/DS-3,DONE,"cross-check completed for ['매출액', '영업이익']",,2026-07-07T22:28:16
이지트로닉스,01140837,377330,KOSDAQ,분기x별도,지표,CV-6,PASS,default metric selection visible,,2026-07-07T22:28:16
이지홀딩스,00242378,035810,KOSDAQ,연간x연결,재무제표,DS-1,PASS,,,2026-07-07T22:28:29
이지홀딩스,00242378,035810,KOSDAQ,연간x연결,상단,DS-8,PASS,,,2026-07-07T22:28:29
이지홀딩스,00242378,035810,KOSDAQ,연간x연결,상단,DS-7,PASS,"badges seen: ['✅', '🔎']",,2026-07-07T22:28:29
이지홀딩스,00242378,035810,KOSDAQ,연간x연결,재무제표,CV-3,PASS,rows=29 cols=20 slider_extended=True,,2026-07-07T22:28:29
이지홀딩스,00242378,035810,KOSDAQ,연간x연결,재무제표,DS-2/DS-3,DONE,"cross-check completed for ['매출액', '영업이익']",,2026-07-07T22:28:29
이지홀딩스,00242378,035810,KOSDAQ,연간x연결,지표,CV-6,PASS,default metric selection visible,,2026-07-07T22:28:29
이지홀딩스,00242378,035810,KOSDAQ,연간x별도,재무제표,DS-1,PASS,,,2026-07-07T22:28:34
이지홀딩스,00242378,035810,KOSDAQ,연간x별도,상단,DS-8,PASS,,,2026-07-07T22:28:34
이지홀딩스,00242378,035810,KOSDAQ,연간x별도,상단,DS-7,PASS,"badges seen: ['✅', '🔎', '⚠']",,2026-07-07T22:28:34
이지홀딩스,00242378,035810,KOSDAQ,연간x별도,재무제표,CV-3,PASS,rows=29 cols=27 slider_extended=True,,2026-07-07T22:28:34
이지홀딩스,00242378,035810,KOSDAQ,연간x별도,재무제표,DS-2/DS-3,DONE,"cross-check completed for ['매출액', '영업이익']",,2026-07-07T22:28:34
이지홀딩스,00242378,035810,KOSDAQ,연간x별도,지표,CV-6,PASS,default metric selection visible,,2026-07-07T22:28:34
이지홀딩스,00242378,035810,KOSDAQ,분기x연결,재무제표,DS-1,PASS,,,2026-07-07T22:28:40
이지홀딩스,00242378,035810,KOSDAQ,분기x연결,상단,DS-8,PASS,,,2026-07-07T22:28:40
이지홀딩스,00242378,035810,KOSDAQ,분기x연결,상단,DS-7,PASS,"badges seen: ['✅', '🔎']",,2026-07-07T22:28:40
이지홀딩스,00242378,035810,KOSDAQ,분기x연결,재무제표,CV-3,PASS,rows=29 cols=66 slider_extended=True,,2026-07-07T22:28:40
이지홀딩스,00242378,035810,KOSDAQ,분기x연결,재무제표,DS-2/DS-3,DONE,"cross-check completed for ['매출액', '영업이익']",,2026-07-07T22:28:40
이지홀딩스,00242378,035810,KOSDAQ,분기x연결,지표,CV-6,PASS,default metric selection visible,,2026-07-07T22:28:40
이지홀딩스,00242378,035810,KOSDAQ,분기x별도,재무제표,DS-1,PASS,,,2026-07-07T22:28:48
이지홀딩스,00242378,035810,KOSDAQ,분기x별도,상단,DS-8,PASS,,,2026-07-07T22:28:48
이지홀딩스,00242378,035810,KOSDAQ,분기x별도,상단,DS-7,PASS,"badges seen: ['✅', '🔎']",,2026-07-07T22:28:48
이지홀딩스,00242378,035810,KOSDAQ,분기x별도,재무제표,CV-3,PASS,rows=29 cols=92 slider_extended=True,,2026-07-07T22:28:48
이지홀딩스,00242378,035810,KOSDAQ,분기x별도,재무제표,DS-2/DS-3,DONE,"cross-check completed for ['매출액', '영업이익']",,2026-07-07T22:28:48
이지홀딩스,00242378,035810,KOSDAQ,분기x별도,지표,CV-6,PASS,default metric selection visible,,2026-07-07T22:28:48
이크레더블,00634728,092130,KOSDAQ,연간x연결,재무제표,DS-1,PASS,,,2026-07-07T22:28:59
이크레더블,00634728,092130,KOSDAQ,연간x연결,상단,DS-8,PASS,,,2026-07-07T22:28:59
이크레더블,00634728,092130,KOSDAQ,연간x연결,상단,DS-7,PASS,"badges seen: ['✅', '🔎']",,2026-07-07T22:28:59
이크레더블,00634728,092130,KOSDAQ,연간x연결,재무제표,CV-3,PASS,rows=29 cols=18 slider_extended=True,,2026-07-07T22:28:59
이크레더블,00634728,092130,KOSDAQ,연간x연결,재무제표,DS-2/DS-3,DONE,"cross-check completed for ['매출액', '영업이익']",,2026-07-07T22:28:59
이크레더블,00634728,092130,KOSDAQ,연간x연결,지표,CV-6,PASS,default metric selection visible,,2026-07-07T22:28:59
이크레더블,00634728,092130,KOSDAQ,연간x별도,재무제표,DS-1,PASS,,,2026-07-07T22:29:04
이크레더블,00634728,092130,KOSDAQ,연간x별도,상단,DS-8,PASS,,,2026-07-07T22:29:04
이크레더블,00634728,092130,KOSDAQ,연간x별도,상단,DS-7,PASS,"badges seen: ['✅', '🔎']",,2026-07-07T22:29:04
이크레더블,00634728,092130,KOSDAQ,연간x별도,재무제표,CV-3,PASS,rows=29 cols=22 slider_extended=True,,2026-07-07T22:29:04
이크레더블,00634728,092130,KOSDAQ,연간x별도,재무제표,DS-2/DS-3,DONE,"cross-check completed for ['매출액', '영업이익']",,2026-07-07T22:29:04
이크레더블,00634728,092130,KOSDAQ,연간x별도,지표,CV-6,PASS,default metric selection visible,,2026-07-07T22:29:04
이크레더블,00634728,092130,KOSDAQ,분기x연결,재무제표,DS-1,PASS,,,2026-07-07T22:29:10
이크레더블,00634728,092130,KOSDAQ,분기x연결,상단,DS-8,PASS,,,2026-07-07T22:29:10
이크레더블,00634728,092130,KOSDAQ,분기x연결,상단,DS-7,PASS,"badges seen: ['✅', '🔎']",,2026-07-07T22:29:10
이크레더블,00634728,092130,KOSDAQ,분기x연결,재무제표,CV-3,PASS,rows=29 cols=59 slider_extended=True,,2026-07-07T22:29:10
이크레더블,00634728,092130,KOSDAQ,분기x연결,재무제표,DS-2/DS-3,DONE,"cross-check completed for ['매출액', '영업이익']",,2026-07-07T22:29:10
이크레더블,00634728,092130,KOSDAQ,분기x연결,지표,CV-6,PASS,default metric selection visible,,2026-07-07T22:29:10
이크레더블,00634728,092130,KOSDAQ,분기x별도,재무제표,DS-1,PASS,,,2026-07-07T22:29:17
이크레더블,00634728,092130,KOSDAQ,분기x별도,상단,DS-8,PASS,,,2026-07-07T22:29:17
이크레더블,00634728,092130,KOSDAQ,분기x별도,상단,DS-7,PASS,"badges seen: ['✅', '🔎', '⚠']",,2026-07-07T22:29:17
이크레더블,00634728,092130,KOSDAQ,분기x별도,재무제표,CV-3,PASS,rows=29 cols=71 slider_extended=True,,2026-07-07T22:29:17
이크레더블,00634728,092130,KOSDAQ,분기x별도,재무제표,DS-2/DS-3,DONE,"cross-check completed for ['매출액', '영업이익']",,2026-07-07T22:29:17
이크레더블,00634728,092130,KOSDAQ,분기x별도,지표,CV-6,PASS,default metric selection visible,,2026-07-07T22:29:17
이퓨쳐,00788737,134060,KOSDAQ,연간x연결,재무제표,DS-1,PASS,,,2026-07-07T22:29:31
이퓨쳐,00788737,134060,KOSDAQ,연간x연결,상단,DS-8,PASS,,,2026-07-07T22:29:31
이퓨쳐,00788737,134060,KOSDAQ,연간x연결,상단,DS-4,PASS,substitution caption present,,2026-07-07T22:29:31
이퓨쳐,00788737,134060,KOSDAQ,연간x연결,상단,DS-7,PASS,"badges seen: ['✅', '🔎', '⚠']",,2026-07-07T22:29:31
이퓨쳐,00788737,134060,KOSDAQ,연간x연결,재무제표,CV-3,PASS,rows=29 cols=19 slider_extended=True,,2026-07-07T22:29:31
이퓨쳐,00788737,134060,KOSDAQ,연간x연결,재무제표,DS-2/DS-3,DONE,"cross-check completed for ['매출액', '영업이익']",,2026-07-07T22:29:31
이퓨쳐,00788737,134060,KOSDAQ,연간x연결,지표,CV-6,PASS,default metric selection visible,,2026-07-07T22:29:31
이퓨쳐,00788737,134060,KOSDAQ,연간x별도,재무제표,DS-1,PASS,,,2026-07-07T22:29:36
이퓨쳐,00788737,134060,KOSDAQ,연간x별도,상단,DS-8,PASS,,,2026-07-07T22:29:36
이퓨쳐,00788737,134060,KOSDAQ,연간x별도,상단,DS-7,PASS,"badges seen: ['✅', '🔎', '⚠']",,2026-07-07T22:29:36
이퓨쳐,00788737,134060,KOSDAQ,연간x별도,재무제표,CV-3,PASS,rows=29 cols=19 slider_extended=True,,2026-07-07T22:29:36
이퓨쳐,00788737,134060,KOSDAQ,연간x별도,재무제표,DS-2/DS-3,DONE,"cross-check completed for ['매출액', '영업이익']",,2026-07-07T22:29:36
이퓨쳐,00788737,134060,KOSDAQ,연간x별도,지표,CV-6,PASS,default metric selection visible,,2026-07-07T22:29:36
이퓨쳐,00788737,134060,KOSDAQ,분기x연결,재무제표,DS-1,PASS,,,2026-07-07T22:29:42
이퓨쳐,00788737,134060,KOSDAQ,분기x연결,상단,DS-8,PASS,,,2026-07-07T22:29:42
이퓨쳐,00788737,134060,KOSDAQ,분기x연결,상단,DS-4,PASS,substitution caption present,,2026-07-07T22:29:42
이퓨쳐,00788737,134060,KOSDAQ,분기x연결,상단,DS-7,PASS,"badges seen: ['✅', '🔎']",,2026-07-07T22:29:42
이퓨쳐,00788737,134060,KOSDAQ,분기x연결,재무제표,CV-3,PASS,rows=29 cols=63 slider_extended=True,,2026-07-07T22:29:42
이퓨쳐,00788737,134060,KOSDAQ,분기x연결,재무제표,DS-2/DS-3,DONE,"cross-check completed for ['매출액', '영업이익']",,2026-07-07T22:29:42
이퓨쳐,00788737,134060,KOSDAQ,분기x연결,지표,CV-6,PASS,default metric selection visible,,2026-07-07T22:29:42
이퓨쳐,00788737,134060,KOSDAQ,분기x별도,재무제표,DS-1,PASS,,,2026-07-07T22:29:50
이퓨쳐,00788737,134060,KOSDAQ,분기x별도,상단,DS-8,PASS,,,2026-07-07T22:29:50
이퓨쳐,00788737,134060,KOSDAQ,분기x별도,상단,DS-7,PASS,"badges seen: ['✅', '🔎']",,2026-07-07T22:29:50
이퓨쳐,00788737,134060,KOSDAQ,분기x별도,재무제표,CV-3,PASS,rows=29 cols=63 slider_extended=True,,2026-07-07T22:29:50
이퓨쳐,00788737,134060,KOSDAQ,분기x별도,재무제표,DS-2/DS-3,DONE,"cross-check completed for ['매출액', '영업이익']",,2026-07-07T22:29:50
이퓨쳐,00788737,134060,KOSDAQ,분기x별도,지표,CV-6,PASS,default metric selection visible,,2026-07-07T22:29:50
이화공영,00145668,001840,KOSDAQ,연간x연결,재무제표,DS-1,PASS,,,2026-07-07T22:30:00
이화공영,00145668,001840,KOSDAQ,연간x연결,상단,DS-8,PASS,,,2026-07-07T22:30:00
이화공영,00145668,001840,KOSDAQ,연간x연결,상단,DS-4,PASS,substitution caption present,,2026-07-07T22:30:00
이화공영,00145668,001840,KOSDAQ,연간x연결,상단,DS-7,PASS,"badges seen: ['✅', '🔎', '⚠']",,2026-07-07T22:30:00
이화공영,00145668,001840,KOSDAQ,연간x연결,재무제표,CV-3,PASS,rows=29 cols=12 slider_extended=True,,2026-07-07T22:30:00
이화공영,00145668,001840,KOSDAQ,연간x연결,재무제표,DS-2/DS-3,DONE,"cross-check completed for ['매출액', '영업이익']",,2026-07-07T22:30:00
이화공영,00145668,001840,KOSDAQ,연간x연결,지표,CV-6,PASS,default metric selection visible,,2026-07-07T22:30:00
이화공영,00145668,001840,KOSDAQ,연간x별도,재무제표,DS-1,PASS,,,2026-07-07T22:30:06
이화공영,00145668,001840,KOSDAQ,연간x별도,상단,DS-8,PASS,,,2026-07-07T22:30:06
이화공영,00145668,001840,KOSDAQ,연간x별도,상단,DS-7,PASS,"badges seen: ['✅', '🔎', '⚠']",,2026-07-07T22:30:06
이화공영,00145668,001840,KOSDAQ,연간x별도,재무제표,CV-3,PASS,rows=29 cols=24 slider_extended=True,,2026-07-07T22:30:06
이화공영,00145668,001840,KOSDAQ,연간x별도,재무제표,DS-2/DS-3,DONE,"cross-check completed for ['매출액', '영업이익']",,2026-07-07T22:30:06
이화공영,00145668,001840,KOSDAQ,연간x별도,지표,CV-6,PASS,default metric selection visible,,2026-07-07T22:30:06
이화공영,00145668,001840,KOSDAQ,분기x연결,재무제표,DS-1,PASS,,,2026-07-07T22:30:12
이화공영,00145668,001840,KOSDAQ,분기x연결,상단,DS-8,PASS,,,2026-07-07T22:30:12
이화공영,00145668,001840,KOSDAQ,분기x연결,상단,DS-4,PASS,substitution caption present,,2026-07-07T22:30:12
이화공영,00145668,001840,KOSDAQ,분기x연결,상단,DS-7,PASS,"badges seen: ['✅', '🔎', '⚠']",,2026-07-07T22:30:12
이화공영,00145668,001840,KOSDAQ,분기x연결,재무제표,CV-3,PASS,rows=29 cols=79 slider_extended=True,,2026-07-07T22:30:12
이화공영,00145668,001840,KOSDAQ,분기x연결,재무제표,DS-2/DS-3,DONE,"cross-check completed for ['매출액', '영업이익']",,2026-07-07T22:30:12
이화공영,00145668,001840,KOSDAQ,분기x연결,지표,CV-6,PASS,default metric selection visible,,2026-07-07T22:30:12
이화공영,00145668,001840,KOSDAQ,분기x별도,재무제표,DS-1,PASS,,,2026-07-07T22:30:19
이화공영,00145668,001840,KOSDAQ,분기x별도,상단,DS-8,PASS,,,2026-07-07T22:30:19
이화공영,00145668,001840,KOSDAQ,분기x별도,상단,DS-7,PASS,"badges seen: ['✅', '🔎', '⚠']",,2026-07-07T22:30:19
이화공영,00145668,001840,KOSDAQ,분기x별도,재무제표,CV-3,PASS,rows=29 cols=79 slider_extended=True,,2026-07-07T22:30:19
이화공영,00145668,001840,KOSDAQ,분기x별도,재무제표,DS-2/DS-3,DONE,"cross-check completed for ['매출액', '영업이익']",,2026-07-07T22:30:19
이화공영,00145668,001840,KOSDAQ,분기x별도,지표,CV-6,PASS,default metric selection visible,,2026-07-07T22:30:19
인바디,00269922,041830,KOSDAQ,연간x연결,재무제표,DS-1,PASS,,,2026-07-07T22:30:33
인바디,00269922,041830,KOSDAQ,연간x연결,상단,DS-8,PASS,,,2026-07-07T22:30:33
인바디,00269922,041830,KOSDAQ,연간x연결,상단,DS-7,PASS,"badges seen: ['✅', '🔎']",,2026-07-07T22:30:33
인바디,00269922,041830,KOSDAQ,연간x연결,재무제표,CV-3,PASS,rows=29 cols=19 slider_extended=True,,2026-07-07T22:30:33
인바디,00269922,041830,KOSDAQ,연간x연결,재무제표,DS-2/DS-3,DONE,"cross-check completed for ['매출액', '영업이익']",,2026-07-07T22:30:33
인바디,00269922,041830,KOSDAQ,연간x연결,지표,CV-6,PASS,default metric selection visible,,2026-07-07T22:30:33
인바디,00269922,041830,KOSDAQ,연간x별도,재무제표,DS-1,PASS,,,2026-07-07T22:30:38
인바디,00269922,041830,KOSDAQ,연간x별도,상단,DS-8,PASS,,,2026-07-07T22:30:38
인바디,00269922,041830,KOSDAQ,연간x별도,상단,DS-7,PASS,"badges seen: ['✅', '🔎']",,2026-07-07T22:30:38
인바디,00269922,041830,KOSDAQ,연간x별도,재무제표,CV-3,PASS,rows=29 cols=26 slider_extended=True,,2026-07-07T22:30:38
인바디,00269922,041830,KOSDAQ,연간x별도,재무제표,DS-2/DS-3,DONE,"cross-check completed for ['매출액', '영업이익']",,2026-07-07T22:30:38
인바디,00269922,041830,KOSDAQ,연간x별도,지표,CV-6,PASS,default metric selection visible,,2026-07-07T22:30:38
인바디,00269922,041830,KOSDAQ,분기x연결,재무제표,DS-1,PASS,,,2026-07-07T22:30:45
인바디,00269922,041830,KOSDAQ,분기x연결,상단,DS-8,PASS,,,2026-07-07T22:30:45
인바디,00269922,041830,KOSDAQ,분기x연결,상단,DS-7,PASS,"badges seen: ['✅', '🔎']",,2026-07-07T22:30:45
인바디,00269922,041830,KOSDAQ,분기x연결,재무제표,CV-3,PASS,rows=29 cols=60 slider_extended=True,,2026-07-07T22:30:45
인바디,00269922,041830,KOSDAQ,분기x연결,재무제표,DS-2/DS-3,DONE,"cross-check completed for ['매출액', '영업이익']",,2026-07-07T22:30:45
인바디,00269922,041830,KOSDAQ,분기x연결,지표,CV-6,PASS,default metric selection visible,,2026-07-07T22:30:45
인바디,00269922,041830,KOSDAQ,분기x별도,재무제표,DS-1,PASS,,,2026-07-07T22:30:52
인바디,00269922,041830,KOSDAQ,분기x별도,상단,DS-8,PASS,,,2026-07-07T22:30:52
인바디,00269922,041830,KOSDAQ,분기x별도,상단,DS-7,PASS,"badges seen: ['✅', '🔎']",,2026-07-07T22:30:52
인바디,00269922,041830,KOSDAQ,분기x별도,재무제표,CV-3,PASS,rows=29 cols=85 slider_extended=True,,2026-07-07T22:30:52
인바디,00269922,041830,KOSDAQ,분기x별도,재무제표,DS-2/DS-3,DONE,"cross-check completed for ['매출액', '영업이익']",,2026-07-07T22:30:52
인바디,00269922,041830,KOSDAQ,분기x별도,지표,CV-6,PASS,default metric selection visible,,2026-07-07T22:30:52
인바이오,00367871,352940,KOSDAQ,연간x연결,재무제표,DS-1,PASS,,,2026-07-07T22:31:03
인바이오,00367871,352940,KOSDAQ,연간x연결,상단,DS-8,PASS,,,2026-07-07T22:31:03
인바이오,00367871,352940,KOSDAQ,연간x연결,상단,DS-4,PASS,substitution caption present,,2026-07-07T22:31:03
인바이오,00367871,352940,KOSDAQ,연간x연결,상단,DS-7,PASS,"badges seen: ['✅', '🔎']",,2026-07-07T22:31:03
인바이오,00367871,352940,KOSDAQ,연간x연결,재무제표,CV-3,PASS,rows=29 cols=10 slider_extended=True,,2026-07-07T22:31:03
인바이오,00367871,352940,KOSDAQ,연간x연결,재무제표,DS-2/DS-3,DONE,"cross-check completed for ['매출액', '영업이익']",,2026-07-07T22:31:03
인바이오,00367871,352940,KOSDAQ,연간x연결,지표,CV-6,PASS,default metric selection visible,,2026-07-07T22:31:03
인바이오,00367871,352940,KOSDAQ,연간x별도,재무제표,DS-1,PASS,,,2026-07-07T22:31:08
인바이오,00367871,352940,KOSDAQ,연간x별도,상단,DS-8,PASS,,,2026-07-07T22:31:08
인바이오,00367871,352940,KOSDAQ,연간x별도,상단,DS-7,PASS,"badges seen: ['✅', '🔎']",,2026-07-07T22:31:08
인바이오,00367871,352940,KOSDAQ,연간x별도,재무제표,CV-3,PASS,rows=29 cols=10 slider_extended=True,,2026-07-07T22:31:08
인바이오,00367871,352940,KOSDAQ,연간x별도,재무제표,DS-2/DS-3,DONE,"cross-check completed for ['매출액', '영업이익']",,2026-07-07T22:31:08
인바이오,00367871,352940,KOSDAQ,연간x별도,지표,CV-6,PASS,default metric selection visible,,2026-07-07T22:31:08
인바이오,00367871,352940,KOSDAQ,분기x연결,재무제표,DS-1,PASS,,,2026-07-07T22:31:14
인바이오,00367871,352940,KOSDAQ,분기x연결,상단,DS-8,PASS,,,2026-07-07T22:31:14
인바이오,00367871,352940,KOSDAQ,분기x연결,상단,DS-4,PASS,substitution caption present,,2026-07-07T22:31:14
인바이오,00367871,352940,KOSDAQ,분기x연결,상단,DS-7,PASS,"badges seen: ['✅', '🔎']",,2026-07-07T22:31:14
인바이오,00367871,352940,KOSDAQ,분기x연결,재무제표,CV-3,PASS,rows=29 cols=28 slider_extended=True,,2026-07-07T22:31:14
인바이오,00367871,352940,KOSDAQ,분기x연결,재무제표,DS-2/DS-3,DONE,"cross-check completed for ['매출액', '영업이익']",,2026-07-07T22:31:14
인바이오,00367871,352940,KOSDAQ,분기x연결,지표,CV-6,PASS,default metric selection visible,,2026-07-07T22:31:14
인바이오,00367871,352940,KOSDAQ,분기x별도,재무제표,DS-1,PASS,,,2026-07-07T22:31:22
인바이오,00367871,352940,KOSDAQ,분기x별도,상단,DS-8,PASS,,,2026-07-07T22:31:22
인바이오,00367871,352940,KOSDAQ,분기x별도,상단,DS-7,PASS,"badges seen: ['✅', '🔎']",,2026-07-07T22:31:22
인바이오,00367871,352940,KOSDAQ,분기x별도,재무제표,CV-3,PASS,rows=29 cols=28 slider_extended=True,,2026-07-07T22:31:22
인바이오,00367871,352940,KOSDAQ,분기x별도,재무제표,DS-2/DS-3,DONE,"cross-check completed for ['매출액', '영업이익']",,2026-07-07T22:31:22
인바이오,00367871,352940,KOSDAQ,분기x별도,지표,CV-6,PASS,default metric selection visible,,2026-07-07T22:31:22
인베니아,00409371,079950,KOSDAQ,연간x연결,재무제표,DS-1,PASS,,,2026-07-07T22:31:35
인베니아,00409371,079950,KOSDAQ,연간x연결,상단,DS-8,PASS,,,2026-07-07T22:31:35
인베니아,00409371,079950,KOSDAQ,연간x연결,상단,DS-7,PASS,"badges seen: ['✅', '🔎', '⚠']",,2026-07-07T22:31:35
인베니아,00409371,079950,KOSDAQ,연간x연결,재무제표,CV-3,PASS,rows=29 cols=18 slider_extended=True,,2026-07-07T22:31:35
인베니아,00409371,079950,KOSDAQ,연간x연결,재무제표,DS-2/DS-3,DONE,"cross-check completed for ['매출액', '영업이익']",,2026-07-07T22:31:35
인베니아,00409371,079950,KOSDAQ,연간x연결,지표,CV-6,PASS,default metric selection visible,,2026-07-07T22:31:35
인베니아,00409371,079950,KOSDAQ,연간x별도,재무제표,DS-1,PASS,,,2026-07-07T22:31:40
인베니아,00409371,079950,KOSDAQ,연간x별도,상단,DS-8,PASS,,,2026-07-07T22:31:40
인베니아,00409371,079950,KOSDAQ,연간x별도,상단,DS-7,PASS,"badges seen: ['✅', '🔎', '⚠']",,2026-07-07T22:31:40
인베니아,00409371,079950,KOSDAQ,연간x별도,재무제표,CV-3,PASS,rows=29 cols=21 slider_extended=True,,2026-07-07T22:31:40
인베니아,00409371,079950,KOSDAQ,연간x별도,재무제표,DS-2/DS-3,DONE,"cross-check completed for ['매출액', '영업이익']",,2026-07-07T22:31:40
인베니아,00409371,079950,KOSDAQ,연간x별도,지표,CV-6,PASS,default metric selection visible,,2026-07-07T22:31:40
인베니아,00409371,079950,KOSDAQ,분기x연결,재무제표,DS-1,PASS,,,2026-07-07T22:31:47
인베니아,00409371,079950,KOSDAQ,분기x연결,상단,DS-8,PASS,,,2026-07-07T22:31:47
인베니아,00409371,079950,KOSDAQ,분기x연결,상단,DS-7,PASS,"badges seen: ['✅', '🔎', '⚠']",,2026-07-07T22:31:47
인베니아,00409371,079950,KOSDAQ,분기x연결,재무제표,CV-3,PASS,rows=29 cols=60 slider_extended=True,,2026-07-07T22:31:47
인베니아,00409371,079950,KOSDAQ,분기x연결,재무제표,DS-2/DS-3,DONE,"cross-check completed for ['매출액', '영업이익']",,2026-07-07T22:31:47
인베니아,00409371,079950,KOSDAQ,분기x연결,지표,CV-6,PASS,default metric selection visible,,2026-07-07T22:31:47
인베니아,00409371,079950,KOSDAQ,분기x별도,재무제표,DS-1,PASS,,,2026-07-07T22:31:54
인베니아,00409371,079950,KOSDAQ,분기x별도,상단,DS-8,PASS,,,2026-07-07T22:31:54
인베니아,00409371,079950,KOSDAQ,분기x별도,상단,DS-7,PASS,"badges seen: ['✅', '🔎', '⚠']",,2026-07-07T22:31:54
인베니아,00409371,079950,KOSDAQ,분기x별도,재무제표,CV-3,PASS,rows=29 cols=73 slider_extended=True,,2026-07-07T22:31:54
인베니아,00409371,079950,KOSDAQ,분기x별도,재무제표,DS-2/DS-3,DONE,"cross-check completed for ['매출액', '영업이익']",,2026-07-07T22:31:54
인베니아,00409371,079950,KOSDAQ,분기x별도,지표,CV-6,PASS,default metric selection visible,,2026-07-07T22:31:54
인벤테라,01869710,0007J0,KOSDAQ,연간x연결,재무제표,DS-1,PASS,,,2026-07-07T22:32:05
인벤테라,01869710,0007J0,KOSDAQ,연간x연결,상단,DS-8,PASS,,,2026-07-07T22:32:05
인벤테라,01869710,0007J0,KOSDAQ,연간x연결,상단,DS-4,PASS,substitution caption present,,2026-07-07T22:32:05
인벤테라,01869710,0007J0,KOSDAQ,연간x연결,상단,DS-7,PASS,"badges seen: ['✅', '🔎']",,2026-07-07T22:32:05
인벤테라,01869710,0007J0,KOSDAQ,연간x연결,재무제표,CV-3,PASS,rows=29 cols=5 slider_extended=True,,2026-07-07T22:32:05
인벤테라,01869710,0007J0,KOSDAQ,연간x연결,재무제표,DS-2/DS-3,DONE,"cross-check completed for ['매출액', '영업이익']",,2026-07-07T22:32:05
인벤테라,01869710,0007J0,KOSDAQ,연간x연결,지표,CV-6,PASS,default metric selection visible,,2026-07-07T22:32:05
인벤테라,01869710,0007J0,KOSDAQ,연간x별도,재무제표,DS-1,PASS,,,2026-07-07T22:32:10
인벤테라,01869710,0007J0,KOSDAQ,연간x별도,상단,DS-8,PASS,,,2026-07-07T22:32:10
인벤테라,01869710,0007J0,KOSDAQ,연간x별도,상단,DS-7,PASS,"badges seen: ['✅', '🔎']",,2026-07-07T22:32:10
인벤테라,01869710,0007J0,KOSDAQ,연간x별도,재무제표,CV-3,PASS,rows=29 cols=5 slider_extended=True,,2026-07-07T22:32:10
인벤테라,01869710,0007J0,KOSDAQ,연간x별도,재무제표,DS-2/DS-3,DONE,"cross-check completed for ['매출액', '영업이익']",,2026-07-07T22:32:10
인벤테라,01869710,0007J0,KOSDAQ,연간x별도,지표,CV-6,PASS,default metric selection visible,,2026-07-07T22:32:10
인벤테라,01869710,0007J0,KOSDAQ,분기x연결,재무제표,DS-1,PASS,,,2026-07-07T22:32:16
인벤테라,01869710,0007J0,KOSDAQ,분기x연결,상단,DS-8,PASS,,,2026-07-07T22:32:16
인벤테라,01869710,0007J0,KOSDAQ,분기x연결,상단,DS-4,PASS,substitution caption present,,2026-07-07T22:32:16
인벤테라,01869710,0007J0,KOSDAQ,분기x연결,상단,DS-7,PASS,"badges seen: ['✅', '🔎']",,2026-07-07T22:32:16
인벤테라,01869710,0007J0,KOSDAQ,분기x연결,재무제표,CV-3,PASS,rows=29 cols=4 slider_extended=True,,2026-07-07T22:32:16
인벤테라,01869710,0007J0,KOSDAQ,분기x연결,재무제표,DS-2/DS-3,DONE,"cross-check completed for ['매출액', '영업이익']",,2026-07-07T22:32:16
인벤테라,01869710,0007J0,KOSDAQ,분기x연결,지표,CV-6,PASS,default metric selection visible,,2026-07-07T22:32:16
인벤테라,01869710,0007J0,KOSDAQ,분기x별도,재무제표,DS-1,PASS,,,2026-07-07T22:32:23
인벤테라,01869710,0007J0,KOSDAQ,분기x별도,상단,DS-8,PASS,,,2026-07-07T22:32:23
인벤테라,01869710,0007J0,KOSDAQ,분기x별도,상단,DS-7,PASS,"badges seen: ['✅', '🔎']",,2026-07-07T22:32:23
인벤테라,01869710,0007J0,KOSDAQ,분기x별도,재무제표,CV-3,PASS,rows=29 cols=4 slider_extended=True,,2026-07-07T22:32:23
인벤테라,01869710,0007J0,KOSDAQ,분기x별도,재무제표,DS-2/DS-3,DONE,"cross-check completed for ['매출액', '영업이익']",,2026-07-07T22:32:23
인벤테라,01869710,0007J0,KOSDAQ,분기x별도,지표,CV-6,PASS,default metric selection visible,,2026-07-07T22:32:23
인벤티지랩,01516456,389470,KOSDAQ,연간x연결,재무제표,DS-1,PASS,,,2026-07-07T22:32:37
인벤티지랩,01516456,389470,KOSDAQ,연간x연결,상단,DS-8,PASS,,,2026-07-07T22:32:37
인벤티지랩,01516456,389470,KOSDAQ,연간x연결,상단,DS-7,PASS,"badges seen: ['✅', '🔎']",,2026-07-07T22:32:37
인벤티지랩,01516456,389470,KOSDAQ,연간x연결,재무제표,CV-3,PASS,rows=29 cols=5 slider_extended=True,,2026-07-07T22:32:37
인벤티지랩,01516456,389470,KOSDAQ,연간x연결,재무제표,DS-2/DS-3,DONE,"cross-check completed for ['매출액', '영업이익']",,2026-07-07T22:32:37
인벤티지랩,01516456,389470,KOSDAQ,연간x연결,지표,CV-6,PASS,default metric selection visible,,2026-07-07T22:32:37
인벤티지랩,01516456,389470,KOSDAQ,연간x별도,재무제표,DS-1,PASS,,,2026-07-07T22:32:42
인벤티지랩,01516456,389470,KOSDAQ,연간x별도,상단,DS-8,PASS,,,2026-07-07T22:32:42
인벤티지랩,01516456,389470,KOSDAQ,연간x별도,상단,DS-7,PASS,"badges seen: ['✅', '🔎']",,2026-07-07T22:32:42
인벤티지랩,01516456,389470,KOSDAQ,연간x별도,재무제표,CV-3,PASS,rows=29 cols=8 slider_extended=True,,2026-07-07T22:32:42
인벤티지랩,01516456,389470,KOSDAQ,연간x별도,재무제표,DS-2/DS-3,DONE,"cross-check completed for ['매출액', '영업이익']",,2026-07-07T22:32:42
인벤티지랩,01516456,389470,KOSDAQ,연간x별도,지표,CV-6,PASS,default metric selection visible,,2026-07-07T22:32:42
인벤티지랩,01516456,389470,KOSDAQ,분기x연결,재무제표,DS-1,PASS,,,2026-07-07T22:32:48
인벤티지랩,01516456,389470,KOSDAQ,분기x연결,상단,DS-8,PASS,,,2026-07-07T22:32:48
인벤티지랩,01516456,389470,KOSDAQ,분기x연결,상단,DS-7,PASS,"badges seen: ['✅', '🔎']",,2026-07-07T22:32:48
인벤티지랩,01516456,389470,KOSDAQ,분기x연결,재무제표,CV-3,PASS,rows=29 cols=11 slider_extended=True,,2026-07-07T22:32:48
인벤티지랩,01516456,389470,KOSDAQ,분기x연결,재무제표,DS-2/DS-3,DONE,"cross-check completed for ['매출액', '영업이익']",,2026-07-07T22:32:48
인벤티지랩,01516456,389470,KOSDAQ,분기x연결,지표,CV-6,PASS,default metric selection visible,,2026-07-07T22:32:48
인벤티지랩,01516456,389470,KOSDAQ,분기x별도,재무제표,DS-1,PASS,,,2026-07-07T22:32:55
인벤티지랩,01516456,389470,KOSDAQ,분기x별도,상단,DS-8,PASS,,,2026-07-07T22:32:55
인벤티지랩,01516456,389470,KOSDAQ,분기x별도,상단,DS-7,PASS,"badges seen: ['✅', '🔎', '⚠']",,2026-07-07T22:32:55
인벤티지랩,01516456,389470,KOSDAQ,분기x별도,재무제표,CV-3,PASS,rows=29 cols=20 slider_extended=True,,2026-07-07T22:32:55
인벤티지랩,01516456,389470,KOSDAQ,분기x별도,재무제표,DS-2/DS-3,DONE,"cross-check completed for ['매출액', '영업이익']",,2026-07-07T22:32:55
인벤티지랩,01516456,389470,KOSDAQ,분기x별도,지표,CV-6,PASS,default metric selection visible,,2026-07-07T22:32:55
인산가,01243161,277410,KOSDAQ,연간x연결,재무제표,DS-1,PASS,,,2026-07-07T22:33:08
인산가,01243161,277410,KOSDAQ,연간x연결,상단,DS-8,PASS,,,2026-07-07T22:33:08
인산가,01243161,277410,KOSDAQ,연간x연결,상단,DS-7,PASS,"badges seen: ['✅', '🔎', '⚠']",,2026-07-07T22:33:08
인산가,01243161,277410,KOSDAQ,연간x연결,재무제표,CV-3,PASS,rows=29 cols=11 slider_extended=True,,2026-07-07T22:33:08
인산가,01243161,277410,KOSDAQ,연간x연결,재무제표,DS-2/DS-3,DONE,"cross-check completed for ['매출액', '영업이익']",,2026-07-07T22:33:08
인산가,01243161,277410,KOSDAQ,연간x연결,지표,CV-6,PASS,default metric selection visible,,2026-07-07T22:33:08
인산가,01243161,277410,KOSDAQ,연간x별도,재무제표,DS-1,PASS,,,2026-07-07T22:33:14
인산가,01243161,277410,KOSDAQ,연간x별도,상단,DS-8,PASS,,,2026-07-07T22:33:14
인산가,01243161,277410,KOSDAQ,연간x별도,상단,DS-7,PASS,"badges seen: ['✅', '🔎', '⚠']",,2026-07-07T22:33:14
인산가,01243161,277410,KOSDAQ,연간x별도,재무제표,CV-3,PASS,rows=29 cols=13 slider_extended=True,,2026-07-07T22:33:14
인산가,01243161,277410,KOSDAQ,연간x별도,재무제표,DS-2/DS-3,DONE,"cross-check completed for ['매출액', '영업이익']",,2026-07-07T22:33:14
인산가,01243161,277410,KOSDAQ,연간x별도,지표,CV-6,PASS,default metric selection visible,,2026-07-07T22:33:14
인산가,01243161,277410,KOSDAQ,분기x연결,재무제표,DS-1,PASS,,,2026-07-07T22:33:20
인산가,01243161,277410,KOSDAQ,분기x연결,상단,DS-8,PASS,,,2026-07-07T22:33:20
인산가,01243161,277410,KOSDAQ,분기x연결,상단,DS-7,PASS,"badges seen: ['✅', '🔎', '⚠']",,2026-07-07T22:33:20
인산가,01243161,277410,KOSDAQ,분기x연결,재무제표,CV-3,PASS,rows=29 cols=37 slider_extended=True,,2026-07-07T22:33:20
인산가,01243161,277410,KOSDAQ,분기x연결,재무제표,DS-2/DS-3,DONE,"cross-check completed for ['매출액', '영업이익']",,2026-07-07T22:33:20
인산가,01243161,277410,KOSDAQ,분기x연결,지표,CV-6,PASS,default metric selection visible,,2026-07-07T22:33:20
인산가,01243161,277410,KOSDAQ,분기x별도,재무제표,DS-1,PASS,,,2026-07-07T22:33:27
인산가,01243161,277410,KOSDAQ,분기x별도,상단,DS-8,PASS,,,2026-07-07T22:33:27
인산가,01243161,277410,KOSDAQ,분기x별도,상단,DS-7,PASS,"badges seen: ['✅', '🔎', '⚠']",,2026-07-07T22:33:27
인산가,01243161,277410,KOSDAQ,분기x별도,재무제표,CV-3,PASS,rows=29 cols=38 slider_extended=True,,2026-07-07T22:33:27
인산가,01243161,277410,KOSDAQ,분기x별도,재무제표,DS-2/DS-3,DONE,"cross-check completed for ['매출액', '영업이익']",,2026-07-07T22:33:27
인산가,01243161,277410,KOSDAQ,분기x별도,지표,CV-6,PASS,default metric selection visible,,2026-07-07T22:33:27
인선이엔티,00375931,060150,KOSDAQ,연간x연결,재무제표,DS-1,PASS,,,2026-07-07T22:33:41
인선이엔티,00375931,060150,KOSDAQ,연간x연결,상단,DS-8,PASS,,,2026-07-07T22:33:41
인선이엔티,00375931,060150,KOSDAQ,연간x연결,상단,DS-7,PASS,"badges seen: ['✅', '🔎', '⚠']",,2026-07-07T22:33:41
인선이엔티,00375931,060150,KOSDAQ,연간x연결,재무제표,CV-3,PASS,rows=29 cols=20 slider_extended=True,,2026-07-07T22:33:41
인선이엔티,00375931,060150,KOSDAQ,연간x연결,재무제표,DS-2/DS-3,DONE,"cross-check completed for ['매출액', '영업이익']",,2026-07-07T22:33:41
인선이엔티,00375931,060150,KOSDAQ,연간x연결,지표,CV-6,PASS,default metric selection visible,,2026-07-07T22:33:41
인선이엔티,00375931,060150,KOSDAQ,연간x별도,재무제표,DS-1,PASS,,,2026-07-07T22:33:46
인선이엔티,00375931,060150,KOSDAQ,연간x별도,상단,DS-8,PASS,,,2026-07-07T22:33:46
인선이엔티,00375931,060150,KOSDAQ,연간x별도,상단,DS-7,PASS,"badges seen: ['✅', '🔎']",,2026-07-07T22:33:46
인선이엔티,00375931,060150,KOSDAQ,연간x별도,재무제표,CV-3,PASS,rows=29 cols=27 slider_extended=True,,2026-07-07T22:33:46
인선이엔티,00375931,060150,KOSDAQ,연간x별도,재무제표,DS-2/DS-3,DONE,"cross-check completed for ['매출액', '영업이익']",,2026-07-07T22:33:46
인선이엔티,00375931,060150,KOSDAQ,연간x별도,지표,CV-6,PASS,default metric selection visible,,2026-07-07T22:33:46
인선이엔티,00375931,060150,KOSDAQ,분기x연결,재무제표,DS-1,PASS,,,2026-07-07T22:33:52
인선이엔티,00375931,060150,KOSDAQ,분기x연결,상단,DS-8,PASS,,,2026-07-07T22:33:52
인선이엔티,00375931,060150,KOSDAQ,분기x연결,상단,DS-7,PASS,"badges seen: ['✅', '🔎']",,2026-07-07T22:33:52
인선이엔티,00375931,060150,KOSDAQ,분기x연결,재무제표,CV-3,PASS,rows=29 cols=66 slider_extended=True,,2026-07-07T22:33:52
인선이엔티,00375931,060150,KOSDAQ,분기x연결,재무제표,DS-2/DS-3,DONE,"cross-check completed for ['매출액', '영업이익']",,2026-07-07T22:33:52
인선이엔티,00375931,060150,KOSDAQ,분기x연결,지표,CV-6,PASS,default metric selection visible,,2026-07-07T22:33:52
인선이엔티,00375931,060150,KOSDAQ,분기x별도,재무제표,DS-1,PASS,,,2026-07-07T22:33:59
인선이엔티,00375931,060150,KOSDAQ,분기x별도,상단,DS-8,PASS,,,2026-07-07T22:33:59
인선이엔티,00375931,060150,KOSDAQ,분기x별도,상단,DS-7,PASS,"badges seen: ['✅', '🔎']",,2026-07-07T22:33:59
인선이엔티,00375931,060150,KOSDAQ,분기x별도,재무제표,CV-3,PASS,rows=29 cols=87 slider_extended=True,,2026-07-07T22:33:59
인선이엔티,00375931,060150,KOSDAQ,분기x별도,재무제표,DS-2/DS-3,DONE,"cross-check completed for ['매출액', '영업이익']",,2026-07-07T22:33:59
인선이엔티,00375931,060150,KOSDAQ,분기x별도,지표,CV-6,PASS,default metric selection visible,,2026-07-07T22:33:59
인성정보,00229021,033230,KOSDAQ,연간x연결,재무제표,DS-1,PASS,,,2026-07-07T22:34:10
인성정보,00229021,033230,KOSDAQ,연간x연결,상단,DS-8,PASS,,,2026-07-07T22:34:10
인성정보,00229021,033230,KOSDAQ,연간x연결,상단,DS-7,PASS,"badges seen: ['✅', '🔎']",,2026-07-07T22:34:10
인성정보,00229021,033230,KOSDAQ,연간x연결,재무제표,CV-3,PASS,rows=29 cols=19 slider_extended=True,,2026-07-07T22:34:10
인성정보,00229021,033230,KOSDAQ,연간x연결,재무제표,DS-2/DS-3,DONE,"cross-check completed for ['매출액', '영업이익']",,2026-07-07T22:34:10
인성정보,00229021,033230,KOSDAQ,연간x연결,지표,CV-6,PASS,default metric selection visible,,2026-07-07T22:34:10
인성정보,00229021,033230,KOSDAQ,연간x별도,재무제표,DS-1,PASS,,,2026-07-07T22:34:15
인성정보,00229021,033230,KOSDAQ,연간x별도,상단,DS-8,PASS,,,2026-07-07T22:34:15
인성정보,00229021,033230,KOSDAQ,연간x별도,상단,DS-7,PASS,"badges seen: ['✅', '🔎', '⚠']",,2026-07-07T22:34:15
인성정보,00229021,033230,KOSDAQ,연간x별도,재무제표,CV-3,PASS,rows=29 cols=29 slider_extended=True,,2026-07-07T22:34:15
인성정보,00229021,033230,KOSDAQ,연간x별도,재무제표,DS-2/DS-3,DONE,"cross-check completed for ['매출액', '영업이익']",,2026-07-07T22:34:15
인성정보,00229021,033230,KOSDAQ,연간x별도,지표,CV-6,PASS,default metric selection visible,,2026-07-07T22:34:15
인성정보,00229021,033230,KOSDAQ,분기x연결,재무제표,DS-1,PASS,,,2026-07-07T22:34:22
인성정보,00229021,033230,KOSDAQ,분기x연결,상단,DS-8,PASS,,,2026-07-07T22:34:22
인성정보,00229021,033230,KOSDAQ,분기x연결,상단,DS-7,PASS,"badges seen: ['✅', '🔎']",,2026-07-07T22:34:22
인성정보,00229021,033230,KOSDAQ,분기x연결,재무제표,CV-3,PASS,rows=29 cols=67 slider_extended=True,,2026-07-07T22:34:22
인성정보,00229021,033230,KOSDAQ,분기x연결,재무제표,DS-2/DS-3,DONE,"cross-check completed for ['매출액', '영업이익']",,2026-07-07T22:34:22
인성정보,00229021,033230,KOSDAQ,분기x연결,지표,CV-6,PASS,default metric selection visible,,2026-07-07T22:34:22
인성정보,00229021,033230,KOSDAQ,분기x별도,재무제표,DS-1,PASS,,,2026-07-07T22:34:29
인성정보,00229021,033230,KOSDAQ,분기x별도,상단,DS-8,PASS,,,2026-07-07T22:34:29
인성정보,00229021,033230,KOSDAQ,분기x별도,상단,DS-7,PASS,"badges seen: ['✅', '🔎']",,2026-07-07T22:34:29
인성정보,00229021,033230,KOSDAQ,분기x별도,재무제표,CV-3,PASS,rows=29 cols=89 slider_extended=True,,2026-07-07T22:34:29
인성정보,00229021,033230,KOSDAQ,분기x별도,재무제표,DS-2/DS-3,DONE,"cross-check completed for ['매출액', '영업이익']",,2026-07-07T22:34:29
인성정보,00229021,033230,KOSDAQ,분기x별도,지표,CV-6,PASS,default metric selection visible,,2026-07-07T22:34:29
인스웨이브,01222113,450520,KOSDAQ,연간x연결,재무제표,DS-1,PASS,,,2026-07-07T22:34:43
인스웨이브,01222113,450520,KOSDAQ,연간x연결,상단,DS-8,PASS,,,2026-07-07T22:34:43
인스웨이브,01222113,450520,KOSDAQ,연간x연결,상단,DS-7,PASS,"badges seen: ['✅', '🔎']",,2026-07-07T22:34:43
인스웨이브,01222113,450520,KOSDAQ,연간x연결,재무제표,CV-3,PASS,rows=29 cols=7 slider_extended=True,,2026-07-07T22:34:43
인스웨이브,01222113,450520,KOSDAQ,연간x연결,재무제표,DS-2/DS-3,DONE,"cross-check completed for ['매출액', '영업이익']",,2026-07-07T22:34:43
인스웨이브,01222113,450520,KOSDAQ,연간x연결,지표,CV-6,PASS,default metric selection visible,,2026-07-07T22:34:43
인스웨이브,01222113,450520,KOSDAQ,연간x별도,재무제표,DS-1,PASS,,,2026-07-07T22:34:48
인스웨이브,01222113,450520,KOSDAQ,연간x별도,상단,DS-8,PASS,,,2026-07-07T22:34:48
인스웨이브,01222113,450520,KOSDAQ,연간x별도,상단,DS-7,PASS,"badges seen: ['✅', '🔎']",,2026-07-07T22:34:48
인스웨이브,01222113,450520,KOSDAQ,연간x별도,재무제표,CV-3,PASS,rows=29 cols=7 slider_extended=True,,2026-07-07T22:34:48
인스웨이브,01222113,450520,KOSDAQ,연간x별도,재무제표,DS-2/DS-3,DONE,"cross-check completed for ['매출액', '영업이익']",,2026-07-07T22:34:48
인스웨이브,01222113,450520,KOSDAQ,연간x별도,지표,CV-6,PASS,default metric selection visible,,2026-07-07T22:34:48
인스웨이브,01222113,450520,KOSDAQ,분기x연결,재무제표,DS-1,PASS,,,2026-07-07T22:34:54
인스웨이브,01222113,450520,KOSDAQ,분기x연결,상단,DS-8,PASS,,,2026-07-07T22:34:54
인스웨이브,01222113,450520,KOSDAQ,분기x연결,상단,DS-7,PASS,"badges seen: ['✅', '🔎']",,2026-07-07T22:34:54
인스웨이브,01222113,450520,KOSDAQ,분기x연결,재무제표,CV-3,PASS,rows=29 cols=17 slider_extended=True,,2026-07-07T22:34:54
인스웨이브,01222113,450520,KOSDAQ,분기x연결,재무제표,DS-2/DS-3,DONE,"cross-check completed for ['매출액', '영업이익']",,2026-07-07T22:34:54
인스웨이브,01222113,450520,KOSDAQ,분기x연결,지표,CV-6,PASS,default metric selection visible,,2026-07-07T22:34:54
인스웨이브,01222113,450520,KOSDAQ,분기x별도,재무제표,DS-1,PASS,,,2026-07-07T22:35:01
인스웨이브,01222113,450520,KOSDAQ,분기x별도,상단,DS-8,PASS,,,2026-07-07T22:35:01
인스웨이브,01222113,450520,KOSDAQ,분기x별도,상단,DS-7,PASS,"badges seen: ['✅', '🔎']",,2026-07-07T22:35:01
인스웨이브,01222113,450520,KOSDAQ,분기x별도,재무제표,CV-3,PASS,rows=29 cols=17 slider_extended=True,,2026-07-07T22:35:01
인스웨이브,01222113,450520,KOSDAQ,분기x별도,재무제표,DS-2/DS-3,DONE,"cross-check completed for ['매출액', '영업이익']",,2026-07-07T22:35:01
인스웨이브,01222113,450520,KOSDAQ,분기x별도,지표,CV-6,PASS,default metric selection visible,,2026-07-07T22:35:01
인스피언,01284876,465480,KOSDAQ,연간x연결,재무제표,DS-1,PASS,,,2026-07-07T22:35:14
인스피언,01284876,465480,KOSDAQ,연간x연결,상단,DS-8,PASS,,,2026-07-07T22:35:14
인스피언,01284876,465480,KOSDAQ,연간x연결,상단,DS-7,PASS,"badges seen: ['✅', '🔎']",,2026-07-07T22:35:14
인스피언,01284876,465480,KOSDAQ,연간x연결,재무제표,CV-3,PASS,rows=29 cols=5 slider_extended=True,,2026-07-07T22:35:14
인스피언,01284876,465480,KOSDAQ,연간x연결,재무제표,DS-2/DS-3,DONE,"cross-check completed for ['매출액', '영업이익']",,2026-07-07T22:35:14
인스피언,01284876,465480,KOSDAQ,연간x연결,지표,CV-6,PASS,default metric selection visible,,2026-07-07T22:35:14
인스피언,01284876,465480,KOSDAQ,연간x별도,재무제표,DS-1,PASS,,,2026-07-07T22:35:19
인스피언,01284876,465480,KOSDAQ,연간x별도,상단,DS-8,PASS,,,2026-07-07T22:35:19
인스피언,01284876,465480,KOSDAQ,연간x별도,상단,DS-7,PASS,"badges seen: ['✅', '🔎']",,2026-07-07T22:35:19
인스피언,01284876,465480,KOSDAQ,연간x별도,재무제표,CV-3,PASS,rows=29 cols=6 slider_extended=True,,2026-07-07T22:35:19
인스피언,01284876,465480,KOSDAQ,연간x별도,재무제표,DS-2/DS-3,DONE,"cross-check completed for ['매출액', '영업이익']",,2026-07-07T22:35:19
인스피언,01284876,465480,KOSDAQ,연간x별도,지표,CV-6,PASS,default metric selection visible,,2026-07-07T22:35:19
인스피언,01284876,465480,KOSDAQ,분기x연결,재무제표,DS-1,PASS,,,2026-07-07T22:35:25
인스피언,01284876,465480,KOSDAQ,분기x연결,상단,DS-8,PASS,,,2026-07-07T22:35:25
인스피언,01284876,465480,KOSDAQ,분기x연결,상단,DS-7,PASS,"badges seen: ['✅', '🔎']",,2026-07-07T22:35:25
인스피언,01284876,465480,KOSDAQ,분기x연결,재무제표,CV-3,PASS,rows=29 cols=4 slider_extended=True,,2026-07-07T22:35:25
인스피언,01284876,465480,KOSDAQ,분기x연결,재무제표,DS-2/DS-3,DONE,"cross-check completed for ['매출액', '영업이익']",,2026-07-07T22:35:25
인스피언,01284876,465480,KOSDAQ,분기x연결,지표,CV-6,PASS,default metric selection visible,,2026-07-07T22:35:25
인스피언,01284876,465480,KOSDAQ,분기x별도,재무제표,DS-1,PASS,,,2026-07-07T22:35:33
인스피언,01284876,465480,KOSDAQ,분기x별도,상단,DS-8,PASS,,,2026-07-07T22:35:33
인스피언,01284876,465480,KOSDAQ,분기x별도,상단,DS-7,PASS,"badges seen: ['✅', '🔎']",,2026-07-07T22:35:33
인스피언,01284876,465480,KOSDAQ,분기x별도,재무제표,CV-3,PASS,rows=29 cols=11 slider_extended=True,,2026-07-07T22:35:33
인스피언,01284876,465480,KOSDAQ,분기x별도,재무제표,DS-2/DS-3,DONE,"cross-check completed for ['매출액', '영업이익']",,2026-07-07T22:35:33
인스피언,01284876,465480,KOSDAQ,분기x별도,지표,CV-6,PASS,default metric selection visible,,2026-07-07T22:35:33
인지디스플레,00265421,037330,KOSDAQ,연간x연결,재무제표,DS-1,PASS,,,2026-07-07T22:35:46
인지디스플레,00265421,037330,KOSDAQ,연간x연결,상단,DS-8,PASS,,,2026-07-07T22:35:46
인지디스플레,00265421,037330,KOSDAQ,연간x연결,상단,DS-7,PASS,"badges seen: ['✅', '🔎', '⚠']",,2026-07-07T22:35:46
인지디스플레,00265421,037330,KOSDAQ,연간x연결,재무제표,CV-3,PASS,rows=29 cols=19 slider_extended=True,,2026-07-07T22:35:46
인지디스플레,00265421,037330,KOSDAQ,연간x연결,재무제표,DS-2/DS-3,DONE,"cross-check completed for ['매출액', '영업이익']",,2026-07-07T22:35:46
인지디스플레,00265421,037330,KOSDAQ,연간x연결,지표,CV-6,PASS,default metric selection visible,,2026-07-07T22:35:46
인지디스플레,00265421,037330,KOSDAQ,연간x별도,재무제표,DS-1,PASS,,,2026-07-07T22:35:51
인지디스플레,00265421,037330,KOSDAQ,연간x별도,상단,DS-8,PASS,,,2026-07-07T22:35:51
인지디스플레,00265421,037330,KOSDAQ,연간x별도,상단,DS-7,PASS,"badges seen: ['✅', '🔎', '⚠']",,2026-07-07T22:35:51
인지디스플레,00265421,037330,KOSDAQ,연간x별도,재무제표,CV-3,PASS,rows=29 cols=27 slider_extended=True,,2026-07-07T22:35:51
인지디스플레,00265421,037330,KOSDAQ,연간x별도,재무제표,DS-2/DS-3,DONE,"cross-check completed for ['매출액', '영업이익']",,2026-07-07T22:35:51
인지디스플레,00265421,037330,KOSDAQ,연간x별도,지표,CV-6,PASS,default metric selection visible,,2026-07-07T22:35:51
인지디스플레,00265421,037330,KOSDAQ,분기x연결,재무제표,DS-1,PASS,,,2026-07-07T22:35:58
인지디스플레,00265421,037330,KOSDAQ,분기x연결,상단,DS-8,PASS,,,2026-07-07T22:35:58
인지디스플레,00265421,037330,KOSDAQ,분기x연결,상단,DS-7,PASS,"badges seen: ['✅', '🔎']",,2026-07-07T22:35:58
인지디스플레,00265421,037330,KOSDAQ,분기x연결,재무제표,CV-3,PASS,rows=29 cols=66 slider_extended=True,,2026-07-07T22:35:58
인지디스플레,00265421,037330,KOSDAQ,분기x연결,재무제표,DS-2/DS-3,DONE,"cross-check completed for ['매출액', '영업이익']",,2026-07-07T22:35:58
인지디스플레,00265421,037330,KOSDAQ,분기x연결,지표,CV-6,PASS,default metric selection visible,,2026-07-07T22:35:58
인지디스플레,00265421,037330,KOSDAQ,분기x별도,재무제표,DS-1,PASS,,,2026-07-07T22:36:05
인지디스플레,00265421,037330,KOSDAQ,분기x별도,상단,DS-8,PASS,,,2026-07-07T22:36:05
인지디스플레,00265421,037330,KOSDAQ,분기x별도,상단,DS-7,PASS,"badges seen: ['✅', '🔎']",,2026-07-07T22:36:05
인지디스플레,00265421,037330,KOSDAQ,분기x별도,재무제표,CV-3,PASS,rows=29 cols=89 slider_extended=True,,2026-07-07T22:36:05
인지디스플레,00265421,037330,KOSDAQ,분기x별도,재무제표,DS-2/DS-3,DONE,"cross-check completed for ['매출액', '영업이익']",,2026-07-07T22:36:05
인지디스플레,00265421,037330,KOSDAQ,분기x별도,지표,CV-6,PASS,default metric selection visible,,2026-07-07T22:36:05
인지소프트,00641171,100030,KOSDAQ,연간x연결,재무제표,DS-1,PASS,,,2026-07-07T22:36:15
인지소프트,00641171,100030,KOSDAQ,연간x연결,상단,DS-8,PASS,,,2026-07-07T22:36:15
인지소프트,00641171,100030,KOSDAQ,연간x연결,상단,DS-7,PASS,"badges seen: ['✅', '🔎', '⚠']",,2026-07-07T22:36:15
인지소프트,00641171,100030,KOSDAQ,연간x연결,재무제표,CV-3,PASS,rows=29 cols=18 slider_extended=True,,2026-07-07T22:36:15
인지소프트,00641171,100030,KOSDAQ,연간x연결,재무제표,DS-2/DS-3,DONE,"cross-check completed for ['매출액', '영업이익']",,2026-07-07T22:36:15
인지소프트,00641171,100030,KOSDAQ,연간x연결,지표,CV-6,PASS,default metric selection visible,,2026-07-07T22:36:15
인지소프트,00641171,100030,KOSDAQ,연간x별도,재무제표,DS-1,PASS,,,2026-07-07T22:36:20
인지소프트,00641171,100030,KOSDAQ,연간x별도,상단,DS-8,PASS,,,2026-07-07T22:36:20
인지소프트,00641171,100030,KOSDAQ,연간x별도,상단,DS-7,PASS,"badges seen: ['✅', '🔎', '⚠']",,2026-07-07T22:36:20
인지소프트,00641171,100030,KOSDAQ,연간x별도,재무제표,CV-3,PASS,rows=29 cols=20 slider_extended=True,,2026-07-07T22:36:20
인지소프트,00641171,100030,KOSDAQ,연간x별도,재무제표,DS-2/DS-3,DONE,"cross-check completed for ['매출액', '영업이익']",,2026-07-07T22:36:20
인지소프트,00641171,100030,KOSDAQ,연간x별도,지표,CV-6,PASS,default metric selection visible,,2026-07-07T22:36:20
인지소프트,00641171,100030,KOSDAQ,분기x연결,재무제표,DS-1,PASS,,,2026-07-07T22:36:26
인지소프트,00641171,100030,KOSDAQ,분기x연결,상단,DS-8,PASS,,,2026-07-07T22:36:26
인지소프트,00641171,100030,KOSDAQ,분기x연결,상단,DS-7,PASS,"badges seen: ['✅', '🔎', '⚠']",,2026-07-07T22:36:26
인지소프트,00641171,100030,KOSDAQ,분기x연결,재무제표,CV-3,PASS,rows=29 cols=60 slider_extended=True,,2026-07-07T22:36:26
인지소프트,00641171,100030,KOSDAQ,분기x연결,재무제표,DS-2/DS-3,DONE,"cross-check completed for ['매출액', '영업이익']",,2026-07-07T22:36:26
인지소프트,00641171,100030,KOSDAQ,분기x연결,지표,CV-6,PASS,default metric selection visible,,2026-07-07T22:36:26
인지소프트,00641171,100030,KOSDAQ,분기x별도,재무제표,DS-1,PASS,,,2026-07-07T22:36:33
인지소프트,00641171,100030,KOSDAQ,분기x별도,상단,DS-8,PASS,,,2026-07-07T22:36:33
인지소프트,00641171,100030,KOSDAQ,분기x별도,상단,DS-7,PASS,"badges seen: ['✅', '🔎', '⚠']",,2026-07-07T22:36:33
인지소프트,00641171,100030,KOSDAQ,분기x별도,재무제표,CV-3,PASS,rows=29 cols=66 slider_extended=True,,2026-07-07T22:36:33
인지소프트,00641171,100030,KOSDAQ,분기x별도,재무제표,DS-2/DS-3,DONE,"cross-check completed for ['매출액', '영업이익']",,2026-07-07T22:36:33
인지소프트,00641171,100030,KOSDAQ,분기x별도,지표,CV-6,PASS,default metric selection visible,,2026-07-07T22:36:33
인카금융서비스,01013694,211050,KOSDAQ,연간x연결,재무제표,DS-1,PASS,,,2026-07-07T22:36:47
인카금융서비스,01013694,211050,KOSDAQ,연간x연결,상단,DS-8,PASS,,,2026-07-07T22:36:47
인카금융서비스,01013694,211050,KOSDAQ,연간x연결,상단,DS-7,PASS,"badges seen: ['✅', '🔎', '⚠']",,2026-07-07T22:36:47
인카금융서비스,01013694,211050,KOSDAQ,연간x연결,재무제표,CV-3,PASS,rows=29 cols=11 slider_extended=True,,2026-07-07T22:36:47
인카금융서비스,01013694,211050,KOSDAQ,연간x연결,재무제표,DS-2/DS-3,DONE,"cross-check completed for ['매출액', '영업이익']",,2026-07-07T22:36:47
인카금융서비스,01013694,211050,KOSDAQ,연간x연결,지표,CV-6,PASS,default metric selection visible,,2026-07-07T22:36:47
인카금융서비스,01013694,211050,KOSDAQ,연간x별도,재무제표,DS-1,PASS,,,2026-07-07T22:36:52
인카금융서비스,01013694,211050,KOSDAQ,연간x별도,상단,DS-8,PASS,,,2026-07-07T22:36:52
인카금융서비스,01013694,211050,KOSDAQ,연간x별도,상단,DS-7,PASS,"badges seen: ['✅', '🔎', '⚠']",,2026-07-07T22:36:52
인카금융서비스,01013694,211050,KOSDAQ,연간x별도,재무제표,CV-3,PASS,rows=29 cols=16 slider_extended=True,,2026-07-07T22:36:52
인카금융서비스,01013694,211050,KOSDAQ,연간x별도,재무제표,DS-2/DS-3,DONE,"cross-check completed for ['매출액', '영업이익']",,2026-07-07T22:36:52
인카금융서비스,01013694,211050,KOSDAQ,연간x별도,지표,CV-6,PASS,default metric selection visible,,2026-07-07T22:36:52
인카금융서비스,01013694,211050,KOSDAQ,분기x연결,재무제표,DS-1,PASS,,,2026-07-07T22:36:58
인카금융서비스,01013694,211050,KOSDAQ,분기x연결,상단,DS-8,PASS,,,2026-07-07T22:36:58
인카금융서비스,01013694,211050,KOSDAQ,분기x연결,상단,DS-7,PASS,"badges seen: ['✅', '🔎']",,2026-07-07T22:36:58
인카금융서비스,01013694,211050,KOSDAQ,분기x연결,재무제표,CV-3,PASS,rows=29 cols=24 slider_extended=True,,2026-07-07T22:36:58
인카금융서비스,01013694,211050,KOSDAQ,분기x연결,재무제표,DS-2/DS-3,DONE,"cross-check completed for ['매출액', '영업이익']",,2026-07-07T22:36:58
인카금융서비스,01013694,211050,KOSDAQ,분기x연결,지표,CV-6,PASS,default metric selection visible,,2026-07-07T22:36:58
인카금융서비스,01013694,211050,KOSDAQ,분기x별도,재무제표,DS-1,PASS,,,2026-07-07T22:37:05
인카금융서비스,01013694,211050,KOSDAQ,분기x별도,상단,DS-8,PASS,,,2026-07-07T22:37:05
인카금융서비스,01013694,211050,KOSDAQ,분기x별도,상단,DS-7,PASS,"badges seen: ['✅', '🔎']",,2026-07-07T22:37:05
인카금융서비스,01013694,211050,KOSDAQ,분기x별도,재무제표,CV-3,PASS,rows=29 cols=32 slider_extended=True,,2026-07-07T22:37:05
인카금융서비스,01013694,211050,KOSDAQ,분기x별도,재무제표,DS-2/DS-3,DONE,"cross-check completed for ['매출액', '영업이익']",,2026-07-07T22:37:05
인카금융서비스,01013694,211050,KOSDAQ,분기x별도,지표,CV-6,PASS,default metric selection visible,,2026-07-07T22:37:05
인콘,00475976,083640,KOSDAQ,연간x연결,재무제표,DS-1,PASS,,,2026-07-07T22:37:19
인콘,00475976,083640,KOSDAQ,연간x연결,상단,DS-8,PASS,,,2026-07-07T22:37:19
인콘,00475976,083640,KOSDAQ,연간x연결,상단,DS-7,PASS,"badges seen: ['✅', '🔎', '⚠']",,2026-07-07T22:37:19
인콘,00475976,083640,KOSDAQ,연간x연결,재무제표,CV-3,PASS,rows=29 cols=15 slider_extended=True,,2026-07-07T22:37:19
인콘,00475976,083640,KOSDAQ,연간x연결,재무제표,DS-2/DS-3,DONE,"cross-check completed for ['매출액', '영업이익']",,2026-07-07T22:37:19
인콘,00475976,083640,KOSDAQ,연간x연결,지표,CV-6,PASS,default metric selection visible,,2026-07-07T22:37:19
인콘,00475976,083640,KOSDAQ,연간x별도,재무제표,DS-1,PASS,,,2026-07-07T22:37:24
인콘,00475976,083640,KOSDAQ,연간x별도,상단,DS-8,PASS,,,2026-07-07T22:37:24
인콘,00475976,083640,KOSDAQ,연간x별도,상단,DS-7,PASS,"badges seen: ['✅', '🔎', '⚠']",,2026-07-07T22:37:24
인콘,00475976,083640,KOSDAQ,연간x별도,재무제표,CV-3,PASS,rows=29 cols=25 slider_extended=True,,2026-07-07T22:37:24
인콘,00475976,083640,KOSDAQ,연간x별도,재무제표,DS-2/DS-3,DONE,"cross-check completed for ['매출액', '영업이익']",,2026-07-07T22:37:24
인콘,00475976,083640,KOSDAQ,연간x별도,지표,CV-6,PASS,default metric selection visible,,2026-07-07T22:37:24
인콘,00475976,083640,KOSDAQ,분기x연결,재무제표,DS-1,PASS,,,2026-07-07T22:37:30
인콘,00475976,083640,KOSDAQ,분기x연결,상단,DS-8,PASS,,,2026-07-07T22:37:30
인콘,00475976,083640,KOSDAQ,분기x연결,상단,DS-7,PASS,"badges seen: ['✅', '🔎', '⚠']",,2026-07-07T22:37:30
인콘,00475976,083640,KOSDAQ,분기x연결,재무제표,CV-3,PASS,rows=29 cols=49 slider_extended=True,,2026-07-07T22:37:30
인콘,00475976,083640,KOSDAQ,분기x연결,재무제표,DS-2/DS-3,DONE,"cross-check completed for ['매출액', '영업이익']",,2026-07-07T22:37:30
인콘,00475976,083640,KOSDAQ,분기x연결,지표,CV-6,PASS,default metric selection visible,,2026-07-07T22:37:30
인콘,00475976,083640,KOSDAQ,분기x별도,재무제표,DS-1,PASS,,,2026-07-07T22:37:38
인콘,00475976,083640,KOSDAQ,분기x별도,상단,DS-8,PASS,,,2026-07-07T22:37:38
인콘,00475976,083640,KOSDAQ,분기x별도,상단,DS-7,PASS,"badges seen: ['✅', '🔎', '⚠']",,2026-07-07T22:37:38
인콘,00475976,083640,KOSDAQ,분기x별도,재무제표,CV-3,PASS,rows=29 cols=79 slider_extended=True,,2026-07-07T22:37:38
인콘,00475976,083640,KOSDAQ,분기x별도,재무제표,DS-2/DS-3,DONE,"cross-check completed for ['매출액', '영업이익']",,2026-07-07T22:37:38
인콘,00475976,083640,KOSDAQ,분기x별도,지표,CV-6,PASS,default metric selection visible,,2026-07-07T22:37:38
인크레더블버즈,00390408,064090,KOSDAQ,연간x연결,재무제표,DS-1,PASS,,,2026-07-07T22:37:51
인크레더블버즈,00390408,064090,KOSDAQ,연간x연결,상단,DS-8,PASS,,,2026-07-07T22:37:51
인크레더블버즈,00390408,064090,KOSDAQ,연간x연결,상단,DS-7,PASS,"badges seen: ['✅', '🔎', '⚠']",,2026-07-07T22:37:51
인크레더블버즈,00390408,064090,KOSDAQ,연간x연결,재무제표,CV-3,PASS,rows=29 cols=19 slider_extended=True,,2026-07-07T22:37:51
인크레더블버즈,00390408,064090,KOSDAQ,연간x연결,재무제표,DS-2/DS-3,DONE,"cross-check completed for ['매출액', '영업이익']",,2026-07-07T22:37:51
인크레더블버즈,00390408,064090,KOSDAQ,연간x연결,지표,CV-6,PASS,default metric selection visible,,2026-07-07T22:37:51
인크레더블버즈,00390408,064090,KOSDAQ,연간x별도,재무제표,DS-1,PASS,,,2026-07-07T22:37:56
인크레더블버즈,00390408,064090,KOSDAQ,연간x별도,상단,DS-8,PASS,,,2026-07-07T22:37:56
인크레더블버즈,00390408,064090,KOSDAQ,연간x별도,상단,DS-7,PASS,"badges seen: ['✅', '🔎', '⚠']",,2026-07-07T22:37:56
인크레더블버즈,00390408,064090,KOSDAQ,연간x별도,재무제표,CV-3,PASS,rows=29 cols=23 slider_extended=True,,2026-07-07T22:37:56
인크레더블버즈,00390408,064090,KOSDAQ,연간x별도,재무제표,DS-2/DS-3,DONE,"cross-check completed for ['매출액', '영업이익']",,2026-07-07T22:37:56
인크레더블버즈,00390408,064090,KOSDAQ,연간x별도,지표,CV-6,PASS,default metric selection visible,,2026-07-07T22:37:56
인크레더블버즈,00390408,064090,KOSDAQ,분기x연결,재무제표,DS-1,PASS,,,2026-07-07T22:38:03
인크레더블버즈,00390408,064090,KOSDAQ,분기x연결,상단,DS-8,PASS,,,2026-07-07T22:38:03
인크레더블버즈,00390408,064090,KOSDAQ,분기x연결,상단,DS-7,PASS,"badges seen: ['✅', '🔎', '⚠']",,2026-07-07T22:38:03
인크레더블버즈,00390408,064090,KOSDAQ,분기x연결,재무제표,CV-3,PASS,rows=29 cols=61 slider_extended=True,,2026-07-07T22:38:03
인크레더블버즈,00390408,064090,KOSDAQ,분기x연결,재무제표,DS-2/DS-3,DONE,"cross-check completed for ['매출액', '영업이익']",,2026-07-07T22:38:03
인크레더블버즈,00390408,064090,KOSDAQ,분기x연결,지표,CV-6,PASS,default metric selection visible,,2026-07-07T22:38:03
인크레더블버즈,00390408,064090,KOSDAQ,분기x별도,재무제표,DS-1,PASS,,,2026-07-07T22:38:10
인크레더블버즈,00390408,064090,KOSDAQ,분기x별도,상단,DS-8,PASS,,,2026-07-07T22:38:10
인크레더블버즈,00390408,064090,KOSDAQ,분기x별도,상단,DS-7,PASS,"badges seen: ['✅', '🔎', '⚠']",,2026-07-07T22:38:10
인크레더블버즈,00390408,064090,KOSDAQ,분기x별도,재무제표,CV-3,PASS,rows=29 cols=75 slider_extended=True,,2026-07-07T22:38:10
인크레더블버즈,00390408,064090,KOSDAQ,분기x별도,재무제표,DS-2/DS-3,DONE,"cross-check completed for ['매출액', '영업이익']",,2026-07-07T22:38:10
인크레더블버즈,00390408,064090,KOSDAQ,분기x별도,지표,CV-6,PASS,default metric selection visible,,2026-07-07T22:38:10
인크로스,00819073,216050,KOSDAQ,연간x연결,재무제표,DS-1,PASS,,,2026-07-07T22:38:23
인크로스,00819073,216050,KOSDAQ,연간x연결,상단,DS-8,PASS,,,2026-07-07T22:38:23
인크로스,00819073,216050,KOSDAQ,연간x연결,상단,DS-7,PASS,"badges seen: ['✅', '🔎']",,2026-07-07T22:38:23
인크로스,00819073,216050,KOSDAQ,연간x연결,재무제표,CV-3,PASS,rows=29 cols=14 slider_extended=True,,2026-07-07T22:38:23
인크로스,00819073,216050,KOSDAQ,연간x연결,재무제표,DS-2/DS-3,DONE,"cross-check completed for ['매출액', '영업이익']",,2026-07-07T22:38:23
인크로스,00819073,216050,KOSDAQ,연간x연결,지표,CV-6,PASS,default metric selection visible,,2026-07-07T22:38:23
인크로스,00819073,216050,KOSDAQ,연간x별도,재무제표,DS-1,PASS,,,2026-07-07T22:38:28
인크로스,00819073,216050,KOSDAQ,연간x별도,상단,DS-8,PASS,,,2026-07-07T22:38:28
인크로스,00819073,216050,KOSDAQ,연간x별도,상단,DS-7,PASS,"badges seen: ['✅', '🔎']",,2026-07-07T22:38:28
인크로스,00819073,216050,KOSDAQ,연간x별도,재무제표,CV-3,PASS,rows=29 cols=14 slider_extended=True,,2026-07-07T22:38:28
인크로스,00819073,216050,KOSDAQ,연간x별도,재무제표,DS-2/DS-3,DONE,"cross-check completed for ['매출액', '영업이익']",,2026-07-07T22:38:28
인크로스,00819073,216050,KOSDAQ,연간x별도,지표,CV-6,PASS,default metric selection visible,,2026-07-07T22:38:28
인크로스,00819073,216050,KOSDAQ,분기x연결,재무제표,DS-1,PASS,,,2026-07-07T22:38:34
인크로스,00819073,216050,KOSDAQ,분기x연결,상단,DS-8,PASS,,,2026-07-07T22:38:34
인크로스,00819073,216050,KOSDAQ,분기x연결,상단,DS-7,PASS,"badges seen: ['✅', '🔎']",,2026-07-07T22:38:34
인크로스,00819073,216050,KOSDAQ,분기x연결,재무제표,CV-3,PASS,rows=29 cols=44 slider_extended=True,,2026-07-07T22:38:34
인크로스,00819073,216050,KOSDAQ,분기x연결,재무제표,DS-2/DS-3,DONE,"cross-check completed for ['매출액', '영업이익']",,2026-07-07T22:38:34
인크로스,00819073,216050,KOSDAQ,분기x연결,지표,CV-6,PASS,default metric selection visible,,2026-07-07T22:38:34
인크로스,00819073,216050,KOSDAQ,분기x별도,재무제표,DS-1,PASS,,,2026-07-07T22:38:42
인크로스,00819073,216050,KOSDAQ,분기x별도,상단,DS-8,PASS,,,2026-07-07T22:38:42
인크로스,00819073,216050,KOSDAQ,분기x별도,상단,DS-7,PASS,"badges seen: ['✅', '🔎']",,2026-07-07T22:38:42
인크로스,00819073,216050,KOSDAQ,분기x별도,재무제표,CV-3,PASS,rows=29 cols=44 slider_extended=True,,2026-07-07T22:38:42
인크로스,00819073,216050,KOSDAQ,분기x별도,재무제표,DS-2/DS-3,DONE,"cross-check completed for ['매출액', '영업이익']",,2026-07-07T22:38:42
인크로스,00819073,216050,KOSDAQ,분기x별도,지표,CV-6,PASS,default metric selection visible,,2026-07-07T22:38:42
인탑스,00226866,049070,KOSDAQ,연간x연결,재무제표,DS-1,PASS,,,2026-07-07T22:38:55
인탑스,00226866,049070,KOSDAQ,연간x연결,상단,DS-8,PASS,,,2026-07-07T22:38:55
인탑스,00226866,049070,KOSDAQ,연간x연결,상단,DS-7,PASS,"badges seen: ['✅', '🔎']",,2026-07-07T22:38:55
인탑스,00226866,049070,KOSDAQ,연간x연결,재무제표,CV-3,PASS,rows=29 cols=23 slider_extended=True,,2026-07-07T22:38:55
인탑스,00226866,049070,KOSDAQ,연간x연결,재무제표,DS-2/DS-3,DONE,"cross-check completed for ['매출액', '영업이익']",,2026-07-07T22:38:55
인탑스,00226866,049070,KOSDAQ,연간x연결,지표,CV-6,PASS,default metric selection visible,,2026-07-07T22:38:55
인탑스,00226866,049070,KOSDAQ,연간x별도,재무제표,DS-1,PASS,,,2026-07-07T22:39:00
인탑스,00226866,049070,KOSDAQ,연간x별도,상단,DS-8,PASS,,,2026-07-07T22:39:00
인탑스,00226866,049070,KOSDAQ,연간x별도,상단,DS-7,PASS,"badges seen: ['✅', '🔎', '⚠']",,2026-07-07T22:39:00
인탑스,00226866,049070,KOSDAQ,연간x별도,재무제표,CV-3,PASS,rows=29 cols=21 slider_extended=True,,2026-07-07T22:39:00
인탑스,00226866,049070,KOSDAQ,연간x별도,재무제표,DS-2/DS-3,DONE,"cross-check completed for ['매출액', '영업이익']",,2026-07-07T22:39:00
인탑스,00226866,049070,KOSDAQ,연간x별도,지표,CV-6,PASS,default metric selection visible,,2026-07-07T22:39:00
인탑스,00226866,049070,KOSDAQ,분기x연결,재무제표,DS-1,PASS,,,2026-07-07T22:39:07
인탑스,00226866,049070,KOSDAQ,분기x연결,상단,DS-8,PASS,,,2026-07-07T22:39:07
인탑스,00226866,049070,KOSDAQ,분기x연결,상단,DS-7,PASS,"badges seen: ['✅', '🔎']",,2026-07-07T22:39:07
인탑스,00226866,049070,KOSDAQ,분기x연결,재무제표,CV-3,PASS,rows=29 cols=67 slider_extended=True,,2026-07-07T22:39:07
인탑스,00226866,049070,KOSDAQ,분기x연결,재무제표,DS-2/DS-3,DONE,"cross-check completed for ['매출액', '영업이익']",,2026-07-07T22:39:07
인탑스,00226866,049070,KOSDAQ,분기x연결,지표,CV-6,PASS,default metric selection visible,,2026-07-07T22:39:07
인탑스,00226866,049070,KOSDAQ,분기x별도,재무제표,DS-1,PASS,,,2026-07-07T22:39:14
인탑스,00226866,049070,KOSDAQ,분기x별도,상단,DS-8,PASS,,,2026-07-07T22:39:14
인탑스,00226866,049070,KOSDAQ,분기x별도,상단,DS-7,PASS,"badges seen: ['✅', '🔎']",,2026-07-07T22:39:14
인탑스,00226866,049070,KOSDAQ,분기x별도,재무제표,CV-3,PASS,rows=29 cols=73 slider_extended=True,,2026-07-07T22:39:14
인탑스,00226866,049070,KOSDAQ,분기x별도,재무제표,DS-2/DS-3,DONE,"cross-check completed for ['매출액', '영업이익']",,2026-07-07T22:39:14
인탑스,00226866,049070,KOSDAQ,분기x별도,지표,CV-6,PASS,default metric selection visible,,2026-07-07T22:39:14
인터로조,00604426,119610,KOSDAQ,연간x연결,재무제표,DS-1,PASS,,,2026-07-07T22:39:25
인터로조,00604426,119610,KOSDAQ,연간x연결,상단,DS-8,PASS,,,2026-07-07T22:39:25
인터로조,00604426,119610,KOSDAQ,연간x연결,상단,DS-7,PASS,"badges seen: ['✅', '🔎', '⚠']",,2026-07-07T22:39:25
인터로조,00604426,119610,KOSDAQ,연간x연결,재무제표,CV-3,PASS,rows=29 cols=12 slider_extended=True,,2026-07-07T22:39:25
인터로조,00604426,119610,KOSDAQ,연간x연결,재무제표,DS-2/DS-3,DONE,"cross-check completed for ['매출액', '영업이익']",,2026-07-07T22:39:25
인터로조,00604426,119610,KOSDAQ,연간x연결,지표,CV-6,PASS,default metric selection visible,,2026-07-07T22:39:25
인터로조,00604426,119610,KOSDAQ,연간x별도,재무제표,DS-1,PASS,,,2026-07-07T22:39:30
인터로조,00604426,119610,KOSDAQ,연간x별도,상단,DS-8,PASS,,,2026-07-07T22:39:30
인터로조,00604426,119610,KOSDAQ,연간x별도,상단,DS-7,PASS,"badges seen: ['✅', '🔎', '⚠']",,2026-07-07T22:39:30
인터로조,00604426,119610,KOSDAQ,연간x별도,재무제표,CV-3,PASS,rows=29 cols=20 slider_extended=True,,2026-07-07T22:39:30
인터로조,00604426,119610,KOSDAQ,연간x별도,재무제표,DS-2/DS-3,DONE,"cross-check completed for ['매출액', '영업이익']",,2026-07-07T22:39:30
인터로조,00604426,119610,KOSDAQ,연간x별도,지표,CV-6,PASS,default metric selection visible,,2026-07-07T22:39:30
인터로조,00604426,119610,KOSDAQ,분기x연결,재무제표,DS-1,PASS,,,2026-07-07T22:39:36
인터로조,00604426,119610,KOSDAQ,분기x연결,상단,DS-8,PASS,,,2026-07-07T22:39:36
인터로조,00604426,119610,KOSDAQ,분기x연결,상단,DS-7,PASS,"badges seen: ['✅', '🔎', '⚠']",,2026-07-07T22:39:36
인터로조,00604426,119610,KOSDAQ,분기x연결,재무제표,CV-3,PASS,rows=29 cols=51 slider_extended=True,,2026-07-07T22:39:36
인터로조,00604426,119610,KOSDAQ,분기x연결,재무제표,DS-2/DS-3,DONE,"cross-check completed for ['매출액', '영업이익']",,2026-07-07T22:39:36
인터로조,00604426,119610,KOSDAQ,분기x연결,지표,CV-6,PASS,default metric selection visible,,2026-07-07T22:39:36
인터로조,00604426,119610,KOSDAQ,분기x별도,재무제표,DS-1,PASS,,,2026-07-07T22:39:44
인터로조,00604426,119610,KOSDAQ,분기x별도,상단,DS-8,PASS,,,2026-07-07T22:39:44
인터로조,00604426,119610,KOSDAQ,분기x별도,상단,DS-7,PASS,"badges seen: ['✅', '🔎', '⚠']",,2026-07-07T22:39:44
인터로조,00604426,119610,KOSDAQ,분기x별도,재무제표,CV-3,PASS,rows=29 cols=66 slider_extended=True,,2026-07-07T22:39:44
인터로조,00604426,119610,KOSDAQ,분기x별도,재무제표,DS-2/DS-3,DONE,"cross-check completed for ['매출액', '영업이익']",,2026-07-07T22:39:44
인터로조,00604426,119610,KOSDAQ,분기x별도,지표,CV-6,PASS,default metric selection visible,,2026-07-07T22:39:44
인터엠,00145914,017250,KOSDAQ,연간x연결,재무제표,DS-1,PASS,,,2026-07-07T22:39:57
인터엠,00145914,017250,KOSDAQ,연간x연결,상단,DS-8,PASS,,,2026-07-07T22:39:57
인터엠,00145914,017250,KOSDAQ,연간x연결,상단,DS-7,PASS,"badges seen: ['✅', '🔎', '⚠']",,2026-07-07T22:39:57
인터엠,00145914,017250,KOSDAQ,연간x연결,재무제표,CV-3,PASS,rows=29 cols=18 slider_extended=True,,2026-07-07T22:39:57
인터엠,00145914,017250,KOSDAQ,연간x연결,재무제표,DS-2/DS-3,DONE,"cross-check completed for ['매출액', '영업이익']",,2026-07-07T22:39:57
인터엠,00145914,017250,KOSDAQ,연간x연결,지표,CV-6,PASS,default metric selection visible,,2026-07-07T22:39:57
인터엠,00145914,017250,KOSDAQ,연간x별도,재무제표,DS-1,PASS,,,2026-07-07T22:40:02
인터엠,00145914,017250,KOSDAQ,연간x별도,상단,DS-8,PASS,,,2026-07-07T22:40:02
인터엠,00145914,017250,KOSDAQ,연간x별도,상단,DS-7,PASS,"badges seen: ['✅', '🔎', '⚠']",,2026-07-07T22:40:02
인터엠,00145914,017250,KOSDAQ,연간x별도,재무제표,CV-3,PASS,rows=29 cols=28 slider_extended=True,,2026-07-07T22:40:02
인터엠,00145914,017250,KOSDAQ,연간x별도,재무제표,DS-2/DS-3,DONE,"cross-check completed for ['매출액', '영업이익']",,2026-07-07T22:40:02
인터엠,00145914,017250,KOSDAQ,연간x별도,지표,CV-6,PASS,default metric selection visible,,2026-07-07T22:40:02
인터엠,00145914,017250,KOSDAQ,분기x연결,재무제표,DS-1,PASS,,,2026-07-07T22:40:08
인터엠,00145914,017250,KOSDAQ,분기x연결,상단,DS-8,PASS,,,2026-07-07T22:40:08
인터엠,00145914,017250,KOSDAQ,분기x연결,상단,DS-7,PASS,"badges seen: ['✅', '🔎']",,2026-07-07T22:40:08
인터엠,00145914,017250,KOSDAQ,분기x연결,재무제표,CV-3,PASS,rows=29 cols=58 slider_extended=True,,2026-07-07T22:40:08
인터엠,00145914,017250,KOSDAQ,분기x연결,재무제표,DS-2/DS-3,DONE,"cross-check completed for ['매출액', '영업이익']",,2026-07-07T22:40:08
인터엠,00145914,017250,KOSDAQ,분기x연결,지표,CV-6,PASS,default metric selection visible,,2026-07-07T22:40:08
인터엠,00145914,017250,KOSDAQ,분기x별도,재무제표,DS-1,PASS,,,2026-07-07T22:40:16
인터엠,00145914,017250,KOSDAQ,분기x별도,상단,DS-8,PASS,,,2026-07-07T22:40:16
인터엠,00145914,017250,KOSDAQ,분기x별도,상단,DS-7,PASS,"badges seen: ['✅', '🔎']",,2026-07-07T22:40:16
인터엠,00145914,017250,KOSDAQ,분기x별도,재무제표,CV-3,PASS,rows=29 cols=92 slider_extended=True,,2026-07-07T22:40:16
인터엠,00145914,017250,KOSDAQ,분기x별도,재무제표,DS-2/DS-3,DONE,"cross-check completed for ['매출액', '영업이익']",,2026-07-07T22:40:16
인터엠,00145914,017250,KOSDAQ,분기x별도,지표,CV-6,PASS,default metric selection visible,,2026-07-07T22:40:16
인터플렉스,00369170,051370,KOSDAQ,연간x연결,재무제표,DS-1,PASS,,,2026-07-07T22:40:26
인터플렉스,00369170,051370,KOSDAQ,연간x연결,상단,DS-8,PASS,,,2026-07-07T22:40:26
인터플렉스,00369170,051370,KOSDAQ,연간x연결,상단,DS-7,PASS,"badges seen: ['✅', '🔎', '⚠']",,2026-07-07T22:40:26
인터플렉스,00369170,051370,KOSDAQ,연간x연결,재무제표,CV-3,PASS,rows=29 cols=15 slider_extended=True,,2026-07-07T22:40:26
인터플렉스,00369170,051370,KOSDAQ,연간x연결,재무제표,DS-2/DS-3,DONE,"cross-check completed for ['매출액', '영업이익']",,2026-07-07T22:40:26
인터플렉스,00369170,051370,KOSDAQ,연간x연결,지표,CV-6,PASS,default metric selection visible,,2026-07-07T22:40:26
인터플렉스,00369170,051370,KOSDAQ,연간x별도,재무제표,DS-1,PASS,,,2026-07-07T22:40:31
인터플렉스,00369170,051370,KOSDAQ,연간x별도,상단,DS-8,PASS,,,2026-07-07T22:40:31
인터플렉스,00369170,051370,KOSDAQ,연간x별도,상단,DS-7,PASS,"badges seen: ['✅', '🔎', '⚠']",,2026-07-07T22:40:31
인터플렉스,00369170,051370,KOSDAQ,연간x별도,재무제표,CV-3,PASS,rows=29 cols=25 slider_extended=True,,2026-07-07T22:40:31
인터플렉스,00369170,051370,KOSDAQ,연간x별도,재무제표,DS-2/DS-3,DONE,"cross-check completed for ['매출액', '영업이익']",,2026-07-07T22:40:31
인터플렉스,00369170,051370,KOSDAQ,연간x별도,지표,CV-6,PASS,default metric selection visible,,2026-07-07T22:40:31
인터플렉스,00369170,051370,KOSDAQ,분기x연결,재무제표,DS-1,PASS,,,2026-07-07T22:40:38
인터플렉스,00369170,051370,KOSDAQ,분기x연결,상단,DS-8,PASS,,,2026-07-07T22:40:38
인터플렉스,00369170,051370,KOSDAQ,분기x연결,상단,DS-7,PASS,"badges seen: ['✅', '🔎', '⚠']",,2026-07-07T22:40:38
인터플렉스,00369170,051370,KOSDAQ,분기x연결,재무제표,CV-3,PASS,rows=29 cols=51 slider_extended=True,,2026-07-07T22:40:38
인터플렉스,00369170,051370,KOSDAQ,분기x연결,재무제표,DS-2/DS-3,DONE,"cross-check completed for ['매출액', '영업이익']",,2026-07-07T22:40:38
인터플렉스,00369170,051370,KOSDAQ,분기x연결,지표,CV-6,PASS,default metric selection visible,,2026-07-07T22:40:38
인터플렉스,00369170,051370,KOSDAQ,분기x별도,재무제표,DS-1,PASS,,,2026-07-07T22:40:45
인터플렉스,00369170,051370,KOSDAQ,분기x별도,상단,DS-8,PASS,,,2026-07-07T22:40:45
인터플렉스,00369170,051370,KOSDAQ,분기x별도,상단,DS-7,PASS,"badges seen: ['✅', '🔎', '⚠']",,2026-07-07T22:40:45
인터플렉스,00369170,051370,KOSDAQ,분기x별도,재무제표,CV-3,PASS,rows=29 cols=79 slider_extended=True,,2026-07-07T22:40:45
인터플렉스,00369170,051370,KOSDAQ,분기x별도,재무제표,DS-2/DS-3,DONE,"cross-check completed for ['매출액', '영업이익']",,2026-07-07T22:40:45
인터플렉스,00369170,051370,KOSDAQ,분기x별도,지표,CV-6,PASS,default metric selection visible,,2026-07-07T22:40:45
인텍플러스,00479787,064290,KOSDAQ,연간x연결,재무제표,DS-1,PASS,,,2026-07-07T22:40:59
인텍플러스,00479787,064290,KOSDAQ,연간x연결,상단,DS-8,PASS,,,2026-07-07T22:40:59
인텍플러스,00479787,064290,KOSDAQ,연간x연결,상단,DS-7,PASS,"badges seen: ['✅', '🔎']",,2026-07-07T22:40:59
인텍플러스,00479787,064290,KOSDAQ,연간x연결,재무제표,CV-3,PASS,rows=29 cols=13 slider_extended=True,,2026-07-07T22:40:59
인텍플러스,00479787,064290,KOSDAQ,연간x연결,재무제표,DS-2/DS-3,DONE,"cross-check completed for ['매출액', '영업이익']",,2026-07-07T22:40:59
인텍플러스,00479787,064290,KOSDAQ,연간x연결,지표,CV-6,PASS,default metric selection visible,,2026-07-07T22:40:59
인텍플러스,00479787,064290,KOSDAQ,연간x별도,재무제표,DS-1,PASS,,,2026-07-07T22:41:04
인텍플러스,00479787,064290,KOSDAQ,연간x별도,상단,DS-8,PASS,,,2026-07-07T22:41:04
인텍플러스,00479787,064290,KOSDAQ,연간x별도,상단,DS-7,PASS,"badges seen: ['✅', '🔎']",,2026-07-07T22:41:04
인텍플러스,00479787,064290,KOSDAQ,연간x별도,재무제표,CV-3,PASS,rows=29 cols=20 slider_extended=True,,2026-07-07T22:41:04
인텍플러스,00479787,064290,KOSDAQ,연간x별도,재무제표,DS-2/DS-3,DONE,"cross-check completed for ['매출액', '영업이익']",,2026-07-07T22:41:04
인텍플러스,00479787,064290,KOSDAQ,연간x별도,지표,CV-6,PASS,default metric selection visible,,2026-07-07T22:41:04
인텍플러스,00479787,064290,KOSDAQ,분기x연결,재무제표,DS-1,PASS,,,2026-07-07T22:41:10
인텍플러스,00479787,064290,KOSDAQ,분기x연결,상단,DS-8,PASS,,,2026-07-07T22:41:10
인텍플러스,00479787,064290,KOSDAQ,분기x연결,상단,DS-7,PASS,"badges seen: ['✅', '🔎']",,2026-07-07T22:41:10
인텍플러스,00479787,064290,KOSDAQ,분기x연결,재무제표,CV-3,PASS,rows=29 cols=44 slider_extended=True,,2026-07-07T22:41:10
인텍플러스,00479787,064290,KOSDAQ,분기x연결,재무제표,DS-2/DS-3,DONE,"cross-check completed for ['매출액', '영업이익']",,2026-07-07T22:41:10
인텍플러스,00479787,064290,KOSDAQ,분기x연결,지표,CV-6,PASS,default metric selection visible,,2026-07-07T22:41:10
인텍플러스,00479787,064290,KOSDAQ,분기x별도,재무제표,DS-1,PASS,,,2026-07-07T22:41:17
인텍플러스,00479787,064290,KOSDAQ,분기x별도,상단,DS-8,PASS,,,2026-07-07T22:41:17
인텍플러스,00479787,064290,KOSDAQ,분기x별도,상단,DS-7,PASS,"badges seen: ['✅', '🔎']",,2026-07-07T22:41:17
인텍플러스,00479787,064290,KOSDAQ,분기x별도,재무제표,CV-3,PASS,rows=29 cols=63 slider_extended=True,,2026-07-07T22:41:17
인텍플러스,00479787,064290,KOSDAQ,분기x별도,재무제표,DS-2/DS-3,DONE,"cross-check completed for ['매출액', '영업이익']",,2026-07-07T22:41:17
인텍플러스,00479787,064290,KOSDAQ,분기x별도,지표,CV-6,PASS,default metric selection visible,,2026-07-07T22:41:17
인텔리안테크,00664181,189300,KOSDAQ,연간x연결,재무제표,DS-1,PASS,,,2026-07-07T22:41:30
인텔리안테크,00664181,189300,KOSDAQ,연간x연결,상단,DS-8,PASS,,,2026-07-07T22:41:30
인텔리안테크,00664181,189300,KOSDAQ,연간x연결,상단,DS-7,PASS,"badges seen: ['✅', '🔎', '⚠']",,2026-07-07T22:41:30
인텔리안테크,00664181,189300,KOSDAQ,연간x연결,재무제표,CV-3,PASS,rows=29 cols=14 slider_extended=True,,2026-07-07T22:41:30
인텔리안테크,00664181,189300,KOSDAQ,연간x연결,재무제표,DS-2/DS-3,DONE,"cross-check completed for ['매출액', '영업이익']",,2026-07-07T22:41:30
인텔리안테크,00664181,189300,KOSDAQ,연간x연결,지표,CV-6,PASS,default metric selection visible,,2026-07-07T22:41:30
인텔리안테크,00664181,189300,KOSDAQ,연간x별도,재무제표,DS-1,PASS,,,2026-07-07T22:41:36
인텔리안테크,00664181,189300,KOSDAQ,연간x별도,상단,DS-8,PASS,,,2026-07-07T22:41:36
인텔리안테크,00664181,189300,KOSDAQ,연간x별도,상단,DS-7,PASS,"badges seen: ['✅', '🔎', '⚠']",,2026-07-07T22:41:36
인텔리안테크,00664181,189300,KOSDAQ,연간x별도,재무제표,CV-3,PASS,rows=29 cols=14 slider_extended=True,,2026-07-07T22:41:36
인텔리안테크,00664181,189300,KOSDAQ,연간x별도,재무제표,DS-2/DS-3,DONE,"cross-check completed for ['매출액', '영업이익']",,2026-07-07T22:41:36
인텔리안테크,00664181,189300,KOSDAQ,연간x별도,지표,CV-6,PASS,default metric selection visible,,2026-07-07T22:41:36
인텔리안테크,00664181,189300,KOSDAQ,분기x연결,재무제표,DS-1,PASS,,,2026-07-07T22:41:42
인텔리안테크,00664181,189300,KOSDAQ,분기x연결,상단,DS-8,PASS,,,2026-07-07T22:41:42
인텔리안테크,00664181,189300,KOSDAQ,분기x연결,상단,DS-7,PASS,"badges seen: ['✅', '🔎']",,2026-07-07T22:41:42
인텔리안테크,00664181,189300,KOSDAQ,분기x연결,재무제표,CV-3,PASS,rows=29 cols=44 slider_extended=True,,2026-07-07T22:41:42
인텔리안테크,00664181,189300,KOSDAQ,분기x연결,재무제표,DS-2/DS-3,DONE,"cross-check completed for ['매출액', '영업이익']",,2026-07-07T22:41:42
인텔리안테크,00664181,189300,KOSDAQ,분기x연결,지표,CV-6,PASS,default metric selection visible,,2026-07-07T22:41:42
인텔리안테크,00664181,189300,KOSDAQ,분기x별도,재무제표,DS-1,PASS,,,2026-07-07T22:41:49
인텔리안테크,00664181,189300,KOSDAQ,분기x별도,상단,DS-8,PASS,,,2026-07-07T22:41:49
인텔리안테크,00664181,189300,KOSDAQ,분기x별도,상단,DS-7,PASS,"badges seen: ['✅', '🔎']",,2026-07-07T22:41:49
인텔리안테크,00664181,189300,KOSDAQ,분기x별도,재무제표,CV-3,PASS,rows=29 cols=44 slider_extended=True,,2026-07-07T22:41:49
인텔리안테크,00664181,189300,KOSDAQ,분기x별도,재무제표,DS-2/DS-3,DONE,"cross-check completed for ['매출액', '영업이익']",,2026-07-07T22:41:49
인텔리안테크,00664181,189300,KOSDAQ,분기x별도,지표,CV-6,PASS,default metric selection visible,,2026-07-07T22:41:49
인투셀,01374443,287840,KOSDAQ,연간x연결,재무제표,DS-1,PASS,,,2026-07-07T22:42:02
인투셀,01374443,287840,KOSDAQ,연간x연결,상단,DS-8,PASS,,,2026-07-07T22:42:02
인투셀,01374443,287840,KOSDAQ,연간x연결,상단,DS-4,PASS,substitution caption present,,2026-07-07T22:42:02
인투셀,01374443,287840,KOSDAQ,연간x연결,상단,DS-7,PASS,"badges seen: ['✅', '🔎']",,2026-07-07T22:42:02
인투셀,01374443,287840,KOSDAQ,연간x연결,재무제표,CV-3,PASS,rows=29 cols=6 slider_extended=True,,2026-07-07T22:42:02
인투셀,01374443,287840,KOSDAQ,연간x연결,재무제표,DS-2/DS-3,DONE,"cross-check completed for ['매출액', '영업이익']",,2026-07-07T22:42:02
인투셀,01374443,287840,KOSDAQ,연간x연결,지표,CV-6,PASS,default metric selection visible,,2026-07-07T22:42:02
인투셀,01374443,287840,KOSDAQ,연간x별도,재무제표,DS-1,PASS,,,2026-07-07T22:42:07
인투셀,01374443,287840,KOSDAQ,연간x별도,상단,DS-8,PASS,,,2026-07-07T22:42:07
인투셀,01374443,287840,KOSDAQ,연간x별도,상단,DS-7,PASS,"badges seen: ['✅', '🔎']",,2026-07-07T22:42:07
인투셀,01374443,287840,KOSDAQ,연간x별도,재무제표,CV-3,PASS,rows=29 cols=6 slider_extended=True,,2026-07-07T22:42:07
인투셀,01374443,287840,KOSDAQ,연간x별도,재무제표,DS-2/DS-3,DONE,"cross-check completed for ['매출액', '영업이익']",,2026-07-07T22:42:07
인투셀,01374443,287840,KOSDAQ,연간x별도,지표,CV-6,PASS,default metric selection visible,,2026-07-07T22:42:07
인투셀,01374443,287840,KOSDAQ,분기x연결,재무제표,DS-1,PASS,,,2026-07-07T22:42:13
인투셀,01374443,287840,KOSDAQ,분기x연결,상단,DS-8,PASS,,,2026-07-07T22:42:13
인투셀,01374443,287840,KOSDAQ,분기x연결,상단,DS-4,PASS,substitution caption present,,2026-07-07T22:42:13
인투셀,01374443,287840,KOSDAQ,분기x연결,상단,DS-7,PASS,"badges seen: ['✅', '🔎']",,2026-07-07T22:42:13
인투셀,01374443,287840,KOSDAQ,분기x연결,재무제표,CV-3,PASS,rows=29 cols=13 slider_extended=True,,2026-07-07T22:42:13
인투셀,01374443,287840,KOSDAQ,분기x연결,재무제표,DS-2/DS-3,DONE,"cross-check completed for ['매출액', '영업이익']",,2026-07-07T22:42:13
인투셀,01374443,287840,KOSDAQ,분기x연결,지표,CV-6,PASS,default metric selection visible,,2026-07-07T22:42:13
인투셀,01374443,287840,KOSDAQ,분기x별도,재무제표,DS-1,PASS,,,2026-07-07T22:42:21
인투셀,01374443,287840,KOSDAQ,분기x별도,상단,DS-8,PASS,,,2026-07-07T22:42:21
인투셀,01374443,287840,KOSDAQ,분기x별도,상단,DS-7,PASS,"badges seen: ['✅', '🔎']",,2026-07-07T22:42:21
인투셀,01374443,287840,KOSDAQ,분기x별도,재무제표,CV-3,PASS,rows=29 cols=13 slider_extended=True,,2026-07-07T22:42:21
인투셀,01374443,287840,KOSDAQ,분기x별도,재무제표,DS-2/DS-3,DONE,"cross-check completed for ['매출액', '영업이익']",,2026-07-07T22:42:21
인투셀,01374443,287840,KOSDAQ,분기x별도,지표,CV-6,PASS,default metric selection visible,,2026-07-07T22:42:21
인트론바이오,00292434,048530,KOSDAQ,연간x연결,재무제표,DS-1,PASS,,,2026-07-07T22:42:34
인트론바이오,00292434,048530,KOSDAQ,연간x연결,상단,DS-8,PASS,,,2026-07-07T22:42:34
인트론바이오,00292434,048530,KOSDAQ,연간x연결,상단,DS-7,PASS,"badges seen: ['✅', '🔎', '⚠']",,2026-07-07T22:42:34
인트론바이오,00292434,048530,KOSDAQ,연간x연결,재무제표,CV-3,PASS,rows=29 cols=14 slider_extended=True,,2026-07-07T22:42:34
인트론바이오,00292434,048530,KOSDAQ,연간x연결,재무제표,DS-2/DS-3,DONE,"cross-check completed for ['매출액', '영업이익']",,2026-07-07T22:42:34
인트론바이오,00292434,048530,KOSDAQ,연간x연결,지표,CV-6,PASS,default metric selection visible,,2026-07-07T22:42:34
인트론바이오,00292434,048530,KOSDAQ,연간x별도,재무제표,DS-1,PASS,,,2026-07-07T22:42:39
인트론바이오,00292434,048530,KOSDAQ,연간x별도,상단,DS-8,PASS,,,2026-07-07T22:42:39
인트론바이오,00292434,048530,KOSDAQ,연간x별도,상단,DS-7,PASS,"badges seen: ['✅', '🔎', '⚠']",,2026-07-07T22:42:39
인트론바이오,00292434,048530,KOSDAQ,연간x별도,재무제표,CV-3,PASS,rows=29 cols=24 slider_extended=True,,2026-07-07T22:42:39
인트론바이오,00292434,048530,KOSDAQ,연간x별도,재무제표,DS-2/DS-3,DONE,"cross-check completed for ['매출액', '영업이익']",,2026-07-07T22:42:39
인트론바이오,00292434,048530,KOSDAQ,연간x별도,지표,CV-6,PASS,default metric selection visible,,2026-07-07T22:42:39
인트론바이오,00292434,048530,KOSDAQ,분기x연결,재무제표,DS-1,PASS,,,2026-07-07T22:42:45
인트론바이오,00292434,048530,KOSDAQ,분기x연결,상단,DS-8,PASS,,,2026-07-07T22:42:45
인트론바이오,00292434,048530,KOSDAQ,분기x연결,상단,DS-7,PASS,"badges seen: ['✅', '🔎']",,2026-07-07T22:42:45
인트론바이오,00292434,048530,KOSDAQ,분기x연결,재무제표,CV-3,PASS,rows=29 cols=43 slider_extended=True,,2026-07-07T22:42:45
인트론바이오,00292434,048530,KOSDAQ,분기x연결,재무제표,DS-2/DS-3,DONE,"cross-check completed for ['매출액', '영업이익']",,2026-07-07T22:42:45
인트론바이오,00292434,048530,KOSDAQ,분기x연결,지표,CV-6,PASS,default metric selection visible,,2026-07-07T22:42:45
인트론바이오,00292434,048530,KOSDAQ,분기x별도,재무제표,DS-1,PASS,,,2026-07-07T22:42:53
인트론바이오,00292434,048530,KOSDAQ,분기x별도,상단,DS-8,PASS,,,2026-07-07T22:42:53
인트론바이오,00292434,048530,KOSDAQ,분기x별도,상단,DS-7,PASS,"badges seen: ['✅', '🔎']",,2026-07-07T22:42:53
인트론바이오,00292434,048530,KOSDAQ,분기x별도,재무제표,CV-3,PASS,rows=29 cols=70 slider_extended=True,,2026-07-07T22:42:53
인트론바이오,00292434,048530,KOSDAQ,분기x별도,재무제표,DS-2/DS-3,DONE,"cross-check completed for ['매출액', '영업이익']",,2026-07-07T22:42:53
인트론바이오,00292434,048530,KOSDAQ,분기x별도,지표,CV-6,PASS,default metric selection visible,,2026-07-07T22:42:53
인티큐브,00470829,070590,KOSDAQ,연간x연결,재무제표,DS-1,PASS,,,2026-07-07T22:43:06
인티큐브,00470829,070590,KOSDAQ,연간x연결,상단,DS-8,PASS,,,2026-07-07T22:43:06
인티큐브,00470829,070590,KOSDAQ,연간x연결,상단,DS-7,PASS,"badges seen: ['✅', '🔎']",,2026-07-07T22:43:06
인티큐브,00470829,070590,KOSDAQ,연간x연결,재무제표,CV-3,PASS,rows=29 cols=23 slider_extended=True,,2026-07-07T22:43:06
인티큐브,00470829,070590,KOSDAQ,연간x연결,재무제표,DS-2/DS-3,DONE,"cross-check completed for ['매출액', '영업이익']",,2026-07-07T22:43:06
인티큐브,00470829,070590,KOSDAQ,연간x연결,지표,CV-6,PASS,default metric selection visible,,2026-07-07T22:43:06
인티큐브,00470829,070590,KOSDAQ,연간x별도,재무제표,DS-1,PASS,,,2026-07-07T22:43:11
인티큐브,00470829,070590,KOSDAQ,연간x별도,상단,DS-8,PASS,,,2026-07-07T22:43:11
인티큐브,00470829,070590,KOSDAQ,연간x별도,상단,DS-7,PASS,"badges seen: ['✅', '🔎']",,2026-07-07T22:43:11
인티큐브,00470829,070590,KOSDAQ,연간x별도,재무제표,CV-3,PASS,rows=29 cols=25 slider_extended=True,,2026-07-07T22:43:11
인티큐브,00470829,070590,KOSDAQ,연간x별도,재무제표,DS-2/DS-3,DONE,"cross-check completed for ['매출액', '영업이익']",,2026-07-07T22:43:11
인티큐브,00470829,070590,KOSDAQ,연간x별도,지표,CV-6,PASS,default metric selection visible,,2026-07-07T22:43:11
인티큐브,00470829,070590,KOSDAQ,분기x연결,재무제표,DS-1,PASS,,,2026-07-07T22:43:18
인티큐브,00470829,070590,KOSDAQ,분기x연결,상단,DS-8,PASS,,,2026-07-07T22:43:18
인티큐브,00470829,070590,KOSDAQ,분기x연결,상단,DS-7,PASS,"badges seen: ['✅', '🔎']",,2026-07-07T22:43:18
인티큐브,00470829,070590,KOSDAQ,분기x연결,재무제표,CV-3,PASS,rows=29 cols=57 slider_extended=True,,2026-07-07T22:43:18
인티큐브,00470829,070590,KOSDAQ,분기x연결,재무제표,DS-2/DS-3,DONE,"cross-check completed for ['매출액', '영업이익']",,2026-07-07T22:43:18
인티큐브,00470829,070590,KOSDAQ,분기x연결,지표,CV-6,PASS,default metric selection visible,,2026-07-07T22:43:18
인티큐브,00470829,070590,KOSDAQ,분기x별도,재무제표,DS-1,PASS,,,2026-07-07T22:43:25
인티큐브,00470829,070590,KOSDAQ,분기x별도,상단,DS-8,PASS,,,2026-07-07T22:43:25
인티큐브,00470829,070590,KOSDAQ,분기x별도,상단,DS-7,PASS,"badges seen: ['✅', '🔎']",,2026-07-07T22:43:25
인티큐브,00470829,070590,KOSDAQ,분기x별도,재무제표,CV-3,PASS,rows=29 cols=82 slider_extended=True,,2026-07-07T22:43:25
인티큐브,00470829,070590,KOSDAQ,분기x별도,재무제표,DS-2/DS-3,DONE,"cross-check completed for ['매출액', '영업이익']",,2026-07-07T22:43:25
인티큐브,00470829,070590,KOSDAQ,분기x별도,지표,CV-6,PASS,default metric selection visible,,2026-07-07T22:43:25
인포바인,00491415,115310,KOSDAQ,연간x연결,재무제표,DS-1,PASS,,,2026-07-07T22:43:39
인포바인,00491415,115310,KOSDAQ,연간x연결,상단,DS-8,PASS,,,2026-07-07T22:43:39
인포바인,00491415,115310,KOSDAQ,연간x연결,상단,DS-7,PASS,"badges seen: ['✅', '🔎', '⚠']",,2026-07-07T22:43:39
인포바인,00491415,115310,KOSDAQ,연간x연결,재무제표,CV-3,PASS,rows=29 cols=16 slider_extended=True,,2026-07-07T22:43:39
인포바인,00491415,115310,KOSDAQ,연간x연결,재무제표,DS-2/DS-3,DONE,"cross-check completed for ['매출액', '영업이익']",,2026-07-07T22:43:39
인포바인,00491415,115310,KOSDAQ,연간x연결,지표,CV-6,PASS,default metric selection visible,,2026-07-07T22:43:39
인포바인,00491415,115310,KOSDAQ,연간x별도,재무제표,DS-1,PASS,,,2026-07-07T22:43:44
인포바인,00491415,115310,KOSDAQ,연간x별도,상단,DS-8,PASS,,,2026-07-07T22:43:44
인포바인,00491415,115310,KOSDAQ,연간x별도,상단,DS-7,PASS,"badges seen: ['✅', '🔎', '⚠']",,2026-07-07T22:43:44
인포바인,00491415,115310,KOSDAQ,연간x별도,재무제표,CV-3,PASS,rows=29 cols=21 slider_extended=True,,2026-07-07T22:43:44
인포바인,00491415,115310,KOSDAQ,연간x별도,재무제표,DS-2/DS-3,DONE,"cross-check completed for ['매출액', '영업이익']",,2026-07-07T22:43:44
인포바인,00491415,115310,KOSDAQ,연간x별도,지표,CV-6,PASS,default metric selection visible,,2026-07-07T22:43:44
인포바인,00491415,115310,KOSDAQ,분기x연결,재무제표,DS-1,PASS,,,2026-07-07T22:43:50
인포바인,00491415,115310,KOSDAQ,분기x연결,상단,DS-8,PASS,,,2026-07-07T22:43:50
인포바인,00491415,115310,KOSDAQ,분기x연결,상단,DS-7,PASS,"badges seen: ['✅', '🔎', '⚠']",,2026-07-07T22:43:50
인포바인,00491415,115310,KOSDAQ,분기x연결,재무제표,CV-3,PASS,rows=29 cols=55 slider_extended=True,,2026-07-07T22:43:50
인포바인,00491415,115310,KOSDAQ,분기x연결,재무제표,DS-2/DS-3,DONE,"cross-check completed for ['매출액', '영업이익']",,2026-07-07T22:43:50
인포바인,00491415,115310,KOSDAQ,분기x연결,지표,CV-6,PASS,default metric selection visible,,2026-07-07T22:43:50
인포바인,00491415,115310,KOSDAQ,분기x별도,재무제표,DS-1,PASS,,,2026-07-07T22:43:57
인포바인,00491415,115310,KOSDAQ,분기x별도,상단,DS-8,PASS,,,2026-07-07T22:43:57
인포바인,00491415,115310,KOSDAQ,분기x별도,상단,DS-7,PASS,"badges seen: ['✅', '🔎', '⚠']",,2026-07-07T22:43:57
인포바인,00491415,115310,KOSDAQ,분기x별도,재무제표,CV-3,PASS,rows=29 cols=69 slider_extended=True,,2026-07-07T22:43:57
인포바인,00491415,115310,KOSDAQ,분기x별도,재무제표,DS-2/DS-3,DONE,"cross-check completed for ['매출액', '영업이익']",,2026-07-07T22:43:57
인포바인,00491415,115310,KOSDAQ,분기x별도,지표,CV-6,PASS,default metric selection visible,,2026-07-07T22:43:57
인포뱅크,00243757,039290,KOSDAQ,연간x연결,재무제표,DS-1,PASS,,,2026-07-07T22:44:11
인포뱅크,00243757,039290,KOSDAQ,연간x연결,상단,DS-8,PASS,,,2026-07-07T22:44:11
인포뱅크,00243757,039290,KOSDAQ,연간x연결,상단,DS-7,PASS,"badges seen: ['✅', '🔎', '⚠']",,2026-07-07T22:44:11
인포뱅크,00243757,039290,KOSDAQ,연간x연결,재무제표,CV-3,PASS,rows=29 cols=17 slider_extended=True,,2026-07-07T22:44:11
인포뱅크,00243757,039290,KOSDAQ,연간x연결,재무제표,DS-2/DS-3,DONE,"cross-check completed for ['매출액', '영업이익']",,2026-07-07T22:44:11
인포뱅크,00243757,039290,KOSDAQ,연간x연결,지표,CV-6,PASS,default metric selection visible,,2026-07-07T22:44:11
인포뱅크,00243757,039290,KOSDAQ,연간x별도,재무제표,DS-1,PASS,,,2026-07-07T22:44:16
인포뱅크,00243757,039290,KOSDAQ,연간x별도,상단,DS-8,PASS,,,2026-07-07T22:44:16
인포뱅크,00243757,039290,KOSDAQ,연간x별도,상단,DS-7,PASS,"badges seen: ['✅', '🔎', '⚠']",,2026-07-07T22:44:16
인포뱅크,00243757,039290,KOSDAQ,연간x별도,재무제표,CV-3,PASS,rows=29 cols=24 slider_extended=True,,2026-07-07T22:44:16
인포뱅크,00243757,039290,KOSDAQ,연간x별도,재무제표,DS-2/DS-3,DONE,"cross-check completed for ['매출액', '영업이익']",,2026-07-07T22:44:16
인포뱅크,00243757,039290,KOSDAQ,연간x별도,지표,CV-6,PASS,default metric selection visible,,2026-07-07T22:44:16
인포뱅크,00243757,039290,KOSDAQ,분기x연결,재무제표,DS-1,PASS,,,2026-07-07T22:44:22
인포뱅크,00243757,039290,KOSDAQ,분기x연결,상단,DS-8,PASS,,,2026-07-07T22:44:22
인포뱅크,00243757,039290,KOSDAQ,분기x연결,상단,DS-7,PASS,"badges seen: ['✅', '🔎']",,2026-07-07T22:44:22
인포뱅크,00243757,039290,KOSDAQ,분기x연결,재무제표,CV-3,PASS,rows=29 cols=60 slider_extended=True,,2026-07-07T22:44:22
인포뱅크,00243757,039290,KOSDAQ,분기x연결,재무제표,DS-2/DS-3,DONE,"cross-check completed for ['매출액', '영업이익']",,2026-07-07T22:44:22
인포뱅크,00243757,039290,KOSDAQ,분기x연결,지표,CV-6,PASS,default metric selection visible,,2026-07-07T22:44:22
인포뱅크,00243757,039290,KOSDAQ,분기x별도,재무제표,DS-1,PASS,,,2026-07-07T22:44:30
인포뱅크,00243757,039290,KOSDAQ,분기x별도,상단,DS-8,PASS,,,2026-07-07T22:44:30
인포뱅크,00243757,039290,KOSDAQ,분기x별도,상단,DS-7,PASS,"badges seen: ['✅', '🔎']",,2026-07-07T22:44:30
인포뱅크,00243757,039290,KOSDAQ,분기x별도,재무제표,CV-3,PASS,rows=29 cols=75 slider_extended=True,,2026-07-07T22:44:30
인포뱅크,00243757,039290,KOSDAQ,분기x별도,재무제표,DS-2/DS-3,DONE,"cross-check completed for ['매출액', '영업이익']",,2026-07-07T22:44:30
인포뱅크,00243757,039290,KOSDAQ,분기x별도,지표,CV-6,PASS,default metric selection visible,,2026-07-07T22:44:30
인화정공,00482426,101930,KOSDAQ,연간x연결,재무제표,DS-1,PASS,,,2026-07-07T22:44:43
인화정공,00482426,101930,KOSDAQ,연간x연결,상단,DS-8,PASS,,,2026-07-07T22:44:43
인화정공,00482426,101930,KOSDAQ,연간x연결,상단,DS-7,PASS,"badges seen: ['✅', '🔎', '⚠']",,2026-07-07T22:44:43
인화정공,00482426,101930,KOSDAQ,연간x연결,재무제표,CV-3,PASS,rows=29 cols=19 slider_extended=True,,2026-07-07T22:44:43
인화정공,00482426,101930,KOSDAQ,연간x연결,재무제표,DS-2/DS-3,DONE,"cross-check completed for ['매출액', '영업이익']",,2026-07-07T22:44:43
인화정공,00482426,101930,KOSDAQ,연간x연결,지표,CV-6,PASS,default metric selection visible,,2026-07-07T22:44:43
인화정공,00482426,101930,KOSDAQ,연간x별도,재무제표,DS-1,PASS,,,2026-07-07T22:44:49
인화정공,00482426,101930,KOSDAQ,연간x별도,상단,DS-8,PASS,,,2026-07-07T22:44:49
인화정공,00482426,101930,KOSDAQ,연간x별도,상단,DS-7,PASS,"badges seen: ['✅', '🔎', '⚠']",,2026-07-07T22:44:49
인화정공,00482426,101930,KOSDAQ,연간x별도,재무제표,CV-3,PASS,rows=29 cols=20 slider_extended=True,,2026-07-07T22:44:49
인화정공,00482426,101930,KOSDAQ,연간x별도,재무제표,DS-2/DS-3,DONE,"cross-check completed for ['매출액', '영업이익']",,2026-07-07T22:44:49
인화정공,00482426,101930,KOSDAQ,연간x별도,지표,CV-6,PASS,default metric selection visible,,2026-07-07T22:44:49
인화정공,00482426,101930,KOSDAQ,분기x연결,재무제표,DS-1,PASS,,,2026-07-07T22:44:55
인화정공,00482426,101930,KOSDAQ,분기x연결,상단,DS-8,PASS,,,2026-07-07T22:44:55
인화정공,00482426,101930,KOSDAQ,분기x연결,상단,DS-7,PASS,"badges seen: ['✅', '🔎', '⚠']",,2026-07-07T22:44:55
인화정공,00482426,101930,KOSDAQ,분기x연결,재무제표,CV-3,PASS,rows=29 cols=63 slider_extended=True,,2026-07-07T22:44:55
인화정공,00482426,101930,KOSDAQ,분기x연결,재무제표,DS-2/DS-3,DONE,"cross-check completed for ['매출액', '영업이익']",,2026-07-07T22:44:55
인화정공,00482426,101930,KOSDAQ,분기x연결,지표,CV-6,PASS,default metric selection visible,,2026-07-07T22:44:55
인화정공,00482426,101930,KOSDAQ,분기x별도,재무제표,DS-1,PASS,,,2026-07-07T22:45:02
인화정공,00482426,101930,KOSDAQ,분기x별도,상단,DS-8,PASS,,,2026-07-07T22:45:02
인화정공,00482426,101930,KOSDAQ,분기x별도,상단,DS-7,PASS,"badges seen: ['✅', '🔎', '⚠']",,2026-07-07T22:45:02
인화정공,00482426,101930,KOSDAQ,분기x별도,재무제표,CV-3,PASS,rows=29 cols=65 slider_extended=True,,2026-07-07T22:45:02
인화정공,00482426,101930,KOSDAQ,분기x별도,재무제표,DS-2/DS-3,DONE,"cross-check completed for ['매출액', '영업이익']",,2026-07-07T22:45:02
인화정공,00482426,101930,KOSDAQ,분기x별도,지표,CV-6,PASS,default metric selection visible,,2026-07-07T22:45:02
일승,01396676,333430,KOSDAQ,연간x연결,재무제표,DS-1,PASS,,,2026-07-07T22:45:16
일승,01396676,333430,KOSDAQ,연간x연결,상단,DS-8,PASS,,,2026-07-07T22:45:16
일승,01396676,333430,KOSDAQ,연간x연결,상단,DS-7,PASS,"badges seen: ['✅', '🔎']",,2026-07-07T22:45:16
일승,01396676,333430,KOSDAQ,연간x연결,재무제표,CV-3,PASS,rows=29 cols=9 slider_extended=True,,2026-07-07T22:45:16
일승,01396676,333430,KOSDAQ,연간x연결,재무제표,DS-2/DS-3,DONE,"cross-check completed for ['매출액', '영업이익']",,2026-07-07T22:45:16
일승,01396676,333430,KOSDAQ,연간x연결,지표,CV-6,PASS,default metric selection visible,,2026-07-07T22:45:16
일승,01396676,333430,KOSDAQ,연간x별도,재무제표,DS-1,PASS,,,2026-07-07T22:45:21
일승,01396676,333430,KOSDAQ,연간x별도,상단,DS-8,PASS,,,2026-07-07T22:45:21
일승,01396676,333430,KOSDAQ,연간x별도,상단,DS-7,PASS,"badges seen: ['✅', '🔎', '⚠']",,2026-07-07T22:45:21
일승,01396676,333430,KOSDAQ,연간x별도,재무제표,CV-3,PASS,rows=29 cols=9 slider_extended=True,,2026-07-07T22:45:21
일승,01396676,333430,KOSDAQ,연간x별도,재무제표,DS-2/DS-3,DONE,"cross-check completed for ['매출액', '영업이익']",,2026-07-07T22:45:21
일승,01396676,333430,KOSDAQ,연간x별도,지표,CV-6,PASS,default metric selection visible,,2026-07-07T22:45:21
일승,01396676,333430,KOSDAQ,분기x연결,재무제표,DS-1,PASS,,,2026-07-07T22:45:27
일승,01396676,333430,KOSDAQ,분기x연결,상단,DS-8,PASS,,,2026-07-07T22:45:27
일승,01396676,333430,KOSDAQ,분기x연결,상단,DS-7,PASS,"badges seen: ['✅', '🔎']",,2026-07-07T22:45:27
일승,01396676,333430,KOSDAQ,분기x연결,재무제표,CV-3,PASS,rows=29 cols=24 slider_extended=True,,2026-07-07T22:45:27
일승,01396676,333430,KOSDAQ,분기x연결,재무제표,DS-2/DS-3,DONE,"cross-check completed for ['매출액', '영업이익']",,2026-07-07T22:45:27
일승,01396676,333430,KOSDAQ,분기x연결,지표,CV-6,PASS,default metric selection visible,,2026-07-07T22:45:27
일승,01396676,333430,KOSDAQ,분기x별도,재무제표,DS-1,PASS,,,2026-07-07T22:45:34
일승,01396676,333430,KOSDAQ,분기x별도,상단,DS-8,PASS,,,2026-07-07T22:45:34
일승,01396676,333430,KOSDAQ,분기x별도,상단,DS-7,PASS,"badges seen: ['✅', '🔎']",,2026-07-07T22:45:34
일승,01396676,333430,KOSDAQ,분기x별도,재무제표,CV-3,PASS,rows=29 cols=14 slider_extended=True,,2026-07-07T22:45:34
일승,01396676,333430,KOSDAQ,분기x별도,재무제표,DS-2/DS-3,DONE,"cross-check completed for ['매출액', '영업이익']",,2026-07-07T22:45:34
일승,01396676,333430,KOSDAQ,분기x별도,지표,CV-6,PASS,default metric selection visible,,2026-07-07T22:45:34
일신바이오,00385415,068330,KOSDAQ,연간x연결,재무제표,DS-1,PASS,,,2026-07-07T22:45:48
일신바이오,00385415,068330,KOSDAQ,연간x연결,상단,DS-8,PASS,,,2026-07-07T22:45:48
일신바이오,00385415,068330,KOSDAQ,연간x연결,상단,DS-7,PASS,"badges seen: ['✅', '🔎']",,2026-07-07T22:45:48
일신바이오,00385415,068330,KOSDAQ,연간x연결,재무제표,CV-3,PASS,rows=29 cols=10 slider_extended=True,,2026-07-07T22:45:48
일신바이오,00385415,068330,KOSDAQ,연간x연결,재무제표,DS-2/DS-3,DONE,"cross-check completed for ['매출액', '영업이익']",,2026-07-07T22:45:48
일신바이오,00385415,068330,KOSDAQ,연간x연결,지표,CV-6,PASS,default metric selection visible,,2026-07-07T22:45:48
일신바이오,00385415,068330,KOSDAQ,연간x별도,재무제표,DS-1,PASS,,,2026-07-07T22:45:53
일신바이오,00385415,068330,KOSDAQ,연간x별도,상단,DS-8,PASS,,,2026-07-07T22:45:53
일신바이오,00385415,068330,KOSDAQ,연간x별도,상단,DS-7,PASS,"badges seen: ['✅', '🔎']",,2026-07-07T22:45:53
일신바이오,00385415,068330,KOSDAQ,연간x별도,재무제표,CV-3,PASS,rows=29 cols=23 slider_extended=True,,2026-07-07T22:45:53
일신바이오,00385415,068330,KOSDAQ,연간x별도,재무제표,DS-2/DS-3,DONE,"cross-check completed for ['매출액', '영업이익']",,2026-07-07T22:45:53
일신바이오,00385415,068330,KOSDAQ,연간x별도,지표,CV-6,PASS,default metric selection visible,,2026-07-07T22:45:53
일신바이오,00385415,068330,KOSDAQ,분기x연결,재무제표,DS-1,PASS,,,2026-07-07T22:45:59
일신바이오,00385415,068330,KOSDAQ,분기x연결,상단,DS-8,PASS,,,2026-07-07T22:45:59
일신바이오,00385415,068330,KOSDAQ,분기x연결,상단,DS-7,PASS,"badges seen: ['✅', '🔎', '⚠']",,2026-07-07T22:45:59
일신바이오,00385415,068330,KOSDAQ,분기x연결,재무제표,CV-3,PASS,rows=29 cols=37 slider_extended=True,,2026-07-07T22:45:59
일신바이오,00385415,068330,KOSDAQ,분기x연결,재무제표,DS-2/DS-3,DONE,"cross-check completed for ['매출액', '영업이익']",,2026-07-07T22:45:59
일신바이오,00385415,068330,KOSDAQ,분기x연결,지표,CV-6,PASS,default metric selection visible,,2026-07-07T22:45:59
일신바이오,00385415,068330,KOSDAQ,분기x별도,재무제표,DS-1,PASS,,,2026-07-07T22:46:06
일신바이오,00385415,068330,KOSDAQ,분기x별도,상단,DS-8,PASS,,,2026-07-07T22:46:06
일신바이오,00385415,068330,KOSDAQ,분기x별도,상단,DS-7,PASS,"badges seen: ['✅', '🔎', '⚠']",,2026-07-07T22:46:06
일신바이오,00385415,068330,KOSDAQ,분기x별도,재무제표,CV-3,PASS,rows=29 cols=75 slider_extended=True,,2026-07-07T22:46:06
일신바이오,00385415,068330,KOSDAQ,분기x별도,재무제표,DS-2/DS-3,DONE,"cross-check completed for ['매출액', '영업이익']",,2026-07-07T22:46:06
일신바이오,00385415,068330,KOSDAQ,분기x별도,지표,CV-6,PASS,default metric selection visible,,2026-07-07T22:46:06
일월지엠엘,00923826,178780,KOSDAQ,연간x연결,재무제표,DS-1,PASS,,,2026-07-07T22:46:20
일월지엠엘,00923826,178780,KOSDAQ,연간x연결,상단,DS-8,PASS,,,2026-07-07T22:46:20
일월지엠엘,00923826,178780,KOSDAQ,연간x연결,상단,DS-7,PASS,"badges seen: ['✅', '🔎']",,2026-07-07T22:46:20
일월지엠엘,00923826,178780,KOSDAQ,연간x연결,재무제표,CV-3,PASS,rows=29 cols=14 slider_extended=True,,2026-07-07T22:46:20
일월지엠엘,00923826,178780,KOSDAQ,연간x연결,재무제표,DS-2/DS-3,DONE,"cross-check completed for ['매출액', '영업이익']",,2026-07-07T22:46:20
일월지엠엘,00923826,178780,KOSDAQ,연간x연결,지표,CV-6,PASS,default metric selection visible,,2026-07-07T22:46:20
일월지엠엘,00923826,178780,KOSDAQ,연간x별도,재무제표,DS-1,PASS,,,2026-07-07T22:46:25
일월지엠엘,00923826,178780,KOSDAQ,연간x별도,상단,DS-8,PASS,,,2026-07-07T22:46:25
일월지엠엘,00923826,178780,KOSDAQ,연간x별도,상단,DS-7,PASS,"badges seen: ['✅', '🔎', '⚠']",,2026-07-07T22:46:25
일월지엠엘,00923826,178780,KOSDAQ,연간x별도,재무제표,CV-3,PASS,rows=29 cols=15 slider_extended=True,,2026-07-07T22:46:25
일월지엠엘,00923826,178780,KOSDAQ,연간x별도,재무제표,DS-2/DS-3,DONE,"cross-check completed for ['매출액', '영업이익']",,2026-07-07T22:46:25
일월지엠엘,00923826,178780,KOSDAQ,연간x별도,지표,CV-6,PASS,default metric selection visible,,2026-07-07T22:46:25
일월지엠엘,00923826,178780,KOSDAQ,분기x연결,재무제표,DS-1,PASS,,,2026-07-07T22:46:31
일월지엠엘,00923826,178780,KOSDAQ,분기x연결,상단,DS-8,PASS,,,2026-07-07T22:46:31
일월지엠엘,00923826,178780,KOSDAQ,분기x연결,상단,DS-7,PASS,"badges seen: ['✅', '🔎', '⚠']",,2026-07-07T22:46:31
일월지엠엘,00923826,178780,KOSDAQ,분기x연결,재무제표,CV-3,PASS,rows=29 cols=51 slider_extended=True,,2026-07-07T22:46:31
일월지엠엘,00923826,178780,KOSDAQ,분기x연결,재무제표,DS-2/DS-3,DONE,"cross-check completed for ['매출액', '영업이익']",,2026-07-07T22:46:31
일월지엠엘,00923826,178780,KOSDAQ,분기x연결,지표,CV-6,PASS,default metrics not found,,2026-07-07T22:46:31
일월지엠엘,00923826,178780,KOSDAQ,분기x별도,재무제표,DS-1,PASS,,,2026-07-07T22:46:39
일월지엠엘,00923826,178780,KOSDAQ,분기x별도,상단,DS-8,PASS,,,2026-07-07T22:46:39
일월지엠엘,00923826,178780,KOSDAQ,분기x별도,상단,DS-7,PASS,"badges seen: ['✅', '🔎', '⚠']",,2026-07-07T22:46:39
일월지엠엘,00923826,178780,KOSDAQ,분기x별도,재무제표,CV-3,PASS,rows=29 cols=52 slider_extended=True,,2026-07-07T22:46:39
일월지엠엘,00923826,178780,KOSDAQ,분기x별도,재무제표,DS-2/DS-3,DONE,"cross-check completed for ['매출액', '영업이익']",,2026-07-07T22:46:39
일월지엠엘,00923826,178780,KOSDAQ,분기x별도,지표,CV-6,PASS,default metric selection visible,,2026-07-07T22:46:39
일지테크,00146560,019540,KOSDAQ,연간x연결,재무제표,DS-1,PASS,,,2026-07-07T22:46:53
일지테크,00146560,019540,KOSDAQ,연간x연결,상단,DS-8,PASS,,,2026-07-07T22:46:53
일지테크,00146560,019540,KOSDAQ,연간x연결,상단,DS-7,PASS,"badges seen: ['✅', '🔎', '⚠']",,2026-07-07T22:46:53
일지테크,00146560,019540,KOSDAQ,연간x연결,재무제표,CV-3,PASS,rows=29 cols=19 slider_extended=True,,2026-07-07T22:46:53
일지테크,00146560,019540,KOSDAQ,연간x연결,재무제표,DS-2/DS-3,DONE,"cross-check completed for ['매출액', '영업이익']",,2026-07-07T22:46:53
일지테크,00146560,019540,KOSDAQ,연간x연결,지표,CV-6,PASS,default metric selection visible,,2026-07-07T22:46:53
일지테크,00146560,019540,KOSDAQ,연간x별도,재무제표,DS-1,PASS,,,2026-07-07T22:46:58
일지테크,00146560,019540,KOSDAQ,연간x별도,상단,DS-8,PASS,,,2026-07-07T22:46:58
일지테크,00146560,019540,KOSDAQ,연간x별도,상단,DS-7,PASS,"badges seen: ['✅', '🔎', '⚠']",,2026-07-07T22:46:58
일지테크,00146560,019540,KOSDAQ,연간x별도,재무제표,CV-3,PASS,rows=29 cols=25 slider_extended=True,,2026-07-07T22:46:58
일지테크,00146560,019540,KOSDAQ,연간x별도,재무제표,DS-2/DS-3,DONE,"cross-check completed for ['매출액', '영업이익']",,2026-07-07T22:46:58
일지테크,00146560,019540,KOSDAQ,연간x별도,지표,CV-6,PASS,default metric selection visible,,2026-07-07T22:46:58
일지테크,00146560,019540,KOSDAQ,분기x연결,재무제표,DS-1,PASS,,,2026-07-07T22:47:04
일지테크,00146560,019540,KOSDAQ,분기x연결,상단,DS-8,PASS,,,2026-07-07T22:47:04
일지테크,00146560,019540,KOSDAQ,분기x연결,상단,DS-7,PASS,"badges seen: ['✅', '🔎', '⚠']",,2026-07-07T22:47:04
일지테크,00146560,019540,KOSDAQ,분기x연결,재무제표,CV-3,PASS,rows=29 cols=60 slider_extended=True,,2026-07-07T22:47:04
일지테크,00146560,019540,KOSDAQ,분기x연결,재무제표,DS-2/DS-3,DONE,"cross-check completed for ['매출액', '영업이익']",,2026-07-07T22:47:04
일지테크,00146560,019540,KOSDAQ,분기x연결,지표,CV-6,PASS,default metric selection visible,,2026-07-07T22:47:04
일지테크,00146560,019540,KOSDAQ,분기x별도,재무제표,DS-1,PASS,,,2026-07-07T22:47:12
일지테크,00146560,019540,KOSDAQ,분기x별도,상단,DS-8,PASS,,,2026-07-07T22:47:12
일지테크,00146560,019540,KOSDAQ,분기x별도,상단,DS-7,PASS,"badges seen: ['✅', '🔎', '⚠']",,2026-07-07T22:47:12
일지테크,00146560,019540,KOSDAQ,분기x별도,재무제표,CV-3,PASS,rows=29 cols=83 slider_extended=True,,2026-07-07T22:47:12
일지테크,00146560,019540,KOSDAQ,분기x별도,재무제표,DS-2/DS-3,DONE,"cross-check completed for ['매출액', '영업이익']",,2026-07-07T22:47:12
일지테크,00146560,019540,KOSDAQ,분기x별도,지표,CV-6,PASS,default metric selection visible,,2026-07-07T22:47:12
일진파워,00485177,094820,KOSDAQ,연간x연결,재무제표,DS-1,PASS,,,2026-07-07T22:47:26
일진파워,00485177,094820,KOSDAQ,연간x연결,상단,DS-8,PASS,,,2026-07-07T22:47:26
일진파워,00485177,094820,KOSDAQ,연간x연결,상단,DS-7,PASS,"badges seen: ['✅', '🔎']",,2026-07-07T22:47:26
일진파워,00485177,094820,KOSDAQ,연간x연결,재무제표,CV-3,PASS,rows=29 cols=16 slider_extended=True,,2026-07-07T22:47:26
일진파워,00485177,094820,KOSDAQ,연간x연결,재무제표,DS-2/DS-3,DONE,"cross-check completed for ['매출액', '영업이익']",,2026-07-07T22:47:26
일진파워,00485177,094820,KOSDAQ,연간x연결,지표,CV-6,PASS,default metric selection visible,,2026-07-07T22:47:26
일진파워,00485177,094820,KOSDAQ,연간x별도,재무제표,DS-1,PASS,,,2026-07-07T22:47:31
일진파워,00485177,094820,KOSDAQ,연간x별도,상단,DS-8,PASS,,,2026-07-07T22:47:31
일진파워,00485177,094820,KOSDAQ,연간x별도,상단,DS-7,PASS,"badges seen: ['✅', '🔎']",,2026-07-07T22:47:31
일진파워,00485177,094820,KOSDAQ,연간x별도,재무제표,CV-3,PASS,rows=29 cols=23 slider_extended=True,,2026-07-07T22:47:31
일진파워,00485177,094820,KOSDAQ,연간x별도,재무제표,DS-2/DS-3,DONE,"cross-check completed for ['매출액', '영업이익']",,2026-07-07T22:47:31
일진파워,00485177,094820,KOSDAQ,연간x별도,지표,CV-6,PASS,default metric selection visible,,2026-07-07T22:47:31
일진파워,00485177,094820,KOSDAQ,분기x연결,재무제표,DS-1,PASS,,,2026-07-07T22:47:37
일진파워,00485177,094820,KOSDAQ,분기x연결,상단,DS-8,PASS,,,2026-07-07T22:47:37
일진파워,00485177,094820,KOSDAQ,분기x연결,상단,DS-7,PASS,"badges seen: ['✅', '🔎']",,2026-07-07T22:47:37
일진파워,00485177,094820,KOSDAQ,분기x연결,재무제표,CV-3,PASS,rows=29 cols=14 slider_extended=True,,2026-07-07T22:47:37
일진파워,00485177,094820,KOSDAQ,분기x연결,재무제표,DS-2/DS-3,DONE,"cross-check completed for ['매출액', '영업이익']",,2026-07-07T22:47:37
일진파워,00485177,094820,KOSDAQ,분기x연결,지표,CV-6,PASS,default metric selection visible,,2026-07-07T22:47:37
일진파워,00485177,094820,KOSDAQ,분기x별도,재무제표,DS-1,PASS,,,2026-07-07T22:47:44
일진파워,00485177,094820,KOSDAQ,분기x별도,상단,DS-8,PASS,,,2026-07-07T22:47:44
일진파워,00485177,094820,KOSDAQ,분기x별도,상단,DS-7,PASS,"badges seen: ['✅', '🔎']",,2026-07-07T22:47:44
일진파워,00485177,094820,KOSDAQ,분기x별도,재무제표,CV-3,PASS,rows=29 cols=76 slider_extended=True,,2026-07-07T22:47:44
일진파워,00485177,094820,KOSDAQ,분기x별도,재무제표,DS-2/DS-3,DONE,"cross-check completed for ['매출액', '영업이익']",,2026-07-07T22:47:44
일진파워,00485177,094820,KOSDAQ,분기x별도,지표,CV-6,PASS,default metric selection visible,,2026-07-07T22:47:44
잉글우드랩,01165739,950140,KOSDAQ,연간x연결,재무제표,DS-1,PASS,,,2026-07-07T22:47:58
잉글우드랩,01165739,950140,KOSDAQ,연간x연결,상단,DS-8,PASS,,,2026-07-07T22:47:58
잉글우드랩,01165739,950140,KOSDAQ,연간x연결,상단,DS-7,PASS,"badges seen: ['✅', '🔎', '⚠']",,2026-07-07T22:47:58
잉글우드랩,01165739,950140,KOSDAQ,연간x연결,재무제표,CV-3,PASS,rows=29 cols=13 slider_extended=True,,2026-07-07T22:47:58
잉글우드랩,01165739,950140,KOSDAQ,연간x연결,재무제표,DS-2/DS-3,DONE,"cross-check completed for ['매출액', '영업이익']",,2026-07-07T22:47:58
잉글우드랩,01165739,950140,KOSDAQ,연간x연결,지표,CV-6,PASS,default metric selection visible,,2026-07-07T22:47:58
잉글우드랩,01165739,950140,KOSDAQ,연간x별도,재무제표,DS-1,PASS,,,2026-07-07T22:48:03
잉글우드랩,01165739,950140,KOSDAQ,연간x별도,상단,DS-8,PASS,,,2026-07-07T22:48:03
잉글우드랩,01165739,950140,KOSDAQ,연간x별도,상단,DS-7,PASS,"badges seen: ['✅', '🔎']",,2026-07-07T22:48:03
잉글우드랩,01165739,950140,KOSDAQ,연간x별도,재무제표,CV-3,PASS,rows=29 cols=13 slider_extended=True,,2026-07-07T22:48:03
잉글우드랩,01165739,950140,KOSDAQ,연간x별도,재무제표,DS-2/DS-3,DONE,"cross-check completed for ['매출액', '영업이익']",,2026-07-07T22:48:03
잉글우드랩,01165739,950140,KOSDAQ,연간x별도,지표,CV-6,PASS,default metric selection visible,,2026-07-07T22:48:03
잉글우드랩,01165739,950140,KOSDAQ,분기x연결,재무제표,DS-1,PASS,,,2026-07-07T22:48:10
잉글우드랩,01165739,950140,KOSDAQ,분기x연결,상단,DS-8,PASS,,,2026-07-07T22:48:10
잉글우드랩,01165739,950140,KOSDAQ,분기x연결,상단,DS-7,PASS,"badges seen: ['✅', '🔎']",,2026-07-07T22:48:10
잉글우드랩,01165739,950140,KOSDAQ,분기x연결,재무제표,CV-3,PASS,rows=29 cols=42 slider_extended=True,,2026-07-07T22:48:10
잉글우드랩,01165739,950140,KOSDAQ,분기x연결,재무제표,DS-2/DS-3,DONE,"cross-check completed for ['매출액', '영업이익']",,2026-07-07T22:48:10
잉글우드랩,01165739,950140,KOSDAQ,분기x연결,지표,CV-6,PASS,default metric selection visible,,2026-07-07T22:48:10
잉글우드랩,01165739,950140,KOSDAQ,분기x별도,재무제표,DS-1,PASS,,,2026-07-07T22:48:17
잉글우드랩,01165739,950140,KOSDAQ,분기x별도,상단,DS-8,PASS,,,2026-07-07T22:48:17
잉글우드랩,01165739,950140,KOSDAQ,분기x별도,상단,DS-7,PASS,"badges seen: ['✅', '🔎']",,2026-07-07T22:48:17
잉글우드랩,01165739,950140,KOSDAQ,분기x별도,재무제표,CV-3,PASS,rows=29 cols=44 slider_extended=True,,2026-07-07T22:48:17
잉글우드랩,01165739,950140,KOSDAQ,분기x별도,재무제표,DS-2/DS-3,DONE,"cross-check completed for ['매출액', '영업이익']",,2026-07-07T22:48:17
잉글우드랩,01165739,950140,KOSDAQ,분기x별도,지표,CV-6,PASS,default metric selection visible,,2026-07-07T22:48:17
잉크테크,00261656,049550,KOSDAQ,연간x연결,재무제표,DS-1,PASS,,,2026-07-07T22:48:30
잉크테크,00261656,049550,KOSDAQ,연간x연결,상단,DS-8,PASS,,,2026-07-07T22:48:30
잉크테크,00261656,049550,KOSDAQ,연간x연결,상단,DS-7,PASS,"badges seen: ['✅', '🔎']",,2026-07-07T22:48:30
잉크테크,00261656,049550,KOSDAQ,연간x연결,재무제표,CV-3,PASS,rows=29 cols=19 slider_extended=True,,2026-07-07T22:48:30
잉크테크,00261656,049550,KOSDAQ,연간x연결,재무제표,DS-2/DS-3,DONE,"cross-check completed for ['매출액', '영업이익']",,2026-07-07T22:48:30
잉크테크,00261656,049550,KOSDAQ,연간x연결,지표,CV-6,PASS,default metric selection visible,,2026-07-07T22:48:30
잉크테크,00261656,049550,KOSDAQ,연간x별도,재무제표,DS-1,PASS,,,2026-07-07T22:48:36
잉크테크,00261656,049550,KOSDAQ,연간x별도,상단,DS-8,PASS,,,2026-07-07T22:48:36
잉크테크,00261656,049550,KOSDAQ,연간x별도,상단,DS-7,PASS,"badges seen: ['✅', '🔎']",,2026-07-07T22:48:36
잉크테크,00261656,049550,KOSDAQ,연간x별도,재무제표,CV-3,PASS,rows=29 cols=24 slider_extended=True,,2026-07-07T22:48:36
잉크테크,00261656,049550,KOSDAQ,연간x별도,재무제표,DS-2/DS-3,DONE,"cross-check completed for ['매출액', '영업이익']",,2026-07-07T22:48:36
잉크테크,00261656,049550,KOSDAQ,연간x별도,지표,CV-6,PASS,default metric selection visible,,2026-07-07T22:48:36
잉크테크,00261656,049550,KOSDAQ,분기x연결,재무제표,DS-1,PASS,,,2026-07-07T22:48:42
잉크테크,00261656,049550,KOSDAQ,분기x연결,상단,DS-8,PASS,,,2026-07-07T22:48:42
잉크테크,00261656,049550,KOSDAQ,분기x연결,상단,DS-7,PASS,"badges seen: ['✅', '🔎']",,2026-07-07T22:48:42
잉크테크,00261656,049550,KOSDAQ,분기x연결,재무제표,CV-3,PASS,rows=29 cols=60 slider_extended=True,,2026-07-07T22:48:42
잉크테크,00261656,049550,KOSDAQ,분기x연결,재무제표,DS-2/DS-3,DONE,"cross-check completed for ['매출액', '영업이익']",,2026-07-07T22:48:42
잉크테크,00261656,049550,KOSDAQ,분기x연결,지표,CV-6,PASS,default metric selection visible,,2026-07-07T22:48:42
잉크테크,00261656,049550,KOSDAQ,분기x별도,재무제표,DS-1,PASS,,,2026-07-07T22:48:49
잉크테크,00261656,049550,KOSDAQ,분기x별도,상단,DS-8,PASS,,,2026-07-07T22:48:49
잉크테크,00261656,049550,KOSDAQ,분기x별도,상단,DS-7,PASS,"badges seen: ['✅', '🔎']",,2026-07-07T22:48:49
잉크테크,00261656,049550,KOSDAQ,분기x별도,재무제표,CV-3,PASS,rows=29 cols=83 slider_extended=True,,2026-07-07T22:48:49
잉크테크,00261656,049550,KOSDAQ,분기x별도,재무제표,DS-2/DS-3,DONE,"cross-check completed for ['매출액', '영업이익']",,2026-07-07T22:48:49
잉크테크,00261656,049550,KOSDAQ,분기x별도,지표,CV-6,PASS,default metric selection visible,,2026-07-07T22:48:49
자람테크놀로지,01365038,389020,KOSDAQ,연간x연결,재무제표,DS-1,PASS,,,2026-07-07T22:49:03
자람테크놀로지,01365038,389020,KOSDAQ,연간x연결,상단,DS-8,PASS,,,2026-07-07T22:49:03
자람테크놀로지,01365038,389020,KOSDAQ,연간x연결,상단,DS-4,PASS,substitution caption present,,2026-07-07T22:49:03
자람테크놀로지,01365038,389020,KOSDAQ,연간x연결,상단,DS-7,PASS,"badges seen: ['✅', '🔎', '⚠']",,2026-07-07T22:49:03
자람테크놀로지,01365038,389020,KOSDAQ,연간x연결,재무제표,CV-3,PASS,rows=29 cols=8 slider_extended=True,,2026-07-07T22:49:03
자람테크놀로지,01365038,389020,KOSDAQ,연간x연결,재무제표,DS-2/DS-3,DONE,"cross-check completed for ['매출액', '영업이익']",,2026-07-07T22:49:03
자람테크놀로지,01365038,389020,KOSDAQ,연간x연결,지표,CV-6,PASS,default metric selection visible,,2026-07-07T22:49:03
자람테크놀로지,01365038,389020,KOSDAQ,연간x별도,재무제표,DS-1,PASS,,,2026-07-07T22:49:08
자람테크놀로지,01365038,389020,KOSDAQ,연간x별도,상단,DS-8,PASS,,,2026-07-07T22:49:08
자람테크놀로지,01365038,389020,KOSDAQ,연간x별도,상단,DS-7,PASS,"badges seen: ['✅', '🔎', '⚠']",,2026-07-07T22:49:08
자람테크놀로지,01365038,389020,KOSDAQ,연간x별도,재무제표,CV-3,PASS,rows=29 cols=8 slider_extended=True,,2026-07-07T22:49:08
자람테크놀로지,01365038,389020,KOSDAQ,연간x별도,재무제표,DS-2/DS-3,DONE,"cross-check completed for ['매출액', '영업이익']",,2026-07-07T22:49:08
자람테크놀로지,01365038,389020,KOSDAQ,연간x별도,지표,CV-6,PASS,default metric selection visible,,2026-07-07T22:49:08
자람테크놀로지,01365038,389020,KOSDAQ,분기x연결,재무제표,DS-1,PASS,,,2026-07-07T22:49:15
자람테크놀로지,01365038,389020,KOSDAQ,분기x연결,상단,DS-8,PASS,,,2026-07-07T22:49:15
자람테크놀로지,01365038,389020,KOSDAQ,분기x연결,상단,DS-4,PASS,substitution caption present,,2026-07-07T22:49:15
자람테크놀로지,01365038,389020,KOSDAQ,분기x연결,상단,DS-7,PASS,"badges seen: ['✅', '🔎', '⚠']",,2026-07-07T22:49:15
자람테크놀로지,01365038,389020,KOSDAQ,분기x연결,재무제표,CV-3,PASS,rows=29 cols=20 slider_extended=True,,2026-07-07T22:49:15
자람테크놀로지,01365038,389020,KOSDAQ,분기x연결,재무제표,DS-2/DS-3,DONE,"cross-check completed for ['매출액', '영업이익']",,2026-07-07T22:49:15
자람테크놀로지,01365038,389020,KOSDAQ,분기x연결,지표,CV-6,PASS,default metric selection visible,,2026-07-07T22:49:15
자람테크놀로지,01365038,389020,KOSDAQ,분기x별도,재무제표,DS-1,PASS,,,2026-07-07T22:49:22
자람테크놀로지,01365038,389020,KOSDAQ,분기x별도,상단,DS-8,PASS,,,2026-07-07T22:49:22
자람테크놀로지,01365038,389020,KOSDAQ,분기x별도,상단,DS-7,PASS,"badges seen: ['✅', '🔎', '⚠']",,2026-07-07T22:49:22
자람테크놀로지,01365038,389020,KOSDAQ,분기x별도,재무제표,CV-3,PASS,rows=29 cols=20 slider_extended=True,,2026-07-07T22:49:22
자람테크놀로지,01365038,389020,KOSDAQ,분기x별도,재무제표,DS-2/DS-3,DONE,"cross-check completed for ['매출액', '영업이익']",,2026-07-07T22:49:22
자람테크놀로지,01365038,389020,KOSDAQ,분기x별도,지표,CV-6,PASS,default metric selection visible,,2026-07-07T22:49:22
자비스,01174038,254120,KOSDAQ,연간x연결,재무제표,DS-1,PASS,,,2026-07-07T22:49:36
자비스,01174038,254120,KOSDAQ,연간x연결,상단,DS-8,PASS,,,2026-07-07T22:49:36
자비스,01174038,254120,KOSDAQ,연간x연결,상단,DS-7,PASS,"badges seen: ['✅', '🔎']",,2026-07-07T22:49:36
자비스,01174038,254120,KOSDAQ,연간x연결,재무제표,CV-3,PASS,rows=29 cols=11 slider_extended=True,,2026-07-07T22:49:36
자비스,01174038,254120,KOSDAQ,연간x연결,재무제표,DS-2/DS-3,DONE,"cross-check completed for ['매출액', '영업이익']",,2026-07-07T22:49:36
자비스,01174038,254120,KOSDAQ,연간x연결,지표,CV-6,PASS,default metric selection visible,,2026-07-07T22:49:36
자비스,01174038,254120,KOSDAQ,연간x별도,재무제표,DS-1,PASS,,,2026-07-07T22:49:41
자비스,01174038,254120,KOSDAQ,연간x별도,상단,DS-8,PASS,,,2026-07-07T22:49:41
자비스,01174038,254120,KOSDAQ,연간x별도,상단,DS-7,PASS,"badges seen: ['✅', '🔎']",,2026-07-07T22:49:41
자비스,01174038,254120,KOSDAQ,연간x별도,재무제표,CV-3,PASS,rows=29 cols=13 slider_extended=True,,2026-07-07T22:49:41
자비스,01174038,254120,KOSDAQ,연간x별도,재무제표,DS-2/DS-3,DONE,"cross-check completed for ['매출액', '영업이익']",,2026-07-07T22:49:41
자비스,01174038,254120,KOSDAQ,연간x별도,지표,CV-6,FAIL,default metrics not found,,2026-07-07T22:49:41
자비스,01174038,254120,KOSDAQ,분기x연결,재무제표,DS-1,PASS,,,2026-07-07T22:49:47
자비스,01174038,254120,KOSDAQ,분기x연결,상단,DS-8,PASS,,,2026-07-07T22:49:47
자비스,01174038,254120,KOSDAQ,분기x연결,상단,DS-7,PASS,"badges seen: ['✅', '🔎', '⚠']",,2026-07-07T22:49:47
자비스,01174038,254120,KOSDAQ,분기x연결,재무제표,CV-3,PASS,rows=29 cols=32 slider_extended=True,,2026-07-07T22:49:47
자비스,01174038,254120,KOSDAQ,분기x연결,재무제표,DS-2/DS-3,DONE,"cross-check completed for ['매출액', '영업이익']",,2026-07-07T22:49:47
자비스,01174038,254120,KOSDAQ,분기x연결,지표,CV-6,PASS,default metric selection visible,,2026-07-07T22:49:47
자비스,01174038,254120,KOSDAQ,분기x별도,재무제표,DS-1,PASS,,,2026-07-07T22:49:54
자비스,01174038,254120,KOSDAQ,분기x별도,상단,DS-8,PASS,,,2026-07-07T22:49:54
자비스,01174038,254120,KOSDAQ,분기x별도,상단,DS-7,PASS,"badges seen: ['✅', '🔎']",,2026-07-07T22:49:54
자비스,01174038,254120,KOSDAQ,분기x별도,재무제표,CV-3,PASS,rows=29 cols=36 slider_extended=True,,2026-07-07T22:49:54
자비스,01174038,254120,KOSDAQ,분기x별도,재무제표,DS-2/DS-3,DONE,"cross-check completed for ['매출액', '영업이익']",,2026-07-07T22:49:54
자비스,01174038,254120,KOSDAQ,분기x별도,지표,CV-6,PASS,default metric selection visible,,2026-07-07T22:49:54
자연과환경,00418379,043910,KOSDAQ,연간x연결,재무제표,DS-1,PASS,,,2026-07-07T22:50:08
자연과환경,00418379,043910,KOSDAQ,연간x연결,상단,DS-8,PASS,,,2026-07-07T22:50:08
자연과환경,00418379,043910,KOSDAQ,연간x연결,상단,DS-7,PASS,"badges seen: ['✅', '🔎', '⚠']",,2026-07-07T22:50:08
자연과환경,00418379,043910,KOSDAQ,연간x연결,재무제표,CV-3,PASS,rows=29 cols=19 slider_extended=True,,2026-07-07T22:50:08
자연과환경,00418379,043910,KOSDAQ,연간x연결,재무제표,DS-2/DS-3,DONE,"cross-check completed for ['매출액', '영업이익']",,2026-07-07T22:50:08
자연과환경,00418379,043910,KOSDAQ,연간x연결,지표,CV-6,PASS,default metric selection visible,,2026-07-07T22:50:08
자연과환경,00418379,043910,KOSDAQ,연간x별도,재무제표,DS-1,PASS,,,2026-07-07T22:50:13
자연과환경,00418379,043910,KOSDAQ,연간x별도,상단,DS-8,PASS,,,2026-07-07T22:50:13
자연과환경,00418379,043910,KOSDAQ,연간x별도,상단,DS-7,PASS,"badges seen: ['✅', '🔎', '⚠']",,2026-07-07T22:50:13
자연과환경,00418379,043910,KOSDAQ,연간x별도,재무제표,CV-3,PASS,rows=29 cols=25 slider_extended=True,,2026-07-07T22:50:13
자연과환경,00418379,043910,KOSDAQ,연간x별도,재무제표,DS-2/DS-3,DONE,"cross-check completed for ['매출액', '영업이익']",,2026-07-07T22:50:13
자연과환경,00418379,043910,KOSDAQ,연간x별도,지표,CV-6,PASS,default metric selection visible,,2026-07-07T22:50:13
자연과환경,00418379,043910,KOSDAQ,분기x연결,재무제표,DS-1,PASS,,,2026-07-07T22:50:19
자연과환경,00418379,043910,KOSDAQ,분기x연결,상단,DS-8,PASS,,,2026-07-07T22:50:19
자연과환경,00418379,043910,KOSDAQ,분기x연결,상단,DS-7,PASS,"badges seen: ['✅', '🔎', '⚠']",,2026-07-07T22:50:19
자연과환경,00418379,043910,KOSDAQ,분기x연결,재무제표,CV-3,PASS,rows=29 cols=60 slider_extended=True,,2026-07-07T22:50:19
자연과환경,00418379,043910,KOSDAQ,분기x연결,재무제표,DS-2/DS-3,DONE,"cross-check completed for ['매출액', '영업이익']",,2026-07-07T22:50:19
자연과환경,00418379,043910,KOSDAQ,분기x연결,지표,CV-6,PASS,default metric selection visible,,2026-07-07T22:50:19
자연과환경,00418379,043910,KOSDAQ,분기x별도,재무제표,DS-1,PASS,,,2026-07-07T22:50:26
자연과환경,00418379,043910,KOSDAQ,분기x별도,상단,DS-8,PASS,,,2026-07-07T22:50:26
자연과환경,00418379,043910,KOSDAQ,분기x별도,상단,DS-7,PASS,"badges seen: ['✅', '🔎', '⚠']",,2026-07-07T22:50:26
자연과환경,00418379,043910,KOSDAQ,분기x별도,재무제표,CV-3,PASS,rows=29 cols=79 slider_extended=True,,2026-07-07T22:50:26
자연과환경,00418379,043910,KOSDAQ,분기x별도,재무제표,DS-2/DS-3,DONE,"cross-check completed for ['매출액', '영업이익']",,2026-07-07T22:50:26
자연과환경,00418379,043910,KOSDAQ,분기x별도,지표,CV-6,PASS,default metric selection visible,,2026-07-07T22:50:26
자이글,01020524,234920,KOSDAQ,연간x연결,재무제표,DS-1,PASS,,,2026-07-07T22:50:40
자이글,01020524,234920,KOSDAQ,연간x연결,상단,DS-8,PASS,,,2026-07-07T22:50:40
자이글,01020524,234920,KOSDAQ,연간x연결,상단,DS-7,PASS,"badges seen: ['✅', '🔎', '⚠']",,2026-07-07T22:50:40
자이글,01020524,234920,KOSDAQ,연간x연결,재무제표,CV-3,PASS,rows=29 cols=6 slider_extended=True,,2026-07-07T22:50:40
자이글,01020524,234920,KOSDAQ,연간x연결,재무제표,DS-2/DS-3,DONE,"cross-check completed for ['매출액', '영업이익']",,2026-07-07T22:50:40
자이글,01020524,234920,KOSDAQ,연간x연결,지표,CV-6,PASS,default metric selection visible,,2026-07-07T22:50:40
자이글,01020524,234920,KOSDAQ,연간x별도,재무제표,DS-1,PASS,,,2026-07-07T22:50:45
자이글,01020524,234920,KOSDAQ,연간x별도,상단,DS-8,PASS,,,2026-07-07T22:50:45
자이글,01020524,234920,KOSDAQ,연간x별도,상단,DS-7,PASS,"badges seen: ['✅', '🔎', '⚠']",,2026-07-07T22:50:45
자이글,01020524,234920,KOSDAQ,연간x별도,재무제표,CV-3,PASS,rows=29 cols=12 slider_extended=True,,2026-07-07T22:50:45
자이글,01020524,234920,KOSDAQ,연간x별도,재무제표,DS-2/DS-3,DONE,"cross-check completed for ['매출액', '영업이익']",,2026-07-07T22:50:45
자이글,01020524,234920,KOSDAQ,연간x별도,지표,CV-6,PASS,default metric selection visible,,2026-07-07T22:50:45
자이글,01020524,234920,KOSDAQ,분기x연결,재무제표,DS-1,PASS,,,2026-07-07T22:50:52
자이글,01020524,234920,KOSDAQ,분기x연결,상단,DS-8,PASS,,,2026-07-07T22:50:52
자이글,01020524,234920,KOSDAQ,분기x연결,상단,DS-7,PASS,"badges seen: ['✅', '🔎', '⚠']",,2026-07-07T22:50:52
자이글,01020524,234920,KOSDAQ,분기x연결,재무제표,CV-3,PASS,rows=29 cols=17 slider_extended=True,,2026-07-07T22:50:52
자이글,01020524,234920,KOSDAQ,분기x연결,재무제표,DS-2/DS-3,DONE,"cross-check completed for ['매출액', '영업이익']",,2026-07-07T22:50:52
자이글,01020524,234920,KOSDAQ,분기x연결,지표,CV-6,PASS,default metric selection visible,,2026-07-07T22:50:52
자이글,01020524,234920,KOSDAQ,분기x별도,재무제표,DS-1,PASS,,,2026-07-07T22:50:59
자이글,01020524,234920,KOSDAQ,분기x별도,상단,DS-8,PASS,,,2026-07-07T22:50:59
자이글,01020524,234920,KOSDAQ,분기x별도,상단,DS-7,PASS,"badges seen: ['✅', '🔎', '⚠']",,2026-07-07T22:50:59
자이글,01020524,234920,KOSDAQ,분기x별도,재무제표,CV-3,PASS,rows=29 cols=46 slider_extended=True,,2026-07-07T22:50:59
자이글,01020524,234920,KOSDAQ,분기x별도,재무제표,DS-2/DS-3,DONE,"cross-check completed for ['매출액', '영업이익']",,2026-07-07T22:50:59
자이글,01020524,234920,KOSDAQ,분기x별도,지표,CV-6,PASS,default metric selection visible,,2026-07-07T22:50:59
자이언트스텝,01264438,289220,KOSDAQ,연간x연결,재무제표,DS-1,PASS,,,2026-07-07T22:51:13
자이언트스텝,01264438,289220,KOSDAQ,연간x연결,상단,DS-8,PASS,,,2026-07-07T22:51:13
자이언트스텝,01264438,289220,KOSDAQ,연간x연결,상단,DS-7,PASS,"badges seen: ['✅', '🔎']",,2026-07-07T22:51:13
자이언트스텝,01264438,289220,KOSDAQ,연간x연결,재무제표,CV-3,PASS,rows=29 cols=10 slider_extended=True,,2026-07-07T22:51:13
자이언트스텝,01264438,289220,KOSDAQ,연간x연결,재무제표,DS-2/DS-3,DONE,"cross-check completed for ['매출액', '영업이익']",,2026-07-07T22:51:13
자이언트스텝,01264438,289220,KOSDAQ,연간x연결,지표,CV-6,PASS,default metric selection visible,,2026-07-07T22:51:13
자이언트스텝,01264438,289220,KOSDAQ,연간x별도,재무제표,DS-1,PASS,,,2026-07-07T22:51:18
자이언트스텝,01264438,289220,KOSDAQ,연간x별도,상단,DS-8,PASS,,,2026-07-07T22:51:18
자이언트스텝,01264438,289220,KOSDAQ,연간x별도,상단,DS-7,PASS,"badges seen: ['✅', '🔎']",,2026-07-07T22:51:18
자이언트스텝,01264438,289220,KOSDAQ,연간x별도,재무제표,CV-3,PASS,rows=29 cols=10 slider_extended=True,,2026-07-07T22:51:18
자이언트스텝,01264438,289220,KOSDAQ,연간x별도,재무제표,DS-2/DS-3,DONE,"cross-check completed for ['매출액', '영업이익']",,2026-07-07T22:51:18
자이언트스텝,01264438,289220,KOSDAQ,연간x별도,지표,CV-6,PASS,default metric selection visible,,2026-07-07T22:51:18
자이언트스텝,01264438,289220,KOSDAQ,분기x연결,재무제표,DS-1,PASS,,,2026-07-07T22:51:24
자이언트스텝,01264438,289220,KOSDAQ,분기x연결,상단,DS-8,PASS,,,2026-07-07T22:51:24
자이언트스텝,01264438,289220,KOSDAQ,분기x연결,상단,DS-7,PASS,"badges seen: ['✅', '🔎']",,2026-07-07T22:51:24
자이언트스텝,01264438,289220,KOSDAQ,분기x연결,재무제표,CV-3,PASS,rows=29 cols=28 slider_extended=True,,2026-07-07T22:51:24
자이언트스텝,01264438,289220,KOSDAQ,분기x연결,재무제표,DS-2/DS-3,DONE,"cross-check completed for ['매출액', '영업이익']",,2026-07-07T22:51:24
자이언트스텝,01264438,289220,KOSDAQ,분기x연결,지표,CV-6,PASS,default metric selection visible,,2026-07-07T22:51:24
자이언트스텝,01264438,289220,KOSDAQ,분기x별도,재무제표,DS-1,PASS,,,2026-07-07T22:51:31
자이언트스텝,01264438,289220,KOSDAQ,분기x별도,상단,DS-8,PASS,,,2026-07-07T22:51:31
자이언트스텝,01264438,289220,KOSDAQ,분기x별도,상단,DS-7,PASS,"badges seen: ['✅', '🔎']",,2026-07-07T22:51:31
자이언트스텝,01264438,289220,KOSDAQ,분기x별도,재무제표,CV-3,PASS,rows=29 cols=28 slider_extended=True,,2026-07-07T22:51:31
자이언트스텝,01264438,289220,KOSDAQ,분기x별도,재무제표,DS-2/DS-3,DONE,"cross-check completed for ['매출액', '영업이익']",,2026-07-07T22:51:31
자이언트스텝,01264438,289220,KOSDAQ,분기x별도,지표,CV-6,PASS,default metric selection visible,,2026-07-07T22:51:31
재영솔루텍,00147082,049630,KOSDAQ,연간x연결,재무제표,DS-1,PASS,,,2026-07-07T22:51:45
재영솔루텍,00147082,049630,KOSDAQ,연간x연결,상단,DS-8,PASS,,,2026-07-07T22:51:45
재영솔루텍,00147082,049630,KOSDAQ,연간x연결,상단,DS-7,PASS,"badges seen: ['✅', '🔎', '⚠']",,2026-07-07T22:51:45
재영솔루텍,00147082,049630,KOSDAQ,연간x연결,재무제표,CV-3,PASS,rows=29 cols=19 slider_extended=True,,2026-07-07T22:51:45
재영솔루텍,00147082,049630,KOSDAQ,연간x연결,재무제표,DS-2/DS-3,DONE,"cross-check completed for ['매출액', '영업이익']",,2026-07-07T22:51:45
재영솔루텍,00147082,049630,KOSDAQ,연간x연결,지표,CV-6,PASS,default metric selection visible,,2026-07-07T22:51:45
재영솔루텍,00147082,049630,KOSDAQ,연간x별도,재무제표,DS-1,PASS,,,2026-07-07T22:51:50
재영솔루텍,00147082,049630,KOSDAQ,연간x별도,상단,DS-8,PASS,,,2026-07-07T22:51:50
재영솔루텍,00147082,049630,KOSDAQ,연간x별도,상단,DS-7,PASS,"badges seen: ['✅', '🔎', '⚠']",,2026-07-07T22:51:50
재영솔루텍,00147082,049630,KOSDAQ,연간x별도,재무제표,CV-3,PASS,rows=29 cols=27 slider_extended=True,,2026-07-07T22:51:50
재영솔루텍,00147082,049630,KOSDAQ,연간x별도,재무제표,DS-2/DS-3,DONE,"cross-check completed for ['매출액', '영업이익']",,2026-07-07T22:51:50
재영솔루텍,00147082,049630,KOSDAQ,연간x별도,지표,CV-6,PASS,default metric selection visible,,2026-07-07T22:51:50
재영솔루텍,00147082,049630,KOSDAQ,분기x연결,재무제표,DS-1,PASS,,,2026-07-07T22:51:57
재영솔루텍,00147082,049630,KOSDAQ,분기x연결,상단,DS-8,PASS,,,2026-07-07T22:51:57
재영솔루텍,00147082,049630,KOSDAQ,분기x연결,상단,DS-7,PASS,"badges seen: ['✅', '🔎', '⚠']",,2026-07-07T22:51:57
재영솔루텍,00147082,049630,KOSDAQ,분기x연결,재무제표,CV-3,PASS,rows=29 cols=63 slider_extended=True,,2026-07-07T22:51:57
재영솔루텍,00147082,049630,KOSDAQ,분기x연결,재무제표,DS-2/DS-3,DONE,"cross-check completed for ['매출액', '영업이익']",,2026-07-07T22:51:57
재영솔루텍,00147082,049630,KOSDAQ,분기x연결,지표,CV-6,PASS,default metric selection visible,,2026-07-07T22:51:57
재영솔루텍,00147082,049630,KOSDAQ,분기x별도,재무제표,DS-1,PASS,,,2026-07-07T22:52:04
재영솔루텍,00147082,049630,KOSDAQ,분기x별도,상단,DS-8,PASS,,,2026-07-07T22:52:04
재영솔루텍,00147082,049630,KOSDAQ,분기x별도,상단,DS-7,PASS,"badges seen: ['✅', '🔎', '⚠']",,2026-07-07T22:52:04
재영솔루텍,00147082,049630,KOSDAQ,분기x별도,재무제표,CV-3,PASS,rows=29 cols=84 slider_extended=True,,2026-07-07T22:52:04
재영솔루텍,00147082,049630,KOSDAQ,분기x별도,재무제표,DS-2/DS-3,DONE,"cross-check completed for ['매출액', '영업이익']",,2026-07-07T22:52:04
재영솔루텍,00147082,049630,KOSDAQ,분기x별도,지표,CV-6,PASS,default metric selection visible,,2026-07-07T22:52:04
저스템,01383229,417840,KOSDAQ,연간x연결,재무제표,DS-1,PASS,,,2026-07-07T22:52:18
저스템,01383229,417840,KOSDAQ,연간x연결,상단,DS-8,PASS,,,2026-07-07T22:52:18
저스템,01383229,417840,KOSDAQ,연간x연결,상단,DS-7,PASS,"badges seen: ['✅', '🔎', '⚠']",,2026-07-07T22:52:18
저스템,01383229,417840,KOSDAQ,연간x연결,재무제표,CV-3,PASS,rows=29 cols=7 slider_extended=True,,2026-07-07T22:52:18
저스템,01383229,417840,KOSDAQ,연간x연결,재무제표,DS-2/DS-3,DONE,"cross-check completed for ['매출액', '영업이익']",,2026-07-07T22:52:18
저스템,01383229,417840,KOSDAQ,연간x연결,지표,CV-6,PASS,default metric selection visible,,2026-07-07T22:52:18
저스템,01383229,417840,KOSDAQ,연간x별도,재무제표,DS-1,PASS,,,2026-07-07T22:52:23
저스템,01383229,417840,KOSDAQ,연간x별도,상단,DS-8,PASS,,,2026-07-07T22:52:23
저스템,01383229,417840,KOSDAQ,연간x별도,상단,DS-7,PASS,"badges seen: ['✅', '🔎', '⚠']",,2026-07-07T22:52:23
저스템,01383229,417840,KOSDAQ,연간x별도,재무제표,CV-3,PASS,rows=29 cols=8 slider_extended=True,,2026-07-07T22:52:23
저스템,01383229,417840,KOSDAQ,연간x별도,재무제표,DS-2/DS-3,DONE,"cross-check completed for ['매출액', '영업이익']",,2026-07-07T22:52:23
저스템,01383229,417840,KOSDAQ,연간x별도,지표,CV-6,PASS,default metric selection visible,,2026-07-07T22:52:23
저스템,01383229,417840,KOSDAQ,분기x연결,재무제표,DS-1,PASS,,,2026-07-07T22:52:29
저스템,01383229,417840,KOSDAQ,분기x연결,상단,DS-8,PASS,,,2026-07-07T22:52:29
저스템,01383229,417840,KOSDAQ,분기x연결,상단,DS-7,PASS,"badges seen: ['✅', '🔎', '⚠']",,2026-07-07T22:52:29
저스템,01383229,417840,KOSDAQ,분기x연결,재무제표,CV-3,PASS,rows=29 cols=17 slider_extended=True,,2026-07-07T22:52:29
저스템,01383229,417840,KOSDAQ,분기x연결,재무제표,DS-2/DS-3,DONE,"cross-check completed for ['매출액', '영업이익']",,2026-07-07T22:52:29
저스템,01383229,417840,KOSDAQ,분기x연결,지표,CV-6,PASS,default metric selection visible,,2026-07-07T22:52:29
저스템,01383229,417840,KOSDAQ,분기x별도,재무제표,DS-1,PASS,,,2026-07-07T22:52:37
저스템,01383229,417840,KOSDAQ,분기x별도,상단,DS-8,PASS,,,2026-07-07T22:52:37
저스템,01383229,417840,KOSDAQ,분기x별도,상단,DS-7,PASS,"badges seen: ['✅', '🔎', '⚠']",,2026-07-07T22:52:37
저스템,01383229,417840,KOSDAQ,분기x별도,재무제표,CV-3,PASS,rows=29 cols=20 slider_extended=True,,2026-07-07T22:52:37
저스템,01383229,417840,KOSDAQ,분기x별도,재무제표,DS-2/DS-3,DONE,"cross-check completed for ['매출액', '영업이익']",,2026-07-07T22:52:37
저스템,01383229,417840,KOSDAQ,분기x별도,지표,CV-6,PASS,default metric selection visible,,2026-07-07T22:52:37
전진바이오팜,00632793,110020,KOSDAQ,연간x연결,재무제표,DS-1,PASS,,,2026-07-07T22:52:50
전진바이오팜,00632793,110020,KOSDAQ,연간x연결,상단,DS-8,PASS,,,2026-07-07T22:52:50
전진바이오팜,00632793,110020,KOSDAQ,연간x연결,상단,DS-4,PASS,substitution caption present,,2026-07-07T22:52:50
전진바이오팜,00632793,110020,KOSDAQ,연간x연결,상단,DS-7,PASS,"badges seen: ['✅', '🔎']",,2026-07-07T22:52:50
전진바이오팜,00632793,110020,KOSDAQ,연간x연결,재무제표,CV-3,PASS,rows=29 cols=12 slider_extended=True,,2026-07-07T22:52:50
전진바이오팜,00632793,110020,KOSDAQ,연간x연결,재무제표,DS-2/DS-3,DONE,"cross-check completed for ['매출액', '영업이익']",,2026-07-07T22:52:50
전진바이오팜,00632793,110020,KOSDAQ,연간x연결,지표,CV-6,PASS,default metric selection visible,,2026-07-07T22:52:50
전진바이오팜,00632793,110020,KOSDAQ,연간x별도,재무제표,DS-1,PASS,,,2026-07-07T22:52:55
전진바이오팜,00632793,110020,KOSDAQ,연간x별도,상단,DS-8,PASS,,,2026-07-07T22:52:55
전진바이오팜,00632793,110020,KOSDAQ,연간x별도,상단,DS-7,PASS,"badges seen: ['✅', '🔎']",,2026-07-07T22:52:55
전진바이오팜,00632793,110020,KOSDAQ,연간x별도,재무제표,CV-3,PASS,rows=29 cols=14 slider_extended=True,,2026-07-07T22:52:55
전진바이오팜,00632793,110020,KOSDAQ,연간x별도,재무제표,DS-2/DS-3,DONE,"cross-check completed for ['매출액', '영업이익']",,2026-07-07T22:52:55
전진바이오팜,00632793,110020,KOSDAQ,연간x별도,지표,CV-6,PASS,default metric selection visible,,2026-07-07T22:52:55
전진바이오팜,00632793,110020,KOSDAQ,분기x연결,재무제표,DS-1,PASS,,,2026-07-07T22:53:02
전진바이오팜,00632793,110020,KOSDAQ,분기x연결,상단,DS-8,PASS,,,2026-07-07T22:53:02
전진바이오팜,00632793,110020,KOSDAQ,분기x연결,상단,DS-4,PASS,substitution caption present,,2026-07-07T22:53:02
전진바이오팜,00632793,110020,KOSDAQ,분기x연결,상단,DS-7,PASS,"badges seen: ['✅', '🔎']",,2026-07-07T22:53:02
전진바이오팜,00632793,110020,KOSDAQ,분기x연결,재무제표,CV-3,PASS,rows=29 cols=44 slider_extended=True,,2026-07-07T22:53:02
전진바이오팜,00632793,110020,KOSDAQ,분기x연결,재무제표,DS-2/DS-3,DONE,"cross-check completed for ['매출액', '영업이익']",,2026-07-07T22:53:02
전진바이오팜,00632793,110020,KOSDAQ,분기x연결,지표,CV-6,PASS,default metric selection visible,,2026-07-07T22:53:02
전진바이오팜,00632793,110020,KOSDAQ,분기x별도,재무제표,DS-1,PASS,,,2026-07-07T22:53:09
전진바이오팜,00632793,110020,KOSDAQ,분기x별도,상단,DS-8,PASS,,,2026-07-07T22:53:09
전진바이오팜,00632793,110020,KOSDAQ,분기x별도,상단,DS-7,PASS,"badges seen: ['✅', '🔎']",,2026-07-07T22:53:09
전진바이오팜,00632793,110020,KOSDAQ,분기x별도,재무제표,CV-3,PASS,rows=29 cols=44 slider_extended=True,,2026-07-07T22:53:09
전진바이오팜,00632793,110020,KOSDAQ,분기x별도,재무제표,DS-2/DS-3,DONE,"cross-check completed for ['매출액', '영업이익']",,2026-07-07T22:53:09
전진바이오팜,00632793,110020,KOSDAQ,분기x별도,지표,CV-6,PASS,default metric selection visible,,2026-07-07T22:53:09
정다운,01047415,208140,KOSDAQ,연간x연결,재무제표,DS-1,PASS,,,2026-07-07T22:53:23
정다운,01047415,208140,KOSDAQ,연간x연결,상단,DS-8,PASS,,,2026-07-07T22:53:23
정다운,01047415,208140,KOSDAQ,연간x연결,상단,DS-7,PASS,"badges seen: ['✅', '🔎']",,2026-07-07T22:53:23
정다운,01047415,208140,KOSDAQ,연간x연결,재무제표,CV-3,PASS,rows=29 cols=14 slider_extended=True,,2026-07-07T22:53:23
정다운,01047415,208140,KOSDAQ,연간x연결,재무제표,DS-2/DS-3,DONE,"cross-check completed for ['매출액', '영업이익']",,2026-07-07T22:53:23
정다운,01047415,208140,KOSDAQ,연간x연결,지표,CV-6,PASS,default metric selection visible,,2026-07-07T22:53:23
정다운,01047415,208140,KOSDAQ,연간x별도,재무제표,DS-1,PASS,,,2026-07-07T22:53:28
정다운,01047415,208140,KOSDAQ,연간x별도,상단,DS-8,PASS,,,2026-07-07T22:53:28
정다운,01047415,208140,KOSDAQ,연간x별도,상단,DS-7,PASS,"badges seen: ['✅', '🔎', '⚠']",,2026-07-07T22:53:28
정다운,01047415,208140,KOSDAQ,연간x별도,재무제표,CV-3,PASS,rows=29 cols=15 slider_extended=True,,2026-07-07T22:53:28
정다운,01047415,208140,KOSDAQ,연간x별도,재무제표,DS-2/DS-3,DONE,"cross-check completed for ['매출액', '영업이익']",,2026-07-07T22:53:28
정다운,01047415,208140,KOSDAQ,연간x별도,지표,CV-6,PASS,default metric selection visible,,2026-07-07T22:53:28
정다운,01047415,208140,KOSDAQ,분기x연결,재무제표,DS-1,PASS,,,2026-07-07T22:53:34
정다운,01047415,208140,KOSDAQ,분기x연결,상단,DS-8,PASS,,,2026-07-07T22:53:34
정다운,01047415,208140,KOSDAQ,분기x연결,상단,DS-7,PASS,"badges seen: ['✅', '🔎']",,2026-07-07T22:53:34
정다운,01047415,208140,KOSDAQ,분기x연결,재무제표,CV-3,PASS,rows=29 cols=49 slider_extended=True,,2026-07-07T22:53:34
정다운,01047415,208140,KOSDAQ,분기x연결,재무제표,DS-2/DS-3,DONE,"cross-check completed for ['매출액', '영업이익']",,2026-07-07T22:53:34
정다운,01047415,208140,KOSDAQ,분기x연결,지표,CV-6,PASS,default metric selection visible,,2026-07-07T22:53:34
정다운,01047415,208140,KOSDAQ,분기x별도,재무제표,DS-1,PASS,,,2026-07-07T22:53:42
정다운,01047415,208140,KOSDAQ,분기x별도,상단,DS-8,PASS,,,2026-07-07T22:53:42
정다운,01047415,208140,KOSDAQ,분기x별도,상단,DS-7,PASS,"badges seen: ['✅', '🔎']",,2026-07-07T22:53:42
정다운,01047415,208140,KOSDAQ,분기x별도,재무제표,CV-3,PASS,rows=29 cols=51 slider_extended=True,,2026-07-07T22:53:42
정다운,01047415,208140,KOSDAQ,분기x별도,재무제표,DS-2/DS-3,DONE,"cross-check completed for ['매출액', '영업이익']",,2026-07-07T22:53:42
정다운,01047415,208140,KOSDAQ,분기x별도,지표,CV-6,PASS,default metric selection visible,,2026-07-07T22:53:42
정상제이엘에스,00287788,040420,KOSDAQ,연간x연결,재무제표,DS-1,PASS,,,2026-07-07T22:53:56
정상제이엘에스,00287788,040420,KOSDAQ,연간x연결,상단,DS-8,PASS,,,2026-07-07T22:53:56
정상제이엘에스,00287788,040420,KOSDAQ,연간x연결,상단,DS-7,PASS,"badges seen: ['✅', '🔎']",,2026-07-07T22:53:56
정상제이엘에스,00287788,040420,KOSDAQ,연간x연결,재무제표,CV-3,PASS,rows=29 cols=19 slider_extended=True,,2026-07-07T22:53:56
정상제이엘에스,00287788,040420,KOSDAQ,연간x연결,재무제표,DS-2/DS-3,DONE,"cross-check completed for ['매출액', '영업이익']",,2026-07-07T22:53:56
정상제이엘에스,00287788,040420,KOSDAQ,연간x연결,지표,CV-6,PASS,default metric selection visible,,2026-07-07T22:53:56
정상제이엘에스,00287788,040420,KOSDAQ,연간x별도,재무제표,DS-1,PASS,,,2026-07-07T22:54:01
정상제이엘에스,00287788,040420,KOSDAQ,연간x별도,상단,DS-8,PASS,,,2026-07-07T22:54:01
정상제이엘에스,00287788,040420,KOSDAQ,연간x별도,상단,DS-7,PASS,"badges seen: ['✅', '🔎']",,2026-07-07T22:54:01
정상제이엘에스,00287788,040420,KOSDAQ,연간x별도,재무제표,CV-3,PASS,rows=29 cols=25 slider_extended=True,,2026-07-07T22:54:01
정상제이엘에스,00287788,040420,KOSDAQ,연간x별도,재무제표,DS-2/DS-3,DONE,"cross-check completed for ['매출액', '영업이익']",,2026-07-07T22:54:01
정상제이엘에스,00287788,040420,KOSDAQ,연간x별도,지표,CV-6,PASS,default metric selection visible,,2026-07-07T22:54:01
정상제이엘에스,00287788,040420,KOSDAQ,분기x연결,재무제표,DS-1,PASS,,,2026-07-07T22:54:07
정상제이엘에스,00287788,040420,KOSDAQ,분기x연결,상단,DS-8,PASS,,,2026-07-07T22:54:07
정상제이엘에스,00287788,040420,KOSDAQ,분기x연결,상단,DS-7,PASS,"badges seen: ['✅', '🔎']",,2026-07-07T22:54:07
정상제이엘에스,00287788,040420,KOSDAQ,분기x연결,재무제표,CV-3,PASS,rows=29 cols=60 slider_extended=True,,2026-07-07T22:54:07
정상제이엘에스,00287788,040420,KOSDAQ,분기x연결,재무제표,DS-2/DS-3,DONE,"cross-check completed for ['매출액', '영업이익']",,2026-07-07T22:54:07
정상제이엘에스,00287788,040420,KOSDAQ,분기x연결,지표,CV-6,PASS,default metric selection visible,,2026-07-07T22:54:07
정상제이엘에스,00287788,040420,KOSDAQ,분기x별도,재무제표,DS-1,PASS,,,2026-07-07T22:54:15
정상제이엘에스,00287788,040420,KOSDAQ,분기x별도,상단,DS-8,PASS,,,2026-07-07T22:54:15
정상제이엘에스,00287788,040420,KOSDAQ,분기x별도,상단,DS-7,PASS,"badges seen: ['✅', '🔎']",,2026-07-07T22:54:15
정상제이엘에스,00287788,040420,KOSDAQ,분기x별도,재무제표,CV-3,PASS,rows=29 cols=84 slider_extended=True,,2026-07-07T22:54:15
정상제이엘에스,00287788,040420,KOSDAQ,분기x별도,재무제표,DS-2/DS-3,DONE,"cross-check completed for ['매출액', '영업이익']",,2026-07-07T22:54:15
정상제이엘에스,00287788,040420,KOSDAQ,분기x별도,지표,CV-6,PASS,default metric selection visible,,2026-07-07T22:54:15
정원엔시스,00147772,045510,KOSDAQ,연간x연결,재무제표,DS-1,PASS,,,2026-07-07T22:54:28
정원엔시스,00147772,045510,KOSDAQ,연간x연결,상단,DS-8,PASS,,,2026-07-07T22:54:28
정원엔시스,00147772,045510,KOSDAQ,연간x연결,상단,DS-7,PASS,"badges seen: ['✅', '🔎', '⚠']",,2026-07-07T22:54:28
정원엔시스,00147772,045510,KOSDAQ,연간x연결,재무제표,CV-3,PASS,rows=29 cols=15 slider_extended=True,,2026-07-07T22:54:28
정원엔시스,00147772,045510,KOSDAQ,연간x연결,재무제표,DS-2/DS-3,DONE,"cross-check completed for ['매출액', '영업이익']",,2026-07-07T22:54:28
정원엔시스,00147772,045510,KOSDAQ,연간x연결,지표,CV-6,PASS,default metric selection visible,,2026-07-07T22:54:28
정원엔시스,00147772,045510,KOSDAQ,연간x별도,재무제표,DS-1,PASS,,,2026-07-07T22:54:34
정원엔시스,00147772,045510,KOSDAQ,연간x별도,상단,DS-8,PASS,,,2026-07-07T22:54:34
정원엔시스,00147772,045510,KOSDAQ,연간x별도,상단,DS-7,PASS,"badges seen: ['✅', '🔎', '⚠']",,2026-07-07T22:54:34
정원엔시스,00147772,045510,KOSDAQ,연간x별도,재무제표,CV-3,PASS,rows=29 cols=28 slider_extended=True,,2026-07-07T22:54:34
정원엔시스,00147772,045510,KOSDAQ,연간x별도,재무제표,DS-2/DS-3,DONE,"cross-check completed for ['매출액', '영업이익']",,2026-07-07T22:54:34
정원엔시스,00147772,045510,KOSDAQ,연간x별도,지표,CV-6,PASS,default metric selection visible,,2026-07-07T22:54:34
정원엔시스,00147772,045510,KOSDAQ,분기x연결,재무제표,DS-1,PASS,,,2026-07-07T22:54:40
정원엔시스,00147772,045510,KOSDAQ,분기x연결,상단,DS-8,PASS,,,2026-07-07T22:54:40
정원엔시스,00147772,045510,KOSDAQ,분기x연결,상단,DS-7,PASS,"badges seen: ['✅', '🔎']",,2026-07-07T22:54:40
정원엔시스,00147772,045510,KOSDAQ,분기x연결,재무제표,CV-3,PASS,rows=29 cols=50 slider_extended=True,,2026-07-07T22:54:40
정원엔시스,00147772,045510,KOSDAQ,분기x연결,재무제표,DS-2/DS-3,DONE,"cross-check completed for ['매출액', '영업이익']",,2026-07-07T22:54:40
정원엔시스,00147772,045510,KOSDAQ,분기x연결,지표,CV-6,PASS,default metric selection visible,,2026-07-07T22:54:40
정원엔시스,00147772,045510,KOSDAQ,분기x별도,재무제표,DS-1,PASS,,,2026-07-07T22:54:47
정원엔시스,00147772,045510,KOSDAQ,분기x별도,상단,DS-8,PASS,,,2026-07-07T22:54:47
정원엔시스,00147772,045510,KOSDAQ,분기x별도,상단,DS-7,PASS,"badges seen: ['✅', '🔎']",,2026-07-07T22:54:47
정원엔시스,00147772,045510,KOSDAQ,분기x별도,재무제표,CV-3,PASS,rows=29 cols=89 slider_extended=True,,2026-07-07T22:54:47
정원엔시스,00147772,045510,KOSDAQ,분기x별도,재무제표,DS-2/DS-3,DONE,"cross-check completed for ['매출액', '영업이익']",,2026-07-07T22:54:47
정원엔시스,00147772,045510,KOSDAQ,분기x별도,지표,CV-6,PASS,default metric selection visible,,2026-07-07T22:54:47
제너셈,00666204,217190,KOSDAQ,연간x연결,재무제표,DS-1,PASS,,,2026-07-07T22:55:00
제너셈,00666204,217190,KOSDAQ,연간x연결,상단,DS-8,PASS,,,2026-07-07T22:55:00
제너셈,00666204,217190,KOSDAQ,연간x연결,상단,DS-7,PASS,"badges seen: ['✅', '🔎', '⚠']",,2026-07-07T22:55:00
제너셈,00666204,217190,KOSDAQ,연간x연결,재무제표,CV-3,PASS,rows=29 cols=9 slider_extended=True,,2026-07-07T22:55:00
제너셈,00666204,217190,KOSDAQ,연간x연결,재무제표,DS-2/DS-3,DONE,"cross-check completed for ['매출액', '영업이익']",,2026-07-07T22:55:00
제너셈,00666204,217190,KOSDAQ,연간x연결,지표,CV-6,PASS,default metric selection visible,,2026-07-07T22:55:00
제너셈,00666204,217190,KOSDAQ,연간x별도,재무제표,DS-1,PASS,,,2026-07-07T22:55:05
제너셈,00666204,217190,KOSDAQ,연간x별도,상단,DS-8,PASS,,,2026-07-07T22:55:05
제너셈,00666204,217190,KOSDAQ,연간x별도,상단,DS-7,PASS,"badges seen: ['✅', '🔎', '⚠']",,2026-07-07T22:55:05
제너셈,00666204,217190,KOSDAQ,연간x별도,재무제표,CV-3,PASS,rows=29 cols=15 slider_extended=True,,2026-07-07T22:55:05
제너셈,00666204,217190,KOSDAQ,연간x별도,재무제표,DS-2/DS-3,DONE,"cross-check completed for ['매출액', '영업이익']",,2026-07-07T22:55:05
제너셈,00666204,217190,KOSDAQ,연간x별도,지표,CV-6,PASS,default metric selection visible,,2026-07-07T22:55:05
제너셈,00666204,217190,KOSDAQ,분기x연결,재무제표,DS-1,PASS,,,2026-07-07T22:55:11
제너셈,00666204,217190,KOSDAQ,분기x연결,상단,DS-8,PASS,,,2026-07-07T22:55:11
제너셈,00666204,217190,KOSDAQ,분기x연결,상단,DS-7,PASS,"badges seen: ['✅', '🔎', '⚠']",,2026-07-07T22:55:11
제너셈,00666204,217190,KOSDAQ,분기x연결,재무제표,CV-3,PASS,rows=29 cols=24 slider_extended=True,,2026-07-07T22:55:11
제너셈,00666204,217190,KOSDAQ,분기x연결,재무제표,DS-2/DS-3,DONE,"cross-check completed for ['매출액', '영업이익']",,2026-07-07T22:55:11
제너셈,00666204,217190,KOSDAQ,분기x연결,지표,CV-6,PASS,default metric selection visible,,2026-07-07T22:55:11
제너셈,00666204,217190,KOSDAQ,분기x별도,재무제표,DS-1,PASS,,,2026-07-07T22:55:18
제너셈,00666204,217190,KOSDAQ,분기x별도,상단,DS-8,PASS,,,2026-07-07T22:55:18
제너셈,00666204,217190,KOSDAQ,분기x별도,상단,DS-7,PASS,"badges seen: ['✅', '🔎', '⚠']",,2026-07-07T22:55:18
제너셈,00666204,217190,KOSDAQ,분기x별도,재무제표,CV-3,PASS,rows=29 cols=51 slider_extended=True,,2026-07-07T22:55:18
제너셈,00666204,217190,KOSDAQ,분기x별도,재무제표,DS-2/DS-3,DONE,"cross-check completed for ['매출액', '영업이익']",,2026-07-07T22:55:18
제너셈,00666204,217190,KOSDAQ,분기x별도,지표,CV-6,PASS,default metric selection visible,,2026-07-07T22:55:18
제넥신,00545929,095700,KOSDAQ,연간x연결,재무제표,DS-1,PASS,,,2026-07-07T22:55:32
제넥신,00545929,095700,KOSDAQ,연간x연결,상단,DS-8,PASS,,,2026-07-07T22:55:32
제넥신,00545929,095700,KOSDAQ,연간x연결,상단,DS-7,PASS,"badges seen: ['✅', '🔎']",,2026-07-07T22:55:32
제넥신,00545929,095700,KOSDAQ,연간x연결,재무제표,CV-3,PASS,rows=29 cols=12 slider_extended=True,,2026-07-07T22:55:32
제넥신,00545929,095700,KOSDAQ,연간x연결,재무제표,DS-2/DS-3,DONE,"cross-check completed for ['매출액', '영업이익']",,2026-07-07T22:55:32
제넥신,00545929,095700,KOSDAQ,연간x연결,지표,CV-6,PASS,default metric selection visible,,2026-07-07T22:55:32
제넥신,00545929,095700,KOSDAQ,연간x별도,재무제표,DS-1,PASS,,,2026-07-07T22:55:37
제넥신,00545929,095700,KOSDAQ,연간x별도,상단,DS-8,PASS,,,2026-07-07T22:55:37
제넥신,00545929,095700,KOSDAQ,연간x별도,상단,DS-7,PASS,"badges seen: ['✅', '🔎']",,2026-07-07T22:55:37
제넥신,00545929,095700,KOSDAQ,연간x별도,재무제표,CV-3,PASS,rows=29 cols=21 slider_extended=True,,2026-07-07T22:55:37
제넥신,00545929,095700,KOSDAQ,연간x별도,재무제표,DS-2/DS-3,DONE,"cross-check completed for ['매출액', '영업이익']",,2026-07-07T22:55:37
제넥신,00545929,095700,KOSDAQ,연간x별도,지표,CV-6,PASS,default metric selection visible,,2026-07-07T22:55:37
제넥신,00545929,095700,KOSDAQ,분기x연결,재무제표,DS-1,PASS,,,2026-07-07T22:55:43
제넥신,00545929,095700,KOSDAQ,분기x연결,상단,DS-8,PASS,,,2026-07-07T22:55:43
제넥신,00545929,095700,KOSDAQ,분기x연결,상단,DS-7,PASS,"badges seen: ['✅', '🔎', '⚠']",,2026-07-07T22:55:43
제넥신,00545929,095700,KOSDAQ,분기x연결,재무제표,CV-3,PASS,rows=29 cols=24 slider_extended=True,,2026-07-07T22:55:43
제넥신,00545929,095700,KOSDAQ,분기x연결,재무제표,DS-2/DS-3,DONE,"cross-check completed for ['매출액', '영업이익']",,2026-07-07T22:55:43
제넥신,00545929,095700,KOSDAQ,분기x연결,지표,CV-6,PASS,default metric selection visible,,2026-07-07T22:55:43
제넥신,00545929,095700,KOSDAQ,분기x별도,재무제표,DS-1,PASS,,,2026-07-07T22:55:51
제넥신,00545929,095700,KOSDAQ,분기x별도,상단,DS-8,PASS,,,2026-07-07T22:55:51
제넥신,00545929,095700,KOSDAQ,분기x별도,상단,DS-7,PASS,"badges seen: ['✅', '🔎', '⚠']",,2026-07-07T22:55:51
제넥신,00545929,095700,KOSDAQ,분기x별도,재무제표,CV-3,PASS,rows=29 cols=70 slider_extended=True,,2026-07-07T22:55:51
제넥신,00545929,095700,KOSDAQ,분기x별도,재무제표,DS-2/DS-3,DONE,"cross-check completed for ['매출액', '영업이익']",,2026-07-07T22:55:51
제넥신,00545929,095700,KOSDAQ,분기x별도,지표,CV-6,PASS,default metric selection visible,,2026-07-07T22:55:51
제노레이,00799539,122310,KOSDAQ,연간x연결,재무제표,DS-1,PASS,,,2026-07-07T22:56:03
제노레이,00799539,122310,KOSDAQ,연간x연결,상단,DS-8,PASS,,,2026-07-07T22:56:03
제노레이,00799539,122310,KOSDAQ,연간x연결,상단,DS-7,PASS,"badges seen: ['✅', '🔎']",,2026-07-07T22:56:03
제노레이,00799539,122310,KOSDAQ,연간x연결,재무제표,CV-3,PASS,rows=29 cols=12 slider_extended=True,,2026-07-07T22:56:03
제노레이,00799539,122310,KOSDAQ,연간x연결,재무제표,DS-2/DS-3,DONE,"cross-check completed for ['매출액', '영업이익']",,2026-07-07T22:56:03
제노레이,00799539,122310,KOSDAQ,연간x연결,지표,CV-6,PASS,default metric selection visible,,2026-07-07T22:56:03
제노레이,00799539,122310,KOSDAQ,연간x별도,재무제표,DS-1,PASS,,,2026-07-07T22:56:08
제노레이,00799539,122310,KOSDAQ,연간x별도,상단,DS-8,PASS,,,2026-07-07T22:56:08
제노레이,00799539,122310,KOSDAQ,연간x별도,상단,DS-7,PASS,"badges seen: ['✅', '🔎']",,2026-07-07T22:56:08
제노레이,00799539,122310,KOSDAQ,연간x별도,재무제표,CV-3,PASS,rows=29 cols=12 slider_extended=True,,2026-07-07T22:56:08
제노레이,00799539,122310,KOSDAQ,연간x별도,재무제표,DS-2/DS-3,DONE,"cross-check completed for ['매출액', '영업이익']",,2026-07-07T22:56:08
제노레이,00799539,122310,KOSDAQ,연간x별도,지표,CV-6,PASS,default metric selection visible,,2026-07-07T22:56:08
제노레이,00799539,122310,KOSDAQ,분기x연결,재무제표,DS-1,PASS,,,2026-07-07T22:56:15
제노레이,00799539,122310,KOSDAQ,분기x연결,상단,DS-8,PASS,,,2026-07-07T22:56:15
제노레이,00799539,122310,KOSDAQ,분기x연결,상단,DS-7,PASS,"badges seen: ['✅', '🔎']",,2026-07-07T22:56:15
제노레이,00799539,122310,KOSDAQ,분기x연결,재무제표,CV-3,PASS,rows=29 cols=39 slider_extended=True,,2026-07-07T22:56:15
제노레이,00799539,122310,KOSDAQ,분기x연결,재무제표,DS-2/DS-3,DONE,"cross-check completed for ['매출액', '영업이익']",,2026-07-07T22:56:15
제노레이,00799539,122310,KOSDAQ,분기x연결,지표,CV-6,PASS,default metric selection visible,,2026-07-07T22:56:15
제노레이,00799539,122310,KOSDAQ,분기x별도,재무제표,DS-1,PASS,,,2026-07-07T22:56:22
제노레이,00799539,122310,KOSDAQ,분기x별도,상단,DS-8,PASS,,,2026-07-07T22:56:22
제노레이,00799539,122310,KOSDAQ,분기x별도,상단,DS-7,PASS,"badges seen: ['✅', '🔎']",,2026-07-07T22:56:22
제노레이,00799539,122310,KOSDAQ,분기x별도,재무제표,CV-3,PASS,rows=29 cols=39 slider_extended=True,,2026-07-07T22:56:22
제노레이,00799539,122310,KOSDAQ,분기x별도,재무제표,DS-2/DS-3,DONE,"cross-check completed for ['매출액', '영업이익']",,2026-07-07T22:56:22
제노레이,00799539,122310,KOSDAQ,분기x별도,지표,CV-6,PASS,default metric selection visible,,2026-07-07T22:56:22
제노코,01014718,361390,KOSDAQ,연간x연결,재무제표,DS-1,PASS,,,2026-07-07T22:56:35
제노코,01014718,361390,KOSDAQ,연간x연결,상단,DS-8,PASS,,,2026-07-07T22:56:35
제노코,01014718,361390,KOSDAQ,연간x연결,상단,DS-4,PASS,substitution caption present,,2026-07-07T22:56:35
제노코,01014718,361390,KOSDAQ,연간x연결,상단,DS-7,PASS,"badges seen: ['✅', '🔎']",,2026-07-07T22:56:35
제노코,01014718,361390,KOSDAQ,연간x연결,재무제표,CV-3,PASS,rows=29 cols=10 slider_extended=True,,2026-07-07T22:56:35
제노코,01014718,361390,KOSDAQ,연간x연결,재무제표,DS-2/DS-3,DONE,"cross-check completed for ['매출액', '영업이익']",,2026-07-07T22:56:35
제노코,01014718,361390,KOSDAQ,연간x연결,지표,CV-6,PASS,default metric selection visible,,2026-07-07T22:56:35
제노코,01014718,361390,KOSDAQ,연간x별도,재무제표,DS-1,PASS,,,2026-07-07T22:56:41
제노코,01014718,361390,KOSDAQ,연간x별도,상단,DS-8,PASS,,,2026-07-07T22:56:41
제노코,01014718,361390,KOSDAQ,연간x별도,상단,DS-7,PASS,"badges seen: ['✅', '🔎']",,2026-07-07T22:56:41
제노코,01014718,361390,KOSDAQ,연간x별도,재무제표,CV-3,PASS,rows=29 cols=10 slider_extended=True,,2026-07-07T22:56:41
제노코,01014718,361390,KOSDAQ,연간x별도,재무제표,DS-2/DS-3,DONE,"cross-check completed for ['매출액', '영업이익']",,2026-07-07T22:56:41
제노코,01014718,361390,KOSDAQ,연간x별도,지표,CV-6,PASS,default metric selection visible,,2026-07-07T22:56:41
제노코,01014718,361390,KOSDAQ,분기x연결,재무제표,DS-1,PASS,,,2026-07-07T22:56:47
제노코,01014718,361390,KOSDAQ,분기x연결,상단,DS-8,PASS,,,2026-07-07T22:56:47
제노코,01014718,361390,KOSDAQ,분기x연결,상단,DS-4,PASS,substitution caption present,,2026-07-07T22:56:47
제노코,01014718,361390,KOSDAQ,분기x연결,상단,DS-7,PASS,"badges seen: ['✅', '🔎']",,2026-07-07T22:56:47
제노코,01014718,361390,KOSDAQ,분기x연결,재무제표,CV-3,PASS,rows=29 cols=28 slider_extended=True,,2026-07-07T22:56:47
제노코,01014718,361390,KOSDAQ,분기x연결,재무제표,DS-2/DS-3,DONE,"cross-check completed for ['매출액', '영업이익']",,2026-07-07T22:56:47
제노코,01014718,361390,KOSDAQ,분기x연결,지표,CV-6,PASS,default metric selection visible,,2026-07-07T22:56:47
제노코,01014718,361390,KOSDAQ,분기x별도,재무제표,DS-1,PASS,,,2026-07-07T22:56:54
제노코,01014718,361390,KOSDAQ,분기x별도,상단,DS-8,PASS,,,2026-07-07T22:56:54
제노코,01014718,361390,KOSDAQ,분기x별도,상단,DS-7,PASS,"badges seen: ['✅', '🔎']",,2026-07-07T22:56:54
제노코,01014718,361390,KOSDAQ,분기x별도,재무제표,CV-3,PASS,rows=29 cols=28 slider_extended=True,,2026-07-07T22:56:54
제노코,01014718,361390,KOSDAQ,분기x별도,재무제표,DS-2/DS-3,DONE,"cross-check completed for ['매출액', '영업이익']",,2026-07-07T22:56:54
제노코,01014718,361390,KOSDAQ,분기x별도,지표,CV-6,PASS,default metric selection visible,,2026-07-07T22:56:54
제놀루션,01062177,225220,KOSDAQ,연간x연결,재무제표,DS-1,PASS,,,2026-07-07T22:57:07
제놀루션,01062177,225220,KOSDAQ,연간x연결,상단,DS-8,PASS,,,2026-07-07T22:57:07
제놀루션,01062177,225220,KOSDAQ,연간x연결,상단,DS-7,PASS,"badges seen: ['✅', '🔎']",,2026-07-07T22:57:07
제놀루션,01062177,225220,KOSDAQ,연간x연결,재무제표,CV-3,PASS,rows=29 cols=7 slider_extended=True,,2026-07-07T22:57:07
제놀루션,01062177,225220,KOSDAQ,연간x연결,재무제표,DS-2/DS-3,DONE,"cross-check completed for ['매출액', '영업이익']",,2026-07-07T22:57:07
제놀루션,01062177,225220,KOSDAQ,연간x연결,지표,CV-6,PASS,default metric selection visible,,2026-07-07T22:57:07
제놀루션,01062177,225220,KOSDAQ,연간x별도,재무제표,DS-1,PASS,,,2026-07-07T22:57:13
제놀루션,01062177,225220,KOSDAQ,연간x별도,상단,DS-8,PASS,,,2026-07-07T22:57:13
제놀루션,01062177,225220,KOSDAQ,연간x별도,상단,DS-7,PASS,"badges seen: ['✅', '🔎', '⚠']",,2026-07-07T22:57:13
제놀루션,01062177,225220,KOSDAQ,연간x별도,재무제표,CV-3,PASS,rows=29 cols=16 slider_extended=True,,2026-07-07T22:57:13
제놀루션,01062177,225220,KOSDAQ,연간x별도,재무제표,DS-2/DS-3,DONE,"cross-check completed for ['매출액', '영업이익']",,2026-07-07T22:57:13
제놀루션,01062177,225220,KOSDAQ,연간x별도,지표,CV-6,PASS,default metric selection visible,,2026-07-07T22:57:13
제놀루션,01062177,225220,KOSDAQ,분기x연결,재무제표,DS-1,PASS,,,2026-07-07T22:57:19
제놀루션,01062177,225220,KOSDAQ,분기x연결,상단,DS-8,PASS,,,2026-07-07T22:57:19
제놀루션,01062177,225220,KOSDAQ,분기x연결,상단,DS-7,PASS,"badges seen: ['✅', '🔎']",,2026-07-07T22:57:19
제놀루션,01062177,225220,KOSDAQ,분기x연결,재무제표,CV-3,PASS,rows=29 cols=16 slider_extended=True,,2026-07-07T22:57:19
제놀루션,01062177,225220,KOSDAQ,분기x연결,재무제표,DS-2/DS-3,DONE,"cross-check completed for ['매출액', '영업이익']",,2026-07-07T22:57:19
제놀루션,01062177,225220,KOSDAQ,분기x연결,지표,CV-6,PASS,default metric selection visible,,2026-07-07T22:57:19
제놀루션,01062177,225220,KOSDAQ,분기x별도,재무제표,DS-1,PASS,,,2026-07-07T22:57:26
제놀루션,01062177,225220,KOSDAQ,분기x별도,상단,DS-8,PASS,,,2026-07-07T22:57:26
제놀루션,01062177,225220,KOSDAQ,분기x별도,상단,DS-7,PASS,"badges seen: ['✅', '🔎']",,2026-07-07T22:57:26
제놀루션,01062177,225220,KOSDAQ,분기x별도,재무제표,CV-3,PASS,rows=29 cols=29 slider_extended=True,,2026-07-07T22:57:26
제놀루션,01062177,225220,KOSDAQ,분기x별도,재무제표,DS-2/DS-3,DONE,"cross-check completed for ['매출액', '영업이익']",,2026-07-07T22:57:26
제놀루션,01062177,225220,KOSDAQ,분기x별도,지표,CV-6,PASS,default metric selection visible,,2026-07-07T22:57:26
제닉,00624998,123330,KOSDAQ,연간x연결,재무제표,DS-1,PASS,,,2026-07-07T22:57:39
제닉,00624998,123330,KOSDAQ,연간x연결,상단,DS-8,PASS,,,2026-07-07T22:57:39
제닉,00624998,123330,KOSDAQ,연간x연결,상단,DS-7,PASS,"badges seen: ['✅', '🔎']",,2026-07-07T22:57:39
제닉,00624998,123330,KOSDAQ,연간x연결,재무제표,CV-3,PASS,rows=29 cols=18 slider_extended=True,,2026-07-07T22:57:39
제닉,00624998,123330,KOSDAQ,연간x연결,재무제표,DS-2/DS-3,DONE,"cross-check completed for ['매출액', '영업이익']",,2026-07-07T22:57:39
제닉,00624998,123330,KOSDAQ,연간x연결,지표,CV-6,PASS,default metric selection visible,,2026-07-07T22:57:39
제닉,00624998,123330,KOSDAQ,연간x별도,재무제표,DS-1,PASS,,,2026-07-07T22:57:45
제닉,00624998,123330,KOSDAQ,연간x별도,상단,DS-8,PASS,,,2026-07-07T22:57:45
제닉,00624998,123330,KOSDAQ,연간x별도,상단,DS-7,PASS,"badges seen: ['✅', '🔎']",,2026-07-07T22:57:45
제닉,00624998,123330,KOSDAQ,연간x별도,재무제표,CV-3,PASS,rows=29 cols=18 slider_extended=True,,2026-07-07T22:57:45
제닉,00624998,123330,KOSDAQ,연간x별도,재무제표,DS-2/DS-3,DONE,"cross-check completed for ['매출액', '영업이익']",,2026-07-07T22:57:45
제닉,00624998,123330,KOSDAQ,연간x별도,지표,CV-6,PASS,default metric selection visible,,2026-07-07T22:57:45
제닉,00624998,123330,KOSDAQ,분기x연결,재무제표,DS-1,PASS,,,2026-07-07T22:57:51
제닉,00624998,123330,KOSDAQ,분기x연결,상단,DS-8,PASS,,,2026-07-07T22:57:51
제닉,00624998,123330,KOSDAQ,분기x연결,상단,DS-7,PASS,"badges seen: ['✅', '🔎']",,2026-07-07T22:57:51
제닉,00624998,123330,KOSDAQ,분기x연결,재무제표,CV-3,PASS,rows=29 cols=58 slider_extended=True,,2026-07-07T22:57:51
제닉,00624998,123330,KOSDAQ,분기x연결,재무제표,DS-2/DS-3,DONE,"cross-check completed for ['매출액', '영업이익']",,2026-07-07T22:57:51
제닉,00624998,123330,KOSDAQ,분기x연결,지표,CV-6,PASS,default metric selection visible,,2026-07-07T22:57:51
제닉,00624998,123330,KOSDAQ,분기x별도,재무제표,DS-1,PASS,,,2026-07-07T22:57:58
제닉,00624998,123330,KOSDAQ,분기x별도,상단,DS-8,PASS,,,2026-07-07T22:57:58
제닉,00624998,123330,KOSDAQ,분기x별도,상단,DS-7,PASS,"badges seen: ['✅', '🔎']",,2026-07-07T22:57:58
제닉,00624998,123330,KOSDAQ,분기x별도,재무제표,CV-3,PASS,rows=29 cols=63 slider_extended=True,,2026-07-07T22:57:58
제닉,00624998,123330,KOSDAQ,분기x별도,재무제표,DS-2/DS-3,DONE,"cross-check completed for ['매출액', '영업이익']",,2026-07-07T22:57:58
제닉,00624998,123330,KOSDAQ,분기x별도,지표,CV-6,PASS,default metric selection visible,,2026-07-07T22:57:58
제닉스로보틱스,01293485,381620,KOSDAQ,연간x연결,재무제표,DS-1,PASS,,,2026-07-07T22:58:12
제닉스로보틱스,01293485,381620,KOSDAQ,연간x연결,상단,DS-8,PASS,,,2026-07-07T22:58:12
제닉스로보틱스,01293485,381620,KOSDAQ,연간x연결,상단,DS-7,PASS,"badges seen: ['✅', '🔎']",,2026-07-07T22:58:12
제닉스로보틱스,01293485,381620,KOSDAQ,연간x연결,재무제표,CV-3,PASS,rows=29 cols=5 slider_extended=True,,2026-07-07T22:58:12
제닉스로보틱스,01293485,381620,KOSDAQ,연간x연결,재무제표,DS-2/DS-3,DONE,"cross-check completed for ['매출액', '영업이익']",,2026-07-07T22:58:12
제닉스로보틱스,01293485,381620,KOSDAQ,연간x연결,지표,CV-6,PASS,default metric selection visible,,2026-07-07T22:58:12
제닉스로보틱스,01293485,381620,KOSDAQ,연간x별도,재무제표,DS-1,PASS,,,2026-07-07T22:58:17
제닉스로보틱스,01293485,381620,KOSDAQ,연간x별도,상단,DS-8,PASS,,,2026-07-07T22:58:17
제닉스로보틱스,01293485,381620,KOSDAQ,연간x별도,상단,DS-7,PASS,"badges seen: ['✅', '🔎', '⚠']",,2026-07-07T22:58:17
제닉스로보틱스,01293485,381620,KOSDAQ,연간x별도,재무제표,CV-3,PASS,rows=29 cols=6 slider_extended=True,,2026-07-07T22:58:17
제닉스로보틱스,01293485,381620,KOSDAQ,연간x별도,재무제표,DS-2/DS-3,DONE,"cross-check completed for ['매출액', '영업이익']",,2026-07-07T22:58:17
제닉스로보틱스,01293485,381620,KOSDAQ,연간x별도,지표,CV-6,PASS,default metric selection visible,,2026-07-07T22:58:17
제닉스로보틱스,01293485,381620,KOSDAQ,분기x연결,재무제표,DS-1,PASS,,,2026-07-07T22:58:23
제닉스로보틱스,01293485,381620,KOSDAQ,분기x연결,상단,DS-8,PASS,,,2026-07-07T22:58:23
제닉스로보틱스,01293485,381620,KOSDAQ,분기x연결,상단,DS-7,PASS,"badges seen: ['✅', '🔎']",,2026-07-07T22:58:23
제닉스로보틱스,01293485,381620,KOSDAQ,분기x연결,재무제표,CV-3,PASS,rows=29 cols=6 slider_extended=True,,2026-07-07T22:58:23
제닉스로보틱스,01293485,381620,KOSDAQ,분기x연결,재무제표,DS-2/DS-3,DONE,"cross-check completed for ['매출액', '영업이익']",,2026-07-07T22:58:23
제닉스로보틱스,01293485,381620,KOSDAQ,분기x연결,지표,CV-6,PASS,default metric selection visible,,2026-07-07T22:58:23
제닉스로보틱스,01293485,381620,KOSDAQ,분기x별도,재무제표,DS-1,PASS,,,2026-07-07T22:58:30
제닉스로보틱스,01293485,381620,KOSDAQ,분기x별도,상단,DS-8,PASS,,,2026-07-07T22:58:30
제닉스로보틱스,01293485,381620,KOSDAQ,분기x별도,상단,DS-7,PASS,"badges seen: ['✅', '🔎']",,2026-07-07T22:58:30
제닉스로보틱스,01293485,381620,KOSDAQ,분기x별도,재무제표,CV-3,PASS,rows=29 cols=12 slider_extended=True,,2026-07-07T22:58:30
제닉스로보틱스,01293485,381620,KOSDAQ,분기x별도,재무제표,DS-2/DS-3,DONE,"cross-check completed for ['매출액', '영업이익']",,2026-07-07T22:58:30
제닉스로보틱스,01293485,381620,KOSDAQ,분기x별도,지표,CV-6,PASS,default metric selection visible,,2026-07-07T22:58:30
제로투세븐,00563837,159580,KOSDAQ,연간x연결,재무제표,DS-1,PASS,,,2026-07-07T22:58:44
제로투세븐,00563837,159580,KOSDAQ,연간x연결,상단,DS-8,PASS,,,2026-07-07T22:58:44
제로투세븐,00563837,159580,KOSDAQ,연간x연결,상단,DS-7,PASS,"badges seen: ['✅', '🔎', '⚠']",,2026-07-07T22:58:44
제로투세븐,00563837,159580,KOSDAQ,연간x연결,재무제표,CV-3,PASS,rows=29 cols=18 slider_extended=True,,2026-07-07T22:58:44
제로투세븐,00563837,159580,KOSDAQ,연간x연결,재무제표,DS-2/DS-3,DONE,"cross-check completed for ['매출액', '영업이익']",,2026-07-07T22:58:44
제로투세븐,00563837,159580,KOSDAQ,연간x연결,지표,CV-6,PASS,default metric selection visible,,2026-07-07T22:58:44
제로투세븐,00563837,159580,KOSDAQ,연간x별도,재무제표,DS-1,PASS,,,2026-07-07T22:58:49
제로투세븐,00563837,159580,KOSDAQ,연간x별도,상단,DS-8,PASS,,,2026-07-07T22:58:49
제로투세븐,00563837,159580,KOSDAQ,연간x별도,상단,DS-7,PASS,"badges seen: ['✅', '🔎']",,2026-07-07T22:58:49
제로투세븐,00563837,159580,KOSDAQ,연간x별도,재무제표,CV-3,PASS,rows=29 cols=18 slider_extended=True,,2026-07-07T22:58:49
제로투세븐,00563837,159580,KOSDAQ,연간x별도,재무제표,DS-2/DS-3,DONE,"cross-check completed for ['매출액', '영업이익']",,2026-07-07T22:58:49
제로투세븐,00563837,159580,KOSDAQ,연간x별도,지표,CV-6,PASS,default metric selection visible,,2026-07-07T22:58:49
제로투세븐,00563837,159580,KOSDAQ,분기x연결,재무제표,DS-1,PASS,,,2026-07-07T22:58:55
제로투세븐,00563837,159580,KOSDAQ,분기x연결,상단,DS-8,PASS,,,2026-07-07T22:58:55
제로투세븐,00563837,159580,KOSDAQ,분기x연결,상단,DS-7,PASS,"badges seen: ['✅', '🔎']",,2026-07-07T22:58:55
제로투세븐,00563837,159580,KOSDAQ,분기x연결,재무제표,CV-3,PASS,rows=29 cols=60 slider_extended=True,,2026-07-07T22:58:55
제로투세븐,00563837,159580,KOSDAQ,분기x연결,재무제표,DS-2/DS-3,DONE,"cross-check completed for ['매출액', '영업이익']",,2026-07-07T22:58:55
제로투세븐,00563837,159580,KOSDAQ,분기x연결,지표,CV-6,PASS,default metric selection visible,,2026-07-07T22:58:55
제로투세븐,00563837,159580,KOSDAQ,분기x별도,재무제표,DS-1,PASS,,,2026-07-07T22:59:03
제로투세븐,00563837,159580,KOSDAQ,분기x별도,상단,DS-8,PASS,,,2026-07-07T22:59:03
제로투세븐,00563837,159580,KOSDAQ,분기x별도,상단,DS-7,PASS,"badges seen: ['✅', '🔎']",,2026-07-07T22:59:03
제로투세븐,00563837,159580,KOSDAQ,분기x별도,재무제표,CV-3,PASS,rows=29 cols=60 slider_extended=True,,2026-07-07T22:59:03
제로투세븐,00563837,159580,KOSDAQ,분기x별도,재무제표,DS-2/DS-3,DONE,"cross-check completed for ['매출액', '영업이익']",,2026-07-07T22:59:03
제로투세븐,00563837,159580,KOSDAQ,분기x별도,지표,CV-6,PASS,default metric selection visible,,2026-07-07T22:59:03
제룡산업,00899556,147830,KOSDAQ,연간x연결,재무제표,DS-1,PASS,,,2026-07-07T22:59:14
제룡산업,00899556,147830,KOSDAQ,연간x연결,상단,DS-8,PASS,,,2026-07-07T22:59:14
제룡산업,00899556,147830,KOSDAQ,연간x연결,상단,DS-4,PASS,substitution caption present,,2026-07-07T22:59:14
제룡산업,00899556,147830,KOSDAQ,연간x연결,상단,DS-7,PASS,"badges seen: ['✅', '🔎']",,2026-07-07T22:59:14
제룡산업,00899556,147830,KOSDAQ,연간x연결,재무제표,CV-3,PASS,rows=29 cols=17 slider_extended=True,,2026-07-07T22:59:14
제룡산업,00899556,147830,KOSDAQ,연간x연결,재무제표,DS-2/DS-3,DONE,"cross-check completed for ['매출액', '영업이익']",,2026-07-07T22:59:14
제룡산업,00899556,147830,KOSDAQ,연간x연결,지표,CV-6,PASS,default metric selection visible,,2026-07-07T22:59:14
제룡산업,00899556,147830,KOSDAQ,연간x별도,재무제표,DS-1,PASS,,,2026-07-07T22:59:19
제룡산업,00899556,147830,KOSDAQ,연간x별도,상단,DS-8,PASS,,,2026-07-07T22:59:19
제룡산업,00899556,147830,KOSDAQ,연간x별도,상단,DS-7,PASS,"badges seen: ['✅', '🔎']",,2026-07-07T22:59:19
제룡산업,00899556,147830,KOSDAQ,연간x별도,재무제표,CV-3,PASS,rows=29 cols=17 slider_extended=True,,2026-07-07T22:59:19
제룡산업,00899556,147830,KOSDAQ,연간x별도,재무제표,DS-2/DS-3,DONE,"cross-check completed for ['매출액', '영업이익']",,2026-07-07T22:59:19
제룡산업,00899556,147830,KOSDAQ,연간x별도,지표,CV-6,PASS,default metric selection visible,,2026-07-07T22:59:19
제룡산업,00899556,147830,KOSDAQ,분기x연결,재무제표,DS-1,PASS,,,2026-07-07T22:59:25
제룡산업,00899556,147830,KOSDAQ,분기x연결,상단,DS-8,PASS,,,2026-07-07T22:59:25
제룡산업,00899556,147830,KOSDAQ,분기x연결,상단,DS-4,PASS,substitution caption present,,2026-07-07T22:59:25
제룡산업,00899556,147830,KOSDAQ,분기x연결,상단,DS-7,PASS,"badges seen: ['✅', '🔎', '⚠']",,2026-07-07T22:59:25
제룡산업,00899556,147830,KOSDAQ,분기x연결,재무제표,CV-3,PASS,rows=29 cols=60 slider_extended=True,,2026-07-07T22:59:25
제룡산업,00899556,147830,KOSDAQ,분기x연결,재무제표,DS-2/DS-3,DONE,"cross-check completed for ['매출액', '영업이익']",,2026-07-07T22:59:25
제룡산업,00899556,147830,KOSDAQ,분기x연결,지표,CV-6,PASS,default metric selection visible,,2026-07-07T22:59:25
제룡산업,00899556,147830,KOSDAQ,분기x별도,재무제표,DS-1,PASS,,,2026-07-07T22:59:33
제룡산업,00899556,147830,KOSDAQ,분기x별도,상단,DS-8,PASS,,,2026-07-07T22:59:33
제룡산업,00899556,147830,KOSDAQ,분기x별도,상단,DS-7,PASS,"badges seen: ['✅', '🔎', '⚠']",,2026-07-07T22:59:33
제룡산업,00899556,147830,KOSDAQ,분기x별도,재무제표,CV-3,PASS,rows=29 cols=60 slider_extended=True,,2026-07-07T22:59:33
제룡산업,00899556,147830,KOSDAQ,분기x별도,재무제표,DS-2/DS-3,DONE,"cross-check completed for ['매출액', '영업이익']",,2026-07-07T22:59:33
제룡산업,00899556,147830,KOSDAQ,분기x별도,지표,CV-6,PASS,default metric selection visible,,2026-07-07T22:59:33
제룡전기,00185356,033100,KOSDAQ,연간x연결,재무제표,DS-1,PASS,,,2026-07-07T22:59:46
제룡전기,00185356,033100,KOSDAQ,연간x연결,상단,DS-8,PASS,,,2026-07-07T22:59:46
제룡전기,00185356,033100,KOSDAQ,연간x연결,상단,DS-4,PASS,substitution caption present,,2026-07-07T22:59:46
제룡전기,00185356,033100,KOSDAQ,연간x연결,상단,DS-7,PASS,"badges seen: ['✅', '🔎', '⚠']",,2026-07-07T22:59:46
제룡전기,00185356,033100,KOSDAQ,연간x연결,재무제표,CV-3,PASS,rows=29 cols=30 slider_extended=True,,2026-07-07T22:59:46
제룡전기,00185356,033100,KOSDAQ,연간x연결,재무제표,DS-2/DS-3,DONE,"cross-check completed for ['매출액', '영업이익']",,2026-07-07T22:59:46
제룡전기,00185356,033100,KOSDAQ,연간x연결,지표,CV-6,PASS,default metric selection visible,,2026-07-07T22:59:46
제룡전기,00185356,033100,KOSDAQ,연간x별도,재무제표,DS-1,PASS,,,2026-07-07T22:59:51
제룡전기,00185356,033100,KOSDAQ,연간x별도,상단,DS-8,PASS,,,2026-07-07T22:59:51
제룡전기,00185356,033100,KOSDAQ,연간x별도,상단,DS-7,PASS,"badges seen: ['✅', '🔎', '⚠']",,2026-07-07T22:59:51
제룡전기,00185356,033100,KOSDAQ,연간x별도,재무제표,CV-3,PASS,rows=29 cols=30 slider_extended=True,,2026-07-07T22:59:51
제룡전기,00185356,033100,KOSDAQ,연간x별도,재무제표,DS-2/DS-3,DONE,"cross-check completed for ['매출액', '영업이익']",,2026-07-07T22:59:51
제룡전기,00185356,033100,KOSDAQ,연간x별도,지표,CV-6,PASS,default metric selection visible,,2026-07-07T22:59:51
제룡전기,00185356,033100,KOSDAQ,분기x연결,재무제표,DS-1,PASS,,,2026-07-07T22:59:58
제룡전기,00185356,033100,KOSDAQ,분기x연결,상단,DS-8,PASS,,,2026-07-07T22:59:58
제룡전기,00185356,033100,KOSDAQ,분기x연결,상단,DS-4,PASS,substitution caption present,,2026-07-07T22:59:58
제룡전기,00185356,033100,KOSDAQ,분기x연결,상단,DS-7,PASS,"badges seen: ['✅', '🔎']",,2026-07-07T22:59:58
제룡전기,00185356,033100,KOSDAQ,분기x연결,재무제표,CV-3,PASS,rows=29 cols=89 slider_extended=True,,2026-07-07T22:59:58
제룡전기,00185356,033100,KOSDAQ,분기x연결,재무제표,DS-2/DS-3,DONE,"cross-check completed for ['매출액', '영업이익']",,2026-07-07T22:59:58
제룡전기,00185356,033100,KOSDAQ,분기x연결,지표,CV-6,PASS,default metric selection visible,,2026-07-07T22:59:58
제룡전기,00185356,033100,KOSDAQ,분기x별도,재무제표,DS-1,PASS,,,2026-07-07T23:00:05
제룡전기,00185356,033100,KOSDAQ,분기x별도,상단,DS-8,PASS,,,2026-07-07T23:00:05
제룡전기,00185356,033100,KOSDAQ,분기x별도,상단,DS-7,PASS,"badges seen: ['✅', '🔎']",,2026-07-07T23:00:05
제룡전기,00185356,033100,KOSDAQ,분기x별도,재무제표,CV-3,PASS,rows=29 cols=89 slider_extended=True,,2026-07-07T23:00:05
제룡전기,00185356,033100,KOSDAQ,분기x별도,재무제표,DS-2/DS-3,DONE,"cross-check completed for ['매출액', '영업이익']",,2026-07-07T23:00:05
제룡전기,00185356,033100,KOSDAQ,분기x별도,지표,CV-6,PASS,default metric selection visible,,2026-07-07T23:00:05
제우스,00442570,079370,KOSDAQ,연간x연결,재무제표,DS-1,PASS,,,2026-07-07T23:00:16
제우스,00442570,079370,KOSDAQ,연간x연결,상단,DS-8,PASS,,,2026-07-07T23:00:16
제우스,00442570,079370,KOSDAQ,연간x연결,상단,DS-7,PASS,"badges seen: ['✅', '🔎', '⚠']",,2026-07-07T23:00:16
제우스,00442570,079370,KOSDAQ,연간x연결,재무제표,CV-3,PASS,rows=29 cols=19 slider_extended=True,,2026-07-07T23:00:16
제우스,00442570,079370,KOSDAQ,연간x연결,재무제표,DS-2/DS-3,DONE,"cross-check completed for ['매출액', '영업이익']",,2026-07-07T23:00:16
제우스,00442570,079370,KOSDAQ,연간x연결,지표,CV-6,PASS,default metric selection visible,,2026-07-07T23:00:16
제우스,00442570,079370,KOSDAQ,연간x별도,재무제표,DS-1,PASS,,,2026-07-07T23:00:21
제우스,00442570,079370,KOSDAQ,연간x별도,상단,DS-8,PASS,,,2026-07-07T23:00:21
제우스,00442570,079370,KOSDAQ,연간x별도,상단,DS-7,PASS,"badges seen: ['✅', '🔎', '⚠']",,2026-07-07T23:00:21
제우스,00442570,079370,KOSDAQ,연간x별도,재무제표,CV-3,PASS,rows=29 cols=24 slider_extended=True,,2026-07-07T23:00:21
제우스,00442570,079370,KOSDAQ,연간x별도,재무제표,DS-2/DS-3,DONE,"cross-check completed for ['매출액', '영업이익']",,2026-07-07T23:00:21
제우스,00442570,079370,KOSDAQ,연간x별도,지표,CV-6,PASS,default metric selection visible,,2026-07-07T23:00:21
제우스,00442570,079370,KOSDAQ,분기x연결,재무제표,DS-1,PASS,,,2026-07-07T23:00:27
제우스,00442570,079370,KOSDAQ,분기x연결,상단,DS-8,PASS,,,2026-07-07T23:00:27
제우스,00442570,079370,KOSDAQ,분기x연결,상단,DS-7,PASS,"badges seen: ['✅', '🔎']",,2026-07-07T23:00:27
제우스,00442570,079370,KOSDAQ,분기x연결,재무제표,CV-3,PASS,rows=29 cols=62 slider_extended=True,,2026-07-07T23:00:27
제우스,00442570,079370,KOSDAQ,분기x연결,재무제표,DS-2/DS-3,DONE,"cross-check completed for ['매출액', '영업이익']",,2026-07-07T23:00:27
제우스,00442570,079370,KOSDAQ,분기x연결,지표,CV-6,PASS,default metric selection visible,,2026-07-07T23:00:27
제우스,00442570,079370,KOSDAQ,분기x별도,재무제표,DS-1,PASS,,,2026-07-07T23:00:35
제우스,00442570,079370,KOSDAQ,분기x별도,상단,DS-8,PASS,,,2026-07-07T23:00:35
제우스,00442570,079370,KOSDAQ,분기x별도,상단,DS-7,PASS,"badges seen: ['✅', '🔎', '⚠']",,2026-07-07T23:00:35
제우스,00442570,079370,KOSDAQ,분기x별도,재무제표,CV-3,PASS,rows=29 cols=76 slider_extended=True,,2026-07-07T23:00:35
제우스,00442570,079370,KOSDAQ,분기x별도,재무제표,DS-2/DS-3,DONE,"cross-check completed for ['매출액', '영업이익']",,2026-07-07T23:00:35
제우스,00442570,079370,KOSDAQ,분기x별도,지표,CV-6,PASS,default metric selection visible,,2026-07-07T23:00:35
제이브이엠,00361381,054950,KOSDAQ,연간x연결,재무제표,DS-1,PASS,,,2026-07-07T23:00:48
제이브이엠,00361381,054950,KOSDAQ,연간x연결,상단,DS-8,PASS,,,2026-07-07T23:00:48
제이브이엠,00361381,054950,KOSDAQ,연간x연결,상단,DS-7,PASS,"badges seen: ['✅', '🔎']",,2026-07-07T23:00:48
제이브이엠,00361381,054950,KOSDAQ,연간x연결,재무제표,CV-3,PASS,rows=29 cols=16 slider_extended=True,,2026-07-07T23:00:48
제이브이엠,00361381,054950,KOSDAQ,연간x연결,재무제표,DS-2/DS-3,DONE,"cross-check completed for ['매출액', '영업이익']",,2026-07-07T23:00:48
제이브이엠,00361381,054950,KOSDAQ,연간x연결,지표,CV-6,PASS,default metric selection visible,,2026-07-07T23:00:48
제이브이엠,00361381,054950,KOSDAQ,연간x별도,재무제표,DS-1,PASS,,,2026-07-07T23:00:54
제이브이엠,00361381,054950,KOSDAQ,연간x별도,상단,DS-8,PASS,,,2026-07-07T23:00:54
제이브이엠,00361381,054950,KOSDAQ,연간x별도,상단,DS-7,PASS,"badges seen: ['✅', '🔎']",,2026-07-07T23:00:54
제이브이엠,00361381,054950,KOSDAQ,연간x별도,재무제표,CV-3,PASS,rows=29 cols=24 slider_extended=True,,2026-07-07T23:00:54
제이브이엠,00361381,054950,KOSDAQ,연간x별도,재무제표,DS-2/DS-3,DONE,"cross-check completed for ['매출액', '영업이익']",,2026-07-07T23:00:54
제이브이엠,00361381,054950,KOSDAQ,연간x별도,지표,CV-6,PASS,default metric selection visible,,2026-07-07T23:00:54
제이브이엠,00361381,054950,KOSDAQ,분기x연결,재무제표,DS-1,PASS,,,2026-07-07T23:01:00
제이브이엠,00361381,054950,KOSDAQ,분기x연결,상단,DS-8,PASS,,,2026-07-07T23:01:00
제이브이엠,00361381,054950,KOSDAQ,분기x연결,상단,DS-7,PASS,"badges seen: ['✅', '🔎']",,2026-07-07T23:01:00
제이브이엠,00361381,054950,KOSDAQ,분기x연결,재무제표,CV-3,PASS,rows=29 cols=54 slider_extended=True,,2026-07-07T23:01:00
제이브이엠,00361381,054950,KOSDAQ,분기x연결,재무제표,DS-2/DS-3,DONE,"cross-check completed for ['매출액', '영업이익']",,2026-07-07T23:01:00
제이브이엠,00361381,054950,KOSDAQ,분기x연결,지표,CV-6,PASS,default metric selection visible,,2026-07-07T23:01:00
제이브이엠,00361381,054950,KOSDAQ,분기x별도,재무제표,DS-1,PASS,,,2026-07-07T23:01:07
제이브이엠,00361381,054950,KOSDAQ,분기x별도,상단,DS-8,PASS,,,2026-07-07T23:01:07
제이브이엠,00361381,054950,KOSDAQ,분기x별도,상단,DS-7,PASS,"badges seen: ['✅', '🔎']",,2026-07-07T23:01:07
제이브이엠,00361381,054950,KOSDAQ,분기x별도,재무제표,CV-3,PASS,rows=29 cols=76 slider_extended=True,,2026-07-07T23:01:07
제이브이엠,00361381,054950,KOSDAQ,분기x별도,재무제표,DS-2/DS-3,DONE,"cross-check completed for ['매출액', '영업이익']",,2026-07-07T23:01:07
제이브이엠,00361381,054950,KOSDAQ,분기x별도,지표,CV-6,PASS,default metric selection visible,,2026-07-07T23:01:07
제이스로보틱스,00493185,090470,KOSDAQ,연간x연결,재무제표,DS-1,PASS,,,2026-07-07T23:01:18
제이스로보틱스,00493185,090470,KOSDAQ,연간x연결,상단,DS-8,PASS,,,2026-07-07T23:01:18
제이스로보틱스,00493185,090470,KOSDAQ,연간x연결,상단,DS-7,PASS,"badges seen: ['✅', '🔎', '⚠']",,2026-07-07T23:01:18
제이스로보틱스,00493185,090470,KOSDAQ,연간x연결,재무제표,CV-3,PASS,rows=29 cols=14 slider_extended=True,,2026-07-07T23:01:18
제이스로보틱스,00493185,090470,KOSDAQ,연간x연결,재무제표,DS-2/DS-3,DONE,"cross-check completed for ['매출액', '영업이익']",,2026-07-07T23:01:18
제이스로보틱스,00493185,090470,KOSDAQ,연간x연결,지표,CV-6,PASS,default metric selection visible,,2026-07-07T23:01:18
제이스로보틱스,00493185,090470,KOSDAQ,연간x별도,재무제표,DS-1,PASS,,,2026-07-07T23:01:23
제이스로보틱스,00493185,090470,KOSDAQ,연간x별도,상단,DS-8,PASS,,,2026-07-07T23:01:23
제이스로보틱스,00493185,090470,KOSDAQ,연간x별도,상단,DS-7,PASS,"badges seen: ['✅', '🔎', '⚠']",,2026-07-07T23:01:23
제이스로보틱스,00493185,090470,KOSDAQ,연간x별도,재무제표,CV-3,PASS,rows=29 cols=23 slider_extended=True,,2026-07-07T23:01:23
제이스로보틱스,00493185,090470,KOSDAQ,연간x별도,재무제표,DS-2/DS-3,DONE,"cross-check completed for ['매출액', '영업이익']",,2026-07-07T23:01:23
제이스로보틱스,00493185,090470,KOSDAQ,연간x별도,지표,CV-6,PASS,default metric selection visible,,2026-07-07T23:01:23
제이스로보틱스,00493185,090470,KOSDAQ,분기x연결,재무제표,DS-1,PASS,,,2026-07-07T23:01:30
제이스로보틱스,00493185,090470,KOSDAQ,분기x연결,상단,DS-8,PASS,,,2026-07-07T23:01:30
제이스로보틱스,00493185,090470,KOSDAQ,분기x연결,상단,DS-7,PASS,"badges seen: ['✅', '🔎', '⚠']",,2026-07-07T23:01:30
제이스로보틱스,00493185,090470,KOSDAQ,분기x연결,재무제표,CV-3,PASS,rows=29 cols=44 slider_extended=True,,2026-07-07T23:01:30
제이스로보틱스,00493185,090470,KOSDAQ,분기x연결,재무제표,DS-2/DS-3,DONE,"cross-check completed for ['매출액', '영업이익']",,2026-07-07T23:01:30
제이스로보틱스,00493185,090470,KOSDAQ,분기x연결,지표,CV-6,PASS,default metric selection visible,,2026-07-07T23:01:30
제이스로보틱스,00493185,090470,KOSDAQ,분기x별도,재무제표,DS-1,PASS,,,2026-07-07T23:01:37
제이스로보틱스,00493185,090470,KOSDAQ,분기x별도,상단,DS-8,PASS,,,2026-07-07T23:01:37
제이스로보틱스,00493185,090470,KOSDAQ,분기x별도,상단,DS-7,PASS,"badges seen: ['✅', '🔎', '⚠']",,2026-07-07T23:01:37
제이스로보틱스,00493185,090470,KOSDAQ,분기x별도,재무제표,CV-3,PASS,rows=29 cols=75 slider_extended=True,,2026-07-07T23:01:37
제이스로보틱스,00493185,090470,KOSDAQ,분기x별도,재무제표,DS-2/DS-3,DONE,"cross-check completed for ['매출액', '영업이익']",,2026-07-07T23:01:37
제이스로보틱스,00493185,090470,KOSDAQ,분기x별도,지표,CV-6,PASS,default metric selection visible,,2026-07-07T23:01:37
제이스코홀딩스,00148531,023440,KOSDAQ,연간x연결,재무제표,DS-1,PASS,,,2026-07-07T23:01:51
제이스코홀딩스,00148531,023440,KOSDAQ,연간x연결,상단,DS-8,PASS,,,2026-07-07T23:01:51
제이스코홀딩스,00148531,023440,KOSDAQ,연간x연결,상단,DS-7,PASS,"badges seen: ['✅', '🔎', '⚠']",,2026-07-07T23:01:51
제이스코홀딩스,00148531,023440,KOSDAQ,연간x연결,재무제표,CV-3,PASS,rows=29 cols=7 slider_extended=True,,2026-07-07T23:01:51
제이스코홀딩스,00148531,023440,KOSDAQ,연간x연결,재무제표,DS-2/DS-3,DONE,"cross-check completed for ['매출액', '영업이익']",,2026-07-07T23:01:51
제이스코홀딩스,00148531,023440,KOSDAQ,연간x연결,지표,CV-6,PASS,default metric selection visible,,2026-07-07T23:01:51
제이스코홀딩스,00148531,023440,KOSDAQ,연간x별도,재무제표,DS-1,PASS,,,2026-07-07T23:01:56
제이스코홀딩스,00148531,023440,KOSDAQ,연간x별도,상단,DS-8,PASS,,,2026-07-07T23:01:56
제이스코홀딩스,00148531,023440,KOSDAQ,연간x별도,상단,DS-7,PASS,"badges seen: ['✅', '🔎', '⚠']",,2026-07-07T23:01:56
제이스코홀딩스,00148531,023440,KOSDAQ,연간x별도,재무제표,CV-3,PASS,rows=29 cols=28 slider_extended=True,,2026-07-07T23:01:56
제이스코홀딩스,00148531,023440,KOSDAQ,연간x별도,재무제표,DS-2/DS-3,DONE,"cross-check completed for ['매출액', '영업이익']",,2026-07-07T23:01:56
제이스코홀딩스,00148531,023440,KOSDAQ,연간x별도,지표,CV-6,PASS,default metric selection visible,,2026-07-07T23:01:56
제이스코홀딩스,00148531,023440,KOSDAQ,분기x연결,재무제표,DS-1,PASS,,,2026-07-07T23:02:02
제이스코홀딩스,00148531,023440,KOSDAQ,분기x연결,상단,DS-8,PASS,,,2026-07-07T23:02:02
제이스코홀딩스,00148531,023440,KOSDAQ,분기x연결,상단,DS-7,PASS,"badges seen: ['✅', '🔎', '⚠']",,2026-07-07T23:02:02
제이스코홀딩스,00148531,023440,KOSDAQ,분기x연결,재무제표,CV-3,PASS,rows=29 cols=19 slider_extended=True,,2026-07-07T23:02:02
제이스코홀딩스,00148531,023440,KOSDAQ,분기x연결,재무제표,DS-2/DS-3,DONE,"cross-check completed for ['매출액', '영업이익']",,2026-07-07T23:02:02
제이스코홀딩스,00148531,023440,KOSDAQ,분기x연결,지표,CV-6,PASS,default metric selection visible,,2026-07-07T23:02:02
제이스코홀딩스,00148531,023440,KOSDAQ,분기x별도,재무제표,DS-1,PASS,,,2026-07-07T23:02:09
제이스코홀딩스,00148531,023440,KOSDAQ,분기x별도,상단,DS-8,PASS,,,2026-07-07T23:02:09
제이스코홀딩스,00148531,023440,KOSDAQ,분기x별도,상단,DS-7,PASS,"badges seen: ['✅', '🔎', '⚠']",,2026-07-07T23:02:09
제이스코홀딩스,00148531,023440,KOSDAQ,분기x별도,재무제표,CV-3,PASS,rows=29 cols=79 slider_extended=True,,2026-07-07T23:02:09
제이스코홀딩스,00148531,023440,KOSDAQ,분기x별도,재무제표,DS-2/DS-3,DONE,"cross-check completed for ['매출액', '영업이익']",,2026-07-07T23:02:09
제이스코홀딩스,00148531,023440,KOSDAQ,분기x별도,지표,CV-6,PASS,default metric selection visible,,2026-07-07T23:02:09
제이씨케미칼,00664853,137950,KOSDAQ,연간x연결,재무제표,DS-1,PASS,,,2026-07-07T23:02:20
제이씨케미칼,00664853,137950,KOSDAQ,연간x연결,상단,DS-8,PASS,,,2026-07-07T23:02:20
제이씨케미칼,00664853,137950,KOSDAQ,연간x연결,상단,DS-7,PASS,"badges seen: ['✅', '🔎', '⚠']",,2026-07-07T23:02:20
제이씨케미칼,00664853,137950,KOSDAQ,연간x연결,재무제표,CV-3,PASS,rows=29 cols=18 slider_extended=True,,2026-07-07T23:02:20
제이씨케미칼,00664853,137950,KOSDAQ,연간x연결,재무제표,DS-2/DS-3,DONE,"cross-check completed for ['매출액', '영업이익']",,2026-07-07T23:02:20
제이씨케미칼,00664853,137950,KOSDAQ,연간x연결,지표,CV-6,PASS,default metric selection visible,,2026-07-07T23:02:20
제이씨케미칼,00664853,137950,KOSDAQ,연간x별도,재무제표,DS-1,PASS,,,2026-07-07T23:02:26
제이씨케미칼,00664853,137950,KOSDAQ,연간x별도,상단,DS-8,PASS,,,2026-07-07T23:02:26
제이씨케미칼,00664853,137950,KOSDAQ,연간x별도,상단,DS-7,PASS,"badges seen: ['✅', '🔎']",,2026-07-07T23:02:26
제이씨케미칼,00664853,137950,KOSDAQ,연간x별도,재무제표,CV-3,PASS,rows=29 cols=19 slider_extended=True,,2026-07-07T23:02:26
제이씨케미칼,00664853,137950,KOSDAQ,연간x별도,재무제표,DS-2/DS-3,DONE,"cross-check completed for ['매출액', '영업이익']",,2026-07-07T23:02:26
제이씨케미칼,00664853,137950,KOSDAQ,연간x별도,지표,CV-6,PASS,default metric selection visible,,2026-07-07T23:02:26
제이씨케미칼,00664853,137950,KOSDAQ,분기x연결,재무제표,DS-1,PASS,,,2026-07-07T23:02:32
제이씨케미칼,00664853,137950,KOSDAQ,분기x연결,상단,DS-8,PASS,,,2026-07-07T23:02:32
제이씨케미칼,00664853,137950,KOSDAQ,분기x연결,상단,DS-7,PASS,"badges seen: ['✅', '🔎']",,2026-07-07T23:02:32
제이씨케미칼,00664853,137950,KOSDAQ,분기x연결,재무제표,CV-3,PASS,rows=29 cols=60 slider_extended=True,,2026-07-07T23:02:32
제이씨케미칼,00664853,137950,KOSDAQ,분기x연결,재무제표,DS-2/DS-3,DONE,"cross-check completed for ['매출액', '영업이익']",,2026-07-07T23:02:32
제이씨케미칼,00664853,137950,KOSDAQ,분기x연결,지표,CV-6,PASS,default metric selection visible,,2026-07-07T23:02:32
제이씨케미칼,00664853,137950,KOSDAQ,분기x별도,재무제표,DS-1,PASS,,,2026-07-07T23:02:39
제이씨케미칼,00664853,137950,KOSDAQ,분기x별도,상단,DS-8,PASS,,,2026-07-07T23:02:39
제이씨케미칼,00664853,137950,KOSDAQ,분기x별도,상단,DS-7,PASS,"badges seen: ['✅', '🔎']",,2026-07-07T23:02:39
제이씨케미칼,00664853,137950,KOSDAQ,분기x별도,재무제표,CV-3,PASS,rows=29 cols=63 slider_extended=True,,2026-07-07T23:02:39
제이씨케미칼,00664853,137950,KOSDAQ,분기x별도,재무제표,DS-2/DS-3,DONE,"cross-check completed for ['매출액', '영업이익']",,2026-07-07T23:02:39
제이씨케미칼,00664853,137950,KOSDAQ,분기x별도,지표,CV-6,PASS,default metric selection visible,,2026-07-07T23:02:39
제이씨현시스템,00223513,033320,KOSDAQ,연간x연결,재무제표,DS-1,PASS,,,2026-07-07T23:02:53
제이씨현시스템,00223513,033320,KOSDAQ,연간x연결,상단,DS-8,PASS,,,2026-07-07T23:02:53
제이씨현시스템,00223513,033320,KOSDAQ,연간x연결,상단,DS-7,PASS,"badges seen: ['✅', '🔎', '⚠']",,2026-07-07T23:02:53
제이씨현시스템,00223513,033320,KOSDAQ,연간x연결,재무제표,CV-3,PASS,rows=29 cols=21 slider_extended=True,,2026-07-07T23:02:53
제이씨현시스템,00223513,033320,KOSDAQ,연간x연결,재무제표,DS-2/DS-3,DONE,"cross-check completed for ['매출액', '영업이익']",,2026-07-07T23:02:53
제이씨현시스템,00223513,033320,KOSDAQ,연간x연결,지표,CV-6,PASS,default metric selection visible,,2026-07-07T23:02:53
제이씨현시스템,00223513,033320,KOSDAQ,연간x별도,재무제표,DS-1,PASS,,,2026-07-07T23:02:59
제이씨현시스템,00223513,033320,KOSDAQ,연간x별도,상단,DS-8,PASS,,,2026-07-07T23:02:59
제이씨현시스템,00223513,033320,KOSDAQ,연간x별도,상단,DS-7,PASS,"badges seen: ['✅', '🔎', '⚠']",,2026-07-07T23:02:59
제이씨현시스템,00223513,033320,KOSDAQ,연간x별도,재무제표,CV-3,PASS,rows=29 cols=29 slider_extended=True,,2026-07-07T23:02:59
제이씨현시스템,00223513,033320,KOSDAQ,연간x별도,재무제표,DS-2/DS-3,DONE,"cross-check completed for ['매출액', '영업이익']",,2026-07-07T23:02:59
제이씨현시스템,00223513,033320,KOSDAQ,연간x별도,지표,CV-6,PASS,default metric selection visible,,2026-07-07T23:02:59
제이씨현시스템,00223513,033320,KOSDAQ,분기x연결,재무제표,DS-1,PASS,,,2026-07-07T23:03:05
제이씨현시스템,00223513,033320,KOSDAQ,분기x연결,상단,DS-8,PASS,,,2026-07-07T23:03:05
제이씨현시스템,00223513,033320,KOSDAQ,분기x연결,상단,DS-7,PASS,"badges seen: ['✅', '🔎', '⚠']",,2026-07-07T23:03:05
제이씨현시스템,00223513,033320,KOSDAQ,분기x연결,재무제표,CV-3,PASS,rows=29 cols=60 slider_extended=True,,2026-07-07T23:03:05
제이씨현시스템,00223513,033320,KOSDAQ,분기x연결,재무제표,DS-2/DS-3,DONE,"cross-check completed for ['매출액', '영업이익']",,2026-07-07T23:03:05
제이씨현시스템,00223513,033320,KOSDAQ,분기x연결,지표,CV-6,PASS,default metric selection visible,,2026-07-07T23:03:05
제이씨현시스템,00223513,033320,KOSDAQ,분기x별도,재무제표,DS-1,PASS,,,2026-07-07T23:03:12
제이씨현시스템,00223513,033320,KOSDAQ,분기x별도,상단,DS-8,PASS,,,2026-07-07T23:03:12
제이씨현시스템,00223513,033320,KOSDAQ,분기x별도,상단,DS-7,PASS,"badges seen: ['✅', '🔎']",,2026-07-07T23:03:12
제이씨현시스템,00223513,033320,KOSDAQ,분기x별도,재무제표,CV-3,PASS,rows=29 cols=92 slider_extended=True,,2026-07-07T23:03:12
제이씨현시스템,00223513,033320,KOSDAQ,분기x별도,재무제표,DS-2/DS-3,DONE,"cross-check completed for ['매출액', '영업이익']",,2026-07-07T23:03:12
제이씨현시스템,00223513,033320,KOSDAQ,분기x별도,지표,CV-6,PASS,default metric selection visible,,2026-07-07T23:03:12
제이아이테크,01367586,417500,KOSDAQ,연간x연결,재무제표,DS-1,PASS,,,2026-07-07T23:03:23
제이아이테크,01367586,417500,KOSDAQ,연간x연결,상단,DS-8,PASS,,,2026-07-07T23:03:23
제이아이테크,01367586,417500,KOSDAQ,연간x연결,상단,DS-7,PASS,"badges seen: ['✅', '🔎']",,2026-07-07T23:03:23
제이아이테크,01367586,417500,KOSDAQ,연간x연결,재무제표,CV-3,PASS,rows=29 cols=8 slider_extended=True,,2026-07-07T23:03:23
제이아이테크,01367586,417500,KOSDAQ,연간x연결,재무제표,DS-2/DS-3,DONE,"cross-check completed for ['매출액', '영업이익']",,2026-07-07T23:03:23
제이아이테크,01367586,417500,KOSDAQ,연간x연결,지표,CV-6,PASS,default metric selection visible,,2026-07-07T23:03:23
제이아이테크,01367586,417500,KOSDAQ,연간x별도,재무제표,DS-1,PASS,,,2026-07-07T23:03:28
제이아이테크,01367586,417500,KOSDAQ,연간x별도,상단,DS-8,PASS,,,2026-07-07T23:03:28
제이아이테크,01367586,417500,KOSDAQ,연간x별도,상단,DS-7,PASS,"badges seen: ['✅', '🔎']",,2026-07-07T23:03:28
제이아이테크,01367586,417500,KOSDAQ,연간x별도,재무제표,CV-3,PASS,rows=29 cols=8 slider_extended=True,,2026-07-07T23:03:28
제이아이테크,01367586,417500,KOSDAQ,연간x별도,재무제표,DS-2/DS-3,DONE,"cross-check completed for ['매출액', '영업이익']",,2026-07-07T23:03:28
제이아이테크,01367586,417500,KOSDAQ,연간x별도,지표,CV-6,PASS,default metric selection visible,,2026-07-07T23:03:28
제이아이테크,01367586,417500,KOSDAQ,분기x연결,재무제표,DS-1,PASS,,,2026-07-07T23:03:35
제이아이테크,01367586,417500,KOSDAQ,분기x연결,상단,DS-8,PASS,,,2026-07-07T23:03:35
제이아이테크,01367586,417500,KOSDAQ,분기x연결,상단,DS-7,PASS,"badges seen: ['✅', '🔎', '⚠']",,2026-07-07T23:03:35
제이아이테크,01367586,417500,KOSDAQ,분기x연결,재무제표,CV-3,PASS,rows=29 cols=20 slider_extended=True,,2026-07-07T23:03:35
제이아이테크,01367586,417500,KOSDAQ,분기x연결,재무제표,DS-2/DS-3,DONE,"cross-check completed for ['매출액', '영업이익']",,2026-07-07T23:03:35
제이아이테크,01367586,417500,KOSDAQ,분기x연결,지표,CV-6,PASS,default metric selection visible,,2026-07-07T23:03:35
제이아이테크,01367586,417500,KOSDAQ,분기x별도,재무제표,DS-1,PASS,,,2026-07-07T23:03:42
제이아이테크,01367586,417500,KOSDAQ,분기x별도,상단,DS-8,PASS,,,2026-07-07T23:03:42
제이아이테크,01367586,417500,KOSDAQ,분기x별도,상단,DS-7,PASS,"badges seen: ['✅', '🔎', '⚠']",,2026-07-07T23:03:42
제이아이테크,01367586,417500,KOSDAQ,분기x별도,재무제표,CV-3,PASS,rows=29 cols=20 slider_extended=True,,2026-07-07T23:03:42
제이아이테크,01367586,417500,KOSDAQ,분기x별도,재무제표,DS-2/DS-3,DONE,"cross-check completed for ['매출액', '영업이익']",,2026-07-07T23:03:42
제이아이테크,01367586,417500,KOSDAQ,분기x별도,지표,CV-6,PASS,default metric selection visible,,2026-07-07T23:03:42
제이앤티씨,00447575,204270,KOSDAQ,연간x연결,재무제표,DS-1,PASS,,,2026-07-07T23:03:55
제이앤티씨,00447575,204270,KOSDAQ,연간x연결,상단,DS-8,PASS,,,2026-07-07T23:03:55
제이앤티씨,00447575,204270,KOSDAQ,연간x연결,상단,DS-7,PASS,"badges seen: ['✅', '🔎', '⚠']",,2026-07-07T23:03:55
제이앤티씨,00447575,204270,KOSDAQ,연간x연결,재무제표,CV-3,PASS,rows=29 cols=11 slider_extended=True,,2026-07-07T23:03:55
제이앤티씨,00447575,204270,KOSDAQ,연간x연결,재무제표,DS-2/DS-3,DONE,"cross-check completed for ['매출액', '영업이익']",,2026-07-07T23:03:55
제이앤티씨,00447575,204270,KOSDAQ,연간x연결,지표,CV-6,PASS,default metric selection visible,,2026-07-07T23:03:55
제이앤티씨,00447575,204270,KOSDAQ,연간x별도,재무제표,DS-1,PASS,,,2026-07-07T23:04:01
제이앤티씨,00447575,204270,KOSDAQ,연간x별도,상단,DS-8,PASS,,,2026-07-07T23:04:01
제이앤티씨,00447575,204270,KOSDAQ,연간x별도,상단,DS-7,PASS,"badges seen: ['✅', '🔎', '⚠']",,2026-07-07T23:04:01
제이앤티씨,00447575,204270,KOSDAQ,연간x별도,재무제표,CV-3,PASS,rows=29 cols=11 slider_extended=True,,2026-07-07T23:04:01
제이앤티씨,00447575,204270,KOSDAQ,연간x별도,재무제표,DS-2/DS-3,DONE,"cross-check completed for ['매출액', '영업이익']",,2026-07-07T23:04:01
제이앤티씨,00447575,204270,KOSDAQ,연간x별도,지표,CV-6,PASS,default metric selection visible,,2026-07-07T23:04:01
제이앤티씨,00447575,204270,KOSDAQ,분기x연결,재무제표,DS-1,PASS,,,2026-07-07T23:04:07
제이앤티씨,00447575,204270,KOSDAQ,분기x연결,상단,DS-8,PASS,,,2026-07-07T23:04:07
제이앤티씨,00447575,204270,KOSDAQ,분기x연결,상단,DS-7,PASS,"badges seen: ['✅', '🔎']",,2026-07-07T23:04:07
제이앤티씨,00447575,204270,KOSDAQ,분기x연결,재무제표,CV-3,PASS,rows=29 cols=32 slider_extended=True,,2026-07-07T23:04:07
제이앤티씨,00447575,204270,KOSDAQ,분기x연결,재무제표,DS-2/DS-3,DONE,"cross-check completed for ['매출액', '영업이익']",,2026-07-07T23:04:07
제이앤티씨,00447575,204270,KOSDAQ,분기x연결,지표,CV-6,PASS,default metric selection visible,,2026-07-07T23:04:07
제이앤티씨,00447575,204270,KOSDAQ,분기x별도,재무제표,DS-1,PASS,,,2026-07-07T23:04:14
제이앤티씨,00447575,204270,KOSDAQ,분기x별도,상단,DS-8,PASS,,,2026-07-07T23:04:14
제이앤티씨,00447575,204270,KOSDAQ,분기x별도,상단,DS-7,PASS,"badges seen: ['✅', '🔎']",,2026-07-07T23:04:14
제이앤티씨,00447575,204270,KOSDAQ,분기x별도,재무제표,CV-3,PASS,rows=29 cols=32 slider_extended=True,,2026-07-07T23:04:14
제이앤티씨,00447575,204270,KOSDAQ,분기x별도,재무제표,DS-2/DS-3,DONE,"cross-check completed for ['매출액', '영업이익']",,2026-07-07T23:04:14
제이앤티씨,00447575,204270,KOSDAQ,분기x별도,지표,CV-6,PASS,default metric selection visible,,2026-07-07T23:04:14
제이에스링크,00642541,127120,KOSDAQ,연간x연결,재무제표,DS-1,PASS,,,2026-07-07T23:04:25
제이에스링크,00642541,127120,KOSDAQ,연간x연결,상단,DS-8,PASS,,,2026-07-07T23:04:25
제이에스링크,00642541,127120,KOSDAQ,연간x연결,상단,DS-7,PASS,"badges seen: ['✅', '🔎']",,2026-07-07T23:04:25
제이에스링크,00642541,127120,KOSDAQ,연간x연결,재무제표,CV-3,PASS,rows=29 cols=15 slider_extended=True,,2026-07-07T23:04:25
제이에스링크,00642541,127120,KOSDAQ,연간x연결,재무제표,DS-2/DS-3,DONE,"cross-check completed for ['매출액', '영업이익']",,2026-07-07T23:04:25
제이에스링크,00642541,127120,KOSDAQ,연간x연결,지표,CV-6,PASS,default metric selection visible,,2026-07-07T23:04:25
제이에스링크,00642541,127120,KOSDAQ,연간x별도,재무제표,DS-1,PASS,,,2026-07-07T23:04:30
제이에스링크,00642541,127120,KOSDAQ,연간x별도,상단,DS-8,PASS,,,2026-07-07T23:04:30
제이에스링크,00642541,127120,KOSDAQ,연간x별도,상단,DS-7,PASS,"badges seen: ['✅', '🔎']",,2026-07-07T23:04:30
제이에스링크,00642541,127120,KOSDAQ,연간x별도,재무제표,CV-3,PASS,rows=29 cols=18 slider_extended=True,,2026-07-07T23:04:30
제이에스링크,00642541,127120,KOSDAQ,연간x별도,재무제표,DS-2/DS-3,DONE,"cross-check completed for ['매출액', '영업이익']",,2026-07-07T23:04:30
제이에스링크,00642541,127120,KOSDAQ,연간x별도,지표,CV-6,PASS,default metric selection visible,,2026-07-07T23:04:30
제이에스링크,00642541,127120,KOSDAQ,분기x연결,재무제표,DS-1,PASS,,,2026-07-07T23:04:36
제이에스링크,00642541,127120,KOSDAQ,분기x연결,상단,DS-8,PASS,,,2026-07-07T23:04:36
제이에스링크,00642541,127120,KOSDAQ,분기x연결,상단,DS-7,PASS,"badges seen: ['✅', '🔎']",,2026-07-07T23:04:36
제이에스링크,00642541,127120,KOSDAQ,분기x연결,재무제표,CV-3,PASS,rows=29 cols=52 slider_extended=True,,2026-07-07T23:04:36
제이에스링크,00642541,127120,KOSDAQ,분기x연결,재무제표,DS-2/DS-3,DONE,"cross-check completed for ['매출액', '영업이익']",,2026-07-07T23:04:36
제이에스링크,00642541,127120,KOSDAQ,분기x연결,지표,CV-6,PASS,default metric selection visible,,2026-07-07T23:04:36
제이에스링크,00642541,127120,KOSDAQ,분기x별도,재무제표,DS-1,PASS,,,2026-07-07T23:04:44
제이에스링크,00642541,127120,KOSDAQ,분기x별도,상단,DS-8,PASS,,,2026-07-07T23:04:44
제이에스링크,00642541,127120,KOSDAQ,분기x별도,상단,DS-7,PASS,"badges seen: ['✅', '🔎']",,2026-07-07T23:04:44
제이에스링크,00642541,127120,KOSDAQ,분기x별도,재무제표,CV-3,PASS,rows=29 cols=61 slider_extended=True,,2026-07-07T23:04:44
제이에스링크,00642541,127120,KOSDAQ,분기x별도,재무제표,DS-2/DS-3,DONE,"cross-check completed for ['매출액', '영업이익']",,2026-07-07T23:04:44
제이에스링크,00642541,127120,KOSDAQ,분기x별도,지표,CV-6,PASS,default metric selection visible,,2026-07-07T23:04:44
제이에스티나,00120289,026040,KOSDAQ,연간x연결,재무제표,DS-1,PASS,,,2026-07-07T23:04:57
제이에스티나,00120289,026040,KOSDAQ,연간x연결,상단,DS-8,PASS,,,2026-07-07T23:04:57
제이에스티나,00120289,026040,KOSDAQ,연간x연결,상단,DS-7,PASS,"badges seen: ['✅', '🔎']",,2026-07-07T23:04:57
제이에스티나,00120289,026040,KOSDAQ,연간x연결,재무제표,CV-3,PASS,rows=29 cols=15 slider_extended=True,,2026-07-07T23:04:57
제이에스티나,00120289,026040,KOSDAQ,연간x연결,재무제표,DS-2/DS-3,DONE,"cross-check completed for ['매출액', '영업이익']",,2026-07-07T23:04:57
제이에스티나,00120289,026040,KOSDAQ,연간x연결,지표,CV-6,PASS,default metric selection visible,,2026-07-07T23:04:57
제이에스티나,00120289,026040,KOSDAQ,연간x별도,재무제표,DS-1,PASS,,,2026-07-07T23:05:02
제이에스티나,00120289,026040,KOSDAQ,연간x별도,상단,DS-8,PASS,,,2026-07-07T23:05:02
제이에스티나,00120289,026040,KOSDAQ,연간x별도,상단,DS-7,PASS,"badges seen: ['✅', '🔎']",,2026-07-07T23:05:02
제이에스티나,00120289,026040,KOSDAQ,연간x별도,재무제표,CV-3,PASS,rows=29 cols=29 slider_extended=True,,2026-07-07T23:05:02
제이에스티나,00120289,026040,KOSDAQ,연간x별도,재무제표,DS-2/DS-3,DONE,"cross-check completed for ['매출액', '영업이익']",,2026-07-07T23:05:02
제이에스티나,00120289,026040,KOSDAQ,연간x별도,지표,CV-6,PASS,default metric selection visible,,2026-07-07T23:05:02
제이에스티나,00120289,026040,KOSDAQ,분기x연결,재무제표,DS-1,PASS,,,2026-07-07T23:05:09
제이에스티나,00120289,026040,KOSDAQ,분기x연결,상단,DS-8,PASS,,,2026-07-07T23:05:09
제이에스티나,00120289,026040,KOSDAQ,분기x연결,상단,DS-7,PASS,"badges seen: ['✅', '🔎', '⚠']",,2026-07-07T23:05:09
제이에스티나,00120289,026040,KOSDAQ,분기x연결,재무제표,CV-3,PASS,rows=29 cols=49 slider_extended=True,,2026-07-07T23:05:09
제이에스티나,00120289,026040,KOSDAQ,분기x연결,재무제표,DS-2/DS-3,DONE,"cross-check completed for ['매출액', '영업이익']",,2026-07-07T23:05:09
제이에스티나,00120289,026040,KOSDAQ,분기x연결,지표,CV-6,PASS,default metric selection visible,,2026-07-07T23:05:09
제이에스티나,00120289,026040,KOSDAQ,분기x별도,재무제표,DS-1,PASS,,,2026-07-07T23:05:16
제이에스티나,00120289,026040,KOSDAQ,분기x별도,상단,DS-8,PASS,,,2026-07-07T23:05:16
제이에스티나,00120289,026040,KOSDAQ,분기x별도,상단,DS-7,PASS,"badges seen: ['✅', '🔎']",,2026-07-07T23:05:16
제이에스티나,00120289,026040,KOSDAQ,분기x별도,재무제표,CV-3,PASS,rows=29 cols=92 slider_extended=True,,2026-07-07T23:05:16
제이에스티나,00120289,026040,KOSDAQ,분기x별도,재무제표,DS-2/DS-3,DONE,"cross-check completed for ['매출액', '영업이익']",,2026-07-07T23:05:16
제이에스티나,00120289,026040,KOSDAQ,분기x별도,지표,CV-6,PASS,default metric selection visible,,2026-07-07T23:05:16
제이엔비,01309421,452160,KOSDAQ,연간x연결,재무제표,DS-1,PASS,,,2026-07-07T23:05:27
제이엔비,01309421,452160,KOSDAQ,연간x연결,상단,DS-8,PASS,,,2026-07-07T23:05:27
제이엔비,01309421,452160,KOSDAQ,연간x연결,상단,DS-7,PASS,"badges seen: ['✅', '🔎']",,2026-07-07T23:05:27
제이엔비,01309421,452160,KOSDAQ,연간x연결,재무제표,CV-3,PASS,rows=29 cols=7 slider_extended=True,,2026-07-07T23:05:27
제이엔비,01309421,452160,KOSDAQ,연간x연결,재무제표,DS-2/DS-3,DONE,"cross-check completed for ['매출액', '영업이익']",,2026-07-07T23:05:27
제이엔비,01309421,452160,KOSDAQ,연간x연결,지표,CV-6,PASS,default metric selection visible,,2026-07-07T23:05:27
제이엔비,01309421,452160,KOSDAQ,연간x별도,재무제표,DS-1,PASS,,,2026-07-07T23:05:32
제이엔비,01309421,452160,KOSDAQ,연간x별도,상단,DS-8,PASS,,,2026-07-07T23:05:32
제이엔비,01309421,452160,KOSDAQ,연간x별도,상단,DS-7,PASS,"badges seen: ['✅', '🔎']",,2026-07-07T23:05:32
제이엔비,01309421,452160,KOSDAQ,연간x별도,재무제표,CV-3,PASS,rows=29 cols=7 slider_extended=True,,2026-07-07T23:05:32
제이엔비,01309421,452160,KOSDAQ,연간x별도,재무제표,DS-2/DS-3,DONE,"cross-check completed for ['매출액', '영업이익']",,2026-07-07T23:05:32
제이엔비,01309421,452160,KOSDAQ,연간x별도,지표,CV-6,PASS,default metric selection visible,,2026-07-07T23:05:32
제이엔비,01309421,452160,KOSDAQ,분기x연결,재무제표,DS-1,PASS,,,2026-07-07T23:05:39
제이엔비,01309421,452160,KOSDAQ,분기x연결,상단,DS-8,PASS,,,2026-07-07T23:05:39
제이엔비,01309421,452160,KOSDAQ,분기x연결,상단,DS-7,PASS,"badges seen: ['✅', '🔎']",,2026-07-07T23:05:39
제이엔비,01309421,452160,KOSDAQ,분기x연결,재무제표,CV-3,PASS,rows=29 cols=16 slider_extended=True,,2026-07-07T23:05:39
제이엔비,01309421,452160,KOSDAQ,분기x연결,재무제표,DS-2/DS-3,DONE,"cross-check completed for ['매출액', '영업이익']",,2026-07-07T23:05:39
제이엔비,01309421,452160,KOSDAQ,분기x연결,지표,CV-6,PASS,default metric selection visible,,2026-07-07T23:05:39
제이엔비,01309421,452160,KOSDAQ,분기x별도,재무제표,DS-1,PASS,,,2026-07-07T23:05:46
제이엔비,01309421,452160,KOSDAQ,분기x별도,상단,DS-8,PASS,,,2026-07-07T23:05:46
제이엔비,01309421,452160,KOSDAQ,분기x별도,상단,DS-7,PASS,"badges seen: ['✅', '🔎']",,2026-07-07T23:05:46
제이엔비,01309421,452160,KOSDAQ,분기x별도,재무제표,CV-3,PASS,rows=29 cols=16 slider_extended=True,,2026-07-07T23:05:46
제이엔비,01309421,452160,KOSDAQ,분기x별도,재무제표,DS-2/DS-3,DONE,"cross-check completed for ['매출액', '영업이익']",,2026-07-07T23:05:46
제이엔비,01309421,452160,KOSDAQ,분기x별도,지표,CV-6,PASS,default metric selection visible,,2026-07-07T23:05:46
제이엔케이글로벌,00442154,126880,KOSDAQ,연간x연결,재무제표,DS-1,PASS,,,2026-07-07T23:06:00
제이엔케이글로벌,00442154,126880,KOSDAQ,연간x연결,상단,DS-8,PASS,,,2026-07-07T23:06:00
제이엔케이글로벌,00442154,126880,KOSDAQ,연간x연결,상단,DS-7,PASS,"badges seen: ['✅', '🔎', '⚠']",,2026-07-07T23:06:00
제이엔케이글로벌,00442154,126880,KOSDAQ,연간x연결,재무제표,CV-3,PASS,rows=29 cols=19 slider_extended=True,,2026-07-07T23:06:00
제이엔케이글로벌,00442154,126880,KOSDAQ,연간x연결,재무제표,DS-2/DS-3,DONE,"cross-check completed for ['매출액', '영업이익']",,2026-07-07T23:06:00
제이엔케이글로벌,00442154,126880,KOSDAQ,연간x연결,지표,CV-6,PASS,default metric selection visible,,2026-07-07T23:06:00
제이엔케이글로벌,00442154,126880,KOSDAQ,연간x별도,재무제표,DS-1,PASS,,,2026-07-07T23:06:05
제이엔케이글로벌,00442154,126880,KOSDAQ,연간x별도,상단,DS-8,PASS,,,2026-07-07T23:06:05
제이엔케이글로벌,00442154,126880,KOSDAQ,연간x별도,상단,DS-7,PASS,"badges seen: ['✅', '🔎', '⚠']",,2026-07-07T23:06:05
제이엔케이글로벌,00442154,126880,KOSDAQ,연간x별도,재무제표,CV-3,PASS,rows=29 cols=19 slider_extended=True,,2026-07-07T23:06:05
제이엔케이글로벌,00442154,126880,KOSDAQ,연간x별도,재무제표,DS-2/DS-3,DONE,"cross-check completed for ['매출액', '영업이익']",,2026-07-07T23:06:05
제이엔케이글로벌,00442154,126880,KOSDAQ,연간x별도,지표,CV-6,PASS,default metric selection visible,,2026-07-07T23:06:05
제이엔케이글로벌,00442154,126880,KOSDAQ,분기x연결,재무제표,DS-1,PASS,,,2026-07-07T23:06:11
제이엔케이글로벌,00442154,126880,KOSDAQ,분기x연결,상단,DS-8,PASS,,,2026-07-07T23:06:11
제이엔케이글로벌,00442154,126880,KOSDAQ,분기x연결,상단,DS-7,PASS,"badges seen: ['✅', '🔎', '⚠']",,2026-07-07T23:06:11
제이엔케이글로벌,00442154,126880,KOSDAQ,분기x연결,재무제표,CV-3,PASS,rows=29 cols=55 slider_extended=True,,2026-07-07T23:06:11
제이엔케이글로벌,00442154,126880,KOSDAQ,분기x연결,재무제표,DS-2/DS-3,DONE,"cross-check completed for ['매출액', '영업이익']",,2026-07-07T23:06:11
제이엔케이글로벌,00442154,126880,KOSDAQ,분기x연결,지표,CV-6,PASS,default metric selection visible,,2026-07-07T23:06:11
제이엔케이글로벌,00442154,126880,KOSDAQ,분기x별도,재무제표,DS-1,PASS,,,2026-07-07T23:06:18
제이엔케이글로벌,00442154,126880,KOSDAQ,분기x별도,상단,DS-8,PASS,,,2026-07-07T23:06:18
제이엔케이글로벌,00442154,126880,KOSDAQ,분기x별도,상단,DS-7,PASS,"badges seen: ['✅', '🔎', '⚠']",,2026-07-07T23:06:18
제이엔케이글로벌,00442154,126880,KOSDAQ,분기x별도,재무제표,CV-3,PASS,rows=29 cols=63 slider_extended=True,,2026-07-07T23:06:18
제이엔케이글로벌,00442154,126880,KOSDAQ,분기x별도,재무제표,DS-2/DS-3,DONE,"cross-check completed for ['매출액', '영업이익']",,2026-07-07T23:06:18
제이엔케이글로벌,00442154,126880,KOSDAQ,분기x별도,지표,CV-6,PASS,default metric selection visible,,2026-07-07T23:06:18
제이엘케이,01153293,322510,KOSDAQ,연간x연결,재무제표,DS-1,PASS,,,2026-07-07T23:06:29
제이엘케이,01153293,322510,KOSDAQ,연간x연결,상단,DS-8,PASS,,,2026-07-07T23:06:29
제이엘케이,01153293,322510,KOSDAQ,연간x연결,상단,DS-7,PASS,"badges seen: ['✅', '🔎', '⚠']",,2026-07-07T23:06:29
제이엘케이,01153293,322510,KOSDAQ,연간x연결,재무제표,CV-3,PASS,rows=29 cols=11 slider_extended=True,,2026-07-07T23:06:29
제이엘케이,01153293,322510,KOSDAQ,연간x연결,재무제표,DS-2/DS-3,DONE,"cross-check completed for ['매출액', '영업이익']",,2026-07-07T23:06:29
제이엘케이,01153293,322510,KOSDAQ,연간x연결,지표,CV-6,PASS,default metric selection visible,,2026-07-07T23:06:29
제이엘케이,01153293,322510,KOSDAQ,연간x별도,재무제표,DS-1,PASS,,,2026-07-07T23:06:35
제이엘케이,01153293,322510,KOSDAQ,연간x별도,상단,DS-8,PASS,,,2026-07-07T23:06:35
제이엘케이,01153293,322510,KOSDAQ,연간x별도,상단,DS-7,PASS,"badges seen: ['✅', '🔎', '⚠']",,2026-07-07T23:06:35
제이엘케이,01153293,322510,KOSDAQ,연간x별도,재무제표,CV-3,PASS,rows=29 cols=11 slider_extended=True,,2026-07-07T23:06:35
제이엘케이,01153293,322510,KOSDAQ,연간x별도,재무제표,DS-2/DS-3,DONE,"cross-check completed for ['매출액', '영업이익']",,2026-07-07T23:06:35
제이엘케이,01153293,322510,KOSDAQ,연간x별도,지표,CV-6,PASS,default metric selection visible,,2026-07-07T23:06:35
제이엘케이,01153293,322510,KOSDAQ,분기x연결,재무제표,DS-1,PASS,,,2026-07-07T23:06:41
제이엘케이,01153293,322510,KOSDAQ,분기x연결,상단,DS-8,PASS,,,2026-07-07T23:06:41
제이엘케이,01153293,322510,KOSDAQ,분기x연결,상단,DS-7,PASS,"badges seen: ['✅', '🔎', '⚠']",,2026-07-07T23:06:41
제이엘케이,01153293,322510,KOSDAQ,분기x연결,재무제표,CV-3,PASS,rows=29 cols=32 slider_extended=True,,2026-07-07T23:06:41
제이엘케이,01153293,322510,KOSDAQ,분기x연결,재무제표,DS-2/DS-3,DONE,"cross-check completed for ['매출액', '영업이익']",,2026-07-07T23:06:41
제이엘케이,01153293,322510,KOSDAQ,분기x연결,지표,CV-6,PASS,default metric selection visible,,2026-07-07T23:06:41
제이엘케이,01153293,322510,KOSDAQ,분기x별도,재무제표,DS-1,PASS,,,2026-07-07T23:06:48
제이엘케이,01153293,322510,KOSDAQ,분기x별도,상단,DS-8,PASS,,,2026-07-07T23:06:48
제이엘케이,01153293,322510,KOSDAQ,분기x별도,상단,DS-7,PASS,"badges seen: ['✅', '🔎', '⚠']",,2026-07-07T23:06:48
제이엘케이,01153293,322510,KOSDAQ,분기x별도,재무제표,CV-3,PASS,rows=29 cols=32 slider_extended=True,,2026-07-07T23:06:48
제이엘케이,01153293,322510,KOSDAQ,분기x별도,재무제표,DS-2/DS-3,DONE,"cross-check completed for ['매출액', '영업이익']",,2026-07-07T23:06:48
제이엘케이,01153293,322510,KOSDAQ,분기x별도,지표,CV-6,PASS,default metric selection visible,,2026-07-07T23:06:48
제이엠아이,00222435,033050,KOSDAQ,연간x연결,재무제표,DS-1,PASS,,,2026-07-07T23:07:02
제이엠아이,00222435,033050,KOSDAQ,연간x연결,상단,DS-8,PASS,,,2026-07-07T23:07:02
제이엠아이,00222435,033050,KOSDAQ,연간x연결,상단,DS-7,PASS,"badges seen: ['✅', '🔎']",,2026-07-07T23:07:02
제이엠아이,00222435,033050,KOSDAQ,연간x연결,재무제표,CV-3,PASS,rows=29 cols=19 slider_extended=True,,2026-07-07T23:07:02
제이엠아이,00222435,033050,KOSDAQ,연간x연결,재무제표,DS-2/DS-3,DONE,"cross-check completed for ['매출액', '영업이익']",,2026-07-07T23:07:02
제이엠아이,00222435,033050,KOSDAQ,연간x연결,지표,CV-6,PASS,default metric selection visible,,2026-07-07T23:07:02
제이엠아이,00222435,033050,KOSDAQ,연간x별도,재무제표,DS-1,PASS,,,2026-07-07T23:07:07
제이엠아이,00222435,033050,KOSDAQ,연간x별도,상단,DS-8,PASS,,,2026-07-07T23:07:07
제이엠아이,00222435,033050,KOSDAQ,연간x별도,상단,DS-7,PASS,"badges seen: ['✅', '🔎']",,2026-07-07T23:07:07
제이엠아이,00222435,033050,KOSDAQ,연간x별도,재무제표,CV-3,PASS,rows=29 cols=24 slider_extended=True,,2026-07-07T23:07:07
제이엠아이,00222435,033050,KOSDAQ,연간x별도,재무제표,DS-2/DS-3,DONE,"cross-check completed for ['매출액', '영업이익']",,2026-07-07T23:07:07
제이엠아이,00222435,033050,KOSDAQ,연간x별도,지표,CV-6,PASS,default metric selection visible,,2026-07-07T23:07:07
제이엠아이,00222435,033050,KOSDAQ,분기x연결,재무제표,DS-1,PASS,,,2026-07-07T23:07:13
제이엠아이,00222435,033050,KOSDAQ,분기x연결,상단,DS-8,PASS,,,2026-07-07T23:07:13
제이엠아이,00222435,033050,KOSDAQ,분기x연결,상단,DS-7,PASS,"badges seen: ['✅', '🔎']",,2026-07-07T23:07:13
제이엠아이,00222435,033050,KOSDAQ,분기x연결,재무제표,CV-3,PASS,rows=29 cols=60 slider_extended=True,,2026-07-07T23:07:13
제이엠아이,00222435,033050,KOSDAQ,분기x연결,재무제표,DS-2/DS-3,DONE,"cross-check completed for ['매출액', '영업이익']",,2026-07-07T23:07:13
제이엠아이,00222435,033050,KOSDAQ,분기x연결,지표,CV-6,PASS,default metric selection visible,,2026-07-07T23:07:13
제이엠아이,00222435,033050,KOSDAQ,분기x별도,재무제표,DS-1,PASS,,,2026-07-07T23:07:21
제이엠아이,00222435,033050,KOSDAQ,분기x별도,상단,DS-8,PASS,,,2026-07-07T23:07:21
제이엠아이,00222435,033050,KOSDAQ,분기x별도,상단,DS-7,PASS,"badges seen: ['✅', '🔎']",,2026-07-07T23:07:21
제이엠아이,00222435,033050,KOSDAQ,분기x별도,재무제표,CV-3,PASS,rows=29 cols=78 slider_extended=True,,2026-07-07T23:07:21
제이엠아이,00222435,033050,KOSDAQ,분기x별도,재무제표,DS-2/DS-3,DONE,"cross-check completed for ['매출액', '영업이익']",,2026-07-07T23:07:21
제이엠아이,00222435,033050,KOSDAQ,분기x별도,지표,CV-6,PASS,default metric selection visible,,2026-07-07T23:07:21
제이엠티,00533508,094970,KOSDAQ,연간x연결,재무제표,DS-1,PASS,,,2026-07-07T23:07:32
제이엠티,00533508,094970,KOSDAQ,연간x연결,상단,DS-8,PASS,,,2026-07-07T23:07:32
제이엠티,00533508,094970,KOSDAQ,연간x연결,상단,DS-7,PASS,"badges seen: ['✅', '🔎', '⚠']",,2026-07-07T23:07:32
제이엠티,00533508,094970,KOSDAQ,연간x연결,재무제표,CV-3,PASS,rows=29 cols=19 slider_extended=True,,2026-07-07T23:07:32
제이엠티,00533508,094970,KOSDAQ,연간x연결,재무제표,DS-2/DS-3,DONE,"cross-check completed for ['매출액', '영업이익']",,2026-07-07T23:07:32
제이엠티,00533508,094970,KOSDAQ,연간x연결,지표,CV-6,PASS,default metric selection visible,,2026-07-07T23:07:32
제이엠티,00533508,094970,KOSDAQ,연간x별도,재무제표,DS-1,PASS,,,2026-07-07T23:07:37
제이엠티,00533508,094970,KOSDAQ,연간x별도,상단,DS-8,PASS,,,2026-07-07T23:07:37
제이엠티,00533508,094970,KOSDAQ,연간x별도,상단,DS-7,PASS,"badges seen: ['✅', '🔎', '⚠']",,2026-07-07T23:07:37
제이엠티,00533508,094970,KOSDAQ,연간x별도,재무제표,CV-3,PASS,rows=29 cols=23 slider_extended=True,,2026-07-07T23:07:37
제이엠티,00533508,094970,KOSDAQ,연간x별도,재무제표,DS-2/DS-3,DONE,"cross-check completed for ['매출액', '영업이익']",,2026-07-07T23:07:37
제이엠티,00533508,094970,KOSDAQ,연간x별도,지표,CV-6,PASS,default metric selection visible,,2026-07-07T23:07:37
제이엠티,00533508,094970,KOSDAQ,분기x연결,재무제표,DS-1,PASS,,,2026-07-07T23:07:43
제이엠티,00533508,094970,KOSDAQ,분기x연결,상단,DS-8,PASS,,,2026-07-07T23:07:43
제이엠티,00533508,094970,KOSDAQ,분기x연결,상단,DS-7,PASS,"badges seen: ['✅', '🔎']",,2026-07-07T23:07:43
제이엠티,00533508,094970,KOSDAQ,분기x연결,재무제표,CV-3,PASS,rows=29 cols=60 slider_extended=True,,2026-07-07T23:07:43
제이엠티,00533508,094970,KOSDAQ,분기x연결,재무제표,DS-2/DS-3,DONE,"cross-check completed for ['매출액', '영업이익']",,2026-07-07T23:07:43
제이엠티,00533508,094970,KOSDAQ,분기x연결,지표,CV-6,PASS,default metric selection visible,,2026-07-07T23:07:43
제이엠티,00533508,094970,KOSDAQ,분기x별도,재무제표,DS-1,PASS,,,2026-07-07T23:07:51
제이엠티,00533508,094970,KOSDAQ,분기x별도,상단,DS-8,PASS,,,2026-07-07T23:07:51
제이엠티,00533508,094970,KOSDAQ,분기x별도,상단,DS-7,PASS,"badges seen: ['✅', '🔎', '⚠']",,2026-07-07T23:07:51
제이엠티,00533508,094970,KOSDAQ,분기x별도,재무제표,CV-3,PASS,rows=29 cols=76 slider_extended=True,,2026-07-07T23:07:51
제이엠티,00533508,094970,KOSDAQ,분기x별도,재무제표,DS-2/DS-3,DONE,"cross-check completed for ['매출액', '영업이익']",,2026-07-07T23:07:51
제이엠티,00533508,094970,KOSDAQ,분기x별도,지표,CV-6,PASS,default metric selection visible,,2026-07-07T23:07:51
제이오,00411808,418550,KOSDAQ,연간x연결,재무제표,DS-1,PASS,,,2026-07-07T23:08:05
제이오,00411808,418550,KOSDAQ,연간x연결,상단,DS-8,PASS,,,2026-07-07T23:08:05
제이오,00411808,418550,KOSDAQ,연간x연결,상단,DS-7,PASS,"badges seen: ['✅', '🔎']",,2026-07-07T23:08:05
제이오,00411808,418550,KOSDAQ,연간x연결,재무제표,CV-3,PASS,rows=29 cols=5 slider_extended=True,,2026-07-07T23:08:05
제이오,00411808,418550,KOSDAQ,연간x연결,재무제표,DS-2/DS-3,DONE,"cross-check completed for ['매출액', '영업이익']",,2026-07-07T23:08:05
제이오,00411808,418550,KOSDAQ,연간x연결,지표,CV-6,PASS,default metric selection visible,,2026-07-07T23:08:05
제이오,00411808,418550,KOSDAQ,연간x별도,재무제표,DS-1,PASS,,,2026-07-07T23:08:10
제이오,00411808,418550,KOSDAQ,연간x별도,상단,DS-8,PASS,,,2026-07-07T23:08:10
제이오,00411808,418550,KOSDAQ,연간x별도,상단,DS-7,PASS,"badges seen: ['✅', '🔎']",,2026-07-07T23:08:10
제이오,00411808,418550,KOSDAQ,연간x별도,재무제표,CV-3,PASS,rows=29 cols=8 slider_extended=True,,2026-07-07T23:08:10
제이오,00411808,418550,KOSDAQ,연간x별도,재무제표,DS-2/DS-3,DONE,"cross-check completed for ['매출액', '영업이익']",,2026-07-07T23:08:10
제이오,00411808,418550,KOSDAQ,연간x별도,지표,CV-6,PASS,default metric selection visible,,2026-07-07T23:08:10
제이오,00411808,418550,KOSDAQ,분기x연결,재무제표,DS-1,PASS,,,2026-07-07T23:08:17
제이오,00411808,418550,KOSDAQ,분기x연결,상단,DS-8,PASS,,,2026-07-07T23:08:17
제이오,00411808,418550,KOSDAQ,분기x연결,상단,DS-7,PASS,"badges seen: ['✅', '🔎']",,2026-07-07T23:08:17
제이오,00411808,418550,KOSDAQ,분기x연결,재무제표,CV-3,PASS,rows=29 cols=6 slider_extended=True,,2026-07-07T23:08:17
제이오,00411808,418550,KOSDAQ,분기x연결,재무제표,DS-2/DS-3,DONE,"cross-check completed for ['매출액', '영업이익']",,2026-07-07T23:08:17
제이오,00411808,418550,KOSDAQ,분기x연결,지표,CV-6,PASS,default metric selection visible,,2026-07-07T23:08:17
제이오,00411808,418550,KOSDAQ,분기x별도,재무제표,DS-1,PASS,,,2026-07-07T23:08:24
제이오,00411808,418550,KOSDAQ,분기x별도,상단,DS-8,PASS,,,2026-07-07T23:08:24
제이오,00411808,418550,KOSDAQ,분기x별도,상단,DS-7,PASS,"badges seen: ['✅', '🔎']",,2026-07-07T23:08:24
제이오,00411808,418550,KOSDAQ,분기x별도,재무제표,CV-3,PASS,rows=29 cols=20 slider_extended=True,,2026-07-07T23:08:24
제이오,00411808,418550,KOSDAQ,분기x별도,재무제표,DS-2/DS-3,DONE,"cross-check completed for ['매출액', '영업이익']",,2026-07-07T23:08:24
제이오,00411808,418550,KOSDAQ,분기x별도,지표,CV-6,PASS,default metric selection visible,,2026-07-07T23:08:24
제이투케이바이오,01553129,420570,KOSDAQ,연간x연결,재무제표,DS-1,PASS,,,2026-07-07T23:08:35
제이투케이바이오,01553129,420570,KOSDAQ,연간x연결,상단,DS-8,PASS,,,2026-07-07T23:08:35
제이투케이바이오,01553129,420570,KOSDAQ,연간x연결,상단,DS-7,PASS,"badges seen: ['✅', '🔎']",,2026-07-07T23:08:35
제이투케이바이오,01553129,420570,KOSDAQ,연간x연결,재무제표,CV-3,PASS,rows=29 cols=7 slider_extended=True,,2026-07-07T23:08:35
제이투케이바이오,01553129,420570,KOSDAQ,연간x연결,재무제표,DS-2/DS-3,DONE,"cross-check completed for ['매출액', '영업이익']",,2026-07-07T23:08:35
제이투케이바이오,01553129,420570,KOSDAQ,연간x연결,지표,CV-6,PASS,default metric selection visible,,2026-07-07T23:08:35
제이투케이바이오,01553129,420570,KOSDAQ,연간x별도,재무제표,DS-1,PASS,,,2026-07-07T23:08:40
제이투케이바이오,01553129,420570,KOSDAQ,연간x별도,상단,DS-8,PASS,,,2026-07-07T23:08:40
제이투케이바이오,01553129,420570,KOSDAQ,연간x별도,상단,DS-7,PASS,"badges seen: ['✅', '🔎']",,2026-07-07T23:08:40
제이투케이바이오,01553129,420570,KOSDAQ,연간x별도,재무제표,CV-3,PASS,rows=29 cols=7 slider_extended=True,,2026-07-07T23:08:40
제이투케이바이오,01553129,420570,KOSDAQ,연간x별도,재무제표,DS-2/DS-3,DONE,"cross-check completed for ['매출액', '영업이익']",,2026-07-07T23:08:40
제이투케이바이오,01553129,420570,KOSDAQ,연간x별도,지표,CV-6,PASS,default metric selection visible,,2026-07-07T23:08:40
제이투케이바이오,01553129,420570,KOSDAQ,분기x연결,재무제표,DS-1,PASS,,,2026-07-07T23:08:46
제이투케이바이오,01553129,420570,KOSDAQ,분기x연결,상단,DS-8,PASS,,,2026-07-07T23:08:46
제이투케이바이오,01553129,420570,KOSDAQ,분기x연결,상단,DS-7,PASS,"badges seen: ['✅', '🔎', '⚠']",,2026-07-07T23:08:46
제이투케이바이오,01553129,420570,KOSDAQ,분기x연결,재무제표,CV-3,PASS,rows=29 cols=16 slider_extended=True,,2026-07-07T23:08:46
제이투케이바이오,01553129,420570,KOSDAQ,분기x연결,재무제표,DS-2/DS-3,DONE,"cross-check completed for ['매출액', '영업이익']",,2026-07-07T23:08:46
제이투케이바이오,01553129,420570,KOSDAQ,분기x연결,지표,CV-6,PASS,default metric selection visible,,2026-07-07T23:08:46
제이투케이바이오,01553129,420570,KOSDAQ,분기x별도,재무제표,DS-1,PASS,,,2026-07-07T23:08:53
제이투케이바이오,01553129,420570,KOSDAQ,분기x별도,상단,DS-8,PASS,,,2026-07-07T23:08:53
제이투케이바이오,01553129,420570,KOSDAQ,분기x별도,상단,DS-7,PASS,"badges seen: ['✅', '🔎']",,2026-07-07T23:08:53
제이투케이바이오,01553129,420570,KOSDAQ,분기x별도,재무제표,CV-3,PASS,rows=29 cols=16 slider_extended=True,,2026-07-07T23:08:53
제이투케이바이오,01553129,420570,KOSDAQ,분기x별도,재무제표,DS-2/DS-3,DONE,"cross-check completed for ['매출액', '영업이익']",,2026-07-07T23:08:53
제이투케이바이오,01553129,420570,KOSDAQ,분기x별도,지표,CV-6,PASS,default metric selection visible,,2026-07-07T23:08:53
제이티,00365457,089790,KOSDAQ,연간x연결,재무제표,DS-1,PASS,,,2026-07-07T23:09:07
제이티,00365457,089790,KOSDAQ,연간x연결,상단,DS-8,PASS,,,2026-07-07T23:09:07
제이티,00365457,089790,KOSDAQ,연간x연결,상단,DS-7,PASS,"badges seen: ['✅', '🔎']",,2026-07-07T23:09:07
제이티,00365457,089790,KOSDAQ,연간x연결,재무제표,CV-3,PASS,rows=29 cols=14 slider_extended=True,,2026-07-07T23:09:07
제이티,00365457,089790,KOSDAQ,연간x연결,재무제표,DS-2/DS-3,DONE,"cross-check completed for ['매출액', '영업이익']",,2026-07-07T23:09:07
제이티,00365457,089790,KOSDAQ,연간x연결,지표,CV-6,PASS,default metric selection visible,,2026-07-07T23:09:07
제이티,00365457,089790,KOSDAQ,연간x별도,재무제표,DS-1,PASS,,,2026-07-07T23:09:12
제이티,00365457,089790,KOSDAQ,연간x별도,상단,DS-8,PASS,,,2026-07-07T23:09:12
제이티,00365457,089790,KOSDAQ,연간x별도,상단,DS-7,PASS,"badges seen: ['✅', '🔎', '⚠']",,2026-07-07T23:09:12
제이티,00365457,089790,KOSDAQ,연간x별도,재무제표,CV-3,PASS,rows=29 cols=24 slider_extended=True,,2026-07-07T23:09:12
제이티,00365457,089790,KOSDAQ,연간x별도,재무제표,DS-2/DS-3,DONE,"cross-check completed for ['매출액', '영업이익']",,2026-07-07T23:09:12
제이티,00365457,089790,KOSDAQ,연간x별도,지표,CV-6,PASS,default metric selection visible,,2026-07-07T23:09:12
제이티,00365457,089790,KOSDAQ,분기x연결,재무제표,DS-1,PASS,,,2026-07-07T23:09:19
제이티,00365457,089790,KOSDAQ,분기x연결,상단,DS-8,PASS,,,2026-07-07T23:09:19
제이티,00365457,089790,KOSDAQ,분기x연결,상단,DS-7,PASS,"badges seen: ['✅', '🔎', '⚠']",,2026-07-07T23:09:19
제이티,00365457,089790,KOSDAQ,분기x연결,재무제표,CV-3,PASS,rows=29 cols=38 slider_extended=True,,2026-07-07T23:09:19
제이티,00365457,089790,KOSDAQ,분기x연결,재무제표,DS-2/DS-3,DONE,"cross-check completed for ['매출액', '영업이익']",,2026-07-07T23:09:19
제이티,00365457,089790,KOSDAQ,분기x연결,지표,CV-6,PASS,default metric selection visible,,2026-07-07T23:09:19
제이티,00365457,089790,KOSDAQ,분기x별도,재무제표,DS-1,PASS,,,2026-07-07T23:09:26
제이티,00365457,089790,KOSDAQ,분기x별도,상단,DS-8,PASS,,,2026-07-07T23:09:26
제이티,00365457,089790,KOSDAQ,분기x별도,상단,DS-7,PASS,"badges seen: ['✅', '🔎', '⚠']",,2026-07-07T23:09:26
제이티,00365457,089790,KOSDAQ,분기x별도,재무제표,CV-3,PASS,rows=29 cols=76 slider_extended=True,,2026-07-07T23:09:26
제이티,00365457,089790,KOSDAQ,분기x별도,재무제표,DS-2/DS-3,DONE,"cross-check completed for ['매출액', '영업이익']",,2026-07-07T23:09:26
제이티,00365457,089790,KOSDAQ,분기x별도,지표,CV-6,PASS,default metric selection visible,,2026-07-07T23:09:26
제이피아이헬스케어,00185301,0010V0,KOSDAQ,연간x연결,재무제표,DS-1,PASS,,,2026-07-07T23:09:37
제이피아이헬스케어,00185301,0010V0,KOSDAQ,연간x연결,상단,DS-8,PASS,,,2026-07-07T23:09:37
제이피아이헬스케어,00185301,0010V0,KOSDAQ,연간x연결,상단,DS-7,PASS,"badges seen: ['✅', '🔎']",,2026-07-07T23:09:37
제이피아이헬스케어,00185301,0010V0,KOSDAQ,연간x연결,재무제표,CV-3,PASS,rows=29 cols=5 slider_extended=True,,2026-07-07T23:09:37
제이피아이헬스케어,00185301,0010V0,KOSDAQ,연간x연결,재무제표,DS-2/DS-3,DONE,"cross-check completed for ['매출액', '영업이익']",,2026-07-07T23:09:37
제이피아이헬스케어,00185301,0010V0,KOSDAQ,연간x연결,지표,CV-6,PASS,default metric selection visible,,2026-07-07T23:09:37
제이피아이헬스케어,00185301,0010V0,KOSDAQ,연간x별도,재무제표,DS-1,PASS,,,2026-07-07T23:09:42
제이피아이헬스케어,00185301,0010V0,KOSDAQ,연간x별도,상단,DS-8,PASS,,,2026-07-07T23:09:42
제이피아이헬스케어,00185301,0010V0,KOSDAQ,연간x별도,상단,DS-7,PASS,"badges seen: ['✅', '🔎']",,2026-07-07T23:09:42
제이피아이헬스케어,00185301,0010V0,KOSDAQ,연간x별도,재무제표,CV-3,PASS,rows=29 cols=5 slider_extended=True,,2026-07-07T23:09:42
제이피아이헬스케어,00185301,0010V0,KOSDAQ,연간x별도,재무제표,DS-2/DS-3,DONE,"cross-check completed for ['매출액', '영업이익']",,2026-07-07T23:09:42
제이피아이헬스케어,00185301,0010V0,KOSDAQ,연간x별도,지표,CV-6,PASS,default metric selection visible,,2026-07-07T23:09:42
제이피아이헬스케어,00185301,0010V0,KOSDAQ,분기x연결,재무제표,DS-1,PASS,,,2026-07-07T23:09:48
제이피아이헬스케어,00185301,0010V0,KOSDAQ,분기x연결,상단,DS-8,PASS,,,2026-07-07T23:09:48
제이피아이헬스케어,00185301,0010V0,KOSDAQ,분기x연결,상단,DS-7,PASS,"badges seen: ['✅', '🔎']",,2026-07-07T23:09:48
제이피아이헬스케어,00185301,0010V0,KOSDAQ,분기x연결,재무제표,CV-3,PASS,rows=29 cols=9 slider_extended=True,,2026-07-07T23:09:48
제이피아이헬스케어,00185301,0010V0,KOSDAQ,분기x연결,재무제표,DS-2/DS-3,DONE,"cross-check completed for ['매출액', '영업이익']",,2026-07-07T23:09:48
제이피아이헬스케어,00185301,0010V0,KOSDAQ,분기x연결,지표,CV-6,PASS,default metric selection visible,,2026-07-07T23:09:48
제이피아이헬스케어,00185301,0010V0,KOSDAQ,분기x별도,재무제표,DS-1,PASS,,,2026-07-07T23:09:55
제이피아이헬스케어,00185301,0010V0,KOSDAQ,분기x별도,상단,DS-8,PASS,,,2026-07-07T23:09:55
제이피아이헬스케어,00185301,0010V0,KOSDAQ,분기x별도,상단,DS-7,PASS,"badges seen: ['✅', '🔎']",,2026-07-07T23:09:55
제이피아이헬스케어,00185301,0010V0,KOSDAQ,분기x별도,재무제표,CV-3,PASS,rows=29 cols=9 slider_extended=True,,2026-07-07T23:09:55
제이피아이헬스케어,00185301,0010V0,KOSDAQ,분기x별도,재무제표,DS-2/DS-3,DONE,"cross-check completed for ['매출액', '영업이익']",,2026-07-07T23:09:55
제이피아이헬스케어,00185301,0010V0,KOSDAQ,분기x별도,지표,CV-6,PASS,default metric selection visible,,2026-07-07T23:09:55
제일엠앤에스,00528791,412540,KOSDAQ,연간x연결,재무제표,DS-1,PASS,,,2026-07-07T23:10:09
제일엠앤에스,00528791,412540,KOSDAQ,연간x연결,상단,DS-8,PASS,,,2026-07-07T23:10:09
제일엠앤에스,00528791,412540,KOSDAQ,연간x연결,상단,DS-7,PASS,"badges seen: ['✅', '🔎', '⚠']",,2026-07-07T23:10:09
제일엠앤에스,00528791,412540,KOSDAQ,연간x연결,재무제표,CV-3,PASS,rows=29 cols=6 slider_extended=True,,2026-07-07T23:10:09
제일엠앤에스,00528791,412540,KOSDAQ,연간x연결,재무제표,DS-2/DS-3,DONE,"cross-check completed for ['매출액', '영업이익']",,2026-07-07T23:10:09
제일엠앤에스,00528791,412540,KOSDAQ,연간x연결,지표,CV-6,PASS,default metric selection visible,,2026-07-07T23:10:09
제일엠앤에스,00528791,412540,KOSDAQ,연간x별도,재무제표,DS-1,PASS,,,2026-07-07T23:10:14
제일엠앤에스,00528791,412540,KOSDAQ,연간x별도,상단,DS-8,PASS,,,2026-07-07T23:10:14
제일엠앤에스,00528791,412540,KOSDAQ,연간x별도,상단,DS-7,PASS,"badges seen: ['✅', '🔎', '⚠']",,2026-07-07T23:10:14
제일엠앤에스,00528791,412540,KOSDAQ,연간x별도,재무제표,CV-3,PASS,rows=29 cols=6 slider_extended=True,,2026-07-07T23:10:14
제일엠앤에스,00528791,412540,KOSDAQ,연간x별도,재무제표,DS-2/DS-3,DONE,"cross-check completed for ['매출액', '영업이익']",,2026-07-07T23:10:14
제일엠앤에스,00528791,412540,KOSDAQ,연간x별도,지표,CV-6,PASS,default metric selection visible,,2026-07-07T23:10:14
제일엠앤에스,00528791,412540,KOSDAQ,분기x연결,재무제표,DS-1,PASS,,,2026-07-07T23:10:20
제일엠앤에스,00528791,412540,KOSDAQ,분기x연결,상단,DS-8,PASS,,,2026-07-07T23:10:20
제일엠앤에스,00528791,412540,KOSDAQ,분기x연결,상단,DS-7,PASS,"badges seen: ['✅', '🔎', '⚠']",,2026-07-07T23:10:20
제일엠앤에스,00528791,412540,KOSDAQ,분기x연결,재무제표,CV-3,PASS,rows=29 cols=13 slider_extended=True,,2026-07-07T23:10:20
제일엠앤에스,00528791,412540,KOSDAQ,분기x연결,재무제표,DS-2/DS-3,DONE,"cross-check completed for ['매출액', '영업이익']",,2026-07-07T23:10:20
제일엠앤에스,00528791,412540,KOSDAQ,분기x연결,지표,CV-6,PASS,default metric selection visible,,2026-07-07T23:10:20
제일엠앤에스,00528791,412540,KOSDAQ,분기x별도,재무제표,DS-1,PASS,,,2026-07-07T23:10:28
제일엠앤에스,00528791,412540,KOSDAQ,분기x별도,상단,DS-8,PASS,,,2026-07-07T23:10:28
제일엠앤에스,00528791,412540,KOSDAQ,분기x별도,상단,DS-7,PASS,"badges seen: ['✅', '🔎', '⚠']",,2026-07-07T23:10:28
제일엠앤에스,00528791,412540,KOSDAQ,분기x별도,재무제표,CV-3,PASS,rows=29 cols=13 slider_extended=True,,2026-07-07T23:10:28
제일엠앤에스,00528791,412540,KOSDAQ,분기x별도,재무제표,DS-2/DS-3,DONE,"cross-check completed for ['매출액', '영업이익']",,2026-07-07T23:10:28
제일엠앤에스,00528791,412540,KOSDAQ,분기x별도,지표,CV-6,PASS,default metric selection visible,,2026-07-07T23:10:28
제일일렉트릭,00148470,199820,KOSDAQ,연간x연결,재무제표,DS-1,PASS,,,2026-07-07T23:10:41
제일일렉트릭,00148470,199820,KOSDAQ,연간x연결,상단,DS-8,PASS,,,2026-07-07T23:10:41
제일일렉트릭,00148470,199820,KOSDAQ,연간x연결,상단,DS-7,PASS,"badges seen: ['✅', '🔎']",,2026-07-07T23:10:41
제일일렉트릭,00148470,199820,KOSDAQ,연간x연결,재무제표,CV-3,PASS,rows=29 cols=6 slider_extended=True,,2026-07-07T23:10:41
제일일렉트릭,00148470,199820,KOSDAQ,연간x연결,재무제표,DS-2/DS-3,DONE,"cross-check completed for ['매출액', '영업이익']",,2026-07-07T23:10:41
제일일렉트릭,00148470,199820,KOSDAQ,연간x연결,지표,CV-6,PASS,default metric selection visible,,2026-07-07T23:10:41
제일일렉트릭,00148470,199820,KOSDAQ,연간x별도,재무제표,DS-1,PASS,,,2026-07-07T23:10:46
제일일렉트릭,00148470,199820,KOSDAQ,연간x별도,상단,DS-8,PASS,,,2026-07-07T23:10:46
제일일렉트릭,00148470,199820,KOSDAQ,연간x별도,상단,DS-7,PASS,"badges seen: ['✅', '🔎']",,2026-07-07T23:10:46
제일일렉트릭,00148470,199820,KOSDAQ,연간x별도,재무제표,CV-3,PASS,rows=29 cols=10 slider_extended=True,,2026-07-07T23:10:46
제일일렉트릭,00148470,199820,KOSDAQ,연간x별도,재무제표,DS-2/DS-3,DONE,"cross-check completed for ['매출액', '영업이익']",,2026-07-07T23:10:46
제일일렉트릭,00148470,199820,KOSDAQ,연간x별도,지표,CV-6,PASS,default metric selection visible,,2026-07-07T23:10:46
제일일렉트릭,00148470,199820,KOSDAQ,분기x연결,재무제표,DS-1,PASS,,,2026-07-07T23:10:52
제일일렉트릭,00148470,199820,KOSDAQ,분기x연결,상단,DS-8,PASS,,,2026-07-07T23:10:52
제일일렉트릭,00148470,199820,KOSDAQ,분기x연결,상단,DS-7,PASS,"badges seen: ['✅', '🔎']",,2026-07-07T23:10:52
제일일렉트릭,00148470,199820,KOSDAQ,분기x연결,재무제표,CV-3,PASS,rows=29 cols=13 slider_extended=True,,2026-07-07T23:10:52
제일일렉트릭,00148470,199820,KOSDAQ,분기x연결,재무제표,DS-2/DS-3,DONE,"cross-check completed for ['매출액', '영업이익']",,2026-07-07T23:10:52
제일일렉트릭,00148470,199820,KOSDAQ,분기x연결,지표,CV-6,PASS,default metric selection visible,,2026-07-07T23:10:52
제일일렉트릭,00148470,199820,KOSDAQ,분기x별도,재무제표,DS-1,PASS,,,2026-07-07T23:10:59
제일일렉트릭,00148470,199820,KOSDAQ,분기x별도,상단,DS-8,PASS,,,2026-07-07T23:10:59
제일일렉트릭,00148470,199820,KOSDAQ,분기x별도,상단,DS-7,PASS,"badges seen: ['✅', '🔎']",,2026-07-07T23:10:59
제일일렉트릭,00148470,199820,KOSDAQ,분기x별도,재무제표,CV-3,PASS,rows=29 cols=28 slider_extended=True,,2026-07-07T23:10:59
제일일렉트릭,00148470,199820,KOSDAQ,분기x별도,재무제표,DS-2/DS-3,DONE,"cross-check completed for ['매출액', '영업이익']",,2026-07-07T23:10:59
제일일렉트릭,00148470,199820,KOSDAQ,분기x별도,지표,CV-6,PASS,default metric selection visible,,2026-07-07T23:10:59
제일테크노스,00148595,038010,KOSDAQ,연간x연결,재무제표,DS-1,PASS,,,2026-07-07T23:11:13
제일테크노스,00148595,038010,KOSDAQ,연간x연결,상단,DS-8,PASS,,,2026-07-07T23:11:13
제일테크노스,00148595,038010,KOSDAQ,연간x연결,상단,DS-7,PASS,"badges seen: ['✅', '🔎', '⚠']",,2026-07-07T23:11:13
제일테크노스,00148595,038010,KOSDAQ,연간x연결,재무제표,CV-3,PASS,rows=29 cols=19 slider_extended=True,,2026-07-07T23:11:13
제일테크노스,00148595,038010,KOSDAQ,연간x연결,재무제표,DS-2/DS-3,DONE,"cross-check completed for ['매출액', '영업이익']",,2026-07-07T23:11:13
제일테크노스,00148595,038010,KOSDAQ,연간x연결,지표,CV-6,PASS,default metric selection visible,,2026-07-07T23:11:13
제일테크노스,00148595,038010,KOSDAQ,연간x별도,재무제표,DS-1,PASS,,,2026-07-07T23:11:19
제일테크노스,00148595,038010,KOSDAQ,연간x별도,상단,DS-8,PASS,,,2026-07-07T23:11:19
제일테크노스,00148595,038010,KOSDAQ,연간x별도,상단,DS-7,PASS,"badges seen: ['✅', '🔎', '⚠']",,2026-07-07T23:11:19
제일테크노스,00148595,038010,KOSDAQ,연간x별도,재무제표,CV-3,PASS,rows=29 cols=30 slider_extended=True,,2026-07-07T23:11:19
제일테크노스,00148595,038010,KOSDAQ,연간x별도,재무제표,DS-2/DS-3,DONE,"cross-check completed for ['매출액', '영업이익']",,2026-07-07T23:11:19
제일테크노스,00148595,038010,KOSDAQ,연간x별도,지표,CV-6,PASS,default metric selection visible,,2026-07-07T23:11:19
제일테크노스,00148595,038010,KOSDAQ,분기x연결,재무제표,DS-1,PASS,,,2026-07-07T23:11:25
제일테크노스,00148595,038010,KOSDAQ,분기x연결,상단,DS-8,PASS,,,2026-07-07T23:11:25
제일테크노스,00148595,038010,KOSDAQ,분기x연결,상단,DS-7,PASS,"badges seen: ['✅', '🔎']",,2026-07-07T23:11:25
제일테크노스,00148595,038010,KOSDAQ,분기x연결,재무제표,CV-3,PASS,rows=29 cols=60 slider_extended=True,,2026-07-07T23:11:25
제일테크노스,00148595,038010,KOSDAQ,분기x연결,재무제표,DS-2/DS-3,DONE,"cross-check completed for ['매출액', '영업이익']",,2026-07-07T23:11:25
제일테크노스,00148595,038010,KOSDAQ,분기x연결,지표,CV-6,PASS,default metric selection visible,,2026-07-07T23:11:25
제일테크노스,00148595,038010,KOSDAQ,분기x별도,재무제표,DS-1,PASS,,,2026-07-07T23:11:32
제일테크노스,00148595,038010,KOSDAQ,분기x별도,상단,DS-8,PASS,,,2026-07-07T23:11:32
제일테크노스,00148595,038010,KOSDAQ,분기x별도,상단,DS-7,PASS,"badges seen: ['✅', '🔎']",,2026-07-07T23:11:32
제일테크노스,00148595,038010,KOSDAQ,분기x별도,재무제표,CV-3,PASS,rows=29 cols=89 slider_extended=True,,2026-07-07T23:11:32
제일테크노스,00148595,038010,KOSDAQ,분기x별도,재무제표,DS-2/DS-3,DONE,"cross-check completed for ['매출액', '영업이익']",,2026-07-07T23:11:32
제일테크노스,00148595,038010,KOSDAQ,분기x별도,지표,CV-6,PASS,default metric selection visible,,2026-07-07T23:11:32
제주반도체,00447487,080220,KOSDAQ,연간x연결,재무제표,DS-1,PASS,,,2026-07-07T23:11:46
제주반도체,00447487,080220,KOSDAQ,연간x연결,상단,DS-8,PASS,,,2026-07-07T23:11:46
제주반도체,00447487,080220,KOSDAQ,연간x연결,상단,DS-7,PASS,"badges seen: ['✅', '🔎', '⚠']",,2026-07-07T23:11:46
제주반도체,00447487,080220,KOSDAQ,연간x연결,재무제표,CV-3,PASS,rows=29 cols=19 slider_extended=True,,2026-07-07T23:11:46
제주반도체,00447487,080220,KOSDAQ,연간x연결,재무제표,DS-2/DS-3,DONE,"cross-check completed for ['매출액', '영업이익']",,2026-07-07T23:11:46
제주반도체,00447487,080220,KOSDAQ,연간x연결,지표,CV-6,PASS,default metric selection visible,,2026-07-07T23:11:46
제주반도체,00447487,080220,KOSDAQ,연간x별도,재무제표,DS-1,PASS,,,2026-07-07T23:11:51
제주반도체,00447487,080220,KOSDAQ,연간x별도,상단,DS-8,PASS,,,2026-07-07T23:11:51
제주반도체,00447487,080220,KOSDAQ,연간x별도,상단,DS-7,PASS,"badges seen: ['✅', '🔎', '⚠']",,2026-07-07T23:11:51
제주반도체,00447487,080220,KOSDAQ,연간x별도,재무제표,CV-3,PASS,rows=29 cols=24 slider_extended=True,,2026-07-07T23:11:51
제주반도체,00447487,080220,KOSDAQ,연간x별도,재무제표,DS-2/DS-3,DONE,"cross-check completed for ['매출액', '영업이익']",,2026-07-07T23:11:51
제주반도체,00447487,080220,KOSDAQ,연간x별도,지표,CV-6,PASS,default metric selection visible,,2026-07-07T23:11:51
제주반도체,00447487,080220,KOSDAQ,분기x연결,재무제표,DS-1,PASS,,,2026-07-07T23:11:58
제주반도체,00447487,080220,KOSDAQ,분기x연결,상단,DS-8,PASS,,,2026-07-07T23:11:58
제주반도체,00447487,080220,KOSDAQ,분기x연결,상단,DS-7,PASS,"badges seen: ['✅', '🔎', '⚠']",,2026-07-07T23:11:58
제주반도체,00447487,080220,KOSDAQ,분기x연결,재무제표,CV-3,PASS,rows=29 cols=60 slider_extended=True,,2026-07-07T23:11:58
제주반도체,00447487,080220,KOSDAQ,분기x연결,재무제표,DS-2/DS-3,DONE,"cross-check completed for ['매출액', '영업이익']",,2026-07-07T23:11:58
제주반도체,00447487,080220,KOSDAQ,분기x연결,지표,CV-6,PASS,default metric selection visible,,2026-07-07T23:11:58
제주반도체,00447487,080220,KOSDAQ,분기x별도,재무제표,DS-1,PASS,,,2026-07-07T23:12:05
제주반도체,00447487,080220,KOSDAQ,분기x별도,상단,DS-8,PASS,,,2026-07-07T23:12:05
제주반도체,00447487,080220,KOSDAQ,분기x별도,상단,DS-7,PASS,"badges seen: ['✅', '🔎', '⚠']",,2026-07-07T23:12:05
제주반도체,00447487,080220,KOSDAQ,분기x별도,재무제표,CV-3,PASS,rows=29 cols=76 slider_extended=True,,2026-07-07T23:12:05
제주반도체,00447487,080220,KOSDAQ,분기x별도,재무제표,DS-2/DS-3,DONE,"cross-check completed for ['매출액', '영업이익']",,2026-07-07T23:12:05
제주반도체,00447487,080220,KOSDAQ,분기x별도,지표,CV-6,PASS,default metric selection visible,,2026-07-07T23:12:05
제테마,01222867,216080,KOSDAQ,연간x연결,재무제표,DS-1,PASS,,,2026-07-07T23:12:19
제테마,01222867,216080,KOSDAQ,연간x연결,상단,DS-8,PASS,,,2026-07-07T23:12:19
제테마,01222867,216080,KOSDAQ,연간x연결,상단,DS-7,PASS,"badges seen: ['✅', '🔎', '⚠']",,2026-07-07T23:12:19
제테마,01222867,216080,KOSDAQ,연간x연결,재무제표,CV-3,PASS,rows=29 cols=7 slider_extended=True,,2026-07-07T23:12:19
제테마,01222867,216080,KOSDAQ,연간x연결,재무제표,DS-2/DS-3,DONE,"cross-check completed for ['매출액', '영업이익']",,2026-07-07T23:12:19
제테마,01222867,216080,KOSDAQ,연간x연결,지표,CV-6,PASS,default metric selection visible,,2026-07-07T23:12:19
제테마,01222867,216080,KOSDAQ,연간x별도,재무제표,DS-1,PASS,,,2026-07-07T23:12:24
제테마,01222867,216080,KOSDAQ,연간x별도,상단,DS-8,PASS,,,2026-07-07T23:12:24
제테마,01222867,216080,KOSDAQ,연간x별도,상단,DS-7,PASS,"badges seen: ['✅', '🔎', '⚠']",,2026-07-07T23:12:24
제테마,01222867,216080,KOSDAQ,연간x별도,재무제표,CV-3,PASS,rows=29 cols=11 slider_extended=True,,2026-07-07T23:12:24
제테마,01222867,216080,KOSDAQ,연간x별도,재무제표,DS-2/DS-3,DONE,"cross-check completed for ['매출액', '영업이익']",,2026-07-07T23:12:24
제테마,01222867,216080,KOSDAQ,연간x별도,지표,CV-6,PASS,default metric selection visible,,2026-07-07T23:12:24
제테마,01222867,216080,KOSDAQ,분기x연결,재무제표,DS-1,PASS,,,2026-07-07T23:12:30
제테마,01222867,216080,KOSDAQ,분기x연결,상단,DS-8,PASS,,,2026-07-07T23:12:30
제테마,01222867,216080,KOSDAQ,분기x연결,상단,DS-7,PASS,"badges seen: ['✅', '🔎']",,2026-07-07T23:12:30
제테마,01222867,216080,KOSDAQ,분기x연결,재무제표,CV-3,PASS,rows=29 cols=19 slider_extended=True,,2026-07-07T23:12:30
제테마,01222867,216080,KOSDAQ,분기x연결,재무제표,DS-2/DS-3,DONE,"cross-check completed for ['매출액', '영업이익']",,2026-07-07T23:12:30
제테마,01222867,216080,KOSDAQ,분기x연결,지표,CV-6,PASS,default metric selection visible,,2026-07-07T23:12:30
제테마,01222867,216080,KOSDAQ,분기x별도,재무제표,DS-1,PASS,,,2026-07-07T23:12:37
제테마,01222867,216080,KOSDAQ,분기x별도,상단,DS-8,PASS,,,2026-07-07T23:12:37
제테마,01222867,216080,KOSDAQ,분기x별도,상단,DS-7,PASS,"badges seen: ['✅', '🔎']",,2026-07-07T23:12:37
제테마,01222867,216080,KOSDAQ,분기x별도,재무제표,CV-3,PASS,rows=29 cols=32 slider_extended=True,,2026-07-07T23:12:37
제테마,01222867,216080,KOSDAQ,분기x별도,재무제표,DS-2/DS-3,DONE,"cross-check completed for ['매출액', '영업이익']",,2026-07-07T23:12:37
제테마,01222867,216080,KOSDAQ,분기x별도,지표,CV-6,FAIL,default metrics not found,,2026-07-07T23:12:37
젝시믹스,01391103,337930,KOSDAQ,연간x연결,재무제표,DS-1,PASS,,,2026-07-07T23:12:51
젝시믹스,01391103,337930,KOSDAQ,연간x연결,상단,DS-8,PASS,,,2026-07-07T23:12:51
젝시믹스,01391103,337930,KOSDAQ,연간x연결,상단,DS-7,PASS,"badges seen: ['✅', '🔎']",,2026-07-07T23:12:51
젝시믹스,01391103,337930,KOSDAQ,연간x연결,재무제표,CV-3,PASS,rows=29 cols=10 slider_extended=True,,2026-07-07T23:12:51
젝시믹스,01391103,337930,KOSDAQ,연간x연결,재무제표,DS-2/DS-3,DONE,"cross-check completed for ['매출액', '영업이익']",,2026-07-07T23:12:51
젝시믹스,01391103,337930,KOSDAQ,연간x연결,지표,CV-6,PASS,default metric selection visible,,2026-07-07T23:12:51
젝시믹스,01391103,337930,KOSDAQ,연간x별도,재무제표,DS-1,PASS,,,2026-07-07T23:12:56
젝시믹스,01391103,337930,KOSDAQ,연간x별도,상단,DS-8,PASS,,,2026-07-07T23:12:56
젝시믹스,01391103,337930,KOSDAQ,연간x별도,상단,DS-7,PASS,"badges seen: ['✅', '🔎']",,2026-07-07T23:12:56
젝시믹스,01391103,337930,KOSDAQ,연간x별도,재무제표,CV-3,PASS,rows=29 cols=10 slider_extended=True,,2026-07-07T23:12:56
젝시믹스,01391103,337930,KOSDAQ,연간x별도,재무제표,DS-2/DS-3,DONE,"cross-check completed for ['매출액', '영업이익']",,2026-07-07T23:12:56
젝시믹스,01391103,337930,KOSDAQ,연간x별도,지표,CV-6,PASS,default metric selection visible,,2026-07-07T23:12:56
젝시믹스,01391103,337930,KOSDAQ,분기x연결,재무제표,DS-1,PASS,,,2026-07-07T23:13:02
젝시믹스,01391103,337930,KOSDAQ,분기x연결,상단,DS-8,PASS,,,2026-07-07T23:13:02
젝시믹스,01391103,337930,KOSDAQ,분기x연결,상단,DS-7,PASS,"badges seen: ['✅', '🔎']",,2026-07-07T23:13:02
젝시믹스,01391103,337930,KOSDAQ,분기x연결,재무제표,CV-3,PASS,rows=29 cols=29 slider_extended=True,,2026-07-07T23:13:02
젝시믹스,01391103,337930,KOSDAQ,분기x연결,재무제표,DS-2/DS-3,DONE,"cross-check completed for ['매출액', '영업이익']",,2026-07-07T23:13:02
젝시믹스,01391103,337930,KOSDAQ,분기x연결,지표,CV-6,PASS,default metric selection visible,,2026-07-07T23:13:02
젝시믹스,01391103,337930,KOSDAQ,분기x별도,재무제표,DS-1,PASS,,,2026-07-07T23:13:10
젝시믹스,01391103,337930,KOSDAQ,분기x별도,상단,DS-8,PASS,,,2026-07-07T23:13:10
젝시믹스,01391103,337930,KOSDAQ,분기x별도,상단,DS-7,PASS,"badges seen: ['✅', '🔎']",,2026-07-07T23:13:10
젝시믹스,01391103,337930,KOSDAQ,분기x별도,재무제표,CV-3,PASS,rows=29 cols=29 slider_extended=True,,2026-07-07T23:13:10
젝시믹스,01391103,337930,KOSDAQ,분기x별도,재무제표,DS-2/DS-3,DONE,"cross-check completed for ['매출액', '영업이익']",,2026-07-07T23:13:10
젝시믹스,01391103,337930,KOSDAQ,분기x별도,지표,CV-6,PASS,default metric selection visible,,2026-07-07T23:13:10
젠큐릭스,01051472,229000,KOSDAQ,연간x연결,재무제표,DS-1,PASS,,,2026-07-07T23:13:23
젠큐릭스,01051472,229000,KOSDAQ,연간x연결,상단,DS-8,PASS,,,2026-07-07T23:13:23
젠큐릭스,01051472,229000,KOSDAQ,연간x연결,상단,DS-7,PASS,"badges seen: ['✅', '🔎', '⚠']",,2026-07-07T23:13:23
젠큐릭스,01051472,229000,KOSDAQ,연간x연결,재무제표,CV-3,PASS,rows=29 cols=8 slider_extended=True,,2026-07-07T23:13:23
젠큐릭스,01051472,229000,KOSDAQ,연간x연결,재무제표,DS-2/DS-3,DONE,"cross-check completed for ['매출액', '영업이익']",,2026-07-07T23:13:23
젠큐릭스,01051472,229000,KOSDAQ,연간x연결,지표,CV-6,PASS,default metric selection visible,,2026-07-07T23:13:23
젠큐릭스,01051472,229000,KOSDAQ,연간x별도,재무제표,DS-1,PASS,,,2026-07-07T23:13:29
젠큐릭스,01051472,229000,KOSDAQ,연간x별도,상단,DS-8,PASS,,,2026-07-07T23:13:29
젠큐릭스,01051472,229000,KOSDAQ,연간x별도,상단,DS-7,PASS,"badges seen: ['✅', '🔎', '⚠']",,2026-07-07T23:13:29
젠큐릭스,01051472,229000,KOSDAQ,연간x별도,재무제표,CV-3,PASS,rows=29 cols=12 slider_extended=True,,2026-07-07T23:13:29
젠큐릭스,01051472,229000,KOSDAQ,연간x별도,재무제표,DS-2/DS-3,DONE,"cross-check completed for ['매출액', '영업이익']",,2026-07-07T23:13:29
젠큐릭스,01051472,229000,KOSDAQ,연간x별도,지표,CV-6,PASS,default metric selection visible,,2026-07-07T23:13:29
젠큐릭스,01051472,229000,KOSDAQ,분기x연결,재무제표,DS-1,PASS,,,2026-07-07T23:13:35
젠큐릭스,01051472,229000,KOSDAQ,분기x연결,상단,DS-8,PASS,,,2026-07-07T23:13:35
젠큐릭스,01051472,229000,KOSDAQ,분기x연결,상단,DS-7,PASS,"badges seen: ['✅', '🔎']",,2026-07-07T23:13:35
젠큐릭스,01051472,229000,KOSDAQ,분기x연결,재무제표,CV-3,PASS,rows=29 cols=23 slider_extended=True,,2026-07-07T23:13:35
젠큐릭스,01051472,229000,KOSDAQ,분기x연결,재무제표,DS-2/DS-3,DONE,"cross-check completed for ['매출액', '영업이익']",,2026-07-07T23:13:35
젠큐릭스,01051472,229000,KOSDAQ,분기x연결,지표,CV-6,PASS,default metric selection visible,,2026-07-07T23:13:35
젠큐릭스,01051472,229000,KOSDAQ,분기x별도,재무제표,DS-1,PASS,,,2026-07-07T23:13:42
젠큐릭스,01051472,229000,KOSDAQ,분기x별도,상단,DS-8,PASS,,,2026-07-07T23:13:42
젠큐릭스,01051472,229000,KOSDAQ,분기x별도,상단,DS-7,PASS,"badges seen: ['✅', '🔎']",,2026-07-07T23:13:42
젠큐릭스,01051472,229000,KOSDAQ,분기x별도,재무제표,CV-3,PASS,rows=29 cols=14 slider_extended=True,,2026-07-07T23:13:42
젠큐릭스,01051472,229000,KOSDAQ,분기x별도,재무제표,DS-2/DS-3,DONE,"cross-check completed for ['매출액', '영업이익']",,2026-07-07T23:13:42
젠큐릭스,01051472,229000,KOSDAQ,분기x별도,지표,CV-6,PASS,default metric selection visible,,2026-07-07T23:13:42
젬백스,00492894,082270,KOSDAQ,연간x연결,재무제표,DS-1,PASS,,,2026-07-07T23:13:56
젬백스,00492894,082270,KOSDAQ,연간x연결,상단,DS-8,PASS,,,2026-07-07T23:13:56
젬백스,00492894,082270,KOSDAQ,연간x연결,상단,DS-7,PASS,"badges seen: ['✅', '🔎', '⚠']",,2026-07-07T23:13:56
젬백스,00492894,082270,KOSDAQ,연간x연결,재무제표,CV-3,PASS,rows=29 cols=19 slider_extended=True,,2026-07-07T23:13:56
젬백스,00492894,082270,KOSDAQ,연간x연결,재무제표,DS-2/DS-3,DONE,"cross-check completed for ['매출액', '영업이익']",,2026-07-07T23:13:56
젬백스,00492894,082270,KOSDAQ,연간x연결,지표,CV-6,PASS,default metric selection visible,,2026-07-07T23:13:56
젬백스,00492894,082270,KOSDAQ,연간x별도,재무제표,DS-1,PASS,,,2026-07-07T23:14:01
젬백스,00492894,082270,KOSDAQ,연간x별도,상단,DS-8,PASS,,,2026-07-07T23:14:01
젬백스,00492894,082270,KOSDAQ,연간x별도,상단,DS-7,PASS,"badges seen: ['✅', '🔎', '⚠']",,2026-07-07T23:14:01
젬백스,00492894,082270,KOSDAQ,연간x별도,재무제표,CV-3,PASS,rows=29 cols=24 slider_extended=True,,2026-07-07T23:14:01
젬백스,00492894,082270,KOSDAQ,연간x별도,재무제표,DS-2/DS-3,DONE,"cross-check completed for ['매출액', '영업이익']",,2026-07-07T23:14:01
젬백스,00492894,082270,KOSDAQ,연간x별도,지표,CV-6,PASS,default metric selection visible,,2026-07-07T23:14:01
젬백스,00492894,082270,KOSDAQ,분기x연결,재무제표,DS-1,PASS,,,2026-07-07T23:14:07
젬백스,00492894,082270,KOSDAQ,분기x연결,상단,DS-8,PASS,,,2026-07-07T23:14:07
젬백스,00492894,082270,KOSDAQ,분기x연결,상단,DS-7,PASS,"badges seen: ['✅', '🔎', '⚠']",,2026-07-07T23:14:07
젬백스,00492894,082270,KOSDAQ,분기x연결,재무제표,CV-3,PASS,rows=29 cols=60 slider_extended=True,,2026-07-07T23:14:07
젬백스,00492894,082270,KOSDAQ,분기x연결,재무제표,DS-2/DS-3,DONE,"cross-check completed for ['매출액', '영업이익']",,2026-07-07T23:14:07
젬백스,00492894,082270,KOSDAQ,분기x연결,지표,CV-6,PASS,default metric selection visible,,2026-07-07T23:14:07
젬백스,00492894,082270,KOSDAQ,분기x별도,재무제표,DS-1,PASS,,,2026-07-07T23:14:15
젬백스,00492894,082270,KOSDAQ,분기x별도,상단,DS-8,PASS,,,2026-07-07T23:14:15
젬백스,00492894,082270,KOSDAQ,분기x별도,상단,DS-7,PASS,"badges seen: ['✅', '🔎', '⚠']",,2026-07-07T23:14:15
젬백스,00492894,082270,KOSDAQ,분기x별도,재무제표,CV-3,PASS,rows=29 cols=81 slider_extended=True,,2026-07-07T23:14:15
젬백스,00492894,082270,KOSDAQ,분기x별도,재무제표,DS-2/DS-3,DONE,"cross-check completed for ['매출액', '영업이익']",,2026-07-07T23:14:15
젬백스,00492894,082270,KOSDAQ,분기x별도,지표,CV-6,PASS,default metric selection visible,,2026-07-07T23:14:15
조아제약,00231831,034940,KOSDAQ,연간x연결,재무제표,DS-1,PASS,,,2026-07-07T23:14:28
조아제약,00231831,034940,KOSDAQ,연간x연결,상단,DS-8,PASS,,,2026-07-07T23:14:28
조아제약,00231831,034940,KOSDAQ,연간x연결,상단,DS-7,PASS,"badges seen: ['✅', '🔎', '⚠']",,2026-07-07T23:14:28
조아제약,00231831,034940,KOSDAQ,연간x연결,재무제표,CV-3,PASS,rows=29 cols=20 slider_extended=True,,2026-07-07T23:14:28
조아제약,00231831,034940,KOSDAQ,연간x연결,재무제표,DS-2/DS-3,DONE,"cross-check completed for ['매출액', '영업이익']",,2026-07-07T23:14:28
조아제약,00231831,034940,KOSDAQ,연간x연결,지표,CV-6,PASS,default metric selection visible,,2026-07-07T23:14:28
조아제약,00231831,034940,KOSDAQ,연간x별도,재무제표,DS-1,PASS,,,2026-07-07T23:14:34
조아제약,00231831,034940,KOSDAQ,연간x별도,상단,DS-8,PASS,,,2026-07-07T23:14:34
조아제약,00231831,034940,KOSDAQ,연간x별도,상단,DS-7,PASS,"badges seen: ['✅', '🔎', '⚠']",,2026-07-07T23:14:34
조아제약,00231831,034940,KOSDAQ,연간x별도,재무제표,CV-3,PASS,rows=29 cols=26 slider_extended=True,,2026-07-07T23:14:34
조아제약,00231831,034940,KOSDAQ,연간x별도,재무제표,DS-2/DS-3,DONE,"cross-check completed for ['매출액', '영업이익']",,2026-07-07T23:14:34
조아제약,00231831,034940,KOSDAQ,연간x별도,지표,CV-6,PASS,default metric selection visible,,2026-07-07T23:14:34
조아제약,00231831,034940,KOSDAQ,분기x연결,재무제표,DS-1,PASS,,,2026-07-07T23:14:40
조아제약,00231831,034940,KOSDAQ,분기x연결,상단,DS-8,PASS,,,2026-07-07T23:14:40
조아제약,00231831,034940,KOSDAQ,분기x연결,상단,DS-7,PASS,"badges seen: ['✅', '🔎']",,2026-07-07T23:14:40
조아제약,00231831,034940,KOSDAQ,분기x연결,재무제표,CV-3,PASS,rows=29 cols=63 slider_extended=True,,2026-07-07T23:14:40
조아제약,00231831,034940,KOSDAQ,분기x연결,재무제표,DS-2/DS-3,DONE,"cross-check completed for ['매출액', '영업이익']",,2026-07-07T23:14:40
조아제약,00231831,034940,KOSDAQ,분기x연결,지표,CV-6,PASS,default metric selection visible,,2026-07-07T23:14:40
조아제약,00231831,034940,KOSDAQ,분기x별도,재무제표,DS-1,PASS,,,2026-07-07T23:14:47
조아제약,00231831,034940,KOSDAQ,분기x별도,상단,DS-8,PASS,,,2026-07-07T23:14:47
조아제약,00231831,034940,KOSDAQ,분기x별도,상단,DS-7,PASS,"badges seen: ['✅', '🔎']",,2026-07-07T23:14:47
조아제약,00231831,034940,KOSDAQ,분기x별도,재무제표,CV-3,PASS,rows=29 cols=79 slider_extended=True,,2026-07-07T23:14:47
조아제약,00231831,034940,KOSDAQ,분기x별도,재무제표,DS-2/DS-3,DONE,"cross-check completed for ['매출액', '영업이익']",,2026-07-07T23:14:47
조아제약,00231831,034940,KOSDAQ,분기x별도,지표,CV-6,PASS,default metric selection visible,,2026-07-07T23:14:47
조이시티,00397252,067000,KOSDAQ,연간x연결,재무제표,DS-1,PASS,,,2026-07-07T23:15:02
조이시티,00397252,067000,KOSDAQ,연간x연결,상단,DS-8,PASS,,,2026-07-07T23:15:02
조이시티,00397252,067000,KOSDAQ,연간x연결,상단,DS-7,PASS,"badges seen: ['✅', '🔎']",,2026-07-07T23:15:02
조이시티,00397252,067000,KOSDAQ,연간x연결,재무제표,CV-3,PASS,rows=29 cols=19 slider_extended=True,,2026-07-07T23:15:02
조이시티,00397252,067000,KOSDAQ,연간x연결,재무제표,DS-2/DS-3,DONE,"cross-check completed for ['매출액', '영업이익']",,2026-07-07T23:15:02
조이시티,00397252,067000,KOSDAQ,연간x연결,지표,CV-6,PASS,default metric selection visible,,2026-07-07T23:15:02
조이시티,00397252,067000,KOSDAQ,연간x별도,재무제표,DS-1,PASS,,,2026-07-07T23:15:07
조이시티,00397252,067000,KOSDAQ,연간x별도,상단,DS-8,PASS,,,2026-07-07T23:15:07
조이시티,00397252,067000,KOSDAQ,연간x별도,상단,DS-7,PASS,"badges seen: ['✅', '🔎']",,2026-07-07T23:15:07
조이시티,00397252,067000,KOSDAQ,연간x별도,재무제표,CV-3,PASS,rows=29 cols=22 slider_extended=True,,2026-07-07T23:15:07
조이시티,00397252,067000,KOSDAQ,연간x별도,재무제표,DS-2/DS-3,DONE,"cross-check completed for ['매출액', '영업이익']",,2026-07-07T23:15:07
조이시티,00397252,067000,KOSDAQ,연간x별도,지표,CV-6,PASS,default metric selection visible,,2026-07-07T23:15:07
조이시티,00397252,067000,KOSDAQ,분기x연결,재무제표,DS-1,PASS,,,2026-07-07T23:15:13
조이시티,00397252,067000,KOSDAQ,분기x연결,상단,DS-8,PASS,,,2026-07-07T23:15:13
조이시티,00397252,067000,KOSDAQ,분기x연결,상단,DS-7,PASS,"badges seen: ['✅', '🔎']",,2026-07-07T23:15:13
조이시티,00397252,067000,KOSDAQ,분기x연결,재무제표,CV-3,PASS,rows=29 cols=60 slider_extended=True,,2026-07-07T23:15:13
조이시티,00397252,067000,KOSDAQ,분기x연결,재무제표,DS-2/DS-3,DONE,"cross-check completed for ['매출액', '영업이익']",,2026-07-07T23:15:13
조이시티,00397252,067000,KOSDAQ,분기x연결,지표,CV-6,PASS,default metric selection visible,,2026-07-07T23:15:13
조이시티,00397252,067000,KOSDAQ,분기x별도,재무제표,DS-1,PASS,,,2026-07-07T23:15:21
조이시티,00397252,067000,KOSDAQ,분기x별도,상단,DS-8,PASS,,,2026-07-07T23:15:21
조이시티,00397252,067000,KOSDAQ,분기x별도,상단,DS-7,PASS,"badges seen: ['✅', '🔎']",,2026-07-07T23:15:21
조이시티,00397252,067000,KOSDAQ,분기x별도,재무제표,CV-3,PASS,rows=29 cols=73 slider_extended=True,,2026-07-07T23:15:21
조이시티,00397252,067000,KOSDAQ,분기x별도,재무제표,DS-2/DS-3,DONE,"cross-check completed for ['매출액', '영업이익']",,2026-07-07T23:15:21
조이시티,00397252,067000,KOSDAQ,분기x별도,지표,CV-6,PASS,default metric selection visible,,2026-07-07T23:15:21
조이웍스앤코,01335453,309930,KOSDAQ,연간x연결,재무제표,DS-1,PASS,,,2026-07-07T23:15:34
조이웍스앤코,01335453,309930,KOSDAQ,연간x연결,상단,DS-8,PASS,,,2026-07-07T23:15:34
조이웍스앤코,01335453,309930,KOSDAQ,연간x연결,상단,DS-7,PASS,"badges seen: ['✅', '🔎', '⚠']",,2026-07-07T23:15:34
조이웍스앤코,01335453,309930,KOSDAQ,연간x연결,재무제표,CV-3,PASS,rows=29 cols=6 slider_extended=True,,2026-07-07T23:15:34
조이웍스앤코,01335453,309930,KOSDAQ,연간x연결,재무제표,DS-2/DS-3,DONE,"cross-check completed for ['매출액', '영업이익']",,2026-07-07T23:15:34
조이웍스앤코,01335453,309930,KOSDAQ,연간x연결,지표,CV-6,PASS,default metric selection visible,,2026-07-07T23:15:34
조이웍스앤코,01335453,309930,KOSDAQ,연간x별도,재무제표,DS-1,PASS,,,2026-07-07T23:15:40
조이웍스앤코,01335453,309930,KOSDAQ,연간x별도,상단,DS-8,PASS,,,2026-07-07T23:15:40
조이웍스앤코,01335453,309930,KOSDAQ,연간x별도,상단,DS-7,PASS,"badges seen: ['✅', '🔎', '⚠']",,2026-07-07T23:15:40
조이웍스앤코,01335453,309930,KOSDAQ,연간x별도,재무제표,CV-3,PASS,rows=29 cols=10 slider_extended=True,,2026-07-07T23:15:40
조이웍스앤코,01335453,309930,KOSDAQ,연간x별도,재무제표,DS-2/DS-3,DONE,"cross-check completed for ['매출액', '영업이익']",,2026-07-07T23:15:40
조이웍스앤코,01335453,309930,KOSDAQ,연간x별도,지표,CV-6,PASS,default metric selection visible,,2026-07-07T23:15:40
조이웍스앤코,01335453,309930,KOSDAQ,분기x연결,재무제표,DS-1,PASS,,,2026-07-07T23:15:46
조이웍스앤코,01335453,309930,KOSDAQ,분기x연결,상단,DS-8,PASS,,,2026-07-07T23:15:46
조이웍스앤코,01335453,309930,KOSDAQ,분기x연결,상단,DS-7,PASS,"badges seen: ['✅', '🔎', '⚠']",,2026-07-07T23:15:46
조이웍스앤코,01335453,309930,KOSDAQ,분기x연결,재무제표,CV-3,PASS,rows=29 cols=12 slider_extended=True,,2026-07-07T23:15:46
조이웍스앤코,01335453,309930,KOSDAQ,분기x연결,재무제표,DS-2/DS-3,DONE,"cross-check completed for ['매출액', '영업이익']",,2026-07-07T23:15:46
조이웍스앤코,01335453,309930,KOSDAQ,분기x연결,지표,CV-6,PASS,default metric selection visible,,2026-07-07T23:15:46
조이웍스앤코,01335453,309930,KOSDAQ,분기x별도,재무제표,DS-1,PASS,,,2026-07-07T23:15:53
조이웍스앤코,01335453,309930,KOSDAQ,분기x별도,상단,DS-8,PASS,,,2026-07-07T23:15:53
조이웍스앤코,01335453,309930,KOSDAQ,분기x별도,상단,DS-7,PASS,"badges seen: ['✅', '🔎', '⚠']",,2026-07-07T23:15:53
조이웍스앤코,01335453,309930,KOSDAQ,분기x별도,재무제표,CV-3,PASS,rows=29 cols=32 slider_extended=True,,2026-07-07T23:15:53
조이웍스앤코,01335453,309930,KOSDAQ,분기x별도,재무제표,DS-2/DS-3,DONE,"cross-check completed for ['매출액', '영업이익']",,2026-07-07T23:15:53
조이웍스앤코,01335453,309930,KOSDAQ,분기x별도,지표,CV-6,PASS,default metric selection visible,,2026-07-07T23:15:53
졸스,00122205,018700,KOSDAQ,연간x연결,재무제표,DS-1,PASS,,,2026-07-07T23:16:07
졸스,00122205,018700,KOSDAQ,연간x연결,상단,DS-8,PASS,,,2026-07-07T23:16:07
졸스,00122205,018700,KOSDAQ,연간x연결,상단,DS-7,PASS,"badges seen: ['✅', '🔎', '⚠']",,2026-07-07T23:16:07
졸스,00122205,018700,KOSDAQ,연간x연결,재무제표,CV-3,PASS,rows=29 cols=18 slider_extended=True,,2026-07-07T23:16:07
졸스,00122205,018700,KOSDAQ,연간x연결,재무제표,DS-2/DS-3,DONE,"cross-check completed for ['매출액', '영업이익']",,2026-07-07T23:16:07
졸스,00122205,018700,KOSDAQ,연간x연결,지표,CV-6,PASS,default metric selection visible,,2026-07-07T23:16:07
졸스,00122205,018700,KOSDAQ,연간x별도,재무제표,DS-1,PASS,,,2026-07-07T23:16:12
졸스,00122205,018700,KOSDAQ,연간x별도,상단,DS-8,PASS,,,2026-07-07T23:16:12
졸스,00122205,018700,KOSDAQ,연간x별도,상단,DS-7,PASS,"badges seen: ['✅', '🔎', '⚠']",,2026-07-07T23:16:12
졸스,00122205,018700,KOSDAQ,연간x별도,재무제표,CV-3,PASS,rows=29 cols=24 slider_extended=True,,2026-07-07T23:16:12
졸스,00122205,018700,KOSDAQ,연간x별도,재무제표,DS-2/DS-3,DONE,"cross-check completed for ['매출액', '영업이익']",,2026-07-07T23:16:12
졸스,00122205,018700,KOSDAQ,연간x별도,지표,CV-6,PASS,default metric selection visible,,2026-07-07T23:16:12
졸스,00122205,018700,KOSDAQ,분기x연결,재무제표,DS-1,PASS,,,2026-07-07T23:16:18
졸스,00122205,018700,KOSDAQ,분기x연결,상단,DS-8,PASS,,,2026-07-07T23:16:18
졸스,00122205,018700,KOSDAQ,분기x연결,상단,DS-7,PASS,"badges seen: ['✅', '🔎', '⚠']",,2026-07-07T23:16:18
졸스,00122205,018700,KOSDAQ,분기x연결,재무제표,CV-3,PASS,rows=29 cols=54 slider_extended=True,,2026-07-07T23:16:18
졸스,00122205,018700,KOSDAQ,분기x연결,재무제표,DS-2/DS-3,DONE,"cross-check completed for ['매출액', '영업이익']",,2026-07-07T23:16:18
졸스,00122205,018700,KOSDAQ,분기x연결,지표,CV-6,PASS,default metric selection visible,,2026-07-07T23:16:18
졸스,00122205,018700,KOSDAQ,분기x별도,재무제표,DS-1,PASS,,,2026-07-07T23:16:26
졸스,00122205,018700,KOSDAQ,분기x별도,상단,DS-8,PASS,,,2026-07-07T23:16:26
졸스,00122205,018700,KOSDAQ,분기x별도,상단,DS-7,PASS,"badges seen: ['✅', '🔎', '⚠']",,2026-07-07T23:16:26
졸스,00122205,018700,KOSDAQ,분기x별도,재무제표,CV-3,PASS,rows=29 cols=73 slider_extended=True,,2026-07-07T23:16:26
졸스,00122205,018700,KOSDAQ,분기x별도,재무제표,DS-2/DS-3,DONE,"cross-check completed for ['매출액', '영업이익']",,2026-07-07T23:16:26
졸스,00122205,018700,KOSDAQ,분기x별도,지표,CV-6,PASS,default metric selection visible,,2026-07-07T23:16:26
좋은사람들,00205003,033340,KOSDAQ,연간x연결,재무제표,DS-1,PASS,,,2026-07-07T23:16:40
좋은사람들,00205003,033340,KOSDAQ,연간x연결,상단,DS-8,PASS,,,2026-07-07T23:16:40
좋은사람들,00205003,033340,KOSDAQ,연간x연결,상단,DS-7,PASS,"badges seen: ['✅', '🔎']",,2026-07-07T23:16:40
좋은사람들,00205003,033340,KOSDAQ,연간x연결,재무제표,CV-3,PASS,rows=29 cols=18 slider_extended=True,,2026-07-07T23:16:40
좋은사람들,00205003,033340,KOSDAQ,연간x연결,재무제표,DS-2/DS-3,DONE,"cross-check completed for ['매출액', '영업이익']",,2026-07-07T23:16:40
좋은사람들,00205003,033340,KOSDAQ,연간x연결,지표,CV-6,PASS,default metric selection visible,,2026-07-07T23:16:40
좋은사람들,00205003,033340,KOSDAQ,연간x별도,재무제표,DS-1,PASS,,,2026-07-07T23:16:45
좋은사람들,00205003,033340,KOSDAQ,연간x별도,상단,DS-8,PASS,,,2026-07-07T23:16:45
좋은사람들,00205003,033340,KOSDAQ,연간x별도,상단,DS-7,PASS,"badges seen: ['✅', '🔎']",,2026-07-07T23:16:45
좋은사람들,00205003,033340,KOSDAQ,연간x별도,재무제표,CV-3,PASS,rows=29 cols=25 slider_extended=True,,2026-07-07T23:16:45
좋은사람들,00205003,033340,KOSDAQ,연간x별도,재무제표,DS-2/DS-3,DONE,"cross-check completed for ['매출액', '영업이익']",,2026-07-07T23:16:45
좋은사람들,00205003,033340,KOSDAQ,연간x별도,지표,CV-6,PASS,default metric selection visible,,2026-07-07T23:16:45
좋은사람들,00205003,033340,KOSDAQ,분기x연결,재무제표,DS-1,PASS,,,2026-07-07T23:16:51
좋은사람들,00205003,033340,KOSDAQ,분기x연결,상단,DS-8,PASS,,,2026-07-07T23:16:51
좋은사람들,00205003,033340,KOSDAQ,분기x연결,상단,DS-7,PASS,"badges seen: ['✅', '🔎']",,2026-07-07T23:16:51
좋은사람들,00205003,033340,KOSDAQ,분기x연결,재무제표,CV-3,PASS,rows=29 cols=14 slider_extended=True,,2026-07-07T23:16:51
좋은사람들,00205003,033340,KOSDAQ,분기x연결,재무제표,DS-2/DS-3,DONE,"cross-check completed for ['매출액', '영업이익']",,2026-07-07T23:16:51
좋은사람들,00205003,033340,KOSDAQ,분기x연결,지표,CV-6,PASS,default metric selection visible,,2026-07-07T23:16:51
좋은사람들,00205003,033340,KOSDAQ,분기x별도,재무제표,DS-1,PASS,,,2026-07-07T23:16:58
좋은사람들,00205003,033340,KOSDAQ,분기x별도,상단,DS-8,PASS,,,2026-07-07T23:16:58
좋은사람들,00205003,033340,KOSDAQ,분기x별도,상단,DS-7,PASS,"badges seen: ['✅', '🔎']",,2026-07-07T23:16:58
좋은사람들,00205003,033340,KOSDAQ,분기x별도,재무제표,CV-3,PASS,rows=29 cols=90 slider_extended=True,,2026-07-07T23:16:58
좋은사람들,00205003,033340,KOSDAQ,분기x별도,재무제표,DS-2/DS-3,DONE,"cross-check completed for ['매출액', '영업이익']",,2026-07-07T23:16:58
좋은사람들,00205003,033340,KOSDAQ,분기x별도,지표,CV-6,PASS,default metric selection visible,,2026-07-07T23:16:58
주성엔지니어링,00252135,036930,KOSDAQ,연간x연결,재무제표,DS-1,PASS,,,2026-07-07T23:17:12
주성엔지니어링,00252135,036930,KOSDAQ,연간x연결,상단,DS-8,PASS,,,2026-07-07T23:17:12
주성엔지니어링,00252135,036930,KOSDAQ,연간x연결,상단,DS-7,PASS,"badges seen: ['✅', '🔎']",,2026-07-07T23:17:12
주성엔지니어링,00252135,036930,KOSDAQ,연간x연결,재무제표,CV-3,PASS,rows=29 cols=19 slider_extended=True,,2026-07-07T23:17:12
주성엔지니어링,00252135,036930,KOSDAQ,연간x연결,재무제표,DS-2/DS-3,DONE,"cross-check completed for ['매출액', '영업이익']",,2026-07-07T23:17:12
주성엔지니어링,00252135,036930,KOSDAQ,연간x연결,지표,CV-6,PASS,default metric selection visible,,2026-07-07T23:17:12
주성엔지니어링,00252135,036930,KOSDAQ,연간x별도,재무제표,DS-1,PASS,,,2026-07-07T23:17:17
주성엔지니어링,00252135,036930,KOSDAQ,연간x별도,상단,DS-8,PASS,,,2026-07-07T23:17:17
주성엔지니어링,00252135,036930,KOSDAQ,연간x별도,상단,DS-7,PASS,"badges seen: ['✅', '🔎']",,2026-07-07T23:17:17
주성엔지니어링,00252135,036930,KOSDAQ,연간x별도,재무제표,CV-3,PASS,rows=29 cols=26 slider_extended=True,,2026-07-07T23:17:17
주성엔지니어링,00252135,036930,KOSDAQ,연간x별도,재무제표,DS-2/DS-3,DONE,"cross-check completed for ['매출액', '영업이익']",,2026-07-07T23:17:17
주성엔지니어링,00252135,036930,KOSDAQ,연간x별도,지표,CV-6,PASS,default metric selection visible,,2026-07-07T23:17:17
주성엔지니어링,00252135,036930,KOSDAQ,분기x연결,재무제표,DS-1,PASS,,,2026-07-07T23:17:23
주성엔지니어링,00252135,036930,KOSDAQ,분기x연결,상단,DS-8,PASS,,,2026-07-07T23:17:23
주성엔지니어링,00252135,036930,KOSDAQ,분기x연결,상단,DS-7,PASS,"badges seen: ['✅', '🔎', '⚠']",,2026-07-07T23:17:23
주성엔지니어링,00252135,036930,KOSDAQ,분기x연결,재무제표,CV-3,PASS,rows=29 cols=60 slider_extended=True,,2026-07-07T23:17:23
주성엔지니어링,00252135,036930,KOSDAQ,분기x연결,재무제표,DS-2/DS-3,DONE,"cross-check completed for ['매출액', '영업이익']",,2026-07-07T23:17:23
주성엔지니어링,00252135,036930,KOSDAQ,분기x연결,지표,CV-6,PASS,default metric selection visible,,2026-07-07T23:17:23
주성엔지니어링,00252135,036930,KOSDAQ,분기x별도,재무제표,DS-1,PASS,,,2026-07-07T23:17:31
주성엔지니어링,00252135,036930,KOSDAQ,분기x별도,상단,DS-8,PASS,,,2026-07-07T23:17:31
주성엔지니어링,00252135,036930,KOSDAQ,분기x별도,상단,DS-7,PASS,"badges seen: ['✅', '🔎', '⚠']",,2026-07-07T23:17:31
주성엔지니어링,00252135,036930,KOSDAQ,분기x별도,재무제표,CV-3,PASS,rows=29 cols=86 slider_extended=True,,2026-07-07T23:17:31
주성엔지니어링,00252135,036930,KOSDAQ,분기x별도,재무제표,DS-2/DS-3,DONE,"cross-check completed for ['매출액', '영업이익']",,2026-07-07T23:17:31
주성엔지니어링,00252135,036930,KOSDAQ,분기x별도,지표,CV-6,PASS,default metric selection visible,,2026-07-07T23:17:31
중앙백신,00415327,072020,KOSDAQ,연간x연결,재무제표,DS-1,PASS,,,2026-07-07T23:17:45
중앙백신,00415327,072020,KOSDAQ,연간x연결,상단,DS-8,PASS,,,2026-07-07T23:17:45
중앙백신,00415327,072020,KOSDAQ,연간x연결,상단,DS-7,PASS,"badges seen: ['✅', '🔎']",,2026-07-07T23:17:45
중앙백신,00415327,072020,KOSDAQ,연간x연결,재무제표,CV-3,PASS,rows=29 cols=6 slider_extended=True,,2026-07-07T23:17:45
중앙백신,00415327,072020,KOSDAQ,연간x연결,재무제표,DS-2/DS-3,DONE,"cross-check completed for ['매출액', '영업이익']",,2026-07-07T23:17:45
중앙백신,00415327,072020,KOSDAQ,연간x연결,지표,CV-6,PASS,default metric selection visible,,2026-07-07T23:17:45
중앙백신,00415327,072020,KOSDAQ,연간x별도,재무제표,DS-1,PASS,,,2026-07-07T23:17:50
중앙백신,00415327,072020,KOSDAQ,연간x별도,상단,DS-8,PASS,,,2026-07-07T23:17:50
중앙백신,00415327,072020,KOSDAQ,연간x별도,상단,DS-7,PASS,"badges seen: ['✅', '🔎']",,2026-07-07T23:17:50
중앙백신,00415327,072020,KOSDAQ,연간x별도,재무제표,CV-3,PASS,rows=29 cols=25 slider_extended=True,,2026-07-07T23:17:50
중앙백신,00415327,072020,KOSDAQ,연간x별도,재무제표,DS-2/DS-3,DONE,"cross-check completed for ['매출액', '영업이익']",,2026-07-07T23:17:50
중앙백신,00415327,072020,KOSDAQ,연간x별도,지표,CV-6,PASS,default metric selection visible,,2026-07-07T23:17:50
중앙백신,00415327,072020,KOSDAQ,분기x연결,재무제표,DS-1,PASS,,,2026-07-07T23:17:56
중앙백신,00415327,072020,KOSDAQ,분기x연결,상단,DS-8,PASS,,,2026-07-07T23:17:56
중앙백신,00415327,072020,KOSDAQ,분기x연결,상단,DS-7,PASS,"badges seen: ['✅', '🔎']",,2026-07-07T23:17:56
중앙백신,00415327,072020,KOSDAQ,분기x연결,재무제표,CV-3,PASS,rows=29 cols=13 slider_extended=True,,2026-07-07T23:17:56
중앙백신,00415327,072020,KOSDAQ,분기x연결,재무제표,DS-2/DS-3,DONE,"cross-check completed for ['매출액', '영업이익']",,2026-07-07T23:17:56
중앙백신,00415327,072020,KOSDAQ,분기x연결,지표,CV-6,PASS,default metric selection visible,,2026-07-07T23:17:56
중앙백신,00415327,072020,KOSDAQ,분기x별도,재무제표,DS-1,PASS,,,2026-07-07T23:18:04
중앙백신,00415327,072020,KOSDAQ,분기x별도,상단,DS-8,PASS,,,2026-07-07T23:18:04
중앙백신,00415327,072020,KOSDAQ,분기x별도,상단,DS-7,PASS,"badges seen: ['✅', '🔎']",,2026-07-07T23:18:04
중앙백신,00415327,072020,KOSDAQ,분기x별도,재무제표,CV-3,PASS,rows=29 cols=82 slider_extended=True,,2026-07-07T23:18:04
중앙백신,00415327,072020,KOSDAQ,분기x별도,재무제표,DS-2/DS-3,DONE,"cross-check completed for ['매출액', '영업이익']",,2026-07-07T23:18:04
중앙백신,00415327,072020,KOSDAQ,분기x별도,지표,CV-6,PASS,default metric selection visible,,2026-07-07T23:18:04
중앙에너비스,00149770,000440,KOSDAQ,연간x연결,재무제표,DS-1,PASS,,,2026-07-07T23:18:18
중앙에너비스,00149770,000440,KOSDAQ,연간x연결,상단,DS-8,PASS,,,2026-07-07T23:18:18
중앙에너비스,00149770,000440,KOSDAQ,연간x연결,상단,DS-7,PASS,"badges seen: ['✅', '🔎', '⚠']",,2026-07-07T23:18:18
중앙에너비스,00149770,000440,KOSDAQ,연간x연결,재무제표,CV-3,PASS,rows=29 cols=16 slider_extended=True,,2026-07-07T23:18:18
중앙에너비스,00149770,000440,KOSDAQ,연간x연결,재무제표,DS-2/DS-3,DONE,"cross-check completed for ['매출액', '영업이익']",,2026-07-07T23:18:18
중앙에너비스,00149770,000440,KOSDAQ,연간x연결,지표,CV-6,PASS,default metric selection visible,,2026-07-07T23:18:18
중앙에너비스,00149770,000440,KOSDAQ,연간x별도,재무제표,DS-1,PASS,,,2026-07-07T23:18:23
중앙에너비스,00149770,000440,KOSDAQ,연간x별도,상단,DS-8,PASS,,,2026-07-07T23:18:23
중앙에너비스,00149770,000440,KOSDAQ,연간x별도,상단,DS-7,PASS,"badges seen: ['✅', '🔎', '⚠']",,2026-07-07T23:18:23
중앙에너비스,00149770,000440,KOSDAQ,연간x별도,재무제표,CV-3,PASS,rows=29 cols=22 slider_extended=True,,2026-07-07T23:18:23
중앙에너비스,00149770,000440,KOSDAQ,연간x별도,재무제표,DS-2/DS-3,DONE,"cross-check completed for ['매출액', '영업이익']",,2026-07-07T23:18:23
중앙에너비스,00149770,000440,KOSDAQ,연간x별도,지표,CV-6,PASS,default metric selection visible,,2026-07-07T23:18:23
중앙에너비스,00149770,000440,KOSDAQ,분기x연결,재무제표,DS-1,PASS,,,2026-07-07T23:18:29
중앙에너비스,00149770,000440,KOSDAQ,분기x연결,상단,DS-8,PASS,,,2026-07-07T23:18:29
중앙에너비스,00149770,000440,KOSDAQ,분기x연결,상단,DS-7,PASS,"badges seen: ['✅', '🔎']",,2026-07-07T23:18:29
중앙에너비스,00149770,000440,KOSDAQ,분기x연결,재무제표,CV-3,PASS,rows=29 cols=52 slider_extended=True,,2026-07-07T23:18:29
중앙에너비스,00149770,000440,KOSDAQ,분기x연결,재무제표,DS-2/DS-3,DONE,"cross-check completed for ['매출액', '영업이익']",,2026-07-07T23:18:29
중앙에너비스,00149770,000440,KOSDAQ,분기x연결,지표,CV-6,PASS,default metric selection visible,,2026-07-07T23:18:29
중앙에너비스,00149770,000440,KOSDAQ,분기x별도,재무제표,DS-1,PASS,,,2026-07-07T23:18:37
중앙에너비스,00149770,000440,KOSDAQ,분기x별도,상단,DS-8,PASS,,,2026-07-07T23:18:37
중앙에너비스,00149770,000440,KOSDAQ,분기x별도,상단,DS-7,PASS,"badges seen: ['✅', '🔎']",,2026-07-07T23:18:37
중앙에너비스,00149770,000440,KOSDAQ,분기x별도,재무제표,CV-3,PASS,rows=29 cols=79 slider_extended=True,,2026-07-07T23:18:37
중앙에너비스,00149770,000440,KOSDAQ,분기x별도,재무제표,DS-2/DS-3,DONE,"cross-check completed for ['매출액', '영업이익']",,2026-07-07T23:18:37
중앙에너비스,00149770,000440,KOSDAQ,분기x별도,지표,CV-6,PASS,default metric selection visible,,2026-07-07T23:18:37
중앙첨단소재,00347716,051980,KOSDAQ,연간x연결,재무제표,DS-1,PASS,,,2026-07-07T23:18:50
중앙첨단소재,00347716,051980,KOSDAQ,연간x연결,상단,DS-8,PASS,,,2026-07-07T23:18:50
중앙첨단소재,00347716,051980,KOSDAQ,연간x연결,상단,DS-7,PASS,"badges seen: ['✅', '🔎']",,2026-07-07T23:18:50
중앙첨단소재,00347716,051980,KOSDAQ,연간x연결,재무제표,CV-3,PASS,rows=29 cols=19 slider_extended=True,,2026-07-07T23:18:50
중앙첨단소재,00347716,051980,KOSDAQ,연간x연결,재무제표,DS-2/DS-3,DONE,"cross-check completed for ['매출액', '영업이익']",,2026-07-07T23:18:50
중앙첨단소재,00347716,051980,KOSDAQ,연간x연결,지표,CV-6,PASS,default metric selection visible,,2026-07-07T23:18:50
중앙첨단소재,00347716,051980,KOSDAQ,연간x별도,재무제표,DS-1,PASS,,,2026-07-07T23:18:55
중앙첨단소재,00347716,051980,KOSDAQ,연간x별도,상단,DS-8,PASS,,,2026-07-07T23:18:55
중앙첨단소재,00347716,051980,KOSDAQ,연간x별도,상단,DS-7,PASS,"badges seen: ['✅', '🔎']",,2026-07-07T23:18:55
중앙첨단소재,00347716,051980,KOSDAQ,연간x별도,재무제표,CV-3,PASS,rows=29 cols=28 slider_extended=True,,2026-07-07T23:18:55
중앙첨단소재,00347716,051980,KOSDAQ,연간x별도,재무제표,DS-2/DS-3,DONE,"cross-check completed for ['매출액', '영업이익']",,2026-07-07T23:18:55
중앙첨단소재,00347716,051980,KOSDAQ,연간x별도,지표,CV-6,PASS,default metric selection visible,,2026-07-07T23:18:55
중앙첨단소재,00347716,051980,KOSDAQ,분기x연결,재무제표,DS-1,PASS,,,2026-07-07T23:19:02
중앙첨단소재,00347716,051980,KOSDAQ,분기x연결,상단,DS-8,PASS,,,2026-07-07T23:19:02
중앙첨단소재,00347716,051980,KOSDAQ,분기x연결,상단,DS-7,PASS,"badges seen: ['✅', '🔎', '⚠']",,2026-07-07T23:19:02
중앙첨단소재,00347716,051980,KOSDAQ,분기x연결,재무제표,CV-3,PASS,rows=29 cols=60 slider_extended=True,,2026-07-07T23:19:02
중앙첨단소재,00347716,051980,KOSDAQ,분기x연결,재무제표,DS-2/DS-3,DONE,"cross-check completed for ['매출액', '영업이익']",,2026-07-07T23:19:02
중앙첨단소재,00347716,051980,KOSDAQ,분기x연결,지표,CV-6,PASS,default metric selection visible,,2026-07-07T23:19:02
중앙첨단소재,00347716,051980,KOSDAQ,분기x별도,재무제표,DS-1,PASS,,,2026-07-07T23:19:09
중앙첨단소재,00347716,051980,KOSDAQ,분기x별도,상단,DS-8,PASS,,,2026-07-07T23:19:09
중앙첨단소재,00347716,051980,KOSDAQ,분기x별도,상단,DS-7,PASS,"badges seen: ['✅', '🔎']",,2026-07-07T23:19:09
중앙첨단소재,00347716,051980,KOSDAQ,분기x별도,재무제표,CV-3,PASS,rows=29 cols=87 slider_extended=True,,2026-07-07T23:19:09
중앙첨단소재,00347716,051980,KOSDAQ,분기x별도,재무제표,DS-2/DS-3,DONE,"cross-check completed for ['매출액', '영업이익']",,2026-07-07T23:19:09
중앙첨단소재,00347716,051980,KOSDAQ,분기x별도,지표,CV-6,PASS,default metric selection visible,,2026-07-07T23:19:09
지구홀딩스,01026616,221800,KOSDAQ,연간x연결,재무제표,DS-1,PASS,,,2026-07-07T23:19:23
지구홀딩스,01026616,221800,KOSDAQ,연간x연결,상단,DS-8,PASS,,,2026-07-07T23:19:23
지구홀딩스,01026616,221800,KOSDAQ,연간x연결,상단,DS-4,PASS,substitution caption present,,2026-07-07T23:19:23
지구홀딩스,01026616,221800,KOSDAQ,연간x연결,상단,DS-7,PASS,"badges seen: ['✅', '🔎', '⚠']",,2026-07-07T23:19:23
지구홀딩스,01026616,221800,KOSDAQ,연간x연결,재무제표,CV-3,PASS,rows=29 cols=14 slider_extended=True,,2026-07-07T23:19:23
지구홀딩스,01026616,221800,KOSDAQ,연간x연결,재무제표,DS-2/DS-3,DONE,"cross-check completed for ['매출액', '영업이익']",,2026-07-07T23:19:23
지구홀딩스,01026616,221800,KOSDAQ,연간x연결,지표,CV-6,PASS,default metric selection visible,,2026-07-07T23:19:23
지구홀딩스,01026616,221800,KOSDAQ,연간x별도,재무제표,DS-1,PASS,,,2026-07-07T23:19:28
지구홀딩스,01026616,221800,KOSDAQ,연간x별도,상단,DS-8,PASS,,,2026-07-07T23:19:28
지구홀딩스,01026616,221800,KOSDAQ,연간x별도,상단,DS-7,PASS,"badges seen: ['✅', '🔎', '⚠']",,2026-07-07T23:19:28
지구홀딩스,01026616,221800,KOSDAQ,연간x별도,재무제표,CV-3,PASS,rows=29 cols=14 slider_extended=True,,2026-07-07T23:19:28
지구홀딩스,01026616,221800,KOSDAQ,연간x별도,재무제표,DS-2/DS-3,DONE,"cross-check completed for ['매출액', '영업이익']",,2026-07-07T23:19:28
지구홀딩스,01026616,221800,KOSDAQ,연간x별도,지표,CV-6,PASS,default metric selection visible,,2026-07-07T23:19:28
지구홀딩스,01026616,221800,KOSDAQ,분기x연결,재무제표,DS-1,PASS,,,2026-07-07T23:19:35
지구홀딩스,01026616,221800,KOSDAQ,분기x연결,상단,DS-8,PASS,,,2026-07-07T23:19:35
지구홀딩스,01026616,221800,KOSDAQ,분기x연결,상단,DS-7,PASS,"badges seen: ['✅', '🔎']",,2026-07-07T23:19:35
지구홀딩스,01026616,221800,KOSDAQ,분기x연결,재무제표,CV-3,PASS,rows=29 cols=4 slider_extended=True,,2026-07-07T23:19:35
지구홀딩스,01026616,221800,KOSDAQ,분기x연결,재무제표,DS-2/DS-3,DONE,"cross-check completed for ['매출액', '영업이익']",,2026-07-07T23:19:35
지구홀딩스,01026616,221800,KOSDAQ,분기x연결,지표,CV-6,PASS,default metric selection visible,,2026-07-07T23:19:35
지구홀딩스,01026616,221800,KOSDAQ,분기x별도,재무제표,DS-1,PASS,,,2026-07-07T23:19:42
지구홀딩스,01026616,221800,KOSDAQ,분기x별도,상단,DS-8,PASS,,,2026-07-07T23:19:42
지구홀딩스,01026616,221800,KOSDAQ,분기x별도,상단,DS-7,PASS,"badges seen: ['✅', '🔎']",,2026-07-07T23:19:42
지구홀딩스,01026616,221800,KOSDAQ,분기x별도,재무제표,CV-3,PASS,rows=29 cols=16 slider_extended=True,,2026-07-07T23:19:42
지구홀딩스,01026616,221800,KOSDAQ,분기x별도,재무제표,DS-2/DS-3,DONE,"cross-check completed for ['매출액', '영업이익']",,2026-07-07T23:19:42
지구홀딩스,01026616,221800,KOSDAQ,분기x별도,지표,CV-6,PASS,default metric selection visible,,2026-07-07T23:19:42
지노믹트리,01108248,228760,KOSDAQ,연간x연결,재무제표,DS-1,PASS,,,2026-07-07T23:19:55
지노믹트리,01108248,228760,KOSDAQ,연간x연결,상단,DS-8,PASS,,,2026-07-07T23:19:55
지노믹트리,01108248,228760,KOSDAQ,연간x연결,상단,DS-7,PASS,"badges seen: ['✅', '🔎', '⚠']",,2026-07-07T23:19:55
지노믹트리,01108248,228760,KOSDAQ,연간x연결,재무제표,CV-3,PASS,rows=29 cols=11 slider_extended=True,,2026-07-07T23:19:55
지노믹트리,01108248,228760,KOSDAQ,연간x연결,재무제표,DS-2/DS-3,DONE,"cross-check completed for ['매출액', '영업이익']",,2026-07-07T23:19:55
지노믹트리,01108248,228760,KOSDAQ,연간x연결,지표,CV-6,PASS,default metric selection visible,,2026-07-07T23:19:55
지노믹트리,01108248,228760,KOSDAQ,연간x별도,재무제표,DS-1,PASS,,,2026-07-07T23:20:01
지노믹트리,01108248,228760,KOSDAQ,연간x별도,상단,DS-8,PASS,,,2026-07-07T23:20:01
지노믹트리,01108248,228760,KOSDAQ,연간x별도,상단,DS-7,PASS,"badges seen: ['✅', '🔎', '⚠']",,2026-07-07T23:20:01
지노믹트리,01108248,228760,KOSDAQ,연간x별도,재무제표,CV-3,PASS,rows=29 cols=12 slider_extended=True,,2026-07-07T23:20:01
지노믹트리,01108248,228760,KOSDAQ,연간x별도,재무제표,DS-2/DS-3,DONE,"cross-check completed for ['매출액', '영업이익']",,2026-07-07T23:20:01
지노믹트리,01108248,228760,KOSDAQ,연간x별도,지표,CV-6,PASS,default metric selection visible,,2026-07-07T23:20:01
지노믹트리,01108248,228760,KOSDAQ,분기x연결,재무제표,DS-1,PASS,,,2026-07-07T23:20:07
지노믹트리,01108248,228760,KOSDAQ,분기x연결,상단,DS-8,PASS,,,2026-07-07T23:20:07
지노믹트리,01108248,228760,KOSDAQ,분기x연결,상단,DS-7,PASS,"badges seen: ['✅', '🔎']",,2026-07-07T23:20:07
지노믹트리,01108248,228760,KOSDAQ,분기x연결,재무제표,CV-3,PASS,rows=29 cols=33 slider_extended=True,,2026-07-07T23:20:07
지노믹트리,01108248,228760,KOSDAQ,분기x연결,재무제표,DS-2/DS-3,DONE,"cross-check completed for ['매출액', '영업이익']",,2026-07-07T23:20:07
지노믹트리,01108248,228760,KOSDAQ,분기x연결,지표,CV-6,PASS,default metric selection visible,,2026-07-07T23:20:07
지노믹트리,01108248,228760,KOSDAQ,분기x별도,재무제표,DS-1,PASS,,,2026-07-07T23:20:14
지노믹트리,01108248,228760,KOSDAQ,분기x별도,상단,DS-8,PASS,,,2026-07-07T23:20:14
지노믹트리,01108248,228760,KOSDAQ,분기x별도,상단,DS-7,PASS,"badges seen: ['✅', '🔎', '⚠']",,2026-07-07T23:20:14
지노믹트리,01108248,228760,KOSDAQ,분기x별도,재무제표,CV-3,PASS,rows=29 cols=36 slider_extended=True,,2026-07-07T23:20:14
지노믹트리,01108248,228760,KOSDAQ,분기x별도,재무제표,DS-2/DS-3,DONE,"cross-check completed for ['매출액', '영업이익']",,2026-07-07T23:20:14
지노믹트리,01108248,228760,KOSDAQ,분기x별도,지표,CV-6,PASS,default metric selection visible,,2026-07-07T23:20:14
지놈앤컴퍼니,01276026,314130,KOSDAQ,연간x연결,재무제표,DS-1,PASS,,,2026-07-07T23:20:28
지놈앤컴퍼니,01276026,314130,KOSDAQ,연간x연결,상단,DS-8,PASS,,,2026-07-07T23:20:28
지놈앤컴퍼니,01276026,314130,KOSDAQ,연간x연결,상단,DS-7,PASS,"badges seen: ['✅', '🔎', '⚠']",,2026-07-07T23:20:28
지놈앤컴퍼니,01276026,314130,KOSDAQ,연간x연결,재무제표,CV-3,PASS,rows=29 cols=11 slider_extended=True,,2026-07-07T23:20:28
지놈앤컴퍼니,01276026,314130,KOSDAQ,연간x연결,재무제표,DS-2/DS-3,DONE,"cross-check completed for ['매출액', '영업이익']",,2026-07-07T23:20:28
지놈앤컴퍼니,01276026,314130,KOSDAQ,연간x연결,지표,CV-6,PASS,default metric selection visible,,2026-07-07T23:20:28
지놈앤컴퍼니,01276026,314130,KOSDAQ,연간x별도,재무제표,DS-1,PASS,,,2026-07-07T23:20:33
지놈앤컴퍼니,01276026,314130,KOSDAQ,연간x별도,상단,DS-8,PASS,,,2026-07-07T23:20:33
지놈앤컴퍼니,01276026,314130,KOSDAQ,연간x별도,상단,DS-7,PASS,"badges seen: ['✅', '🔎', '⚠']",,2026-07-07T23:20:33
지놈앤컴퍼니,01276026,314130,KOSDAQ,연간x별도,재무제표,CV-3,PASS,rows=29 cols=13 slider_extended=True,,2026-07-07T23:20:33
지놈앤컴퍼니,01276026,314130,KOSDAQ,연간x별도,재무제표,DS-2/DS-3,DONE,"cross-check completed for ['매출액', '영업이익']",,2026-07-07T23:20:33
지놈앤컴퍼니,01276026,314130,KOSDAQ,연간x별도,지표,CV-6,PASS,default metric selection visible,,2026-07-07T23:20:33
지놈앤컴퍼니,01276026,314130,KOSDAQ,분기x연결,재무제표,DS-1,PASS,,,2026-07-07T23:20:39
지놈앤컴퍼니,01276026,314130,KOSDAQ,분기x연결,상단,DS-8,PASS,,,2026-07-07T23:20:39
지놈앤컴퍼니,01276026,314130,KOSDAQ,분기x연결,상단,DS-7,PASS,"badges seen: ['✅', '🔎']",,2026-07-07T23:20:39
지놈앤컴퍼니,01276026,314130,KOSDAQ,분기x연결,재무제표,CV-3,PASS,rows=29 cols=27 slider_extended=True,,2026-07-07T23:20:39
지놈앤컴퍼니,01276026,314130,KOSDAQ,분기x연결,재무제표,DS-2/DS-3,DONE,"cross-check completed for ['매출액', '영업이익']",,2026-07-07T23:20:39
지놈앤컴퍼니,01276026,314130,KOSDAQ,분기x연결,지표,CV-6,PASS,default metric selection visible,,2026-07-07T23:20:39
지놈앤컴퍼니,01276026,314130,KOSDAQ,분기x별도,재무제표,DS-1,PASS,,,2026-07-07T23:20:47
지놈앤컴퍼니,01276026,314130,KOSDAQ,분기x별도,상단,DS-8,PASS,,,2026-07-07T23:20:47
지놈앤컴퍼니,01276026,314130,KOSDAQ,분기x별도,상단,DS-7,PASS,"badges seen: ['✅', '🔎', '⚠']",,2026-07-07T23:20:47
지놈앤컴퍼니,01276026,314130,KOSDAQ,분기x별도,재무제표,CV-3,PASS,rows=29 cols=27 slider_extended=True,,2026-07-07T23:20:47
지놈앤컴퍼니,01276026,314130,KOSDAQ,분기x별도,재무제표,DS-2/DS-3,DONE,"cross-check completed for ['매출액', '영업이익']",,2026-07-07T23:20:47
지놈앤컴퍼니,01276026,314130,KOSDAQ,분기x별도,지표,CV-6,PASS,default metric selection visible,,2026-07-07T23:20:47
지니너스,01494154,389030,KOSDAQ,연간x연결,재무제표,DS-1,PASS,,,2026-07-07T23:21:00
지니너스,01494154,389030,KOSDAQ,연간x연결,상단,DS-8,PASS,,,2026-07-07T23:21:00
지니너스,01494154,389030,KOSDAQ,연간x연결,상단,DS-7,PASS,"badges seen: ['✅', '🔎']",,2026-07-07T23:21:00
지니너스,01494154,389030,KOSDAQ,연간x연결,재무제표,CV-3,PASS,rows=29 cols=7 slider_extended=True,,2026-07-07T23:21:00
지니너스,01494154,389030,KOSDAQ,연간x연결,재무제표,DS-2/DS-3,DONE,"cross-check completed for ['매출액', '영업이익']",,2026-07-07T23:21:00
지니너스,01494154,389030,KOSDAQ,연간x연결,지표,CV-6,PASS,default metric selection visible,,2026-07-07T23:21:00
지니너스,01494154,389030,KOSDAQ,연간x별도,재무제표,DS-1,PASS,,,2026-07-07T23:21:05
지니너스,01494154,389030,KOSDAQ,연간x별도,상단,DS-8,PASS,,,2026-07-07T23:21:05
지니너스,01494154,389030,KOSDAQ,연간x별도,상단,DS-7,PASS,"badges seen: ['✅', '🔎']",,2026-07-07T23:21:05
지니너스,01494154,389030,KOSDAQ,연간x별도,재무제표,CV-3,PASS,rows=29 cols=9 slider_extended=True,,2026-07-07T23:21:05
지니너스,01494154,389030,KOSDAQ,연간x별도,재무제표,DS-2/DS-3,DONE,"cross-check completed for ['매출액', '영업이익']",,2026-07-07T23:21:05
지니너스,01494154,389030,KOSDAQ,연간x별도,지표,CV-6,PASS,default metric selection visible,,2026-07-07T23:21:05
지니너스,01494154,389030,KOSDAQ,분기x연결,재무제표,DS-1,PASS,,,2026-07-07T23:21:12
지니너스,01494154,389030,KOSDAQ,분기x연결,상단,DS-8,PASS,,,2026-07-07T23:21:12
지니너스,01494154,389030,KOSDAQ,분기x연결,상단,DS-7,PASS,"badges seen: ['✅', '🔎']",,2026-07-07T23:21:12
지니너스,01494154,389030,KOSDAQ,분기x연결,재무제표,CV-3,PASS,rows=29 cols=17 slider_extended=True,,2026-07-07T23:21:12
지니너스,01494154,389030,KOSDAQ,분기x연결,재무제표,DS-2/DS-3,DONE,"cross-check completed for ['매출액', '영업이익']",,2026-07-07T23:21:12
지니너스,01494154,389030,KOSDAQ,분기x연결,지표,CV-6,PASS,default metric selection visible,,2026-07-07T23:21:12
지니너스,01494154,389030,KOSDAQ,분기x별도,재무제표,DS-1,PASS,,,2026-07-07T23:21:19
지니너스,01494154,389030,KOSDAQ,분기x별도,상단,DS-8,PASS,,,2026-07-07T23:21:19
지니너스,01494154,389030,KOSDAQ,분기x별도,상단,DS-7,PASS,"badges seen: ['✅', '🔎']",,2026-07-07T23:21:19
지니너스,01494154,389030,KOSDAQ,분기x별도,재무제표,CV-3,PASS,rows=29 cols=24 slider_extended=True,,2026-07-07T23:21:19
지니너스,01494154,389030,KOSDAQ,분기x별도,재무제표,DS-2/DS-3,DONE,"cross-check completed for ['매출액', '영업이익']",,2026-07-07T23:21:19
지니너스,01494154,389030,KOSDAQ,분기x별도,지표,CV-6,PASS,default metric selection visible,,2026-07-07T23:21:19
지니언스,00962223,263860,KOSDAQ,연간x연결,재무제표,DS-1,PASS,,,2026-07-07T23:21:33
지니언스,00962223,263860,KOSDAQ,연간x연결,상단,DS-8,PASS,,,2026-07-07T23:21:33
지니언스,00962223,263860,KOSDAQ,연간x연결,상단,DS-7,PASS,"badges seen: ['✅', '🔎']",,2026-07-07T23:21:33
지니언스,00962223,263860,KOSDAQ,연간x연결,재무제표,CV-3,PASS,rows=29 cols=13 slider_extended=True,,2026-07-07T23:21:33
지니언스,00962223,263860,KOSDAQ,연간x연결,재무제표,DS-2/DS-3,DONE,"cross-check completed for ['매출액', '영업이익']",,2026-07-07T23:21:33
지니언스,00962223,263860,KOSDAQ,연간x연결,지표,CV-6,PASS,default metric selection visible,,2026-07-07T23:21:33
지니언스,00962223,263860,KOSDAQ,연간x별도,재무제표,DS-1,PASS,,,2026-07-07T23:21:38
지니언스,00962223,263860,KOSDAQ,연간x별도,상단,DS-8,PASS,,,2026-07-07T23:21:38
지니언스,00962223,263860,KOSDAQ,연간x별도,상단,DS-7,PASS,"badges seen: ['✅', '🔎']",,2026-07-07T23:21:38
지니언스,00962223,263860,KOSDAQ,연간x별도,재무제표,CV-3,PASS,rows=29 cols=13 slider_extended=True,,2026-07-07T23:21:38
지니언스,00962223,263860,KOSDAQ,연간x별도,재무제표,DS-2/DS-3,DONE,"cross-check completed for ['매출액', '영업이익']",,2026-07-07T23:21:38
지니언스,00962223,263860,KOSDAQ,연간x별도,지표,CV-6,PASS,default metric selection visible,,2026-07-07T23:21:38
지니언스,00962223,263860,KOSDAQ,분기x연결,재무제표,DS-1,PASS,,,2026-07-07T23:21:44
지니언스,00962223,263860,KOSDAQ,분기x연결,상단,DS-8,PASS,,,2026-07-07T23:21:44
지니언스,00962223,263860,KOSDAQ,분기x연결,상단,DS-7,PASS,"badges seen: ['✅', '🔎']",,2026-07-07T23:21:44
지니언스,00962223,263860,KOSDAQ,분기x연결,재무제표,CV-3,PASS,rows=29 cols=41 slider_extended=True,,2026-07-07T23:21:44
지니언스,00962223,263860,KOSDAQ,분기x연결,재무제표,DS-2/DS-3,DONE,"cross-check completed for ['매출액', '영업이익']",,2026-07-07T23:21:44
지니언스,00962223,263860,KOSDAQ,분기x연결,지표,CV-6,PASS,default metric selection visible,,2026-07-07T23:21:44
지니언스,00962223,263860,KOSDAQ,분기x별도,재무제표,DS-1,PASS,,,2026-07-07T23:21:52
지니언스,00962223,263860,KOSDAQ,분기x별도,상단,DS-8,PASS,,,2026-07-07T23:21:52
지니언스,00962223,263860,KOSDAQ,분기x별도,상단,DS-7,PASS,"badges seen: ['✅', '🔎']",,2026-07-07T23:21:52
지니언스,00962223,263860,KOSDAQ,분기x별도,재무제표,CV-3,PASS,rows=29 cols=41 slider_extended=True,,2026-07-07T23:21:52
지니언스,00962223,263860,KOSDAQ,분기x별도,재무제표,DS-2/DS-3,DONE,"cross-check completed for ['매출액', '영업이익']",,2026-07-07T23:21:52
지니언스,00962223,263860,KOSDAQ,분기x별도,지표,CV-6,PASS,default metric selection visible,,2026-07-07T23:21:52
지니틱스,01318933,303030,KOSDAQ,연간x연결,재무제표,DS-1,PASS,,,2026-07-07T23:22:05
지니틱스,01318933,303030,KOSDAQ,연간x연결,상단,DS-8,PASS,,,2026-07-07T23:22:05
지니틱스,01318933,303030,KOSDAQ,연간x연결,상단,DS-4,PASS,substitution caption present,,2026-07-07T23:22:05
지니틱스,01318933,303030,KOSDAQ,연간x연결,상단,DS-7,PASS,"badges seen: ['✅', '🔎', '⚠']",,2026-07-07T23:22:05
지니틱스,01318933,303030,KOSDAQ,연간x연결,재무제표,CV-3,PASS,rows=29 cols=10 slider_extended=True,,2026-07-07T23:22:05
지니틱스,01318933,303030,KOSDAQ,연간x연결,재무제표,DS-2/DS-3,DONE,"cross-check completed for ['매출액', '영업이익']",,2026-07-07T23:22:05
지니틱스,01318933,303030,KOSDAQ,연간x연결,지표,CV-6,PASS,default metric selection visible,,2026-07-07T23:22:05
지니틱스,01318933,303030,KOSDAQ,연간x별도,재무제표,DS-1,PASS,,,2026-07-07T23:22:11
지니틱스,01318933,303030,KOSDAQ,연간x별도,상단,DS-8,PASS,,,2026-07-07T23:22:11
지니틱스,01318933,303030,KOSDAQ,연간x별도,상단,DS-7,PASS,"badges seen: ['✅', '🔎', '⚠']",,2026-07-07T23:22:11
지니틱스,01318933,303030,KOSDAQ,연간x별도,재무제표,CV-3,PASS,rows=29 cols=10 slider_extended=True,,2026-07-07T23:22:11
지니틱스,01318933,303030,KOSDAQ,연간x별도,재무제표,DS-2/DS-3,DONE,"cross-check completed for ['매출액', '영업이익']",,2026-07-07T23:22:11
지니틱스,01318933,303030,KOSDAQ,연간x별도,지표,CV-6,PASS,default metric selection visible,,2026-07-07T23:22:11
지니틱스,01318933,303030,KOSDAQ,분기x연결,재무제표,DS-1,PASS,,,2026-07-07T23:22:17
지니틱스,01318933,303030,KOSDAQ,분기x연결,상단,DS-8,PASS,,,2026-07-07T23:22:17
지니틱스,01318933,303030,KOSDAQ,분기x연결,상단,DS-4,PASS,substitution caption present,,2026-07-07T23:22:17
지니틱스,01318933,303030,KOSDAQ,분기x연결,상단,DS-7,PASS,"badges seen: ['✅', '🔎', '⚠']",,2026-07-07T23:22:17
지니틱스,01318933,303030,KOSDAQ,분기x연결,재무제표,CV-3,PASS,rows=29 cols=33 slider_extended=True,,2026-07-07T23:22:17
지니틱스,01318933,303030,KOSDAQ,분기x연결,재무제표,DS-2/DS-3,DONE,"cross-check completed for ['매출액', '영업이익']",,2026-07-07T23:22:17
지니틱스,01318933,303030,KOSDAQ,분기x연결,지표,CV-6,PASS,default metric selection visible,,2026-07-07T23:22:17
지니틱스,01318933,303030,KOSDAQ,분기x별도,재무제표,DS-1,PASS,,,2026-07-07T23:22:24
지니틱스,01318933,303030,KOSDAQ,분기x별도,상단,DS-8,PASS,,,2026-07-07T23:22:24
지니틱스,01318933,303030,KOSDAQ,분기x별도,상단,DS-7,PASS,"badges seen: ['✅', '🔎', '⚠']",,2026-07-07T23:22:24
지니틱스,01318933,303030,KOSDAQ,분기x별도,재무제표,CV-3,PASS,rows=29 cols=33 slider_extended=True,,2026-07-07T23:22:24
지니틱스,01318933,303030,KOSDAQ,분기x별도,재무제표,DS-2/DS-3,DONE,"cross-check completed for ['매출액', '영업이익']",,2026-07-07T23:22:24
지니틱스,01318933,303030,KOSDAQ,분기x별도,지표,CV-6,PASS,default metric selection visible,,2026-07-07T23:22:24
지란지교시큐리티,01047169,208350,KOSDAQ,연간x연결,재무제표,DS-1,PASS,,,2026-07-07T23:22:36
지란지교시큐리티,01047169,208350,KOSDAQ,연간x연결,상단,DS-8,PASS,,,2026-07-07T23:22:36
지란지교시큐리티,01047169,208350,KOSDAQ,연간x연결,상단,DS-7,PASS,"badges seen: ['✅', '🔎', '⚠']",,2026-07-07T23:22:36
지란지교시큐리티,01047169,208350,KOSDAQ,연간x연결,재무제표,CV-3,PASS,rows=29 cols=13 slider_extended=True,,2026-07-07T23:22:36
지란지교시큐리티,01047169,208350,KOSDAQ,연간x연결,재무제표,DS-2/DS-3,DONE,"cross-check completed for ['매출액', '영업이익']",,2026-07-07T23:22:36
지란지교시큐리티,01047169,208350,KOSDAQ,연간x연결,지표,CV-6,PASS,default metric selection visible,,2026-07-07T23:22:36
지란지교시큐리티,01047169,208350,KOSDAQ,연간x별도,재무제표,DS-1,PASS,,,2026-07-07T23:22:41
지란지교시큐리티,01047169,208350,KOSDAQ,연간x별도,상단,DS-8,PASS,,,2026-07-07T23:22:41
지란지교시큐리티,01047169,208350,KOSDAQ,연간x별도,상단,DS-7,PASS,"badges seen: ['✅', '🔎', '⚠']",,2026-07-07T23:22:41
지란지교시큐리티,01047169,208350,KOSDAQ,연간x별도,재무제표,CV-3,PASS,rows=29 cols=16 slider_extended=True,,2026-07-07T23:22:41
지란지교시큐리티,01047169,208350,KOSDAQ,연간x별도,재무제표,DS-2/DS-3,DONE,"cross-check completed for ['매출액', '영업이익']",,2026-07-07T23:22:41
지란지교시큐리티,01047169,208350,KOSDAQ,연간x별도,지표,CV-6,PASS,default metric selection visible,,2026-07-07T23:22:41
지란지교시큐리티,01047169,208350,KOSDAQ,분기x연결,재무제표,DS-1,PASS,,,2026-07-07T23:22:47
지란지교시큐리티,01047169,208350,KOSDAQ,분기x연결,상단,DS-8,PASS,,,2026-07-07T23:22:47
지란지교시큐리티,01047169,208350,KOSDAQ,분기x연결,상단,DS-7,PASS,"badges seen: ['✅', '🔎', '⚠']",,2026-07-07T23:22:47
지란지교시큐리티,01047169,208350,KOSDAQ,분기x연결,재무제표,CV-3,PASS,rows=29 cols=43 slider_extended=True,,2026-07-07T23:22:47
지란지교시큐리티,01047169,208350,KOSDAQ,분기x연결,재무제표,DS-2/DS-3,DONE,"cross-check completed for ['매출액', '영업이익']",,2026-07-07T23:22:47
지란지교시큐리티,01047169,208350,KOSDAQ,분기x연결,지표,CV-6,PASS,default metric selection visible,,2026-07-07T23:22:47
지란지교시큐리티,01047169,208350,KOSDAQ,분기x별도,재무제표,DS-1,PASS,,,2026-07-07T23:22:54
지란지교시큐리티,01047169,208350,KOSDAQ,분기x별도,상단,DS-8,PASS,,,2026-07-07T23:22:54
지란지교시큐리티,01047169,208350,KOSDAQ,분기x별도,상단,DS-7,PASS,"badges seen: ['✅', '🔎']",,2026-07-07T23:22:54
지란지교시큐리티,01047169,208350,KOSDAQ,분기x별도,재무제표,CV-3,PASS,rows=29 cols=48 slider_extended=True,,2026-07-07T23:22:54
지란지교시큐리티,01047169,208350,KOSDAQ,분기x별도,재무제표,DS-2/DS-3,DONE,"cross-check completed for ['매출액', '영업이익']",,2026-07-07T23:22:54
지란지교시큐리티,01047169,208350,KOSDAQ,분기x별도,지표,CV-6,PASS,default metric selection visible,,2026-07-07T23:22:54
지슨,01693922,446840,KOSDAQ,연간x연결,재무제표,DS-1,PASS,,,2026-07-07T23:23:07
지슨,01693922,446840,KOSDAQ,연간x연결,상단,DS-8,PASS,,,2026-07-07T23:23:07
지슨,01693922,446840,KOSDAQ,연간x연결,상단,DS-4,PASS,substitution caption present,,2026-07-07T23:23:07
지슨,01693922,446840,KOSDAQ,연간x연결,상단,DS-7,PASS,"badges seen: ['✅', '🔎', '⚠']",,2026-07-07T23:23:07
지슨,01693922,446840,KOSDAQ,연간x연결,재무제표,CV-3,PASS,rows=29 cols=6 slider_extended=True,,2026-07-07T23:23:07
지슨,01693922,446840,KOSDAQ,연간x연결,재무제표,DS-2/DS-3,DONE,"cross-check completed for ['매출액', '영업이익']",,2026-07-07T23:23:07
지슨,01693922,446840,KOSDAQ,연간x연결,지표,CV-6,PASS,default metric selection visible,,2026-07-07T23:23:07
지슨,01693922,446840,KOSDAQ,연간x별도,재무제표,DS-1,PASS,,,2026-07-07T23:23:12
지슨,01693922,446840,KOSDAQ,연간x별도,상단,DS-8,PASS,,,2026-07-07T23:23:12
지슨,01693922,446840,KOSDAQ,연간x별도,상단,DS-7,PASS,"badges seen: ['✅', '🔎', '⚠']",,2026-07-07T23:23:12
지슨,01693922,446840,KOSDAQ,연간x별도,재무제표,CV-3,PASS,rows=29 cols=6 slider_extended=True,,2026-07-07T23:23:12
지슨,01693922,446840,KOSDAQ,연간x별도,재무제표,DS-2/DS-3,DONE,"cross-check completed for ['매출액', '영업이익']",,2026-07-07T23:23:12
지슨,01693922,446840,KOSDAQ,연간x별도,지표,CV-6,PASS,default metric selection visible,,2026-07-07T23:23:12
지슨,01693922,446840,KOSDAQ,분기x연결,재무제표,DS-1,PASS,,,2026-07-07T23:23:18
지슨,01693922,446840,KOSDAQ,분기x연결,상단,DS-8,PASS,,,2026-07-07T23:23:18
지슨,01693922,446840,KOSDAQ,분기x연결,상단,DS-4,PASS,substitution caption present,,2026-07-07T23:23:18
지슨,01693922,446840,KOSDAQ,분기x연결,상단,DS-7,PASS,"badges seen: ['✅', '🔎', '⚠']",,2026-07-07T23:23:18
지슨,01693922,446840,KOSDAQ,분기x연결,재무제표,CV-3,PASS,rows=29 cols=15 slider_extended=True,,2026-07-07T23:23:18
지슨,01693922,446840,KOSDAQ,분기x연결,재무제표,DS-2/DS-3,DONE,"cross-check completed for ['매출액', '영업이익']",,2026-07-07T23:23:18
지슨,01693922,446840,KOSDAQ,분기x연결,지표,CV-6,PASS,default metric selection visible,,2026-07-07T23:23:18
지슨,01693922,446840,KOSDAQ,분기x별도,재무제표,DS-1,PASS,,,2026-07-07T23:23:26
지슨,01693922,446840,KOSDAQ,분기x별도,상단,DS-8,PASS,,,2026-07-07T23:23:26
지슨,01693922,446840,KOSDAQ,분기x별도,상단,DS-7,PASS,"badges seen: ['✅', '🔎', '⚠']",,2026-07-07T23:23:26
지슨,01693922,446840,KOSDAQ,분기x별도,재무제표,CV-3,PASS,rows=29 cols=15 slider_extended=True,,2026-07-07T23:23:26
지슨,01693922,446840,KOSDAQ,분기x별도,재무제표,DS-2/DS-3,DONE,"cross-check completed for ['매출액', '영업이익']",,2026-07-07T23:23:26
지슨,01693922,446840,KOSDAQ,분기x별도,지표,CV-6,PASS,default metric selection visible,,2026-07-07T23:23:26
지씨셀,01010642,144510,KOSDAQ,연간x연결,재무제표,DS-1,PASS,,,2026-07-07T23:23:39
지씨셀,01010642,144510,KOSDAQ,연간x연결,상단,DS-8,PASS,,,2026-07-07T23:23:39
지씨셀,01010642,144510,KOSDAQ,연간x연결,상단,DS-7,PASS,"badges seen: ['✅', '🔎', '⚠']",,2026-07-07T23:23:39
지씨셀,01010642,144510,KOSDAQ,연간x연결,재무제표,CV-3,PASS,rows=29 cols=11 slider_extended=True,,2026-07-07T23:23:39
지씨셀,01010642,144510,KOSDAQ,연간x연결,재무제표,DS-2/DS-3,DONE,"cross-check completed for ['매출액', '영업이익']",,2026-07-07T23:23:39
지씨셀,01010642,144510,KOSDAQ,연간x연결,지표,CV-6,PASS,default metric selection visible,,2026-07-07T23:23:39
지씨셀,01010642,144510,KOSDAQ,연간x별도,재무제표,DS-1,PASS,,,2026-07-07T23:23:45
지씨셀,01010642,144510,KOSDAQ,연간x별도,상단,DS-8,PASS,,,2026-07-07T23:23:45
지씨셀,01010642,144510,KOSDAQ,연간x별도,상단,DS-7,PASS,"badges seen: ['✅', '🔎', '⚠']",,2026-07-07T23:23:45
지씨셀,01010642,144510,KOSDAQ,연간x별도,재무제표,CV-3,PASS,rows=29 cols=14 slider_extended=True,,2026-07-07T23:23:45
지씨셀,01010642,144510,KOSDAQ,연간x별도,재무제표,DS-2/DS-3,DONE,"cross-check completed for ['매출액', '영업이익']",,2026-07-07T23:23:45
지씨셀,01010642,144510,KOSDAQ,연간x별도,지표,CV-6,PASS,default metric selection visible,,2026-07-07T23:23:45
지씨셀,01010642,144510,KOSDAQ,분기x연결,재무제표,DS-1,PASS,,,2026-07-07T23:23:51
지씨셀,01010642,144510,KOSDAQ,분기x연결,상단,DS-8,PASS,,,2026-07-07T23:23:51
지씨셀,01010642,144510,KOSDAQ,분기x연결,상단,DS-7,PASS,"badges seen: ['✅', '🔎']",,2026-07-07T23:23:51
지씨셀,01010642,144510,KOSDAQ,분기x연결,재무제표,CV-3,PASS,rows=29 cols=33 slider_extended=True,,2026-07-07T23:23:51
지씨셀,01010642,144510,KOSDAQ,분기x연결,재무제표,DS-2/DS-3,DONE,"cross-check completed for ['매출액', '영업이익']",,2026-07-07T23:23:51
지씨셀,01010642,144510,KOSDAQ,분기x연결,지표,CV-6,PASS,default metric selection visible,,2026-07-07T23:23:51
지씨셀,01010642,144510,KOSDAQ,분기x별도,재무제표,DS-1,PASS,,,2026-07-07T23:23:58
지씨셀,01010642,144510,KOSDAQ,분기x별도,상단,DS-8,PASS,,,2026-07-07T23:23:58
지씨셀,01010642,144510,KOSDAQ,분기x별도,상단,DS-7,PASS,"badges seen: ['✅', '🔎']",,2026-07-07T23:23:58
지씨셀,01010642,144510,KOSDAQ,분기x별도,재무제표,CV-3,PASS,rows=29 cols=49 slider_extended=True,,2026-07-07T23:23:58
지씨셀,01010642,144510,KOSDAQ,분기x별도,재무제표,DS-2/DS-3,DONE,"cross-check completed for ['매출액', '영업이익']",,2026-07-07T23:23:58
지씨셀,01010642,144510,KOSDAQ,분기x별도,지표,CV-6,PASS,default metric selection visible,,2026-07-07T23:23:58
지씨지놈,01432598,340450,KOSDAQ,연간x연결,재무제표,DS-1,PASS,,,2026-07-07T23:24:10
지씨지놈,01432598,340450,KOSDAQ,연간x연결,상단,DS-8,PASS,,,2026-07-07T23:24:10
지씨지놈,01432598,340450,KOSDAQ,연간x연결,상단,DS-4,PASS,substitution caption present,,2026-07-07T23:24:10
지씨지놈,01432598,340450,KOSDAQ,연간x연결,상단,DS-7,PASS,"badges seen: ['✅', '🔎']",,2026-07-07T23:24:10
지씨지놈,01432598,340450,KOSDAQ,연간x연결,재무제표,CV-3,PASS,rows=29 cols=5 slider_extended=True,,2026-07-07T23:24:10
지씨지놈,01432598,340450,KOSDAQ,연간x연결,재무제표,DS-2/DS-3,DONE,"cross-check completed for ['매출액', '영업이익']",,2026-07-07T23:24:10
지씨지놈,01432598,340450,KOSDAQ,연간x연결,지표,CV-6,PASS,default metric selection visible,,2026-07-07T23:24:10
지씨지놈,01432598,340450,KOSDAQ,연간x별도,재무제표,DS-1,PASS,,,2026-07-07T23:24:16
지씨지놈,01432598,340450,KOSDAQ,연간x별도,상단,DS-8,PASS,,,2026-07-07T23:24:16
지씨지놈,01432598,340450,KOSDAQ,연간x별도,상단,DS-7,PASS,"badges seen: ['✅', '🔎']",,2026-07-07T23:24:16
지씨지놈,01432598,340450,KOSDAQ,연간x별도,재무제표,CV-3,PASS,rows=29 cols=5 slider_extended=True,,2026-07-07T23:24:16
지씨지놈,01432598,340450,KOSDAQ,연간x별도,재무제표,DS-2/DS-3,DONE,"cross-check completed for ['매출액', '영업이익']",,2026-07-07T23:24:16
지씨지놈,01432598,340450,KOSDAQ,연간x별도,지표,CV-6,PASS,default metric selection visible,,2026-07-07T23:24:16
지씨지놈,01432598,340450,KOSDAQ,분기x연결,재무제표,DS-1,PASS,,,2026-07-07T23:24:22
지씨지놈,01432598,340450,KOSDAQ,분기x연결,상단,DS-8,PASS,,,2026-07-07T23:24:22
지씨지놈,01432598,340450,KOSDAQ,분기x연결,상단,DS-4,PASS,substitution caption present,,2026-07-07T23:24:22
지씨지놈,01432598,340450,KOSDAQ,분기x연결,상단,DS-7,PASS,"badges seen: ['✅', '🔎']",,2026-07-07T23:24:22
지씨지놈,01432598,340450,KOSDAQ,분기x연결,재무제표,CV-3,PASS,rows=29 cols=9 slider_extended=True,,2026-07-07T23:24:22
지씨지놈,01432598,340450,KOSDAQ,분기x연결,재무제표,DS-2/DS-3,DONE,"cross-check completed for ['매출액', '영업이익']",,2026-07-07T23:24:22
지씨지놈,01432598,340450,KOSDAQ,분기x연결,지표,CV-6,PASS,default metric selection visible,,2026-07-07T23:24:22
지씨지놈,01432598,340450,KOSDAQ,분기x별도,재무제표,DS-1,PASS,,,2026-07-07T23:24:29
지씨지놈,01432598,340450,KOSDAQ,분기x별도,상단,DS-8,PASS,,,2026-07-07T23:24:29
지씨지놈,01432598,340450,KOSDAQ,분기x별도,상단,DS-7,PASS,"badges seen: ['✅', '🔎']",,2026-07-07T23:24:29
지씨지놈,01432598,340450,KOSDAQ,분기x별도,재무제표,CV-3,PASS,rows=29 cols=9 slider_extended=True,,2026-07-07T23:24:29
지씨지놈,01432598,340450,KOSDAQ,분기x별도,재무제표,DS-2/DS-3,DONE,"cross-check completed for ['매출액', '영업이익']",,2026-07-07T23:24:29
지씨지놈,01432598,340450,KOSDAQ,분기x별도,지표,CV-6,PASS,default metric selection visible,,2026-07-07T23:24:29
지아이에스,01325429,306620,KOSDAQ,연간x연결,재무제표,DS-1,PASS,,,2026-07-07T23:24:43
지아이에스,01325429,306620,KOSDAQ,연간x연결,상단,DS-8,PASS,,,2026-07-07T23:24:43
지아이에스,01325429,306620,KOSDAQ,연간x연결,상단,DS-7,PASS,"badges seen: ['✅', '🔎']",,2026-07-07T23:24:43
지아이에스,01325429,306620,KOSDAQ,연간x연결,재무제표,CV-3,PASS,rows=29 cols=10 slider_extended=True,,2026-07-07T23:24:43
지아이에스,01325429,306620,KOSDAQ,연간x연결,재무제표,DS-2/DS-3,DONE,"cross-check completed for ['매출액', '영업이익']",,2026-07-07T23:24:43
지아이에스,01325429,306620,KOSDAQ,연간x연결,지표,CV-6,PASS,default metric selection visible,,2026-07-07T23:24:43
지아이에스,01325429,306620,KOSDAQ,연간x별도,재무제표,DS-1,PASS,,,2026-07-07T23:24:48
지아이에스,01325429,306620,KOSDAQ,연간x별도,상단,DS-8,PASS,,,2026-07-07T23:24:48
지아이에스,01325429,306620,KOSDAQ,연간x별도,상단,DS-7,PASS,"badges seen: ['✅', '🔎', '⚠']",,2026-07-07T23:24:48
지아이에스,01325429,306620,KOSDAQ,연간x별도,재무제표,CV-3,PASS,rows=29 cols=10 slider_extended=True,,2026-07-07T23:24:48
지아이에스,01325429,306620,KOSDAQ,연간x별도,재무제표,DS-2/DS-3,DONE,"cross-check completed for ['매출액', '영업이익']",,2026-07-07T23:24:48
지아이에스,01325429,306620,KOSDAQ,연간x별도,지표,CV-6,PASS,default metric selection visible,,2026-07-07T23:24:48
지아이에스,01325429,306620,KOSDAQ,분기x연결,재무제표,DS-1,PASS,,,2026-07-07T23:24:54
지아이에스,01325429,306620,KOSDAQ,분기x연결,상단,DS-8,PASS,,,2026-07-07T23:24:54
지아이에스,01325429,306620,KOSDAQ,분기x연결,상단,DS-7,PASS,"badges seen: ['✅', '🔎']",,2026-07-07T23:24:54
지아이에스,01325429,306620,KOSDAQ,분기x연결,재무제표,CV-3,PASS,rows=29 cols=32 slider_extended=True,,2026-07-07T23:24:54
지아이에스,01325429,306620,KOSDAQ,분기x연결,재무제표,DS-2/DS-3,DONE,"cross-check completed for ['매출액', '영업이익']",,2026-07-07T23:24:54
지아이에스,01325429,306620,KOSDAQ,분기x연결,지표,CV-6,PASS,default metric selection visible,,2026-07-07T23:24:54
지아이에스,01325429,306620,KOSDAQ,분기x별도,재무제표,DS-1,PASS,,,2026-07-07T23:25:02
지아이에스,01325429,306620,KOSDAQ,분기x별도,상단,DS-8,PASS,,,2026-07-07T23:25:02
지아이에스,01325429,306620,KOSDAQ,분기x별도,상단,DS-7,PASS,"badges seen: ['✅', '🔎']",,2026-07-07T23:25:02
지아이에스,01325429,306620,KOSDAQ,분기x별도,재무제표,CV-3,PASS,rows=29 cols=32 slider_extended=True,,2026-07-07T23:25:02
지아이에스,01325429,306620,KOSDAQ,분기x별도,재무제표,DS-2/DS-3,DONE,"cross-check completed for ['매출액', '영업이익']",,2026-07-07T23:25:02
지아이에스,01325429,306620,KOSDAQ,분기x별도,지표,CV-6,PASS,default metric selection visible,,2026-07-07T23:25:02
지아이이노베이션,01351080,358570,KOSDAQ,연간x연결,재무제표,DS-1,PASS,,,2026-07-07T23:25:14
지아이이노베이션,01351080,358570,KOSDAQ,연간x연결,상단,DS-8,FAIL,"header missing ['지아이이노베이션', '358570', 'KOSDAQ'] — header='기업 시각화'",,2026-07-07T23:25:14
지아이이노베이션,01351080,358570,KOSDAQ,연간x연결,상단,DS-7,PASS,"badges seen: ['✅', '🔎']",,2026-07-07T23:25:14
지아이이노베이션,01351080,358570,KOSDAQ,연간x연결,재무제표,CV-3,PASS,rows=29 cols=10 slider_extended=False,,2026-07-07T23:25:14
지아이이노베이션,01351080,358570,KOSDAQ,연간x연결,재무제표,DS-2/DS-3,DONE,"cross-check completed for ['매출액', '영업이익']",,2026-07-07T23:25:14
지아이이노베이션,01351080,358570,KOSDAQ,연간x연결,지표,CV-6,PASS,default metric selection visible,,2026-07-07T23:25:14
지아이이노베이션,01351080,358570,KOSDAQ,연간x별도,재무제표,DS-1,PASS,,,2026-07-07T23:25:19
지아이이노베이션,01351080,358570,KOSDAQ,연간x별도,상단,DS-8,PASS,,,2026-07-07T23:25:19
지아이이노베이션,01351080,358570,KOSDAQ,연간x별도,상단,DS-7,PASS,"badges seen: ['✅', '🔎']",,2026-07-07T23:25:19
지아이이노베이션,01351080,358570,KOSDAQ,연간x별도,재무제표,CV-3,PASS,rows=29 cols=10 slider_extended=True,,2026-07-07T23:25:19
지아이이노베이션,01351080,358570,KOSDAQ,연간x별도,재무제표,DS-2/DS-3,DONE,"cross-check completed for ['매출액', '영업이익']",,2026-07-07T23:25:19
지아이이노베이션,01351080,358570,KOSDAQ,연간x별도,지표,CV-6,PASS,default metric selection visible,,2026-07-07T23:25:19
지아이이노베이션,01351080,358570,KOSDAQ,분기x연결,재무제표,DS-1,PASS,,,2026-07-07T23:25:25
지아이이노베이션,01351080,358570,KOSDAQ,분기x연결,상단,DS-8,PASS,,,2026-07-07T23:25:25
지아이이노베이션,01351080,358570,KOSDAQ,분기x연결,상단,DS-4,PASS,substitution caption present,,2026-07-07T23:25:25
지아이이노베이션,01351080,358570,KOSDAQ,분기x연결,상단,DS-7,PASS,"badges seen: ['✅', '🔎']",,2026-07-07T23:25:25
지아이이노베이션,01351080,358570,KOSDAQ,분기x연결,재무제표,CV-3,PASS,rows=29 cols=27 slider_extended=True,,2026-07-07T23:25:25
지아이이노베이션,01351080,358570,KOSDAQ,분기x연결,재무제표,DS-2/DS-3,DONE,"cross-check completed for ['매출액', '영업이익']",,2026-07-07T23:25:25
지아이이노베이션,01351080,358570,KOSDAQ,분기x연결,지표,CV-6,PASS,default metric selection visible,,2026-07-07T23:25:25
지아이이노베이션,01351080,358570,KOSDAQ,분기x별도,재무제표,DS-1,PASS,,,2026-07-07T23:25:32
지아이이노베이션,01351080,358570,KOSDAQ,분기x별도,상단,DS-8,PASS,,,2026-07-07T23:25:32
지아이이노베이션,01351080,358570,KOSDAQ,분기x별도,상단,DS-7,PASS,"badges seen: ['✅', '🔎']",,2026-07-07T23:25:32
지아이이노베이션,01351080,358570,KOSDAQ,분기x별도,재무제표,CV-3,PASS,rows=29 cols=27 slider_extended=True,,2026-07-07T23:25:32
지아이이노베이션,01351080,358570,KOSDAQ,분기x별도,재무제표,DS-2/DS-3,DONE,"cross-check completed for ['매출액', '영업이익']",,2026-07-07T23:25:32
지아이이노베이션,01351080,358570,KOSDAQ,분기x별도,지표,CV-6,PASS,default metric selection visible,,2026-07-07T23:25:32
지아이텍,01311310,382480,KOSDAQ,연간x연결,재무제표,DS-1,PASS,,,2026-07-07T23:25:46
지아이텍,01311310,382480,KOSDAQ,연간x연결,상단,DS-8,PASS,,,2026-07-07T23:25:46
지아이텍,01311310,382480,KOSDAQ,연간x연결,상단,DS-7,PASS,"badges seen: ['✅', '🔎']",,2026-07-07T23:25:46
지아이텍,01311310,382480,KOSDAQ,연간x연결,재무제표,CV-3,PASS,rows=29 cols=6 slider_extended=True,,2026-07-07T23:25:46
지아이텍,01311310,382480,KOSDAQ,연간x연결,재무제표,DS-2/DS-3,DONE,"cross-check completed for ['매출액', '영업이익']",,2026-07-07T23:25:46
지아이텍,01311310,382480,KOSDAQ,연간x연결,지표,CV-6,PASS,default metric selection visible,,2026-07-07T23:25:46
지아이텍,01311310,382480,KOSDAQ,연간x별도,재무제표,DS-1,PASS,,,2026-07-07T23:25:51
지아이텍,01311310,382480,KOSDAQ,연간x별도,상단,DS-8,PASS,,,2026-07-07T23:25:51
지아이텍,01311310,382480,KOSDAQ,연간x별도,상단,DS-7,PASS,"badges seen: ['✅', '🔎']",,2026-07-07T23:25:51
지아이텍,01311310,382480,KOSDAQ,연간x별도,재무제표,CV-3,PASS,rows=29 cols=9 slider_extended=True,,2026-07-07T23:25:51
지아이텍,01311310,382480,KOSDAQ,연간x별도,재무제표,DS-2/DS-3,DONE,"cross-check completed for ['매출액', '영업이익']",,2026-07-07T23:25:51
지아이텍,01311310,382480,KOSDAQ,연간x별도,지표,CV-6,PASS,default metric selection visible,,2026-07-07T23:25:51
지아이텍,01311310,382480,KOSDAQ,분기x연결,재무제표,DS-1,PASS,,,2026-07-07T23:25:57
지아이텍,01311310,382480,KOSDAQ,분기x연결,상단,DS-8,PASS,,,2026-07-07T23:25:57
지아이텍,01311310,382480,KOSDAQ,분기x연결,상단,DS-7,PASS,"badges seen: ['✅', '🔎']",,2026-07-07T23:25:57
지아이텍,01311310,382480,KOSDAQ,분기x연결,재무제표,CV-3,PASS,rows=29 cols=13 slider_extended=True,,2026-07-07T23:25:57
지아이텍,01311310,382480,KOSDAQ,분기x연결,재무제표,DS-2/DS-3,DONE,"cross-check completed for ['매출액', '영업이익']",,2026-07-07T23:25:57
지아이텍,01311310,382480,KOSDAQ,분기x연결,지표,CV-6,PASS,default metric selection visible,,2026-07-07T23:25:57
지아이텍,01311310,382480,KOSDAQ,분기x별도,재무제표,DS-1,PASS,,,2026-07-07T23:26:05
지아이텍,01311310,382480,KOSDAQ,분기x별도,상단,DS-8,PASS,,,2026-07-07T23:26:05
지아이텍,01311310,382480,KOSDAQ,분기x별도,상단,DS-7,PASS,"badges seen: ['✅', '🔎']",,2026-07-07T23:26:05
지아이텍,01311310,382480,KOSDAQ,분기x별도,재무제표,CV-3,PASS,rows=29 cols=24 slider_extended=True,,2026-07-07T23:26:05
지아이텍,01311310,382480,KOSDAQ,분기x별도,재무제표,DS-2/DS-3,DONE,"cross-check completed for ['매출액', '영업이익']",,2026-07-07T23:26:05
지아이텍,01311310,382480,KOSDAQ,분기x별도,지표,CV-6,PASS,default metric selection visible,,2026-07-07T23:26:05
지어소프트,00389110,051160,KOSDAQ,연간x연결,재무제표,DS-1,PASS,,,2026-07-07T23:26:17
지어소프트,00389110,051160,KOSDAQ,연간x연결,상단,DS-8,FAIL,"header missing ['지어소프트', '051160', 'KOSDAQ'] — header='기업 시각화'",,2026-07-07T23:26:17
지어소프트,00389110,051160,KOSDAQ,연간x연결,상단,DS-7,PASS,"badges seen: ['✅', '🔎']",,2026-07-07T23:26:17
지어소프트,00389110,051160,KOSDAQ,연간x연결,재무제표,CV-3,PASS,rows=29 cols=12 slider_extended=False,,2026-07-07T23:26:17
지어소프트,00389110,051160,KOSDAQ,연간x연결,재무제표,DS-2/DS-3,DONE,"cross-check completed for ['매출액', '영업이익']",,2026-07-07T23:26:17
지어소프트,00389110,051160,KOSDAQ,연간x연결,지표,CV-6,PASS,default metric selection visible,,2026-07-07T23:26:17
지어소프트,00389110,051160,KOSDAQ,연간x별도,재무제표,DS-1,PASS,,,2026-07-07T23:26:22
지어소프트,00389110,051160,KOSDAQ,연간x별도,상단,DS-8,PASS,,,2026-07-07T23:26:22
지어소프트,00389110,051160,KOSDAQ,연간x별도,상단,DS-7,PASS,"badges seen: ['✅', '🔎', '⚠']",,2026-07-07T23:26:22
지어소프트,00389110,051160,KOSDAQ,연간x별도,재무제표,CV-3,PASS,rows=29 cols=23 slider_extended=True,,2026-07-07T23:26:22
지어소프트,00389110,051160,KOSDAQ,연간x별도,재무제표,DS-2/DS-3,DONE,"cross-check completed for ['매출액', '영업이익']",,2026-07-07T23:26:22
지어소프트,00389110,051160,KOSDAQ,연간x별도,지표,CV-6,PASS,default metric selection visible,,2026-07-07T23:26:22
지어소프트,00389110,051160,KOSDAQ,분기x연결,재무제표,DS-1,PASS,,,2026-07-07T23:26:28
지어소프트,00389110,051160,KOSDAQ,분기x연결,상단,DS-8,PASS,,,2026-07-07T23:26:28
지어소프트,00389110,051160,KOSDAQ,분기x연결,상단,DS-7,PASS,"badges seen: ['✅', '🔎']",,2026-07-07T23:26:28
지어소프트,00389110,051160,KOSDAQ,분기x연결,재무제표,CV-3,PASS,rows=29 cols=61 slider_extended=True,,2026-07-07T23:26:28
지어소프트,00389110,051160,KOSDAQ,분기x연결,재무제표,DS-2/DS-3,DONE,"cross-check completed for ['매출액', '영업이익']",,2026-07-07T23:26:28
지어소프트,00389110,051160,KOSDAQ,분기x연결,지표,CV-6,PASS,default metric selection visible,,2026-07-07T23:26:28
지어소프트,00389110,051160,KOSDAQ,분기x별도,재무제표,DS-1,PASS,,,2026-07-07T23:26:36
지어소프트,00389110,051160,KOSDAQ,분기x별도,상단,DS-8,PASS,,,2026-07-07T23:26:36
지어소프트,00389110,051160,KOSDAQ,분기x별도,상단,DS-7,PASS,"badges seen: ['✅', '🔎']",,2026-07-07T23:26:36
지어소프트,00389110,051160,KOSDAQ,분기x별도,재무제표,CV-3,PASS,rows=29 cols=82 slider_extended=True,,2026-07-07T23:26:36
지어소프트,00389110,051160,KOSDAQ,분기x별도,재무제표,DS-2/DS-3,DONE,"cross-check completed for ['매출액', '영업이익']",,2026-07-07T23:26:36
지어소프트,00389110,051160,KOSDAQ,분기x별도,지표,CV-6,PASS,default metric selection visible,,2026-07-07T23:26:36
지에스이,00351995,053050,KOSDAQ,연간x연결,재무제표,DS-1,PASS,,,2026-07-07T23:26:49
지에스이,00351995,053050,KOSDAQ,연간x연결,상단,DS-8,PASS,,,2026-07-07T23:26:49
지에스이,00351995,053050,KOSDAQ,연간x연결,상단,DS-4,PASS,substitution caption present,,2026-07-07T23:26:49
지에스이,00351995,053050,KOSDAQ,연간x연결,상단,DS-7,PASS,"badges seen: ['✅', '🔎']",,2026-07-07T23:26:49
지에스이,00351995,053050,KOSDAQ,연간x연결,재무제표,CV-3,PASS,rows=29 cols=26 slider_extended=True,,2026-07-07T23:26:49
지에스이,00351995,053050,KOSDAQ,연간x연결,재무제표,DS-2/DS-3,DONE,"cross-check completed for ['매출액', '영업이익']",,2026-07-07T23:26:49
지에스이,00351995,053050,KOSDAQ,연간x연결,지표,CV-6,PASS,default metric selection visible,,2026-07-07T23:26:49
지에스이,00351995,053050,KOSDAQ,연간x별도,재무제표,DS-1,PASS,,,2026-07-07T23:26:55
지에스이,00351995,053050,KOSDAQ,연간x별도,상단,DS-8,PASS,,,2026-07-07T23:26:55
지에스이,00351995,053050,KOSDAQ,연간x별도,상단,DS-7,PASS,"badges seen: ['✅', '🔎']",,2026-07-07T23:26:55
지에스이,00351995,053050,KOSDAQ,연간x별도,재무제표,CV-3,PASS,rows=29 cols=26 slider_extended=True,,2026-07-07T23:26:55
지에스이,00351995,053050,KOSDAQ,연간x별도,재무제표,DS-2/DS-3,DONE,"cross-check completed for ['매출액', '영업이익']",,2026-07-07T23:26:55
지에스이,00351995,053050,KOSDAQ,연간x별도,지표,CV-6,PASS,default metric selection visible,,2026-07-07T23:26:55
지에스이,00351995,053050,KOSDAQ,분기x연결,재무제표,DS-1,PASS,,,2026-07-07T23:27:01
지에스이,00351995,053050,KOSDAQ,분기x연결,상단,DS-8,PASS,,,2026-07-07T23:27:01
지에스이,00351995,053050,KOSDAQ,분기x연결,상단,DS-4,PASS,substitution caption present,,2026-07-07T23:27:01
지에스이,00351995,053050,KOSDAQ,분기x연결,상단,DS-7,PASS,"badges seen: ['✅', '🔎']",,2026-07-07T23:27:01
지에스이,00351995,053050,KOSDAQ,분기x연결,재무제표,CV-3,PASS,rows=29 cols=80 slider_extended=True,,2026-07-07T23:27:01
지에스이,00351995,053050,KOSDAQ,분기x연결,재무제표,DS-2/DS-3,DONE,"cross-check completed for ['매출액', '영업이익']",,2026-07-07T23:27:01
지에스이,00351995,053050,KOSDAQ,분기x연결,지표,CV-6,PASS,default metric selection visible,,2026-07-07T23:27:01
지에스이,00351995,053050,KOSDAQ,분기x별도,재무제표,DS-1,PASS,,,2026-07-07T23:27:09
지에스이,00351995,053050,KOSDAQ,분기x별도,상단,DS-8,PASS,,,2026-07-07T23:27:09
지에스이,00351995,053050,KOSDAQ,분기x별도,상단,DS-7,PASS,"badges seen: ['✅', '🔎']",,2026-07-07T23:27:09
지에스이,00351995,053050,KOSDAQ,분기x별도,재무제표,CV-3,PASS,rows=29 cols=80 slider_extended=True,,2026-07-07T23:27:09
지에스이,00351995,053050,KOSDAQ,분기x별도,재무제표,DS-2/DS-3,DONE,"cross-check completed for ['매출액', '영업이익']",,2026-07-07T23:27:09
지에스이,00351995,053050,KOSDAQ,분기x별도,지표,CV-6,PASS,default metric selection visible,,2026-07-07T23:27:09
지에프씨생명과학,01221752,388610,KOSDAQ,연간x연결,재무제표,DS-1,PASS,,,2026-07-07T23:27:21
지에프씨생명과학,01221752,388610,KOSDAQ,연간x연결,상단,DS-8,FAIL,"header missing ['지에프씨생명과학', '388610', 'KOSDAQ'] — header='기업 시각화'",,2026-07-07T23:27:21
지에프씨생명과학,01221752,388610,KOSDAQ,연간x연결,상단,DS-7,PASS,"badges seen: ['✅', '🔎']",,2026-07-07T23:27:21
지에프씨생명과학,01221752,388610,KOSDAQ,연간x연결,재무제표,CV-3,PASS,rows=29 cols=8 slider_extended=False,,2026-07-07T23:27:21
지에프씨생명과학,01221752,388610,KOSDAQ,연간x연결,재무제표,DS-2/DS-3,DONE,"cross-check completed for ['매출액', '영업이익']",,2026-07-07T23:27:21
지에프씨생명과학,01221752,388610,KOSDAQ,연간x연결,지표,CV-6,PASS,default metric selection visible,,2026-07-07T23:27:21
지에프씨생명과학,01221752,388610,KOSDAQ,연간x별도,재무제표,DS-1,PASS,,,2026-07-07T23:27:26
지에프씨생명과학,01221752,388610,KOSDAQ,연간x별도,상단,DS-8,PASS,,,2026-07-07T23:27:26
지에프씨생명과학,01221752,388610,KOSDAQ,연간x별도,상단,DS-7,PASS,"badges seen: ['✅', '🔎', '⚠']",,2026-07-07T23:27:26
지에프씨생명과학,01221752,388610,KOSDAQ,연간x별도,재무제표,CV-3,PASS,rows=29 cols=8 slider_extended=True,,2026-07-07T23:27:26
지에프씨생명과학,01221752,388610,KOSDAQ,연간x별도,재무제표,DS-2/DS-3,DONE,"cross-check completed for ['매출액', '영업이익']",,2026-07-07T23:27:26
지에프씨생명과학,01221752,388610,KOSDAQ,연간x별도,지표,CV-6,PASS,default metric selection visible,,2026-07-07T23:27:26
지에프씨생명과학,01221752,388610,KOSDAQ,분기x연결,재무제표,DS-1,PASS,,,2026-07-07T23:27:32
지에프씨생명과학,01221752,388610,KOSDAQ,분기x연결,상단,DS-8,PASS,,,2026-07-07T23:27:32
지에프씨생명과학,01221752,388610,KOSDAQ,분기x연결,상단,DS-4,PASS,substitution caption present,,2026-07-07T23:27:32
지에프씨생명과학,01221752,388610,KOSDAQ,분기x연결,상단,DS-7,PASS,"badges seen: ['✅', '🔎']",,2026-07-07T23:27:32
지에프씨생명과학,01221752,388610,KOSDAQ,분기x연결,재무제표,CV-3,PASS,rows=29 cols=9 slider_extended=True,,2026-07-07T23:27:32
지에프씨생명과학,01221752,388610,KOSDAQ,분기x연결,재무제표,DS-2/DS-3,DONE,"cross-check completed for ['매출액', '영업이익']",,2026-07-07T23:27:32
지에프씨생명과학,01221752,388610,KOSDAQ,분기x연결,지표,CV-6,PASS,default metric selection visible,,2026-07-07T23:27:32
지에프씨생명과학,01221752,388610,KOSDAQ,분기x별도,재무제표,DS-1,PASS,,,2026-07-07T23:27:39
지에프씨생명과학,01221752,388610,KOSDAQ,분기x별도,상단,DS-8,PASS,,,2026-07-07T23:27:39
지에프씨생명과학,01221752,388610,KOSDAQ,분기x별도,상단,DS-7,PASS,"badges seen: ['✅', '🔎']",,2026-07-07T23:27:39
지에프씨생명과학,01221752,388610,KOSDAQ,분기x별도,재무제표,CV-3,PASS,rows=29 cols=9 slider_extended=True,,2026-07-07T23:27:39
지에프씨생명과학,01221752,388610,KOSDAQ,분기x별도,재무제표,DS-2/DS-3,DONE,"cross-check completed for ['매출액', '영업이익']",,2026-07-07T23:27:39
지에프씨생명과학,01221752,388610,KOSDAQ,분기x별도,지표,CV-6,PASS,default metric selection visible,,2026-07-07T23:27:39
지에프아이,01450938,493330,KOSDAQ,연간x연결,재무제표,DS-1,PASS,,,2026-07-07T23:27:53
지에프아이,01450938,493330,KOSDAQ,연간x연결,상단,DS-8,PASS,,,2026-07-07T23:27:53
지에프아이,01450938,493330,KOSDAQ,연간x연결,상단,DS-7,PASS,"badges seen: ['✅', '🔎']",,2026-07-07T23:27:53
지에프아이,01450938,493330,KOSDAQ,연간x연결,재무제표,CV-3,PASS,rows=29 cols=5 slider_extended=True,,2026-07-07T23:27:53
지에프아이,01450938,493330,KOSDAQ,연간x연결,재무제표,DS-2/DS-3,DONE,"cross-check completed for ['매출액', '영업이익']",,2026-07-07T23:27:53
지에프아이,01450938,493330,KOSDAQ,연간x연결,지표,CV-6,PASS,default metric selection visible,,2026-07-07T23:27:53
지에프아이,01450938,493330,KOSDAQ,연간x별도,재무제표,DS-1,PASS,,,2026-07-07T23:27:58
지에프아이,01450938,493330,KOSDAQ,연간x별도,상단,DS-8,PASS,,,2026-07-07T23:27:58
지에프아이,01450938,493330,KOSDAQ,연간x별도,상단,DS-7,PASS,"badges seen: ['✅', '🔎']",,2026-07-07T23:27:58
지에프아이,01450938,493330,KOSDAQ,연간x별도,재무제표,CV-3,PASS,rows=29 cols=5 slider_extended=True,,2026-07-07T23:27:58
지에프아이,01450938,493330,KOSDAQ,연간x별도,재무제표,DS-2/DS-3,DONE,"cross-check completed for ['매출액', '영업이익']",,2026-07-07T23:27:58
지에프아이,01450938,493330,KOSDAQ,연간x별도,지표,CV-6,PASS,default metric selection visible,,2026-07-07T23:27:58
지에프아이,01450938,493330,KOSDAQ,분기x연결,재무제표,DS-1,PASS,,,2026-07-07T23:28:04
지에프아이,01450938,493330,KOSDAQ,분기x연결,상단,DS-8,PASS,,,2026-07-07T23:28:04
지에프아이,01450938,493330,KOSDAQ,분기x연결,상단,DS-7,PASS,"badges seen: ['✅', '🔎']",,2026-07-07T23:28:04
지에프아이,01450938,493330,KOSDAQ,분기x연결,재무제표,CV-3,PASS,rows=29 cols=6 slider_extended=True,,2026-07-07T23:28:04
지에프아이,01450938,493330,KOSDAQ,분기x연결,재무제표,DS-2/DS-3,DONE,"cross-check completed for ['매출액', '영업이익']",,2026-07-07T23:28:04
지에프아이,01450938,493330,KOSDAQ,분기x연결,지표,CV-6,PASS,default metric selection visible,,2026-07-07T23:28:04
지에프아이,01450938,493330,KOSDAQ,분기x별도,재무제표,DS-1,PASS,,,2026-07-07T23:28:11
지에프아이,01450938,493330,KOSDAQ,분기x별도,상단,DS-8,PASS,,,2026-07-07T23:28:11
지에프아이,01450938,493330,KOSDAQ,분기x별도,상단,DS-7,PASS,"badges seen: ['✅', '🔎']",,2026-07-07T23:28:11
지에프아이,01450938,493330,KOSDAQ,분기x별도,재무제표,CV-3,PASS,rows=29 cols=6 slider_extended=True,,2026-07-07T23:28:11
지에프아이,01450938,493330,KOSDAQ,분기x별도,재무제표,DS-2/DS-3,DONE,"cross-check completed for ['매출액', '영업이익']",,2026-07-07T23:28:11
지에프아이,01450938,493330,KOSDAQ,분기x별도,지표,CV-6,PASS,default metric selection visible,,2026-07-07T23:28:11
지엔씨에너지,00626464,119850,KOSDAQ,연간x연결,재무제표,DS-1,PASS,,,2026-07-07T23:28:24
지엔씨에너지,00626464,119850,KOSDAQ,연간x연결,상단,DS-8,FAIL,"header missing ['지엔씨에너지', '119850', 'KOSDAQ'] — header='기업 시각화'",,2026-07-07T23:28:24
지엔씨에너지,00626464,119850,KOSDAQ,연간x연결,상단,DS-7,PASS,"badges seen: ['✅', '🔎']",,2026-07-07T23:28:24
지엔씨에너지,00626464,119850,KOSDAQ,연간x연결,재무제표,CV-3,PASS,rows=29 cols=16 slider_extended=True,,2026-07-07T23:28:24
지엔씨에너지,00626464,119850,KOSDAQ,연간x연결,재무제표,DS-2/DS-3,DONE,"cross-check completed for ['매출액', '영업이익']",,2026-07-07T23:28:24
지엔씨에너지,00626464,119850,KOSDAQ,연간x연결,지표,CV-6,PASS,default metric selection visible,,2026-07-07T23:28:24
지엔씨에너지,00626464,119850,KOSDAQ,연간x별도,재무제표,DS-1,PASS,,,2026-07-07T23:28:29
지엔씨에너지,00626464,119850,KOSDAQ,연간x별도,상단,DS-8,PASS,,,2026-07-07T23:28:29
지엔씨에너지,00626464,119850,KOSDAQ,연간x별도,상단,DS-7,PASS,"badges seen: ['✅', '🔎']",,2026-07-07T23:28:29
지엔씨에너지,00626464,119850,KOSDAQ,연간x별도,재무제표,CV-3,PASS,rows=29 cols=17 slider_extended=True,,2026-07-07T23:28:29
지엔씨에너지,00626464,119850,KOSDAQ,연간x별도,재무제표,DS-2/DS-3,DONE,"cross-check completed for ['매출액', '영업이익']",,2026-07-07T23:28:29
지엔씨에너지,00626464,119850,KOSDAQ,연간x별도,지표,CV-6,PASS,default metric selection visible,,2026-07-07T23:28:29
지엔씨에너지,00626464,119850,KOSDAQ,분기x연결,재무제표,DS-1,PASS,,,2026-07-07T23:28:36
지엔씨에너지,00626464,119850,KOSDAQ,분기x연결,상단,DS-8,PASS,,,2026-07-07T23:28:36
지엔씨에너지,00626464,119850,KOSDAQ,분기x연결,상단,DS-7,PASS,"badges seen: ['✅', '🔎', '⚠']",,2026-07-07T23:28:36
지엔씨에너지,00626464,119850,KOSDAQ,분기x연결,재무제표,CV-3,PASS,rows=29 cols=51 slider_extended=True,,2026-07-07T23:28:36
지엔씨에너지,00626464,119850,KOSDAQ,분기x연결,재무제표,DS-2/DS-3,DONE,"cross-check completed for ['매출액', '영업이익']",,2026-07-07T23:28:36
지엔씨에너지,00626464,119850,KOSDAQ,분기x연결,지표,CV-6,PASS,default metric selection visible,,2026-07-07T23:28:36
지엔씨에너지,00626464,119850,KOSDAQ,분기x별도,재무제표,DS-1,PASS,,,2026-07-07T23:28:43
지엔씨에너지,00626464,119850,KOSDAQ,분기x별도,상단,DS-8,PASS,,,2026-07-07T23:28:43
지엔씨에너지,00626464,119850,KOSDAQ,분기x별도,상단,DS-7,PASS,"badges seen: ['✅', '🔎', '⚠']",,2026-07-07T23:28:43
지엔씨에너지,00626464,119850,KOSDAQ,분기x별도,재무제표,CV-3,PASS,rows=29 cols=57 slider_extended=True,,2026-07-07T23:28:43
지엔씨에너지,00626464,119850,KOSDAQ,분기x별도,재무제표,DS-2/DS-3,DONE,"cross-check completed for ['매출액', '영업이익']",,2026-07-07T23:28:43
지엔씨에너지,00626464,119850,KOSDAQ,분기x별도,지표,CV-6,PASS,default metric selection visible,,2026-07-07T23:28:43
지엔코,00258102,065060,KOSDAQ,연간x연결,재무제표,DS-1,PASS,,,2026-07-07T23:28:57
지엔코,00258102,065060,KOSDAQ,연간x연결,상단,DS-8,PASS,,,2026-07-07T23:28:57
지엔코,00258102,065060,KOSDAQ,연간x연결,상단,DS-7,PASS,"badges seen: ['✅', '🔎', '⚠']",,2026-07-07T23:28:57
지엔코,00258102,065060,KOSDAQ,연간x연결,재무제표,CV-3,PASS,rows=29 cols=19 slider_extended=True,,2026-07-07T23:28:57
지엔코,00258102,065060,KOSDAQ,연간x연결,재무제표,DS-2/DS-3,DONE,"cross-check completed for ['매출액', '영업이익']",,2026-07-07T23:28:57
지엔코,00258102,065060,KOSDAQ,연간x연결,지표,CV-6,PASS,default metric selection visible,,2026-07-07T23:28:57
지엔코,00258102,065060,KOSDAQ,연간x별도,재무제표,DS-1,PASS,,,2026-07-07T23:29:02
지엔코,00258102,065060,KOSDAQ,연간x별도,상단,DS-8,PASS,,,2026-07-07T23:29:02
지엔코,00258102,065060,KOSDAQ,연간x별도,상단,DS-7,PASS,"badges seen: ['✅', '🔎', '⚠']",,2026-07-07T23:29:02
지엔코,00258102,065060,KOSDAQ,연간x별도,재무제표,CV-3,PASS,rows=29 cols=23 slider_extended=True,,2026-07-07T23:29:02
지엔코,00258102,065060,KOSDAQ,연간x별도,재무제표,DS-2/DS-3,DONE,"cross-check completed for ['매출액', '영업이익']",,2026-07-07T23:29:02
지엔코,00258102,065060,KOSDAQ,연간x별도,지표,CV-6,PASS,default metric selection visible,,2026-07-07T23:29:02
지엔코,00258102,065060,KOSDAQ,분기x연결,재무제표,DS-1,PASS,,,2026-07-07T23:29:08
지엔코,00258102,065060,KOSDAQ,분기x연결,상단,DS-8,PASS,,,2026-07-07T23:29:08
지엔코,00258102,065060,KOSDAQ,분기x연결,상단,DS-7,PASS,"badges seen: ['✅', '🔎', '⚠']",,2026-07-07T23:29:08
지엔코,00258102,065060,KOSDAQ,분기x연결,재무제표,CV-3,PASS,rows=29 cols=60 slider_extended=True,,2026-07-07T23:29:08
지엔코,00258102,065060,KOSDAQ,분기x연결,재무제표,DS-2/DS-3,DONE,"cross-check completed for ['매출액', '영업이익']",,2026-07-07T23:29:08
지엔코,00258102,065060,KOSDAQ,분기x연결,지표,CV-6,PASS,default metric selection visible,,2026-07-07T23:29:08
지엔코,00258102,065060,KOSDAQ,분기x별도,재무제표,DS-1,PASS,,,2026-07-07T23:29:15
지엔코,00258102,065060,KOSDAQ,분기x별도,상단,DS-8,PASS,,,2026-07-07T23:29:15
지엔코,00258102,065060,KOSDAQ,분기x별도,상단,DS-7,PASS,"badges seen: ['✅', '🔎', '⚠']",,2026-07-07T23:29:15
지엔코,00258102,065060,KOSDAQ,분기x별도,재무제표,CV-3,PASS,rows=29 cols=76 slider_extended=True,,2026-07-07T23:29:15
지엔코,00258102,065060,KOSDAQ,분기x별도,재무제표,DS-2/DS-3,DONE,"cross-check completed for ['매출액', '영업이익']",,2026-07-07T23:29:15
지엔코,00258102,065060,KOSDAQ,분기x별도,지표,CV-6,PASS,default metric selection visible,,2026-07-07T23:29:15
지엘팜텍,01042359,204840,KOSDAQ,연간x연결,재무제표,DS-1,PASS,,,2026-07-07T23:29:28
지엘팜텍,01042359,204840,KOSDAQ,연간x연결,상단,DS-8,PASS,,,2026-07-07T23:29:28
지엘팜텍,01042359,204840,KOSDAQ,연간x연결,상단,DS-7,PASS,"badges seen: ['✅', '🔎', '⚠']",,2026-07-07T23:29:28
지엘팜텍,01042359,204840,KOSDAQ,연간x연결,재무제표,CV-3,PASS,rows=29 cols=12 slider_extended=True,,2026-07-07T23:29:28
지엘팜텍,01042359,204840,KOSDAQ,연간x연결,재무제표,DS-2/DS-3,DONE,"cross-check completed for ['매출액', '영업이익']",,2026-07-07T23:29:28
지엘팜텍,01042359,204840,KOSDAQ,연간x연결,지표,CV-6,PASS,default metric selection visible,,2026-07-07T23:29:28
지엘팜텍,01042359,204840,KOSDAQ,연간x별도,재무제표,DS-1,PASS,,,2026-07-07T23:29:33
지엘팜텍,01042359,204840,KOSDAQ,연간x별도,상단,DS-8,PASS,,,2026-07-07T23:29:33
지엘팜텍,01042359,204840,KOSDAQ,연간x별도,상단,DS-7,PASS,"badges seen: ['✅', '🔎', '⚠']",,2026-07-07T23:29:33
지엘팜텍,01042359,204840,KOSDAQ,연간x별도,재무제표,CV-3,PASS,rows=29 cols=14 slider_extended=True,,2026-07-07T23:29:33
지엘팜텍,01042359,204840,KOSDAQ,연간x별도,재무제표,DS-2/DS-3,DONE,"cross-check completed for ['매출액', '영업이익']",,2026-07-07T23:29:33
지엘팜텍,01042359,204840,KOSDAQ,연간x별도,지표,CV-6,PASS,default metric selection visible,,2026-07-07T23:29:33
지엘팜텍,01042359,204840,KOSDAQ,분기x연결,재무제표,DS-1,PASS,,,2026-07-07T23:29:39
지엘팜텍,01042359,204840,KOSDAQ,분기x연결,상단,DS-8,PASS,,,2026-07-07T23:29:39
지엘팜텍,01042359,204840,KOSDAQ,분기x연결,상단,DS-7,PASS,"badges seen: ['✅', '🔎', '⚠']",,2026-07-07T23:29:39
지엘팜텍,01042359,204840,KOSDAQ,분기x연결,재무제표,CV-3,PASS,rows=29 cols=40 slider_extended=True,,2026-07-07T23:29:39
지엘팜텍,01042359,204840,KOSDAQ,분기x연결,재무제표,DS-2/DS-3,DONE,"cross-check completed for ['매출액', '영업이익']",,2026-07-07T23:29:39
지엘팜텍,01042359,204840,KOSDAQ,분기x연결,지표,CV-6,PASS,default metric selection visible,,2026-07-07T23:29:39
지엘팜텍,01042359,204840,KOSDAQ,분기x별도,재무제표,DS-1,PASS,,,2026-07-07T23:29:47
지엘팜텍,01042359,204840,KOSDAQ,분기x별도,상단,DS-8,PASS,,,2026-07-07T23:29:47
지엘팜텍,01042359,204840,KOSDAQ,분기x별도,상단,DS-7,PASS,"badges seen: ['✅', '🔎', '⚠']",,2026-07-07T23:29:47
지엘팜텍,01042359,204840,KOSDAQ,분기x별도,재무제표,CV-3,PASS,rows=29 cols=48 slider_extended=True,,2026-07-07T23:29:47
지엘팜텍,01042359,204840,KOSDAQ,분기x별도,재무제표,DS-2/DS-3,DONE,"cross-check completed for ['매출액', '영업이익']",,2026-07-07T23:29:47
지엘팜텍,01042359,204840,KOSDAQ,분기x별도,지표,CV-6,PASS,default metric selection visible,,2026-07-07T23:29:47
지오엘리먼트,00668965,311320,KOSDAQ,연간x연결,재무제표,DS-1,PASS,,,2026-07-07T23:30:00
지오엘리먼트,00668965,311320,KOSDAQ,연간x연결,상단,DS-8,PASS,,,2026-07-07T23:30:00
지오엘리먼트,00668965,311320,KOSDAQ,연간x연결,상단,DS-7,PASS,"badges seen: ['✅', '🔎', '⚠']",,2026-07-07T23:30:00
지오엘리먼트,00668965,311320,KOSDAQ,연간x연결,재무제표,CV-3,PASS,rows=29 cols=6 slider_extended=True,,2026-07-07T23:30:00
지오엘리먼트,00668965,311320,KOSDAQ,연간x연결,재무제표,DS-2/DS-3,DONE,"cross-check completed for ['매출액', '영업이익']",,2026-07-07T23:30:00
지오엘리먼트,00668965,311320,KOSDAQ,연간x연결,지표,CV-6,PASS,default metric selection visible,,2026-07-07T23:30:00
지오엘리먼트,00668965,311320,KOSDAQ,연간x별도,재무제표,DS-1,PASS,,,2026-07-07T23:30:06
지오엘리먼트,00668965,311320,KOSDAQ,연간x별도,상단,DS-8,PASS,,,2026-07-07T23:30:06
지오엘리먼트,00668965,311320,KOSDAQ,연간x별도,상단,DS-7,PASS,"badges seen: ['✅', '🔎', '⚠']",,2026-07-07T23:30:06
지오엘리먼트,00668965,311320,KOSDAQ,연간x별도,재무제표,CV-3,PASS,rows=29 cols=9 slider_extended=True,,2026-07-07T23:30:06
지오엘리먼트,00668965,311320,KOSDAQ,연간x별도,재무제표,DS-2/DS-3,DONE,"cross-check completed for ['매출액', '영업이익']",,2026-07-07T23:30:06
지오엘리먼트,00668965,311320,KOSDAQ,연간x별도,지표,CV-6,PASS,default metric selection visible,,2026-07-07T23:30:06
지오엘리먼트,00668965,311320,KOSDAQ,분기x연결,재무제표,DS-1,PASS,,,2026-07-07T23:30:12
지오엘리먼트,00668965,311320,KOSDAQ,분기x연결,상단,DS-8,PASS,,,2026-07-07T23:30:12
지오엘리먼트,00668965,311320,KOSDAQ,분기x연결,상단,DS-7,PASS,"badges seen: ['✅', '🔎']",,2026-07-07T23:30:12
지오엘리먼트,00668965,311320,KOSDAQ,분기x연결,재무제표,CV-3,PASS,rows=29 cols=13 slider_extended=True,,2026-07-07T23:30:12
지오엘리먼트,00668965,311320,KOSDAQ,분기x연결,재무제표,DS-2/DS-3,DONE,"cross-check completed for ['매출액', '영업이익']",,2026-07-07T23:30:12
지오엘리먼트,00668965,311320,KOSDAQ,분기x연결,지표,CV-6,PASS,default metric selection visible,,2026-07-07T23:30:12
지오엘리먼트,00668965,311320,KOSDAQ,분기x별도,재무제표,DS-1,PASS,,,2026-07-07T23:30:19
지오엘리먼트,00668965,311320,KOSDAQ,분기x별도,상단,DS-8,PASS,,,2026-07-07T23:30:19
지오엘리먼트,00668965,311320,KOSDAQ,분기x별도,상단,DS-7,PASS,"badges seen: ['✅', '🔎']",,2026-07-07T23:30:19
지오엘리먼트,00668965,311320,KOSDAQ,분기x별도,재무제표,CV-3,PASS,rows=29 cols=24 slider_extended=True,,2026-07-07T23:30:19
지오엘리먼트,00668965,311320,KOSDAQ,분기x별도,재무제표,DS-2/DS-3,DONE,"cross-check completed for ['매출액', '영업이익']",,2026-07-07T23:30:19
지오엘리먼트,00668965,311320,KOSDAQ,분기x별도,지표,CV-6,PASS,default metric selection visible,,2026-07-07T23:30:19
지투지바이오,01577952,456160,KOSDAQ,연간x연결,재무제표,DS-1,PASS,,,2026-07-07T23:30:32
지투지바이오,01577952,456160,KOSDAQ,연간x연결,상단,DS-8,PASS,,,2026-07-07T23:30:32
지투지바이오,01577952,456160,KOSDAQ,연간x연결,상단,DS-4,PASS,substitution caption present,,2026-07-07T23:30:32
지투지바이오,01577952,456160,KOSDAQ,연간x연결,상단,DS-7,PASS,"badges seen: ['✅', '🔎', '⚠']",,2026-07-07T23:30:32
지투지바이오,01577952,456160,KOSDAQ,연간x연결,재무제표,CV-3,PASS,rows=29 cols=6 slider_extended=True,,2026-07-07T23:30:32
지투지바이오,01577952,456160,KOSDAQ,연간x연결,재무제표,DS-2/DS-3,DONE,"cross-check completed for ['매출액', '영업이익']",,2026-07-07T23:30:32
지투지바이오,01577952,456160,KOSDAQ,연간x연결,지표,CV-6,PASS,default metric selection visible,,2026-07-07T23:30:32
지투지바이오,01577952,456160,KOSDAQ,연간x별도,재무제표,DS-1,PASS,,,2026-07-07T23:30:37
지투지바이오,01577952,456160,KOSDAQ,연간x별도,상단,DS-8,PASS,,,2026-07-07T23:30:37
지투지바이오,01577952,456160,KOSDAQ,연간x별도,상단,DS-7,PASS,"badges seen: ['✅', '🔎', '⚠']",,2026-07-07T23:30:37
지투지바이오,01577952,456160,KOSDAQ,연간x별도,재무제표,CV-3,PASS,rows=29 cols=6 slider_extended=True,,2026-07-07T23:30:37
지투지바이오,01577952,456160,KOSDAQ,연간x별도,재무제표,DS-2/DS-3,DONE,"cross-check completed for ['매출액', '영업이익']",,2026-07-07T23:30:37
지투지바이오,01577952,456160,KOSDAQ,연간x별도,지표,CV-6,PASS,default metric selection visible,,2026-07-07T23:30:37
지투지바이오,01577952,456160,KOSDAQ,분기x연결,재무제표,DS-1,PASS,,,2026-07-07T23:30:43
지투지바이오,01577952,456160,KOSDAQ,분기x연결,상단,DS-8,PASS,,,2026-07-07T23:30:43
지투지바이오,01577952,456160,KOSDAQ,분기x연결,상단,DS-4,PASS,substitution caption present,,2026-07-07T23:30:43
지투지바이오,01577952,456160,KOSDAQ,분기x연결,상단,DS-7,PASS,"badges seen: ['✅', '🔎', '⚠']",,2026-07-07T23:30:43
지투지바이오,01577952,456160,KOSDAQ,분기x연결,재무제표,CV-3,PASS,rows=29 cols=12 slider_extended=True,,2026-07-07T23:30:43
지투지바이오,01577952,456160,KOSDAQ,분기x연결,재무제표,DS-2/DS-3,DONE,"cross-check completed for ['매출액', '영업이익']",,2026-07-07T23:30:43
지투지바이오,01577952,456160,KOSDAQ,분기x연결,지표,CV-6,PASS,default metric selection visible,,2026-07-07T23:30:43
지투지바이오,01577952,456160,KOSDAQ,분기x별도,재무제표,DS-1,PASS,,,2026-07-07T23:30:50
지투지바이오,01577952,456160,KOSDAQ,분기x별도,상단,DS-8,PASS,,,2026-07-07T23:30:50
지투지바이오,01577952,456160,KOSDAQ,분기x별도,상단,DS-7,PASS,"badges seen: ['✅', '🔎', '⚠']",,2026-07-07T23:30:50
지투지바이오,01577952,456160,KOSDAQ,분기x별도,재무제표,CV-3,PASS,rows=29 cols=12 slider_extended=True,,2026-07-07T23:30:50
지투지바이오,01577952,456160,KOSDAQ,분기x별도,재무제표,DS-2/DS-3,DONE,"cross-check completed for ['매출액', '영업이익']",,2026-07-07T23:30:50
지투지바이오,01577952,456160,KOSDAQ,분기x별도,지표,CV-6,PASS,default metric selection visible,,2026-07-07T23:30:50
지투파워,01462605,388050,KOSDAQ,연간x연결,재무제표,DS-1,PASS,,,2026-07-07T23:31:04
지투파워,01462605,388050,KOSDAQ,연간x연결,상단,DS-8,PASS,,,2026-07-07T23:31:04
지투파워,01462605,388050,KOSDAQ,연간x연결,상단,DS-7,PASS,"badges seen: ['✅', '🔎', '⚠']",,2026-07-07T23:31:04
지투파워,01462605,388050,KOSDAQ,연간x연결,재무제표,CV-3,PASS,rows=29 cols=7 slider_extended=True,,2026-07-07T23:31:04
지투파워,01462605,388050,KOSDAQ,연간x연결,재무제표,DS-2/DS-3,DONE,"cross-check completed for ['매출액', '영업이익']",,2026-07-07T23:31:04
지투파워,01462605,388050,KOSDAQ,연간x연결,지표,CV-6,PASS,default metric selection visible,,2026-07-07T23:31:04
지투파워,01462605,388050,KOSDAQ,연간x별도,재무제표,DS-1,PASS,,,2026-07-07T23:31:09
지투파워,01462605,388050,KOSDAQ,연간x별도,상단,DS-8,PASS,,,2026-07-07T23:31:09
지투파워,01462605,388050,KOSDAQ,연간x별도,상단,DS-7,PASS,"badges seen: ['✅', '🔎', '⚠']",,2026-07-07T23:31:09
지투파워,01462605,388050,KOSDAQ,연간x별도,재무제표,CV-3,PASS,rows=29 cols=9 slider_extended=True,,2026-07-07T23:31:09
지투파워,01462605,388050,KOSDAQ,연간x별도,재무제표,DS-2/DS-3,DONE,"cross-check completed for ['매출액', '영업이익']",,2026-07-07T23:31:09
지투파워,01462605,388050,KOSDAQ,연간x별도,지표,CV-6,PASS,default metric selection visible,,2026-07-07T23:31:09
지투파워,01462605,388050,KOSDAQ,분기x연결,재무제표,DS-1,PASS,,,2026-07-07T23:31:15
지투파워,01462605,388050,KOSDAQ,분기x연결,상단,DS-8,PASS,,,2026-07-07T23:31:15
지투파워,01462605,388050,KOSDAQ,분기x연결,상단,DS-7,PASS,"badges seen: ['✅', '🔎']",,2026-07-07T23:31:15
지투파워,01462605,388050,KOSDAQ,분기x연결,재무제표,CV-3,PASS,rows=29 cols=17 slider_extended=True,,2026-07-07T23:31:15
지투파워,01462605,388050,KOSDAQ,분기x연결,재무제표,DS-2/DS-3,DONE,"cross-check completed for ['매출액', '영업이익']",,2026-07-07T23:31:15
지투파워,01462605,388050,KOSDAQ,분기x연결,지표,CV-6,PASS,default metric selection visible,,2026-07-07T23:31:15
지투파워,01462605,388050,KOSDAQ,분기x별도,재무제표,DS-1,PASS,,,2026-07-07T23:31:22
지투파워,01462605,388050,KOSDAQ,분기x별도,상단,DS-8,PASS,,,2026-07-07T23:31:22
지투파워,01462605,388050,KOSDAQ,분기x별도,상단,DS-7,PASS,"badges seen: ['✅', '🔎']",,2026-07-07T23:31:22
지투파워,01462605,388050,KOSDAQ,분기x별도,재무제표,CV-3,PASS,rows=29 cols=24 slider_extended=True,,2026-07-07T23:31:22
지투파워,01462605,388050,KOSDAQ,분기x별도,재무제표,DS-2/DS-3,DONE,"cross-check completed for ['매출액', '영업이익']",,2026-07-07T23:31:22
지투파워,01462605,388050,KOSDAQ,분기x별도,지표,CV-6,PASS,default metric selection visible,,2026-07-07T23:31:22
진로발효,00170877,018120,KOSDAQ,연간x연결,재무제표,DS-1,PASS,,,2026-07-07T23:31:35
진로발효,00170877,018120,KOSDAQ,연간x연결,상단,DS-8,PASS,,,2026-07-07T23:31:35
진로발효,00170877,018120,KOSDAQ,연간x연결,상단,DS-7,PASS,"badges seen: ['✅', '🔎']",,2026-07-07T23:31:35
진로발효,00170877,018120,KOSDAQ,연간x연결,재무제표,CV-3,PASS,rows=29 cols=14 slider_extended=True,,2026-07-07T23:31:35
진로발효,00170877,018120,KOSDAQ,연간x연결,재무제표,DS-2/DS-3,DONE,"cross-check completed for ['매출액', '영업이익']",,2026-07-07T23:31:35
진로발효,00170877,018120,KOSDAQ,연간x연결,지표,CV-6,PASS,default metric selection visible,,2026-07-07T23:31:35
진로발효,00170877,018120,KOSDAQ,연간x별도,재무제표,DS-1,PASS,,,2026-07-07T23:31:40
진로발효,00170877,018120,KOSDAQ,연간x별도,상단,DS-8,PASS,,,2026-07-07T23:31:40
진로발효,00170877,018120,KOSDAQ,연간x별도,상단,DS-7,PASS,"badges seen: ['✅', '🔎']",,2026-07-07T23:31:40
진로발효,00170877,018120,KOSDAQ,연간x별도,재무제표,CV-3,PASS,rows=29 cols=29 slider_extended=True,,2026-07-07T23:31:40
진로발효,00170877,018120,KOSDAQ,연간x별도,재무제표,DS-2/DS-3,DONE,"cross-check completed for ['매출액', '영업이익']",,2026-07-07T23:31:40
진로발효,00170877,018120,KOSDAQ,연간x별도,지표,CV-6,PASS,default metric selection visible,,2026-07-07T23:31:40
진로발효,00170877,018120,KOSDAQ,분기x연결,재무제표,DS-1,PASS,,,2026-07-07T23:31:46
진로발효,00170877,018120,KOSDAQ,분기x연결,상단,DS-8,PASS,,,2026-07-07T23:31:46
진로발효,00170877,018120,KOSDAQ,분기x연결,상단,DS-7,PASS,"badges seen: ['✅', '🔎']",,2026-07-07T23:31:46
진로발효,00170877,018120,KOSDAQ,분기x연결,재무제표,CV-3,PASS,rows=29 cols=51 slider_extended=True,,2026-07-07T23:31:46
진로발효,00170877,018120,KOSDAQ,분기x연결,재무제표,DS-2/DS-3,DONE,"cross-check completed for ['매출액', '영업이익']",,2026-07-07T23:31:46
진로발효,00170877,018120,KOSDAQ,분기x연결,지표,CV-6,PASS,default metric selection visible,,2026-07-07T23:31:46
진로발효,00170877,018120,KOSDAQ,분기x별도,재무제표,DS-1,PASS,,,2026-07-07T23:31:54
진로발효,00170877,018120,KOSDAQ,분기x별도,상단,DS-8,PASS,,,2026-07-07T23:31:54
진로발효,00170877,018120,KOSDAQ,분기x별도,상단,DS-7,PASS,"badges seen: ['✅', '🔎']",,2026-07-07T23:31:54
진로발효,00170877,018120,KOSDAQ,분기x별도,재무제표,CV-3,PASS,rows=29 cols=87 slider_extended=True,,2026-07-07T23:31:54
진로발효,00170877,018120,KOSDAQ,분기x별도,재무제표,DS-2/DS-3,DONE,"cross-check completed for ['매출액', '영업이익']",,2026-07-07T23:31:54
진로발효,00170877,018120,KOSDAQ,분기x별도,지표,CV-6,PASS,default metric selection visible,,2026-07-07T23:31:54
진매트릭스,00552992,109820,KOSDAQ,연간x연결,재무제표,DS-1,PASS,,,2026-07-07T23:32:08
진매트릭스,00552992,109820,KOSDAQ,연간x연결,상단,DS-8,PASS,,,2026-07-07T23:32:08
진매트릭스,00552992,109820,KOSDAQ,연간x연결,상단,DS-7,PASS,"badges seen: ['✅', '🔎', '⚠']",,2026-07-07T23:32:08
진매트릭스,00552992,109820,KOSDAQ,연간x연결,재무제표,CV-3,PASS,rows=29 cols=12 slider_extended=True,,2026-07-07T23:32:08
진매트릭스,00552992,109820,KOSDAQ,연간x연결,재무제표,DS-2/DS-3,DONE,"cross-check completed for ['매출액', '영업이익']",,2026-07-07T23:32:08
진매트릭스,00552992,109820,KOSDAQ,연간x연결,지표,CV-6,PASS,default metric selection visible,,2026-07-07T23:32:08
진매트릭스,00552992,109820,KOSDAQ,연간x별도,재무제표,DS-1,PASS,,,2026-07-07T23:32:13
진매트릭스,00552992,109820,KOSDAQ,연간x별도,상단,DS-8,PASS,,,2026-07-07T23:32:13
진매트릭스,00552992,109820,KOSDAQ,연간x별도,상단,DS-7,PASS,"badges seen: ['✅', '🔎']",,2026-07-07T23:32:13
진매트릭스,00552992,109820,KOSDAQ,연간x별도,재무제표,CV-3,PASS,rows=29 cols=21 slider_extended=True,,2026-07-07T23:32:13
진매트릭스,00552992,109820,KOSDAQ,연간x별도,재무제표,DS-2/DS-3,DONE,"cross-check completed for ['매출액', '영업이익']",,2026-07-07T23:32:13
진매트릭스,00552992,109820,KOSDAQ,연간x별도,지표,CV-6,PASS,default metric selection visible,,2026-07-07T23:32:13
진매트릭스,00552992,109820,KOSDAQ,분기x연결,재무제표,DS-1,PASS,,,2026-07-07T23:32:19
진매트릭스,00552992,109820,KOSDAQ,분기x연결,상단,DS-8,PASS,,,2026-07-07T23:32:19
진매트릭스,00552992,109820,KOSDAQ,분기x연결,상단,DS-7,PASS,"badges seen: ['✅', '🔎']",,2026-07-07T23:32:19
진매트릭스,00552992,109820,KOSDAQ,분기x연결,재무제표,CV-3,PASS,rows=29 cols=37 slider_extended=True,,2026-07-07T23:32:19
진매트릭스,00552992,109820,KOSDAQ,분기x연결,재무제표,DS-2/DS-3,DONE,"cross-check completed for ['매출액', '영업이익']",,2026-07-07T23:32:19
진매트릭스,00552992,109820,KOSDAQ,분기x연결,지표,CV-6,PASS,default metric selection visible,,2026-07-07T23:32:19
진매트릭스,00552992,109820,KOSDAQ,분기x별도,재무제표,DS-1,PASS,,,2026-07-07T23:32:26
진매트릭스,00552992,109820,KOSDAQ,분기x별도,상단,DS-8,PASS,,,2026-07-07T23:32:26
진매트릭스,00552992,109820,KOSDAQ,분기x별도,상단,DS-7,PASS,"badges seen: ['✅', '🔎']",,2026-07-07T23:32:26
진매트릭스,00552992,109820,KOSDAQ,분기x별도,재무제표,CV-3,PASS,rows=29 cols=70 slider_extended=True,,2026-07-07T23:32:26
진매트릭스,00552992,109820,KOSDAQ,분기x별도,재무제표,DS-2/DS-3,DONE,"cross-check completed for ['매출액', '영업이익']",,2026-07-07T23:32:26
진매트릭스,00552992,109820,KOSDAQ,분기x별도,지표,CV-6,PASS,default metric selection visible,,2026-07-07T23:32:26
진바이오텍,00491053,086060,KOSDAQ,연간x연결,재무제표,DS-1,PASS,,,2026-07-07T23:32:39
진바이오텍,00491053,086060,KOSDAQ,연간x연결,상단,DS-8,FAIL,"header missing ['진바이오텍', '086060', 'KOSDAQ'] — header='기업 시각화'",,2026-07-07T23:32:39
진바이오텍,00491053,086060,KOSDAQ,연간x연결,상단,DS-7,PASS,"badges seen: ['✅', '🔎']",,2026-07-07T23:32:39
진바이오텍,00491053,086060,KOSDAQ,연간x연결,재무제표,CV-3,FAIL,CSV download failed: button not present in DOM,,2026-07-07T23:32:39
진바이오텍,00491053,086060,KOSDAQ,연간x연결,지표,CV-6,PASS,default metric selection visible,,2026-07-07T23:32:39
진바이오텍,00491053,086060,KOSDAQ,연간x별도,재무제표,DS-1,PASS,,,2026-07-07T23:32:45
진바이오텍,00491053,086060,KOSDAQ,연간x별도,상단,DS-8,PASS,,,2026-07-07T23:32:45
진바이오텍,00491053,086060,KOSDAQ,연간x별도,상단,DS-7,PASS,"badges seen: ['✅', '🔎', '⚠']",,2026-07-07T23:32:45
진바이오텍,00491053,086060,KOSDAQ,연간x별도,재무제표,CV-3,PASS,rows=29 cols=24 slider_extended=True,,2026-07-07T23:32:45
진바이오텍,00491053,086060,KOSDAQ,연간x별도,재무제표,DS-2/DS-3,DONE,"cross-check completed for ['매출액', '영업이익']",,2026-07-07T23:32:45
진바이오텍,00491053,086060,KOSDAQ,연간x별도,지표,CV-6,PASS,default metric selection visible,,2026-07-07T23:32:45
진바이오텍,00491053,086060,KOSDAQ,분기x연결,재무제표,DS-1,PASS,,,2026-07-07T23:32:51
진바이오텍,00491053,086060,KOSDAQ,분기x연결,상단,DS-8,PASS,,,2026-07-07T23:32:51
진바이오텍,00491053,086060,KOSDAQ,분기x연결,상단,DS-7,PASS,"badges seen: ['✅', '🔎']",,2026-07-07T23:32:51
진바이오텍,00491053,086060,KOSDAQ,분기x연결,재무제표,CV-3,PASS,rows=29 cols=60 slider_extended=True,,2026-07-07T23:32:51
진바이오텍,00491053,086060,KOSDAQ,분기x연결,재무제표,DS-2/DS-3,DONE,"cross-check completed for ['매출액', '영업이익']",,2026-07-07T23:32:51
진바이오텍,00491053,086060,KOSDAQ,분기x연결,지표,CV-6,PASS,default metric selection visible,,2026-07-07T23:32:51
진바이오텍,00491053,086060,KOSDAQ,분기x별도,재무제표,DS-1,PASS,,,2026-07-07T23:32:58
진바이오텍,00491053,086060,KOSDAQ,분기x별도,상단,DS-8,PASS,,,2026-07-07T23:32:58
진바이오텍,00491053,086060,KOSDAQ,분기x별도,상단,DS-7,PASS,"badges seen: ['✅', '🔎']",,2026-07-07T23:32:58
진바이오텍,00491053,086060,KOSDAQ,분기x별도,재무제표,CV-3,PASS,rows=29 cols=79 slider_extended=True,,2026-07-07T23:32:58
진바이오텍,00491053,086060,KOSDAQ,분기x별도,재무제표,DS-2/DS-3,DONE,"cross-check completed for ['매출액', '영업이익']",,2026-07-07T23:32:58
진바이오텍,00491053,086060,KOSDAQ,분기x별도,지표,CV-6,PASS,default metric selection visible,,2026-07-07T23:32:58
진성티이씨,00174208,036890,KOSDAQ,연간x연결,재무제표,DS-1,PASS,,,2026-07-07T23:33:12
진성티이씨,00174208,036890,KOSDAQ,연간x연결,상단,DS-8,PASS,,,2026-07-07T23:33:12
진성티이씨,00174208,036890,KOSDAQ,연간x연결,상단,DS-7,PASS,"badges seen: ['✅', '🔎']",,2026-07-07T23:33:12
진성티이씨,00174208,036890,KOSDAQ,연간x연결,재무제표,CV-3,PASS,rows=29 cols=19 slider_extended=True,,2026-07-07T23:33:12
진성티이씨,00174208,036890,KOSDAQ,연간x연결,재무제표,DS-2/DS-3,DONE,"cross-check completed for ['매출액', '영업이익']",,2026-07-07T23:33:12
진성티이씨,00174208,036890,KOSDAQ,연간x연결,지표,CV-6,PASS,default metric selection visible,,2026-07-07T23:33:12
진성티이씨,00174208,036890,KOSDAQ,연간x별도,재무제표,DS-1,PASS,,,2026-07-07T23:33:17
진성티이씨,00174208,036890,KOSDAQ,연간x별도,상단,DS-8,PASS,,,2026-07-07T23:33:17
진성티이씨,00174208,036890,KOSDAQ,연간x별도,상단,DS-7,PASS,"badges seen: ['✅', '🔎', '⚠']",,2026-07-07T23:33:17
진성티이씨,00174208,036890,KOSDAQ,연간x별도,재무제표,CV-3,PASS,rows=29 cols=26 slider_extended=True,,2026-07-07T23:33:17
진성티이씨,00174208,036890,KOSDAQ,연간x별도,재무제표,DS-2/DS-3,DONE,"cross-check completed for ['매출액', '영업이익']",,2026-07-07T23:33:17
진성티이씨,00174208,036890,KOSDAQ,연간x별도,지표,CV-6,PASS,default metric selection visible,,2026-07-07T23:33:17
진성티이씨,00174208,036890,KOSDAQ,분기x연결,재무제표,DS-1,PASS,,,2026-07-07T23:33:24
진성티이씨,00174208,036890,KOSDAQ,분기x연결,상단,DS-8,PASS,,,2026-07-07T23:33:24
진성티이씨,00174208,036890,KOSDAQ,분기x연결,상단,DS-7,PASS,"badges seen: ['✅', '🔎']",,2026-07-07T23:33:24
진성티이씨,00174208,036890,KOSDAQ,분기x연결,재무제표,CV-3,PASS,rows=29 cols=60 slider_extended=True,,2026-07-07T23:33:24
진성티이씨,00174208,036890,KOSDAQ,분기x연결,재무제표,DS-2/DS-3,DONE,"cross-check completed for ['매출액', '영업이익']",,2026-07-07T23:33:24
진성티이씨,00174208,036890,KOSDAQ,분기x연결,지표,CV-6,PASS,default metric selection visible,,2026-07-07T23:33:24
진성티이씨,00174208,036890,KOSDAQ,분기x별도,재무제표,DS-1,PASS,,,2026-07-07T23:33:31
진성티이씨,00174208,036890,KOSDAQ,분기x별도,상단,DS-8,PASS,,,2026-07-07T23:33:31
진성티이씨,00174208,036890,KOSDAQ,분기x별도,상단,DS-7,PASS,"badges seen: ['✅', '🔎']",,2026-07-07T23:33:31
진성티이씨,00174208,036890,KOSDAQ,분기x별도,재무제표,CV-3,PASS,rows=29 cols=79 slider_extended=True,,2026-07-07T23:33:31
진성티이씨,00174208,036890,KOSDAQ,분기x별도,재무제표,DS-2/DS-3,DONE,"cross-check completed for ['매출액', '영업이익']",,2026-07-07T23:33:31
진성티이씨,00174208,036890,KOSDAQ,분기x별도,지표,CV-6,PASS,default metric selection visible,,2026-07-07T23:33:31
진시스템,01437858,363250,KOSDAQ,연간x연결,재무제표,DS-1,PASS,,,2026-07-07T23:33:44
진시스템,01437858,363250,KOSDAQ,연간x연결,상단,DS-8,FAIL,"header missing ['진시스템', '363250', 'KOSDAQ'] — header='기업 시각화'",,2026-07-07T23:33:44
진시스템,01437858,363250,KOSDAQ,연간x연결,상단,DS-7,PASS,"badges seen: ['✅', '🔎']",,2026-07-07T23:33:44
진시스템,01437858,363250,KOSDAQ,연간x연결,재무제표,CV-3,PASS,rows=29 cols=7 slider_extended=False,,2026-07-07T23:33:44
진시스템,01437858,363250,KOSDAQ,연간x연결,재무제표,DS-2/DS-3,DONE,"cross-check completed for ['매출액', '영업이익']",,2026-07-07T23:33:44
진시스템,01437858,363250,KOSDAQ,연간x연결,지표,CV-6,PASS,default metric selection visible,,2026-07-07T23:33:44
진시스템,01437858,363250,KOSDAQ,연간x별도,재무제표,DS-1,PASS,,,2026-07-07T23:33:48
진시스템,01437858,363250,KOSDAQ,연간x별도,상단,DS-8,PASS,,,2026-07-07T23:33:48
진시스템,01437858,363250,KOSDAQ,연간x별도,상단,DS-7,PASS,"badges seen: ['✅', '🔎', '⚠']",,2026-07-07T23:33:48
진시스템,01437858,363250,KOSDAQ,연간x별도,재무제표,CV-3,PASS,rows=29 cols=9 slider_extended=True,,2026-07-07T23:33:48
진시스템,01437858,363250,KOSDAQ,연간x별도,재무제표,DS-2/DS-3,DONE,"cross-check completed for ['매출액', '영업이익']",,2026-07-07T23:33:48
진시스템,01437858,363250,KOSDAQ,연간x별도,지표,CV-6,PASS,default metric selection visible,,2026-07-07T23:33:48
진시스템,01437858,363250,KOSDAQ,분기x연결,재무제표,DS-1,PASS,,,2026-07-07T23:33:55
진시스템,01437858,363250,KOSDAQ,분기x연결,상단,DS-8,PASS,,,2026-07-07T23:33:55
진시스템,01437858,363250,KOSDAQ,분기x연결,상단,DS-7,PASS,"badges seen: ['✅', '🔎', '⚠']",,2026-07-07T23:33:55
진시스템,01437858,363250,KOSDAQ,분기x연결,재무제표,CV-3,PASS,rows=29 cols=16 slider_extended=True,,2026-07-07T23:33:55
진시스템,01437858,363250,KOSDAQ,분기x연결,재무제표,DS-2/DS-3,DONE,"cross-check completed for ['매출액', '영업이익']",,2026-07-07T23:33:55
진시스템,01437858,363250,KOSDAQ,분기x연결,지표,CV-6,PASS,default metric selection visible,,2026-07-07T23:33:55
진시스템,01437858,363250,KOSDAQ,분기x별도,재무제표,DS-1,PASS,,,2026-07-07T23:34:02
진시스템,01437858,363250,KOSDAQ,분기x별도,상단,DS-8,PASS,,,2026-07-07T23:34:02
진시스템,01437858,363250,KOSDAQ,분기x별도,상단,DS-7,PASS,"badges seen: ['✅', '🔎', '⚠']",,2026-07-07T23:34:02
진시스템,01437858,363250,KOSDAQ,분기x별도,재무제표,CV-3,PASS,rows=29 cols=27 slider_extended=True,,2026-07-07T23:34:02
진시스템,01437858,363250,KOSDAQ,분기x별도,재무제표,DS-2/DS-3,DONE,"cross-check completed for ['매출액', '영업이익']",,2026-07-07T23:34:02
진시스템,01437858,363250,KOSDAQ,분기x별도,지표,CV-6,PASS,default metric selection visible,,2026-07-07T23:34:02
진양제약,00150536,007370,KOSDAQ,연간x연결,재무제표,DS-1,PASS,,,2026-07-07T23:34:16
진양제약,00150536,007370,KOSDAQ,연간x연결,상단,DS-8,PASS,,,2026-07-07T23:34:16
진양제약,00150536,007370,KOSDAQ,연간x연결,상단,DS-4,PASS,substitution caption present,,2026-07-07T23:34:16
진양제약,00150536,007370,KOSDAQ,연간x연결,상단,DS-7,PASS,"badges seen: ['✅', '🔎']",,2026-07-07T23:34:16
진양제약,00150536,007370,KOSDAQ,연간x연결,재무제표,CV-3,PASS,rows=29 cols=29 slider_extended=True,,2026-07-07T23:34:16
진양제약,00150536,007370,KOSDAQ,연간x연결,재무제표,DS-2/DS-3,DONE,"cross-check completed for ['매출액', '영업이익']",,2026-07-07T23:34:16
진양제약,00150536,007370,KOSDAQ,연간x연결,지표,CV-6,PASS,default metric selection visible,,2026-07-07T23:34:16
진양제약,00150536,007370,KOSDAQ,연간x별도,재무제표,DS-1,PASS,,,2026-07-07T23:34:21
진양제약,00150536,007370,KOSDAQ,연간x별도,상단,DS-8,PASS,,,2026-07-07T23:34:21
진양제약,00150536,007370,KOSDAQ,연간x별도,상단,DS-7,PASS,"badges seen: ['✅', '🔎']",,2026-07-07T23:34:21
진양제약,00150536,007370,KOSDAQ,연간x별도,재무제표,CV-3,PASS,rows=29 cols=29 slider_extended=True,,2026-07-07T23:34:21
진양제약,00150536,007370,KOSDAQ,연간x별도,재무제표,DS-2/DS-3,DONE,"cross-check completed for ['매출액', '영업이익']",,2026-07-07T23:34:21
진양제약,00150536,007370,KOSDAQ,연간x별도,지표,CV-6,PASS,default metric selection visible,,2026-07-07T23:34:21
진양제약,00150536,007370,KOSDAQ,분기x연결,재무제표,DS-1,PASS,,,2026-07-07T23:34:27
진양제약,00150536,007370,KOSDAQ,분기x연결,상단,DS-8,PASS,,,2026-07-07T23:34:27
진양제약,00150536,007370,KOSDAQ,분기x연결,상단,DS-4,PASS,substitution caption present,,2026-07-07T23:34:27
진양제약,00150536,007370,KOSDAQ,분기x연결,상단,DS-7,PASS,"badges seen: ['✅', '🔎', '⚠']",,2026-07-07T23:34:27
진양제약,00150536,007370,KOSDAQ,분기x연결,재무제표,CV-3,PASS,rows=29 cols=84 slider_extended=True,,2026-07-07T23:34:27
진양제약,00150536,007370,KOSDAQ,분기x연결,재무제표,DS-2/DS-3,DONE,"cross-check completed for ['매출액', '영업이익']",,2026-07-07T23:34:27
진양제약,00150536,007370,KOSDAQ,분기x연결,지표,CV-6,PASS,default metric selection visible,,2026-07-07T23:34:27
진양제약,00150536,007370,KOSDAQ,분기x별도,재무제표,DS-1,PASS,,,2026-07-07T23:34:35
진양제약,00150536,007370,KOSDAQ,분기x별도,상단,DS-8,PASS,,,2026-07-07T23:34:35
진양제약,00150536,007370,KOSDAQ,분기x별도,상단,DS-7,PASS,"badges seen: ['✅', '🔎', '⚠']",,2026-07-07T23:34:35
진양제약,00150536,007370,KOSDAQ,분기x별도,재무제표,CV-3,PASS,rows=29 cols=84 slider_extended=True,,2026-07-07T23:34:35
진양제약,00150536,007370,KOSDAQ,분기x별도,재무제표,DS-2/DS-3,DONE,"cross-check completed for ['매출액', '영업이익']",,2026-07-07T23:34:35
진양제약,00150536,007370,KOSDAQ,분기x별도,지표,CV-6,PASS,default metric selection visible,,2026-07-07T23:34:35
진영,00816933,285800,KOSDAQ,연간x연결,재무제표,DS-1,PASS,,,2026-07-07T23:34:48
진영,00816933,285800,KOSDAQ,연간x연결,상단,DS-8,FAIL,"header missing ['진영', '285800', 'KOSDAQ'] — header='기업 시각화'",,2026-07-07T23:34:48
진영,00816933,285800,KOSDAQ,연간x연결,상단,DS-7,PASS,"badges seen: ['✅', '🔎']",,2026-07-07T23:34:48
진영,00816933,285800,KOSDAQ,연간x연결,재무제표,CV-3,PASS,rows=29 cols=6 slider_extended=False,,2026-07-07T23:34:48
진영,00816933,285800,KOSDAQ,연간x연결,재무제표,DS-2/DS-3,DONE,"cross-check completed for ['매출액', '영업이익']",,2026-07-07T23:34:48
진영,00816933,285800,KOSDAQ,연간x연결,지표,CV-6,PASS,default metric selection visible,,2026-07-07T23:34:48
진영,00816933,285800,KOSDAQ,연간x별도,재무제표,DS-1,PASS,,,2026-07-07T23:34:52
진영,00816933,285800,KOSDAQ,연간x별도,상단,DS-8,PASS,,,2026-07-07T23:34:52
진영,00816933,285800,KOSDAQ,연간x별도,상단,DS-7,PASS,"badges seen: ['✅', '🔎']",,2026-07-07T23:34:52
진영,00816933,285800,KOSDAQ,연간x별도,재무제표,CV-3,PASS,rows=29 cols=7 slider_extended=True,,2026-07-07T23:34:52
진영,00816933,285800,KOSDAQ,연간x별도,재무제표,DS-2/DS-3,DONE,"cross-check completed for ['매출액', '영업이익']",,2026-07-07T23:34:52
진영,00816933,285800,KOSDAQ,연간x별도,지표,CV-6,PASS,default metric selection visible,,2026-07-07T23:34:52
진영,00816933,285800,KOSDAQ,분기x연결,재무제표,DS-1,PASS,,,2026-07-07T23:34:58
진영,00816933,285800,KOSDAQ,분기x연결,상단,DS-8,PASS,,,2026-07-07T23:34:58
진영,00816933,285800,KOSDAQ,분기x연결,상단,DS-7,PASS,"badges seen: ['✅', '🔎']",,2026-07-07T23:34:58
진영,00816933,285800,KOSDAQ,분기x연결,재무제표,CV-3,PASS,rows=29 cols=12 slider_extended=True,,2026-07-07T23:34:58
진영,00816933,285800,KOSDAQ,분기x연결,재무제표,DS-2/DS-3,DONE,"cross-check completed for ['매출액', '영업이익']",,2026-07-07T23:34:58
진영,00816933,285800,KOSDAQ,분기x연결,지표,CV-6,PASS,default metric selection visible,,2026-07-07T23:34:58
진영,00816933,285800,KOSDAQ,분기x별도,재무제표,DS-1,PASS,,,2026-07-07T23:35:06
진영,00816933,285800,KOSDAQ,분기x별도,상단,DS-8,PASS,,,2026-07-07T23:35:06
진영,00816933,285800,KOSDAQ,분기x별도,상단,DS-7,PASS,"badges seen: ['✅', '🔎']",,2026-07-07T23:35:06
진영,00816933,285800,KOSDAQ,분기x별도,재무제표,CV-3,PASS,rows=29 cols=19 slider_extended=True,,2026-07-07T23:35:06
진영,00816933,285800,KOSDAQ,분기x별도,재무제표,DS-2/DS-3,DONE,"cross-check completed for ['매출액', '영업이익']",,2026-07-07T23:35:06
진영,00816933,285800,KOSDAQ,분기x별도,지표,CV-6,PASS,default metric selection visible,,2026-07-07T23:35:06
차바이오텍,00525679,085660,KOSDAQ,연간x연결,재무제표,DS-1,PASS,,,2026-07-07T23:35:19
차바이오텍,00525679,085660,KOSDAQ,연간x연결,상단,DS-8,PASS,,,2026-07-07T23:35:19
차바이오텍,00525679,085660,KOSDAQ,연간x연결,상단,DS-7,PASS,"badges seen: ['✅', '🔎']",,2026-07-07T23:35:19
차바이오텍,00525679,085660,KOSDAQ,연간x연결,재무제표,CV-3,PASS,rows=29 cols=19 slider_extended=True,,2026-07-07T23:35:19
차바이오텍,00525679,085660,KOSDAQ,연간x연결,재무제표,DS-2/DS-3,DONE,"cross-check completed for ['매출액', '영업이익']",,2026-07-07T23:35:19
차바이오텍,00525679,085660,KOSDAQ,연간x연결,지표,CV-6,PASS,default metric selection visible,,2026-07-07T23:35:19
차바이오텍,00525679,085660,KOSDAQ,연간x별도,재무제표,DS-1,PASS,,,2026-07-07T23:35:24
차바이오텍,00525679,085660,KOSDAQ,연간x별도,상단,DS-8,PASS,,,2026-07-07T23:35:24
차바이오텍,00525679,085660,KOSDAQ,연간x별도,상단,DS-7,PASS,"badges seen: ['✅', '🔎', '⚠']",,2026-07-07T23:35:24
차바이오텍,00525679,085660,KOSDAQ,연간x별도,재무제표,CV-3,PASS,rows=29 cols=25 slider_extended=True,,2026-07-07T23:35:24
차바이오텍,00525679,085660,KOSDAQ,연간x별도,재무제표,DS-2/DS-3,DONE,"cross-check completed for ['매출액', '영업이익']",,2026-07-07T23:35:24
차바이오텍,00525679,085660,KOSDAQ,연간x별도,지표,CV-6,PASS,default metric selection visible,,2026-07-07T23:35:24
차바이오텍,00525679,085660,KOSDAQ,분기x연결,재무제표,DS-1,PASS,,,2026-07-07T23:35:30
차바이오텍,00525679,085660,KOSDAQ,분기x연결,상단,DS-8,PASS,,,2026-07-07T23:35:30
차바이오텍,00525679,085660,KOSDAQ,분기x연결,상단,DS-7,PASS,"badges seen: ['✅', '🔎']",,2026-07-07T23:35:30
차바이오텍,00525679,085660,KOSDAQ,분기x연결,재무제표,CV-3,PASS,rows=29 cols=63 slider_extended=True,,2026-07-07T23:35:30
차바이오텍,00525679,085660,KOSDAQ,분기x연결,재무제표,DS-2/DS-3,DONE,"cross-check completed for ['매출액', '영업이익']",,2026-07-07T23:35:30
차바이오텍,00525679,085660,KOSDAQ,분기x연결,지표,CV-6,PASS,default metric selection visible,,2026-07-07T23:35:30
차바이오텍,00525679,085660,KOSDAQ,분기x별도,재무제표,DS-1,PASS,,,2026-07-07T23:35:38
차바이오텍,00525679,085660,KOSDAQ,분기x별도,상단,DS-8,PASS,,,2026-07-07T23:35:38
차바이오텍,00525679,085660,KOSDAQ,분기x별도,상단,DS-7,PASS,"badges seen: ['✅', '🔎', '⚠']",,2026-07-07T23:35:38
차바이오텍,00525679,085660,KOSDAQ,분기x별도,재무제표,CV-3,PASS,rows=29 cols=78 slider_extended=True,,2026-07-07T23:35:38
차바이오텍,00525679,085660,KOSDAQ,분기x별도,재무제표,DS-2/DS-3,DONE,"cross-check completed for ['매출액', '영업이익']",,2026-07-07T23:35:38
차바이오텍,00525679,085660,KOSDAQ,분기x별도,지표,CV-6,PASS,default metric selection visible,,2026-07-07T23:35:38
차이커뮤니케이션,00909835,351870,KOSDAQ,연간x연결,재무제표,DS-1,PASS,,,2026-07-07T23:35:51
차이커뮤니케이션,00909835,351870,KOSDAQ,연간x연결,상단,DS-8,FAIL,"header missing ['차이커뮤니케이션', '351870', 'KOSDAQ'] — header='기업 시각화'",,2026-07-07T23:35:51
차이커뮤니케이션,00909835,351870,KOSDAQ,연간x연결,상단,DS-7,PASS,"badges seen: ['✅', '🔎']",,2026-07-07T23:35:51
차이커뮤니케이션,00909835,351870,KOSDAQ,연간x연결,재무제표,CV-3,PASS,rows=29 cols=6 slider_extended=False,,2026-07-07T23:35:51
차이커뮤니케이션,00909835,351870,KOSDAQ,연간x연결,재무제표,DS-2/DS-3,DONE,"cross-check completed for ['매출액', '영업이익']",,2026-07-07T23:35:51
차이커뮤니케이션,00909835,351870,KOSDAQ,연간x연결,지표,CV-6,PASS,default metric selection visible,,2026-07-07T23:35:51
차이커뮤니케이션,00909835,351870,KOSDAQ,연간x별도,재무제표,DS-1,PASS,,,2026-07-07T23:35:55
차이커뮤니케이션,00909835,351870,KOSDAQ,연간x별도,상단,DS-8,PASS,,,2026-07-07T23:35:55
차이커뮤니케이션,00909835,351870,KOSDAQ,연간x별도,상단,DS-7,PASS,"badges seen: ['✅', '🔎']",,2026-07-07T23:35:55
차이커뮤니케이션,00909835,351870,KOSDAQ,연간x별도,재무제표,CV-3,PASS,rows=29 cols=6 slider_extended=True,,2026-07-07T23:35:55
차이커뮤니케이션,00909835,351870,KOSDAQ,연간x별도,재무제표,DS-2/DS-3,DONE,"cross-check completed for ['매출액', '영업이익']",,2026-07-07T23:35:55
차이커뮤니케이션,00909835,351870,KOSDAQ,연간x별도,지표,CV-6,PASS,default metric selection visible,,2026-07-07T23:35:55
차이커뮤니케이션,00909835,351870,KOSDAQ,분기x연결,재무제표,DS-1,PASS,,,2026-07-07T23:36:01
차이커뮤니케이션,00909835,351870,KOSDAQ,분기x연결,상단,DS-8,PASS,,,2026-07-07T23:36:01
차이커뮤니케이션,00909835,351870,KOSDAQ,분기x연결,상단,DS-7,PASS,"badges seen: ['✅', '🔎']",,2026-07-07T23:36:01
차이커뮤니케이션,00909835,351870,KOSDAQ,분기x연결,재무제표,CV-3,PASS,rows=29 cols=12 slider_extended=True,,2026-07-07T23:36:01
차이커뮤니케이션,00909835,351870,KOSDAQ,분기x연결,재무제표,DS-2/DS-3,DONE,"cross-check completed for ['매출액', '영업이익']",,2026-07-07T23:36:01
차이커뮤니케이션,00909835,351870,KOSDAQ,분기x연결,지표,CV-6,PASS,default metric selection visible,,2026-07-07T23:36:01
차이커뮤니케이션,00909835,351870,KOSDAQ,분기x별도,재무제표,DS-1,PASS,,,2026-07-07T23:36:09
차이커뮤니케이션,00909835,351870,KOSDAQ,분기x별도,상단,DS-8,PASS,,,2026-07-07T23:36:09
차이커뮤니케이션,00909835,351870,KOSDAQ,분기x별도,상단,DS-7,PASS,"badges seen: ['✅', '🔎']",,2026-07-07T23:36:09
차이커뮤니케이션,00909835,351870,KOSDAQ,분기x별도,재무제표,CV-3,PASS,rows=29 cols=12 slider_extended=True,,2026-07-07T23:36:09
차이커뮤니케이션,00909835,351870,KOSDAQ,분기x별도,재무제표,DS-2/DS-3,DONE,"cross-check completed for ['매출액', '영업이익']",,2026-07-07T23:36:09
차이커뮤니케이션,00909835,351870,KOSDAQ,분기x별도,지표,CV-6,PASS,default metric selection visible,,2026-07-07T23:36:09
참좋은여행,00606770,094850,KOSDAQ,연간x연결,재무제표,DS-1,PASS,,,2026-07-07T23:36:22
참좋은여행,00606770,094850,KOSDAQ,연간x연결,상단,DS-8,PASS,,,2026-07-07T23:36:22
참좋은여행,00606770,094850,KOSDAQ,연간x연결,상단,DS-7,PASS,"badges seen: ['✅', '🔎', '⚠']",,2026-07-07T23:36:22
참좋은여행,00606770,094850,KOSDAQ,연간x연결,재무제표,CV-3,PASS,rows=29 cols=5 slider_extended=True,,2026-07-07T23:36:22
참좋은여행,00606770,094850,KOSDAQ,연간x연결,재무제표,DS-2/DS-3,DONE,"cross-check completed for ['매출액', '영업이익']",,2026-07-07T23:36:22
참좋은여행,00606770,094850,KOSDAQ,연간x연결,지표,CV-6,PASS,default metric selection visible,,2026-07-07T23:36:22
참좋은여행,00606770,094850,KOSDAQ,연간x별도,재무제표,DS-1,PASS,,,2026-07-07T23:36:27
참좋은여행,00606770,094850,KOSDAQ,연간x별도,상단,DS-8,PASS,,,2026-07-07T23:36:27
참좋은여행,00606770,094850,KOSDAQ,연간x별도,상단,DS-7,PASS,"badges seen: ['✅', '🔎', '⚠']",,2026-07-07T23:36:27
참좋은여행,00606770,094850,KOSDAQ,연간x별도,재무제표,CV-3,PASS,rows=29 cols=21 slider_extended=True,,2026-07-07T23:36:27
참좋은여행,00606770,094850,KOSDAQ,연간x별도,재무제표,DS-2/DS-3,DONE,"cross-check completed for ['매출액', '영업이익']",,2026-07-07T23:36:27
참좋은여행,00606770,094850,KOSDAQ,연간x별도,지표,CV-6,PASS,default metric selection visible,,2026-07-07T23:36:27
참좋은여행,00606770,094850,KOSDAQ,분기x연결,재무제표,DS-1,PASS,,,2026-07-07T23:36:34
참좋은여행,00606770,094850,KOSDAQ,분기x연결,상단,DS-8,PASS,,,2026-07-07T23:36:34
참좋은여행,00606770,094850,KOSDAQ,분기x연결,상단,DS-7,PASS,"badges seen: ['✅', '🔎']",,2026-07-07T23:36:34
참좋은여행,00606770,094850,KOSDAQ,분기x연결,재무제표,CV-3,PASS,rows=29 cols=8 slider_extended=True,,2026-07-07T23:36:34
참좋은여행,00606770,094850,KOSDAQ,분기x연결,재무제표,DS-2/DS-3,DONE,"cross-check completed for ['매출액', '영업이익']",,2026-07-07T23:36:34
참좋은여행,00606770,094850,KOSDAQ,분기x연결,지표,CV-6,PASS,default metric selection visible,,2026-07-07T23:36:34
참좋은여행,00606770,094850,KOSDAQ,분기x별도,재무제표,DS-1,PASS,,,2026-07-07T23:36:41
참좋은여행,00606770,094850,KOSDAQ,분기x별도,상단,DS-8,PASS,,,2026-07-07T23:36:41
참좋은여행,00606770,094850,KOSDAQ,분기x별도,상단,DS-7,PASS,"badges seen: ['✅', '🔎', '⚠']",,2026-07-07T23:36:41
참좋은여행,00606770,094850,KOSDAQ,분기x별도,재무제표,CV-3,PASS,rows=29 cols=73 slider_extended=True,,2026-07-07T23:36:41
참좋은여행,00606770,094850,KOSDAQ,분기x별도,재무제표,DS-2/DS-3,DONE,"cross-check completed for ['매출액', '영업이익']",,2026-07-07T23:36:41
참좋은여행,00606770,094850,KOSDAQ,분기x별도,지표,CV-6,PASS,default metric selection visible,,2026-07-07T23:36:41
창해에탄올,00123523,004650,KOSDAQ,연간x연결,재무제표,DS-1,PASS,,,2026-07-07T23:36:54
창해에탄올,00123523,004650,KOSDAQ,연간x연결,상단,DS-8,PASS,,,2026-07-07T23:36:54
창해에탄올,00123523,004650,KOSDAQ,연간x연결,상단,DS-7,PASS,"badges seen: ['✅', '🔎']",,2026-07-07T23:36:54
창해에탄올,00123523,004650,KOSDAQ,연간x연결,재무제표,CV-3,PASS,rows=29 cols=16 slider_extended=True,,2026-07-07T23:36:54
창해에탄올,00123523,004650,KOSDAQ,연간x연결,재무제표,DS-2/DS-3,DONE,"cross-check completed for ['매출액', '영업이익']",,2026-07-07T23:36:54
창해에탄올,00123523,004650,KOSDAQ,연간x연결,지표,CV-6,PASS,default metric selection visible,,2026-07-07T23:36:54
창해에탄올,00123523,004650,KOSDAQ,연간x별도,재무제표,DS-1,PASS,,,2026-07-07T23:36:59
창해에탄올,00123523,004650,KOSDAQ,연간x별도,상단,DS-8,PASS,,,2026-07-07T23:36:59
창해에탄올,00123523,004650,KOSDAQ,연간x별도,상단,DS-7,PASS,"badges seen: ['✅', '🔎', '⚠']",,2026-07-07T23:36:59
창해에탄올,00123523,004650,KOSDAQ,연간x별도,재무제표,CV-3,PASS,rows=29 cols=16 slider_extended=True,,2026-07-07T23:36:59
창해에탄올,00123523,004650,KOSDAQ,연간x별도,재무제표,DS-2/DS-3,DONE,"cross-check completed for ['매출액', '영업이익']",,2026-07-07T23:36:59
창해에탄올,00123523,004650,KOSDAQ,연간x별도,지표,CV-6,PASS,default metric selection visible,,2026-07-07T23:36:59
창해에탄올,00123523,004650,KOSDAQ,분기x연결,재무제표,DS-1,PASS,,,2026-07-07T23:37:06
창해에탄올,00123523,004650,KOSDAQ,분기x연결,상단,DS-8,PASS,,,2026-07-07T23:37:06
창해에탄올,00123523,004650,KOSDAQ,분기x연결,상단,DS-7,PASS,"badges seen: ['✅', '🔎']",,2026-07-07T23:37:06
창해에탄올,00123523,004650,KOSDAQ,분기x연결,재무제표,CV-3,PASS,rows=29 cols=54 slider_extended=True,,2026-07-07T23:37:06
창해에탄올,00123523,004650,KOSDAQ,분기x연결,재무제표,DS-2/DS-3,DONE,"cross-check completed for ['매출액', '영업이익']",,2026-07-07T23:37:06
창해에탄올,00123523,004650,KOSDAQ,분기x연결,지표,CV-6,PASS,default metric selection visible,,2026-07-07T23:37:06
창해에탄올,00123523,004650,KOSDAQ,분기x별도,재무제표,DS-1,PASS,,,2026-07-07T23:37:13
창해에탄올,00123523,004650,KOSDAQ,분기x별도,상단,DS-8,PASS,,,2026-07-07T23:37:13
창해에탄올,00123523,004650,KOSDAQ,분기x별도,상단,DS-7,PASS,"badges seen: ['✅', '🔎']",,2026-07-07T23:37:13
창해에탄올,00123523,004650,KOSDAQ,분기x별도,재무제표,CV-3,PASS,rows=29 cols=54 slider_extended=True,,2026-07-07T23:37:13
창해에탄올,00123523,004650,KOSDAQ,분기x별도,재무제표,DS-2/DS-3,DONE,"cross-check completed for ['매출액', '영업이익']",,2026-07-07T23:37:13
창해에탄올,00123523,004650,KOSDAQ,분기x별도,지표,CV-6,PASS,default metric selection visible,,2026-07-07T23:37:13
채비,01279698,0011T0,KOSDAQ,연간x연결,재무제표,DS-1,PASS,,,2026-07-07T23:37:26
채비,01279698,0011T0,KOSDAQ,연간x연결,재무제표,DS-1/NA,NA,"std_financials_v2/calendar_financials 데이터 0건 (데이터결함, 앱버그 아님) — 앱이 경고문구를 정상 표시하고 탭 자체를 렌더하지 않음",,2026-07-07T23:37:26
채비,01279698,0011T0,KOSDAQ,연간x별도,재무제표,DS-1,PASS,,,2026-07-07T23:37:27
채비,01279698,0011T0,KOSDAQ,연간x별도,재무제표,DS-1/NA,NA,"std_financials_v2/calendar_financials 데이터 0건 (데이터결함, 앱버그 아님) — 앱이 경고문구를 정상 표시하고 탭 자체를 렌더하지 않음",,2026-07-07T23:37:27
채비,01279698,0011T0,KOSDAQ,분기x연결,재무제표,DS-1,PASS,,,2026-07-07T23:37:28
채비,01279698,0011T0,KOSDAQ,분기x연결,상단,DS-8,PASS,,,2026-07-07T23:37:28
채비,01279698,0011T0,KOSDAQ,분기x연결,상단,DS-7,PASS,"badges seen: ['✅', '🔎']",,2026-07-07T23:37:28
채비,01279698,0011T0,KOSDAQ,분기x연결,재무제표,CV-3,PASS,rows=29 cols=4 slider_extended=True,,2026-07-07T23:37:28
채비,01279698,0011T0,KOSDAQ,분기x연결,재무제표,DS-2/DS-3,DONE,"cross-check completed for ['매출액', '영업이익']",,2026-07-07T23:37:28
채비,01279698,0011T0,KOSDAQ,분기x연결,지표,CV-6,PASS,default metric selection visible,,2026-07-07T23:37:28
채비,01279698,0011T0,KOSDAQ,분기x별도,재무제표,DS-1,PASS,,,2026-07-07T23:37:37
채비,01279698,0011T0,KOSDAQ,분기x별도,상단,DS-8,PASS,,,2026-07-07T23:37:37
채비,01279698,0011T0,KOSDAQ,분기x별도,상단,DS-7,PASS,"badges seen: ['✅', '🔎']",,2026-07-07T23:37:37
채비,01279698,0011T0,KOSDAQ,분기x별도,재무제표,CV-3,PASS,rows=29 cols=4 slider_extended=True,,2026-07-07T23:37:37
채비,01279698,0011T0,KOSDAQ,분기x별도,재무제표,DS-2/DS-3,DONE,"cross-check completed for ['매출액', '영업이익']",,2026-07-07T23:37:37
채비,01279698,0011T0,KOSDAQ,분기x별도,지표,CV-6,PASS,default metric selection visible,,2026-07-07T23:37:37
천보,00897752,278280,KOSDAQ,연간x연결,재무제표,DS-1,PASS,,,2026-07-07T23:37:51
천보,00897752,278280,KOSDAQ,연간x연결,상단,DS-8,PASS,,,2026-07-07T23:37:51
천보,00897752,278280,KOSDAQ,연간x연결,상단,DS-7,PASS,"badges seen: ['✅', '🔎']",,2026-07-07T23:37:51
천보,00897752,278280,KOSDAQ,연간x연결,재무제표,CV-3,PASS,rows=29 cols=12 slider_extended=True,,2026-07-07T23:37:51
천보,00897752,278280,KOSDAQ,연간x연결,재무제표,DS-2/DS-3,DONE,"cross-check completed for ['매출액', '영업이익']",,2026-07-07T23:37:51
천보,00897752,278280,KOSDAQ,연간x연결,지표,CV-6,PASS,default metric selection visible,,2026-07-07T23:37:51
천보,00897752,278280,KOSDAQ,연간x별도,재무제표,DS-1,PASS,,,2026-07-07T23:37:56
천보,00897752,278280,KOSDAQ,연간x별도,상단,DS-8,PASS,,,2026-07-07T23:37:56
천보,00897752,278280,KOSDAQ,연간x별도,상단,DS-7,PASS,"badges seen: ['✅', '🔎']",,2026-07-07T23:37:56
천보,00897752,278280,KOSDAQ,연간x별도,재무제표,CV-3,PASS,rows=29 cols=12 slider_extended=True,,2026-07-07T23:37:56
천보,00897752,278280,KOSDAQ,연간x별도,재무제표,DS-2/DS-3,DONE,"cross-check completed for ['매출액', '영업이익']",,2026-07-07T23:37:56
천보,00897752,278280,KOSDAQ,연간x별도,지표,CV-6,PASS,default metric selection visible,,2026-07-07T23:37:56
천보,00897752,278280,KOSDAQ,분기x연결,재무제표,DS-1,PASS,,,2026-07-07T23:38:02
천보,00897752,278280,KOSDAQ,분기x연결,상단,DS-8,PASS,,,2026-07-07T23:38:02
천보,00897752,278280,KOSDAQ,분기x연결,상단,DS-7,PASS,"badges seen: ['✅', '🔎']",,2026-07-07T23:38:02
천보,00897752,278280,KOSDAQ,분기x연결,재무제표,CV-3,PASS,rows=29 cols=36 slider_extended=True,,2026-07-07T23:38:02
천보,00897752,278280,KOSDAQ,분기x연결,재무제표,DS-2/DS-3,DONE,"cross-check completed for ['매출액', '영업이익']",,2026-07-07T23:38:02
천보,00897752,278280,KOSDAQ,분기x연결,지표,CV-6,PASS,default metric selection visible,,2026-07-07T23:38:02
천보,00897752,278280,KOSDAQ,분기x별도,재무제표,DS-1,PASS,,,2026-07-07T23:38:10
천보,00897752,278280,KOSDAQ,분기x별도,상단,DS-8,PASS,,,2026-07-07T23:38:10
천보,00897752,278280,KOSDAQ,분기x별도,상단,DS-7,PASS,"badges seen: ['✅', '🔎', '⚠']",,2026-07-07T23:38:10
천보,00897752,278280,KOSDAQ,분기x별도,재무제표,CV-3,PASS,rows=29 cols=36 slider_extended=True,,2026-07-07T23:38:10
천보,00897752,278280,KOSDAQ,분기x별도,재무제표,DS-2/DS-3,DONE,"cross-check completed for ['매출액', '영업이익']",,2026-07-07T23:38:10
천보,00897752,278280,KOSDAQ,분기x별도,지표,CV-6,PASS,default metric selection visible,,2026-07-07T23:38:10
청담글로벌,01534577,362320,KOSDAQ,연간x연결,재무제표,DS-1,PASS,,,2026-07-07T23:38:23
청담글로벌,01534577,362320,KOSDAQ,연간x연결,상단,DS-8,PASS,,,2026-07-07T23:38:23
청담글로벌,01534577,362320,KOSDAQ,연간x연결,상단,DS-7,PASS,"badges seen: ['✅', '🔎']",,2026-07-07T23:38:23
청담글로벌,01534577,362320,KOSDAQ,연간x연결,재무제표,CV-3,PASS,rows=29 cols=8 slider_extended=True,,2026-07-07T23:38:23
청담글로벌,01534577,362320,KOSDAQ,연간x연결,재무제표,DS-2/DS-3,DONE,"cross-check completed for ['매출액', '영업이익']",,2026-07-07T23:38:23
청담글로벌,01534577,362320,KOSDAQ,연간x연결,지표,CV-6,PASS,default metric selection visible,,2026-07-07T23:38:23
청담글로벌,01534577,362320,KOSDAQ,연간x별도,재무제표,DS-1,PASS,,,2026-07-07T23:38:30
청담글로벌,01534577,362320,KOSDAQ,연간x별도,상단,DS-8,PASS,,,2026-07-07T23:38:30
청담글로벌,01534577,362320,KOSDAQ,연간x별도,상단,DS-7,PASS,"badges seen: ['✅', '🔎']",,2026-07-07T23:38:30
청담글로벌,01534577,362320,KOSDAQ,연간x별도,재무제표,CV-3,PASS,rows=29 cols=8 slider_extended=True,,2026-07-07T23:38:30
청담글로벌,01534577,362320,KOSDAQ,연간x별도,재무제표,DS-2/DS-3,DONE,"cross-check completed for ['매출액', '영업이익']",,2026-07-07T23:38:30
청담글로벌,01534577,362320,KOSDAQ,연간x별도,지표,CV-6,PASS,default metric selection visible,,2026-07-07T23:38:30
청담글로벌,01534577,362320,KOSDAQ,분기x연결,재무제표,DS-1,PASS,,,2026-07-07T23:38:37
청담글로벌,01534577,362320,KOSDAQ,분기x연결,상단,DS-8,PASS,,,2026-07-07T23:38:37
청담글로벌,01534577,362320,KOSDAQ,분기x연결,상단,DS-7,PASS,"badges seen: ['✅', '🔎', '⚠']",,2026-07-07T23:38:37
청담글로벌,01534577,362320,KOSDAQ,분기x연결,재무제표,CV-3,PASS,rows=29 cols=23 slider_extended=True,,2026-07-07T23:38:37
청담글로벌,01534577,362320,KOSDAQ,분기x연결,재무제표,DS-2/DS-3,DONE,"cross-check completed for ['매출액', '영업이익']",,2026-07-07T23:38:37
청담글로벌,01534577,362320,KOSDAQ,분기x연결,지표,CV-6,PASS,default metric selection visible,,2026-07-07T23:38:37
청담글로벌,01534577,362320,KOSDAQ,분기x별도,재무제표,DS-1,PASS,,,2026-07-07T23:38:44
청담글로벌,01534577,362320,KOSDAQ,분기x별도,상단,DS-8,PASS,,,2026-07-07T23:38:44
청담글로벌,01534577,362320,KOSDAQ,분기x별도,상단,DS-7,PASS,"badges seen: ['✅', '🔎']",,2026-07-07T23:38:44
청담글로벌,01534577,362320,KOSDAQ,분기x별도,재무제표,CV-3,PASS,rows=29 cols=23 slider_extended=True,,2026-07-07T23:38:44
청담글로벌,01534577,362320,KOSDAQ,분기x별도,재무제표,DS-2/DS-3,DONE,"cross-check completed for ['매출액', '영업이익']",,2026-07-07T23:38:44
청담글로벌,01534577,362320,KOSDAQ,분기x별도,지표,CV-6,PASS,default metric selection visible,,2026-07-07T23:38:44
청보,00151605,013720,KOSDAQ,연간x연결,재무제표,DS-1,PASS,,,2026-07-07T23:38:58
청보,00151605,013720,KOSDAQ,연간x연결,상단,DS-8,PASS,,,2026-07-07T23:38:58
청보,00151605,013720,KOSDAQ,연간x연결,상단,DS-7,PASS,"badges seen: ['✅', '🔎', '⚠']",,2026-07-07T23:38:58
청보,00151605,013720,KOSDAQ,연간x연결,재무제표,CV-3,PASS,rows=29 cols=9 slider_extended=True,,2026-07-07T23:38:58
청보,00151605,013720,KOSDAQ,연간x연결,재무제표,DS-2/DS-3,DONE,"cross-check completed for ['매출액', '영업이익']",,2026-07-07T23:38:58
청보,00151605,013720,KOSDAQ,연간x연결,지표,CV-6,PASS,default metric selection visible,,2026-07-07T23:38:58
청보,00151605,013720,KOSDAQ,연간x별도,재무제표,DS-1,PASS,,,2026-07-07T23:39:03
청보,00151605,013720,KOSDAQ,연간x별도,상단,DS-8,PASS,,,2026-07-07T23:39:03
청보,00151605,013720,KOSDAQ,연간x별도,상단,DS-7,PASS,"badges seen: ['✅', '🔎', '⚠']",,2026-07-07T23:39:03
청보,00151605,013720,KOSDAQ,연간x별도,재무제표,CV-3,PASS,rows=29 cols=26 slider_extended=True,,2026-07-07T23:39:03
청보,00151605,013720,KOSDAQ,연간x별도,재무제표,DS-2/DS-3,DONE,"cross-check completed for ['매출액', '영업이익']",,2026-07-07T23:39:03
청보,00151605,013720,KOSDAQ,연간x별도,지표,CV-6,PASS,default metric selection visible,,2026-07-07T23:39:03
청보,00151605,013720,KOSDAQ,분기x연결,재무제표,DS-1,PASS,,,2026-07-07T23:39:09
청보,00151605,013720,KOSDAQ,분기x연결,상단,DS-8,PASS,,,2026-07-07T23:39:09
청보,00151605,013720,KOSDAQ,분기x연결,상단,DS-7,PASS,"badges seen: ['✅', '🔎', '⚠']",,2026-07-07T23:39:09
청보,00151605,013720,KOSDAQ,분기x연결,재무제표,CV-3,PASS,rows=29 cols=27 slider_extended=True,,2026-07-07T23:39:09
청보,00151605,013720,KOSDAQ,분기x연결,재무제표,DS-2/DS-3,DONE,"cross-check completed for ['매출액', '영업이익']",,2026-07-07T23:39:09
청보,00151605,013720,KOSDAQ,분기x연결,지표,CV-6,PASS,default metric selection visible,,2026-07-07T23:39:09
청보,00151605,013720,KOSDAQ,분기x별도,재무제표,DS-1,PASS,,,2026-07-07T23:39:16
청보,00151605,013720,KOSDAQ,분기x별도,상단,DS-8,PASS,,,2026-07-07T23:39:16
청보,00151605,013720,KOSDAQ,분기x별도,상단,DS-7,PASS,"badges seen: ['✅', '🔎', '⚠']",,2026-07-07T23:39:16
청보,00151605,013720,KOSDAQ,분기x별도,재무제표,CV-3,PASS,rows=29 cols=82 slider_extended=True,,2026-07-07T23:39:16
청보,00151605,013720,KOSDAQ,분기x별도,재무제표,DS-2/DS-3,DONE,"cross-check completed for ['매출액', '영업이익']",,2026-07-07T23:39:16
청보,00151605,013720,KOSDAQ,분기x별도,지표,CV-6,PASS,default metric selection visible,,2026-07-07T23:39:16
체리부로,00216434,066360,KOSDAQ,연간x연결,재무제표,DS-1,PASS,,,2026-07-07T23:39:30
체리부로,00216434,066360,KOSDAQ,연간x연결,상단,DS-8,PASS,,,2026-07-07T23:39:30
체리부로,00216434,066360,KOSDAQ,연간x연결,상단,DS-7,PASS,"badges seen: ['✅', '🔎', '⚠']",,2026-07-07T23:39:30
체리부로,00216434,066360,KOSDAQ,연간x연결,재무제표,CV-3,PASS,rows=29 cols=13 slider_extended=True,,2026-07-07T23:39:30
체리부로,00216434,066360,KOSDAQ,연간x연결,재무제표,DS-2/DS-3,DONE,"cross-check completed for ['매출액', '영업이익']",,2026-07-07T23:39:30
체리부로,00216434,066360,KOSDAQ,연간x연결,지표,CV-6,PASS,default metric selection visible,,2026-07-07T23:39:30
체리부로,00216434,066360,KOSDAQ,연간x별도,재무제표,DS-1,PASS,,,2026-07-07T23:39:35
체리부로,00216434,066360,KOSDAQ,연간x별도,상단,DS-8,PASS,,,2026-07-07T23:39:35
체리부로,00216434,066360,KOSDAQ,연간x별도,상단,DS-7,PASS,"badges seen: ['✅', '🔎']",,2026-07-07T23:39:35
체리부로,00216434,066360,KOSDAQ,연간x별도,재무제표,CV-3,PASS,rows=29 cols=13 slider_extended=True,,2026-07-07T23:39:35
체리부로,00216434,066360,KOSDAQ,연간x별도,재무제표,DS-2/DS-3,DONE,"cross-check completed for ['매출액', '영업이익']",,2026-07-07T23:39:35
체리부로,00216434,066360,KOSDAQ,연간x별도,지표,CV-6,PASS,default metric selection visible,,2026-07-07T23:39:35
체리부로,00216434,066360,KOSDAQ,분기x연결,재무제표,DS-1,PASS,,,2026-07-07T23:39:42
체리부로,00216434,066360,KOSDAQ,분기x연결,상단,DS-8,PASS,,,2026-07-07T23:39:42
체리부로,00216434,066360,KOSDAQ,분기x연결,상단,DS-7,PASS,"badges seen: ['✅', '🔎']",,2026-07-07T23:39:42
체리부로,00216434,066360,KOSDAQ,분기x연결,재무제표,CV-3,PASS,rows=29 cols=40 slider_extended=True,,2026-07-07T23:39:42
체리부로,00216434,066360,KOSDAQ,분기x연결,재무제표,DS-2/DS-3,DONE,"cross-check completed for ['매출액', '영업이익']",,2026-07-07T23:39:42
체리부로,00216434,066360,KOSDAQ,분기x연결,지표,CV-6,PASS,default metric selection visible,,2026-07-07T23:39:42
체리부로,00216434,066360,KOSDAQ,분기x별도,재무제표,DS-1,PASS,,,2026-07-07T23:39:49
체리부로,00216434,066360,KOSDAQ,분기x별도,상단,DS-8,PASS,,,2026-07-07T23:39:49
체리부로,00216434,066360,KOSDAQ,분기x별도,상단,DS-7,PASS,"badges seen: ['✅', '🔎']",,2026-07-07T23:39:49
체리부로,00216434,066360,KOSDAQ,분기x별도,재무제표,CV-3,PASS,rows=29 cols=40 slider_extended=True,,2026-07-07T23:39:49
체리부로,00216434,066360,KOSDAQ,분기x별도,재무제표,DS-2/DS-3,DONE,"cross-check completed for ['매출액', '영업이익']",,2026-07-07T23:39:49
체리부로,00216434,066360,KOSDAQ,분기x별도,지표,CV-6,PASS,default metric selection visible,,2026-07-07T23:39:49
초록뱀미디어,00299464,047820,KOSDAQ,연간x연결,재무제표,DS-1,PASS,,,2026-07-07T23:40:02
초록뱀미디어,00299464,047820,KOSDAQ,연간x연결,상단,DS-8,FAIL,"header missing ['초록뱀미디어', '047820', 'KOSDAQ'] — header='기업 시각화'",,2026-07-07T23:40:02
초록뱀미디어,00299464,047820,KOSDAQ,연간x연결,상단,DS-7,PASS,"badges seen: ['✅', '🔎']",,2026-07-07T23:40:02
초록뱀미디어,00299464,047820,KOSDAQ,연간x연결,재무제표,CV-3,PASS,rows=29 cols=12 slider_extended=False,,2026-07-07T23:40:02
초록뱀미디어,00299464,047820,KOSDAQ,연간x연결,재무제표,DS-2/DS-3,DONE,"cross-check completed for ['매출액', '영업이익']",,2026-07-07T23:40:02
초록뱀미디어,00299464,047820,KOSDAQ,연간x연결,지표,CV-6,PASS,default metric selection visible,,2026-07-07T23:40:02
초록뱀미디어,00299464,047820,KOSDAQ,연간x별도,재무제표,DS-1,PASS,,,2026-07-07T23:40:06
초록뱀미디어,00299464,047820,KOSDAQ,연간x별도,상단,DS-8,PASS,,,2026-07-07T23:40:06
초록뱀미디어,00299464,047820,KOSDAQ,연간x별도,상단,DS-7,PASS,"badges seen: ['✅', '🔎']",,2026-07-07T23:40:06
초록뱀미디어,00299464,047820,KOSDAQ,연간x별도,재무제표,CV-3,PASS,rows=29 cols=26 slider_extended=True,,2026-07-07T23:40:06
초록뱀미디어,00299464,047820,KOSDAQ,연간x별도,재무제표,DS-2/DS-3,DONE,"cross-check completed for ['매출액', '영업이익']",,2026-07-07T23:40:06
초록뱀미디어,00299464,047820,KOSDAQ,연간x별도,지표,CV-6,PASS,default metric selection visible,,2026-07-07T23:40:06
초록뱀미디어,00299464,047820,KOSDAQ,분기x연결,재무제표,DS-1,PASS,,,2026-07-07T23:40:13
초록뱀미디어,00299464,047820,KOSDAQ,분기x연결,상단,DS-8,PASS,,,2026-07-07T23:40:13
초록뱀미디어,00299464,047820,KOSDAQ,분기x연결,상단,DS-7,PASS,"badges seen: ['✅', '🔎', '⚠']",,2026-07-07T23:40:13
초록뱀미디어,00299464,047820,KOSDAQ,분기x연결,재무제표,CV-3,PASS,rows=29 cols=60 slider_extended=True,,2026-07-07T23:40:13
초록뱀미디어,00299464,047820,KOSDAQ,분기x연결,재무제표,DS-2/DS-3,DONE,"cross-check completed for ['매출액', '영업이익']",,2026-07-07T23:40:13
초록뱀미디어,00299464,047820,KOSDAQ,분기x연결,지표,CV-6,PASS,default metric selection visible,,2026-07-07T23:40:13
초록뱀미디어,00299464,047820,KOSDAQ,분기x별도,재무제표,DS-1,PASS,,,2026-07-07T23:40:20
초록뱀미디어,00299464,047820,KOSDAQ,분기x별도,상단,DS-8,PASS,,,2026-07-07T23:40:20
초록뱀미디어,00299464,047820,KOSDAQ,분기x별도,상단,DS-7,PASS,"badges seen: ['✅', '🔎']",,2026-07-07T23:40:20
초록뱀미디어,00299464,047820,KOSDAQ,분기x별도,재무제표,CV-3,PASS,rows=29 cols=80 slider_extended=True,,2026-07-07T23:40:20
초록뱀미디어,00299464,047820,KOSDAQ,분기x별도,재무제표,DS-2/DS-3,DONE,"cross-check completed for ['매출액', '영업이익']",,2026-07-07T23:40:20
초록뱀미디어,00299464,047820,KOSDAQ,분기x별도,지표,CV-6,PASS,default metric selection visible,,2026-07-07T23:40:20
칩스앤미디어,00579971,094360,KOSDAQ,연간x연결,재무제표,DS-1,PASS,,,2026-07-07T23:40:34
칩스앤미디어,00579971,094360,KOSDAQ,연간x연결,상단,DS-8,PASS,,,2026-07-07T23:40:34
칩스앤미디어,00579971,094360,KOSDAQ,연간x연결,상단,DS-7,PASS,"badges seen: ['✅', '🔎']",,2026-07-07T23:40:34
칩스앤미디어,00579971,094360,KOSDAQ,연간x연결,재무제표,CV-3,PASS,rows=29 cols=17 slider_extended=True,,2026-07-07T23:40:34
칩스앤미디어,00579971,094360,KOSDAQ,연간x연결,재무제표,DS-2/DS-3,DONE,"cross-check completed for ['매출액', '영업이익']",,2026-07-07T23:40:34
칩스앤미디어,00579971,094360,KOSDAQ,연간x연결,지표,CV-6,PASS,default metric selection visible,,2026-07-07T23:40:34
칩스앤미디어,00579971,094360,KOSDAQ,연간x별도,재무제표,DS-1,PASS,,,2026-07-07T23:40:39
칩스앤미디어,00579971,094360,KOSDAQ,연간x별도,상단,DS-8,PASS,,,2026-07-07T23:40:39
칩스앤미디어,00579971,094360,KOSDAQ,연간x별도,상단,DS-7,PASS,"badges seen: ['✅', '🔎']",,2026-07-07T23:40:39
칩스앤미디어,00579971,094360,KOSDAQ,연간x별도,재무제표,CV-3,PASS,rows=29 cols=17 slider_extended=True,,2026-07-07T23:40:39
칩스앤미디어,00579971,094360,KOSDAQ,연간x별도,재무제표,DS-2/DS-3,DONE,"cross-check completed for ['매출액', '영업이익']",,2026-07-07T23:40:39
칩스앤미디어,00579971,094360,KOSDAQ,연간x별도,지표,CV-6,PASS,default metric selection visible,,2026-07-07T23:40:39
칩스앤미디어,00579971,094360,KOSDAQ,분기x연결,재무제표,DS-1,PASS,,,2026-07-07T23:40:46
칩스앤미디어,00579971,094360,KOSDAQ,분기x연결,상단,DS-8,PASS,,,2026-07-07T23:40:46
칩스앤미디어,00579971,094360,KOSDAQ,분기x연결,상단,DS-7,PASS,"badges seen: ['✅', '🔎']",,2026-07-07T23:40:46
칩스앤미디어,00579971,094360,KOSDAQ,분기x연결,재무제표,CV-3,PASS,rows=29 cols=51 slider_extended=True,,2026-07-07T23:40:46
칩스앤미디어,00579971,094360,KOSDAQ,분기x연결,재무제표,DS-2/DS-3,DONE,"cross-check completed for ['매출액', '영업이익']",,2026-07-07T23:40:46
칩스앤미디어,00579971,094360,KOSDAQ,분기x연결,지표,CV-6,PASS,default metric selection visible,,2026-07-07T23:40:46
칩스앤미디어,00579971,094360,KOSDAQ,분기x별도,재무제표,DS-1,PASS,,,2026-07-07T23:40:53
칩스앤미디어,00579971,094360,KOSDAQ,분기x별도,상단,DS-8,PASS,,,2026-07-07T23:40:53
칩스앤미디어,00579971,094360,KOSDAQ,분기x별도,상단,DS-7,PASS,"badges seen: ['✅', '🔎']",,2026-07-07T23:40:53
칩스앤미디어,00579971,094360,KOSDAQ,분기x별도,재무제표,CV-3,PASS,rows=29 cols=51 slider_extended=True,,2026-07-07T23:40:53
칩스앤미디어,00579971,094360,KOSDAQ,분기x별도,재무제표,DS-2/DS-3,DONE,"cross-check completed for ['매출액', '영업이익']",,2026-07-07T23:40:53
칩스앤미디어,00579971,094360,KOSDAQ,분기x별도,지표,CV-6,PASS,default metric selection visible,,2026-07-07T23:40:53
카나프테라퓨틱스,01782183,0082N0,KOSDAQ,연간x연결,재무제표,DS-1,PASS,,,2026-07-07T23:41:07
카나프테라퓨틱스,01782183,0082N0,KOSDAQ,연간x연결,상단,DS-8,PASS,,,2026-07-07T23:41:07
카나프테라퓨틱스,01782183,0082N0,KOSDAQ,연간x연결,상단,DS-4,PASS,substitution caption present,,2026-07-07T23:41:07
카나프테라퓨틱스,01782183,0082N0,KOSDAQ,연간x연결,상단,DS-7,PASS,"badges seen: ['✅', '🔎', '⚠']",,2026-07-07T23:41:07
카나프테라퓨틱스,01782183,0082N0,KOSDAQ,연간x연결,재무제표,CV-3,PASS,rows=29 cols=5 slider_extended=True,,2026-07-07T23:41:07
카나프테라퓨틱스,01782183,0082N0,KOSDAQ,연간x연결,재무제표,DS-2/DS-3,DONE,"cross-check completed for ['매출액', '영업이익']",,2026-07-07T23:41:07
카나프테라퓨틱스,01782183,0082N0,KOSDAQ,연간x연결,지표,CV-6,PASS,default metric selection visible,,2026-07-07T23:41:07
카나프테라퓨틱스,01782183,0082N0,KOSDAQ,연간x별도,재무제표,DS-1,PASS,,,2026-07-07T23:41:12
카나프테라퓨틱스,01782183,0082N0,KOSDAQ,연간x별도,상단,DS-8,PASS,,,2026-07-07T23:41:12
카나프테라퓨틱스,01782183,0082N0,KOSDAQ,연간x별도,상단,DS-7,PASS,"badges seen: ['✅', '🔎', '⚠']",,2026-07-07T23:41:12
카나프테라퓨틱스,01782183,0082N0,KOSDAQ,연간x별도,재무제표,CV-3,PASS,rows=29 cols=5 slider_extended=True,,2026-07-07T23:41:12
카나프테라퓨틱스,01782183,0082N0,KOSDAQ,연간x별도,재무제표,DS-2/DS-3,DONE,"cross-check completed for ['매출액', '영업이익']",,2026-07-07T23:41:12
카나프테라퓨틱스,01782183,0082N0,KOSDAQ,연간x별도,지표,CV-6,PASS,default metric selection visible,,2026-07-07T23:41:12
카나프테라퓨틱스,01782183,0082N0,KOSDAQ,분기x연결,재무제표,DS-1,PASS,,,2026-07-07T23:41:18
카나프테라퓨틱스,01782183,0082N0,KOSDAQ,분기x연결,상단,DS-8,PASS,,,2026-07-07T23:41:18
카나프테라퓨틱스,01782183,0082N0,KOSDAQ,분기x연결,상단,DS-4,PASS,substitution caption present,,2026-07-07T23:41:18
카나프테라퓨틱스,01782183,0082N0,KOSDAQ,분기x연결,상단,DS-7,PASS,"badges seen: ['✅', '🔎']",,2026-07-07T23:41:18
카나프테라퓨틱스,01782183,0082N0,KOSDAQ,분기x연결,재무제표,CV-3,PASS,rows=29 cols=4 slider_extended=True,,2026-07-07T23:41:18
카나프테라퓨틱스,01782183,0082N0,KOSDAQ,분기x연결,재무제표,DS-2/DS-3,DONE,"cross-check completed for ['매출액', '영업이익']",,2026-07-07T23:41:18
카나프테라퓨틱스,01782183,0082N0,KOSDAQ,분기x연결,지표,CV-6,PASS,default metric selection visible,,2026-07-07T23:41:18
카나프테라퓨틱스,01782183,0082N0,KOSDAQ,분기x별도,재무제표,DS-1,PASS,,,2026-07-07T23:41:25
카나프테라퓨틱스,01782183,0082N0,KOSDAQ,분기x별도,상단,DS-8,PASS,,,2026-07-07T23:41:25
카나프테라퓨틱스,01782183,0082N0,KOSDAQ,분기x별도,상단,DS-7,PASS,"badges seen: ['✅', '🔎']",,2026-07-07T23:41:25
카나프테라퓨틱스,01782183,0082N0,KOSDAQ,분기x별도,재무제표,CV-3,PASS,rows=29 cols=4 slider_extended=True,,2026-07-07T23:41:25
카나프테라퓨틱스,01782183,0082N0,KOSDAQ,분기x별도,재무제표,DS-2/DS-3,DONE,"cross-check completed for ['매출액', '영업이익']",,2026-07-07T23:41:25
카나프테라퓨틱스,01782183,0082N0,KOSDAQ,분기x별도,지표,CV-6,PASS,default metric selection visible,,2026-07-07T23:41:25
카스,00152260,016920,KOSDAQ,연간x연결,재무제표,DS-1,PASS,,,2026-07-07T23:41:39
카스,00152260,016920,KOSDAQ,연간x연결,상단,DS-8,PASS,,,2026-07-07T23:41:39
카스,00152260,016920,KOSDAQ,연간x연결,상단,DS-7,PASS,"badges seen: ['✅', '🔎']",,2026-07-07T23:41:39
카스,00152260,016920,KOSDAQ,연간x연결,재무제표,CV-3,PASS,rows=29 cols=19 slider_extended=True,,2026-07-07T23:41:39
카스,00152260,016920,KOSDAQ,연간x연결,재무제표,DS-2/DS-3,DONE,"cross-check completed for ['매출액', '영업이익']",,2026-07-07T23:41:39
카스,00152260,016920,KOSDAQ,연간x연결,지표,CV-6,PASS,default metric selection visible,,2026-07-07T23:41:39
카스,00152260,016920,KOSDAQ,연간x별도,재무제표,DS-1,PASS,,,2026-07-07T23:41:44
카스,00152260,016920,KOSDAQ,연간x별도,상단,DS-8,PASS,,,2026-07-07T23:41:44
카스,00152260,016920,KOSDAQ,연간x별도,상단,DS-7,PASS,"badges seen: ['✅', '🔎']",,2026-07-07T23:41:44
카스,00152260,016920,KOSDAQ,연간x별도,재무제표,CV-3,PASS,rows=29 cols=28 slider_extended=True,,2026-07-07T23:41:44
카스,00152260,016920,KOSDAQ,연간x별도,재무제표,DS-2/DS-3,DONE,"cross-check completed for ['매출액', '영업이익']",,2026-07-07T23:41:44
카스,00152260,016920,KOSDAQ,연간x별도,지표,CV-6,PASS,default metric selection visible,,2026-07-07T23:41:44
카스,00152260,016920,KOSDAQ,분기x연결,재무제표,DS-1,PASS,,,2026-07-07T23:41:50
카스,00152260,016920,KOSDAQ,분기x연결,상단,DS-8,PASS,,,2026-07-07T23:41:50
카스,00152260,016920,KOSDAQ,분기x연결,상단,DS-7,PASS,"badges seen: ['✅', '🔎']",,2026-07-07T23:41:50
카스,00152260,016920,KOSDAQ,분기x연결,재무제표,CV-3,PASS,rows=29 cols=60 slider_extended=True,,2026-07-07T23:41:50
카스,00152260,016920,KOSDAQ,분기x연결,재무제표,DS-2/DS-3,DONE,"cross-check completed for ['매출액', '영업이익']",,2026-07-07T23:41:50
카스,00152260,016920,KOSDAQ,분기x연결,지표,CV-6,PASS,default metric selection visible,,2026-07-07T23:41:50
카스,00152260,016920,KOSDAQ,분기x별도,재무제표,DS-1,PASS,,,2026-07-07T23:41:58
카스,00152260,016920,KOSDAQ,분기x별도,상단,DS-8,PASS,,,2026-07-07T23:41:58
카스,00152260,016920,KOSDAQ,분기x별도,상단,DS-7,PASS,"badges seen: ['✅', '🔎']",,2026-07-07T23:41:58
카스,00152260,016920,KOSDAQ,분기x별도,재무제표,CV-3,PASS,rows=29 cols=90 slider_extended=True,,2026-07-07T23:41:58
카스,00152260,016920,KOSDAQ,분기x별도,재무제표,DS-2/DS-3,DONE,"cross-check completed for ['매출액', '영업이익']",,2026-07-07T23:41:58
카스,00152260,016920,KOSDAQ,분기x별도,지표,CV-6,PASS,default metric selection visible,,2026-07-07T23:41:58
카이노스메드,01263527,284620,KOSDAQ,연간x연결,재무제표,DS-1,PASS,,,2026-07-07T23:42:12
카이노스메드,01263527,284620,KOSDAQ,연간x연결,상단,DS-8,PASS,,,2026-07-07T23:42:12
카이노스메드,01263527,284620,KOSDAQ,연간x연결,상단,DS-7,PASS,"badges seen: ['✅', '🔎', '⚠']",,2026-07-07T23:42:12
카이노스메드,01263527,284620,KOSDAQ,연간x연결,재무제표,CV-3,PASS,rows=29 cols=10 slider_extended=True,,2026-07-07T23:42:12
카이노스메드,01263527,284620,KOSDAQ,연간x연결,재무제표,DS-2/DS-3,DONE,"cross-check completed for ['매출액', '영업이익']",,2026-07-07T23:42:12
카이노스메드,01263527,284620,KOSDAQ,연간x연결,지표,CV-6,PASS,default metric selection visible,,2026-07-07T23:42:12
카이노스메드,01263527,284620,KOSDAQ,연간x별도,재무제표,DS-1,PASS,,,2026-07-07T23:42:17
카이노스메드,01263527,284620,KOSDAQ,연간x별도,상단,DS-8,PASS,,,2026-07-07T23:42:17
카이노스메드,01263527,284620,KOSDAQ,연간x별도,상단,DS-7,PASS,"badges seen: ['✅', '🔎', '⚠']",,2026-07-07T23:42:17
카이노스메드,01263527,284620,KOSDAQ,연간x별도,재무제표,CV-3,PASS,rows=29 cols=11 slider_extended=True,,2026-07-07T23:42:17
카이노스메드,01263527,284620,KOSDAQ,연간x별도,재무제표,DS-2/DS-3,DONE,"cross-check completed for ['매출액', '영업이익']",,2026-07-07T23:42:17
카이노스메드,01263527,284620,KOSDAQ,연간x별도,지표,CV-6,PASS,default metric selection visible,,2026-07-07T23:42:17
카이노스메드,01263527,284620,KOSDAQ,분기x연결,재무제표,DS-1,PASS,,,2026-07-07T23:42:23
카이노스메드,01263527,284620,KOSDAQ,분기x연결,상단,DS-8,PASS,,,2026-07-07T23:42:23
카이노스메드,01263527,284620,KOSDAQ,분기x연결,상단,DS-7,PASS,"badges seen: ['✅', '🔎', '⚠']",,2026-07-07T23:42:23
카이노스메드,01263527,284620,KOSDAQ,분기x연결,재무제표,CV-3,PASS,rows=29 cols=29 slider_extended=True,,2026-07-07T23:42:23
카이노스메드,01263527,284620,KOSDAQ,분기x연결,재무제표,DS-2/DS-3,DONE,"cross-check completed for ['매출액', '영업이익']",,2026-07-07T23:42:23
카이노스메드,01263527,284620,KOSDAQ,분기x연결,지표,CV-6,PASS,default metric selection visible,,2026-07-07T23:42:23
카이노스메드,01263527,284620,KOSDAQ,분기x별도,재무제표,DS-1,PASS,,,2026-07-07T23:42:30
카이노스메드,01263527,284620,KOSDAQ,분기x별도,상단,DS-8,PASS,,,2026-07-07T23:42:30
카이노스메드,01263527,284620,KOSDAQ,분기x별도,상단,DS-7,PASS,"badges seen: ['✅', '🔎', '⚠']",,2026-07-07T23:42:30
카이노스메드,01263527,284620,KOSDAQ,분기x별도,재무제표,CV-3,PASS,rows=29 cols=35 slider_extended=True,,2026-07-07T23:42:30
카이노스메드,01263527,284620,KOSDAQ,분기x별도,재무제표,DS-2/DS-3,DONE,"cross-check completed for ['매출액', '영업이익']",,2026-07-07T23:42:30
카이노스메드,01263527,284620,KOSDAQ,분기x별도,지표,CV-6,PASS,default metric selection visible,,2026-07-07T23:42:30
카카오게임즈,01137383,293490,KOSDAQ,연간x연결,재무제표,DS-1,PASS,,,2026-07-07T23:42:44
카카오게임즈,01137383,293490,KOSDAQ,연간x연결,상단,DS-8,PASS,,,2026-07-07T23:42:44
카카오게임즈,01137383,293490,KOSDAQ,연간x연결,상단,DS-7,PASS,"badges seen: ['✅', '🔎', '⚠']",,2026-07-07T23:42:44
카카오게임즈,01137383,293490,KOSDAQ,연간x연결,재무제표,CV-3,PASS,rows=29 cols=11 slider_extended=True,,2026-07-07T23:42:44
카카오게임즈,01137383,293490,KOSDAQ,연간x연결,재무제표,DS-2/DS-3,DONE,"cross-check completed for ['매출액', '영업이익']",,2026-07-07T23:42:44
카카오게임즈,01137383,293490,KOSDAQ,연간x연결,지표,CV-6,PASS,default metric selection visible,,2026-07-07T23:42:44
카카오게임즈,01137383,293490,KOSDAQ,연간x별도,재무제표,DS-1,PASS,,,2026-07-07T23:42:49
카카오게임즈,01137383,293490,KOSDAQ,연간x별도,상단,DS-8,PASS,,,2026-07-07T23:42:49
카카오게임즈,01137383,293490,KOSDAQ,연간x별도,상단,DS-7,PASS,"badges seen: ['✅', '🔎']",,2026-07-07T23:42:49
카카오게임즈,01137383,293490,KOSDAQ,연간x별도,재무제표,CV-3,PASS,rows=29 cols=11 slider_extended=True,,2026-07-07T23:42:49
카카오게임즈,01137383,293490,KOSDAQ,연간x별도,재무제표,DS-2/DS-3,DONE,"cross-check completed for ['매출액', '영업이익']",,2026-07-07T23:42:49
카카오게임즈,01137383,293490,KOSDAQ,연간x별도,지표,CV-6,PASS,default metric selection visible,,2026-07-07T23:42:49
카카오게임즈,01137383,293490,KOSDAQ,분기x연결,재무제표,DS-1,PASS,,,2026-07-07T23:42:55
카카오게임즈,01137383,293490,KOSDAQ,분기x연결,상단,DS-8,PASS,,,2026-07-07T23:42:55
카카오게임즈,01137383,293490,KOSDAQ,분기x연결,상단,DS-7,PASS,"badges seen: ['✅', '🔎']",,2026-07-07T23:42:55
카카오게임즈,01137383,293490,KOSDAQ,분기x연결,재무제표,CV-3,PASS,rows=29 cols=33 slider_extended=True,,2026-07-07T23:42:55
카카오게임즈,01137383,293490,KOSDAQ,분기x연결,재무제표,DS-2/DS-3,DONE,"cross-check completed for ['매출액', '영업이익']",,2026-07-07T23:42:55
카카오게임즈,01137383,293490,KOSDAQ,분기x연결,지표,CV-6,PASS,default metric selection visible,,2026-07-07T23:42:55
카카오게임즈,01137383,293490,KOSDAQ,분기x별도,재무제표,DS-1,PASS,,,2026-07-07T23:43:03
카카오게임즈,01137383,293490,KOSDAQ,분기x별도,상단,DS-8,PASS,,,2026-07-07T23:43:03
카카오게임즈,01137383,293490,KOSDAQ,분기x별도,상단,DS-7,PASS,"badges seen: ['✅', '🔎']",,2026-07-07T23:43:03
카카오게임즈,01137383,293490,KOSDAQ,분기x별도,재무제표,CV-3,PASS,rows=29 cols=31 slider_extended=True,,2026-07-07T23:43:03
카카오게임즈,01137383,293490,KOSDAQ,분기x별도,재무제표,DS-2/DS-3,DONE,"cross-check completed for ['매출액', '영업이익']",,2026-07-07T23:43:03
카카오게임즈,01137383,293490,KOSDAQ,분기x별도,지표,CV-6,PASS,default metric selection visible,,2026-07-07T23:43:03
카티스,01116265,140430,KOSDAQ,연간x연결,재무제표,DS-1,PASS,,,2026-07-07T23:43:16
카티스,01116265,140430,KOSDAQ,연간x연결,상단,DS-8,PASS,,,2026-07-07T23:43:16
카티스,01116265,140430,KOSDAQ,연간x연결,상단,DS-4,PASS,substitution caption present,,2026-07-07T23:43:16
카티스,01116265,140430,KOSDAQ,연간x연결,상단,DS-7,PASS,"badges seen: ['✅', '🔎', '⚠']",,2026-07-07T23:43:16
카티스,01116265,140430,KOSDAQ,연간x연결,재무제표,CV-3,PASS,rows=29 cols=6 slider_extended=True,,2026-07-07T23:43:16
카티스,01116265,140430,KOSDAQ,연간x연결,재무제표,DS-2/DS-3,DONE,"cross-check completed for ['매출액', '영업이익']",,2026-07-07T23:43:16
카티스,01116265,140430,KOSDAQ,연간x연결,지표,CV-6,PASS,default metric selection visible,,2026-07-07T23:43:16
카티스,01116265,140430,KOSDAQ,연간x별도,재무제표,DS-1,PASS,,,2026-07-07T23:43:22
카티스,01116265,140430,KOSDAQ,연간x별도,상단,DS-8,PASS,,,2026-07-07T23:43:22
카티스,01116265,140430,KOSDAQ,연간x별도,상단,DS-7,PASS,"badges seen: ['✅', '🔎', '⚠']",,2026-07-07T23:43:22
카티스,01116265,140430,KOSDAQ,연간x별도,재무제표,CV-3,PASS,rows=29 cols=6 slider_extended=True,,2026-07-07T23:43:22
카티스,01116265,140430,KOSDAQ,연간x별도,재무제표,DS-2/DS-3,DONE,"cross-check completed for ['매출액', '영업이익']",,2026-07-07T23:43:22
카티스,01116265,140430,KOSDAQ,연간x별도,지표,CV-6,PASS,default metric selection visible,,2026-07-07T23:43:22
카티스,01116265,140430,KOSDAQ,분기x연결,재무제표,DS-1,PASS,,,2026-07-07T23:43:28
카티스,01116265,140430,KOSDAQ,분기x연결,상단,DS-8,PASS,,,2026-07-07T23:43:28
카티스,01116265,140430,KOSDAQ,분기x연결,상단,DS-4,PASS,substitution caption present,,2026-07-07T23:43:28
카티스,01116265,140430,KOSDAQ,분기x연결,상단,DS-7,PASS,"badges seen: ['✅', '🔎', '⚠']",,2026-07-07T23:43:28
카티스,01116265,140430,KOSDAQ,분기x연결,재무제표,CV-3,PASS,rows=29 cols=16 slider_extended=True,,2026-07-07T23:43:28
카티스,01116265,140430,KOSDAQ,분기x연결,재무제표,DS-2/DS-3,DONE,"cross-check completed for ['매출액', '영업이익']",,2026-07-07T23:43:28
카티스,01116265,140430,KOSDAQ,분기x연결,지표,CV-6,PASS,default metric selection visible,,2026-07-07T23:43:28
카티스,01116265,140430,KOSDAQ,분기x별도,재무제표,DS-1,PASS,,,2026-07-07T23:43:35
카티스,01116265,140430,KOSDAQ,분기x별도,상단,DS-8,PASS,,,2026-07-07T23:43:35
카티스,01116265,140430,KOSDAQ,분기x별도,상단,DS-7,PASS,"badges seen: ['✅', '🔎', '⚠']",,2026-07-07T23:43:35
카티스,01116265,140430,KOSDAQ,분기x별도,재무제표,CV-3,PASS,rows=29 cols=16 slider_extended=True,,2026-07-07T23:43:35
카티스,01116265,140430,KOSDAQ,분기x별도,재무제표,DS-2/DS-3,DONE,"cross-check completed for ['매출액', '영업이익']",,2026-07-07T23:43:35
카티스,01116265,140430,KOSDAQ,분기x별도,지표,CV-6,PASS,default metric selection visible,,2026-07-07T23:43:35
캐리,00863038,313760,KOSDAQ,연간x연결,재무제표,DS-1,PASS,,,2026-07-07T23:43:49
캐리,00863038,313760,KOSDAQ,연간x연결,상단,DS-8,PASS,,,2026-07-07T23:43:49
캐리,00863038,313760,KOSDAQ,연간x연결,상단,DS-7,PASS,"badges seen: ['✅', '🔎', '⚠']",,2026-07-07T23:43:49
캐리,00863038,313760,KOSDAQ,연간x연결,재무제표,CV-3,PASS,rows=29 cols=5 slider_extended=True,,2026-07-07T23:43:49
캐리,00863038,313760,KOSDAQ,연간x연결,재무제표,DS-2/DS-3,DONE,"cross-check completed for ['매출액', '영업이익']",,2026-07-07T23:43:49
캐리,00863038,313760,KOSDAQ,연간x연결,지표,CV-6,PASS,default metric selection visible,,2026-07-07T23:43:49
캐리,00863038,313760,KOSDAQ,연간x별도,재무제표,DS-1,PASS,,,2026-07-07T23:43:54
캐리,00863038,313760,KOSDAQ,연간x별도,상단,DS-8,PASS,,,2026-07-07T23:43:54
캐리,00863038,313760,KOSDAQ,연간x별도,상단,DS-7,PASS,"badges seen: ['✅', '🔎', '⚠']",,2026-07-07T23:43:54
캐리,00863038,313760,KOSDAQ,연간x별도,재무제표,CV-3,PASS,rows=29 cols=11 slider_extended=True,,2026-07-07T23:43:54
캐리,00863038,313760,KOSDAQ,연간x별도,재무제표,DS-2/DS-3,DONE,"cross-check completed for ['매출액', '영업이익']",,2026-07-07T23:43:54
캐리,00863038,313760,KOSDAQ,연간x별도,지표,CV-6,PASS,default metric selection visible,,2026-07-07T23:43:54
캐리,00863038,313760,KOSDAQ,분기x연결,재무제표,DS-1,PASS,,,2026-07-07T23:44:00
캐리,00863038,313760,KOSDAQ,분기x연결,상단,DS-8,PASS,,,2026-07-07T23:44:00
캐리,00863038,313760,KOSDAQ,분기x연결,상단,DS-7,PASS,"badges seen: ['✅', '🔎', '⚠']",,2026-07-07T23:44:00
캐리,00863038,313760,KOSDAQ,분기x연결,재무제표,CV-3,PASS,rows=29 cols=11 slider_extended=True,,2026-07-07T23:44:00
캐리,00863038,313760,KOSDAQ,분기x연결,재무제표,DS-2/DS-3,DONE,"cross-check completed for ['매출액', '영업이익']",,2026-07-07T23:44:00
캐리,00863038,313760,KOSDAQ,분기x연결,지표,CV-6,PASS,default metric selection visible,,2026-07-07T23:44:00
캐리,00863038,313760,KOSDAQ,분기x별도,재무제표,DS-1,PASS,,,2026-07-07T23:44:07
캐리,00863038,313760,KOSDAQ,분기x별도,상단,DS-8,PASS,,,2026-07-07T23:44:07
캐리,00863038,313760,KOSDAQ,분기x별도,상단,DS-7,PASS,"badges seen: ['✅', '🔎', '⚠']",,2026-07-07T23:44:07
캐리,00863038,313760,KOSDAQ,분기x별도,재무제표,CV-3,PASS,rows=29 cols=33 slider_extended=True,,2026-07-07T23:44:07
캐리,00863038,313760,KOSDAQ,분기x별도,재무제표,DS-2/DS-3,DONE,"cross-check completed for ['매출액', '영업이익']",,2026-07-07T23:44:07
캐리,00863038,313760,KOSDAQ,분기x별도,지표,CV-6,PASS,default metrics not found,,2026-07-07T23:44:07
캐스텍코리아,00302582,071850,KOSDAQ,연간x연결,재무제표,DS-1,PASS,,,2026-07-07T23:44:21
캐스텍코리아,00302582,071850,KOSDAQ,연간x연결,상단,DS-8,PASS,,,2026-07-07T23:44:21
캐스텍코리아,00302582,071850,KOSDAQ,연간x연결,상단,DS-7,PASS,"badges seen: ['✅', '🔎']",,2026-07-07T23:44:21
캐스텍코리아,00302582,071850,KOSDAQ,연간x연결,재무제표,CV-3,PASS,rows=29 cols=16 slider_extended=True,,2026-07-07T23:44:21
캐스텍코리아,00302582,071850,KOSDAQ,연간x연결,재무제표,DS-2/DS-3,DONE,"cross-check completed for ['매출액', '영업이익']",,2026-07-07T23:44:21
캐스텍코리아,00302582,071850,KOSDAQ,연간x연결,지표,CV-6,PASS,default metric selection visible,,2026-07-07T23:44:21
캐스텍코리아,00302582,071850,KOSDAQ,연간x별도,재무제표,DS-1,PASS,,,2026-07-07T23:44:26
캐스텍코리아,00302582,071850,KOSDAQ,연간x별도,상단,DS-8,PASS,,,2026-07-07T23:44:26
캐스텍코리아,00302582,071850,KOSDAQ,연간x별도,상단,DS-7,PASS,"badges seen: ['✅', '🔎']",,2026-07-07T23:44:26
캐스텍코리아,00302582,071850,KOSDAQ,연간x별도,재무제표,CV-3,PASS,rows=29 cols=16 slider_extended=True,,2026-07-07T23:44:26
캐스텍코리아,00302582,071850,KOSDAQ,연간x별도,재무제표,DS-2/DS-3,DONE,"cross-check completed for ['매출액', '영업이익']",,2026-07-07T23:44:26
캐스텍코리아,00302582,071850,KOSDAQ,연간x별도,지표,CV-6,PASS,default metric selection visible,,2026-07-07T23:44:26
캐스텍코리아,00302582,071850,KOSDAQ,분기x연결,재무제표,DS-1,PASS,,,2026-07-07T23:44:33
캐스텍코리아,00302582,071850,KOSDAQ,분기x연결,상단,DS-8,PASS,,,2026-07-07T23:44:33
캐스텍코리아,00302582,071850,KOSDAQ,분기x연결,상단,DS-7,PASS,"badges seen: ['✅', '🔎']",,2026-07-07T23:44:33
캐스텍코리아,00302582,071850,KOSDAQ,분기x연결,재무제표,CV-3,PASS,rows=29 cols=55 slider_extended=True,,2026-07-07T23:44:33
캐스텍코리아,00302582,071850,KOSDAQ,분기x연결,재무제표,DS-2/DS-3,DONE,"cross-check completed for ['매출액', '영업이익']",,2026-07-07T23:44:33
캐스텍코리아,00302582,071850,KOSDAQ,분기x연결,지표,CV-6,PASS,default metric selection visible,,2026-07-07T23:44:33
캐스텍코리아,00302582,071850,KOSDAQ,분기x별도,재무제표,DS-1,PASS,,,2026-07-07T23:44:40
캐스텍코리아,00302582,071850,KOSDAQ,분기x별도,상단,DS-8,PASS,,,2026-07-07T23:44:40
캐스텍코리아,00302582,071850,KOSDAQ,분기x별도,상단,DS-7,PASS,"badges seen: ['✅', '🔎']",,2026-07-07T23:44:40
캐스텍코리아,00302582,071850,KOSDAQ,분기x별도,재무제표,CV-3,PASS,rows=29 cols=55 slider_extended=True,,2026-07-07T23:44:40
캐스텍코리아,00302582,071850,KOSDAQ,분기x별도,재무제표,DS-2/DS-3,DONE,"cross-check completed for ['매출액', '영업이익']",,2026-07-07T23:44:40
캐스텍코리아,00302582,071850,KOSDAQ,분기x별도,지표,CV-6,PASS,default metric selection visible,,2026-07-07T23:44:40
캐프,00876643,198080,KOSDAQ,연간x연결,재무제표,DS-1,PASS,,,2026-07-07T23:44:54
캐프,00876643,198080,KOSDAQ,연간x연결,상단,DS-8,PASS,,,2026-07-07T23:44:54
캐프,00876643,198080,KOSDAQ,연간x연결,상단,DS-7,PASS,"badges seen: ['✅', '🔎', '⚠']",,2026-07-07T23:44:54
캐프,00876643,198080,KOSDAQ,연간x연결,재무제표,CV-3,PASS,rows=29 cols=11 slider_extended=True,,2026-07-07T23:44:54
캐프,00876643,198080,KOSDAQ,연간x연결,재무제표,DS-2/DS-3,DONE,"cross-check completed for ['매출액', '영업이익']",,2026-07-07T23:44:54
캐프,00876643,198080,KOSDAQ,연간x연결,지표,CV-6,PASS,default metric selection visible,,2026-07-07T23:44:54
캐프,00876643,198080,KOSDAQ,연간x별도,재무제표,DS-1,PASS,,,2026-07-07T23:44:59
캐프,00876643,198080,KOSDAQ,연간x별도,상단,DS-8,PASS,,,2026-07-07T23:44:59
캐프,00876643,198080,KOSDAQ,연간x별도,상단,DS-7,PASS,"badges seen: ['✅', '🔎', '⚠']",,2026-07-07T23:44:59
캐프,00876643,198080,KOSDAQ,연간x별도,재무제표,CV-3,PASS,rows=29 cols=11 slider_extended=True,,2026-07-07T23:44:59
캐프,00876643,198080,KOSDAQ,연간x별도,재무제표,DS-2/DS-3,DONE,"cross-check completed for ['매출액', '영업이익']",,2026-07-07T23:44:59
캐프,00876643,198080,KOSDAQ,연간x별도,지표,CV-6,PASS,default metric selection visible,,2026-07-07T23:44:59
캐프,00876643,198080,KOSDAQ,분기x연결,재무제표,DS-1,PASS,,,2026-07-07T23:45:05
캐프,00876643,198080,KOSDAQ,분기x연결,상단,DS-8,PASS,,,2026-07-07T23:45:05
캐프,00876643,198080,KOSDAQ,분기x연결,상단,DS-7,PASS,"badges seen: ['✅', '🔎']",,2026-07-07T23:45:05
캐프,00876643,198080,KOSDAQ,분기x연결,재무제표,CV-3,PASS,rows=29 cols=32 slider_extended=True,,2026-07-07T23:45:05
캐프,00876643,198080,KOSDAQ,분기x연결,재무제표,DS-2/DS-3,DONE,"cross-check completed for ['매출액', '영업이익']",,2026-07-07T23:45:05
캐프,00876643,198080,KOSDAQ,분기x연결,지표,CV-6,PASS,default metric selection visible,,2026-07-07T23:45:05
캐프,00876643,198080,KOSDAQ,분기x별도,재무제표,DS-1,PASS,,,2026-07-07T23:45:13
캐프,00876643,198080,KOSDAQ,분기x별도,상단,DS-8,PASS,,,2026-07-07T23:45:13
캐프,00876643,198080,KOSDAQ,분기x별도,상단,DS-7,PASS,"badges seen: ['✅', '🔎']",,2026-07-07T23:45:13
캐프,00876643,198080,KOSDAQ,분기x별도,재무제표,CV-3,PASS,rows=29 cols=32 slider_extended=True,,2026-07-07T23:45:13
캐프,00876643,198080,KOSDAQ,분기x별도,재무제표,DS-2/DS-3,DONE,"cross-check completed for ['매출액', '영업이익']",,2026-07-07T23:45:13
캐프,00876643,198080,KOSDAQ,분기x별도,지표,CV-6,PASS,default metric selection visible,,2026-07-07T23:45:13
캔버스엔,00550082,210120,KOSDAQ,연간x연결,재무제표,DS-1,PASS,,,2026-07-07T23:45:26
캔버스엔,00550082,210120,KOSDAQ,연간x연결,상단,DS-8,PASS,,,2026-07-07T23:45:26
캔버스엔,00550082,210120,KOSDAQ,연간x연결,상단,DS-7,PASS,"badges seen: ['✅', '🔎', '⚠']",,2026-07-07T23:45:26
캔버스엔,00550082,210120,KOSDAQ,연간x연결,재무제표,CV-3,PASS,rows=29 cols=8 slider_extended=True,,2026-07-07T23:45:26
캔버스엔,00550082,210120,KOSDAQ,연간x연결,재무제표,DS-2/DS-3,DONE,"cross-check completed for ['매출액', '영업이익']",,2026-07-07T23:45:26
캔버스엔,00550082,210120,KOSDAQ,연간x연결,지표,CV-6,PASS,default metric selection visible,,2026-07-07T23:45:26
캔버스엔,00550082,210120,KOSDAQ,연간x별도,재무제표,DS-1,PASS,,,2026-07-07T23:45:31
캔버스엔,00550082,210120,KOSDAQ,연간x별도,상단,DS-8,PASS,,,2026-07-07T23:45:31
캔버스엔,00550082,210120,KOSDAQ,연간x별도,상단,DS-7,PASS,"badges seen: ['✅', '🔎', '⚠']",,2026-07-07T23:45:31
캔버스엔,00550082,210120,KOSDAQ,연간x별도,재무제표,CV-3,PASS,rows=29 cols=16 slider_extended=True,,2026-07-07T23:45:31
캔버스엔,00550082,210120,KOSDAQ,연간x별도,재무제표,DS-2/DS-3,DONE,"cross-check completed for ['매출액', '영업이익']",,2026-07-07T23:45:31
캔버스엔,00550082,210120,KOSDAQ,연간x별도,지표,CV-6,PASS,default metric selection visible,,2026-07-07T23:45:31
캔버스엔,00550082,210120,KOSDAQ,분기x연결,재무제표,DS-1,PASS,,,2026-07-07T23:45:38
캔버스엔,00550082,210120,KOSDAQ,분기x연결,상단,DS-8,PASS,,,2026-07-07T23:45:38
캔버스엔,00550082,210120,KOSDAQ,분기x연결,상단,DS-4,PASS,substitution caption present,,2026-07-07T23:45:38
캔버스엔,00550082,210120,KOSDAQ,분기x연결,상단,DS-7,PASS,"badges seen: ['✅', '🔎', '⚠']",,2026-07-07T23:45:38
캔버스엔,00550082,210120,KOSDAQ,분기x연결,재무제표,CV-3,PASS,rows=29 cols=17 slider_extended=True,,2026-07-07T23:45:38
캔버스엔,00550082,210120,KOSDAQ,분기x연결,재무제표,DS-2/DS-3,DONE,"cross-check completed for ['매출액', '영업이익']",,2026-07-07T23:45:38
캔버스엔,00550082,210120,KOSDAQ,분기x연결,지표,CV-6,PASS,default metric selection visible,,2026-07-07T23:45:38
캔버스엔,00550082,210120,KOSDAQ,분기x별도,재무제표,DS-1,PASS,,,2026-07-07T23:45:45
캔버스엔,00550082,210120,KOSDAQ,분기x별도,상단,DS-8,PASS,,,2026-07-07T23:45:45
캔버스엔,00550082,210120,KOSDAQ,분기x별도,상단,DS-7,PASS,"badges seen: ['✅', '🔎', '⚠']",,2026-07-07T23:45:45
캔버스엔,00550082,210120,KOSDAQ,분기x별도,재무제표,CV-3,PASS,rows=29 cols=17 slider_extended=True,,2026-07-07T23:45:45
캔버스엔,00550082,210120,KOSDAQ,분기x별도,재무제표,DS-2/DS-3,DONE,"cross-check completed for ['매출액', '영업이익']",,2026-07-07T23:45:45
캔버스엔,00550082,210120,KOSDAQ,분기x별도,지표,CV-6,PASS,default metric selection visible,,2026-07-07T23:45:45
캠시스,00330044,050110,KOSDAQ,연간x연결,재무제표,DS-1,PASS,,,2026-07-07T23:45:59
캠시스,00330044,050110,KOSDAQ,연간x연결,상단,DS-8,PASS,,,2026-07-07T23:45:59
캠시스,00330044,050110,KOSDAQ,연간x연결,상단,DS-7,PASS,"badges seen: ['✅', '🔎', '⚠']",,2026-07-07T23:45:59
캠시스,00330044,050110,KOSDAQ,연간x연결,재무제표,CV-3,PASS,rows=29 cols=19 slider_extended=True,,2026-07-07T23:45:59
캠시스,00330044,050110,KOSDAQ,연간x연결,재무제표,DS-2/DS-3,DONE,"cross-check completed for ['매출액', '영업이익']",,2026-07-07T23:45:59
캠시스,00330044,050110,KOSDAQ,연간x연결,지표,CV-6,PASS,default metric selection visible,,2026-07-07T23:45:59
캠시스,00330044,050110,KOSDAQ,연간x별도,재무제표,DS-1,PASS,,,2026-07-07T23:46:04
캠시스,00330044,050110,KOSDAQ,연간x별도,상단,DS-8,PASS,,,2026-07-07T23:46:04
캠시스,00330044,050110,KOSDAQ,연간x별도,상단,DS-7,PASS,"badges seen: ['✅', '🔎', '⚠']",,2026-07-07T23:46:04
캠시스,00330044,050110,KOSDAQ,연간x별도,재무제표,CV-3,PASS,rows=29 cols=25 slider_extended=True,,2026-07-07T23:46:04
캠시스,00330044,050110,KOSDAQ,연간x별도,재무제표,DS-2/DS-3,DONE,"cross-check completed for ['매출액', '영업이익']",,2026-07-07T23:46:04
캠시스,00330044,050110,KOSDAQ,연간x별도,지표,CV-6,PASS,default metric selection visible,,2026-07-07T23:46:04
캠시스,00330044,050110,KOSDAQ,분기x연결,재무제표,DS-1,PASS,,,2026-07-07T23:46:10
캠시스,00330044,050110,KOSDAQ,분기x연결,상단,DS-8,PASS,,,2026-07-07T23:46:10
캠시스,00330044,050110,KOSDAQ,분기x연결,상단,DS-7,PASS,"badges seen: ['✅', '🔎', '⚠']",,2026-07-07T23:46:10
캠시스,00330044,050110,KOSDAQ,분기x연결,재무제표,CV-3,PASS,rows=29 cols=60 slider_extended=True,,2026-07-07T23:46:10
캠시스,00330044,050110,KOSDAQ,분기x연결,재무제표,DS-2/DS-3,DONE,"cross-check completed for ['매출액', '영업이익']",,2026-07-07T23:46:10
캠시스,00330044,050110,KOSDAQ,분기x연결,지표,CV-6,FAIL,default metrics not found,,2026-07-07T23:46:10
캠시스,00330044,050110,KOSDAQ,분기x별도,재무제표,DS-1,PASS,,,2026-07-07T23:46:18
캠시스,00330044,050110,KOSDAQ,분기x별도,상단,DS-8,PASS,,,2026-07-07T23:46:18
캠시스,00330044,050110,KOSDAQ,분기x별도,상단,DS-7,PASS,"badges seen: ['✅', '🔎', '⚠']",,2026-07-07T23:46:18
캠시스,00330044,050110,KOSDAQ,분기x별도,재무제표,CV-3,PASS,rows=29 cols=80 slider_extended=True,,2026-07-07T23:46:18
캠시스,00330044,050110,KOSDAQ,분기x별도,재무제표,DS-2/DS-3,DONE,"cross-check completed for ['매출액', '영업이익']",,2026-07-07T23:46:18
캠시스,00330044,050110,KOSDAQ,분기x별도,지표,CV-6,PASS,default metric selection visible,,2026-07-07T23:46:18
캡스톤파트너스,01497124,452300,KOSDAQ,연간x연결,재무제표,DS-1,PASS,,,2026-07-07T23:46:31
캡스톤파트너스,01497124,452300,KOSDAQ,연간x연결,상단,DS-8,PASS,,,2026-07-07T23:46:31
캡스톤파트너스,01497124,452300,KOSDAQ,연간x연결,상단,DS-4,PASS,substitution caption present,,2026-07-07T23:46:31
캡스톤파트너스,01497124,452300,KOSDAQ,연간x연결,상단,DS-7,PASS,"badges seen: ['✅', '🔎']",,2026-07-07T23:46:31
캡스톤파트너스,01497124,452300,KOSDAQ,연간x연결,재무제표,CV-3,PASS,rows=29 cols=7 slider_extended=True,,2026-07-07T23:46:31
캡스톤파트너스,01497124,452300,KOSDAQ,연간x연결,재무제표,DS-2/DS-3,DONE,"cross-check completed for ['매출액', '영업이익']",,2026-07-07T23:46:31
캡스톤파트너스,01497124,452300,KOSDAQ,연간x연결,지표,CV-6,PASS,default metric selection visible,,2026-07-07T23:46:31
캡스톤파트너스,01497124,452300,KOSDAQ,연간x별도,재무제표,DS-1,PASS,,,2026-07-07T23:46:37
캡스톤파트너스,01497124,452300,KOSDAQ,연간x별도,상단,DS-8,PASS,,,2026-07-07T23:46:37
캡스톤파트너스,01497124,452300,KOSDAQ,연간x별도,상단,DS-7,PASS,"badges seen: ['✅', '🔎']",,2026-07-07T23:46:37
캡스톤파트너스,01497124,452300,KOSDAQ,연간x별도,재무제표,CV-3,PASS,rows=29 cols=7 slider_extended=True,,2026-07-07T23:46:37
캡스톤파트너스,01497124,452300,KOSDAQ,연간x별도,재무제표,DS-2/DS-3,DONE,"cross-check completed for ['매출액', '영업이익']",,2026-07-07T23:46:37
캡스톤파트너스,01497124,452300,KOSDAQ,연간x별도,지표,CV-6,PASS,default metric selection visible,,2026-07-07T23:46:37
캡스톤파트너스,01497124,452300,KOSDAQ,분기x연결,재무제표,DS-1,PASS,,,2026-07-07T23:46:43
캡스톤파트너스,01497124,452300,KOSDAQ,분기x연결,상단,DS-8,PASS,,,2026-07-07T23:46:43
캡스톤파트너스,01497124,452300,KOSDAQ,분기x연결,상단,DS-4,PASS,substitution caption present,,2026-07-07T23:46:43
캡스톤파트너스,01497124,452300,KOSDAQ,분기x연결,상단,DS-7,PASS,"badges seen: ['✅', '🔎', '⚠']",,2026-07-07T23:46:43
캡스톤파트너스,01497124,452300,KOSDAQ,분기x연결,재무제표,CV-3,PASS,rows=29 cols=16 slider_extended=True,,2026-07-07T23:46:43
캡스톤파트너스,01497124,452300,KOSDAQ,분기x연결,재무제표,DS-2/DS-3,DONE,"cross-check completed for ['매출액', '영업이익']",,2026-07-07T23:46:43
캡스톤파트너스,01497124,452300,KOSDAQ,분기x연결,지표,CV-6,PASS,default metric selection visible,,2026-07-07T23:46:43
캡스톤파트너스,01497124,452300,KOSDAQ,분기x별도,재무제표,DS-1,PASS,,,2026-07-07T23:46:50
캡스톤파트너스,01497124,452300,KOSDAQ,분기x별도,상단,DS-8,PASS,,,2026-07-07T23:46:50
캡스톤파트너스,01497124,452300,KOSDAQ,분기x별도,상단,DS-7,PASS,"badges seen: ['✅', '🔎', '⚠']",,2026-07-07T23:46:50
캡스톤파트너스,01497124,452300,KOSDAQ,분기x별도,재무제표,CV-3,PASS,rows=29 cols=16 slider_extended=True,,2026-07-07T23:46:50
캡스톤파트너스,01497124,452300,KOSDAQ,분기x별도,재무제표,DS-2/DS-3,DONE,"cross-check completed for ['매출액', '영업이익']",,2026-07-07T23:46:50
캡스톤파트너스,01497124,452300,KOSDAQ,분기x별도,지표,CV-6,PASS,default metric selection visible,,2026-07-07T23:46:50
컬러레이,01236286,900310,KOSDAQ,연간x연결,재무제표,DS-1,PASS,,,2026-07-07T23:47:03
컬러레이,01236286,900310,KOSDAQ,연간x연결,상단,DS-8,PASS,,,2026-07-07T23:47:03
컬러레이,01236286,900310,KOSDAQ,연간x연결,상단,DS-7,PASS,"badges seen: ['✅', '🔎', '⚠']",,2026-07-07T23:47:03
컬러레이,01236286,900310,KOSDAQ,연간x연결,재무제표,CV-3,PASS,rows=29 cols=13 slider_extended=True,,2026-07-07T23:47:03
컬러레이,01236286,900310,KOSDAQ,연간x연결,재무제표,DS-2/DS-3,DONE,"cross-check completed for ['매출액', '영업이익']",,2026-07-07T23:47:03
컬러레이,01236286,900310,KOSDAQ,연간x연결,지표,CV-6,PASS,default metric selection visible,,2026-07-07T23:47:03
컬러레이,01236286,900310,KOSDAQ,연간x별도,재무제표,DS-1,PASS,,,2026-07-07T23:47:09
컬러레이,01236286,900310,KOSDAQ,연간x별도,상단,DS-8,PASS,,,2026-07-07T23:47:09
컬러레이,01236286,900310,KOSDAQ,연간x별도,상단,DS-4,PASS,substitution caption present,,2026-07-07T23:47:09
컬러레이,01236286,900310,KOSDAQ,연간x별도,상단,DS-7,PASS,"badges seen: ['✅', '🔎', '⚠']",,2026-07-07T23:47:09
컬러레이,01236286,900310,KOSDAQ,연간x별도,재무제표,CV-3,PASS,rows=29 cols=13 slider_extended=True,,2026-07-07T23:47:09
컬러레이,01236286,900310,KOSDAQ,연간x별도,재무제표,DS-2/DS-3,DONE,"cross-check completed for ['매출액', '영업이익']",,2026-07-07T23:47:09
컬러레이,01236286,900310,KOSDAQ,연간x별도,지표,CV-6,PASS,default metric selection visible,,2026-07-07T23:47:09
컬러레이,01236286,900310,KOSDAQ,분기x연결,재무제표,DS-1,PASS,,,2026-07-07T23:47:15
컬러레이,01236286,900310,KOSDAQ,분기x연결,상단,DS-8,PASS,,,2026-07-07T23:47:15
컬러레이,01236286,900310,KOSDAQ,분기x연결,상단,DS-7,PASS,"badges seen: ['✅', '🔎', '⚠']",,2026-07-07T23:47:15
컬러레이,01236286,900310,KOSDAQ,분기x연결,재무제표,CV-3,PASS,rows=29 cols=43 slider_extended=True,,2026-07-07T23:47:15
컬러레이,01236286,900310,KOSDAQ,분기x연결,재무제표,DS-2/DS-3,DONE,"cross-check completed for ['매출액', '영업이익']",,2026-07-07T23:47:15
컬러레이,01236286,900310,KOSDAQ,분기x연결,지표,CV-6,PASS,default metric selection visible,,2026-07-07T23:47:15
컬러레이,01236286,900310,KOSDAQ,분기x별도,재무제표,DS-1,PASS,,,2026-07-07T23:47:22
컬러레이,01236286,900310,KOSDAQ,분기x별도,상단,DS-8,PASS,,,2026-07-07T23:47:22
컬러레이,01236286,900310,KOSDAQ,분기x별도,상단,DS-4,PASS,substitution caption present,,2026-07-07T23:47:22
컬러레이,01236286,900310,KOSDAQ,분기x별도,상단,DS-7,PASS,"badges seen: ['✅', '🔎', '⚠']",,2026-07-07T23:47:22
컬러레이,01236286,900310,KOSDAQ,분기x별도,재무제표,CV-3,PASS,rows=29 cols=43 slider_extended=True,,2026-07-07T23:47:22
컬러레이,01236286,900310,KOSDAQ,분기x별도,재무제표,DS-2/DS-3,DONE,"cross-check completed for ['매출액', '영업이익']",,2026-07-07T23:47:22
컬러레이,01236286,900310,KOSDAQ,분기x별도,지표,CV-6,PASS,default metric selection visible,,2026-07-07T23:47:22
컴투스,00476498,078340,KOSDAQ,연간x연결,재무제표,DS-1,PASS,,,2026-07-07T23:47:36
컴투스,00476498,078340,KOSDAQ,연간x연결,상단,DS-8,PASS,,,2026-07-07T23:47:36
컴투스,00476498,078340,KOSDAQ,연간x연결,상단,DS-7,PASS,"badges seen: ['✅', '🔎']",,2026-07-07T23:47:36
컴투스,00476498,078340,KOSDAQ,연간x연결,재무제표,CV-3,PASS,rows=29 cols=19 slider_extended=True,,2026-07-07T23:47:36
컴투스,00476498,078340,KOSDAQ,연간x연결,재무제표,DS-2/DS-3,DONE,"cross-check completed for ['매출액', '영업이익']",,2026-07-07T23:47:36
컴투스,00476498,078340,KOSDAQ,연간x연결,지표,CV-6,PASS,default metric selection visible,,2026-07-07T23:47:36
컴투스,00476498,078340,KOSDAQ,연간x별도,재무제표,DS-1,PASS,,,2026-07-07T23:47:41
컴투스,00476498,078340,KOSDAQ,연간x별도,상단,DS-8,PASS,,,2026-07-07T23:47:41
컴투스,00476498,078340,KOSDAQ,연간x별도,상단,DS-7,PASS,"badges seen: ['✅', '🔎']",,2026-07-07T23:47:41
컴투스,00476498,078340,KOSDAQ,연간x별도,재무제표,CV-3,PASS,rows=29 cols=23 slider_extended=True,,2026-07-07T23:47:41
컴투스,00476498,078340,KOSDAQ,연간x별도,재무제표,DS-2/DS-3,DONE,"cross-check completed for ['매출액', '영업이익']",,2026-07-07T23:47:41
컴투스,00476498,078340,KOSDAQ,연간x별도,지표,CV-6,PASS,default metric selection visible,,2026-07-07T23:47:41
컴투스,00476498,078340,KOSDAQ,분기x연결,재무제표,DS-1,PASS,,,2026-07-07T23:47:47
컴투스,00476498,078340,KOSDAQ,분기x연결,상단,DS-8,PASS,,,2026-07-07T23:47:47
컴투스,00476498,078340,KOSDAQ,분기x연결,상단,DS-7,PASS,"badges seen: ['✅', '🔎']",,2026-07-07T23:47:47
컴투스,00476498,078340,KOSDAQ,분기x연결,재무제표,CV-3,PASS,rows=29 cols=63 slider_extended=True,,2026-07-07T23:47:47
컴투스,00476498,078340,KOSDAQ,분기x연결,재무제표,DS-2/DS-3,DONE,"cross-check completed for ['매출액', '영업이익']",,2026-07-07T23:47:47
컴투스,00476498,078340,KOSDAQ,분기x연결,지표,CV-6,PASS,default metric selection visible,,2026-07-07T23:47:47
컴투스,00476498,078340,KOSDAQ,분기x별도,재무제표,DS-1,PASS,,,2026-07-07T23:47:54
컴투스,00476498,078340,KOSDAQ,분기x별도,상단,DS-8,PASS,,,2026-07-07T23:47:54
컴투스,00476498,078340,KOSDAQ,분기x별도,상단,DS-7,PASS,"badges seen: ['✅', '🔎']",,2026-07-07T23:47:54
컴투스,00476498,078340,KOSDAQ,분기x별도,재무제표,CV-3,PASS,rows=29 cols=76 slider_extended=True,,2026-07-07T23:47:54
컴투스,00476498,078340,KOSDAQ,분기x별도,재무제표,DS-2/DS-3,DONE,"cross-check completed for ['매출액', '영업이익']",,2026-07-07T23:47:54
컴투스,00476498,078340,KOSDAQ,분기x별도,지표,CV-6,PASS,default metric selection visible,,2026-07-07T23:47:54
컴투스홀딩스,00535746,063080,KOSDAQ,연간x연결,재무제표,DS-1,PASS,,,2026-07-07T23:48:08
컴투스홀딩스,00535746,063080,KOSDAQ,연간x연결,상단,DS-8,PASS,,,2026-07-07T23:48:08
컴투스홀딩스,00535746,063080,KOSDAQ,연간x연결,상단,DS-7,PASS,"badges seen: ['✅', '🔎']",,2026-07-07T23:48:08
컴투스홀딩스,00535746,063080,KOSDAQ,연간x연결,재무제표,CV-3,PASS,rows=29 cols=19 slider_extended=True,,2026-07-07T23:48:08
컴투스홀딩스,00535746,063080,KOSDAQ,연간x연결,재무제표,DS-2/DS-3,DONE,"cross-check completed for ['매출액', '영업이익']",,2026-07-07T23:48:08
컴투스홀딩스,00535746,063080,KOSDAQ,연간x연결,지표,CV-6,PASS,default metric selection visible,,2026-07-07T23:48:08
컴투스홀딩스,00535746,063080,KOSDAQ,연간x별도,재무제표,DS-1,PASS,,,2026-07-07T23:48:13
컴투스홀딩스,00535746,063080,KOSDAQ,연간x별도,상단,DS-8,PASS,,,2026-07-07T23:48:13
컴투스홀딩스,00535746,063080,KOSDAQ,연간x별도,상단,DS-7,PASS,"badges seen: ['✅', '🔎']",,2026-07-07T23:48:13
컴투스홀딩스,00535746,063080,KOSDAQ,연간x별도,재무제표,CV-3,PASS,rows=29 cols=21 slider_extended=True,,2026-07-07T23:48:13
컴투스홀딩스,00535746,063080,KOSDAQ,연간x별도,재무제표,DS-2/DS-3,DONE,"cross-check completed for ['매출액', '영업이익']",,2026-07-07T23:48:13
컴투스홀딩스,00535746,063080,KOSDAQ,연간x별도,지표,CV-6,PASS,default metric selection visible,,2026-07-07T23:48:13
컴투스홀딩스,00535746,063080,KOSDAQ,분기x연결,재무제표,DS-1,PASS,,,2026-07-07T23:48:20
컴투스홀딩스,00535746,063080,KOSDAQ,분기x연결,상단,DS-8,PASS,,,2026-07-07T23:48:20
컴투스홀딩스,00535746,063080,KOSDAQ,분기x연결,상단,DS-7,PASS,"badges seen: ['✅', '🔎']",,2026-07-07T23:48:20
컴투스홀딩스,00535746,063080,KOSDAQ,분기x연결,재무제표,CV-3,PASS,rows=29 cols=63 slider_extended=True,,2026-07-07T23:48:20
컴투스홀딩스,00535746,063080,KOSDAQ,분기x연결,재무제표,DS-2/DS-3,DONE,"cross-check completed for ['매출액', '영업이익']",,2026-07-07T23:48:20
컴투스홀딩스,00535746,063080,KOSDAQ,분기x연결,지표,CV-6,PASS,default metric selection visible,,2026-07-07T23:48:20
컴투스홀딩스,00535746,063080,KOSDAQ,분기x별도,재무제표,DS-1,PASS,,,2026-07-07T23:48:27
컴투스홀딩스,00535746,063080,KOSDAQ,분기x별도,상단,DS-8,PASS,,,2026-07-07T23:48:27
컴투스홀딩스,00535746,063080,KOSDAQ,분기x별도,상단,DS-7,PASS,"badges seen: ['✅', '🔎']",,2026-07-07T23:48:27
컴투스홀딩스,00535746,063080,KOSDAQ,분기x별도,재무제표,CV-3,PASS,rows=29 cols=70 slider_extended=True,,2026-07-07T23:48:27
컴투스홀딩스,00535746,063080,KOSDAQ,분기x별도,재무제표,DS-2/DS-3,DONE,"cross-check completed for ['매출액', '영업이익']",,2026-07-07T23:48:27
컴투스홀딩스,00535746,063080,KOSDAQ,분기x별도,지표,CV-6,PASS,default metric selection visible,,2026-07-07T23:48:27
컴퍼니케이,00598198,307930,KOSDAQ,연간x연결,재무제표,DS-1,PASS,,,2026-07-07T23:48:41
컴퍼니케이,00598198,307930,KOSDAQ,연간x연결,상단,DS-8,PASS,,,2026-07-07T23:48:41
컴퍼니케이,00598198,307930,KOSDAQ,연간x연결,상단,DS-4,PASS,substitution caption present,,2026-07-07T23:48:41
컴퍼니케이,00598198,307930,KOSDAQ,연간x연결,상단,DS-7,PASS,"badges seen: ['✅', '🔎', '⚠']",,2026-07-07T23:48:41
컴퍼니케이,00598198,307930,KOSDAQ,연간x연결,재무제표,CV-3,PASS,rows=29 cols=11 slider_extended=True,,2026-07-07T23:48:41
컴퍼니케이,00598198,307930,KOSDAQ,연간x연결,재무제표,DS-2/DS-3,DONE,"cross-check completed for ['매출액', '영업이익']",,2026-07-07T23:48:41
컴퍼니케이,00598198,307930,KOSDAQ,연간x연결,지표,CV-6,PASS,default metric selection visible,,2026-07-07T23:48:41
컴퍼니케이,00598198,307930,KOSDAQ,연간x별도,재무제표,DS-1,PASS,,,2026-07-07T23:48:46
컴퍼니케이,00598198,307930,KOSDAQ,연간x별도,상단,DS-8,PASS,,,2026-07-07T23:48:46
컴퍼니케이,00598198,307930,KOSDAQ,연간x별도,상단,DS-7,PASS,"badges seen: ['✅', '🔎', '⚠']",,2026-07-07T23:48:46
컴퍼니케이,00598198,307930,KOSDAQ,연간x별도,재무제표,CV-3,PASS,rows=29 cols=11 slider_extended=True,,2026-07-07T23:48:46
컴퍼니케이,00598198,307930,KOSDAQ,연간x별도,재무제표,DS-2/DS-3,DONE,"cross-check completed for ['매출액', '영업이익']",,2026-07-07T23:48:46
컴퍼니케이,00598198,307930,KOSDAQ,연간x별도,지표,CV-6,PASS,default metric selection visible,,2026-07-07T23:48:46
컴퍼니케이,00598198,307930,KOSDAQ,분기x연결,재무제표,DS-1,PASS,,,2026-07-07T23:48:52
컴퍼니케이,00598198,307930,KOSDAQ,분기x연결,상단,DS-8,PASS,,,2026-07-07T23:48:52
컴퍼니케이,00598198,307930,KOSDAQ,분기x연결,상단,DS-4,PASS,substitution caption present,,2026-07-07T23:48:52
컴퍼니케이,00598198,307930,KOSDAQ,분기x연결,상단,DS-7,PASS,"badges seen: ['✅', '🔎', '⚠']",,2026-07-07T23:48:52
컴퍼니케이,00598198,307930,KOSDAQ,분기x연결,재무제표,CV-3,PASS,rows=29 cols=37 slider_extended=True,,2026-07-07T23:48:52
컴퍼니케이,00598198,307930,KOSDAQ,분기x연결,재무제표,DS-2/DS-3,DONE,"cross-check completed for ['매출액', '영업이익']",,2026-07-07T23:48:52
컴퍼니케이,00598198,307930,KOSDAQ,분기x연결,지표,CV-6,PASS,default metric selection visible,,2026-07-07T23:48:52
컴퍼니케이,00598198,307930,KOSDAQ,분기x별도,재무제표,DS-1,PASS,,,2026-07-07T23:48:59
컴퍼니케이,00598198,307930,KOSDAQ,분기x별도,상단,DS-8,PASS,,,2026-07-07T23:48:59
컴퍼니케이,00598198,307930,KOSDAQ,분기x별도,상단,DS-7,PASS,"badges seen: ['✅', '🔎', '⚠']",,2026-07-07T23:48:59
컴퍼니케이,00598198,307930,KOSDAQ,분기x별도,재무제표,CV-3,PASS,rows=29 cols=37 slider_extended=True,,2026-07-07T23:48:59
컴퍼니케이,00598198,307930,KOSDAQ,분기x별도,재무제표,DS-2/DS-3,DONE,"cross-check completed for ['매출액', '영업이익']",,2026-07-07T23:48:59
컴퍼니케이,00598198,307930,KOSDAQ,분기x별도,지표,CV-6,PASS,default metric selection visible,,2026-07-07T23:48:59
케스피온,00479705,079190,KOSDAQ,연간x연결,재무제표,DS-1,PASS,,,2026-07-07T23:49:13
케스피온,00479705,079190,KOSDAQ,연간x연결,상단,DS-8,PASS,,,2026-07-07T23:49:13
케스피온,00479705,079190,KOSDAQ,연간x연결,상단,DS-7,PASS,"badges seen: ['✅', '🔎', '⚠']",,2026-07-07T23:49:13
케스피온,00479705,079190,KOSDAQ,연간x연결,재무제표,CV-3,PASS,rows=29 cols=19 slider_extended=True,,2026-07-07T23:49:13
케스피온,00479705,079190,KOSDAQ,연간x연결,재무제표,DS-2/DS-3,DONE,"cross-check completed for ['매출액', '영업이익']",,2026-07-07T23:49:13
케스피온,00479705,079190,KOSDAQ,연간x연결,지표,CV-6,PASS,default metric selection visible,,2026-07-07T23:49:13
케스피온,00479705,079190,KOSDAQ,연간x별도,재무제표,DS-1,PASS,,,2026-07-07T23:49:18
케스피온,00479705,079190,KOSDAQ,연간x별도,상단,DS-8,PASS,,,2026-07-07T23:49:18
케스피온,00479705,079190,KOSDAQ,연간x별도,상단,DS-7,PASS,"badges seen: ['✅', '🔎', '⚠']",,2026-07-07T23:49:18
케스피온,00479705,079190,KOSDAQ,연간x별도,재무제표,CV-3,PASS,rows=29 cols=24 slider_extended=True,,2026-07-07T23:49:18
케스피온,00479705,079190,KOSDAQ,연간x별도,재무제표,DS-2/DS-3,DONE,"cross-check completed for ['매출액', '영업이익']",,2026-07-07T23:49:18
케스피온,00479705,079190,KOSDAQ,연간x별도,지표,CV-6,PASS,default metric selection visible,,2026-07-07T23:49:18
케스피온,00479705,079190,KOSDAQ,분기x연결,재무제표,DS-1,PASS,,,2026-07-07T23:49:24
케스피온,00479705,079190,KOSDAQ,분기x연결,상단,DS-8,PASS,,,2026-07-07T23:49:24
케스피온,00479705,079190,KOSDAQ,분기x연결,상단,DS-7,PASS,"badges seen: ['✅', '🔎', '⚠']",,2026-07-07T23:49:24
케스피온,00479705,079190,KOSDAQ,분기x연결,재무제표,CV-3,PASS,rows=29 cols=60 slider_extended=True,,2026-07-07T23:49:24
케스피온,00479705,079190,KOSDAQ,분기x연결,재무제표,DS-2/DS-3,DONE,"cross-check completed for ['매출액', '영업이익']",,2026-07-07T23:49:24
케스피온,00479705,079190,KOSDAQ,분기x연결,지표,CV-6,PASS,default metric selection visible,,2026-07-07T23:49:24
케스피온,00479705,079190,KOSDAQ,분기x별도,재무제표,DS-1,PASS,,,2026-07-07T23:49:32
케스피온,00479705,079190,KOSDAQ,분기x별도,상단,DS-8,PASS,,,2026-07-07T23:49:32
케스피온,00479705,079190,KOSDAQ,분기x별도,상단,DS-7,PASS,"badges seen: ['✅', '🔎', '⚠']",,2026-07-07T23:49:32
케스피온,00479705,079190,KOSDAQ,분기x별도,재무제표,CV-3,PASS,rows=29 cols=78 slider_extended=True,,2026-07-07T23:49:32
케스피온,00479705,079190,KOSDAQ,분기x별도,재무제표,DS-2/DS-3,DONE,"cross-check completed for ['매출액', '영업이익']",,2026-07-07T23:49:32
케스피온,00479705,079190,KOSDAQ,분기x별도,지표,CV-6,PASS,default metric selection visible,,2026-07-07T23:49:32
케어랩스,01187148,263700,KOSDAQ,연간x연결,재무제표,DS-1,PASS,,,2026-07-07T23:49:45
케어랩스,01187148,263700,KOSDAQ,연간x연결,상단,DS-8,PASS,,,2026-07-07T23:49:45
케어랩스,01187148,263700,KOSDAQ,연간x연결,상단,DS-7,PASS,"badges seen: ['✅', '🔎', '⚠']",,2026-07-07T23:49:45
케어랩스,01187148,263700,KOSDAQ,연간x연결,재무제표,CV-3,PASS,rows=29 cols=13 slider_extended=True,,2026-07-07T23:49:45
케어랩스,01187148,263700,KOSDAQ,연간x연결,재무제표,DS-2/DS-3,DONE,"cross-check completed for ['매출액', '영업이익']",,2026-07-07T23:49:45
케어랩스,01187148,263700,KOSDAQ,연간x연결,지표,CV-6,PASS,default metric selection visible,,2026-07-07T23:49:45
케어랩스,01187148,263700,KOSDAQ,연간x별도,재무제표,DS-1,PASS,,,2026-07-07T23:49:51
케어랩스,01187148,263700,KOSDAQ,연간x별도,상단,DS-8,PASS,,,2026-07-07T23:49:51
케어랩스,01187148,263700,KOSDAQ,연간x별도,상단,DS-7,PASS,"badges seen: ['✅', '🔎']",,2026-07-07T23:49:51
케어랩스,01187148,263700,KOSDAQ,연간x별도,재무제표,CV-3,PASS,rows=29 cols=13 slider_extended=True,,2026-07-07T23:49:51
케어랩스,01187148,263700,KOSDAQ,연간x별도,재무제표,DS-2/DS-3,DONE,"cross-check completed for ['매출액', '영업이익']",,2026-07-07T23:49:51
케어랩스,01187148,263700,KOSDAQ,연간x별도,지표,CV-6,PASS,default metric selection visible,,2026-07-07T23:49:51
케어랩스,01187148,263700,KOSDAQ,분기x연결,재무제표,DS-1,PASS,,,2026-07-07T23:49:57
케어랩스,01187148,263700,KOSDAQ,분기x연결,상단,DS-8,PASS,,,2026-07-07T23:49:57
케어랩스,01187148,263700,KOSDAQ,분기x연결,상단,DS-7,PASS,"badges seen: ['✅', '🔎']",,2026-07-07T23:49:57
케어랩스,01187148,263700,KOSDAQ,분기x연결,재무제표,CV-3,PASS,rows=29 cols=40 slider_extended=True,,2026-07-07T23:49:57
케어랩스,01187148,263700,KOSDAQ,분기x연결,재무제표,DS-2/DS-3,DONE,"cross-check completed for ['매출액', '영업이익']",,2026-07-07T23:49:57
케어랩스,01187148,263700,KOSDAQ,분기x연결,지표,CV-6,PASS,default metric selection visible,,2026-07-07T23:49:57
케어랩스,01187148,263700,KOSDAQ,분기x별도,재무제표,DS-1,PASS,,,2026-07-07T23:50:04
케어랩스,01187148,263700,KOSDAQ,분기x별도,상단,DS-8,PASS,,,2026-07-07T23:50:04
케어랩스,01187148,263700,KOSDAQ,분기x별도,상단,DS-7,PASS,"badges seen: ['✅', '🔎']",,2026-07-07T23:50:04
케어랩스,01187148,263700,KOSDAQ,분기x별도,재무제표,CV-3,PASS,rows=29 cols=40 slider_extended=True,,2026-07-07T23:50:04
케어랩스,01187148,263700,KOSDAQ,분기x별도,재무제표,DS-2/DS-3,DONE,"cross-check completed for ['매출액', '영업이익']",,2026-07-07T23:50:04
케어랩스,01187148,263700,KOSDAQ,분기x별도,지표,CV-6,PASS,default metric selection visible,,2026-07-07T23:50:04
케어젠,00549891,214370,KOSDAQ,연간x연결,재무제표,DS-1,PASS,,,2026-07-07T23:50:17
케어젠,00549891,214370,KOSDAQ,연간x연결,상단,DS-8,PASS,,,2026-07-07T23:50:17
케어젠,00549891,214370,KOSDAQ,연간x연결,상단,DS-7,PASS,"badges seen: ['✅', '🔎', '⚠']",,2026-07-07T23:50:17
케어젠,00549891,214370,KOSDAQ,연간x연결,재무제표,CV-3,PASS,rows=29 cols=12 slider_extended=True,,2026-07-07T23:50:17
케어젠,00549891,214370,KOSDAQ,연간x연결,재무제표,DS-2/DS-3,DONE,"cross-check completed for ['매출액', '영업이익']",,2026-07-07T23:50:17
케어젠,00549891,214370,KOSDAQ,연간x연결,지표,CV-6,PASS,default metric selection visible,,2026-07-07T23:50:17
케어젠,00549891,214370,KOSDAQ,연간x별도,재무제표,DS-1,PASS,,,2026-07-07T23:50:23
케어젠,00549891,214370,KOSDAQ,연간x별도,상단,DS-8,PASS,,,2026-07-07T23:50:23
케어젠,00549891,214370,KOSDAQ,연간x별도,상단,DS-7,PASS,"badges seen: ['✅', '🔎', '⚠']",,2026-07-07T23:50:23
케어젠,00549891,214370,KOSDAQ,연간x별도,재무제표,CV-3,PASS,rows=29 cols=15 slider_extended=True,,2026-07-07T23:50:23
케어젠,00549891,214370,KOSDAQ,연간x별도,재무제표,DS-2/DS-3,DONE,"cross-check completed for ['매출액', '영업이익']",,2026-07-07T23:50:23
케어젠,00549891,214370,KOSDAQ,연간x별도,지표,CV-6,PASS,default metric selection visible,,2026-07-07T23:50:23
케어젠,00549891,214370,KOSDAQ,분기x연결,재무제표,DS-1,PASS,,,2026-07-07T23:50:29
케어젠,00549891,214370,KOSDAQ,분기x연결,상단,DS-8,PASS,,,2026-07-07T23:50:29
케어젠,00549891,214370,KOSDAQ,분기x연결,상단,DS-7,PASS,"badges seen: ['✅', '🔎', '⚠']",,2026-07-07T23:50:29
케어젠,00549891,214370,KOSDAQ,분기x연결,재무제표,CV-3,PASS,rows=29 cols=44 slider_extended=True,,2026-07-07T23:50:29
케어젠,00549891,214370,KOSDAQ,분기x연결,재무제표,DS-2/DS-3,DONE,"cross-check completed for ['매출액', '영업이익']",,2026-07-07T23:50:29
케어젠,00549891,214370,KOSDAQ,분기x연결,지표,CV-6,PASS,default metric selection visible,,2026-07-07T23:50:29
케어젠,00549891,214370,KOSDAQ,분기x별도,재무제표,DS-1,PASS,,,2026-07-07T23:50:36
케어젠,00549891,214370,KOSDAQ,분기x별도,상단,DS-8,PASS,,,2026-07-07T23:50:36
케어젠,00549891,214370,KOSDAQ,분기x별도,상단,DS-7,PASS,"badges seen: ['✅', '🔎', '⚠']",,2026-07-07T23:50:36
케어젠,00549891,214370,KOSDAQ,분기x별도,재무제표,CV-3,PASS,rows=29 cols=51 slider_extended=True,,2026-07-07T23:50:36
케어젠,00549891,214370,KOSDAQ,분기x별도,재무제표,DS-2/DS-3,DONE,"cross-check completed for ['매출액', '영업이익']",,2026-07-07T23:50:36
케어젠,00549891,214370,KOSDAQ,분기x별도,지표,CV-6,PASS,default metric selection visible,,2026-07-07T23:50:36
케이디켐,00370918,221980,KOSDAQ,연간x연결,재무제표,DS-1,PASS,,,2026-07-07T23:50:50
케이디켐,00370918,221980,KOSDAQ,연간x연결,상단,DS-8,PASS,,,2026-07-07T23:50:50
케이디켐,00370918,221980,KOSDAQ,연간x연결,상단,DS-7,PASS,"badges seen: ['✅', '🔎']",,2026-07-07T23:50:50
케이디켐,00370918,221980,KOSDAQ,연간x연결,재무제표,CV-3,PASS,rows=29 cols=15 slider_extended=True,,2026-07-07T23:50:50
케이디켐,00370918,221980,KOSDAQ,연간x연결,재무제표,DS-2/DS-3,DONE,"cross-check completed for ['매출액', '영업이익']",,2026-07-07T23:50:50
케이디켐,00370918,221980,KOSDAQ,연간x연결,지표,CV-6,PASS,default metric selection visible,,2026-07-07T23:50:50
케이디켐,00370918,221980,KOSDAQ,연간x별도,재무제표,DS-1,PASS,,,2026-07-07T23:50:55
케이디켐,00370918,221980,KOSDAQ,연간x별도,상단,DS-8,PASS,,,2026-07-07T23:50:55
케이디켐,00370918,221980,KOSDAQ,연간x별도,상단,DS-7,PASS,"badges seen: ['✅', '🔎']",,2026-07-07T23:50:55
케이디켐,00370918,221980,KOSDAQ,연간x별도,재무제표,CV-3,PASS,rows=29 cols=15 slider_extended=True,,2026-07-07T23:50:55
케이디켐,00370918,221980,KOSDAQ,연간x별도,재무제표,DS-2/DS-3,DONE,"cross-check completed for ['매출액', '영업이익']",,2026-07-07T23:50:55
케이디켐,00370918,221980,KOSDAQ,연간x별도,지표,CV-6,PASS,default metric selection visible,,2026-07-07T23:50:55
케이디켐,00370918,221980,KOSDAQ,분기x연결,재무제표,DS-1,PASS,,,2026-07-07T23:51:01
케이디켐,00370918,221980,KOSDAQ,분기x연결,상단,DS-8,PASS,,,2026-07-07T23:51:01
케이디켐,00370918,221980,KOSDAQ,분기x연결,상단,DS-7,PASS,"badges seen: ['✅', '🔎']",,2026-07-07T23:51:01
케이디켐,00370918,221980,KOSDAQ,분기x연결,재무제표,CV-3,PASS,rows=29 cols=51 slider_extended=True,,2026-07-07T23:51:01
케이디켐,00370918,221980,KOSDAQ,분기x연결,재무제표,DS-2/DS-3,DONE,"cross-check completed for ['매출액', '영업이익']",,2026-07-07T23:51:01
케이디켐,00370918,221980,KOSDAQ,분기x연결,지표,CV-6,PASS,default metric selection visible,,2026-07-07T23:51:01
케이디켐,00370918,221980,KOSDAQ,분기x별도,재무제표,DS-1,PASS,,,2026-07-07T23:51:08
케이디켐,00370918,221980,KOSDAQ,분기x별도,상단,DS-8,PASS,,,2026-07-07T23:51:08
케이디켐,00370918,221980,KOSDAQ,분기x별도,상단,DS-7,PASS,"badges seen: ['✅', '🔎']",,2026-07-07T23:51:08
케이디켐,00370918,221980,KOSDAQ,분기x별도,재무제표,CV-3,PASS,rows=29 cols=51 slider_extended=True,,2026-07-07T23:51:08
케이디켐,00370918,221980,KOSDAQ,분기x별도,재무제표,DS-2/DS-3,DONE,"cross-check completed for ['매출액', '영업이익']",,2026-07-07T23:51:08
케이디켐,00370918,221980,KOSDAQ,분기x별도,지표,CV-6,PASS,default metric selection visible,,2026-07-07T23:51:08
케이바이오랩스,00255105,038530,KOSDAQ,연간x연결,재무제표,DS-1,PASS,,,2026-07-07T23:51:22
케이바이오랩스,00255105,038530,KOSDAQ,연간x연결,상단,DS-8,PASS,,,2026-07-07T23:51:22
케이바이오랩스,00255105,038530,KOSDAQ,연간x연결,상단,DS-7,PASS,"badges seen: ['✅', '🔎', '⚠']",,2026-07-07T23:51:22
케이바이오랩스,00255105,038530,KOSDAQ,연간x연결,재무제표,CV-3,PASS,rows=29 cols=17 slider_extended=True,,2026-07-07T23:51:22
케이바이오랩스,00255105,038530,KOSDAQ,연간x연결,재무제표,DS-2/DS-3,DONE,"cross-check completed for ['매출액', '영업이익']",,2026-07-07T23:51:22
케이바이오랩스,00255105,038530,KOSDAQ,연간x연결,지표,CV-6,PASS,default metric selection visible,,2026-07-07T23:51:22
케이바이오랩스,00255105,038530,KOSDAQ,연간x별도,재무제표,DS-1,PASS,,,2026-07-07T23:51:27
케이바이오랩스,00255105,038530,KOSDAQ,연간x별도,상단,DS-8,PASS,,,2026-07-07T23:51:27
케이바이오랩스,00255105,038530,KOSDAQ,연간x별도,상단,DS-7,PASS,"badges seen: ['✅', '🔎', '⚠']",,2026-07-07T23:51:27
케이바이오랩스,00255105,038530,KOSDAQ,연간x별도,재무제표,CV-3,PASS,rows=29 cols=26 slider_extended=True,,2026-07-07T23:51:27
케이바이오랩스,00255105,038530,KOSDAQ,연간x별도,재무제표,DS-2/DS-3,DONE,"cross-check completed for ['매출액', '영업이익']",,2026-07-07T23:51:27
케이바이오랩스,00255105,038530,KOSDAQ,연간x별도,지표,CV-6,PASS,default metric selection visible,,2026-07-07T23:51:27
케이바이오랩스,00255105,038530,KOSDAQ,분기x연결,재무제표,DS-1,PASS,,,2026-07-07T23:51:33
케이바이오랩스,00255105,038530,KOSDAQ,분기x연결,상단,DS-8,PASS,,,2026-07-07T23:51:33
케이바이오랩스,00255105,038530,KOSDAQ,분기x연결,상단,DS-7,PASS,"badges seen: ['✅', '🔎', '⚠']",,2026-07-07T23:51:33
케이바이오랩스,00255105,038530,KOSDAQ,분기x연결,재무제표,CV-3,PASS,rows=29 cols=54 slider_extended=True,,2026-07-07T23:51:33
케이바이오랩스,00255105,038530,KOSDAQ,분기x연결,재무제표,DS-2/DS-3,DONE,"cross-check completed for ['매출액', '영업이익']",,2026-07-07T23:51:33
케이바이오랩스,00255105,038530,KOSDAQ,분기x연결,지표,CV-6,PASS,default metric selection visible,,2026-07-07T23:51:33
케이바이오랩스,00255105,038530,KOSDAQ,분기x별도,재무제표,DS-1,PASS,,,2026-07-07T23:51:41
케이바이오랩스,00255105,038530,KOSDAQ,분기x별도,상단,DS-8,PASS,,,2026-07-07T23:51:41
케이바이오랩스,00255105,038530,KOSDAQ,분기x별도,상단,DS-7,PASS,"badges seen: ['✅', '🔎', '⚠']",,2026-07-07T23:51:41
케이바이오랩스,00255105,038530,KOSDAQ,분기x별도,재무제표,CV-3,PASS,rows=29 cols=84 slider_extended=True,,2026-07-07T23:51:41
케이바이오랩스,00255105,038530,KOSDAQ,분기x별도,재무제표,DS-2/DS-3,DONE,"cross-check completed for ['매출액', '영업이익']",,2026-07-07T23:51:41
케이바이오랩스,00255105,038530,KOSDAQ,분기x별도,지표,CV-6,PASS,default metric selection visible,,2026-07-07T23:51:41
케이사인,01003040,192250,KOSDAQ,연간x연결,재무제표,DS-1,PASS,,,2026-07-07T23:51:55
케이사인,01003040,192250,KOSDAQ,연간x연결,상단,DS-8,PASS,,,2026-07-07T23:51:55
케이사인,01003040,192250,KOSDAQ,연간x연결,상단,DS-7,PASS,"badges seen: ['✅', '🔎', '⚠']",,2026-07-07T23:51:55
케이사인,01003040,192250,KOSDAQ,연간x연결,재무제표,CV-3,PASS,rows=29 cols=15 slider_extended=True,,2026-07-07T23:51:55
케이사인,01003040,192250,KOSDAQ,연간x연결,재무제표,DS-2/DS-3,DONE,"cross-check completed for ['매출액', '영업이익']",,2026-07-07T23:51:55
케이사인,01003040,192250,KOSDAQ,연간x연결,지표,CV-6,PASS,default metric selection visible,,2026-07-07T23:51:55
케이사인,01003040,192250,KOSDAQ,연간x별도,재무제표,DS-1,PASS,,,2026-07-07T23:52:00
케이사인,01003040,192250,KOSDAQ,연간x별도,상단,DS-8,PASS,,,2026-07-07T23:52:00
케이사인,01003040,192250,KOSDAQ,연간x별도,상단,DS-7,PASS,"badges seen: ['✅', '🔎']",,2026-07-07T23:52:00
케이사인,01003040,192250,KOSDAQ,연간x별도,재무제표,CV-3,PASS,rows=29 cols=15 slider_extended=True,,2026-07-07T23:52:00
케이사인,01003040,192250,KOSDAQ,연간x별도,재무제표,DS-2/DS-3,DONE,"cross-check completed for ['매출액', '영업이익']",,2026-07-07T23:52:00
케이사인,01003040,192250,KOSDAQ,연간x별도,지표,CV-6,PASS,default metric selection visible,,2026-07-07T23:52:00
케이사인,01003040,192250,KOSDAQ,분기x연결,재무제표,DS-1,PASS,,,2026-07-07T23:52:06
케이사인,01003040,192250,KOSDAQ,분기x연결,상단,DS-8,PASS,,,2026-07-07T23:52:06
케이사인,01003040,192250,KOSDAQ,분기x연결,상단,DS-7,PASS,"badges seen: ['✅', '🔎']",,2026-07-07T23:52:06
케이사인,01003040,192250,KOSDAQ,분기x연결,재무제표,CV-3,PASS,rows=29 cols=54 slider_extended=True,,2026-07-07T23:52:06
케이사인,01003040,192250,KOSDAQ,분기x연결,재무제표,DS-2/DS-3,DONE,"cross-check completed for ['매출액', '영업이익']",,2026-07-07T23:52:06
케이사인,01003040,192250,KOSDAQ,분기x연결,지표,CV-6,PASS,default metric selection visible,,2026-07-07T23:52:06
케이사인,01003040,192250,KOSDAQ,분기x별도,재무제표,DS-1,PASS,,,2026-07-07T23:52:13
케이사인,01003040,192250,KOSDAQ,분기x별도,상단,DS-8,PASS,,,2026-07-07T23:52:13
케이사인,01003040,192250,KOSDAQ,분기x별도,상단,DS-7,PASS,"badges seen: ['✅', '🔎', '⚠']",,2026-07-07T23:52:13
케이사인,01003040,192250,KOSDAQ,분기x별도,재무제표,CV-3,PASS,rows=29 cols=51 slider_extended=True,,2026-07-07T23:52:13
케이사인,01003040,192250,KOSDAQ,분기x별도,재무제표,DS-2/DS-3,DONE,"cross-check completed for ['매출액', '영업이익']",,2026-07-07T23:52:13
케이사인,01003040,192250,KOSDAQ,분기x별도,지표,CV-6,PASS,default metric selection visible,,2026-07-07T23:52:13
케이쓰리아이,01689266,431190,KOSDAQ,연간x연결,재무제표,DS-1,PASS,,,2026-07-07T23:52:27
케이쓰리아이,01689266,431190,KOSDAQ,연간x연결,상단,DS-8,PASS,,,2026-07-07T23:52:27
케이쓰리아이,01689266,431190,KOSDAQ,연간x연결,상단,DS-7,PASS,"badges seen: ['✅', '🔎']",,2026-07-07T23:52:27
케이쓰리아이,01689266,431190,KOSDAQ,연간x연결,재무제표,CV-3,PASS,rows=29 cols=6 slider_extended=True,,2026-07-07T23:52:27
케이쓰리아이,01689266,431190,KOSDAQ,연간x연결,재무제표,DS-2/DS-3,DONE,"cross-check completed for ['매출액', '영업이익']",,2026-07-07T23:52:27
케이쓰리아이,01689266,431190,KOSDAQ,연간x연결,지표,CV-6,PASS,default metric selection visible,,2026-07-07T23:52:27
케이쓰리아이,01689266,431190,KOSDAQ,연간x별도,재무제표,DS-1,PASS,,,2026-07-07T23:52:32
케이쓰리아이,01689266,431190,KOSDAQ,연간x별도,상단,DS-8,PASS,,,2026-07-07T23:52:32
케이쓰리아이,01689266,431190,KOSDAQ,연간x별도,상단,DS-7,PASS,"badges seen: ['✅', '🔎']",,2026-07-07T23:52:32
케이쓰리아이,01689266,431190,KOSDAQ,연간x별도,재무제표,CV-3,PASS,rows=29 cols=6 slider_extended=True,,2026-07-07T23:52:32
케이쓰리아이,01689266,431190,KOSDAQ,연간x별도,재무제표,DS-2/DS-3,DONE,"cross-check completed for ['매출액', '영업이익']",,2026-07-07T23:52:32
케이쓰리아이,01689266,431190,KOSDAQ,연간x별도,지표,CV-6,PASS,default metric selection visible,,2026-07-07T23:52:32
케이쓰리아이,01689266,431190,KOSDAQ,분기x연결,재무제표,DS-1,PASS,,,2026-07-07T23:52:38
케이쓰리아이,01689266,431190,KOSDAQ,분기x연결,상단,DS-8,PASS,,,2026-07-07T23:52:38
케이쓰리아이,01689266,431190,KOSDAQ,분기x연결,상단,DS-7,PASS,"badges seen: ['✅', '🔎']",,2026-07-07T23:52:38
케이쓰리아이,01689266,431190,KOSDAQ,분기x연결,재무제표,CV-3,PASS,rows=29 cols=11 slider_extended=True,,2026-07-07T23:52:38
케이쓰리아이,01689266,431190,KOSDAQ,분기x연결,재무제표,DS-2/DS-3,DONE,"cross-check completed for ['매출액', '영업이익']",,2026-07-07T23:52:38
케이쓰리아이,01689266,431190,KOSDAQ,분기x연결,지표,CV-6,PASS,default metric selection visible,,2026-07-07T23:52:38
케이쓰리아이,01689266,431190,KOSDAQ,분기x별도,재무제표,DS-1,PASS,,,2026-07-07T23:52:45
케이쓰리아이,01689266,431190,KOSDAQ,분기x별도,상단,DS-8,PASS,,,2026-07-07T23:52:45
케이쓰리아이,01689266,431190,KOSDAQ,분기x별도,상단,DS-7,PASS,"badges seen: ['✅', '🔎']",,2026-07-07T23:52:45
케이쓰리아이,01689266,431190,KOSDAQ,분기x별도,재무제표,CV-3,PASS,rows=29 cols=12 slider_extended=True,,2026-07-07T23:52:45
케이쓰리아이,01689266,431190,KOSDAQ,분기x별도,재무제표,DS-2/DS-3,DONE,"cross-check completed for ['매출액', '영업이익']",,2026-07-07T23:52:45
케이쓰리아이,01689266,431190,KOSDAQ,분기x별도,지표,CV-6,PASS,default metric selection visible,,2026-07-07T23:52:45
케이씨에스,00441650,115500,KOSDAQ,연간x연결,재무제표,DS-1,PASS,,,2026-07-07T23:52:59
케이씨에스,00441650,115500,KOSDAQ,연간x연결,상단,DS-8,PASS,,,2026-07-07T23:52:59
케이씨에스,00441650,115500,KOSDAQ,연간x연결,상단,DS-4,PASS,substitution caption present,,2026-07-07T23:52:59
케이씨에스,00441650,115500,KOSDAQ,연간x연결,상단,DS-7,PASS,"badges seen: ['✅', '🔎', '⚠']",,2026-07-07T23:52:59
케이씨에스,00441650,115500,KOSDAQ,연간x연결,재무제표,CV-3,PASS,rows=29 cols=20 slider_extended=True,,2026-07-07T23:52:59
케이씨에스,00441650,115500,KOSDAQ,연간x연결,재무제표,DS-2/DS-3,DONE,"cross-check completed for ['매출액', '영업이익']",,2026-07-07T23:52:59
케이씨에스,00441650,115500,KOSDAQ,연간x연결,지표,CV-6,PASS,default metric selection visible,,2026-07-07T23:52:59
케이씨에스,00441650,115500,KOSDAQ,연간x별도,재무제표,DS-1,PASS,,,2026-07-07T23:53:04
케이씨에스,00441650,115500,KOSDAQ,연간x별도,상단,DS-8,PASS,,,2026-07-07T23:53:04
케이씨에스,00441650,115500,KOSDAQ,연간x별도,상단,DS-7,PASS,"badges seen: ['✅', '🔎', '⚠']",,2026-07-07T23:53:04
케이씨에스,00441650,115500,KOSDAQ,연간x별도,재무제표,CV-3,PASS,rows=29 cols=20 slider_extended=True,,2026-07-07T23:53:04
케이씨에스,00441650,115500,KOSDAQ,연간x별도,재무제표,DS-2/DS-3,DONE,"cross-check completed for ['매출액', '영업이익']",,2026-07-07T23:53:04
케이씨에스,00441650,115500,KOSDAQ,연간x별도,지표,CV-6,PASS,default metric selection visible,,2026-07-07T23:53:04
케이씨에스,00441650,115500,KOSDAQ,분기x연결,재무제표,DS-1,PASS,,,2026-07-07T23:53:10
케이씨에스,00441650,115500,KOSDAQ,분기x연결,상단,DS-8,PASS,,,2026-07-07T23:53:10
케이씨에스,00441650,115500,KOSDAQ,분기x연결,상단,DS-4,PASS,substitution caption present,,2026-07-07T23:53:10
케이씨에스,00441650,115500,KOSDAQ,분기x연결,상단,DS-7,PASS,"badges seen: ['✅', '🔎']",,2026-07-07T23:53:10
케이씨에스,00441650,115500,KOSDAQ,분기x연결,재무제표,CV-3,PASS,rows=29 cols=67 slider_extended=True,,2026-07-07T23:53:10
케이씨에스,00441650,115500,KOSDAQ,분기x연결,재무제표,DS-2/DS-3,DONE,"cross-check completed for ['매출액', '영업이익']",,2026-07-07T23:53:10
케이씨에스,00441650,115500,KOSDAQ,분기x연결,지표,CV-6,PASS,default metric selection visible,,2026-07-07T23:53:10
케이씨에스,00441650,115500,KOSDAQ,분기x별도,재무제표,DS-1,PASS,,,2026-07-07T23:53:18
케이씨에스,00441650,115500,KOSDAQ,분기x별도,상단,DS-8,PASS,,,2026-07-07T23:53:18
케이씨에스,00441650,115500,KOSDAQ,분기x별도,상단,DS-7,PASS,"badges seen: ['✅', '🔎']",,2026-07-07T23:53:18
케이씨에스,00441650,115500,KOSDAQ,분기x별도,재무제표,CV-3,PASS,rows=29 cols=67 slider_extended=True,,2026-07-07T23:53:18
케이씨에스,00441650,115500,KOSDAQ,분기x별도,재무제표,DS-2/DS-3,DONE,"cross-check completed for ['매출액', '영업이익']",,2026-07-07T23:53:18
케이씨에스,00441650,115500,KOSDAQ,분기x별도,지표,CV-6,PASS,default metric selection visible,,2026-07-07T23:53:18
케이씨티,00441447,089150,KOSDAQ,연간x연결,재무제표,DS-1,PASS,,,2026-07-07T23:53:31
케이씨티,00441447,089150,KOSDAQ,연간x연결,상단,DS-8,PASS,,,2026-07-07T23:53:31
케이씨티,00441447,089150,KOSDAQ,연간x연결,상단,DS-4,PASS,substitution caption present,,2026-07-07T23:53:31
케이씨티,00441447,089150,KOSDAQ,연간x연결,상단,DS-7,PASS,"badges seen: ['✅', '🔎']",,2026-07-07T23:53:31
케이씨티,00441447,089150,KOSDAQ,연간x연결,재무제표,CV-3,PASS,rows=29 cols=23 slider_extended=True,,2026-07-07T23:53:31
케이씨티,00441447,089150,KOSDAQ,연간x연결,재무제표,DS-2/DS-3,DONE,"cross-check completed for ['매출액', '영업이익']",,2026-07-07T23:53:31
케이씨티,00441447,089150,KOSDAQ,연간x연결,지표,CV-6,PASS,default metric selection visible,,2026-07-07T23:53:31
케이씨티,00441447,089150,KOSDAQ,연간x별도,재무제표,DS-1,PASS,,,2026-07-07T23:53:37
케이씨티,00441447,089150,KOSDAQ,연간x별도,상단,DS-8,PASS,,,2026-07-07T23:53:37
케이씨티,00441447,089150,KOSDAQ,연간x별도,상단,DS-7,PASS,"badges seen: ['✅', '🔎']",,2026-07-07T23:53:37
케이씨티,00441447,089150,KOSDAQ,연간x별도,재무제표,CV-3,PASS,rows=29 cols=23 slider_extended=True,,2026-07-07T23:53:37
케이씨티,00441447,089150,KOSDAQ,연간x별도,재무제표,DS-2/DS-3,DONE,"cross-check completed for ['매출액', '영업이익']",,2026-07-07T23:53:37
케이씨티,00441447,089150,KOSDAQ,연간x별도,지표,CV-6,PASS,default metric selection visible,,2026-07-07T23:53:37
케이씨티,00441447,089150,KOSDAQ,분기x연결,재무제표,DS-1,PASS,,,2026-07-07T23:53:43
케이씨티,00441447,089150,KOSDAQ,분기x연결,상단,DS-8,PASS,,,2026-07-07T23:53:43
케이씨티,00441447,089150,KOSDAQ,분기x연결,상단,DS-4,PASS,substitution caption present,,2026-07-07T23:53:43
케이씨티,00441447,089150,KOSDAQ,분기x연결,상단,DS-7,PASS,"badges seen: ['✅', '🔎', '⚠']",,2026-07-07T23:53:43
케이씨티,00441447,089150,KOSDAQ,분기x연결,재무제표,CV-3,PASS,rows=29 cols=74 slider_extended=True,,2026-07-07T23:53:43
케이씨티,00441447,089150,KOSDAQ,분기x연결,재무제표,DS-2/DS-3,DONE,"cross-check completed for ['매출액', '영업이익']",,2026-07-07T23:53:43
케이씨티,00441447,089150,KOSDAQ,분기x연결,지표,CV-6,PASS,default metric selection visible,,2026-07-07T23:53:43
케이씨티,00441447,089150,KOSDAQ,분기x별도,재무제표,DS-1,PASS,,,2026-07-07T23:53:50
케이씨티,00441447,089150,KOSDAQ,분기x별도,상단,DS-8,PASS,,,2026-07-07T23:53:50
케이씨티,00441447,089150,KOSDAQ,분기x별도,상단,DS-7,PASS,"badges seen: ['✅', '🔎', '⚠']",,2026-07-07T23:53:50
케이씨티,00441447,089150,KOSDAQ,분기x별도,재무제표,CV-3,PASS,rows=29 cols=74 slider_extended=True,,2026-07-07T23:53:50
케이씨티,00441447,089150,KOSDAQ,분기x별도,재무제표,DS-2/DS-3,DONE,"cross-check completed for ['매출액', '영업이익']",,2026-07-07T23:53:50
케이씨티,00441447,089150,KOSDAQ,분기x별도,지표,CV-6,PASS,default metric selection visible,,2026-07-07T23:53:50
케이씨피드,00101752,025880,KOSDAQ,연간x연결,재무제표,DS-1,PASS,,,2026-07-07T23:54:04
케이씨피드,00101752,025880,KOSDAQ,연간x연결,상단,DS-8,PASS,,,2026-07-07T23:54:04
케이씨피드,00101752,025880,KOSDAQ,연간x연결,상단,DS-7,PASS,"badges seen: ['✅', '🔎', '⚠']",,2026-07-07T23:54:04
케이씨피드,00101752,025880,KOSDAQ,연간x연결,재무제표,CV-3,PASS,rows=29 cols=19 slider_extended=True,,2026-07-07T23:54:04
케이씨피드,00101752,025880,KOSDAQ,연간x연결,재무제표,DS-2/DS-3,DONE,"cross-check completed for ['매출액', '영업이익']",,2026-07-07T23:54:04
케이씨피드,00101752,025880,KOSDAQ,연간x연결,지표,CV-6,PASS,default metric selection visible,,2026-07-07T23:54:04
케이씨피드,00101752,025880,KOSDAQ,연간x별도,재무제표,DS-1,PASS,,,2026-07-07T23:54:09
케이씨피드,00101752,025880,KOSDAQ,연간x별도,상단,DS-8,PASS,,,2026-07-07T23:54:09
케이씨피드,00101752,025880,KOSDAQ,연간x별도,상단,DS-7,PASS,"badges seen: ['✅', '🔎']",,2026-07-07T23:54:09
케이씨피드,00101752,025880,KOSDAQ,연간x별도,재무제표,CV-3,PASS,rows=29 cols=25 slider_extended=True,,2026-07-07T23:54:09
케이씨피드,00101752,025880,KOSDAQ,연간x별도,재무제표,DS-2/DS-3,DONE,"cross-check completed for ['매출액', '영업이익']",,2026-07-07T23:54:09
케이씨피드,00101752,025880,KOSDAQ,연간x별도,지표,CV-6,PASS,default metric selection visible,,2026-07-07T23:54:09
케이씨피드,00101752,025880,KOSDAQ,분기x연결,재무제표,DS-1,PASS,,,2026-07-07T23:54:16
케이씨피드,00101752,025880,KOSDAQ,분기x연결,상단,DS-8,PASS,,,2026-07-07T23:54:16
케이씨피드,00101752,025880,KOSDAQ,분기x연결,상단,DS-7,PASS,"badges seen: ['✅', '🔎']",,2026-07-07T23:54:16
케이씨피드,00101752,025880,KOSDAQ,분기x연결,재무제표,CV-3,PASS,rows=29 cols=63 slider_extended=True,,2026-07-07T23:54:16
케이씨피드,00101752,025880,KOSDAQ,분기x연결,재무제표,DS-2/DS-3,DONE,"cross-check completed for ['매출액', '영업이익']",,2026-07-07T23:54:16
케이씨피드,00101752,025880,KOSDAQ,분기x연결,지표,CV-6,PASS,default metric selection visible,,2026-07-07T23:54:16
케이씨피드,00101752,025880,KOSDAQ,분기x별도,재무제표,DS-1,PASS,,,2026-07-07T23:54:23
케이씨피드,00101752,025880,KOSDAQ,분기x별도,상단,DS-8,PASS,,,2026-07-07T23:54:23
케이씨피드,00101752,025880,KOSDAQ,분기x별도,상단,DS-7,PASS,"badges seen: ['✅', '🔎']",,2026-07-07T23:54:23
케이씨피드,00101752,025880,KOSDAQ,분기x별도,재무제표,CV-3,PASS,rows=29 cols=78 slider_extended=True,,2026-07-07T23:54:23
케이씨피드,00101752,025880,KOSDAQ,분기x별도,재무제표,DS-2/DS-3,DONE,"cross-check completed for ['매출액', '영업이익']",,2026-07-07T23:54:23
케이씨피드,00101752,025880,KOSDAQ,분기x별도,지표,CV-6,PASS,default metric selection visible,,2026-07-07T23:54:23
케이아이엔엑스,00603348,093320,KOSDAQ,연간x연결,재무제표,DS-1,PASS,,,2026-07-07T23:54:36
케이아이엔엑스,00603348,093320,KOSDAQ,연간x연결,상단,DS-8,PASS,,,2026-07-07T23:54:36
케이아이엔엑스,00603348,093320,KOSDAQ,연간x연결,상단,DS-7,PASS,"badges seen: ['✅', '🔎']",,2026-07-07T23:54:36
케이아이엔엑스,00603348,093320,KOSDAQ,연간x연결,재무제표,CV-3,PASS,rows=29 cols=19 slider_extended=True,,2026-07-07T23:54:36
케이아이엔엑스,00603348,093320,KOSDAQ,연간x연결,재무제표,DS-2/DS-3,DONE,"cross-check completed for ['매출액', '영업이익']",,2026-07-07T23:54:36
케이아이엔엑스,00603348,093320,KOSDAQ,연간x연결,지표,CV-6,PASS,default metric selection visible,,2026-07-07T23:54:36
케이아이엔엑스,00603348,093320,KOSDAQ,연간x별도,재무제표,DS-1,PASS,,,2026-07-07T23:54:42
케이아이엔엑스,00603348,093320,KOSDAQ,연간x별도,상단,DS-8,PASS,,,2026-07-07T23:54:42
케이아이엔엑스,00603348,093320,KOSDAQ,연간x별도,상단,DS-7,PASS,"badges seen: ['✅', '🔎']",,2026-07-07T23:54:42
케이아이엔엑스,00603348,093320,KOSDAQ,연간x별도,재무제표,CV-3,PASS,rows=29 cols=20 slider_extended=True,,2026-07-07T23:54:42
케이아이엔엑스,00603348,093320,KOSDAQ,연간x별도,재무제표,DS-2/DS-3,DONE,"cross-check completed for ['매출액', '영업이익']",,2026-07-07T23:54:42
케이아이엔엑스,00603348,093320,KOSDAQ,연간x별도,지표,CV-6,PASS,default metric selection visible,,2026-07-07T23:54:42
케이아이엔엑스,00603348,093320,KOSDAQ,분기x연결,재무제표,DS-1,PASS,,,2026-07-07T23:54:48
케이아이엔엑스,00603348,093320,KOSDAQ,분기x연결,상단,DS-8,PASS,,,2026-07-07T23:54:48
케이아이엔엑스,00603348,093320,KOSDAQ,분기x연결,상단,DS-7,PASS,"badges seen: ['✅', '🔎']",,2026-07-07T23:54:48
케이아이엔엑스,00603348,093320,KOSDAQ,분기x연결,재무제표,CV-3,PASS,rows=29 cols=63 slider_extended=True,,2026-07-07T23:54:48
케이아이엔엑스,00603348,093320,KOSDAQ,분기x연결,재무제표,DS-2/DS-3,DONE,"cross-check completed for ['매출액', '영업이익']",,2026-07-07T23:54:48
케이아이엔엑스,00603348,093320,KOSDAQ,분기x연결,지표,CV-6,PASS,default metric selection visible,,2026-07-07T23:54:48
케이아이엔엑스,00603348,093320,KOSDAQ,분기x별도,재무제표,DS-1,PASS,,,2026-07-07T23:54:55
케이아이엔엑스,00603348,093320,KOSDAQ,분기x별도,상단,DS-8,PASS,,,2026-07-07T23:54:55
케이아이엔엑스,00603348,093320,KOSDAQ,분기x별도,상단,DS-7,PASS,"badges seen: ['✅', '🔎']",,2026-07-07T23:54:55
케이아이엔엑스,00603348,093320,KOSDAQ,분기x별도,재무제표,CV-3,PASS,rows=29 cols=63 slider_extended=True,,2026-07-07T23:54:55
케이아이엔엑스,00603348,093320,KOSDAQ,분기x별도,재무제표,DS-2/DS-3,DONE,"cross-check completed for ['매출액', '영업이익']",,2026-07-07T23:54:55
케이아이엔엑스,00603348,093320,KOSDAQ,분기x별도,지표,CV-6,PASS,default metric selection visible,,2026-07-07T23:54:55
케이알엠,00536888,093640,KOSDAQ,연간x연결,재무제표,DS-1,PASS,,,2026-07-07T23:55:09
케이알엠,00536888,093640,KOSDAQ,연간x연결,상단,DS-8,PASS,,,2026-07-07T23:55:09
케이알엠,00536888,093640,KOSDAQ,연간x연결,상단,DS-7,PASS,"badges seen: ['✅', '🔎']",,2026-07-07T23:55:09
케이알엠,00536888,093640,KOSDAQ,연간x연결,재무제표,CV-3,PASS,rows=29 cols=7 slider_extended=True,,2026-07-07T23:55:09
케이알엠,00536888,093640,KOSDAQ,연간x연결,재무제표,DS-2/DS-3,DONE,"cross-check completed for ['매출액', '영업이익']",,2026-07-07T23:55:09
케이알엠,00536888,093640,KOSDAQ,연간x연결,지표,CV-6,PASS,default metric selection visible,,2026-07-07T23:55:09
케이알엠,00536888,093640,KOSDAQ,연간x별도,재무제표,DS-1,PASS,,,2026-07-07T23:55:14
케이알엠,00536888,093640,KOSDAQ,연간x별도,상단,DS-8,PASS,,,2026-07-07T23:55:14
케이알엠,00536888,093640,KOSDAQ,연간x별도,상단,DS-7,PASS,"badges seen: ['✅', '🔎', '⚠']",,2026-07-07T23:55:14
케이알엠,00536888,093640,KOSDAQ,연간x별도,재무제표,CV-3,PASS,rows=29 cols=23 slider_extended=True,,2026-07-07T23:55:14
케이알엠,00536888,093640,KOSDAQ,연간x별도,재무제표,DS-2/DS-3,DONE,"cross-check completed for ['매출액', '영업이익']",,2026-07-07T23:55:14
케이알엠,00536888,093640,KOSDAQ,연간x별도,지표,CV-6,PASS,default metric selection visible,,2026-07-07T23:55:14
케이알엠,00536888,093640,KOSDAQ,분기x연결,재무제표,DS-1,PASS,,,2026-07-07T23:55:20
케이알엠,00536888,093640,KOSDAQ,분기x연결,상단,DS-8,PASS,,,2026-07-07T23:55:20
케이알엠,00536888,093640,KOSDAQ,분기x연결,상단,DS-7,PASS,"badges seen: ['✅', '🔎']",,2026-07-07T23:55:20
케이알엠,00536888,093640,KOSDAQ,분기x연결,재무제표,CV-3,PASS,rows=29 cols=17 slider_extended=True,,2026-07-07T23:55:20
케이알엠,00536888,093640,KOSDAQ,분기x연결,재무제표,DS-2/DS-3,DONE,"cross-check completed for ['매출액', '영업이익']",,2026-07-07T23:55:20
케이알엠,00536888,093640,KOSDAQ,분기x연결,지표,CV-6,PASS,default metric selection visible,,2026-07-07T23:55:20
케이알엠,00536888,093640,KOSDAQ,분기x별도,재무제표,DS-1,PASS,,,2026-07-07T23:55:27
케이알엠,00536888,093640,KOSDAQ,분기x별도,상단,DS-8,PASS,,,2026-07-07T23:55:27
케이알엠,00536888,093640,KOSDAQ,분기x별도,상단,DS-7,PASS,"badges seen: ['✅', '🔎']",,2026-07-07T23:55:27
케이알엠,00536888,093640,KOSDAQ,분기x별도,재무제표,CV-3,PASS,rows=29 cols=74 slider_extended=True,,2026-07-07T23:55:27
케이알엠,00536888,093640,KOSDAQ,분기x별도,재무제표,DS-2/DS-3,DONE,"cross-check completed for ['매출액', '영업이익']",,2026-07-07T23:55:27
케이알엠,00536888,093640,KOSDAQ,분기x별도,지표,CV-6,PASS,default metric selection visible,,2026-07-07T23:55:27
케이에스피,00328191,073010,KOSDAQ,연간x연결,재무제표,DS-1,PASS,,,2026-07-07T23:55:40
케이에스피,00328191,073010,KOSDAQ,연간x연결,상단,DS-8,PASS,,,2026-07-07T23:55:40
케이에스피,00328191,073010,KOSDAQ,연간x연결,상단,DS-7,PASS,"badges seen: ['✅', '🔎']",,2026-07-07T23:55:40
케이에스피,00328191,073010,KOSDAQ,연간x연결,재무제표,CV-3,PASS,rows=29 cols=5 slider_extended=True,,2026-07-07T23:55:40
케이에스피,00328191,073010,KOSDAQ,연간x연결,재무제표,DS-2/DS-3,DONE,"cross-check completed for ['매출액', '영업이익']",,2026-07-07T23:55:40
케이에스피,00328191,073010,KOSDAQ,연간x연결,지표,CV-6,PASS,default metric selection visible,,2026-07-07T23:55:40
케이에스피,00328191,073010,KOSDAQ,연간x별도,재무제표,DS-1,PASS,,,2026-07-07T23:55:45
케이에스피,00328191,073010,KOSDAQ,연간x별도,상단,DS-8,PASS,,,2026-07-07T23:55:45
케이에스피,00328191,073010,KOSDAQ,연간x별도,상단,DS-7,PASS,"badges seen: ['✅', '🔎']",,2026-07-07T23:55:45
케이에스피,00328191,073010,KOSDAQ,연간x별도,재무제표,CV-3,PASS,rows=29 cols=25 slider_extended=True,,2026-07-07T23:55:45
케이에스피,00328191,073010,KOSDAQ,연간x별도,재무제표,DS-2/DS-3,DONE,"cross-check completed for ['매출액', '영업이익']",,2026-07-07T23:55:45
케이에스피,00328191,073010,KOSDAQ,연간x별도,지표,CV-6,PASS,default metric selection visible,,2026-07-07T23:55:45
케이에스피,00328191,073010,KOSDAQ,분기x연결,재무제표,DS-1,PASS,,,2026-07-07T23:55:52
케이에스피,00328191,073010,KOSDAQ,분기x연결,상단,DS-8,PASS,,,2026-07-07T23:55:52
케이에스피,00328191,073010,KOSDAQ,분기x연결,상단,DS-7,PASS,"badges seen: ['✅', '🔎']",,2026-07-07T23:55:52
케이에스피,00328191,073010,KOSDAQ,분기x연결,재무제표,CV-3,PASS,rows=29 cols=11 slider_extended=True,,2026-07-07T23:55:52
케이에스피,00328191,073010,KOSDAQ,분기x연결,재무제표,DS-2/DS-3,DONE,"cross-check completed for ['매출액', '영업이익']",,2026-07-07T23:55:52
케이에스피,00328191,073010,KOSDAQ,분기x연결,지표,CV-6,PASS,default metric selection visible,,2026-07-07T23:55:52
케이에스피,00328191,073010,KOSDAQ,분기x별도,재무제표,DS-1,PASS,,,2026-07-07T23:55:59
케이에스피,00328191,073010,KOSDAQ,분기x별도,상단,DS-8,PASS,,,2026-07-07T23:55:59
케이에스피,00328191,073010,KOSDAQ,분기x별도,상단,DS-7,PASS,"badges seen: ['✅', '🔎']",,2026-07-07T23:55:59
케이에스피,00328191,073010,KOSDAQ,분기x별도,재무제표,CV-3,PASS,rows=29 cols=76 slider_extended=True,,2026-07-07T23:55:59
케이에스피,00328191,073010,KOSDAQ,분기x별도,재무제표,DS-2/DS-3,DONE,"cross-check completed for ['매출액', '영업이익']",,2026-07-07T23:55:59
케이에스피,00328191,073010,KOSDAQ,분기x별도,지표,CV-6,PASS,default metric selection visible,,2026-07-07T23:55:59
케이엔더블유,00606664,105330,KOSDAQ,연간x연결,재무제표,DS-1,PASS,,,2026-07-07T23:56:13
케이엔더블유,00606664,105330,KOSDAQ,연간x연결,상단,DS-8,PASS,,,2026-07-07T23:56:13
케이엔더블유,00606664,105330,KOSDAQ,연간x연결,상단,DS-7,PASS,"badges seen: ['✅', '🔎', '⚠']",,2026-07-07T23:56:13
케이엔더블유,00606664,105330,KOSDAQ,연간x연결,재무제표,CV-3,PASS,rows=29 cols=19 slider_extended=True,,2026-07-07T23:56:13
케이엔더블유,00606664,105330,KOSDAQ,연간x연결,재무제표,DS-2/DS-3,DONE,"cross-check completed for ['매출액', '영업이익']",,2026-07-07T23:56:13
케이엔더블유,00606664,105330,KOSDAQ,연간x연결,지표,CV-6,PASS,default metric selection visible,,2026-07-07T23:56:13
케이엔더블유,00606664,105330,KOSDAQ,연간x별도,재무제표,DS-1,PASS,,,2026-07-07T23:56:18
케이엔더블유,00606664,105330,KOSDAQ,연간x별도,상단,DS-8,PASS,,,2026-07-07T23:56:18
케이엔더블유,00606664,105330,KOSDAQ,연간x별도,상단,DS-7,PASS,"badges seen: ['✅', '🔎']",,2026-07-07T23:56:18
케이엔더블유,00606664,105330,KOSDAQ,연간x별도,재무제표,CV-3,PASS,rows=29 cols=21 slider_extended=True,,2026-07-07T23:56:18
케이엔더블유,00606664,105330,KOSDAQ,연간x별도,재무제표,DS-2/DS-3,DONE,"cross-check completed for ['매출액', '영업이익']",,2026-07-07T23:56:18
케이엔더블유,00606664,105330,KOSDAQ,연간x별도,지표,CV-6,PASS,default metric selection visible,,2026-07-07T23:56:18
케이엔더블유,00606664,105330,KOSDAQ,분기x연결,재무제표,DS-1,PASS,,,2026-07-07T23:56:24
케이엔더블유,00606664,105330,KOSDAQ,분기x연결,상단,DS-8,PASS,,,2026-07-07T23:56:24
케이엔더블유,00606664,105330,KOSDAQ,분기x연결,상단,DS-7,PASS,"badges seen: ['✅', '🔎']",,2026-07-07T23:56:24
케이엔더블유,00606664,105330,KOSDAQ,분기x연결,재무제표,CV-3,PASS,rows=29 cols=60 slider_extended=True,,2026-07-07T23:56:24
케이엔더블유,00606664,105330,KOSDAQ,분기x연결,재무제표,DS-2/DS-3,DONE,"cross-check completed for ['매출액', '영업이익']",,2026-07-07T23:56:24
케이엔더블유,00606664,105330,KOSDAQ,분기x연결,지표,CV-6,PASS,default metric selection visible,,2026-07-07T23:56:24
케이엔더블유,00606664,105330,KOSDAQ,분기x별도,재무제표,DS-1,PASS,,,2026-07-07T23:56:31
케이엔더블유,00606664,105330,KOSDAQ,분기x별도,상단,DS-8,PASS,,,2026-07-07T23:56:31
케이엔더블유,00606664,105330,KOSDAQ,분기x별도,상단,DS-7,PASS,"badges seen: ['✅', '🔎']",,2026-07-07T23:56:31
케이엔더블유,00606664,105330,KOSDAQ,분기x별도,재무제표,CV-3,PASS,rows=29 cols=70 slider_extended=True,,2026-07-07T23:56:31
케이엔더블유,00606664,105330,KOSDAQ,분기x별도,재무제표,DS-2/DS-3,DONE,"cross-check completed for ['매출액', '영업이익']",,2026-07-07T23:56:31
케이엔더블유,00606664,105330,KOSDAQ,분기x별도,지표,CV-6,PASS,default metric selection visible,,2026-07-07T23:56:31
케이엔솔,00304076,053080,KOSDAQ,연간x연결,재무제표,DS-1,PASS,,,2026-07-07T23:56:45
케이엔솔,00304076,053080,KOSDAQ,연간x연결,상단,DS-8,PASS,,,2026-07-07T23:56:45
케이엔솔,00304076,053080,KOSDAQ,연간x연결,상단,DS-7,PASS,"badges seen: ['✅', '🔎']",,2026-07-07T23:56:45
케이엔솔,00304076,053080,KOSDAQ,연간x연결,재무제표,CV-3,PASS,rows=29 cols=10 slider_extended=True,,2026-07-07T23:56:45
케이엔솔,00304076,053080,KOSDAQ,연간x연결,재무제표,DS-2/DS-3,DONE,"cross-check completed for ['매출액', '영업이익']",,2026-07-07T23:56:45
케이엔솔,00304076,053080,KOSDAQ,연간x연결,지표,CV-6,PASS,default metric selection visible,,2026-07-07T23:56:45
케이엔솔,00304076,053080,KOSDAQ,연간x별도,재무제표,DS-1,PASS,,,2026-07-07T23:56:50
케이엔솔,00304076,053080,KOSDAQ,연간x별도,상단,DS-8,PASS,,,2026-07-07T23:56:50
케이엔솔,00304076,053080,KOSDAQ,연간x별도,상단,DS-7,PASS,"badges seen: ['✅', '🔎']",,2026-07-07T23:56:50
케이엔솔,00304076,053080,KOSDAQ,연간x별도,재무제표,CV-3,PASS,rows=29 cols=10 slider_extended=True,,2026-07-07T23:56:50
케이엔솔,00304076,053080,KOSDAQ,연간x별도,재무제표,DS-2/DS-3,DONE,"cross-check completed for ['매출액', '영업이익']",,2026-07-07T23:56:50
케이엔솔,00304076,053080,KOSDAQ,연간x별도,지표,CV-6,PASS,default metric selection visible,,2026-07-07T23:56:50
케이엔솔,00304076,053080,KOSDAQ,분기x연결,재무제표,DS-1,PASS,,,2026-07-07T23:56:56
케이엔솔,00304076,053080,KOSDAQ,분기x연결,상단,DS-8,PASS,,,2026-07-07T23:56:56
케이엔솔,00304076,053080,KOSDAQ,분기x연결,상단,DS-7,PASS,"badges seen: ['✅', '🔎']",,2026-07-07T23:56:56
케이엔솔,00304076,053080,KOSDAQ,분기x연결,재무제표,CV-3,PASS,rows=29 cols=29 slider_extended=True,,2026-07-07T23:56:56
케이엔솔,00304076,053080,KOSDAQ,분기x연결,재무제표,DS-2/DS-3,DONE,"cross-check completed for ['매출액', '영업이익']",,2026-07-07T23:56:56
케이엔솔,00304076,053080,KOSDAQ,분기x연결,지표,CV-6,PASS,default metric selection visible,,2026-07-07T23:56:56
케이엔솔,00304076,053080,KOSDAQ,분기x별도,재무제표,DS-1,PASS,,,2026-07-07T23:57:03
케이엔솔,00304076,053080,KOSDAQ,분기x별도,상단,DS-8,PASS,,,2026-07-07T23:57:03
케이엔솔,00304076,053080,KOSDAQ,분기x별도,상단,DS-7,PASS,"badges seen: ['✅', '🔎']",,2026-07-07T23:57:03
케이엔솔,00304076,053080,KOSDAQ,분기x별도,재무제표,CV-3,PASS,rows=29 cols=29 slider_extended=True,,2026-07-07T23:57:03
케이엔솔,00304076,053080,KOSDAQ,분기x별도,재무제표,DS-2/DS-3,DONE,"cross-check completed for ['매출액', '영업이익']",,2026-07-07T23:57:03
케이엔솔,00304076,053080,KOSDAQ,분기x별도,지표,CV-6,PASS,default metric selection visible,,2026-07-07T23:57:03
케이엔알시스템,00672603,199430,KOSDAQ,연간x연결,재무제표,DS-1,PASS,,,2026-07-07T23:57:17
케이엔알시스템,00672603,199430,KOSDAQ,연간x연결,상단,DS-8,PASS,,,2026-07-07T23:57:17
케이엔알시스템,00672603,199430,KOSDAQ,연간x연결,상단,DS-7,PASS,"badges seen: ['✅', '🔎']",,2026-07-07T23:57:17
케이엔알시스템,00672603,199430,KOSDAQ,연간x연결,재무제표,CV-3,PASS,rows=29 cols=7 slider_extended=True,,2026-07-07T23:57:17
케이엔알시스템,00672603,199430,KOSDAQ,연간x연결,재무제표,DS-2/DS-3,DONE,"cross-check completed for ['매출액', '영업이익']",,2026-07-07T23:57:17
케이엔알시스템,00672603,199430,KOSDAQ,연간x연결,지표,CV-6,PASS,default metric selection visible,,2026-07-07T23:57:17
케이엔알시스템,00672603,199430,KOSDAQ,연간x별도,재무제표,DS-1,PASS,,,2026-07-07T23:57:22
케이엔알시스템,00672603,199430,KOSDAQ,연간x별도,상단,DS-8,PASS,,,2026-07-07T23:57:22
케이엔알시스템,00672603,199430,KOSDAQ,연간x별도,상단,DS-7,PASS,"badges seen: ['✅', '🔎']",,2026-07-07T23:57:22
케이엔알시스템,00672603,199430,KOSDAQ,연간x별도,재무제표,CV-3,PASS,rows=29 cols=7 slider_extended=True,,2026-07-07T23:57:22
케이엔알시스템,00672603,199430,KOSDAQ,연간x별도,재무제표,DS-2/DS-3,DONE,"cross-check completed for ['매출액', '영업이익']",,2026-07-07T23:57:22
케이엔알시스템,00672603,199430,KOSDAQ,연간x별도,지표,CV-6,PASS,default metric selection visible,,2026-07-07T23:57:22
케이엔알시스템,00672603,199430,KOSDAQ,분기x연결,재무제표,DS-1,PASS,,,2026-07-07T23:57:28
케이엔알시스템,00672603,199430,KOSDAQ,분기x연결,상단,DS-8,PASS,,,2026-07-07T23:57:28
케이엔알시스템,00672603,199430,KOSDAQ,분기x연결,상단,DS-7,PASS,"badges seen: ['✅', '🔎']",,2026-07-07T23:57:28
케이엔알시스템,00672603,199430,KOSDAQ,분기x연결,재무제표,CV-3,PASS,rows=29 cols=15 slider_extended=True,,2026-07-07T23:57:28
케이엔알시스템,00672603,199430,KOSDAQ,분기x연결,재무제표,DS-2/DS-3,DONE,"cross-check completed for ['매출액', '영업이익']",,2026-07-07T23:57:28
케이엔알시스템,00672603,199430,KOSDAQ,분기x연결,지표,CV-6,PASS,default metric selection visible,,2026-07-07T23:57:28
케이엔알시스템,00672603,199430,KOSDAQ,분기x별도,재무제표,DS-1,PASS,,,2026-07-07T23:57:35
케이엔알시스템,00672603,199430,KOSDAQ,분기x별도,상단,DS-8,PASS,,,2026-07-07T23:57:35
케이엔알시스템,00672603,199430,KOSDAQ,분기x별도,상단,DS-7,PASS,"badges seen: ['✅', '🔎']",,2026-07-07T23:57:35
케이엔알시스템,00672603,199430,KOSDAQ,분기x별도,재무제표,CV-3,PASS,rows=29 cols=16 slider_extended=True,,2026-07-07T23:57:35
케이엔알시스템,00672603,199430,KOSDAQ,분기x별도,재무제표,DS-2/DS-3,DONE,"cross-check completed for ['매출액', '영업이익']",,2026-07-07T23:57:35
케이엔알시스템,00672603,199430,KOSDAQ,분기x별도,지표,CV-6,PASS,default metric selection visible,,2026-07-07T23:57:35
케이엔에스,01402995,432470,KOSDAQ,연간x연결,재무제표,DS-1,PASS,,,2026-07-07T23:57:49
케이엔에스,01402995,432470,KOSDAQ,연간x연결,상단,DS-8,PASS,,,2026-07-07T23:57:49
케이엔에스,01402995,432470,KOSDAQ,연간x연결,상단,DS-7,PASS,"badges seen: ['✅', '🔎']",,2026-07-07T23:57:49
케이엔에스,01402995,432470,KOSDAQ,연간x연결,재무제표,CV-3,PASS,rows=29 cols=7 slider_extended=True,,2026-07-07T23:57:49
케이엔에스,01402995,432470,KOSDAQ,연간x연결,재무제표,DS-2/DS-3,DONE,"cross-check completed for ['매출액', '영업이익']",,2026-07-07T23:57:49
케이엔에스,01402995,432470,KOSDAQ,연간x연결,지표,CV-6,PASS,default metric selection visible,,2026-07-07T23:57:49
케이엔에스,01402995,432470,KOSDAQ,연간x별도,재무제표,DS-1,PASS,,,2026-07-07T23:57:54
케이엔에스,01402995,432470,KOSDAQ,연간x별도,상단,DS-8,PASS,,,2026-07-07T23:57:54
케이엔에스,01402995,432470,KOSDAQ,연간x별도,상단,DS-7,PASS,"badges seen: ['✅', '🔎']",,2026-07-07T23:57:54
케이엔에스,01402995,432470,KOSDAQ,연간x별도,재무제표,CV-3,PASS,rows=29 cols=7 slider_extended=True,,2026-07-07T23:57:54
케이엔에스,01402995,432470,KOSDAQ,연간x별도,재무제표,DS-2/DS-3,DONE,"cross-check completed for ['매출액', '영업이익']",,2026-07-07T23:57:54
케이엔에스,01402995,432470,KOSDAQ,연간x별도,지표,CV-6,PASS,default metric selection visible,,2026-07-07T23:57:54
케이엔에스,01402995,432470,KOSDAQ,분기x연결,재무제표,DS-1,PASS,,,2026-07-07T23:58:00
케이엔에스,01402995,432470,KOSDAQ,분기x연결,상단,DS-8,PASS,,,2026-07-07T23:58:00
케이엔에스,01402995,432470,KOSDAQ,분기x연결,상단,DS-7,PASS,"badges seen: ['✅', '🔎']",,2026-07-07T23:58:00
케이엔에스,01402995,432470,KOSDAQ,분기x연결,재무제표,CV-3,PASS,rows=29 cols=16 slider_extended=True,,2026-07-07T23:58:00
케이엔에스,01402995,432470,KOSDAQ,분기x연결,재무제표,DS-2/DS-3,DONE,"cross-check completed for ['매출액', '영업이익']",,2026-07-07T23:58:00
케이엔에스,01402995,432470,KOSDAQ,분기x연결,지표,CV-6,PASS,default metric selection visible,,2026-07-07T23:58:00
케이엔에스,01402995,432470,KOSDAQ,분기x별도,재무제표,DS-1,PASS,,,2026-07-07T23:58:07
케이엔에스,01402995,432470,KOSDAQ,분기x별도,상단,DS-8,PASS,,,2026-07-07T23:58:07
케이엔에스,01402995,432470,KOSDAQ,분기x별도,상단,DS-7,PASS,"badges seen: ['✅', '🔎']",,2026-07-07T23:58:07
케이엔에스,01402995,432470,KOSDAQ,분기x별도,재무제표,CV-3,PASS,rows=29 cols=16 slider_extended=True,,2026-07-07T23:58:07
케이엔에스,01402995,432470,KOSDAQ,분기x별도,재무제표,DS-2/DS-3,DONE,"cross-check completed for ['매출액', '영업이익']",,2026-07-07T23:58:07
케이엔에스,01402995,432470,KOSDAQ,분기x별도,지표,CV-6,PASS,default metric selection visible,,2026-07-07T23:58:07
케이엔제이,00769158,272110,KOSDAQ,연간x연결,재무제표,DS-1,PASS,,,2026-07-07T23:58:21
케이엔제이,00769158,272110,KOSDAQ,연간x연결,상단,DS-8,PASS,,,2026-07-07T23:58:21
케이엔제이,00769158,272110,KOSDAQ,연간x연결,상단,DS-7,PASS,"badges seen: ['✅', '🔎', '⚠']",,2026-07-07T23:58:21
케이엔제이,00769158,272110,KOSDAQ,연간x연결,재무제표,CV-3,PASS,rows=29 cols=11 slider_extended=True,,2026-07-07T23:58:21
케이엔제이,00769158,272110,KOSDAQ,연간x연결,재무제표,DS-2/DS-3,DONE,"cross-check completed for ['매출액', '영업이익']",,2026-07-07T23:58:21
케이엔제이,00769158,272110,KOSDAQ,연간x연결,지표,CV-6,PASS,default metric selection visible,,2026-07-07T23:58:21
케이엔제이,00769158,272110,KOSDAQ,연간x별도,재무제표,DS-1,PASS,,,2026-07-07T23:58:26
케이엔제이,00769158,272110,KOSDAQ,연간x별도,상단,DS-8,PASS,,,2026-07-07T23:58:26
케이엔제이,00769158,272110,KOSDAQ,연간x별도,상단,DS-7,PASS,"badges seen: ['✅', '🔎', '⚠']",,2026-07-07T23:58:26
케이엔제이,00769158,272110,KOSDAQ,연간x별도,재무제표,CV-3,PASS,rows=29 cols=11 slider_extended=True,,2026-07-07T23:58:26
케이엔제이,00769158,272110,KOSDAQ,연간x별도,재무제표,DS-2/DS-3,DONE,"cross-check completed for ['매출액', '영업이익']",,2026-07-07T23:58:26
케이엔제이,00769158,272110,KOSDAQ,연간x별도,지표,CV-6,PASS,default metric selection visible,,2026-07-07T23:58:26
케이엔제이,00769158,272110,KOSDAQ,분기x연결,재무제표,DS-1,PASS,,,2026-07-07T23:58:32
케이엔제이,00769158,272110,KOSDAQ,분기x연결,상단,DS-8,PASS,,,2026-07-07T23:58:32
케이엔제이,00769158,272110,KOSDAQ,분기x연결,상단,DS-7,PASS,"badges seen: ['✅', '🔎']",,2026-07-07T23:58:32
케이엔제이,00769158,272110,KOSDAQ,분기x연결,재무제표,CV-3,PASS,rows=29 cols=30 slider_extended=True,,2026-07-07T23:58:32
케이엔제이,00769158,272110,KOSDAQ,분기x연결,재무제표,DS-2/DS-3,DONE,"cross-check completed for ['매출액', '영업이익']",,2026-07-07T23:58:32
케이엔제이,00769158,272110,KOSDAQ,분기x연결,지표,CV-6,PASS,default metric selection visible,,2026-07-07T23:58:32
케이엔제이,00769158,272110,KOSDAQ,분기x별도,재무제표,DS-1,PASS,,,2026-07-07T23:58:39
케이엔제이,00769158,272110,KOSDAQ,분기x별도,상단,DS-8,PASS,,,2026-07-07T23:58:39
케이엔제이,00769158,272110,KOSDAQ,분기x별도,상단,DS-7,PASS,"badges seen: ['✅', '🔎']",,2026-07-07T23:58:39
케이엔제이,00769158,272110,KOSDAQ,분기x별도,재무제표,CV-3,PASS,rows=29 cols=32 slider_extended=True,,2026-07-07T23:58:39
케이엔제이,00769158,272110,KOSDAQ,분기x별도,재무제표,DS-2/DS-3,DONE,"cross-check completed for ['매출액', '영업이익']",,2026-07-07T23:58:39
케이엔제이,00769158,272110,KOSDAQ,분기x별도,지표,CV-6,PASS,default metric selection visible,,2026-07-07T23:58:39
케이엘넷,00246620,039420,KOSDAQ,연간x연결,재무제표,DS-1,PASS,,,2026-07-07T23:58:53
케이엘넷,00246620,039420,KOSDAQ,연간x연결,상단,DS-8,PASS,,,2026-07-07T23:58:53
케이엘넷,00246620,039420,KOSDAQ,연간x연결,상단,DS-7,PASS,"badges seen: ['✅', '🔎']",,2026-07-07T23:58:53
케이엘넷,00246620,039420,KOSDAQ,연간x연결,재무제표,CV-3,PASS,rows=29 cols=15 slider_extended=True,,2026-07-07T23:58:53
케이엘넷,00246620,039420,KOSDAQ,연간x연결,재무제표,DS-2/DS-3,DONE,"cross-check completed for ['매출액', '영업이익']",,2026-07-07T23:58:53
케이엘넷,00246620,039420,KOSDAQ,연간x연결,지표,CV-6,PASS,default metric selection visible,,2026-07-07T23:58:53
케이엘넷,00246620,039420,KOSDAQ,연간x별도,재무제표,DS-1,PASS,,,2026-07-07T23:58:58
케이엘넷,00246620,039420,KOSDAQ,연간x별도,상단,DS-8,PASS,,,2026-07-07T23:58:58
케이엘넷,00246620,039420,KOSDAQ,연간x별도,상단,DS-7,PASS,"badges seen: ['✅', '🔎']",,2026-07-07T23:58:58
케이엘넷,00246620,039420,KOSDAQ,연간x별도,재무제표,CV-3,PASS,rows=29 cols=28 slider_extended=True,,2026-07-07T23:58:58
케이엘넷,00246620,039420,KOSDAQ,연간x별도,재무제표,DS-2/DS-3,DONE,"cross-check completed for ['매출액', '영업이익']",,2026-07-07T23:58:58
케이엘넷,00246620,039420,KOSDAQ,연간x별도,지표,CV-6,PASS,default metric selection visible,,2026-07-07T23:58:58
케이엘넷,00246620,039420,KOSDAQ,분기x연결,재무제표,DS-1,PASS,,,2026-07-07T23:59:05
케이엘넷,00246620,039420,KOSDAQ,분기x연결,상단,DS-8,PASS,,,2026-07-07T23:59:05
케이엘넷,00246620,039420,KOSDAQ,분기x연결,상단,DS-7,PASS,"badges seen: ['✅', '🔎']",,2026-07-07T23:59:05
케이엘넷,00246620,039420,KOSDAQ,분기x연결,재무제표,CV-3,PASS,rows=29 cols=54 slider_extended=True,,2026-07-07T23:59:05
케이엘넷,00246620,039420,KOSDAQ,분기x연결,재무제표,DS-2/DS-3,DONE,"cross-check completed for ['매출액', '영업이익']",,2026-07-07T23:59:05
케이엘넷,00246620,039420,KOSDAQ,분기x연결,지표,CV-6,PASS,default metric selection visible,,2026-07-07T23:59:05
케이엘넷,00246620,039420,KOSDAQ,분기x별도,재무제표,DS-1,PASS,,,2026-07-07T23:59:12
케이엘넷,00246620,039420,KOSDAQ,분기x별도,상단,DS-8,PASS,,,2026-07-07T23:59:12
케이엘넷,00246620,039420,KOSDAQ,분기x별도,상단,DS-7,PASS,"badges seen: ['✅', '🔎']",,2026-07-07T23:59:12
케이엘넷,00246620,039420,KOSDAQ,분기x별도,재무제표,CV-3,PASS,rows=29 cols=85 slider_extended=True,,2026-07-07T23:59:12
케이엘넷,00246620,039420,KOSDAQ,분기x별도,재무제표,DS-2/DS-3,DONE,"cross-check completed for ['매출액', '영업이익']",,2026-07-07T23:59:12
케이엘넷,00246620,039420,KOSDAQ,분기x별도,지표,CV-6,PASS,default metric selection visible,,2026-07-07T23:59:12
케이엠,00242934,083550,KOSDAQ,연간x연결,재무제표,DS-1,PASS,,,2026-07-07T23:59:25
케이엠,00242934,083550,KOSDAQ,연간x연결,상단,DS-8,PASS,,,2026-07-07T23:59:25
케이엠,00242934,083550,KOSDAQ,연간x연결,상단,DS-7,PASS,"badges seen: ['✅', '🔎', '⚠']",,2026-07-07T23:59:25
케이엠,00242934,083550,KOSDAQ,연간x연결,재무제표,CV-3,PASS,rows=29 cols=18 slider_extended=True,,2026-07-07T23:59:25
케이엠,00242934,083550,KOSDAQ,연간x연결,재무제표,DS-2/DS-3,DONE,"cross-check completed for ['매출액', '영업이익']",,2026-07-07T23:59:25
케이엠,00242934,083550,KOSDAQ,연간x연결,지표,CV-6,PASS,default metric selection visible,,2026-07-07T23:59:25
케이엠,00242934,083550,KOSDAQ,연간x별도,재무제표,DS-1,PASS,,,2026-07-07T23:59:31
케이엠,00242934,083550,KOSDAQ,연간x별도,상단,DS-8,PASS,,,2026-07-07T23:59:31
케이엠,00242934,083550,KOSDAQ,연간x별도,상단,DS-7,PASS,"badges seen: ['✅', '🔎', '⚠']",,2026-07-07T23:59:31
케이엠,00242934,083550,KOSDAQ,연간x별도,재무제표,CV-3,PASS,rows=29 cols=24 slider_extended=True,,2026-07-07T23:59:31
케이엠,00242934,083550,KOSDAQ,연간x별도,재무제표,DS-2/DS-3,DONE,"cross-check completed for ['매출액', '영업이익']",,2026-07-07T23:59:31
케이엠,00242934,083550,KOSDAQ,연간x별도,지표,CV-6,PASS,default metric selection visible,,2026-07-07T23:59:31
케이엠,00242934,083550,KOSDAQ,분기x연결,재무제표,DS-1,PASS,,,2026-07-07T23:59:37
케이엠,00242934,083550,KOSDAQ,분기x연결,상단,DS-8,PASS,,,2026-07-07T23:59:37
케이엠,00242934,083550,KOSDAQ,분기x연결,상단,DS-7,PASS,"badges seen: ['✅', '🔎', '⚠']",,2026-07-07T23:59:37
케이엠,00242934,083550,KOSDAQ,분기x연결,재무제표,CV-3,PASS,rows=29 cols=65 slider_extended=True,,2026-07-07T23:59:37
케이엠,00242934,083550,KOSDAQ,분기x연결,재무제표,DS-2/DS-3,DONE,"cross-check completed for ['매출액', '영업이익']",,2026-07-07T23:59:37
케이엠,00242934,083550,KOSDAQ,분기x연결,지표,CV-6,PASS,default metric selection visible,,2026-07-07T23:59:37
케이엠,00242934,083550,KOSDAQ,분기x별도,재무제표,DS-1,PASS,,,2026-07-07T23:59:44
케이엠,00242934,083550,KOSDAQ,분기x별도,상단,DS-8,PASS,,,2026-07-07T23:59:44
케이엠,00242934,083550,KOSDAQ,분기x별도,상단,DS-7,PASS,"badges seen: ['✅', '🔎']",,2026-07-07T23:59:44
케이엠,00242934,083550,KOSDAQ,분기x별도,재무제표,CV-3,PASS,rows=29 cols=77 slider_extended=True,,2026-07-07T23:59:44
케이엠,00242934,083550,KOSDAQ,분기x별도,재무제표,DS-2/DS-3,DONE,"cross-check completed for ['매출액', '영업이익']",,2026-07-07T23:59:44
케이엠,00242934,083550,KOSDAQ,분기x별도,지표,CV-6,PASS,default metric selection visible,,2026-07-07T23:59:44
케이엠더블유,00226352,032500,KOSDAQ,연간x연결,재무제표,DS-1,PASS,,,2026-07-07T23:59:58
케이엠더블유,00226352,032500,KOSDAQ,연간x연결,상단,DS-8,PASS,,,2026-07-07T23:59:58
케이엠더블유,00226352,032500,KOSDAQ,연간x연결,상단,DS-7,PASS,"badges seen: ['✅', '🔎']",,2026-07-07T23:59:58
케이엠더블유,00226352,032500,KOSDAQ,연간x연결,재무제표,CV-3,PASS,rows=29 cols=21 slider_extended=True,,2026-07-07T23:59:58
케이엠더블유,00226352,032500,KOSDAQ,연간x연결,재무제표,DS-2/DS-3,DONE,"cross-check completed for ['매출액', '영업이익']",,2026-07-07T23:59:58
케이엠더블유,00226352,032500,KOSDAQ,연간x연결,지표,CV-6,PASS,default metric selection visible,,2026-07-07T23:59:58
케이엠더블유,00226352,032500,KOSDAQ,연간x별도,재무제표,DS-1,PASS,,,2026-07-08T00:00:03
케이엠더블유,00226352,032500,KOSDAQ,연간x별도,상단,DS-8,PASS,,,2026-07-08T00:00:03
케이엠더블유,00226352,032500,KOSDAQ,연간x별도,상단,DS-7,PASS,"badges seen: ['✅', '🔎']",,2026-07-08T00:00:03
케이엠더블유,00226352,032500,KOSDAQ,연간x별도,재무제표,CV-3,PASS,rows=29 cols=24 slider_extended=True,,2026-07-08T00:00:03
케이엠더블유,00226352,032500,KOSDAQ,연간x별도,재무제표,DS-2/DS-3,DONE,"cross-check completed for ['매출액', '영업이익']",,2026-07-08T00:00:03
케이엠더블유,00226352,032500,KOSDAQ,연간x별도,지표,CV-6,PASS,default metric selection visible,,2026-07-08T00:00:03
케이엠더블유,00226352,032500,KOSDAQ,분기x연결,재무제표,DS-1,PASS,,,2026-07-08T00:00:10
케이엠더블유,00226352,032500,KOSDAQ,분기x연결,상단,DS-8,PASS,,,2026-07-08T00:00:10
케이엠더블유,00226352,032500,KOSDAQ,분기x연결,상단,DS-7,PASS,"badges seen: ['✅', '🔎']",,2026-07-08T00:00:10
케이엠더블유,00226352,032500,KOSDAQ,분기x연결,재무제표,CV-3,PASS,rows=29 cols=65 slider_extended=True,,2026-07-08T00:00:10
케이엠더블유,00226352,032500,KOSDAQ,분기x연결,재무제표,DS-2/DS-3,DONE,"cross-check completed for ['매출액', '영업이익']",,2026-07-08T00:00:10
케이엠더블유,00226352,032500,KOSDAQ,분기x연결,지표,CV-6,PASS,default metric selection visible,,2026-07-08T00:00:10
케이엠더블유,00226352,032500,KOSDAQ,분기x별도,재무제표,DS-1,PASS,,,2026-07-08T00:00:17
케이엠더블유,00226352,032500,KOSDAQ,분기x별도,상단,DS-8,PASS,,,2026-07-08T00:00:17
케이엠더블유,00226352,032500,KOSDAQ,분기x별도,상단,DS-7,PASS,"badges seen: ['✅', '🔎']",,2026-07-08T00:00:17
케이엠더블유,00226352,032500,KOSDAQ,분기x별도,재무제표,CV-3,PASS,rows=29 cols=80 slider_extended=True,,2026-07-08T00:00:17
케이엠더블유,00226352,032500,KOSDAQ,분기x별도,재무제표,DS-2/DS-3,DONE,"cross-check completed for ['매출액', '영업이익']",,2026-07-08T00:00:17
케이엠더블유,00226352,032500,KOSDAQ,분기x별도,지표,CV-6,PASS,default metric selection visible,,2026-07-08T00:00:17
케이엠제약,01095704,225430,KOSDAQ,연간x연결,재무제표,DS-1,PASS,,,2026-07-08T00:00:31
케이엠제약,01095704,225430,KOSDAQ,연간x연결,상단,DS-8,PASS,,,2026-07-08T00:00:31
케이엠제약,01095704,225430,KOSDAQ,연간x연결,상단,DS-4,PASS,substitution caption present,,2026-07-08T00:00:31
케이엠제약,01095704,225430,KOSDAQ,연간x연결,상단,DS-7,PASS,"badges seen: ['✅', '🔎', '⚠']",,2026-07-08T00:00:31
케이엠제약,01095704,225430,KOSDAQ,연간x연결,재무제표,CV-3,PASS,rows=29 cols=14 slider_extended=True,,2026-07-08T00:00:31
케이엠제약,01095704,225430,KOSDAQ,연간x연결,재무제표,DS-2/DS-3,DONE,"cross-check completed for ['매출액', '영업이익']",,2026-07-08T00:00:31
케이엠제약,01095704,225430,KOSDAQ,연간x연결,지표,CV-6,PASS,default metric selection visible,,2026-07-08T00:00:31
케이엠제약,01095704,225430,KOSDAQ,연간x별도,재무제표,DS-1,PASS,,,2026-07-08T00:00:36
케이엠제약,01095704,225430,KOSDAQ,연간x별도,상단,DS-8,PASS,,,2026-07-08T00:00:36
케이엠제약,01095704,225430,KOSDAQ,연간x별도,상단,DS-7,PASS,"badges seen: ['✅', '🔎', '⚠']",,2026-07-08T00:00:36
케이엠제약,01095704,225430,KOSDAQ,연간x별도,재무제표,CV-3,PASS,rows=29 cols=14 slider_extended=True,,2026-07-08T00:00:36
케이엠제약,01095704,225430,KOSDAQ,연간x별도,재무제표,DS-2/DS-3,DONE,"cross-check completed for ['매출액', '영업이익']",,2026-07-08T00:00:36
케이엠제약,01095704,225430,KOSDAQ,연간x별도,지표,CV-6,PASS,default metric selection visible,,2026-07-08T00:00:36
케이엠제약,01095704,225430,KOSDAQ,분기x연결,재무제표,DS-1,PASS,,,2026-07-08T00:00:42
케이엠제약,01095704,225430,KOSDAQ,분기x연결,상단,DS-8,PASS,,,2026-07-08T00:00:42
케이엠제약,01095704,225430,KOSDAQ,분기x연결,상단,DS-4,PASS,substitution caption present,,2026-07-08T00:00:42
케이엠제약,01095704,225430,KOSDAQ,분기x연결,상단,DS-7,PASS,"badges seen: ['✅', '🔎', '⚠']",,2026-07-08T00:00:42
케이엠제약,01095704,225430,KOSDAQ,분기x연결,재무제표,CV-3,PASS,rows=29 cols=48 slider_extended=True,,2026-07-08T00:00:42
케이엠제약,01095704,225430,KOSDAQ,분기x연결,재무제표,DS-2/DS-3,DONE,"cross-check completed for ['매출액', '영업이익']",,2026-07-08T00:00:42
케이엠제약,01095704,225430,KOSDAQ,분기x연결,지표,CV-6,PASS,default metric selection visible,,2026-07-08T00:00:42
케이엠제약,01095704,225430,KOSDAQ,분기x별도,재무제표,DS-1,PASS,,,2026-07-08T00:00:50
케이엠제약,01095704,225430,KOSDAQ,분기x별도,상단,DS-8,PASS,,,2026-07-08T00:00:50
케이엠제약,01095704,225430,KOSDAQ,분기x별도,상단,DS-7,PASS,"badges seen: ['✅', '🔎', '⚠']",,2026-07-08T00:00:50
케이엠제약,01095704,225430,KOSDAQ,분기x별도,재무제표,CV-3,PASS,rows=29 cols=48 slider_extended=True,,2026-07-08T00:00:50
케이엠제약,01095704,225430,KOSDAQ,분기x별도,재무제표,DS-2/DS-3,DONE,"cross-check completed for ['매출액', '영업이익']",,2026-07-08T00:00:50
케이엠제약,01095704,225430,KOSDAQ,분기x별도,지표,CV-6,PASS,default metric selection visible,,2026-07-08T00:00:50
케이옥션,00668600,102370,KOSDAQ,연간x연결,재무제표,DS-1,PASS,,,2026-07-08T00:01:03
케이옥션,00668600,102370,KOSDAQ,연간x연결,상단,DS-8,PASS,,,2026-07-08T00:01:03
케이옥션,00668600,102370,KOSDAQ,연간x연결,상단,DS-7,PASS,"badges seen: ['✅', '🔎', '⚠']",,2026-07-08T00:01:03
케이옥션,00668600,102370,KOSDAQ,연간x연결,재무제표,CV-3,PASS,rows=29 cols=9 slider_extended=True,,2026-07-08T00:01:03
케이옥션,00668600,102370,KOSDAQ,연간x연결,재무제표,DS-2/DS-3,DONE,"cross-check completed for ['매출액', '영업이익']",,2026-07-08T00:01:03
케이옥션,00668600,102370,KOSDAQ,연간x연결,지표,CV-6,PASS,default metric selection visible,,2026-07-08T00:01:03
케이옥션,00668600,102370,KOSDAQ,연간x별도,재무제표,DS-1,PASS,,,2026-07-08T00:01:08
케이옥션,00668600,102370,KOSDAQ,연간x별도,상단,DS-8,PASS,,,2026-07-08T00:01:08
케이옥션,00668600,102370,KOSDAQ,연간x별도,상단,DS-7,PASS,"badges seen: ['✅', '🔎', '⚠']",,2026-07-08T00:01:08
케이옥션,00668600,102370,KOSDAQ,연간x별도,재무제표,CV-3,PASS,rows=29 cols=9 slider_extended=True,,2026-07-08T00:01:08
케이옥션,00668600,102370,KOSDAQ,연간x별도,재무제표,DS-2/DS-3,DONE,"cross-check completed for ['매출액', '영업이익']",,2026-07-08T00:01:08
케이옥션,00668600,102370,KOSDAQ,연간x별도,지표,CV-6,PASS,default metric selection visible,,2026-07-08T00:01:08
케이옥션,00668600,102370,KOSDAQ,분기x연결,재무제표,DS-1,PASS,,,2026-07-08T00:01:14
케이옥션,00668600,102370,KOSDAQ,분기x연결,상단,DS-8,PASS,,,2026-07-08T00:01:14
케이옥션,00668600,102370,KOSDAQ,분기x연결,상단,DS-7,PASS,"badges seen: ['✅', '🔎']",,2026-07-08T00:01:14
케이옥션,00668600,102370,KOSDAQ,분기x연결,재무제표,CV-3,PASS,rows=29 cols=24 slider_extended=True,,2026-07-08T00:01:14
케이옥션,00668600,102370,KOSDAQ,분기x연결,재무제표,DS-2/DS-3,DONE,"cross-check completed for ['매출액', '영업이익']",,2026-07-08T00:01:14
케이옥션,00668600,102370,KOSDAQ,분기x연결,지표,CV-6,PASS,default metric selection visible,,2026-07-08T00:01:14
케이옥션,00668600,102370,KOSDAQ,분기x별도,재무제표,DS-1,PASS,,,2026-07-08T00:01:22
케이옥션,00668600,102370,KOSDAQ,분기x별도,상단,DS-8,PASS,,,2026-07-08T00:01:22
케이옥션,00668600,102370,KOSDAQ,분기x별도,상단,DS-7,PASS,"badges seen: ['✅', '🔎']",,2026-07-08T00:01:22
케이옥션,00668600,102370,KOSDAQ,분기x별도,재무제표,CV-3,PASS,rows=29 cols=24 slider_extended=True,,2026-07-08T00:01:22
케이옥션,00668600,102370,KOSDAQ,분기x별도,재무제표,DS-2/DS-3,DONE,"cross-check completed for ['매출액', '영업이익']",,2026-07-08T00:01:22
케이옥션,00668600,102370,KOSDAQ,분기x별도,지표,CV-6,PASS,default metric selection visible,,2026-07-08T00:01:22
케이웨더,00426828,068100,KOSDAQ,연간x연결,재무제표,DS-1,PASS,,,2026-07-08T00:01:35
케이웨더,00426828,068100,KOSDAQ,연간x연결,상단,DS-8,PASS,,,2026-07-08T00:01:35
케이웨더,00426828,068100,KOSDAQ,연간x연결,상단,DS-7,PASS,"badges seen: ['✅', '🔎']",,2026-07-08T00:01:35
케이웨더,00426828,068100,KOSDAQ,연간x연결,재무제표,CV-3,PASS,rows=29 cols=7 slider_extended=True,,2026-07-08T00:01:35
케이웨더,00426828,068100,KOSDAQ,연간x연결,재무제표,DS-2/DS-3,DONE,"cross-check completed for ['매출액', '영업이익']",,2026-07-08T00:01:35
케이웨더,00426828,068100,KOSDAQ,연간x연결,지표,CV-6,PASS,default metric selection visible,,2026-07-08T00:01:35
케이웨더,00426828,068100,KOSDAQ,연간x별도,재무제표,DS-1,PASS,,,2026-07-08T00:01:40
케이웨더,00426828,068100,KOSDAQ,연간x별도,상단,DS-8,PASS,,,2026-07-08T00:01:40
케이웨더,00426828,068100,KOSDAQ,연간x별도,상단,DS-7,PASS,"badges seen: ['✅', '🔎']",,2026-07-08T00:01:40
케이웨더,00426828,068100,KOSDAQ,연간x별도,재무제표,CV-3,PASS,rows=29 cols=7 slider_extended=True,,2026-07-08T00:01:40
케이웨더,00426828,068100,KOSDAQ,연간x별도,재무제표,DS-2/DS-3,DONE,"cross-check completed for ['매출액', '영업이익']",,2026-07-08T00:01:40
케이웨더,00426828,068100,KOSDAQ,연간x별도,지표,CV-6,FAIL,default metrics not found,,2026-07-08T00:01:40
케이웨더,00426828,068100,KOSDAQ,분기x연결,재무제표,DS-1,PASS,,,2026-07-08T00:01:46
케이웨더,00426828,068100,KOSDAQ,분기x연결,상단,DS-8,PASS,,,2026-07-08T00:01:46
케이웨더,00426828,068100,KOSDAQ,분기x연결,상단,DS-7,PASS,"badges seen: ['✅', '🔎']",,2026-07-08T00:01:46
케이웨더,00426828,068100,KOSDAQ,분기x연결,재무제표,CV-3,PASS,rows=29 cols=16 slider_extended=True,,2026-07-08T00:01:46
케이웨더,00426828,068100,KOSDAQ,분기x연결,재무제표,DS-2/DS-3,DONE,"cross-check completed for ['매출액', '영업이익']",,2026-07-08T00:01:46
케이웨더,00426828,068100,KOSDAQ,분기x연결,지표,CV-6,PASS,default metric selection visible,,2026-07-08T00:01:46
케이웨더,00426828,068100,KOSDAQ,분기x별도,재무제표,DS-1,PASS,,,2026-07-08T00:01:54
케이웨더,00426828,068100,KOSDAQ,분기x별도,상단,DS-8,PASS,,,2026-07-08T00:01:54
케이웨더,00426828,068100,KOSDAQ,분기x별도,상단,DS-7,PASS,"badges seen: ['✅', '🔎']",,2026-07-08T00:01:54
케이웨더,00426828,068100,KOSDAQ,분기x별도,재무제표,CV-3,PASS,rows=29 cols=16 slider_extended=True,,2026-07-08T00:01:54
케이웨더,00426828,068100,KOSDAQ,분기x별도,재무제표,DS-2/DS-3,DONE,"cross-check completed for ['매출액', '영업이익']",,2026-07-08T00:01:54
케이웨더,00426828,068100,KOSDAQ,분기x별도,지표,CV-6,PASS,default metric selection visible,,2026-07-08T00:01:54
케이이엠텍,00542898,106080,KOSDAQ,연간x연결,재무제표,DS-1,PASS,,,2026-07-08T00:02:07
케이이엠텍,00542898,106080,KOSDAQ,연간x연결,상단,DS-8,PASS,,,2026-07-08T00:02:07
케이이엠텍,00542898,106080,KOSDAQ,연간x연결,상단,DS-7,PASS,"badges seen: ['✅', '🔎', '⚠']",,2026-07-08T00:02:07
케이이엠텍,00542898,106080,KOSDAQ,연간x연결,재무제표,CV-3,PASS,rows=29 cols=19 slider_extended=True,,2026-07-08T00:02:07
케이이엠텍,00542898,106080,KOSDAQ,연간x연결,재무제표,DS-2/DS-3,DONE,"cross-check completed for ['매출액', '영업이익']",,2026-07-08T00:02:07
케이이엠텍,00542898,106080,KOSDAQ,연간x연결,지표,CV-6,PASS,default metric selection visible,,2026-07-08T00:02:07
케이이엠텍,00542898,106080,KOSDAQ,연간x별도,재무제표,DS-1,PASS,,,2026-07-08T00:02:12
케이이엠텍,00542898,106080,KOSDAQ,연간x별도,상단,DS-8,PASS,,,2026-07-08T00:02:12
케이이엠텍,00542898,106080,KOSDAQ,연간x별도,상단,DS-7,PASS,"badges seen: ['✅', '🔎', '⚠']",,2026-07-08T00:02:12
케이이엠텍,00542898,106080,KOSDAQ,연간x별도,재무제표,CV-3,PASS,rows=29 cols=21 slider_extended=True,,2026-07-08T00:02:12
케이이엠텍,00542898,106080,KOSDAQ,연간x별도,재무제표,DS-2/DS-3,DONE,"cross-check completed for ['매출액', '영업이익']",,2026-07-08T00:02:12
케이이엠텍,00542898,106080,KOSDAQ,연간x별도,지표,CV-6,PASS,default metric selection visible,,2026-07-08T00:02:12
케이이엠텍,00542898,106080,KOSDAQ,분기x연결,재무제표,DS-1,PASS,,,2026-07-08T00:02:19
케이이엠텍,00542898,106080,KOSDAQ,분기x연결,상단,DS-8,PASS,,,2026-07-08T00:02:19
케이이엠텍,00542898,106080,KOSDAQ,분기x연결,상단,DS-7,PASS,"badges seen: ['✅', '🔎', '⚠']",,2026-07-08T00:02:19
케이이엠텍,00542898,106080,KOSDAQ,분기x연결,재무제표,CV-3,PASS,rows=29 cols=60 slider_extended=True,,2026-07-08T00:02:19
케이이엠텍,00542898,106080,KOSDAQ,분기x연결,재무제표,DS-2/DS-3,DONE,"cross-check completed for ['매출액', '영업이익']",,2026-07-08T00:02:19
케이이엠텍,00542898,106080,KOSDAQ,분기x연결,지표,CV-6,PASS,default metric selection visible,,2026-07-08T00:02:19
케이이엠텍,00542898,106080,KOSDAQ,분기x별도,재무제표,DS-1,PASS,,,2026-07-08T00:02:26
케이이엠텍,00542898,106080,KOSDAQ,분기x별도,상단,DS-8,PASS,,,2026-07-08T00:02:26
케이이엠텍,00542898,106080,KOSDAQ,분기x별도,상단,DS-7,PASS,"badges seen: ['✅', '🔎', '⚠']",,2026-07-08T00:02:26
케이이엠텍,00542898,106080,KOSDAQ,분기x별도,재무제표,CV-3,PASS,rows=29 cols=69 slider_extended=True,,2026-07-08T00:02:26
케이이엠텍,00542898,106080,KOSDAQ,분기x별도,재무제표,DS-2/DS-3,DONE,"cross-check completed for ['매출액', '영업이익']",,2026-07-08T00:02:26
케이이엠텍,00542898,106080,KOSDAQ,분기x별도,지표,CV-6,PASS,default metric selection visible,,2026-07-08T00:02:26
케이지에이,01638387,455180,KOSDAQ,연간x연결,재무제표,DS-1,PASS,,,2026-07-08T00:02:40
케이지에이,01638387,455180,KOSDAQ,연간x연결,상단,DS-8,PASS,,,2026-07-08T00:02:40
케이지에이,01638387,455180,KOSDAQ,연간x연결,상단,DS-7,PASS,"badges seen: ['✅', '🔎', '⚠']",,2026-07-08T00:02:40
케이지에이,01638387,455180,KOSDAQ,연간x연결,재무제표,CV-3,PASS,rows=29 cols=5 slider_extended=True,,2026-07-08T00:02:40
케이지에이,01638387,455180,KOSDAQ,연간x연결,재무제표,DS-2/DS-3,DONE,"cross-check completed for ['매출액', '영업이익']",,2026-07-08T00:02:40
케이지에이,01638387,455180,KOSDAQ,연간x연결,지표,CV-6,PASS,default metric selection visible,,2026-07-08T00:02:40
케이지에이,01638387,455180,KOSDAQ,연간x별도,재무제표,DS-1,PASS,,,2026-07-08T00:02:45
케이지에이,01638387,455180,KOSDAQ,연간x별도,상단,DS-8,PASS,,,2026-07-08T00:02:45
케이지에이,01638387,455180,KOSDAQ,연간x별도,상단,DS-7,PASS,"badges seen: ['✅', '🔎', '⚠']",,2026-07-08T00:02:45
케이지에이,01638387,455180,KOSDAQ,연간x별도,재무제표,CV-3,PASS,rows=29 cols=5 slider_extended=True,,2026-07-08T00:02:45
케이지에이,01638387,455180,KOSDAQ,연간x별도,재무제표,DS-2/DS-3,DONE,"cross-check completed for ['매출액', '영업이익']",,2026-07-08T00:02:45
케이지에이,01638387,455180,KOSDAQ,연간x별도,지표,CV-6,PASS,default metric selection visible,,2026-07-08T00:02:45
케이지에이,01638387,455180,KOSDAQ,분기x연결,재무제표,DS-1,PASS,,,2026-07-08T00:02:51
케이지에이,01638387,455180,KOSDAQ,분기x연결,상단,DS-8,PASS,,,2026-07-08T00:02:51
케이지에이,01638387,455180,KOSDAQ,분기x연결,상단,DS-7,PASS,"badges seen: ['✅', '🔎', '⚠']",,2026-07-08T00:02:51
케이지에이,01638387,455180,KOSDAQ,분기x연결,재무제표,CV-3,PASS,rows=29 cols=4 slider_extended=True,,2026-07-08T00:02:51
케이지에이,01638387,455180,KOSDAQ,분기x연결,재무제표,DS-2/DS-3,DONE,"cross-check completed for ['매출액', '영업이익']",,2026-07-08T00:02:51
케이지에이,01638387,455180,KOSDAQ,분기x연결,지표,CV-6,PASS,default metric selection visible,,2026-07-08T00:02:51
케이지에이,01638387,455180,KOSDAQ,분기x별도,재무제표,DS-1,PASS,,,2026-07-08T00:02:58
케이지에이,01638387,455180,KOSDAQ,분기x별도,상단,DS-8,PASS,,,2026-07-08T00:02:58
케이지에이,01638387,455180,KOSDAQ,분기x별도,상단,DS-7,PASS,"badges seen: ['✅', '🔎', '⚠']",,2026-07-08T00:02:58
케이지에이,01638387,455180,KOSDAQ,분기x별도,재무제표,CV-3,PASS,rows=29 cols=9 slider_extended=True,,2026-07-08T00:02:58
케이지에이,01638387,455180,KOSDAQ,분기x별도,재무제표,DS-2/DS-3,DONE,"cross-check completed for ['매출액', '영업이익']",,2026-07-08T00:02:58
케이지에이,01638387,455180,KOSDAQ,분기x별도,지표,CV-6,PASS,default metric selection visible,,2026-07-08T00:02:58
케이티알파,00260958,036030,KOSDAQ,연간x연결,재무제표,DS-1,PASS,,,2026-07-08T00:03:12
케이티알파,00260958,036030,KOSDAQ,연간x연결,상단,DS-8,PASS,,,2026-07-08T00:03:12
케이티알파,00260958,036030,KOSDAQ,연간x연결,상단,DS-7,PASS,"badges seen: ['✅', '🔎']",,2026-07-08T00:03:12
케이티알파,00260958,036030,KOSDAQ,연간x연결,재무제표,CV-3,PASS,rows=29 cols=13 slider_extended=True,,2026-07-08T00:03:12
케이티알파,00260958,036030,KOSDAQ,연간x연결,재무제표,DS-2/DS-3,DONE,"cross-check completed for ['매출액', '영업이익']",,2026-07-08T00:03:12
케이티알파,00260958,036030,KOSDAQ,연간x연결,지표,CV-6,PASS,default metric selection visible,,2026-07-08T00:03:12
케이티알파,00260958,036030,KOSDAQ,연간x별도,재무제표,DS-1,PASS,,,2026-07-08T00:03:17
케이티알파,00260958,036030,KOSDAQ,연간x별도,상단,DS-8,PASS,,,2026-07-08T00:03:17
케이티알파,00260958,036030,KOSDAQ,연간x별도,상단,DS-7,PASS,"badges seen: ['✅', '🔎']",,2026-07-08T00:03:17
케이티알파,00260958,036030,KOSDAQ,연간x별도,재무제표,CV-3,PASS,rows=29 cols=21 slider_extended=True,,2026-07-08T00:03:17
케이티알파,00260958,036030,KOSDAQ,연간x별도,재무제표,DS-2/DS-3,DONE,"cross-check completed for ['매출액', '영업이익']",,2026-07-08T00:03:17
케이티알파,00260958,036030,KOSDAQ,연간x별도,지표,CV-6,PASS,default metric selection visible,,2026-07-08T00:03:17
케이티알파,00260958,036030,KOSDAQ,분기x연결,재무제표,DS-1,PASS,,,2026-07-08T00:03:23
케이티알파,00260958,036030,KOSDAQ,분기x연결,상단,DS-8,PASS,,,2026-07-08T00:03:23
케이티알파,00260958,036030,KOSDAQ,분기x연결,상단,DS-7,PASS,"badges seen: ['✅', '🔎']",,2026-07-08T00:03:23
케이티알파,00260958,036030,KOSDAQ,분기x연결,재무제표,CV-3,PASS,rows=29 cols=38 slider_extended=True,,2026-07-08T00:03:23
케이티알파,00260958,036030,KOSDAQ,분기x연결,재무제표,DS-2/DS-3,DONE,"cross-check completed for ['매출액', '영업이익']",,2026-07-08T00:03:23
케이티알파,00260958,036030,KOSDAQ,분기x연결,지표,CV-6,PASS,default metric selection visible,,2026-07-08T00:03:23
케이티알파,00260958,036030,KOSDAQ,분기x별도,재무제표,DS-1,PASS,,,2026-07-08T00:03:31
케이티알파,00260958,036030,KOSDAQ,분기x별도,상단,DS-8,PASS,,,2026-07-08T00:03:31
케이티알파,00260958,036030,KOSDAQ,분기x별도,상단,DS-7,PASS,"badges seen: ['✅', '🔎']",,2026-07-08T00:03:31
케이티알파,00260958,036030,KOSDAQ,분기x별도,재무제표,CV-3,PASS,rows=29 cols=76 slider_extended=True,,2026-07-08T00:03:31
케이티알파,00260958,036030,KOSDAQ,분기x별도,재무제표,DS-2/DS-3,DONE,"cross-check completed for ['매출액', '영업이익']",,2026-07-08T00:03:31
케이티알파,00260958,036030,KOSDAQ,분기x별도,지표,CV-6,PASS,default metric selection visible,,2026-07-08T00:03:31
케이프,00152437,064820,KOSDAQ,연간x연결,재무제표,DS-1,PASS,,,2026-07-08T00:03:44
케이프,00152437,064820,KOSDAQ,연간x연결,상단,DS-8,PASS,,,2026-07-08T00:03:44
케이프,00152437,064820,KOSDAQ,연간x연결,상단,DS-7,PASS,"badges seen: ['✅', '🔎', '⚠']",,2026-07-08T00:03:44
케이프,00152437,064820,KOSDAQ,연간x연결,재무제표,CV-3,PASS,rows=29 cols=18 slider_extended=True,,2026-07-08T00:03:44
케이프,00152437,064820,KOSDAQ,연간x연결,재무제표,DS-2/DS-3,DONE,"cross-check completed for ['매출액', '영업이익']",,2026-07-08T00:03:44
케이프,00152437,064820,KOSDAQ,연간x연결,지표,CV-6,PASS,default metric selection visible,,2026-07-08T00:03:44
케이프,00152437,064820,KOSDAQ,연간x별도,재무제표,DS-1,PASS,,,2026-07-08T00:03:49
케이프,00152437,064820,KOSDAQ,연간x별도,상단,DS-8,PASS,,,2026-07-08T00:03:49
케이프,00152437,064820,KOSDAQ,연간x별도,상단,DS-7,PASS,"badges seen: ['✅', '🔎']",,2026-07-08T00:03:49
케이프,00152437,064820,KOSDAQ,연간x별도,재무제표,CV-3,PASS,rows=29 cols=23 slider_extended=True,,2026-07-08T00:03:49
케이프,00152437,064820,KOSDAQ,연간x별도,재무제표,DS-2/DS-3,DONE,"cross-check completed for ['매출액', '영업이익']",,2026-07-08T00:03:49
케이프,00152437,064820,KOSDAQ,연간x별도,지표,CV-6,PASS,default metric selection visible,,2026-07-08T00:03:49
케이프,00152437,064820,KOSDAQ,분기x연결,재무제표,DS-1,PASS,,,2026-07-08T00:03:56
케이프,00152437,064820,KOSDAQ,분기x연결,상단,DS-8,PASS,,,2026-07-08T00:03:56
케이프,00152437,064820,KOSDAQ,분기x연결,상단,DS-7,PASS,"badges seen: ['✅', '🔎', '⚠']",,2026-07-08T00:03:56
케이프,00152437,064820,KOSDAQ,분기x연결,재무제표,CV-3,PASS,rows=29 cols=60 slider_extended=True,,2026-07-08T00:03:56
케이프,00152437,064820,KOSDAQ,분기x연결,재무제표,DS-2/DS-3,DONE,"cross-check completed for ['매출액', '영업이익']",,2026-07-08T00:03:56
케이프,00152437,064820,KOSDAQ,분기x연결,지표,CV-6,PASS,default metric selection visible,,2026-07-08T00:03:56
케이프,00152437,064820,KOSDAQ,분기x별도,재무제표,DS-1,PASS,,,2026-07-08T00:04:03
케이프,00152437,064820,KOSDAQ,분기x별도,상단,DS-8,PASS,,,2026-07-08T00:04:03
케이프,00152437,064820,KOSDAQ,분기x별도,상단,DS-7,PASS,"badges seen: ['✅', '🔎', '⚠']",,2026-07-08T00:04:03
케이프,00152437,064820,KOSDAQ,분기x별도,재무제표,CV-3,PASS,rows=29 cols=75 slider_extended=True,,2026-07-08T00:04:03
케이프,00152437,064820,KOSDAQ,분기x별도,재무제표,DS-2/DS-3,DONE,"cross-check completed for ['매출액', '영업이익']",,2026-07-08T00:04:03
케이프,00152437,064820,KOSDAQ,분기x별도,지표,CV-6,PASS,default metric selection visible,,2026-07-08T00:04:03
케이피에프,00157636,024880,KOSDAQ,연간x연결,재무제표,DS-1,PASS,,,2026-07-08T00:04:17
케이피에프,00157636,024880,KOSDAQ,연간x연결,상단,DS-8,PASS,,,2026-07-08T00:04:17
케이피에프,00157636,024880,KOSDAQ,연간x연결,상단,DS-7,PASS,"badges seen: ['✅', '🔎', '⚠']",,2026-07-08T00:04:17
케이피에프,00157636,024880,KOSDAQ,연간x연결,재무제표,CV-3,PASS,rows=29 cols=19 slider_extended=True,,2026-07-08T00:04:17
케이피에프,00157636,024880,KOSDAQ,연간x연결,재무제표,DS-2/DS-3,DONE,"cross-check completed for ['매출액', '영업이익']",,2026-07-08T00:04:17
케이피에프,00157636,024880,KOSDAQ,연간x연결,지표,CV-6,PASS,default metric selection visible,,2026-07-08T00:04:17
케이피에프,00157636,024880,KOSDAQ,연간x별도,재무제표,DS-1,PASS,,,2026-07-08T00:04:22
케이피에프,00157636,024880,KOSDAQ,연간x별도,상단,DS-8,PASS,,,2026-07-08T00:04:22
케이피에프,00157636,024880,KOSDAQ,연간x별도,상단,DS-7,PASS,"badges seen: ['✅', '🔎', '⚠']",,2026-07-08T00:04:22
케이피에프,00157636,024880,KOSDAQ,연간x별도,재무제표,CV-3,PASS,rows=29 cols=23 slider_extended=True,,2026-07-08T00:04:22
케이피에프,00157636,024880,KOSDAQ,연간x별도,재무제표,DS-2/DS-3,DONE,"cross-check completed for ['매출액', '영업이익']",,2026-07-08T00:04:22
케이피에프,00157636,024880,KOSDAQ,연간x별도,지표,CV-6,PASS,default metric selection visible,,2026-07-08T00:04:22
케이피에프,00157636,024880,KOSDAQ,분기x연결,재무제표,DS-1,PASS,,,2026-07-08T00:04:28
케이피에프,00157636,024880,KOSDAQ,분기x연결,상단,DS-8,PASS,,,2026-07-08T00:04:28
케이피에프,00157636,024880,KOSDAQ,분기x연결,상단,DS-7,PASS,"badges seen: ['✅', '🔎', '⚠']",,2026-07-08T00:04:28
케이피에프,00157636,024880,KOSDAQ,분기x연결,재무제표,CV-3,PASS,rows=29 cols=60 slider_extended=True,,2026-07-08T00:04:28
케이피에프,00157636,024880,KOSDAQ,분기x연결,재무제표,DS-2/DS-3,DONE,"cross-check completed for ['매출액', '영업이익']",,2026-07-08T00:04:28
케이피에프,00157636,024880,KOSDAQ,분기x연결,지표,CV-6,PASS,default metric selection visible,,2026-07-08T00:04:28
케이피에프,00157636,024880,KOSDAQ,분기x별도,재무제표,DS-1,PASS,,,2026-07-08T00:04:36
케이피에프,00157636,024880,KOSDAQ,분기x별도,상단,DS-8,PASS,,,2026-07-08T00:04:36
케이피에프,00157636,024880,KOSDAQ,분기x별도,상단,DS-7,PASS,"badges seen: ['✅', '🔎', '⚠']",,2026-07-08T00:04:36
케이피에프,00157636,024880,KOSDAQ,분기x별도,재무제표,CV-3,PASS,rows=29 cols=75 slider_extended=True,,2026-07-08T00:04:36
케이피에프,00157636,024880,KOSDAQ,분기x별도,재무제표,DS-2/DS-3,DONE,"cross-check completed for ['매출액', '영업이익']",,2026-07-08T00:04:36
케이피에프,00157636,024880,KOSDAQ,분기x별도,지표,CV-6,PASS,default metric selection visible,,2026-07-08T00:04:36
케이피엠테크,00206686,042040,KOSDAQ,연간x연결,재무제표,DS-1,PASS,,,2026-07-08T00:04:49
케이피엠테크,00206686,042040,KOSDAQ,연간x연결,상단,DS-8,PASS,,,2026-07-08T00:04:49
케이피엠테크,00206686,042040,KOSDAQ,연간x연결,상단,DS-7,PASS,"badges seen: ['✅', '🔎', '⚠']",,2026-07-08T00:04:49
케이피엠테크,00206686,042040,KOSDAQ,연간x연결,재무제표,CV-3,PASS,rows=29 cols=19 slider_extended=True,,2026-07-08T00:04:49
케이피엠테크,00206686,042040,KOSDAQ,연간x연결,재무제표,DS-2/DS-3,DONE,"cross-check completed for ['매출액', '영업이익']",,2026-07-08T00:04:49
케이피엠테크,00206686,042040,KOSDAQ,연간x연결,지표,CV-6,PASS,default metric selection visible,,2026-07-08T00:04:49
케이피엠테크,00206686,042040,KOSDAQ,연간x별도,재무제표,DS-1,PASS,,,2026-07-08T00:04:55
케이피엠테크,00206686,042040,KOSDAQ,연간x별도,상단,DS-8,PASS,,,2026-07-08T00:04:55
케이피엠테크,00206686,042040,KOSDAQ,연간x별도,상단,DS-7,PASS,"badges seen: ['✅', '🔎', '⚠']",,2026-07-08T00:04:55
케이피엠테크,00206686,042040,KOSDAQ,연간x별도,재무제표,CV-3,PASS,rows=29 cols=25 slider_extended=True,,2026-07-08T00:04:55
케이피엠테크,00206686,042040,KOSDAQ,연간x별도,재무제표,DS-2/DS-3,DONE,"cross-check completed for ['매출액', '영업이익']",,2026-07-08T00:04:55
케이피엠테크,00206686,042040,KOSDAQ,연간x별도,지표,CV-6,PASS,default metric selection visible,,2026-07-08T00:04:55
케이피엠테크,00206686,042040,KOSDAQ,분기x연결,재무제표,DS-1,PASS,,,2026-07-08T00:05:01
케이피엠테크,00206686,042040,KOSDAQ,분기x연결,상단,DS-8,PASS,,,2026-07-08T00:05:01
케이피엠테크,00206686,042040,KOSDAQ,분기x연결,상단,DS-7,PASS,"badges seen: ['✅', '🔎', '⚠']",,2026-07-08T00:05:01
케이피엠테크,00206686,042040,KOSDAQ,분기x연결,재무제표,CV-3,PASS,rows=29 cols=60 slider_extended=True,,2026-07-08T00:05:01
케이피엠테크,00206686,042040,KOSDAQ,분기x연결,재무제표,DS-2/DS-3,DONE,"cross-check completed for ['매출액', '영업이익']",,2026-07-08T00:05:01
케이피엠테크,00206686,042040,KOSDAQ,분기x연결,지표,CV-6,PASS,default metric selection visible,,2026-07-08T00:05:01
케이피엠테크,00206686,042040,KOSDAQ,분기x별도,재무제표,DS-1,PASS,,,2026-07-08T00:05:08
케이피엠테크,00206686,042040,KOSDAQ,분기x별도,상단,DS-8,PASS,,,2026-07-08T00:05:08
케이피엠테크,00206686,042040,KOSDAQ,분기x별도,상단,DS-7,PASS,"badges seen: ['✅', '🔎', '⚠']",,2026-07-08T00:05:08
케이피엠테크,00206686,042040,KOSDAQ,분기x별도,재무제표,CV-3,PASS,rows=29 cols=79 slider_extended=True,,2026-07-08T00:05:08
케이피엠테크,00206686,042040,KOSDAQ,분기x별도,재무제표,DS-2/DS-3,DONE,"cross-check completed for ['매출액', '영업이익']",,2026-07-08T00:05:08
케이피엠테크,00206686,042040,KOSDAQ,분기x별도,지표,CV-6,PASS,default metric selection visible,,2026-07-08T00:05:08
케이피티유,00357607,054410,KOSDAQ,연간x연결,재무제표,DS-1,PASS,,,2026-07-08T00:05:22
케이피티유,00357607,054410,KOSDAQ,연간x연결,상단,DS-8,PASS,,,2026-07-08T00:05:22
케이피티유,00357607,054410,KOSDAQ,연간x연결,상단,DS-7,PASS,"badges seen: ['✅', '🔎']",,2026-07-08T00:05:22
케이피티유,00357607,054410,KOSDAQ,연간x연결,재무제표,CV-3,PASS,rows=29 cols=10 slider_extended=True,,2026-07-08T00:05:22
케이피티유,00357607,054410,KOSDAQ,연간x연결,재무제표,DS-2/DS-3,DONE,"cross-check completed for ['매출액', '영업이익']",,2026-07-08T00:05:22
케이피티유,00357607,054410,KOSDAQ,연간x연결,지표,CV-6,PASS,default metric selection visible,,2026-07-08T00:05:22
케이피티유,00357607,054410,KOSDAQ,연간x별도,재무제표,DS-1,PASS,,,2026-07-08T00:05:27
케이피티유,00357607,054410,KOSDAQ,연간x별도,상단,DS-8,PASS,,,2026-07-08T00:05:27
케이피티유,00357607,054410,KOSDAQ,연간x별도,상단,DS-7,PASS,"badges seen: ['✅', '🔎']",,2026-07-08T00:05:27
케이피티유,00357607,054410,KOSDAQ,연간x별도,재무제표,CV-3,PASS,rows=29 cols=25 slider_extended=True,,2026-07-08T00:05:27
케이피티유,00357607,054410,KOSDAQ,연간x별도,재무제표,DS-2/DS-3,DONE,"cross-check completed for ['매출액', '영업이익']",,2026-07-08T00:05:27
케이피티유,00357607,054410,KOSDAQ,연간x별도,지표,CV-6,PASS,default metric selection visible,,2026-07-08T00:05:27
케이피티유,00357607,054410,KOSDAQ,분기x연결,재무제표,DS-1,PASS,,,2026-07-08T00:05:34
케이피티유,00357607,054410,KOSDAQ,분기x연결,상단,DS-8,PASS,,,2026-07-08T00:05:34
케이피티유,00357607,054410,KOSDAQ,분기x연결,상단,DS-7,PASS,"badges seen: ['✅', '🔎', '⚠']",,2026-07-08T00:05:34
케이피티유,00357607,054410,KOSDAQ,분기x연결,재무제표,CV-3,PASS,rows=29 cols=15 slider_extended=True,,2026-07-08T00:05:34
케이피티유,00357607,054410,KOSDAQ,분기x연결,재무제표,DS-2/DS-3,DONE,"cross-check completed for ['매출액', '영업이익']",,2026-07-08T00:05:34
케이피티유,00357607,054410,KOSDAQ,분기x연결,지표,CV-6,PASS,default metric selection visible,,2026-07-08T00:05:34
케이피티유,00357607,054410,KOSDAQ,분기x별도,재무제표,DS-1,PASS,,,2026-07-08T00:05:41
케이피티유,00357607,054410,KOSDAQ,분기x별도,상단,DS-8,PASS,,,2026-07-08T00:05:41
케이피티유,00357607,054410,KOSDAQ,분기x별도,상단,DS-7,PASS,"badges seen: ['✅', '🔎']",,2026-07-08T00:05:41
케이피티유,00357607,054410,KOSDAQ,분기x별도,재무제표,CV-3,PASS,rows=29 cols=80 slider_extended=True,,2026-07-08T00:05:41
케이피티유,00357607,054410,KOSDAQ,분기x별도,재무제표,DS-2/DS-3,DONE,"cross-check completed for ['매출액', '영업이익']",,2026-07-08T00:05:41
케이피티유,00357607,054410,KOSDAQ,분기x별도,지표,CV-6,PASS,default metric selection visible,,2026-07-08T00:05:41
케이피항공산업,01101254,288180,KOSDAQ,연간x연결,재무제표,DS-1,PASS,,,2026-07-08T00:05:55
케이피항공산업,01101254,288180,KOSDAQ,연간x연결,상단,DS-8,PASS,,,2026-07-08T00:05:55
케이피항공산업,01101254,288180,KOSDAQ,연간x연결,상단,DS-7,PASS,"badges seen: ['✅', '🔎', '⚠']",,2026-07-08T00:05:55
케이피항공산업,01101254,288180,KOSDAQ,연간x연결,재무제표,CV-3,PASS,rows=29 cols=6 slider_extended=True,,2026-07-08T00:05:55
케이피항공산업,01101254,288180,KOSDAQ,연간x연결,재무제표,DS-2/DS-3,DONE,"cross-check completed for ['매출액', '영업이익']",,2026-07-08T00:05:55
케이피항공산업,01101254,288180,KOSDAQ,연간x연결,지표,CV-6,PASS,default metric selection visible,,2026-07-08T00:05:55
케이피항공산업,01101254,288180,KOSDAQ,연간x별도,재무제표,DS-1,PASS,,,2026-07-08T00:06:00
케이피항공산업,01101254,288180,KOSDAQ,연간x별도,상단,DS-8,PASS,,,2026-07-08T00:06:00
케이피항공산업,01101254,288180,KOSDAQ,연간x별도,상단,DS-7,PASS,"badges seen: ['✅', '🔎', '⚠']",,2026-07-08T00:06:00
케이피항공산업,01101254,288180,KOSDAQ,연간x별도,재무제표,CV-3,PASS,rows=29 cols=12 slider_extended=True,,2026-07-08T00:06:00
케이피항공산업,01101254,288180,KOSDAQ,연간x별도,재무제표,DS-2/DS-3,DONE,"cross-check completed for ['매출액', '영업이익']",,2026-07-08T00:06:00
케이피항공산업,01101254,288180,KOSDAQ,연간x별도,지표,CV-6,PASS,default metric selection visible,,2026-07-08T00:06:00
케이피항공산업,01101254,288180,KOSDAQ,분기x연결,재무제표,DS-1,PASS,,,2026-07-08T00:06:06
케이피항공산업,01101254,288180,KOSDAQ,분기x연결,상단,DS-8,PASS,,,2026-07-08T00:06:06
케이피항공산업,01101254,288180,KOSDAQ,분기x연결,상단,DS-7,PASS,"badges seen: ['✅', '🔎', '⚠']",,2026-07-08T00:06:06
케이피항공산업,01101254,288180,KOSDAQ,분기x연결,재무제표,CV-3,PASS,rows=29 cols=16 slider_extended=True,,2026-07-08T00:06:06
케이피항공산업,01101254,288180,KOSDAQ,분기x연결,재무제표,DS-2/DS-3,DONE,"cross-check completed for ['매출액', '영업이익']",,2026-07-08T00:06:06
케이피항공산업,01101254,288180,KOSDAQ,분기x연결,지표,CV-6,PASS,default metric selection visible,,2026-07-08T00:06:06
케이피항공산업,01101254,288180,KOSDAQ,분기x별도,재무제표,DS-1,PASS,,,2026-07-08T00:06:13
케이피항공산업,01101254,288180,KOSDAQ,분기x별도,상단,DS-8,PASS,,,2026-07-08T00:06:13
케이피항공산업,01101254,288180,KOSDAQ,분기x별도,상단,DS-7,PASS,"badges seen: ['✅', '🔎']",,2026-07-08T00:06:13
케이피항공산업,01101254,288180,KOSDAQ,분기x별도,재무제표,CV-3,PASS,rows=29 cols=36 slider_extended=True,,2026-07-08T00:06:13
케이피항공산업,01101254,288180,KOSDAQ,분기x별도,재무제표,DS-2/DS-3,DONE,"cross-check completed for ['매출액', '영업이익']",,2026-07-08T00:06:13
케이피항공산업,01101254,288180,KOSDAQ,분기x별도,지표,CV-6,PASS,default metric selection visible,,2026-07-08T00:06:13
케일럼,00961507,258610,KOSDAQ,연간x연결,재무제표,DS-1,PASS,,,2026-07-08T00:06:27
케일럼,00961507,258610,KOSDAQ,연간x연결,상단,DS-8,PASS,,,2026-07-08T00:06:27
케일럼,00961507,258610,KOSDAQ,연간x연결,상단,DS-7,PASS,"badges seen: ['✅', '🔎', '⚠']",,2026-07-08T00:06:27
케일럼,00961507,258610,KOSDAQ,연간x연결,재무제표,CV-3,PASS,rows=29 cols=12 slider_extended=True,,2026-07-08T00:06:27
케일럼,00961507,258610,KOSDAQ,연간x연결,재무제표,DS-2/DS-3,DONE,"cross-check completed for ['매출액', '영업이익']",,2026-07-08T00:06:27
케일럼,00961507,258610,KOSDAQ,연간x연결,지표,CV-6,PASS,default metric selection visible,,2026-07-08T00:06:27
케일럼,00961507,258610,KOSDAQ,연간x별도,재무제표,DS-1,PASS,,,2026-07-08T00:06:32
케일럼,00961507,258610,KOSDAQ,연간x별도,상단,DS-8,PASS,,,2026-07-08T00:06:32
케일럼,00961507,258610,KOSDAQ,연간x별도,상단,DS-7,PASS,"badges seen: ['✅', '🔎', '⚠']",,2026-07-08T00:06:32
케일럼,00961507,258610,KOSDAQ,연간x별도,재무제표,CV-3,PASS,rows=29 cols=13 slider_extended=True,,2026-07-08T00:06:32
케일럼,00961507,258610,KOSDAQ,연간x별도,재무제표,DS-2/DS-3,DONE,"cross-check completed for ['매출액', '영업이익']",,2026-07-08T00:06:32
케일럼,00961507,258610,KOSDAQ,연간x별도,지표,CV-6,PASS,default metric selection visible,,2026-07-08T00:06:32
케일럼,00961507,258610,KOSDAQ,분기x연결,재무제표,DS-1,PASS,,,2026-07-08T00:06:39
케일럼,00961507,258610,KOSDAQ,분기x연결,상단,DS-8,PASS,,,2026-07-08T00:06:39
케일럼,00961507,258610,KOSDAQ,분기x연결,상단,DS-7,PASS,"badges seen: ['✅', '🔎']",,2026-07-08T00:06:39
케일럼,00961507,258610,KOSDAQ,분기x연결,재무제표,CV-3,PASS,rows=29 cols=40 slider_extended=True,,2026-07-08T00:06:39
케일럼,00961507,258610,KOSDAQ,분기x연결,재무제표,DS-2/DS-3,DONE,"cross-check completed for ['매출액', '영업이익']",,2026-07-08T00:06:39
케일럼,00961507,258610,KOSDAQ,분기x연결,지표,CV-6,PASS,default metric selection visible,,2026-07-08T00:06:39
케일럼,00961507,258610,KOSDAQ,분기x별도,재무제표,DS-1,PASS,,,2026-07-08T00:06:46
케일럼,00961507,258610,KOSDAQ,분기x별도,상단,DS-8,PASS,,,2026-07-08T00:06:46
케일럼,00961507,258610,KOSDAQ,분기x별도,상단,DS-7,PASS,"badges seen: ['✅', '🔎', '⚠']",,2026-07-08T00:06:46
케일럼,00961507,258610,KOSDAQ,분기x별도,재무제표,CV-3,PASS,rows=29 cols=41 slider_extended=True,,2026-07-08T00:06:46
케일럼,00961507,258610,KOSDAQ,분기x별도,재무제표,DS-2/DS-3,DONE,"cross-check completed for ['매출액', '영업이익']",,2026-07-08T00:06:46
케일럼,00961507,258610,KOSDAQ,분기x별도,지표,CV-6,PASS,default metric selection visible,,2026-07-08T00:06:46
켄코아에어로스페이스,01158553,274090,KOSDAQ,연간x연결,재무제표,DS-1,PASS,,,2026-07-08T00:07:00
켄코아에어로스페이스,01158553,274090,KOSDAQ,연간x연결,상단,DS-8,PASS,,,2026-07-08T00:07:00
켄코아에어로스페이스,01158553,274090,KOSDAQ,연간x연결,상단,DS-7,PASS,"badges seen: ['✅', '🔎']",,2026-07-08T00:07:00
켄코아에어로스페이스,01158553,274090,KOSDAQ,연간x연결,재무제표,CV-3,PASS,rows=29 cols=11 slider_extended=True,,2026-07-08T00:07:00
켄코아에어로스페이스,01158553,274090,KOSDAQ,연간x연결,재무제표,DS-2/DS-3,DONE,"cross-check completed for ['매출액', '영업이익']",,2026-07-08T00:07:00
켄코아에어로스페이스,01158553,274090,KOSDAQ,연간x연결,지표,CV-6,PASS,default metric selection visible,,2026-07-08T00:07:00
켄코아에어로스페이스,01158553,274090,KOSDAQ,연간x별도,재무제표,DS-1,PASS,,,2026-07-08T00:07:05
켄코아에어로스페이스,01158553,274090,KOSDAQ,연간x별도,상단,DS-8,PASS,,,2026-07-08T00:07:05
켄코아에어로스페이스,01158553,274090,KOSDAQ,연간x별도,상단,DS-7,PASS,"badges seen: ['✅', '🔎']",,2026-07-08T00:07:05
켄코아에어로스페이스,01158553,274090,KOSDAQ,연간x별도,재무제표,CV-3,PASS,rows=29 cols=11 slider_extended=True,,2026-07-08T00:07:05
켄코아에어로스페이스,01158553,274090,KOSDAQ,연간x별도,재무제표,DS-2/DS-3,DONE,"cross-check completed for ['매출액', '영업이익']",,2026-07-08T00:07:05
켄코아에어로스페이스,01158553,274090,KOSDAQ,연간x별도,지표,CV-6,PASS,default metric selection visible,,2026-07-08T00:07:05
켄코아에어로스페이스,01158553,274090,KOSDAQ,분기x연결,재무제표,DS-1,PASS,,,2026-07-08T00:07:11
켄코아에어로스페이스,01158553,274090,KOSDAQ,분기x연결,상단,DS-8,PASS,,,2026-07-08T00:07:11
켄코아에어로스페이스,01158553,274090,KOSDAQ,분기x연결,상단,DS-7,PASS,"badges seen: ['✅', '🔎']",,2026-07-08T00:07:11
켄코아에어로스페이스,01158553,274090,KOSDAQ,분기x연결,재무제표,CV-3,PASS,rows=29 cols=32 slider_extended=True,,2026-07-08T00:07:11
켄코아에어로스페이스,01158553,274090,KOSDAQ,분기x연결,재무제표,DS-2/DS-3,DONE,"cross-check completed for ['매출액', '영업이익']",,2026-07-08T00:07:11
켄코아에어로스페이스,01158553,274090,KOSDAQ,분기x연결,지표,CV-6,PASS,default metric selection visible,,2026-07-08T00:07:11
켄코아에어로스페이스,01158553,274090,KOSDAQ,분기x별도,재무제표,DS-1,PASS,,,2026-07-08T00:07:18
켄코아에어로스페이스,01158553,274090,KOSDAQ,분기x별도,상단,DS-8,PASS,,,2026-07-08T00:07:18
켄코아에어로스페이스,01158553,274090,KOSDAQ,분기x별도,상단,DS-7,PASS,"badges seen: ['✅', '🔎']",,2026-07-08T00:07:18
켄코아에어로스페이스,01158553,274090,KOSDAQ,분기x별도,재무제표,CV-3,PASS,rows=29 cols=32 slider_extended=True,,2026-07-08T00:07:18
켄코아에어로스페이스,01158553,274090,KOSDAQ,분기x별도,재무제표,DS-2/DS-3,DONE,"cross-check completed for ['매출액', '영업이익']",,2026-07-08T00:07:18
켄코아에어로스페이스,01158553,274090,KOSDAQ,분기x별도,지표,CV-6,PASS,default metric selection visible,,2026-07-08T00:07:18
켐트로닉스,00371485,089010,KOSDAQ,연간x연결,재무제표,DS-1,PASS,,,2026-07-08T00:07:32
켐트로닉스,00371485,089010,KOSDAQ,연간x연결,상단,DS-8,PASS,,,2026-07-08T00:07:32
켐트로닉스,00371485,089010,KOSDAQ,연간x연결,상단,DS-7,PASS,"badges seen: ['✅', '🔎', '⚠']",,2026-07-08T00:07:32
켐트로닉스,00371485,089010,KOSDAQ,연간x연결,재무제표,CV-3,PASS,rows=29 cols=19 slider_extended=True,,2026-07-08T00:07:32
켐트로닉스,00371485,089010,KOSDAQ,연간x연결,재무제표,DS-2/DS-3,DONE,"cross-check completed for ['매출액', '영업이익']",,2026-07-08T00:07:32
켐트로닉스,00371485,089010,KOSDAQ,연간x연결,지표,CV-6,PASS,default metric selection visible,,2026-07-08T00:07:32
켐트로닉스,00371485,089010,KOSDAQ,연간x별도,재무제표,DS-1,PASS,,,2026-07-08T00:07:37
켐트로닉스,00371485,089010,KOSDAQ,연간x별도,상단,DS-8,PASS,,,2026-07-08T00:07:37
켐트로닉스,00371485,089010,KOSDAQ,연간x별도,상단,DS-7,PASS,"badges seen: ['✅', '🔎', '⚠']",,2026-07-08T00:07:37
켐트로닉스,00371485,089010,KOSDAQ,연간x별도,재무제표,CV-3,PASS,rows=29 cols=24 slider_extended=True,,2026-07-08T00:07:37
켐트로닉스,00371485,089010,KOSDAQ,연간x별도,재무제표,DS-2/DS-3,DONE,"cross-check completed for ['매출액', '영업이익']",,2026-07-08T00:07:37
켐트로닉스,00371485,089010,KOSDAQ,연간x별도,지표,CV-6,PASS,default metric selection visible,,2026-07-08T00:07:37
켐트로닉스,00371485,089010,KOSDAQ,분기x연결,재무제표,DS-1,PASS,,,2026-07-08T00:07:43
켐트로닉스,00371485,089010,KOSDAQ,분기x연결,상단,DS-8,PASS,,,2026-07-08T00:07:43
켐트로닉스,00371485,089010,KOSDAQ,분기x연결,상단,DS-7,PASS,"badges seen: ['✅', '🔎']",,2026-07-08T00:07:43
켐트로닉스,00371485,089010,KOSDAQ,분기x연결,재무제표,CV-3,PASS,rows=29 cols=60 slider_extended=True,,2026-07-08T00:07:43
켐트로닉스,00371485,089010,KOSDAQ,분기x연결,재무제표,DS-2/DS-3,DONE,"cross-check completed for ['매출액', '영업이익']",,2026-07-08T00:07:43
켐트로닉스,00371485,089010,KOSDAQ,분기x연결,지표,CV-6,PASS,default metric selection visible,,2026-07-08T00:07:43
켐트로닉스,00371485,089010,KOSDAQ,분기x별도,재무제표,DS-1,PASS,,,2026-07-08T00:07:51
켐트로닉스,00371485,089010,KOSDAQ,분기x별도,상단,DS-8,PASS,,,2026-07-08T00:07:51
켐트로닉스,00371485,089010,KOSDAQ,분기x별도,상단,DS-7,PASS,"badges seen: ['✅', '🔎']",,2026-07-08T00:07:51
켐트로닉스,00371485,089010,KOSDAQ,분기x별도,재무제표,CV-3,PASS,rows=29 cols=76 slider_extended=True,,2026-07-08T00:07:51
켐트로닉스,00371485,089010,KOSDAQ,분기x별도,재무제표,DS-2/DS-3,DONE,"cross-check completed for ['매출액', '영업이익']",,2026-07-08T00:07:51
켐트로닉스,00371485,089010,KOSDAQ,분기x별도,지표,CV-6,PASS,default metric selection visible,,2026-07-08T00:07:51
켐트로스,01089350,220260,KOSDAQ,연간x연결,재무제표,DS-1,PASS,,,2026-07-08T00:08:04
켐트로스,01089350,220260,KOSDAQ,연간x연결,상단,DS-8,PASS,,,2026-07-08T00:08:04
켐트로스,01089350,220260,KOSDAQ,연간x연결,상단,DS-4,PASS,substitution caption present,,2026-07-08T00:08:04
켐트로스,01089350,220260,KOSDAQ,연간x연결,상단,DS-7,PASS,"badges seen: ['✅', '🔎', '⚠']",,2026-07-08T00:08:04
켐트로스,01089350,220260,KOSDAQ,연간x연결,재무제표,CV-3,PASS,rows=29 cols=13 slider_extended=True,,2026-07-08T00:08:04
켐트로스,01089350,220260,KOSDAQ,연간x연결,재무제표,DS-2/DS-3,DONE,"cross-check completed for ['매출액', '영업이익']",,2026-07-08T00:08:04
켐트로스,01089350,220260,KOSDAQ,연간x연결,지표,CV-6,PASS,default metric selection visible,,2026-07-08T00:08:04
켐트로스,01089350,220260,KOSDAQ,연간x별도,재무제표,DS-1,PASS,,,2026-07-08T00:08:09
켐트로스,01089350,220260,KOSDAQ,연간x별도,상단,DS-8,PASS,,,2026-07-08T00:08:09
켐트로스,01089350,220260,KOSDAQ,연간x별도,상단,DS-7,PASS,"badges seen: ['✅', '🔎', '⚠']",,2026-07-08T00:08:09
켐트로스,01089350,220260,KOSDAQ,연간x별도,재무제표,CV-3,PASS,rows=29 cols=13 slider_extended=True,,2026-07-08T00:08:09
켐트로스,01089350,220260,KOSDAQ,연간x별도,재무제표,DS-2/DS-3,DONE,"cross-check completed for ['매출액', '영업이익']",,2026-07-08T00:08:09
켐트로스,01089350,220260,KOSDAQ,연간x별도,지표,CV-6,PASS,default metric selection visible,,2026-07-08T00:08:09
켐트로스,01089350,220260,KOSDAQ,분기x연결,재무제표,DS-1,PASS,,,2026-07-08T00:08:16
켐트로스,01089350,220260,KOSDAQ,분기x연결,상단,DS-8,PASS,,,2026-07-08T00:08:16
켐트로스,01089350,220260,KOSDAQ,분기x연결,상단,DS-4,PASS,substitution caption present,,2026-07-08T00:08:16
켐트로스,01089350,220260,KOSDAQ,분기x연결,상단,DS-7,PASS,"badges seen: ['✅', '🔎', '⚠']",,2026-07-08T00:08:16
켐트로스,01089350,220260,KOSDAQ,분기x연결,재무제표,CV-3,PASS,rows=29 cols=47 slider_extended=True,,2026-07-08T00:08:16
켐트로스,01089350,220260,KOSDAQ,분기x연결,재무제표,DS-2/DS-3,DONE,"cross-check completed for ['매출액', '영업이익']",,2026-07-08T00:08:16
켐트로스,01089350,220260,KOSDAQ,분기x연결,지표,CV-6,PASS,default metric selection visible,,2026-07-08T00:08:16
켐트로스,01089350,220260,KOSDAQ,분기x별도,재무제표,DS-1,PASS,,,2026-07-08T00:08:23
켐트로스,01089350,220260,KOSDAQ,분기x별도,상단,DS-8,PASS,,,2026-07-08T00:08:23
켐트로스,01089350,220260,KOSDAQ,분기x별도,상단,DS-7,PASS,"badges seen: ['✅', '🔎', '⚠']",,2026-07-08T00:08:23
켐트로스,01089350,220260,KOSDAQ,분기x별도,재무제표,CV-3,PASS,rows=29 cols=47 slider_extended=True,,2026-07-08T00:08:23
켐트로스,01089350,220260,KOSDAQ,분기x별도,재무제표,DS-2/DS-3,DONE,"cross-check completed for ['매출액', '영업이익']",,2026-07-08T00:08:23
켐트로스,01089350,220260,KOSDAQ,분기x별도,지표,CV-6,PASS,default metric selection visible,,2026-07-08T00:08:23
코나아이,00349732,052400,KOSDAQ,연간x연결,재무제표,DS-1,PASS,,,2026-07-08T00:08:37
코나아이,00349732,052400,KOSDAQ,연간x연결,상단,DS-8,PASS,,,2026-07-08T00:08:37
코나아이,00349732,052400,KOSDAQ,연간x연결,상단,DS-7,PASS,"badges seen: ['✅', '🔎']",,2026-07-08T00:08:37
코나아이,00349732,052400,KOSDAQ,연간x연결,재무제표,CV-3,PASS,rows=29 cols=18 slider_extended=True,,2026-07-08T00:08:37
코나아이,00349732,052400,KOSDAQ,연간x연결,재무제표,DS-2/DS-3,DONE,"cross-check completed for ['매출액', '영업이익']",,2026-07-08T00:08:37
코나아이,00349732,052400,KOSDAQ,연간x연결,지표,CV-6,PASS,default metric selection visible,,2026-07-08T00:08:37
코나아이,00349732,052400,KOSDAQ,연간x별도,재무제표,DS-1,PASS,,,2026-07-08T00:08:42
코나아이,00349732,052400,KOSDAQ,연간x별도,상단,DS-8,PASS,,,2026-07-08T00:08:42
코나아이,00349732,052400,KOSDAQ,연간x별도,상단,DS-7,PASS,"badges seen: ['✅', '🔎', '⚠']",,2026-07-08T00:08:42
코나아이,00349732,052400,KOSDAQ,연간x별도,재무제표,CV-3,PASS,rows=29 cols=26 slider_extended=True,,2026-07-08T00:08:42
코나아이,00349732,052400,KOSDAQ,연간x별도,재무제표,DS-2/DS-3,DONE,"cross-check completed for ['매출액', '영업이익']",,2026-07-08T00:08:42
코나아이,00349732,052400,KOSDAQ,연간x별도,지표,CV-6,PASS,default metric selection visible,,2026-07-08T00:08:42
코나아이,00349732,052400,KOSDAQ,분기x연결,재무제표,DS-1,PASS,,,2026-07-08T00:08:48
코나아이,00349732,052400,KOSDAQ,분기x연결,상단,DS-8,PASS,,,2026-07-08T00:08:48
코나아이,00349732,052400,KOSDAQ,분기x연결,상단,DS-7,PASS,"badges seen: ['✅', '🔎', '⚠']",,2026-07-08T00:08:48
코나아이,00349732,052400,KOSDAQ,분기x연결,재무제표,CV-3,PASS,rows=29 cols=60 slider_extended=True,,2026-07-08T00:08:48
코나아이,00349732,052400,KOSDAQ,분기x연결,재무제표,DS-2/DS-3,DONE,"cross-check completed for ['매출액', '영업이익']",,2026-07-08T00:08:48
코나아이,00349732,052400,KOSDAQ,분기x연결,지표,CV-6,PASS,default metric selection visible,,2026-07-08T00:08:48
코나아이,00349732,052400,KOSDAQ,분기x별도,재무제표,DS-1,PASS,,,2026-07-08T00:08:56
코나아이,00349732,052400,KOSDAQ,분기x별도,상단,DS-8,PASS,,,2026-07-08T00:08:56
코나아이,00349732,052400,KOSDAQ,분기x별도,상단,DS-7,PASS,"badges seen: ['✅', '🔎', '⚠']",,2026-07-08T00:08:56
코나아이,00349732,052400,KOSDAQ,분기x별도,재무제표,CV-3,PASS,rows=29 cols=76 slider_extended=True,,2026-07-08T00:08:56
코나아이,00349732,052400,KOSDAQ,분기x별도,재무제표,DS-2/DS-3,DONE,"cross-check completed for ['매출액', '영업이익']",,2026-07-08T00:08:56
코나아이,00349732,052400,KOSDAQ,분기x별도,지표,CV-6,PASS,default metric selection visible,,2026-07-08T00:08:56
코난테크놀로지,00601988,402030,KOSDAQ,연간x연결,재무제표,DS-1,PASS,,,2026-07-08T00:09:09
코난테크놀로지,00601988,402030,KOSDAQ,연간x연결,상단,DS-8,PASS,,,2026-07-08T00:09:09
코난테크놀로지,00601988,402030,KOSDAQ,연간x연결,상단,DS-4,PASS,substitution caption present,,2026-07-08T00:09:09
코난테크놀로지,00601988,402030,KOSDAQ,연간x연결,상단,DS-7,PASS,"badges seen: ['✅', '🔎']",,2026-07-08T00:09:09
코난테크놀로지,00601988,402030,KOSDAQ,연간x연결,재무제표,CV-3,PASS,rows=29 cols=8 slider_extended=True,,2026-07-08T00:09:09
코난테크놀로지,00601988,402030,KOSDAQ,연간x연결,재무제표,DS-2/DS-3,DONE,"cross-check completed for ['매출액', '영업이익']",,2026-07-08T00:09:09
코난테크놀로지,00601988,402030,KOSDAQ,연간x연결,지표,CV-6,PASS,default metric selection visible,,2026-07-08T00:09:09
코난테크놀로지,00601988,402030,KOSDAQ,연간x별도,재무제표,DS-1,PASS,,,2026-07-08T00:09:14
코난테크놀로지,00601988,402030,KOSDAQ,연간x별도,상단,DS-8,PASS,,,2026-07-08T00:09:14
코난테크놀로지,00601988,402030,KOSDAQ,연간x별도,상단,DS-7,PASS,"badges seen: ['✅', '🔎']",,2026-07-08T00:09:14
코난테크놀로지,00601988,402030,KOSDAQ,연간x별도,재무제표,CV-3,PASS,rows=29 cols=8 slider_extended=True,,2026-07-08T00:09:14
코난테크놀로지,00601988,402030,KOSDAQ,연간x별도,재무제표,DS-2/DS-3,DONE,"cross-check completed for ['매출액', '영업이익']",,2026-07-08T00:09:14
코난테크놀로지,00601988,402030,KOSDAQ,연간x별도,지표,CV-6,PASS,default metric selection visible,,2026-07-08T00:09:14
코난테크놀로지,00601988,402030,KOSDAQ,분기x연결,재무제표,DS-1,PASS,,,2026-07-08T00:09:21
코난테크놀로지,00601988,402030,KOSDAQ,분기x연결,상단,DS-8,PASS,,,2026-07-08T00:09:21
코난테크놀로지,00601988,402030,KOSDAQ,분기x연결,상단,DS-4,PASS,substitution caption present,,2026-07-08T00:09:21
코난테크놀로지,00601988,402030,KOSDAQ,분기x연결,상단,DS-7,PASS,"badges seen: ['✅', '🔎', '⚠']",,2026-07-08T00:09:21
코난테크놀로지,00601988,402030,KOSDAQ,분기x연결,재무제표,CV-3,PASS,rows=29 cols=21 slider_extended=True,,2026-07-08T00:09:21
코난테크놀로지,00601988,402030,KOSDAQ,분기x연결,재무제표,DS-2/DS-3,DONE,"cross-check completed for ['매출액', '영업이익']",,2026-07-08T00:09:21
코난테크놀로지,00601988,402030,KOSDAQ,분기x연결,지표,CV-6,PASS,default metric selection visible,,2026-07-08T00:09:21
코난테크놀로지,00601988,402030,KOSDAQ,분기x별도,재무제표,DS-1,PASS,,,2026-07-08T00:09:28
코난테크놀로지,00601988,402030,KOSDAQ,분기x별도,상단,DS-8,PASS,,,2026-07-08T00:09:28
코난테크놀로지,00601988,402030,KOSDAQ,분기x별도,상단,DS-7,PASS,"badges seen: ['✅', '🔎', '⚠']",,2026-07-08T00:09:28
코난테크놀로지,00601988,402030,KOSDAQ,분기x별도,재무제표,CV-3,PASS,rows=29 cols=21 slider_extended=True,,2026-07-08T00:09:28
코난테크놀로지,00601988,402030,KOSDAQ,분기x별도,재무제표,DS-2/DS-3,DONE,"cross-check completed for ['매출액', '영업이익']",,2026-07-08T00:09:28
코난테크놀로지,00601988,402030,KOSDAQ,분기x별도,지표,CV-6,PASS,default metric selection visible,,2026-07-08T00:09:28
코닉오토메이션,01573284,391710,KOSDAQ,연간x연결,재무제표,DS-1,PASS,,,2026-07-08T00:09:41
코닉오토메이션,01573284,391710,KOSDAQ,연간x연결,상단,DS-8,PASS,,,2026-07-08T00:09:41
코닉오토메이션,01573284,391710,KOSDAQ,연간x연결,상단,DS-4,PASS,substitution caption present,,2026-07-08T00:09:41
코닉오토메이션,01573284,391710,KOSDAQ,연간x연결,상단,DS-7,PASS,"badges seen: ['✅', '🔎']",,2026-07-08T00:09:41
코닉오토메이션,01573284,391710,KOSDAQ,연간x연결,재무제표,CV-3,PASS,rows=29 cols=7 slider_extended=True,,2026-07-08T00:09:41
코닉오토메이션,01573284,391710,KOSDAQ,연간x연결,재무제표,DS-2/DS-3,DONE,"cross-check completed for ['매출액', '영업이익']",,2026-07-08T00:09:41
코닉오토메이션,01573284,391710,KOSDAQ,연간x연결,지표,CV-6,PASS,default metric selection visible,,2026-07-08T00:09:41
코닉오토메이션,01573284,391710,KOSDAQ,연간x별도,재무제표,DS-1,PASS,,,2026-07-08T00:09:46
코닉오토메이션,01573284,391710,KOSDAQ,연간x별도,상단,DS-8,PASS,,,2026-07-08T00:09:46
코닉오토메이션,01573284,391710,KOSDAQ,연간x별도,상단,DS-7,PASS,"badges seen: ['✅', '🔎']",,2026-07-08T00:09:46
코닉오토메이션,01573284,391710,KOSDAQ,연간x별도,재무제표,CV-3,PASS,rows=29 cols=7 slider_extended=True,,2026-07-08T00:09:46
코닉오토메이션,01573284,391710,KOSDAQ,연간x별도,재무제표,DS-2/DS-3,DONE,"cross-check completed for ['매출액', '영업이익']",,2026-07-08T00:09:46
코닉오토메이션,01573284,391710,KOSDAQ,연간x별도,지표,CV-6,PASS,default metric selection visible,,2026-07-08T00:09:46
코닉오토메이션,01573284,391710,KOSDAQ,분기x연결,재무제표,DS-1,PASS,,,2026-07-08T00:09:53
코닉오토메이션,01573284,391710,KOSDAQ,분기x연결,상단,DS-8,PASS,,,2026-07-08T00:09:53
코닉오토메이션,01573284,391710,KOSDAQ,분기x연결,상단,DS-4,PASS,substitution caption present,,2026-07-08T00:09:53
코닉오토메이션,01573284,391710,KOSDAQ,분기x연결,상단,DS-7,PASS,"badges seen: ['✅', '🔎', '⚠']",,2026-07-08T00:09:53
코닉오토메이션,01573284,391710,KOSDAQ,분기x연결,재무제표,CV-3,PASS,rows=29 cols=20 slider_extended=True,,2026-07-08T00:09:53
코닉오토메이션,01573284,391710,KOSDAQ,분기x연결,재무제표,DS-2/DS-3,DONE,"cross-check completed for ['매출액', '영업이익']",,2026-07-08T00:09:53
코닉오토메이션,01573284,391710,KOSDAQ,분기x연결,지표,CV-6,PASS,default metric selection visible,,2026-07-08T00:09:53
코닉오토메이션,01573284,391710,KOSDAQ,분기x별도,재무제표,DS-1,PASS,,,2026-07-08T00:10:00
코닉오토메이션,01573284,391710,KOSDAQ,분기x별도,상단,DS-8,PASS,,,2026-07-08T00:10:00
코닉오토메이션,01573284,391710,KOSDAQ,분기x별도,상단,DS-7,PASS,"badges seen: ['✅', '🔎', '⚠']",,2026-07-08T00:10:00
코닉오토메이션,01573284,391710,KOSDAQ,분기x별도,재무제표,CV-3,PASS,rows=29 cols=20 slider_extended=True,,2026-07-08T00:10:00
코닉오토메이션,01573284,391710,KOSDAQ,분기x별도,재무제표,DS-2/DS-3,DONE,"cross-check completed for ['매출액', '영업이익']",,2026-07-08T00:10:00
코닉오토메이션,01573284,391710,KOSDAQ,분기x별도,지표,CV-6,FAIL,default metrics not found,,2026-07-08T00:10:00
코다코,00295857,046070,KOSDAQ,연간x연결,재무제표,DS-1,PASS,,,2026-07-08T00:10:14
코다코,00295857,046070,KOSDAQ,연간x연결,상단,DS-8,PASS,,,2026-07-08T00:10:14
코다코,00295857,046070,KOSDAQ,연간x연결,상단,DS-7,PASS,"badges seen: ['✅', '🔎', '⚠']",,2026-07-08T00:10:14
코다코,00295857,046070,KOSDAQ,연간x연결,재무제표,CV-3,PASS,rows=29 cols=17 slider_extended=True,,2026-07-08T00:10:14
코다코,00295857,046070,KOSDAQ,연간x연결,재무제표,DS-2/DS-3,DONE,"cross-check completed for ['매출액', '영업이익']",,2026-07-08T00:10:14
코다코,00295857,046070,KOSDAQ,연간x연결,지표,CV-6,PASS,default metric selection visible,,2026-07-08T00:10:14
코다코,00295857,046070,KOSDAQ,연간x별도,재무제표,DS-1,PASS,,,2026-07-08T00:10:19
코다코,00295857,046070,KOSDAQ,연간x별도,상단,DS-8,PASS,,,2026-07-08T00:10:19
코다코,00295857,046070,KOSDAQ,연간x별도,상단,DS-7,PASS,"badges seen: ['✅', '🔎', '⚠']",,2026-07-08T00:10:19
코다코,00295857,046070,KOSDAQ,연간x별도,재무제표,CV-3,PASS,rows=29 cols=26 slider_extended=True,,2026-07-08T00:10:19
코다코,00295857,046070,KOSDAQ,연간x별도,재무제표,DS-2/DS-3,DONE,"cross-check completed for ['매출액', '영업이익']",,2026-07-08T00:10:19
코다코,00295857,046070,KOSDAQ,연간x별도,지표,CV-6,PASS,default metric selection visible,,2026-07-08T00:10:19
코다코,00295857,046070,KOSDAQ,분기x연결,재무제표,DS-1,PASS,,,2026-07-08T00:10:25
코다코,00295857,046070,KOSDAQ,분기x연결,상단,DS-8,PASS,,,2026-07-08T00:10:25
코다코,00295857,046070,KOSDAQ,분기x연결,상단,DS-7,PASS,"badges seen: ['✅', '🔎', '⚠']",,2026-07-08T00:10:25
코다코,00295857,046070,KOSDAQ,분기x연결,재무제표,CV-3,PASS,rows=29 cols=59 slider_extended=True,,2026-07-08T00:10:25
코다코,00295857,046070,KOSDAQ,분기x연결,재무제표,DS-2/DS-3,DONE,"cross-check completed for ['매출액', '영업이익']",,2026-07-08T00:10:25
코다코,00295857,046070,KOSDAQ,분기x연결,지표,CV-6,PASS,default metric selection visible,,2026-07-08T00:10:25
코다코,00295857,046070,KOSDAQ,분기x별도,재무제표,DS-1,PASS,,,2026-07-08T00:10:28
코다코,00295857,046070,KOSDAQ,분기x별도,상단,DS-8,PASS,,,2026-07-08T00:10:28
코다코,00295857,046070,KOSDAQ,분기x별도,상단,DS-7,PASS,"badges seen: ['✅', '🔎', '⚠']",,2026-07-08T00:10:28
코다코,00295857,046070,KOSDAQ,분기x별도,재무제표,CV-3,PASS,rows=29 cols=82 slider_extended=True,,2026-07-08T00:10:28
코다코,00295857,046070,KOSDAQ,분기x별도,재무제표,DS-2/DS-3,DONE,"cross-check completed for ['매출액', '영업이익']",,2026-07-08T00:10:28
코다코,00295857,046070,KOSDAQ,분기x별도,지표,CV-6,PASS,default metric selection visible,,2026-07-08T00:10:28
코데즈컴바인,00329093,047770,KOSDAQ,연간x연결,재무제표,DS-1,PASS,,,2026-07-08T00:10:42
코데즈컴바인,00329093,047770,KOSDAQ,연간x연결,상단,DS-8,PASS,,,2026-07-08T00:10:42
코데즈컴바인,00329093,047770,KOSDAQ,연간x연결,상단,DS-7,PASS,"badges seen: ['✅', '🔎']",,2026-07-08T00:10:42
코데즈컴바인,00329093,047770,KOSDAQ,연간x연결,재무제표,CV-3,PASS,rows=29 cols=19 slider_extended=True,,2026-07-08T00:10:42
코데즈컴바인,00329093,047770,KOSDAQ,연간x연결,재무제표,DS-2/DS-3,DONE,"cross-check completed for ['매출액', '영업이익']",,2026-07-08T00:10:42
코데즈컴바인,00329093,047770,KOSDAQ,연간x연결,지표,CV-6,PASS,default metric selection visible,,2026-07-08T00:10:42
코데즈컴바인,00329093,047770,KOSDAQ,연간x별도,재무제표,DS-1,PASS,,,2026-07-08T00:10:47
코데즈컴바인,00329093,047770,KOSDAQ,연간x별도,상단,DS-8,PASS,,,2026-07-08T00:10:47
코데즈컴바인,00329093,047770,KOSDAQ,연간x별도,상단,DS-7,PASS,"badges seen: ['✅', '🔎']",,2026-07-08T00:10:47
코데즈컴바인,00329093,047770,KOSDAQ,연간x별도,재무제표,CV-3,PASS,rows=29 cols=24 slider_extended=True,,2026-07-08T00:10:47
코데즈컴바인,00329093,047770,KOSDAQ,연간x별도,재무제표,DS-2/DS-3,DONE,"cross-check completed for ['매출액', '영업이익']",,2026-07-08T00:10:47
코데즈컴바인,00329093,047770,KOSDAQ,연간x별도,지표,CV-6,PASS,default metric selection visible,,2026-07-08T00:10:47
코데즈컴바인,00329093,047770,KOSDAQ,분기x연결,재무제표,DS-1,PASS,,,2026-07-08T00:10:54
코데즈컴바인,00329093,047770,KOSDAQ,분기x연결,상단,DS-8,PASS,,,2026-07-08T00:10:54
코데즈컴바인,00329093,047770,KOSDAQ,분기x연결,상단,DS-7,PASS,"badges seen: ['✅', '🔎', '⚠']",,2026-07-08T00:10:54
코데즈컴바인,00329093,047770,KOSDAQ,분기x연결,재무제표,CV-3,PASS,rows=29 cols=60 slider_extended=True,,2026-07-08T00:10:54
코데즈컴바인,00329093,047770,KOSDAQ,분기x연결,재무제표,DS-2/DS-3,DONE,"cross-check completed for ['매출액', '영업이익']",,2026-07-08T00:10:54
코데즈컴바인,00329093,047770,KOSDAQ,분기x연결,지표,CV-6,PASS,default metric selection visible,,2026-07-08T00:10:54
코데즈컴바인,00329093,047770,KOSDAQ,분기x별도,재무제표,DS-1,PASS,,,2026-07-08T00:11:01
코데즈컴바인,00329093,047770,KOSDAQ,분기x별도,상단,DS-8,PASS,,,2026-07-08T00:11:01
코데즈컴바인,00329093,047770,KOSDAQ,분기x별도,상단,DS-7,PASS,"badges seen: ['✅', '🔎', '⚠']",,2026-07-08T00:11:01
코데즈컴바인,00329093,047770,KOSDAQ,분기x별도,재무제표,CV-3,PASS,rows=29 cols=14 slider_extended=True,,2026-07-08T00:11:01
코데즈컴바인,00329093,047770,KOSDAQ,분기x별도,재무제표,DS-2/DS-3,DONE,"cross-check completed for ['매출액', '영업이익']",,2026-07-08T00:11:01
코데즈컴바인,00329093,047770,KOSDAQ,분기x별도,지표,CV-6,PASS,default metric selection visible,,2026-07-08T00:11:01
코디,00308559,080530,KOSDAQ,연간x연결,재무제표,DS-1,PASS,,,2026-07-08T00:11:15
코디,00308559,080530,KOSDAQ,연간x연결,상단,DS-8,PASS,,,2026-07-08T00:11:15
코디,00308559,080530,KOSDAQ,연간x연결,상단,DS-7,PASS,"badges seen: ['✅', '🔎', '⚠']",,2026-07-08T00:11:15
코디,00308559,080530,KOSDAQ,연간x연결,재무제표,CV-3,PASS,rows=29 cols=18 slider_extended=True,,2026-07-08T00:11:15
코디,00308559,080530,KOSDAQ,연간x연결,재무제표,DS-2/DS-3,DONE,"cross-check completed for ['매출액', '영업이익']",,2026-07-08T00:11:15
코디,00308559,080530,KOSDAQ,연간x연결,지표,CV-6,PASS,default metric selection visible,,2026-07-08T00:11:15
코디,00308559,080530,KOSDAQ,연간x별도,재무제표,DS-1,PASS,,,2026-07-08T00:11:20
코디,00308559,080530,KOSDAQ,연간x별도,상단,DS-8,PASS,,,2026-07-08T00:11:20
코디,00308559,080530,KOSDAQ,연간x별도,상단,DS-7,PASS,"badges seen: ['✅', '🔎', '⚠']",,2026-07-08T00:11:20
코디,00308559,080530,KOSDAQ,연간x별도,재무제표,CV-3,PASS,rows=29 cols=23 slider_extended=True,,2026-07-08T00:11:20
코디,00308559,080530,KOSDAQ,연간x별도,재무제표,DS-2/DS-3,DONE,"cross-check completed for ['매출액', '영업이익']",,2026-07-08T00:11:20
코디,00308559,080530,KOSDAQ,연간x별도,지표,CV-6,PASS,default metric selection visible,,2026-07-08T00:11:20
코디,00308559,080530,KOSDAQ,분기x연결,재무제표,DS-1,PASS,,,2026-07-08T00:11:26
코디,00308559,080530,KOSDAQ,분기x연결,상단,DS-8,PASS,,,2026-07-08T00:11:26
코디,00308559,080530,KOSDAQ,분기x연결,상단,DS-7,PASS,"badges seen: ['✅', '🔎', '⚠']",,2026-07-08T00:11:26
코디,00308559,080530,KOSDAQ,분기x연결,재무제표,CV-3,PASS,rows=29 cols=60 slider_extended=True,,2026-07-08T00:11:26
코디,00308559,080530,KOSDAQ,분기x연결,재무제표,DS-2/DS-3,DONE,"cross-check completed for ['매출액', '영업이익']",,2026-07-08T00:11:26
코디,00308559,080530,KOSDAQ,분기x연결,지표,CV-6,PASS,default metric selection visible,,2026-07-08T00:11:26
코디,00308559,080530,KOSDAQ,분기x별도,재무제표,DS-1,PASS,,,2026-07-08T00:11:34
코디,00308559,080530,KOSDAQ,분기x별도,상단,DS-8,PASS,,,2026-07-08T00:11:34
코디,00308559,080530,KOSDAQ,분기x별도,상단,DS-7,PASS,"badges seen: ['✅', '🔎', '⚠']",,2026-07-08T00:11:34
코디,00308559,080530,KOSDAQ,분기x별도,재무제표,CV-3,PASS,rows=29 cols=76 slider_extended=True,,2026-07-08T00:11:34
코디,00308559,080530,KOSDAQ,분기x별도,재무제표,DS-2/DS-3,DONE,"cross-check completed for ['매출액', '영업이익']",,2026-07-08T00:11:34
코디,00308559,080530,KOSDAQ,분기x별도,지표,CV-6,PASS,default metric selection visible,,2026-07-08T00:11:34
코렌텍,00541437,104540,KOSDAQ,연간x연결,재무제표,DS-1,PASS,,,2026-07-08T00:11:48
코렌텍,00541437,104540,KOSDAQ,연간x연결,상단,DS-8,PASS,,,2026-07-08T00:11:48
코렌텍,00541437,104540,KOSDAQ,연간x연결,상단,DS-7,PASS,"badges seen: ['✅', '🔎']",,2026-07-08T00:11:48
코렌텍,00541437,104540,KOSDAQ,연간x연결,재무제표,CV-3,PASS,rows=29 cols=18 slider_extended=True,,2026-07-08T00:11:48
코렌텍,00541437,104540,KOSDAQ,연간x연결,재무제표,DS-2/DS-3,DONE,"cross-check completed for ['매출액', '영업이익']",,2026-07-08T00:11:48
코렌텍,00541437,104540,KOSDAQ,연간x연결,지표,CV-6,PASS,default metric selection visible,,2026-07-08T00:11:48
코렌텍,00541437,104540,KOSDAQ,연간x별도,재무제표,DS-1,PASS,,,2026-07-08T00:11:53
코렌텍,00541437,104540,KOSDAQ,연간x별도,상단,DS-8,PASS,,,2026-07-08T00:11:53
코렌텍,00541437,104540,KOSDAQ,연간x별도,상단,DS-7,PASS,"badges seen: ['✅', '🔎', '⚠']",,2026-07-08T00:11:53
코렌텍,00541437,104540,KOSDAQ,연간x별도,재무제표,CV-3,PASS,rows=29 cols=18 slider_extended=True,,2026-07-08T00:11:53
코렌텍,00541437,104540,KOSDAQ,연간x별도,재무제표,DS-2/DS-3,DONE,"cross-check completed for ['매출액', '영업이익']",,2026-07-08T00:11:53
코렌텍,00541437,104540,KOSDAQ,연간x별도,지표,CV-6,PASS,default metric selection visible,,2026-07-08T00:11:53
코렌텍,00541437,104540,KOSDAQ,분기x연결,재무제표,DS-1,PASS,,,2026-07-08T00:11:59
코렌텍,00541437,104540,KOSDAQ,분기x연결,상단,DS-8,PASS,,,2026-07-08T00:11:59
코렌텍,00541437,104540,KOSDAQ,분기x연결,상단,DS-7,PASS,"badges seen: ['✅', '🔎']",,2026-07-08T00:11:59
코렌텍,00541437,104540,KOSDAQ,분기x연결,재무제표,CV-3,PASS,rows=29 cols=60 slider_extended=True,,2026-07-08T00:11:59
코렌텍,00541437,104540,KOSDAQ,분기x연결,재무제표,DS-2/DS-3,DONE,"cross-check completed for ['매출액', '영업이익']",,2026-07-08T00:11:59
코렌텍,00541437,104540,KOSDAQ,분기x연결,지표,CV-6,PASS,default metric selection visible,,2026-07-08T00:11:59
코렌텍,00541437,104540,KOSDAQ,분기x별도,재무제표,DS-1,PASS,,,2026-07-08T00:12:07
코렌텍,00541437,104540,KOSDAQ,분기x별도,상단,DS-8,PASS,,,2026-07-08T00:12:07
코렌텍,00541437,104540,KOSDAQ,분기x별도,상단,DS-7,PASS,"badges seen: ['✅', '🔎']",,2026-07-08T00:12:07
코렌텍,00541437,104540,KOSDAQ,분기x별도,재무제표,CV-3,PASS,rows=29 cols=60 slider_extended=True,,2026-07-08T00:12:07
코렌텍,00541437,104540,KOSDAQ,분기x별도,재무제표,DS-2/DS-3,DONE,"cross-check completed for ['매출액', '영업이익']",,2026-07-08T00:12:07
코렌텍,00541437,104540,KOSDAQ,분기x별도,지표,CV-6,PASS,default metric selection visible,,2026-07-08T00:12:07
코리아나,00152589,027050,KOSDAQ,연간x연결,재무제표,DS-1,PASS,,,2026-07-08T00:12:20
코리아나,00152589,027050,KOSDAQ,연간x연결,상단,DS-8,PASS,,,2026-07-08T00:12:20
코리아나,00152589,027050,KOSDAQ,연간x연결,상단,DS-7,PASS,"badges seen: ['✅', '🔎']",,2026-07-08T00:12:20
코리아나,00152589,027050,KOSDAQ,연간x연결,재무제표,CV-3,PASS,rows=29 cols=23 slider_extended=True,,2026-07-08T00:12:20
코리아나,00152589,027050,KOSDAQ,연간x연결,재무제표,DS-2/DS-3,DONE,"cross-check completed for ['매출액', '영업이익']",,2026-07-08T00:12:20
코리아나,00152589,027050,KOSDAQ,연간x연결,지표,CV-6,PASS,default metric selection visible,,2026-07-08T00:12:20
코리아나,00152589,027050,KOSDAQ,연간x별도,재무제표,DS-1,PASS,,,2026-07-08T00:12:26
코리아나,00152589,027050,KOSDAQ,연간x별도,상단,DS-8,PASS,,,2026-07-08T00:12:26
코리아나,00152589,027050,KOSDAQ,연간x별도,상단,DS-7,PASS,"badges seen: ['✅', '🔎', '⚠']",,2026-07-08T00:12:26
코리아나,00152589,027050,KOSDAQ,연간x별도,재무제표,CV-3,PASS,rows=29 cols=27 slider_extended=True,,2026-07-08T00:12:26
코리아나,00152589,027050,KOSDAQ,연간x별도,재무제표,DS-2/DS-3,DONE,"cross-check completed for ['매출액', '영업이익']",,2026-07-08T00:12:26
코리아나,00152589,027050,KOSDAQ,연간x별도,지표,CV-6,PASS,default metric selection visible,,2026-07-08T00:12:26
코리아나,00152589,027050,KOSDAQ,분기x연결,재무제표,DS-1,PASS,,,2026-07-08T00:12:32
코리아나,00152589,027050,KOSDAQ,분기x연결,상단,DS-8,PASS,,,2026-07-08T00:12:32
코리아나,00152589,027050,KOSDAQ,분기x연결,상단,DS-7,PASS,"badges seen: ['✅', '🔎']",,2026-07-08T00:12:32
코리아나,00152589,027050,KOSDAQ,분기x연결,재무제표,CV-3,PASS,rows=29 cols=66 slider_extended=True,,2026-07-08T00:12:32
코리아나,00152589,027050,KOSDAQ,분기x연결,재무제표,DS-2/DS-3,DONE,"cross-check completed for ['매출액', '영업이익']",,2026-07-08T00:12:32
코리아나,00152589,027050,KOSDAQ,분기x연결,지표,CV-6,PASS,default metric selection visible,,2026-07-08T00:12:32
코리아나,00152589,027050,KOSDAQ,분기x별도,재무제표,DS-1,PASS,,,2026-07-08T00:12:39
코리아나,00152589,027050,KOSDAQ,분기x별도,상단,DS-8,PASS,,,2026-07-08T00:12:39
코리아나,00152589,027050,KOSDAQ,분기x별도,상단,DS-7,PASS,"badges seen: ['✅', '🔎']",,2026-07-08T00:12:39
코리아나,00152589,027050,KOSDAQ,분기x별도,재무제표,CV-3,PASS,rows=29 cols=82 slider_extended=True,,2026-07-08T00:12:39
코리아나,00152589,027050,KOSDAQ,분기x별도,재무제표,DS-2/DS-3,DONE,"cross-check completed for ['매출액', '영업이익']",,2026-07-08T00:12:39
코리아나,00152589,027050,KOSDAQ,분기x별도,지표,CV-6,PASS,default metric selection visible,,2026-07-08T00:12:39
코리아에셋투자증권,00304915,190650,KOSDAQ,연간x연결,재무제표,DS-1,PASS,,,2026-07-08T00:12:53
코리아에셋투자증권,00304915,190650,KOSDAQ,연간x연결,상단,DS-8,PASS,,,2026-07-08T00:12:53
코리아에셋투자증권,00304915,190650,KOSDAQ,연간x연결,상단,DS-4,PASS,substitution caption present,,2026-07-08T00:12:53
코리아에셋투자증권,00304915,190650,KOSDAQ,연간x연결,상단,DS-7,PASS,"badges seen: ['✅', '🔎']",,2026-07-08T00:12:53
코리아에셋투자증권,00304915,190650,KOSDAQ,연간x연결,재무제표,CV-3,PASS,rows=29 cols=11 slider_extended=True,,2026-07-08T00:12:53
코리아에셋투자증권,00304915,190650,KOSDAQ,연간x연결,재무제표,DS-2/DS-3,DONE,"cross-check completed for ['매출액', '영업이익']",,2026-07-08T00:12:53
코리아에셋투자증권,00304915,190650,KOSDAQ,연간x연결,지표,CV-6,PASS,default metric selection visible,,2026-07-08T00:12:53
코리아에셋투자증권,00304915,190650,KOSDAQ,연간x별도,재무제표,DS-1,PASS,,,2026-07-08T00:12:59
코리아에셋투자증권,00304915,190650,KOSDAQ,연간x별도,상단,DS-8,PASS,,,2026-07-08T00:12:59
코리아에셋투자증권,00304915,190650,KOSDAQ,연간x별도,상단,DS-7,PASS,"badges seen: ['✅', '🔎']",,2026-07-08T00:12:59
코리아에셋투자증권,00304915,190650,KOSDAQ,연간x별도,재무제표,CV-3,PASS,rows=29 cols=11 slider_extended=True,,2026-07-08T00:12:59
코리아에셋투자증권,00304915,190650,KOSDAQ,연간x별도,재무제표,DS-2/DS-3,DONE,"cross-check completed for ['매출액', '영업이익']",,2026-07-08T00:12:59
코리아에셋투자증권,00304915,190650,KOSDAQ,연간x별도,지표,CV-6,PASS,default metric selection visible,,2026-07-08T00:12:59
코리아에셋투자증권,00304915,190650,KOSDAQ,분기x연결,재무제표,DS-1,PASS,,,2026-07-08T00:13:05
코리아에셋투자증권,00304915,190650,KOSDAQ,분기x연결,상단,DS-8,PASS,,,2026-07-08T00:13:05
코리아에셋투자증권,00304915,190650,KOSDAQ,분기x연결,상단,DS-4,PASS,substitution caption present,,2026-07-08T00:13:05
코리아에셋투자증권,00304915,190650,KOSDAQ,분기x연결,상단,DS-7,PASS,"badges seen: ['✅', '🔎']",,2026-07-08T00:13:05
코리아에셋투자증권,00304915,190650,KOSDAQ,분기x연결,재무제표,CV-3,PASS,rows=29 cols=14 slider_extended=True,,2026-07-08T00:13:05
코리아에셋투자증권,00304915,190650,KOSDAQ,분기x연결,재무제표,DS-2/DS-3,DONE,"cross-check completed for ['매출액', '영업이익']",,2026-07-08T00:13:05
코리아에셋투자증권,00304915,190650,KOSDAQ,분기x연결,지표,CV-6,PASS,default metric selection visible,,2026-07-08T00:13:05
코리아에셋투자증권,00304915,190650,KOSDAQ,분기x별도,재무제표,DS-1,PASS,,,2026-07-08T00:13:12
코리아에셋투자증권,00304915,190650,KOSDAQ,분기x별도,상단,DS-8,PASS,,,2026-07-08T00:13:12
코리아에셋투자증권,00304915,190650,KOSDAQ,분기x별도,상단,DS-7,PASS,"badges seen: ['✅', '🔎']",,2026-07-08T00:13:12
코리아에셋투자증권,00304915,190650,KOSDAQ,분기x별도,재무제표,CV-3,PASS,rows=29 cols=31 slider_extended=True,,2026-07-08T00:13:12
코리아에셋투자증권,00304915,190650,KOSDAQ,분기x별도,재무제표,DS-2/DS-3,DONE,"cross-check completed for ['매출액', '영업이익']",,2026-07-08T00:13:12
코리아에셋투자증권,00304915,190650,KOSDAQ,분기x별도,지표,CV-6,PASS,default metric selection visible,,2026-07-08T00:13:12
코리아에프티,00803425,123410,KOSDAQ,연간x연결,재무제표,DS-1,PASS,,,2026-07-08T00:13:26
코리아에프티,00803425,123410,KOSDAQ,연간x연결,상단,DS-8,PASS,,,2026-07-08T00:13:26
코리아에프티,00803425,123410,KOSDAQ,연간x연결,상단,DS-7,PASS,"badges seen: ['✅', '🔎', '⚠']",,2026-07-08T00:13:26
코리아에프티,00803425,123410,KOSDAQ,연간x연결,재무제표,CV-3,PASS,rows=29 cols=18 slider_extended=True,,2026-07-08T00:13:26
코리아에프티,00803425,123410,KOSDAQ,연간x연결,재무제표,DS-2/DS-3,DONE,"cross-check completed for ['매출액', '영업이익']",,2026-07-08T00:13:26
코리아에프티,00803425,123410,KOSDAQ,연간x연결,지표,CV-6,PASS,default metric selection visible,,2026-07-08T00:13:26
코리아에프티,00803425,123410,KOSDAQ,연간x별도,재무제표,DS-1,PASS,,,2026-07-08T00:13:31
코리아에프티,00803425,123410,KOSDAQ,연간x별도,상단,DS-8,PASS,,,2026-07-08T00:13:31
코리아에프티,00803425,123410,KOSDAQ,연간x별도,상단,DS-7,PASS,"badges seen: ['✅', '🔎', '⚠']",,2026-07-08T00:13:31
코리아에프티,00803425,123410,KOSDAQ,연간x별도,재무제표,CV-3,PASS,rows=29 cols=18 slider_extended=True,,2026-07-08T00:13:31
코리아에프티,00803425,123410,KOSDAQ,연간x별도,재무제표,DS-2/DS-3,DONE,"cross-check completed for ['매출액', '영업이익']",,2026-07-08T00:13:31
코리아에프티,00803425,123410,KOSDAQ,연간x별도,지표,CV-6,PASS,default metric selection visible,,2026-07-08T00:13:31
코리아에프티,00803425,123410,KOSDAQ,분기x연결,재무제표,DS-1,PASS,,,2026-07-08T00:13:37
코리아에프티,00803425,123410,KOSDAQ,분기x연결,상단,DS-8,PASS,,,2026-07-08T00:13:37
코리아에프티,00803425,123410,KOSDAQ,분기x연결,상단,DS-7,PASS,"badges seen: ['✅', '🔎']",,2026-07-08T00:13:37
코리아에프티,00803425,123410,KOSDAQ,분기x연결,재무제표,CV-3,PASS,rows=29 cols=60 slider_extended=True,,2026-07-08T00:13:37
코리아에프티,00803425,123410,KOSDAQ,분기x연결,재무제표,DS-2/DS-3,DONE,"cross-check completed for ['매출액', '영업이익']",,2026-07-08T00:13:37
코리아에프티,00803425,123410,KOSDAQ,분기x연결,지표,CV-6,PASS,default metric selection visible,,2026-07-08T00:13:37
코리아에프티,00803425,123410,KOSDAQ,분기x별도,재무제표,DS-1,PASS,,,2026-07-08T00:13:44
코리아에프티,00803425,123410,KOSDAQ,분기x별도,상단,DS-8,PASS,,,2026-07-08T00:13:44
코리아에프티,00803425,123410,KOSDAQ,분기x별도,상단,DS-7,PASS,"badges seen: ['✅', '🔎', '⚠']",,2026-07-08T00:13:44
코리아에프티,00803425,123410,KOSDAQ,분기x별도,재무제표,CV-3,PASS,rows=29 cols=61 slider_extended=True,,2026-07-08T00:13:44
코리아에프티,00803425,123410,KOSDAQ,분기x별도,재무제표,DS-2/DS-3,DONE,"cross-check completed for ['매출액', '영업이익']",,2026-07-08T00:13:44
코리아에프티,00803425,123410,KOSDAQ,분기x별도,지표,CV-6,PASS,default metric selection visible,,2026-07-08T00:13:44
코맥스,00268118,036690,KOSDAQ,연간x연결,재무제표,DS-1,PASS,,,2026-07-08T00:13:58
코맥스,00268118,036690,KOSDAQ,연간x연결,상단,DS-8,PASS,,,2026-07-08T00:13:58
코맥스,00268118,036690,KOSDAQ,연간x연결,상단,DS-7,PASS,"badges seen: ['✅', '🔎', '⚠']",,2026-07-08T00:13:58
코맥스,00268118,036690,KOSDAQ,연간x연결,재무제표,CV-3,PASS,rows=29 cols=20 slider_extended=True,,2026-07-08T00:13:58
코맥스,00268118,036690,KOSDAQ,연간x연결,재무제표,DS-2/DS-3,DONE,"cross-check completed for ['매출액', '영업이익']",,2026-07-08T00:13:58
코맥스,00268118,036690,KOSDAQ,연간x연결,지표,CV-6,PASS,default metric selection visible,,2026-07-08T00:13:58
코맥스,00268118,036690,KOSDAQ,연간x별도,재무제표,DS-1,PASS,,,2026-07-08T00:14:03
코맥스,00268118,036690,KOSDAQ,연간x별도,상단,DS-8,PASS,,,2026-07-08T00:14:03
코맥스,00268118,036690,KOSDAQ,연간x별도,상단,DS-7,PASS,"badges seen: ['✅', '🔎', '⚠']",,2026-07-08T00:14:03
코맥스,00268118,036690,KOSDAQ,연간x별도,재무제표,CV-3,PASS,rows=29 cols=25 slider_extended=True,,2026-07-08T00:14:03
코맥스,00268118,036690,KOSDAQ,연간x별도,재무제표,DS-2/DS-3,DONE,"cross-check completed for ['매출액', '영업이익']",,2026-07-08T00:14:03
코맥스,00268118,036690,KOSDAQ,연간x별도,지표,CV-6,PASS,default metric selection visible,,2026-07-08T00:14:03
코맥스,00268118,036690,KOSDAQ,분기x연결,재무제표,DS-1,PASS,,,2026-07-08T00:14:10
코맥스,00268118,036690,KOSDAQ,분기x연결,상단,DS-8,PASS,,,2026-07-08T00:14:10
코맥스,00268118,036690,KOSDAQ,분기x연결,상단,DS-7,PASS,"badges seen: ['✅', '🔎', '⚠']",,2026-07-08T00:14:10
코맥스,00268118,036690,KOSDAQ,분기x연결,재무제표,CV-3,PASS,rows=29 cols=14 slider_extended=True,,2026-07-08T00:14:10
코맥스,00268118,036690,KOSDAQ,분기x연결,재무제표,DS-2/DS-3,DONE,"cross-check completed for ['매출액', '영업이익']",,2026-07-08T00:14:10
코맥스,00268118,036690,KOSDAQ,분기x연결,지표,CV-6,PASS,default metric selection visible,,2026-07-08T00:14:10
코맥스,00268118,036690,KOSDAQ,분기x별도,재무제표,DS-1,PASS,,,2026-07-08T00:14:17
코맥스,00268118,036690,KOSDAQ,분기x별도,상단,DS-8,PASS,,,2026-07-08T00:14:17
코맥스,00268118,036690,KOSDAQ,분기x별도,상단,DS-7,PASS,"badges seen: ['✅', '🔎', '⚠']",,2026-07-08T00:14:17
코맥스,00268118,036690,KOSDAQ,분기x별도,재무제표,CV-3,PASS,rows=29 cols=79 slider_extended=True,,2026-07-08T00:14:17
코맥스,00268118,036690,KOSDAQ,분기x별도,재무제표,DS-2/DS-3,DONE,"cross-check completed for ['매출액', '영업이익']",,2026-07-08T00:14:17
코맥스,00268118,036690,KOSDAQ,분기x별도,지표,CV-6,PASS,default metric selection visible,,2026-07-08T00:14:17
코메론,00152783,049430,KOSDAQ,연간x연결,재무제표,DS-1,PASS,,,2026-07-08T00:14:30
코메론,00152783,049430,KOSDAQ,연간x연결,상단,DS-8,PASS,,,2026-07-08T00:14:30
코메론,00152783,049430,KOSDAQ,연간x연결,상단,DS-7,PASS,"badges seen: ['✅', '🔎']",,2026-07-08T00:14:30
코메론,00152783,049430,KOSDAQ,연간x연결,재무제표,CV-3,PASS,rows=29 cols=21 slider_extended=True,,2026-07-08T00:14:30
코메론,00152783,049430,KOSDAQ,연간x연결,재무제표,DS-2/DS-3,DONE,"cross-check completed for ['매출액', '영업이익']",,2026-07-08T00:14:30
코메론,00152783,049430,KOSDAQ,연간x연결,지표,CV-6,PASS,default metric selection visible,,2026-07-08T00:14:30
코메론,00152783,049430,KOSDAQ,연간x별도,재무제표,DS-1,PASS,,,2026-07-08T00:14:36
코메론,00152783,049430,KOSDAQ,연간x별도,상단,DS-8,PASS,,,2026-07-08T00:14:36
코메론,00152783,049430,KOSDAQ,연간x별도,상단,DS-7,PASS,"badges seen: ['✅', '🔎']",,2026-07-08T00:14:36
코메론,00152783,049430,KOSDAQ,연간x별도,재무제표,CV-3,PASS,rows=29 cols=24 slider_extended=True,,2026-07-08T00:14:36
코메론,00152783,049430,KOSDAQ,연간x별도,재무제표,DS-2/DS-3,DONE,"cross-check completed for ['매출액', '영업이익']",,2026-07-08T00:14:36
코메론,00152783,049430,KOSDAQ,연간x별도,지표,CV-6,PASS,default metric selection visible,,2026-07-08T00:14:36
코메론,00152783,049430,KOSDAQ,분기x연결,재무제표,DS-1,PASS,,,2026-07-08T00:14:42
코메론,00152783,049430,KOSDAQ,분기x연결,상단,DS-8,PASS,,,2026-07-08T00:14:42
코메론,00152783,049430,KOSDAQ,분기x연결,상단,DS-7,PASS,"badges seen: ['✅', '🔎']",,2026-07-08T00:14:42
코메론,00152783,049430,KOSDAQ,분기x연결,재무제표,CV-3,PASS,rows=29 cols=70 slider_extended=True,,2026-07-08T00:14:42
코메론,00152783,049430,KOSDAQ,분기x연결,재무제표,DS-2/DS-3,DONE,"cross-check completed for ['매출액', '영업이익']",,2026-07-08T00:14:42
코메론,00152783,049430,KOSDAQ,분기x연결,지표,CV-6,PASS,default metric selection visible,,2026-07-08T00:14:42
코메론,00152783,049430,KOSDAQ,분기x별도,재무제표,DS-1,PASS,,,2026-07-08T00:14:49
코메론,00152783,049430,KOSDAQ,분기x별도,상단,DS-8,PASS,,,2026-07-08T00:14:49
코메론,00152783,049430,KOSDAQ,분기x별도,상단,DS-7,PASS,"badges seen: ['✅', '🔎']",,2026-07-08T00:14:49
코메론,00152783,049430,KOSDAQ,분기x별도,재무제표,CV-3,PASS,rows=29 cols=77 slider_extended=True,,2026-07-08T00:14:49
코메론,00152783,049430,KOSDAQ,분기x별도,재무제표,DS-2/DS-3,DONE,"cross-check completed for ['매출액', '영업이익']",,2026-07-08T00:14:49
코메론,00152783,049430,KOSDAQ,분기x별도,지표,CV-6,PASS,default metric selection visible,,2026-07-08T00:14:49
코미코,00997812,183300,KOSDAQ,연간x연결,재무제표,DS-1,PASS,,,2026-07-08T00:15:02
코미코,00997812,183300,KOSDAQ,연간x연결,상단,DS-8,PASS,,,2026-07-08T00:15:02
코미코,00997812,183300,KOSDAQ,연간x연결,상단,DS-7,PASS,"badges seen: ['✅', '🔎', '⚠']",,2026-07-08T00:15:02
코미코,00997812,183300,KOSDAQ,연간x연결,재무제표,CV-3,PASS,rows=29 cols=14 slider_extended=True,,2026-07-08T00:15:02
코미코,00997812,183300,KOSDAQ,연간x연결,재무제표,DS-2/DS-3,DONE,"cross-check completed for ['매출액', '영업이익']",,2026-07-08T00:15:02
코미코,00997812,183300,KOSDAQ,연간x연결,지표,CV-6,PASS,default metric selection visible,,2026-07-08T00:15:02
코미코,00997812,183300,KOSDAQ,연간x별도,재무제표,DS-1,PASS,,,2026-07-08T00:15:08
코미코,00997812,183300,KOSDAQ,연간x별도,상단,DS-8,PASS,,,2026-07-08T00:15:08
코미코,00997812,183300,KOSDAQ,연간x별도,상단,DS-7,PASS,"badges seen: ['✅', '🔎', '⚠']",,2026-07-08T00:15:08
코미코,00997812,183300,KOSDAQ,연간x별도,재무제표,CV-3,PASS,rows=29 cols=14 slider_extended=True,,2026-07-08T00:15:08
코미코,00997812,183300,KOSDAQ,연간x별도,재무제표,DS-2/DS-3,DONE,"cross-check completed for ['매출액', '영업이익']",,2026-07-08T00:15:08
코미코,00997812,183300,KOSDAQ,연간x별도,지표,CV-6,PASS,default metric selection visible,,2026-07-08T00:15:08
코미코,00997812,183300,KOSDAQ,분기x연결,재무제표,DS-1,PASS,,,2026-07-08T00:15:14
코미코,00997812,183300,KOSDAQ,분기x연결,상단,DS-8,PASS,,,2026-07-08T00:15:14
코미코,00997812,183300,KOSDAQ,분기x연결,상단,DS-7,PASS,"badges seen: ['✅', '🔎', '⚠']",,2026-07-08T00:15:14
코미코,00997812,183300,KOSDAQ,분기x연결,재무제표,CV-3,PASS,rows=29 cols=44 slider_extended=True,,2026-07-08T00:15:14
코미코,00997812,183300,KOSDAQ,분기x연결,재무제표,DS-2/DS-3,DONE,"cross-check completed for ['매출액', '영업이익']",,2026-07-08T00:15:14
코미코,00997812,183300,KOSDAQ,분기x연결,지표,CV-6,PASS,default metric selection visible,,2026-07-08T00:15:14
코미코,00997812,183300,KOSDAQ,분기x별도,재무제표,DS-1,PASS,,,2026-07-08T00:15:21
코미코,00997812,183300,KOSDAQ,분기x별도,상단,DS-8,PASS,,,2026-07-08T00:15:21
코미코,00997812,183300,KOSDAQ,분기x별도,상단,DS-7,PASS,"badges seen: ['✅', '🔎', '⚠']",,2026-07-08T00:15:21
코미코,00997812,183300,KOSDAQ,분기x별도,재무제표,CV-3,PASS,rows=29 cols=44 slider_extended=True,,2026-07-08T00:15:21
코미코,00997812,183300,KOSDAQ,분기x별도,재무제표,DS-2/DS-3,DONE,"cross-check completed for ['매출액', '영업이익']",,2026-07-08T00:15:21
코미코,00997812,183300,KOSDAQ,분기x별도,지표,CV-6,PASS,default metric selection visible,,2026-07-08T00:15:21
