company,corp_code,stock_code,market,combo,tab,check_id,result,detail,elapsed_sec,timestamp
이수페타시스,00107613,007660,KOSPI,연간x연결,재무제표,DS-1,PASS,,,2026-07-07T20:33:58
이수페타시스,00107613,007660,KOSPI,연간x연결,상단,DS-8,PASS,,,2026-07-07T20:33:58
이수페타시스,00107613,007660,KOSPI,연간x연결,상단,DS-7,PASS,"badges seen: ['✅', '🔎', '⚠']",,2026-07-07T20:33:58
이수페타시스,00107613,007660,KOSPI,연간x연결,재무제표,CV-3,PASS,rows=29 cols=20 slider_extended=True,,2026-07-07T20:33:58
이수페타시스,00107613,007660,KOSPI,연간x연결,재무제표,DS-2/DS-3,DONE,"cross-check completed for ['매출액', '영업이익']",,2026-07-07T20:33:58
이수페타시스,00107613,007660,KOSPI,연간x연결,지표,CV-6,PASS,default metric selection visible,,2026-07-07T20:33:58
이수페타시스,00107613,007660,KOSPI,연간x별도,재무제표,DS-1,PASS,,,2026-07-07T20:34:04
이수페타시스,00107613,007660,KOSPI,연간x별도,상단,DS-8,PASS,,,2026-07-07T20:34:04
이수페타시스,00107613,007660,KOSPI,연간x별도,상단,DS-7,PASS,"badges seen: ['✅', '🔎', '⚠']",,2026-07-07T20:34:04
이수페타시스,00107613,007660,KOSPI,연간x별도,재무제표,CV-3,PASS,rows=29 cols=27 slider_extended=True,,2026-07-07T20:34:04
이수페타시스,00107613,007660,KOSPI,연간x별도,재무제표,DS-2/DS-3,DONE,"cross-check completed for ['매출액', '영업이익']",,2026-07-07T20:34:04
이수페타시스,00107613,007660,KOSPI,연간x별도,지표,CV-6,PASS,default metric selection visible,,2026-07-07T20:34:04
이수페타시스,00107613,007660,KOSPI,분기x연결,재무제표,DS-1,PASS,,,2026-07-07T20:34:10
이수페타시스,00107613,007660,KOSPI,분기x연결,상단,DS-8,PASS,,,2026-07-07T20:34:10
이수페타시스,00107613,007660,KOSPI,분기x연결,상단,DS-7,PASS,"badges seen: ['✅', '🔎']",,2026-07-07T20:34:10
이수페타시스,00107613,007660,KOSPI,분기x연결,재무제표,CV-3,PASS,rows=29 cols=69 slider_extended=True,,2026-07-07T20:34:10
이수페타시스,00107613,007660,KOSPI,분기x연결,재무제표,DS-2/DS-3,DONE,"cross-check completed for ['매출액', '영업이익']",,2026-07-07T20:34:10
이수페타시스,00107613,007660,KOSPI,분기x연결,지표,CV-6,PASS,default metric selection visible,,2026-07-07T20:34:10
이수페타시스,00107613,007660,KOSPI,분기x별도,재무제표,DS-1,PASS,,,2026-07-07T20:34:17
이수페타시스,00107613,007660,KOSPI,분기x별도,상단,DS-8,PASS,,,2026-07-07T20:34:17
이수페타시스,00107613,007660,KOSPI,분기x별도,상단,DS-7,PASS,"badges seen: ['✅', '🔎']",,2026-07-07T20:34:17
이수페타시스,00107613,007660,KOSPI,분기x별도,재무제표,CV-3,PASS,rows=29 cols=93 slider_extended=True,,2026-07-07T20:34:17
이수페타시스,00107613,007660,KOSPI,분기x별도,재무제표,DS-2/DS-3,DONE,"cross-check completed for ['매출액', '영업이익']",,2026-07-07T20:34:17
이수페타시스,00107613,007660,KOSPI,분기x별도,지표,CV-6,PASS,default metric selection visible,,2026-07-07T20:34:17
이수화학,00145552,005950,KOSPI,연간x연결,재무제표,DS-1,PASS,,,2026-07-07T20:34:30
이수화학,00145552,005950,KOSPI,연간x연결,상단,DS-8,PASS,,,2026-07-07T20:34:30
이수화학,00145552,005950,KOSPI,연간x연결,상단,DS-7,PASS,"badges seen: ['✅', '🔎']",,2026-07-07T20:34:30
이수화학,00145552,005950,KOSPI,연간x연결,재무제표,CV-3,PASS,rows=29 cols=27 slider_extended=True,,2026-07-07T20:34:30
이수화학,00145552,005950,KOSPI,연간x연결,재무제표,DS-2/DS-3,DONE,"cross-check completed for ['매출액', '영업이익']",,2026-07-07T20:34:30
이수화학,00145552,005950,KOSPI,연간x연결,지표,CV-6,PASS,default metric selection visible,,2026-07-07T20:34:30
이수화학,00145552,005950,KOSPI,연간x별도,재무제표,DS-1,PASS,,,2026-07-07T20:34:35
이수화학,00145552,005950,KOSPI,연간x별도,상단,DS-8,PASS,,,2026-07-07T20:34:35
이수화학,00145552,005950,KOSPI,연간x별도,상단,DS-7,PASS,"badges seen: ['✅', '🔎', '⚠']",,2026-07-07T20:34:35
이수화학,00145552,005950,KOSPI,연간x별도,재무제표,CV-3,PASS,rows=29 cols=24 slider_extended=True,,2026-07-07T20:34:35
이수화학,00145552,005950,KOSPI,연간x별도,재무제표,DS-2/DS-3,DONE,"cross-check completed for ['매출액', '영업이익']",,2026-07-07T20:34:35
이수화학,00145552,005950,KOSPI,연간x별도,지표,CV-6,PASS,default metric selection visible,,2026-07-07T20:34:35
이수화학,00145552,005950,KOSPI,분기x연결,재무제표,DS-1,PASS,,,2026-07-07T20:34:42
이수화학,00145552,005950,KOSPI,분기x연결,상단,DS-8,PASS,,,2026-07-07T20:34:42
이수화학,00145552,005950,KOSPI,분기x연결,상단,DS-7,PASS,"badges seen: ['✅', '🔎']",,2026-07-07T20:34:42
이수화학,00145552,005950,KOSPI,분기x연결,재무제표,CV-3,PASS,rows=29 cols=85 slider_extended=True,,2026-07-07T20:34:42
이수화학,00145552,005950,KOSPI,분기x연결,재무제표,DS-2/DS-3,DONE,"cross-check completed for ['매출액', '영업이익']",,2026-07-07T20:34:42
이수화학,00145552,005950,KOSPI,분기x연결,지표,CV-6,PASS,default metric selection visible,,2026-07-07T20:34:42
이수화학,00145552,005950,KOSPI,분기x별도,재무제표,DS-1,PASS,,,2026-07-07T20:34:49
이수화학,00145552,005950,KOSPI,분기x별도,상단,DS-8,PASS,,,2026-07-07T20:34:49
이수화학,00145552,005950,KOSPI,분기x별도,상단,DS-7,PASS,"badges seen: ['✅', '🔎', '⚠']",,2026-07-07T20:34:49
이수화학,00145552,005950,KOSPI,분기x별도,재무제표,CV-3,PASS,rows=29 cols=89 slider_extended=True,,2026-07-07T20:34:49
이수화학,00145552,005950,KOSPI,분기x별도,재무제표,DS-2/DS-3,DONE,"cross-check completed for ['매출액', '영업이익']",,2026-07-07T20:34:49
이수화학,00145552,005950,KOSPI,분기x별도,지표,CV-6,PASS,default metric selection visible,,2026-07-07T20:34:49
이스타코,00134565,015020,KOSPI,연간x연결,재무제표,DS-1,PASS,,,2026-07-07T20:35:02
이스타코,00134565,015020,KOSPI,연간x연결,상단,DS-8,PASS,,,2026-07-07T20:35:02
이스타코,00134565,015020,KOSPI,연간x연결,상단,DS-7,PASS,"badges seen: ['✅', '🔎', '⚠']",,2026-07-07T20:35:02
이스타코,00134565,015020,KOSPI,연간x연결,재무제표,CV-3,PASS,rows=29 cols=11 slider_extended=True,,2026-07-07T20:35:02
이스타코,00134565,015020,KOSPI,연간x연결,재무제표,DS-2/DS-3,DONE,"cross-check completed for ['매출액', '영업이익']",,2026-07-07T20:35:02
이스타코,00134565,015020,KOSPI,연간x연결,지표,CV-6,PASS,default metric selection visible,,2026-07-07T20:35:02
이스타코,00134565,015020,KOSPI,연간x별도,재무제표,DS-1,PASS,,,2026-07-07T20:35:07
이스타코,00134565,015020,KOSPI,연간x별도,상단,DS-8,PASS,,,2026-07-07T20:35:07
이스타코,00134565,015020,KOSPI,연간x별도,상단,DS-7,PASS,"badges seen: ['✅', '🔎', '⚠']",,2026-07-07T20:35:07
이스타코,00134565,015020,KOSPI,연간x별도,재무제표,CV-3,PASS,rows=29 cols=26 slider_extended=True,,2026-07-07T20:35:07
이스타코,00134565,015020,KOSPI,연간x별도,재무제표,DS-2/DS-3,DONE,"cross-check completed for ['매출액', '영업이익']",,2026-07-07T20:35:07
이스타코,00134565,015020,KOSPI,연간x별도,지표,CV-6,PASS,default metric selection visible,,2026-07-07T20:35:07
이스타코,00134565,015020,KOSPI,분기x연결,재무제표,DS-1,PASS,,,2026-07-07T20:35:13
이스타코,00134565,015020,KOSPI,분기x연결,상단,DS-8,PASS,,,2026-07-07T20:35:13
이스타코,00134565,015020,KOSPI,분기x연결,상단,DS-7,PASS,"badges seen: ['✅', '🔎', '⚠']",,2026-07-07T20:35:13
이스타코,00134565,015020,KOSPI,분기x연결,재무제표,CV-3,PASS,rows=29 cols=37 slider_extended=True,,2026-07-07T20:35:13
이스타코,00134565,015020,KOSPI,분기x연결,재무제표,DS-2/DS-3,DONE,"cross-check completed for ['매출액', '영업이익']",,2026-07-07T20:35:13
이스타코,00134565,015020,KOSPI,분기x연결,지표,CV-6,PASS,default metric selection visible,,2026-07-07T20:35:13
이스타코,00134565,015020,KOSPI,분기x별도,재무제표,DS-1,PASS,,,2026-07-07T20:35:21
이스타코,00134565,015020,KOSPI,분기x별도,상단,DS-8,PASS,,,2026-07-07T20:35:21
이스타코,00134565,015020,KOSPI,분기x별도,상단,DS-7,PASS,"badges seen: ['✅', '🔎', '⚠']",,2026-07-07T20:35:21
이스타코,00134565,015020,KOSPI,분기x별도,재무제표,CV-3,PASS,rows=29 cols=82 slider_extended=True,,2026-07-07T20:35:21
이스타코,00134565,015020,KOSPI,분기x별도,재무제표,DS-2/DS-3,DONE,"cross-check completed for ['매출액', '영업이익']",,2026-07-07T20:35:21
이스타코,00134565,015020,KOSPI,분기x별도,지표,CV-6,PASS,default metric selection visible,,2026-07-07T20:35:21
이엔플러스,00469799,074610,KOSPI,연간x연결,재무제표,DS-1,PASS,,,2026-07-07T20:35:34
이엔플러스,00469799,074610,KOSPI,연간x연결,상단,DS-8,PASS,,,2026-07-07T20:35:34
이엔플러스,00469799,074610,KOSPI,연간x연결,상단,DS-7,PASS,"badges seen: ['✅', '🔎', '⚠']",,2026-07-07T20:35:34
이엔플러스,00469799,074610,KOSPI,연간x연결,재무제표,CV-3,PASS,rows=29 cols=19 slider_extended=True,,2026-07-07T20:35:34
이엔플러스,00469799,074610,KOSPI,연간x연결,재무제표,DS-2/DS-3,DONE,"cross-check completed for ['매출액', '영업이익']",,2026-07-07T20:35:34
이엔플러스,00469799,074610,KOSPI,연간x연결,지표,CV-6,PASS,default metric selection visible,,2026-07-07T20:35:34
이엔플러스,00469799,074610,KOSPI,연간x별도,재무제표,DS-1,PASS,,,2026-07-07T20:35:40
이엔플러스,00469799,074610,KOSPI,연간x별도,상단,DS-8,PASS,,,2026-07-07T20:35:40
이엔플러스,00469799,074610,KOSPI,연간x별도,상단,DS-7,PASS,"badges seen: ['✅', '🔎', '⚠']",,2026-07-07T20:35:40
이엔플러스,00469799,074610,KOSPI,연간x별도,재무제표,CV-3,PASS,rows=29 cols=24 slider_extended=True,,2026-07-07T20:35:40
이엔플러스,00469799,074610,KOSPI,연간x별도,재무제표,DS-2/DS-3,DONE,"cross-check completed for ['매출액', '영업이익']",,2026-07-07T20:35:40
이엔플러스,00469799,074610,KOSPI,연간x별도,지표,CV-6,PASS,default metric selection visible,,2026-07-07T20:35:40
이엔플러스,00469799,074610,KOSPI,분기x연결,재무제표,DS-1,PASS,,,2026-07-07T20:35:46
이엔플러스,00469799,074610,KOSPI,분기x연결,상단,DS-8,PASS,,,2026-07-07T20:35:46
이엔플러스,00469799,074610,KOSPI,분기x연결,상단,DS-7,PASS,"badges seen: ['✅', '🔎', '⚠']",,2026-07-07T20:35:46
이엔플러스,00469799,074610,KOSPI,분기x연결,재무제표,CV-3,PASS,rows=29 cols=60 slider_extended=True,,2026-07-07T20:35:46
이엔플러스,00469799,074610,KOSPI,분기x연결,재무제표,DS-2/DS-3,DONE,"cross-check completed for ['매출액', '영업이익']",,2026-07-07T20:35:46
이엔플러스,00469799,074610,KOSPI,분기x연결,지표,CV-6,PASS,default metric selection visible,,2026-07-07T20:35:46
이엔플러스,00469799,074610,KOSPI,분기x별도,재무제표,DS-1,PASS,,,2026-07-07T20:35:53
이엔플러스,00469799,074610,KOSPI,분기x별도,상단,DS-8,PASS,,,2026-07-07T20:35:53
이엔플러스,00469799,074610,KOSPI,분기x별도,상단,DS-7,PASS,"badges seen: ['✅', '🔎', '⚠']",,2026-07-07T20:35:53
이엔플러스,00469799,074610,KOSPI,분기x별도,재무제표,CV-3,PASS,rows=29 cols=78 slider_extended=True,,2026-07-07T20:35:53
이엔플러스,00469799,074610,KOSPI,분기x별도,재무제표,DS-2/DS-3,DONE,"cross-check completed for ['매출액', '영업이익']",,2026-07-07T20:35:53
이엔플러스,00469799,074610,KOSPI,분기x별도,지표,CV-6,PASS,default metric selection visible,,2026-07-07T20:35:53
이연제약,00145598,102460,KOSPI,연간x연결,재무제표,DS-1,PASS,,,2026-07-07T20:36:06
이연제약,00145598,102460,KOSPI,연간x연결,상단,DS-8,PASS,,,2026-07-07T20:36:06
이연제약,00145598,102460,KOSPI,연간x연결,상단,DS-7,PASS,"badges seen: ['✅', '🔎', '⚠']",,2026-07-07T20:36:06
이연제약,00145598,102460,KOSPI,연간x연결,재무제표,CV-3,PASS,rows=29 cols=13 slider_extended=True,,2026-07-07T20:36:06
이연제약,00145598,102460,KOSPI,연간x연결,재무제표,DS-2/DS-3,DONE,"cross-check completed for ['매출액', '영업이익']",,2026-07-07T20:36:06
이연제약,00145598,102460,KOSPI,연간x연결,지표,CV-6,PASS,default metric selection visible,,2026-07-07T20:36:06
이연제약,00145598,102460,KOSPI,연간x별도,재무제표,DS-1,PASS,,,2026-07-07T20:36:11
이연제약,00145598,102460,KOSPI,연간x별도,상단,DS-8,PASS,,,2026-07-07T20:36:11
이연제약,00145598,102460,KOSPI,연간x별도,상단,DS-7,PASS,"badges seen: ['✅', '🔎']",,2026-07-07T20:36:11
이연제약,00145598,102460,KOSPI,연간x별도,재무제표,CV-3,PASS,rows=29 cols=20 slider_extended=True,,2026-07-07T20:36:11
이연제약,00145598,102460,KOSPI,연간x별도,재무제표,DS-2/DS-3,DONE,"cross-check completed for ['매출액', '영업이익']",,2026-07-07T20:36:11
이연제약,00145598,102460,KOSPI,연간x별도,지표,CV-6,PASS,default metric selection visible,,2026-07-07T20:36:11
이연제약,00145598,102460,KOSPI,분기x연결,재무제표,DS-1,PASS,,,2026-07-07T20:36:18
이연제약,00145598,102460,KOSPI,분기x연결,상단,DS-8,PASS,,,2026-07-07T20:36:18
이연제약,00145598,102460,KOSPI,분기x연결,상단,DS-7,PASS,"badges seen: ['✅', '🔎', '⚠']",,2026-07-07T20:36:18
이연제약,00145598,102460,KOSPI,분기x연결,재무제표,CV-3,PASS,rows=29 cols=41 slider_extended=True,,2026-07-07T20:36:18
이연제약,00145598,102460,KOSPI,분기x연결,재무제표,DS-2/DS-3,DONE,"cross-check completed for ['매출액', '영업이익']",,2026-07-07T20:36:18
이연제약,00145598,102460,KOSPI,분기x연결,지표,CV-6,PASS,default metric selection visible,,2026-07-07T20:36:18
이연제약,00145598,102460,KOSPI,분기x별도,재무제표,DS-1,PASS,,,2026-07-07T20:36:25
이연제약,00145598,102460,KOSPI,분기x별도,상단,DS-8,PASS,,,2026-07-07T20:36:25
이연제약,00145598,102460,KOSPI,분기x별도,상단,DS-7,PASS,"badges seen: ['✅', '🔎']",,2026-07-07T20:36:25
이연제약,00145598,102460,KOSPI,분기x별도,재무제표,CV-3,PASS,rows=29 cols=67 slider_extended=True,,2026-07-07T20:36:25
이연제약,00145598,102460,KOSPI,분기x별도,재무제표,DS-2/DS-3,DONE,"cross-check completed for ['매출액', '영업이익']",,2026-07-07T20:36:25
이연제약,00145598,102460,KOSPI,분기x별도,지표,CV-6,PASS,default metric selection visible,,2026-07-07T20:36:25
이월드,00540605,084680,KOSPI,연간x연결,재무제표,DS-1,PASS,,,2026-07-07T20:36:39
이월드,00540605,084680,KOSPI,연간x연결,상단,DS-8,PASS,,,2026-07-07T20:36:39
이월드,00540605,084680,KOSPI,연간x연결,상단,DS-7,PASS,"badges seen: ['✅', '🔎']",,2026-07-07T20:36:39
이월드,00540605,084680,KOSPI,연간x연결,재무제표,CV-3,PASS,rows=29 cols=7 slider_extended=True,,2026-07-07T20:36:39
이월드,00540605,084680,KOSPI,연간x연결,재무제표,DS-2/DS-3,DONE,"cross-check completed for ['매출액', '영업이익']",,2026-07-07T20:36:39
이월드,00540605,084680,KOSPI,연간x연결,지표,CV-6,PASS,default metric selection visible,,2026-07-07T20:36:39
이월드,00540605,084680,KOSPI,연간x별도,재무제표,DS-1,PASS,,,2026-07-07T20:36:44
이월드,00540605,084680,KOSPI,연간x별도,상단,DS-8,PASS,,,2026-07-07T20:36:44
이월드,00540605,084680,KOSPI,연간x별도,상단,DS-7,PASS,"badges seen: ['✅', '🔎', '⚠']",,2026-07-07T20:36:44
이월드,00540605,084680,KOSPI,연간x별도,재무제표,CV-3,PASS,rows=29 cols=23 slider_extended=True,,2026-07-07T20:36:44
이월드,00540605,084680,KOSPI,연간x별도,재무제표,DS-2/DS-3,DONE,"cross-check completed for ['매출액', '영업이익']",,2026-07-07T20:36:44
이월드,00540605,084680,KOSPI,연간x별도,지표,CV-6,PASS,default metric selection visible,,2026-07-07T20:36:44
이월드,00540605,084680,KOSPI,분기x연결,재무제표,DS-1,PASS,,,2026-07-07T20:36:50
이월드,00540605,084680,KOSPI,분기x연결,상단,DS-8,PASS,,,2026-07-07T20:36:50
이월드,00540605,084680,KOSPI,분기x연결,상단,DS-7,PASS,"badges seen: ['✅', '🔎']",,2026-07-07T20:36:50
이월드,00540605,084680,KOSPI,분기x연결,재무제표,CV-3,PASS,rows=29 cols=17 slider_extended=True,,2026-07-07T20:36:50
이월드,00540605,084680,KOSPI,분기x연결,재무제표,DS-2/DS-3,DONE,"cross-check completed for ['매출액', '영업이익']",,2026-07-07T20:36:50
이월드,00540605,084680,KOSPI,분기x연결,지표,CV-6,PASS,default metric selection visible,,2026-07-07T20:36:50
이월드,00540605,084680,KOSPI,분기x별도,재무제표,DS-1,PASS,,,2026-07-07T20:36:58
이월드,00540605,084680,KOSPI,분기x별도,상단,DS-8,PASS,,,2026-07-07T20:36:58
이월드,00540605,084680,KOSPI,분기x별도,상단,DS-7,PASS,"badges seen: ['✅', '🔎']",,2026-07-07T20:36:58
이월드,00540605,084680,KOSPI,분기x별도,재무제표,CV-3,PASS,rows=29 cols=74 slider_extended=True,,2026-07-07T20:36:58
이월드,00540605,084680,KOSPI,분기x별도,재무제표,DS-2/DS-3,DONE,"cross-check completed for ['매출액', '영업이익']",,2026-07-07T20:36:58
이월드,00540605,084680,KOSPI,분기x별도,지표,CV-6,PASS,default metric selection visible,,2026-07-07T20:36:58
이화산업,00145686,000760,KOSPI,연간x연결,재무제표,DS-1,PASS,,,2026-07-07T20:37:10
이화산업,00145686,000760,KOSPI,연간x연결,상단,DS-8,PASS,,,2026-07-07T20:37:10
이화산업,00145686,000760,KOSPI,연간x연결,상단,DS-7,PASS,"badges seen: ['✅', '🔎']",,2026-07-07T20:37:10
이화산업,00145686,000760,KOSPI,연간x연결,재무제표,CV-3,PASS,rows=29 cols=12 slider_extended=False,,2026-07-07T20:37:10
이화산업,00145686,000760,KOSPI,연간x연결,재무제표,DS-2/DS-3,DONE,"cross-check completed for ['매출액', '영업이익']",,2026-07-07T20:37:10
이화산업,00145686,000760,KOSPI,연간x연결,지표,CV-6,PASS,default metric selection visible,,2026-07-07T20:37:10
이화산업,00145686,000760,KOSPI,연간x별도,재무제표,DS-1,PASS,,,2026-07-07T20:37:15
이화산업,00145686,000760,KOSPI,연간x별도,상단,DS-8,PASS,,,2026-07-07T20:37:15
이화산업,00145686,000760,KOSPI,연간x별도,상단,DS-7,PASS,"badges seen: ['✅', '🔎']",,2026-07-07T20:37:15
이화산업,00145686,000760,KOSPI,연간x별도,재무제표,CV-3,PASS,rows=29 cols=25 slider_extended=True,,2026-07-07T20:37:15
이화산업,00145686,000760,KOSPI,연간x별도,재무제표,DS-2/DS-3,DONE,"cross-check completed for ['매출액', '영업이익']",,2026-07-07T20:37:15
이화산업,00145686,000760,KOSPI,연간x별도,지표,CV-6,PASS,default metric selection visible,,2026-07-07T20:37:15
이화산업,00145686,000760,KOSPI,분기x연결,재무제표,DS-1,PASS,,,2026-07-07T20:37:21
이화산업,00145686,000760,KOSPI,분기x연결,상단,DS-8,PASS,,,2026-07-07T20:37:21
이화산업,00145686,000760,KOSPI,분기x연결,상단,DS-7,PASS,"badges seen: ['✅', '🔎']",,2026-07-07T20:37:21
이화산업,00145686,000760,KOSPI,분기x연결,재무제표,CV-3,PASS,rows=29 cols=54 slider_extended=True,,2026-07-07T20:37:21
이화산업,00145686,000760,KOSPI,분기x연결,재무제표,DS-2/DS-3,DONE,"cross-check completed for ['매출액', '영업이익']",,2026-07-07T20:37:21
이화산업,00145686,000760,KOSPI,분기x연결,지표,CV-6,PASS,default metric selection visible,,2026-07-07T20:37:21
이화산업,00145686,000760,KOSPI,분기x별도,재무제표,DS-1,PASS,,,2026-07-07T20:37:28
이화산업,00145686,000760,KOSPI,분기x별도,상단,DS-8,PASS,,,2026-07-07T20:37:28
이화산업,00145686,000760,KOSPI,분기x별도,상단,DS-7,PASS,"badges seen: ['✅', '🔎']",,2026-07-07T20:37:28
이화산업,00145686,000760,KOSPI,분기x별도,재무제표,CV-3,PASS,rows=29 cols=72 slider_extended=True,,2026-07-07T20:37:28
이화산업,00145686,000760,KOSPI,분기x별도,재무제표,DS-2/DS-3,DONE,"cross-check completed for ['매출액', '영업이익']",,2026-07-07T20:37:28
이화산업,00145686,000760,KOSPI,분기x별도,지표,CV-6,PASS,default metric selection visible,,2026-07-07T20:37:28
인바이오젠,00652423,101140,KOSPI,연간x연결,재무제표,DS-1,PASS,,,2026-07-07T20:37:42
인바이오젠,00652423,101140,KOSPI,연간x연결,상단,DS-8,PASS,,,2026-07-07T20:37:42
인바이오젠,00652423,101140,KOSPI,연간x연결,상단,DS-4,PASS,substitution caption present,,2026-07-07T20:37:42
인바이오젠,00652423,101140,KOSPI,연간x연결,상단,DS-7,PASS,"badges seen: ['✅', '🔎', '⚠']",,2026-07-07T20:37:42
인바이오젠,00652423,101140,KOSPI,연간x연결,재무제표,CV-3,PASS,rows=29 cols=20 slider_extended=True,,2026-07-07T20:37:42
인바이오젠,00652423,101140,KOSPI,연간x연결,재무제표,DS-2/DS-3,DONE,"cross-check completed for ['매출액', '영업이익']",,2026-07-07T20:37:42
인바이오젠,00652423,101140,KOSPI,연간x연결,지표,CV-6,PASS,default metric selection visible,,2026-07-07T20:37:42
인바이오젠,00652423,101140,KOSPI,연간x별도,재무제표,DS-1,PASS,,,2026-07-07T20:37:47
인바이오젠,00652423,101140,KOSPI,연간x별도,상단,DS-8,PASS,,,2026-07-07T20:37:47
인바이오젠,00652423,101140,KOSPI,연간x별도,상단,DS-7,PASS,"badges seen: ['✅', '🔎', '⚠']",,2026-07-07T20:37:47
인바이오젠,00652423,101140,KOSPI,연간x별도,재무제표,CV-3,PASS,rows=29 cols=20 slider_extended=True,,2026-07-07T20:37:47
인바이오젠,00652423,101140,KOSPI,연간x별도,재무제표,DS-2/DS-3,DONE,"cross-check completed for ['매출액', '영업이익']",,2026-07-07T20:37:47
인바이오젠,00652423,101140,KOSPI,연간x별도,지표,CV-6,PASS,default metric selection visible,,2026-07-07T20:37:47
인바이오젠,00652423,101140,KOSPI,분기x연결,재무제표,DS-1,PASS,,,2026-07-07T20:37:53
인바이오젠,00652423,101140,KOSPI,분기x연결,상단,DS-8,PASS,,,2026-07-07T20:37:53
인바이오젠,00652423,101140,KOSPI,분기x연결,상단,DS-4,PASS,substitution caption present,,2026-07-07T20:37:53
인바이오젠,00652423,101140,KOSPI,분기x연결,상단,DS-7,PASS,"badges seen: ['✅', '🔎', '⚠']",,2026-07-07T20:37:53
인바이오젠,00652423,101140,KOSPI,분기x연결,재무제표,CV-3,PASS,rows=29 cols=70 slider_extended=True,,2026-07-07T20:37:53
인바이오젠,00652423,101140,KOSPI,분기x연결,재무제표,DS-2/DS-3,DONE,"cross-check completed for ['매출액', '영업이익']",,2026-07-07T20:37:53
인바이오젠,00652423,101140,KOSPI,분기x연결,지표,CV-6,PASS,default metric selection visible,,2026-07-07T20:37:53
인바이오젠,00652423,101140,KOSPI,분기x별도,재무제표,DS-1,PASS,,,2026-07-07T20:38:01
인바이오젠,00652423,101140,KOSPI,분기x별도,상단,DS-8,PASS,,,2026-07-07T20:38:01
인바이오젠,00652423,101140,KOSPI,분기x별도,상단,DS-7,PASS,"badges seen: ['✅', '🔎', '⚠']",,2026-07-07T20:38:01
인바이오젠,00652423,101140,KOSPI,분기x별도,재무제표,CV-3,PASS,rows=29 cols=70 slider_extended=True,,2026-07-07T20:38:01
인바이오젠,00652423,101140,KOSPI,분기x별도,재무제표,DS-2/DS-3,DONE,"cross-check completed for ['매출액', '영업이익']",,2026-07-07T20:38:01
인바이오젠,00652423,101140,KOSPI,분기x별도,지표,CV-6,PASS,default metric selection visible,,2026-07-07T20:38:01
인천도시가스,00145862,034590,KOSPI,연간x연결,재무제표,DS-1,PASS,,,2026-07-07T20:38:13
인천도시가스,00145862,034590,KOSPI,연간x연결,상단,DS-8,PASS,,,2026-07-07T20:38:13
인천도시가스,00145862,034590,KOSPI,연간x연결,상단,DS-7,PASS,"badges seen: ['✅', '🔎']",,2026-07-07T20:38:13
인천도시가스,00145862,034590,KOSPI,연간x연결,재무제표,CV-3,PASS,rows=29 cols=9 slider_extended=True,,2026-07-07T20:38:13
인천도시가스,00145862,034590,KOSPI,연간x연결,재무제표,DS-2/DS-3,DONE,"cross-check completed for ['매출액', '영업이익']",,2026-07-07T20:38:13
인천도시가스,00145862,034590,KOSPI,연간x연결,지표,CV-6,PASS,default metric selection visible,,2026-07-07T20:38:13
인천도시가스,00145862,034590,KOSPI,연간x별도,재무제표,DS-1,PASS,,,2026-07-07T20:38:18
인천도시가스,00145862,034590,KOSPI,연간x별도,상단,DS-8,PASS,,,2026-07-07T20:38:18
인천도시가스,00145862,034590,KOSPI,연간x별도,상단,DS-7,PASS,"badges seen: ['✅', '🔎']",,2026-07-07T20:38:18
인천도시가스,00145862,034590,KOSPI,연간x별도,재무제표,CV-3,PASS,rows=29 cols=23 slider_extended=True,,2026-07-07T20:38:18
인천도시가스,00145862,034590,KOSPI,연간x별도,재무제표,DS-2/DS-3,DONE,"cross-check completed for ['매출액', '영업이익']",,2026-07-07T20:38:18
인천도시가스,00145862,034590,KOSPI,연간x별도,지표,CV-6,PASS,default metric selection visible,,2026-07-07T20:38:18
인천도시가스,00145862,034590,KOSPI,분기x연결,재무제표,DS-1,PASS,,,2026-07-07T20:38:24
인천도시가스,00145862,034590,KOSPI,분기x연결,상단,DS-8,PASS,,,2026-07-07T20:38:24
인천도시가스,00145862,034590,KOSPI,분기x연결,상단,DS-7,PASS,"badges seen: ['✅', '🔎']",,2026-07-07T20:38:24
인천도시가스,00145862,034590,KOSPI,분기x연결,재무제표,CV-3,PASS,rows=29 cols=27 slider_extended=True,,2026-07-07T20:38:24
인천도시가스,00145862,034590,KOSPI,분기x연결,재무제표,DS-2/DS-3,DONE,"cross-check completed for ['매출액', '영업이익']",,2026-07-07T20:38:24
인천도시가스,00145862,034590,KOSPI,분기x연결,지표,CV-6,PASS,default metric selection visible,,2026-07-07T20:38:24
인천도시가스,00145862,034590,KOSPI,분기x별도,재무제표,DS-1,PASS,,,2026-07-07T20:38:32
인천도시가스,00145862,034590,KOSPI,분기x별도,상단,DS-8,PASS,,,2026-07-07T20:38:32
인천도시가스,00145862,034590,KOSPI,분기x별도,상단,DS-7,PASS,"badges seen: ['✅', '🔎']",,2026-07-07T20:38:32
인천도시가스,00145862,034590,KOSPI,분기x별도,재무제표,CV-3,PASS,rows=29 cols=73 slider_extended=True,,2026-07-07T20:38:32
인천도시가스,00145862,034590,KOSPI,분기x별도,재무제표,DS-2/DS-3,DONE,"cross-check completed for ['매출액', '영업이익']",,2026-07-07T20:38:32
인천도시가스,00145862,034590,KOSPI,분기x별도,지표,CV-6,PASS,default metric selection visible,,2026-07-07T20:38:32
인터지스,00151368,129260,KOSPI,연간x연결,재무제표,DS-1,PASS,,,2026-07-07T20:38:45
인터지스,00151368,129260,KOSPI,연간x연결,상단,DS-8,PASS,,,2026-07-07T20:38:45
인터지스,00151368,129260,KOSPI,연간x연결,상단,DS-7,PASS,"badges seen: ['✅', '🔎']",,2026-07-07T20:38:45
인터지스,00151368,129260,KOSPI,연간x연결,재무제표,CV-3,PASS,rows=29 cols=19 slider_extended=True,,2026-07-07T20:38:45
인터지스,00151368,129260,KOSPI,연간x연결,재무제표,DS-2/DS-3,DONE,"cross-check completed for ['매출액', '영업이익']",,2026-07-07T20:38:45
인터지스,00151368,129260,KOSPI,연간x연결,지표,CV-6,PASS,default metric selection visible,,2026-07-07T20:38:45
인터지스,00151368,129260,KOSPI,연간x별도,재무제표,DS-1,PASS,,,2026-07-07T20:38:51
인터지스,00151368,129260,KOSPI,연간x별도,상단,DS-8,PASS,,,2026-07-07T20:38:51
인터지스,00151368,129260,KOSPI,연간x별도,상단,DS-7,PASS,"badges seen: ['✅', '🔎', '⚠']",,2026-07-07T20:38:51
인터지스,00151368,129260,KOSPI,연간x별도,재무제표,CV-3,PASS,rows=29 cols=19 slider_extended=True,,2026-07-07T20:38:51
인터지스,00151368,129260,KOSPI,연간x별도,재무제표,DS-2/DS-3,DONE,"cross-check completed for ['매출액', '영업이익']",,2026-07-07T20:38:51
인터지스,00151368,129260,KOSPI,연간x별도,지표,CV-6,PASS,default metric selection visible,,2026-07-07T20:38:51
인터지스,00151368,129260,KOSPI,분기x연결,재무제표,DS-1,PASS,,,2026-07-07T20:38:57
인터지스,00151368,129260,KOSPI,분기x연결,상단,DS-8,PASS,,,2026-07-07T20:38:57
인터지스,00151368,129260,KOSPI,분기x연결,상단,DS-7,PASS,"badges seen: ['✅', '🔎']",,2026-07-07T20:38:57
인터지스,00151368,129260,KOSPI,분기x연결,재무제표,CV-3,PASS,rows=29 cols=60 slider_extended=True,,2026-07-07T20:38:57
인터지스,00151368,129260,KOSPI,분기x연결,재무제표,DS-2/DS-3,DONE,"cross-check completed for ['매출액', '영업이익']",,2026-07-07T20:38:57
인터지스,00151368,129260,KOSPI,분기x연결,지표,CV-6,PASS,default metric selection visible,,2026-07-07T20:38:57
인터지스,00151368,129260,KOSPI,분기x별도,재무제표,DS-1,PASS,,,2026-07-07T20:39:04
인터지스,00151368,129260,KOSPI,분기x별도,상단,DS-8,PASS,,,2026-07-07T20:39:04
인터지스,00151368,129260,KOSPI,분기x별도,상단,DS-7,PASS,"badges seen: ['✅', '🔎']",,2026-07-07T20:39:04
인터지스,00151368,129260,KOSPI,분기x별도,재무제표,CV-3,PASS,rows=29 cols=63 slider_extended=True,,2026-07-07T20:39:04
인터지스,00151368,129260,KOSPI,분기x별도,재무제표,DS-2/DS-3,DONE,"cross-check completed for ['매출액', '영업이익']",,2026-07-07T20:39:04
인터지스,00151368,129260,KOSPI,분기x별도,지표,CV-6,PASS,default metric selection visible,,2026-07-07T20:39:04
인팩,00180795,023810,KOSPI,연간x연결,재무제표,DS-1,PASS,,,2026-07-07T20:39:17
인팩,00180795,023810,KOSPI,연간x연결,상단,DS-8,PASS,,,2026-07-07T20:39:17
인팩,00180795,023810,KOSPI,연간x연결,상단,DS-7,PASS,"badges seen: ['✅', '🔎']",,2026-07-07T20:39:17
인팩,00180795,023810,KOSPI,연간x연결,재무제표,CV-3,PASS,rows=29 cols=19 slider_extended=True,,2026-07-07T20:39:17
인팩,00180795,023810,KOSPI,연간x연결,재무제표,DS-2/DS-3,DONE,"cross-check completed for ['매출액', '영업이익']",,2026-07-07T20:39:17
인팩,00180795,023810,KOSPI,연간x연결,지표,CV-6,PASS,default metric selection visible,,2026-07-07T20:39:17
인팩,00180795,023810,KOSPI,연간x별도,재무제표,DS-1,PASS,,,2026-07-07T20:39:22
인팩,00180795,023810,KOSPI,연간x별도,상단,DS-8,PASS,,,2026-07-07T20:39:22
인팩,00180795,023810,KOSPI,연간x별도,상단,DS-7,PASS,"badges seen: ['✅', '🔎']",,2026-07-07T20:39:22
인팩,00180795,023810,KOSPI,연간x별도,재무제표,CV-3,PASS,rows=29 cols=24 slider_extended=True,,2026-07-07T20:39:22
인팩,00180795,023810,KOSPI,연간x별도,재무제표,DS-2/DS-3,DONE,"cross-check completed for ['매출액', '영업이익']",,2026-07-07T20:39:22
인팩,00180795,023810,KOSPI,연간x별도,지표,CV-6,PASS,default metric selection visible,,2026-07-07T20:39:22
인팩,00180795,023810,KOSPI,분기x연결,재무제표,DS-1,PASS,,,2026-07-07T20:39:28
인팩,00180795,023810,KOSPI,분기x연결,상단,DS-8,PASS,,,2026-07-07T20:39:28
인팩,00180795,023810,KOSPI,분기x연결,상단,DS-7,PASS,"badges seen: ['✅', '🔎']",,2026-07-07T20:39:28
인팩,00180795,023810,KOSPI,분기x연결,재무제표,CV-3,PASS,rows=29 cols=61 slider_extended=True,,2026-07-07T20:39:28
인팩,00180795,023810,KOSPI,분기x연결,재무제표,DS-2/DS-3,DONE,"cross-check completed for ['매출액', '영업이익']",,2026-07-07T20:39:28
인팩,00180795,023810,KOSPI,분기x연결,지표,CV-6,PASS,default metric selection visible,,2026-07-07T20:39:28
인팩,00180795,023810,KOSPI,분기x별도,재무제표,DS-1,PASS,,,2026-07-07T20:39:36
인팩,00180795,023810,KOSPI,분기x별도,상단,DS-8,PASS,,,2026-07-07T20:39:36
인팩,00180795,023810,KOSPI,분기x별도,상단,DS-7,PASS,"badges seen: ['✅', '🔎', '⚠']",,2026-07-07T20:39:36
인팩,00180795,023810,KOSPI,분기x별도,재무제표,CV-3,PASS,rows=29 cols=79 slider_extended=True,,2026-07-07T20:39:36
인팩,00180795,023810,KOSPI,분기x별도,재무제표,DS-2/DS-3,DONE,"cross-check completed for ['매출액', '영업이익']",,2026-07-07T20:39:36
인팩,00180795,023810,KOSPI,분기x별도,지표,CV-6,PASS,default metric selection visible,,2026-07-07T20:39:36
일동제약,01168383,249420,KOSPI,연간x연결,재무제표,DS-1,PASS,,,2026-07-07T20:39:49
일동제약,01168383,249420,KOSPI,연간x연결,상단,DS-8,PASS,,,2026-07-07T20:39:49
일동제약,01168383,249420,KOSPI,연간x연결,상단,DS-7,PASS,"badges seen: ['✅', '🔎']",,2026-07-07T20:39:49
일동제약,01168383,249420,KOSPI,연간x연결,재무제표,CV-3,PASS,rows=29 cols=12 slider_extended=True,,2026-07-07T20:39:49
일동제약,01168383,249420,KOSPI,연간x연결,재무제표,DS-2/DS-3,DONE,"cross-check completed for ['매출액', '영업이익']",,2026-07-07T20:39:49
일동제약,01168383,249420,KOSPI,연간x연결,지표,CV-6,PASS,default metric selection visible,,2026-07-07T20:39:49
일동제약,01168383,249420,KOSPI,연간x별도,재무제표,DS-1,PASS,,,2026-07-07T20:39:55
일동제약,01168383,249420,KOSPI,연간x별도,상단,DS-8,PASS,,,2026-07-07T20:39:55
일동제약,01168383,249420,KOSPI,연간x별도,상단,DS-7,PASS,"badges seen: ['✅', '🔎']",,2026-07-07T20:39:55
일동제약,01168383,249420,KOSPI,연간x별도,재무제표,CV-3,PASS,rows=29 cols=12 slider_extended=True,,2026-07-07T20:39:55
일동제약,01168383,249420,KOSPI,연간x별도,재무제표,DS-2/DS-3,DONE,"cross-check completed for ['매출액', '영업이익']",,2026-07-07T20:39:55
일동제약,01168383,249420,KOSPI,연간x별도,지표,CV-6,PASS,default metric selection visible,,2026-07-07T20:39:55
일동제약,01168383,249420,KOSPI,분기x연결,재무제표,DS-1,PASS,,,2026-07-07T20:40:01
일동제약,01168383,249420,KOSPI,분기x연결,상단,DS-8,PASS,,,2026-07-07T20:40:01
일동제약,01168383,249420,KOSPI,분기x연결,상단,DS-7,PASS,"badges seen: ['✅', '🔎']",,2026-07-07T20:40:01
일동제약,01168383,249420,KOSPI,분기x연결,재무제표,CV-3,PASS,rows=29 cols=42 slider_extended=True,,2026-07-07T20:40:01
일동제약,01168383,249420,KOSPI,분기x연결,재무제표,DS-2/DS-3,DONE,"cross-check completed for ['매출액', '영업이익']",,2026-07-07T20:40:01
일동제약,01168383,249420,KOSPI,분기x연결,지표,CV-6,PASS,default metric selection visible,,2026-07-07T20:40:01
일동제약,01168383,249420,KOSPI,분기x별도,재무제표,DS-1,PASS,,,2026-07-07T20:40:08
일동제약,01168383,249420,KOSPI,분기x별도,상단,DS-8,PASS,,,2026-07-07T20:40:08
일동제약,01168383,249420,KOSPI,분기x별도,상단,DS-7,PASS,"badges seen: ['✅', '🔎', '⚠']",,2026-07-07T20:40:08
일동제약,01168383,249420,KOSPI,분기x별도,재무제표,CV-3,PASS,rows=29 cols=42 slider_extended=True,,2026-07-07T20:40:08
일동제약,01168383,249420,KOSPI,분기x별도,재무제표,DS-2/DS-3,DONE,"cross-check completed for ['매출액', '영업이익']",,2026-07-07T20:40:08
일동제약,01168383,249420,KOSPI,분기x별도,지표,CV-6,PASS,default metric selection visible,,2026-07-07T20:40:08
일동홀딩스,00146083,000230,KOSPI,연간x연결,재무제표,DS-1,PASS,,,2026-07-07T20:40:21
일동홀딩스,00146083,000230,KOSPI,연간x연결,상단,DS-8,PASS,,,2026-07-07T20:40:21
일동홀딩스,00146083,000230,KOSPI,연간x연결,상단,DS-7,PASS,"badges seen: ['✅', '🔎']",,2026-07-07T20:40:21
일동홀딩스,00146083,000230,KOSPI,연간x연결,재무제표,CV-3,PASS,rows=29 cols=12 slider_extended=False,,2026-07-07T20:40:21
일동홀딩스,00146083,000230,KOSPI,연간x연결,재무제표,DS-2/DS-3,DONE,"cross-check completed for ['매출액', '영업이익']",,2026-07-07T20:40:21
일동홀딩스,00146083,000230,KOSPI,연간x연결,지표,CV-6,PASS,default metric selection visible,,2026-07-07T20:40:21
일동홀딩스,00146083,000230,KOSPI,연간x별도,재무제표,DS-1,PASS,,,2026-07-07T20:40:25
일동홀딩스,00146083,000230,KOSPI,연간x별도,상단,DS-8,PASS,,,2026-07-07T20:40:25
일동홀딩스,00146083,000230,KOSPI,연간x별도,상단,DS-7,PASS,"badges seen: ['✅', '🔎', '⚠']",,2026-07-07T20:40:25
일동홀딩스,00146083,000230,KOSPI,연간x별도,재무제표,CV-3,PASS,rows=29 cols=23 slider_extended=True,,2026-07-07T20:40:25
일동홀딩스,00146083,000230,KOSPI,연간x별도,재무제표,DS-2/DS-3,DONE,"cross-check completed for ['매출액', '영업이익']",,2026-07-07T20:40:25
일동홀딩스,00146083,000230,KOSPI,연간x별도,지표,CV-6,PASS,default metric selection visible,,2026-07-07T20:40:25
일동홀딩스,00146083,000230,KOSPI,분기x연결,재무제표,DS-1,PASS,,,2026-07-07T20:40:31
일동홀딩스,00146083,000230,KOSPI,분기x연결,상단,DS-8,PASS,,,2026-07-07T20:40:31
일동홀딩스,00146083,000230,KOSPI,분기x연결,상단,DS-7,PASS,"badges seen: ['✅', '🔎']",,2026-07-07T20:40:31
일동홀딩스,00146083,000230,KOSPI,분기x연결,재무제표,CV-3,PASS,rows=29 cols=68 slider_extended=True,,2026-07-07T20:40:31
일동홀딩스,00146083,000230,KOSPI,분기x연결,재무제표,DS-2/DS-3,DONE,"cross-check completed for ['매출액', '영업이익']",,2026-07-07T20:40:31
일동홀딩스,00146083,000230,KOSPI,분기x연결,지표,CV-6,PASS,default metric selection visible,,2026-07-07T20:40:31
일동홀딩스,00146083,000230,KOSPI,분기x별도,재무제표,DS-1,PASS,,,2026-07-07T20:40:39
일동홀딩스,00146083,000230,KOSPI,분기x별도,상단,DS-8,PASS,,,2026-07-07T20:40:39
일동홀딩스,00146083,000230,KOSPI,분기x별도,상단,DS-7,PASS,"badges seen: ['✅', '🔎', '⚠']",,2026-07-07T20:40:39
일동홀딩스,00146083,000230,KOSPI,분기x별도,재무제표,CV-3,PASS,rows=29 cols=78 slider_extended=True,,2026-07-07T20:40:39
일동홀딩스,00146083,000230,KOSPI,분기x별도,재무제표,DS-2/DS-3,DONE,"cross-check completed for ['매출액', '영업이익']",,2026-07-07T20:40:39
일동홀딩스,00146083,000230,KOSPI,분기x별도,지표,CV-6,PASS,default metric selection visible,,2026-07-07T20:40:39
일성건설,00146232,013360,KOSPI,연간x연결,재무제표,DS-1,PASS,,,2026-07-07T20:40:53
일성건설,00146232,013360,KOSPI,연간x연결,상단,DS-8,PASS,,,2026-07-07T20:40:53
일성건설,00146232,013360,KOSPI,연간x연결,상단,DS-7,PASS,"badges seen: ['✅', '🔎']",,2026-07-07T20:40:53
일성건설,00146232,013360,KOSPI,연간x연결,재무제표,CV-3,PASS,rows=29 cols=19 slider_extended=True,,2026-07-07T20:40:53
일성건설,00146232,013360,KOSPI,연간x연결,재무제표,DS-2/DS-3,DONE,"cross-check completed for ['매출액', '영업이익']",,2026-07-07T20:40:53
일성건설,00146232,013360,KOSPI,연간x연결,지표,CV-6,PASS,default metric selection visible,,2026-07-07T20:40:53
일성건설,00146232,013360,KOSPI,연간x별도,재무제표,DS-1,PASS,,,2026-07-07T20:40:58
일성건설,00146232,013360,KOSPI,연간x별도,상단,DS-8,PASS,,,2026-07-07T20:40:58
일성건설,00146232,013360,KOSPI,연간x별도,상단,DS-7,PASS,"badges seen: ['✅', '🔎']",,2026-07-07T20:40:58
일성건설,00146232,013360,KOSPI,연간x별도,재무제표,CV-3,PASS,rows=29 cols=28 slider_extended=True,,2026-07-07T20:40:58
일성건설,00146232,013360,KOSPI,연간x별도,재무제표,DS-2/DS-3,DONE,"cross-check completed for ['매출액', '영업이익']",,2026-07-07T20:40:58
일성건설,00146232,013360,KOSPI,연간x별도,지표,CV-6,PASS,default metric selection visible,,2026-07-07T20:40:58
일성건설,00146232,013360,KOSPI,분기x연결,재무제표,DS-1,PASS,,,2026-07-07T20:41:04
일성건설,00146232,013360,KOSPI,분기x연결,상단,DS-8,PASS,,,2026-07-07T20:41:04
일성건설,00146232,013360,KOSPI,분기x연결,상단,DS-7,PASS,"badges seen: ['✅', '🔎']",,2026-07-07T20:41:04
일성건설,00146232,013360,KOSPI,분기x연결,재무제표,CV-3,PASS,rows=29 cols=60 slider_extended=True,,2026-07-07T20:41:04
일성건설,00146232,013360,KOSPI,분기x연결,재무제표,DS-2/DS-3,DONE,"cross-check completed for ['매출액', '영업이익']",,2026-07-07T20:41:04
일성건설,00146232,013360,KOSPI,분기x연결,지표,CV-6,PASS,default metric selection visible,,2026-07-07T20:41:04
일성건설,00146232,013360,KOSPI,분기x별도,재무제표,DS-1,PASS,,,2026-07-07T20:41:11
일성건설,00146232,013360,KOSPI,분기x별도,상단,DS-8,PASS,,,2026-07-07T20:41:11
일성건설,00146232,013360,KOSPI,분기x별도,상단,DS-7,PASS,"badges seen: ['✅', '🔎']",,2026-07-07T20:41:11
일성건설,00146232,013360,KOSPI,분기x별도,재무제표,CV-3,PASS,rows=29 cols=90 slider_extended=True,,2026-07-07T20:41:11
일성건설,00146232,013360,KOSPI,분기x별도,재무제표,DS-2/DS-3,DONE,"cross-check completed for ['매출액', '영업이익']",,2026-07-07T20:41:11
일성건설,00146232,013360,KOSPI,분기x별도,지표,CV-6,PASS,default metric selection visible,,2026-07-07T20:41:11
일성아이에스,00146214,003120,KOSPI,연간x연결,재무제표,DS-1,PASS,,,2026-07-07T20:41:24
일성아이에스,00146214,003120,KOSPI,연간x연결,상단,DS-8,PASS,,,2026-07-07T20:41:24
일성아이에스,00146214,003120,KOSPI,연간x연결,상단,DS-4,PASS,substitution caption present,,2026-07-07T20:41:24
일성아이에스,00146214,003120,KOSPI,연간x연결,상단,DS-7,PASS,"badges seen: ['✅', '🔎']",,2026-07-07T20:41:24
일성아이에스,00146214,003120,KOSPI,연간x연결,재무제표,CV-3,PASS,rows=29 cols=23 slider_extended=True,,2026-07-07T20:41:24
일성아이에스,00146214,003120,KOSPI,연간x연결,재무제표,DS-2/DS-3,DONE,"cross-check completed for ['매출액', '영업이익']",,2026-07-07T20:41:24
일성아이에스,00146214,003120,KOSPI,연간x연결,지표,CV-6,PASS,default metric selection visible,,2026-07-07T20:41:24
일성아이에스,00146214,003120,KOSPI,연간x별도,재무제표,DS-1,PASS,,,2026-07-07T20:41:29
일성아이에스,00146214,003120,KOSPI,연간x별도,상단,DS-8,PASS,,,2026-07-07T20:41:29
일성아이에스,00146214,003120,KOSPI,연간x별도,상단,DS-7,PASS,"badges seen: ['✅', '🔎']",,2026-07-07T20:41:29
일성아이에스,00146214,003120,KOSPI,연간x별도,재무제표,CV-3,PASS,rows=29 cols=23 slider_extended=True,,2026-07-07T20:41:29
일성아이에스,00146214,003120,KOSPI,연간x별도,재무제표,DS-2/DS-3,DONE,"cross-check completed for ['매출액', '영업이익']",,2026-07-07T20:41:29
일성아이에스,00146214,003120,KOSPI,연간x별도,지표,CV-6,PASS,default metric selection visible,,2026-07-07T20:41:29
일성아이에스,00146214,003120,KOSPI,분기x연결,재무제표,DS-1,PASS,,,2026-07-07T20:41:35
일성아이에스,00146214,003120,KOSPI,분기x연결,상단,DS-8,PASS,,,2026-07-07T20:41:35
일성아이에스,00146214,003120,KOSPI,분기x연결,상단,DS-4,PASS,substitution caption present,,2026-07-07T20:41:35
일성아이에스,00146214,003120,KOSPI,분기x연결,상단,DS-7,PASS,"badges seen: ['✅', '🔎']",,2026-07-07T20:41:35
일성아이에스,00146214,003120,KOSPI,분기x연결,재무제표,CV-3,PASS,rows=29 cols=79 slider_extended=True,,2026-07-07T20:41:35
일성아이에스,00146214,003120,KOSPI,분기x연결,재무제표,DS-2/DS-3,DONE,"cross-check completed for ['매출액', '영업이익']",,2026-07-07T20:41:35
일성아이에스,00146214,003120,KOSPI,분기x연결,지표,CV-6,PASS,default metric selection visible,,2026-07-07T20:41:35
일성아이에스,00146214,003120,KOSPI,분기x별도,재무제표,DS-1,PASS,,,2026-07-07T20:41:42
일성아이에스,00146214,003120,KOSPI,분기x별도,상단,DS-8,PASS,,,2026-07-07T20:41:42
일성아이에스,00146214,003120,KOSPI,분기x별도,상단,DS-7,PASS,"badges seen: ['✅', '🔎']",,2026-07-07T20:41:42
일성아이에스,00146214,003120,KOSPI,분기x별도,재무제표,CV-3,PASS,rows=29 cols=79 slider_extended=True,,2026-07-07T20:41:42
일성아이에스,00146214,003120,KOSPI,분기x별도,재무제표,DS-2/DS-3,DONE,"cross-check completed for ['매출액', '영업이익']",,2026-07-07T20:41:42
일성아이에스,00146214,003120,KOSPI,분기x별도,지표,CV-6,PASS,default metric selection visible,,2026-07-07T20:41:42
일신방직,00146269,003200,KOSPI,연간x연결,재무제표,DS-1,PASS,,,2026-07-07T20:41:56
일신방직,00146269,003200,KOSPI,연간x연결,상단,DS-8,PASS,,,2026-07-07T20:41:56
일신방직,00146269,003200,KOSPI,연간x연결,상단,DS-7,PASS,"badges seen: ['✅', '🔎', '⚠']",,2026-07-07T20:41:56
일신방직,00146269,003200,KOSPI,연간x연결,재무제표,CV-3,PASS,rows=29 cols=21 slider_extended=True,,2026-07-07T20:41:56
일신방직,00146269,003200,KOSPI,연간x연결,재무제표,DS-2/DS-3,DONE,"cross-check completed for ['매출액', '영업이익']",,2026-07-07T20:41:56
일신방직,00146269,003200,KOSPI,연간x연결,지표,CV-6,PASS,default metric selection visible,,2026-07-07T20:41:56
일신방직,00146269,003200,KOSPI,연간x별도,재무제표,DS-1,PASS,,,2026-07-07T20:42:01
일신방직,00146269,003200,KOSPI,연간x별도,상단,DS-8,PASS,,,2026-07-07T20:42:01
일신방직,00146269,003200,KOSPI,연간x별도,상단,DS-7,PASS,"badges seen: ['✅', '🔎', '⚠']",,2026-07-07T20:42:01
일신방직,00146269,003200,KOSPI,연간x별도,재무제표,CV-3,PASS,rows=29 cols=24 slider_extended=True,,2026-07-07T20:42:01
일신방직,00146269,003200,KOSPI,연간x별도,재무제표,DS-2/DS-3,DONE,"cross-check completed for ['매출액', '영업이익']",,2026-07-07T20:42:01
일신방직,00146269,003200,KOSPI,연간x별도,지표,CV-6,PASS,default metric selection visible,,2026-07-07T20:42:01
일신방직,00146269,003200,KOSPI,분기x연결,재무제표,DS-1,PASS,,,2026-07-07T20:42:07
일신방직,00146269,003200,KOSPI,분기x연결,상단,DS-8,PASS,,,2026-07-07T20:42:07
일신방직,00146269,003200,KOSPI,분기x연결,상단,DS-7,PASS,"badges seen: ['✅', '🔎', '⚠']",,2026-07-07T20:42:07
일신방직,00146269,003200,KOSPI,분기x연결,재무제표,CV-3,PASS,rows=29 cols=63 slider_extended=True,,2026-07-07T20:42:07
일신방직,00146269,003200,KOSPI,분기x연결,재무제표,DS-2/DS-3,DONE,"cross-check completed for ['매출액', '영업이익']",,2026-07-07T20:42:07
일신방직,00146269,003200,KOSPI,분기x연결,지표,CV-6,PASS,default metric selection visible,,2026-07-07T20:42:07
일신방직,00146269,003200,KOSPI,분기x별도,재무제표,DS-1,PASS,,,2026-07-07T20:42:15
일신방직,00146269,003200,KOSPI,분기x별도,상단,DS-8,PASS,,,2026-07-07T20:42:15
일신방직,00146269,003200,KOSPI,분기x별도,상단,DS-7,PASS,"badges seen: ['✅', '🔎', '⚠']",,2026-07-07T20:42:15
일신방직,00146269,003200,KOSPI,분기x별도,재무제표,CV-3,PASS,rows=29 cols=86 slider_extended=True,,2026-07-07T20:42:15
일신방직,00146269,003200,KOSPI,분기x별도,재무제표,DS-2/DS-3,DONE,"cross-check completed for ['매출액', '영업이익']",,2026-07-07T20:42:15
일신방직,00146269,003200,KOSPI,분기x별도,지표,CV-6,PASS,default metric selection visible,,2026-07-07T20:42:15
일신석재,00146296,007110,KOSPI,연간x연결,재무제표,DS-1,PASS,,,2026-07-07T20:42:27
일신석재,00146296,007110,KOSPI,연간x연결,상단,DS-8,PASS,,,2026-07-07T20:42:27
일신석재,00146296,007110,KOSPI,연간x연결,상단,DS-4,PASS,substitution caption present,,2026-07-07T20:42:27
일신석재,00146296,007110,KOSPI,연간x연결,상단,DS-7,PASS,"badges seen: ['✅', '🔎', '⚠']",,2026-07-07T20:42:27
일신석재,00146296,007110,KOSPI,연간x연결,재무제표,CV-3,PASS,rows=29 cols=28 slider_extended=True,,2026-07-07T20:42:27
일신석재,00146296,007110,KOSPI,연간x연결,재무제표,DS-2/DS-3,DONE,"cross-check completed for ['매출액', '영업이익']",,2026-07-07T20:42:27
일신석재,00146296,007110,KOSPI,연간x연결,지표,CV-6,PASS,default metric selection visible,,2026-07-07T20:42:27
일신석재,00146296,007110,KOSPI,연간x별도,재무제표,DS-1,PASS,,,2026-07-07T20:42:32
일신석재,00146296,007110,KOSPI,연간x별도,상단,DS-8,PASS,,,2026-07-07T20:42:32
일신석재,00146296,007110,KOSPI,연간x별도,상단,DS-7,PASS,"badges seen: ['✅', '🔎', '⚠']",,2026-07-07T20:42:32
일신석재,00146296,007110,KOSPI,연간x별도,재무제표,CV-3,PASS,rows=29 cols=28 slider_extended=True,,2026-07-07T20:42:32
일신석재,00146296,007110,KOSPI,연간x별도,재무제표,DS-2/DS-3,DONE,"cross-check completed for ['매출액', '영업이익']",,2026-07-07T20:42:32
일신석재,00146296,007110,KOSPI,연간x별도,지표,CV-6,PASS,default metric selection visible,,2026-07-07T20:42:32
일신석재,00146296,007110,KOSPI,분기x연결,재무제표,DS-1,PASS,,,2026-07-07T20:42:38
일신석재,00146296,007110,KOSPI,분기x연결,상단,DS-8,PASS,,,2026-07-07T20:42:38
일신석재,00146296,007110,KOSPI,분기x연결,상단,DS-4,PASS,substitution caption present,,2026-07-07T20:42:38
일신석재,00146296,007110,KOSPI,분기x연결,상단,DS-7,PASS,"badges seen: ['✅', '🔎']",,2026-07-07T20:42:38
일신석재,00146296,007110,KOSPI,분기x연결,재무제표,CV-3,PASS,rows=29 cols=89 slider_extended=True,,2026-07-07T20:42:38
일신석재,00146296,007110,KOSPI,분기x연결,재무제표,DS-2/DS-3,DONE,"cross-check completed for ['매출액', '영업이익']",,2026-07-07T20:42:38
일신석재,00146296,007110,KOSPI,분기x연결,지표,CV-6,PASS,default metric selection visible,,2026-07-07T20:42:38
일신석재,00146296,007110,KOSPI,분기x별도,재무제표,DS-1,PASS,,,2026-07-07T20:42:46
일신석재,00146296,007110,KOSPI,분기x별도,상단,DS-8,PASS,,,2026-07-07T20:42:46
일신석재,00146296,007110,KOSPI,분기x별도,상단,DS-7,PASS,"badges seen: ['✅', '🔎']",,2026-07-07T20:42:46
일신석재,00146296,007110,KOSPI,분기x별도,재무제표,CV-3,PASS,rows=29 cols=89 slider_extended=True,,2026-07-07T20:42:46
일신석재,00146296,007110,KOSPI,분기x별도,재무제표,DS-2/DS-3,DONE,"cross-check completed for ['매출액', '영업이익']",,2026-07-07T20:42:46
일신석재,00146296,007110,KOSPI,분기x별도,지표,CV-6,PASS,default metric selection visible,,2026-07-07T20:42:46
일양약품,00146454,007570,KOSPI,연간x연결,재무제표,DS-1,PASS,,,2026-07-07T20:42:59
일양약품,00146454,007570,KOSPI,연간x연결,상단,DS-8,PASS,,,2026-07-07T20:42:59
일양약품,00146454,007570,KOSPI,연간x연결,상단,DS-7,PASS,"badges seen: ['✅', '🔎', '⚠']",,2026-07-07T20:42:59
일양약품,00146454,007570,KOSPI,연간x연결,재무제표,CV-3,PASS,rows=29 cols=15 slider_extended=True,,2026-07-07T20:42:59
일양약품,00146454,007570,KOSPI,연간x연결,재무제표,DS-2/DS-3,DONE,"cross-check completed for ['매출액', '영업이익']",,2026-07-07T20:42:59
일양약품,00146454,007570,KOSPI,연간x연결,지표,CV-6,PASS,default metric selection visible,,2026-07-07T20:42:59
일양약품,00146454,007570,KOSPI,연간x별도,재무제표,DS-1,PASS,,,2026-07-07T20:43:04
일양약품,00146454,007570,KOSPI,연간x별도,상단,DS-8,PASS,,,2026-07-07T20:43:04
일양약품,00146454,007570,KOSPI,연간x별도,상단,DS-7,PASS,"badges seen: ['✅', '🔎', '⚠']",,2026-07-07T20:43:04
일양약품,00146454,007570,KOSPI,연간x별도,재무제표,CV-3,PASS,rows=29 cols=26 slider_extended=True,,2026-07-07T20:43:04
일양약품,00146454,007570,KOSPI,연간x별도,재무제표,DS-2/DS-3,DONE,"cross-check completed for ['매출액', '영업이익']",,2026-07-07T20:43:04
일양약품,00146454,007570,KOSPI,연간x별도,지표,CV-6,PASS,default metric selection visible,,2026-07-07T20:43:04
일양약품,00146454,007570,KOSPI,분기x연결,재무제표,DS-1,PASS,,,2026-07-07T20:43:10
일양약품,00146454,007570,KOSPI,분기x연결,상단,DS-8,PASS,,,2026-07-07T20:43:10
일양약품,00146454,007570,KOSPI,분기x연결,상단,DS-7,PASS,"badges seen: ['✅', '🔎', '⚠']",,2026-07-07T20:43:10
일양약품,00146454,007570,KOSPI,분기x연결,재무제표,CV-3,PASS,rows=29 cols=53 slider_extended=True,,2026-07-07T20:43:10
일양약품,00146454,007570,KOSPI,분기x연결,재무제표,DS-2/DS-3,DONE,"cross-check completed for ['매출액', '영업이익']",,2026-07-07T20:43:10
일양약품,00146454,007570,KOSPI,분기x연결,지표,CV-6,PASS,default metric selection visible,,2026-07-07T20:43:10
일양약품,00146454,007570,KOSPI,분기x별도,재무제표,DS-1,PASS,,,2026-07-07T20:43:18
일양약품,00146454,007570,KOSPI,분기x별도,상단,DS-8,PASS,,,2026-07-07T20:43:18
일양약품,00146454,007570,KOSPI,분기x별도,상단,DS-7,PASS,"badges seen: ['✅', '🔎', '⚠']",,2026-07-07T20:43:18
일양약품,00146454,007570,KOSPI,분기x별도,재무제표,CV-3,PASS,rows=29 cols=84 slider_extended=True,,2026-07-07T20:43:18
일양약품,00146454,007570,KOSPI,분기x별도,재무제표,DS-2/DS-3,DONE,"cross-check completed for ['매출액', '영업이익']",,2026-07-07T20:43:18
일양약품,00146454,007570,KOSPI,분기x별도,지표,CV-6,PASS,default metric selection visible,,2026-07-07T20:43:18
일진다이아,00508274,081000,KOSPI,연간x연결,재무제표,DS-1,PASS,,,2026-07-07T20:43:30
일진다이아,00508274,081000,KOSPI,연간x연결,상단,DS-8,PASS,,,2026-07-07T20:43:30
일진다이아,00508274,081000,KOSPI,연간x연결,상단,DS-7,PASS,"badges seen: ['✅', '🔎']",,2026-07-07T20:43:30
일진다이아,00508274,081000,KOSPI,연간x연결,재무제표,CV-3,PASS,rows=29 cols=20 slider_extended=True,,2026-07-07T20:43:30
일진다이아,00508274,081000,KOSPI,연간x연결,재무제표,DS-2/DS-3,DONE,"cross-check completed for ['매출액', '영업이익']",,2026-07-07T20:43:30
일진다이아,00508274,081000,KOSPI,연간x연결,지표,CV-6,PASS,default metric selection visible,,2026-07-07T20:43:30
일진다이아,00508274,081000,KOSPI,연간x별도,재무제표,DS-1,PASS,,,2026-07-07T20:43:35
일진다이아,00508274,081000,KOSPI,연간x별도,상단,DS-8,PASS,,,2026-07-07T20:43:35
일진다이아,00508274,081000,KOSPI,연간x별도,상단,DS-7,PASS,"badges seen: ['✅', '🔎']",,2026-07-07T20:43:35
일진다이아,00508274,081000,KOSPI,연간x별도,재무제표,CV-3,PASS,rows=29 cols=24 slider_extended=True,,2026-07-07T20:43:35
일진다이아,00508274,081000,KOSPI,연간x별도,재무제표,DS-2/DS-3,DONE,"cross-check completed for ['매출액', '영업이익']",,2026-07-07T20:43:35
일진다이아,00508274,081000,KOSPI,연간x별도,지표,CV-6,PASS,default metric selection visible,,2026-07-07T20:43:35
일진다이아,00508274,081000,KOSPI,분기x연결,재무제표,DS-1,PASS,,,2026-07-07T20:43:41
일진다이아,00508274,081000,KOSPI,분기x연결,상단,DS-8,PASS,,,2026-07-07T20:43:41
일진다이아,00508274,081000,KOSPI,분기x연결,상단,DS-7,PASS,"badges seen: ['✅', '🔎', '⚠']",,2026-07-07T20:43:41
일진다이아,00508274,081000,KOSPI,분기x연결,재무제표,CV-3,PASS,rows=29 cols=65 slider_extended=True,,2026-07-07T20:43:41
일진다이아,00508274,081000,KOSPI,분기x연결,재무제표,DS-2/DS-3,DONE,"cross-check completed for ['매출액', '영업이익']",,2026-07-07T20:43:41
일진다이아,00508274,081000,KOSPI,분기x연결,지표,CV-6,PASS,default metric selection visible,,2026-07-07T20:43:41
일진다이아,00508274,081000,KOSPI,분기x별도,재무제표,DS-1,PASS,,,2026-07-07T20:43:49
일진다이아,00508274,081000,KOSPI,분기x별도,상단,DS-8,PASS,,,2026-07-07T20:43:49
일진다이아,00508274,081000,KOSPI,분기x별도,상단,DS-7,PASS,"badges seen: ['✅', '🔎']",,2026-07-07T20:43:49
일진다이아,00508274,081000,KOSPI,분기x별도,재무제표,CV-3,PASS,rows=29 cols=76 slider_extended=True,,2026-07-07T20:43:49
일진다이아,00508274,081000,KOSPI,분기x별도,재무제표,DS-2/DS-3,DONE,"cross-check completed for ['매출액', '영업이익']",,2026-07-07T20:43:49
일진다이아,00508274,081000,KOSPI,분기x별도,지표,CV-6,PASS,default metric selection visible,,2026-07-07T20:43:49
일진디스플,00198697,020760,KOSPI,연간x연결,재무제표,DS-1,PASS,,,2026-07-07T20:44:02
일진디스플,00198697,020760,KOSPI,연간x연결,상단,DS-8,PASS,,,2026-07-07T20:44:02
일진디스플,00198697,020760,KOSPI,연간x연결,상단,DS-7,PASS,"badges seen: ['✅', '🔎']",,2026-07-07T20:44:02
일진디스플,00198697,020760,KOSPI,연간x연결,재무제표,CV-3,PASS,rows=29 cols=13 slider_extended=True,,2026-07-07T20:44:02
일진디스플,00198697,020760,KOSPI,연간x연결,재무제표,DS-2/DS-3,DONE,"cross-check completed for ['매출액', '영업이익']",,2026-07-07T20:44:02
일진디스플,00198697,020760,KOSPI,연간x연결,지표,CV-6,PASS,default metric selection visible,,2026-07-07T20:44:02
일진디스플,00198697,020760,KOSPI,연간x별도,재무제표,DS-1,PASS,,,2026-07-07T20:44:07
일진디스플,00198697,020760,KOSPI,연간x별도,상단,DS-8,PASS,,,2026-07-07T20:44:07
일진디스플,00198697,020760,KOSPI,연간x별도,상단,DS-7,PASS,"badges seen: ['✅', '🔎']",,2026-07-07T20:44:07
일진디스플,00198697,020760,KOSPI,연간x별도,재무제표,CV-3,PASS,rows=29 cols=24 slider_extended=True,,2026-07-07T20:44:07
일진디스플,00198697,020760,KOSPI,연간x별도,재무제표,DS-2/DS-3,DONE,"cross-check completed for ['매출액', '영업이익']",,2026-07-07T20:44:07
일진디스플,00198697,020760,KOSPI,연간x별도,지표,CV-6,PASS,default metric selection visible,,2026-07-07T20:44:07
일진디스플,00198697,020760,KOSPI,분기x연결,재무제표,DS-1,PASS,,,2026-07-07T20:44:14
일진디스플,00198697,020760,KOSPI,분기x연결,상단,DS-8,PASS,,,2026-07-07T20:44:14
일진디스플,00198697,020760,KOSPI,분기x연결,상단,DS-7,PASS,"badges seen: ['✅', '🔎']",,2026-07-07T20:44:14
일진디스플,00198697,020760,KOSPI,분기x연결,재무제표,CV-3,PASS,rows=29 cols=39 slider_extended=True,,2026-07-07T20:44:14
일진디스플,00198697,020760,KOSPI,분기x연결,재무제표,DS-2/DS-3,DONE,"cross-check completed for ['매출액', '영업이익']",,2026-07-07T20:44:14
일진디스플,00198697,020760,KOSPI,분기x연결,지표,CV-6,PASS,default metric selection visible,,2026-07-07T20:44:14
일진디스플,00198697,020760,KOSPI,분기x별도,재무제표,DS-1,PASS,,,2026-07-07T20:44:21
일진디스플,00198697,020760,KOSPI,분기x별도,상단,DS-8,PASS,,,2026-07-07T20:44:21
일진디스플,00198697,020760,KOSPI,분기x별도,상단,DS-7,PASS,"badges seen: ['✅', '🔎']",,2026-07-07T20:44:21
일진디스플,00198697,020760,KOSPI,분기x별도,재무제표,CV-3,PASS,rows=29 cols=83 slider_extended=True,,2026-07-07T20:44:21
일진디스플,00198697,020760,KOSPI,분기x별도,재무제표,DS-2/DS-3,DONE,"cross-check completed for ['매출액', '영업이익']",,2026-07-07T20:44:21
일진디스플,00198697,020760,KOSPI,분기x별도,지표,CV-6,PASS,default metric selection visible,,2026-07-07T20:44:21
일진전기,00683469,103590,KOSPI,연간x연결,재무제표,DS-1,PASS,,,2026-07-07T20:44:33
일진전기,00683469,103590,KOSPI,연간x연결,상단,DS-8,PASS,,,2026-07-07T20:44:33
일진전기,00683469,103590,KOSPI,연간x연결,상단,DS-7,PASS,"badges seen: ['✅', '🔎']",,2026-07-07T20:44:33
일진전기,00683469,103590,KOSPI,연간x연결,재무제표,CV-3,PASS,rows=29 cols=19 slider_extended=True,,2026-07-07T20:44:33
일진전기,00683469,103590,KOSPI,연간x연결,재무제표,DS-2/DS-3,DONE,"cross-check completed for ['매출액', '영업이익']",,2026-07-07T20:44:33
일진전기,00683469,103590,KOSPI,연간x연결,지표,CV-6,PASS,default metric selection visible,,2026-07-07T20:44:33
일진전기,00683469,103590,KOSPI,연간x별도,재무제표,DS-1,PASS,,,2026-07-07T20:44:38
일진전기,00683469,103590,KOSPI,연간x별도,상단,DS-8,PASS,,,2026-07-07T20:44:38
일진전기,00683469,103590,KOSPI,연간x별도,상단,DS-7,PASS,"badges seen: ['✅', '🔎']",,2026-07-07T20:44:38
일진전기,00683469,103590,KOSPI,연간x별도,재무제표,CV-3,PASS,rows=29 cols=20 slider_extended=True,,2026-07-07T20:44:38
일진전기,00683469,103590,KOSPI,연간x별도,재무제표,DS-2/DS-3,DONE,"cross-check completed for ['매출액', '영업이익']",,2026-07-07T20:44:38
일진전기,00683469,103590,KOSPI,연간x별도,지표,CV-6,PASS,default metric selection visible,,2026-07-07T20:44:38
일진전기,00683469,103590,KOSPI,분기x연결,재무제표,DS-1,PASS,,,2026-07-07T20:44:44
일진전기,00683469,103590,KOSPI,분기x연결,상단,DS-8,PASS,,,2026-07-07T20:44:44
일진전기,00683469,103590,KOSPI,분기x연결,상단,DS-7,PASS,"badges seen: ['✅', '🔎']",,2026-07-07T20:44:44
일진전기,00683469,103590,KOSPI,분기x연결,재무제표,CV-3,PASS,rows=29 cols=63 slider_extended=True,,2026-07-07T20:44:44
일진전기,00683469,103590,KOSPI,분기x연결,재무제표,DS-2/DS-3,DONE,"cross-check completed for ['매출액', '영업이익']",,2026-07-07T20:44:44
일진전기,00683469,103590,KOSPI,분기x연결,지표,CV-6,PASS,default metric selection visible,,2026-07-07T20:44:44
일진전기,00683469,103590,KOSPI,분기x별도,재무제표,DS-1,PASS,,,2026-07-07T20:44:52
일진전기,00683469,103590,KOSPI,분기x별도,상단,DS-8,PASS,,,2026-07-07T20:44:52
일진전기,00683469,103590,KOSPI,분기x별도,상단,DS-7,PASS,"badges seen: ['✅', '🔎']",,2026-07-07T20:44:52
일진전기,00683469,103590,KOSPI,분기x별도,재무제표,CV-3,PASS,rows=29 cols=70 slider_extended=True,,2026-07-07T20:44:52
일진전기,00683469,103590,KOSPI,분기x별도,재무제표,DS-2/DS-3,DONE,"cross-check completed for ['매출액', '영업이익']",,2026-07-07T20:44:52
일진전기,00683469,103590,KOSPI,분기x별도,지표,CV-6,PASS,default metric selection visible,,2026-07-07T20:44:52
일진하이솔루스,00972503,271940,KOSPI,연간x연결,재무제표,DS-1,PASS,,,2026-07-07T20:45:05
일진하이솔루스,00972503,271940,KOSPI,연간x연결,상단,DS-8,PASS,,,2026-07-07T20:45:05
일진하이솔루스,00972503,271940,KOSPI,연간x연결,상단,DS-7,PASS,"badges seen: ['✅', '🔎']",,2026-07-07T20:45:05
일진하이솔루스,00972503,271940,KOSPI,연간x연결,재무제표,CV-3,PASS,rows=29 cols=5 slider_extended=True,,2026-07-07T20:45:05
일진하이솔루스,00972503,271940,KOSPI,연간x연결,재무제표,DS-2/DS-3,DONE,"cross-check completed for ['매출액', '영업이익']",,2026-07-07T20:45:05
일진하이솔루스,00972503,271940,KOSPI,연간x연결,지표,CV-6,PASS,default metric selection visible,,2026-07-07T20:45:05
일진하이솔루스,00972503,271940,KOSPI,연간x별도,재무제표,DS-1,PASS,,,2026-07-07T20:45:10
일진하이솔루스,00972503,271940,KOSPI,연간x별도,상단,DS-8,PASS,,,2026-07-07T20:45:10
일진하이솔루스,00972503,271940,KOSPI,연간x별도,상단,DS-7,PASS,"badges seen: ['✅', '🔎']",,2026-07-07T20:45:10
일진하이솔루스,00972503,271940,KOSPI,연간x별도,재무제표,CV-3,PASS,rows=29 cols=9 slider_extended=True,,2026-07-07T20:45:10
일진하이솔루스,00972503,271940,KOSPI,연간x별도,재무제표,DS-2/DS-3,DONE,"cross-check completed for ['매출액', '영업이익']",,2026-07-07T20:45:10
일진하이솔루스,00972503,271940,KOSPI,연간x별도,지표,CV-6,PASS,default metric selection visible,,2026-07-07T20:45:10
일진하이솔루스,00972503,271940,KOSPI,분기x연결,재무제표,DS-1,PASS,,,2026-07-07T20:45:16
일진하이솔루스,00972503,271940,KOSPI,분기x연결,상단,DS-8,PASS,,,2026-07-07T20:45:16
일진하이솔루스,00972503,271940,KOSPI,분기x연결,상단,DS-7,PASS,"badges seen: ['✅', '🔎']",,2026-07-07T20:45:16
일진하이솔루스,00972503,271940,KOSPI,분기x연결,재무제표,CV-3,PASS,rows=29 cols=6 slider_extended=True,,2026-07-07T20:45:16
일진하이솔루스,00972503,271940,KOSPI,분기x연결,재무제표,DS-2/DS-3,DONE,"cross-check completed for ['매출액', '영업이익']",,2026-07-07T20:45:16
일진하이솔루스,00972503,271940,KOSPI,분기x연결,지표,CV-6,PASS,default metric selection visible,,2026-07-07T20:45:16
일진하이솔루스,00972503,271940,KOSPI,분기x별도,재무제표,DS-1,PASS,,,2026-07-07T20:45:24
일진하이솔루스,00972503,271940,KOSPI,분기x별도,상단,DS-8,PASS,,,2026-07-07T20:45:24
일진하이솔루스,00972503,271940,KOSPI,분기x별도,상단,DS-7,PASS,"badges seen: ['✅', '🔎']",,2026-07-07T20:45:24
일진하이솔루스,00972503,271940,KOSPI,분기x별도,재무제표,CV-3,PASS,rows=29 cols=25 slider_extended=True,,2026-07-07T20:45:24
일진하이솔루스,00972503,271940,KOSPI,분기x별도,재무제표,DS-2/DS-3,DONE,"cross-check completed for ['매출액', '영업이익']",,2026-07-07T20:45:24
일진하이솔루스,00972503,271940,KOSPI,분기x별도,지표,CV-6,PASS,default metric selection visible,,2026-07-07T20:45:24
일진홀딩스,00146649,015860,KOSPI,연간x연결,재무제표,DS-1,PASS,,,2026-07-07T20:45:36
일진홀딩스,00146649,015860,KOSPI,연간x연결,상단,DS-8,PASS,,,2026-07-07T20:45:36
일진홀딩스,00146649,015860,KOSPI,연간x연결,상단,DS-7,PASS,"badges seen: ['✅', '🔎', '⚠']",,2026-07-07T20:45:36
일진홀딩스,00146649,015860,KOSPI,연간x연결,재무제표,CV-3,PASS,rows=29 cols=24 slider_extended=True,,2026-07-07T20:45:36
일진홀딩스,00146649,015860,KOSPI,연간x연결,재무제표,DS-2/DS-3,DONE,"cross-check completed for ['매출액', '영업이익']",,2026-07-07T20:45:36
일진홀딩스,00146649,015860,KOSPI,연간x연결,지표,CV-6,PASS,default metric selection visible,,2026-07-07T20:45:36
일진홀딩스,00146649,015860,KOSPI,연간x별도,재무제표,DS-1,PASS,,,2026-07-07T20:45:41
일진홀딩스,00146649,015860,KOSPI,연간x별도,상단,DS-8,PASS,,,2026-07-07T20:45:41
일진홀딩스,00146649,015860,KOSPI,연간x별도,상단,DS-7,PASS,"badges seen: ['✅', '🔎', '⚠']",,2026-07-07T20:45:41
일진홀딩스,00146649,015860,KOSPI,연간x별도,재무제표,CV-3,PASS,rows=29 cols=26 slider_extended=True,,2026-07-07T20:45:41
일진홀딩스,00146649,015860,KOSPI,연간x별도,재무제표,DS-2/DS-3,DONE,"cross-check completed for ['매출액', '영업이익']",,2026-07-07T20:45:41
일진홀딩스,00146649,015860,KOSPI,연간x별도,지표,CV-6,PASS,default metric selection visible,,2026-07-07T20:45:41
일진홀딩스,00146649,015860,KOSPI,분기x연결,재무제표,DS-1,PASS,,,2026-07-07T20:45:47
일진홀딩스,00146649,015860,KOSPI,분기x연결,상단,DS-8,PASS,,,2026-07-07T20:45:47
일진홀딩스,00146649,015860,KOSPI,분기x연결,상단,DS-7,PASS,"badges seen: ['✅', '🔎']",,2026-07-07T20:45:47
일진홀딩스,00146649,015860,KOSPI,분기x연결,재무제표,CV-3,PASS,rows=29 cols=77 slider_extended=True,,2026-07-07T20:45:47
일진홀딩스,00146649,015860,KOSPI,분기x연결,재무제표,DS-2/DS-3,DONE,"cross-check completed for ['매출액', '영업이익']",,2026-07-07T20:45:47
일진홀딩스,00146649,015860,KOSPI,분기x연결,지표,CV-6,PASS,default metric selection visible,,2026-07-07T20:45:47
일진홀딩스,00146649,015860,KOSPI,분기x별도,재무제표,DS-1,PASS,,,2026-07-07T20:45:54
일진홀딩스,00146649,015860,KOSPI,분기x별도,상단,DS-8,PASS,,,2026-07-07T20:45:54
일진홀딩스,00146649,015860,KOSPI,분기x별도,상단,DS-7,PASS,"badges seen: ['✅', '🔎', '⚠']",,2026-07-07T20:45:54
일진홀딩스,00146649,015860,KOSPI,분기x별도,재무제표,CV-3,PASS,rows=29 cols=82 slider_extended=True,,2026-07-07T20:45:54
일진홀딩스,00146649,015860,KOSPI,분기x별도,재무제표,DS-2/DS-3,DONE,"cross-check completed for ['매출액', '영업이익']",,2026-07-07T20:45:54
일진홀딩스,00146649,015860,KOSPI,분기x별도,지표,CV-6,PASS,default metric selection visible,,2026-07-07T20:45:54
잇츠한불,00911955,226320,KOSPI,연간x연결,재무제표,DS-1,PASS,,,2026-07-07T20:46:08
잇츠한불,00911955,226320,KOSPI,연간x연결,상단,DS-8,PASS,,,2026-07-07T20:46:08
잇츠한불,00911955,226320,KOSPI,연간x연결,상단,DS-7,PASS,"badges seen: ['✅', '🔎', '⚠']",,2026-07-07T20:46:08
잇츠한불,00911955,226320,KOSPI,연간x연결,재무제표,CV-3,PASS,rows=29 cols=15 slider_extended=True,,2026-07-07T20:46:08
잇츠한불,00911955,226320,KOSPI,연간x연결,재무제표,DS-2/DS-3,DONE,"cross-check completed for ['매출액', '영업이익']",,2026-07-07T20:46:08
잇츠한불,00911955,226320,KOSPI,연간x연결,지표,CV-6,PASS,default metric selection visible,,2026-07-07T20:46:08
잇츠한불,00911955,226320,KOSPI,연간x별도,재무제표,DS-1,PASS,,,2026-07-07T20:46:13
잇츠한불,00911955,226320,KOSPI,연간x별도,상단,DS-8,PASS,,,2026-07-07T20:46:13
잇츠한불,00911955,226320,KOSPI,연간x별도,상단,DS-7,PASS,"badges seen: ['✅', '🔎', '⚠']",,2026-07-07T20:46:13
잇츠한불,00911955,226320,KOSPI,연간x별도,재무제표,CV-3,PASS,rows=29 cols=15 slider_extended=True,,2026-07-07T20:46:13
잇츠한불,00911955,226320,KOSPI,연간x별도,재무제표,DS-2/DS-3,DONE,"cross-check completed for ['매출액', '영업이익']",,2026-07-07T20:46:13
잇츠한불,00911955,226320,KOSPI,연간x별도,지표,CV-6,PASS,default metric selection visible,,2026-07-07T20:46:13
잇츠한불,00911955,226320,KOSPI,분기x연결,재무제표,DS-1,PASS,,,2026-07-07T20:46:19
잇츠한불,00911955,226320,KOSPI,분기x연결,상단,DS-8,PASS,,,2026-07-07T20:46:19
잇츠한불,00911955,226320,KOSPI,분기x연결,상단,DS-7,PASS,"badges seen: ['✅', '🔎', '⚠']",,2026-07-07T20:46:19
잇츠한불,00911955,226320,KOSPI,분기x연결,재무제표,CV-3,PASS,rows=29 cols=51 slider_extended=True,,2026-07-07T20:46:19
잇츠한불,00911955,226320,KOSPI,분기x연결,재무제표,DS-2/DS-3,DONE,"cross-check completed for ['매출액', '영업이익']",,2026-07-07T20:46:19
잇츠한불,00911955,226320,KOSPI,분기x연결,지표,CV-6,PASS,default metric selection visible,,2026-07-07T20:46:19
잇츠한불,00911955,226320,KOSPI,분기x별도,재무제표,DS-1,PASS,,,2026-07-07T20:46:27
잇츠한불,00911955,226320,KOSPI,분기x별도,상단,DS-8,PASS,,,2026-07-07T20:46:27
잇츠한불,00911955,226320,KOSPI,분기x별도,상단,DS-7,PASS,"badges seen: ['✅', '🔎']",,2026-07-07T20:46:27
잇츠한불,00911955,226320,KOSPI,분기x별도,재무제표,CV-3,PASS,rows=29 cols=51 slider_extended=True,,2026-07-07T20:46:27
잇츠한불,00911955,226320,KOSPI,분기x별도,재무제표,DS-2/DS-3,DONE,"cross-check completed for ['매출액', '영업이익']",,2026-07-07T20:46:27
잇츠한불,00911955,226320,KOSPI,분기x별도,지표,CV-6,PASS,default metric selection visible,,2026-07-07T20:46:27
자이에스앤디,00367844,317400,KOSPI,연간x연결,재무제표,DS-1,PASS,,,2026-07-07T20:46:39
자이에스앤디,00367844,317400,KOSPI,연간x연결,상단,DS-8,PASS,,,2026-07-07T20:46:39
자이에스앤디,00367844,317400,KOSPI,연간x연결,상단,DS-7,PASS,"badges seen: ['✅', '🔎', '⚠']",,2026-07-07T20:46:39
자이에스앤디,00367844,317400,KOSPI,연간x연결,재무제표,CV-3,PASS,rows=29 cols=9 slider_extended=True,,2026-07-07T20:46:39
자이에스앤디,00367844,317400,KOSPI,연간x연결,재무제표,DS-2/DS-3,DONE,"cross-check completed for ['매출액', '영업이익']",,2026-07-07T20:46:39
자이에스앤디,00367844,317400,KOSPI,연간x연결,지표,CV-6,PASS,default metric selection visible,,2026-07-07T20:46:39
자이에스앤디,00367844,317400,KOSPI,연간x별도,재무제표,DS-1,PASS,,,2026-07-07T20:46:44
자이에스앤디,00367844,317400,KOSPI,연간x별도,상단,DS-8,PASS,,,2026-07-07T20:46:44
자이에스앤디,00367844,317400,KOSPI,연간x별도,상단,DS-7,PASS,"badges seen: ['✅', '🔎']",,2026-07-07T20:46:44
자이에스앤디,00367844,317400,KOSPI,연간x별도,재무제표,CV-3,PASS,rows=29 cols=11 slider_extended=True,,2026-07-07T20:46:44
자이에스앤디,00367844,317400,KOSPI,연간x별도,재무제표,DS-2/DS-3,DONE,"cross-check completed for ['매출액', '영업이익']",,2026-07-07T20:46:44
자이에스앤디,00367844,317400,KOSPI,연간x별도,지표,CV-6,PASS,default metric selection visible,,2026-07-07T20:46:44
자이에스앤디,00367844,317400,KOSPI,분기x연결,재무제표,DS-1,PASS,,,2026-07-07T20:46:50
자이에스앤디,00367844,317400,KOSPI,분기x연결,상단,DS-8,PASS,,,2026-07-07T20:46:50
자이에스앤디,00367844,317400,KOSPI,분기x연결,상단,DS-7,PASS,"badges seen: ['✅', '🔎', '⚠']",,2026-07-07T20:46:50
자이에스앤디,00367844,317400,KOSPI,분기x연결,재무제표,CV-3,PASS,rows=29 cols=24 slider_extended=True,,2026-07-07T20:46:50
자이에스앤디,00367844,317400,KOSPI,분기x연결,재무제표,DS-2/DS-3,DONE,"cross-check completed for ['매출액', '영업이익']",,2026-07-07T20:46:50
자이에스앤디,00367844,317400,KOSPI,분기x연결,지표,CV-6,PASS,default metric selection visible,,2026-07-07T20:46:50
자이에스앤디,00367844,317400,KOSPI,분기x별도,재무제표,DS-1,PASS,,,2026-07-07T20:46:57
자이에스앤디,00367844,317400,KOSPI,분기x별도,상단,DS-8,PASS,,,2026-07-07T20:46:57
자이에스앤디,00367844,317400,KOSPI,분기x별도,상단,DS-7,PASS,"badges seen: ['✅', '🔎', '⚠']",,2026-07-07T20:46:57
자이에스앤디,00367844,317400,KOSPI,분기x별도,재무제표,CV-3,PASS,rows=29 cols=32 slider_extended=True,,2026-07-07T20:46:57
자이에스앤디,00367844,317400,KOSPI,분기x별도,재무제표,DS-2/DS-3,DONE,"cross-check completed for ['매출액', '영업이익']",,2026-07-07T20:46:57
자이에스앤디,00367844,317400,KOSPI,분기x별도,지표,CV-6,PASS,default metric selection visible,,2026-07-07T20:46:57
자화전자,00146861,033240,KOSPI,연간x연결,재무제표,DS-1,PASS,,,2026-07-07T20:47:11
자화전자,00146861,033240,KOSPI,연간x연결,상단,DS-8,PASS,,,2026-07-07T20:47:11
자화전자,00146861,033240,KOSPI,연간x연결,상단,DS-7,PASS,"badges seen: ['✅', '🔎', '⚠']",,2026-07-07T20:47:11
자화전자,00146861,033240,KOSPI,연간x연결,재무제표,CV-3,PASS,rows=29 cols=19 slider_extended=True,,2026-07-07T20:47:11
자화전자,00146861,033240,KOSPI,연간x연결,재무제표,DS-2/DS-3,DONE,"cross-check completed for ['매출액', '영업이익']",,2026-07-07T20:47:11
자화전자,00146861,033240,KOSPI,연간x연결,지표,CV-6,PASS,default metric selection visible,,2026-07-07T20:47:11
자화전자,00146861,033240,KOSPI,연간x별도,재무제표,DS-1,PASS,,,2026-07-07T20:47:16
자화전자,00146861,033240,KOSPI,연간x별도,상단,DS-8,PASS,,,2026-07-07T20:47:16
자화전자,00146861,033240,KOSPI,연간x별도,상단,DS-7,PASS,"badges seen: ['✅', '🔎', '⚠']",,2026-07-07T20:47:16
자화전자,00146861,033240,KOSPI,연간x별도,재무제표,CV-3,PASS,rows=29 cols=27 slider_extended=True,,2026-07-07T20:47:16
자화전자,00146861,033240,KOSPI,연간x별도,재무제표,DS-2/DS-3,DONE,"cross-check completed for ['매출액', '영업이익']",,2026-07-07T20:47:16
자화전자,00146861,033240,KOSPI,연간x별도,지표,CV-6,PASS,default metric selection visible,,2026-07-07T20:47:16
자화전자,00146861,033240,KOSPI,분기x연결,재무제표,DS-1,PASS,,,2026-07-07T20:47:22
자화전자,00146861,033240,KOSPI,분기x연결,상단,DS-8,PASS,,,2026-07-07T20:47:22
자화전자,00146861,033240,KOSPI,분기x연결,상단,DS-7,PASS,"badges seen: ['✅', '🔎', '⚠']",,2026-07-07T20:47:22
자화전자,00146861,033240,KOSPI,분기x연결,재무제표,CV-3,PASS,rows=29 cols=64 slider_extended=True,,2026-07-07T20:47:22
자화전자,00146861,033240,KOSPI,분기x연결,재무제표,DS-2/DS-3,DONE,"cross-check completed for ['매출액', '영업이익']",,2026-07-07T20:47:22
자화전자,00146861,033240,KOSPI,분기x연결,지표,CV-6,PASS,default metric selection visible,,2026-07-07T20:47:22
자화전자,00146861,033240,KOSPI,분기x별도,재무제표,DS-1,PASS,,,2026-07-07T20:47:30
자화전자,00146861,033240,KOSPI,분기x별도,상단,DS-8,PASS,,,2026-07-07T20:47:30
자화전자,00146861,033240,KOSPI,분기x별도,상단,DS-7,PASS,"badges seen: ['✅', '🔎', '⚠']",,2026-07-07T20:47:30
자화전자,00146861,033240,KOSPI,분기x별도,재무제표,CV-3,PASS,rows=29 cols=86 slider_extended=True,,2026-07-07T20:47:30
자화전자,00146861,033240,KOSPI,분기x별도,재무제표,DS-2/DS-3,DONE,"cross-check completed for ['매출액', '영업이익']",,2026-07-07T20:47:30
자화전자,00146861,033240,KOSPI,분기x별도,지표,CV-6,PASS,default metric selection visible,,2026-07-07T20:47:30
전방,00147222,000950,KOSPI,연간x연결,재무제표,DS-1,PASS,,,2026-07-07T20:47:42
전방,00147222,000950,KOSPI,연간x연결,상단,DS-8,PASS,,,2026-07-07T20:47:42
전방,00147222,000950,KOSPI,연간x연결,상단,DS-7,PASS,"badges seen: ['✅', '🔎', '⚠']",,2026-07-07T20:47:42
전방,00147222,000950,KOSPI,연간x연결,재무제표,CV-3,PASS,rows=29 cols=19 slider_extended=True,,2026-07-07T20:47:42
전방,00147222,000950,KOSPI,연간x연결,재무제표,DS-2/DS-3,DONE,"cross-check completed for ['매출액', '영업이익']",,2026-07-07T20:47:42
전방,00147222,000950,KOSPI,연간x연결,지표,CV-6,PASS,default metric selection visible,,2026-07-07T20:47:42
전방,00147222,000950,KOSPI,연간x별도,재무제표,DS-1,PASS,,,2026-07-07T20:47:47
전방,00147222,000950,KOSPI,연간x별도,상단,DS-8,PASS,,,2026-07-07T20:47:47
전방,00147222,000950,KOSPI,연간x별도,상단,DS-7,PASS,"badges seen: ['✅', '🔎', '⚠']",,2026-07-07T20:47:47
전방,00147222,000950,KOSPI,연간x별도,재무제표,CV-3,PASS,rows=29 cols=26 slider_extended=True,,2026-07-07T20:47:47
전방,00147222,000950,KOSPI,연간x별도,재무제표,DS-2/DS-3,DONE,"cross-check completed for ['매출액', '영업이익']",,2026-07-07T20:47:47
전방,00147222,000950,KOSPI,연간x별도,지표,CV-6,PASS,default metric selection visible,,2026-07-07T20:47:47
전방,00147222,000950,KOSPI,분기x연결,재무제표,DS-1,PASS,,,2026-07-07T20:47:53
전방,00147222,000950,KOSPI,분기x연결,상단,DS-8,PASS,,,2026-07-07T20:47:53
전방,00147222,000950,KOSPI,분기x연결,상단,DS-7,PASS,"badges seen: ['✅', '🔎', '⚠']",,2026-07-07T20:47:53
전방,00147222,000950,KOSPI,분기x연결,재무제표,CV-3,PASS,rows=29 cols=69 slider_extended=True,,2026-07-07T20:47:53
전방,00147222,000950,KOSPI,분기x연결,재무제표,DS-2/DS-3,DONE,"cross-check completed for ['매출액', '영업이익']",,2026-07-07T20:47:53
전방,00147222,000950,KOSPI,분기x연결,지표,CV-6,PASS,default metric selection visible,,2026-07-07T20:47:53
전방,00147222,000950,KOSPI,분기x별도,재무제표,DS-1,PASS,,,2026-07-07T20:48:01
전방,00147222,000950,KOSPI,분기x별도,상단,DS-8,PASS,,,2026-07-07T20:48:01
전방,00147222,000950,KOSPI,분기x별도,상단,DS-7,PASS,"badges seen: ['✅', '🔎', '⚠']",,2026-07-07T20:48:01
전방,00147222,000950,KOSPI,분기x별도,재무제표,CV-3,PASS,rows=29 cols=83 slider_extended=True,,2026-07-07T20:48:01
전방,00147222,000950,KOSPI,분기x별도,재무제표,DS-2/DS-3,DONE,"cross-check completed for ['매출액', '영업이익']",,2026-07-07T20:48:01
전방,00147222,000950,KOSPI,분기x별도,지표,CV-6,PASS,default metric selection visible,,2026-07-07T20:48:01
전진건설로봇,00372129,079900,KOSPI,연간x연결,재무제표,DS-1,PASS,,,2026-07-07T20:48:14
전진건설로봇,00372129,079900,KOSPI,연간x연결,상단,DS-8,PASS,,,2026-07-07T20:48:14
전진건설로봇,00372129,079900,KOSPI,연간x연결,상단,DS-7,PASS,"badges seen: ['✅', '🔎']",,2026-07-07T20:48:14
전진건설로봇,00372129,079900,KOSPI,연간x연결,재무제표,CV-3,PASS,rows=29 cols=6 slider_extended=True,,2026-07-07T20:48:14
전진건설로봇,00372129,079900,KOSPI,연간x연결,재무제표,DS-2/DS-3,DONE,"cross-check completed for ['매출액', '영업이익']",,2026-07-07T20:48:14
전진건설로봇,00372129,079900,KOSPI,연간x연결,지표,CV-6,PASS,default metric selection visible,,2026-07-07T20:48:14
전진건설로봇,00372129,079900,KOSPI,연간x별도,재무제표,DS-1,PASS,,,2026-07-07T20:48:19
전진건설로봇,00372129,079900,KOSPI,연간x별도,상단,DS-8,PASS,,,2026-07-07T20:48:19
전진건설로봇,00372129,079900,KOSPI,연간x별도,상단,DS-7,PASS,"badges seen: ['✅', '🔎']",,2026-07-07T20:48:19
전진건설로봇,00372129,079900,KOSPI,연간x별도,재무제표,CV-3,PASS,rows=29 cols=6 slider_extended=True,,2026-07-07T20:48:19
전진건설로봇,00372129,079900,KOSPI,연간x별도,재무제표,DS-2/DS-3,DONE,"cross-check completed for ['매출액', '영업이익']",,2026-07-07T20:48:19
전진건설로봇,00372129,079900,KOSPI,연간x별도,지표,CV-6,PASS,default metric selection visible,,2026-07-07T20:48:19
전진건설로봇,00372129,079900,KOSPI,분기x연결,재무제표,DS-1,PASS,,,2026-07-07T20:48:25
전진건설로봇,00372129,079900,KOSPI,분기x연결,상단,DS-8,PASS,,,2026-07-07T20:48:25
전진건설로봇,00372129,079900,KOSPI,분기x연결,상단,DS-7,PASS,"badges seen: ['✅', '🔎']",,2026-07-07T20:48:25
전진건설로봇,00372129,079900,KOSPI,분기x연결,재무제표,CV-3,PASS,rows=29 cols=12 slider_extended=True,,2026-07-07T20:48:25
전진건설로봇,00372129,079900,KOSPI,분기x연결,재무제표,DS-2/DS-3,DONE,"cross-check completed for ['매출액', '영업이익']",,2026-07-07T20:48:25
전진건설로봇,00372129,079900,KOSPI,분기x연결,지표,CV-6,PASS,default metric selection visible,,2026-07-07T20:48:25
전진건설로봇,00372129,079900,KOSPI,분기x별도,재무제표,DS-1,PASS,,,2026-07-07T20:48:33
전진건설로봇,00372129,079900,KOSPI,분기x별도,상단,DS-8,PASS,,,2026-07-07T20:48:33
전진건설로봇,00372129,079900,KOSPI,분기x별도,상단,DS-7,PASS,"badges seen: ['✅', '🔎']",,2026-07-07T20:48:33
전진건설로봇,00372129,079900,KOSPI,분기x별도,재무제표,CV-3,PASS,rows=29 cols=12 slider_extended=True,,2026-07-07T20:48:33
전진건설로봇,00372129,079900,KOSPI,분기x별도,재무제표,DS-2/DS-3,DONE,"cross-check completed for ['매출액', '영업이익']",,2026-07-07T20:48:33
전진건설로봇,00372129,079900,KOSPI,분기x별도,지표,CV-6,PASS,default metric selection visible,,2026-07-07T20:48:33
제이에스코퍼레이션,00332927,194370,KOSPI,연간x연결,재무제표,DS-1,PASS,,,2026-07-07T20:48:45
제이에스코퍼레이션,00332927,194370,KOSPI,연간x연결,상단,DS-8,PASS,,,2026-07-07T20:48:45
제이에스코퍼레이션,00332927,194370,KOSPI,연간x연결,상단,DS-7,PASS,"badges seen: ['✅', '🔎', '⚠']",,2026-07-07T20:48:45
제이에스코퍼레이션,00332927,194370,KOSPI,연간x연결,재무제표,CV-3,PASS,rows=29 cols=15 slider_extended=True,,2026-07-07T20:48:45
제이에스코퍼레이션,00332927,194370,KOSPI,연간x연결,재무제표,DS-2/DS-3,DONE,"cross-check completed for ['매출액', '영업이익']",,2026-07-07T20:48:45
제이에스코퍼레이션,00332927,194370,KOSPI,연간x연결,지표,CV-6,PASS,default metric selection visible,,2026-07-07T20:48:45
제이에스코퍼레이션,00332927,194370,KOSPI,연간x별도,재무제표,DS-1,PASS,,,2026-07-07T20:48:50
제이에스코퍼레이션,00332927,194370,KOSPI,연간x별도,상단,DS-8,PASS,,,2026-07-07T20:48:50
제이에스코퍼레이션,00332927,194370,KOSPI,연간x별도,상단,DS-7,PASS,"badges seen: ['✅', '🔎']",,2026-07-07T20:48:50
제이에스코퍼레이션,00332927,194370,KOSPI,연간x별도,재무제표,CV-3,PASS,rows=29 cols=15 slider_extended=True,,2026-07-07T20:48:50
제이에스코퍼레이션,00332927,194370,KOSPI,연간x별도,재무제표,DS-2/DS-3,DONE,"cross-check completed for ['매출액', '영업이익']",,2026-07-07T20:48:50
제이에스코퍼레이션,00332927,194370,KOSPI,연간x별도,지표,CV-6,PASS,default metric selection visible,,2026-07-07T20:48:50
제이에스코퍼레이션,00332927,194370,KOSPI,분기x연결,재무제표,DS-1,PASS,,,2026-07-07T20:48:56
제이에스코퍼레이션,00332927,194370,KOSPI,분기x연결,상단,DS-8,PASS,,,2026-07-07T20:48:56
제이에스코퍼레이션,00332927,194370,KOSPI,분기x연결,상단,DS-7,PASS,"badges seen: ['✅', '🔎', '⚠']",,2026-07-07T20:48:56
제이에스코퍼레이션,00332927,194370,KOSPI,분기x연결,재무제표,CV-3,PASS,rows=29 cols=51 slider_extended=True,,2026-07-07T20:48:56
제이에스코퍼레이션,00332927,194370,KOSPI,분기x연결,재무제표,DS-2/DS-3,DONE,"cross-check completed for ['매출액', '영업이익']",,2026-07-07T20:48:56
제이에스코퍼레이션,00332927,194370,KOSPI,분기x연결,지표,CV-6,PASS,default metric selection visible,,2026-07-07T20:48:56
제이에스코퍼레이션,00332927,194370,KOSPI,분기x별도,재무제표,DS-1,PASS,,,2026-07-07T20:49:03
제이에스코퍼레이션,00332927,194370,KOSPI,분기x별도,상단,DS-8,PASS,,,2026-07-07T20:49:03
제이에스코퍼레이션,00332927,194370,KOSPI,분기x별도,상단,DS-7,PASS,"badges seen: ['✅', '🔎']",,2026-07-07T20:49:03
제이에스코퍼레이션,00332927,194370,KOSPI,분기x별도,재무제표,CV-3,PASS,rows=29 cols=51 slider_extended=True,,2026-07-07T20:49:03
제이에스코퍼레이션,00332927,194370,KOSPI,분기x별도,재무제표,DS-2/DS-3,DONE,"cross-check completed for ['매출액', '영업이익']",,2026-07-07T20:49:03
제이에스코퍼레이션,00332927,194370,KOSPI,분기x별도,지표,CV-6,PASS,default metric selection visible,,2026-07-07T20:49:03
제일기획,00148276,030000,KOSPI,연간x연결,재무제표,DS-1,PASS,,,2026-07-07T20:49:17
제일기획,00148276,030000,KOSPI,연간x연결,상단,DS-8,PASS,,,2026-07-07T20:49:17
제일기획,00148276,030000,KOSPI,연간x연결,상단,DS-7,PASS,"badges seen: ['✅', '🔎']",,2026-07-07T20:49:17
제일기획,00148276,030000,KOSPI,연간x연결,재무제표,CV-3,PASS,rows=29 cols=22 slider_extended=True,,2026-07-07T20:49:17
제일기획,00148276,030000,KOSPI,연간x연결,재무제표,DS-2/DS-3,DONE,"cross-check completed for ['매출액', '영업이익']",,2026-07-07T20:49:17
제일기획,00148276,030000,KOSPI,연간x연결,지표,CV-6,PASS,default metric selection visible,,2026-07-07T20:49:17
제일기획,00148276,030000,KOSPI,연간x별도,재무제표,DS-1,PASS,,,2026-07-07T20:49:22
제일기획,00148276,030000,KOSPI,연간x별도,상단,DS-8,PASS,,,2026-07-07T20:49:22
제일기획,00148276,030000,KOSPI,연간x별도,상단,DS-7,PASS,"badges seen: ['✅', '🔎']",,2026-07-07T20:49:22
제일기획,00148276,030000,KOSPI,연간x별도,재무제표,CV-3,PASS,rows=29 cols=22 slider_extended=True,,2026-07-07T20:49:22
제일기획,00148276,030000,KOSPI,연간x별도,재무제표,DS-2/DS-3,DONE,"cross-check completed for ['매출액', '영업이익']",,2026-07-07T20:49:22
제일기획,00148276,030000,KOSPI,연간x별도,지표,CV-6,PASS,default metric selection visible,,2026-07-07T20:49:22
제일기획,00148276,030000,KOSPI,분기x연결,재무제표,DS-1,PASS,,,2026-07-07T20:49:28
제일기획,00148276,030000,KOSPI,분기x연결,상단,DS-8,PASS,,,2026-07-07T20:49:28
제일기획,00148276,030000,KOSPI,분기x연결,상단,DS-7,PASS,"badges seen: ['✅', '🔎']",,2026-07-07T20:49:28
제일기획,00148276,030000,KOSPI,분기x연결,재무제표,CV-3,PASS,rows=29 cols=82 slider_extended=True,,2026-07-07T20:49:28
제일기획,00148276,030000,KOSPI,분기x연결,재무제표,DS-2/DS-3,DONE,"cross-check completed for ['매출액', '영업이익']",,2026-07-07T20:49:28
제일기획,00148276,030000,KOSPI,분기x연결,지표,CV-6,PASS,default metric selection visible,,2026-07-07T20:49:28
제일기획,00148276,030000,KOSPI,분기x별도,재무제표,DS-1,PASS,,,2026-07-07T20:49:35
제일기획,00148276,030000,KOSPI,분기x별도,상단,DS-8,PASS,,,2026-07-07T20:49:35
제일기획,00148276,030000,KOSPI,분기x별도,상단,DS-7,PASS,"badges seen: ['✅', '🔎']",,2026-07-07T20:49:35
제일기획,00148276,030000,KOSPI,분기x별도,재무제표,CV-3,PASS,rows=29 cols=79 slider_extended=True,,2026-07-07T20:49:35
제일기획,00148276,030000,KOSPI,분기x별도,재무제표,DS-2/DS-3,DONE,"cross-check completed for ['매출액', '영업이익']",,2026-07-07T20:49:35
제일기획,00148276,030000,KOSPI,분기x별도,지표,CV-6,PASS,default metric selection visible,,2026-07-07T20:49:35
제일약품,01236897,271980,KOSPI,연간x연결,재무제표,DS-1,PASS,,,2026-07-07T20:49:48
제일약품,01236897,271980,KOSPI,연간x연결,상단,DS-8,PASS,,,2026-07-07T20:49:48
제일약품,01236897,271980,KOSPI,연간x연결,상단,DS-7,PASS,"badges seen: ['✅', '🔎', '⚠']",,2026-07-07T20:49:48
제일약품,01236897,271980,KOSPI,연간x연결,재무제표,CV-3,PASS,rows=29 cols=10 slider_extended=True,,2026-07-07T20:49:48
제일약품,01236897,271980,KOSPI,연간x연결,재무제표,DS-2/DS-3,DONE,"cross-check completed for ['매출액', '영업이익']",,2026-07-07T20:49:48
제일약품,01236897,271980,KOSPI,연간x연결,지표,CV-6,PASS,default metric selection visible,,2026-07-07T20:49:48
제일약품,01236897,271980,KOSPI,연간x별도,재무제표,DS-1,PASS,,,2026-07-07T20:49:53
제일약품,01236897,271980,KOSPI,연간x별도,상단,DS-8,PASS,,,2026-07-07T20:49:53
제일약품,01236897,271980,KOSPI,연간x별도,상단,DS-7,PASS,"badges seen: ['✅', '🔎', '⚠']",,2026-07-07T20:49:53
제일약품,01236897,271980,KOSPI,연간x별도,재무제표,CV-3,PASS,rows=29 cols=11 slider_extended=True,,2026-07-07T20:49:53
제일약품,01236897,271980,KOSPI,연간x별도,재무제표,DS-2/DS-3,DONE,"cross-check completed for ['매출액', '영업이익']",,2026-07-07T20:49:53
제일약품,01236897,271980,KOSPI,연간x별도,지표,CV-6,PASS,default metric selection visible,,2026-07-07T20:49:53
제일약품,01236897,271980,KOSPI,분기x연결,재무제표,DS-1,PASS,,,2026-07-07T20:49:59
제일약품,01236897,271980,KOSPI,분기x연결,상단,DS-8,PASS,,,2026-07-07T20:49:59
제일약품,01236897,271980,KOSPI,분기x연결,상단,DS-7,PASS,"badges seen: ['✅', '🔎']",,2026-07-07T20:49:59
제일약품,01236897,271980,KOSPI,분기x연결,재무제표,CV-3,PASS,rows=29 cols=31 slider_extended=True,,2026-07-07T20:49:59
제일약품,01236897,271980,KOSPI,분기x연결,재무제표,DS-2/DS-3,DONE,"cross-check completed for ['매출액', '영업이익']",,2026-07-07T20:49:59
제일약품,01236897,271980,KOSPI,분기x연결,지표,CV-6,PASS,default metric selection visible,,2026-07-07T20:49:59
제일약품,01236897,271980,KOSPI,분기x별도,재무제표,DS-1,PASS,,,2026-07-07T20:50:06
제일약품,01236897,271980,KOSPI,분기x별도,상단,DS-8,PASS,,,2026-07-07T20:50:06
제일약품,01236897,271980,KOSPI,분기x별도,상단,DS-7,PASS,"badges seen: ['✅', '🔎', '⚠']",,2026-07-07T20:50:06
제일약품,01236897,271980,KOSPI,분기x별도,재무제표,CV-3,PASS,rows=29 cols=39 slider_extended=True,,2026-07-07T20:50:06
제일약품,01236897,271980,KOSPI,분기x별도,재무제표,DS-2/DS-3,DONE,"cross-check completed for ['매출액', '영업이익']",,2026-07-07T20:50:06
제일약품,01236897,271980,KOSPI,분기x별도,지표,CV-6,PASS,default metric selection visible,,2026-07-07T20:50:06
제일연마,00148461,001560,KOSPI,연간x연결,재무제표,DS-1,PASS,,,2026-07-07T20:50:20
제일연마,00148461,001560,KOSPI,연간x연결,상단,DS-8,PASS,,,2026-07-07T20:50:20
제일연마,00148461,001560,KOSPI,연간x연결,상단,DS-7,PASS,"badges seen: ['✅', '🔎', '⚠']",,2026-07-07T20:50:20
제일연마,00148461,001560,KOSPI,연간x연결,재무제표,CV-3,PASS,rows=29 cols=19 slider_extended=True,,2026-07-07T20:50:20
제일연마,00148461,001560,KOSPI,연간x연결,재무제표,DS-2/DS-3,DONE,"cross-check completed for ['매출액', '영업이익']",,2026-07-07T20:50:20
제일연마,00148461,001560,KOSPI,연간x연결,지표,CV-6,PASS,default metric selection visible,,2026-07-07T20:50:20
제일연마,00148461,001560,KOSPI,연간x별도,재무제표,DS-1,PASS,,,2026-07-07T20:50:25
제일연마,00148461,001560,KOSPI,연간x별도,상단,DS-8,PASS,,,2026-07-07T20:50:25
제일연마,00148461,001560,KOSPI,연간x별도,상단,DS-7,PASS,"badges seen: ['✅', '🔎', '⚠']",,2026-07-07T20:50:25
제일연마,00148461,001560,KOSPI,연간x별도,재무제표,CV-3,PASS,rows=29 cols=23 slider_extended=True,,2026-07-07T20:50:25
제일연마,00148461,001560,KOSPI,연간x별도,재무제표,DS-2/DS-3,DONE,"cross-check completed for ['매출액', '영업이익']",,2026-07-07T20:50:25
제일연마,00148461,001560,KOSPI,연간x별도,지표,CV-6,PASS,default metric selection visible,,2026-07-07T20:50:25
제일연마,00148461,001560,KOSPI,분기x연결,재무제표,DS-1,PASS,,,2026-07-07T20:50:31
제일연마,00148461,001560,KOSPI,분기x연결,상단,DS-8,PASS,,,2026-07-07T20:50:31
제일연마,00148461,001560,KOSPI,분기x연결,상단,DS-7,PASS,"badges seen: ['✅', '🔎', '⚠']",,2026-07-07T20:50:31
제일연마,00148461,001560,KOSPI,분기x연결,재무제표,CV-3,PASS,rows=29 cols=60 slider_extended=True,,2026-07-07T20:50:31
제일연마,00148461,001560,KOSPI,분기x연결,재무제표,DS-2/DS-3,DONE,"cross-check completed for ['매출액', '영업이익']",,2026-07-07T20:50:31
제일연마,00148461,001560,KOSPI,분기x연결,지표,CV-6,PASS,default metric selection visible,,2026-07-07T20:50:31
제일연마,00148461,001560,KOSPI,분기x별도,재무제표,DS-1,PASS,,,2026-07-07T20:50:38
제일연마,00148461,001560,KOSPI,분기x별도,상단,DS-8,PASS,,,2026-07-07T20:50:38
제일연마,00148461,001560,KOSPI,분기x별도,상단,DS-7,PASS,"badges seen: ['✅', '🔎', '⚠']",,2026-07-07T20:50:38
제일연마,00148461,001560,KOSPI,분기x별도,재무제표,CV-3,PASS,rows=29 cols=79 slider_extended=True,,2026-07-07T20:50:38
제일연마,00148461,001560,KOSPI,분기x별도,재무제표,DS-2/DS-3,DONE,"cross-check completed for ['매출액', '영업이익']",,2026-07-07T20:50:38
제일연마,00148461,001560,KOSPI,분기x별도,지표,CV-6,PASS,default metric selection visible,,2026-07-07T20:50:38
제일파마홀딩스,00148443,002620,KOSPI,연간x연결,재무제표,DS-1,PASS,,,2026-07-07T20:50:51
제일파마홀딩스,00148443,002620,KOSPI,연간x연결,상단,DS-8,PASS,,,2026-07-07T20:50:51
제일파마홀딩스,00148443,002620,KOSPI,연간x연결,상단,DS-7,PASS,"badges seen: ['✅', '🔎', '⚠']",,2026-07-07T20:50:51
제일파마홀딩스,00148443,002620,KOSPI,연간x연결,재무제표,CV-3,PASS,rows=29 cols=14 slider_extended=True,,2026-07-07T20:50:51
제일파마홀딩스,00148443,002620,KOSPI,연간x연결,재무제표,DS-2/DS-3,DONE,"cross-check completed for ['매출액', '영업이익']",,2026-07-07T20:50:51
제일파마홀딩스,00148443,002620,KOSPI,연간x연결,지표,CV-6,PASS,default metric selection visible,,2026-07-07T20:50:51
제일파마홀딩스,00148443,002620,KOSPI,연간x별도,재무제표,DS-1,PASS,,,2026-07-07T20:50:56
제일파마홀딩스,00148443,002620,KOSPI,연간x별도,상단,DS-8,PASS,,,2026-07-07T20:50:56
제일파마홀딩스,00148443,002620,KOSPI,연간x별도,상단,DS-7,PASS,"badges seen: ['✅', '🔎', '⚠']",,2026-07-07T20:50:56
제일파마홀딩스,00148443,002620,KOSPI,연간x별도,재무제표,CV-3,PASS,rows=29 cols=28 slider_extended=True,,2026-07-07T20:50:56
제일파마홀딩스,00148443,002620,KOSPI,연간x별도,재무제표,DS-2/DS-3,DONE,"cross-check completed for ['매출액', '영업이익']",,2026-07-07T20:50:56
제일파마홀딩스,00148443,002620,KOSPI,연간x별도,지표,CV-6,PASS,default metric selection visible,,2026-07-07T20:50:56
제일파마홀딩스,00148443,002620,KOSPI,분기x연결,재무제표,DS-1,PASS,,,2026-07-07T20:51:02
제일파마홀딩스,00148443,002620,KOSPI,분기x연결,상단,DS-8,PASS,,,2026-07-07T20:51:02
제일파마홀딩스,00148443,002620,KOSPI,분기x연결,상단,DS-7,PASS,"badges seen: ['✅', '🔎', '⚠']",,2026-07-07T20:51:02
제일파마홀딩스,00148443,002620,KOSPI,분기x연결,재무제표,CV-3,PASS,rows=29 cols=44 slider_extended=True,,2026-07-07T20:51:02
제일파마홀딩스,00148443,002620,KOSPI,분기x연결,재무제표,DS-2/DS-3,DONE,"cross-check completed for ['매출액', '영업이익']",,2026-07-07T20:51:02
제일파마홀딩스,00148443,002620,KOSPI,분기x연결,지표,CV-6,PASS,default metric selection visible,,2026-07-07T20:51:02
제일파마홀딩스,00148443,002620,KOSPI,분기x별도,재무제표,DS-1,PASS,,,2026-07-07T20:51:09
제일파마홀딩스,00148443,002620,KOSPI,분기x별도,상단,DS-8,PASS,,,2026-07-07T20:51:09
제일파마홀딩스,00148443,002620,KOSPI,분기x별도,상단,DS-7,PASS,"badges seen: ['✅', '🔎']",,2026-07-07T20:51:09
제일파마홀딩스,00148443,002620,KOSPI,분기x별도,재무제표,CV-3,PASS,rows=29 cols=89 slider_extended=True,,2026-07-07T20:51:09
제일파마홀딩스,00148443,002620,KOSPI,분기x별도,재무제표,DS-2/DS-3,DONE,"cross-check completed for ['매출액', '영업이익']",,2026-07-07T20:51:09
제일파마홀딩스,00148443,002620,KOSPI,분기x별도,지표,CV-6,PASS,default metric selection visible,,2026-07-07T20:51:09
제주은행,00148832,006220,KOSPI,연간x연결,재무제표,DS-1,PASS,,,2026-07-07T20:51:23
제주은행,00148832,006220,KOSPI,연간x연결,상단,DS-8,PASS,,,2026-07-07T20:51:23
제주은행,00148832,006220,KOSPI,연간x연결,상단,DS-7,PASS,"badges seen: ['✅', '🔎', '⚠']",,2026-07-07T20:51:23
제주은행,00148832,006220,KOSPI,연간x연결,재무제표,CV-3,PASS,rows=29 cols=28 slider_extended=True,,2026-07-07T20:51:23
제주은행,00148832,006220,KOSPI,연간x연결,재무제표,DS-2/DS-3,DONE,"cross-check completed for ['매출액', '영업이익']",,2026-07-07T20:51:23
제주은행,00148832,006220,KOSPI,연간x연결,지표,CV-6,PASS,default metric selection visible,,2026-07-07T20:51:23
제주은행,00148832,006220,KOSPI,연간x별도,재무제표,DS-1,PASS,,,2026-07-07T20:51:28
제주은행,00148832,006220,KOSPI,연간x별도,상단,DS-8,PASS,,,2026-07-07T20:51:28
제주은행,00148832,006220,KOSPI,연간x별도,상단,DS-7,PASS,"badges seen: ['✅', '🔎', '⚠']",,2026-07-07T20:51:28
제주은행,00148832,006220,KOSPI,연간x별도,재무제표,CV-3,PASS,rows=29 cols=20 slider_extended=True,,2026-07-07T20:51:28
제주은행,00148832,006220,KOSPI,연간x별도,재무제표,DS-2/DS-3,DONE,"cross-check completed for ['매출액', '영업이익']",,2026-07-07T20:51:28
제주은행,00148832,006220,KOSPI,연간x별도,지표,CV-6,PASS,default metric selection visible,,2026-07-07T20:51:28
제주은행,00148832,006220,KOSPI,분기x연결,재무제표,DS-1,PASS,,,2026-07-07T20:51:34
제주은행,00148832,006220,KOSPI,분기x연결,상단,DS-8,PASS,,,2026-07-07T20:51:34
제주은행,00148832,006220,KOSPI,분기x연결,상단,DS-7,PASS,"badges seen: ['✅', '🔎', '⚠']",,2026-07-07T20:51:34
제주은행,00148832,006220,KOSPI,분기x연결,재무제표,CV-3,PASS,rows=29 cols=76 slider_extended=True,,2026-07-07T20:51:34
제주은행,00148832,006220,KOSPI,분기x연결,재무제표,DS-2/DS-3,DONE,"cross-check completed for ['매출액', '영업이익']",,2026-07-07T20:51:34
제주은행,00148832,006220,KOSPI,분기x연결,지표,CV-6,PASS,default metric selection visible,,2026-07-07T20:51:34
제주은행,00148832,006220,KOSPI,분기x별도,재무제표,DS-1,PASS,,,2026-07-07T20:51:42
제주은행,00148832,006220,KOSPI,분기x별도,상단,DS-8,PASS,,,2026-07-07T20:51:42
제주은행,00148832,006220,KOSPI,분기x별도,상단,DS-7,PASS,"badges seen: ['✅', '🔎', '⚠']",,2026-07-07T20:51:42
제주은행,00148832,006220,KOSPI,분기x별도,재무제표,CV-3,PASS,rows=29 cols=66 slider_extended=True,,2026-07-07T20:51:42
제주은행,00148832,006220,KOSPI,분기x별도,재무제표,DS-2/DS-3,DONE,"cross-check completed for ['매출액', '영업이익']",,2026-07-07T20:51:42
제주은행,00148832,006220,KOSPI,분기x별도,지표,CV-6,PASS,default metric selection visible,,2026-07-07T20:51:42
제주항공,00555874,089590,KOSPI,연간x연결,재무제표,DS-1,PASS,,,2026-07-07T20:51:54
제주항공,00555874,089590,KOSPI,연간x연결,상단,DS-8,PASS,,,2026-07-07T20:51:54
제주항공,00555874,089590,KOSPI,연간x연결,상단,DS-7,PASS,"badges seen: ['✅', '🔎']",,2026-07-07T20:51:54
제주항공,00555874,089590,KOSPI,연간x연결,재무제표,CV-3,PASS,rows=29 cols=14 slider_extended=True,,2026-07-07T20:51:54
제주항공,00555874,089590,KOSPI,연간x연결,재무제표,DS-2/DS-3,DONE,"cross-check completed for ['매출액', '영업이익']",,2026-07-07T20:51:54
제주항공,00555874,089590,KOSPI,연간x연결,지표,CV-6,PASS,default metric selection visible,,2026-07-07T20:51:54
제주항공,00555874,089590,KOSPI,연간x별도,재무제표,DS-1,PASS,,,2026-07-07T20:51:59
제주항공,00555874,089590,KOSPI,연간x별도,상단,DS-8,PASS,,,2026-07-07T20:51:59
제주항공,00555874,089590,KOSPI,연간x별도,상단,DS-7,PASS,"badges seen: ['✅', '🔎']",,2026-07-07T20:51:59
제주항공,00555874,089590,KOSPI,연간x별도,재무제표,CV-3,PASS,rows=29 cols=22 slider_extended=True,,2026-07-07T20:51:59
제주항공,00555874,089590,KOSPI,연간x별도,재무제표,DS-2/DS-3,DONE,"cross-check completed for ['매출액', '영업이익']",,2026-07-07T20:51:59
제주항공,00555874,089590,KOSPI,연간x별도,지표,CV-6,PASS,default metric selection visible,,2026-07-07T20:51:59
제주항공,00555874,089590,KOSPI,분기x연결,재무제표,DS-1,PASS,,,2026-07-07T20:52:05
제주항공,00555874,089590,KOSPI,분기x연결,상단,DS-8,PASS,,,2026-07-07T20:52:05
제주항공,00555874,089590,KOSPI,분기x연결,상단,DS-7,PASS,"badges seen: ['✅', '🔎']",,2026-07-07T20:52:05
제주항공,00555874,089590,KOSPI,분기x연결,재무제표,CV-3,PASS,rows=29 cols=44 slider_extended=True,,2026-07-07T20:52:05
제주항공,00555874,089590,KOSPI,분기x연결,재무제표,DS-2/DS-3,DONE,"cross-check completed for ['매출액', '영업이익']",,2026-07-07T20:52:05
제주항공,00555874,089590,KOSPI,분기x연결,지표,CV-6,PASS,default metric selection visible,,2026-07-07T20:52:05
제주항공,00555874,089590,KOSPI,분기x별도,재무제표,DS-1,PASS,,,2026-07-07T20:52:13
제주항공,00555874,089590,KOSPI,분기x별도,상단,DS-8,PASS,,,2026-07-07T20:52:13
제주항공,00555874,089590,KOSPI,분기x별도,상단,DS-7,PASS,"badges seen: ['✅', '🔎']",,2026-07-07T20:52:13
제주항공,00555874,089590,KOSPI,분기x별도,재무제표,CV-3,PASS,rows=29 cols=69 slider_extended=True,,2026-07-07T20:52:13
제주항공,00555874,089590,KOSPI,분기x별도,재무제표,DS-2/DS-3,DONE,"cross-check completed for ['매출액', '영업이익']",,2026-07-07T20:52:13
제주항공,00555874,089590,KOSPI,분기x별도,지표,CV-6,PASS,default metric selection visible,,2026-07-07T20:52:13
조광페인트,00148920,004910,KOSPI,연간x연결,재무제표,DS-1,PASS,,,2026-07-07T20:52:26
조광페인트,00148920,004910,KOSPI,연간x연결,상단,DS-8,PASS,,,2026-07-07T20:52:26
조광페인트,00148920,004910,KOSPI,연간x연결,상단,DS-7,PASS,"badges seen: ['✅', '🔎']",,2026-07-07T20:52:26
조광페인트,00148920,004910,KOSPI,연간x연결,재무제표,CV-3,PASS,rows=29 cols=19 slider_extended=True,,2026-07-07T20:52:26
조광페인트,00148920,004910,KOSPI,연간x연결,재무제표,DS-2/DS-3,DONE,"cross-check completed for ['매출액', '영업이익']",,2026-07-07T20:52:26
조광페인트,00148920,004910,KOSPI,연간x연결,지표,CV-6,PASS,default metric selection visible,,2026-07-07T20:52:26
조광페인트,00148920,004910,KOSPI,연간x별도,재무제표,DS-1,PASS,,,2026-07-07T20:52:31
조광페인트,00148920,004910,KOSPI,연간x별도,상단,DS-8,PASS,,,2026-07-07T20:52:31
조광페인트,00148920,004910,KOSPI,연간x별도,상단,DS-7,PASS,"badges seen: ['✅', '🔎', '⚠']",,2026-07-07T20:52:31
조광페인트,00148920,004910,KOSPI,연간x별도,재무제표,CV-3,PASS,rows=29 cols=25 slider_extended=True,,2026-07-07T20:52:31
조광페인트,00148920,004910,KOSPI,연간x별도,재무제표,DS-2/DS-3,DONE,"cross-check completed for ['매출액', '영업이익']",,2026-07-07T20:52:31
조광페인트,00148920,004910,KOSPI,연간x별도,지표,CV-6,PASS,default metric selection visible,,2026-07-07T20:52:31
조광페인트,00148920,004910,KOSPI,분기x연결,재무제표,DS-1,PASS,,,2026-07-07T20:52:37
조광페인트,00148920,004910,KOSPI,분기x연결,상단,DS-8,PASS,,,2026-07-07T20:52:37
조광페인트,00148920,004910,KOSPI,분기x연결,상단,DS-7,PASS,"badges seen: ['✅', '🔎']",,2026-07-07T20:52:37
조광페인트,00148920,004910,KOSPI,분기x연결,재무제표,CV-3,PASS,rows=29 cols=60 slider_extended=True,,2026-07-07T20:52:37
조광페인트,00148920,004910,KOSPI,분기x연결,재무제표,DS-2/DS-3,DONE,"cross-check completed for ['매출액', '영업이익']",,2026-07-07T20:52:37
조광페인트,00148920,004910,KOSPI,분기x연결,지표,CV-6,PASS,default metric selection visible,,2026-07-07T20:52:37
조광페인트,00148920,004910,KOSPI,분기x별도,재무제표,DS-1,PASS,,,2026-07-07T20:52:45
조광페인트,00148920,004910,KOSPI,분기x별도,상단,DS-8,PASS,,,2026-07-07T20:52:45
조광페인트,00148920,004910,KOSPI,분기x별도,상단,DS-7,PASS,"badges seen: ['✅', '🔎']",,2026-07-07T20:52:45
조광페인트,00148920,004910,KOSPI,분기x별도,재무제표,CV-3,PASS,rows=29 cols=79 slider_extended=True,,2026-07-07T20:52:45
조광페인트,00148920,004910,KOSPI,분기x별도,재무제표,DS-2/DS-3,DONE,"cross-check completed for ['매출액', '영업이익']",,2026-07-07T20:52:45
조광페인트,00148920,004910,KOSPI,분기x별도,지표,CV-6,PASS,default metric selection visible,,2026-07-07T20:52:45
조광피혁,00148939,004700,KOSPI,연간x연결,재무제표,DS-1,PASS,,,2026-07-07T20:52:57
조광피혁,00148939,004700,KOSPI,연간x연결,상단,DS-8,PASS,,,2026-07-07T20:52:57
조광피혁,00148939,004700,KOSPI,연간x연결,상단,DS-7,PASS,"badges seen: ['✅', '🔎']",,2026-07-07T20:52:57
조광피혁,00148939,004700,KOSPI,연간x연결,재무제표,CV-3,PASS,rows=29 cols=11 slider_extended=True,,2026-07-07T20:52:57
조광피혁,00148939,004700,KOSPI,연간x연결,재무제표,DS-2/DS-3,DONE,"cross-check completed for ['매출액', '영업이익']",,2026-07-07T20:52:57
조광피혁,00148939,004700,KOSPI,연간x연결,지표,CV-6,PASS,default metric selection visible,,2026-07-07T20:52:57
조광피혁,00148939,004700,KOSPI,연간x별도,재무제표,DS-1,PASS,,,2026-07-07T20:53:02
조광피혁,00148939,004700,KOSPI,연간x별도,상단,DS-8,PASS,,,2026-07-07T20:53:02
조광피혁,00148939,004700,KOSPI,연간x별도,상단,DS-7,PASS,"badges seen: ['✅', '🔎', '⚠']",,2026-07-07T20:53:02
조광피혁,00148939,004700,KOSPI,연간x별도,재무제표,CV-3,PASS,rows=29 cols=30 slider_extended=True,,2026-07-07T20:53:02
조광피혁,00148939,004700,KOSPI,연간x별도,재무제표,DS-2/DS-3,DONE,"cross-check completed for ['매출액', '영업이익']",,2026-07-07T20:53:02
조광피혁,00148939,004700,KOSPI,연간x별도,지표,CV-6,PASS,default metric selection visible,,2026-07-07T20:53:02
조광피혁,00148939,004700,KOSPI,분기x연결,재무제표,DS-1,PASS,,,2026-07-07T20:53:08
조광피혁,00148939,004700,KOSPI,분기x연결,상단,DS-8,PASS,,,2026-07-07T20:53:08
조광피혁,00148939,004700,KOSPI,분기x연결,상단,DS-7,PASS,"badges seen: ['✅', '🔎']",,2026-07-07T20:53:08
조광피혁,00148939,004700,KOSPI,분기x연결,재무제표,CV-3,PASS,rows=29 cols=30 slider_extended=True,,2026-07-07T20:53:08
조광피혁,00148939,004700,KOSPI,분기x연결,재무제표,DS-2/DS-3,DONE,"cross-check completed for ['매출액', '영업이익']",,2026-07-07T20:53:08
조광피혁,00148939,004700,KOSPI,분기x연결,지표,CV-6,PASS,default metric selection visible,,2026-07-07T20:53:08
조광피혁,00148939,004700,KOSPI,분기x별도,재무제표,DS-1,PASS,,,2026-07-07T20:53:15
조광피혁,00148939,004700,KOSPI,분기x별도,상단,DS-8,PASS,,,2026-07-07T20:53:15
조광피혁,00148939,004700,KOSPI,분기x별도,상단,DS-7,PASS,"badges seen: ['✅', '🔎', '⚠']",,2026-07-07T20:53:15
조광피혁,00148939,004700,KOSPI,분기x별도,재무제표,CV-3,PASS,rows=29 cols=82 slider_extended=True,,2026-07-07T20:53:15
조광피혁,00148939,004700,KOSPI,분기x별도,재무제표,DS-2/DS-3,DONE,"cross-check completed for ['매출액', '영업이익']",,2026-07-07T20:53:15
조광피혁,00148939,004700,KOSPI,분기x별도,지표,CV-6,PASS,default metric selection visible,,2026-07-07T20:53:15
조비,00148948,001550,KOSPI,연간x연결,재무제표,DS-1,PASS,,,2026-07-07T20:53:29
조비,00148948,001550,KOSPI,연간x연결,상단,DS-8,PASS,,,2026-07-07T20:53:29
조비,00148948,001550,KOSPI,연간x연결,상단,DS-4,PASS,substitution caption present,,2026-07-07T20:53:29
조비,00148948,001550,KOSPI,연간x연결,상단,DS-7,PASS,"badges seen: ['✅', '🔎', '⚠']",,2026-07-07T20:53:29
조비,00148948,001550,KOSPI,연간x연결,재무제표,CV-3,PASS,rows=29 cols=27 slider_extended=True,,2026-07-07T20:53:29
조비,00148948,001550,KOSPI,연간x연결,재무제표,DS-2/DS-3,DONE,"cross-check completed for ['매출액', '영업이익']",,2026-07-07T20:53:29
조비,00148948,001550,KOSPI,연간x연결,지표,CV-6,PASS,default metric selection visible,,2026-07-07T20:53:29
조비,00148948,001550,KOSPI,연간x별도,재무제표,DS-1,PASS,,,2026-07-07T20:53:34
조비,00148948,001550,KOSPI,연간x별도,상단,DS-8,PASS,,,2026-07-07T20:53:34
조비,00148948,001550,KOSPI,연간x별도,상단,DS-7,PASS,"badges seen: ['✅', '🔎', '⚠']",,2026-07-07T20:53:34
조비,00148948,001550,KOSPI,연간x별도,재무제표,CV-3,PASS,rows=29 cols=27 slider_extended=True,,2026-07-07T20:53:34
조비,00148948,001550,KOSPI,연간x별도,재무제표,DS-2/DS-3,DONE,"cross-check completed for ['매출액', '영업이익']",,2026-07-07T20:53:34
조비,00148948,001550,KOSPI,연간x별도,지표,CV-6,PASS,default metric selection visible,,2026-07-07T20:53:34
조비,00148948,001550,KOSPI,분기x연결,재무제표,DS-1,PASS,,,2026-07-07T20:53:40
조비,00148948,001550,KOSPI,분기x연결,상단,DS-8,PASS,,,2026-07-07T20:53:40
조비,00148948,001550,KOSPI,분기x연결,상단,DS-7,PASS,"badges seen: ['✅', '🔎']",,2026-07-07T20:53:40
조비,00148948,001550,KOSPI,분기x연결,재무제표,CV-3,PASS,rows=29 cols=5 slider_extended=True,,2026-07-07T20:53:40
조비,00148948,001550,KOSPI,분기x연결,재무제표,DS-2/DS-3,DONE,"cross-check completed for ['매출액', '영업이익']",,2026-07-07T20:53:40
조비,00148948,001550,KOSPI,분기x연결,지표,CV-6,PASS,default metric selection visible,,2026-07-07T20:53:40
조비,00148948,001550,KOSPI,분기x별도,재무제표,DS-1,PASS,,,2026-07-07T20:53:47
조비,00148948,001550,KOSPI,분기x별도,상단,DS-8,PASS,,,2026-07-07T20:53:47
조비,00148948,001550,KOSPI,분기x별도,상단,DS-7,PASS,"badges seen: ['✅', '🔎']",,2026-07-07T20:53:47
조비,00148948,001550,KOSPI,분기x별도,재무제표,CV-3,PASS,rows=29 cols=80 slider_extended=True,,2026-07-07T20:53:47
조비,00148948,001550,KOSPI,분기x별도,재무제표,DS-2/DS-3,DONE,"cross-check completed for ['매출액', '영업이익']",,2026-07-07T20:53:47
조비,00148948,001550,KOSPI,분기x별도,지표,CV-6,PASS,default metric selection visible,,2026-07-07T20:53:47
조선내화,01770203,462520,KOSPI,연간x연결,재무제표,DS-1,PASS,,,2026-07-07T20:54:00
조선내화,01770203,462520,KOSPI,연간x연결,상단,DS-8,PASS,,,2026-07-07T20:54:00
조선내화,01770203,462520,KOSPI,연간x연결,상단,DS-7,PASS,"badges seen: ['✅', '🔎']",,2026-07-07T20:54:00
조선내화,01770203,462520,KOSPI,연간x연결,재무제표,CV-3,PASS,rows=29 cols=5 slider_extended=True,,2026-07-07T20:54:00
조선내화,01770203,462520,KOSPI,연간x연결,재무제표,DS-2/DS-3,DONE,"cross-check completed for ['매출액', '영업이익']",,2026-07-07T20:54:00
조선내화,01770203,462520,KOSPI,연간x연결,지표,CV-6,PASS,default metric selection visible,,2026-07-07T20:54:00
조선내화,01770203,462520,KOSPI,연간x별도,재무제표,DS-1,PASS,,,2026-07-07T20:54:05
조선내화,01770203,462520,KOSPI,연간x별도,상단,DS-8,PASS,,,2026-07-07T20:54:05
조선내화,01770203,462520,KOSPI,연간x별도,상단,DS-7,PASS,"badges seen: ['✅', '🔎']",,2026-07-07T20:54:05
조선내화,01770203,462520,KOSPI,연간x별도,재무제표,CV-3,PASS,rows=29 cols=5 slider_extended=True,,2026-07-07T20:54:05
조선내화,01770203,462520,KOSPI,연간x별도,재무제표,DS-2/DS-3,DONE,"cross-check completed for ['매출액', '영업이익']",,2026-07-07T20:54:05
조선내화,01770203,462520,KOSPI,연간x별도,지표,CV-6,PASS,default metric selection visible,,2026-07-07T20:54:05
조선내화,01770203,462520,KOSPI,분기x연결,재무제표,DS-1,PASS,,,2026-07-07T20:54:11
조선내화,01770203,462520,KOSPI,분기x연결,상단,DS-8,PASS,,,2026-07-07T20:54:11
조선내화,01770203,462520,KOSPI,분기x연결,상단,DS-7,PASS,"badges seen: ['✅', '🔎']",,2026-07-07T20:54:11
조선내화,01770203,462520,KOSPI,분기x연결,재무제표,CV-3,PASS,rows=29 cols=13 slider_extended=True,,2026-07-07T20:54:11
조선내화,01770203,462520,KOSPI,분기x연결,재무제표,DS-2/DS-3,DONE,"cross-check completed for ['매출액', '영업이익']",,2026-07-07T20:54:11
조선내화,01770203,462520,KOSPI,분기x연결,지표,CV-6,PASS,default metric selection visible,,2026-07-07T20:54:11
조선내화,01770203,462520,KOSPI,분기x별도,재무제표,DS-1,PASS,,,2026-07-07T20:54:18
조선내화,01770203,462520,KOSPI,분기x별도,상단,DS-8,PASS,,,2026-07-07T20:54:18
조선내화,01770203,462520,KOSPI,분기x별도,상단,DS-7,PASS,"badges seen: ['✅', '🔎']",,2026-07-07T20:54:18
조선내화,01770203,462520,KOSPI,분기x별도,재무제표,CV-3,PASS,rows=29 cols=13 slider_extended=True,,2026-07-07T20:54:18
조선내화,01770203,462520,KOSPI,분기x별도,재무제표,DS-2/DS-3,DONE,"cross-check completed for ['매출액', '영업이익']",,2026-07-07T20:54:18
조선내화,01770203,462520,KOSPI,분기x별도,지표,CV-6,PASS,default metric selection visible,,2026-07-07T20:54:18
조선선재,00796994,120030,KOSPI,연간x연결,재무제표,DS-1,PASS,,,2026-07-07T20:54:31
조선선재,00796994,120030,KOSPI,연간x연결,상단,DS-8,PASS,,,2026-07-07T20:54:31
조선선재,00796994,120030,KOSPI,연간x연결,상단,DS-4,PASS,substitution caption present,,2026-07-07T20:54:31
조선선재,00796994,120030,KOSPI,연간x연결,상단,DS-7,PASS,"badges seen: ['✅', '🔎']",,2026-07-07T20:54:31
조선선재,00796994,120030,KOSPI,연간x연결,재무제표,CV-3,PASS,rows=29 cols=18 slider_extended=True,,2026-07-07T20:54:31
조선선재,00796994,120030,KOSPI,연간x연결,재무제표,DS-2/DS-3,DONE,"cross-check completed for ['매출액', '영업이익']",,2026-07-07T20:54:31
조선선재,00796994,120030,KOSPI,연간x연결,지표,CV-6,PASS,default metric selection visible,,2026-07-07T20:54:31
조선선재,00796994,120030,KOSPI,연간x별도,재무제표,DS-1,PASS,,,2026-07-07T20:54:37
조선선재,00796994,120030,KOSPI,연간x별도,상단,DS-8,PASS,,,2026-07-07T20:54:37
조선선재,00796994,120030,KOSPI,연간x별도,상단,DS-7,PASS,"badges seen: ['✅', '🔎']",,2026-07-07T20:54:37
조선선재,00796994,120030,KOSPI,연간x별도,재무제표,CV-3,PASS,rows=29 cols=18 slider_extended=True,,2026-07-07T20:54:37
조선선재,00796994,120030,KOSPI,연간x별도,재무제표,DS-2/DS-3,DONE,"cross-check completed for ['매출액', '영업이익']",,2026-07-07T20:54:37
조선선재,00796994,120030,KOSPI,연간x별도,지표,CV-6,PASS,default metric selection visible,,2026-07-07T20:54:37
조선선재,00796994,120030,KOSPI,분기x연결,재무제표,DS-1,PASS,,,2026-07-07T20:54:43
조선선재,00796994,120030,KOSPI,분기x연결,상단,DS-8,PASS,,,2026-07-07T20:54:43
조선선재,00796994,120030,KOSPI,분기x연결,상단,DS-4,PASS,substitution caption present,,2026-07-07T20:54:43
조선선재,00796994,120030,KOSPI,분기x연결,상단,DS-7,PASS,"badges seen: ['✅', '🔎']",,2026-07-07T20:54:43
조선선재,00796994,120030,KOSPI,분기x연결,재무제표,CV-3,PASS,rows=29 cols=63 slider_extended=True,,2026-07-07T20:54:43
조선선재,00796994,120030,KOSPI,분기x연결,재무제표,DS-2/DS-3,DONE,"cross-check completed for ['매출액', '영업이익']",,2026-07-07T20:54:43
조선선재,00796994,120030,KOSPI,분기x연결,지표,CV-6,PASS,default metric selection visible,,2026-07-07T20:54:43
조선선재,00796994,120030,KOSPI,분기x별도,재무제표,DS-1,PASS,,,2026-07-07T20:54:50
조선선재,00796994,120030,KOSPI,분기x별도,상단,DS-8,PASS,,,2026-07-07T20:54:50
조선선재,00796994,120030,KOSPI,분기x별도,상단,DS-7,PASS,"badges seen: ['✅', '🔎']",,2026-07-07T20:54:50
조선선재,00796994,120030,KOSPI,분기x별도,재무제표,CV-3,PASS,rows=29 cols=63 slider_extended=True,,2026-07-07T20:54:50
조선선재,00796994,120030,KOSPI,분기x별도,재무제표,DS-2/DS-3,DONE,"cross-check completed for ['매출액', '영업이익']",,2026-07-07T20:54:50
조선선재,00796994,120030,KOSPI,분기x별도,지표,CV-6,PASS,default metric selection visible,,2026-07-07T20:54:50
조일알미늄,00149239,018470,KOSPI,연간x연결,재무제표,DS-1,PASS,,,2026-07-07T20:55:02
조일알미늄,00149239,018470,KOSPI,연간x연결,상단,DS-8,PASS,,,2026-07-07T20:55:02
조일알미늄,00149239,018470,KOSPI,연간x연결,상단,DS-4,PASS,substitution caption present,,2026-07-07T20:55:02
조일알미늄,00149239,018470,KOSPI,연간x연결,상단,DS-7,PASS,"badges seen: ['✅', '🔎']",,2026-07-07T20:55:02
조일알미늄,00149239,018470,KOSPI,연간x연결,재무제표,CV-3,PASS,rows=29 cols=25 slider_extended=True,,2026-07-07T20:55:02
조일알미늄,00149239,018470,KOSPI,연간x연결,재무제표,DS-2/DS-3,DONE,"cross-check completed for ['매출액', '영업이익']",,2026-07-07T20:55:02
조일알미늄,00149239,018470,KOSPI,연간x연결,지표,CV-6,PASS,default metric selection visible,,2026-07-07T20:55:02
조일알미늄,00149239,018470,KOSPI,연간x별도,재무제표,DS-1,PASS,,,2026-07-07T20:55:08
조일알미늄,00149239,018470,KOSPI,연간x별도,상단,DS-8,PASS,,,2026-07-07T20:55:08
조일알미늄,00149239,018470,KOSPI,연간x별도,상단,DS-7,PASS,"badges seen: ['✅', '🔎']",,2026-07-07T20:55:08
조일알미늄,00149239,018470,KOSPI,연간x별도,재무제표,CV-3,PASS,rows=29 cols=25 slider_extended=True,,2026-07-07T20:55:08
조일알미늄,00149239,018470,KOSPI,연간x별도,재무제표,DS-2/DS-3,DONE,"cross-check completed for ['매출액', '영업이익']",,2026-07-07T20:55:08
조일알미늄,00149239,018470,KOSPI,연간x별도,지표,CV-6,PASS,default metric selection visible,,2026-07-07T20:55:08
조일알미늄,00149239,018470,KOSPI,분기x연결,재무제표,DS-1,PASS,,,2026-07-07T20:55:14
조일알미늄,00149239,018470,KOSPI,분기x연결,상단,DS-8,PASS,,,2026-07-07T20:55:14
조일알미늄,00149239,018470,KOSPI,분기x연결,상단,DS-4,PASS,substitution caption present,,2026-07-07T20:55:14
조일알미늄,00149239,018470,KOSPI,분기x연결,상단,DS-7,PASS,"badges seen: ['✅', '🔎']",,2026-07-07T20:55:14
조일알미늄,00149239,018470,KOSPI,분기x연결,재무제표,CV-3,PASS,rows=29 cols=75 slider_extended=True,,2026-07-07T20:55:14
조일알미늄,00149239,018470,KOSPI,분기x연결,재무제표,DS-2/DS-3,DONE,"cross-check completed for ['매출액', '영업이익']",,2026-07-07T20:55:14
조일알미늄,00149239,018470,KOSPI,분기x연결,지표,CV-6,PASS,default metric selection visible,,2026-07-07T20:55:14
조일알미늄,00149239,018470,KOSPI,분기x별도,재무제표,DS-1,PASS,,,2026-07-07T20:55:22
조일알미늄,00149239,018470,KOSPI,분기x별도,상단,DS-8,PASS,,,2026-07-07T20:55:22
조일알미늄,00149239,018470,KOSPI,분기x별도,상단,DS-7,PASS,"badges seen: ['✅', '🔎']",,2026-07-07T20:55:22
조일알미늄,00149239,018470,KOSPI,분기x별도,재무제표,CV-3,PASS,rows=29 cols=75 slider_extended=True,,2026-07-07T20:55:22
조일알미늄,00149239,018470,KOSPI,분기x별도,재무제표,DS-2/DS-3,DONE,"cross-check completed for ['매출액', '영업이익']",,2026-07-07T20:55:22
조일알미늄,00149239,018470,KOSPI,분기x별도,지표,CV-6,PASS,default metric selection visible,,2026-07-07T20:55:22
조흥,00149345,002600,KOSPI,연간x연결,재무제표,DS-1,PASS,,,2026-07-07T20:55:35
조흥,00149345,002600,KOSPI,연간x연결,상단,DS-8,PASS,,,2026-07-07T20:55:35
조흥,00149345,002600,KOSPI,연간x연결,상단,DS-7,PASS,"badges seen: ['✅', '🔎', '⚠']",,2026-07-07T20:55:35
조흥,00149345,002600,KOSPI,연간x연결,재무제표,CV-3,PASS,rows=29 cols=8 slider_extended=True,,2026-07-07T20:55:35
조흥,00149345,002600,KOSPI,연간x연결,재무제표,DS-2/DS-3,DONE,"cross-check completed for ['매출액', '영업이익']",,2026-07-07T20:55:35
조흥,00149345,002600,KOSPI,연간x연결,지표,CV-6,PASS,default metric selection visible,,2026-07-07T20:55:35
조흥,00149345,002600,KOSPI,연간x별도,재무제표,DS-1,PASS,,,2026-07-07T20:55:41
조흥,00149345,002600,KOSPI,연간x별도,상단,DS-8,PASS,,,2026-07-07T20:55:41
조흥,00149345,002600,KOSPI,연간x별도,상단,DS-7,PASS,"badges seen: ['✅', '🔎']",,2026-07-07T20:55:41
조흥,00149345,002600,KOSPI,연간x별도,재무제표,CV-3,PASS,rows=29 cols=25 slider_extended=True,,2026-07-07T20:55:41
조흥,00149345,002600,KOSPI,연간x별도,재무제표,DS-2/DS-3,DONE,"cross-check completed for ['매출액', '영업이익']",,2026-07-07T20:55:41
조흥,00149345,002600,KOSPI,연간x별도,지표,CV-6,PASS,default metric selection visible,,2026-07-07T20:55:41
조흥,00149345,002600,KOSPI,분기x연결,재무제표,DS-1,PASS,,,2026-07-07T20:55:47
조흥,00149345,002600,KOSPI,분기x연결,상단,DS-8,PASS,,,2026-07-07T20:55:47
조흥,00149345,002600,KOSPI,분기x연결,상단,DS-7,PASS,"badges seen: ['✅', '🔎', '⚠']",,2026-07-07T20:55:47
조흥,00149345,002600,KOSPI,분기x연결,재무제표,CV-3,PASS,rows=29 cols=21 slider_extended=True,,2026-07-07T20:55:47
조흥,00149345,002600,KOSPI,분기x연결,재무제표,DS-2/DS-3,DONE,"cross-check completed for ['매출액', '영업이익']",,2026-07-07T20:55:47
조흥,00149345,002600,KOSPI,분기x연결,지표,CV-6,PASS,default metric selection visible,,2026-07-07T20:55:47
조흥,00149345,002600,KOSPI,분기x별도,재무제표,DS-1,PASS,,,2026-07-07T20:55:54
조흥,00149345,002600,KOSPI,분기x별도,상단,DS-8,PASS,,,2026-07-07T20:55:54
조흥,00149345,002600,KOSPI,분기x별도,상단,DS-7,PASS,"badges seen: ['✅', '🔎', '⚠']",,2026-07-07T20:55:54
조흥,00149345,002600,KOSPI,분기x별도,재무제표,CV-3,PASS,rows=29 cols=84 slider_extended=True,,2026-07-07T20:55:54
조흥,00149345,002600,KOSPI,분기x별도,재무제표,DS-2/DS-3,DONE,"cross-check completed for ['매출액', '영업이익']",,2026-07-07T20:55:54
조흥,00149345,002600,KOSPI,분기x별도,지표,CV-6,PASS,default metric selection visible,,2026-07-07T20:55:54
종근당,00992871,185750,KOSPI,연간x연결,재무제표,DS-1,PASS,,,2026-07-07T20:56:08
종근당,00992871,185750,KOSPI,연간x연결,상단,DS-8,PASS,,,2026-07-07T20:56:08
종근당,00992871,185750,KOSPI,연간x연결,상단,DS-7,PASS,"badges seen: ['✅', '🔎']",,2026-07-07T20:56:08
종근당,00992871,185750,KOSPI,연간x연결,재무제표,CV-3,PASS,rows=29 cols=13 slider_extended=True,,2026-07-07T20:56:08
종근당,00992871,185750,KOSPI,연간x연결,재무제표,DS-2/DS-3,DONE,"cross-check completed for ['매출액', '영업이익']",,2026-07-07T20:56:08
종근당,00992871,185750,KOSPI,연간x연결,지표,CV-6,PASS,default metric selection visible,,2026-07-07T20:56:08
종근당,00992871,185750,KOSPI,연간x별도,재무제표,DS-1,PASS,,,2026-07-07T20:56:13
종근당,00992871,185750,KOSPI,연간x별도,상단,DS-8,PASS,,,2026-07-07T20:56:13
종근당,00992871,185750,KOSPI,연간x별도,상단,DS-7,PASS,"badges seen: ['✅', '🔎']",,2026-07-07T20:56:13
종근당,00992871,185750,KOSPI,연간x별도,재무제표,CV-3,PASS,rows=29 cols=15 slider_extended=True,,2026-07-07T20:56:13
종근당,00992871,185750,KOSPI,연간x별도,재무제표,DS-2/DS-3,DONE,"cross-check completed for ['매출액', '영업이익']",,2026-07-07T20:56:13
종근당,00992871,185750,KOSPI,연간x별도,지표,CV-6,PASS,default metric selection visible,,2026-07-07T20:56:13
종근당,00992871,185750,KOSPI,분기x연결,재무제표,DS-1,PASS,,,2026-07-07T20:56:19
종근당,00992871,185750,KOSPI,분기x연결,상단,DS-8,PASS,,,2026-07-07T20:56:19
종근당,00992871,185750,KOSPI,분기x연결,상단,DS-7,PASS,"badges seen: ['✅', '🔎']",,2026-07-07T20:56:19
종근당,00992871,185750,KOSPI,분기x연결,재무제표,CV-3,PASS,rows=29 cols=40 slider_extended=True,,2026-07-07T20:56:19
종근당,00992871,185750,KOSPI,분기x연결,재무제표,DS-2/DS-3,DONE,"cross-check completed for ['매출액', '영업이익']",,2026-07-07T20:56:19
종근당,00992871,185750,KOSPI,분기x연결,지표,CV-6,PASS,default metric selection visible,,2026-07-07T20:56:19
종근당,00992871,185750,KOSPI,분기x별도,재무제표,DS-1,PASS,,,2026-07-07T20:56:26
종근당,00992871,185750,KOSPI,분기x별도,상단,DS-8,PASS,,,2026-07-07T20:56:26
종근당,00992871,185750,KOSPI,분기x별도,상단,DS-7,PASS,"badges seen: ['✅', '🔎']",,2026-07-07T20:56:26
종근당,00992871,185750,KOSPI,분기x별도,재무제표,CV-3,PASS,rows=29 cols=54 slider_extended=True,,2026-07-07T20:56:26
종근당,00992871,185750,KOSPI,분기x별도,재무제표,DS-2/DS-3,DONE,"cross-check completed for ['매출액', '영업이익']",,2026-07-07T20:56:26
종근당,00992871,185750,KOSPI,분기x별도,지표,CV-6,PASS,default metric selection visible,,2026-07-07T20:56:26
종근당바이오,00390055,063160,KOSPI,연간x연결,재무제표,DS-1,PASS,,,2026-07-07T20:56:40
종근당바이오,00390055,063160,KOSPI,연간x연결,상단,DS-8,PASS,,,2026-07-07T20:56:40
종근당바이오,00390055,063160,KOSPI,연간x연결,상단,DS-7,PASS,"badges seen: ['✅', '🔎']",,2026-07-07T20:56:40
종근당바이오,00390055,063160,KOSPI,연간x연결,재무제표,CV-3,PASS,rows=29 cols=8 slider_extended=True,,2026-07-07T20:56:40
종근당바이오,00390055,063160,KOSPI,연간x연결,재무제표,DS-2/DS-3,DONE,"cross-check completed for ['매출액', '영업이익']",,2026-07-07T20:56:40
종근당바이오,00390055,063160,KOSPI,연간x연결,지표,CV-6,PASS,default metric selection visible,,2026-07-07T20:56:40
종근당바이오,00390055,063160,KOSPI,연간x별도,재무제표,DS-1,PASS,,,2026-07-07T20:56:45
종근당바이오,00390055,063160,KOSPI,연간x별도,상단,DS-8,PASS,,,2026-07-07T20:56:45
종근당바이오,00390055,063160,KOSPI,연간x별도,상단,DS-7,PASS,"badges seen: ['✅', '🔎']",,2026-07-07T20:56:45
종근당바이오,00390055,063160,KOSPI,연간x별도,재무제표,CV-3,PASS,rows=29 cols=24 slider_extended=True,,2026-07-07T20:56:45
종근당바이오,00390055,063160,KOSPI,연간x별도,재무제표,DS-2/DS-3,DONE,"cross-check completed for ['매출액', '영업이익']",,2026-07-07T20:56:45
종근당바이오,00390055,063160,KOSPI,연간x별도,지표,CV-6,PASS,default metric selection visible,,2026-07-07T20:56:45
종근당바이오,00390055,063160,KOSPI,분기x연결,재무제표,DS-1,PASS,,,2026-07-07T20:56:51
종근당바이오,00390055,063160,KOSPI,분기x연결,상단,DS-8,PASS,,,2026-07-07T20:56:51
종근당바이오,00390055,063160,KOSPI,분기x연결,상단,DS-7,PASS,"badges seen: ['✅', '🔎']",,2026-07-07T20:56:51
종근당바이오,00390055,063160,KOSPI,분기x연결,재무제표,CV-3,PASS,rows=29 cols=24 slider_extended=True,,2026-07-07T20:56:51
종근당바이오,00390055,063160,KOSPI,분기x연결,재무제표,DS-2/DS-3,DONE,"cross-check completed for ['매출액', '영업이익']",,2026-07-07T20:56:51
종근당바이오,00390055,063160,KOSPI,분기x연결,지표,CV-6,PASS,default metric selection visible,,2026-07-07T20:56:51
종근당바이오,00390055,063160,KOSPI,분기x별도,재무제표,DS-1,PASS,,,2026-07-07T20:56:58
종근당바이오,00390055,063160,KOSPI,분기x별도,상단,DS-8,PASS,,,2026-07-07T20:56:58
종근당바이오,00390055,063160,KOSPI,분기x별도,상단,DS-7,PASS,"badges seen: ['✅', '🔎']",,2026-07-07T20:56:58
종근당바이오,00390055,063160,KOSPI,분기x별도,재무제표,CV-3,PASS,rows=29 cols=73 slider_extended=True,,2026-07-07T20:56:58
종근당바이오,00390055,063160,KOSPI,분기x별도,재무제표,DS-2/DS-3,DONE,"cross-check completed for ['매출액', '영업이익']",,2026-07-07T20:56:58
종근당바이오,00390055,063160,KOSPI,분기x별도,지표,CV-6,PASS,default metric selection visible,,2026-07-07T20:56:58
종근당홀딩스,00149354,001630,KOSPI,연간x연결,재무제표,DS-1,PASS,,,2026-07-07T20:57:09
종근당홀딩스,00149354,001630,KOSPI,연간x연결,상단,DS-8,PASS,,,2026-07-07T20:57:09
종근당홀딩스,00149354,001630,KOSPI,연간x연결,상단,DS-7,PASS,"badges seen: ['✅', '🔎']",,2026-07-07T20:57:09
종근당홀딩스,00149354,001630,KOSPI,연간x연결,재무제표,CV-3,PASS,rows=29 cols=19 slider_extended=True,,2026-07-07T20:57:09
종근당홀딩스,00149354,001630,KOSPI,연간x연결,재무제표,DS-2/DS-3,DONE,"cross-check completed for ['매출액', '영업이익']",,2026-07-07T20:57:09
종근당홀딩스,00149354,001630,KOSPI,연간x연결,지표,CV-6,PASS,default metric selection visible,,2026-07-07T20:57:09
종근당홀딩스,00149354,001630,KOSPI,연간x별도,재무제표,DS-1,PASS,,,2026-07-07T20:57:14
종근당홀딩스,00149354,001630,KOSPI,연간x별도,상단,DS-8,PASS,,,2026-07-07T20:57:14
종근당홀딩스,00149354,001630,KOSPI,연간x별도,상단,DS-7,PASS,"badges seen: ['✅', '🔎', '⚠']",,2026-07-07T20:57:14
종근당홀딩스,00149354,001630,KOSPI,연간x별도,재무제표,CV-3,PASS,rows=29 cols=26 slider_extended=True,,2026-07-07T20:57:14
종근당홀딩스,00149354,001630,KOSPI,연간x별도,재무제표,DS-2/DS-3,DONE,"cross-check completed for ['매출액', '영업이익']",,2026-07-07T20:57:14
종근당홀딩스,00149354,001630,KOSPI,연간x별도,지표,CV-6,PASS,default metric selection visible,,2026-07-07T20:57:14
종근당홀딩스,00149354,001630,KOSPI,분기x연결,재무제표,DS-1,PASS,,,2026-07-07T20:57:20
종근당홀딩스,00149354,001630,KOSPI,분기x연결,상단,DS-8,PASS,,,2026-07-07T20:57:20
종근당홀딩스,00149354,001630,KOSPI,분기x연결,상단,DS-7,PASS,"badges seen: ['✅', '🔎']",,2026-07-07T20:57:20
종근당홀딩스,00149354,001630,KOSPI,분기x연결,재무제표,CV-3,PASS,rows=29 cols=67 slider_extended=True,,2026-07-07T20:57:20
종근당홀딩스,00149354,001630,KOSPI,분기x연결,재무제표,DS-2/DS-3,DONE,"cross-check completed for ['매출액', '영업이익']",,2026-07-07T20:57:20
종근당홀딩스,00149354,001630,KOSPI,분기x연결,지표,CV-6,PASS,default metric selection visible,,2026-07-07T20:57:20
종근당홀딩스,00149354,001630,KOSPI,분기x별도,재무제표,DS-1,PASS,,,2026-07-07T20:57:28
종근당홀딩스,00149354,001630,KOSPI,분기x별도,상단,DS-8,PASS,,,2026-07-07T20:57:28
종근당홀딩스,00149354,001630,KOSPI,분기x별도,상단,DS-7,PASS,"badges seen: ['✅', '🔎', '⚠']",,2026-07-07T20:57:28
종근당홀딩스,00149354,001630,KOSPI,분기x별도,재무제표,CV-3,PASS,rows=29 cols=80 slider_extended=True,,2026-07-07T20:57:28
종근당홀딩스,00149354,001630,KOSPI,분기x별도,재무제표,DS-2/DS-3,DONE,"cross-check completed for ['매출액', '영업이익']",,2026-07-07T20:57:28
종근당홀딩스,00149354,001630,KOSPI,분기x별도,지표,CV-6,PASS,default metric selection visible,,2026-07-07T20:57:28
주성코퍼레이션,00753643,109070,KOSPI,연간x연결,재무제표,DS-1,PASS,,,2026-07-07T20:57:41
주성코퍼레이션,00753643,109070,KOSPI,연간x연결,상단,DS-8,PASS,,,2026-07-07T20:57:41
주성코퍼레이션,00753643,109070,KOSPI,연간x연결,상단,DS-7,PASS,"badges seen: ['✅', '🔎']",,2026-07-07T20:57:41
주성코퍼레이션,00753643,109070,KOSPI,연간x연결,재무제표,CV-3,PASS,rows=29 cols=14 slider_extended=True,,2026-07-07T20:57:41
주성코퍼레이션,00753643,109070,KOSPI,연간x연결,재무제표,DS-2/DS-3,DONE,"cross-check completed for ['매출액', '영업이익']",,2026-07-07T20:57:41
주성코퍼레이션,00753643,109070,KOSPI,연간x연결,지표,CV-6,PASS,default metric selection visible,,2026-07-07T20:57:41
주성코퍼레이션,00753643,109070,KOSPI,연간x별도,재무제표,DS-1,PASS,,,2026-07-07T20:57:46
주성코퍼레이션,00753643,109070,KOSPI,연간x별도,상단,DS-8,PASS,,,2026-07-07T20:57:46
주성코퍼레이션,00753643,109070,KOSPI,연간x별도,상단,DS-7,PASS,"badges seen: ['✅', '🔎']",,2026-07-07T20:57:46
주성코퍼레이션,00753643,109070,KOSPI,연간x별도,재무제표,CV-3,PASS,rows=29 cols=19 slider_extended=True,,2026-07-07T20:57:46
주성코퍼레이션,00753643,109070,KOSPI,연간x별도,재무제표,DS-2/DS-3,DONE,"cross-check completed for ['매출액', '영업이익']",,2026-07-07T20:57:46
주성코퍼레이션,00753643,109070,KOSPI,연간x별도,지표,CV-6,PASS,default metric selection visible,,2026-07-07T20:57:46
주성코퍼레이션,00753643,109070,KOSPI,분기x연결,재무제표,DS-1,PASS,,,2026-07-07T20:57:52
주성코퍼레이션,00753643,109070,KOSPI,분기x연결,상단,DS-8,PASS,,,2026-07-07T20:57:52
주성코퍼레이션,00753643,109070,KOSPI,분기x연결,상단,DS-7,PASS,"badges seen: ['✅', '🔎', '⚠']",,2026-07-07T20:57:52
주성코퍼레이션,00753643,109070,KOSPI,분기x연결,재무제표,CV-3,PASS,rows=29 cols=44 slider_extended=True,,2026-07-07T20:57:52
주성코퍼레이션,00753643,109070,KOSPI,분기x연결,재무제표,DS-2/DS-3,DONE,"cross-check completed for ['매출액', '영업이익']",,2026-07-07T20:57:52
주성코퍼레이션,00753643,109070,KOSPI,분기x연결,지표,CV-6,PASS,default metric selection visible,,2026-07-07T20:57:52
주성코퍼레이션,00753643,109070,KOSPI,분기x별도,재무제표,DS-1,PASS,,,2026-07-07T20:58:00
주성코퍼레이션,00753643,109070,KOSPI,분기x별도,상단,DS-8,PASS,,,2026-07-07T20:58:00
주성코퍼레이션,00753643,109070,KOSPI,분기x별도,상단,DS-7,PASS,"badges seen: ['✅', '🔎']",,2026-07-07T20:58:00
주성코퍼레이션,00753643,109070,KOSPI,분기x별도,재무제표,CV-3,PASS,rows=29 cols=66 slider_extended=True,,2026-07-07T20:58:00
주성코퍼레이션,00753643,109070,KOSPI,분기x별도,재무제표,DS-2/DS-3,DONE,"cross-check completed for ['매출액', '영업이익']",,2026-07-07T20:58:00
주성코퍼레이션,00753643,109070,KOSPI,분기x별도,지표,CV-6,PASS,default metric selection visible,,2026-07-07T20:58:00
주연테크,00269241,044380,KOSPI,연간x연결,재무제표,DS-1,PASS,,,2026-07-07T20:58:13
주연테크,00269241,044380,KOSPI,연간x연결,상단,DS-8,PASS,,,2026-07-07T20:58:13
주연테크,00269241,044380,KOSPI,연간x연결,상단,DS-7,PASS,"badges seen: ['✅', '🔎']",,2026-07-07T20:58:13
주연테크,00269241,044380,KOSPI,연간x연결,재무제표,CV-3,PASS,rows=29 cols=14 slider_extended=True,,2026-07-07T20:58:13
주연테크,00269241,044380,KOSPI,연간x연결,재무제표,DS-2/DS-3,DONE,"cross-check completed for ['매출액', '영업이익']",,2026-07-07T20:58:13
주연테크,00269241,044380,KOSPI,연간x연결,지표,CV-6,PASS,default metric selection visible,,2026-07-07T20:58:13
주연테크,00269241,044380,KOSPI,연간x별도,재무제표,DS-1,PASS,,,2026-07-07T20:58:18
주연테크,00269241,044380,KOSPI,연간x별도,상단,DS-8,PASS,,,2026-07-07T20:58:18
주연테크,00269241,044380,KOSPI,연간x별도,상단,DS-7,PASS,"badges seen: ['✅', '🔎']",,2026-07-07T20:58:18
주연테크,00269241,044380,KOSPI,연간x별도,재무제표,CV-3,PASS,rows=29 cols=24 slider_extended=True,,2026-07-07T20:58:18
주연테크,00269241,044380,KOSPI,연간x별도,재무제표,DS-2/DS-3,DONE,"cross-check completed for ['매출액', '영업이익']",,2026-07-07T20:58:18
주연테크,00269241,044380,KOSPI,연간x별도,지표,CV-6,PASS,default metric selection visible,,2026-07-07T20:58:18
주연테크,00269241,044380,KOSPI,분기x연결,재무제표,DS-1,PASS,,,2026-07-07T20:58:25
주연테크,00269241,044380,KOSPI,분기x연결,상단,DS-8,PASS,,,2026-07-07T20:58:25
주연테크,00269241,044380,KOSPI,분기x연결,상단,DS-7,PASS,"badges seen: ['✅', '🔎']",,2026-07-07T20:58:25
주연테크,00269241,044380,KOSPI,분기x연결,재무제표,CV-3,PASS,rows=29 cols=44 slider_extended=True,,2026-07-07T20:58:25
주연테크,00269241,044380,KOSPI,분기x연결,재무제표,DS-2/DS-3,DONE,"cross-check completed for ['매출액', '영업이익']",,2026-07-07T20:58:25
주연테크,00269241,044380,KOSPI,분기x연결,지표,CV-6,PASS,default metric selection visible,,2026-07-07T20:58:25
주연테크,00269241,044380,KOSPI,분기x별도,재무제표,DS-1,PASS,,,2026-07-07T20:58:32
주연테크,00269241,044380,KOSPI,분기x별도,상단,DS-8,PASS,,,2026-07-07T20:58:32
주연테크,00269241,044380,KOSPI,분기x별도,상단,DS-7,PASS,"badges seen: ['✅', '🔎']",,2026-07-07T20:58:32
주연테크,00269241,044380,KOSPI,분기x별도,재무제표,CV-3,PASS,rows=29 cols=76 slider_extended=True,,2026-07-07T20:58:32
주연테크,00269241,044380,KOSPI,분기x별도,재무제표,DS-2/DS-3,DONE,"cross-check completed for ['매출액', '영업이익']",,2026-07-07T20:58:32
주연테크,00269241,044380,KOSPI,분기x별도,지표,CV-6,PASS,default metric selection visible,,2026-07-07T20:58:32
지누스,00150633,013890,KOSPI,연간x연결,재무제표,DS-1,PASS,,,2026-07-07T20:58:45
지누스,00150633,013890,KOSPI,연간x연결,상단,DS-8,PASS,,,2026-07-07T20:58:45
지누스,00150633,013890,KOSPI,연간x연결,상단,DS-7,PASS,"badges seen: ['✅', '🔎']",,2026-07-07T20:58:45
지누스,00150633,013890,KOSPI,연간x연결,재무제표,CV-3,PASS,rows=29 cols=16 slider_extended=True,,2026-07-07T20:58:45
지누스,00150633,013890,KOSPI,연간x연결,재무제표,DS-2/DS-3,DONE,"cross-check completed for ['매출액', '영업이익']",,2026-07-07T20:58:45
지누스,00150633,013890,KOSPI,연간x연결,지표,CV-6,PASS,default metric selection visible,,2026-07-07T20:58:45
지누스,00150633,013890,KOSPI,연간x별도,재무제표,DS-1,PASS,,,2026-07-07T20:58:51
지누스,00150633,013890,KOSPI,연간x별도,상단,DS-8,PASS,,,2026-07-07T20:58:51
지누스,00150633,013890,KOSPI,연간x별도,상단,DS-7,PASS,"badges seen: ['✅', '🔎', '⚠']",,2026-07-07T20:58:51
지누스,00150633,013890,KOSPI,연간x별도,재무제표,CV-3,PASS,rows=29 cols=21 slider_extended=True,,2026-07-07T20:58:51
지누스,00150633,013890,KOSPI,연간x별도,재무제표,DS-2/DS-3,DONE,"cross-check completed for ['매출액', '영업이익']",,2026-07-07T20:58:51
지누스,00150633,013890,KOSPI,연간x별도,지표,CV-6,PASS,default metric selection visible,,2026-07-07T20:58:51
지누스,00150633,013890,KOSPI,분기x연결,재무제표,DS-1,PASS,,,2026-07-07T20:58:57
지누스,00150633,013890,KOSPI,분기x연결,상단,DS-8,PASS,,,2026-07-07T20:58:57
지누스,00150633,013890,KOSPI,분기x연결,상단,DS-7,PASS,"badges seen: ['✅', '🔎']",,2026-07-07T20:58:57
지누스,00150633,013890,KOSPI,분기x연결,재무제표,CV-3,PASS,rows=29 cols=56 slider_extended=True,,2026-07-07T20:58:57
지누스,00150633,013890,KOSPI,분기x연결,재무제표,DS-2/DS-3,DONE,"cross-check completed for ['매출액', '영업이익']",,2026-07-07T20:58:57
지누스,00150633,013890,KOSPI,분기x연결,지표,CV-6,PASS,default metric selection visible,,2026-07-07T20:58:57
지누스,00150633,013890,KOSPI,분기x별도,재무제표,DS-1,PASS,,,2026-07-07T20:59:04
지누스,00150633,013890,KOSPI,분기x별도,상단,DS-8,PASS,,,2026-07-07T20:59:04
지누스,00150633,013890,KOSPI,분기x별도,상단,DS-7,PASS,"badges seen: ['✅', '🔎']",,2026-07-07T20:59:04
지누스,00150633,013890,KOSPI,분기x별도,재무제표,CV-3,PASS,rows=29 cols=67 slider_extended=True,,2026-07-07T20:59:04
지누스,00150633,013890,KOSPI,분기x별도,재무제표,DS-2/DS-3,DONE,"cross-check completed for ['매출액', '영업이익']",,2026-07-07T20:59:04
지누스,00150633,013890,KOSPI,분기x별도,지표,CV-6,PASS,default metric selection visible,,2026-07-07T20:59:04
지엠비코리아,00156354,013870,KOSPI,연간x연결,재무제표,DS-1,PASS,,,2026-07-07T20:59:17
지엠비코리아,00156354,013870,KOSPI,연간x연결,상단,DS-8,PASS,,,2026-07-07T20:59:17
지엠비코리아,00156354,013870,KOSPI,연간x연결,상단,DS-7,PASS,"badges seen: ['✅', '🔎']",,2026-07-07T20:59:17
지엠비코리아,00156354,013870,KOSPI,연간x연결,재무제표,CV-3,PASS,rows=29 cols=19 slider_extended=True,,2026-07-07T20:59:17
지엠비코리아,00156354,013870,KOSPI,연간x연결,재무제표,DS-2/DS-3,DONE,"cross-check completed for ['매출액', '영업이익']",,2026-07-07T20:59:17
지엠비코리아,00156354,013870,KOSPI,연간x연결,지표,CV-6,PASS,default metric selection visible,,2026-07-07T20:59:17
지엠비코리아,00156354,013870,KOSPI,연간x별도,재무제표,DS-1,PASS,,,2026-07-07T20:59:23
지엠비코리아,00156354,013870,KOSPI,연간x별도,상단,DS-8,PASS,,,2026-07-07T20:59:23
지엠비코리아,00156354,013870,KOSPI,연간x별도,상단,DS-7,PASS,"badges seen: ['✅', '🔎']",,2026-07-07T20:59:23
지엠비코리아,00156354,013870,KOSPI,연간x별도,재무제표,CV-3,PASS,rows=29 cols=19 slider_extended=True,,2026-07-07T20:59:23
지엠비코리아,00156354,013870,KOSPI,연간x별도,재무제표,DS-2/DS-3,DONE,"cross-check completed for ['매출액', '영업이익']",,2026-07-07T20:59:23
지엠비코리아,00156354,013870,KOSPI,연간x별도,지표,CV-6,PASS,default metric selection visible,,2026-07-07T20:59:23
지엠비코리아,00156354,013870,KOSPI,분기x연결,재무제표,DS-1,PASS,,,2026-07-07T20:59:29
지엠비코리아,00156354,013870,KOSPI,분기x연결,상단,DS-8,PASS,,,2026-07-07T20:59:29
지엠비코리아,00156354,013870,KOSPI,분기x연결,상단,DS-7,PASS,"badges seen: ['✅', '🔎']",,2026-07-07T20:59:29
지엠비코리아,00156354,013870,KOSPI,분기x연결,재무제표,CV-3,PASS,rows=29 cols=60 slider_extended=True,,2026-07-07T20:59:29
지엠비코리아,00156354,013870,KOSPI,분기x연결,재무제표,DS-2/DS-3,DONE,"cross-check completed for ['매출액', '영업이익']",,2026-07-07T20:59:29
지엠비코리아,00156354,013870,KOSPI,분기x연결,지표,CV-6,PASS,default metric selection visible,,2026-07-07T20:59:29
지엠비코리아,00156354,013870,KOSPI,분기x별도,재무제표,DS-1,PASS,,,2026-07-07T20:59:36
지엠비코리아,00156354,013870,KOSPI,분기x별도,상단,DS-8,PASS,,,2026-07-07T20:59:36
지엠비코리아,00156354,013870,KOSPI,분기x별도,상단,DS-7,PASS,"badges seen: ['✅', '🔎']",,2026-07-07T20:59:36
지엠비코리아,00156354,013870,KOSPI,분기x별도,재무제표,CV-3,PASS,rows=29 cols=63 slider_extended=True,,2026-07-07T20:59:36
지엠비코리아,00156354,013870,KOSPI,분기x별도,재무제표,DS-2/DS-3,DONE,"cross-check completed for ['매출액', '영업이익']",,2026-07-07T20:59:36
지엠비코리아,00156354,013870,KOSPI,분기x별도,지표,CV-6,PASS,default metric selection visible,,2026-07-07T20:59:36
지역난방공사,00159698,071320,KOSPI,연간x연결,재무제표,DS-1,PASS,,,2026-07-07T20:59:50
지역난방공사,00159698,071320,KOSPI,연간x연결,상단,DS-8,PASS,,,2026-07-07T20:59:50
지역난방공사,00159698,071320,KOSPI,연간x연결,상단,DS-7,PASS,"badges seen: ['✅', '🔎', '⚠']",,2026-07-07T20:59:50
지역난방공사,00159698,071320,KOSPI,연간x연결,재무제표,CV-3,PASS,rows=29 cols=18 slider_extended=True,,2026-07-07T20:59:50
지역난방공사,00159698,071320,KOSPI,연간x연결,재무제표,DS-2/DS-3,DONE,"cross-check completed for ['매출액', '영업이익']",,2026-07-07T20:59:50
지역난방공사,00159698,071320,KOSPI,연간x연결,지표,CV-6,PASS,default metric selection visible,,2026-07-07T20:59:50
지역난방공사,00159698,071320,KOSPI,연간x별도,재무제표,DS-1,PASS,,,2026-07-07T20:59:55
지역난방공사,00159698,071320,KOSPI,연간x별도,상단,DS-8,PASS,,,2026-07-07T20:59:55
지역난방공사,00159698,071320,KOSPI,연간x별도,상단,DS-7,PASS,"badges seen: ['✅', '🔎', '⚠']",,2026-07-07T20:59:55
지역난방공사,00159698,071320,KOSPI,연간x별도,재무제표,CV-3,PASS,rows=29 cols=21 slider_extended=True,,2026-07-07T20:59:55
지역난방공사,00159698,071320,KOSPI,연간x별도,재무제표,DS-2/DS-3,DONE,"cross-check completed for ['매출액', '영업이익']",,2026-07-07T20:59:55
지역난방공사,00159698,071320,KOSPI,연간x별도,지표,CV-6,PASS,default metric selection visible,,2026-07-07T20:59:55
지역난방공사,00159698,071320,KOSPI,분기x연결,재무제표,DS-1,PASS,,,2026-07-07T21:00:01
지역난방공사,00159698,071320,KOSPI,분기x연결,상단,DS-8,PASS,,,2026-07-07T21:00:01
지역난방공사,00159698,071320,KOSPI,분기x연결,상단,DS-7,PASS,"badges seen: ['✅', '🔎']",,2026-07-07T21:00:01
지역난방공사,00159698,071320,KOSPI,분기x연결,재무제표,CV-3,PASS,rows=29 cols=55 slider_extended=True,,2026-07-07T21:00:01
지역난방공사,00159698,071320,KOSPI,분기x연결,재무제표,DS-2/DS-3,DONE,"cross-check completed for ['매출액', '영업이익']",,2026-07-07T21:00:01
지역난방공사,00159698,071320,KOSPI,분기x연결,지표,CV-6,PASS,default metric selection visible,,2026-07-07T21:00:01
지역난방공사,00159698,071320,KOSPI,분기x별도,재무제표,DS-1,PASS,,,2026-07-07T21:00:08
지역난방공사,00159698,071320,KOSPI,분기x별도,상단,DS-8,PASS,,,2026-07-07T21:00:08
지역난방공사,00159698,071320,KOSPI,분기x별도,상단,DS-7,PASS,"badges seen: ['✅', '🔎']",,2026-07-07T21:00:08
지역난방공사,00159698,071320,KOSPI,분기x별도,재무제표,CV-3,PASS,rows=29 cols=69 slider_extended=True,,2026-07-07T21:00:08
지역난방공사,00159698,071320,KOSPI,분기x별도,재무제표,DS-2/DS-3,DONE,"cross-check completed for ['매출액', '영업이익']",,2026-07-07T21:00:08
지역난방공사,00159698,071320,KOSPI,분기x별도,지표,CV-6,PASS,default metric selection visible,,2026-07-07T21:00:08
진도,00557933,088790,KOSPI,연간x연결,재무제표,DS-1,PASS,,,2026-07-07T21:00:19
진도,00557933,088790,KOSPI,연간x연결,상단,DS-8,PASS,,,2026-07-07T21:00:19
진도,00557933,088790,KOSPI,연간x연결,상단,DS-7,PASS,"badges seen: ['✅', '🔎', '⚠']",,2026-07-07T21:00:19
진도,00557933,088790,KOSPI,연간x연결,재무제표,CV-3,PASS,rows=29 cols=16 slider_extended=True,,2026-07-07T21:00:19
진도,00557933,088790,KOSPI,연간x연결,재무제표,DS-2/DS-3,DONE,"cross-check completed for ['매출액', '영업이익']",,2026-07-07T21:00:19
진도,00557933,088790,KOSPI,연간x연결,지표,CV-6,PASS,default metric selection visible,,2026-07-07T21:00:19
진도,00557933,088790,KOSPI,연간x별도,재무제표,DS-1,PASS,,,2026-07-07T21:00:24
진도,00557933,088790,KOSPI,연간x별도,상단,DS-8,PASS,,,2026-07-07T21:00:24
진도,00557933,088790,KOSPI,연간x별도,상단,DS-7,PASS,"badges seen: ['✅', '🔎', '⚠']",,2026-07-07T21:00:24
진도,00557933,088790,KOSPI,연간x별도,재무제표,CV-3,PASS,rows=29 cols=22 slider_extended=True,,2026-07-07T21:00:24
진도,00557933,088790,KOSPI,연간x별도,재무제표,DS-2/DS-3,DONE,"cross-check completed for ['매출액', '영업이익']",,2026-07-07T21:00:24
진도,00557933,088790,KOSPI,연간x별도,지표,CV-6,PASS,default metric selection visible,,2026-07-07T21:00:24
진도,00557933,088790,KOSPI,분기x연결,재무제표,DS-1,PASS,,,2026-07-07T21:00:31
진도,00557933,088790,KOSPI,분기x연결,상단,DS-8,PASS,,,2026-07-07T21:00:31
진도,00557933,088790,KOSPI,분기x연결,상단,DS-7,PASS,"badges seen: ['✅', '🔎']",,2026-07-07T21:00:31
진도,00557933,088790,KOSPI,분기x연결,재무제표,CV-3,PASS,rows=29 cols=52 slider_extended=True,,2026-07-07T21:00:31
진도,00557933,088790,KOSPI,분기x연결,재무제표,DS-2/DS-3,DONE,"cross-check completed for ['매출액', '영업이익']",,2026-07-07T21:00:31
진도,00557933,088790,KOSPI,분기x연결,지표,CV-6,PASS,default metric selection visible,,2026-07-07T21:00:31
진도,00557933,088790,KOSPI,분기x별도,재무제표,DS-1,PASS,,,2026-07-07T21:00:38
진도,00557933,088790,KOSPI,분기x별도,상단,DS-8,PASS,,,2026-07-07T21:00:38
진도,00557933,088790,KOSPI,분기x별도,상단,DS-7,PASS,"badges seen: ['✅', '🔎']",,2026-07-07T21:00:38
진도,00557933,088790,KOSPI,분기x별도,재무제표,CV-3,PASS,rows=29 cols=76 slider_extended=True,,2026-07-07T21:00:38
진도,00557933,088790,KOSPI,분기x별도,재무제표,DS-2/DS-3,DONE,"cross-check completed for ['매출액', '영업이익']",,2026-07-07T21:00:38
진도,00557933,088790,KOSPI,분기x별도,지표,CV-6,PASS,default metric selection visible,,2026-07-07T21:00:38
진양산업,00150439,003780,KOSPI,연간x연결,재무제표,DS-1,PASS,,,2026-07-07T21:00:51
진양산업,00150439,003780,KOSPI,연간x연결,상단,DS-8,PASS,,,2026-07-07T21:00:51
진양산업,00150439,003780,KOSPI,연간x연결,상단,DS-7,PASS,"badges seen: ['✅', '🔎']",,2026-07-07T21:00:51
진양산업,00150439,003780,KOSPI,연간x연결,재무제표,CV-3,PASS,rows=29 cols=19 slider_extended=True,,2026-07-07T21:00:51
진양산업,00150439,003780,KOSPI,연간x연결,재무제표,DS-2/DS-3,DONE,"cross-check completed for ['매출액', '영업이익']",,2026-07-07T21:00:51
진양산업,00150439,003780,KOSPI,연간x연결,지표,CV-6,PASS,default metric selection visible,,2026-07-07T21:00:51
진양산업,00150439,003780,KOSPI,연간x별도,재무제표,DS-1,PASS,,,2026-07-07T21:00:56
진양산업,00150439,003780,KOSPI,연간x별도,상단,DS-8,PASS,,,2026-07-07T21:00:56
진양산업,00150439,003780,KOSPI,연간x별도,상단,DS-7,PASS,"badges seen: ['✅', '🔎', '⚠']",,2026-07-07T21:00:56
진양산업,00150439,003780,KOSPI,연간x별도,재무제표,CV-3,PASS,rows=29 cols=27 slider_extended=True,,2026-07-07T21:00:56
진양산업,00150439,003780,KOSPI,연간x별도,재무제표,DS-2/DS-3,DONE,"cross-check completed for ['매출액', '영업이익']",,2026-07-07T21:00:56
진양산업,00150439,003780,KOSPI,연간x별도,지표,CV-6,PASS,default metric selection visible,,2026-07-07T21:00:56
진양산업,00150439,003780,KOSPI,분기x연결,재무제표,DS-1,PASS,,,2026-07-07T21:01:03
진양산업,00150439,003780,KOSPI,분기x연결,상단,DS-8,PASS,,,2026-07-07T21:01:03
진양산업,00150439,003780,KOSPI,분기x연결,상단,DS-7,PASS,"badges seen: ['✅', '🔎']",,2026-07-07T21:01:03
진양산업,00150439,003780,KOSPI,분기x연결,재무제표,CV-3,PASS,rows=29 cols=60 slider_extended=True,,2026-07-07T21:01:03
진양산업,00150439,003780,KOSPI,분기x연결,재무제표,DS-2/DS-3,DONE,"cross-check completed for ['매출액', '영업이익']",,2026-07-07T21:01:03
진양산업,00150439,003780,KOSPI,분기x연결,지표,CV-6,PASS,default metric selection visible,,2026-07-07T21:01:03
진양산업,00150439,003780,KOSPI,분기x별도,재무제표,DS-1,PASS,,,2026-07-07T21:01:10
진양산업,00150439,003780,KOSPI,분기x별도,상단,DS-8,PASS,,,2026-07-07T21:01:10
진양산업,00150439,003780,KOSPI,분기x별도,상단,DS-7,PASS,"badges seen: ['✅', '🔎']",,2026-07-07T21:01:10
진양산업,00150439,003780,KOSPI,분기x별도,재무제표,CV-3,PASS,rows=29 cols=77 slider_extended=True,,2026-07-07T21:01:10
진양산업,00150439,003780,KOSPI,분기x별도,재무제표,DS-2/DS-3,DONE,"cross-check completed for ['매출액', '영업이익']",,2026-07-07T21:01:10
진양산업,00150439,003780,KOSPI,분기x별도,지표,CV-6,PASS,default metric selection visible,,2026-07-07T21:01:10
진양폴리우레탄,00160375,010640,KOSPI,연간x연결,재무제표,DS-1,PASS,,,2026-07-07T21:01:23
진양폴리우레탄,00160375,010640,KOSPI,연간x연결,상단,DS-8,PASS,,,2026-07-07T21:01:23
진양폴리우레탄,00160375,010640,KOSPI,연간x연결,상단,DS-7,PASS,"badges seen: ['✅', '🔎', '⚠']",,2026-07-07T21:01:23
진양폴리우레탄,00160375,010640,KOSPI,연간x연결,재무제표,CV-3,PASS,rows=29 cols=10 slider_extended=True,,2026-07-07T21:01:23
진양폴리우레탄,00160375,010640,KOSPI,연간x연결,재무제표,DS-2/DS-3,DONE,"cross-check completed for ['매출액', '영업이익']",,2026-07-07T21:01:23
진양폴리우레탄,00160375,010640,KOSPI,연간x연결,지표,CV-6,PASS,default metric selection visible,,2026-07-07T21:01:23
진양폴리우레탄,00160375,010640,KOSPI,연간x별도,재무제표,DS-1,PASS,,,2026-07-07T21:01:28
진양폴리우레탄,00160375,010640,KOSPI,연간x별도,상단,DS-8,PASS,,,2026-07-07T21:01:28
진양폴리우레탄,00160375,010640,KOSPI,연간x별도,상단,DS-7,PASS,"badges seen: ['✅', '🔎', '⚠']",,2026-07-07T21:01:28
진양폴리우레탄,00160375,010640,KOSPI,연간x별도,재무제표,CV-3,PASS,rows=29 cols=26 slider_extended=True,,2026-07-07T21:01:28
진양폴리우레탄,00160375,010640,KOSPI,연간x별도,재무제표,DS-2/DS-3,DONE,"cross-check completed for ['매출액', '영업이익']",,2026-07-07T21:01:28
진양폴리우레탄,00160375,010640,KOSPI,연간x별도,지표,CV-6,PASS,default metric selection visible,,2026-07-07T21:01:28
진양폴리우레탄,00160375,010640,KOSPI,분기x연결,재무제표,DS-1,PASS,,,2026-07-07T21:01:35
진양폴리우레탄,00160375,010640,KOSPI,분기x연결,상단,DS-8,PASS,,,2026-07-07T21:01:35
진양폴리우레탄,00160375,010640,KOSPI,분기x연결,상단,DS-7,PASS,"badges seen: ['✅', '🔎']",,2026-07-07T21:01:35
진양폴리우레탄,00160375,010640,KOSPI,분기x연결,재무제표,CV-3,PASS,rows=29 cols=35 slider_extended=True,,2026-07-07T21:01:35
진양폴리우레탄,00160375,010640,KOSPI,분기x연결,재무제표,DS-2/DS-3,DONE,"cross-check completed for ['매출액', '영업이익']",,2026-07-07T21:01:35
진양폴리우레탄,00160375,010640,KOSPI,분기x연결,지표,CV-6,PASS,default metric selection visible,,2026-07-07T21:01:35
진양폴리우레탄,00160375,010640,KOSPI,분기x별도,재무제표,DS-1,PASS,,,2026-07-07T21:01:42
진양폴리우레탄,00160375,010640,KOSPI,분기x별도,상단,DS-8,PASS,,,2026-07-07T21:01:42
진양폴리우레탄,00160375,010640,KOSPI,분기x별도,상단,DS-7,PASS,"badges seen: ['✅', '🔎']",,2026-07-07T21:01:42
진양폴리우레탄,00160375,010640,KOSPI,분기x별도,재무제표,CV-3,PASS,rows=29 cols=72 slider_extended=True,,2026-07-07T21:01:42
진양폴리우레탄,00160375,010640,KOSPI,분기x별도,재무제표,DS-2/DS-3,DONE,"cross-check completed for ['매출액', '영업이익']",,2026-07-07T21:01:42
진양폴리우레탄,00160375,010640,KOSPI,분기x별도,지표,CV-6,PASS,default metric selection visible,,2026-07-07T21:01:42
진양홀딩스,00646732,100250,KOSPI,연간x연결,재무제표,DS-1,PASS,,,2026-07-07T21:01:56
진양홀딩스,00646732,100250,KOSPI,연간x연결,상단,DS-8,PASS,,,2026-07-07T21:01:56
진양홀딩스,00646732,100250,KOSPI,연간x연결,상단,DS-7,PASS,"badges seen: ['✅', '🔎', '⚠']",,2026-07-07T21:01:56
진양홀딩스,00646732,100250,KOSPI,연간x연결,재무제표,CV-3,PASS,rows=29 cols=19 slider_extended=True,,2026-07-07T21:01:56
진양홀딩스,00646732,100250,KOSPI,연간x연결,재무제표,DS-2/DS-3,DONE,"cross-check completed for ['매출액', '영업이익']",,2026-07-07T21:01:56
진양홀딩스,00646732,100250,KOSPI,연간x연결,지표,CV-6,PASS,default metric selection visible,,2026-07-07T21:01:56
진양홀딩스,00646732,100250,KOSPI,연간x별도,재무제표,DS-1,PASS,,,2026-07-07T21:02:01
진양홀딩스,00646732,100250,KOSPI,연간x별도,상단,DS-8,PASS,,,2026-07-07T21:02:01
진양홀딩스,00646732,100250,KOSPI,연간x별도,상단,DS-7,PASS,"badges seen: ['✅', '🔎', '⚠']",,2026-07-07T21:02:01
진양홀딩스,00646732,100250,KOSPI,연간x별도,재무제표,CV-3,PASS,rows=29 cols=20 slider_extended=True,,2026-07-07T21:02:01
진양홀딩스,00646732,100250,KOSPI,연간x별도,재무제표,DS-2/DS-3,DONE,"cross-check completed for ['매출액', '영업이익']",,2026-07-07T21:02:01
진양홀딩스,00646732,100250,KOSPI,연간x별도,지표,CV-6,PASS,default metric selection visible,,2026-07-07T21:02:01
진양홀딩스,00646732,100250,KOSPI,분기x연결,재무제표,DS-1,PASS,,,2026-07-07T21:02:07
진양홀딩스,00646732,100250,KOSPI,분기x연결,상단,DS-8,PASS,,,2026-07-07T21:02:07
진양홀딩스,00646732,100250,KOSPI,분기x연결,상단,DS-7,PASS,"badges seen: ['✅', '🔎']",,2026-07-07T21:02:07
진양홀딩스,00646732,100250,KOSPI,분기x연결,재무제표,CV-3,PASS,rows=29 cols=60 slider_extended=True,,2026-07-07T21:02:07
진양홀딩스,00646732,100250,KOSPI,분기x연결,재무제표,DS-2/DS-3,DONE,"cross-check completed for ['매출액', '영업이익']",,2026-07-07T21:02:07
진양홀딩스,00646732,100250,KOSPI,분기x연결,지표,CV-6,PASS,default metric selection visible,,2026-07-07T21:02:07
진양홀딩스,00646732,100250,KOSPI,분기x별도,재무제표,DS-1,PASS,,,2026-07-07T21:02:15
진양홀딩스,00646732,100250,KOSPI,분기x별도,상단,DS-8,PASS,,,2026-07-07T21:02:15
진양홀딩스,00646732,100250,KOSPI,분기x별도,상단,DS-7,PASS,"badges seen: ['✅', '🔎', '⚠']",,2026-07-07T21:02:15
진양홀딩스,00646732,100250,KOSPI,분기x별도,재무제표,CV-3,PASS,rows=29 cols=70 slider_extended=True,,2026-07-07T21:02:15
진양홀딩스,00646732,100250,KOSPI,분기x별도,재무제표,DS-2/DS-3,DONE,"cross-check completed for ['매출액', '영업이익']",,2026-07-07T21:02:15
진양홀딩스,00646732,100250,KOSPI,분기x별도,지표,CV-6,PASS,default metric selection visible,,2026-07-07T21:02:15
진양화학,00347734,051630,KOSPI,연간x연결,재무제표,DS-1,PASS,,,2026-07-07T21:02:26
진양화학,00347734,051630,KOSPI,연간x연결,상단,DS-8,PASS,,,2026-07-07T21:02:26
진양화학,00347734,051630,KOSPI,연간x연결,상단,DS-4,PASS,substitution caption present,,2026-07-07T21:02:26
진양화학,00347734,051630,KOSPI,연간x연결,상단,DS-7,PASS,"badges seen: ['✅', '🔎']",,2026-07-07T21:02:26
진양화학,00347734,051630,KOSPI,연간x연결,재무제표,CV-3,PASS,rows=29 cols=25 slider_extended=True,,2026-07-07T21:02:26
진양화학,00347734,051630,KOSPI,연간x연결,재무제표,DS-2/DS-3,DONE,"cross-check completed for ['매출액', '영업이익']",,2026-07-07T21:02:26
진양화학,00347734,051630,KOSPI,연간x연결,지표,CV-6,PASS,default metric selection visible,,2026-07-07T21:02:26
진양화학,00347734,051630,KOSPI,연간x별도,재무제표,DS-1,PASS,,,2026-07-07T21:02:31
진양화학,00347734,051630,KOSPI,연간x별도,상단,DS-8,PASS,,,2026-07-07T21:02:31
진양화학,00347734,051630,KOSPI,연간x별도,상단,DS-7,PASS,"badges seen: ['✅', '🔎']",,2026-07-07T21:02:31
진양화학,00347734,051630,KOSPI,연간x별도,재무제표,CV-3,PASS,rows=29 cols=25 slider_extended=True,,2026-07-07T21:02:31
진양화학,00347734,051630,KOSPI,연간x별도,재무제표,DS-2/DS-3,DONE,"cross-check completed for ['매출액', '영업이익']",,2026-07-07T21:02:31
진양화학,00347734,051630,KOSPI,연간x별도,지표,CV-6,PASS,default metric selection visible,,2026-07-07T21:02:31
진양화학,00347734,051630,KOSPI,분기x연결,재무제표,DS-1,PASS,,,2026-07-07T21:02:37
진양화학,00347734,051630,KOSPI,분기x연결,상단,DS-8,PASS,,,2026-07-07T21:02:37
진양화학,00347734,051630,KOSPI,분기x연결,상단,DS-4,PASS,substitution caption present,,2026-07-07T21:02:37
진양화학,00347734,051630,KOSPI,분기x연결,상단,DS-7,PASS,"badges seen: ['✅', '🔎']",,2026-07-07T21:02:37
진양화학,00347734,051630,KOSPI,분기x연결,재무제표,CV-3,PASS,rows=29 cols=79 slider_extended=True,,2026-07-07T21:02:37
진양화학,00347734,051630,KOSPI,분기x연결,재무제표,DS-2/DS-3,DONE,"cross-check completed for ['매출액', '영업이익']",,2026-07-07T21:02:37
진양화학,00347734,051630,KOSPI,분기x연결,지표,CV-6,PASS,default metric selection visible,,2026-07-07T21:02:37
진양화학,00347734,051630,KOSPI,분기x별도,재무제표,DS-1,PASS,,,2026-07-07T21:02:45
진양화학,00347734,051630,KOSPI,분기x별도,상단,DS-8,PASS,,,2026-07-07T21:02:45
진양화학,00347734,051630,KOSPI,분기x별도,상단,DS-7,PASS,"badges seen: ['✅', '🔎']",,2026-07-07T21:02:45
진양화학,00347734,051630,KOSPI,분기x별도,재무제표,CV-3,PASS,rows=29 cols=79 slider_extended=True,,2026-07-07T21:02:45
진양화학,00347734,051630,KOSPI,분기x별도,재무제표,DS-2/DS-3,DONE,"cross-check completed for ['매출액', '영업이익']",,2026-07-07T21:02:45
진양화학,00347734,051630,KOSPI,분기x별도,지표,CV-6,PASS,default metric selection visible,,2026-07-07T21:02:45
진에어,00653024,272450,KOSPI,연간x연결,재무제표,DS-1,PASS,,,2026-07-07T21:02:58
진에어,00653024,272450,KOSPI,연간x연결,상단,DS-8,PASS,,,2026-07-07T21:02:58
진에어,00653024,272450,KOSPI,연간x연결,상단,DS-7,PASS,"badges seen: ['✅', '🔎']",,2026-07-07T21:02:58
진에어,00653024,272450,KOSPI,연간x연결,재무제표,CV-3,PASS,rows=29 cols=5 slider_extended=True,,2026-07-07T21:02:58
진에어,00653024,272450,KOSPI,연간x연결,재무제표,DS-2/DS-3,DONE,"cross-check completed for ['매출액', '영업이익']",,2026-07-07T21:02:58
진에어,00653024,272450,KOSPI,연간x연결,지표,CV-6,PASS,default metric selection visible,,2026-07-07T21:02:58
진에어,00653024,272450,KOSPI,연간x별도,재무제표,DS-1,PASS,,,2026-07-07T21:03:03
진에어,00653024,272450,KOSPI,연간x별도,상단,DS-8,PASS,,,2026-07-07T21:03:03
진에어,00653024,272450,KOSPI,연간x별도,상단,DS-7,PASS,"badges seen: ['✅', '🔎']",,2026-07-07T21:03:03
진에어,00653024,272450,KOSPI,연간x별도,재무제표,CV-3,PASS,rows=29 cols=13 slider_extended=True,,2026-07-07T21:03:03
진에어,00653024,272450,KOSPI,연간x별도,재무제표,DS-2/DS-3,DONE,"cross-check completed for ['매출액', '영업이익']",,2026-07-07T21:03:03
진에어,00653024,272450,KOSPI,연간x별도,지표,CV-6,PASS,default metric selection visible,,2026-07-07T21:03:03
진에어,00653024,272450,KOSPI,분기x연결,재무제표,DS-1,PASS,,,2026-07-07T21:03:09
진에어,00653024,272450,KOSPI,분기x연결,상단,DS-8,PASS,,,2026-07-07T21:03:09
진에어,00653024,272450,KOSPI,분기x연결,상단,DS-4,PASS,substitution caption present,,2026-07-07T21:03:09
진에어,00653024,272450,KOSPI,분기x연결,상단,DS-7,PASS,"badges seen: ['✅', '🔎']",,2026-07-07T21:03:09
진에어,00653024,272450,KOSPI,분기x연결,재무제표,CV-3,PASS,rows=29 cols=40 slider_extended=True,,2026-07-07T21:03:09
진에어,00653024,272450,KOSPI,분기x연결,재무제표,DS-2/DS-3,DONE,"cross-check completed for ['매출액', '영업이익']",,2026-07-07T21:03:09
진에어,00653024,272450,KOSPI,분기x연결,지표,CV-6,PASS,default metric selection visible,,2026-07-07T21:03:09
진에어,00653024,272450,KOSPI,분기x별도,재무제표,DS-1,PASS,,,2026-07-07T21:03:17
진에어,00653024,272450,KOSPI,분기x별도,상단,DS-8,PASS,,,2026-07-07T21:03:17
진에어,00653024,272450,KOSPI,분기x별도,상단,DS-7,PASS,"badges seen: ['✅', '🔎']",,2026-07-07T21:03:17
진에어,00653024,272450,KOSPI,분기x별도,재무제표,CV-3,PASS,rows=29 cols=40 slider_extended=True,,2026-07-07T21:03:17
진에어,00653024,272450,KOSPI,분기x별도,재무제표,DS-2/DS-3,DONE,"cross-check completed for ['매출액', '영업이익']",,2026-07-07T21:03:17
진에어,00653024,272450,KOSPI,분기x별도,지표,CV-6,PASS,default metric selection visible,,2026-07-07T21:03:17
진원생명과학,00118521,011000,KOSPI,연간x연결,재무제표,DS-1,PASS,,,2026-07-07T21:03:30
진원생명과학,00118521,011000,KOSPI,연간x연결,상단,DS-8,PASS,,,2026-07-07T21:03:30
진원생명과학,00118521,011000,KOSPI,연간x연결,상단,DS-7,PASS,"badges seen: ['✅', '🔎', '⚠']",,2026-07-07T21:03:30
진원생명과학,00118521,011000,KOSPI,연간x연결,재무제표,CV-3,PASS,rows=29 cols=19 slider_extended=True,,2026-07-07T21:03:30
진원생명과학,00118521,011000,KOSPI,연간x연결,재무제표,DS-2/DS-3,DONE,"cross-check completed for ['매출액', '영업이익']",,2026-07-07T21:03:30
진원생명과학,00118521,011000,KOSPI,연간x연결,지표,CV-6,PASS,default metric selection visible,,2026-07-07T21:03:30
진원생명과학,00118521,011000,KOSPI,연간x별도,재무제표,DS-1,PASS,,,2026-07-07T21:03:35
진원생명과학,00118521,011000,KOSPI,연간x별도,상단,DS-8,PASS,,,2026-07-07T21:03:35
진원생명과학,00118521,011000,KOSPI,연간x별도,상단,DS-7,PASS,"badges seen: ['✅', '🔎', '⚠']",,2026-07-07T21:03:35
진원생명과학,00118521,011000,KOSPI,연간x별도,재무제표,CV-3,PASS,rows=29 cols=26 slider_extended=True,,2026-07-07T21:03:35
진원생명과학,00118521,011000,KOSPI,연간x별도,재무제표,DS-2/DS-3,DONE,"cross-check completed for ['매출액', '영업이익']",,2026-07-07T21:03:35
진원생명과학,00118521,011000,KOSPI,연간x별도,지표,CV-6,PASS,default metric selection visible,,2026-07-07T21:03:35
진원생명과학,00118521,011000,KOSPI,분기x연결,재무제표,DS-1,PASS,,,2026-07-07T21:03:41
진원생명과학,00118521,011000,KOSPI,분기x연결,상단,DS-8,PASS,,,2026-07-07T21:03:41
진원생명과학,00118521,011000,KOSPI,분기x연결,상단,DS-7,PASS,"badges seen: ['✅', '🔎', '⚠']",,2026-07-07T21:03:41
진원생명과학,00118521,011000,KOSPI,분기x연결,재무제표,CV-3,PASS,rows=29 cols=60 slider_extended=True,,2026-07-07T21:03:41
진원생명과학,00118521,011000,KOSPI,분기x연결,재무제표,DS-2/DS-3,DONE,"cross-check completed for ['매출액', '영업이익']",,2026-07-07T21:03:41
진원생명과학,00118521,011000,KOSPI,분기x연결,지표,CV-6,PASS,default metric selection visible,,2026-07-07T21:03:41
진원생명과학,00118521,011000,KOSPI,분기x별도,재무제표,DS-1,PASS,,,2026-07-07T21:03:49
진원생명과학,00118521,011000,KOSPI,분기x별도,상단,DS-8,PASS,,,2026-07-07T21:03:49
진원생명과학,00118521,011000,KOSPI,분기x별도,상단,DS-7,PASS,"badges seen: ['✅', '🔎', '⚠']",,2026-07-07T21:03:49
진원생명과학,00118521,011000,KOSPI,분기x별도,재무제표,CV-3,PASS,rows=29 cols=85 slider_extended=True,,2026-07-07T21:03:49
진원생명과학,00118521,011000,KOSPI,분기x별도,재무제표,DS-2/DS-3,DONE,"cross-check completed for ['매출액', '영업이익']",,2026-07-07T21:03:49
진원생명과학,00118521,011000,KOSPI,분기x별도,지표,CV-6,PASS,default metric selection visible,,2026-07-07T21:03:49
진흥기업,00150828,002780,KOSPI,연간x연결,재무제표,DS-1,PASS,,,2026-07-07T21:04:03
진흥기업,00150828,002780,KOSPI,연간x연결,상단,DS-8,PASS,,,2026-07-07T21:04:03
진흥기업,00150828,002780,KOSPI,연간x연결,상단,DS-7,PASS,"badges seen: ['✅', '🔎', '⚠']",,2026-07-07T21:04:03
진흥기업,00150828,002780,KOSPI,연간x연결,재무제표,CV-3,PASS,rows=29 cols=14 slider_extended=True,,2026-07-07T21:04:03
진흥기업,00150828,002780,KOSPI,연간x연결,재무제표,DS-2/DS-3,DONE,"cross-check completed for ['매출액', '영업이익']",,2026-07-07T21:04:03
진흥기업,00150828,002780,KOSPI,연간x연결,지표,CV-6,PASS,default metric selection visible,,2026-07-07T21:04:03
진흥기업,00150828,002780,KOSPI,연간x별도,재무제표,DS-1,PASS,,,2026-07-07T21:04:08
진흥기업,00150828,002780,KOSPI,연간x별도,상단,DS-8,PASS,,,2026-07-07T21:04:08
진흥기업,00150828,002780,KOSPI,연간x별도,상단,DS-7,PASS,"badges seen: ['✅', '🔎']",,2026-07-07T21:04:08
진흥기업,00150828,002780,KOSPI,연간x별도,재무제표,CV-3,PASS,rows=29 cols=22 slider_extended=True,,2026-07-07T21:04:08
진흥기업,00150828,002780,KOSPI,연간x별도,재무제표,DS-2/DS-3,DONE,"cross-check completed for ['매출액', '영업이익']",,2026-07-07T21:04:08
진흥기업,00150828,002780,KOSPI,연간x별도,지표,CV-6,PASS,default metric selection visible,,2026-07-07T21:04:08
진흥기업,00150828,002780,KOSPI,분기x연결,재무제표,DS-1,PASS,,,2026-07-07T21:04:14
진흥기업,00150828,002780,KOSPI,분기x연결,상단,DS-8,PASS,,,2026-07-07T21:04:14
진흥기업,00150828,002780,KOSPI,분기x연결,상단,DS-7,PASS,"badges seen: ['✅', '🔎', '⚠']",,2026-07-07T21:04:14
진흥기업,00150828,002780,KOSPI,분기x연결,재무제표,CV-3,PASS,rows=29 cols=37 slider_extended=True,,2026-07-07T21:04:14
진흥기업,00150828,002780,KOSPI,분기x연결,재무제표,DS-2/DS-3,DONE,"cross-check completed for ['매출액', '영업이익']",,2026-07-07T21:04:14
진흥기업,00150828,002780,KOSPI,분기x연결,지표,CV-6,PASS,default metric selection visible,,2026-07-07T21:04:14
진흥기업,00150828,002780,KOSPI,분기x별도,재무제표,DS-1,PASS,,,2026-07-07T21:04:21
진흥기업,00150828,002780,KOSPI,분기x별도,상단,DS-8,PASS,,,2026-07-07T21:04:21
진흥기업,00150828,002780,KOSPI,분기x별도,상단,DS-7,PASS,"badges seen: ['✅', '🔎']",,2026-07-07T21:04:21
진흥기업,00150828,002780,KOSPI,분기x별도,재무제표,CV-3,PASS,rows=29 cols=70 slider_extended=True,,2026-07-07T21:04:21
진흥기업,00150828,002780,KOSPI,분기x별도,재무제표,DS-2/DS-3,DONE,"cross-check completed for ['매출액', '영업이익']",,2026-07-07T21:04:21
진흥기업,00150828,002780,KOSPI,분기x별도,지표,CV-6,PASS,default metric selection visible,,2026-07-07T21:04:21
참엔지니어링,00153621,009310,KOSPI,연간x연결,재무제표,DS-1,PASS,,,2026-07-07T21:04:32
참엔지니어링,00153621,009310,KOSPI,연간x연결,상단,DS-8,PASS,,,2026-07-07T21:04:32
참엔지니어링,00153621,009310,KOSPI,연간x연결,상단,DS-7,PASS,"badges seen: ['✅', '🔎', '⚠']",,2026-07-07T21:04:32
참엔지니어링,00153621,009310,KOSPI,연간x연결,재무제표,CV-3,PASS,rows=29 cols=19 slider_extended=True,,2026-07-07T21:04:32
참엔지니어링,00153621,009310,KOSPI,연간x연결,재무제표,DS-2/DS-3,DONE,"cross-check completed for ['매출액', '영업이익']",,2026-07-07T21:04:32
참엔지니어링,00153621,009310,KOSPI,연간x연결,지표,CV-6,PASS,default metric selection visible,,2026-07-07T21:04:32
참엔지니어링,00153621,009310,KOSPI,연간x별도,재무제표,DS-1,PASS,,,2026-07-07T21:04:37
참엔지니어링,00153621,009310,KOSPI,연간x별도,상단,DS-8,PASS,,,2026-07-07T21:04:37
참엔지니어링,00153621,009310,KOSPI,연간x별도,상단,DS-7,PASS,"badges seen: ['✅', '🔎', '⚠']",,2026-07-07T21:04:37
참엔지니어링,00153621,009310,KOSPI,연간x별도,재무제표,CV-3,PASS,rows=29 cols=25 slider_extended=True,,2026-07-07T21:04:37
참엔지니어링,00153621,009310,KOSPI,연간x별도,재무제표,DS-2/DS-3,DONE,"cross-check completed for ['매출액', '영업이익']",,2026-07-07T21:04:37
참엔지니어링,00153621,009310,KOSPI,연간x별도,지표,CV-6,PASS,default metric selection visible,,2026-07-07T21:04:37
참엔지니어링,00153621,009310,KOSPI,분기x연결,재무제표,DS-1,PASS,,,2026-07-07T21:04:43
참엔지니어링,00153621,009310,KOSPI,분기x연결,상단,DS-8,PASS,,,2026-07-07T21:04:43
참엔지니어링,00153621,009310,KOSPI,분기x연결,상단,DS-7,PASS,"badges seen: ['✅', '🔎', '⚠']",,2026-07-07T21:04:43
참엔지니어링,00153621,009310,KOSPI,분기x연결,재무제표,CV-3,PASS,rows=29 cols=64 slider_extended=True,,2026-07-07T21:04:43
참엔지니어링,00153621,009310,KOSPI,분기x연결,재무제표,DS-2/DS-3,DONE,"cross-check completed for ['매출액', '영업이익']",,2026-07-07T21:04:43
참엔지니어링,00153621,009310,KOSPI,분기x연결,지표,CV-6,PASS,default metric selection visible,,2026-07-07T21:04:43
참엔지니어링,00153621,009310,KOSPI,분기x별도,재무제표,DS-1,PASS,,,2026-07-07T21:04:51
참엔지니어링,00153621,009310,KOSPI,분기x별도,상단,DS-8,PASS,,,2026-07-07T21:04:51
참엔지니어링,00153621,009310,KOSPI,분기x별도,상단,DS-7,PASS,"badges seen: ['✅', '🔎', '⚠']",,2026-07-07T21:04:51
참엔지니어링,00153621,009310,KOSPI,분기x별도,재무제표,CV-3,PASS,rows=29 cols=82 slider_extended=True,,2026-07-07T21:04:51
참엔지니어링,00153621,009310,KOSPI,분기x별도,재무제표,DS-2/DS-3,DONE,"cross-check completed for ['매출액', '영업이익']",,2026-07-07T21:04:51
참엔지니어링,00153621,009310,KOSPI,분기x별도,지표,CV-6,PASS,default metric selection visible,,2026-07-07T21:04:51
천일고속,00151395,000650,KOSPI,연간x연결,재무제표,DS-1,PASS,,,2026-07-07T21:05:05
천일고속,00151395,000650,KOSPI,연간x연결,상단,DS-8,PASS,,,2026-07-07T21:05:05
천일고속,00151395,000650,KOSPI,연간x연결,상단,DS-4,PASS,substitution caption present,,2026-07-07T21:05:05
천일고속,00151395,000650,KOSPI,연간x연결,상단,DS-7,PASS,"badges seen: ['✅', '🔎', '⚠']",,2026-07-07T21:05:05
천일고속,00151395,000650,KOSPI,연간x연결,재무제표,CV-3,PASS,rows=29 cols=25 slider_extended=True,,2026-07-07T21:05:05
천일고속,00151395,000650,KOSPI,연간x연결,재무제표,DS-2/DS-3,DONE,"cross-check completed for ['매출액', '영업이익']",,2026-07-07T21:05:05
천일고속,00151395,000650,KOSPI,연간x연결,지표,CV-6,PASS,default metric selection visible,,2026-07-07T21:05:05
천일고속,00151395,000650,KOSPI,연간x별도,재무제표,DS-1,PASS,,,2026-07-07T21:05:10
천일고속,00151395,000650,KOSPI,연간x별도,상단,DS-8,PASS,,,2026-07-07T21:05:10
천일고속,00151395,000650,KOSPI,연간x별도,상단,DS-7,PASS,"badges seen: ['✅', '🔎', '⚠']",,2026-07-07T21:05:10
천일고속,00151395,000650,KOSPI,연간x별도,재무제표,CV-3,PASS,rows=29 cols=25 slider_extended=True,,2026-07-07T21:05:10
천일고속,00151395,000650,KOSPI,연간x별도,재무제표,DS-2/DS-3,DONE,"cross-check completed for ['매출액', '영업이익']",,2026-07-07T21:05:10
천일고속,00151395,000650,KOSPI,연간x별도,지표,CV-6,PASS,default metric selection visible,,2026-07-07T21:05:10
천일고속,00151395,000650,KOSPI,분기x연결,재무제표,DS-1,PASS,,,2026-07-07T21:05:16
천일고속,00151395,000650,KOSPI,분기x연결,상단,DS-8,PASS,,,2026-07-07T21:05:16
천일고속,00151395,000650,KOSPI,분기x연결,상단,DS-4,PASS,substitution caption present,,2026-07-07T21:05:16
천일고속,00151395,000650,KOSPI,분기x연결,상단,DS-7,PASS,"badges seen: ['✅', '🔎']",,2026-07-07T21:05:16
천일고속,00151395,000650,KOSPI,분기x연결,재무제표,CV-3,PASS,rows=29 cols=83 slider_extended=True,,2026-07-07T21:05:16
천일고속,00151395,000650,KOSPI,분기x연결,재무제표,DS-2/DS-3,DONE,"cross-check completed for ['매출액', '영업이익']",,2026-07-07T21:05:16
천일고속,00151395,000650,KOSPI,분기x연결,지표,CV-6,PASS,default metric selection visible,,2026-07-07T21:05:16
천일고속,00151395,000650,KOSPI,분기x별도,재무제표,DS-1,PASS,,,2026-07-07T21:05:24
천일고속,00151395,000650,KOSPI,분기x별도,상단,DS-8,PASS,,,2026-07-07T21:05:24
천일고속,00151395,000650,KOSPI,분기x별도,상단,DS-7,PASS,"badges seen: ['✅', '🔎']",,2026-07-07T21:05:24
천일고속,00151395,000650,KOSPI,분기x별도,재무제표,CV-3,PASS,rows=29 cols=83 slider_extended=True,,2026-07-07T21:05:24
천일고속,00151395,000650,KOSPI,분기x별도,재무제표,DS-2/DS-3,DONE,"cross-check completed for ['매출액', '영업이익']",,2026-07-07T21:05:24
천일고속,00151395,000650,KOSPI,분기x별도,지표,CV-6,PASS,default metric selection visible,,2026-07-07T21:05:24
체시스,00125576,033250,KOSPI,연간x연결,재무제표,DS-1,PASS,,,2026-07-07T21:05:35
체시스,00125576,033250,KOSPI,연간x연결,상단,DS-8,PASS,,,2026-07-07T21:05:35
체시스,00125576,033250,KOSPI,연간x연결,상단,DS-7,PASS,"badges seen: ['✅', '🔎']",,2026-07-07T21:05:35
체시스,00125576,033250,KOSPI,연간x연결,재무제표,CV-3,PASS,rows=29 cols=18 slider_extended=True,,2026-07-07T21:05:35
체시스,00125576,033250,KOSPI,연간x연결,재무제표,DS-2/DS-3,DONE,"cross-check completed for ['매출액', '영업이익']",,2026-07-07T21:05:35
체시스,00125576,033250,KOSPI,연간x연결,지표,CV-6,PASS,default metric selection visible,,2026-07-07T21:05:35
체시스,00125576,033250,KOSPI,연간x별도,재무제표,DS-1,PASS,,,2026-07-07T21:05:40
체시스,00125576,033250,KOSPI,연간x별도,상단,DS-8,PASS,,,2026-07-07T21:05:40
체시스,00125576,033250,KOSPI,연간x별도,상단,DS-7,PASS,"badges seen: ['✅', '🔎', '⚠']",,2026-07-07T21:05:40
체시스,00125576,033250,KOSPI,연간x별도,재무제표,CV-3,PASS,rows=29 cols=27 slider_extended=True,,2026-07-07T21:05:40
체시스,00125576,033250,KOSPI,연간x별도,재무제표,DS-2/DS-3,DONE,"cross-check completed for ['매출액', '영업이익']",,2026-07-07T21:05:40
체시스,00125576,033250,KOSPI,연간x별도,지표,CV-6,PASS,default metric selection visible,,2026-07-07T21:05:40
체시스,00125576,033250,KOSPI,분기x연결,재무제표,DS-1,PASS,,,2026-07-07T21:05:46
체시스,00125576,033250,KOSPI,분기x연결,상단,DS-8,PASS,,,2026-07-07T21:05:46
체시스,00125576,033250,KOSPI,분기x연결,상단,DS-7,PASS,"badges seen: ['✅', '🔎']",,2026-07-07T21:05:46
체시스,00125576,033250,KOSPI,분기x연결,재무제표,CV-3,PASS,rows=29 cols=54 slider_extended=True,,2026-07-07T21:05:46
체시스,00125576,033250,KOSPI,분기x연결,재무제표,DS-2/DS-3,DONE,"cross-check completed for ['매출액', '영업이익']",,2026-07-07T21:05:46
체시스,00125576,033250,KOSPI,분기x연결,지표,CV-6,PASS,default metric selection visible,,2026-07-07T21:05:46
체시스,00125576,033250,KOSPI,분기x별도,재무제표,DS-1,PASS,,,2026-07-07T21:05:53
체시스,00125576,033250,KOSPI,분기x별도,상단,DS-8,PASS,,,2026-07-07T21:05:53
체시스,00125576,033250,KOSPI,분기x별도,상단,DS-7,PASS,"badges seen: ['✅', '🔎', '⚠']",,2026-07-07T21:05:53
체시스,00125576,033250,KOSPI,분기x별도,재무제표,CV-3,PASS,rows=29 cols=85 slider_extended=True,,2026-07-07T21:05:53
체시스,00125576,033250,KOSPI,분기x별도,재무제표,DS-2/DS-3,DONE,"cross-check completed for ['매출액', '영업이익']",,2026-07-07T21:05:53
체시스,00125576,033250,KOSPI,분기x별도,지표,CV-6,PASS,default metric selection visible,,2026-07-07T21:05:53
카카오,00258801,035720,KOSPI,연간x연결,재무제표,DS-1,PASS,,,2026-07-07T21:06:07
카카오,00258801,035720,KOSPI,연간x연결,상단,DS-8,PASS,,,2026-07-07T21:06:07
카카오,00258801,035720,KOSPI,연간x연결,상단,DS-7,PASS,"badges seen: ['✅', '🔎', '⚠']",,2026-07-07T21:06:07
카카오,00258801,035720,KOSPI,연간x연결,재무제표,CV-3,PASS,rows=29 cols=20 slider_extended=True,,2026-07-07T21:06:07
카카오,00258801,035720,KOSPI,연간x연결,재무제표,DS-2/DS-3,DONE,"cross-check completed for ['매출액', '영업이익']",,2026-07-07T21:06:07
카카오,00258801,035720,KOSPI,연간x연결,지표,CV-6,PASS,default metric selection visible,,2026-07-07T21:06:07
카카오,00258801,035720,KOSPI,연간x별도,재무제표,DS-1,PASS,,,2026-07-07T21:06:12
카카오,00258801,035720,KOSPI,연간x별도,상단,DS-8,PASS,,,2026-07-07T21:06:12
카카오,00258801,035720,KOSPI,연간x별도,상단,DS-7,PASS,"badges seen: ['✅', '🔎', '⚠']",,2026-07-07T21:06:12
카카오,00258801,035720,KOSPI,연간x별도,재무제표,CV-3,PASS,rows=29 cols=27 slider_extended=True,,2026-07-07T21:06:12
카카오,00258801,035720,KOSPI,연간x별도,재무제표,DS-2/DS-3,DONE,"cross-check completed for ['매출액', '영업이익']",,2026-07-07T21:06:12
카카오,00258801,035720,KOSPI,연간x별도,지표,CV-6,PASS,default metric selection visible,,2026-07-07T21:06:12
카카오,00258801,035720,KOSPI,분기x연결,재무제표,DS-1,PASS,,,2026-07-07T21:06:19
카카오,00258801,035720,KOSPI,분기x연결,상단,DS-8,PASS,,,2026-07-07T21:06:19
카카오,00258801,035720,KOSPI,분기x연결,상단,DS-7,PASS,"badges seen: ['✅', '🔎']",,2026-07-07T21:06:19
카카오,00258801,035720,KOSPI,분기x연결,재무제표,CV-3,PASS,rows=29 cols=67 slider_extended=True,,2026-07-07T21:06:19
카카오,00258801,035720,KOSPI,분기x연결,재무제표,DS-2/DS-3,DONE,"cross-check completed for ['매출액', '영업이익']",,2026-07-07T21:06:19
카카오,00258801,035720,KOSPI,분기x연결,지표,CV-6,PASS,default metric selection visible,,2026-07-07T21:06:19
카카오,00258801,035720,KOSPI,분기x별도,재무제표,DS-1,PASS,,,2026-07-07T21:06:26
카카오,00258801,035720,KOSPI,분기x별도,상단,DS-8,PASS,,,2026-07-07T21:06:26
카카오,00258801,035720,KOSPI,분기x별도,상단,DS-7,PASS,"badges seen: ['✅', '🔎']",,2026-07-07T21:06:26
카카오,00258801,035720,KOSPI,분기x별도,재무제표,CV-3,PASS,rows=29 cols=84 slider_extended=True,,2026-07-07T21:06:26
카카오,00258801,035720,KOSPI,분기x별도,재무제표,DS-2/DS-3,DONE,"cross-check completed for ['매출액', '영업이익']",,2026-07-07T21:06:26
카카오,00258801,035720,KOSPI,분기x별도,지표,CV-6,PASS,default metric selection visible,,2026-07-07T21:06:26
카카오뱅크,01133217,323410,KOSPI,연간x연결,재무제표,DS-1,PASS,,,2026-07-07T21:06:37
카카오뱅크,01133217,323410,KOSPI,연간x연결,상단,DS-8,PASS,,,2026-07-07T21:06:37
카카오뱅크,01133217,323410,KOSPI,연간x연결,상단,DS-4,PASS,substitution caption present,,2026-07-07T21:06:37
카카오뱅크,01133217,323410,KOSPI,연간x연결,상단,DS-7,PASS,"badges seen: ['✅', '🔎', '⚠']",,2026-07-07T21:06:37
카카오뱅크,01133217,323410,KOSPI,연간x연결,재무제표,CV-3,PASS,rows=29 cols=10 slider_extended=True,,2026-07-07T21:06:37
카카오뱅크,01133217,323410,KOSPI,연간x연결,재무제표,DS-2/DS-3,DONE,"cross-check completed for ['매출액', '영업이익']",,2026-07-07T21:06:37
카카오뱅크,01133217,323410,KOSPI,연간x연결,지표,CV-6,PASS,default metric selection visible,,2026-07-07T21:06:37
카카오뱅크,01133217,323410,KOSPI,연간x별도,재무제표,DS-1,PASS,,,2026-07-07T21:06:42
카카오뱅크,01133217,323410,KOSPI,연간x별도,상단,DS-8,PASS,,,2026-07-07T21:06:42
카카오뱅크,01133217,323410,KOSPI,연간x별도,상단,DS-7,PASS,"badges seen: ['✅', '🔎', '⚠']",,2026-07-07T21:06:42
카카오뱅크,01133217,323410,KOSPI,연간x별도,재무제표,CV-3,PASS,rows=29 cols=10 slider_extended=True,,2026-07-07T21:06:42
카카오뱅크,01133217,323410,KOSPI,연간x별도,재무제표,DS-2/DS-3,DONE,"cross-check completed for ['매출액', '영업이익']",,2026-07-07T21:06:42
카카오뱅크,01133217,323410,KOSPI,연간x별도,지표,CV-6,PASS,default metric selection visible,,2026-07-07T21:06:42
카카오뱅크,01133217,323410,KOSPI,분기x연결,재무제표,DS-1,PASS,,,2026-07-07T21:06:48
카카오뱅크,01133217,323410,KOSPI,분기x연결,상단,DS-8,PASS,,,2026-07-07T21:06:48
카카오뱅크,01133217,323410,KOSPI,분기x연결,상단,DS-4,PASS,substitution caption present,,2026-07-07T21:06:48
카카오뱅크,01133217,323410,KOSPI,분기x연결,상단,DS-7,PASS,"badges seen: ['✅', '🔎']",,2026-07-07T21:06:48
카카오뱅크,01133217,323410,KOSPI,분기x연결,재무제표,CV-3,PASS,rows=29 cols=31 slider_extended=True,,2026-07-07T21:06:48
카카오뱅크,01133217,323410,KOSPI,분기x연결,재무제표,DS-2/DS-3,DONE,"cross-check completed for ['매출액', '영업이익']",,2026-07-07T21:06:48
카카오뱅크,01133217,323410,KOSPI,분기x연결,지표,CV-6,PASS,default metric selection visible,,2026-07-07T21:06:48
카카오뱅크,01133217,323410,KOSPI,분기x별도,재무제표,DS-1,PASS,,,2026-07-07T21:06:55
카카오뱅크,01133217,323410,KOSPI,분기x별도,상단,DS-8,PASS,,,2026-07-07T21:06:55
카카오뱅크,01133217,323410,KOSPI,분기x별도,상단,DS-7,PASS,"badges seen: ['✅', '🔎']",,2026-07-07T21:06:55
카카오뱅크,01133217,323410,KOSPI,분기x별도,재무제표,CV-3,PASS,rows=29 cols=31 slider_extended=True,,2026-07-07T21:06:55
카카오뱅크,01133217,323410,KOSPI,분기x별도,재무제표,DS-2/DS-3,DONE,"cross-check completed for ['매출액', '영업이익']",,2026-07-07T21:06:55
카카오뱅크,01133217,323410,KOSPI,분기x별도,지표,CV-6,PASS,default metric selection visible,,2026-07-07T21:06:55
카카오페이,01244601,377300,KOSPI,연간x연결,재무제표,DS-1,PASS,,,2026-07-07T21:07:09
카카오페이,01244601,377300,KOSPI,연간x연결,상단,DS-8,PASS,,,2026-07-07T21:07:09
카카오페이,01244601,377300,KOSPI,연간x연결,상단,DS-7,PASS,"badges seen: ['✅', '🔎']",,2026-07-07T21:07:09
카카오페이,01244601,377300,KOSPI,연간x연결,재무제표,CV-3,PASS,rows=29 cols=9 slider_extended=True,,2026-07-07T21:07:09
카카오페이,01244601,377300,KOSPI,연간x연결,재무제표,DS-2/DS-3,DONE,"cross-check completed for ['매출액', '영업이익']",,2026-07-07T21:07:09
카카오페이,01244601,377300,KOSPI,연간x연결,지표,CV-6,PASS,default metric selection visible,,2026-07-07T21:07:09
카카오페이,01244601,377300,KOSPI,연간x별도,재무제표,DS-1,PASS,,,2026-07-07T21:07:14
카카오페이,01244601,377300,KOSPI,연간x별도,상단,DS-8,PASS,,,2026-07-07T21:07:14
카카오페이,01244601,377300,KOSPI,연간x별도,상단,DS-7,PASS,"badges seen: ['✅', '🔎', '⚠']",,2026-07-07T21:07:14
카카오페이,01244601,377300,KOSPI,연간x별도,재무제표,CV-3,PASS,rows=29 cols=9 slider_extended=True,,2026-07-07T21:07:14
카카오페이,01244601,377300,KOSPI,연간x별도,재무제표,DS-2/DS-3,DONE,"cross-check completed for ['매출액', '영업이익']",,2026-07-07T21:07:14
카카오페이,01244601,377300,KOSPI,연간x별도,지표,CV-6,PASS,default metric selection visible,,2026-07-07T21:07:14
카카오페이,01244601,377300,KOSPI,분기x연결,재무제표,DS-1,PASS,,,2026-07-07T21:07:20
카카오페이,01244601,377300,KOSPI,분기x연결,상단,DS-8,PASS,,,2026-07-07T21:07:20
카카오페이,01244601,377300,KOSPI,분기x연결,상단,DS-7,PASS,"badges seen: ['✅', '🔎', '⚠']",,2026-07-07T21:07:20
카카오페이,01244601,377300,KOSPI,분기x연결,재무제표,CV-3,PASS,rows=29 cols=24 slider_extended=True,,2026-07-07T21:07:20
카카오페이,01244601,377300,KOSPI,분기x연결,재무제표,DS-2/DS-3,DONE,"cross-check completed for ['매출액', '영업이익']",,2026-07-07T21:07:20
카카오페이,01244601,377300,KOSPI,분기x연결,지표,CV-6,PASS,default metric selection visible,,2026-07-07T21:07:20
카카오페이,01244601,377300,KOSPI,분기x별도,재무제표,DS-1,PASS,,,2026-07-07T21:07:28
카카오페이,01244601,377300,KOSPI,분기x별도,상단,DS-8,PASS,,,2026-07-07T21:07:28
카카오페이,01244601,377300,KOSPI,분기x별도,상단,DS-7,PASS,"badges seen: ['✅', '🔎']",,2026-07-07T21:07:28
카카오페이,01244601,377300,KOSPI,분기x별도,재무제표,CV-3,PASS,rows=29 cols=24 slider_extended=True,,2026-07-07T21:07:28
카카오페이,01244601,377300,KOSPI,분기x별도,재무제표,DS-2/DS-3,DONE,"cross-check completed for ['매출액', '영업이익']",,2026-07-07T21:07:28
카카오페이,01244601,377300,KOSPI,분기x별도,지표,CV-6,PASS,default metric selection visible,,2026-07-07T21:07:28
카프로,00159810,006380,KOSPI,연간x연결,재무제표,DS-1,PASS,,,2026-07-07T21:07:41
카프로,00159810,006380,KOSPI,연간x연결,상단,DS-8,PASS,,,2026-07-07T21:07:41
카프로,00159810,006380,KOSPI,연간x연결,상단,DS-4,PASS,substitution caption present,,2026-07-07T21:07:41
카프로,00159810,006380,KOSPI,연간x연결,상단,DS-7,PASS,"badges seen: ['✅', '🔎', '⚠']",,2026-07-07T21:07:41
카프로,00159810,006380,KOSPI,연간x연결,재무제표,CV-3,PASS,rows=29 cols=25 slider_extended=True,,2026-07-07T21:07:41
카프로,00159810,006380,KOSPI,연간x연결,재무제표,DS-2/DS-3,DONE,"cross-check completed for ['매출액', '영업이익']",,2026-07-07T21:07:41
카프로,00159810,006380,KOSPI,연간x연결,지표,CV-6,PASS,default metric selection visible,,2026-07-07T21:07:41
카프로,00159810,006380,KOSPI,연간x별도,재무제표,DS-1,PASS,,,2026-07-07T21:07:46
카프로,00159810,006380,KOSPI,연간x별도,상단,DS-8,PASS,,,2026-07-07T21:07:46
카프로,00159810,006380,KOSPI,연간x별도,상단,DS-7,PASS,"badges seen: ['✅', '🔎', '⚠']",,2026-07-07T21:07:46
카프로,00159810,006380,KOSPI,연간x별도,재무제표,CV-3,PASS,rows=29 cols=25 slider_extended=True,,2026-07-07T21:07:46
카프로,00159810,006380,KOSPI,연간x별도,재무제표,DS-2/DS-3,DONE,"cross-check completed for ['매출액', '영업이익']",,2026-07-07T21:07:46
카프로,00159810,006380,KOSPI,연간x별도,지표,CV-6,PASS,default metric selection visible,,2026-07-07T21:07:46
카프로,00159810,006380,KOSPI,분기x연결,재무제표,DS-1,PASS,,,2026-07-07T21:07:52
카프로,00159810,006380,KOSPI,분기x연결,상단,DS-8,PASS,,,2026-07-07T21:07:52
카프로,00159810,006380,KOSPI,분기x연결,상단,DS-4,PASS,substitution caption present,,2026-07-07T21:07:52
카프로,00159810,006380,KOSPI,분기x연결,상단,DS-7,PASS,"badges seen: ['✅', '🔎', '⚠']",,2026-07-07T21:07:52
카프로,00159810,006380,KOSPI,분기x연결,재무제표,CV-3,PASS,rows=29 cols=84 slider_extended=True,,2026-07-07T21:07:52
카프로,00159810,006380,KOSPI,분기x연결,재무제표,DS-2/DS-3,DONE,"cross-check completed for ['매출액', '영업이익']",,2026-07-07T21:07:52
카프로,00159810,006380,KOSPI,분기x연결,지표,CV-6,PASS,default metric selection visible,,2026-07-07T21:07:52
카프로,00159810,006380,KOSPI,분기x별도,재무제표,DS-1,PASS,,,2026-07-07T21:08:00
카프로,00159810,006380,KOSPI,분기x별도,상단,DS-8,PASS,,,2026-07-07T21:08:00
카프로,00159810,006380,KOSPI,분기x별도,상단,DS-7,PASS,"badges seen: ['✅', '🔎', '⚠']",,2026-07-07T21:08:00
카프로,00159810,006380,KOSPI,분기x별도,재무제표,CV-3,PASS,rows=29 cols=84 slider_extended=True,,2026-07-07T21:08:00
카프로,00159810,006380,KOSPI,분기x별도,재무제표,DS-2/DS-3,DONE,"cross-check completed for ['매출액', '영업이익']",,2026-07-07T21:08:00
카프로,00159810,006380,KOSPI,분기x별도,지표,CV-6,PASS,default metric selection visible,,2026-07-07T21:08:00
케이뱅크,01203312,279570,KOSPI,연간x연결,재무제표,DS-1,PASS,,,2026-07-07T21:08:14
케이뱅크,01203312,279570,KOSPI,연간x연결,상단,DS-8,PASS,,,2026-07-07T21:08:14
케이뱅크,01203312,279570,KOSPI,연간x연결,상단,DS-4,PASS,substitution caption present,,2026-07-07T21:08:14
케이뱅크,01203312,279570,KOSPI,연간x연결,상단,DS-7,PASS,"badges seen: ['✅', '🔎', '⚠']",,2026-07-07T21:08:14
케이뱅크,01203312,279570,KOSPI,연간x연결,재무제표,CV-3,PASS,rows=29 cols=9 slider_extended=True,,2026-07-07T21:08:14
케이뱅크,01203312,279570,KOSPI,연간x연결,재무제표,DS-2/DS-3,DONE,"cross-check completed for ['매출액', '영업이익']",,2026-07-07T21:08:14
케이뱅크,01203312,279570,KOSPI,연간x연결,지표,CV-6,PASS,default metric selection visible,,2026-07-07T21:08:14
케이뱅크,01203312,279570,KOSPI,연간x별도,재무제표,DS-1,PASS,,,2026-07-07T21:08:19
케이뱅크,01203312,279570,KOSPI,연간x별도,상단,DS-8,PASS,,,2026-07-07T21:08:19
케이뱅크,01203312,279570,KOSPI,연간x별도,상단,DS-7,PASS,"badges seen: ['✅', '🔎', '⚠']",,2026-07-07T21:08:19
케이뱅크,01203312,279570,KOSPI,연간x별도,재무제표,CV-3,PASS,rows=29 cols=9 slider_extended=True,,2026-07-07T21:08:19
케이뱅크,01203312,279570,KOSPI,연간x별도,재무제표,DS-2/DS-3,DONE,"cross-check completed for ['매출액', '영업이익']",,2026-07-07T21:08:19
케이뱅크,01203312,279570,KOSPI,연간x별도,지표,CV-6,PASS,default metric selection visible,,2026-07-07T21:08:19
케이뱅크,01203312,279570,KOSPI,분기x연결,재무제표,DS-1,PASS,,,2026-07-07T21:08:25
케이뱅크,01203312,279570,KOSPI,분기x연결,상단,DS-8,PASS,,,2026-07-07T21:08:25
케이뱅크,01203312,279570,KOSPI,분기x연결,상단,DS-4,PASS,substitution caption present,,2026-07-07T21:08:25
케이뱅크,01203312,279570,KOSPI,분기x연결,상단,DS-7,PASS,"badges seen: ['✅', '🔎', '⚠']",,2026-07-07T21:08:25
케이뱅크,01203312,279570,KOSPI,분기x연결,재무제표,CV-3,PASS,rows=29 cols=27 slider_extended=True,,2026-07-07T21:08:25
케이뱅크,01203312,279570,KOSPI,분기x연결,재무제표,DS-2/DS-3,DONE,"cross-check completed for ['매출액', '영업이익']",,2026-07-07T21:08:25
케이뱅크,01203312,279570,KOSPI,분기x연결,지표,CV-6,PASS,default metric selection visible,,2026-07-07T21:08:25
케이뱅크,01203312,279570,KOSPI,분기x별도,재무제표,DS-1,PASS,,,2026-07-07T21:08:32
케이뱅크,01203312,279570,KOSPI,분기x별도,상단,DS-8,PASS,,,2026-07-07T21:08:32
케이뱅크,01203312,279570,KOSPI,분기x별도,상단,DS-7,PASS,"badges seen: ['✅', '🔎', '⚠']",,2026-07-07T21:08:32
케이뱅크,01203312,279570,KOSPI,분기x별도,재무제표,CV-3,PASS,rows=29 cols=27 slider_extended=True,,2026-07-07T21:08:32
케이뱅크,01203312,279570,KOSPI,분기x별도,재무제표,DS-2/DS-3,DONE,"cross-check completed for ['매출액', '영업이익']",,2026-07-07T21:08:32
케이뱅크,01203312,279570,KOSPI,분기x별도,지표,CV-6,PASS,default metric selection visible,,2026-07-07T21:08:32
케이비아이동국실업,00114765,001620,KOSPI,연간x연결,재무제표,DS-1,PASS,,,2026-07-07T21:08:43
케이비아이동국실업,00114765,001620,KOSPI,연간x연결,상단,DS-8,PASS,,,2026-07-07T21:08:43
케이비아이동국실업,00114765,001620,KOSPI,연간x연결,상단,DS-7,PASS,"badges seen: ['✅', '🔎']",,2026-07-07T21:08:43
케이비아이동국실업,00114765,001620,KOSPI,연간x연결,재무제표,CV-3,PASS,rows=29 cols=19 slider_extended=True,,2026-07-07T21:08:43
케이비아이동국실업,00114765,001620,KOSPI,연간x연결,재무제표,DS-2/DS-3,DONE,"cross-check completed for ['매출액', '영업이익']",,2026-07-07T21:08:43
케이비아이동국실업,00114765,001620,KOSPI,연간x연결,지표,CV-6,PASS,default metric selection visible,,2026-07-07T21:08:43
케이비아이동국실업,00114765,001620,KOSPI,연간x별도,재무제표,DS-1,PASS,,,2026-07-07T21:08:48
케이비아이동국실업,00114765,001620,KOSPI,연간x별도,상단,DS-8,PASS,,,2026-07-07T21:08:48
케이비아이동국실업,00114765,001620,KOSPI,연간x별도,상단,DS-7,PASS,"badges seen: ['✅', '🔎', '⚠']",,2026-07-07T21:08:48
케이비아이동국실업,00114765,001620,KOSPI,연간x별도,재무제표,CV-3,PASS,rows=29 cols=25 slider_extended=True,,2026-07-07T21:08:48
케이비아이동국실업,00114765,001620,KOSPI,연간x별도,재무제표,DS-2/DS-3,DONE,"cross-check completed for ['매출액', '영업이익']",,2026-07-07T21:08:48
케이비아이동국실업,00114765,001620,KOSPI,연간x별도,지표,CV-6,PASS,default metric selection visible,,2026-07-07T21:08:48
케이비아이동국실업,00114765,001620,KOSPI,분기x연결,재무제표,DS-1,PASS,,,2026-07-07T21:08:55
케이비아이동국실업,00114765,001620,KOSPI,분기x연결,상단,DS-8,PASS,,,2026-07-07T21:08:55
케이비아이동국실업,00114765,001620,KOSPI,분기x연결,상단,DS-7,PASS,"badges seen: ['✅', '🔎', '⚠']",,2026-07-07T21:08:55
케이비아이동국실업,00114765,001620,KOSPI,분기x연결,재무제표,CV-3,PASS,rows=29 cols=63 slider_extended=True,,2026-07-07T21:08:55
케이비아이동국실업,00114765,001620,KOSPI,분기x연결,재무제표,DS-2/DS-3,DONE,"cross-check completed for ['매출액', '영업이익']",,2026-07-07T21:08:55
케이비아이동국실업,00114765,001620,KOSPI,분기x연결,지표,CV-6,PASS,default metric selection visible,,2026-07-07T21:08:55
케이비아이동국실업,00114765,001620,KOSPI,분기x별도,재무제표,DS-1,PASS,,,2026-07-07T21:09:02
케이비아이동국실업,00114765,001620,KOSPI,분기x별도,상단,DS-8,PASS,,,2026-07-07T21:09:02
케이비아이동국실업,00114765,001620,KOSPI,분기x별도,상단,DS-7,PASS,"badges seen: ['✅', '🔎']",,2026-07-07T21:09:02
케이비아이동국실업,00114765,001620,KOSPI,분기x별도,재무제표,CV-3,PASS,rows=29 cols=79 slider_extended=True,,2026-07-07T21:09:02
케이비아이동국실업,00114765,001620,KOSPI,분기x별도,재무제표,DS-2/DS-3,DONE,"cross-check completed for ['매출액', '영업이익']",,2026-07-07T21:09:02
케이비아이동국실업,00114765,001620,KOSPI,분기x별도,지표,CV-6,PASS,default metric selection visible,,2026-07-07T21:09:02
케이씨씨,00105271,002380,KOSPI,연간x연결,재무제표,DS-1,PASS,,,2026-07-07T21:09:16
케이씨씨,00105271,002380,KOSPI,연간x연결,상단,DS-8,PASS,,,2026-07-07T21:09:16
케이씨씨,00105271,002380,KOSPI,연간x연결,상단,DS-7,PASS,"badges seen: ['✅', '🔎', '⚠']",,2026-07-07T21:09:16
케이씨씨,00105271,002380,KOSPI,연간x연결,재무제표,CV-3,PASS,rows=29 cols=23 slider_extended=True,,2026-07-07T21:09:16
케이씨씨,00105271,002380,KOSPI,연간x연결,재무제표,DS-2/DS-3,DONE,"cross-check completed for ['매출액', '영업이익']",,2026-07-07T21:09:16
케이씨씨,00105271,002380,KOSPI,연간x연결,지표,CV-6,PASS,default metric selection visible,,2026-07-07T21:09:16
케이씨씨,00105271,002380,KOSPI,연간x별도,재무제표,DS-1,PASS,,,2026-07-07T21:09:21
케이씨씨,00105271,002380,KOSPI,연간x별도,상단,DS-8,PASS,,,2026-07-07T21:09:21
케이씨씨,00105271,002380,KOSPI,연간x별도,상단,DS-7,PASS,"badges seen: ['✅', '🔎', '⚠']",,2026-07-07T21:09:21
케이씨씨,00105271,002380,KOSPI,연간x별도,재무제표,CV-3,PASS,rows=29 cols=26 slider_extended=True,,2026-07-07T21:09:21
케이씨씨,00105271,002380,KOSPI,연간x별도,재무제표,DS-2/DS-3,DONE,"cross-check completed for ['매출액', '영업이익']",,2026-07-07T21:09:21
케이씨씨,00105271,002380,KOSPI,연간x별도,지표,CV-6,PASS,default metric selection visible,,2026-07-07T21:09:21
케이씨씨,00105271,002380,KOSPI,분기x연결,재무제표,DS-1,PASS,,,2026-07-07T21:09:28
케이씨씨,00105271,002380,KOSPI,분기x연결,상단,DS-8,PASS,,,2026-07-07T21:09:28
케이씨씨,00105271,002380,KOSPI,분기x연결,상단,DS-7,PASS,"badges seen: ['✅', '🔎', '⚠']",,2026-07-07T21:09:28
케이씨씨,00105271,002380,KOSPI,분기x연결,재무제표,CV-3,PASS,rows=29 cols=81 slider_extended=True,,2026-07-07T21:09:28
케이씨씨,00105271,002380,KOSPI,분기x연결,재무제표,DS-2/DS-3,DONE,"cross-check completed for ['매출액', '영업이익']",,2026-07-07T21:09:28
케이씨씨,00105271,002380,KOSPI,분기x연결,지표,CV-6,PASS,default metric selection visible,,2026-07-07T21:09:28
케이씨씨,00105271,002380,KOSPI,분기x별도,재무제표,DS-1,PASS,,,2026-07-07T21:09:35
케이씨씨,00105271,002380,KOSPI,분기x별도,상단,DS-8,PASS,,,2026-07-07T21:09:35
케이씨씨,00105271,002380,KOSPI,분기x별도,상단,DS-7,PASS,"badges seen: ['✅', '🔎', '⚠']",,2026-07-07T21:09:35
케이씨씨,00105271,002380,KOSPI,분기x별도,재무제표,CV-3,PASS,rows=29 cols=79 slider_extended=True,,2026-07-07T21:09:35
케이씨씨,00105271,002380,KOSPI,분기x별도,재무제표,DS-2/DS-3,DONE,"cross-check completed for ['매출액', '영업이익']",,2026-07-07T21:09:35
케이씨씨,00105271,002380,KOSPI,분기x별도,지표,CV-6,PASS,default metric selection visible,,2026-07-07T21:09:35
케이씨씨글라스,01428203,344820,KOSPI,연간x연결,재무제표,DS-1,PASS,,,2026-07-07T21:09:46
케이씨씨글라스,01428203,344820,KOSPI,연간x연결,상단,DS-8,PASS,,,2026-07-07T21:09:46
케이씨씨글라스,01428203,344820,KOSPI,연간x연결,상단,DS-7,PASS,"badges seen: ['✅', '🔎', '⚠']",,2026-07-07T21:09:46
케이씨씨글라스,01428203,344820,KOSPI,연간x연결,재무제표,CV-3,PASS,rows=29 cols=8 slider_extended=True,,2026-07-07T21:09:46
케이씨씨글라스,01428203,344820,KOSPI,연간x연결,재무제표,DS-2/DS-3,DONE,"cross-check completed for ['매출액', '영업이익']",,2026-07-07T21:09:46
케이씨씨글라스,01428203,344820,KOSPI,연간x연결,지표,CV-6,PASS,default metric selection visible,,2026-07-07T21:09:46
케이씨씨글라스,01428203,344820,KOSPI,연간x별도,재무제표,DS-1,PASS,,,2026-07-07T21:09:51
케이씨씨글라스,01428203,344820,KOSPI,연간x별도,상단,DS-8,PASS,,,2026-07-07T21:09:51
케이씨씨글라스,01428203,344820,KOSPI,연간x별도,상단,DS-7,PASS,"badges seen: ['✅', '🔎', '⚠']",,2026-07-07T21:09:51
케이씨씨글라스,01428203,344820,KOSPI,연간x별도,재무제표,CV-3,PASS,rows=29 cols=8 slider_extended=True,,2026-07-07T21:09:51
케이씨씨글라스,01428203,344820,KOSPI,연간x별도,재무제표,DS-2/DS-3,DONE,"cross-check completed for ['매출액', '영업이익']",,2026-07-07T21:09:51
케이씨씨글라스,01428203,344820,KOSPI,연간x별도,지표,CV-6,PASS,default metric selection visible,,2026-07-07T21:09:51
케이씨씨글라스,01428203,344820,KOSPI,분기x연결,재무제표,DS-1,PASS,,,2026-07-07T21:09:57
케이씨씨글라스,01428203,344820,KOSPI,분기x연결,상단,DS-8,PASS,,,2026-07-07T21:09:57
케이씨씨글라스,01428203,344820,KOSPI,분기x연결,상단,DS-7,PASS,"badges seen: ['✅', '🔎']",,2026-07-07T21:09:57
케이씨씨글라스,01428203,344820,KOSPI,분기x연결,재무제표,CV-3,PASS,rows=29 cols=24 slider_extended=True,,2026-07-07T21:09:57
케이씨씨글라스,01428203,344820,KOSPI,분기x연결,재무제표,DS-2/DS-3,DONE,"cross-check completed for ['매출액', '영업이익']",,2026-07-07T21:09:57
케이씨씨글라스,01428203,344820,KOSPI,분기x연결,지표,CV-6,PASS,default metric selection visible,,2026-07-07T21:09:57
케이씨씨글라스,01428203,344820,KOSPI,분기x별도,재무제표,DS-1,PASS,,,2026-07-07T21:10:04
케이씨씨글라스,01428203,344820,KOSPI,분기x별도,상단,DS-8,PASS,,,2026-07-07T21:10:04
케이씨씨글라스,01428203,344820,KOSPI,분기x별도,상단,DS-7,PASS,"badges seen: ['✅', '🔎', '⚠']",,2026-07-07T21:10:04
케이씨씨글라스,01428203,344820,KOSPI,분기x별도,재무제표,CV-3,PASS,rows=29 cols=28 slider_extended=True,,2026-07-07T21:10:04
케이씨씨글라스,01428203,344820,KOSPI,분기x별도,재무제표,DS-2/DS-3,DONE,"cross-check completed for ['매출액', '영업이익']",,2026-07-07T21:10:04
케이씨씨글라스,01428203,344820,KOSPI,분기x별도,지표,CV-6,PASS,default metric selection visible,,2026-07-07T21:10:04
케이씨텍,01261893,281820,KOSPI,연간x연결,재무제표,DS-1,PASS,,,2026-07-07T21:10:18
케이씨텍,01261893,281820,KOSPI,연간x연결,상단,DS-8,PASS,,,2026-07-07T21:10:18
케이씨텍,01261893,281820,KOSPI,연간x연결,상단,DS-7,PASS,"badges seen: ['✅', '🔎', '⚠']",,2026-07-07T21:10:18
케이씨텍,01261893,281820,KOSPI,연간x연결,재무제표,CV-3,PASS,rows=29 cols=5 slider_extended=True,,2026-07-07T21:10:18
케이씨텍,01261893,281820,KOSPI,연간x연결,재무제표,DS-2/DS-3,DONE,"cross-check completed for ['매출액', '영업이익']",,2026-07-07T21:10:18
케이씨텍,01261893,281820,KOSPI,연간x연결,지표,CV-6,PASS,default metric selection visible,,2026-07-07T21:10:18
케이씨텍,01261893,281820,KOSPI,연간x별도,재무제표,DS-1,PASS,,,2026-07-07T21:10:23
케이씨텍,01261893,281820,KOSPI,연간x별도,상단,DS-8,PASS,,,2026-07-07T21:10:23
케이씨텍,01261893,281820,KOSPI,연간x별도,상단,DS-7,PASS,"badges seen: ['✅', '🔎', '⚠']",,2026-07-07T21:10:23
케이씨텍,01261893,281820,KOSPI,연간x별도,재무제표,CV-3,PASS,rows=29 cols=11 slider_extended=True,,2026-07-07T21:10:23
케이씨텍,01261893,281820,KOSPI,연간x별도,재무제표,DS-2/DS-3,DONE,"cross-check completed for ['매출액', '영업이익']",,2026-07-07T21:10:23
케이씨텍,01261893,281820,KOSPI,연간x별도,지표,CV-6,PASS,default metric selection visible,,2026-07-07T21:10:23
케이씨텍,01261893,281820,KOSPI,분기x연결,재무제표,DS-1,PASS,,,2026-07-07T21:10:29
케이씨텍,01261893,281820,KOSPI,분기x연결,상단,DS-8,PASS,,,2026-07-07T21:10:29
케이씨텍,01261893,281820,KOSPI,분기x연결,상단,DS-7,PASS,"badges seen: ['✅', '🔎', '⚠']",,2026-07-07T21:10:29
케이씨텍,01261893,281820,KOSPI,분기x연결,재무제표,CV-3,PASS,rows=29 cols=9 slider_extended=True,,2026-07-07T21:10:29
케이씨텍,01261893,281820,KOSPI,분기x연결,재무제표,DS-2/DS-3,DONE,"cross-check completed for ['매출액', '영업이익']",,2026-07-07T21:10:29
케이씨텍,01261893,281820,KOSPI,분기x연결,지표,CV-6,PASS,default metric selection visible,,2026-07-07T21:10:29
케이씨텍,01261893,281820,KOSPI,분기x별도,재무제표,DS-1,PASS,,,2026-07-07T21:10:36
케이씨텍,01261893,281820,KOSPI,분기x별도,상단,DS-8,PASS,,,2026-07-07T21:10:36
케이씨텍,01261893,281820,KOSPI,분기x별도,상단,DS-7,PASS,"badges seen: ['✅', '🔎', '⚠']",,2026-07-07T21:10:36
케이씨텍,01261893,281820,KOSPI,분기x별도,재무제표,CV-3,PASS,rows=29 cols=36 slider_extended=True,,2026-07-07T21:10:36
케이씨텍,01261893,281820,KOSPI,분기x별도,재무제표,DS-2/DS-3,DONE,"cross-check completed for ['매출액', '영업이익']",,2026-07-07T21:10:36
케이씨텍,01261893,281820,KOSPI,분기x별도,지표,CV-6,PASS,default metric selection visible,,2026-07-07T21:10:36
케이씨티시,00103042,009070,KOSPI,연간x연결,재무제표,DS-1,PASS,,,2026-07-07T21:10:49
케이씨티시,00103042,009070,KOSPI,연간x연결,상단,DS-8,PASS,,,2026-07-07T21:10:49
케이씨티시,00103042,009070,KOSPI,연간x연결,상단,DS-7,PASS,"badges seen: ['✅', '🔎']",,2026-07-07T21:10:49
케이씨티시,00103042,009070,KOSPI,연간x연결,재무제표,CV-3,PASS,rows=29 cols=23 slider_extended=True,,2026-07-07T21:10:49
케이씨티시,00103042,009070,KOSPI,연간x연결,재무제표,DS-2/DS-3,DONE,"cross-check completed for ['매출액', '영업이익']",,2026-07-07T21:10:49
케이씨티시,00103042,009070,KOSPI,연간x연결,지표,CV-6,PASS,default metric selection visible,,2026-07-07T21:10:49
케이씨티시,00103042,009070,KOSPI,연간x별도,재무제표,DS-1,PASS,,,2026-07-07T21:10:55
케이씨티시,00103042,009070,KOSPI,연간x별도,상단,DS-8,PASS,,,2026-07-07T21:10:55
케이씨티시,00103042,009070,KOSPI,연간x별도,상단,DS-7,PASS,"badges seen: ['✅', '🔎']",,2026-07-07T21:10:55
케이씨티시,00103042,009070,KOSPI,연간x별도,재무제표,CV-3,PASS,rows=29 cols=21 slider_extended=True,,2026-07-07T21:10:55
케이씨티시,00103042,009070,KOSPI,연간x별도,재무제표,DS-2/DS-3,DONE,"cross-check completed for ['매출액', '영업이익']",,2026-07-07T21:10:55
케이씨티시,00103042,009070,KOSPI,연간x별도,지표,CV-6,PASS,default metric selection visible,,2026-07-07T21:10:55
케이씨티시,00103042,009070,KOSPI,분기x연결,재무제표,DS-1,PASS,,,2026-07-07T21:11:01
케이씨티시,00103042,009070,KOSPI,분기x연결,상단,DS-8,PASS,,,2026-07-07T21:11:01
케이씨티시,00103042,009070,KOSPI,분기x연결,상단,DS-7,PASS,"badges seen: ['✅', '🔎']",,2026-07-07T21:11:01
케이씨티시,00103042,009070,KOSPI,분기x연결,재무제표,CV-3,PASS,rows=29 cols=70 slider_extended=True,,2026-07-07T21:11:01
케이씨티시,00103042,009070,KOSPI,분기x연결,재무제표,DS-2/DS-3,DONE,"cross-check completed for ['매출액', '영업이익']",,2026-07-07T21:11:01
케이씨티시,00103042,009070,KOSPI,분기x연결,지표,CV-6,PASS,default metric selection visible,,2026-07-07T21:11:01
케이씨티시,00103042,009070,KOSPI,분기x별도,재무제표,DS-1,PASS,,,2026-07-07T21:11:08
케이씨티시,00103042,009070,KOSPI,분기x별도,상단,DS-8,PASS,,,2026-07-07T21:11:08
케이씨티시,00103042,009070,KOSPI,분기x별도,상단,DS-7,PASS,"badges seen: ['✅', '🔎']",,2026-07-07T21:11:08
케이씨티시,00103042,009070,KOSPI,분기x별도,재무제표,CV-3,PASS,rows=29 cols=73 slider_extended=True,,2026-07-07T21:11:08
케이씨티시,00103042,009070,KOSPI,분기x별도,재무제표,DS-2/DS-3,DONE,"cross-check completed for ['매출액', '영업이익']",,2026-07-07T21:11:08
케이씨티시,00103042,009070,KOSPI,분기x별도,지표,CV-6,PASS,default metric selection visible,,2026-07-07T21:11:08
케이카,01323032,381970,KOSPI,연간x연결,재무제표,DS-1,PASS,,,2026-07-07T21:11:22
케이카,01323032,381970,KOSPI,연간x연결,상단,DS-8,PASS,,,2026-07-07T21:11:22
케이카,01323032,381970,KOSPI,연간x연결,상단,DS-4,PASS,substitution caption present,,2026-07-07T21:11:22
케이카,01323032,381970,KOSPI,연간x연결,상단,DS-7,PASS,"badges seen: ['✅', '🔎']",,2026-07-07T21:11:22
케이카,01323032,381970,KOSPI,연간x연결,재무제표,CV-3,PASS,rows=29 cols=9 slider_extended=True,,2026-07-07T21:11:22
케이카,01323032,381970,KOSPI,연간x연결,재무제표,DS-2/DS-3,DONE,"cross-check completed for ['매출액', '영업이익']",,2026-07-07T21:11:22
케이카,01323032,381970,KOSPI,연간x연결,지표,CV-6,PASS,default metric selection visible,,2026-07-07T21:11:22
케이카,01323032,381970,KOSPI,연간x별도,재무제표,DS-1,PASS,,,2026-07-07T21:11:27
케이카,01323032,381970,KOSPI,연간x별도,상단,DS-8,PASS,,,2026-07-07T21:11:27
케이카,01323032,381970,KOSPI,연간x별도,상단,DS-7,PASS,"badges seen: ['✅', '🔎']",,2026-07-07T21:11:27
케이카,01323032,381970,KOSPI,연간x별도,재무제표,CV-3,PASS,rows=29 cols=9 slider_extended=True,,2026-07-07T21:11:27
케이카,01323032,381970,KOSPI,연간x별도,재무제표,DS-2/DS-3,DONE,"cross-check completed for ['매출액', '영업이익']",,2026-07-07T21:11:27
케이카,01323032,381970,KOSPI,연간x별도,지표,CV-6,PASS,default metric selection visible,,2026-07-07T21:11:27
케이카,01323032,381970,KOSPI,분기x연결,재무제표,DS-1,PASS,,,2026-07-07T21:11:33
케이카,01323032,381970,KOSPI,분기x연결,상단,DS-8,PASS,,,2026-07-07T21:11:33
케이카,01323032,381970,KOSPI,분기x연결,상단,DS-4,PASS,substitution caption present,,2026-07-07T21:11:33
케이카,01323032,381970,KOSPI,분기x연결,상단,DS-7,PASS,"badges seen: ['✅', '🔎']",,2026-07-07T21:11:33
케이카,01323032,381970,KOSPI,분기x연결,재무제표,CV-3,PASS,rows=29 cols=26 slider_extended=True,,2026-07-07T21:11:33
케이카,01323032,381970,KOSPI,분기x연결,재무제표,DS-2/DS-3,DONE,"cross-check completed for ['매출액', '영업이익']",,2026-07-07T21:11:33
케이카,01323032,381970,KOSPI,분기x연결,지표,CV-6,PASS,default metric selection visible,,2026-07-07T21:11:33
케이카,01323032,381970,KOSPI,분기x별도,재무제표,DS-1,PASS,,,2026-07-07T21:11:40
케이카,01323032,381970,KOSPI,분기x별도,상단,DS-8,PASS,,,2026-07-07T21:11:40
케이카,01323032,381970,KOSPI,분기x별도,상단,DS-7,PASS,"badges seen: ['✅', '🔎']",,2026-07-07T21:11:40
케이카,01323032,381970,KOSPI,분기x별도,재무제표,CV-3,PASS,rows=29 cols=26 slider_extended=True,,2026-07-07T21:11:40
케이카,01323032,381970,KOSPI,분기x별도,재무제표,DS-2/DS-3,DONE,"cross-check completed for ['매출액', '영업이익']",,2026-07-07T21:11:40
케이카,01323032,381970,KOSPI,분기x별도,지표,CV-6,PASS,default metric selection visible,,2026-07-07T21:11:40
케이티,00190321,030200,KOSPI,연간x연결,재무제표,DS-1,PASS,,,2026-07-07T21:11:51
케이티,00190321,030200,KOSPI,연간x연결,상단,DS-8,PASS,,,2026-07-07T21:11:51
케이티,00190321,030200,KOSPI,연간x연결,상단,DS-7,PASS,"badges seen: ['✅', '🔎', '⚠']",,2026-07-07T21:11:51
케이티,00190321,030200,KOSPI,연간x연결,재무제표,CV-3,PASS,rows=29 cols=12 slider_extended=True,,2026-07-07T21:11:51
케이티,00190321,030200,KOSPI,연간x연결,재무제표,DS-2/DS-3,DONE,"cross-check completed for ['매출액', '영업이익']",,2026-07-07T21:11:51
케이티,00190321,030200,KOSPI,연간x연결,지표,CV-6,PASS,default metric selection visible,,2026-07-07T21:11:51
케이티,00190321,030200,KOSPI,연간x별도,재무제표,DS-1,PASS,,,2026-07-07T21:11:56
케이티,00190321,030200,KOSPI,연간x별도,상단,DS-8,PASS,,,2026-07-07T21:11:56
케이티,00190321,030200,KOSPI,연간x별도,상단,DS-7,PASS,"badges seen: ['✅', '🔎']",,2026-07-07T21:11:56
케이티,00190321,030200,KOSPI,연간x별도,재무제표,CV-3,PASS,rows=29 cols=24 slider_extended=True,,2026-07-07T21:11:56
케이티,00190321,030200,KOSPI,연간x별도,재무제표,DS-2/DS-3,DONE,"cross-check completed for ['매출액', '영업이익']",,2026-07-07T21:11:56
케이티,00190321,030200,KOSPI,연간x별도,지표,CV-6,PASS,default metric selection visible,,2026-07-07T21:11:56
케이티,00190321,030200,KOSPI,분기x연결,재무제표,DS-1,PASS,,,2026-07-07T21:12:02
케이티,00190321,030200,KOSPI,분기x연결,상단,DS-8,PASS,,,2026-07-07T21:12:02
케이티,00190321,030200,KOSPI,분기x연결,상단,DS-7,PASS,"badges seen: ['✅', '🔎']",,2026-07-07T21:12:02
케이티,00190321,030200,KOSPI,분기x연결,재무제표,CV-3,PASS,rows=29 cols=79 slider_extended=True,,2026-07-07T21:12:02
케이티,00190321,030200,KOSPI,분기x연결,재무제표,DS-2/DS-3,DONE,"cross-check completed for ['매출액', '영업이익']",,2026-07-07T21:12:02
케이티,00190321,030200,KOSPI,분기x연결,지표,CV-6,PASS,default metric selection visible,,2026-07-07T21:12:02
케이티,00190321,030200,KOSPI,분기x별도,재무제표,DS-1,PASS,,,2026-07-07T21:12:09
케이티,00190321,030200,KOSPI,분기x별도,상단,DS-8,PASS,,,2026-07-07T21:12:09
케이티,00190321,030200,KOSPI,분기x별도,상단,DS-7,PASS,"badges seen: ['✅', '🔎']",,2026-07-07T21:12:09
케이티,00190321,030200,KOSPI,분기x별도,재무제표,CV-3,PASS,rows=29 cols=78 slider_extended=True,,2026-07-07T21:12:09
케이티,00190321,030200,KOSPI,분기x별도,재무제표,DS-2/DS-3,DONE,"cross-check completed for ['매출액', '영업이익']",,2026-07-07T21:12:09
케이티,00190321,030200,KOSPI,분기x별도,지표,CV-6,PASS,default metric selection visible,,2026-07-07T21:12:09
케이티스카이라이프,00349097,053210,KOSPI,연간x연결,재무제표,DS-1,PASS,,,2026-07-07T21:12:23
케이티스카이라이프,00349097,053210,KOSPI,연간x연결,상단,DS-8,PASS,,,2026-07-07T21:12:23
케이티스카이라이프,00349097,053210,KOSPI,연간x연결,상단,DS-7,PASS,"badges seen: ['✅', '🔎']",,2026-07-07T21:12:23
케이티스카이라이프,00349097,053210,KOSPI,연간x연결,재무제표,CV-3,PASS,rows=29 cols=19 slider_extended=True,,2026-07-07T21:12:23
케이티스카이라이프,00349097,053210,KOSPI,연간x연결,재무제표,DS-2/DS-3,DONE,"cross-check completed for ['매출액', '영업이익']",,2026-07-07T21:12:23
케이티스카이라이프,00349097,053210,KOSPI,연간x연결,지표,CV-6,PASS,default metric selection visible,,2026-07-07T21:12:23
케이티스카이라이프,00349097,053210,KOSPI,연간x별도,재무제표,DS-1,PASS,,,2026-07-07T21:12:28
케이티스카이라이프,00349097,053210,KOSPI,연간x별도,상단,DS-8,PASS,,,2026-07-07T21:12:28
케이티스카이라이프,00349097,053210,KOSPI,연간x별도,상단,DS-7,PASS,"badges seen: ['✅', '🔎']",,2026-07-07T21:12:28
케이티스카이라이프,00349097,053210,KOSPI,연간x별도,재무제표,CV-3,PASS,rows=29 cols=24 slider_extended=True,,2026-07-07T21:12:28
케이티스카이라이프,00349097,053210,KOSPI,연간x별도,재무제표,DS-2/DS-3,DONE,"cross-check completed for ['매출액', '영업이익']",,2026-07-07T21:12:28
케이티스카이라이프,00349097,053210,KOSPI,연간x별도,지표,CV-6,PASS,default metric selection visible,,2026-07-07T21:12:28
케이티스카이라이프,00349097,053210,KOSPI,분기x연결,재무제표,DS-1,PASS,,,2026-07-07T21:12:34
케이티스카이라이프,00349097,053210,KOSPI,분기x연결,상단,DS-8,PASS,,,2026-07-07T21:12:34
케이티스카이라이프,00349097,053210,KOSPI,분기x연결,상단,DS-7,PASS,"badges seen: ['✅', '🔎', '⚠']",,2026-07-07T21:12:34
케이티스카이라이프,00349097,053210,KOSPI,분기x연결,재무제표,CV-3,PASS,rows=29 cols=60 slider_extended=True,,2026-07-07T21:12:34
케이티스카이라이프,00349097,053210,KOSPI,분기x연결,재무제표,DS-2/DS-3,DONE,"cross-check completed for ['매출액', '영업이익']",,2026-07-07T21:12:34
케이티스카이라이프,00349097,053210,KOSPI,분기x연결,지표,CV-6,PASS,default metric selection visible,,2026-07-07T21:12:34
케이티스카이라이프,00349097,053210,KOSPI,분기x별도,재무제표,DS-1,PASS,,,2026-07-07T21:12:42
케이티스카이라이프,00349097,053210,KOSPI,분기x별도,상단,DS-8,PASS,,,2026-07-07T21:12:42
케이티스카이라이프,00349097,053210,KOSPI,분기x별도,상단,DS-7,PASS,"badges seen: ['✅', '🔎']",,2026-07-07T21:12:42
케이티스카이라이프,00349097,053210,KOSPI,분기x별도,재무제표,CV-3,PASS,rows=29 cols=76 slider_extended=True,,2026-07-07T21:12:42
케이티스카이라이프,00349097,053210,KOSPI,분기x별도,재무제표,DS-2/DS-3,DONE,"cross-check completed for ['매출액', '영업이익']",,2026-07-07T21:12:42
케이티스카이라이프,00349097,053210,KOSPI,분기x별도,지표,CV-6,PASS,default metric selection visible,,2026-07-07T21:12:42
케이티앤지,00244455,033780,KOSPI,연간x연결,재무제표,DS-1,PASS,,,2026-07-07T21:12:53
케이티앤지,00244455,033780,KOSPI,연간x연결,상단,DS-8,PASS,,,2026-07-07T21:12:53
케이티앤지,00244455,033780,KOSPI,연간x연결,상단,DS-7,PASS,"badges seen: ['✅', '🔎']",,2026-07-07T21:12:53
케이티앤지,00244455,033780,KOSPI,연간x연결,재무제표,CV-3,PASS,rows=29 cols=20 slider_extended=True,,2026-07-07T21:12:53
케이티앤지,00244455,033780,KOSPI,연간x연결,재무제표,DS-2/DS-3,DONE,"cross-check completed for ['매출액', '영업이익']",,2026-07-07T21:12:53
케이티앤지,00244455,033780,KOSPI,연간x연결,지표,CV-6,PASS,default metric selection visible,,2026-07-07T21:12:53
케이티앤지,00244455,033780,KOSPI,연간x별도,재무제표,DS-1,PASS,,,2026-07-07T21:12:58
케이티앤지,00244455,033780,KOSPI,연간x별도,상단,DS-8,PASS,,,2026-07-07T21:12:58
케이티앤지,00244455,033780,KOSPI,연간x별도,상단,DS-7,PASS,"badges seen: ['✅', '🔎']",,2026-07-07T21:12:58
케이티앤지,00244455,033780,KOSPI,연간x별도,재무제표,CV-3,PASS,rows=29 cols=26 slider_extended=True,,2026-07-07T21:12:58
케이티앤지,00244455,033780,KOSPI,연간x별도,재무제표,DS-2/DS-3,DONE,"cross-check completed for ['매출액', '영업이익']",,2026-07-07T21:12:58
케이티앤지,00244455,033780,KOSPI,연간x별도,지표,CV-6,PASS,default metric selection visible,,2026-07-07T21:12:58
케이티앤지,00244455,033780,KOSPI,분기x연결,재무제표,DS-1,PASS,,,2026-07-07T21:13:04
케이티앤지,00244455,033780,KOSPI,분기x연결,상단,DS-8,PASS,,,2026-07-07T21:13:04
케이티앤지,00244455,033780,KOSPI,분기x연결,상단,DS-7,PASS,"badges seen: ['✅', '🔎']",,2026-07-07T21:13:04
케이티앤지,00244455,033780,KOSPI,분기x연결,재무제표,CV-3,PASS,rows=29 cols=72 slider_extended=True,,2026-07-07T21:13:04
케이티앤지,00244455,033780,KOSPI,분기x연결,재무제표,DS-2/DS-3,DONE,"cross-check completed for ['매출액', '영업이익']",,2026-07-07T21:13:04
케이티앤지,00244455,033780,KOSPI,분기x연결,지표,CV-6,PASS,default metric selection visible,,2026-07-07T21:13:04
케이티앤지,00244455,033780,KOSPI,분기x별도,재무제표,DS-1,PASS,,,2026-07-07T21:13:11
케이티앤지,00244455,033780,KOSPI,분기x별도,상단,DS-8,PASS,,,2026-07-07T21:13:11
케이티앤지,00244455,033780,KOSPI,분기x별도,상단,DS-7,PASS,"badges seen: ['✅', '🔎']",,2026-07-07T21:13:11
케이티앤지,00244455,033780,KOSPI,분기x별도,재무제표,CV-3,PASS,rows=29 cols=78 slider_extended=True,,2026-07-07T21:13:11
케이티앤지,00244455,033780,KOSPI,분기x별도,재무제표,DS-2/DS-3,DONE,"cross-check completed for ['매출액', '영업이익']",,2026-07-07T21:13:11
케이티앤지,00244455,033780,KOSPI,분기x별도,지표,CV-6,PASS,default metric selection visible,,2026-07-07T21:13:11
코리아써키트,00152686,007810,KOSPI,연간x연결,재무제표,DS-1,PASS,,,2026-07-07T21:13:25
코리아써키트,00152686,007810,KOSPI,연간x연결,상단,DS-8,PASS,,,2026-07-07T21:13:25
코리아써키트,00152686,007810,KOSPI,연간x연결,상단,DS-7,PASS,"badges seen: ['✅', '🔎', '⚠']",,2026-07-07T21:13:25
코리아써키트,00152686,007810,KOSPI,연간x연결,재무제표,CV-3,PASS,rows=29 cols=19 slider_extended=True,,2026-07-07T21:13:25
코리아써키트,00152686,007810,KOSPI,연간x연결,재무제표,DS-2/DS-3,DONE,"cross-check completed for ['매출액', '영업이익']",,2026-07-07T21:13:25
코리아써키트,00152686,007810,KOSPI,연간x연결,지표,CV-6,PASS,default metric selection visible,,2026-07-07T21:13:25
코리아써키트,00152686,007810,KOSPI,연간x별도,재무제표,DS-1,PASS,,,2026-07-07T21:13:30
코리아써키트,00152686,007810,KOSPI,연간x별도,상단,DS-8,PASS,,,2026-07-07T21:13:30
코리아써키트,00152686,007810,KOSPI,연간x별도,상단,DS-7,PASS,"badges seen: ['✅', '🔎', '⚠']",,2026-07-07T21:13:30
코리아써키트,00152686,007810,KOSPI,연간x별도,재무제표,CV-3,PASS,rows=29 cols=23 slider_extended=True,,2026-07-07T21:13:30
코리아써키트,00152686,007810,KOSPI,연간x별도,재무제표,DS-2/DS-3,DONE,"cross-check completed for ['매출액', '영업이익']",,2026-07-07T21:13:30
코리아써키트,00152686,007810,KOSPI,연간x별도,지표,CV-6,PASS,default metric selection visible,,2026-07-07T21:13:30
코리아써키트,00152686,007810,KOSPI,분기x연결,재무제표,DS-1,PASS,,,2026-07-07T21:13:36
코리아써키트,00152686,007810,KOSPI,분기x연결,상단,DS-8,PASS,,,2026-07-07T21:13:36
코리아써키트,00152686,007810,KOSPI,분기x연결,상단,DS-7,PASS,"badges seen: ['✅', '🔎']",,2026-07-07T21:13:36
코리아써키트,00152686,007810,KOSPI,분기x연결,재무제표,CV-3,PASS,rows=29 cols=61 slider_extended=True,,2026-07-07T21:13:36
코리아써키트,00152686,007810,KOSPI,분기x연결,재무제표,DS-2/DS-3,DONE,"cross-check completed for ['매출액', '영업이익']",,2026-07-07T21:13:36
코리아써키트,00152686,007810,KOSPI,분기x연결,지표,CV-6,PASS,default metric selection visible,,2026-07-07T21:13:36
코리아써키트,00152686,007810,KOSPI,분기x별도,재무제표,DS-1,PASS,,,2026-07-07T21:13:43
코리아써키트,00152686,007810,KOSPI,분기x별도,상단,DS-8,PASS,,,2026-07-07T21:13:43
코리아써키트,00152686,007810,KOSPI,분기x별도,상단,DS-7,PASS,"badges seen: ['✅', '🔎']",,2026-07-07T21:13:43
코리아써키트,00152686,007810,KOSPI,분기x별도,재무제표,CV-3,PASS,rows=29 cols=83 slider_extended=True,,2026-07-07T21:13:43
코리아써키트,00152686,007810,KOSPI,분기x별도,재무제표,DS-2/DS-3,DONE,"cross-check completed for ['매출액', '영업이익']",,2026-07-07T21:13:43
코리아써키트,00152686,007810,KOSPI,분기x별도,지표,CV-6,PASS,default metric selection visible,,2026-07-07T21:13:43
코리안리,00113191,003690,KOSPI,연간x연결,재무제표,DS-1,PASS,,,2026-07-07T21:13:57
코리안리,00113191,003690,KOSPI,연간x연결,상단,DS-8,PASS,,,2026-07-07T21:13:57
코리안리,00113191,003690,KOSPI,연간x연결,상단,DS-7,PASS,"badges seen: ['✅', '🔎']",,2026-07-07T21:13:57
코리안리,00113191,003690,KOSPI,연간x연결,재무제표,CV-3,PASS,rows=29 cols=21 slider_extended=True,,2026-07-07T21:13:57
코리안리,00113191,003690,KOSPI,연간x연결,재무제표,DS-2/DS-3,DONE,"cross-check completed for ['매출액', '영업이익']",,2026-07-07T21:13:57
코리안리,00113191,003690,KOSPI,연간x연결,지표,CV-6,PASS,default metric selection visible,,2026-07-07T21:13:57
코리안리,00113191,003690,KOSPI,연간x별도,재무제표,DS-1,PASS,,,2026-07-07T21:14:02
코리안리,00113191,003690,KOSPI,연간x별도,상단,DS-8,PASS,,,2026-07-07T21:14:02
코리안리,00113191,003690,KOSPI,연간x별도,상단,DS-7,PASS,"badges seen: ['✅', '🔎']",,2026-07-07T21:14:02
코리안리,00113191,003690,KOSPI,연간x별도,재무제표,CV-3,PASS,rows=29 cols=21 slider_extended=True,,2026-07-07T21:14:02
코리안리,00113191,003690,KOSPI,연간x별도,재무제표,DS-2/DS-3,DONE,"cross-check completed for ['매출액', '영업이익']",,2026-07-07T21:14:02
코리안리,00113191,003690,KOSPI,연간x별도,지표,CV-6,PASS,default metric selection visible,,2026-07-07T21:14:02
코리안리,00113191,003690,KOSPI,분기x연결,재무제표,DS-1,PASS,,,2026-07-07T21:14:08
코리안리,00113191,003690,KOSPI,분기x연결,상단,DS-8,PASS,,,2026-07-07T21:14:08
코리안리,00113191,003690,KOSPI,분기x연결,상단,DS-7,PASS,"badges seen: ['✅', '🔎']",,2026-07-07T21:14:08
코리안리,00113191,003690,KOSPI,분기x연결,재무제표,CV-3,PASS,rows=29 cols=63 slider_extended=True,,2026-07-07T21:14:08
코리안리,00113191,003690,KOSPI,분기x연결,재무제표,DS-2/DS-3,DONE,"cross-check completed for ['매출액', '영업이익']",,2026-07-07T21:14:08
코리안리,00113191,003690,KOSPI,분기x연결,지표,CV-6,PASS,default metric selection visible,,2026-07-07T21:14:08
코리안리,00113191,003690,KOSPI,분기x별도,재무제표,DS-1,PASS,,,2026-07-07T21:14:15
코리안리,00113191,003690,KOSPI,분기x별도,상단,DS-8,PASS,,,2026-07-07T21:14:15
코리안리,00113191,003690,KOSPI,분기x별도,상단,DS-7,PASS,"badges seen: ['✅', '🔎']",,2026-07-07T21:14:15
코리안리,00113191,003690,KOSPI,분기x별도,재무제표,CV-3,PASS,rows=29 cols=71 slider_extended=True,,2026-07-07T21:14:15
코리안리,00113191,003690,KOSPI,분기x별도,재무제표,DS-2/DS-3,DONE,"cross-check completed for ['매출액', '영업이익']",,2026-07-07T21:14:15
코리안리,00113191,003690,KOSPI,분기x별도,지표,CV-6,PASS,default metric selection visible,,2026-07-07T21:14:15
코스맥스,01009789,192820,KOSPI,연간x연결,재무제표,DS-1,PASS,,,2026-07-07T21:14:29
코스맥스,01009789,192820,KOSPI,연간x연결,상단,DS-8,PASS,,,2026-07-07T21:14:29
코스맥스,01009789,192820,KOSPI,연간x연결,상단,DS-7,PASS,"badges seen: ['✅', '🔎']",,2026-07-07T21:14:29
코스맥스,01009789,192820,KOSPI,연간x연결,재무제표,CV-3,PASS,rows=29 cols=14 slider_extended=True,,2026-07-07T21:14:29
코스맥스,01009789,192820,KOSPI,연간x연결,재무제표,DS-2/DS-3,DONE,"cross-check completed for ['매출액', '영업이익']",,2026-07-07T21:14:29
코스맥스,01009789,192820,KOSPI,연간x연결,지표,CV-6,PASS,default metric selection visible,,2026-07-07T21:14:29
코스맥스,01009789,192820,KOSPI,연간x별도,재무제표,DS-1,PASS,,,2026-07-07T21:14:34
코스맥스,01009789,192820,KOSPI,연간x별도,상단,DS-8,PASS,,,2026-07-07T21:14:34
코스맥스,01009789,192820,KOSPI,연간x별도,상단,DS-7,PASS,"badges seen: ['✅', '🔎', '⚠']",,2026-07-07T21:14:34
코스맥스,01009789,192820,KOSPI,연간x별도,재무제표,CV-3,PASS,rows=29 cols=14 slider_extended=True,,2026-07-07T21:14:34
코스맥스,01009789,192820,KOSPI,연간x별도,재무제표,DS-2/DS-3,DONE,"cross-check completed for ['매출액', '영업이익']",,2026-07-07T21:14:34
코스맥스,01009789,192820,KOSPI,연간x별도,지표,CV-6,PASS,default metric selection visible,,2026-07-07T21:14:34
코스맥스,01009789,192820,KOSPI,분기x연결,재무제표,DS-1,PASS,,,2026-07-07T21:14:40
코스맥스,01009789,192820,KOSPI,분기x연결,상단,DS-8,PASS,,,2026-07-07T21:14:40
코스맥스,01009789,192820,KOSPI,분기x연결,상단,DS-7,PASS,"badges seen: ['✅', '🔎', '⚠']",,2026-07-07T21:14:40
코스맥스,01009789,192820,KOSPI,분기x연결,재무제표,CV-3,PASS,rows=29 cols=51 slider_extended=True,,2026-07-07T21:14:40
코스맥스,01009789,192820,KOSPI,분기x연결,재무제표,DS-2/DS-3,DONE,"cross-check completed for ['매출액', '영업이익']",,2026-07-07T21:14:40
코스맥스,01009789,192820,KOSPI,분기x연결,지표,CV-6,PASS,default metric selection visible,,2026-07-07T21:14:40
코스맥스,01009789,192820,KOSPI,분기x별도,재무제표,DS-1,PASS,,,2026-07-07T21:14:47
코스맥스,01009789,192820,KOSPI,분기x별도,상단,DS-8,PASS,,,2026-07-07T21:14:47
코스맥스,01009789,192820,KOSPI,분기x별도,상단,DS-7,PASS,"badges seen: ['✅', '🔎']",,2026-07-07T21:14:47
코스맥스,01009789,192820,KOSPI,분기x별도,재무제표,CV-3,PASS,rows=29 cols=51 slider_extended=True,,2026-07-07T21:14:47
코스맥스,01009789,192820,KOSPI,분기x별도,재무제표,DS-2/DS-3,DONE,"cross-check completed for ['매출액', '영업이익']",,2026-07-07T21:14:47
코스맥스,01009789,192820,KOSPI,분기x별도,지표,CV-6,PASS,default metric selection visible,,2026-07-07T21:14:47
코스맥스비티아이,00219574,044820,KOSPI,연간x연결,재무제표,DS-1,PASS,,,2026-07-07T21:14:58
코스맥스비티아이,00219574,044820,KOSPI,연간x연결,상단,DS-8,PASS,,,2026-07-07T21:14:58
코스맥스비티아이,00219574,044820,KOSPI,연간x연결,상단,DS-7,PASS,"badges seen: ['✅', '🔎', '⚠']",,2026-07-07T21:14:58
코스맥스비티아이,00219574,044820,KOSPI,연간x연결,재무제표,CV-3,PASS,rows=29 cols=22 slider_extended=True,,2026-07-07T21:14:58
코스맥스비티아이,00219574,044820,KOSPI,연간x연결,재무제표,DS-2/DS-3,DONE,"cross-check completed for ['매출액', '영업이익']",,2026-07-07T21:14:58
코스맥스비티아이,00219574,044820,KOSPI,연간x연결,지표,CV-6,PASS,default metric selection visible,,2026-07-07T21:14:58
코스맥스비티아이,00219574,044820,KOSPI,연간x별도,재무제표,DS-1,PASS,,,2026-07-07T21:15:03
코스맥스비티아이,00219574,044820,KOSPI,연간x별도,상단,DS-8,PASS,,,2026-07-07T21:15:03
코스맥스비티아이,00219574,044820,KOSPI,연간x별도,상단,DS-7,PASS,"badges seen: ['✅', '🔎']",,2026-07-07T21:15:03
코스맥스비티아이,00219574,044820,KOSPI,연간x별도,재무제표,CV-3,PASS,rows=29 cols=28 slider_extended=True,,2026-07-07T21:15:03
코스맥스비티아이,00219574,044820,KOSPI,연간x별도,재무제표,DS-2/DS-3,DONE,"cross-check completed for ['매출액', '영업이익']",,2026-07-07T21:15:03
코스맥스비티아이,00219574,044820,KOSPI,연간x별도,지표,CV-6,PASS,default metric selection visible,,2026-07-07T21:15:03
코스맥스비티아이,00219574,044820,KOSPI,분기x연결,재무제표,DS-1,PASS,,,2026-07-07T21:15:10
코스맥스비티아이,00219574,044820,KOSPI,분기x연결,상단,DS-8,PASS,,,2026-07-07T21:15:10
코스맥스비티아이,00219574,044820,KOSPI,분기x연결,상단,DS-7,PASS,"badges seen: ['✅', '🔎']",,2026-07-07T21:15:10
코스맥스비티아이,00219574,044820,KOSPI,분기x연결,재무제표,CV-3,PASS,rows=29 cols=68 slider_extended=True,,2026-07-07T21:15:10
코스맥스비티아이,00219574,044820,KOSPI,분기x연결,재무제표,DS-2/DS-3,DONE,"cross-check completed for ['매출액', '영업이익']",,2026-07-07T21:15:10
코스맥스비티아이,00219574,044820,KOSPI,분기x연결,지표,CV-6,PASS,default metric selection visible,,2026-07-07T21:15:10
코스맥스비티아이,00219574,044820,KOSPI,분기x별도,재무제표,DS-1,PASS,,,2026-07-07T21:15:17
코스맥스비티아이,00219574,044820,KOSPI,분기x별도,상단,DS-8,PASS,,,2026-07-07T21:15:17
코스맥스비티아이,00219574,044820,KOSPI,분기x별도,상단,DS-7,PASS,"badges seen: ['✅', '🔎']",,2026-07-07T21:15:17
코스맥스비티아이,00219574,044820,KOSPI,분기x별도,재무제표,CV-3,PASS,rows=29 cols=82 slider_extended=True,,2026-07-07T21:15:17
코스맥스비티아이,00219574,044820,KOSPI,분기x별도,재무제표,DS-2/DS-3,DONE,"cross-check completed for ['매출액', '영업이익']",,2026-07-07T21:15:17
코스맥스비티아이,00219574,044820,KOSPI,분기x별도,지표,CV-6,PASS,default metric selection visible,,2026-07-07T21:15:17
코스모신소재,00129989,005070,KOSPI,연간x연결,재무제표,DS-1,PASS,,,2026-07-07T21:15:31
코스모신소재,00129989,005070,KOSPI,연간x연결,상단,DS-8,PASS,,,2026-07-07T21:15:31
코스모신소재,00129989,005070,KOSPI,연간x연결,상단,DS-4,PASS,substitution caption present,,2026-07-07T21:15:31
코스모신소재,00129989,005070,KOSPI,연간x연결,상단,DS-7,PASS,"badges seen: ['✅', '🔎', '⚠']",,2026-07-07T21:15:31
코스모신소재,00129989,005070,KOSPI,연간x연결,재무제표,CV-3,PASS,rows=29 cols=31 slider_extended=True,,2026-07-07T21:15:31
코스모신소재,00129989,005070,KOSPI,연간x연결,재무제표,DS-2/DS-3,DONE,"cross-check completed for ['매출액', '영업이익']",,2026-07-07T21:15:31
코스모신소재,00129989,005070,KOSPI,연간x연결,지표,CV-6,PASS,default metric selection visible,,2026-07-07T21:15:31
코스모신소재,00129989,005070,KOSPI,연간x별도,재무제표,DS-1,PASS,,,2026-07-07T21:15:36
코스모신소재,00129989,005070,KOSPI,연간x별도,상단,DS-8,PASS,,,2026-07-07T21:15:36
코스모신소재,00129989,005070,KOSPI,연간x별도,상단,DS-7,PASS,"badges seen: ['✅', '🔎', '⚠']",,2026-07-07T21:15:36
코스모신소재,00129989,005070,KOSPI,연간x별도,재무제표,CV-3,PASS,rows=29 cols=31 slider_extended=True,,2026-07-07T21:15:36
코스모신소재,00129989,005070,KOSPI,연간x별도,재무제표,DS-2/DS-3,DONE,"cross-check completed for ['매출액', '영업이익']",,2026-07-07T21:15:36
코스모신소재,00129989,005070,KOSPI,연간x별도,지표,CV-6,PASS,default metric selection visible,,2026-07-07T21:15:36
코스모신소재,00129989,005070,KOSPI,분기x연결,재무제표,DS-1,PASS,,,2026-07-07T21:15:42
코스모신소재,00129989,005070,KOSPI,분기x연결,상단,DS-8,PASS,,,2026-07-07T21:15:42
코스모신소재,00129989,005070,KOSPI,분기x연결,상단,DS-4,PASS,substitution caption present,,2026-07-07T21:15:42
코스모신소재,00129989,005070,KOSPI,분기x연결,상단,DS-7,PASS,"badges seen: ['✅', '🔎']",,2026-07-07T21:15:42
코스모신소재,00129989,005070,KOSPI,분기x연결,재무제표,CV-3,PASS,rows=29 cols=89 slider_extended=True,,2026-07-07T21:15:42
코스모신소재,00129989,005070,KOSPI,분기x연결,재무제표,DS-2/DS-3,DONE,"cross-check completed for ['매출액', '영업이익']",,2026-07-07T21:15:42
코스모신소재,00129989,005070,KOSPI,분기x연결,지표,CV-6,PASS,default metric selection visible,,2026-07-07T21:15:42
코스모신소재,00129989,005070,KOSPI,분기x별도,재무제표,DS-1,PASS,,,2026-07-07T21:15:49
코스모신소재,00129989,005070,KOSPI,분기x별도,상단,DS-8,PASS,,,2026-07-07T21:15:49
코스모신소재,00129989,005070,KOSPI,분기x별도,상단,DS-7,PASS,"badges seen: ['✅', '🔎']",,2026-07-07T21:15:49
코스모신소재,00129989,005070,KOSPI,분기x별도,재무제표,CV-3,PASS,rows=29 cols=89 slider_extended=True,,2026-07-07T21:15:49
코스모신소재,00129989,005070,KOSPI,분기x별도,재무제표,DS-2/DS-3,DONE,"cross-check completed for ['매출액', '영업이익']",,2026-07-07T21:15:49
코스모신소재,00129989,005070,KOSPI,분기x별도,지표,CV-6,PASS,default metric selection visible,,2026-07-07T21:15:49
코스모화학,00160302,005420,KOSPI,연간x연결,재무제표,DS-1,PASS,,,2026-07-07T21:16:00
코스모화학,00160302,005420,KOSPI,연간x연결,상단,DS-8,PASS,,,2026-07-07T21:16:00
코스모화학,00160302,005420,KOSPI,연간x연결,상단,DS-7,PASS,"badges seen: ['✅', '🔎', '⚠']",,2026-07-07T21:16:00
코스모화학,00160302,005420,KOSPI,연간x연결,재무제표,CV-3,PASS,rows=29 cols=17 slider_extended=True,,2026-07-07T21:16:00
코스모화학,00160302,005420,KOSPI,연간x연결,재무제표,DS-2/DS-3,DONE,"cross-check completed for ['매출액', '영업이익']",,2026-07-07T21:16:00
코스모화학,00160302,005420,KOSPI,연간x연결,지표,CV-6,PASS,default metric selection visible,,2026-07-07T21:16:00
코스모화학,00160302,005420,KOSPI,연간x별도,재무제표,DS-1,PASS,,,2026-07-07T21:16:05
코스모화학,00160302,005420,KOSPI,연간x별도,상단,DS-8,PASS,,,2026-07-07T21:16:05
코스모화학,00160302,005420,KOSPI,연간x별도,상단,DS-7,PASS,"badges seen: ['✅', '🔎', '⚠']",,2026-07-07T21:16:05
코스모화학,00160302,005420,KOSPI,연간x별도,재무제표,CV-3,PASS,rows=29 cols=24 slider_extended=True,,2026-07-07T21:16:05
코스모화학,00160302,005420,KOSPI,연간x별도,재무제표,DS-2/DS-3,DONE,"cross-check completed for ['매출액', '영업이익']",,2026-07-07T21:16:05
코스모화학,00160302,005420,KOSPI,연간x별도,지표,CV-6,PASS,default metric selection visible,,2026-07-07T21:16:05
코스모화학,00160302,005420,KOSPI,분기x연결,재무제표,DS-1,PASS,,,2026-07-07T21:16:12
코스모화학,00160302,005420,KOSPI,분기x연결,상단,DS-8,PASS,,,2026-07-07T21:16:12
코스모화학,00160302,005420,KOSPI,분기x연결,상단,DS-7,PASS,"badges seen: ['✅', '🔎']",,2026-07-07T21:16:12
코스모화학,00160302,005420,KOSPI,분기x연결,재무제표,CV-3,PASS,rows=29 cols=60 slider_extended=True,,2026-07-07T21:16:12
코스모화학,00160302,005420,KOSPI,분기x연결,재무제표,DS-2/DS-3,DONE,"cross-check completed for ['매출액', '영업이익']",,2026-07-07T21:16:12
코스모화학,00160302,005420,KOSPI,분기x연결,지표,CV-6,PASS,default metric selection visible,,2026-07-07T21:16:12
코스모화학,00160302,005420,KOSPI,분기x별도,재무제표,DS-1,PASS,,,2026-07-07T21:16:19
코스모화학,00160302,005420,KOSPI,분기x별도,상단,DS-8,PASS,,,2026-07-07T21:16:19
코스모화학,00160302,005420,KOSPI,분기x별도,상단,DS-7,PASS,"badges seen: ['✅', '🔎']",,2026-07-07T21:16:19
코스모화학,00160302,005420,KOSPI,분기x별도,재무제표,CV-3,PASS,rows=29 cols=82 slider_extended=True,,2026-07-07T21:16:19
코스모화학,00160302,005420,KOSPI,분기x별도,재무제표,DS-2/DS-3,DONE,"cross-check completed for ['매출액', '영업이익']",,2026-07-07T21:16:19
코스모화학,00160302,005420,KOSPI,분기x별도,지표,CV-6,PASS,default metric selection visible,,2026-07-07T21:16:19
코아스,00210856,071950,KOSPI,연간x연결,재무제표,DS-1,PASS,,,2026-07-07T21:16:33
코아스,00210856,071950,KOSPI,연간x연결,상단,DS-8,PASS,,,2026-07-07T21:16:33
코아스,00210856,071950,KOSPI,연간x연결,상단,DS-7,PASS,"badges seen: ['✅', '🔎', '⚠']",,2026-07-07T21:16:33
코아스,00210856,071950,KOSPI,연간x연결,재무제표,CV-3,PASS,rows=29 cols=16 slider_extended=True,,2026-07-07T21:16:33
코아스,00210856,071950,KOSPI,연간x연결,재무제표,DS-2/DS-3,DONE,"cross-check completed for ['매출액', '영업이익']",,2026-07-07T21:16:33
코아스,00210856,071950,KOSPI,연간x연결,지표,CV-6,PASS,default metric selection visible,,2026-07-07T21:16:33
코아스,00210856,071950,KOSPI,연간x별도,재무제표,DS-1,PASS,,,2026-07-07T21:16:38
코아스,00210856,071950,KOSPI,연간x별도,상단,DS-8,PASS,,,2026-07-07T21:16:38
코아스,00210856,071950,KOSPI,연간x별도,상단,DS-7,PASS,"badges seen: ['✅', '🔎', '⚠']",,2026-07-07T21:16:38
코아스,00210856,071950,KOSPI,연간x별도,재무제표,CV-3,PASS,rows=29 cols=25 slider_extended=True,,2026-07-07T21:16:38
코아스,00210856,071950,KOSPI,연간x별도,재무제표,DS-2/DS-3,DONE,"cross-check completed for ['매출액', '영업이익']",,2026-07-07T21:16:38
코아스,00210856,071950,KOSPI,연간x별도,지표,CV-6,PASS,default metric selection visible,,2026-07-07T21:16:38
코아스,00210856,071950,KOSPI,분기x연결,재무제표,DS-1,PASS,,,2026-07-07T21:16:45
코아스,00210856,071950,KOSPI,분기x연결,상단,DS-8,PASS,,,2026-07-07T21:16:45
코아스,00210856,071950,KOSPI,분기x연결,상단,DS-7,PASS,"badges seen: ['✅', '🔎', '⚠']",,2026-07-07T21:16:45
코아스,00210856,071950,KOSPI,분기x연결,재무제표,CV-3,PASS,rows=29 cols=60 slider_extended=True,,2026-07-07T21:16:45
코아스,00210856,071950,KOSPI,분기x연결,재무제표,DS-2/DS-3,DONE,"cross-check completed for ['매출액', '영업이익']",,2026-07-07T21:16:45
코아스,00210856,071950,KOSPI,분기x연결,지표,CV-6,PASS,default metric selection visible,,2026-07-07T21:16:45
코아스,00210856,071950,KOSPI,분기x별도,재무제표,DS-1,PASS,,,2026-07-07T21:16:52
코아스,00210856,071950,KOSPI,분기x별도,상단,DS-8,PASS,,,2026-07-07T21:16:52
코아스,00210856,071950,KOSPI,분기x별도,상단,DS-7,PASS,"badges seen: ['✅', '🔎', '⚠']",,2026-07-07T21:16:52
코아스,00210856,071950,KOSPI,분기x별도,재무제표,CV-3,PASS,rows=29 cols=78 slider_extended=True,,2026-07-07T21:16:52
코아스,00210856,071950,KOSPI,분기x별도,재무제표,DS-2/DS-3,DONE,"cross-check completed for ['매출액', '영업이익']",,2026-07-07T21:16:52
코아스,00210856,071950,KOSPI,분기x별도,지표,CV-6,PASS,default metric selection visible,,2026-07-07T21:16:52
코오롱,00152862,002020,KOSPI,연간x연결,재무제표,DS-1,PASS,,,2026-07-07T21:17:03
코오롱,00152862,002020,KOSPI,연간x연결,상단,DS-8,PASS,,,2026-07-07T21:17:03
코오롱,00152862,002020,KOSPI,연간x연결,상단,DS-7,PASS,"badges seen: ['✅', '🔎', '⚠']",,2026-07-07T21:17:03
코오롱,00152862,002020,KOSPI,연간x연결,재무제표,CV-3,PASS,rows=29 cols=12 slider_extended=True,,2026-07-07T21:17:03
코오롱,00152862,002020,KOSPI,연간x연결,재무제표,DS-2/DS-3,DONE,"cross-check completed for ['매출액', '영업이익']",,2026-07-07T21:17:03
코오롱,00152862,002020,KOSPI,연간x연결,지표,CV-6,PASS,default metric selection visible,,2026-07-07T21:17:03
코오롱,00152862,002020,KOSPI,연간x별도,재무제표,DS-1,PASS,,,2026-07-07T21:17:09
코오롱,00152862,002020,KOSPI,연간x별도,상단,DS-8,PASS,,,2026-07-07T21:17:09
코오롱,00152862,002020,KOSPI,연간x별도,상단,DS-7,PASS,"badges seen: ['✅', '🔎', '⚠']",,2026-07-07T21:17:09
코오롱,00152862,002020,KOSPI,연간x별도,재무제표,CV-3,PASS,rows=29 cols=28 slider_extended=True,,2026-07-07T21:17:09
코오롱,00152862,002020,KOSPI,연간x별도,재무제표,DS-2/DS-3,DONE,"cross-check completed for ['매출액', '영업이익']",,2026-07-07T21:17:09
코오롱,00152862,002020,KOSPI,연간x별도,지표,CV-6,PASS,default metric selection visible,,2026-07-07T21:17:09
코오롱,00152862,002020,KOSPI,분기x연결,재무제표,DS-1,PASS,,,2026-07-07T21:17:15
코오롱,00152862,002020,KOSPI,분기x연결,상단,DS-8,PASS,,,2026-07-07T21:17:15
코오롱,00152862,002020,KOSPI,분기x연결,상단,DS-7,PASS,"badges seen: ['✅', '🔎']",,2026-07-07T21:17:15
코오롱,00152862,002020,KOSPI,분기x연결,재무제표,CV-3,PASS,rows=29 cols=84 slider_extended=True,,2026-07-07T21:17:15
코오롱,00152862,002020,KOSPI,분기x연결,재무제표,DS-2/DS-3,DONE,"cross-check completed for ['매출액', '영업이익']",,2026-07-07T21:17:15
코오롱,00152862,002020,KOSPI,분기x연결,지표,CV-6,PASS,default metric selection visible,,2026-07-07T21:17:15
코오롱,00152862,002020,KOSPI,분기x별도,재무제표,DS-1,PASS,,,2026-07-07T21:17:22
코오롱,00152862,002020,KOSPI,분기x별도,상단,DS-8,PASS,,,2026-07-07T21:17:22
코오롱,00152862,002020,KOSPI,분기x별도,상단,DS-7,PASS,"badges seen: ['✅', '🔎', '⚠']",,2026-07-07T21:17:22
코오롱,00152862,002020,KOSPI,분기x별도,재무제표,CV-3,PASS,rows=29 cols=87 slider_extended=True,,2026-07-07T21:17:22
코오롱,00152862,002020,KOSPI,분기x별도,재무제표,DS-2/DS-3,DONE,"cross-check completed for ['매출액', '영업이익']",,2026-07-07T21:17:22
코오롱,00152862,002020,KOSPI,분기x별도,지표,CV-6,PASS,default metric selection visible,,2026-07-07T21:17:22
코오롱글로벌,00152880,003070,KOSPI,연간x연결,재무제표,DS-1,PASS,,,2026-07-07T21:17:36
코오롱글로벌,00152880,003070,KOSPI,연간x연결,상단,DS-8,PASS,,,2026-07-07T21:17:36
코오롱글로벌,00152880,003070,KOSPI,연간x연결,상단,DS-7,PASS,"badges seen: ['✅', '🔎']",,2026-07-07T21:17:36
코오롱글로벌,00152880,003070,KOSPI,연간x연결,재무제표,CV-3,PASS,rows=29 cols=18 slider_extended=True,,2026-07-07T21:17:36
코오롱글로벌,00152880,003070,KOSPI,연간x연결,재무제표,DS-2/DS-3,DONE,"cross-check completed for ['매출액', '영업이익']",,2026-07-07T21:17:36
코오롱글로벌,00152880,003070,KOSPI,연간x연결,지표,CV-6,PASS,default metric selection visible,,2026-07-07T21:17:36
코오롱글로벌,00152880,003070,KOSPI,연간x별도,재무제표,DS-1,PASS,,,2026-07-07T21:17:41
코오롱글로벌,00152880,003070,KOSPI,연간x별도,상단,DS-8,PASS,,,2026-07-07T21:17:41
코오롱글로벌,00152880,003070,KOSPI,연간x별도,상단,DS-7,PASS,"badges seen: ['✅', '🔎', '⚠']",,2026-07-07T21:17:41
코오롱글로벌,00152880,003070,KOSPI,연간x별도,재무제표,CV-3,PASS,rows=29 cols=27 slider_extended=True,,2026-07-07T21:17:41
코오롱글로벌,00152880,003070,KOSPI,연간x별도,재무제표,DS-2/DS-3,DONE,"cross-check completed for ['매출액', '영업이익']",,2026-07-07T21:17:41
코오롱글로벌,00152880,003070,KOSPI,연간x별도,지표,CV-6,PASS,default metric selection visible,,2026-07-07T21:17:41
코오롱글로벌,00152880,003070,KOSPI,분기x연결,재무제표,DS-1,PASS,,,2026-07-07T21:17:47
코오롱글로벌,00152880,003070,KOSPI,분기x연결,상단,DS-8,PASS,,,2026-07-07T21:17:47
코오롱글로벌,00152880,003070,KOSPI,분기x연결,상단,DS-7,PASS,"badges seen: ['✅', '🔎']",,2026-07-07T21:17:47
코오롱글로벌,00152880,003070,KOSPI,분기x연결,재무제표,CV-3,PASS,rows=29 cols=72 slider_extended=True,,2026-07-07T21:17:47
코오롱글로벌,00152880,003070,KOSPI,분기x연결,재무제표,DS-2/DS-3,DONE,"cross-check completed for ['매출액', '영업이익']",,2026-07-07T21:17:47
코오롱글로벌,00152880,003070,KOSPI,분기x연결,지표,CV-6,PASS,default metric selection visible,,2026-07-07T21:17:47
코오롱글로벌,00152880,003070,KOSPI,분기x별도,재무제표,DS-1,PASS,,,2026-07-07T21:17:54
코오롱글로벌,00152880,003070,KOSPI,분기x별도,상단,DS-8,PASS,,,2026-07-07T21:17:54
코오롱글로벌,00152880,003070,KOSPI,분기x별도,상단,DS-7,PASS,"badges seen: ['✅', '🔎']",,2026-07-07T21:17:54
코오롱글로벌,00152880,003070,KOSPI,분기x별도,재무제표,CV-3,PASS,rows=29 cols=82 slider_extended=True,,2026-07-07T21:17:54
코오롱글로벌,00152880,003070,KOSPI,분기x별도,재무제표,DS-2/DS-3,DONE,"cross-check completed for ['매출액', '영업이익']",,2026-07-07T21:17:54
코오롱글로벌,00152880,003070,KOSPI,분기x별도,지표,CV-6,PASS,default metric selection visible,,2026-07-07T21:17:54
코오롱인더,00795135,120110,KOSPI,연간x연결,재무제표,DS-1,PASS,,,2026-07-07T21:18:05
코오롱인더,00795135,120110,KOSPI,연간x연결,상단,DS-8,PASS,,,2026-07-07T21:18:05
코오롱인더,00795135,120110,KOSPI,연간x연결,상단,DS-7,PASS,"badges seen: ['✅', '🔎', '⚠']",,2026-07-07T21:18:05
코오롱인더,00795135,120110,KOSPI,연간x연결,재무제표,CV-3,PASS,rows=29 cols=19 slider_extended=True,,2026-07-07T21:18:05
코오롱인더,00795135,120110,KOSPI,연간x연결,재무제표,DS-2/DS-3,DONE,"cross-check completed for ['매출액', '영업이익']",,2026-07-07T21:18:05
코오롱인더,00795135,120110,KOSPI,연간x연결,지표,CV-6,PASS,default metric selection visible,,2026-07-07T21:18:05
코오롱인더,00795135,120110,KOSPI,연간x별도,재무제표,DS-1,PASS,,,2026-07-07T21:18:10
코오롱인더,00795135,120110,KOSPI,연간x별도,상단,DS-8,PASS,,,2026-07-07T21:18:10
코오롱인더,00795135,120110,KOSPI,연간x별도,상단,DS-7,PASS,"badges seen: ['✅', '🔎', '⚠']",,2026-07-07T21:18:10
코오롱인더,00795135,120110,KOSPI,연간x별도,재무제표,CV-3,PASS,rows=29 cols=18 slider_extended=True,,2026-07-07T21:18:10
코오롱인더,00795135,120110,KOSPI,연간x별도,재무제표,DS-2/DS-3,DONE,"cross-check completed for ['매출액', '영업이익']",,2026-07-07T21:18:10
코오롱인더,00795135,120110,KOSPI,연간x별도,지표,CV-6,PASS,default metric selection visible,,2026-07-07T21:18:10
코오롱인더,00795135,120110,KOSPI,분기x연결,재무제표,DS-1,PASS,,,2026-07-07T21:18:16
코오롱인더,00795135,120110,KOSPI,분기x연결,상단,DS-8,PASS,,,2026-07-07T21:18:16
코오롱인더,00795135,120110,KOSPI,분기x연결,상단,DS-7,PASS,"badges seen: ['✅', '🔎']",,2026-07-07T21:18:16
코오롱인더,00795135,120110,KOSPI,분기x연결,재무제표,CV-3,PASS,rows=29 cols=63 slider_extended=True,,2026-07-07T21:18:16
코오롱인더,00795135,120110,KOSPI,분기x연결,재무제표,DS-2/DS-3,DONE,"cross-check completed for ['매출액', '영업이익']",,2026-07-07T21:18:16
코오롱인더,00795135,120110,KOSPI,분기x연결,지표,CV-6,PASS,default metric selection visible,,2026-07-07T21:18:16
코오롱인더,00795135,120110,KOSPI,분기x별도,재무제표,DS-1,PASS,,,2026-07-07T21:18:24
코오롱인더,00795135,120110,KOSPI,분기x별도,상단,DS-8,PASS,,,2026-07-07T21:18:24
코오롱인더,00795135,120110,KOSPI,분기x별도,상단,DS-7,PASS,"badges seen: ['✅', '🔎']",,2026-07-07T21:18:24
코오롱인더,00795135,120110,KOSPI,분기x별도,재무제표,CV-3,PASS,rows=29 cols=63 slider_extended=True,,2026-07-07T21:18:24
코오롱인더,00795135,120110,KOSPI,분기x별도,재무제표,DS-2/DS-3,DONE,"cross-check completed for ['매출액', '영업이익']",,2026-07-07T21:18:24
코오롱인더,00795135,120110,KOSPI,분기x별도,지표,CV-6,PASS,default metric selection visible,,2026-07-07T21:18:24
코웨이,00170558,021240,KOSPI,연간x연결,재무제표,DS-1,PASS,,,2026-07-07T21:18:37
코웨이,00170558,021240,KOSPI,연간x연결,상단,DS-8,PASS,,,2026-07-07T21:18:37
코웨이,00170558,021240,KOSPI,연간x연결,상단,DS-7,PASS,"badges seen: ['✅', '🔎']",,2026-07-07T21:18:37
코웨이,00170558,021240,KOSPI,연간x연결,재무제표,CV-3,PASS,rows=29 cols=21 slider_extended=True,,2026-07-07T21:18:37
코웨이,00170558,021240,KOSPI,연간x연결,재무제표,DS-2/DS-3,DONE,"cross-check completed for ['매출액', '영업이익']",,2026-07-07T21:18:37
코웨이,00170558,021240,KOSPI,연간x연결,지표,CV-6,PASS,default metric selection visible,,2026-07-07T21:18:37
코웨이,00170558,021240,KOSPI,연간x별도,재무제표,DS-1,PASS,,,2026-07-07T21:18:42
코웨이,00170558,021240,KOSPI,연간x별도,상단,DS-8,PASS,,,2026-07-07T21:18:42
코웨이,00170558,021240,KOSPI,연간x별도,상단,DS-7,PASS,"badges seen: ['✅', '🔎']",,2026-07-07T21:18:42
코웨이,00170558,021240,KOSPI,연간x별도,재무제표,CV-3,PASS,rows=29 cols=27 slider_extended=True,,2026-07-07T21:18:42
코웨이,00170558,021240,KOSPI,연간x별도,재무제표,DS-2/DS-3,DONE,"cross-check completed for ['매출액', '영업이익']",,2026-07-07T21:18:42
코웨이,00170558,021240,KOSPI,연간x별도,지표,CV-6,PASS,default metric selection visible,,2026-07-07T21:18:42
코웨이,00170558,021240,KOSPI,분기x연결,재무제표,DS-1,PASS,,,2026-07-07T21:18:49
코웨이,00170558,021240,KOSPI,분기x연결,상단,DS-8,PASS,,,2026-07-07T21:18:49
코웨이,00170558,021240,KOSPI,분기x연결,상단,DS-7,PASS,"badges seen: ['✅', '🔎']",,2026-07-07T21:18:49
코웨이,00170558,021240,KOSPI,분기x연결,재무제표,CV-3,PASS,rows=29 cols=61 slider_extended=True,,2026-07-07T21:18:49
코웨이,00170558,021240,KOSPI,분기x연결,재무제표,DS-2/DS-3,DONE,"cross-check completed for ['매출액', '영업이익']",,2026-07-07T21:18:49
코웨이,00170558,021240,KOSPI,분기x연결,지표,CV-6,PASS,default metric selection visible,,2026-07-07T21:18:49
코웨이,00170558,021240,KOSPI,분기x별도,재무제표,DS-1,PASS,,,2026-07-07T21:18:56
코웨이,00170558,021240,KOSPI,분기x별도,상단,DS-8,PASS,,,2026-07-07T21:18:56
코웨이,00170558,021240,KOSPI,분기x별도,상단,DS-7,PASS,"badges seen: ['✅', '🔎']",,2026-07-07T21:18:56
코웨이,00170558,021240,KOSPI,분기x별도,재무제표,CV-3,PASS,rows=29 cols=89 slider_extended=True,,2026-07-07T21:18:56
코웨이,00170558,021240,KOSPI,분기x별도,재무제표,DS-2/DS-3,DONE,"cross-check completed for ['매출액', '영업이익']",,2026-07-07T21:18:56
코웨이,00170558,021240,KOSPI,분기x별도,지표,CV-6,PASS,default metric selection visible,,2026-07-07T21:18:56
콘텐트리중앙,00203315,036420,KOSPI,연간x연결,재무제표,DS-1,PASS,,,2026-07-07T21:19:09
콘텐트리중앙,00203315,036420,KOSPI,연간x연결,상단,DS-8,PASS,,,2026-07-07T21:19:09
콘텐트리중앙,00203315,036420,KOSPI,연간x연결,상단,DS-7,PASS,"badges seen: ['✅', '🔎', '⚠']",,2026-07-07T21:19:09
콘텐트리중앙,00203315,036420,KOSPI,연간x연결,재무제표,CV-3,PASS,rows=29 cols=19 slider_extended=True,,2026-07-07T21:19:09
콘텐트리중앙,00203315,036420,KOSPI,연간x연결,재무제표,DS-2/DS-3,DONE,"cross-check completed for ['매출액', '영업이익']",,2026-07-07T21:19:09
콘텐트리중앙,00203315,036420,KOSPI,연간x연결,지표,CV-6,PASS,default metric selection visible,,2026-07-07T21:19:09
콘텐트리중앙,00203315,036420,KOSPI,연간x별도,재무제표,DS-1,PASS,,,2026-07-07T21:19:14
콘텐트리중앙,00203315,036420,KOSPI,연간x별도,상단,DS-8,PASS,,,2026-07-07T21:19:14
콘텐트리중앙,00203315,036420,KOSPI,연간x별도,상단,DS-7,PASS,"badges seen: ['✅', '🔎', '⚠']",,2026-07-07T21:19:14
콘텐트리중앙,00203315,036420,KOSPI,연간x별도,재무제표,CV-3,PASS,rows=29 cols=27 slider_extended=True,,2026-07-07T21:19:14
콘텐트리중앙,00203315,036420,KOSPI,연간x별도,재무제표,DS-2/DS-3,DONE,"cross-check completed for ['매출액', '영업이익']",,2026-07-07T21:19:14
콘텐트리중앙,00203315,036420,KOSPI,연간x별도,지표,CV-6,PASS,default metric selection visible,,2026-07-07T21:19:14
콘텐트리중앙,00203315,036420,KOSPI,분기x연결,재무제표,DS-1,PASS,,,2026-07-07T21:19:20
콘텐트리중앙,00203315,036420,KOSPI,분기x연결,상단,DS-8,PASS,,,2026-07-07T21:19:20
콘텐트리중앙,00203315,036420,KOSPI,분기x연결,상단,DS-7,PASS,"badges seen: ['✅', '🔎', '⚠']",,2026-07-07T21:19:20
콘텐트리중앙,00203315,036420,KOSPI,분기x연결,재무제표,CV-3,PASS,rows=29 cols=60 slider_extended=True,,2026-07-07T21:19:20
콘텐트리중앙,00203315,036420,KOSPI,분기x연결,재무제표,DS-2/DS-3,DONE,"cross-check completed for ['매출액', '영업이익']",,2026-07-07T21:19:20
콘텐트리중앙,00203315,036420,KOSPI,분기x연결,지표,CV-6,PASS,default metric selection visible,,2026-07-07T21:19:20
콘텐트리중앙,00203315,036420,KOSPI,분기x별도,재무제표,DS-1,PASS,,,2026-07-07T21:19:28
콘텐트리중앙,00203315,036420,KOSPI,분기x별도,상단,DS-8,PASS,,,2026-07-07T21:19:28
콘텐트리중앙,00203315,036420,KOSPI,분기x별도,상단,DS-7,PASS,"badges seen: ['✅', '🔎', '⚠']",,2026-07-07T21:19:28
콘텐트리중앙,00203315,036420,KOSPI,분기x별도,재무제표,CV-3,PASS,rows=29 cols=89 slider_extended=True,,2026-07-07T21:19:28
콘텐트리중앙,00203315,036420,KOSPI,분기x별도,재무제표,DS-2/DS-3,DONE,"cross-check completed for ['매출액', '영업이익']",,2026-07-07T21:19:28
콘텐트리중앙,00203315,036420,KOSPI,분기x별도,지표,CV-6,PASS,default metric selection visible,,2026-07-07T21:19:28
콜마홀딩스,00203290,024720,KOSPI,연간x연결,재무제표,DS-1,PASS,,,2026-07-07T21:19:41
콜마홀딩스,00203290,024720,KOSPI,연간x연결,상단,DS-8,PASS,,,2026-07-07T21:19:41
콜마홀딩스,00203290,024720,KOSPI,연간x연결,상단,DS-7,PASS,"badges seen: ['✅', '🔎', '⚠']",,2026-07-07T21:19:41
콜마홀딩스,00203290,024720,KOSPI,연간x연결,재무제표,CV-3,PASS,rows=29 cols=18 slider_extended=True,,2026-07-07T21:19:41
콜마홀딩스,00203290,024720,KOSPI,연간x연결,재무제표,DS-2/DS-3,DONE,"cross-check completed for ['매출액', '영업이익']",,2026-07-07T21:19:41
콜마홀딩스,00203290,024720,KOSPI,연간x연결,지표,CV-6,PASS,default metric selection visible,,2026-07-07T21:19:41
콜마홀딩스,00203290,024720,KOSPI,연간x별도,재무제표,DS-1,PASS,,,2026-07-07T21:19:47
콜마홀딩스,00203290,024720,KOSPI,연간x별도,상단,DS-8,PASS,,,2026-07-07T21:19:47
콜마홀딩스,00203290,024720,KOSPI,연간x별도,상단,DS-7,PASS,"badges seen: ['✅', '🔎', '⚠']",,2026-07-07T21:19:47
콜마홀딩스,00203290,024720,KOSPI,연간x별도,재무제표,CV-3,PASS,rows=29 cols=26 slider_extended=True,,2026-07-07T21:19:47
콜마홀딩스,00203290,024720,KOSPI,연간x별도,재무제표,DS-2/DS-3,DONE,"cross-check completed for ['매출액', '영업이익']",,2026-07-07T21:19:47
콜마홀딩스,00203290,024720,KOSPI,연간x별도,지표,CV-6,PASS,default metric selection visible,,2026-07-07T21:19:47
콜마홀딩스,00203290,024720,KOSPI,분기x연결,재무제표,DS-1,PASS,,,2026-07-07T21:19:53
콜마홀딩스,00203290,024720,KOSPI,분기x연결,상단,DS-8,PASS,,,2026-07-07T21:19:53
콜마홀딩스,00203290,024720,KOSPI,분기x연결,상단,DS-7,PASS,"badges seen: ['✅', '🔎']",,2026-07-07T21:19:53
콜마홀딩스,00203290,024720,KOSPI,분기x연결,재무제표,CV-3,PASS,rows=29 cols=55 slider_extended=True,,2026-07-07T21:19:53
콜마홀딩스,00203290,024720,KOSPI,분기x연결,재무제표,DS-2/DS-3,DONE,"cross-check completed for ['매출액', '영업이익']",,2026-07-07T21:19:53
콜마홀딩스,00203290,024720,KOSPI,분기x연결,지표,CV-6,PASS,default metric selection visible,,2026-07-07T21:19:53
콜마홀딩스,00203290,024720,KOSPI,분기x별도,재무제표,DS-1,PASS,,,2026-07-07T21:20:00
콜마홀딩스,00203290,024720,KOSPI,분기x별도,상단,DS-8,PASS,,,2026-07-07T21:20:00
콜마홀딩스,00203290,024720,KOSPI,분기x별도,상단,DS-7,PASS,"badges seen: ['✅', '🔎', '⚠']",,2026-07-07T21:20:00
콜마홀딩스,00203290,024720,KOSPI,분기x별도,재무제표,CV-3,PASS,rows=29 cols=79 slider_extended=True,,2026-07-07T21:20:00
콜마홀딩스,00203290,024720,KOSPI,분기x별도,재무제표,DS-2/DS-3,DONE,"cross-check completed for ['매출액', '영업이익']",,2026-07-07T21:20:00
콜마홀딩스,00203290,024720,KOSPI,분기x별도,지표,CV-6,PASS,default metric selection visible,,2026-07-07T21:20:00
쿠쿠홀딩스,00132354,192400,KOSPI,연간x연결,재무제표,DS-1,PASS,,,2026-07-07T21:20:11
쿠쿠홀딩스,00132354,192400,KOSPI,연간x연결,상단,DS-8,PASS,,,2026-07-07T21:20:11
쿠쿠홀딩스,00132354,192400,KOSPI,연간x연결,상단,DS-7,PASS,"badges seen: ['✅', '🔎', '⚠']",,2026-07-07T21:20:11
쿠쿠홀딩스,00132354,192400,KOSPI,연간x연결,재무제표,CV-3,PASS,rows=29 cols=12 slider_extended=True,,2026-07-07T21:20:11
쿠쿠홀딩스,00132354,192400,KOSPI,연간x연결,재무제표,DS-2/DS-3,DONE,"cross-check completed for ['매출액', '영업이익']",,2026-07-07T21:20:11
쿠쿠홀딩스,00132354,192400,KOSPI,연간x연결,지표,CV-6,PASS,default metric selection visible,,2026-07-07T21:20:11
쿠쿠홀딩스,00132354,192400,KOSPI,연간x별도,재무제표,DS-1,PASS,,,2026-07-07T21:20:16
쿠쿠홀딩스,00132354,192400,KOSPI,연간x별도,상단,DS-8,PASS,,,2026-07-07T21:20:16
쿠쿠홀딩스,00132354,192400,KOSPI,연간x별도,상단,DS-7,PASS,"badges seen: ['✅', '🔎', '⚠']",,2026-07-07T21:20:16
쿠쿠홀딩스,00132354,192400,KOSPI,연간x별도,재무제표,CV-3,PASS,rows=29 cols=16 slider_extended=True,,2026-07-07T21:20:16
쿠쿠홀딩스,00132354,192400,KOSPI,연간x별도,재무제표,DS-2/DS-3,DONE,"cross-check completed for ['매출액', '영업이익']",,2026-07-07T21:20:16
쿠쿠홀딩스,00132354,192400,KOSPI,연간x별도,지표,CV-6,PASS,default metric selection visible,,2026-07-07T21:20:16
쿠쿠홀딩스,00132354,192400,KOSPI,분기x연결,재무제표,DS-1,PASS,,,2026-07-07T21:20:22
쿠쿠홀딩스,00132354,192400,KOSPI,분기x연결,상단,DS-8,PASS,,,2026-07-07T21:20:22
쿠쿠홀딩스,00132354,192400,KOSPI,분기x연결,상단,DS-7,PASS,"badges seen: ['✅', '🔎']",,2026-07-07T21:20:22
쿠쿠홀딩스,00132354,192400,KOSPI,분기x연결,재무제표,CV-3,PASS,rows=29 cols=54 slider_extended=True,,2026-07-07T21:20:22
쿠쿠홀딩스,00132354,192400,KOSPI,분기x연결,재무제표,DS-2/DS-3,DONE,"cross-check completed for ['매출액', '영업이익']",,2026-07-07T21:20:22
쿠쿠홀딩스,00132354,192400,KOSPI,분기x연결,지표,CV-6,PASS,default metric selection visible,,2026-07-07T21:20:22
쿠쿠홀딩스,00132354,192400,KOSPI,분기x별도,재무제표,DS-1,PASS,,,2026-07-07T21:20:29
쿠쿠홀딩스,00132354,192400,KOSPI,분기x별도,상단,DS-8,PASS,,,2026-07-07T21:20:29
쿠쿠홀딩스,00132354,192400,KOSPI,분기x별도,상단,DS-7,PASS,"badges seen: ['✅', '🔎', '⚠']",,2026-07-07T21:20:29
쿠쿠홀딩스,00132354,192400,KOSPI,분기x별도,재무제표,CV-3,PASS,rows=29 cols=54 slider_extended=True,,2026-07-07T21:20:29
쿠쿠홀딩스,00132354,192400,KOSPI,분기x별도,재무제표,DS-2/DS-3,DONE,"cross-check completed for ['매출액', '영업이익']",,2026-07-07T21:20:29
쿠쿠홀딩스,00132354,192400,KOSPI,분기x별도,지표,CV-6,PASS,default metric selection visible,,2026-07-07T21:20:29
쿠쿠홈시스,01267684,284740,KOSPI,연간x연결,재무제표,DS-1,PASS,,,2026-07-07T21:20:43
쿠쿠홈시스,01267684,284740,KOSPI,연간x연결,상단,DS-8,PASS,,,2026-07-07T21:20:43
쿠쿠홈시스,01267684,284740,KOSPI,연간x연결,상단,DS-7,PASS,"badges seen: ['✅', '🔎', '⚠']",,2026-07-07T21:20:43
쿠쿠홈시스,01267684,284740,KOSPI,연간x연결,재무제표,CV-3,PASS,rows=29 cols=11 slider_extended=True,,2026-07-07T21:20:43
쿠쿠홈시스,01267684,284740,KOSPI,연간x연결,재무제표,DS-2/DS-3,DONE,"cross-check completed for ['매출액', '영업이익']",,2026-07-07T21:20:43
쿠쿠홈시스,01267684,284740,KOSPI,연간x연결,지표,CV-6,PASS,default metric selection visible,,2026-07-07T21:20:43
쿠쿠홈시스,01267684,284740,KOSPI,연간x별도,재무제표,DS-1,PASS,,,2026-07-07T21:20:48
쿠쿠홈시스,01267684,284740,KOSPI,연간x별도,상단,DS-8,PASS,,,2026-07-07T21:20:48
쿠쿠홈시스,01267684,284740,KOSPI,연간x별도,상단,DS-7,PASS,"badges seen: ['✅', '🔎', '⚠']",,2026-07-07T21:20:48
쿠쿠홈시스,01267684,284740,KOSPI,연간x별도,재무제표,CV-3,PASS,rows=29 cols=11 slider_extended=True,,2026-07-07T21:20:48
쿠쿠홈시스,01267684,284740,KOSPI,연간x별도,재무제표,DS-2/DS-3,DONE,"cross-check completed for ['매출액', '영업이익']",,2026-07-07T21:20:48
쿠쿠홈시스,01267684,284740,KOSPI,연간x별도,지표,CV-6,PASS,default metric selection visible,,2026-07-07T21:20:48
쿠쿠홈시스,01267684,284740,KOSPI,분기x연결,재무제표,DS-1,PASS,,,2026-07-07T21:20:54
쿠쿠홈시스,01267684,284740,KOSPI,분기x연결,상단,DS-8,PASS,,,2026-07-07T21:20:54
쿠쿠홈시스,01267684,284740,KOSPI,분기x연결,상단,DS-7,PASS,"badges seen: ['✅', '🔎']",,2026-07-07T21:20:54
쿠쿠홈시스,01267684,284740,KOSPI,분기x연결,재무제표,CV-3,PASS,rows=29 cols=36 slider_extended=True,,2026-07-07T21:20:54
쿠쿠홈시스,01267684,284740,KOSPI,분기x연결,재무제표,DS-2/DS-3,DONE,"cross-check completed for ['매출액', '영업이익']",,2026-07-07T21:20:54
쿠쿠홈시스,01267684,284740,KOSPI,분기x연결,지표,CV-6,PASS,default metric selection visible,,2026-07-07T21:20:54
쿠쿠홈시스,01267684,284740,KOSPI,분기x별도,재무제표,DS-1,PASS,,,2026-07-07T21:21:01
쿠쿠홈시스,01267684,284740,KOSPI,분기x별도,상단,DS-8,PASS,,,2026-07-07T21:21:01
쿠쿠홈시스,01267684,284740,KOSPI,분기x별도,상단,DS-7,PASS,"badges seen: ['✅', '🔎']",,2026-07-07T21:21:01
쿠쿠홈시스,01267684,284740,KOSPI,분기x별도,재무제표,CV-3,PASS,rows=29 cols=36 slider_extended=True,,2026-07-07T21:21:01
쿠쿠홈시스,01267684,284740,KOSPI,분기x별도,재무제표,DS-2/DS-3,DONE,"cross-check completed for ['매출액', '영업이익']",,2026-07-07T21:21:01
쿠쿠홈시스,01267684,284740,KOSPI,분기x별도,지표,CV-6,PASS,default metric selection visible,,2026-07-07T21:21:01
크라운제과,01205329,264900,KOSPI,연간x연결,재무제표,DS-1,PASS,,,2026-07-07T21:21:14
크라운제과,01205329,264900,KOSPI,연간x연결,상단,DS-8,PASS,,,2026-07-07T21:21:14
크라운제과,01205329,264900,KOSPI,연간x연결,상단,DS-4,PASS,substitution caption present,,2026-07-07T21:21:14
크라운제과,01205329,264900,KOSPI,연간x연결,상단,DS-7,PASS,"badges seen: ['✅', '🔎']",,2026-07-07T21:21:14
크라운제과,01205329,264900,KOSPI,연간x연결,재무제표,CV-3,PASS,rows=29 cols=11 slider_extended=True,,2026-07-07T21:21:14
크라운제과,01205329,264900,KOSPI,연간x연결,재무제표,DS-2/DS-3,DONE,"cross-check completed for ['매출액', '영업이익']",,2026-07-07T21:21:14
크라운제과,01205329,264900,KOSPI,연간x연결,지표,CV-6,PASS,default metric selection visible,,2026-07-07T21:21:14
크라운제과,01205329,264900,KOSPI,연간x별도,재무제표,DS-1,PASS,,,2026-07-07T21:21:19
크라운제과,01205329,264900,KOSPI,연간x별도,상단,DS-8,PASS,,,2026-07-07T21:21:19
크라운제과,01205329,264900,KOSPI,연간x별도,상단,DS-7,PASS,"badges seen: ['✅', '🔎']",,2026-07-07T21:21:19
크라운제과,01205329,264900,KOSPI,연간x별도,재무제표,CV-3,PASS,rows=29 cols=11 slider_extended=True,,2026-07-07T21:21:19
크라운제과,01205329,264900,KOSPI,연간x별도,재무제표,DS-2/DS-3,DONE,"cross-check completed for ['매출액', '영업이익']",,2026-07-07T21:21:19
크라운제과,01205329,264900,KOSPI,연간x별도,지표,CV-6,PASS,default metric selection visible,,2026-07-07T21:21:19
크라운제과,01205329,264900,KOSPI,분기x연결,재무제표,DS-1,PASS,,,2026-07-07T21:21:25
크라운제과,01205329,264900,KOSPI,분기x연결,상단,DS-8,PASS,,,2026-07-07T21:21:25
크라운제과,01205329,264900,KOSPI,분기x연결,상단,DS-4,PASS,substitution caption present,,2026-07-07T21:21:25
크라운제과,01205329,264900,KOSPI,분기x연결,상단,DS-7,PASS,"badges seen: ['✅', '🔎']",,2026-07-07T21:21:25
크라운제과,01205329,264900,KOSPI,분기x연결,재무제표,CV-3,PASS,rows=29 cols=40 slider_extended=True,,2026-07-07T21:21:25
크라운제과,01205329,264900,KOSPI,분기x연결,재무제표,DS-2/DS-3,DONE,"cross-check completed for ['매출액', '영업이익']",,2026-07-07T21:21:25
크라운제과,01205329,264900,KOSPI,분기x연결,지표,CV-6,PASS,default metric selection visible,,2026-07-07T21:21:25
크라운제과,01205329,264900,KOSPI,분기x별도,재무제표,DS-1,PASS,,,2026-07-07T21:21:33
크라운제과,01205329,264900,KOSPI,분기x별도,상단,DS-8,PASS,,,2026-07-07T21:21:33
크라운제과,01205329,264900,KOSPI,분기x별도,상단,DS-7,PASS,"badges seen: ['✅', '🔎']",,2026-07-07T21:21:33
크라운제과,01205329,264900,KOSPI,분기x별도,재무제표,CV-3,PASS,rows=29 cols=40 slider_extended=True,,2026-07-07T21:21:33
크라운제과,01205329,264900,KOSPI,분기x별도,재무제표,DS-2/DS-3,DONE,"cross-check completed for ['매출액', '영업이익']",,2026-07-07T21:21:33
크라운제과,01205329,264900,KOSPI,분기x별도,지표,CV-6,PASS,default metric selection visible,,2026-07-07T21:21:33
크라운해태홀딩스,00153126,005740,KOSPI,연간x연결,재무제표,DS-1,PASS,,,2026-07-07T21:21:46
크라운해태홀딩스,00153126,005740,KOSPI,연간x연결,상단,DS-8,PASS,,,2026-07-07T21:21:46
크라운해태홀딩스,00153126,005740,KOSPI,연간x연결,상단,DS-7,PASS,"badges seen: ['✅', '🔎', '⚠']",,2026-07-07T21:21:46
크라운해태홀딩스,00153126,005740,KOSPI,연간x연결,재무제표,CV-3,PASS,rows=29 cols=19 slider_extended=True,,2026-07-07T21:21:46
크라운해태홀딩스,00153126,005740,KOSPI,연간x연결,재무제표,DS-2/DS-3,DONE,"cross-check completed for ['매출액', '영업이익']",,2026-07-07T21:21:46
크라운해태홀딩스,00153126,005740,KOSPI,연간x연결,지표,CV-6,PASS,default metric selection visible,,2026-07-07T21:21:46
크라운해태홀딩스,00153126,005740,KOSPI,연간x별도,재무제표,DS-1,PASS,,,2026-07-07T21:21:51
크라운해태홀딩스,00153126,005740,KOSPI,연간x별도,상단,DS-8,PASS,,,2026-07-07T21:21:51
크라운해태홀딩스,00153126,005740,KOSPI,연간x별도,상단,DS-7,PASS,"badges seen: ['✅', '🔎', '⚠']",,2026-07-07T21:21:51
크라운해태홀딩스,00153126,005740,KOSPI,연간x별도,재무제표,CV-3,PASS,rows=29 cols=30 slider_extended=True,,2026-07-07T21:21:51
크라운해태홀딩스,00153126,005740,KOSPI,연간x별도,재무제표,DS-2/DS-3,DONE,"cross-check completed for ['매출액', '영업이익']",,2026-07-07T21:21:51
크라운해태홀딩스,00153126,005740,KOSPI,연간x별도,지표,CV-6,PASS,default metric selection visible,,2026-07-07T21:21:51
크라운해태홀딩스,00153126,005740,KOSPI,분기x연결,재무제표,DS-1,PASS,,,2026-07-07T21:21:58
크라운해태홀딩스,00153126,005740,KOSPI,분기x연결,상단,DS-8,PASS,,,2026-07-07T21:21:58
크라운해태홀딩스,00153126,005740,KOSPI,분기x연결,상단,DS-7,PASS,"badges seen: ['✅', '🔎']",,2026-07-07T21:21:58
크라운해태홀딩스,00153126,005740,KOSPI,분기x연결,재무제표,CV-3,PASS,rows=29 cols=60 slider_extended=True,,2026-07-07T21:21:58
크라운해태홀딩스,00153126,005740,KOSPI,분기x연결,재무제표,DS-2/DS-3,DONE,"cross-check completed for ['매출액', '영업이익']",,2026-07-07T21:21:58
크라운해태홀딩스,00153126,005740,KOSPI,분기x연결,지표,CV-6,PASS,default metric selection visible,,2026-07-07T21:21:58
크라운해태홀딩스,00153126,005740,KOSPI,분기x별도,재무제표,DS-1,PASS,,,2026-07-07T21:22:05
크라운해태홀딩스,00153126,005740,KOSPI,분기x별도,상단,DS-8,PASS,,,2026-07-07T21:22:05
크라운해태홀딩스,00153126,005740,KOSPI,분기x별도,상단,DS-7,PASS,"badges seen: ['✅', '🔎', '⚠']",,2026-07-07T21:22:05
크라운해태홀딩스,00153126,005740,KOSPI,분기x별도,재무제표,CV-3,PASS,rows=29 cols=95 slider_extended=True,,2026-07-07T21:22:05
크라운해태홀딩스,00153126,005740,KOSPI,분기x별도,재무제표,DS-2/DS-3,DONE,"cross-check completed for ['매출액', '영업이익']",,2026-07-07T21:22:05
크라운해태홀딩스,00153126,005740,KOSPI,분기x별도,지표,CV-6,PASS,default metric selection visible,,2026-07-07T21:22:05
크래프톤,00760971,259960,KOSPI,연간x연결,재무제표,DS-1,PASS,,,2026-07-07T21:22:16
크래프톤,00760971,259960,KOSPI,연간x연결,상단,DS-8,PASS,,,2026-07-07T21:22:16
크래프톤,00760971,259960,KOSPI,연간x연결,상단,DS-7,PASS,"badges seen: ['✅', '🔎', '⚠']",,2026-07-07T21:22:16
크래프톤,00760971,259960,KOSPI,연간x연결,재무제표,CV-3,PASS,rows=29 cols=12 slider_extended=True,,2026-07-07T21:22:16
크래프톤,00760971,259960,KOSPI,연간x연결,재무제표,DS-2/DS-3,DONE,"cross-check completed for ['매출액', '영업이익']",,2026-07-07T21:22:16
크래프톤,00760971,259960,KOSPI,연간x연결,지표,CV-6,PASS,default metric selection visible,,2026-07-07T21:22:16
크래프톤,00760971,259960,KOSPI,연간x별도,재무제표,DS-1,PASS,,,2026-07-07T21:22:21
크래프톤,00760971,259960,KOSPI,연간x별도,상단,DS-8,PASS,,,2026-07-07T21:22:21
크래프톤,00760971,259960,KOSPI,연간x별도,상단,DS-7,PASS,"badges seen: ['✅', '🔎', '⚠']",,2026-07-07T21:22:21
크래프톤,00760971,259960,KOSPI,연간x별도,재무제표,CV-3,PASS,rows=29 cols=14 slider_extended=True,,2026-07-07T21:22:21
크래프톤,00760971,259960,KOSPI,연간x별도,재무제표,DS-2/DS-3,DONE,"cross-check completed for ['매출액', '영업이익']",,2026-07-07T21:22:21
크래프톤,00760971,259960,KOSPI,연간x별도,지표,CV-6,PASS,default metric selection visible,,2026-07-07T21:22:21
크래프톤,00760971,259960,KOSPI,분기x연결,재무제표,DS-1,PASS,,,2026-07-07T21:22:27
크래프톤,00760971,259960,KOSPI,분기x연결,상단,DS-8,PASS,,,2026-07-07T21:22:27
크래프톤,00760971,259960,KOSPI,분기x연결,상단,DS-7,PASS,"badges seen: ['✅', '🔎']",,2026-07-07T21:22:27
크래프톤,00760971,259960,KOSPI,분기x연결,재무제표,CV-3,PASS,rows=29 cols=40 slider_extended=True,,2026-07-07T21:22:27
크래프톤,00760971,259960,KOSPI,분기x연결,재무제표,DS-2/DS-3,DONE,"cross-check completed for ['매출액', '영업이익']",,2026-07-07T21:22:27
크래프톤,00760971,259960,KOSPI,분기x연결,지표,CV-6,PASS,default metric selection visible,,2026-07-07T21:22:27
크래프톤,00760971,259960,KOSPI,분기x별도,재무제표,DS-1,PASS,,,2026-07-07T21:22:35
크래프톤,00760971,259960,KOSPI,분기x별도,상단,DS-8,PASS,,,2026-07-07T21:22:35
크래프톤,00760971,259960,KOSPI,분기x별도,상단,DS-7,PASS,"badges seen: ['✅', '🔎', '⚠']",,2026-07-07T21:22:35
크래프톤,00760971,259960,KOSPI,분기x별도,재무제표,CV-3,PASS,rows=29 cols=47 slider_extended=True,,2026-07-07T21:22:35
크래프톤,00760971,259960,KOSPI,분기x별도,재무제표,DS-2/DS-3,DONE,"cross-check completed for ['매출액', '영업이익']",,2026-07-07T21:22:35
크래프톤,00760971,259960,KOSPI,분기x별도,지표,CV-6,PASS,default metric selection visible,,2026-07-07T21:22:35
키다리스튜디오,00140131,020120,KOSPI,연간x연결,재무제표,DS-1,PASS,,,2026-07-07T21:22:48
키다리스튜디오,00140131,020120,KOSPI,연간x연결,상단,DS-8,PASS,,,2026-07-07T21:22:48
키다리스튜디오,00140131,020120,KOSPI,연간x연결,상단,DS-7,PASS,"badges seen: ['✅', '🔎', '⚠']",,2026-07-07T21:22:48
키다리스튜디오,00140131,020120,KOSPI,연간x연결,재무제표,CV-3,PASS,rows=29 cols=16 slider_extended=True,,2026-07-07T21:22:48
키다리스튜디오,00140131,020120,KOSPI,연간x연결,재무제표,DS-2/DS-3,DONE,"cross-check completed for ['매출액', '영업이익']",,2026-07-07T21:22:48
키다리스튜디오,00140131,020120,KOSPI,연간x연결,지표,CV-6,PASS,default metric selection visible,,2026-07-07T21:22:48
키다리스튜디오,00140131,020120,KOSPI,연간x별도,재무제표,DS-1,PASS,,,2026-07-07T21:22:53
키다리스튜디오,00140131,020120,KOSPI,연간x별도,상단,DS-8,PASS,,,2026-07-07T21:22:53
키다리스튜디오,00140131,020120,KOSPI,연간x별도,상단,DS-7,PASS,"badges seen: ['✅', '🔎', '⚠']",,2026-07-07T21:22:53
키다리스튜디오,00140131,020120,KOSPI,연간x별도,재무제표,CV-3,PASS,rows=29 cols=29 slider_extended=True,,2026-07-07T21:22:53
키다리스튜디오,00140131,020120,KOSPI,연간x별도,재무제표,DS-2/DS-3,DONE,"cross-check completed for ['매출액', '영업이익']",,2026-07-07T21:22:53
키다리스튜디오,00140131,020120,KOSPI,연간x별도,지표,CV-6,PASS,default metric selection visible,,2026-07-07T21:22:53
키다리스튜디오,00140131,020120,KOSPI,분기x연결,재무제표,DS-1,PASS,,,2026-07-07T21:22:59
키다리스튜디오,00140131,020120,KOSPI,분기x연결,상단,DS-8,PASS,,,2026-07-07T21:22:59
키다리스튜디오,00140131,020120,KOSPI,분기x연결,상단,DS-7,PASS,"badges seen: ['✅', '🔎', '⚠']",,2026-07-07T21:22:59
키다리스튜디오,00140131,020120,KOSPI,분기x연결,재무제표,CV-3,PASS,rows=29 cols=49 slider_extended=True,,2026-07-07T21:22:59
키다리스튜디오,00140131,020120,KOSPI,분기x연결,재무제표,DS-2/DS-3,DONE,"cross-check completed for ['매출액', '영업이익']",,2026-07-07T21:22:59
키다리스튜디오,00140131,020120,KOSPI,분기x연결,지표,CV-6,PASS,default metric selection visible,,2026-07-07T21:22:59
키다리스튜디오,00140131,020120,KOSPI,분기x별도,재무제표,DS-1,PASS,,,2026-07-07T21:23:07
키다리스튜디오,00140131,020120,KOSPI,분기x별도,상단,DS-8,PASS,,,2026-07-07T21:23:07
키다리스튜디오,00140131,020120,KOSPI,분기x별도,상단,DS-7,PASS,"badges seen: ['✅', '🔎']",,2026-07-07T21:23:07
키다리스튜디오,00140131,020120,KOSPI,분기x별도,재무제표,CV-3,PASS,rows=29 cols=90 slider_extended=True,,2026-07-07T21:23:07
키다리스튜디오,00140131,020120,KOSPI,분기x별도,재무제표,DS-2/DS-3,DONE,"cross-check completed for ['매출액', '영업이익']",,2026-07-07T21:23:07
키다리스튜디오,00140131,020120,KOSPI,분기x별도,지표,CV-6,PASS,default metric selection visible,,2026-07-07T21:23:07
키움증권,00296290,039490,KOSPI,연간x연결,재무제표,DS-1,PASS,,,2026-07-07T21:23:18
키움증권,00296290,039490,KOSPI,연간x연결,상단,DS-8,PASS,,,2026-07-07T21:23:18
키움증권,00296290,039490,KOSPI,연간x연결,상단,DS-7,PASS,"badges seen: ['✅', '🔎']",,2026-07-07T21:23:18
키움증권,00296290,039490,KOSPI,연간x연결,재무제표,CV-3,PASS,rows=29 cols=12 slider_extended=True,,2026-07-07T21:23:18
키움증권,00296290,039490,KOSPI,연간x연결,재무제표,DS-2/DS-3,DONE,"cross-check completed for ['매출액', '영업이익']",,2026-07-07T21:23:18
키움증권,00296290,039490,KOSPI,연간x연결,지표,CV-6,PASS,default metric selection visible,,2026-07-07T21:23:18
키움증권,00296290,039490,KOSPI,연간x별도,재무제표,DS-1,PASS,,,2026-07-07T21:23:23
키움증권,00296290,039490,KOSPI,연간x별도,상단,DS-8,PASS,,,2026-07-07T21:23:23
키움증권,00296290,039490,KOSPI,연간x별도,상단,DS-7,PASS,"badges seen: ['✅', '🔎']",,2026-07-07T21:23:23
키움증권,00296290,039490,KOSPI,연간x별도,재무제표,CV-3,PASS,rows=29 cols=23 slider_extended=True,,2026-07-07T21:23:23
키움증권,00296290,039490,KOSPI,연간x별도,재무제표,DS-2/DS-3,DONE,"cross-check completed for ['매출액', '영업이익']",,2026-07-07T21:23:23
키움증권,00296290,039490,KOSPI,연간x별도,지표,CV-6,PASS,default metric selection visible,,2026-07-07T21:23:23
키움증권,00296290,039490,KOSPI,분기x연결,재무제표,DS-1,PASS,,,2026-07-07T21:23:29
키움증권,00296290,039490,KOSPI,분기x연결,상단,DS-8,PASS,,,2026-07-07T21:23:29
키움증권,00296290,039490,KOSPI,분기x연결,상단,DS-7,PASS,"badges seen: ['✅', '🔎']",,2026-07-07T21:23:29
키움증권,00296290,039490,KOSPI,분기x연결,재무제표,CV-3,PASS,rows=29 cols=58 slider_extended=True,,2026-07-07T21:23:29
키움증권,00296290,039490,KOSPI,분기x연결,재무제표,DS-2/DS-3,DONE,"cross-check completed for ['매출액', '영업이익']",,2026-07-07T21:23:29
키움증권,00296290,039490,KOSPI,분기x연결,지표,CV-6,PASS,default metric selection visible,,2026-07-07T21:23:29
키움증권,00296290,039490,KOSPI,분기x별도,재무제표,DS-1,PASS,,,2026-07-07T21:23:36
키움증권,00296290,039490,KOSPI,분기x별도,상단,DS-8,PASS,,,2026-07-07T21:23:36
키움증권,00296290,039490,KOSPI,분기x별도,상단,DS-7,PASS,"badges seen: ['✅', '🔎']",,2026-07-07T21:23:36
키움증권,00296290,039490,KOSPI,분기x별도,재무제표,CV-3,PASS,rows=29 cols=70 slider_extended=True,,2026-07-07T21:23:36
키움증권,00296290,039490,KOSPI,분기x별도,재무제표,DS-2/DS-3,DONE,"cross-check completed for ['매출액', '영업이익']",,2026-07-07T21:23:36
키움증권,00296290,039490,KOSPI,분기x별도,지표,CV-6,PASS,default metric selection visible,,2026-07-07T21:23:36
태경비케이,00122481,014580,KOSPI,연간x연결,재무제표,DS-1,PASS,,,2026-07-07T21:23:50
태경비케이,00122481,014580,KOSPI,연간x연결,상단,DS-8,PASS,,,2026-07-07T21:23:50
태경비케이,00122481,014580,KOSPI,연간x연결,상단,DS-7,PASS,"badges seen: ['✅', '🔎']",,2026-07-07T21:23:50
태경비케이,00122481,014580,KOSPI,연간x연결,재무제표,CV-3,PASS,rows=29 cols=14 slider_extended=True,,2026-07-07T21:23:50
태경비케이,00122481,014580,KOSPI,연간x연결,재무제표,DS-2/DS-3,DONE,"cross-check completed for ['매출액', '영업이익']",,2026-07-07T21:23:50
태경비케이,00122481,014580,KOSPI,연간x연결,지표,CV-6,PASS,default metric selection visible,,2026-07-07T21:23:50
태경비케이,00122481,014580,KOSPI,연간x별도,재무제표,DS-1,PASS,,,2026-07-07T21:23:55
태경비케이,00122481,014580,KOSPI,연간x별도,상단,DS-8,PASS,,,2026-07-07T21:23:55
태경비케이,00122481,014580,KOSPI,연간x별도,상단,DS-7,PASS,"badges seen: ['✅', '🔎']",,2026-07-07T21:23:55
태경비케이,00122481,014580,KOSPI,연간x별도,재무제표,CV-3,PASS,rows=29 cols=22 slider_extended=True,,2026-07-07T21:23:55
태경비케이,00122481,014580,KOSPI,연간x별도,재무제표,DS-2/DS-3,DONE,"cross-check completed for ['매출액', '영업이익']",,2026-07-07T21:23:55
태경비케이,00122481,014580,KOSPI,연간x별도,지표,CV-6,PASS,default metric selection visible,,2026-07-07T21:23:55
태경비케이,00122481,014580,KOSPI,분기x연결,재무제표,DS-1,PASS,,,2026-07-07T21:24:01
태경비케이,00122481,014580,KOSPI,분기x연결,상단,DS-8,PASS,,,2026-07-07T21:24:01
태경비케이,00122481,014580,KOSPI,분기x연결,상단,DS-7,PASS,"badges seen: ['✅', '🔎']",,2026-07-07T21:24:01
태경비케이,00122481,014580,KOSPI,분기x연결,재무제표,CV-3,PASS,rows=29 cols=66 slider_extended=True,,2026-07-07T21:24:01
태경비케이,00122481,014580,KOSPI,분기x연결,재무제표,DS-2/DS-3,DONE,"cross-check completed for ['매출액', '영업이익']",,2026-07-07T21:24:01
태경비케이,00122481,014580,KOSPI,분기x연결,지표,CV-6,PASS,default metric selection visible,,2026-07-07T21:24:01
태경비케이,00122481,014580,KOSPI,분기x별도,재무제표,DS-1,PASS,,,2026-07-07T21:24:08
태경비케이,00122481,014580,KOSPI,분기x별도,상단,DS-8,PASS,,,2026-07-07T21:24:08
태경비케이,00122481,014580,KOSPI,분기x별도,상단,DS-7,PASS,"badges seen: ['✅', '🔎']",,2026-07-07T21:24:08
태경비케이,00122481,014580,KOSPI,분기x별도,재무제표,CV-3,PASS,rows=29 cols=72 slider_extended=True,,2026-07-07T21:24:08
태경비케이,00122481,014580,KOSPI,분기x별도,재무제표,DS-2/DS-3,DONE,"cross-check completed for ['매출액', '영업이익']",,2026-07-07T21:24:08
태경비케이,00122481,014580,KOSPI,분기x별도,지표,CV-6,PASS,default metric selection visible,,2026-07-07T21:24:08
태경산업,00153339,015890,KOSPI,연간x연결,재무제표,DS-1,PASS,,,2026-07-07T21:24:22
태경산업,00153339,015890,KOSPI,연간x연결,상단,DS-8,PASS,,,2026-07-07T21:24:22
태경산업,00153339,015890,KOSPI,연간x연결,상단,DS-7,PASS,"badges seen: ['✅', '🔎']",,2026-07-07T21:24:22
태경산업,00153339,015890,KOSPI,연간x연결,재무제표,CV-3,PASS,rows=29 cols=19 slider_extended=True,,2026-07-07T21:24:22
태경산업,00153339,015890,KOSPI,연간x연결,재무제표,DS-2/DS-3,DONE,"cross-check completed for ['매출액', '영업이익']",,2026-07-07T21:24:22
태경산업,00153339,015890,KOSPI,연간x연결,지표,CV-6,PASS,default metric selection visible,,2026-07-07T21:24:22
태경산업,00153339,015890,KOSPI,연간x별도,재무제표,DS-1,PASS,,,2026-07-07T21:24:27
태경산업,00153339,015890,KOSPI,연간x별도,상단,DS-8,PASS,,,2026-07-07T21:24:27
태경산업,00153339,015890,KOSPI,연간x별도,상단,DS-7,PASS,"badges seen: ['✅', '🔎', '⚠']",,2026-07-07T21:24:27
태경산업,00153339,015890,KOSPI,연간x별도,재무제표,CV-3,PASS,rows=29 cols=28 slider_extended=True,,2026-07-07T21:24:27
태경산업,00153339,015890,KOSPI,연간x별도,재무제표,DS-2/DS-3,DONE,"cross-check completed for ['매출액', '영업이익']",,2026-07-07T21:24:27
태경산업,00153339,015890,KOSPI,연간x별도,지표,CV-6,PASS,default metric selection visible,,2026-07-07T21:24:27
태경산업,00153339,015890,KOSPI,분기x연결,재무제표,DS-1,PASS,,,2026-07-07T21:24:33
태경산업,00153339,015890,KOSPI,분기x연결,상단,DS-8,PASS,,,2026-07-07T21:24:33
태경산업,00153339,015890,KOSPI,분기x연결,상단,DS-7,PASS,"badges seen: ['✅', '🔎']",,2026-07-07T21:24:33
태경산업,00153339,015890,KOSPI,분기x연결,재무제표,CV-3,PASS,rows=29 cols=66 slider_extended=True,,2026-07-07T21:24:33
태경산업,00153339,015890,KOSPI,분기x연결,재무제표,DS-2/DS-3,DONE,"cross-check completed for ['매출액', '영업이익']",,2026-07-07T21:24:33
태경산업,00153339,015890,KOSPI,분기x연결,지표,CV-6,PASS,default metric selection visible,,2026-07-07T21:24:33
태경산업,00153339,015890,KOSPI,분기x별도,재무제표,DS-1,PASS,,,2026-07-07T21:24:40
태경산업,00153339,015890,KOSPI,분기x별도,상단,DS-8,PASS,,,2026-07-07T21:24:40
태경산업,00153339,015890,KOSPI,분기x별도,상단,DS-7,PASS,"badges seen: ['✅', '🔎']",,2026-07-07T21:24:40
태경산업,00153339,015890,KOSPI,분기x별도,재무제표,CV-3,PASS,rows=29 cols=89 slider_extended=True,,2026-07-07T21:24:40
태경산업,00153339,015890,KOSPI,분기x별도,재무제표,DS-2/DS-3,DONE,"cross-check completed for ['매출액', '영업이익']",,2026-07-07T21:24:40
태경산업,00153339,015890,KOSPI,분기x별도,지표,CV-6,PASS,default metric selection visible,,2026-07-07T21:24:40
태경케미컬,00109161,006890,KOSPI,연간x연결,재무제표,DS-1,PASS,,,2026-07-07T21:24:54
태경케미컬,00109161,006890,KOSPI,연간x연결,상단,DS-8,PASS,,,2026-07-07T21:24:54
태경케미컬,00109161,006890,KOSPI,연간x연결,상단,DS-7,PASS,"badges seen: ['✅', '🔎', '⚠']",,2026-07-07T21:24:54
태경케미컬,00109161,006890,KOSPI,연간x연결,재무제표,CV-3,PASS,rows=29 cols=19 slider_extended=True,,2026-07-07T21:24:54
태경케미컬,00109161,006890,KOSPI,연간x연결,재무제표,DS-2/DS-3,DONE,"cross-check completed for ['매출액', '영업이익']",,2026-07-07T21:24:54
태경케미컬,00109161,006890,KOSPI,연간x연결,지표,CV-6,PASS,default metric selection visible,,2026-07-07T21:24:54
태경케미컬,00109161,006890,KOSPI,연간x별도,재무제표,DS-1,PASS,,,2026-07-07T21:24:59
태경케미컬,00109161,006890,KOSPI,연간x별도,상단,DS-8,PASS,,,2026-07-07T21:24:59
태경케미컬,00109161,006890,KOSPI,연간x별도,상단,DS-7,PASS,"badges seen: ['✅', '🔎', '⚠']",,2026-07-07T21:24:59
태경케미컬,00109161,006890,KOSPI,연간x별도,재무제표,CV-3,PASS,rows=29 cols=25 slider_extended=True,,2026-07-07T21:24:59
태경케미컬,00109161,006890,KOSPI,연간x별도,재무제표,DS-2/DS-3,DONE,"cross-check completed for ['매출액', '영업이익']",,2026-07-07T21:24:59
태경케미컬,00109161,006890,KOSPI,연간x별도,지표,CV-6,PASS,default metric selection visible,,2026-07-07T21:24:59
태경케미컬,00109161,006890,KOSPI,분기x연결,재무제표,DS-1,PASS,,,2026-07-07T21:25:05
태경케미컬,00109161,006890,KOSPI,분기x연결,상단,DS-8,PASS,,,2026-07-07T21:25:05
태경케미컬,00109161,006890,KOSPI,분기x연결,상단,DS-7,PASS,"badges seen: ['✅', '🔎']",,2026-07-07T21:25:05
태경케미컬,00109161,006890,KOSPI,분기x연결,재무제표,CV-3,PASS,rows=29 cols=60 slider_extended=True,,2026-07-07T21:25:05
태경케미컬,00109161,006890,KOSPI,분기x연결,재무제표,DS-2/DS-3,DONE,"cross-check completed for ['매출액', '영업이익']",,2026-07-07T21:25:05
태경케미컬,00109161,006890,KOSPI,분기x연결,지표,CV-6,PASS,default metric selection visible,,2026-07-07T21:25:05
태경케미컬,00109161,006890,KOSPI,분기x별도,재무제표,DS-1,PASS,,,2026-07-07T21:25:13
태경케미컬,00109161,006890,KOSPI,분기x별도,상단,DS-8,PASS,,,2026-07-07T21:25:13
태경케미컬,00109161,006890,KOSPI,분기x별도,상단,DS-7,PASS,"badges seen: ['✅', '🔎']",,2026-07-07T21:25:13
태경케미컬,00109161,006890,KOSPI,분기x별도,재무제표,CV-3,PASS,rows=29 cols=79 slider_extended=True,,2026-07-07T21:25:13
태경케미컬,00109161,006890,KOSPI,분기x별도,재무제표,DS-2/DS-3,DONE,"cross-check completed for ['매출액', '영업이익']",,2026-07-07T21:25:13
태경케미컬,00109161,006890,KOSPI,분기x별도,지표,CV-6,PASS,default metric selection visible,,2026-07-07T21:25:13
태광산업,00153393,003240,KOSPI,연간x연결,재무제표,DS-1,PASS,,,2026-07-07T21:25:24
태광산업,00153393,003240,KOSPI,연간x연결,상단,DS-8,PASS,,,2026-07-07T21:25:24
태광산업,00153393,003240,KOSPI,연간x연결,상단,DS-7,PASS,"badges seen: ['✅', '🔎', '⚠']",,2026-07-07T21:25:24
태광산업,00153393,003240,KOSPI,연간x연결,재무제표,CV-3,PASS,rows=29 cols=12 slider_extended=True,,2026-07-07T21:25:24
태광산업,00153393,003240,KOSPI,연간x연결,재무제표,DS-2/DS-3,DONE,"cross-check completed for ['매출액', '영업이익']",,2026-07-07T21:25:24
태광산업,00153393,003240,KOSPI,연간x연결,지표,CV-6,PASS,default metric selection visible,,2026-07-07T21:25:24
태광산업,00153393,003240,KOSPI,연간x별도,재무제표,DS-1,PASS,,,2026-07-07T21:25:29
태광산업,00153393,003240,KOSPI,연간x별도,상단,DS-8,PASS,,,2026-07-07T21:25:29
태광산업,00153393,003240,KOSPI,연간x별도,상단,DS-7,PASS,"badges seen: ['✅', '🔎', '⚠']",,2026-07-07T21:25:29
태광산업,00153393,003240,KOSPI,연간x별도,재무제표,CV-3,PASS,rows=29 cols=28 slider_extended=True,,2026-07-07T21:25:29
태광산업,00153393,003240,KOSPI,연간x별도,재무제표,DS-2/DS-3,DONE,"cross-check completed for ['매출액', '영업이익']",,2026-07-07T21:25:29
태광산업,00153393,003240,KOSPI,연간x별도,지표,CV-6,PASS,default metric selection visible,,2026-07-07T21:25:29
태광산업,00153393,003240,KOSPI,분기x연결,재무제표,DS-1,PASS,,,2026-07-07T21:25:35
태광산업,00153393,003240,KOSPI,분기x연결,상단,DS-8,PASS,,,2026-07-07T21:25:35
태광산업,00153393,003240,KOSPI,분기x연결,상단,DS-7,PASS,"badges seen: ['✅', '🔎', '⚠']",,2026-07-07T21:25:35
태광산업,00153393,003240,KOSPI,분기x연결,재무제표,CV-3,PASS,rows=29 cols=76 slider_extended=True,,2026-07-07T21:25:35
태광산업,00153393,003240,KOSPI,분기x연결,재무제표,DS-2/DS-3,DONE,"cross-check completed for ['매출액', '영업이익']",,2026-07-07T21:25:35
태광산업,00153393,003240,KOSPI,분기x연결,지표,CV-6,PASS,default metric selection visible,,2026-07-07T21:25:35
태광산업,00153393,003240,KOSPI,분기x별도,재무제표,DS-1,PASS,,,2026-07-07T21:25:42
태광산업,00153393,003240,KOSPI,분기x별도,상단,DS-8,PASS,,,2026-07-07T21:25:42
태광산업,00153393,003240,KOSPI,분기x별도,상단,DS-7,PASS,"badges seen: ['✅', '🔎', '⚠']",,2026-07-07T21:25:42
태광산업,00153393,003240,KOSPI,분기x별도,재무제표,CV-3,PASS,rows=29 cols=84 slider_extended=True,,2026-07-07T21:25:42
태광산업,00153393,003240,KOSPI,분기x별도,재무제표,DS-2/DS-3,DONE,"cross-check completed for ['매출액', '영업이익']",,2026-07-07T21:25:42
태광산업,00153393,003240,KOSPI,분기x별도,지표,CV-6,PASS,default metric selection visible,,2026-07-07T21:25:42
태림포장,00153524,011280,KOSPI,연간x연결,재무제표,DS-1,PASS,,,2026-07-07T21:25:56
태림포장,00153524,011280,KOSPI,연간x연결,상단,DS-8,PASS,,,2026-07-07T21:25:56
태림포장,00153524,011280,KOSPI,연간x연결,상단,DS-7,PASS,"badges seen: ['✅', '🔎', '⚠']",,2026-07-07T21:25:56
태림포장,00153524,011280,KOSPI,연간x연결,재무제표,CV-3,PASS,rows=29 cols=15 slider_extended=True,,2026-07-07T21:25:56
태림포장,00153524,011280,KOSPI,연간x연결,재무제표,DS-2/DS-3,DONE,"cross-check completed for ['매출액', '영업이익']",,2026-07-07T21:25:56
태림포장,00153524,011280,KOSPI,연간x연결,지표,CV-6,PASS,default metric selection visible,,2026-07-07T21:25:56
태림포장,00153524,011280,KOSPI,연간x별도,재무제표,DS-1,PASS,,,2026-07-07T21:26:01
태림포장,00153524,011280,KOSPI,연간x별도,상단,DS-8,PASS,,,2026-07-07T21:26:01
태림포장,00153524,011280,KOSPI,연간x별도,상단,DS-7,PASS,"badges seen: ['✅', '🔎', '⚠']",,2026-07-07T21:26:01
태림포장,00153524,011280,KOSPI,연간x별도,재무제표,CV-3,PASS,rows=29 cols=26 slider_extended=True,,2026-07-07T21:26:01
태림포장,00153524,011280,KOSPI,연간x별도,재무제표,DS-2/DS-3,DONE,"cross-check completed for ['매출액', '영업이익']",,2026-07-07T21:26:01
태림포장,00153524,011280,KOSPI,연간x별도,지표,CV-6,PASS,default metric selection visible,,2026-07-07T21:26:01
태림포장,00153524,011280,KOSPI,분기x연결,재무제표,DS-1,PASS,,,2026-07-07T21:26:07
태림포장,00153524,011280,KOSPI,분기x연결,상단,DS-8,PASS,,,2026-07-07T21:26:07
태림포장,00153524,011280,KOSPI,분기x연결,상단,DS-7,PASS,"badges seen: ['✅', '🔎']",,2026-07-07T21:26:07
태림포장,00153524,011280,KOSPI,분기x연결,재무제표,CV-3,PASS,rows=29 cols=59 slider_extended=True,,2026-07-07T21:26:07
태림포장,00153524,011280,KOSPI,분기x연결,재무제표,DS-2/DS-3,DONE,"cross-check completed for ['매출액', '영업이익']",,2026-07-07T21:26:07
태림포장,00153524,011280,KOSPI,분기x연결,지표,CV-6,PASS,default metric selection visible,,2026-07-07T21:26:07
태림포장,00153524,011280,KOSPI,분기x별도,재무제표,DS-1,PASS,,,2026-07-07T21:26:14
태림포장,00153524,011280,KOSPI,분기x별도,상단,DS-8,PASS,,,2026-07-07T21:26:14
태림포장,00153524,011280,KOSPI,분기x별도,상단,DS-7,PASS,"badges seen: ['✅', '🔎']",,2026-07-07T21:26:14
태림포장,00153524,011280,KOSPI,분기x별도,재무제표,CV-3,PASS,rows=29 cols=84 slider_extended=True,,2026-07-07T21:26:14
태림포장,00153524,011280,KOSPI,분기x별도,재무제표,DS-2/DS-3,DONE,"cross-check completed for ['매출액', '영업이익']",,2026-07-07T21:26:14
태림포장,00153524,011280,KOSPI,분기x별도,지표,CV-6,PASS,default metric selection visible,,2026-07-07T21:26:14
태양금속공업,00153755,004100,KOSPI,연간x연결,재무제표,DS-1,PASS,,,2026-07-07T21:26:25
태양금속공업,00153755,004100,KOSPI,연간x연결,상단,DS-8,PASS,,,2026-07-07T21:26:25
태양금속공업,00153755,004100,KOSPI,연간x연결,상단,DS-7,PASS,"badges seen: ['✅', '🔎', '⚠']",,2026-07-07T21:26:25
태양금속공업,00153755,004100,KOSPI,연간x연결,재무제표,CV-3,PASS,rows=29 cols=12 slider_extended=True,,2026-07-07T21:26:25
태양금속공업,00153755,004100,KOSPI,연간x연결,재무제표,DS-2/DS-3,DONE,"cross-check completed for ['매출액', '영업이익']",,2026-07-07T21:26:25
태양금속공업,00153755,004100,KOSPI,연간x연결,지표,CV-6,PASS,default metric selection visible,,2026-07-07T21:26:25
태양금속공업,00153755,004100,KOSPI,연간x별도,재무제표,DS-1,PASS,,,2026-07-07T21:26:30
태양금속공업,00153755,004100,KOSPI,연간x별도,상단,DS-8,PASS,,,2026-07-07T21:26:30
태양금속공업,00153755,004100,KOSPI,연간x별도,상단,DS-7,PASS,"badges seen: ['✅', '🔎']",,2026-07-07T21:26:30
태양금속공업,00153755,004100,KOSPI,연간x별도,재무제표,CV-3,PASS,rows=29 cols=29 slider_extended=True,,2026-07-07T21:26:30
태양금속공업,00153755,004100,KOSPI,연간x별도,재무제표,DS-2/DS-3,DONE,"cross-check completed for ['매출액', '영업이익']",,2026-07-07T21:26:30
태양금속공업,00153755,004100,KOSPI,연간x별도,지표,CV-6,PASS,default metric selection visible,,2026-07-07T21:26:30
태양금속공업,00153755,004100,KOSPI,분기x연결,재무제표,DS-1,PASS,,,2026-07-07T21:26:37
태양금속공업,00153755,004100,KOSPI,분기x연결,상단,DS-8,PASS,,,2026-07-07T21:26:37
태양금속공업,00153755,004100,KOSPI,분기x연결,상단,DS-7,PASS,"badges seen: ['✅', '🔎', '⚠']",,2026-07-07T21:26:37
태양금속공업,00153755,004100,KOSPI,분기x연결,재무제표,CV-3,PASS,rows=29 cols=60 slider_extended=True,,2026-07-07T21:26:37
태양금속공업,00153755,004100,KOSPI,분기x연결,재무제표,DS-2/DS-3,DONE,"cross-check completed for ['매출액', '영업이익']",,2026-07-07T21:26:37
태양금속공업,00153755,004100,KOSPI,분기x연결,지표,CV-6,PASS,default metric selection visible,,2026-07-07T21:26:37
태양금속공업,00153755,004100,KOSPI,분기x별도,재무제표,DS-1,PASS,,,2026-07-07T21:26:44
태양금속공업,00153755,004100,KOSPI,분기x별도,상단,DS-8,PASS,,,2026-07-07T21:26:44
태양금속공업,00153755,004100,KOSPI,분기x별도,상단,DS-7,PASS,"badges seen: ['✅', '🔎']",,2026-07-07T21:26:44
태양금속공업,00153755,004100,KOSPI,분기x별도,재무제표,CV-3,PASS,rows=29 cols=94 slider_extended=True,,2026-07-07T21:26:44
태양금속공업,00153755,004100,KOSPI,분기x별도,재무제표,DS-2/DS-3,DONE,"cross-check completed for ['매출액', '영업이익']",,2026-07-07T21:26:44
태양금속공업,00153755,004100,KOSPI,분기x별도,지표,CV-6,PASS,default metric selection visible,,2026-07-07T21:26:44
태영건설,00153861,009410,KOSPI,연간x연결,재무제표,DS-1,PASS,,,2026-07-07T21:26:57
태영건설,00153861,009410,KOSPI,연간x연결,상단,DS-8,PASS,,,2026-07-07T21:26:57
태영건설,00153861,009410,KOSPI,연간x연결,상단,DS-7,PASS,"badges seen: ['✅', '🔎', '⚠']",,2026-07-07T21:26:57
태영건설,00153861,009410,KOSPI,연간x연결,재무제표,CV-3,PASS,rows=29 cols=17 slider_extended=True,,2026-07-07T21:26:57
태영건설,00153861,009410,KOSPI,연간x연결,재무제표,DS-2/DS-3,DONE,"cross-check completed for ['매출액', '영업이익']",,2026-07-07T21:26:57
태영건설,00153861,009410,KOSPI,연간x연결,지표,CV-6,PASS,default metric selection visible,,2026-07-07T21:26:57
태영건설,00153861,009410,KOSPI,연간x별도,재무제표,DS-1,PASS,,,2026-07-07T21:27:03
태영건설,00153861,009410,KOSPI,연간x별도,상단,DS-8,PASS,,,2026-07-07T21:27:03
태영건설,00153861,009410,KOSPI,연간x별도,상단,DS-7,PASS,"badges seen: ['✅', '🔎', '⚠']",,2026-07-07T21:27:03
태영건설,00153861,009410,KOSPI,연간x별도,재무제표,CV-3,PASS,rows=29 cols=23 slider_extended=True,,2026-07-07T21:27:03
태영건설,00153861,009410,KOSPI,연간x별도,재무제표,DS-2/DS-3,DONE,"cross-check completed for ['매출액', '영업이익']",,2026-07-07T21:27:03
태영건설,00153861,009410,KOSPI,연간x별도,지표,CV-6,PASS,default metric selection visible,,2026-07-07T21:27:03
태영건설,00153861,009410,KOSPI,분기x연결,재무제표,DS-1,PASS,,,2026-07-07T21:27:09
태영건설,00153861,009410,KOSPI,분기x연결,상단,DS-8,PASS,,,2026-07-07T21:27:09
태영건설,00153861,009410,KOSPI,분기x연결,상단,DS-7,PASS,"badges seen: ['✅', '🔎', '⚠']",,2026-07-07T21:27:09
태영건설,00153861,009410,KOSPI,분기x연결,재무제표,CV-3,PASS,rows=29 cols=70 slider_extended=True,,2026-07-07T21:27:09
태영건설,00153861,009410,KOSPI,분기x연결,재무제표,DS-2/DS-3,DONE,"cross-check completed for ['매출액', '영업이익']",,2026-07-07T21:27:09
태영건설,00153861,009410,KOSPI,분기x연결,지표,CV-6,PASS,default metric selection visible,,2026-07-07T21:27:09
태영건설,00153861,009410,KOSPI,분기x별도,재무제표,DS-1,PASS,,,2026-07-07T21:27:16
태영건설,00153861,009410,KOSPI,분기x별도,상단,DS-8,PASS,,,2026-07-07T21:27:16
태영건설,00153861,009410,KOSPI,분기x별도,상단,DS-7,PASS,"badges seen: ['✅', '🔎']",,2026-07-07T21:27:16
태영건설,00153861,009410,KOSPI,분기x별도,재무제표,CV-3,PASS,rows=29 cols=77 slider_extended=True,,2026-07-07T21:27:16
태영건설,00153861,009410,KOSPI,분기x별도,재무제표,DS-2/DS-3,DONE,"cross-check completed for ['매출액', '영업이익']",,2026-07-07T21:27:16
태영건설,00153861,009410,KOSPI,분기x별도,지표,CV-6,PASS,default metric selection visible,,2026-07-07T21:27:16
테이팩스,00256955,055490,KOSPI,연간x연결,재무제표,DS-1,PASS,,,2026-07-07T21:27:27
테이팩스,00256955,055490,KOSPI,연간x연결,상단,DS-8,PASS,,,2026-07-07T21:27:27
테이팩스,00256955,055490,KOSPI,연간x연결,상단,DS-7,PASS,"badges seen: ['✅', '🔎', '⚠']",,2026-07-07T21:27:27
테이팩스,00256955,055490,KOSPI,연간x연결,재무제표,CV-3,PASS,rows=29 cols=13 slider_extended=True,,2026-07-07T21:27:27
테이팩스,00256955,055490,KOSPI,연간x연결,재무제표,DS-2/DS-3,DONE,"cross-check completed for ['매출액', '영업이익']",,2026-07-07T21:27:27
테이팩스,00256955,055490,KOSPI,연간x연결,지표,CV-6,PASS,default metric selection visible,,2026-07-07T21:27:27
테이팩스,00256955,055490,KOSPI,연간x별도,재무제표,DS-1,PASS,,,2026-07-07T21:27:32
테이팩스,00256955,055490,KOSPI,연간x별도,상단,DS-8,PASS,,,2026-07-07T21:27:32
테이팩스,00256955,055490,KOSPI,연간x별도,상단,DS-7,PASS,"badges seen: ['✅', '🔎']",,2026-07-07T21:27:32
테이팩스,00256955,055490,KOSPI,연간x별도,재무제표,CV-3,PASS,rows=29 cols=13 slider_extended=True,,2026-07-07T21:27:32
테이팩스,00256955,055490,KOSPI,연간x별도,재무제표,DS-2/DS-3,DONE,"cross-check completed for ['매출액', '영업이익']",,2026-07-07T21:27:32
테이팩스,00256955,055490,KOSPI,연간x별도,지표,CV-6,PASS,default metric selection visible,,2026-07-07T21:27:32
테이팩스,00256955,055490,KOSPI,분기x연결,재무제표,DS-1,PASS,,,2026-07-07T21:27:38
테이팩스,00256955,055490,KOSPI,분기x연결,상단,DS-8,PASS,,,2026-07-07T21:27:38
테이팩스,00256955,055490,KOSPI,분기x연결,상단,DS-7,PASS,"badges seen: ['✅', '🔎']",,2026-07-07T21:27:38
테이팩스,00256955,055490,KOSPI,분기x연결,재무제표,CV-3,PASS,rows=29 cols=40 slider_extended=True,,2026-07-07T21:27:38
테이팩스,00256955,055490,KOSPI,분기x연결,재무제표,DS-2/DS-3,DONE,"cross-check completed for ['매출액', '영업이익']",,2026-07-07T21:27:38
테이팩스,00256955,055490,KOSPI,분기x연결,지표,CV-6,PASS,default metric selection visible,,2026-07-07T21:27:38
테이팩스,00256955,055490,KOSPI,분기x별도,재무제표,DS-1,PASS,,,2026-07-07T21:27:45
테이팩스,00256955,055490,KOSPI,분기x별도,상단,DS-8,PASS,,,2026-07-07T21:27:45
테이팩스,00256955,055490,KOSPI,분기x별도,상단,DS-7,PASS,"badges seen: ['✅', '🔎']",,2026-07-07T21:27:45
테이팩스,00256955,055490,KOSPI,분기x별도,재무제표,CV-3,PASS,rows=29 cols=40 slider_extended=True,,2026-07-07T21:27:45
테이팩스,00256955,055490,KOSPI,분기x별도,재무제표,DS-2/DS-3,DONE,"cross-check completed for ['매출액', '영업이익']",,2026-07-07T21:27:45
테이팩스,00256955,055490,KOSPI,분기x별도,지표,CV-6,PASS,default metric selection visible,,2026-07-07T21:27:45
텔코웨어,00361488,078000,KOSPI,연간x연결,재무제표,DS-1,PASS,,,2026-07-07T21:27:59
텔코웨어,00361488,078000,KOSPI,연간x연결,상단,DS-8,PASS,,,2026-07-07T21:27:59
텔코웨어,00361488,078000,KOSPI,연간x연결,상단,DS-7,PASS,"badges seen: ['✅', '🔎']",,2026-07-07T21:27:59
텔코웨어,00361488,078000,KOSPI,연간x연결,재무제표,CV-3,PASS,rows=29 cols=19 slider_extended=True,,2026-07-07T21:27:59
텔코웨어,00361488,078000,KOSPI,연간x연결,재무제표,DS-2/DS-3,DONE,"cross-check completed for ['매출액', '영업이익']",,2026-07-07T21:27:59
텔코웨어,00361488,078000,KOSPI,연간x연결,지표,CV-6,PASS,default metric selection visible,,2026-07-07T21:27:59
텔코웨어,00361488,078000,KOSPI,연간x별도,재무제표,DS-1,PASS,,,2026-07-07T21:28:04
텔코웨어,00361488,078000,KOSPI,연간x별도,상단,DS-8,PASS,,,2026-07-07T21:28:04
텔코웨어,00361488,078000,KOSPI,연간x별도,상단,DS-7,PASS,"badges seen: ['✅', '🔎']",,2026-07-07T21:28:04
텔코웨어,00361488,078000,KOSPI,연간x별도,재무제표,CV-3,PASS,rows=29 cols=26 slider_extended=True,,2026-07-07T21:28:04
텔코웨어,00361488,078000,KOSPI,연간x별도,재무제표,DS-2/DS-3,DONE,"cross-check completed for ['매출액', '영업이익']",,2026-07-07T21:28:04
텔코웨어,00361488,078000,KOSPI,연간x별도,지표,CV-6,PASS,default metric selection visible,,2026-07-07T21:28:04
텔코웨어,00361488,078000,KOSPI,분기x연결,재무제표,DS-1,PASS,,,2026-07-07T21:28:10
텔코웨어,00361488,078000,KOSPI,분기x연결,상단,DS-8,PASS,,,2026-07-07T21:28:10
텔코웨어,00361488,078000,KOSPI,분기x연결,상단,DS-7,PASS,"badges seen: ['✅', '🔎']",,2026-07-07T21:28:10
텔코웨어,00361488,078000,KOSPI,분기x연결,재무제표,CV-3,PASS,rows=29 cols=60 slider_extended=True,,2026-07-07T21:28:10
텔코웨어,00361488,078000,KOSPI,분기x연결,재무제표,DS-2/DS-3,DONE,"cross-check completed for ['매출액', '영업이익']",,2026-07-07T21:28:10
텔코웨어,00361488,078000,KOSPI,분기x연결,지표,CV-6,PASS,default metric selection visible,,2026-07-07T21:28:10
텔코웨어,00361488,078000,KOSPI,분기x별도,재무제표,DS-1,PASS,,,2026-07-07T21:28:17
텔코웨어,00361488,078000,KOSPI,분기x별도,상단,DS-8,PASS,,,2026-07-07T21:28:17
텔코웨어,00361488,078000,KOSPI,분기x별도,상단,DS-7,PASS,"badges seen: ['✅', '🔎']",,2026-07-07T21:28:17
텔코웨어,00361488,078000,KOSPI,분기x별도,재무제표,CV-3,PASS,rows=29 cols=78 slider_extended=True,,2026-07-07T21:28:17
텔코웨어,00361488,078000,KOSPI,분기x별도,재무제표,DS-2/DS-3,DONE,"cross-check completed for ['매출액', '영업이익']",,2026-07-07T21:28:17
텔코웨어,00361488,078000,KOSPI,분기x별도,지표,CV-6,PASS,default metric selection visible,,2026-07-07T21:28:17
토니모리,00816544,214420,KOSPI,연간x연결,재무제표,DS-1,PASS,,,2026-07-07T21:28:31
토니모리,00816544,214420,KOSPI,연간x연결,상단,DS-8,PASS,,,2026-07-07T21:28:31
토니모리,00816544,214420,KOSPI,연간x연결,상단,DS-7,PASS,"badges seen: ['✅', '🔎', '⚠']",,2026-07-07T21:28:31
토니모리,00816544,214420,KOSPI,연간x연결,재무제표,CV-3,PASS,rows=29 cols=15 slider_extended=True,,2026-07-07T21:28:31
토니모리,00816544,214420,KOSPI,연간x연결,재무제표,DS-2/DS-3,DONE,"cross-check completed for ['매출액', '영업이익']",,2026-07-07T21:28:31
토니모리,00816544,214420,KOSPI,연간x연결,지표,CV-6,PASS,default metric selection visible,,2026-07-07T21:28:31
토니모리,00816544,214420,KOSPI,연간x별도,재무제표,DS-1,PASS,,,2026-07-07T21:28:36
토니모리,00816544,214420,KOSPI,연간x별도,상단,DS-8,PASS,,,2026-07-07T21:28:36
토니모리,00816544,214420,KOSPI,연간x별도,상단,DS-7,PASS,"badges seen: ['✅', '🔎', '⚠']",,2026-07-07T21:28:36
토니모리,00816544,214420,KOSPI,연간x별도,재무제표,CV-3,PASS,rows=29 cols=15 slider_extended=True,,2026-07-07T21:28:36
토니모리,00816544,214420,KOSPI,연간x별도,재무제표,DS-2/DS-3,DONE,"cross-check completed for ['매출액', '영업이익']",,2026-07-07T21:28:36
토니모리,00816544,214420,KOSPI,연간x별도,지표,CV-6,PASS,default metric selection visible,,2026-07-07T21:28:36
토니모리,00816544,214420,KOSPI,분기x연결,재무제표,DS-1,PASS,,,2026-07-07T21:28:42
토니모리,00816544,214420,KOSPI,분기x연결,상단,DS-8,PASS,,,2026-07-07T21:28:42
토니모리,00816544,214420,KOSPI,분기x연결,상단,DS-7,PASS,"badges seen: ['✅', '🔎']",,2026-07-07T21:28:42
토니모리,00816544,214420,KOSPI,분기x연결,재무제표,CV-3,PASS,rows=29 cols=51 slider_extended=True,,2026-07-07T21:28:42
토니모리,00816544,214420,KOSPI,분기x연결,재무제표,DS-2/DS-3,DONE,"cross-check completed for ['매출액', '영업이익']",,2026-07-07T21:28:42
토니모리,00816544,214420,KOSPI,분기x연결,지표,CV-6,PASS,default metric selection visible,,2026-07-07T21:28:42
토니모리,00816544,214420,KOSPI,분기x별도,재무제표,DS-1,PASS,,,2026-07-07T21:28:49
토니모리,00816544,214420,KOSPI,분기x별도,상단,DS-8,PASS,,,2026-07-07T21:28:49
토니모리,00816544,214420,KOSPI,분기x별도,상단,DS-7,PASS,"badges seen: ['✅', '🔎', '⚠']",,2026-07-07T21:28:49
토니모리,00816544,214420,KOSPI,분기x별도,재무제표,CV-3,PASS,rows=29 cols=51 slider_extended=True,,2026-07-07T21:28:49
토니모리,00816544,214420,KOSPI,분기x별도,재무제표,DS-2/DS-3,DONE,"cross-check completed for ['매출액', '영업이익']",,2026-07-07T21:28:49
토니모리,00816544,214420,KOSPI,분기x별도,지표,CV-6,PASS,default metric selection visible,,2026-07-07T21:28:49
트리니티항공,00671376,091810,KOSPI,연간x연결,재무제표,DS-1,PASS,,,2026-07-07T21:29:03
트리니티항공,00671376,091810,KOSPI,연간x연결,상단,DS-8,PASS,,,2026-07-07T21:29:03
트리니티항공,00671376,091810,KOSPI,연간x연결,상단,DS-7,PASS,"badges seen: ['✅', '🔎', '⚠']",,2026-07-07T21:29:03
트리니티항공,00671376,091810,KOSPI,연간x연결,재무제표,CV-3,PASS,rows=29 cols=12 slider_extended=True,,2026-07-07T21:29:03
트리니티항공,00671376,091810,KOSPI,연간x연결,재무제표,DS-2/DS-3,DONE,"cross-check completed for ['매출액', '영업이익']",,2026-07-07T21:29:03
트리니티항공,00671376,091810,KOSPI,연간x연결,지표,CV-6,PASS,default metric selection visible,,2026-07-07T21:29:03
트리니티항공,00671376,091810,KOSPI,연간x별도,재무제표,DS-1,PASS,,,2026-07-07T21:29:08
트리니티항공,00671376,091810,KOSPI,연간x별도,상단,DS-8,PASS,,,2026-07-07T21:29:08
트리니티항공,00671376,091810,KOSPI,연간x별도,상단,DS-7,PASS,"badges seen: ['✅', '🔎', '⚠']",,2026-07-07T21:29:08
트리니티항공,00671376,091810,KOSPI,연간x별도,재무제표,CV-3,PASS,rows=29 cols=12 slider_extended=True,,2026-07-07T21:29:08
트리니티항공,00671376,091810,KOSPI,연간x별도,재무제표,DS-2/DS-3,DONE,"cross-check completed for ['매출액', '영업이익']",,2026-07-07T21:29:08
트리니티항공,00671376,091810,KOSPI,연간x별도,지표,CV-6,PASS,default metric selection visible,,2026-07-07T21:29:08
트리니티항공,00671376,091810,KOSPI,분기x연결,재무제표,DS-1,PASS,,,2026-07-07T21:29:14
트리니티항공,00671376,091810,KOSPI,분기x연결,상단,DS-8,PASS,,,2026-07-07T21:29:14
트리니티항공,00671376,091810,KOSPI,분기x연결,상단,DS-7,PASS,"badges seen: ['✅', '🔎', '⚠']",,2026-07-07T21:29:14
트리니티항공,00671376,091810,KOSPI,분기x연결,재무제표,CV-3,PASS,rows=29 cols=37 slider_extended=True,,2026-07-07T21:29:14
트리니티항공,00671376,091810,KOSPI,분기x연결,재무제표,DS-2/DS-3,DONE,"cross-check completed for ['매출액', '영업이익']",,2026-07-07T21:29:14
트리니티항공,00671376,091810,KOSPI,분기x연결,지표,CV-6,PASS,default metric selection visible,,2026-07-07T21:29:14
트리니티항공,00671376,091810,KOSPI,분기x별도,재무제표,DS-1,PASS,,,2026-07-07T21:29:21
트리니티항공,00671376,091810,KOSPI,분기x별도,상단,DS-8,PASS,,,2026-07-07T21:29:21
트리니티항공,00671376,091810,KOSPI,분기x별도,상단,DS-7,PASS,"badges seen: ['✅', '🔎', '⚠']",,2026-07-07T21:29:21
트리니티항공,00671376,091810,KOSPI,분기x별도,재무제표,CV-3,PASS,rows=29 cols=37 slider_extended=True,,2026-07-07T21:29:21
트리니티항공,00671376,091810,KOSPI,분기x별도,재무제표,DS-2/DS-3,DONE,"cross-check completed for ['매출액', '영업이익']",,2026-07-07T21:29:21
트리니티항공,00671376,091810,KOSPI,분기x별도,지표,CV-6,PASS,default metric selection visible,,2026-07-07T21:29:21
티비에이치글로벌,00409672,084870,KOSPI,연간x연결,재무제표,DS-1,PASS,,,2026-07-07T21:29:32
티비에이치글로벌,00409672,084870,KOSPI,연간x연결,상단,DS-8,PASS,,,2026-07-07T21:29:32
티비에이치글로벌,00409672,084870,KOSPI,연간x연결,상단,DS-7,PASS,"badges seen: ['✅', '🔎', '⚠']",,2026-07-07T21:29:32
티비에이치글로벌,00409672,084870,KOSPI,연간x연결,재무제표,CV-3,PASS,rows=29 cols=12 slider_extended=True,,2026-07-07T21:29:32
티비에이치글로벌,00409672,084870,KOSPI,연간x연결,재무제표,DS-2/DS-3,DONE,"cross-check completed for ['매출액', '영업이익']",,2026-07-07T21:29:32
티비에이치글로벌,00409672,084870,KOSPI,연간x연결,지표,CV-6,PASS,default metric selection visible,,2026-07-07T21:29:32
티비에이치글로벌,00409672,084870,KOSPI,연간x별도,재무제표,DS-1,PASS,,,2026-07-07T21:29:37
티비에이치글로벌,00409672,084870,KOSPI,연간x별도,상단,DS-8,PASS,,,2026-07-07T21:29:37
티비에이치글로벌,00409672,084870,KOSPI,연간x별도,상단,DS-7,PASS,"badges seen: ['✅', '🔎']",,2026-07-07T21:29:37
티비에이치글로벌,00409672,084870,KOSPI,연간x별도,재무제표,CV-3,PASS,rows=29 cols=24 slider_extended=True,,2026-07-07T21:29:37
티비에이치글로벌,00409672,084870,KOSPI,연간x별도,재무제표,DS-2/DS-3,DONE,"cross-check completed for ['매출액', '영업이익']",,2026-07-07T21:29:37
티비에이치글로벌,00409672,084870,KOSPI,연간x별도,지표,CV-6,PASS,default metric selection visible,,2026-07-07T21:29:37
티비에이치글로벌,00409672,084870,KOSPI,분기x연결,재무제표,DS-1,PASS,,,2026-07-07T21:29:43
티비에이치글로벌,00409672,084870,KOSPI,분기x연결,상단,DS-8,PASS,,,2026-07-07T21:29:43
티비에이치글로벌,00409672,084870,KOSPI,분기x연결,상단,DS-7,PASS,"badges seen: ['✅', '🔎']",,2026-07-07T21:29:43
티비에이치글로벌,00409672,084870,KOSPI,분기x연결,재무제표,CV-3,PASS,rows=29 cols=60 slider_extended=True,,2026-07-07T21:29:43
티비에이치글로벌,00409672,084870,KOSPI,분기x연결,재무제표,DS-2/DS-3,DONE,"cross-check completed for ['매출액', '영업이익']",,2026-07-07T21:29:43
티비에이치글로벌,00409672,084870,KOSPI,분기x연결,지표,CV-6,PASS,default metric selection visible,,2026-07-07T21:29:43
티비에이치글로벌,00409672,084870,KOSPI,분기x별도,재무제표,DS-1,PASS,,,2026-07-07T21:29:51
티비에이치글로벌,00409672,084870,KOSPI,분기x별도,상단,DS-8,PASS,,,2026-07-07T21:29:51
티비에이치글로벌,00409672,084870,KOSPI,분기x별도,상단,DS-7,PASS,"badges seen: ['✅', '🔎']",,2026-07-07T21:29:51
티비에이치글로벌,00409672,084870,KOSPI,분기x별도,재무제표,CV-3,PASS,rows=29 cols=78 slider_extended=True,,2026-07-07T21:29:51
티비에이치글로벌,00409672,084870,KOSPI,분기x별도,재무제표,DS-2/DS-3,DONE,"cross-check completed for ['매출액', '영업이익']",,2026-07-07T21:29:51
티비에이치글로벌,00409672,084870,KOSPI,분기x별도,지표,CV-6,PASS,default metric selection visible,,2026-07-07T21:29:51
티에이치엔,00118965,019180,KOSPI,연간x연결,재무제표,DS-1,PASS,,,2026-07-07T21:30:05
티에이치엔,00118965,019180,KOSPI,연간x연결,상단,DS-8,PASS,,,2026-07-07T21:30:05
티에이치엔,00118965,019180,KOSPI,연간x연결,상단,DS-7,PASS,"badges seen: ['✅', '🔎', '⚠']",,2026-07-07T21:30:05
티에이치엔,00118965,019180,KOSPI,연간x연결,재무제표,CV-3,PASS,rows=29 cols=20 slider_extended=True,,2026-07-07T21:30:05
티에이치엔,00118965,019180,KOSPI,연간x연결,재무제표,DS-2/DS-3,DONE,"cross-check completed for ['매출액', '영업이익']",,2026-07-07T21:30:05
티에이치엔,00118965,019180,KOSPI,연간x연결,지표,CV-6,PASS,default metric selection visible,,2026-07-07T21:30:05
티에이치엔,00118965,019180,KOSPI,연간x별도,재무제표,DS-1,PASS,,,2026-07-07T21:30:10
티에이치엔,00118965,019180,KOSPI,연간x별도,상단,DS-8,PASS,,,2026-07-07T21:30:10
티에이치엔,00118965,019180,KOSPI,연간x별도,상단,DS-7,PASS,"badges seen: ['✅', '🔎', '⚠']",,2026-07-07T21:30:10
티에이치엔,00118965,019180,KOSPI,연간x별도,재무제표,CV-3,PASS,rows=29 cols=27 slider_extended=True,,2026-07-07T21:30:10
티에이치엔,00118965,019180,KOSPI,연간x별도,재무제표,DS-2/DS-3,DONE,"cross-check completed for ['매출액', '영업이익']",,2026-07-07T21:30:10
티에이치엔,00118965,019180,KOSPI,연간x별도,지표,CV-6,PASS,default metric selection visible,,2026-07-07T21:30:10
티에이치엔,00118965,019180,KOSPI,분기x연결,재무제표,DS-1,PASS,,,2026-07-07T21:30:16
티에이치엔,00118965,019180,KOSPI,분기x연결,상단,DS-8,PASS,,,2026-07-07T21:30:16
티에이치엔,00118965,019180,KOSPI,분기x연결,상단,DS-7,PASS,"badges seen: ['✅', '🔎']",,2026-07-07T21:30:16
티에이치엔,00118965,019180,KOSPI,분기x연결,재무제표,CV-3,PASS,rows=29 cols=60 slider_extended=True,,2026-07-07T21:30:16
티에이치엔,00118965,019180,KOSPI,분기x연결,재무제표,DS-2/DS-3,DONE,"cross-check completed for ['매출액', '영업이익']",,2026-07-07T21:30:16
티에이치엔,00118965,019180,KOSPI,분기x연결,지표,CV-6,PASS,default metric selection visible,,2026-07-07T21:30:16
티에이치엔,00118965,019180,KOSPI,분기x별도,재무제표,DS-1,PASS,,,2026-07-07T21:30:23
티에이치엔,00118965,019180,KOSPI,분기x별도,상단,DS-8,PASS,,,2026-07-07T21:30:23
티에이치엔,00118965,019180,KOSPI,분기x별도,상단,DS-7,PASS,"badges seen: ['✅', '🔎', '⚠']",,2026-07-07T21:30:23
티에이치엔,00118965,019180,KOSPI,분기x별도,재무제표,CV-3,PASS,rows=29 cols=89 slider_extended=True,,2026-07-07T21:30:23
티에이치엔,00118965,019180,KOSPI,분기x별도,재무제표,DS-2/DS-3,DONE,"cross-check completed for ['매출액', '영업이익']",,2026-07-07T21:30:23
티에이치엔,00118965,019180,KOSPI,분기x별도,지표,CV-6,PASS,default metric selection visible,,2026-07-07T21:30:23
티엠씨,00949161,217590,KOSPI,연간x연결,재무제표,DS-1,PASS,,,2026-07-07T21:30:34
티엠씨,00949161,217590,KOSPI,연간x연결,상단,DS-8,PASS,,,2026-07-07T21:30:34
티엠씨,00949161,217590,KOSPI,연간x연결,상단,DS-7,PASS,"badges seen: ['✅', '🔎']",,2026-07-07T21:30:34
티엠씨,00949161,217590,KOSPI,연간x연결,재무제표,CV-3,PASS,rows=29 cols=5 slider_extended=True,,2026-07-07T21:30:34
티엠씨,00949161,217590,KOSPI,연간x연결,재무제표,DS-2/DS-3,DONE,"cross-check completed for ['매출액', '영업이익']",,2026-07-07T21:30:34
티엠씨,00949161,217590,KOSPI,연간x연결,지표,CV-6,PASS,default metric selection visible,,2026-07-07T21:30:34
티엠씨,00949161,217590,KOSPI,연간x별도,재무제표,DS-1,PASS,,,2026-07-07T21:30:39
티엠씨,00949161,217590,KOSPI,연간x별도,상단,DS-8,PASS,,,2026-07-07T21:30:39
티엠씨,00949161,217590,KOSPI,연간x별도,상단,DS-7,PASS,"badges seen: ['✅', '🔎']",,2026-07-07T21:30:39
티엠씨,00949161,217590,KOSPI,연간x별도,재무제표,CV-3,PASS,rows=29 cols=5 slider_extended=True,,2026-07-07T21:30:39
티엠씨,00949161,217590,KOSPI,연간x별도,재무제표,DS-2/DS-3,DONE,"cross-check completed for ['매출액', '영업이익']",,2026-07-07T21:30:39
티엠씨,00949161,217590,KOSPI,연간x별도,지표,CV-6,PASS,default metric selection visible,,2026-07-07T21:30:39
티엠씨,00949161,217590,KOSPI,분기x연결,재무제표,DS-1,PASS,,,2026-07-07T21:30:46
티엠씨,00949161,217590,KOSPI,분기x연결,상단,DS-8,PASS,,,2026-07-07T21:30:46
티엠씨,00949161,217590,KOSPI,분기x연결,상단,DS-7,PASS,"badges seen: ['✅', '🔎']",,2026-07-07T21:30:46
티엠씨,00949161,217590,KOSPI,분기x연결,재무제표,CV-3,PASS,rows=29 cols=6 slider_extended=True,,2026-07-07T21:30:46
티엠씨,00949161,217590,KOSPI,분기x연결,재무제표,DS-2/DS-3,DONE,"cross-check completed for ['매출액', '영업이익']",,2026-07-07T21:30:46
티엠씨,00949161,217590,KOSPI,분기x연결,지표,CV-6,PASS,default metric selection visible,,2026-07-07T21:30:46
티엠씨,00949161,217590,KOSPI,분기x별도,재무제표,DS-1,PASS,,,2026-07-07T21:30:53
티엠씨,00949161,217590,KOSPI,분기x별도,상단,DS-8,PASS,,,2026-07-07T21:30:53
티엠씨,00949161,217590,KOSPI,분기x별도,상단,DS-7,PASS,"badges seen: ['✅', '🔎']",,2026-07-07T21:30:53
티엠씨,00949161,217590,KOSPI,분기x별도,재무제표,CV-3,PASS,rows=29 cols=6 slider_extended=True,,2026-07-07T21:30:53
티엠씨,00949161,217590,KOSPI,분기x별도,재무제표,DS-2/DS-3,DONE,"cross-check completed for ['매출액', '영업이익']",,2026-07-07T21:30:53
티엠씨,00949161,217590,KOSPI,분기x별도,지표,CV-6,PASS,default metric selection visible,,2026-07-07T21:30:53
티와이홀딩스,01497869,363280,KOSPI,연간x연결,재무제표,DS-1,PASS,,,2026-07-07T21:31:06
티와이홀딩스,01497869,363280,KOSPI,연간x연결,상단,DS-8,PASS,,,2026-07-07T21:31:06
티와이홀딩스,01497869,363280,KOSPI,연간x연결,상단,DS-7,PASS,"badges seen: ['✅', '🔎', '⚠']",,2026-07-07T21:31:06
티와이홀딩스,01497869,363280,KOSPI,연간x연결,재무제표,CV-3,PASS,rows=29 cols=8 slider_extended=True,,2026-07-07T21:31:06
티와이홀딩스,01497869,363280,KOSPI,연간x연결,재무제표,DS-2/DS-3,DONE,"cross-check completed for ['매출액', '영업이익']",,2026-07-07T21:31:06
티와이홀딩스,01497869,363280,KOSPI,연간x연결,지표,CV-6,PASS,default metric selection visible,,2026-07-07T21:31:06
티와이홀딩스,01497869,363280,KOSPI,연간x별도,재무제표,DS-1,PASS,,,2026-07-07T21:31:11
티와이홀딩스,01497869,363280,KOSPI,연간x별도,상단,DS-8,PASS,,,2026-07-07T21:31:11
티와이홀딩스,01497869,363280,KOSPI,연간x별도,상단,DS-7,PASS,"badges seen: ['✅', '🔎', '⚠']",,2026-07-07T21:31:11
티와이홀딩스,01497869,363280,KOSPI,연간x별도,재무제표,CV-3,PASS,rows=29 cols=8 slider_extended=True,,2026-07-07T21:31:11
티와이홀딩스,01497869,363280,KOSPI,연간x별도,재무제표,DS-2/DS-3,DONE,"cross-check completed for ['매출액', '영업이익']",,2026-07-07T21:31:11
티와이홀딩스,01497869,363280,KOSPI,연간x별도,지표,CV-6,PASS,default metric selection visible,,2026-07-07T21:31:11
티와이홀딩스,01497869,363280,KOSPI,분기x연결,재무제표,DS-1,PASS,,,2026-07-07T21:31:17
티와이홀딩스,01497869,363280,KOSPI,분기x연결,상단,DS-8,PASS,,,2026-07-07T21:31:17
티와이홀딩스,01497869,363280,KOSPI,분기x연결,상단,DS-7,PASS,"badges seen: ['✅', '🔎', '⚠']",,2026-07-07T21:31:17
티와이홀딩스,01497869,363280,KOSPI,분기x연결,재무제표,CV-3,PASS,rows=29 cols=25 slider_extended=True,,2026-07-07T21:31:17
티와이홀딩스,01497869,363280,KOSPI,분기x연결,재무제표,DS-2/DS-3,DONE,"cross-check completed for ['매출액', '영업이익']",,2026-07-07T21:31:17
티와이홀딩스,01497869,363280,KOSPI,분기x연결,지표,CV-6,PASS,default metric selection visible,,2026-07-07T21:31:17
티와이홀딩스,01497869,363280,KOSPI,분기x별도,재무제표,DS-1,PASS,,,2026-07-07T21:31:24
티와이홀딩스,01497869,363280,KOSPI,분기x별도,상단,DS-8,PASS,,,2026-07-07T21:31:24
티와이홀딩스,01497869,363280,KOSPI,분기x별도,상단,DS-7,PASS,"badges seen: ['✅', '🔎', '⚠']",,2026-07-07T21:31:24
티와이홀딩스,01497869,363280,KOSPI,분기x별도,재무제표,CV-3,PASS,rows=29 cols=25 slider_extended=True,,2026-07-07T21:31:24
티와이홀딩스,01497869,363280,KOSPI,분기x별도,재무제표,DS-2/DS-3,DONE,"cross-check completed for ['매출액', '영업이익']",,2026-07-07T21:31:24
티와이홀딩스,01497869,363280,KOSPI,분기x별도,지표,CV-6,PASS,default metric selection visible,,2026-07-07T21:31:24
티웨이홀딩스,00109514,004870,KOSPI,연간x연결,재무제표,DS-1,PASS,,,2026-07-07T21:31:38
티웨이홀딩스,00109514,004870,KOSPI,연간x연결,상단,DS-8,PASS,,,2026-07-07T21:31:38
티웨이홀딩스,00109514,004870,KOSPI,연간x연결,상단,DS-7,PASS,"badges seen: ['✅', '🔎', '⚠']",,2026-07-07T21:31:38
티웨이홀딩스,00109514,004870,KOSPI,연간x연결,재무제표,CV-3,PASS,rows=29 cols=13 slider_extended=True,,2026-07-07T21:31:38
티웨이홀딩스,00109514,004870,KOSPI,연간x연결,재무제표,DS-2/DS-3,DONE,"cross-check completed for ['매출액', '영업이익']",,2026-07-07T21:31:38
티웨이홀딩스,00109514,004870,KOSPI,연간x연결,지표,CV-6,PASS,default metric selection visible,,2026-07-07T21:31:38
티웨이홀딩스,00109514,004870,KOSPI,연간x별도,재무제표,DS-1,PASS,,,2026-07-07T21:31:43
티웨이홀딩스,00109514,004870,KOSPI,연간x별도,상단,DS-8,PASS,,,2026-07-07T21:31:43
티웨이홀딩스,00109514,004870,KOSPI,연간x별도,상단,DS-7,PASS,"badges seen: ['✅', '🔎', '⚠']",,2026-07-07T21:31:43
티웨이홀딩스,00109514,004870,KOSPI,연간x별도,재무제표,CV-3,PASS,rows=29 cols=25 slider_extended=True,,2026-07-07T21:31:43
티웨이홀딩스,00109514,004870,KOSPI,연간x별도,재무제표,DS-2/DS-3,DONE,"cross-check completed for ['매출액', '영업이익']",,2026-07-07T21:31:43
티웨이홀딩스,00109514,004870,KOSPI,연간x별도,지표,CV-6,PASS,default metric selection visible,,2026-07-07T21:31:43
티웨이홀딩스,00109514,004870,KOSPI,분기x연결,재무제표,DS-1,PASS,,,2026-07-07T21:31:49
티웨이홀딩스,00109514,004870,KOSPI,분기x연결,상단,DS-8,PASS,,,2026-07-07T21:31:49
티웨이홀딩스,00109514,004870,KOSPI,분기x연결,상단,DS-7,PASS,"badges seen: ['✅', '🔎', '⚠']",,2026-07-07T21:31:49
티웨이홀딩스,00109514,004870,KOSPI,분기x연결,재무제표,CV-3,PASS,rows=29 cols=47 slider_extended=True,,2026-07-07T21:31:49
티웨이홀딩스,00109514,004870,KOSPI,분기x연결,재무제표,DS-2/DS-3,DONE,"cross-check completed for ['매출액', '영업이익']",,2026-07-07T21:31:49
티웨이홀딩스,00109514,004870,KOSPI,분기x연결,지표,CV-6,PASS,default metric selection visible,,2026-07-07T21:31:49
티웨이홀딩스,00109514,004870,KOSPI,분기x별도,재무제표,DS-1,PASS,,,2026-07-07T21:31:56
티웨이홀딩스,00109514,004870,KOSPI,분기x별도,상단,DS-8,PASS,,,2026-07-07T21:31:56
티웨이홀딩스,00109514,004870,KOSPI,분기x별도,상단,DS-7,PASS,"badges seen: ['✅', '🔎', '⚠']",,2026-07-07T21:31:56
티웨이홀딩스,00109514,004870,KOSPI,분기x별도,재무제표,CV-3,PASS,rows=29 cols=80 slider_extended=True,,2026-07-07T21:31:56
티웨이홀딩스,00109514,004870,KOSPI,분기x별도,재무제표,DS-2/DS-3,DONE,"cross-check completed for ['매출액', '영업이익']",,2026-07-07T21:31:56
티웨이홀딩스,00109514,004870,KOSPI,분기x별도,지표,CV-6,PASS,default metric selection visible,,2026-07-07T21:31:56
티케이지휴켐스,00426086,069260,KOSPI,연간x연결,재무제표,DS-1,PASS,,,2026-07-07T21:32:10
티케이지휴켐스,00426086,069260,KOSPI,연간x연결,상단,DS-8,PASS,,,2026-07-07T21:32:10
티케이지휴켐스,00426086,069260,KOSPI,연간x연결,상단,DS-7,PASS,"badges seen: ['✅', '🔎']",,2026-07-07T21:32:10
티케이지휴켐스,00426086,069260,KOSPI,연간x연결,재무제표,CV-3,PASS,rows=29 cols=19 slider_extended=True,,2026-07-07T21:32:10
티케이지휴켐스,00426086,069260,KOSPI,연간x연결,재무제표,DS-2/DS-3,DONE,"cross-check completed for ['매출액', '영업이익']",,2026-07-07T21:32:10
티케이지휴켐스,00426086,069260,KOSPI,연간x연결,지표,CV-6,PASS,default metric selection visible,,2026-07-07T21:32:10
티케이지휴켐스,00426086,069260,KOSPI,연간x별도,재무제표,DS-1,PASS,,,2026-07-07T21:32:15
티케이지휴켐스,00426086,069260,KOSPI,연간x별도,상단,DS-8,PASS,,,2026-07-07T21:32:15
티케이지휴켐스,00426086,069260,KOSPI,연간x별도,상단,DS-7,PASS,"badges seen: ['✅', '🔎']",,2026-07-07T21:32:15
티케이지휴켐스,00426086,069260,KOSPI,연간x별도,재무제표,CV-3,PASS,rows=29 cols=24 slider_extended=True,,2026-07-07T21:32:15
티케이지휴켐스,00426086,069260,KOSPI,연간x별도,재무제표,DS-2/DS-3,DONE,"cross-check completed for ['매출액', '영업이익']",,2026-07-07T21:32:15
티케이지휴켐스,00426086,069260,KOSPI,연간x별도,지표,CV-6,PASS,default metric selection visible,,2026-07-07T21:32:15
티케이지휴켐스,00426086,069260,KOSPI,분기x연결,재무제표,DS-1,PASS,,,2026-07-07T21:32:21
티케이지휴켐스,00426086,069260,KOSPI,분기x연결,상단,DS-8,PASS,,,2026-07-07T21:32:21
티케이지휴켐스,00426086,069260,KOSPI,분기x연결,상단,DS-7,PASS,"badges seen: ['✅', '🔎']",,2026-07-07T21:32:21
티케이지휴켐스,00426086,069260,KOSPI,분기x연결,재무제표,CV-3,PASS,rows=29 cols=60 slider_extended=True,,2026-07-07T21:32:21
티케이지휴켐스,00426086,069260,KOSPI,분기x연결,재무제표,DS-2/DS-3,DONE,"cross-check completed for ['매출액', '영업이익']",,2026-07-07T21:32:21
티케이지휴켐스,00426086,069260,KOSPI,분기x연결,지표,CV-6,PASS,default metric selection visible,,2026-07-07T21:32:21
티케이지휴켐스,00426086,069260,KOSPI,분기x별도,재무제표,DS-1,PASS,,,2026-07-07T21:32:28
티케이지휴켐스,00426086,069260,KOSPI,분기x별도,상단,DS-8,PASS,,,2026-07-07T21:32:28
티케이지휴켐스,00426086,069260,KOSPI,분기x별도,상단,DS-7,PASS,"badges seen: ['✅', '🔎']",,2026-07-07T21:32:28
티케이지휴켐스,00426086,069260,KOSPI,분기x별도,재무제표,CV-3,PASS,rows=29 cols=80 slider_extended=True,,2026-07-07T21:32:28
티케이지휴켐스,00426086,069260,KOSPI,분기x별도,재무제표,DS-2/DS-3,DONE,"cross-check completed for ['매출액', '영업이익']",,2026-07-07T21:32:28
티케이지휴켐스,00426086,069260,KOSPI,분기x별도,지표,CV-6,PASS,default metric selection visible,,2026-07-07T21:32:28
파라다이스,00171265,034230,KOSPI,연간x연결,재무제표,DS-1,PASS,,,2026-07-07T21:32:39
파라다이스,00171265,034230,KOSPI,연간x연결,상단,DS-8,PASS,,,2026-07-07T21:32:39
파라다이스,00171265,034230,KOSPI,연간x연결,상단,DS-7,PASS,"badges seen: ['✅', '🔎', '⚠']",,2026-07-07T21:32:39
파라다이스,00171265,034230,KOSPI,연간x연결,재무제표,CV-3,PASS,rows=29 cols=19 slider_extended=True,,2026-07-07T21:32:39
파라다이스,00171265,034230,KOSPI,연간x연결,재무제표,DS-2/DS-3,DONE,"cross-check completed for ['매출액', '영업이익']",,2026-07-07T21:32:39
파라다이스,00171265,034230,KOSPI,연간x연결,지표,CV-6,PASS,default metric selection visible,,2026-07-07T21:32:39
파라다이스,00171265,034230,KOSPI,연간x별도,재무제표,DS-1,PASS,,,2026-07-07T21:32:44
파라다이스,00171265,034230,KOSPI,연간x별도,상단,DS-8,PASS,,,2026-07-07T21:32:44
파라다이스,00171265,034230,KOSPI,연간x별도,상단,DS-7,PASS,"badges seen: ['✅', '🔎', '⚠']",,2026-07-07T21:32:44
파라다이스,00171265,034230,KOSPI,연간x별도,재무제표,CV-3,PASS,rows=29 cols=25 slider_extended=True,,2026-07-07T21:32:44
파라다이스,00171265,034230,KOSPI,연간x별도,재무제표,DS-2/DS-3,DONE,"cross-check completed for ['매출액', '영업이익']",,2026-07-07T21:32:44
파라다이스,00171265,034230,KOSPI,연간x별도,지표,CV-6,PASS,default metric selection visible,,2026-07-07T21:32:44
파라다이스,00171265,034230,KOSPI,분기x연결,재무제표,DS-1,PASS,,,2026-07-07T21:32:51
파라다이스,00171265,034230,KOSPI,분기x연결,상단,DS-8,PASS,,,2026-07-07T21:32:51
파라다이스,00171265,034230,KOSPI,분기x연결,상단,DS-7,PASS,"badges seen: ['✅', '🔎', '⚠']",,2026-07-07T21:32:51
파라다이스,00171265,034230,KOSPI,분기x연결,재무제표,CV-3,PASS,rows=29 cols=60 slider_extended=True,,2026-07-07T21:32:51
파라다이스,00171265,034230,KOSPI,분기x연결,재무제표,DS-2/DS-3,DONE,"cross-check completed for ['매출액', '영업이익']",,2026-07-07T21:32:51
파라다이스,00171265,034230,KOSPI,분기x연결,지표,CV-6,PASS,default metric selection visible,,2026-07-07T21:32:51
파라다이스,00171265,034230,KOSPI,분기x별도,재무제표,DS-1,PASS,,,2026-07-07T21:32:58
파라다이스,00171265,034230,KOSPI,분기x별도,상단,DS-8,PASS,,,2026-07-07T21:32:58
파라다이스,00171265,034230,KOSPI,분기x별도,상단,DS-7,PASS,"badges seen: ['✅', '🔎', '⚠']",,2026-07-07T21:32:58
파라다이스,00171265,034230,KOSPI,분기x별도,재무제표,CV-3,PASS,rows=29 cols=82 slider_extended=True,,2026-07-07T21:32:58
파라다이스,00171265,034230,KOSPI,분기x별도,재무제표,DS-2/DS-3,DONE,"cross-check completed for ['매출액', '영업이익']",,2026-07-07T21:32:58
파라다이스,00171265,034230,KOSPI,분기x별도,지표,CV-6,PASS,default metric selection visible,,2026-07-07T21:32:58
파미셀,00145163,005690,KOSPI,연간x연결,재무제표,DS-1,PASS,,,2026-07-07T21:33:11
파미셀,00145163,005690,KOSPI,연간x연결,상단,DS-8,PASS,,,2026-07-07T21:33:11
파미셀,00145163,005690,KOSPI,연간x연결,상단,DS-7,PASS,"badges seen: ['✅', '🔎']",,2026-07-07T21:33:11
파미셀,00145163,005690,KOSPI,연간x연결,재무제표,CV-3,PASS,rows=29 cols=7 slider_extended=True,,2026-07-07T21:33:11
파미셀,00145163,005690,KOSPI,연간x연결,재무제표,DS-2/DS-3,DONE,"cross-check completed for ['매출액', '영업이익']",,2026-07-07T21:33:11
파미셀,00145163,005690,KOSPI,연간x연결,지표,CV-6,PASS,default metric selection visible,,2026-07-07T21:33:11
파미셀,00145163,005690,KOSPI,연간x별도,재무제표,DS-1,PASS,,,2026-07-07T21:33:16
파미셀,00145163,005690,KOSPI,연간x별도,상단,DS-8,PASS,,,2026-07-07T21:33:16
파미셀,00145163,005690,KOSPI,연간x별도,상단,DS-7,PASS,"badges seen: ['✅', '🔎', '⚠']",,2026-07-07T21:33:16
파미셀,00145163,005690,KOSPI,연간x별도,재무제표,CV-3,PASS,rows=29 cols=29 slider_extended=True,,2026-07-07T21:33:16
파미셀,00145163,005690,KOSPI,연간x별도,재무제표,DS-2/DS-3,DONE,"cross-check completed for ['매출액', '영업이익']",,2026-07-07T21:33:16
파미셀,00145163,005690,KOSPI,연간x별도,지표,CV-6,PASS,default metric selection visible,,2026-07-07T21:33:16
파미셀,00145163,005690,KOSPI,분기x연결,재무제표,DS-1,PASS,,,2026-07-07T21:33:23
파미셀,00145163,005690,KOSPI,분기x연결,상단,DS-8,PASS,,,2026-07-07T21:33:23
파미셀,00145163,005690,KOSPI,분기x연결,상단,DS-7,PASS,"badges seen: ['✅', '🔎']",,2026-07-07T21:33:23
파미셀,00145163,005690,KOSPI,분기x연결,재무제표,CV-3,PASS,rows=29 cols=16 slider_extended=True,,2026-07-07T21:33:23
파미셀,00145163,005690,KOSPI,분기x연결,재무제표,DS-2/DS-3,DONE,"cross-check completed for ['매출액', '영업이익']",,2026-07-07T21:33:23
파미셀,00145163,005690,KOSPI,분기x연결,지표,CV-6,PASS,default metric selection visible,,2026-07-07T21:33:23
파미셀,00145163,005690,KOSPI,분기x별도,재무제표,DS-1,PASS,,,2026-07-07T21:33:30
파미셀,00145163,005690,KOSPI,분기x별도,상단,DS-8,PASS,,,2026-07-07T21:33:30
파미셀,00145163,005690,KOSPI,분기x별도,상단,DS-7,PASS,"badges seen: ['✅', '🔎']",,2026-07-07T21:33:30
파미셀,00145163,005690,KOSPI,분기x별도,재무제표,CV-3,PASS,rows=29 cols=90 slider_extended=True,,2026-07-07T21:33:30
파미셀,00145163,005690,KOSPI,분기x별도,재무제표,DS-2/DS-3,DONE,"cross-check completed for ['매출액', '영업이익']",,2026-07-07T21:33:30
파미셀,00145163,005690,KOSPI,분기x별도,지표,CV-6,PASS,default metric selection visible,,2026-07-07T21:33:30
팜스코,00260408,036580,KOSPI,연간x연결,재무제표,DS-1,PASS,,,2026-07-07T21:33:43
팜스코,00260408,036580,KOSPI,연간x연결,상단,DS-8,PASS,,,2026-07-07T21:33:43
팜스코,00260408,036580,KOSPI,연간x연결,상단,DS-7,PASS,"badges seen: ['✅', '🔎']",,2026-07-07T21:33:43
팜스코,00260408,036580,KOSPI,연간x연결,재무제표,CV-3,PASS,rows=29 cols=19 slider_extended=True,,2026-07-07T21:33:43
팜스코,00260408,036580,KOSPI,연간x연결,재무제표,DS-2/DS-3,DONE,"cross-check completed for ['매출액', '영업이익']",,2026-07-07T21:33:43
팜스코,00260408,036580,KOSPI,연간x연결,지표,CV-6,PASS,default metric selection visible,,2026-07-07T21:33:43
팜스코,00260408,036580,KOSPI,연간x별도,재무제표,DS-1,PASS,,,2026-07-07T21:33:48
팜스코,00260408,036580,KOSPI,연간x별도,상단,DS-8,PASS,,,2026-07-07T21:33:48
팜스코,00260408,036580,KOSPI,연간x별도,상단,DS-7,PASS,"badges seen: ['✅', '🔎']",,2026-07-07T21:33:48
팜스코,00260408,036580,KOSPI,연간x별도,재무제표,CV-3,PASS,rows=29 cols=23 slider_extended=True,,2026-07-07T21:33:48
팜스코,00260408,036580,KOSPI,연간x별도,재무제표,DS-2/DS-3,DONE,"cross-check completed for ['매출액', '영업이익']",,2026-07-07T21:33:48
팜스코,00260408,036580,KOSPI,연간x별도,지표,CV-6,PASS,default metric selection visible,,2026-07-07T21:33:48
팜스코,00260408,036580,KOSPI,분기x연결,재무제표,DS-1,PASS,,,2026-07-07T21:33:55
팜스코,00260408,036580,KOSPI,분기x연결,상단,DS-8,PASS,,,2026-07-07T21:33:55
팜스코,00260408,036580,KOSPI,분기x연결,상단,DS-7,PASS,"badges seen: ['✅', '🔎']",,2026-07-07T21:33:55
팜스코,00260408,036580,KOSPI,분기x연결,재무제표,CV-3,PASS,rows=29 cols=60 slider_extended=True,,2026-07-07T21:33:55
팜스코,00260408,036580,KOSPI,분기x연결,재무제표,DS-2/DS-3,DONE,"cross-check completed for ['매출액', '영업이익']",,2026-07-07T21:33:55
팜스코,00260408,036580,KOSPI,분기x연결,지표,CV-6,PASS,default metric selection visible,,2026-07-07T21:33:55
팜스코,00260408,036580,KOSPI,분기x별도,재무제표,DS-1,PASS,,,2026-07-07T21:34:02
팜스코,00260408,036580,KOSPI,분기x별도,상단,DS-8,PASS,,,2026-07-07T21:34:02
팜스코,00260408,036580,KOSPI,분기x별도,상단,DS-7,PASS,"badges seen: ['✅', '🔎']",,2026-07-07T21:34:02
팜스코,00260408,036580,KOSPI,분기x별도,재무제표,CV-3,PASS,rows=29 cols=75 slider_extended=True,,2026-07-07T21:34:02
팜스코,00260408,036580,KOSPI,분기x별도,재무제표,DS-2/DS-3,DONE,"cross-check completed for ['매출액', '영업이익']",,2026-07-07T21:34:02
팜스코,00260408,036580,KOSPI,분기x별도,지표,CV-6,PASS,default metric selection visible,,2026-07-07T21:34:02
팜젠사이언스,00135050,004720,KOSPI,연간x연결,재무제표,DS-1,PASS,,,2026-07-07T21:34:15
팜젠사이언스,00135050,004720,KOSPI,연간x연결,상단,DS-8,PASS,,,2026-07-07T21:34:15
팜젠사이언스,00135050,004720,KOSPI,연간x연결,상단,DS-7,PASS,"badges seen: ['✅', '🔎', '⚠']",,2026-07-07T21:34:15
팜젠사이언스,00135050,004720,KOSPI,연간x연결,재무제표,CV-3,PASS,rows=29 cols=18 slider_extended=True,,2026-07-07T21:34:15
팜젠사이언스,00135050,004720,KOSPI,연간x연결,재무제표,DS-2/DS-3,DONE,"cross-check completed for ['매출액', '영업이익']",,2026-07-07T21:34:15
팜젠사이언스,00135050,004720,KOSPI,연간x연결,지표,CV-6,PASS,default metric selection visible,,2026-07-07T21:34:15
팜젠사이언스,00135050,004720,KOSPI,연간x별도,재무제표,DS-1,PASS,,,2026-07-07T21:34:21
팜젠사이언스,00135050,004720,KOSPI,연간x별도,상단,DS-8,PASS,,,2026-07-07T21:34:21
팜젠사이언스,00135050,004720,KOSPI,연간x별도,상단,DS-7,PASS,"badges seen: ['✅', '🔎', '⚠']",,2026-07-07T21:34:21
팜젠사이언스,00135050,004720,KOSPI,연간x별도,재무제표,CV-3,PASS,rows=29 cols=23 slider_extended=True,,2026-07-07T21:34:21
팜젠사이언스,00135050,004720,KOSPI,연간x별도,재무제표,DS-2/DS-3,DONE,"cross-check completed for ['매출액', '영업이익']",,2026-07-07T21:34:21
팜젠사이언스,00135050,004720,KOSPI,연간x별도,지표,CV-6,PASS,default metric selection visible,,2026-07-07T21:34:21
팜젠사이언스,00135050,004720,KOSPI,분기x연결,재무제표,DS-1,PASS,,,2026-07-07T21:34:27
팜젠사이언스,00135050,004720,KOSPI,분기x연결,상단,DS-8,PASS,,,2026-07-07T21:34:27
팜젠사이언스,00135050,004720,KOSPI,분기x연결,상단,DS-7,PASS,"badges seen: ['✅', '🔎']",,2026-07-07T21:34:27
팜젠사이언스,00135050,004720,KOSPI,분기x연결,재무제표,CV-3,PASS,rows=29 cols=60 slider_extended=True,,2026-07-07T21:34:27
팜젠사이언스,00135050,004720,KOSPI,분기x연결,재무제표,DS-2/DS-3,DONE,"cross-check completed for ['매출액', '영업이익']",,2026-07-07T21:34:27
팜젠사이언스,00135050,004720,KOSPI,분기x연결,지표,CV-6,PASS,default metric selection visible,,2026-07-07T21:34:27
팜젠사이언스,00135050,004720,KOSPI,분기x별도,재무제표,DS-1,PASS,,,2026-07-07T21:34:34
팜젠사이언스,00135050,004720,KOSPI,분기x별도,상단,DS-8,PASS,,,2026-07-07T21:34:34
팜젠사이언스,00135050,004720,KOSPI,분기x별도,상단,DS-7,PASS,"badges seen: ['✅', '🔎']",,2026-07-07T21:34:34
팜젠사이언스,00135050,004720,KOSPI,분기x별도,재무제표,CV-3,PASS,rows=29 cols=77 slider_extended=True,,2026-07-07T21:34:34
팜젠사이언스,00135050,004720,KOSPI,분기x별도,재무제표,DS-2/DS-3,DONE,"cross-check completed for ['매출액', '영업이익']",,2026-07-07T21:34:34
팜젠사이언스,00135050,004720,KOSPI,분기x별도,지표,CV-6,PASS,default metric selection visible,,2026-07-07T21:34:34
팬오션,00122737,028670,KOSPI,연간x연결,재무제표,DS-1,PASS,,,2026-07-07T21:34:45
팬오션,00122737,028670,KOSPI,연간x연결,상단,DS-8,PASS,,,2026-07-07T21:34:45
팬오션,00122737,028670,KOSPI,연간x연결,상단,DS-7,PASS,"badges seen: ['✅', '🔎', '⚠']",,2026-07-07T21:34:45
팬오션,00122737,028670,KOSPI,연간x연결,재무제표,CV-3,PASS,rows=29 cols=20 slider_extended=True,,2026-07-07T21:34:45
팬오션,00122737,028670,KOSPI,연간x연결,재무제표,DS-2/DS-3,DONE,"cross-check completed for ['매출액', '영업이익']",,2026-07-07T21:34:45
팬오션,00122737,028670,KOSPI,연간x연결,지표,CV-6,PASS,default metric selection visible,,2026-07-07T21:34:45
팬오션,00122737,028670,KOSPI,연간x별도,재무제표,DS-1,PASS,,,2026-07-07T21:34:50
팬오션,00122737,028670,KOSPI,연간x별도,상단,DS-8,PASS,,,2026-07-07T21:34:50
팬오션,00122737,028670,KOSPI,연간x별도,상단,DS-7,PASS,"badges seen: ['✅', '🔎', '⚠']",,2026-07-07T21:34:50
팬오션,00122737,028670,KOSPI,연간x별도,재무제표,CV-3,PASS,rows=29 cols=23 slider_extended=True,,2026-07-07T21:34:50
팬오션,00122737,028670,KOSPI,연간x별도,재무제표,DS-2/DS-3,DONE,"cross-check completed for ['매출액', '영업이익']",,2026-07-07T21:34:50
팬오션,00122737,028670,KOSPI,연간x별도,지표,CV-6,PASS,default metric selection visible,,2026-07-07T21:34:50
팬오션,00122737,028670,KOSPI,분기x연결,재무제표,DS-1,PASS,,,2026-07-07T21:34:56
팬오션,00122737,028670,KOSPI,분기x연결,상단,DS-8,PASS,,,2026-07-07T21:34:56
팬오션,00122737,028670,KOSPI,분기x연결,상단,DS-7,PASS,"badges seen: ['✅', '🔎']",,2026-07-07T21:34:56
팬오션,00122737,028670,KOSPI,분기x연결,재무제표,CV-3,PASS,rows=29 cols=67 slider_extended=True,,2026-07-07T21:34:56
팬오션,00122737,028670,KOSPI,분기x연결,재무제표,DS-2/DS-3,DONE,"cross-check completed for ['매출액', '영업이익']",,2026-07-07T21:34:56
팬오션,00122737,028670,KOSPI,분기x연결,지표,CV-6,PASS,default metric selection visible,,2026-07-07T21:34:56
팬오션,00122737,028670,KOSPI,분기x별도,재무제표,DS-1,PASS,,,2026-07-07T21:35:04
팬오션,00122737,028670,KOSPI,분기x별도,상단,DS-8,PASS,,,2026-07-07T21:35:04
팬오션,00122737,028670,KOSPI,분기x별도,상단,DS-7,PASS,"badges seen: ['✅', '🔎']",,2026-07-07T21:35:04
팬오션,00122737,028670,KOSPI,분기x별도,재무제표,CV-3,PASS,rows=29 cols=76 slider_extended=True,,2026-07-07T21:35:04
팬오션,00122737,028670,KOSPI,분기x별도,재무제표,DS-2/DS-3,DONE,"cross-check completed for ['매출액', '영업이익']",,2026-07-07T21:35:04
팬오션,00122737,028670,KOSPI,분기x별도,지표,CV-6,PASS,default metric selection visible,,2026-07-07T21:35:04
퍼스텍,00148522,010820,KOSPI,연간x연결,재무제표,DS-1,PASS,,,2026-07-07T21:35:18
퍼스텍,00148522,010820,KOSPI,연간x연결,상단,DS-8,PASS,,,2026-07-07T21:35:18
퍼스텍,00148522,010820,KOSPI,연간x연결,상단,DS-7,PASS,"badges seen: ['✅', '🔎']",,2026-07-07T21:35:18
퍼스텍,00148522,010820,KOSPI,연간x연결,재무제표,CV-3,PASS,rows=29 cols=11 slider_extended=True,,2026-07-07T21:35:18
퍼스텍,00148522,010820,KOSPI,연간x연결,재무제표,DS-2/DS-3,DONE,"cross-check completed for ['매출액', '영업이익']",,2026-07-07T21:35:18
퍼스텍,00148522,010820,KOSPI,연간x연결,지표,CV-6,PASS,default metric selection visible,,2026-07-07T21:35:18
퍼스텍,00148522,010820,KOSPI,연간x별도,재무제표,DS-1,PASS,,,2026-07-07T21:35:23
퍼스텍,00148522,010820,KOSPI,연간x별도,상단,DS-8,PASS,,,2026-07-07T21:35:23
퍼스텍,00148522,010820,KOSPI,연간x별도,상단,DS-7,PASS,"badges seen: ['✅', '🔎']",,2026-07-07T21:35:23
퍼스텍,00148522,010820,KOSPI,연간x별도,재무제표,CV-3,PASS,rows=29 cols=22 slider_extended=True,,2026-07-07T21:35:23
퍼스텍,00148522,010820,KOSPI,연간x별도,재무제표,DS-2/DS-3,DONE,"cross-check completed for ['매출액', '영업이익']",,2026-07-07T21:35:23
퍼스텍,00148522,010820,KOSPI,연간x별도,지표,CV-6,PASS,default metric selection visible,,2026-07-07T21:35:23
퍼스텍,00148522,010820,KOSPI,분기x연결,재무제표,DS-1,PASS,,,2026-07-07T21:35:29
퍼스텍,00148522,010820,KOSPI,분기x연결,상단,DS-8,PASS,,,2026-07-07T21:35:29
퍼스텍,00148522,010820,KOSPI,분기x연결,상단,DS-7,PASS,"badges seen: ['✅', '🔎', '⚠']",,2026-07-07T21:35:29
퍼스텍,00148522,010820,KOSPI,분기x연결,재무제표,CV-3,PASS,rows=29 cols=36 slider_extended=True,,2026-07-07T21:35:29
퍼스텍,00148522,010820,KOSPI,분기x연결,재무제표,DS-2/DS-3,DONE,"cross-check completed for ['매출액', '영업이익']",,2026-07-07T21:35:29
퍼스텍,00148522,010820,KOSPI,분기x연결,지표,CV-6,PASS,default metric selection visible,,2026-07-07T21:35:29
퍼스텍,00148522,010820,KOSPI,분기x별도,재무제표,DS-1,PASS,,,2026-07-07T21:35:37
퍼스텍,00148522,010820,KOSPI,분기x별도,상단,DS-8,PASS,,,2026-07-07T21:35:37
퍼스텍,00148522,010820,KOSPI,분기x별도,상단,DS-7,PASS,"badges seen: ['✅', '🔎']",,2026-07-07T21:35:37
퍼스텍,00148522,010820,KOSPI,분기x별도,재무제표,CV-3,PASS,rows=29 cols=79 slider_extended=True,,2026-07-07T21:35:37
퍼스텍,00148522,010820,KOSPI,분기x별도,재무제표,DS-2/DS-3,DONE,"cross-check completed for ['매출액', '영업이익']",,2026-07-07T21:35:37
퍼스텍,00148522,010820,KOSPI,분기x별도,지표,CV-6,PASS,default metric selection visible,,2026-07-07T21:35:37
퍼시스,00161709,016800,KOSPI,연간x연결,재무제표,DS-1,PASS,,,2026-07-07T21:35:47
퍼시스,00161709,016800,KOSPI,연간x연결,상단,DS-8,PASS,,,2026-07-07T21:35:47
퍼시스,00161709,016800,KOSPI,연간x연결,상단,DS-7,PASS,"badges seen: ['✅', '🔎', '⚠']",,2026-07-07T21:35:47
퍼시스,00161709,016800,KOSPI,연간x연결,재무제표,CV-3,PASS,rows=29 cols=11 slider_extended=True,,2026-07-07T21:35:47
퍼시스,00161709,016800,KOSPI,연간x연결,재무제표,DS-2/DS-3,DONE,"cross-check completed for ['매출액', '영업이익']",,2026-07-07T21:35:47
퍼시스,00161709,016800,KOSPI,연간x연결,지표,CV-6,PASS,default metric selection visible,,2026-07-07T21:35:47
퍼시스,00161709,016800,KOSPI,연간x별도,재무제표,DS-1,PASS,,,2026-07-07T21:35:53
퍼시스,00161709,016800,KOSPI,연간x별도,상단,DS-8,PASS,,,2026-07-07T21:35:53
퍼시스,00161709,016800,KOSPI,연간x별도,상단,DS-7,PASS,"badges seen: ['✅', '🔎', '⚠']",,2026-07-07T21:35:53
퍼시스,00161709,016800,KOSPI,연간x별도,재무제표,CV-3,PASS,rows=29 cols=24 slider_extended=True,,2026-07-07T21:35:53
퍼시스,00161709,016800,KOSPI,연간x별도,재무제표,DS-2/DS-3,DONE,"cross-check completed for ['매출액', '영업이익']",,2026-07-07T21:35:53
퍼시스,00161709,016800,KOSPI,연간x별도,지표,CV-6,PASS,default metric selection visible,,2026-07-07T21:35:53
퍼시스,00161709,016800,KOSPI,분기x연결,재무제표,DS-1,PASS,,,2026-07-07T21:35:59
퍼시스,00161709,016800,KOSPI,분기x연결,상단,DS-8,PASS,,,2026-07-07T21:35:59
퍼시스,00161709,016800,KOSPI,분기x연결,상단,DS-7,PASS,"badges seen: ['✅', '🔎']",,2026-07-07T21:35:59
퍼시스,00161709,016800,KOSPI,분기x연결,재무제표,CV-3,PASS,rows=29 cols=34 slider_extended=True,,2026-07-07T21:35:59
퍼시스,00161709,016800,KOSPI,분기x연결,재무제표,DS-2/DS-3,DONE,"cross-check completed for ['매출액', '영업이익']",,2026-07-07T21:35:59
퍼시스,00161709,016800,KOSPI,분기x연결,지표,CV-6,PASS,default metric selection visible,,2026-07-07T21:35:59
퍼시스,00161709,016800,KOSPI,분기x별도,재무제표,DS-1,PASS,,,2026-07-07T21:36:06
퍼시스,00161709,016800,KOSPI,분기x별도,상단,DS-8,PASS,,,2026-07-07T21:36:06
퍼시스,00161709,016800,KOSPI,분기x별도,상단,DS-7,PASS,"badges seen: ['✅', '🔎']",,2026-07-07T21:36:06
퍼시스,00161709,016800,KOSPI,분기x별도,재무제표,CV-3,PASS,rows=29 cols=73 slider_extended=True,,2026-07-07T21:36:06
퍼시스,00161709,016800,KOSPI,분기x별도,재무제표,DS-2/DS-3,DONE,"cross-check completed for ['매출액', '영업이익']",,2026-07-07T21:36:06
퍼시스,00161709,016800,KOSPI,분기x별도,지표,CV-6,PASS,default metric selection visible,,2026-07-07T21:36:06
페이퍼코리아,00134723,001020,KOSPI,연간x연결,재무제표,DS-1,PASS,,,2026-07-07T21:36:20
페이퍼코리아,00134723,001020,KOSPI,연간x연결,상단,DS-8,PASS,,,2026-07-07T21:36:20
페이퍼코리아,00134723,001020,KOSPI,연간x연결,상단,DS-7,PASS,"badges seen: ['✅', '🔎', '⚠']",,2026-07-07T21:36:20
페이퍼코리아,00134723,001020,KOSPI,연간x연결,재무제표,CV-3,PASS,rows=29 cols=24 slider_extended=True,,2026-07-07T21:36:20
페이퍼코리아,00134723,001020,KOSPI,연간x연결,재무제표,DS-2/DS-3,DONE,"cross-check completed for ['매출액', '영업이익']",,2026-07-07T21:36:20
페이퍼코리아,00134723,001020,KOSPI,연간x연결,지표,CV-6,PASS,default metric selection visible,,2026-07-07T21:36:20
페이퍼코리아,00134723,001020,KOSPI,연간x별도,재무제표,DS-1,PASS,,,2026-07-07T21:36:25
페이퍼코리아,00134723,001020,KOSPI,연간x별도,상단,DS-8,PASS,,,2026-07-07T21:36:25
페이퍼코리아,00134723,001020,KOSPI,연간x별도,상단,DS-7,PASS,"badges seen: ['✅', '🔎', '⚠']",,2026-07-07T21:36:25
페이퍼코리아,00134723,001020,KOSPI,연간x별도,재무제표,CV-3,PASS,rows=29 cols=29 slider_extended=True,,2026-07-07T21:36:25
페이퍼코리아,00134723,001020,KOSPI,연간x별도,재무제표,DS-2/DS-3,DONE,"cross-check completed for ['매출액', '영업이익']",,2026-07-07T21:36:25
페이퍼코리아,00134723,001020,KOSPI,연간x별도,지표,CV-6,PASS,default metric selection visible,,2026-07-07T21:36:25
페이퍼코리아,00134723,001020,KOSPI,분기x연결,재무제표,DS-1,PASS,,,2026-07-07T21:36:31
페이퍼코리아,00134723,001020,KOSPI,분기x연결,상단,DS-8,PASS,,,2026-07-07T21:36:31
페이퍼코리아,00134723,001020,KOSPI,분기x연결,상단,DS-7,PASS,"badges seen: ['✅', '🔎']",,2026-07-07T21:36:31
페이퍼코리아,00134723,001020,KOSPI,분기x연결,재무제표,CV-3,PASS,rows=29 cols=70 slider_extended=True,,2026-07-07T21:36:31
페이퍼코리아,00134723,001020,KOSPI,분기x연결,재무제표,DS-2/DS-3,DONE,"cross-check completed for ['매출액', '영업이익']",,2026-07-07T21:36:31
페이퍼코리아,00134723,001020,KOSPI,분기x연결,지표,CV-6,PASS,default metric selection visible,,2026-07-07T21:36:31
페이퍼코리아,00134723,001020,KOSPI,분기x별도,재무제표,DS-1,PASS,,,2026-07-07T21:36:39
페이퍼코리아,00134723,001020,KOSPI,분기x별도,상단,DS-8,PASS,,,2026-07-07T21:36:39
페이퍼코리아,00134723,001020,KOSPI,분기x별도,상단,DS-7,PASS,"badges seen: ['✅', '🔎']",,2026-07-07T21:36:39
페이퍼코리아,00134723,001020,KOSPI,분기x별도,재무제표,CV-3,PASS,rows=29 cols=89 slider_extended=True,,2026-07-07T21:36:39
페이퍼코리아,00134723,001020,KOSPI,분기x별도,재무제표,DS-2/DS-3,DONE,"cross-check completed for ['매출액', '영업이익']",,2026-07-07T21:36:39
페이퍼코리아,00134723,001020,KOSPI,분기x별도,지표,CV-6,PASS,default metric selection visible,,2026-07-07T21:36:39
평화산업,00573579,090080,KOSPI,연간x연결,재무제표,DS-1,PASS,,,2026-07-07T21:36:50
평화산업,00573579,090080,KOSPI,연간x연결,상단,DS-8,PASS,,,2026-07-07T21:36:50
평화산업,00573579,090080,KOSPI,연간x연결,상단,DS-7,PASS,"badges seen: ['✅', '🔎', '⚠']",,2026-07-07T21:36:50
평화산업,00573579,090080,KOSPI,연간x연결,재무제표,CV-3,PASS,rows=29 cols=19 slider_extended=True,,2026-07-07T21:36:50
평화산업,00573579,090080,KOSPI,연간x연결,재무제표,DS-2/DS-3,DONE,"cross-check completed for ['매출액', '영업이익']",,2026-07-07T21:36:50
평화산업,00573579,090080,KOSPI,연간x연결,지표,CV-6,PASS,default metric selection visible,,2026-07-07T21:36:50
평화산업,00573579,090080,KOSPI,연간x별도,재무제표,DS-1,PASS,,,2026-07-07T21:36:55
평화산업,00573579,090080,KOSPI,연간x별도,상단,DS-8,PASS,,,2026-07-07T21:36:55
평화산업,00573579,090080,KOSPI,연간x별도,상단,DS-7,PASS,"badges seen: ['✅', '🔎', '⚠']",,2026-07-07T21:36:55
평화산업,00573579,090080,KOSPI,연간x별도,재무제표,CV-3,PASS,rows=29 cols=22 slider_extended=True,,2026-07-07T21:36:55
평화산업,00573579,090080,KOSPI,연간x별도,재무제표,DS-2/DS-3,DONE,"cross-check completed for ['매출액', '영업이익']",,2026-07-07T21:36:55
평화산업,00573579,090080,KOSPI,연간x별도,지표,CV-6,PASS,default metric selection visible,,2026-07-07T21:36:55
평화산업,00573579,090080,KOSPI,분기x연결,재무제표,DS-1,PASS,,,2026-07-07T21:37:02
평화산업,00573579,090080,KOSPI,분기x연결,상단,DS-8,PASS,,,2026-07-07T21:37:02
평화산업,00573579,090080,KOSPI,분기x연결,상단,DS-7,PASS,"badges seen: ['✅', '🔎', '⚠']",,2026-07-07T21:37:02
평화산업,00573579,090080,KOSPI,분기x연결,재무제표,CV-3,PASS,rows=29 cols=63 slider_extended=True,,2026-07-07T21:37:02
평화산업,00573579,090080,KOSPI,분기x연결,재무제표,DS-2/DS-3,DONE,"cross-check completed for ['매출액', '영업이익']",,2026-07-07T21:37:02
평화산업,00573579,090080,KOSPI,분기x연결,지표,CV-6,PASS,default metric selection visible,,2026-07-07T21:37:02
평화산업,00573579,090080,KOSPI,분기x별도,재무제표,DS-1,PASS,,,2026-07-07T21:37:09
평화산업,00573579,090080,KOSPI,분기x별도,상단,DS-8,PASS,,,2026-07-07T21:37:09
평화산업,00573579,090080,KOSPI,분기x별도,상단,DS-7,PASS,"badges seen: ['✅', '🔎', '⚠']",,2026-07-07T21:37:09
평화산업,00573579,090080,KOSPI,분기x별도,재무제표,CV-3,PASS,rows=29 cols=75 slider_extended=True,,2026-07-07T21:37:09
평화산업,00573579,090080,KOSPI,분기x별도,재무제표,DS-2/DS-3,DONE,"cross-check completed for ['매출액', '영업이익']",,2026-07-07T21:37:09
평화산업,00573579,090080,KOSPI,분기x별도,지표,CV-6,PASS,default metric selection visible,,2026-07-07T21:37:09
평화홀딩스,00155124,010770,KOSPI,연간x연결,재무제표,DS-1,PASS,,,2026-07-07T21:37:23
평화홀딩스,00155124,010770,KOSPI,연간x연결,상단,DS-8,PASS,,,2026-07-07T21:37:23
평화홀딩스,00155124,010770,KOSPI,연간x연결,상단,DS-7,PASS,"badges seen: ['✅', '🔎', '⚠']",,2026-07-07T21:37:23
평화홀딩스,00155124,010770,KOSPI,연간x연결,재무제표,CV-3,PASS,rows=29 cols=19 slider_extended=True,,2026-07-07T21:37:23
평화홀딩스,00155124,010770,KOSPI,연간x연결,재무제표,DS-2/DS-3,DONE,"cross-check completed for ['매출액', '영업이익']",,2026-07-07T21:37:23
평화홀딩스,00155124,010770,KOSPI,연간x연결,지표,CV-6,PASS,default metric selection visible,,2026-07-07T21:37:23
평화홀딩스,00155124,010770,KOSPI,연간x별도,재무제표,DS-1,PASS,,,2026-07-07T21:37:28
평화홀딩스,00155124,010770,KOSPI,연간x별도,상단,DS-8,PASS,,,2026-07-07T21:37:28
평화홀딩스,00155124,010770,KOSPI,연간x별도,상단,DS-7,PASS,"badges seen: ['✅', '🔎', '⚠']",,2026-07-07T21:37:28
평화홀딩스,00155124,010770,KOSPI,연간x별도,재무제표,CV-3,PASS,rows=29 cols=24 slider_extended=True,,2026-07-07T21:37:28
평화홀딩스,00155124,010770,KOSPI,연간x별도,재무제표,DS-2/DS-3,DONE,"cross-check completed for ['매출액', '영업이익']",,2026-07-07T21:37:28
평화홀딩스,00155124,010770,KOSPI,연간x별도,지표,CV-6,PASS,default metric selection visible,,2026-07-07T21:37:28
평화홀딩스,00155124,010770,KOSPI,분기x연결,재무제표,DS-1,PASS,,,2026-07-07T21:37:34
평화홀딩스,00155124,010770,KOSPI,분기x연결,상단,DS-8,PASS,,,2026-07-07T21:37:34
평화홀딩스,00155124,010770,KOSPI,분기x연결,상단,DS-7,PASS,"badges seen: ['✅', '🔎', '⚠']",,2026-07-07T21:37:34
평화홀딩스,00155124,010770,KOSPI,분기x연결,재무제표,CV-3,PASS,rows=29 cols=63 slider_extended=True,,2026-07-07T21:37:34
평화홀딩스,00155124,010770,KOSPI,분기x연결,재무제표,DS-2/DS-3,DONE,"cross-check completed for ['매출액', '영업이익']",,2026-07-07T21:37:34
평화홀딩스,00155124,010770,KOSPI,분기x연결,지표,CV-6,PASS,default metric selection visible,,2026-07-07T21:37:34
평화홀딩스,00155124,010770,KOSPI,분기x별도,재무제표,DS-1,PASS,,,2026-07-07T21:37:42
평화홀딩스,00155124,010770,KOSPI,분기x별도,상단,DS-8,PASS,,,2026-07-07T21:37:42
평화홀딩스,00155124,010770,KOSPI,분기x별도,상단,DS-7,PASS,"badges seen: ['✅', '🔎']",,2026-07-07T21:37:42
평화홀딩스,00155124,010770,KOSPI,분기x별도,재무제표,CV-3,PASS,rows=29 cols=81 slider_extended=True,,2026-07-07T21:37:42
평화홀딩스,00155124,010770,KOSPI,분기x별도,재무제표,DS-2/DS-3,DONE,"cross-check completed for ['매출액', '영업이익']",,2026-07-07T21:37:42
평화홀딩스,00155124,010770,KOSPI,분기x별도,지표,CV-6,PASS,default metric selection visible,,2026-07-07T21:37:42
포스코스틸리온,00155258,058430,KOSPI,연간x연결,재무제표,DS-1,PASS,,,2026-07-07T21:37:53
포스코스틸리온,00155258,058430,KOSPI,연간x연결,상단,DS-8,PASS,,,2026-07-07T21:37:53
포스코스틸리온,00155258,058430,KOSPI,연간x연결,상단,DS-7,PASS,"badges seen: ['✅', '🔎', '⚠']",,2026-07-07T21:37:53
포스코스틸리온,00155258,058430,KOSPI,연간x연결,재무제표,CV-3,PASS,rows=29 cols=17 slider_extended=True,,2026-07-07T21:37:53
포스코스틸리온,00155258,058430,KOSPI,연간x연결,재무제표,DS-2/DS-3,DONE,"cross-check completed for ['매출액', '영업이익']",,2026-07-07T21:37:53
포스코스틸리온,00155258,058430,KOSPI,연간x연결,지표,CV-6,PASS,default metric selection visible,,2026-07-07T21:37:53
포스코스틸리온,00155258,058430,KOSPI,연간x별도,재무제표,DS-1,PASS,,,2026-07-07T21:37:58
포스코스틸리온,00155258,058430,KOSPI,연간x별도,상단,DS-8,PASS,,,2026-07-07T21:37:58
포스코스틸리온,00155258,058430,KOSPI,연간x별도,상단,DS-7,PASS,"badges seen: ['✅', '🔎', '⚠']",,2026-07-07T21:37:58
포스코스틸리온,00155258,058430,KOSPI,연간x별도,재무제표,CV-3,PASS,rows=29 cols=25 slider_extended=True,,2026-07-07T21:37:58
포스코스틸리온,00155258,058430,KOSPI,연간x별도,재무제표,DS-2/DS-3,DONE,"cross-check completed for ['매출액', '영업이익']",,2026-07-07T21:37:58
포스코스틸리온,00155258,058430,KOSPI,연간x별도,지표,CV-6,PASS,default metric selection visible,,2026-07-07T21:37:58
포스코스틸리온,00155258,058430,KOSPI,분기x연결,재무제표,DS-1,PASS,,,2026-07-07T21:38:04
포스코스틸리온,00155258,058430,KOSPI,분기x연결,상단,DS-8,PASS,,,2026-07-07T21:38:04
포스코스틸리온,00155258,058430,KOSPI,분기x연결,상단,DS-7,PASS,"badges seen: ['✅', '🔎']",,2026-07-07T21:38:04
포스코스틸리온,00155258,058430,KOSPI,분기x연결,재무제표,CV-3,PASS,rows=29 cols=57 slider_extended=True,,2026-07-07T21:38:04
포스코스틸리온,00155258,058430,KOSPI,분기x연결,재무제표,DS-2/DS-3,DONE,"cross-check completed for ['매출액', '영업이익']",,2026-07-07T21:38:04
포스코스틸리온,00155258,058430,KOSPI,분기x연결,지표,CV-6,PASS,default metric selection visible,,2026-07-07T21:38:04
포스코스틸리온,00155258,058430,KOSPI,분기x별도,재무제표,DS-1,PASS,,,2026-07-07T21:38:12
포스코스틸리온,00155258,058430,KOSPI,분기x별도,상단,DS-8,PASS,,,2026-07-07T21:38:12
포스코스틸리온,00155258,058430,KOSPI,분기x별도,상단,DS-7,PASS,"badges seen: ['✅', '🔎']",,2026-07-07T21:38:12
포스코스틸리온,00155258,058430,KOSPI,분기x별도,재무제표,CV-3,PASS,rows=29 cols=80 slider_extended=True,,2026-07-07T21:38:12
포스코스틸리온,00155258,058430,KOSPI,분기x별도,재무제표,DS-2/DS-3,DONE,"cross-check completed for ['매출액', '영업이익']",,2026-07-07T21:38:12
포스코스틸리온,00155258,058430,KOSPI,분기x별도,지표,CV-6,PASS,default metric selection visible,,2026-07-07T21:38:12
포스코인터내셔널,00124504,047050,KOSPI,연간x연결,재무제표,DS-1,PASS,,,2026-07-07T21:38:26
포스코인터내셔널,00124504,047050,KOSPI,연간x연결,상단,DS-8,PASS,,,2026-07-07T21:38:26
포스코인터내셔널,00124504,047050,KOSPI,연간x연결,상단,DS-7,PASS,"badges seen: ['✅', '🔎']",,2026-07-07T21:38:26
포스코인터내셔널,00124504,047050,KOSPI,연간x연결,재무제표,CV-3,PASS,rows=29 cols=22 slider_extended=True,,2026-07-07T21:38:26
포스코인터내셔널,00124504,047050,KOSPI,연간x연결,재무제표,DS-2/DS-3,DONE,"cross-check completed for ['매출액', '영업이익']",,2026-07-07T21:38:26
포스코인터내셔널,00124504,047050,KOSPI,연간x연결,지표,CV-6,PASS,default metric selection visible,,2026-07-07T21:38:26
포스코인터내셔널,00124504,047050,KOSPI,연간x별도,재무제표,DS-1,PASS,,,2026-07-07T21:38:31
포스코인터내셔널,00124504,047050,KOSPI,연간x별도,상단,DS-8,PASS,,,2026-07-07T21:38:31
포스코인터내셔널,00124504,047050,KOSPI,연간x별도,상단,DS-7,PASS,"badges seen: ['✅', '🔎']",,2026-07-07T21:38:31
포스코인터내셔널,00124504,047050,KOSPI,연간x별도,재무제표,CV-3,PASS,rows=29 cols=27 slider_extended=True,,2026-07-07T21:38:31
포스코인터내셔널,00124504,047050,KOSPI,연간x별도,재무제표,DS-2/DS-3,DONE,"cross-check completed for ['매출액', '영업이익']",,2026-07-07T21:38:31
포스코인터내셔널,00124504,047050,KOSPI,연간x별도,지표,CV-6,PASS,default metric selection visible,,2026-07-07T21:38:31
포스코인터내셔널,00124504,047050,KOSPI,분기x연결,재무제표,DS-1,PASS,,,2026-07-07T21:38:37
포스코인터내셔널,00124504,047050,KOSPI,분기x연결,상단,DS-8,PASS,,,2026-07-07T21:38:37
포스코인터내셔널,00124504,047050,KOSPI,분기x연결,상단,DS-7,PASS,"badges seen: ['✅', '🔎']",,2026-07-07T21:38:37
포스코인터내셔널,00124504,047050,KOSPI,분기x연결,재무제표,CV-3,PASS,rows=29 cols=69 slider_extended=True,,2026-07-07T21:38:37
포스코인터내셔널,00124504,047050,KOSPI,분기x연결,재무제표,DS-2/DS-3,DONE,"cross-check completed for ['매출액', '영업이익']",,2026-07-07T21:38:37
포스코인터내셔널,00124504,047050,KOSPI,분기x연결,지표,CV-6,PASS,default metric selection visible,,2026-07-07T21:38:37
포스코인터내셔널,00124504,047050,KOSPI,분기x별도,재무제표,DS-1,PASS,,,2026-07-07T21:38:45
포스코인터내셔널,00124504,047050,KOSPI,분기x별도,상단,DS-8,PASS,,,2026-07-07T21:38:45
포스코인터내셔널,00124504,047050,KOSPI,분기x별도,상단,DS-7,PASS,"badges seen: ['✅', '🔎']",,2026-07-07T21:38:45
포스코인터내셔널,00124504,047050,KOSPI,분기x별도,재무제표,CV-3,PASS,rows=29 cols=83 slider_extended=True,,2026-07-07T21:38:45
포스코인터내셔널,00124504,047050,KOSPI,분기x별도,재무제표,DS-2/DS-3,DONE,"cross-check completed for ['매출액', '영업이익']",,2026-07-07T21:38:45
포스코인터내셔널,00124504,047050,KOSPI,분기x별도,지표,CV-6,PASS,default metric selection visible,,2026-07-07T21:38:45
포스코퓨처엠,00155276,003670,KOSPI,연간x연결,재무제표,DS-1,PASS,,,2026-07-07T21:38:55
포스코퓨처엠,00155276,003670,KOSPI,연간x연결,상단,DS-8,PASS,,,2026-07-07T21:38:55
포스코퓨처엠,00155276,003670,KOSPI,연간x연결,상단,DS-7,PASS,"badges seen: ['✅', '🔎', '⚠']",,2026-07-07T21:38:55
포스코퓨처엠,00155276,003670,KOSPI,연간x연결,재무제표,CV-3,PASS,rows=29 cols=19 slider_extended=True,,2026-07-07T21:38:55
포스코퓨처엠,00155276,003670,KOSPI,연간x연결,재무제표,DS-2/DS-3,DONE,"cross-check completed for ['매출액', '영업이익']",,2026-07-07T21:38:55
포스코퓨처엠,00155276,003670,KOSPI,연간x연결,지표,CV-6,PASS,default metric selection visible,,2026-07-07T21:38:55
포스코퓨처엠,00155276,003670,KOSPI,연간x별도,재무제표,DS-1,PASS,,,2026-07-07T21:39:00
포스코퓨처엠,00155276,003670,KOSPI,연간x별도,상단,DS-8,PASS,,,2026-07-07T21:39:00
포스코퓨처엠,00155276,003670,KOSPI,연간x별도,상단,DS-7,PASS,"badges seen: ['✅', '🔎']",,2026-07-07T21:39:00
포스코퓨처엠,00155276,003670,KOSPI,연간x별도,재무제표,CV-3,PASS,rows=29 cols=26 slider_extended=True,,2026-07-07T21:39:00
포스코퓨처엠,00155276,003670,KOSPI,연간x별도,재무제표,DS-2/DS-3,DONE,"cross-check completed for ['매출액', '영업이익']",,2026-07-07T21:39:00
포스코퓨처엠,00155276,003670,KOSPI,연간x별도,지표,CV-6,PASS,default metric selection visible,,2026-07-07T21:39:00
포스코퓨처엠,00155276,003670,KOSPI,분기x연결,재무제표,DS-1,PASS,,,2026-07-07T21:39:06
포스코퓨처엠,00155276,003670,KOSPI,분기x연결,상단,DS-8,PASS,,,2026-07-07T21:39:06
포스코퓨처엠,00155276,003670,KOSPI,분기x연결,상단,DS-7,PASS,"badges seen: ['✅', '🔎', '⚠']",,2026-07-07T21:39:06
포스코퓨처엠,00155276,003670,KOSPI,분기x연결,재무제표,CV-3,PASS,rows=29 cols=60 slider_extended=True,,2026-07-07T21:39:06
포스코퓨처엠,00155276,003670,KOSPI,분기x연결,재무제표,DS-2/DS-3,DONE,"cross-check completed for ['매출액', '영업이익']",,2026-07-07T21:39:06
포스코퓨처엠,00155276,003670,KOSPI,분기x연결,지표,CV-6,PASS,default metric selection visible,,2026-07-07T21:39:06
포스코퓨처엠,00155276,003670,KOSPI,분기x별도,재무제표,DS-1,PASS,,,2026-07-07T21:39:13
포스코퓨처엠,00155276,003670,KOSPI,분기x별도,상단,DS-8,PASS,,,2026-07-07T21:39:13
포스코퓨처엠,00155276,003670,KOSPI,분기x별도,상단,DS-7,PASS,"badges seen: ['✅', '🔎']",,2026-07-07T21:39:13
포스코퓨처엠,00155276,003670,KOSPI,분기x별도,재무제표,CV-3,PASS,rows=29 cols=90 slider_extended=True,,2026-07-07T21:39:13
포스코퓨처엠,00155276,003670,KOSPI,분기x별도,재무제표,DS-2/DS-3,DONE,"cross-check completed for ['매출액', '영업이익']",,2026-07-07T21:39:13
포스코퓨처엠,00155276,003670,KOSPI,분기x별도,지표,CV-6,PASS,default metric selection visible,,2026-07-07T21:39:13
풀무원,00155355,017810,KOSPI,연간x연결,재무제표,DS-1,PASS,,,2026-07-07T21:39:27
풀무원,00155355,017810,KOSPI,연간x연결,상단,DS-8,PASS,,,2026-07-07T21:39:27
풀무원,00155355,017810,KOSPI,연간x연결,상단,DS-7,PASS,"badges seen: ['✅', '🔎']",,2026-07-07T21:39:27
풀무원,00155355,017810,KOSPI,연간x연결,재무제표,CV-3,PASS,rows=29 cols=22 slider_extended=True,,2026-07-07T21:39:27
풀무원,00155355,017810,KOSPI,연간x연결,재무제표,DS-2/DS-3,DONE,"cross-check completed for ['매출액', '영업이익']",,2026-07-07T21:39:27
풀무원,00155355,017810,KOSPI,연간x연결,지표,CV-6,PASS,default metric selection visible,,2026-07-07T21:39:27
풀무원,00155355,017810,KOSPI,연간x별도,재무제표,DS-1,PASS,,,2026-07-07T21:39:32
풀무원,00155355,017810,KOSPI,연간x별도,상단,DS-8,PASS,,,2026-07-07T21:39:32
풀무원,00155355,017810,KOSPI,연간x별도,상단,DS-7,PASS,"badges seen: ['✅', '🔎']",,2026-07-07T21:39:32
풀무원,00155355,017810,KOSPI,연간x별도,재무제표,CV-3,PASS,rows=29 cols=21 slider_extended=True,,2026-07-07T21:39:32
풀무원,00155355,017810,KOSPI,연간x별도,재무제표,DS-2/DS-3,DONE,"cross-check completed for ['매출액', '영업이익']",,2026-07-07T21:39:32
풀무원,00155355,017810,KOSPI,연간x별도,지표,CV-6,PASS,default metric selection visible,,2026-07-07T21:39:32
풀무원,00155355,017810,KOSPI,분기x연결,재무제표,DS-1,PASS,,,2026-07-07T21:39:38
풀무원,00155355,017810,KOSPI,분기x연결,상단,DS-8,PASS,,,2026-07-07T21:39:38
풀무원,00155355,017810,KOSPI,분기x연결,상단,DS-7,PASS,"badges seen: ['✅', '🔎']",,2026-07-07T21:39:38
풀무원,00155355,017810,KOSPI,분기x연결,재무제표,CV-3,PASS,rows=29 cols=72 slider_extended=True,,2026-07-07T21:39:38
풀무원,00155355,017810,KOSPI,분기x연결,재무제표,DS-2/DS-3,DONE,"cross-check completed for ['매출액', '영업이익']",,2026-07-07T21:39:38
풀무원,00155355,017810,KOSPI,분기x연결,지표,CV-6,PASS,default metric selection visible,,2026-07-07T21:39:38
풀무원,00155355,017810,KOSPI,분기x별도,재무제표,DS-1,PASS,,,2026-07-07T21:39:46
풀무원,00155355,017810,KOSPI,분기x별도,상단,DS-8,PASS,,,2026-07-07T21:39:46
풀무원,00155355,017810,KOSPI,분기x별도,상단,DS-7,PASS,"badges seen: ['✅', '🔎']",,2026-07-07T21:39:46
풀무원,00155355,017810,KOSPI,분기x별도,재무제표,CV-3,PASS,rows=29 cols=76 slider_extended=True,,2026-07-07T21:39:46
풀무원,00155355,017810,KOSPI,분기x별도,재무제표,DS-2/DS-3,DONE,"cross-check completed for ['매출액', '영업이익']",,2026-07-07T21:39:46
풀무원,00155355,017810,KOSPI,분기x별도,지표,CV-6,PASS,default metric selection visible,,2026-07-07T21:39:46
풍산,00684714,103140,KOSPI,연간x연결,재무제표,DS-1,PASS,,,2026-07-07T21:39:59
풍산,00684714,103140,KOSPI,연간x연결,상단,DS-8,PASS,,,2026-07-07T21:39:59
풍산,00684714,103140,KOSPI,연간x연결,상단,DS-7,PASS,"badges seen: ['✅', '🔎', '⚠']",,2026-07-07T21:39:59
풍산,00684714,103140,KOSPI,연간x연결,재무제표,CV-3,PASS,rows=29 cols=19 slider_extended=True,,2026-07-07T21:39:59
풍산,00684714,103140,KOSPI,연간x연결,재무제표,DS-2/DS-3,DONE,"cross-check completed for ['매출액', '영업이익']",,2026-07-07T21:39:59
풍산,00684714,103140,KOSPI,연간x연결,지표,CV-6,PASS,default metric selection visible,,2026-07-07T21:39:59
풍산,00684714,103140,KOSPI,연간x별도,재무제표,DS-1,PASS,,,2026-07-07T21:40:04
풍산,00684714,103140,KOSPI,연간x별도,상단,DS-8,PASS,,,2026-07-07T21:40:04
풍산,00684714,103140,KOSPI,연간x별도,상단,DS-7,PASS,"badges seen: ['✅', '🔎', '⚠']",,2026-07-07T21:40:04
풍산,00684714,103140,KOSPI,연간x별도,재무제표,CV-3,PASS,rows=29 cols=20 slider_extended=True,,2026-07-07T21:40:04
풍산,00684714,103140,KOSPI,연간x별도,재무제표,DS-2/DS-3,DONE,"cross-check completed for ['매출액', '영업이익']",,2026-07-07T21:40:04
풍산,00684714,103140,KOSPI,연간x별도,지표,CV-6,PASS,default metric selection visible,,2026-07-07T21:40:04
풍산,00684714,103140,KOSPI,분기x연결,재무제표,DS-1,PASS,,,2026-07-07T21:40:11
풍산,00684714,103140,KOSPI,분기x연결,상단,DS-8,PASS,,,2026-07-07T21:40:11
풍산,00684714,103140,KOSPI,분기x연결,상단,DS-7,PASS,"badges seen: ['✅', '🔎']",,2026-07-07T21:40:11
풍산,00684714,103140,KOSPI,분기x연결,재무제표,CV-3,PASS,rows=29 cols=63 slider_extended=True,,2026-07-07T21:40:11
풍산,00684714,103140,KOSPI,분기x연결,재무제표,DS-2/DS-3,DONE,"cross-check completed for ['매출액', '영업이익']",,2026-07-07T21:40:11
풍산,00684714,103140,KOSPI,분기x연결,지표,CV-6,PASS,default metric selection visible,,2026-07-07T21:40:11
풍산,00684714,103140,KOSPI,분기x별도,재무제표,DS-1,PASS,,,2026-07-07T21:40:18
풍산,00684714,103140,KOSPI,분기x별도,상단,DS-8,PASS,,,2026-07-07T21:40:18
풍산,00684714,103140,KOSPI,분기x별도,상단,DS-7,PASS,"badges seen: ['✅', '🔎']",,2026-07-07T21:40:18
풍산,00684714,103140,KOSPI,분기x별도,재무제표,CV-3,PASS,rows=29 cols=68 slider_extended=True,,2026-07-07T21:40:18
풍산,00684714,103140,KOSPI,분기x별도,재무제표,DS-2/DS-3,DONE,"cross-check completed for ['매출액', '영업이익']",,2026-07-07T21:40:18
풍산,00684714,103140,KOSPI,분기x별도,지표,CV-6,PASS,default metric selection visible,,2026-07-07T21:40:18
풍산홀딩스,00155531,005810,KOSPI,연간x연결,재무제표,DS-1,PASS,,,2026-07-07T21:40:32
풍산홀딩스,00155531,005810,KOSPI,연간x연결,상단,DS-8,PASS,,,2026-07-07T21:40:32
풍산홀딩스,00155531,005810,KOSPI,연간x연결,상단,DS-7,PASS,"badges seen: ['✅', '🔎', '⚠']",,2026-07-07T21:40:32
풍산홀딩스,00155531,005810,KOSPI,연간x연결,재무제표,CV-3,PASS,rows=29 cols=20 slider_extended=True,,2026-07-07T21:40:32
풍산홀딩스,00155531,005810,KOSPI,연간x연결,재무제표,DS-2/DS-3,DONE,"cross-check completed for ['매출액', '영업이익']",,2026-07-07T21:40:32
풍산홀딩스,00155531,005810,KOSPI,연간x연결,지표,CV-6,PASS,default metric selection visible,,2026-07-07T21:40:32
풍산홀딩스,00155531,005810,KOSPI,연간x별도,재무제표,DS-1,PASS,,,2026-07-07T21:40:38
풍산홀딩스,00155531,005810,KOSPI,연간x별도,상단,DS-8,PASS,,,2026-07-07T21:40:38
풍산홀딩스,00155531,005810,KOSPI,연간x별도,상단,DS-7,PASS,"badges seen: ['✅', '🔎']",,2026-07-07T21:40:38
풍산홀딩스,00155531,005810,KOSPI,연간x별도,재무제표,CV-3,PASS,rows=29 cols=24 slider_extended=True,,2026-07-07T21:40:38
풍산홀딩스,00155531,005810,KOSPI,연간x별도,재무제표,DS-2/DS-3,DONE,"cross-check completed for ['매출액', '영업이익']",,2026-07-07T21:40:38
풍산홀딩스,00155531,005810,KOSPI,연간x별도,지표,CV-6,PASS,default metric selection visible,,2026-07-07T21:40:38
풍산홀딩스,00155531,005810,KOSPI,분기x연결,재무제표,DS-1,PASS,,,2026-07-07T21:40:44
풍산홀딩스,00155531,005810,KOSPI,분기x연결,상단,DS-8,PASS,,,2026-07-07T21:40:44
풍산홀딩스,00155531,005810,KOSPI,분기x연결,상단,DS-7,PASS,"badges seen: ['✅', '🔎']",,2026-07-07T21:40:44
풍산홀딩스,00155531,005810,KOSPI,분기x연결,재무제표,CV-3,PASS,rows=29 cols=73 slider_extended=True,,2026-07-07T21:40:44
풍산홀딩스,00155531,005810,KOSPI,분기x연결,재무제표,DS-2/DS-3,DONE,"cross-check completed for ['매출액', '영업이익']",,2026-07-07T21:40:44
풍산홀딩스,00155531,005810,KOSPI,분기x연결,지표,CV-6,PASS,default metric selection visible,,2026-07-07T21:40:44
풍산홀딩스,00155531,005810,KOSPI,분기x별도,재무제표,DS-1,PASS,,,2026-07-07T21:40:51
풍산홀딩스,00155531,005810,KOSPI,분기x별도,상단,DS-8,PASS,,,2026-07-07T21:40:51
풍산홀딩스,00155531,005810,KOSPI,분기x별도,상단,DS-7,PASS,"badges seen: ['✅', '🔎']",,2026-07-07T21:40:51
풍산홀딩스,00155531,005810,KOSPI,분기x별도,재무제표,CV-3,PASS,rows=29 cols=78 slider_extended=True,,2026-07-07T21:40:51
풍산홀딩스,00155531,005810,KOSPI,분기x별도,재무제표,DS-2/DS-3,DONE,"cross-check completed for ['매출액', '영업이익']",,2026-07-07T21:40:51
풍산홀딩스,00155531,005810,KOSPI,분기x별도,지표,CV-6,PASS,default metric selection visible,,2026-07-07T21:40:51
프레스티지바이오파마,01510489,950210,KOSPI,연간x연결,재무제표,DS-1,PASS,,,2026-07-07T21:41:05
프레스티지바이오파마,01510489,950210,KOSPI,연간x연결,상단,DS-8,PASS,,,2026-07-07T21:41:05
프레스티지바이오파마,01510489,950210,KOSPI,연간x연결,상단,DS-7,PASS,"badges seen: ['✅', '🔎', '⚠']",,2026-07-07T21:41:05
프레스티지바이오파마,01510489,950210,KOSPI,연간x연결,재무제표,CV-3,PASS,rows=29 cols=9 slider_extended=True,,2026-07-07T21:41:05
프레스티지바이오파마,01510489,950210,KOSPI,연간x연결,재무제표,DS-2/DS-3,DONE,"cross-check completed for ['매출액', '영업이익']",,2026-07-07T21:41:05
프레스티지바이오파마,01510489,950210,KOSPI,연간x연결,지표,CV-6,PASS,default metric selection visible,,2026-07-07T21:41:05
프레스티지바이오파마,01510489,950210,KOSPI,연간x별도,재무제표,DS-1,PASS,,,2026-07-07T21:41:10
프레스티지바이오파마,01510489,950210,KOSPI,연간x별도,상단,DS-8,PASS,,,2026-07-07T21:41:10
프레스티지바이오파마,01510489,950210,KOSPI,연간x별도,상단,DS-7,PASS,"badges seen: ['✅', '🔎']",,2026-07-07T21:41:10
프레스티지바이오파마,01510489,950210,KOSPI,연간x별도,재무제표,CV-3,PASS,rows=29 cols=9 slider_extended=True,,2026-07-07T21:41:10
프레스티지바이오파마,01510489,950210,KOSPI,연간x별도,재무제표,DS-2/DS-3,DONE,"cross-check completed for ['매출액', '영업이익']",,2026-07-07T21:41:10
프레스티지바이오파마,01510489,950210,KOSPI,연간x별도,지표,CV-6,PASS,default metric selection visible,,2026-07-07T21:41:10
프레스티지바이오파마,01510489,950210,KOSPI,분기x연결,재무제표,DS-1,PASS,,,2026-07-07T21:41:16
프레스티지바이오파마,01510489,950210,KOSPI,분기x연결,상단,DS-8,PASS,,,2026-07-07T21:41:16
프레스티지바이오파마,01510489,950210,KOSPI,분기x연결,상단,DS-7,PASS,"badges seen: ['✅', '🔎']",,2026-07-07T21:41:16
프레스티지바이오파마,01510489,950210,KOSPI,분기x연결,재무제표,CV-3,PASS,rows=29 cols=20 slider_extended=True,,2026-07-07T21:41:16
프레스티지바이오파마,01510489,950210,KOSPI,분기x연결,재무제표,DS-2/DS-3,DONE,"cross-check completed for ['매출액', '영업이익']",,2026-07-07T21:41:16
프레스티지바이오파마,01510489,950210,KOSPI,분기x연결,지표,CV-6,PASS,default metric selection visible,,2026-07-07T21:41:16
프레스티지바이오파마,01510489,950210,KOSPI,분기x별도,재무제표,DS-1,PASS,,,2026-07-07T21:41:24
프레스티지바이오파마,01510489,950210,KOSPI,분기x별도,상단,DS-8,PASS,,,2026-07-07T21:41:24
프레스티지바이오파마,01510489,950210,KOSPI,분기x별도,상단,DS-7,PASS,"badges seen: ['✅', '🔎']",,2026-07-07T21:41:24
프레스티지바이오파마,01510489,950210,KOSPI,분기x별도,재무제표,CV-3,PASS,rows=29 cols=20 slider_extended=True,,2026-07-07T21:41:24
프레스티지바이오파마,01510489,950210,KOSPI,분기x별도,재무제표,DS-2/DS-3,DONE,"cross-check completed for ['매출액', '영업이익']",,2026-07-07T21:41:24
프레스티지바이오파마,01510489,950210,KOSPI,분기x별도,지표,CV-6,PASS,default metric selection visible,,2026-07-07T21:41:24
프리티,00122825,006490,KOSPI,연간x연결,재무제표,DS-1,PASS,,,2026-07-07T21:41:37
프리티,00122825,006490,KOSPI,연간x연결,상단,DS-8,PASS,,,2026-07-07T21:41:37
프리티,00122825,006490,KOSPI,연간x연결,상단,DS-7,PASS,"badges seen: ['✅', '🔎']",,2026-07-07T21:41:37
프리티,00122825,006490,KOSPI,연간x연결,재무제표,CV-3,PASS,rows=29 cols=17 slider_extended=True,,2026-07-07T21:41:37
프리티,00122825,006490,KOSPI,연간x연결,재무제표,DS-2/DS-3,DONE,"cross-check completed for ['매출액', '영업이익']",,2026-07-07T21:41:37
프리티,00122825,006490,KOSPI,연간x연결,지표,CV-6,PASS,default metric selection visible,,2026-07-07T21:41:37
프리티,00122825,006490,KOSPI,연간x별도,재무제표,DS-1,PASS,,,2026-07-07T21:41:42
프리티,00122825,006490,KOSPI,연간x별도,상단,DS-8,PASS,,,2026-07-07T21:41:42
프리티,00122825,006490,KOSPI,연간x별도,상단,DS-7,PASS,"badges seen: ['✅', '🔎']",,2026-07-07T21:41:42
프리티,00122825,006490,KOSPI,연간x별도,재무제표,CV-3,PASS,rows=29 cols=27 slider_extended=True,,2026-07-07T21:41:42
프리티,00122825,006490,KOSPI,연간x별도,재무제표,DS-2/DS-3,DONE,"cross-check completed for ['매출액', '영업이익']",,2026-07-07T21:41:42
프리티,00122825,006490,KOSPI,연간x별도,지표,CV-6,PASS,default metric selection visible,,2026-07-07T21:41:42
프리티,00122825,006490,KOSPI,분기x연결,재무제표,DS-1,PASS,,,2026-07-07T21:41:49
프리티,00122825,006490,KOSPI,분기x연결,상단,DS-8,PASS,,,2026-07-07T21:41:49
프리티,00122825,006490,KOSPI,분기x연결,상단,DS-7,PASS,"badges seen: ['✅', '🔎']",,2026-07-07T21:41:49
프리티,00122825,006490,KOSPI,분기x연결,재무제표,CV-3,PASS,rows=29 cols=57 slider_extended=True,,2026-07-07T21:41:49
프리티,00122825,006490,KOSPI,분기x연결,재무제표,DS-2/DS-3,DONE,"cross-check completed for ['매출액', '영업이익']",,2026-07-07T21:41:49
프리티,00122825,006490,KOSPI,분기x연결,지표,CV-6,PASS,default metric selection visible,,2026-07-07T21:41:49
프리티,00122825,006490,KOSPI,분기x별도,재무제표,DS-1,PASS,,,2026-07-07T21:41:56
프리티,00122825,006490,KOSPI,분기x별도,상단,DS-8,PASS,,,2026-07-07T21:41:56
프리티,00122825,006490,KOSPI,분기x별도,상단,DS-7,PASS,"badges seen: ['✅', '🔎']",,2026-07-07T21:41:56
프리티,00122825,006490,KOSPI,분기x별도,재무제표,CV-3,PASS,rows=29 cols=92 slider_extended=True,,2026-07-07T21:41:56
프리티,00122825,006490,KOSPI,분기x별도,재무제표,DS-2/DS-3,DONE,"cross-check completed for ['매출액', '영업이익']",,2026-07-07T21:41:56
프리티,00122825,006490,KOSPI,분기x별도,지표,CV-6,FAIL,default metrics not found,,2026-07-07T21:41:56
하나금융지주,00547583,086790,KOSPI,연간x연결,재무제표,DS-1,PASS,,,2026-07-07T21:42:10
하나금융지주,00547583,086790,KOSPI,연간x연결,상단,DS-8,PASS,,,2026-07-07T21:42:10
하나금융지주,00547583,086790,KOSPI,연간x연결,상단,DS-7,PASS,"badges seen: ['✅', '🔎', '⚠']",,2026-07-07T21:42:10
하나금융지주,00547583,086790,KOSPI,연간x연결,재무제표,CV-3,PASS,rows=29 cols=21 slider_extended=True,,2026-07-07T21:42:10
하나금융지주,00547583,086790,KOSPI,연간x연결,재무제표,DS-2/DS-3,DONE,"cross-check completed for ['매출액', '영업이익']",,2026-07-07T21:42:10
하나금융지주,00547583,086790,KOSPI,연간x연결,지표,CV-6,PASS,default metric selection visible,,2026-07-07T21:42:10
하나금융지주,00547583,086790,KOSPI,연간x별도,재무제표,DS-1,PASS,,,2026-07-07T21:42:16
하나금융지주,00547583,086790,KOSPI,연간x별도,상단,DS-8,PASS,,,2026-07-07T21:42:16
하나금융지주,00547583,086790,KOSPI,연간x별도,상단,DS-7,PASS,"badges seen: ['✅', '🔎']",,2026-07-07T21:42:16
하나금융지주,00547583,086790,KOSPI,연간x별도,재무제표,CV-3,PASS,rows=29 cols=20 slider_extended=True,,2026-07-07T21:42:16
하나금융지주,00547583,086790,KOSPI,연간x별도,재무제표,DS-2/DS-3,DONE,"cross-check completed for ['매출액', '영업이익']",,2026-07-07T21:42:16
하나금융지주,00547583,086790,KOSPI,연간x별도,지표,CV-6,PASS,default metric selection visible,,2026-07-07T21:42:16
하나금융지주,00547583,086790,KOSPI,분기x연결,재무제표,DS-1,PASS,,,2026-07-07T21:42:22
하나금융지주,00547583,086790,KOSPI,분기x연결,상단,DS-8,PASS,,,2026-07-07T21:42:22
하나금융지주,00547583,086790,KOSPI,분기x연결,상단,DS-7,PASS,"badges seen: ['✅', '🔎', '⚠']",,2026-07-07T21:42:22
하나금융지주,00547583,086790,KOSPI,분기x연결,재무제표,CV-3,PASS,rows=29 cols=68 slider_extended=True,,2026-07-07T21:42:22
하나금융지주,00547583,086790,KOSPI,분기x연결,재무제표,DS-2/DS-3,DONE,"cross-check completed for ['매출액', '영업이익']",,2026-07-07T21:42:22
하나금융지주,00547583,086790,KOSPI,분기x연결,지표,CV-6,PASS,default metric selection visible,,2026-07-07T21:42:22
하나금융지주,00547583,086790,KOSPI,분기x별도,재무제표,DS-1,PASS,,,2026-07-07T21:42:29
하나금융지주,00547583,086790,KOSPI,분기x별도,상단,DS-8,PASS,,,2026-07-07T21:42:29
하나금융지주,00547583,086790,KOSPI,분기x별도,상단,DS-7,PASS,"badges seen: ['✅', '🔎']",,2026-07-07T21:42:29
하나금융지주,00547583,086790,KOSPI,분기x별도,재무제표,CV-3,PASS,rows=29 cols=56 slider_extended=True,,2026-07-07T21:42:29
하나금융지주,00547583,086790,KOSPI,분기x별도,재무제표,DS-2/DS-3,DONE,"cross-check completed for ['매출액', '영업이익']",,2026-07-07T21:42:29
하나금융지주,00547583,086790,KOSPI,분기x별도,지표,CV-6,PASS,default metric selection visible,,2026-07-07T21:42:29
하나제약,00248974,293480,KOSPI,연간x연결,재무제표,DS-1,PASS,,,2026-07-07T21:42:43
하나제약,00248974,293480,KOSPI,연간x연결,상단,DS-8,PASS,,,2026-07-07T21:42:43
하나제약,00248974,293480,KOSPI,연간x연결,상단,DS-4,PASS,substitution caption present,,2026-07-07T21:42:43
하나제약,00248974,293480,KOSPI,연간x연결,상단,DS-7,PASS,"badges seen: ['✅', '🔎', '⚠']",,2026-07-07T21:42:43
하나제약,00248974,293480,KOSPI,연간x연결,재무제표,CV-3,PASS,rows=29 cols=12 slider_extended=True,,2026-07-07T21:42:43
하나제약,00248974,293480,KOSPI,연간x연결,재무제표,DS-2/DS-3,DONE,"cross-check completed for ['매출액', '영업이익']",,2026-07-07T21:42:43
하나제약,00248974,293480,KOSPI,연간x연결,지표,CV-6,PASS,default metric selection visible,,2026-07-07T21:42:43
하나제약,00248974,293480,KOSPI,연간x별도,재무제표,DS-1,PASS,,,2026-07-07T21:42:49
하나제약,00248974,293480,KOSPI,연간x별도,상단,DS-8,PASS,,,2026-07-07T21:42:49
하나제약,00248974,293480,KOSPI,연간x별도,상단,DS-7,PASS,"badges seen: ['✅', '🔎', '⚠']",,2026-07-07T21:42:49
하나제약,00248974,293480,KOSPI,연간x별도,재무제표,CV-3,PASS,rows=29 cols=12 slider_extended=True,,2026-07-07T21:42:49
하나제약,00248974,293480,KOSPI,연간x별도,재무제표,DS-2/DS-3,DONE,"cross-check completed for ['매출액', '영업이익']",,2026-07-07T21:42:49
하나제약,00248974,293480,KOSPI,연간x별도,지표,CV-6,PASS,default metric selection visible,,2026-07-07T21:42:49
하나제약,00248974,293480,KOSPI,분기x연결,재무제표,DS-1,PASS,,,2026-07-07T21:42:55
하나제약,00248974,293480,KOSPI,분기x연결,상단,DS-8,PASS,,,2026-07-07T21:42:55
하나제약,00248974,293480,KOSPI,분기x연결,상단,DS-4,PASS,substitution caption present,,2026-07-07T21:42:55
하나제약,00248974,293480,KOSPI,분기x연결,상단,DS-7,PASS,"badges seen: ['✅', '🔎', '⚠']",,2026-07-07T21:42:55
하나제약,00248974,293480,KOSPI,분기x연결,재무제표,CV-3,PASS,rows=29 cols=37 slider_extended=True,,2026-07-07T21:42:55
하나제약,00248974,293480,KOSPI,분기x연결,재무제표,DS-2/DS-3,DONE,"cross-check completed for ['매출액', '영업이익']",,2026-07-07T21:42:55
하나제약,00248974,293480,KOSPI,분기x연결,지표,CV-6,PASS,default metric selection visible,,2026-07-07T21:42:55
하나제약,00248974,293480,KOSPI,분기x별도,재무제표,DS-1,PASS,,,2026-07-07T21:43:02
하나제약,00248974,293480,KOSPI,분기x별도,상단,DS-8,PASS,,,2026-07-07T21:43:02
하나제약,00248974,293480,KOSPI,분기x별도,상단,DS-4,PASS,substitution caption present,,2026-07-07T21:43:02
하나제약,00248974,293480,KOSPI,분기x별도,상단,DS-7,PASS,"badges seen: ['✅', '🔎', '⚠']",,2026-07-07T21:43:02
하나제약,00248974,293480,KOSPI,분기x별도,재무제표,CV-3,PASS,rows=29 cols=37 slider_extended=True,,2026-07-07T21:43:02
하나제약,00248974,293480,KOSPI,분기x별도,재무제표,DS-2/DS-3,DONE,"cross-check completed for ['매출액', '영업이익']",,2026-07-07T21:43:02
하나제약,00248974,293480,KOSPI,분기x별도,지표,CV-6,PASS,default metric selection visible,,2026-07-07T21:43:02
하나투어,00269940,039130,KOSPI,연간x연결,재무제표,DS-1,PASS,,,2026-07-07T21:43:16
하나투어,00269940,039130,KOSPI,연간x연결,상단,DS-8,PASS,,,2026-07-07T21:43:16
하나투어,00269940,039130,KOSPI,연간x연결,상단,DS-7,PASS,"badges seen: ['✅', '🔎']",,2026-07-07T21:43:16
하나투어,00269940,039130,KOSPI,연간x연결,재무제표,CV-3,PASS,rows=29 cols=19 slider_extended=True,,2026-07-07T21:43:16
하나투어,00269940,039130,KOSPI,연간x연결,재무제표,DS-2/DS-3,DONE,"cross-check completed for ['매출액', '영업이익']",,2026-07-07T21:43:16
하나투어,00269940,039130,KOSPI,연간x연결,지표,CV-6,PASS,default metric selection visible,,2026-07-07T21:43:16
하나투어,00269940,039130,KOSPI,연간x별도,재무제표,DS-1,PASS,,,2026-07-07T21:43:21
하나투어,00269940,039130,KOSPI,연간x별도,상단,DS-8,PASS,,,2026-07-07T21:43:21
하나투어,00269940,039130,KOSPI,연간x별도,상단,DS-7,PASS,"badges seen: ['✅', '🔎', '⚠']",,2026-07-07T21:43:21
하나투어,00269940,039130,KOSPI,연간x별도,재무제표,CV-3,PASS,rows=29 cols=25 slider_extended=True,,2026-07-07T21:43:21
하나투어,00269940,039130,KOSPI,연간x별도,재무제표,DS-2/DS-3,DONE,"cross-check completed for ['매출액', '영업이익']",,2026-07-07T21:43:21
하나투어,00269940,039130,KOSPI,연간x별도,지표,CV-6,PASS,default metric selection visible,,2026-07-07T21:43:21
하나투어,00269940,039130,KOSPI,분기x연결,재무제표,DS-1,PASS,,,2026-07-07T21:43:27
하나투어,00269940,039130,KOSPI,분기x연결,상단,DS-8,PASS,,,2026-07-07T21:43:27
하나투어,00269940,039130,KOSPI,분기x연결,상단,DS-7,PASS,"badges seen: ['✅', '🔎', '⚠']",,2026-07-07T21:43:27
하나투어,00269940,039130,KOSPI,분기x연결,재무제표,CV-3,PASS,rows=29 cols=66 slider_extended=True,,2026-07-07T21:43:27
하나투어,00269940,039130,KOSPI,분기x연결,재무제표,DS-2/DS-3,DONE,"cross-check completed for ['매출액', '영업이익']",,2026-07-07T21:43:27
하나투어,00269940,039130,KOSPI,분기x연결,지표,CV-6,PASS,default metric selection visible,,2026-07-07T21:43:27
하나투어,00269940,039130,KOSPI,분기x별도,재무제표,DS-1,PASS,,,2026-07-07T21:43:35
하나투어,00269940,039130,KOSPI,분기x별도,상단,DS-8,PASS,,,2026-07-07T21:43:35
하나투어,00269940,039130,KOSPI,분기x별도,상단,DS-7,PASS,"badges seen: ['✅', '🔎', '⚠']",,2026-07-07T21:43:35
하나투어,00269940,039130,KOSPI,분기x별도,재무제표,CV-3,PASS,rows=29 cols=87 slider_extended=True,,2026-07-07T21:43:35
하나투어,00269940,039130,KOSPI,분기x별도,재무제표,DS-2/DS-3,DONE,"cross-check completed for ['매출액', '영업이익']",,2026-07-07T21:43:35
하나투어,00269940,039130,KOSPI,분기x별도,지표,CV-6,PASS,default metric selection visible,,2026-07-07T21:43:35
하이브,01204056,352820,KOSPI,연간x연결,재무제표,DS-1,PASS,,,2026-07-07T21:43:48
하이브,01204056,352820,KOSPI,연간x연결,상단,DS-8,PASS,,,2026-07-07T21:43:48
하이브,01204056,352820,KOSPI,연간x연결,상단,DS-7,PASS,"badges seen: ['✅', '🔎']",,2026-07-07T21:43:48
하이브,01204056,352820,KOSPI,연간x연결,재무제표,CV-3,PASS,rows=29 cols=10 slider_extended=True,,2026-07-07T21:43:48
하이브,01204056,352820,KOSPI,연간x연결,재무제표,DS-2/DS-3,DONE,"cross-check completed for ['매출액', '영업이익']",,2026-07-07T21:43:48
하이브,01204056,352820,KOSPI,연간x연결,지표,CV-6,PASS,default metric selection visible,,2026-07-07T21:43:48
하이브,01204056,352820,KOSPI,연간x별도,재무제표,DS-1,PASS,,,2026-07-07T21:43:53
하이브,01204056,352820,KOSPI,연간x별도,상단,DS-8,PASS,,,2026-07-07T21:43:53
하이브,01204056,352820,KOSPI,연간x별도,상단,DS-7,PASS,"badges seen: ['✅', '🔎', '⚠']",,2026-07-07T21:43:53
하이브,01204056,352820,KOSPI,연간x별도,재무제표,CV-3,PASS,rows=29 cols=10 slider_extended=True,,2026-07-07T21:43:53
하이브,01204056,352820,KOSPI,연간x별도,재무제표,DS-2/DS-3,DONE,"cross-check completed for ['매출액', '영업이익']",,2026-07-07T21:43:53
하이브,01204056,352820,KOSPI,연간x별도,지표,CV-6,PASS,default metric selection visible,,2026-07-07T21:43:53
하이브,01204056,352820,KOSPI,분기x연결,재무제표,DS-1,PASS,,,2026-07-07T21:43:59
하이브,01204056,352820,KOSPI,분기x연결,상단,DS-8,PASS,,,2026-07-07T21:43:59
하이브,01204056,352820,KOSPI,분기x연결,상단,DS-7,PASS,"badges seen: ['✅', '🔎']",,2026-07-07T21:43:59
하이브,01204056,352820,KOSPI,분기x연결,재무제표,CV-3,PASS,rows=29 cols=28 slider_extended=True,,2026-07-07T21:43:59
하이브,01204056,352820,KOSPI,분기x연결,재무제표,DS-2/DS-3,DONE,"cross-check completed for ['매출액', '영업이익']",,2026-07-07T21:43:59
하이브,01204056,352820,KOSPI,분기x연결,지표,CV-6,FAIL,default metrics not found,,2026-07-07T21:43:59
하이브,01204056,352820,KOSPI,분기x별도,재무제표,DS-1,PASS,,,2026-07-07T21:44:07
하이브,01204056,352820,KOSPI,분기x별도,상단,DS-8,PASS,,,2026-07-07T21:44:07
하이브,01204056,352820,KOSPI,분기x별도,상단,DS-7,PASS,"badges seen: ['✅', '🔎']",,2026-07-07T21:44:07
하이브,01204056,352820,KOSPI,분기x별도,재무제표,CV-3,PASS,rows=29 cols=28 slider_extended=True,,2026-07-07T21:44:07
하이브,01204056,352820,KOSPI,분기x별도,재무제표,DS-2/DS-3,DONE,"cross-check completed for ['매출액', '영업이익']",,2026-07-07T21:44:07
하이브,01204056,352820,KOSPI,분기x별도,지표,CV-6,PASS,default metric selection visible,,2026-07-07T21:44:07
하이스틸,00435312,071090,KOSPI,연간x연결,재무제표,DS-1,PASS,,,2026-07-07T21:44:21
하이스틸,00435312,071090,KOSPI,연간x연결,상단,DS-8,PASS,,,2026-07-07T21:44:21
하이스틸,00435312,071090,KOSPI,연간x연결,상단,DS-7,PASS,"badges seen: ['✅', '🔎', '⚠']",,2026-07-07T21:44:21
하이스틸,00435312,071090,KOSPI,연간x연결,재무제표,CV-3,PASS,rows=29 cols=13 slider_extended=True,,2026-07-07T21:44:21
하이스틸,00435312,071090,KOSPI,연간x연결,재무제표,DS-2/DS-3,DONE,"cross-check completed for ['매출액', '영업이익']",,2026-07-07T21:44:21
하이스틸,00435312,071090,KOSPI,연간x연결,지표,CV-6,PASS,default metric selection visible,,2026-07-07T21:44:21
하이스틸,00435312,071090,KOSPI,연간x별도,재무제표,DS-1,PASS,,,2026-07-07T21:44:26
하이스틸,00435312,071090,KOSPI,연간x별도,상단,DS-8,PASS,,,2026-07-07T21:44:26
하이스틸,00435312,071090,KOSPI,연간x별도,상단,DS-7,PASS,"badges seen: ['✅', '🔎', '⚠']",,2026-07-07T21:44:26
하이스틸,00435312,071090,KOSPI,연간x별도,재무제표,CV-3,PASS,rows=29 cols=24 slider_extended=True,,2026-07-07T21:44:26
하이스틸,00435312,071090,KOSPI,연간x별도,재무제표,DS-2/DS-3,DONE,"cross-check completed for ['매출액', '영업이익']",,2026-07-07T21:44:26
하이스틸,00435312,071090,KOSPI,연간x별도,지표,CV-6,PASS,default metric selection visible,,2026-07-07T21:44:26
하이스틸,00435312,071090,KOSPI,분기x연결,재무제표,DS-1,PASS,,,2026-07-07T21:44:32
하이스틸,00435312,071090,KOSPI,분기x연결,상단,DS-8,PASS,,,2026-07-07T21:44:32
하이스틸,00435312,071090,KOSPI,분기x연결,상단,DS-7,PASS,"badges seen: ['✅', '🔎']",,2026-07-07T21:44:32
하이스틸,00435312,071090,KOSPI,분기x연결,재무제표,CV-3,PASS,rows=29 cols=40 slider_extended=True,,2026-07-07T21:44:32
하이스틸,00435312,071090,KOSPI,분기x연결,재무제표,DS-2/DS-3,DONE,"cross-check completed for ['매출액', '영업이익']",,2026-07-07T21:44:32
하이스틸,00435312,071090,KOSPI,분기x연결,지표,CV-6,PASS,default metric selection visible,,2026-07-07T21:44:32
하이스틸,00435312,071090,KOSPI,분기x별도,재무제표,DS-1,PASS,,,2026-07-07T21:44:39
하이스틸,00435312,071090,KOSPI,분기x별도,상단,DS-8,PASS,,,2026-07-07T21:44:39
하이스틸,00435312,071090,KOSPI,분기x별도,상단,DS-7,PASS,"badges seen: ['✅', '🔎', '⚠']",,2026-07-07T21:44:39
하이스틸,00435312,071090,KOSPI,분기x별도,재무제표,CV-3,PASS,rows=29 cols=75 slider_extended=True,,2026-07-07T21:44:39
하이스틸,00435312,071090,KOSPI,분기x별도,재무제표,DS-2/DS-3,DONE,"cross-check completed for ['매출액', '영업이익']",,2026-07-07T21:44:39
하이스틸,00435312,071090,KOSPI,분기x별도,지표,CV-6,PASS,default metric selection visible,,2026-07-07T21:44:39
하이트진로,00150244,000080,KOSPI,연간x연결,재무제표,DS-1,PASS,,,2026-07-07T21:44:53
하이트진로,00150244,000080,KOSPI,연간x연결,상단,DS-8,PASS,,,2026-07-07T21:44:53
하이트진로,00150244,000080,KOSPI,연간x연결,상단,DS-7,PASS,"badges seen: ['✅', '🔎']",,2026-07-07T21:44:53
하이트진로,00150244,000080,KOSPI,연간x연결,재무제표,CV-3,PASS,rows=29 cols=23 slider_extended=True,,2026-07-07T21:44:53
하이트진로,00150244,000080,KOSPI,연간x연결,재무제표,DS-2/DS-3,DONE,"cross-check completed for ['매출액', '영업이익']",,2026-07-07T21:44:53
하이트진로,00150244,000080,KOSPI,연간x연결,지표,CV-6,PASS,default metric selection visible,,2026-07-07T21:44:53
하이트진로,00150244,000080,KOSPI,연간x별도,재무제표,DS-1,PASS,,,2026-07-07T21:44:59
하이트진로,00150244,000080,KOSPI,연간x별도,상단,DS-8,PASS,,,2026-07-07T21:44:59
하이트진로,00150244,000080,KOSPI,연간x별도,상단,DS-7,PASS,"badges seen: ['✅', '🔎', '⚠']",,2026-07-07T21:44:59
하이트진로,00150244,000080,KOSPI,연간x별도,재무제표,CV-3,PASS,rows=29 cols=24 slider_extended=True,,2026-07-07T21:44:59
하이트진로,00150244,000080,KOSPI,연간x별도,재무제표,DS-2/DS-3,DONE,"cross-check completed for ['매출액', '영업이익']",,2026-07-07T21:44:59
하이트진로,00150244,000080,KOSPI,연간x별도,지표,CV-6,PASS,default metric selection visible,,2026-07-07T21:44:59
하이트진로,00150244,000080,KOSPI,분기x연결,재무제표,DS-1,PASS,,,2026-07-07T21:45:05
하이트진로,00150244,000080,KOSPI,분기x연결,상단,DS-8,PASS,,,2026-07-07T21:45:05
하이트진로,00150244,000080,KOSPI,분기x연결,상단,DS-7,PASS,"badges seen: ['✅', '🔎']",,2026-07-07T21:45:05
하이트진로,00150244,000080,KOSPI,분기x연결,재무제표,CV-3,PASS,rows=29 cols=14 slider_extended=True,,2026-07-07T21:45:05
하이트진로,00150244,000080,KOSPI,분기x연결,재무제표,DS-2/DS-3,DONE,"cross-check completed for ['매출액', '영업이익']",,2026-07-07T21:45:05
하이트진로,00150244,000080,KOSPI,분기x연결,지표,CV-6,PASS,default metric selection visible,,2026-07-07T21:45:05
하이트진로,00150244,000080,KOSPI,분기x별도,재무제표,DS-1,PASS,,,2026-07-07T21:45:12
하이트진로,00150244,000080,KOSPI,분기x별도,상단,DS-8,PASS,,,2026-07-07T21:45:12
하이트진로,00150244,000080,KOSPI,분기x별도,상단,DS-7,PASS,"badges seen: ['✅', '🔎']",,2026-07-07T21:45:12
하이트진로,00150244,000080,KOSPI,분기x별도,재무제표,CV-3,PASS,rows=29 cols=85 slider_extended=True,,2026-07-07T21:45:12
하이트진로,00150244,000080,KOSPI,분기x별도,재무제표,DS-2/DS-3,DONE,"cross-check completed for ['매출액', '영업이익']",,2026-07-07T21:45:12
하이트진로,00150244,000080,KOSPI,분기x별도,지표,CV-6,PASS,default metric selection visible,,2026-07-07T21:45:12
하이트진로홀딩스,00148993,000140,KOSPI,연간x연결,재무제표,DS-1,PASS,,,2026-07-07T21:45:27
하이트진로홀딩스,00148993,000140,KOSPI,연간x연결,상단,DS-8,PASS,,,2026-07-07T21:45:27
하이트진로홀딩스,00148993,000140,KOSPI,연간x연결,상단,DS-7,PASS,"badges seen: ['✅', '🔎', '⚠']",,2026-07-07T21:45:27
하이트진로홀딩스,00148993,000140,KOSPI,연간x연결,재무제표,CV-3,PASS,rows=29 cols=22 slider_extended=True,,2026-07-07T21:45:27
하이트진로홀딩스,00148993,000140,KOSPI,연간x연결,재무제표,DS-2/DS-3,DONE,"cross-check completed for ['매출액', '영업이익']",,2026-07-07T21:45:27
하이트진로홀딩스,00148993,000140,KOSPI,연간x연결,지표,CV-6,PASS,default metric selection visible,,2026-07-07T21:45:27
하이트진로홀딩스,00148993,000140,KOSPI,연간x별도,재무제표,DS-1,PASS,,,2026-07-07T21:45:32
하이트진로홀딩스,00148993,000140,KOSPI,연간x별도,상단,DS-8,PASS,,,2026-07-07T21:45:32
하이트진로홀딩스,00148993,000140,KOSPI,연간x별도,상단,DS-7,PASS,"badges seen: ['✅', '🔎', '⚠']",,2026-07-07T21:45:32
하이트진로홀딩스,00148993,000140,KOSPI,연간x별도,재무제표,CV-3,PASS,rows=29 cols=27 slider_extended=True,,2026-07-07T21:45:32
하이트진로홀딩스,00148993,000140,KOSPI,연간x별도,재무제표,DS-2/DS-3,DONE,"cross-check completed for ['매출액', '영업이익']",,2026-07-07T21:45:32
하이트진로홀딩스,00148993,000140,KOSPI,연간x별도,지표,CV-6,PASS,default metric selection visible,,2026-07-07T21:45:32
하이트진로홀딩스,00148993,000140,KOSPI,분기x연결,재무제표,DS-1,PASS,,,2026-07-07T21:45:38
하이트진로홀딩스,00148993,000140,KOSPI,분기x연결,상단,DS-8,PASS,,,2026-07-07T21:45:38
하이트진로홀딩스,00148993,000140,KOSPI,분기x연결,상단,DS-7,PASS,"badges seen: ['✅', '🔎']",,2026-07-07T21:45:38
하이트진로홀딩스,00148993,000140,KOSPI,분기x연결,재무제표,CV-3,PASS,rows=29 cols=79 slider_extended=True,,2026-07-07T21:45:38
하이트진로홀딩스,00148993,000140,KOSPI,분기x연결,재무제표,DS-2/DS-3,DONE,"cross-check completed for ['매출액', '영업이익']",,2026-07-07T21:45:38
하이트진로홀딩스,00148993,000140,KOSPI,분기x연결,지표,CV-6,PASS,default metric selection visible,,2026-07-07T21:45:38
하이트진로홀딩스,00148993,000140,KOSPI,분기x별도,재무제표,DS-1,PASS,,,2026-07-07T21:45:45
하이트진로홀딩스,00148993,000140,KOSPI,분기x별도,상단,DS-8,PASS,,,2026-07-07T21:45:45
하이트진로홀딩스,00148993,000140,KOSPI,분기x별도,상단,DS-7,PASS,"badges seen: ['✅', '🔎', '⚠']",,2026-07-07T21:45:45
하이트진로홀딩스,00148993,000140,KOSPI,분기x별도,재무제표,CV-3,PASS,rows=29 cols=82 slider_extended=True,,2026-07-07T21:45:45
하이트진로홀딩스,00148993,000140,KOSPI,분기x별도,재무제표,DS-2/DS-3,DONE,"cross-check completed for ['매출액', '영업이익']",,2026-07-07T21:45:45
하이트진로홀딩스,00148993,000140,KOSPI,분기x별도,지표,CV-6,PASS,default metric selection visible,,2026-07-07T21:45:45
한국가스공사,00261285,036460,KOSPI,연간x연결,재무제표,DS-1,PASS,,,2026-07-07T21:45:59
한국가스공사,00261285,036460,KOSPI,연간x연결,상단,DS-8,PASS,,,2026-07-07T21:45:59
한국가스공사,00261285,036460,KOSPI,연간x연결,상단,DS-7,PASS,"badges seen: ['✅', '🔎']",,2026-07-07T21:45:59
한국가스공사,00261285,036460,KOSPI,연간x연결,재무제표,CV-3,PASS,rows=29 cols=26 slider_extended=True,,2026-07-07T21:45:59
한국가스공사,00261285,036460,KOSPI,연간x연결,재무제표,DS-2/DS-3,DONE,"cross-check completed for ['매출액', '영업이익']",,2026-07-07T21:45:59
한국가스공사,00261285,036460,KOSPI,연간x연결,지표,CV-6,PASS,default metric selection visible,,2026-07-07T21:45:59
한국가스공사,00261285,036460,KOSPI,연간x별도,재무제표,DS-1,PASS,,,2026-07-07T21:46:04
한국가스공사,00261285,036460,KOSPI,연간x별도,상단,DS-8,PASS,,,2026-07-07T21:46:04
한국가스공사,00261285,036460,KOSPI,연간x별도,상단,DS-7,PASS,"badges seen: ['✅', '🔎']",,2026-07-07T21:46:04
한국가스공사,00261285,036460,KOSPI,연간x별도,재무제표,CV-3,PASS,rows=29 cols=26 slider_extended=True,,2026-07-07T21:46:04
한국가스공사,00261285,036460,KOSPI,연간x별도,재무제표,DS-2/DS-3,DONE,"cross-check completed for ['매출액', '영업이익']",,2026-07-07T21:46:04
한국가스공사,00261285,036460,KOSPI,연간x별도,지표,CV-6,PASS,default metric selection visible,,2026-07-07T21:46:04
한국가스공사,00261285,036460,KOSPI,분기x연결,재무제표,DS-1,PASS,,,2026-07-07T21:46:11
한국가스공사,00261285,036460,KOSPI,분기x연결,상단,DS-8,PASS,,,2026-07-07T21:46:11
한국가스공사,00261285,036460,KOSPI,분기x연결,상단,DS-7,PASS,"badges seen: ['✅', '🔎']",,2026-07-07T21:46:11
한국가스공사,00261285,036460,KOSPI,분기x연결,재무제표,CV-3,PASS,rows=29 cols=82 slider_extended=True,,2026-07-07T21:46:11
한국가스공사,00261285,036460,KOSPI,분기x연결,재무제표,DS-2/DS-3,DONE,"cross-check completed for ['매출액', '영업이익']",,2026-07-07T21:46:11
한국가스공사,00261285,036460,KOSPI,분기x연결,지표,CV-6,PASS,default metric selection visible,,2026-07-07T21:46:11
한국가스공사,00261285,036460,KOSPI,분기x별도,재무제표,DS-1,PASS,,,2026-07-07T21:46:18
한국가스공사,00261285,036460,KOSPI,분기x별도,상단,DS-8,PASS,,,2026-07-07T21:46:18
한국가스공사,00261285,036460,KOSPI,분기x별도,상단,DS-7,PASS,"badges seen: ['✅', '🔎']",,2026-07-07T21:46:18
한국가스공사,00261285,036460,KOSPI,분기x별도,재무제표,CV-3,PASS,rows=29 cols=82 slider_extended=True,,2026-07-07T21:46:18
한국가스공사,00261285,036460,KOSPI,분기x별도,재무제표,DS-2/DS-3,DONE,"cross-check completed for ['매출액', '영업이익']",,2026-07-07T21:46:18
한국가스공사,00261285,036460,KOSPI,분기x별도,지표,CV-6,PASS,default metric selection visible,,2026-07-07T21:46:18
한국공항,00156691,005430,KOSPI,연간x연결,재무제표,DS-1,PASS,,,2026-07-07T21:46:32
한국공항,00156691,005430,KOSPI,연간x연결,상단,DS-8,PASS,,,2026-07-07T21:46:32
한국공항,00156691,005430,KOSPI,연간x연결,상단,DS-7,PASS,"badges seen: ['✅', '🔎', '⚠']",,2026-07-07T21:46:32
한국공항,00156691,005430,KOSPI,연간x연결,재무제표,CV-3,PASS,rows=29 cols=23 slider_extended=True,,2026-07-07T21:46:32
한국공항,00156691,005430,KOSPI,연간x연결,재무제표,DS-2/DS-3,DONE,"cross-check completed for ['매출액', '영업이익']",,2026-07-07T21:46:32
한국공항,00156691,005430,KOSPI,연간x연결,지표,CV-6,PASS,default metric selection visible,,2026-07-07T21:46:32
한국공항,00156691,005430,KOSPI,연간x별도,재무제표,DS-1,PASS,,,2026-07-07T21:46:37
한국공항,00156691,005430,KOSPI,연간x별도,상단,DS-8,PASS,,,2026-07-07T21:46:37
한국공항,00156691,005430,KOSPI,연간x별도,상단,DS-7,PASS,"badges seen: ['✅', '🔎', '⚠']",,2026-07-07T21:46:37
한국공항,00156691,005430,KOSPI,연간x별도,재무제표,CV-3,PASS,rows=29 cols=30 slider_extended=True,,2026-07-07T21:46:37
한국공항,00156691,005430,KOSPI,연간x별도,재무제표,DS-2/DS-3,DONE,"cross-check completed for ['매출액', '영업이익']",,2026-07-07T21:46:37
한국공항,00156691,005430,KOSPI,연간x별도,지표,CV-6,PASS,default metric selection visible,,2026-07-07T21:46:37
한국공항,00156691,005430,KOSPI,분기x연결,재무제표,DS-1,PASS,,,2026-07-07T21:46:44
한국공항,00156691,005430,KOSPI,분기x연결,상단,DS-8,PASS,,,2026-07-07T21:46:44
한국공항,00156691,005430,KOSPI,분기x연결,상단,DS-7,PASS,"badges seen: ['✅', '🔎']",,2026-07-07T21:46:44
한국공항,00156691,005430,KOSPI,분기x연결,재무제표,CV-3,PASS,rows=29 cols=64 slider_extended=True,,2026-07-07T21:46:44
한국공항,00156691,005430,KOSPI,분기x연결,재무제표,DS-2/DS-3,DONE,"cross-check completed for ['매출액', '영업이익']",,2026-07-07T21:46:44
한국공항,00156691,005430,KOSPI,분기x연결,지표,CV-6,PASS,default metric selection visible,,2026-07-07T21:46:44
한국공항,00156691,005430,KOSPI,분기x별도,재무제표,DS-1,PASS,,,2026-07-07T21:46:51
한국공항,00156691,005430,KOSPI,분기x별도,상단,DS-8,PASS,,,2026-07-07T21:46:51
한국공항,00156691,005430,KOSPI,분기x별도,상단,DS-7,PASS,"badges seen: ['✅', '🔎']",,2026-07-07T21:46:51
한국공항,00156691,005430,KOSPI,분기x별도,재무제표,CV-3,PASS,rows=29 cols=84 slider_extended=True,,2026-07-07T21:46:51
한국공항,00156691,005430,KOSPI,분기x별도,재무제표,DS-2/DS-3,DONE,"cross-check completed for ['매출액', '영업이익']",,2026-07-07T21:46:51
한국공항,00156691,005430,KOSPI,분기x별도,지표,CV-6,PASS,default metric selection visible,,2026-07-07T21:46:51
한국금융지주,00432102,071050,KOSPI,연간x연결,재무제표,DS-1,PASS,,,2026-07-07T21:47:05
한국금융지주,00432102,071050,KOSPI,연간x연결,상단,DS-8,PASS,,,2026-07-07T21:47:05
한국금융지주,00432102,071050,KOSPI,연간x연결,상단,DS-7,PASS,"badges seen: ['✅', '🔎']",,2026-07-07T21:47:05
한국금융지주,00432102,071050,KOSPI,연간x연결,재무제표,CV-3,PASS,rows=29 cols=19 slider_extended=True,,2026-07-07T21:47:05
한국금융지주,00432102,071050,KOSPI,연간x연결,재무제표,DS-2/DS-3,DONE,"cross-check completed for ['매출액', '영업이익']",,2026-07-07T21:47:05
한국금융지주,00432102,071050,KOSPI,연간x연결,지표,CV-6,PASS,default metric selection visible,,2026-07-07T21:47:05
한국금융지주,00432102,071050,KOSPI,연간x별도,재무제표,DS-1,PASS,,,2026-07-07T21:47:10
한국금융지주,00432102,071050,KOSPI,연간x별도,상단,DS-8,PASS,,,2026-07-07T21:47:10
한국금융지주,00432102,071050,KOSPI,연간x별도,상단,DS-7,PASS,"badges seen: ['✅', '🔎', '⚠']",,2026-07-07T21:47:10
한국금융지주,00432102,071050,KOSPI,연간x별도,재무제표,CV-3,PASS,rows=29 cols=22 slider_extended=True,,2026-07-07T21:47:10
한국금융지주,00432102,071050,KOSPI,연간x별도,재무제표,DS-2/DS-3,DONE,"cross-check completed for ['매출액', '영업이익']",,2026-07-07T21:47:10
한국금융지주,00432102,071050,KOSPI,연간x별도,지표,CV-6,PASS,default metrics not found,,2026-07-07T21:47:10
한국금융지주,00432102,071050,KOSPI,분기x연결,재무제표,DS-1,PASS,,,2026-07-07T21:47:16
한국금융지주,00432102,071050,KOSPI,분기x연결,상단,DS-8,PASS,,,2026-07-07T21:47:16
한국금융지주,00432102,071050,KOSPI,분기x연결,상단,DS-7,PASS,"badges seen: ['✅', '🔎']",,2026-07-07T21:47:16
한국금융지주,00432102,071050,KOSPI,분기x연결,재무제표,CV-3,PASS,rows=29 cols=60 slider_extended=True,,2026-07-07T21:47:16
한국금융지주,00432102,071050,KOSPI,분기x연결,재무제표,DS-2/DS-3,DONE,"cross-check completed for ['매출액', '영업이익']",,2026-07-07T21:47:16
한국금융지주,00432102,071050,KOSPI,분기x연결,지표,CV-6,PASS,default metric selection visible,,2026-07-07T21:47:16
한국금융지주,00432102,071050,KOSPI,분기x별도,재무제표,DS-1,PASS,,,2026-07-07T21:47:23
한국금융지주,00432102,071050,KOSPI,분기x별도,상단,DS-8,PASS,,,2026-07-07T21:47:23
한국금융지주,00432102,071050,KOSPI,분기x별도,상단,DS-7,PASS,"badges seen: ['✅', '🔎', '⚠']",,2026-07-07T21:47:23
한국금융지주,00432102,071050,KOSPI,분기x별도,재무제표,CV-3,PASS,rows=29 cols=67 slider_extended=True,,2026-07-07T21:47:23
한국금융지주,00432102,071050,KOSPI,분기x별도,재무제표,DS-2/DS-3,DONE,"cross-check completed for ['매출액', '영업이익']",,2026-07-07T21:47:23
한국금융지주,00432102,071050,KOSPI,분기x별도,지표,CV-6,PASS,default metric selection visible,,2026-07-07T21:47:23
한국내화,00160205,010040,KOSPI,연간x연결,재무제표,DS-1,PASS,,,2026-07-07T21:47:37
한국내화,00160205,010040,KOSPI,연간x연결,상단,DS-8,PASS,,,2026-07-07T21:47:37
한국내화,00160205,010040,KOSPI,연간x연결,상단,DS-7,PASS,"badges seen: ['✅', '🔎']",,2026-07-07T21:47:37
한국내화,00160205,010040,KOSPI,연간x연결,재무제표,CV-3,PASS,rows=29 cols=10 slider_extended=True,,2026-07-07T21:47:37
한국내화,00160205,010040,KOSPI,연간x연결,재무제표,DS-2/DS-3,DONE,"cross-check completed for ['매출액', '영업이익']",,2026-07-07T21:47:37
한국내화,00160205,010040,KOSPI,연간x연결,지표,CV-6,PASS,default metric selection visible,,2026-07-07T21:47:37
한국내화,00160205,010040,KOSPI,연간x별도,재무제표,DS-1,PASS,,,2026-07-07T21:47:42
한국내화,00160205,010040,KOSPI,연간x별도,상단,DS-8,PASS,,,2026-07-07T21:47:42
한국내화,00160205,010040,KOSPI,연간x별도,상단,DS-7,PASS,"badges seen: ['✅', '🔎', '⚠']",,2026-07-07T21:47:42
한국내화,00160205,010040,KOSPI,연간x별도,재무제표,CV-3,PASS,rows=29 cols=27 slider_extended=True,,2026-07-07T21:47:42
한국내화,00160205,010040,KOSPI,연간x별도,재무제표,DS-2/DS-3,DONE,"cross-check completed for ['매출액', '영업이익']",,2026-07-07T21:47:42
한국내화,00160205,010040,KOSPI,연간x별도,지표,CV-6,PASS,default metric selection visible,,2026-07-07T21:47:42
한국내화,00160205,010040,KOSPI,분기x연결,재무제표,DS-1,PASS,,,2026-07-07T21:47:48
한국내화,00160205,010040,KOSPI,분기x연결,상단,DS-8,PASS,,,2026-07-07T21:47:48
한국내화,00160205,010040,KOSPI,분기x연결,상단,DS-7,PASS,"badges seen: ['✅', '🔎']",,2026-07-07T21:47:48
한국내화,00160205,010040,KOSPI,분기x연결,재무제표,CV-3,PASS,rows=29 cols=28 slider_extended=True,,2026-07-07T21:47:48
한국내화,00160205,010040,KOSPI,분기x연결,재무제표,DS-2/DS-3,DONE,"cross-check completed for ['매출액', '영업이익']",,2026-07-07T21:47:48
한국내화,00160205,010040,KOSPI,분기x연결,지표,CV-6,PASS,default metric selection visible,,2026-07-07T21:47:48
한국내화,00160205,010040,KOSPI,분기x별도,재무제표,DS-1,PASS,,,2026-07-07T21:47:55
한국내화,00160205,010040,KOSPI,분기x별도,상단,DS-8,PASS,,,2026-07-07T21:47:55
한국내화,00160205,010040,KOSPI,분기x별도,상단,DS-7,PASS,"badges seen: ['✅', '🔎']",,2026-07-07T21:47:55
한국내화,00160205,010040,KOSPI,분기x별도,재무제표,CV-3,PASS,rows=29 cols=82 slider_extended=True,,2026-07-07T21:47:55
한국내화,00160205,010040,KOSPI,분기x별도,재무제표,DS-2/DS-3,DONE,"cross-check completed for ['매출액', '영업이익']",,2026-07-07T21:47:55
한국내화,00160205,010040,KOSPI,분기x별도,지표,CV-6,PASS,default metric selection visible,,2026-07-07T21:47:55
한국단자공업,00157070,025540,KOSPI,연간x연결,재무제표,DS-1,PASS,,,2026-07-07T21:48:09
한국단자공업,00157070,025540,KOSPI,연간x연결,상단,DS-8,PASS,,,2026-07-07T21:48:09
한국단자공업,00157070,025540,KOSPI,연간x연결,상단,DS-7,PASS,"badges seen: ['✅', '🔎']",,2026-07-07T21:48:09
한국단자공업,00157070,025540,KOSPI,연간x연결,재무제표,CV-3,PASS,rows=29 cols=19 slider_extended=True,,2026-07-07T21:48:09
한국단자공업,00157070,025540,KOSPI,연간x연결,재무제표,DS-2/DS-3,DONE,"cross-check completed for ['매출액', '영업이익']",,2026-07-07T21:48:09
한국단자공업,00157070,025540,KOSPI,연간x연결,지표,CV-6,PASS,default metric selection visible,,2026-07-07T21:48:09
한국단자공업,00157070,025540,KOSPI,연간x별도,재무제표,DS-1,PASS,,,2026-07-07T21:48:14
한국단자공업,00157070,025540,KOSPI,연간x별도,상단,DS-8,PASS,,,2026-07-07T21:48:14
한국단자공업,00157070,025540,KOSPI,연간x별도,상단,DS-7,PASS,"badges seen: ['✅', '🔎']",,2026-07-07T21:48:14
한국단자공업,00157070,025540,KOSPI,연간x별도,재무제표,CV-3,PASS,rows=29 cols=12 slider_extended=True,,2026-07-07T21:48:14
한국단자공업,00157070,025540,KOSPI,연간x별도,재무제표,DS-2/DS-3,DONE,"cross-check completed for ['매출액', '영업이익']",,2026-07-07T21:48:14
한국단자공업,00157070,025540,KOSPI,연간x별도,지표,CV-6,PASS,default metric selection visible,,2026-07-07T21:48:14
한국단자공업,00157070,025540,KOSPI,분기x연결,재무제표,DS-1,PASS,,,2026-07-07T21:48:20
한국단자공업,00157070,025540,KOSPI,분기x연결,상단,DS-8,PASS,,,2026-07-07T21:48:20
한국단자공업,00157070,025540,KOSPI,분기x연결,상단,DS-7,PASS,"badges seen: ['✅', '🔎']",,2026-07-07T21:48:20
한국단자공업,00157070,025540,KOSPI,분기x연결,재무제표,CV-3,PASS,rows=29 cols=65 slider_extended=True,,2026-07-07T21:48:20
한국단자공업,00157070,025540,KOSPI,분기x연결,재무제표,DS-2/DS-3,DONE,"cross-check completed for ['매출액', '영업이익']",,2026-07-07T21:48:20
한국단자공업,00157070,025540,KOSPI,분기x연결,지표,CV-6,PASS,default metric selection visible,,2026-07-07T21:48:20
한국단자공업,00157070,025540,KOSPI,분기x별도,재무제표,DS-1,PASS,,,2026-07-07T21:48:27
한국단자공업,00157070,025540,KOSPI,분기x별도,상단,DS-8,PASS,,,2026-07-07T21:48:27
한국단자공업,00157070,025540,KOSPI,분기x별도,상단,DS-7,PASS,"badges seen: ['✅', '🔎']",,2026-07-07T21:48:27
한국단자공업,00157070,025540,KOSPI,분기x별도,재무제표,CV-3,PASS,rows=29 cols=86 slider_extended=True,,2026-07-07T21:48:27
한국단자공업,00157070,025540,KOSPI,분기x별도,재무제표,DS-2/DS-3,DONE,"cross-check completed for ['매출액', '영업이익']",,2026-07-07T21:48:27
한국단자공업,00157070,025540,KOSPI,분기x별도,지표,CV-6,PASS,default metric selection visible,,2026-07-07T21:48:27
한국무브넥스,00160418,010100,KOSPI,연간x연결,재무제표,DS-1,PASS,,,2026-07-07T21:48:41
한국무브넥스,00160418,010100,KOSPI,연간x연결,상단,DS-8,PASS,,,2026-07-07T21:48:41
한국무브넥스,00160418,010100,KOSPI,연간x연결,상단,DS-7,PASS,"badges seen: ['✅', '🔎', '⚠']",,2026-07-07T21:48:41
한국무브넥스,00160418,010100,KOSPI,연간x연결,재무제표,CV-3,PASS,rows=29 cols=19 slider_extended=True,,2026-07-07T21:48:41
한국무브넥스,00160418,010100,KOSPI,연간x연결,재무제표,DS-2/DS-3,DONE,"cross-check completed for ['매출액', '영업이익']",,2026-07-07T21:48:41
한국무브넥스,00160418,010100,KOSPI,연간x연결,지표,CV-6,PASS,default metric selection visible,,2026-07-07T21:48:41
한국무브넥스,00160418,010100,KOSPI,연간x별도,재무제표,DS-1,PASS,,,2026-07-07T21:48:46
한국무브넥스,00160418,010100,KOSPI,연간x별도,상단,DS-8,PASS,,,2026-07-07T21:48:46
한국무브넥스,00160418,010100,KOSPI,연간x별도,상단,DS-7,PASS,"badges seen: ['✅', '🔎', '⚠']",,2026-07-07T21:48:46
한국무브넥스,00160418,010100,KOSPI,연간x별도,재무제표,CV-3,PASS,rows=29 cols=24 slider_extended=True,,2026-07-07T21:48:46
한국무브넥스,00160418,010100,KOSPI,연간x별도,재무제표,DS-2/DS-3,DONE,"cross-check completed for ['매출액', '영업이익']",,2026-07-07T21:48:46
한국무브넥스,00160418,010100,KOSPI,연간x별도,지표,CV-6,PASS,default metric selection visible,,2026-07-07T21:48:46
한국무브넥스,00160418,010100,KOSPI,분기x연결,재무제표,DS-1,PASS,,,2026-07-07T21:48:52
한국무브넥스,00160418,010100,KOSPI,분기x연결,상단,DS-8,PASS,,,2026-07-07T21:48:52
한국무브넥스,00160418,010100,KOSPI,분기x연결,상단,DS-7,PASS,"badges seen: ['✅', '🔎']",,2026-07-07T21:48:52
한국무브넥스,00160418,010100,KOSPI,분기x연결,재무제표,CV-3,PASS,rows=29 cols=69 slider_extended=True,,2026-07-07T21:48:52
한국무브넥스,00160418,010100,KOSPI,분기x연결,재무제표,DS-2/DS-3,DONE,"cross-check completed for ['매출액', '영업이익']",,2026-07-07T21:48:52
한국무브넥스,00160418,010100,KOSPI,분기x연결,지표,CV-6,PASS,default metric selection visible,,2026-07-07T21:48:52
한국무브넥스,00160418,010100,KOSPI,분기x별도,재무제표,DS-1,PASS,,,2026-07-07T21:49:00
한국무브넥스,00160418,010100,KOSPI,분기x별도,상단,DS-8,PASS,,,2026-07-07T21:49:00
한국무브넥스,00160418,010100,KOSPI,분기x별도,상단,DS-7,PASS,"badges seen: ['✅', '🔎']",,2026-07-07T21:49:00
한국무브넥스,00160418,010100,KOSPI,분기x별도,재무제표,CV-3,PASS,rows=29 cols=79 slider_extended=True,,2026-07-07T21:49:00
한국무브넥스,00160418,010100,KOSPI,분기x별도,재무제표,DS-2/DS-3,DONE,"cross-check completed for ['매출액', '영업이익']",,2026-07-07T21:49:00
한국무브넥스,00160418,010100,KOSPI,분기x별도,지표,CV-6,PASS,default metric selection visible,,2026-07-07T21:49:00
한국석유공업,00157991,004090,KOSPI,연간x연결,재무제표,DS-1,PASS,,,2026-07-07T21:49:13
한국석유공업,00157991,004090,KOSPI,연간x연결,상단,DS-8,PASS,,,2026-07-07T21:49:13
한국석유공업,00157991,004090,KOSPI,연간x연결,상단,DS-7,PASS,"badges seen: ['✅', '🔎']",,2026-07-07T21:49:13
한국석유공업,00157991,004090,KOSPI,연간x연결,재무제표,CV-3,PASS,rows=29 cols=19 slider_extended=True,,2026-07-07T21:49:13
한국석유공업,00157991,004090,KOSPI,연간x연결,재무제표,DS-2/DS-3,DONE,"cross-check completed for ['매출액', '영업이익']",,2026-07-07T21:49:13
한국석유공업,00157991,004090,KOSPI,연간x연결,지표,CV-6,PASS,default metric selection visible,,2026-07-07T21:49:13
한국석유공업,00157991,004090,KOSPI,연간x별도,재무제표,DS-1,PASS,,,2026-07-07T21:49:18
한국석유공업,00157991,004090,KOSPI,연간x별도,상단,DS-8,PASS,,,2026-07-07T21:49:18
한국석유공업,00157991,004090,KOSPI,연간x별도,상단,DS-7,PASS,"badges seen: ['✅', '🔎']",,2026-07-07T21:49:18
한국석유공업,00157991,004090,KOSPI,연간x별도,재무제표,CV-3,PASS,rows=29 cols=12 slider_extended=True,,2026-07-07T21:49:18
한국석유공업,00157991,004090,KOSPI,연간x별도,재무제표,DS-2/DS-3,DONE,"cross-check completed for ['매출액', '영업이익']",,2026-07-07T21:49:18
한국석유공업,00157991,004090,KOSPI,연간x별도,지표,CV-6,PASS,default metric selection visible,,2026-07-07T21:49:18
한국석유공업,00157991,004090,KOSPI,분기x연결,재무제표,DS-1,PASS,,,2026-07-07T21:49:24
한국석유공업,00157991,004090,KOSPI,분기x연결,상단,DS-8,PASS,,,2026-07-07T21:49:24
한국석유공업,00157991,004090,KOSPI,분기x연결,상단,DS-7,PASS,"badges seen: ['✅', '🔎']",,2026-07-07T21:49:24
한국석유공업,00157991,004090,KOSPI,분기x연결,재무제표,CV-3,PASS,rows=29 cols=68 slider_extended=True,,2026-07-07T21:49:24
한국석유공업,00157991,004090,KOSPI,분기x연결,재무제표,DS-2/DS-3,DONE,"cross-check completed for ['매출액', '영업이익']",,2026-07-07T21:49:24
한국석유공업,00157991,004090,KOSPI,분기x연결,지표,CV-6,PASS,default metric selection visible,,2026-07-07T21:49:24
한국석유공업,00157991,004090,KOSPI,분기x별도,재무제표,DS-1,PASS,,,2026-07-07T21:49:32
한국석유공업,00157991,004090,KOSPI,분기x별도,상단,DS-8,PASS,,,2026-07-07T21:49:32
한국석유공업,00157991,004090,KOSPI,분기x별도,상단,DS-7,PASS,"badges seen: ['✅', '🔎']",,2026-07-07T21:49:32
한국석유공업,00157991,004090,KOSPI,분기x별도,재무제표,CV-3,PASS,rows=29 cols=93 slider_extended=True,,2026-07-07T21:49:32
한국석유공업,00157991,004090,KOSPI,분기x별도,재무제표,DS-2/DS-3,DONE,"cross-check completed for ['매출액', '영업이익']",,2026-07-07T21:49:32
한국석유공업,00157991,004090,KOSPI,분기x별도,지표,CV-6,PASS,default metric selection visible,,2026-07-07T21:49:32
한국수출포장공업,00158112,002200,KOSPI,연간x연결,재무제표,DS-1,PASS,,,2026-07-07T21:49:45
한국수출포장공업,00158112,002200,KOSPI,연간x연결,상단,DS-8,PASS,,,2026-07-07T21:49:45
한국수출포장공업,00158112,002200,KOSPI,연간x연결,상단,DS-7,PASS,"badges seen: ['✅', '🔎', '⚠']",,2026-07-07T21:49:45
한국수출포장공업,00158112,002200,KOSPI,연간x연결,재무제표,CV-3,PASS,rows=29 cols=19 slider_extended=True,,2026-07-07T21:49:45
한국수출포장공업,00158112,002200,KOSPI,연간x연결,재무제표,DS-2/DS-3,DONE,"cross-check completed for ['매출액', '영업이익']",,2026-07-07T21:49:45
한국수출포장공업,00158112,002200,KOSPI,연간x연결,지표,CV-6,PASS,default metric selection visible,,2026-07-07T21:49:45
한국수출포장공업,00158112,002200,KOSPI,연간x별도,재무제표,DS-1,PASS,,,2026-07-07T21:49:51
한국수출포장공업,00158112,002200,KOSPI,연간x별도,상단,DS-8,PASS,,,2026-07-07T21:49:51
한국수출포장공업,00158112,002200,KOSPI,연간x별도,상단,DS-7,PASS,"badges seen: ['✅', '🔎', '⚠']",,2026-07-07T21:49:51
한국수출포장공업,00158112,002200,KOSPI,연간x별도,재무제표,CV-3,PASS,rows=29 cols=23 slider_extended=True,,2026-07-07T21:49:51
한국수출포장공업,00158112,002200,KOSPI,연간x별도,재무제표,DS-2/DS-3,DONE,"cross-check completed for ['매출액', '영업이익']",,2026-07-07T21:49:51
한국수출포장공업,00158112,002200,KOSPI,연간x별도,지표,CV-6,PASS,default metric selection visible,,2026-07-07T21:49:51
한국수출포장공업,00158112,002200,KOSPI,분기x연결,재무제표,DS-1,PASS,,,2026-07-07T21:49:57
한국수출포장공업,00158112,002200,KOSPI,분기x연결,상단,DS-8,PASS,,,2026-07-07T21:49:57
한국수출포장공업,00158112,002200,KOSPI,분기x연결,상단,DS-7,PASS,"badges seen: ['✅', '🔎', '⚠']",,2026-07-07T21:49:57
한국수출포장공업,00158112,002200,KOSPI,분기x연결,재무제표,CV-3,PASS,rows=29 cols=60 slider_extended=True,,2026-07-07T21:49:57
한국수출포장공업,00158112,002200,KOSPI,분기x연결,재무제표,DS-2/DS-3,DONE,"cross-check completed for ['매출액', '영업이익']",,2026-07-07T21:49:57
한국수출포장공업,00158112,002200,KOSPI,분기x연결,지표,CV-6,PASS,default metric selection visible,,2026-07-07T21:49:57
한국수출포장공업,00158112,002200,KOSPI,분기x별도,재무제표,DS-1,PASS,,,2026-07-07T21:50:04
한국수출포장공업,00158112,002200,KOSPI,분기x별도,상단,DS-8,PASS,,,2026-07-07T21:50:04
한국수출포장공업,00158112,002200,KOSPI,분기x별도,상단,DS-7,PASS,"badges seen: ['✅', '🔎', '⚠']",,2026-07-07T21:50:04
한국수출포장공업,00158112,002200,KOSPI,분기x별도,재무제표,CV-3,PASS,rows=29 cols=76 slider_extended=True,,2026-07-07T21:50:04
한국수출포장공업,00158112,002200,KOSPI,분기x별도,재무제표,DS-2/DS-3,DONE,"cross-check completed for ['매출액', '영업이익']",,2026-07-07T21:50:04
한국수출포장공업,00158112,002200,KOSPI,분기x별도,지표,CV-6,PASS,default metric selection visible,,2026-07-07T21:50:04
한국쉘석유,00158149,002960,KOSPI,연간x연결,재무제표,DS-1,PASS,,,2026-07-07T21:50:18
한국쉘석유,00158149,002960,KOSPI,연간x연결,상단,DS-8,PASS,,,2026-07-07T21:50:18
한국쉘석유,00158149,002960,KOSPI,연간x연결,상단,DS-4,PASS,substitution caption present,,2026-07-07T21:50:18
한국쉘석유,00158149,002960,KOSPI,연간x연결,상단,DS-7,PASS,"badges seen: ['✅', '🔎']",,2026-07-07T21:50:18
한국쉘석유,00158149,002960,KOSPI,연간x연결,재무제표,CV-3,PASS,rows=29 cols=24 slider_extended=True,,2026-07-07T21:50:18
한국쉘석유,00158149,002960,KOSPI,연간x연결,재무제표,DS-2/DS-3,DONE,"cross-check completed for ['매출액', '영업이익']",,2026-07-07T21:50:18
한국쉘석유,00158149,002960,KOSPI,연간x연결,지표,CV-6,PASS,default metric selection visible,,2026-07-07T21:50:18
한국쉘석유,00158149,002960,KOSPI,연간x별도,재무제표,DS-1,PASS,,,2026-07-07T21:50:23
한국쉘석유,00158149,002960,KOSPI,연간x별도,상단,DS-8,PASS,,,2026-07-07T21:50:23
한국쉘석유,00158149,002960,KOSPI,연간x별도,상단,DS-7,PASS,"badges seen: ['✅', '🔎']",,2026-07-07T21:50:23
한국쉘석유,00158149,002960,KOSPI,연간x별도,재무제표,CV-3,PASS,rows=29 cols=24 slider_extended=True,,2026-07-07T21:50:23
한국쉘석유,00158149,002960,KOSPI,연간x별도,재무제표,DS-2/DS-3,DONE,"cross-check completed for ['매출액', '영업이익']",,2026-07-07T21:50:23
한국쉘석유,00158149,002960,KOSPI,연간x별도,지표,CV-6,PASS,default metric selection visible,,2026-07-07T21:50:23
한국쉘석유,00158149,002960,KOSPI,분기x연결,재무제표,DS-1,PASS,,,2026-07-07T21:50:29
한국쉘석유,00158149,002960,KOSPI,분기x연결,상단,DS-8,PASS,,,2026-07-07T21:50:29
한국쉘석유,00158149,002960,KOSPI,분기x연결,상단,DS-4,PASS,substitution caption present,,2026-07-07T21:50:29
한국쉘석유,00158149,002960,KOSPI,분기x연결,상단,DS-7,PASS,"badges seen: ['✅', '🔎']",,2026-07-07T21:50:29
한국쉘석유,00158149,002960,KOSPI,분기x연결,재무제표,CV-3,PASS,rows=29 cols=76 slider_extended=True,,2026-07-07T21:50:29
한국쉘석유,00158149,002960,KOSPI,분기x연결,재무제표,DS-2/DS-3,DONE,"cross-check completed for ['매출액', '영업이익']",,2026-07-07T21:50:29
한국쉘석유,00158149,002960,KOSPI,분기x연결,지표,CV-6,PASS,default metric selection visible,,2026-07-07T21:50:29
한국쉘석유,00158149,002960,KOSPI,분기x별도,재무제표,DS-1,PASS,,,2026-07-07T21:50:36
한국쉘석유,00158149,002960,KOSPI,분기x별도,상단,DS-8,PASS,,,2026-07-07T21:50:36
한국쉘석유,00158149,002960,KOSPI,분기x별도,상단,DS-7,PASS,"badges seen: ['✅', '🔎']",,2026-07-07T21:50:36
한국쉘석유,00158149,002960,KOSPI,분기x별도,재무제표,CV-3,PASS,rows=29 cols=76 slider_extended=True,,2026-07-07T21:50:36
한국쉘석유,00158149,002960,KOSPI,분기x별도,재무제표,DS-2/DS-3,DONE,"cross-check completed for ['매출액', '영업이익']",,2026-07-07T21:50:36
한국쉘석유,00158149,002960,KOSPI,분기x별도,지표,CV-6,PASS,default metric selection visible,,2026-07-07T21:50:36
한국앤컴퍼니,00160047,000240,KOSPI,연간x연결,재무제표,DS-1,PASS,,,2026-07-07T21:50:50
한국앤컴퍼니,00160047,000240,KOSPI,연간x연결,상단,DS-8,PASS,,,2026-07-07T21:50:50
한국앤컴퍼니,00160047,000240,KOSPI,연간x연결,상단,DS-7,PASS,"badges seen: ['✅', '🔎']",,2026-07-07T21:50:50
한국앤컴퍼니,00160047,000240,KOSPI,연간x연결,재무제표,CV-3,PASS,rows=29 cols=21 slider_extended=True,,2026-07-07T21:50:50
한국앤컴퍼니,00160047,000240,KOSPI,연간x연결,재무제표,DS-2/DS-3,DONE,"cross-check completed for ['매출액', '영업이익']",,2026-07-07T21:50:50
한국앤컴퍼니,00160047,000240,KOSPI,연간x연결,지표,CV-6,PASS,default metric selection visible,,2026-07-07T21:50:50
한국앤컴퍼니,00160047,000240,KOSPI,연간x별도,재무제표,DS-1,PASS,,,2026-07-07T21:50:55
한국앤컴퍼니,00160047,000240,KOSPI,연간x별도,상단,DS-8,PASS,,,2026-07-07T21:50:55
한국앤컴퍼니,00160047,000240,KOSPI,연간x별도,상단,DS-7,PASS,"badges seen: ['✅', '🔎', '⚠']",,2026-07-07T21:50:55
한국앤컴퍼니,00160047,000240,KOSPI,연간x별도,재무제표,CV-3,PASS,rows=29 cols=22 slider_extended=True,,2026-07-07T21:50:55
한국앤컴퍼니,00160047,000240,KOSPI,연간x별도,재무제표,DS-2/DS-3,DONE,"cross-check completed for ['매출액', '영업이익']",,2026-07-07T21:50:55
한국앤컴퍼니,00160047,000240,KOSPI,연간x별도,지표,CV-6,PASS,default metric selection visible,,2026-07-07T21:50:55
한국앤컴퍼니,00160047,000240,KOSPI,분기x연결,재무제표,DS-1,PASS,,,2026-07-07T21:51:01
한국앤컴퍼니,00160047,000240,KOSPI,분기x연결,상단,DS-8,PASS,,,2026-07-07T21:51:01
한국앤컴퍼니,00160047,000240,KOSPI,분기x연결,상단,DS-7,PASS,"badges seen: ['✅', '🔎']",,2026-07-07T21:51:01
한국앤컴퍼니,00160047,000240,KOSPI,분기x연결,재무제표,CV-3,PASS,rows=29 cols=73 slider_extended=True,,2026-07-07T21:51:01
한국앤컴퍼니,00160047,000240,KOSPI,분기x연결,재무제표,DS-2/DS-3,DONE,"cross-check completed for ['매출액', '영업이익']",,2026-07-07T21:51:01
한국앤컴퍼니,00160047,000240,KOSPI,분기x연결,지표,CV-6,PASS,default metric selection visible,,2026-07-07T21:51:01
한국앤컴퍼니,00160047,000240,KOSPI,분기x별도,재무제표,DS-1,PASS,,,2026-07-07T21:51:09
한국앤컴퍼니,00160047,000240,KOSPI,분기x별도,상단,DS-8,PASS,,,2026-07-07T21:51:09
한국앤컴퍼니,00160047,000240,KOSPI,분기x별도,상단,DS-7,PASS,"badges seen: ['✅', '🔎']",,2026-07-07T21:51:09
한국앤컴퍼니,00160047,000240,KOSPI,분기x별도,재무제표,CV-3,PASS,rows=29 cols=78 slider_extended=True,,2026-07-07T21:51:09
한국앤컴퍼니,00160047,000240,KOSPI,분기x별도,재무제표,DS-2/DS-3,DONE,"cross-check completed for ['매출액', '영업이익']",,2026-07-07T21:51:09
한국앤컴퍼니,00160047,000240,KOSPI,분기x별도,지표,CV-6,PASS,default metric selection visible,,2026-07-07T21:51:09
한국자산신탁,00404701,123890,KOSPI,연간x연결,재무제표,DS-1,PASS,,,2026-07-07T21:51:22
한국자산신탁,00404701,123890,KOSPI,연간x연결,상단,DS-8,PASS,,,2026-07-07T21:51:22
한국자산신탁,00404701,123890,KOSPI,연간x연결,상단,DS-7,PASS,"badges seen: ['✅', '🔎', '⚠']",,2026-07-07T21:51:22
한국자산신탁,00404701,123890,KOSPI,연간x연결,재무제표,CV-3,PASS,rows=29 cols=12 slider_extended=True,,2026-07-07T21:51:22
한국자산신탁,00404701,123890,KOSPI,연간x연결,재무제표,DS-2/DS-3,DONE,"cross-check completed for ['매출액', '영업이익']",,2026-07-07T21:51:22
한국자산신탁,00404701,123890,KOSPI,연간x연결,지표,CV-6,PASS,default metric selection visible,,2026-07-07T21:51:22
한국자산신탁,00404701,123890,KOSPI,연간x별도,재무제표,DS-1,PASS,,,2026-07-07T21:51:27
한국자산신탁,00404701,123890,KOSPI,연간x별도,상단,DS-8,PASS,,,2026-07-07T21:51:27
한국자산신탁,00404701,123890,KOSPI,연간x별도,상단,DS-7,PASS,"badges seen: ['✅', '🔎', '⚠']",,2026-07-07T21:51:27
한국자산신탁,00404701,123890,KOSPI,연간x별도,재무제표,CV-3,PASS,rows=29 cols=14 slider_extended=True,,2026-07-07T21:51:27
한국자산신탁,00404701,123890,KOSPI,연간x별도,재무제표,DS-2/DS-3,DONE,"cross-check completed for ['매출액', '영업이익']",,2026-07-07T21:51:27
한국자산신탁,00404701,123890,KOSPI,연간x별도,지표,CV-6,PASS,default metric selection visible,,2026-07-07T21:51:27
한국자산신탁,00404701,123890,KOSPI,분기x연결,재무제표,DS-1,PASS,,,2026-07-07T21:51:33
한국자산신탁,00404701,123890,KOSPI,분기x연결,상단,DS-8,PASS,,,2026-07-07T21:51:33
한국자산신탁,00404701,123890,KOSPI,분기x연결,상단,DS-7,PASS,"badges seen: ['✅', '🔎', '⚠']",,2026-07-07T21:51:33
한국자산신탁,00404701,123890,KOSPI,분기x연결,재무제표,CV-3,PASS,rows=29 cols=47 slider_extended=True,,2026-07-07T21:51:33
한국자산신탁,00404701,123890,KOSPI,분기x연결,재무제표,DS-2/DS-3,DONE,"cross-check completed for ['매출액', '영업이익']",,2026-07-07T21:51:33
한국자산신탁,00404701,123890,KOSPI,분기x연결,지표,CV-6,PASS,default metric selection visible,,2026-07-07T21:51:33
한국자산신탁,00404701,123890,KOSPI,분기x별도,재무제표,DS-1,PASS,,,2026-07-07T21:51:41
한국자산신탁,00404701,123890,KOSPI,분기x별도,상단,DS-8,PASS,,,2026-07-07T21:51:41
한국자산신탁,00404701,123890,KOSPI,분기x별도,상단,DS-7,PASS,"badges seen: ['✅', '🔎']",,2026-07-07T21:51:41
한국자산신탁,00404701,123890,KOSPI,분기x별도,재무제표,CV-3,PASS,rows=29 cols=49 slider_extended=True,,2026-07-07T21:51:41
한국자산신탁,00404701,123890,KOSPI,분기x별도,재무제표,DS-2/DS-3,DONE,"cross-check completed for ['매출액', '영업이익']",,2026-07-07T21:51:41
한국자산신탁,00404701,123890,KOSPI,분기x별도,지표,CV-6,PASS,default metric selection visible,,2026-07-07T21:51:41
한국전력공사,00159193,015760,KOSPI,연간x연결,재무제표,DS-1,PASS,,,2026-07-07T21:51:54
한국전력공사,00159193,015760,KOSPI,연간x연결,상단,DS-8,PASS,,,2026-07-07T21:51:54
한국전력공사,00159193,015760,KOSPI,연간x연결,상단,DS-7,PASS,"badges seen: ['✅', '🔎']",,2026-07-07T21:51:54
한국전력공사,00159193,015760,KOSPI,연간x연결,재무제표,CV-3,PASS,rows=29 cols=21 slider_extended=True,,2026-07-07T21:51:54
한국전력공사,00159193,015760,KOSPI,연간x연결,재무제표,DS-2/DS-3,DONE,"cross-check completed for ['매출액', '영업이익']",,2026-07-07T21:51:54
한국전력공사,00159193,015760,KOSPI,연간x연결,지표,CV-6,PASS,default metric selection visible,,2026-07-07T21:51:54
한국전력공사,00159193,015760,KOSPI,연간x별도,재무제표,DS-1,PASS,,,2026-07-07T21:51:59
한국전력공사,00159193,015760,KOSPI,연간x별도,상단,DS-8,PASS,,,2026-07-07T21:51:59
한국전력공사,00159193,015760,KOSPI,연간x별도,상단,DS-7,PASS,"badges seen: ['✅', '🔎', '⚠']",,2026-07-07T21:51:59
한국전력공사,00159193,015760,KOSPI,연간x별도,재무제표,CV-3,PASS,rows=29 cols=27 slider_extended=True,,2026-07-07T21:51:59
한국전력공사,00159193,015760,KOSPI,연간x별도,재무제표,DS-2/DS-3,DONE,"cross-check completed for ['매출액', '영업이익']",,2026-07-07T21:51:59
한국전력공사,00159193,015760,KOSPI,연간x별도,지표,CV-6,PASS,default metric selection visible,,2026-07-07T21:51:59
한국전력공사,00159193,015760,KOSPI,분기x연결,재무제표,DS-1,PASS,,,2026-07-07T21:52:06
한국전력공사,00159193,015760,KOSPI,분기x연결,상단,DS-8,PASS,,,2026-07-07T21:52:06
한국전력공사,00159193,015760,KOSPI,분기x연결,상단,DS-7,PASS,"badges seen: ['✅', '🔎']",,2026-07-07T21:52:06
한국전력공사,00159193,015760,KOSPI,분기x연결,재무제표,CV-3,PASS,rows=29 cols=73 slider_extended=True,,2026-07-07T21:52:06
한국전력공사,00159193,015760,KOSPI,분기x연결,재무제표,DS-2/DS-3,DONE,"cross-check completed for ['매출액', '영업이익']",,2026-07-07T21:52:06
한국전력공사,00159193,015760,KOSPI,분기x연결,지표,CV-6,PASS,default metric selection visible,,2026-07-07T21:52:06
한국전력공사,00159193,015760,KOSPI,분기x별도,재무제표,DS-1,PASS,,,2026-07-07T21:52:13
한국전력공사,00159193,015760,KOSPI,분기x별도,상단,DS-8,PASS,,,2026-07-07T21:52:13
한국전력공사,00159193,015760,KOSPI,분기x별도,상단,DS-7,PASS,"badges seen: ['✅', '🔎']",,2026-07-07T21:52:13
한국전력공사,00159193,015760,KOSPI,분기x별도,재무제표,CV-3,PASS,rows=29 cols=79 slider_extended=True,,2026-07-07T21:52:13
한국전력공사,00159193,015760,KOSPI,분기x별도,재무제표,DS-2/DS-3,DONE,"cross-check completed for ['매출액', '영업이익']",,2026-07-07T21:52:13
한국전력공사,00159193,015760,KOSPI,분기x별도,지표,CV-6,PASS,default metric selection visible,,2026-07-07T21:52:13
한국전자홀딩스,00159254,006200,KOSPI,연간x연결,재무제표,DS-1,PASS,,,2026-07-07T21:52:27
한국전자홀딩스,00159254,006200,KOSPI,연간x연결,상단,DS-8,PASS,,,2026-07-07T21:52:27
한국전자홀딩스,00159254,006200,KOSPI,연간x연결,상단,DS-7,PASS,"badges seen: ['✅', '🔎']",,2026-07-07T21:52:27
한국전자홀딩스,00159254,006200,KOSPI,연간x연결,재무제표,CV-3,PASS,rows=29 cols=22 slider_extended=True,,2026-07-07T21:52:27
한국전자홀딩스,00159254,006200,KOSPI,연간x연결,재무제표,DS-2/DS-3,DONE,"cross-check completed for ['매출액', '영업이익']",,2026-07-07T21:52:27
한국전자홀딩스,00159254,006200,KOSPI,연간x연결,지표,CV-6,PASS,default metric selection visible,,2026-07-07T21:52:27
한국전자홀딩스,00159254,006200,KOSPI,연간x별도,재무제표,DS-1,PASS,,,2026-07-07T21:52:32
한국전자홀딩스,00159254,006200,KOSPI,연간x별도,상단,DS-8,PASS,,,2026-07-07T21:52:32
한국전자홀딩스,00159254,006200,KOSPI,연간x별도,상단,DS-7,PASS,"badges seen: ['✅', '🔎', '⚠']",,2026-07-07T21:52:32
한국전자홀딩스,00159254,006200,KOSPI,연간x별도,재무제표,CV-3,PASS,rows=29 cols=22 slider_extended=True,,2026-07-07T21:52:32
한국전자홀딩스,00159254,006200,KOSPI,연간x별도,재무제표,DS-2/DS-3,DONE,"cross-check completed for ['매출액', '영업이익']",,2026-07-07T21:52:32
한국전자홀딩스,00159254,006200,KOSPI,연간x별도,지표,CV-6,PASS,default metric selection visible,,2026-07-07T21:52:32
한국전자홀딩스,00159254,006200,KOSPI,분기x연결,재무제표,DS-1,PASS,,,2026-07-07T21:52:38
한국전자홀딩스,00159254,006200,KOSPI,분기x연결,상단,DS-8,PASS,,,2026-07-07T21:52:38
한국전자홀딩스,00159254,006200,KOSPI,분기x연결,상단,DS-7,PASS,"badges seen: ['✅', '🔎']",,2026-07-07T21:52:38
한국전자홀딩스,00159254,006200,KOSPI,분기x연결,재무제표,CV-3,PASS,rows=29 cols=66 slider_extended=True,,2026-07-07T21:52:38
한국전자홀딩스,00159254,006200,KOSPI,분기x연결,재무제표,DS-2/DS-3,DONE,"cross-check completed for ['매출액', '영업이익']",,2026-07-07T21:52:38
한국전자홀딩스,00159254,006200,KOSPI,분기x연결,지표,CV-6,PASS,default metric selection visible,,2026-07-07T21:52:38
한국전자홀딩스,00159254,006200,KOSPI,분기x별도,재무제표,DS-1,PASS,,,2026-07-07T21:52:46
한국전자홀딩스,00159254,006200,KOSPI,분기x별도,상단,DS-8,PASS,,,2026-07-07T21:52:46
한국전자홀딩스,00159254,006200,KOSPI,분기x별도,상단,DS-7,PASS,"badges seen: ['✅', '🔎', '⚠']",,2026-07-07T21:52:46
한국전자홀딩스,00159254,006200,KOSPI,분기x별도,재무제표,CV-3,PASS,rows=29 cols=78 slider_extended=True,,2026-07-07T21:52:46
한국전자홀딩스,00159254,006200,KOSPI,분기x별도,재무제표,DS-2/DS-3,DONE,"cross-check completed for ['매출액', '영업이익']",,2026-07-07T21:52:46
한국전자홀딩스,00159254,006200,KOSPI,분기x별도,지표,CV-6,PASS,default metric selection visible,,2026-07-07T21:52:46
한국제지,00133706,027970,KOSPI,연간x연결,재무제표,DS-1,PASS,,,2026-07-07T21:52:59
한국제지,00133706,027970,KOSPI,연간x연결,상단,DS-8,PASS,,,2026-07-07T21:52:59
한국제지,00133706,027970,KOSPI,연간x연결,상단,DS-7,PASS,"badges seen: ['✅', '🔎']",,2026-07-07T21:52:59
한국제지,00133706,027970,KOSPI,연간x연결,재무제표,CV-3,PASS,rows=29 cols=7 slider_extended=True,,2026-07-07T21:52:59
한국제지,00133706,027970,KOSPI,연간x연결,재무제표,DS-2/DS-3,DONE,"cross-check completed for ['매출액', '영업이익']",,2026-07-07T21:52:59
한국제지,00133706,027970,KOSPI,연간x연결,지표,CV-6,PASS,default metric selection visible,,2026-07-07T21:52:59
한국제지,00133706,027970,KOSPI,연간x별도,재무제표,DS-1,PASS,,,2026-07-07T21:53:05
한국제지,00133706,027970,KOSPI,연간x별도,상단,DS-8,PASS,,,2026-07-07T21:53:05
한국제지,00133706,027970,KOSPI,연간x별도,상단,DS-7,PASS,"badges seen: ['✅', '🔎', '⚠']",,2026-07-07T21:53:05
한국제지,00133706,027970,KOSPI,연간x별도,재무제표,CV-3,PASS,rows=29 cols=21 slider_extended=True,,2026-07-07T21:53:05
한국제지,00133706,027970,KOSPI,연간x별도,재무제표,DS-2/DS-3,DONE,"cross-check completed for ['매출액', '영업이익']",,2026-07-07T21:53:05
한국제지,00133706,027970,KOSPI,연간x별도,지표,CV-6,PASS,default metric selection visible,,2026-07-07T21:53:05
한국제지,00133706,027970,KOSPI,분기x연결,재무제표,DS-1,PASS,,,2026-07-07T21:53:11
한국제지,00133706,027970,KOSPI,분기x연결,상단,DS-8,PASS,,,2026-07-07T21:53:11
한국제지,00133706,027970,KOSPI,분기x연결,상단,DS-7,PASS,"badges seen: ['✅', '🔎']",,2026-07-07T21:53:11
한국제지,00133706,027970,KOSPI,분기x연결,재무제표,CV-3,PASS,rows=29 cols=17 slider_extended=True,,2026-07-07T21:53:11
한국제지,00133706,027970,KOSPI,분기x연결,재무제표,DS-2/DS-3,DONE,"cross-check completed for ['매출액', '영업이익']",,2026-07-07T21:53:11
한국제지,00133706,027970,KOSPI,분기x연결,지표,CV-6,PASS,default metric selection visible,,2026-07-07T21:53:11
한국제지,00133706,027970,KOSPI,분기x별도,재무제표,DS-1,PASS,,,2026-07-07T21:53:18
한국제지,00133706,027970,KOSPI,분기x별도,상단,DS-8,PASS,,,2026-07-07T21:53:18
한국제지,00133706,027970,KOSPI,분기x별도,상단,DS-7,PASS,"badges seen: ['✅', '🔎']",,2026-07-07T21:53:18
한국제지,00133706,027970,KOSPI,분기x별도,재무제표,CV-3,PASS,rows=29 cols=76 slider_extended=True,,2026-07-07T21:53:18
한국제지,00133706,027970,KOSPI,분기x별도,재무제표,DS-2/DS-3,DONE,"cross-check completed for ['매출액', '영업이익']",,2026-07-07T21:53:18
한국제지,00133706,027970,KOSPI,분기x별도,지표,CV-6,PASS,default metric selection visible,,2026-07-07T21:53:18
한국종합기술,00159500,023350,KOSPI,연간x연결,재무제표,DS-1,PASS,,,2026-07-07T21:53:31
한국종합기술,00159500,023350,KOSPI,연간x연결,상단,DS-8,PASS,,,2026-07-07T21:53:31
한국종합기술,00159500,023350,KOSPI,연간x연결,상단,DS-7,PASS,"badges seen: ['✅', '🔎', '⚠']",,2026-07-07T21:53:31
한국종합기술,00159500,023350,KOSPI,연간x연결,재무제표,CV-3,PASS,rows=29 cols=5 slider_extended=True,,2026-07-07T21:53:31
한국종합기술,00159500,023350,KOSPI,연간x연결,재무제표,DS-2/DS-3,DONE,"cross-check completed for ['매출액', '영업이익']",,2026-07-07T21:53:31
한국종합기술,00159500,023350,KOSPI,연간x연결,지표,CV-6,PASS,default metric selection visible,,2026-07-07T21:53:31
한국종합기술,00159500,023350,KOSPI,연간x별도,재무제표,DS-1,PASS,,,2026-07-07T21:53:36
한국종합기술,00159500,023350,KOSPI,연간x별도,상단,DS-8,PASS,,,2026-07-07T21:53:36
한국종합기술,00159500,023350,KOSPI,연간x별도,상단,DS-7,PASS,"badges seen: ['✅', '🔎', '⚠']",,2026-07-07T21:53:36
한국종합기술,00159500,023350,KOSPI,연간x별도,재무제표,CV-3,PASS,rows=29 cols=19 slider_extended=True,,2026-07-07T21:53:36
한국종합기술,00159500,023350,KOSPI,연간x별도,재무제표,DS-2/DS-3,DONE,"cross-check completed for ['매출액', '영업이익']",,2026-07-07T21:53:36
한국종합기술,00159500,023350,KOSPI,연간x별도,지표,CV-6,PASS,default metric selection visible,,2026-07-07T21:53:36
한국종합기술,00159500,023350,KOSPI,분기x연결,재무제표,DS-1,PASS,,,2026-07-07T21:53:42
한국종합기술,00159500,023350,KOSPI,분기x연결,상단,DS-8,PASS,,,2026-07-07T21:53:42
한국종합기술,00159500,023350,KOSPI,분기x연결,상단,DS-7,PASS,"badges seen: ['✅', '🔎', '⚠']",,2026-07-07T21:53:42
한국종합기술,00159500,023350,KOSPI,분기x연결,재무제표,CV-3,PASS,rows=29 cols=13 slider_extended=True,,2026-07-07T21:53:42
한국종합기술,00159500,023350,KOSPI,분기x연결,재무제표,DS-2/DS-3,DONE,"cross-check completed for ['매출액', '영업이익']",,2026-07-07T21:53:42
한국종합기술,00159500,023350,KOSPI,분기x연결,지표,CV-6,PASS,default metric selection visible,,2026-07-07T21:53:42
한국종합기술,00159500,023350,KOSPI,분기x별도,재무제표,DS-1,PASS,,,2026-07-07T21:53:49
한국종합기술,00159500,023350,KOSPI,분기x별도,상단,DS-8,PASS,,,2026-07-07T21:53:49
한국종합기술,00159500,023350,KOSPI,분기x별도,상단,DS-7,PASS,"badges seen: ['✅', '🔎', '⚠']",,2026-07-07T21:53:49
한국종합기술,00159500,023350,KOSPI,분기x별도,재무제표,CV-3,PASS,rows=29 cols=63 slider_extended=True,,2026-07-07T21:53:49
한국종합기술,00159500,023350,KOSPI,분기x별도,재무제표,DS-2/DS-3,DONE,"cross-check completed for ['매출액', '영업이익']",,2026-07-07T21:53:49
한국종합기술,00159500,023350,KOSPI,분기x별도,지표,CV-6,PASS,default metric selection visible,,2026-07-07T21:53:49
한국주강,00159564,025890,KOSPI,연간x연결,재무제표,DS-1,PASS,,,2026-07-07T21:54:03
한국주강,00159564,025890,KOSPI,연간x연결,상단,DS-8,PASS,,,2026-07-07T21:54:03
한국주강,00159564,025890,KOSPI,연간x연결,상단,DS-4,PASS,substitution caption present,,2026-07-07T21:54:03
한국주강,00159564,025890,KOSPI,연간x연결,상단,DS-7,PASS,"badges seen: ['✅', '🔎']",,2026-07-07T21:54:03
한국주강,00159564,025890,KOSPI,연간x연결,재무제표,CV-3,PASS,rows=29 cols=31 slider_extended=True,,2026-07-07T21:54:03
한국주강,00159564,025890,KOSPI,연간x연결,재무제표,DS-2/DS-3,DONE,"cross-check completed for ['매출액', '영업이익']",,2026-07-07T21:54:03
한국주강,00159564,025890,KOSPI,연간x연결,지표,CV-6,PASS,default metric selection visible,,2026-07-07T21:54:03
한국주강,00159564,025890,KOSPI,연간x별도,재무제표,DS-1,PASS,,,2026-07-07T21:54:08
한국주강,00159564,025890,KOSPI,연간x별도,상단,DS-8,PASS,,,2026-07-07T21:54:08
한국주강,00159564,025890,KOSPI,연간x별도,상단,DS-7,PASS,"badges seen: ['✅', '🔎']",,2026-07-07T21:54:08
한국주강,00159564,025890,KOSPI,연간x별도,재무제표,CV-3,PASS,rows=29 cols=31 slider_extended=True,,2026-07-07T21:54:08
한국주강,00159564,025890,KOSPI,연간x별도,재무제표,DS-2/DS-3,DONE,"cross-check completed for ['매출액', '영업이익']",,2026-07-07T21:54:08
한국주강,00159564,025890,KOSPI,연간x별도,지표,CV-6,PASS,default metric selection visible,,2026-07-07T21:54:08
한국주강,00159564,025890,KOSPI,분기x연결,재무제표,DS-1,PASS,,,2026-07-07T21:54:15
한국주강,00159564,025890,KOSPI,분기x연결,상단,DS-8,PASS,,,2026-07-07T21:54:15
한국주강,00159564,025890,KOSPI,분기x연결,상단,DS-4,PASS,substitution caption present,,2026-07-07T21:54:15
한국주강,00159564,025890,KOSPI,분기x연결,상단,DS-7,PASS,"badges seen: ['✅', '🔎']",,2026-07-07T21:54:15
한국주강,00159564,025890,KOSPI,분기x연결,재무제표,CV-3,PASS,rows=29 cols=90 slider_extended=True,,2026-07-07T21:54:15
한국주강,00159564,025890,KOSPI,분기x연결,재무제표,DS-2/DS-3,DONE,"cross-check completed for ['매출액', '영업이익']",,2026-07-07T21:54:15
한국주강,00159564,025890,KOSPI,분기x연결,지표,CV-6,PASS,default metric selection visible,,2026-07-07T21:54:15
한국주강,00159564,025890,KOSPI,분기x별도,재무제표,DS-1,PASS,,,2026-07-07T21:54:22
한국주강,00159564,025890,KOSPI,분기x별도,상단,DS-8,PASS,,,2026-07-07T21:54:22
한국주강,00159564,025890,KOSPI,분기x별도,상단,DS-7,PASS,"badges seen: ['✅', '🔎']",,2026-07-07T21:54:22
한국주강,00159564,025890,KOSPI,분기x별도,재무제표,CV-3,PASS,rows=29 cols=90 slider_extended=True,,2026-07-07T21:54:22
한국주강,00159564,025890,KOSPI,분기x별도,재무제표,DS-2/DS-3,DONE,"cross-check completed for ['매출액', '영업이익']",,2026-07-07T21:54:22
한국주강,00159564,025890,KOSPI,분기x별도,지표,CV-6,PASS,default metric selection visible,,2026-07-07T21:54:22
한국주철관공업,00159573,000970,KOSPI,연간x연결,재무제표,DS-1,PASS,,,2026-07-07T21:54:34
한국주철관공업,00159573,000970,KOSPI,연간x연결,상단,DS-8,FAIL,"header missing ['한국주철관공업', '000970', 'KOSPI'] — header='기업 시각화'",,2026-07-07T21:54:34
한국주철관공업,00159573,000970,KOSPI,연간x연결,상단,DS-7,PASS,"badges seen: ['✅', '🔎']",,2026-07-07T21:54:34
한국주철관공업,00159573,000970,KOSPI,연간x연결,재무제표,CV-3,PASS,rows=29 cols=18 slider_extended=True,,2026-07-07T21:54:34
한국주철관공업,00159573,000970,KOSPI,연간x연결,재무제표,DS-2/DS-3,DONE,"cross-check completed for ['매출액', '영업이익']",,2026-07-07T21:54:34
한국주철관공업,00159573,000970,KOSPI,연간x연결,지표,CV-6,PASS,default metric selection visible,,2026-07-07T21:54:34
한국주철관공업,00159573,000970,KOSPI,연간x별도,재무제표,DS-1,PASS,,,2026-07-07T21:54:40
한국주철관공업,00159573,000970,KOSPI,연간x별도,상단,DS-8,PASS,,,2026-07-07T21:54:40
한국주철관공업,00159573,000970,KOSPI,연간x별도,상단,DS-7,PASS,"badges seen: ['✅', '🔎', '⚠']",,2026-07-07T21:54:40
한국주철관공업,00159573,000970,KOSPI,연간x별도,재무제표,CV-3,PASS,rows=29 cols=22 slider_extended=True,,2026-07-07T21:54:40
한국주철관공업,00159573,000970,KOSPI,연간x별도,재무제표,DS-2/DS-3,DONE,"cross-check completed for ['매출액', '영업이익']",,2026-07-07T21:54:40
한국주철관공업,00159573,000970,KOSPI,연간x별도,지표,CV-6,PASS,default metric selection visible,,2026-07-07T21:54:40
한국주철관공업,00159573,000970,KOSPI,분기x연결,재무제표,DS-1,PASS,,,2026-07-07T21:54:46
한국주철관공업,00159573,000970,KOSPI,분기x연결,상단,DS-8,PASS,,,2026-07-07T21:54:46
한국주철관공업,00159573,000970,KOSPI,분기x연결,상단,DS-7,PASS,"badges seen: ['✅', '🔎']",,2026-07-07T21:54:46
한국주철관공업,00159573,000970,KOSPI,분기x연결,재무제표,CV-3,PASS,rows=29 cols=55 slider_extended=True,,2026-07-07T21:54:46
한국주철관공업,00159573,000970,KOSPI,분기x연결,재무제표,DS-2/DS-3,DONE,"cross-check completed for ['매출액', '영업이익']",,2026-07-07T21:54:46
한국주철관공업,00159573,000970,KOSPI,분기x연결,지표,CV-6,PASS,default metric selection visible,,2026-07-07T21:54:46
한국주철관공업,00159573,000970,KOSPI,분기x별도,재무제표,DS-1,PASS,,,2026-07-07T21:54:53
한국주철관공업,00159573,000970,KOSPI,분기x별도,상단,DS-8,PASS,,,2026-07-07T21:54:53
한국주철관공업,00159573,000970,KOSPI,분기x별도,상단,DS-7,PASS,"badges seen: ['✅', '🔎', '⚠']",,2026-07-07T21:54:53
한국주철관공업,00159573,000970,KOSPI,분기x별도,재무제표,CV-3,PASS,rows=29 cols=73 slider_extended=True,,2026-07-07T21:54:53
한국주철관공업,00159573,000970,KOSPI,분기x별도,재무제표,DS-2/DS-3,DONE,"cross-check completed for ['매출액', '영업이익']",,2026-07-07T21:54:53
한국주철관공업,00159573,000970,KOSPI,분기x별도,지표,CV-6,PASS,default metric selection visible,,2026-07-07T21:54:53
한국철강,00687711,104700,KOSPI,연간x연결,재무제표,DS-1,PASS,,,2026-07-07T21:55:07
한국철강,00687711,104700,KOSPI,연간x연결,상단,DS-8,PASS,,,2026-07-07T21:55:07
한국철강,00687711,104700,KOSPI,연간x연결,상단,DS-4,PASS,substitution caption present,,2026-07-07T21:55:07
한국철강,00687711,104700,KOSPI,연간x연결,상단,DS-7,PASS,"badges seen: ['✅', '🔎']",,2026-07-07T21:55:07
한국철강,00687711,104700,KOSPI,연간x연결,재무제표,CV-3,PASS,rows=29 cols=22 slider_extended=True,,2026-07-07T21:55:07
한국철강,00687711,104700,KOSPI,연간x연결,재무제표,DS-2/DS-3,DONE,"cross-check completed for ['매출액', '영업이익']",,2026-07-07T21:55:07
한국철강,00687711,104700,KOSPI,연간x연결,지표,CV-6,PASS,default metric selection visible,,2026-07-07T21:55:07
한국철강,00687711,104700,KOSPI,연간x별도,재무제표,DS-1,PASS,,,2026-07-07T21:55:12
한국철강,00687711,104700,KOSPI,연간x별도,상단,DS-8,PASS,,,2026-07-07T21:55:12
한국철강,00687711,104700,KOSPI,연간x별도,상단,DS-7,PASS,"badges seen: ['✅', '🔎']",,2026-07-07T21:55:12
한국철강,00687711,104700,KOSPI,연간x별도,재무제표,CV-3,PASS,rows=29 cols=22 slider_extended=True,,2026-07-07T21:55:12
한국철강,00687711,104700,KOSPI,연간x별도,재무제표,DS-2/DS-3,DONE,"cross-check completed for ['매출액', '영업이익']",,2026-07-07T21:55:12
한국철강,00687711,104700,KOSPI,연간x별도,지표,CV-6,PASS,default metric selection visible,,2026-07-07T21:55:12
한국철강,00687711,104700,KOSPI,분기x연결,재무제표,DS-1,PASS,,,2026-07-07T21:55:18
한국철강,00687711,104700,KOSPI,분기x연결,상단,DS-8,PASS,,,2026-07-07T21:55:18
한국철강,00687711,104700,KOSPI,분기x연결,상단,DS-4,PASS,substitution caption present,,2026-07-07T21:55:18
한국철강,00687711,104700,KOSPI,분기x연결,상단,DS-7,PASS,"badges seen: ['✅', '🔎']",,2026-07-07T21:55:18
한국철강,00687711,104700,KOSPI,분기x연결,재무제표,CV-3,PASS,rows=29 cols=70 slider_extended=True,,2026-07-07T21:55:18
한국철강,00687711,104700,KOSPI,분기x연결,재무제표,DS-2/DS-3,DONE,"cross-check completed for ['매출액', '영업이익']",,2026-07-07T21:55:18
한국철강,00687711,104700,KOSPI,분기x연결,지표,CV-6,PASS,default metric selection visible,,2026-07-07T21:55:18
한국철강,00687711,104700,KOSPI,분기x별도,재무제표,DS-1,PASS,,,2026-07-07T21:55:26
한국철강,00687711,104700,KOSPI,분기x별도,상단,DS-8,PASS,,,2026-07-07T21:55:26
한국철강,00687711,104700,KOSPI,분기x별도,상단,DS-7,PASS,"badges seen: ['✅', '🔎']",,2026-07-07T21:55:26
한국철강,00687711,104700,KOSPI,분기x별도,재무제표,CV-3,PASS,rows=29 cols=70 slider_extended=True,,2026-07-07T21:55:26
한국철강,00687711,104700,KOSPI,분기x별도,재무제표,DS-2/DS-3,DONE,"cross-check completed for ['매출액', '영업이익']",,2026-07-07T21:55:26
한국철강,00687711,104700,KOSPI,분기x별도,지표,CV-6,PASS,default metric selection visible,,2026-07-07T21:55:26
한국카본,00159795,017960,KOSPI,연간x연결,재무제표,DS-1,PASS,,,2026-07-07T21:55:38
한국카본,00159795,017960,KOSPI,연간x연결,상단,DS-8,PASS,,,2026-07-07T21:55:38
한국카본,00159795,017960,KOSPI,연간x연결,상단,DS-7,PASS,"badges seen: ['✅', '🔎', '⚠']",,2026-07-07T21:55:38
한국카본,00159795,017960,KOSPI,연간x연결,재무제표,CV-3,PASS,rows=29 cols=19 slider_extended=True,,2026-07-07T21:55:38
한국카본,00159795,017960,KOSPI,연간x연결,재무제표,DS-2/DS-3,DONE,"cross-check completed for ['매출액', '영업이익']",,2026-07-07T21:55:38
한국카본,00159795,017960,KOSPI,연간x연결,지표,CV-6,PASS,default metric selection visible,,2026-07-07T21:55:38
한국카본,00159795,017960,KOSPI,연간x별도,재무제표,DS-1,PASS,,,2026-07-07T21:55:43
한국카본,00159795,017960,KOSPI,연간x별도,상단,DS-8,PASS,,,2026-07-07T21:55:43
한국카본,00159795,017960,KOSPI,연간x별도,상단,DS-7,PASS,"badges seen: ['✅', '🔎', '⚠']",,2026-07-07T21:55:43
한국카본,00159795,017960,KOSPI,연간x별도,재무제표,CV-3,PASS,rows=29 cols=23 slider_extended=True,,2026-07-07T21:55:43
한국카본,00159795,017960,KOSPI,연간x별도,재무제표,DS-2/DS-3,DONE,"cross-check completed for ['매출액', '영업이익']",,2026-07-07T21:55:43
한국카본,00159795,017960,KOSPI,연간x별도,지표,CV-6,PASS,default metric selection visible,,2026-07-07T21:55:43
한국카본,00159795,017960,KOSPI,분기x연결,재무제표,DS-1,PASS,,,2026-07-07T21:55:49
한국카본,00159795,017960,KOSPI,분기x연결,상단,DS-8,PASS,,,2026-07-07T21:55:49
한국카본,00159795,017960,KOSPI,분기x연결,상단,DS-7,PASS,"badges seen: ['✅', '🔎', '⚠']",,2026-07-07T21:55:49
한국카본,00159795,017960,KOSPI,분기x연결,재무제표,CV-3,PASS,rows=29 cols=60 slider_extended=True,,2026-07-07T21:55:49
한국카본,00159795,017960,KOSPI,분기x연결,재무제표,DS-2/DS-3,DONE,"cross-check completed for ['매출액', '영업이익']",,2026-07-07T21:55:49
한국카본,00159795,017960,KOSPI,분기x연결,지표,CV-6,PASS,default metric selection visible,,2026-07-07T21:55:49
한국카본,00159795,017960,KOSPI,분기x별도,재무제표,DS-1,PASS,,,2026-07-07T21:55:57
한국카본,00159795,017960,KOSPI,분기x별도,상단,DS-8,PASS,,,2026-07-07T21:55:57
한국카본,00159795,017960,KOSPI,분기x별도,상단,DS-7,PASS,"badges seen: ['✅', '🔎', '⚠']",,2026-07-07T21:55:57
한국카본,00159795,017960,KOSPI,분기x별도,재무제표,CV-3,PASS,rows=29 cols=77 slider_extended=True,,2026-07-07T21:55:57
한국카본,00159795,017960,KOSPI,분기x별도,재무제표,DS-2/DS-3,DONE,"cross-check completed for ['매출액', '영업이익']",,2026-07-07T21:55:57
한국카본,00159795,017960,KOSPI,분기x별도,지표,CV-6,PASS,default metric selection visible,,2026-07-07T21:55:57
한국콜마,00939331,161890,KOSPI,연간x연결,재무제표,DS-1,PASS,,,2026-07-07T21:56:10
한국콜마,00939331,161890,KOSPI,연간x연결,상단,DS-8,PASS,,,2026-07-07T21:56:10
한국콜마,00939331,161890,KOSPI,연간x연결,상단,DS-7,PASS,"badges seen: ['✅', '🔎', '⚠']",,2026-07-07T21:56:10
한국콜마,00939331,161890,KOSPI,연간x연결,재무제표,CV-3,PASS,rows=29 cols=15 slider_extended=True,,2026-07-07T21:56:10
한국콜마,00939331,161890,KOSPI,연간x연결,재무제표,DS-2/DS-3,DONE,"cross-check completed for ['매출액', '영업이익']",,2026-07-07T21:56:10
한국콜마,00939331,161890,KOSPI,연간x연결,지표,CV-6,PASS,default metric selection visible,,2026-07-07T21:56:10
한국콜마,00939331,161890,KOSPI,연간x별도,재무제표,DS-1,PASS,,,2026-07-07T21:56:15
한국콜마,00939331,161890,KOSPI,연간x별도,상단,DS-8,PASS,,,2026-07-07T21:56:15
한국콜마,00939331,161890,KOSPI,연간x별도,상단,DS-7,PASS,"badges seen: ['✅', '🔎', '⚠']",,2026-07-07T21:56:15
한국콜마,00939331,161890,KOSPI,연간x별도,재무제표,CV-3,PASS,rows=29 cols=15 slider_extended=True,,2026-07-07T21:56:15
한국콜마,00939331,161890,KOSPI,연간x별도,재무제표,DS-2/DS-3,DONE,"cross-check completed for ['매출액', '영업이익']",,2026-07-07T21:56:15
한국콜마,00939331,161890,KOSPI,연간x별도,지표,CV-6,PASS,default metric selection visible,,2026-07-07T21:56:15
한국콜마,00939331,161890,KOSPI,분기x연결,재무제표,DS-1,PASS,,,2026-07-07T21:56:21
한국콜마,00939331,161890,KOSPI,분기x연결,상단,DS-8,PASS,,,2026-07-07T21:56:21
한국콜마,00939331,161890,KOSPI,분기x연결,상단,DS-7,PASS,"badges seen: ['✅', '🔎']",,2026-07-07T21:56:21
한국콜마,00939331,161890,KOSPI,분기x연결,재무제표,CV-3,PASS,rows=29 cols=54 slider_extended=True,,2026-07-07T21:56:21
한국콜마,00939331,161890,KOSPI,분기x연결,재무제표,DS-2/DS-3,DONE,"cross-check completed for ['매출액', '영업이익']",,2026-07-07T21:56:21
한국콜마,00939331,161890,KOSPI,분기x연결,지표,CV-6,PASS,default metric selection visible,,2026-07-07T21:56:21
한국콜마,00939331,161890,KOSPI,분기x별도,재무제표,DS-1,PASS,,,2026-07-07T21:56:29
한국콜마,00939331,161890,KOSPI,분기x별도,상단,DS-8,PASS,,,2026-07-07T21:56:29
한국콜마,00939331,161890,KOSPI,분기x별도,상단,DS-7,PASS,"badges seen: ['✅', '🔎']",,2026-07-07T21:56:29
한국콜마,00939331,161890,KOSPI,분기x별도,재무제표,CV-3,PASS,rows=29 cols=53 slider_extended=True,,2026-07-07T21:56:29
한국콜마,00939331,161890,KOSPI,분기x별도,재무제표,DS-2/DS-3,DONE,"cross-check completed for ['매출액', '영업이익']",,2026-07-07T21:56:29
한국콜마,00939331,161890,KOSPI,분기x별도,지표,CV-6,PASS,default metric selection visible,,2026-07-07T21:56:29
한국타이어앤테크놀로지,00937324,161390,KOSPI,연간x연결,재무제표,DS-1,PASS,,,2026-07-07T21:56:41
한국타이어앤테크놀로지,00937324,161390,KOSPI,연간x연결,상단,DS-8,PASS,,,2026-07-07T21:56:41
한국타이어앤테크놀로지,00937324,161390,KOSPI,연간x연결,상단,DS-7,PASS,"badges seen: ['✅', '🔎']",,2026-07-07T21:56:41
한국타이어앤테크놀로지,00937324,161390,KOSPI,연간x연결,재무제표,CV-3,PASS,rows=29 cols=16 slider_extended=True,,2026-07-07T21:56:41
한국타이어앤테크놀로지,00937324,161390,KOSPI,연간x연결,재무제표,DS-2/DS-3,DONE,"cross-check completed for ['매출액', '영업이익']",,2026-07-07T21:56:41
한국타이어앤테크놀로지,00937324,161390,KOSPI,연간x연결,지표,CV-6,PASS,default metric selection visible,,2026-07-07T21:56:41
한국타이어앤테크놀로지,00937324,161390,KOSPI,연간x별도,재무제표,DS-1,PASS,,,2026-07-07T21:56:46
한국타이어앤테크놀로지,00937324,161390,KOSPI,연간x별도,상단,DS-8,PASS,,,2026-07-07T21:56:46
한국타이어앤테크놀로지,00937324,161390,KOSPI,연간x별도,상단,DS-7,PASS,"badges seen: ['✅', '🔎', '⚠']",,2026-07-07T21:56:46
한국타이어앤테크놀로지,00937324,161390,KOSPI,연간x별도,재무제표,CV-3,PASS,rows=29 cols=16 slider_extended=True,,2026-07-07T21:56:46
한국타이어앤테크놀로지,00937324,161390,KOSPI,연간x별도,재무제표,DS-2/DS-3,DONE,"cross-check completed for ['매출액', '영업이익']",,2026-07-07T21:56:46
한국타이어앤테크놀로지,00937324,161390,KOSPI,연간x별도,지표,CV-6,PASS,default metric selection visible,,2026-07-07T21:56:46
한국타이어앤테크놀로지,00937324,161390,KOSPI,분기x연결,재무제표,DS-1,PASS,,,2026-07-07T21:56:52
한국타이어앤테크놀로지,00937324,161390,KOSPI,분기x연결,상단,DS-8,PASS,,,2026-07-07T21:56:52
한국타이어앤테크놀로지,00937324,161390,KOSPI,분기x연결,상단,DS-7,PASS,"badges seen: ['✅', '🔎']",,2026-07-07T21:56:52
한국타이어앤테크놀로지,00937324,161390,KOSPI,분기x연결,재무제표,CV-3,PASS,rows=29 cols=57 slider_extended=True,,2026-07-07T21:56:52
한국타이어앤테크놀로지,00937324,161390,KOSPI,분기x연결,재무제표,DS-2/DS-3,DONE,"cross-check completed for ['매출액', '영업이익']",,2026-07-07T21:56:52
한국타이어앤테크놀로지,00937324,161390,KOSPI,분기x연결,지표,CV-6,PASS,default metric selection visible,,2026-07-07T21:56:52
한국타이어앤테크놀로지,00937324,161390,KOSPI,분기x별도,재무제표,DS-1,PASS,,,2026-07-07T21:56:59
한국타이어앤테크놀로지,00937324,161390,KOSPI,분기x별도,상단,DS-8,PASS,,,2026-07-07T21:56:59
한국타이어앤테크놀로지,00937324,161390,KOSPI,분기x별도,상단,DS-7,PASS,"badges seen: ['✅', '🔎']",,2026-07-07T21:56:59
한국타이어앤테크놀로지,00937324,161390,KOSPI,분기x별도,재무제표,CV-3,PASS,rows=29 cols=57 slider_extended=True,,2026-07-07T21:56:59
한국타이어앤테크놀로지,00937324,161390,KOSPI,분기x별도,재무제표,DS-2/DS-3,DONE,"cross-check completed for ['매출액', '영업이익']",,2026-07-07T21:56:59
한국타이어앤테크놀로지,00937324,161390,KOSPI,분기x별도,지표,CV-6,PASS,default metric selection visible,,2026-07-07T21:56:59
한국토지신탁,00233653,034830,KOSPI,연간x연결,재무제표,DS-1,PASS,,,2026-07-07T21:57:13
한국토지신탁,00233653,034830,KOSPI,연간x연결,상단,DS-8,PASS,,,2026-07-07T21:57:13
한국토지신탁,00233653,034830,KOSPI,연간x연결,상단,DS-7,PASS,"badges seen: ['✅', '🔎', '⚠']",,2026-07-07T21:57:13
한국토지신탁,00233653,034830,KOSPI,연간x연결,재무제표,CV-3,PASS,rows=29 cols=19 slider_extended=True,,2026-07-07T21:57:13
한국토지신탁,00233653,034830,KOSPI,연간x연결,재무제표,DS-2/DS-3,DONE,"cross-check completed for ['매출액', '영업이익']",,2026-07-07T21:57:13
한국토지신탁,00233653,034830,KOSPI,연간x연결,지표,CV-6,PASS,default metric selection visible,,2026-07-07T21:57:13
한국토지신탁,00233653,034830,KOSPI,연간x별도,재무제표,DS-1,PASS,,,2026-07-07T21:57:18
한국토지신탁,00233653,034830,KOSPI,연간x별도,상단,DS-8,PASS,,,2026-07-07T21:57:18
한국토지신탁,00233653,034830,KOSPI,연간x별도,상단,DS-7,PASS,"badges seen: ['✅', '🔎', '⚠']",,2026-07-07T21:57:18
한국토지신탁,00233653,034830,KOSPI,연간x별도,재무제표,CV-3,PASS,rows=29 cols=23 slider_extended=True,,2026-07-07T21:57:18
한국토지신탁,00233653,034830,KOSPI,연간x별도,재무제표,DS-2/DS-3,DONE,"cross-check completed for ['매출액', '영업이익']",,2026-07-07T21:57:18
한국토지신탁,00233653,034830,KOSPI,연간x별도,지표,CV-6,PASS,default metric selection visible,,2026-07-07T21:57:18
한국토지신탁,00233653,034830,KOSPI,분기x연결,재무제표,DS-1,PASS,,,2026-07-07T21:57:24
한국토지신탁,00233653,034830,KOSPI,분기x연결,상단,DS-8,PASS,,,2026-07-07T21:57:24
한국토지신탁,00233653,034830,KOSPI,분기x연결,상단,DS-7,PASS,"badges seen: ['✅', '🔎']",,2026-07-07T21:57:24
한국토지신탁,00233653,034830,KOSPI,분기x연결,재무제표,CV-3,PASS,rows=29 cols=60 slider_extended=True,,2026-07-07T21:57:24
한국토지신탁,00233653,034830,KOSPI,분기x연결,재무제표,DS-2/DS-3,DONE,"cross-check completed for ['매출액', '영업이익']",,2026-07-07T21:57:24
한국토지신탁,00233653,034830,KOSPI,분기x연결,지표,CV-6,PASS,default metric selection visible,,2026-07-07T21:57:24
한국토지신탁,00233653,034830,KOSPI,분기x별도,재무제표,DS-1,PASS,,,2026-07-07T21:57:32
한국토지신탁,00233653,034830,KOSPI,분기x별도,상단,DS-8,PASS,,,2026-07-07T21:57:32
한국토지신탁,00233653,034830,KOSPI,분기x별도,상단,DS-7,PASS,"badges seen: ['✅', '🔎']",,2026-07-07T21:57:32
한국토지신탁,00233653,034830,KOSPI,분기x별도,재무제표,CV-3,PASS,rows=29 cols=78 slider_extended=True,,2026-07-07T21:57:32
한국토지신탁,00233653,034830,KOSPI,분기x별도,재무제표,DS-2/DS-3,DONE,"cross-check completed for ['매출액', '영업이익']",,2026-07-07T21:57:32
한국토지신탁,00233653,034830,KOSPI,분기x별도,지표,CV-6,PASS,default metric selection visible,,2026-07-07T21:57:32
한국특강,00124090,007280,KOSPI,연간x연결,재무제표,DS-1,PASS,,,2026-07-07T21:57:46
한국특강,00124090,007280,KOSPI,연간x연결,상단,DS-8,PASS,,,2026-07-07T21:57:46
한국특강,00124090,007280,KOSPI,연간x연결,상단,DS-4,PASS,substitution caption present,,2026-07-07T21:57:46
한국특강,00124090,007280,KOSPI,연간x연결,상단,DS-7,PASS,"badges seen: ['✅', '🔎', '⚠']",,2026-07-07T21:57:46
한국특강,00124090,007280,KOSPI,연간x연결,재무제표,CV-3,PASS,rows=29 cols=23 slider_extended=True,,2026-07-07T21:57:46
한국특강,00124090,007280,KOSPI,연간x연결,재무제표,DS-2/DS-3,DONE,"cross-check completed for ['매출액', '영업이익']",,2026-07-07T21:57:46
한국특강,00124090,007280,KOSPI,연간x연결,지표,CV-6,PASS,default metric selection visible,,2026-07-07T21:57:46
한국특강,00124090,007280,KOSPI,연간x별도,재무제표,DS-1,PASS,,,2026-07-07T21:57:51
한국특강,00124090,007280,KOSPI,연간x별도,상단,DS-8,PASS,,,2026-07-07T21:57:51
한국특강,00124090,007280,KOSPI,연간x별도,상단,DS-7,PASS,"badges seen: ['✅', '🔎', '⚠']",,2026-07-07T21:57:51
한국특강,00124090,007280,KOSPI,연간x별도,재무제표,CV-3,PASS,rows=29 cols=23 slider_extended=True,,2026-07-07T21:57:51
한국특강,00124090,007280,KOSPI,연간x별도,재무제표,DS-2/DS-3,DONE,"cross-check completed for ['매출액', '영업이익']",,2026-07-07T21:57:51
한국특강,00124090,007280,KOSPI,연간x별도,지표,CV-6,PASS,default metric selection visible,,2026-07-07T21:57:51
한국특강,00124090,007280,KOSPI,분기x연결,재무제표,DS-1,PASS,,,2026-07-07T21:57:58
한국특강,00124090,007280,KOSPI,분기x연결,상단,DS-8,PASS,,,2026-07-07T21:57:58
한국특강,00124090,007280,KOSPI,분기x연결,상단,DS-4,PASS,substitution caption present,,2026-07-07T21:57:58
한국특강,00124090,007280,KOSPI,분기x연결,상단,DS-7,PASS,"badges seen: ['✅', '🔎', '⚠']",,2026-07-07T21:57:58
한국특강,00124090,007280,KOSPI,분기x연결,재무제표,CV-3,PASS,rows=29 cols=83 slider_extended=True,,2026-07-07T21:57:58
한국특강,00124090,007280,KOSPI,분기x연결,재무제표,DS-2/DS-3,DONE,"cross-check completed for ['매출액', '영업이익']",,2026-07-07T21:57:58
한국특강,00124090,007280,KOSPI,분기x연결,지표,CV-6,PASS,default metric selection visible,,2026-07-07T21:57:58
한국특강,00124090,007280,KOSPI,분기x별도,재무제표,DS-1,PASS,,,2026-07-07T21:58:05
한국특강,00124090,007280,KOSPI,분기x별도,상단,DS-8,PASS,,,2026-07-07T21:58:05
한국특강,00124090,007280,KOSPI,분기x별도,상단,DS-7,PASS,"badges seen: ['✅', '🔎', '⚠']",,2026-07-07T21:58:05
한국특강,00124090,007280,KOSPI,분기x별도,재무제표,CV-3,PASS,rows=29 cols=83 slider_extended=True,,2026-07-07T21:58:05
한국특강,00124090,007280,KOSPI,분기x별도,재무제표,DS-2/DS-3,DONE,"cross-check completed for ['매출액', '영업이익']",,2026-07-07T21:58:05
한국특강,00124090,007280,KOSPI,분기x별도,지표,CV-6,PASS,default metric selection visible,,2026-07-07T21:58:05
한국항공우주,00309503,047810,KOSPI,연간x연결,재무제표,DS-1,PASS,,,2026-07-07T21:58:19
한국항공우주,00309503,047810,KOSPI,연간x연결,상단,DS-8,PASS,,,2026-07-07T21:58:19
한국항공우주,00309503,047810,KOSPI,연간x연결,상단,DS-7,PASS,"badges seen: ['✅', '🔎']",,2026-07-07T21:58:19
한국항공우주,00309503,047810,KOSPI,연간x연결,재무제표,CV-3,PASS,rows=29 cols=19 slider_extended=True,,2026-07-07T21:58:19
한국항공우주,00309503,047810,KOSPI,연간x연결,재무제표,DS-2/DS-3,DONE,"cross-check completed for ['매출액', '영업이익']",,2026-07-07T21:58:19
한국항공우주,00309503,047810,KOSPI,연간x연결,지표,CV-6,PASS,default metric selection visible,,2026-07-07T21:58:19
한국항공우주,00309503,047810,KOSPI,연간x별도,재무제표,DS-1,PASS,,,2026-07-07T21:58:24
한국항공우주,00309503,047810,KOSPI,연간x별도,상단,DS-8,PASS,,,2026-07-07T21:58:24
한국항공우주,00309503,047810,KOSPI,연간x별도,상단,DS-7,PASS,"badges seen: ['✅', '🔎']",,2026-07-07T21:58:24
한국항공우주,00309503,047810,KOSPI,연간x별도,재무제표,CV-3,PASS,rows=29 cols=24 slider_extended=True,,2026-07-07T21:58:24
한국항공우주,00309503,047810,KOSPI,연간x별도,재무제표,DS-2/DS-3,DONE,"cross-check completed for ['매출액', '영업이익']",,2026-07-07T21:58:24
한국항공우주,00309503,047810,KOSPI,연간x별도,지표,CV-6,PASS,default metric selection visible,,2026-07-07T21:58:24
한국항공우주,00309503,047810,KOSPI,분기x연결,재무제표,DS-1,PASS,,,2026-07-07T21:58:30
한국항공우주,00309503,047810,KOSPI,분기x연결,상단,DS-8,PASS,,,2026-07-07T21:58:30
한국항공우주,00309503,047810,KOSPI,분기x연결,상단,DS-7,PASS,"badges seen: ['✅', '🔎']",,2026-07-07T21:58:30
한국항공우주,00309503,047810,KOSPI,분기x연결,재무제표,CV-3,PASS,rows=29 cols=60 slider_extended=True,,2026-07-07T21:58:30
한국항공우주,00309503,047810,KOSPI,분기x연결,재무제표,DS-2/DS-3,DONE,"cross-check completed for ['매출액', '영업이익']",,2026-07-07T21:58:30
한국항공우주,00309503,047810,KOSPI,분기x연결,지표,CV-6,PASS,default metric selection visible,,2026-07-07T21:58:30
한국항공우주,00309503,047810,KOSPI,분기x별도,재무제표,DS-1,PASS,,,2026-07-07T21:58:37
한국항공우주,00309503,047810,KOSPI,분기x별도,상단,DS-8,PASS,,,2026-07-07T21:58:37
한국항공우주,00309503,047810,KOSPI,분기x별도,상단,DS-7,PASS,"badges seen: ['✅', '🔎']",,2026-07-07T21:58:37
한국항공우주,00309503,047810,KOSPI,분기x별도,재무제표,CV-3,PASS,rows=29 cols=76 slider_extended=True,,2026-07-07T21:58:37
한국항공우주,00309503,047810,KOSPI,분기x별도,재무제표,DS-2/DS-3,DONE,"cross-check completed for ['매출액', '영업이익']",,2026-07-07T21:58:37
한국항공우주,00309503,047810,KOSPI,분기x별도,지표,CV-6,PASS,default metric selection visible,,2026-07-07T21:58:37
한국화장품,00823429,123690,KOSPI,연간x연결,재무제표,DS-1,PASS,,,2026-07-07T21:58:48
한국화장품,00823429,123690,KOSPI,연간x연결,상단,DS-8,PASS,,,2026-07-07T21:58:48
한국화장품,00823429,123690,KOSPI,연간x연결,상단,DS-7,PASS,"badges seen: ['✅', '🔎', '⚠']",,2026-07-07T21:58:48
한국화장품,00823429,123690,KOSPI,연간x연결,재무제표,CV-3,PASS,rows=29 cols=18 slider_extended=True,,2026-07-07T21:58:48
한국화장품,00823429,123690,KOSPI,연간x연결,재무제표,DS-2/DS-3,DONE,"cross-check completed for ['매출액', '영업이익']",,2026-07-07T21:58:48
한국화장품,00823429,123690,KOSPI,연간x연결,지표,CV-6,PASS,default metric selection visible,,2026-07-07T21:58:48
한국화장품,00823429,123690,KOSPI,연간x별도,재무제표,DS-1,PASS,,,2026-07-07T21:58:53
한국화장품,00823429,123690,KOSPI,연간x별도,상단,DS-8,PASS,,,2026-07-07T21:58:53
한국화장품,00823429,123690,KOSPI,연간x별도,상단,DS-7,PASS,"badges seen: ['✅', '🔎']",,2026-07-07T21:58:53
한국화장품,00823429,123690,KOSPI,연간x별도,재무제표,CV-3,PASS,rows=29 cols=18 slider_extended=True,,2026-07-07T21:58:53
한국화장품,00823429,123690,KOSPI,연간x별도,재무제표,DS-2/DS-3,DONE,"cross-check completed for ['매출액', '영업이익']",,2026-07-07T21:58:53
한국화장품,00823429,123690,KOSPI,연간x별도,지표,CV-6,PASS,default metric selection visible,,2026-07-07T21:58:53
한국화장품,00823429,123690,KOSPI,분기x연결,재무제표,DS-1,PASS,,,2026-07-07T21:59:00
한국화장품,00823429,123690,KOSPI,분기x연결,상단,DS-8,PASS,,,2026-07-07T21:59:00
한국화장품,00823429,123690,KOSPI,분기x연결,상단,DS-7,PASS,"badges seen: ['✅', '🔎']",,2026-07-07T21:59:00
한국화장품,00823429,123690,KOSPI,분기x연결,재무제표,CV-3,PASS,rows=29 cols=60 slider_extended=True,,2026-07-07T21:59:00
한국화장품,00823429,123690,KOSPI,분기x연결,재무제표,DS-2/DS-3,DONE,"cross-check completed for ['매출액', '영업이익']",,2026-07-07T21:59:00
한국화장품,00823429,123690,KOSPI,분기x연결,지표,CV-6,PASS,default metric selection visible,,2026-07-07T21:59:00
한국화장품,00823429,123690,KOSPI,분기x별도,재무제표,DS-1,PASS,,,2026-07-07T21:59:07
한국화장품,00823429,123690,KOSPI,분기x별도,상단,DS-8,PASS,,,2026-07-07T21:59:07
한국화장품,00823429,123690,KOSPI,분기x별도,상단,DS-7,PASS,"badges seen: ['✅', '🔎']",,2026-07-07T21:59:07
한국화장품,00823429,123690,KOSPI,분기x별도,재무제표,CV-3,PASS,rows=29 cols=63 slider_extended=True,,2026-07-07T21:59:07
한국화장품,00823429,123690,KOSPI,분기x별도,재무제표,DS-2/DS-3,DONE,"cross-check completed for ['매출액', '영업이익']",,2026-07-07T21:59:07
한국화장품,00823429,123690,KOSPI,분기x별도,지표,CV-6,PASS,default metric selection visible,,2026-07-07T21:59:07
한국화장품제조,00160621,003350,KOSPI,연간x연결,재무제표,DS-1,PASS,,,2026-07-07T21:59:20
한국화장품제조,00160621,003350,KOSPI,연간x연결,상단,DS-8,PASS,,,2026-07-07T21:59:20
한국화장품제조,00160621,003350,KOSPI,연간x연결,상단,DS-4,PASS,substitution caption present,,2026-07-07T21:59:20
한국화장품제조,00160621,003350,KOSPI,연간x연결,상단,DS-7,PASS,"badges seen: ['✅', '🔎']",,2026-07-07T21:59:20
한국화장품제조,00160621,003350,KOSPI,연간x연결,재무제표,CV-3,PASS,rows=29 cols=30 slider_extended=True,,2026-07-07T21:59:20
한국화장품제조,00160621,003350,KOSPI,연간x연결,재무제표,DS-2/DS-3,DONE,"cross-check completed for ['매출액', '영업이익']",,2026-07-07T21:59:20
한국화장품제조,00160621,003350,KOSPI,연간x연결,지표,CV-6,PASS,default metric selection visible,,2026-07-07T21:59:20
한국화장품제조,00160621,003350,KOSPI,연간x별도,재무제표,DS-1,PASS,,,2026-07-07T21:59:26
한국화장품제조,00160621,003350,KOSPI,연간x별도,상단,DS-8,PASS,,,2026-07-07T21:59:26
한국화장품제조,00160621,003350,KOSPI,연간x별도,상단,DS-7,PASS,"badges seen: ['✅', '🔎']",,2026-07-07T21:59:26
한국화장품제조,00160621,003350,KOSPI,연간x별도,재무제표,CV-3,PASS,rows=29 cols=30 slider_extended=True,,2026-07-07T21:59:26
한국화장품제조,00160621,003350,KOSPI,연간x별도,재무제표,DS-2/DS-3,DONE,"cross-check completed for ['매출액', '영업이익']",,2026-07-07T21:59:26
한국화장품제조,00160621,003350,KOSPI,연간x별도,지표,CV-6,PASS,default metric selection visible,,2026-07-07T21:59:26
한국화장품제조,00160621,003350,KOSPI,분기x연결,재무제표,DS-1,PASS,,,2026-07-07T21:59:32
한국화장품제조,00160621,003350,KOSPI,분기x연결,상단,DS-8,PASS,,,2026-07-07T21:59:32
한국화장품제조,00160621,003350,KOSPI,분기x연결,상단,DS-7,PASS,"badges seen: ['✅', '🔎']",,2026-07-07T21:59:32
한국화장품제조,00160621,003350,KOSPI,분기x연결,재무제표,CV-3,PASS,rows=29 cols=26 slider_extended=True,,2026-07-07T21:59:32
한국화장품제조,00160621,003350,KOSPI,분기x연결,재무제표,DS-2/DS-3,DONE,"cross-check completed for ['매출액', '영업이익']",,2026-07-07T21:59:32
한국화장품제조,00160621,003350,KOSPI,분기x연결,지표,CV-6,PASS,default metric selection visible,,2026-07-07T21:59:32
한국화장품제조,00160621,003350,KOSPI,분기x별도,재무제표,DS-1,PASS,,,2026-07-07T21:59:39
한국화장품제조,00160621,003350,KOSPI,분기x별도,상단,DS-8,PASS,,,2026-07-07T21:59:39
한국화장품제조,00160621,003350,KOSPI,분기x별도,상단,DS-7,PASS,"badges seen: ['✅', '🔎']",,2026-07-07T21:59:39
한국화장품제조,00160621,003350,KOSPI,분기x별도,재무제표,CV-3,PASS,rows=29 cols=88 slider_extended=True,,2026-07-07T21:59:39
한국화장품제조,00160621,003350,KOSPI,분기x별도,재무제표,DS-2/DS-3,DONE,"cross-check completed for ['매출액', '영업이익']",,2026-07-07T21:59:39
한국화장품제조,00160621,003350,KOSPI,분기x별도,지표,CV-6,PASS,default metric selection visible,,2026-07-07T21:59:39
한농화성,00160861,011500,KOSPI,연간x연결,재무제표,DS-1,PASS,,,2026-07-07T21:59:50
한농화성,00160861,011500,KOSPI,연간x연결,상단,DS-8,PASS,,,2026-07-07T21:59:50
한농화성,00160861,011500,KOSPI,연간x연결,상단,DS-4,PASS,substitution caption present,,2026-07-07T21:59:50
한농화성,00160861,011500,KOSPI,연간x연결,상단,DS-7,PASS,"badges seen: ['✅', '🔎']",,2026-07-07T21:59:50
한농화성,00160861,011500,KOSPI,연간x연결,재무제표,CV-3,PASS,rows=29 cols=22 slider_extended=True,,2026-07-07T21:59:50
한농화성,00160861,011500,KOSPI,연간x연결,재무제표,DS-2/DS-3,DONE,"cross-check completed for ['매출액', '영업이익']",,2026-07-07T21:59:50
한농화성,00160861,011500,KOSPI,연간x연결,지표,CV-6,PASS,default metric selection visible,,2026-07-07T21:59:50
한농화성,00160861,011500,KOSPI,연간x별도,재무제표,DS-1,PASS,,,2026-07-07T21:59:55
한농화성,00160861,011500,KOSPI,연간x별도,상단,DS-8,PASS,,,2026-07-07T21:59:55
한농화성,00160861,011500,KOSPI,연간x별도,상단,DS-7,PASS,"badges seen: ['✅', '🔎']",,2026-07-07T21:59:55
한농화성,00160861,011500,KOSPI,연간x별도,재무제표,CV-3,PASS,rows=29 cols=22 slider_extended=True,,2026-07-07T21:59:55
한농화성,00160861,011500,KOSPI,연간x별도,재무제표,DS-2/DS-3,DONE,"cross-check completed for ['매출액', '영업이익']",,2026-07-07T21:59:55
한농화성,00160861,011500,KOSPI,연간x별도,지표,CV-6,PASS,default metric selection visible,,2026-07-07T21:59:55
한농화성,00160861,011500,KOSPI,분기x연결,재무제표,DS-1,PASS,,,2026-07-07T22:00:01
한농화성,00160861,011500,KOSPI,분기x연결,상단,DS-8,PASS,,,2026-07-07T22:00:01
한농화성,00160861,011500,KOSPI,분기x연결,상단,DS-4,PASS,substitution caption present,,2026-07-07T22:00:01
한농화성,00160861,011500,KOSPI,분기x연결,상단,DS-7,PASS,"badges seen: ['✅', '🔎', '⚠']",,2026-07-07T22:00:01
한농화성,00160861,011500,KOSPI,분기x연결,재무제표,CV-3,PASS,rows=29 cols=73 slider_extended=True,,2026-07-07T22:00:01
한농화성,00160861,011500,KOSPI,분기x연결,재무제표,DS-2/DS-3,DONE,"cross-check completed for ['매출액', '영업이익']",,2026-07-07T22:00:01
한농화성,00160861,011500,KOSPI,분기x연결,지표,CV-6,PASS,default metric selection visible,,2026-07-07T22:00:01
한농화성,00160861,011500,KOSPI,분기x별도,재무제표,DS-1,PASS,,,2026-07-07T22:00:09
한농화성,00160861,011500,KOSPI,분기x별도,상단,DS-8,PASS,,,2026-07-07T22:00:09
한농화성,00160861,011500,KOSPI,분기x별도,상단,DS-7,PASS,"badges seen: ['✅', '🔎', '⚠']",,2026-07-07T22:00:09
한농화성,00160861,011500,KOSPI,분기x별도,재무제표,CV-3,PASS,rows=29 cols=73 slider_extended=True,,2026-07-07T22:00:09
한농화성,00160861,011500,KOSPI,분기x별도,재무제표,DS-2/DS-3,DONE,"cross-check completed for ['매출액', '영업이익']",,2026-07-07T22:00:09
한농화성,00160861,011500,KOSPI,분기x별도,지표,CV-6,PASS,default metric selection visible,,2026-07-07T22:00:09
한독,00161046,002390,KOSPI,연간x연결,재무제표,DS-1,PASS,,,2026-07-07T22:00:23
한독,00161046,002390,KOSPI,연간x연결,상단,DS-8,PASS,,,2026-07-07T22:00:23
한독,00161046,002390,KOSPI,연간x연결,상단,DS-7,PASS,"badges seen: ['✅', '🔎', '⚠']",,2026-07-07T22:00:23
한독,00161046,002390,KOSPI,연간x연결,재무제표,CV-3,PASS,rows=29 cols=19 slider_extended=True,,2026-07-07T22:00:23
한독,00161046,002390,KOSPI,연간x연결,재무제표,DS-2/DS-3,DONE,"cross-check completed for ['매출액', '영업이익']",,2026-07-07T22:00:23
한독,00161046,002390,KOSPI,연간x연결,지표,CV-6,PASS,default metric selection visible,,2026-07-07T22:00:23
한독,00161046,002390,KOSPI,연간x별도,재무제표,DS-1,PASS,,,2026-07-07T22:00:28
한독,00161046,002390,KOSPI,연간x별도,상단,DS-8,PASS,,,2026-07-07T22:00:28
한독,00161046,002390,KOSPI,연간x별도,상단,DS-7,PASS,"badges seen: ['✅', '🔎', '⚠']",,2026-07-07T22:00:28
한독,00161046,002390,KOSPI,연간x별도,재무제표,CV-3,PASS,rows=29 cols=23 slider_extended=True,,2026-07-07T22:00:28
한독,00161046,002390,KOSPI,연간x별도,재무제표,DS-2/DS-3,DONE,"cross-check completed for ['매출액', '영업이익']",,2026-07-07T22:00:28
한독,00161046,002390,KOSPI,연간x별도,지표,CV-6,PASS,default metric selection visible,,2026-07-07T22:00:28
한독,00161046,002390,KOSPI,분기x연결,재무제표,DS-1,PASS,,,2026-07-07T22:00:34
한독,00161046,002390,KOSPI,분기x연결,상단,DS-8,PASS,,,2026-07-07T22:00:34
한독,00161046,002390,KOSPI,분기x연결,상단,DS-7,PASS,"badges seen: ['✅', '🔎']",,2026-07-07T22:00:34
한독,00161046,002390,KOSPI,분기x연결,재무제표,CV-3,PASS,rows=29 cols=60 slider_extended=True,,2026-07-07T22:00:34
한독,00161046,002390,KOSPI,분기x연결,재무제표,DS-2/DS-3,DONE,"cross-check completed for ['매출액', '영업이익']",,2026-07-07T22:00:34
한독,00161046,002390,KOSPI,분기x연결,지표,CV-6,PASS,default metric selection visible,,2026-07-07T22:00:34
한독,00161046,002390,KOSPI,분기x별도,재무제표,DS-1,PASS,,,2026-07-07T22:00:41
한독,00161046,002390,KOSPI,분기x별도,상단,DS-8,PASS,,,2026-07-07T22:00:41
한독,00161046,002390,KOSPI,분기x별도,상단,DS-7,PASS,"badges seen: ['✅', '🔎']",,2026-07-07T22:00:41
한독,00161046,002390,KOSPI,분기x별도,재무제표,CV-3,PASS,rows=29 cols=77 slider_extended=True,,2026-07-07T22:00:41
한독,00161046,002390,KOSPI,분기x별도,재무제표,DS-2/DS-3,DONE,"cross-check completed for ['매출액', '영업이익']",,2026-07-07T22:00:41
한독,00161046,002390,KOSPI,분기x별도,지표,CV-6,PASS,default metric selection visible,,2026-07-07T22:00:41
한미글로벌,00413523,053690,KOSPI,연간x연결,재무제표,DS-1,PASS,,,2026-07-07T22:00:52
한미글로벌,00413523,053690,KOSPI,연간x연결,상단,DS-8,PASS,,,2026-07-07T22:00:52
한미글로벌,00413523,053690,KOSPI,연간x연결,상단,DS-7,PASS,"badges seen: ['✅', '🔎']",,2026-07-07T22:00:52
한미글로벌,00413523,053690,KOSPI,연간x연결,재무제표,CV-3,PASS,rows=29 cols=19 slider_extended=True,,2026-07-07T22:00:52
한미글로벌,00413523,053690,KOSPI,연간x연결,재무제표,DS-2/DS-3,DONE,"cross-check completed for ['매출액', '영업이익']",,2026-07-07T22:00:52
한미글로벌,00413523,053690,KOSPI,연간x연결,지표,CV-6,PASS,default metric selection visible,,2026-07-07T22:00:52
한미글로벌,00413523,053690,KOSPI,연간x별도,재무제표,DS-1,PASS,,,2026-07-07T22:00:58
한미글로벌,00413523,053690,KOSPI,연간x별도,상단,DS-8,PASS,,,2026-07-07T22:00:58
한미글로벌,00413523,053690,KOSPI,연간x별도,상단,DS-7,PASS,"badges seen: ['✅', '🔎']",,2026-07-07T22:00:58
한미글로벌,00413523,053690,KOSPI,연간x별도,재무제표,CV-3,PASS,rows=29 cols=21 slider_extended=True,,2026-07-07T22:00:58
한미글로벌,00413523,053690,KOSPI,연간x별도,재무제표,DS-2/DS-3,DONE,"cross-check completed for ['매출액', '영업이익']",,2026-07-07T22:00:58
한미글로벌,00413523,053690,KOSPI,연간x별도,지표,CV-6,PASS,default metric selection visible,,2026-07-07T22:00:58
한미글로벌,00413523,053690,KOSPI,분기x연결,재무제표,DS-1,PASS,,,2026-07-07T22:01:04
한미글로벌,00413523,053690,KOSPI,분기x연결,상단,DS-8,PASS,,,2026-07-07T22:01:04
한미글로벌,00413523,053690,KOSPI,분기x연결,상단,DS-7,PASS,"badges seen: ['✅', '🔎']",,2026-07-07T22:01:04
한미글로벌,00413523,053690,KOSPI,분기x연결,재무제표,CV-3,PASS,rows=29 cols=60 slider_extended=True,,2026-07-07T22:01:04
한미글로벌,00413523,053690,KOSPI,분기x연결,재무제표,DS-2/DS-3,DONE,"cross-check completed for ['매출액', '영업이익']",,2026-07-07T22:01:04
한미글로벌,00413523,053690,KOSPI,분기x연결,지표,CV-6,PASS,default metric selection visible,,2026-07-07T22:01:04
한미글로벌,00413523,053690,KOSPI,분기x별도,재무제표,DS-1,PASS,,,2026-07-07T22:01:11
한미글로벌,00413523,053690,KOSPI,분기x별도,상단,DS-8,PASS,,,2026-07-07T22:01:11
한미글로벌,00413523,053690,KOSPI,분기x별도,상단,DS-7,PASS,"badges seen: ['✅', '🔎']",,2026-07-07T22:01:11
한미글로벌,00413523,053690,KOSPI,분기x별도,재무제표,CV-3,PASS,rows=29 cols=70 slider_extended=True,,2026-07-07T22:01:11
한미글로벌,00413523,053690,KOSPI,분기x별도,재무제표,DS-2/DS-3,DONE,"cross-check completed for ['매출액', '영업이익']",,2026-07-07T22:01:11
한미글로벌,00413523,053690,KOSPI,분기x별도,지표,CV-6,PASS,default metric selection visible,,2026-07-07T22:01:11
한미반도체,00161383,042700,KOSPI,연간x연결,재무제표,DS-1,PASS,,,2026-07-07T22:01:25
한미반도체,00161383,042700,KOSPI,연간x연결,상단,DS-8,PASS,,,2026-07-07T22:01:25
한미반도체,00161383,042700,KOSPI,연간x연결,상단,DS-7,PASS,"badges seen: ['✅', '🔎', '⚠']",,2026-07-07T22:01:25
한미반도체,00161383,042700,KOSPI,연간x연결,재무제표,CV-3,PASS,rows=29 cols=19 slider_extended=True,,2026-07-07T22:01:25
한미반도체,00161383,042700,KOSPI,연간x연결,재무제표,DS-2/DS-3,DONE,"cross-check completed for ['매출액', '영업이익']",,2026-07-07T22:01:25
한미반도체,00161383,042700,KOSPI,연간x연결,지표,CV-6,PASS,default metric selection visible,,2026-07-07T22:01:25
한미반도체,00161383,042700,KOSPI,연간x별도,재무제표,DS-1,PASS,,,2026-07-07T22:01:30
한미반도체,00161383,042700,KOSPI,연간x별도,상단,DS-8,PASS,,,2026-07-07T22:01:30
한미반도체,00161383,042700,KOSPI,연간x별도,상단,DS-7,PASS,"badges seen: ['✅', '🔎', '⚠']",,2026-07-07T22:01:30
한미반도체,00161383,042700,KOSPI,연간x별도,재무제표,CV-3,PASS,rows=29 cols=25 slider_extended=True,,2026-07-07T22:01:30
한미반도체,00161383,042700,KOSPI,연간x별도,재무제표,DS-2/DS-3,DONE,"cross-check completed for ['매출액', '영업이익']",,2026-07-07T22:01:30
한미반도체,00161383,042700,KOSPI,연간x별도,지표,CV-6,PASS,default metric selection visible,,2026-07-07T22:01:30
한미반도체,00161383,042700,KOSPI,분기x연결,재무제표,DS-1,PASS,,,2026-07-07T22:01:36
한미반도체,00161383,042700,KOSPI,분기x연결,상단,DS-8,PASS,,,2026-07-07T22:01:36
한미반도체,00161383,042700,KOSPI,분기x연결,상단,DS-7,PASS,"badges seen: ['✅', '🔎', '⚠']",,2026-07-07T22:01:36
한미반도체,00161383,042700,KOSPI,분기x연결,재무제표,CV-3,PASS,rows=29 cols=70 slider_extended=True,,2026-07-07T22:01:36
한미반도체,00161383,042700,KOSPI,분기x연결,재무제표,DS-2/DS-3,DONE,"cross-check completed for ['매출액', '영업이익']",,2026-07-07T22:01:36
한미반도체,00161383,042700,KOSPI,분기x연결,지표,CV-6,PASS,default metric selection visible,,2026-07-07T22:01:36
한미반도체,00161383,042700,KOSPI,분기x별도,재무제표,DS-1,PASS,,,2026-07-07T22:01:43
한미반도체,00161383,042700,KOSPI,분기x별도,상단,DS-8,PASS,,,2026-07-07T22:01:43
한미반도체,00161383,042700,KOSPI,분기x별도,상단,DS-7,PASS,"badges seen: ['✅', '🔎', '⚠']",,2026-07-07T22:01:43
한미반도체,00161383,042700,KOSPI,분기x별도,재무제표,CV-3,PASS,rows=29 cols=79 slider_extended=True,,2026-07-07T22:01:43
한미반도체,00161383,042700,KOSPI,분기x별도,재무제표,DS-2/DS-3,DONE,"cross-check completed for ['매출액', '영업이익']",,2026-07-07T22:01:43
한미반도체,00161383,042700,KOSPI,분기x별도,지표,CV-6,PASS,default metric selection visible,,2026-07-07T22:01:43
한미사이언스,00161426,008930,KOSPI,연간x연결,재무제표,DS-1,PASS,,,2026-07-07T22:01:57
한미사이언스,00161426,008930,KOSPI,연간x연결,상단,DS-8,PASS,,,2026-07-07T22:01:57
한미사이언스,00161426,008930,KOSPI,연간x연결,상단,DS-7,PASS,"badges seen: ['✅', '🔎', '⚠']",,2026-07-07T22:01:57
한미사이언스,00161426,008930,KOSPI,연간x연결,재무제표,CV-3,PASS,rows=29 cols=19 slider_extended=True,,2026-07-07T22:01:57
한미사이언스,00161426,008930,KOSPI,연간x연결,재무제표,DS-2/DS-3,DONE,"cross-check completed for ['매출액', '영업이익']",,2026-07-07T22:01:57
한미사이언스,00161426,008930,KOSPI,연간x연결,지표,CV-6,PASS,default metric selection visible,,2026-07-07T22:01:57
한미사이언스,00161426,008930,KOSPI,연간x별도,재무제표,DS-1,PASS,,,2026-07-07T22:02:02
한미사이언스,00161426,008930,KOSPI,연간x별도,상단,DS-8,PASS,,,2026-07-07T22:02:02
한미사이언스,00161426,008930,KOSPI,연간x별도,상단,DS-7,PASS,"badges seen: ['✅', '🔎', '⚠']",,2026-07-07T22:02:02
한미사이언스,00161426,008930,KOSPI,연간x별도,재무제표,CV-3,PASS,rows=29 cols=28 slider_extended=True,,2026-07-07T22:02:02
한미사이언스,00161426,008930,KOSPI,연간x별도,재무제표,DS-2/DS-3,DONE,"cross-check completed for ['매출액', '영업이익']",,2026-07-07T22:02:02
한미사이언스,00161426,008930,KOSPI,연간x별도,지표,CV-6,PASS,default metric selection visible,,2026-07-07T22:02:02
한미사이언스,00161426,008930,KOSPI,분기x연결,재무제표,DS-1,PASS,,,2026-07-07T22:02:08
한미사이언스,00161426,008930,KOSPI,분기x연결,상단,DS-8,PASS,,,2026-07-07T22:02:08
한미사이언스,00161426,008930,KOSPI,분기x연결,상단,DS-7,PASS,"badges seen: ['✅', '🔎']",,2026-07-07T22:02:08
한미사이언스,00161426,008930,KOSPI,분기x연결,재무제표,CV-3,PASS,rows=29 cols=72 slider_extended=True,,2026-07-07T22:02:08
한미사이언스,00161426,008930,KOSPI,분기x연결,재무제표,DS-2/DS-3,DONE,"cross-check completed for ['매출액', '영업이익']",,2026-07-07T22:02:08
한미사이언스,00161426,008930,KOSPI,분기x연결,지표,CV-6,PASS,default metric selection visible,,2026-07-07T22:02:08
한미사이언스,00161426,008930,KOSPI,분기x별도,재무제표,DS-1,PASS,,,2026-07-07T22:02:15
한미사이언스,00161426,008930,KOSPI,분기x별도,상단,DS-8,PASS,,,2026-07-07T22:02:15
한미사이언스,00161426,008930,KOSPI,분기x별도,상단,DS-7,PASS,"badges seen: ['✅', '🔎']",,2026-07-07T22:02:15
한미사이언스,00161426,008930,KOSPI,분기x별도,재무제표,CV-3,PASS,rows=29 cols=89 slider_extended=True,,2026-07-07T22:02:15
한미사이언스,00161426,008930,KOSPI,분기x별도,재무제표,DS-2/DS-3,DONE,"cross-check completed for ['매출액', '영업이익']",,2026-07-07T22:02:15
한미사이언스,00161426,008930,KOSPI,분기x별도,지표,CV-6,PASS,default metric selection visible,,2026-07-07T22:02:15
한미약품,00828497,128940,KOSPI,연간x연결,재무제표,DS-1,PASS,,,2026-07-07T22:02:29
한미약품,00828497,128940,KOSPI,연간x연결,상단,DS-8,PASS,,,2026-07-07T22:02:29
한미약품,00828497,128940,KOSPI,연간x연결,상단,DS-7,PASS,"badges seen: ['✅', '🔎', '⚠']",,2026-07-07T22:02:29
한미약품,00828497,128940,KOSPI,연간x연결,재무제표,CV-3,PASS,rows=29 cols=18 slider_extended=True,,2026-07-07T22:02:29
한미약품,00828497,128940,KOSPI,연간x연결,재무제표,DS-2/DS-3,DONE,"cross-check completed for ['매출액', '영업이익']",,2026-07-07T22:02:29
한미약품,00828497,128940,KOSPI,연간x연결,지표,CV-6,PASS,default metric selection visible,,2026-07-07T22:02:29
한미약품,00828497,128940,KOSPI,연간x별도,재무제표,DS-1,PASS,,,2026-07-07T22:02:34
한미약품,00828497,128940,KOSPI,연간x별도,상단,DS-8,PASS,,,2026-07-07T22:02:34
한미약품,00828497,128940,KOSPI,연간x별도,상단,DS-7,PASS,"badges seen: ['✅', '🔎', '⚠']",,2026-07-07T22:02:34
한미약품,00828497,128940,KOSPI,연간x별도,재무제표,CV-3,PASS,rows=29 cols=18 slider_extended=True,,2026-07-07T22:02:34
한미약품,00828497,128940,KOSPI,연간x별도,재무제표,DS-2/DS-3,DONE,"cross-check completed for ['매출액', '영업이익']",,2026-07-07T22:02:34
한미약품,00828497,128940,KOSPI,연간x별도,지표,CV-6,PASS,default metric selection visible,,2026-07-07T22:02:34
한미약품,00828497,128940,KOSPI,분기x연결,재무제표,DS-1,PASS,,,2026-07-07T22:02:40
한미약품,00828497,128940,KOSPI,분기x연결,상단,DS-8,PASS,,,2026-07-07T22:02:40
한미약품,00828497,128940,KOSPI,분기x연결,상단,DS-7,PASS,"badges seen: ['✅', '🔎']",,2026-07-07T22:02:40
한미약품,00828497,128940,KOSPI,분기x연결,재무제표,CV-3,PASS,rows=29 cols=60 slider_extended=True,,2026-07-07T22:02:40
한미약품,00828497,128940,KOSPI,분기x연결,재무제표,DS-2/DS-3,DONE,"cross-check completed for ['매출액', '영업이익']",,2026-07-07T22:02:40
한미약품,00828497,128940,KOSPI,분기x연결,지표,CV-6,PASS,default metric selection visible,,2026-07-07T22:02:40
한미약품,00828497,128940,KOSPI,분기x별도,재무제표,DS-1,PASS,,,2026-07-07T22:02:48
한미약품,00828497,128940,KOSPI,분기x별도,상단,DS-8,PASS,,,2026-07-07T22:02:48
한미약품,00828497,128940,KOSPI,분기x별도,상단,DS-7,PASS,"badges seen: ['✅', '🔎']",,2026-07-07T22:02:48
한미약품,00828497,128940,KOSPI,분기x별도,재무제표,CV-3,PASS,rows=29 cols=61 slider_extended=True,,2026-07-07T22:02:48
한미약품,00828497,128940,KOSPI,분기x별도,재무제표,DS-2/DS-3,DONE,"cross-check completed for ['매출액', '영업이익']",,2026-07-07T22:02:48
한미약품,00828497,128940,KOSPI,분기x별도,지표,CV-6,PASS,default metric selection visible,,2026-07-07T22:02:48
한샘,00161693,009240,KOSPI,연간x연결,재무제표,DS-1,PASS,,,2026-07-07T22:02:58
한샘,00161693,009240,KOSPI,연간x연결,상단,DS-8,PASS,,,2026-07-07T22:02:58
한샘,00161693,009240,KOSPI,연간x연결,상단,DS-7,PASS,"badges seen: ['✅', '🔎', '⚠']",,2026-07-07T22:02:58
한샘,00161693,009240,KOSPI,연간x연결,재무제표,CV-3,PASS,rows=29 cols=12 slider_extended=True,,2026-07-07T22:02:58
한샘,00161693,009240,KOSPI,연간x연결,재무제표,DS-2/DS-3,DONE,"cross-check completed for ['매출액', '영업이익']",,2026-07-07T22:02:58
한샘,00161693,009240,KOSPI,연간x연결,지표,CV-6,PASS,default metric selection visible,,2026-07-07T22:02:58
한샘,00161693,009240,KOSPI,연간x별도,재무제표,DS-1,PASS,,,2026-07-07T22:03:04
한샘,00161693,009240,KOSPI,연간x별도,상단,DS-8,PASS,,,2026-07-07T22:03:04
한샘,00161693,009240,KOSPI,연간x별도,상단,DS-7,PASS,"badges seen: ['✅', '🔎']",,2026-07-07T22:03:04
한샘,00161693,009240,KOSPI,연간x별도,재무제표,CV-3,PASS,rows=29 cols=25 slider_extended=True,,2026-07-07T22:03:04
한샘,00161693,009240,KOSPI,연간x별도,재무제표,DS-2/DS-3,DONE,"cross-check completed for ['매출액', '영업이익']",,2026-07-07T22:03:04
한샘,00161693,009240,KOSPI,연간x별도,지표,CV-6,PASS,default metric selection visible,,2026-07-07T22:03:04
한샘,00161693,009240,KOSPI,분기x연결,재무제표,DS-1,PASS,,,2026-07-07T22:03:10
한샘,00161693,009240,KOSPI,분기x연결,상단,DS-8,PASS,,,2026-07-07T22:03:10
한샘,00161693,009240,KOSPI,분기x연결,상단,DS-7,PASS,"badges seen: ['✅', '🔎']",,2026-07-07T22:03:10
한샘,00161693,009240,KOSPI,분기x연결,재무제표,CV-3,PASS,rows=29 cols=62 slider_extended=True,,2026-07-07T22:03:10
한샘,00161693,009240,KOSPI,분기x연결,재무제표,DS-2/DS-3,DONE,"cross-check completed for ['매출액', '영업이익']",,2026-07-07T22:03:10
한샘,00161693,009240,KOSPI,분기x연결,지표,CV-6,PASS,default metric selection visible,,2026-07-07T22:03:10
한샘,00161693,009240,KOSPI,분기x별도,재무제표,DS-1,PASS,,,2026-07-07T22:03:17
한샘,00161693,009240,KOSPI,분기x별도,상단,DS-8,PASS,,,2026-07-07T22:03:17
한샘,00161693,009240,KOSPI,분기x별도,상단,DS-7,PASS,"badges seen: ['✅', '🔎']",,2026-07-07T22:03:17
한샘,00161693,009240,KOSPI,분기x별도,재무제표,CV-3,PASS,rows=29 cols=85 slider_extended=True,,2026-07-07T22:03:17
한샘,00161693,009240,KOSPI,분기x별도,재무제표,DS-2/DS-3,DONE,"cross-check completed for ['매출액', '영업이익']",,2026-07-07T22:03:17
한샘,00161693,009240,KOSPI,분기x별도,지표,CV-6,PASS,default metric selection visible,,2026-07-07T22:03:17
한섬,00188089,020000,KOSPI,연간x연결,재무제표,DS-1,PASS,,,2026-07-07T22:03:31
한섬,00188089,020000,KOSPI,연간x연결,상단,DS-8,PASS,,,2026-07-07T22:03:31
한섬,00188089,020000,KOSPI,연간x연결,상단,DS-7,PASS,"badges seen: ['✅', '🔎']",,2026-07-07T22:03:31
한섬,00188089,020000,KOSPI,연간x연결,재무제표,CV-3,PASS,rows=29 cols=19 slider_extended=True,,2026-07-07T22:03:31
한섬,00188089,020000,KOSPI,연간x연결,재무제표,DS-2/DS-3,DONE,"cross-check completed for ['매출액', '영업이익']",,2026-07-07T22:03:31
한섬,00188089,020000,KOSPI,연간x연결,지표,CV-6,PASS,default metric selection visible,,2026-07-07T22:03:31
한섬,00188089,020000,KOSPI,연간x별도,재무제표,DS-1,PASS,,,2026-07-07T22:03:36
한섬,00188089,020000,KOSPI,연간x별도,상단,DS-8,PASS,,,2026-07-07T22:03:36
한섬,00188089,020000,KOSPI,연간x별도,상단,DS-7,PASS,"badges seen: ['✅', '🔎']",,2026-07-07T22:03:36
한섬,00188089,020000,KOSPI,연간x별도,재무제표,CV-3,PASS,rows=29 cols=25 slider_extended=True,,2026-07-07T22:03:36
한섬,00188089,020000,KOSPI,연간x별도,재무제표,DS-2/DS-3,DONE,"cross-check completed for ['매출액', '영업이익']",,2026-07-07T22:03:36
한섬,00188089,020000,KOSPI,연간x별도,지표,CV-6,PASS,default metric selection visible,,2026-07-07T22:03:36
한섬,00188089,020000,KOSPI,분기x연결,재무제표,DS-1,PASS,,,2026-07-07T22:03:42
한섬,00188089,020000,KOSPI,분기x연결,상단,DS-8,PASS,,,2026-07-07T22:03:42
한섬,00188089,020000,KOSPI,분기x연결,상단,DS-7,PASS,"badges seen: ['✅', '🔎']",,2026-07-07T22:03:42
한섬,00188089,020000,KOSPI,분기x연결,재무제표,CV-3,PASS,rows=29 cols=68 slider_extended=True,,2026-07-07T22:03:42
한섬,00188089,020000,KOSPI,분기x연결,재무제표,DS-2/DS-3,DONE,"cross-check completed for ['매출액', '영업이익']",,2026-07-07T22:03:42
한섬,00188089,020000,KOSPI,분기x연결,지표,CV-6,PASS,default metric selection visible,,2026-07-07T22:03:42
한섬,00188089,020000,KOSPI,분기x별도,재무제표,DS-1,PASS,,,2026-07-07T22:03:50
한섬,00188089,020000,KOSPI,분기x별도,상단,DS-8,PASS,,,2026-07-07T22:03:50
한섬,00188089,020000,KOSPI,분기x별도,상단,DS-7,PASS,"badges seen: ['✅', '🔎']",,2026-07-07T22:03:50
한섬,00188089,020000,KOSPI,분기x별도,재무제표,CV-3,PASS,rows=29 cols=75 slider_extended=True,,2026-07-07T22:03:50
한섬,00188089,020000,KOSPI,분기x별도,재무제표,DS-2/DS-3,DONE,"cross-check completed for ['매출액', '영업이익']",,2026-07-07T22:03:50
한섬,00188089,020000,KOSPI,분기x별도,지표,CV-6,PASS,default metric selection visible,,2026-07-07T22:03:50
한성기업,00161860,003680,KOSPI,연간x연결,재무제표,DS-1,PASS,,,2026-07-07T22:04:01
한성기업,00161860,003680,KOSPI,연간x연결,상단,DS-8,PASS,,,2026-07-07T22:04:01
한성기업,00161860,003680,KOSPI,연간x연결,상단,DS-7,PASS,"badges seen: ['✅', '🔎']",,2026-07-07T22:04:01
한성기업,00161860,003680,KOSPI,연간x연결,재무제표,CV-3,PASS,rows=29 cols=11 slider_extended=True,,2026-07-07T22:04:01
한성기업,00161860,003680,KOSPI,연간x연결,재무제표,DS-2/DS-3,DONE,"cross-check completed for ['매출액', '영업이익']",,2026-07-07T22:04:01
한성기업,00161860,003680,KOSPI,연간x연결,지표,CV-6,PASS,default metric selection visible,,2026-07-07T22:04:01
한성기업,00161860,003680,KOSPI,연간x별도,재무제표,DS-1,PASS,,,2026-07-07T22:04:06
한성기업,00161860,003680,KOSPI,연간x별도,상단,DS-8,PASS,,,2026-07-07T22:04:06
한성기업,00161860,003680,KOSPI,연간x별도,상단,DS-7,PASS,"badges seen: ['✅', '🔎']",,2026-07-07T22:04:06
한성기업,00161860,003680,KOSPI,연간x별도,재무제표,CV-3,PASS,rows=29 cols=25 slider_extended=True,,2026-07-07T22:04:06
한성기업,00161860,003680,KOSPI,연간x별도,재무제표,DS-2/DS-3,DONE,"cross-check completed for ['매출액', '영업이익']",,2026-07-07T22:04:06
한성기업,00161860,003680,KOSPI,연간x별도,지표,CV-6,PASS,default metric selection visible,,2026-07-07T22:04:06
한성기업,00161860,003680,KOSPI,분기x연결,재무제표,DS-1,PASS,,,2026-07-07T22:04:12
한성기업,00161860,003680,KOSPI,분기x연결,상단,DS-8,PASS,,,2026-07-07T22:04:12
한성기업,00161860,003680,KOSPI,분기x연결,상단,DS-7,PASS,"badges seen: ['✅', '🔎']",,2026-07-07T22:04:12
한성기업,00161860,003680,KOSPI,분기x연결,재무제표,CV-3,PASS,rows=29 cols=31 slider_extended=True,,2026-07-07T22:04:12
한성기업,00161860,003680,KOSPI,분기x연결,재무제표,DS-2/DS-3,DONE,"cross-check completed for ['매출액', '영업이익']",,2026-07-07T22:04:12
한성기업,00161860,003680,KOSPI,분기x연결,지표,CV-6,PASS,default metric selection visible,,2026-07-07T22:04:12
한성기업,00161860,003680,KOSPI,분기x별도,재무제표,DS-1,PASS,,,2026-07-07T22:04:19
한성기업,00161860,003680,KOSPI,분기x별도,상단,DS-8,PASS,,,2026-07-07T22:04:19
한성기업,00161860,003680,KOSPI,분기x별도,상단,DS-7,PASS,"badges seen: ['✅', '🔎']",,2026-07-07T22:04:19
한성기업,00161860,003680,KOSPI,분기x별도,재무제표,CV-3,PASS,rows=29 cols=88 slider_extended=True,,2026-07-07T22:04:19
한성기업,00161860,003680,KOSPI,분기x별도,재무제표,DS-2/DS-3,DONE,"cross-check completed for ['매출액', '영업이익']",,2026-07-07T22:04:19
한성기업,00161860,003680,KOSPI,분기x별도,지표,CV-6,PASS,default metric selection visible,,2026-07-07T22:04:19
한세실업,00728638,105630,KOSPI,연간x연결,재무제표,DS-1,PASS,,,2026-07-07T22:04:33
한세실업,00728638,105630,KOSPI,연간x연결,상단,DS-8,PASS,,,2026-07-07T22:04:33
한세실업,00728638,105630,KOSPI,연간x연결,상단,DS-7,PASS,"badges seen: ['✅', '🔎', '⚠']",,2026-07-07T22:04:33
한세실업,00728638,105630,KOSPI,연간x연결,재무제표,CV-3,PASS,rows=29 cols=19 slider_extended=True,,2026-07-07T22:04:33
한세실업,00728638,105630,KOSPI,연간x연결,재무제표,DS-2/DS-3,DONE,"cross-check completed for ['매출액', '영업이익']",,2026-07-07T22:04:33
한세실업,00728638,105630,KOSPI,연간x연결,지표,CV-6,PASS,default metric selection visible,,2026-07-07T22:04:33
한세실업,00728638,105630,KOSPI,연간x별도,재무제표,DS-1,PASS,,,2026-07-07T22:04:38
한세실업,00728638,105630,KOSPI,연간x별도,상단,DS-8,PASS,,,2026-07-07T22:04:38
한세실업,00728638,105630,KOSPI,연간x별도,상단,DS-7,PASS,"badges seen: ['✅', '🔎', '⚠']",,2026-07-07T22:04:38
한세실업,00728638,105630,KOSPI,연간x별도,재무제표,CV-3,PASS,rows=29 cols=19 slider_extended=True,,2026-07-07T22:04:38
한세실업,00728638,105630,KOSPI,연간x별도,재무제표,DS-2/DS-3,DONE,"cross-check completed for ['매출액', '영업이익']",,2026-07-07T22:04:38
한세실업,00728638,105630,KOSPI,연간x별도,지표,CV-6,PASS,default metric selection visible,,2026-07-07T22:04:38
한세실업,00728638,105630,KOSPI,분기x연결,재무제표,DS-1,PASS,,,2026-07-07T22:04:44
한세실업,00728638,105630,KOSPI,분기x연결,상단,DS-8,PASS,,,2026-07-07T22:04:44
한세실업,00728638,105630,KOSPI,분기x연결,상단,DS-7,PASS,"badges seen: ['✅', '🔎', '⚠']",,2026-07-07T22:04:44
한세실업,00728638,105630,KOSPI,분기x연결,재무제표,CV-3,PASS,rows=29 cols=60 slider_extended=True,,2026-07-07T22:04:44
한세실업,00728638,105630,KOSPI,분기x연결,재무제표,DS-2/DS-3,DONE,"cross-check completed for ['매출액', '영업이익']",,2026-07-07T22:04:44
한세실업,00728638,105630,KOSPI,분기x연결,지표,CV-6,PASS,default metric selection visible,,2026-07-07T22:04:44
한세실업,00728638,105630,KOSPI,분기x별도,재무제표,DS-1,PASS,,,2026-07-07T22:04:52
한세실업,00728638,105630,KOSPI,분기x별도,상단,DS-8,PASS,,,2026-07-07T22:04:52
한세실업,00728638,105630,KOSPI,분기x별도,상단,DS-7,PASS,"badges seen: ['✅', '🔎', '⚠']",,2026-07-07T22:04:52
한세실업,00728638,105630,KOSPI,분기x별도,재무제표,CV-3,PASS,rows=29 cols=66 slider_extended=True,,2026-07-07T22:04:52
한세실업,00728638,105630,KOSPI,분기x별도,재무제표,DS-2/DS-3,DONE,"cross-check completed for ['매출액', '영업이익']",,2026-07-07T22:04:52
한세실업,00728638,105630,KOSPI,분기x별도,지표,CV-6,PASS,default metric selection visible,,2026-07-07T22:04:52
한세엠케이,00357360,069640,KOSPI,연간x연결,재무제표,DS-1,PASS,,,2026-07-07T22:05:02
한세엠케이,00357360,069640,KOSPI,연간x연결,상단,DS-8,PASS,,,2026-07-07T22:05:02
한세엠케이,00357360,069640,KOSPI,연간x연결,상단,DS-7,PASS,"badges seen: ['✅', '🔎']",,2026-07-07T22:05:02
한세엠케이,00357360,069640,KOSPI,연간x연결,재무제표,CV-3,PASS,rows=29 cols=19 slider_extended=True,,2026-07-07T22:05:02
한세엠케이,00357360,069640,KOSPI,연간x연결,재무제표,DS-2/DS-3,DONE,"cross-check completed for ['매출액', '영업이익']",,2026-07-07T22:05:02
한세엠케이,00357360,069640,KOSPI,연간x연결,지표,CV-6,PASS,default metric selection visible,,2026-07-07T22:05:02
한세엠케이,00357360,069640,KOSPI,연간x별도,재무제표,DS-1,PASS,,,2026-07-07T22:05:08
한세엠케이,00357360,069640,KOSPI,연간x별도,상단,DS-8,PASS,,,2026-07-07T22:05:08
한세엠케이,00357360,069640,KOSPI,연간x별도,상단,DS-7,PASS,"badges seen: ['✅', '🔎']",,2026-07-07T22:05:08
한세엠케이,00357360,069640,KOSPI,연간x별도,재무제표,CV-3,PASS,rows=29 cols=19 slider_extended=True,,2026-07-07T22:05:08
한세엠케이,00357360,069640,KOSPI,연간x별도,재무제표,DS-2/DS-3,DONE,"cross-check completed for ['매출액', '영업이익']",,2026-07-07T22:05:08
한세엠케이,00357360,069640,KOSPI,연간x별도,지표,CV-6,PASS,default metric selection visible,,2026-07-07T22:05:08
한세엠케이,00357360,069640,KOSPI,분기x연결,재무제표,DS-1,PASS,,,2026-07-07T22:05:14
한세엠케이,00357360,069640,KOSPI,분기x연결,상단,DS-8,PASS,,,2026-07-07T22:05:14
한세엠케이,00357360,069640,KOSPI,분기x연결,상단,DS-7,PASS,"badges seen: ['✅', '🔎']",,2026-07-07T22:05:14
한세엠케이,00357360,069640,KOSPI,분기x연결,재무제표,CV-3,PASS,rows=29 cols=60 slider_extended=True,,2026-07-07T22:05:14
한세엠케이,00357360,069640,KOSPI,분기x연결,재무제표,DS-2/DS-3,DONE,"cross-check completed for ['매출액', '영업이익']",,2026-07-07T22:05:14
한세엠케이,00357360,069640,KOSPI,분기x연결,지표,CV-6,PASS,default metric selection visible,,2026-07-07T22:05:14
한세엠케이,00357360,069640,KOSPI,분기x별도,재무제표,DS-1,PASS,,,2026-07-07T22:05:21
한세엠케이,00357360,069640,KOSPI,분기x별도,상단,DS-8,PASS,,,2026-07-07T22:05:21
한세엠케이,00357360,069640,KOSPI,분기x별도,상단,DS-7,PASS,"badges seen: ['✅', '🔎']",,2026-07-07T22:05:21
한세엠케이,00357360,069640,KOSPI,분기x별도,재무제표,CV-3,PASS,rows=29 cols=63 slider_extended=True,,2026-07-07T22:05:21
한세엠케이,00357360,069640,KOSPI,분기x별도,재무제표,DS-2/DS-3,DONE,"cross-check completed for ['매출액', '영업이익']",,2026-07-07T22:05:21
한세엠케이,00357360,069640,KOSPI,분기x별도,지표,CV-6,PASS,default metric selection visible,,2026-07-07T22:05:21
한솔로지스틱스,00140946,009180,KOSPI,연간x연결,재무제표,DS-1,PASS,,,2026-07-07T22:05:35
한솔로지스틱스,00140946,009180,KOSPI,연간x연결,상단,DS-8,PASS,,,2026-07-07T22:05:35
한솔로지스틱스,00140946,009180,KOSPI,연간x연결,상단,DS-7,PASS,"badges seen: ['✅', '🔎', '⚠']",,2026-07-07T22:05:35
한솔로지스틱스,00140946,009180,KOSPI,연간x연결,재무제표,CV-3,PASS,rows=29 cols=19 slider_extended=True,,2026-07-07T22:05:35
한솔로지스틱스,00140946,009180,KOSPI,연간x연결,재무제표,DS-2/DS-3,DONE,"cross-check completed for ['매출액', '영업이익']",,2026-07-07T22:05:35
한솔로지스틱스,00140946,009180,KOSPI,연간x연결,지표,CV-6,PASS,default metric selection visible,,2026-07-07T22:05:35
한솔로지스틱스,00140946,009180,KOSPI,연간x별도,재무제표,DS-1,PASS,,,2026-07-07T22:05:40
한솔로지스틱스,00140946,009180,KOSPI,연간x별도,상단,DS-8,PASS,,,2026-07-07T22:05:40
한솔로지스틱스,00140946,009180,KOSPI,연간x별도,상단,DS-7,PASS,"badges seen: ['✅', '🔎']",,2026-07-07T22:05:40
한솔로지스틱스,00140946,009180,KOSPI,연간x별도,재무제표,CV-3,PASS,rows=29 cols=24 slider_extended=True,,2026-07-07T22:05:40
한솔로지스틱스,00140946,009180,KOSPI,연간x별도,재무제표,DS-2/DS-3,DONE,"cross-check completed for ['매출액', '영업이익']",,2026-07-07T22:05:40
한솔로지스틱스,00140946,009180,KOSPI,연간x별도,지표,CV-6,PASS,default metric selection visible,,2026-07-07T22:05:40
한솔로지스틱스,00140946,009180,KOSPI,분기x연결,재무제표,DS-1,PASS,,,2026-07-07T22:05:46
한솔로지스틱스,00140946,009180,KOSPI,분기x연결,상단,DS-8,PASS,,,2026-07-07T22:05:46
한솔로지스틱스,00140946,009180,KOSPI,분기x연결,상단,DS-7,PASS,"badges seen: ['✅', '🔎']",,2026-07-07T22:05:46
한솔로지스틱스,00140946,009180,KOSPI,분기x연결,재무제표,CV-3,PASS,rows=29 cols=60 slider_extended=True,,2026-07-07T22:05:46
한솔로지스틱스,00140946,009180,KOSPI,분기x연결,재무제표,DS-2/DS-3,DONE,"cross-check completed for ['매출액', '영업이익']",,2026-07-07T22:05:46
한솔로지스틱스,00140946,009180,KOSPI,분기x연결,지표,CV-6,PASS,default metric selection visible,,2026-07-07T22:05:46
한솔로지스틱스,00140946,009180,KOSPI,분기x별도,재무제표,DS-1,PASS,,,2026-07-07T22:05:53
한솔로지스틱스,00140946,009180,KOSPI,분기x별도,상단,DS-8,PASS,,,2026-07-07T22:05:53
한솔로지스틱스,00140946,009180,KOSPI,분기x별도,상단,DS-7,PASS,"badges seen: ['✅', '🔎', '⚠']",,2026-07-07T22:05:53
한솔로지스틱스,00140946,009180,KOSPI,분기x별도,재무제표,CV-3,PASS,rows=29 cols=77 slider_extended=True,,2026-07-07T22:05:53
한솔로지스틱스,00140946,009180,KOSPI,분기x별도,재무제표,DS-2/DS-3,DONE,"cross-check completed for ['매출액', '영업이익']",,2026-07-07T22:05:53
한솔로지스틱스,00140946,009180,KOSPI,분기x별도,지표,CV-6,PASS,default metric selection visible,,2026-07-07T22:05:53
한솔제지,01060744,213500,KOSPI,연간x연결,재무제표,DS-1,PASS,,,2026-07-07T22:06:04
한솔제지,01060744,213500,KOSPI,연간x연결,상단,DS-8,PASS,,,2026-07-07T22:06:04
한솔제지,01060744,213500,KOSPI,연간x연결,상단,DS-7,PASS,"badges seen: ['✅', '🔎', '⚠']",,2026-07-07T22:06:04
한솔제지,01060744,213500,KOSPI,연간x연결,재무제표,CV-3,PASS,rows=29 cols=12 slider_extended=True,,2026-07-07T22:06:04
한솔제지,01060744,213500,KOSPI,연간x연결,재무제표,DS-2/DS-3,DONE,"cross-check completed for ['매출액', '영업이익']",,2026-07-07T22:06:04
한솔제지,01060744,213500,KOSPI,연간x연결,지표,CV-6,PASS,default metric selection visible,,2026-07-07T22:06:04
한솔제지,01060744,213500,KOSPI,연간x별도,재무제표,DS-1,PASS,,,2026-07-07T22:06:09
한솔제지,01060744,213500,KOSPI,연간x별도,상단,DS-8,PASS,,,2026-07-07T22:06:09
한솔제지,01060744,213500,KOSPI,연간x별도,상단,DS-7,PASS,"badges seen: ['✅', '🔎']",,2026-07-07T22:06:09
한솔제지,01060744,213500,KOSPI,연간x별도,재무제표,CV-3,PASS,rows=29 cols=13 slider_extended=True,,2026-07-07T22:06:09
한솔제지,01060744,213500,KOSPI,연간x별도,재무제표,DS-2/DS-3,DONE,"cross-check completed for ['매출액', '영업이익']",,2026-07-07T22:06:09
한솔제지,01060744,213500,KOSPI,연간x별도,지표,CV-6,PASS,default metric selection visible,,2026-07-07T22:06:09
한솔제지,01060744,213500,KOSPI,분기x연결,재무제표,DS-1,PASS,,,2026-07-07T22:06:16
한솔제지,01060744,213500,KOSPI,분기x연결,상단,DS-8,PASS,,,2026-07-07T22:06:16
한솔제지,01060744,213500,KOSPI,분기x연결,상단,DS-7,PASS,"badges seen: ['✅', '🔎']",,2026-07-07T22:06:16
한솔제지,01060744,213500,KOSPI,분기x연결,재무제표,CV-3,PASS,rows=29 cols=48 slider_extended=True,,2026-07-07T22:06:16
한솔제지,01060744,213500,KOSPI,분기x연결,재무제표,DS-2/DS-3,DONE,"cross-check completed for ['매출액', '영업이익']",,2026-07-07T22:06:16
한솔제지,01060744,213500,KOSPI,분기x연결,지표,CV-6,PASS,default metric selection visible,,2026-07-07T22:06:16
한솔제지,01060744,213500,KOSPI,분기x별도,재무제표,DS-1,PASS,,,2026-07-07T22:06:23
한솔제지,01060744,213500,KOSPI,분기x별도,상단,DS-8,PASS,,,2026-07-07T22:06:23
한솔제지,01060744,213500,KOSPI,분기x별도,상단,DS-7,PASS,"badges seen: ['✅', '🔎']",,2026-07-07T22:06:23
한솔제지,01060744,213500,KOSPI,분기x별도,재무제표,CV-3,PASS,rows=29 cols=48 slider_extended=True,,2026-07-07T22:06:23
한솔제지,01060744,213500,KOSPI,분기x별도,재무제표,DS-2/DS-3,DONE,"cross-check completed for ['매출액', '영업이익']",,2026-07-07T22:06:23
한솔제지,01060744,213500,KOSPI,분기x별도,지표,CV-6,PASS,default metric selection visible,,2026-07-07T22:06:23
한솔케미칼,00140955,014680,KOSPI,연간x연결,재무제표,DS-1,PASS,,,2026-07-07T22:06:36
한솔케미칼,00140955,014680,KOSPI,연간x연결,상단,DS-8,PASS,,,2026-07-07T22:06:36
한솔케미칼,00140955,014680,KOSPI,연간x연결,상단,DS-7,PASS,"badges seen: ['✅', '🔎']",,2026-07-07T22:06:36
한솔케미칼,00140955,014680,KOSPI,연간x연결,재무제표,CV-3,PASS,rows=29 cols=20 slider_extended=True,,2026-07-07T22:06:36
한솔케미칼,00140955,014680,KOSPI,연간x연결,재무제표,DS-2/DS-3,DONE,"cross-check completed for ['매출액', '영업이익']",,2026-07-07T22:06:36
한솔케미칼,00140955,014680,KOSPI,연간x연결,지표,CV-6,PASS,default metric selection visible,,2026-07-07T22:06:36
한솔케미칼,00140955,014680,KOSPI,연간x별도,재무제표,DS-1,PASS,,,2026-07-07T22:06:42
한솔케미칼,00140955,014680,KOSPI,연간x별도,상단,DS-8,PASS,,,2026-07-07T22:06:42
한솔케미칼,00140955,014680,KOSPI,연간x별도,상단,DS-7,PASS,"badges seen: ['✅', '🔎']",,2026-07-07T22:06:42
한솔케미칼,00140955,014680,KOSPI,연간x별도,재무제표,CV-3,PASS,rows=29 cols=28 slider_extended=True,,2026-07-07T22:06:42
한솔케미칼,00140955,014680,KOSPI,연간x별도,재무제표,DS-2/DS-3,DONE,"cross-check completed for ['매출액', '영업이익']",,2026-07-07T22:06:42
한솔케미칼,00140955,014680,KOSPI,연간x별도,지표,CV-6,PASS,default metric selection visible,,2026-07-07T22:06:42
한솔케미칼,00140955,014680,KOSPI,분기x연결,재무제표,DS-1,PASS,,,2026-07-07T22:06:48
한솔케미칼,00140955,014680,KOSPI,분기x연결,상단,DS-8,PASS,,,2026-07-07T22:06:48
한솔케미칼,00140955,014680,KOSPI,분기x연결,상단,DS-7,PASS,"badges seen: ['✅', '🔎']",,2026-07-07T22:06:48
한솔케미칼,00140955,014680,KOSPI,분기x연결,재무제표,CV-3,PASS,rows=29 cols=63 slider_extended=True,,2026-07-07T22:06:48
한솔케미칼,00140955,014680,KOSPI,분기x연결,재무제표,DS-2/DS-3,DONE,"cross-check completed for ['매출액', '영업이익']",,2026-07-07T22:06:48
한솔케미칼,00140955,014680,KOSPI,분기x연결,지표,CV-6,PASS,default metric selection visible,,2026-07-07T22:06:48
한솔케미칼,00140955,014680,KOSPI,분기x별도,재무제표,DS-1,PASS,,,2026-07-07T22:06:55
한솔케미칼,00140955,014680,KOSPI,분기x별도,상단,DS-8,PASS,,,2026-07-07T22:06:55
한솔케미칼,00140955,014680,KOSPI,분기x별도,상단,DS-7,PASS,"badges seen: ['✅', '🔎']",,2026-07-07T22:06:55
한솔케미칼,00140955,014680,KOSPI,분기x별도,재무제표,CV-3,PASS,rows=29 cols=87 slider_extended=True,,2026-07-07T22:06:55
한솔케미칼,00140955,014680,KOSPI,분기x별도,재무제표,DS-2/DS-3,DONE,"cross-check completed for ['매출액', '영업이익']",,2026-07-07T22:06:55
한솔케미칼,00140955,014680,KOSPI,분기x별도,지표,CV-6,PASS,default metric selection visible,,2026-07-07T22:06:55
한솔테크닉스,00157399,004710,KOSPI,연간x연결,재무제표,DS-1,PASS,,,2026-07-07T22:07:06
한솔테크닉스,00157399,004710,KOSPI,연간x연결,상단,DS-8,PASS,,,2026-07-07T22:07:06
한솔테크닉스,00157399,004710,KOSPI,연간x연결,상단,DS-7,PASS,"badges seen: ['✅', '🔎', '⚠']",,2026-07-07T22:07:06
한솔테크닉스,00157399,004710,KOSPI,연간x연결,재무제표,CV-3,PASS,rows=29 cols=19 slider_extended=True,,2026-07-07T22:07:06
한솔테크닉스,00157399,004710,KOSPI,연간x연결,재무제표,DS-2/DS-3,DONE,"cross-check completed for ['매출액', '영업이익']",,2026-07-07T22:07:06
한솔테크닉스,00157399,004710,KOSPI,연간x연결,지표,CV-6,PASS,default metric selection visible,,2026-07-07T22:07:06
한솔테크닉스,00157399,004710,KOSPI,연간x별도,재무제표,DS-1,PASS,,,2026-07-07T22:07:11
한솔테크닉스,00157399,004710,KOSPI,연간x별도,상단,DS-8,PASS,,,2026-07-07T22:07:11
한솔테크닉스,00157399,004710,KOSPI,연간x별도,상단,DS-7,PASS,"badges seen: ['✅', '🔎', '⚠']",,2026-07-07T22:07:11
한솔테크닉스,00157399,004710,KOSPI,연간x별도,재무제표,CV-3,PASS,rows=29 cols=24 slider_extended=True,,2026-07-07T22:07:11
한솔테크닉스,00157399,004710,KOSPI,연간x별도,재무제표,DS-2/DS-3,DONE,"cross-check completed for ['매출액', '영업이익']",,2026-07-07T22:07:11
한솔테크닉스,00157399,004710,KOSPI,연간x별도,지표,CV-6,PASS,default metric selection visible,,2026-07-07T22:07:11
한솔테크닉스,00157399,004710,KOSPI,분기x연결,재무제표,DS-1,PASS,,,2026-07-07T22:07:17
한솔테크닉스,00157399,004710,KOSPI,분기x연결,상단,DS-8,PASS,,,2026-07-07T22:07:17
한솔테크닉스,00157399,004710,KOSPI,분기x연결,상단,DS-7,PASS,"badges seen: ['✅', '🔎']",,2026-07-07T22:07:17
한솔테크닉스,00157399,004710,KOSPI,분기x연결,재무제표,CV-3,PASS,rows=29 cols=76 slider_extended=True,,2026-07-07T22:07:17
한솔테크닉스,00157399,004710,KOSPI,분기x연결,재무제표,DS-2/DS-3,DONE,"cross-check completed for ['매출액', '영업이익']",,2026-07-07T22:07:17
한솔테크닉스,00157399,004710,KOSPI,분기x연결,지표,CV-6,PASS,default metric selection visible,,2026-07-07T22:07:17
한솔테크닉스,00157399,004710,KOSPI,분기x별도,재무제표,DS-1,PASS,,,2026-07-07T22:07:25
한솔테크닉스,00157399,004710,KOSPI,분기x별도,상단,DS-8,PASS,,,2026-07-07T22:07:25
한솔테크닉스,00157399,004710,KOSPI,분기x별도,상단,DS-7,PASS,"badges seen: ['✅', '🔎']",,2026-07-07T22:07:25
한솔테크닉스,00157399,004710,KOSPI,분기x별도,재무제표,CV-3,PASS,rows=29 cols=86 slider_extended=True,,2026-07-07T22:07:25
한솔테크닉스,00157399,004710,KOSPI,분기x별도,재무제표,DS-2/DS-3,DONE,"cross-check completed for ['매출액', '영업이익']",,2026-07-07T22:07:25
한솔테크닉스,00157399,004710,KOSPI,분기x별도,지표,CV-6,PASS,default metric selection visible,,2026-07-07T22:07:25
한솔홀딩스,00171636,004150,KOSPI,연간x연결,재무제표,DS-1,PASS,,,2026-07-07T22:07:38
한솔홀딩스,00171636,004150,KOSPI,연간x연결,상단,DS-8,PASS,,,2026-07-07T22:07:38
한솔홀딩스,00171636,004150,KOSPI,연간x연결,상단,DS-7,PASS,"badges seen: ['✅', '🔎', '⚠']",,2026-07-07T22:07:38
한솔홀딩스,00171636,004150,KOSPI,연간x연결,재무제표,CV-3,PASS,rows=29 cols=22 slider_extended=True,,2026-07-07T22:07:38
한솔홀딩스,00171636,004150,KOSPI,연간x연결,재무제표,DS-2/DS-3,DONE,"cross-check completed for ['매출액', '영업이익']",,2026-07-07T22:07:38
한솔홀딩스,00171636,004150,KOSPI,연간x연결,지표,CV-6,PASS,default metric selection visible,,2026-07-07T22:07:38
한솔홀딩스,00171636,004150,KOSPI,연간x별도,재무제표,DS-1,PASS,,,2026-07-07T22:07:43
한솔홀딩스,00171636,004150,KOSPI,연간x별도,상단,DS-8,PASS,,,2026-07-07T22:07:43
한솔홀딩스,00171636,004150,KOSPI,연간x별도,상단,DS-7,PASS,"badges seen: ['✅', '🔎', '⚠']",,2026-07-07T22:07:43
한솔홀딩스,00171636,004150,KOSPI,연간x별도,재무제표,CV-3,PASS,rows=29 cols=29 slider_extended=True,,2026-07-07T22:07:43
한솔홀딩스,00171636,004150,KOSPI,연간x별도,재무제표,DS-2/DS-3,DONE,"cross-check completed for ['매출액', '영업이익']",,2026-07-07T22:07:43
한솔홀딩스,00171636,004150,KOSPI,연간x별도,지표,CV-6,PASS,default metric selection visible,,2026-07-07T22:07:43
한솔홀딩스,00171636,004150,KOSPI,분기x연결,재무제표,DS-1,PASS,,,2026-07-07T22:07:50
한솔홀딩스,00171636,004150,KOSPI,분기x연결,상단,DS-8,PASS,,,2026-07-07T22:07:50
한솔홀딩스,00171636,004150,KOSPI,분기x연결,상단,DS-7,PASS,"badges seen: ['✅', '🔎', '⚠']",,2026-07-07T22:07:50
한솔홀딩스,00171636,004150,KOSPI,분기x연결,재무제표,CV-3,PASS,rows=29 cols=79 slider_extended=True,,2026-07-07T22:07:50
한솔홀딩스,00171636,004150,KOSPI,분기x연결,재무제표,DS-2/DS-3,DONE,"cross-check completed for ['매출액', '영업이익']",,2026-07-07T22:07:50
한솔홀딩스,00171636,004150,KOSPI,분기x연결,지표,CV-6,PASS,default metric selection visible,,2026-07-07T22:07:50
한솔홀딩스,00171636,004150,KOSPI,분기x별도,재무제표,DS-1,PASS,,,2026-07-07T22:07:57
한솔홀딩스,00171636,004150,KOSPI,분기x별도,상단,DS-8,PASS,,,2026-07-07T22:07:57
한솔홀딩스,00171636,004150,KOSPI,분기x별도,상단,DS-7,PASS,"badges seen: ['✅', '🔎', '⚠']",,2026-07-07T22:07:57
한솔홀딩스,00171636,004150,KOSPI,분기x별도,재무제표,CV-3,PASS,rows=29 cols=87 slider_extended=True,,2026-07-07T22:07:57
한솔홀딩스,00171636,004150,KOSPI,분기x별도,재무제표,DS-2/DS-3,DONE,"cross-check completed for ['매출액', '영업이익']",,2026-07-07T22:07:57
한솔홀딩스,00171636,004150,KOSPI,분기x별도,지표,CV-6,PASS,default metric selection visible,,2026-07-07T22:07:57
한솔홈데코,00203582,025750,KOSPI,연간x연결,재무제표,DS-1,PASS,,,2026-07-07T22:08:08
한솔홈데코,00203582,025750,KOSPI,연간x연결,상단,DS-8,PASS,,,2026-07-07T22:08:08
한솔홈데코,00203582,025750,KOSPI,연간x연결,상단,DS-7,PASS,"badges seen: ['✅', '🔎', '⚠']",,2026-07-07T22:08:08
한솔홈데코,00203582,025750,KOSPI,연간x연결,재무제표,CV-3,PASS,rows=29 cols=21 slider_extended=True,,2026-07-07T22:08:08
한솔홈데코,00203582,025750,KOSPI,연간x연결,재무제표,DS-2/DS-3,DONE,"cross-check completed for ['매출액', '영업이익']",,2026-07-07T22:08:08
한솔홈데코,00203582,025750,KOSPI,연간x연결,지표,CV-6,PASS,default metric selection visible,,2026-07-07T22:08:08
한솔홈데코,00203582,025750,KOSPI,연간x별도,재무제표,DS-1,PASS,,,2026-07-07T22:08:13
한솔홈데코,00203582,025750,KOSPI,연간x별도,상단,DS-8,PASS,,,2026-07-07T22:08:13
한솔홈데코,00203582,025750,KOSPI,연간x별도,상단,DS-7,PASS,"badges seen: ['✅', '🔎', '⚠']",,2026-07-07T22:08:13
한솔홈데코,00203582,025750,KOSPI,연간x별도,재무제표,CV-3,PASS,rows=29 cols=25 slider_extended=True,,2026-07-07T22:08:13
한솔홈데코,00203582,025750,KOSPI,연간x별도,재무제표,DS-2/DS-3,DONE,"cross-check completed for ['매출액', '영업이익']",,2026-07-07T22:08:13
한솔홈데코,00203582,025750,KOSPI,연간x별도,지표,CV-6,PASS,default metric selection visible,,2026-07-07T22:08:13
한솔홈데코,00203582,025750,KOSPI,분기x연결,재무제표,DS-1,PASS,,,2026-07-07T22:08:20
한솔홈데코,00203582,025750,KOSPI,분기x연결,상단,DS-8,PASS,,,2026-07-07T22:08:20
한솔홈데코,00203582,025750,KOSPI,분기x연결,상단,DS-7,PASS,"badges seen: ['✅', '🔎']",,2026-07-07T22:08:20
한솔홈데코,00203582,025750,KOSPI,분기x연결,재무제표,CV-3,PASS,rows=29 cols=71 slider_extended=True,,2026-07-07T22:08:20
한솔홈데코,00203582,025750,KOSPI,분기x연결,재무제표,DS-2/DS-3,DONE,"cross-check completed for ['매출액', '영업이익']",,2026-07-07T22:08:20
한솔홈데코,00203582,025750,KOSPI,분기x연결,지표,CV-6,PASS,default metric selection visible,,2026-07-07T22:08:20
한솔홈데코,00203582,025750,KOSPI,분기x별도,재무제표,DS-1,PASS,,,2026-07-07T22:08:27
한솔홈데코,00203582,025750,KOSPI,분기x별도,상단,DS-8,PASS,,,2026-07-07T22:08:27
한솔홈데코,00203582,025750,KOSPI,분기x별도,상단,DS-7,PASS,"badges seen: ['✅', '🔎']",,2026-07-07T22:08:27
한솔홈데코,00203582,025750,KOSPI,분기x별도,재무제표,CV-3,PASS,rows=29 cols=82 slider_extended=True,,2026-07-07T22:08:27
한솔홈데코,00203582,025750,KOSPI,분기x별도,재무제표,DS-2/DS-3,DONE,"cross-check completed for ['매출액', '영업이익']",,2026-07-07T22:08:27
한솔홈데코,00203582,025750,KOSPI,분기x별도,지표,CV-6,PASS,default metric selection visible,,2026-07-07T22:08:27
한신공영,00162063,004960,KOSPI,연간x연결,재무제표,DS-1,PASS,,,2026-07-07T22:08:40
한신공영,00162063,004960,KOSPI,연간x연결,상단,DS-8,PASS,,,2026-07-07T22:08:40
한신공영,00162063,004960,KOSPI,연간x연결,상단,DS-7,PASS,"badges seen: ['✅', '🔎']",,2026-07-07T22:08:40
한신공영,00162063,004960,KOSPI,연간x연결,재무제표,CV-3,PASS,rows=29 cols=19 slider_extended=True,,2026-07-07T22:08:40
한신공영,00162063,004960,KOSPI,연간x연결,재무제표,DS-2/DS-3,DONE,"cross-check completed for ['매출액', '영업이익']",,2026-07-07T22:08:40
한신공영,00162063,004960,KOSPI,연간x연결,지표,CV-6,PASS,default metric selection visible,,2026-07-07T22:08:40
한신공영,00162063,004960,KOSPI,연간x별도,재무제표,DS-1,PASS,,,2026-07-07T22:08:46
한신공영,00162063,004960,KOSPI,연간x별도,상단,DS-8,PASS,,,2026-07-07T22:08:46
한신공영,00162063,004960,KOSPI,연간x별도,상단,DS-7,PASS,"badges seen: ['✅', '🔎', '⚠']",,2026-07-07T22:08:46
한신공영,00162063,004960,KOSPI,연간x별도,재무제표,CV-3,PASS,rows=29 cols=24 slider_extended=True,,2026-07-07T22:08:46
한신공영,00162063,004960,KOSPI,연간x별도,재무제표,DS-2/DS-3,DONE,"cross-check completed for ['매출액', '영업이익']",,2026-07-07T22:08:46
한신공영,00162063,004960,KOSPI,연간x별도,지표,CV-6,PASS,default metric selection visible,,2026-07-07T22:08:46
한신공영,00162063,004960,KOSPI,분기x연결,재무제표,DS-1,PASS,,,2026-07-07T22:08:52
한신공영,00162063,004960,KOSPI,분기x연결,상단,DS-8,PASS,,,2026-07-07T22:08:52
한신공영,00162063,004960,KOSPI,분기x연결,상단,DS-7,PASS,"badges seen: ['✅', '🔎', '⚠']",,2026-07-07T22:08:52
한신공영,00162063,004960,KOSPI,분기x연결,재무제표,CV-3,PASS,rows=29 cols=60 slider_extended=True,,2026-07-07T22:08:52
한신공영,00162063,004960,KOSPI,분기x연결,재무제표,DS-2/DS-3,DONE,"cross-check completed for ['매출액', '영업이익']",,2026-07-07T22:08:52
한신공영,00162063,004960,KOSPI,분기x연결,지표,CV-6,PASS,default metric selection visible,,2026-07-07T22:08:52
한신공영,00162063,004960,KOSPI,분기x별도,재무제표,DS-1,PASS,,,2026-07-07T22:08:59
한신공영,00162063,004960,KOSPI,분기x별도,상단,DS-8,PASS,,,2026-07-07T22:08:59
한신공영,00162063,004960,KOSPI,분기x별도,상단,DS-7,PASS,"badges seen: ['✅', '🔎', '⚠']",,2026-07-07T22:08:59
한신공영,00162063,004960,KOSPI,분기x별도,재무제표,CV-3,PASS,rows=29 cols=78 slider_extended=True,,2026-07-07T22:08:59
한신공영,00162063,004960,KOSPI,분기x별도,재무제표,DS-2/DS-3,DONE,"cross-check completed for ['매출액', '영업이익']",,2026-07-07T22:08:59
한신공영,00162063,004960,KOSPI,분기x별도,지표,CV-6,PASS,default metric selection visible,,2026-07-07T22:08:59
한신기계공업,00162072,011700,KOSPI,연간x연결,재무제표,DS-1,PASS,,,2026-07-07T22:09:10
한신기계공업,00162072,011700,KOSPI,연간x연결,상단,DS-8,PASS,,,2026-07-07T22:09:10
한신기계공업,00162072,011700,KOSPI,연간x연결,상단,DS-7,PASS,"badges seen: ['✅', '🔎']",,2026-07-07T22:09:10
한신기계공업,00162072,011700,KOSPI,연간x연결,재무제표,CV-3,PASS,rows=29 cols=19 slider_extended=True,,2026-07-07T22:09:10
한신기계공업,00162072,011700,KOSPI,연간x연결,재무제표,DS-2/DS-3,DONE,"cross-check completed for ['매출액', '영업이익']",,2026-07-07T22:09:10
한신기계공업,00162072,011700,KOSPI,연간x연결,지표,CV-6,PASS,default metric selection visible,,2026-07-07T22:09:10
한신기계공업,00162072,011700,KOSPI,연간x별도,재무제표,DS-1,PASS,,,2026-07-07T22:09:15
한신기계공업,00162072,011700,KOSPI,연간x별도,상단,DS-8,PASS,,,2026-07-07T22:09:15
한신기계공업,00162072,011700,KOSPI,연간x별도,상단,DS-7,PASS,"badges seen: ['✅', '🔎']",,2026-07-07T22:09:15
한신기계공업,00162072,011700,KOSPI,연간x별도,재무제표,CV-3,PASS,rows=29 cols=26 slider_extended=True,,2026-07-07T22:09:15
한신기계공업,00162072,011700,KOSPI,연간x별도,재무제표,DS-2/DS-3,DONE,"cross-check completed for ['매출액', '영업이익']",,2026-07-07T22:09:15
한신기계공업,00162072,011700,KOSPI,연간x별도,지표,CV-6,PASS,default metric selection visible,,2026-07-07T22:09:15
한신기계공업,00162072,011700,KOSPI,분기x연결,재무제표,DS-1,PASS,,,2026-07-07T22:09:21
한신기계공업,00162072,011700,KOSPI,분기x연결,상단,DS-8,PASS,,,2026-07-07T22:09:21
한신기계공업,00162072,011700,KOSPI,분기x연결,상단,DS-7,PASS,"badges seen: ['✅', '🔎']",,2026-07-07T22:09:21
한신기계공업,00162072,011700,KOSPI,분기x연결,재무제표,CV-3,PASS,rows=29 cols=60 slider_extended=True,,2026-07-07T22:09:21
한신기계공업,00162072,011700,KOSPI,분기x연결,재무제표,DS-2/DS-3,DONE,"cross-check completed for ['매출액', '영업이익']",,2026-07-07T22:09:21
한신기계공업,00162072,011700,KOSPI,분기x연결,지표,CV-6,PASS,default metric selection visible,,2026-07-07T22:09:21
한신기계공업,00162072,011700,KOSPI,분기x별도,재무제표,DS-1,PASS,,,2026-07-07T22:09:29
한신기계공업,00162072,011700,KOSPI,분기x별도,상단,DS-8,PASS,,,2026-07-07T22:09:29
한신기계공업,00162072,011700,KOSPI,분기x별도,상단,DS-7,PASS,"badges seen: ['✅', '🔎']",,2026-07-07T22:09:29
한신기계공업,00162072,011700,KOSPI,분기x별도,재무제표,CV-3,PASS,rows=29 cols=80 slider_extended=True,,2026-07-07T22:09:29
한신기계공업,00162072,011700,KOSPI,분기x별도,재무제표,DS-2/DS-3,DONE,"cross-check completed for ['매출액', '영업이익']",,2026-07-07T22:09:29
한신기계공업,00162072,011700,KOSPI,분기x별도,지표,CV-6,PASS,default metric selection visible,,2026-07-07T22:09:29
한양증권,00162416,001750,KOSPI,연간x연결,재무제표,DS-1,PASS,,,2026-07-07T22:09:42
한양증권,00162416,001750,KOSPI,연간x연결,상단,DS-8,PASS,,,2026-07-07T22:09:42
한양증권,00162416,001750,KOSPI,연간x연결,상단,DS-7,PASS,"badges seen: ['✅', '🔎']",,2026-07-07T22:09:42
한양증권,00162416,001750,KOSPI,연간x연결,재무제표,CV-3,PASS,rows=29 cols=5 slider_extended=True,,2026-07-07T22:09:42
한양증권,00162416,001750,KOSPI,연간x연결,재무제표,DS-2/DS-3,DONE,"cross-check completed for ['매출액', '영업이익']",,2026-07-07T22:09:42
한양증권,00162416,001750,KOSPI,연간x연결,지표,CV-6,PASS,default metric selection visible,,2026-07-07T22:09:42
한양증권,00162416,001750,KOSPI,연간x별도,재무제표,DS-1,PASS,,,2026-07-07T22:09:47
한양증권,00162416,001750,KOSPI,연간x별도,상단,DS-8,PASS,,,2026-07-07T22:09:47
한양증권,00162416,001750,KOSPI,연간x별도,상단,DS-7,PASS,"badges seen: ['✅', '🔎', '⚠']",,2026-07-07T22:09:47
한양증권,00162416,001750,KOSPI,연간x별도,재무제표,CV-3,PASS,rows=29 cols=25 slider_extended=True,,2026-07-07T22:09:47
한양증권,00162416,001750,KOSPI,연간x별도,재무제표,DS-2/DS-3,DONE,"cross-check completed for ['매출액', '영업이익']",,2026-07-07T22:09:47
한양증권,00162416,001750,KOSPI,연간x별도,지표,CV-6,PASS,default metric selection visible,,2026-07-07T22:09:47
한양증권,00162416,001750,KOSPI,분기x연결,재무제표,DS-1,PASS,,,2026-07-07T22:09:53
한양증권,00162416,001750,KOSPI,분기x연결,상단,DS-8,PASS,,,2026-07-07T22:09:53
한양증권,00162416,001750,KOSPI,분기x연결,상단,DS-7,PASS,"badges seen: ['✅', '🔎']",,2026-07-07T22:09:53
한양증권,00162416,001750,KOSPI,분기x연결,재무제표,CV-3,PASS,rows=29 cols=4 slider_extended=True,,2026-07-07T22:09:53
한양증권,00162416,001750,KOSPI,분기x연결,재무제표,DS-2/DS-3,DONE,"cross-check completed for ['매출액', '영업이익']",,2026-07-07T22:09:53
한양증권,00162416,001750,KOSPI,분기x연결,지표,CV-6,PASS,default metric selection visible,,2026-07-07T22:09:53
한양증권,00162416,001750,KOSPI,분기x별도,재무제표,DS-1,PASS,,,2026-07-07T22:10:00
한양증권,00162416,001750,KOSPI,분기x별도,상단,DS-8,PASS,,,2026-07-07T22:10:00
한양증권,00162416,001750,KOSPI,분기x별도,상단,DS-7,PASS,"badges seen: ['✅', '🔎']",,2026-07-07T22:10:00
한양증권,00162416,001750,KOSPI,분기x별도,재무제표,CV-3,PASS,rows=29 cols=76 slider_extended=True,,2026-07-07T22:10:00
한양증권,00162416,001750,KOSPI,분기x별도,재무제표,DS-2/DS-3,DONE,"cross-check completed for ['매출액', '영업이익']",,2026-07-07T22:10:00
한양증권,00162416,001750,KOSPI,분기x별도,지표,CV-6,PASS,default metric selection visible,,2026-07-07T22:10:00
한온시스템,00161125,018880,KOSPI,연간x연결,재무제표,DS-1,PASS,,,2026-07-07T22:10:14
한온시스템,00161125,018880,KOSPI,연간x연결,상단,DS-8,PASS,,,2026-07-07T22:10:14
한온시스템,00161125,018880,KOSPI,연간x연결,상단,DS-7,PASS,"badges seen: ['✅', '🔎', '⚠']",,2026-07-07T22:10:14
한온시스템,00161125,018880,KOSPI,연간x연결,재무제표,CV-3,PASS,rows=29 cols=19 slider_extended=True,,2026-07-07T22:10:14
한온시스템,00161125,018880,KOSPI,연간x연결,재무제표,DS-2/DS-3,DONE,"cross-check completed for ['매출액', '영업이익']",,2026-07-07T22:10:14
한온시스템,00161125,018880,KOSPI,연간x연결,지표,CV-6,PASS,default metric selection visible,,2026-07-07T22:10:14
한온시스템,00161125,018880,KOSPI,연간x별도,재무제표,DS-1,PASS,,,2026-07-07T22:10:19
한온시스템,00161125,018880,KOSPI,연간x별도,상단,DS-8,PASS,,,2026-07-07T22:10:19
한온시스템,00161125,018880,KOSPI,연간x별도,상단,DS-7,PASS,"badges seen: ['✅', '🔎', '⚠']",,2026-07-07T22:10:19
한온시스템,00161125,018880,KOSPI,연간x별도,재무제표,CV-3,PASS,rows=29 cols=26 slider_extended=True,,2026-07-07T22:10:19
한온시스템,00161125,018880,KOSPI,연간x별도,재무제표,DS-2/DS-3,DONE,"cross-check completed for ['매출액', '영업이익']",,2026-07-07T22:10:19
한온시스템,00161125,018880,KOSPI,연간x별도,지표,CV-6,PASS,default metric selection visible,,2026-07-07T22:10:19
한온시스템,00161125,018880,KOSPI,분기x연결,재무제표,DS-1,PASS,,,2026-07-07T22:10:25
한온시스템,00161125,018880,KOSPI,분기x연결,상단,DS-8,PASS,,,2026-07-07T22:10:25
한온시스템,00161125,018880,KOSPI,분기x연결,상단,DS-7,PASS,"badges seen: ['✅', '🔎', '⚠']",,2026-07-07T22:10:25
한온시스템,00161125,018880,KOSPI,분기x연결,재무제표,CV-3,PASS,rows=29 cols=74 slider_extended=True,,2026-07-07T22:10:25
한온시스템,00161125,018880,KOSPI,분기x연결,재무제표,DS-2/DS-3,DONE,"cross-check completed for ['매출액', '영업이익']",,2026-07-07T22:10:25
한온시스템,00161125,018880,KOSPI,분기x연결,지표,CV-6,PASS,default metric selection visible,,2026-07-07T22:10:25
한온시스템,00161125,018880,KOSPI,분기x별도,재무제표,DS-1,PASS,,,2026-07-07T22:10:33
한온시스템,00161125,018880,KOSPI,분기x별도,상단,DS-8,PASS,,,2026-07-07T22:10:33
한온시스템,00161125,018880,KOSPI,분기x별도,상단,DS-7,PASS,"badges seen: ['✅', '🔎', '⚠']",,2026-07-07T22:10:33
한온시스템,00161125,018880,KOSPI,분기x별도,재무제표,CV-3,PASS,rows=29 cols=84 slider_extended=True,,2026-07-07T22:10:33
한온시스템,00161125,018880,KOSPI,분기x별도,재무제표,DS-2/DS-3,DONE,"cross-check completed for ['매출액', '영업이익']",,2026-07-07T22:10:33
한온시스템,00161125,018880,KOSPI,분기x별도,지표,CV-6,PASS,default metric selection visible,,2026-07-07T22:10:33
한올바이오파마,00162586,009420,KOSPI,연간x연결,재무제표,DS-1,PASS,,,2026-07-07T22:10:46
한올바이오파마,00162586,009420,KOSPI,연간x연결,상단,DS-8,PASS,,,2026-07-07T22:10:46
한올바이오파마,00162586,009420,KOSPI,연간x연결,상단,DS-7,PASS,"badges seen: ['✅', '🔎', '⚠']",,2026-07-07T22:10:46
한올바이오파마,00162586,009420,KOSPI,연간x연결,재무제표,CV-3,PASS,rows=29 cols=19 slider_extended=True,,2026-07-07T22:10:46
한올바이오파마,00162586,009420,KOSPI,연간x연결,재무제표,DS-2/DS-3,DONE,"cross-check completed for ['매출액', '영업이익']",,2026-07-07T22:10:46
한올바이오파마,00162586,009420,KOSPI,연간x연결,지표,CV-6,PASS,default metric selection visible,,2026-07-07T22:10:46
한올바이오파마,00162586,009420,KOSPI,연간x별도,재무제표,DS-1,PASS,,,2026-07-07T22:10:51
한올바이오파마,00162586,009420,KOSPI,연간x별도,상단,DS-8,PASS,,,2026-07-07T22:10:51
한올바이오파마,00162586,009420,KOSPI,연간x별도,상단,DS-7,PASS,"badges seen: ['✅', '🔎', '⚠']",,2026-07-07T22:10:51
한올바이오파마,00162586,009420,KOSPI,연간x별도,재무제표,CV-3,PASS,rows=29 cols=28 slider_extended=True,,2026-07-07T22:10:51
한올바이오파마,00162586,009420,KOSPI,연간x별도,재무제표,DS-2/DS-3,DONE,"cross-check completed for ['매출액', '영업이익']",,2026-07-07T22:10:51
한올바이오파마,00162586,009420,KOSPI,연간x별도,지표,CV-6,PASS,default metric selection visible,,2026-07-07T22:10:51
한올바이오파마,00162586,009420,KOSPI,분기x연결,재무제표,DS-1,PASS,,,2026-07-07T22:10:57
한올바이오파마,00162586,009420,KOSPI,분기x연결,상단,DS-8,PASS,,,2026-07-07T22:10:57
한올바이오파마,00162586,009420,KOSPI,분기x연결,상단,DS-7,PASS,"badges seen: ['✅', '🔎']",,2026-07-07T22:10:57
한올바이오파마,00162586,009420,KOSPI,분기x연결,재무제표,CV-3,PASS,rows=29 cols=60 slider_extended=True,,2026-07-07T22:10:57
한올바이오파마,00162586,009420,KOSPI,분기x연결,재무제표,DS-2/DS-3,DONE,"cross-check completed for ['매출액', '영업이익']",,2026-07-07T22:10:57
한올바이오파마,00162586,009420,KOSPI,분기x연결,지표,CV-6,PASS,default metric selection visible,,2026-07-07T22:10:57
한올바이오파마,00162586,009420,KOSPI,분기x별도,재무제표,DS-1,PASS,,,2026-07-07T22:11:05
한올바이오파마,00162586,009420,KOSPI,분기x별도,상단,DS-8,PASS,,,2026-07-07T22:11:05
한올바이오파마,00162586,009420,KOSPI,분기x별도,상단,DS-7,PASS,"badges seen: ['✅', '🔎']",,2026-07-07T22:11:05
한올바이오파마,00162586,009420,KOSPI,분기x별도,재무제표,CV-3,PASS,rows=29 cols=86 slider_extended=True,,2026-07-07T22:11:05
한올바이오파마,00162586,009420,KOSPI,분기x별도,재무제표,DS-2/DS-3,DONE,"cross-check completed for ['매출액', '영업이익']",,2026-07-07T22:11:05
한올바이오파마,00162586,009420,KOSPI,분기x별도,지표,CV-6,PASS,default metric selection visible,,2026-07-07T22:11:05
한익스프레스,00129509,014130,KOSPI,연간x연결,재무제표,DS-1,PASS,,,2026-07-07T22:11:16
한익스프레스,00129509,014130,KOSPI,연간x연결,상단,DS-8,PASS,,,2026-07-07T22:11:16
한익스프레스,00129509,014130,KOSPI,연간x연결,상단,DS-7,PASS,"badges seen: ['✅', '🔎', '⚠']",,2026-07-07T22:11:16
한익스프레스,00129509,014130,KOSPI,연간x연결,재무제표,CV-3,PASS,rows=29 cols=19 slider_extended=True,,2026-07-07T22:11:16
한익스프레스,00129509,014130,KOSPI,연간x연결,재무제표,DS-2/DS-3,DONE,"cross-check completed for ['매출액', '영업이익']",,2026-07-07T22:11:16
한익스프레스,00129509,014130,KOSPI,연간x연결,지표,CV-6,PASS,default metric selection visible,,2026-07-07T22:11:16
한익스프레스,00129509,014130,KOSPI,연간x별도,재무제표,DS-1,PASS,,,2026-07-07T22:11:21
한익스프레스,00129509,014130,KOSPI,연간x별도,상단,DS-8,PASS,,,2026-07-07T22:11:21
한익스프레스,00129509,014130,KOSPI,연간x별도,상단,DS-7,PASS,"badges seen: ['✅', '🔎', '⚠']",,2026-07-07T22:11:21
한익스프레스,00129509,014130,KOSPI,연간x별도,재무제표,CV-3,PASS,rows=29 cols=24 slider_extended=True,,2026-07-07T22:11:21
한익스프레스,00129509,014130,KOSPI,연간x별도,재무제표,DS-2/DS-3,DONE,"cross-check completed for ['매출액', '영업이익']",,2026-07-07T22:11:21
한익스프레스,00129509,014130,KOSPI,연간x별도,지표,CV-6,PASS,default metric selection visible,,2026-07-07T22:11:21
한익스프레스,00129509,014130,KOSPI,분기x연결,재무제표,DS-1,PASS,,,2026-07-07T22:11:27
한익스프레스,00129509,014130,KOSPI,분기x연결,상단,DS-8,PASS,,,2026-07-07T22:11:27
한익스프레스,00129509,014130,KOSPI,분기x연결,상단,DS-7,PASS,"badges seen: ['✅', '🔎', '⚠']",,2026-07-07T22:11:27
한익스프레스,00129509,014130,KOSPI,분기x연결,재무제표,CV-3,PASS,rows=29 cols=60 slider_extended=True,,2026-07-07T22:11:27
한익스프레스,00129509,014130,KOSPI,분기x연결,재무제표,DS-2/DS-3,DONE,"cross-check completed for ['매출액', '영업이익']",,2026-07-07T22:11:27
한익스프레스,00129509,014130,KOSPI,분기x연결,지표,CV-6,PASS,default metric selection visible,,2026-07-07T22:11:27
한익스프레스,00129509,014130,KOSPI,분기x별도,재무제표,DS-1,PASS,,,2026-07-07T22:11:34
한익스프레스,00129509,014130,KOSPI,분기x별도,상단,DS-8,PASS,,,2026-07-07T22:11:34
한익스프레스,00129509,014130,KOSPI,분기x별도,상단,DS-7,PASS,"badges seen: ['✅', '🔎', '⚠']",,2026-07-07T22:11:34
한익스프레스,00129509,014130,KOSPI,분기x별도,재무제표,CV-3,PASS,rows=29 cols=81 slider_extended=True,,2026-07-07T22:11:34
한익스프레스,00129509,014130,KOSPI,분기x별도,재무제표,DS-2/DS-3,DONE,"cross-check completed for ['매출액', '영업이익']",,2026-07-07T22:11:34
한익스프레스,00129509,014130,KOSPI,분기x별도,지표,CV-6,PASS,default metric selection visible,,2026-07-07T22:11:34
한일시멘트,01319808,300720,KOSPI,연간x연결,재무제표,DS-1,PASS,,,2026-07-07T22:11:48
한일시멘트,01319808,300720,KOSPI,연간x연결,상단,DS-8,PASS,,,2026-07-07T22:11:48
한일시멘트,01319808,300720,KOSPI,연간x연결,상단,DS-7,PASS,"badges seen: ['✅', '🔎']",,2026-07-07T22:11:48
한일시멘트,01319808,300720,KOSPI,연간x연결,재무제표,CV-3,PASS,rows=29 cols=10 slider_extended=True,,2026-07-07T22:11:48
한일시멘트,01319808,300720,KOSPI,연간x연결,재무제표,DS-2/DS-3,DONE,"cross-check completed for ['매출액', '영업이익']",,2026-07-07T22:11:48
한일시멘트,01319808,300720,KOSPI,연간x연결,지표,CV-6,PASS,default metric selection visible,,2026-07-07T22:11:48
한일시멘트,01319808,300720,KOSPI,연간x별도,재무제표,DS-1,PASS,,,2026-07-07T22:11:53
한일시멘트,01319808,300720,KOSPI,연간x별도,상단,DS-8,PASS,,,2026-07-07T22:11:53
한일시멘트,01319808,300720,KOSPI,연간x별도,상단,DS-7,PASS,"badges seen: ['✅', '🔎']",,2026-07-07T22:11:53
한일시멘트,01319808,300720,KOSPI,연간x별도,재무제표,CV-3,PASS,rows=29 cols=10 slider_extended=True,,2026-07-07T22:11:53
한일시멘트,01319808,300720,KOSPI,연간x별도,재무제표,DS-2/DS-3,DONE,"cross-check completed for ['매출액', '영업이익']",,2026-07-07T22:11:53
한일시멘트,01319808,300720,KOSPI,연간x별도,지표,CV-6,PASS,default metric selection visible,,2026-07-07T22:11:53
한일시멘트,01319808,300720,KOSPI,분기x연결,재무제표,DS-1,PASS,,,2026-07-07T22:11:59
한일시멘트,01319808,300720,KOSPI,분기x연결,상단,DS-8,PASS,,,2026-07-07T22:11:59
한일시멘트,01319808,300720,KOSPI,분기x연결,상단,DS-7,PASS,"badges seen: ['✅', '🔎']",,2026-07-07T22:11:59
한일시멘트,01319808,300720,KOSPI,분기x연결,재무제표,CV-3,PASS,rows=29 cols=29 slider_extended=True,,2026-07-07T22:11:59
한일시멘트,01319808,300720,KOSPI,분기x연결,재무제표,DS-2/DS-3,DONE,"cross-check completed for ['매출액', '영업이익']",,2026-07-07T22:11:59
한일시멘트,01319808,300720,KOSPI,분기x연결,지표,CV-6,PASS,default metric selection visible,,2026-07-07T22:11:59
한일시멘트,01319808,300720,KOSPI,분기x별도,재무제표,DS-1,PASS,,,2026-07-07T22:12:07
한일시멘트,01319808,300720,KOSPI,분기x별도,상단,DS-8,PASS,,,2026-07-07T22:12:07
한일시멘트,01319808,300720,KOSPI,분기x별도,상단,DS-7,PASS,"badges seen: ['✅', '🔎']",,2026-07-07T22:12:07
한일시멘트,01319808,300720,KOSPI,분기x별도,재무제표,CV-3,PASS,rows=29 cols=33 slider_extended=True,,2026-07-07T22:12:07
한일시멘트,01319808,300720,KOSPI,분기x별도,재무제표,DS-2/DS-3,DONE,"cross-check completed for ['매출액', '영업이익']",,2026-07-07T22:12:07
한일시멘트,01319808,300720,KOSPI,분기x별도,지표,CV-6,PASS,default metric selection visible,,2026-07-07T22:12:07
한일철강,00163196,002220,KOSPI,연간x연결,재무제표,DS-1,PASS,,,2026-07-07T22:12:20
한일철강,00163196,002220,KOSPI,연간x연결,상단,DS-8,PASS,,,2026-07-07T22:12:20
한일철강,00163196,002220,KOSPI,연간x연결,상단,DS-7,PASS,"badges seen: ['✅', '🔎', '⚠']",,2026-07-07T22:12:20
한일철강,00163196,002220,KOSPI,연간x연결,재무제표,CV-3,PASS,rows=29 cols=20 slider_extended=True,,2026-07-07T22:12:20
한일철강,00163196,002220,KOSPI,연간x연결,재무제표,DS-2/DS-3,DONE,"cross-check completed for ['매출액', '영업이익']",,2026-07-07T22:12:20
한일철강,00163196,002220,KOSPI,연간x연결,지표,CV-6,PASS,default metric selection visible,,2026-07-07T22:12:20
한일철강,00163196,002220,KOSPI,연간x별도,재무제표,DS-1,PASS,,,2026-07-07T22:12:25
한일철강,00163196,002220,KOSPI,연간x별도,상단,DS-8,PASS,,,2026-07-07T22:12:25
한일철강,00163196,002220,KOSPI,연간x별도,상단,DS-7,PASS,"badges seen: ['✅', '🔎']",,2026-07-07T22:12:25
한일철강,00163196,002220,KOSPI,연간x별도,재무제표,CV-3,PASS,rows=29 cols=24 slider_extended=True,,2026-07-07T22:12:25
한일철강,00163196,002220,KOSPI,연간x별도,재무제표,DS-2/DS-3,DONE,"cross-check completed for ['매출액', '영업이익']",,2026-07-07T22:12:25
한일철강,00163196,002220,KOSPI,연간x별도,지표,CV-6,PASS,default metric selection visible,,2026-07-07T22:12:25
한일철강,00163196,002220,KOSPI,분기x연결,재무제표,DS-1,PASS,,,2026-07-07T22:12:31
한일철강,00163196,002220,KOSPI,분기x연결,상단,DS-8,PASS,,,2026-07-07T22:12:31
한일철강,00163196,002220,KOSPI,분기x연결,상단,DS-7,PASS,"badges seen: ['✅', '🔎']",,2026-07-07T22:12:31
한일철강,00163196,002220,KOSPI,분기x연결,재무제표,CV-3,PASS,rows=29 cols=69 slider_extended=True,,2026-07-07T22:12:31
한일철강,00163196,002220,KOSPI,분기x연결,재무제표,DS-2/DS-3,DONE,"cross-check completed for ['매출액', '영업이익']",,2026-07-07T22:12:31
한일철강,00163196,002220,KOSPI,분기x연결,지표,CV-6,PASS,default metric selection visible,,2026-07-07T22:12:31
한일철강,00163196,002220,KOSPI,분기x별도,재무제표,DS-1,PASS,,,2026-07-07T22:12:39
한일철강,00163196,002220,KOSPI,분기x별도,상단,DS-8,PASS,,,2026-07-07T22:12:39
한일철강,00163196,002220,KOSPI,분기x별도,상단,DS-7,PASS,"badges seen: ['✅', '🔎']",,2026-07-07T22:12:39
한일철강,00163196,002220,KOSPI,분기x별도,재무제표,CV-3,PASS,rows=29 cols=81 slider_extended=True,,2026-07-07T22:12:39
한일철강,00163196,002220,KOSPI,분기x별도,재무제표,DS-2/DS-3,DONE,"cross-check completed for ['매출액', '영업이익']",,2026-07-07T22:12:39
한일철강,00163196,002220,KOSPI,분기x별도,지표,CV-6,PASS,default metric selection visible,,2026-07-07T22:12:39
한일홀딩스,00162993,003300,KOSPI,연간x연결,재무제표,DS-1,PASS,,,2026-07-07T22:12:52
한일홀딩스,00162993,003300,KOSPI,연간x연결,상단,DS-8,PASS,,,2026-07-07T22:12:52
한일홀딩스,00162993,003300,KOSPI,연간x연결,상단,DS-7,PASS,"badges seen: ['✅', '🔎', '⚠']",,2026-07-07T22:12:52
한일홀딩스,00162993,003300,KOSPI,연간x연결,재무제표,CV-3,PASS,rows=29 cols=20 slider_extended=True,,2026-07-07T22:12:52
한일홀딩스,00162993,003300,KOSPI,연간x연결,재무제표,DS-2/DS-3,DONE,"cross-check completed for ['매출액', '영업이익']",,2026-07-07T22:12:52
한일홀딩스,00162993,003300,KOSPI,연간x연결,지표,CV-6,PASS,default metric selection visible,,2026-07-07T22:12:52
한일홀딩스,00162993,003300,KOSPI,연간x별도,재무제표,DS-1,PASS,,,2026-07-07T22:12:57
한일홀딩스,00162993,003300,KOSPI,연간x별도,상단,DS-8,PASS,,,2026-07-07T22:12:57
한일홀딩스,00162993,003300,KOSPI,연간x별도,상단,DS-7,PASS,"badges seen: ['✅', '🔎', '⚠']",,2026-07-07T22:12:57
한일홀딩스,00162993,003300,KOSPI,연간x별도,재무제표,CV-3,PASS,rows=29 cols=26 slider_extended=True,,2026-07-07T22:12:57
한일홀딩스,00162993,003300,KOSPI,연간x별도,재무제표,DS-2/DS-3,DONE,"cross-check completed for ['매출액', '영업이익']",,2026-07-07T22:12:57
한일홀딩스,00162993,003300,KOSPI,연간x별도,지표,CV-6,PASS,default metric selection visible,,2026-07-07T22:12:57
한일홀딩스,00162993,003300,KOSPI,분기x연결,재무제표,DS-1,PASS,,,2026-07-07T22:13:03
한일홀딩스,00162993,003300,KOSPI,분기x연결,상단,DS-8,PASS,,,2026-07-07T22:13:03
한일홀딩스,00162993,003300,KOSPI,분기x연결,상단,DS-7,PASS,"badges seen: ['✅', '🔎']",,2026-07-07T22:13:03
한일홀딩스,00162993,003300,KOSPI,분기x연결,재무제표,CV-3,PASS,rows=29 cols=70 slider_extended=True,,2026-07-07T22:13:03
한일홀딩스,00162993,003300,KOSPI,분기x연결,재무제표,DS-2/DS-3,DONE,"cross-check completed for ['매출액', '영업이익']",,2026-07-07T22:13:03
한일홀딩스,00162993,003300,KOSPI,분기x연결,지표,CV-6,PASS,default metric selection visible,,2026-07-07T22:13:03
한일홀딩스,00162993,003300,KOSPI,분기x별도,재무제표,DS-1,PASS,,,2026-07-07T22:13:11
한일홀딩스,00162993,003300,KOSPI,분기x별도,상단,DS-8,PASS,,,2026-07-07T22:13:11
한일홀딩스,00162993,003300,KOSPI,분기x별도,상단,DS-7,PASS,"badges seen: ['✅', '🔎', '⚠']",,2026-07-07T22:13:11
한일홀딩스,00162993,003300,KOSPI,분기x별도,재무제표,CV-3,PASS,rows=29 cols=82 slider_extended=True,,2026-07-07T22:13:11
한일홀딩스,00162993,003300,KOSPI,분기x별도,재무제표,DS-2/DS-3,DONE,"cross-check completed for ['매출액', '영업이익']",,2026-07-07T22:13:11
한일홀딩스,00162993,003300,KOSPI,분기x별도,지표,CV-6,PASS,default metric selection visible,,2026-07-07T22:13:11
한전기술,00159209,052690,KOSPI,연간x연결,재무제표,DS-1,PASS,,,2026-07-07T22:13:22
한전기술,00159209,052690,KOSPI,연간x연결,상단,DS-8,PASS,,,2026-07-07T22:13:22
한전기술,00159209,052690,KOSPI,연간x연결,상단,DS-7,PASS,"badges seen: ['✅', '🔎']",,2026-07-07T22:13:22
한전기술,00159209,052690,KOSPI,연간x연결,재무제표,CV-3,PASS,rows=29 cols=10 slider_extended=True,,2026-07-07T22:13:22
한전기술,00159209,052690,KOSPI,연간x연결,재무제표,DS-2/DS-3,DONE,"cross-check completed for ['매출액', '영업이익']",,2026-07-07T22:13:22
한전기술,00159209,052690,KOSPI,연간x연결,지표,CV-6,PASS,default metric selection visible,,2026-07-07T22:13:22
한전기술,00159209,052690,KOSPI,연간x별도,재무제표,DS-1,PASS,,,2026-07-07T22:13:27
한전기술,00159209,052690,KOSPI,연간x별도,상단,DS-8,PASS,,,2026-07-07T22:13:27
한전기술,00159209,052690,KOSPI,연간x별도,상단,DS-7,PASS,"badges seen: ['✅', '🔎']",,2026-07-07T22:13:27
한전기술,00159209,052690,KOSPI,연간x별도,재무제표,CV-3,PASS,rows=29 cols=21 slider_extended=True,,2026-07-07T22:13:27
한전기술,00159209,052690,KOSPI,연간x별도,재무제표,DS-2/DS-3,DONE,"cross-check completed for ['매출액', '영업이익']",,2026-07-07T22:13:27
한전기술,00159209,052690,KOSPI,연간x별도,지표,CV-6,PASS,default metric selection visible,,2026-07-07T22:13:27
한전기술,00159209,052690,KOSPI,분기x연결,재무제표,DS-1,PASS,,,2026-07-07T22:13:33
한전기술,00159209,052690,KOSPI,분기x연결,상단,DS-8,PASS,,,2026-07-07T22:13:33
한전기술,00159209,052690,KOSPI,분기x연결,상단,DS-7,PASS,"badges seen: ['✅', '🔎', '⚠']",,2026-07-07T22:13:33
한전기술,00159209,052690,KOSPI,분기x연결,재무제표,CV-3,PASS,rows=29 cols=31 slider_extended=True,,2026-07-07T22:13:33
한전기술,00159209,052690,KOSPI,분기x연결,재무제표,DS-2/DS-3,DONE,"cross-check completed for ['매출액', '영업이익']",,2026-07-07T22:13:33
한전기술,00159209,052690,KOSPI,분기x연결,지표,CV-6,PASS,default metric selection visible,,2026-07-07T22:13:33
한전기술,00159209,052690,KOSPI,분기x별도,재무제표,DS-1,PASS,,,2026-07-07T22:13:40
한전기술,00159209,052690,KOSPI,분기x별도,상단,DS-8,PASS,,,2026-07-07T22:13:40
한전기술,00159209,052690,KOSPI,분기x별도,상단,DS-7,PASS,"badges seen: ['✅', '🔎', '⚠']",,2026-07-07T22:13:40
한전기술,00159209,052690,KOSPI,분기x별도,재무제표,CV-3,PASS,rows=29 cols=69 slider_extended=True,,2026-07-07T22:13:40
한전기술,00159209,052690,KOSPI,분기x별도,재무제표,DS-2/DS-3,DONE,"cross-check completed for ['매출액', '영업이익']",,2026-07-07T22:13:40
한전기술,00159209,052690,KOSPI,분기x별도,지표,CV-6,PASS,default metric selection visible,,2026-07-07T22:13:40
한전산업,00194947,130660,KOSPI,연간x연결,재무제표,DS-1,PASS,,,2026-07-07T22:13:54
한전산업,00194947,130660,KOSPI,연간x연결,상단,DS-8,PASS,,,2026-07-07T22:13:54
한전산업,00194947,130660,KOSPI,연간x연결,상단,DS-7,PASS,"badges seen: ['✅', '🔎']",,2026-07-07T22:13:54
한전산업,00194947,130660,KOSPI,연간x연결,재무제표,CV-3,PASS,rows=29 cols=19 slider_extended=True,,2026-07-07T22:13:54
한전산업,00194947,130660,KOSPI,연간x연결,재무제표,DS-2/DS-3,DONE,"cross-check completed for ['매출액', '영업이익']",,2026-07-07T22:13:54
한전산업,00194947,130660,KOSPI,연간x연결,지표,CV-6,PASS,default metric selection visible,,2026-07-07T22:13:54
한전산업,00194947,130660,KOSPI,연간x별도,재무제표,DS-1,PASS,,,2026-07-07T22:13:59
한전산업,00194947,130660,KOSPI,연간x별도,상단,DS-8,PASS,,,2026-07-07T22:13:59
한전산업,00194947,130660,KOSPI,연간x별도,상단,DS-7,PASS,"badges seen: ['✅', '🔎']",,2026-07-07T22:13:59
한전산업,00194947,130660,KOSPI,연간x별도,재무제표,CV-3,PASS,rows=29 cols=20 slider_extended=True,,2026-07-07T22:13:59
한전산업,00194947,130660,KOSPI,연간x별도,재무제표,DS-2/DS-3,DONE,"cross-check completed for ['매출액', '영업이익']",,2026-07-07T22:13:59
한전산업,00194947,130660,KOSPI,연간x별도,지표,CV-6,PASS,default metric selection visible,,2026-07-07T22:13:59
한전산업,00194947,130660,KOSPI,분기x연결,재무제표,DS-1,PASS,,,2026-07-07T22:14:05
한전산업,00194947,130660,KOSPI,분기x연결,상단,DS-8,PASS,,,2026-07-07T22:14:05
한전산업,00194947,130660,KOSPI,분기x연결,상단,DS-7,PASS,"badges seen: ['✅', '🔎']",,2026-07-07T22:14:05
한전산업,00194947,130660,KOSPI,분기x연결,재무제표,CV-3,PASS,rows=29 cols=60 slider_extended=True,,2026-07-07T22:14:05
한전산업,00194947,130660,KOSPI,분기x연결,재무제표,DS-2/DS-3,DONE,"cross-check completed for ['매출액', '영업이익']",,2026-07-07T22:14:05
한전산업,00194947,130660,KOSPI,분기x연결,지표,CV-6,PASS,default metric selection visible,,2026-07-07T22:14:05
한전산업,00194947,130660,KOSPI,분기x별도,재무제표,DS-1,PASS,,,2026-07-07T22:14:13
한전산업,00194947,130660,KOSPI,분기x별도,상단,DS-8,PASS,,,2026-07-07T22:14:13
한전산업,00194947,130660,KOSPI,분기x별도,상단,DS-7,PASS,"badges seen: ['✅', '🔎']",,2026-07-07T22:14:13
한전산업,00194947,130660,KOSPI,분기x별도,재무제표,CV-3,PASS,rows=29 cols=63 slider_extended=True,,2026-07-07T22:14:13
한전산업,00194947,130660,KOSPI,분기x별도,재무제표,DS-2/DS-3,DONE,"cross-check completed for ['매출액', '영업이익']",,2026-07-07T22:14:13
한전산업,00194947,130660,KOSPI,분기x별도,지표,CV-6,PASS,default metric selection visible,,2026-07-07T22:14:13
한진,00163512,002320,KOSPI,연간x연결,재무제표,DS-1,PASS,,,2026-07-07T22:14:24
한진,00163512,002320,KOSPI,연간x연결,상단,DS-8,PASS,,,2026-07-07T22:14:24
한진,00163512,002320,KOSPI,연간x연결,상단,DS-7,PASS,"badges seen: ['✅', '🔎', '⚠']",,2026-07-07T22:14:24
한진,00163512,002320,KOSPI,연간x연결,재무제표,CV-3,PASS,rows=29 cols=20 slider_extended=True,,2026-07-07T22:14:24
한진,00163512,002320,KOSPI,연간x연결,재무제표,DS-2/DS-3,DONE,"cross-check completed for ['매출액', '영업이익']",,2026-07-07T22:14:24
한진,00163512,002320,KOSPI,연간x연결,지표,CV-6,PASS,default metric selection visible,,2026-07-07T22:14:24
한진,00163512,002320,KOSPI,연간x별도,재무제표,DS-1,PASS,,,2026-07-07T22:14:29
한진,00163512,002320,KOSPI,연간x별도,상단,DS-8,PASS,,,2026-07-07T22:14:29
한진,00163512,002320,KOSPI,연간x별도,상단,DS-7,PASS,"badges seen: ['✅', '🔎', '⚠']",,2026-07-07T22:14:29
한진,00163512,002320,KOSPI,연간x별도,재무제표,CV-3,PASS,rows=29 cols=27 slider_extended=True,,2026-07-07T22:14:29
한진,00163512,002320,KOSPI,연간x별도,재무제표,DS-2/DS-3,DONE,"cross-check completed for ['매출액', '영업이익']",,2026-07-07T22:14:29
한진,00163512,002320,KOSPI,연간x별도,지표,CV-6,PASS,default metric selection visible,,2026-07-07T22:14:29
한진,00163512,002320,KOSPI,분기x연결,재무제표,DS-1,PASS,,,2026-07-07T22:14:35
한진,00163512,002320,KOSPI,분기x연결,상단,DS-8,PASS,,,2026-07-07T22:14:35
한진,00163512,002320,KOSPI,분기x연결,상단,DS-7,PASS,"badges seen: ['✅', '🔎']",,2026-07-07T22:14:35
한진,00163512,002320,KOSPI,분기x연결,재무제표,CV-3,PASS,rows=29 cols=66 slider_extended=True,,2026-07-07T22:14:35
한진,00163512,002320,KOSPI,분기x연결,재무제표,DS-2/DS-3,DONE,"cross-check completed for ['매출액', '영업이익']",,2026-07-07T22:14:35
한진,00163512,002320,KOSPI,분기x연결,지표,CV-6,PASS,default metric selection visible,,2026-07-07T22:14:35
한진,00163512,002320,KOSPI,분기x별도,재무제표,DS-1,PASS,,,2026-07-07T22:14:42
한진,00163512,002320,KOSPI,분기x별도,상단,DS-8,PASS,,,2026-07-07T22:14:42
한진,00163512,002320,KOSPI,분기x별도,상단,DS-7,PASS,"badges seen: ['✅', '🔎']",,2026-07-07T22:14:42
한진,00163512,002320,KOSPI,분기x별도,재무제표,CV-3,PASS,rows=29 cols=90 slider_extended=True,,2026-07-07T22:14:42
한진,00163512,002320,KOSPI,분기x별도,재무제표,DS-2/DS-3,DONE,"cross-check completed for ['매출액', '영업이익']",,2026-07-07T22:14:42
한진,00163512,002320,KOSPI,분기x별도,지표,CV-6,PASS,default metric selection visible,,2026-07-07T22:14:42
한진중공업홀딩스,00163673,003480,KOSPI,연간x연결,재무제표,DS-1,PASS,,,2026-07-07T22:14:56
한진중공업홀딩스,00163673,003480,KOSPI,연간x연결,상단,DS-8,PASS,,,2026-07-07T22:14:56
한진중공업홀딩스,00163673,003480,KOSPI,연간x연결,상단,DS-7,PASS,"badges seen: ['✅', '🔎', '⚠']",,2026-07-07T22:14:56
한진중공업홀딩스,00163673,003480,KOSPI,연간x연결,재무제표,CV-3,PASS,rows=29 cols=22 slider_extended=True,,2026-07-07T22:14:56
한진중공업홀딩스,00163673,003480,KOSPI,연간x연결,재무제표,DS-2/DS-3,DONE,"cross-check completed for ['매출액', '영업이익']",,2026-07-07T22:14:56
한진중공업홀딩스,00163673,003480,KOSPI,연간x연결,지표,CV-6,PASS,default metric selection visible,,2026-07-07T22:14:56
한진중공업홀딩스,00163673,003480,KOSPI,연간x별도,재무제표,DS-1,PASS,,,2026-07-07T22:15:01
한진중공업홀딩스,00163673,003480,KOSPI,연간x별도,상단,DS-8,PASS,,,2026-07-07T22:15:01
한진중공업홀딩스,00163673,003480,KOSPI,연간x별도,상단,DS-7,PASS,"badges seen: ['✅', '🔎', '⚠']",,2026-07-07T22:15:01
한진중공업홀딩스,00163673,003480,KOSPI,연간x별도,재무제표,CV-3,PASS,rows=29 cols=23 slider_extended=True,,2026-07-07T22:15:01
한진중공업홀딩스,00163673,003480,KOSPI,연간x별도,재무제표,DS-2/DS-3,DONE,"cross-check completed for ['매출액', '영업이익']",,2026-07-07T22:15:01
한진중공업홀딩스,00163673,003480,KOSPI,연간x별도,지표,CV-6,PASS,default metric selection visible,,2026-07-07T22:15:01
한진중공업홀딩스,00163673,003480,KOSPI,분기x연결,재무제표,DS-1,PASS,,,2026-07-07T22:15:07
한진중공업홀딩스,00163673,003480,KOSPI,분기x연결,상단,DS-8,PASS,,,2026-07-07T22:15:07
한진중공업홀딩스,00163673,003480,KOSPI,분기x연결,상단,DS-7,PASS,"badges seen: ['✅', '🔎', '⚠']",,2026-07-07T22:15:07
한진중공업홀딩스,00163673,003480,KOSPI,분기x연결,재무제표,CV-3,PASS,rows=29 cols=71 slider_extended=True,,2026-07-07T22:15:07
한진중공업홀딩스,00163673,003480,KOSPI,분기x연결,재무제표,DS-2/DS-3,DONE,"cross-check completed for ['매출액', '영업이익']",,2026-07-07T22:15:07
한진중공업홀딩스,00163673,003480,KOSPI,분기x연결,지표,CV-6,PASS,default metric selection visible,,2026-07-07T22:15:07
한진중공업홀딩스,00163673,003480,KOSPI,분기x별도,재무제표,DS-1,PASS,,,2026-07-07T22:15:15
한진중공업홀딩스,00163673,003480,KOSPI,분기x별도,상단,DS-8,PASS,,,2026-07-07T22:15:15
한진중공업홀딩스,00163673,003480,KOSPI,분기x별도,상단,DS-7,PASS,"badges seen: ['✅', '🔎', '⚠']",,2026-07-07T22:15:15
한진중공업홀딩스,00163673,003480,KOSPI,분기x별도,재무제표,CV-3,PASS,rows=29 cols=74 slider_extended=True,,2026-07-07T22:15:15
한진중공업홀딩스,00163673,003480,KOSPI,분기x별도,재무제표,DS-2/DS-3,DONE,"cross-check completed for ['매출액', '영업이익']",,2026-07-07T22:15:15
한진중공업홀딩스,00163673,003480,KOSPI,분기x별도,지표,CV-6,PASS,default metric selection visible,,2026-07-07T22:15:15
한진칼,00983040,180640,KOSPI,연간x연결,재무제표,DS-1,PASS,,,2026-07-07T22:15:26
한진칼,00983040,180640,KOSPI,연간x연결,상단,DS-8,PASS,,,2026-07-07T22:15:26
한진칼,00983040,180640,KOSPI,연간x연결,상단,DS-7,PASS,"badges seen: ['✅', '🔎']",,2026-07-07T22:15:26
한진칼,00983040,180640,KOSPI,연간x연결,재무제표,CV-3,PASS,rows=29 cols=15 slider_extended=True,,2026-07-07T22:15:26
한진칼,00983040,180640,KOSPI,연간x연결,재무제표,DS-2/DS-3,DONE,"cross-check completed for ['매출액', '영업이익']",,2026-07-07T22:15:26
한진칼,00983040,180640,KOSPI,연간x연결,지표,CV-6,PASS,default metric selection visible,,2026-07-07T22:15:26
한진칼,00983040,180640,KOSPI,연간x별도,재무제표,DS-1,PASS,,,2026-07-07T22:15:31
한진칼,00983040,180640,KOSPI,연간x별도,상단,DS-8,PASS,,,2026-07-07T22:15:31
한진칼,00983040,180640,KOSPI,연간x별도,상단,DS-7,PASS,"badges seen: ['✅', '🔎', '⚠']",,2026-07-07T22:15:31
한진칼,00983040,180640,KOSPI,연간x별도,재무제표,CV-3,PASS,rows=29 cols=15 slider_extended=True,,2026-07-07T22:15:31
한진칼,00983040,180640,KOSPI,연간x별도,재무제표,DS-2/DS-3,DONE,"cross-check completed for ['매출액', '영업이익']",,2026-07-07T22:15:31
한진칼,00983040,180640,KOSPI,연간x별도,지표,CV-6,PASS,default metric selection visible,,2026-07-07T22:15:31
한진칼,00983040,180640,KOSPI,분기x연결,재무제표,DS-1,PASS,,,2026-07-07T22:15:37
한진칼,00983040,180640,KOSPI,분기x연결,상단,DS-8,PASS,,,2026-07-07T22:15:37
한진칼,00983040,180640,KOSPI,분기x연결,상단,DS-7,PASS,"badges seen: ['✅', '🔎', '⚠']",,2026-07-07T22:15:37
한진칼,00983040,180640,KOSPI,분기x연결,재무제표,CV-3,PASS,rows=29 cols=54 slider_extended=True,,2026-07-07T22:15:37
한진칼,00983040,180640,KOSPI,분기x연결,재무제표,DS-2/DS-3,DONE,"cross-check completed for ['매출액', '영업이익']",,2026-07-07T22:15:37
한진칼,00983040,180640,KOSPI,분기x연결,지표,CV-6,PASS,default metric selection visible,,2026-07-07T22:15:37
한진칼,00983040,180640,KOSPI,분기x별도,재무제표,DS-1,PASS,,,2026-07-07T22:15:45
한진칼,00983040,180640,KOSPI,분기x별도,상단,DS-8,PASS,,,2026-07-07T22:15:45
한진칼,00983040,180640,KOSPI,분기x별도,상단,DS-7,PASS,"badges seen: ['✅', '🔎', '⚠']",,2026-07-07T22:15:45
한진칼,00983040,180640,KOSPI,분기x별도,재무제표,CV-3,PASS,rows=29 cols=54 slider_extended=True,,2026-07-07T22:15:45
한진칼,00983040,180640,KOSPI,분기x별도,재무제표,DS-2/DS-3,DONE,"cross-check completed for ['매출액', '영업이익']",,2026-07-07T22:15:45
한진칼,00983040,180640,KOSPI,분기x별도,지표,CV-6,PASS,default metric selection visible,,2026-07-07T22:15:45
한창,00163716,005110,KOSPI,연간x연결,재무제표,DS-1,PASS,,,2026-07-07T22:15:58
한창,00163716,005110,KOSPI,연간x연결,상단,DS-8,PASS,,,2026-07-07T22:15:58
한창,00163716,005110,KOSPI,연간x연결,상단,DS-7,PASS,"badges seen: ['✅', '🔎', '⚠']",,2026-07-07T22:15:58
한창,00163716,005110,KOSPI,연간x연결,재무제표,CV-3,PASS,rows=29 cols=20 slider_extended=True,,2026-07-07T22:15:58
한창,00163716,005110,KOSPI,연간x연결,재무제표,DS-2/DS-3,DONE,"cross-check completed for ['매출액', '영업이익']",,2026-07-07T22:15:58
한창,00163716,005110,KOSPI,연간x연결,지표,CV-6,PASS,default metric selection visible,,2026-07-07T22:15:58
한창,00163716,005110,KOSPI,연간x별도,재무제표,DS-1,PASS,,,2026-07-07T22:16:03
한창,00163716,005110,KOSPI,연간x별도,상단,DS-8,PASS,,,2026-07-07T22:16:03
한창,00163716,005110,KOSPI,연간x별도,상단,DS-7,PASS,"badges seen: ['✅', '🔎', '⚠']",,2026-07-07T22:16:03
한창,00163716,005110,KOSPI,연간x별도,재무제표,CV-3,PASS,rows=29 cols=26 slider_extended=True,,2026-07-07T22:16:03
한창,00163716,005110,KOSPI,연간x별도,재무제표,DS-2/DS-3,DONE,"cross-check completed for ['매출액', '영업이익']",,2026-07-07T22:16:03
한창,00163716,005110,KOSPI,연간x별도,지표,CV-6,PASS,default metric selection visible,,2026-07-07T22:16:03
한창,00163716,005110,KOSPI,분기x연결,재무제표,DS-1,PASS,,,2026-07-07T22:16:10
한창,00163716,005110,KOSPI,분기x연결,상단,DS-8,PASS,,,2026-07-07T22:16:10
한창,00163716,005110,KOSPI,분기x연결,상단,DS-7,PASS,"badges seen: ['✅', '🔎', '⚠']",,2026-07-07T22:16:10
한창,00163716,005110,KOSPI,분기x연결,재무제표,CV-3,PASS,rows=29 cols=60 slider_extended=True,,2026-07-07T22:16:10
한창,00163716,005110,KOSPI,분기x연결,재무제표,DS-2/DS-3,DONE,"cross-check completed for ['매출액', '영업이익']",,2026-07-07T22:16:10
한창,00163716,005110,KOSPI,분기x연결,지표,CV-6,PASS,default metric selection visible,,2026-07-07T22:16:10
한창,00163716,005110,KOSPI,분기x별도,재무제표,DS-1,PASS,,,2026-07-07T22:16:17
한창,00163716,005110,KOSPI,분기x별도,상단,DS-8,PASS,,,2026-07-07T22:16:17
한창,00163716,005110,KOSPI,분기x별도,상단,DS-7,PASS,"badges seen: ['✅', '🔎', '⚠']",,2026-07-07T22:16:17
한창,00163716,005110,KOSPI,분기x별도,재무제표,CV-3,PASS,rows=29 cols=82 slider_extended=True,,2026-07-07T22:16:17
한창,00163716,005110,KOSPI,분기x별도,재무제표,DS-2/DS-3,DONE,"cross-check completed for ['매출액', '영업이익']",,2026-07-07T22:16:17
한창,00163716,005110,KOSPI,분기x별도,지표,CV-6,PASS,default metric selection visible,,2026-07-07T22:16:17
한창제지,00163761,009460,KOSPI,연간x연결,재무제표,DS-1,PASS,,,2026-07-07T22:16:28
한창제지,00163761,009460,KOSPI,연간x연결,상단,DS-8,PASS,,,2026-07-07T22:16:28
한창제지,00163761,009460,KOSPI,연간x연결,상단,DS-4,PASS,substitution caption present,,2026-07-07T22:16:28
한창제지,00163761,009460,KOSPI,연간x연결,상단,DS-7,PASS,"badges seen: ['✅', '🔎']",,2026-07-07T22:16:28
한창제지,00163761,009460,KOSPI,연간x연결,재무제표,CV-3,PASS,rows=29 cols=26 slider_extended=True,,2026-07-07T22:16:28
한창제지,00163761,009460,KOSPI,연간x연결,재무제표,DS-2/DS-3,DONE,"cross-check completed for ['매출액', '영업이익']",,2026-07-07T22:16:28
한창제지,00163761,009460,KOSPI,연간x연결,지표,CV-6,PASS,default metric selection visible,,2026-07-07T22:16:28
한창제지,00163761,009460,KOSPI,연간x별도,재무제표,DS-1,PASS,,,2026-07-07T22:16:33
한창제지,00163761,009460,KOSPI,연간x별도,상단,DS-8,PASS,,,2026-07-07T22:16:33
한창제지,00163761,009460,KOSPI,연간x별도,상단,DS-7,PASS,"badges seen: ['✅', '🔎']",,2026-07-07T22:16:33
한창제지,00163761,009460,KOSPI,연간x별도,재무제표,CV-3,PASS,rows=29 cols=26 slider_extended=True,,2026-07-07T22:16:33
한창제지,00163761,009460,KOSPI,연간x별도,재무제표,DS-2/DS-3,DONE,"cross-check completed for ['매출액', '영업이익']",,2026-07-07T22:16:33
한창제지,00163761,009460,KOSPI,연간x별도,지표,CV-6,PASS,default metric selection visible,,2026-07-07T22:16:33
한창제지,00163761,009460,KOSPI,분기x연결,재무제표,DS-1,PASS,,,2026-07-07T22:16:39
한창제지,00163761,009460,KOSPI,분기x연결,상단,DS-8,PASS,,,2026-07-07T22:16:39
한창제지,00163761,009460,KOSPI,분기x연결,상단,DS-4,PASS,substitution caption present,,2026-07-07T22:16:39
한창제지,00163761,009460,KOSPI,분기x연결,상단,DS-7,PASS,"badges seen: ['✅', '🔎']",,2026-07-07T22:16:39
한창제지,00163761,009460,KOSPI,분기x연결,재무제표,CV-3,PASS,rows=29 cols=85 slider_extended=True,,2026-07-07T22:16:39
한창제지,00163761,009460,KOSPI,분기x연결,재무제표,DS-2/DS-3,DONE,"cross-check completed for ['매출액', '영업이익']",,2026-07-07T22:16:39
한창제지,00163761,009460,KOSPI,분기x연결,지표,CV-6,PASS,default metric selection visible,,2026-07-07T22:16:39
한창제지,00163761,009460,KOSPI,분기x별도,재무제표,DS-1,PASS,,,2026-07-07T22:16:47
한창제지,00163761,009460,KOSPI,분기x별도,상단,DS-8,PASS,,,2026-07-07T22:16:47
한창제지,00163761,009460,KOSPI,분기x별도,상단,DS-7,PASS,"badges seen: ['✅', '🔎']",,2026-07-07T22:16:47
한창제지,00163761,009460,KOSPI,분기x별도,재무제표,CV-3,PASS,rows=29 cols=85 slider_extended=True,,2026-07-07T22:16:47
한창제지,00163761,009460,KOSPI,분기x별도,재무제표,DS-2/DS-3,DONE,"cross-check completed for ['매출액', '영업이익']",,2026-07-07T22:16:47
한창제지,00163761,009460,KOSPI,분기x별도,지표,CV-6,PASS,default metric selection visible,,2026-07-07T22:16:47
한컴라이프케어,00534598,372910,KOSPI,연간x연결,재무제표,DS-1,PASS,,,2026-07-07T22:17:01
한컴라이프케어,00534598,372910,KOSPI,연간x연결,상단,DS-8,PASS,,,2026-07-07T22:17:01
한컴라이프케어,00534598,372910,KOSPI,연간x연결,상단,DS-7,PASS,"badges seen: ['✅', '🔎', '⚠']",,2026-07-07T22:17:01
한컴라이프케어,00534598,372910,KOSPI,연간x연결,재무제표,CV-3,PASS,rows=29 cols=9 slider_extended=True,,2026-07-07T22:17:01
한컴라이프케어,00534598,372910,KOSPI,연간x연결,재무제표,DS-2/DS-3,DONE,"cross-check completed for ['매출액', '영업이익']",,2026-07-07T22:17:01
한컴라이프케어,00534598,372910,KOSPI,연간x연결,지표,CV-6,PASS,default metric selection visible,,2026-07-07T22:17:01
한컴라이프케어,00534598,372910,KOSPI,연간x별도,재무제표,DS-1,PASS,,,2026-07-07T22:17:06
한컴라이프케어,00534598,372910,KOSPI,연간x별도,상단,DS-8,PASS,,,2026-07-07T22:17:06
한컴라이프케어,00534598,372910,KOSPI,연간x별도,상단,DS-7,PASS,"badges seen: ['✅', '🔎', '⚠']",,2026-07-07T22:17:06
한컴라이프케어,00534598,372910,KOSPI,연간x별도,재무제표,CV-3,PASS,rows=29 cols=9 slider_extended=True,,2026-07-07T22:17:06
한컴라이프케어,00534598,372910,KOSPI,연간x별도,재무제표,DS-2/DS-3,DONE,"cross-check completed for ['매출액', '영업이익']",,2026-07-07T22:17:06
한컴라이프케어,00534598,372910,KOSPI,연간x별도,지표,CV-6,PASS,default metric selection visible,,2026-07-07T22:17:06
한컴라이프케어,00534598,372910,KOSPI,분기x연결,재무제표,DS-1,PASS,,,2026-07-07T22:17:12
한컴라이프케어,00534598,372910,KOSPI,분기x연결,상단,DS-8,PASS,,,2026-07-07T22:17:12
한컴라이프케어,00534598,372910,KOSPI,분기x연결,상단,DS-7,PASS,"badges seen: ['✅', '🔎', '⚠']",,2026-07-07T22:17:12
한컴라이프케어,00534598,372910,KOSPI,분기x연결,재무제표,CV-3,PASS,rows=29 cols=25 slider_extended=True,,2026-07-07T22:17:12
한컴라이프케어,00534598,372910,KOSPI,분기x연결,재무제표,DS-2/DS-3,DONE,"cross-check completed for ['매출액', '영업이익']",,2026-07-07T22:17:12
한컴라이프케어,00534598,372910,KOSPI,분기x연결,지표,CV-6,PASS,default metric selection visible,,2026-07-07T22:17:12
한컴라이프케어,00534598,372910,KOSPI,분기x별도,재무제표,DS-1,PASS,,,2026-07-07T22:17:19
한컴라이프케어,00534598,372910,KOSPI,분기x별도,상단,DS-8,PASS,,,2026-07-07T22:17:19
한컴라이프케어,00534598,372910,KOSPI,분기x별도,상단,DS-7,PASS,"badges seen: ['✅', '🔎', '⚠']",,2026-07-07T22:17:19
한컴라이프케어,00534598,372910,KOSPI,분기x별도,재무제표,CV-3,PASS,rows=29 cols=25 slider_extended=True,,2026-07-07T22:17:19
한컴라이프케어,00534598,372910,KOSPI,분기x별도,재무제표,DS-2/DS-3,DONE,"cross-check completed for ['매출액', '영업이익']",,2026-07-07T22:17:19
한컴라이프케어,00534598,372910,KOSPI,분기x별도,지표,CV-6,PASS,default metric selection visible,,2026-07-07T22:17:19
한화,00160588,000880,KOSPI,연간x연결,재무제표,DS-1,PASS,,,2026-07-07T22:17:30
한화,00160588,000880,KOSPI,연간x연결,상단,DS-8,PASS,,,2026-07-07T22:17:30
한화,00160588,000880,KOSPI,연간x연결,상단,DS-7,PASS,"badges seen: ['✅', '🔎', '⚠']",,2026-07-07T22:17:30
한화,00160588,000880,KOSPI,연간x연결,재무제표,CV-3,PASS,rows=29 cols=22 slider_extended=True,,2026-07-07T22:17:30
한화,00160588,000880,KOSPI,연간x연결,재무제표,DS-2/DS-3,DONE,"cross-check completed for ['매출액', '영업이익']",,2026-07-07T22:17:30
한화,00160588,000880,KOSPI,연간x연결,지표,CV-6,PASS,default metric selection visible,,2026-07-07T22:17:30
한화,00160588,000880,KOSPI,연간x별도,재무제표,DS-1,PASS,,,2026-07-07T22:17:36
한화,00160588,000880,KOSPI,연간x별도,상단,DS-8,PASS,,,2026-07-07T22:17:36
한화,00160588,000880,KOSPI,연간x별도,상단,DS-7,PASS,"badges seen: ['✅', '🔎', '⚠']",,2026-07-07T22:17:36
한화,00160588,000880,KOSPI,연간x별도,재무제표,CV-3,PASS,rows=29 cols=27 slider_extended=True,,2026-07-07T22:17:36
한화,00160588,000880,KOSPI,연간x별도,재무제표,DS-2/DS-3,DONE,"cross-check completed for ['매출액', '영업이익']",,2026-07-07T22:17:36
한화,00160588,000880,KOSPI,연간x별도,지표,CV-6,PASS,default metric selection visible,,2026-07-07T22:17:36
한화,00160588,000880,KOSPI,분기x연결,재무제표,DS-1,PASS,,,2026-07-07T22:17:42
한화,00160588,000880,KOSPI,분기x연결,상단,DS-8,PASS,,,2026-07-07T22:17:42
한화,00160588,000880,KOSPI,분기x연결,상단,DS-7,PASS,"badges seen: ['✅', '🔎', '⚠']",,2026-07-07T22:17:42
한화,00160588,000880,KOSPI,분기x연결,재무제표,CV-3,PASS,rows=29 cols=64 slider_extended=True,,2026-07-07T22:17:42
한화,00160588,000880,KOSPI,분기x연결,재무제표,DS-2/DS-3,DONE,"cross-check completed for ['매출액', '영업이익']",,2026-07-07T22:17:42
한화,00160588,000880,KOSPI,분기x연결,지표,CV-6,PASS,default metric selection visible,,2026-07-07T22:17:42
한화,00160588,000880,KOSPI,분기x별도,재무제표,DS-1,PASS,,,2026-07-07T22:17:49
한화,00160588,000880,KOSPI,분기x별도,상단,DS-8,PASS,,,2026-07-07T22:17:49
한화,00160588,000880,KOSPI,분기x별도,상단,DS-7,PASS,"badges seen: ['✅', '🔎', '⚠']",,2026-07-07T22:17:49
한화,00160588,000880,KOSPI,분기x별도,재무제표,CV-3,PASS,rows=29 cols=79 slider_extended=True,,2026-07-07T22:17:49
한화,00160588,000880,KOSPI,분기x별도,재무제표,DS-2/DS-3,DONE,"cross-check completed for ['매출액', '영업이익']",,2026-07-07T22:17:49
한화,00160588,000880,KOSPI,분기x별도,지표,CV-6,PASS,default metric selection visible,,2026-07-07T22:17:49
한화갤러리아,01722437,452260,KOSPI,연간x연결,재무제표,DS-1,PASS,,,2026-07-07T22:18:03
한화갤러리아,01722437,452260,KOSPI,연간x연결,상단,DS-8,PASS,,,2026-07-07T22:18:03
한화갤러리아,01722437,452260,KOSPI,연간x연결,상단,DS-7,PASS,"badges seen: ['✅', '🔎']",,2026-07-07T22:18:03
한화갤러리아,01722437,452260,KOSPI,연간x연결,재무제표,CV-3,PASS,rows=29 cols=5 slider_extended=True,,2026-07-07T22:18:03
한화갤러리아,01722437,452260,KOSPI,연간x연결,재무제표,DS-2/DS-3,DONE,"cross-check completed for ['매출액', '영업이익']",,2026-07-07T22:18:03
한화갤러리아,01722437,452260,KOSPI,연간x연결,지표,CV-6,PASS,default metric selection visible,,2026-07-07T22:18:03
한화갤러리아,01722437,452260,KOSPI,연간x별도,재무제표,DS-1,PASS,,,2026-07-07T22:18:08
한화갤러리아,01722437,452260,KOSPI,연간x별도,상단,DS-8,PASS,,,2026-07-07T22:18:08
한화갤러리아,01722437,452260,KOSPI,연간x별도,상단,DS-7,PASS,"badges seen: ['✅', '🔎']",,2026-07-07T22:18:08
한화갤러리아,01722437,452260,KOSPI,연간x별도,재무제표,CV-3,PASS,rows=29 cols=5 slider_extended=True,,2026-07-07T22:18:08
한화갤러리아,01722437,452260,KOSPI,연간x별도,재무제표,DS-2/DS-3,DONE,"cross-check completed for ['매출액', '영업이익']",,2026-07-07T22:18:08
한화갤러리아,01722437,452260,KOSPI,연간x별도,지표,CV-6,PASS,default metric selection visible,,2026-07-07T22:18:08
한화갤러리아,01722437,452260,KOSPI,분기x연결,재무제표,DS-1,PASS,,,2026-07-07T22:18:14
한화갤러리아,01722437,452260,KOSPI,분기x연결,상단,DS-8,PASS,,,2026-07-07T22:18:14
한화갤러리아,01722437,452260,KOSPI,분기x연결,상단,DS-7,PASS,"badges seen: ['✅', '🔎']",,2026-07-07T22:18:14
한화갤러리아,01722437,452260,KOSPI,분기x연결,재무제표,CV-3,PASS,rows=29 cols=16 slider_extended=True,,2026-07-07T22:18:14
한화갤러리아,01722437,452260,KOSPI,분기x연결,재무제표,DS-2/DS-3,DONE,"cross-check completed for ['매출액', '영업이익']",,2026-07-07T22:18:14
한화갤러리아,01722437,452260,KOSPI,분기x연결,지표,CV-6,PASS,default metric selection visible,,2026-07-07T22:18:14
한화갤러리아,01722437,452260,KOSPI,분기x별도,재무제표,DS-1,PASS,,,2026-07-07T22:18:21
한화갤러리아,01722437,452260,KOSPI,분기x별도,상단,DS-8,PASS,,,2026-07-07T22:18:21
한화갤러리아,01722437,452260,KOSPI,분기x별도,상단,DS-7,PASS,"badges seen: ['✅', '🔎']",,2026-07-07T22:18:21
한화갤러리아,01722437,452260,KOSPI,분기x별도,재무제표,CV-3,PASS,rows=29 cols=16 slider_extended=True,,2026-07-07T22:18:21
한화갤러리아,01722437,452260,KOSPI,분기x별도,재무제표,DS-2/DS-3,DONE,"cross-check completed for ['매출액', '영업이익']",,2026-07-07T22:18:21
한화갤러리아,01722437,452260,KOSPI,분기x별도,지표,CV-6,PASS,default metric selection visible,,2026-07-07T22:18:21
한화비전,01867758,489790,KOSPI,연간x연결,재무제표,DS-1,PASS,,,2026-07-07T22:18:34
한화비전,01867758,489790,KOSPI,연간x연결,상단,DS-8,PASS,,,2026-07-07T22:18:34
한화비전,01867758,489790,KOSPI,연간x연결,상단,DS-7,PASS,"badges seen: ['✅', '🔎', '⚠']",,2026-07-07T22:18:34
한화비전,01867758,489790,KOSPI,연간x연결,재무제표,CV-3,PASS,rows=29 cols=4 slider_extended=True,,2026-07-07T22:18:34
한화비전,01867758,489790,KOSPI,연간x연결,재무제표,DS-2/DS-3,DONE,"cross-check completed for ['매출액', '영업이익']",,2026-07-07T22:18:34
한화비전,01867758,489790,KOSPI,연간x연결,지표,CV-6,PASS,default metric selection visible,,2026-07-07T22:18:34
한화비전,01867758,489790,KOSPI,연간x별도,재무제표,DS-1,PASS,,,2026-07-07T22:18:39
한화비전,01867758,489790,KOSPI,연간x별도,상단,DS-8,PASS,,,2026-07-07T22:18:39
한화비전,01867758,489790,KOSPI,연간x별도,상단,DS-7,PASS,"badges seen: ['✅', '🔎']",,2026-07-07T22:18:39
한화비전,01867758,489790,KOSPI,연간x별도,재무제표,CV-3,PASS,rows=29 cols=4 slider_extended=True,,2026-07-07T22:18:39
한화비전,01867758,489790,KOSPI,연간x별도,재무제표,DS-2/DS-3,DONE,"cross-check completed for ['매출액', '영업이익']",,2026-07-07T22:18:39
한화비전,01867758,489790,KOSPI,연간x별도,지표,CV-6,PASS,default metric selection visible,,2026-07-07T22:18:39
한화비전,01867758,489790,KOSPI,분기x연결,재무제표,DS-1,PASS,,,2026-07-07T22:18:46
한화비전,01867758,489790,KOSPI,분기x연결,상단,DS-8,PASS,,,2026-07-07T22:18:46
한화비전,01867758,489790,KOSPI,분기x연결,상단,DS-7,PASS,"badges seen: ['✅', '🔎']",,2026-07-07T22:18:46
한화비전,01867758,489790,KOSPI,분기x연결,재무제표,CV-3,PASS,rows=29 cols=8 slider_extended=True,,2026-07-07T22:18:46
한화비전,01867758,489790,KOSPI,분기x연결,재무제표,DS-2/DS-3,DONE,"cross-check completed for ['매출액', '영업이익']",,2026-07-07T22:18:46
한화비전,01867758,489790,KOSPI,분기x연결,지표,CV-6,PASS,default metric selection visible,,2026-07-07T22:18:46
한화비전,01867758,489790,KOSPI,분기x별도,재무제표,DS-1,PASS,,,2026-07-07T22:18:53
한화비전,01867758,489790,KOSPI,분기x별도,상단,DS-8,PASS,,,2026-07-07T22:18:53
한화비전,01867758,489790,KOSPI,분기x별도,상단,DS-7,PASS,"badges seen: ['✅', '🔎']",,2026-07-07T22:18:53
한화비전,01867758,489790,KOSPI,분기x별도,재무제표,CV-3,PASS,rows=29 cols=8 slider_extended=True,,2026-07-07T22:18:53
한화비전,01867758,489790,KOSPI,분기x별도,재무제표,DS-2/DS-3,DONE,"cross-check completed for ['매출액', '영업이익']",,2026-07-07T22:18:53
한화비전,01867758,489790,KOSPI,분기x별도,지표,CV-6,PASS,default metric selection visible,,2026-07-07T22:18:53
한화생명,00113058,088350,KOSPI,연간x연결,재무제표,DS-1,PASS,,,2026-07-07T22:19:06
한화생명,00113058,088350,KOSPI,연간x연결,상단,DS-8,PASS,,,2026-07-07T22:19:06
한화생명,00113058,088350,KOSPI,연간x연결,상단,DS-7,PASS,"badges seen: ['✅', '🔎', '⚠']",,2026-07-07T22:19:06
한화생명,00113058,088350,KOSPI,연간x연결,재무제표,CV-3,PASS,rows=29 cols=20 slider_extended=True,,2026-07-07T22:19:06
한화생명,00113058,088350,KOSPI,연간x연결,재무제표,DS-2/DS-3,DONE,"cross-check completed for ['매출액', '영업이익']",,2026-07-07T22:19:06
한화생명,00113058,088350,KOSPI,연간x연결,지표,CV-6,PASS,default metric selection visible,,2026-07-07T22:19:06
한화생명,00113058,088350,KOSPI,연간x별도,재무제표,DS-1,PASS,,,2026-07-07T22:19:11
한화생명,00113058,088350,KOSPI,연간x별도,상단,DS-8,PASS,,,2026-07-07T22:19:11
한화생명,00113058,088350,KOSPI,연간x별도,상단,DS-7,PASS,"badges seen: ['✅', '🔎', '⚠']",,2026-07-07T22:19:11
한화생명,00113058,088350,KOSPI,연간x별도,재무제표,CV-3,PASS,rows=29 cols=20 slider_extended=True,,2026-07-07T22:19:11
한화생명,00113058,088350,KOSPI,연간x별도,재무제표,DS-2/DS-3,DONE,"cross-check completed for ['매출액', '영업이익']",,2026-07-07T22:19:11
한화생명,00113058,088350,KOSPI,연간x별도,지표,CV-6,PASS,default metric selection visible,,2026-07-07T22:19:11
한화생명,00113058,088350,KOSPI,분기x연결,재무제표,DS-1,PASS,,,2026-07-07T22:19:17
한화생명,00113058,088350,KOSPI,분기x연결,상단,DS-8,PASS,,,2026-07-07T22:19:17
한화생명,00113058,088350,KOSPI,분기x연결,상단,DS-7,PASS,"badges seen: ['✅', '🔎', '⚠']",,2026-07-07T22:19:17
한화생명,00113058,088350,KOSPI,분기x연결,재무제표,CV-3,PASS,rows=29 cols=60 slider_extended=True,,2026-07-07T22:19:17
한화생명,00113058,088350,KOSPI,분기x연결,재무제표,DS-2/DS-3,DONE,"cross-check completed for ['매출액', '영업이익']",,2026-07-07T22:19:17
한화생명,00113058,088350,KOSPI,분기x연결,지표,CV-6,PASS,default metric selection visible,,2026-07-07T22:19:17
한화생명,00113058,088350,KOSPI,분기x별도,재무제표,DS-1,PASS,,,2026-07-07T22:19:25
한화생명,00113058,088350,KOSPI,분기x별도,상단,DS-8,PASS,,,2026-07-07T22:19:25
한화생명,00113058,088350,KOSPI,분기x별도,상단,DS-7,PASS,"badges seen: ['✅', '🔎']",,2026-07-07T22:19:25
한화생명,00113058,088350,KOSPI,분기x별도,재무제표,CV-3,PASS,rows=29 cols=63 slider_extended=True,,2026-07-07T22:19:25
한화생명,00113058,088350,KOSPI,분기x별도,재무제표,DS-2/DS-3,DONE,"cross-check completed for ['매출액', '영업이익']",,2026-07-07T22:19:25
한화생명,00113058,088350,KOSPI,분기x별도,지표,CV-6,PASS,default metric selection visible,,2026-07-07T22:19:25
한화손해보험,00135917,000370,KOSPI,연간x연결,재무제표,DS-1,PASS,,,2026-07-07T22:19:36
한화손해보험,00135917,000370,KOSPI,연간x연결,상단,DS-8,PASS,,,2026-07-07T22:19:36
한화손해보험,00135917,000370,KOSPI,연간x연결,상단,DS-7,PASS,"badges seen: ['✅', '🔎']",,2026-07-07T22:19:36
한화손해보험,00135917,000370,KOSPI,연간x연결,재무제표,CV-3,PASS,rows=29 cols=17 slider_extended=True,,2026-07-07T22:19:36
한화손해보험,00135917,000370,KOSPI,연간x연결,재무제표,DS-2/DS-3,DONE,"cross-check completed for ['매출액', '영업이익']",,2026-07-07T22:19:36
한화손해보험,00135917,000370,KOSPI,연간x연결,지표,CV-6,PASS,default metric selection visible,,2026-07-07T22:19:36
한화손해보험,00135917,000370,KOSPI,연간x별도,재무제표,DS-1,PASS,,,2026-07-07T22:19:41
한화손해보험,00135917,000370,KOSPI,연간x별도,상단,DS-8,PASS,,,2026-07-07T22:19:41
한화손해보험,00135917,000370,KOSPI,연간x별도,상단,DS-7,PASS,"badges seen: ['✅', '🔎']",,2026-07-07T22:19:41
한화손해보험,00135917,000370,KOSPI,연간x별도,재무제표,CV-3,PASS,rows=29 cols=21 slider_extended=True,,2026-07-07T22:19:41
한화손해보험,00135917,000370,KOSPI,연간x별도,재무제표,DS-2/DS-3,DONE,"cross-check completed for ['매출액', '영업이익']",,2026-07-07T22:19:41
한화손해보험,00135917,000370,KOSPI,연간x별도,지표,CV-6,PASS,default metric selection visible,,2026-07-07T22:19:41
한화손해보험,00135917,000370,KOSPI,분기x연결,재무제표,DS-1,PASS,,,2026-07-07T22:19:47
한화손해보험,00135917,000370,KOSPI,분기x연결,상단,DS-8,PASS,,,2026-07-07T22:19:47
한화손해보험,00135917,000370,KOSPI,분기x연결,상단,DS-7,PASS,"badges seen: ['✅', '🔎', '⚠']",,2026-07-07T22:19:47
한화손해보험,00135917,000370,KOSPI,분기x연결,재무제표,CV-3,PASS,rows=29 cols=54 slider_extended=True,,2026-07-07T22:19:47
한화손해보험,00135917,000370,KOSPI,분기x연결,재무제표,DS-2/DS-3,DONE,"cross-check completed for ['매출액', '영업이익']",,2026-07-07T22:19:47
한화손해보험,00135917,000370,KOSPI,분기x연결,지표,CV-6,PASS,default metric selection visible,,2026-07-07T22:19:47
한화손해보험,00135917,000370,KOSPI,분기x별도,재무제표,DS-1,PASS,,,2026-07-07T22:19:54
한화손해보험,00135917,000370,KOSPI,분기x별도,상단,DS-8,PASS,,,2026-07-07T22:19:54
한화손해보험,00135917,000370,KOSPI,분기x별도,상단,DS-7,PASS,"badges seen: ['✅', '🔎', '⚠']",,2026-07-07T22:19:54
한화손해보험,00135917,000370,KOSPI,분기x별도,재무제표,CV-3,PASS,rows=29 cols=63 slider_extended=True,,2026-07-07T22:19:54
한화손해보험,00135917,000370,KOSPI,분기x별도,재무제표,DS-2/DS-3,DONE,"cross-check completed for ['매출액', '영업이익']",,2026-07-07T22:19:54
한화손해보험,00135917,000370,KOSPI,분기x별도,지표,CV-6,PASS,default metric selection visible,,2026-07-07T22:19:54
한화솔루션,00162461,009830,KOSPI,연간x연결,재무제표,DS-1,PASS,,,2026-07-07T22:20:08
한화솔루션,00162461,009830,KOSPI,연간x연결,상단,DS-8,PASS,,,2026-07-07T22:20:08
한화솔루션,00162461,009830,KOSPI,연간x연결,상단,DS-7,PASS,"badges seen: ['✅', '🔎', '⚠']",,2026-07-07T22:20:08
한화솔루션,00162461,009830,KOSPI,연간x연결,재무제표,CV-3,PASS,rows=29 cols=19 slider_extended=True,,2026-07-07T22:20:08
한화솔루션,00162461,009830,KOSPI,연간x연결,재무제표,DS-2/DS-3,DONE,"cross-check completed for ['매출액', '영업이익']",,2026-07-07T22:20:08
한화솔루션,00162461,009830,KOSPI,연간x연결,지표,CV-6,PASS,default metric selection visible,,2026-07-07T22:20:08
한화솔루션,00162461,009830,KOSPI,연간x별도,재무제표,DS-1,PASS,,,2026-07-07T22:20:13
한화솔루션,00162461,009830,KOSPI,연간x별도,상단,DS-8,PASS,,,2026-07-07T22:20:13
한화솔루션,00162461,009830,KOSPI,연간x별도,상단,DS-7,PASS,"badges seen: ['✅', '🔎', '⚠']",,2026-07-07T22:20:13
한화솔루션,00162461,009830,KOSPI,연간x별도,재무제표,CV-3,PASS,rows=29 cols=29 slider_extended=True,,2026-07-07T22:20:13
한화솔루션,00162461,009830,KOSPI,연간x별도,재무제표,DS-2/DS-3,DONE,"cross-check completed for ['매출액', '영업이익']",,2026-07-07T22:20:13
한화솔루션,00162461,009830,KOSPI,연간x별도,지표,CV-6,PASS,default metric selection visible,,2026-07-07T22:20:13
한화솔루션,00162461,009830,KOSPI,분기x연결,재무제표,DS-1,PASS,,,2026-07-07T22:20:19
한화솔루션,00162461,009830,KOSPI,분기x연결,상단,DS-8,PASS,,,2026-07-07T22:20:19
한화솔루션,00162461,009830,KOSPI,분기x연결,상단,DS-7,PASS,"badges seen: ['✅', '🔎', '⚠']",,2026-07-07T22:20:19
한화솔루션,00162461,009830,KOSPI,분기x연결,재무제표,CV-3,PASS,rows=29 cols=76 slider_extended=True,,2026-07-07T22:20:19
한화솔루션,00162461,009830,KOSPI,분기x연결,재무제표,DS-2/DS-3,DONE,"cross-check completed for ['매출액', '영업이익']",,2026-07-07T22:20:19
한화솔루션,00162461,009830,KOSPI,분기x연결,지표,CV-6,PASS,default metric selection visible,,2026-07-07T22:20:19
한화솔루션,00162461,009830,KOSPI,분기x별도,재무제표,DS-1,PASS,,,2026-07-07T22:20:27
한화솔루션,00162461,009830,KOSPI,분기x별도,상단,DS-8,PASS,,,2026-07-07T22:20:27
한화솔루션,00162461,009830,KOSPI,분기x별도,상단,DS-7,PASS,"badges seen: ['✅', '🔎', '⚠']",,2026-07-07T22:20:27
한화솔루션,00162461,009830,KOSPI,분기x별도,재무제표,CV-3,PASS,rows=29 cols=86 slider_extended=True,,2026-07-07T22:20:27
한화솔루션,00162461,009830,KOSPI,분기x별도,재무제표,DS-2/DS-3,DONE,"cross-check completed for ['매출액', '영업이익']",,2026-07-07T22:20:27
한화솔루션,00162461,009830,KOSPI,분기x별도,지표,CV-6,PASS,default metric selection visible,,2026-07-07T22:20:27
한화시스템,00339391,272210,KOSPI,연간x연결,재무제표,DS-1,PASS,,,2026-07-07T22:20:40
한화시스템,00339391,272210,KOSPI,연간x연결,상단,DS-8,PASS,,,2026-07-07T22:20:40
한화시스템,00339391,272210,KOSPI,연간x연결,상단,DS-7,PASS,"badges seen: ['✅', '🔎']",,2026-07-07T22:20:40
한화시스템,00339391,272210,KOSPI,연간x연결,재무제표,CV-3,PASS,rows=29 cols=11 slider_extended=True,,2026-07-07T22:20:40
한화시스템,00339391,272210,KOSPI,연간x연결,재무제표,DS-2/DS-3,DONE,"cross-check completed for ['매출액', '영업이익']",,2026-07-07T22:20:40
한화시스템,00339391,272210,KOSPI,연간x연결,지표,CV-6,PASS,default metric selection visible,,2026-07-07T22:20:40
한화시스템,00339391,272210,KOSPI,연간x별도,재무제표,DS-1,PASS,,,2026-07-07T22:20:45
한화시스템,00339391,272210,KOSPI,연간x별도,상단,DS-8,PASS,,,2026-07-07T22:20:45
한화시스템,00339391,272210,KOSPI,연간x별도,상단,DS-7,PASS,"badges seen: ['✅', '🔎']",,2026-07-07T22:20:45
한화시스템,00339391,272210,KOSPI,연간x별도,재무제표,CV-3,PASS,rows=29 cols=11 slider_extended=True,,2026-07-07T22:20:45
한화시스템,00339391,272210,KOSPI,연간x별도,재무제표,DS-2/DS-3,DONE,"cross-check completed for ['매출액', '영업이익']",,2026-07-07T22:20:45
한화시스템,00339391,272210,KOSPI,연간x별도,지표,CV-6,PASS,default metric selection visible,,2026-07-07T22:20:45
한화시스템,00339391,272210,KOSPI,분기x연결,재무제표,DS-1,PASS,,,2026-07-07T22:20:51
한화시스템,00339391,272210,KOSPI,분기x연결,상단,DS-8,PASS,,,2026-07-07T22:20:51
한화시스템,00339391,272210,KOSPI,분기x연결,상단,DS-7,PASS,"badges seen: ['✅', '🔎', '⚠']",,2026-07-07T22:20:51
한화시스템,00339391,272210,KOSPI,분기x연결,재무제표,CV-3,PASS,rows=29 cols=32 slider_extended=True,,2026-07-07T22:20:51
한화시스템,00339391,272210,KOSPI,분기x연결,재무제표,DS-2/DS-3,DONE,"cross-check completed for ['매출액', '영업이익']",,2026-07-07T22:20:51
한화시스템,00339391,272210,KOSPI,분기x연결,지표,CV-6,PASS,default metric selection visible,,2026-07-07T22:20:51
한화시스템,00339391,272210,KOSPI,분기x별도,재무제표,DS-1,PASS,,,2026-07-07T22:20:58
한화시스템,00339391,272210,KOSPI,분기x별도,상단,DS-8,PASS,,,2026-07-07T22:20:58
한화시스템,00339391,272210,KOSPI,분기x별도,상단,DS-7,PASS,"badges seen: ['✅', '🔎', '⚠']",,2026-07-07T22:20:58
한화시스템,00339391,272210,KOSPI,분기x별도,재무제표,CV-3,PASS,rows=29 cols=32 slider_extended=True,,2026-07-07T22:20:58
한화시스템,00339391,272210,KOSPI,분기x별도,재무제표,DS-2/DS-3,DONE,"cross-check completed for ['매출액', '영업이익']",,2026-07-07T22:20:58
한화시스템,00339391,272210,KOSPI,분기x별도,지표,CV-6,PASS,default metric selection visible,,2026-07-07T22:20:58
한화에어로스페이스,00126566,012450,KOSPI,연간x연결,재무제표,DS-1,PASS,,,2026-07-07T22:21:12
한화에어로스페이스,00126566,012450,KOSPI,연간x연결,상단,DS-8,PASS,,,2026-07-07T22:21:12
한화에어로스페이스,00126566,012450,KOSPI,연간x연결,상단,DS-7,PASS,"badges seen: ['✅', '🔎', '⚠']",,2026-07-07T22:21:12
한화에어로스페이스,00126566,012450,KOSPI,연간x연결,재무제표,CV-3,PASS,rows=29 cols=19 slider_extended=True,,2026-07-07T22:21:12
한화에어로스페이스,00126566,012450,KOSPI,연간x연결,재무제표,DS-2/DS-3,DONE,"cross-check completed for ['매출액', '영업이익']",,2026-07-07T22:21:12
한화에어로스페이스,00126566,012450,KOSPI,연간x연결,지표,CV-6,PASS,default metric selection visible,,2026-07-07T22:21:12
한화에어로스페이스,00126566,012450,KOSPI,연간x별도,재무제표,DS-1,PASS,,,2026-07-07T22:21:17
한화에어로스페이스,00126566,012450,KOSPI,연간x별도,상단,DS-8,PASS,,,2026-07-07T22:21:17
한화에어로스페이스,00126566,012450,KOSPI,연간x별도,상단,DS-7,PASS,"badges seen: ['✅', '🔎', '⚠']",,2026-07-07T22:21:17
한화에어로스페이스,00126566,012450,KOSPI,연간x별도,재무제표,CV-3,PASS,rows=29 cols=26 slider_extended=True,,2026-07-07T22:21:17
한화에어로스페이스,00126566,012450,KOSPI,연간x별도,재무제표,DS-2/DS-3,DONE,"cross-check completed for ['매출액', '영업이익']",,2026-07-07T22:21:17
한화에어로스페이스,00126566,012450,KOSPI,연간x별도,지표,CV-6,PASS,default metric selection visible,,2026-07-07T22:21:17
한화에어로스페이스,00126566,012450,KOSPI,분기x연결,재무제표,DS-1,PASS,,,2026-07-07T22:21:23
한화에어로스페이스,00126566,012450,KOSPI,분기x연결,상단,DS-8,PASS,,,2026-07-07T22:21:23
한화에어로스페이스,00126566,012450,KOSPI,분기x연결,상단,DS-7,PASS,"badges seen: ['✅', '🔎', '⚠']",,2026-07-07T22:21:23
한화에어로스페이스,00126566,012450,KOSPI,분기x연결,재무제표,CV-3,PASS,rows=29 cols=67 slider_extended=True,,2026-07-07T22:21:23
한화에어로스페이스,00126566,012450,KOSPI,분기x연결,재무제표,DS-2/DS-3,DONE,"cross-check completed for ['매출액', '영업이익']",,2026-07-07T22:21:23
한화에어로스페이스,00126566,012450,KOSPI,분기x연결,지표,CV-6,PASS,default metric selection visible,,2026-07-07T22:21:23
한화에어로스페이스,00126566,012450,KOSPI,분기x별도,재무제표,DS-1,PASS,,,2026-07-07T22:21:31
한화에어로스페이스,00126566,012450,KOSPI,분기x별도,상단,DS-8,PASS,,,2026-07-07T22:21:31
한화에어로스페이스,00126566,012450,KOSPI,분기x별도,상단,DS-7,PASS,"badges seen: ['✅', '🔎', '⚠']",,2026-07-07T22:21:31
한화에어로스페이스,00126566,012450,KOSPI,분기x별도,재무제표,CV-3,PASS,rows=29 cols=87 slider_extended=True,,2026-07-07T22:21:31
한화에어로스페이스,00126566,012450,KOSPI,분기x별도,재무제표,DS-2/DS-3,DONE,"cross-check completed for ['매출액', '영업이익']",,2026-07-07T22:21:31
한화에어로스페이스,00126566,012450,KOSPI,분기x별도,지표,CV-6,PASS,default metric selection visible,,2026-07-07T22:21:31
한화엔진,00361008,082740,KOSPI,연간x연결,재무제표,DS-1,PASS,,,2026-07-07T22:21:42
한화엔진,00361008,082740,KOSPI,연간x연결,상단,DS-8,PASS,,,2026-07-07T22:21:42
한화엔진,00361008,082740,KOSPI,연간x연결,상단,DS-7,PASS,"badges seen: ['✅', '🔎', '⚠']",,2026-07-07T22:21:42
한화엔진,00361008,082740,KOSPI,연간x연결,재무제표,CV-3,PASS,rows=29 cols=19 slider_extended=True,,2026-07-07T22:21:42
한화엔진,00361008,082740,KOSPI,연간x연결,재무제표,DS-2/DS-3,DONE,"cross-check completed for ['매출액', '영업이익']",,2026-07-07T22:21:42
한화엔진,00361008,082740,KOSPI,연간x연결,지표,CV-6,PASS,default metric selection visible,,2026-07-07T22:21:42
한화엔진,00361008,082740,KOSPI,연간x별도,재무제표,DS-1,PASS,,,2026-07-07T22:21:47
한화엔진,00361008,082740,KOSPI,연간x별도,상단,DS-8,PASS,,,2026-07-07T22:21:47
한화엔진,00361008,082740,KOSPI,연간x별도,상단,DS-7,PASS,"badges seen: ['✅', '🔎', '⚠']",,2026-07-07T22:21:47
한화엔진,00361008,082740,KOSPI,연간x별도,재무제표,CV-3,PASS,rows=29 cols=22 slider_extended=True,,2026-07-07T22:21:47
한화엔진,00361008,082740,KOSPI,연간x별도,재무제표,DS-2/DS-3,DONE,"cross-check completed for ['매출액', '영업이익']",,2026-07-07T22:21:47
한화엔진,00361008,082740,KOSPI,연간x별도,지표,CV-6,PASS,default metric selection visible,,2026-07-07T22:21:47
한화엔진,00361008,082740,KOSPI,분기x연결,재무제표,DS-1,PASS,,,2026-07-07T22:21:53
한화엔진,00361008,082740,KOSPI,분기x연결,상단,DS-8,PASS,,,2026-07-07T22:21:53
한화엔진,00361008,082740,KOSPI,분기x연결,상단,DS-7,PASS,"badges seen: ['✅', '🔎']",,2026-07-07T22:21:53
한화엔진,00361008,082740,KOSPI,분기x연결,재무제표,CV-3,PASS,rows=29 cols=57 slider_extended=True,,2026-07-07T22:21:53
한화엔진,00361008,082740,KOSPI,분기x연결,재무제표,DS-2/DS-3,DONE,"cross-check completed for ['매출액', '영업이익']",,2026-07-07T22:21:53
한화엔진,00361008,082740,KOSPI,분기x연결,지표,CV-6,PASS,default metric selection visible,,2026-07-07T22:21:53
한화엔진,00361008,082740,KOSPI,분기x별도,재무제표,DS-1,PASS,,,2026-07-07T22:22:01
한화엔진,00361008,082740,KOSPI,분기x별도,상단,DS-8,PASS,,,2026-07-07T22:22:01
한화엔진,00361008,082740,KOSPI,분기x별도,상단,DS-7,PASS,"badges seen: ['✅', '🔎']",,2026-07-07T22:22:01
한화엔진,00361008,082740,KOSPI,분기x별도,재무제표,CV-3,PASS,rows=29 cols=66 slider_extended=True,,2026-07-07T22:22:01
한화엔진,00361008,082740,KOSPI,분기x별도,재무제표,DS-2/DS-3,DONE,"cross-check completed for ['매출액', '영업이익']",,2026-07-07T22:22:01
한화엔진,00361008,082740,KOSPI,분기x별도,지표,CV-6,PASS,default metric selection visible,,2026-07-07T22:22:01
한화오션,00111704,042660,KOSPI,연간x연결,재무제표,DS-1,PASS,,,2026-07-07T22:22:14
한화오션,00111704,042660,KOSPI,연간x연결,상단,DS-8,PASS,,,2026-07-07T22:22:14
한화오션,00111704,042660,KOSPI,연간x연결,상단,DS-7,PASS,"badges seen: ['✅', '🔎', '⚠']",,2026-07-07T22:22:14
한화오션,00111704,042660,KOSPI,연간x연결,재무제표,CV-3,PASS,rows=29 cols=19 slider_extended=True,,2026-07-07T22:22:14
한화오션,00111704,042660,KOSPI,연간x연결,재무제표,DS-2/DS-3,DONE,"cross-check completed for ['매출액', '영업이익']",,2026-07-07T22:22:14
한화오션,00111704,042660,KOSPI,연간x연결,지표,CV-6,PASS,default metric selection visible,,2026-07-07T22:22:14
한화오션,00111704,042660,KOSPI,연간x별도,재무제표,DS-1,PASS,,,2026-07-07T22:22:19
한화오션,00111704,042660,KOSPI,연간x별도,상단,DS-8,PASS,,,2026-07-07T22:22:19
한화오션,00111704,042660,KOSPI,연간x별도,상단,DS-7,PASS,"badges seen: ['✅', '🔎', '⚠']",,2026-07-07T22:22:19
한화오션,00111704,042660,KOSPI,연간x별도,재무제표,CV-3,PASS,rows=29 cols=27 slider_extended=True,,2026-07-07T22:22:19
한화오션,00111704,042660,KOSPI,연간x별도,재무제표,DS-2/DS-3,DONE,"cross-check completed for ['매출액', '영업이익']",,2026-07-07T22:22:19
한화오션,00111704,042660,KOSPI,연간x별도,지표,CV-6,PASS,default metric selection visible,,2026-07-07T22:22:19
한화오션,00111704,042660,KOSPI,분기x연결,재무제표,DS-1,PASS,,,2026-07-07T22:22:26
한화오션,00111704,042660,KOSPI,분기x연결,상단,DS-8,PASS,,,2026-07-07T22:22:26
한화오션,00111704,042660,KOSPI,분기x연결,상단,DS-7,PASS,"badges seen: ['✅', '🔎']",,2026-07-07T22:22:26
한화오션,00111704,042660,KOSPI,분기x연결,재무제표,CV-3,PASS,rows=29 cols=68 slider_extended=True,,2026-07-07T22:22:26
한화오션,00111704,042660,KOSPI,분기x연결,재무제표,DS-2/DS-3,DONE,"cross-check completed for ['매출액', '영업이익']",,2026-07-07T22:22:26
한화오션,00111704,042660,KOSPI,분기x연결,지표,CV-6,PASS,default metric selection visible,,2026-07-07T22:22:26
한화오션,00111704,042660,KOSPI,분기x별도,재무제표,DS-1,PASS,,,2026-07-07T22:22:33
한화오션,00111704,042660,KOSPI,분기x별도,상단,DS-8,PASS,,,2026-07-07T22:22:33
한화오션,00111704,042660,KOSPI,분기x별도,상단,DS-7,PASS,"badges seen: ['✅', '🔎']",,2026-07-07T22:22:33
한화오션,00111704,042660,KOSPI,분기x별도,재무제표,CV-3,PASS,rows=29 cols=88 slider_extended=True,,2026-07-07T22:22:33
한화오션,00111704,042660,KOSPI,분기x별도,재무제표,DS-2/DS-3,DONE,"cross-check completed for ['매출액', '영업이익']",,2026-07-07T22:22:33
한화오션,00111704,042660,KOSPI,분기x별도,지표,CV-6,PASS,default metric selection visible,,2026-07-07T22:22:33
한화투자증권,00148610,003530,KOSPI,연간x연결,재무제표,DS-1,PASS,,,2026-07-07T22:22:44
한화투자증권,00148610,003530,KOSPI,연간x연결,상단,DS-8,PASS,,,2026-07-07T22:22:44
한화투자증권,00148610,003530,KOSPI,연간x연결,상단,DS-7,PASS,"badges seen: ['✅', '🔎', '⚠']",,2026-07-07T22:22:44
한화투자증권,00148610,003530,KOSPI,연간x연결,재무제표,CV-3,PASS,rows=29 cols=21 slider_extended=True,,2026-07-07T22:22:44
한화투자증권,00148610,003530,KOSPI,연간x연결,재무제표,DS-2/DS-3,DONE,"cross-check completed for ['매출액', '영업이익']",,2026-07-07T22:22:44
한화투자증권,00148610,003530,KOSPI,연간x연결,지표,CV-6,PASS,default metric selection visible,,2026-07-07T22:22:44
한화투자증권,00148610,003530,KOSPI,연간x별도,재무제표,DS-1,PASS,,,2026-07-07T22:22:49
한화투자증권,00148610,003530,KOSPI,연간x별도,상단,DS-8,PASS,,,2026-07-07T22:22:49
한화투자증권,00148610,003530,KOSPI,연간x별도,상단,DS-7,PASS,"badges seen: ['✅', '🔎', '⚠']",,2026-07-07T22:22:49
한화투자증권,00148610,003530,KOSPI,연간x별도,재무제표,CV-3,PASS,rows=29 cols=22 slider_extended=True,,2026-07-07T22:22:49
한화투자증권,00148610,003530,KOSPI,연간x별도,재무제표,DS-2/DS-3,DONE,"cross-check completed for ['매출액', '영업이익']",,2026-07-07T22:22:49
한화투자증권,00148610,003530,KOSPI,연간x별도,지표,CV-6,PASS,default metric selection visible,,2026-07-07T22:22:49
한화투자증권,00148610,003530,KOSPI,분기x연결,재무제표,DS-1,PASS,,,2026-07-07T22:22:55
한화투자증권,00148610,003530,KOSPI,분기x연결,상단,DS-8,PASS,,,2026-07-07T22:22:55
한화투자증권,00148610,003530,KOSPI,분기x연결,상단,DS-7,PASS,"badges seen: ['✅', '🔎']",,2026-07-07T22:22:55
한화투자증권,00148610,003530,KOSPI,분기x연결,재무제표,CV-3,PASS,rows=29 cols=69 slider_extended=True,,2026-07-07T22:22:55
한화투자증권,00148610,003530,KOSPI,분기x연결,재무제표,DS-2/DS-3,DONE,"cross-check completed for ['매출액', '영업이익']",,2026-07-07T22:22:55
한화투자증권,00148610,003530,KOSPI,분기x연결,지표,CV-6,PASS,default metric selection visible,,2026-07-07T22:22:55
한화투자증권,00148610,003530,KOSPI,분기x별도,재무제표,DS-1,PASS,,,2026-07-07T22:23:03
한화투자증권,00148610,003530,KOSPI,분기x별도,상단,DS-8,PASS,,,2026-07-07T22:23:03
한화투자증권,00148610,003530,KOSPI,분기x별도,상단,DS-7,PASS,"badges seen: ['✅', '🔎']",,2026-07-07T22:23:03
한화투자증권,00148610,003530,KOSPI,분기x별도,재무제표,CV-3,PASS,rows=29 cols=66 slider_extended=True,,2026-07-07T22:23:03
한화투자증권,00148610,003530,KOSPI,분기x별도,재무제표,DS-2/DS-3,DONE,"cross-check completed for ['매출액', '영업이익']",,2026-07-07T22:23:03
한화투자증권,00148610,003530,KOSPI,분기x별도,지표,CV-6,PASS,default metric selection visible,,2026-07-07T22:23:03
해성디에스,01032413,195870,KOSPI,연간x연결,재무제표,DS-1,PASS,,,2026-07-07T22:23:16
해성디에스,01032413,195870,KOSPI,연간x연결,상단,DS-8,PASS,,,2026-07-07T22:23:16
해성디에스,01032413,195870,KOSPI,연간x연결,상단,DS-7,PASS,"badges seen: ['✅', '🔎']",,2026-07-07T22:23:16
해성디에스,01032413,195870,KOSPI,연간x연결,재무제표,CV-3,PASS,rows=29 cols=14 slider_extended=True,,2026-07-07T22:23:16
해성디에스,01032413,195870,KOSPI,연간x연결,재무제표,DS-2/DS-3,DONE,"cross-check completed for ['매출액', '영업이익']",,2026-07-07T22:23:16
해성디에스,01032413,195870,KOSPI,연간x연결,지표,CV-6,PASS,default metric selection visible,,2026-07-07T22:23:16
해성디에스,01032413,195870,KOSPI,연간x별도,재무제표,DS-1,PASS,,,2026-07-07T22:23:21
해성디에스,01032413,195870,KOSPI,연간x별도,상단,DS-8,PASS,,,2026-07-07T22:23:21
해성디에스,01032413,195870,KOSPI,연간x별도,상단,DS-7,PASS,"badges seen: ['✅', '🔎']",,2026-07-07T22:23:21
해성디에스,01032413,195870,KOSPI,연간x별도,재무제표,CV-3,PASS,rows=29 cols=14 slider_extended=True,,2026-07-07T22:23:21
해성디에스,01032413,195870,KOSPI,연간x별도,재무제표,DS-2/DS-3,DONE,"cross-check completed for ['매출액', '영업이익']",,2026-07-07T22:23:21
해성디에스,01032413,195870,KOSPI,연간x별도,지표,CV-6,PASS,default metric selection visible,,2026-07-07T22:23:21
해성디에스,01032413,195870,KOSPI,분기x연결,재무제표,DS-1,PASS,,,2026-07-07T22:23:27
해성디에스,01032413,195870,KOSPI,분기x연결,상단,DS-8,PASS,,,2026-07-07T22:23:27
해성디에스,01032413,195870,KOSPI,분기x연결,상단,DS-7,PASS,"badges seen: ['✅', '🔎']",,2026-07-07T22:23:27
해성디에스,01032413,195870,KOSPI,분기x연결,재무제표,CV-3,PASS,rows=29 cols=46 slider_extended=True,,2026-07-07T22:23:27
해성디에스,01032413,195870,KOSPI,분기x연결,재무제표,DS-2/DS-3,DONE,"cross-check completed for ['매출액', '영업이익']",,2026-07-07T22:23:27
해성디에스,01032413,195870,KOSPI,분기x연결,지표,CV-6,PASS,default metric selection visible,,2026-07-07T22:23:27
해성디에스,01032413,195870,KOSPI,분기x별도,재무제표,DS-1,PASS,,,2026-07-07T22:23:35
해성디에스,01032413,195870,KOSPI,분기x별도,상단,DS-8,PASS,,,2026-07-07T22:23:35
해성디에스,01032413,195870,KOSPI,분기x별도,상단,DS-7,PASS,"badges seen: ['✅', '🔎']",,2026-07-07T22:23:35
해성디에스,01032413,195870,KOSPI,분기x별도,재무제표,CV-3,PASS,rows=29 cols=49 slider_extended=True,,2026-07-07T22:23:35
해성디에스,01032413,195870,KOSPI,분기x별도,재무제표,DS-2/DS-3,DONE,"cross-check completed for ['매출액', '영업이익']",,2026-07-07T22:23:35
해성디에스,01032413,195870,KOSPI,분기x별도,지표,CV-6,PASS,default metric selection visible,,2026-07-07T22:23:35
해태제과식품,00428321,101530,KOSPI,연간x연결,재무제표,DS-1,PASS,,,2026-07-07T22:23:48
해태제과식품,00428321,101530,KOSPI,연간x연결,상단,DS-8,PASS,,,2026-07-07T22:23:48
해태제과식품,00428321,101530,KOSPI,연간x연결,상단,DS-7,PASS,"badges seen: ['✅', '🔎']",,2026-07-07T22:23:48
해태제과식품,00428321,101530,KOSPI,연간x연결,재무제표,CV-3,PASS,rows=29 cols=19 slider_extended=True,,2026-07-07T22:23:48
해태제과식품,00428321,101530,KOSPI,연간x연결,재무제표,DS-2/DS-3,DONE,"cross-check completed for ['매출액', '영업이익']",,2026-07-07T22:23:48
해태제과식품,00428321,101530,KOSPI,연간x연결,지표,CV-6,PASS,default metric selection visible,,2026-07-07T22:23:48
해태제과식품,00428321,101530,KOSPI,연간x별도,재무제표,DS-1,PASS,,,2026-07-07T22:23:53
해태제과식품,00428321,101530,KOSPI,연간x별도,상단,DS-8,PASS,,,2026-07-07T22:23:53
해태제과식품,00428321,101530,KOSPI,연간x별도,상단,DS-7,PASS,"badges seen: ['✅', '🔎']",,2026-07-07T22:23:53
해태제과식품,00428321,101530,KOSPI,연간x별도,재무제표,CV-3,PASS,rows=29 cols=22 slider_extended=True,,2026-07-07T22:23:53
해태제과식품,00428321,101530,KOSPI,연간x별도,재무제표,DS-2/DS-3,DONE,"cross-check completed for ['매출액', '영업이익']",,2026-07-07T22:23:53
해태제과식품,00428321,101530,KOSPI,연간x별도,지표,CV-6,PASS,default metric selection visible,,2026-07-07T22:23:53
해태제과식품,00428321,101530,KOSPI,분기x연결,재무제표,DS-1,PASS,,,2026-07-07T22:23:59
해태제과식품,00428321,101530,KOSPI,분기x연결,상단,DS-8,PASS,,,2026-07-07T22:23:59
해태제과식품,00428321,101530,KOSPI,분기x연결,상단,DS-7,PASS,"badges seen: ['✅', '🔎']",,2026-07-07T22:23:59
해태제과식품,00428321,101530,KOSPI,분기x연결,재무제표,CV-3,PASS,rows=29 cols=59 slider_extended=True,,2026-07-07T22:23:59
해태제과식품,00428321,101530,KOSPI,분기x연결,재무제표,DS-2/DS-3,DONE,"cross-check completed for ['매출액', '영업이익']",,2026-07-07T22:23:59
해태제과식품,00428321,101530,KOSPI,분기x연결,지표,CV-6,PASS,default metric selection visible,,2026-07-07T22:23:59
해태제과식품,00428321,101530,KOSPI,분기x별도,재무제표,DS-1,PASS,,,2026-07-07T22:24:07
해태제과식품,00428321,101530,KOSPI,분기x별도,상단,DS-8,PASS,,,2026-07-07T22:24:07
해태제과식품,00428321,101530,KOSPI,분기x별도,상단,DS-7,PASS,"badges seen: ['✅', '🔎']",,2026-07-07T22:24:07
해태제과식품,00428321,101530,KOSPI,분기x별도,재무제표,CV-3,PASS,rows=29 cols=70 slider_extended=True,,2026-07-07T22:24:07
해태제과식품,00428321,101530,KOSPI,분기x별도,재무제표,DS-2/DS-3,DONE,"cross-check completed for ['매출액', '영업이익']",,2026-07-07T22:24:07
해태제과식품,00428321,101530,KOSPI,분기x별도,지표,CV-6,PASS,default metric selection visible,,2026-07-07T22:24:07
핸즈코퍼레이션,00119140,143210,KOSPI,연간x연결,재무제표,DS-1,PASS,,,2026-07-07T22:24:20
핸즈코퍼레이션,00119140,143210,KOSPI,연간x연결,상단,DS-8,PASS,,,2026-07-07T22:24:20
핸즈코퍼레이션,00119140,143210,KOSPI,연간x연결,상단,DS-7,PASS,"badges seen: ['✅', '🔎', '⚠']",,2026-07-07T22:24:20
핸즈코퍼레이션,00119140,143210,KOSPI,연간x연결,재무제표,CV-3,PASS,rows=29 cols=14 slider_extended=True,,2026-07-07T22:24:20
핸즈코퍼레이션,00119140,143210,KOSPI,연간x연결,재무제표,DS-2/DS-3,DONE,"cross-check completed for ['매출액', '영업이익']",,2026-07-07T22:24:20
핸즈코퍼레이션,00119140,143210,KOSPI,연간x연결,지표,CV-6,PASS,default metric selection visible,,2026-07-07T22:24:20
핸즈코퍼레이션,00119140,143210,KOSPI,연간x별도,재무제표,DS-1,PASS,,,2026-07-07T22:24:25
핸즈코퍼레이션,00119140,143210,KOSPI,연간x별도,상단,DS-8,PASS,,,2026-07-07T22:24:25
핸즈코퍼레이션,00119140,143210,KOSPI,연간x별도,상단,DS-7,PASS,"badges seen: ['✅', '🔎', '⚠']",,2026-07-07T22:24:25
핸즈코퍼레이션,00119140,143210,KOSPI,연간x별도,재무제표,CV-3,PASS,rows=29 cols=14 slider_extended=True,,2026-07-07T22:24:25
핸즈코퍼레이션,00119140,143210,KOSPI,연간x별도,재무제표,DS-2/DS-3,DONE,"cross-check completed for ['매출액', '영업이익']",,2026-07-07T22:24:25
핸즈코퍼레이션,00119140,143210,KOSPI,연간x별도,지표,CV-6,PASS,default metric selection visible,,2026-07-07T22:24:25
핸즈코퍼레이션,00119140,143210,KOSPI,분기x연결,재무제표,DS-1,PASS,,,2026-07-07T22:24:32
핸즈코퍼레이션,00119140,143210,KOSPI,분기x연결,상단,DS-8,PASS,,,2026-07-07T22:24:32
핸즈코퍼레이션,00119140,143210,KOSPI,분기x연결,상단,DS-7,PASS,"badges seen: ['✅', '🔎', '⚠']",,2026-07-07T22:24:32
핸즈코퍼레이션,00119140,143210,KOSPI,분기x연결,재무제표,CV-3,PASS,rows=29 cols=44 slider_extended=True,,2026-07-07T22:24:32
핸즈코퍼레이션,00119140,143210,KOSPI,분기x연결,재무제표,DS-2/DS-3,DONE,"cross-check completed for ['매출액', '영업이익']",,2026-07-07T22:24:32
핸즈코퍼레이션,00119140,143210,KOSPI,분기x연결,지표,CV-6,PASS,default metric selection visible,,2026-07-07T22:24:32
핸즈코퍼레이션,00119140,143210,KOSPI,분기x별도,재무제표,DS-1,PASS,,,2026-07-07T22:24:39
핸즈코퍼레이션,00119140,143210,KOSPI,분기x별도,상단,DS-8,PASS,,,2026-07-07T22:24:39
핸즈코퍼레이션,00119140,143210,KOSPI,분기x별도,상단,DS-7,PASS,"badges seen: ['✅', '🔎', '⚠']",,2026-07-07T22:24:39
핸즈코퍼레이션,00119140,143210,KOSPI,분기x별도,재무제표,CV-3,PASS,rows=29 cols=44 slider_extended=True,,2026-07-07T22:24:39
핸즈코퍼레이션,00119140,143210,KOSPI,분기x별도,재무제표,DS-2/DS-3,DONE,"cross-check completed for ['매출액', '영업이익']",,2026-07-07T22:24:39
핸즈코퍼레이션,00119140,143210,KOSPI,분기x별도,지표,CV-6,PASS,default metric selection visible,,2026-07-07T22:24:39
현대건설,00164478,000720,KOSPI,연간x연결,재무제표,DS-1,PASS,,,2026-07-07T22:24:52
현대건설,00164478,000720,KOSPI,연간x연결,상단,DS-8,PASS,,,2026-07-07T22:24:52
현대건설,00164478,000720,KOSPI,연간x연결,상단,DS-7,PASS,"badges seen: ['✅', '🔎']",,2026-07-07T22:24:52
현대건설,00164478,000720,KOSPI,연간x연결,재무제표,CV-3,PASS,rows=29 cols=23 slider_extended=True,,2026-07-07T22:24:52
현대건설,00164478,000720,KOSPI,연간x연결,재무제표,DS-2/DS-3,DONE,"cross-check completed for ['매출액', '영업이익']",,2026-07-07T22:24:52
현대건설,00164478,000720,KOSPI,연간x연결,지표,CV-6,PASS,default metric selection visible,,2026-07-07T22:24:52
현대건설,00164478,000720,KOSPI,연간x별도,재무제표,DS-1,PASS,,,2026-07-07T22:24:57
현대건설,00164478,000720,KOSPI,연간x별도,상단,DS-8,PASS,,,2026-07-07T22:24:57
현대건설,00164478,000720,KOSPI,연간x별도,상단,DS-7,PASS,"badges seen: ['✅', '🔎']",,2026-07-07T22:24:57
현대건설,00164478,000720,KOSPI,연간x별도,재무제표,CV-3,PASS,rows=29 cols=28 slider_extended=True,,2026-07-07T22:24:57
현대건설,00164478,000720,KOSPI,연간x별도,재무제표,DS-2/DS-3,DONE,"cross-check completed for ['매출액', '영업이익']",,2026-07-07T22:24:57
현대건설,00164478,000720,KOSPI,연간x별도,지표,CV-6,PASS,default metric selection visible,,2026-07-07T22:24:57
현대건설,00164478,000720,KOSPI,분기x연결,재무제표,DS-1,PASS,,,2026-07-07T22:25:04
현대건설,00164478,000720,KOSPI,분기x연결,상단,DS-8,PASS,,,2026-07-07T22:25:04
현대건설,00164478,000720,KOSPI,분기x연결,상단,DS-7,PASS,"badges seen: ['✅', '🔎']",,2026-07-07T22:25:04
현대건설,00164478,000720,KOSPI,분기x연결,재무제표,CV-3,PASS,rows=29 cols=72 slider_extended=True,,2026-07-07T22:25:04
현대건설,00164478,000720,KOSPI,분기x연결,재무제표,DS-2/DS-3,DONE,"cross-check completed for ['매출액', '영업이익']",,2026-07-07T22:25:04
현대건설,00164478,000720,KOSPI,분기x연결,지표,CV-6,PASS,default metric selection visible,,2026-07-07T22:25:04
현대건설,00164478,000720,KOSPI,분기x별도,재무제표,DS-1,PASS,,,2026-07-07T22:25:11
현대건설,00164478,000720,KOSPI,분기x별도,상단,DS-8,PASS,,,2026-07-07T22:25:11
현대건설,00164478,000720,KOSPI,분기x별도,상단,DS-7,PASS,"badges seen: ['✅', '🔎', '⚠']",,2026-07-07T22:25:11
현대건설,00164478,000720,KOSPI,분기x별도,재무제표,CV-3,PASS,rows=29 cols=88 slider_extended=True,,2026-07-07T22:25:11
현대건설,00164478,000720,KOSPI,분기x별도,재무제표,DS-2/DS-3,DONE,"cross-check completed for ['매출액', '영업이익']",,2026-07-07T22:25:11
현대건설,00164478,000720,KOSPI,분기x별도,지표,CV-6,PASS,default metric selection visible,,2026-07-07T22:25:11
현대그린푸드,01721809,453340,KOSPI,연간x연결,재무제표,DS-1,PASS,,,2026-07-07T22:25:25
현대그린푸드,01721809,453340,KOSPI,연간x연결,상단,DS-8,PASS,,,2026-07-07T22:25:25
현대그린푸드,01721809,453340,KOSPI,연간x연결,상단,DS-7,PASS,"badges seen: ['✅', '🔎']",,2026-07-07T22:25:25
현대그린푸드,01721809,453340,KOSPI,연간x연결,재무제표,CV-3,PASS,rows=29 cols=5 slider_extended=True,,2026-07-07T22:25:25
현대그린푸드,01721809,453340,KOSPI,연간x연결,재무제표,DS-2/DS-3,DONE,"cross-check completed for ['매출액', '영업이익']",,2026-07-07T22:25:25
현대그린푸드,01721809,453340,KOSPI,연간x연결,지표,CV-6,PASS,default metric selection visible,,2026-07-07T22:25:25
현대그린푸드,01721809,453340,KOSPI,연간x별도,재무제표,DS-1,PASS,,,2026-07-07T22:25:30
현대그린푸드,01721809,453340,KOSPI,연간x별도,상단,DS-8,PASS,,,2026-07-07T22:25:30
현대그린푸드,01721809,453340,KOSPI,연간x별도,상단,DS-7,PASS,"badges seen: ['✅', '🔎']",,2026-07-07T22:25:30
현대그린푸드,01721809,453340,KOSPI,연간x별도,재무제표,CV-3,PASS,rows=29 cols=5 slider_extended=True,,2026-07-07T22:25:30
현대그린푸드,01721809,453340,KOSPI,연간x별도,재무제표,DS-2/DS-3,DONE,"cross-check completed for ['매출액', '영업이익']",,2026-07-07T22:25:30
현대그린푸드,01721809,453340,KOSPI,연간x별도,지표,CV-6,PASS,default metric selection visible,,2026-07-07T22:25:30
현대그린푸드,01721809,453340,KOSPI,분기x연결,재무제표,DS-1,PASS,,,2026-07-07T22:25:36
현대그린푸드,01721809,453340,KOSPI,분기x연결,상단,DS-8,PASS,,,2026-07-07T22:25:36
현대그린푸드,01721809,453340,KOSPI,분기x연결,상단,DS-7,PASS,"badges seen: ['✅', '🔎']",,2026-07-07T22:25:36
현대그린푸드,01721809,453340,KOSPI,분기x연결,재무제표,CV-3,PASS,rows=29 cols=14 slider_extended=True,,2026-07-07T22:25:36
현대그린푸드,01721809,453340,KOSPI,분기x연결,재무제표,DS-2/DS-3,DONE,"cross-check completed for ['매출액', '영업이익']",,2026-07-07T22:25:36
현대그린푸드,01721809,453340,KOSPI,분기x연결,지표,CV-6,PASS,default metric selection visible,,2026-07-07T22:25:36
현대그린푸드,01721809,453340,KOSPI,분기x별도,재무제표,DS-1,PASS,,,2026-07-07T22:25:43
현대그린푸드,01721809,453340,KOSPI,분기x별도,상단,DS-8,PASS,,,2026-07-07T22:25:43
현대그린푸드,01721809,453340,KOSPI,분기x별도,상단,DS-7,PASS,"badges seen: ['✅', '🔎']",,2026-07-07T22:25:43
현대그린푸드,01721809,453340,KOSPI,분기x별도,재무제표,CV-3,PASS,rows=29 cols=16 slider_extended=True,,2026-07-07T22:25:43
현대그린푸드,01721809,453340,KOSPI,분기x별도,재무제표,DS-2/DS-3,DONE,"cross-check completed for ['매출액', '영업이익']",,2026-07-07T22:25:43
현대그린푸드,01721809,453340,KOSPI,분기x별도,지표,CV-6,PASS,default metric selection visible,,2026-07-07T22:25:43
현대글로비스,00360595,086280,KOSPI,연간x연결,재무제표,DS-1,PASS,,,2026-07-07T22:25:54
현대글로비스,00360595,086280,KOSPI,연간x연결,상단,DS-8,PASS,,,2026-07-07T22:25:54
현대글로비스,00360595,086280,KOSPI,연간x연결,상단,DS-7,PASS,"badges seen: ['✅', '🔎']",,2026-07-07T22:25:54
현대글로비스,00360595,086280,KOSPI,연간x연결,재무제표,CV-3,PASS,rows=29 cols=12 slider_extended=True,,2026-07-07T22:25:54
현대글로비스,00360595,086280,KOSPI,연간x연결,재무제표,DS-2/DS-3,DONE,"cross-check completed for ['매출액', '영업이익']",,2026-07-07T22:25:54
현대글로비스,00360595,086280,KOSPI,연간x연결,지표,CV-6,PASS,default metric selection visible,,2026-07-07T22:25:54
현대글로비스,00360595,086280,KOSPI,연간x별도,재무제표,DS-1,PASS,,,2026-07-07T22:25:59
현대글로비스,00360595,086280,KOSPI,연간x별도,상단,DS-8,PASS,,,2026-07-07T22:25:59
현대글로비스,00360595,086280,KOSPI,연간x별도,상단,DS-7,PASS,"badges seen: ['✅', '🔎']",,2026-07-07T22:25:59
현대글로비스,00360595,086280,KOSPI,연간x별도,재무제표,CV-3,PASS,rows=29 cols=24 slider_extended=True,,2026-07-07T22:25:59
현대글로비스,00360595,086280,KOSPI,연간x별도,재무제표,DS-2/DS-3,DONE,"cross-check completed for ['매출액', '영업이익']",,2026-07-07T22:25:59
현대글로비스,00360595,086280,KOSPI,연간x별도,지표,CV-6,PASS,default metric selection visible,,2026-07-07T22:25:59
현대글로비스,00360595,086280,KOSPI,분기x연결,재무제표,DS-1,PASS,,,2026-07-07T22:26:05
현대글로비스,00360595,086280,KOSPI,분기x연결,상단,DS-8,PASS,,,2026-07-07T22:26:05
현대글로비스,00360595,086280,KOSPI,분기x연결,상단,DS-7,PASS,"badges seen: ['✅', '🔎']",,2026-07-07T22:26:05
현대글로비스,00360595,086280,KOSPI,분기x연결,재무제표,CV-3,PASS,rows=29 cols=70 slider_extended=True,,2026-07-07T22:26:05
현대글로비스,00360595,086280,KOSPI,분기x연결,재무제표,DS-2/DS-3,DONE,"cross-check completed for ['매출액', '영업이익']",,2026-07-07T22:26:05
현대글로비스,00360595,086280,KOSPI,분기x연결,지표,CV-6,PASS,default metric selection visible,,2026-07-07T22:26:05
현대글로비스,00360595,086280,KOSPI,분기x별도,재무제표,DS-1,PASS,,,2026-07-07T22:26:13
현대글로비스,00360595,086280,KOSPI,분기x별도,상단,DS-8,PASS,,,2026-07-07T22:26:13
현대글로비스,00360595,086280,KOSPI,분기x별도,상단,DS-7,PASS,"badges seen: ['✅', '🔎']",,2026-07-07T22:26:13
현대글로비스,00360595,086280,KOSPI,분기x별도,재무제표,CV-3,PASS,rows=29 cols=73 slider_extended=True,,2026-07-07T22:26:13
현대글로비스,00360595,086280,KOSPI,분기x별도,재무제표,DS-2/DS-3,DONE,"cross-check completed for ['매출액', '영업이익']",,2026-07-07T22:26:13
현대글로비스,00360595,086280,KOSPI,분기x별도,지표,CV-6,PASS,default metric selection visible,,2026-07-07T22:26:13
현대로템,00302926,064350,KOSPI,연간x연결,재무제표,DS-1,PASS,,,2026-07-07T22:26:26
현대로템,00302926,064350,KOSPI,연간x연결,상단,DS-8,PASS,,,2026-07-07T22:26:26
현대로템,00302926,064350,KOSPI,연간x연결,상단,DS-7,PASS,"badges seen: ['✅', '🔎']",,2026-07-07T22:26:26
현대로템,00302926,064350,KOSPI,연간x연결,재무제표,CV-3,PASS,rows=29 cols=20 slider_extended=True,,2026-07-07T22:26:26
현대로템,00302926,064350,KOSPI,연간x연결,재무제표,DS-2/DS-3,DONE,"cross-check completed for ['매출액', '영업이익']",,2026-07-07T22:26:26
현대로템,00302926,064350,KOSPI,연간x연결,지표,CV-6,PASS,default metric selection visible,,2026-07-07T22:26:26
현대로템,00302926,064350,KOSPI,연간x별도,재무제표,DS-1,PASS,,,2026-07-07T22:26:31
현대로템,00302926,064350,KOSPI,연간x별도,상단,DS-8,PASS,,,2026-07-07T22:26:31
현대로템,00302926,064350,KOSPI,연간x별도,상단,DS-7,PASS,"badges seen: ['✅', '🔎', '⚠']",,2026-07-07T22:26:31
현대로템,00302926,064350,KOSPI,연간x별도,재무제표,CV-3,PASS,rows=29 cols=22 slider_extended=True,,2026-07-07T22:26:31
현대로템,00302926,064350,KOSPI,연간x별도,재무제표,DS-2/DS-3,DONE,"cross-check completed for ['매출액', '영업이익']",,2026-07-07T22:26:31
현대로템,00302926,064350,KOSPI,연간x별도,지표,CV-6,PASS,default metric selection visible,,2026-07-07T22:26:31
현대로템,00302926,064350,KOSPI,분기x연결,재무제표,DS-1,PASS,,,2026-07-07T22:26:38
현대로템,00302926,064350,KOSPI,분기x연결,상단,DS-8,PASS,,,2026-07-07T22:26:38
현대로템,00302926,064350,KOSPI,분기x연결,상단,DS-7,PASS,"badges seen: ['✅', '🔎']",,2026-07-07T22:26:38
현대로템,00302926,064350,KOSPI,분기x연결,재무제표,CV-3,PASS,rows=29 cols=63 slider_extended=True,,2026-07-07T22:26:38
현대로템,00302926,064350,KOSPI,분기x연결,재무제표,DS-2/DS-3,DONE,"cross-check completed for ['매출액', '영업이익']",,2026-07-07T22:26:38
현대로템,00302926,064350,KOSPI,분기x연결,지표,CV-6,PASS,default metric selection visible,,2026-07-07T22:26:38
현대로템,00302926,064350,KOSPI,분기x별도,재무제표,DS-1,PASS,,,2026-07-07T22:26:45
현대로템,00302926,064350,KOSPI,분기x별도,상단,DS-8,PASS,,,2026-07-07T22:26:45
현대로템,00302926,064350,KOSPI,분기x별도,상단,DS-7,PASS,"badges seen: ['✅', '🔎']",,2026-07-07T22:26:45
현대로템,00302926,064350,KOSPI,분기x별도,재무제표,CV-3,PASS,rows=29 cols=68 slider_extended=True,,2026-07-07T22:26:45
현대로템,00302926,064350,KOSPI,분기x별도,재무제표,DS-2/DS-3,DONE,"cross-check completed for ['매출액', '영업이익']",,2026-07-07T22:26:45
현대로템,00302926,064350,KOSPI,분기x별도,지표,CV-6,PASS,default metric selection visible,,2026-07-07T22:26:45
현대리바트,00300548,079430,KOSPI,연간x연결,재무제표,DS-1,PASS,,,2026-07-07T22:26:56
현대리바트,00300548,079430,KOSPI,연간x연결,상단,DS-8,PASS,,,2026-07-07T22:26:56
현대리바트,00300548,079430,KOSPI,연간x연결,상단,DS-7,PASS,"badges seen: ['✅', '🔎']",,2026-07-07T22:26:56
현대리바트,00300548,079430,KOSPI,연간x연결,재무제표,CV-3,PASS,rows=29 cols=19 slider_extended=True,,2026-07-07T22:26:56
현대리바트,00300548,079430,KOSPI,연간x연결,재무제표,DS-2/DS-3,DONE,"cross-check completed for ['매출액', '영업이익']",,2026-07-07T22:26:56
현대리바트,00300548,079430,KOSPI,연간x연결,지표,CV-6,PASS,default metric selection visible,,2026-07-07T22:26:56
현대리바트,00300548,079430,KOSPI,연간x별도,재무제표,DS-1,PASS,,,2026-07-07T22:27:01
현대리바트,00300548,079430,KOSPI,연간x별도,상단,DS-8,PASS,,,2026-07-07T22:27:01
현대리바트,00300548,079430,KOSPI,연간x별도,상단,DS-7,PASS,"badges seen: ['✅', '🔎']",,2026-07-07T22:27:01
현대리바트,00300548,079430,KOSPI,연간x별도,재무제표,CV-3,PASS,rows=29 cols=25 slider_extended=True,,2026-07-07T22:27:01
현대리바트,00300548,079430,KOSPI,연간x별도,재무제표,DS-2/DS-3,DONE,"cross-check completed for ['매출액', '영업이익']",,2026-07-07T22:27:01
현대리바트,00300548,079430,KOSPI,연간x별도,지표,CV-6,PASS,default metric selection visible,,2026-07-07T22:27:01
현대리바트,00300548,079430,KOSPI,분기x연결,재무제표,DS-1,PASS,,,2026-07-07T22:27:07
현대리바트,00300548,079430,KOSPI,분기x연결,상단,DS-8,PASS,,,2026-07-07T22:27:07
현대리바트,00300548,079430,KOSPI,분기x연결,상단,DS-7,PASS,"badges seen: ['✅', '🔎']",,2026-07-07T22:27:07
현대리바트,00300548,079430,KOSPI,분기x연결,재무제표,CV-3,PASS,rows=29 cols=60 slider_extended=True,,2026-07-07T22:27:07
현대리바트,00300548,079430,KOSPI,분기x연결,재무제표,DS-2/DS-3,DONE,"cross-check completed for ['매출액', '영업이익']",,2026-07-07T22:27:07
현대리바트,00300548,079430,KOSPI,분기x연결,지표,CV-6,PASS,default metric selection visible,,2026-07-07T22:27:07
현대리바트,00300548,079430,KOSPI,분기x별도,재무제표,DS-1,PASS,,,2026-07-07T22:27:14
현대리바트,00300548,079430,KOSPI,분기x별도,상단,DS-8,PASS,,,2026-07-07T22:27:14
현대리바트,00300548,079430,KOSPI,분기x별도,상단,DS-7,PASS,"badges seen: ['✅', '🔎']",,2026-07-07T22:27:14
현대리바트,00300548,079430,KOSPI,분기x별도,재무제표,CV-3,PASS,rows=29 cols=79 slider_extended=True,,2026-07-07T22:27:14
현대리바트,00300548,079430,KOSPI,분기x별도,재무제표,DS-2/DS-3,DONE,"cross-check completed for ['매출액', '영업이익']",,2026-07-07T22:27:14
현대리바트,00300548,079430,KOSPI,분기x별도,지표,CV-6,PASS,default metric selection visible,,2026-07-07T22:27:14
현대모비스,00164788,012330,KOSPI,연간x연결,재무제표,DS-1,PASS,,,2026-07-07T22:27:28
현대모비스,00164788,012330,KOSPI,연간x연결,상단,DS-8,PASS,,,2026-07-07T22:27:28
현대모비스,00164788,012330,KOSPI,연간x연결,상단,DS-7,PASS,"badges seen: ['✅', '🔎']",,2026-07-07T22:27:28
현대모비스,00164788,012330,KOSPI,연간x연결,재무제표,CV-3,PASS,rows=29 cols=25 slider_extended=True,,2026-07-07T22:27:28
현대모비스,00164788,012330,KOSPI,연간x연결,재무제표,DS-2/DS-3,DONE,"cross-check completed for ['매출액', '영업이익']",,2026-07-07T22:27:28
현대모비스,00164788,012330,KOSPI,연간x연결,지표,CV-6,PASS,default metric selection visible,,2026-07-07T22:27:28
현대모비스,00164788,012330,KOSPI,연간x별도,재무제표,DS-1,PASS,,,2026-07-07T22:27:33
현대모비스,00164788,012330,KOSPI,연간x별도,상단,DS-8,PASS,,,2026-07-07T22:27:33
현대모비스,00164788,012330,KOSPI,연간x별도,상단,DS-7,PASS,"badges seen: ['✅', '🔎']",,2026-07-07T22:27:33
현대모비스,00164788,012330,KOSPI,연간x별도,재무제표,CV-3,PASS,rows=29 cols=28 slider_extended=True,,2026-07-07T22:27:33
현대모비스,00164788,012330,KOSPI,연간x별도,재무제표,DS-2/DS-3,DONE,"cross-check completed for ['매출액', '영업이익']",,2026-07-07T22:27:33
현대모비스,00164788,012330,KOSPI,연간x별도,지표,CV-6,PASS,default metric selection visible,,2026-07-07T22:27:33
현대모비스,00164788,012330,KOSPI,분기x연결,재무제표,DS-1,PASS,,,2026-07-07T22:27:39
현대모비스,00164788,012330,KOSPI,분기x연결,상단,DS-8,PASS,,,2026-07-07T22:27:39
현대모비스,00164788,012330,KOSPI,분기x연결,상단,DS-7,PASS,"badges seen: ['✅', '🔎']",,2026-07-07T22:27:39
현대모비스,00164788,012330,KOSPI,분기x연결,재무제표,CV-3,PASS,rows=29 cols=79 slider_extended=True,,2026-07-07T22:27:39
현대모비스,00164788,012330,KOSPI,분기x연결,재무제표,DS-2/DS-3,DONE,"cross-check completed for ['매출액', '영업이익']",,2026-07-07T22:27:39
현대모비스,00164788,012330,KOSPI,분기x연결,지표,CV-6,PASS,default metric selection visible,,2026-07-07T22:27:39
현대모비스,00164788,012330,KOSPI,분기x별도,재무제표,DS-1,PASS,,,2026-07-07T22:27:47
현대모비스,00164788,012330,KOSPI,분기x별도,상단,DS-8,PASS,,,2026-07-07T22:27:47
현대모비스,00164788,012330,KOSPI,분기x별도,상단,DS-7,PASS,"badges seen: ['✅', '🔎']",,2026-07-07T22:27:47
현대모비스,00164788,012330,KOSPI,분기x별도,재무제표,CV-3,PASS,rows=29 cols=88 slider_extended=True,,2026-07-07T22:27:47
현대모비스,00164788,012330,KOSPI,분기x별도,재무제표,DS-2/DS-3,DONE,"cross-check completed for ['매출액', '영업이익']",,2026-07-07T22:27:47
현대모비스,00164788,012330,KOSPI,분기x별도,지표,CV-6,PASS,default metric selection visible,,2026-07-07T22:27:47
현대백화점,00428251,069960,KOSPI,연간x연결,재무제표,DS-1,PASS,,,2026-07-07T22:28:00
현대백화점,00428251,069960,KOSPI,연간x연결,상단,DS-8,PASS,,,2026-07-07T22:28:00
현대백화점,00428251,069960,KOSPI,연간x연결,상단,DS-7,PASS,"badges seen: ['✅', '🔎']",,2026-07-07T22:28:00
현대백화점,00428251,069960,KOSPI,연간x연결,재무제표,CV-3,PASS,rows=29 cols=25 slider_extended=True,,2026-07-07T22:28:00
현대백화점,00428251,069960,KOSPI,연간x연결,재무제표,DS-2/DS-3,DONE,"cross-check completed for ['매출액', '영업이익']",,2026-07-07T22:28:00
현대백화점,00428251,069960,KOSPI,연간x연결,지표,CV-6,PASS,default metric selection visible,,2026-07-07T22:28:00
현대백화점,00428251,069960,KOSPI,연간x별도,재무제표,DS-1,PASS,,,2026-07-07T22:28:05
현대백화점,00428251,069960,KOSPI,연간x별도,상단,DS-8,PASS,,,2026-07-07T22:28:05
현대백화점,00428251,069960,KOSPI,연간x별도,상단,DS-7,PASS,"badges seen: ['✅', '🔎']",,2026-07-07T22:28:05
현대백화점,00428251,069960,KOSPI,연간x별도,재무제표,CV-3,PASS,rows=29 cols=25 slider_extended=True,,2026-07-07T22:28:05
현대백화점,00428251,069960,KOSPI,연간x별도,재무제표,DS-2/DS-3,DONE,"cross-check completed for ['매출액', '영업이익']",,2026-07-07T22:28:05
현대백화점,00428251,069960,KOSPI,연간x별도,지표,CV-6,PASS,default metric selection visible,,2026-07-07T22:28:05
현대백화점,00428251,069960,KOSPI,분기x연결,재무제표,DS-1,PASS,,,2026-07-07T22:28:12
현대백화점,00428251,069960,KOSPI,분기x연결,상단,DS-8,PASS,,,2026-07-07T22:28:12
현대백화점,00428251,069960,KOSPI,분기x연결,상단,DS-7,PASS,"badges seen: ['✅', '🔎']",,2026-07-07T22:28:12
현대백화점,00428251,069960,KOSPI,분기x연결,재무제표,CV-3,PASS,rows=29 cols=76 slider_extended=True,,2026-07-07T22:28:12
현대백화점,00428251,069960,KOSPI,분기x연결,재무제표,DS-2/DS-3,DONE,"cross-check completed for ['매출액', '영업이익']",,2026-07-07T22:28:12
현대백화점,00428251,069960,KOSPI,분기x연결,지표,CV-6,PASS,default metric selection visible,,2026-07-07T22:28:12
현대백화점,00428251,069960,KOSPI,분기x별도,재무제표,DS-1,PASS,,,2026-07-07T22:28:19
현대백화점,00428251,069960,KOSPI,분기x별도,상단,DS-8,PASS,,,2026-07-07T22:28:19
현대백화점,00428251,069960,KOSPI,분기x별도,상단,DS-7,PASS,"badges seen: ['✅', '🔎']",,2026-07-07T22:28:19
현대백화점,00428251,069960,KOSPI,분기x별도,재무제표,CV-3,PASS,rows=29 cols=76 slider_extended=True,,2026-07-07T22:28:19
현대백화점,00428251,069960,KOSPI,분기x별도,재무제표,DS-2/DS-3,DONE,"cross-check completed for ['매출액', '영업이익']",,2026-07-07T22:28:19
현대백화점,00428251,069960,KOSPI,분기x별도,지표,CV-6,PASS,default metric selection visible,,2026-07-07T22:28:19
현대비앤지스틸,00125743,004560,KOSPI,연간x연결,재무제표,DS-1,PASS,,,2026-07-07T22:28:32
현대비앤지스틸,00125743,004560,KOSPI,연간x연결,상단,DS-8,PASS,,,2026-07-07T22:28:32
현대비앤지스틸,00125743,004560,KOSPI,연간x연결,상단,DS-7,PASS,"badges seen: ['✅', '🔎']",,2026-07-07T22:28:32
현대비앤지스틸,00125743,004560,KOSPI,연간x연결,재무제표,CV-3,PASS,rows=29 cols=19 slider_extended=True,,2026-07-07T22:28:32
현대비앤지스틸,00125743,004560,KOSPI,연간x연결,재무제표,DS-2/DS-3,DONE,"cross-check completed for ['매출액', '영업이익']",,2026-07-07T22:28:32
현대비앤지스틸,00125743,004560,KOSPI,연간x연결,지표,CV-6,PASS,default metric selection visible,,2026-07-07T22:28:32
현대비앤지스틸,00125743,004560,KOSPI,연간x별도,재무제표,DS-1,PASS,,,2026-07-07T22:28:37
현대비앤지스틸,00125743,004560,KOSPI,연간x별도,상단,DS-8,PASS,,,2026-07-07T22:28:37
현대비앤지스틸,00125743,004560,KOSPI,연간x별도,상단,DS-7,PASS,"badges seen: ['✅', '🔎']",,2026-07-07T22:28:37
현대비앤지스틸,00125743,004560,KOSPI,연간x별도,재무제표,CV-3,PASS,rows=29 cols=23 slider_extended=True,,2026-07-07T22:28:37
현대비앤지스틸,00125743,004560,KOSPI,연간x별도,재무제표,DS-2/DS-3,DONE,"cross-check completed for ['매출액', '영업이익']",,2026-07-07T22:28:37
현대비앤지스틸,00125743,004560,KOSPI,연간x별도,지표,CV-6,PASS,default metric selection visible,,2026-07-07T22:28:37
현대비앤지스틸,00125743,004560,KOSPI,분기x연결,재무제표,DS-1,PASS,,,2026-07-07T22:28:44
현대비앤지스틸,00125743,004560,KOSPI,분기x연결,상단,DS-8,PASS,,,2026-07-07T22:28:44
현대비앤지스틸,00125743,004560,KOSPI,분기x연결,상단,DS-7,PASS,"badges seen: ['✅', '🔎']",,2026-07-07T22:28:44
현대비앤지스틸,00125743,004560,KOSPI,분기x연결,재무제표,CV-3,PASS,rows=29 cols=60 slider_extended=True,,2026-07-07T22:28:44
현대비앤지스틸,00125743,004560,KOSPI,분기x연결,재무제표,DS-2/DS-3,DONE,"cross-check completed for ['매출액', '영업이익']",,2026-07-07T22:28:44
현대비앤지스틸,00125743,004560,KOSPI,분기x연결,지표,CV-6,PASS,default metric selection visible,,2026-07-07T22:28:44
현대비앤지스틸,00125743,004560,KOSPI,분기x별도,재무제표,DS-1,PASS,,,2026-07-07T22:28:51
현대비앤지스틸,00125743,004560,KOSPI,분기x별도,상단,DS-8,PASS,,,2026-07-07T22:28:51
현대비앤지스틸,00125743,004560,KOSPI,분기x별도,상단,DS-7,PASS,"badges seen: ['✅', '🔎']",,2026-07-07T22:28:51
현대비앤지스틸,00125743,004560,KOSPI,분기x별도,재무제표,CV-3,PASS,rows=29 cols=78 slider_extended=True,,2026-07-07T22:28:51
현대비앤지스틸,00125743,004560,KOSPI,분기x별도,재무제표,DS-2/DS-3,DONE,"cross-check completed for ['매출액', '영업이익']",,2026-07-07T22:28:51
현대비앤지스틸,00125743,004560,KOSPI,분기x별도,지표,CV-6,PASS,default metric selection visible,,2026-07-07T22:28:51
현대약품,00164706,004310,KOSPI,연간x연결,재무제표,DS-1,PASS,,,2026-07-07T22:29:04
현대약품,00164706,004310,KOSPI,연간x연결,상단,DS-8,PASS,,,2026-07-07T22:29:04
현대약품,00164706,004310,KOSPI,연간x연결,상단,DS-7,PASS,"badges seen: ['✅', '🔎']",,2026-07-07T22:29:04
현대약품,00164706,004310,KOSPI,연간x연결,재무제표,CV-3,PASS,rows=29 cols=6 slider_extended=True,,2026-07-07T22:29:04
현대약품,00164706,004310,KOSPI,연간x연결,재무제표,DS-2/DS-3,DONE,"cross-check completed for ['매출액', '영업이익']",,2026-07-07T22:29:04
현대약품,00164706,004310,KOSPI,연간x연결,지표,CV-6,PASS,default metric selection visible,,2026-07-07T22:29:04
현대약품,00164706,004310,KOSPI,연간x별도,재무제표,DS-1,PASS,,,2026-07-07T22:29:09
현대약품,00164706,004310,KOSPI,연간x별도,상단,DS-8,PASS,,,2026-07-07T22:29:09
현대약품,00164706,004310,KOSPI,연간x별도,상단,DS-7,PASS,"badges seen: ['✅', '🔎', '⚠']",,2026-07-07T22:29:09
현대약품,00164706,004310,KOSPI,연간x별도,재무제표,CV-3,PASS,rows=29 cols=27 slider_extended=True,,2026-07-07T22:29:09
현대약품,00164706,004310,KOSPI,연간x별도,재무제표,DS-2/DS-3,DONE,"cross-check completed for ['매출액', '영업이익']",,2026-07-07T22:29:09
현대약품,00164706,004310,KOSPI,연간x별도,지표,CV-6,PASS,default metric selection visible,,2026-07-07T22:29:09
현대약품,00164706,004310,KOSPI,분기x연결,재무제표,DS-1,PASS,,,2026-07-07T22:29:16
현대약품,00164706,004310,KOSPI,분기x연결,상단,DS-8,PASS,,,2026-07-07T22:29:16
현대약품,00164706,004310,KOSPI,분기x연결,상단,DS-7,PASS,"badges seen: ['✅', '🔎']",,2026-07-07T22:29:16
현대약품,00164706,004310,KOSPI,분기x연결,재무제표,CV-3,PASS,rows=29 cols=11 slider_extended=True,,2026-07-07T22:29:16
현대약품,00164706,004310,KOSPI,분기x연결,재무제표,DS-2/DS-3,DONE,"cross-check completed for ['매출액', '영업이익']",,2026-07-07T22:29:16
현대약품,00164706,004310,KOSPI,분기x연결,지표,CV-6,PASS,default metric selection visible,,2026-07-07T22:29:16
현대약품,00164706,004310,KOSPI,분기x별도,재무제표,DS-1,PASS,,,2026-07-07T22:29:23
현대약품,00164706,004310,KOSPI,분기x별도,상단,DS-8,PASS,,,2026-07-07T22:29:23
현대약품,00164706,004310,KOSPI,분기x별도,상단,DS-7,PASS,"badges seen: ['✅', '🔎']",,2026-07-07T22:29:23
현대약품,00164706,004310,KOSPI,분기x별도,재무제표,CV-3,PASS,rows=29 cols=68 slider_extended=True,,2026-07-07T22:29:23
현대약품,00164706,004310,KOSPI,분기x별도,재무제표,DS-2/DS-3,DONE,"cross-check completed for ['매출액', '영업이익']",,2026-07-07T22:29:23
현대약품,00164706,004310,KOSPI,분기x별도,지표,CV-6,PASS,default metric selection visible,,2026-07-07T22:29:23
현대엘리베이터,00164724,017800,KOSPI,연간x연결,재무제표,DS-1,PASS,,,2026-07-07T22:29:37
현대엘리베이터,00164724,017800,KOSPI,연간x연결,상단,DS-8,PASS,,,2026-07-07T22:29:37
현대엘리베이터,00164724,017800,KOSPI,연간x연결,상단,DS-7,PASS,"badges seen: ['✅', '🔎', '⚠']",,2026-07-07T22:29:37
현대엘리베이터,00164724,017800,KOSPI,연간x연결,재무제표,CV-3,PASS,rows=29 cols=19 slider_extended=True,,2026-07-07T22:29:37
현대엘리베이터,00164724,017800,KOSPI,연간x연결,재무제표,DS-2/DS-3,DONE,"cross-check completed for ['매출액', '영업이익']",,2026-07-07T22:29:37
현대엘리베이터,00164724,017800,KOSPI,연간x연결,지표,CV-6,PASS,default metric selection visible,,2026-07-07T22:29:37
현대엘리베이터,00164724,017800,KOSPI,연간x별도,재무제표,DS-1,PASS,,,2026-07-07T22:29:42
현대엘리베이터,00164724,017800,KOSPI,연간x별도,상단,DS-8,PASS,,,2026-07-07T22:29:42
현대엘리베이터,00164724,017800,KOSPI,연간x별도,상단,DS-7,PASS,"badges seen: ['✅', '🔎']",,2026-07-07T22:29:42
현대엘리베이터,00164724,017800,KOSPI,연간x별도,재무제표,CV-3,PASS,rows=29 cols=25 slider_extended=True,,2026-07-07T22:29:42
현대엘리베이터,00164724,017800,KOSPI,연간x별도,재무제표,DS-2/DS-3,DONE,"cross-check completed for ['매출액', '영업이익']",,2026-07-07T22:29:42
현대엘리베이터,00164724,017800,KOSPI,연간x별도,지표,CV-6,PASS,default metric selection visible,,2026-07-07T22:29:42
현대엘리베이터,00164724,017800,KOSPI,분기x연결,재무제표,DS-1,PASS,,,2026-07-07T22:29:48
현대엘리베이터,00164724,017800,KOSPI,분기x연결,상단,DS-8,PASS,,,2026-07-07T22:29:48
현대엘리베이터,00164724,017800,KOSPI,분기x연결,상단,DS-7,PASS,"badges seen: ['✅', '🔎']",,2026-07-07T22:29:48
현대엘리베이터,00164724,017800,KOSPI,분기x연결,재무제표,CV-3,PASS,rows=29 cols=67 slider_extended=True,,2026-07-07T22:29:48
현대엘리베이터,00164724,017800,KOSPI,분기x연결,재무제표,DS-2/DS-3,DONE,"cross-check completed for ['매출액', '영업이익']",,2026-07-07T22:29:48
현대엘리베이터,00164724,017800,KOSPI,분기x연결,지표,CV-6,PASS,default metric selection visible,,2026-07-07T22:29:48
현대엘리베이터,00164724,017800,KOSPI,분기x별도,재무제표,DS-1,PASS,,,2026-07-07T22:29:55
현대엘리베이터,00164724,017800,KOSPI,분기x별도,상단,DS-8,PASS,,,2026-07-07T22:29:55
현대엘리베이터,00164724,017800,KOSPI,분기x별도,상단,DS-7,PASS,"badges seen: ['✅', '🔎']",,2026-07-07T22:29:55
현대엘리베이터,00164724,017800,KOSPI,분기x별도,재무제표,CV-3,PASS,rows=29 cols=84 slider_extended=True,,2026-07-07T22:29:55
현대엘리베이터,00164724,017800,KOSPI,분기x별도,재무제표,DS-2/DS-3,DONE,"cross-check completed for ['매출액', '영업이익']",,2026-07-07T22:29:55
현대엘리베이터,00164724,017800,KOSPI,분기x별도,지표,CV-6,PASS,default metric selection visible,,2026-07-07T22:29:55
현대오토에버,00362441,307950,KOSPI,연간x연결,재무제표,DS-1,PASS,,,2026-07-07T22:30:09
현대오토에버,00362441,307950,KOSPI,연간x연결,상단,DS-8,PASS,,,2026-07-07T22:30:09
현대오토에버,00362441,307950,KOSPI,연간x연결,상단,DS-7,PASS,"badges seen: ['✅', '🔎']",,2026-07-07T22:30:09
현대오토에버,00362441,307950,KOSPI,연간x연결,재무제표,CV-3,PASS,rows=29 cols=12 slider_extended=True,,2026-07-07T22:30:09
현대오토에버,00362441,307950,KOSPI,연간x연결,재무제표,DS-2/DS-3,DONE,"cross-check completed for ['매출액', '영업이익']",,2026-07-07T22:30:09
현대오토에버,00362441,307950,KOSPI,연간x연결,지표,CV-6,PASS,default metric selection visible,,2026-07-07T22:30:09
현대오토에버,00362441,307950,KOSPI,연간x별도,재무제표,DS-1,PASS,,,2026-07-07T22:30:14
현대오토에버,00362441,307950,KOSPI,연간x별도,상단,DS-8,PASS,,,2026-07-07T22:30:14
현대오토에버,00362441,307950,KOSPI,연간x별도,상단,DS-7,PASS,"badges seen: ['✅', '🔎']",,2026-07-07T22:30:14
현대오토에버,00362441,307950,KOSPI,연간x별도,재무제표,CV-3,PASS,rows=29 cols=12 slider_extended=True,,2026-07-07T22:30:14
현대오토에버,00362441,307950,KOSPI,연간x별도,재무제표,DS-2/DS-3,DONE,"cross-check completed for ['매출액', '영업이익']",,2026-07-07T22:30:14
현대오토에버,00362441,307950,KOSPI,연간x별도,지표,CV-6,PASS,default metric selection visible,,2026-07-07T22:30:14
현대오토에버,00362441,307950,KOSPI,분기x연결,재무제표,DS-1,PASS,,,2026-07-07T22:30:20
현대오토에버,00362441,307950,KOSPI,분기x연결,상단,DS-8,PASS,,,2026-07-07T22:30:20
현대오토에버,00362441,307950,KOSPI,분기x연결,상단,DS-7,PASS,"badges seen: ['✅', '🔎']",,2026-07-07T22:30:20
현대오토에버,00362441,307950,KOSPI,분기x연결,재무제표,CV-3,PASS,rows=29 cols=36 slider_extended=True,,2026-07-07T22:30:20
현대오토에버,00362441,307950,KOSPI,분기x연결,재무제표,DS-2/DS-3,DONE,"cross-check completed for ['매출액', '영업이익']",,2026-07-07T22:30:20
현대오토에버,00362441,307950,KOSPI,분기x연결,지표,CV-6,PASS,default metric selection visible,,2026-07-07T22:30:20
현대오토에버,00362441,307950,KOSPI,분기x별도,재무제표,DS-1,PASS,,,2026-07-07T22:30:27
현대오토에버,00362441,307950,KOSPI,분기x별도,상단,DS-8,PASS,,,2026-07-07T22:30:27
현대오토에버,00362441,307950,KOSPI,분기x별도,상단,DS-7,PASS,"badges seen: ['✅', '🔎']",,2026-07-07T22:30:27
현대오토에버,00362441,307950,KOSPI,분기x별도,재무제표,CV-3,PASS,rows=29 cols=36 slider_extended=True,,2026-07-07T22:30:27
현대오토에버,00362441,307950,KOSPI,분기x별도,재무제표,DS-2/DS-3,DONE,"cross-check completed for ['매출액', '영업이익']",,2026-07-07T22:30:27
현대오토에버,00362441,307950,KOSPI,분기x별도,지표,CV-6,PASS,default metric selection visible,,2026-07-07T22:30:27
현대위아,00106623,011210,KOSPI,연간x연결,재무제표,DS-1,PASS,,,2026-07-07T22:30:41
현대위아,00106623,011210,KOSPI,연간x연결,상단,DS-8,PASS,,,2026-07-07T22:30:41
현대위아,00106623,011210,KOSPI,연간x연결,상단,DS-7,PASS,"badges seen: ['✅', '🔎', '⚠']",,2026-07-07T22:30:41
현대위아,00106623,011210,KOSPI,연간x연결,재무제표,CV-3,PASS,rows=29 cols=19 slider_extended=True,,2026-07-07T22:30:41
현대위아,00106623,011210,KOSPI,연간x연결,재무제표,DS-2/DS-3,DONE,"cross-check completed for ['매출액', '영업이익']",,2026-07-07T22:30:41
현대위아,00106623,011210,KOSPI,연간x연결,지표,CV-6,PASS,default metric selection visible,,2026-07-07T22:30:41
현대위아,00106623,011210,KOSPI,연간x별도,재무제표,DS-1,PASS,,,2026-07-07T22:30:47
현대위아,00106623,011210,KOSPI,연간x별도,상단,DS-8,PASS,,,2026-07-07T22:30:47
현대위아,00106623,011210,KOSPI,연간x별도,상단,DS-7,PASS,"badges seen: ['✅', '🔎', '⚠']",,2026-07-07T22:30:47
현대위아,00106623,011210,KOSPI,연간x별도,재무제표,CV-3,PASS,rows=29 cols=22 slider_extended=True,,2026-07-07T22:30:47
현대위아,00106623,011210,KOSPI,연간x별도,재무제표,DS-2/DS-3,DONE,"cross-check completed for ['매출액', '영업이익']",,2026-07-07T22:30:47
현대위아,00106623,011210,KOSPI,연간x별도,지표,CV-6,PASS,default metric selection visible,,2026-07-07T22:30:47
현대위아,00106623,011210,KOSPI,분기x연결,재무제표,DS-1,PASS,,,2026-07-07T22:30:53
현대위아,00106623,011210,KOSPI,분기x연결,상단,DS-8,PASS,,,2026-07-07T22:30:53
현대위아,00106623,011210,KOSPI,분기x연결,상단,DS-7,PASS,"badges seen: ['✅', '🔎']",,2026-07-07T22:30:53
현대위아,00106623,011210,KOSPI,분기x연결,재무제표,CV-3,PASS,rows=29 cols=63 slider_extended=True,,2026-07-07T22:30:53
현대위아,00106623,011210,KOSPI,분기x연결,재무제표,DS-2/DS-3,DONE,"cross-check completed for ['매출액', '영업이익']",,2026-07-07T22:30:53
현대위아,00106623,011210,KOSPI,분기x연결,지표,CV-6,PASS,default metric selection visible,,2026-07-07T22:30:53
현대위아,00106623,011210,KOSPI,분기x별도,재무제표,DS-1,PASS,,,2026-07-07T22:31:00
현대위아,00106623,011210,KOSPI,분기x별도,상단,DS-8,PASS,,,2026-07-07T22:31:00
현대위아,00106623,011210,KOSPI,분기x별도,상단,DS-7,PASS,"badges seen: ['✅', '🔎']",,2026-07-07T22:31:00
현대위아,00106623,011210,KOSPI,분기x별도,재무제표,CV-3,PASS,rows=29 cols=14 slider_extended=True,,2026-07-07T22:31:00
현대위아,00106623,011210,KOSPI,분기x별도,재무제표,DS-2/DS-3,DONE,"cross-check completed for ['매출액', '영업이익']",,2026-07-07T22:31:00
현대위아,00106623,011210,KOSPI,분기x별도,지표,CV-6,PASS,default metric selection visible,,2026-07-07T22:31:00
현대자동차,00164742,005380,KOSPI,연간x연결,재무제표,DS-1,PASS,,,2026-07-07T22:31:13
현대자동차,00164742,005380,KOSPI,연간x연결,상단,DS-8,PASS,,,2026-07-07T22:31:13
현대자동차,00164742,005380,KOSPI,연간x연결,상단,DS-7,PASS,"badges seen: ['✅', '🔎']",,2026-07-07T22:31:13
현대자동차,00164742,005380,KOSPI,연간x연결,재무제표,CV-3,PASS,rows=29 cols=20 slider_extended=True,,2026-07-07T22:31:13
현대자동차,00164742,005380,KOSPI,연간x연결,재무제표,DS-2/DS-3,DONE,"cross-check completed for ['매출액', '영업이익']",,2026-07-07T22:31:13
현대자동차,00164742,005380,KOSPI,연간x연결,지표,CV-6,PASS,default metric selection visible,,2026-07-07T22:31:13
현대자동차,00164742,005380,KOSPI,연간x별도,재무제표,DS-1,PASS,,,2026-07-07T22:31:19
현대자동차,00164742,005380,KOSPI,연간x별도,상단,DS-8,PASS,,,2026-07-07T22:31:19
현대자동차,00164742,005380,KOSPI,연간x별도,상단,DS-7,PASS,"badges seen: ['✅', '🔎', '⚠']",,2026-07-07T22:31:19
현대자동차,00164742,005380,KOSPI,연간x별도,재무제표,CV-3,PASS,rows=29 cols=25 slider_extended=True,,2026-07-07T22:31:19
현대자동차,00164742,005380,KOSPI,연간x별도,재무제표,DS-2/DS-3,DONE,"cross-check completed for ['매출액', '영업이익']",,2026-07-07T22:31:19
현대자동차,00164742,005380,KOSPI,연간x별도,지표,CV-6,PASS,default metric selection visible,,2026-07-07T22:31:19
현대자동차,00164742,005380,KOSPI,분기x연결,재무제표,DS-1,PASS,,,2026-07-07T22:31:25
현대자동차,00164742,005380,KOSPI,분기x연결,상단,DS-8,PASS,,,2026-07-07T22:31:25
현대자동차,00164742,005380,KOSPI,분기x연결,상단,DS-7,PASS,"badges seen: ['✅', '🔎']",,2026-07-07T22:31:25
현대자동차,00164742,005380,KOSPI,분기x연결,재무제표,CV-3,PASS,rows=29 cols=69 slider_extended=True,,2026-07-07T22:31:25
현대자동차,00164742,005380,KOSPI,분기x연결,재무제표,DS-2/DS-3,DONE,"cross-check completed for ['매출액', '영업이익']",,2026-07-07T22:31:25
현대자동차,00164742,005380,KOSPI,분기x연결,지표,CV-6,PASS,default metric selection visible,,2026-07-07T22:31:25
현대자동차,00164742,005380,KOSPI,분기x별도,재무제표,DS-1,PASS,,,2026-07-07T22:31:32
현대자동차,00164742,005380,KOSPI,분기x별도,상단,DS-8,PASS,,,2026-07-07T22:31:32
현대자동차,00164742,005380,KOSPI,분기x별도,상단,DS-7,PASS,"badges seen: ['✅', '🔎', '⚠']",,2026-07-07T22:31:32
현대자동차,00164742,005380,KOSPI,분기x별도,재무제표,CV-3,PASS,rows=29 cols=85 slider_extended=True,,2026-07-07T22:31:32
현대자동차,00164742,005380,KOSPI,분기x별도,재무제표,DS-2/DS-3,DONE,"cross-check completed for ['매출액', '영업이익']",,2026-07-07T22:31:32
현대자동차,00164742,005380,KOSPI,분기x별도,지표,CV-6,PASS,default metric selection visible,,2026-07-07T22:31:32
현대제철,00145880,004020,KOSPI,연간x연결,재무제표,DS-1,PASS,,,2026-07-07T22:31:46
현대제철,00145880,004020,KOSPI,연간x연결,상단,DS-8,PASS,,,2026-07-07T22:31:46
현대제철,00145880,004020,KOSPI,연간x연결,상단,DS-7,PASS,"badges seen: ['✅', '🔎', '⚠']",,2026-07-07T22:31:46
현대제철,00145880,004020,KOSPI,연간x연결,재무제표,CV-3,PASS,rows=29 cols=20 slider_extended=True,,2026-07-07T22:31:46
현대제철,00145880,004020,KOSPI,연간x연결,재무제표,DS-2/DS-3,DONE,"cross-check completed for ['매출액', '영업이익']",,2026-07-07T22:31:46
현대제철,00145880,004020,KOSPI,연간x연결,지표,CV-6,PASS,default metric selection visible,,2026-07-07T22:31:46
현대제철,00145880,004020,KOSPI,연간x별도,재무제표,DS-1,PASS,,,2026-07-07T22:31:51
현대제철,00145880,004020,KOSPI,연간x별도,상단,DS-8,PASS,,,2026-07-07T22:31:51
현대제철,00145880,004020,KOSPI,연간x별도,상단,DS-7,PASS,"badges seen: ['✅', '🔎', '⚠']",,2026-07-07T22:31:51
현대제철,00145880,004020,KOSPI,연간x별도,재무제표,CV-3,PASS,rows=29 cols=26 slider_extended=True,,2026-07-07T22:31:51
현대제철,00145880,004020,KOSPI,연간x별도,재무제표,DS-2/DS-3,DONE,"cross-check completed for ['매출액', '영업이익']",,2026-07-07T22:31:51
현대제철,00145880,004020,KOSPI,연간x별도,지표,CV-6,PASS,default metric selection visible,,2026-07-07T22:31:51
현대제철,00145880,004020,KOSPI,분기x연결,재무제표,DS-1,PASS,,,2026-07-07T22:31:58
현대제철,00145880,004020,KOSPI,분기x연결,상단,DS-8,PASS,,,2026-07-07T22:31:58
현대제철,00145880,004020,KOSPI,분기x연결,상단,DS-7,PASS,"badges seen: ['✅', '🔎']",,2026-07-07T22:31:58
현대제철,00145880,004020,KOSPI,분기x연결,재무제표,CV-3,PASS,rows=29 cols=70 slider_extended=True,,2026-07-07T22:31:58
현대제철,00145880,004020,KOSPI,분기x연결,재무제표,DS-2/DS-3,DONE,"cross-check completed for ['매출액', '영업이익']",,2026-07-07T22:31:58
현대제철,00145880,004020,KOSPI,분기x연결,지표,CV-6,PASS,default metric selection visible,,2026-07-07T22:31:58
현대제철,00145880,004020,KOSPI,분기x별도,재무제표,DS-1,PASS,,,2026-07-07T22:32:05
현대제철,00145880,004020,KOSPI,분기x별도,상단,DS-8,PASS,,,2026-07-07T22:32:05
현대제철,00145880,004020,KOSPI,분기x별도,상단,DS-7,PASS,"badges seen: ['✅', '🔎']",,2026-07-07T22:32:05
현대제철,00145880,004020,KOSPI,분기x별도,재무제표,CV-3,PASS,rows=29 cols=75 slider_extended=True,,2026-07-07T22:32:05
현대제철,00145880,004020,KOSPI,분기x별도,재무제표,DS-2/DS-3,DONE,"cross-check completed for ['매출액', '영업이익']",,2026-07-07T22:32:05
현대제철,00145880,004020,KOSPI,분기x별도,지표,CV-6,PASS,default metric selection visible,,2026-07-07T22:32:05
현대지에프홀딩스,00105280,005440,KOSPI,연간x연결,재무제표,DS-1,PASS,,,2026-07-07T22:32:19
현대지에프홀딩스,00105280,005440,KOSPI,연간x연결,상단,DS-8,PASS,,,2026-07-07T22:32:19
현대지에프홀딩스,00105280,005440,KOSPI,연간x연결,상단,DS-7,PASS,"badges seen: ['✅', '🔎', '⚠']",,2026-07-07T22:32:19
현대지에프홀딩스,00105280,005440,KOSPI,연간x연결,재무제표,CV-3,PASS,rows=29 cols=19 slider_extended=True,,2026-07-07T22:32:19
현대지에프홀딩스,00105280,005440,KOSPI,연간x연결,재무제표,DS-2/DS-3,DONE,"cross-check completed for ['매출액', '영업이익']",,2026-07-07T22:32:19
현대지에프홀딩스,00105280,005440,KOSPI,연간x연결,지표,CV-6,PASS,default metric selection visible,,2026-07-07T22:32:19
현대지에프홀딩스,00105280,005440,KOSPI,연간x별도,재무제표,DS-1,PASS,,,2026-07-07T22:32:24
현대지에프홀딩스,00105280,005440,KOSPI,연간x별도,상단,DS-8,PASS,,,2026-07-07T22:32:24
현대지에프홀딩스,00105280,005440,KOSPI,연간x별도,상단,DS-7,PASS,"badges seen: ['✅', '🔎', '⚠']",,2026-07-07T22:32:24
현대지에프홀딩스,00105280,005440,KOSPI,연간x별도,재무제표,CV-3,PASS,rows=29 cols=28 slider_extended=True,,2026-07-07T22:32:24
현대지에프홀딩스,00105280,005440,KOSPI,연간x별도,재무제표,DS-2/DS-3,DONE,"cross-check completed for ['매출액', '영업이익']",,2026-07-07T22:32:24
현대지에프홀딩스,00105280,005440,KOSPI,연간x별도,지표,CV-6,PASS,default metric selection visible,,2026-07-07T22:32:24
현대지에프홀딩스,00105280,005440,KOSPI,분기x연결,재무제표,DS-1,PASS,,,2026-07-07T22:32:30
현대지에프홀딩스,00105280,005440,KOSPI,분기x연결,상단,DS-8,PASS,,,2026-07-07T22:32:30
현대지에프홀딩스,00105280,005440,KOSPI,분기x연결,상단,DS-7,PASS,"badges seen: ['✅', '🔎', '⚠']",,2026-07-07T22:32:30
현대지에프홀딩스,00105280,005440,KOSPI,분기x연결,재무제표,CV-3,PASS,rows=29 cols=66 slider_extended=True,,2026-07-07T22:32:30
현대지에프홀딩스,00105280,005440,KOSPI,분기x연결,재무제표,DS-2/DS-3,DONE,"cross-check completed for ['매출액', '영업이익']",,2026-07-07T22:32:30
현대지에프홀딩스,00105280,005440,KOSPI,분기x연결,지표,CV-6,PASS,default metric selection visible,,2026-07-07T22:32:30
현대지에프홀딩스,00105280,005440,KOSPI,분기x별도,재무제표,DS-1,PASS,,,2026-07-07T22:32:37
현대지에프홀딩스,00105280,005440,KOSPI,분기x별도,상단,DS-8,PASS,,,2026-07-07T22:32:37
현대지에프홀딩스,00105280,005440,KOSPI,분기x별도,상단,DS-7,PASS,"badges seen: ['✅', '🔎', '⚠']",,2026-07-07T22:32:37
현대지에프홀딩스,00105280,005440,KOSPI,분기x별도,재무제표,CV-3,PASS,rows=29 cols=81 slider_extended=True,,2026-07-07T22:32:37
현대지에프홀딩스,00105280,005440,KOSPI,분기x별도,재무제표,DS-2/DS-3,DONE,"cross-check completed for ['매출액', '영업이익']",,2026-07-07T22:32:37
현대지에프홀딩스,00105280,005440,KOSPI,분기x별도,지표,CV-6,PASS,default metric selection visible,,2026-07-07T22:32:37
현대차증권,00137997,001500,KOSPI,연간x연결,재무제표,DS-1,PASS,,,2026-07-07T22:32:51
현대차증권,00137997,001500,KOSPI,연간x연결,상단,DS-8,PASS,,,2026-07-07T22:32:51
현대차증권,00137997,001500,KOSPI,연간x연결,상단,DS-7,PASS,"badges seen: ['✅', '🔎']",,2026-07-07T22:32:51
현대차증권,00137997,001500,KOSPI,연간x연결,재무제표,CV-3,PASS,rows=29 cols=17 slider_extended=True,,2026-07-07T22:32:51
현대차증권,00137997,001500,KOSPI,연간x연결,재무제표,DS-2/DS-3,DONE,"cross-check completed for ['매출액', '영업이익']",,2026-07-07T22:32:51
현대차증권,00137997,001500,KOSPI,연간x연결,지표,CV-6,PASS,default metric selection visible,,2026-07-07T22:32:51
현대차증권,00137997,001500,KOSPI,연간x별도,재무제표,DS-1,PASS,,,2026-07-07T22:32:56
현대차증권,00137997,001500,KOSPI,연간x별도,상단,DS-8,PASS,,,2026-07-07T22:32:56
현대차증권,00137997,001500,KOSPI,연간x별도,상단,DS-7,PASS,"badges seen: ['✅', '🔎']",,2026-07-07T22:32:56
현대차증권,00137997,001500,KOSPI,연간x별도,재무제표,CV-3,PASS,rows=29 cols=23 slider_extended=True,,2026-07-07T22:32:56
현대차증권,00137997,001500,KOSPI,연간x별도,재무제표,DS-2/DS-3,DONE,"cross-check completed for ['매출액', '영업이익']",,2026-07-07T22:32:56
현대차증권,00137997,001500,KOSPI,연간x별도,지표,CV-6,PASS,default metric selection visible,,2026-07-07T22:32:56
현대차증권,00137997,001500,KOSPI,분기x연결,재무제표,DS-1,PASS,,,2026-07-07T22:33:03
현대차증권,00137997,001500,KOSPI,분기x연결,상단,DS-8,PASS,,,2026-07-07T22:33:03
현대차증권,00137997,001500,KOSPI,분기x연결,상단,DS-7,PASS,"badges seen: ['✅', '🔎']",,2026-07-07T22:33:03
현대차증권,00137997,001500,KOSPI,분기x연결,재무제표,CV-3,PASS,rows=29 cols=57 slider_extended=True,,2026-07-07T22:33:03
현대차증권,00137997,001500,KOSPI,분기x연결,재무제표,DS-2/DS-3,DONE,"cross-check completed for ['매출액', '영업이익']",,2026-07-07T22:33:03
현대차증권,00137997,001500,KOSPI,분기x연결,지표,CV-6,PASS,default metric selection visible,,2026-07-07T22:33:03
현대차증권,00137997,001500,KOSPI,분기x별도,재무제표,DS-1,PASS,,,2026-07-07T22:33:10
현대차증권,00137997,001500,KOSPI,분기x별도,상단,DS-8,PASS,,,2026-07-07T22:33:10
현대차증권,00137997,001500,KOSPI,분기x별도,상단,DS-7,PASS,"badges seen: ['✅', '🔎']",,2026-07-07T22:33:10
현대차증권,00137997,001500,KOSPI,분기x별도,재무제표,CV-3,PASS,rows=29 cols=69 slider_extended=True,,2026-07-07T22:33:10
현대차증권,00137997,001500,KOSPI,분기x별도,재무제표,DS-2/DS-3,DONE,"cross-check completed for ['매출액', '영업이익']",,2026-07-07T22:33:10
현대차증권,00137997,001500,KOSPI,분기x별도,지표,CV-6,PASS,default metric selection visible,,2026-07-07T22:33:10
현대코퍼레이션,00164812,011760,KOSPI,연간x연결,재무제표,DS-1,PASS,,,2026-07-07T22:33:24
현대코퍼레이션,00164812,011760,KOSPI,연간x연결,상단,DS-8,PASS,,,2026-07-07T22:33:24
현대코퍼레이션,00164812,011760,KOSPI,연간x연결,상단,DS-7,PASS,"badges seen: ['✅', '🔎', '⚠']",,2026-07-07T22:33:24
현대코퍼레이션,00164812,011760,KOSPI,연간x연결,재무제표,CV-3,PASS,rows=29 cols=19 slider_extended=True,,2026-07-07T22:33:24
현대코퍼레이션,00164812,011760,KOSPI,연간x연결,재무제표,DS-2/DS-3,DONE,"cross-check completed for ['매출액', '영업이익']",,2026-07-07T22:33:24
현대코퍼레이션,00164812,011760,KOSPI,연간x연결,지표,CV-6,PASS,default metric selection visible,,2026-07-07T22:33:24
현대코퍼레이션,00164812,011760,KOSPI,연간x별도,재무제표,DS-1,PASS,,,2026-07-07T22:33:29
현대코퍼레이션,00164812,011760,KOSPI,연간x별도,상단,DS-8,PASS,,,2026-07-07T22:33:29
현대코퍼레이션,00164812,011760,KOSPI,연간x별도,상단,DS-7,PASS,"badges seen: ['✅', '🔎', '⚠']",,2026-07-07T22:33:29
현대코퍼레이션,00164812,011760,KOSPI,연간x별도,재무제표,CV-3,PASS,rows=29 cols=25 slider_extended=True,,2026-07-07T22:33:29
현대코퍼레이션,00164812,011760,KOSPI,연간x별도,재무제표,DS-2/DS-3,DONE,"cross-check completed for ['매출액', '영업이익']",,2026-07-07T22:33:29
현대코퍼레이션,00164812,011760,KOSPI,연간x별도,지표,CV-6,PASS,default metric selection visible,,2026-07-07T22:33:29
현대코퍼레이션,00164812,011760,KOSPI,분기x연결,재무제표,DS-1,PASS,,,2026-07-07T22:33:36
현대코퍼레이션,00164812,011760,KOSPI,분기x연결,상단,DS-8,PASS,,,2026-07-07T22:33:36
현대코퍼레이션,00164812,011760,KOSPI,분기x연결,상단,DS-7,PASS,"badges seen: ['✅', '🔎']",,2026-07-07T22:33:36
현대코퍼레이션,00164812,011760,KOSPI,분기x연결,재무제표,CV-3,PASS,rows=29 cols=68 slider_extended=True,,2026-07-07T22:33:36
현대코퍼레이션,00164812,011760,KOSPI,분기x연결,재무제표,DS-2/DS-3,DONE,"cross-check completed for ['매출액', '영업이익']",,2026-07-07T22:33:36
현대코퍼레이션,00164812,011760,KOSPI,분기x연결,지표,CV-6,PASS,default metric selection visible,,2026-07-07T22:33:36
현대코퍼레이션,00164812,011760,KOSPI,분기x별도,재무제표,DS-1,PASS,,,2026-07-07T22:33:43
현대코퍼레이션,00164812,011760,KOSPI,분기x별도,상단,DS-8,PASS,,,2026-07-07T22:33:43
현대코퍼레이션,00164812,011760,KOSPI,분기x별도,상단,DS-7,PASS,"badges seen: ['✅', '🔎']",,2026-07-07T22:33:43
현대코퍼레이션,00164812,011760,KOSPI,분기x별도,재무제표,CV-3,PASS,rows=29 cols=78 slider_extended=True,,2026-07-07T22:33:43
현대코퍼레이션,00164812,011760,KOSPI,분기x별도,재무제표,DS-2/DS-3,DONE,"cross-check completed for ['매출액', '영업이익']",,2026-07-07T22:33:43
현대코퍼레이션,00164812,011760,KOSPI,분기x별도,지표,CV-6,PASS,default metric selection visible,,2026-07-07T22:33:43
현대코퍼레이션홀딩스,01108099,227840,KOSPI,연간x연결,재무제표,DS-1,PASS,,,2026-07-07T22:33:57
현대코퍼레이션홀딩스,01108099,227840,KOSPI,연간x연결,상단,DS-8,PASS,,,2026-07-07T22:33:57
현대코퍼레이션홀딩스,01108099,227840,KOSPI,연간x연결,상단,DS-7,PASS,"badges seen: ['✅', '🔎']",,2026-07-07T22:33:57
현대코퍼레이션홀딩스,01108099,227840,KOSPI,연간x연결,재무제표,CV-3,PASS,rows=29 cols=13 slider_extended=True,,2026-07-07T22:33:57
현대코퍼레이션홀딩스,01108099,227840,KOSPI,연간x연결,재무제표,DS-2/DS-3,DONE,"cross-check completed for ['매출액', '영업이익']",,2026-07-07T22:33:57
현대코퍼레이션홀딩스,01108099,227840,KOSPI,연간x연결,지표,CV-6,PASS,default metric selection visible,,2026-07-07T22:33:57
현대코퍼레이션홀딩스,01108099,227840,KOSPI,연간x별도,재무제표,DS-1,PASS,,,2026-07-07T22:34:02
현대코퍼레이션홀딩스,01108099,227840,KOSPI,연간x별도,상단,DS-8,PASS,,,2026-07-07T22:34:02
현대코퍼레이션홀딩스,01108099,227840,KOSPI,연간x별도,상단,DS-7,PASS,"badges seen: ['✅', '🔎']",,2026-07-07T22:34:02
현대코퍼레이션홀딩스,01108099,227840,KOSPI,연간x별도,재무제표,CV-3,PASS,rows=29 cols=13 slider_extended=True,,2026-07-07T22:34:02
현대코퍼레이션홀딩스,01108099,227840,KOSPI,연간x별도,재무제표,DS-2/DS-3,DONE,"cross-check completed for ['매출액', '영업이익']",,2026-07-07T22:34:02
현대코퍼레이션홀딩스,01108099,227840,KOSPI,연간x별도,지표,CV-6,PASS,default metric selection visible,,2026-07-07T22:34:02
현대코퍼레이션홀딩스,01108099,227840,KOSPI,분기x연결,재무제표,DS-1,PASS,,,2026-07-07T22:34:08
현대코퍼레이션홀딩스,01108099,227840,KOSPI,분기x연결,상단,DS-8,PASS,,,2026-07-07T22:34:08
현대코퍼레이션홀딩스,01108099,227840,KOSPI,분기x연결,상단,DS-7,PASS,"badges seen: ['✅', '🔎']",,2026-07-07T22:34:08
현대코퍼레이션홀딩스,01108099,227840,KOSPI,분기x연결,재무제표,CV-3,PASS,rows=29 cols=44 slider_extended=True,,2026-07-07T22:34:08
현대코퍼레이션홀딩스,01108099,227840,KOSPI,분기x연결,재무제표,DS-2/DS-3,DONE,"cross-check completed for ['매출액', '영업이익']",,2026-07-07T22:34:08
현대코퍼레이션홀딩스,01108099,227840,KOSPI,분기x연결,지표,CV-6,PASS,default metric selection visible,,2026-07-07T22:34:08
현대코퍼레이션홀딩스,01108099,227840,KOSPI,분기x별도,재무제표,DS-1,PASS,,,2026-07-07T22:34:15
현대코퍼레이션홀딩스,01108099,227840,KOSPI,분기x별도,상단,DS-8,PASS,,,2026-07-07T22:34:15
현대코퍼레이션홀딩스,01108099,227840,KOSPI,분기x별도,상단,DS-7,PASS,"badges seen: ['✅', '🔎']",,2026-07-07T22:34:15
현대코퍼레이션홀딩스,01108099,227840,KOSPI,분기x별도,재무제표,CV-3,PASS,rows=29 cols=48 slider_extended=True,,2026-07-07T22:34:15
현대코퍼레이션홀딩스,01108099,227840,KOSPI,분기x별도,재무제표,DS-2/DS-3,DONE,"cross-check completed for ['매출액', '영업이익']",,2026-07-07T22:34:15
현대코퍼레이션홀딩스,01108099,227840,KOSPI,분기x별도,지표,CV-6,PASS,default metric selection visible,,2026-07-07T22:34:15
현대퓨처넷,00403632,126560,KOSPI,연간x연결,재무제표,DS-1,PASS,,,2026-07-07T22:34:28
현대퓨처넷,00403632,126560,KOSPI,연간x연결,상단,DS-8,PASS,,,2026-07-07T22:34:28
현대퓨처넷,00403632,126560,KOSPI,연간x연결,상단,DS-7,PASS,"badges seen: ['✅', '🔎']",,2026-07-07T22:34:28
현대퓨처넷,00403632,126560,KOSPI,연간x연결,재무제표,CV-3,PASS,rows=29 cols=19 slider_extended=True,,2026-07-07T22:34:28
현대퓨처넷,00403632,126560,KOSPI,연간x연결,재무제표,DS-2/DS-3,DONE,"cross-check completed for ['매출액', '영업이익']",,2026-07-07T22:34:28
현대퓨처넷,00403632,126560,KOSPI,연간x연결,지표,CV-6,PASS,default metric selection visible,,2026-07-07T22:34:28
현대퓨처넷,00403632,126560,KOSPI,연간x별도,재무제표,DS-1,PASS,,,2026-07-07T22:34:34
현대퓨처넷,00403632,126560,KOSPI,연간x별도,상단,DS-8,PASS,,,2026-07-07T22:34:34
현대퓨처넷,00403632,126560,KOSPI,연간x별도,상단,DS-7,PASS,"badges seen: ['✅', '🔎', '⚠']",,2026-07-07T22:34:34
현대퓨처넷,00403632,126560,KOSPI,연간x별도,재무제표,CV-3,PASS,rows=29 cols=20 slider_extended=True,,2026-07-07T22:34:34
현대퓨처넷,00403632,126560,KOSPI,연간x별도,재무제표,DS-2/DS-3,DONE,"cross-check completed for ['매출액', '영업이익']",,2026-07-07T22:34:34
현대퓨처넷,00403632,126560,KOSPI,연간x별도,지표,CV-6,PASS,default metric selection visible,,2026-07-07T22:34:34
현대퓨처넷,00403632,126560,KOSPI,분기x연결,재무제표,DS-1,PASS,,,2026-07-07T22:34:40
현대퓨처넷,00403632,126560,KOSPI,분기x연결,상단,DS-8,PASS,,,2026-07-07T22:34:40
현대퓨처넷,00403632,126560,KOSPI,분기x연결,상단,DS-7,PASS,"badges seen: ['✅', '🔎']",,2026-07-07T22:34:40
현대퓨처넷,00403632,126560,KOSPI,분기x연결,재무제표,CV-3,PASS,rows=29 cols=63 slider_extended=True,,2026-07-07T22:34:40
현대퓨처넷,00403632,126560,KOSPI,분기x연결,재무제표,DS-2/DS-3,DONE,"cross-check completed for ['매출액', '영업이익']",,2026-07-07T22:34:40
현대퓨처넷,00403632,126560,KOSPI,분기x연결,지표,CV-6,PASS,default metric selection visible,,2026-07-07T22:34:40
현대퓨처넷,00403632,126560,KOSPI,분기x별도,재무제표,DS-1,PASS,,,2026-07-07T22:34:47
현대퓨처넷,00403632,126560,KOSPI,분기x별도,상단,DS-8,PASS,,,2026-07-07T22:34:47
현대퓨처넷,00403632,126560,KOSPI,분기x별도,상단,DS-7,PASS,"badges seen: ['✅', '🔎']",,2026-07-07T22:34:47
현대퓨처넷,00403632,126560,KOSPI,분기x별도,재무제표,CV-3,PASS,rows=29 cols=63 slider_extended=True,,2026-07-07T22:34:47
현대퓨처넷,00403632,126560,KOSPI,분기x별도,재무제표,DS-2/DS-3,DONE,"cross-check completed for ['매출액', '영업이익']",,2026-07-07T22:34:47
현대퓨처넷,00403632,126560,KOSPI,분기x별도,지표,CV-6,PASS,default metric selection visible,,2026-07-07T22:34:47
현대해상,00164973,001450,KOSPI,연간x연결,재무제표,DS-1,PASS,,,2026-07-07T22:35:01
현대해상,00164973,001450,KOSPI,연간x연결,상단,DS-8,PASS,,,2026-07-07T22:35:01
현대해상,00164973,001450,KOSPI,연간x연결,상단,DS-7,PASS,"badges seen: ['✅', '🔎']",,2026-07-07T22:35:01
현대해상,00164973,001450,KOSPI,연간x연결,재무제표,CV-3,PASS,rows=29 cols=20 slider_extended=True,,2026-07-07T22:35:01
현대해상,00164973,001450,KOSPI,연간x연결,재무제표,DS-2/DS-3,DONE,"cross-check completed for ['매출액', '영업이익']",,2026-07-07T22:35:01
현대해상,00164973,001450,KOSPI,연간x연결,지표,CV-6,PASS,default metric selection visible,,2026-07-07T22:35:01
현대해상,00164973,001450,KOSPI,연간x별도,재무제표,DS-1,PASS,,,2026-07-07T22:35:06
현대해상,00164973,001450,KOSPI,연간x별도,상단,DS-8,PASS,,,2026-07-07T22:35:06
현대해상,00164973,001450,KOSPI,연간x별도,상단,DS-7,PASS,"badges seen: ['✅', '🔎']",,2026-07-07T22:35:06
현대해상,00164973,001450,KOSPI,연간x별도,재무제표,CV-3,PASS,rows=29 cols=21 slider_extended=True,,2026-07-07T22:35:06
현대해상,00164973,001450,KOSPI,연간x별도,재무제표,DS-2/DS-3,DONE,"cross-check completed for ['매출액', '영업이익']",,2026-07-07T22:35:06
현대해상,00164973,001450,KOSPI,연간x별도,지표,CV-6,FAIL,default metrics not found,,2026-07-07T22:35:06
현대해상,00164973,001450,KOSPI,분기x연결,재무제표,DS-1,PASS,,,2026-07-07T22:35:12
현대해상,00164973,001450,KOSPI,분기x연결,상단,DS-8,PASS,,,2026-07-07T22:35:12
현대해상,00164973,001450,KOSPI,분기x연결,상단,DS-7,PASS,"badges seen: ['✅', '🔎']",,2026-07-07T22:35:12
현대해상,00164973,001450,KOSPI,분기x연결,재무제표,CV-3,PASS,rows=29 cols=76 slider_extended=True,,2026-07-07T22:35:12
현대해상,00164973,001450,KOSPI,분기x연결,재무제표,DS-2/DS-3,DONE,"cross-check completed for ['매출액', '영업이익']",,2026-07-07T22:35:12
현대해상,00164973,001450,KOSPI,분기x연결,지표,CV-6,PASS,default metric selection visible,,2026-07-07T22:35:12
현대해상,00164973,001450,KOSPI,분기x별도,재무제표,DS-1,PASS,,,2026-07-07T22:35:20
현대해상,00164973,001450,KOSPI,분기x별도,상단,DS-8,PASS,,,2026-07-07T22:35:20
현대해상,00164973,001450,KOSPI,분기x별도,상단,DS-7,PASS,"badges seen: ['✅', '🔎']",,2026-07-07T22:35:20
현대해상,00164973,001450,KOSPI,분기x별도,재무제표,CV-3,PASS,rows=29 cols=70 slider_extended=True,,2026-07-07T22:35:20
현대해상,00164973,001450,KOSPI,분기x별도,재무제표,DS-2/DS-3,DONE,"cross-check completed for ['매출액', '영업이익']",,2026-07-07T22:35:20
현대해상,00164973,001450,KOSPI,분기x별도,지표,CV-6,PASS,default metric selection visible,,2026-07-07T22:35:20
현대홈쇼핑,00412597,057050,KOSPI,연간x연결,재무제표,DS-1,PASS,,,2026-07-07T22:35:33
현대홈쇼핑,00412597,057050,KOSPI,연간x연결,상단,DS-8,PASS,,,2026-07-07T22:35:33
현대홈쇼핑,00412597,057050,KOSPI,연간x연결,상단,DS-7,PASS,"badges seen: ['✅', '🔎', '⚠']",,2026-07-07T22:35:33
현대홈쇼핑,00412597,057050,KOSPI,연간x연결,재무제표,CV-3,PASS,rows=29 cols=18 slider_extended=True,,2026-07-07T22:35:33
현대홈쇼핑,00412597,057050,KOSPI,연간x연결,재무제표,DS-2/DS-3,DONE,"cross-check completed for ['매출액', '영업이익']",,2026-07-07T22:35:33
현대홈쇼핑,00412597,057050,KOSPI,연간x연결,지표,CV-6,PASS,default metric selection visible,,2026-07-07T22:35:33
현대홈쇼핑,00412597,057050,KOSPI,연간x별도,재무제표,DS-1,PASS,,,2026-07-07T22:35:38
현대홈쇼핑,00412597,057050,KOSPI,연간x별도,상단,DS-8,PASS,,,2026-07-07T22:35:38
현대홈쇼핑,00412597,057050,KOSPI,연간x별도,상단,DS-7,PASS,"badges seen: ['✅', '🔎', '⚠']",,2026-07-07T22:35:38
현대홈쇼핑,00412597,057050,KOSPI,연간x별도,재무제표,CV-3,PASS,rows=29 cols=20 slider_extended=True,,2026-07-07T22:35:38
현대홈쇼핑,00412597,057050,KOSPI,연간x별도,재무제표,DS-2/DS-3,DONE,"cross-check completed for ['매출액', '영업이익']",,2026-07-07T22:35:38
현대홈쇼핑,00412597,057050,KOSPI,연간x별도,지표,CV-6,PASS,default metric selection visible,,2026-07-07T22:35:38
현대홈쇼핑,00412597,057050,KOSPI,분기x연결,재무제표,DS-1,PASS,,,2026-07-07T22:35:44
현대홈쇼핑,00412597,057050,KOSPI,분기x연결,상단,DS-8,PASS,,,2026-07-07T22:35:44
현대홈쇼핑,00412597,057050,KOSPI,분기x연결,상단,DS-7,PASS,"badges seen: ['✅', '🔎', '⚠']",,2026-07-07T22:35:44
현대홈쇼핑,00412597,057050,KOSPI,분기x연결,재무제표,CV-3,PASS,rows=29 cols=52 slider_extended=True,,2026-07-07T22:35:44
현대홈쇼핑,00412597,057050,KOSPI,분기x연결,재무제표,DS-2/DS-3,DONE,"cross-check completed for ['매출액', '영업이익']",,2026-07-07T22:35:44
현대홈쇼핑,00412597,057050,KOSPI,분기x연결,지표,CV-6,PASS,default metric selection visible,,2026-07-07T22:35:44
현대홈쇼핑,00412597,057050,KOSPI,분기x별도,재무제표,DS-1,PASS,,,2026-07-07T22:35:52
현대홈쇼핑,00412597,057050,KOSPI,분기x별도,상단,DS-8,PASS,,,2026-07-07T22:35:52
현대홈쇼핑,00412597,057050,KOSPI,분기x별도,상단,DS-7,PASS,"badges seen: ['✅', '🔎', '⚠']",,2026-07-07T22:35:52
현대홈쇼핑,00412597,057050,KOSPI,분기x별도,재무제표,CV-3,PASS,rows=29 cols=65 slider_extended=True,,2026-07-07T22:35:52
현대홈쇼핑,00412597,057050,KOSPI,분기x별도,재무제표,DS-2/DS-3,DONE,"cross-check completed for ['매출액', '영업이익']",,2026-07-07T22:35:52
현대홈쇼핑,00412597,057050,KOSPI,분기x별도,지표,CV-6,PASS,default metric selection visible,,2026-07-07T22:35:52
형지엘리트,00441243,093240,KOSPI,연간x연결,재무제표,DS-1,PASS,,,2026-07-07T22:36:05
형지엘리트,00441243,093240,KOSPI,연간x연결,상단,DS-8,PASS,,,2026-07-07T22:36:05
형지엘리트,00441243,093240,KOSPI,연간x연결,상단,DS-7,PASS,"badges seen: ['✅', '🔎']",,2026-07-07T22:36:05
형지엘리트,00441243,093240,KOSPI,연간x연결,재무제표,CV-3,PASS,rows=29 cols=18 slider_extended=True,,2026-07-07T22:36:05
형지엘리트,00441243,093240,KOSPI,연간x연결,재무제표,DS-2/DS-3,DONE,"cross-check completed for ['매출액', '영업이익']",,2026-07-07T22:36:05
형지엘리트,00441243,093240,KOSPI,연간x연결,지표,CV-6,PASS,default metric selection visible,,2026-07-07T22:36:05
형지엘리트,00441243,093240,KOSPI,연간x별도,재무제표,DS-1,PASS,,,2026-07-07T22:36:10
형지엘리트,00441243,093240,KOSPI,연간x별도,상단,DS-8,PASS,,,2026-07-07T22:36:10
형지엘리트,00441243,093240,KOSPI,연간x별도,상단,DS-7,PASS,"badges seen: ['✅', '🔎']",,2026-07-07T22:36:10
형지엘리트,00441243,093240,KOSPI,연간x별도,재무제표,CV-3,PASS,rows=29 cols=12 slider_extended=True,,2026-07-07T22:36:10
형지엘리트,00441243,093240,KOSPI,연간x별도,재무제표,DS-2/DS-3,DONE,"cross-check completed for ['매출액', '영업이익']",,2026-07-07T22:36:10
형지엘리트,00441243,093240,KOSPI,연간x별도,지표,CV-6,PASS,default metric selection visible,,2026-07-07T22:36:10
형지엘리트,00441243,093240,KOSPI,분기x연결,재무제표,DS-1,PASS,,,2026-07-07T22:36:16
형지엘리트,00441243,093240,KOSPI,분기x연결,상단,DS-8,PASS,,,2026-07-07T22:36:16
형지엘리트,00441243,093240,KOSPI,분기x연결,상단,DS-7,PASS,"badges seen: ['✅', '🔎', '⚠']",,2026-07-07T22:36:16
형지엘리트,00441243,093240,KOSPI,분기x연결,재무제표,CV-3,PASS,rows=29 cols=56 slider_extended=True,,2026-07-07T22:36:16
형지엘리트,00441243,093240,KOSPI,분기x연결,재무제표,DS-2/DS-3,DONE,"cross-check completed for ['매출액', '영업이익']",,2026-07-07T22:36:16
형지엘리트,00441243,093240,KOSPI,분기x연결,지표,CV-6,PASS,default metric selection visible,,2026-07-07T22:36:16
형지엘리트,00441243,093240,KOSPI,분기x별도,재무제표,DS-1,PASS,,,2026-07-07T22:36:24
형지엘리트,00441243,093240,KOSPI,분기x별도,상단,DS-8,PASS,,,2026-07-07T22:36:24
형지엘리트,00441243,093240,KOSPI,분기x별도,상단,DS-7,PASS,"badges seen: ['✅', '🔎', '⚠']",,2026-07-07T22:36:24
형지엘리트,00441243,093240,KOSPI,분기x별도,재무제표,CV-3,PASS,rows=29 cols=68 slider_extended=True,,2026-07-07T22:36:24
형지엘리트,00441243,093240,KOSPI,분기x별도,재무제표,DS-2/DS-3,DONE,"cross-check completed for ['매출액', '영업이익']",,2026-07-07T22:36:24
형지엘리트,00441243,093240,KOSPI,분기x별도,지표,CV-6,PASS,default metric selection visible,,2026-07-07T22:36:24
혜인,00165343,003010,KOSPI,연간x연결,재무제표,DS-1,PASS,,,2026-07-07T22:36:37
혜인,00165343,003010,KOSPI,연간x연결,상단,DS-8,PASS,,,2026-07-07T22:36:37
혜인,00165343,003010,KOSPI,연간x연결,상단,DS-7,PASS,"badges seen: ['✅', '🔎', '⚠']",,2026-07-07T22:36:37
혜인,00165343,003010,KOSPI,연간x연결,재무제표,CV-3,PASS,rows=29 cols=15 slider_extended=True,,2026-07-07T22:36:37
혜인,00165343,003010,KOSPI,연간x연결,재무제표,DS-2/DS-3,DONE,"cross-check completed for ['매출액', '영업이익']",,2026-07-07T22:36:37
혜인,00165343,003010,KOSPI,연간x연결,지표,CV-6,PASS,default metric selection visible,,2026-07-07T22:36:37
혜인,00165343,003010,KOSPI,연간x별도,재무제표,DS-1,PASS,,,2026-07-07T22:36:42
혜인,00165343,003010,KOSPI,연간x별도,상단,DS-8,PASS,,,2026-07-07T22:36:42
혜인,00165343,003010,KOSPI,연간x별도,상단,DS-7,PASS,"badges seen: ['✅', '🔎', '⚠']",,2026-07-07T22:36:42
혜인,00165343,003010,KOSPI,연간x별도,재무제표,CV-3,PASS,rows=29 cols=26 slider_extended=True,,2026-07-07T22:36:42
혜인,00165343,003010,KOSPI,연간x별도,재무제표,DS-2/DS-3,DONE,"cross-check completed for ['매출액', '영업이익']",,2026-07-07T22:36:42
혜인,00165343,003010,KOSPI,연간x별도,지표,CV-6,PASS,default metric selection visible,,2026-07-07T22:36:42
혜인,00165343,003010,KOSPI,분기x연결,재무제표,DS-1,PASS,,,2026-07-07T22:36:49
혜인,00165343,003010,KOSPI,분기x연결,상단,DS-8,PASS,,,2026-07-07T22:36:49
혜인,00165343,003010,KOSPI,분기x연결,상단,DS-7,PASS,"badges seen: ['✅', '🔎']",,2026-07-07T22:36:49
혜인,00165343,003010,KOSPI,분기x연결,재무제표,CV-3,PASS,rows=29 cols=51 slider_extended=True,,2026-07-07T22:36:49
혜인,00165343,003010,KOSPI,분기x연결,재무제표,DS-2/DS-3,DONE,"cross-check completed for ['매출액', '영업이익']",,2026-07-07T22:36:49
혜인,00165343,003010,KOSPI,분기x연결,지표,CV-6,PASS,default metric selection visible,,2026-07-07T22:36:49
혜인,00165343,003010,KOSPI,분기x별도,재무제표,DS-1,PASS,,,2026-07-07T22:36:56
혜인,00165343,003010,KOSPI,분기x별도,상단,DS-8,PASS,,,2026-07-07T22:36:56
혜인,00165343,003010,KOSPI,분기x별도,상단,DS-7,PASS,"badges seen: ['✅', '🔎', '⚠']",,2026-07-07T22:36:56
혜인,00165343,003010,KOSPI,분기x별도,재무제표,CV-3,PASS,rows=29 cols=89 slider_extended=True,,2026-07-07T22:36:56
혜인,00165343,003010,KOSPI,분기x별도,재무제표,DS-2/DS-3,DONE,"cross-check completed for ['매출액', '영업이익']",,2026-07-07T22:36:56
혜인,00165343,003010,KOSPI,분기x별도,지표,CV-6,PASS,default metric selection visible,,2026-07-07T22:36:56
호전실업,00226316,111110,KOSPI,연간x연결,재무제표,DS-1,PASS,,,2026-07-07T22:37:10
호전실업,00226316,111110,KOSPI,연간x연결,상단,DS-8,PASS,,,2026-07-07T22:37:10
호전실업,00226316,111110,KOSPI,연간x연결,상단,DS-7,PASS,"badges seen: ['✅', '🔎', '⚠']",,2026-07-07T22:37:10
호전실업,00226316,111110,KOSPI,연간x연결,재무제표,CV-3,PASS,rows=29 cols=14 slider_extended=True,,2026-07-07T22:37:10
호전실업,00226316,111110,KOSPI,연간x연결,재무제표,DS-2/DS-3,DONE,"cross-check completed for ['매출액', '영업이익']",,2026-07-07T22:37:10
호전실업,00226316,111110,KOSPI,연간x연결,지표,CV-6,PASS,default metric selection visible,,2026-07-07T22:37:10
호전실업,00226316,111110,KOSPI,연간x별도,재무제표,DS-1,PASS,,,2026-07-07T22:37:15
호전실업,00226316,111110,KOSPI,연간x별도,상단,DS-8,PASS,,,2026-07-07T22:37:15
호전실업,00226316,111110,KOSPI,연간x별도,상단,DS-7,PASS,"badges seen: ['✅', '🔎', '⚠']",,2026-07-07T22:37:15
호전실업,00226316,111110,KOSPI,연간x별도,재무제표,CV-3,PASS,rows=29 cols=14 slider_extended=True,,2026-07-07T22:37:15
호전실업,00226316,111110,KOSPI,연간x별도,재무제표,DS-2/DS-3,DONE,"cross-check completed for ['매출액', '영업이익']",,2026-07-07T22:37:15
호전실업,00226316,111110,KOSPI,연간x별도,지표,CV-6,PASS,default metric selection visible,,2026-07-07T22:37:15
호전실업,00226316,111110,KOSPI,분기x연결,재무제표,DS-1,PASS,,,2026-07-07T22:37:21
호전실업,00226316,111110,KOSPI,분기x연결,상단,DS-8,PASS,,,2026-07-07T22:37:21
호전실업,00226316,111110,KOSPI,분기x연결,상단,DS-7,PASS,"badges seen: ['✅', '🔎']",,2026-07-07T22:37:21
호전실업,00226316,111110,KOSPI,분기x연결,재무제표,CV-3,PASS,rows=29 cols=44 slider_extended=True,,2026-07-07T22:37:21
호전실업,00226316,111110,KOSPI,분기x연결,재무제표,DS-2/DS-3,DONE,"cross-check completed for ['매출액', '영업이익']",,2026-07-07T22:37:21
호전실업,00226316,111110,KOSPI,분기x연결,지표,CV-6,PASS,default metric selection visible,,2026-07-07T22:37:21
호전실업,00226316,111110,KOSPI,분기x별도,재무제표,DS-1,PASS,,,2026-07-07T22:37:28
호전실업,00226316,111110,KOSPI,분기x별도,상단,DS-8,PASS,,,2026-07-07T22:37:28
호전실업,00226316,111110,KOSPI,분기x별도,상단,DS-7,PASS,"badges seen: ['✅', '🔎', '⚠']",,2026-07-07T22:37:28
호전실업,00226316,111110,KOSPI,분기x별도,재무제표,CV-3,PASS,rows=29 cols=44 slider_extended=True,,2026-07-07T22:37:28
호전실업,00226316,111110,KOSPI,분기x별도,재무제표,DS-2/DS-3,DONE,"cross-check completed for ['매출액', '영업이익']",,2026-07-07T22:37:28
호전실업,00226316,111110,KOSPI,분기x별도,지표,CV-6,PASS,default metric selection visible,,2026-07-07T22:37:28
호텔신라,00165680,008770,KOSPI,연간x연결,재무제표,DS-1,PASS,,,2026-07-07T22:37:42
호텔신라,00165680,008770,KOSPI,연간x연결,상단,DS-8,PASS,,,2026-07-07T22:37:42
호텔신라,00165680,008770,KOSPI,연간x연결,상단,DS-7,PASS,"badges seen: ['✅', '🔎', '⚠']",,2026-07-07T22:37:42
호텔신라,00165680,008770,KOSPI,연간x연결,재무제표,CV-3,PASS,rows=29 cols=19 slider_extended=True,,2026-07-07T22:37:42
호텔신라,00165680,008770,KOSPI,연간x연결,재무제표,DS-2/DS-3,DONE,"cross-check completed for ['매출액', '영업이익']",,2026-07-07T22:37:42
호텔신라,00165680,008770,KOSPI,연간x연결,지표,CV-6,PASS,default metric selection visible,,2026-07-07T22:37:42
호텔신라,00165680,008770,KOSPI,연간x별도,재무제표,DS-1,PASS,,,2026-07-07T22:37:47
호텔신라,00165680,008770,KOSPI,연간x별도,상단,DS-8,PASS,,,2026-07-07T22:37:47
호텔신라,00165680,008770,KOSPI,연간x별도,상단,DS-7,PASS,"badges seen: ['✅', '🔎', '⚠']",,2026-07-07T22:37:47
호텔신라,00165680,008770,KOSPI,연간x별도,재무제표,CV-3,PASS,rows=29 cols=23 slider_extended=True,,2026-07-07T22:37:47
호텔신라,00165680,008770,KOSPI,연간x별도,재무제표,DS-2/DS-3,DONE,"cross-check completed for ['매출액', '영업이익']",,2026-07-07T22:37:47
호텔신라,00165680,008770,KOSPI,연간x별도,지표,CV-6,PASS,default metric selection visible,,2026-07-07T22:37:47
호텔신라,00165680,008770,KOSPI,분기x연결,재무제표,DS-1,PASS,,,2026-07-07T22:37:53
호텔신라,00165680,008770,KOSPI,분기x연결,상단,DS-8,PASS,,,2026-07-07T22:37:53
호텔신라,00165680,008770,KOSPI,분기x연결,상단,DS-7,PASS,"badges seen: ['✅', '🔎', '⚠']",,2026-07-07T22:37:53
호텔신라,00165680,008770,KOSPI,분기x연결,재무제표,CV-3,PASS,rows=29 cols=60 slider_extended=True,,2026-07-07T22:37:53
호텔신라,00165680,008770,KOSPI,분기x연결,재무제표,DS-2/DS-3,DONE,"cross-check completed for ['매출액', '영업이익']",,2026-07-07T22:37:53
호텔신라,00165680,008770,KOSPI,분기x연결,지표,CV-6,PASS,default metric selection visible,,2026-07-07T22:37:53
호텔신라,00165680,008770,KOSPI,분기x별도,재무제표,DS-1,PASS,,,2026-07-07T22:38:01
호텔신라,00165680,008770,KOSPI,분기x별도,상단,DS-8,PASS,,,2026-07-07T22:38:01
호텔신라,00165680,008770,KOSPI,분기x별도,상단,DS-7,PASS,"badges seen: ['✅', '🔎', '⚠']",,2026-07-07T22:38:01
호텔신라,00165680,008770,KOSPI,분기x별도,재무제표,CV-3,PASS,rows=29 cols=77 slider_extended=True,,2026-07-07T22:38:01
호텔신라,00165680,008770,KOSPI,분기x별도,재무제표,DS-2/DS-3,DONE,"cross-check completed for ['매출액', '영업이익']",,2026-07-07T22:38:01
호텔신라,00165680,008770,KOSPI,분기x별도,지표,CV-6,PASS,default metric selection visible,,2026-07-07T22:38:01
화승알앤에이,01532603,378850,KOSPI,연간x연결,재무제표,DS-1,PASS,,,2026-07-07T22:38:14
화승알앤에이,01532603,378850,KOSPI,연간x연결,상단,DS-8,PASS,,,2026-07-07T22:38:14
화승알앤에이,01532603,378850,KOSPI,연간x연결,상단,DS-7,PASS,"badges seen: ['✅', '🔎']",,2026-07-07T22:38:14
화승알앤에이,01532603,378850,KOSPI,연간x연결,재무제표,CV-3,PASS,rows=29 cols=7 slider_extended=True,,2026-07-07T22:38:14
화승알앤에이,01532603,378850,KOSPI,연간x연결,재무제표,DS-2/DS-3,DONE,"cross-check completed for ['매출액', '영업이익']",,2026-07-07T22:38:14
화승알앤에이,01532603,378850,KOSPI,연간x연결,지표,CV-6,PASS,default metric selection visible,,2026-07-07T22:38:14
화승알앤에이,01532603,378850,KOSPI,연간x별도,재무제표,DS-1,PASS,,,2026-07-07T22:38:19
화승알앤에이,01532603,378850,KOSPI,연간x별도,상단,DS-8,PASS,,,2026-07-07T22:38:19
화승알앤에이,01532603,378850,KOSPI,연간x별도,상단,DS-7,PASS,"badges seen: ['✅', '🔎']",,2026-07-07T22:38:19
화승알앤에이,01532603,378850,KOSPI,연간x별도,재무제표,CV-3,PASS,rows=29 cols=7 slider_extended=True,,2026-07-07T22:38:19
화승알앤에이,01532603,378850,KOSPI,연간x별도,재무제표,DS-2/DS-3,DONE,"cross-check completed for ['매출액', '영업이익']",,2026-07-07T22:38:19
화승알앤에이,01532603,378850,KOSPI,연간x별도,지표,CV-6,PASS,default metric selection visible,,2026-07-07T22:38:19
화승알앤에이,01532603,378850,KOSPI,분기x연결,재무제표,DS-1,PASS,,,2026-07-07T22:38:25
화승알앤에이,01532603,378850,KOSPI,분기x연결,상단,DS-8,PASS,,,2026-07-07T22:38:25
화승알앤에이,01532603,378850,KOSPI,분기x연결,상단,DS-7,PASS,"badges seen: ['✅', '🔎']",,2026-07-07T22:38:25
화승알앤에이,01532603,378850,KOSPI,분기x연결,재무제표,CV-3,PASS,rows=29 cols=24 slider_extended=True,,2026-07-07T22:38:25
화승알앤에이,01532603,378850,KOSPI,분기x연결,재무제표,DS-2/DS-3,DONE,"cross-check completed for ['매출액', '영업이익']",,2026-07-07T22:38:25
화승알앤에이,01532603,378850,KOSPI,분기x연결,지표,CV-6,PASS,default metric selection visible,,2026-07-07T22:38:25
화승알앤에이,01532603,378850,KOSPI,분기x별도,재무제표,DS-1,PASS,,,2026-07-07T22:38:32
화승알앤에이,01532603,378850,KOSPI,분기x별도,상단,DS-8,PASS,,,2026-07-07T22:38:32
화승알앤에이,01532603,378850,KOSPI,분기x별도,상단,DS-7,PASS,"badges seen: ['✅', '🔎']",,2026-07-07T22:38:32
화승알앤에이,01532603,378850,KOSPI,분기x별도,재무제표,CV-3,PASS,rows=29 cols=24 slider_extended=True,,2026-07-07T22:38:32
화승알앤에이,01532603,378850,KOSPI,분기x별도,재무제표,DS-2/DS-3,DONE,"cross-check completed for ['매출액', '영업이익']",,2026-07-07T22:38:32
화승알앤에이,01532603,378850,KOSPI,분기x별도,지표,CV-6,PASS,default metric selection visible,,2026-07-07T22:38:32
화승엔터프라이즈,01128613,241590,KOSPI,연간x연결,재무제표,DS-1,PASS,,,2026-07-07T22:38:46
화승엔터프라이즈,01128613,241590,KOSPI,연간x연결,상단,DS-8,PASS,,,2026-07-07T22:38:46
화승엔터프라이즈,01128613,241590,KOSPI,연간x연결,상단,DS-7,PASS,"badges seen: ['✅', '🔎', '⚠']",,2026-07-07T22:38:46
화승엔터프라이즈,01128613,241590,KOSPI,연간x연결,재무제표,CV-3,PASS,rows=29 cols=13 slider_extended=True,,2026-07-07T22:38:46
화승엔터프라이즈,01128613,241590,KOSPI,연간x연결,재무제표,DS-2/DS-3,DONE,"cross-check completed for ['매출액', '영업이익']",,2026-07-07T22:38:46
화승엔터프라이즈,01128613,241590,KOSPI,연간x연결,지표,CV-6,PASS,default metric selection visible,,2026-07-07T22:38:46
화승엔터프라이즈,01128613,241590,KOSPI,연간x별도,재무제표,DS-1,PASS,,,2026-07-07T22:38:51
화승엔터프라이즈,01128613,241590,KOSPI,연간x별도,상단,DS-8,PASS,,,2026-07-07T22:38:51
화승엔터프라이즈,01128613,241590,KOSPI,연간x별도,상단,DS-7,PASS,"badges seen: ['✅', '🔎', '⚠']",,2026-07-07T22:38:51
화승엔터프라이즈,01128613,241590,KOSPI,연간x별도,재무제표,CV-3,PASS,rows=29 cols=13 slider_extended=True,,2026-07-07T22:38:51
화승엔터프라이즈,01128613,241590,KOSPI,연간x별도,재무제표,DS-2/DS-3,DONE,"cross-check completed for ['매출액', '영업이익']",,2026-07-07T22:38:51
화승엔터프라이즈,01128613,241590,KOSPI,연간x별도,지표,CV-6,PASS,default metric selection visible,,2026-07-07T22:38:51
화승엔터프라이즈,01128613,241590,KOSPI,분기x연결,재무제표,DS-1,PASS,,,2026-07-07T22:38:57
화승엔터프라이즈,01128613,241590,KOSPI,분기x연결,상단,DS-8,PASS,,,2026-07-07T22:38:57
화승엔터프라이즈,01128613,241590,KOSPI,분기x연결,상단,DS-7,PASS,"badges seen: ['✅', '🔎', '⚠']",,2026-07-07T22:38:57
화승엔터프라이즈,01128613,241590,KOSPI,분기x연결,재무제표,CV-3,PASS,rows=29 cols=45 slider_extended=True,,2026-07-07T22:38:57
화승엔터프라이즈,01128613,241590,KOSPI,분기x연결,재무제표,DS-2/DS-3,DONE,"cross-check completed for ['매출액', '영업이익']",,2026-07-07T22:38:57
화승엔터프라이즈,01128613,241590,KOSPI,분기x연결,지표,CV-6,PASS,default metric selection visible,,2026-07-07T22:38:57
화승엔터프라이즈,01128613,241590,KOSPI,분기x별도,재무제표,DS-1,PASS,,,2026-07-07T22:39:04
화승엔터프라이즈,01128613,241590,KOSPI,분기x별도,상단,DS-8,PASS,,,2026-07-07T22:39:04
화승엔터프라이즈,01128613,241590,KOSPI,분기x별도,상단,DS-7,PASS,"badges seen: ['✅', '🔎', '⚠']",,2026-07-07T22:39:04
화승엔터프라이즈,01128613,241590,KOSPI,분기x별도,재무제표,CV-3,PASS,rows=29 cols=45 slider_extended=True,,2026-07-07T22:39:04
화승엔터프라이즈,01128613,241590,KOSPI,분기x별도,재무제표,DS-2/DS-3,DONE,"cross-check completed for ['매출액', '영업이익']",,2026-07-07T22:39:04
화승엔터프라이즈,01128613,241590,KOSPI,분기x별도,지표,CV-6,PASS,default metric selection visible,,2026-07-07T22:39:04
화승인더스트리,00166227,006060,KOSPI,연간x연결,재무제표,DS-1,PASS,,,2026-07-07T22:39:18
화승인더스트리,00166227,006060,KOSPI,연간x연결,상단,DS-8,PASS,,,2026-07-07T22:39:18
화승인더스트리,00166227,006060,KOSPI,연간x연결,상단,DS-7,PASS,"badges seen: ['✅', '🔎', '⚠']",,2026-07-07T22:39:18
화승인더스트리,00166227,006060,KOSPI,연간x연결,재무제표,CV-3,PASS,rows=29 cols=19 slider_extended=True,,2026-07-07T22:39:18
화승인더스트리,00166227,006060,KOSPI,연간x연결,재무제표,DS-2/DS-3,DONE,"cross-check completed for ['매출액', '영업이익']",,2026-07-07T22:39:18
화승인더스트리,00166227,006060,KOSPI,연간x연결,지표,CV-6,PASS,default metrics not found,,2026-07-07T22:39:18
화승인더스트리,00166227,006060,KOSPI,연간x별도,재무제표,DS-1,PASS,,,2026-07-07T22:39:23
화승인더스트리,00166227,006060,KOSPI,연간x별도,상단,DS-8,PASS,,,2026-07-07T22:39:23
화승인더스트리,00166227,006060,KOSPI,연간x별도,상단,DS-7,PASS,"badges seen: ['✅', '🔎']",,2026-07-07T22:39:23
화승인더스트리,00166227,006060,KOSPI,연간x별도,재무제표,CV-3,PASS,rows=29 cols=21 slider_extended=True,,2026-07-07T22:39:23
화승인더스트리,00166227,006060,KOSPI,연간x별도,재무제표,DS-2/DS-3,DONE,"cross-check completed for ['매출액', '영업이익']",,2026-07-07T22:39:23
화승인더스트리,00166227,006060,KOSPI,연간x별도,지표,CV-6,PASS,default metric selection visible,,2026-07-07T22:39:23
화승인더스트리,00166227,006060,KOSPI,분기x연결,재무제표,DS-1,PASS,,,2026-07-07T22:39:29
화승인더스트리,00166227,006060,KOSPI,분기x연결,상단,DS-8,PASS,,,2026-07-07T22:39:29
화승인더스트리,00166227,006060,KOSPI,분기x연결,상단,DS-7,PASS,"badges seen: ['✅', '🔎']",,2026-07-07T22:39:29
화승인더스트리,00166227,006060,KOSPI,분기x연결,재무제표,CV-3,PASS,rows=29 cols=70 slider_extended=True,,2026-07-07T22:39:29
화승인더스트리,00166227,006060,KOSPI,분기x연결,재무제표,DS-2/DS-3,DONE,"cross-check completed for ['매출액', '영업이익']",,2026-07-07T22:39:29
화승인더스트리,00166227,006060,KOSPI,분기x연결,지표,CV-6,PASS,default metric selection visible,,2026-07-07T22:39:29
화승인더스트리,00166227,006060,KOSPI,분기x별도,재무제표,DS-1,PASS,,,2026-07-07T22:39:37
화승인더스트리,00166227,006060,KOSPI,분기x별도,상단,DS-8,PASS,,,2026-07-07T22:39:37
화승인더스트리,00166227,006060,KOSPI,분기x별도,상단,DS-7,PASS,"badges seen: ['✅', '🔎']",,2026-07-07T22:39:37
화승인더스트리,00166227,006060,KOSPI,분기x별도,재무제표,CV-3,PASS,rows=29 cols=78 slider_extended=True,,2026-07-07T22:39:37
화승인더스트리,00166227,006060,KOSPI,분기x별도,재무제표,DS-2/DS-3,DONE,"cross-check completed for ['매출액', '영업이익']",,2026-07-07T22:39:37
화승인더스트리,00166227,006060,KOSPI,분기x별도,지표,CV-6,PASS,default metric selection visible,,2026-07-07T22:39:37
화승코퍼레이션,00166272,013520,KOSPI,연간x연결,재무제표,DS-1,PASS,,,2026-07-07T22:39:50
화승코퍼레이션,00166272,013520,KOSPI,연간x연결,상단,DS-8,PASS,,,2026-07-07T22:39:50
화승코퍼레이션,00166272,013520,KOSPI,연간x연결,상단,DS-7,PASS,"badges seen: ['✅', '🔎', '⚠']",,2026-07-07T22:39:50
화승코퍼레이션,00166272,013520,KOSPI,연간x연결,재무제표,CV-3,PASS,rows=29 cols=20 slider_extended=True,,2026-07-07T22:39:50
화승코퍼레이션,00166272,013520,KOSPI,연간x연결,재무제표,DS-2/DS-3,DONE,"cross-check completed for ['매출액', '영업이익']",,2026-07-07T22:39:50
화승코퍼레이션,00166272,013520,KOSPI,연간x연결,지표,CV-6,PASS,default metric selection visible,,2026-07-07T22:39:50
화승코퍼레이션,00166272,013520,KOSPI,연간x별도,재무제표,DS-1,PASS,,,2026-07-07T22:39:55
화승코퍼레이션,00166272,013520,KOSPI,연간x별도,상단,DS-8,PASS,,,2026-07-07T22:39:55
화승코퍼레이션,00166272,013520,KOSPI,연간x별도,상단,DS-7,PASS,"badges seen: ['✅', '🔎', '⚠']",,2026-07-07T22:39:55
화승코퍼레이션,00166272,013520,KOSPI,연간x별도,재무제표,CV-3,PASS,rows=29 cols=24 slider_extended=True,,2026-07-07T22:39:55
화승코퍼레이션,00166272,013520,KOSPI,연간x별도,재무제표,DS-2/DS-3,DONE,"cross-check completed for ['매출액', '영업이익']",,2026-07-07T22:39:55
화승코퍼레이션,00166272,013520,KOSPI,연간x별도,지표,CV-6,PASS,default metric selection visible,,2026-07-07T22:39:55
화승코퍼레이션,00166272,013520,KOSPI,분기x연결,재무제표,DS-1,PASS,,,2026-07-07T22:40:02
화승코퍼레이션,00166272,013520,KOSPI,분기x연결,상단,DS-8,PASS,,,2026-07-07T22:40:02
화승코퍼레이션,00166272,013520,KOSPI,분기x연결,상단,DS-7,PASS,"badges seen: ['✅', '🔎']",,2026-07-07T22:40:02
화승코퍼레이션,00166272,013520,KOSPI,분기x연결,재무제표,CV-3,PASS,rows=29 cols=73 slider_extended=True,,2026-07-07T22:40:02
화승코퍼레이션,00166272,013520,KOSPI,분기x연결,재무제표,DS-2/DS-3,DONE,"cross-check completed for ['매출액', '영업이익']",,2026-07-07T22:40:02
화승코퍼레이션,00166272,013520,KOSPI,분기x연결,지표,CV-6,PASS,default metric selection visible,,2026-07-07T22:40:02
화승코퍼레이션,00166272,013520,KOSPI,분기x별도,재무제표,DS-1,PASS,,,2026-07-07T22:40:09
화승코퍼레이션,00166272,013520,KOSPI,분기x별도,상단,DS-8,PASS,,,2026-07-07T22:40:09
화승코퍼레이션,00166272,013520,KOSPI,분기x별도,상단,DS-7,PASS,"badges seen: ['✅', '🔎', '⚠']",,2026-07-07T22:40:09
화승코퍼레이션,00166272,013520,KOSPI,분기x별도,재무제표,CV-3,PASS,rows=29 cols=76 slider_extended=True,,2026-07-07T22:40:09
화승코퍼레이션,00166272,013520,KOSPI,분기x별도,재무제표,DS-2/DS-3,DONE,"cross-check completed for ['매출액', '영업이익']",,2026-07-07T22:40:09
화승코퍼레이션,00166272,013520,KOSPI,분기x별도,지표,CV-6,PASS,default metric selection visible,,2026-07-07T22:40:09
화신,00166315,010690,KOSPI,연간x연결,재무제표,DS-1,PASS,,,2026-07-07T22:40:22
화신,00166315,010690,KOSPI,연간x연결,상단,DS-8,PASS,,,2026-07-07T22:40:22
화신,00166315,010690,KOSPI,연간x연결,상단,DS-7,PASS,"badges seen: ['✅', '🔎']",,2026-07-07T22:40:22
화신,00166315,010690,KOSPI,연간x연결,재무제표,CV-3,PASS,rows=29 cols=19 slider_extended=True,,2026-07-07T22:40:22
화신,00166315,010690,KOSPI,연간x연결,재무제표,DS-2/DS-3,DONE,"cross-check completed for ['매출액', '영업이익']",,2026-07-07T22:40:22
화신,00166315,010690,KOSPI,연간x연결,지표,CV-6,PASS,default metric selection visible,,2026-07-07T22:40:22
화신,00166315,010690,KOSPI,연간x별도,재무제표,DS-1,PASS,,,2026-07-07T22:40:28
화신,00166315,010690,KOSPI,연간x별도,상단,DS-8,PASS,,,2026-07-07T22:40:28
화신,00166315,010690,KOSPI,연간x별도,상단,DS-7,PASS,"badges seen: ['✅', '🔎']",,2026-07-07T22:40:28
화신,00166315,010690,KOSPI,연간x별도,재무제표,CV-3,PASS,rows=29 cols=25 slider_extended=True,,2026-07-07T22:40:28
화신,00166315,010690,KOSPI,연간x별도,재무제표,DS-2/DS-3,DONE,"cross-check completed for ['매출액', '영업이익']",,2026-07-07T22:40:28
화신,00166315,010690,KOSPI,연간x별도,지표,CV-6,PASS,default metric selection visible,,2026-07-07T22:40:28
화신,00166315,010690,KOSPI,분기x연결,재무제표,DS-1,PASS,,,2026-07-07T22:40:34
화신,00166315,010690,KOSPI,분기x연결,상단,DS-8,PASS,,,2026-07-07T22:40:34
화신,00166315,010690,KOSPI,분기x연결,상단,DS-7,PASS,"badges seen: ['✅', '🔎']",,2026-07-07T22:40:34
화신,00166315,010690,KOSPI,분기x연결,재무제표,CV-3,PASS,rows=29 cols=75 slider_extended=True,,2026-07-07T22:40:34
화신,00166315,010690,KOSPI,분기x연결,재무제표,DS-2/DS-3,DONE,"cross-check completed for ['매출액', '영업이익']",,2026-07-07T22:40:34
화신,00166315,010690,KOSPI,분기x연결,지표,CV-6,PASS,default metric selection visible,,2026-07-07T22:40:34
화신,00166315,010690,KOSPI,분기x별도,재무제표,DS-1,PASS,,,2026-07-07T22:40:41
화신,00166315,010690,KOSPI,분기x별도,상단,DS-8,PASS,,,2026-07-07T22:40:41
화신,00166315,010690,KOSPI,분기x별도,상단,DS-7,PASS,"badges seen: ['✅', '🔎']",,2026-07-07T22:40:41
화신,00166315,010690,KOSPI,분기x별도,재무제표,CV-3,PASS,rows=29 cols=75 slider_extended=True,,2026-07-07T22:40:41
화신,00166315,010690,KOSPI,분기x별도,재무제표,DS-2/DS-3,DONE,"cross-check completed for ['매출액', '영업이익']",,2026-07-07T22:40:41
화신,00166315,010690,KOSPI,분기x별도,지표,CV-6,PASS,default metric selection visible,,2026-07-07T22:40:41
화인베스틸,00661847,133820,KOSPI,연간x연결,재무제표,DS-1,PASS,,,2026-07-07T22:40:55
화인베스틸,00661847,133820,KOSPI,연간x연결,상단,DS-8,PASS,,,2026-07-07T22:40:55
화인베스틸,00661847,133820,KOSPI,연간x연결,상단,DS-7,PASS,"badges seen: ['✅', '🔎']",,2026-07-07T22:40:55
화인베스틸,00661847,133820,KOSPI,연간x연결,재무제표,CV-3,PASS,rows=29 cols=7 slider_extended=True,,2026-07-07T22:40:55
화인베스틸,00661847,133820,KOSPI,연간x연결,재무제표,DS-2/DS-3,DONE,"cross-check completed for ['매출액', '영업이익']",,2026-07-07T22:40:55
화인베스틸,00661847,133820,KOSPI,연간x연결,지표,CV-6,PASS,default metric selection visible,,2026-07-07T22:40:55
화인베스틸,00661847,133820,KOSPI,연간x별도,재무제표,DS-1,PASS,,,2026-07-07T22:41:00
화인베스틸,00661847,133820,KOSPI,연간x별도,상단,DS-8,PASS,,,2026-07-07T22:41:00
화인베스틸,00661847,133820,KOSPI,연간x별도,상단,DS-7,PASS,"badges seen: ['✅', '🔎']",,2026-07-07T22:41:00
화인베스틸,00661847,133820,KOSPI,연간x별도,재무제표,CV-3,PASS,rows=29 cols=16 slider_extended=True,,2026-07-07T22:41:00
화인베스틸,00661847,133820,KOSPI,연간x별도,재무제표,DS-2/DS-3,DONE,"cross-check completed for ['매출액', '영업이익']",,2026-07-07T22:41:00
화인베스틸,00661847,133820,KOSPI,연간x별도,지표,CV-6,PASS,default metric selection visible,,2026-07-07T22:41:00
화인베스틸,00661847,133820,KOSPI,분기x연결,재무제표,DS-1,PASS,,,2026-07-07T22:41:06
화인베스틸,00661847,133820,KOSPI,분기x연결,상단,DS-8,PASS,,,2026-07-07T22:41:06
화인베스틸,00661847,133820,KOSPI,분기x연결,상단,DS-7,PASS,"badges seen: ['✅', '🔎']",,2026-07-07T22:41:06
화인베스틸,00661847,133820,KOSPI,분기x연결,재무제표,CV-3,PASS,rows=29 cols=17 slider_extended=True,,2026-07-07T22:41:06
화인베스틸,00661847,133820,KOSPI,분기x연결,재무제표,DS-2/DS-3,DONE,"cross-check completed for ['매출액', '영업이익']",,2026-07-07T22:41:06
화인베스틸,00661847,133820,KOSPI,분기x연결,지표,CV-6,PASS,default metric selection visible,,2026-07-07T22:41:06
화인베스틸,00661847,133820,KOSPI,분기x별도,재무제표,DS-1,PASS,,,2026-07-07T22:41:13
화인베스틸,00661847,133820,KOSPI,분기x별도,상단,DS-8,PASS,,,2026-07-07T22:41:13
화인베스틸,00661847,133820,KOSPI,분기x별도,상단,DS-7,PASS,"badges seen: ['✅', '🔎']",,2026-07-07T22:41:13
화인베스틸,00661847,133820,KOSPI,분기x별도,재무제표,CV-3,PASS,rows=29 cols=55 slider_extended=True,,2026-07-07T22:41:13
화인베스틸,00661847,133820,KOSPI,분기x별도,재무제표,DS-2/DS-3,DONE,"cross-check completed for ['매출액', '영업이익']",,2026-07-07T22:41:13
화인베스틸,00661847,133820,KOSPI,분기x별도,지표,CV-6,PASS,default metric selection visible,,2026-07-07T22:41:13
화천기계,00166500,010660,KOSPI,연간x연결,재무제표,DS-1,PASS,,,2026-07-07T22:41:27
화천기계,00166500,010660,KOSPI,연간x연결,상단,DS-8,PASS,,,2026-07-07T22:41:27
화천기계,00166500,010660,KOSPI,연간x연결,상단,DS-7,PASS,"badges seen: ['✅', '🔎']",,2026-07-07T22:41:27
화천기계,00166500,010660,KOSPI,연간x연결,재무제표,CV-3,PASS,rows=29 cols=4 slider_extended=True,,2026-07-07T22:41:27
화천기계,00166500,010660,KOSPI,연간x연결,재무제표,DS-2/DS-3,DONE,"cross-check completed for ['매출액', '영업이익']",,2026-07-07T22:41:27
화천기계,00166500,010660,KOSPI,연간x연결,지표,CV-6,PASS,default metric selection visible,,2026-07-07T22:41:27
화천기계,00166500,010660,KOSPI,연간x별도,재무제표,DS-1,PASS,,,2026-07-07T22:41:32
화천기계,00166500,010660,KOSPI,연간x별도,상단,DS-8,PASS,,,2026-07-07T22:41:32
화천기계,00166500,010660,KOSPI,연간x별도,상단,DS-7,PASS,"badges seen: ['✅', '🔎', '⚠']",,2026-07-07T22:41:32
화천기계,00166500,010660,KOSPI,연간x별도,재무제표,CV-3,PASS,rows=29 cols=27 slider_extended=True,,2026-07-07T22:41:32
화천기계,00166500,010660,KOSPI,연간x별도,재무제표,DS-2/DS-3,DONE,"cross-check completed for ['매출액', '영업이익']",,2026-07-07T22:41:32
화천기계,00166500,010660,KOSPI,연간x별도,지표,CV-6,PASS,default metric selection visible,,2026-07-07T22:41:32
화천기계,00166500,010660,KOSPI,분기x연결,재무제표,DS-1,PASS,,,2026-07-07T22:41:38
화천기계,00166500,010660,KOSPI,분기x연결,상단,DS-8,PASS,,,2026-07-07T22:41:38
화천기계,00166500,010660,KOSPI,분기x연결,상단,DS-7,PASS,"badges seen: ['✅', '🔎']",,2026-07-07T22:41:38
화천기계,00166500,010660,KOSPI,분기x연결,재무제표,CV-3,PASS,rows=29 cols=6 slider_extended=True,,2026-07-07T22:41:38
화천기계,00166500,010660,KOSPI,분기x연결,재무제표,DS-2/DS-3,DONE,"cross-check completed for ['매출액', '영업이익']",,2026-07-07T22:41:38
화천기계,00166500,010660,KOSPI,분기x연결,지표,CV-6,PASS,default metric selection visible,,2026-07-07T22:41:38
화천기계,00166500,010660,KOSPI,분기x별도,재무제표,DS-1,PASS,,,2026-07-07T22:41:45
화천기계,00166500,010660,KOSPI,분기x별도,상단,DS-8,PASS,,,2026-07-07T22:41:45
화천기계,00166500,010660,KOSPI,분기x별도,상단,DS-7,PASS,"badges seen: ['✅', '🔎', '⚠']",,2026-07-07T22:41:45
화천기계,00166500,010660,KOSPI,분기x별도,재무제표,CV-3,PASS,rows=29 cols=81 slider_extended=True,,2026-07-07T22:41:45
화천기계,00166500,010660,KOSPI,분기x별도,재무제표,DS-2/DS-3,DONE,"cross-check completed for ['매출액', '영업이익']",,2026-07-07T22:41:45
화천기계,00166500,010660,KOSPI,분기x별도,지표,CV-6,PASS,default metric selection visible,,2026-07-07T22:41:45
화천기공,00166519,000850,KOSPI,연간x연결,재무제표,DS-1,PASS,,,2026-07-07T22:41:59
화천기공,00166519,000850,KOSPI,연간x연결,상단,DS-8,PASS,,,2026-07-07T22:41:59
화천기공,00166519,000850,KOSPI,연간x연결,상단,DS-7,PASS,"badges seen: ['✅', '🔎', '⚠']",,2026-07-07T22:41:59
화천기공,00166519,000850,KOSPI,연간x연결,재무제표,CV-3,PASS,rows=29 cols=19 slider_extended=True,,2026-07-07T22:41:59
화천기공,00166519,000850,KOSPI,연간x연결,재무제표,DS-2/DS-3,DONE,"cross-check completed for ['매출액', '영업이익']",,2026-07-07T22:41:59
화천기공,00166519,000850,KOSPI,연간x연결,지표,CV-6,PASS,default metric selection visible,,2026-07-07T22:41:59
화천기공,00166519,000850,KOSPI,연간x별도,재무제표,DS-1,PASS,,,2026-07-07T22:42:04
화천기공,00166519,000850,KOSPI,연간x별도,상단,DS-8,PASS,,,2026-07-07T22:42:04
화천기공,00166519,000850,KOSPI,연간x별도,상단,DS-7,PASS,"badges seen: ['✅', '🔎', '⚠']",,2026-07-07T22:42:04
화천기공,00166519,000850,KOSPI,연간x별도,재무제표,CV-3,PASS,rows=29 cols=28 slider_extended=True,,2026-07-07T22:42:04
화천기공,00166519,000850,KOSPI,연간x별도,재무제표,DS-2/DS-3,DONE,"cross-check completed for ['매출액', '영업이익']",,2026-07-07T22:42:04
화천기공,00166519,000850,KOSPI,연간x별도,지표,CV-6,PASS,default metric selection visible,,2026-07-07T22:42:04
화천기공,00166519,000850,KOSPI,분기x연결,재무제표,DS-1,PASS,,,2026-07-07T22:42:10
화천기공,00166519,000850,KOSPI,분기x연결,상단,DS-8,PASS,,,2026-07-07T22:42:10
화천기공,00166519,000850,KOSPI,분기x연결,상단,DS-7,PASS,"badges seen: ['✅', '🔎']",,2026-07-07T22:42:10
화천기공,00166519,000850,KOSPI,분기x연결,재무제표,CV-3,PASS,rows=29 cols=66 slider_extended=True,,2026-07-07T22:42:10
화천기공,00166519,000850,KOSPI,분기x연결,재무제표,DS-2/DS-3,DONE,"cross-check completed for ['매출액', '영업이익']",,2026-07-07T22:42:10
화천기공,00166519,000850,KOSPI,분기x연결,지표,CV-6,PASS,default metric selection visible,,2026-07-07T22:42:10
화천기공,00166519,000850,KOSPI,분기x별도,재무제표,DS-1,PASS,,,2026-07-07T22:42:17
화천기공,00166519,000850,KOSPI,분기x별도,상단,DS-8,PASS,,,2026-07-07T22:42:17
화천기공,00166519,000850,KOSPI,분기x별도,상단,DS-7,PASS,"badges seen: ['✅', '🔎']",,2026-07-07T22:42:17
화천기공,00166519,000850,KOSPI,분기x별도,재무제표,CV-3,PASS,rows=29 cols=83 slider_extended=True,,2026-07-07T22:42:17
화천기공,00166519,000850,KOSPI,분기x별도,재무제표,DS-2/DS-3,DONE,"cross-check completed for ['매출액', '영업이익']",,2026-07-07T22:42:17
화천기공,00166519,000850,KOSPI,분기x별도,지표,CV-6,PASS,default metric selection visible,,2026-07-07T22:42:17
환인제약,00166573,016580,KOSPI,연간x연결,재무제표,DS-1,PASS,,,2026-07-07T22:42:30
환인제약,00166573,016580,KOSPI,연간x연결,상단,DS-8,PASS,,,2026-07-07T22:42:30
환인제약,00166573,016580,KOSPI,연간x연결,상단,DS-7,PASS,"badges seen: ['✅', '🔎']",,2026-07-07T22:42:30
환인제약,00166573,016580,KOSPI,연간x연결,재무제표,CV-3,PASS,rows=29 cols=11 slider_extended=True,,2026-07-07T22:42:30
환인제약,00166573,016580,KOSPI,연간x연결,재무제표,DS-2/DS-3,DONE,"cross-check completed for ['매출액', '영업이익']",,2026-07-07T22:42:30
환인제약,00166573,016580,KOSPI,연간x연결,지표,CV-6,PASS,default metric selection visible,,2026-07-07T22:42:30
환인제약,00166573,016580,KOSPI,연간x별도,재무제표,DS-1,PASS,,,2026-07-07T22:42:35
환인제약,00166573,016580,KOSPI,연간x별도,상단,DS-8,PASS,,,2026-07-07T22:42:35
환인제약,00166573,016580,KOSPI,연간x별도,상단,DS-7,PASS,"badges seen: ['✅', '🔎']",,2026-07-07T22:42:35
환인제약,00166573,016580,KOSPI,연간x별도,재무제표,CV-3,PASS,rows=29 cols=29 slider_extended=True,,2026-07-07T22:42:35
환인제약,00166573,016580,KOSPI,연간x별도,재무제표,DS-2/DS-3,DONE,"cross-check completed for ['매출액', '영업이익']",,2026-07-07T22:42:35
환인제약,00166573,016580,KOSPI,연간x별도,지표,CV-6,PASS,default metric selection visible,,2026-07-07T22:42:35
환인제약,00166573,016580,KOSPI,분기x연결,재무제표,DS-1,PASS,,,2026-07-07T22:42:41
환인제약,00166573,016580,KOSPI,분기x연결,상단,DS-8,PASS,,,2026-07-07T22:42:41
환인제약,00166573,016580,KOSPI,분기x연결,상단,DS-7,PASS,"badges seen: ['✅', '🔎']",,2026-07-07T22:42:41
환인제약,00166573,016580,KOSPI,분기x연결,재무제표,CV-3,PASS,rows=29 cols=36 slider_extended=True,,2026-07-07T22:42:41
환인제약,00166573,016580,KOSPI,분기x연결,재무제표,DS-2/DS-3,DONE,"cross-check completed for ['매출액', '영업이익']",,2026-07-07T22:42:41
환인제약,00166573,016580,KOSPI,분기x연결,지표,CV-6,PASS,default metric selection visible,,2026-07-07T22:42:41
환인제약,00166573,016580,KOSPI,분기x별도,재무제표,DS-1,PASS,,,2026-07-07T22:42:49
환인제약,00166573,016580,KOSPI,분기x별도,상단,DS-8,PASS,,,2026-07-07T22:42:49
환인제약,00166573,016580,KOSPI,분기x별도,상단,DS-7,PASS,"badges seen: ['✅', '🔎']",,2026-07-07T22:42:49
환인제약,00166573,016580,KOSPI,분기x별도,재무제표,CV-3,PASS,rows=29 cols=89 slider_extended=True,,2026-07-07T22:42:49
환인제약,00166573,016580,KOSPI,분기x별도,재무제표,DS-2/DS-3,DONE,"cross-check completed for ['매출액', '영업이익']",,2026-07-07T22:42:49
환인제약,00166573,016580,KOSPI,분기x별도,지표,CV-6,PASS,default metric selection visible,,2026-07-07T22:42:49
황금에스티,00218575,032560,KOSPI,연간x연결,재무제표,DS-1,PASS,,,2026-07-07T22:43:02
황금에스티,00218575,032560,KOSPI,연간x연결,상단,DS-8,PASS,,,2026-07-07T22:43:02
황금에스티,00218575,032560,KOSPI,연간x연결,상단,DS-7,PASS,"badges seen: ['✅', '🔎']",,2026-07-07T22:43:02
황금에스티,00218575,032560,KOSPI,연간x연결,재무제표,CV-3,PASS,rows=29 cols=21 slider_extended=True,,2026-07-07T22:43:02
황금에스티,00218575,032560,KOSPI,연간x연결,재무제표,DS-2/DS-3,DONE,"cross-check completed for ['매출액', '영업이익']",,2026-07-07T22:43:02
황금에스티,00218575,032560,KOSPI,연간x연결,지표,CV-6,PASS,default metric selection visible,,2026-07-07T22:43:02
황금에스티,00218575,032560,KOSPI,연간x별도,재무제표,DS-1,PASS,,,2026-07-07T22:43:08
황금에스티,00218575,032560,KOSPI,연간x별도,상단,DS-8,PASS,,,2026-07-07T22:43:08
황금에스티,00218575,032560,KOSPI,연간x별도,상단,DS-7,PASS,"badges seen: ['✅', '🔎', '⚠']",,2026-07-07T22:43:08
황금에스티,00218575,032560,KOSPI,연간x별도,재무제표,CV-3,PASS,rows=29 cols=28 slider_extended=True,,2026-07-07T22:43:08
황금에스티,00218575,032560,KOSPI,연간x별도,재무제표,DS-2/DS-3,DONE,"cross-check completed for ['매출액', '영업이익']",,2026-07-07T22:43:08
황금에스티,00218575,032560,KOSPI,연간x별도,지표,CV-6,PASS,default metric selection visible,,2026-07-07T22:43:08
황금에스티,00218575,032560,KOSPI,분기x연결,재무제표,DS-1,PASS,,,2026-07-07T22:43:14
황금에스티,00218575,032560,KOSPI,분기x연결,상단,DS-8,PASS,,,2026-07-07T22:43:14
황금에스티,00218575,032560,KOSPI,분기x연결,상단,DS-7,PASS,"badges seen: ['✅', '🔎']",,2026-07-07T22:43:14
황금에스티,00218575,032560,KOSPI,분기x연결,재무제표,CV-3,PASS,rows=29 cols=66 slider_extended=True,,2026-07-07T22:43:14
황금에스티,00218575,032560,KOSPI,분기x연결,재무제표,DS-2/DS-3,DONE,"cross-check completed for ['매출액', '영업이익']",,2026-07-07T22:43:14
황금에스티,00218575,032560,KOSPI,분기x연결,지표,CV-6,PASS,default metric selection visible,,2026-07-07T22:43:14
황금에스티,00218575,032560,KOSPI,분기x별도,재무제표,DS-1,PASS,,,2026-07-07T22:43:21
황금에스티,00218575,032560,KOSPI,분기x별도,상단,DS-8,PASS,,,2026-07-07T22:43:21
황금에스티,00218575,032560,KOSPI,분기x별도,상단,DS-7,PASS,"badges seen: ['✅', '🔎']",,2026-07-07T22:43:21
황금에스티,00218575,032560,KOSPI,분기x별도,재무제표,CV-3,PASS,rows=29 cols=83 slider_extended=True,,2026-07-07T22:43:21
황금에스티,00218575,032560,KOSPI,분기x별도,재무제표,DS-2/DS-3,DONE,"cross-check completed for ['매출액', '영업이익']",,2026-07-07T22:43:21
황금에스티,00218575,032560,KOSPI,분기x별도,지표,CV-6,PASS,default metric selection visible,,2026-07-07T22:43:21
효성,00117188,004800,KOSPI,연간x연결,재무제표,DS-1,PASS,,,2026-07-07T22:43:35
효성,00117188,004800,KOSPI,연간x연결,상단,DS-8,PASS,,,2026-07-07T22:43:35
효성,00117188,004800,KOSPI,연간x연결,상단,DS-7,PASS,"badges seen: ['✅', '🔎', '⚠']",,2026-07-07T22:43:35
효성,00117188,004800,KOSPI,연간x연결,재무제표,CV-3,PASS,rows=29 cols=21 slider_extended=True,,2026-07-07T22:43:35
효성,00117188,004800,KOSPI,연간x연결,재무제표,DS-2/DS-3,DONE,"cross-check completed for ['매출액', '영업이익']",,2026-07-07T22:43:35
효성,00117188,004800,KOSPI,연간x연결,지표,CV-6,PASS,default metric selection visible,,2026-07-07T22:43:35
효성,00117188,004800,KOSPI,연간x별도,재무제표,DS-1,PASS,,,2026-07-07T22:43:40
효성,00117188,004800,KOSPI,연간x별도,상단,DS-8,PASS,,,2026-07-07T22:43:40
효성,00117188,004800,KOSPI,연간x별도,상단,DS-7,PASS,"badges seen: ['✅', '🔎', '⚠']",,2026-07-07T22:43:40
효성,00117188,004800,KOSPI,연간x별도,재무제표,CV-3,PASS,rows=29 cols=28 slider_extended=True,,2026-07-07T22:43:40
효성,00117188,004800,KOSPI,연간x별도,재무제표,DS-2/DS-3,DONE,"cross-check completed for ['매출액', '영업이익']",,2026-07-07T22:43:40
효성,00117188,004800,KOSPI,연간x별도,지표,CV-6,PASS,default metric selection visible,,2026-07-07T22:43:40
효성,00117188,004800,KOSPI,분기x연결,재무제표,DS-1,PASS,,,2026-07-07T22:43:46
효성,00117188,004800,KOSPI,분기x연결,상단,DS-8,PASS,,,2026-07-07T22:43:46
효성,00117188,004800,KOSPI,분기x연결,상단,DS-7,PASS,"badges seen: ['✅', '🔎', '⚠']",,2026-07-07T22:43:46
효성,00117188,004800,KOSPI,분기x연결,재무제표,CV-3,PASS,rows=29 cols=77 slider_extended=True,,2026-07-07T22:43:46
효성,00117188,004800,KOSPI,분기x연결,재무제표,DS-2/DS-3,DONE,"cross-check completed for ['매출액', '영업이익']",,2026-07-07T22:43:46
효성,00117188,004800,KOSPI,분기x연결,지표,CV-6,PASS,default metric selection visible,,2026-07-07T22:43:46
효성,00117188,004800,KOSPI,분기x별도,재무제표,DS-1,PASS,,,2026-07-07T22:43:54
효성,00117188,004800,KOSPI,분기x별도,상단,DS-8,PASS,,,2026-07-07T22:43:54
효성,00117188,004800,KOSPI,분기x별도,상단,DS-7,PASS,"badges seen: ['✅', '🔎', '⚠']",,2026-07-07T22:43:54
효성,00117188,004800,KOSPI,분기x별도,재무제표,CV-3,PASS,rows=29 cols=90 slider_extended=True,,2026-07-07T22:43:54
효성,00117188,004800,KOSPI,분기x별도,재무제표,DS-2/DS-3,DONE,"cross-check completed for ['매출액', '영업이익']",,2026-07-07T22:43:54
효성,00117188,004800,KOSPI,분기x별도,지표,CV-6,PASS,default metric selection visible,,2026-07-07T22:43:54
효성중공업,01316245,298040,KOSPI,연간x연결,재무제표,DS-1,PASS,,,2026-07-07T22:44:07
효성중공업,01316245,298040,KOSPI,연간x연결,상단,DS-8,PASS,,,2026-07-07T22:44:07
효성중공업,01316245,298040,KOSPI,연간x연결,상단,DS-7,PASS,"badges seen: ['✅', '🔎', '⚠']",,2026-07-07T22:44:07
효성중공업,01316245,298040,KOSPI,연간x연결,재무제표,CV-3,PASS,rows=29 cols=10 slider_extended=True,,2026-07-07T22:44:07
효성중공업,01316245,298040,KOSPI,연간x연결,재무제표,DS-2/DS-3,DONE,"cross-check completed for ['매출액', '영업이익']",,2026-07-07T22:44:07
효성중공업,01316245,298040,KOSPI,연간x연결,지표,CV-6,PASS,default metric selection visible,,2026-07-07T22:44:07
효성중공업,01316245,298040,KOSPI,연간x별도,재무제표,DS-1,PASS,,,2026-07-07T22:44:12
효성중공업,01316245,298040,KOSPI,연간x별도,상단,DS-8,PASS,,,2026-07-07T22:44:12
효성중공업,01316245,298040,KOSPI,연간x별도,상단,DS-7,PASS,"badges seen: ['✅', '🔎']",,2026-07-07T22:44:12
효성중공업,01316245,298040,KOSPI,연간x별도,재무제표,CV-3,PASS,rows=29 cols=10 slider_extended=True,,2026-07-07T22:44:12
효성중공업,01316245,298040,KOSPI,연간x별도,재무제표,DS-2/DS-3,DONE,"cross-check completed for ['매출액', '영업이익']",,2026-07-07T22:44:12
효성중공업,01316245,298040,KOSPI,연간x별도,지표,CV-6,PASS,default metric selection visible,,2026-07-07T22:44:12
효성중공업,01316245,298040,KOSPI,분기x연결,재무제표,DS-1,PASS,,,2026-07-07T22:44:19
효성중공업,01316245,298040,KOSPI,분기x연결,상단,DS-8,PASS,,,2026-07-07T22:44:19
효성중공업,01316245,298040,KOSPI,분기x연결,상단,DS-7,PASS,"badges seen: ['✅', '🔎']",,2026-07-07T22:44:19
효성중공업,01316245,298040,KOSPI,분기x연결,재무제표,CV-3,PASS,rows=29 cols=35 slider_extended=True,,2026-07-07T22:44:19
효성중공업,01316245,298040,KOSPI,분기x연결,재무제표,DS-2/DS-3,DONE,"cross-check completed for ['매출액', '영업이익']",,2026-07-07T22:44:19
효성중공업,01316245,298040,KOSPI,분기x연결,지표,CV-6,PASS,default metric selection visible,,2026-07-07T22:44:19
효성중공업,01316245,298040,KOSPI,분기x별도,재무제표,DS-1,PASS,,,2026-07-07T22:44:26
효성중공업,01316245,298040,KOSPI,분기x별도,상단,DS-8,PASS,,,2026-07-07T22:44:26
효성중공업,01316245,298040,KOSPI,분기x별도,상단,DS-7,PASS,"badges seen: ['✅', '🔎']",,2026-07-07T22:44:26
효성중공업,01316245,298040,KOSPI,분기x별도,재무제표,CV-3,PASS,rows=29 cols=35 slider_extended=True,,2026-07-07T22:44:26
효성중공업,01316245,298040,KOSPI,분기x별도,재무제표,DS-2/DS-3,DONE,"cross-check completed for ['매출액', '영업이익']",,2026-07-07T22:44:26
효성중공업,01316245,298040,KOSPI,분기x별도,지표,CV-6,PASS,default metric selection visible,,2026-07-07T22:44:26
효성티앤씨,01316227,298020,KOSPI,연간x연결,재무제표,DS-1,PASS,,,2026-07-07T22:44:37
효성티앤씨,01316227,298020,KOSPI,연간x연결,상단,DS-8,PASS,,,2026-07-07T22:44:37
효성티앤씨,01316227,298020,KOSPI,연간x연결,상단,DS-7,PASS,"badges seen: ['✅', '🔎', '⚠']",,2026-07-07T22:44:37
효성티앤씨,01316227,298020,KOSPI,연간x연결,재무제표,CV-3,PASS,rows=29 cols=10 slider_extended=True,,2026-07-07T22:44:37
효성티앤씨,01316227,298020,KOSPI,연간x연결,재무제표,DS-2/DS-3,DONE,"cross-check completed for ['매출액', '영업이익']",,2026-07-07T22:44:37
효성티앤씨,01316227,298020,KOSPI,연간x연결,지표,CV-6,PASS,default metric selection visible,,2026-07-07T22:44:37
효성티앤씨,01316227,298020,KOSPI,연간x별도,재무제표,DS-1,PASS,,,2026-07-07T22:44:42
효성티앤씨,01316227,298020,KOSPI,연간x별도,상단,DS-8,PASS,,,2026-07-07T22:44:42
효성티앤씨,01316227,298020,KOSPI,연간x별도,상단,DS-7,PASS,"badges seen: ['✅', '🔎', '⚠']",,2026-07-07T22:44:42
효성티앤씨,01316227,298020,KOSPI,연간x별도,재무제표,CV-3,PASS,rows=29 cols=10 slider_extended=True,,2026-07-07T22:44:42
효성티앤씨,01316227,298020,KOSPI,연간x별도,재무제표,DS-2/DS-3,DONE,"cross-check completed for ['매출액', '영업이익']",,2026-07-07T22:44:42
효성티앤씨,01316227,298020,KOSPI,연간x별도,지표,CV-6,PASS,default metric selection visible,,2026-07-07T22:44:42
효성티앤씨,01316227,298020,KOSPI,분기x연결,재무제표,DS-1,PASS,,,2026-07-07T22:44:48
효성티앤씨,01316227,298020,KOSPI,분기x연결,상단,DS-8,PASS,,,2026-07-07T22:44:48
효성티앤씨,01316227,298020,KOSPI,분기x연결,상단,DS-7,PASS,"badges seen: ['✅', '🔎']",,2026-07-07T22:44:48
효성티앤씨,01316227,298020,KOSPI,분기x연결,재무제표,CV-3,PASS,rows=29 cols=35 slider_extended=True,,2026-07-07T22:44:48
효성티앤씨,01316227,298020,KOSPI,분기x연결,재무제표,DS-2/DS-3,DONE,"cross-check completed for ['매출액', '영업이익']",,2026-07-07T22:44:48
효성티앤씨,01316227,298020,KOSPI,분기x연결,지표,CV-6,PASS,default metric selection visible,,2026-07-07T22:44:48
효성티앤씨,01316227,298020,KOSPI,분기x별도,재무제표,DS-1,PASS,,,2026-07-07T22:44:55
효성티앤씨,01316227,298020,KOSPI,분기x별도,상단,DS-8,PASS,,,2026-07-07T22:44:55
효성티앤씨,01316227,298020,KOSPI,분기x별도,상단,DS-7,PASS,"badges seen: ['✅', '🔎']",,2026-07-07T22:44:55
효성티앤씨,01316227,298020,KOSPI,분기x별도,재무제표,CV-3,PASS,rows=29 cols=30 slider_extended=True,,2026-07-07T22:44:55
효성티앤씨,01316227,298020,KOSPI,분기x별도,재무제표,DS-2/DS-3,DONE,"cross-check completed for ['매출액', '영업이익']",,2026-07-07T22:44:55
효성티앤씨,01316227,298020,KOSPI,분기x별도,지표,CV-6,PASS,default metric selection visible,,2026-07-07T22:44:55
효성화학,01316236,298000,KOSPI,연간x연결,재무제표,DS-1,PASS,,,2026-07-07T22:45:09
효성화학,01316236,298000,KOSPI,연간x연결,상단,DS-8,PASS,,,2026-07-07T22:45:09
효성화학,01316236,298000,KOSPI,연간x연결,상단,DS-7,PASS,"badges seen: ['✅', '🔎', '⚠']",,2026-07-07T22:45:09
효성화학,01316236,298000,KOSPI,연간x연결,재무제표,CV-3,PASS,rows=29 cols=10 slider_extended=True,,2026-07-07T22:45:09
효성화학,01316236,298000,KOSPI,연간x연결,재무제표,DS-2/DS-3,DONE,"cross-check completed for ['매출액', '영업이익']",,2026-07-07T22:45:09
효성화학,01316236,298000,KOSPI,연간x연결,지표,CV-6,PASS,default metric selection visible,,2026-07-07T22:45:09
효성화학,01316236,298000,KOSPI,연간x별도,재무제표,DS-1,PASS,,,2026-07-07T22:45:14
효성화학,01316236,298000,KOSPI,연간x별도,상단,DS-8,PASS,,,2026-07-07T22:45:14
효성화학,01316236,298000,KOSPI,연간x별도,상단,DS-7,PASS,"badges seen: ['✅', '🔎', '⚠']",,2026-07-07T22:45:14
효성화학,01316236,298000,KOSPI,연간x별도,재무제표,CV-3,PASS,rows=29 cols=10 slider_extended=True,,2026-07-07T22:45:14
효성화학,01316236,298000,KOSPI,연간x별도,재무제표,DS-2/DS-3,DONE,"cross-check completed for ['매출액', '영업이익']",,2026-07-07T22:45:14
효성화학,01316236,298000,KOSPI,연간x별도,지표,CV-6,PASS,default metric selection visible,,2026-07-07T22:45:14
효성화학,01316236,298000,KOSPI,분기x연결,재무제표,DS-1,PASS,,,2026-07-07T22:45:20
효성화학,01316236,298000,KOSPI,분기x연결,상단,DS-8,PASS,,,2026-07-07T22:45:20
효성화학,01316236,298000,KOSPI,분기x연결,상단,DS-7,PASS,"badges seen: ['✅', '🔎']",,2026-07-07T22:45:20
효성화학,01316236,298000,KOSPI,분기x연결,재무제표,CV-3,PASS,rows=29 cols=35 slider_extended=True,,2026-07-07T22:45:20
효성화학,01316236,298000,KOSPI,분기x연결,재무제표,DS-2/DS-3,DONE,"cross-check completed for ['매출액', '영업이익']",,2026-07-07T22:45:20
효성화학,01316236,298000,KOSPI,분기x연결,지표,CV-6,PASS,default metric selection visible,,2026-07-07T22:45:20
효성화학,01316236,298000,KOSPI,분기x별도,재무제표,DS-1,PASS,,,2026-07-07T22:45:27
효성화학,01316236,298000,KOSPI,분기x별도,상단,DS-8,PASS,,,2026-07-07T22:45:27
효성화학,01316236,298000,KOSPI,분기x별도,상단,DS-7,PASS,"badges seen: ['✅', '🔎']",,2026-07-07T22:45:27
효성화학,01316236,298000,KOSPI,분기x별도,재무제표,CV-3,PASS,rows=29 cols=35 slider_extended=True,,2026-07-07T22:45:27
효성화학,01316236,298000,KOSPI,분기x별도,재무제표,DS-2/DS-3,DONE,"cross-check completed for ['매출액', '영업이익']",,2026-07-07T22:45:27
효성화학,01316236,298000,KOSPI,분기x별도,지표,CV-6,PASS,default metric selection visible,,2026-07-07T22:45:27
후성,00595191,093370,KOSPI,연간x연결,재무제표,DS-1,PASS,,,2026-07-07T22:45:41
후성,00595191,093370,KOSPI,연간x연결,상단,DS-8,PASS,,,2026-07-07T22:45:41
후성,00595191,093370,KOSPI,연간x연결,상단,DS-7,PASS,"badges seen: ['✅', '🔎', '⚠']",,2026-07-07T22:45:41
후성,00595191,093370,KOSPI,연간x연결,재무제표,CV-3,PASS,rows=29 cols=19 slider_extended=True,,2026-07-07T22:45:41
후성,00595191,093370,KOSPI,연간x연결,재무제표,DS-2/DS-3,DONE,"cross-check completed for ['매출액', '영업이익']",,2026-07-07T22:45:41
후성,00595191,093370,KOSPI,연간x연결,지표,CV-6,PASS,default metric selection visible,,2026-07-07T22:45:41
후성,00595191,093370,KOSPI,연간x별도,재무제표,DS-1,PASS,,,2026-07-07T22:45:46
후성,00595191,093370,KOSPI,연간x별도,상단,DS-8,PASS,,,2026-07-07T22:45:46
후성,00595191,093370,KOSPI,연간x별도,상단,DS-7,PASS,"badges seen: ['✅', '🔎', '⚠']",,2026-07-07T22:45:46
후성,00595191,093370,KOSPI,연간x별도,재무제표,CV-3,PASS,rows=29 cols=22 slider_extended=True,,2026-07-07T22:45:46
후성,00595191,093370,KOSPI,연간x별도,재무제표,DS-2/DS-3,DONE,"cross-check completed for ['매출액', '영업이익']",,2026-07-07T22:45:46
후성,00595191,093370,KOSPI,연간x별도,지표,CV-6,PASS,default metric selection visible,,2026-07-07T22:45:46
후성,00595191,093370,KOSPI,분기x연결,재무제표,DS-1,PASS,,,2026-07-07T22:45:52
후성,00595191,093370,KOSPI,분기x연결,상단,DS-8,PASS,,,2026-07-07T22:45:52
후성,00595191,093370,KOSPI,분기x연결,상단,DS-7,PASS,"badges seen: ['✅', '🔎']",,2026-07-07T22:45:52
후성,00595191,093370,KOSPI,분기x연결,재무제표,CV-3,PASS,rows=29 cols=60 slider_extended=True,,2026-07-07T22:45:52
후성,00595191,093370,KOSPI,분기x연결,재무제표,DS-2/DS-3,DONE,"cross-check completed for ['매출액', '영업이익']",,2026-07-07T22:45:52
후성,00595191,093370,KOSPI,분기x연결,지표,CV-6,PASS,default metric selection visible,,2026-07-07T22:45:52
후성,00595191,093370,KOSPI,분기x별도,재무제표,DS-1,PASS,,,2026-07-07T22:45:59
후성,00595191,093370,KOSPI,분기x별도,상단,DS-8,PASS,,,2026-07-07T22:45:59
후성,00595191,093370,KOSPI,분기x별도,상단,DS-7,PASS,"badges seen: ['✅', '🔎']",,2026-07-07T22:45:59
후성,00595191,093370,KOSPI,분기x별도,재무제표,CV-3,PASS,rows=29 cols=73 slider_extended=True,,2026-07-07T22:45:59
후성,00595191,093370,KOSPI,분기x별도,재무제표,DS-2/DS-3,DONE,"cross-check completed for ['매출액', '영업이익']",,2026-07-07T22:45:59
후성,00595191,093370,KOSPI,분기x별도,지표,CV-6,PASS,default metric selection visible,,2026-07-07T22:45:59
휴니드테크놀러지스,00111421,005870,KOSPI,연간x연결,재무제표,DS-1,PASS,,,2026-07-07T22:46:13
휴니드테크놀러지스,00111421,005870,KOSPI,연간x연결,상단,DS-8,PASS,,,2026-07-07T22:46:13
휴니드테크놀러지스,00111421,005870,KOSPI,연간x연결,상단,DS-4,PASS,substitution caption present,,2026-07-07T22:46:13
휴니드테크놀러지스,00111421,005870,KOSPI,연간x연결,상단,DS-7,PASS,"badges seen: ['✅', '🔎']",,2026-07-07T22:46:13
휴니드테크놀러지스,00111421,005870,KOSPI,연간x연결,재무제표,CV-3,PASS,rows=29 cols=27 slider_extended=True,,2026-07-07T22:46:13
휴니드테크놀러지스,00111421,005870,KOSPI,연간x연결,재무제표,DS-2/DS-3,DONE,"cross-check completed for ['매출액', '영업이익']",,2026-07-07T22:46:13
휴니드테크놀러지스,00111421,005870,KOSPI,연간x연결,지표,CV-6,PASS,default metric selection visible,,2026-07-07T22:46:13
휴니드테크놀러지스,00111421,005870,KOSPI,연간x별도,재무제표,DS-1,PASS,,,2026-07-07T22:46:18
휴니드테크놀러지스,00111421,005870,KOSPI,연간x별도,상단,DS-8,PASS,,,2026-07-07T22:46:18
휴니드테크놀러지스,00111421,005870,KOSPI,연간x별도,상단,DS-7,PASS,"badges seen: ['✅', '🔎']",,2026-07-07T22:46:18
휴니드테크놀러지스,00111421,005870,KOSPI,연간x별도,재무제표,CV-3,PASS,rows=29 cols=27 slider_extended=True,,2026-07-07T22:46:18
휴니드테크놀러지스,00111421,005870,KOSPI,연간x별도,재무제표,DS-2/DS-3,DONE,"cross-check completed for ['매출액', '영업이익']",,2026-07-07T22:46:18
휴니드테크놀러지스,00111421,005870,KOSPI,연간x별도,지표,CV-6,PASS,default metric selection visible,,2026-07-07T22:46:18
휴니드테크놀러지스,00111421,005870,KOSPI,분기x연결,재무제표,DS-1,PASS,,,2026-07-07T22:46:25
휴니드테크놀러지스,00111421,005870,KOSPI,분기x연결,상단,DS-8,PASS,,,2026-07-07T22:46:25
휴니드테크놀러지스,00111421,005870,KOSPI,분기x연결,상단,DS-4,PASS,substitution caption present,,2026-07-07T22:46:25
휴니드테크놀러지스,00111421,005870,KOSPI,분기x연결,상단,DS-7,PASS,"badges seen: ['✅', '🔎', '⚠']",,2026-07-07T22:46:25
휴니드테크놀러지스,00111421,005870,KOSPI,분기x연결,재무제표,CV-3,PASS,rows=29 cols=91 slider_extended=True,,2026-07-07T22:46:25
휴니드테크놀러지스,00111421,005870,KOSPI,분기x연결,재무제표,DS-2/DS-3,DONE,"cross-check completed for ['매출액', '영업이익']",,2026-07-07T22:46:25
휴니드테크놀러지스,00111421,005870,KOSPI,분기x연결,지표,CV-6,PASS,default metric selection visible,,2026-07-07T22:46:25
휴니드테크놀러지스,00111421,005870,KOSPI,분기x별도,재무제표,DS-1,PASS,,,2026-07-07T22:46:32
휴니드테크놀러지스,00111421,005870,KOSPI,분기x별도,상단,DS-8,PASS,,,2026-07-07T22:46:32
휴니드테크놀러지스,00111421,005870,KOSPI,분기x별도,상단,DS-7,PASS,"badges seen: ['✅', '🔎', '⚠']",,2026-07-07T22:46:32
휴니드테크놀러지스,00111421,005870,KOSPI,분기x별도,재무제표,CV-3,PASS,rows=29 cols=91 slider_extended=True,,2026-07-07T22:46:32
휴니드테크놀러지스,00111421,005870,KOSPI,분기x별도,재무제표,DS-2/DS-3,DONE,"cross-check completed for ['매출액', '영업이익']",,2026-07-07T22:46:32
휴니드테크놀러지스,00111421,005870,KOSPI,분기x별도,지표,CV-6,PASS,default metric selection visible,,2026-07-07T22:46:32
휴비스,00362238,079980,KOSPI,연간x연결,재무제표,DS-1,PASS,,,2026-07-07T22:46:43
휴비스,00362238,079980,KOSPI,연간x연결,상단,DS-8,PASS,,,2026-07-07T22:46:43
휴비스,00362238,079980,KOSPI,연간x연결,상단,DS-7,PASS,"badges seen: ['✅', '🔎', '⚠']",,2026-07-07T22:46:43
휴비스,00362238,079980,KOSPI,연간x연결,재무제표,CV-3,PASS,rows=29 cols=21 slider_extended=True,,2026-07-07T22:46:43
휴비스,00362238,079980,KOSPI,연간x연결,재무제표,DS-2/DS-3,DONE,"cross-check completed for ['매출액', '영업이익']",,2026-07-07T22:46:43
휴비스,00362238,079980,KOSPI,연간x연결,지표,CV-6,PASS,default metric selection visible,,2026-07-07T22:46:43
휴비스,00362238,079980,KOSPI,연간x별도,재무제표,DS-1,PASS,,,2026-07-07T22:46:49
휴비스,00362238,079980,KOSPI,연간x별도,상단,DS-8,PASS,,,2026-07-07T22:46:49
휴비스,00362238,079980,KOSPI,연간x별도,상단,DS-7,PASS,"badges seen: ['✅', '🔎', '⚠']",,2026-07-07T22:46:49
휴비스,00362238,079980,KOSPI,연간x별도,재무제표,CV-3,PASS,rows=29 cols=25 slider_extended=True,,2026-07-07T22:46:49
휴비스,00362238,079980,KOSPI,연간x별도,재무제표,DS-2/DS-3,DONE,"cross-check completed for ['매출액', '영업이익']",,2026-07-07T22:46:49
휴비스,00362238,079980,KOSPI,연간x별도,지표,CV-6,PASS,default metric selection visible,,2026-07-07T22:46:49
휴비스,00362238,079980,KOSPI,분기x연결,재무제표,DS-1,PASS,,,2026-07-07T22:46:55
휴비스,00362238,079980,KOSPI,분기x연결,상단,DS-8,PASS,,,2026-07-07T22:46:55
휴비스,00362238,079980,KOSPI,분기x연결,상단,DS-7,PASS,"badges seen: ['✅', '🔎']",,2026-07-07T22:46:55
휴비스,00362238,079980,KOSPI,분기x연결,재무제표,CV-3,PASS,rows=29 cols=64 slider_extended=True,,2026-07-07T22:46:55
휴비스,00362238,079980,KOSPI,분기x연결,재무제표,DS-2/DS-3,DONE,"cross-check completed for ['매출액', '영업이익']",,2026-07-07T22:46:55
휴비스,00362238,079980,KOSPI,분기x연결,지표,CV-6,PASS,default metric selection visible,,2026-07-07T22:46:55
휴비스,00362238,079980,KOSPI,분기x별도,재무제표,DS-1,PASS,,,2026-07-07T22:47:03
휴비스,00362238,079980,KOSPI,분기x별도,상단,DS-8,PASS,,,2026-07-07T22:47:03
휴비스,00362238,079980,KOSPI,분기x별도,상단,DS-7,PASS,"badges seen: ['✅', '🔎']",,2026-07-07T22:47:03
휴비스,00362238,079980,KOSPI,분기x별도,재무제표,CV-3,PASS,rows=29 cols=79 slider_extended=True,,2026-07-07T22:47:03
휴비스,00362238,079980,KOSPI,분기x별도,재무제표,DS-2/DS-3,DONE,"cross-check completed for ['매출액', '영업이익']",,2026-07-07T22:47:03
휴비스,00362238,079980,KOSPI,분기x별도,지표,CV-6,PASS,default metric selection visible,,2026-07-07T22:47:03
휴스틸,00156488,005010,KOSPI,연간x연결,재무제표,DS-1,PASS,,,2026-07-07T22:47:16
휴스틸,00156488,005010,KOSPI,연간x연결,상단,DS-8,PASS,,,2026-07-07T22:47:16
휴스틸,00156488,005010,KOSPI,연간x연결,상단,DS-7,PASS,"badges seen: ['✅', '🔎', '⚠']",,2026-07-07T22:47:16
휴스틸,00156488,005010,KOSPI,연간x연결,재무제표,CV-3,PASS,rows=29 cols=19 slider_extended=True,,2026-07-07T22:47:16
휴스틸,00156488,005010,KOSPI,연간x연결,재무제표,DS-2/DS-3,DONE,"cross-check completed for ['매출액', '영업이익']",,2026-07-07T22:47:16
휴스틸,00156488,005010,KOSPI,연간x연결,지표,CV-6,PASS,default metric selection visible,,2026-07-07T22:47:16
휴스틸,00156488,005010,KOSPI,연간x별도,재무제표,DS-1,PASS,,,2026-07-07T22:47:22
휴스틸,00156488,005010,KOSPI,연간x별도,상단,DS-8,PASS,,,2026-07-07T22:47:22
휴스틸,00156488,005010,KOSPI,연간x별도,상단,DS-7,PASS,"badges seen: ['✅', '🔎', '⚠']",,2026-07-07T22:47:22
휴스틸,00156488,005010,KOSPI,연간x별도,재무제표,CV-3,PASS,rows=29 cols=30 slider_extended=True,,2026-07-07T22:47:22
휴스틸,00156488,005010,KOSPI,연간x별도,재무제표,DS-2/DS-3,DONE,"cross-check completed for ['매출액', '영업이익']",,2026-07-07T22:47:22
휴스틸,00156488,005010,KOSPI,연간x별도,지표,CV-6,PASS,default metric selection visible,,2026-07-07T22:47:22
휴스틸,00156488,005010,KOSPI,분기x연결,재무제표,DS-1,PASS,,,2026-07-07T22:47:28
휴스틸,00156488,005010,KOSPI,분기x연결,상단,DS-8,PASS,,,2026-07-07T22:47:28
휴스틸,00156488,005010,KOSPI,분기x연결,상단,DS-7,PASS,"badges seen: ['✅', '🔎']",,2026-07-07T22:47:28
휴스틸,00156488,005010,KOSPI,분기x연결,재무제표,CV-3,PASS,rows=29 cols=66 slider_extended=True,,2026-07-07T22:47:28
휴스틸,00156488,005010,KOSPI,분기x연결,재무제표,DS-2/DS-3,DONE,"cross-check completed for ['매출액', '영업이익']",,2026-07-07T22:47:28
휴스틸,00156488,005010,KOSPI,분기x연결,지표,CV-6,PASS,default metric selection visible,,2026-07-07T22:47:28
휴스틸,00156488,005010,KOSPI,분기x별도,재무제표,DS-1,PASS,,,2026-07-07T22:47:35
휴스틸,00156488,005010,KOSPI,분기x별도,상단,DS-8,PASS,,,2026-07-07T22:47:35
휴스틸,00156488,005010,KOSPI,분기x별도,상단,DS-7,PASS,"badges seen: ['✅', '🔎']",,2026-07-07T22:47:35
휴스틸,00156488,005010,KOSPI,분기x별도,재무제표,CV-3,PASS,rows=29 cols=96 slider_extended=True,,2026-07-07T22:47:35
휴스틸,00156488,005010,KOSPI,분기x별도,재무제표,DS-2/DS-3,DONE,"cross-check completed for ['매출액', '영업이익']",,2026-07-07T22:47:35
휴스틸,00156488,005010,KOSPI,분기x별도,지표,CV-6,PASS,default metric selection visible,,2026-07-07T22:47:35
흥국화재,00103176,000540,KOSPI,연간x연결,재무제표,DS-1,PASS,,,2026-07-07T22:47:47
흥국화재,00103176,000540,KOSPI,연간x연결,상단,DS-8,PASS,,,2026-07-07T22:47:47
흥국화재,00103176,000540,KOSPI,연간x연결,상단,DS-7,PASS,"badges seen: ['✅', '🔎', '⚠']",,2026-07-07T22:47:47
흥국화재,00103176,000540,KOSPI,연간x연결,재무제표,CV-3,PASS,rows=29 cols=8 slider_extended=True,,2026-07-07T22:47:47
흥국화재,00103176,000540,KOSPI,연간x연결,재무제표,DS-2/DS-3,DONE,"cross-check completed for ['매출액', '영업이익']",,2026-07-07T22:47:47
흥국화재,00103176,000540,KOSPI,연간x연결,지표,CV-6,PASS,default metric selection visible,,2026-07-07T22:47:47
흥국화재,00103176,000540,KOSPI,연간x별도,재무제표,DS-1,PASS,,,2026-07-07T22:47:52
흥국화재,00103176,000540,KOSPI,연간x별도,상단,DS-8,PASS,,,2026-07-07T22:47:52
흥국화재,00103176,000540,KOSPI,연간x별도,상단,DS-7,PASS,"badges seen: ['✅', '🔎', '⚠']",,2026-07-07T22:47:52
흥국화재,00103176,000540,KOSPI,연간x별도,재무제표,CV-3,PASS,rows=29 cols=25 slider_extended=True,,2026-07-07T22:47:52
흥국화재,00103176,000540,KOSPI,연간x별도,재무제표,DS-2/DS-3,DONE,"cross-check completed for ['매출액', '영업이익']",,2026-07-07T22:47:52
흥국화재,00103176,000540,KOSPI,연간x별도,지표,CV-6,PASS,default metric selection visible,,2026-07-07T22:47:52
흥국화재,00103176,000540,KOSPI,분기x연결,재무제표,DS-1,PASS,,,2026-07-07T22:47:58
흥국화재,00103176,000540,KOSPI,분기x연결,상단,DS-8,PASS,,,2026-07-07T22:47:58
흥국화재,00103176,000540,KOSPI,분기x연결,상단,DS-7,PASS,"badges seen: ['✅', '🔎', '⚠']",,2026-07-07T22:47:58
흥국화재,00103176,000540,KOSPI,분기x연결,재무제표,CV-3,PASS,rows=29 cols=28 slider_extended=True,,2026-07-07T22:47:58
흥국화재,00103176,000540,KOSPI,분기x연결,재무제표,DS-2/DS-3,DONE,"cross-check completed for ['매출액', '영업이익']",,2026-07-07T22:47:58
흥국화재,00103176,000540,KOSPI,분기x연결,지표,CV-6,PASS,default metric selection visible,,2026-07-07T22:47:58
흥국화재,00103176,000540,KOSPI,분기x별도,재무제표,DS-1,PASS,,,2026-07-07T22:48:05
흥국화재,00103176,000540,KOSPI,분기x별도,상단,DS-8,PASS,,,2026-07-07T22:48:05
흥국화재,00103176,000540,KOSPI,분기x별도,상단,DS-7,PASS,"badges seen: ['✅', '🔎']",,2026-07-07T22:48:05
흥국화재,00103176,000540,KOSPI,분기x별도,재무제표,CV-3,PASS,rows=29 cols=76 slider_extended=True,,2026-07-07T22:48:05
흥국화재,00103176,000540,KOSPI,분기x별도,재무제표,DS-2/DS-3,DONE,"cross-check completed for ['매출액', '영업이익']",,2026-07-07T22:48:05
흥국화재,00103176,000540,KOSPI,분기x별도,지표,CV-6,PASS,default metric selection visible,,2026-07-07T22:48:05
흥아해운,00167208,003280,KOSPI,연간x연결,재무제표,DS-1,PASS,,,2026-07-07T22:48:19
흥아해운,00167208,003280,KOSPI,연간x연결,상단,DS-8,PASS,,,2026-07-07T22:48:19
흥아해운,00167208,003280,KOSPI,연간x연결,상단,DS-7,PASS,"badges seen: ['✅', '🔎']",,2026-07-07T22:48:19
흥아해운,00167208,003280,KOSPI,연간x연결,재무제표,CV-3,PASS,rows=29 cols=19 slider_extended=True,,2026-07-07T22:48:19
흥아해운,00167208,003280,KOSPI,연간x연결,재무제표,DS-2/DS-3,DONE,"cross-check completed for ['매출액', '영업이익']",,2026-07-07T22:48:19
흥아해운,00167208,003280,KOSPI,연간x연결,지표,CV-6,PASS,default metric selection visible,,2026-07-07T22:48:19
흥아해운,00167208,003280,KOSPI,연간x별도,재무제표,DS-1,PASS,,,2026-07-07T22:48:24
흥아해운,00167208,003280,KOSPI,연간x별도,상단,DS-8,PASS,,,2026-07-07T22:48:24
흥아해운,00167208,003280,KOSPI,연간x별도,상단,DS-7,PASS,"badges seen: ['✅', '🔎']",,2026-07-07T22:48:24
흥아해운,00167208,003280,KOSPI,연간x별도,재무제표,CV-3,PASS,rows=29 cols=27 slider_extended=True,,2026-07-07T22:48:24
흥아해운,00167208,003280,KOSPI,연간x별도,재무제표,DS-2/DS-3,DONE,"cross-check completed for ['매출액', '영업이익']",,2026-07-07T22:48:24
흥아해운,00167208,003280,KOSPI,연간x별도,지표,CV-6,PASS,default metric selection visible,,2026-07-07T22:48:24
흥아해운,00167208,003280,KOSPI,분기x연결,재무제표,DS-1,PASS,,,2026-07-07T22:48:31
흥아해운,00167208,003280,KOSPI,분기x연결,상단,DS-8,PASS,,,2026-07-07T22:48:31
흥아해운,00167208,003280,KOSPI,분기x연결,상단,DS-7,PASS,"badges seen: ['✅', '🔎']",,2026-07-07T22:48:31
흥아해운,00167208,003280,KOSPI,분기x연결,재무제표,CV-3,PASS,rows=29 cols=61 slider_extended=True,,2026-07-07T22:48:31
흥아해운,00167208,003280,KOSPI,분기x연결,재무제표,DS-2/DS-3,DONE,"cross-check completed for ['매출액', '영업이익']",,2026-07-07T22:48:31
흥아해운,00167208,003280,KOSPI,분기x연결,지표,CV-6,PASS,default metric selection visible,,2026-07-07T22:48:31
흥아해운,00167208,003280,KOSPI,분기x별도,재무제표,DS-1,PASS,,,2026-07-07T22:48:38
흥아해운,00167208,003280,KOSPI,분기x별도,상단,DS-8,PASS,,,2026-07-07T22:48:38
흥아해운,00167208,003280,KOSPI,분기x별도,상단,DS-7,PASS,"badges seen: ['✅', '🔎']",,2026-07-07T22:48:38
흥아해운,00167208,003280,KOSPI,분기x별도,재무제표,CV-3,PASS,rows=29 cols=86 slider_extended=True,,2026-07-07T22:48:38
흥아해운,00167208,003280,KOSPI,분기x별도,재무제표,DS-2/DS-3,DONE,"cross-check completed for ['매출액', '영업이익']",,2026-07-07T22:48:38
흥아해운,00167208,003280,KOSPI,분기x별도,지표,CV-6,PASS,default metric selection visible,,2026-07-07T22:48:38
효성 ITX,00414850,094280,KOSPI,연간x연결,재무제표,DS-1,PASS,,,2026-07-07T22:48:49
효성 ITX,00414850,094280,KOSPI,연간x연결,상단,DS-8,PASS,,,2026-07-07T22:48:49
효성 ITX,00414850,094280,KOSPI,연간x연결,상단,DS-7,PASS,"badges seen: ['✅', '🔎']",,2026-07-07T22:48:49
효성 ITX,00414850,094280,KOSPI,연간x연결,재무제표,CV-3,PASS,rows=29 cols=19 slider_extended=True,,2026-07-07T22:48:49
효성 ITX,00414850,094280,KOSPI,연간x연결,재무제표,DS-2/DS-3,DONE,"cross-check completed for ['매출액', '영업이익']",,2026-07-07T22:48:49
효성 ITX,00414850,094280,KOSPI,연간x연결,지표,CV-6,PASS,default metric selection visible,,2026-07-07T22:48:49
효성 ITX,00414850,094280,KOSPI,연간x별도,재무제표,DS-1,PASS,,,2026-07-07T22:48:54
효성 ITX,00414850,094280,KOSPI,연간x별도,상단,DS-8,PASS,,,2026-07-07T22:48:54
효성 ITX,00414850,094280,KOSPI,연간x별도,상단,DS-7,PASS,"badges seen: ['✅', '🔎']",,2026-07-07T22:48:54
효성 ITX,00414850,094280,KOSPI,연간x별도,재무제표,CV-3,PASS,rows=29 cols=23 slider_extended=True,,2026-07-07T22:48:54
효성 ITX,00414850,094280,KOSPI,연간x별도,재무제표,DS-2/DS-3,DONE,"cross-check completed for ['매출액', '영업이익']",,2026-07-07T22:48:54
효성 ITX,00414850,094280,KOSPI,연간x별도,지표,CV-6,PASS,default metric selection visible,,2026-07-07T22:48:54
효성 ITX,00414850,094280,KOSPI,분기x연결,재무제표,DS-1,PASS,,,2026-07-07T22:49:01
효성 ITX,00414850,094280,KOSPI,분기x연결,상단,DS-8,PASS,,,2026-07-07T22:49:01
효성 ITX,00414850,094280,KOSPI,분기x연결,상단,DS-7,PASS,"badges seen: ['✅', '🔎']",,2026-07-07T22:49:01
효성 ITX,00414850,094280,KOSPI,분기x연결,재무제표,CV-3,PASS,rows=29 cols=60 slider_extended=True,,2026-07-07T22:49:01
효성 ITX,00414850,094280,KOSPI,분기x연결,재무제표,DS-2/DS-3,DONE,"cross-check completed for ['매출액', '영업이익']",,2026-07-07T22:49:01
효성 ITX,00414850,094280,KOSPI,분기x연결,지표,CV-6,PASS,default metric selection visible,,2026-07-07T22:49:01
효성 ITX,00414850,094280,KOSPI,분기x별도,재무제표,DS-1,PASS,,,2026-07-07T22:49:08
효성 ITX,00414850,094280,KOSPI,분기x별도,상단,DS-8,PASS,,,2026-07-07T22:49:08
효성 ITX,00414850,094280,KOSPI,분기x별도,상단,DS-7,PASS,"badges seen: ['✅', '🔎']",,2026-07-07T22:49:08
효성 ITX,00414850,094280,KOSPI,분기x별도,재무제표,CV-3,PASS,rows=29 cols=76 slider_extended=True,,2026-07-07T22:49:08
효성 ITX,00414850,094280,KOSPI,분기x별도,재무제표,DS-2/DS-3,DONE,"cross-check completed for ['매출액', '영업이익']",,2026-07-07T22:49:08
효성 ITX,00414850,094280,KOSPI,분기x별도,지표,CV-6,PASS,default metric selection visible,,2026-07-07T22:49:08
한세예스24홀딩스,00161976,016450,KOSPI,연간x연결,재무제표,DS-1,PASS,,,2026-07-07T22:49:22
한세예스24홀딩스,00161976,016450,KOSPI,연간x연결,상단,DS-8,PASS,,,2026-07-07T22:49:22
한세예스24홀딩스,00161976,016450,KOSPI,연간x연결,상단,DS-7,PASS,"badges seen: ['✅', '🔎', '⚠']",,2026-07-07T22:49:22
한세예스24홀딩스,00161976,016450,KOSPI,연간x연결,재무제표,CV-3,PASS,rows=29 cols=19 slider_extended=True,,2026-07-07T22:49:22
한세예스24홀딩스,00161976,016450,KOSPI,연간x연결,재무제표,DS-2/DS-3,DONE,"cross-check completed for ['매출액', '영업이익']",,2026-07-07T22:49:22
한세예스24홀딩스,00161976,016450,KOSPI,연간x연결,지표,CV-6,PASS,default metric selection visible,,2026-07-07T22:49:22
한세예스24홀딩스,00161976,016450,KOSPI,연간x별도,재무제표,DS-1,PASS,,,2026-07-07T22:49:27
한세예스24홀딩스,00161976,016450,KOSPI,연간x별도,상단,DS-8,PASS,,,2026-07-07T22:49:27
한세예스24홀딩스,00161976,016450,KOSPI,연간x별도,상단,DS-7,PASS,"badges seen: ['✅', '🔎', '⚠']",,2026-07-07T22:49:27
한세예스24홀딩스,00161976,016450,KOSPI,연간x별도,재무제표,CV-3,PASS,rows=29 cols=24 slider_extended=True,,2026-07-07T22:49:27
한세예스24홀딩스,00161976,016450,KOSPI,연간x별도,재무제표,DS-2/DS-3,DONE,"cross-check completed for ['매출액', '영업이익']",,2026-07-07T22:49:27
한세예스24홀딩스,00161976,016450,KOSPI,연간x별도,지표,CV-6,PASS,default metric selection visible,,2026-07-07T22:49:27
한세예스24홀딩스,00161976,016450,KOSPI,분기x연결,재무제표,DS-1,PASS,,,2026-07-07T22:49:33
한세예스24홀딩스,00161976,016450,KOSPI,분기x연결,상단,DS-8,PASS,,,2026-07-07T22:49:33
한세예스24홀딩스,00161976,016450,KOSPI,분기x연결,상단,DS-7,PASS,"badges seen: ['✅', '🔎', '⚠']",,2026-07-07T22:49:33
한세예스24홀딩스,00161976,016450,KOSPI,분기x연결,재무제표,CV-3,PASS,rows=29 cols=63 slider_extended=True,,2026-07-07T22:49:33
한세예스24홀딩스,00161976,016450,KOSPI,분기x연결,재무제표,DS-2/DS-3,DONE,"cross-check completed for ['매출액', '영업이익']",,2026-07-07T22:49:33
한세예스24홀딩스,00161976,016450,KOSPI,분기x연결,지표,CV-6,PASS,default metric selection visible,,2026-07-07T22:49:33
한세예스24홀딩스,00161976,016450,KOSPI,분기x별도,재무제표,DS-1,PASS,,,2026-07-07T22:49:41
한세예스24홀딩스,00161976,016450,KOSPI,분기x별도,상단,DS-8,PASS,,,2026-07-07T22:49:41
한세예스24홀딩스,00161976,016450,KOSPI,분기x별도,상단,DS-7,PASS,"badges seen: ['✅', '🔎', '⚠']",,2026-07-07T22:49:41
한세예스24홀딩스,00161976,016450,KOSPI,분기x별도,재무제표,CV-3,PASS,rows=29 cols=85 slider_extended=True,,2026-07-07T22:49:41
한세예스24홀딩스,00161976,016450,KOSPI,분기x별도,재무제표,DS-2/DS-3,DONE,"cross-check completed for ['매출액', '영업이익']",,2026-07-07T22:49:41
한세예스24홀딩스,00161976,016450,KOSPI,분기x별도,지표,CV-6,PASS,default metric selection visible,,2026-07-07T22:49:41
차AI헬스케어,00136776,025620,KOSPI,연간x연결,재무제표,DS-1,PASS,,,2026-07-07T22:49:52
차AI헬스케어,00136776,025620,KOSPI,연간x연결,상단,DS-8,PASS,,,2026-07-07T22:49:52
차AI헬스케어,00136776,025620,KOSPI,연간x연결,상단,DS-7,PASS,"badges seen: ['✅', '🔎']",,2026-07-07T22:49:52
차AI헬스케어,00136776,025620,KOSPI,연간x연결,재무제표,CV-3,PASS,rows=29 cols=24 slider_extended=True,,2026-07-07T22:49:52
차AI헬스케어,00136776,025620,KOSPI,연간x연결,재무제표,DS-2/DS-3,DONE,"cross-check completed for ['매출액', '영업이익']",,2026-07-07T22:49:52
차AI헬스케어,00136776,025620,KOSPI,연간x연결,지표,CV-6,PASS,default metric selection visible,,2026-07-07T22:49:52
차AI헬스케어,00136776,025620,KOSPI,연간x별도,재무제표,DS-1,PASS,,,2026-07-07T22:49:57
차AI헬스케어,00136776,025620,KOSPI,연간x별도,상단,DS-8,PASS,,,2026-07-07T22:49:57
차AI헬스케어,00136776,025620,KOSPI,연간x별도,상단,DS-7,PASS,"badges seen: ['✅', '🔎']",,2026-07-07T22:49:57
차AI헬스케어,00136776,025620,KOSPI,연간x별도,재무제표,CV-3,PASS,rows=29 cols=31 slider_extended=True,,2026-07-07T22:49:57
차AI헬스케어,00136776,025620,KOSPI,연간x별도,재무제표,DS-2/DS-3,DONE,"cross-check completed for ['매출액', '영업이익']",,2026-07-07T22:49:57
차AI헬스케어,00136776,025620,KOSPI,연간x별도,지표,CV-6,PASS,default metric selection visible,,2026-07-07T22:49:57
차AI헬스케어,00136776,025620,KOSPI,분기x연결,재무제표,DS-1,PASS,,,2026-07-07T22:50:04
차AI헬스케어,00136776,025620,KOSPI,분기x연결,상단,DS-8,PASS,,,2026-07-07T22:50:04
차AI헬스케어,00136776,025620,KOSPI,분기x연결,상단,DS-7,PASS,"badges seen: ['✅', '🔎']",,2026-07-07T22:50:04
차AI헬스케어,00136776,025620,KOSPI,분기x연결,재무제표,CV-3,PASS,rows=29 cols=69 slider_extended=True,,2026-07-07T22:50:04
차AI헬스케어,00136776,025620,KOSPI,분기x연결,재무제표,DS-2/DS-3,DONE,"cross-check completed for ['매출액', '영업이익']",,2026-07-07T22:50:04
차AI헬스케어,00136776,025620,KOSPI,분기x연결,지표,CV-6,PASS,default metric selection visible,,2026-07-07T22:50:04
차AI헬스케어,00136776,025620,KOSPI,분기x별도,재무제표,DS-1,PASS,,,2026-07-07T22:50:11
차AI헬스케어,00136776,025620,KOSPI,분기x별도,상단,DS-8,PASS,,,2026-07-07T22:50:11
차AI헬스케어,00136776,025620,KOSPI,분기x별도,상단,DS-7,PASS,"badges seen: ['✅', '🔎']",,2026-07-07T22:50:11
차AI헬스케어,00136776,025620,KOSPI,분기x별도,재무제표,CV-3,PASS,rows=29 cols=88 slider_extended=True,,2026-07-07T22:50:11
차AI헬스케어,00136776,025620,KOSPI,분기x별도,재무제표,DS-2/DS-3,DONE,"cross-check completed for ['매출액', '영업이익']",,2026-07-07T22:50:11
차AI헬스케어,00136776,025620,KOSPI,분기x별도,지표,CV-6,PASS,default metric selection visible,,2026-07-07T22:50:11
AJ네트웍스,00365387,095570,KOSPI,연간x연결,재무제표,DS-1,PASS,,,2026-07-07T22:50:25
AJ네트웍스,00365387,095570,KOSPI,연간x연결,상단,DS-8,PASS,,,2026-07-07T22:50:25
AJ네트웍스,00365387,095570,KOSPI,연간x연결,상단,DS-7,PASS,"badges seen: ['✅', '🔎', '⚠']",,2026-07-07T22:50:25
AJ네트웍스,00365387,095570,KOSPI,연간x연결,재무제표,CV-3,PASS,rows=29 cols=16 slider_extended=True,,2026-07-07T22:50:25
AJ네트웍스,00365387,095570,KOSPI,연간x연결,재무제표,DS-2/DS-3,DONE,"cross-check completed for ['매출액', '영업이익']",,2026-07-07T22:50:25
AJ네트웍스,00365387,095570,KOSPI,연간x연결,지표,CV-6,PASS,default metric selection visible,,2026-07-07T22:50:25
AJ네트웍스,00365387,095570,KOSPI,연간x별도,재무제표,DS-1,PASS,,,2026-07-07T22:50:30
AJ네트웍스,00365387,095570,KOSPI,연간x별도,상단,DS-8,PASS,,,2026-07-07T22:50:30
AJ네트웍스,00365387,095570,KOSPI,연간x별도,상단,DS-7,PASS,"badges seen: ['✅', '🔎', '⚠']",,2026-07-07T22:50:30
AJ네트웍스,00365387,095570,KOSPI,연간x별도,재무제표,CV-3,PASS,rows=29 cols=22 slider_extended=True,,2026-07-07T22:50:30
AJ네트웍스,00365387,095570,KOSPI,연간x별도,재무제표,DS-2/DS-3,DONE,"cross-check completed for ['매출액', '영업이익']",,2026-07-07T22:50:30
AJ네트웍스,00365387,095570,KOSPI,연간x별도,지표,CV-6,PASS,default metric selection visible,,2026-07-07T22:50:30
AJ네트웍스,00365387,095570,KOSPI,분기x연결,재무제표,DS-1,PASS,,,2026-07-07T22:50:36
AJ네트웍스,00365387,095570,KOSPI,분기x연결,상단,DS-8,PASS,,,2026-07-07T22:50:36
AJ네트웍스,00365387,095570,KOSPI,분기x연결,상단,DS-7,PASS,"badges seen: ['✅', '🔎', '⚠']",,2026-07-07T22:50:36
AJ네트웍스,00365387,095570,KOSPI,분기x연결,재무제표,CV-3,PASS,rows=29 cols=54 slider_extended=True,,2026-07-07T22:50:36
AJ네트웍스,00365387,095570,KOSPI,분기x연결,재무제표,DS-2/DS-3,DONE,"cross-check completed for ['매출액', '영업이익']",,2026-07-07T22:50:36
AJ네트웍스,00365387,095570,KOSPI,분기x연결,지표,CV-6,PASS,default metric selection visible,,2026-07-07T22:50:36
AJ네트웍스,00365387,095570,KOSPI,분기x별도,재무제표,DS-1,PASS,,,2026-07-07T22:50:44
AJ네트웍스,00365387,095570,KOSPI,분기x별도,상단,DS-8,PASS,,,2026-07-07T22:50:44
AJ네트웍스,00365387,095570,KOSPI,분기x별도,상단,DS-7,PASS,"badges seen: ['✅', '🔎', '⚠']",,2026-07-07T22:50:44
AJ네트웍스,00365387,095570,KOSPI,분기x별도,재무제표,CV-3,PASS,rows=29 cols=75 slider_extended=True,,2026-07-07T22:50:44
AJ네트웍스,00365387,095570,KOSPI,분기x별도,재무제표,DS-2/DS-3,DONE,"cross-check completed for ['매출액', '영업이익']",,2026-07-07T22:50:44
AJ네트웍스,00365387,095570,KOSPI,분기x별도,지표,CV-6,PASS,default metric selection visible,,2026-07-07T22:50:44
AK홀딩스,00125080,006840,KOSPI,연간x연결,재무제표,DS-1,PASS,,,2026-07-07T22:50:55
AK홀딩스,00125080,006840,KOSPI,연간x연결,상단,DS-8,PASS,,,2026-07-07T22:50:55
AK홀딩스,00125080,006840,KOSPI,연간x연결,상단,DS-7,PASS,"badges seen: ['✅', '🔎']",,2026-07-07T22:50:55
AK홀딩스,00125080,006840,KOSPI,연간x연결,재무제표,CV-3,PASS,rows=29 cols=21 slider_extended=True,,2026-07-07T22:50:55
AK홀딩스,00125080,006840,KOSPI,연간x연결,재무제표,DS-2/DS-3,DONE,"cross-check completed for ['매출액', '영업이익']",,2026-07-07T22:50:55
AK홀딩스,00125080,006840,KOSPI,연간x연결,지표,CV-6,PASS,default metric selection visible,,2026-07-07T22:50:55
AK홀딩스,00125080,006840,KOSPI,연간x별도,재무제표,DS-1,PASS,,,2026-07-07T22:51:00
AK홀딩스,00125080,006840,KOSPI,연간x별도,상단,DS-8,PASS,,,2026-07-07T22:51:00
AK홀딩스,00125080,006840,KOSPI,연간x별도,상단,DS-7,PASS,"badges seen: ['✅', '🔎', '⚠']",,2026-07-07T22:51:00
AK홀딩스,00125080,006840,KOSPI,연간x별도,재무제표,CV-3,PASS,rows=29 cols=25 slider_extended=True,,2026-07-07T22:51:00
AK홀딩스,00125080,006840,KOSPI,연간x별도,재무제표,DS-2/DS-3,DONE,"cross-check completed for ['매출액', '영업이익']",,2026-07-07T22:51:00
AK홀딩스,00125080,006840,KOSPI,연간x별도,지표,CV-6,PASS,default metric selection visible,,2026-07-07T22:51:00
AK홀딩스,00125080,006840,KOSPI,분기x연결,재무제표,DS-1,PASS,,,2026-07-07T22:51:06
AK홀딩스,00125080,006840,KOSPI,분기x연결,상단,DS-8,PASS,,,2026-07-07T22:51:06
AK홀딩스,00125080,006840,KOSPI,분기x연결,상단,DS-7,PASS,"badges seen: ['✅', '🔎']",,2026-07-07T22:51:06
AK홀딩스,00125080,006840,KOSPI,분기x연결,재무제표,CV-3,PASS,rows=29 cols=70 slider_extended=True,,2026-07-07T22:51:06
AK홀딩스,00125080,006840,KOSPI,분기x연결,재무제표,DS-2/DS-3,DONE,"cross-check completed for ['매출액', '영업이익']",,2026-07-07T22:51:06
AK홀딩스,00125080,006840,KOSPI,분기x연결,지표,CV-6,PASS,default metric selection visible,,2026-07-07T22:51:06
AK홀딩스,00125080,006840,KOSPI,분기x별도,재무제표,DS-1,PASS,,,2026-07-07T22:51:14
AK홀딩스,00125080,006840,KOSPI,분기x별도,상단,DS-8,PASS,,,2026-07-07T22:51:14
AK홀딩스,00125080,006840,KOSPI,분기x별도,상단,DS-7,PASS,"badges seen: ['✅', '🔎', '⚠']",,2026-07-07T22:51:14
AK홀딩스,00125080,006840,KOSPI,분기x별도,재무제표,CV-3,PASS,rows=29 cols=88 slider_extended=True,,2026-07-07T22:51:14
AK홀딩스,00125080,006840,KOSPI,분기x별도,재무제표,DS-2/DS-3,DONE,"cross-check completed for ['매출액', '영업이익']",,2026-07-07T22:51:14
AK홀딩스,00125080,006840,KOSPI,분기x별도,지표,CV-6,PASS,default metric selection visible,,2026-07-07T22:51:14
BGF,00219097,027410,KOSPI,연간x연결,재무제표,DS-1,PASS,,,2026-07-07T22:51:28
BGF,00219097,027410,KOSPI,연간x연결,상단,DS-8,PASS,,,2026-07-07T22:51:28
BGF,00219097,027410,KOSPI,연간x연결,상단,DS-7,PASS,"badges seen: ['✅', '🔎', '⚠']",,2026-07-07T22:51:28
BGF,00219097,027410,KOSPI,연간x연결,재무제표,CV-3,PASS,rows=29 cols=16 slider_extended=True,,2026-07-07T22:51:28
BGF,00219097,027410,KOSPI,연간x연결,재무제표,DS-2/DS-3,DONE,"cross-check completed for ['매출액', '영업이익']",,2026-07-07T22:51:28
BGF,00219097,027410,KOSPI,연간x연결,지표,CV-6,PASS,default metric selection visible,,2026-07-07T22:51:28
BGF,00219097,027410,KOSPI,연간x별도,재무제표,DS-1,PASS,,,2026-07-07T22:51:33
BGF,00219097,027410,KOSPI,연간x별도,상단,DS-8,PASS,,,2026-07-07T22:51:33
BGF,00219097,027410,KOSPI,연간x별도,상단,DS-7,PASS,"badges seen: ['✅', '🔎', '⚠']",,2026-07-07T22:51:33
BGF,00219097,027410,KOSPI,연간x별도,재무제표,CV-3,PASS,rows=29 cols=16 slider_extended=True,,2026-07-07T22:51:33
BGF,00219097,027410,KOSPI,연간x별도,재무제표,DS-2/DS-3,DONE,"cross-check completed for ['매출액', '영업이익']",,2026-07-07T22:51:33
BGF,00219097,027410,KOSPI,연간x별도,지표,CV-6,PASS,default metric selection visible,,2026-07-07T22:51:33
BGF,00219097,027410,KOSPI,분기x연결,재무제표,DS-1,PASS,,,2026-07-07T22:51:39
BGF,00219097,027410,KOSPI,분기x연결,상단,DS-8,PASS,,,2026-07-07T22:51:39
BGF,00219097,027410,KOSPI,분기x연결,상단,DS-7,PASS,"badges seen: ['✅', '🔎']",,2026-07-07T22:51:39
BGF,00219097,027410,KOSPI,분기x연결,재무제표,CV-3,PASS,rows=29 cols=55 slider_extended=True,,2026-07-07T22:51:39
BGF,00219097,027410,KOSPI,분기x연결,재무제표,DS-2/DS-3,DONE,"cross-check completed for ['매출액', '영업이익']",,2026-07-07T22:51:39
BGF,00219097,027410,KOSPI,분기x연결,지표,CV-6,PASS,default metric selection visible,,2026-07-07T22:51:39
BGF,00219097,027410,KOSPI,분기x별도,재무제표,DS-1,PASS,,,2026-07-07T22:51:46
BGF,00219097,027410,KOSPI,분기x별도,상단,DS-8,PASS,,,2026-07-07T22:51:46
BGF,00219097,027410,KOSPI,분기x별도,상단,DS-7,PASS,"badges seen: ['✅', '🔎', '⚠']",,2026-07-07T22:51:46
BGF,00219097,027410,KOSPI,분기x별도,재무제표,CV-3,PASS,rows=29 cols=55 slider_extended=True,,2026-07-07T22:51:46
BGF,00219097,027410,KOSPI,분기x별도,재무제표,DS-2/DS-3,DONE,"cross-check completed for ['매출액', '영업이익']",,2026-07-07T22:51:46
BGF,00219097,027410,KOSPI,분기x별도,지표,CV-6,PASS,default metric selection visible,,2026-07-07T22:51:46
BGF리테일,01263022,282330,KOSPI,연간x연결,재무제표,DS-1,PASS,,,2026-07-07T22:51:57
BGF리테일,01263022,282330,KOSPI,연간x연결,상단,DS-8,PASS,,,2026-07-07T22:51:57
BGF리테일,01263022,282330,KOSPI,연간x연결,상단,DS-7,PASS,"badges seen: ['✅', '🔎', '⚠']",,2026-07-07T22:51:57
BGF리테일,01263022,282330,KOSPI,연간x연결,재무제표,CV-3,PASS,rows=29 cols=11 slider_extended=True,,2026-07-07T22:51:57
BGF리테일,01263022,282330,KOSPI,연간x연결,재무제표,DS-2/DS-3,DONE,"cross-check completed for ['매출액', '영업이익']",,2026-07-07T22:51:57
BGF리테일,01263022,282330,KOSPI,연간x연결,지표,CV-6,PASS,default metric selection visible,,2026-07-07T22:51:57
BGF리테일,01263022,282330,KOSPI,연간x별도,재무제표,DS-1,PASS,,,2026-07-07T22:52:02
BGF리테일,01263022,282330,KOSPI,연간x별도,상단,DS-8,PASS,,,2026-07-07T22:52:02
BGF리테일,01263022,282330,KOSPI,연간x별도,상단,DS-7,PASS,"badges seen: ['✅', '🔎', '⚠']",,2026-07-07T22:52:02
BGF리테일,01263022,282330,KOSPI,연간x별도,재무제표,CV-3,PASS,rows=29 cols=11 slider_extended=True,,2026-07-07T22:52:02
BGF리테일,01263022,282330,KOSPI,연간x별도,재무제표,DS-2/DS-3,DONE,"cross-check completed for ['매출액', '영업이익']",,2026-07-07T22:52:02
BGF리테일,01263022,282330,KOSPI,연간x별도,지표,CV-6,PASS,default metric selection visible,,2026-07-07T22:52:02
BGF리테일,01263022,282330,KOSPI,분기x연결,재무제표,DS-1,PASS,,,2026-07-07T22:52:09
BGF리테일,01263022,282330,KOSPI,분기x연결,상단,DS-8,PASS,,,2026-07-07T22:52:09
BGF리테일,01263022,282330,KOSPI,분기x연결,상단,DS-7,PASS,"badges seen: ['✅', '🔎']",,2026-07-07T22:52:09
BGF리테일,01263022,282330,KOSPI,분기x연결,재무제표,CV-3,PASS,rows=29 cols=36 slider_extended=True,,2026-07-07T22:52:09
BGF리테일,01263022,282330,KOSPI,분기x연결,재무제표,DS-2/DS-3,DONE,"cross-check completed for ['매출액', '영업이익']",,2026-07-07T22:52:09
BGF리테일,01263022,282330,KOSPI,분기x연결,지표,CV-6,PASS,default metric selection visible,,2026-07-07T22:52:09
BGF리테일,01263022,282330,KOSPI,분기x별도,재무제표,DS-1,PASS,,,2026-07-07T22:52:16
BGF리테일,01263022,282330,KOSPI,분기x별도,상단,DS-8,PASS,,,2026-07-07T22:52:16
BGF리테일,01263022,282330,KOSPI,분기x별도,상단,DS-7,PASS,"badges seen: ['✅', '🔎']",,2026-07-07T22:52:16
BGF리테일,01263022,282330,KOSPI,분기x별도,재무제표,CV-3,PASS,rows=29 cols=36 slider_extended=True,,2026-07-07T22:52:16
BGF리테일,01263022,282330,KOSPI,분기x별도,재무제표,DS-2/DS-3,DONE,"cross-check completed for ['매출액', '영업이익']",,2026-07-07T22:52:16
BGF리테일,01263022,282330,KOSPI,분기x별도,지표,CV-6,PASS,default metric selection visible,,2026-07-07T22:52:16
BNK금융지주,00858364,138930,KOSPI,연간x연결,재무제표,DS-1,PASS,,,2026-07-07T22:52:30
BNK금융지주,00858364,138930,KOSPI,연간x연결,상단,DS-8,PASS,,,2026-07-07T22:52:30
BNK금융지주,00858364,138930,KOSPI,연간x연결,상단,DS-7,PASS,"badges seen: ['✅', '🔎', '⚠']",,2026-07-07T22:52:30
BNK금융지주,00858364,138930,KOSPI,연간x연결,재무제표,CV-3,PASS,rows=29 cols=17 slider_extended=True,,2026-07-07T22:52:30
BNK금융지주,00858364,138930,KOSPI,연간x연결,재무제표,DS-2/DS-3,DONE,"cross-check completed for ['매출액', '영업이익']",,2026-07-07T22:52:30
BNK금융지주,00858364,138930,KOSPI,연간x연결,지표,CV-6,PASS,default metric selection visible,,2026-07-07T22:52:30
BNK금융지주,00858364,138930,KOSPI,연간x별도,재무제표,DS-1,PASS,,,2026-07-07T22:52:35
BNK금융지주,00858364,138930,KOSPI,연간x별도,상단,DS-8,PASS,,,2026-07-07T22:52:35
BNK금융지주,00858364,138930,KOSPI,연간x별도,상단,DS-7,PASS,"badges seen: ['✅', '🔎', '⚠']",,2026-07-07T22:52:35
BNK금융지주,00858364,138930,KOSPI,연간x별도,재무제표,CV-3,PASS,rows=29 cols=15 slider_extended=True,,2026-07-07T22:52:35
BNK금융지주,00858364,138930,KOSPI,연간x별도,재무제표,DS-2/DS-3,DONE,"cross-check completed for ['매출액', '영업이익']",,2026-07-07T22:52:35
BNK금융지주,00858364,138930,KOSPI,연간x별도,지표,CV-6,PASS,default metric selection visible,,2026-07-07T22:52:35
BNK금융지주,00858364,138930,KOSPI,분기x연결,재무제표,DS-1,PASS,,,2026-07-07T22:52:41
BNK금융지주,00858364,138930,KOSPI,분기x연결,상단,DS-8,PASS,,,2026-07-07T22:52:41
BNK금융지주,00858364,138930,KOSPI,분기x연결,상단,DS-7,PASS,"badges seen: ['✅', '🔎', '⚠']",,2026-07-07T22:52:41
BNK금융지주,00858364,138930,KOSPI,분기x연결,재무제표,CV-3,PASS,rows=29 cols=62 slider_extended=True,,2026-07-07T22:52:41
BNK금융지주,00858364,138930,KOSPI,분기x연결,재무제표,DS-2/DS-3,DONE,"cross-check completed for ['매출액', '영업이익']",,2026-07-07T22:52:41
BNK금융지주,00858364,138930,KOSPI,분기x연결,지표,CV-6,PASS,default metric selection visible,,2026-07-07T22:52:41
BNK금융지주,00858364,138930,KOSPI,분기x별도,재무제표,DS-1,PASS,,,2026-07-07T22:52:49
BNK금융지주,00858364,138930,KOSPI,분기x별도,상단,DS-8,PASS,,,2026-07-07T22:52:49
BNK금융지주,00858364,138930,KOSPI,분기x별도,상단,DS-7,PASS,"badges seen: ['✅', '🔎', '⚠']",,2026-07-07T22:52:49
BNK금융지주,00858364,138930,KOSPI,분기x별도,재무제표,CV-3,PASS,rows=29 cols=57 slider_extended=True,,2026-07-07T22:52:49
BNK금융지주,00858364,138930,KOSPI,분기x별도,재무제표,DS-2/DS-3,DONE,"cross-check completed for ['매출액', '영업이익']",,2026-07-07T22:52:49
BNK금융지주,00858364,138930,KOSPI,분기x별도,지표,CV-6,PASS,default metric selection visible,,2026-07-07T22:52:49
BYC,00122579,001460,KOSPI,연간x연결,재무제표,DS-1,PASS,,,2026-07-07T22:53:02
BYC,00122579,001460,KOSPI,연간x연결,상단,DS-8,PASS,,,2026-07-07T22:53:02
BYC,00122579,001460,KOSPI,연간x연결,상단,DS-7,PASS,"badges seen: ['✅', '🔎']",,2026-07-07T22:53:02
BYC,00122579,001460,KOSPI,연간x연결,재무제표,CV-3,PASS,rows=29 cols=18 slider_extended=True,,2026-07-07T22:53:02
BYC,00122579,001460,KOSPI,연간x연결,재무제표,DS-2/DS-3,DONE,"cross-check completed for ['매출액', '영업이익']",,2026-07-07T22:53:02
BYC,00122579,001460,KOSPI,연간x연결,지표,CV-6,PASS,default metric selection visible,,2026-07-07T22:53:02
BYC,00122579,001460,KOSPI,연간x별도,재무제표,DS-1,PASS,,,2026-07-07T22:53:08
BYC,00122579,001460,KOSPI,연간x별도,상단,DS-8,PASS,,,2026-07-07T22:53:08
BYC,00122579,001460,KOSPI,연간x별도,상단,DS-7,PASS,"badges seen: ['✅', '🔎']",,2026-07-07T22:53:08
BYC,00122579,001460,KOSPI,연간x별도,재무제표,CV-3,PASS,rows=29 cols=26 slider_extended=True,,2026-07-07T22:53:08
BYC,00122579,001460,KOSPI,연간x별도,재무제표,DS-2/DS-3,DONE,"cross-check completed for ['매출액', '영업이익']",,2026-07-07T22:53:08
BYC,00122579,001460,KOSPI,연간x별도,지표,CV-6,PASS,default metric selection visible,,2026-07-07T22:53:08
BYC,00122579,001460,KOSPI,분기x연결,재무제표,DS-1,PASS,,,2026-07-07T22:53:14
BYC,00122579,001460,KOSPI,분기x연결,상단,DS-8,PASS,,,2026-07-07T22:53:14
BYC,00122579,001460,KOSPI,분기x연결,상단,DS-7,PASS,"badges seen: ['✅', '🔎']",,2026-07-07T22:53:14
BYC,00122579,001460,KOSPI,분기x연결,재무제표,CV-3,PASS,rows=29 cols=73 slider_extended=True,,2026-07-07T22:53:14
BYC,00122579,001460,KOSPI,분기x연결,재무제표,DS-2/DS-3,DONE,"cross-check completed for ['매출액', '영업이익']",,2026-07-07T22:53:14
BYC,00122579,001460,KOSPI,분기x연결,지표,CV-6,PASS,default metric selection visible,,2026-07-07T22:53:14
BYC,00122579,001460,KOSPI,분기x별도,재무제표,DS-1,PASS,,,2026-07-07T22:53:21
BYC,00122579,001460,KOSPI,분기x별도,상단,DS-8,PASS,,,2026-07-07T22:53:21
BYC,00122579,001460,KOSPI,분기x별도,상단,DS-7,PASS,"badges seen: ['✅', '🔎']",,2026-07-07T22:53:21
BYC,00122579,001460,KOSPI,분기x별도,재무제표,CV-3,PASS,rows=29 cols=87 slider_extended=True,,2026-07-07T22:53:21
BYC,00122579,001460,KOSPI,분기x별도,재무제표,DS-2/DS-3,DONE,"cross-check completed for ['매출액', '영업이익']",,2026-07-07T22:53:21
BYC,00122579,001460,KOSPI,분기x별도,지표,CV-6,PASS,default metric selection visible,,2026-07-07T22:53:21
CJ,00148540,001040,KOSPI,연간x연결,재무제표,DS-1,PASS,,,2026-07-07T22:53:35
CJ,00148540,001040,KOSPI,연간x연결,상단,DS-8,PASS,,,2026-07-07T22:53:35
CJ,00148540,001040,KOSPI,연간x연결,상단,DS-7,PASS,"badges seen: ['✅', '🔎']",,2026-07-07T22:53:35
CJ,00148540,001040,KOSPI,연간x연결,재무제표,CV-3,PASS,rows=29 cols=22 slider_extended=True,,2026-07-07T22:53:35
CJ,00148540,001040,KOSPI,연간x연결,재무제표,DS-2/DS-3,DONE,"cross-check completed for ['매출액', '영업이익']",,2026-07-07T22:53:35
CJ,00148540,001040,KOSPI,연간x연결,지표,CV-6,PASS,default metric selection visible,,2026-07-07T22:53:35
CJ,00148540,001040,KOSPI,연간x별도,재무제표,DS-1,PASS,,,2026-07-07T22:53:40
CJ,00148540,001040,KOSPI,연간x별도,상단,DS-8,PASS,,,2026-07-07T22:53:40
CJ,00148540,001040,KOSPI,연간x별도,상단,DS-7,PASS,"badges seen: ['✅', '🔎']",,2026-07-07T22:53:40
CJ,00148540,001040,KOSPI,연간x별도,재무제표,CV-3,PASS,rows=29 cols=26 slider_extended=True,,2026-07-07T22:53:40
CJ,00148540,001040,KOSPI,연간x별도,재무제표,DS-2/DS-3,DONE,"cross-check completed for ['매출액', '영업이익']",,2026-07-07T22:53:40
CJ,00148540,001040,KOSPI,연간x별도,지표,CV-6,PASS,default metric selection visible,,2026-07-07T22:53:40
CJ,00148540,001040,KOSPI,분기x연결,재무제표,DS-1,PASS,,,2026-07-07T22:53:46
CJ,00148540,001040,KOSPI,분기x연결,상단,DS-8,PASS,,,2026-07-07T22:53:46
CJ,00148540,001040,KOSPI,분기x연결,상단,DS-7,PASS,"badges seen: ['✅', '🔎', '⚠']",,2026-07-07T22:53:46
CJ,00148540,001040,KOSPI,분기x연결,재무제표,CV-3,PASS,rows=29 cols=74 slider_extended=True,,2026-07-07T22:53:46
CJ,00148540,001040,KOSPI,분기x연결,재무제표,DS-2/DS-3,DONE,"cross-check completed for ['매출액', '영업이익']",,2026-07-07T22:53:46
CJ,00148540,001040,KOSPI,분기x연결,지표,CV-6,PASS,default metric selection visible,,2026-07-07T22:53:46
CJ,00148540,001040,KOSPI,분기x별도,재무제표,DS-1,PASS,,,2026-07-07T22:53:54
CJ,00148540,001040,KOSPI,분기x별도,상단,DS-8,PASS,,,2026-07-07T22:53:54
CJ,00148540,001040,KOSPI,분기x별도,상단,DS-7,PASS,"badges seen: ['✅', '🔎', '⚠']",,2026-07-07T22:53:54
CJ,00148540,001040,KOSPI,분기x별도,재무제표,CV-3,PASS,rows=29 cols=83 slider_extended=True,,2026-07-07T22:53:54
CJ,00148540,001040,KOSPI,분기x별도,재무제표,DS-2/DS-3,DONE,"cross-check completed for ['매출액', '영업이익']",,2026-07-07T22:53:54
CJ,00148540,001040,KOSPI,분기x별도,지표,CV-6,PASS,default metric selection visible,,2026-07-07T22:53:54
CJ대한통운,00113410,000120,KOSPI,연간x연결,재무제표,DS-1,PASS,,,2026-07-07T22:54:08
CJ대한통운,00113410,000120,KOSPI,연간x연결,상단,DS-8,PASS,,,2026-07-07T22:54:08
CJ대한통운,00113410,000120,KOSPI,연간x연결,상단,DS-7,PASS,"badges seen: ['✅', '🔎', '⚠']",,2026-07-07T22:54:08
CJ대한통운,00113410,000120,KOSPI,연간x연결,재무제표,CV-3,PASS,rows=29 cols=21 slider_extended=True,,2026-07-07T22:54:08
CJ대한통운,00113410,000120,KOSPI,연간x연결,재무제표,DS-2/DS-3,DONE,"cross-check completed for ['매출액', '영업이익']",,2026-07-07T22:54:08
CJ대한통운,00113410,000120,KOSPI,연간x연결,지표,CV-6,PASS,default metric selection visible,,2026-07-07T22:54:08
CJ대한통운,00113410,000120,KOSPI,연간x별도,재무제표,DS-1,PASS,,,2026-07-07T22:54:13
CJ대한통운,00113410,000120,KOSPI,연간x별도,상단,DS-8,PASS,,,2026-07-07T22:54:13
CJ대한통운,00113410,000120,KOSPI,연간x별도,상단,DS-7,PASS,"badges seen: ['✅', '🔎', '⚠']",,2026-07-07T22:54:13
CJ대한통운,00113410,000120,KOSPI,연간x별도,재무제표,CV-3,PASS,rows=29 cols=26 slider_extended=True,,2026-07-07T22:54:13
CJ대한통운,00113410,000120,KOSPI,연간x별도,재무제표,DS-2/DS-3,DONE,"cross-check completed for ['매출액', '영업이익']",,2026-07-07T22:54:13
CJ대한통운,00113410,000120,KOSPI,연간x별도,지표,CV-6,PASS,default metric selection visible,,2026-07-07T22:54:13
CJ대한통운,00113410,000120,KOSPI,분기x연결,재무제표,DS-1,PASS,,,2026-07-07T22:54:19
CJ대한통운,00113410,000120,KOSPI,분기x연결,상단,DS-8,PASS,,,2026-07-07T22:54:19
CJ대한통운,00113410,000120,KOSPI,분기x연결,상단,DS-7,PASS,"badges seen: ['✅', '🔎', '⚠']",,2026-07-07T22:54:19
CJ대한통운,00113410,000120,KOSPI,분기x연결,재무제표,CV-3,PASS,rows=29 cols=70 slider_extended=True,,2026-07-07T22:54:19
CJ대한통운,00113410,000120,KOSPI,분기x연결,재무제표,DS-2/DS-3,DONE,"cross-check completed for ['매출액', '영업이익']",,2026-07-07T22:54:19
CJ대한통운,00113410,000120,KOSPI,분기x연결,지표,CV-6,PASS,default metric selection visible,,2026-07-07T22:54:19
CJ대한통운,00113410,000120,KOSPI,분기x별도,재무제표,DS-1,PASS,,,2026-07-07T22:54:27
CJ대한통운,00113410,000120,KOSPI,분기x별도,상단,DS-8,PASS,,,2026-07-07T22:54:27
CJ대한통운,00113410,000120,KOSPI,분기x별도,상단,DS-7,PASS,"badges seen: ['✅', '🔎', '⚠']",,2026-07-07T22:54:27
CJ대한통운,00113410,000120,KOSPI,분기x별도,재무제표,CV-3,PASS,rows=29 cols=82 slider_extended=True,,2026-07-07T22:54:27
CJ대한통운,00113410,000120,KOSPI,분기x별도,재무제표,DS-2/DS-3,DONE,"cross-check completed for ['매출액', '영업이익']",,2026-07-07T22:54:27
CJ대한통운,00113410,000120,KOSPI,분기x별도,지표,CV-6,PASS,default metric selection visible,,2026-07-07T22:54:27
CJ씨푸드,00129013,011150,KOSPI,연간x연결,재무제표,DS-1,PASS,,,2026-07-07T22:54:40
CJ씨푸드,00129013,011150,KOSPI,연간x연결,상단,DS-8,PASS,,,2026-07-07T22:54:40
CJ씨푸드,00129013,011150,KOSPI,연간x연결,상단,DS-7,PASS,"badges seen: ['✅', '🔎']",,2026-07-07T22:54:40
CJ씨푸드,00129013,011150,KOSPI,연간x연결,재무제표,CV-3,PASS,rows=29 cols=10 slider_extended=True,,2026-07-07T22:54:40
CJ씨푸드,00129013,011150,KOSPI,연간x연결,재무제표,DS-2/DS-3,DONE,"cross-check completed for ['매출액', '영업이익']",,2026-07-07T22:54:40
CJ씨푸드,00129013,011150,KOSPI,연간x연결,지표,CV-6,PASS,default metric selection visible,,2026-07-07T22:54:40
CJ씨푸드,00129013,011150,KOSPI,연간x별도,재무제표,DS-1,PASS,,,2026-07-07T22:54:46
CJ씨푸드,00129013,011150,KOSPI,연간x별도,상단,DS-8,PASS,,,2026-07-07T22:54:46
CJ씨푸드,00129013,011150,KOSPI,연간x별도,상단,DS-7,PASS,"badges seen: ['✅', '🔎']",,2026-07-07T22:54:46
CJ씨푸드,00129013,011150,KOSPI,연간x별도,재무제표,CV-3,PASS,rows=29 cols=25 slider_extended=True,,2026-07-07T22:54:46
CJ씨푸드,00129013,011150,KOSPI,연간x별도,재무제표,DS-2/DS-3,DONE,"cross-check completed for ['매출액', '영업이익']",,2026-07-07T22:54:46
CJ씨푸드,00129013,011150,KOSPI,연간x별도,지표,CV-6,PASS,default metric selection visible,,2026-07-07T22:54:46
CJ씨푸드,00129013,011150,KOSPI,분기x연결,재무제표,DS-1,PASS,,,2026-07-07T22:54:52
CJ씨푸드,00129013,011150,KOSPI,분기x연결,상단,DS-8,PASS,,,2026-07-07T22:54:52
CJ씨푸드,00129013,011150,KOSPI,분기x연결,상단,DS-7,PASS,"badges seen: ['✅', '🔎', '⚠']",,2026-07-07T22:54:52
CJ씨푸드,00129013,011150,KOSPI,분기x연결,재무제표,CV-3,PASS,rows=29 cols=21 slider_extended=True,,2026-07-07T22:54:52
CJ씨푸드,00129013,011150,KOSPI,분기x연결,재무제표,DS-2/DS-3,DONE,"cross-check completed for ['매출액', '영업이익']",,2026-07-07T22:54:52
CJ씨푸드,00129013,011150,KOSPI,분기x연결,지표,CV-6,PASS,default metric selection visible,,2026-07-07T22:54:52
CJ씨푸드,00129013,011150,KOSPI,분기x별도,재무제표,DS-1,PASS,,,2026-07-07T22:54:59
CJ씨푸드,00129013,011150,KOSPI,분기x별도,상단,DS-8,PASS,,,2026-07-07T22:54:59
CJ씨푸드,00129013,011150,KOSPI,분기x별도,상단,DS-7,PASS,"badges seen: ['✅', '🔎', '⚠']",,2026-07-07T22:54:59
CJ씨푸드,00129013,011150,KOSPI,분기x별도,재무제표,CV-3,PASS,rows=29 cols=87 slider_extended=True,,2026-07-07T22:54:59
CJ씨푸드,00129013,011150,KOSPI,분기x별도,재무제표,DS-2/DS-3,DONE,"cross-check completed for ['매출액', '영업이익']",,2026-07-07T22:54:59
CJ씨푸드,00129013,011150,KOSPI,분기x별도,지표,CV-6,PASS,default metric selection visible,,2026-07-07T22:54:59
CJ제일제당,00635134,097950,KOSPI,연간x연결,재무제표,DS-1,PASS,,,2026-07-07T22:55:13
CJ제일제당,00635134,097950,KOSPI,연간x연결,상단,DS-8,PASS,,,2026-07-07T22:55:13
CJ제일제당,00635134,097950,KOSPI,연간x연결,상단,DS-7,PASS,"badges seen: ['✅', '🔎', '⚠']",,2026-07-07T22:55:13
CJ제일제당,00635134,097950,KOSPI,연간x연결,재무제표,CV-3,PASS,rows=29 cols=21 slider_extended=True,,2026-07-07T22:55:13
CJ제일제당,00635134,097950,KOSPI,연간x연결,재무제표,DS-2/DS-3,DONE,"cross-check completed for ['매출액', '영업이익']",,2026-07-07T22:55:13
CJ제일제당,00635134,097950,KOSPI,연간x연결,지표,CV-6,PASS,default metric selection visible,,2026-07-07T22:55:13
CJ제일제당,00635134,097950,KOSPI,연간x별도,재무제표,DS-1,PASS,,,2026-07-07T22:55:18
CJ제일제당,00635134,097950,KOSPI,연간x별도,상단,DS-8,PASS,,,2026-07-07T22:55:18
CJ제일제당,00635134,097950,KOSPI,연간x별도,상단,DS-7,PASS,"badges seen: ['✅', '🔎']",,2026-07-07T22:55:18
CJ제일제당,00635134,097950,KOSPI,연간x별도,재무제표,CV-3,PASS,rows=29 cols=21 slider_extended=True,,2026-07-07T22:55:18
CJ제일제당,00635134,097950,KOSPI,연간x별도,재무제표,DS-2/DS-3,DONE,"cross-check completed for ['매출액', '영업이익']",,2026-07-07T22:55:18
CJ제일제당,00635134,097950,KOSPI,연간x별도,지표,CV-6,PASS,default metric selection visible,,2026-07-07T22:55:18
CJ제일제당,00635134,097950,KOSPI,분기x연결,재무제표,DS-1,PASS,,,2026-07-07T22:55:25
CJ제일제당,00635134,097950,KOSPI,분기x연결,상단,DS-8,PASS,,,2026-07-07T22:55:25
CJ제일제당,00635134,097950,KOSPI,분기x연결,상단,DS-7,PASS,"badges seen: ['✅', '🔎']",,2026-07-07T22:55:25
CJ제일제당,00635134,097950,KOSPI,분기x연결,재무제표,CV-3,PASS,rows=29 cols=66 slider_extended=True,,2026-07-07T22:55:25
CJ제일제당,00635134,097950,KOSPI,분기x연결,재무제표,DS-2/DS-3,DONE,"cross-check completed for ['매출액', '영업이익']",,2026-07-07T22:55:25
CJ제일제당,00635134,097950,KOSPI,분기x연결,지표,CV-6,PASS,default metric selection visible,,2026-07-07T22:55:25
CJ제일제당,00635134,097950,KOSPI,분기x별도,재무제표,DS-1,PASS,,,2026-07-07T22:55:32
CJ제일제당,00635134,097950,KOSPI,분기x별도,상단,DS-8,PASS,,,2026-07-07T22:55:32
CJ제일제당,00635134,097950,KOSPI,분기x별도,상단,DS-7,PASS,"badges seen: ['✅', '🔎', '⚠']",,2026-07-07T22:55:32
CJ제일제당,00635134,097950,KOSPI,분기x별도,재무제표,CV-3,PASS,rows=29 cols=73 slider_extended=True,,2026-07-07T22:55:32
CJ제일제당,00635134,097950,KOSPI,분기x별도,재무제표,DS-2/DS-3,DONE,"cross-check completed for ['매출액', '영업이익']",,2026-07-07T22:55:32
CJ제일제당,00635134,097950,KOSPI,분기x별도,지표,CV-6,PASS,default metric selection visible,,2026-07-07T22:55:32
CJ CGV,00303873,079160,KOSPI,연간x연결,재무제표,DS-1,PASS,,,2026-07-07T22:55:46
CJ CGV,00303873,079160,KOSPI,연간x연결,상단,DS-8,PASS,,,2026-07-07T22:55:46
CJ CGV,00303873,079160,KOSPI,연간x연결,상단,DS-7,PASS,"badges seen: ['✅', '🔎']",,2026-07-07T22:55:46
CJ CGV,00303873,079160,KOSPI,연간x연결,재무제표,CV-3,PASS,rows=29 cols=21 slider_extended=True,,2026-07-07T22:55:46
CJ CGV,00303873,079160,KOSPI,연간x연결,재무제표,DS-2/DS-3,DONE,"cross-check completed for ['매출액', '영업이익']",,2026-07-07T22:55:46
CJ CGV,00303873,079160,KOSPI,연간x연결,지표,CV-6,PASS,default metric selection visible,,2026-07-07T22:55:46
CJ CGV,00303873,079160,KOSPI,연간x별도,재무제표,DS-1,PASS,,,2026-07-07T22:55:51
CJ CGV,00303873,079160,KOSPI,연간x별도,상단,DS-8,PASS,,,2026-07-07T22:55:51
CJ CGV,00303873,079160,KOSPI,연간x별도,상단,DS-7,PASS,"badges seen: ['✅', '🔎']",,2026-07-07T22:55:51
CJ CGV,00303873,079160,KOSPI,연간x별도,재무제표,CV-3,PASS,rows=29 cols=25 slider_extended=True,,2026-07-07T22:55:51
CJ CGV,00303873,079160,KOSPI,연간x별도,재무제표,DS-2/DS-3,DONE,"cross-check completed for ['매출액', '영업이익']",,2026-07-07T22:55:51
CJ CGV,00303873,079160,KOSPI,연간x별도,지표,CV-6,PASS,default metric selection visible,,2026-07-07T22:55:51
CJ CGV,00303873,079160,KOSPI,분기x연결,재무제표,DS-1,PASS,,,2026-07-07T22:55:57
CJ CGV,00303873,079160,KOSPI,분기x연결,상단,DS-8,PASS,,,2026-07-07T22:55:57
CJ CGV,00303873,079160,KOSPI,분기x연결,상단,DS-7,PASS,"badges seen: ['✅', '🔎', '⚠']",,2026-07-07T22:55:57
CJ CGV,00303873,079160,KOSPI,분기x연결,재무제표,CV-3,PASS,rows=29 cols=63 slider_extended=True,,2026-07-07T22:55:57
CJ CGV,00303873,079160,KOSPI,분기x연결,재무제표,DS-2/DS-3,DONE,"cross-check completed for ['매출액', '영업이익']",,2026-07-07T22:55:57
CJ CGV,00303873,079160,KOSPI,분기x연결,지표,CV-6,PASS,default metrics not found,,2026-07-07T22:55:57
CJ CGV,00303873,079160,KOSPI,분기x별도,재무제표,DS-1,PASS,,,2026-07-07T22:56:05
CJ CGV,00303873,079160,KOSPI,분기x별도,상단,DS-8,PASS,,,2026-07-07T22:56:05
CJ CGV,00303873,079160,KOSPI,분기x별도,상단,DS-7,PASS,"badges seen: ['✅', '🔎']",,2026-07-07T22:56:05
CJ CGV,00303873,079160,KOSPI,분기x별도,재무제표,CV-3,PASS,rows=29 cols=79 slider_extended=True,,2026-07-07T22:56:05
CJ CGV,00303873,079160,KOSPI,분기x별도,재무제표,DS-2/DS-3,DONE,"cross-check completed for ['매출액', '영업이익']",,2026-07-07T22:56:05
CJ CGV,00303873,079160,KOSPI,분기x별도,지표,CV-6,PASS,default metric selection visible,,2026-07-07T22:56:05
CS홀딩스,00149026,000590,KOSPI,연간x연결,재무제표,DS-1,PASS,,,2026-07-07T22:56:19
CS홀딩스,00149026,000590,KOSPI,연간x연결,상단,DS-8,PASS,,,2026-07-07T22:56:19
CS홀딩스,00149026,000590,KOSPI,연간x연결,상단,DS-7,PASS,"badges seen: ['✅', '🔎']",,2026-07-07T22:56:19
CS홀딩스,00149026,000590,KOSPI,연간x연결,재무제표,CV-3,PASS,rows=29 cols=19 slider_extended=True,,2026-07-07T22:56:19
CS홀딩스,00149026,000590,KOSPI,연간x연결,재무제표,DS-2/DS-3,DONE,"cross-check completed for ['매출액', '영업이익']",,2026-07-07T22:56:19
CS홀딩스,00149026,000590,KOSPI,연간x연결,지표,CV-6,PASS,default metric selection visible,,2026-07-07T22:56:19
CS홀딩스,00149026,000590,KOSPI,연간x별도,재무제표,DS-1,PASS,,,2026-07-07T22:56:24
CS홀딩스,00149026,000590,KOSPI,연간x별도,상단,DS-8,PASS,,,2026-07-07T22:56:24
CS홀딩스,00149026,000590,KOSPI,연간x별도,상단,DS-7,PASS,"badges seen: ['✅', '🔎', '⚠']",,2026-07-07T22:56:24
CS홀딩스,00149026,000590,KOSPI,연간x별도,재무제표,CV-3,PASS,rows=29 cols=26 slider_extended=True,,2026-07-07T22:56:24
CS홀딩스,00149026,000590,KOSPI,연간x별도,재무제표,DS-2/DS-3,DONE,"cross-check completed for ['매출액', '영업이익']",,2026-07-07T22:56:24
CS홀딩스,00149026,000590,KOSPI,연간x별도,지표,CV-6,PASS,default metric selection visible,,2026-07-07T22:56:24
CS홀딩스,00149026,000590,KOSPI,분기x연결,재무제표,DS-1,PASS,,,2026-07-07T22:56:30
CS홀딩스,00149026,000590,KOSPI,분기x연결,상단,DS-8,PASS,,,2026-07-07T22:56:30
CS홀딩스,00149026,000590,KOSPI,분기x연결,상단,DS-7,PASS,"badges seen: ['✅', '🔎']",,2026-07-07T22:56:30
CS홀딩스,00149026,000590,KOSPI,분기x연결,재무제표,CV-3,PASS,rows=29 cols=60 slider_extended=True,,2026-07-07T22:56:30
CS홀딩스,00149026,000590,KOSPI,분기x연결,재무제표,DS-2/DS-3,DONE,"cross-check completed for ['매출액', '영업이익']",,2026-07-07T22:56:30
CS홀딩스,00149026,000590,KOSPI,분기x연결,지표,CV-6,PASS,default metric selection visible,,2026-07-07T22:56:30
CS홀딩스,00149026,000590,KOSPI,분기x별도,재무제표,DS-1,PASS,,,2026-07-07T22:56:37
CS홀딩스,00149026,000590,KOSPI,분기x별도,상단,DS-8,PASS,,,2026-07-07T22:56:37
CS홀딩스,00149026,000590,KOSPI,분기x별도,상단,DS-7,PASS,"badges seen: ['✅', '🔎', '⚠']",,2026-07-07T22:56:37
CS홀딩스,00149026,000590,KOSPI,분기x별도,재무제표,CV-3,PASS,rows=29 cols=77 slider_extended=True,,2026-07-07T22:56:37
CS홀딩스,00149026,000590,KOSPI,분기x별도,재무제표,DS-2/DS-3,DONE,"cross-check completed for ['매출액', '영업이익']",,2026-07-07T22:56:37
CS홀딩스,00149026,000590,KOSPI,분기x별도,지표,CV-6,PASS,default metric selection visible,,2026-07-07T22:56:37
DB,00163345,012030,KOSPI,연간x연결,재무제표,DS-1,PASS,,,2026-07-07T22:56:51
DB,00163345,012030,KOSPI,연간x연결,상단,DS-8,PASS,,,2026-07-07T22:56:51
DB,00163345,012030,KOSPI,연간x연결,상단,DS-7,PASS,"badges seen: ['✅', '🔎', '⚠']",,2026-07-07T22:56:51
DB,00163345,012030,KOSPI,연간x연결,재무제표,CV-3,PASS,rows=29 cols=19 slider_extended=True,,2026-07-07T22:56:51
DB,00163345,012030,KOSPI,연간x연결,재무제표,DS-2/DS-3,DONE,"cross-check completed for ['매출액', '영업이익']",,2026-07-07T22:56:51
DB,00163345,012030,KOSPI,연간x연결,지표,CV-6,PASS,default metric selection visible,,2026-07-07T22:56:51
DB,00163345,012030,KOSPI,연간x별도,재무제표,DS-1,PASS,,,2026-07-07T22:56:56
DB,00163345,012030,KOSPI,연간x별도,상단,DS-8,PASS,,,2026-07-07T22:56:56
DB,00163345,012030,KOSPI,연간x별도,상단,DS-7,PASS,"badges seen: ['✅', '🔎']",,2026-07-07T22:56:56
DB,00163345,012030,KOSPI,연간x별도,재무제표,CV-3,PASS,rows=29 cols=26 slider_extended=True,,2026-07-07T22:56:56
DB,00163345,012030,KOSPI,연간x별도,재무제표,DS-2/DS-3,DONE,"cross-check completed for ['매출액', '영업이익']",,2026-07-07T22:56:56
DB,00163345,012030,KOSPI,연간x별도,지표,CV-6,PASS,default metric selection visible,,2026-07-07T22:56:56
DB,00163345,012030,KOSPI,분기x연결,재무제표,DS-1,PASS,,,2026-07-07T22:57:02
DB,00163345,012030,KOSPI,분기x연결,상단,DS-8,PASS,,,2026-07-07T22:57:02
DB,00163345,012030,KOSPI,분기x연결,상단,DS-7,PASS,"badges seen: ['✅', '🔎', '⚠']",,2026-07-07T22:57:02
DB,00163345,012030,KOSPI,분기x연결,재무제표,CV-3,PASS,rows=29 cols=14 slider_extended=True,,2026-07-07T22:57:02
DB,00163345,012030,KOSPI,분기x연결,재무제표,DS-2/DS-3,DONE,"cross-check completed for ['매출액', '영업이익']",,2026-07-07T22:57:02
DB,00163345,012030,KOSPI,분기x연결,지표,CV-6,PASS,default metric selection visible,,2026-07-07T22:57:02
DB,00163345,012030,KOSPI,분기x별도,재무제표,DS-1,PASS,,,2026-07-07T22:57:10
DB,00163345,012030,KOSPI,분기x별도,상단,DS-8,PASS,,,2026-07-07T22:57:10
DB,00163345,012030,KOSPI,분기x별도,상단,DS-7,PASS,"badges seen: ['✅', '🔎', '⚠']",,2026-07-07T22:57:10
DB,00163345,012030,KOSPI,분기x별도,재무제표,CV-3,PASS,rows=29 cols=80 slider_extended=True,,2026-07-07T22:57:10
DB,00163345,012030,KOSPI,분기x별도,재무제표,DS-2/DS-3,DONE,"cross-check completed for ['매출액', '영업이익']",,2026-07-07T22:57:10
DB,00163345,012030,KOSPI,분기x별도,지표,CV-6,PASS,default metric selection visible,,2026-07-07T22:57:10
DB손해보험,00159102,005830,KOSPI,연간x연결,재무제표,DS-1,PASS,,,2026-07-07T22:57:23
DB손해보험,00159102,005830,KOSPI,연간x연결,상단,DS-8,PASS,,,2026-07-07T22:57:23
DB손해보험,00159102,005830,KOSPI,연간x연결,상단,DS-7,PASS,"badges seen: ['✅', '🔎', '⚠']",,2026-07-07T22:57:23
DB손해보험,00159102,005830,KOSPI,연간x연결,재무제표,CV-3,PASS,rows=29 cols=21 slider_extended=True,,2026-07-07T22:57:23
DB손해보험,00159102,005830,KOSPI,연간x연결,재무제표,DS-2/DS-3,DONE,"cross-check completed for ['매출액', '영업이익']",,2026-07-07T22:57:23
DB손해보험,00159102,005830,KOSPI,연간x연결,지표,CV-6,PASS,default metric selection visible,,2026-07-07T22:57:23
DB손해보험,00159102,005830,KOSPI,연간x별도,재무제표,DS-1,PASS,,,2026-07-07T22:57:29
DB손해보험,00159102,005830,KOSPI,연간x별도,상단,DS-8,PASS,,,2026-07-07T22:57:29
DB손해보험,00159102,005830,KOSPI,연간x별도,상단,DS-7,PASS,"badges seen: ['✅', '🔎', '⚠']",,2026-07-07T22:57:29
DB손해보험,00159102,005830,KOSPI,연간x별도,재무제표,CV-3,PASS,rows=29 cols=26 slider_extended=True,,2026-07-07T22:57:29
DB손해보험,00159102,005830,KOSPI,연간x별도,재무제표,DS-2/DS-3,DONE,"cross-check completed for ['매출액', '영업이익']",,2026-07-07T22:57:29
DB손해보험,00159102,005830,KOSPI,연간x별도,지표,CV-6,PASS,default metric selection visible,,2026-07-07T22:57:29
DB손해보험,00159102,005830,KOSPI,분기x연결,재무제표,DS-1,PASS,,,2026-07-07T22:57:35
DB손해보험,00159102,005830,KOSPI,분기x연결,상단,DS-8,PASS,,,2026-07-07T22:57:35
DB손해보험,00159102,005830,KOSPI,분기x연결,상단,DS-7,PASS,"badges seen: ['✅', '🔎']",,2026-07-07T22:57:35
DB손해보험,00159102,005830,KOSPI,분기x연결,재무제표,CV-3,PASS,rows=29 cols=71 slider_extended=True,,2026-07-07T22:57:35
DB손해보험,00159102,005830,KOSPI,분기x연결,재무제표,DS-2/DS-3,DONE,"cross-check completed for ['매출액', '영업이익']",,2026-07-07T22:57:35
DB손해보험,00159102,005830,KOSPI,분기x연결,지표,CV-6,PASS,default metric selection visible,,2026-07-07T22:57:35
DB손해보험,00159102,005830,KOSPI,분기x별도,재무제표,DS-1,PASS,,,2026-07-07T22:57:42
DB손해보험,00159102,005830,KOSPI,분기x별도,상단,DS-8,PASS,,,2026-07-07T22:57:42
DB손해보험,00159102,005830,KOSPI,분기x별도,상단,DS-7,PASS,"badges seen: ['✅', '🔎']",,2026-07-07T22:57:42
DB손해보험,00159102,005830,KOSPI,분기x별도,재무제표,CV-3,PASS,rows=29 cols=76 slider_extended=True,,2026-07-07T22:57:42
DB손해보험,00159102,005830,KOSPI,분기x별도,재무제표,DS-2/DS-3,DONE,"cross-check completed for ['매출액', '영업이익']",,2026-07-07T22:57:42
DB손해보험,00159102,005830,KOSPI,분기x별도,지표,CV-6,PASS,default metric selection visible,,2026-07-07T22:57:42
DB증권,00115694,016610,KOSPI,연간x연결,재무제표,DS-1,PASS,,,2026-07-07T22:57:56
DB증권,00115694,016610,KOSPI,연간x연결,상단,DS-8,PASS,,,2026-07-07T22:57:56
DB증권,00115694,016610,KOSPI,연간x연결,상단,DS-7,PASS,"badges seen: ['✅', '🔎', '⚠']",,2026-07-07T22:57:56
DB증권,00115694,016610,KOSPI,연간x연결,재무제표,CV-3,PASS,rows=29 cols=22 slider_extended=True,,2026-07-07T22:57:56
DB증권,00115694,016610,KOSPI,연간x연결,재무제표,DS-2/DS-3,DONE,"cross-check completed for ['매출액', '영업이익']",,2026-07-07T22:57:56
DB증권,00115694,016610,KOSPI,연간x연결,지표,CV-6,PASS,default metric selection visible,,2026-07-07T22:57:56
DB증권,00115694,016610,KOSPI,연간x별도,재무제표,DS-1,PASS,,,2026-07-07T22:58:02
DB증권,00115694,016610,KOSPI,연간x별도,상단,DS-8,PASS,,,2026-07-07T22:58:02
DB증권,00115694,016610,KOSPI,연간x별도,상단,DS-7,PASS,"badges seen: ['✅', '🔎', '⚠']",,2026-07-07T22:58:02
DB증권,00115694,016610,KOSPI,연간x별도,재무제표,CV-3,PASS,rows=29 cols=25 slider_extended=True,,2026-07-07T22:58:02
DB증권,00115694,016610,KOSPI,연간x별도,재무제표,DS-2/DS-3,DONE,"cross-check completed for ['매출액', '영업이익']",,2026-07-07T22:58:02
DB증권,00115694,016610,KOSPI,연간x별도,지표,CV-6,PASS,default metric selection visible,,2026-07-07T22:58:02
DB증권,00115694,016610,KOSPI,분기x연결,재무제표,DS-1,PASS,,,2026-07-07T22:58:08
DB증권,00115694,016610,KOSPI,분기x연결,상단,DS-8,PASS,,,2026-07-07T22:58:08
DB증권,00115694,016610,KOSPI,분기x연결,상단,DS-7,PASS,"badges seen: ['✅', '🔎']",,2026-07-07T22:58:08
DB증권,00115694,016610,KOSPI,분기x연결,재무제표,CV-3,PASS,rows=29 cols=66 slider_extended=True,,2026-07-07T22:58:08
DB증권,00115694,016610,KOSPI,분기x연결,재무제표,DS-2/DS-3,DONE,"cross-check completed for ['매출액', '영업이익']",,2026-07-07T22:58:08
DB증권,00115694,016610,KOSPI,분기x연결,지표,CV-6,PASS,default metric selection visible,,2026-07-07T22:58:08
DB증권,00115694,016610,KOSPI,분기x별도,재무제표,DS-1,PASS,,,2026-07-07T22:58:15
DB증권,00115694,016610,KOSPI,분기x별도,상단,DS-8,PASS,,,2026-07-07T22:58:15
DB증권,00115694,016610,KOSPI,분기x별도,상단,DS-7,PASS,"badges seen: ['✅', '🔎']",,2026-07-07T22:58:15
DB증권,00115694,016610,KOSPI,분기x별도,재무제표,CV-3,PASS,rows=29 cols=77 slider_extended=True,,2026-07-07T22:58:15
DB증권,00115694,016610,KOSPI,분기x별도,재무제표,DS-2/DS-3,DONE,"cross-check completed for ['매출액', '영업이익']",,2026-07-07T22:58:15
DB증권,00115694,016610,KOSPI,분기x별도,지표,CV-6,PASS,default metric selection visible,,2026-07-07T22:58:15
DB하이텍,00160843,000990,KOSPI,연간x연결,재무제표,DS-1,PASS,,,2026-07-07T22:58:29
DB하이텍,00160843,000990,KOSPI,연간x연결,상단,DS-8,PASS,,,2026-07-07T22:58:29
DB하이텍,00160843,000990,KOSPI,연간x연결,상단,DS-7,PASS,"badges seen: ['✅', '🔎']",,2026-07-07T22:58:29
DB하이텍,00160843,000990,KOSPI,연간x연결,재무제표,CV-3,PASS,rows=29 cols=21 slider_extended=True,,2026-07-07T22:58:29
DB하이텍,00160843,000990,KOSPI,연간x연결,재무제표,DS-2/DS-3,DONE,"cross-check completed for ['매출액', '영업이익']",,2026-07-07T22:58:29
DB하이텍,00160843,000990,KOSPI,연간x연결,지표,CV-6,PASS,default metric selection visible,,2026-07-07T22:58:29
DB하이텍,00160843,000990,KOSPI,연간x별도,재무제표,DS-1,PASS,,,2026-07-07T22:58:35
DB하이텍,00160843,000990,KOSPI,연간x별도,상단,DS-8,PASS,,,2026-07-07T22:58:35
DB하이텍,00160843,000990,KOSPI,연간x별도,상단,DS-7,PASS,"badges seen: ['✅', '🔎']",,2026-07-07T22:58:35
DB하이텍,00160843,000990,KOSPI,연간x별도,재무제표,CV-3,PASS,rows=29 cols=28 slider_extended=True,,2026-07-07T22:58:35
DB하이텍,00160843,000990,KOSPI,연간x별도,재무제표,DS-2/DS-3,DONE,"cross-check completed for ['매출액', '영업이익']",,2026-07-07T22:58:35
DB하이텍,00160843,000990,KOSPI,연간x별도,지표,CV-6,PASS,default metric selection visible,,2026-07-07T22:58:35
DB하이텍,00160843,000990,KOSPI,분기x연결,재무제표,DS-1,PASS,,,2026-07-07T22:58:41
DB하이텍,00160843,000990,KOSPI,분기x연결,상단,DS-8,PASS,,,2026-07-07T22:58:41
DB하이텍,00160843,000990,KOSPI,분기x연결,상단,DS-7,PASS,"badges seen: ['✅', '🔎']",,2026-07-07T22:58:41
DB하이텍,00160843,000990,KOSPI,분기x연결,재무제표,CV-3,PASS,rows=29 cols=74 slider_extended=True,,2026-07-07T22:58:41
DB하이텍,00160843,000990,KOSPI,분기x연결,재무제표,DS-2/DS-3,DONE,"cross-check completed for ['매출액', '영업이익']",,2026-07-07T22:58:41
DB하이텍,00160843,000990,KOSPI,분기x연결,지표,CV-6,PASS,default metric selection visible,,2026-07-07T22:58:41
DB하이텍,00160843,000990,KOSPI,분기x별도,재무제표,DS-1,PASS,,,2026-07-07T22:58:48
DB하이텍,00160843,000990,KOSPI,분기x별도,상단,DS-8,PASS,,,2026-07-07T22:58:48
DB하이텍,00160843,000990,KOSPI,분기x별도,상단,DS-7,PASS,"badges seen: ['✅', '🔎']",,2026-07-07T22:58:48
DB하이텍,00160843,000990,KOSPI,분기x별도,재무제표,CV-3,PASS,rows=29 cols=83 slider_extended=True,,2026-07-07T22:58:48
DB하이텍,00160843,000990,KOSPI,분기x별도,재무제표,DS-2/DS-3,DONE,"cross-check completed for ['매출액', '영업이익']",,2026-07-07T22:58:48
DB하이텍,00160843,000990,KOSPI,분기x별도,지표,CV-6,PASS,default metric selection visible,,2026-07-07T22:58:48
DH오토넥스,00126089,000300,KOSPI,연간x연결,재무제표,DS-1,PASS,,,2026-07-07T22:59:02
DH오토넥스,00126089,000300,KOSPI,연간x연결,상단,DS-8,PASS,,,2026-07-07T22:59:02
DH오토넥스,00126089,000300,KOSPI,연간x연결,상단,DS-7,PASS,"badges seen: ['✅', '🔎', '⚠']",,2026-07-07T22:59:02
DH오토넥스,00126089,000300,KOSPI,연간x연결,재무제표,CV-3,PASS,rows=29 cols=19 slider_extended=True,,2026-07-07T22:59:02
DH오토넥스,00126089,000300,KOSPI,연간x연결,재무제표,DS-2/DS-3,DONE,"cross-check completed for ['매출액', '영업이익']",,2026-07-07T22:59:02
DH오토넥스,00126089,000300,KOSPI,연간x연결,지표,CV-6,PASS,default metric selection visible,,2026-07-07T22:59:02
DH오토넥스,00126089,000300,KOSPI,연간x별도,재무제표,DS-1,PASS,,,2026-07-07T22:59:08
DH오토넥스,00126089,000300,KOSPI,연간x별도,상단,DS-8,PASS,,,2026-07-07T22:59:08
DH오토넥스,00126089,000300,KOSPI,연간x별도,상단,DS-7,PASS,"badges seen: ['✅', '🔎', '⚠']",,2026-07-07T22:59:08
DH오토넥스,00126089,000300,KOSPI,연간x별도,재무제표,CV-3,PASS,rows=29 cols=12 slider_extended=True,,2026-07-07T22:59:08
DH오토넥스,00126089,000300,KOSPI,연간x별도,재무제표,DS-2/DS-3,DONE,"cross-check completed for ['매출액', '영업이익']",,2026-07-07T22:59:08
DH오토넥스,00126089,000300,KOSPI,연간x별도,지표,CV-6,PASS,default metric selection visible,,2026-07-07T22:59:08
DH오토넥스,00126089,000300,KOSPI,분기x연결,재무제표,DS-1,PASS,,,2026-07-07T22:59:14
DH오토넥스,00126089,000300,KOSPI,분기x연결,상단,DS-8,PASS,,,2026-07-07T22:59:14
DH오토넥스,00126089,000300,KOSPI,분기x연결,상단,DS-7,PASS,"badges seen: ['✅', '🔎', '⚠']",,2026-07-07T22:59:14
DH오토넥스,00126089,000300,KOSPI,분기x연결,재무제표,CV-3,PASS,rows=29 cols=60 slider_extended=True,,2026-07-07T22:59:14
DH오토넥스,00126089,000300,KOSPI,분기x연결,재무제표,DS-2/DS-3,DONE,"cross-check completed for ['매출액', '영업이익']",,2026-07-07T22:59:14
DH오토넥스,00126089,000300,KOSPI,분기x연결,지표,CV-6,PASS,default metric selection visible,,2026-07-07T22:59:14
DH오토넥스,00126089,000300,KOSPI,분기x별도,재무제표,DS-1,PASS,,,2026-07-07T22:59:21
DH오토넥스,00126089,000300,KOSPI,분기x별도,상단,DS-8,PASS,,,2026-07-07T22:59:21
DH오토넥스,00126089,000300,KOSPI,분기x별도,상단,DS-7,PASS,"badges seen: ['✅', '🔎', '⚠']",,2026-07-07T22:59:21
DH오토넥스,00126089,000300,KOSPI,분기x별도,재무제표,CV-3,PASS,rows=29 cols=84 slider_extended=True,,2026-07-07T22:59:21
DH오토넥스,00126089,000300,KOSPI,분기x별도,재무제표,DS-2/DS-3,DONE,"cross-check completed for ['매출액', '영업이익']",,2026-07-07T22:59:21
DH오토넥스,00126089,000300,KOSPI,분기x별도,지표,CV-6,PASS,default metric selection visible,,2026-07-07T22:59:21
DKME,00108746,015590,KOSPI,연간x연결,재무제표,DS-1,PASS,,,2026-07-07T22:59:35
DKME,00108746,015590,KOSPI,연간x연결,상단,DS-8,PASS,,,2026-07-07T22:59:35
DKME,00108746,015590,KOSPI,연간x연결,상단,DS-7,PASS,"badges seen: ['✅', '🔎', '⚠']",,2026-07-07T22:59:35
DKME,00108746,015590,KOSPI,연간x연결,재무제표,CV-3,PASS,rows=29 cols=23 slider_extended=True,,2026-07-07T22:59:35
DKME,00108746,015590,KOSPI,연간x연결,재무제표,DS-2/DS-3,DONE,"cross-check completed for ['매출액', '영업이익']",,2026-07-07T22:59:35
DKME,00108746,015590,KOSPI,연간x연결,지표,CV-6,PASS,default metric selection visible,,2026-07-07T22:59:35
DKME,00108746,015590,KOSPI,연간x별도,재무제표,DS-1,PASS,,,2026-07-07T22:59:40
DKME,00108746,015590,KOSPI,연간x별도,상단,DS-8,PASS,,,2026-07-07T22:59:40
DKME,00108746,015590,KOSPI,연간x별도,상단,DS-7,PASS,"badges seen: ['✅', '🔎', '⚠']",,2026-07-07T22:59:40
DKME,00108746,015590,KOSPI,연간x별도,재무제표,CV-3,PASS,rows=29 cols=26 slider_extended=True,,2026-07-07T22:59:40
DKME,00108746,015590,KOSPI,연간x별도,재무제표,DS-2/DS-3,DONE,"cross-check completed for ['매출액', '영업이익']",,2026-07-07T22:59:40
DKME,00108746,015590,KOSPI,연간x별도,지표,CV-6,PASS,default metric selection visible,,2026-07-07T22:59:40
DKME,00108746,015590,KOSPI,분기x연결,재무제표,DS-1,PASS,,,2026-07-07T22:59:47
DKME,00108746,015590,KOSPI,분기x연결,상단,DS-8,PASS,,,2026-07-07T22:59:47
DKME,00108746,015590,KOSPI,분기x연결,상단,DS-7,PASS,"badges seen: ['✅', '🔎', '⚠']",,2026-07-07T22:59:47
DKME,00108746,015590,KOSPI,분기x연결,재무제표,CV-3,PASS,rows=29 cols=54 slider_extended=True,,2026-07-07T22:59:47
DKME,00108746,015590,KOSPI,분기x연결,재무제표,DS-2/DS-3,DONE,"cross-check completed for ['매출액', '영업이익']",,2026-07-07T22:59:47
DKME,00108746,015590,KOSPI,분기x연결,지표,CV-6,PASS,default metric selection visible,,2026-07-07T22:59:47
DKME,00108746,015590,KOSPI,분기x별도,재무제표,DS-1,PASS,,,2026-07-07T22:59:54
DKME,00108746,015590,KOSPI,분기x별도,상단,DS-8,PASS,,,2026-07-07T22:59:54
DKME,00108746,015590,KOSPI,분기x별도,상단,DS-7,PASS,"badges seen: ['✅', '🔎', '⚠']",,2026-07-07T22:59:54
DKME,00108746,015590,KOSPI,분기x별도,재무제표,CV-3,PASS,rows=29 cols=83 slider_extended=True,,2026-07-07T22:59:54
DKME,00108746,015590,KOSPI,분기x별도,재무제표,DS-2/DS-3,DONE,"cross-check completed for ['매출액', '영업이익']",,2026-07-07T22:59:54
DKME,00108746,015590,KOSPI,분기x별도,지표,CV-6,PASS,default metric selection visible,,2026-07-07T22:59:54
DL,00109693,000210,KOSPI,연간x연결,재무제표,DS-1,PASS,,,2026-07-07T23:00:08
DL,00109693,000210,KOSPI,연간x연결,상단,DS-8,PASS,,,2026-07-07T23:00:08
DL,00109693,000210,KOSPI,연간x연결,상단,DS-7,PASS,"badges seen: ['✅', '🔎']",,2026-07-07T23:00:08
DL,00109693,000210,KOSPI,연간x연결,재무제표,CV-3,PASS,rows=29 cols=24 slider_extended=True,,2026-07-07T23:00:08
DL,00109693,000210,KOSPI,연간x연결,재무제표,DS-2/DS-3,DONE,"cross-check completed for ['매출액', '영업이익']",,2026-07-07T23:00:08
DL,00109693,000210,KOSPI,연간x연결,지표,CV-6,PASS,default metric selection visible,,2026-07-07T23:00:08
DL,00109693,000210,KOSPI,연간x별도,재무제표,DS-1,PASS,,,2026-07-07T23:00:13
DL,00109693,000210,KOSPI,연간x별도,상단,DS-8,PASS,,,2026-07-07T23:00:13
DL,00109693,000210,KOSPI,연간x별도,상단,DS-7,PASS,"badges seen: ['✅', '🔎', '⚠']",,2026-07-07T23:00:13
DL,00109693,000210,KOSPI,연간x별도,재무제표,CV-3,PASS,rows=29 cols=25 slider_extended=True,,2026-07-07T23:00:13
DL,00109693,000210,KOSPI,연간x별도,재무제표,DS-2/DS-3,DONE,"cross-check completed for ['매출액', '영업이익']",,2026-07-07T23:00:13
DL,00109693,000210,KOSPI,연간x별도,지표,CV-6,PASS,default metric selection visible,,2026-07-07T23:00:13
DL,00109693,000210,KOSPI,분기x연결,재무제표,DS-1,PASS,,,2026-07-07T23:00:19
DL,00109693,000210,KOSPI,분기x연결,상단,DS-8,PASS,,,2026-07-07T23:00:19
DL,00109693,000210,KOSPI,분기x연결,상단,DS-7,PASS,"badges seen: ['✅', '🔎']",,2026-07-07T23:00:19
DL,00109693,000210,KOSPI,분기x연결,재무제표,CV-3,PASS,rows=29 cols=69 slider_extended=True,,2026-07-07T23:00:19
DL,00109693,000210,KOSPI,분기x연결,재무제표,DS-2/DS-3,DONE,"cross-check completed for ['매출액', '영업이익']",,2026-07-07T23:00:19
DL,00109693,000210,KOSPI,분기x연결,지표,CV-6,PASS,default metric selection visible,,2026-07-07T23:00:19
DL,00109693,000210,KOSPI,분기x별도,재무제표,DS-1,PASS,,,2026-07-07T23:00:26
DL,00109693,000210,KOSPI,분기x별도,상단,DS-8,PASS,,,2026-07-07T23:00:26
DL,00109693,000210,KOSPI,분기x별도,상단,DS-7,PASS,"badges seen: ['✅', '🔎', '⚠']",,2026-07-07T23:00:26
DL,00109693,000210,KOSPI,분기x별도,재무제표,CV-3,PASS,rows=29 cols=77 slider_extended=True,,2026-07-07T23:00:26
DL,00109693,000210,KOSPI,분기x별도,재무제표,DS-2/DS-3,DONE,"cross-check completed for ['매출액', '영업이익']",,2026-07-07T23:00:26
DL,00109693,000210,KOSPI,분기x별도,지표,CV-6,PASS,default metric selection visible,,2026-07-07T23:00:26
DL이앤씨,01524093,375500,KOSPI,연간x연결,재무제표,DS-1,PASS,,,2026-07-07T23:00:40
DL이앤씨,01524093,375500,KOSPI,연간x연결,상단,DS-8,PASS,,,2026-07-07T23:00:40
DL이앤씨,01524093,375500,KOSPI,연간x연결,상단,DS-7,PASS,"badges seen: ['✅', '🔎']",,2026-07-07T23:00:40
DL이앤씨,01524093,375500,KOSPI,연간x연결,재무제표,CV-3,PASS,rows=29 cols=7 slider_extended=True,,2026-07-07T23:00:40
DL이앤씨,01524093,375500,KOSPI,연간x연결,재무제표,DS-2/DS-3,DONE,"cross-check completed for ['매출액', '영업이익']",,2026-07-07T23:00:40
DL이앤씨,01524093,375500,KOSPI,연간x연결,지표,CV-6,PASS,default metric selection visible,,2026-07-07T23:00:40
DL이앤씨,01524093,375500,KOSPI,연간x별도,재무제표,DS-1,PASS,,,2026-07-07T23:00:45
DL이앤씨,01524093,375500,KOSPI,연간x별도,상단,DS-8,PASS,,,2026-07-07T23:00:45
DL이앤씨,01524093,375500,KOSPI,연간x별도,상단,DS-7,PASS,"badges seen: ['✅', '🔎']",,2026-07-07T23:00:45
DL이앤씨,01524093,375500,KOSPI,연간x별도,재무제표,CV-3,PASS,rows=29 cols=7 slider_extended=True,,2026-07-07T23:00:45
DL이앤씨,01524093,375500,KOSPI,연간x별도,재무제표,DS-2/DS-3,DONE,"cross-check completed for ['매출액', '영업이익']",,2026-07-07T23:00:45
DL이앤씨,01524093,375500,KOSPI,연간x별도,지표,CV-6,PASS,default metric selection visible,,2026-07-07T23:00:45
DL이앤씨,01524093,375500,KOSPI,분기x연결,재무제표,DS-1,PASS,,,2026-07-07T23:00:51
DL이앤씨,01524093,375500,KOSPI,분기x연결,상단,DS-8,PASS,,,2026-07-07T23:00:51
DL이앤씨,01524093,375500,KOSPI,분기x연결,상단,DS-7,PASS,"badges seen: ['✅', '🔎', '⚠']",,2026-07-07T23:00:51
DL이앤씨,01524093,375500,KOSPI,분기x연결,재무제표,CV-3,PASS,rows=29 cols=24 slider_extended=True,,2026-07-07T23:00:51
DL이앤씨,01524093,375500,KOSPI,분기x연결,재무제표,DS-2/DS-3,DONE,"cross-check completed for ['매출액', '영업이익']",,2026-07-07T23:00:51
DL이앤씨,01524093,375500,KOSPI,분기x연결,지표,CV-6,PASS,default metric selection visible,,2026-07-07T23:00:51
DL이앤씨,01524093,375500,KOSPI,분기x별도,재무제표,DS-1,PASS,,,2026-07-07T23:00:59
DL이앤씨,01524093,375500,KOSPI,분기x별도,상단,DS-8,PASS,,,2026-07-07T23:00:59
DL이앤씨,01524093,375500,KOSPI,분기x별도,상단,DS-7,PASS,"badges seen: ['✅', '🔎', '⚠']",,2026-07-07T23:00:59
DL이앤씨,01524093,375500,KOSPI,분기x별도,재무제표,CV-3,PASS,rows=29 cols=24 slider_extended=True,,2026-07-07T23:00:59
DL이앤씨,01524093,375500,KOSPI,분기x별도,재무제표,DS-2/DS-3,DONE,"cross-check completed for ['매출액', '영업이익']",,2026-07-07T23:00:59
DL이앤씨,01524093,375500,KOSPI,분기x별도,지표,CV-6,PASS,default metric selection visible,,2026-07-07T23:00:59
DN오토모티브,00116949,007340,KOSPI,연간x연결,재무제표,DS-1,PASS,,,2026-07-07T23:01:12
DN오토모티브,00116949,007340,KOSPI,연간x연결,상단,DS-8,PASS,,,2026-07-07T23:01:12
DN오토모티브,00116949,007340,KOSPI,연간x연결,상단,DS-7,PASS,"badges seen: ['✅', '🔎', '⚠']",,2026-07-07T23:01:12
DN오토모티브,00116949,007340,KOSPI,연간x연결,재무제표,CV-3,PASS,rows=29 cols=19 slider_extended=True,,2026-07-07T23:01:12
DN오토모티브,00116949,007340,KOSPI,연간x연결,재무제표,DS-2/DS-3,DONE,"cross-check completed for ['매출액', '영업이익']",,2026-07-07T23:01:12
DN오토모티브,00116949,007340,KOSPI,연간x연결,지표,CV-6,PASS,default metric selection visible,,2026-07-07T23:01:12
DN오토모티브,00116949,007340,KOSPI,연간x별도,재무제표,DS-1,PASS,,,2026-07-07T23:01:17
DN오토모티브,00116949,007340,KOSPI,연간x별도,상단,DS-8,PASS,,,2026-07-07T23:01:17
DN오토모티브,00116949,007340,KOSPI,연간x별도,상단,DS-7,PASS,"badges seen: ['✅', '🔎', '⚠']",,2026-07-07T23:01:17
DN오토모티브,00116949,007340,KOSPI,연간x별도,재무제표,CV-3,PASS,rows=29 cols=22 slider_extended=True,,2026-07-07T23:01:17
DN오토모티브,00116949,007340,KOSPI,연간x별도,재무제표,DS-2/DS-3,DONE,"cross-check completed for ['매출액', '영업이익']",,2026-07-07T23:01:17
DN오토모티브,00116949,007340,KOSPI,연간x별도,지표,CV-6,PASS,default metric selection visible,,2026-07-07T23:01:17
DN오토모티브,00116949,007340,KOSPI,분기x연결,재무제표,DS-1,PASS,,,2026-07-07T23:01:24
DN오토모티브,00116949,007340,KOSPI,분기x연결,상단,DS-8,PASS,,,2026-07-07T23:01:24
DN오토모티브,00116949,007340,KOSPI,분기x연결,상단,DS-7,PASS,"badges seen: ['✅', '🔎']",,2026-07-07T23:01:24
DN오토모티브,00116949,007340,KOSPI,분기x연결,재무제표,CV-3,PASS,rows=29 cols=73 slider_extended=True,,2026-07-07T23:01:24
DN오토모티브,00116949,007340,KOSPI,분기x연결,재무제표,DS-2/DS-3,DONE,"cross-check completed for ['매출액', '영업이익']",,2026-07-07T23:01:24
DN오토모티브,00116949,007340,KOSPI,분기x연결,지표,CV-6,PASS,default metric selection visible,,2026-07-07T23:01:24
DN오토모티브,00116949,007340,KOSPI,분기x별도,재무제표,DS-1,PASS,,,2026-07-07T23:01:31
DN오토모티브,00116949,007340,KOSPI,분기x별도,상단,DS-8,PASS,,,2026-07-07T23:01:31
DN오토모티브,00116949,007340,KOSPI,분기x별도,상단,DS-7,PASS,"badges seen: ['✅', '🔎', '⚠']",,2026-07-07T23:01:31
DN오토모티브,00116949,007340,KOSPI,분기x별도,재무제표,CV-3,PASS,rows=29 cols=74 slider_extended=True,,2026-07-07T23:01:31
DN오토모티브,00116949,007340,KOSPI,분기x별도,재무제표,DS-2/DS-3,DONE,"cross-check completed for ['매출액', '영업이익']",,2026-07-07T23:01:31
DN오토모티브,00116949,007340,KOSPI,분기x별도,지표,CV-6,PASS,default metric selection visible,,2026-07-07T23:01:31
DRB동일,00118266,004840,KOSPI,연간x연결,재무제표,DS-1,PASS,,,2026-07-07T23:01:45
DRB동일,00118266,004840,KOSPI,연간x연결,상단,DS-8,PASS,,,2026-07-07T23:01:45
DRB동일,00118266,004840,KOSPI,연간x연결,상단,DS-7,PASS,"badges seen: ['✅', '🔎', '⚠']",,2026-07-07T23:01:45
DRB동일,00118266,004840,KOSPI,연간x연결,재무제표,CV-3,PASS,rows=29 cols=19 slider_extended=True,,2026-07-07T23:01:45
DRB동일,00118266,004840,KOSPI,연간x연결,재무제표,DS-2/DS-3,DONE,"cross-check completed for ['매출액', '영업이익']",,2026-07-07T23:01:45
DRB동일,00118266,004840,KOSPI,연간x연결,지표,CV-6,PASS,default metric selection visible,,2026-07-07T23:01:45
DRB동일,00118266,004840,KOSPI,연간x별도,재무제표,DS-1,PASS,,,2026-07-07T23:01:50
DRB동일,00118266,004840,KOSPI,연간x별도,상단,DS-8,PASS,,,2026-07-07T23:01:50
DRB동일,00118266,004840,KOSPI,연간x별도,상단,DS-7,PASS,"badges seen: ['✅', '🔎']",,2026-07-07T23:01:50
DRB동일,00118266,004840,KOSPI,연간x별도,재무제표,CV-3,PASS,rows=29 cols=23 slider_extended=True,,2026-07-07T23:01:50
DRB동일,00118266,004840,KOSPI,연간x별도,재무제표,DS-2/DS-3,DONE,"cross-check completed for ['매출액', '영업이익']",,2026-07-07T23:01:50
DRB동일,00118266,004840,KOSPI,연간x별도,지표,CV-6,PASS,default metric selection visible,,2026-07-07T23:01:50
DRB동일,00118266,004840,KOSPI,분기x연결,재무제표,DS-1,PASS,,,2026-07-07T23:01:56
DRB동일,00118266,004840,KOSPI,분기x연결,상단,DS-8,PASS,,,2026-07-07T23:01:56
DRB동일,00118266,004840,KOSPI,분기x연결,상단,DS-7,PASS,"badges seen: ['✅', '🔎', '⚠']",,2026-07-07T23:01:56
DRB동일,00118266,004840,KOSPI,분기x연결,재무제표,CV-3,PASS,rows=29 cols=60 slider_extended=True,,2026-07-07T23:01:56
DRB동일,00118266,004840,KOSPI,분기x연결,재무제표,DS-2/DS-3,DONE,"cross-check completed for ['매출액', '영업이익']",,2026-07-07T23:01:56
DRB동일,00118266,004840,KOSPI,분기x연결,지표,CV-6,PASS,default metric selection visible,,2026-07-07T23:01:56
DRB동일,00118266,004840,KOSPI,분기x별도,재무제표,DS-1,PASS,,,2026-07-07T23:02:03
DRB동일,00118266,004840,KOSPI,분기x별도,상단,DS-8,PASS,,,2026-07-07T23:02:03
DRB동일,00118266,004840,KOSPI,분기x별도,상단,DS-7,PASS,"badges seen: ['✅', '🔎', '⚠']",,2026-07-07T23:02:03
DRB동일,00118266,004840,KOSPI,분기x별도,재무제표,CV-3,PASS,rows=29 cols=73 slider_extended=True,,2026-07-07T23:02:03
DRB동일,00118266,004840,KOSPI,분기x별도,재무제표,DS-2/DS-3,DONE,"cross-check completed for ['매출액', '영업이익']",,2026-07-07T23:02:03
DRB동일,00118266,004840,KOSPI,분기x별도,지표,CV-6,PASS,default metric selection visible,,2026-07-07T23:02:03
DS단석,00108612,017860,KOSPI,연간x연결,재무제표,DS-1,PASS,,,2026-07-07T23:02:17
DS단석,00108612,017860,KOSPI,연간x연결,상단,DS-8,PASS,,,2026-07-07T23:02:17
DS단석,00108612,017860,KOSPI,연간x연결,상단,DS-7,PASS,"badges seen: ['✅', '🔎']",,2026-07-07T23:02:17
DS단석,00108612,017860,KOSPI,연간x연결,재무제표,CV-3,PASS,rows=29 cols=7 slider_extended=True,,2026-07-07T23:02:17
DS단석,00108612,017860,KOSPI,연간x연결,재무제표,DS-2/DS-3,DONE,"cross-check completed for ['매출액', '영업이익']",,2026-07-07T23:02:17
DS단석,00108612,017860,KOSPI,연간x연결,지표,CV-6,PASS,default metric selection visible,,2026-07-07T23:02:17
DS단석,00108612,017860,KOSPI,연간x별도,재무제표,DS-1,PASS,,,2026-07-07T23:02:22
DS단석,00108612,017860,KOSPI,연간x별도,상단,DS-8,PASS,,,2026-07-07T23:02:22
DS단석,00108612,017860,KOSPI,연간x별도,상단,DS-7,PASS,"badges seen: ['✅', '🔎']",,2026-07-07T23:02:22
DS단석,00108612,017860,KOSPI,연간x별도,재무제표,CV-3,PASS,rows=29 cols=7 slider_extended=True,,2026-07-07T23:02:22
DS단석,00108612,017860,KOSPI,연간x별도,재무제표,DS-2/DS-3,DONE,"cross-check completed for ['매출액', '영업이익']",,2026-07-07T23:02:22
DS단석,00108612,017860,KOSPI,연간x별도,지표,CV-6,PASS,default metric selection visible,,2026-07-07T23:02:22
DS단석,00108612,017860,KOSPI,분기x연결,재무제표,DS-1,PASS,,,2026-07-07T23:02:28
DS단석,00108612,017860,KOSPI,분기x연결,상단,DS-8,PASS,,,2026-07-07T23:02:28
DS단석,00108612,017860,KOSPI,분기x연결,상단,DS-7,PASS,"badges seen: ['✅', '🔎']",,2026-07-07T23:02:28
DS단석,00108612,017860,KOSPI,분기x연결,재무제표,CV-3,PASS,rows=29 cols=16 slider_extended=True,,2026-07-07T23:02:28
DS단석,00108612,017860,KOSPI,분기x연결,재무제표,DS-2/DS-3,DONE,"cross-check completed for ['매출액', '영업이익']",,2026-07-07T23:02:28
DS단석,00108612,017860,KOSPI,분기x연결,지표,CV-6,PASS,default metric selection visible,,2026-07-07T23:02:28
DS단석,00108612,017860,KOSPI,분기x별도,재무제표,DS-1,PASS,,,2026-07-07T23:02:36
DS단석,00108612,017860,KOSPI,분기x별도,상단,DS-8,PASS,,,2026-07-07T23:02:36
DS단석,00108612,017860,KOSPI,분기x별도,상단,DS-7,PASS,"badges seen: ['✅', '🔎']",,2026-07-07T23:02:36
DS단석,00108612,017860,KOSPI,분기x별도,재무제표,CV-3,PASS,rows=29 cols=16 slider_extended=True,,2026-07-07T23:02:36
DS단석,00108612,017860,KOSPI,분기x별도,재무제표,DS-2/DS-3,DONE,"cross-check completed for ['매출액', '영업이익']",,2026-07-07T23:02:36
DS단석,00108612,017860,KOSPI,분기x별도,지표,CV-6,PASS,default metric selection visible,,2026-07-07T23:02:36
DSR,00110608,155660,KOSPI,연간x연결,재무제표,DS-1,PASS,,,2026-07-07T23:02:49
DSR,00110608,155660,KOSPI,연간x연결,상단,DS-8,PASS,,,2026-07-07T23:02:49
DSR,00110608,155660,KOSPI,연간x연결,상단,DS-7,PASS,"badges seen: ['✅', '🔎']",,2026-07-07T23:02:49
DSR,00110608,155660,KOSPI,연간x연결,재무제표,CV-3,PASS,rows=29 cols=17 slider_extended=True,,2026-07-07T23:02:49
DSR,00110608,155660,KOSPI,연간x연결,재무제표,DS-2/DS-3,DONE,"cross-check completed for ['매출액', '영업이익']",,2026-07-07T23:02:49
DSR,00110608,155660,KOSPI,연간x연결,지표,CV-6,PASS,default metric selection visible,,2026-07-07T23:02:49
DSR,00110608,155660,KOSPI,연간x별도,재무제표,DS-1,PASS,,,2026-07-07T23:02:54
DSR,00110608,155660,KOSPI,연간x별도,상단,DS-8,PASS,,,2026-07-07T23:02:54
DSR,00110608,155660,KOSPI,연간x별도,상단,DS-7,PASS,"badges seen: ['✅', '🔎']",,2026-07-07T23:02:54
DSR,00110608,155660,KOSPI,연간x별도,재무제표,CV-3,PASS,rows=29 cols=17 slider_extended=True,,2026-07-07T23:02:54
DSR,00110608,155660,KOSPI,연간x별도,재무제표,DS-2/DS-3,DONE,"cross-check completed for ['매출액', '영업이익']",,2026-07-07T23:02:54
DSR,00110608,155660,KOSPI,연간x별도,지표,CV-6,PASS,default metric selection visible,,2026-07-07T23:02:54
DSR,00110608,155660,KOSPI,분기x연결,재무제표,DS-1,PASS,,,2026-07-07T23:03:01
DSR,00110608,155660,KOSPI,분기x연결,상단,DS-8,PASS,,,2026-07-07T23:03:01
DSR,00110608,155660,KOSPI,분기x연결,상단,DS-7,PASS,"badges seen: ['✅', '🔎']",,2026-07-07T23:03:01
DSR,00110608,155660,KOSPI,분기x연결,재무제표,CV-3,PASS,rows=29 cols=58 slider_extended=True,,2026-07-07T23:03:01
DSR,00110608,155660,KOSPI,분기x연결,재무제표,DS-2/DS-3,DONE,"cross-check completed for ['매출액', '영업이익']",,2026-07-07T23:03:01
DSR,00110608,155660,KOSPI,분기x연결,지표,CV-6,PASS,default metric selection visible,,2026-07-07T23:03:01
DSR,00110608,155660,KOSPI,분기x별도,재무제표,DS-1,PASS,,,2026-07-07T23:03:08
DSR,00110608,155660,KOSPI,분기x별도,상단,DS-8,PASS,,,2026-07-07T23:03:08
DSR,00110608,155660,KOSPI,분기x별도,상단,DS-7,PASS,"badges seen: ['✅', '🔎', '⚠']",,2026-07-07T23:03:08
DSR,00110608,155660,KOSPI,분기x별도,재무제표,CV-3,PASS,rows=29 cols=58 slider_extended=True,,2026-07-07T23:03:08
DSR,00110608,155660,KOSPI,분기x별도,재무제표,DS-2/DS-3,DONE,"cross-check completed for ['매출액', '영업이익']",,2026-07-07T23:03:08
DSR,00110608,155660,KOSPI,분기x별도,지표,CV-6,PASS,default metric selection visible,,2026-07-07T23:03:08
DSR제강,00151298,069730,KOSPI,연간x연결,재무제표,DS-1,PASS,,,2026-07-07T23:03:20
DSR제강,00151298,069730,KOSPI,연간x연결,상단,DS-8,PASS,,,2026-07-07T23:03:20
DSR제강,00151298,069730,KOSPI,연간x연결,상단,DS-7,PASS,"badges seen: ['✅', '🔎', '⚠']",,2026-07-07T23:03:20
DSR제강,00151298,069730,KOSPI,연간x연결,재무제표,CV-3,PASS,rows=29 cols=8 slider_extended=True,,2026-07-07T23:03:20
DSR제강,00151298,069730,KOSPI,연간x연결,재무제표,DS-2/DS-3,DONE,"cross-check completed for ['매출액', '영업이익']",,2026-07-07T23:03:20
DSR제강,00151298,069730,KOSPI,연간x연결,지표,CV-6,PASS,default metric selection visible,,2026-07-07T23:03:20
DSR제강,00151298,069730,KOSPI,연간x별도,재무제표,DS-1,PASS,,,2026-07-07T23:03:25
DSR제강,00151298,069730,KOSPI,연간x별도,상단,DS-8,PASS,,,2026-07-07T23:03:25
DSR제강,00151298,069730,KOSPI,연간x별도,상단,DS-7,PASS,"badges seen: ['✅', '🔎', '⚠']",,2026-07-07T23:03:25
DSR제강,00151298,069730,KOSPI,연간x별도,재무제표,CV-3,PASS,rows=29 cols=27 slider_extended=True,,2026-07-07T23:03:25
DSR제강,00151298,069730,KOSPI,연간x별도,재무제표,DS-2/DS-3,DONE,"cross-check completed for ['매출액', '영업이익']",,2026-07-07T23:03:25
DSR제강,00151298,069730,KOSPI,연간x별도,지표,CV-6,PASS,default metric selection visible,,2026-07-07T23:03:25
DSR제강,00151298,069730,KOSPI,분기x연결,재무제표,DS-1,PASS,,,2026-07-07T23:03:32
DSR제강,00151298,069730,KOSPI,분기x연결,상단,DS-8,PASS,,,2026-07-07T23:03:32
DSR제강,00151298,069730,KOSPI,분기x연결,상단,DS-7,PASS,"badges seen: ['✅', '🔎']",,2026-07-07T23:03:32
DSR제강,00151298,069730,KOSPI,분기x연결,재무제표,CV-3,PASS,rows=29 cols=13 slider_extended=True,,2026-07-07T23:03:32
DSR제강,00151298,069730,KOSPI,분기x연결,재무제표,DS-2/DS-3,DONE,"cross-check completed for ['매출액', '영업이익']",,2026-07-07T23:03:32
DSR제강,00151298,069730,KOSPI,분기x연결,지표,CV-6,PASS,default metric selection visible,,2026-07-07T23:03:32
DSR제강,00151298,069730,KOSPI,분기x별도,재무제표,DS-1,PASS,,,2026-07-07T23:03:39
DSR제강,00151298,069730,KOSPI,분기x별도,상단,DS-8,PASS,,,2026-07-07T23:03:39
DSR제강,00151298,069730,KOSPI,분기x별도,상단,DS-7,PASS,"badges seen: ['✅', '🔎']",,2026-07-07T23:03:39
DSR제강,00151298,069730,KOSPI,분기x별도,재무제표,CV-3,PASS,rows=29 cols=79 slider_extended=True,,2026-07-07T23:03:39
DSR제강,00151298,069730,KOSPI,분기x별도,재무제표,DS-2/DS-3,DONE,"cross-check completed for ['매출액', '영업이익']",,2026-07-07T23:03:39
DSR제강,00151298,069730,KOSPI,분기x별도,지표,CV-6,PASS,default metric selection visible,,2026-07-07T23:03:39
포스코DX,00155212,022100,KOSPI,연간x연결,재무제표,DS-1,PASS,,,2026-07-07T23:03:52
포스코DX,00155212,022100,KOSPI,연간x연결,상단,DS-8,PASS,,,2026-07-07T23:03:52
포스코DX,00155212,022100,KOSPI,연간x연결,상단,DS-7,PASS,"badges seen: ['✅', '🔎']",,2026-07-07T23:03:52
포스코DX,00155212,022100,KOSPI,연간x연결,재무제표,CV-3,PASS,rows=29 cols=19 slider_extended=True,,2026-07-07T23:03:52
포스코DX,00155212,022100,KOSPI,연간x연결,재무제표,DS-2/DS-3,DONE,"cross-check completed for ['매출액', '영업이익']",,2026-07-07T23:03:52
포스코DX,00155212,022100,KOSPI,연간x연결,지표,CV-6,PASS,default metric selection visible,,2026-07-07T23:03:52
포스코DX,00155212,022100,KOSPI,연간x별도,재무제표,DS-1,PASS,,,2026-07-07T23:03:58
포스코DX,00155212,022100,KOSPI,연간x별도,상단,DS-8,PASS,,,2026-07-07T23:03:58
포스코DX,00155212,022100,KOSPI,연간x별도,상단,DS-7,PASS,"badges seen: ['✅', '🔎']",,2026-07-07T23:03:58
포스코DX,00155212,022100,KOSPI,연간x별도,재무제표,CV-3,PASS,rows=29 cols=27 slider_extended=True,,2026-07-07T23:03:58
포스코DX,00155212,022100,KOSPI,연간x별도,재무제표,DS-2/DS-3,DONE,"cross-check completed for ['매출액', '영업이익']",,2026-07-07T23:03:58
포스코DX,00155212,022100,KOSPI,연간x별도,지표,CV-6,PASS,default metric selection visible,,2026-07-07T23:03:58
포스코DX,00155212,022100,KOSPI,분기x연결,재무제표,DS-1,PASS,,,2026-07-07T23:04:04
포스코DX,00155212,022100,KOSPI,분기x연결,상단,DS-8,PASS,,,2026-07-07T23:04:04
포스코DX,00155212,022100,KOSPI,분기x연결,상단,DS-7,PASS,"badges seen: ['✅', '🔎']",,2026-07-07T23:04:04
포스코DX,00155212,022100,KOSPI,분기x연결,재무제표,CV-3,PASS,rows=29 cols=60 slider_extended=True,,2026-07-07T23:04:04
포스코DX,00155212,022100,KOSPI,분기x연결,재무제표,DS-2/DS-3,DONE,"cross-check completed for ['매출액', '영업이익']",,2026-07-07T23:04:04
포스코DX,00155212,022100,KOSPI,분기x연결,지표,CV-6,PASS,default metric selection visible,,2026-07-07T23:04:04
포스코DX,00155212,022100,KOSPI,분기x별도,재무제표,DS-1,PASS,,,2026-07-07T23:04:11
포스코DX,00155212,022100,KOSPI,분기x별도,상단,DS-8,PASS,,,2026-07-07T23:04:11
포스코DX,00155212,022100,KOSPI,분기x별도,상단,DS-7,PASS,"badges seen: ['✅', '🔎']",,2026-07-07T23:04:11
포스코DX,00155212,022100,KOSPI,분기x별도,재무제표,CV-3,PASS,rows=29 cols=85 slider_extended=True,,2026-07-07T23:04:11
포스코DX,00155212,022100,KOSPI,분기x별도,재무제표,DS-2/DS-3,DONE,"cross-check completed for ['매출액', '영업이익']",,2026-07-07T23:04:11
포스코DX,00155212,022100,KOSPI,분기x별도,지표,CV-6,PASS,default metric selection visible,,2026-07-07T23:04:11
DYP,00117726,092780,KOSPI,연간x연결,재무제표,DS-1,PASS,,,2026-07-07T23:04:24
DYP,00117726,092780,KOSPI,연간x연결,상단,DS-8,PASS,,,2026-07-07T23:04:24
DYP,00117726,092780,KOSPI,연간x연결,상단,DS-7,PASS,"badges seen: ['✅', '🔎', '⚠']",,2026-07-07T23:04:24
DYP,00117726,092780,KOSPI,연간x연결,재무제표,CV-3,PASS,rows=29 cols=13 slider_extended=True,,2026-07-07T23:04:24
DYP,00117726,092780,KOSPI,연간x연결,재무제표,DS-2/DS-3,DONE,"cross-check completed for ['매출액', '영업이익']",,2026-07-07T23:04:24
DYP,00117726,092780,KOSPI,연간x연결,지표,CV-6,PASS,default metric selection visible,,2026-07-07T23:04:24
DYP,00117726,092780,KOSPI,연간x별도,재무제표,DS-1,PASS,,,2026-07-07T23:04:29
DYP,00117726,092780,KOSPI,연간x별도,상단,DS-8,PASS,,,2026-07-07T23:04:29
DYP,00117726,092780,KOSPI,연간x별도,상단,DS-7,PASS,"badges seen: ['✅', '🔎', '⚠']",,2026-07-07T23:04:29
DYP,00117726,092780,KOSPI,연간x별도,재무제표,CV-3,PASS,rows=29 cols=13 slider_extended=True,,2026-07-07T23:04:29
DYP,00117726,092780,KOSPI,연간x별도,재무제표,DS-2/DS-3,DONE,"cross-check completed for ['매출액', '영업이익']",,2026-07-07T23:04:29
DYP,00117726,092780,KOSPI,연간x별도,지표,CV-6,PASS,default metric selection visible,,2026-07-07T23:04:29
DYP,00117726,092780,KOSPI,분기x연결,재무제표,DS-1,PASS,,,2026-07-07T23:04:35
DYP,00117726,092780,KOSPI,분기x연결,상단,DS-8,PASS,,,2026-07-07T23:04:35
DYP,00117726,092780,KOSPI,분기x연결,상단,DS-7,PASS,"badges seen: ['✅', '🔎', '⚠']",,2026-07-07T23:04:35
DYP,00117726,092780,KOSPI,분기x연결,재무제표,CV-3,PASS,rows=29 cols=40 slider_extended=True,,2026-07-07T23:04:35
DYP,00117726,092780,KOSPI,분기x연결,재무제표,DS-2/DS-3,DONE,"cross-check completed for ['매출액', '영업이익']",,2026-07-07T23:04:35
DYP,00117726,092780,KOSPI,분기x연결,지표,CV-6,PASS,default metric selection visible,,2026-07-07T23:04:35
DYP,00117726,092780,KOSPI,분기x별도,재무제표,DS-1,PASS,,,2026-07-07T23:04:43
DYP,00117726,092780,KOSPI,분기x별도,상단,DS-8,PASS,,,2026-07-07T23:04:43
DYP,00117726,092780,KOSPI,분기x별도,상단,DS-7,PASS,"badges seen: ['✅', '🔎', '⚠']",,2026-07-07T23:04:43
DYP,00117726,092780,KOSPI,분기x별도,재무제표,CV-3,PASS,rows=29 cols=40 slider_extended=True,,2026-07-07T23:04:43
DYP,00117726,092780,KOSPI,분기x별도,재무제표,DS-2/DS-3,DONE,"cross-check completed for ['매출액', '영업이익']",,2026-07-07T23:04:43
DYP,00117726,092780,KOSPI,분기x별도,지표,CV-6,PASS,default metric selection visible,,2026-07-07T23:04:43
삼성E&A,00126308,028050,KOSPI,연간x연결,재무제표,DS-1,PASS,,,2026-07-07T23:04:56
삼성E&A,00126308,028050,KOSPI,연간x연결,상단,DS-8,PASS,,,2026-07-07T23:04:56
삼성E&A,00126308,028050,KOSPI,연간x연결,상단,DS-7,PASS,"badges seen: ['✅', '🔎', '⚠']",,2026-07-07T23:04:56
삼성E&A,00126308,028050,KOSPI,연간x연결,재무제표,CV-3,PASS,rows=29 cols=20 slider_extended=True,,2026-07-07T23:04:56
삼성E&A,00126308,028050,KOSPI,연간x연결,재무제표,DS-2/DS-3,DONE,"cross-check completed for ['매출액', '영업이익']",,2026-07-07T23:04:56
삼성E&A,00126308,028050,KOSPI,연간x연결,지표,CV-6,PASS,default metric selection visible,,2026-07-07T23:04:56
삼성E&A,00126308,028050,KOSPI,연간x별도,재무제표,DS-1,PASS,,,2026-07-07T23:05:01
삼성E&A,00126308,028050,KOSPI,연간x별도,상단,DS-8,PASS,,,2026-07-07T23:05:01
삼성E&A,00126308,028050,KOSPI,연간x별도,상단,DS-7,PASS,"badges seen: ['✅', '🔎', '⚠']",,2026-07-07T23:05:01
삼성E&A,00126308,028050,KOSPI,연간x별도,재무제표,CV-3,PASS,rows=29 cols=25 slider_extended=True,,2026-07-07T23:05:01
삼성E&A,00126308,028050,KOSPI,연간x별도,재무제표,DS-2/DS-3,DONE,"cross-check completed for ['매출액', '영업이익']",,2026-07-07T23:05:01
삼성E&A,00126308,028050,KOSPI,연간x별도,지표,CV-6,PASS,default metric selection visible,,2026-07-07T23:05:01
삼성E&A,00126308,028050,KOSPI,분기x연결,재무제표,DS-1,PASS,,,2026-07-07T23:05:08
삼성E&A,00126308,028050,KOSPI,분기x연결,상단,DS-8,PASS,,,2026-07-07T23:05:08
삼성E&A,00126308,028050,KOSPI,분기x연결,상단,DS-7,PASS,"badges seen: ['✅', '🔎']",,2026-07-07T23:05:08
삼성E&A,00126308,028050,KOSPI,분기x연결,재무제표,CV-3,PASS,rows=29 cols=70 slider_extended=True,,2026-07-07T23:05:08
삼성E&A,00126308,028050,KOSPI,분기x연결,재무제표,DS-2/DS-3,DONE,"cross-check completed for ['매출액', '영업이익']",,2026-07-07T23:05:08
삼성E&A,00126308,028050,KOSPI,분기x연결,지표,CV-6,PASS,default metric selection visible,,2026-07-07T23:05:08
삼성E&A,00126308,028050,KOSPI,분기x별도,재무제표,DS-1,PASS,,,2026-07-07T23:05:15
삼성E&A,00126308,028050,KOSPI,분기x별도,상단,DS-8,PASS,,,2026-07-07T23:05:15
삼성E&A,00126308,028050,KOSPI,분기x별도,상단,DS-7,PASS,"badges seen: ['✅', '🔎']",,2026-07-07T23:05:15
삼성E&A,00126308,028050,KOSPI,분기x별도,재무제표,CV-3,PASS,rows=29 cols=76 slider_extended=True,,2026-07-07T23:05:15
삼성E&A,00126308,028050,KOSPI,분기x별도,재무제표,DS-2/DS-3,DONE,"cross-check completed for ['매출액', '영업이익']",,2026-07-07T23:05:15
삼성E&A,00126308,028050,KOSPI,분기x별도,지표,CV-6,PASS,default metric selection visible,,2026-07-07T23:05:15
E1,00165583,017940,KOSPI,연간x연결,재무제표,DS-1,PASS,,,2026-07-07T23:05:29
E1,00165583,017940,KOSPI,연간x연결,상단,DS-8,PASS,,,2026-07-07T23:05:29
E1,00165583,017940,KOSPI,연간x연결,상단,DS-7,PASS,"badges seen: ['✅', '🔎', '⚠']",,2026-07-07T23:05:29
E1,00165583,017940,KOSPI,연간x연결,재무제표,CV-3,PASS,rows=29 cols=21 slider_extended=True,,2026-07-07T23:05:29
E1,00165583,017940,KOSPI,연간x연결,재무제표,DS-2/DS-3,DONE,"cross-check completed for ['매출액', '영업이익']",,2026-07-07T23:05:29
E1,00165583,017940,KOSPI,연간x연결,지표,CV-6,PASS,default metric selection visible,,2026-07-07T23:05:29
E1,00165583,017940,KOSPI,연간x별도,재무제표,DS-1,PASS,,,2026-07-07T23:05:34
E1,00165583,017940,KOSPI,연간x별도,상단,DS-8,PASS,,,2026-07-07T23:05:34
E1,00165583,017940,KOSPI,연간x별도,상단,DS-7,PASS,"badges seen: ['✅', '🔎', '⚠']",,2026-07-07T23:05:34
E1,00165583,017940,KOSPI,연간x별도,재무제표,CV-3,PASS,rows=29 cols=28 slider_extended=True,,2026-07-07T23:05:34
E1,00165583,017940,KOSPI,연간x별도,재무제표,DS-2/DS-3,DONE,"cross-check completed for ['매출액', '영업이익']",,2026-07-07T23:05:34
E1,00165583,017940,KOSPI,연간x별도,지표,CV-6,PASS,default metric selection visible,,2026-07-07T23:05:34
E1,00165583,017940,KOSPI,분기x연결,재무제표,DS-1,PASS,,,2026-07-07T23:05:40
E1,00165583,017940,KOSPI,분기x연결,상단,DS-8,PASS,,,2026-07-07T23:05:40
E1,00165583,017940,KOSPI,분기x연결,상단,DS-7,PASS,"badges seen: ['✅', '🔎']",,2026-07-07T23:05:40
E1,00165583,017940,KOSPI,분기x연결,재무제표,CV-3,PASS,rows=29 cols=71 slider_extended=True,,2026-07-07T23:05:40
E1,00165583,017940,KOSPI,분기x연결,재무제표,DS-2/DS-3,DONE,"cross-check completed for ['매출액', '영업이익']",,2026-07-07T23:05:40
E1,00165583,017940,KOSPI,분기x연결,지표,CV-6,PASS,default metric selection visible,,2026-07-07T23:05:40
E1,00165583,017940,KOSPI,분기x별도,재무제표,DS-1,PASS,,,2026-07-07T23:05:48
E1,00165583,017940,KOSPI,분기x별도,상단,DS-8,PASS,,,2026-07-07T23:05:48
E1,00165583,017940,KOSPI,분기x별도,상단,DS-7,PASS,"badges seen: ['✅', '🔎']",,2026-07-07T23:05:48
E1,00165583,017940,KOSPI,분기x별도,재무제표,CV-3,PASS,rows=29 cols=85 slider_extended=True,,2026-07-07T23:05:48
E1,00165583,017940,KOSPI,분기x별도,재무제표,DS-2/DS-3,DONE,"cross-check completed for ['매출액', '영업이익']",,2026-07-07T23:05:48
E1,00165583,017940,KOSPI,분기x별도,지표,CV-6,PASS,default metric selection visible,,2026-07-07T23:05:48
F&F,01568413,383220,KOSPI,연간x연결,재무제표,DS-1,PASS,,,2026-07-07T23:06:02
F&F,01568413,383220,KOSPI,연간x연결,상단,DS-8,PASS,,,2026-07-07T23:06:02
F&F,01568413,383220,KOSPI,연간x연결,상단,DS-7,PASS,"badges seen: ['✅', '🔎']",,2026-07-07T23:06:02
F&F,01568413,383220,KOSPI,연간x연결,재무제표,CV-3,PASS,rows=29 cols=7 slider_extended=True,,2026-07-07T23:06:02
F&F,01568413,383220,KOSPI,연간x연결,재무제표,DS-2/DS-3,DONE,"cross-check completed for ['매출액', '영업이익']",,2026-07-07T23:06:02
F&F,01568413,383220,KOSPI,연간x연결,지표,CV-6,PASS,default metric selection visible,,2026-07-07T23:06:02
F&F,01568413,383220,KOSPI,연간x별도,재무제표,DS-1,PASS,,,2026-07-07T23:06:07
F&F,01568413,383220,KOSPI,연간x별도,상단,DS-8,PASS,,,2026-07-07T23:06:07
F&F,01568413,383220,KOSPI,연간x별도,상단,DS-7,PASS,"badges seen: ['✅', '🔎']",,2026-07-07T23:06:07
F&F,01568413,383220,KOSPI,연간x별도,재무제표,CV-3,PASS,rows=29 cols=7 slider_extended=True,,2026-07-07T23:06:07
F&F,01568413,383220,KOSPI,연간x별도,재무제표,DS-2/DS-3,DONE,"cross-check completed for ['매출액', '영업이익']",,2026-07-07T23:06:07
F&F,01568413,383220,KOSPI,연간x별도,지표,CV-6,PASS,default metric selection visible,,2026-07-07T23:06:07
F&F,01568413,383220,KOSPI,분기x연결,재무제표,DS-1,PASS,,,2026-07-07T23:06:13
F&F,01568413,383220,KOSPI,분기x연결,상단,DS-8,PASS,,,2026-07-07T23:06:13
F&F,01568413,383220,KOSPI,분기x연결,상단,DS-7,PASS,"badges seen: ['✅', '🔎']",,2026-07-07T23:06:13
F&F,01568413,383220,KOSPI,분기x연결,재무제표,CV-3,PASS,rows=29 cols=23 slider_extended=True,,2026-07-07T23:06:13
F&F,01568413,383220,KOSPI,분기x연결,재무제표,DS-2/DS-3,DONE,"cross-check completed for ['매출액', '영업이익']",,2026-07-07T23:06:13
F&F,01568413,383220,KOSPI,분기x연결,지표,CV-6,PASS,default metric selection visible,,2026-07-07T23:06:13
F&F,01568413,383220,KOSPI,분기x별도,재무제표,DS-1,PASS,,,2026-07-07T23:06:20
F&F,01568413,383220,KOSPI,분기x별도,상단,DS-8,PASS,,,2026-07-07T23:06:20
F&F,01568413,383220,KOSPI,분기x별도,상단,DS-7,PASS,"badges seen: ['✅', '🔎']",,2026-07-07T23:06:20
F&F,01568413,383220,KOSPI,분기x별도,재무제표,CV-3,PASS,rows=29 cols=23 slider_extended=True,,2026-07-07T23:06:20
F&F,01568413,383220,KOSPI,분기x별도,재무제표,DS-2/DS-3,DONE,"cross-check completed for ['매출액', '영업이익']",,2026-07-07T23:06:20
F&F,01568413,383220,KOSPI,분기x별도,지표,CV-6,PASS,default metric selection visible,,2026-07-07T23:06:20
F&F 홀딩스,00126487,007700,KOSPI,연간x연결,재무제표,DS-1,PASS,,,2026-07-07T23:06:31
F&F 홀딩스,00126487,007700,KOSPI,연간x연결,상단,DS-8,PASS,,,2026-07-07T23:06:31
F&F 홀딩스,00126487,007700,KOSPI,연간x연결,상단,DS-7,PASS,"badges seen: ['✅', '🔎', '⚠']",,2026-07-07T23:06:31
F&F 홀딩스,00126487,007700,KOSPI,연간x연결,재무제표,CV-3,PASS,rows=29 cols=22 slider_extended=True,,2026-07-07T23:06:31
F&F 홀딩스,00126487,007700,KOSPI,연간x연결,재무제표,DS-2/DS-3,DONE,"cross-check completed for ['매출액', '영업이익']",,2026-07-07T23:06:31
F&F 홀딩스,00126487,007700,KOSPI,연간x연결,지표,CV-6,PASS,default metric selection visible,,2026-07-07T23:06:31
F&F 홀딩스,00126487,007700,KOSPI,연간x별도,재무제표,DS-1,PASS,,,2026-07-07T23:06:36
F&F 홀딩스,00126487,007700,KOSPI,연간x별도,상단,DS-8,PASS,,,2026-07-07T23:06:36
F&F 홀딩스,00126487,007700,KOSPI,연간x별도,상단,DS-7,PASS,"badges seen: ['✅', '🔎', '⚠']",,2026-07-07T23:06:36
F&F 홀딩스,00126487,007700,KOSPI,연간x별도,재무제표,CV-3,PASS,rows=29 cols=26 slider_extended=True,,2026-07-07T23:06:36
F&F 홀딩스,00126487,007700,KOSPI,연간x별도,재무제표,DS-2/DS-3,DONE,"cross-check completed for ['매출액', '영업이익']",,2026-07-07T23:06:36
F&F 홀딩스,00126487,007700,KOSPI,연간x별도,지표,CV-6,PASS,default metric selection visible,,2026-07-07T23:06:36
F&F 홀딩스,00126487,007700,KOSPI,분기x연결,재무제표,DS-1,PASS,,,2026-07-07T23:06:42
F&F 홀딩스,00126487,007700,KOSPI,분기x연결,상단,DS-8,PASS,,,2026-07-07T23:06:42
F&F 홀딩스,00126487,007700,KOSPI,분기x연결,상단,DS-7,PASS,"badges seen: ['✅', '🔎']",,2026-07-07T23:06:42
F&F 홀딩스,00126487,007700,KOSPI,분기x연결,재무제표,CV-3,PASS,rows=29 cols=71 slider_extended=True,,2026-07-07T23:06:42
F&F 홀딩스,00126487,007700,KOSPI,분기x연결,재무제표,DS-2/DS-3,DONE,"cross-check completed for ['매출액', '영업이익']",,2026-07-07T23:06:42
F&F 홀딩스,00126487,007700,KOSPI,분기x연결,지표,CV-6,PASS,default metric selection visible,,2026-07-07T23:06:42
F&F 홀딩스,00126487,007700,KOSPI,분기x별도,재무제표,DS-1,PASS,,,2026-07-07T23:06:50
F&F 홀딩스,00126487,007700,KOSPI,분기x별도,상단,DS-8,PASS,,,2026-07-07T23:06:50
F&F 홀딩스,00126487,007700,KOSPI,분기x별도,상단,DS-7,PASS,"badges seen: ['✅', '🔎', '⚠']",,2026-07-07T23:06:50
F&F 홀딩스,00126487,007700,KOSPI,분기x별도,재무제표,CV-3,PASS,rows=29 cols=76 slider_extended=True,,2026-07-07T23:06:50
F&F 홀딩스,00126487,007700,KOSPI,분기x별도,재무제표,DS-2/DS-3,DONE,"cross-check completed for ['매출액', '영업이익']",,2026-07-07T23:06:50
F&F 홀딩스,00126487,007700,KOSPI,분기x별도,지표,CV-6,PASS,default metric selection visible,,2026-07-07T23:06:50
GKL,00557508,114090,KOSPI,연간x연결,재무제표,DS-1,PASS,,,2026-07-07T23:07:04
GKL,00557508,114090,KOSPI,연간x연결,상단,DS-8,PASS,,,2026-07-07T23:07:04
GKL,00557508,114090,KOSPI,연간x연결,상단,DS-7,PASS,"badges seen: ['✅', '🔎']",,2026-07-07T23:07:04
GKL,00557508,114090,KOSPI,연간x연결,재무제표,CV-3,PASS,rows=29 cols=12 slider_extended=True,,2026-07-07T23:07:04
GKL,00557508,114090,KOSPI,연간x연결,재무제표,DS-2/DS-3,DONE,"cross-check completed for ['매출액', '영업이익']",,2026-07-07T23:07:04
GKL,00557508,114090,KOSPI,연간x연결,지표,CV-6,PASS,default metric selection visible,,2026-07-07T23:07:04
GKL,00557508,114090,KOSPI,연간x별도,재무제표,DS-1,PASS,,,2026-07-07T23:07:09
GKL,00557508,114090,KOSPI,연간x별도,상단,DS-8,PASS,,,2026-07-07T23:07:09
GKL,00557508,114090,KOSPI,연간x별도,상단,DS-7,PASS,"badges seen: ['✅', '🔎']",,2026-07-07T23:07:09
GKL,00557508,114090,KOSPI,연간x별도,재무제표,CV-3,PASS,rows=29 cols=21 slider_extended=True,,2026-07-07T23:07:09
GKL,00557508,114090,KOSPI,연간x별도,재무제표,DS-2/DS-3,DONE,"cross-check completed for ['매출액', '영업이익']",,2026-07-07T23:07:09
GKL,00557508,114090,KOSPI,연간x별도,지표,CV-6,PASS,default metric selection visible,,2026-07-07T23:07:09
GKL,00557508,114090,KOSPI,분기x연결,재무제표,DS-1,PASS,,,2026-07-07T23:07:15
GKL,00557508,114090,KOSPI,분기x연결,상단,DS-8,PASS,,,2026-07-07T23:07:15
GKL,00557508,114090,KOSPI,분기x연결,상단,DS-7,PASS,"badges seen: ['✅', '🔎']",,2026-07-07T23:07:15
GKL,00557508,114090,KOSPI,분기x연결,재무제표,CV-3,PASS,rows=29 cols=36 slider_extended=True,,2026-07-07T23:07:15
GKL,00557508,114090,KOSPI,분기x연결,재무제표,DS-2/DS-3,DONE,"cross-check completed for ['매출액', '영업이익']",,2026-07-07T23:07:15
GKL,00557508,114090,KOSPI,분기x연결,지표,CV-6,PASS,default metric selection visible,,2026-07-07T23:07:15
GKL,00557508,114090,KOSPI,분기x별도,재무제표,DS-1,PASS,,,2026-07-07T23:07:22
GKL,00557508,114090,KOSPI,분기x별도,상단,DS-8,PASS,,,2026-07-07T23:07:22
GKL,00557508,114090,KOSPI,분기x별도,상단,DS-7,PASS,"badges seen: ['✅', '🔎']",,2026-07-07T23:07:22
GKL,00557508,114090,KOSPI,분기x별도,재무제표,CV-3,PASS,rows=29 cols=69 slider_extended=True,,2026-07-07T23:07:22
GKL,00557508,114090,KOSPI,분기x별도,재무제표,DS-2/DS-3,DONE,"cross-check completed for ['매출액', '영업이익']",,2026-07-07T23:07:22
GKL,00557508,114090,KOSPI,분기x별도,지표,CV-6,PASS,default metric selection visible,,2026-07-07T23:07:22
GS,00500254,078930,KOSPI,연간x연결,재무제표,DS-1,PASS,,,2026-07-07T23:07:36
GS,00500254,078930,KOSPI,연간x연결,상단,DS-8,PASS,,,2026-07-07T23:07:36
GS,00500254,078930,KOSPI,연간x연결,상단,DS-7,PASS,"badges seen: ['✅', '🔎']",,2026-07-07T23:07:36
GS,00500254,078930,KOSPI,연간x연결,재무제표,CV-3,PASS,rows=29 cols=20 slider_extended=True,,2026-07-07T23:07:36
GS,00500254,078930,KOSPI,연간x연결,재무제표,DS-2/DS-3,DONE,"cross-check completed for ['매출액', '영업이익']",,2026-07-07T23:07:36
GS,00500254,078930,KOSPI,연간x연결,지표,CV-6,PASS,default metric selection visible,,2026-07-07T23:07:36
GS,00500254,078930,KOSPI,연간x별도,재무제표,DS-1,PASS,,,2026-07-07T23:07:41
GS,00500254,078930,KOSPI,연간x별도,상단,DS-8,PASS,,,2026-07-07T23:07:41
GS,00500254,078930,KOSPI,연간x별도,상단,DS-7,PASS,"badges seen: ['✅', '🔎', '⚠']",,2026-07-07T23:07:41
GS,00500254,078930,KOSPI,연간x별도,재무제표,CV-3,PASS,rows=29 cols=24 slider_extended=True,,2026-07-07T23:07:41
GS,00500254,078930,KOSPI,연간x별도,재무제표,DS-2/DS-3,DONE,"cross-check completed for ['매출액', '영업이익']",,2026-07-07T23:07:41
GS,00500254,078930,KOSPI,연간x별도,지표,CV-6,PASS,default metric selection visible,,2026-07-07T23:07:41
GS,00500254,078930,KOSPI,분기x연결,재무제표,DS-1,PASS,,,2026-07-07T23:07:48
GS,00500254,078930,KOSPI,분기x연결,상단,DS-8,PASS,,,2026-07-07T23:07:48
GS,00500254,078930,KOSPI,분기x연결,상단,DS-7,PASS,"badges seen: ['✅', '🔎', '⚠']",,2026-07-07T23:07:48
GS,00500254,078930,KOSPI,분기x연결,재무제표,CV-3,PASS,rows=29 cols=66 slider_extended=True,,2026-07-07T23:07:48
GS,00500254,078930,KOSPI,분기x연결,재무제표,DS-2/DS-3,DONE,"cross-check completed for ['매출액', '영업이익']",,2026-07-07T23:07:48
GS,00500254,078930,KOSPI,분기x연결,지표,CV-6,PASS,default metric selection visible,,2026-07-07T23:07:48
GS,00500254,078930,KOSPI,분기x별도,재무제표,DS-1,PASS,,,2026-07-07T23:07:55
GS,00500254,078930,KOSPI,분기x별도,상단,DS-8,PASS,,,2026-07-07T23:07:55
GS,00500254,078930,KOSPI,분기x별도,상단,DS-7,PASS,"badges seen: ['✅', '🔎', '⚠']",,2026-07-07T23:07:55
GS,00500254,078930,KOSPI,분기x별도,재무제표,CV-3,PASS,rows=29 cols=79 slider_extended=True,,2026-07-07T23:07:55
GS,00500254,078930,KOSPI,분기x별도,재무제표,DS-2/DS-3,DONE,"cross-check completed for ['매출액', '영업이익']",,2026-07-07T23:07:55
GS,00500254,078930,KOSPI,분기x별도,지표,CV-6,PASS,default metric selection visible,,2026-07-07T23:07:55
GS건설,00120030,006360,KOSPI,연간x연결,재무제표,DS-1,PASS,,,2026-07-07T23:08:09
GS건설,00120030,006360,KOSPI,연간x연결,상단,DS-8,PASS,,,2026-07-07T23:08:09
GS건설,00120030,006360,KOSPI,연간x연결,상단,DS-7,PASS,"badges seen: ['✅', '🔎']",,2026-07-07T23:08:09
GS건설,00120030,006360,KOSPI,연간x연결,재무제표,CV-3,PASS,rows=29 cols=26 slider_extended=True,,2026-07-07T23:08:09
GS건설,00120030,006360,KOSPI,연간x연결,재무제표,DS-2/DS-3,DONE,"cross-check completed for ['매출액', '영업이익']",,2026-07-07T23:08:09
GS건설,00120030,006360,KOSPI,연간x연결,지표,CV-6,PASS,default metric selection visible,,2026-07-07T23:08:09
GS건설,00120030,006360,KOSPI,연간x별도,재무제표,DS-1,PASS,,,2026-07-07T23:08:14
GS건설,00120030,006360,KOSPI,연간x별도,상단,DS-8,PASS,,,2026-07-07T23:08:14
GS건설,00120030,006360,KOSPI,연간x별도,상단,DS-7,PASS,"badges seen: ['✅', '🔎', '⚠']",,2026-07-07T23:08:14
GS건설,00120030,006360,KOSPI,연간x별도,재무제표,CV-3,PASS,rows=29 cols=25 slider_extended=True,,2026-07-07T23:08:14
GS건설,00120030,006360,KOSPI,연간x별도,재무제표,DS-2/DS-3,DONE,"cross-check completed for ['매출액', '영업이익']",,2026-07-07T23:08:14
GS건설,00120030,006360,KOSPI,연간x별도,지표,CV-6,PASS,default metric selection visible,,2026-07-07T23:08:14
GS건설,00120030,006360,KOSPI,분기x연결,재무제표,DS-1,PASS,,,2026-07-07T23:08:20
GS건설,00120030,006360,KOSPI,분기x연결,상단,DS-8,PASS,,,2026-07-07T23:08:20
GS건설,00120030,006360,KOSPI,분기x연결,상단,DS-7,PASS,"badges seen: ['✅', '🔎', '⚠']",,2026-07-07T23:08:20
GS건설,00120030,006360,KOSPI,분기x연결,재무제표,CV-3,PASS,rows=29 cols=88 slider_extended=True,,2026-07-07T23:08:20
GS건설,00120030,006360,KOSPI,분기x연결,재무제표,DS-2/DS-3,DONE,"cross-check completed for ['매출액', '영업이익']",,2026-07-07T23:08:20
GS건설,00120030,006360,KOSPI,분기x연결,지표,CV-6,PASS,default metric selection visible,,2026-07-07T23:08:20
GS건설,00120030,006360,KOSPI,분기x별도,재무제표,DS-1,PASS,,,2026-07-07T23:08:28
GS건설,00120030,006360,KOSPI,분기x별도,상단,DS-8,PASS,,,2026-07-07T23:08:28
GS건설,00120030,006360,KOSPI,분기x별도,상단,DS-7,PASS,"badges seen: ['✅', '🔎', '⚠']",,2026-07-07T23:08:28
GS건설,00120030,006360,KOSPI,분기x별도,재무제표,CV-3,PASS,rows=29 cols=85 slider_extended=True,,2026-07-07T23:08:28
GS건설,00120030,006360,KOSPI,분기x별도,재무제표,DS-2/DS-3,DONE,"cross-check completed for ['매출액', '영업이익']",,2026-07-07T23:08:28
GS건설,00120030,006360,KOSPI,분기x별도,지표,CV-6,PASS,default metric selection visible,,2026-07-07T23:08:28
GS글로벌,00138190,001250,KOSPI,연간x연결,재무제표,DS-1,PASS,,,2026-07-07T23:08:42
GS글로벌,00138190,001250,KOSPI,연간x연결,상단,DS-8,PASS,,,2026-07-07T23:08:42
GS글로벌,00138190,001250,KOSPI,연간x연결,상단,DS-7,PASS,"badges seen: ['✅', '🔎']",,2026-07-07T23:08:42
GS글로벌,00138190,001250,KOSPI,연간x연결,재무제표,CV-3,PASS,rows=29 cols=20 slider_extended=True,,2026-07-07T23:08:42
GS글로벌,00138190,001250,KOSPI,연간x연결,재무제표,DS-2/DS-3,DONE,"cross-check completed for ['매출액', '영업이익']",,2026-07-07T23:08:42
GS글로벌,00138190,001250,KOSPI,연간x연결,지표,CV-6,PASS,default metric selection visible,,2026-07-07T23:08:42
GS글로벌,00138190,001250,KOSPI,연간x별도,재무제표,DS-1,PASS,,,2026-07-07T23:08:47
GS글로벌,00138190,001250,KOSPI,연간x별도,상단,DS-8,PASS,,,2026-07-07T23:08:47
GS글로벌,00138190,001250,KOSPI,연간x별도,상단,DS-7,PASS,"badges seen: ['✅', '🔎']",,2026-07-07T23:08:47
GS글로벌,00138190,001250,KOSPI,연간x별도,재무제표,CV-3,PASS,rows=29 cols=25 slider_extended=True,,2026-07-07T23:08:47
GS글로벌,00138190,001250,KOSPI,연간x별도,재무제표,DS-2/DS-3,DONE,"cross-check completed for ['매출액', '영업이익']",,2026-07-07T23:08:47
GS글로벌,00138190,001250,KOSPI,연간x별도,지표,CV-6,PASS,default metric selection visible,,2026-07-07T23:08:47
GS글로벌,00138190,001250,KOSPI,분기x연결,재무제표,DS-1,PASS,,,2026-07-07T23:08:53
GS글로벌,00138190,001250,KOSPI,분기x연결,상단,DS-8,PASS,,,2026-07-07T23:08:53
GS글로벌,00138190,001250,KOSPI,분기x연결,상단,DS-7,PASS,"badges seen: ['✅', '🔎']",,2026-07-07T23:08:53
GS글로벌,00138190,001250,KOSPI,분기x연결,재무제표,CV-3,PASS,rows=29 cols=70 slider_extended=True,,2026-07-07T23:08:53
GS글로벌,00138190,001250,KOSPI,분기x연결,재무제표,DS-2/DS-3,DONE,"cross-check completed for ['매출액', '영업이익']",,2026-07-07T23:08:53
GS글로벌,00138190,001250,KOSPI,분기x연결,지표,CV-6,PASS,default metric selection visible,,2026-07-07T23:08:53
GS글로벌,00138190,001250,KOSPI,분기x별도,재무제표,DS-1,PASS,,,2026-07-07T23:09:00
GS글로벌,00138190,001250,KOSPI,분기x별도,상단,DS-8,PASS,,,2026-07-07T23:09:00
GS글로벌,00138190,001250,KOSPI,분기x별도,상단,DS-7,PASS,"badges seen: ['✅', '🔎']",,2026-07-07T23:09:00
GS글로벌,00138190,001250,KOSPI,분기x별도,재무제표,CV-3,PASS,rows=29 cols=82 slider_extended=True,,2026-07-07T23:09:00
GS글로벌,00138190,001250,KOSPI,분기x별도,재무제표,DS-2/DS-3,DONE,"cross-check completed for ['매출액', '영업이익']",,2026-07-07T23:09:00
GS글로벌,00138190,001250,KOSPI,분기x별도,지표,CV-6,PASS,default metric selection visible,,2026-07-07T23:09:00
GS리테일,00140177,007070,KOSPI,연간x연결,재무제표,DS-1,PASS,,,2026-07-07T23:09:14
GS리테일,00140177,007070,KOSPI,연간x연결,상단,DS-8,PASS,,,2026-07-07T23:09:14
GS리테일,00140177,007070,KOSPI,연간x연결,상단,DS-7,PASS,"badges seen: ['✅', '🔎', '⚠']",,2026-07-07T23:09:14
GS리테일,00140177,007070,KOSPI,연간x연결,재무제표,CV-3,PASS,rows=29 cols=19 slider_extended=True,,2026-07-07T23:09:14
GS리테일,00140177,007070,KOSPI,연간x연결,재무제표,DS-2/DS-3,DONE,"cross-check completed for ['매출액', '영업이익']",,2026-07-07T23:09:14
GS리테일,00140177,007070,KOSPI,연간x연결,지표,CV-6,PASS,default metric selection visible,,2026-07-07T23:09:14
GS리테일,00140177,007070,KOSPI,연간x별도,재무제표,DS-1,PASS,,,2026-07-07T23:09:19
GS리테일,00140177,007070,KOSPI,연간x별도,상단,DS-8,PASS,,,2026-07-07T23:09:19
GS리테일,00140177,007070,KOSPI,연간x별도,상단,DS-7,PASS,"badges seen: ['✅', '🔎', '⚠']",,2026-07-07T23:09:19
GS리테일,00140177,007070,KOSPI,연간x별도,재무제표,CV-3,PASS,rows=29 cols=19 slider_extended=True,,2026-07-07T23:09:19
GS리테일,00140177,007070,KOSPI,연간x별도,재무제표,DS-2/DS-3,DONE,"cross-check completed for ['매출액', '영업이익']",,2026-07-07T23:09:19
GS리테일,00140177,007070,KOSPI,연간x별도,지표,CV-6,PASS,default metric selection visible,,2026-07-07T23:09:19
GS리테일,00140177,007070,KOSPI,분기x연결,재무제표,DS-1,PASS,,,2026-07-07T23:09:26
GS리테일,00140177,007070,KOSPI,분기x연결,상단,DS-8,PASS,,,2026-07-07T23:09:26
GS리테일,00140177,007070,KOSPI,분기x연결,상단,DS-7,PASS,"badges seen: ['✅', '🔎']",,2026-07-07T23:09:26
GS리테일,00140177,007070,KOSPI,분기x연결,재무제표,CV-3,PASS,rows=29 cols=63 slider_extended=True,,2026-07-07T23:09:26
GS리테일,00140177,007070,KOSPI,분기x연결,재무제표,DS-2/DS-3,DONE,"cross-check completed for ['매출액', '영업이익']",,2026-07-07T23:09:26
GS리테일,00140177,007070,KOSPI,분기x연결,지표,CV-6,PASS,default metric selection visible,,2026-07-07T23:09:26
GS리테일,00140177,007070,KOSPI,분기x별도,재무제표,DS-1,PASS,,,2026-07-07T23:09:33
GS리테일,00140177,007070,KOSPI,분기x별도,상단,DS-8,PASS,,,2026-07-07T23:09:33
GS리테일,00140177,007070,KOSPI,분기x별도,상단,DS-7,PASS,"badges seen: ['✅', '🔎']",,2026-07-07T23:09:33
GS리테일,00140177,007070,KOSPI,분기x별도,재무제표,CV-3,PASS,rows=29 cols=62 slider_extended=True,,2026-07-07T23:09:33
GS리테일,00140177,007070,KOSPI,분기x별도,재무제표,DS-2/DS-3,DONE,"cross-check completed for ['매출액', '영업이익']",,2026-07-07T23:09:33
GS리테일,00140177,007070,KOSPI,분기x별도,지표,CV-6,PASS,default metric selection visible,,2026-07-07T23:09:33
GS피앤엘,01882845,499790,KOSPI,연간x연결,재무제표,DS-1,PASS,,,2026-07-07T23:09:47
GS피앤엘,01882845,499790,KOSPI,연간x연결,상단,DS-8,PASS,,,2026-07-07T23:09:47
GS피앤엘,01882845,499790,KOSPI,연간x연결,상단,DS-7,PASS,"badges seen: ['✅', '🔎', '⚠']",,2026-07-07T23:09:47
GS피앤엘,01882845,499790,KOSPI,연간x연결,재무제표,CV-3,PASS,rows=29 cols=4 slider_extended=True,,2026-07-07T23:09:47
GS피앤엘,01882845,499790,KOSPI,연간x연결,재무제표,DS-2/DS-3,DONE,"cross-check completed for ['매출액', '영업이익']",,2026-07-07T23:09:47
GS피앤엘,01882845,499790,KOSPI,연간x연결,지표,CV-6,PASS,default metric selection visible,,2026-07-07T23:09:47
GS피앤엘,01882845,499790,KOSPI,연간x별도,재무제표,DS-1,PASS,,,2026-07-07T23:09:52
GS피앤엘,01882845,499790,KOSPI,연간x별도,상단,DS-8,PASS,,,2026-07-07T23:09:52
GS피앤엘,01882845,499790,KOSPI,연간x별도,상단,DS-7,PASS,"badges seen: ['✅', '🔎', '⚠']",,2026-07-07T23:09:52
GS피앤엘,01882845,499790,KOSPI,연간x별도,재무제표,CV-3,PASS,rows=29 cols=4 slider_extended=True,,2026-07-07T23:09:52
GS피앤엘,01882845,499790,KOSPI,연간x별도,재무제표,DS-2/DS-3,DONE,"cross-check completed for ['매출액', '영업이익']",,2026-07-07T23:09:52
GS피앤엘,01882845,499790,KOSPI,연간x별도,지표,CV-6,PASS,default metric selection visible,,2026-07-07T23:09:52
GS피앤엘,01882845,499790,KOSPI,분기x연결,재무제표,DS-1,PASS,,,2026-07-07T23:09:58
GS피앤엘,01882845,499790,KOSPI,분기x연결,상단,DS-8,PASS,,,2026-07-07T23:09:58
GS피앤엘,01882845,499790,KOSPI,분기x연결,상단,DS-7,PASS,"badges seen: ['✅', '🔎']",,2026-07-07T23:09:58
GS피앤엘,01882845,499790,KOSPI,분기x연결,재무제표,CV-3,PASS,rows=29 cols=7 slider_extended=True,,2026-07-07T23:09:58
GS피앤엘,01882845,499790,KOSPI,분기x연결,재무제표,DS-2/DS-3,DONE,"cross-check completed for ['매출액', '영업이익']",,2026-07-07T23:09:58
GS피앤엘,01882845,499790,KOSPI,분기x연결,지표,CV-6,PASS,default metric selection visible,,2026-07-07T23:09:58
GS피앤엘,01882845,499790,KOSPI,분기x별도,재무제표,DS-1,PASS,,,2026-07-07T23:10:06
GS피앤엘,01882845,499790,KOSPI,분기x별도,상단,DS-8,PASS,,,2026-07-07T23:10:06
GS피앤엘,01882845,499790,KOSPI,분기x별도,상단,DS-7,PASS,"badges seen: ['✅', '🔎', '⚠']",,2026-07-07T23:10:06
GS피앤엘,01882845,499790,KOSPI,분기x별도,재무제표,CV-3,PASS,rows=29 cols=6 slider_extended=True,,2026-07-07T23:10:06
GS피앤엘,01882845,499790,KOSPI,분기x별도,재무제표,DS-2/DS-3,DONE,"cross-check completed for ['매출액', '영업이익']",,2026-07-07T23:10:06
GS피앤엘,01882845,499790,KOSPI,분기x별도,지표,CV-6,PASS,default metric selection visible,,2026-07-07T23:10:06
HD건설기계,01205842,267270,KOSPI,연간x연결,재무제표,DS-1,PASS,,,2026-07-07T23:10:19
HD건설기계,01205842,267270,KOSPI,연간x연결,상단,DS-8,PASS,,,2026-07-07T23:10:19
HD건설기계,01205842,267270,KOSPI,연간x연결,상단,DS-7,PASS,"badges seen: ['✅', '🔎', '⚠']",,2026-07-07T23:10:19
HD건설기계,01205842,267270,KOSPI,연간x연결,재무제표,CV-3,PASS,rows=29 cols=11 slider_extended=True,,2026-07-07T23:10:19
HD건설기계,01205842,267270,KOSPI,연간x연결,재무제표,DS-2/DS-3,DONE,"cross-check completed for ['매출액', '영업이익']",,2026-07-07T23:10:19
HD건설기계,01205842,267270,KOSPI,연간x연결,지표,CV-6,PASS,default metric selection visible,,2026-07-07T23:10:19
HD건설기계,01205842,267270,KOSPI,연간x별도,재무제표,DS-1,PASS,,,2026-07-07T23:10:24
HD건설기계,01205842,267270,KOSPI,연간x별도,상단,DS-8,PASS,,,2026-07-07T23:10:24
HD건설기계,01205842,267270,KOSPI,연간x별도,상단,DS-7,PASS,"badges seen: ['✅', '🔎', '⚠']",,2026-07-07T23:10:24
HD건설기계,01205842,267270,KOSPI,연간x별도,재무제표,CV-3,PASS,rows=29 cols=11 slider_extended=True,,2026-07-07T23:10:24
HD건설기계,01205842,267270,KOSPI,연간x별도,재무제표,DS-2/DS-3,DONE,"cross-check completed for ['매출액', '영업이익']",,2026-07-07T23:10:24
HD건설기계,01205842,267270,KOSPI,연간x별도,지표,CV-6,PASS,default metric selection visible,,2026-07-07T23:10:24
HD건설기계,01205842,267270,KOSPI,분기x연결,재무제표,DS-1,PASS,,,2026-07-07T23:10:31
HD건설기계,01205842,267270,KOSPI,분기x연결,상단,DS-8,PASS,,,2026-07-07T23:10:31
HD건설기계,01205842,267270,KOSPI,분기x연결,상단,DS-7,PASS,"badges seen: ['✅', '🔎', '⚠']",,2026-07-07T23:10:31
HD건설기계,01205842,267270,KOSPI,분기x연결,재무제표,CV-3,PASS,rows=29 cols=39 slider_extended=True,,2026-07-07T23:10:31
HD건설기계,01205842,267270,KOSPI,분기x연결,재무제표,DS-2/DS-3,DONE,"cross-check completed for ['매출액', '영업이익']",,2026-07-07T23:10:31
HD건설기계,01205842,267270,KOSPI,분기x연결,지표,CV-6,PASS,default metrics not found,,2026-07-07T23:10:31
HD건설기계,01205842,267270,KOSPI,분기x별도,재무제표,DS-1,PASS,,,2026-07-07T23:10:38
HD건설기계,01205842,267270,KOSPI,분기x별도,상단,DS-8,PASS,,,2026-07-07T23:10:38
HD건설기계,01205842,267270,KOSPI,분기x별도,상단,DS-7,PASS,"badges seen: ['✅', '🔎', '⚠']",,2026-07-07T23:10:38
HD건설기계,01205842,267270,KOSPI,분기x별도,재무제표,CV-3,PASS,rows=29 cols=39 slider_extended=True,,2026-07-07T23:10:38
HD건설기계,01205842,267270,KOSPI,분기x별도,재무제표,DS-2/DS-3,DONE,"cross-check completed for ['매출액', '영업이익']",,2026-07-07T23:10:38
HD건설기계,01205842,267270,KOSPI,분기x별도,지표,CV-6,PASS,default metric selection visible,,2026-07-07T23:10:38
HD한국조선해양,00164830,009540,KOSPI,연간x연결,재무제표,DS-1,PASS,,,2026-07-07T23:10:51
HD한국조선해양,00164830,009540,KOSPI,연간x연결,상단,DS-8,PASS,,,2026-07-07T23:10:51
HD한국조선해양,00164830,009540,KOSPI,연간x연결,상단,DS-7,PASS,"badges seen: ['✅', '🔎', '⚠']",,2026-07-07T23:10:51
HD한국조선해양,00164830,009540,KOSPI,연간x연결,재무제표,CV-3,PASS,rows=29 cols=24 slider_extended=True,,2026-07-07T23:10:51
HD한국조선해양,00164830,009540,KOSPI,연간x연결,재무제표,DS-2/DS-3,DONE,"cross-check completed for ['매출액', '영업이익']",,2026-07-07T23:10:51
HD한국조선해양,00164830,009540,KOSPI,연간x연결,지표,CV-6,PASS,default metric selection visible,,2026-07-07T23:10:51
HD한국조선해양,00164830,009540,KOSPI,연간x별도,재무제표,DS-1,PASS,,,2026-07-07T23:10:57
HD한국조선해양,00164830,009540,KOSPI,연간x별도,상단,DS-8,PASS,,,2026-07-07T23:10:57
HD한국조선해양,00164830,009540,KOSPI,연간x별도,상단,DS-7,PASS,"badges seen: ['✅', '🔎', '⚠']",,2026-07-07T23:10:57
HD한국조선해양,00164830,009540,KOSPI,연간x별도,재무제표,CV-3,PASS,rows=29 cols=29 slider_extended=True,,2026-07-07T23:10:57
HD한국조선해양,00164830,009540,KOSPI,연간x별도,재무제표,DS-2/DS-3,DONE,"cross-check completed for ['매출액', '영업이익']",,2026-07-07T23:10:57
HD한국조선해양,00164830,009540,KOSPI,연간x별도,지표,CV-6,PASS,default metric selection visible,,2026-07-07T23:10:57
HD한국조선해양,00164830,009540,KOSPI,분기x연결,재무제표,DS-1,PASS,,,2026-07-07T23:11:03
HD한국조선해양,00164830,009540,KOSPI,분기x연결,상단,DS-8,PASS,,,2026-07-07T23:11:03
HD한국조선해양,00164830,009540,KOSPI,분기x연결,상단,DS-7,PASS,"badges seen: ['✅', '🔎', '⚠']",,2026-07-07T23:11:03
HD한국조선해양,00164830,009540,KOSPI,분기x연결,재무제표,CV-3,PASS,rows=29 cols=82 slider_extended=True,,2026-07-07T23:11:03
HD한국조선해양,00164830,009540,KOSPI,분기x연결,재무제표,DS-2/DS-3,DONE,"cross-check completed for ['매출액', '영업이익']",,2026-07-07T23:11:03
HD한국조선해양,00164830,009540,KOSPI,분기x연결,지표,CV-6,PASS,default metric selection visible,,2026-07-07T23:11:03
HD한국조선해양,00164830,009540,KOSPI,분기x별도,재무제표,DS-1,PASS,,,2026-07-07T23:11:10
HD한국조선해양,00164830,009540,KOSPI,분기x별도,상단,DS-8,PASS,,,2026-07-07T23:11:10
HD한국조선해양,00164830,009540,KOSPI,분기x별도,상단,DS-7,PASS,"badges seen: ['✅', '🔎', '⚠']",,2026-07-07T23:11:10
HD한국조선해양,00164830,009540,KOSPI,분기x별도,재무제표,CV-3,PASS,rows=29 cols=72 slider_extended=True,,2026-07-07T23:11:10
HD한국조선해양,00164830,009540,KOSPI,분기x별도,재무제표,DS-2/DS-3,DONE,"cross-check completed for ['매출액', '영업이익']",,2026-07-07T23:11:10
HD한국조선해양,00164830,009540,KOSPI,분기x별도,지표,CV-6,PASS,default metric selection visible,,2026-07-07T23:11:10
HD현대,01205709,267250,KOSPI,연간x연결,재무제표,DS-1,PASS,,,2026-07-07T23:11:24
HD현대,01205709,267250,KOSPI,연간x연결,상단,DS-8,PASS,,,2026-07-07T23:11:24
HD현대,01205709,267250,KOSPI,연간x연결,상단,DS-7,PASS,"badges seen: ['✅', '🔎', '⚠']",,2026-07-07T23:11:24
HD현대,01205709,267250,KOSPI,연간x연결,재무제표,CV-3,PASS,rows=29 cols=11 slider_extended=True,,2026-07-07T23:11:24
HD현대,01205709,267250,KOSPI,연간x연결,재무제표,DS-2/DS-3,DONE,"cross-check completed for ['매출액', '영업이익']",,2026-07-07T23:11:24
HD현대,01205709,267250,KOSPI,연간x연결,지표,CV-6,PASS,default metric selection visible,,2026-07-07T23:11:24
HD현대,01205709,267250,KOSPI,연간x별도,재무제표,DS-1,PASS,,,2026-07-07T23:11:29
HD현대,01205709,267250,KOSPI,연간x별도,상단,DS-8,PASS,,,2026-07-07T23:11:29
HD현대,01205709,267250,KOSPI,연간x별도,상단,DS-7,PASS,"badges seen: ['✅', '🔎', '⚠']",,2026-07-07T23:11:29
HD현대,01205709,267250,KOSPI,연간x별도,재무제표,CV-3,PASS,rows=29 cols=11 slider_extended=True,,2026-07-07T23:11:29
HD현대,01205709,267250,KOSPI,연간x별도,재무제표,DS-2/DS-3,DONE,"cross-check completed for ['매출액', '영업이익']",,2026-07-07T23:11:29
HD현대,01205709,267250,KOSPI,연간x별도,지표,CV-6,PASS,default metric selection visible,,2026-07-07T23:11:29
HD현대,01205709,267250,KOSPI,분기x연결,재무제표,DS-1,PASS,,,2026-07-07T23:11:36
HD현대,01205709,267250,KOSPI,분기x연결,상단,DS-8,PASS,,,2026-07-07T23:11:36
HD현대,01205709,267250,KOSPI,분기x연결,상단,DS-7,PASS,"badges seen: ['✅', '🔎', '⚠']",,2026-07-07T23:11:36
HD현대,01205709,267250,KOSPI,분기x연결,재무제표,CV-3,PASS,rows=29 cols=14 slider_extended=True,,2026-07-07T23:11:36
HD현대,01205709,267250,KOSPI,분기x연결,재무제표,DS-2/DS-3,DONE,"cross-check completed for ['매출액', '영업이익']",,2026-07-07T23:11:36
HD현대,01205709,267250,KOSPI,분기x연결,지표,CV-6,PASS,default metric selection visible,,2026-07-07T23:11:36
HD현대,01205709,267250,KOSPI,분기x별도,재무제표,DS-1,PASS,,,2026-07-07T23:11:43
HD현대,01205709,267250,KOSPI,분기x별도,상단,DS-8,PASS,,,2026-07-07T23:11:43
HD현대,01205709,267250,KOSPI,분기x별도,상단,DS-7,PASS,"badges seen: ['✅', '🔎', '⚠']",,2026-07-07T23:11:43
HD현대,01205709,267250,KOSPI,분기x별도,재무제표,CV-3,PASS,rows=29 cols=39 slider_extended=True,,2026-07-07T23:11:43
HD현대,01205709,267250,KOSPI,분기x별도,재무제표,DS-2/DS-3,DONE,"cross-check completed for ['매출액', '영업이익']",,2026-07-07T23:11:43
HD현대,01205709,267250,KOSPI,분기x별도,지표,CV-6,PASS,default metric selection visible,,2026-07-07T23:11:43
HD현대마린솔루션,01194689,443060,KOSPI,연간x연결,재무제표,DS-1,PASS,,,2026-07-07T23:11:57
HD현대마린솔루션,01194689,443060,KOSPI,연간x연결,상단,DS-8,PASS,,,2026-07-07T23:11:57
HD현대마린솔루션,01194689,443060,KOSPI,연간x연결,상단,DS-7,PASS,"badges seen: ['✅', '🔎']",,2026-07-07T23:11:57
HD현대마린솔루션,01194689,443060,KOSPI,연간x연결,재무제표,CV-3,PASS,rows=29 cols=6 slider_extended=True,,2026-07-07T23:11:57
HD현대마린솔루션,01194689,443060,KOSPI,연간x연결,재무제표,DS-2/DS-3,DONE,"cross-check completed for ['매출액', '영업이익']",,2026-07-07T23:11:57
HD현대마린솔루션,01194689,443060,KOSPI,연간x연결,지표,CV-6,PASS,default metric selection visible,,2026-07-07T23:11:57
HD현대마린솔루션,01194689,443060,KOSPI,연간x별도,재무제표,DS-1,PASS,,,2026-07-07T23:12:02
HD현대마린솔루션,01194689,443060,KOSPI,연간x별도,상단,DS-8,PASS,,,2026-07-07T23:12:02
HD현대마린솔루션,01194689,443060,KOSPI,연간x별도,상단,DS-7,PASS,"badges seen: ['✅', '🔎']",,2026-07-07T23:12:02
HD현대마린솔루션,01194689,443060,KOSPI,연간x별도,재무제표,CV-3,PASS,rows=29 cols=6 slider_extended=True,,2026-07-07T23:12:02
HD현대마린솔루션,01194689,443060,KOSPI,연간x별도,재무제표,DS-2/DS-3,DONE,"cross-check completed for ['매출액', '영업이익']",,2026-07-07T23:12:02
HD현대마린솔루션,01194689,443060,KOSPI,연간x별도,지표,CV-6,PASS,default metric selection visible,,2026-07-07T23:12:02
HD현대마린솔루션,01194689,443060,KOSPI,분기x연결,재무제표,DS-1,PASS,,,2026-07-07T23:12:08
HD현대마린솔루션,01194689,443060,KOSPI,분기x연결,상단,DS-8,PASS,,,2026-07-07T23:12:08
HD현대마린솔루션,01194689,443060,KOSPI,분기x연결,상단,DS-7,PASS,"badges seen: ['✅', '🔎']",,2026-07-07T23:12:08
HD현대마린솔루션,01194689,443060,KOSPI,분기x연결,재무제표,CV-3,PASS,rows=29 cols=13 slider_extended=True,,2026-07-07T23:12:08
HD현대마린솔루션,01194689,443060,KOSPI,분기x연결,재무제표,DS-2/DS-3,DONE,"cross-check completed for ['매출액', '영업이익']",,2026-07-07T23:12:08
HD현대마린솔루션,01194689,443060,KOSPI,분기x연결,지표,CV-6,PASS,default metric selection visible,,2026-07-07T23:12:08
HD현대마린솔루션,01194689,443060,KOSPI,분기x별도,재무제표,DS-1,PASS,,,2026-07-07T23:12:15
HD현대마린솔루션,01194689,443060,KOSPI,분기x별도,상단,DS-8,PASS,,,2026-07-07T23:12:15
HD현대마린솔루션,01194689,443060,KOSPI,분기x별도,상단,DS-7,PASS,"badges seen: ['✅', '🔎']",,2026-07-07T23:12:15
HD현대마린솔루션,01194689,443060,KOSPI,분기x별도,재무제표,CV-3,PASS,rows=29 cols=13 slider_extended=True,,2026-07-07T23:12:15
HD현대마린솔루션,01194689,443060,KOSPI,분기x별도,재무제표,DS-2/DS-3,DONE,"cross-check completed for ['매출액', '영업이익']",,2026-07-07T23:12:15
HD현대마린솔루션,01194689,443060,KOSPI,분기x별도,지표,CV-6,PASS,default metric selection visible,,2026-07-07T23:12:15
HD현대마린엔진,00406046,071970,KOSPI,연간x연결,재무제표,DS-1,PASS,,,2026-07-07T23:12:29
HD현대마린엔진,00406046,071970,KOSPI,연간x연결,상단,DS-8,PASS,,,2026-07-07T23:12:29
HD현대마린엔진,00406046,071970,KOSPI,연간x연결,상단,DS-7,PASS,"badges seen: ['✅', '🔎']",,2026-07-07T23:12:29
HD현대마린엔진,00406046,071970,KOSPI,연간x연결,재무제표,CV-3,PASS,rows=29 cols=19 slider_extended=True,,2026-07-07T23:12:29
HD현대마린엔진,00406046,071970,KOSPI,연간x연결,재무제표,DS-2/DS-3,DONE,"cross-check completed for ['매출액', '영업이익']",,2026-07-07T23:12:29
HD현대마린엔진,00406046,071970,KOSPI,연간x연결,지표,CV-6,PASS,default metric selection visible,,2026-07-07T23:12:29
HD현대마린엔진,00406046,071970,KOSPI,연간x별도,재무제표,DS-1,PASS,,,2026-07-07T23:12:34
HD현대마린엔진,00406046,071970,KOSPI,연간x별도,상단,DS-8,PASS,,,2026-07-07T23:12:34
HD현대마린엔진,00406046,071970,KOSPI,연간x별도,상단,DS-7,PASS,"badges seen: ['✅', '🔎']",,2026-07-07T23:12:34
HD현대마린엔진,00406046,071970,KOSPI,연간x별도,재무제표,CV-3,PASS,rows=29 cols=21 slider_extended=True,,2026-07-07T23:12:34
HD현대마린엔진,00406046,071970,KOSPI,연간x별도,재무제표,DS-2/DS-3,DONE,"cross-check completed for ['매출액', '영업이익']",,2026-07-07T23:12:34
HD현대마린엔진,00406046,071970,KOSPI,연간x별도,지표,CV-6,PASS,default metric selection visible,,2026-07-07T23:12:34
HD현대마린엔진,00406046,071970,KOSPI,분기x연결,재무제표,DS-1,PASS,,,2026-07-07T23:12:40
HD현대마린엔진,00406046,071970,KOSPI,분기x연결,상단,DS-8,PASS,,,2026-07-07T23:12:40
HD현대마린엔진,00406046,071970,KOSPI,분기x연결,상단,DS-7,PASS,"badges seen: ['✅', '🔎']",,2026-07-07T23:12:40
HD현대마린엔진,00406046,071970,KOSPI,분기x연결,재무제표,CV-3,PASS,rows=29 cols=62 slider_extended=True,,2026-07-07T23:12:40
HD현대마린엔진,00406046,071970,KOSPI,분기x연결,재무제표,DS-2/DS-3,DONE,"cross-check completed for ['매출액', '영업이익']",,2026-07-07T23:12:40
HD현대마린엔진,00406046,071970,KOSPI,분기x연결,지표,CV-6,PASS,default metric selection visible,,2026-07-07T23:12:40
HD현대마린엔진,00406046,071970,KOSPI,분기x별도,재무제표,DS-1,PASS,,,2026-07-07T23:12:48
HD현대마린엔진,00406046,071970,KOSPI,분기x별도,상단,DS-8,PASS,,,2026-07-07T23:12:48
HD현대마린엔진,00406046,071970,KOSPI,분기x별도,상단,DS-7,PASS,"badges seen: ['✅', '🔎']",,2026-07-07T23:12:48
HD현대마린엔진,00406046,071970,KOSPI,분기x별도,재무제표,CV-3,PASS,rows=29 cols=70 slider_extended=True,,2026-07-07T23:12:48
HD현대마린엔진,00406046,071970,KOSPI,분기x별도,재무제표,DS-2/DS-3,DONE,"cross-check completed for ['매출액', '영업이익']",,2026-07-07T23:12:48
HD현대마린엔진,00406046,071970,KOSPI,분기x별도,지표,CV-6,PASS,default metric selection visible,,2026-07-07T23:12:48
HD현대에너지솔루션,01199550,322000,KOSPI,연간x연결,재무제표,DS-1,PASS,,,2026-07-07T23:13:01
HD현대에너지솔루션,01199550,322000,KOSPI,연간x연결,상단,DS-8,PASS,,,2026-07-07T23:13:01
HD현대에너지솔루션,01199550,322000,KOSPI,연간x연결,상단,DS-7,PASS,"badges seen: ['✅', '🔎', '⚠']",,2026-07-07T23:13:01
HD현대에너지솔루션,01199550,322000,KOSPI,연간x연결,재무제표,CV-3,PASS,rows=29 cols=11 slider_extended=True,,2026-07-07T23:13:01
HD현대에너지솔루션,01199550,322000,KOSPI,연간x연결,재무제표,DS-2/DS-3,DONE,"cross-check completed for ['매출액', '영업이익']",,2026-07-07T23:13:01
HD현대에너지솔루션,01199550,322000,KOSPI,연간x연결,지표,CV-6,PASS,default metric selection visible,,2026-07-07T23:13:01
HD현대에너지솔루션,01199550,322000,KOSPI,연간x별도,재무제표,DS-1,PASS,,,2026-07-07T23:13:07
HD현대에너지솔루션,01199550,322000,KOSPI,연간x별도,상단,DS-8,PASS,,,2026-07-07T23:13:07
HD현대에너지솔루션,01199550,322000,KOSPI,연간x별도,상단,DS-7,PASS,"badges seen: ['✅', '🔎', '⚠']",,2026-07-07T23:13:07
HD현대에너지솔루션,01199550,322000,KOSPI,연간x별도,재무제표,CV-3,PASS,rows=29 cols=11 slider_extended=True,,2026-07-07T23:13:07
HD현대에너지솔루션,01199550,322000,KOSPI,연간x별도,재무제표,DS-2/DS-3,DONE,"cross-check completed for ['매출액', '영업이익']",,2026-07-07T23:13:07
HD현대에너지솔루션,01199550,322000,KOSPI,연간x별도,지표,CV-6,PASS,default metric selection visible,,2026-07-07T23:13:07
HD현대에너지솔루션,01199550,322000,KOSPI,분기x연결,재무제표,DS-1,PASS,,,2026-07-07T23:13:13
HD현대에너지솔루션,01199550,322000,KOSPI,분기x연결,상단,DS-8,PASS,,,2026-07-07T23:13:13
HD현대에너지솔루션,01199550,322000,KOSPI,분기x연결,상단,DS-7,PASS,"badges seen: ['✅', '🔎']",,2026-07-07T23:13:13
HD현대에너지솔루션,01199550,322000,KOSPI,분기x연결,재무제표,CV-3,PASS,rows=29 cols=32 slider_extended=True,,2026-07-07T23:13:13
HD현대에너지솔루션,01199550,322000,KOSPI,분기x연결,재무제표,DS-2/DS-3,DONE,"cross-check completed for ['매출액', '영업이익']",,2026-07-07T23:13:13
HD현대에너지솔루션,01199550,322000,KOSPI,분기x연결,지표,CV-6,PASS,default metric selection visible,,2026-07-07T23:13:13
HD현대에너지솔루션,01199550,322000,KOSPI,분기x별도,재무제표,DS-1,PASS,,,2026-07-07T23:13:20
HD현대에너지솔루션,01199550,322000,KOSPI,분기x별도,상단,DS-8,PASS,,,2026-07-07T23:13:20
HD현대에너지솔루션,01199550,322000,KOSPI,분기x별도,상단,DS-7,PASS,"badges seen: ['✅', '🔎', '⚠']",,2026-07-07T23:13:20
HD현대에너지솔루션,01199550,322000,KOSPI,분기x별도,재무제표,CV-3,PASS,rows=29 cols=32 slider_extended=True,,2026-07-07T23:13:20
HD현대에너지솔루션,01199550,322000,KOSPI,분기x별도,재무제표,DS-2/DS-3,DONE,"cross-check completed for ['매출액', '영업이익']",,2026-07-07T23:13:20
HD현대에너지솔루션,01199550,322000,KOSPI,분기x별도,지표,CV-6,PASS,default metric selection visible,,2026-07-07T23:13:20
HD현대일렉트릭,01205851,267260,KOSPI,연간x연결,재무제표,DS-1,PASS,,,2026-07-07T23:13:34
HD현대일렉트릭,01205851,267260,KOSPI,연간x연결,상단,DS-8,PASS,,,2026-07-07T23:13:34
HD현대일렉트릭,01205851,267260,KOSPI,연간x연결,상단,DS-7,PASS,"badges seen: ['✅', '🔎', '⚠']",,2026-07-07T23:13:34
HD현대일렉트릭,01205851,267260,KOSPI,연간x연결,재무제표,CV-3,PASS,rows=29 cols=11 slider_extended=True,,2026-07-07T23:13:34
HD현대일렉트릭,01205851,267260,KOSPI,연간x연결,재무제표,DS-2/DS-3,DONE,"cross-check completed for ['매출액', '영업이익']",,2026-07-07T23:13:34
HD현대일렉트릭,01205851,267260,KOSPI,연간x연결,지표,CV-6,PASS,default metric selection visible,,2026-07-07T23:13:34
HD현대일렉트릭,01205851,267260,KOSPI,연간x별도,재무제표,DS-1,PASS,,,2026-07-07T23:13:39
HD현대일렉트릭,01205851,267260,KOSPI,연간x별도,상단,DS-8,PASS,,,2026-07-07T23:13:39
HD현대일렉트릭,01205851,267260,KOSPI,연간x별도,상단,DS-7,PASS,"badges seen: ['✅', '🔎', '⚠']",,2026-07-07T23:13:39
HD현대일렉트릭,01205851,267260,KOSPI,연간x별도,재무제표,CV-3,PASS,rows=29 cols=9 slider_extended=True,,2026-07-07T23:13:39
HD현대일렉트릭,01205851,267260,KOSPI,연간x별도,재무제표,DS-2/DS-3,DONE,"cross-check completed for ['매출액', '영업이익']",,2026-07-07T23:13:39
HD현대일렉트릭,01205851,267260,KOSPI,연간x별도,지표,CV-6,PASS,default metric selection visible,,2026-07-07T23:13:39
HD현대일렉트릭,01205851,267260,KOSPI,분기x연결,재무제표,DS-1,PASS,,,2026-07-07T23:13:45
HD현대일렉트릭,01205851,267260,KOSPI,분기x연결,상단,DS-8,PASS,,,2026-07-07T23:13:45
HD현대일렉트릭,01205851,267260,KOSPI,분기x연결,상단,DS-7,PASS,"badges seen: ['✅', '🔎']",,2026-07-07T23:13:45
HD현대일렉트릭,01205851,267260,KOSPI,분기x연결,재무제표,CV-3,PASS,rows=29 cols=39 slider_extended=True,,2026-07-07T23:13:45
HD현대일렉트릭,01205851,267260,KOSPI,분기x연결,재무제표,DS-2/DS-3,DONE,"cross-check completed for ['매출액', '영업이익']",,2026-07-07T23:13:45
HD현대일렉트릭,01205851,267260,KOSPI,분기x연결,지표,CV-6,PASS,default metric selection visible,,2026-07-07T23:13:45
HD현대일렉트릭,01205851,267260,KOSPI,분기x별도,재무제표,DS-1,PASS,,,2026-07-07T23:13:52
HD현대일렉트릭,01205851,267260,KOSPI,분기x별도,상단,DS-8,PASS,,,2026-07-07T23:13:52
HD현대일렉트릭,01205851,267260,KOSPI,분기x별도,상단,DS-7,PASS,"badges seen: ['✅', '🔎', '⚠']",,2026-07-07T23:13:52
HD현대일렉트릭,01205851,267260,KOSPI,분기x별도,재무제표,CV-3,PASS,rows=29 cols=33 slider_extended=True,,2026-07-07T23:13:52
HD현대일렉트릭,01205851,267260,KOSPI,분기x별도,재무제표,DS-2/DS-3,DONE,"cross-check completed for ['매출액', '영업이익']",,2026-07-07T23:13:52
HD현대일렉트릭,01205851,267260,KOSPI,분기x별도,지표,CV-6,PASS,default metric selection visible,,2026-07-07T23:13:52
HD현대중공업,01390344,329180,KOSPI,연간x연결,재무제표,DS-1,PASS,,,2026-07-07T23:14:06
HD현대중공업,01390344,329180,KOSPI,연간x연결,상단,DS-8,PASS,,,2026-07-07T23:14:06
HD현대중공업,01390344,329180,KOSPI,연간x연결,상단,DS-7,PASS,"badges seen: ['✅', '🔎', '⚠']",,2026-07-07T23:14:06
HD현대중공업,01390344,329180,KOSPI,연간x연결,재무제표,CV-3,PASS,rows=29 cols=9 slider_extended=True,,2026-07-07T23:14:06
HD현대중공업,01390344,329180,KOSPI,연간x연결,재무제표,DS-2/DS-3,DONE,"cross-check completed for ['매출액', '영업이익']",,2026-07-07T23:14:06
HD현대중공업,01390344,329180,KOSPI,연간x연결,지표,CV-6,PASS,default metric selection visible,,2026-07-07T23:14:06
HD현대중공업,01390344,329180,KOSPI,연간x별도,재무제표,DS-1,PASS,,,2026-07-07T23:14:11
HD현대중공업,01390344,329180,KOSPI,연간x별도,상단,DS-8,PASS,,,2026-07-07T23:14:11
HD현대중공업,01390344,329180,KOSPI,연간x별도,상단,DS-7,PASS,"badges seen: ['✅', '🔎', '⚠']",,2026-07-07T23:14:11
HD현대중공업,01390344,329180,KOSPI,연간x별도,재무제표,CV-3,PASS,rows=29 cols=9 slider_extended=True,,2026-07-07T23:14:11
HD현대중공업,01390344,329180,KOSPI,연간x별도,재무제표,DS-2/DS-3,DONE,"cross-check completed for ['매출액', '영업이익']",,2026-07-07T23:14:11
HD현대중공업,01390344,329180,KOSPI,연간x별도,지표,CV-6,PASS,default metric selection visible,,2026-07-07T23:14:11
HD현대중공업,01390344,329180,KOSPI,분기x연결,재무제표,DS-1,PASS,,,2026-07-07T23:14:17
HD현대중공업,01390344,329180,KOSPI,분기x연결,상단,DS-8,PASS,,,2026-07-07T23:14:17
HD현대중공업,01390344,329180,KOSPI,분기x연결,상단,DS-7,PASS,"badges seen: ['✅', '🔎', '⚠']",,2026-07-07T23:14:17
HD현대중공업,01390344,329180,KOSPI,분기x연결,재무제표,CV-3,PASS,rows=29 cols=28 slider_extended=True,,2026-07-07T23:14:17
HD현대중공업,01390344,329180,KOSPI,분기x연결,재무제표,DS-2/DS-3,DONE,"cross-check completed for ['매출액', '영업이익']",,2026-07-07T23:14:17
HD현대중공업,01390344,329180,KOSPI,분기x연결,지표,CV-6,PASS,default metric selection visible,,2026-07-07T23:14:17
HD현대중공업,01390344,329180,KOSPI,분기x별도,재무제표,DS-1,PASS,,,2026-07-07T23:14:25
HD현대중공업,01390344,329180,KOSPI,분기x별도,상단,DS-8,PASS,,,2026-07-07T23:14:25
HD현대중공업,01390344,329180,KOSPI,분기x별도,상단,DS-7,PASS,"badges seen: ['✅', '🔎', '⚠']",,2026-07-07T23:14:25
HD현대중공업,01390344,329180,KOSPI,분기x별도,재무제표,CV-3,PASS,rows=29 cols=28 slider_extended=True,,2026-07-07T23:14:25
HD현대중공업,01390344,329180,KOSPI,분기x별도,재무제표,DS-2/DS-3,DONE,"cross-check completed for ['매출액', '영업이익']",,2026-07-07T23:14:25
HD현대중공업,01390344,329180,KOSPI,분기x별도,지표,CV-6,PASS,default metric selection visible,,2026-07-07T23:14:25
HDC,00164636,012630,KOSPI,연간x연결,재무제표,DS-1,PASS,,,2026-07-07T23:14:38
HDC,00164636,012630,KOSPI,연간x연결,상단,DS-8,PASS,,,2026-07-07T23:14:38
HDC,00164636,012630,KOSPI,연간x연결,상단,DS-7,PASS,"badges seen: ['✅', '🔎', '⚠']",,2026-07-07T23:14:38
HDC,00164636,012630,KOSPI,연간x연결,재무제표,CV-3,PASS,rows=29 cols=22 slider_extended=True,,2026-07-07T23:14:38
HDC,00164636,012630,KOSPI,연간x연결,재무제표,DS-2/DS-3,DONE,"cross-check completed for ['매출액', '영업이익']",,2026-07-07T23:14:38
HDC,00164636,012630,KOSPI,연간x연결,지표,CV-6,PASS,default metric selection visible,,2026-07-07T23:14:38
HDC,00164636,012630,KOSPI,연간x별도,재무제표,DS-1,PASS,,,2026-07-07T23:14:44
HDC,00164636,012630,KOSPI,연간x별도,상단,DS-8,PASS,,,2026-07-07T23:14:44
HDC,00164636,012630,KOSPI,연간x별도,상단,DS-7,PASS,"badges seen: ['✅', '🔎', '⚠']",,2026-07-07T23:14:44
HDC,00164636,012630,KOSPI,연간x별도,재무제표,CV-3,PASS,rows=29 cols=22 slider_extended=True,,2026-07-07T23:14:44
HDC,00164636,012630,KOSPI,연간x별도,재무제표,DS-2/DS-3,DONE,"cross-check completed for ['매출액', '영업이익']",,2026-07-07T23:14:44
HDC,00164636,012630,KOSPI,연간x별도,지표,CV-6,PASS,default metrics not found,,2026-07-07T23:14:44
HDC,00164636,012630,KOSPI,분기x연결,재무제표,DS-1,PASS,,,2026-07-07T23:14:50
HDC,00164636,012630,KOSPI,분기x연결,상단,DS-8,PASS,,,2026-07-07T23:14:50
HDC,00164636,012630,KOSPI,분기x연결,상단,DS-7,PASS,"badges seen: ['✅', '🔎', '⚠']",,2026-07-07T23:14:50
HDC,00164636,012630,KOSPI,분기x연결,재무제표,CV-3,PASS,rows=29 cols=76 slider_extended=True,,2026-07-07T23:14:50
HDC,00164636,012630,KOSPI,분기x연결,재무제표,DS-2/DS-3,DONE,"cross-check completed for ['매출액', '영업이익']",,2026-07-07T23:14:50
HDC,00164636,012630,KOSPI,분기x연결,지표,CV-6,PASS,default metric selection visible,,2026-07-07T23:14:50
HDC,00164636,012630,KOSPI,분기x별도,재무제표,DS-1,PASS,,,2026-07-07T23:14:57
HDC,00164636,012630,KOSPI,분기x별도,상단,DS-8,PASS,,,2026-07-07T23:14:57
HDC,00164636,012630,KOSPI,분기x별도,상단,DS-7,PASS,"badges seen: ['✅', '🔎', '⚠']",,2026-07-07T23:14:57
HDC,00164636,012630,KOSPI,분기x별도,재무제표,CV-3,PASS,rows=29 cols=74 slider_extended=True,,2026-07-07T23:14:57
HDC,00164636,012630,KOSPI,분기x별도,재무제표,DS-2/DS-3,DONE,"cross-check completed for ['매출액', '영업이익']",,2026-07-07T23:14:57
HDC,00164636,012630,KOSPI,분기x별도,지표,CV-6,PASS,default metric selection visible,,2026-07-07T23:14:57
HDC랩스,00350312,039570,KOSPI,연간x연결,재무제표,DS-1,PASS,,,2026-07-07T23:15:11
HDC랩스,00350312,039570,KOSPI,연간x연결,상단,DS-8,PASS,,,2026-07-07T23:15:11
HDC랩스,00350312,039570,KOSPI,연간x연결,상단,DS-7,PASS,"badges seen: ['✅', '🔎']",,2026-07-07T23:15:11
HDC랩스,00350312,039570,KOSPI,연간x연결,재무제표,CV-3,PASS,rows=29 cols=15 slider_extended=True,,2026-07-07T23:15:11
HDC랩스,00350312,039570,KOSPI,연간x연결,재무제표,DS-2/DS-3,DONE,"cross-check completed for ['매출액', '영업이익']",,2026-07-07T23:15:11
HDC랩스,00350312,039570,KOSPI,연간x연결,지표,CV-6,PASS,default metric selection visible,,2026-07-07T23:15:11
HDC랩스,00350312,039570,KOSPI,연간x별도,재무제표,DS-1,PASS,,,2026-07-07T23:15:16
HDC랩스,00350312,039570,KOSPI,연간x별도,상단,DS-8,PASS,,,2026-07-07T23:15:16
HDC랩스,00350312,039570,KOSPI,연간x별도,상단,DS-7,PASS,"badges seen: ['✅', '🔎', '⚠']",,2026-07-07T23:15:16
HDC랩스,00350312,039570,KOSPI,연간x별도,재무제표,CV-3,PASS,rows=29 cols=15 slider_extended=True,,2026-07-07T23:15:16
HDC랩스,00350312,039570,KOSPI,연간x별도,재무제표,DS-2/DS-3,DONE,"cross-check completed for ['매출액', '영업이익']",,2026-07-07T23:15:16
HDC랩스,00350312,039570,KOSPI,연간x별도,지표,CV-6,PASS,default metric selection visible,,2026-07-07T23:15:16
HDC랩스,00350312,039570,KOSPI,분기x연결,재무제표,DS-1,PASS,,,2026-07-07T23:15:23
HDC랩스,00350312,039570,KOSPI,분기x연결,상단,DS-8,PASS,,,2026-07-07T23:15:23
HDC랩스,00350312,039570,KOSPI,분기x연결,상단,DS-7,PASS,"badges seen: ['✅', '🔎']",,2026-07-07T23:15:23
HDC랩스,00350312,039570,KOSPI,분기x연결,재무제표,CV-3,PASS,rows=29 cols=51 slider_extended=True,,2026-07-07T23:15:23
HDC랩스,00350312,039570,KOSPI,분기x연결,재무제표,DS-2/DS-3,DONE,"cross-check completed for ['매출액', '영업이익']",,2026-07-07T23:15:23
HDC랩스,00350312,039570,KOSPI,분기x연결,지표,CV-6,PASS,default metric selection visible,,2026-07-07T23:15:23
HDC랩스,00350312,039570,KOSPI,분기x별도,재무제표,DS-1,PASS,,,2026-07-07T23:15:30
HDC랩스,00350312,039570,KOSPI,분기x별도,상단,DS-8,PASS,,,2026-07-07T23:15:30
HDC랩스,00350312,039570,KOSPI,분기x별도,상단,DS-7,PASS,"badges seen: ['✅', '🔎']",,2026-07-07T23:15:30
HDC랩스,00350312,039570,KOSPI,분기x별도,재무제표,CV-3,PASS,rows=29 cols=51 slider_extended=True,,2026-07-07T23:15:30
HDC랩스,00350312,039570,KOSPI,분기x별도,재무제표,DS-2/DS-3,DONE,"cross-check completed for ['매출액', '영업이익']",,2026-07-07T23:15:30
HDC랩스,00350312,039570,KOSPI,분기x별도,지표,CV-6,PASS,default metric selection visible,,2026-07-07T23:15:30
HDC현대EP,00357935,089470,KOSPI,연간x연결,재무제표,DS-1,PASS,,,2026-07-07T23:15:44
HDC현대EP,00357935,089470,KOSPI,연간x연결,상단,DS-8,PASS,,,2026-07-07T23:15:44
HDC현대EP,00357935,089470,KOSPI,연간x연결,상단,DS-7,PASS,"badges seen: ['✅', '🔎']",,2026-07-07T23:15:44
HDC현대EP,00357935,089470,KOSPI,연간x연결,재무제표,CV-3,PASS,rows=29 cols=19 slider_extended=True,,2026-07-07T23:15:44
HDC현대EP,00357935,089470,KOSPI,연간x연결,재무제표,DS-2/DS-3,DONE,"cross-check completed for ['매출액', '영업이익']",,2026-07-07T23:15:44
HDC현대EP,00357935,089470,KOSPI,연간x연결,지표,CV-6,PASS,default metric selection visible,,2026-07-07T23:15:44
HDC현대EP,00357935,089470,KOSPI,연간x별도,재무제표,DS-1,PASS,,,2026-07-07T23:15:49
HDC현대EP,00357935,089470,KOSPI,연간x별도,상단,DS-8,PASS,,,2026-07-07T23:15:49
HDC현대EP,00357935,089470,KOSPI,연간x별도,상단,DS-7,PASS,"badges seen: ['✅', '🔎']",,2026-07-07T23:15:49
HDC현대EP,00357935,089470,KOSPI,연간x별도,재무제표,CV-3,PASS,rows=29 cols=12 slider_extended=True,,2026-07-07T23:15:49
HDC현대EP,00357935,089470,KOSPI,연간x별도,재무제표,DS-2/DS-3,DONE,"cross-check completed for ['매출액', '영업이익']",,2026-07-07T23:15:49
HDC현대EP,00357935,089470,KOSPI,연간x별도,지표,CV-6,PASS,default metric selection visible,,2026-07-07T23:15:49
HDC현대EP,00357935,089470,KOSPI,분기x연결,재무제표,DS-1,PASS,,,2026-07-07T23:15:56
HDC현대EP,00357935,089470,KOSPI,분기x연결,상단,DS-8,PASS,,,2026-07-07T23:15:56
HDC현대EP,00357935,089470,KOSPI,분기x연결,상단,DS-7,PASS,"badges seen: ['✅', '🔎']",,2026-07-07T23:15:56
HDC현대EP,00357935,089470,KOSPI,분기x연결,재무제표,CV-3,PASS,rows=29 cols=60 slider_extended=True,,2026-07-07T23:15:56
HDC현대EP,00357935,089470,KOSPI,분기x연결,재무제표,DS-2/DS-3,DONE,"cross-check completed for ['매출액', '영업이익']",,2026-07-07T23:15:56
HDC현대EP,00357935,089470,KOSPI,분기x연결,지표,CV-6,PASS,default metric selection visible,,2026-07-07T23:15:56
HDC현대EP,00357935,089470,KOSPI,분기x별도,재무제표,DS-1,PASS,,,2026-07-07T23:16:03
HDC현대EP,00357935,089470,KOSPI,분기x별도,상단,DS-8,PASS,,,2026-07-07T23:16:03
HDC현대EP,00357935,089470,KOSPI,분기x별도,상단,DS-7,PASS,"badges seen: ['✅', '🔎']",,2026-07-07T23:16:03
HDC현대EP,00357935,089470,KOSPI,분기x별도,재무제표,CV-3,PASS,rows=29 cols=75 slider_extended=True,,2026-07-07T23:16:03
HDC현대EP,00357935,089470,KOSPI,분기x별도,재무제표,DS-2/DS-3,DONE,"cross-check completed for ['매출액', '영업이익']",,2026-07-07T23:16:03
HDC현대EP,00357935,089470,KOSPI,분기x별도,지표,CV-6,PASS,default metric selection visible,,2026-07-07T23:16:03
HJ중공업,00633835,097230,KOSPI,연간x연결,재무제표,DS-1,PASS,,,2026-07-07T23:16:17
HJ중공업,00633835,097230,KOSPI,연간x연결,상단,DS-8,PASS,,,2026-07-07T23:16:17
HJ중공업,00633835,097230,KOSPI,연간x연결,상단,DS-7,PASS,"badges seen: ['✅', '🔎', '⚠']",,2026-07-07T23:16:17
HJ중공업,00633835,097230,KOSPI,연간x연결,재무제표,CV-3,PASS,rows=29 cols=22 slider_extended=True,,2026-07-07T23:16:17
HJ중공업,00633835,097230,KOSPI,연간x연결,재무제표,DS-2/DS-3,DONE,"cross-check completed for ['매출액', '영업이익']",,2026-07-07T23:16:17
HJ중공업,00633835,097230,KOSPI,연간x연결,지표,CV-6,PASS,default metric selection visible,,2026-07-07T23:16:17
HJ중공업,00633835,097230,KOSPI,연간x별도,재무제표,DS-1,PASS,,,2026-07-07T23:16:23
HJ중공업,00633835,097230,KOSPI,연간x별도,상단,DS-8,PASS,,,2026-07-07T23:16:23
HJ중공업,00633835,097230,KOSPI,연간x별도,상단,DS-7,PASS,"badges seen: ['✅', '🔎', '⚠']",,2026-07-07T23:16:23
HJ중공업,00633835,097230,KOSPI,연간x별도,재무제표,CV-3,PASS,rows=29 cols=21 slider_extended=True,,2026-07-07T23:16:23
HJ중공업,00633835,097230,KOSPI,연간x별도,재무제표,DS-2/DS-3,DONE,"cross-check completed for ['매출액', '영업이익']",,2026-07-07T23:16:23
HJ중공업,00633835,097230,KOSPI,연간x별도,지표,CV-6,PASS,default metric selection visible,,2026-07-07T23:16:23
HJ중공업,00633835,097230,KOSPI,분기x연결,재무제표,DS-1,PASS,,,2026-07-07T23:16:29
HJ중공업,00633835,097230,KOSPI,분기x연결,상단,DS-8,PASS,,,2026-07-07T23:16:29
HJ중공업,00633835,097230,KOSPI,분기x연결,상단,DS-7,PASS,"badges seen: ['✅', '🔎', '⚠']",,2026-07-07T23:16:29
HJ중공업,00633835,097230,KOSPI,분기x연결,재무제표,CV-3,PASS,rows=29 cols=70 slider_extended=True,,2026-07-07T23:16:29
HJ중공업,00633835,097230,KOSPI,분기x연결,재무제표,DS-2/DS-3,DONE,"cross-check completed for ['매출액', '영업이익']",,2026-07-07T23:16:29
HJ중공업,00633835,097230,KOSPI,분기x연결,지표,CV-6,PASS,default metric selection visible,,2026-07-07T23:16:29
HJ중공업,00633835,097230,KOSPI,분기x별도,재무제표,DS-1,PASS,,,2026-07-07T23:16:36
HJ중공업,00633835,097230,KOSPI,분기x별도,상단,DS-8,PASS,,,2026-07-07T23:16:36
HJ중공업,00633835,097230,KOSPI,분기x별도,상단,DS-7,PASS,"badges seen: ['✅', '🔎', '⚠']",,2026-07-07T23:16:36
HJ중공업,00633835,097230,KOSPI,분기x별도,재무제표,CV-3,PASS,rows=29 cols=70 slider_extended=True,,2026-07-07T23:16:36
HJ중공업,00633835,097230,KOSPI,분기x별도,재무제표,DS-2/DS-3,DONE,"cross-check completed for ['매출액', '영업이익']",,2026-07-07T23:16:36
HJ중공업,00633835,097230,KOSPI,분기x별도,지표,CV-6,PASS,default metric selection visible,,2026-07-07T23:16:36
HL만도,01042775,204320,KOSPI,연간x연결,재무제표,DS-1,PASS,,,2026-07-07T23:16:50
HL만도,01042775,204320,KOSPI,연간x연결,상단,DS-8,PASS,,,2026-07-07T23:16:50
HL만도,01042775,204320,KOSPI,연간x연결,상단,DS-7,PASS,"badges seen: ['✅', '🔎', '⚠']",,2026-07-07T23:16:50
HL만도,01042775,204320,KOSPI,연간x연결,재무제표,CV-3,PASS,rows=29 cols=12 slider_extended=True,,2026-07-07T23:16:50
HL만도,01042775,204320,KOSPI,연간x연결,재무제표,DS-2/DS-3,DONE,"cross-check completed for ['매출액', '영업이익']",,2026-07-07T23:16:50
HL만도,01042775,204320,KOSPI,연간x연결,지표,CV-6,FAIL,default metrics not found,,2026-07-07T23:16:50
HL만도,01042775,204320,KOSPI,연간x별도,재무제표,DS-1,PASS,,,2026-07-07T23:16:55
HL만도,01042775,204320,KOSPI,연간x별도,상단,DS-8,PASS,,,2026-07-07T23:16:55
HL만도,01042775,204320,KOSPI,연간x별도,상단,DS-7,PASS,"badges seen: ['✅', '🔎']",,2026-07-07T23:16:55
HL만도,01042775,204320,KOSPI,연간x별도,재무제표,CV-3,PASS,rows=29 cols=14 slider_extended=True,,2026-07-07T23:16:55
HL만도,01042775,204320,KOSPI,연간x별도,재무제표,DS-2/DS-3,DONE,"cross-check completed for ['매출액', '영업이익']",,2026-07-07T23:16:55
HL만도,01042775,204320,KOSPI,연간x별도,지표,CV-6,PASS,default metric selection visible,,2026-07-07T23:16:55
HL만도,01042775,204320,KOSPI,분기x연결,재무제표,DS-1,PASS,,,2026-07-07T23:17:02
HL만도,01042775,204320,KOSPI,분기x연결,상단,DS-8,PASS,,,2026-07-07T23:17:02
HL만도,01042775,204320,KOSPI,분기x연결,상단,DS-7,PASS,"badges seen: ['✅', '🔎']",,2026-07-07T23:17:02
HL만도,01042775,204320,KOSPI,분기x연결,재무제표,CV-3,PASS,rows=29 cols=51 slider_extended=True,,2026-07-07T23:17:02
HL만도,01042775,204320,KOSPI,분기x연결,재무제표,DS-2/DS-3,DONE,"cross-check completed for ['매출액', '영업이익']",,2026-07-07T23:17:02
HL만도,01042775,204320,KOSPI,분기x연결,지표,CV-6,PASS,default metric selection visible,,2026-07-07T23:17:02
HL만도,01042775,204320,KOSPI,분기x별도,재무제표,DS-1,PASS,,,2026-07-07T23:17:09
HL만도,01042775,204320,KOSPI,분기x별도,상단,DS-8,PASS,,,2026-07-07T23:17:09
HL만도,01042775,204320,KOSPI,분기x별도,상단,DS-7,PASS,"badges seen: ['✅', '🔎', '⚠']",,2026-07-07T23:17:09
HL만도,01042775,204320,KOSPI,분기x별도,재무제표,CV-3,PASS,rows=29 cols=51 slider_extended=True,,2026-07-07T23:17:09
HL만도,01042775,204320,KOSPI,분기x별도,재무제표,DS-2/DS-3,DONE,"cross-check completed for ['매출액', '영업이익']",,2026-07-07T23:17:09
HL만도,01042775,204320,KOSPI,분기x별도,지표,CV-6,PASS,default metric selection visible,,2026-07-07T23:17:09
HL홀딩스,00299002,060980,KOSPI,연간x연결,재무제표,DS-1,PASS,,,2026-07-07T23:17:23
HL홀딩스,00299002,060980,KOSPI,연간x연결,상단,DS-8,PASS,,,2026-07-07T23:17:23
HL홀딩스,00299002,060980,KOSPI,연간x연결,상단,DS-7,PASS,"badges seen: ['✅', '🔎', '⚠']",,2026-07-07T23:17:23
HL홀딩스,00299002,060980,KOSPI,연간x연결,재무제표,CV-3,PASS,rows=29 cols=20 slider_extended=True,,2026-07-07T23:17:23
HL홀딩스,00299002,060980,KOSPI,연간x연결,재무제표,DS-2/DS-3,DONE,"cross-check completed for ['매출액', '영업이익']",,2026-07-07T23:17:23
HL홀딩스,00299002,060980,KOSPI,연간x연결,지표,CV-6,PASS,default metric selection visible,,2026-07-07T23:17:23
HL홀딩스,00299002,060980,KOSPI,연간x별도,재무제표,DS-1,PASS,,,2026-07-07T23:17:28
HL홀딩스,00299002,060980,KOSPI,연간x별도,상단,DS-8,PASS,,,2026-07-07T23:17:28
HL홀딩스,00299002,060980,KOSPI,연간x별도,상단,DS-7,PASS,"badges seen: ['✅', '🔎', '⚠']",,2026-07-07T23:17:28
HL홀딩스,00299002,060980,KOSPI,연간x별도,재무제표,CV-3,PASS,rows=29 cols=23 slider_extended=True,,2026-07-07T23:17:28
HL홀딩스,00299002,060980,KOSPI,연간x별도,재무제표,DS-2/DS-3,DONE,"cross-check completed for ['매출액', '영업이익']",,2026-07-07T23:17:28
HL홀딩스,00299002,060980,KOSPI,연간x별도,지표,CV-6,PASS,default metric selection visible,,2026-07-07T23:17:28
HL홀딩스,00299002,060980,KOSPI,분기x연결,재무제표,DS-1,PASS,,,2026-07-07T23:17:34
HL홀딩스,00299002,060980,KOSPI,분기x연결,상단,DS-8,PASS,,,2026-07-07T23:17:34
HL홀딩스,00299002,060980,KOSPI,분기x연결,상단,DS-7,PASS,"badges seen: ['✅', '🔎']",,2026-07-07T23:17:34
HL홀딩스,00299002,060980,KOSPI,분기x연결,재무제표,CV-3,PASS,rows=29 cols=71 slider_extended=True,,2026-07-07T23:17:34
HL홀딩스,00299002,060980,KOSPI,분기x연결,재무제표,DS-2/DS-3,DONE,"cross-check completed for ['매출액', '영업이익']",,2026-07-07T23:17:34
HL홀딩스,00299002,060980,KOSPI,분기x연결,지표,CV-6,PASS,default metric selection visible,,2026-07-07T23:17:34
HL홀딩스,00299002,060980,KOSPI,분기x별도,재무제표,DS-1,PASS,,,2026-07-07T23:17:42
HL홀딩스,00299002,060980,KOSPI,분기x별도,상단,DS-8,PASS,,,2026-07-07T23:17:42
HL홀딩스,00299002,060980,KOSPI,분기x별도,상단,DS-7,PASS,"badges seen: ['✅', '🔎']",,2026-07-07T23:17:42
HL홀딩스,00299002,060980,KOSPI,분기x별도,재무제표,CV-3,PASS,rows=29 cols=68 slider_extended=True,,2026-07-07T23:17:42
HL홀딩스,00299002,060980,KOSPI,분기x별도,재무제표,DS-2/DS-3,DONE,"cross-check completed for ['매출액', '영업이익']",,2026-07-07T23:17:42
HL홀딩스,00299002,060980,KOSPI,분기x별도,지표,CV-6,PASS,default metric selection visible,,2026-07-07T23:17:42
HL D&I,00161116,014790,KOSPI,연간x연결,재무제표,DS-1,PASS,,,2026-07-07T23:17:56
HL D&I,00161116,014790,KOSPI,연간x연결,상단,DS-8,PASS,,,2026-07-07T23:17:56
HL D&I,00161116,014790,KOSPI,연간x연결,상단,DS-7,PASS,"badges seen: ['✅', '🔎', '⚠']",,2026-07-07T23:17:56
HL D&I,00161116,014790,KOSPI,연간x연결,재무제표,CV-3,PASS,rows=29 cols=21 slider_extended=True,,2026-07-07T23:17:56
HL D&I,00161116,014790,KOSPI,연간x연결,재무제표,DS-2/DS-3,DONE,"cross-check completed for ['매출액', '영업이익']",,2026-07-07T23:17:56
HL D&I,00161116,014790,KOSPI,연간x연결,지표,CV-6,PASS,default metric selection visible,,2026-07-07T23:17:56
HL D&I,00161116,014790,KOSPI,연간x별도,재무제표,DS-1,PASS,,,2026-07-07T23:18:01
HL D&I,00161116,014790,KOSPI,연간x별도,상단,DS-8,PASS,,,2026-07-07T23:18:01
HL D&I,00161116,014790,KOSPI,연간x별도,상단,DS-7,PASS,"badges seen: ['✅', '🔎']",,2026-07-07T23:18:01
HL D&I,00161116,014790,KOSPI,연간x별도,재무제표,CV-3,PASS,rows=29 cols=26 slider_extended=True,,2026-07-07T23:18:01
HL D&I,00161116,014790,KOSPI,연간x별도,재무제표,DS-2/DS-3,DONE,"cross-check completed for ['매출액', '영업이익']",,2026-07-07T23:18:01
HL D&I,00161116,014790,KOSPI,연간x별도,지표,CV-6,PASS,default metric selection visible,,2026-07-07T23:18:01
HL D&I,00161116,014790,KOSPI,분기x연결,재무제표,DS-1,PASS,,,2026-07-07T23:18:07
HL D&I,00161116,014790,KOSPI,분기x연결,상단,DS-8,PASS,,,2026-07-07T23:18:07
HL D&I,00161116,014790,KOSPI,분기x연결,상단,DS-7,PASS,"badges seen: ['✅', '🔎']",,2026-07-07T23:18:07
HL D&I,00161116,014790,KOSPI,분기x연결,재무제표,CV-3,PASS,rows=29 cols=77 slider_extended=True,,2026-07-07T23:18:07
HL D&I,00161116,014790,KOSPI,분기x연결,재무제표,DS-2/DS-3,DONE,"cross-check completed for ['매출액', '영업이익']",,2026-07-07T23:18:07
HL D&I,00161116,014790,KOSPI,분기x연결,지표,CV-6,PASS,default metric selection visible,,2026-07-07T23:18:07
HL D&I,00161116,014790,KOSPI,분기x별도,재무제표,DS-1,PASS,,,2026-07-07T23:18:15
HL D&I,00161116,014790,KOSPI,분기x별도,상단,DS-8,PASS,,,2026-07-07T23:18:15
HL D&I,00161116,014790,KOSPI,분기x별도,상단,DS-7,PASS,"badges seen: ['✅', '🔎']",,2026-07-07T23:18:15
HL D&I,00161116,014790,KOSPI,분기x별도,재무제표,CV-3,PASS,rows=29 cols=75 slider_extended=True,,2026-07-07T23:18:15
HL D&I,00161116,014790,KOSPI,분기x별도,재무제표,DS-2/DS-3,DONE,"cross-check completed for ['매출액', '영업이익']",,2026-07-07T23:18:15
HL D&I,00161116,014790,KOSPI,분기x별도,지표,CV-6,PASS,default metric selection visible,,2026-07-07T23:18:15
HLB글로벌,00169048,003580,KOSPI,연간x연결,재무제표,DS-1,PASS,,,2026-07-07T23:18:29
HLB글로벌,00169048,003580,KOSPI,연간x연결,상단,DS-8,PASS,,,2026-07-07T23:18:29
HLB글로벌,00169048,003580,KOSPI,연간x연결,상단,DS-7,PASS,"badges seen: ['✅', '🔎']",,2026-07-07T23:18:29
HLB글로벌,00169048,003580,KOSPI,연간x연결,재무제표,CV-3,PASS,rows=29 cols=19 slider_extended=True,,2026-07-07T23:18:29
HLB글로벌,00169048,003580,KOSPI,연간x연결,재무제표,DS-2/DS-3,DONE,"cross-check completed for ['매출액', '영업이익']",,2026-07-07T23:18:29
HLB글로벌,00169048,003580,KOSPI,연간x연결,지표,CV-6,PASS,default metric selection visible,,2026-07-07T23:18:29
HLB글로벌,00169048,003580,KOSPI,연간x별도,재무제표,DS-1,PASS,,,2026-07-07T23:18:35
HLB글로벌,00169048,003580,KOSPI,연간x별도,상단,DS-8,PASS,,,2026-07-07T23:18:35
HLB글로벌,00169048,003580,KOSPI,연간x별도,상단,DS-7,PASS,"badges seen: ['✅', '🔎']",,2026-07-07T23:18:35
HLB글로벌,00169048,003580,KOSPI,연간x별도,재무제표,CV-3,PASS,rows=29 cols=26 slider_extended=True,,2026-07-07T23:18:35
HLB글로벌,00169048,003580,KOSPI,연간x별도,재무제표,DS-2/DS-3,DONE,"cross-check completed for ['매출액', '영업이익']",,2026-07-07T23:18:35
HLB글로벌,00169048,003580,KOSPI,연간x별도,지표,CV-6,PASS,default metric selection visible,,2026-07-07T23:18:35
HLB글로벌,00169048,003580,KOSPI,분기x연결,재무제표,DS-1,PASS,,,2026-07-07T23:18:41
HLB글로벌,00169048,003580,KOSPI,분기x연결,상단,DS-8,PASS,,,2026-07-07T23:18:41
HLB글로벌,00169048,003580,KOSPI,분기x연결,상단,DS-7,PASS,"badges seen: ['✅', '🔎']",,2026-07-07T23:18:41
HLB글로벌,00169048,003580,KOSPI,분기x연결,재무제표,CV-3,PASS,rows=29 cols=58 slider_extended=True,,2026-07-07T23:18:41
HLB글로벌,00169048,003580,KOSPI,분기x연결,재무제표,DS-2/DS-3,DONE,"cross-check completed for ['매출액', '영업이익']",,2026-07-07T23:18:41
HLB글로벌,00169048,003580,KOSPI,분기x연결,지표,CV-6,PASS,default metric selection visible,,2026-07-07T23:18:41
HLB글로벌,00169048,003580,KOSPI,분기x별도,재무제표,DS-1,PASS,,,2026-07-07T23:18:48
HLB글로벌,00169048,003580,KOSPI,분기x별도,상단,DS-8,PASS,,,2026-07-07T23:18:48
HLB글로벌,00169048,003580,KOSPI,분기x별도,상단,DS-7,PASS,"badges seen: ['✅', '🔎']",,2026-07-07T23:18:48
HLB글로벌,00169048,003580,KOSPI,분기x별도,재무제표,CV-3,PASS,rows=29 cols=88 slider_extended=True,,2026-07-07T23:18:48
HLB글로벌,00169048,003580,KOSPI,분기x별도,재무제표,DS-2/DS-3,DONE,"cross-check completed for ['매출액', '영업이익']",,2026-07-07T23:18:48
HLB글로벌,00169048,003580,KOSPI,분기x별도,지표,CV-6,PASS,default metric selection visible,,2026-07-07T23:18:48
HMM,00164645,011200,KOSPI,연간x연결,재무제표,DS-1,PASS,,,2026-07-07T23:19:02
HMM,00164645,011200,KOSPI,연간x연결,상단,DS-8,PASS,,,2026-07-07T23:19:02
HMM,00164645,011200,KOSPI,연간x연결,상단,DS-7,PASS,"badges seen: ['✅', '🔎', '⚠']",,2026-07-07T23:19:02
HMM,00164645,011200,KOSPI,연간x연결,재무제표,CV-3,PASS,rows=29 cols=22 slider_extended=True,,2026-07-07T23:19:02
HMM,00164645,011200,KOSPI,연간x연결,재무제표,DS-2/DS-3,DONE,"cross-check completed for ['매출액', '영업이익']",,2026-07-07T23:19:02
HMM,00164645,011200,KOSPI,연간x연결,지표,CV-6,PASS,default metric selection visible,,2026-07-07T23:19:02
HMM,00164645,011200,KOSPI,연간x별도,재무제표,DS-1,PASS,,,2026-07-07T23:19:07
HMM,00164645,011200,KOSPI,연간x별도,상단,DS-8,PASS,,,2026-07-07T23:19:07
HMM,00164645,011200,KOSPI,연간x별도,상단,DS-7,PASS,"badges seen: ['✅', '🔎', '⚠']",,2026-07-07T23:19:07
HMM,00164645,011200,KOSPI,연간x별도,재무제표,CV-3,PASS,rows=29 cols=26 slider_extended=True,,2026-07-07T23:19:07
HMM,00164645,011200,KOSPI,연간x별도,재무제표,DS-2/DS-3,DONE,"cross-check completed for ['매출액', '영업이익']",,2026-07-07T23:19:07
HMM,00164645,011200,KOSPI,연간x별도,지표,CV-6,PASS,default metric selection visible,,2026-07-07T23:19:07
HMM,00164645,011200,KOSPI,분기x연결,재무제표,DS-1,PASS,,,2026-07-07T23:19:14
HMM,00164645,011200,KOSPI,분기x연결,상단,DS-8,PASS,,,2026-07-07T23:19:14
HMM,00164645,011200,KOSPI,분기x연결,상단,DS-7,PASS,"badges seen: ['✅', '🔎', '⚠']",,2026-07-07T23:19:14
HMM,00164645,011200,KOSPI,분기x연결,재무제표,CV-3,PASS,rows=29 cols=77 slider_extended=True,,2026-07-07T23:19:14
HMM,00164645,011200,KOSPI,분기x연결,재무제표,DS-2/DS-3,DONE,"cross-check completed for ['매출액', '영업이익']",,2026-07-07T23:19:14
HMM,00164645,011200,KOSPI,분기x연결,지표,CV-6,PASS,default metric selection visible,,2026-07-07T23:19:14
HMM,00164645,011200,KOSPI,분기x별도,재무제표,DS-1,PASS,,,2026-07-07T23:19:21
HMM,00164645,011200,KOSPI,분기x별도,상단,DS-8,PASS,,,2026-07-07T23:19:21
HMM,00164645,011200,KOSPI,분기x별도,상단,DS-7,PASS,"badges seen: ['✅', '🔎', '⚠']",,2026-07-07T23:19:21
HMM,00164645,011200,KOSPI,분기x별도,재무제표,CV-3,PASS,rows=29 cols=82 slider_extended=True,,2026-07-07T23:19:21
HMM,00164645,011200,KOSPI,분기x별도,재무제표,DS-2/DS-3,DONE,"cross-check completed for ['매출액', '영업이익']",,2026-07-07T23:19:21
HMM,00164645,011200,KOSPI,분기x별도,지표,CV-6,PASS,default metric selection visible,,2026-07-07T23:19:21
HS애드,00140168,035000,KOSPI,연간x연결,재무제표,DS-1,PASS,,,2026-07-07T23:19:35
HS애드,00140168,035000,KOSPI,연간x연결,상단,DS-8,PASS,,,2026-07-07T23:19:35
HS애드,00140168,035000,KOSPI,연간x연결,상단,DS-7,PASS,"badges seen: ['✅', '🔎']",,2026-07-07T23:19:35
HS애드,00140168,035000,KOSPI,연간x연결,재무제표,CV-3,PASS,rows=29 cols=20 slider_extended=True,,2026-07-07T23:19:35
HS애드,00140168,035000,KOSPI,연간x연결,재무제표,DS-2/DS-3,DONE,"cross-check completed for ['매출액', '영업이익']",,2026-07-07T23:19:35
HS애드,00140168,035000,KOSPI,연간x연결,지표,CV-6,PASS,default metric selection visible,,2026-07-07T23:19:35
HS애드,00140168,035000,KOSPI,연간x별도,재무제표,DS-1,PASS,,,2026-07-07T23:19:40
HS애드,00140168,035000,KOSPI,연간x별도,상단,DS-8,PASS,,,2026-07-07T23:19:40
HS애드,00140168,035000,KOSPI,연간x별도,상단,DS-7,PASS,"badges seen: ['✅', '🔎', '⚠']",,2026-07-07T23:19:40
HS애드,00140168,035000,KOSPI,연간x별도,재무제표,CV-3,PASS,rows=29 cols=28 slider_extended=True,,2026-07-07T23:19:40
HS애드,00140168,035000,KOSPI,연간x별도,재무제표,DS-2/DS-3,DONE,"cross-check completed for ['매출액', '영업이익']",,2026-07-07T23:19:40
HS애드,00140168,035000,KOSPI,연간x별도,지표,CV-6,PASS,default metric selection visible,,2026-07-07T23:19:40
HS애드,00140168,035000,KOSPI,분기x연결,재무제표,DS-1,PASS,,,2026-07-07T23:19:46
HS애드,00140168,035000,KOSPI,분기x연결,상단,DS-8,PASS,,,2026-07-07T23:19:46
HS애드,00140168,035000,KOSPI,분기x연결,상단,DS-7,PASS,"badges seen: ['✅', '🔎']",,2026-07-07T23:19:46
HS애드,00140168,035000,KOSPI,분기x연결,재무제표,CV-3,PASS,rows=29 cols=66 slider_extended=True,,2026-07-07T23:19:46
HS애드,00140168,035000,KOSPI,분기x연결,재무제표,DS-2/DS-3,DONE,"cross-check completed for ['매출액', '영업이익']",,2026-07-07T23:19:46
HS애드,00140168,035000,KOSPI,분기x연결,지표,CV-6,PASS,default metric selection visible,,2026-07-07T23:19:46
HS애드,00140168,035000,KOSPI,분기x별도,재무제표,DS-1,PASS,,,2026-07-07T23:19:54
HS애드,00140168,035000,KOSPI,분기x별도,상단,DS-8,PASS,,,2026-07-07T23:19:54
HS애드,00140168,035000,KOSPI,분기x별도,상단,DS-7,PASS,"badges seen: ['✅', '🔎']",,2026-07-07T23:19:54
HS애드,00140168,035000,KOSPI,분기x별도,재무제표,CV-3,PASS,rows=29 cols=85 slider_extended=True,,2026-07-07T23:19:54
HS애드,00140168,035000,KOSPI,분기x별도,재무제표,DS-2/DS-3,DONE,"cross-check completed for ['매출액', '영업이익']",,2026-07-07T23:19:54
HS애드,00140168,035000,KOSPI,분기x별도,지표,CV-6,PASS,default metric selection visible,,2026-07-07T23:19:54
HS화성,00174527,002460,KOSPI,연간x연결,재무제표,DS-1,PASS,,,2026-07-07T23:20:08
HS화성,00174527,002460,KOSPI,연간x연결,상단,DS-8,PASS,,,2026-07-07T23:20:08
HS화성,00174527,002460,KOSPI,연간x연결,상단,DS-7,PASS,"badges seen: ['✅', '🔎', '⚠']",,2026-07-07T23:20:08
HS화성,00174527,002460,KOSPI,연간x연결,재무제표,CV-3,PASS,rows=29 cols=21 slider_extended=True,,2026-07-07T23:20:08
HS화성,00174527,002460,KOSPI,연간x연결,재무제표,DS-2/DS-3,DONE,"cross-check completed for ['매출액', '영업이익']",,2026-07-07T23:20:08
HS화성,00174527,002460,KOSPI,연간x연결,지표,CV-6,PASS,default metric selection visible,,2026-07-07T23:20:08
HS화성,00174527,002460,KOSPI,연간x별도,재무제표,DS-1,PASS,,,2026-07-07T23:20:13
HS화성,00174527,002460,KOSPI,연간x별도,상단,DS-8,PASS,,,2026-07-07T23:20:13
HS화성,00174527,002460,KOSPI,연간x별도,상단,DS-7,PASS,"badges seen: ['✅', '🔎', '⚠']",,2026-07-07T23:20:13
HS화성,00174527,002460,KOSPI,연간x별도,재무제표,CV-3,PASS,rows=29 cols=28 slider_extended=True,,2026-07-07T23:20:13
HS화성,00174527,002460,KOSPI,연간x별도,재무제표,DS-2/DS-3,DONE,"cross-check completed for ['매출액', '영업이익']",,2026-07-07T23:20:13
HS화성,00174527,002460,KOSPI,연간x별도,지표,CV-6,PASS,default metric selection visible,,2026-07-07T23:20:13
HS화성,00174527,002460,KOSPI,분기x연결,재무제표,DS-1,PASS,,,2026-07-07T23:20:19
HS화성,00174527,002460,KOSPI,분기x연결,상단,DS-8,PASS,,,2026-07-07T23:20:19
HS화성,00174527,002460,KOSPI,분기x연결,상단,DS-7,PASS,"badges seen: ['✅', '🔎', '⚠']",,2026-07-07T23:20:19
HS화성,00174527,002460,KOSPI,분기x연결,재무제표,CV-3,PASS,rows=29 cols=70 slider_extended=True,,2026-07-07T23:20:19
HS화성,00174527,002460,KOSPI,분기x연결,재무제표,DS-2/DS-3,DONE,"cross-check completed for ['매출액', '영업이익']",,2026-07-07T23:20:19
HS화성,00174527,002460,KOSPI,분기x연결,지표,CV-6,PASS,default metric selection visible,,2026-07-07T23:20:19
HS화성,00174527,002460,KOSPI,분기x별도,재무제표,DS-1,PASS,,,2026-07-07T23:20:27
HS화성,00174527,002460,KOSPI,분기x별도,상단,DS-8,PASS,,,2026-07-07T23:20:27
HS화성,00174527,002460,KOSPI,분기x별도,상단,DS-7,PASS,"badges seen: ['✅', '🔎']",,2026-07-07T23:20:27
HS화성,00174527,002460,KOSPI,분기x별도,재무제표,CV-3,PASS,rows=29 cols=86 slider_extended=True,,2026-07-07T23:20:27
HS화성,00174527,002460,KOSPI,분기x별도,재무제표,DS-2/DS-3,DONE,"cross-check completed for ['매출액', '영업이익']",,2026-07-07T23:20:27
HS화성,00174527,002460,KOSPI,분기x별도,지표,CV-6,PASS,default metric selection visible,,2026-07-07T23:20:27
HS효성,01854763,487570,KOSPI,연간x연결,재무제표,DS-1,PASS,,,2026-07-07T23:20:40
HS효성,01854763,487570,KOSPI,연간x연결,상단,DS-8,PASS,,,2026-07-07T23:20:40
HS효성,01854763,487570,KOSPI,연간x연결,상단,DS-7,PASS,"badges seen: ['✅', '🔎', '⚠']",,2026-07-07T23:20:40
HS효성,01854763,487570,KOSPI,연간x연결,재무제표,CV-3,PASS,rows=29 cols=4 slider_extended=True,,2026-07-07T23:20:40
HS효성,01854763,487570,KOSPI,연간x연결,재무제표,DS-2/DS-3,DONE,"cross-check completed for ['매출액', '영업이익']",,2026-07-07T23:20:40
HS효성,01854763,487570,KOSPI,연간x연결,지표,CV-6,PASS,default metric selection visible,,2026-07-07T23:20:40
HS효성,01854763,487570,KOSPI,연간x별도,재무제표,DS-1,PASS,,,2026-07-07T23:20:46
HS효성,01854763,487570,KOSPI,연간x별도,상단,DS-8,PASS,,,2026-07-07T23:20:46
HS효성,01854763,487570,KOSPI,연간x별도,상단,DS-7,PASS,"badges seen: ['✅', '🔎', '⚠']",,2026-07-07T23:20:46
HS효성,01854763,487570,KOSPI,연간x별도,재무제표,CV-3,PASS,rows=29 cols=4 slider_extended=True,,2026-07-07T23:20:46
HS효성,01854763,487570,KOSPI,연간x별도,재무제표,DS-2/DS-3,DONE,"cross-check completed for ['매출액', '영업이익']",,2026-07-07T23:20:46
HS효성,01854763,487570,KOSPI,연간x별도,지표,CV-6,PASS,default metric selection visible,,2026-07-07T23:20:46
HS효성,01854763,487570,KOSPI,분기x연결,재무제표,DS-1,PASS,,,2026-07-07T23:20:52
HS효성,01854763,487570,KOSPI,분기x연결,상단,DS-8,PASS,,,2026-07-07T23:20:52
HS효성,01854763,487570,KOSPI,분기x연결,상단,DS-7,PASS,"badges seen: ['✅', '🔎']",,2026-07-07T23:20:52
HS효성,01854763,487570,KOSPI,분기x연결,재무제표,CV-3,PASS,rows=29 cols=8 slider_extended=True,,2026-07-07T23:20:52
HS효성,01854763,487570,KOSPI,분기x연결,재무제표,DS-2/DS-3,DONE,"cross-check completed for ['매출액', '영업이익']",,2026-07-07T23:20:52
HS효성,01854763,487570,KOSPI,분기x연결,지표,CV-6,PASS,default metric selection visible,,2026-07-07T23:20:52
HS효성,01854763,487570,KOSPI,분기x별도,재무제표,DS-1,PASS,,,2026-07-07T23:20:59
HS효성,01854763,487570,KOSPI,분기x별도,상단,DS-8,PASS,,,2026-07-07T23:20:59
HS효성,01854763,487570,KOSPI,분기x별도,상단,DS-7,PASS,"badges seen: ['✅', '🔎']",,2026-07-07T23:20:59
HS효성,01854763,487570,KOSPI,분기x별도,재무제표,CV-3,PASS,rows=29 cols=8 slider_extended=True,,2026-07-07T23:20:59
HS효성,01854763,487570,KOSPI,분기x별도,재무제표,DS-2/DS-3,DONE,"cross-check completed for ['매출액', '영업이익']",,2026-07-07T23:20:59
HS효성,01854763,487570,KOSPI,분기x별도,지표,CV-6,FAIL,default metrics not found,,2026-07-07T23:20:59
HS효성첨단소재,01316254,298050,KOSPI,연간x연결,재무제표,DS-1,PASS,,,2026-07-07T23:21:13
HS효성첨단소재,01316254,298050,KOSPI,연간x연결,상단,DS-8,PASS,,,2026-07-07T23:21:13
HS효성첨단소재,01316254,298050,KOSPI,연간x연결,상단,DS-7,PASS,"badges seen: ['✅', '🔎', '⚠']",,2026-07-07T23:21:13
HS효성첨단소재,01316254,298050,KOSPI,연간x연결,재무제표,CV-3,PASS,rows=29 cols=10 slider_extended=True,,2026-07-07T23:21:13
HS효성첨단소재,01316254,298050,KOSPI,연간x연결,재무제표,DS-2/DS-3,DONE,"cross-check completed for ['매출액', '영업이익']",,2026-07-07T23:21:13
HS효성첨단소재,01316254,298050,KOSPI,연간x연결,지표,CV-6,PASS,default metric selection visible,,2026-07-07T23:21:13
HS효성첨단소재,01316254,298050,KOSPI,연간x별도,재무제표,DS-1,PASS,,,2026-07-07T23:21:18
HS효성첨단소재,01316254,298050,KOSPI,연간x별도,상단,DS-8,PASS,,,2026-07-07T23:21:18
HS효성첨단소재,01316254,298050,KOSPI,연간x별도,상단,DS-7,PASS,"badges seen: ['✅', '🔎', '⚠']",,2026-07-07T23:21:18
HS효성첨단소재,01316254,298050,KOSPI,연간x별도,재무제표,CV-3,PASS,rows=29 cols=10 slider_extended=True,,2026-07-07T23:21:18
HS효성첨단소재,01316254,298050,KOSPI,연간x별도,재무제표,DS-2/DS-3,DONE,"cross-check completed for ['매출액', '영업이익']",,2026-07-07T23:21:18
HS효성첨단소재,01316254,298050,KOSPI,연간x별도,지표,CV-6,PASS,default metric selection visible,,2026-07-07T23:21:18
HS효성첨단소재,01316254,298050,KOSPI,분기x연결,재무제표,DS-1,PASS,,,2026-07-07T23:21:24
HS효성첨단소재,01316254,298050,KOSPI,분기x연결,상단,DS-8,PASS,,,2026-07-07T23:21:24
HS효성첨단소재,01316254,298050,KOSPI,분기x연결,상단,DS-7,PASS,"badges seen: ['✅', '🔎']",,2026-07-07T23:21:24
HS효성첨단소재,01316254,298050,KOSPI,분기x연결,재무제표,CV-3,PASS,rows=29 cols=35 slider_extended=True,,2026-07-07T23:21:24
HS효성첨단소재,01316254,298050,KOSPI,분기x연결,재무제표,DS-2/DS-3,DONE,"cross-check completed for ['매출액', '영업이익']",,2026-07-07T23:21:24
HS효성첨단소재,01316254,298050,KOSPI,분기x연결,지표,CV-6,PASS,default metric selection visible,,2026-07-07T23:21:24
HS효성첨단소재,01316254,298050,KOSPI,분기x별도,재무제표,DS-1,PASS,,,2026-07-07T23:21:32
HS효성첨단소재,01316254,298050,KOSPI,분기x별도,상단,DS-8,PASS,,,2026-07-07T23:21:32
HS효성첨단소재,01316254,298050,KOSPI,분기x별도,상단,DS-7,PASS,"badges seen: ['✅', '🔎', '⚠']",,2026-07-07T23:21:32
HS효성첨단소재,01316254,298050,KOSPI,분기x별도,재무제표,CV-3,PASS,rows=29 cols=35 slider_extended=True,,2026-07-07T23:21:32
HS효성첨단소재,01316254,298050,KOSPI,분기x별도,재무제표,DS-2/DS-3,DONE,"cross-check completed for ['매출액', '영업이익']",,2026-07-07T23:21:32
HS효성첨단소재,01316254,298050,KOSPI,분기x별도,지표,CV-6,PASS,default metric selection visible,,2026-07-07T23:21:32
세이브존I&C,00422895,067830,KOSPI,연간x연결,재무제표,DS-1,PASS,,,2026-07-07T23:21:46
세이브존I&C,00422895,067830,KOSPI,연간x연결,상단,DS-8,PASS,,,2026-07-07T23:21:46
세이브존I&C,00422895,067830,KOSPI,연간x연결,상단,DS-7,PASS,"badges seen: ['✅', '🔎']",,2026-07-07T23:21:46
세이브존I&C,00422895,067830,KOSPI,연간x연결,재무제표,CV-3,PASS,rows=29 cols=13 slider_extended=True,,2026-07-07T23:21:46
세이브존I&C,00422895,067830,KOSPI,연간x연결,재무제표,DS-2/DS-3,DONE,"cross-check completed for ['매출액', '영업이익']",,2026-07-07T23:21:46
세이브존I&C,00422895,067830,KOSPI,연간x연결,지표,CV-6,PASS,default metric selection visible,,2026-07-07T23:21:46
세이브존I&C,00422895,067830,KOSPI,연간x별도,재무제표,DS-1,PASS,,,2026-07-07T23:21:51
세이브존I&C,00422895,067830,KOSPI,연간x별도,상단,DS-8,PASS,,,2026-07-07T23:21:51
세이브존I&C,00422895,067830,KOSPI,연간x별도,상단,DS-7,PASS,"badges seen: ['✅', '🔎']",,2026-07-07T23:21:51
세이브존I&C,00422895,067830,KOSPI,연간x별도,재무제표,CV-3,PASS,rows=29 cols=24 slider_extended=True,,2026-07-07T23:21:51
세이브존I&C,00422895,067830,KOSPI,연간x별도,재무제표,DS-2/DS-3,DONE,"cross-check completed for ['매출액', '영업이익']",,2026-07-07T23:21:51
세이브존I&C,00422895,067830,KOSPI,연간x별도,지표,CV-6,PASS,default metric selection visible,,2026-07-07T23:21:51
세이브존I&C,00422895,067830,KOSPI,분기x연결,재무제표,DS-1,PASS,,,2026-07-07T23:21:57
세이브존I&C,00422895,067830,KOSPI,분기x연결,상단,DS-8,PASS,,,2026-07-07T23:21:57
세이브존I&C,00422895,067830,KOSPI,분기x연결,상단,DS-7,PASS,"badges seen: ['✅', '🔎']",,2026-07-07T23:21:57
세이브존I&C,00422895,067830,KOSPI,분기x연결,재무제표,CV-3,PASS,rows=29 cols=41 slider_extended=True,,2026-07-07T23:21:57
세이브존I&C,00422895,067830,KOSPI,분기x연결,재무제표,DS-2/DS-3,DONE,"cross-check completed for ['매출액', '영업이익']",,2026-07-07T23:21:57
세이브존I&C,00422895,067830,KOSPI,분기x연결,지표,CV-6,PASS,default metric selection visible,,2026-07-07T23:21:57
세이브존I&C,00422895,067830,KOSPI,분기x별도,재무제표,DS-1,PASS,,,2026-07-07T23:22:04
세이브존I&C,00422895,067830,KOSPI,분기x별도,상단,DS-8,PASS,,,2026-07-07T23:22:04
세이브존I&C,00422895,067830,KOSPI,분기x별도,상단,DS-7,PASS,"badges seen: ['✅', '🔎']",,2026-07-07T23:22:04
세이브존I&C,00422895,067830,KOSPI,분기x별도,재무제표,CV-3,PASS,rows=29 cols=14 slider_extended=True,,2026-07-07T23:22:04
세이브존I&C,00422895,067830,KOSPI,분기x별도,재무제표,DS-2/DS-3,DONE,"cross-check completed for ['매출액', '영업이익']",,2026-07-07T23:22:04
세이브존I&C,00422895,067830,KOSPI,분기x별도,지표,CV-6,PASS,default metric selection visible,,2026-07-07T23:22:04
신세계I&C,00219486,035510,KOSPI,연간x연결,재무제표,DS-1,PASS,,,2026-07-07T23:22:18
신세계I&C,00219486,035510,KOSPI,연간x연결,상단,DS-8,PASS,,,2026-07-07T23:22:18
신세계I&C,00219486,035510,KOSPI,연간x연결,상단,DS-7,PASS,"badges seen: ['✅', '🔎']",,2026-07-07T23:22:18
신세계I&C,00219486,035510,KOSPI,연간x연결,재무제표,CV-3,PASS,rows=29 cols=8 slider_extended=True,,2026-07-07T23:22:18
신세계I&C,00219486,035510,KOSPI,연간x연결,재무제표,DS-2/DS-3,DONE,"cross-check completed for ['매출액', '영업이익']",,2026-07-07T23:22:18
신세계I&C,00219486,035510,KOSPI,연간x연결,지표,CV-6,PASS,default metric selection visible,,2026-07-07T23:22:18
신세계I&C,00219486,035510,KOSPI,연간x별도,재무제표,DS-1,PASS,,,2026-07-07T23:22:23
신세계I&C,00219486,035510,KOSPI,연간x별도,상단,DS-8,PASS,,,2026-07-07T23:22:23
신세계I&C,00219486,035510,KOSPI,연간x별도,상단,DS-7,PASS,"badges seen: ['✅', '🔎', '⚠']",,2026-07-07T23:22:23
신세계I&C,00219486,035510,KOSPI,연간x별도,재무제표,CV-3,PASS,rows=29 cols=25 slider_extended=True,,2026-07-07T23:22:23
신세계I&C,00219486,035510,KOSPI,연간x별도,재무제표,DS-2/DS-3,DONE,"cross-check completed for ['매출액', '영업이익']",,2026-07-07T23:22:23
신세계I&C,00219486,035510,KOSPI,연간x별도,지표,CV-6,PASS,default metric selection visible,,2026-07-07T23:22:23
신세계I&C,00219486,035510,KOSPI,분기x연결,재무제표,DS-1,PASS,,,2026-07-07T23:22:30
신세계I&C,00219486,035510,KOSPI,분기x연결,상단,DS-8,PASS,,,2026-07-07T23:22:30
신세계I&C,00219486,035510,KOSPI,분기x연결,상단,DS-7,PASS,"badges seen: ['✅', '🔎']",,2026-07-07T23:22:30
신세계I&C,00219486,035510,KOSPI,분기x연결,재무제표,CV-3,PASS,rows=29 cols=24 slider_extended=True,,2026-07-07T23:22:30
신세계I&C,00219486,035510,KOSPI,분기x연결,재무제표,DS-2/DS-3,DONE,"cross-check completed for ['매출액', '영업이익']",,2026-07-07T23:22:30
신세계I&C,00219486,035510,KOSPI,분기x연결,지표,CV-6,PASS,default metric selection visible,,2026-07-07T23:22:30
신세계I&C,00219486,035510,KOSPI,분기x별도,재무제표,DS-1,PASS,,,2026-07-07T23:22:35
신세계I&C,00219486,035510,KOSPI,분기x별도,상단,DS-8,PASS,,,2026-07-07T23:22:35
신세계I&C,00219486,035510,KOSPI,분기x별도,상단,DS-7,PASS,"badges seen: ['✅', '🔎']",,2026-07-07T23:22:35
신세계I&C,00219486,035510,KOSPI,분기x별도,재무제표,CV-3,PASS,rows=29 cols=85 slider_extended=True,,2026-07-07T23:22:35
신세계I&C,00219486,035510,KOSPI,분기x별도,재무제표,DS-2/DS-3,DONE,"cross-check completed for ['매출액', '영업이익']",,2026-07-07T23:22:35
신세계I&C,00219486,035510,KOSPI,분기x별도,지표,CV-6,PASS,default metric selection visible,,2026-07-07T23:22:35
아시아나IDT,00458234,267850,KOSPI,연간x연결,재무제표,DS-1,PASS,,,2026-07-07T23:22:49
아시아나IDT,00458234,267850,KOSPI,연간x연결,상단,DS-8,PASS,,,2026-07-07T23:22:49
아시아나IDT,00458234,267850,KOSPI,연간x연결,상단,DS-7,PASS,"badges seen: ['✅', '🔎']",,2026-07-07T23:22:49
아시아나IDT,00458234,267850,KOSPI,연간x연결,재무제표,CV-3,PASS,rows=29 cols=6 slider_extended=True,,2026-07-07T23:22:49
아시아나IDT,00458234,267850,KOSPI,연간x연결,재무제표,DS-2/DS-3,DONE,"cross-check completed for ['매출액', '영업이익']",,2026-07-07T23:22:49
아시아나IDT,00458234,267850,KOSPI,연간x연결,지표,CV-6,PASS,default metric selection visible,,2026-07-07T23:22:49
아시아나IDT,00458234,267850,KOSPI,연간x별도,재무제표,DS-1,PASS,,,2026-07-07T23:22:54
아시아나IDT,00458234,267850,KOSPI,연간x별도,상단,DS-8,PASS,,,2026-07-07T23:22:54
아시아나IDT,00458234,267850,KOSPI,연간x별도,상단,DS-7,PASS,"badges seen: ['✅', '🔎']",,2026-07-07T23:22:54
아시아나IDT,00458234,267850,KOSPI,연간x별도,재무제표,CV-3,PASS,rows=29 cols=12 slider_extended=True,,2026-07-07T23:22:54
아시아나IDT,00458234,267850,KOSPI,연간x별도,재무제표,DS-2/DS-3,DONE,"cross-check completed for ['매출액', '영업이익']",,2026-07-07T23:22:54
아시아나IDT,00458234,267850,KOSPI,연간x별도,지표,CV-6,PASS,default metric selection visible,,2026-07-07T23:22:54
아시아나IDT,00458234,267850,KOSPI,분기x연결,재무제표,DS-1,PASS,,,2026-07-07T23:23:00
아시아나IDT,00458234,267850,KOSPI,분기x연결,상단,DS-8,PASS,,,2026-07-07T23:23:00
아시아나IDT,00458234,267850,KOSPI,분기x연결,상단,DS-7,PASS,"badges seen: ['✅', '🔎']",,2026-07-07T23:23:00
아시아나IDT,00458234,267850,KOSPI,분기x연결,재무제표,CV-3,PASS,rows=29 cols=11 slider_extended=True,,2026-07-07T23:23:00
아시아나IDT,00458234,267850,KOSPI,분기x연결,재무제표,DS-2/DS-3,DONE,"cross-check completed for ['매출액', '영업이익']",,2026-07-07T23:23:00
아시아나IDT,00458234,267850,KOSPI,분기x연결,지표,CV-6,FAIL,default metrics not found,,2026-07-07T23:23:00
아시아나IDT,00458234,267850,KOSPI,분기x별도,재무제표,DS-1,PASS,,,2026-07-07T23:23:08
아시아나IDT,00458234,267850,KOSPI,분기x별도,상단,DS-8,PASS,,,2026-07-07T23:23:08
아시아나IDT,00458234,267850,KOSPI,분기x별도,상단,DS-7,PASS,"badges seen: ['✅', '🔎']",,2026-07-07T23:23:08
아시아나IDT,00458234,267850,KOSPI,분기x별도,재무제표,CV-3,PASS,rows=29 cols=36 slider_extended=True,,2026-07-07T23:23:08
아시아나IDT,00458234,267850,KOSPI,분기x별도,재무제표,DS-2/DS-3,DONE,"cross-check completed for ['매출액', '영업이익']",,2026-07-07T23:23:08
아시아나IDT,00458234,267850,KOSPI,분기x별도,지표,CV-6,PASS,default metric selection visible,,2026-07-07T23:23:08
iM금융지주,00878915,139130,KOSPI,연간x연결,재무제표,DS-1,PASS,,,2026-07-07T23:23:21
iM금융지주,00878915,139130,KOSPI,연간x연결,상단,DS-8,PASS,,,2026-07-07T23:23:21
iM금융지주,00878915,139130,KOSPI,연간x연결,상단,DS-7,PASS,"badges seen: ['✅', '🔎', '⚠']",,2026-07-07T23:23:21
iM금융지주,00878915,139130,KOSPI,연간x연결,재무제표,CV-3,PASS,rows=29 cols=18 slider_extended=True,,2026-07-07T23:23:21
iM금융지주,00878915,139130,KOSPI,연간x연결,재무제표,DS-2/DS-3,DONE,"cross-check completed for ['매출액', '영업이익']",,2026-07-07T23:23:21
iM금융지주,00878915,139130,KOSPI,연간x연결,지표,CV-6,PASS,default metric selection visible,,2026-07-07T23:23:21
iM금융지주,00878915,139130,KOSPI,연간x별도,재무제표,DS-1,PASS,,,2026-07-07T23:23:27
iM금융지주,00878915,139130,KOSPI,연간x별도,상단,DS-8,PASS,,,2026-07-07T23:23:27
iM금융지주,00878915,139130,KOSPI,연간x별도,상단,DS-7,PASS,"badges seen: ['✅', '🔎', '⚠']",,2026-07-07T23:23:27
iM금융지주,00878915,139130,KOSPI,연간x별도,재무제표,CV-3,PASS,rows=29 cols=18 slider_extended=True,,2026-07-07T23:23:27
iM금융지주,00878915,139130,KOSPI,연간x별도,재무제표,DS-2/DS-3,DONE,"cross-check completed for ['매출액', '영업이익']",,2026-07-07T23:23:27
iM금융지주,00878915,139130,KOSPI,연간x별도,지표,CV-6,PASS,default metric selection visible,,2026-07-07T23:23:27
iM금융지주,00878915,139130,KOSPI,분기x연결,재무제표,DS-1,PASS,,,2026-07-07T23:23:33
iM금융지주,00878915,139130,KOSPI,분기x연결,상단,DS-8,PASS,,,2026-07-07T23:23:33
iM금융지주,00878915,139130,KOSPI,분기x연결,상단,DS-7,PASS,"badges seen: ['✅', '🔎', '⚠']",,2026-07-07T23:23:33
iM금융지주,00878915,139130,KOSPI,분기x연결,재무제표,CV-3,PASS,rows=29 cols=60 slider_extended=True,,2026-07-07T23:23:33
iM금융지주,00878915,139130,KOSPI,분기x연결,재무제표,DS-2/DS-3,DONE,"cross-check completed for ['매출액', '영업이익']",,2026-07-07T23:23:33
iM금융지주,00878915,139130,KOSPI,분기x연결,지표,CV-6,PASS,default metric selection visible,,2026-07-07T23:23:33
iM금융지주,00878915,139130,KOSPI,분기x별도,재무제표,DS-1,PASS,,,2026-07-07T23:23:40
iM금융지주,00878915,139130,KOSPI,분기x별도,상단,DS-8,PASS,,,2026-07-07T23:23:40
iM금융지주,00878915,139130,KOSPI,분기x별도,상단,DS-7,PASS,"badges seen: ['✅', '🔎', '⚠']",,2026-07-07T23:23:40
iM금융지주,00878915,139130,KOSPI,분기x별도,재무제표,CV-3,PASS,rows=29 cols=60 slider_extended=True,,2026-07-07T23:23:40
iM금융지주,00878915,139130,KOSPI,분기x별도,재무제표,DS-2/DS-3,DONE,"cross-check completed for ['매출액', '영업이익']",,2026-07-07T23:23:40
iM금융지주,00878915,139130,KOSPI,분기x별도,지표,CV-6,PASS,default metric selection visible,,2026-07-07T23:23:40
INVENI,00105101,015360,KOSPI,연간x연결,재무제표,DS-1,PASS,,,2026-07-07T23:23:54
INVENI,00105101,015360,KOSPI,연간x연결,상단,DS-8,PASS,,,2026-07-07T23:23:54
INVENI,00105101,015360,KOSPI,연간x연결,상단,DS-7,PASS,"badges seen: ['✅', '🔎', '⚠']",,2026-07-07T23:23:54
INVENI,00105101,015360,KOSPI,연간x연결,재무제표,CV-3,PASS,rows=29 cols=19 slider_extended=True,,2026-07-07T23:23:54
INVENI,00105101,015360,KOSPI,연간x연결,재무제표,DS-2/DS-3,DONE,"cross-check completed for ['매출액', '영업이익']",,2026-07-07T23:23:54
INVENI,00105101,015360,KOSPI,연간x연결,지표,CV-6,PASS,default metric selection visible,,2026-07-07T23:23:54
INVENI,00105101,015360,KOSPI,연간x별도,재무제표,DS-1,PASS,,,2026-07-07T23:23:59
INVENI,00105101,015360,KOSPI,연간x별도,상단,DS-8,PASS,,,2026-07-07T23:23:59
INVENI,00105101,015360,KOSPI,연간x별도,상단,DS-7,PASS,"badges seen: ['✅', '🔎', '⚠']",,2026-07-07T23:23:59
INVENI,00105101,015360,KOSPI,연간x별도,재무제표,CV-3,PASS,rows=29 cols=28 slider_extended=True,,2026-07-07T23:23:59
INVENI,00105101,015360,KOSPI,연간x별도,재무제표,DS-2/DS-3,DONE,"cross-check completed for ['매출액', '영업이익']",,2026-07-07T23:23:59
INVENI,00105101,015360,KOSPI,연간x별도,지표,CV-6,PASS,default metric selection visible,,2026-07-07T23:23:59
INVENI,00105101,015360,KOSPI,분기x연결,재무제표,DS-1,PASS,,,2026-07-07T23:24:05
INVENI,00105101,015360,KOSPI,분기x연결,상단,DS-8,PASS,,,2026-07-07T23:24:05
INVENI,00105101,015360,KOSPI,분기x연결,상단,DS-7,PASS,"badges seen: ['✅', '🔎', '⚠']",,2026-07-07T23:24:05
INVENI,00105101,015360,KOSPI,분기x연결,재무제표,CV-3,PASS,rows=29 cols=14 slider_extended=True,,2026-07-07T23:24:05
INVENI,00105101,015360,KOSPI,분기x연결,재무제표,DS-2/DS-3,DONE,"cross-check completed for ['매출액', '영업이익']",,2026-07-07T23:24:05
INVENI,00105101,015360,KOSPI,분기x연결,지표,CV-6,PASS,default metric selection visible,,2026-07-07T23:24:05
INVENI,00105101,015360,KOSPI,분기x별도,재무제표,DS-1,PASS,,,2026-07-07T23:24:13
INVENI,00105101,015360,KOSPI,분기x별도,상단,DS-8,PASS,,,2026-07-07T23:24:13
INVENI,00105101,015360,KOSPI,분기x별도,상단,DS-7,PASS,"badges seen: ['✅', '🔎', '⚠']",,2026-07-07T23:24:13
INVENI,00105101,015360,KOSPI,분기x별도,재무제표,CV-3,PASS,rows=29 cols=85 slider_extended=True,,2026-07-07T23:24:13
INVENI,00105101,015360,KOSPI,분기x별도,재무제표,DS-2/DS-3,DONE,"cross-check completed for ['매출액', '영업이익']",,2026-07-07T23:24:13
INVENI,00105101,015360,KOSPI,분기x별도,지표,CV-6,PASS,default metric selection visible,,2026-07-07T23:24:13
IPARK현대산업개발,01310269,294870,KOSPI,연간x연결,재무제표,DS-1,PASS,,,2026-07-07T23:24:27
IPARK현대산업개발,01310269,294870,KOSPI,연간x연결,상단,DS-8,PASS,,,2026-07-07T23:24:27
IPARK현대산업개발,01310269,294870,KOSPI,연간x연결,상단,DS-7,PASS,"badges seen: ['✅', '🔎']",,2026-07-07T23:24:27
IPARK현대산업개발,01310269,294870,KOSPI,연간x연결,재무제표,CV-3,PASS,rows=29 cols=10 slider_extended=True,,2026-07-07T23:24:27
IPARK현대산업개발,01310269,294870,KOSPI,연간x연결,재무제표,DS-2/DS-3,DONE,"cross-check completed for ['매출액', '영업이익']",,2026-07-07T23:24:27
IPARK현대산업개발,01310269,294870,KOSPI,연간x연결,지표,CV-6,PASS,default metric selection visible,,2026-07-07T23:24:27
IPARK현대산업개발,01310269,294870,KOSPI,연간x별도,재무제표,DS-1,PASS,,,2026-07-07T23:24:32
IPARK현대산업개발,01310269,294870,KOSPI,연간x별도,상단,DS-8,PASS,,,2026-07-07T23:24:32
IPARK현대산업개발,01310269,294870,KOSPI,연간x별도,상단,DS-7,PASS,"badges seen: ['✅', '🔎', '⚠']",,2026-07-07T23:24:32
IPARK현대산업개발,01310269,294870,KOSPI,연간x별도,재무제표,CV-3,PASS,rows=29 cols=10 slider_extended=True,,2026-07-07T23:24:32
IPARK현대산업개발,01310269,294870,KOSPI,연간x별도,재무제표,DS-2/DS-3,DONE,"cross-check completed for ['매출액', '영업이익']",,2026-07-07T23:24:32
IPARK현대산업개발,01310269,294870,KOSPI,연간x별도,지표,CV-6,PASS,default metric selection visible,,2026-07-07T23:24:32
IPARK현대산업개발,01310269,294870,KOSPI,분기x연결,재무제표,DS-1,PASS,,,2026-07-07T23:24:39
IPARK현대산업개발,01310269,294870,KOSPI,분기x연결,상단,DS-8,PASS,,,2026-07-07T23:24:39
IPARK현대산업개발,01310269,294870,KOSPI,분기x연결,상단,DS-7,PASS,"badges seen: ['✅', '🔎']",,2026-07-07T23:24:39
IPARK현대산업개발,01310269,294870,KOSPI,분기x연결,재무제표,CV-3,PASS,rows=29 cols=35 slider_extended=True,,2026-07-07T23:24:39
IPARK현대산업개발,01310269,294870,KOSPI,분기x연결,재무제표,DS-2/DS-3,DONE,"cross-check completed for ['매출액', '영업이익']",,2026-07-07T23:24:39
IPARK현대산업개발,01310269,294870,KOSPI,분기x연결,지표,CV-6,PASS,default metric selection visible,,2026-07-07T23:24:39
IPARK현대산업개발,01310269,294870,KOSPI,분기x별도,재무제표,DS-1,PASS,,,2026-07-07T23:24:46
IPARK현대산업개발,01310269,294870,KOSPI,분기x별도,상단,DS-8,PASS,,,2026-07-07T23:24:46
IPARK현대산업개발,01310269,294870,KOSPI,분기x별도,상단,DS-7,PASS,"badges seen: ['✅', '🔎']",,2026-07-07T23:24:46
IPARK현대산업개발,01310269,294870,KOSPI,분기x별도,재무제표,CV-3,PASS,rows=29 cols=35 slider_extended=True,,2026-07-07T23:24:46
IPARK현대산업개발,01310269,294870,KOSPI,분기x별도,재무제표,DS-2/DS-3,DONE,"cross-check completed for ['매출액', '영업이익']",,2026-07-07T23:24:46
IPARK현대산업개발,01310269,294870,KOSPI,분기x별도,지표,CV-6,PASS,default metric selection visible,,2026-07-07T23:24:46
JB금융지주,00980122,175330,KOSPI,연간x연결,재무제표,DS-1,PASS,,,2026-07-07T23:25:00
JB금융지주,00980122,175330,KOSPI,연간x연결,상단,DS-8,PASS,,,2026-07-07T23:25:00
JB금융지주,00980122,175330,KOSPI,연간x연결,상단,DS-7,PASS,"badges seen: ['✅', '🔎', '⚠']",,2026-07-07T23:25:00
JB금융지주,00980122,175330,KOSPI,연간x연결,재무제표,CV-3,PASS,rows=29 cols=16 slider_extended=True,,2026-07-07T23:25:00
JB금융지주,00980122,175330,KOSPI,연간x연결,재무제표,DS-2/DS-3,DONE,"cross-check completed for ['매출액', '영업이익']",,2026-07-07T23:25:00
JB금융지주,00980122,175330,KOSPI,연간x연결,지표,CV-6,PASS,default metric selection visible,,2026-07-07T23:25:00
JB금융지주,00980122,175330,KOSPI,연간x별도,재무제표,DS-1,PASS,,,2026-07-07T23:25:05
JB금융지주,00980122,175330,KOSPI,연간x별도,상단,DS-8,PASS,,,2026-07-07T23:25:05
JB금융지주,00980122,175330,KOSPI,연간x별도,상단,DS-7,PASS,"badges seen: ['✅', '🔎', '⚠']",,2026-07-07T23:25:05
JB금융지주,00980122,175330,KOSPI,연간x별도,재무제표,CV-3,PASS,rows=29 cols=16 slider_extended=True,,2026-07-07T23:25:05
JB금융지주,00980122,175330,KOSPI,연간x별도,재무제표,DS-2/DS-3,DONE,"cross-check completed for ['매출액', '영업이익']",,2026-07-07T23:25:05
JB금융지주,00980122,175330,KOSPI,연간x별도,지표,CV-6,PASS,default metric selection visible,,2026-07-07T23:25:05
JB금융지주,00980122,175330,KOSPI,분기x연결,재무제표,DS-1,PASS,,,2026-07-07T23:25:11
JB금융지주,00980122,175330,KOSPI,분기x연결,상단,DS-8,PASS,,,2026-07-07T23:25:11
JB금융지주,00980122,175330,KOSPI,분기x연결,상단,DS-7,PASS,"badges seen: ['✅', '🔎', '⚠']",,2026-07-07T23:25:11
JB금융지주,00980122,175330,KOSPI,분기x연결,재무제표,CV-3,PASS,rows=29 cols=14 slider_extended=True,,2026-07-07T23:25:11
JB금융지주,00980122,175330,KOSPI,분기x연결,재무제표,DS-2/DS-3,DONE,"cross-check completed for ['매출액', '영업이익']",,2026-07-07T23:25:11
JB금융지주,00980122,175330,KOSPI,분기x연결,지표,CV-6,PASS,default metric selection visible,,2026-07-07T23:25:11
JB금융지주,00980122,175330,KOSPI,분기x별도,재무제표,DS-1,PASS,,,2026-07-07T23:25:19
JB금융지주,00980122,175330,KOSPI,분기x별도,상단,DS-8,PASS,,,2026-07-07T23:25:19
JB금융지주,00980122,175330,KOSPI,분기x별도,상단,DS-7,PASS,"badges seen: ['✅', '🔎', '⚠']",,2026-07-07T23:25:19
JB금융지주,00980122,175330,KOSPI,분기x별도,재무제표,CV-3,PASS,rows=29 cols=54 slider_extended=True,,2026-07-07T23:25:19
JB금융지주,00980122,175330,KOSPI,분기x별도,재무제표,DS-2/DS-3,DONE,"cross-check completed for ['매출액', '영업이익']",,2026-07-07T23:25:19
JB금융지주,00980122,175330,KOSPI,분기x별도,지표,CV-6,PASS,default metric selection visible,,2026-07-07T23:25:19
JW생명과학,00225706,234080,KOSPI,연간x연결,재무제표,DS-1,PASS,,,2026-07-07T23:25:33
JW생명과학,00225706,234080,KOSPI,연간x연결,상단,DS-8,PASS,,,2026-07-07T23:25:33
JW생명과학,00225706,234080,KOSPI,연간x연결,상단,DS-7,PASS,"badges seen: ['✅', '🔎']",,2026-07-07T23:25:33
JW생명과학,00225706,234080,KOSPI,연간x연결,재무제표,CV-3,PASS,rows=29 cols=15 slider_extended=True,,2026-07-07T23:25:33
JW생명과학,00225706,234080,KOSPI,연간x연결,재무제표,DS-2/DS-3,DONE,"cross-check completed for ['매출액', '영업이익']",,2026-07-07T23:25:33
JW생명과학,00225706,234080,KOSPI,연간x연결,지표,CV-6,PASS,default metric selection visible,,2026-07-07T23:25:33
JW생명과학,00225706,234080,KOSPI,연간x별도,재무제표,DS-1,PASS,,,2026-07-07T23:25:38
JW생명과학,00225706,234080,KOSPI,연간x별도,상단,DS-8,PASS,,,2026-07-07T23:25:38
JW생명과학,00225706,234080,KOSPI,연간x별도,상단,DS-7,PASS,"badges seen: ['✅', '🔎']",,2026-07-07T23:25:38
JW생명과학,00225706,234080,KOSPI,연간x별도,재무제표,CV-3,PASS,rows=29 cols=15 slider_extended=True,,2026-07-07T23:25:38
JW생명과학,00225706,234080,KOSPI,연간x별도,재무제표,DS-2/DS-3,DONE,"cross-check completed for ['매출액', '영업이익']",,2026-07-07T23:25:38
JW생명과학,00225706,234080,KOSPI,연간x별도,지표,CV-6,PASS,default metric selection visible,,2026-07-07T23:25:38
JW생명과학,00225706,234080,KOSPI,분기x연결,재무제표,DS-1,PASS,,,2026-07-07T23:25:44
JW생명과학,00225706,234080,KOSPI,분기x연결,상단,DS-8,PASS,,,2026-07-07T23:25:44
JW생명과학,00225706,234080,KOSPI,분기x연결,상단,DS-7,PASS,"badges seen: ['✅', '🔎']",,2026-07-07T23:25:44
JW생명과학,00225706,234080,KOSPI,분기x연결,재무제표,CV-3,PASS,rows=29 cols=49 slider_extended=True,,2026-07-07T23:25:44
JW생명과학,00225706,234080,KOSPI,분기x연결,재무제표,DS-2/DS-3,DONE,"cross-check completed for ['매출액', '영업이익']",,2026-07-07T23:25:44
JW생명과학,00225706,234080,KOSPI,분기x연결,지표,CV-6,PASS,default metric selection visible,,2026-07-07T23:25:44
JW생명과학,00225706,234080,KOSPI,분기x별도,재무제표,DS-1,PASS,,,2026-07-07T23:25:52
JW생명과학,00225706,234080,KOSPI,분기x별도,상단,DS-8,PASS,,,2026-07-07T23:25:52
JW생명과학,00225706,234080,KOSPI,분기x별도,상단,DS-7,PASS,"badges seen: ['✅', '🔎']",,2026-07-07T23:25:52
JW생명과학,00225706,234080,KOSPI,분기x별도,재무제표,CV-3,PASS,rows=29 cols=49 slider_extended=True,,2026-07-07T23:25:52
JW생명과학,00225706,234080,KOSPI,분기x별도,재무제표,DS-2/DS-3,DONE,"cross-check completed for ['매출액', '영업이익']",,2026-07-07T23:25:52
JW생명과학,00225706,234080,KOSPI,분기x별도,지표,CV-6,PASS,default metric selection visible,,2026-07-07T23:25:52
JW중외제약,00149947,001060,KOSPI,연간x연결,재무제표,DS-1,PASS,,,2026-07-07T23:26:06
JW중외제약,00149947,001060,KOSPI,연간x연결,상단,DS-8,PASS,,,2026-07-07T23:26:06
JW중외제약,00149947,001060,KOSPI,연간x연결,상단,DS-7,PASS,"badges seen: ['✅', '🔎', '⚠']",,2026-07-07T23:26:06
JW중외제약,00149947,001060,KOSPI,연간x연결,재무제표,CV-3,PASS,rows=29 cols=23 slider_extended=True,,2026-07-07T23:26:06
JW중외제약,00149947,001060,KOSPI,연간x연결,재무제표,DS-2/DS-3,DONE,"cross-check completed for ['매출액', '영업이익']",,2026-07-07T23:26:06
JW중외제약,00149947,001060,KOSPI,연간x연결,지표,CV-6,PASS,default metric selection visible,,2026-07-07T23:26:06
JW중외제약,00149947,001060,KOSPI,연간x별도,재무제표,DS-1,PASS,,,2026-07-07T23:26:11
JW중외제약,00149947,001060,KOSPI,연간x별도,상단,DS-8,PASS,,,2026-07-07T23:26:11
JW중외제약,00149947,001060,KOSPI,연간x별도,상단,DS-7,PASS,"badges seen: ['✅', '🔎', '⚠']",,2026-07-07T23:26:11
JW중외제약,00149947,001060,KOSPI,연간x별도,재무제표,CV-3,PASS,rows=29 cols=26 slider_extended=True,,2026-07-07T23:26:11
JW중외제약,00149947,001060,KOSPI,연간x별도,재무제표,DS-2/DS-3,DONE,"cross-check completed for ['매출액', '영업이익']",,2026-07-07T23:26:11
JW중외제약,00149947,001060,KOSPI,연간x별도,지표,CV-6,PASS,default metrics not found,,2026-07-07T23:26:11
JW중외제약,00149947,001060,KOSPI,분기x연결,재무제표,DS-1,PASS,,,2026-07-07T23:26:17
JW중외제약,00149947,001060,KOSPI,분기x연결,상단,DS-8,PASS,,,2026-07-07T23:26:17
JW중외제약,00149947,001060,KOSPI,분기x연결,상단,DS-7,PASS,"badges seen: ['✅', '🔎', '⚠']",,2026-07-07T23:26:17
JW중외제약,00149947,001060,KOSPI,분기x연결,재무제표,CV-3,PASS,rows=29 cols=60 slider_extended=True,,2026-07-07T23:26:17
JW중외제약,00149947,001060,KOSPI,분기x연결,재무제표,DS-2/DS-3,DONE,"cross-check completed for ['매출액', '영업이익']",,2026-07-07T23:26:17
JW중외제약,00149947,001060,KOSPI,분기x연결,지표,CV-6,PASS,default metric selection visible,,2026-07-07T23:26:17
JW중외제약,00149947,001060,KOSPI,분기x별도,재무제표,DS-1,PASS,,,2026-07-07T23:26:25
JW중외제약,00149947,001060,KOSPI,분기x별도,상단,DS-8,PASS,,,2026-07-07T23:26:25
JW중외제약,00149947,001060,KOSPI,분기x별도,상단,DS-7,PASS,"badges seen: ['✅', '🔎', '⚠']",,2026-07-07T23:26:25
JW중외제약,00149947,001060,KOSPI,분기x별도,재무제표,CV-3,PASS,rows=29 cols=84 slider_extended=True,,2026-07-07T23:26:25
JW중외제약,00149947,001060,KOSPI,분기x별도,재무제표,DS-2/DS-3,DONE,"cross-check completed for ['매출액', '영업이익']",,2026-07-07T23:26:25
JW중외제약,00149947,001060,KOSPI,분기x별도,지표,CV-6,PASS,default metric selection visible,,2026-07-07T23:26:25
JW홀딩스,00632304,096760,KOSPI,연간x연결,재무제표,DS-1,PASS,,,2026-07-07T23:26:39
JW홀딩스,00632304,096760,KOSPI,연간x연결,상단,DS-8,PASS,,,2026-07-07T23:26:39
JW홀딩스,00632304,096760,KOSPI,연간x연결,상단,DS-7,PASS,"badges seen: ['✅', '🔎', '⚠']",,2026-07-07T23:26:39
JW홀딩스,00632304,096760,KOSPI,연간x연결,재무제표,CV-3,PASS,rows=29 cols=22 slider_extended=True,,2026-07-07T23:26:39
JW홀딩스,00632304,096760,KOSPI,연간x연결,재무제표,DS-2/DS-3,DONE,"cross-check completed for ['매출액', '영업이익']",,2026-07-07T23:26:39
JW홀딩스,00632304,096760,KOSPI,연간x연결,지표,CV-6,PASS,default metric selection visible,,2026-07-07T23:26:39
JW홀딩스,00632304,096760,KOSPI,연간x별도,재무제표,DS-1,PASS,,,2026-07-07T23:26:44
JW홀딩스,00632304,096760,KOSPI,연간x별도,상단,DS-8,PASS,,,2026-07-07T23:26:44
JW홀딩스,00632304,096760,KOSPI,연간x별도,상단,DS-7,PASS,"badges seen: ['✅', '🔎', '⚠']",,2026-07-07T23:26:44
JW홀딩스,00632304,096760,KOSPI,연간x별도,재무제표,CV-3,PASS,rows=29 cols=21 slider_extended=True,,2026-07-07T23:26:44
JW홀딩스,00632304,096760,KOSPI,연간x별도,재무제표,DS-2/DS-3,DONE,"cross-check completed for ['매출액', '영업이익']",,2026-07-07T23:26:44
JW홀딩스,00632304,096760,KOSPI,연간x별도,지표,CV-6,PASS,default metric selection visible,,2026-07-07T23:26:44
JW홀딩스,00632304,096760,KOSPI,분기x연결,재무제표,DS-1,PASS,,,2026-07-07T23:26:51
JW홀딩스,00632304,096760,KOSPI,분기x연결,상단,DS-8,PASS,,,2026-07-07T23:26:51
JW홀딩스,00632304,096760,KOSPI,분기x연결,상단,DS-7,PASS,"badges seen: ['✅', '🔎']",,2026-07-07T23:26:51
JW홀딩스,00632304,096760,KOSPI,분기x연결,재무제표,CV-3,PASS,rows=29 cols=66 slider_extended=True,,2026-07-07T23:26:51
JW홀딩스,00632304,096760,KOSPI,분기x연결,재무제표,DS-2/DS-3,DONE,"cross-check completed for ['매출액', '영업이익']",,2026-07-07T23:26:51
JW홀딩스,00632304,096760,KOSPI,분기x연결,지표,CV-6,PASS,default metric selection visible,,2026-07-07T23:26:51
JW홀딩스,00632304,096760,KOSPI,분기x별도,재무제표,DS-1,PASS,,,2026-07-07T23:26:58
JW홀딩스,00632304,096760,KOSPI,분기x별도,상단,DS-8,PASS,,,2026-07-07T23:26:58
JW홀딩스,00632304,096760,KOSPI,분기x별도,상단,DS-7,PASS,"badges seen: ['✅', '🔎', '⚠']",,2026-07-07T23:26:58
JW홀딩스,00632304,096760,KOSPI,분기x별도,재무제표,CV-3,PASS,rows=29 cols=70 slider_extended=True,,2026-07-07T23:26:58
JW홀딩스,00632304,096760,KOSPI,분기x별도,재무제표,DS-2/DS-3,DONE,"cross-check completed for ['매출액', '영업이익']",,2026-07-07T23:26:58
JW홀딩스,00632304,096760,KOSPI,분기x별도,지표,CV-6,PASS,default metric selection visible,,2026-07-07T23:26:58
KB금융,00688996,105560,KOSPI,연간x연결,재무제표,DS-1,PASS,,,2026-07-07T23:27:12
KB금융,00688996,105560,KOSPI,연간x연결,상단,DS-8,PASS,,,2026-07-07T23:27:12
KB금융,00688996,105560,KOSPI,연간x연결,상단,DS-7,PASS,"badges seen: ['✅', '🔎', '⚠']",,2026-07-07T23:27:12
KB금융,00688996,105560,KOSPI,연간x연결,재무제표,CV-3,PASS,rows=29 cols=18 slider_extended=True,,2026-07-07T23:27:12
KB금융,00688996,105560,KOSPI,연간x연결,재무제표,DS-2/DS-3,DONE,"cross-check completed for ['매출액', '영업이익']",,2026-07-07T23:27:12
KB금융,00688996,105560,KOSPI,연간x연결,지표,CV-6,PASS,default metric selection visible,,2026-07-07T23:27:12
KB금융,00688996,105560,KOSPI,연간x별도,재무제표,DS-1,PASS,,,2026-07-07T23:27:17
KB금융,00688996,105560,KOSPI,연간x별도,상단,DS-8,PASS,,,2026-07-07T23:27:17
KB금융,00688996,105560,KOSPI,연간x별도,상단,DS-7,PASS,"badges seen: ['✅', '🔎', '⚠']",,2026-07-07T23:27:17
KB금융,00688996,105560,KOSPI,연간x별도,재무제표,CV-3,PASS,rows=29 cols=15 slider_extended=True,,2026-07-07T23:27:17
KB금융,00688996,105560,KOSPI,연간x별도,재무제표,DS-2/DS-3,DONE,"cross-check completed for ['매출액', '영업이익']",,2026-07-07T23:27:17
KB금융,00688996,105560,KOSPI,연간x별도,지표,CV-6,PASS,default metric selection visible,,2026-07-07T23:27:17
KB금융,00688996,105560,KOSPI,분기x연결,재무제표,DS-1,PASS,,,2026-07-07T23:27:23
KB금융,00688996,105560,KOSPI,분기x연결,상단,DS-8,PASS,,,2026-07-07T23:27:23
KB금융,00688996,105560,KOSPI,분기x연결,상단,DS-7,PASS,"badges seen: ['✅', '🔎', '⚠']",,2026-07-07T23:27:23
KB금융,00688996,105560,KOSPI,분기x연결,재무제표,CV-3,PASS,rows=29 cols=43 slider_extended=True,,2026-07-07T23:27:23
KB금융,00688996,105560,KOSPI,분기x연결,재무제표,DS-2/DS-3,DONE,"cross-check completed for ['매출액', '영업이익']",,2026-07-07T23:27:23
KB금융,00688996,105560,KOSPI,분기x연결,지표,CV-6,PASS,default metric selection visible,,2026-07-07T23:27:23
KB금융,00688996,105560,KOSPI,분기x별도,재무제표,DS-1,PASS,,,2026-07-07T23:27:31
KB금융,00688996,105560,KOSPI,분기x별도,상단,DS-8,PASS,,,2026-07-07T23:27:31
KB금융,00688996,105560,KOSPI,분기x별도,상단,DS-7,PASS,"badges seen: ['✅', '🔎']",,2026-07-07T23:27:31
KB금융,00688996,105560,KOSPI,분기x별도,재무제표,CV-3,PASS,rows=29 cols=60 slider_extended=True,,2026-07-07T23:27:31
KB금융,00688996,105560,KOSPI,분기x별도,재무제표,DS-2/DS-3,DONE,"cross-check completed for ['매출액', '영업이익']",,2026-07-07T23:27:31
KB금융,00688996,105560,KOSPI,분기x별도,지표,CV-6,PASS,default metric selection visible,,2026-07-07T23:27:31
KBI동양철관,00117629,008970,KOSPI,연간x연결,재무제표,DS-1,PASS,,,2026-07-07T23:27:45
KBI동양철관,00117629,008970,KOSPI,연간x연결,상단,DS-8,PASS,,,2026-07-07T23:27:45
KBI동양철관,00117629,008970,KOSPI,연간x연결,상단,DS-7,PASS,"badges seen: ['✅', '🔎']",,2026-07-07T23:27:45
KBI동양철관,00117629,008970,KOSPI,연간x연결,재무제표,CV-3,PASS,rows=29 cols=19 slider_extended=True,,2026-07-07T23:27:45
KBI동양철관,00117629,008970,KOSPI,연간x연결,재무제표,DS-2/DS-3,DONE,"cross-check completed for ['매출액', '영업이익']",,2026-07-07T23:27:45
KBI동양철관,00117629,008970,KOSPI,연간x연결,지표,CV-6,PASS,default metric selection visible,,2026-07-07T23:27:45
KBI동양철관,00117629,008970,KOSPI,연간x별도,재무제표,DS-1,PASS,,,2026-07-07T23:27:50
KBI동양철관,00117629,008970,KOSPI,연간x별도,상단,DS-8,PASS,,,2026-07-07T23:27:50
KBI동양철관,00117629,008970,KOSPI,연간x별도,상단,DS-7,PASS,"badges seen: ['✅', '🔎', '⚠']",,2026-07-07T23:27:50
KBI동양철관,00117629,008970,KOSPI,연간x별도,재무제표,CV-3,PASS,rows=29 cols=29 slider_extended=True,,2026-07-07T23:27:50
KBI동양철관,00117629,008970,KOSPI,연간x별도,재무제표,DS-2/DS-3,DONE,"cross-check completed for ['매출액', '영업이익']",,2026-07-07T23:27:50
KBI동양철관,00117629,008970,KOSPI,연간x별도,지표,CV-6,PASS,default metric selection visible,,2026-07-07T23:27:50
KBI동양철관,00117629,008970,KOSPI,분기x연결,재무제표,DS-1,PASS,,,2026-07-07T23:27:56
KBI동양철관,00117629,008970,KOSPI,분기x연결,상단,DS-8,PASS,,,2026-07-07T23:27:56
KBI동양철관,00117629,008970,KOSPI,분기x연결,상단,DS-7,PASS,"badges seen: ['✅', '🔎']",,2026-07-07T23:27:56
KBI동양철관,00117629,008970,KOSPI,분기x연결,재무제표,CV-3,PASS,rows=29 cols=60 slider_extended=True,,2026-07-07T23:27:56
KBI동양철관,00117629,008970,KOSPI,분기x연결,재무제표,DS-2/DS-3,DONE,"cross-check completed for ['매출액', '영업이익']",,2026-07-07T23:27:56
KBI동양철관,00117629,008970,KOSPI,분기x연결,지표,CV-6,PASS,default metric selection visible,,2026-07-07T23:27:56
KBI동양철관,00117629,008970,KOSPI,분기x별도,재무제표,DS-1,PASS,,,2026-07-07T23:28:03
KBI동양철관,00117629,008970,KOSPI,분기x별도,상단,DS-8,PASS,,,2026-07-07T23:28:03
KBI동양철관,00117629,008970,KOSPI,분기x별도,상단,DS-7,PASS,"badges seen: ['✅', '🔎']",,2026-07-07T23:28:03
KBI동양철관,00117629,008970,KOSPI,분기x별도,재무제표,CV-3,PASS,rows=29 cols=83 slider_extended=True,,2026-07-07T23:28:03
KBI동양철관,00117629,008970,KOSPI,분기x별도,재무제표,DS-2/DS-3,DONE,"cross-check completed for ['매출액', '영업이익']",,2026-07-07T23:28:03
KBI동양철관,00117629,008970,KOSPI,분기x별도,지표,CV-6,PASS,default metric selection visible,,2026-07-07T23:28:03
KC그린홀딩스,00159971,009440,KOSPI,연간x연결,재무제표,DS-1,PASS,,,2026-07-07T23:28:17
KC그린홀딩스,00159971,009440,KOSPI,연간x연결,상단,DS-8,PASS,,,2026-07-07T23:28:17
KC그린홀딩스,00159971,009440,KOSPI,연간x연결,상단,DS-7,PASS,"badges seen: ['✅', '🔎', '⚠']",,2026-07-07T23:28:17
KC그린홀딩스,00159971,009440,KOSPI,연간x연결,재무제표,CV-3,PASS,rows=29 cols=12 slider_extended=True,,2026-07-07T23:28:17
KC그린홀딩스,00159971,009440,KOSPI,연간x연결,재무제표,DS-2/DS-3,DONE,"cross-check completed for ['매출액', '영업이익']",,2026-07-07T23:28:17
KC그린홀딩스,00159971,009440,KOSPI,연간x연결,지표,CV-6,PASS,default metric selection visible,,2026-07-07T23:28:17
KC그린홀딩스,00159971,009440,KOSPI,연간x별도,재무제표,DS-1,PASS,,,2026-07-07T23:28:22
KC그린홀딩스,00159971,009440,KOSPI,연간x별도,상단,DS-8,PASS,,,2026-07-07T23:28:22
KC그린홀딩스,00159971,009440,KOSPI,연간x별도,상단,DS-7,PASS,"badges seen: ['✅', '🔎', '⚠']",,2026-07-07T23:28:22
KC그린홀딩스,00159971,009440,KOSPI,연간x별도,재무제표,CV-3,PASS,rows=29 cols=23 slider_extended=True,,2026-07-07T23:28:22
KC그린홀딩스,00159971,009440,KOSPI,연간x별도,재무제표,DS-2/DS-3,DONE,"cross-check completed for ['매출액', '영업이익']",,2026-07-07T23:28:22
KC그린홀딩스,00159971,009440,KOSPI,연간x별도,지표,CV-6,PASS,default metric selection visible,,2026-07-07T23:28:22
KC그린홀딩스,00159971,009440,KOSPI,분기x연결,재무제표,DS-1,PASS,,,2026-07-07T23:28:29
KC그린홀딩스,00159971,009440,KOSPI,분기x연결,상단,DS-8,PASS,,,2026-07-07T23:28:29
KC그린홀딩스,00159971,009440,KOSPI,분기x연결,상단,DS-7,PASS,"badges seen: ['✅', '🔎', '⚠']",,2026-07-07T23:28:29
KC그린홀딩스,00159971,009440,KOSPI,분기x연결,재무제표,CV-3,PASS,rows=29 cols=71 slider_extended=True,,2026-07-07T23:28:29
KC그린홀딩스,00159971,009440,KOSPI,분기x연결,재무제표,DS-2/DS-3,DONE,"cross-check completed for ['매출액', '영업이익']",,2026-07-07T23:28:29
KC그린홀딩스,00159971,009440,KOSPI,분기x연결,지표,CV-6,PASS,default metric selection visible,,2026-07-07T23:28:29
KC그린홀딩스,00159971,009440,KOSPI,분기x별도,재무제표,DS-1,PASS,,,2026-07-07T23:28:36
KC그린홀딩스,00159971,009440,KOSPI,분기x별도,상단,DS-8,PASS,,,2026-07-07T23:28:36
KC그린홀딩스,00159971,009440,KOSPI,분기x별도,상단,DS-7,PASS,"badges seen: ['✅', '🔎', '⚠']",,2026-07-07T23:28:36
KC그린홀딩스,00159971,009440,KOSPI,분기x별도,재무제표,CV-3,PASS,rows=29 cols=76 slider_extended=True,,2026-07-07T23:28:36
KC그린홀딩스,00159971,009440,KOSPI,분기x별도,재무제표,DS-2/DS-3,DONE,"cross-check completed for ['매출액', '영업이익']",,2026-07-07T23:28:36
KC그린홀딩스,00159971,009440,KOSPI,분기x별도,지표,CV-6,PASS,default metric selection visible,,2026-07-07T23:28:36
KC코트렐,00797364,119650,KOSPI,연간x연결,재무제표,DS-1,PASS,,,2026-07-07T23:28:50
KC코트렐,00797364,119650,KOSPI,연간x연결,상단,DS-8,PASS,,,2026-07-07T23:28:50
KC코트렐,00797364,119650,KOSPI,연간x연결,상단,DS-7,PASS,"badges seen: ['✅', '🔎', '⚠']",,2026-07-07T23:28:50
KC코트렐,00797364,119650,KOSPI,연간x연결,재무제표,CV-3,PASS,rows=29 cols=17 slider_extended=True,,2026-07-07T23:28:50
KC코트렐,00797364,119650,KOSPI,연간x연결,재무제표,DS-2/DS-3,DONE,"cross-check completed for ['매출액', '영업이익']",,2026-07-07T23:28:50
KC코트렐,00797364,119650,KOSPI,연간x연결,지표,CV-6,PASS,default metric selection visible,,2026-07-07T23:28:50
KC코트렐,00797364,119650,KOSPI,연간x별도,재무제표,DS-1,PASS,,,2026-07-07T23:28:55
KC코트렐,00797364,119650,KOSPI,연간x별도,상단,DS-8,PASS,,,2026-07-07T23:28:55
KC코트렐,00797364,119650,KOSPI,연간x별도,상단,DS-7,PASS,"badges seen: ['✅', '🔎', '⚠']",,2026-07-07T23:28:55
KC코트렐,00797364,119650,KOSPI,연간x별도,재무제표,CV-3,PASS,rows=29 cols=18 slider_extended=True,,2026-07-07T23:28:55
KC코트렐,00797364,119650,KOSPI,연간x별도,재무제표,DS-2/DS-3,DONE,"cross-check completed for ['매출액', '영업이익']",,2026-07-07T23:28:55
KC코트렐,00797364,119650,KOSPI,연간x별도,지표,CV-6,PASS,default metric selection visible,,2026-07-07T23:28:55
KC코트렐,00797364,119650,KOSPI,분기x연결,재무제표,DS-1,PASS,,,2026-07-07T23:29:01
KC코트렐,00797364,119650,KOSPI,분기x연결,상단,DS-8,PASS,,,2026-07-07T23:29:01
KC코트렐,00797364,119650,KOSPI,분기x연결,상단,DS-7,PASS,"badges seen: ['✅', '🔎']",,2026-07-07T23:29:01
KC코트렐,00797364,119650,KOSPI,분기x연결,재무제표,CV-3,PASS,rows=29 cols=57 slider_extended=True,,2026-07-07T23:29:01
KC코트렐,00797364,119650,KOSPI,분기x연결,재무제표,DS-2/DS-3,DONE,"cross-check completed for ['매출액', '영업이익']",,2026-07-07T23:29:01
KC코트렐,00797364,119650,KOSPI,분기x연결,지표,CV-6,PASS,default metric selection visible,,2026-07-07T23:29:01
KC코트렐,00797364,119650,KOSPI,분기x별도,재무제표,DS-1,PASS,,,2026-07-07T23:29:09
KC코트렐,00797364,119650,KOSPI,분기x별도,상단,DS-8,PASS,,,2026-07-07T23:29:09
KC코트렐,00797364,119650,KOSPI,분기x별도,상단,DS-7,PASS,"badges seen: ['✅', '🔎']",,2026-07-07T23:29:09
KC코트렐,00797364,119650,KOSPI,분기x별도,재무제표,CV-3,PASS,rows=29 cols=63 slider_extended=True,,2026-07-07T23:29:09
KC코트렐,00797364,119650,KOSPI,분기x별도,재무제표,DS-2/DS-3,DONE,"cross-check completed for ['매출액', '영업이익']",,2026-07-07T23:29:09
KC코트렐,00797364,119650,KOSPI,분기x별도,지표,CV-6,PASS,default metric selection visible,,2026-07-07T23:29:09
KEC,00589127,092220,KOSPI,연간x연결,재무제표,DS-1,PASS,,,2026-07-07T23:29:22
KEC,00589127,092220,KOSPI,연간x연결,상단,DS-8,PASS,,,2026-07-07T23:29:22
KEC,00589127,092220,KOSPI,연간x연결,상단,DS-7,PASS,"badges seen: ['✅', '🔎', '⚠']",,2026-07-07T23:29:22
KEC,00589127,092220,KOSPI,연간x연결,재무제표,CV-3,PASS,rows=29 cols=19 slider_extended=True,,2026-07-07T23:29:22
KEC,00589127,092220,KOSPI,연간x연결,재무제표,DS-2/DS-3,DONE,"cross-check completed for ['매출액', '영업이익']",,2026-07-07T23:29:22
KEC,00589127,092220,KOSPI,연간x연결,지표,CV-6,PASS,default metric selection visible,,2026-07-07T23:29:22
KEC,00589127,092220,KOSPI,연간x별도,재무제표,DS-1,PASS,,,2026-07-07T23:29:28
KEC,00589127,092220,KOSPI,연간x별도,상단,DS-8,PASS,,,2026-07-07T23:29:28
KEC,00589127,092220,KOSPI,연간x별도,상단,DS-7,PASS,"badges seen: ['✅', '🔎']",,2026-07-07T23:29:28
KEC,00589127,092220,KOSPI,연간x별도,재무제표,CV-3,PASS,rows=29 cols=22 slider_extended=True,,2026-07-07T23:29:28
KEC,00589127,092220,KOSPI,연간x별도,재무제표,DS-2/DS-3,DONE,"cross-check completed for ['매출액', '영업이익']",,2026-07-07T23:29:28
KEC,00589127,092220,KOSPI,연간x별도,지표,CV-6,PASS,default metric selection visible,,2026-07-07T23:29:28
KEC,00589127,092220,KOSPI,분기x연결,재무제표,DS-1,PASS,,,2026-07-07T23:29:34
KEC,00589127,092220,KOSPI,분기x연결,상단,DS-8,PASS,,,2026-07-07T23:29:34
KEC,00589127,092220,KOSPI,분기x연결,상단,DS-7,PASS,"badges seen: ['✅', '🔎']",,2026-07-07T23:29:34
KEC,00589127,092220,KOSPI,분기x연결,재무제표,CV-3,PASS,rows=29 cols=57 slider_extended=True,,2026-07-07T23:29:34
KEC,00589127,092220,KOSPI,분기x연결,재무제표,DS-2/DS-3,DONE,"cross-check completed for ['매출액', '영업이익']",,2026-07-07T23:29:34
KEC,00589127,092220,KOSPI,분기x연결,지표,CV-6,PASS,default metric selection visible,,2026-07-07T23:29:34
KEC,00589127,092220,KOSPI,분기x별도,재무제표,DS-1,PASS,,,2026-07-07T23:29:41
KEC,00589127,092220,KOSPI,분기x별도,상단,DS-8,PASS,,,2026-07-07T23:29:41
KEC,00589127,092220,KOSPI,분기x별도,상단,DS-7,PASS,"badges seen: ['✅', '🔎']",,2026-07-07T23:29:41
KEC,00589127,092220,KOSPI,분기x별도,재무제표,CV-3,PASS,rows=29 cols=74 slider_extended=True,,2026-07-07T23:29:41
KEC,00589127,092220,KOSPI,분기x별도,재무제표,DS-2/DS-3,DONE,"cross-check completed for ['매출액', '영업이익']",,2026-07-07T23:29:41
KEC,00589127,092220,KOSPI,분기x별도,지표,CV-6,PASS,default metric selection visible,,2026-07-07T23:29:41
KG모빌리티,00138242,003620,KOSPI,연간x연결,재무제표,DS-1,PASS,,,2026-07-07T23:29:55
KG모빌리티,00138242,003620,KOSPI,연간x연결,상단,DS-8,PASS,,,2026-07-07T23:29:55
KG모빌리티,00138242,003620,KOSPI,연간x연결,상단,DS-7,PASS,"badges seen: ['✅', '🔎', '⚠']",,2026-07-07T23:29:55
KG모빌리티,00138242,003620,KOSPI,연간x연결,재무제표,CV-3,PASS,rows=29 cols=20 slider_extended=True,,2026-07-07T23:29:55
KG모빌리티,00138242,003620,KOSPI,연간x연결,재무제표,DS-2/DS-3,DONE,"cross-check completed for ['매출액', '영업이익']",,2026-07-07T23:29:55
KG모빌리티,00138242,003620,KOSPI,연간x연결,지표,CV-6,PASS,default metric selection visible,,2026-07-07T23:29:55
KG모빌리티,00138242,003620,KOSPI,연간x별도,재무제표,DS-1,PASS,,,2026-07-07T23:30:00
KG모빌리티,00138242,003620,KOSPI,연간x별도,상단,DS-8,PASS,,,2026-07-07T23:30:00
KG모빌리티,00138242,003620,KOSPI,연간x별도,상단,DS-7,PASS,"badges seen: ['✅', '🔎', '⚠']",,2026-07-07T23:30:00
KG모빌리티,00138242,003620,KOSPI,연간x별도,재무제표,CV-3,PASS,rows=29 cols=24 slider_extended=True,,2026-07-07T23:30:00
KG모빌리티,00138242,003620,KOSPI,연간x별도,재무제표,DS-2/DS-3,DONE,"cross-check completed for ['매출액', '영업이익']",,2026-07-07T23:30:00
KG모빌리티,00138242,003620,KOSPI,연간x별도,지표,CV-6,PASS,default metric selection visible,,2026-07-07T23:30:00
KG모빌리티,00138242,003620,KOSPI,분기x연결,재무제표,DS-1,PASS,,,2026-07-07T23:30:06
KG모빌리티,00138242,003620,KOSPI,분기x연결,상단,DS-8,PASS,,,2026-07-07T23:30:06
KG모빌리티,00138242,003620,KOSPI,분기x연결,상단,DS-7,PASS,"badges seen: ['✅', '🔎']",,2026-07-07T23:30:06
KG모빌리티,00138242,003620,KOSPI,분기x연결,재무제표,CV-3,PASS,rows=29 cols=60 slider_extended=True,,2026-07-07T23:30:06
KG모빌리티,00138242,003620,KOSPI,분기x연결,재무제표,DS-2/DS-3,DONE,"cross-check completed for ['매출액', '영업이익']",,2026-07-07T23:30:06
KG모빌리티,00138242,003620,KOSPI,분기x연결,지표,CV-6,PASS,default metric selection visible,,2026-07-07T23:30:06
KG모빌리티,00138242,003620,KOSPI,분기x별도,재무제표,DS-1,PASS,,,2026-07-07T23:30:14
KG모빌리티,00138242,003620,KOSPI,분기x별도,상단,DS-8,PASS,,,2026-07-07T23:30:14
KG모빌리티,00138242,003620,KOSPI,분기x별도,상단,DS-7,PASS,"badges seen: ['✅', '🔎', '⚠']",,2026-07-07T23:30:14
KG모빌리티,00138242,003620,KOSPI,분기x별도,재무제표,CV-3,PASS,rows=29 cols=79 slider_extended=True,,2026-07-07T23:30:14
KG모빌리티,00138242,003620,KOSPI,분기x별도,재무제표,DS-2/DS-3,DONE,"cross-check completed for ['매출액', '영업이익']",,2026-07-07T23:30:14
KG모빌리티,00138242,003620,KOSPI,분기x별도,지표,CV-6,PASS,default metric selection visible,,2026-07-07T23:30:14
KG스틸,00115676,016380,KOSPI,연간x연결,재무제표,DS-1,PASS,,,2026-07-07T23:30:26
KG스틸,00115676,016380,KOSPI,연간x연결,상단,DS-8,PASS,,,2026-07-07T23:30:26
KG스틸,00115676,016380,KOSPI,연간x연결,상단,DS-7,PASS,"badges seen: ['✅', '🔎']",,2026-07-07T23:30:26
KG스틸,00115676,016380,KOSPI,연간x연결,재무제표,CV-3,PASS,rows=29 cols=27 slider_extended=True,,2026-07-07T23:30:26
KG스틸,00115676,016380,KOSPI,연간x연결,재무제표,DS-2/DS-3,DONE,"cross-check completed for ['매출액', '영업이익']",,2026-07-07T23:30:26
KG스틸,00115676,016380,KOSPI,연간x연결,지표,CV-6,PASS,default metric selection visible,,2026-07-07T23:30:26
KG스틸,00115676,016380,KOSPI,연간x별도,재무제표,DS-1,PASS,,,2026-07-07T23:30:32
KG스틸,00115676,016380,KOSPI,연간x별도,상단,DS-8,PASS,,,2026-07-07T23:30:32
KG스틸,00115676,016380,KOSPI,연간x별도,상단,DS-7,PASS,"badges seen: ['✅', '🔎', '⚠']",,2026-07-07T23:30:32
KG스틸,00115676,016380,KOSPI,연간x별도,재무제표,CV-3,PASS,rows=29 cols=25 slider_extended=True,,2026-07-07T23:30:32
KG스틸,00115676,016380,KOSPI,연간x별도,재무제표,DS-2/DS-3,DONE,"cross-check completed for ['매출액', '영업이익']",,2026-07-07T23:30:32
KG스틸,00115676,016380,KOSPI,연간x별도,지표,CV-6,PASS,default metric selection visible,,2026-07-07T23:30:32
KG스틸,00115676,016380,KOSPI,분기x연결,재무제표,DS-1,PASS,,,2026-07-07T23:30:38
KG스틸,00115676,016380,KOSPI,분기x연결,상단,DS-8,PASS,,,2026-07-07T23:30:38
KG스틸,00115676,016380,KOSPI,분기x연결,상단,DS-7,PASS,"badges seen: ['✅', '🔎']",,2026-07-07T23:30:38
KG스틸,00115676,016380,KOSPI,분기x연결,재무제표,CV-3,PASS,rows=29 cols=82 slider_extended=True,,2026-07-07T23:30:38
KG스틸,00115676,016380,KOSPI,분기x연결,재무제표,DS-2/DS-3,DONE,"cross-check completed for ['매출액', '영업이익']",,2026-07-07T23:30:38
KG스틸,00115676,016380,KOSPI,분기x연결,지표,CV-6,PASS,default metric selection visible,,2026-07-07T23:30:38
KG스틸,00115676,016380,KOSPI,분기x별도,재무제표,DS-1,PASS,,,2026-07-07T23:30:45
KG스틸,00115676,016380,KOSPI,분기x별도,상단,DS-8,PASS,,,2026-07-07T23:30:45
KG스틸,00115676,016380,KOSPI,분기x별도,상단,DS-7,PASS,"badges seen: ['✅', '🔎']",,2026-07-07T23:30:45
KG스틸,00115676,016380,KOSPI,분기x별도,재무제표,CV-3,PASS,rows=29 cols=76 slider_extended=True,,2026-07-07T23:30:45
KG스틸,00115676,016380,KOSPI,분기x별도,재무제표,DS-2/DS-3,DONE,"cross-check completed for ['매출액', '영업이익']",,2026-07-07T23:30:45
KG스틸,00115676,016380,KOSPI,분기x별도,지표,CV-6,PASS,default metric selection visible,,2026-07-07T23:30:45
KISCO홀딩스,00159740,001940,KOSPI,연간x연결,재무제표,DS-1,PASS,,,2026-07-07T23:30:59
KISCO홀딩스,00159740,001940,KOSPI,연간x연결,상단,DS-8,PASS,,,2026-07-07T23:30:59
KISCO홀딩스,00159740,001940,KOSPI,연간x연결,상단,DS-7,PASS,"badges seen: ['✅', '🔎', '⚠']",,2026-07-07T23:30:59
KISCO홀딩스,00159740,001940,KOSPI,연간x연결,재무제표,CV-3,PASS,rows=29 cols=19 slider_extended=True,,2026-07-07T23:30:59
KISCO홀딩스,00159740,001940,KOSPI,연간x연결,재무제표,DS-2/DS-3,DONE,"cross-check completed for ['매출액', '영업이익']",,2026-07-07T23:30:59
KISCO홀딩스,00159740,001940,KOSPI,연간x연결,지표,CV-6,PASS,default metric selection visible,,2026-07-07T23:30:59
KISCO홀딩스,00159740,001940,KOSPI,연간x별도,재무제표,DS-1,PASS,,,2026-07-07T23:31:04
KISCO홀딩스,00159740,001940,KOSPI,연간x별도,상단,DS-8,PASS,,,2026-07-07T23:31:04
KISCO홀딩스,00159740,001940,KOSPI,연간x별도,상단,DS-7,PASS,"badges seen: ['✅', '🔎', '⚠']",,2026-07-07T23:31:04
KISCO홀딩스,00159740,001940,KOSPI,연간x별도,재무제표,CV-3,PASS,rows=29 cols=23 slider_extended=True,,2026-07-07T23:31:04
KISCO홀딩스,00159740,001940,KOSPI,연간x별도,재무제표,DS-2/DS-3,DONE,"cross-check completed for ['매출액', '영업이익']",,2026-07-07T23:31:04
KISCO홀딩스,00159740,001940,KOSPI,연간x별도,지표,CV-6,PASS,default metric selection visible,,2026-07-07T23:31:04
KISCO홀딩스,00159740,001940,KOSPI,분기x연결,재무제표,DS-1,PASS,,,2026-07-07T23:31:11
KISCO홀딩스,00159740,001940,KOSPI,분기x연결,상단,DS-8,PASS,,,2026-07-07T23:31:11
KISCO홀딩스,00159740,001940,KOSPI,분기x연결,상단,DS-7,PASS,"badges seen: ['✅', '🔎']",,2026-07-07T23:31:11
KISCO홀딩스,00159740,001940,KOSPI,분기x연결,재무제표,CV-3,PASS,rows=29 cols=60 slider_extended=True,,2026-07-07T23:31:11
KISCO홀딩스,00159740,001940,KOSPI,분기x연결,재무제표,DS-2/DS-3,DONE,"cross-check completed for ['매출액', '영업이익']",,2026-07-07T23:31:11
KISCO홀딩스,00159740,001940,KOSPI,분기x연결,지표,CV-6,PASS,default metric selection visible,,2026-07-07T23:31:11
KISCO홀딩스,00159740,001940,KOSPI,분기x별도,재무제표,DS-1,PASS,,,2026-07-07T23:31:18
KISCO홀딩스,00159740,001940,KOSPI,분기x별도,상단,DS-8,PASS,,,2026-07-07T23:31:18
KISCO홀딩스,00159740,001940,KOSPI,분기x별도,상단,DS-7,PASS,"badges seen: ['✅', '🔎', '⚠']",,2026-07-07T23:31:18
KISCO홀딩스,00159740,001940,KOSPI,분기x별도,재무제표,CV-3,PASS,rows=29 cols=80 slider_extended=True,,2026-07-07T23:31:18
KISCO홀딩스,00159740,001940,KOSPI,분기x별도,재무제표,DS-2/DS-3,DONE,"cross-check completed for ['매출액', '영업이익']",,2026-07-07T23:31:18
KISCO홀딩스,00159740,001940,KOSPI,분기x별도,지표,CV-6,PASS,default metric selection visible,,2026-07-07T23:31:18
한전KPS,00159218,051600,KOSPI,연간x연결,재무제표,DS-1,PASS,,,2026-07-07T23:31:30
한전KPS,00159218,051600,KOSPI,연간x연결,상단,DS-8,FAIL,"header missing ['한전KPS', '051600', 'KOSPI'] — header='기업 시각화'",,2026-07-07T23:31:30
한전KPS,00159218,051600,KOSPI,연간x연결,상단,DS-7,PASS,"badges seen: ['✅', '🔎']",,2026-07-07T23:31:30
한전KPS,00159218,051600,KOSPI,연간x연결,재무제표,CV-3,PASS,rows=29 cols=12 slider_extended=False,,2026-07-07T23:31:30
한전KPS,00159218,051600,KOSPI,연간x연결,재무제표,DS-2/DS-3,DONE,"cross-check completed for ['매출액', '영업이익']",,2026-07-07T23:31:30
한전KPS,00159218,051600,KOSPI,연간x연결,지표,CV-6,PASS,default metric selection visible,,2026-07-07T23:31:30
한전KPS,00159218,051600,KOSPI,연간x별도,재무제표,DS-1,PASS,,,2026-07-07T23:31:35
한전KPS,00159218,051600,KOSPI,연간x별도,상단,DS-8,PASS,,,2026-07-07T23:31:35
한전KPS,00159218,051600,KOSPI,연간x별도,상단,DS-7,PASS,"badges seen: ['✅', '🔎']",,2026-07-07T23:31:35
한전KPS,00159218,051600,KOSPI,연간x별도,재무제표,CV-3,PASS,rows=29 cols=23 slider_extended=True,,2026-07-07T23:31:35
한전KPS,00159218,051600,KOSPI,연간x별도,재무제표,DS-2/DS-3,DONE,"cross-check completed for ['매출액', '영업이익']",,2026-07-07T23:31:35
한전KPS,00159218,051600,KOSPI,연간x별도,지표,CV-6,PASS,default metric selection visible,,2026-07-07T23:31:35
한전KPS,00159218,051600,KOSPI,분기x연결,재무제표,DS-1,PASS,,,2026-07-07T23:31:41
한전KPS,00159218,051600,KOSPI,분기x연결,상단,DS-8,PASS,,,2026-07-07T23:31:41
한전KPS,00159218,051600,KOSPI,분기x연결,상단,DS-7,PASS,"badges seen: ['✅', '🔎', '⚠']",,2026-07-07T23:31:41
한전KPS,00159218,051600,KOSPI,분기x연결,재무제표,CV-3,PASS,rows=29 cols=57 slider_extended=True,,2026-07-07T23:31:41
한전KPS,00159218,051600,KOSPI,분기x연결,재무제표,DS-2/DS-3,DONE,"cross-check completed for ['매출액', '영업이익']",,2026-07-07T23:31:41
한전KPS,00159218,051600,KOSPI,분기x연결,지표,CV-6,PASS,default metric selection visible,,2026-07-07T23:31:41
한전KPS,00159218,051600,KOSPI,분기x별도,재무제표,DS-1,PASS,,,2026-07-07T23:31:49
한전KPS,00159218,051600,KOSPI,분기x별도,상단,DS-8,PASS,,,2026-07-07T23:31:49
한전KPS,00159218,051600,KOSPI,분기x별도,상단,DS-7,PASS,"badges seen: ['✅', '🔎', '⚠']",,2026-07-07T23:31:49
한전KPS,00159218,051600,KOSPI,분기x별도,재무제표,CV-3,PASS,rows=29 cols=75 slider_extended=True,,2026-07-07T23:31:49
한전KPS,00159218,051600,KOSPI,분기x별도,재무제표,DS-2/DS-3,DONE,"cross-check completed for ['매출액', '영업이익']",,2026-07-07T23:31:49
한전KPS,00159218,051600,KOSPI,분기x별도,지표,CV-6,PASS,default metric selection visible,,2026-07-07T23:31:49
KPX케미칼,00191472,025000,KOSPI,연간x연결,재무제표,DS-1,PASS,,,2026-07-07T23:32:02
KPX케미칼,00191472,025000,KOSPI,연간x연결,상단,DS-8,PASS,,,2026-07-07T23:32:02
KPX케미칼,00191472,025000,KOSPI,연간x연결,상단,DS-7,PASS,"badges seen: ['✅', '🔎']",,2026-07-07T23:32:02
KPX케미칼,00191472,025000,KOSPI,연간x연결,재무제표,CV-3,PASS,rows=29 cols=19 slider_extended=True,,2026-07-07T23:32:02
KPX케미칼,00191472,025000,KOSPI,연간x연결,재무제표,DS-2/DS-3,DONE,"cross-check completed for ['매출액', '영업이익']",,2026-07-07T23:32:02
KPX케미칼,00191472,025000,KOSPI,연간x연결,지표,CV-6,PASS,default metric selection visible,,2026-07-07T23:32:02
KPX케미칼,00191472,025000,KOSPI,연간x별도,재무제표,DS-1,PASS,,,2026-07-07T23:32:07
KPX케미칼,00191472,025000,KOSPI,연간x별도,상단,DS-8,PASS,,,2026-07-07T23:32:07
KPX케미칼,00191472,025000,KOSPI,연간x별도,상단,DS-7,PASS,"badges seen: ['✅', '🔎']",,2026-07-07T23:32:07
KPX케미칼,00191472,025000,KOSPI,연간x별도,재무제표,CV-3,PASS,rows=29 cols=23 slider_extended=True,,2026-07-07T23:32:07
KPX케미칼,00191472,025000,KOSPI,연간x별도,재무제표,DS-2/DS-3,DONE,"cross-check completed for ['매출액', '영업이익']",,2026-07-07T23:32:07
KPX케미칼,00191472,025000,KOSPI,연간x별도,지표,CV-6,PASS,default metric selection visible,,2026-07-07T23:32:07
KPX케미칼,00191472,025000,KOSPI,분기x연결,재무제표,DS-1,PASS,,,2026-07-07T23:32:14
KPX케미칼,00191472,025000,KOSPI,분기x연결,상단,DS-8,PASS,,,2026-07-07T23:32:14
KPX케미칼,00191472,025000,KOSPI,분기x연결,상단,DS-7,PASS,"badges seen: ['✅', '🔎']",,2026-07-07T23:32:14
KPX케미칼,00191472,025000,KOSPI,분기x연결,재무제표,CV-3,PASS,rows=29 cols=68 slider_extended=True,,2026-07-07T23:32:14
KPX케미칼,00191472,025000,KOSPI,분기x연결,재무제표,DS-2/DS-3,DONE,"cross-check completed for ['매출액', '영업이익']",,2026-07-07T23:32:14
KPX케미칼,00191472,025000,KOSPI,분기x연결,지표,CV-6,PASS,default metric selection visible,,2026-07-07T23:32:14
KPX케미칼,00191472,025000,KOSPI,분기x별도,재무제표,DS-1,PASS,,,2026-07-07T23:32:21
KPX케미칼,00191472,025000,KOSPI,분기x별도,상단,DS-8,PASS,,,2026-07-07T23:32:21
KPX케미칼,00191472,025000,KOSPI,분기x별도,상단,DS-7,PASS,"badges seen: ['✅', '🔎']",,2026-07-07T23:32:21
KPX케미칼,00191472,025000,KOSPI,분기x별도,재무제표,CV-3,PASS,rows=29 cols=74 slider_extended=True,,2026-07-07T23:32:21
KPX케미칼,00191472,025000,KOSPI,분기x별도,재무제표,DS-2/DS-3,DONE,"cross-check completed for ['매출액', '영업이익']",,2026-07-07T23:32:21
KPX케미칼,00191472,025000,KOSPI,분기x별도,지표,CV-6,PASS,default metric selection visible,,2026-07-07T23:32:21
KPX홀딩스,00587466,092230,KOSPI,연간x연결,재무제표,DS-1,PASS,,,2026-07-07T23:32:34
KPX홀딩스,00587466,092230,KOSPI,연간x연결,상단,DS-8,FAIL,"header missing ['KPX홀딩스', '092230', 'KOSPI'] — header='기업 시각화'",,2026-07-07T23:32:34
KPX홀딩스,00587466,092230,KOSPI,연간x연결,상단,DS-7,PASS,"badges seen: ['✅', '🔎']",,2026-07-07T23:32:34
KPX홀딩스,00587466,092230,KOSPI,연간x연결,재무제표,CV-3,PASS,rows=29 cols=12 slider_extended=False,,2026-07-07T23:32:34
KPX홀딩스,00587466,092230,KOSPI,연간x연결,재무제표,DS-2/DS-3,DONE,"cross-check completed for ['매출액', '영업이익']",,2026-07-07T23:32:34
KPX홀딩스,00587466,092230,KOSPI,연간x연결,지표,CV-6,PASS,default metric selection visible,,2026-07-07T23:32:34
KPX홀딩스,00587466,092230,KOSPI,연간x별도,재무제표,DS-1,PASS,,,2026-07-07T23:32:38
KPX홀딩스,00587466,092230,KOSPI,연간x별도,상단,DS-8,PASS,,,2026-07-07T23:32:38
KPX홀딩스,00587466,092230,KOSPI,연간x별도,상단,DS-7,PASS,"badges seen: ['✅', '🔎', '⚠']",,2026-07-07T23:32:38
KPX홀딩스,00587466,092230,KOSPI,연간x별도,재무제표,CV-3,PASS,rows=29 cols=23 slider_extended=True,,2026-07-07T23:32:38
KPX홀딩스,00587466,092230,KOSPI,연간x별도,재무제표,DS-2/DS-3,DONE,"cross-check completed for ['매출액', '영업이익']",,2026-07-07T23:32:38
KPX홀딩스,00587466,092230,KOSPI,연간x별도,지표,CV-6,PASS,default metric selection visible,,2026-07-07T23:32:38
KPX홀딩스,00587466,092230,KOSPI,분기x연결,재무제표,DS-1,PASS,,,2026-07-07T23:32:45
KPX홀딩스,00587466,092230,KOSPI,분기x연결,상단,DS-8,PASS,,,2026-07-07T23:32:45
KPX홀딩스,00587466,092230,KOSPI,분기x연결,상단,DS-7,PASS,"badges seen: ['✅', '🔎']",,2026-07-07T23:32:45
KPX홀딩스,00587466,092230,KOSPI,분기x연결,재무제표,CV-3,PASS,rows=29 cols=60 slider_extended=True,,2026-07-07T23:32:45
KPX홀딩스,00587466,092230,KOSPI,분기x연결,재무제표,DS-2/DS-3,DONE,"cross-check completed for ['매출액', '영업이익']",,2026-07-07T23:32:45
KPX홀딩스,00587466,092230,KOSPI,분기x연결,지표,CV-6,PASS,default metric selection visible,,2026-07-07T23:32:45
KPX홀딩스,00587466,092230,KOSPI,분기x별도,재무제표,DS-1,PASS,,,2026-07-07T23:32:52
KPX홀딩스,00587466,092230,KOSPI,분기x별도,상단,DS-8,PASS,,,2026-07-07T23:32:52
KPX홀딩스,00587466,092230,KOSPI,분기x별도,상단,DS-7,PASS,"badges seen: ['✅', '🔎']",,2026-07-07T23:32:52
KPX홀딩스,00587466,092230,KOSPI,분기x별도,재무제표,CV-3,PASS,rows=29 cols=73 slider_extended=True,,2026-07-07T23:32:52
KPX홀딩스,00587466,092230,KOSPI,분기x별도,재무제표,DS-2/DS-3,DONE,"cross-check completed for ['매출액', '영업이익']",,2026-07-07T23:32:52
KPX홀딩스,00587466,092230,KOSPI,분기x별도,지표,CV-6,PASS,default metric selection visible,,2026-07-07T23:32:52
KR모터스,00112378,000040,KOSPI,연간x연결,재무제표,DS-1,PASS,,,2026-07-07T23:33:06
KR모터스,00112378,000040,KOSPI,연간x연결,상단,DS-8,PASS,,,2026-07-07T23:33:06
KR모터스,00112378,000040,KOSPI,연간x연결,상단,DS-7,PASS,"badges seen: ['✅', '🔎']",,2026-07-07T23:33:06
KR모터스,00112378,000040,KOSPI,연간x연결,재무제표,CV-3,PASS,rows=29 cols=19 slider_extended=True,,2026-07-07T23:33:06
KR모터스,00112378,000040,KOSPI,연간x연결,재무제표,DS-2/DS-3,DONE,"cross-check completed for ['매출액', '영업이익']",,2026-07-07T23:33:06
KR모터스,00112378,000040,KOSPI,연간x연결,지표,CV-6,PASS,default metric selection visible,,2026-07-07T23:33:06
KR모터스,00112378,000040,KOSPI,연간x별도,재무제표,DS-1,PASS,,,2026-07-07T23:33:12
KR모터스,00112378,000040,KOSPI,연간x별도,상단,DS-8,PASS,,,2026-07-07T23:33:12
KR모터스,00112378,000040,KOSPI,연간x별도,상단,DS-7,PASS,"badges seen: ['✅', '🔎']",,2026-07-07T23:33:12
KR모터스,00112378,000040,KOSPI,연간x별도,재무제표,CV-3,PASS,rows=29 cols=28 slider_extended=True,,2026-07-07T23:33:12
KR모터스,00112378,000040,KOSPI,연간x별도,재무제표,DS-2/DS-3,DONE,"cross-check completed for ['매출액', '영업이익']",,2026-07-07T23:33:12
KR모터스,00112378,000040,KOSPI,연간x별도,지표,CV-6,PASS,default metric selection visible,,2026-07-07T23:33:12
KR모터스,00112378,000040,KOSPI,분기x연결,재무제표,DS-1,PASS,,,2026-07-07T23:33:18
KR모터스,00112378,000040,KOSPI,분기x연결,상단,DS-8,PASS,,,2026-07-07T23:33:18
KR모터스,00112378,000040,KOSPI,분기x연결,상단,DS-7,PASS,"badges seen: ['✅', '🔎']",,2026-07-07T23:33:18
KR모터스,00112378,000040,KOSPI,분기x연결,재무제표,CV-3,PASS,rows=29 cols=73 slider_extended=True,,2026-07-07T23:33:18
KR모터스,00112378,000040,KOSPI,분기x연결,재무제표,DS-2/DS-3,DONE,"cross-check completed for ['매출액', '영업이익']",,2026-07-07T23:33:18
KR모터스,00112378,000040,KOSPI,분기x연결,지표,CV-6,PASS,default metric selection visible,,2026-07-07T23:33:18
KR모터스,00112378,000040,KOSPI,분기x별도,재무제표,DS-1,PASS,,,2026-07-07T23:33:25
KR모터스,00112378,000040,KOSPI,분기x별도,상단,DS-8,PASS,,,2026-07-07T23:33:25
KR모터스,00112378,000040,KOSPI,분기x별도,상단,DS-7,PASS,"badges seen: ['✅', '🔎']",,2026-07-07T23:33:25
KR모터스,00112378,000040,KOSPI,분기x별도,재무제표,CV-3,PASS,rows=29 cols=85 slider_extended=True,,2026-07-07T23:33:25
KR모터스,00112378,000040,KOSPI,분기x별도,재무제표,DS-2/DS-3,DONE,"cross-check completed for ['매출액', '영업이익']",,2026-07-07T23:33:25
KR모터스,00112378,000040,KOSPI,분기x별도,지표,CV-6,PASS,default metric selection visible,,2026-07-07T23:33:25
KSS해운,00160232,044450,KOSPI,연간x연결,재무제표,DS-1,PASS,,,2026-07-07T23:33:38
KSS해운,00160232,044450,KOSPI,연간x연결,상단,DS-8,FAIL,"header missing ['KSS해운', '044450', 'KOSPI'] — header='기업 시각화'",,2026-07-07T23:33:38
KSS해운,00160232,044450,KOSPI,연간x연결,상단,DS-7,PASS,"badges seen: ['✅', '🔎']",,2026-07-07T23:33:38
KSS해운,00160232,044450,KOSPI,연간x연결,재무제표,CV-3,PASS,rows=29 cols=12 slider_extended=False,,2026-07-07T23:33:38
KSS해운,00160232,044450,KOSPI,연간x연결,재무제표,DS-2/DS-3,DONE,"cross-check completed for ['매출액', '영업이익']",,2026-07-07T23:33:38
KSS해운,00160232,044450,KOSPI,연간x연결,지표,CV-6,PASS,default metric selection visible,,2026-07-07T23:33:38
KSS해운,00160232,044450,KOSPI,연간x별도,재무제표,DS-1,PASS,,,2026-07-07T23:33:43
KSS해운,00160232,044450,KOSPI,연간x별도,상단,DS-8,PASS,,,2026-07-07T23:33:43
KSS해운,00160232,044450,KOSPI,연간x별도,상단,DS-7,PASS,"badges seen: ['✅', '🔎', '⚠']",,2026-07-07T23:33:43
KSS해운,00160232,044450,KOSPI,연간x별도,재무제표,CV-3,PASS,rows=29 cols=23 slider_extended=True,,2026-07-07T23:33:43
KSS해운,00160232,044450,KOSPI,연간x별도,재무제표,DS-2/DS-3,DONE,"cross-check completed for ['매출액', '영업이익']",,2026-07-07T23:33:43
KSS해운,00160232,044450,KOSPI,연간x별도,지표,CV-6,PASS,default metric selection visible,,2026-07-07T23:33:43
KSS해운,00160232,044450,KOSPI,분기x연결,재무제표,DS-1,PASS,,,2026-07-07T23:33:49
KSS해운,00160232,044450,KOSPI,분기x연결,상단,DS-8,PASS,,,2026-07-07T23:33:49
KSS해운,00160232,044450,KOSPI,분기x연결,상단,DS-7,PASS,"badges seen: ['✅', '🔎', '⚠']",,2026-07-07T23:33:49
KSS해운,00160232,044450,KOSPI,분기x연결,재무제표,CV-3,PASS,rows=29 cols=60 slider_extended=True,,2026-07-07T23:33:49
KSS해운,00160232,044450,KOSPI,분기x연결,재무제표,DS-2/DS-3,DONE,"cross-check completed for ['매출액', '영업이익']",,2026-07-07T23:33:49
KSS해운,00160232,044450,KOSPI,분기x연결,지표,CV-6,PASS,default metric selection visible,,2026-07-07T23:33:49
KSS해운,00160232,044450,KOSPI,분기x별도,재무제표,DS-1,PASS,,,2026-07-07T23:33:56
KSS해운,00160232,044450,KOSPI,분기x별도,상단,DS-8,PASS,,,2026-07-07T23:33:56
KSS해운,00160232,044450,KOSPI,분기x별도,상단,DS-7,PASS,"badges seen: ['✅', '🔎', '⚠']",,2026-07-07T23:33:56
KSS해운,00160232,044450,KOSPI,분기x별도,재무제표,CV-3,PASS,rows=29 cols=76 slider_extended=True,,2026-07-07T23:33:56
KSS해운,00160232,044450,KOSPI,분기x별도,재무제표,DS-2/DS-3,DONE,"cross-check completed for ['매출액', '영업이익']",,2026-07-07T23:33:56
KSS해운,00160232,044450,KOSPI,분기x별도,지표,CV-6,PASS,default metric selection visible,,2026-07-07T23:33:56
KTcs,00372882,058850,KOSPI,연간x연결,재무제표,DS-1,PASS,,,2026-07-07T23:34:10
KTcs,00372882,058850,KOSPI,연간x연결,상단,DS-8,PASS,,,2026-07-07T23:34:10
KTcs,00372882,058850,KOSPI,연간x연결,상단,DS-7,PASS,"badges seen: ['✅', '🔎', '⚠']",,2026-07-07T23:34:10
KTcs,00372882,058850,KOSPI,연간x연결,재무제표,CV-3,PASS,rows=29 cols=16 slider_extended=True,,2026-07-07T23:34:10
KTcs,00372882,058850,KOSPI,연간x연결,재무제표,DS-2/DS-3,DONE,"cross-check completed for ['매출액', '영업이익']",,2026-07-07T23:34:10
KTcs,00372882,058850,KOSPI,연간x연결,지표,CV-6,PASS,default metric selection visible,,2026-07-07T23:34:10
KTcs,00372882,058850,KOSPI,연간x별도,재무제표,DS-1,PASS,,,2026-07-07T23:34:15
KTcs,00372882,058850,KOSPI,연간x별도,상단,DS-8,PASS,,,2026-07-07T23:34:15
KTcs,00372882,058850,KOSPI,연간x별도,상단,DS-7,PASS,"badges seen: ['✅', '🔎']",,2026-07-07T23:34:15
KTcs,00372882,058850,KOSPI,연간x별도,재무제표,CV-3,PASS,rows=29 cols=26 slider_extended=True,,2026-07-07T23:34:15
KTcs,00372882,058850,KOSPI,연간x별도,재무제표,DS-2/DS-3,DONE,"cross-check completed for ['매출액', '영업이익']",,2026-07-07T23:34:15
KTcs,00372882,058850,KOSPI,연간x별도,지표,CV-6,PASS,default metric selection visible,,2026-07-07T23:34:15
KTcs,00372882,058850,KOSPI,분기x연결,재무제표,DS-1,PASS,,,2026-07-07T23:34:22
KTcs,00372882,058850,KOSPI,분기x연결,상단,DS-8,PASS,,,2026-07-07T23:34:22
KTcs,00372882,058850,KOSPI,분기x연결,상단,DS-7,PASS,"badges seen: ['✅', '🔎']",,2026-07-07T23:34:22
KTcs,00372882,058850,KOSPI,분기x연결,재무제표,CV-3,PASS,rows=29 cols=54 slider_extended=True,,2026-07-07T23:34:22
KTcs,00372882,058850,KOSPI,분기x연결,재무제표,DS-2/DS-3,DONE,"cross-check completed for ['매출액', '영업이익']",,2026-07-07T23:34:22
KTcs,00372882,058850,KOSPI,분기x연결,지표,CV-6,PASS,default metric selection visible,,2026-07-07T23:34:22
KTcs,00372882,058850,KOSPI,분기x별도,재무제표,DS-1,PASS,,,2026-07-07T23:34:29
KTcs,00372882,058850,KOSPI,분기x별도,상단,DS-8,PASS,,,2026-07-07T23:34:29
KTcs,00372882,058850,KOSPI,분기x별도,상단,DS-7,PASS,"badges seen: ['✅', '🔎']",,2026-07-07T23:34:29
KTcs,00372882,058850,KOSPI,분기x별도,재무제표,CV-3,PASS,rows=29 cols=81 slider_extended=True,,2026-07-07T23:34:29
KTcs,00372882,058850,KOSPI,분기x별도,재무제표,DS-2/DS-3,DONE,"cross-check completed for ['매출액', '영업이익']",,2026-07-07T23:34:29
KTcs,00372882,058850,KOSPI,분기x별도,지표,CV-6,PASS,default metric selection visible,,2026-07-07T23:34:29
KTis,00372873,058860,KOSPI,연간x연결,재무제표,DS-1,PASS,,,2026-07-07T23:34:42
KTis,00372873,058860,KOSPI,연간x연결,상단,DS-8,PASS,,,2026-07-07T23:34:42
KTis,00372873,058860,KOSPI,연간x연결,상단,DS-7,PASS,"badges seen: ['✅', '🔎']",,2026-07-07T23:34:42
KTis,00372873,058860,KOSPI,연간x연결,재무제표,CV-3,PASS,rows=29 cols=26 slider_extended=True,,2026-07-07T23:34:42
KTis,00372873,058860,KOSPI,연간x연결,재무제표,DS-2/DS-3,DONE,"cross-check completed for ['매출액', '영업이익']",,2026-07-07T23:34:42
KTis,00372873,058860,KOSPI,연간x연결,지표,CV-6,PASS,default metric selection visible,,2026-07-07T23:34:42
KTis,00372873,058860,KOSPI,연간x별도,재무제표,DS-1,PASS,,,2026-07-07T23:34:48
KTis,00372873,058860,KOSPI,연간x별도,상단,DS-8,PASS,,,2026-07-07T23:34:48
KTis,00372873,058860,KOSPI,연간x별도,상단,DS-7,PASS,"badges seen: ['✅', '🔎']",,2026-07-07T23:34:48
KTis,00372873,058860,KOSPI,연간x별도,재무제표,CV-3,PASS,rows=29 cols=26 slider_extended=True,,2026-07-07T23:34:48
KTis,00372873,058860,KOSPI,연간x별도,재무제표,DS-2/DS-3,DONE,"cross-check completed for ['매출액', '영업이익']",,2026-07-07T23:34:48
KTis,00372873,058860,KOSPI,연간x별도,지표,CV-6,PASS,default metric selection visible,,2026-07-07T23:34:48
KTis,00372873,058860,KOSPI,분기x연결,재무제표,DS-1,PASS,,,2026-07-07T23:34:54
KTis,00372873,058860,KOSPI,분기x연결,상단,DS-8,PASS,,,2026-07-07T23:34:54
KTis,00372873,058860,KOSPI,분기x연결,상단,DS-4,PASS,substitution caption present,,2026-07-07T23:34:54
KTis,00372873,058860,KOSPI,분기x연결,상단,DS-7,PASS,"badges seen: ['✅', '🔎', '⚠']",,2026-07-07T23:34:54
KTis,00372873,058860,KOSPI,분기x연결,재무제표,CV-3,PASS,rows=29 cols=83 slider_extended=True,,2026-07-07T23:34:54
KTis,00372873,058860,KOSPI,분기x연결,재무제표,DS-2/DS-3,DONE,"cross-check completed for ['매출액', '영업이익']",,2026-07-07T23:34:54
KTis,00372873,058860,KOSPI,분기x연결,지표,CV-6,PASS,default metric selection visible,,2026-07-07T23:34:54
KTis,00372873,058860,KOSPI,분기x별도,재무제표,DS-1,PASS,,,2026-07-07T23:35:02
KTis,00372873,058860,KOSPI,분기x별도,상단,DS-8,PASS,,,2026-07-07T23:35:02
KTis,00372873,058860,KOSPI,분기x별도,상단,DS-7,PASS,"badges seen: ['✅', '🔎', '⚠']",,2026-07-07T23:35:02
KTis,00372873,058860,KOSPI,분기x별도,재무제표,CV-3,PASS,rows=29 cols=83 slider_extended=True,,2026-07-07T23:35:02
KTis,00372873,058860,KOSPI,분기x별도,재무제표,DS-2/DS-3,DONE,"cross-check completed for ['매출액', '영업이익']",,2026-07-07T23:35:02
KTis,00372873,058860,KOSPI,분기x별도,지표,CV-6,PASS,default metric selection visible,,2026-07-07T23:35:02
LF,00593032,093050,KOSPI,연간x연결,재무제표,DS-1,PASS,,,2026-07-07T23:35:16
LF,00593032,093050,KOSPI,연간x연결,상단,DS-8,PASS,,,2026-07-07T23:35:16
LF,00593032,093050,KOSPI,연간x연결,상단,DS-7,PASS,"badges seen: ['✅', '🔎', '⚠']",,2026-07-07T23:35:16
LF,00593032,093050,KOSPI,연간x연결,재무제표,CV-3,PASS,rows=29 cols=19 slider_extended=True,,2026-07-07T23:35:16
LF,00593032,093050,KOSPI,연간x연결,재무제표,DS-2/DS-3,DONE,"cross-check completed for ['매출액', '영업이익']",,2026-07-07T23:35:16
LF,00593032,093050,KOSPI,연간x연결,지표,CV-6,PASS,default metric selection visible,,2026-07-07T23:35:16
LF,00593032,093050,KOSPI,연간x별도,재무제표,DS-1,PASS,,,2026-07-07T23:35:21
LF,00593032,093050,KOSPI,연간x별도,상단,DS-8,PASS,,,2026-07-07T23:35:21
LF,00593032,093050,KOSPI,연간x별도,상단,DS-7,PASS,"badges seen: ['✅', '🔎']",,2026-07-07T23:35:21
LF,00593032,093050,KOSPI,연간x별도,재무제표,CV-3,PASS,rows=29 cols=22 slider_extended=True,,2026-07-07T23:35:21
LF,00593032,093050,KOSPI,연간x별도,재무제표,DS-2/DS-3,DONE,"cross-check completed for ['매출액', '영업이익']",,2026-07-07T23:35:21
LF,00593032,093050,KOSPI,연간x별도,지표,CV-6,PASS,default metric selection visible,,2026-07-07T23:35:21
LF,00593032,093050,KOSPI,분기x연결,재무제표,DS-1,PASS,,,2026-07-07T23:35:27
LF,00593032,093050,KOSPI,분기x연결,상단,DS-8,PASS,,,2026-07-07T23:35:27
LF,00593032,093050,KOSPI,분기x연결,상단,DS-7,PASS,"badges seen: ['✅', '🔎']",,2026-07-07T23:35:27
LF,00593032,093050,KOSPI,분기x연결,재무제표,CV-3,PASS,rows=29 cols=60 slider_extended=True,,2026-07-07T23:35:27
LF,00593032,093050,KOSPI,분기x연결,재무제표,DS-2/DS-3,DONE,"cross-check completed for ['매출액', '영업이익']",,2026-07-07T23:35:27
LF,00593032,093050,KOSPI,분기x연결,지표,CV-6,PASS,default metric selection visible,,2026-07-07T23:35:27
LF,00593032,093050,KOSPI,분기x별도,재무제표,DS-1,PASS,,,2026-07-07T23:35:34
LF,00593032,093050,KOSPI,분기x별도,상단,DS-8,PASS,,,2026-07-07T23:35:34
LF,00593032,093050,KOSPI,분기x별도,상단,DS-7,PASS,"badges seen: ['✅', '🔎']",,2026-07-07T23:35:34
LF,00593032,093050,KOSPI,분기x별도,재무제표,CV-3,PASS,rows=29 cols=73 slider_extended=True,,2026-07-07T23:35:34
LF,00593032,093050,KOSPI,분기x별도,재무제표,DS-2/DS-3,DONE,"cross-check completed for ['매출액', '영업이익']",,2026-07-07T23:35:34
LF,00593032,093050,KOSPI,분기x별도,지표,CV-6,PASS,default metric selection visible,,2026-07-07T23:35:34
LG,00120021,003550,KOSPI,연간x연결,재무제표,DS-1,PASS,,,2026-07-07T23:35:48
LG,00120021,003550,KOSPI,연간x연결,상단,DS-8,PASS,,,2026-07-07T23:35:48
LG,00120021,003550,KOSPI,연간x연결,상단,DS-7,PASS,"badges seen: ['✅', '🔎']",,2026-07-07T23:35:48
LG,00120021,003550,KOSPI,연간x연결,재무제표,CV-3,PASS,rows=29 cols=21 slider_extended=True,,2026-07-07T23:35:48
LG,00120021,003550,KOSPI,연간x연결,재무제표,DS-2/DS-3,DONE,"cross-check completed for ['매출액', '영업이익']",,2026-07-07T23:35:48
LG,00120021,003550,KOSPI,연간x연결,지표,CV-6,PASS,default metric selection visible,,2026-07-07T23:35:48
LG,00120021,003550,KOSPI,연간x별도,재무제표,DS-1,PASS,,,2026-07-07T23:35:53
LG,00120021,003550,KOSPI,연간x별도,상단,DS-8,PASS,,,2026-07-07T23:35:53
LG,00120021,003550,KOSPI,연간x별도,상단,DS-7,PASS,"badges seen: ['✅', '🔎', '⚠']",,2026-07-07T23:35:53
LG,00120021,003550,KOSPI,연간x별도,재무제표,CV-3,PASS,rows=29 cols=26 slider_extended=True,,2026-07-07T23:35:53
LG,00120021,003550,KOSPI,연간x별도,재무제표,DS-2/DS-3,DONE,"cross-check completed for ['매출액', '영업이익']",,2026-07-07T23:35:53
LG,00120021,003550,KOSPI,연간x별도,지표,CV-6,PASS,default metric selection visible,,2026-07-07T23:35:53
LG,00120021,003550,KOSPI,분기x연결,재무제표,DS-1,PASS,,,2026-07-07T23:36:00
LG,00120021,003550,KOSPI,분기x연결,상단,DS-8,PASS,,,2026-07-07T23:36:00
LG,00120021,003550,KOSPI,분기x연결,상단,DS-7,PASS,"badges seen: ['✅', '🔎']",,2026-07-07T23:36:00
LG,00120021,003550,KOSPI,분기x연결,재무제표,CV-3,PASS,rows=29 cols=70 slider_extended=True,,2026-07-07T23:36:00
LG,00120021,003550,KOSPI,분기x연결,재무제표,DS-2/DS-3,DONE,"cross-check completed for ['매출액', '영업이익']",,2026-07-07T23:36:00
LG,00120021,003550,KOSPI,분기x연결,지표,CV-6,PASS,default metric selection visible,,2026-07-07T23:36:00
LG,00120021,003550,KOSPI,분기x별도,재무제표,DS-1,PASS,,,2026-07-07T23:36:07
LG,00120021,003550,KOSPI,분기x별도,상단,DS-8,PASS,,,2026-07-07T23:36:07
LG,00120021,003550,KOSPI,분기x별도,상단,DS-7,PASS,"badges seen: ['✅', '🔎', '⚠']",,2026-07-07T23:36:07
LG,00120021,003550,KOSPI,분기x별도,재무제표,CV-3,PASS,rows=29 cols=80 slider_extended=True,,2026-07-07T23:36:07
LG,00120021,003550,KOSPI,분기x별도,재무제표,DS-2/DS-3,DONE,"cross-check completed for ['매출액', '영업이익']",,2026-07-07T23:36:07
LG,00120021,003550,KOSPI,분기x별도,지표,CV-6,PASS,default metric selection visible,,2026-07-07T23:36:07
LG디스플레이,00105873,034220,KOSPI,연간x연결,재무제표,DS-1,PASS,,,2026-07-07T23:36:21
LG디스플레이,00105873,034220,KOSPI,연간x연결,상단,DS-8,PASS,,,2026-07-07T23:36:21
LG디스플레이,00105873,034220,KOSPI,연간x연결,상단,DS-7,PASS,"badges seen: ['✅', '🔎']",,2026-07-07T23:36:21
LG디스플레이,00105873,034220,KOSPI,연간x연결,재무제표,CV-3,PASS,rows=29 cols=20 slider_extended=True,,2026-07-07T23:36:21
LG디스플레이,00105873,034220,KOSPI,연간x연결,재무제표,DS-2/DS-3,DONE,"cross-check completed for ['매출액', '영업이익']",,2026-07-07T23:36:21
LG디스플레이,00105873,034220,KOSPI,연간x연결,지표,CV-6,PASS,default metric selection visible,,2026-07-07T23:36:21
LG디스플레이,00105873,034220,KOSPI,연간x별도,재무제표,DS-1,PASS,,,2026-07-07T23:36:26
LG디스플레이,00105873,034220,KOSPI,연간x별도,상단,DS-8,PASS,,,2026-07-07T23:36:26
LG디스플레이,00105873,034220,KOSPI,연간x별도,상단,DS-7,PASS,"badges seen: ['✅', '🔎']",,2026-07-07T23:36:26
LG디스플레이,00105873,034220,KOSPI,연간x별도,재무제표,CV-3,PASS,rows=29 cols=23 slider_extended=True,,2026-07-07T23:36:26
LG디스플레이,00105873,034220,KOSPI,연간x별도,재무제표,DS-2/DS-3,DONE,"cross-check completed for ['매출액', '영업이익']",,2026-07-07T23:36:26
LG디스플레이,00105873,034220,KOSPI,연간x별도,지표,CV-6,PASS,default metric selection visible,,2026-07-07T23:36:26
LG디스플레이,00105873,034220,KOSPI,분기x연결,재무제표,DS-1,PASS,,,2026-07-07T23:36:33
LG디스플레이,00105873,034220,KOSPI,분기x연결,상단,DS-8,PASS,,,2026-07-07T23:36:33
LG디스플레이,00105873,034220,KOSPI,분기x연결,상단,DS-7,PASS,"badges seen: ['✅', '🔎']",,2026-07-07T23:36:33
LG디스플레이,00105873,034220,KOSPI,분기x연결,재무제표,CV-3,PASS,rows=29 cols=69 slider_extended=True,,2026-07-07T23:36:33
LG디스플레이,00105873,034220,KOSPI,분기x연결,재무제표,DS-2/DS-3,DONE,"cross-check completed for ['매출액', '영업이익']",,2026-07-07T23:36:33
LG디스플레이,00105873,034220,KOSPI,분기x연결,지표,CV-6,PASS,default metric selection visible,,2026-07-07T23:36:33
LG디스플레이,00105873,034220,KOSPI,분기x별도,재무제표,DS-1,PASS,,,2026-07-07T23:36:40
LG디스플레이,00105873,034220,KOSPI,분기x별도,상단,DS-8,PASS,,,2026-07-07T23:36:40
LG디스플레이,00105873,034220,KOSPI,분기x별도,상단,DS-7,PASS,"badges seen: ['✅', '🔎']",,2026-07-07T23:36:40
LG디스플레이,00105873,034220,KOSPI,분기x별도,재무제표,CV-3,PASS,rows=29 cols=83 slider_extended=True,,2026-07-07T23:36:40
LG디스플레이,00105873,034220,KOSPI,분기x별도,재무제표,DS-2/DS-3,DONE,"cross-check completed for ['매출액', '영업이익']",,2026-07-07T23:36:40
LG디스플레이,00105873,034220,KOSPI,분기x별도,지표,CV-6,PASS,default metric selection visible,,2026-07-07T23:36:40
LG생활건강,00356370,051900,KOSPI,연간x연결,재무제표,DS-1,PASS,,,2026-07-07T23:36:51
LG생활건강,00356370,051900,KOSPI,연간x연결,상단,DS-8,PASS,,,2026-07-07T23:36:51
LG생활건강,00356370,051900,KOSPI,연간x연결,상단,DS-7,PASS,"badges seen: ['✅', '🔎']",,2026-07-07T23:36:51
LG생활건강,00356370,051900,KOSPI,연간x연결,재무제표,CV-3,PASS,rows=29 cols=12 slider_extended=True,,2026-07-07T23:36:51
LG생활건강,00356370,051900,KOSPI,연간x연결,재무제표,DS-2/DS-3,DONE,"cross-check completed for ['매출액', '영업이익']",,2026-07-07T23:36:51
LG생활건강,00356370,051900,KOSPI,연간x연결,지표,CV-6,PASS,default metric selection visible,,2026-07-07T23:36:51
LG생활건강,00356370,051900,KOSPI,연간x별도,재무제표,DS-1,PASS,,,2026-07-07T23:36:57
LG생활건강,00356370,051900,KOSPI,연간x별도,상단,DS-8,PASS,,,2026-07-07T23:36:57
LG생활건강,00356370,051900,KOSPI,연간x별도,상단,DS-7,PASS,"badges seen: ['✅', '🔎', '⚠']",,2026-07-07T23:36:57
LG생활건강,00356370,051900,KOSPI,연간x별도,재무제표,CV-3,PASS,rows=29 cols=27 slider_extended=True,,2026-07-07T23:36:57
LG생활건강,00356370,051900,KOSPI,연간x별도,재무제표,DS-2/DS-3,DONE,"cross-check completed for ['매출액', '영업이익']",,2026-07-07T23:36:57
LG생활건강,00356370,051900,KOSPI,연간x별도,지표,CV-6,PASS,default metric selection visible,,2026-07-07T23:36:57
LG생활건강,00356370,051900,KOSPI,분기x연결,재무제표,DS-1,PASS,,,2026-07-07T23:37:03
LG생활건강,00356370,051900,KOSPI,분기x연결,상단,DS-8,PASS,,,2026-07-07T23:37:03
LG생활건강,00356370,051900,KOSPI,분기x연결,상단,DS-7,PASS,"badges seen: ['✅', '🔎']",,2026-07-07T23:37:03
LG생활건강,00356370,051900,KOSPI,분기x연결,재무제표,CV-3,PASS,rows=29 cols=70 slider_extended=True,,2026-07-07T23:37:03
LG생활건강,00356370,051900,KOSPI,분기x연결,재무제표,DS-2/DS-3,DONE,"cross-check completed for ['매출액', '영업이익']",,2026-07-07T23:37:03
LG생활건강,00356370,051900,KOSPI,분기x연결,지표,CV-6,PASS,default metric selection visible,,2026-07-07T23:37:03
LG생활건강,00356370,051900,KOSPI,분기x별도,재무제표,DS-1,PASS,,,2026-07-07T23:37:10
LG생활건강,00356370,051900,KOSPI,분기x별도,상단,DS-8,PASS,,,2026-07-07T23:37:10
LG생활건강,00356370,051900,KOSPI,분기x별도,상단,DS-7,PASS,"badges seen: ['✅', '🔎']",,2026-07-07T23:37:10
LG생활건강,00356370,051900,KOSPI,분기x별도,재무제표,CV-3,PASS,rows=29 cols=80 slider_extended=True,,2026-07-07T23:37:10
LG생활건강,00356370,051900,KOSPI,분기x별도,재무제표,DS-2/DS-3,DONE,"cross-check completed for ['매출액', '영업이익']",,2026-07-07T23:37:10
LG생활건강,00356370,051900,KOSPI,분기x별도,지표,CV-6,PASS,default metric selection visible,,2026-07-07T23:37:10
LG씨엔에스,00139834,064400,KOSPI,연간x연결,재무제표,DS-1,PASS,,,2026-07-07T23:37:24
LG씨엔에스,00139834,064400,KOSPI,연간x연결,상단,DS-8,PASS,,,2026-07-07T23:37:24
LG씨엔에스,00139834,064400,KOSPI,연간x연결,상단,DS-7,PASS,"badges seen: ['✅', '🔎']",,2026-07-07T23:37:24
LG씨엔에스,00139834,064400,KOSPI,연간x연결,재무제표,CV-3,PASS,rows=29 cols=20 slider_extended=True,,2026-07-07T23:37:24
LG씨엔에스,00139834,064400,KOSPI,연간x연결,재무제표,DS-2/DS-3,DONE,"cross-check completed for ['매출액', '영업이익']",,2026-07-07T23:37:24
LG씨엔에스,00139834,064400,KOSPI,연간x연결,지표,CV-6,PASS,default metric selection visible,,2026-07-07T23:37:24
LG씨엔에스,00139834,064400,KOSPI,연간x별도,재무제표,DS-1,PASS,,,2026-07-07T23:37:29
LG씨엔에스,00139834,064400,KOSPI,연간x별도,상단,DS-8,PASS,,,2026-07-07T23:37:29
LG씨엔에스,00139834,064400,KOSPI,연간x별도,상단,DS-7,PASS,"badges seen: ['✅', '🔎']",,2026-07-07T23:37:29
LG씨엔에스,00139834,064400,KOSPI,연간x별도,재무제표,CV-3,PASS,rows=29 cols=24 slider_extended=True,,2026-07-07T23:37:29
LG씨엔에스,00139834,064400,KOSPI,연간x별도,재무제표,DS-2/DS-3,DONE,"cross-check completed for ['매출액', '영업이익']",,2026-07-07T23:37:29
LG씨엔에스,00139834,064400,KOSPI,연간x별도,지표,CV-6,PASS,default metric selection visible,,2026-07-07T23:37:29
LG씨엔에스,00139834,064400,KOSPI,분기x연결,재무제표,DS-1,PASS,,,2026-07-07T23:37:36
LG씨엔에스,00139834,064400,KOSPI,분기x연결,상단,DS-8,PASS,,,2026-07-07T23:37:36
LG씨엔에스,00139834,064400,KOSPI,분기x연결,상단,DS-7,PASS,"badges seen: ['✅', '🔎']",,2026-07-07T23:37:36
LG씨엔에스,00139834,064400,KOSPI,분기x연결,재무제표,CV-3,PASS,rows=29 cols=66 slider_extended=True,,2026-07-07T23:37:36
LG씨엔에스,00139834,064400,KOSPI,분기x연결,재무제표,DS-2/DS-3,DONE,"cross-check completed for ['매출액', '영업이익']",,2026-07-07T23:37:36
LG씨엔에스,00139834,064400,KOSPI,분기x연결,지표,CV-6,PASS,default metric selection visible,,2026-07-07T23:37:36
LG씨엔에스,00139834,064400,KOSPI,분기x별도,재무제표,DS-1,PASS,,,2026-07-07T23:37:43
LG씨엔에스,00139834,064400,KOSPI,분기x별도,상단,DS-8,PASS,,,2026-07-07T23:37:43
LG씨엔에스,00139834,064400,KOSPI,분기x별도,상단,DS-7,PASS,"badges seen: ['✅', '🔎']",,2026-07-07T23:37:43
LG씨엔에스,00139834,064400,KOSPI,분기x별도,재무제표,CV-3,PASS,rows=29 cols=77 slider_extended=True,,2026-07-07T23:37:43
LG씨엔에스,00139834,064400,KOSPI,분기x별도,재무제표,DS-2/DS-3,DONE,"cross-check completed for ['매출액', '영업이익']",,2026-07-07T23:37:43
LG씨엔에스,00139834,064400,KOSPI,분기x별도,지표,CV-6,PASS,default metric selection visible,,2026-07-07T23:37:43
LG에너지솔루션,01515323,373220,KOSPI,연간x연결,재무제표,DS-1,PASS,,,2026-07-07T23:37:54
LG에너지솔루션,01515323,373220,KOSPI,연간x연결,상단,DS-8,PASS,,,2026-07-07T23:37:54
LG에너지솔루션,01515323,373220,KOSPI,연간x연결,상단,DS-7,PASS,"badges seen: ['✅', '🔎', '⚠']",,2026-07-07T23:37:54
LG에너지솔루션,01515323,373220,KOSPI,연간x연결,재무제표,CV-3,PASS,rows=29 cols=8 slider_extended=True,,2026-07-07T23:37:54
LG에너지솔루션,01515323,373220,KOSPI,연간x연결,재무제표,DS-2/DS-3,DONE,"cross-check completed for ['매출액', '영업이익']",,2026-07-07T23:37:54
LG에너지솔루션,01515323,373220,KOSPI,연간x연결,지표,CV-6,PASS,default metric selection visible,,2026-07-07T23:37:54
LG에너지솔루션,01515323,373220,KOSPI,연간x별도,재무제표,DS-1,PASS,,,2026-07-07T23:38:00
LG에너지솔루션,01515323,373220,KOSPI,연간x별도,상단,DS-8,PASS,,,2026-07-07T23:38:00
LG에너지솔루션,01515323,373220,KOSPI,연간x별도,상단,DS-7,PASS,"badges seen: ['✅', '🔎', '⚠']",,2026-07-07T23:38:00
LG에너지솔루션,01515323,373220,KOSPI,연간x별도,재무제표,CV-3,PASS,rows=29 cols=8 slider_extended=True,,2026-07-07T23:38:00
LG에너지솔루션,01515323,373220,KOSPI,연간x별도,재무제표,DS-2/DS-3,DONE,"cross-check completed for ['매출액', '영업이익']",,2026-07-07T23:38:00
LG에너지솔루션,01515323,373220,KOSPI,연간x별도,지표,CV-6,PASS,default metric selection visible,,2026-07-07T23:38:00
LG에너지솔루션,01515323,373220,KOSPI,분기x연결,재무제표,DS-1,PASS,,,2026-07-07T23:38:06
LG에너지솔루션,01515323,373220,KOSPI,분기x연결,상단,DS-8,PASS,,,2026-07-07T23:38:06
LG에너지솔루션,01515323,373220,KOSPI,분기x연결,상단,DS-7,PASS,"badges seen: ['✅', '🔎']",,2026-07-07T23:38:06
LG에너지솔루션,01515323,373220,KOSPI,분기x연결,재무제표,CV-3,PASS,rows=29 cols=24 slider_extended=True,,2026-07-07T23:38:06
LG에너지솔루션,01515323,373220,KOSPI,분기x연결,재무제표,DS-2/DS-3,DONE,"cross-check completed for ['매출액', '영업이익']",,2026-07-07T23:38:06
LG에너지솔루션,01515323,373220,KOSPI,분기x연결,지표,CV-6,PASS,default metric selection visible,,2026-07-07T23:38:06
LG에너지솔루션,01515323,373220,KOSPI,분기x별도,재무제표,DS-1,PASS,,,2026-07-07T23:38:13
LG에너지솔루션,01515323,373220,KOSPI,분기x별도,상단,DS-8,PASS,,,2026-07-07T23:38:13
LG에너지솔루션,01515323,373220,KOSPI,분기x별도,상단,DS-7,PASS,"badges seen: ['✅', '🔎']",,2026-07-07T23:38:13
LG에너지솔루션,01515323,373220,KOSPI,분기x별도,재무제표,CV-3,PASS,rows=29 cols=24 slider_extended=True,,2026-07-07T23:38:13
LG에너지솔루션,01515323,373220,KOSPI,분기x별도,재무제표,DS-2/DS-3,DONE,"cross-check completed for ['매출액', '영업이익']",,2026-07-07T23:38:13
LG에너지솔루션,01515323,373220,KOSPI,분기x별도,지표,CV-6,PASS,default metric selection visible,,2026-07-07T23:38:13
LG유플러스,00231363,032640,KOSPI,연간x연결,재무제표,DS-1,PASS,,,2026-07-07T23:38:27
LG유플러스,00231363,032640,KOSPI,연간x연결,상단,DS-8,PASS,,,2026-07-07T23:38:27
LG유플러스,00231363,032640,KOSPI,연간x연결,상단,DS-7,PASS,"badges seen: ['✅', '🔎']",,2026-07-07T23:38:27
LG유플러스,00231363,032640,KOSPI,연간x연결,재무제표,CV-3,PASS,rows=29 cols=20 slider_extended=True,,2026-07-07T23:38:27
LG유플러스,00231363,032640,KOSPI,연간x연결,재무제표,DS-2/DS-3,DONE,"cross-check completed for ['매출액', '영업이익']",,2026-07-07T23:38:27
LG유플러스,00231363,032640,KOSPI,연간x연결,지표,CV-6,PASS,default metric selection visible,,2026-07-07T23:38:27
LG유플러스,00231363,032640,KOSPI,연간x별도,재무제표,DS-1,PASS,,,2026-07-07T23:38:34
LG유플러스,00231363,032640,KOSPI,연간x별도,상단,DS-8,PASS,,,2026-07-07T23:38:34
LG유플러스,00231363,032640,KOSPI,연간x별도,상단,DS-7,PASS,"badges seen: ['✅', '🔎']",,2026-07-07T23:38:34
LG유플러스,00231363,032640,KOSPI,연간x별도,재무제표,CV-3,PASS,rows=29 cols=25 slider_extended=True,,2026-07-07T23:38:34
LG유플러스,00231363,032640,KOSPI,연간x별도,재무제표,DS-2/DS-3,DONE,"cross-check completed for ['매출액', '영업이익']",,2026-07-07T23:38:34
LG유플러스,00231363,032640,KOSPI,연간x별도,지표,CV-6,PASS,default metric selection visible,,2026-07-07T23:38:34
LG유플러스,00231363,032640,KOSPI,분기x연결,재무제표,DS-1,PASS,,,2026-07-07T23:38:40
LG유플러스,00231363,032640,KOSPI,분기x연결,상단,DS-8,PASS,,,2026-07-07T23:38:40
LG유플러스,00231363,032640,KOSPI,분기x연결,상단,DS-7,PASS,"badges seen: ['✅', '🔎']",,2026-07-07T23:38:40
LG유플러스,00231363,032640,KOSPI,분기x연결,재무제표,CV-3,PASS,rows=29 cols=66 slider_extended=True,,2026-07-07T23:38:40
LG유플러스,00231363,032640,KOSPI,분기x연결,재무제표,DS-2/DS-3,DONE,"cross-check completed for ['매출액', '영업이익']",,2026-07-07T23:38:40
LG유플러스,00231363,032640,KOSPI,분기x연결,지표,CV-6,PASS,default metric selection visible,,2026-07-07T23:38:40
LG유플러스,00231363,032640,KOSPI,분기x별도,재무제표,DS-1,PASS,,,2026-07-07T23:38:48
LG유플러스,00231363,032640,KOSPI,분기x별도,상단,DS-8,PASS,,,2026-07-07T23:38:48
LG유플러스,00231363,032640,KOSPI,분기x별도,상단,DS-7,PASS,"badges seen: ['✅', '🔎', '⚠']",,2026-07-07T23:38:48
LG유플러스,00231363,032640,KOSPI,분기x별도,재무제표,CV-3,PASS,rows=29 cols=85 slider_extended=True,,2026-07-07T23:38:48
LG유플러스,00231363,032640,KOSPI,분기x별도,재무제표,DS-2/DS-3,DONE,"cross-check completed for ['매출액', '영업이익']",,2026-07-07T23:38:48
LG유플러스,00231363,032640,KOSPI,분기x별도,지표,CV-6,PASS,default metric selection visible,,2026-07-07T23:38:48
LG이노텍,00105961,011070,KOSPI,연간x연결,재무제표,DS-1,PASS,,,2026-07-07T23:38:59
LG이노텍,00105961,011070,KOSPI,연간x연결,상단,DS-8,PASS,,,2026-07-07T23:38:59
LG이노텍,00105961,011070,KOSPI,연간x연결,상단,DS-7,PASS,"badges seen: ['✅', '🔎', '⚠']",,2026-07-07T23:38:59
LG이노텍,00105961,011070,KOSPI,연간x연결,재무제표,CV-3,PASS,rows=29 cols=12 slider_extended=True,,2026-07-07T23:38:59
LG이노텍,00105961,011070,KOSPI,연간x연결,재무제표,DS-2/DS-3,DONE,"cross-check completed for ['매출액', '영업이익']",,2026-07-07T23:38:59
LG이노텍,00105961,011070,KOSPI,연간x연결,지표,CV-6,PASS,default metric selection visible,,2026-07-07T23:38:59
LG이노텍,00105961,011070,KOSPI,연간x별도,재무제표,DS-1,PASS,,,2026-07-07T23:39:04
LG이노텍,00105961,011070,KOSPI,연간x별도,상단,DS-8,PASS,,,2026-07-07T23:39:04
LG이노텍,00105961,011070,KOSPI,연간x별도,상단,DS-7,PASS,"badges seen: ['✅', '🔎', '⚠']",,2026-07-07T23:39:04
LG이노텍,00105961,011070,KOSPI,연간x별도,재무제표,CV-3,PASS,rows=29 cols=22 slider_extended=True,,2026-07-07T23:39:04
LG이노텍,00105961,011070,KOSPI,연간x별도,재무제표,DS-2/DS-3,DONE,"cross-check completed for ['매출액', '영업이익']",,2026-07-07T23:39:04
LG이노텍,00105961,011070,KOSPI,연간x별도,지표,CV-6,PASS,default metric selection visible,,2026-07-07T23:39:04
LG이노텍,00105961,011070,KOSPI,분기x연결,재무제표,DS-1,PASS,,,2026-07-07T23:39:10
LG이노텍,00105961,011070,KOSPI,분기x연결,상단,DS-8,PASS,,,2026-07-07T23:39:10
LG이노텍,00105961,011070,KOSPI,분기x연결,상단,DS-7,PASS,"badges seen: ['✅', '🔎']",,2026-07-07T23:39:10
LG이노텍,00105961,011070,KOSPI,분기x연결,재무제표,CV-3,PASS,rows=29 cols=66 slider_extended=True,,2026-07-07T23:39:10
LG이노텍,00105961,011070,KOSPI,분기x연결,재무제표,DS-2/DS-3,DONE,"cross-check completed for ['매출액', '영업이익']",,2026-07-07T23:39:10
LG이노텍,00105961,011070,KOSPI,분기x연결,지표,CV-6,PASS,default metric selection visible,,2026-07-07T23:39:10
LG이노텍,00105961,011070,KOSPI,분기x별도,재무제표,DS-1,PASS,,,2026-07-07T23:39:17
LG이노텍,00105961,011070,KOSPI,분기x별도,상단,DS-8,PASS,,,2026-07-07T23:39:17
LG이노텍,00105961,011070,KOSPI,분기x별도,상단,DS-7,PASS,"badges seen: ['✅', '🔎']",,2026-07-07T23:39:17
LG이노텍,00105961,011070,KOSPI,분기x별도,재무제표,CV-3,PASS,rows=29 cols=73 slider_extended=True,,2026-07-07T23:39:17
LG이노텍,00105961,011070,KOSPI,분기x별도,재무제표,DS-2/DS-3,DONE,"cross-check completed for ['매출액', '영업이익']",,2026-07-07T23:39:17
LG이노텍,00105961,011070,KOSPI,분기x별도,지표,CV-6,PASS,default metric selection visible,,2026-07-07T23:39:17
LG전자,00401731,066570,KOSPI,연간x연결,재무제표,DS-1,PASS,,,2026-07-07T23:39:31
LG전자,00401731,066570,KOSPI,연간x연결,상단,DS-8,PASS,,,2026-07-07T23:39:31
LG전자,00401731,066570,KOSPI,연간x연결,상단,DS-7,PASS,"badges seen: ['✅', '🔎', '⚠']",,2026-07-07T23:39:31
LG전자,00401731,066570,KOSPI,연간x연결,재무제표,CV-3,PASS,rows=29 cols=21 slider_extended=True,,2026-07-07T23:39:31
LG전자,00401731,066570,KOSPI,연간x연결,재무제표,DS-2/DS-3,DONE,"cross-check completed for ['매출액', '영업이익']",,2026-07-07T23:39:31
LG전자,00401731,066570,KOSPI,연간x연결,지표,CV-6,PASS,default metric selection visible,,2026-07-07T23:39:31
LG전자,00401731,066570,KOSPI,연간x별도,재무제표,DS-1,PASS,,,2026-07-07T23:39:36
LG전자,00401731,066570,KOSPI,연간x별도,상단,DS-8,PASS,,,2026-07-07T23:39:36
LG전자,00401731,066570,KOSPI,연간x별도,상단,DS-7,PASS,"badges seen: ['✅', '🔎', '⚠']",,2026-07-07T23:39:36
LG전자,00401731,066570,KOSPI,연간x별도,재무제표,CV-3,PASS,rows=29 cols=22 slider_extended=True,,2026-07-07T23:39:36
LG전자,00401731,066570,KOSPI,연간x별도,재무제표,DS-2/DS-3,DONE,"cross-check completed for ['매출액', '영업이익']",,2026-07-07T23:39:36
LG전자,00401731,066570,KOSPI,연간x별도,지표,CV-6,PASS,default metric selection visible,,2026-07-07T23:39:36
LG전자,00401731,066570,KOSPI,분기x연결,재무제표,DS-1,PASS,,,2026-07-07T23:39:43
LG전자,00401731,066570,KOSPI,분기x연결,상단,DS-8,PASS,,,2026-07-07T23:39:43
LG전자,00401731,066570,KOSPI,분기x연결,상단,DS-7,PASS,"badges seen: ['✅', '🔎']",,2026-07-07T23:39:43
LG전자,00401731,066570,KOSPI,분기x연결,재무제표,CV-3,PASS,rows=29 cols=76 slider_extended=True,,2026-07-07T23:39:43
LG전자,00401731,066570,KOSPI,분기x연결,재무제표,DS-2/DS-3,DONE,"cross-check completed for ['매출액', '영업이익']",,2026-07-07T23:39:43
LG전자,00401731,066570,KOSPI,분기x연결,지표,CV-6,PASS,default metric selection visible,,2026-07-07T23:39:43
LG전자,00401731,066570,KOSPI,분기x별도,재무제표,DS-1,PASS,,,2026-07-07T23:39:50
LG전자,00401731,066570,KOSPI,분기x별도,상단,DS-8,PASS,,,2026-07-07T23:39:50
LG전자,00401731,066570,KOSPI,분기x별도,상단,DS-7,PASS,"badges seen: ['✅', '🔎']",,2026-07-07T23:39:50
LG전자,00401731,066570,KOSPI,분기x별도,재무제표,CV-3,PASS,rows=29 cols=80 slider_extended=True,,2026-07-07T23:39:50
LG전자,00401731,066570,KOSPI,분기x별도,재무제표,DS-2/DS-3,DONE,"cross-check completed for ['매출액', '영업이익']",,2026-07-07T23:39:50
LG전자,00401731,066570,KOSPI,분기x별도,지표,CV-6,PASS,default metric selection visible,,2026-07-07T23:39:50
LG헬로비전,00222532,037560,KOSPI,연간x연결,재무제표,DS-1,PASS,,,2026-07-07T23:40:01
LG헬로비전,00222532,037560,KOSPI,연간x연결,상단,DS-8,PASS,,,2026-07-07T23:40:01
LG헬로비전,00222532,037560,KOSPI,연간x연결,상단,DS-7,PASS,"badges seen: ['✅', '🔎']",,2026-07-07T23:40:01
LG헬로비전,00222532,037560,KOSPI,연간x연결,재무제표,CV-3,PASS,rows=29 cols=18 slider_extended=True,,2026-07-07T23:40:01
LG헬로비전,00222532,037560,KOSPI,연간x연결,재무제표,DS-2/DS-3,DONE,"cross-check completed for ['매출액', '영업이익']",,2026-07-07T23:40:01
LG헬로비전,00222532,037560,KOSPI,연간x연결,지표,CV-6,PASS,default metric selection visible,,2026-07-07T23:40:01
LG헬로비전,00222532,037560,KOSPI,연간x별도,재무제표,DS-1,PASS,,,2026-07-07T23:40:06
LG헬로비전,00222532,037560,KOSPI,연간x별도,상단,DS-8,PASS,,,2026-07-07T23:40:06
LG헬로비전,00222532,037560,KOSPI,연간x별도,상단,DS-7,PASS,"badges seen: ['✅', '🔎']",,2026-07-07T23:40:06
LG헬로비전,00222532,037560,KOSPI,연간x별도,재무제표,CV-3,PASS,rows=29 cols=21 slider_extended=True,,2026-07-07T23:40:06
LG헬로비전,00222532,037560,KOSPI,연간x별도,재무제표,DS-2/DS-3,DONE,"cross-check completed for ['매출액', '영업이익']",,2026-07-07T23:40:06
LG헬로비전,00222532,037560,KOSPI,연간x별도,지표,CV-6,PASS,default metric selection visible,,2026-07-07T23:40:06
LG헬로비전,00222532,037560,KOSPI,분기x연결,재무제표,DS-1,PASS,,,2026-07-07T23:40:13
LG헬로비전,00222532,037560,KOSPI,분기x연결,상단,DS-8,PASS,,,2026-07-07T23:40:13
LG헬로비전,00222532,037560,KOSPI,분기x연결,상단,DS-7,PASS,"badges seen: ['✅', '🔎']",,2026-07-07T23:40:13
LG헬로비전,00222532,037560,KOSPI,분기x연결,재무제표,CV-3,PASS,rows=29 cols=57 slider_extended=True,,2026-07-07T23:40:13
LG헬로비전,00222532,037560,KOSPI,분기x연결,재무제표,DS-2/DS-3,DONE,"cross-check completed for ['매출액', '영업이익']",,2026-07-07T23:40:13
LG헬로비전,00222532,037560,KOSPI,분기x연결,지표,CV-6,PASS,default metric selection visible,,2026-07-07T23:40:13
LG헬로비전,00222532,037560,KOSPI,분기x별도,재무제표,DS-1,PASS,,,2026-07-07T23:40:20
LG헬로비전,00222532,037560,KOSPI,분기x별도,상단,DS-8,PASS,,,2026-07-07T23:40:20
LG헬로비전,00222532,037560,KOSPI,분기x별도,상단,DS-7,PASS,"badges seen: ['✅', '🔎']",,2026-07-07T23:40:20
LG헬로비전,00222532,037560,KOSPI,분기x별도,재무제표,CV-3,PASS,rows=29 cols=69 slider_extended=True,,2026-07-07T23:40:20
LG헬로비전,00222532,037560,KOSPI,분기x별도,재무제표,DS-2/DS-3,DONE,"cross-check completed for ['매출액', '영업이익']",,2026-07-07T23:40:20
LG헬로비전,00222532,037560,KOSPI,분기x별도,지표,CV-6,PASS,default metric selection visible,,2026-07-07T23:40:20
LG화학,00356361,051910,KOSPI,연간x연결,재무제표,DS-1,PASS,,,2026-07-07T23:40:34
LG화학,00356361,051910,KOSPI,연간x연결,상단,DS-8,PASS,,,2026-07-07T23:40:34
LG화학,00356361,051910,KOSPI,연간x연결,상단,DS-7,PASS,"badges seen: ['✅', '🔎', '⚠']",,2026-07-07T23:40:34
LG화학,00356361,051910,KOSPI,연간x연결,재무제표,CV-3,PASS,rows=29 cols=24 slider_extended=True,,2026-07-07T23:40:34
LG화학,00356361,051910,KOSPI,연간x연결,재무제표,DS-2/DS-3,DONE,"cross-check completed for ['매출액', '영업이익']",,2026-07-07T23:40:34
LG화학,00356361,051910,KOSPI,연간x연결,지표,CV-6,PASS,default metric selection visible,,2026-07-07T23:40:34
LG화학,00356361,051910,KOSPI,연간x별도,재무제표,DS-1,PASS,,,2026-07-07T23:40:39
LG화학,00356361,051910,KOSPI,연간x별도,상단,DS-8,PASS,,,2026-07-07T23:40:39
LG화학,00356361,051910,KOSPI,연간x별도,상단,DS-7,PASS,"badges seen: ['✅', '🔎']",,2026-07-07T23:40:39
LG화학,00356361,051910,KOSPI,연간x별도,재무제표,CV-3,PASS,rows=29 cols=25 slider_extended=True,,2026-07-07T23:40:39
LG화학,00356361,051910,KOSPI,연간x별도,재무제표,DS-2/DS-3,DONE,"cross-check completed for ['매출액', '영업이익']",,2026-07-07T23:40:39
LG화학,00356361,051910,KOSPI,연간x별도,지표,CV-6,PASS,default metric selection visible,,2026-07-07T23:40:39
LG화학,00356361,051910,KOSPI,분기x연결,재무제표,DS-1,PASS,,,2026-07-07T23:40:45
LG화학,00356361,051910,KOSPI,분기x연결,상단,DS-8,PASS,,,2026-07-07T23:40:45
LG화학,00356361,051910,KOSPI,분기x연결,상단,DS-7,PASS,"badges seen: ['✅', '🔎']",,2026-07-07T23:40:45
LG화학,00356361,051910,KOSPI,분기x연결,재무제표,CV-3,PASS,rows=29 cols=82 slider_extended=True,,2026-07-07T23:40:45
LG화학,00356361,051910,KOSPI,분기x연결,재무제표,DS-2/DS-3,DONE,"cross-check completed for ['매출액', '영업이익']",,2026-07-07T23:40:45
LG화학,00356361,051910,KOSPI,분기x연결,지표,CV-6,PASS,default metric selection visible,,2026-07-07T23:40:45
LG화학,00356361,051910,KOSPI,분기x별도,재무제표,DS-1,PASS,,,2026-07-07T23:40:53
LG화학,00356361,051910,KOSPI,분기x별도,상단,DS-8,PASS,,,2026-07-07T23:40:53
LG화학,00356361,051910,KOSPI,분기x별도,상단,DS-7,PASS,"badges seen: ['✅', '🔎', '⚠']",,2026-07-07T23:40:53
LG화학,00356361,051910,KOSPI,분기x별도,재무제표,CV-3,PASS,rows=29 cols=84 slider_extended=True,,2026-07-07T23:40:53
LG화학,00356361,051910,KOSPI,분기x별도,재무제표,DS-2/DS-3,DONE,"cross-check completed for ['매출액', '영업이익']",,2026-07-07T23:40:53
LG화학,00356361,051910,KOSPI,분기x별도,지표,CV-6,PASS,default metric selection visible,,2026-07-07T23:40:53
LIG디펜스앤에어로스페이스,00503668,079550,KOSPI,연간x연결,재무제표,DS-1,PASS,,,2026-07-07T23:41:04
LIG디펜스앤에어로스페이스,00503668,079550,KOSPI,연간x연결,상단,DS-8,PASS,,,2026-07-07T23:41:04
LIG디펜스앤에어로스페이스,00503668,079550,KOSPI,연간x연결,상단,DS-7,PASS,"badges seen: ['✅', '🔎', '⚠']",,2026-07-07T23:41:04
LIG디펜스앤에어로스페이스,00503668,079550,KOSPI,연간x연결,재무제표,CV-3,PASS,rows=29 cols=15 slider_extended=True,,2026-07-07T23:41:04
LIG디펜스앤에어로스페이스,00503668,079550,KOSPI,연간x연결,재무제표,DS-2/DS-3,DONE,"cross-check completed for ['매출액', '영업이익']",,2026-07-07T23:41:04
LIG디펜스앤에어로스페이스,00503668,079550,KOSPI,연간x연결,지표,CV-6,PASS,default metric selection visible,,2026-07-07T23:41:04
LIG디펜스앤에어로스페이스,00503668,079550,KOSPI,연간x별도,재무제표,DS-1,PASS,,,2026-07-07T23:41:09
LIG디펜스앤에어로스페이스,00503668,079550,KOSPI,연간x별도,상단,DS-8,PASS,,,2026-07-07T23:41:09
LIG디펜스앤에어로스페이스,00503668,079550,KOSPI,연간x별도,상단,DS-7,PASS,"badges seen: ['✅', '🔎', '⚠']",,2026-07-07T23:41:09
LIG디펜스앤에어로스페이스,00503668,079550,KOSPI,연간x별도,재무제표,CV-3,PASS,rows=29 cols=15 slider_extended=True,,2026-07-07T23:41:09
LIG디펜스앤에어로스페이스,00503668,079550,KOSPI,연간x별도,재무제표,DS-2/DS-3,DONE,"cross-check completed for ['매출액', '영업이익']",,2026-07-07T23:41:09
LIG디펜스앤에어로스페이스,00503668,079550,KOSPI,연간x별도,지표,CV-6,PASS,default metric selection visible,,2026-07-07T23:41:09
LIG디펜스앤에어로스페이스,00503668,079550,KOSPI,분기x연결,재무제표,DS-1,PASS,,,2026-07-07T23:41:15
LIG디펜스앤에어로스페이스,00503668,079550,KOSPI,분기x연결,상단,DS-8,PASS,,,2026-07-07T23:41:15
LIG디펜스앤에어로스페이스,00503668,079550,KOSPI,분기x연결,상단,DS-7,PASS,"badges seen: ['✅', '🔎']",,2026-07-07T23:41:15
LIG디펜스앤에어로스페이스,00503668,079550,KOSPI,분기x연결,재무제표,CV-3,PASS,rows=29 cols=50 slider_extended=True,,2026-07-07T23:41:15
LIG디펜스앤에어로스페이스,00503668,079550,KOSPI,분기x연결,재무제표,DS-2/DS-3,DONE,"cross-check completed for ['매출액', '영업이익']",,2026-07-07T23:41:15
LIG디펜스앤에어로스페이스,00503668,079550,KOSPI,분기x연결,지표,CV-6,PASS,default metric selection visible,,2026-07-07T23:41:15
LIG디펜스앤에어로스페이스,00503668,079550,KOSPI,분기x별도,재무제표,DS-1,PASS,,,2026-07-07T23:41:23
LIG디펜스앤에어로스페이스,00503668,079550,KOSPI,분기x별도,상단,DS-8,PASS,,,2026-07-07T23:41:23
LIG디펜스앤에어로스페이스,00503668,079550,KOSPI,분기x별도,상단,DS-7,PASS,"badges seen: ['✅', '🔎']",,2026-07-07T23:41:23
LIG디펜스앤에어로스페이스,00503668,079550,KOSPI,분기x별도,재무제표,CV-3,PASS,rows=29 cols=51 slider_extended=True,,2026-07-07T23:41:23
LIG디펜스앤에어로스페이스,00503668,079550,KOSPI,분기x별도,재무제표,DS-2/DS-3,DONE,"cross-check completed for ['매출액', '영업이익']",,2026-07-07T23:41:23
LIG디펜스앤에어로스페이스,00503668,079550,KOSPI,분기x별도,지표,CV-6,PASS,default metric selection visible,,2026-07-07T23:41:23
LS,00105952,006260,KOSPI,연간x연결,재무제표,DS-1,PASS,,,2026-07-07T23:41:37
LS,00105952,006260,KOSPI,연간x연결,상단,DS-8,PASS,,,2026-07-07T23:41:37
LS,00105952,006260,KOSPI,연간x연결,상단,DS-7,PASS,"badges seen: ['✅', '🔎', '⚠']",,2026-07-07T23:41:37
LS,00105952,006260,KOSPI,연간x연결,재무제표,CV-3,PASS,rows=29 cols=22 slider_extended=True,,2026-07-07T23:41:37
LS,00105952,006260,KOSPI,연간x연결,재무제표,DS-2/DS-3,DONE,"cross-check completed for ['매출액', '영업이익']",,2026-07-07T23:41:37
LS,00105952,006260,KOSPI,연간x연결,지표,CV-6,PASS,default metric selection visible,,2026-07-07T23:41:37
LS,00105952,006260,KOSPI,연간x별도,재무제표,DS-1,PASS,,,2026-07-07T23:41:42
LS,00105952,006260,KOSPI,연간x별도,상단,DS-8,PASS,,,2026-07-07T23:41:42
LS,00105952,006260,KOSPI,연간x별도,상단,DS-7,PASS,"badges seen: ['✅', '🔎', '⚠']",,2026-07-07T23:41:42
LS,00105952,006260,KOSPI,연간x별도,재무제표,CV-3,PASS,rows=29 cols=24 slider_extended=True,,2026-07-07T23:41:42
LS,00105952,006260,KOSPI,연간x별도,재무제표,DS-2/DS-3,DONE,"cross-check completed for ['매출액', '영업이익']",,2026-07-07T23:41:42
LS,00105952,006260,KOSPI,연간x별도,지표,CV-6,PASS,default metric selection visible,,2026-07-07T23:41:42
LS,00105952,006260,KOSPI,분기x연결,재무제표,DS-1,PASS,,,2026-07-07T23:41:48
LS,00105952,006260,KOSPI,분기x연결,상단,DS-8,PASS,,,2026-07-07T23:41:48
LS,00105952,006260,KOSPI,분기x연결,상단,DS-7,PASS,"badges seen: ['✅', '🔎', '⚠']",,2026-07-07T23:41:48
LS,00105952,006260,KOSPI,분기x연결,재무제표,CV-3,PASS,rows=29 cols=73 slider_extended=True,,2026-07-07T23:41:48
LS,00105952,006260,KOSPI,분기x연결,재무제표,DS-2/DS-3,DONE,"cross-check completed for ['매출액', '영업이익']",,2026-07-07T23:41:48
LS,00105952,006260,KOSPI,분기x연결,지표,CV-6,PASS,default metric selection visible,,2026-07-07T23:41:48
LS,00105952,006260,KOSPI,분기x별도,재무제표,DS-1,PASS,,,2026-07-07T23:41:56
LS,00105952,006260,KOSPI,분기x별도,상단,DS-8,PASS,,,2026-07-07T23:41:56
LS,00105952,006260,KOSPI,분기x별도,상단,DS-7,PASS,"badges seen: ['✅', '🔎', '⚠']",,2026-07-07T23:41:56
LS,00105952,006260,KOSPI,분기x별도,재무제표,CV-3,PASS,rows=29 cols=80 slider_extended=True,,2026-07-07T23:41:56
LS,00105952,006260,KOSPI,분기x별도,재무제표,DS-2/DS-3,DONE,"cross-check completed for ['매출액', '영업이익']",,2026-07-07T23:41:56
LS,00105952,006260,KOSPI,분기x별도,지표,CV-6,PASS,default metric selection visible,,2026-07-07T23:41:56
LS네트웍스,00104698,000680,KOSPI,연간x연결,재무제표,DS-1,PASS,,,2026-07-07T23:42:07
LS네트웍스,00104698,000680,KOSPI,연간x연결,상단,DS-8,PASS,,,2026-07-07T23:42:07
LS네트웍스,00104698,000680,KOSPI,연간x연결,상단,DS-7,PASS,"badges seen: ['✅', '🔎', '⚠']",,2026-07-07T23:42:07
LS네트웍스,00104698,000680,KOSPI,연간x연결,재무제표,CV-3,PASS,rows=29 cols=19 slider_extended=True,,2026-07-07T23:42:07
LS네트웍스,00104698,000680,KOSPI,연간x연결,재무제표,DS-2/DS-3,DONE,"cross-check completed for ['매출액', '영업이익']",,2026-07-07T23:42:07
LS네트웍스,00104698,000680,KOSPI,연간x연결,지표,CV-6,PASS,default metric selection visible,,2026-07-07T23:42:07
LS네트웍스,00104698,000680,KOSPI,연간x별도,재무제표,DS-1,PASS,,,2026-07-07T23:42:12
LS네트웍스,00104698,000680,KOSPI,연간x별도,상단,DS-8,PASS,,,2026-07-07T23:42:12
LS네트웍스,00104698,000680,KOSPI,연간x별도,상단,DS-7,PASS,"badges seen: ['✅', '🔎']",,2026-07-07T23:42:12
LS네트웍스,00104698,000680,KOSPI,연간x별도,재무제표,CV-3,PASS,rows=29 cols=27 slider_extended=True,,2026-07-07T23:42:12
LS네트웍스,00104698,000680,KOSPI,연간x별도,재무제표,DS-2/DS-3,DONE,"cross-check completed for ['매출액', '영업이익']",,2026-07-07T23:42:12
LS네트웍스,00104698,000680,KOSPI,연간x별도,지표,CV-6,PASS,default metric selection visible,,2026-07-07T23:42:12
LS네트웍스,00104698,000680,KOSPI,분기x연결,재무제표,DS-1,PASS,,,2026-07-07T23:42:18
LS네트웍스,00104698,000680,KOSPI,분기x연결,상단,DS-8,PASS,,,2026-07-07T23:42:18
LS네트웍스,00104698,000680,KOSPI,분기x연결,상단,DS-7,PASS,"badges seen: ['✅', '🔎']",,2026-07-07T23:42:18
LS네트웍스,00104698,000680,KOSPI,분기x연결,재무제표,CV-3,PASS,rows=29 cols=60 slider_extended=True,,2026-07-07T23:42:18
LS네트웍스,00104698,000680,KOSPI,분기x연결,재무제표,DS-2/DS-3,DONE,"cross-check completed for ['매출액', '영업이익']",,2026-07-07T23:42:18
LS네트웍스,00104698,000680,KOSPI,분기x연결,지표,CV-6,PASS,default metric selection visible,,2026-07-07T23:42:18
LS네트웍스,00104698,000680,KOSPI,분기x별도,재무제표,DS-1,PASS,,,2026-07-07T23:42:26
LS네트웍스,00104698,000680,KOSPI,분기x별도,상단,DS-8,PASS,,,2026-07-07T23:42:26
LS네트웍스,00104698,000680,KOSPI,분기x별도,상단,DS-7,PASS,"badges seen: ['✅', '🔎']",,2026-07-07T23:42:26
LS네트웍스,00104698,000680,KOSPI,분기x별도,재무제표,CV-3,PASS,rows=29 cols=82 slider_extended=True,,2026-07-07T23:42:26
LS네트웍스,00104698,000680,KOSPI,분기x별도,재무제표,DS-2/DS-3,DONE,"cross-check completed for ['매출액', '영업이익']",,2026-07-07T23:42:26
LS네트웍스,00104698,000680,KOSPI,분기x별도,지표,CV-6,PASS,default metric selection visible,,2026-07-07T23:42:26
LX세미콘,00525934,108320,KOSPI,연간x연결,재무제표,DS-1,PASS,,,2026-07-07T23:42:40
LX세미콘,00525934,108320,KOSPI,연간x연결,상단,DS-8,PASS,,,2026-07-07T23:42:40
LX세미콘,00525934,108320,KOSPI,연간x연결,상단,DS-7,PASS,"badges seen: ['✅', '🔎', '⚠']",,2026-07-07T23:42:40
LX세미콘,00525934,108320,KOSPI,연간x연결,재무제표,CV-3,PASS,rows=29 cols=19 slider_extended=True,,2026-07-07T23:42:40
LX세미콘,00525934,108320,KOSPI,연간x연결,재무제표,DS-2/DS-3,DONE,"cross-check completed for ['매출액', '영업이익']",,2026-07-07T23:42:40
LX세미콘,00525934,108320,KOSPI,연간x연결,지표,CV-6,PASS,default metric selection visible,,2026-07-07T23:42:40
LX세미콘,00525934,108320,KOSPI,연간x별도,재무제표,DS-1,PASS,,,2026-07-07T23:42:45
LX세미콘,00525934,108320,KOSPI,연간x별도,상단,DS-8,PASS,,,2026-07-07T23:42:45
LX세미콘,00525934,108320,KOSPI,연간x별도,상단,DS-7,PASS,"badges seen: ['✅', '🔎', '⚠']",,2026-07-07T23:42:45
LX세미콘,00525934,108320,KOSPI,연간x별도,재무제표,CV-3,PASS,rows=29 cols=20 slider_extended=True,,2026-07-07T23:42:45
LX세미콘,00525934,108320,KOSPI,연간x별도,재무제표,DS-2/DS-3,DONE,"cross-check completed for ['매출액', '영업이익']",,2026-07-07T23:42:45
LX세미콘,00525934,108320,KOSPI,연간x별도,지표,CV-6,PASS,default metric selection visible,,2026-07-07T23:42:45
LX세미콘,00525934,108320,KOSPI,분기x연결,재무제표,DS-1,PASS,,,2026-07-07T23:42:51
LX세미콘,00525934,108320,KOSPI,분기x연결,상단,DS-8,PASS,,,2026-07-07T23:42:51
LX세미콘,00525934,108320,KOSPI,분기x연결,상단,DS-7,PASS,"badges seen: ['✅', '🔎']",,2026-07-07T23:42:51
LX세미콘,00525934,108320,KOSPI,분기x연결,재무제표,CV-3,PASS,rows=29 cols=60 slider_extended=True,,2026-07-07T23:42:51
LX세미콘,00525934,108320,KOSPI,분기x연결,재무제표,DS-2/DS-3,DONE,"cross-check completed for ['매출액', '영업이익']",,2026-07-07T23:42:51
LX세미콘,00525934,108320,KOSPI,분기x연결,지표,CV-6,PASS,default metric selection visible,,2026-07-07T23:42:51
LX세미콘,00525934,108320,KOSPI,분기x별도,재무제표,DS-1,PASS,,,2026-07-07T23:42:58
LX세미콘,00525934,108320,KOSPI,분기x별도,상단,DS-8,PASS,,,2026-07-07T23:42:58
LX세미콘,00525934,108320,KOSPI,분기x별도,상단,DS-7,PASS,"badges seen: ['✅', '🔎']",,2026-07-07T23:42:58
LX세미콘,00525934,108320,KOSPI,분기x별도,재무제표,CV-3,PASS,rows=29 cols=67 slider_extended=True,,2026-07-07T23:42:58
LX세미콘,00525934,108320,KOSPI,분기x별도,재무제표,DS-2/DS-3,DONE,"cross-check completed for ['매출액', '영업이익']",,2026-07-07T23:42:58
LX세미콘,00525934,108320,KOSPI,분기x별도,지표,CV-6,PASS,default metric selection visible,,2026-07-07T23:42:58
LX인터내셔널,00120076,001120,KOSPI,연간x연결,재무제표,DS-1,PASS,,,2026-07-07T23:43:09
LX인터내셔널,00120076,001120,KOSPI,연간x연결,상단,DS-8,PASS,,,2026-07-07T23:43:09
LX인터내셔널,00120076,001120,KOSPI,연간x연결,상단,DS-7,PASS,"badges seen: ['✅', '🔎', '⚠']",,2026-07-07T23:43:09
LX인터내셔널,00120076,001120,KOSPI,연간x연결,재무제표,CV-3,PASS,rows=29 cols=19 slider_extended=True,,2026-07-07T23:43:09
LX인터내셔널,00120076,001120,KOSPI,연간x연결,재무제표,DS-2/DS-3,DONE,"cross-check completed for ['매출액', '영업이익']",,2026-07-07T23:43:09
LX인터내셔널,00120076,001120,KOSPI,연간x연결,지표,CV-6,PASS,default metric selection visible,,2026-07-07T23:43:09
LX인터내셔널,00120076,001120,KOSPI,연간x별도,재무제표,DS-1,PASS,,,2026-07-07T23:43:15
LX인터내셔널,00120076,001120,KOSPI,연간x별도,상단,DS-8,PASS,,,2026-07-07T23:43:15
LX인터내셔널,00120076,001120,KOSPI,연간x별도,상단,DS-7,PASS,"badges seen: ['✅', '🔎', '⚠']",,2026-07-07T23:43:15
LX인터내셔널,00120076,001120,KOSPI,연간x별도,재무제표,CV-3,PASS,rows=29 cols=23 slider_extended=True,,2026-07-07T23:43:15
LX인터내셔널,00120076,001120,KOSPI,연간x별도,재무제표,DS-2/DS-3,DONE,"cross-check completed for ['매출액', '영업이익']",,2026-07-07T23:43:15
LX인터내셔널,00120076,001120,KOSPI,연간x별도,지표,CV-6,PASS,default metric selection visible,,2026-07-07T23:43:15
LX인터내셔널,00120076,001120,KOSPI,분기x연결,재무제표,DS-1,PASS,,,2026-07-07T23:43:21
LX인터내셔널,00120076,001120,KOSPI,분기x연결,상단,DS-8,PASS,,,2026-07-07T23:43:21
LX인터내셔널,00120076,001120,KOSPI,분기x연결,상단,DS-7,PASS,"badges seen: ['✅', '🔎']",,2026-07-07T23:43:21
LX인터내셔널,00120076,001120,KOSPI,분기x연결,재무제표,CV-3,PASS,rows=29 cols=68 slider_extended=True,,2026-07-07T23:43:21
LX인터내셔널,00120076,001120,KOSPI,분기x연결,재무제표,DS-2/DS-3,DONE,"cross-check completed for ['매출액', '영업이익']",,2026-07-07T23:43:21
LX인터내셔널,00120076,001120,KOSPI,분기x연결,지표,CV-6,PASS,default metric selection visible,,2026-07-07T23:43:21
LX인터내셔널,00120076,001120,KOSPI,분기x별도,재무제표,DS-1,PASS,,,2026-07-07T23:43:28
LX인터내셔널,00120076,001120,KOSPI,분기x별도,상단,DS-8,PASS,,,2026-07-07T23:43:28
LX인터내셔널,00120076,001120,KOSPI,분기x별도,상단,DS-7,PASS,"badges seen: ['✅', '🔎']",,2026-07-07T23:43:28
LX인터내셔널,00120076,001120,KOSPI,분기x별도,재무제표,CV-3,PASS,rows=29 cols=78 slider_extended=True,,2026-07-07T23:43:28
LX인터내셔널,00120076,001120,KOSPI,분기x별도,재무제표,DS-2/DS-3,DONE,"cross-check completed for ['매출액', '영업이익']",,2026-07-07T23:43:28
LX인터내셔널,00120076,001120,KOSPI,분기x별도,지표,CV-6,PASS,default metric selection visible,,2026-07-07T23:43:28
LX하우시스,00759513,108670,KOSPI,연간x연결,재무제표,DS-1,PASS,,,2026-07-07T23:43:42
LX하우시스,00759513,108670,KOSPI,연간x연결,상단,DS-8,PASS,,,2026-07-07T23:43:42
LX하우시스,00759513,108670,KOSPI,연간x연결,상단,DS-7,PASS,"badges seen: ['✅', '🔎', '⚠']",,2026-07-07T23:43:42
LX하우시스,00759513,108670,KOSPI,연간x연결,재무제표,CV-3,PASS,rows=29 cols=20 slider_extended=True,,2026-07-07T23:43:42
LX하우시스,00759513,108670,KOSPI,연간x연결,재무제표,DS-2/DS-3,DONE,"cross-check completed for ['매출액', '영업이익']",,2026-07-07T23:43:42
LX하우시스,00759513,108670,KOSPI,연간x연결,지표,CV-6,PASS,default metric selection visible,,2026-07-07T23:43:42
LX하우시스,00759513,108670,KOSPI,연간x별도,재무제표,DS-1,PASS,,,2026-07-07T23:43:47
LX하우시스,00759513,108670,KOSPI,연간x별도,상단,DS-8,PASS,,,2026-07-07T23:43:47
LX하우시스,00759513,108670,KOSPI,연간x별도,상단,DS-7,PASS,"badges seen: ['✅', '🔎']",,2026-07-07T23:43:47
LX하우시스,00759513,108670,KOSPI,연간x별도,재무제표,CV-3,PASS,rows=29 cols=19 slider_extended=True,,2026-07-07T23:43:47
LX하우시스,00759513,108670,KOSPI,연간x별도,재무제표,DS-2/DS-3,DONE,"cross-check completed for ['매출액', '영업이익']",,2026-07-07T23:43:47
LX하우시스,00759513,108670,KOSPI,연간x별도,지표,CV-6,PASS,default metric selection visible,,2026-07-07T23:43:47
LX하우시스,00759513,108670,KOSPI,분기x연결,재무제표,DS-1,PASS,,,2026-07-07T23:43:54
LX하우시스,00759513,108670,KOSPI,분기x연결,상단,DS-8,PASS,,,2026-07-07T23:43:54
LX하우시스,00759513,108670,KOSPI,분기x연결,상단,DS-7,PASS,"badges seen: ['✅', '🔎']",,2026-07-07T23:43:54
LX하우시스,00759513,108670,KOSPI,분기x연결,재무제표,CV-3,PASS,rows=29 cols=64 slider_extended=True,,2026-07-07T23:43:54
LX하우시스,00759513,108670,KOSPI,분기x연결,재무제표,DS-2/DS-3,DONE,"cross-check completed for ['매출액', '영업이익']",,2026-07-07T23:43:54
LX하우시스,00759513,108670,KOSPI,분기x연결,지표,CV-6,PASS,default metric selection visible,,2026-07-07T23:43:54
LX하우시스,00759513,108670,KOSPI,분기x별도,재무제표,DS-1,PASS,,,2026-07-07T23:44:01
LX하우시스,00759513,108670,KOSPI,분기x별도,상단,DS-8,PASS,,,2026-07-07T23:44:01
LX하우시스,00759513,108670,KOSPI,분기x별도,상단,DS-7,PASS,"badges seen: ['✅', '🔎']",,2026-07-07T23:44:01
LX하우시스,00759513,108670,KOSPI,분기x별도,재무제표,CV-3,PASS,rows=29 cols=66 slider_extended=True,,2026-07-07T23:44:01
LX하우시스,00759513,108670,KOSPI,분기x별도,재무제표,DS-2/DS-3,DONE,"cross-check completed for ['매출액', '영업이익']",,2026-07-07T23:44:01
LX하우시스,00759513,108670,KOSPI,분기x별도,지표,CV-6,PASS,default metric selection visible,,2026-07-07T23:44:01
LX홀딩스,01562589,383800,KOSPI,연간x연결,재무제표,DS-1,PASS,,,2026-07-07T23:44:12
LX홀딩스,01562589,383800,KOSPI,연간x연결,상단,DS-8,PASS,,,2026-07-07T23:44:12
LX홀딩스,01562589,383800,KOSPI,연간x연결,상단,DS-7,PASS,"badges seen: ['✅', '🔎', '⚠']",,2026-07-07T23:44:12
LX홀딩스,01562589,383800,KOSPI,연간x연결,재무제표,CV-3,PASS,rows=29 cols=7 slider_extended=True,,2026-07-07T23:44:12
LX홀딩스,01562589,383800,KOSPI,연간x연결,재무제표,DS-2/DS-3,DONE,"cross-check completed for ['매출액', '영업이익']",,2026-07-07T23:44:12
LX홀딩스,01562589,383800,KOSPI,연간x연결,지표,CV-6,PASS,default metric selection visible,,2026-07-07T23:44:12
LX홀딩스,01562589,383800,KOSPI,연간x별도,재무제표,DS-1,PASS,,,2026-07-07T23:44:18
LX홀딩스,01562589,383800,KOSPI,연간x별도,상단,DS-8,PASS,,,2026-07-07T23:44:18
LX홀딩스,01562589,383800,KOSPI,연간x별도,상단,DS-7,PASS,"badges seen: ['✅', '🔎', '⚠']",,2026-07-07T23:44:18
LX홀딩스,01562589,383800,KOSPI,연간x별도,재무제표,CV-3,PASS,rows=29 cols=7 slider_extended=True,,2026-07-07T23:44:18
LX홀딩스,01562589,383800,KOSPI,연간x별도,재무제표,DS-2/DS-3,DONE,"cross-check completed for ['매출액', '영업이익']",,2026-07-07T23:44:18
LX홀딩스,01562589,383800,KOSPI,연간x별도,지표,CV-6,PASS,default metric selection visible,,2026-07-07T23:44:18
LX홀딩스,01562589,383800,KOSPI,분기x연결,재무제표,DS-1,PASS,,,2026-07-07T23:44:24
LX홀딩스,01562589,383800,KOSPI,분기x연결,상단,DS-8,PASS,,,2026-07-07T23:44:24
LX홀딩스,01562589,383800,KOSPI,분기x연결,상단,DS-7,PASS,"badges seen: ['✅', '🔎', '⚠']",,2026-07-07T23:44:24
LX홀딩스,01562589,383800,KOSPI,분기x연결,재무제표,CV-3,PASS,rows=29 cols=19 slider_extended=True,,2026-07-07T23:44:24
LX홀딩스,01562589,383800,KOSPI,분기x연결,재무제표,DS-2/DS-3,DONE,"cross-check completed for ['매출액', '영업이익']",,2026-07-07T23:44:24
LX홀딩스,01562589,383800,KOSPI,분기x연결,지표,CV-6,PASS,default metric selection visible,,2026-07-07T23:44:24
LX홀딩스,01562589,383800,KOSPI,분기x별도,재무제표,DS-1,PASS,,,2026-07-07T23:44:31
LX홀딩스,01562589,383800,KOSPI,분기x별도,상단,DS-8,PASS,,,2026-07-07T23:44:31
LX홀딩스,01562589,383800,KOSPI,분기x별도,상단,DS-7,PASS,"badges seen: ['✅', '🔎', '⚠']",,2026-07-07T23:44:31
LX홀딩스,01562589,383800,KOSPI,분기x별도,재무제표,CV-3,PASS,rows=29 cols=23 slider_extended=True,,2026-07-07T23:44:31
LX홀딩스,01562589,383800,KOSPI,분기x별도,재무제표,DS-2/DS-3,DONE,"cross-check completed for ['매출액', '영업이익']",,2026-07-07T23:44:31
LX홀딩스,01562589,383800,KOSPI,분기x별도,지표,CV-6,PASS,default metric selection visible,,2026-07-07T23:44:31
MH에탄올,00121534,023150,KOSPI,연간x연결,재무제표,DS-1,PASS,,,2026-07-07T23:44:45
MH에탄올,00121534,023150,KOSPI,연간x연결,상단,DS-8,PASS,,,2026-07-07T23:44:45
MH에탄올,00121534,023150,KOSPI,연간x연결,상단,DS-7,PASS,"badges seen: ['✅', '🔎', '⚠']",,2026-07-07T23:44:45
MH에탄올,00121534,023150,KOSPI,연간x연결,재무제표,CV-3,PASS,rows=29 cols=19 slider_extended=True,,2026-07-07T23:44:45
MH에탄올,00121534,023150,KOSPI,연간x연결,재무제표,DS-2/DS-3,DONE,"cross-check completed for ['매출액', '영업이익']",,2026-07-07T23:44:45
MH에탄올,00121534,023150,KOSPI,연간x연결,지표,CV-6,PASS,default metric selection visible,,2026-07-07T23:44:45
MH에탄올,00121534,023150,KOSPI,연간x별도,재무제표,DS-1,PASS,,,2026-07-07T23:44:50
MH에탄올,00121534,023150,KOSPI,연간x별도,상단,DS-8,PASS,,,2026-07-07T23:44:50
MH에탄올,00121534,023150,KOSPI,연간x별도,상단,DS-7,PASS,"badges seen: ['✅', '🔎', '⚠']",,2026-07-07T23:44:50
MH에탄올,00121534,023150,KOSPI,연간x별도,재무제표,CV-3,PASS,rows=29 cols=26 slider_extended=True,,2026-07-07T23:44:50
MH에탄올,00121534,023150,KOSPI,연간x별도,재무제표,DS-2/DS-3,DONE,"cross-check completed for ['매출액', '영업이익']",,2026-07-07T23:44:50
MH에탄올,00121534,023150,KOSPI,연간x별도,지표,CV-6,PASS,default metric selection visible,,2026-07-07T23:44:50
MH에탄올,00121534,023150,KOSPI,분기x연결,재무제표,DS-1,PASS,,,2026-07-07T23:44:56
MH에탄올,00121534,023150,KOSPI,분기x연결,상단,DS-8,PASS,,,2026-07-07T23:44:56
MH에탄올,00121534,023150,KOSPI,분기x연결,상단,DS-7,PASS,"badges seen: ['✅', '🔎']",,2026-07-07T23:44:56
MH에탄올,00121534,023150,KOSPI,분기x연결,재무제표,CV-3,PASS,rows=29 cols=60 slider_extended=True,,2026-07-07T23:44:56
MH에탄올,00121534,023150,KOSPI,분기x연결,재무제표,DS-2/DS-3,DONE,"cross-check completed for ['매출액', '영업이익']",,2026-07-07T23:44:56
MH에탄올,00121534,023150,KOSPI,분기x연결,지표,CV-6,PASS,default metric selection visible,,2026-07-07T23:44:56
MH에탄올,00121534,023150,KOSPI,분기x별도,재무제표,DS-1,PASS,,,2026-07-07T23:45:04
MH에탄올,00121534,023150,KOSPI,분기x별도,상단,DS-8,PASS,,,2026-07-07T23:45:04
MH에탄올,00121534,023150,KOSPI,분기x별도,상단,DS-7,PASS,"badges seen: ['✅', '🔎']",,2026-07-07T23:45:04
MH에탄올,00121534,023150,KOSPI,분기x별도,재무제표,CV-3,PASS,rows=29 cols=82 slider_extended=True,,2026-07-07T23:45:04
MH에탄올,00121534,023150,KOSPI,분기x별도,재무제표,DS-2/DS-3,DONE,"cross-check completed for ['매출액', '영업이익']",,2026-07-07T23:45:04
MH에탄올,00121534,023150,KOSPI,분기x별도,지표,CV-6,PASS,default metric selection visible,,2026-07-07T23:45:04
NAVER,00266961,035420,KOSPI,연간x연결,재무제표,DS-1,PASS,,,2026-07-07T23:45:15
NAVER,00266961,035420,KOSPI,연간x연결,상단,DS-8,PASS,,,2026-07-07T23:45:15
NAVER,00266961,035420,KOSPI,연간x연결,상단,DS-7,PASS,"badges seen: ['✅', '🔎', '⚠']",,2026-07-07T23:45:15
NAVER,00266961,035420,KOSPI,연간x연결,재무제표,CV-3,PASS,rows=29 cols=19 slider_extended=True,,2026-07-07T23:45:15
NAVER,00266961,035420,KOSPI,연간x연결,재무제표,DS-2/DS-3,DONE,"cross-check completed for ['매출액', '영업이익']",,2026-07-07T23:45:15
NAVER,00266961,035420,KOSPI,연간x연결,지표,CV-6,PASS,default metric selection visible,,2026-07-07T23:45:15
NAVER,00266961,035420,KOSPI,연간x별도,재무제표,DS-1,PASS,,,2026-07-07T23:45:20
NAVER,00266961,035420,KOSPI,연간x별도,상단,DS-8,PASS,,,2026-07-07T23:45:20
NAVER,00266961,035420,KOSPI,연간x별도,상단,DS-7,PASS,"badges seen: ['✅', '🔎']",,2026-07-07T23:45:20
NAVER,00266961,035420,KOSPI,연간x별도,재무제표,CV-3,PASS,rows=29 cols=25 slider_extended=True,,2026-07-07T23:45:20
NAVER,00266961,035420,KOSPI,연간x별도,재무제표,DS-2/DS-3,DONE,"cross-check completed for ['매출액', '영업이익']",,2026-07-07T23:45:20
NAVER,00266961,035420,KOSPI,연간x별도,지표,CV-6,PASS,default metric selection visible,,2026-07-07T23:45:20
NAVER,00266961,035420,KOSPI,분기x연결,재무제표,DS-1,PASS,,,2026-07-07T23:45:26
NAVER,00266961,035420,KOSPI,분기x연결,상단,DS-8,PASS,,,2026-07-07T23:45:26
NAVER,00266961,035420,KOSPI,분기x연결,상단,DS-7,PASS,"badges seen: ['✅', '🔎', '⚠']",,2026-07-07T23:45:26
NAVER,00266961,035420,KOSPI,분기x연결,재무제표,CV-3,PASS,rows=29 cols=63 slider_extended=True,,2026-07-07T23:45:26
NAVER,00266961,035420,KOSPI,분기x연결,재무제표,DS-2/DS-3,DONE,"cross-check completed for ['매출액', '영업이익']",,2026-07-07T23:45:26
NAVER,00266961,035420,KOSPI,분기x연결,지표,CV-6,PASS,default metric selection visible,,2026-07-07T23:45:26
NAVER,00266961,035420,KOSPI,분기x별도,재무제표,DS-1,PASS,,,2026-07-07T23:45:34
NAVER,00266961,035420,KOSPI,분기x별도,상단,DS-8,PASS,,,2026-07-07T23:45:34
NAVER,00266961,035420,KOSPI,분기x별도,상단,DS-7,PASS,"badges seen: ['✅', '🔎']",,2026-07-07T23:45:34
NAVER,00266961,035420,KOSPI,분기x별도,재무제표,CV-3,PASS,rows=29 cols=82 slider_extended=True,,2026-07-07T23:45:34
NAVER,00266961,035420,KOSPI,분기x별도,재무제표,DS-2/DS-3,DONE,"cross-check completed for ['매출액', '영업이익']",,2026-07-07T23:45:34
NAVER,00266961,035420,KOSPI,분기x별도,지표,CV-6,PASS,default metric selection visible,,2026-07-07T23:45:34
NC,00261443,036570,KOSPI,연간x연결,재무제표,DS-1,PASS,,,2026-07-07T23:45:48
NC,00261443,036570,KOSPI,연간x연결,상단,DS-8,PASS,,,2026-07-07T23:45:48
NC,00261443,036570,KOSPI,연간x연결,상단,DS-7,PASS,"badges seen: ['✅', '🔎']",,2026-07-07T23:45:48
NC,00261443,036570,KOSPI,연간x연결,재무제표,CV-3,PASS,rows=29 cols=26 slider_extended=True,,2026-07-07T23:45:48
NC,00261443,036570,KOSPI,연간x연결,재무제표,DS-2/DS-3,DONE,"cross-check completed for ['매출액', '영업이익']",,2026-07-07T23:45:48
NC,00261443,036570,KOSPI,연간x연결,지표,CV-6,PASS,default metric selection visible,,2026-07-07T23:45:48
NC,00261443,036570,KOSPI,연간x별도,재무제표,DS-1,PASS,,,2026-07-07T23:45:53
NC,00261443,036570,KOSPI,연간x별도,상단,DS-8,PASS,,,2026-07-07T23:45:53
NC,00261443,036570,KOSPI,연간x별도,상단,DS-7,PASS,"badges seen: ['✅', '🔎']",,2026-07-07T23:45:53
NC,00261443,036570,KOSPI,연간x별도,재무제표,CV-3,PASS,rows=29 cols=24 slider_extended=True,,2026-07-07T23:45:53
NC,00261443,036570,KOSPI,연간x별도,재무제표,DS-2/DS-3,DONE,"cross-check completed for ['매출액', '영업이익']",,2026-07-07T23:45:53
NC,00261443,036570,KOSPI,연간x별도,지표,CV-6,PASS,default metric selection visible,,2026-07-07T23:45:53
NC,00261443,036570,KOSPI,분기x연결,재무제표,DS-1,PASS,,,2026-07-07T23:45:59
NC,00261443,036570,KOSPI,분기x연결,상단,DS-8,PASS,,,2026-07-07T23:45:59
NC,00261443,036570,KOSPI,분기x연결,상단,DS-7,PASS,"badges seen: ['✅', '🔎', '⚠']",,2026-07-07T23:45:59
NC,00261443,036570,KOSPI,분기x연결,재무제표,CV-3,PASS,rows=29 cols=73 slider_extended=True,,2026-07-07T23:45:59
NC,00261443,036570,KOSPI,분기x연결,재무제표,DS-2/DS-3,DONE,"cross-check completed for ['매출액', '영업이익']",,2026-07-07T23:45:59
NC,00261443,036570,KOSPI,분기x연결,지표,CV-6,PASS,default metric selection visible,,2026-07-07T23:45:59
NC,00261443,036570,KOSPI,분기x별도,재무제표,DS-1,PASS,,,2026-07-07T23:46:07
NC,00261443,036570,KOSPI,분기x별도,상단,DS-8,PASS,,,2026-07-07T23:46:07
NC,00261443,036570,KOSPI,분기x별도,상단,DS-7,PASS,"badges seen: ['✅', '🔎']",,2026-07-07T23:46:07
NC,00261443,036570,KOSPI,분기x별도,재무제표,CV-3,PASS,rows=29 cols=84 slider_extended=True,,2026-07-07T23:46:07
NC,00261443,036570,KOSPI,분기x별도,재무제표,DS-2/DS-3,DONE,"cross-check completed for ['매출액', '영업이익']",,2026-07-07T23:46:07
NC,00261443,036570,KOSPI,분기x별도,지표,CV-6,PASS,default metric selection visible,,2026-07-07T23:46:07
NH투자증권,00120182,005940,KOSPI,연간x연결,재무제표,DS-1,PASS,,,2026-07-07T23:46:18
NH투자증권,00120182,005940,KOSPI,연간x연결,상단,DS-8,PASS,,,2026-07-07T23:46:18
NH투자증권,00120182,005940,KOSPI,연간x연결,상단,DS-7,PASS,"badges seen: ['✅', '🔎', '⚠']",,2026-07-07T23:46:18
NH투자증권,00120182,005940,KOSPI,연간x연결,재무제표,CV-3,PASS,rows=29 cols=12 slider_extended=True,,2026-07-07T23:46:18
NH투자증권,00120182,005940,KOSPI,연간x연결,재무제표,DS-2/DS-3,DONE,"cross-check completed for ['매출액', '영업이익']",,2026-07-07T23:46:18
NH투자증권,00120182,005940,KOSPI,연간x연결,지표,CV-6,PASS,default metric selection visible,,2026-07-07T23:46:18
NH투자증권,00120182,005940,KOSPI,연간x별도,재무제표,DS-1,PASS,,,2026-07-07T23:46:23
NH투자증권,00120182,005940,KOSPI,연간x별도,상단,DS-8,PASS,,,2026-07-07T23:46:23
NH투자증권,00120182,005940,KOSPI,연간x별도,상단,DS-7,PASS,"badges seen: ['✅', '🔎', '⚠']",,2026-07-07T23:46:23
NH투자증권,00120182,005940,KOSPI,연간x별도,재무제표,CV-3,PASS,rows=29 cols=25 slider_extended=True,,2026-07-07T23:46:23
NH투자증권,00120182,005940,KOSPI,연간x별도,재무제표,DS-2/DS-3,DONE,"cross-check completed for ['매출액', '영업이익']",,2026-07-07T23:46:23
NH투자증권,00120182,005940,KOSPI,연간x별도,지표,CV-6,PASS,default metric selection visible,,2026-07-07T23:46:23
NH투자증권,00120182,005940,KOSPI,분기x연결,재무제표,DS-1,PASS,,,2026-07-07T23:46:29
NH투자증권,00120182,005940,KOSPI,분기x연결,상단,DS-8,PASS,,,2026-07-07T23:46:29
NH투자증권,00120182,005940,KOSPI,분기x연결,상단,DS-7,PASS,"badges seen: ['✅', '🔎', '⚠']",,2026-07-07T23:46:29
NH투자증권,00120182,005940,KOSPI,분기x연결,재무제표,CV-3,PASS,rows=29 cols=70 slider_extended=True,,2026-07-07T23:46:29
NH투자증권,00120182,005940,KOSPI,분기x연결,재무제표,DS-2/DS-3,DONE,"cross-check completed for ['매출액', '영업이익']",,2026-07-07T23:46:29
NH투자증권,00120182,005940,KOSPI,분기x연결,지표,CV-6,PASS,default metric selection visible,,2026-07-07T23:46:29
NH투자증권,00120182,005940,KOSPI,분기x별도,재무제표,DS-1,PASS,,,2026-07-07T23:46:36
NH투자증권,00120182,005940,KOSPI,분기x별도,상단,DS-8,PASS,,,2026-07-07T23:46:36
NH투자증권,00120182,005940,KOSPI,분기x별도,상단,DS-7,PASS,"badges seen: ['✅', '🔎', '⚠']",,2026-07-07T23:46:36
NH투자증권,00120182,005940,KOSPI,분기x별도,재무제표,CV-3,PASS,rows=29 cols=76 slider_extended=True,,2026-07-07T23:46:36
NH투자증권,00120182,005940,KOSPI,분기x별도,재무제표,DS-2/DS-3,DONE,"cross-check completed for ['매출액', '영업이익']",,2026-07-07T23:46:36
NH투자증권,00120182,005940,KOSPI,분기x별도,지표,CV-6,PASS,default metric selection visible,,2026-07-07T23:46:36
NHN,00983271,181710,KOSPI,연간x연결,재무제표,DS-1,PASS,,,2026-07-07T23:46:50
NHN,00983271,181710,KOSPI,연간x연결,상단,DS-8,PASS,,,2026-07-07T23:46:50
NHN,00983271,181710,KOSPI,연간x연결,상단,DS-7,PASS,"badges seen: ['✅', '🔎', '⚠']",,2026-07-07T23:46:50
NHN,00983271,181710,KOSPI,연간x연결,재무제표,CV-3,PASS,rows=29 cols=15 slider_extended=True,,2026-07-07T23:46:50
NHN,00983271,181710,KOSPI,연간x연결,재무제표,DS-2/DS-3,DONE,"cross-check completed for ['매출액', '영업이익']",,2026-07-07T23:46:50
NHN,00983271,181710,KOSPI,연간x연결,지표,CV-6,PASS,default metric selection visible,,2026-07-07T23:46:50
NHN,00983271,181710,KOSPI,연간x별도,재무제표,DS-1,PASS,,,2026-07-07T23:46:55
NHN,00983271,181710,KOSPI,연간x별도,상단,DS-8,PASS,,,2026-07-07T23:46:55
NHN,00983271,181710,KOSPI,연간x별도,상단,DS-7,PASS,"badges seen: ['✅', '🔎', '⚠']",,2026-07-07T23:46:55
NHN,00983271,181710,KOSPI,연간x별도,재무제표,CV-3,PASS,rows=29 cols=15 slider_extended=True,,2026-07-07T23:46:55
NHN,00983271,181710,KOSPI,연간x별도,재무제표,DS-2/DS-3,DONE,"cross-check completed for ['매출액', '영업이익']",,2026-07-07T23:46:55
NHN,00983271,181710,KOSPI,연간x별도,지표,CV-6,PASS,default metric selection visible,,2026-07-07T23:46:55
NHN,00983271,181710,KOSPI,분기x연결,재무제표,DS-1,PASS,,,2026-07-07T23:47:01
NHN,00983271,181710,KOSPI,분기x연결,상단,DS-8,PASS,,,2026-07-07T23:47:01
NHN,00983271,181710,KOSPI,분기x연결,상단,DS-7,PASS,"badges seen: ['✅', '🔎']",,2026-07-07T23:47:01
NHN,00983271,181710,KOSPI,분기x연결,재무제표,CV-3,PASS,rows=29 cols=54 slider_extended=True,,2026-07-07T23:47:01
NHN,00983271,181710,KOSPI,분기x연결,재무제표,DS-2/DS-3,DONE,"cross-check completed for ['매출액', '영업이익']",,2026-07-07T23:47:01
NHN,00983271,181710,KOSPI,분기x연결,지표,CV-6,PASS,default metric selection visible,,2026-07-07T23:47:01
NHN,00983271,181710,KOSPI,분기x별도,재무제표,DS-1,PASS,,,2026-07-07T23:47:09
NHN,00983271,181710,KOSPI,분기x별도,상단,DS-8,PASS,,,2026-07-07T23:47:09
NHN,00983271,181710,KOSPI,분기x별도,상단,DS-7,PASS,"badges seen: ['✅', '🔎']",,2026-07-07T23:47:09
NHN,00983271,181710,KOSPI,분기x별도,재무제표,CV-3,PASS,rows=29 cols=54 slider_extended=True,,2026-07-07T23:47:09
NHN,00983271,181710,KOSPI,분기x별도,재무제표,DS-2/DS-3,DONE,"cross-check completed for ['매출액', '영업이익']",,2026-07-07T23:47:09
NHN,00983271,181710,KOSPI,분기x별도,지표,CV-6,PASS,default metric selection visible,,2026-07-07T23:47:09
NI스틸,00116301,008260,KOSPI,연간x연결,재무제표,DS-1,PASS,,,2026-07-07T23:47:22
NI스틸,00116301,008260,KOSPI,연간x연결,상단,DS-8,PASS,,,2026-07-07T23:47:22
NI스틸,00116301,008260,KOSPI,연간x연결,상단,DS-4,PASS,substitution caption present,,2026-07-07T23:47:22
NI스틸,00116301,008260,KOSPI,연간x연결,상단,DS-7,PASS,"badges seen: ['✅', '🔎']",,2026-07-07T23:47:22
NI스틸,00116301,008260,KOSPI,연간x연결,재무제표,CV-3,PASS,rows=29 cols=29 slider_extended=True,,2026-07-07T23:47:22
NI스틸,00116301,008260,KOSPI,연간x연결,재무제표,DS-2/DS-3,DONE,"cross-check completed for ['매출액', '영업이익']",,2026-07-07T23:47:22
NI스틸,00116301,008260,KOSPI,연간x연결,지표,CV-6,PASS,default metric selection visible,,2026-07-07T23:47:22
NI스틸,00116301,008260,KOSPI,연간x별도,재무제표,DS-1,PASS,,,2026-07-07T23:47:27
NI스틸,00116301,008260,KOSPI,연간x별도,상단,DS-8,PASS,,,2026-07-07T23:47:27
NI스틸,00116301,008260,KOSPI,연간x별도,상단,DS-7,PASS,"badges seen: ['✅', '🔎']",,2026-07-07T23:47:27
NI스틸,00116301,008260,KOSPI,연간x별도,재무제표,CV-3,PASS,rows=29 cols=29 slider_extended=True,,2026-07-07T23:47:27
NI스틸,00116301,008260,KOSPI,연간x별도,재무제표,DS-2/DS-3,DONE,"cross-check completed for ['매출액', '영업이익']",,2026-07-07T23:47:27
NI스틸,00116301,008260,KOSPI,연간x별도,지표,CV-6,PASS,default metric selection visible,,2026-07-07T23:47:27
NI스틸,00116301,008260,KOSPI,분기x연결,재무제표,DS-1,PASS,,,2026-07-07T23:47:34
NI스틸,00116301,008260,KOSPI,분기x연결,상단,DS-8,PASS,,,2026-07-07T23:47:34
NI스틸,00116301,008260,KOSPI,분기x연결,상단,DS-4,PASS,substitution caption present,,2026-07-07T23:47:34
NI스틸,00116301,008260,KOSPI,분기x연결,상단,DS-7,PASS,"badges seen: ['✅', '🔎']",,2026-07-07T23:47:34
NI스틸,00116301,008260,KOSPI,분기x연결,재무제표,CV-3,PASS,rows=29 cols=87 slider_extended=True,,2026-07-07T23:47:34
NI스틸,00116301,008260,KOSPI,분기x연결,재무제표,DS-2/DS-3,DONE,"cross-check completed for ['매출액', '영업이익']",,2026-07-07T23:47:34
NI스틸,00116301,008260,KOSPI,분기x연결,지표,CV-6,PASS,default metric selection visible,,2026-07-07T23:47:34
NI스틸,00116301,008260,KOSPI,분기x별도,재무제표,DS-1,PASS,,,2026-07-07T23:47:41
NI스틸,00116301,008260,KOSPI,분기x별도,상단,DS-8,PASS,,,2026-07-07T23:47:41
NI스틸,00116301,008260,KOSPI,분기x별도,상단,DS-7,PASS,"badges seen: ['✅', '🔎']",,2026-07-07T23:47:41
NI스틸,00116301,008260,KOSPI,분기x별도,재무제표,CV-3,PASS,rows=29 cols=87 slider_extended=True,,2026-07-07T23:47:41
NI스틸,00116301,008260,KOSPI,분기x별도,재무제표,DS-2/DS-3,DONE,"cross-check completed for ['매출액', '영업이익']",,2026-07-07T23:47:41
NI스틸,00116301,008260,KOSPI,분기x별도,지표,CV-6,PASS,default metric selection visible,,2026-07-07T23:47:41
NICE,00158316,034310,KOSPI,연간x연결,재무제표,DS-1,PASS,,,2026-07-07T23:47:55
NICE,00158316,034310,KOSPI,연간x연결,상단,DS-8,PASS,,,2026-07-07T23:47:55
NICE,00158316,034310,KOSPI,연간x연결,상단,DS-7,PASS,"badges seen: ['✅', '🔎', '⚠']",,2026-07-07T23:47:55
NICE,00158316,034310,KOSPI,연간x연결,재무제표,CV-3,PASS,rows=29 cols=20 slider_extended=True,,2026-07-07T23:47:55
NICE,00158316,034310,KOSPI,연간x연결,재무제표,DS-2/DS-3,DONE,"cross-check completed for ['매출액', '영업이익']",,2026-07-07T23:47:55
NICE,00158316,034310,KOSPI,연간x연결,지표,CV-6,PASS,default metric selection visible,,2026-07-07T23:47:55
NICE,00158316,034310,KOSPI,연간x별도,재무제표,DS-1,PASS,,,2026-07-07T23:48:00
NICE,00158316,034310,KOSPI,연간x별도,상단,DS-8,PASS,,,2026-07-07T23:48:00
NICE,00158316,034310,KOSPI,연간x별도,상단,DS-7,PASS,"badges seen: ['✅', '🔎', '⚠']",,2026-07-07T23:48:00
NICE,00158316,034310,KOSPI,연간x별도,재무제표,CV-3,PASS,rows=29 cols=27 slider_extended=True,,2026-07-07T23:48:00
NICE,00158316,034310,KOSPI,연간x별도,재무제표,DS-2/DS-3,DONE,"cross-check completed for ['매출액', '영업이익']",,2026-07-07T23:48:00
NICE,00158316,034310,KOSPI,연간x별도,지표,CV-6,PASS,default metric selection visible,,2026-07-07T23:48:00
NICE,00158316,034310,KOSPI,분기x연결,재무제표,DS-1,PASS,,,2026-07-07T23:48:06
NICE,00158316,034310,KOSPI,분기x연결,상단,DS-8,PASS,,,2026-07-07T23:48:06
NICE,00158316,034310,KOSPI,분기x연결,상단,DS-7,PASS,"badges seen: ['✅', '🔎']",,2026-07-07T23:48:06
NICE,00158316,034310,KOSPI,분기x연결,재무제표,CV-3,PASS,rows=29 cols=65 slider_extended=True,,2026-07-07T23:48:06
NICE,00158316,034310,KOSPI,분기x연결,재무제표,DS-2/DS-3,DONE,"cross-check completed for ['매출액', '영업이익']",,2026-07-07T23:48:06
NICE,00158316,034310,KOSPI,분기x연결,지표,CV-6,PASS,default metric selection visible,,2026-07-07T23:48:06
NICE,00158316,034310,KOSPI,분기x별도,재무제표,DS-1,PASS,,,2026-07-07T23:48:14
NICE,00158316,034310,KOSPI,분기x별도,상단,DS-8,PASS,,,2026-07-07T23:48:14
NICE,00158316,034310,KOSPI,분기x별도,상단,DS-7,PASS,"badges seen: ['✅', '🔎', '⚠']",,2026-07-07T23:48:14
NICE,00158316,034310,KOSPI,분기x별도,재무제표,CV-3,PASS,rows=29 cols=85 slider_extended=True,,2026-07-07T23:48:14
NICE,00158316,034310,KOSPI,분기x별도,재무제표,DS-2/DS-3,DONE,"cross-check completed for ['매출액', '영업이익']",,2026-07-07T23:48:14
NICE,00158316,034310,KOSPI,분기x별도,지표,CV-6,PASS,default metric selection visible,,2026-07-07T23:48:14
NICE평가정보,00158325,030190,KOSPI,연간x연결,재무제표,DS-1,PASS,,,2026-07-07T23:48:28
NICE평가정보,00158325,030190,KOSPI,연간x연결,상단,DS-8,PASS,,,2026-07-07T23:48:28
NICE평가정보,00158325,030190,KOSPI,연간x연결,상단,DS-7,PASS,"badges seen: ['✅', '🔎']",,2026-07-07T23:48:28
NICE평가정보,00158325,030190,KOSPI,연간x연결,재무제표,CV-3,PASS,rows=29 cols=19 slider_extended=True,,2026-07-07T23:48:28
NICE평가정보,00158325,030190,KOSPI,연간x연결,재무제표,DS-2/DS-3,DONE,"cross-check completed for ['매출액', '영업이익']",,2026-07-07T23:48:28
NICE평가정보,00158325,030190,KOSPI,연간x연결,지표,CV-6,PASS,default metric selection visible,,2026-07-07T23:48:28
NICE평가정보,00158325,030190,KOSPI,연간x별도,재무제표,DS-1,PASS,,,2026-07-07T23:48:33
NICE평가정보,00158325,030190,KOSPI,연간x별도,상단,DS-8,PASS,,,2026-07-07T23:48:33
NICE평가정보,00158325,030190,KOSPI,연간x별도,상단,DS-7,PASS,"badges seen: ['✅', '🔎']",,2026-07-07T23:48:33
NICE평가정보,00158325,030190,KOSPI,연간x별도,재무제표,CV-3,PASS,rows=29 cols=27 slider_extended=True,,2026-07-07T23:48:33
NICE평가정보,00158325,030190,KOSPI,연간x별도,재무제표,DS-2/DS-3,DONE,"cross-check completed for ['매출액', '영업이익']",,2026-07-07T23:48:33
NICE평가정보,00158325,030190,KOSPI,연간x별도,지표,CV-6,PASS,default metric selection visible,,2026-07-07T23:48:33
NICE평가정보,00158325,030190,KOSPI,분기x연결,재무제표,DS-1,PASS,,,2026-07-07T23:48:39
NICE평가정보,00158325,030190,KOSPI,분기x연결,상단,DS-8,PASS,,,2026-07-07T23:48:39
NICE평가정보,00158325,030190,KOSPI,분기x연결,상단,DS-7,PASS,"badges seen: ['✅', '🔎']",,2026-07-07T23:48:39
NICE평가정보,00158325,030190,KOSPI,분기x연결,재무제표,CV-3,PASS,rows=29 cols=71 slider_extended=True,,2026-07-07T23:48:39
NICE평가정보,00158325,030190,KOSPI,분기x연결,재무제표,DS-2/DS-3,DONE,"cross-check completed for ['매출액', '영업이익']",,2026-07-07T23:48:39
NICE평가정보,00158325,030190,KOSPI,분기x연결,지표,CV-6,PASS,default metric selection visible,,2026-07-07T23:48:39
NICE평가정보,00158325,030190,KOSPI,분기x별도,재무제표,DS-1,PASS,,,2026-07-07T23:48:46
NICE평가정보,00158325,030190,KOSPI,분기x별도,상단,DS-8,PASS,,,2026-07-07T23:48:46
NICE평가정보,00158325,030190,KOSPI,분기x별도,상단,DS-7,PASS,"badges seen: ['✅', '🔎']",,2026-07-07T23:48:46
NICE평가정보,00158325,030190,KOSPI,분기x별도,재무제표,CV-3,PASS,rows=29 cols=83 slider_extended=True,,2026-07-07T23:48:46
NICE평가정보,00158325,030190,KOSPI,분기x별도,재무제표,DS-2/DS-3,DONE,"cross-check completed for ['매출액', '영업이익']",,2026-07-07T23:48:46
NICE평가정보,00158325,030190,KOSPI,분기x별도,지표,CV-6,PASS,default metric selection visible,,2026-07-07T23:48:46
OCI,01760738,456040,KOSPI,연간x연결,재무제표,DS-1,PASS,,,2026-07-07T23:49:00
OCI,01760738,456040,KOSPI,연간x연결,상단,DS-8,PASS,,,2026-07-07T23:49:00
OCI,01760738,456040,KOSPI,연간x연결,상단,DS-7,PASS,"badges seen: ['✅', '🔎']",,2026-07-07T23:49:00
OCI,01760738,456040,KOSPI,연간x연결,재무제표,CV-3,PASS,rows=29 cols=5 slider_extended=True,,2026-07-07T23:49:00
OCI,01760738,456040,KOSPI,연간x연결,재무제표,DS-2/DS-3,DONE,"cross-check completed for ['매출액', '영업이익']",,2026-07-07T23:49:00
OCI,01760738,456040,KOSPI,연간x연결,지표,CV-6,PASS,default metric selection visible,,2026-07-07T23:49:00
OCI,01760738,456040,KOSPI,연간x별도,재무제표,DS-1,PASS,,,2026-07-07T23:49:05
OCI,01760738,456040,KOSPI,연간x별도,상단,DS-8,PASS,,,2026-07-07T23:49:05
OCI,01760738,456040,KOSPI,연간x별도,상단,DS-7,PASS,"badges seen: ['✅', '🔎']",,2026-07-07T23:49:05
OCI,01760738,456040,KOSPI,연간x별도,재무제표,CV-3,PASS,rows=29 cols=5 slider_extended=True,,2026-07-07T23:49:05
OCI,01760738,456040,KOSPI,연간x별도,재무제표,DS-2/DS-3,DONE,"cross-check completed for ['매출액', '영업이익']",,2026-07-07T23:49:05
OCI,01760738,456040,KOSPI,연간x별도,지표,CV-6,PASS,default metric selection visible,,2026-07-07T23:49:05
OCI,01760738,456040,KOSPI,분기x연결,재무제표,DS-1,PASS,,,2026-07-07T23:49:11
OCI,01760738,456040,KOSPI,분기x연결,상단,DS-8,PASS,,,2026-07-07T23:49:11
OCI,01760738,456040,KOSPI,분기x연결,상단,DS-7,PASS,"badges seen: ['✅', '🔎']",,2026-07-07T23:49:11
OCI,01760738,456040,KOSPI,분기x연결,재무제표,CV-3,PASS,rows=29 cols=15 slider_extended=True,,2026-07-07T23:49:11
OCI,01760738,456040,KOSPI,분기x연결,재무제표,DS-2/DS-3,DONE,"cross-check completed for ['매출액', '영업이익']",,2026-07-07T23:49:11
OCI,01760738,456040,KOSPI,분기x연결,지표,CV-6,PASS,default metric selection visible,,2026-07-07T23:49:11
OCI,01760738,456040,KOSPI,분기x별도,재무제표,DS-1,PASS,,,2026-07-07T23:49:18
OCI,01760738,456040,KOSPI,분기x별도,상단,DS-8,PASS,,,2026-07-07T23:49:18
OCI,01760738,456040,KOSPI,분기x별도,상단,DS-7,PASS,"badges seen: ['✅', '🔎']",,2026-07-07T23:49:18
OCI,01760738,456040,KOSPI,분기x별도,재무제표,CV-3,PASS,rows=29 cols=15 slider_extended=True,,2026-07-07T23:49:18
OCI,01760738,456040,KOSPI,분기x별도,재무제표,DS-2/DS-3,DONE,"cross-check completed for ['매출액', '영업이익']",,2026-07-07T23:49:18
OCI,01760738,456040,KOSPI,분기x별도,지표,CV-6,PASS,default metric selection visible,,2026-07-07T23:49:18
OCI홀딩스,00148896,010060,KOSPI,연간x연결,재무제표,DS-1,PASS,,,2026-07-07T23:49:32
OCI홀딩스,00148896,010060,KOSPI,연간x연결,상단,DS-8,PASS,,,2026-07-07T23:49:32
OCI홀딩스,00148896,010060,KOSPI,연간x연결,상단,DS-7,PASS,"badges seen: ['✅', '🔎']",,2026-07-07T23:49:32
OCI홀딩스,00148896,010060,KOSPI,연간x연결,재무제표,CV-3,PASS,rows=29 cols=22 slider_extended=True,,2026-07-07T23:49:32
OCI홀딩스,00148896,010060,KOSPI,연간x연결,재무제표,DS-2/DS-3,DONE,"cross-check completed for ['매출액', '영업이익']",,2026-07-07T23:49:32
OCI홀딩스,00148896,010060,KOSPI,연간x연결,지표,CV-6,PASS,default metric selection visible,,2026-07-07T23:49:32
OCI홀딩스,00148896,010060,KOSPI,연간x별도,재무제표,DS-1,PASS,,,2026-07-07T23:49:37
OCI홀딩스,00148896,010060,KOSPI,연간x별도,상단,DS-8,PASS,,,2026-07-07T23:49:37
OCI홀딩스,00148896,010060,KOSPI,연간x별도,상단,DS-7,PASS,"badges seen: ['✅', '🔎', '⚠']",,2026-07-07T23:49:37
OCI홀딩스,00148896,010060,KOSPI,연간x별도,재무제표,CV-3,PASS,rows=29 cols=31 slider_extended=True,,2026-07-07T23:49:37
OCI홀딩스,00148896,010060,KOSPI,연간x별도,재무제표,DS-2/DS-3,DONE,"cross-check completed for ['매출액', '영업이익']",,2026-07-07T23:49:37
OCI홀딩스,00148896,010060,KOSPI,연간x별도,지표,CV-6,PASS,default metric selection visible,,2026-07-07T23:49:37
OCI홀딩스,00148896,010060,KOSPI,분기x연결,재무제표,DS-1,PASS,,,2026-07-07T23:49:44
OCI홀딩스,00148896,010060,KOSPI,분기x연결,상단,DS-8,PASS,,,2026-07-07T23:49:44
OCI홀딩스,00148896,010060,KOSPI,분기x연결,상단,DS-7,PASS,"badges seen: ['✅', '🔎']",,2026-07-07T23:49:44
OCI홀딩스,00148896,010060,KOSPI,분기x연결,재무제표,CV-3,PASS,rows=29 cols=80 slider_extended=True,,2026-07-07T23:49:44
OCI홀딩스,00148896,010060,KOSPI,분기x연결,재무제표,DS-2/DS-3,DONE,"cross-check completed for ['매출액', '영업이익']",,2026-07-07T23:49:44
OCI홀딩스,00148896,010060,KOSPI,분기x연결,지표,CV-6,PASS,default metric selection visible,,2026-07-07T23:49:44
OCI홀딩스,00148896,010060,KOSPI,분기x별도,재무제표,DS-1,PASS,,,2026-07-07T23:49:51
OCI홀딩스,00148896,010060,KOSPI,분기x별도,상단,DS-8,PASS,,,2026-07-07T23:49:51
OCI홀딩스,00148896,010060,KOSPI,분기x별도,상단,DS-7,PASS,"badges seen: ['✅', '🔎', '⚠']",,2026-07-07T23:49:51
OCI홀딩스,00148896,010060,KOSPI,분기x별도,재무제표,CV-3,PASS,rows=29 cols=88 slider_extended=True,,2026-07-07T23:49:51
OCI홀딩스,00148896,010060,KOSPI,분기x별도,재무제표,DS-2/DS-3,DONE,"cross-check completed for ['매출액', '영업이익']",,2026-07-07T23:49:51
OCI홀딩스,00148896,010060,KOSPI,분기x별도,지표,CV-6,PASS,default metric selection visible,,2026-07-07T23:49:51
무림P&P,00119007,009580,KOSPI,연간x연결,재무제표,DS-1,PASS,,,2026-07-07T23:50:05
무림P&P,00119007,009580,KOSPI,연간x연결,상단,DS-8,PASS,,,2026-07-07T23:50:05
무림P&P,00119007,009580,KOSPI,연간x연결,상단,DS-7,PASS,"badges seen: ['✅', '🔎', '⚠']",,2026-07-07T23:50:05
무림P&P,00119007,009580,KOSPI,연간x연결,재무제표,CV-3,PASS,rows=29 cols=19 slider_extended=True,,2026-07-07T23:50:05
무림P&P,00119007,009580,KOSPI,연간x연결,재무제표,DS-2/DS-3,DONE,"cross-check completed for ['매출액', '영업이익']",,2026-07-07T23:50:05
무림P&P,00119007,009580,KOSPI,연간x연결,지표,CV-6,PASS,default metric selection visible,,2026-07-07T23:50:05
무림P&P,00119007,009580,KOSPI,연간x별도,재무제표,DS-1,PASS,,,2026-07-07T23:50:10
무림P&P,00119007,009580,KOSPI,연간x별도,상단,DS-8,PASS,,,2026-07-07T23:50:10
무림P&P,00119007,009580,KOSPI,연간x별도,상단,DS-7,PASS,"badges seen: ['✅', '🔎', '⚠']",,2026-07-07T23:50:10
무림P&P,00119007,009580,KOSPI,연간x별도,재무제표,CV-3,PASS,rows=29 cols=25 slider_extended=True,,2026-07-07T23:50:10
무림P&P,00119007,009580,KOSPI,연간x별도,재무제표,DS-2/DS-3,DONE,"cross-check completed for ['매출액', '영업이익']",,2026-07-07T23:50:10
무림P&P,00119007,009580,KOSPI,연간x별도,지표,CV-6,PASS,default metric selection visible,,2026-07-07T23:50:10
무림P&P,00119007,009580,KOSPI,분기x연결,재무제표,DS-1,PASS,,,2026-07-07T23:50:16
무림P&P,00119007,009580,KOSPI,분기x연결,상단,DS-8,PASS,,,2026-07-07T23:50:16
무림P&P,00119007,009580,KOSPI,분기x연결,상단,DS-7,PASS,"badges seen: ['✅', '🔎']",,2026-07-07T23:50:16
무림P&P,00119007,009580,KOSPI,분기x연결,재무제표,CV-3,PASS,rows=29 cols=60 slider_extended=True,,2026-07-07T23:50:16
무림P&P,00119007,009580,KOSPI,분기x연결,재무제표,DS-2/DS-3,DONE,"cross-check completed for ['매출액', '영업이익']",,2026-07-07T23:50:16
무림P&P,00119007,009580,KOSPI,분기x연결,지표,CV-6,FAIL,default metrics not found,,2026-07-07T23:50:16
무림P&P,00119007,009580,KOSPI,분기x별도,재무제표,DS-1,PASS,,,2026-07-07T23:50:23
무림P&P,00119007,009580,KOSPI,분기x별도,상단,DS-8,PASS,,,2026-07-07T23:50:23
무림P&P,00119007,009580,KOSPI,분기x별도,상단,DS-7,PASS,"badges seen: ['✅', '🔎']",,2026-07-07T23:50:23
무림P&P,00119007,009580,KOSPI,분기x별도,재무제표,CV-3,PASS,rows=29 cols=82 slider_extended=True,,2026-07-07T23:50:23
무림P&P,00119007,009580,KOSPI,분기x별도,재무제표,DS-2/DS-3,DONE,"cross-check completed for ['매출액', '영업이익']",,2026-07-07T23:50:23
무림P&P,00119007,009580,KOSPI,분기x별도,지표,CV-6,PASS,default metric selection visible,,2026-07-07T23:50:23
PI첨단소재,00767460,178920,KOSPI,연간x연결,재무제표,DS-1,PASS,,,2026-07-07T23:50:37
PI첨단소재,00767460,178920,KOSPI,연간x연결,상단,DS-8,PASS,,,2026-07-07T23:50:37
PI첨단소재,00767460,178920,KOSPI,연간x연결,상단,DS-4,PASS,substitution caption present,,2026-07-07T23:50:37
PI첨단소재,00767460,178920,KOSPI,연간x연결,상단,DS-7,PASS,"badges seen: ['✅', '🔎']",,2026-07-07T23:50:37
PI첨단소재,00767460,178920,KOSPI,연간x연결,재무제표,CV-3,PASS,rows=29 cols=16 slider_extended=True,,2026-07-07T23:50:37
PI첨단소재,00767460,178920,KOSPI,연간x연결,재무제표,DS-2/DS-3,DONE,"cross-check completed for ['매출액', '영업이익']",,2026-07-07T23:50:37
PI첨단소재,00767460,178920,KOSPI,연간x연결,지표,CV-6,PASS,default metric selection visible,,2026-07-07T23:50:37
PI첨단소재,00767460,178920,KOSPI,연간x별도,재무제표,DS-1,PASS,,,2026-07-07T23:50:42
PI첨단소재,00767460,178920,KOSPI,연간x별도,상단,DS-8,PASS,,,2026-07-07T23:50:42
PI첨단소재,00767460,178920,KOSPI,연간x별도,상단,DS-7,PASS,"badges seen: ['✅', '🔎']",,2026-07-07T23:50:42
PI첨단소재,00767460,178920,KOSPI,연간x별도,재무제표,CV-3,PASS,rows=29 cols=16 slider_extended=True,,2026-07-07T23:50:42
PI첨단소재,00767460,178920,KOSPI,연간x별도,재무제표,DS-2/DS-3,DONE,"cross-check completed for ['매출액', '영업이익']",,2026-07-07T23:50:42
PI첨단소재,00767460,178920,KOSPI,연간x별도,지표,CV-6,PASS,default metric selection visible,,2026-07-07T23:50:42
PI첨단소재,00767460,178920,KOSPI,분기x연결,재무제표,DS-1,PASS,,,2026-07-07T23:50:48
PI첨단소재,00767460,178920,KOSPI,분기x연결,상단,DS-8,PASS,,,2026-07-07T23:50:48
PI첨단소재,00767460,178920,KOSPI,분기x연결,상단,DS-4,PASS,substitution caption present,,2026-07-07T23:50:48
PI첨단소재,00767460,178920,KOSPI,분기x연결,상단,DS-7,PASS,"badges seen: ['✅', '🔎', '⚠']",,2026-07-07T23:50:48
PI첨단소재,00767460,178920,KOSPI,분기x연결,재무제표,CV-3,PASS,rows=29 cols=54 slider_extended=True,,2026-07-07T23:50:48
PI첨단소재,00767460,178920,KOSPI,분기x연결,재무제표,DS-2/DS-3,DONE,"cross-check completed for ['매출액', '영업이익']",,2026-07-07T23:50:48
PI첨단소재,00767460,178920,KOSPI,분기x연결,지표,CV-6,PASS,default metric selection visible,,2026-07-07T23:50:48
PI첨단소재,00767460,178920,KOSPI,분기x별도,재무제표,DS-1,PASS,,,2026-07-07T23:50:56
PI첨단소재,00767460,178920,KOSPI,분기x별도,상단,DS-8,PASS,,,2026-07-07T23:50:56
PI첨단소재,00767460,178920,KOSPI,분기x별도,상단,DS-7,PASS,"badges seen: ['✅', '🔎', '⚠']",,2026-07-07T23:50:56
PI첨단소재,00767460,178920,KOSPI,분기x별도,재무제표,CV-3,PASS,rows=29 cols=54 slider_extended=True,,2026-07-07T23:50:56
PI첨단소재,00767460,178920,KOSPI,분기x별도,재무제표,DS-2/DS-3,DONE,"cross-check completed for ['매출액', '영업이익']",,2026-07-07T23:50:56
PI첨단소재,00767460,178920,KOSPI,분기x별도,지표,CV-6,PASS,default metric selection visible,,2026-07-07T23:50:56
PKC,00122472,001340,KOSPI,연간x연결,재무제표,DS-1,PASS,,,2026-07-07T23:51:09
PKC,00122472,001340,KOSPI,연간x연결,상단,DS-8,PASS,,,2026-07-07T23:51:09
PKC,00122472,001340,KOSPI,연간x연결,상단,DS-7,PASS,"badges seen: ['✅', '🔎']",,2026-07-07T23:51:09
PKC,00122472,001340,KOSPI,연간x연결,재무제표,CV-3,PASS,rows=29 cols=15 slider_extended=True,,2026-07-07T23:51:09
PKC,00122472,001340,KOSPI,연간x연결,재무제표,DS-2/DS-3,DONE,"cross-check completed for ['매출액', '영업이익']",,2026-07-07T23:51:09
PKC,00122472,001340,KOSPI,연간x연결,지표,CV-6,PASS,default metric selection visible,,2026-07-07T23:51:09
PKC,00122472,001340,KOSPI,연간x별도,재무제표,DS-1,PASS,,,2026-07-07T23:51:15
PKC,00122472,001340,KOSPI,연간x별도,상단,DS-8,PASS,,,2026-07-07T23:51:15
PKC,00122472,001340,KOSPI,연간x별도,상단,DS-7,PASS,"badges seen: ['✅', '🔎', '⚠']",,2026-07-07T23:51:15
PKC,00122472,001340,KOSPI,연간x별도,재무제표,CV-3,PASS,rows=29 cols=30 slider_extended=True,,2026-07-07T23:51:15
PKC,00122472,001340,KOSPI,연간x별도,재무제표,DS-2/DS-3,DONE,"cross-check completed for ['매출액', '영업이익']",,2026-07-07T23:51:15
PKC,00122472,001340,KOSPI,연간x별도,지표,CV-6,PASS,default metric selection visible,,2026-07-07T23:51:15
PKC,00122472,001340,KOSPI,분기x연결,재무제표,DS-1,PASS,,,2026-07-07T23:51:21
PKC,00122472,001340,KOSPI,분기x연결,상단,DS-8,PASS,,,2026-07-07T23:51:21
PKC,00122472,001340,KOSPI,분기x연결,상단,DS-7,PASS,"badges seen: ['✅', '🔎']",,2026-07-07T23:51:21
PKC,00122472,001340,KOSPI,분기x연결,재무제표,CV-3,PASS,rows=29 cols=14 slider_extended=True,,2026-07-07T23:51:21
PKC,00122472,001340,KOSPI,분기x연결,재무제표,DS-2/DS-3,DONE,"cross-check completed for ['매출액', '영업이익']",,2026-07-07T23:51:21
PKC,00122472,001340,KOSPI,분기x연결,지표,CV-6,PASS,default metric selection visible,,2026-07-07T23:51:21
PKC,00122472,001340,KOSPI,분기x별도,재무제표,DS-1,PASS,,,2026-07-07T23:51:28
PKC,00122472,001340,KOSPI,분기x별도,상단,DS-8,PASS,,,2026-07-07T23:51:28
PKC,00122472,001340,KOSPI,분기x별도,상단,DS-7,PASS,"badges seen: ['✅', '🔎', '⚠']",,2026-07-07T23:51:28
PKC,00122472,001340,KOSPI,분기x별도,재무제표,CV-3,PASS,rows=29 cols=85 slider_extended=True,,2026-07-07T23:51:28
PKC,00122472,001340,KOSPI,분기x별도,재무제표,DS-2/DS-3,DONE,"cross-check completed for ['매출액', '영업이익']",,2026-07-07T23:51:28
PKC,00122472,001340,KOSPI,분기x별도,지표,CV-6,PASS,default metric selection visible,,2026-07-07T23:51:28
POSCO홀딩스,00155319,005490,KOSPI,연간x연결,재무제표,DS-1,PASS,,,2026-07-07T23:51:42
POSCO홀딩스,00155319,005490,KOSPI,연간x연결,상단,DS-8,PASS,,,2026-07-07T23:51:42
POSCO홀딩스,00155319,005490,KOSPI,연간x연결,상단,DS-7,PASS,"badges seen: ['✅', '🔎', '⚠']",,2026-07-07T23:51:42
POSCO홀딩스,00155319,005490,KOSPI,연간x연결,재무제표,CV-3,PASS,rows=29 cols=24 slider_extended=True,,2026-07-07T23:51:42
POSCO홀딩스,00155319,005490,KOSPI,연간x연결,재무제표,DS-2/DS-3,DONE,"cross-check completed for ['매출액', '영업이익']",,2026-07-07T23:51:42
POSCO홀딩스,00155319,005490,KOSPI,연간x연결,지표,CV-6,PASS,default metric selection visible,,2026-07-07T23:51:42
POSCO홀딩스,00155319,005490,KOSPI,연간x별도,재무제표,DS-1,PASS,,,2026-07-07T23:51:47
POSCO홀딩스,00155319,005490,KOSPI,연간x별도,상단,DS-8,PASS,,,2026-07-07T23:51:47
POSCO홀딩스,00155319,005490,KOSPI,연간x별도,상단,DS-7,PASS,"badges seen: ['✅', '🔎', '⚠']",,2026-07-07T23:51:47
POSCO홀딩스,00155319,005490,KOSPI,연간x별도,재무제표,CV-3,PASS,rows=29 cols=29 slider_extended=True,,2026-07-07T23:51:47
POSCO홀딩스,00155319,005490,KOSPI,연간x별도,재무제표,DS-2/DS-3,DONE,"cross-check completed for ['매출액', '영업이익']",,2026-07-07T23:51:47
POSCO홀딩스,00155319,005490,KOSPI,연간x별도,지표,CV-6,PASS,default metric selection visible,,2026-07-07T23:51:47
POSCO홀딩스,00155319,005490,KOSPI,분기x연결,재무제표,DS-1,PASS,,,2026-07-07T23:51:54
POSCO홀딩스,00155319,005490,KOSPI,분기x연결,상단,DS-8,PASS,,,2026-07-07T23:51:54
POSCO홀딩스,00155319,005490,KOSPI,분기x연결,상단,DS-7,PASS,"badges seen: ['✅', '🔎', '⚠']",,2026-07-07T23:51:54
POSCO홀딩스,00155319,005490,KOSPI,분기x연결,재무제표,CV-3,PASS,rows=29 cols=75 slider_extended=True,,2026-07-07T23:51:54
POSCO홀딩스,00155319,005490,KOSPI,분기x연결,재무제표,DS-2/DS-3,DONE,"cross-check completed for ['매출액', '영업이익']",,2026-07-07T23:51:54
POSCO홀딩스,00155319,005490,KOSPI,분기x연결,지표,CV-6,PASS,default metric selection visible,,2026-07-07T23:51:54
POSCO홀딩스,00155319,005490,KOSPI,분기x별도,재무제표,DS-1,PASS,,,2026-07-07T23:52:01
POSCO홀딩스,00155319,005490,KOSPI,분기x별도,상단,DS-8,PASS,,,2026-07-07T23:52:01
POSCO홀딩스,00155319,005490,KOSPI,분기x별도,상단,DS-7,PASS,"badges seen: ['✅', '🔎', '⚠']",,2026-07-07T23:52:01
POSCO홀딩스,00155319,005490,KOSPI,분기x별도,재무제표,CV-3,PASS,rows=29 cols=88 slider_extended=True,,2026-07-07T23:52:01
POSCO홀딩스,00155319,005490,KOSPI,분기x별도,재무제표,DS-2/DS-3,DONE,"cross-check completed for ['매출액', '영업이익']",,2026-07-07T23:52:01
POSCO홀딩스,00155319,005490,KOSPI,분기x별도,지표,CV-6,PASS,default metric selection visible,,2026-07-07T23:52:01
S-Oil,00138279,010950,KOSPI,연간x연결,재무제표,DS-1,PASS,,,2026-07-07T23:52:15
S-Oil,00138279,010950,KOSPI,연간x연결,상단,DS-8,PASS,,,2026-07-07T23:52:15
S-Oil,00138279,010950,KOSPI,연간x연결,상단,DS-7,PASS,"badges seen: ['✅', '🔎']",,2026-07-07T23:52:15
S-Oil,00138279,010950,KOSPI,연간x연결,재무제표,CV-3,PASS,rows=29 cols=23 slider_extended=True,,2026-07-07T23:52:15
S-Oil,00138279,010950,KOSPI,연간x연결,재무제표,DS-2/DS-3,DONE,"cross-check completed for ['매출액', '영업이익']",,2026-07-07T23:52:15
S-Oil,00138279,010950,KOSPI,연간x연결,지표,CV-6,PASS,default metric selection visible,,2026-07-07T23:52:15
S-Oil,00138279,010950,KOSPI,연간x별도,재무제표,DS-1,PASS,,,2026-07-07T23:52:20
S-Oil,00138279,010950,KOSPI,연간x별도,상단,DS-8,PASS,,,2026-07-07T23:52:20
S-Oil,00138279,010950,KOSPI,연간x별도,상단,DS-7,PASS,"badges seen: ['✅', '🔎']",,2026-07-07T23:52:20
S-Oil,00138279,010950,KOSPI,연간x별도,재무제표,CV-3,PASS,rows=29 cols=23 slider_extended=True,,2026-07-07T23:52:20
S-Oil,00138279,010950,KOSPI,연간x별도,재무제표,DS-2/DS-3,DONE,"cross-check completed for ['매출액', '영업이익']",,2026-07-07T23:52:20
S-Oil,00138279,010950,KOSPI,연간x별도,지표,CV-6,PASS,default metric selection visible,,2026-07-07T23:52:20
S-Oil,00138279,010950,KOSPI,분기x연결,재무제표,DS-1,PASS,,,2026-07-07T23:52:26
S-Oil,00138279,010950,KOSPI,분기x연결,상단,DS-8,PASS,,,2026-07-07T23:52:26
S-Oil,00138279,010950,KOSPI,분기x연결,상단,DS-7,PASS,"badges seen: ['✅', '🔎']",,2026-07-07T23:52:26
S-Oil,00138279,010950,KOSPI,분기x연결,재무제표,CV-3,PASS,rows=29 cols=76 slider_extended=True,,2026-07-07T23:52:26
S-Oil,00138279,010950,KOSPI,분기x연결,재무제표,DS-2/DS-3,DONE,"cross-check completed for ['매출액', '영업이익']",,2026-07-07T23:52:26
S-Oil,00138279,010950,KOSPI,분기x연결,지표,CV-6,PASS,default metric selection visible,,2026-07-07T23:52:26
S-Oil,00138279,010950,KOSPI,분기x별도,재무제표,DS-1,PASS,,,2026-07-07T23:52:34
S-Oil,00138279,010950,KOSPI,분기x별도,상단,DS-8,PASS,,,2026-07-07T23:52:34
S-Oil,00138279,010950,KOSPI,분기x별도,상단,DS-7,PASS,"badges seen: ['✅', '🔎']",,2026-07-07T23:52:34
S-Oil,00138279,010950,KOSPI,분기x별도,재무제표,CV-3,PASS,rows=29 cols=79 slider_extended=True,,2026-07-07T23:52:34
S-Oil,00138279,010950,KOSPI,분기x별도,재무제표,DS-2/DS-3,DONE,"cross-check completed for ['매출액', '영업이익']",,2026-07-07T23:52:34
S-Oil,00138279,010950,KOSPI,분기x별도,지표,CV-6,PASS,default metric selection visible,,2026-07-07T23:52:34
SB성보,00132725,003080,KOSPI,연간x연결,재무제표,DS-1,PASS,,,2026-07-07T23:52:47
SB성보,00132725,003080,KOSPI,연간x연결,상단,DS-8,PASS,,,2026-07-07T23:52:47
SB성보,00132725,003080,KOSPI,연간x연결,상단,DS-7,PASS,"badges seen: ['✅', '🔎']",,2026-07-07T23:52:47
SB성보,00132725,003080,KOSPI,연간x연결,재무제표,CV-3,PASS,rows=29 cols=10 slider_extended=True,,2026-07-07T23:52:47
SB성보,00132725,003080,KOSPI,연간x연결,재무제표,DS-2/DS-3,DONE,"cross-check completed for ['매출액', '영업이익']",,2026-07-07T23:52:47
SB성보,00132725,003080,KOSPI,연간x연결,지표,CV-6,PASS,default metric selection visible,,2026-07-07T23:52:47
SB성보,00132725,003080,KOSPI,연간x별도,재무제표,DS-1,PASS,,,2026-07-07T23:52:52
SB성보,00132725,003080,KOSPI,연간x별도,상단,DS-8,PASS,,,2026-07-07T23:52:52
SB성보,00132725,003080,KOSPI,연간x별도,상단,DS-7,PASS,"badges seen: ['✅', '🔎']",,2026-07-07T23:52:52
SB성보,00132725,003080,KOSPI,연간x별도,재무제표,CV-3,PASS,rows=29 cols=26 slider_extended=True,,2026-07-07T23:52:52
SB성보,00132725,003080,KOSPI,연간x별도,재무제표,DS-2/DS-3,DONE,"cross-check completed for ['매출액', '영업이익']",,2026-07-07T23:52:52
SB성보,00132725,003080,KOSPI,연간x별도,지표,CV-6,PASS,default metric selection visible,,2026-07-07T23:52:52
SB성보,00132725,003080,KOSPI,분기x연결,재무제표,DS-1,PASS,,,2026-07-07T23:52:58
SB성보,00132725,003080,KOSPI,분기x연결,상단,DS-8,PASS,,,2026-07-07T23:52:58
SB성보,00132725,003080,KOSPI,분기x연결,상단,DS-7,PASS,"badges seen: ['✅', '🔎']",,2026-07-07T23:52:58
SB성보,00132725,003080,KOSPI,분기x연결,재무제표,CV-3,PASS,rows=29 cols=31 slider_extended=True,,2026-07-07T23:52:58
SB성보,00132725,003080,KOSPI,분기x연결,재무제표,DS-2/DS-3,DONE,"cross-check completed for ['매출액', '영업이익']",,2026-07-07T23:52:58
SB성보,00132725,003080,KOSPI,분기x연결,지표,CV-6,PASS,default metric selection visible,,2026-07-07T23:52:58
SB성보,00132725,003080,KOSPI,분기x별도,재무제표,DS-1,PASS,,,2026-07-07T23:53:06
SB성보,00132725,003080,KOSPI,분기x별도,상단,DS-8,PASS,,,2026-07-07T23:53:06
SB성보,00132725,003080,KOSPI,분기x별도,상단,DS-7,PASS,"badges seen: ['✅', '🔎']",,2026-07-07T23:53:06
SB성보,00132725,003080,KOSPI,분기x별도,재무제표,CV-3,PASS,rows=29 cols=81 slider_extended=True,,2026-07-07T23:53:06
SB성보,00132725,003080,KOSPI,분기x별도,재무제표,DS-2/DS-3,DONE,"cross-check completed for ['매출액', '영업이익']",,2026-07-07T23:53:06
SB성보,00132725,003080,KOSPI,분기x별도,지표,CV-6,PASS,default metric selection visible,,2026-07-07T23:53:06
SBS,00130772,034120,KOSPI,연간x연결,재무제표,DS-1,PASS,,,2026-07-07T23:53:19
SBS,00130772,034120,KOSPI,연간x연결,상단,DS-8,PASS,,,2026-07-07T23:53:19
SBS,00130772,034120,KOSPI,연간x연결,상단,DS-7,PASS,"badges seen: ['✅', '🔎', '⚠']",,2026-07-07T23:53:19
SBS,00130772,034120,KOSPI,연간x연결,재무제표,CV-3,PASS,rows=29 cols=19 slider_extended=True,,2026-07-07T23:53:19
SBS,00130772,034120,KOSPI,연간x연결,재무제표,DS-2/DS-3,DONE,"cross-check completed for ['매출액', '영업이익']",,2026-07-07T23:53:19
SBS,00130772,034120,KOSPI,연간x연결,지표,CV-6,PASS,default metric selection visible,,2026-07-07T23:53:19
SBS,00130772,034120,KOSPI,연간x별도,재무제표,DS-1,PASS,,,2026-07-07T23:53:24
SBS,00130772,034120,KOSPI,연간x별도,상단,DS-8,PASS,,,2026-07-07T23:53:24
SBS,00130772,034120,KOSPI,연간x별도,상단,DS-7,PASS,"badges seen: ['✅', '🔎', '⚠']",,2026-07-07T23:53:24
SBS,00130772,034120,KOSPI,연간x별도,재무제표,CV-3,PASS,rows=29 cols=12 slider_extended=True,,2026-07-07T23:53:24
SBS,00130772,034120,KOSPI,연간x별도,재무제표,DS-2/DS-3,DONE,"cross-check completed for ['매출액', '영업이익']",,2026-07-07T23:53:24
SBS,00130772,034120,KOSPI,연간x별도,지표,CV-6,PASS,default metric selection visible,,2026-07-07T23:53:24
SBS,00130772,034120,KOSPI,분기x연결,재무제표,DS-1,PASS,,,2026-07-07T23:53:31
SBS,00130772,034120,KOSPI,분기x연결,상단,DS-8,PASS,,,2026-07-07T23:53:31
SBS,00130772,034120,KOSPI,분기x연결,상단,DS-7,PASS,"badges seen: ['✅', '🔎']",,2026-07-07T23:53:31
SBS,00130772,034120,KOSPI,분기x연결,재무제표,CV-3,PASS,rows=29 cols=77 slider_extended=True,,2026-07-07T23:53:31
SBS,00130772,034120,KOSPI,분기x연결,재무제표,DS-2/DS-3,DONE,"cross-check completed for ['매출액', '영업이익']",,2026-07-07T23:53:31
SBS,00130772,034120,KOSPI,분기x연결,지표,CV-6,PASS,default metric selection visible,,2026-07-07T23:53:31
SBS,00130772,034120,KOSPI,분기x별도,재무제표,DS-1,PASS,,,2026-07-07T23:53:38
SBS,00130772,034120,KOSPI,분기x별도,상단,DS-8,PASS,,,2026-07-07T23:53:38
SBS,00130772,034120,KOSPI,분기x별도,상단,DS-7,PASS,"badges seen: ['✅', '🔎']",,2026-07-07T23:53:38
SBS,00130772,034120,KOSPI,분기x별도,재무제표,CV-3,PASS,rows=29 cols=85 slider_extended=True,,2026-07-07T23:53:38
SBS,00130772,034120,KOSPI,분기x별도,재무제표,DS-2/DS-3,DONE,"cross-check completed for ['매출액', '영업이익']",,2026-07-07T23:53:38
SBS,00130772,034120,KOSPI,분기x별도,지표,CV-6,PASS,default metric selection visible,,2026-07-07T23:53:38
삼성SDI,00126362,006400,KOSPI,연간x연결,재무제표,DS-1,PASS,,,2026-07-07T23:53:52
삼성SDI,00126362,006400,KOSPI,연간x연결,상단,DS-8,PASS,,,2026-07-07T23:53:52
삼성SDI,00126362,006400,KOSPI,연간x연결,상단,DS-7,PASS,"badges seen: ['✅', '🔎', '⚠']",,2026-07-07T23:53:52
삼성SDI,00126362,006400,KOSPI,연간x연결,재무제표,CV-3,PASS,rows=29 cols=21 slider_extended=True,,2026-07-07T23:53:52
삼성SDI,00126362,006400,KOSPI,연간x연결,재무제표,DS-2/DS-3,DONE,"cross-check completed for ['매출액', '영업이익']",,2026-07-07T23:53:52
삼성SDI,00126362,006400,KOSPI,연간x연결,지표,CV-6,PASS,default metric selection visible,,2026-07-07T23:53:52
삼성SDI,00126362,006400,KOSPI,연간x별도,재무제표,DS-1,PASS,,,2026-07-07T23:53:57
삼성SDI,00126362,006400,KOSPI,연간x별도,상단,DS-8,PASS,,,2026-07-07T23:53:57
삼성SDI,00126362,006400,KOSPI,연간x별도,상단,DS-7,PASS,"badges seen: ['✅', '🔎', '⚠']",,2026-07-07T23:53:57
삼성SDI,00126362,006400,KOSPI,연간x별도,재무제표,CV-3,PASS,rows=29 cols=24 slider_extended=True,,2026-07-07T23:53:57
삼성SDI,00126362,006400,KOSPI,연간x별도,재무제표,DS-2/DS-3,DONE,"cross-check completed for ['매출액', '영업이익']",,2026-07-07T23:53:57
삼성SDI,00126362,006400,KOSPI,연간x별도,지표,CV-6,PASS,default metric selection visible,,2026-07-07T23:53:57
삼성SDI,00126362,006400,KOSPI,분기x연결,재무제표,DS-1,PASS,,,2026-07-07T23:54:03
삼성SDI,00126362,006400,KOSPI,분기x연결,상단,DS-8,PASS,,,2026-07-07T23:54:03
삼성SDI,00126362,006400,KOSPI,분기x연결,상단,DS-7,PASS,"badges seen: ['✅', '🔎']",,2026-07-07T23:54:03
삼성SDI,00126362,006400,KOSPI,분기x연결,재무제표,CV-3,PASS,rows=29 cols=72 slider_extended=True,,2026-07-07T23:54:03
삼성SDI,00126362,006400,KOSPI,분기x연결,재무제표,DS-2/DS-3,DONE,"cross-check completed for ['매출액', '영업이익']",,2026-07-07T23:54:03
삼성SDI,00126362,006400,KOSPI,분기x연결,지표,CV-6,PASS,default metric selection visible,,2026-07-07T23:54:03
삼성SDI,00126362,006400,KOSPI,분기x별도,재무제표,DS-1,PASS,,,2026-07-07T23:54:10
삼성SDI,00126362,006400,KOSPI,분기x별도,상단,DS-8,PASS,,,2026-07-07T23:54:10
삼성SDI,00126362,006400,KOSPI,분기x별도,상단,DS-7,PASS,"badges seen: ['✅', '🔎']",,2026-07-07T23:54:10
삼성SDI,00126362,006400,KOSPI,분기x별도,재무제표,CV-3,PASS,rows=29 cols=79 slider_extended=True,,2026-07-07T23:54:10
삼성SDI,00126362,006400,KOSPI,분기x별도,재무제표,DS-2/DS-3,DONE,"cross-check completed for ['매출액', '영업이익']",,2026-07-07T23:54:10
삼성SDI,00126362,006400,KOSPI,분기x별도,지표,CV-6,PASS,default metric selection visible,,2026-07-07T23:54:10
SG글로벌,00152039,001380,KOSPI,연간x연결,재무제표,DS-1,PASS,,,2026-07-07T23:54:24
SG글로벌,00152039,001380,KOSPI,연간x연결,상단,DS-8,PASS,,,2026-07-07T23:54:24
SG글로벌,00152039,001380,KOSPI,연간x연결,상단,DS-7,PASS,"badges seen: ['✅', '🔎', '⚠']",,2026-07-07T23:54:24
SG글로벌,00152039,001380,KOSPI,연간x연결,재무제표,CV-3,PASS,rows=29 cols=19 slider_extended=True,,2026-07-07T23:54:24
SG글로벌,00152039,001380,KOSPI,연간x연결,재무제표,DS-2/DS-3,DONE,"cross-check completed for ['매출액', '영업이익']",,2026-07-07T23:54:24
SG글로벌,00152039,001380,KOSPI,연간x연결,지표,CV-6,PASS,default metric selection visible,,2026-07-07T23:54:24
SG글로벌,00152039,001380,KOSPI,연간x별도,재무제표,DS-1,PASS,,,2026-07-07T23:54:29
SG글로벌,00152039,001380,KOSPI,연간x별도,상단,DS-8,PASS,,,2026-07-07T23:54:29
SG글로벌,00152039,001380,KOSPI,연간x별도,상단,DS-7,PASS,"badges seen: ['✅', '🔎', '⚠']",,2026-07-07T23:54:29
SG글로벌,00152039,001380,KOSPI,연간x별도,재무제표,CV-3,PASS,rows=29 cols=28 slider_extended=True,,2026-07-07T23:54:29
SG글로벌,00152039,001380,KOSPI,연간x별도,재무제표,DS-2/DS-3,DONE,"cross-check completed for ['매출액', '영업이익']",,2026-07-07T23:54:29
SG글로벌,00152039,001380,KOSPI,연간x별도,지표,CV-6,PASS,default metric selection visible,,2026-07-07T23:54:29
SG글로벌,00152039,001380,KOSPI,분기x연결,재무제표,DS-1,PASS,,,2026-07-07T23:54:36
SG글로벌,00152039,001380,KOSPI,분기x연결,상단,DS-8,PASS,,,2026-07-07T23:54:36
SG글로벌,00152039,001380,KOSPI,분기x연결,상단,DS-7,PASS,"badges seen: ['✅', '🔎']",,2026-07-07T23:54:36
SG글로벌,00152039,001380,KOSPI,분기x연결,재무제표,CV-3,PASS,rows=29 cols=74 slider_extended=True,,2026-07-07T23:54:36
SG글로벌,00152039,001380,KOSPI,분기x연결,재무제표,DS-2/DS-3,DONE,"cross-check completed for ['매출액', '영업이익']",,2026-07-07T23:54:36
SG글로벌,00152039,001380,KOSPI,분기x연결,지표,CV-6,PASS,default metric selection visible,,2026-07-07T23:54:36
SG글로벌,00152039,001380,KOSPI,분기x별도,재무제표,DS-1,PASS,,,2026-07-07T23:54:43
SG글로벌,00152039,001380,KOSPI,분기x별도,상단,DS-8,PASS,,,2026-07-07T23:54:43
SG글로벌,00152039,001380,KOSPI,분기x별도,상단,DS-7,PASS,"badges seen: ['✅', '🔎']",,2026-07-07T23:54:43
SG글로벌,00152039,001380,KOSPI,분기x별도,재무제표,CV-3,PASS,rows=29 cols=91 slider_extended=True,,2026-07-07T23:54:43
SG글로벌,00152039,001380,KOSPI,분기x별도,재무제표,DS-2/DS-3,DONE,"cross-check completed for ['매출액', '영업이익']",,2026-07-07T23:54:43
SG글로벌,00152039,001380,KOSPI,분기x별도,지표,CV-6,PASS,default metric selection visible,,2026-07-07T23:54:43
SG세계물산,00133511,004060,KOSPI,연간x연결,재무제표,DS-1,PASS,,,2026-07-07T23:54:57
SG세계물산,00133511,004060,KOSPI,연간x연결,상단,DS-8,PASS,,,2026-07-07T23:54:57
SG세계물산,00133511,004060,KOSPI,연간x연결,상단,DS-7,PASS,"badges seen: ['✅', '🔎']",,2026-07-07T23:54:57
SG세계물산,00133511,004060,KOSPI,연간x연결,재무제표,CV-3,PASS,rows=29 cols=22 slider_extended=True,,2026-07-07T23:54:57
SG세계물산,00133511,004060,KOSPI,연간x연결,재무제표,DS-2/DS-3,DONE,"cross-check completed for ['매출액', '영업이익']",,2026-07-07T23:54:57
SG세계물산,00133511,004060,KOSPI,연간x연결,지표,CV-6,PASS,default metric selection visible,,2026-07-07T23:54:57
SG세계물산,00133511,004060,KOSPI,연간x별도,재무제표,DS-1,PASS,,,2026-07-07T23:55:02
SG세계물산,00133511,004060,KOSPI,연간x별도,상단,DS-8,PASS,,,2026-07-07T23:55:02
SG세계물산,00133511,004060,KOSPI,연간x별도,상단,DS-7,PASS,"badges seen: ['✅', '🔎']",,2026-07-07T23:55:02
SG세계물산,00133511,004060,KOSPI,연간x별도,재무제표,CV-3,PASS,rows=29 cols=27 slider_extended=True,,2026-07-07T23:55:02
SG세계물산,00133511,004060,KOSPI,연간x별도,재무제표,DS-2/DS-3,DONE,"cross-check completed for ['매출액', '영업이익']",,2026-07-07T23:55:02
SG세계물산,00133511,004060,KOSPI,연간x별도,지표,CV-6,PASS,default metric selection visible,,2026-07-07T23:55:02
SG세계물산,00133511,004060,KOSPI,분기x연결,재무제표,DS-1,PASS,,,2026-07-07T23:55:08
SG세계물산,00133511,004060,KOSPI,분기x연결,상단,DS-8,PASS,,,2026-07-07T23:55:08
SG세계물산,00133511,004060,KOSPI,분기x연결,상단,DS-7,PASS,"badges seen: ['✅', '🔎']",,2026-07-07T23:55:08
SG세계물산,00133511,004060,KOSPI,분기x연결,재무제표,CV-3,PASS,rows=29 cols=60 slider_extended=True,,2026-07-07T23:55:08
SG세계물산,00133511,004060,KOSPI,분기x연결,재무제표,DS-2/DS-3,DONE,"cross-check completed for ['매출액', '영업이익']",,2026-07-07T23:55:08
SG세계물산,00133511,004060,KOSPI,분기x연결,지표,CV-6,PASS,default metric selection visible,,2026-07-07T23:55:08
SG세계물산,00133511,004060,KOSPI,분기x별도,재무제표,DS-1,PASS,,,2026-07-07T23:55:15
SG세계물산,00133511,004060,KOSPI,분기x별도,상단,DS-8,PASS,,,2026-07-07T23:55:15
SG세계물산,00133511,004060,KOSPI,분기x별도,상단,DS-7,PASS,"badges seen: ['✅', '🔎']",,2026-07-07T23:55:15
SG세계물산,00133511,004060,KOSPI,분기x별도,재무제표,CV-3,PASS,rows=29 cols=80 slider_extended=True,,2026-07-07T23:55:15
SG세계물산,00133511,004060,KOSPI,분기x별도,재무제표,DS-2/DS-3,DONE,"cross-check completed for ['매출액', '영업이익']",,2026-07-07T23:55:15
SG세계물산,00133511,004060,KOSPI,분기x별도,지표,CV-6,PASS,default metric selection visible,,2026-07-07T23:55:15
SGC에너지,00125150,005090,KOSPI,연간x연결,재무제표,DS-1,PASS,,,2026-07-07T23:55:29
SGC에너지,00125150,005090,KOSPI,연간x연결,상단,DS-8,PASS,,,2026-07-07T23:55:29
SGC에너지,00125150,005090,KOSPI,연간x연결,상단,DS-7,PASS,"badges seen: ['✅', '🔎', '⚠']",,2026-07-07T23:55:29
SGC에너지,00125150,005090,KOSPI,연간x연결,재무제표,CV-3,PASS,rows=29 cols=18 slider_extended=True,,2026-07-07T23:55:29
SGC에너지,00125150,005090,KOSPI,연간x연결,재무제표,DS-2/DS-3,DONE,"cross-check completed for ['매출액', '영업이익']",,2026-07-07T23:55:29
SGC에너지,00125150,005090,KOSPI,연간x연결,지표,CV-6,PASS,default metrics not found,,2026-07-07T23:55:29
SGC에너지,00125150,005090,KOSPI,연간x별도,재무제표,DS-1,PASS,,,2026-07-07T23:55:34
SGC에너지,00125150,005090,KOSPI,연간x별도,상단,DS-8,PASS,,,2026-07-07T23:55:34
SGC에너지,00125150,005090,KOSPI,연간x별도,상단,DS-7,PASS,"badges seen: ['✅', '🔎', '⚠']",,2026-07-07T23:55:34
SGC에너지,00125150,005090,KOSPI,연간x별도,재무제표,CV-3,PASS,rows=29 cols=26 slider_extended=True,,2026-07-07T23:55:34
SGC에너지,00125150,005090,KOSPI,연간x별도,재무제표,DS-2/DS-3,DONE,"cross-check completed for ['매출액', '영업이익']",,2026-07-07T23:55:34
SGC에너지,00125150,005090,KOSPI,연간x별도,지표,CV-6,PASS,default metric selection visible,,2026-07-07T23:55:34
SGC에너지,00125150,005090,KOSPI,분기x연결,재무제표,DS-1,PASS,,,2026-07-07T23:55:40
SGC에너지,00125150,005090,KOSPI,분기x연결,상단,DS-8,PASS,,,2026-07-07T23:55:40
SGC에너지,00125150,005090,KOSPI,분기x연결,상단,DS-7,PASS,"badges seen: ['✅', '🔎']",,2026-07-07T23:55:40
SGC에너지,00125150,005090,KOSPI,분기x연결,재무제표,CV-3,PASS,rows=29 cols=61 slider_extended=True,,2026-07-07T23:55:40
SGC에너지,00125150,005090,KOSPI,분기x연결,재무제표,DS-2/DS-3,DONE,"cross-check completed for ['매출액', '영업이익']",,2026-07-07T23:55:40
SGC에너지,00125150,005090,KOSPI,분기x연결,지표,CV-6,PASS,default metric selection visible,,2026-07-07T23:55:40
SGC에너지,00125150,005090,KOSPI,분기x별도,재무제표,DS-1,PASS,,,2026-07-07T23:55:48
SGC에너지,00125150,005090,KOSPI,분기x별도,상단,DS-8,PASS,,,2026-07-07T23:55:48
SGC에너지,00125150,005090,KOSPI,분기x별도,상단,DS-7,PASS,"badges seen: ['✅', '🔎', '⚠']",,2026-07-07T23:55:48
SGC에너지,00125150,005090,KOSPI,분기x별도,재무제표,CV-3,PASS,rows=29 cols=81 slider_extended=True,,2026-07-07T23:55:48
SGC에너지,00125150,005090,KOSPI,분기x별도,재무제표,DS-2/DS-3,DONE,"cross-check completed for ['매출액', '영업이익']",,2026-07-07T23:55:48
SGC에너지,00125150,005090,KOSPI,분기x별도,지표,CV-6,PASS,default metric selection visible,,2026-07-07T23:55:48
SH에너지화학,00136457,002360,KOSPI,연간x연결,재무제표,DS-1,PASS,,,2026-07-07T23:56:01
SH에너지화학,00136457,002360,KOSPI,연간x연결,상단,DS-8,PASS,,,2026-07-07T23:56:01
SH에너지화학,00136457,002360,KOSPI,연간x연결,상단,DS-7,PASS,"badges seen: ['✅', '🔎']",,2026-07-07T23:56:01
SH에너지화학,00136457,002360,KOSPI,연간x연결,재무제표,CV-3,PASS,rows=29 cols=19 slider_extended=True,,2026-07-07T23:56:01
SH에너지화학,00136457,002360,KOSPI,연간x연결,재무제표,DS-2/DS-3,DONE,"cross-check completed for ['매출액', '영업이익']",,2026-07-07T23:56:01
SH에너지화학,00136457,002360,KOSPI,연간x연결,지표,CV-6,PASS,default metric selection visible,,2026-07-07T23:56:01
SH에너지화학,00136457,002360,KOSPI,연간x별도,재무제표,DS-1,PASS,,,2026-07-07T23:56:07
SH에너지화학,00136457,002360,KOSPI,연간x별도,상단,DS-8,PASS,,,2026-07-07T23:56:07
SH에너지화학,00136457,002360,KOSPI,연간x별도,상단,DS-7,PASS,"badges seen: ['✅', '🔎']",,2026-07-07T23:56:07
SH에너지화학,00136457,002360,KOSPI,연간x별도,재무제표,CV-3,PASS,rows=29 cols=27 slider_extended=True,,2026-07-07T23:56:07
SH에너지화학,00136457,002360,KOSPI,연간x별도,재무제표,DS-2/DS-3,DONE,"cross-check completed for ['매출액', '영업이익']",,2026-07-07T23:56:07
SH에너지화학,00136457,002360,KOSPI,연간x별도,지표,CV-6,PASS,default metric selection visible,,2026-07-07T23:56:07
SH에너지화학,00136457,002360,KOSPI,분기x연결,재무제표,DS-1,PASS,,,2026-07-07T23:56:13
SH에너지화학,00136457,002360,KOSPI,분기x연결,상단,DS-8,PASS,,,2026-07-07T23:56:13
SH에너지화학,00136457,002360,KOSPI,분기x연결,상단,DS-7,PASS,"badges seen: ['✅', '🔎']",,2026-07-07T23:56:13
SH에너지화학,00136457,002360,KOSPI,분기x연결,재무제표,CV-3,PASS,rows=29 cols=64 slider_extended=True,,2026-07-07T23:56:13
SH에너지화학,00136457,002360,KOSPI,분기x연결,재무제표,DS-2/DS-3,DONE,"cross-check completed for ['매출액', '영업이익']",,2026-07-07T23:56:13
SH에너지화학,00136457,002360,KOSPI,분기x연결,지표,CV-6,PASS,default metric selection visible,,2026-07-07T23:56:13
SH에너지화학,00136457,002360,KOSPI,분기x별도,재무제표,DS-1,PASS,,,2026-07-07T23:56:20
SH에너지화학,00136457,002360,KOSPI,분기x별도,상단,DS-8,PASS,,,2026-07-07T23:56:20
SH에너지화학,00136457,002360,KOSPI,분기x별도,상단,DS-7,PASS,"badges seen: ['✅', '🔎']",,2026-07-07T23:56:20
SH에너지화학,00136457,002360,KOSPI,분기x별도,재무제표,CV-3,PASS,rows=29 cols=79 slider_extended=True,,2026-07-07T23:56:20
SH에너지화학,00136457,002360,KOSPI,분기x별도,재무제표,DS-2/DS-3,DONE,"cross-check completed for ['매출액', '영업이익']",,2026-07-07T23:56:20
SH에너지화학,00136457,002360,KOSPI,분기x별도,지표,CV-6,PASS,default metric selection visible,,2026-07-07T23:56:20
SHD,00137809,001770,KOSPI,연간x연결,재무제표,DS-1,PASS,,,2026-07-07T23:56:34
SHD,00137809,001770,KOSPI,연간x연결,상단,DS-8,PASS,,,2026-07-07T23:56:34
SHD,00137809,001770,KOSPI,연간x연결,상단,DS-4,PASS,substitution caption present,,2026-07-07T23:56:34
SHD,00137809,001770,KOSPI,연간x연결,상단,DS-7,PASS,"badges seen: ['✅', '🔎', '⚠']",,2026-07-07T23:56:34
SHD,00137809,001770,KOSPI,연간x연결,재무제표,CV-3,PASS,rows=29 cols=27 slider_extended=True,,2026-07-07T23:56:34
SHD,00137809,001770,KOSPI,연간x연결,재무제표,DS-2/DS-3,DONE,"cross-check completed for ['매출액', '영업이익']",,2026-07-07T23:56:34
SHD,00137809,001770,KOSPI,연간x연결,지표,CV-6,PASS,default metric selection visible,,2026-07-07T23:56:34
SHD,00137809,001770,KOSPI,연간x별도,재무제표,DS-1,PASS,,,2026-07-07T23:56:39
SHD,00137809,001770,KOSPI,연간x별도,상단,DS-8,PASS,,,2026-07-07T23:56:39
SHD,00137809,001770,KOSPI,연간x별도,상단,DS-7,PASS,"badges seen: ['✅', '🔎', '⚠']",,2026-07-07T23:56:39
SHD,00137809,001770,KOSPI,연간x별도,재무제표,CV-3,PASS,rows=29 cols=27 slider_extended=True,,2026-07-07T23:56:39
SHD,00137809,001770,KOSPI,연간x별도,재무제표,DS-2/DS-3,DONE,"cross-check completed for ['매출액', '영업이익']",,2026-07-07T23:56:39
SHD,00137809,001770,KOSPI,연간x별도,지표,CV-6,PASS,default metric selection visible,,2026-07-07T23:56:39
SHD,00137809,001770,KOSPI,분기x연결,재무제표,DS-1,PASS,,,2026-07-07T23:56:45
SHD,00137809,001770,KOSPI,분기x연결,상단,DS-8,PASS,,,2026-07-07T23:56:45
SHD,00137809,001770,KOSPI,분기x연결,상단,DS-4,PASS,substitution caption present,,2026-07-07T23:56:45
SHD,00137809,001770,KOSPI,분기x연결,상단,DS-7,PASS,"badges seen: ['✅', '🔎']",,2026-07-07T23:56:45
SHD,00137809,001770,KOSPI,분기x연결,재무제표,CV-3,PASS,rows=29 cols=89 slider_extended=True,,2026-07-07T23:56:45
SHD,00137809,001770,KOSPI,분기x연결,재무제표,DS-2/DS-3,DONE,"cross-check completed for ['매출액', '영업이익']",,2026-07-07T23:56:45
SHD,00137809,001770,KOSPI,분기x연결,지표,CV-6,PASS,default metric selection visible,,2026-07-07T23:56:45
SHD,00137809,001770,KOSPI,분기x별도,재무제표,DS-1,PASS,,,2026-07-07T23:56:53
SHD,00137809,001770,KOSPI,분기x별도,상단,DS-8,PASS,,,2026-07-07T23:56:53
SHD,00137809,001770,KOSPI,분기x별도,상단,DS-7,PASS,"badges seen: ['✅', '🔎']",,2026-07-07T23:56:53
SHD,00137809,001770,KOSPI,분기x별도,재무제표,CV-3,PASS,rows=29 cols=89 slider_extended=True,,2026-07-07T23:56:53
SHD,00137809,001770,KOSPI,분기x별도,재무제표,DS-2/DS-3,DONE,"cross-check completed for ['매출액', '영업이익']",,2026-07-07T23:56:53
SHD,00137809,001770,KOSPI,분기x별도,지표,CV-6,PASS,default metric selection visible,,2026-07-07T23:56:53
SIMPAC,00138260,009160,KOSPI,연간x연결,재무제표,DS-1,PASS,,,2026-07-07T23:57:06
SIMPAC,00138260,009160,KOSPI,연간x연결,상단,DS-8,PASS,,,2026-07-07T23:57:06
SIMPAC,00138260,009160,KOSPI,연간x연결,상단,DS-7,PASS,"badges seen: ['✅', '🔎', '⚠']",,2026-07-07T23:57:06
SIMPAC,00138260,009160,KOSPI,연간x연결,재무제표,CV-3,PASS,rows=29 cols=19 slider_extended=True,,2026-07-07T23:57:06
SIMPAC,00138260,009160,KOSPI,연간x연결,재무제표,DS-2/DS-3,DONE,"cross-check completed for ['매출액', '영업이익']",,2026-07-07T23:57:06
SIMPAC,00138260,009160,KOSPI,연간x연결,지표,CV-6,PASS,default metric selection visible,,2026-07-07T23:57:06
SIMPAC,00138260,009160,KOSPI,연간x별도,재무제표,DS-1,PASS,,,2026-07-07T23:57:11
SIMPAC,00138260,009160,KOSPI,연간x별도,상단,DS-8,PASS,,,2026-07-07T23:57:11
SIMPAC,00138260,009160,KOSPI,연간x별도,상단,DS-7,PASS,"badges seen: ['✅', '🔎', '⚠']",,2026-07-07T23:57:11
SIMPAC,00138260,009160,KOSPI,연간x별도,재무제표,CV-3,PASS,rows=29 cols=28 slider_extended=True,,2026-07-07T23:57:11
SIMPAC,00138260,009160,KOSPI,연간x별도,재무제표,DS-2/DS-3,DONE,"cross-check completed for ['매출액', '영업이익']",,2026-07-07T23:57:11
SIMPAC,00138260,009160,KOSPI,연간x별도,지표,CV-6,PASS,default metric selection visible,,2026-07-07T23:57:11
SIMPAC,00138260,009160,KOSPI,분기x연결,재무제표,DS-1,PASS,,,2026-07-07T23:57:18
SIMPAC,00138260,009160,KOSPI,분기x연결,상단,DS-8,PASS,,,2026-07-07T23:57:18
SIMPAC,00138260,009160,KOSPI,분기x연결,상단,DS-7,PASS,"badges seen: ['✅', '🔎', '⚠']",,2026-07-07T23:57:18
SIMPAC,00138260,009160,KOSPI,분기x연결,재무제표,CV-3,PASS,rows=29 cols=60 slider_extended=True,,2026-07-07T23:57:18
SIMPAC,00138260,009160,KOSPI,분기x연결,재무제표,DS-2/DS-3,DONE,"cross-check completed for ['매출액', '영업이익']",,2026-07-07T23:57:18
SIMPAC,00138260,009160,KOSPI,분기x연결,지표,CV-6,PASS,default metric selection visible,,2026-07-07T23:57:18
SIMPAC,00138260,009160,KOSPI,분기x별도,재무제표,DS-1,PASS,,,2026-07-07T23:57:25
SIMPAC,00138260,009160,KOSPI,분기x별도,상단,DS-8,PASS,,,2026-07-07T23:57:25
SIMPAC,00138260,009160,KOSPI,분기x별도,상단,DS-7,PASS,"badges seen: ['✅', '🔎', '⚠']",,2026-07-07T23:57:25
SIMPAC,00138260,009160,KOSPI,분기x별도,재무제표,CV-3,PASS,rows=29 cols=91 slider_extended=True,,2026-07-07T23:57:25
SIMPAC,00138260,009160,KOSPI,분기x별도,재무제표,DS-2/DS-3,DONE,"cross-check completed for ['매출액', '영업이익']",,2026-07-07T23:57:25
SIMPAC,00138260,009160,KOSPI,분기x별도,지표,CV-6,PASS,default metric selection visible,,2026-07-07T23:57:25
SJG세종,00134510,033530,KOSPI,연간x연결,재무제표,DS-1,PASS,,,2026-07-07T23:57:39
SJG세종,00134510,033530,KOSPI,연간x연결,상단,DS-8,PASS,,,2026-07-07T23:57:39
SJG세종,00134510,033530,KOSPI,연간x연결,상단,DS-7,PASS,"badges seen: ['✅', '🔎', '⚠']",,2026-07-07T23:57:39
SJG세종,00134510,033530,KOSPI,연간x연결,재무제표,CV-3,PASS,rows=29 cols=19 slider_extended=True,,2026-07-07T23:57:39
SJG세종,00134510,033530,KOSPI,연간x연결,재무제표,DS-2/DS-3,DONE,"cross-check completed for ['매출액', '영업이익']",,2026-07-07T23:57:39
SJG세종,00134510,033530,KOSPI,연간x연결,지표,CV-6,PASS,default metric selection visible,,2026-07-07T23:57:39
SJG세종,00134510,033530,KOSPI,연간x별도,재무제표,DS-1,PASS,,,2026-07-07T23:57:44
SJG세종,00134510,033530,KOSPI,연간x별도,상단,DS-8,PASS,,,2026-07-07T23:57:44
SJG세종,00134510,033530,KOSPI,연간x별도,상단,DS-7,PASS,"badges seen: ['✅', '🔎', '⚠']",,2026-07-07T23:57:44
SJG세종,00134510,033530,KOSPI,연간x별도,재무제표,CV-3,PASS,rows=29 cols=27 slider_extended=True,,2026-07-07T23:57:44
SJG세종,00134510,033530,KOSPI,연간x별도,재무제표,DS-2/DS-3,DONE,"cross-check completed for ['매출액', '영업이익']",,2026-07-07T23:57:44
SJG세종,00134510,033530,KOSPI,연간x별도,지표,CV-6,PASS,default metric selection visible,,2026-07-07T23:57:44
SJG세종,00134510,033530,KOSPI,분기x연결,재무제표,DS-1,PASS,,,2026-07-07T23:57:50
SJG세종,00134510,033530,KOSPI,분기x연결,상단,DS-8,PASS,,,2026-07-07T23:57:50
SJG세종,00134510,033530,KOSPI,분기x연결,상단,DS-7,PASS,"badges seen: ['✅', '🔎']",,2026-07-07T23:57:50
SJG세종,00134510,033530,KOSPI,분기x연결,재무제표,CV-3,PASS,rows=29 cols=60 slider_extended=True,,2026-07-07T23:57:50
SJG세종,00134510,033530,KOSPI,분기x연결,재무제표,DS-2/DS-3,DONE,"cross-check completed for ['매출액', '영업이익']",,2026-07-07T23:57:50
SJG세종,00134510,033530,KOSPI,분기x연결,지표,CV-6,PASS,default metric selection visible,,2026-07-07T23:57:50
SJG세종,00134510,033530,KOSPI,분기x별도,재무제표,DS-1,PASS,,,2026-07-07T23:57:57
SJG세종,00134510,033530,KOSPI,분기x별도,상단,DS-8,PASS,,,2026-07-07T23:57:57
SJG세종,00134510,033530,KOSPI,분기x별도,상단,DS-7,PASS,"badges seen: ['✅', '🔎', '⚠']",,2026-07-07T23:57:57
SJG세종,00134510,033530,KOSPI,분기x별도,재무제표,CV-3,PASS,rows=29 cols=89 slider_extended=True,,2026-07-07T23:57:57
SJG세종,00134510,033530,KOSPI,분기x별도,재무제표,DS-2/DS-3,DONE,"cross-check completed for ['매출액', '영업이익']",,2026-07-07T23:57:57
SJG세종,00134510,033530,KOSPI,분기x별도,지표,CV-6,PASS,default metric selection visible,,2026-07-07T23:57:57
SK가스,00144164,018670,KOSPI,연간x연결,재무제표,DS-1,PASS,,,2026-07-07T23:58:11
SK가스,00144164,018670,KOSPI,연간x연결,상단,DS-8,PASS,,,2026-07-07T23:58:11
SK가스,00144164,018670,KOSPI,연간x연결,상단,DS-7,PASS,"badges seen: ['✅', '🔎']",,2026-07-07T23:58:11
SK가스,00144164,018670,KOSPI,연간x연결,재무제표,CV-3,PASS,rows=29 cols=20 slider_extended=True,,2026-07-07T23:58:11
SK가스,00144164,018670,KOSPI,연간x연결,재무제표,DS-2/DS-3,DONE,"cross-check completed for ['매출액', '영업이익']",,2026-07-07T23:58:11
SK가스,00144164,018670,KOSPI,연간x연결,지표,CV-6,PASS,default metric selection visible,,2026-07-07T23:58:11
SK가스,00144164,018670,KOSPI,연간x별도,재무제표,DS-1,PASS,,,2026-07-07T23:58:16
SK가스,00144164,018670,KOSPI,연간x별도,상단,DS-8,PASS,,,2026-07-07T23:58:16
SK가스,00144164,018670,KOSPI,연간x별도,상단,DS-7,PASS,"badges seen: ['✅', '🔎', '⚠']",,2026-07-07T23:58:16
SK가스,00144164,018670,KOSPI,연간x별도,재무제표,CV-3,PASS,rows=29 cols=27 slider_extended=True,,2026-07-07T23:58:16
SK가스,00144164,018670,KOSPI,연간x별도,재무제표,DS-2/DS-3,DONE,"cross-check completed for ['매출액', '영업이익']",,2026-07-07T23:58:16
SK가스,00144164,018670,KOSPI,연간x별도,지표,CV-6,PASS,default metric selection visible,,2026-07-07T23:58:16
SK가스,00144164,018670,KOSPI,분기x연결,재무제표,DS-1,PASS,,,2026-07-07T23:58:22
SK가스,00144164,018670,KOSPI,분기x연결,상단,DS-8,PASS,,,2026-07-07T23:58:22
SK가스,00144164,018670,KOSPI,분기x연결,상단,DS-7,PASS,"badges seen: ['✅', '🔎', '⚠']",,2026-07-07T23:58:22
SK가스,00144164,018670,KOSPI,분기x연결,재무제표,CV-3,PASS,rows=29 cols=68 slider_extended=True,,2026-07-07T23:58:22
SK가스,00144164,018670,KOSPI,분기x연결,재무제표,DS-2/DS-3,DONE,"cross-check completed for ['매출액', '영업이익']",,2026-07-07T23:58:22
SK가스,00144164,018670,KOSPI,분기x연결,지표,CV-6,PASS,default metric selection visible,,2026-07-07T23:58:22
SK가스,00144164,018670,KOSPI,분기x별도,재무제표,DS-1,PASS,,,2026-07-07T23:58:30
SK가스,00144164,018670,KOSPI,분기x별도,상단,DS-8,PASS,,,2026-07-07T23:58:30
SK가스,00144164,018670,KOSPI,분기x별도,상단,DS-7,PASS,"badges seen: ['✅', '🔎']",,2026-07-07T23:58:30
SK가스,00144164,018670,KOSPI,분기x별도,재무제표,CV-3,PASS,rows=29 cols=92 slider_extended=True,,2026-07-07T23:58:30
SK가스,00144164,018670,KOSPI,분기x별도,재무제표,DS-2/DS-3,DONE,"cross-check completed for ['매출액', '영업이익']",,2026-07-07T23:58:30
SK가스,00144164,018670,KOSPI,분기x별도,지표,CV-6,PASS,default metric selection visible,,2026-07-07T23:58:30
SK네트웍스,00131780,001740,KOSPI,연간x연결,재무제표,DS-1,PASS,,,2026-07-07T23:58:43
SK네트웍스,00131780,001740,KOSPI,연간x연결,상단,DS-8,PASS,,,2026-07-07T23:58:43
SK네트웍스,00131780,001740,KOSPI,연간x연결,상단,DS-7,PASS,"badges seen: ['✅', '🔎']",,2026-07-07T23:58:43
SK네트웍스,00131780,001740,KOSPI,연간x연결,재무제표,CV-3,PASS,rows=29 cols=23 slider_extended=True,,2026-07-07T23:58:43
SK네트웍스,00131780,001740,KOSPI,연간x연결,재무제표,DS-2/DS-3,DONE,"cross-check completed for ['매출액', '영업이익']",,2026-07-07T23:58:43
SK네트웍스,00131780,001740,KOSPI,연간x연결,지표,CV-6,PASS,default metric selection visible,,2026-07-07T23:58:43
SK네트웍스,00131780,001740,KOSPI,연간x별도,재무제표,DS-1,PASS,,,2026-07-07T23:58:49
SK네트웍스,00131780,001740,KOSPI,연간x별도,상단,DS-8,PASS,,,2026-07-07T23:58:49
SK네트웍스,00131780,001740,KOSPI,연간x별도,상단,DS-7,PASS,"badges seen: ['✅', '🔎', '⚠']",,2026-07-07T23:58:49
SK네트웍스,00131780,001740,KOSPI,연간x별도,재무제표,CV-3,PASS,rows=29 cols=27 slider_extended=True,,2026-07-07T23:58:49
SK네트웍스,00131780,001740,KOSPI,연간x별도,재무제표,DS-2/DS-3,DONE,"cross-check completed for ['매출액', '영업이익']",,2026-07-07T23:58:49
SK네트웍스,00131780,001740,KOSPI,연간x별도,지표,CV-6,PASS,default metric selection visible,,2026-07-07T23:58:49
SK네트웍스,00131780,001740,KOSPI,분기x연결,재무제표,DS-1,PASS,,,2026-07-07T23:58:55
SK네트웍스,00131780,001740,KOSPI,분기x연결,상단,DS-8,PASS,,,2026-07-07T23:58:55
SK네트웍스,00131780,001740,KOSPI,분기x연결,상단,DS-7,PASS,"badges seen: ['✅', '🔎']",,2026-07-07T23:58:55
SK네트웍스,00131780,001740,KOSPI,분기x연결,재무제표,CV-3,PASS,rows=29 cols=82 slider_extended=True,,2026-07-07T23:58:55
SK네트웍스,00131780,001740,KOSPI,분기x연결,재무제표,DS-2/DS-3,DONE,"cross-check completed for ['매출액', '영업이익']",,2026-07-07T23:58:55
SK네트웍스,00131780,001740,KOSPI,분기x연결,지표,CV-6,PASS,default metric selection visible,,2026-07-07T23:58:55
SK네트웍스,00131780,001740,KOSPI,분기x별도,재무제표,DS-1,PASS,,,2026-07-07T23:59:02
SK네트웍스,00131780,001740,KOSPI,분기x별도,상단,DS-8,PASS,,,2026-07-07T23:59:02
SK네트웍스,00131780,001740,KOSPI,분기x별도,상단,DS-7,PASS,"badges seen: ['✅', '🔎', '⚠']",,2026-07-07T23:59:02
SK네트웍스,00131780,001740,KOSPI,분기x별도,재무제표,CV-3,PASS,rows=29 cols=85 slider_extended=True,,2026-07-07T23:59:02
SK네트웍스,00131780,001740,KOSPI,분기x별도,재무제표,DS-2/DS-3,DONE,"cross-check completed for ['매출액', '영업이익']",,2026-07-07T23:59:02
SK네트웍스,00131780,001740,KOSPI,분기x별도,지표,CV-6,PASS,default metric selection visible,,2026-07-07T23:59:02
SK디스커버리,00131832,006120,KOSPI,연간x연결,재무제표,DS-1,PASS,,,2026-07-07T23:59:16
SK디스커버리,00131832,006120,KOSPI,연간x연결,상단,DS-8,PASS,,,2026-07-07T23:59:16
SK디스커버리,00131832,006120,KOSPI,연간x연결,상단,DS-7,PASS,"badges seen: ['✅', '🔎', '⚠']",,2026-07-07T23:59:16
SK디스커버리,00131832,006120,KOSPI,연간x연결,재무제표,CV-3,PASS,rows=29 cols=24 slider_extended=True,,2026-07-07T23:59:16
SK디스커버리,00131832,006120,KOSPI,연간x연결,재무제표,DS-2/DS-3,DONE,"cross-check completed for ['매출액', '영업이익']",,2026-07-07T23:59:16
SK디스커버리,00131832,006120,KOSPI,연간x연결,지표,CV-6,PASS,default metric selection visible,,2026-07-07T23:59:16
SK디스커버리,00131832,006120,KOSPI,연간x별도,재무제표,DS-1,PASS,,,2026-07-07T23:59:21
SK디스커버리,00131832,006120,KOSPI,연간x별도,상단,DS-8,PASS,,,2026-07-07T23:59:21
SK디스커버리,00131832,006120,KOSPI,연간x별도,상단,DS-7,PASS,"badges seen: ['✅', '🔎', '⚠']",,2026-07-07T23:59:21
SK디스커버리,00131832,006120,KOSPI,연간x별도,재무제표,CV-3,PASS,rows=29 cols=26 slider_extended=True,,2026-07-07T23:59:21
SK디스커버리,00131832,006120,KOSPI,연간x별도,재무제표,DS-2/DS-3,DONE,"cross-check completed for ['매출액', '영업이익']",,2026-07-07T23:59:21
SK디스커버리,00131832,006120,KOSPI,연간x별도,지표,CV-6,PASS,default metric selection visible,,2026-07-07T23:59:21
SK디스커버리,00131832,006120,KOSPI,분기x연결,재무제표,DS-1,PASS,,,2026-07-07T23:59:27
SK디스커버리,00131832,006120,KOSPI,분기x연결,상단,DS-8,PASS,,,2026-07-07T23:59:27
SK디스커버리,00131832,006120,KOSPI,분기x연결,상단,DS-7,PASS,"badges seen: ['✅', '🔎', '⚠']",,2026-07-07T23:59:27
SK디스커버리,00131832,006120,KOSPI,분기x연결,재무제표,CV-3,PASS,rows=29 cols=71 slider_extended=True,,2026-07-07T23:59:27
SK디스커버리,00131832,006120,KOSPI,분기x연결,재무제표,DS-2/DS-3,DONE,"cross-check completed for ['매출액', '영업이익']",,2026-07-07T23:59:27
SK디스커버리,00131832,006120,KOSPI,분기x연결,지표,CV-6,PASS,default metric selection visible,,2026-07-07T23:59:27
SK디스커버리,00131832,006120,KOSPI,분기x별도,재무제표,DS-1,PASS,,,2026-07-07T23:59:35
SK디스커버리,00131832,006120,KOSPI,분기x별도,상단,DS-8,PASS,,,2026-07-07T23:59:35
SK디스커버리,00131832,006120,KOSPI,분기x별도,상단,DS-7,PASS,"badges seen: ['✅', '🔎', '⚠']",,2026-07-07T23:59:35
SK디스커버리,00131832,006120,KOSPI,분기x별도,재무제표,CV-3,PASS,rows=29 cols=83 slider_extended=True,,2026-07-07T23:59:35
SK디스커버리,00131832,006120,KOSPI,분기x별도,재무제표,DS-2/DS-3,DONE,"cross-check completed for ['매출액', '영업이익']",,2026-07-07T23:59:35
SK디스커버리,00131832,006120,KOSPI,분기x별도,지표,CV-6,PASS,default metric selection visible,,2026-07-07T23:59:35
SK디앤디,00508344,210980,KOSPI,연간x연결,재무제표,DS-1,PASS,,,2026-07-07T23:59:49
SK디앤디,00508344,210980,KOSPI,연간x연결,상단,DS-8,PASS,,,2026-07-07T23:59:49
SK디앤디,00508344,210980,KOSPI,연간x연결,상단,DS-7,PASS,"badges seen: ['✅', '🔎']",,2026-07-07T23:59:49
SK디앤디,00508344,210980,KOSPI,연간x연결,재무제표,CV-3,PASS,rows=29 cols=15 slider_extended=True,,2026-07-07T23:59:49
SK디앤디,00508344,210980,KOSPI,연간x연결,재무제표,DS-2/DS-3,DONE,"cross-check completed for ['매출액', '영업이익']",,2026-07-07T23:59:49
SK디앤디,00508344,210980,KOSPI,연간x연결,지표,CV-6,PASS,default metric selection visible,,2026-07-07T23:59:49
SK디앤디,00508344,210980,KOSPI,연간x별도,재무제표,DS-1,PASS,,,2026-07-07T23:59:54
SK디앤디,00508344,210980,KOSPI,연간x별도,상단,DS-8,PASS,,,2026-07-07T23:59:54
SK디앤디,00508344,210980,KOSPI,연간x별도,상단,DS-7,PASS,"badges seen: ['✅', '🔎', '⚠']",,2026-07-07T23:59:54
SK디앤디,00508344,210980,KOSPI,연간x별도,재무제표,CV-3,PASS,rows=29 cols=15 slider_extended=True,,2026-07-07T23:59:54
SK디앤디,00508344,210980,KOSPI,연간x별도,재무제표,DS-2/DS-3,DONE,"cross-check completed for ['매출액', '영업이익']",,2026-07-07T23:59:54
SK디앤디,00508344,210980,KOSPI,연간x별도,지표,CV-6,PASS,default metric selection visible,,2026-07-07T23:59:54
SK디앤디,00508344,210980,KOSPI,분기x연결,재무제표,DS-1,PASS,,,2026-07-08T00:00:00
SK디앤디,00508344,210980,KOSPI,분기x연결,상단,DS-8,PASS,,,2026-07-08T00:00:00
SK디앤디,00508344,210980,KOSPI,분기x연결,상단,DS-7,PASS,"badges seen: ['✅', '🔎', '⚠']",,2026-07-08T00:00:00
SK디앤디,00508344,210980,KOSPI,분기x연결,재무제표,CV-3,PASS,rows=29 cols=52 slider_extended=True,,2026-07-08T00:00:00
SK디앤디,00508344,210980,KOSPI,분기x연결,재무제표,DS-2/DS-3,DONE,"cross-check completed for ['매출액', '영업이익']",,2026-07-08T00:00:00
SK디앤디,00508344,210980,KOSPI,분기x연결,지표,CV-6,PASS,default metric selection visible,,2026-07-08T00:00:00
SK디앤디,00508344,210980,KOSPI,분기x별도,재무제표,DS-1,PASS,,,2026-07-08T00:00:08
SK디앤디,00508344,210980,KOSPI,분기x별도,상단,DS-8,PASS,,,2026-07-08T00:00:08
SK디앤디,00508344,210980,KOSPI,분기x별도,상단,DS-7,PASS,"badges seen: ['✅', '🔎', '⚠']",,2026-07-08T00:00:08
SK디앤디,00508344,210980,KOSPI,분기x별도,재무제표,CV-3,PASS,rows=29 cols=52 slider_extended=True,,2026-07-08T00:00:08
SK디앤디,00508344,210980,KOSPI,분기x별도,재무제표,DS-2/DS-3,DONE,"cross-check completed for ['매출액', '영업이익']",,2026-07-08T00:00:08
SK디앤디,00508344,210980,KOSPI,분기x별도,지표,CV-6,PASS,default metric selection visible,,2026-07-08T00:00:08
SK바이오사이언스,01319899,302440,KOSPI,연간x연결,재무제표,DS-1,PASS,,,2026-07-08T00:00:21
SK바이오사이언스,01319899,302440,KOSPI,연간x연결,상단,DS-8,PASS,,,2026-07-08T00:00:21
SK바이오사이언스,01319899,302440,KOSPI,연간x연결,상단,DS-7,PASS,"badges seen: ['✅', '🔎', '⚠']",,2026-07-08T00:00:21
SK바이오사이언스,01319899,302440,KOSPI,연간x연결,재무제표,CV-3,PASS,rows=29 cols=8 slider_extended=True,,2026-07-08T00:00:21
SK바이오사이언스,01319899,302440,KOSPI,연간x연결,재무제표,DS-2/DS-3,DONE,"cross-check completed for ['매출액', '영업이익']",,2026-07-08T00:00:21
SK바이오사이언스,01319899,302440,KOSPI,연간x연결,지표,CV-6,PASS,default metric selection visible,,2026-07-08T00:00:21
SK바이오사이언스,01319899,302440,KOSPI,연간x별도,재무제표,DS-1,PASS,,,2026-07-08T00:00:26
SK바이오사이언스,01319899,302440,KOSPI,연간x별도,상단,DS-8,PASS,,,2026-07-08T00:00:26
SK바이오사이언스,01319899,302440,KOSPI,연간x별도,상단,DS-7,PASS,"badges seen: ['✅', '🔎', '⚠']",,2026-07-08T00:00:26
SK바이오사이언스,01319899,302440,KOSPI,연간x별도,재무제표,CV-3,PASS,rows=29 cols=10 slider_extended=True,,2026-07-08T00:00:26
SK바이오사이언스,01319899,302440,KOSPI,연간x별도,재무제표,DS-2/DS-3,DONE,"cross-check completed for ['매출액', '영업이익']",,2026-07-08T00:00:26
SK바이오사이언스,01319899,302440,KOSPI,연간x별도,지표,CV-6,PASS,default metric selection visible,,2026-07-08T00:00:26
SK바이오사이언스,01319899,302440,KOSPI,분기x연결,재무제표,DS-1,PASS,,,2026-07-08T00:00:32
SK바이오사이언스,01319899,302440,KOSPI,분기x연결,상단,DS-8,PASS,,,2026-07-08T00:00:32
SK바이오사이언스,01319899,302440,KOSPI,분기x연결,상단,DS-7,PASS,"badges seen: ['✅', '🔎']",,2026-07-08T00:00:32
SK바이오사이언스,01319899,302440,KOSPI,분기x연결,재무제표,CV-3,PASS,rows=29 cols=18 slider_extended=True,,2026-07-08T00:00:32
SK바이오사이언스,01319899,302440,KOSPI,분기x연결,재무제표,DS-2/DS-3,DONE,"cross-check completed for ['매출액', '영업이익']",,2026-07-08T00:00:32
SK바이오사이언스,01319899,302440,KOSPI,분기x연결,지표,CV-6,PASS,default metric selection visible,,2026-07-08T00:00:32
SK바이오사이언스,01319899,302440,KOSPI,분기x별도,재무제표,DS-1,PASS,,,2026-07-08T00:00:39
SK바이오사이언스,01319899,302440,KOSPI,분기x별도,상단,DS-8,PASS,,,2026-07-08T00:00:39
SK바이오사이언스,01319899,302440,KOSPI,분기x별도,상단,DS-7,PASS,"badges seen: ['✅', '🔎']",,2026-07-08T00:00:39
SK바이오사이언스,01319899,302440,KOSPI,분기x별도,재무제표,CV-3,PASS,rows=29 cols=14 slider_extended=True,,2026-07-08T00:00:39
SK바이오사이언스,01319899,302440,KOSPI,분기x별도,재무제표,DS-2/DS-3,DONE,"cross-check completed for ['매출액', '영업이익']",,2026-07-08T00:00:39
SK바이오사이언스,01319899,302440,KOSPI,분기x별도,지표,CV-6,PASS,default metric selection visible,,2026-07-08T00:00:39
SK스퀘어,01596425,402340,KOSPI,연간x연결,재무제표,DS-1,PASS,,,2026-07-08T00:00:53
SK스퀘어,01596425,402340,KOSPI,연간x연결,상단,DS-8,PASS,,,2026-07-08T00:00:53
SK스퀘어,01596425,402340,KOSPI,연간x연결,상단,DS-7,PASS,"badges seen: ['✅', '🔎', '⚠']",,2026-07-08T00:00:53
SK스퀘어,01596425,402340,KOSPI,연간x연결,재무제표,CV-3,PASS,rows=29 cols=8 slider_extended=True,,2026-07-08T00:00:53
SK스퀘어,01596425,402340,KOSPI,연간x연결,재무제표,DS-2/DS-3,DONE,"cross-check completed for ['매출액', '영업이익']",,2026-07-08T00:00:53
SK스퀘어,01596425,402340,KOSPI,연간x연결,지표,CV-6,PASS,default metric selection visible,,2026-07-08T00:00:53
SK스퀘어,01596425,402340,KOSPI,연간x별도,재무제표,DS-1,PASS,,,2026-07-08T00:00:58
SK스퀘어,01596425,402340,KOSPI,연간x별도,상단,DS-8,PASS,,,2026-07-08T00:00:58
SK스퀘어,01596425,402340,KOSPI,연간x별도,상단,DS-7,PASS,"badges seen: ['✅', '🔎', '⚠']",,2026-07-08T00:00:58
SK스퀘어,01596425,402340,KOSPI,연간x별도,재무제표,CV-3,PASS,rows=29 cols=8 slider_extended=True,,2026-07-08T00:00:58
SK스퀘어,01596425,402340,KOSPI,연간x별도,재무제표,DS-2/DS-3,DONE,"cross-check completed for ['매출액', '영업이익']",,2026-07-08T00:00:58
SK스퀘어,01596425,402340,KOSPI,연간x별도,지표,CV-6,PASS,default metric selection visible,,2026-07-08T00:00:58
SK스퀘어,01596425,402340,KOSPI,분기x연결,재무제표,DS-1,PASS,,,2026-07-08T00:01:04
SK스퀘어,01596425,402340,KOSPI,분기x연결,상단,DS-8,PASS,,,2026-07-08T00:01:04
SK스퀘어,01596425,402340,KOSPI,분기x연결,상단,DS-7,PASS,"badges seen: ['✅', '🔎', '⚠']",,2026-07-08T00:01:04
SK스퀘어,01596425,402340,KOSPI,분기x연결,재무제표,CV-3,PASS,rows=29 cols=22 slider_extended=True,,2026-07-08T00:01:04
SK스퀘어,01596425,402340,KOSPI,분기x연결,재무제표,DS-2/DS-3,DONE,"cross-check completed for ['매출액', '영업이익']",,2026-07-08T00:01:04
SK스퀘어,01596425,402340,KOSPI,분기x연결,지표,CV-6,PASS,default metric selection visible,,2026-07-08T00:01:04
SK스퀘어,01596425,402340,KOSPI,분기x별도,재무제표,DS-1,PASS,,,2026-07-08T00:01:11
SK스퀘어,01596425,402340,KOSPI,분기x별도,상단,DS-8,PASS,,,2026-07-08T00:01:11
SK스퀘어,01596425,402340,KOSPI,분기x별도,상단,DS-7,PASS,"badges seen: ['✅', '🔎', '⚠']",,2026-07-08T00:01:11
SK스퀘어,01596425,402340,KOSPI,분기x별도,재무제표,CV-3,PASS,rows=29 cols=22 slider_extended=True,,2026-07-08T00:01:11
SK스퀘어,01596425,402340,KOSPI,분기x별도,재무제표,DS-2/DS-3,DONE,"cross-check completed for ['매출액', '영업이익']",,2026-07-08T00:01:11
SK스퀘어,01596425,402340,KOSPI,분기x별도,지표,CV-6,PASS,default metric selection visible,,2026-07-08T00:01:11
SK아이이테크놀로지,01386916,361610,KOSPI,연간x연결,재무제표,DS-1,PASS,,,2026-07-08T00:01:25
SK아이이테크놀로지,01386916,361610,KOSPI,연간x연결,상단,DS-8,PASS,,,2026-07-08T00:01:25
SK아이이테크놀로지,01386916,361610,KOSPI,연간x연결,상단,DS-7,PASS,"badges seen: ['✅', '🔎']",,2026-07-08T00:01:25
SK아이이테크놀로지,01386916,361610,KOSPI,연간x연결,재무제표,CV-3,PASS,rows=29 cols=9 slider_extended=True,,2026-07-08T00:01:25
SK아이이테크놀로지,01386916,361610,KOSPI,연간x연결,재무제표,DS-2/DS-3,DONE,"cross-check completed for ['매출액', '영업이익']",,2026-07-08T00:01:25
SK아이이테크놀로지,01386916,361610,KOSPI,연간x연결,지표,CV-6,PASS,default metric selection visible,,2026-07-08T00:01:25
SK아이이테크놀로지,01386916,361610,KOSPI,연간x별도,재무제표,DS-1,PASS,,,2026-07-08T00:01:30
SK아이이테크놀로지,01386916,361610,KOSPI,연간x별도,상단,DS-8,PASS,,,2026-07-08T00:01:30
SK아이이테크놀로지,01386916,361610,KOSPI,연간x별도,상단,DS-7,PASS,"badges seen: ['✅', '🔎']",,2026-07-08T00:01:30
SK아이이테크놀로지,01386916,361610,KOSPI,연간x별도,재무제표,CV-3,PASS,rows=29 cols=9 slider_extended=True,,2026-07-08T00:01:30
SK아이이테크놀로지,01386916,361610,KOSPI,연간x별도,재무제표,DS-2/DS-3,DONE,"cross-check completed for ['매출액', '영업이익']",,2026-07-08T00:01:30
SK아이이테크놀로지,01386916,361610,KOSPI,연간x별도,지표,CV-6,PASS,default metric selection visible,,2026-07-08T00:01:30
SK아이이테크놀로지,01386916,361610,KOSPI,분기x연결,재무제표,DS-1,PASS,,,2026-07-08T00:01:37
SK아이이테크놀로지,01386916,361610,KOSPI,분기x연결,상단,DS-8,PASS,,,2026-07-08T00:01:37
SK아이이테크놀로지,01386916,361610,KOSPI,분기x연결,상단,DS-7,PASS,"badges seen: ['✅', '🔎']",,2026-07-08T00:01:37
SK아이이테크놀로지,01386916,361610,KOSPI,분기x연결,재무제표,CV-3,PASS,rows=29 cols=27 slider_extended=True,,2026-07-08T00:01:37
SK아이이테크놀로지,01386916,361610,KOSPI,분기x연결,재무제표,DS-2/DS-3,DONE,"cross-check completed for ['매출액', '영업이익']",,2026-07-08T00:01:37
SK아이이테크놀로지,01386916,361610,KOSPI,분기x연결,지표,CV-6,PASS,default metric selection visible,,2026-07-08T00:01:37
SK아이이테크놀로지,01386916,361610,KOSPI,분기x별도,재무제표,DS-1,PASS,,,2026-07-08T00:01:44
SK아이이테크놀로지,01386916,361610,KOSPI,분기x별도,상단,DS-8,PASS,,,2026-07-08T00:01:44
SK아이이테크놀로지,01386916,361610,KOSPI,분기x별도,상단,DS-7,PASS,"badges seen: ['✅', '🔎']",,2026-07-08T00:01:44
SK아이이테크놀로지,01386916,361610,KOSPI,분기x별도,재무제표,CV-3,PASS,rows=29 cols=27 slider_extended=True,,2026-07-08T00:01:44
SK아이이테크놀로지,01386916,361610,KOSPI,분기x별도,재무제표,DS-2/DS-3,DONE,"cross-check completed for ['매출액', '영업이익']",,2026-07-08T00:01:44
SK아이이테크놀로지,01386916,361610,KOSPI,분기x별도,지표,CV-6,PASS,default metric selection visible,,2026-07-08T00:01:44
SK오션플랜트,00480367,100090,KOSPI,연간x연결,재무제표,DS-1,PASS,,,2026-07-08T00:01:57
SK오션플랜트,00480367,100090,KOSPI,연간x연결,상단,DS-8,PASS,,,2026-07-08T00:01:57
SK오션플랜트,00480367,100090,KOSPI,연간x연결,상단,DS-7,PASS,"badges seen: ['✅', '🔎', '⚠']",,2026-07-08T00:01:57
SK오션플랜트,00480367,100090,KOSPI,연간x연결,재무제표,CV-3,PASS,rows=29 cols=13 slider_extended=True,,2026-07-08T00:01:57
SK오션플랜트,00480367,100090,KOSPI,연간x연결,재무제표,DS-2/DS-3,DONE,"cross-check completed for ['매출액', '영업이익']",,2026-07-08T00:01:57
SK오션플랜트,00480367,100090,KOSPI,연간x연결,지표,CV-6,PASS,default metric selection visible,,2026-07-08T00:01:57
SK오션플랜트,00480367,100090,KOSPI,연간x별도,재무제표,DS-1,PASS,,,2026-07-08T00:02:03
SK오션플랜트,00480367,100090,KOSPI,연간x별도,상단,DS-8,PASS,,,2026-07-08T00:02:03
SK오션플랜트,00480367,100090,KOSPI,연간x별도,상단,DS-7,PASS,"badges seen: ['✅', '🔎', '⚠']",,2026-07-08T00:02:03
SK오션플랜트,00480367,100090,KOSPI,연간x별도,재무제표,CV-3,PASS,rows=29 cols=22 slider_extended=True,,2026-07-08T00:02:03
SK오션플랜트,00480367,100090,KOSPI,연간x별도,재무제표,DS-2/DS-3,DONE,"cross-check completed for ['매출액', '영업이익']",,2026-07-08T00:02:03
SK오션플랜트,00480367,100090,KOSPI,연간x별도,지표,CV-6,PASS,default metric selection visible,,2026-07-08T00:02:03
SK오션플랜트,00480367,100090,KOSPI,분기x연결,재무제표,DS-1,PASS,,,2026-07-08T00:02:09
SK오션플랜트,00480367,100090,KOSPI,분기x연결,상단,DS-8,PASS,,,2026-07-08T00:02:09
SK오션플랜트,00480367,100090,KOSPI,분기x연결,상단,DS-7,PASS,"badges seen: ['✅', '🔎']",,2026-07-08T00:02:09
SK오션플랜트,00480367,100090,KOSPI,분기x연결,재무제표,CV-3,PASS,rows=29 cols=41 slider_extended=True,,2026-07-08T00:02:09
SK오션플랜트,00480367,100090,KOSPI,분기x연결,재무제표,DS-2/DS-3,DONE,"cross-check completed for ['매출액', '영업이익']",,2026-07-08T00:02:09
SK오션플랜트,00480367,100090,KOSPI,분기x연결,지표,CV-6,PASS,default metric selection visible,,2026-07-08T00:02:09
SK오션플랜트,00480367,100090,KOSPI,분기x별도,재무제표,DS-1,PASS,,,2026-07-08T00:02:16
SK오션플랜트,00480367,100090,KOSPI,분기x별도,상단,DS-8,PASS,,,2026-07-08T00:02:16
SK오션플랜트,00480367,100090,KOSPI,분기x별도,상단,DS-7,PASS,"badges seen: ['✅', '🔎']",,2026-07-08T00:02:16
SK오션플랜트,00480367,100090,KOSPI,분기x별도,재무제표,CV-3,PASS,rows=29 cols=73 slider_extended=True,,2026-07-08T00:02:16
SK오션플랜트,00480367,100090,KOSPI,분기x별도,재무제표,DS-2/DS-3,DONE,"cross-check completed for ['매출액', '영업이익']",,2026-07-08T00:02:16
SK오션플랜트,00480367,100090,KOSPI,분기x별도,지표,CV-6,PASS,default metric selection visible,,2026-07-08T00:02:16
SK이노베이션,00631518,096770,KOSPI,연간x연결,재무제표,DS-1,PASS,,,2026-07-08T00:02:30
SK이노베이션,00631518,096770,KOSPI,연간x연결,상단,DS-8,PASS,,,2026-07-08T00:02:30
SK이노베이션,00631518,096770,KOSPI,연간x연결,상단,DS-7,PASS,"badges seen: ['✅', '🔎']",,2026-07-08T00:02:30
SK이노베이션,00631518,096770,KOSPI,연간x연결,재무제표,CV-3,PASS,rows=29 cols=22 slider_extended=True,,2026-07-08T00:02:30
SK이노베이션,00631518,096770,KOSPI,연간x연결,재무제표,DS-2/DS-3,DONE,"cross-check completed for ['매출액', '영업이익']",,2026-07-08T00:02:30
SK이노베이션,00631518,096770,KOSPI,연간x연결,지표,CV-6,PASS,default metric selection visible,,2026-07-08T00:02:30
SK이노베이션,00631518,096770,KOSPI,연간x별도,재무제표,DS-1,PASS,,,2026-07-08T00:02:35
SK이노베이션,00631518,096770,KOSPI,연간x별도,상단,DS-8,PASS,,,2026-07-08T00:02:35
SK이노베이션,00631518,096770,KOSPI,연간x별도,상단,DS-7,PASS,"badges seen: ['✅', '🔎', '⚠']",,2026-07-08T00:02:35
SK이노베이션,00631518,096770,KOSPI,연간x별도,재무제표,CV-3,PASS,rows=29 cols=21 slider_extended=True,,2026-07-08T00:02:35
SK이노베이션,00631518,096770,KOSPI,연간x별도,재무제표,DS-2/DS-3,DONE,"cross-check completed for ['매출액', '영업이익']",,2026-07-08T00:02:35
SK이노베이션,00631518,096770,KOSPI,연간x별도,지표,CV-6,PASS,default metric selection visible,,2026-07-08T00:02:35
SK이노베이션,00631518,096770,KOSPI,분기x연결,재무제표,DS-1,PASS,,,2026-07-08T00:02:41
SK이노베이션,00631518,096770,KOSPI,분기x연결,상단,DS-8,PASS,,,2026-07-08T00:02:41
SK이노베이션,00631518,096770,KOSPI,분기x연결,상단,DS-7,PASS,"badges seen: ['✅', '🔎']",,2026-07-08T00:02:41
SK이노베이션,00631518,096770,KOSPI,분기x연결,재무제표,CV-3,PASS,rows=29 cols=73 slider_extended=True,,2026-07-08T00:02:41
SK이노베이션,00631518,096770,KOSPI,분기x연결,재무제표,DS-2/DS-3,DONE,"cross-check completed for ['매출액', '영업이익']",,2026-07-08T00:02:41
SK이노베이션,00631518,096770,KOSPI,분기x연결,지표,CV-6,FAIL,default metrics not found,,2026-07-08T00:02:41
SK이노베이션,00631518,096770,KOSPI,분기x별도,재무제표,DS-1,PASS,,,2026-07-08T00:02:49
SK이노베이션,00631518,096770,KOSPI,분기x별도,상단,DS-8,PASS,,,2026-07-08T00:02:49
SK이노베이션,00631518,096770,KOSPI,분기x별도,상단,DS-7,PASS,"badges seen: ['✅', '🔎', '⚠']",,2026-07-08T00:02:49
SK이노베이션,00631518,096770,KOSPI,분기x별도,재무제표,CV-3,PASS,rows=29 cols=73 slider_extended=True,,2026-07-08T00:02:49
SK이노베이션,00631518,096770,KOSPI,분기x별도,재무제표,DS-2/DS-3,DONE,"cross-check completed for ['매출액', '영업이익']",,2026-07-08T00:02:49
SK이노베이션,00631518,096770,KOSPI,분기x별도,지표,CV-6,PASS,default metric selection visible,,2026-07-08T00:02:49
SK이터닉스,01817081,475150,KOSPI,연간x연결,재무제표,DS-1,PASS,,,2026-07-08T00:03:02
SK이터닉스,01817081,475150,KOSPI,연간x연결,상단,DS-8,PASS,,,2026-07-08T00:03:02
SK이터닉스,01817081,475150,KOSPI,연간x연결,상단,DS-7,PASS,"badges seen: ['✅', '🔎']",,2026-07-08T00:03:02
SK이터닉스,01817081,475150,KOSPI,연간x연결,재무제표,CV-3,PASS,rows=29 cols=4 slider_extended=True,,2026-07-08T00:03:02
SK이터닉스,01817081,475150,KOSPI,연간x연결,재무제표,DS-2/DS-3,DONE,"cross-check completed for ['매출액', '영업이익']",,2026-07-08T00:03:02
SK이터닉스,01817081,475150,KOSPI,연간x연결,지표,CV-6,PASS,default metric selection visible,,2026-07-08T00:03:02
SK이터닉스,01817081,475150,KOSPI,연간x별도,재무제표,DS-1,PASS,,,2026-07-08T00:03:07
SK이터닉스,01817081,475150,KOSPI,연간x별도,상단,DS-8,PASS,,,2026-07-08T00:03:07
SK이터닉스,01817081,475150,KOSPI,연간x별도,상단,DS-7,PASS,"badges seen: ['✅', '🔎']",,2026-07-08T00:03:07
SK이터닉스,01817081,475150,KOSPI,연간x별도,재무제표,CV-3,PASS,rows=29 cols=4 slider_extended=True,,2026-07-08T00:03:07
SK이터닉스,01817081,475150,KOSPI,연간x별도,재무제표,DS-2/DS-3,DONE,"cross-check completed for ['매출액', '영업이익']",,2026-07-08T00:03:07
SK이터닉스,01817081,475150,KOSPI,연간x별도,지표,CV-6,PASS,default metric selection visible,,2026-07-08T00:03:07
SK이터닉스,01817081,475150,KOSPI,분기x연결,재무제표,DS-1,PASS,,,2026-07-08T00:03:13
SK이터닉스,01817081,475150,KOSPI,분기x연결,상단,DS-8,PASS,,,2026-07-08T00:03:13
SK이터닉스,01817081,475150,KOSPI,분기x연결,상단,DS-7,PASS,"badges seen: ['✅', '🔎', '⚠']",,2026-07-08T00:03:13
SK이터닉스,01817081,475150,KOSPI,분기x연결,재무제표,CV-3,PASS,rows=29 cols=12 slider_extended=True,,2026-07-08T00:03:13
SK이터닉스,01817081,475150,KOSPI,분기x연결,재무제표,DS-2/DS-3,DONE,"cross-check completed for ['매출액', '영업이익']",,2026-07-08T00:03:13
SK이터닉스,01817081,475150,KOSPI,분기x연결,지표,CV-6,PASS,default metric selection visible,,2026-07-08T00:03:13
SK이터닉스,01817081,475150,KOSPI,분기x별도,재무제표,DS-1,PASS,,,2026-07-08T00:03:21
SK이터닉스,01817081,475150,KOSPI,분기x별도,상단,DS-8,PASS,,,2026-07-08T00:03:21
SK이터닉스,01817081,475150,KOSPI,분기x별도,상단,DS-7,PASS,"badges seen: ['✅', '🔎', '⚠']",,2026-07-08T00:03:21
SK이터닉스,01817081,475150,KOSPI,분기x별도,재무제표,CV-3,PASS,rows=29 cols=12 slider_extended=True,,2026-07-08T00:03:21
SK이터닉스,01817081,475150,KOSPI,분기x별도,재무제표,DS-2/DS-3,DONE,"cross-check completed for ['매출액', '영업이익']",,2026-07-08T00:03:21
SK이터닉스,01817081,475150,KOSPI,분기x별도,지표,CV-6,PASS,default metric selection visible,,2026-07-08T00:03:21
SK증권,00131850,001510,KOSPI,연간x연결,재무제표,DS-1,PASS,,,2026-07-08T00:03:34
SK증권,00131850,001510,KOSPI,연간x연결,상단,DS-8,PASS,,,2026-07-08T00:03:34
SK증권,00131850,001510,KOSPI,연간x연결,상단,DS-7,PASS,"badges seen: ['✅', '🔎', '⚠']",,2026-07-08T00:03:34
SK증권,00131850,001510,KOSPI,연간x연결,재무제표,CV-3,PASS,rows=29 cols=17 slider_extended=True,,2026-07-08T00:03:34
SK증권,00131850,001510,KOSPI,연간x연결,재무제표,DS-2/DS-3,DONE,"cross-check completed for ['매출액', '영업이익']",,2026-07-08T00:03:34
SK증권,00131850,001510,KOSPI,연간x연결,지표,CV-6,PASS,default metric selection visible,,2026-07-08T00:03:34
SK증권,00131850,001510,KOSPI,연간x별도,재무제표,DS-1,PASS,,,2026-07-08T00:03:39
SK증권,00131850,001510,KOSPI,연간x별도,상단,DS-8,PASS,,,2026-07-08T00:03:39
SK증권,00131850,001510,KOSPI,연간x별도,상단,DS-7,PASS,"badges seen: ['✅', '🔎', '⚠']",,2026-07-08T00:03:39
SK증권,00131850,001510,KOSPI,연간x별도,재무제표,CV-3,PASS,rows=29 cols=24 slider_extended=True,,2026-07-08T00:03:39
SK증권,00131850,001510,KOSPI,연간x별도,재무제표,DS-2/DS-3,DONE,"cross-check completed for ['매출액', '영업이익']",,2026-07-08T00:03:39
SK증권,00131850,001510,KOSPI,연간x별도,지표,CV-6,PASS,default metric selection visible,,2026-07-08T00:03:39
SK증권,00131850,001510,KOSPI,분기x연결,재무제표,DS-1,PASS,,,2026-07-08T00:03:46
SK증권,00131850,001510,KOSPI,분기x연결,상단,DS-8,PASS,,,2026-07-08T00:03:46
SK증권,00131850,001510,KOSPI,분기x연결,상단,DS-7,PASS,"badges seen: ['✅', '🔎', '⚠']",,2026-07-08T00:03:46
SK증권,00131850,001510,KOSPI,분기x연결,재무제표,CV-3,PASS,rows=29 cols=14 slider_extended=True,,2026-07-08T00:03:46
SK증권,00131850,001510,KOSPI,분기x연결,재무제표,DS-2/DS-3,DONE,"cross-check completed for ['매출액', '영업이익']",,2026-07-08T00:03:46
SK증권,00131850,001510,KOSPI,분기x연결,지표,CV-6,PASS,default metric selection visible,,2026-07-08T00:03:46
SK증권,00131850,001510,KOSPI,분기x별도,재무제표,DS-1,PASS,,,2026-07-08T00:03:53
SK증권,00131850,001510,KOSPI,분기x별도,상단,DS-8,PASS,,,2026-07-08T00:03:53
SK증권,00131850,001510,KOSPI,분기x별도,상단,DS-7,PASS,"badges seen: ['✅', '🔎', '⚠']",,2026-07-08T00:03:53
SK증권,00131850,001510,KOSPI,분기x별도,재무제표,CV-3,PASS,rows=29 cols=73 slider_extended=True,,2026-07-08T00:03:53
SK증권,00131850,001510,KOSPI,분기x별도,재무제표,DS-2/DS-3,DONE,"cross-check completed for ['매출액', '영업이익']",,2026-07-08T00:03:53
SK증권,00131850,001510,KOSPI,분기x별도,지표,CV-6,PASS,default metric selection visible,,2026-07-08T00:03:53
SK케미칼,01267170,285130,KOSPI,연간x연결,재무제표,DS-1,PASS,,,2026-07-08T00:04:07
SK케미칼,01267170,285130,KOSPI,연간x연결,상단,DS-8,PASS,,,2026-07-08T00:04:07
SK케미칼,01267170,285130,KOSPI,연간x연결,상단,DS-7,PASS,"badges seen: ['✅', '🔎', '⚠']",,2026-07-08T00:04:07
SK케미칼,01267170,285130,KOSPI,연간x연결,재무제표,CV-3,PASS,rows=29 cols=11 slider_extended=True,,2026-07-08T00:04:07
SK케미칼,01267170,285130,KOSPI,연간x연결,재무제표,DS-2/DS-3,DONE,"cross-check completed for ['매출액', '영업이익']",,2026-07-08T00:04:07
SK케미칼,01267170,285130,KOSPI,연간x연결,지표,CV-6,PASS,default metric selection visible,,2026-07-08T00:04:07
SK케미칼,01267170,285130,KOSPI,연간x별도,재무제표,DS-1,PASS,,,2026-07-08T00:04:12
SK케미칼,01267170,285130,KOSPI,연간x별도,상단,DS-8,PASS,,,2026-07-08T00:04:12
SK케미칼,01267170,285130,KOSPI,연간x별도,상단,DS-7,PASS,"badges seen: ['✅', '🔎', '⚠']",,2026-07-08T00:04:12
SK케미칼,01267170,285130,KOSPI,연간x별도,재무제표,CV-3,PASS,rows=29 cols=11 slider_extended=True,,2026-07-08T00:04:12
SK케미칼,01267170,285130,KOSPI,연간x별도,재무제표,DS-2/DS-3,DONE,"cross-check completed for ['매출액', '영업이익']",,2026-07-08T00:04:12
SK케미칼,01267170,285130,KOSPI,연간x별도,지표,CV-6,PASS,default metric selection visible,,2026-07-08T00:04:12
SK케미칼,01267170,285130,KOSPI,분기x연결,재무제표,DS-1,PASS,,,2026-07-08T00:04:18
SK케미칼,01267170,285130,KOSPI,분기x연결,상단,DS-8,PASS,,,2026-07-08T00:04:18
SK케미칼,01267170,285130,KOSPI,분기x연결,상단,DS-7,PASS,"badges seen: ['✅', '🔎']",,2026-07-08T00:04:18
SK케미칼,01267170,285130,KOSPI,분기x연결,재무제표,CV-3,PASS,rows=29 cols=36 slider_extended=True,,2026-07-08T00:04:18
SK케미칼,01267170,285130,KOSPI,분기x연결,재무제표,DS-2/DS-3,DONE,"cross-check completed for ['매출액', '영업이익']",,2026-07-08T00:04:18
SK케미칼,01267170,285130,KOSPI,분기x연결,지표,CV-6,PASS,default metric selection visible,,2026-07-08T00:04:18
SK케미칼,01267170,285130,KOSPI,분기x별도,재무제표,DS-1,PASS,,,2026-07-08T00:04:25
SK케미칼,01267170,285130,KOSPI,분기x별도,상단,DS-8,PASS,,,2026-07-08T00:04:25
SK케미칼,01267170,285130,KOSPI,분기x별도,상단,DS-7,PASS,"badges seen: ['✅', '🔎', '⚠']",,2026-07-08T00:04:25
SK케미칼,01267170,285130,KOSPI,분기x별도,재무제표,CV-3,PASS,rows=29 cols=36 slider_extended=True,,2026-07-08T00:04:25
SK케미칼,01267170,285130,KOSPI,분기x별도,재무제표,DS-2/DS-3,DONE,"cross-check completed for ['매출액', '영업이익']",,2026-07-08T00:04:25
SK케미칼,01267170,285130,KOSPI,분기x별도,지표,CV-6,PASS,default metric selection visible,,2026-07-08T00:04:25
SK텔레콤,00159023,017670,KOSPI,연간x연결,재무제표,DS-1,PASS,,,2026-07-08T00:04:39
SK텔레콤,00159023,017670,KOSPI,연간x연결,상단,DS-8,PASS,,,2026-07-08T00:04:39
SK텔레콤,00159023,017670,KOSPI,연간x연결,상단,DS-7,PASS,"badges seen: ['✅', '🔎']",,2026-07-08T00:04:39
SK텔레콤,00159023,017670,KOSPI,연간x연결,재무제표,CV-3,PASS,rows=29 cols=21 slider_extended=True,,2026-07-08T00:04:39
SK텔레콤,00159023,017670,KOSPI,연간x연결,재무제표,DS-2/DS-3,DONE,"cross-check completed for ['매출액', '영업이익']",,2026-07-08T00:04:39
SK텔레콤,00159023,017670,KOSPI,연간x연결,지표,CV-6,PASS,default metric selection visible,,2026-07-08T00:04:39
SK텔레콤,00159023,017670,KOSPI,연간x별도,재무제표,DS-1,PASS,,,2026-07-08T00:04:44
SK텔레콤,00159023,017670,KOSPI,연간x별도,상단,DS-8,PASS,,,2026-07-08T00:04:44
SK텔레콤,00159023,017670,KOSPI,연간x별도,상단,DS-7,PASS,"badges seen: ['✅', '🔎']",,2026-07-08T00:04:44
SK텔레콤,00159023,017670,KOSPI,연간x별도,재무제표,CV-3,PASS,rows=29 cols=25 slider_extended=True,,2026-07-08T00:04:44
SK텔레콤,00159023,017670,KOSPI,연간x별도,재무제표,DS-2/DS-3,DONE,"cross-check completed for ['매출액', '영업이익']",,2026-07-08T00:04:44
SK텔레콤,00159023,017670,KOSPI,연간x별도,지표,CV-6,PASS,default metric selection visible,,2026-07-08T00:04:44
SK텔레콤,00159023,017670,KOSPI,분기x연결,재무제표,DS-1,PASS,,,2026-07-08T00:04:50
SK텔레콤,00159023,017670,KOSPI,분기x연결,상단,DS-8,PASS,,,2026-07-08T00:04:50
SK텔레콤,00159023,017670,KOSPI,분기x연결,상단,DS-7,PASS,"badges seen: ['✅', '🔎']",,2026-07-08T00:04:50
SK텔레콤,00159023,017670,KOSPI,분기x연결,재무제표,CV-3,PASS,rows=29 cols=14 slider_extended=True,,2026-07-08T00:04:50
SK텔레콤,00159023,017670,KOSPI,분기x연결,재무제표,DS-2/DS-3,DONE,"cross-check completed for ['매출액', '영업이익']",,2026-07-08T00:04:50
SK텔레콤,00159023,017670,KOSPI,분기x연결,지표,CV-6,PASS,default metric selection visible,,2026-07-08T00:04:50
SK텔레콤,00159023,017670,KOSPI,분기x별도,재무제표,DS-1,PASS,,,2026-07-08T00:04:57
SK텔레콤,00159023,017670,KOSPI,분기x별도,상단,DS-8,PASS,,,2026-07-08T00:04:57
SK텔레콤,00159023,017670,KOSPI,분기x별도,상단,DS-7,PASS,"badges seen: ['✅', '🔎']",,2026-07-08T00:04:57
SK텔레콤,00159023,017670,KOSPI,분기x별도,재무제표,CV-3,PASS,rows=29 cols=79 slider_extended=True,,2026-07-08T00:04:57
SK텔레콤,00159023,017670,KOSPI,분기x별도,재무제표,DS-2/DS-3,DONE,"cross-check completed for ['매출액', '영업이익']",,2026-07-08T00:04:57
SK텔레콤,00159023,017670,KOSPI,분기x별도,지표,CV-6,PASS,default metric selection visible,,2026-07-08T00:04:57
SKC,00139889,011790,KOSPI,연간x연결,재무제표,DS-1,PASS,,,2026-07-08T00:05:11
SKC,00139889,011790,KOSPI,연간x연결,상단,DS-8,PASS,,,2026-07-08T00:05:11
SKC,00139889,011790,KOSPI,연간x연결,상단,DS-7,PASS,"badges seen: ['✅', '🔎', '⚠']",,2026-07-08T00:05:11
SKC,00139889,011790,KOSPI,연간x연결,재무제표,CV-3,PASS,rows=29 cols=19 slider_extended=True,,2026-07-08T00:05:11
SKC,00139889,011790,KOSPI,연간x연결,재무제표,DS-2/DS-3,DONE,"cross-check completed for ['매출액', '영업이익']",,2026-07-08T00:05:11
SKC,00139889,011790,KOSPI,연간x연결,지표,CV-6,PASS,default metric selection visible,,2026-07-08T00:05:11
SKC,00139889,011790,KOSPI,연간x별도,재무제표,DS-1,PASS,,,2026-07-08T00:05:16
SKC,00139889,011790,KOSPI,연간x별도,상단,DS-8,PASS,,,2026-07-08T00:05:16
SKC,00139889,011790,KOSPI,연간x별도,상단,DS-7,PASS,"badges seen: ['✅', '🔎', '⚠']",,2026-07-08T00:05:16
SKC,00139889,011790,KOSPI,연간x별도,재무제표,CV-3,PASS,rows=29 cols=29 slider_extended=True,,2026-07-08T00:05:16
SKC,00139889,011790,KOSPI,연간x별도,재무제표,DS-2/DS-3,DONE,"cross-check completed for ['매출액', '영업이익']",,2026-07-08T00:05:16
SKC,00139889,011790,KOSPI,연간x별도,지표,CV-6,PASS,default metric selection visible,,2026-07-08T00:05:16
SKC,00139889,011790,KOSPI,분기x연결,재무제표,DS-1,PASS,,,2026-07-08T00:05:23
SKC,00139889,011790,KOSPI,분기x연결,상단,DS-8,PASS,,,2026-07-08T00:05:23
SKC,00139889,011790,KOSPI,분기x연결,상단,DS-7,PASS,"badges seen: ['✅', '🔎']",,2026-07-08T00:05:23
SKC,00139889,011790,KOSPI,분기x연결,재무제표,CV-3,PASS,rows=29 cols=69 slider_extended=True,,2026-07-08T00:05:23
SKC,00139889,011790,KOSPI,분기x연결,재무제표,DS-2/DS-3,DONE,"cross-check completed for ['매출액', '영업이익']",,2026-07-08T00:05:23
SKC,00139889,011790,KOSPI,분기x연결,지표,CV-6,PASS,default metric selection visible,,2026-07-08T00:05:23
SKC,00139889,011790,KOSPI,분기x별도,재무제표,DS-1,PASS,,,2026-07-08T00:05:30
SKC,00139889,011790,KOSPI,분기x별도,상단,DS-8,PASS,,,2026-07-08T00:05:30
SKC,00139889,011790,KOSPI,분기x별도,상단,DS-7,PASS,"badges seen: ['✅', '🔎', '⚠']",,2026-07-08T00:05:30
SKC,00139889,011790,KOSPI,분기x별도,재무제표,CV-3,PASS,rows=29 cols=86 slider_extended=True,,2026-07-08T00:05:30
SKC,00139889,011790,KOSPI,분기x별도,재무제표,DS-2/DS-3,DONE,"cross-check completed for ['매출액', '영업이익']",,2026-07-08T00:05:30
SKC,00139889,011790,KOSPI,분기x별도,지표,CV-6,PASS,default metric selection visible,,2026-07-08T00:05:30
SNT다이내믹스,00134477,003570,KOSPI,연간x연결,재무제표,DS-1,PASS,,,2026-07-08T00:05:44
SNT다이내믹스,00134477,003570,KOSPI,연간x연결,상단,DS-8,PASS,,,2026-07-08T00:05:44
SNT다이내믹스,00134477,003570,KOSPI,연간x연결,상단,DS-7,PASS,"badges seen: ['✅', '🔎', '⚠']",,2026-07-08T00:05:44
SNT다이내믹스,00134477,003570,KOSPI,연간x연결,재무제표,CV-3,PASS,rows=29 cols=19 slider_extended=True,,2026-07-08T00:05:44
SNT다이내믹스,00134477,003570,KOSPI,연간x연결,재무제표,DS-2/DS-3,DONE,"cross-check completed for ['매출액', '영업이익']",,2026-07-08T00:05:44
SNT다이내믹스,00134477,003570,KOSPI,연간x연결,지표,CV-6,PASS,default metric selection visible,,2026-07-08T00:05:44
SNT다이내믹스,00134477,003570,KOSPI,연간x별도,재무제표,DS-1,PASS,,,2026-07-08T00:05:49
SNT다이내믹스,00134477,003570,KOSPI,연간x별도,상단,DS-8,PASS,,,2026-07-08T00:05:49
SNT다이내믹스,00134477,003570,KOSPI,연간x별도,상단,DS-7,PASS,"badges seen: ['✅', '🔎', '⚠']",,2026-07-08T00:05:49
SNT다이내믹스,00134477,003570,KOSPI,연간x별도,재무제표,CV-3,PASS,rows=29 cols=30 slider_extended=True,,2026-07-08T00:05:49
SNT다이내믹스,00134477,003570,KOSPI,연간x별도,재무제표,DS-2/DS-3,DONE,"cross-check completed for ['매출액', '영업이익']",,2026-07-08T00:05:49
SNT다이내믹스,00134477,003570,KOSPI,연간x별도,지표,CV-6,PASS,default metric selection visible,,2026-07-08T00:05:49
SNT다이내믹스,00134477,003570,KOSPI,분기x연결,재무제표,DS-1,PASS,,,2026-07-08T00:05:55
SNT다이내믹스,00134477,003570,KOSPI,분기x연결,상단,DS-8,PASS,,,2026-07-08T00:05:55
SNT다이내믹스,00134477,003570,KOSPI,분기x연결,상단,DS-7,PASS,"badges seen: ['✅', '🔎', '⚠']",,2026-07-08T00:05:55
SNT다이내믹스,00134477,003570,KOSPI,분기x연결,재무제표,CV-3,PASS,rows=29 cols=63 slider_extended=True,,2026-07-08T00:05:55
SNT다이내믹스,00134477,003570,KOSPI,분기x연결,재무제표,DS-2/DS-3,DONE,"cross-check completed for ['매출액', '영업이익']",,2026-07-08T00:05:55
SNT다이내믹스,00134477,003570,KOSPI,분기x연결,지표,CV-6,PASS,default metric selection visible,,2026-07-08T00:05:55
SNT다이내믹스,00134477,003570,KOSPI,분기x별도,재무제표,DS-1,PASS,,,2026-07-08T00:06:03
SNT다이내믹스,00134477,003570,KOSPI,분기x별도,상단,DS-8,PASS,,,2026-07-08T00:06:03
SNT다이내믹스,00134477,003570,KOSPI,분기x별도,상단,DS-7,PASS,"badges seen: ['✅', '🔎', '⚠']",,2026-07-08T00:06:03
SNT다이내믹스,00134477,003570,KOSPI,분기x별도,재무제표,CV-3,PASS,rows=29 cols=86 slider_extended=True,,2026-07-08T00:06:03
SNT다이내믹스,00134477,003570,KOSPI,분기x별도,재무제표,DS-2/DS-3,DONE,"cross-check completed for ['매출액', '영업이익']",,2026-07-08T00:06:03
SNT다이내믹스,00134477,003570,KOSPI,분기x별도,지표,CV-6,PASS,default metric selection visible,,2026-07-08T00:06:03
SNT모티브,00398792,064960,KOSPI,연간x연결,재무제표,DS-1,PASS,,,2026-07-08T00:06:16
SNT모티브,00398792,064960,KOSPI,연간x연결,상단,DS-8,PASS,,,2026-07-08T00:06:16
SNT모티브,00398792,064960,KOSPI,연간x연결,상단,DS-7,PASS,"badges seen: ['✅', '🔎', '⚠']",,2026-07-08T00:06:16
SNT모티브,00398792,064960,KOSPI,연간x연결,재무제표,CV-3,PASS,rows=29 cols=19 slider_extended=True,,2026-07-08T00:06:16
SNT모티브,00398792,064960,KOSPI,연간x연결,재무제표,DS-2/DS-3,DONE,"cross-check completed for ['매출액', '영업이익']",,2026-07-08T00:06:16
SNT모티브,00398792,064960,KOSPI,연간x연결,지표,CV-6,PASS,default metric selection visible,,2026-07-08T00:06:16
SNT모티브,00398792,064960,KOSPI,연간x별도,재무제표,DS-1,PASS,,,2026-07-08T00:06:22
SNT모티브,00398792,064960,KOSPI,연간x별도,상단,DS-8,PASS,,,2026-07-08T00:06:22
SNT모티브,00398792,064960,KOSPI,연간x별도,상단,DS-7,PASS,"badges seen: ['✅', '🔎']",,2026-07-08T00:06:22
SNT모티브,00398792,064960,KOSPI,연간x별도,재무제표,CV-3,PASS,rows=29 cols=22 slider_extended=True,,2026-07-08T00:06:22
SNT모티브,00398792,064960,KOSPI,연간x별도,재무제표,DS-2/DS-3,DONE,"cross-check completed for ['매출액', '영업이익']",,2026-07-08T00:06:22
SNT모티브,00398792,064960,KOSPI,연간x별도,지표,CV-6,PASS,default metric selection visible,,2026-07-08T00:06:22
SNT모티브,00398792,064960,KOSPI,분기x연결,재무제표,DS-1,PASS,,,2026-07-08T00:06:28
SNT모티브,00398792,064960,KOSPI,분기x연결,상단,DS-8,PASS,,,2026-07-08T00:06:28
SNT모티브,00398792,064960,KOSPI,분기x연결,상단,DS-7,PASS,"badges seen: ['✅', '🔎']",,2026-07-08T00:06:28
SNT모티브,00398792,064960,KOSPI,분기x연결,재무제표,CV-3,PASS,rows=29 cols=70 slider_extended=True,,2026-07-08T00:06:28
SNT모티브,00398792,064960,KOSPI,분기x연결,재무제표,DS-2/DS-3,DONE,"cross-check completed for ['매출액', '영업이익']",,2026-07-08T00:06:28
SNT모티브,00398792,064960,KOSPI,분기x연결,지표,CV-6,PASS,default metric selection visible,,2026-07-08T00:06:28
SNT모티브,00398792,064960,KOSPI,분기x별도,재무제표,DS-1,PASS,,,2026-07-08T00:06:35
SNT모티브,00398792,064960,KOSPI,분기x별도,상단,DS-8,PASS,,,2026-07-08T00:06:35
SNT모티브,00398792,064960,KOSPI,분기x별도,상단,DS-7,PASS,"badges seen: ['✅', '🔎', '⚠']",,2026-07-08T00:06:35
SNT모티브,00398792,064960,KOSPI,분기x별도,재무제표,CV-3,PASS,rows=29 cols=85 slider_extended=True,,2026-07-08T00:06:35
SNT모티브,00398792,064960,KOSPI,분기x별도,재무제표,DS-2/DS-3,DONE,"cross-check completed for ['매출액', '영업이익']",,2026-07-08T00:06:35
SNT모티브,00398792,064960,KOSPI,분기x별도,지표,CV-6,PASS,default metric selection visible,,2026-07-08T00:06:35
SNT에너지,00648721,100840,KOSPI,연간x연결,재무제표,DS-1,PASS,,,2026-07-08T00:06:49
SNT에너지,00648721,100840,KOSPI,연간x연결,상단,DS-8,PASS,,,2026-07-08T00:06:49
SNT에너지,00648721,100840,KOSPI,연간x연결,상단,DS-7,PASS,"badges seen: ['✅', '🔎', '⚠']",,2026-07-08T00:06:49
SNT에너지,00648721,100840,KOSPI,연간x연결,재무제표,CV-3,PASS,rows=29 cols=11 slider_extended=True,,2026-07-08T00:06:49
SNT에너지,00648721,100840,KOSPI,연간x연결,재무제표,DS-2/DS-3,DONE,"cross-check completed for ['매출액', '영업이익']",,2026-07-08T00:06:49
SNT에너지,00648721,100840,KOSPI,연간x연결,지표,CV-6,PASS,default metric selection visible,,2026-07-08T00:06:49
SNT에너지,00648721,100840,KOSPI,연간x별도,재무제표,DS-1,PASS,,,2026-07-08T00:06:54
SNT에너지,00648721,100840,KOSPI,연간x별도,상단,DS-8,PASS,,,2026-07-08T00:06:54
SNT에너지,00648721,100840,KOSPI,연간x별도,상단,DS-7,PASS,"badges seen: ['✅', '🔎', '⚠']",,2026-07-08T00:06:54
SNT에너지,00648721,100840,KOSPI,연간x별도,재무제표,CV-3,PASS,rows=29 cols=12 slider_extended=True,,2026-07-08T00:06:54
SNT에너지,00648721,100840,KOSPI,연간x별도,재무제표,DS-2/DS-3,DONE,"cross-check completed for ['매출액', '영업이익']",,2026-07-08T00:06:54
SNT에너지,00648721,100840,KOSPI,연간x별도,지표,CV-6,PASS,default metric selection visible,,2026-07-08T00:06:54
SNT에너지,00648721,100840,KOSPI,분기x연결,재무제표,DS-1,PASS,,,2026-07-08T00:07:01
SNT에너지,00648721,100840,KOSPI,분기x연결,상단,DS-8,PASS,,,2026-07-08T00:07:01
SNT에너지,00648721,100840,KOSPI,분기x연결,상단,DS-7,PASS,"badges seen: ['✅', '🔎', '⚠']",,2026-07-08T00:07:01
SNT에너지,00648721,100840,KOSPI,분기x연결,재무제표,CV-3,PASS,rows=29 cols=35 slider_extended=True,,2026-07-08T00:07:01
SNT에너지,00648721,100840,KOSPI,분기x연결,재무제표,DS-2/DS-3,DONE,"cross-check completed for ['매출액', '영업이익']",,2026-07-08T00:07:01
SNT에너지,00648721,100840,KOSPI,분기x연결,지표,CV-6,PASS,default metric selection visible,,2026-07-08T00:07:01
SNT에너지,00648721,100840,KOSPI,분기x별도,재무제표,DS-1,PASS,,,2026-07-08T00:07:08
SNT에너지,00648721,100840,KOSPI,분기x별도,상단,DS-8,PASS,,,2026-07-08T00:07:08
SNT에너지,00648721,100840,KOSPI,분기x별도,상단,DS-7,PASS,"badges seen: ['✅', '🔎', '⚠']",,2026-07-08T00:07:08
SNT에너지,00648721,100840,KOSPI,분기x별도,재무제표,CV-3,PASS,rows=29 cols=70 slider_extended=True,,2026-07-08T00:07:08
SNT에너지,00648721,100840,KOSPI,분기x별도,재무제표,DS-2/DS-3,DONE,"cross-check completed for ['매출액', '영업이익']",,2026-07-08T00:07:08
SNT에너지,00648721,100840,KOSPI,분기x별도,지표,CV-6,PASS,default metric selection visible,,2026-07-08T00:07:08
SNT홀딩스,00225159,036530,KOSPI,연간x연결,재무제표,DS-1,PASS,,,2026-07-08T00:07:22
SNT홀딩스,00225159,036530,KOSPI,연간x연결,상단,DS-8,PASS,,,2026-07-08T00:07:22
SNT홀딩스,00225159,036530,KOSPI,연간x연결,상단,DS-7,PASS,"badges seen: ['✅', '🔎']",,2026-07-08T00:07:22
SNT홀딩스,00225159,036530,KOSPI,연간x연결,재무제표,CV-3,PASS,rows=29 cols=19 slider_extended=True,,2026-07-08T00:07:22
SNT홀딩스,00225159,036530,KOSPI,연간x연결,재무제표,DS-2/DS-3,DONE,"cross-check completed for ['매출액', '영업이익']",,2026-07-08T00:07:22
SNT홀딩스,00225159,036530,KOSPI,연간x연결,지표,CV-6,PASS,default metric selection visible,,2026-07-08T00:07:22
SNT홀딩스,00225159,036530,KOSPI,연간x별도,재무제표,DS-1,PASS,,,2026-07-08T00:07:27
SNT홀딩스,00225159,036530,KOSPI,연간x별도,상단,DS-8,PASS,,,2026-07-08T00:07:27
SNT홀딩스,00225159,036530,KOSPI,연간x별도,상단,DS-7,PASS,"badges seen: ['✅', '🔎', '⚠']",,2026-07-08T00:07:27
SNT홀딩스,00225159,036530,KOSPI,연간x별도,재무제표,CV-3,PASS,rows=29 cols=29 slider_extended=True,,2026-07-08T00:07:27
SNT홀딩스,00225159,036530,KOSPI,연간x별도,재무제표,DS-2/DS-3,DONE,"cross-check completed for ['매출액', '영업이익']",,2026-07-08T00:07:27
SNT홀딩스,00225159,036530,KOSPI,연간x별도,지표,CV-6,PASS,default metric selection visible,,2026-07-08T00:07:27
SNT홀딩스,00225159,036530,KOSPI,분기x연결,재무제표,DS-1,PASS,,,2026-07-08T00:07:33
SNT홀딩스,00225159,036530,KOSPI,분기x연결,상단,DS-8,PASS,,,2026-07-08T00:07:33
SNT홀딩스,00225159,036530,KOSPI,분기x연결,상단,DS-7,PASS,"badges seen: ['✅', '🔎']",,2026-07-08T00:07:33
SNT홀딩스,00225159,036530,KOSPI,분기x연결,재무제표,CV-3,PASS,rows=29 cols=69 slider_extended=True,,2026-07-08T00:07:33
SNT홀딩스,00225159,036530,KOSPI,분기x연결,재무제표,DS-2/DS-3,DONE,"cross-check completed for ['매출액', '영업이익']",,2026-07-08T00:07:33
SNT홀딩스,00225159,036530,KOSPI,분기x연결,지표,CV-6,PASS,default metric selection visible,,2026-07-08T00:07:33
SNT홀딩스,00225159,036530,KOSPI,분기x별도,재무제표,DS-1,PASS,,,2026-07-08T00:07:40
SNT홀딩스,00225159,036530,KOSPI,분기x별도,상단,DS-8,PASS,,,2026-07-08T00:07:40
SNT홀딩스,00225159,036530,KOSPI,분기x별도,상단,DS-7,PASS,"badges seen: ['✅', '🔎', '⚠']",,2026-07-08T00:07:40
SNT홀딩스,00225159,036530,KOSPI,분기x별도,재무제표,CV-3,PASS,rows=29 cols=92 slider_extended=True,,2026-07-08T00:07:40
SNT홀딩스,00225159,036530,KOSPI,분기x별도,재무제표,DS-2/DS-3,DONE,"cross-check completed for ['매출액', '영업이익']",,2026-07-08T00:07:40
SNT홀딩스,00225159,036530,KOSPI,분기x별도,지표,CV-6,PASS,default metric selection visible,,2026-07-08T00:07:40
SP삼화,00129387,000390,KOSPI,연간x연결,재무제표,DS-1,PASS,,,2026-07-08T00:07:54
SP삼화,00129387,000390,KOSPI,연간x연결,상단,DS-8,PASS,,,2026-07-08T00:07:54
SP삼화,00129387,000390,KOSPI,연간x연결,상단,DS-7,PASS,"badges seen: ['✅', '🔎', '⚠']",,2026-07-08T00:07:54
SP삼화,00129387,000390,KOSPI,연간x연결,재무제표,CV-3,PASS,rows=29 cols=22 slider_extended=True,,2026-07-08T00:07:54
SP삼화,00129387,000390,KOSPI,연간x연결,재무제표,DS-2/DS-3,DONE,"cross-check completed for ['매출액', '영업이익']",,2026-07-08T00:07:54
SP삼화,00129387,000390,KOSPI,연간x연결,지표,CV-6,PASS,default metric selection visible,,2026-07-08T00:07:54
SP삼화,00129387,000390,KOSPI,연간x별도,재무제표,DS-1,PASS,,,2026-07-08T00:08:00
SP삼화,00129387,000390,KOSPI,연간x별도,상단,DS-8,PASS,,,2026-07-08T00:08:00
SP삼화,00129387,000390,KOSPI,연간x별도,상단,DS-7,PASS,"badges seen: ['✅', '🔎', '⚠']",,2026-07-08T00:08:00
SP삼화,00129387,000390,KOSPI,연간x별도,재무제표,CV-3,PASS,rows=29 cols=27 slider_extended=True,,2026-07-08T00:08:00
SP삼화,00129387,000390,KOSPI,연간x별도,재무제표,DS-2/DS-3,DONE,"cross-check completed for ['매출액', '영업이익']",,2026-07-08T00:08:00
SP삼화,00129387,000390,KOSPI,연간x별도,지표,CV-6,PASS,default metric selection visible,,2026-07-08T00:08:00
SP삼화,00129387,000390,KOSPI,분기x연결,재무제표,DS-1,PASS,,,2026-07-08T00:08:06
SP삼화,00129387,000390,KOSPI,분기x연결,상단,DS-8,PASS,,,2026-07-08T00:08:06
SP삼화,00129387,000390,KOSPI,분기x연결,상단,DS-7,PASS,"badges seen: ['✅', '🔎']",,2026-07-08T00:08:06
SP삼화,00129387,000390,KOSPI,분기x연결,재무제표,CV-3,PASS,rows=29 cols=73 slider_extended=True,,2026-07-08T00:08:06
SP삼화,00129387,000390,KOSPI,분기x연결,재무제표,DS-2/DS-3,DONE,"cross-check completed for ['매출액', '영업이익']",,2026-07-08T00:08:06
SP삼화,00129387,000390,KOSPI,분기x연결,지표,CV-6,PASS,default metric selection visible,,2026-07-08T00:08:06
SP삼화,00129387,000390,KOSPI,분기x별도,재무제표,DS-1,PASS,,,2026-07-08T00:08:13
SP삼화,00129387,000390,KOSPI,분기x별도,상단,DS-8,PASS,,,2026-07-08T00:08:13
SP삼화,00129387,000390,KOSPI,분기x별도,상단,DS-7,PASS,"badges seen: ['✅', '🔎']",,2026-07-08T00:08:13
SP삼화,00129387,000390,KOSPI,분기x별도,재무제표,CV-3,PASS,rows=29 cols=80 slider_extended=True,,2026-07-08T00:08:13
SP삼화,00129387,000390,KOSPI,분기x별도,재무제표,DS-2/DS-3,DONE,"cross-check completed for ['매출액', '영업이익']",,2026-07-08T00:08:13
SP삼화,00129387,000390,KOSPI,분기x별도,지표,CV-6,PASS,default metric selection visible,,2026-07-08T00:08:13
STX,00138297,011810,KOSPI,연간x연결,재무제표,DS-1,PASS,,,2026-07-08T00:08:27
STX,00138297,011810,KOSPI,연간x연결,상단,DS-8,PASS,,,2026-07-08T00:08:27
STX,00138297,011810,KOSPI,연간x연결,상단,DS-7,PASS,"badges seen: ['✅', '🔎', '⚠']",,2026-07-08T00:08:27
STX,00138297,011810,KOSPI,연간x연결,재무제표,CV-3,PASS,rows=29 cols=22 slider_extended=True,,2026-07-08T00:08:27
STX,00138297,011810,KOSPI,연간x연결,재무제표,DS-2/DS-3,DONE,"cross-check completed for ['매출액', '영업이익']",,2026-07-08T00:08:27
STX,00138297,011810,KOSPI,연간x연결,지표,CV-6,PASS,default metric selection visible,,2026-07-08T00:08:27
STX,00138297,011810,KOSPI,연간x별도,재무제표,DS-1,PASS,,,2026-07-08T00:08:33
STX,00138297,011810,KOSPI,연간x별도,상단,DS-8,PASS,,,2026-07-08T00:08:33
STX,00138297,011810,KOSPI,연간x별도,상단,DS-7,PASS,"badges seen: ['✅', '🔎', '⚠']",,2026-07-08T00:08:33
STX,00138297,011810,KOSPI,연간x별도,재무제표,CV-3,PASS,rows=29 cols=27 slider_extended=True,,2026-07-08T00:08:33
STX,00138297,011810,KOSPI,연간x별도,재무제표,DS-2/DS-3,DONE,"cross-check completed for ['매출액', '영업이익']",,2026-07-08T00:08:33
STX,00138297,011810,KOSPI,연간x별도,지표,CV-6,PASS,default metric selection visible,,2026-07-08T00:08:33
STX,00138297,011810,KOSPI,분기x연결,재무제표,DS-1,PASS,,,2026-07-08T00:08:39
STX,00138297,011810,KOSPI,분기x연결,상단,DS-8,PASS,,,2026-07-08T00:08:39
STX,00138297,011810,KOSPI,분기x연결,상단,DS-7,PASS,"badges seen: ['✅', '🔎', '⚠']",,2026-07-08T00:08:39
STX,00138297,011810,KOSPI,분기x연결,재무제표,CV-3,PASS,rows=29 cols=63 slider_extended=True,,2026-07-08T00:08:39
STX,00138297,011810,KOSPI,분기x연결,재무제표,DS-2/DS-3,DONE,"cross-check completed for ['매출액', '영업이익']",,2026-07-08T00:08:39
STX,00138297,011810,KOSPI,분기x연결,지표,CV-6,PASS,default metric selection visible,,2026-07-08T00:08:39
STX,00138297,011810,KOSPI,분기x별도,재무제표,DS-1,PASS,,,2026-07-08T00:08:46
STX,00138297,011810,KOSPI,분기x별도,상단,DS-8,PASS,,,2026-07-08T00:08:46
STX,00138297,011810,KOSPI,분기x별도,상단,DS-7,PASS,"badges seen: ['✅', '🔎', '⚠']",,2026-07-08T00:08:46
STX,00138297,011810,KOSPI,분기x별도,재무제표,CV-3,PASS,rows=29 cols=87 slider_extended=True,,2026-07-08T00:08:46
STX,00138297,011810,KOSPI,분기x별도,재무제표,DS-2/DS-3,DONE,"cross-check completed for ['매출액', '영업이익']",,2026-07-08T00:08:46
STX,00138297,011810,KOSPI,분기x별도,지표,CV-6,PASS,default metric selection visible,,2026-07-08T00:08:46
STX그린로지스,01784394,465770,KOSPI,연간x연결,재무제표,DS-1,PASS,,,2026-07-08T00:09:00
STX그린로지스,01784394,465770,KOSPI,연간x연결,상단,DS-8,PASS,,,2026-07-08T00:09:00
STX그린로지스,01784394,465770,KOSPI,연간x연결,상단,DS-7,PASS,"badges seen: ['✅', '🔎', '⚠']",,2026-07-08T00:09:00
STX그린로지스,01784394,465770,KOSPI,연간x연결,재무제표,CV-3,PASS,rows=29 cols=5 slider_extended=True,,2026-07-08T00:09:00
STX그린로지스,01784394,465770,KOSPI,연간x연결,재무제표,DS-2/DS-3,DONE,"cross-check completed for ['매출액', '영업이익']",,2026-07-08T00:09:00
STX그린로지스,01784394,465770,KOSPI,연간x연결,지표,CV-6,PASS,default metric selection visible,,2026-07-08T00:09:00
STX그린로지스,01784394,465770,KOSPI,연간x별도,재무제표,DS-1,PASS,,,2026-07-08T00:09:05
STX그린로지스,01784394,465770,KOSPI,연간x별도,상단,DS-8,PASS,,,2026-07-08T00:09:05
STX그린로지스,01784394,465770,KOSPI,연간x별도,상단,DS-7,PASS,"badges seen: ['✅', '🔎', '⚠']",,2026-07-08T00:09:05
STX그린로지스,01784394,465770,KOSPI,연간x별도,재무제표,CV-3,PASS,rows=29 cols=5 slider_extended=True,,2026-07-08T00:09:05
STX그린로지스,01784394,465770,KOSPI,연간x별도,재무제표,DS-2/DS-3,DONE,"cross-check completed for ['매출액', '영업이익']",,2026-07-08T00:09:05
STX그린로지스,01784394,465770,KOSPI,연간x별도,지표,CV-6,PASS,default metric selection visible,,2026-07-08T00:09:05
STX그린로지스,01784394,465770,KOSPI,분기x연결,재무제표,DS-1,PASS,,,2026-07-08T00:09:12
STX그린로지스,01784394,465770,KOSPI,분기x연결,상단,DS-8,PASS,,,2026-07-08T00:09:12
STX그린로지스,01784394,465770,KOSPI,분기x연결,상단,DS-7,PASS,"badges seen: ['✅', '🔎', '⚠']",,2026-07-08T00:09:12
STX그린로지스,01784394,465770,KOSPI,분기x연결,재무제표,CV-3,PASS,rows=29 cols=13 slider_extended=True,,2026-07-08T00:09:12
STX그린로지스,01784394,465770,KOSPI,분기x연결,재무제표,DS-2/DS-3,DONE,"cross-check completed for ['매출액', '영업이익']",,2026-07-08T00:09:12
STX그린로지스,01784394,465770,KOSPI,분기x연결,지표,CV-6,PASS,default metric selection visible,,2026-07-08T00:09:12
STX그린로지스,01784394,465770,KOSPI,분기x별도,재무제표,DS-1,PASS,,,2026-07-08T00:09:19
STX그린로지스,01784394,465770,KOSPI,분기x별도,상단,DS-8,PASS,,,2026-07-08T00:09:19
STX그린로지스,01784394,465770,KOSPI,분기x별도,상단,DS-7,PASS,"badges seen: ['✅', '🔎', '⚠']",,2026-07-08T00:09:19
STX그린로지스,01784394,465770,KOSPI,분기x별도,재무제표,CV-3,PASS,rows=29 cols=13 slider_extended=True,,2026-07-08T00:09:19
STX그린로지스,01784394,465770,KOSPI,분기x별도,재무제표,DS-2/DS-3,DONE,"cross-check completed for ['매출액', '영업이익']",,2026-07-08T00:09:19
STX그린로지스,01784394,465770,KOSPI,분기x별도,지표,CV-6,PASS,default metric selection visible,,2026-07-08T00:09:19
STX엔진,00480455,077970,KOSPI,연간x연결,재무제표,DS-1,PASS,,,2026-07-08T00:09:32
STX엔진,00480455,077970,KOSPI,연간x연결,상단,DS-8,PASS,,,2026-07-08T00:09:32
STX엔진,00480455,077970,KOSPI,연간x연결,상단,DS-7,PASS,"badges seen: ['✅', '🔎', '⚠']",,2026-07-08T00:09:32
STX엔진,00480455,077970,KOSPI,연간x연결,재무제표,CV-3,PASS,rows=29 cols=21 slider_extended=True,,2026-07-08T00:09:32
STX엔진,00480455,077970,KOSPI,연간x연결,재무제표,DS-2/DS-3,DONE,"cross-check completed for ['매출액', '영업이익']",,2026-07-08T00:09:32
STX엔진,00480455,077970,KOSPI,연간x연결,지표,CV-6,PASS,default metric selection visible,,2026-07-08T00:09:32
STX엔진,00480455,077970,KOSPI,연간x별도,재무제표,DS-1,PASS,,,2026-07-08T00:09:38
STX엔진,00480455,077970,KOSPI,연간x별도,상단,DS-8,PASS,,,2026-07-08T00:09:38
STX엔진,00480455,077970,KOSPI,연간x별도,상단,DS-7,PASS,"badges seen: ['✅', '🔎', '⚠']",,2026-07-08T00:09:38
STX엔진,00480455,077970,KOSPI,연간x별도,재무제표,CV-3,PASS,rows=29 cols=23 slider_extended=True,,2026-07-08T00:09:38
STX엔진,00480455,077970,KOSPI,연간x별도,재무제표,DS-2/DS-3,DONE,"cross-check completed for ['매출액', '영업이익']",,2026-07-08T00:09:38
STX엔진,00480455,077970,KOSPI,연간x별도,지표,CV-6,PASS,default metric selection visible,,2026-07-08T00:09:38
STX엔진,00480455,077970,KOSPI,분기x연결,재무제표,DS-1,PASS,,,2026-07-08T00:09:44
STX엔진,00480455,077970,KOSPI,분기x연결,상단,DS-8,PASS,,,2026-07-08T00:09:44
STX엔진,00480455,077970,KOSPI,분기x연결,상단,DS-7,PASS,"badges seen: ['✅', '🔎', '⚠']",,2026-07-08T00:09:44
STX엔진,00480455,077970,KOSPI,분기x연결,재무제표,CV-3,PASS,rows=29 cols=69 slider_extended=True,,2026-07-08T00:09:44
STX엔진,00480455,077970,KOSPI,분기x연결,재무제표,DS-2/DS-3,DONE,"cross-check completed for ['매출액', '영업이익']",,2026-07-08T00:09:44
STX엔진,00480455,077970,KOSPI,분기x연결,지표,CV-6,PASS,default metric selection visible,,2026-07-08T00:09:44
STX엔진,00480455,077970,KOSPI,분기x별도,재무제표,DS-1,PASS,,,2026-07-08T00:09:51
STX엔진,00480455,077970,KOSPI,분기x별도,상단,DS-8,PASS,,,2026-07-08T00:09:51
STX엔진,00480455,077970,KOSPI,분기x별도,상단,DS-7,PASS,"badges seen: ['✅', '🔎', '⚠']",,2026-07-08T00:09:51
STX엔진,00480455,077970,KOSPI,분기x별도,재무제표,CV-3,PASS,rows=29 cols=81 slider_extended=True,,2026-07-08T00:09:51
STX엔진,00480455,077970,KOSPI,분기x별도,재무제표,DS-2/DS-3,DONE,"cross-check completed for ['매출액', '영업이익']",,2026-07-08T00:09:51
STX엔진,00480455,077970,KOSPI,분기x별도,지표,CV-6,PASS,default metric selection visible,,2026-07-08T00:09:51
SUN&L,00132211,002820,KOSPI,연간x연결,재무제표,DS-1,PASS,,,2026-07-08T00:10:05
SUN&L,00132211,002820,KOSPI,연간x연결,상단,DS-8,PASS,,,2026-07-08T00:10:05
SUN&L,00132211,002820,KOSPI,연간x연결,상단,DS-7,PASS,"badges seen: ['✅', '🔎']",,2026-07-08T00:10:05
SUN&L,00132211,002820,KOSPI,연간x연결,재무제표,CV-3,PASS,rows=29 cols=22 slider_extended=True,,2026-07-08T00:10:05
SUN&L,00132211,002820,KOSPI,연간x연결,재무제표,DS-2/DS-3,DONE,"cross-check completed for ['매출액', '영업이익']",,2026-07-08T00:10:05
SUN&L,00132211,002820,KOSPI,연간x연결,지표,CV-6,PASS,default metric selection visible,,2026-07-08T00:10:05
SUN&L,00132211,002820,KOSPI,연간x별도,재무제표,DS-1,PASS,,,2026-07-08T00:10:10
SUN&L,00132211,002820,KOSPI,연간x별도,상단,DS-8,PASS,,,2026-07-08T00:10:10
SUN&L,00132211,002820,KOSPI,연간x별도,상단,DS-7,PASS,"badges seen: ['✅', '🔎']",,2026-07-08T00:10:10
SUN&L,00132211,002820,KOSPI,연간x별도,재무제표,CV-3,PASS,rows=29 cols=24 slider_extended=True,,2026-07-08T00:10:10
SUN&L,00132211,002820,KOSPI,연간x별도,재무제표,DS-2/DS-3,DONE,"cross-check completed for ['매출액', '영업이익']",,2026-07-08T00:10:10
SUN&L,00132211,002820,KOSPI,연간x별도,지표,CV-6,PASS,default metric selection visible,,2026-07-08T00:10:10
SUN&L,00132211,002820,KOSPI,분기x연결,재무제표,DS-1,PASS,,,2026-07-08T00:10:16
SUN&L,00132211,002820,KOSPI,분기x연결,상단,DS-8,PASS,,,2026-07-08T00:10:16
SUN&L,00132211,002820,KOSPI,분기x연결,상단,DS-7,PASS,"badges seen: ['✅', '🔎']",,2026-07-08T00:10:16
SUN&L,00132211,002820,KOSPI,분기x연결,재무제표,CV-3,PASS,rows=29 cols=70 slider_extended=True,,2026-07-08T00:10:16
SUN&L,00132211,002820,KOSPI,분기x연결,재무제표,DS-2/DS-3,DONE,"cross-check completed for ['매출액', '영업이익']",,2026-07-08T00:10:16
SUN&L,00132211,002820,KOSPI,분기x연결,지표,CV-6,PASS,default metric selection visible,,2026-07-08T00:10:16
SUN&L,00132211,002820,KOSPI,분기x별도,재무제표,DS-1,PASS,,,2026-07-08T00:10:24
SUN&L,00132211,002820,KOSPI,분기x별도,상단,DS-8,PASS,,,2026-07-08T00:10:24
SUN&L,00132211,002820,KOSPI,분기x별도,상단,DS-7,PASS,"badges seen: ['✅', '🔎']",,2026-07-08T00:10:24
SUN&L,00132211,002820,KOSPI,분기x별도,재무제표,CV-3,PASS,rows=29 cols=76 slider_extended=True,,2026-07-08T00:10:24
SUN&L,00132211,002820,KOSPI,분기x별도,재무제표,DS-2/DS-3,DONE,"cross-check completed for ['매출액', '영업이익']",,2026-07-08T00:10:24
SUN&L,00132211,002820,KOSPI,분기x별도,지표,CV-6,PASS,default metric selection visible,,2026-07-08T00:10:24
SYTS,00127042,002170,KOSPI,연간x연결,재무제표,DS-1,PASS,,,2026-07-08T00:10:34
SYTS,00127042,002170,KOSPI,연간x연결,상단,DS-8,PASS,,,2026-07-08T00:10:34
SYTS,00127042,002170,KOSPI,연간x연결,상단,DS-7,PASS,"badges seen: ['✅', '🔎']",,2026-07-08T00:10:34
SYTS,00127042,002170,KOSPI,연간x연결,재무제표,CV-3,PASS,rows=29 cols=19 slider_extended=True,,2026-07-08T00:10:34
SYTS,00127042,002170,KOSPI,연간x연결,재무제표,DS-2/DS-3,DONE,"cross-check completed for ['매출액', '영업이익']",,2026-07-08T00:10:34
SYTS,00127042,002170,KOSPI,연간x연결,지표,CV-6,PASS,default metric selection visible,,2026-07-08T00:10:34
SYTS,00127042,002170,KOSPI,연간x별도,재무제표,DS-1,PASS,,,2026-07-08T00:10:39
SYTS,00127042,002170,KOSPI,연간x별도,상단,DS-8,PASS,,,2026-07-08T00:10:39
SYTS,00127042,002170,KOSPI,연간x별도,상단,DS-7,PASS,"badges seen: ['✅', '🔎']",,2026-07-08T00:10:39
SYTS,00127042,002170,KOSPI,연간x별도,재무제표,CV-3,PASS,rows=29 cols=24 slider_extended=True,,2026-07-08T00:10:39
SYTS,00127042,002170,KOSPI,연간x별도,재무제표,DS-2/DS-3,DONE,"cross-check completed for ['매출액', '영업이익']",,2026-07-08T00:10:39
SYTS,00127042,002170,KOSPI,연간x별도,지표,CV-6,PASS,default metric selection visible,,2026-07-08T00:10:39
SYTS,00127042,002170,KOSPI,분기x연결,재무제표,DS-1,PASS,,,2026-07-08T00:10:45
SYTS,00127042,002170,KOSPI,분기x연결,상단,DS-8,PASS,,,2026-07-08T00:10:45
SYTS,00127042,002170,KOSPI,분기x연결,상단,DS-7,PASS,"badges seen: ['✅', '🔎', '⚠']",,2026-07-08T00:10:45
SYTS,00127042,002170,KOSPI,분기x연결,재무제표,CV-3,PASS,rows=29 cols=68 slider_extended=True,,2026-07-08T00:10:45
SYTS,00127042,002170,KOSPI,분기x연결,재무제표,DS-2/DS-3,DONE,"cross-check completed for ['매출액', '영업이익']",,2026-07-08T00:10:45
SYTS,00127042,002170,KOSPI,분기x연결,지표,CV-6,PASS,default metric selection visible,,2026-07-08T00:10:45
SYTS,00127042,002170,KOSPI,분기x별도,재무제표,DS-1,PASS,,,2026-07-08T00:10:52
SYTS,00127042,002170,KOSPI,분기x별도,상단,DS-8,PASS,,,2026-07-08T00:10:52
SYTS,00127042,002170,KOSPI,분기x별도,상단,DS-7,PASS,"badges seen: ['✅', '🔎', '⚠']",,2026-07-08T00:10:52
SYTS,00127042,002170,KOSPI,분기x별도,재무제표,CV-3,PASS,rows=29 cols=79 slider_extended=True,,2026-07-08T00:10:52
SYTS,00127042,002170,KOSPI,분기x별도,재무제표,DS-2/DS-3,DONE,"cross-check completed for ['매출액', '영업이익']",,2026-07-08T00:10:52
SYTS,00127042,002170,KOSPI,분기x별도,지표,CV-6,PASS,default metric selection visible,,2026-07-08T00:10:52
TCC스틸,00117300,002710,KOSPI,연간x연결,재무제표,DS-1,PASS,,,2026-07-08T00:11:05
TCC스틸,00117300,002710,KOSPI,연간x연결,상단,DS-8,PASS,,,2026-07-08T00:11:05
TCC스틸,00117300,002710,KOSPI,연간x연결,상단,DS-7,PASS,"badges seen: ['✅', '🔎', '⚠']",,2026-07-08T00:11:05
TCC스틸,00117300,002710,KOSPI,연간x연결,재무제표,CV-3,PASS,rows=29 cols=19 slider_extended=True,,2026-07-08T00:11:05
TCC스틸,00117300,002710,KOSPI,연간x연결,재무제표,DS-2/DS-3,DONE,"cross-check completed for ['매출액', '영업이익']",,2026-07-08T00:11:05
TCC스틸,00117300,002710,KOSPI,연간x연결,지표,CV-6,PASS,default metric selection visible,,2026-07-08T00:11:05
TCC스틸,00117300,002710,KOSPI,연간x별도,재무제표,DS-1,PASS,,,2026-07-08T00:11:10
TCC스틸,00117300,002710,KOSPI,연간x별도,상단,DS-8,PASS,,,2026-07-08T00:11:10
TCC스틸,00117300,002710,KOSPI,연간x별도,상단,DS-7,PASS,"badges seen: ['✅', '🔎', '⚠']",,2026-07-08T00:11:10
TCC스틸,00117300,002710,KOSPI,연간x별도,재무제표,CV-3,PASS,rows=29 cols=25 slider_extended=True,,2026-07-08T00:11:10
TCC스틸,00117300,002710,KOSPI,연간x별도,재무제표,DS-2/DS-3,DONE,"cross-check completed for ['매출액', '영업이익']",,2026-07-08T00:11:10
TCC스틸,00117300,002710,KOSPI,연간x별도,지표,CV-6,PASS,default metric selection visible,,2026-07-08T00:11:10
TCC스틸,00117300,002710,KOSPI,분기x연결,재무제표,DS-1,PASS,,,2026-07-08T00:11:17
TCC스틸,00117300,002710,KOSPI,분기x연결,상단,DS-8,PASS,,,2026-07-08T00:11:17
TCC스틸,00117300,002710,KOSPI,분기x연결,상단,DS-7,PASS,"badges seen: ['✅', '🔎']",,2026-07-08T00:11:17
TCC스틸,00117300,002710,KOSPI,분기x연결,재무제표,CV-3,PASS,rows=29 cols=66 slider_extended=True,,2026-07-08T00:11:17
TCC스틸,00117300,002710,KOSPI,분기x연결,재무제표,DS-2/DS-3,DONE,"cross-check completed for ['매출액', '영업이익']",,2026-07-08T00:11:17
TCC스틸,00117300,002710,KOSPI,분기x연결,지표,CV-6,PASS,default metric selection visible,,2026-07-08T00:11:17
TCC스틸,00117300,002710,KOSPI,분기x별도,재무제표,DS-1,PASS,,,2026-07-08T00:11:24
TCC스틸,00117300,002710,KOSPI,분기x별도,상단,DS-8,PASS,,,2026-07-08T00:11:24
TCC스틸,00117300,002710,KOSPI,분기x별도,상단,DS-7,PASS,"badges seen: ['✅', '🔎']",,2026-07-08T00:11:24
TCC스틸,00117300,002710,KOSPI,분기x별도,재무제표,CV-3,PASS,rows=29 cols=85 slider_extended=True,,2026-07-08T00:11:24
TCC스틸,00117300,002710,KOSPI,분기x별도,재무제표,DS-2/DS-3,DONE,"cross-check completed for ['매출액', '영업이익']",,2026-07-08T00:11:24
TCC스틸,00117300,002710,KOSPI,분기x별도,지표,CV-6,PASS,default metric selection visible,,2026-07-08T00:11:24
삼익THK,00127802,004380,KOSPI,연간x연결,재무제표,DS-1,PASS,,,2026-07-08T00:11:38
삼익THK,00127802,004380,KOSPI,연간x연결,상단,DS-8,PASS,,,2026-07-08T00:11:38
삼익THK,00127802,004380,KOSPI,연간x연결,상단,DS-7,PASS,"badges seen: ['✅', '🔎']",,2026-07-08T00:11:38
삼익THK,00127802,004380,KOSPI,연간x연결,재무제표,CV-3,PASS,rows=29 cols=12 slider_extended=True,,2026-07-08T00:11:38
삼익THK,00127802,004380,KOSPI,연간x연결,재무제표,DS-2/DS-3,DONE,"cross-check completed for ['매출액', '영업이익']",,2026-07-08T00:11:38
삼익THK,00127802,004380,KOSPI,연간x연결,지표,CV-6,PASS,default metric selection visible,,2026-07-08T00:11:38
삼익THK,00127802,004380,KOSPI,연간x별도,재무제표,DS-1,PASS,,,2026-07-08T00:11:43
삼익THK,00127802,004380,KOSPI,연간x별도,상단,DS-8,PASS,,,2026-07-08T00:11:43
삼익THK,00127802,004380,KOSPI,연간x별도,상단,DS-7,PASS,"badges seen: ['✅', '🔎']",,2026-07-08T00:11:43
삼익THK,00127802,004380,KOSPI,연간x별도,재무제표,CV-3,PASS,rows=29 cols=28 slider_extended=True,,2026-07-08T00:11:43
삼익THK,00127802,004380,KOSPI,연간x별도,재무제표,DS-2/DS-3,DONE,"cross-check completed for ['매출액', '영업이익']",,2026-07-08T00:11:43
삼익THK,00127802,004380,KOSPI,연간x별도,지표,CV-6,PASS,default metric selection visible,,2026-07-08T00:11:43
삼익THK,00127802,004380,KOSPI,분기x연결,재무제표,DS-1,PASS,,,2026-07-08T00:11:50
삼익THK,00127802,004380,KOSPI,분기x연결,상단,DS-8,PASS,,,2026-07-08T00:11:50
삼익THK,00127802,004380,KOSPI,분기x연결,상단,DS-7,PASS,"badges seen: ['✅', '🔎']",,2026-07-08T00:11:50
삼익THK,00127802,004380,KOSPI,분기x연결,재무제표,CV-3,PASS,rows=29 cols=31 slider_extended=True,,2026-07-08T00:11:50
삼익THK,00127802,004380,KOSPI,분기x연결,재무제표,DS-2/DS-3,DONE,"cross-check completed for ['매출액', '영업이익']",,2026-07-08T00:11:50
삼익THK,00127802,004380,KOSPI,분기x연결,지표,CV-6,PASS,default metric selection visible,,2026-07-08T00:11:50
삼익THK,00127802,004380,KOSPI,분기x별도,재무제표,DS-1,PASS,,,2026-07-08T00:11:57
삼익THK,00127802,004380,KOSPI,분기x별도,상단,DS-8,PASS,,,2026-07-08T00:11:57
삼익THK,00127802,004380,KOSPI,분기x별도,상단,DS-7,PASS,"badges seen: ['✅', '🔎', '⚠']",,2026-07-08T00:11:57
삼익THK,00127802,004380,KOSPI,분기x별도,재무제표,CV-3,PASS,rows=29 cols=91 slider_extended=True,,2026-07-08T00:11:57
삼익THK,00127802,004380,KOSPI,분기x별도,재무제표,DS-2/DS-3,DONE,"cross-check completed for ['매출액', '영업이익']",,2026-07-08T00:11:57
삼익THK,00127802,004380,KOSPI,분기x별도,지표,CV-6,PASS,default metric selection visible,,2026-07-08T00:11:57
TP,00154329,007980,KOSPI,연간x연결,재무제표,DS-1,PASS,,,2026-07-08T00:12:11
TP,00154329,007980,KOSPI,연간x연결,상단,DS-8,PASS,,,2026-07-08T00:12:11
TP,00154329,007980,KOSPI,연간x연결,상단,DS-7,PASS,"badges seen: ['✅', '🔎', '⚠']",,2026-07-08T00:12:11
TP,00154329,007980,KOSPI,연간x연결,재무제표,CV-3,PASS,rows=29 cols=19 slider_extended=True,,2026-07-08T00:12:11
TP,00154329,007980,KOSPI,연간x연결,재무제표,DS-2/DS-3,DONE,"cross-check completed for ['매출액', '영업이익']",,2026-07-08T00:12:11
TP,00154329,007980,KOSPI,연간x연결,지표,CV-6,PASS,default metric selection visible,,2026-07-08T00:12:11
TP,00154329,007980,KOSPI,연간x별도,재무제표,DS-1,PASS,,,2026-07-08T00:12:16
TP,00154329,007980,KOSPI,연간x별도,상단,DS-8,PASS,,,2026-07-08T00:12:16
TP,00154329,007980,KOSPI,연간x별도,상단,DS-7,PASS,"badges seen: ['✅', '🔎', '⚠']",,2026-07-08T00:12:16
TP,00154329,007980,KOSPI,연간x별도,재무제표,CV-3,PASS,rows=29 cols=26 slider_extended=True,,2026-07-08T00:12:16
TP,00154329,007980,KOSPI,연간x별도,재무제표,DS-2/DS-3,DONE,"cross-check completed for ['매출액', '영업이익']",,2026-07-08T00:12:16
TP,00154329,007980,KOSPI,연간x별도,지표,CV-6,PASS,default metric selection visible,,2026-07-08T00:12:16
TP,00154329,007980,KOSPI,분기x연결,재무제표,DS-1,PASS,,,2026-07-08T00:12:22
TP,00154329,007980,KOSPI,분기x연결,상단,DS-8,PASS,,,2026-07-08T00:12:22
TP,00154329,007980,KOSPI,분기x연결,상단,DS-7,PASS,"badges seen: ['✅', '🔎']",,2026-07-08T00:12:22
TP,00154329,007980,KOSPI,분기x연결,재무제표,CV-3,PASS,rows=29 cols=65 slider_extended=True,,2026-07-08T00:12:22
TP,00154329,007980,KOSPI,분기x연결,재무제표,DS-2/DS-3,DONE,"cross-check completed for ['매출액', '영업이익']",,2026-07-08T00:12:22
TP,00154329,007980,KOSPI,분기x연결,지표,CV-6,PASS,default metric selection visible,,2026-07-08T00:12:22
TP,00154329,007980,KOSPI,분기x별도,재무제표,DS-1,PASS,,,2026-07-08T00:12:30
TP,00154329,007980,KOSPI,분기x별도,상단,DS-8,PASS,,,2026-07-08T00:12:30
TP,00154329,007980,KOSPI,분기x별도,상단,DS-7,PASS,"badges seen: ['✅', '🔎']",,2026-07-08T00:12:30
TP,00154329,007980,KOSPI,분기x별도,재무제표,CV-3,PASS,rows=29 cols=85 slider_extended=True,,2026-07-08T00:12:30
TP,00154329,007980,KOSPI,분기x별도,재무제표,DS-2/DS-3,DONE,"cross-check completed for ['매출액', '영업이익']",,2026-07-08T00:12:30
TP,00154329,007980,KOSPI,분기x별도,지표,CV-6,PASS,default metric selection visible,,2026-07-08T00:12:30
TYM,00117230,002900,KOSPI,연간x연결,재무제표,DS-1,PASS,,,2026-07-08T00:12:44
TYM,00117230,002900,KOSPI,연간x연결,상단,DS-8,PASS,,,2026-07-08T00:12:44
TYM,00117230,002900,KOSPI,연간x연결,상단,DS-7,PASS,"badges seen: ['✅', '🔎', '⚠']",,2026-07-08T00:12:44
TYM,00117230,002900,KOSPI,연간x연결,재무제표,CV-3,PASS,rows=29 cols=25 slider_extended=True,,2026-07-08T00:12:44
TYM,00117230,002900,KOSPI,연간x연결,재무제표,DS-2/DS-3,DONE,"cross-check completed for ['매출액', '영업이익']",,2026-07-08T00:12:44
TYM,00117230,002900,KOSPI,연간x연결,지표,CV-6,PASS,default metric selection visible,,2026-07-08T00:12:44
TYM,00117230,002900,KOSPI,연간x별도,재무제표,DS-1,PASS,,,2026-07-08T00:12:49
TYM,00117230,002900,KOSPI,연간x별도,상단,DS-8,PASS,,,2026-07-08T00:12:49
TYM,00117230,002900,KOSPI,연간x별도,상단,DS-7,PASS,"badges seen: ['✅', '🔎', '⚠']",,2026-07-08T00:12:49
TYM,00117230,002900,KOSPI,연간x별도,재무제표,CV-3,PASS,rows=29 cols=26 slider_extended=True,,2026-07-08T00:12:49
TYM,00117230,002900,KOSPI,연간x별도,재무제표,DS-2/DS-3,DONE,"cross-check completed for ['매출액', '영업이익']",,2026-07-08T00:12:49
TYM,00117230,002900,KOSPI,연간x별도,지표,CV-6,PASS,default metric selection visible,,2026-07-08T00:12:49
TYM,00117230,002900,KOSPI,분기x연결,재무제표,DS-1,PASS,,,2026-07-08T00:12:55
TYM,00117230,002900,KOSPI,분기x연결,상단,DS-8,PASS,,,2026-07-08T00:12:55
TYM,00117230,002900,KOSPI,분기x연결,상단,DS-7,PASS,"badges seen: ['✅', '🔎']",,2026-07-08T00:12:55
TYM,00117230,002900,KOSPI,분기x연결,재무제표,CV-3,PASS,rows=29 cols=79 slider_extended=True,,2026-07-08T00:12:55
TYM,00117230,002900,KOSPI,분기x연결,재무제표,DS-2/DS-3,DONE,"cross-check completed for ['매출액', '영업이익']",,2026-07-08T00:12:55
TYM,00117230,002900,KOSPI,분기x연결,지표,CV-6,PASS,default metric selection visible,,2026-07-08T00:12:55
TYM,00117230,002900,KOSPI,분기x별도,재무제표,DS-1,PASS,,,2026-07-08T00:13:03
TYM,00117230,002900,KOSPI,분기x별도,상단,DS-8,PASS,,,2026-07-08T00:13:03
TYM,00117230,002900,KOSPI,분기x별도,상단,DS-7,PASS,"badges seen: ['✅', '🔎']",,2026-07-08T00:13:03
TYM,00117230,002900,KOSPI,분기x별도,재무제표,CV-3,PASS,rows=29 cols=89 slider_extended=True,,2026-07-08T00:13:03
TYM,00117230,002900,KOSPI,분기x별도,재무제표,DS-2/DS-3,DONE,"cross-check completed for ['매출액', '영업이익']",,2026-07-08T00:13:03
TYM,00117230,002900,KOSPI,분기x별도,지표,CV-6,PASS,default metric selection visible,,2026-07-08T00:13:03
WISCOM,00142865,024070,KOSPI,연간x연결,재무제표,DS-1,PASS,,,2026-07-08T00:13:16
WISCOM,00142865,024070,KOSPI,연간x연결,상단,DS-8,PASS,,,2026-07-08T00:13:16
WISCOM,00142865,024070,KOSPI,연간x연결,상단,DS-7,PASS,"badges seen: ['✅', '🔎', '⚠']",,2026-07-08T00:13:16
WISCOM,00142865,024070,KOSPI,연간x연결,재무제표,CV-3,PASS,rows=29 cols=19 slider_extended=True,,2026-07-08T00:13:16
WISCOM,00142865,024070,KOSPI,연간x연결,재무제표,DS-2/DS-3,DONE,"cross-check completed for ['매출액', '영업이익']",,2026-07-08T00:13:16
WISCOM,00142865,024070,KOSPI,연간x연결,지표,CV-6,PASS,default metric selection visible,,2026-07-08T00:13:16
WISCOM,00142865,024070,KOSPI,연간x별도,재무제표,DS-1,PASS,,,2026-07-08T00:13:22
WISCOM,00142865,024070,KOSPI,연간x별도,상단,DS-8,PASS,,,2026-07-08T00:13:22
WISCOM,00142865,024070,KOSPI,연간x별도,상단,DS-7,PASS,"badges seen: ['✅', '🔎']",,2026-07-08T00:13:22
WISCOM,00142865,024070,KOSPI,연간x별도,재무제표,CV-3,PASS,rows=29 cols=22 slider_extended=True,,2026-07-08T00:13:22
WISCOM,00142865,024070,KOSPI,연간x별도,재무제표,DS-2/DS-3,DONE,"cross-check completed for ['매출액', '영업이익']",,2026-07-08T00:13:22
WISCOM,00142865,024070,KOSPI,연간x별도,지표,CV-6,PASS,default metric selection visible,,2026-07-08T00:13:22
WISCOM,00142865,024070,KOSPI,분기x연결,재무제표,DS-1,PASS,,,2026-07-08T00:13:28
WISCOM,00142865,024070,KOSPI,분기x연결,상단,DS-8,PASS,,,2026-07-08T00:13:28
WISCOM,00142865,024070,KOSPI,분기x연결,상단,DS-7,PASS,"badges seen: ['✅', '🔎']",,2026-07-08T00:13:28
WISCOM,00142865,024070,KOSPI,분기x연결,재무제표,CV-3,PASS,rows=29 cols=60 slider_extended=True,,2026-07-08T00:13:28
WISCOM,00142865,024070,KOSPI,분기x연결,재무제표,DS-2/DS-3,DONE,"cross-check completed for ['매출액', '영업이익']",,2026-07-08T00:13:28
WISCOM,00142865,024070,KOSPI,분기x연결,지표,CV-6,PASS,default metric selection visible,,2026-07-08T00:13:28
WISCOM,00142865,024070,KOSPI,분기x별도,재무제표,DS-1,PASS,,,2026-07-08T00:13:35
WISCOM,00142865,024070,KOSPI,분기x별도,상단,DS-8,PASS,,,2026-07-08T00:13:35
WISCOM,00142865,024070,KOSPI,분기x별도,상단,DS-7,PASS,"badges seen: ['✅', '🔎']",,2026-07-08T00:13:35
WISCOM,00142865,024070,KOSPI,분기x별도,재무제표,CV-3,PASS,rows=29 cols=73 slider_extended=True,,2026-07-08T00:13:35
WISCOM,00142865,024070,KOSPI,분기x별도,재무제표,DS-2/DS-3,DONE,"cross-check completed for ['매출액', '영업이익']",,2026-07-08T00:13:35
WISCOM,00142865,024070,KOSPI,분기x별도,지표,CV-6,PASS,default metric selection visible,,2026-07-08T00:13:35
YG PLUS,00249247,037270,KOSPI,연간x연결,재무제표,DS-1,PASS,,,2026-07-08T00:13:49
YG PLUS,00249247,037270,KOSPI,연간x연결,상단,DS-8,PASS,,,2026-07-08T00:13:49
YG PLUS,00249247,037270,KOSPI,연간x연결,상단,DS-7,PASS,"badges seen: ['✅', '🔎', '⚠']",,2026-07-08T00:13:49
YG PLUS,00249247,037270,KOSPI,연간x연결,재무제표,CV-3,PASS,rows=29 cols=19 slider_extended=True,,2026-07-08T00:13:49
YG PLUS,00249247,037270,KOSPI,연간x연결,재무제표,DS-2/DS-3,DONE,"cross-check completed for ['매출액', '영업이익']",,2026-07-08T00:13:49
YG PLUS,00249247,037270,KOSPI,연간x연결,지표,CV-6,PASS,default metric selection visible,,2026-07-08T00:13:49
YG PLUS,00249247,037270,KOSPI,연간x별도,재무제표,DS-1,PASS,,,2026-07-08T00:13:54
YG PLUS,00249247,037270,KOSPI,연간x별도,상단,DS-8,PASS,,,2026-07-08T00:13:54
YG PLUS,00249247,037270,KOSPI,연간x별도,상단,DS-7,PASS,"badges seen: ['✅', '🔎', '⚠']",,2026-07-08T00:13:54
YG PLUS,00249247,037270,KOSPI,연간x별도,재무제표,CV-3,PASS,rows=29 cols=27 slider_extended=True,,2026-07-08T00:13:54
YG PLUS,00249247,037270,KOSPI,연간x별도,재무제표,DS-2/DS-3,DONE,"cross-check completed for ['매출액', '영업이익']",,2026-07-08T00:13:54
YG PLUS,00249247,037270,KOSPI,연간x별도,지표,CV-6,PASS,default metric selection visible,,2026-07-08T00:13:54
YG PLUS,00249247,037270,KOSPI,분기x연결,재무제표,DS-1,PASS,,,2026-07-08T00:14:01
YG PLUS,00249247,037270,KOSPI,분기x연결,상단,DS-8,PASS,,,2026-07-08T00:14:01
YG PLUS,00249247,037270,KOSPI,분기x연결,상단,DS-7,PASS,"badges seen: ['✅', '🔎']",,2026-07-08T00:14:01
YG PLUS,00249247,037270,KOSPI,분기x연결,재무제표,CV-3,PASS,rows=29 cols=60 slider_extended=True,,2026-07-08T00:14:01
YG PLUS,00249247,037270,KOSPI,분기x연결,재무제표,DS-2/DS-3,DONE,"cross-check completed for ['매출액', '영업이익']",,2026-07-08T00:14:01
YG PLUS,00249247,037270,KOSPI,분기x연결,지표,CV-6,PASS,default metric selection visible,,2026-07-08T00:14:01
YG PLUS,00249247,037270,KOSPI,분기x별도,재무제표,DS-1,PASS,,,2026-07-08T00:14:08
YG PLUS,00249247,037270,KOSPI,분기x별도,상단,DS-8,PASS,,,2026-07-08T00:14:08
YG PLUS,00249247,037270,KOSPI,분기x별도,상단,DS-7,PASS,"badges seen: ['✅', '🔎', '⚠']",,2026-07-08T00:14:08
YG PLUS,00249247,037270,KOSPI,분기x별도,재무제표,CV-3,PASS,rows=29 cols=85 slider_extended=True,,2026-07-08T00:14:08
YG PLUS,00249247,037270,KOSPI,분기x별도,재무제표,DS-2/DS-3,DONE,"cross-check completed for ['매출액', '영업이익']",,2026-07-08T00:14:08
YG PLUS,00249247,037270,KOSPI,분기x별도,지표,CV-6,PASS,default metric selection visible,,2026-07-08T00:14:08
