20100209000003	00154718
20100211000331	00145686
20100212000144	00232089
20100212000236	00159731
20100216000100	00110893
20100216000149	00139685
20100413000082	00155373
20100503000467	00207375
20100506000350	00347716
20100510000483	00524421
20100510000697	00156910
20100511000660	00572905
20100512000806	00216498
20100513000389	00258360
20100513000539	00129642
20100513001069	00127936
20100513001366	00351807
20100513001626	00108490
20100513003238	00186939
20100514000034	00560122
20100514000121	00497631
20100514000232	00210856
20100514000316	00146560
20100514000465	00306719
20100514000727	00357607
20100514000815	00112651
20100514000986	00441304
20100514001063	00390860
20100514001200	00162911
20100514001337	00180263
20100514001457	00228350
20100514001509	00145914
20100514001559	00485177
20100514001596	00359395
20100514001748	00687711
20100514001785	00160375
20100514001846	00242934
20100514001897	00355089
20100514001961	00303396
20100514002129	00445841
20100514002224	00268251
20100514002299	00141389
20100514002344	00367455
20100514002422	00113410
20100514002572	00303192
20100514002661	00367604
20100514002727	00164830
20100514002759	00405719
20100514002849	00438036
20100514002895	00178790
20100514002943	00441447
20100514003119	00643656
20100514003168	00423177
20100514003222	00145437
20100514003244	00256380
20100514003284	00204226
20100514003327	00307028
20100514003360	00104999
20100514003414	00125743
20100514003530	00221728
20100514003738	00140566
20100514003811	00360674
20100514003865	00164812
20100514003949	00415594
20100514004016	00131197
20100514004227	00146861
20100517000082	00199988
20100517000167	00526678
20100517000224	00175623
20100517000288	00132637
20100517000403	00397191
20100517000425	00103015
20100517000456	00138242
20100517000485	00101044
20100517000520	00136776
20100517000539	00101752
20100517000602	00119195
20100517000642	00260958
20100517000663	00171636
20100517000688	00177816
20100517000757	00139889
20100517000773	00156442
20100517000796	00540641
20100517000816	00486370
20100517000896	00585538
20100517000920	00361008
20100517000944	00162461
20100517000966	00143651
20100517000981	00249502
20100517001002	00152127
20100517001018	00109718
20100517001094	00153126
20100517001115	00130383
20100517001145	00102432
20100517001164	00156956
20100517001186	00238782
20100517001197	00124799
20100517001212	00487546
20100517001228	00145880
20100517001256	00137207
20100517001284	00120562
20100517001332	00351092
20100517001397	00326731
20100517001426	00126308
20100517001455	00120030
20100517001480	00370255
20100517001519	00149026
20100517001551	00243067
20100517001631	00252135
20100517001660	00158501
20100517001692	00138792
20100519000019	00490151
20100526000032	00147772
20100623000222	00186452
20100729000008	00400060
20100805000213	00163345
20100809000071	00706715
20100810000169	00602136
20100811000019	00340272
20100811000205	00134565
20100812000006	00366942
20100812000054	00197759
20100812000120	00131896
20100812000166	00442905
20100812000237	00527491
20100812000353	00156488
20100813000003	00206659
20100813000029	00129642
20100813000098	00154055
20100813000124	00407285
20100813000140	00115676
20100813000155	00599957
20100813000173	00149354
20100813000187	00141477
20100813000212	00120289
20100813000262	00260392
20100813000300	00129679
20100813000310	00663669
20100813000330	00295547
20100813000367	00127954
20100813000468	00142883
20100813000505	00109754
20100813000555	00405320
20100813000569	00108135
20100813000581	00218575
20100813000598	00148610
20100813000608	00117577
20100813000637	00145163
20100813000682	00694942
20100813000700	00156150
20100813000725	00249441
20100813000750	00101220
20100813000775	00173351
20100813000811	00606664
20100813000830	00126788
20100813000874	00106313
20100813000941	00105040
20100813000986	00454946
20100813001025	00142713
20100813001044	00492894
20100813001064	00532059
20100813001088	00428251
20100813001112	00110884
20100813001160	00117276
20100816000008	00355089
20100816000050	00143907
20100816000074	00153375
20100816000090	00456218
20100816000107	00148948
20100816000120	00129271
20100816000136	00531014
20100816000158	00409672
20100816000176	00154718
20100816000213	00139719
20100816000224	00135050
20100816000246	00228059
20100816000295	00253985
20100816000311	00125150
20100816000337	00156442
20100816000349	00172291
20100816000412	00177816
20100816000435	00238153
20100816000451	00145862
20100816000487	00329093
20100816000499	00125743
20100816000533	00144818
20100816000562	00427483
20100816000575	00125530
20100816000622	00336297
20100816000643	00135917
20100816000658	00152127
20100816000698	00295857
20100816000714	00221728
20100816000732	00107613
20100816000749	00141556
20100816000789	00365590
20100816000811	00541163
20100816000831	00236863
20100816000851	00246620
20100816000870	00442455
20100816000893	00258801
20100816000933	00373021
20100816000944	00104768
20100816000961	00385336
20100816000990	00153339
20100816001029	00174527
20100816001060	00472890
20100816001107	00531917
20100816001135	00128111
20100816001153	00144164
20100816001191	00112059
20100816001215	00265005
20100816001230	00171867
20100816001254	00110583
20100816001314	00133812
20100816001408	00583026
20100818000222	00106313
20100827000251	00120021
20100830000182	00166272
20100830000416	00139834
20100901000333	00305570
20101001000174	00250137
20101025000199	00111111
20101102000065	00580056
20101105000092	00128111
20101108000067	00157399
20101109000018	00523307
20101110000016	00149804
20101110000091	00545929
20101110000182	00366942
20101110000274	00694942
20101111000034	00407285
20101111000064	00259590
20101111000095	00167004
20101111000172	00216498
20101111000222	00156910
20101112000003	00263654
20101112000016	00109718
20101112000059	00141875
20101112000078	00400060
20101112000106	00104120
20101112000121	00127936
20101112000170	00128607
20101112000192	00604426
20101112000219	00225159
20101112000232	00362858
20101112000267	00231442
20101112000287	00118266
20101112000322	00531014
20101112000340	00145686
20101112000418	00362858
20101112000435	00139153
20101112000451	00158565
20101112000463	00206686
20101112000477	00157991
20101112000535	00527491
20101112000576	00142883
20101112000602	00246620
20101112000644	00411048
20101112000769	00134565
20101112000819	00525679
20101112000848	00471068
20101112000872	00121534
20101112000905	00260611
20101115000010	00759294
20101115000034	00116408
20101115000064	00113492
20101115000079	00175623
20101115000096	00127954
20101115000140	00453929
20101115000180	00242712
20101115000224	00173795
20101115000308	00359076
20101115000322	00226352
20101115000345	00591441
20101115000354	00329093
20101115000391	00220057
20101115000408	00371485
20101115000437	00133511
20101115000518	00125974
20101115000531	00125822
20101115000541	00203023
20101115000574	00526872
20101115000605	00178790
20101115000620	00121570
20101115000647	00155151
20101115000658	00106313
20101115000683	00136086
20101115000742	00541163
20101115000753	00174527
20101115000768	00411385
20101115000783	00136226
20101115000802	00190321
20101115000852	00150536
20101115000890	00397191
20101115000926	00380429
20101115000946	00145880
20101115000976	00148832
20101115001000	00173999
20101115001023	00120562
20101115001050	00153339
20101115001076	00136378
20101115001111	00249502
20101115001130	00384717
20101115001147	00125576
20101115001162	00152880
20101115001180	00339072
20101115001205	00351375
20101115001225	00129271
20101115001241	00107613
20101115001256	00111810
20101115001277	00447928
20101115001289	00492894
20101115001337	00145190
20101115001382	00109037
20101115001418	00397058
20101115001445	00156442
20101115001459	00102858
20101115001489	00306870
20101115001506	00635134
20101115001529	00130772
20101115001549	00208134
20101115001595	00163716
20101115001618	00131197
20101115001697	00536541
20101115001732	00300405
20101116000002	00122825
20101117000014	00293886
20101118000020	00268002
20101126000423	00126308
20101129000419	00126380
20101209000231	00129420
20110120000131	00227333
20110214000166	00122348
20110214000209	00113191
20110214000235	00125576
20110214000410	00432102
20110218000139	00111722
20110513002083	00117179
20110513002652	00149354
20110513002826	00608839
20110513003149	00203209
20110516000352	00206039
20110516000932	00407285
20110516001285	00410915
20110516001345	00151395
20110516001420	00389110
20110516001828	00210980
20110516001974	00406727
20110516002083	00803425
20110516002241	00118044
20110516002385	00152437
20110516002571	00528515
20110516002678	00142661
20110516002766	00111111
20110516002936	00127954
20110516003078	00363592
20110516003321	00129420
20110516003378	00139764
20110516003457	00406329
20110516003522	00470829
20110516003547	00358271
20110516003619	00148531
20110516003720	00441304
20110516003742	00115931
20110516003814	00178790
20110516003950	00300405
20110516004165	00239639
20110516004191	00150828
20110524000290	00157636
20110527000313	00428251
20110530000105	00185046
20110530000615	00363769
20110530000678	00126362
20110530000706	00145880
20110530000994	00356361
20110530001012	00481454
20110530001107	00105952
20110601000176	00628860
20110610000284	00456218
20110714000179	00180263
20110715000061	00416414
20110811000035	00409964
20110812000034	00527491
20110812000246	00375931
20110812000262	00351807
20110812000415	00103592
20110812000507	00241209
20110812000577	00139153
20110812000766	00349060
20110816000083	00359076
20110816000135	00298377
20110816000159	00479787
20110816000230	00168401
20110816000260	00258360
20110816000375	00130879
20110816000386	00369657
20110816000608	00145446
20110816000620	00156910
20110816000632	00151395
20110816000646	00378363
20110816000902	00121969
20110816000937	00366942
20110816001156	00580056
20110816001182	00114093
20110816001204	00174527
20110816001261	00223762
20110816001275	00362201
20110816001302	00239639
20110816001341	00111810
20110816001397	00235183
20110816001586	00259590
20110816001638	00694942
20110816001682	00350020
20110816001744	00117276
20110826000136	00407771
20110829000271	00106623
20110829000441	00185046
20110829000459	00105952
20110829000485	00356370
20110829000634	00795135
20110829000655	00113535
20110829000710	00117577
20110829000747	00113410
20110829000763	00679314
20110829000804	00117212
20111007000295	00263654
20111110000017	00156910
20111111000175	00349811
20111111000315	00152127
20111111000393	00171867
20111111000416	00230425
20111111000487	00162911
20111114000014	00141404
20111114000045	00531917
20111114000097	00357430
20111114000328	00104810
20111114000339	00359580
20111114000352	00138057
20111114000397	00287812
20111114000550	00415707
20111114000587	00400060
20111114000669	00157991
20111114000776	00102751
20111114000788	00367695
20111114000801	00317487
20111114000910	00128661
20111114000978	00449379
20111114000993	00258360
20111114001005	00231691
20111114001038	00526951
20111114001107	00139764
20111114001118	00156150
20111114001541	00442455
20111114001615	00137207
20111114001633	00249894
20111114001714	00127954
20111114001972	00223434
20111125000221	00405320
20111128000422	00480455
20111129000139	00302926
20111129000201	00500254
20111129000288	00114792
20111129000434	00109693
20111129000475	00173032
20111129000598	00146649
20111129000657	00261285
20111129000762	00126371
20111129000909	00184667
20111129001003	00348034
20111130001064	00303794
20120213000250	00693651
20120214000177	00232089
20120229000615	00115694
20120319000308	00159102
20120509000955	00364847
20120510000701	00583026
20120511000559	00604426
20120511002048	00137252
20120514002068	00445160
20120514003473	00137058
20120514004178	00442570
20120514004343	00317681
20120514004857	00349811
20120514005703	00449254
20120514006228	00158149
20120515000196	00128315
20120515000296	00143907
20120515000375	00309503
20120515000407	00583026
20120515000447	00256502
20120515000494	00158316
20120515000502	00135467
20120515000516	00190756
20120515000552	00138260
20120515000591	00261373
20120515000603	00130772
20120515000652	00186939
20120515000676	00260392
20120515000690	00104810
20120515000702	00357430
20120515000726	00172291
20120515000764	00145446
20120515000783	00149947
20120515000897	00470829
20120515000918	00147860
20120515000939	00258689
20120515000972	00105466
20120515001002	00129989
20120515001038	00489243
20120515001211	00125150
20120515001226	00139764
20120515001278	00401731
20120515001303	00203315
20120515001319	00146083
20120515001328	00526678
20120515001395	00163318
20120515001455	00356839
20120515001470	00126362
20120515001498	00127954
20120515001541	00111810
20120515001611	00121543
20120515001671	00356370
20120515001691	00185046
20120515001755	00359395
20120515001770	00267854
20120515001806	00163716
20120515001825	00351375
20120515001841	00249894
20120515001876	00145552
20120515001956	00300405
20120515001994	00121288
20120515002013	00113544
20120515002039	00122551
20120515002058	00520610
20120515002135	00313649
20120516000043	00305297
20120525000476	00266961
20120529000239	00140177
20120530000196	00163673
20120530000233	00146649
20120530000295	00541163
20120530000411	00138190
20120530000647	00145880
20120530000744	00261285
20120530000790	00120571
20120530000817	00136226
20120530000859	00795135
20120530000885	00535746
20120530000933	00160588
20120530000979	00106641
20120619000057	00172079
20120802000103	00161125
20120807000073	00269612
20120810000093	00527491
20120813000151	00287788
20120813000177	00531014
20120813000417	00158149
20120813000452	00263654
20120814000032	00147994
20120814000042	00516246
20120814000054	00103015
20120814000068	00167031
20120814000096	00264714
20120814000179	00104120
20120814000192	00158024
20120814000261	00201733
20120814000335	00358271
20120814000396	00144252
20120814000410	00356370
20120814000423	00371740
20120814000445	00325112
20120814000464	00157636
20120814000504	00131896
20120814000515	00305570
20120814000540	00146427
20120814000611	00139719
20120814000655	00362201
20120814000781	00129989
20120814000829	00296078
20120814000841	00121154
20120814000870	00137234
20120814000885	00180795
20120814000945	00313649
20120814001012	00128926
20120814001045	00788737
20120814001060	00155355
20120814001080	00351807
20120814001251	00242378
20120814001271	00265005
20120814001336	00199076
20120814001362	00163716
20120814001381	00593032
20120814001414	00101628
20120814001496	00463342
20120814001560	00140131
20120814001759	00220057
20120814001826	00520610
20120814001871	00147222
20120814001890	00137289
20120814001913	00242712
20120814001928	00108001
20120814001987	00147772
20120814002009	00173591
20120816000001	00147772
20120817000001	00164779
20120827000239	00755739
20120828000178	00613318
20120829000130	00138190
20120829000237	00392691
20120829000323	00265421
20120829000364	00635134
20120829000383	00872984
20120829000448	00108746
20120829000524	00476498
20120829000554	00131832
20121004000019	00305570
20121005000003	00147994
20121005000043	00186939
20121005000166	00115931
20121005000260	00533924
20121009000346	00137207
20121031000310	00113207
20121108000018	00125725
20121108000255	00203290
20121109000261	00364847
20121113000092	00317681
20121113000117	00231105
20121113000178	00158015
20121113000216	00228350
20121113000268	00365387
20121113000344	00362201
20121113000388	00185222
20121113000432	00130772
20121114000049	00147994
20121114000070	00178754
20121114000078	00169215
20121114000089	00235183
20121114000111	00126788
20121114000125	00112022
20121114000133	00144243
20121114000160	00101220
20121114000190	00106669
20121114000206	00118026
20121114000253	00158565
20121114000267	00143794
20121114000302	00103644
20121114000313	00101488
20121114000412	00330044
20121114000482	00728638
20121114000507	00128926
20121114000544	00121570
20121114000578	00134176
20121114000637	00159740
20121114000687	00684802
20121114000725	00145464
20121114000764	00261009
20121114000842	00146560
20121114000863	00141389
20121114000885	00151128
20121114000920	00624998
20121114000935	00530121
20121114000948	00541349
20121114000965	00111218
20121114001012	00171636
20121114001026	00359395
20121114001055	00104786
20121114001071	00105961
20121114001090	00264945
20121114001113	00126371
20121114001151	00423177
20121114001292	00153339
20121114001305	00139205
20121114001332	00250137
20121114001342	00139205
20121114001359	00146232
20121114001384	00422284
20121114001402	00135467
20121114001420	00221728
20121114001434	00185356
20121114001488	00389998
20121114001516	00629212
20121114001544	00122898
20121114001600	00313649
20121114001612	00108940
20121114001649	00147222
20121114001663	00132992
20121114001714	00363592
20121114001828	00540605
20121114001851	00137207
20121114001870	00449379
20121114001890	00158307
20121115000274	00148531
20121119000200	00540605
20121121000160	00540447
20121123000238	00382199
20121128000217	00113359
20121129000223	00476498
20121129000404	00148276
20121129000463	00103510
20121129000499	00120571
20121129000522	00603348
20121129000550	00128175
20121129000585	00115694
20121129000667	00108135
20121129000696	00131850
20121129000826	00105855
20121129000869	00164478
20121129000925	00115676
20121130001286	00141608
20121207000022	00117601
20130213000163	00108977
20130214000191	00108649
20130513000012	00652423
20130513004087	00580056
20130514000987	00445160
20130514002188	00140177
20130514003056	00171867
20130514003265	00206039
20130514004953	00151605
20130515000060	00127909
20130515000156	00307028
20130515000391	00146427
20130515000424	00121570
20130515000439	00666064
20130515000469	00625942
20130515000517	00117577
20130515000572	00147860
20130515000598	00114792
20130515000640	00250137
20130515000755	00168401
20130515000821	00122481
20130515000875	00412597
20130515000910	00480367
20130515000968	00361008
20130515001027	00126478
20130515001083	00536541
20130515001096	00645089
20130515001118	00440712
20130515001151	00663669
20130515001228	00684714
20130515001318	00117212
20130515001343	00129420
20130515001370	00609634
20130515001404	00173032
20130515001484	00480455
20130516000195	00449254
20130521000012	00145163
20130521000102	00618410
20130524000118	00153621
20130527000065	00803425
20130527000256	00104388
20130528000171	00596677
20130528000228	00177199
20130529000008	00156354
20130529000151	00362201
20130529000237	00445841
20130529000256	00422895
20130529000335	00298270
20130529000381	00263654
20130529000424	00121534
20130530000039	00516246
20130530000068	00587457
20130530000099	00111847
20130530000204	00171636
20130530000220	00127857
20130530000244	00447609
20130530000257	00442826
20130530000269	00140946
20130530000333	00104768
20130530000358	00112651
20130530000372	00406329
20130530000383	00447928
20130530000401	00130408
20130530000418	00453929
20130530000526	00108038
20130530000538	00258421
20130530000548	00335076
20130530000588	00591441
20130530000607	00149026
20130530000618	00231831
20130530000633	00632304
20130530000648	00222435
20130530000660	00109189
20130530000677	00260408
20130530000704	00146232
20130530000727	00296263
20130530000744	00107613
20130530000768	00526951
20130530000789	00603348
20130530000801	00372226
20130530000829	00309503
20130530000845	00105280
20130530000859	00188089
20130530000908	00409788
20130530000925	00125530
20130530000941	00539274
20130530000956	00126089
20130530000970	00158024
20130530000982	00231691
20130530000992	00125150
20130530001025	00115977
20130530001083	00623661
20130530001117	00418379
20130530001130	00407814
20130530001145	00162063
20130530001163	00122898
20130530001217	00161693
20130530001256	00405959
20130530001326	00238782
20130531000528	00231105
20130610000151	00405959
20130617000414	00365590
20130802000294	00115065
20130812000024	00112378
20130813000090	00202839
20130813000270	00206039
20130814000027	00407771
20130814000088	00128926
20130814000149	00185356
20130814000175	00449254
20130814000277	00126414
20130814000391	00409672
20130814000438	00663669
20130814000477	00244783
20130814000553	00245472
20130814000606	00365457
20130814000685	00842619
20130814000711	00114792
20130814000746	00113544
20130814000780	00156442
20130814000816	00120571
20130814000841	00110875
20130814000858	00168401
20130814000873	00657987
20130814000892	00113526
20130814000991	00116268
20130814001008	00136378
20130814001044	00158501
20130814001117	00165413
20130814001144	00148276
20130814001157	00305570
20130814001257	00809429
20130814001287	00684714
20130814001342	00260657
20130814001433	00157681
20130814001492	00117188
20130814001590	00106368
20130821000010	00356389
20130823000075	00118026
20130826000158	00178754
20130826000409	00132804
20130827000068	00287788
20130827000182	00531014
20130828000108	00180263
20130828000216	00574611
20130828000243	00596677
20130828000269	00442145
20130829000020	00472890
20130829000083	00613318
20130829000104	00172680
20130829000149	00127255
20130829000167	00104810
20130829000205	00147222
20130829000292	00135795
20130829000376	00468374
20130829000415	00120289
20130829000443	00271501
20130829000540	00115384
20130829000568	00153861
20130829000715	00306162
20130829000732	00308559
20130829000747	00353762
20130829000758	00585538
20130829000772	00118275
20130829000788	00104786
20130829000803	00409788
20130829000884	00371485
20130829000899	00303794
20130829000913	00141307
20130829000933	00168331
20130829000954	00188089
20130829000974	00273110
20130829001029	00428321
20130829001048	00176914
20130829001073	00133663
20130829001142	00122898
20130829001163	00160302
20130829001189	00390365
20130829001226	00108940
20130829001298	00146083
20130829001318	00397058
20130829001339	00204262
20130829001355	00136086
20130829001409	00259590
20130829001444	00204208
20130829001502	00125743
20130829001531	00144252
20130829001584	00247975
20130829001651	00141626
20130829001718	00384717
20130829001764	00149947
20130829001797	00108038
20130829001843	00540605
20130830000441	00165680
20130830001333	00181712
20130903000293	00411385
20131016000137	00122205
20131101000283	00706715
20131106000240	00318662
20131113000024	00441650
20131113000044	00328191
20131114000026	00305668
20131114000057	00660291
20131114000173	00185356
20131114000243	00151395
20131114000279	00666064
20131114000356	00150244
20131114000379	00138279
20131114000475	00203209
20131114000499	00372688
20131114000529	00306162
20131114000578	00138792
20131114000618	00113410
20131114000639	00536286
20131114000661	00124504
20131114000737	00645089
20131114000766	00684714
20131114000828	00113535
20131114000848	00137368
20131114000873	00423177
20131114000891	00444329
20131114000909	00547583
20131114001002	00363246
20131114001066	00842619
20131114001178	00330424
20131114001205	00520610
20131114001226	00375931
20131114001287	00815767
20131114001361	00852087
20131114001412	00117212
20131114001443	00152880
20131114001481	00117601
20131121000054	00609634
20131122000150	00261373
20131122000352	00203023
20131125000110	00389998
20131125000261	00141529
20131126000027	00269889
20131127000008	00356389
20131127000048	00357430
20131127000209	00173032
20131127000261	00153126
20131127000407	00488989
20131127000463	00149354
20131128000010	00596677
20131128000030	00231442
20131128000050	00358271
20131128000114	00172680
20131128000165	00491938
20131128000181	00447928
20131128000269	00362201
20131128000304	00155948
20131128000343	00349097
20131128000371	00201733
20131128000394	00550994
20131128000417	00121941
20131128000435	00539274
20131128000463	00222532
20131128000512	00613318
20131128000566	00155452
20131128000590	00121686
20131128000610	00411048
20131128000653	00595191
20131128000716	00231691
20131128000752	00422284
20131128000774	00350020
20131128000788	00118275
20131128000797	00222435
20131128000833	00158024
20131128000855	00130772
20131128000883	00105466
20131128000899	00363592
20131128000921	00204262
20131128000937	00541349
20131128000956	00108038
20131128001021	00377610
20131128001053	00592653
20131128001082	00105299
20131128001109	00329093
20131129000188	00814786
20131129000285	00361594
20131129000382	00121288
20131129000494	00442154
20131129000582	00469799
20131129000674	00140779
20131129000910	00118266
20131129001115	00103130
20131129001163	00141556
20131129001195	00104786
20131129001301	00107066
20131129001383	00346911
20131129001407	00260958
20131129001431	00397058
20131129001459	00216647
20131129001616	00492894
20131129001754	00201432
20131129001788	00178790
20131129001879	00150828
20131129002017	00540605
20131204000355	00445054
20131210000258	00148531
20131230000576	00115676
20140213000176	00146454
20140217000040	00154718
20140303000226	00159731
20140303000386	00378363
20140307000480	00378363
20140424000024	00365457
20140513001464	00225159
20140513003610	00399694
20140514000388	00202839
20140514001285	00258360
20140514001763	00177320
20140514002519	00142713
20140514002912	00363510
20140514004113	00536286
20140514004874	00555874
20140515000104	00172945
20140515000194	00120289
20140515000273	00109037
20140515000297	00231664
20140515000393	00350020
20140515000456	00132725
20140515000521	00442561
20140515000546	00573579
20140515000597	00246620
20140515000626	00373571
20140515000667	00351630
20140515000712	00540571
20140515000729	00445160
20140515000749	00265421
20140515000778	00137809
20140515000795	00788737
20140515000813	00124090
20140515000857	00657987
20140515000897	00160047
20140515000915	00239514
20140515000965	00146649
20140515001001	00148540
20140515001063	00454946
20140515001141	00375931
20140515001204	00306719
20140515001240	00144650
20140515001278	00563545
20140515001336	00146296
20140515001426	00113410
20140515001594	00300405
20140515001644	00163512
20140515001669	00428251
20140515001787	00476498
20140515001858	00268002
20140516000149	00148276
20140519000124	00612294
20140526000158	00626464
20140526000348	00132211
20140527000269	00157991
20140527000464	00226866
20140528000116	00276834
20140528000248	00308559
20140529000034	00269889
20140529000187	00180795
20140529000251	00160232
20140529000283	00349811
20140529000377	00133618
20140529000407	00177199
20140529000523	00141556
20140529000559	00494476
20140529000584	00172680
20140529000824	00674498
20140530000028	00143907
20140530000230	00105299
20140530000341	00131896
20140530000390	00127255
20140530000444	00133876
20140530000479	00103006
20140530000506	00199988
20140530000532	00136004
20140530000567	00427483
20140530000791	00159740
20140530000838	00121941
20140530000894	00303794
20140530000914	00151368
20140530000936	00240857
20140530000955	00152127
20140530001006	00113234
20140530001031	00541437
20140530001063	00349732
20140530001089	00216647
20140530001153	00228350
20140530001200	00191472
20140530001267	00163196
20140530001294	00138260
20140530001349	00265324
20140530001370	00118275
20140530001403	00243757
20140530001528	00227333
20140530001638	00158024
20140530001791	00132804
20140530001818	00194947
20140530001917	00140061
20140530001960	00153126
20140530002018	00163691
20140530002145	00163114
20140715000229	00164502
20140806000216	00140946
20140811000010	00612294
20140812000015	00225159
20140813000002	00372688
20140813000061	00173944
20140813000128	00442455
20140813000170	00148896
20140813000436	00557508
20140813000465	00608839
20140814000009	00109268
20140814000033	00625942
20140814000204	00266952
20140814000219	00693651
20140814000237	00506294
20140814000343	00642541
20140814000392	00351807
20140814000548	00631518
20140814000641	00545734
20140814000727	00265421
20140814000761	00160047
20140814000785	00126788
20140814000816	00855093
20140814000841	00163761
20140814000856	00163673
20140814000896	00197759
20140814000943	00866062
20140814001000	00660033
20140814001020	00219574
20140814001062	00122694
20140814001167	00113410
20140814001245	00406046
20140814001305	00148276
20140814001321	00156895
20140814001347	00152385
20140814001491	00141626
20140814001551	00160588
20140814001630	00115612
20140819000045	00529815
20140820000355	00260408
20140821000263	00168331
20140822000259	00269612
20140825000037	00536523
20140825000169	00159254
20140826000136	00626464
20140826000229	00364254
20140826000359	00475718
20140827000137	00133876
20140827000239	00110583
20140827000268	00120289
20140827000314	00641393
20140827000401	00442154
20140828000120	00167031
20140828000210	00540429
20140828000315	00146436
20140828000697	00442835
20140828000772	00103006
20140829000080	00127255
20140829000105	00249247
20140829000135	00150828
20140829000162	00256380
20140829000204	00121288
20140829000233	00199988
20140829000385	00120906
20140829000416	00111689
20140829000556	00101628
20140829000671	00445054
20140829000706	00241209
20140829000850	00113261
20140829000899	00125150
20140829000957	00303794
20140829000985	00541437
20140829001100	00144243
20140829001152	00128661
20140829001180	00485177
20140829001206	00121154
20140829001226	00121941
20140829001257	00296263
20140829001282	00154329
20140829001301	00371485
20140829001325	00180795
20140829001427	00155948
20140829001456	00426068
20140829001513	00110431
20140829001579	00168401
20140829001642	00159573
20140829001677	00239639
20140829001761	00102432
20140829001854	00249441
20140829001951	00525934
20140829001986	00172185
20140829002005	00265324
20140829002047	00163114
20140829002098	00435969
20140829002165	00157636
20140902000124	00129350
20140905000567	00105040
20140922000284	00447487
20141112000060	00115065
20141112000355	00339072
20141113000094	00202839
20141113000212	00390903
20141113000283	00155735
20141113000448	00684714
20141114000002	00372688
20141114000021	00201131
20141114000095	00359076
20141114000236	00113128
20141114000293	00808068
20141114000315	00300405
20141114000337	00138297
20141114000433	00234227
20141114000472	00117577
20141114000524	00165413
20141114000609	00266952
20141114000629	00809429
20141114000710	00117276
20141114000756	00136925
20141114000826	00113207
20141114000880	00258689
20141114000901	00158501
20141114000946	00160375
20141114000967	00151395
20141114000993	00573579
20141114001023	00119195
20141114001109	00136086
20141114001178	00683469
20141114001203	00148540
20141114001288	00145880
20141114001333	00896753
20141114001398	00232007
20141114001422	00638487
20141114001439	00164788
20141114001519	00131832
20141114001638	00258689
20141114001662	00152880
20141117000051	00524421
20141117000171	00260408
20141118000026	00199076
20141121000075	00592653
20141125000058	00287788
20141126000030	00438036
20141126000079	00364254
20141126000129	00317681
20141127000003	00347062
20141127000060	00489243
20141127000220	00442905
20141127000291	00838962
20141127000483	00362238
20141127000532	00491938
20141127000622	00608316
20141127000677	00490151
20141128000213	00173795
20141128000279	00101549
20141128000332	00127857
20141128000499	00447609
20141128000576	00167192
20141128000762	00550994
20141128000808	00177199
20141128000837	00445799
20141128000921	00540429
20141128000951	00139719
20141128000992	00445054
20141128001023	00159731
20141128001070	00483735
20141128001095	00115931
20141128001151	00109718
20141128001362	00101628
20141128001407	00130772
20141128001456	00144243
20141128001494	00585538
20141128001559	00362292
20141128001598	00422284
20141128001657	00356389
20141128001703	00360595
20141128001723	00828789
20141128001754	00243757
20141128001956	00164812
20141201000084	00372226
20141201000160	00406329
20141201000196	00121154
20141201000219	00267854
20141201000299	00562360
20141201000359	00143794
20141201000412	00587466
20141201000490	00102432
20141201000526	00107066
20141201000583	00144818
20141201000618	00540641
20141201000768	00127954
20141201000847	00318662
20141201000874	00227333
20141201000923	00838962
20141201000962	00148939
20141219000144	00447609
20150216000190	00356839
20150227000638	00145686
20150302000970	00620868
20150429000489	00399694
20150512000091	00530121
20150512000870	00807397
20150512001425	00599106
20150513000040	00527491
20150513003682	00269612
20150514000214	00524421
20150514000864	00809429
20150514001734	00177320
20150514002369	00126788
20150514002538	00411048
20150514003240	00449254
20150514003634	00149770
20150514004122	00143314
20150514004508	00983040
20150514004615	00128175
20150514004798	00110583
20150514005132	00444329
20150514005248	00140177
20150515000103	00169215
20150515000134	00531917
20150515000280	00295857
20150515000351	00405959
20150515000389	00112457
20150515000450	00480367
20150515000462	00397191
20150515000535	00385415
20150515000563	00366942
20150515000623	00385336
20150515000642	00113234
20150515000672	00121154
20150515000708	00608839
20150515000729	00133812
20150515000753	00331016
20150515000793	00303396
20150515000814	00210740
20150515000827	00261285
20150515000837	00162586
20150515000967	00113128
20150515001007	00238001
20150515001069	00577380
20150515001086	00118275
20150515001105	00842619
20150515001116	00121941
20150515001136	00305297
20150515001224	00243067
20150515001235	00126414
20150515001273	00122898
20150515001308	00137368
20150515001320	00541437
20150515001418	00144650
20150515001506	00300405
20150515001519	00244561
20150515001593	00155692
20150515001609	00127909
20150515001618	00152729
20150515001652	00141671
20150515001683	00306162
20150515001709	00141404
20150515001754	00593032
20150515001770	00439965
20150515001844	00114093
20150515001879	00606664
20150515001916	00533508
20150515001966	00543204
20150515001990	00364467
20150515002007	00389110
20150515002037	00390860
20150515002056	00356389
20150515002070	00126362
20150515002093	00162063
20150515002108	00117708
20150515002155	00791209
20150515002174	00623661
20150515002194	00187415
20150515002238	00136378
20150515002256	00164742
20150515002282	00173698
20150515002331	00209780
20150515002351	00563545
20150515002390	00438036
20150515002407	00148939
20150515002444	00127954
20150515002458	00318662
20150515002551	00303794
20150515002573	00161116
20150515002609	00268251
20150515002657	00190321
20150515002679	00115676
20150515002705	00365590
20150515002735	00138701
20150515002806	00111193
20150519000166	00126478
20150522000052	00445160
20150527000003	00164502
20150529001459	00896753
20150807000127	00157399
20150812000019	00221728
20150812000111	00249982
20150812000233	00231442
20150812000419	00128607
20150813000048	00163318
20150813000118	00267906
20150813000269	00410997
20150813000328	00359580
20150813000362	00261656
20150813000430	00145163
20150813000452	00210980
20150813000480	00661847
20150813000502	00409964
20150813000552	00489243
20150813000582	00249894
20150813000600	00357740
20150813000640	00706715
20150813000701	00167192
20150813000766	00536286
20150813000858	00115065
20150813000905	00480367
20150813000985	00925295
20150813001015	00145862
20150813001030	00269612
20150813001083	00108038
20150813001111	00296290
20150813001124	00152127
20150813001172	00456218
20150813001189	00107066
20150813001215	00166519
20150813001227	00186559
20150813001243	00418379
20150813001260	00123523
20150813001309	00222435
20150813001339	00447502
20150813001353	00441650
20150813001364	00155124
20150813001380	00140955
20150813001441	00231105
20150814000021	00127857
20150817000054	00201733
20150817000103	00210740
20150817000119	00140061
20150817000165	00366942
20150817000215	00398808
20150817000240	00149770
20150817000256	00141477
20150817000280	00153126
20150817000290	00288495
20150817000395	00404288
20150817000409	00103662
20150817000462	00194947
20150817000478	00134565
20150817000491	00199988
20150817000504	00261285
20150817000518	00133876
20150817000528	00141307
20150817000547	00145914
20150817000573	00632304
20150817000587	00259545
20150817000636	00657002
20150817000650	00301112
20150817000663	00120906
20150817000695	00425351
20150817000708	00103510
20150817000725	00156859
20150817000762	00983040
20150817000782	00161860
20150817000822	00454399
20150817000851	00203209
20150817000885	00124090
20150817000895	00472890
20150817000965	00626011
20150817000981	00139214
20150817001038	00126566
20150817001051	00107613
20150817001065	00356370
20150817001085	00163673
20150817001099	00108135
20150817001130	00126371
20150817001162	00101220
20150817001197	00112332
20150817001225	00148939
20150817001236	00122205
20150817001270	01046708
20150817001345	00139889
20150817001390	00173591
20150817001403	00147222
20150817001436	00239639
20150817001451	00259590
20150817001467	00483735
20150817001483	00117188
20150817001499	00149354
20150817001527	00265421
20150817001577	00983271
20150817001595	00144021
20150817001614	00232007
20150817001627	00937324
20150817001663	00163114
20150817001711	00115287
20150817001725	00625942
20150817001773	00125974
20150821000279	00571483
20150825000456	00453488
20150828000258	00146436
20150828000580	00112721
20150831000631	00106669
20151109000090	00350048
20151110000203	00453488
20151111000015	00225159
20151111000070	00985686
20151111000258	00159810
20151112000028	00269889
20151112000138	00140061
20151112000362	00125725
20151112000421	00228350
20151113000010	00199076
20151113000065	00357430
20151113000082	00115931
20151113000108	00221728
20151113000160	00599595
20151113000316	00128607
20151113000451	00203209
20151113000467	00628860
20151113000503	00249247
20151113000561	00530121
20151113000579	00265005
20151113000591	00550994
20151113000631	00471068
20151113000639	00159254
20151113000672	00139764
20151113000696	00148610
20151113000717	00974927
20151113000760	00357607
20151113000777	00364254
20151113000839	00308896
20151113000917	00366942
20151113000943	00616290
20151113000957	00129989
20151113000987	00166519
20151113001003	00508344
20151113001138	00126788
20151113001159	00116268
20151113001175	00131018
20151116000016	00260569
20151116000128	00157991
20151116000145	00442154
20151116000173	00141477
20151116000227	00141307
20151116000264	00983271
20151116000287	00103510
20151116000310	00121570
20151116000344	00825959
20151116000366	00146232
20151116000401	00528515
20151116000428	00634728
20151116000437	00269922
20151116000450	00261656
20151116000510	00169048
20151116000532	00258421
20151116000552	00161976
20151116000568	00129642
20151116000606	00156859
20151116000627	00159795
20151116000667	00161860
20151116000697	00151128
20151116000722	00108135
20151116000745	00350312
20151116000761	00377610
20151116000776	00552992
20151116000836	00660033
20151116000901	00155452
20151116000935	00236863
20151116000977	00120030
20151116000988	00403632
20151116001026	00130587
20151116001055	00101628
20151116001069	00164830
20151116001081	00269940
20151116001097	00108940
20151116001139	00158024
20151116001153	00416414
20151116001163	00379229
20151116001179	00141671
20151116001213	00130383
20151116001292	00113544
20151116001321	00977641
20151116001373	00171265
20151116001435	00227333
20151116001461	00302926
20151116001491	00120924
20151116001503	00106623
20151116001524	00937324
20151116001587	00173698
20151116001606	00296078
20151116001668	00173591
20151116001685	00414850
20151116001723	00108913
20151116001743	00222532
20151116001819	00126308
20151116001901	00367695
20151117000126	00536541
20151127000069	00656951
20151127000705	00896753
20151130000418	00113261
20151130001214	00919966
20151130001681	00864338
20151208000161	00189538
20160204000021	00400060
20160509000570	00155948
20160509001503	00225159
20160512000095	00479705
20160512000601	00129420
20160512001330	00411048
20160512001679	00230814
20160512002245	00612294
20160512003583	00361594
20160513000342	00128555
20160513000625	00454946
20160513000950	00925295
20160513001235	00369657
20160513002824	00105040
20160513003258	00152127
20160513003443	00264732
20160513003786	00359395
20160513004106	00356839
20160513004311	00372688
20160513004400	00104810
20160513004593	00816544
20160513004746	00155276
20160513004790	00468374
20160513004832	00351579
20160513004878	00160843
20160513004972	00107613
20160513005117	00128111
20160513005249	00413046
20160513005299	00536329
20160513005329	00138367
20160513005452	00273439
20160513005501	00145446
20160516000292	00442905
20160516000607	00157636
20160516000890	00180795
20160516000977	00172680
20160516001469	00267854
20160516001490	00142713
20160516001505	00876865
20160516001547	00441447
20160516001630	00160232
20160516001685	00261373
20160516001712	01042979
20160516001780	00129280
20160516001835	00219848
20160516001933	00683469
20160516001946	00123523
20160516001963	00577380
20160516001982	00755739
20160516002000	00147772
20160516002016	00143314
20160516002133	00221728
20160516002167	00415868
20160516002184	00232821
20160516002247	00260930
20160516002386	01031502
20160516002449	00825959
20160516002507	00160302
20160516002526	00442048
20160516002542	00102432
20160516002574	00482426
20160516002591	00173698
20160516002626	00115931
20160516002719	00133663
20160516002774	00138297
20160516002798	00258360
20160516002810	00201131
20160516002865	00427483
20160516002905	00407814
20160516002943	00493510
20160516002985	00109189
20160516003026	00425351
20160516003065	00164742
20160516003091	00303873
20160516003112	00815095
20160516003132	00230425
20160516003206	00165680
20160516003225	00259934
20160516003259	00126955
20160516003346	00162461
20160516003389	00791209
20160516003436	00122579
20160516003448	00126371
20160516003538	00633835
20160516003585	00453488
20160516003650	00808022
20160516003693	00178754
20160516003757	00143651
20160516003794	00269922
20160516003850	00156442
20160527000266	00398808
20160530000300	00260745
20160530000505	00128315
20160530000657	00296005
20160729000003	00399694
20160811000322	00572905
20160812000161	00185222
20160812000272	00160232
20160812000295	00157991
20160812000681	00468374
20160812000723	00471068
20160812000757	00788737
20160812000856	00185046
20160812000888	00287812
20160812000923	00145464
20160812000937	00508344
20160812000955	00155638
20160812001068	00138701
20160812001110	00378363
20160812001169	00109514
20160812001184	00220109
20160812001237	00441650
20160812001284	00230425
20160812001333	00583026
20160812001417	00105606
20160812001445	00603348
20160816000068	00129420
20160816000093	00405959
20160816000115	00258689
20160816000139	00803425
20160816000195	00117708
20160816000213	00140061
20160816000266	00222435
20160816000326	00258421
20160816000338	00360674
20160816000383	00259590
20160816000430	00127954
20160816000450	00109286
20160816000465	00683007
20160816000509	00177199
20160816000546	00791209
20160816000571	00166272
20160816000635	00531917
20160816000698	00447502
20160816000748	00159740
20160816000760	00130408
20160816000821	00416414
20160816000863	00447487
20160816000885	00555874
20160816000898	01008762
20160816000947	00385336
20160816000975	00706715
20160816001001	00108241
20160816001038	00361594
20160816001051	00540447
20160816001169	00221728
20160816001189	01032404
20160816001273	00580199
20160816001286	00120924
20160816001300	00112332
20160816001313	00148939
20160816001338	00161693
20160816001367	00397191
20160816001385	00150828
20160816001410	00156895
20160816001423	00109189
20160816001436	00411048
20160816001494	00536329
20160816001508	00309503
20160816001529	00447760
20160816001541	00203315
20160816001589	00432102
20160816001674	00120021
20160816001688	00120571
20160816001718	00453488
20160816001739	00624998
20160816001752	00165680
20160816001769	00148540
20160816001802	00163673
20160816001820	01025644
20160816001890	00402110
20160816001923	00151368
20160816001941	00124090
20160816001994	00115287
20160816002087	00112457
20160816002099	00231105
20160816002147	00152880
20160816002160	00296290
20160816002173	00149947
20160816002257	00632304
20160818000109	00264255
20160826000160	00989664
20160829000101	00675594
20160829000239	00124805
20160829000419	00670340
20161028000357	00159616
20161109000030	00199076
20161110000014	00626464
20161110000188	00489243
20161111000074	00167004
20161111000151	00128546
20161111000189	00137252
20161111000218	00110608
20161111000270	00612489
20161111000299	00287788
20161111000353	00163318
20161111000382	01095722
20161111000399	00318316
20161111000472	00130772
20161111000555	00466428
20161111000589	00145464
20161111000650	00131832
20161111000683	00478900
20161111000752	00104786
20161114000177	00665676
20161114000198	00128111
20161114000212	00533508
20161114000268	00139764
20161114000383	00404701
20161114000424	00301246
20161114000451	00140955
20161114000480	00415707
20161114000492	00356389
20161114000515	00455875
20161114000548	00238199
20161114000566	00296263
20161114000583	00102353
20161114000597	00191588
20161114000615	00129642
20161114000628	00631518
20161114000638	00232089
20161114000653	00209780
20161114000703	00114093
20161114000740	00243757
20161114000785	00133876
20161114000800	00136925
20161114000823	00625942
20161114000895	00143226
20161114000909	00136226
20161114000926	00364467
20161114000937	00371485
20161114000947	00616290
20161114000981	00162063
20161114001022	00372688
20161114001037	00127255
20161114001089	00108241
20161114001098	00108490
20161114001156	00577380
20161114001202	00132354
20161114001243	00375931
20161114001255	00265421
20161114001362	01064069
20161114001380	00308559
20161114001398	00123781
20161114001426	00186559
20161114001437	00447760
20161114001459	00122472
20161114001473	00144252
20161114001512	00173032
20161114001540	00108940
20161114001569	00129280
20161114001582	00115676
20161114001600	00117212
20161114001665	00128315
20161114001689	00432102
20161114001705	00413046
20161114001732	00120182
20161114001759	00409140
20161114001772	00104856
20161114001789	00153861
20161114001806	00172945
20161114001818	00870861
20161114001862	00111193
20161114001927	00541437
20161114001963	00139685
20161114001994	00165680
20161114002007	00124197
20161114002016	00392691
20161114002078	00185046
20161114002102	00158316
20161114002133	00297448
20161114002223	00346911
20161114002239	00117629
20161114002280	00888347
20161114002297	00126478
20161114002348	00683469
20161114002369	00111810
20161114002399	01013694
20161114002420	00133812
20161114002484	00149947
20161114002500	00113535
20161114002518	00983040
20161114002556	00540605
20161114002611	00615723
20161121000141	01047840
20161125000127	00170877
20161128000203	01042085
20161129000022	00171867
20161129000388	01035678
20161129000569	00369170
20170214000209	00349060
20170214000447	00108977
20170405001678	00120182
20170420000306	00855093
20170510002231	00255433
20170511002820	00660121
20170511003482	00113526
20170511003971	00531014
20170512000550	00256502
20170512001411	00133618
20170512003908	00664853
20170512004326	00471068
20170512004377	00615723
20170512004481	00628860
20170512004636	00163318
20170512004894	00576789
20170512004978	00159698
20170512005570	00159810
20170512005727	00413046
20170512005819	00308896
20170512005983	00444329
20170512006046	00442835
20170512006433	00332927
20170515000005	00210980
20170515000341	00445841
20170515000381	00173449
20170515000413	00614478
20170515000544	00438036
20170515000613	00112651
20170515000673	00158024
20170515000726	00306162
20170515000768	00128546
20170515000993	00482426
20170515001243	00169048
20170515001400	00646732
20170515001441	00116268
20170515001532	00366845
20170515001633	00150244
20170515001725	00163196
20170515001748	00372226
20170515001784	00238199
20170515001825	00152385
20170515001862	00380429
20170515002022	00498001
20170515002138	00267854
20170515002173	00159786
20170515002197	00842585
20170515002334	01032413
20170515002373	01128622
20170515002436	00104573
20170515002476	00160375
20170515002571	00264255
20170515002611	00188797
20170515002626	00347062
20170515002690	00613318
20170515002749	00728638
20170515002788	00108001
20170515002860	00106669
20170515002873	00239514
20170515002950	00123541
20170515002972	00310156
20170515003015	00128111
20170515003038	00225706
20170515003059	00298270
20170515003094	00265324
20170515003140	00138279
20170515003155	00828789
20170515003173	00138057
20170515003204	00453929
20170515003229	00188089
20170515003243	00161860
20170515003285	00139685
20170515003325	00599106
20170515003344	00150828
20170515003364	00186559
20170515003390	00157539
20170515003513	00128315
20170515003579	00177816
20170515003609	00148522
20170515003658	00197759
20170515003712	00513948
20170515003735	00163716
20170515003762	00868705
20170515003801	00125725
20170515003835	00624518
20170515003854	00261009
20170515003882	00105952
20170515003955	00608316
20170515003969	00164812
20170515003988	00163114
20170515004004	00107613
20170515004025	00128175
20170515004051	00373571
20170515004083	00301246
20170515004101	00122472
20170515004162	00530121
20170515004216	00608802
20170515004251	00138792
20170515004424	00138190
20170515004517	00568461
20170515004548	00105855
20170515004562	00162586
20170515004614	00140946
20170515004700	00533924
20170515004756	00130763
20170515004782	00269922
20170515004849	00296078
20170515004900	00161693
20170515005027	00146542
20170516000068	00372226
20170526000086	00530556
20170529000109	00170877
20170530000273	00423177
20170530000367	00107987
20170810000139	00116268
20170810000183	00128546
20170811000111	00156910
20170811000287	00988364
20170811000452	00490151
20170811000527	00939687
20170811000672	00219574
20170811000687	00306870
20170811000781	00159254
20170811000814	00111421
20170811000846	00572905
20170811000860	00145163
20170811001035	00134565
20170811001047	00125743
20170811001094	00131832
20170811001128	00105606
20170811001143	00124805
20170811001179	01008762
20170811001209	00624998
20170814000075	00977641
20170814000303	00113207
20170814000653	00261656
20170814000674	00114093
20170814000824	00390860
20170814000838	00152729
20170814000988	00256715
20170814001107	00264255
20170814001245	00156354
20170814001273	00172680
20170814001326	00347062
20170814001337	00139889
20170814001413	00231664
20170814001541	00137997
20170814001561	00974927
20170814001641	00155948
20170814001676	00492353
20170814001910	00541437
20170814001938	00113234
20170814001968	00369170
20170814001998	00112332
20170814002014	00317487
20170814002028	00165680
20170814002108	00266961
20170814002140	00363246
20170814002264	00426068
20170814002297	00800145
20170814002332	00146649
20170814002347	00128175
20170814002367	00791209
20170828000134	00260745
20170829000385	01010110
20170908000455	00266961
20171108000010	00367604
20171109000039	00384717
20171110000304	00188797
20171110000439	00373447
20171113000358	00148610
20171113000464	00163318
20171113000572	00246417
20171113000738	00306870
20171113000824	00113243
20171113000894	00177816
20171114000109	00192499
20171114000148	00242378
20171114000187	00659161
20171114000325	00156910
20171114000364	01109715
20171114000409	00318662
20171114000479	00258689
20171114000630	00105138
20171114000650	00360674
20171114000668	00135999
20171114000857	00977641
20171114000872	00377610
20171114000906	00114093
20171114000982	00111421
20171114000999	00152385
20171114001050	00372688
20171114001060	00256502
20171114001120	00603348
20171114001169	00568188
20171114001226	00300548
20171114001238	00156895
20171114001266	00361008
20171114001308	00116268
20171114001324	00347062
20171114001359	00869272
20171114001378	00760971
20171114001454	00273110
20171114001478	00356361
20171114001499	00490151
20171114001530	00298270
20171114001543	00266961
20171114001746	01062867
20171114001808	00176835
20171114001863	00567222
20171114001886	00127954
20171114001904	00440712
20171114001917	00190321
20171114002114	01035678
20171114002178	00122579
20171114002195	00249894
20171114002220	00347716
20171114002265	00129679
20171114002347	00350020
20171114002494	00367695
20171114002539	00164645
20171114002579	00138297
20171114002606	00583026
20171114002655	00896753
20171114002783	00161693
20180508002834	00471068
20180514003898	00266952
20180514005594	00249982
20180515000106	00438036
20180515000310	00261373
20180515000319	00540447
20180515000430	00549891
20180515000594	01013694
20180515000662	00167192
20180515000690	00140177
20180515000809	00259590
20180515000850	00144252
20180515000996	00180263
20180515001080	00219097
20180515001101	00808022
20180515001125	00366845
20180515001150	00126788
20180515001195	00356361
20180515001293	00148522
20180515001320	00101664
20180515001367	01035678
20180515001441	00106669
20180515001455	00103662
20180515001471	00121941
20180515001485	00130684
20180515001508	00158501
20180515001540	00148939
20180515001613	00410997
20180515001624	00132992
20180515001670	00565154
20180515001717	00186559
20180515001767	00138792
20180515001780	00253985
20180515001791	00425351
20180515001803	00140168
20180515001850	00635134
20180515001870	00149026
20180515001980	00356370
20180515002029	00120076
20180515002066	00347716
20180515002101	00760971
20180515002155	00469799
20180515002170	00508344
20180515002219	00563837
20180515002257	00190321
20180515002279	00625942
20180515002292	00153861
20180515002308	00126308
20180515002327	00327396
20180515002337	00120021
20180515002434	00993931
20180515002445	00144164
20180515002548	00500254
20180515002645	00406046
20180515002682	00266961
20180516000076	00406046
20180516000303	00111838
20180521000422	00232007
20180528000446	01157235
20180809000296	01105621
20180810000075	00167004
20180810000615	00552859
20180813000064	00454937
20180814000108	00255044
20180814000134	01047840
20180814000167	00361169
20180814000195	00961507
20180814000258	00116268
20180814000333	00297989
20180814000377	00308559
20180814000416	00531917
20180814000448	01042979
20180814000511	00115065
20180814000532	00126487
20180814000544	00533003
20180814000747	00103042
20180814000833	00188973
20180814000996	00135999
20180814001010	00549891
20180814001113	00126380
20180814001150	00236863
20180814001184	00583026
20180814001245	00166227
20180814001278	00253985
20180814001335	00608699
20180814001361	00158015
20180814001376	00120906
20180814001398	00612294
20180814001423	00445054
20180814001598	00102858
20180814001624	00145464
20180814001663	00113359
20180814001727	00587466
20180814001737	00173591
20180814001762	01042650
20180814001775	00336297
20180814001804	00120182
20180814001827	00266952
20180814001836	00115694
20180814001849	00793155
20180814001885	00128555
20180814001904	00357740
20180814001940	00106669
20180814001978	00487546
20180814002002	00480455
20180814002038	00132637
20180814002047	00117212
20180814002072	00605328
20180814002096	00147772
20180814002127	00220109
20180814002138	00113997
20180814002152	00296078
20180814002197	00178851
20180814002221	00125974
20180814002281	00102353
20180814002355	00113207
20180814002459	00104786
20180814002474	00530121
20180814002487	00520887
20180814002500	00112332
20180814002541	01185566
20180814002552	01093007
20180814002659	00255105
20180814002732	00303873
20180814002812	00160047
20180814002826	00596260
20180814002851	00145552
20180814002865	00161976
20180814002899	00163114
20180814002934	00791209
20180814002953	00136402
20180814003056	00265324
20180827000409	00963976
20180829000089	00111838
20180829000340	00367695
20181106000063	01135941
20181108000156	00256502
20181109000078	01014055
20181109000298	00578538
20181109000466	00128607
20181112000122	00258360
20181113000036	00104810
20181113000087	00355089
20181113000341	00170026
20181113000375	00133751
20181113000407	00447487
20181113000512	00530185
20181113000578	00260383
20181113000615	00139153
20181113000779	00160232
20181114000013	00445841
20181114000141	00405278
20181114000212	00580199
20181114000252	00128980
20181114000268	00117300
20181114000343	00838962
20181114000539	00475718
20181114000589	00126788
20181114000663	00788737
20181114000751	00360674
20181114000782	00164502
20181114000810	00362858
20181114000844	00118275
20181114000919	00133812
20181114000936	00159740
20181114000983	01032404
20181114001015	00579999
20181114001039	00201131
20181114001047	00628860
20181114001090	00349811
20181114001104	00608839
20181114001117	00398668
20181114001184	00236863
20181114001201	00130684
20181114001239	00134565
20181114001288	00350312
20181114001317	00300548
20181114001325	00101628
20181114001349	01109715
20181114001453	00118044
20181114001464	00445160
20181114001530	00126380
20181114001597	00260745
20181114001610	00412597
20181114001640	00495086
20181114001653	00793155
20181114001690	00120562
20181114001725	00152880
20181114001736	00635134
20181114001752	00103130
20181114001803	00112721
20181114001829	00159254
20181114001896	00563545
20181114001930	00176914
20181114001939	00795135
20181114001950	00661847
20181114001972	00146436
20181114002018	00126955
20181114002107	00119007
20181114002173	00103176
20181114002192	00106623
20181114002223	00113535
20181114002236	00323868
20181114002259	00540429
20181114002271	00113234
20181114002284	00788773
20181114002346	00130763
20181114002360	00261285
20181114002376	00141671
20181114002386	00576789
20181114002405	00206686
20181114002419	00164636
20181114002490	00442826
20181114002512	00413417
20181114002527	00131896
20181114002548	00141246
20181114002565	00809429
20181114002598	00138279
20181114002615	00923826
20181114002674	00620868
20181114002689	00151368
20181114002754	00565154
20181114002772	00243067
20181114002793	00231664
20181128000563	00753643
20181129000247	01070149
20181129000821	00145598
20190214000837	00145914
20190314001318	00877059
20190510000573	00440712
20190510000753	00150828
20190513000611	00243979
20190514000280	00626464
20190514000440	00489243
20190514000509	00112651
20190514001067	00591441
20190514001088	00525934
20190514001145	00362238
20190515000028	00788773
20190515000249	01109715
20190515000316	00110608
20190515000369	00616962
20190515000435	00132868
20190515000449	00366845
20190515000459	00869272
20190515000499	00228059
20190515000551	00409672
20190515000677	00409964
20190515000818	00560982
20190515001120	00540863
20190515001206	00362858
20190515001228	00652423
20190515001259	00111704
20190515001268	00116268
20190515001296	00535375
20190515001317	00219097
20190515001382	00130383
20190515001405	00261957
20190515001447	00628860
20190515001473	00152127
20190515001585	00495086
20190515001606	00153621
20190515001632	00203315
20190515001643	00379229
20190515001801	00580667
20190515001815	01108099
20190515001849	00103130
20190515001878	00121941
20190515001925	00670340
20190515001994	00402110
20190515002069	00138279
20190515002099	00159616
20190515002130	00113544
20190515002140	00131832
20190515002247	00106313
20190515002314	00117212
20190515002394	00753643
20190515002438	00923792
20190515002568	00297448
20190515002598	00140964
20190515002622	00458234
20190515002685	00925295
20190515002741	00164830
20190530000639	01098792
20190717000538	00795135
20190812000219	01031229
20190812000341	00398668
20190813000133	01042711
20190813000579	00137915
20190814000017	00625942
20190814000229	00816544
20190814000366	00128227
20190814000388	01010110
20190814000592	00113261
20190814000659	00331016
20190814000789	00807397
20190814000934	00409964
20190814000956	00136271
20190814001021	00168401
20190814001061	00389970
20190814001140	00651017
20190814001264	00330044
20190814001368	00131054
20190814001522	00620558
20190814001678	00137252
20190814001702	00163716
20190814001732	01047451
20190814001754	00866062
20190814001782	00369170
20190814001883	00113359
20190814001948	00169048
20190814001968	00530121
20190814002050	00364467
20190814002084	00118026
20190814002092	00579139
20190814002138	00246417
20190814002202	00926522
20190814002254	00231664
20190814002310	00113526
20190814002355	01075126
20190814002440	00384717
20190814002473	00216647
20190814002483	00456218
20190814002515	00186452
20190814002645	00535746
20190814002802	00117212
20190814002817	00176914
20190814002826	00632304
20190814002840	00220561
20190814002882	00481454
20190814002895	00149646
20190814002924	00156488
20190814002936	00143527
20190814002972	01344336
20190816000168	00128546
20190829000160	01098792
20191025000117	01174038
20191112000128	00229021
20191112000311	00957735
20191113000025	00167004
20191113000139	00599595
20191113000274	00683007
20191113000348	00102140
20191113000399	01025644
20191113000472	00152127
20191113000496	00970453
20191113000570	00623184
20191113000629	00435969
20191114000117	01108442
20191114000140	00204642
20191114000166	00480455
20191114000245	00404701
20191114000349	01020843
20191114000361	00136402
20191114000453	00415868
20191114000502	00169215
20191114000560	00616962
20191114000617	00317210
20191114000626	00132868
20191114000698	00131197
20191114000777	00139083
20191114000790	00983271
20191114000863	00125974
20191114000893	00763701
20191114000905	00317487
20191114000970	00362238
20191114001091	00115287
20191114001134	00131780
20191114001149	00367604
20191114001163	01003040
20191114001198	00445160
20191114001214	00264732
20191114001298	00126371
20191114001319	00139719
20191114001341	00410915
20191114001352	00219097
20191114001393	00128175
20191114001491	01091054
20191114001501	00536523
20191114001550	00939331
20191114001587	00486370
20191114001659	00130383
20191114001668	00261957
20191114001745	00296078
20191114001756	00149239
20191114001784	00657987
20191114001871	00487546
20191114001882	00567222
20191114001914	00409788
20191114001941	00111722
20191114002011	00117188
20191114002026	00201432
20191114002039	00866062
20191114002054	00384717
20191114002067	00163716
20191114002079	00587466
20191114002111	00483735
20191114002153	01020524
20191114002208	01187148
20191114002290	00216434
20191114002313	00200910
20191114002408	00117212
20191114002467	00365387
20191114002487	01011395
20191114002534	00390860
20191114002594	00923792
20191114002607	00684714
20191114002626	00475718
20191114002646	01316245
20191114002662	00107987
20191114002710	00117708
20191114002752	00926522
20191115000148	00305297
20191115000265	00186939
20191128000493	00892526
20191129001371	00599151
20191129001722	00965318
20200214000627	00168401
20200214000862	00201432
20200228003406	00490090
20200311000482	00541437
20200330004393	00535746
20200421000485	00392691
20200511000321	00409964
20200511000644	00995993
20200513000266	00598198
20200514000016	00870481
20200514000117	00308559
20200514000337	00332927
20200514000932	00187415
20200514001096	01128613
20200515000136	00158565
20200515000342	01108442
20200515000387	00146083
20200515000519	00147772
20200515000647	00529815
20200515000678	01169267
20200515000804	00109718
20200515000850	00119140
20200515000906	00397289
20200515000977	00540571
20200515001016	00143527
20200515001042	00303217
20200515001158	00913689
20200515001191	01169267
20200515001247	00167192
20200515001270	00985686
20200515001286	00367604
20200515001321	00664853
20200515001453	00146861
20200515001464	00542074
20200515001555	00153126
20200515001593	00603348
20200515001617	00104810
20200515001670	00114765
20200515001691	00204208
20200515001811	00877819
20200515001840	00297448
20200515001857	00526836
20200515001914	00265324
20200515002081	00178754
20200515002118	00808068
20200515002179	00164742
20200515002258	00447502
20200515002319	00131832
20200515002349	00120021
20200515002361	00105855
20200515002419	00242378
20200515002467	00306870
20200515002486	00661847
20200515002528	00795135
20200515002569	00983040
20200518000116	00120076
20200520000052	00450010
20200616000210	00490090
20200807000290	00536329
20200811000187	01310269
20200813000104	00536286
20200813000126	00129615
20200813000167	00793155
20200813000206	00118275
20200813000348	00959229
20200813000560	01228515
20200813000670	00874803
20200813000757	01060744
20200813000782	00146232
20200813000812	00545929
20200814000122	00108649
20200814000150	00989619
20200814000164	00997812
20200814000175	00578538
20200814000220	00143527
20200814000256	00370255
20200814000400	00158024
20200814000541	00389970
20200814000574	00297448
20200814000610	00480048
20200814000624	01078178
20200814000640	00361169
20200814000700	00153375
20200814000753	00303794
20200814000789	00167192
20200814000803	00162832
20200814000866	00107613
20200814000915	01008762
20200814000950	00159740
20200814001152	00130879
20200814001195	00247975
20200814001233	00106669
20200814001355	00195229
20200814001395	00813389
20200814001405	00606664
20200814001434	00362858
20200814001553	00441650
20200814001745	00145190
20200814001757	01128613
20200814001910	00137997
20200814001923	00141556
20200814001948	00255105
20200814002051	00123143
20200814002100	00173351
20200814002110	00339072
20200814002120	00105271
20200814002135	00112457
20200814002151	00261009
20200814002205	01267684
20200814002225	00453929
20200814002239	00152880
20200814002406	00533191
20200814002429	01262032
20200814002589	00100601
20200814002605	00535746
20200814002619	00260611
20200814002663	00120562
20200814002675	01158553
20200814002752	00573579
20200814002761	00267854
20200814002830	00104810
20200814002869	00369569
20200818000004	00615723
20201111000228	00788773
20201112000066	00605328
20201112000297	01071944
20201113000036	00260392
20201113000079	01013311
20201113000130	00297448
20201113000176	00404701
20201113000487	00243067
20201113000546	00983934
20201113000587	00614593
20201113000642	00246620
20201113000710	00480048
20201113000811	00360674
20201113000875	00410997
20201113001032	00537832
20201113001086	00977650
20201113001098	00469799
20201113001207	00249982
20201113001228	00166175
20201116000057	00340272
20201116000090	00858124
20201116000126	00663669
20201116000141	00304915
20201116000157	00536329
20201116000199	00808086
20201116000214	00397252
20201116000344	00611736
20201116000365	00625942
20201116000378	00390903
20201116000395	00475985
20201116000410	01222432
20201116000420	00545734
20201116000469	00100601
20201116000513	00959229
20201116000578	00445160
20201116000598	00163673
20201116000612	00138242
20201116000781	00143527
20201116000867	00178790
20201116000918	00896753
20201116000930	00102858
20201116000954	00759294
20201116001011	01258428
20201116001044	00442048
20201116001112	00126487
20201116001139	00113359
20201116001262	00302582
20201116001285	00122205
20201116001313	00242378
20201116001362	00210980
20201116001380	00665676
20201116001396	00122579
20201116001420	00828789
20201116001431	00265324
20201116001496	00184667
20201116001568	00139764
20201116001685	00608699
20201116001720	00123143
20201116001747	01067516
20201116001785	00108649
20201116001807	00468374
20201116001866	00154329
20201116001882	00624518
20201116001907	00255619
20201116001943	00131832
20201116002030	00155124
20201116002106	00573579
20201116002119	00152862
20201116002158	00152880
20201126000158	00876643
20201127001063	01084364
20201130000539	00490090
20201130001130	01080687
20201210000497	01310269
20201231000311	00813389
20210108000778	00808086
20210210001219	00148993
20210215001161	01105621
20210311000313	00961507
20210317000364	00105271
20210426000047	00137997
20210510000007	00112165
20210512000015	00820352
20210512000367	00158219
20210512000555	00390408
20210513000592	00101628
20210514000017	00800145
20210514000101	00526951
20210514000118	00556712
20210514000195	00623184
20210514000321	00815095
20210514000609	00131197
20210514000699	00162586
20210514000761	00728638
20210514000902	00598198
20210514001068	00442561
20210514001114	00409788
20210514001151	00149804
20210514001319	01038693
20210514001431	00418379
20210514001502	00991298
20210517000154	00992871
20210517000168	00103510
20210517000244	00356389
20210517000333	00101488
20210517000386	00116408
20210517000466	01098792
20210517000546	00526696
20210517000555	00108649
20210517000635	00159740
20210517000665	01144569
20210517000749	01264438
20210517000798	00204642
20210517000870	00503668
20210517000948	00144252
20210517000983	00624749
20210517000995	00441447
20210517001013	00367695
20210517001041	00125646
20210517001071	00596260
20210517001084	00305668
20210517001151	00164478
20210517001162	00153126
20210517001213	01099667
20210517001295	00843900
20210517001318	01035678
20210517001360	00158307
20210517001394	01043853
20210517001425	00255619
20210517001511	00126371
20210517001544	00302926
20210517001576	00227333
20210517001590	00209780
20210517001755	00194947
20210517001766	00186559
20210517001833	00109693
20210517001897	00390860
20210517001935	00122205
20210517002080	00453488
20210517002091	00542898
20210518000113	00296078
20210614000152	00397252
20210628000160	00111218
20210714000208	00205003
20210812000006	00140955
20210812000212	00413523
20210812000462	00194947
20210813000091	00161046
20210813000260	00355089
20210813000333	00126089
20210813000384	00157991
20210813000415	00112651
20210813000554	00137252
20210813000640	01108442
20210813000782	00348292
20210813000858	00591441
20210813000956	01353024
20210813001068	00276083
20210813001080	00117212
20210813001239	00296290
20210813001266	00614593
20210813001280	00135999
20210813001349	00409681
20210813001378	00628189
20210813001394	00148364
20210817000067	00556907
20210817000237	00861997
20210817000251	00121039
20210817000295	00366942
20210817000320	00117027
20210817000410	00105271
20210817000442	00302582
20210817000554	00260745
20210817000684	00153621
20210817000754	00153339
20210817000833	01168383
20210817000843	00141307
20210817000892	00105855
20210817001001	00160232
20210817001010	00367695
20210817001187	00116268
20210817001219	00104537
20210817001250	00131054
20210817001273	00259590
20210817001290	00163716
20210817001309	00363592
20210817001400	00573269
20210817001476	00265324
20210817001619	00242378
20210817001633	00158015
20210817001672	01205851
20210817001694	00390408
20210817001776	00406329
20210817001966	00126292
20210817002011	00108135
20210817002064	00139214
20210817002095	00125974
20210817002111	00939331
20210817002122	00428321
20210817002135	00107677
20210817002215	00428251
20210817002237	00156150
20210817002293	01012066
20210823000154	00106669
20210824000163	00147860
20210831001760	00105952
20211105000017	00838005
20211109000157	00116426
20211111000329	00508344
20211111000380	00870481
20211112000035	00222435
20211112000063	00533508
20211112000090	00260392
20211112000236	00378363
20211112000254	00101628
20211112000265	00139153
20211112000388	00406329
20211112000423	00150244
20211112000509	01051065
20211112000543	00454937
20211112000582	00158024
20211112000661	00117230
20211112000766	00162416
20211112000785	00121534
20211112000861	00108649
20211112000890	00444329
20211112000948	00526599
20211112001023	00362292
20211112001053	00266961
20211112001072	00339072
20211112001185	00260383
20211115000089	00135111
20211115000104	00264255
20211115000146	01222432
20211115000233	00121154
20211115000275	00545114
20211115000508	00472890
20211115000534	00480455
20211115000597	00808068
20211115000611	00103042
20211115000621	00132992
20211115000675	00116301
20211115000688	00135999
20211115000699	00130408
20211115000818	00616290
20211115000829	01157235
20211115000869	00692254
20211115000896	00194947
20211115000983	00101488
20211115001010	01428203
20211115001114	00296324
20211115001194	00265324
20211115001203	00204208
20211115001228	00542074
20211115001307	00618410
20211115001361	00253985
20211115001421	00243067
20211115001484	00259590
20211115001561	00158219
20211115001587	00242378
20211115001638	00605328
20211115001878	01075126
20211115002063	00298377
20211115002084	00791209
20211115002096	00139214
20211115002153	00126371
20211115002163	00125974
20211115002177	00591441
20211115002197	00149947
20211115002235	00425351
20211115002263	01037214
20211115002279	00178754
20211115002295	01234507
20211115002394	00108135
20211116000001	00142713
20211116000058	00117027
20211116000201	00545716
20211124000387	01405451
20211125000521	00975290
20211210000067	00450931
20220210000166	00378363
20220211000470	00231105
20220511000026	01062177
20220512000290	00985686
20220512000484	01258710
20220512000645	00137252
20220512000879	00652007
20220513000321	00356389
20220513000374	00287812
20220513000463	00409681
20220513000799	00351630
20220513000856	00109718
20220513000898	00156910
20220513000960	01047415
20220513001116	00361008
20220513001273	00959229
20220513001292	01478712
20220513001319	00414850
20220513001342	00336817
20220513001543	00266961
20220516000021	00117230
20220516000051	00453929
20220516000070	01128622
20220516000154	00128980
20220516000278	00260611
20220516000765	00923826
20220516000803	00128661
20220516000880	00159573
20220516001025	00138242
20220516001053	01137383
20220516001075	00361594
20220516001157	00253985
20220516001225	00146083
20220516001287	00385336
20220516001387	00153621
20220516001421	01116502
20220516001432	00568188
20220516001455	00116268
20220516001570	00596260
20220516001714	00122205
20220516001816	00140131
20220516001942	00389970
20220516002082	00567222
20220516002120	01423837
20220516002169	00114792
20220516002242	01011395
20220516002255	00139889
20220516002356	00303873
20220516002480	00247975
20220516002539	00243067
20220516002554	00145914
20220516002615	00117027
20220516002646	00533191
20220516002662	00173449
20220517000038	00409681
20220517000122	00225159
20220518000174	00317487
20220518000267	01303029
20220526000359	00995993
20220722000305	01407158
20220810000400	01136348
20220811000229	00260611
20220812000017	00151605
20220812000284	00128661
20220812000536	00363486
20220812000568	00526599
20220812000587	01305249
20220812000638	00549891
20220812000741	00260745
20220812000848	00173102
20220812000920	01187148
20220812000954	00135999
20220812001066	00110583
20220812001115	00631518
20220812001136	01327092
20220812001158	00103006
20220812001200	00330424
20220812001309	00310156
20220812001358	00542898
20220816000016	00492353
20220816000083	00624749
20220816000266	00808068
20220816000286	01042650
20220816000477	00218575
20220816000499	00482426
20220816000539	00287788
20220816000612	00155319
20220816000802	00990165
20220816000812	00128175
20220816000842	00493510
20220816000930	00121570
20220816001000	00172680
20220816001028	00161976
20220816001040	00872984
20220816001149	00545114
20220816001266	00412348
20220816001291	00155638
20220816001366	00206039
20220816001374	01074862
20220816001384	00521390
20220816001393	00154329
20220816001415	00635134
20220816001464	00397252
20220816001475	00410915
20220816001692	00306454
20220816001706	00114792
20220816001738	00657987
20220816001754	00129679
20220816001763	00180865
20220816001864	00813389
20220816001892	00624518
20220816001925	00120076
20220816001960	00139889
20220816001985	01267170
20220816002023	00186939
20220816002033	00556907
20220816002074	00164636
20220816002126	00259934
20220816002177	00239639
20220816002257	00139214
20220816002295	01047707
20220816002371	00258360
20220816002393	00137234
20220816002493	00120924
20220816002525	00994994
20220816002569	01150515
20220816002583	00983271
20220816002640	00264671
20220817000242	00264671
20220818000272	00148939
20220829000364	00125646
20221011000038	00152589
20221110000336	00225159
20221111000137	00177816
20221111000249	00102618
20221111000268	00529815
20221111000510	00109718
20221111000599	00148443
20221111000670	00668600
20221111000687	01058101
20221111000739	00608839
20221111000759	00144720
20221111000861	00264547
20221111000942	01135640
20221111000962	00626011
20221111001033	00869272
20221114000039	01013311
20221114000060	00535481
20221114000117	00139153
20221114000154	00573269
20221114000188	00258421
20221114000401	00220622
20221114000436	00875307
20221114000530	01335851
20221114000660	00576798
20221114000725	00367604
20221114000739	00117230
20221114000821	01095704
20221114000834	00107677
20221114000860	00148522
20221114000973	00980043
20221114001045	00364403
20221114001069	00159740
20221114001089	00616290
20221114001108	00409140
20221114001129	00116824
20221114001151	00102858
20221114001221	00111218
20221114001285	00828789
20221114001351	01008762
20221114001372	01011526
20221114001435	00138792
20221114001520	00107224
20221114001564	00170558
20221114001638	00231664
20221114001766	00608699
20221114001906	01093007
20221114001964	00228536
20221114001977	00239639
20221114001989	00106395
20221114002003	00410915
20221114002021	00263654
20221114002059	00267854
20221114002096	00365457
20221114002108	00378220
20221114002125	00492894
20221114002154	00303794
20221114002183	01237434
20221114002200	00113261
20221114002397	01353024
20221114002435	00919966
20221114002461	01217014
20221114002497	00109693
20221114002615	01189438
20221114002648	00628189
20221114002671	00983271
20221114002794	00134176
20221115000147	00526599
20221118000553	00392691
20221125000662	00988364
20221129000644	01354740
20221206000152	00104573
20221220000452	00616962
20230118000058	00147772
20230209000202	00378363
20230214000585	00141626
20230511000201	00562245
20230512000379	00480048
20230512000575	00117300
20230512001038	00132637
20230512001197	00330044
20230512001254	01412822
20230512001303	00138057
20230512001326	00442455
20230512001441	00562360
20230515000237	00160010
20230515000302	00104120
20230515000446	00453929
20230515000587	00153375
20230515000809	00442154
20230515000909	00892526
20230515000978	00135999
20230515001005	00216434
20230515001019	00108490
20230515001057	00145914
20230515001100	00482426
20230515001139	00115931
20230515001229	00596260
20230515001255	00261957
20230515001318	00104537
20230515001405	00513948
20230515001595	01428203
20230515001676	00306162
20230515001710	01257872
20230515001818	00445841
20230515001870	00126487
20230515002091	00161781
20230515002258	01234507
20230515002303	00620558
20230515002433	01390344
20230515002520	01035678
20230515002532	00164830
20230515002563	00186452
20230515002575	00660121
20230515002588	00888347
20230515002650	01043853
20230515002819	01174038
20230515002876	01062177
20230515002890	00492894
20230515002902	00260930
20230516000003	00256043
20230808000120	01159233
20230810000582	00598198
20230810001006	00990819
20230811000875	01341630
20230811001071	00612188
20230811001460	00112721
20230811001653	00105961
20230811001681	00118266
20230811001733	01316245
20230811001794	00296005
20230811001987	00121534
20230811002104	00874803
20230811002224	00154329
20230811002457	00367482
20230811002516	00384717
20230811002609	00863038
20230814000076	00228059
20230814000123	00494546
20230814000261	01325979
20230814000330	00533508
20230814000397	00259934
20230814000486	01157235
20230814000534	00611736
20230814000581	00370255
20230814000975	00687711
20230814001049	00599285
20230814001076	00145914
20230814001144	00603348
20230814001296	00872656
20230814001355	00166519
20230814001425	00131504
20230814001440	00583424
20230814001516	01032583
20230814001620	00133335
20230814001645	00104537
20230814001811	00158112
20230814001827	00302926
20230814001896	00869272
20230814001930	01494118
20230814001962	00385336
20230814001987	00267854
20230814002029	00112651
20230814002071	00145190
20230814002081	00266952
20230814002119	00356361
20230814002135	00364254
20230814002148	00432102
20230814002222	00158501
20230814002252	01391103
20230814002273	00126487
20230814002326	01412822
20230814002524	00632304
20230814002613	00628189
20230814002629	00959229
20230814002675	00995993
20230814002777	00359395
20230814002846	01189438
20230814002886	00389998
20230814002953	00113058
20230814003024	00103176
20230814003049	01021949
20230814003076	00137207
20230822000002	00989664
20230922000499	00117212
20230927000457	00159102
20231109000149	00225159
20231109000510	00526836
20231110000098	00256955
20231110000252	00356389
20231110000365	00102140
20231110000614	01584934
20231110000683	00612294
20231113000420	01258020
20231113000438	01095722
20231113000469	00159786
20231113000584	00130772
20231113000642	00442154
20231113000702	00151605
20231113000733	00681373
20231114000051	00563518
20231114000156	00552992
20231114000192	01042711
20231114000277	01181515
20231114000306	00153375
20231114000345	00975290
20231114000401	00668965
20231114000466	00327396
20231114000529	00142883
20231114000549	01366000
20231114000668	00107066
20231114000741	00150439
20231114000837	00129509
20231114000851	01168383
20231114000898	01309388
20231114001114	00186939
20231114001122	00106623
20231114001166	00266961
20231114001177	00687711
20231114001226	00596260
20231114001356	00636656
20231114001426	01429840
20231114001450	00155276
20231114001460	00177199
20231114001493	00990165
20231114001515	00153861
20231114001534	00533003
20231114001573	00410915
20231114001600	00562360
20231114001670	01305249
20231114001714	00297448
20231114001735	00172945
20231114001754	00445841
20231114001787	01067516
20231114001797	00127954
20231114001820	00357607
20231114001834	00110750
20231114001902	00260383
20231114001913	01144569
20231114001924	01204056
20231114001977	00227333
20231114002081	00105138
20231114002095	00209780
20231114002154	00117230
20231114002201	00164742
20231114002327	00351579
20231114002343	00302926
20231114002355	01259311
20231114002365	00231831
20231114002377	00255619
20231114002444	00164830
20231114002469	00103592
20231114002538	01437432
20231114002549	01153293
20231114002676	00288343
20231114002717	00492894
20231114002749	00349097
20231114002768	00939331
20231114002801	00200910
20231114002910	00409681
20231114002932	00554352
20231120000784	01555215
20231124000348	00104810
20231124000587	01575839
20231127000390	01583652
20231129000884	01208849
20231129001239	00351427
20231130001345	01700587
20240412003419	00219097
20240513000014	01207716
20240513000054	01136001
20240513000854	00398668
20240514000260	00143527
20240514000377	00160010
20240514000424	00269612
20240514000442	00605124
20240514000529	01046708
20240514000545	00475985
20240514000625	00137368
20240514000656	01015160
20240514000722	00106669
20240514000871	01141599
20240514000883	01258020
20240514001099	01110182
20240514001134	00656951
20240514001233	00616290
20240514001261	01217014
20240514001364	00252135
20240514001418	00113997
20240514001453	00965512
20240514001623	00127200
20240514001670	00246620
20240516000200	00101628
20240516000341	00807397
20240516000411	00159573
20240516000464	00878696
20240516000516	00390903
20240516000774	00348292
20240516000835	01047169
20240516000846	00264945
20240516000928	00118451
20240516000941	00441243
20240516000953	00107677
20240516001043	00240857
20240516001090	00349097
20240516001197	00117708
20240516001237	00268002
20240516001255	00491415
20240516001286	00961507
20240516001332	00363510
20240516001349	00989664
20240516001369	00974927
20240516001408	00126487
20240516001433	00988364
20240516001624	00109824
20240516001689	01179617
20240516001780	00109268
20240516001920	00657002
20240516002021	00617998
20240516002140	01049167
20240516002168	01493535
20240516002186	00620868
20240516002210	00608699
20240516002262	00374020
20240516002357	01207761
20240521000036	00523307
20240530001542	01444380
20240621000075	00296263
20240628000390	00117267
20240731000590	00651901
20240808000096	00129271
20240808000379	00605522
20240812000660	00301246
20240812000845	00127954
20240813000231	01136348
20240813000304	00134176
20240813000675	00137368
20240813000810	00124276
20240813000966	00260408
20240813001065	00188973
20240813001204	00536329
20240813001337	00927558
20240813001400	00157399
20240813001496	01412725
20240814000471	01429840
20240814000807	00117276
20240814000976	00807397
20240814001260	00878696
20240814001309	00351807
20240814001357	00160010
20240814001402	00526599
20240814001422	00526696
20240814001524	00528515
20240814001702	00148896
20240814001730	00173698
20240814001771	01596920
20240814001783	00562360
20240814001825	00133663
20240814001874	00121288
20240814002250	00426068
20240814002317	00468374
20240814002470	00761059
20240814002483	01208849
20240814002774	00529815
20240814002850	00162586
20240814002868	00415868
20240814002878	00155692
20240814002959	01074862
20240814002993	00365387
20240814003052	00140177
20240814003125	00119140
20240814003232	00267906
20240814003291	00113234
20240814003321	00763701
20240814003471	00267854
20240814003521	01462739
20240814003580	00412597
20240814003619	00620868
20240814003659	01085026
20240814003799	01128622
20240814003819	00923792
20240814003833	00532059
20240814003889	00110884
20240814003899	00120924
20240814003993	00614593
20240814004073	01179617
20240814004099	00492894
20240814004142	00159740
20240814004154	00109161
20240814004166	00152862
20240814004238	01049167
20240814004311	00176914
20240814004327	00962393
20240814004470	01405451
20240814004503	00110583
20240814004584	01230255
20240816000230	00385415
20240819000194	00605124
20240826000083	00126089
20241108000407	01553129
20241112000027	00409681
20241112000366	00102140
20241113000049	01015160
20241113000109	00199988
20241113000382	00429694
20241113000440	00136101
20241113000493	00152127
20241113000522	00157399
20241113000553	01008762
20241113000697	01412822
20241113000746	01058101
20241114000021	00636656
20241114000169	00524421
20241114000196	01354740
20241114000256	00530556
20241114000293	01335578
20241114000337	00605124
20241114000348	00407285
20241114000360	00816544
20241114000397	00318316
20241114000438	00545929
20241114000473	00159573
20241114000484	00242934
20241114000507	00528515
20241114000548	00361008
20241114000718	00226316
20241114000731	00121288
20241114000747	00136271
20241114000760	00149947
20241114000841	00102432
20241114000918	01327092
20241114000943	00532129
20241114000998	00606293
20241114001041	00876908
20241114001206	00186452
20241114001369	00989664
20241114001380	00155692
20241114001482	00468374
20241114001492	00456218
20241114001517	00606664
20241114001589	00687711
20241114001666	00159740
20241114001715	01358463
20241114001738	00222532
20241114001759	00828789
20241114001781	00264671
20241114001796	00415868
20241114001922	00526599
20241114001934	00599106
20241114001999	00453929
20241114002020	00366942
20241114002029	00226866
20241114002071	00150165
20241114002119	00192499
20241114002128	01217014
20241114002149	00573579
20241114002160	00350020
20241114002179	00365387
20241114002189	00117300
20241114002246	01189438
20241114002336	00113261
20241114002358	01020843
20241114002396	00476498
20241114002414	00988364
20241114002487	01584183
20241114002564	00171636
20241114002597	00977641
20241114002609	00440712
20241114002618	00148896
20241114002683	00115676
20241114002702	00766106
20241114002714	00356839
20241114002786	00104810
20241114002873	00113191
20241114002886	01526806
20241114002985	00101220
20241114003017	00983916
20241114003055	00112022
20241115000059	00516246
20241122000129	00112022
20241129001273	01299106
20241230000144	01112700
20241231000112	00127936
20250109000195	00693651
20250214002134	00531078
20250513000420	01516368
20250513000532	00151605
20250513000786	01409022
20250514000440	00362238
20250514000571	00442154
20250514000628	00155948
20250514000704	01584934
20250514000732	00264945
20250514000848	01429840
20250514000870	00126089
20250514000939	00158316
20250514001002	00442154
20250515000013	00498001
20250515000111	01519790
20250515000230	00631837
20250515000325	00885906
20250515000394	00611912
20250515000785	00132868
20250515000813	00373571
20250515000836	00442455
20250515000852	00163716
20250515000899	00406046
20250515001013	01084294
20250515001082	00295547
20250515001162	00186939
20250515001186	00111689
20250515001227	00317487
20250515001342	00166272
20250515001450	01302853
20250515001631	01062177
20250515001642	00821607
20250515001808	00125576
20250515002044	00138303
20250515002057	00390860
20250515002162	01211232
20250515002228	00995993
20250515002246	00109824
20250515002261	00366942
20250515002306	00587925
20250515002381	00869272
20250515002412	00117188
20250515002426	01070149
20250515002498	00246620
20250515002580	00309503
20250515002601	00130763
20250515002635	00298377
20250515002661	00265005
20250515002718	00925295
20250515002731	00620868
20250515002802	00404941
20250515002832	00103644
20250515002849	00125974
20250515002873	00876865
20250515002992	01089378
20250515003057	01555215
20250527000432	00816933
20250530002184	00112332
20250813000514	00475718
20250813000955	01201590
20250813001041	00118008
20250813001073	00138057
20250813001139	00869272
20250813001284	01577952
20250813001305	00562360
20250813001551	00164618
20250813001579	01138364
20250813001635	00131692
20250814000323	00352064
20250814000646	00225159
20250814000798	00201432
20250814000924	00407814
20250814000942	01325429
20250814000963	01309388
20250814001058	00134176
20250814001303	00226547
20250814001343	00530556
20250814001605	00295547
20250814001762	00447928
20250814001781	00256043
20250814001821	00683061
20250814001876	01124653
20250814002036	00161860
20250814002074	00654272
20250814002105	01364297
20250814002197	00482426
20250814002720	00101628
20250814002793	00132211
20250814002877	01605282
20250814002890	00675594
20250814002917	00821607
20250814002950	00442455
20250814002965	00296005
20250814003296	01182408
20250814003332	00545114
20250814003425	00103176
20250814003441	00219097
20250814003494	00391197
20250814003510	00791209
20250814003535	00974927
20250814003616	00152880
20250814003705	00348034
20250814003761	00260879
20250814003828	01498974
20250814003840	00469799
20250814003929	01423837
20250814003995	01049167
20250814004024	00141477
20250814004069	01299106
20250814004166	01089378
20250814004266	00101433
20250814004315	00109824
20250814004328	00620868
20250814004417	01344336
20250814004443	01259418
20250814004452	00118275
20250819000186	00204226
20250822000351	00141583
20250827000450	00816933
20250904000350	00959229
20250926000123	00482426
20251105000070	01367586
20251112000042	00159698
20251112000133	00197759
20251113000141	00925295
20251113000234	00643656
20251113000391	00416414
20251113000661	00126566
20251113000766	00161693
20251113000894	00469799
20251113001011	00317104
20251114000115	00977650
20251114000204	01201590
20251114000372	00259934
20251114000572	00562360
20251114000603	00366845
20251114000750	00362238
20251114000796	01032583
20251114000856	00391197
20251114000944	00628860
20251114001041	00423177
20251114001130	00259545
20251114001228	00116268
20251114001318	00526696
20251114001328	00327396
20251114001350	01046708
20251114001434	00158015
20251114001447	00243757
20251114001493	00107677
20251114001504	00121570
20251114001522	00412348
20251114001567	01335851
20251114001618	00377018
20251114001675	00103547
20251114001695	00163716
20251114001703	00540571
20251114001725	01259311
20251114001758	00219097
20251114001766	00556907
20251114001792	00885906
20251114001842	00268251
20251114001923	00125822
20251114001955	00104388
20251114001964	00852087
20251114002060	00808086
20251114002093	00371740
20251114002137	00599285
20251114002166	01181515
20251114002258	00180263
20251114002271	00231831
20251114002312	00144818
20251114002373	00392691
20251114002507	00106395
20251114002556	00367482
20251114002694	00303192
20251114002747	00109824
20251114002826	00296078
20251114002857	00660121
20251114003003	01344363
20251114003078	00115676
20251114003134	01638387
20251127000984	01745173
20251128001650	01179866
20260513000100	00151605
20260514000385	01311310
20260514001038	00361008
20260514001330	01817920
20260515000136	01182550
20260515000257	00130408
20260515000268	00442561
20260515000371	01354740
20260515000691	01047169
20260515000764	00261373
20260515000778	00937324
20260515000813	00107066
20260515000851	00259934
20260515000861	00643656
20260515001041	00264714
20260515001312	01110076
20260515001643	01141599
20260515001725	00803425
20260515001765	00403632
20260515001794	00122205
20260515001867	01049167
20260515002205	00491938
20260515002239	00124799
20260515002460	00599285
20260515002474	00426068
20260515002510	01013311
20260515002522	00540571
20260515002587	00492894
20260515002598	00106119
20260515002734	00243757
20260515002766	00161976
20260515002776	00119140
20260515002898	00369213
20260518000041	00550082
20260529002207	00113191
20260601001452	01802928
20260812000330	00378363
20260812000678	00362292
20260812000747	00340096
20260813000703	00187770
20260813000742	00406329
20260813000782	00197759
20260813000938	00692254
20260813001256	01602638
20260813001428	00101044
20260813001794	00528791
20260814000947	01501764
20260814001009	00106395
20260814001319	00407814
20260814001600	00317487
20260814001650	00937324
20260814001799	00529815
20260814001890	01274310
20260814001969	00138242
20260814002113	00132211
20260814002128	01393721
20260814002383	00144720
20260814002393	01042979
20260814002483	00495086
20260814002493	01309388
20260814002670	00128607
20260814002751	00141307
20260814002798	01456011
20260814002830	00107677
20260814002900	00990819
20260814003095	01035678
20260814003105	00808022
20260814003166	01135640
20260814003195	01409095
20260814003263	00126256
20260814003342	00299464
20260814003355	00814786
20260814003414	00200910
20260814003542	01291317
20260814003690	00357607
20260814003744	00152880
20260814003830	00983271
20260814004051	00103006
20260814004210	00119140
20260814004226	00123143
20260814004259	00141477
20260818000293	00232007
20100212000155	00136721
20100212000241	00111722
20100212000386	00120182
20100216000119	00168401
20100216000155	00118008
20100414000047	00100601
20100503001194	00246620
20100507000046	00305668
20100510000962	00141477
20100511000074	00340272
20100511001062	00188089
20100512000079	00609324
20100512000505	00223434
20100512000935	00155276
20100512002212	00255105
20100513000581	00352064
20100513001207	00149804
20100513001926	00163318
20100513002250	00228536
20100513002681	00161046
20100513002869	00308559
20100514000074	00447928
20100514000133	00117300
20100514000242	00728638
20100514000579	00271501
20100514000640	00367385
20100514000905	00144650
20100514001077	00147860
20100514001351	00422895
20100514001515	00240857
20100514001564	00159254
20100514001608	00525882
20100514001766	00146542
20100514001860	00137234
20100514001931	00139153
20100514001976	00102751
20100514002054	00587457
20100514002142	00218575
20100514002241	00210740
20100514002318	00568188
20100514002363	00120289
20100514002735	00133618
20100514002770	00162063
20100514002870	00159740
20100514002961	00442561
20100514003000	00442145
20100514003072	00121288
20100514003170	00136226
20100514003369	00266934
20100514003424	00692254
20100514003550	00132992
20100514003673	00101220
20100514003744	00267906
20100514003823	00112378
20100514003894	00378628
20100514004070	00124197
20100514004245	00105271
20100517000347	00122898
20100517000411	00136925
20100517000461	00612188
20100517000563	00146269
20100517000585	00455875
20100517000608	00447609
20100517000623	00160047
20100517000647	00298270
20100517000667	00141307
20100517000694	00145862
20100517000712	00161709
20100517000730	00219574
20100517000746	00454399
20100517000761	00112457
20100517000801	00169215
20100517000822	00174004
20100517000843	00130763
20100517000884	00352499
20100517000924	00268118
20100517000949	00103662
20100517000969	00242378
20100517001009	00479705
20100517001057	00255619
20100517001076	00369107
20100517001119	00173591
20100517001136	00541163
20100517001151	00141246
20100517001169	00398808
20100517001199	00164478
20100517001214	00164788
20100517001262	00380429
20100517001320	00232089
20100517001342	00231831
20100517001407	00462121
20100517001458	00165413
20100517001507	00132211
20100517001612	00153861
20100517001640	00133812
20100517001702	00150828
20100527000208	00378220
20100713000096	00155373
20100729000304	00219848
20100809000073	00540447
20100811000045	00369213
20100811000099	00151605
20100812000028	00261656
20100812000061	00351807
20100812000132	00369657
20100812000168	00445841
20100812000241	00303217
20100813000032	00363927
20100813000080	00595191
20100813000127	00560122
20100813000159	00151128
20100813000216	00360036
20100813000229	00241209
20100813000244	00303192
20100813000264	00132868
20100813000333	00632304
20100813000349	00166175
20100813000375	00755739
20100813000391	00133557
20100813000411	00114154
20100813000444	00470829
20100813000473	00155452
20100813000507	00306870
20100813000533	00445799
20100813000547	00110750
20100813000588	00104786
20100813000601	00423177
20100813000653	00104810
20100813000705	00136165
20100813000861	00542898
20100813000878	00105271
20100813000901	00137234
20100813000944	00551920
20100813000967	00108940
20100813001031	00351579
20100813001049	00116949
20100813001074	00199252
20100813001094	00172079
20100813001167	00231691
20100816000011	00159740
20100816000055	00138057
20100816000078	00160047
20100816000110	00351092
20100816000124	00130684
20100816000143	00135999
20100816000180	00596260
20100816000215	00152729
20100816000231	00169215
20100816000266	00300548
20100816000314	00136086
20100816000326	00524421
20100816000354	00228350
20100816000370	00117629
20100816000390	00353610
20100816000402	00161709
20100816000438	00405719
20100816000465	00158112
20100816000539	00102858
20100816000564	00454399
20100816000594	00269940
20100816000612	00268118
20100816000648	00519252
20100816000672	00528515
20100816000686	00339072
20100816000774	00133663
20100816000792	00441304
20100816000833	00216027
20100816000857	00267942
20100816000898	00220561
20100816000922	00633835
20100816000936	00303794
20100816000965	00154329
20100816000993	00148540
20100816001048	00526696
20100816001099	00164478
20100816001109	00159102
20100816001158	00164973
20100816001201	00159193
20100816001218	00111111
20100816001234	00239514
20100816001257	00346911
20100816001285	00487546
20100816001341	00172945
20100816001381	00120571
20100817000066	00135050
20100827000304	00287812
20100830000360	00126380
20100830000666	00305570
20101012000144	00258689
20101103000028	00246417
20101105000138	00189538
20101109000033	00223762
20101110000111	00776820
20101111000072	00137368
20101111000237	00525882
20101111000319	00479705
20101112000031	00158015
20101112000045	00104810
20101112000089	00108977
20101112000151	00132868
20101112000197	00167031
20101112000212	00151298
20101112000269	00308559
20101112000290	00102751
20101112000308	00140779
20101112000328	00463342
20101112000404	00287788
20101112000454	00136721
20101112000466	00220969
20101112000583	00164812
20101112000629	00145437
20101112000646	00105040
20101112000667	00441243
20101112000686	00378628
20101112000711	00175173
20101112000744	00104999
20101112000756	00653194
20101112000781	00148610
20101112000805	00137058
20101112000824	00349811
20101112000855	00445799
20101112000882	00132804
20101115000036	00126089
20101115000050	00105101
20101115000067	00160047
20101115000099	00108490
20101115000145	00228350
20101115000160	00143907
20101115000186	00159971
20101115000200	00261957
20101115000209	00203290
20101115000229	00303873
20101115000244	00259545
20101115000276	00219440
20101115000310	00103130
20101115000327	00359623
20101115000337	00121154
20101115000368	00260408
20101115000465	00265421
20101115000483	00142865
20101115000533	00172079
20101115000544	00130408
20101115000576	00269889
20101115000591	00358271
20101115000622	00129554
20101115000649	00105855
20101115000661	00221728
20101115000672	00132628
20101115000688	00109754
20101115000709	00121507
20101115000755	00130587
20101115000771	00210980
20101115000790	00113207
20101115000839	00121941
20101115000854	00400121
20101115000898	00129420
20101115000928	00236863
20101115000939	00146232
20101115000949	00137234
20101115000962	00131780
20101115000986	00111458
20101115001034	00141307
20101115001059	00111704
20101115001134	00140566
20101115001167	00219848
20101115001183	00128175
20101115001230	00303794
20101115001244	00427483
20101115001260	00158024
20101115001307	00165680
20101115001324	00137252
20101115001373	00370255
20101115001387	00164973
20101115001462	00131054
20101115001495	00540641
20101115001509	00310156
20101115001552	00406046
20101115001602	00164478
20101115001661	00159254
20101116000026	00536541
20101117000068	00260657
20101118000188	00148522
20101129000604	00158316
20101213000239	00129420
20110214000135	00145686
20110214000170	00134316
20110214000212	00113562
20110214000244	00113359
20110214000281	00115694
20110214000352	00164973
20110214000435	00113058
20110414000464	00155373
20110504001150	00268002
20110512000230	00347062
20110512001569	00406727
20110513000571	00351630
20110513001738	00340272
20110513001955	00351807
20110513002669	00306162
20110513003068	00447928
20110513003463	00145446
20110513004089	00167004
20110513004619	00160861
20110516000566	00145914
20110516001354	00104537
20110516001430	00157070
20110516001746	00298340
20110516001894	00442561
20110516001984	00124151
20110516002034	00139153
20110516002121	00259545
20110516002721	00301112
20110516002769	00221728
20110516002783	00599957
20110516002843	00204262
20110516002870	00526872
20110516003041	00228350
20110516003257	00222435
20110516003310	00101220
20110516003384	00134316
20110516003462	00626011
20110516003749	00231372
20110516003779	00138701
20110516003839	00240857
20110516003856	00369107
20110516003970	00109189
20110516003986	00366845
20110516004199	00153861
20110516004267	00112457
20110517000143	00113261
20110523000211	00216027
20110527000156	00480455
20110527000371	00580056
20110530000128	00401731
20110530000342	00140168
20110530000455	00105961
20110530000639	00106623
20110530000997	00120030
20110530001125	00679314
20110531001179	00327396
20110714000182	00397191
20110714000235	00125725
20110715000183	00112022
20110808000043	00327396
20110811000255	00297989
20110812000769	00603348
20110812000840	00136925
20110816000006	00175623
20110816000042	00116408
20110816000088	00145914
20110816000233	00135999
20110816000263	00442154
20110816000364	00263654
20110816000378	00447760
20110816000419	00353762
20110816000429	00287812
20110816000709	00392691
20110816000954	00265005
20110816000979	00210980
20110816001034	00104120
20110816001048	00136776
20110816001091	00626011
20110816001206	00122205
20110816001255	00296078
20110816001264	00406329
20110816001304	00118275
20110816001329	00134565
20110816001401	00249441
20110816001437	00428321
20110816001457	00128607
20110816001474	00372873
20110816001499	00526951
20110816001533	00268251
20110816001620	00228059
20110816001643	00191472
20110816001655	00130772
20110816001716	00137234
20110816001787	00112059
20110816001867	00137207
20110816001888	00300405
20110826000296	00296290
20110829000234	00148896
20110829000462	00181712
20110829000494	00302926
20110829000537	00219574
20110829000584	00481454
20110829000639	00136378
20110829000751	00109693
20111017000146	00100601
20111104000367	00111111
20111108000184	00133706
20111110000256	00409964
20111111000346	00371740
20111111000382	00158565
20111111000492	00255105
20111111000528	00223762
20111114000075	00151128
20111114000271	00102140
20111114000308	00305297
20111114000321	00116301
20111114000330	00264255
20111114000363	00147860
20111114000400	00545929
20111114000413	00186939
20111114000422	00112457
20111114000437	00151395
20111114000451	00186559
20111114000568	00475718
20111114000616	00113234
20111114000672	00604815
20111114000727	00120906
20111114000753	00220057
20111114000861	00335076
20111114001013	00589127
20111114001070	00378363
20111114001111	00159731
20111114001204	00435969
20111114001376	00263654
20111114001620	00140131
20111114001649	00494476
20111114001686	00128607
20111114001718	00155355
20111115000110	00163716
20111116000002	00269889
20111125000033	00112378
20111129000023	00657987
20111129000174	00361008
20111129000301	00506294
20111129000444	00348034
20111129000481	00115694
20111129000531	00150244
20111129000557	00356370
20111129000583	00145880
20111129000603	00635134
20111129000770	00120526
20111129000883	00106641
20111213000244	00302926
20120214000198	00136101
20120214000265	00330424
20120214000370	00145914
20120509001530	00399694
20120510000886	00855093
20120511000707	00580056
20120514002730	00104537
20120514002863	00369657
20120514003309	00170877
20120514003966	00108001
20120514004276	00130879
20120514004558	00367604
20120514004756	00530185
20120514005094	00407285
20120514005587	00121534
20120515000010	00141404
20120515000033	00103015
20120515000068	00139719
20120515000397	00106669
20120515000410	00303794
20120515000431	00463342
20120515000463	00104786
20120515000505	00158565
20120515000531	00303192
20120515000623	00359261
20120515000668	00418379
20120515000705	00287788
20120515000840	00180795
20120515000861	00612188
20120515000899	00171636
20120515001026	00163196
20120515001062	00230036
20120515001120	00125743
20120515001215	00390365
20120515001230	00449379
20120515001242	00129420
20120515001253	00143794
20120515001268	00246620
20120515001330	00298447
20120515001351	00526836
20120515001402	00133706
20120515001421	00144164
20120515001475	00120906
20120515001543	00258360
20120515001572	00111111
20120515001618	00367695
20120515001639	00188089
20120515001679	00165680
20120515001722	00172945
20120515001732	00268251
20120515001796	00154329
20120515001810	00313649
20120515001843	00223762
20120515001948	00219440
20120515001958	00155355
20120515001978	00141307
20120515002005	00117337
20120515002123	00173999
20120515002146	00109718
20120516000085	00109514
20120521000013	00152437
20120522000014	00755739
20120524000040	00115612
20120529000001	00392691
20120530000080	00225159
20120530000126	00350048
20120530000258	00305668
20120530000326	00108746
20120530000618	00105952
20120530000652	00267854
20120530000702	00219574
20120530000768	00139889
20120530000863	00163512
20120530000900	00162461
20120530000939	00158501
20120530000982	00684714
20120601000305	00109514
20120713000174	00164706
20120803000203	00706715
20120810000234	00564562
20120813000029	00256380
20120813000070	00365934
20120813000119	00642541
20120813000139	00181299
20120813000181	00445160
20120813000281	00624998
20120813000427	00202839
20120813000465	00180263
20120813000498	00113261
20120814000020	00169048
20120814000056	00642541
20120814000088	00317681
20120814000149	00728638
20120814000182	00128980
20120814000202	00560122
20120814000228	00199252
20120814000255	00186939
20120814000266	00132211
20120814000290	00197759
20120814000350	00401731
20120814000373	00533924
20120814000398	00151368
20120814000436	00190756
20120814000468	00411048
20120814000508	00145260
20120814000525	00146560
20120814000584	00111810
20120814000692	00362292
20120814000740	00151395
20120814000754	00303192
20120814000807	00259934
20120814000832	00271501
20120814000874	00385336
20120814000889	00264635
20120814000914	00139205
20120814000924	00335076
20120814000947	00456218
20120814000988	00125743
20120814001004	00264255
20120814001062	00159254
20120814001083	00347716
20120814001121	00532059
20120814001162	00109754
20120814001217	00361594
20120814001230	00105156
20120814001315	00223762
20120814001354	00447760
20120814001366	00488989
20120814001389	00110884
20120814001479	00125150
20120814001500	00612188
20120814001526	00121543
20120814001655	00173591
20120814001830	00172185
20120814001915	00298447
20120814001968	00117337
20120814001991	00117027
20120814002013	00466428
20120816000152	00159740
20120820000066	00540447
20120823000063	00139083
20120824000132	00353610
20120824000265	00266961
20120828000053	00541163
20120828000214	00444329
20120829000184	00409672
20120829000240	00146649
20120829000292	00130587
20120829000347	00117188
20120829000454	00139889
20120829000490	00181712
20120829000529	00126308
20120829000608	00162461
20120927000239	00109824
20121005000179	00287788
20121005000283	00373571
20121005000404	00380429
20121011000040	00378220
20121101000174	00161125
20121107000003	00170026
20121109000084	00347062
20121109000292	00406046
20121113000047	00317681
20121113000068	00301112
20121113000122	00373571
20121113000141	00415707
20121113000166	00367604
20121113000202	00104810
20121113000489	00210740
20121114000009	00104120
20121114000072	00310156
20121114000091	00360674
20121114000105	00139205
20121114000181	00416414
20121114000193	00400060
20121114000235	00456218
20121114000269	00132868
20121114000335	00307028
20121114000403	00143226
20121114000444	00401731
20121114000456	00136925
20121114000468	00143527
20121114000524	00124197
20121114000570	00164812
20121114000623	00178790
20121114000655	00307222
20121114000701	00533003
20121114000743	00269940
20121114000754	00146861
20121114000768	00133663
20121114000856	00129420
20121114000876	00230425
20121114000906	00231831
20121114000938	00104768
20121114000952	00267854
20121114000969	00137289
20121114001074	00366845
20121114001141	00144650
20121114001232	00104573
20121114001277	00351375
20121114001295	00608316
20121114001308	00163761
20121114001405	00173591
20121114001422	00107613
20121114001470	00111810
20121114001490	00480455
20121114001547	00384717
20121114001583	00113535
20121114001615	00172185
20121114001633	00114093
20121114001651	00173999
20121114001693	00157539
20121114001741	00107066
20121114001765	00295857
20121114001792	00138297
20121114001810	00239639
20121114001833	00249441
20121114001856	00162993
20121114001892	00163196
20121114001958	00120906
20121115000309	00113508
20121116000099	00163196
20121122000187	00535676
20121128000222	00506294
20121129000355	00239514
20121129000414	00136226
20121129000501	00392691
20121129000526	00173874
20121129000589	00613318
20121129000630	00258801
20121129000670	00114792
20121129000708	00130587
20121129000761	00109693
20121129000805	00428251
20121129000837	00759294
20121129000874	00181712
20121129000931	00162461
20121129000964	00635134
20121203000027	00128175
20130214000117	00149770
20130214000195	00201432
20130214000226	00122205
20130214000297	00330424
20130304000175	00111722
20130304000299	00117601
20130312000150	00141626
20130415000374	00164706
20130510000344	00369170
20130513001967	00855093
20130513004501	00116268
20130514000744	00170877
20130514002480	00359261
20130514003916	00255433
20130514004661	00449254
20130515000203	00131504
20130515000292	00127936
20130515000398	00115676
20130515000503	00135999
20130515000533	00402110
20130515000561	00146649
20130515000601	00119195
20130515000679	00261009
20130515000711	00414850
20130515000758	00122472
20130515000789	00109693
20130515000823	00896753
20130515000836	00416414
20130515000855	00133706
20130515000866	00476498
20130515000880	00628860
20130515000913	00626011
20130515000976	00545929
20130515001008	00143314
20130515001070	00145880
20130515001086	00113410
20130515001121	00260745
20130515001177	00149770
20130515001195	00152880
20130515001209	00300405
20130515001242	00679314
20130515001279	00683469
20130515001410	00260879
20130515001436	00136378
20130515001494	00143651
20130516000208	00171636
20130520000049	00363510
20130522000142	00261656
20130524000065	00269612
20130527000356	00269612
20130528000070	00814786
20130529000225	00468374
20130529000340	00413523
20130529000406	00360595
20130529000429	00593032
20130530000041	00415707
20130530000057	00172291
20130530000088	00249441
20130530000103	00360674
20130530000116	00264714
20130530000147	00541437
20130530000174	00410915
20130530000192	00144012
20130530000259	00136165
20130530000303	00131896
20130530000336	00143907
20130530000374	00216762
20130530000387	00185222
20130530000404	00199988
20130530000464	00585538
20130530000485	00613318
20130530000509	00260958
20130530000528	00269889
20130530000540	00121507
20130530000561	00157636
20130530000579	00104999
20130530000595	00241209
20130530000695	00125743
20130530000707	00125822
20130530000721	00130772
20130530000731	00173999
20130530000747	00122694
20130530000792	00369107
20130530000804	00153126
20130530000819	00149804
20130530000835	00231664
20130530000868	00139205
20130530000915	00125521
20130530000943	00159254
20130530000961	00186452
20130530000985	00220109
20130530000995	00150828
20130530001057	00252135
20130530001087	00367695
20130530001105	00144243
20130530001120	00162993
20130530001133	00163691
20130530001230	00204208
20130530001259	00117337
20130530001284	00359623
20130530001331	00163114
20130531001527	00102113
20130604000076	00144243
20130604000269	00303217
20130605000227	00231044
20130612000101	00535746
20130624000021	00105271
20130812000288	00527491
20130813000032	00172936
20130813000096	00146427
20130813000389	00219361
20130814000210	00305668
20130814000292	00450931
20130814000310	00150244
20130814000400	00303192
20130814000422	00108241
20130814000505	00105952
20130814000536	00129679
20130814000557	00113535
20130814000663	00186939
20130814000766	00265421
20130814000825	00163673
20130814000897	00111458
20130814000919	00266961
20130814000966	00378628
20130814000996	00399694
20130814001010	00635134
20130814001067	00440712
20130814001205	00231105
20130814001240	00842585
20130814001388	00164830
20130814001405	00519252
20130814001498	00155355
20130814001518	00138297
20130814001558	00828789
20130814001600	00406046
20130821000170	00173944
20130823000106	00411048
20130823000335	00475718
20130826000101	00564562
20130827000366	00269612
20130828000166	00260392
20130828000436	00276834
20130828000518	00616290
20130829000024	00101549
20130829000094	00357430
20130829000129	00800145
20130829000195	00326731
20130829000280	00140779
20130829000297	00129642
20130829000312	00317681
20130829000366	00357935
20130829000396	00181943
20130829000421	00146232
20130829000449	00267906
20130829000525	00103662
20130829000576	00209780
20130829000610	00102432
20130829000691	00138516
20130829000718	00145686
20130829000735	00101628
20130829000760	00329093
20130829000790	00121686
20130829000832	00335076
20130829000876	00641393
20130829000902	00138701
20130829000915	00134565
20130829000937	00541437
20130829001011	00109718
20130829001034	00348292
20130829001075	00471068
20130829001096	00296078
20130829001194	00151368
20130829001301	00295857
20130829001324	00449379
20130829001345	00163691
20130829001382	00418379
20130829001417	00114093
20130829001451	00377610
20130829001476	00204208
20130829001586	00593032
20130829001622	00445054
20130829001654	00138598
20130829001685	00103006
20130829001741	00127857
20130829001801	00330044
20130829001867	00152385
20130902000114	00369170
20130904000088	00490151
20130917000274	00143651
20131028000072	00139205
20131104000110	00145880
20131111000012	00380429
20131112000008	00225159
20131112000201	00855093
20131113000028	00202839
20131113000222	00305570
20131113000374	00127936
20131114000010	00116408
20131114000285	00573579
20131114000321	00107224
20131114000360	00442561
20131114000454	00159786
20131114000501	00476498
20131114000572	00123781
20131114000624	00384762
20131114000649	00138190
20131114000672	00526872
20131114000739	00683469
20131114000777	00296005
20131114000801	00160047
20131114000817	00267942
20131114000830	00126186
20131114000850	00307028
20131114000894	00136721
20131114000957	00111704
20131114000987	00158316
20131114001008	00545929
20131114001072	00155124
20131114001090	00181712
20131114001143	00136378
20131114001163	00796994
20131114001186	00173591
20131114001207	00232007
20131114001229	00808022
20131114001319	00141246
20131114001345	00406046
20131114001381	00122472
20131114001427	00264945
20131114001461	00317487
20131115000047	00583026
20131115000284	00269612
20131119000035	00370255
20131121000101	00243067
20131122000177	00447502
20131125000044	00139764
20131125000168	00242934
20131125000340	00264732
20131126000084	00130879
20131126000183	00608839
20131126000266	00807397
20131127000050	00120571
20131127000178	00158015
20131127000280	00415707
20131127000488	00163691
20131128000017	00168331
20131128000036	00143907
20131128000057	00360674
20131128000222	00186717
20131128000252	00147152
20131128000311	00445841
20131128000354	00360595
20131128000403	00128661
20131128000421	00141477
20131128000474	00542074
20131128000572	00103662
20131128000625	00138057
20131128000663	00800145
20131128000676	00107613
20131128000698	00471068
20131128000737	00349811
20131128000762	00130408
20131128000791	00122579
20131128000801	00108940
20131128000838	00623661
20131128000857	00101044
20131128000904	00199252
20131128000926	00413046
20131128000959	00160302
20131128000974	00149947
20131128001028	00109718
20131128001042	00138701
20131128001134	00108977
20131129000088	00235183
20131129000205	00205003
20131129000454	00468374
20131129000506	00526696
20131129001029	00390365
20131129001091	00152385
20131129001135	00359395
20131129001168	00260569
20131129001200	00296263
20131129001226	00313649
20131129001257	00263654
20131129001282	00186452
20131129001390	00125150
20131129001436	00129554
20131129001550	00367695
20131129001585	00351579
20131129001683	00156895
20131129001885	00462121
20131129001920	00101220
20131129001969	00115287
20131129002032	00269922
20131206000252	00220109
20131220000128	00456218
20140103000001	00525679
20140214000108	00136721
20140303000244	00125576
20140328001219	00545929
20140429000117	00397058
20140513001111	00450931
20140513001628	00441650
20140513004471	00571483
20140514000590	00188797
20140514003159	00137058
20140515000002	00654272
20140515000165	00191588
20140515000313	00122694
20140515000409	00136925
20140515000555	00687711
20140515000604	00219574
20140515000630	00256502
20140515000678	00131018
20140515000733	00161046
20140515000751	00113526
20140515000783	00136086
20140515000832	00371740
20140515000918	00642541
20140515000948	00111458
20140515001005	00305668
20140515001025	00125743
20140515001046	00122472
20140515001088	00222532
20140515001109	00599106
20140515001146	00244783
20140515001209	00161976
20140515001283	00412597
20140515001307	00114792
20140515001348	00173591
20140515001373	00105961
20140515001410	00152880
20140515001471	00353762
20140515001493	00606664
20140515001567	00158219
20140515001682	00799177
20140515001712	00115612
20140515001741	00139685
20140515001765	00120571
20140520000061	00269612
20140522000041	00112022
20140523000025	00162586
20140526000040	00364467
20140526000237	00809429
20140527000001	00347062
20140527000201	00130879
20140527000308	00415594
20140527000413	00410915
20140527000470	00377018
20140528000118	00463342
20140528000258	00468374
20140528000330	00158015
20140528000396	00614593
20140529000038	00411048
20140529000082	00664853
20140529000228	00135795
20140529000341	00144012
20140529000469	00259545
20140529000568	00133812
20140529000701	00155948
20140530000081	00112165
20140530000106	00445799
20140530000146	00256380
20140530000189	00126089
20140530000200	00132992
20140530000288	00261373
20140530000393	00365624
20140530000414	00814786
20140530000430	00140779
20140530000512	00587466
20140530000539	00632304
20140530000624	00363927
20140530000646	00109754
20140530000715	00161860
20140530000768	00178754
20140530000803	00162832
20140530000843	00143651
20140530000940	00296263
20140530001098	00147222
20140530001155	00231831
20140530001179	00593032
20140530001276	00390365
20140530001298	00530121
20140530001354	00155452
20140530001386	00263654
20140530001405	00367695
20140530001446	00160302
20140530001467	00264547
20140530001487	00186452
20140530001712	00389970
20140530001737	00247975
20140530001799	00838962
20140530001880	00165680
20140530001938	00389998
20140530001978	00791209
20140530002088	00171636
20140602000918	00139719
20140731000327	00399694
20140811000378	00475985
20140812000048	00202839
20140813000084	00683469
20140813000224	00166272
20140813000396	00190756
20140813000474	00186939
20140814000015	00128926
20140814000132	00143226
20140814000161	00599106
20140814000186	00256502
20140814000241	00137058
20140814000352	00525679
20140814000377	00156442
20140814000432	00363246
20140814000461	00102858
20140814000514	00143651
20140814000580	00120076
20140814000599	00141477
20140814000625	00363510
20140814000649	00613318
20140814000673	00480455
20140814000731	00114792
20140814000826	00219361
20140814000885	00156859
20140814001003	00128175
20140814001073	00148540
20140814001104	00173874
20140814001237	00126478
20140814001271	00409964
20140814001467	00428251
20140814001508	00112332
20140814001591	00164478
20140814001646	00828789
20140818000154	00642541
20140820000390	00536541
20140821000316	00664853
20140822000157	00287788
20140826000143	00372226
20140826000362	00122825
20140827000105	00216762
20140827000243	00104388
20140827000322	00111999
20140827000417	00418379
20140828000092	00596677
20140828000151	00269889
20140828000224	00415594
20140828000482	00163318
20140828000596	00263654
20140829000044	00309503
20140829000065	00533508
20140829000084	00364467
20140829000142	00310156
20140829000168	00167192
20140829000311	00352499
20140829000392	00814786
20140829000429	00140779
20140829000459	00373021
20140829000534	00164502
20140829000591	00242712
20140829000617	00101220
20140829000650	00365624
20140829000682	00210980
20140829000712	00192499
20140829000758	00127857
20140829000798	00526696
20140829000904	00105156
20140829000935	00349097
20140829001008	00367604
20140829001056	00158024
20140829001071	00438036
20140829001122	00377610
20140829001139	00178754
20140829001183	00177199
20140829001341	00608316
20140829001363	00240857
20140829001431	00144818
20140829001445	00138701
20140829001463	00151128
20140829001549	00149026
20140829001585	00204208
20140829001728	00147222
20140829001764	00132804
20140829001804	00592653
20140829001856	00153126
20140829001913	00122205
20140829001967	00162063
20140829002018	00428321
20140829002062	00268251
20140829002100	00361594
20140829002203	00160302
20140911000315	00111689
20141002000070	00389998
20141110000059	00137058
20141110000461	00313649
20141112000002	00657987
20141112000080	00258360
20141112000223	00167004
20141113000186	00557508
20141113000353	00868705
20141113000453	00129420
20141113000521	00306870
20141114000007	00171867
20141114000175	00156442
20141114000323	00173874
20141114000389	00261285
20141114000452	00353762
20141114000507	00506294
20141114000571	00102858
20141114000631	00129989
20141114000681	00627029
20141114000715	00525679
20141114000747	00423177
20141114000764	00150633
20141114000783	00198697
20141114000810	00157681
20141114000832	00230911
20141114000847	00147860
20141114000866	00136378
20141114000883	00143651
20141114000972	01008762
20141114001004	00103510
20141114001029	00150165
20141114001058	00476498
20141114001115	00642541
20141114001157	00375931
20141114001294	00250137
20141114001344	00397289
20141114001388	00532059
20141114001402	00138190
20141114001427	00197759
20141114001523	00660291
20141114001562	00153621
20141114001595	00152880
20141114001644	00146649
20141114001666	00370200
20141117000057	00623184
20141117000180	00828789
20141119000178	00397252
20141120000095	00148920
20141121000004	00410915
20141121000098	00138057
20141121000254	00230425
20141124000035	00164502
20141125000237	00142713
20141125000382	00385415
20141126000085	00108977
20141126000167	00442154
20141126000213	00264732
20141126000334	00309503
20141127000032	00349097
20141127000173	00201432
20141127000316	00367604
20141127000377	00102113
20141127000502	00466428
20141127000564	00842585
20141127000627	00306162
20141128000019	00137252
20141128000080	00580667
20141128000335	00418379
20141128000398	00131896
20141128000432	00112651
20141128000477	00104810
20141128000530	00133812
20141128000597	00216027
20141128000674	00138516
20141128000821	00445799
20141128000926	00118275
20141128000953	00120906
20141128000995	00264255
20141128001081	00103042
20141128001098	00181943
20141128001154	00470829
20141128001181	00128555
20141128001245	00189538
20141128001278	00138260
20141128001381	00377610
20141128001439	00151128
20141128001468	00242934
20141128001603	00162586
20141128001632	00241209
20141128001737	00132992
20141128001763	00108940
20141128001778	00186559
20141128001818	00303217
20141128001861	00525882
20141128001897	00390860
20141201000049	00112457
20141201000100	00111193
20141201000175	00109514
20141201000259	00171636
20141201000304	00101220
20141201000367	00240857
20141201000389	00371485
20141201000504	00247975
20141201000550	00143527
20141201000633	00125150
20141201000668	00442826
20141201000725	00125974
20141201000773	00296078
20141201000791	00104786
20141201000829	00259590
20141201000877	00153755
20141205000100	00674498
20141222000090	00136004
20150302000640	00125576
20150512001073	00156910
20150512001917	00112378
20150513002678	00256380
20150514000977	00129420
20150514001764	00128607
20150514003712	00216762
20150514003941	00360674
20150514004350	00163512
20150514005007	00155948
20150514005165	00596260
20150514005275	00155212
20150514005420	00120571
20150515000031	00239514
20150515000114	00660121
20150515000167	00445841
20150515000193	00150244
20150515000233	00188797
20150515000364	00657987
20150515000430	00370255
20150515000464	00250137
20150515000490	00132992
20150515000537	00258421
20150515000554	00634728
20150515000567	00210856
20150515000590	00384717
20150515000612	00347734
20150515000628	00166519
20150515000675	00480048
20150515000701	00298340
20150515000711	00141413
20150515000777	00302582
20150515000800	00261656
20150515000830	00121570
20150515000877	00542074
20150515000922	00398808
20150515000979	00406329
20150515001009	00560982
20150515001032	00152880
20150515001152	00249247
20150515001162	00616290
20150515001176	00161976
20150515001189	00111218
20150515001275	00163716
20150515001290	00172945
20150515001312	00124197
20150515001355	00108135
20150515001370	00151368
20150515001402	00526872
20150515001480	00545734
20150515001524	00441304
20150515001585	00628189
20150515001621	00361008
20150515001655	00139083
20150515001674	00795135
20150515001687	00120076
20150515001744	00567222
20150515001757	00169048
20150515001773	00219361
20150515001918	00983271
20150515001969	00390365
20150515001996	00137252
20150515002029	00350020
20150515002078	00162461
20150515002096	00104573
20150515002133	00587466
20150515002160	00111810
20150515002183	00258801
20150515002221	00626011
20150515002240	00377610
20150515002297	00369170
20150515002333	00199252
20150515002358	00260657
20150515002449	00155355
20150515002490	00104810
20150515002512	00269922
20150515002523	00117577
20150515002614	00664853
20150515002641	00525934
20150515002682	00273420
20150515002761	00223762
20150515002785	00872984
20150515002868	00115612
20150528000048	00543107
20150529000087	00693651
20150601000670	00125576
20150630000111	00108135
20150731000266	00164812
20150810000353	00525934
20150811000078	00265041
20150811000250	00149804
20150812000130	00118026
20150812000369	00378628
20150813000040	00114552
20150813000240	00357430
20150813000276	00127936
20150813000330	00104786
20150813000366	00666064
20150813000384	00173032
20150813000409	00103006
20150813000435	00629212
20150813000482	00131197
20150813000526	00116268
20150813000541	00113359
20150813000556	00361594
20150813000571	00264732
20150813000588	00125150
20150813000609	00552992
20150813000670	00132211
20150813000687	00260958
20150813000705	00305570
20150813000726	00169215
20150813000740	00684714
20150813000756	00125725
20150813000823	00695969
20150813000910	00360674
20150813000957	00298270
20150813000988	00173449
20150813001128	00638487
20150813001156	00162063
20150813001218	00151395
20150813001231	00104573
20150813001311	00664853
20150813001325	00120076
20150813001356	00536329
20150813001369	00392691
20150813001384	00479705
20150813001407	00163691
20150813001446	00616290
20150813001488	00390860
20150814000010	00303396
20150814000028	00141556
20150817000081	00269922
20150817000121	00152385
20150817000168	00104999
20150817000186	00352499
20150817000228	00141246
20150817000246	00169048
20150817000398	00243757
20150817000436	00133812
20150817000494	00126788
20150817000530	00109781
20150817000552	01042429
20150817000563	00102353
20150817000578	00634728
20150817000596	00608839
20150817000607	00117708
20150817000641	00977641
20150817000657	00414850
20150817000669	00364467
20150817000682	00161976
20150817000697	00423177
20150817000713	00117337
20150817000730	00336817
20150817000746	00156354
20150817000769	00137368
20150817000812	00159254
20150817000867	00541437
20150817000889	00543204
20150817000968	00369170
20150817000998	00348034
20150817001014	00130408
20150817001054	00306454
20150817001087	00266961
20150817001181	00513948
20150817001200	00220561
20150817001259	00674498
20150817001275	01032404
20150817001302	00406046
20150817001351	00138260
20150817001366	00154329
20150817001393	00133706
20150817001426	00258801
20150817001501	00151368
20150817001517	00139083
20150817001544	00160047
20150817001560	00120562
20150817001603	00104810
20150817001649	00133663
20150817001666	00872984
20150817001695	00620868
20150817001713	00115612
20150817001744	00129615
20150824000083	00349060
20150831000947	00168401
20151109000162	00488402
20151111000075	00206659
20151111000267	00139083
20151112000012	00366845
20151112000032	00531014
20151112000164	00576789
20151112000368	00104388
20151113000072	00305297
20151113000099	00249982
20151113000118	00524421
20151113000231	00185222
20151113000322	00398808
20151113000336	00157636
20151113000472	00755739
20151113000489	00350020
20151113000551	00149804
20151113000567	00111722
20151113000593	00121534
20151113000604	00133812
20151113000633	00577380
20151113000642	00146296
20151113000676	00807397
20151113000732	00110431
20151113000765	00160302
20151113000782	00495086
20151113000799	00159209
20151113000846	00418379
20151113000870	00925189
20151113000894	00306870
20151113000945	00104722
20151113000960	00172228
20151113000977	00478900
20151113000990	00492894
20151113001025	00189538
20151113001044	00152880
20151113001065	01032404
20151113001144	00389970
20151113001161	00108649
20151113001179	00456218
20151116000006	00133876
20151116000058	00135999
20151116000090	01061497
20151116000114	00543204
20151116000148	00427483
20151116000177	00210980
20151116000197	00247975
20151116000231	00256380
20151116000249	00438036
20151116000312	00238199
20151116000333	00441650
20151116000463	00104999
20151116000490	00353610
20151116000540	00112457
20151116000556	00980122
20151116000570	00687711
20151116000584	00371485
20151116000608	00249502
20151116000618	00114154
20151116000659	00308559
20151116000725	00181943
20151116000738	00178851
20151116000765	00159573
20151116000810	00542898
20151116000881	00111193
20151116000903	00591441
20151116000925	00159616
20151116000942	00235183
20151116000991	00136226
20151116001013	00203315
20151116001028	00360595
20151116001074	00614478
20151116001099	00137997
20151116001108	00149655
20151116001142	00255105
20151116001155	00838962
20151116001166	00107066
20151116001215	00147222
20151116001236	00369107
20151116001295	00623184
20151116001304	00113535
20151116001324	00307222
20151116001344	00397191
20151116001376	00138279
20151116001387	00151368
20151116001438	00150165
20151116001464	00800145
20151116001507	00178754
20151116001528	00635134
20151116001591	00115676
20151116001631	00265324
20151116001650	00160588
20151116001714	00239639
20151116001746	00163512
20151116001762	00113207
20151116001780	00323868
20151116001837	00113526
20151117000193	00413523
20151125000011	00693651
20151127000079	00624518
20151127000638	00141404
20151130000568	00171867
20151130000993	00608699
20160215000291	00125576
20160215000441	00378363
20160509000763	00206659
20160511001351	00148896
20160511002944	00249982
20160512001371	00573269
20160512003218	00599957
20160512003441	00159698
20160512003607	00390903
20160513000411	00190756
20160513000549	00165060
20160513001291	00127857
20160513002166	00297989
20160513002443	01049422
20160513002612	00203209
20160513002879	00267906
20160513002985	01047707
20160513003200	00266952
20160513003597	00413523
20160513003747	00326731
20160513003913	00478900
20160513004133	00442154
20160513004274	00123718
20160513004343	00808068
20160513004517	00104722
20160513004614	00363592
20160513004808	00695969
20160513004839	00102140
20160513004989	00426068
20160513005252	00219097
20160513005306	00362292
20160513005390	00415707
20160513005523	00378628
20160513005601	00164812
20160516000405	00169215
20160516000694	00442455
20160516000836	00814786
20160516000936	00169048
20160516001005	00454399
20160516001111	00113234
20160516001181	00162586
20160516001254	00203023
20160516001307	00116301
20160516001334	00242378
20160516001399	00390408
20160516001429	00373571
20160516001450	00159786
20160516001473	00161709
20160516001620	00168331
20160516001634	00612489
20160516001677	00127909
20160516001693	00445054
20160516001715	00136226
20160516001734	00367385
20160516001784	00629212
20160516001799	00252135
20160516001840	00144252
20160516001855	00172185
20160516001879	00200910
20160516001894	00616290
20160516001948	00693651
20160516001989	01064069
20160516002005	00161693
20160516002019	00239514
20160516002040	00556907
20160516002065	00397289
20160516002139	00112457
20160516002233	00406329
20160516002370	00389110
20160516002438	00105855
20160516002482	00255105
20160516002518	00188089
20160516002531	00109718
20160516002577	00410997
20160516002594	00153339
20160516002632	00870861
20160516002661	00206686
20160516002682	00203582
20160516002705	00456218
20160516002741	00684714
20160516002783	00472890
20160516002801	00114792
20160516002910	00693554
20160516002991	00139153
20160516003071	00440712
20160516003117	00120076
20160516003135	00109037
20160516003178	00631518
20160516003212	00132804
20160516003228	00126362
20160516003265	00377018
20160516003284	00139889
20160516003310	00106623
20160516003331	00447609
20160516003368	00115287
20160516003452	00346911
20160516003484	00160588
20160516003512	00125743
20160516003541	00117212
20160516003562	00220561
20160516003631	00310156
20160516003660	00164830
20160516003703	00163114
20160516003730	00406046
20160516003764	00125974
20160517000071	00130763
20160519000260	00819374
20160523000017	00606293
20160530000523	00896753
20160530000710	00554352
20160614000046	00140177
20160808000012	00855163
20160811000040	00366942
20160811000099	00367604
20160811000138	00626464
20160811000325	00168331
20160811000419	00329093
20160812000174	00684714
20160812000206	00117027
20160812000235	00150165
20160812000276	00250614
20160812000340	01060744
20160812000371	00113128
20160812000392	00110608
20160812000487	00155212
20160812000539	00516246
20160812000562	00302582
20160812000582	00167031
20160812000693	00540863
20160812000821	00173102
20160812000848	00105855
20160812000858	00140946
20160812000911	00409964
20160812000941	00148610
20160812001030	00148984
20160812001073	00159698
20160812001138	00614593
20160812001173	00362858
20160812001189	00925295
20160812001263	00363592
20160812001287	00152127
20160812001318	00153126
20160812001388	00116268
20160812001404	00363927
20160816000046	00415628
20160816000098	00273439
20160816000150	00132868
20160816000290	00161383
20160816000328	00161709
20160816000341	00539274
20160816000357	00127909
20160816000386	00116301
20160816000418	00405278
20160816000471	00694942
20160816000501	00158565
20160816000520	00631837
20160816000625	00145914
20160816000706	00114154
20160816000724	00210980
20160816000738	00244783
20160816000751	00199988
20160816000767	00156354
20160816000802	00377610
20160816000867	00174527
20160816000889	01047707
20160816000902	00243757
20160816000952	00236863
20160816001005	00172079
20160816001083	00144818
20160816001096	01049422
20160816001128	00150633
20160816001182	00390860
20160816001217	00139153
20160816001232	00124197
20160816001276	00390408
20160816001325	00130772
20160816001342	00108649
20160816001357	00608699
20160816001440	00123523
20160816001452	00136086
20160816001464	00125743
20160816001511	00587466
20160816001522	00239639
20160816001532	00472890
20160816001548	00203023
20160816001566	00492894
20160816001579	00261957
20160816001605	00535746
20160816001621	00140168
20160816001658	00426068
20160816001680	00113535
20160816001705	00145880
20160816001721	00303192
20160816001742	00126371
20160816001755	00113997
20160816001772	00172185
20160816001793	00476498
20160816001824	00106641
20160816001839	00173874
20160816001858	00158316
20160816001881	00113261
20160816001960	00422284
20160816001985	00425351
20160816001996	00540605
20160816002053	00243067
20160816002072	00124780
20160816002091	00872984
20160816002104	00107066
20160816002151	00146649
20160816002178	00126308
20160816002203	00269922
20160816002282	00260657
20160826000215	00606293
20160826000338	00398808
20160829000154	00549891
20160829000271	00365387
20160829000426	00896753
20161028000373	00159616
20161104000341	00572905
20161109000370	01032583
20161110000020	00154718
20161110000078	00573269
20161111000104	00113207
20161111000156	00146436
20161111000254	00855093
20161111000309	00128980
20161111000408	00189538
20161111000434	00148896
20161111000489	00264732
20161111000597	00202839
20161111000639	00231691
20161111000670	00362201
20161111000724	00144164
20161111000739	00273110
20161111000793	00269889
20161114000009	01101041
20161114000028	00352499
20161114000062	00192499
20161114000075	00454399
20161114000089	00353878
20161114000244	00659161
20161114000385	00397289
20161114000426	00252135
20161114000439	00138057
20161114000485	00526836
20161114000554	00415628
20161114000569	00105156
20161114000587	00441447
20161114000606	00163196
20161114000618	00137359
20161114000630	00148610
20161114000642	00210740
20161114000680	00116301
20161114000693	00412348
20161114000731	00201733
20161114000769	00125974
20161114000805	00137368
20161114000854	00112457
20161114000950	00389110
20161114000959	00177199
20161114000973	00370200
20161114000986	00390365
20161114000999	00111421
20161114001039	00206659
20161114001103	00373021
20161114001129	00939942
20161114001158	00406329
20161114001209	00219097
20161114001234	00241209
20161114001355	00150828
20161114001383	00526872
20161114001403	00454937
20161114001415	00480455
20161114001448	00542074
20161114001483	00118275
20161114001500	00492353
20161114001515	00124151
20161114001544	00134176
20161114001555	00255105
20161114001572	00162993
20161114001587	00359395
20161114001637	00365590
20161114001667	01008762
20161114001679	00126371
20161114001707	00370255
20161114001735	00206039
20161114001749	00117337
20161114001823	00410997
20161114001843	00159254
20161114001891	00861997
20161114001984	00788773
20161114001996	00624998
20161114002009	00104573
20161114002018	00309503
20161114002034	00148540
20161114002052	00265005
20161114002071	00492894
20161114002093	00261285
20161114002119	00131504
20161114002136	00171636
20161114002156	00977641
20161114002185	00243067
20161114002210	00480367
20161114002227	00231105
20161114002249	00385415
20161114002264	00173874
20161114002302	00164478
20161114002372	00109754
20161114002424	00106641
20161114002456	00164788
20161114002470	00406046
20161114002489	00468374
20161114002619	00163673
20161116000024	00989664
20161118000338	00994994
20161121000274	00365590
20161124000055	00535481
20161125000245	00398808
20161128000271	00423177
20161129000413	00365387
20161129000515	00554352
20161129000644	00413417
20161209000262	00189538
20170214000228	00400060
20170214000453	00939942
20170508002346	00418379
20170510000241	00225159
20170510001385	00317487
20170511000497	00124276
20170511001619	00529815
20170512000766	01101041
20170512002079	00370200
20170512003247	00626464
20170512003651	00129989
20170512004667	00138367
20170512004829	00160205
20170512005033	00155212
20170512005298	00101044
20170512005430	00268002
20170512005600	00155452
20170512005736	00220109
20170512005868	00140131
20170512005986	00121534
20170512006268	01042650
20170512006347	00378628
20170512006436	00144164
20170515000455	00599595
20170515000559	01063990
20170515000616	00491938
20170515000797	00370918
20170515000891	00318316
20170515001067	00231664
20170515001111	00132868
20170515001159	00455875
20170515001308	00957735
20170515001376	00330044
20170515001450	00269612
20170515001537	00130772
20170515001561	01109715
20170515001613	00829380
20170515001640	00988364
20170515001672	00209780
20170515001710	00244783
20170515001737	00351630
20170515001755	00154718
20170515001789	00117300
20170515001811	00441447
20170515001922	00441650
20170515002045	00102353
20170515002111	00616290
20170515002152	00178754
20170515002235	00143226
20170515002445	00238001
20170515002492	00306454
20170515002522	00156354
20170515002560	00567222
20170515002635	00145862
20170515002729	00485177
20170515002753	00129420
20170515002846	00808068
20170515003018	00415707
20170515003044	00353762
20170515003075	01042085
20170515003098	00565154
20170515003124	00409788
20170515003144	00117027
20170515003192	00113410
20170515003231	00261285
20170515003253	00146232
20170515003330	00219361
20170515003407	00240857
20170515003423	00150633
20170515003552	00243757
20170515003619	00866062
20170515003662	00142661
20170515003766	00108746
20170515003842	00612188
20170515003903	00309503
20170515003939	00870861
20170515003957	00140955
20170515003973	00117577
20170515004008	00492894
20170515004069	00148540
20170515004124	00296005
20170515004195	00480367
20170515004220	00180263
20170515004237	00445160
20170515004256	00158219
20170515004278	00990165
20170515004294	00349811
20170515004321	00117708
20170515004344	00206686
20170515004377	00896753
20170515004392	00120924
20170515004469	00117212
20170515004489	00475985
20170515004538	00119007
20170515004567	00545929
20170515004583	00163691
20170515004601	00255105
20170515004620	00679314
20170515004635	00108913
20170515004680	00268251
20170515004707	00186939
20170515004737	00109693
20170515004855	00115612
20170515004921	00139719
20170515004972	00760971
20170517000013	00521390
20170526000497	01067808
20170530000562	00260745
20170809000025	00367604
20170810000509	00117276
20170811000153	00269612
20170811000171	00353762
20170811000294	00660121
20170811000344	01032486
20170811000457	00373447
20170811000714	00249247
20170811000801	00146083
20170811000852	00216762
20170811000881	00219097
20170811000974	00364254
20170811001027	00664853
20170811001084	00645089
20170811001169	00390408
20170811001198	00539274
20170814000030	00356389
20170814000309	00439965
20170814000386	00616290
20170814000425	00258689
20170814000471	00112721
20170814000743	00145686
20170814000843	00117300
20170814000856	00186939
20170814000897	00385336
20170814000955	00124780
20170814000970	00149026
20170814000991	00156859
20170814001018	00532059
20170814001041	01169267
20170814001082	00116949
20170814001112	00162416
20170814001143	00160047
20170814001225	00123523
20170814001302	00209780
20170814001341	00815369
20170814001354	00807397
20170814001366	00147222
20170814001416	00348034
20170814001515	00828789
20170814001526	00109189
20170814001564	00153524
20170814001579	00126788
20170814001618	00475718
20170814001667	00160047
20170814001747	00888347
20170814001808	00567222
20170814001865	00109037
20170814001901	00260657
20170814001928	00173591
20170814001943	00140168
20170814002003	00152589
20170814002179	00173999
20170814002216	00591441
20170814002231	00181943
20170814002243	00533924
20170814002301	00109693
20170814002416	00536286
20171107000008	00695969
20171108000251	00118804
20171110000475	00694942
20171113000201	00392691
20171113000218	00596677
20171113000301	00223434
20171113000552	00159698
20171113000639	00587457
20171113000744	00490179
20171113000788	00249982
20171113000838	00494476
20171114000071	00105156
20171114000327	00185222
20171114000399	00117230
20171114000411	00199076
20171114000468	00157070
20171114000493	01108442
20171114000564	00145190
20171114000593	00269889
20171114000634	00693651
20171114000653	00172680
20171114000682	00378220
20171114000942	00524421
20171114001028	00349811
20171114001082	00348292
20171114001094	01099861
20171114001106	00104573
20171114001186	00306162
20171114001197	00261009
20171114001272	00111810
20171114001297	00526678
20171114001327	00120562
20171114001380	00116949
20171114001503	00241209
20171114001574	00156442
20171114001591	00103042
20171114001616	00138260
20171114001838	00206039
20171114001888	00104786
20171114001951	01042711
20171114001977	00141307
20171114001995	00425351
20171114002015	00219848
20171114002068	00117577
20171114002101	00983916
20171114002127	00121039
20171114002169	00117601
20171114002239	00145880
20171114002253	00377018
20171114002326	00206686
20171114002410	00573579
20171114002674	00164830
20171114002689	00115676
20171114002704	00261957
20171114002723	00247975
20171129000016	00527464
20171129000226	00300405
20180214000241	00122205
20180511000117	00225159
20180514000683	00101488
20180514000890	00260392
20180514001249	00367604
20180514001524	01042429
20180514002399	01078178
20180514003154	00148920
20180514004425	00661847
20180514004531	00163318
20180514004644	00135999
20180514006124	00148984
20180515000067	00605328
20180515000139	00128980
20180515000265	00260383
20180515000404	00480048
20180515000475	00447007
20180515000640	00961507
20180515000782	00317681
20180515000839	00303794
20180515000912	00101549
20180515000953	00260611
20180515000961	00447487
20180515001055	00155452
20180515001082	00346407
20180515001094	00117577
20180515001182	00305668
20180515001262	00144818
20180515001345	00349811
20180515001394	00106623
20180515001417	00108649
20180515001430	00143226
20180515001444	00153126
20180515001499	00365624
20180515001544	00331016
20180515001616	00109037
20180515001639	00159731
20180515001707	00795135
20180515001720	00362858
20180515001770	00545929
20180515001795	00296005
20180515001862	00866062
20180515001916	00297448
20180515001942	00525934
20180515002031	00155319
20180515002118	00105299
20180515002205	00149655
20180515002242	00161116
20180515002265	00983271
20180515002281	01037214
20180515002376	00665676
20180515002391	00828789
20180515002450	00232089
20180515002612	00116949
20180515002665	00163114
20180515002687	00102353
20180530000529	00186939
20180810000450	00210740
20180810000583	01108442
20180813000300	00869272
20180813000357	00287788
20180813000460	00133751
20180813000509	00620558
20180813000662	00260383
20180813000731	00164636
20180814000119	00105040
20180814000291	00160010
20180814000337	00447007
20180814000382	00228059
20180814000434	00164502
20180814000466	00132628
20180814000476	00218575
20180814000497	00121154
20180814000516	01234297
20180814000535	00133876
20180814000653	00116408
20180814000669	00407771
20180814000704	00195229
20180814000718	00132992
20180814000730	00357430
20180814000751	00148920
20180814000763	01011438
20180814000820	00535676
20180814000835	00540641
20180814000873	00104768
20180814000890	00242378
20180814000921	00838962
20180814000936	00156442
20180814001000	00350312
20180814001069	00145190
20180814001118	00105156
20180814001141	00126362
20180814001165	00526599
20180814001187	00126788
20180814001248	00131896
20180814001271	00306719
20180814001280	00877059
20180814001291	00117577
20180814001314	00105961
20180814001347	00156910
20180814001379	00153126
20180814001415	00105280
20180814001438	00917861
20180814001484	00632793
20180814001503	00137997
20180814001515	00130772
20180814001541	00361008
20180814001581	00256502
20180814001592	00327396
20180814001618	00490151
20180814001673	00165413
20180814001700	00356361
20180814001718	00350020
20180814001741	00163761
20180814001793	00109514
20180814001807	00923792
20180814001830	00164788
20180814001838	00128111
20180814001852	00141671
20180814001863	00149804
20180814001875	01037214
20180814001896	00687711
20180814001917	00180263
20180814001968	00142883
20180814002049	00469799
20180814002115	00136378
20180814002199	00164742
20180814002210	00140955
20180814002226	00145880
20180814002238	00139083
20180814002250	00119672
20180814002273	00188089
20180814002313	00389998
20180814002323	00109718
20180814002347	00111218
20180814002377	00665676
20180814002394	00977650
20180814002489	00247975
20180814002509	00983271
20180814002526	00243067
20180814002554	00101220
20180814002640	00164830
20180814002648	00402110
20180814002664	01010110
20180814002749	01067516
20180814002805	00121686
20180814002814	00181943
20180814002871	00923826
20180814002923	00117188
20180816000004	00664181
20180816000102	00481454
20180828000342	00610083
20180829000127	00617998
20181107000034	00664181
20181109000314	01042650
20181112000007	00552859
20181112000067	00228059
20181112000205	00140955
20181112000407	00138242
20181113000231	00140946
20181113000384	00161046
20181113000677	00442145
20181113000711	01010110
20181114000029	00356389
20181114000064	00867849
20181114000107	00153375
20181114000239	00325112
20181114000332	00121154
20181114000365	00604815
20181114000477	00166272
20181114000494	00330044
20181114000543	00116301
20181114000665	00121288
20181114000714	00407771
20181114000786	00156910
20181114000830	00144243
20181114000851	00111810
20181114000887	01318261
20181114000948	00261373
20181114000963	00203290
20181114001041	00131850
20181114001120	00100601
20181114001177	00442561
20181114001194	00349097
20181114001217	00115065
20181114001229	01009789
20181114001319	00580667
20181114001328	00317104
20181114001360	00526678
20181114001370	00377018
20181114001397	01065013
20181114001411	00129679
20181114001420	00146083
20181114001445	00347062
20181114001467	00530413
20181114001482	01128613
20181114001533	00102858
20181114001599	00122205
20181114001615	00166227
20181114001668	00679314
20181114001714	00246417
20181114001764	00828789
20181114001820	00413523
20181114001844	00369107
20181114001855	00165413
20181114001909	00123523
20181114001933	00298270
20181114001962	00113191
20181114001988	00389998
20181114002024	00263654
20181114002047	00877819
20181114002080	00131780
20181114002142	00872984
20181114002178	00109189
20181114002210	00126478
20181114002261	00365590
20181114002295	00349732
20181114002338	00138057
20181114002380	00265421
20181114002450	00492894
20181114002532	01205842
20181114002571	00139083
20181114002584	00121543
20181114002603	00356370
20181114002631	00113207
20181114002650	00129420
20181114002663	00258801
20181114002692	00904672
20181114002707	00113544
20181114002729	00108649
20181114002742	00156488
20181114002761	00500254
20181114002814	00606293
20181114002861	00542898
20181122000150	01185566
20181129000006	00527464
20181129000522	00145862
20181129000858	00599151
20181217000139	00536541
20190213000320	00110875
20190214000737	00201432
20190430001028	00450931
20190510000152	00134477
20190510000642	00249982
20190513000193	00957735
20190514000040	00135111
20190514000074	00438036
20190514000234	00389970
20190514000776	00410997
20190514000991	01258710
20190514001045	00939331
20190515000105	00134565
20190515000200	00127936
20190515000304	00130879
20190515000335	00363246
20190515000375	00258689
20190515000452	00128227
20190515000539	00855093
20190515000597	00556907
20190515000614	00530185
20190515000632	01101254
20190515000670	01135941
20190515000708	00838962
20190515000737	00125488
20190515000772	00127167
20190515000898	00264635
20190515000958	00307222
20190515000983	00129989
20190515000999	00130408
20190515001286	00480455
20190515001298	00693651
20190515001320	00350020
20190515001408	00938721
20190515001441	00390860
20190515001496	00126955
20190515001509	00188973
20190515001569	00384717
20190515001608	00131504
20190515001646	00273110
20190515001940	00442561
20190515001986	00163196
20190515002058	00120924
20190515002074	00483735
20190515002084	00118044
20190515002144	01065679
20190515002160	00178754
20190515002168	00820352
20190515002208	00164478
20190515002288	00109189
20190515002358	00296078
20190515002388	00220561
20190515002418	00113234
20190515002429	01067516
20190515002441	00120021
20190515002484	00149947
20190515002514	00492894
20190515002549	00258801
20190515002570	00539274
20190515002657	00681249
20190515002687	00904672
20190515002763	00140168
20190522000372	00111838
20190524000199	00995993
20190529000375	00230814
20190712000240	00155373
20190812000136	00186559
20190813000234	00616962
20190813000297	00126414
20190813000639	00130383
20190814000022	00438036
20190814000057	00957735
20190814000232	00574611
20190814000275	00229021
20190814000295	00155452
20190814000341	00128546
20190814000414	00447487
20190814000482	00533191
20190814000531	00407771
20190814000745	00111689
20190814000757	00137368
20190814000768	00138279
20190814000794	01157235
20190814000852	00105855
20190814000961	00308559
20190814001006	00373571
20190814001032	00159573
20190814001095	00156859
20190814001129	00120182
20190814001155	00532059
20190814001225	00305668
20190814001266	00106313
20190814001382	00143226
20190814001479	00136402
20190814001503	00177816
20190814001628	01063884
20190814001637	00126292
20190814001695	00480048
20190814001813	00140168
20190814001876	00608699
20190814001900	00158316
20190814001950	00265324
20190814001981	00210980
20190814001995	00104573
20190814002040	01267170
20190814002095	00155212
20190814002127	01025644
20190814002229	00896753
20190814002245	00296005
20190814002341	00153339
20190814002357	00410997
20190814002416	00120021
20190814002444	00173999
20190814002475	00115676
20190814002505	00164636
20190814002543	00657987
20190814002585	00268002
20190814002596	00347716
20190814002715	00258801
20190814002760	00113234
20190814002846	00317681
20190814002869	00409672
20190814002885	00483735
20190814002916	00592653
20190814002988	00143651
20191107000227	01074862
20191111000048	00127857
20191112000319	00439965
20191113000016	01243161
20191113000102	00228059
20191113000218	00216762
20191113000401	01128613
20191113000416	00409371
20191113000499	00574611
20191113000649	00552992
20191114000144	00390903
20191114000155	00248974
20191114000183	00389970
20191114000195	00490179
20191114000277	01167056
20191114000305	00899459
20191114000318	00360674
20191114000364	00307222
20191114000390	00137234
20191114000443	00104388
20191114000456	00490090
20191114000469	00131896
20191114000536	00121686
20191114000596	01031229
20191114000658	00136226
20191114000780	00132637
20191114000834	00143314
20191114000897	00479705
20191114000907	01013311
20191114000936	00121570
20191114000949	00318662
20191114001070	00120182
20191114001152	00264547
20191114001186	01063954
20191114001229	00172680
20191114001243	00126292
20191114001264	01205842
20191114001289	00533508
20191114001300	00101220
20191114001395	00157991
20191114001446	00500254
20191114001472	00330424
20191114001503	00108001
20191114001518	00519252
20191114001560	00136776
20191114001630	00253985
20191114001661	00361008
20191114001670	00123772
20191114001713	01008762
20191114001760	00164478
20191114001786	00373021
20191114001839	00144164
20191114001873	00852087
20191114001885	00442145
20191114001944	00113234
20191114001987	00126414
20191114002100	00492894
20191114002201	00593032
20191114002276	00896753
20191114002326	00127954
20191114002396	00305570
20191114002444	00120021
20191114002469	00406046
20191114002491	00242378
20191114002523	00131850
20191114002537	00129554
20191114002583	00258801
20191114002664	00120562
20191114002683	00160047
20191114002696	00115977
20191114002729	00579139
20191115000055	01214248
20191115000196	01136001
20191115000290	00564562
20191119000049	01166109
20200113000290	00155373
20200214000468	00136721
20200214001033	00141626
20200318000708	00113535
20200330003705	00760971
20200330004440	00535746
20200513000123	00813389
20200514000347	00537337
20200514000755	00527491
20200514000824	00536329
20200514001009	00260383
20200514001156	00104573
20200515000252	00556615
20200515000287	00115065
20200515000364	00118275
20200515000470	01199550
20200515000525	00815095
20200515000613	00612188
20200515000622	00371485
20200515000683	00125974
20200515000708	01069736
20200515000806	00380429
20200515000820	00231664
20200515000840	00303873
20200515000950	00441650
20200515000965	00121288
20200515000979	00296263
20200515001029	00124197
20200515001122	00101549
20200515001174	00384717
20200515001249	00656289
20200515001289	00137359
20200515001312	00819374
20200515001401	00125646
20200515001447	00216498
20200515001478	00121941
20200515001557	00838005
20200515001595	00126371
20200515001629	00116268
20200515001659	00136402
20200515001695	00109754
20200515001733	00485177
20200515001765	00163673
20200515001788	00664048
20200515001817	00925295
20200515001918	00348292
20200515001969	00100601
20200515002029	00259590
20200515002106	00440712
20200515002134	00139719
20200515002151	01047451
20200515002168	00608699
20200515002264	00180263
20200515002299	00260657
20200515002323	00112970
20200515002336	00573579
20200515002378	00295857
20200515002409	00222532
20200515002560	00117300
20200515002748	00108135
20200515002821	00539274
20200522000555	00108135
20200527000051	00892526
20200529000931	00562245
20200603000169	00125150
20200615000232	00359623
20200807000364	01074862
20200811000286	00357935
20200812000088	00190756
20200813000132	00145163
20200813000326	00101628
20200813000405	00203847
20200813000630	01124653
20200813000712	00220622
20200813000733	00260383
20200814000024	00556712
20200814000043	00480455
20200814000126	00986898
20200814000354	01199550
20200814000379	01146220
20200814000445	01061497
20200814000516	01013311
20200814000577	00356370
20200814000875	01251489
20200814000952	00145552
20200814001050	00923826
20200814001074	00121686
20200814001112	00172680
20200814001145	00656289
20200814001189	00181943
20200814001245	00219440
20200814001311	00583442
20200814001323	00693651
20200814001592	00842585
20200814001725	00117601
20200814001761	00843900
20200814001781	00791209
20200814001795	00123718
20200814001855	00149026
20200814001877	00144164
20200814001997	00120924
20200814002042	00489243
20200814002103	00209780
20200814002123	00261009
20200814002156	01101254
20200814002269	00203315
20200814002308	00104768
20200814002371	00409681
20200814002479	00145880
20200814002544	00674498
20200814002573	00172945
20200814002623	00176914
20200814002667	00925295
20200814002691	00147860
20200814002821	00111218
20200814002852	00390860
20200818000255	00545929
20200819000254	00259934
20200824000204	00173449
20200825000385	00340096
20200827000690	00878696
20200904000148	00442455
20200914000175	00475718
20201110000034	00298377
20201111000011	00438036
20201111000231	00970453
20201112000019	00833064
20201112000143	00260569
20201112000302	01440153
20201112000391	00117230
20201113000084	00406329
20201113000165	00103130
20201113000230	00366845
20201113000263	00145446
20201113000491	00619640
20201113000622	00157636
20201113000661	00126414
20201113000687	00961507
20201113000751	00132868
20201113000762	01416642
20201113000949	00263654
20201113001014	00116268
20201113001059	00222435
20201113001125	00916826
20201113001175	00152385
20201113001196	00296290
20201116000027	01020843
20201116000171	00295857
20201116000192	00390365
20201116000203	00156895
20201116000218	00513948
20201116000296	00121288
20201116000347	00128175
20201116000381	00633835
20201116000523	00533191
20201116000536	00133663
20201116000565	01227039
20201116000601	00113225
20201116000625	00112457
20201116000652	00122694
20201116000861	00329093
20201116000920	00491938
20201116000967	00172945
20201116001013	00106623
20201116001024	00498001
20201116001037	00576789
20201116001227	00307028
20201116001367	00925189
20201116001424	00303873
20201116001435	00104786
20201116001516	01234507
20201116001584	00357935
20201116001658	00599151
20201116001699	00327396
20201116001765	00105280
20201116001790	00113535
20201116001821	01310269
20201116001992	00255105
20201116002002	00227333
20201116002034	00111722
20201116002110	00113058
20201118000283	01061497
20201127000888	00878696
20201231000323	00813389
20210215001328	00814786
20210317000400	00105271
20210427000080	00362292
20210512000120	00153621
20210513000422	00799539
20210514000049	01109539
20210514000202	01157235
20210514000265	00166175
20210514000299	00126089
20210514000746	00422284
20210514001008	01182550
20210514001070	00159616
20210514001255	00556907
20210514001409	01060744
20210514001451	00911955
20210514001531	00131832
20210514001588	00184667
20210514001605	00266961
20210517000135	00261373
20210517000222	00170026
20210517000325	00480048
20210517000429	00135111
20210517000488	00273420
20210517000510	00109286
20210517000740	00364254
20210517000775	00375931
20210517000815	00210740
20210517000841	01353024
20210517000999	00104810
20210517001087	01344336
20210517001110	01067808
20210517001133	00651901
20210517001143	00200910
20210517001189	00116824
20210517001255	00259590
20210517001298	00925189
20210517001419	00445054
20210517001481	01234507
20210517001535	00266934
20210517001567	00109189
20210517001638	00533191
20210517001760	00111218
20210517001811	00642541
20210517001835	01089378
20210517001918	00203290
20210517001938	00617998
20210517001979	00176914
20210517001991	00456218
20210517002083	00919966
20210517002171	01185566
20210520000060	01032413
20210526000456	01174038
20210527000487	00146542
20210601000046	00671376
20210603000212	01412822
20210707000517	00492894
20210709000514	00318662
20210812000011	01136348
20210812000168	00122737
20210812000346	00562360
20210812000491	00109693
20210813000215	00491053
20210813000254	00133751
20210813000537	01135941
20210813000728	00120562
20210813000744	00306870
20210813000982	00120182
20210813001009	00318316
20210813001061	00787057
20210813001083	00148610
20210813001159	00203023
20210813001216	00364254
20210813001227	01237434
20210813001268	00216434
20210817000020	01405585
20210817000035	00261373
20210817000117	00204642
20210817000129	01368637
20210817000144	01023318
20210817000202	00158024
20210817000225	00377018
20210817000253	00172945
20210817000300	00143262
20210817000322	00113234
20210817000364	00111838
20210817000525	01265251
20210817000557	00108649
20210817000590	01351080
20210817000729	01264438
20210817000788	01078178
20210817000846	00159795
20210817000913	00385415
20210817001012	00161693
20210817001043	00104810
20210817001077	01065013
20210817001089	00118044
20210817001147	00526696
20210817001159	00129509
20210817001201	00163716
20210817001210	00159740
20210817001232	00121534
20210817001292	00164636
20210817001431	00652423
20210817001441	00923826
20210817001452	00808068
20210817001464	00828789
20210817001495	00111722
20210817001525	00500254
20210817001606	00599957
20210817001877	00963976
20210817001907	00205003
20210817002002	00359395
20210817002053	00148276
20210817002155	00240857
20210817002200	00171265
20210817002270	00259934
20210820000216	00260745
20210826000384	01174038
20210830001117	01084364
20210831001817	00105952
20211012000100	00487546
20211109000228	00445054
20211112000067	00491053
20211112000108	00287812
20211112000131	00161046
20211112000169	00140946
20211112000309	00304076
20211112000398	00104786
20211112000441	00308559
20211112000488	00176516
20211112000528	00855093
20211112000563	00985686
20211112000585	00348292
20211112000615	00611736
20211112000651	00204262
20211112000746	01344336
20211112000809	01258507
20211112000834	00137368
20211112000849	00572905
20211112000986	00206686
20211112001083	00159616
20211112001098	00340096
20211112001135	00296290
20211112001151	00160588
20211115000012	00913689
20211115000038	00642897
20211115000075	00925189
20211115000152	00132628
20211115000200	00132868
20211115000334	01064069
20211115000359	00843900
20211115000456	00113225
20211115000472	00471068
20211115000527	00127936
20211115000613	00114686
20211115000635	00526696
20211115000662	00106669
20211115000678	00150439
20211115000690	00162832
20211115000702	00131197
20211115000773	00178851
20211115000925	00105156
20211115000958	00463342
20211115001048	00305668
20211115001068	00126487
20211115001147	00148522
20211115001186	00143314
20211115001371	00153126
20211115001402	00369833
20211115001444	01319899
20211115001465	00186799
20211115001475	00487546
20211115001524	00795135
20211115001540	00306162
20211115001579	00651901
20211115001627	00147860
20211115001641	00141246
20211115001658	00137359
20211115001804	00192499
20211115001815	00153755
20211115001985	01047707
20211115002053	00479705
20211115002087	00155124
20211115002114	01165155
20211115002142	00153861
20211115002155	00120924
20211115002167	00587466
20211115002237	00156150
20211115002267	00186939
20211115002301	00234412
20211115002474	00268251
20211115002492	00139685
20211116000008	00151605
20211116000275	01051472
20211118000060	01022142
20211126000102	00964595
20211227000458	00318662
20220210000726	00877174
20220214000973	00599151
20220511000055	01454341
20220511000715	00149804
20220513000442	00132868
20220513000836	00778235
20220513000988	00296005
20220513001363	00631518
20220513001393	00508344
20220513001572	00991298
20220513001680	00526696
20220513001706	00264547
20220516000114	00602136
20220516000493	00139083
20220516000690	00258689
20220516000739	00361169
20220516000789	00128227
20220516000832	00838005
20220516000864	00259934
20220516000884	00595191
20220516000907	01462605
20220516000977	01265251
20220516001044	00105271
20220516001069	00671376
20220516001182	00305668
20220516001192	00896753
20220516001231	00203582
20220516001360	00152589
20220516001549	00309503
20220516001572	00409672
20220516001596	00583026
20220516001623	00618410
20220516001690	00171265
20220516001704	00664048
20220516001716	00198192
20220516001741	00397252
20220516001795	01394669
20220516001834	00814786
20220516002040	00410997
20220516002057	00268251
20220516002096	00186559
20220516002139	00267854
20220516002309	01047707
20220516002372	00791209
20220516002430	00131832
20220516002439	00530413
20220516002455	00258801
20220516002465	00126414
20220516002566	00108135
20220516002650	00983271
20220517000131	00351630
20220518000001	00450931
20220520000485	00359395
20220809000025	00177320
20220812000257	01136001
20220812000405	00367482
20220812000424	00301112
20220812000503	00361008
20220812000616	00479705
20220812000642	00529815
20220812000665	00144720
20220812000784	01204056
20220812000806	00977377
20220812000909	00653194
20220812000941	00318316
20220812001008	00453442
20220812001053	00118266
20220812001084	00264547
20220812001140	00161116
20220812001163	00820352
20220812001227	01032486
20220812001298	01217014
20220812001333	00105101
20220812001343	00117708
20220812001361	00256380
20220816000123	00641171
20220816000158	01335143
20220816000256	00112165
20220816000288	00103042
20220816000321	00302926
20220816000352	00109286
20220816000403	00370255
20220816000442	00910840
20220816000455	00125725
20220816000492	00612294
20220816000501	00116426
20220816000527	00135111
20220816000602	00163716
20220816000748	00353878
20220816000832	00146083
20220816000851	01085026
20220816001032	00145190
20220816001057	00362858
20220816001096	00671376
20220816001120	01099861
20220816001196	00513948
20220816001244	00170026
20220816001253	00533924
20220816001327	01003040
20220816001549	00117337
20220816001591	00580056
20220816001606	00269612
20220816001638	00144243
20220816001655	00447575
20220816001682	00988364
20220816001695	00127954
20220816001730	00158565
20220816001742	00366845
20220816001766	00139834
20220816001884	00158307
20220816002005	00347716
20220816002062	00357607
20220816002139	00259590
20220816002165	00131832
20220816002259	00816544
20220816002459	00318662
20220816002512	00159795
20220816002557	00103644
20220816002574	00159731
20220816002586	00163196
20220818000279	00148939
20221011000048	00152589
20221108000001	00491053
20221110000069	01136001
20221111000122	01311055
20221111000196	00533508
20221111000362	00361008
20221111000391	00269612
20221111000471	00241209
20221111000536	00415594
20221111000631	01409095
20221111000720	00108649
20221111000743	00453442
20221111000783	00362292
20221111000797	00152127
20221111000808	00230036
20221111000932	00330424
20221111001023	01316245
20221111001037	00657002
20221114000027	01108442
20221114000146	00442455
20221114000167	00236863
20221114000312	00404701
20221114000356	00133663
20221114000389	00107987
20221114000421	00218575
20221114000438	01394669
20221114000663	00150439
20221114000699	00157991
20221114000809	00456218
20221114000824	00362858
20221114000849	00138701
20221114000907	00494546
20221114000933	00406046
20221114000975	00166272
20221114001039	00643656
20221114001047	01080687
20221114001083	00133335
20221114001091	00306454
20221114001119	00397289
20221114001141	01219155
20221114001213	00413417
20221114001223	00131054
20221114001234	00138057
20221114001297	00432102
20221114001344	00117498
20221114001363	00149239
20221114001386	00159731
20221114001405	00671376
20221114001470	00243979
20221114001503	00103130
20221114001543	00391197
20221114001557	00127954
20221114001630	00107613
20221114001669	01259232
20221114001695	00540447
20221114001769	00137368
20221114001810	00162416
20221114001822	01085026
20221114001836	01258507
20221114001872	00177870
20221114001887	00141671
20221114002025	00988364
20221114002116	00109286
20221114002128	00138242
20221114002174	00357935
20221114002272	00258360
20221114002363	00180263
20221114002404	00140177
20221114002467	01205842
20221114002500	00683007
20221114002572	00106669
20221114002601	00562360
20221114002619	00296078
20221114002674	00110884
20221114002684	00476498
20221114002749	00146427
20221114002770	00143262
20221115000273	01573284
20221125000423	00113191
20221130001600	00134176
20221208000449	01327092
20230118000430	01259232
20230213000806	00136101
20230323000925	00378220
20230510000191	00356389
20230511000027	00958327
20230512000905	00336817
20230512001040	00188973
20230512001237	01584934
20230512001258	01015160
20230515000292	00108746
20230515000336	00503668
20230515000417	00535481
20230515000498	00136776
20230515000608	00163318
20230515000699	00117230
20230515000766	00259934
20230515000888	00485177
20230515001022	00142883
20230515001233	00372226
20230515001300	00127158
20230515001312	00423177
20230515001337	00118266
20230515001418	00113234
20230515001562	00396925
20230515001626	00152686
20230515001644	00129615
20230515001702	01110182
20230515001785	01101041
20230515001794	00656951
20230515001852	00109037
20230515001982	00814786
20230515002029	00616290
20230515002063	01008762
20230515002105	00103130
20230515002129	00192499
20230515002194	00120924
20230515002283	00242378
20230515002347	00239639
20230515002449	00608802
20230515002475	00181943
20230515002553	00101220
20230515002644	01150515
20230515002668	00675594
20230515002694	00131832
20230515002718	01386916
20230515002758	01105621
20230515002775	00159971
20230515002929	00266952
20230518000337	00102858
20230621000105	00493325
20230809000193	00958327
20230811000044	00492353
20230811000512	00664181
20230811000715	00362238
20230811001128	00102353
20230811001227	00118275
20230811001378	00480048
20230811001442	00356389
20230811001492	00161709
20230811001586	00178790
20230811001599	00104786
20230811001638	00160047
20230811001697	00330424
20230811001713	00152127
20230811001749	00552992
20230811001783	01185566
20230811001813	00148610
20230811001829	01035368
20230811001846	00138057
20230811001876	00144395
20230811001890	00535375
20230811001951	00150165
20230811001992	01152586
20230811002010	00128980
20230811002147	01015160
20230811002553	00606293
20230811002592	00249982
20230814000463	00308559
20230814000518	00533003
20230814000536	01297898
20230814000813	00103592
20230814000830	00692254
20230814001378	01175499
20230814001416	00246417
20230814001449	00305668
20230814001469	00131197
20230814001592	00892526
20230814001614	00413046
20230814001705	00162416
20230814001802	00139083
20230814001852	00123772
20230814001887	00565154
20230814001922	00530556
20230814001942	00301112
20230814001952	00170558
20230814002007	01008762
20230814002022	01174038
20230814002049	00404288
20230814002108	00349097
20230814002150	00142883
20230814002199	00106669
20230814002348	00442455
20230814002365	00159731
20230814002512	00513948
20230814002554	00206686
20230814002586	00164830
20230814002604	00228536
20230814002690	00209780
20230814002709	00200910
20230814002836	00693651
20230814002853	00535746
20230814002895	00116824
20230814002944	00870481
20230814003111	00608699
20230816000241	00961507
20230818000261	01105621
20230828000433	00123772
20230829000621	00351427
20230926000402	00149646
20230927000608	00112332
20231107000159	00990819
20231108000125	01326224
20231109000315	00105961
20231110000691	01505186
20231113000047	00366845
20231113000280	00405278
20231113000441	00129615
20231113000458	01227039
20231113000473	00609634
20231113000515	00535375
20231113000590	00180263
20231113000644	00108746
20231113000705	01042979
20231113000764	01375822
20231114000158	01128622
20231114000195	00138516
20231114000209	01157235
20231114000241	00549891
20231114000283	00816544
20231114000347	00130408
20231114000367	00535481
20231114000405	00102353
20231114000468	00133876
20231114000565	00104120
20231114000580	01238169
20231114000594	00105606
20231114000680	00463342
20231114000822	01534577
20231114000841	01010642
20231114000854	00530121
20231114000994	01026157
20231114001018	00526696
20231114001072	00187725
20231114001116	00583424
20231114001124	00249247
20231114001199	00155355
20231114001209	00116949
20231114001219	00186452
20231114001228	00365387
20231114001268	01060744
20231114001279	00118266
20231114001316	00159740
20231114001368	00540571
20231114001398	01497869
20231114001475	00261957
20231114001483	00977641
20231114001583	00121932
20231114001593	01033591
20231114001602	00681249
20231114001630	01203808
20231114001716	00125576
20231114001790	00158565
20231114001823	00688358
20231114001906	00266934
20231114001970	00137368
20231114002000	00536523
20231114002046	00126487
20231114002106	01495180
20231114002131	01586455
20231114002148	00877819
20231114002292	01265251
20231114002321	00117629
20231114002357	00108135
20231114002368	00389970
20231114002380	00651901
20231114002410	01179617
20231114002426	00149804
20231114002434	00159795
20231114002496	00148896
20231114002552	00259590
20231114002570	00120924
20231114002690	00173449
20231114002751	00146427
20231114002841	00298377
20231114002863	00112332
20231114002921	00102618
20231114003012	00870481
20231114003037	00476498
20231114003049	00126089
20231117000106	00199076
20231123000123	00869272
20231124000366	00150165
20231127000067	00870481
20231128000871	01335453
20231129001112	01494118
20231129001371	00164618
20231215000345	00113191
20231228000569	00547583
20231229000241	00117267
20240214001925	00441243
20240320001871	00287812
20240503000402	01553129
20240510000349	00406046
20240513000669	00365590
20240514000084	00406329
20240514000145	00245694
20240514000196	01214248
20240514000263	00409788
20240514000380	00529815
20240514000428	00106313
20240514000447	00528515
20240514000467	00296263
20240514000511	00113225
20240514000835	00405320
20240514001006	00261054
20240514001064	01283974
20240514001179	00867098
20240514001237	00365387
20240514001422	00911955
20240514001517	00197759
20240514001537	00138303
20240514001567	00362292
20240514001578	00415707
20240514001645	00533003
20240514001715	01246034
20240516000123	01032583
20240516000242	01255652
20240516000280	00108649
20240516000322	00536329
20240516000477	00264255
20240516000566	01251595
20240516000608	00166272
20240516000691	00142713
20240516000798	00125725
20240516000876	00266934
20240516000897	00651017
20240516000930	00162416
20240516000965	00159731
20240516001067	01532603
20240516001094	00426068
20240516001112	00172185
20240516001132	00571298
20240516001167	01023318
20240516001199	00585538
20240516001249	01074862
20240516001268	01091054
20240516001288	00268251
20240516001307	00556615
20240516001318	00210980
20240516001326	00155355
20240516001338	00186452
20240516001372	00117300
20240516001400	00180263
20240516001422	00113234
20240516001454	00161116
20240516001482	00576789
20240516001531	00761059
20240516001645	00939331
20240516001757	00872984
20240516001863	00295857
20240516001926	00152862
20240516001940	01128622
20240516002037	01008762
20240516002050	00392691
20240516002113	00808068
20240516002219	00108135
20240516002288	00101220
20240521000355	01067808
20240527000240	01583652
20240628000666	00164973
20240809000344	00525882
20240812000523	00580056
20240812000859	00449254
20240813000429	00398668
20240813001007	00527491
20240813001134	00336817
20240813001206	00607496
20240813001259	00778235
20240813001295	00380429
20240813001320	01412822
20240813001343	00105138
20240814000553	00361008
20240814000634	00838005
20240814000670	00143226
20240814000979	00113997
20240814001067	00128607
20240814001121	00159573
20240814001189	00180865
20240814001266	00475718
20240814001348	00816544
20240814001662	00158565
20240814001690	00117498
20240814002009	00557933
20240814002284	00117267
20240814002321	00125725
20240814002417	00132868
20240814002487	00222532
20240814002755	00359623
20240814002790	00152686
20240814002859	01042429
20240814002948	01008762
20240814003045	01029394
20240814003114	01026157
20240814003127	00624518
20240814003151	00869272
20240814003160	00456218
20240814003176	00533508
20240814003266	00615723
20240814003325	00107613
20240814003338	01109715
20240814003410	01343665
20240814003434	01534577
20240814003508	00118275
20240814003542	00384717
20240814003598	00112721
20240814003680	00447487
20240814003753	00123541
20240814003821	01077577
20240814003882	00536541
20240814003902	00246620
20240814003966	01327092
20240814004039	00172945
20240814004050	00240857
20240814004158	00149947
20240814004168	01584183
20240814004300	00144243
20240814004329	00410997
20240814004344	00959229
20240814004374	00115676
20240814004386	00203290
20240814004441	00186452
20240814004571	00407771
20240814004620	00125974
20240822000278	01553129
20241108000028	00668965
20241111000287	00123523
20241112000009	00927558
20241113000276	01112700
20241113000292	00453488
20241113000419	00198697
20241113000433	00651017
20241113000496	00453442
20241113000541	00152385
20241114000173	00351807
20241114000226	00652423
20241114000306	00249502
20241114000340	00527491
20241114000350	00409140
20241114000465	01534577
20241114000489	01032583
20241114000551	01456011
20241114000631	00101628
20241114000644	00155212
20241114001056	00753643
20241114001071	01343665
20241114001106	00109189
20241114001126	00532129
20241114001137	00624509
20241114001146	00158565
20241114001217	00990819
20241114001287	00132868
20241114001329	00188973
20241114001382	00133706
20241114001391	01303029
20241114001428	00359623
20241114001539	00915508
20241114001562	00210980
20241114001603	00556615
20241114001612	00656951
20241114001717	00318662
20241114001771	00125150
20241114001873	00157991
20241114001966	00233653
20241114001982	00268251
20241114002013	00172079
20241114002032	00145260
20241114002056	00923792
20241114002094	00412597
20241114002130	00246620
20241114002162	00159795
20241114002181	01105621
20241114002258	00526696
20241114002267	00127255
20241114002278	00417167
20241114002328	00180865
20241114002416	00660121
20241114002430	00167192
20241114002458	00265005
20241114002489	00377018
20241114002548	01062177
20241114002566	00366438
20241114002576	00632845
20241114002600	00130587
20241114002630	00490179
20241114002641	00186939
20241114002649	00925295
20241114002808	00111218
20241114002851	00156488
20241114002890	00617998
20241114002953	00298377
20241118000207	00650771
20241128000983	01663569
20241223000316	00113191
20241226000148	00108746
20241230000320	00129509
20250213001506	00145914
20250430000233	01031229
20250512000509	01397620
20250513000303	00159698
20250514000205	00115931
20250514000258	00139454
20250514000471	00596677
20250514000723	00409140
20250514001195	00110583
20250515000594	00143262
20250515000622	00204226
20250515000670	00977650
20250515000841	00287788
20250515000940	01136001
20250515001203	00175173
20250515001243	00259934
20250515001263	00378220
20250515001283	00144720
20250515001335	00577016
20250515001372	00110750
20250515001502	01397772
20250515001562	01409095
20250515001662	01526806
20250515001747	00104810
20250515001921	00163345
20250515001930	00173449
20250515001985	00576789
20250515002003	00231831
20250515002025	01455492
20250515002036	00808068
20250515002155	00346911
20250515002250	01201970
20250515002278	00153861
20250515002310	01397903
20250515002353	00809429
20250515002439	00120924
20250515002454	01381984
20250515002524	00440712
20250515002591	00109718
20250515002652	00961774
20250515002684	00141477
20250515002697	00356839
20250515002721	00617998
20250515002852	00123143
20250515002943	00296078
20250516000290	00152589
20250808000604	00304076
20250812000275	00920379
20250812000560	01397772
20250813000751	00139454
20250813000821	00287788
20250813001094	00577016
20250813001401	00664853
20250813001443	00927558
20250814000806	00365989
20250814000888	01235296
20250814001019	00136776
20250814001291	00259934
20250814001594	00133663
20250814001974	00264671
20250814002164	00545929
20250814002186	01208849
20250814002225	00377018
20250814002261	01575839
20250814002300	01311286
20250814002364	00911955
20250814002375	00491938
20250814002393	00110750
20250814002498	00103547
20250814002536	01290248
20250814002560	00364254
20250814002786	01505186
20250814002805	00259545
20250814002860	00403766
20250814002892	00125576
20250814002919	00351579
20250814002969	00232007
20250814002984	01512575
20250814003041	00130587
20250814003078	00173449
20250814003106	01297898
20250814003131	01042979
20250814003146	00246620
20250814003173	00200910
20250814003277	00615723
20250814003287	00161116
20250814003428	01649620
20250814003514	00616290
20250814003557	00153861
20250814003628	00349060
20250814003639	00256502
20250814003682	00103644
20250814003721	01080252
20250814004039	00126089
20250814004170	00297989
20250814004306	00556907
20250814004318	01038693
20250814004361	00346610
20250814004486	01051092
20250818000095	01258710
20250821000690	00609634
20250901000023	01728167
20250904000357	00959229
20250909000347	00152880
20251111000219	00189538
20251112000115	00154718
20251113000192	00124276
20251113000291	00118044
20251113000346	00287788
20251113000412	01110678
20251113000455	00728638
20251113000482	00305570
20251113000697	00157991
20251113000735	00140946
20251113000771	00180865
20251113000989	00117188
20251114000101	01563667
20251114000148	01456011
20251114000209	00821607
20251114000224	00959229
20251114000275	00350312
20251114000404	00357430
20251114000505	00104120
20251114000595	00360674
20251114000608	00369170
20251114000671	00256043
20251114000683	00675594
20251114000712	00453488
20251114000786	00409681
20251114000879	00367871
20251114000936	00119672
20251114000975	00415707
20251114001043	00295547
20251114001219	00125488
20251114001251	00111810
20251114001263	00219440
20251114001366	00155276
20251114001466	00462121
20251114001507	00529815
20251114001535	00556615
20251114001688	00535375
20251114001719	00364254
20251114001751	01327092
20251114001844	00911955
20251114001905	00145260
20251114001946	01512575
20251114001967	00445841
20251114001987	00155692
20251114002039	00268002
20251114002063	00351579
20251114002086	00172185
20251114002107	00385336
20251114002159	00173351
20251114002238	01391103
20251114002250	01108442
20251114002276	00116426
20251114002289	00307028
20251114002301	00449379
20251114002353	01409095
20251114002376	00573269
20251114002434	00110583
20251114002608	01586455
20251114002664	00340096
20251114002674	00615723
20251114002819	01075126
20251114002839	00390860
20251114002938	00232007
20251114002979	01649620
20251114002993	01235296
20251114003036	00125974
20251114003081	00118345
20251114003116	00228059
20251120000327	00596260
20251128000800	00351579
20251128001786	00112332
20251230000549	01367586
20260429000076	00958327
20260507000285	00296005
20260513000168	00125725
20260513000261	00485177
20260514000131	00144720
20260514000296	00406329
20260514000893	01593668
20260514001053	01110678
20260514001128	00369569
20260514001333	00240857
20260514001388	00483735
20260514001458	01316236
20260515000468	01010642
20260515000496	00139764
20260515000542	00409788
20260515000566	00287788
20260515000626	00118275
20260515000916	01721809
20260515000996	00252269
20260515001008	00117498
20260515001019	00149026
20260515001127	00103662
20260515001261	00210980
20260515001357	00117708
20260515001381	00142713
20260515001413	00684802
20260515001541	01203659
20260515001835	01014718
20260515001845	01099861
20260515001911	00107677
20260515002330	00816933
20260515002390	00118266
20260515002537	01181515
20260515002601	00141307
20260515002627	00200910
20260515002653	00997812
20260515002758	01075126
20260515002768	01335851
20260515002792	01829819
20260515002829	00141477
20260515002841	00809429
20260515002867	01067516
20260515002889	00361169
20260515002901	00113191
20260515002968	00172185
20260515003018	01299106
20260515003072	00351579
20260812000408	00151605
20260812000685	01859500
20260813000610	01089350
20260813000672	00349060
20260813001227	01399071
20260813001504	00169048
20260813001695	01316236
20260814000117	00516246
20260814000388	00491938
20260814000512	01274329
20260814000652	00112651
20260814000733	00223762
20260814000786	01181807
20260814000971	01080687
20260814001155	00221728
20260814001489	00109286
20260814001685	01341630
20260814001759	00398808
20260814001804	00540571
20260814001859	00469799
20260814001895	00150439
20260814002086	00220109
20260814002287	01253636
20260814002327	00429694
20260814002386	01068737
20260814002411	00173449
20260814002540	00118965
20260814002575	01259232
20260814002631	00298377
20260814002810	00549891
20260814002938	00442048
20260814003043	00103547
20260814003077	00295857
20260814003099	01042650
20260814003121	01336762
20260814003137	00861997
20260814003187	00121941
20260814003321	00365758
20260814003333	01327092
20260814003406	00104573
20260814003438	00530121
20260814003676	01135084
20260814003692	00117708
20260814003721	00146454
20260814003824	01534577
20260814003876	00657783
20260814003901	00156150
20260814004027	00365387
20260814004054	00112332
20260814004139	00363510
20260814004277	01360875
20260814004303	00297448
20100211000217	00378363
20100212000205	00110750
20100212000263	00122205
20100212000315	00145914
20100216000137	00159102
20100216000171	00112059
20100507001052	00189538
20100510001128	00552859
20100511000399	00260392
20100511001643	00148540
20100512000210	00295857
20100512000736	00173449
20100512001841	00152729
20100512002469	00475718
20100513000998	00231664
20100513001322	00540571
20100513001761	00201733
20100513002129	00378220
20100513002352	00264732
20100513002461	00104786
20100513002900	00103592
20100514000296	00137012
20100514000370	00137058
20100514000598	00145163
20100514000689	00555874
20100514000765	00132725
20100514000849	00220057
20100514000920	00449254
20100514001027	00159786
20100514001138	00493510
20100514001258	00128926
20100514001480	00372882
20100514001583	00163716
20100514001659	00118044
20100514001773	00148531
20100514001837	00609634
20100514001883	00562360
20100514002006	00239514
20100514002072	00140779
20100514002468	00317681
20100514002521	00453929
20100514002700	00117708
20100514002795	00242934
20100514002881	00108649
20100514002969	00428251
20100514003033	00225159
20100514003102	00261656
20100514003153	00118275
20100514003276	00107987
20100514003304	00156488
20100514003494	00628860
20100514003589	00480048
20100514003681	00406329
20100514003722	00106313
20100514003837	00261373
20100514003987	00233653
20100514004113	00186452
20100517000002	00557933
20100517000377	00298447
20100517000422	00300548
20100517000447	00178754
20100517000500	00306162
20100517000515	00132628
20100517000554	00353762
20100517000575	00173795
20100517000595	00268002
20100517000656	00349060
20100517000671	00199076
20100517000698	00256502
20100517000718	00329093
20100517000734	00400121
20100517000788	00125150
20100517000810	00178851
20100517000831	00264635
20100517000855	00187725
20100517000889	00146269
20100517000972	00136086
20100517000994	00476498
20100517001034	00130684
20100517001044	00111704
20100517001063	00303873
20100517001106	00159698
20100517001140	00645089
20100517001155	00109037
20100517001177	00498001
20100517001223	00171867
20100517001325	00216027
20100517001358	00372873
20100517001387	00288343
20100517001416	00652423
20100517001471	00265005
20100517001488	00227333
20100517001513	00205687
20100517001541	00111111
20100517001647	00122825
20100517001681	00154329
20100517001732	00133663
20100520000348	00308559
20100809000134	00115694
20100810000091	00118026
20100812000074	00228536
20100812000112	00540571
20100812000211	00753643
20100812000322	00114792
20100812000388	00463342
20100813000010	00135795
20100813000020	00475976
20100813000051	00416414
20100813000064	00137368
20100813000106	00159786
20100813000119	00207375
20100813000221	00351630
20100813000285	00265324
20100813000297	00129554
20100813000305	00113234
20100813000338	00149947
20100813000362	00102618
20100813000379	00568188
20100813000416	00350020
20100813000428	00147860
20100813000454	00225159
20100813000500	00243757
20100813000520	00485177
20100813000538	00349097
20100813000551	00157636
20100813000575	00103042
20100813000595	00411048
20100813000616	00122205
20100813000632	00104722
20100813000692	00378628
20100813000739	00160843
20100813000764	00390055
20100813000806	00219361
20100813000867	00159698
20100813000916	00415707
20100813000937	00104999
20100813000951	00543204
20100813000971	00409788
20100813001041	00360674
20100813001053	00442561
20100813001078	00186939
20100813001105	00230425
20100813001143	00506294
20100813001156	00117276
20100816000015	00125521
20100816000035	00226866
20100816000067	00146269
20100816000115	00508274
20100816000151	00210980
20100816000167	00298447
20100816000192	00173999
20100816000207	00261285
20100816000238	00136864
20100816000256	00146214
20100816000317	00121507
20100816000330	00198697
20100816000344	00109268
20100816000374	00113261
20100816000409	00178754
20100816000426	00152260
20100816000459	00186559
20100816000480	00144252
20100816000496	00165060
20100816000556	00155735
20100816000570	00111810
20100816000598	00163691
20100816000654	00136226
20100816000664	00139889
20100816000675	00145190
20100816000707	00255619
20100816000741	00227333
20100816000757	00219848
20100816000780	00203315
20100816000807	00362292
20100816000827	00131780
20100816000864	00164742
20100816000907	00120562
20100816000939	00411446
20100816000978	00361594
20100816001103	00148832
20100816001116	00186452
20100816001129	00158501
20100816001147	00526951
20100816001161	00173944
20100816001188	00145552
20100816001205	00364467
20100816001271	00149646
20100816001290	00126308
20100816001399	00117337
20100823000007	00165060
20100830000374	00126186
20100830000474	00134723
20100914000144	00149804
20101019000040	00555874
20101029000203	00631518
20101104000193	00243067
20101108000143	00118026
20101110000005	00256380
20101110000051	00258421
20101111000013	00340272
20101111000058	00113234
20101111000085	00163318
20101111000217	00187415
20101111000247	00115694
20101111000385	00432102
20101112000013	00150165
20101112000023	00167192
20101112000038	00580065
20101112000054	00599106
20101112000100	00230911
20101112000115	00172291
20101112000138	00596677
20101112000165	00188089
20101112000188	00155735
20101112000203	00118804
20101112000240	00149354
20101112000262	00204208
20101112000275	00243757
20101112000296	00271501
20101112000316	00445841
20101112000414	00141389
20101112000431	00127042
20101112000446	00367604
20101112000552	00480048
20101112000638	00318662
20101112000650	00233653
20101112000673	00370200
20101112000693	00606664
20101112000725	00265324
20101112000764	00753643
20101112000786	00351579
20101112000814	00138598
20101112000862	00230425
20101112000888	00269241
20101115000024	00178754
20101115000041	00366845
20101115000058	00369170
20101115000093	00468374
20101115000137	00276834
20101115000150	00347734
20101115000172	00136004
20101115000190	00197759
20101115000204	00185356
20101115000233	00115676
20101115000316	00258360
20101115000330	00117966
20101115000340	00303192
20101115000360	00103510
20101115000371	00201733
20101115000385	00261009
20101115000401	00103662
20101115000419	00138057
20101115000430	00173874
20101115000449	00447760
20101115000474	00489243
20101115000511	00130684
20101115000524	00599957
20101115000559	00110875
20101115000571	00641393
20101115000616	00160843
20101115000630	00152437
20101115000643	00269940
20101115000654	00241209
20101115000676	00160205
20101115000697	00136101
20101115000749	00268002
20101115000861	00122898
20101115000880	00115384
20101115000905	00633835
20101115000917	00140131
20101115000953	00159193
20101115000993	00268118
20101115001042	00442455
20101115001066	00133557
20101115001089	00128661
20101115001143	00110750
20101115001157	00259934
20101115001202	00412597
20101115001218	00349097
20101115001252	00159102
20101115001268	00163345
20101115001284	00163512
20101115001314	00163691
20101115001331	00113410
20101115001351	00109781
20101115001378	00109514
20101115001398	00255433
20101115001413	00266934
20101115001437	00377610
20101115001469	00472890
20101115001486	00113058
20101115001500	00153861
20101115001518	00378220
20101115001540	00120571
20101115001591	00378363
20101115001678	00141626
20101115001746	00133663
20101116000231	00203023
20101124000031	00220969
20101129000238	00166272
20101129000403	00120021
20101129000523	00139834
20101229000394	00171636
20110211000102	00111722
20110211000243	00296290
20110214000100	00367385
20110214000150	00144818
20110214000191	00159102
20110214000221	00136101
20110214000299	00330424
20110215000027	00159731
20110428000222	00125725
20110512000599	00258689
20110513001858	00131939
20110513002690	00349811
20110513003635	00143907
20110516000119	00552859
20110516000415	00116408
20110516000635	00489243
20110516001089	00447502
20110516001216	00143226
20110516001485	00373571
20110516001589	00122348
20110516001909	00246417
20110516002175	00219574
20110516002285	00166175
20110516002360	00199076
20110516002509	00791209
20110516002528	00159795
20110516002875	00351579
20110516003030	00139685
20110516003069	00203023
20110516003266	00259590
20110516003332	00133706
20110516003350	00169215
20110516003420	00178754
20110516003507	00269940
20110516003578	00155355
20110516003664	00180263
20110516003867	00151128
20110516003889	00442570
20110516004089	00815767
20110517000229	00165060
20110530000013	00353610
20110530000485	00403632
20110530000661	00126371
20110530000819	00102858
20110530000887	00684714
20110530000910	00105952
20110530001091	00628860
20110531001623	00173698
20110713000005	00116408
20110714000111	00352064
20110715000078	00121154
20110715000138	00172945
20110803000059	00365758
20110812000231	00407285
20110812000396	00492894
20110812000445	00349811
20110812000640	00171867
20110816000238	00531917
20110816000336	00442570
20110816000355	00373021
20110816000368	00256715
20110816000449	00140061
20110816000476	00269889
20110816000720	00128980
20110816000780	00242378
20110816000813	00222435
20110816000858	00199076
20110816000932	00246620
20110816001272	00442455
20110816001463	00148531
20110816001523	00139764
20110816001545	00108940
20110816001566	00117027
20110816001647	00494476
20110816001677	00276083
20110816001874	00127954
20110817000008	00531917
20110826000064	00573269
20110826000374	00138297
20110829000257	00683469
20110829000381	00476498
20110829000403	00173032
20110829000433	00158307
20110829000446	00126362
20110829000509	00139834
20111103000169	00161125
20111111000406	00239514
20111114000063	00165060
20111114000092	00171636
20111114000122	00139153
20111114000380	00153375
20111114000391	00398808
20111114000429	00181943
20111114000583	00113128
20111114000598	00366942
20111114000622	00139719
20111114000639	00390055
20111114000744	00108241
20111114000904	00694942
20111114001087	00545716
20111114001115	00122205
20111114001156	00264228
20111114001181	00129989
20111114001252	00198192
20111114001420	00152880
20111114001462	00362292
20111114001537	00108940
20111114001708	00163716
20111114001840	00370255
20111114001902	00204262
20111114002024	00323868
20111115000002	00426068
20111115000169	00137207
20111117000106	00113261
20111122000093	00185046
20111125000156	00444329
20111129000191	00353610
20111129000451	00440712
20111129000485	00148896
20111129000511	00399694
20111129000591	00258801
20111129000611	00159102
20111129000851	00105271
20111129000990	00163512
20120214000293	00108649
20120224000108	00111722
20120229000929	00103176
20120315000142	00140131
20120509000166	00516246
20120510000254	00261656
20120514000544	00157636
20120514001853	00415707
20120514002183	00360674
20120514002773	00128926
20120514003196	00206659
20120514003409	00264732
20120514004084	00118804
20120514004408	00158219
20120514004974	00422895
20120514005442	00351579
20120514005629	00260408
20120514005987	00494476
20120515000015	00116408
20120515000076	00303396
20120515000155	00297989
20120515000286	00112165
20120515000324	00235183
20120515000404	00111421
20120515000534	00402110
20120515000548	00260958
20120515000583	00208444
20120515000658	00167192
20120515000686	00351630
20120515000737	00605124
20120515000779	00166519
20120515000828	00653194
20120515000893	00174527
20120515000933	00390860
20120515000968	00109754
20120515001044	00146232
20120515001099	00411048
20120515001172	00608316
20120515001206	00105280
20120515001236	00454946
20120515001273	00172185
20120515001290	00317487
20120515001338	00108649
20120515001355	00108940
20120515001512	00626011
20120515001548	00117300
20120515001566	00144243
20120515001687	00146560
20120515001714	00125530
20120515001725	00377610
20120515001785	00126089
20120515001799	00265005
20120515001817	00305297
20120515001849	00164812
20120515001888	00445054
20120515001913	00587466
20120515001967	00107066
20120515002008	00141671
20120515002029	00117027
20120515002131	00480455
20120515002151	00109718
20120523000185	00384762
20120529000141	00540447
20120530000088	00112378
20120530000228	00239514
20120530000449	00190321
20120530000493	00148896
20120530000540	00148993
20120530000586	00130587
20120530000709	00181712
20120530000806	00173032
20120530000846	00787057
20120530000868	00164742
20120530000958	00155124
20120611000090	00373571
20120809000034	00177320
20120810000148	00261656
20120813000057	00105040
20120813000220	00568188
20120813000367	00155948
20120813000405	00131197
20120814000004	00206659
20120814000024	00101488
20120814000039	00307028
20120814000050	00165103
20120814000060	00687711
20120814000080	00143226
20120814000164	00136165
20120814000208	00128926
20120814000247	00140946
20120814000271	00492894
20120814000331	00145914
20120814000376	00360674
20120814000391	00351579
20120814000405	00366942
20120814000419	00106669
20120814000645	00412348
20120814000710	00378363
20120814000723	00136925
20120814000743	00216762
20120814000800	00199988
20120814000908	00533508
20120814000968	00399694
20120814001009	00138057
20120814001024	00149026
20120814001076	00156442
20120814001087	00105280
20120814001101	00105961
20120814001124	00363246
20120814001223	00231105
20120814001238	00162063
20120814001266	00103130
20120814001358	00107613
20120814001394	00365457
20120814001450	00122205
20120814001503	00422284
20120814001604	00377610
20120814001618	00133812
20120814001645	00137207
20120814001775	00472890
20120814001795	00124780
20120814001818	00133706
20120814001866	00145552
20120814001885	00110884
20120814001921	00435969
20120814001950	00121039
20120814001976	00172079
20120814002001	00258689
20120814002019	00216498
20120820000143	00492894
20120823000241	00132637
20120827000039	00172079
20120828000159	00239514
20120829000067	00103510
20120829000301	00795135
20120829000317	00160047
20120829000334	00173032
20120829000352	00148276
20120829000398	00403632
20120829000462	00155124
20120829000546	00120526
20120829000574	00113410
20120829000642	00164645
20120905000103	00481454
20120919000038	00249441
20121005000032	00147994
20121005000214	00533508
20121005000314	00527491
20121019000131	00351807
20121105000180	00642541
20121108000151	00203290
20121109000043	00855093
20121109000180	00351579
20121113000001	00390903
20121113000109	00169048
20121113000151	00568188
20121113000190	00580056
20121113000213	00202839
20121114000157	00171867
20121114000197	00167192
20121114000215	00174527
20121114000226	00390365
20121114000310	00329093
20121114000339	00163318
20121114000364	00652423
20121114000394	00480367
20121114000409	00369170
20121114000422	00351630
20121114000502	00303396
20121114000516	00145446
20121114000541	00116301
20121114000679	00141307
20121114000704	00260408
20121114000717	00121039
20121114000732	00112378
20121114000798	00155948
20121114000838	00108001
20121114000860	00161781
20121114000900	00378220
20121114000912	00413523
20121114000927	00440712
20121114000961	00170877
20121114000974	00367695
20121114001004	00158024
20121114001038	00172185
20121114001133	00447928
20121114001158	00190756
20121114001182	00199076
20121114001208	00479705
20121114001268	00358271
20121114001301	00264228
20121114001339	00150165
20121114001352	00231691
20121114001371	00134565
20121114001410	00223762
20121114001428	00105466
20121114001441	00122579
20121114001456	00407814
20121114001485	00427483
20121114001521	00249894
20121114001554	00606293
20121114001576	00852087
20121114001608	00385415
20121114001619	00132804
20121114001640	00525934
20121114001658	00159731
20121114001680	00380429
20121114001703	00126566
20121114001778	00318662
20121114001800	00681249
20121114001819	00230036
20121114001861	00145552
20121115000033	00170877
20121116000013	00260408
20121123000209	00106623
20121129000378	00124504
20121129000422	00157681
20121129000491	00102858
20121129000612	00378628
20121129000689	00117577
20121129000780	00111722
20121129000820	00161116
20121129000848	00131832
20121129000896	00442455
20121129001131	00120526
20130111000068	00155373
20130214000366	00378363
20130228000992	00203290
20130304000230	00112332
20130513002441	00189538
20130513003965	00142713
20130514000197	00202839
20130514000887	00608839
20130514003627	00185356
20130514004234	00155735
20130514004587	00230814
20130514004813	00142713
20130515000075	00112378
20130515000222	00128926
20130515000409	00899556
20130515000540	00138190
20130515000567	00111458
20130515000633	00255619
20130515000650	00232089
20130515000717	00126937
20130515000731	00261285
20130515000793	00296005
20130515000813	00112022
20130515000829	00138279
20130515000842	00265421
20130515000858	00111704
20130515000884	00535375
20130515000907	00428251
20130515000916	00154462
20130515000938	00633835
20130515000955	00105855
20130515001012	00113535
20130515001053	00113526
20130515001077	00479787
20130515001089	00264732
20130515001111	00152862
20130515001296	00117188
20130515001332	00173591
20130515001392	00657987
20130515001418	00156442
20130515001463	00106368
20130515001503	00406046
20130520000267	00141671
20130521000075	00158015
20130524000105	00493510
20130524000310	00475718
20130528000023	00261373
20130528000309	00479705
20130529000144	00260392
20130529000179	00108490
20130529000250	00472890
20130529000366	00415594
20130529000418	00166519
20130530000030	00208444
20130530000076	00132637
20130530000154	00486370
20130530000179	00105299
20130530000198	00371485
20130530000229	00441304
20130530000252	00228536
20130530000279	00484682
20130530000327	00131939
20130530000367	00161976
20130530000378	00131197
20130530000409	00111810
20130530000471	00147994
20130530000490	00397058
20130530000518	00800145
20130530000545	00249982
20130530000566	00456218
20130530000614	00134565
20130530000656	00151128
20130530000671	00142661
20130530000699	00425351
20130530000716	00164812
20130530000724	00318662
20130530000796	00628189
20130530000838	00122579
20130530000855	00297989
20130530000889	00265005
20130530000930	00259545
20130530000952	00199252
20130530000964	00165680
20130530000989	00530185
20130530001046	00146542
20130530001062	00303794
20130530001092	00413046
20130530001109	00163196
20130530001126	00216647
20130530001141	00132992
20130530001159	00397191
20130530001212	00540605
20130530001245	00141307
20130530001315	00390860
20130604000119	00101220
20130607000362	00104388
20130712000257	00155373
20130812000034	00137058
20130813000049	00380429
20130813000116	00445160
20130813000215	00154718
20130813000249	00369213
20130813000331	00169215
20130814000012	00116408
20130814000057	00359076
20130814000075	00217743
20130814000109	00264945
20130814000193	00185046
20130814000236	00627029
20130814000268	00121570
20130814000314	00573579
20130814000380	00260745
20130814000428	00131504
20130814000450	00147860
20130814000514	00625942
20130814000543	00485177
20130814000572	00146649
20130814000595	00138279
20130814000740	00599106
20130814000773	00540447
20130814000789	00767628
20130814000809	00140168
20130814000831	00126566
20130814000868	00372873
20130814000886	00791209
20130814001016	00533003
20130814001071	00164788
20130814001091	00141246
20130814001111	00152862
20130814001139	00108746
20130814001152	00117276
20130814001178	00643656
20130814001211	00162461
20130814001248	00532059
20130814001283	00372688
20130814001300	00160588
20130814001363	00645089
20130814001393	00106641
20130814001473	00255105
20130814001509	00126478
20130814001576	00113207
20130814001639	00106368
20130819000075	00583026
20130826000321	00447502
20130827000046	00249247
20130827000089	00181299
20130827000151	00516246
20130827000226	00298270
20130828000018	00269922
20130828000076	00870861
20130828000122	00413523
20130828000236	00125488
20130828000321	00210740
20130828000405	00261957
20130828000495	00366845
20130829000031	00170026
20130829000067	00116949
20130829000100	00205003
20130829000114	00301112
20130829000141	00728638
20130829000185	00145914
20130829000200	00531917
20130829000269	00202060
20130829000300	00130763
20130829000318	00147152
20130829000370	00139153
20130829000385	00169048
20130829000453	00142883
20130829000473	00146269
20130829000515	00410997
20130829000660	00131197
20130829000754	00470829
20130829000795	00103130
20130829000816	00149804
20130829000836	00360595
20130829000869	00264255
20130829000881	00122579
20130829000907	00138260
20130829000926	00124197
20130829000945	00303873
20130829000965	00105280
20130829000987	00265005
20130829001017	00608316
20130829001041	00164812
20130829001060	00441304
20130829001080	00142661
20130829001138	00104573
20130829001152	00137252
20130829001200	00347716
20130829001220	00442154
20130829001240	00149026
20130829001264	00318316
20130829001290	00296263
20130829001311	00139205
20130829001396	00140061
20130829001427	00269940
20130829001512	00318662
20130829001600	00389970
20130829001639	00466428
20130829001698	00117027
20130829001749	00110431
20130829001785	00234412
20130829001827	00591441
20130830000903	00384717
20130902000451	00795135
20131007000177	00143651
20131030000045	00627029
20131105000344	00115065
20131108000263	00161125
20131111000320	00409964
20131113000171	00788737
20131113000283	00158219
20131113000448	00154718
20131114000039	00378220
20131114000232	00238153
20131114000269	00147860
20131114000289	00116301
20131114000311	00159698
20131114000434	00402110
20131114000526	00868705
20131114000547	00190756
20131114000562	00156859
20131114000611	00126566
20131114000698	00356370
20131114000783	00158501
20131114000820	00117577
20131114000863	00139685
20131114000902	00157681
20131114000919	00165583
20131114000973	00165413
20131114001103	00137997
20131114001199	00428251
20131114001210	00141671
20131114001273	00385415
20131114001305	00117188
20131114001329	00535746
20131114001404	00161709
20131114001436	00480455
20131114001474	00113207
20131122000103	00612294
20131125000068	00156354
20131125000229	00105280
20131125000411	00117027
20131126000058	00415594
20131126000285	00160588
20131127000065	00249247
20131127000102	00126089
20131127000143	00362238
20131127000190	00216762
20131127000245	00870861
20131127000290	00180263
20131127000389	00442145
20131127000420	00102113
20131128000020	00295857
20131128000061	00405959
20131128000135	00172291
20131128000289	00246417
20131128000361	00536329
20131128000425	00216027
20131128000452	00167192
20131128000482	00264228
20131128000559	00425351
20131128000598	00472890
20131128000685	00129642
20131128000723	00125576
20131128000845	00124197
20131128000867	00232089
20131128000910	00121534
20131128000932	00134176
20131128000946	00606664
20131128000978	00492353
20131128001049	00125521
20131129000260	00249982
20131129000420	00470829
20131129000552	00264714
20131129000641	00188973
20131129000714	00261957
20131129000985	00378363
20131129001241	00153339
20131129001269	00163196
20131129001375	00137252
20131129001395	00694942
20131129001426	00247975
20131129001448	00407814
20131129001489	00120906
20131129001649	00259590
20131129001703	00203290
20131129001780	00203315
20131129001819	00231044
20131129001863	00308559
20131129001904	00163114
20131129001930	00125530
20131129002000	00268251
20131202000348	00407814
20131224000445	00809429
20140113000058	00155373
20140214000328	00162416
20140214000546	00139685
20140303000186	00149770
20140303000287	00159573
20140306000505	00105299
20140414000409	00155373
20140502000210	00545929
20140512000771	00855093
20140513001432	00648721
20140513002672	00625942
20140514001646	00186939
20140514002049	00353878
20140514003430	00129989
20140515000098	00136165
20140515000154	00131504
20140515000353	00171867
20140515000416	00305297
20140515000446	00121570
20140515000621	00132637
20140515000724	00108241
20140515000756	00645089
20140515000774	00146214
20140515000787	00303192
20140515000804	00203209
20140515000821	00159209
20140515000844	00606293
20140515000869	00356361
20140515000905	00604426
20140515000977	00403632
20140515000997	00347734
20140515001013	00173032
20140515001077	00143314
20140515001101	00148276
20140515001118	00143651
20140515001151	00328191
20140515001291	00753643
20140515001363	00126371
20140515001419	00124504
20140515001440	00442455
20140515001457	00133706
20140515001559	00857480
20140515001578	00145880
20140515001619	00131832
20140515001688	00129679
20140515001722	00160588
20140515001779	00111458
20140515001800	00937324
20140515001842	00406046
20140519000067	00106881
20140519000278	00112378
20140521000214	00303396
20140522000073	00150828
20140523000107	00138057
20140523000257	00230425
20140526000308	00173999
20140527000246	00624518
20140527000326	00529815
20140528000044	00356389
20140528000445	00410915
20140529000058	00139153
20140529000394	00359395
20140529000476	00469799
20140529000576	00104388
20140529000618	00176914
20140529000651	00371485
20140529000723	00121534
20140529000786	00358271
20140530000021	00210740
20140530000128	00138598
20140530000305	00171265
20140530000381	00260408
20140530000400	00416654
20140530000437	00108038
20140530000495	00111810
20140530000560	00242378
20140530000741	00203023
20140530000821	00144252
20140530000852	00164812
20140530000879	00364403
20140530000909	00103130
20140530000969	00435969
20140530000999	00641393
20140530001080	00121543
20140530001107	00238782
20140530001164	00335076
20140530001187	00531917
20140530001255	00542898
20140530001304	00125576
20140530001322	00592653
20140530001342	00442154
20140530001363	00825959
20140530001391	00303873
20140530001425	00409788
20140530001453	00329093
20140530001477	00422284
20140530001685	00470829
20140530001722	00162993
20140530001772	00220109
20140530001806	00152260
20140530001837	00122825
20140530002040	00525934
20140530002133	00162063
20140611000223	00540863
20140806000009	00400060
20140807000217	00145686
20140811000171	00128607
20140812000378	00244783
20140813000139	00480367
20140813000413	00118026
20140813000456	00643656
20140814000230	00243067
20140814000276	00146427
20140814000288	00231664
20140814000309	00188797
20140814000339	00132637
20140814000360	00136226
20140814000445	00234227
20140814000470	00373571
20140814000520	00687711
20140814000571	00108001
20140814000611	00239514
20140814000632	00116268
20140814000659	00356361
20140814000685	00371740
20140814000751	00657987
20140814000811	00138792
20140814000830	00146649
20140814000954	00454946
20140814000995	00125743
20140814001035	00173591
20140814001087	00635134
20140814001112	00164830
20140814001218	00753643
20140814001241	00139889
20140814001280	00129679
20140814001296	00136086
20140814001314	00145880
20140814001449	00113544
20140814001575	00115676
20140818000051	00122472
20140819000259	00362858
20140820000534	00232007
20140825000120	00313649
20140826000104	00130879
20140826000176	00162586
20140826000334	00366845
20140827000053	00148920
20140827000151	00449254
20140827000367	00121534
20140828000063	00301112
20140828000169	00128980
20140828000196	00238001
20140828000229	00112457
20140828000367	00422895
20140828000394	00937324
20140828000549	00478900
20140828000604	00415594
20140828000652	00606664
20140828000690	00163716
20140828000752	00242712
20140829000053	00205003
20140829000127	00222435
20140829000155	00137252
20140829000175	00256715
20140829000216	00174527
20140829000320	00219848
20140829000349	00132992
20140829000411	00585538
20140829000471	00550994
20140829000501	00206686
20140829000541	00317681
20140829000598	00124197
20140829000631	00556907
20140829000743	00264547
20140829000771	00147152
20140829000924	00445160
20140829000944	00623661
20140829000978	00219097
20140829001002	00103130
20140829001017	00243757
20140829001041	00133812
20140829001062	00144252
20140829001084	00303217
20140829001147	00104573
20140829001166	00530121
20140829001215	00186559
20140829001272	00422284
20140829001318	00199076
20140829001375	00542898
20140829001402	00385415
20140829001423	00469799
20140829001472	00204262
20140829001568	00367695
20140829001633	00255105
20140829001704	00138260
20140829001814	00134565
20140829001840	00447502
20140829001926	00471068
20140829001998	00259590
20140829002031	00595191
20140829002113	00389998
20140901000725	00142661
20140904000277	00608839
20141010000568	00273110
20141107000254	00753643
20141112000039	00855093
20141112000126	00317487
20141113000193	00244783
20141113000317	00527491
20141113000410	00361008
20141113000560	00580056
20141114000015	01032583
20141114000115	00305297
20141114000151	00104120
20141114000359	00687711
20141114000401	00755739
20141114000487	00231105
20141114000520	00116268
20141114000580	00628860
20141114000605	00156859
20141114000621	00392691
20141114000737	00429694
20141114000752	00480455
20141114000775	00267942
20141114000837	00147772
20141114000896	00136721
20141114000913	00482426
20141114001012	00243067
20141114001049	00139834
20141114001068	00369107
20141114001124	00173591
20141114001167	00126414
20141114001214	00105952
20141114001263	00108135
20141114001306	00108241
20141114001330	00163673
20141114001354	00137997
20141114001379	00141246
20141114001391	00105855
20141114001453	00163761
20141114001513	00115676
20141114001534	00353878
20141114001574	00454946
20141114001621	00432102
20141114001655	00117188
20141117000240	00134723
20141121000020	00162586
20141121000138	00362858
20141124000021	00112022
20141124000066	00529815
20141125000428	00531917
20141126000112	00449254
20141126000186	00531014
20141126000260	00541437
20141126000353	00362201
20141127000134	00255044
20141127000196	00330044
20141127000440	00478900
20141127000518	00155212
20141127000586	00252269
20141128000377	00646732
20141128000403	00256380
20141128000444	00194947
20141128000486	00252135
20141128000547	00159795
20141128000734	00206686
20141128000793	00204642
20141128000901	00118266
20141128000977	00359395
20141128001059	00259545
20141128001109	00228350
20141128001162	00800145
20141128001196	00121686
20141128001339	00223513
20141128001392	00107613
20141128001480	00426068
20141128001551	00525934
20141128001582	00347716
20141128001745	00471068
20141128001790	00145109
20141128001915	00165680
20141128001940	00163196
20141201000033	00228536
20141201000073	00136004
20141201000152	00104999
20141201000191	00161860
20141201000267	00144252
20141201000370	00152127
20141201000595	00146232
20141201000648	00268002
20141201000691	00131197
20141201000778	00149947
20141201000861	00153339
20141201000887	00153126
20141201000957	00239639
20141201000989	00240857
20141205000432	00632304
20150213000518	00201432
20150302000292	00168401
20150302000796	00159573
20150421000016	00410915
20150508001611	00397252
20150512000563	00154718
20150512001234	00855093
20150512002297	00258360
20150513000373	00163761
20150513001654	00155638
20150513003244	00305570
20150513003883	00203290
20150514000043	01043853
20150514000303	00265041
20150514001140	00574611
20150514001853	00146427
20150514002144	00133876
20150514002237	00101044
20150514002608	00656951
20150514003479	00113526
20150514003688	00298270
20150514003802	00189538
20150514004056	00587457
20150514005046	00264732
20150515000083	00114552
20150515000127	00221728
20150515000153	00148920
20150515000215	00148993
20150515000276	00141477
20150515000292	00157991
20150515000318	00143907
20150515000346	00109037
20150515000375	00365457
20150515000459	00242934
20150515000474	00128926
20150515000511	00138297
20150515000583	00612294
20150515000595	00228059
20150515000680	00603348
20150515000704	00466428
20150515000719	00231442
20150515000743	00468374
20150515000821	00308559
20150515000834	00491938
20150515000843	00110431
20150515000883	00632304
20150515000899	00407771
20150515000916	00592653
20150515000996	00147772
20150515001043	00203209
20150515001132	00409964
20150515001144	00489243
20150515001156	00149354
20150515001196	00103510
20150515001215	00108241
20150515001246	00143226
20150515001281	00825959
20150515001305	00149026
20150515001317	01008762
20150515001328	00153861
20150515001375	00447928
20150515001425	00129679
20150515001486	00161046
20150515001502	00145464
20150515001527	00259934
20150515001541	00472890
20150515001571	00146232
20150515001615	00109718
20150515001629	00158219
20150515001748	00389998
20150515001764	00296263
20150515001841	00177816
20150515001875	00454946
20150515001910	00158024
20150515002052	00297989
20150515002066	00172185
20150515002101	00104786
20150515002152	00706715
20150515002166	00206659
20150515002187	00138792
20150515002203	00105961
20150515002288	00111421
20150515002341	00133706
20150515002366	00132804
20150515002455	00426068
20150515002476	00129554
20150515002498	00117212
20150515002515	00247975
20150515002531	00303217
20150515002547	00684714
20150515002566	00536329
20150515002604	00631518
20150515002621	00413046
20150515002647	00139889
20150515002662	00148896
20150515002674	00146649
20150515002687	00261957
20150515002724	00402110
20150515002800	00380429
20150515002839	00125974
20150515002890	00329093
20150522000422	00258801
20150529000319	00624518
20150601000897	00140131
20150810000003	00242712
20150811000020	00400060
20150811000133	00108649
20150812000186	00105040
20150812000411	00109754
20150813000027	00411048
20150813000071	00113128
20150813000086	00573269
20150813000138	00159786
20150813000198	00269241
20150813000225	00118266
20150813000257	00172680
20150813000283	00331016
20150813000468	00562360
20150813000499	00614478
20150813000513	00242934
20150813000545	00539274
20150813000578	00235183
20150813000591	00527491
20150813000616	00264255
20150813000634	00146296
20150813000693	00117027
20150813000717	00795135
20150813000731	00347062
20150813000748	00753643
20150813000761	00250137
20150813000776	00974927
20150813000871	00158024
20150813000894	00160843
20150813001080	00259934
20150813001119	00480455
20150813001181	00350020
20150813001205	00346911
20150813001222	00219848
20150813001251	00364254
20150813001266	00495086
20150813001281	00143651
20150813001291	00107224
20150813001329	00573579
20150813001347	00372873
20150813001393	00825223
20150813001428	00140946
20150817000030	00809429
20150817000043	00599595
20150817000065	00173795
20150817000124	00250997
20150817000144	00687711
20150817000175	00236863
20150817000234	00126487
20150817000250	00442905
20150817000286	00165413
20150817000312	00136776
20150817000371	00155948
20150817000388	00925189
20150817000403	00852087
20150817000444	00161709
20150817000485	00141413
20150817000524	00124151
20150817000567	00209780
20150817000581	00190756
20150817000672	00542898
20150817000691	00153861
20150817000719	00308559
20150817000754	00449254
20150817000788	00407771
20150817000805	00487546
20150817000816	00100601
20150817000832	00815767
20150817000892	00694942
20150817000903	00821607
20150817000930	00660033
20150817000978	00264547
20150817000989	00113535
20150817001025	00454946
20150817001044	00545734
20150817001078	00232089
20150817001125	00204208
20150817001169	00126362
20150817001192	00438036
20150817001232	00356389
20150817001326	00261009
20150817001411	00109693
20150817001463	00255105
20150817001536	00164478
20150817001608	00136086
20150817001621	00268251
20150817001640	00108913
20150817001682	00121543
20150817001704	00145552
20150817001734	00204262
20150817001785	00186939
20150824000383	00150165
20150828000009	00488402
20151109000056	00694942
20151110000184	00855093
20151111000409	00118026
20151112000057	00626464
20151112000081	00155638
20151112000117	00313649
20151112000316	00375931
20151112000351	00454946
20151112000378	00120182
20151113000029	00545929
20151113000076	00222435
20151113000091	00400060
20151113000103	00267906
20151113000237	00357360
20151113000255	00159698
20151113000276	00491938
20151113000291	00150633
20151113000340	00197759
20151113000358	00136226
20151113000386	00469799
20151113000413	00140177
20151113000437	00180795
20151113000458	00447760
20151113000482	00259934
20151113000515	00664853
20151113000540	00363592
20151113000556	00109514
20151113000627	00203582
20151113000636	00162416
20151113000681	00129420
20151113000710	00410915
20151113000736	00156354
20151113000771	00407814
20151113000786	00925295
20151113000808	00990165
20151113000854	00231691
20151113000934	00638487
20151113000950	00390408
20151113000966	00309831
20151113000983	00204262
20151113000995	00148984
20151113001013	00384717
20151113001108	00426068
20151113001135	00563545
20151113001202	00816544
20151116000011	00797364
20151116000022	00201131
20151116000044	00135795
20151116000125	00378363
20151116000167	00146083
20151116000237	00190756
20151116000277	00556907
20151116000300	00117577
20151116000316	00116301
20151116000339	00121154
20151116000457	00243757
20151116000466	00260657
20151116000499	00360674
20151116000577	00102858
20151116000602	00147994
20151116000635	00140131
20151116000662	00493185
20151116000682	00540571
20151116000741	00162063
20151116000770	00494218
20151116000794	00228536
20151116000932	00488989
20151116000948	00372226
20151116000961	00327396
20151116000984	00266961
20151116001004	00493510
20151116001021	00820352
20151116001034	00356389
20151116001087	00121543
20151116001112	00808022
20151116001134	00599106
20151116001173	00445054
20151116001191	00330424
20151116001204	00107613
20151116001224	00415868
20151116001312	00389110
20151116001366	00242378
20151116001394	00475985
20151116001408	00402110
20151116001431	00192499
20151116001444	00204208
20151116001470	00828789
20151116001500	00406046
20151116001514	00111704
20151116001534	00129554
20151116001567	00872984
20151116001618	00124090
20151116001634	00163691
20151116001676	00404288
20151116001739	00141626
20151116001752	00134176
20151116001793	00155124
20151116001828	00113191
20151116001848	00115612
20151127000681	00989664
20151130000689	01042085
20151130001561	00917861
20151208000132	00111722
20160129000446	00125974
20160215000481	00136101
20160412001914	00326731
20160427000068	00140061
20160512000004	00410915
20160512001580	00167004
20160512002771	00121039
20160513000251	00991191
20160513000758	00306454
20160513001161	00977650
20160513002097	00117230
20160513002203	00177199
20160513002411	00503668
20160513002559	00842585
20160513002714	00599595
20160513002771	00202839
20160513002943	00706715
20160513003143	00628860
20160513003403	00159810
20160513003493	00256715
20160513003752	00571483
20160513003868	00130587
20160513003938	00665676
20160513004062	00144012
20160513004286	00148984
20160513004563	00103130
20160513004738	00666064
20160513004905	00226866
20160513004951	00466428
20160513005002	00564562
20160513005244	00362238
20160513005280	00508344
20160513005319	00108649
20160513005430	00261957
20160513005489	00273110
20160513005629	00362201
20160516000262	00260569
20160516000428	00129989
20160516000822	00273420
20160516000954	00137368
20160516001024	00158325
20160516001083	00366942
20160516001217	00463342
20160516001259	00141413
20160516001299	00524421
20160516001314	00569691
20160516001339	00939942
20160516001389	00153126
20160516001415	00347062
20160516001436	00105156
20160516001484	00329093
20160516001512	00295857
20160516001538	00258689
20160516001627	00916516
20160516001641	00418379
20160516001704	00220057
20160516001723	00550994
20160516001868	00614478
20160516001884	00236863
20160516001943	00540571
20160516001978	00146649
20160516002051	00136925
20160516002072	00139764
20160516002087	00591441
20160516002146	00603348
20160516002217	00141477
20160516002237	00204208
20160516002300	00645089
20160516002310	00613318
20160516002380	00530121
20160516002405	00150828
20160516002426	01036446
20160516002462	00371485
20160516002488	00161781
20160516002522	00161046
20160516002555	00120289
20160516002566	00753643
20160516002585	00240857
20160516002605	00103662
20160516002620	00174527
20160516002651	00562360
20160516002752	00206039
20160516002767	00301422
20160516002807	00219361
20160516002897	00300405
20160516002935	00265421
20160516002978	00296078
20160516003017	00222532
20160516003142	00373021
20160516003160	00617314
20160516003183	00541437
20160516003200	00232089
20160516003216	00151368
20160516003255	00149354
20160516003295	00109514
20160516003338	00585538
20160516003354	00353610
20160516003385	00163673
20160516003406	00635134
20160516003462	00500254
20160516003525	00389970
20160516003545	00109693
20160516003637	00120021
20160516003669	00428251
20160516003742	00679314
20160519000412	00128607
20160527000314	00656951
20160530000041	00409681
20160530000596	00620558
20160530000803	00670340
20160805000103	00121039
20160808000075	00177320
20160810000087	00599106
20160811000180	00435969
20160811000309	00531014
20160812000144	00188797
20160812000189	00379229
20160812000221	00128546
20160812000268	00101549
20160812000280	00664853
20160812000321	00117498
20160812000353	00201432
20160812000468	00356389
20160812000519	00442905
20160812000614	01047169
20160812000640	00728638
20160812000711	00163196
20160812000734	00102140
20160812000752	00149804
20160812000767	00264732
20160812000786	00480048
20160812000883	00117230
20160812000919	00545734
20160812000930	00259545
20160812000996	00977650
20160812001023	00219097
20160812001083	00416654
20160812001163	00413046
20160812001177	00204208
20160812001277	00365457
20160816000054	00173032
20160816000105	00525642
20160816000131	00389970
20160816000162	00407771
20160816000295	00412348
20160816000323	00103510
20160816000333	00608839
20160816000375	00112022
20160816000392	00533191
20160816000407	00128111
20160816000424	00105299
20160816000459	00543204
20160816000506	00390365
20160816000525	00366845
20160816000541	00541437
20160816000589	00108490
20160816000616	00122579
20160816000631	00447928
20160816000669	00137252
20160816000728	00114093
20100212000261	00427483
20100212000304	00349060
20100212000405	00432102
20100216000049	00134316
20100216000263	00164973
20100429000290	00339072
20100430001287	00231044
20100510000662	00389998
20100511000298	00190756
20100512000162	00416414
20100512001102	00259590
20100512001600	00216762
20100512002453	00117276
20100513000120	00260930
20100513000633	00357430
20100513001722	00145464
20100513002057	00406727
20100513002775	00260383
20100513002894	00209780
20100513003043	00418379
20100514000079	00118266
20100514000349	00261009
20100514000513	00411385
20100514000664	00244783
20100514000838	00490151
20100514001026	00125646
20100514001251	00540447
20100514001655	00530185
20100514001708	00131896
20100514001834	00188973
20100514001990	00539274
20100514002167	00149947
20100514002285	00118026
20100514002325	00172291
20100514002463	00753643
20100514002516	00105040
20100514002625	00121941
20100514002691	00296078
20100514002745	00648721
20100514002781	00148522
20100514002910	00113234
20100514002967	00140946
20100514003184	00105156
20100514003273	00156150
20100514003295	00130879
20100514003341	00335076
20100514003390	00110884
20100514003489	00533191
20100514003677	00755739
20100514003715	00127042
20100514003781	00407814
20100514003903	00110583
20100514003985	00363592
20100514004285	00113207
20100517000353	00133876
20100517000446	00267942
20100517000514	00111218
20100517000530	00542074
20100517000552	00208134
20100517000567	00249894
20100517000611	00591441
20100517000633	00102618
20100517000654	00174527
20100517000717	00135999
20100517000733	00220561
20100517000750	00508274
20100517000769	00201131
20100517000786	00127857
20100517000809	00269241
20100517000827	00172680
20100517000847	00111458
20100517000888	00442455
20100517000915	00152862
20100517000927	00409672
20100517000952	00153524
20100517000971	00143314
20100517001033	00152260
20100517001043	00173999
20100517001080	00165583
20100517001153	00163512
20100517001176	00107613
20100517001203	00102858
20100517001218	00231691
20100517001272	00390365
20100517001322	00530121
20100517001386	00318662
20100517001413	00135050
20100517001448	00126414
20100517001465	00633835
20100517001486	00364467
20100517001529	00126308
20100517001540	00147152
20100517001617	00159193
20100517001680	00163691
20100517001717	00147772
20100531001155	00137252
20100604000172	00378220
20100715000109	00164706
20100730000310	00152880
20100810000090	00293886
20100810000304	00117300
20100811000128	00604426
20100811000240	00170026
20100812000047	00155948
20100812000070	00126089
20100812000111	00591441
20100812000152	00127936
20100812000170	00145464
20100812000198	00306162
20100812000250	00447487
20100812000309	00108490
20100812000370	00273110
20100813000009	00133335
20100813000041	00308559
20100813000105	00728638
20100813000116	00161976
20100813000135	00167192
20100813000145	00170877
20100813000165	00276834
20100813000181	00209780
20100813000208	00347734
20100813000220	00296078
20100813000283	00138260
20100813000296	00133876
20100813000317	00353878
20100813000360	00445160
20100813000378	00130763
20100813000396	00413523
20100813000480	00101488
20100813000537	00139153
20100813000550	00105156
20100813000574	00271501
20100813000613	00167031
20100813000642	00118044
20100813000657	00185222
20100813000688	00539274
20100813000763	00422284
20100813000805	00136721
20100813000824	00269889
20100813000866	00141389
20100813000883	00190321
20100813000911	00259934
20100813000936	00415594
20100813000948	00138242
20100813000969	00112679
20100813000997	00200910
20100813001015	00124504
20100813001037	00109037
20100813001152	00377610
20100813001173	00204208
20100816000034	00260408
20100816000065	00222435
20100816000081	00143226
20100816000101	00175623
20100816000112	00173795
20100816000128	00121154
20100816000150	00219574
20100816000183	00398808
20100816000201	00199988
20100816000219	00103510
20100816000236	00129420
20100816000255	00533508
20100816000268	00260657
20100816000303	00125974
20100816000316	00414850
20100816000328	00449254
20100816000372	00131197
20100816000392	00204226
20100816000456	00173874
20100816000479	00369107
20100816000512	00112651
20100816000528	00138701
20100816000542	00163512
20100816000596	00397058
20100816000614	00379229
20100816000662	00397191
20100816000674	00288343
20100816000738	00525679
20100816000754	00378220
20100816000777	00124540
20100816000839	00787057
20100816000882	00555874
20100816000905	00145880
20100816000928	00418379
20100816000952	00540605
20100816000975	00256715
20100816001064	00159254
20100816001086	00165583
20100816001128	00136378
20100816001144	00111704
20100816001204	00136864
20100816001223	00153861
20100816001237	00366845
20100816001289	00410915
20100816001325	00205687
20100816001359	00137207
20100816001397	00172185
20100817000110	00103042
20100819000298	00105873
20100827000349	00105961
20100914000072	00149804
20101015000122	00164706
20101104000078	00207375
20101105000345	00122205
20101108000102	00540429
20101109000075	00170026
20101109000249	00156488
20101110000035	00155948
20101110000123	00190756
20101111000010	00231044
20101111000057	00330044
20101111000103	00295857
20101111000129	00223434
20101111000206	00161046
20101111000244	00373447
20101111000363	00164788
20101112000037	00351807
20101112000201	00216027
20101112000214	00599106
20101112000225	00648721
20101112000239	00101628
20101112000261	00120289
20101112000274	00166175
20101112000315	00173449
20101112000378	00306719
20101112000412	00222435
20101112000428	00131896
20101112000459	00145464
20101112000494	00173102
20101112000551	00152127
20101112000613	00114792
20101112000634	00231372
20101112000649	00255044
20101112000670	00391197
20101112000691	00264228
20101112000720	00145163
20101112000747	00156150
20101112000812	00172680
20101112000830	00102432
20101112000931	00103042
20101115000023	00153375
20101115000040	00269612
20101115000057	00493510
20101115000070	00612188
20101115000092	00438036
20101115000124	00560122
20101115000133	00159698
20101115000188	00646732
20101115000203	00365624
20101115000301	00112457
20101115000313	00352499
20101115000329	00392691
20101115000358	00350020
20101115000370	00526951
20101115000384	00132725
20101115000400	00367455
20101115000446	00487546
20101115000467	00133876
20101115000488	00407814
20101115000510	00361594
20101115000535	00105952
20101115000569	00105271
20101115000597	00128175
20101115000615	00112022
20101115000629	00307222
20101115000641	00165060
20101115000653	00476498
20101115000663	00413523
20101115000692	00256502
20101115000714	00227333
20101115000734	00117708
20101115000748	00136165
20101115000761	00143226
20101115000793	00220109
20101115000832	00199252
20101115000843	00105475
20101115000879	00186559
20101115000904	00151395
20101115000915	00113261
20101115000931	00296324
20101115000942	00148540
20101115001010	00585538
20101115001064	00148522
20101115001087	00532059
20101115001120	00260657
20101115001140	00135050
20101115001156	00201131
20101115001187	00360595
20101115001217	00124504
20101115001251	00628860
20101115001264	00124540
20101115001310	00111421
20101115001328	00125530
20101115001350	00242378
20101115001392	00367695
20101115001412	00124197
20101115001435	00363592
20101115001453	00216647
20101115001498	00144164
20101115001513	00112059
20101115001560	00149646
20101115001609	00267942
20101115001636	00117188
20101115001717	00346911
20101115001745	00109718
20101116000191	00269889
20101126000264	00367695
20101129000216	00440712
20101217000188	00158024
20110211000065	00110750
20110211000190	00120182
20110214000147	00204226
20110214000217	00108649
20110214000362	00139214
20110225000721	00131054
20110427000213	00359580
20110513001523	00228059
20110513001770	00298377
20110513002250	00181943
20110513002926	00261656
20110516000570	00172945
20110516000660	00129989
20110516000715	00136925
20110516000782	00260657
20110516000965	00145464
20110516001385	00260408
20110516002043	00204226
20110516002104	00127857
20110516002129	00117027
20110516002422	00261373
20110516002449	00147772
20110516002624	00139205
20110516002739	00372873
20110516002791	00362201
20110516003151	00135050
20110516003229	00442835
20110516003263	00174527
20110516003330	00287812
20110516003416	00428321
20110516003939	00108940
20110516003962	00318316
20160816000754	00595191
20160816000772	00205687
20160816000810	00206686
20160816000860	00103176
20160816000871	00442561
20160816000881	00336817
20160816000944	00123772
20160816000969	00308559
20160816000982	00118284
20160816000996	00530413
20160816001011	00138367
20160816001062	00592653
20160816001076	00141307
20160816001088	00128555
20160816001099	00163716
20160816001132	00203290
20160816001158	00151128
20160816001177	00267881
20160816001186	00125974
20160816001237	00117276
20160816001254	00360595
20160816001320	00105156
20160816001378	00268002
20160816001407	00117601
20160816001416	00138190
20160816001447	00488989
20160816001470	00297448
20160816001501	00556907
20160816001536	00149026
20160816001558	00137997
20160816001570	00811372
20160816001598	00222532
20160816001624	00364467
20160816001662	00164742
20160816001684	00620868
20160816001745	00154329
20160816001762	00444329
20160816001798	00149655
20160816001827	00171265
20160816001869	00500254
20160816001900	00117337
20160816001917	00139834
20160816001989	00660033
20160816002080	00153339
20160816002138	00117212
20160816002156	00643656
20160816002191	00122472
20160817000063	00663669
20160822000067	00409681
20160824000010	00535481
20160826000073	00170877
20160829000297	00917861
20160829000455	00843900
20160901000106	00130772
20161027000005	00399694
20161031000062	00599106
20161109000052	00643656
20161110000006	00306454
20161110000035	00177320
20161110000255	00138297
20161110000387	00180795
20161111000133	00260392
20161111000146	00868705
20161111000171	00169048
20161111000185	00161976
20161111000265	00124780
20161111000391	00351579
20161111000467	00138701
20161111000539	00112378
20161111000566	00407771
20161111000583	00816544
20161111000602	00230425
20161111000628	00136864
20161111000700	00100601
20161111000733	00105606
20161111000744	00612294
20161111000798	00353610
20161114000013	00614478
20161114000066	00603348
20161114000207	00166175
20161114000263	00400060
20161114000358	00155452
20161114000421	00256502
20161114000443	00583026
20161114000511	00242712
20161114000528	00295857
20161114000543	00126788
20161114000593	00118804
20161114000610	00145446
20161114000624	00298270
20161114000633	00105299
20161114000659	00592653
20161114000670	00416654
20161114000684	00373447
20161114000717	00132211
20161114000736	00814786
20161114000815	00103006
20161114000833	00144012
20161114000858	00219848
20161114000873	00121154
20161114000890	00225706
20161114000903	00184667
20161114000933	00109806
20161114000943	00161709
20161114000964	00493510
20161114000977	00156910
20161114001043	00102432
20161114001108	00306162
20161114001165	00144818
20161114001197	00132637
20161114001237	00687711
20161114001270	00491938
20161114001346	00372226
20161114001386	00364254
20161114001394	00442048
20161114001407	00112721
20161114001422	00555874
20161114001470	00753643
20161114001547	00126362
20161114001592	00693651
20161114001640	00157636
20161114001657	00123772
20161114001670	00108913
20161114001738	00266961
20161114001754	00450931
20161114001767	00120030
20161114001814	00141477
20161114001894	01042775
20161114001945	00186717
20161114001959	00149354
20161114001972	01031502
20161114001990	00347716
20161114002003	00153339
20161114002013	00545929
20161114002022	00137058
20161114002039	00178851
20161114002058	00105855
20161114002130	00147772
20161114002162	00109037
20161114002197	00567222
20161114002220	00634728
20161114002230	00113997
20161114002274	00156895
20161114002315	00332927
20161114002356	00146649
20161114002392	00160588
20161114002417	00124090
20161114002463	00269922
20161114002513	00440712
20161114002567	00160047
20161114002588	00645089
20161118000081	00265324
20161123000061	00136776
20161129000224	00565154
20161129000445	00606293
20161129000540	00896753
20161230000264	00164830
20170213000382	00122205
20170510000538	00375931
20170510002893	00269889
20170511003349	00249247
20170511003864	00260408
20170512001744	00373447
20170512002303	00476036
20170512003418	00489243
20170512004605	00592653
20170512004864	00158963
20170512004920	00415594
20170512005375	00172945
20170512005649	00442455
20170512005761	00114552
20170512006011	00643656
20170512006249	00614593
20170512006297	01043853
20170512006356	00131832
20170515000294	00228059
20170515000481	00340272
20170515000535	00146436
20170515000622	00366942
20170515000857	00788737
20170515000989	00389970
20170515001046	00296263
20170515001174	00104810
20170515001227	00675594
20170515001391	00533508
20170515001425	00113128
20170515001458	00158307
20170515001489	00171867
20170515001525	00110608
20170515001585	00201131
20170515001623	00109806
20170515001691	00525679
20170515001741	00163761
20170515001965	00357740
20170515002115	00137359
20170515002167	00131896
20170515002249	00389110
20170515002324	00101628
20170515002351	00105156
20170515002465	00146083
20170515002531	00493510
20170515002655	00645089
20170515002699	00173032
20170515002737	00106119
20170515002782	00392691
20170515002803	00156150
20170515002851	00121039
20170515002867	00370255
20170515002909	00442154
20170515002947	00317681
20170515002968	00113234
20170515002983	00128661
20170515003012	00203582
20170515003030	00118275
20170515003101	00178851
20170515003184	00577380
20170515003212	00161781
20170515003237	00219574
20170515003272	00472890
20170515003296	00384762
20170515003317	00445054
20170515003380	00555874
20170515003415	00103662
20170515003439	00265005
20170515003509	00414850
20170515003524	00149354
20170515003592	00219097
20170515003651	00162461
20170515003704	00124090
20170515003756	00816544
20170515003771	00171265
20170515003812	00105138
20170515003846	00259545
20170515003873	00580056
20170515003893	00146269
20170515003932	00141671
20170515004015	00204208
20170515004060	01025644
20170515004075	00145880
20170515004095	00123523
20170515004132	00148939
20170515004148	00102858
20170515004264	00372882
20170515004301	00155692
20170515004313	00869272
20170515004382	00303873
20170515004416	00599957
20170515004480	00164788
20170515004513	00106641
20170515004544	00364254
20170515004555	00791209
20170515004668	00983040
20170515004684	00152880
20170515004721	00608839
20170515004799	00160047
20170515004844	00244747
20170522000052	00409681
20170529000012	00429694
20170529000297	00664181
20170530000192	00300405
20170530000323	00923826
20170530000481	00554352
20170809000255	00375931
20170810000165	01166109
20170811000161	01038693
20170811000176	00347716
20170811000194	00868705
20170811000246	00148920
20170811000445	00256502
20170811000636	00168331
20170811000650	00130879
20170811000667	00361008
20170811000739	00171265
20170811000769	00249982
20170811000794	00118275
20170811000840	00265324
20170811001002	00663669
20170811001204	00156442
20170811001220	00350312
20170814000271	00126487
20170814000390	00121154
20170814000416	00445799
20170814000432	00829380
20170814000451	00450931
20170814000704	00298270
20170814000714	00133663
20170814000750	00407771
20170814000798	00135111
20170814000847	00165343
20170814000874	00526696
20170814000888	00870861
20170814000933	00160047
20170814000974	00185046
20170814001130	00925189
20170814001146	00139719
20170814001159	00222532
20170814001204	00148939
20170814001254	00543107
20170814001321	00359623
20170814001445	01032583
20170814001519	00127954
20170814001655	00138792
20170814001975	01042775
20170814002009	00203290
20170814002040	01032404
20170814002163	00453488
20170814002204	00114792
20170814002261	00409140
20170814002326	00113261
20170814002361	00139083
20170814002381	00173874
20170814002423	00373021
20170824000061	00136448
20170829000050	00300405
20170829000120	00169215
20170901000102	00693651
20171107000198	00303703
20171109000015	01166109
20171109000218	00375931
20171110000084	00126487
20171110000538	00263654
20171113000007	00397252
20171113000064	00404701
20171113000185	00535481
20171113000400	00124805
20171113000756	00363927
20171113000776	00243757
20171113000887	00123523
20171114000125	00135111
20171114000176	00623661
20171114000293	00660121
20171114000439	00407771
20171114000676	00442561
20171114000687	00130879
20171114000713	00131850
20171114000803	00140177
20171114000862	00535676
20171114000891	00252135
20171114000964	00146427
20171114000976	00163196
20171114001034	00796994
20171114001057	00264255
20171114001112	00156859
20171114001176	00363510
20171114001303	00596260
20171114001346	00330424
20171114001416	00141671
20171114001434	00255433
20171114001460	00123772
20171114001472	00364254
20171114001485	00138190
20171114001540	00536523
20171114001568	00415628
20171114001582	00231044
20171114001708	00109037
20171114001790	00398668
20171114001829	00543204
20171114001956	00432102
20171114002077	01008762
20171114002108	00164742
20171114002142	00469799
20171114002201	00476498
20171114002298	00144164
20171114002377	00108649
20171114002478	00149655
20171114002489	00539274
20171114002521	00231691
20171114002602	00591441
20171114002615	00681249
20171114002694	00186939
20171114002712	00904672
20171114002730	01042979
20171114002752	00945457
20180206000113	00378363
20180214000556	00125576
20180430000836	00360595
20180511001468	00260408
20180511005293	00580056
20180514000803	00778235
20180514002450	01047415
20180514003975	00628860
20180514004448	00495086
20180514004926	00120526
20180514005015	00390408
20180514005294	00169048
20180514005360	00350020
20180514005486	01095722
20180514005706	00220109
20180515000129	00116408
20180515000159	00126487
20180515000252	00370918
20180515000478	00258360
20180515000533	00788737
20180515000548	00531917
20180515000591	00361169
20180515000607	00158565
20180515000729	00117230
20180515000806	00308559
20180515000856	00939687
20180515000866	00119672
20180515000876	00303396
20180515000888	00348034
20180515000956	00210740
20180515000968	00130408
20180515000992	00147222
20180515001058	00657002
20180515001118	00265005
20180515001133	00654272
20180515001240	00397289
20180515001255	00165413
20180515001266	00128555
20180515001298	00137234
20180515001307	00103510
20180515001349	00103006
20180515001362	00122825
20180515001437	00132354
20180515001479	00693651
20180515001491	00103130
20180515001505	00136378
20180515001564	00138297
20180515001609	00402110
20180515001723	00492894
20180515001763	00104573
20180515001787	00126362
20180515002025	00146436
20180515002034	00923792
20180515002075	00120924
20180515002097	00670340
20180515002195	00124504
20180515002209	00107066
20180515002231	00102858
20180515002249	00167208
20180515002333	00163512
20180515002344	00121543
20180515002381	00990165
20180515002416	00674498
20180515002442	00407814
20180515002467	00247975
20180515002495	00162993
20180515002569	00149947
20180515002586	00125150
20180515002598	00160047
20180515002636	00475718
20180515002655	00904672
20180515002673	00481454
20180803000417	00164812
20180810000473	00177199
20180810000588	00103547
20180813000373	00269612
20180813000434	00572905
20180814000085	00542074
20180814000127	00540447
20180814000250	00490179
20180814000297	00411048
20180814000327	00411048
20180814000343	00223434
20180814000386	00152880
20180814000424	00163716
20180814000455	00519252
20180814000470	00136226
20180814000541	00167192
20180814000551	00306454
20180814000572	00121570
20180814000684	00728638
20180814000699	00445160
20180814000790	00119140
20180814000841	00117300
20180814000880	00121039
20180814000929	00124780
20180814001075	00373571
20180814001108	00482426
20180814001147	00232089
20180814001284	00128607
20180814001297	00246417
20180814001341	01205851
20180814001395	00412597
20180814001406	00113225
20180814001432	00100601
20180814001467	00118044
20180814001496	00111193
20180814001632	00992871
20180814001679	00140168
20180814001756	00103662
20180814001772	00220622
20180814001810	00246620
20180814001822	00137252
20180814001845	00580667
20180814001867	00103130
20180814001891	00125521
20180814001911	00117337
20180814001936	00158501
20180814001974	00406046
20180814001994	00146232
20180814002008	00130684
20180814002067	00126292
20180814002122	00186559
20180814002132	00265421
20180814002160	00120076
20180814002203	00170026
20180814002245	00808068
20180814002256	00264547
20180814002276	00107066
20180814002289	00216647
20180814002317	00141477
20180814002331	00148522
20180814002350	00485177
20180814002370	00120924
20180814002417	01234507
20180814002453	00143527
20180814002467	00529815
20180814002512	00415707
20180814002643	00492894
20180814002677	00120562
20180814002699	00263654
20180814002726	00130587
20180814002770	00144243
20180814002786	00614593
20180814002797	00161781
20180814002808	00149646
20180814002818	00695969
20180814002862	00130763
20180814002880	00595191
20180814002894	00101433
20180814002944	00125150
20180814002966	00372873
20180814003051	00265324
20180824000293	00480367
20181105000392	00164812
20181108000075	01047840
20181109000521	00164830
20181112000035	00297989
20181112000276	00820352
20181112000372	00591441
20181113000028	00365934
20181113000055	00173698
20181113000125	00155452
20181113000327	01025644
20181113000413	01124680
20181113000696	00171867
20181113000774	00410997
20181113000806	00623184
20181114000010	00107066
20181114000033	01309795
20181114000087	00103042
20181114000137	00256380
20181114000227	00137252
20181114000249	00348292
20181114000261	00306454
20181114000352	00148531
20181114000371	00156895
20181114000391	00287812
20181114000420	00104388
20181114000465	00122551
20181114000482	00480048
20181114000515	00549891
20181114000636	00306719
20181114000672	00624518
20181114000837	00112457
20181114000866	00133876
20181114000929	00163318
20181114000941	00118284
20181114000951	00148993
20181114000980	00144252
20181114000992	00398808
20181114001010	00167192
20181114001029	00356361
20181114001062	00494476
20181114001100	00216647
20181114001139	00135999
20181114001189	00117577
20181114001198	00628189
20181114001207	00626464
20181114001248	00232089
20181114001322	00106669
20181114001345	00403632
20181114001355	00409788
20181114001364	00367482
20181114001375	00242712
20181114001414	00158112
20181114001459	00223762
20181114001526	00156859
20181114001567	00145464
20181114001606	00992871
20181114001649	00111704
20181114001687	00270113
20181114001722	00131018
20181114001767	01031502
20181114001797	00231105
20181114001848	00608699
20181114001875	00360595
20181114001902	00129271
20181114001945	00447502
20181114002072	00266961
20181114002103	01035678
20181114002199	00186559
20181114002230	00156442
20181114002254	00109754
20181114002268	00362292
20181114002301	00306162
20181114002326	00149354
20181114002395	00426068
20181114002416	00674498
20181114002443	00983271
20181114002456	00104786
20181114002474	00122898
20181114002509	00155276
20181114002524	00159616
20181114002562	00152862
20181114002594	00131832
20181114002653	00136101
20181114002718	00163114
20181114002734	00162461
20181114002748	00977650
20181114002766	00231363
20181114002805	00937324
20181114002878	00476498
20181114002911	00573579
20181129000732	01157235
20181206000092	00536541
20190114000067	00326731
20190214000801	00159573
20190214000964	00136101
20190401005036	00113526
20190508000036	00556712
20190510000482	01049422
20190513000270	01031229
20190513000384	00225159
20190514000380	00115065
20190514000752	00578538
20190514000890	00136226
20190514001055	00203290
20190514001082	00157991
20190514001170	00508344
20190515000160	00264671
20190515000182	00330044
20190515000241	00331016
20190515000272	00155452
20190515000290	00526678
20190515000311	00122737
20190515000405	00348034
20190515000456	00153375
20190515000468	00121288
20190515000509	00624518
20190515000727	00138057
20190515000902	00347734
20190515000928	00142661
20190515000977	00152385
20190515000990	00150536
20190515001002	00126362
20190515001036	00611912
20190515001089	00256715
20190515001128	00113225
20190515001174	00115612
20190515001199	01267684
20190515001234	00116949
20190515001278	00407771
20190515001311	00535481
20190515001339	01089350
20190515001401	00361008
20190515001431	00530121
20190515001452	00173944
20190515001594	00141671
20190515001638	00306870
20190515001654	00240857
20190515001667	00125725
20190515001716	00242712
20190515001775	01036367
20190515001807	00147772
20190515001859	00148522
20190515001901	00186559
20190515001991	00126566
20190515002093	00923826
20190515002105	00327396
20190515002125	00138792
20190515002163	00180795
20190515002201	00310156
20190515002216	00106623
20190515002244	00487546
20190515002271	00260745
20190515002350	00172291
20190515002402	00131780
20190515002462	01258507
20110516004087	00269889
20110516004120	00346911
20110516004159	00362292
20110516004269	00492894
20110517000082	00531917
20110517000171	00122551
20110518000142	00694942
20110530000148	00541163
20110530000884	00106368
20110530000928	00117577
20110530000971	00117212
20110530001001	00165413
20110530001079	00361008
20110531001484	00679314
20110602000091	00266952
20110629000015	00526872
20110712000158	00339072
20110714000101	00122551
20110714000259	00166175
20110715000124	00148531
20110715000331	00141246
20110812000223	00158565
20110812000257	00347062
20110812000273	00260569
20110812000338	00155948
20110812000369	00144252
20110812000444	00202839
20110812000479	00209780
20110812000744	00204642
20110816000150	00113234
20110816000195	00171636
20110816000351	00122348
20110816000461	00125743
20110816000474	00479705
20110816000524	00113128
20110816000628	00390055
20110816000699	00498001
20110816000795	00146214
20110816000812	00157991
20110816000971	00449254
20110816001050	00146269
20110816001200	00349732
20110816001219	00136086
20110816001245	00265324
20110816001445	00323868
20110816001829	00163716
20110816001893	00426068
20110826000045	00406046
20110826000212	00444329
20110829000189	00112378
20110829000347	00105961
20110829000371	00440712
20110829000431	00148993
20110829000505	00145880
20110829000567	00115676
20110829000586	00428251
20110829000731	00106641
20110829000792	00163512
20110831000843	00679314
20111103000067	00367604
20111111000131	00378363
20111111000265	00145446
20111111000577	00375931
20111114000037	00116408
20111114000091	00170877
20111114000104	00578538
20111114000166	00261373
20111114000242	00378363
20111114000264	00369657
20111114000313	00788737
20111114000345	00169215
20111114000402	00366845
20111114000510	00149947
20111114000662	00199988
20111114000757	00134565
20111114000955	00109268
20111114000969	00326731
20111114001031	00136101
20111114001074	00136086
20111114001102	00128980
20111114001114	00362201
20111114001140	00365387
20111114001193	00296078
20111114001348	00104768
20111114001366	00125150
20111114001400	00107613
20111114001419	00365590
20111114001587	00117027
20111114001651	00102432
20111114001705	00350020
20111114001762	00112022
20111114001836	00101220
20111114001961	00357935
20111114001990	00269889
20111125000088	00356361
20111128000128	00390903
20111128000278	00266961
20111128000399	00406046
20111129000308	00173874
20111129000413	00156859
20111129000484	00105961
20111129000562	00103176
20111129000590	00102858
20111129000609	00683469
20111129000667	00117188
20111129000735	00117212
20111129000783	00106313
20111129000815	00160047
20111129000847	00159023
20111129000925	00113535
20111129000969	00795135
20111202000313	00323868
20111220000289	00264945
20120214000220	00159731
20120214000285	00378363
20120221000103	00159731
20120430001211	00706715
20120511000038	00269612
20120511000865	00373571
20120511001343	00216027
20120511003009	00447487
20120514000723	00167004
20120514002884	00188797
20120514003400	00105040
20120514003640	00492894
20120514004078	00568188
20120514004300	00133618
20120514004802	00180263
20120514005434	00101044
20120514005811	00207375
20120515000048	00366845
20120515000170	00580199
20120515000191	00126788
20120515000285	00540571
20120515000439	00493510
20120515000489	00390903
20120515000533	00591441
20120515000578	00249247
20120515000598	00192499
20120515000613	00533003
20120515000625	00242378
20120515000773	00244783
20120515000792	00161709
20120515000877	00158024
20120515000925	00172079
20120515000964	00258421
20120515001066	00604815
20120515001109	00167031
20120515001142	00159740
20120515001218	00126487
20120515001284	00128607
20120515001309	00152437
20120515001323	00362292
20120515001337	00694942
20120515001365	00128661
20120515001380	00140566
20120515001447	00608839
20120515001528	00178754
20120515001663	00101628
20120515001697	00108038
20120515001724	00113535
20120515001783	00329093
20120515001812	00525934
20120515001931	00133812
20120515001950	00163691
20120515001962	00108038
20120515001988	00140061
20120515002086	00178790
20120515002105	00150828
20120515002149	00260657
20120521000186	00350020
20120524000187	00117498
20120529000121	00525679
20120529000403	00500254
20120530000148	00141477
20120530000271	00258801
20120530000352	00161976
20120530000447	00141246
20120530000488	00102858
20120530000539	00409672
20120530000572	00164812
20120530000678	00109693
20120530000707	00148276
20120530000843	00613318
20120530000865	00476498
20120530000917	00117577
20120530000947	00117188
20120530000995	00160047
20120719000040	00135050
20120808000238	00269612
20120810000080	00170877
20120810000285	00163318
20120810000397	00349811
20120813000001	00362238
20120813000076	00110750
20120813000106	00415707
20120813000122	00258360
20120813000160	00442561
20120813000337	00855093
20120813000399	00139153
20120813000505	00108038
20120814000003	00109268
20120814000023	00124197
20120814000038	00235183
20120814000059	00159740
20120814000090	00105101
20120814000116	00261009
20120814000217	00330044
20120814000280	00151128
20120814000418	00604815
20120814000451	00529815
20120814000496	00260392
20120814000510	00287812
20120814000545	00295857
20120814000562	00480367
20120814000590	00267854
20120814000604	00140061
20120814000620	00666064
20120814000644	00117300
20120814000759	00608316
20120814000775	00535375
20120814000799	00121288
20120814000834	00267942
20120814000863	00128661
20120814000904	00144650
20120814000980	00122579
20120814001056	00599106
20120814001123	00108940
20120814001309	00143794
20120814001332	00414850
20120814001343	00125530
20120814001447	00150165
20120814001488	00163196
20120814001502	00447502
20120814001533	00126362
20120814001568	00241209
20120814001601	00480455
20120814001630	00791209
20120814001704	00531917
20120814001724	00150828
20120814001745	00113544
20120814001815	00384717
20120814001865	00158307
20120814001948	00239639
20120814001971	00148531
20120820000133	00587466
20120823000153	00128175
20120828000118	00660033
20120829000099	00603348
20120829000187	00164478
20120829000231	00266952
20120829000248	00114792
20120829000265	00115676
20120829000298	00109693
20120829000423	00102858
20120829000459	00442455
20120829000496	00159698
20120829000544	00163512
20120829000570	00389110
20120829000674	00373571
20120912000257	00157636
20120928000277	00440712
20121004000106	00347716
20121005000127	00339072
20121005000290	00265005
20121008000206	00350020
20121010000188	00413523
20121031000032	00706715
20121109000142	00583026
20121112000088	00491053
20121113000054	00573269
20121113000074	00113261
20121113000104	00177320
20121113000125	00206659
20121113000149	00269612
20121114000043	00264732
20121114000096	00158219
20121114000137	00117276
20121114000167	00165103
20121114000259	00604815
20121114000274	00660291
20121114000292	00362292
20121114000309	00493510
20121114000320	00411048
20121114000363	00201733
20121114000421	00243067
20121114000434	00136101
20121114000472	00264714
20121114000487	00264255
20121114000515	00130763
20121114000528	00488402
20121114000572	00147860
20121114000586	00260930
20121114000657	00140955
20121114000811	00263654
20121114000826	00146542
20121114000926	00186559
20121114000958	00139764
20121114000984	00298447
20121114001003	00162416
20121114001019	00414850
20121114001094	00694942
20121114001119	00101628
20121114001132	00259934
20121114001157	00356370
20121114001170	00808022
20121114001181	00126362
20121114001238	00122205
20121114001267	00139153
20121114001283	00606664
20121114001300	00141556
20121114001311	00108649
20121114001351	00447502
20121114001393	00160843
20121114001427	00234227
20121114001440	00129554
20121114001454	00356839
20121114001472	00173944
20121114001483	00197759
20121114001506	00397058
20121114001571	00113544
20121114001607	00125150
20121114001617	00532059
20121114001639	00520610
20121114001656	00472890
20121114001700	00155355
20121114001728	00445054
20121114001772	00300405
20121114001799	00110884
20121115000008	00139205
20121115000211	00136101
20121122000226	00348034
20121126000097	00108746
20121127000116	00353610
20121128000196	00140177
20121128000236	00525679
20121129000168	00500254
20121129000374	00163673
20121129000421	00146649
20121129000507	00454399
20121129000602	00129679
20190515002490	00194947
20190515002506	00164830
20190515002553	01168383
20190515002564	00159254
20190515002662	00156488
20190515002720	00623184
20190527000008	01020524
20190812000023	00154718
20190813000126	00287788
20190813000211	00389998
20190813000598	00591441
20190814000079	00228059
20190814000142	00259545
20190814000319	00540863
20190814000331	00442455
20190814000346	00107066
20190814000670	00104810
20190814000694	00121288
20190814000761	00139083
20190814000774	00119140
20190814000897	00663669
20190814000929	00140964
20190814001045	00305570
20190814001058	00530556
20190814001133	01043853
20190814001147	01137903
20190814001184	00624998
20190814001261	01029394
20190814001339	00608839
20190814001362	00152385
20190814001441	00112332
20190814001472	00124197
20190814001528	00373021
20190814001550	00568188
20190814001688	00432102
20190814001750	00121941
20190814001765	00808068
20190814001806	00232007
20190814001935	00126566
20190814002030	00365590
20190814002075	00138446
20190814002089	00259590
20190814002120	00188973
20190814002164	00153126
20190814002286	00469799
20190814002316	00500254
20190814002393	00121039
20190814002423	00377018
20190814002536	00216434
20190814002551	00261285
20190814002575	00974927
20190814002591	01108248
20190814002685	00159193
20190814002850	00925295
20190814002943	00542898
20190814002994	00105138
20190828000693	01214248
20191031000065	00442455
20191104000164	01335578
20191107000015	00820352
20191108000057	00480367
20191108000337	00398792
20191112000004	00225159
20191112000272	00238001
20191113000002	01390399
20191113000390	00231664
20191113000596	00136271
20191114000026	00356389
20191114000045	00170026
20191114000137	00266934
20191114000148	00453929
20191114000202	00156910
20191114000425	00260879
20191114000475	00369170
20191114000510	00317681
20191114000540	00327396
20191114000553	00330044
20191114000567	00128227
20191114000640	00144395
20191114000653	00104786
20191114000662	00123541
20191114000783	00108490
20191114000804	00107066
20191114000839	00491938
20191114000955	00210980
20191114001024	00136101
20191114001052	00493510
20191114001073	00945457
20191114001083	00482426
20191114001176	00158015
20191114001269	00126362
20191114001281	00877819
20191114001338	00573579
20191114001348	00480048
20191114001375	00137252
20191114001413	00977650
20191114001439	00145190
20191114001510	00307028
20191114001555	00256715
20191114001563	00858124
20191114001572	00296324
20191114001594	00116268
20191114001604	00264671
20191114001615	00121941
20191114001625	00556615
20191114001633	01063884
20191114001717	00162416
20191114001802	00138057
20191114001829	01267170
20191114001844	00136378
20191114001923	00159254
20191114002008	00540429
20191114002023	00153126
20191114002046	00872984
20191114002105	01047415
20191114002129	00115676
20191114002146	00651901
20191114002159	00867098
20191114002280	00113997
20191114002310	00359395
20191114002331	00113535
20191114002380	00141626
20191114002527	01037214
20191114002540	00104856
20191114002559	00115694
20191114002604	00347716
20191114002672	00753643
20191114002745	00246620
20191129000479	00684802
20191212000413	00247975
20200214001091	00814786
20200508000574	00356839
20200511000184	00579980
20200511000363	00442455
20200512000137	00938721
20200513000033	01214248
20200513000228	00761059
20200514000745	00230814
20200514000877	00158024
20200514000950	00578538
20200514001029	00103547
20200514001061	00166227
20200514001087	00111838
20200515000028	00260611
20200515000149	01146220
20200515000241	00497631
20200515000418	00995993
20200515000449	00223434
20200515000544	00303794
20200515000577	00173449
20200515000629	00132211
20200515000731	00114792
20200515000800	00490179
20200515000845	00523307
20200515000916	00149026
20200515000972	00533191
20200515001034	01013311
20200515001049	00828789
20200515001062	00250997
20200515001079	00407771
20200515001096	01335453
20200515001206	00362858
20200515001306	00487546
20200515001327	00367455
20200515001380	00523307
20200515001450	00305668
20200515001470	00143226
20200515001484	00165413
20200515001494	00253985
20200515001560	00140131
20200515001611	01234507
20200515001667	00123523
20200515001688	00318662
20200515001699	00105280
20200515001791	00105299
20200515001806	00161693
20200515001879	00628189
20200515001893	00125080
20200515001909	00307222
20200515001922	00624749
20200515002113	00587466
20200515002158	00141556
20200515002171	00665676
20200515002254	01124680
20200515002270	00102353
20200515002302	01335930
20200515002315	00258360
20200515002331	01063884
20200515002383	00367695
20200515002415	01035678
20200515002430	00814786
20200515002461	00487546
20200515002493	00422284
20200515002537	00363246
20200515002634	00159616
20200515002664	00108913
20200515002732	00475985
20200518000079	00132211
20200522000318	00111218
20200608000168	00475718
20200615000280	00155124
20200622000316	00359395
20200724000638	00242378
20200811000115	00298377
20200812000152	00492353
20200812000238	01136348
20200813000077	00842619
20200813000250	00155452
20200813000333	00616962
20200813000432	00152385
20200813000536	00249982
20200813000572	01025644
20200813000704	00317487
20200814000005	01408999
20200814000058	00425351
20200814000157	00366942
20200814000171	00330424
20200814000361	00226547
20200814000554	00173795
20200814000580	01222432
20200814000617	00150536
20200814000633	00246620
20200814000663	00390903
20200814000686	00120906
20200814000712	00409964
20200814000766	00927558
20200814000783	00896753
20200814000813	00120076
20200814000862	00303873
20200814000982	00663669
20200814001021	00178790
20200814001056	00149354
20200814001080	00397289
20200814001162	00164830
20200814001306	00136776
20200814001340	00143226
20200814001402	01035678
20200814001443	00150165
20200814001595	00132211
20200814001657	00329093
20200814001670	00146436
20200814001728	00152686
20200814001774	00296005
20200814001787	00160843
20200814001953	00111722
20200814001963	00615723
20200814002019	00253985
20200814002032	01047707
20200814002045	00140964
20200814002096	00192499
20200814002130	00110583
20200814002219	00122579
20200814002292	00359623
20200814002313	00152862
20200814002359	01063884
20200814002465	00350020
20200814002482	00479705
20200814002579	00877819
20200814002643	00385336
20200814002698	00531917
20200814002815	00113058
20200814002825	00365387
20200814002840	00110884
20200820000038	00892526
20200824000052	00660033
20200824000386	00660033
20200828000300	00562245
20201103000025	00190756
20201106000229	00177816
20201112000095	00371485
20201112000115	01407158
20201113000050	00259545
20201113000292	00492894
20201113000499	00195229
20201113000665	00109514
20201113000692	00624749
20201113000706	00317487
20201113000730	00375931
20201113000746	00605124
20201113000756	00162416
20201113000766	00479705
20201113000908	00409140
20201113000988	00126089
20201113001041	00838962
20201116000036	00356389
20201116000085	00545114
20201116000121	00536286
20201116000135	01251577
20201116000163	00869272
20201116000195	00309831
20201116000208	00110583
20201116000223	00118275
20201116000260	00855093
20201116000314	00808068
20201116000350	00820352
20201116000403	00103662
20201116000543	00121686
20201116000620	00537337
20201116000658	00260745
20201116000699	00256715
20201116000731	00348034
20201116000774	00632304
20201116000815	00365934
20201116000825	00159731
20201116000838	00243757
20201116000924	00236863
20201116000970	00163716
20201116001080	00113191
20201116001144	00349097
20201116001155	00149239
20201116001163	00145190
20201116001199	00125150
20201116001232	00180795
20201116001242	00307222
20201116001281	00317104
20201116001307	00104810
20201116001346	00110884
20201116001357	00356370
20201116001403	00426068
20201116001534	00136776
20201116001578	01105621
20201116001601	00303794
20201116001612	00309503
20201116001626	00175623
20201116001663	01205851
20201116001677	00143651
20201116001694	00107677
20201116001717	00877819
20201116001725	00441447
20201116001741	00129554
20201116001770	00105271
20201116001874	00165413
20201116001892	00428321
20201116001926	00530556
20201116001938	01075126
20201116001981	00155355
20201116002053	00127255
20201116002081	00267854
20201116002127	00163114
20201116002154	00152862
20201117000120	00101044
20201118000043	00970453
20201127000274	00562245
20201130000057	01274310
20201231000330	00813389
20210210001234	00148993
20210215000536	00168401
20210317000769	00105271
20210416000104	00147222
20210511000643	00225159
20210513000068	00260569
20210513000385	00269612
20210513000738	01061327
20210514000215	00526836
20210514000317	00114552
20210514000334	00362858
20210514000459	00104786
20210514000501	00838962
20210514000692	00838005
20210514000709	00366942
20210514000859	00246620
20210514000871	00788773
20210514000933	00113526
20210514001050	00263654
20210514001172	01227039
20210514001305	00339072
20210514001346	00574611
20210514001378	00659976
20210514001456	00249982
20210514001548	00614593
20210517000193	00994994
20210517000210	00159795
20210517000270	00139083
20210517000371	01208849
20210517000513	00121570
20210517000610	00612188
20210517000697	00119140
20210517000759	01032413
20210517000794	00172228
20210517000944	01075126
20210517001053	00513948
20210517001078	00693651
20210517001146	00364306
20210517001168	00120526
20210517001280	00618410
20210517001314	00313649
20210517001326	01012066
20210517001354	00617314
20210517001370	00369833
20210517001437	00118044
20210517001485	00808068
20210517001520	00350020
20210517001540	01205851
20210517001584	00154329
20210517001642	00442145
20210517001671	00540447
20210517001805	01108099
20210517001906	00426068
20210517001960	00318662
20210517001972	00219097
20210517002023	00530556
20210517002146	00186939
20210517002162	00108135
20210518000087	00962393
20210520000220	00602279
20210525000418	00115931
20210528000526	00604268
20210528001229	01412822
20210707000525	00297448
20210810000233	00124276
20210811000244	01060744
20210812000250	00150165
20210812000307	00141246
20210812000361	00118275
20210813000146	01109715
20210813000164	00598198
20210813000202	01222432
20210813000220	00492353
20210813000248	00207375
20210813000269	00533508
20210813000290	00260408
20210813000312	00287788
20210813000691	00405278
20210813000710	00605124
20210813000735	00109718
20210813000766	01046708
20210813000825	00204208
20210813000855	00803425
20210813000931	00297448
20210813001123	00206686
20210813001162	00611736
20210813001356	00484682
20210813001385	00180263
20210817000039	01062867
20210817000097	00109286
20210817000109	01222867
20210817000135	00142713
20210817000218	00264945
20210817000310	00216647
20210817000438	00116408
20210817000561	00114792
20210817000569	00671376
20210817000680	00130763
20210817000702	00150439
20210817000739	00131197
20210817000793	00983934
20210817000827	00108977
20210817000959	00204226
20210817001007	00116426
20210817001046	00983916
20210817001080	00992871
20210817001139	00687711
20210817001184	00157681
20210817001196	00471068
20210817001235	00302926
20210817001246	00606664
20210817001336	00303794
20210817001426	00192499
20210817001481	00791209
20210817001499	00453488
20210817001566	00266934
20210817001597	00105961
20210817001702	00180795
20210817001786	01157235
20210817001837	00145552
20210817001869	00991298
20210817002044	00107598
20210817002073	01012066
20210817002106	00651901
20210817002186	00692254
20210817002282	00111218
20210818000264	00681249
20210819000072	00130408
20210827000506	00878696
20210831001878	00105952
20211110000131	00177870
20211110000405	01264438
20211111000022	01181515
20211111000177	01397903
20211112000029	01454341
20211112000182	01061327
20211112000371	01182550
20211112000384	00556615
20211112000403	01108442
20211112000590	00143262
20211112000603	00574611
20211112000734	00217743
20211112000751	00162993
20211112001020	00306870
20211112001034	00643656
20211112001089	00148364
20211112001102	00162461
20211112001117	00728638
20211112001162	00125725
20211112001195	00264547
20211115000016	00112165
20211115000109	00687711
20211115000140	00535481
20211115000155	00170026
20211115000190	00191588
20211115000295	00484682
20211115000325	00173795
20211115000354	00157681
20211115000397	00129642
20211115000407	00118044
20211115000433	00114792
20211115000475	00651017
20211115000489	00155276
20211115000654	00295857
20211115000685	00872984
20211115000734	00160232
20211115000835	00482426
20211115000849	00258689
20211115000892	00141307
20211115000920	00105271
20211115000929	00407771
20211115001093	01353024
20211115001140	00158015
20211115001165	01008762
20211115001200	00133663
20211115001234	00104537
20211115001278	00137997
20211115001366	01065013
20211115001395	00556907
20211115001406	00232089
20211115001416	00524786
20211115001481	01098792
20211115001493	01153105
20211115001518	00397252
20211115001531	00360674
20211115001545	00327396
20211115001584	00123772
20211115001620	00939331
20211115001704	00539274
20211115001717	00652423
20211115001872	01105621
20211115001927	00205003
20211115002020	00101220
20211115002149	00152862
20211115002212	01205851
20211115002306	00406037
20211115002336	00617998
20211115002416	00120562
20211115002497	00896753
20211115002509	01208849
20211116000094	00151368
20211117000012	00112378
20211119000006	01310773
20211124000069	00910840
20220125000457	00919966
20220214000839	00141626
20220216001004	00110750
20220511000680	01391103
20220513000357	00533508
20220513000455	00269612
20220513000525	00106313
20220513000869	00101628
20220513000936	00124504
20220513000979	00105101
20220513001051	00442455
20220513001125	00200275
20220513001301	00915508
20220513001356	00608802
20220513001517	00264547
20220513001556	00297989
20220513001671	01032486
20220516000063	00111838
20220516000088	00612294
20220516000394	00390408
20220516000432	00989664
20220516000481	00592653
20220516000530	00103042
20220516000639	00118275
20220516000742	00854997
20220516000816	00983916
20220516000843	00124540
20220516000856	00161860
20220516001037	00373447
20220516001072	00126788
20220516001129	00158565
20220516001248	00163673
20220516001319	00109754
20220516001397	00657002
20220516001463	01051472
20220516001575	00127954
20220516001590	00126308
20220516001600	00260745
20220516001733	01353024
20220516001762	00160047
20220516001800	00378220
20220516001866	00132804
20220516001882	01008762
20220516001951	00122579
20220516002024	00111218
20220516002165	00209780
20220516002276	00120021
20220516002349	00359395
20220516002389	00155124
20220516002492	00492894
20220516002548	00624518
20220516002560	00130587
20220516002594	01190568
20220516002680	00138792
20220519000110	00602279
20220520000389	01237540
20220602000513	00209780
20220812000301	01476219
20220812000372	00127167
20220812000475	00134565
20220812000621	00405278
20220812000633	00130772
20220812000711	00364740
20220812000774	00150165
20220812000917	01258507
20220812000930	00974927
20220812001012	00163318
20220812001022	00115065
20220812001130	00159810
20220816000092	00138242
20220816000142	00491938
20220816000245	00177870
20220816000355	00536286
20220816000449	01071944
20220816000472	00151368
20220816000483	01174038
20220816000567	00623661
20220816000596	00370918
20220816000697	00287812
20220816000720	01084294
20220816000742	00608699
20220816000822	00266934
20220816000885	00141477
20220816000905	00104786
20220816000994	00210980
20220816001168	00568188
20220816001226	00116268
20220816001298	00580056
20220816001409	00192499
20220816001633	01051472
20220816001687	00160047
20220816001788	00545734
20220816001875	00205003
20220816001903	00117188
20220816001936	00104573
20220816001954	00432102
20220816001980	00983916
20220816002029	01108099
20220816002133	00595191
20220816002266	00574611
20220816002279	00412597
20220816002337	00153755
20220816002406	00843900
20220816002445	00145552
20220816002579	00867478
20220905000248	00103592
20221108000015	00492353
20221109000079	01136348
20221110000023	00820352
20221110000369	00188973
20221110000477	00370255
20221111000161	00260392
20221111000294	00136402
20221111000322	00624749
20221111000346	00130879
20221111000368	00127167
20221111000596	00974927
20221111000636	00447487
20221111000771	01235296
20221111000909	01062177
20221111001013	00125725
20221111001027	00983040
20221111001043	00120906
20221114000112	00116408
20221114000151	00536286
20221114000185	00378363
20221114000218	00205003
20221114000239	00612294
20221114000294	00138190
20221114000349	00103510
20221114000430	00146436
20221114000442	00589127
20221114000516	00112378
20121129000684	00266952
20121129000716	00152862
20121129000777	00105952
20121129000815	00155124
20121129000944	00481454
20121129001041	00139889
20121129001104	00828789
20130214000135	00684802
20130214000199	00232089
20130214000349	00349060
20130312000159	00141626
20130422000401	00255275
20130509000596	00126414
20130513000761	00143226
20130513002353	00158219
20130514000105	00450931
20130514001646	00693651
20130514002697	00177320
20130514003510	00364847
20130514004706	00108135
20130514005146	00186939
20130515000171	00815767
20130515000244	00520610
20130515000378	00238153
20130515000428	00145446
20130515000536	00136925
20130515000563	00606293
20130515000581	00169215
20130515000644	00161709
20130515000716	00533003
20130515000730	00105156
20130515000746	00140168
20130515000761	00139685
20130515000811	00753643
20130515000827	00197759
20130515000857	00599106
20130515000883	00842585
20130515000903	00266952
20130515000953	00185046
20130515001010	00767628
20130515001037	00423177
20130515001073	00444329
20130515001088	00264945
20130515001131	00108746
20130515001201	00162461
20130515001218	00350020
20130515001349	00160047
20130515001415	00258689
20130515001462	00113526
20130516000106	00347062
20130521000070	00351807
20130522000031	00389998
20130523000022	00128980
20130524000069	00130879
20130527000109	00199076
20130528000017	00357935
20130528000195	00612294
20130529000112	00249247
20130529000142	00231442
20130529000247	00110583
20130529000324	00108001
20130529000363	00442145
20130529000417	00102113
20130530000119	00186717
20130530000150	00356389
20130530000212	00409140
20130530000261	00728638
20130530000290	00103662
20130530000325	00155948
20130530000353	00134176
20130530000391	00209780
20130530000406	00188973
20130530000532	00308559
20130530000544	00124197
20130530000655	00490151
20130530000711	00488989
20130530000751	00112457
20130530000782	00121543
20130530000825	00353762
20130530000837	00456218
20130530000875	00121941
20130530000887	00180795
20130530000920	00206686
20130530000950	00163716
20130530000963	00173944
20130530000988	00592653
20130530000998	00117027
20130530001018	00139889
20130530001044	00230036
20130530001108	00112022
20130530001124	00347716
20130530001140	00109754
20130530001210	00117708
20130530001262	00239639
20130530001307	00124799
20130530001338	00206686
20130603000008	00127909
20130604000087	00101220
20130607000218	00104573
20130627000105	00242712
20130812000029	00225159
20130812000147	00115676
20130812000409	00158219
20130813000046	00122825
20130813000310	00145464
20130814000010	00166528
20130814000039	00150165
20130814000072	00137012
20130814000313	00148993
20130814000427	00143314
20130814000469	00117577
20130814000513	00108135
20130814000569	00105156
20130814000590	00261285
20130814000653	00124504
20130814000695	00375931
20130814000720	00356370
20130814000739	00122472
20130814000754	00109268
20130814000828	00102858
20130814000853	00407771
20130814000865	00173874
20130814000881	00540571
20130814000921	00145862
20130814000972	00141671
20130814001015	00852087
20130814001051	00148540
20130814001070	00296005
20130814001208	00412597
20130814001225	00872984
20130814001361	00152880
20130814001468	00172079
20130819000026	00370255
20130821000238	00220057
20130823000062	00130879
20130823000199	00141529
20130823000379	00609634
20130827000087	00108977
20130827000310	00128555
20130828000017	00148920
20130828000120	00373571
20130828000137	00167031
20130828000208	00411385
20130828000251	00449379
20130828000444	00349811
20130828000546	00365590
20130829000030	00235183
20130829000046	00206659
20130829000065	00177816
20130829000113	00367604
20130829000134	00653194
20130829000181	00363592
20130829000198	00694942
20130829000299	00327396
20130829000348	00143907
20130829000472	00260569
20130829000527	00134176
20130829000624	00102113
20130829000682	00228059
20130829000763	00130772
20130829000782	00109514
20130829000794	00349097
20130829000814	00130408
20130829000834	00240857
20130829000852	00540863
20130829000879	00128661
20130829000891	00158024
20130829000919	00216762
20130829000962	00132992
20130829000985	00192499
20130829001016	00121288
20130829001078	00112457
20130829001106	00422284
20130829001129	00153339
20130829001151	00379229
20130829001217	00539274
20130829001236	00199252
20130829001261	00126089
20130829001327	00427483
20130829001363	00108038
20130829001455	00131832
20130829001480	00520887
20130829001508	00129554
20130829001748	00172185
20130829001823	00238782
20130902000429	00242378
20130905000094	00120289
20130925000123	00261285
20131029000092	00627029
20131112000039	00146427
20131113000131	00244783
20131113000233	00177320
20131113000273	00186939
20131113000322	00535375
20131114000062	00143226
20131114000084	00256502
20131114000135	00166175
20131114000204	00111421
20131114000231	00108746
20131114000251	00105952
20131114000268	00687711
20131114000288	00450931
20131114000431	00148993
20131114000458	00129420
20131114000489	00114792
20131114000525	00129679
20131114000546	00392691
20131114000561	00130587
20131114000574	00753643
20131114000587	00112332
20131114000654	00172945
20131114000696	00146214
20131114000718	00628860
20131114000832	00126362
20131114000879	00144650
20131114000899	00104537
20131114000930	00261285
20131114001016	00755739
20131114001055	00141389
20131114001081	00500254
20131114001151	00369170
20131114001198	00119195
20131114001209	00266952
20131114001232	00116268
20131114001327	00164830
20131114001350	00828789
20131114001397	00635134
20131119000100	00261009
20131120000367	00173944
20131122000099	00516246
20131122000207	00447487
20131125000222	00155212
20131125000362	00178754
20131126000094	00160232
20131126000197	00134565
20131126000284	00269922
20131127000093	00803425
20131127000244	00173449
20131127000288	00287788
20131127000383	00362292
20131127000521	00185222
20131128000019	00357935
20131128000043	00298270
20131128000060	00161693
20131128000094	00135795
20131128000171	00104810
20131128000287	00170026
20131128000317	00127857
20131128000384	00422895
20131128000409	00169048
20131128000423	00138598
20131128000448	00210740
20131128000477	00128980
20131128000501	00163318
20131128000525	00525934
20131128000552	00265324
20131128000578	00937324
20131128000597	00389970
20131128000667	00480048
20131128000707	00616290
20131128000721	00138260
20131128000745	00130772
20131128000766	00102618
20131128000781	00297989
20131128000822	00260408
20131128000840	00249441
20131128000863	00126955
20131128000876	00265005
20131128000890	00301112
20131128000909	00220109
20131128000944	00456218
20131128000965	00139719
20131128000977	00121543
20131128001030	00112651
20131128001075	00490151
20131128001092	00145552
20131129000259	00363592
20131129000325	00267906
20131129000418	00318316
20131129000516	00269940
20131129000879	00228059
20131129000976	00397191
20131129001047	00146083
20131129001146	00110583
20131129001173	00347716
20131129001233	00115931
20131129001265	00230036
20131129001286	00335076
20131129001367	00587466
20131129001421	00369107
20131129001444	00104573
20131129001731	00418379
20131129001772	00141626
20131129001859	00384717
20131129001901	00124799
20131129001991	00238782
20131216000191	00115065
20131223000286	00130879
20140214000477	00356839
20140303000267	00168401
20140306000455	00105299
20140411001690	00155373
20140508001393	00161125
20140512000384	00573269
20140514003343	00527491
20140514003891	00693651
20140514004431	00143226
20140514005215	00266961
20140515000096	00113128
20140515000151	00803425
20140515000286	00117276
20140515000371	00120289
20140515000445	00116301
20140515000507	00156442
20140515000564	00145464
20140515000620	00261285
20140515000651	00296005
20140515000703	00160375
20140515000742	00166175
20140515000768	00158325
20140515000786	00159786
20140515000867	00683469
20140515000904	00540447
20140515000993	00138190
20140515001009	00126788
20140515001032	00583424
20140515001074	00141389
20140515001099	00356370
20140515001113	00159698
20140515001133	00545716
20140515001149	00389110
20140515001245	00141246
20140515001270	00151395
20140515001352	00397289
20140515001392	00683007
20140515001416	00164742
20140515001529	00525679
20140515001558	00152385
20140515001574	00126478
20140515001658	00139889
20140515001685	00115676
20221114000527	00533924
20221114000539	00146083
20221114000588	00256380
20221114000618	00491938
20221114000645	00526696
20221114000751	00143527
20221114000774	00163673
20221114000801	00113191
20221114000831	00141529
20221114000840	01573381
20221114000980	00542074
20221114001010	00148364
20221114001032	00156910
20221114001125	01326792
20221114001167	00526599
20221114001226	00373021
20221114001259	00617314
20221114001292	00556615
20221114001328	01042429
20221114001381	00106623
20221114001413	00606664
20221114001452	00120182
20221114001474	00403632
20221114001486	00128661
20221114001517	00645089
20221114001585	01515323
20221114001595	01099861
20221114001625	00813389
20221114001675	00117188
20221114001687	00122579
20221114001749	00300405
20221114001761	00599151
20221114001774	00530556
20221114001786	00572905
20221114001802	00875237
20221114001813	00111838
20221114001878	00132804
20221114001933	00139214
20221114001960	00791209
20221114001969	00268251
20221114001984	00351579
20221114001998	00184667
20221114002014	00153621
20221114002040	00896753
20221114002053	00144164
20221114002104	00231831
20221114002122	00155319
20221114002168	00565154
20221114002193	01246034
20221114002210	00563518
20221114002303	00126487
20221114002351	00117708
20221114002380	00109189
20221114002410	00604426
20221114002431	00595191
20221114002444	00587466
20221114002503	00753643
20221114002623	00536541
20221114002677	00164636
20221114002690	00145109
20221114002712	00172228
20221114002740	01032486
20221114002775	00145552
20221115000217	00267854
20221118000420	01359736
20221129001078	00351427
20230118000048	00147772
20230321001059	00923792
20230512000138	01128613
20230512000314	00449254
20230512000441	00202839
20230512000710	00159023
20230512000828	00453442
20230512000883	00614593
20230512000925	00113526
20230512000957	01003040
20230512001338	00162461
20230512001383	00526836
20230512001415	00992543
20230515000009	00256043
20230515000087	00340272
20230515000208	00816544
20230515000226	00975290
20230515000383	00287812
20230515000473	01071944
20230515000540	00131896
20230515000556	00260611
20230515000627	00112378
20230515000647	00352064
20230515000757	00139083
20230515000821	00603348
20230515000881	01168383
20230515000904	00228059
20230515000921	00133663
20230515001040	00990165
20230515001226	01152586
20230515001237	00163716
20230515001412	00556615
20230515001425	00117498
20230515001525	01497869
20230515001570	00131504
20230515001581	00671376
20230515001638	00357607
20230515001671	00259590
20230515001683	00146427
20230515001706	00963976
20230515001813	01010110
20230515001842	00348034
20230515001876	00121534
20230515001900	00149804
20230515001986	00139889
20230515002022	00140177
20230515002032	00173449
20230515002043	00109754
20230515002267	00490151
20230515002310	00264671
20230515002353	00216647
20230515002478	00174527
20230515002488	00127200
20230515002538	00604426
20230515002569	00298377
20230515002583	00249502
20230515002658	00159740
20230515002684	00160205
20230515002699	00632304
20230515002726	00103644
20230515002813	00115612
20230810000283	00484682
20230811000485	00138190
20230811001100	00124780
20230811001241	00916826
20230811001471	00101628
20230811001591	00221728
20230811001788	00260383
20230811001822	01022902
20230811001981	00609661
20230811002015	00352064
20230811002232	00356839
20230811002338	00373447
20230811002543	00265005
20230814000054	01101254
20230814000356	00612294
20230814000389	00450010
20230814000504	00288495
20230814000545	00287788
20230814000601	01534577
20230814000615	00965318
20230814000653	00572905
20230814000800	00115931
20230814001108	00340272
20230814001336	00184667
20230814001400	01335143
20230814001475	00158325
20230814001531	00961507
20230814001544	00260958
20230814001556	00549891
20230814001595	00365387
20230814001617	00366137
20230814001655	00106881
20230814001665	01042429
20230814001697	01110076
20230814001754	00372226
20230814001768	00263654
20230814001937	00373571
20230814001956	00356370
20230814002012	00579999
20230814002041	00606664
20230814002102	00188973
20230814002129	00130587
20230814002141	00155319
20230814002243	00340096
20230814002320	00174527
20230814002356	00975290
20230814002373	00111838
20230814002387	00149947
20230814002416	00120924
20230814002442	00242378
20230814002452	01436479
20230814002484	00120076
20230814002547	00475985
20230814002589	00266934
20230814002731	00187725
20230814002772	00113526
20230814002784	00120021
20230814002858	00238782
20230814002949	00363510
20230814002998	00258360
20230814003123	00259590
20230814003146	00113191
20230814003177	01222867
20230817000337	00363510
20230926000523	00139214
20231106000062	00513948
20231109000346	00115065
20231110000655	00362292
20231113000089	00778235
20231113000156	00132637
20231113000178	00161781
20231113000203	00533508
20231113000571	00154329
20231113000752	00161693
20231114000318	00503668
20231114000354	00404701
20231114000382	00228059
20231114000482	00221728
20231114000534	01325979
20231114000556	00616290
20231114000612	00139083
20231114000674	01436479
20231114000877	00113997
20231114000946	00184667
20231114000959	00378220
20231114001012	01003040
20231114001051	00407771
20231114001077	00545716
20231114001095	00110583
20231114001110	00143262
20231114001172	00133335
20231114001271	00232089
20231114001372	01130849
20231114001383	01042429
20231114001403	01416642
20231114001444	00628860
20231114001456	01351080
20231114001570	00145880
20231114001633	00191287
20231114001676	00138701
20231114001710	00109824
20231114001751	00755739
20231114001759	01187148
20231114001803	00373571
20231114001848	00122205
20231114001942	00180865
20231114001984	00585538
20231114001994	00471068
20231114002027	01222867
20231114002077	00161116
20231114002125	00123523
20231114002159	00117300
20231114002171	01497869
20231114002236	00117276
20231114002263	00230814
20231114002284	00164788
20231114002324	00177816
20231114002372	00469799
20231114002523	00111838
20231114002573	00628189
20231114002683	00565154
20231114002724	00130587
20231114002775	00595191
20231114002832	00103042
20231114002871	00102858
20231114003042	00199076
20231115000209	00138792
20231115000372	00554352
20231117000200	01031229
20231120000729	00813389
20231124000523	00349097
20231130001684	01353024
20240221002032	00159102
20240312000530	00533508
20240510000718	00453284
20240510001030	00526836
20240513000007	00301246
20240513000688	00449254
20240514000156	00117276
20240514000245	01067808
20240514000387	00915508
20240514000436	01700587
20240514000457	00102353
20240514000672	00380429
20240514000840	00132868
20240514000936	00349060
20240514001096	00995993
20240514001182	00361008
20240514001202	00231691
20240514001286	00152127
20240514001348	01546101
20240514001444	00161781
20240514001558	01437432
20240514001620	00112721
20240514001629	00407814
20240514001649	00389970
20240516000248	00258421
20240516000393	01398151
20240516000436	00173698
20240516000470	00516246
20240516000482	00220622
20240516000512	00352064
20240516000569	00150439
20240516000582	00442561
20240516000657	00112457
20240516000701	00317681
20240516000744	00109806
20240516000756	00111218
20240516000779	00303873
20240516000831	00641171
20240516000968	00384762
20240516001016	00765569
20240516001025	00159740
20240516001058	00136776
20240516001136	00109268
20240516001204	00456218
20240516001234	00123523
20240516001281	00192499
20240516001355	00175623
20240516001428	01234507
20240516001497	01368637
20240516001523	00242378
20240516001727	01035678
20240516001814	00180865
20240516001969	00412597
20240516001982	00146861
20240516001998	00591441
20240516002054	00377018
20240516002074	00130587
20240516002118	00143226
20240516002335	00683007
20240517000062	01207761
20240520000237	00384717
20240522000120	00607496
20240813000333	00808022
20240813000649	00668965
20240813001054	00121932
20240813001078	01256864
20240813001275	00375931
20240813001445	00407814
20240813001487	01283974
20240814000590	00370255
20240814000795	00109754
20240814000820	00876908
20240814000884	01596920
20240814000904	00651017
20240814001030	00142713
20240814001070	01112700
20240814001396	00888347
20240814001559	01175499
20240814001585	00121154
20240814001672	00266934
20240814001718	00106669
20240814001818	00378220
20240814002012	00693651
20240814002107	00577016
20240814002125	00167031
20240814002194	00131197
20240814002274	01351080
20240814002357	01423837
20240814002395	00990819
20240814002464	01042711
20240814002508	00497631
20240814002558	00150439
20240814002676	01398151
20240814002712	01077577
20240814002761	00490179
20240814002829	00539274
20240814002953	01587056
20240814003182	01456011
20240814003196	00120289
20240814003238	01381984
20240814003288	01150515
20240814003416	00152589
20240814003518	00392691
20240814003642	01497869
20240814003711	00350020
20240814003748	00191588
20240814003756	00366942
20240814003779	00485177
20240814003795	01230255
20240814003866	00652007
20240814003907	00516246
20240814003923	00362292
20240814003957	01105621
20240814004042	00111218
20240814004282	00574611
20240814004307	00296078
20240814004366	00449379
20240814004378	01368637
20240814004395	00389998
20240814004417	00113261
20240814004498	00535746
20240814004543	00160232
20240814004607	01110076
20240814004626	00609634
20240927000646	00117267
20241031000434	01110474
20241107000036	00867098
20241108000327	00122551
20241111000362	01412725
20241112000015	00492353
20241112000182	00695969
20241112000447	01256864
20241113000033	01407158
20241113000098	00249982
20241113000325	00148461
20241113000545	00679314
20241113000691	01025644
20241114000078	01175499
20241114000150	01110076
20241114000180	01139965
20241114000192	00117498
20241114000393	01232192
20241114000468	01706794
20241114000479	00128980
20241114000501	00819073
20241114000530	00147994
20241114000622	00107066
20241114000738	00121570
20241114000754	00222435
20241114000927	01190124
20241114000937	00878696
20241114000964	00821607
20241114001034	00132211
20241114001189	01284751
20241114001257	00526836
20241114001280	00657002
20241114001311	00397289
20241114001397	00303192
20241114001432	00547510
20241114001446	00384717
20241114001500	00146436
20241114001522	00532059
20241114001546	01022142
20241114001565	01075126
20241114001628	00112457
20241114001639	00153339
20241114001653	00485177
20241114001662	01194689
20241114001745	01587056
20241114001765	00471068
20241114001949	00104786
20241114002048	00667425
20241114002134	00608699
20241114002165	00609634
20241114002195	00540447
20241114002203	00444329
20241114002224	00574611
20241114002243	00446901
20241114002261	01035678
20241114002333	00681249
20241114002353	01546101
20241114002384	00614593
20241114002411	00587925
20241114002492	00120924
20241114002731	00533003
20241114002745	00426068
20241114002842	00103592
20241114002855	00494546
20241114002882	00131832
20241114002914	00145598
20241114002934	00791209
20241114002957	00102618
20241114002980	00227333
20241114003041	00583026
20241115000369	01256864
20241127000706	01583652
20241204000167	00542074
20241220000582	00605522
20241231000257	00101220
20250116000296	01022142
20250512000080	00225159
20250512000193	00524421
20250513000237	00983916
20250514000140	00137368
20250514000241	00260611
20250514000536	01032583
20250514000700	00453488
20250514000979	00136776
20250514001131	00380429
20250514001142	01020524
20250514001180	01150515
20250515000035	00369170
20250515000189	00552992
20250515000302	00340272
20250515000319	00596260
20250515000500	00609634
20250515000626	00164502
20250515000714	00249894
20250515001089	01175499
20250515001182	00259545
20250515001277	00490179
20250515001366	00121570
20250515001487	00556615
20250515001514	00256502
20250515001578	00500254
20250515001657	01416642
20250515001665	00169048
20250515001892	00412597
20250515001967	01258710
20250515001978	01181515
20250515002076	01139965
20250515002332	00173698
20250515002457	00426068
20250515002472	00629212
20250515002565	00108649
20250515002586	00675594
20250515002609	00350020
20250515002622	01299106
20250515002632	01201970
20250515002676	01147487
20250515002692	00681373
20250515002703	00896753
20250515002724	00157991
20250515002777	00148531
20250515002987	00402110
20250515003010	01207761
20250808000292	01583652
20250812000582	00356389
20250812000720	00813389
20250813000481	00410997
20250813000629	00625942
20250813000779	00911229
20250813001112	01584934
20250813001630	01358463
20250814000562	00104810
20250814000834	01032583
20250814000918	00118044
20250814000956	00959229
20250814001027	01022142
20250814001142	01335143
20250814001410	00132868
20250814001432	00787057
20250814001473	00145668
20250814001538	00128980
20250814001689	00350020
20250814001969	00175173
20250814002295	00618410
20250814002367	00144720
20250814002443	00412597
20250814002455	01201970
20250814002567	00169048
20250814002579	01025644
20250814002637	00571298
20250814002646	00141307
20250814002790	00371485
20250814002895	00109189
20250814002912	00614593
20250814003033	00105271
20250814003166	00755739
20250814003192	01602638
20250814003281	00624518
20250814003302	01157846
20250814003407	00526696
20250814003531	01179617
20250814003712	00367482
20250814003801	00219440
20250814003913	00415707
20250814003950	00317210
20250814003961	00186559
20250814003973	00317104
20250814004008	00132354
20250814004020	00814582
20250814004031	01259311
20250814004049	00440712
20250814004066	00369213
20250814004082	00240857
20250814004115	00660121
20250814004141	00309503
20250814004438	00363510
20250822000242	01175499
20250827000166	00959229
20250829001317	00426068
20251111000016	00442048
20251112000050	00534598
20251112000081	00225159
20251112000489	01090471
20251113000065	00260611
20251113000202	00625942
20251113000325	00139454
20251113000591	00380429
20251113000677	00158565
20251113000750	00138057
20251113000845	01275665
20251113000999	00269889
20251113001034	00159616
20251114000179	00442561
20251114000265	00206659
20251114000281	00108612
20251114000382	00132354
20251114000412	00108977
20251114000499	00390408
20251114000546	00346610
20251114000630	00373571
20251114000646	00243979
20251114000705	00142883
20251114000715	00228059
20251114000776	00596260
20251114000840	01203659
20251114001065	01354740
20251114001078	00664048
20251114001099	00174527
20251114001195	00112378
20251114001355	00117708
20251114001387	00872984
20251114001461	00356839
20251114001643	00985686
20251114001672	00351427
20251114001786	01020524
20251114001931	00141477
20251114001951	00147222
20251114001961	00141307
20251114001991	01429840
20251114002162	01069736
20251114002198	01325429
20251114002241	00406046
20251114002281	00877819
20251114002379	00139153
20251114002401	01305249
20251114002451	01423837
20251114002501	00103176
20251114002602	00232089
20251114002704	00265005
20251114002717	00121686
20251114002728	00440712
20251114002741	00240857
20251114002754	00413523
20251114002791	00112332
20251114002823	01038693
20251114002831	00642541
20251114002879	01601222
20251114002927	00108649
20251114003056	00120076
20251114003072	00870481
20251114003131	00361594
20251128001125	00816933
20251201000015	00528791
20251201000585	01335453
20251202000289	00528791
20251222000462	00631837
20260508000019	00260392
20260511000226	00540863
20260512000155	00362292
20260514000350	00364467
20260514000899	00624998
20260514001032	01250374
20260514001094	00371740
20260514001114	01023318
20260514001185	00994994
20260515000263	00445841
20260515000461	01309388
20260515000505	00351427
20260515000857	00347062
20260515000932	00373571
20260515000945	00112378
20260515001069	00554352
20260515001200	00488402
20260515001304	01047840
20260515001324	01259311
20260515001337	00297448
20260515001352	00651017
20260515001364	00178754
20260515001427	01336762
20260515001457	00667425
20260515001556	00540447
20260515001683	00373021
20260515001693	01135640
20260515001722	00300405
20260515001749	00936787
20260515001838	00298377
20260515001901	00121534
20260515002066	00614593
20260515002177	00297989
20260515002192	00350020
20260515002255	00961774
20260515002302	00687711
20260515002373	00664853
20260515002518	00120924
20260515002543	00488244
20260515002784	01577952
20260515002858	01038693
20260515002881	00180795
20260731000722	01700587
20260812000027	01585155
20260813000443	00404288
20260813001177	00163716
20260813001195	00138057
20260813001435	00983916
20260813001653	00172185
20260813001755	00373447
20260814000473	00485177
20260814000872	00246620
20260814000941	00643656
20260814001016	00595182
20260814001214	01397903
20260814001817	00651017
20260814001982	00843900
20260814002039	01242241
20260814002171	00216498
20260814002271	01217014
20260814002341	00462121
20260814002498	01405390
20260814002545	00110431
20260814002615	01246034
20260814002716	00426068
20260814002847	01554508
20260814003102	00116426
20260814003281	00949161
20260814003373	00152589
20260814003577	00541349
20260814004060	01118281
20260814004111	00232007
20260814004161	00533924
20260819000118	00365457
20140515001721	00679314
20140515001837	00828789
20140516000448	00197759
20140519000218	00113207
20140521000181	00657987
20140522000068	00249247
20140523000067	00252135
20140523000228	00351579
20140526000087	00156354
20140527000219	00287788
20140527000321	00493510
20140528000015	00148920
20140528000423	00199076
20140529000047	00530185
20140529000160	00163318
20140529000235	00103662
20140529000291	00357360
20140529000391	00494218
20140529000433	00472890
20140529000475	00149804
20140529000515	00216762
20140529000548	00113243
20140529000571	00318316
20140529000645	00259590
20140529000716	00219848
20140529000781	00137252
20140530000051	00405959
20140530000114	00112457
20140530000192	00242934
20140530000258	00172291
20140530000378	00126487
20140530000395	00188973
20140530000418	00528515
20140530000434	00357430
20140530000460	00576789
20140530000520	00192499
20140530000546	00110431
20140530000607	00269922
20140530000628	00104999
20140530000665	00152729
20140530000730	00143527
20140530000811	00580667
20140530000878	00264255
20140530000926	00629212
20140530000944	00265005
20140530000990	00116824
20140530001012	00160843
20140530001038	00253985
20140530001213	00471068
20140530001254	00318662
20140530001301	00365590
20140530001341	00141246
20140530001361	00273110
20140530001390	00153861
20140530001470	00138701
20140530001544	00146232
20140530001831	00107066
20140530001902	00384717
20140530001950	00127954
20140530002036	00145552
20140530002115	00385415
20140602000409	00242712
20140627000038	00626464
20140805000199	00140946
20140811000475	00365457
20140812000087	00527491
20140813000246	00568188
20140813000481	00361008
20140814000019	00117276
20140814000045	00606293
20140814000104	00353762
20140814000228	00250997
20140814000250	00204226
20140814000273	00353610
20140814000358	00390903
20140814000382	00407771
20140814000404	00141671
20140814000438	00261009
20140814000469	00552859
20140814000484	00369213
20140814000555	00108241
20140814000583	00409964
20140814000630	00161976
20140814000748	00616290
20140814000887	00842619
20140814000909	00108746
20140814000952	00137289
20140814000992	00113207
20140814001084	00403632
20140814001295	00567222
20140814001384	00138190
20140814001448	00535746
20140814001475	00126414
20140814001574	00131832
20140818000007	00397252
20140818000223	00258689
20140822000091	00349060
20140826000084	00516246
20140826000320	00104786
20140827000109	00528515
20140827000256	00146542
20140827000366	00378363
20140828000167	00128032
20140828000189	00135795
20140828000226	00158015
20140828000366	00110608
20140828000391	00228059
20140828000498	00104810
20140828000603	00488989
20140828000684	00108490
20140829000125	00136004
20140829000214	00490151
20140829000319	00608699
20140829000364	00728638
20140829000410	00318316
20140829000433	00267854
20140829000661	00181943
20140829000738	00384717
20140829000767	00357430
20140829000824	00540641
20140829000912	00531917
20140829000975	00264255
20140829001015	00122579
20140829001035	00130408
20140829001058	00216647
20140829001161	00297989
20140829001186	00187415
20140829001213	00159218
20140829001243	00360595
20140829001290	00293886
20140829001315	00102618
20140829001344	00129615
20140829001370	00265005
20140829001501	00149947
20140829001525	00231044
20140829001632	00107066
20140829001698	00591441
20140829001736	00273420
20140829001924	00231372
20140829001995	00163691
20140829002066	00158024
20140829002104	00165680
20140904000251	00614593
20141031001905	00191588
20141107000017	00573269
20141110000109	00480367
20141111000086	00606770
20141113000482	00407771
20141113000548	00161046
20141114000110	00131850
20141114000149	00244561
20141114000183	00645089
20141114000250	00536541
20141114000271	00121570
20141114000303	00139685
20141114000356	00353610
20141114000395	00109037
20141114000417	00442561
20141114000455	00405719
20141114000519	00111458
20141114000575	00109268
20141114000651	00305668
20141114000687	00328191
20141114000698	00980122
20141114000720	00159698
20141114000836	00255433
20141114000870	00155948
20141114000960	00371740
20141114000975	00139889
20141114001011	00172079
20141114001046	00122472
20141114001120	00266961
20141114001166	00109189
20141114001188	00160047
20141114001260	00112378
20141114001304	00910840
20141114001326	00129679
20141114001373	00106641
20141114001390	00616290
20141114001405	00706715
20141114001450	00369170
20141114001509	00406046
20141114001564	00152385
20141114001616	00115612
20141114001654	00113207
20141114001672	00623184
20141117000117	00370200
20141118000110	00596677
20141119000259	00571483
20141121000013	00269612
20141121000116	00110583
20141124000293	00105040
20141125000098	00222435
20141125000302	00232089
20141125000403	00447502
20141126000098	00108490
20141126000179	00679314
20141126000258	00123523
20141126000347	00120924
20141127000045	00276834
20141127000195	00199988
20141127000256	00256715
20141127000323	00231442
20141127000508	00516246
20141127000575	00348292
20141128000053	00468374
20141128000162	00117708
20141128000249	00693651
20141128000301	00172291
20141128000353	00728638
20141128000482	00133876
20141128000541	00110608
20141128000705	00469799
20141128000791	00121288
20141128000823	00188973
20141128000932	00173449
20141128000974	00261373
20141128001038	00143907
20141128001248	00298270
20141128001286	00161976
20141128001334	00101044
20141128001391	00261957
20141128001413	00807397
20141128001446	00407814
20141128001473	00103662
20141128001516	00526836
20141128001575	00445160
20141128001714	00162063
20141128001742	00293886
20141128001767	00219848
20141128001783	00102618
20141128001837	00390860
20141128001886	00163691
20141128001912	00442835
20141128001938	00117337
20141201000027	00357430
20141201000143	00367695
20141201000190	00297989
20141201000262	00155452
20141201000346	00365624
20141201000369	00157636
20141201000400	00674498
20141201000441	00791209
20141201000467	00153861
20141201000511	00612188
20141201000592	00105156
20141201000645	00159573
20141201000777	00632304
20141201000796	00475985
20141201000834	00180795
20141201000885	00335076
20141201000915	00125530
20141201000950	00139083
20141201000980	00108649
20141202000283	00160588
20141205000369	00310156
20141212000647	00456218
20150128000129	00155373
20150508001392	00122472
20150512002152	00573269
20150513001533	00155258
20150513001802	00413523
20150514001816	01032404
20150514002228	00167192
20150514002463	00480367
20150514002818	00256715
20150514003767	00442826
20150514004188	00440712
20150514004390	00124151
20150514004583	00415707
20150514004877	00415594
20150514005021	00803425
20150514005237	00134176
20150514005291	00974927
20150515000080	00540863
20150515000124	00205003
20150515000241	00112165
20150515000273	00447760
20150515000289	00159698
20150515000344	00135999
20150515000372	00199988
20150515000457	00141389
20150515000468	00118026
20150515000501	00159786
20150515000525	00138260
20150515000541	00445799
20150515000556	00163318
20150515000582	00241209
20150515000594	00614478
20150515000630	00108490
20150515000650	00488989
20150515000679	00260392
20150515000703	00145446
20150515000715	00576789
20150515000787	00360595
20150515000833	00171867
20150515000855	00132211
20150515000927	00240857
20150515000958	00152385
20150515001079	00210980
20150515001111	00119195
20150515001128	00103006
20150515001155	00363592
20150515001179	00447487
20150515001214	00125150
20150515001347	00206039
20150515001359	00666064
20150515001374	00694942
20150515001469	00148522
20150515001555	00442145
20150515001570	00482426
20150515001589	00606293
20150515001614	00150633
20150515001627	00158316
20150515001689	00475718
20150515001703	00149655
20150515001747	00151128
20150515001761	00144243
20150515001778	00140168
20150515001790	00228350
20150515001814	00414850
20150515001839	00226866
20150515001874	00204208
20150515001920	00252135
20150515001939	00139719
20150515001958	00180795
20150515001977	00379229
20150515002019	00397289
20150515002031	00125743
20150515002049	00540605
20150515002063	00235183
20150515002098	00310156
20150515002120	00148896
20150515002135	00108746
20150515002150	00120030
20150515002186	00163673
20150515002243	00149947
20150515002287	00552859
20150515002304	00109693
20150515002417	00106623
20150515002473	00800145
20150515002496	00190756
20150515002527	00937324
20150515002541	00163114
20150515002565	00160588
20150515002619	00389970
20150515002661	00186452
20150515002777	00483735
20150515002872	00365590
20150518000291	00177816
20150529000278	00146436
20150529000855	00842585
20150601000841	00919966
20150601001027	00939942
20150810000461	00363510
20150811000105	00578538
20150811000267	00138792
20150812000056	00258360
20150812000408	00164779
20150813000042	00385415
20150813000085	00287788
20150813000133	00128546
20150813000256	00112651
20150813000306	00128980
20150813000370	00117230
20150813000491	00545716
20150813000544	00157991
20150813000561	00260408
20150813000590	00308896
20150813000658	00347716
20150813000744	00148896
20150813000773	00309503
20150813000789	00120182
20150813000805	00120030
20150813000893	00159698
20150813000963	00613318
20150813000993	00508344
20150813001044	00606664
20150813001101	00267854
20150813001177	00574611
20150813001204	00186452
20150813001221	00263654
20150813001234	00139719
20150813001250	00614593
20150813001265	00442145
20150813001328	00587466
20150813001359	00552859
20150813001371	00162461
20150813001390	00131832
20150813001454	00580056
20150813001478	00216647
20150813001490	00643656
20150817000006	00258421
20150817000028	00135999
20150817000193	00110608
20150817000232	00550994
20150817000284	00295857
20150817000311	00112022
20150817000327	00121154
20150817000339	00531917
20150817000401	00130763
20150817000443	00529815
20150817000457	00241209
20150817000471	00128111
20150817000497	00114093
20150817000523	00370255
20150817000540	00177199
20150817000599	00216762
20150817000609	00110431
20150817000626	00151128
20150817000659	00119195
20150817000717	00260569
20150817000773	00128175
20150817000787	00104768
20150817000829	00305668
20150817000926	00157636
20150817000944	00102432
20150817000975	00397289
20150817000988	00454937
20150817001002	00803425
20150817001023	00160302
20150817001109	00506294
20150817001124	00525679
20150817001167	00192499
20150817001191	00265324
20150817001220	00367604
20150817001231	00163716
20150817001262	00268002
20150817001304	00258102
20150817001354	00373021
20150817001410	00303703
20150817001429	00132804
20150817001492	00402110
20150817001506	00159102
20150817001607	00117577
20150817001639	00204226
20150817001732	00142713
20150817001782	00679314
20150818000165	00126414
20150821000216	00543107
20150826000112	00842585
20150828000840	00896753
20150831001475	00113261
20150917000049	00145880
20151104000174	00612294
20151109000218	00525934
20151111000104	00529815
20151112000021	00128546
20151112000315	00480048
20151112000350	00160843
20151112000376	00362238
20151112000445	00643656
20151113000075	00666064
20151113000089	00127936
20151113000195	00149770
20151113000253	00145446
20151113000274	00369657
20151113000290	00406727
20151113000303	00163318
20151113000325	00303192
20151113000339	00629212
20151113000354	00128412
20151113000380	00167192
20151113000434	00242934
20151113000457	00155212
20151113000477	00470829
20151113000539	00139719
20151113000555	00409964
20151113000574	00240857
20151113000680	00371740
20151113000709	00136925
20151113000722	00173102
20151113000751	00857480
20151113000769	00216027
20151113000852	00571483
20151113000911	00466428
20151113000949	00121941
20151113000965	00795135
20151113000981	00363510
20151113001029	00309503
20151113001074	00216498
20151113001130	00220109
20151113001147	00103176
20151116000020	00238001
20151116000040	00300405
20151116000062	00303396
20151116000083	01047169
20151116000092	00113128
20151116000134	00358271
20151116000150	00127857
20151116000165	00370255
20151116000179	00136004
20151116000199	00128980
20151116000217	00406329
20151116000275	00112022
20151116000326	00156895
20151116000337	00108490
20151116000433	00352499
20151116000445	00145109
20151116000456	00259545
20151116000481	00372873
20151116000526	00137359
20151116000545	00359623
20151116000588	00159740
20151116000610	00102618
20151116000646	00513948
20151116000671	00112165
20151116000680	00423177
20151116000692	00540605
20151116000717	00176914
20151116000740	00249441
20151116000754	00144252
20151116000768	00440712
20151116000829	00365457
20151116000843	00124504
20151116000910	00265421
20151116000947	00104768
20151116000972	00241209
20151116001002	00305668
20151116001031	00617314
20151116001076	00117337
20151116001101	00356361
20151116001121	00122205
20151116001133	00653194
20151116001147	00122579
20151116001158	00105271
20151116001222	00163114
20151116001240	00118275
20151116001255	00149026
20151116001274	00683469
20151116001298	00140168
20151116001333	00104573
20151116001378	00126362
20151116001391	00351579
20151116001406	00287788
20151116001441	00164742
20151116001469	00365590
20151116001499	00158501
20151116001513	00123772
20151116001533	00390860
20151116001580	00132804
20151116001633	00143314
20151116001656	00141556
20151116001675	00165680
20151116001718	00120562
20151116001769	00139834
20151116001875	00139685
20151120000371	00136776
20151125000247	00242934
20151130000660	00565154
20151130001085	00620558
20151130001395	00663669
20151204000368	00980122
20151209000045	00128546
20160215000259	00144818
20160215000354	00122205
20160426000698	00542898
20160504001219	00365457
20160511000148	00643656
20160511001559	00249247
20160512000784	00269889
20160512001547	00241209
20160512002393	00527491
20160513000248	00185222
20160513000565	00447928
20160513001154	00148920
20160513001511	00728638
20160513001681	00406727
20160513002032	00110608
20160513002185	00492353
20160513002337	00118026
20160513002477	00156910
20160513003142	00155452
20160513003320	00158963
20160513003554	00298270
20160513003608	00489243
20160513003935	00409964
20160513004280	00223434
20160513004390	00974927
20160513004550	00545929
20160513004644	00140955
20160513004766	00138701
20160513004854	00625942
20160513004994	00608802
20160513005274	00117276
20160513005313	00105606
20160513005347	00555874
20160513005403	00533191
20160513005480	00624998
20160516000217	00415628
20160516000332	00899459
20160516000511	00331016
20160516000586	00108746
20160516000636	00370918
20160516000777	00296263
20160516000950	00535676
20160516001078	00228350
20160516001138	00109268
20160516001240	00349811
20160516001298	00158565
20160516001388	00101628
20160516001414	00209780
20160516001511	00592653
20160516001535	00438036
20160516001562	00317487
20160516001625	00108135
20160516001638	00228059
20160516001702	00146427
20160516001720	00370200
20160516001792	00158149
20160516001845	00139719
20160516001900	00111689
20160516001975	00336817
20160516001994	00143226
20160516002023	00350020
20160516002070	00488989
20160516002085	00364467
20160516002120	00137058
20160516002177	00108038
20160516002197	00623661
20160516002210	00119195
20160516002267	00204262
20160516002321	00363246
20160516002336	00359623
20160516002362	00309503
20160516002375	00140168
20160516002461	01042775
20160516002580	01008762
20160516002650	00190321
20160516002692	00147222
20160516002745	00138279
20160516002806	00120924
20160516002826	00178790
20160516002846	00114093
20160516002891	00130772
20160516003013	00150633
20160516003035	00390860
20160516003053	00232007
20160516003081	00239639
20160516003099	00146269
20160516003122	00139685
20160516003158	00124197
20160516003181	00117708
20160516003198	00131780
20160516003214	00244747
20160516003254	00145880
20160516003270	00106313
20160516003336	00105271
20160516003353	00173591
20160516003382	00492894
20160516003443	00287812
20160516003517	00105101
20160516003543	00347716
20160516003610	00163691
20160516003635	00111810
20160516003738	00360595
20160516003821	00162072
20160527000301	00160302
20160530000764	00365387
20160804000126	00225159
20160809000029	00255433
20160810000068	00587457
20160810000470	00118026
20160811000043	00265041
20160811000169	00167004
20160811000440	00490151
20160812000136	00369657
20160812000214	00260392
20160812000317	00163318
20160812000351	00206659
20160812000464	00133812
20160812000516	00145163
20160812000611	00260408
20160812000637	00111689
20160812000751	00503668
20160812000785	00139719
20160812000917	00128980
20160812000929	00910840
20160812000943	00612294
20160812000961	00466428
20160812000994	00298270
20160812001057	00318316
20160812001099	00623184
20160812001127	00125725
20160812001161	00231691
20160812001227	00158219
20160812001268	00666064
20160812001373	00445841
20160812001395	00693651
20160812001409	00389998
20160816000080	00370255
20160816000100	00238001
20160816000128	00306162
20160816000220	00128412
20160816000255	00660121
20160816000281	00454399
20160816000305	00203582
20160816000406	00115612
20160816000615	00264547
20160816000727	00145190
20160816000753	00157681
20160816000790	00687711
20160816000828	00540641
20160816000879	00317487
20160816000955	00389110
20160816001007	00447609
20160816001045	00445160
20160816001111	00361008
20160816001119	00102858
20160816001130	00140955
20160816001147	00861997
20160816001156	00489243
20160816001176	00118275
20160816001251	00112721
20160816001268	00178851
20160816001280	00138260
20160816001294	01031502
20160816001319	00445054
20160816001360	00242712
20160816001406	00186559
20160816001415	00617314
20160816001444	00141477
20160816001454	00372882
20160816001466	00616290
20160816001500	00599957
20160816001513	00665676
20160816001550	00265421
20160816001569	00919966
20160816001582	00172945
20160816001595	00404288
20160816001623	00373021
20160816001647	00350020
20160816001661	00261285
20160816001683	00164779
20160816001710	00159616
20160816001796	00350312
20160816001843	00240857
20160816001886	00105138
20160816001899	00126362
20160816001913	00384717
20160816001972	00163114
20160816001988	00159102
20160816001999	00147860
20160816002039	00177816
20160816002056	00357935
20160816002079	00266961
20160816002137	00162461
20160816002154	00142713
20160816002168	00815095
20160816002185	00525864
20160816002206	00814786
20160816002237	00679314
20160816002296	00112378
20160817000176	00128315
20160826000277	00888347
20160829000437	00923792
20160923000452	00113526
20161031000022	00140061
20161104000493	00121039
20161109000043	00225159
20161110000251	00220622
20161110000352	00471068
20161111000091	00242934
20161111000184	00249982
20161111000208	00350482
20161111000263	00155212
20161111000292	00108001
20161111000372	00158963
20161111000390	00367604
20161111000411	00266952
20161111000441	00579999
20161111000455	00302582
20161111000476	00788737
20161111000512	00809429
20161111000537	00330424
20161111000625	01047451
20161111000644	00939331
20161111000675	00508274
20161111000698	00666064
20161111000773	00161046
20161111000795	00128546
20161114000183	00221728
20161114000291	00389970
20161114000320	00201432
20161114000357	00165060
20161114000372	00267906
20161114000430	00172185
20161114000442	00258689
20161114000487	00543204
20161114000498	00185222
20161114000510	01071944
20161114000573	00925189
20161114000592	00141671
20161114000609	00258421
20161114000646	00871833
20161114000669	00330044
20161114000715	00361594
20161114000735	00540863
20161114000750	00103510
20161114000810	00108135
20161114000857	00102113
20161114000872	00132868
20161114000932	00483735
20161114000963	00470829
20161114000976	00239514
20161114001005	00154329
20161114001018	00119195
20161114001027	00503668
20161114001051	00134565
20161114001094	00363927
20161114001177	00363592
20161114001195	00363510
20161114001214	01049422
20161114001226	00138260
20161114001250	00171265
20161114001268	00142713
20161114001281	00390408
20161114001312	00568188
20161114001325	00638487
20161114001335	00139719
20161114001345	00660033
20161114001358	00442835
20161114001385	00539274
20161114001393	00371740
20161114001431	00416414
20161114001441	00372882
20161114001477	00117708
20161114001504	00258360
20161114001575	00130383
20161114001682	00628189
20161114001695	00442145
20161114001782	00188089
20161114001796	00261957
20161114001813	00108649
20161114001825	00178754
20161114001873	00613318
20161114001944	00155276
20161114001989	00428321
20161114002002	00164742
20161114002020	00360142
20161114002055	00104537
20161114002107	00103644
20161114002129	00145880
20161114002138	00107613
20161114002192	00366942
20161114002229	00109693
20161114002251	00138792
20161114002272	00205687
20161114002287	00573579
20161114002314	00164812
20161114002375	00130763
20161114002416	00163512
20161114002429	00125725
20161114002460	00164830
20161114002476	00367695
20161114002491	00442561
20161114002510	00143527
20161114002566	00103042
20161114002587	00983271
20161114002605	00120289
20161114002627	00468374
20161115000059	01021949
20161117000133	00158501
20161125000373	00917861
20161128000280	00124805
20161129000216	00260745
20161129000433	00670340
20161129000538	00923826
20170213000157	00154718
20170214000469	00145914
20170508002641	00695969
20170510000265	00997812
20170511001179	00572905
20170511001876	00199076
20170511004422	00111704
20170512003377	00164502
20170512003734	00925189
20170512004207	00390408
20170512004347	00571483
20170512004425	00353878
20170512004603	00249982
20170512004678	00542074
20170512004846	00216762
20170512004914	00302582
20170512005344	00466428
20170512005481	00232089
20170512005645	00266952
20170512005694	00109754
20170512005756	00377018
20170512005994	00162993
20170512006105	00152127
20170512006246	00583026
20170512006458	00223434
20170515000292	00642541
20170515000357	00164645
20170515000423	00191588
20170515000459	00767628
20170515000620	00667425
20170515000760	00620868
20170515000835	00201733
20170515000988	00535676
20170515001113	00356389
20170515001322	00267906
20170515001620	00480048
20170515001714	00612489
20170515001739	00105299
20170515001769	00127857
20170515002011	00112457
20170515002241	00360595
20170515002275	00242378
20170515002323	00133663
20170515002397	01047707
20170515002460	00595191
20170515002500	00141556
20170515002530	00447487
20170515002562	01099861
20170515002601	00108241
20170515002698	00121969
20170515002735	00130408
20170515002781	00519252
20170515002830	00150165
20170515002865	00134565
20170515002885	00114154
20170515002945	00803425
20170515002964	00149947
20170515003010	00228350
20170515003079	00151128
20170515003110	00149804
20170515003164	00103006
20170515003195	00141477
20170515003258	00147222
20170515003294	00140177
20170515003315	00526696
20170515003358	00136925
20170515003377	00120289
20170515003399	00206039
20170515003456	00350020
20170515003479	00425351
20170515003508	00413417
20170515003565	00147772
20170515003589	00260879
20170515003648	00608699
20170515003701	00447760
20170515003725	00606293
20170515003931	00126371
20170515003944	00994994
20170515003995	00176914
20170515004014	00242712
20170515004059	00795135
20170515004109	00180795
20170515004146	00128607
20170515004178	00440712
20170515004197	00164742
20170515004244	00657987
20170515004330	00126089
20170515004348	00138701
20170515004380	00103130
20170515004395	00808022
20170515004430	00172185
20170515004511	00195229
20170515004554	00234227
20170515004603	00105101
20170515004622	00146296
20170515004664	00983271
20170515004743	00146649
20170515004842	00681249
20170515004857	00134176
20170515004884	00203290
20170515004942	00120562
20170517000055	00119672
20170518000248	00579139
20170526000570	01157235
20170530000475	01061497
20170807000203	00991191
20170811000043	00404701
20170811000095	00205003
20170811000245	00612294
20170811000479	00159786
20170811000717	00155452
20170811000866	00852087
20170811000931	00349811
20170811001152	00120030
20170811001186	00125974
20170811001203	00243757
20170814000239	00173795
20170814000312	00869272
20170814000388	00157991
20170814000449	00336297
20170814000488	00140779
20170814000545	00144243
20170814000583	00199076
20170814000618	00409788
20170814000644	00447928
20170814000726	00153126
20170814000748	00494218
20170814000773	00168401
20170814000829	00133876
20170814000846	00105299
20170814000858	00612489
20170814000873	00373571
20170814000886	00116408
20170814000900	00307222
20170814000982	00620558
20170814001058	00306162
20170814001068	00646732
20170814001227	00136776
20170814001252	00336817
20170814001267	00186559
20170814001279	00356361
20170814001290	00608699
20170814001379	00413523
20170814001433	00129271
20170814001487	01003040
20170814001586	00227333
20170814001682	00126362
20170814001752	00296078
20170814001778	00303873
20170814001852	00190321
20170814001932	00389998
20170814001946	00150633
20170814001994	00258102
20170814002099	00111810
20170814002162	00115676
20170814002338	00904672
20170814002359	00149947
20170814002419	00219848
20170817000040	00427483
20170829000033	00527464
20171103000070	01063884
20171107000164	00108746
20171110000053	00137368
20171110000403	00463342
20171110000621	00925295
20171113000033	00129420
20171113000341	00112651
20171113000514	00439965
20171113000559	00527491
20171113000588	00101044
20171113000663	00140946
20171113000801	00136776
20171114000012	01071944
20171114000093	00148531
20171114000344	00379229
20171114000438	00397058
20171114000448	00122551
20171114000486	00235183
20171114000521	00133876
20171114000572	00994994
20171114000640	00117300
20171114000656	00807397
20171114000698	00445799
20171114000735	00143226
20171114000861	00125150
20171114000877	00317681
20171114000918	00608839
20171114001096	00336297
20171114001129	00128111
20171114001148	00308559
20171114001189	00246620
20171114001201	01043853
20171114001232	01032486
20171114001330	00128175
20171114001345	00373571
20171114001400	00260657
20171114001415	00413523
20171114001448	00362858
20171114001484	00166272
20171114001536	00925189
20171114001661	00293886
20171114001707	00147222
20171114001738	01003040
20171114001754	00164636
20171114001801	00104698
20171114001879	00297448
20171114001969	00759513
20171114002107	00105855
20171114002199	00122205
20171114002215	00371485
20171114002244	00158307
20171114002284	00407814
20171114002297	00111218
20171114002330	00239639
20171114002432	00160843
20171114002477	00117188
20171114002520	00105101
20171114002613	00106313
20171114002693	00155948
20171114002727	00243979
20171117000466	00296290
20171124000549	01061497
20171128000128	00177816
20171129000091	01020843
20171129000918	00107987
20171129001078	00554352
20180214000723	00103644
20180510000461	00807555
20180510002967	01014055
20180511005269	00389998
20180514000376	00117276
20180514001980	00869272
20180514004909	00148531
20180514005008	00415594
20180514005120	00527491
20180514005785	00298270
20180514005924	00259545
20180515000128	00165060
20180515000217	00409681
20180515000250	00297989
20180515000423	00108135
20180515000452	00258689
20180515000477	00147772
20180515000561	00159786
20180515000588	00888347
20180515000787	00138242
20180515000841	00148993
20180515000933	00129642
20180515001019	00156354
20180515001066	00256715
20180515001132	00867478
20180515001142	00172680
20180515001324	00133812
20180515001348	00403632
20180515001373	00145862
20180515001421	00472890
20180515001448	01032486
20180515001504	00113234
20180515001644	00470829
20180515001663	00536541
20180515001675	00136086
20180515001699	00126380
20180515001811	00445160
20180515001879	00155692
20180515001989	00246620
20180515002008	00148540
20180515002043	00356839
20180515002193	00657987
20180515002247	00117212
20180515002398	00573579
20180515002427	00261957
20180515002438	00109693
20180515002453	00131832
20180515002466	00159254
20180515002490	00163673
20180515002525	00138190
20180515002583	00820352
20180515002635	00111810
20180515002668	00146649
20180530000389	01058101
20180813000362	00260408
20180813000387	00173698
20180813000669	00104810
20180814000010	00117601
20180814000125	00305297
20180814000186	00429694
20180814000295	00165060
20180814000454	00158565
20180814000478	00259545
20180814000539	00160621
20180814000588	00116301
20180814000787	00129271
20180814000826	00105299
20180814000838	00128980
20180814000971	00301246
20180814001055	00366845
20180814001095	00526951
20180814001146	00362292
20180814001282	00349811
20180814001307	00363592
20180814001319	00260745
20180814001354	00405959
20180814001367	00330424
20180814001382	00126371
20180814001394	00203290
20180814001418	00138057
20180814001466	00347062
20180814001477	00153375
20180814001486	00120571
20180814001583	00795135
20180814001594	00299002
20180814001602	00127255
20180814001612	00536329
20180814001642	00111722
20180814001677	00423690
20180814001690	00124090
20180814001720	00112721
20180814001732	00454946
20180814001745	00136165
20180814001781	00642541
20180814001944	00628860
20180814001959	00124197
20180814001970	00663669
20180814001982	00261285
20180814002051	00620868
20180814002065	00526696
20180814002120	00159616
20180814002145	00145914
20180814002181	00990165
20180814002230	00230036
20180814002264	00162993
20180814002302	00993931
20180814002315	00163196
20180814002326	00169048
20180814002367	00530413
20180814002382	00297448
20180814002428	00828789
20180814002440	00608802
20180814002465	00111704
20180814002492	00125725
20180814002511	00118266
20180814002547	00121543
20180814002583	00140946
20180814002629	00126478
20180814002672	00263654
20180814002685	00106641
20180814002698	00103176
20180814002752	00674498
20180814002784	00173874
20180814002795	01031502
20180814002807	00541437
20180814002878	01205709
20180814002941	00155124
20180814002962	00161693
20180829000006	00527464
20180829000138	00145862
20180829000583	01157235
20181106000173	00632793
20181109000405	00551920
20181112000156	00542074
20181112000259	00508344
20181112000443	00410915
20181113000022	00260392
20181113000047	00105040
20181113000094	00225159
20181113000124	01078178
20181113000207	00535481
20181113000260	00269612
20181113000295	01077577
20181113000432	00527491
20181113000566	00432102
20181113000587	00249982
20181113000655	00136165
20181113000695	00378363
20181113000800	00526836
20181114000008	00490151
20181114000021	00814786
20181114000086	00688358
20181114000135	00220057
20181114000226	00327396
20181114000308	00540447
20181114000339	00126487
20181114000351	01011438
20181114000389	00147994
20181114000458	00447007
20181114000532	00112332
20181114000632	00118804
20181114000743	00985686
20181114000790	00131504
20181114000890	00296005
20181114000913	00247975
20181114000928	00631518
20181114000950	00141529
20181114000979	00687711
20181114001146	00166519
20181114001179	00113225
20181114001206	00260930
20181114001219	00577016
20181114001233	00147222
20181114001260	00303794
20181114001312	00305668
20181114001363	00130383
20181114001373	00120076
20181114001391	01042429
20181114001458	00130408
20181114001470	00188089
20181114001524	00148364
20181114001538	00146232
20181114001621	01047415
20181114001647	00103510
20181114001670	01049422
20181114001684	00385336
20181114001701	00385415
20181114001718	00492353
20181114001730	00114792
20181114001746	00118266
20181114001766	00111193
20181114001835	00127255
20181114001846	00808068
20181114001860	00172185
20181114001884	00155692
20181114001911	00219097
20181114001935	00246620
20181114001944	00148939
20181114001981	00938721
20181114001992	00192499
20181114002026	00266961
20181114002131	00317210
20181114002160	00163673
20181114002198	00115694
20181114002213	00350020
20181114002241	00127954
20181114002266	01187148
20181114002322	00140964
20181114002340	00990165
20181114002354	00413046
20181114002370	00141477
20181114002394	00613318
20181114002484	00348034
20181114002497	00120924
20181114002573	00106641
20181114002620	00125150
20181114002634	00128555
20181114002699	00843900
20181114002733	00146649
20181114002764	00105138
20181114002786	00983040
20181114002819	00405959
20181114002877	00115676
20181116000190	00242934
20181119000236	00610083
20181128000091	00143262
20181129000136	00963976
20181129000731	00367695
20181206000088	00536541
20190214000779	00122205
20190509000014	00838005
20190509000396	01074862
20190510000239	00105040
20190513000533	00870481
20190514000042	00763473
20190514000247	00398668
20190514001052	00108649
20190515000084	00103015
20190515000110	00549891
20190515000125	00170026
20190515000159	00540447
20190515000181	00126089
20190515000203	00126487
20190515000430	00583026
20190515000439	00264547
20190515000533	00116408
20190515000545	00168331
20190515000776	00828789
20190515000808	01124680
20190515000842	00359395
20190515000861	00110583
20190515000880	00145260
20190515000891	00513948
20190515000927	00572905
20190515001047	00369213
20190515001100	00475718
20190515001182	00418379
20190515001198	00369170
20190515001210	00124197
20190515001222	00663669
20190515001243	00533508
20190515001466	00102353
20190515001572	00139153
20190515001601	00372226
20190515001612	00442048
20190515001666	01075126
20190515001715	00463342
20190515001742	00117027
20190515001795	00131896
20190515001819	01047169
20190515001958	00537337
20190515002047	00675594
20190515002060	00153126
20190515002077	00596260
20190515002124	00442826
20190515002148	00124780
20190515002186	00579139
20190515002200	00397252
20190515002213	00159218
20190515002228	00122825
20190515002268	00261285
20190515002280	00167208
20190515002444	00246620
20190515002473	00117188
20190515002505	00115676
20190515002589	00105952
20190515002630	00161693
20190515002661	00171265
20190515002707	01205709
20190517000388	00492894
20190614000350	00872984
20190812000238	00225159
20190812000295	00260408
20190813000572	00364740
20190814000167	00351630
20190814000329	00115065
20190814000372	00267906
20190814000454	00260745
20190814000505	00788737
20190814000621	00404701
20190814000650	00447928
20190814000747	00307222
20190814000760	00258689
20190814000812	00540447
20190814000896	00136004
20190814000908	00843900
20190814000928	00556615
20190814000938	00148610
20190814001259	00123541
20190814001281	00576789
20190814001309	00145190
20190814001320	00111704
20190814001399	00152127
20190814001481	00536888
20190814001527	00149804
20190814001547	00788773
20190814001617	00406046
20190814001639	00606664
20190814001706	00123523
20190814001717	00508344
20190814001725	00103176
20190814001790	00108001
20190814001804	00369569
20190814001830	00123772
20190814001878	00113191
20190814001934	00101628
20190814001953	00852087
20190814001984	00402110
20190814002017	01109715
20190814002098	00487546
20190814002146	00171265
20190814002231	00513948
20190814002371	00148522
20190814002380	00115287
20190814002421	00127954
20190814002521	00194947
20190814002550	01256864
20190814002574	01049422
20190814002612	00131832
20190814002640	00552992
20190814002672	00475718
20190814002718	01168383
20190814002762	00447502
20190814002887	00160047
20190814002919	00298377
20190814002992	00264671
20190826000299	00111838
20191108000505	00318662
20191111000191	01047451
20191112000002	00626464
20191113000030	01144569
20191113000222	00542074
20191113000252	00525934
20191113000326	00819374
20191113000506	00643656
20191113000704	00554352
20191114000024	01031502
20191114000059	00366845
20191114000108	01035678
20191114000186	00363246
20191114000220	00155452
20191114000321	00163318
20191114000366	00136004
20191114000382	00838005
20191114000446	00220686
20191114000474	00651017
20191114000508	00362292
20191114000549	00409672
20191114000637	00118044
20191114000661	00611912
20191114000782	01078178
20191114000991	00158565
20191114001072	00255433
20191114001154	00576789
20191114001189	00173874
20191114001205	00138279
20191114001232	00102353
20191114001337	00258689
20191114001347	00129615
20191114001356	00216647
20191114001373	00109824
20191114001438	00117601
20191114001545	00118026
20191114001612	01267684
20191114001655	00122825
20191114001672	00198697
20191114001725	00259590
20191114001775	00164636
20191114001866	00133876
20191114001990	00513948
20191114002020	00642541
20191114002086	00265324
20191114002128	00608802
20191114002145	00249502
20191114002175	01067808
20191114002203	00397252
20191114002239	00124540
20191114002309	00364740
20191114002318	00303794
20191114002330	00117027
20191114002340	00541437
20191114002379	00761059
20191114002460	00828789
20191114002482	01205709
20191114002507	00432102
20191114002556	00693554
20191114002651	00791209
20191114002670	00145552
20191114002770	00542898
20191118000127	00602279
20191125000379	01098792
20191129000234	00143262
20191212000410	00247975
20200213000489	00136101
20200214000509	00145914
20200302000402	00599151
20200318000754	00113535
20200330003820	00760971
20200512000128	01047840
20200512000787	00186559
20200513000088	00261009
20200513000364	00298377
20200513000801	00857727
20200514000257	00129509
20200514000444	00101044
20200514000610	00162832
20200514000668	00415594
20200514000767	00350020
20200514000830	01153293
20200514000875	00239514
20200514000969	00564562
20200515000334	00136776
20200515000368	00143314
20200515000417	00305297
20200515000436	00616290
20200515000543	00125725
20200515000576	00390903
20200515000727	00134565
20200515000756	00389970
20200515001033	01276901
20200515001058	00415868
20200515001075	00364254
20200515001095	00109754
20200515001162	01135941
20200515001393	00154329
20200515001428	00349811
20200515001459	00105961
20200515001505	00180795
20200515001541	00572905
20200515001559	00490151
20200515001588	00102858
20200515001633	00861997
20200515001651	00110583
20200515001756	00583442
20200515001777	00442048
20200515001849	00539274
20200515001863	00242712
20200515001906	00153339
20200515001957	00145880
20200515001971	00923792
20200515002004	00122579
20200515002062	00551920
20200515002097	00157636
20200515002112	00146232
20200515002170	00120562
20200515002445	00153861
20200515002492	00103130
20200515002617	00135050
20200518000002	00104786
20200519000214	00242378
20200527000260	00892526
20200601000521	01085026
20200612000246	01267684
20200615000273	00573579
20200701000419	00242378
20200811000026	01020843
20200813000112	00605328
20200813000330	00155212
20200813000491	00527491
20200813000512	00371485
20200813000571	00162416
20200813000607	01108099
20200813000677	00364254
20200813000802	00154329
20200814000100	00267979
20200814000333	00175623
20200814000344	00115931
20200814000632	01135941
20200814000649	00210856
20200814000685	00916826
20200814000761	00158565
20200814000910	00628189
20200814000943	00249894
20200814000981	00305297
20200814001034	00256715
20200814001054	00123523
20200814001065	01344336
20200814001076	00611912
20200814001101	00541437
20200814001161	00268002
20200814001170	00127255
20200814001200	00441447
20200814001226	00159731
20200814001292	00983271
20200814001328	01003040
20200814001440	00244783
20200814001477	00618410
20200814001515	00302582
20200814001571	00819374
20200814001656	00526599
20200814001682	01067808
20200814001703	00122825
20200814001752	00131850
20200814001763	00118266
20200814001812	00126371
20200814001870	00307222
20200814001904	00105280
20200814001990	00537832
20200814002000	00753643
20200814002080	00157681
20200814002094	00129554
20200814002105	00483735
20200814002128	00232089
20200814002140	00113535
20200814002189	00180263
20200814002259	00133876
20200814002275	00605124
20200814002401	00115694
20200814002449	00106641
20200814002464	01137383
20200814002481	00614593
20200814002494	00222532
20200814002599	00159616
20200814002681	00108913
20200814002783	01222867
20200814002880	00230814
20200818000179	00107677
20200824000362	00310156
20200827000062	00876643
20200831001198	01084364
20200904000159	00442455
20200928000356	00129615
20201106000226	01108442
20201112000093	00815095
20201112000334	00656289
20201112000397	00122737
20201113000189	01078178
20201113000217	00242934
20201113000330	01053540
20201113000418	00256380
20201113000461	01311055
20201113000569	00397289
20201113000604	00130879
20201113000629	00527491
20201113000664	00126955
20201113000718	00568188
20201113000753	00927558
20201113000865	00169048
20201113000906	01061497
20201113000969	00608839
20201113001027	00362292
20201113001091	00957735
20201113001109	00118026
20201113001129	00180263
20201113001153	00367695
20201113001185	00439965
20201116000117	00260611
20201116000134	00103510
20201116000146	00243979
20201116000194	00453929
20201116000321	00526836
20201116000349	00232089
20201116000495	00106669
20201116000507	00577016
20201116000619	00132992
20201116000627	00167192
20201116000638	00135999
20201116000773	00147222
20201116000785	00119140
20201116000812	00131780
20201116000823	00109718
20201116000863	00152686
20201116000872	00583442
20201116000946	00115694
20201116000986	00318662
20201116001000	00131054
20201116001016	00123772
20201116001029	01165155
20201116001116	00120924
20201116001162	00917861
20201116001220	00539274
20201116001329	00364467
20201116001372	01043853
20201116001475	00146861
20201116001502	00206039
20201116001531	00359623
20201116001662	00628189
20201116001676	00937324
20201116001724	00112378
20201116001889	00108135
20201116001967	00483735
20201116001980	00127954
20201116002026	00331016
20201116002036	00331016
20201116002079	00176914
20201116002149	00131780
20201117000004	00304076
20201117000105	00103130
20201117000272	00103130
20201231000328	00813389
20210215000469	00304915
20210215001000	00106614
20210317000419	00105271
20210512000038	00157991
20210512000284	00207375
20210513000224	00484682
20210513000505	00406329
20210514000129	00351807
20210514000352	01136001
20210514000520	00132637
20210514000856	01207761
20210514000932	00664181
20210514000959	00304076
20210514001026	00155212
20210514001258	00172680
20210514001284	01047169
20210514001325	00180795
20210514001388	00118266
20210514001427	00136402
20210514001454	00375931
20210514001547	00117276
20210514001574	00162461
20210517000032	00389970
20210517000064	00763701
20210517000159	00218575
20210517000304	01047707
20210517000471	01135941
20210517000491	00116301
20210517000512	00357430
20210517000573	01208849
20210517000619	00231831
20210517000706	00485177
20210517000721	00114792
20210517000733	00163716
20210517000767	00210980
20210517000884	00145109
20210517000907	01222432
20210517000954	00247975
20210517001003	00173449
20210517001065	00814786
20210517001180	00122579
20210517001235	01047415
20210517001313	00378628
20210517001353	00239639
20210517001385	00120924
20210517001410	00246417
20210517001470	00152880
20210517001506	00242378
20210517001539	00490151
20210517001569	00442048
20210517001600	00126478
20210517001654	00153861
20210517001762	00620868
20210517001855	00139889
20210517002007	00409681
20210517002159	00111810
20210517002178	00375931
20210528001104	00407771
20210531001636	00111218
20210707000523	00126414
20210709000518	00318662
20210812000249	01228515
20210812000501	00623184
20210813000144	00663669
20210813000256	00113225
20210813000375	00132211
20210813000441	00375931
20210813000462	01397903
20210813000542	00508344
20210813000764	00653194
20210813000898	00362292
20210813000911	00264547
20210813000930	00605328
20210813000984	00141671
20210813000999	00378363
20210813001013	00249982
20210813001063	00162993
20210813001073	00172680
20210813001230	00120526
20210813001288	00415707
20210813001333	00175623
20210813001343	00339072
20210817000227	00295857
20210817000391	00172228
20210817000483	00351807
20210817000496	00106669
20210817000528	00115931
20210817000559	00513948
20210817000768	00128661
20210817000812	01099861
20210817000838	00763701
20210817000885	00129642
20210817000942	00397252
20210817001070	01335143
20210817001091	00149026
20210817001137	00432102
20210817001183	00567222
20210817001204	00185046
20210817001319	00152686
20210817001359	00656951
20210817001381	01035678
20210817001407	00129679
20210817001433	00369833
20210817001454	00256715
20210817001488	00145914
20210817001497	00118266
20210817001529	00660459
20210817001637	00370255
20210817001686	00227333
20210817001710	00209780
20210817001747	00168331
20210817001772	00155124
20210817001824	00266961
20210817001866	00587925
20210817001881	00643656
20210817001940	00115287
20210817002018	01075126
20210817002084	00617998
20210817002147	01089378
20210817002158	00153126
20210817002185	00620868
20210817002225	00296078
20210817002277	00203290
20210817002301	00412597
20210824000003	00339391
20210825000227	01310773
20210831000577	00808068
20210831001873	00105952
20210902000297	00111218
20211108000025	00145163
20211110000118	00356389
20211111000289	00616962
20211112000049	00927558
20211112000099	01046708
20211112000119	00409681
20211112000216	00371485
20211112000259	00287788
20211112000431	00380429
20211112000463	00527491
20211112000496	00146427
20211112000554	00120182
20211112000602	00974927
20211112000693	00113526
20211112000961	00249982
20211112000978	00146436
20211115000154	00220622
20211115000244	00562245
20211115000282	00175623
20211115000294	01032413
20211115000395	01022142
20211115000417	00121039
20211115000432	00151368
20211115000485	00140964
20211115000627	00910840
20211115000718	00983916
20211115000733	00174004
20211115000745	00139083
20211115000834	00423177
20211115000877	01265251
20211115000937	00363769
20211115000949	01208885
20211115001026	00260930
20211115001092	00247975
20211115001233	00490151
20211115001301	00145190
20211115001323	00543204
20211115001373	00165413
20211115001384	00816544
20211115001414	00249502
20211115001480	00540429
20211115001529	01169267
20211115001583	00302926
20211115001592	00121941
20211115001616	00385415
20211115001643	00995993
20211115001660	00126292
20211115001679	00180795
20211115001731	01049167
20211115001747	00173351
20211115001765	01032404
20211115001831	00296078
20211115001854	00111218
20211115001869	00412597
20211115001887	00127255
20211115001913	00567222
20211115001925	00115694
20211115001944	00268251
20211115002058	00485177
20211115002192	00139889
20211115002402	00628189
20211115002432	00536541
20211115002494	00375931
20211115002508	01416642
20220211000448	00231105
20220214001097	00110750
20220329000570	00276083
20220510000010	00491053
20220512000045	00438036
20220512000954	00877174
20220513000521	00366845
20220513000554	01237540
20220513000609	00422284
20220513000667	00363486
20220513000935	00611736
20220513000976	00994994
20220513001142	00463342
20220513001264	00769158
20220513001552	01187148
20220513001574	00623184
20220513001685	00904672
20220516000028	00151605
20220516000167	01368637
20220516000511	00612188
20220516000541	00121570
20220516000557	00105299
20220516000585	00623661
20220516000677	01259232
20220516000776	00687711
20220516000814	00106669
20220516000924	00808068
20220516000955	00138279
20220516001012	00965318
20220516001047	00131197
20220516001059	00161976
20220516001184	00567222
20220516001291	00186799
20220516001306	00117726
20220516001441	00227333
20220516001485	00259590
20220516001514	00142883
20220516001588	00168401
20220516001667	01205329
20220516001694	00643656
20220516001808	00409140
20220516001898	01515323
20220516001996	00390860
20220516002021	00108649
20220516002043	00327396
20220516002127	00632304
20220516002175	00126478
20220516002202	00155319
20220516002212	00120924
20220516002289	00487546
20220516002375	00155948
20220516002400	00530556
20220516002418	00125974
20220516002490	00542898
20220516002606	00402110
20220516002622	00125080
20220517000143	00475718
20220527000460	00575106
20220531002734	00297989
20220628000474	00632304
20220812000177	00136402
20220812000428	00603348
20220812000474	00991298
20220812000604	00108649
20220812000693	00141246
20220812001074	00392691
20220812001127	00406329
20220812001147	00362292
20220812001174	00118026
20220812001208	00528515
20220812001232	00296290
20220812001251	00109754
20220812001276	00453929
20220812001302	00365387
20220816000161	01208885
20220816000209	00692254
20220816000312	00592653
20220816000337	00475718
20220816000421	00146436
20220816000494	00347734
20220816000621	00423177
20220816000680	01391103
20220816000741	00651901
20220816000784	00616962
20220816000807	01032583
20220816000884	00113225
20220816000914	00867478
20220816001075	01205842
20220816001111	00450010
20220816001319	00302582
20220816001379	00645089
20220816001388	00426068
20220816001435	00375931
20220816001470	00385336
20220816001514	00173449
20220816001527	01035678
20220816001722	00141671
20220816001747	00593032
20220816001827	00111704
20220816002028	00111722
20220816002039	00409788
20220816002083	01089378
20220816002132	01353024
20220816002185	00359395
20220816002288	00587925
20220816002346	00660121
20220816002532	00562360
20220818000129	00115612
20220818000324	00657987
20221108000014	00619507
20221108000121	00367482
20221110000072	00163716
20221110000416	00479705
20221111000242	00116426
20221111000320	00405278
20221111000540	00759294
20221111000635	00200275
20221111000698	00117601
20221111000708	00136101
20221111000854	01015160
20221111000882	00113526
20221111000906	00392691
20221111000977	00409681
20221111001039	01478712
20221111001065	00587925
20221114000082	00623661
20221114000122	01084364
20221114000150	00139083
20221114000292	00664181
20221114000327	00165060
20221114000348	00609634
20221114000410	00310156
20221114000454	00206659
20221114000477	00159810
20221114000552	00363486
20221114000587	01416572
20221114000729	00128175
20221114000760	00545734
20221114000894	00405959
20221114000935	00567222
20221114000965	00107224
20221114001041	00137809
20221114001075	00536329
20221114001102	00994994
20221114001237	00296005
20221114001269	00302582
20221114001291	00144252
20221114001355	00230814
20221114001378	01390344
20221114001389	00118266
20221114001451	00129679
20221114001463	00261373
20221114001548	00303873
20221114001559	00149646
20221114001568	00795135
20221114001594	01391103
20221114001610	00508344
20221114001660	00161976
20221114001697	00445841
20221114001784	00146296
20221114001799	00632304
20221114001865	00158565
20221114001876	00259590
20221114001947	00120076
20221114001997	00136776
20221114002158	00122205
20221114002192	00412597
20221114002290	01524507
20221114002301	00663669
20221114002332	00249502
20221114002392	00103176
20221114002407	00843900
20221114002455	00160302
20221114002490	00111722
20221114002524	00531917
20221114002563	00152880
20221114002577	00143226
20221114002591	00264671
20221114002676	00125974
20221114002689	00983916
20221114002738	01150515
20221114002774	00137234
20221115000207	00346911
20221209000722	01210066
20230118000073	00147772
20230214001381	00231691
20230503000062	00116268
20230504000817	00549891
20230511000754	00151605
20230512000592	00127167
20230512000805	00249982
20230512000894	00231901
20230512000937	00108649
20230512000974	01316245
20230512001079	00384717
20230512001192	00263654
20230512001204	00533508
20230512001263	00414850
20230512001337	00778235
20230512001434	00110884
20230515000086	00406329
20230515000099	01101254
20230515000123	00572905
20230515000340	00989664
20230515000452	00101628
20230515000727	01098792
20230515000756	01408999
20230515000769	00133876
20230515000784	01128622
20230515000838	00121570
20230515000880	01140837
20230515000919	00226316
20230515001133	01405451
20230515001179	00533191
20230515001395	00552992
20230515001490	01199550
20230515001524	00606664
20230515001534	00580667
20230515001705	00141671
20230515001771	00164788
20230515001787	00526696
20230515001841	00155319
20230515001899	00216434
20230515001913	00158565
20230515002055	00128111
20230515002077	00160047
20230515002096	00475985
20230515002414	00809429
20230515002487	00373021
20230515002525	00300405
20230515002537	00206686
20230515002568	00106669
20230515002711	00110750
20230515002762	00155355
20230515002792	00232007
20230515002852	00152862
20230515002868	00407814
20230515002957	00317681
20230526000581	00186559
20230717000235	01011395
20230811000682	00414850
20230811000928	00109718
20230811001040	00127167
20230811001098	00159786
20230811001428	00778235
20230811001688	01187148
20230811001786	00539274
20230811001801	00888347
20230811001964	00528515
20230811002267	00115612
20230811002301	00526696
20230811002409	00406329
20230811002597	00146083
20230811002617	00159616
20230814000089	00620868
20230814000175	00833064
20230814000380	00475718
20230814000443	00216434
20230814000542	00351630
20230814000559	00153375
20230814000798	00408266
20230814000836	00180865
20230814000946	00367871
20230814001267	00138701
20230814001308	00636656
20230814001317	01013694
20230814001333	00529815
20230814001371	00585538
20230814001471	00216647
20230814001553	00364467
20230814001584	01311055
20230814001681	00545716
20230814001694	00159740
20230814001767	01153293
20230814001783	00567222
20230814001855	01035678
20230814001890	00105280
20230814001905	00132354
20230814001914	01108442
20230814002025	00796994
20230814002173	01204056
20230814002208	00141671
20230814002290	00149804
20230814002386	00146427
20230814002430	00389970
20230814002464	00110583
20230814002648	00390860
20230814002711	00983040
20230814002768	00660121
20230814002809	00176914
20230814002841	01246034
20230814002965	00264671
20230814002981	00120562
20230814002991	00111722
20230814003012	00159102
20230814003116	00108135
20230814003143	00102618
20230814003197	00765569
20230817000336	00389970
20230825000443	01336461
20231109000104	00492353
20231110000497	01405451
20231113000088	00256043
20231113000310	00144395
20231113000395	00962922
20231113000408	00287788
20231113000444	00572905
20231113000570	01297898
20231113000626	00488402
20231113000651	00161693
20231113000750	01409095
20231114000072	00475718
20231114000089	00441243
20231114000381	00228059
20231114000407	00616962
20231114000525	00651017
20231114000598	00149947
20231114000715	00101628
20231114000795	00127167
20231114000876	00146083
20231114000904	00797364
20231114000958	00364467
20231114000968	00243757
20231114000999	00109189
20231114001137	00447609
20231114001170	00961507
20231114001182	00136776
20231114001270	00122898
20231114001282	00216434
20231114001319	00117267
20231114001341	00367482
20231114001419	00362858
20231114001431	01135941
20231114001442	00591441
20231114001530	00140131
20231114001538	00144720
20231114001560	00385336
20231114001605	01301252
20231114001623	00990165
20231114001632	00447928
20231114001654	01035678
20231114001674	00296005
20231114001719	00120182
20231114001750	01135640
20231114001758	00120021
20231114001771	00694942
20231114001782	00408266
20231114001802	00403793
20231114001815	01267170
20231114001918	00122825
20231114002003	00103130
20231114002036	00923792
20231114002076	00155124
20231114002088	00583026
20231114002100	01311055
20231114002158	00153621
20231114002181	00190756
20231114002209	00623184
20231114002221	00111704
20231114002234	00693651
20231114002262	00107613
20231114002311	00246620
20231114002351	00407814
20231114002384	00114792
20231114002399	01423837
20231114002450	00442455
20231114002473	00366942
20231114002487	00127158
20231114002498	01234507
20231114002534	00412597
20231114002595	00392691
20231114002609	00453488
20231114002646	01189438
20231114002756	00492894
20231114002773	00267854
20231114002810	01412822
20231114002849	00963976
20231114002867	00296078
20231114002900	00888347
20231114002941	00110583
20231114002958	00160302
20231114002987	00258360
20231114003001	01020843
20231114003039	00121686
20231115000128	00885906
20231115000299	01189438
20231115000353	00137207
20231121000082	00366137
20231127000144	00362238
20231129001150	01021639
20231130001847	00156150
20231228000594	00153861
20231229000358	00112332
20240221002000	00159102
20240430000581	00149646
20240510000794	01381984
20240513000344	00838005
20240513000870	00109754
20240514000585	00127167
20240514000887	00102140
20240514001009	00668600
20240514001019	00556907
20240514001143	00562360
20240514001168	00121932
20240514001211	00400857
20240514001240	01222867
20240514001281	01095722
20240514001304	00124780
20240514001345	00643656
20240514001398	00260879
20240514001428	00105138
20240514001489	00102432
20240514001520	01256864
20240514001607	00161693
20240516000269	00186559
20240516000284	01112700
20240516000325	01036367
20240516000334	00125488
20240516000349	00158565
20240516000419	01201970
20240516000842	01325979
20240516000900	01243161
20240516000910	00141307
20240516000946	00397289
20240516001124	00219361
20240516001213	00636656
20240516001416	00959229
20240516001457	00525642
20240516001496	00120924
20240516001533	01110076
20240516001698	00366137
20240516001713	00300405
20240516001725	00937324
20240516001811	00410997
20240516001870	00155948
20240516001891	00681249
20240516002027	00125974
20240516002073	00267854
20240516002087	00309503
20240516002116	00249894
20240516002269	00556615
20240516002294	00563545
20240517000122	01201970
20240520000146	00104573
20240521000180	00102140
20240522000108	00636656
20240808000124	00225159
20240809000499	01405451
20240809000565	00409788
20240813000500	00695969
20240813000585	00167004
20240813001053	00127158
20240813001161	00117708
20240813001325	00318662
20240813001353	00362122
20240814000684	00406329
20240814000819	00249982
20240814001108	01407158
20240814001150	00400857
20240814001196	00627029
20240814001209	00814786
20240814001247	00102432
20240814001301	00106313
20240814001738	00296263
20240814001966	00813389
20240814002138	00168401
20240814002157	00423177
20240814002223	00646732
20240814002272	01032583
20240814002355	00149804
20240814002380	00533924
20240814002408	00583442
20240814002462	00310156
20240814002532	00569691
20240814002557	00172680
20240814002691	00453929
20240814002770	00236863
20240814002862	00877819
20240814002941	01047169
20240814003002	00974927
20240814003014	00123523
20240814003071	00479705
20240814003163	00110750
20240814003193	00407771
20240814003211	00152385
20240814003342	00252135
20240814003445	00150536
20240814003456	00547510
20240814003624	00161781
20240814003776	00309503
20240814003854	00303192
20240814003865	00409681
20240814003893	00385415
20240814003937	00983271
20240814003975	00415628
20240814004001	00112970
20240814004066	00440712
20240814004091	00423690
20240814004104	00116426
20240814004119	00656951
20240814004306	01020843
20240814004319	00156488
20240814004520	00402110
20240814004592	00657002
20240814004622	00609634
20240816000096	00260611
20240819000019	00270113
20240823000229	00642897
20240927000329	00135917
20240930000489	00112332
20241030000272	00197759
20241107000178	00225159
20241108000104	01067808
20241108000310	01136001
20241111000212	01144569
20241112000152	00652007
20241112000299	00407814
20241112000327	00484682
20241113000027	00409788
20241113000268	00759294
20241113000282	01366000
20241113000323	00135917
20241113000486	00525882
20241113000499	01429840
20241113000660	00407814
20241113000756	00117708
20241114000178	00216434
20241114000431	00450010
20241114000571	00123541
20241114000650	00161709
20241114000659	00398668
20241114000688	00475718
20241114000700	00293886
20241114000796	00112378
20241114000881	00367871
20241114000893	01297898
20241114000975	00297448
20241114000992	00363246
20241114001003	00126089
20241114001073	00583424
20241114001082	01084294
20241114001161	00807397
20241114001211	00106313
20241114001233	00888347
20241114001246	00347734
20241114001277	00219361
20241114001384	01077577
20241114001486	00153621
20241114001564	00624518
20241114001574	00147222
20241114001617	00445841
20241114001688	00576789
20241114001728	00797364
20241114001786	00295857
20241114001804	00149804
20241114001878	01201590
20241114001898	00132804
20241114001958	01061497
20241114001968	00300405
20241114001984	00961774
20241114002025	00107613
20241114002036	00110750
20241114002115	00104999
20241114002202	00155124
20241114002223	00105299
20241114002281	00191588
20241114002342	00120289
20241114002483	00128412
20241114002491	01686755
20241114002516	00115931
20241114002560	01368637
20241114002579	00862880
20241114002603	00995993
20241114002655	00200910
20241114002718	00163345
20241114002769	00206686
20241114002841	00449379
20241114002955	01497869
20241114002979	01222113
20241114002992	00923792
20241115000325	00583026
20241204000166	00542074
20241217000489	00516246
20241218000235	01297898
20241230000329	01559637
20241231000041	01230255
20250116000259	01022142
20250214000274	00490090
20250508000557	00172945
20250513000216	00155276
20250513000509	00150165
20250514000334	00530556
20250514000594	00164645
20250514000725	00107677
20250514000913	00525679
20250514001039	01032486
20250515000145	00652007
20250515000251	00370255
20250515000523	00651017
20250515000612	01553129
20250515000625	00261285
20250515000655	00447487
20250515000742	01301623
20250515000843	00260657
20250515000890	00815095
20250515000977	00104388
20250515001036	01444380
20250515001074	00152260
20250515001110	01201970
20250515001149	00118275
20250515001216	00109514
20250515001337	00350312
20250515001496	01187148
20250515001532	00877819
20250515001686	01108442
20250515001795	00297989
20250515001864	00203582
20250515001923	00297448
20250515001966	00799539
20250515001987	00568188
20250515002064	00106395
20250515002158	00624518
20250515002166	00614593
20250515002224	00384717
20250515002585	01110076
20250515002751	01493535
20250515002784	00618410
20250515003007	01416642
20250813000628	01141942
20250813001022	00120571
20250813001171	01586455
20250813001196	00128111
20250813001217	00300405
20250813001261	00778235
20250813001272	01429840
20250813001448	00164812
20250814000553	00925295
20250814000663	00369569
20250814000777	00130408
20250814000869	00409672
20250814001026	00681249
20250814001091	00360674
20250814001509	00125725
20250814001584	00788737
20250814001598	01519790
20250814001745	00815095
20250814001831	01326792
20250814001865	00603348
20250814002126	00317681
20250814002203	01020524
20250814002348	01098792
20250814002382	00149804
20250814002397	01553129
20250814002426	00583442
20250814002501	01084294
20250814002873	00119672
20250814003021	00523307
20250814003120	00180263
20250814003165	00656951
20250814003191	01008762
20250814003324	00303794
20250814003405	00536541
20250814003464	00995993
20250814003561	01454341
20250814003607	00366942
20250814003644	00664181
20250814003710	00681373
20250814004007	01368637
20250814004364	00148531
20250814004411	00116268
20250814004437	00554352
20250818000203	00265421
20250827000160	00959229
20250829001272	00765897
20250829001781	01728167
20251013000339	00145668
20251110000002	01703849
20251110000202	00533191
20251112000023	00920379
20251112000124	00134176
20251112000555	00113261
20251113000061	00599957
20251113000295	00133663
20251113000374	00447928
20251113000419	01397903
20251113000632	00876908
20251113000739	00447487
20251113000926	00791209
20251114000002	00614593
20251114000070	01579570
20251114000085	01110058
20251114000151	01182259
20251114000164	00409672
20251114000317	01708163
20251114000482	01638387
20251114000643	00130408
20251114000674	00159810
20251114000689	00369569
20251114000725	00138516
20251114000896	00799539
20251114000965	00141626
20251114001034	00378220
20251114001177	00155948
20251114001207	01211232
20251114001281	01049167
20251114001333	00493510
20251114001372	01208849
20251114001385	01042711
20251114001460	01112700
20251114001477	00110750
20251114001528	01089350
20251114001652	00406329
20251114001661	01381984
20251114001690	00609661
20251114001898	01462739
20251114002143	00149804
20251114002254	00178851
20251114002264	01136001
20251114002303	00309503
20251114002400	00618410
20251114002436	01062177
20251114002469	00681373
20251114002647	00492894
20251114002714	00813389
20251114002739	00861997
20251114002753	00271501
20251114002861	00925189
20251114002888	00664853
20251114002913	00797364
20251114002952	00260657
20251114002965	01258710
20251114003010	00808022
20251114003026	01230255
20251114003038	00265421
20251114003071	00363510
20251114003083	00111838
20251128000868	01493793
20251128002080	01587056
20251202000227	00112378
20260213002114	00141626
20260514000011	00134176
20260514000618	00203582
20260514000645	00641171
20260514000741	00571298
20260514000818	01335790
20260514000953	01429220
20260514000998	00778235
20260514001378	01042429
20260514001394	00550082
20260515000250	00258421
20260515000262	00533924
20260515000283	01130849
20260515000449	00261957
20260515000545	01226234
20260515000556	00843900
20260515000568	01037214
20260515000595	00303794
20260515000648	00226866
20260515000884	00306870
20260515000964	00295857
20260515001465	00123772
20260515001575	01085026
20260515001655	01366000
20260515001670	01035678
20260515001721	00131504
20260515001812	00127158
20260515001956	00624518
20260515002480	00605522
20260515002504	00681373
20260515002529	00963976
20260515002683	01253636
20260515002973	00253985
20260515003063	01068737
20260529001511	00103176
20260731000302	00803425
20260812000435	01436479
20260813001541	00112165
20260813001638	00556907
20260814000759	00103662
20260814000791	01685251
20260814000836	00660121
20260814001001	00664853
20260814001014	00347062
20260814001037	00149239
20260814001230	00148461
20260814001249	01211232
20260814001571	00994994
20260814001690	00264714
20260814001885	00122205
20260814002027	00107066
20260814002123	00753643
20260814002135	01112700
20260814002156	00124799
20260814002204	01037214
20260814002329	00606770
20260814002476	00815095
20260814002489	00351427
20260814002518	01802928
20260814002568	01641600
20260814002702	00128175
20260814002757	01259311
20260814002813	00268251
20260814002855	01297898
20260814003216	01497142
20260814003292	00614593
20260814003304	00216027
20260814003462	00385336
20260814003475	01201970
20260814003633	01049167
20260814003703	00351579
20260814003776	00108612
20260814003826	00126089
20260814003866	00180263
20260814003878	00937324
20260814003994	00535746
20260814004219	00391197
20260814004253	00660033
20260814004264	00346911
20260818000069	00103176
20100209000061	00204226
20100212000150	00367385
20100212000238	00123772
20100216000036	00101044
20100413001238	00164706
20100503000689	00199252
20100506000878	00128980
20100510000507	00167031
20100510000898	00125822
20100511000032	00347062
20100512000035	00137368
20100512000494	00351579
20100512000931	00468374
20100512002109	00264228
20100513000420	00269922
20100513000569	00170877
20100513001192	00276834
20100513001859	00137252
20100513002218	00447487
20100513002425	00147994
20100513002674	00172079
20100513002824	00126089
20100513002990	00121534
20100514000055	00170026
20100514000319	00520887
20100514000574	00197759
20100514000631	00243979
20100514000735	00159254
20100514000782	00241209
20100514000817	00157636
20100514000894	00371485
20100514001224	00166175
20100514001511	00599957
20100514001562	00150165
20100514001602	00161462
20100514001763	00480367
20100514001852	00119007
20100514002052	00149354
20100514002308	00158963
20100514002348	00113261
20100514002428	00139719
20100514002583	00350048
20100514002677	00142713
20100514002728	00152437
20100514002766	00470829
20100514002900	00384717
20100514002997	00153375
20100514003066	00238153
20100514003129	00109754
20100514003169	00529815
20100514003223	00533508
20100514003285	00542898
20100514003332	00694942
20100514003368	00415707
20100514003418	00411048
20100514003545	00350020
20100514003742	00113128
20100514003768	00146649
20100514003866	00447928
20100514003951	00117337
20100514004040	00306870
20100514004244	00164742
20100517000176	00405959
20100517000300	00125530
20100517000345	00445160
20100517000405	00447609
20100517000430	00260569
20100517000521	00210980
20100517000540	00787057
20100517000559	00143226
20100517000584	00115676
20100517000605	00361594
20100517000622	00129420
20100517000665	00296263
20100517000693	00362292
20100517000726	00122348
20100517000775	00186559
20100517000841	00422284
20100517000872	00573579
20100517000921	00190321
20100517000946	00397058
20100517000968	00121507
20100517000985	00124540
20100517001021	00587466
20100517001055	00618410
20100517001097	00258421
20100517001134	00264255
20100517001149	00377610
20100517001167	00369833
20100517001187	00445054
20100517001198	00243757
20100517001316	00117212
20100517001335	00373021
20100517001374	00104768
20100517001405	00158024
20100517001428	00223762
20100517001483	00574611
20100517001523	00128111
20100517001536	00148896
20100517001571	00138190
20100517001635	00260408
20100517001664	00346911
20100519000039	00384762
20100601000182	00103130
20100623000254	00186452
20100810000020	00572905
20100811000040	00243979
20100811000284	00216647
20100812000010	00189538
20100812000058	00128980
20100812000094	00373447
20100812000167	00372882
20100812000300	00367604
20100812000355	00206039
20100813000004	00557933
20100813000075	00256380
20100813000099	00641171
20100813000112	00353762
20100813000175	00126256
20100813000204	00683469
20100813000215	00692254
20100813000243	00516246
20100813000280	00385415
20100813000312	00127167
20100813000332	00138598
20100813000348	00202839
20100813000384	00128175
20100813000408	00134477
20100813000420	00112378
20100813000439	00173102
20100813000472	00108977
20100813000491	00298270
20100813000506	00545929
20100813000531	00118804
20100813000546	00306719
20100813000584	00599106
20100813000600	00205003
20100813000610	00216762
20100813000639	00580199
20100813000703	00587466
20100813000726	00121039
20100813000754	00121941
20100813000831	00264635
20100813000877	00407814
20100813000926	00158015
20100813000942	00145109
20100813000963	00119195
20100813000989	00128607
20100813001007	00350048
20100813001066	00132992
20100813001093	00442570
20100813001115	00447928
20100813001135	00432102
20100813001147	00203023
20100816000010	00687711
20100816000024	00208134
20100816000053	00201432
20100816000076	00525934
20100816000091	00130408
20100816000108	00219486
20100816000142	00267906
20100816000159	00447502
20100816000177	00455875
20100816000214	00208444
20100816000229	00359623
20100816000263	00585538
20100816000297	00268251
20100816000313	00378363
20100816000324	00140566
20100816000351	00152862
20100816000368	00114552
20100816000389	00113191
20100816000398	00371485
20100816000436	00152437
20100816000500	00349060
20100816000535	00116301
20100816000625	00140779
20100816000645	00266952
20100816000659	00397289
20100816000699	00260611
20100816000716	00238782
20100816000733	00367695
20100816000814	00165413
20100816000832	00201131
20100816000871	00141246
20100816000918	00151395
20100816000934	00255433
20100816000946	00445054
20100816000962	00475718
20100816000992	00163761
20100816001061	00406046
20100816001108	00172680
20100816001123	00231105
20100816001155	00390365
20100816001170	00150828
20100816001193	00126414
20100816001217	00447609
20100816001255	00133511
20100816001284	00107066
20100816001316	00130587
20100816001338	00428251
20100816001380	00587457
20100816001412	00122825
20100819000042	00371485
20100827000302	00137289
20100830000418	00105961
20100909000265	00122825
20101026000239	00398808
20101103000003	00572905
20101105000127	00112651
20101109000019	00445160
20101109000163	00232821
20101110000021	00104537
20101110000109	00140964
20101110000184	00297989
20101111000005	00347062
20101111000121	00409964
20101111000315	00186939
20101112000004	00139719
20101112000017	00350482
20101112000029	00114552
20101112000085	00384762
20101112000109	00263654
20101112000124	00200275
20101112000150	00260569
20101112000174	00384887
20101112000193	00360674
20101112000221	00117230
20101112000305	00147860
20101112000344	00357607
20101112000369	00112679
20101112000400	00264255
20101112000441	00181943
20101112000465	00145260
20101112000478	00232089
20101112000504	00261656
20101112000645	00119195
20101112000661	00104573
20101112000709	00415594
20101112000754	00423177
20101112000772	00551920
20101112000804	00533191
20101112000873	00482426
20101112000909	00117337
20101115000014	00303217
20101115000047	00128926
20101115000098	00226866
20101115000116	00687711
20101115000144	00373021
20101115000157	00154055
20101115000183	00169215
20101115000228	00787057
20101115000243	00138242
20101115000294	00442561
20101115000309	00365387
20101115000336	00296263
20101115000367	00618410
20101115000377	00414850
20101115000392	00210856
20101115000425	00118044
20101115000461	00177816
20101115000481	00152862
20101115000500	00524421
20101115000519	00583026
20101115000542	00101220
20101115000575	00157636
20101115000606	00303396
20101115000621	00107987
20101115000648	00526696
20101115000660	00105156
20101115000708	00239514
20101115000724	00110884
20101115000754	00108746
20101115000770	00145862
20101115000827	00121288
20101115000838	00148896
20101115000853	00261373
20101115000870	00552859
20101115000895	00163673
20101115000912	00149026
20101115000947	00117276
20101115000961	00475718
20101115000983	00410915
20101115001002	00125743
20101115001031	00258801
20101115001056	00164830
20101115001113	00141246
20101115001132	00163761
20101115001149	00409672
20101115001182	00454399
20101115001211	00172945
20101115001229	00131832
20101115001258	00219486
20101115001278	00113191
20101115001306	00449379
20101115001341	00162461
20101115001368	00110893
20101115001383	00405320
20101115001405	00108649
20101115001425	00139764
20101115001533	00138792
20101115001577	00547583
20101115001625	00679314
20101115001698	00117212
20101115001735	00604815
20101116000020	00490151
20101117000032	00679314
20101118000161	00158024
20101125000325	00573269
20101129000595	00759513
20101213000233	00129420
20110214000041	00203290
20110214000118	00108977
20110214000238	00123772
20110214000272	00126256
20110214000349	00131054
20110214000425	00370200
20110218000183	00120182
20110414000372	00164706
20110512001528	00148896
20110513001661	00441243
20110513001941	00367385
20110513002445	00375931
20110513002843	00155948
20110513003460	00125576
20110513003575	00216498
20110516000454	00135999
20110516000808	00249247
20110516000835	00230814
20110516001291	00397191
20110516001425	00104786
20110516001513	00256380
20110516001689	00113234
20110516001934	00136004
20110516001983	00108241
20110516002031	00158015
20110516002119	00156910
20110516002518	00392691
20110516002572	00526678
20110516002636	00125743
20110516002767	00526951
20110516002780	00232089
20110516002828	00694942
20110516002842	00125530
20110516002881	00265324
20110516002896	00137368
20110516003079	00326731
20110516003124	00132637
20110516003242	00168401
20110516003381	00155692
20110516003437	00449379
20110516003747	00349060
20110516003778	00103015
20110516003817	00498001
20110516003854	00163716
20110516003879	00147772
20110516003933	00323868
20110516004019	00105101
20110516004067	00157636
20110516004195	00442570
20110527000082	00406046
20110527000362	00137207
20110530000248	00103510
20110530000569	00683469
20110530000780	00141246
20110530000899	00258801
20110530000917	00163512
20110530000950	00525679
20110530000995	00102858
20110530001016	00350048
20110603000057	00157991
20110714000219	00231691
20110715000019	00206039
20110715000094	00117276
20110715000172	00152437
20110811000339	00204262
20110812000358	00268002
20110812000473	00264228
20110812000648	00110884
20110812000818	00230425
20110816000124	00663669
20110816000141	00108490
20110816000272	00143907
20110816000319	00488402
20110816000331	00186559
20110816000344	00107987
20110816000360	00261373
20110816000496	00632304
20110816000506	00156956
20110816000574	00788737
20110816000621	00389998
20110816000707	00180795
20110816000725	00152127
20110816000765	00180865
20110816000914	00133706
20110816001135	00330044
20110816001196	00109514
20110816001205	00119007
20110816001216	00318316
20110816001225	00219440
20110816001362	00243067
20110816001416	00390365
20110816001617	00305570
20110816001713	00264255
20110816001801	00264945
20110826000144	00105873
20110829000222	00158316
20110829000272	00225159
20110829000335	00164788
20110829000442	00114792
20110829000562	00684714
20110829000580	00112059
20110829000811	00138792
20110829000855	00356361
20110908000208	00366942
20110921000147	00109514
20111110000023	00347062
20111110000215	00255105
20111111000419	00364847
20111111000527	00478900
20111111000555	00201733
20111114000115	00131504
20111114000306	00327396
20111114000362	00527491
20111114000469	00134510
20111114000478	00479787
20111114000578	00173351
20111114000699	00130408
20111114000822	00207375
20111114000935	00219440
20111114000965	00356839
20111114001057	00330424
20111114001189	00159254
20111114001216	00492894
20111114001228	00663669
20111114001244	00153339
20111114001269	00150536
20111114001302	00137997
20111114001375	00221728
20111114001414	00303794
20111114001732	00128111
20111115000108	00418379
20111116000184	00357935
20111128000247	00113535
20111128000383	00363769
20111129000210	00159698
20111129000438	00115676
20111129000499	00141246
20111129000527	00148276
20111129000580	00684714
20111129000623	00139214
20111129000661	00105952
20111129000875	00190321
20111129000949	00787057
20111213000150	00302926
20120214000260	00125576
20120214000367	00112059
20120229000026	00156859
20120509000005	00108001
20120509001204	00140052
20120510000792	00347062
20120511001089	00540571
20120514002860	00131896
20120514003288	00101220
20120514004344	00206039
20120514004548	00108490
20120514004678	00149770
20120514005074	00171867
20120514005395	00363246
20120514005740	00255433
20120514006237	00259545
20120515000142	00169048
20120515000186	00115931
20120515000197	00442561
20120515000230	00230814
20120515000276	00363927
20120515000339	00256380
20120515000408	00133663
20120515000449	00165103
20120515000529	00646732
20120515000540	00150165
20120515000575	00134565
20120515000622	00445799
20120515000640	00201733
20120515000653	00151368
20120515000667	00767628
20120515000703	00447502
20120515000728	00357935
20120515000767	00146427
20120515000839	00151395
20120515000919	00471068
20120515000944	00478900
20120515000984	00412348
20120515001004	00199988
20120515001075	00535375
20120515001094	00186559
20120515001104	00146542
20120515001118	00144650
20120515001132	00326731
20120515001162	00157991
20120515001200	00173698
20120515001241	00147772
20120515001252	00466428
20120515001265	00152127
20120515001305	00753643
20120515001361	00156150
20120515001373	00263654
20120515001457	00122898
20120515001504	00447760
20120515001519	00227333
20120515001542	00130763
20120515001571	00456218
20120515001614	00185356
20120515001693	00375931
20120515001757	00488989
20120515001792	00435969
20120515001827	00126566
20120515001859	00140131
20120515001880	00199252
20120515001975	00163761
20120515001997	00540605
20120515002019	00112022
20120515002059	00266934
20120515002076	00365590
20120515002099	00385415
20120529000240	00218575
20120530000062	00103510
20120530000198	00105138
20120530000253	00138792
20120530000423	00255619
20120530000478	00115676
20120530000521	00157681
20120530000649	00132637
20120530000697	00108135
20120530000935	00428251
20120530000980	00481454
20120530001021	00339072
20120601000215	00313649
20120619000108	00535375
20120713000002	00155373
20120810000006	00369213
20120810000336	00366845
20120813000118	00137058
20120813000136	00130879
20120813000280	00269241
20120813000356	00855093
20120813000383	00269241
20120814000087	00169215
20120814000125	00369657
20120814000159	00128227
20120814000181	00663669
20120814000239	00416414
20120814000254	00364847
20120814000265	00128607
20120814000303	00108001
20120814000338	00155452
20120814000348	00108490
20120814000384	00358271
20120814000415	00648721
20120814000598	00573269
20120814000629	00480367
20120814000641	00174527
20120814000656	00227333
20120814000717	00372226
20120814000753	00442154
20120814000770	00370255
20120814000817	00646732
20120814000871	00462121
20120814000899	00102432
20120814000960	00171867
20120814001014	00367695
20120814001047	00264228
20120814001061	00389998
20120814001144	00122898
20120814001177	00359395
20120814001272	00188089
20120814001327	00178754
20120814001338	00120906
20120814001386	00122481
20120814001401	00406046
20120814001443	00413523
20120814001464	00109514
20120814001476	00249894
20120814001525	00694942
20120814001546	00128555
20120814001561	00203315
20120814001579	00221728
20120814001613	00129420
20120814001623	00163691
20120814001669	00365590
20120814001719	00808022
20120814001784	00231044
20120814001807	00380429
20120814001827	00173999
20120814001860	00146296
20120814001876	00378220
20120814001891	00141608
20120814001914	00144164
20120816000049	00242378
20120816000145	00133706
20120817000008	00808022
20120820000027	00596677
20120822000018	00173944
20120828000189	00525679
20120829000041	00305668
20120829000084	00409672
20120829000210	00679314
20120829000239	00141477
20120829000310	00828789
20120829000324	00339072
20120829000346	00106623
20120829000411	00148540
20120829000489	00141246
20120829000594	00106641
20120830000393	00442455
20120911000011	00145914
20120926000131	00207375
20121005000010	00389110
20121005000176	00163318
20121005000279	00135999
20121009000077	00447760
20121012000219	00192499
20121017000117	00255433
20121101000157	00249247
20121107000001	00181299
20121108000257	00475718
20121112000032	00261656
20121112000246	00527491
20121113000046	00148920
20121113000136	00144012
20121113000226	00117300
20121113000270	00693651
20121113000346	00216498
20121114000050	00516246
20121114000060	00357430
20121114000079	00147772
20121114000102	00216762
20121114000134	00256502
20121114000145	00442561
20121114000219	00539274
20121114000233	00373021
20121114000268	00141671
20121114000306	00108977
20121114000333	00128980
20121114000390	00113234
20121114000402	00199988
20121114000442	00361594
20121114000511	00358271
20121114000522	00372873
20121114000622	00255044
20121114000654	00365934
20121114000688	00618410
20121114000699	00144252
20121114000712	00463342
20121114000737	00268002
20121114000753	00442570
20121114000819	00442154
20121114000855	00231442
20121114000875	00335076
20121114000936	00105156
20121114000951	00242712
20121114001013	00166519
20121114001043	00103662
20121114001056	00788737
20121114001114	00441304
20121114001128	00203209
20121114001190	00149026
20121114001231	00587466
20121114001245	00526678
20121114001343	00447760
20121114001360	00219440
20121114001435	00531917
20121114001489	00121288
20121114001517	00240857
20121114001527	00265005
20121114001564	00141608
20121114001601	00107987
20121114001630	00370255
20121114001740	00122694
20121127000023	00352064
20121128000054	00541163
20121128000218	00397289
20121128000334	00157636
20121129000317	00657987
20121129000469	00141246
20121129000500	00255619
20121129000523	00136378
20121129000552	00795135
20121129000588	00872984
20121129000668	00858364
20121129000799	00397289
20121129000870	00173032
20121129000993	00143651
20121129001077	00679314
20130214000041	00356839
20130214000114	00125576
20130214000193	00168401
20130214000224	00134316
20130214000292	00136101
20130304000141	00145914
20130307000711	00167192
20130312000277	00141626
20130412001407	00155373
20130507000011	00825959
20130510000308	00128607
20130513000116	00359076
20130513001795	00378220
20130514003085	00188797
20130514003890	00441447
20130514004372	00159786
20130514004956	00576789
20130515000093	00225159
20130515000157	00287812
20130515000200	00258360
20130515000282	00305570
20130515000346	00190756
20130515000425	00116301
20130515000472	00173874
20130515000500	00148993
20130515000559	00148896
20130515000573	00409964
20130515000641	00407771
20130515000659	00120571
20130515000742	00540447
20130515000770	00113128
20130515000807	00172945
20130515000822	00102858
20130515000834	00236863
20130515000865	00403632
20130515000876	00447487
20130515000888	00163673
20130515000911	00384762
20130515000926	00328191
20130515000973	00126566
20130515001004	00103510
20130515001028	00138792
20130515001066	00141389
20130515001098	00126362
20130515001163	00317487
20130515001175	00258801
20130515001194	00375931
20130515001208	00106641
20130515001408	00164830
20130516000034	00574611
20130520000013	00363927
20130521000033	00370255
20130522000072	00137368
20130524000046	00583026
20130524000126	00531014
20130528000235	00660033
20130529000123	00167192
20130529000195	00356802
20130529000257	00616290
20130529000310	00101044
20130529000338	00165060
20130529000398	00138367
20130529000473	00807397
20130530000018	00177816
20130530000040	00170026
20130530000115	00530121
20130530000206	00445799
20130530000246	00157991
20130530000258	00295857
20130530000270	00133663
20130530000286	00129642
20130530000300	00144252
20130530000319	00115384
20130530000335	00608316
20130530000361	00470829
20130530000403	00136226
20130530000419	00427483
20130530000460	00349732
20130530000484	00296078
20130530000502	00351579
20130530000527	00318316
20130530000539	00261443
20130530000552	00152127
20130530000577	00629212
20130530000608	00108001
20130530000619	00103130
20130530000635	00139719
20130530000679	00228059
20130530000759	00365624
20130530000790	00155452
20130530000803	00556907
20130530000833	00271501
20130530000846	00379229
20130530000862	00247975
20130530000883	00240857
20130530000926	00377610
20130530000942	00108940
20130530000958	00357430
20130530000971	00438036
20130530001007	00127255
20130530001056	00120924
20130530001068	00227333
20130530001101	00390860
20130530001202	00268251
20130530001258	00152385
20130530001329	00426068
20130604000074	00144243
20130604000197	00101220
20130605000225	00192499
20130619000170	00132992
20130805000272	00369170
20130812000025	00648721
20130813000013	00128607
20130813000095	00177320
20130813000198	00135999
20130813000240	00127936
20130813000271	00868705
20130813000294	00142713
20130814000123	00899556
20130814000153	00238153
20130814000179	00103510
20130814000207	00250997
20130814000285	00173698
20130814000308	00116301
20130814000344	00223762
20130814000443	00103644
20130814000460	00118008
20130814000481	00141389
20130814000607	00364847
20130814000662	00287812
20130814000712	00113410
20130814000736	00126371
20130814000748	00423177
20130814000783	00628860
20130814000798	00604815
20130814000844	00106669
20130814000859	00706715
20130814000896	00795135
20130814000931	00397289
20130814001009	00164478
20130814001027	00604426
20130814001066	00161976
20130814001081	00350048
20130814001121	00317487
20130814001191	00145880
20130814001220	00133706
20130814001239	00808022
20130814001261	00129420
20130814001292	00143651
20130814001345	00160047
20130814001387	00266952
20130814001404	00606293
20130814001517	00679314
20130819000218	00141246
20130821000110	00362292
20130826000088	00156354
20130827000070	00536523
20130827000196	00415707
20130827000247	00516246
20130827000364	00201733
20130828000089	00445841
20130828000331	00363927
20130828000383	00203023
20130828000471	00264732
20130828000514	00398701
20130829000058	00138057
20130829000085	00352499
20130829000128	00442826
20130829000193	00155452
20130829000206	00162063
20130829000278	00416654
20130829000362	00155948
20130829000380	00123541
20130829000394	00125822
20130829000448	00587457
20130829000499	00149354
20130829000545	00389110
20130829000574	00105299
20130829000608	00447760
20130829000648	00365624
20130829000671	00260958
20130829000831	00153126
20130829000846	00260408
20130829000885	00222532
20130829000900	00231691
20130829000914	00159254
20130829000936	00533508
20130829000958	00552859
20130829001030	00107066
20130829001074	00227333
20130829001124	00156895
20130829001144	00109189
20130829001164	00222435
20130829001191	00336297
20130829001273	00406329
20130829001357	00178790
20130829001413	00109754
20130829001448	00336297
20130829001474	00186559
20130829001539	00150828
20130829001619	00163114
20130829001652	00239639
20130829001726	00268251
20130829001765	00231664
20130829001800	00145552
20130829001865	00186452
20130830000445	00165680
20130904000064	00113526
20131112000106	00599595
20131112000185	00170877
20131113000027	00573269
20131113000071	00128607
20131113000215	00140177
20131113000253	00169215
20131114000127	00363486
20131114000155	00407771
20131114000174	00899556
20131114000217	00128926
20131114000248	00398808
20131114000262	00135999
20131114000282	00121570
20131114000304	00145446
20131114000320	00188797
20131114000358	00372873
20131114000426	00148896
20131114000477	00108241
20131114000500	00102858
20131114000517	00126414
20131114000537	00198192
20131114000571	00365457
20131114000667	00142713
20131114000685	00795135
20131114000705	00540447
20131114000772	00148276
20131114000910	00120562
20131114000924	00126788
20131114000956	00791209
20131114000986	00266961
20131114001004	00145862
20131114001049	00133706
20131114001088	00143314
20131114001139	00255105
20131114001160	00219361
20131114001288	00363246
20131114001344	00120030
20131114001378	00115676
20131114001485	00136721
20131118000182	00169215
20131120000012	00347062
20131121000083	00363510
20131126000179	00373571
20131127000009	00330044
20131127000070	00159254
20131127000125	00109514
20131127000212	00177199
20131127000237	00108490
20131127000262	00117708
20131127000315	00111218
20131127000410	00536523
20131127000487	00164812
20131128000014	00112022
20131128000070	00148920
20131128000115	00157991
20131128000145	00530121
20131128000273	00445799
20131128000401	00147994
20131128000518	00303873
20131128000546	00161860
20131128000593	00258421
20131128000612	00352499
20131128000659	00131832
20131128000717	00426068
20131128000756	00593032
20131128000790	00130763
20131128000836	00127954
20131128000884	00132804
20131128000925	00139889
20131128000941	00236863
20131128000957	00674498
20131128000973	00632304
20131128000999	00141307
20131128001041	00264255
20131128001130	00366942
20131129000290	00103006
20131129000399	00113234
20131129000596	00466428
20131129000677	00146083
20131129001085	00273110
20131129001134	00156150
20131129001199	00158112
20131129001225	00608316
20131129001352	00122694
20131129001387	00389110
20131129001409	00493510
20131129001464	00133812
20131129001542	00155692
20131129001583	00409788
20131129001674	00310156
20131129001721	00260657
20131129001803	00163716
20131129001853	00445054
20131129001968	00127255
20131129002031	00110583
20131205000325	00199988
20131231000262	00130587
20140228001430	00201432
20140303000389	00141626
20140324000449	00364847
20140425000539	00126362
20140507000955	00706715
20140509001431	00252135
20140512001697	00128607
20140513004390	00580056
20140514000552	00170877
20140514002584	00520610
20140514003038	00568188
20140514004356	00109781
20140515000280	00613318
20140515000309	00146427
20140515000335	00660291
20140515000400	00128926
20140515000458	00353610
20140515000489	00190756
20140515000628	00365457
20140515000674	00115065
20140515000694	00305570
20140515000713	00165413
20140515000750	00119195
20140515000763	00896753
20140515000781	00206039
20140515000797	00116268
20140515000831	00141477
20140515000861	00102858
20140515000898	00173874
20140515000917	00148993
20140515000944	00628860
20140515000966	00608699
20140515000990	00356839
20140515001042	00129420
20140515001064	00160205
20140515001086	00122481
20140515001107	00155692
20140515001169	00482426
20140515001279	00795135
20140515001341	00157681
20140515001447	00872984
20140515001564	00138297
20140515001597	00158501
20140515001709	00162461
20140515001791	00447487
20140515001812	00164645
20140515001860	00540571
20140521000029	00164502
20140522000025	00351807
20140523000144	00117027
20140526000174	00842619
20140526000412	00362292
20140527000188	00133663
20140527000465	00362238
20140528000071	00148595
20140528000186	00516246
20140528000250	00298270
20140528000324	00137368
20140529000036	00340272
20140529000134	00112651
20140529000227	00360674
20140529000284	00147152
20140529000504	00252135
20140529000524	00101628
20140529000597	00362201
20140529000628	00149770
20140530000029	00101549
20140530000064	00147994
20140530000080	00102618
20140530000102	00238001
20140530000143	00157636
20140530000188	00361594
20140530000199	00540863
20140530000233	00585538
20140530000318	00154329
20140530000413	00520887
20140530000428	00232089
20140530000449	00365758
20140530000510	00256715
20140530000537	00258421
20140530000568	00203290
20140530000599	00298447
20140530000622	00336297
20140530000639	00125150
20140530000862	00397191
20140530000900	00110608
20140530000938	00259934
20140530000959	00577380
20140530001009	00441304
20140530001034	00107613
20140530001065	00128661
20140530001090	00172185
20140530001125	00360595
20140530001154	00231372
20140530001202	00104573
20140530001297	00488989
20140530001310	00108649
20140530001329	00539274
20140530001375	00108940
20140530001462	00326731
20140530001484	00109189
20140530001710	00145163
20140530001732	00540641
20140530001752	00447928
20140530001797	00129554
20140530001876	00153339
20140530001924	00178790
20140530001969	00428321
20140530002021	00540605
20140530002077	00260657
20140618000192	00147222
20140715000284	00364403
20140731000195	00267942
20140806000222	00203582
20140811000025	00207375
20140811000375	00157399
20140813000010	00186452
20140813000381	00115065
20140813000440	00117212
20140814000013	00359076
20140814000068	00645089
20140814000125	00353878
20140814000176	00755739
20140814000238	00171867
20140814000263	00350020
20140814000346	00109037
20140814000374	00296005
20140814000511	00244561
20140814000551	00526872
20140814000596	00423177
20140814000647	00305668
20140814000769	00119195
20140814000790	00141246
20140814000819	00126292
20140814000857	00126362
20140814000945	00626011
20140814000984	00120571
20140814001022	00105271
20140814001040	00122472
20140814001099	00375931
20140814001119	00392691
20140814001177	00158501
20140814001249	00297448
20140814001270	00638487
20140814001292	00190321
20140814001324	00402110
20140814001348	00136378
20140814001438	00163512
20140814001462	00106641
20140814001496	00532059
20140814001600	00389110
20140818000148	00608839
20140819000092	00142713
20140821000313	00571483
20140822000131	00706715
20140822000329	00146232
20140825000040	00112022
20140826000140	00149804
20140826000234	00161116
20140826000418	00306870
20140827000099	00351579
20140827000138	00357360
20140827000165	00117027
20140827000242	00200910
20140827000415	00614593
20140828000123	00139764
20140828000181	00101549
20140828000352	00492353
20140828000424	00269922
20140828000466	00530185
20140828000577	00264732
20140828000664	00112651
20140828000707	00303396
20140828000785	00490151
20140829000040	00139153
20140829000111	00102113
20140829000141	00161860
20140829000163	00165060
20140829000206	00173351
20140829000285	00164812
20140829000332	00416654
20140829000388	00411048
20140829000423	00385336
20140829000487	00489243
20140829000708	00247975
20140829000757	00159740
20140829000779	00346911
20140829001070	00466428
20140829001135	00141556
20140829001207	00472890
20140829001227	00203290
20140829001261	00447760
20140829001302	00161693
20140829001338	00406329
20140829001359	00176914
20140829001385	00169048
20140829001430	00125521
20140829001442	00130772
20140829001517	00153339
20140829001546	00159731
20140829001645	00228350
20140829001682	00296078
20140829001763	00151368
20140829001801	00227333
20140829001823	00587466
20140829001855	00379229
20140829001958	00540605
20140829001987	00143527
20140829002007	00129554
20140829002059	00219848
20141027000675	00273110
20141110000440	00310156
20141111000285	00163114
20141112000067	00186939
20141112000366	00114552
20141113000035	00188797
20141113000225	00416414
20141113000348	00162416
20141113000452	00803425
20141114000006	00127909
20141114000025	00228059
20141114000061	00221728
20141114000096	00190756
20141114000172	00612294
20141114000262	00132637
20141114000281	00140168
20141114000409	00350020
20141114000447	00148896
20141114000476	00145862
20141114000590	00172945
20141114000611	00154055
20141114000630	00126371
20141114000646	00373571
20141114000662	00441650
20141114000680	00203209
20141114000714	00412597
20141114000746	00133706
20141114000808	00296005
20141114000865	00113359
20141114000929	00635134
20141114000971	00141671
20141114000999	00444329
20141114001028	00654272
20141114001111	00115694
20141114001134	00120571
20141114001204	00563545
20141114001226	00222532
20141114001274	00389110
20141114001319	00450931
20141114001385	00414850
20141114001399	00105271
20141114001440	00842619
20141114001464	00402110
20141114001521	00219361
20141114001558	00120562
20141114001639	00679314
20141114001665	00152880
20141117000052	01008762
20141117000176	00828789
20141119000074	00137368
20141120000094	00168331
20141120000393	00168331
20141121000083	00156354
20141121000189	00160843
20141124000082	00626464
20141124000164	00203023
20141125000077	00117027
20141125000219	00533508
20141125000366	00203290
20141126000161	00167031
20141126000202	00593032
20141126000314	00121534
20141127000014	00226352
20141127000069	00269922
20141127000222	00363927
20141127000375	00271501
20141127000623	00242712
20141128000002	00146542
20141128000152	00235183
20141128000216	00139764
20141128000429	00159254
20141128000472	00249982
20141128000516	00105299
20141128000585	00140779
20141128000718	00199252
20141128000766	00158565
20141128000840	00366845
20141128000922	00130879
20141128000993	00122898
20141128001032	00161693
20141128001052	00530185
20141128001072	00815369
20141128001096	00296263
20141128001130	00346911
20141128001270	00409788
20141128001319	00146436
20141128001502	00176914
20141128001560	00160302
20141128001599	00116949
20141128001621	00442145
20141128001686	00130091
20141128001759	00231044
20141128001777	00204262
20141128001925	00488989
20141201000130	00127255
20141201000162	00349811
20141201000174	00129642
20141201000197	00153278
20141201000228	00526696
20141201000302	00159740
20141201000362	00130763
20141201000544	00260958
20141201000587	00125521
20141201000664	00150828
20141201000715	00365624
20141201000787	00125576
20141201000851	00540605
20141201000875	00147152
20141201000895	00162993
20141201000929	00140946
20141201000965	00260657
20141203000272	00171636
20141211000109	00137359
20150216000252	00136721
20150429000818	00145880
20150504000190	00121932
20150512000105	00199076
20150512001002	00166175
20150512001849	00116268
20150513001245	00232089
20150513001738	00479705
20150513002426	00531014
20150513003790	00378628
20150514000972	00469799
20150514002097	00112651
20150514002693	00356802
20150514002810	00132637
20150514003318	00249982
20150514003655	00167031
20150514003706	00628860
20150514003938	00114792
20150514004621	00253985
20150514004815	00568188
20150514004952	00356839
20150514005155	00490151
20150514005261	00580667
20150514005405	00138516
20150515000051	00101549
20150515000108	00508274
20150515000232	00684802
20150515000265	00201131
20150515000282	00351630
20150515000331	00110608
20150515000353	00139764
20150515000427	00168331
20150515000488	00625942
20150515000518	00418379
20150515000610	00139685
20150515000709	00260569
20150515000754	00159616
20150515000815	00128412
20150515000838	00166272
20150515000848	00687711
20150515000876	00159740
20150515000909	00127167
20150515000938	00371740
20150515000953	00608802
20150515001008	00160843
20150515001049	00131197
20150515001087	00478900
20150515001137	00728638
20150515001151	00624998
20150515001161	00130091
20150515001174	00305668
20150515001188	00571483
20150515001287	00661847
20150515001301	00583026
20150515001311	00623184
20150515001354	00159254
20150515001368	00122825
20150515001399	00177199
20150515001419	00480455
20150515001430	00102858
20150515001442	00453929
20150515001455	00528515
20150515001479	00124504
20150515001507	00372882
20150515001536	00173874
20150515001563	00550994
20150515001583	00178851
20150515001610	00442154
20150515001653	00318316
20150515001711	00242378
20150515001743	00117337
20150515001755	00164779
20150515001772	00142661
20150515001787	00573579
20150515001796	00349811
20150515001881	00165680
20150515001917	00266952
20150515001947	00608316
20150515001994	00838962
20150515002028	00161693
20150515002077	00172680
20150515002095	00134565
20150515002111	00150165
20150515002143	00249441
20150515002178	00492894
20150515002218	00219848
20150515002294	00203023
20150515002332	00186559
20150515002372	00140946
20150515002411	00585538
20150515002465	00162993
20150515002552	00138598
20150515002575	00203315
20150515002613	00102432
20150515002658	00977641
20150515002668	00799177
20150515002694	00990165
20150515002707	00307222
20150515002739	00131832
20150515002760	00125530
20150515002784	00346911
20150515002858	00367695
20150520000352	00136378
20150527000011	00917861
20150529000585	01035678
20150529001201	00128315
20150601000991	00296005
20150601001171	00173032
20150630000110	00129679
20150728000163	00101044
20150807000337	00397252
20150811000249	00162416
20150812000112	00531014
20150813000015	00390903
20150813000034	00163761
20150813000076	00148920
20150813000124	00139764
20150813000183	00415594
20150813000207	00440712
20150813000253	00128412
20150813000271	00530121
20150813000363	00728638
20150813000383	00185222
20150813000434	00855093
20150813000525	00161781
20150813000570	00303192
20150813000624	00445160
20150813000685	00326731
20150813000722	00111722
20150813000739	00628860
20150813000753	00108746
20150813000784	00230425
20150813000860	00249247
20150813000886	00141671
20150813000907	00200910
20150813000956	00551920
20150813001016	00265005
20150813001032	00162586
20150813001089	00447928
20150813001114	00138701
20150813001155	00645089
20150813001191	00122898
20150813001230	00379229
20150813001245	00466428
20150813001261	00159616
20150813001273	00187415
20150813001286	00307222
20150813001322	00480048
20150813001355	00152862
20150813001405	00117212
20150813001444	00583026
20150813001467	00163512
20150813001487	00171265
20150814000002	00260392
20150814000025	00158015
20150814000061	00371485
20150817000018	00143527
20150817000038	00238001
20150817000120	00442154
20150817000133	00317681
20150817000153	00353878
20150817000184	00442561
20150817000257	00297095
20150817000292	01008762
20150817000320	00166175
20150817000410	00528515
20150817000435	00108977
20150817000479	00330424
20150817000561	00296078
20150817000575	00427483
20150817000621	00276834
20150817000637	00103130
20150817000668	00980122
20150817000696	00157539
20150817000712	00150633
20150817000729	00526836
20150817000741	00249441
20150817000784	00102858
20150817000809	00111689
20150817000853	00249502
20150817000876	00306162
20150817000888	00547583
20150817000896	00137252
20150817000915	00137058
20150817000937	00108490
20150817000956	00838962
20150817000966	00407814
20150817000996	00603348
20150817001052	00220109
20150817001072	00117601
20150817001102	00188089
20150817001150	00114792
20150817001163	00101628
20150817001176	00131780
20150817001199	00403632
20150817001226	00105961
20150817001238	00146649
20150817001258	00122472
20150817001347	00147152
20150817001363	00180263
20150817001380	00164742
20150817001457	00256502
20150817001469	00247975
20150817001513	00155355
20150817001528	00296263
20150817001558	00390365
20150817001578	00127954
20150817001628	00540605
20150817001694	00318662
20150817001743	00243067
20150826000001	00329093
20150827000157	00132354
20150828000283	00105156
20150831000632	00608699
20150831001417	00994994
20150901000272	00126362
20151007000304	00137207
20151028000087	00587457
20151102000074	00177816
20151105000133	00242712
20151109000148	00125576
20151110000083	01013311
20151111000016	00813389
20151111000144	00415594
20151111000372	00378628
20151112000010	00269612
20151112000031	00413523
20151112000066	00115065
20151112000104	00480367
20151112000264	00527491
20151112000343	00164779
20151112000364	00126089
20151112000432	00480367
20151113000034	00148993
20151113000068	00445160
20151113000083	00533508
20151113000098	00435969
20151113000117	00167031
20151113000161	00540863
20151113000189	00153126
20151113000207	00923826
20151113000229	00445841
20151113000245	00814786
20151113000350	00442905
20151113000452	00410997
20151113000468	00147152
20151113000488	00216762
20151113000504	00145163
20151113000562	00101044
20151113000581	00126566
20151113000592	00260408
20151113000602	00606664
20151113000640	00155531
20151113000674	00684714
20151113000718	00260958
20151113000731	00632304
20151113000743	00161046
20151113000778	00385336
20151113000816	00803425
20151113000845	00526836
20151113000918	00520610
20151113000944	00574611
20151113000959	00389998
20151113000974	00104786
20151113001005	00209780
20151113001043	00144818
20151113001061	00203023
20151113001142	00261957
20151113001160	00232089
20151113001177	00580056
20151116000002	00390903
20151116000076	00239514
20151116000147	00133663
20151116000161	00454399
20151116000176	00363246
20151116000207	00728638
20151116000248	00126487
20151116000288	00503668
20151116000311	00146427
20151116000321	00442561
20151116000369	00158565
20151116000452	00127909
20151116000472	00201432
20151116000487	00132992
20151116000511	00113234
20151116000535	00250137
20151116000569	00442826
20151116000657	00105961
20151116000698	00520887
20151116000724	00249894
20151116000734	00106669
20151116000746	00138190
20151116000780	00390365
20151116000809	00148896
20151116000822	00140779
20151116000923	00117276
20151116000940	00228059
20151116000954	00356370
20151116001027	00268251
20151116001098	00628189
20151116001107	00626011
20151116001117	00188089
20151116001129	00148939
20151116001141	00172945
20151116001164	00608316
20151116001199	00541437
20151116001214	00104537
20151116001262	00102432
20151116001294	00134565
20151116001303	00180263
20151116001322	00163673
20151116001343	00162461
20151116001358	00425351
20151116001422	00303703
20151116001437	00158219
20151116001450	00145880
20151116001481	00164788
20151116001589	00136378
20151116001609	00111218
20151116001670	00220561
20151116001691	00120076
20151116001712	00318662
20151116001744	00124197
20151116001802	00232007
20151116001834	00122472
20151116001902	00204226
20151124000221	00105855
20151130000952	00606293
20151130001265	00128315
20160212000076	00201432
20160215000221	00168401
20160428000007	00399694
20160511002180	00531014
20160511002875	00435969
20160512000605	00480367
20160512001861	00145163
20160512003170	00813389
20160512003440	00203290
20160513000164	00352499
20160513000380	00533508
20160513000651	00177320
20160513002165	00242934
20160513002721	00163318
20160513002966	00332927
20160513003199	00167031
20160513003379	00525934
20160513003444	00172945
20160513003660	00660121
20160513003731	00694942
20160513003795	00130879
20160513004269	00188797
20160513004326	00138516
20160513004414	00445841
20160513004508	00990165
20160513004602	00576789
20160513004694	00306870
20160513004879	00203847
20160513004928	00124151
20160513004982	00220109
20160513005126	00146296
20160513005219	00495086
20160513005250	00508274
20160513005332	00263654
20160513005461	00260408
20160513005509	00152880
20160516000243	00132868
20160516000293	00133706
20160516000402	00154718
20160516000492	00156354
20160516000549	00631837
20160516000609	00128412
20160516000754	00318316
20160516000835	00303192
20160516000932	00116949
20160516001108	00540429
20160516001177	00158015
20160516001229	00128175
20160516001283	00542074
20160516001306	00330044
20160516001329	00151128
20160516001398	00110431
20160516001425	00150165
20160516001449	00137359
20160516001471	00259590
20160516001492	00140177
20160516001506	00821607
20160516001526	00149770
20160516001556	00364254
20160516001583	00172079
20160516001633	00360595
20160516001665	00103042
20160516001732	00166272
20160516001798	00303703
20160516001874	00385336
20160516001892	00122472
20160516002017	00470829
20160516002039	00888347
20160516002063	00189538
20160516002094	00599106
20160516002109	00612188
20160516002288	00138260
20160516002331	00350312
20160516002368	00626011
20160516002415	00308559
20160516002435	00403632
20160516002454	00126186
20160516002514	00243757
20160516002592	00115612
20160516002615	00674498
20160516002760	00104537
20160516002781	00795135
20160516002816	00453929
20160516002879	00111810
20160516002948	00126566
20160516002971	00361008
20160516003006	00113207
20160516003045	00145862
20160516003066	00118275
20160516003134	00372226
20160516003150	00136378
20160516003190	00302926
20160516003210	00141307
20160516003242	00228536
20160516003281	00161976
20160516003309	00231363
20160516003347	00117337
20160516003413	00124090
20160516003438	00535746
20160516003450	00864338
20160516003508	00121543
20160516003539	00163512
20160516003560	00164478
20160516003588	00126478
20160516003630	00872984
20160516003654	00140131
20160516003681	00422284
20160516003697	00937324
20160516003727	00983040
20160516003759	00123541
20160516003860	00105138
20160519000175	00369170
20160526000087	00663669
20160527000407	00842619
20160530000325	00171867
20160530000512	01042085
20160530000708	00126414
20160711000295	00365590
20160808000354	00132637
20160809000188	00945457
20160811000029	00400060
20160811000095	00573269
20160811000256	00287788
20160811000405	00190756
20160812000085	00361169
20160812000166	00529815
20160812000201	00199076
20160812000233	00623661
20160812000338	00406727
20160812000438	00415594
20160812000482	00256380
20160812000504	00242378
20160812000561	00526872
20160812000626	00390903
20160812000687	00148896
20160812000759	00266952
20160812000791	00103130
20160812000804	00306870
20160812000836	00753643
20160812000857	00202839
20160812000870	00568461
20160812000893	00104786
20160812000906	00108746
20160812000924	00180795
20160812000939	00138279
20160812000970	00809429
20160812001029	00101044
20160812001049	00495086
20160812001111	00241209
20160812001136	00580056
20160812001151	00113207
20160812001210	00378628
20160812001421	00409964
20160812001450	00102618
20160816000070	00155948
20160816000096	00165060
20160816000143	00128175
20160816000231	00169215
20160816000270	00126788
20160816000289	00166175
20160816000339	00370200
20160816000402	00347062
20160816000431	00269889
20160816000451	00367695
20160816000467	00159786
20160816000487	00158325
20160816000500	00339072
20160816000534	00130763
20160816000547	00407814
20160816000624	00613318
20160816000749	00173449
20160816000800	00359580
20160816000865	00916516
20160816000888	00423177
20160816000951	00156910
20160816000964	00612188
20160816000992	00168401
20160816001004	00439965
20160816001019	00265324
20160816001039	00440712
20160816001108	01047415
20160816001116	00106313
20160816001127	00626011
20160816001140	00143226
20160816001190	00115694
20160816001202	00206039
20160816001215	01067516
20160816001288	00188089
20160816001302	00228059
20160816001386	00346911
20160816001425	00195229
20160816001439	00487546
20160816001451	00631518
20160816001481	00305668
20160816001542	00349811
20160816001565	00438036
20160816001603	00303794
20160816001632	00427483
20160816001679	00656289
20160816001689	00409140
20160816001740	00121543
20160816001770	00681249
20160816001823	00645089
20160816001836	00265005
20160816001878	00141246
20160816001905	00149354
20160816001959	00492353
20160816001995	00108241
20160816002005	00362238
20160816002090	00164478
20160816002101	00111218
20160816002161	00164830
20160816002201	00227333
20160816002224	00160588
20160825000260	00879020
20160829000105	00260745
20160829000269	00536541
20160829000423	00126414
20160829000553	01032413
20160913000267	00227333
20161028000362	00159616
20161108000112	00329093
20161109000318	00268002
20161110000019	00255433
20161110000213	00529815
20161110000448	00820352
20161111000103	00469799
20161111000138	00157991
20161111000153	00442905
20161111000179	00435969
20161111000251	00130879
20161111000303	00550994
20161111000342	00664853
20161111000354	00109514
20161111000400	00152127
20161111000433	01060744
20161111000450	00667425
20161111000485	00990165
20161111000526	00258801
20161111000558	00112165
20161111000577	00495086
20161111000591	00273420
20161111000614	00216762
20161111000711	01043853
20161111000738	00508344
20161111000761	00362238
20161111000790	00327396
20161114000007	00331016
20161114000072	00242378
20161114000087	00101549
20161114000178	00172680
20161114000201	00157399
20161114000213	00127909
20161114000259	00204226
20161114000384	00142883
20161114000438	00599595
20161114000519	00131896
20161114000537	00811372
20161114000549	00348292
20161114000567	00169215
20161114000600	00595191
20161114000640	01036367
20161114000664	00259590
20161114000677	00104810
20161114000690	00146083
20161114000707	00133663
20161114000787	00129420
20161114000802	00161860
20161114000851	00317681
20161114000912	00146232
20161114000938	00126955
20161114000948	00114792
20161114000958	00463342
20161114000985	00105271
20161114000994	00361008
20161114001012	00157681
20161114001038	00317487
20161114001047	00660121
20161114001072	00359623
20161114001102	00487546
20161114001140	00472890
20161114001247	00587466
20161114001256	00120906
20161114001296	00161781
20161114001322	00356370
20161114001342	00173591
20161114001354	00807397
20161114001366	00117601
20161114001381	00140168
20161114001399	00178790
20161114001414	00608699
20161114001438	00143651
20161114001462	00181943
20161114001482	00418379
20161114001541	00684714
20161114001583	00125743
20161114001603	00163114
20161114001620	01075126
20161114001636	00128555
20161114001648	00151128
20161114001692	00378628
20161114001706	00488989
20161114001719	00403632
20161114001747	00379229
20161114001761	00357935
20161114001807	00442154
20161114001819	00180263
20161114001841	00220561
20161114001864	00148939
20161114001890	00425351
20161114001950	00977650
20161114001966	00228350
20161114001982	00121543
20161114002008	00635134
20161114002017	00240857
20161114002032	00103176
20161114002049	00150633
20161114002079	00147860
20161114002118	00162586
20161114002135	00126566
20161114002150	00106623
20161114002226	01047707
20161114002244	00219361
20161114002262	00620868
20161114002281	00132804
20161114002299	00144243
20161114002370	00203315
20161114002400	00115287
20161114002422	00679314
20161114002440	00138279
20161114002455	00247975
20161114002468	00197759
20161114002486	00160302
20161114002519	00828789
20161114002575	00152385
20161114002598	00195229
20161114002612	00130763
20161129000032	00983916
20161129000513	00296005
20161129000611	00670340
20170214000450	00144818
20170425000095	00596260
20170510002240	00137368
20170511000358	00166175
20170512000177	00131018
20170512000700	00369657
20170512001930	00148920
20170512003588	00157991
20170512004337	00113243
20170512004519	00138598
20170512005010	00202839
20170512005283	00160843
20170512005427	00508344
20170512005670	00165680
20170512005729	00136378
20170512006204	00305570
20170512006267	00809429
20170515000075	00133876
20170515000349	00158149
20170515000382	00153375
20170515000454	00130879
20170515000728	01108442
20170515001158	00149770
20170515001179	00221728
20170515001300	00352499
20170515001372	00915508
20170515001507	00222435
20170515001536	00329093
20170515001606	00303396
20170515001635	00617314
20170515001727	00148993
20170515001750	00108490
20170515001788	00261373
20170515001833	00540863
20170515001868	00118804
20170515002062	00160232
20170515002149	01036367
20170515002178	00168401
20170515002203	00261656
20170515002234	00145686
20170515002261	00135999
20170515002311	00371485
20170515002444	00192499
20170515002521	00706715
20170515002595	00335076
20170515002649	00112022
20170515002669	00365590
20170515002726	00543204
20170515002796	00363510
20170515002861	00128555
20170515002895	00107066
20170515002922	00303794
20170515002939	00612294
20170515002973	00807397
20170515002989	00403632
20170515003003	00103042
20170515003043	00200910
20170515003060	00632304
20170515003073	00359623
20170515003095	00260930
20170515003105	00161976
20170515003156	00264732
20170515003176	00917861
20170515003190	00526678
20170515003206	00162063
20170515003230	00363592
20170515003266	01049422
20170515003289	00100601
20170515003391	00939942
20170515003404	00249894
20170515003422	00103644
20170515003449	00109037
20170515003580	00413523
20170515003610	00109718
20170515003763	00356370
20170515003778	00693651
20170515003819	00631518
20170515003838	00348034
20170515003922	00144252
20170515003938	00243067
20170515003972	00442561
20170515004005	00147860
20170515004066	00154329
20170515004086	00122579
20170515004103	00104537
20170515004140	00105271
20170515004163	00674498
20170515004194	00556615
20170515004217	00364467
20170515004252	00336297
20170515004309	00121941
20170515004317	00302926
20170515004376	00542898
20170515004391	00385415
20170515004461	00126788
20170515004488	00346911
20170515004505	00149026
20170515004537	00143651
20170515004563	00635134
20170515004582	00357935
20170515004618	00164830
20170515004634	00153861
20170515004679	00989664
20170515004736	00427483
20170515004761	00545734
20170515004784	00111810
20170515004821	00102432
20170515005036	01064069
20170519000450	00664181
20170529000121	00527464
20170530000101	00398808
20170530000306	01070149
20170602000034	00247975
20170808000009	00225159
20170810000508	00113526
20170811000188	00121039
20170811000240	01208849
20170811000291	00260569
20170811000474	00838962
20170811000592	00657002
20170811000688	00158963
20170811000711	00266952
20170811000729	00317681
20170811000829	00155212
20170811000848	00128111
20170811000861	00495086
20170811000898	00122551
20170811000951	00204226
20170811001025	00370918
20170811001048	00571483
20170811001168	00378363
20170811001180	00243067
20170811001197	00153339
20170814000009	00157636
20170814000166	00144252
20170814000482	00118804
20170814000573	01042429
20170814000613	00172945
20170814000626	00108649
20170814000940	00115065
20170814001053	00384762
20170814001125	01047707
20170814001194	00526678
20170814001246	00105952
20170814001274	00492894
20170814001285	00126371
20170814001353	00445054
20170814001365	00397252
20170814001375	00536523
20170814001388	00117230
20170814001415	00269889
20170814001429	00138297
20170814001464	00666064
20170814001525	00308896
20170814001629	00141477
20170814001663	01031502
20170814001847	00156895
20170814001884	00608839
20170814001911	00164830
20170814001958	00159102
20170814001970	00141307
20170814001981	00117601
20170814002015	00303396
20170814002029	00136378
20170814002047	00542074
20170814002077	00428251
20170814002110	00599957
20170814002194	00606293
20170814002213	00126478
20170814002229	00243979
20170814002300	00364403
20170814002333	00360595
20170814002349	00121969
20170814002390	00483735
20170829000081	00398808
20170908000462	00266961
20171106000213	00362292
20171108000018	01179608
20171113000029	00228059
20171113000086	00369170
20171113000298	00359623
20171113000466	00612489
20171113000684	00120182
20171113000715	00202839
20171114000087	00220622
20171114000130	00531917
20171114000285	01078178
20171114000340	00599957
20171114000350	00616290
20171114000387	00366942
20171114000398	00397289
20171114000430	00132868
20171114000562	00330044
20171114000631	00260569
20171114000681	00126788
20171114000729	00118275
20171114000744	00470829
20171114000784	01013694
20171114000799	00159254
20171114000858	00340272
20171114000941	00131197
20171114000971	00939687
20171114001002	00140168
20171114001062	00185046
20171114001105	00172945
20171114001210	00663669
20171114001239	00106669
20171114001296	00132211
20171114001351	00453929
20171114001443	00120030
20171114001502	00113234
20171114001531	00145163
20171114001560	00113191
20171114001604	00141477
20171114001717	00112332
20171114001962	00814786
20171114001975	00415868
20171114001994	00156150
20171114002035	00453488
20171114002051	00303873
20171114002125	00683007
20171114002208	00150633
20171114002292	00606293
20171114002384	00139889
20171114002428	00232089
20171114002452	00146649
20171114002528	00580199
20171114002565	00332927
20171114002580	00243067
20171114002596	00120076
20171114002622	00820352
20171114002657	00126478
20171117000393	00530413
20171129000159	00323868
20171129000776	01124680
20180209000099	00241209
20180228002234	00109693
20180430001826	00265324
20180504002081	00695969
20180510001501	00385415
20180511005209	00552859
20180514001476	00127857
20180514004763	00915508
20180514004974	00372688
20180515000089	00130772
20180515000152	00221728
20180515000195	00264547
20180515000311	00360674
20180515000339	00389970
20180515000420	00957735
20180515000498	00526599
20180515000540	00449254
20180515000678	00101220
20180515000781	00118275
20180515000810	00418379
20180515000893	00160010
20180515000908	01135941
20180515001054	00260745
20180515001162	00156150
20180515001302	00482426
20180515001321	00105961
20180515001403	00365590
20180515001416	00100601
20180515001487	00377018
20180515001509	00134565
20180515001572	00728638
20180515001601	00336297
20180515001681	00117027
20180515001694	00144243
20180515001706	00166272
20180515001719	00176914
20180515001732	00209780
20180515001805	00620868
20180515001835	00977650
20180515001861	00125521
20180515001925	00815095
20180515001971	00413523
20180515001986	00983916
20180515002003	00139719
20180515002055	00663669
20180515002068	00120571
20180515002092	00188089
20180515002102	00143651
20180515002134	00415707
20180515002173	00227333
20180515002222	00138279
20180515002280	00428321
20180515002339	00115287
20180515002353	00106641
20180515002407	00239639
20180515002423	00181712
20180515002447	00113207
20180515002458	00317487
20180515002473	00261285
20180515002483	00265421
20180515002520	00937324
20180515002608	00126566
20180809000331	01074862
20180810000193	01014055
20180810000564	00105606
20180810000627	00203023
20180813000575	00249982
20180813000723	00271501
20180814000052	00148531
20180814000078	00129642
20180814000313	00155638
20180814000417	00616962
20180814000677	00888347
20180814000693	00219848
20180814000703	00118275
20180814000717	00134565
20180814000750	00258689
20180814000817	00631837
20180814000834	00201131
20180814000872	00113261
20180814000888	00122825
20180814000906	00404701
20180814001100	00138190
20180814001140	00899556
20180814001175	00260930
20180814001213	00209780
20180814001247	00158112
20180814001270	00103510
20180814001279	00172291
20180814001346	01009789
20180814001388	00317487
20180814001424	00416414
20180814001461	00163318
20180814001523	00442835
20180814001554	00266961
20180814001567	00132211
20180814001580	00133663
20180814001590	00144164
20180814001599	00132354
20180814001639	00104856
20180814001738	00616290
20180814001763	00133812
20180814001777	00645089
20180814001815	00148939
20180814001851	01135941
20180814001860	00130383
20180814001916	00580199
20180814001989	00110608
20180814002048	00124504
20180814002073	00181712
20180814002114	00206686
20180814002139	00405278
20180814002164	00579999
20180814002198	00256715
20180814002260	00139719
20180814002362	00102432
20180814002391	00369213
20180814002422	00223762
20180814002523	00295857
20180814002543	01032404
20180814002565	00153861
20180814002577	00349097
20180814002599	00162063
20180814002647	00219097
20180814002662	00635134
20180814002693	00146436
20180814002719	00163673
20180814002748	00427483
20180814002764	00146649
20180814002776	00442154
20180814002791	00536541
20180814002802	00149947
20180814002813	00111810
20180814002827	00422284
20180814002841	00109693
20180814002901	00983040
20180817000101	00108135
20180823000301	00346911
20180829000514	00753643
20181109000307	00136721
20181109000491	00105606
20181112000006	00117188
20181112000178	00195229
20181113000316	00102140
20181113000408	00113526
20181113000422	00228712
20181113000514	00110884
20181113000582	00435969
20181114000106	00101549
20181114000181	00442154
20181114000237	00533003
20181114000302	00623661
20181114000345	00357430
20181114000363	00616290
20181114000381	00602172
20181114000425	00411048
20181114000476	00605328
20181114000487	00303396
20181114000523	00366845
20181114000541	00115612
20181114000626	00159786
20181114000664	00116408
20181114000682	00132868
20181114000732	00256715
20181114000785	00155212
20181114000812	00125974
20181114000827	00121686
20181114000922	00957735
20181114000962	00171265
20181114000998	00121039
20181114001049	00124504
20181114001105	00148896
20181114001130	00105855
20181114001143	01089350
20181114001193	00105961
20181114001202	00357740
20181114001275	00105299
20181114001289	00390408
20181114001306	00367604
20181114001327	00156150
20181114001340	00372226
20181114001369	00103006
20181114001396	00104573
20181114001409	00815767
20181114001497	00108135
20181114001507	00116268
20181114001520	00155212
20181114001556	00158015
20181114001573	00220109
20181114001586	00126371
20181114001628	00109718
20181114001641	00173449
20181114001655	00572905
20181114001711	00651017
20181114001791	01089378
20181114001819	01008762
20181114001832	00308896
20181114001853	00422284
20181114001866	00816544
20181114001917	00414850
20181114001940	00136378
20181114001976	00153126
20181114001987	00115287
20181114002001	00695969
20181114002046	01251577
20181114002079	00145880
20181114002108	00138297
20181114002125	00240857
20181114002193	00587466
20181114002224	00152686
20181114002305	00425351
20181114002336	00525934
20181114002448	00259590
20181114002463	00144818
20181114002479	00163512
20181114002504	00406046
20181114002514	00563837
20181114002550	00923792
20181114002617	00104856
20181114002649	00665676
20181114002678	00760971
20181114002741	00596260
20181114002797	00161781
20181114002812	00108913
20181114002839	00618410
20181114002856	00160047
20181114002885	00145552
20181114002900	00155319
20181114002926	00140858
20181128000607	00186939
20181129000431	00243979
20190314001332	00877059
20190510000636	00435969
20190513000440	00356839
20190514000109	00416414
20190514000230	01146220
20190514000399	00123541
20190514000766	00842585
20190514000987	00876908
20190515000029	00119672
20190515000091	00204642
20190515000103	00536329
20190515000234	00486370
20190515000257	00105138
20190515000395	00683007
20190515000503	00679314
20190515000612	00363927
20190515000630	00618410
20190515000734	00872984
20190515000805	00693554
20190515000819	00166519
20190515000854	00269889
20190515000906	00469799
20190515000946	00423177
20190515000971	00491938
20190515001013	00210740
20190515001085	00104810
20190515001121	00456218
20190515001260	00526696
20190515001285	00651017
20190515001306	01109539
20190515001354	00145464
20190515001363	00113997
20190515001476	01047451
20190515001549	00151395
20190515001577	00442145
20190515001662	00265005
20190515001721	00231363
20190515001737	00130587
20190515001802	00576789
20190515001894	00816544
20190515002044	00243067
20190515002157	00197759
20190515002167	00295857
20190515002207	00181712
20190515002222	00124151
20190515002239	00843900
20190515002276	00153339
20190515002344	00392691
20190515002387	00813389
20190515002417	00357740
20190515002482	00136402
20190515002623	00475985
20190515002670	00481454
20190515002714	00365387
20190515002727	00113526
20190515002742	00160047
20190516000161	00186939
20190521000356	00904672
20190813000002	00392691
20190813000259	00195229
20190813000425	00527491
20190813000562	00442561
20190814000038	01243161
20190814000161	00164502
20190814000189	00103015
20190814000230	00126487
20190814000291	00167192
20190814000352	00578538
20190814000564	00113225
20190814000576	00239514
20190814000643	00178790
20190814000661	00103662
20190814000756	00122825
20190814000766	00611912
20190814000892	00877819
20190814000935	00363246
20190814000943	00409964
20190814000983	00939331
20190814001022	00583026
20190814001076	00628860
20190814001168	00362238
20190814001233	00130408
20190814001289	00198697
20190814001330	00145260
20190814001458	00409371
20190814001466	00121969
20190814001488	00255105
20190814001534	00442826
20190814001557	00116268
20190814001610	00157991
20190814001681	00118044
20190814001694	00102353
20190814001713	00564562
20190814001733	01234297
20190814001821	00390860
20190814001874	00645089
20190814001898	00105299
20190814001940	01067808
20190814002070	00153755
20190814002126	00103130
20190814002257	00139889
20190814002276	00540429
20190814002368	00144720
20190814002387	00264547
20190814002649	00188089
20190814002692	00120906
20190814002733	00101220
20190814002843	00117188
20190814002883	00249502
20190814002896	00390408
20190814002914	00130587
20190814002925	00260611
20190814002937	00271501
20190814002974	00173874
20190814002986	00453488
20190829000712	00599151
20190829000930	00367695
20190920000360	00149655
20191111000137	00608839
20191112000069	00375931
20191112000312	01113754
20191113000083	01136348
20191113000120	01011438
20191113000310	00415594
20191113000415	00545734
20191113000497	00124805
20191113000528	00530556
20191113000605	00596260
20191113000641	00249982
20191114000088	00364403
20191114000119	00389998
20191114000130	01027794
20191114000153	00230425
20191114000194	00406329
20191114000275	00142713
20191114000317	00398668
20191114000419	00447487
20191114000518	00203023
20191114000544	00664048
20191114000607	00121288
20191114000629	00139153
20191114000657	00230814
20191114000690	00128546
20191114000699	00101628
20191114000715	00146427
20191114000723	01109715
20191114000745	00109286
20191114000778	00123523
20191114000895	00456218
20191114001010	00156859
20191114001092	00611736
20191114001118	00350020
20191114001216	00568188
20191114001299	00525882
20191114001308	00614593
20191114001353	00157636
20191114001394	00113261
20191114001445	00104810
20191114001469	00121039
20191114001502	00112721
20191114001529	00122205
20191114001542	00526599
20191114001551	00132354
20191114001660	00442048
20191114001694	00807397
20191114001746	00530121
20191114001758	00788773
20191114001807	00795135
20191114001818	00560982
20191114001906	00105138
20191114001917	00129679
20191114001929	00120906
20191114001954	00140964
20191114001968	00268002
20191114001999	00155124
20191114002014	00151368
20191114002056	00938721
20191114002155	00296005
20191114002164	00258360
20191114002197	00120571
20191114002291	00413417
20191114002314	00176914
20191114002479	00266961
20191114002490	00261285
20191114002504	01205851
20191114002547	00163512
20191114002563	00130587
20191114002738	00111218
20191224000394	00876908
20200214000912	00122205
20200330003564	00760971
20200330004424	00535746
20200514000594	00120076
20200514000625	00611736
20200514000752	01025644
20200514001048	00317487
20200515000037	00632845
20200515000185	00526951
20200515000343	00867098
20200515000375	01101254
20200515000389	00307028
20200515000431	00105138
20200515000469	00139764
20200515000611	00145446
20200515000634	00133876
20200515000870	00159218
20200515000945	00357607
20200515001007	00155638
20200515001183	00150165
20200515001202	00106313
20200515001373	00126487
20200515001410	00260745
20200515001437	00104768
20200515001446	00113234
20200515001477	01067808
20200515001524	00536541
20200515001547	00266934
20200515001607	00125576
20200515001628	01316245
20200515001671	00137289
20200515001703	00126414
20200515001712	00367695
20200515001772	01020524
20200515001813	01008762
20200515001927	00606664
20200515001998	00127954
20200515002027	00255105
20200515002069	01043853
20200515002200	00297989
20200515002274	00145914
20200515002335	00552992
20200515002362	00243067
20200515002392	00152862
20200515002408	00231363
20200515002441	01075126
20200515002468	00208444
20200515002546	00145552
20200515002570	00426068
20200515002625	00530413
20200515002671	00310156
20200515002700	00121686
20200515002745	00104786
20200515002819	00297989
20200529000820	01080687
20200615000198	00663669
20200721000353	00242378
20200811000219	01326792
20200812000262	00137252
20200812000401	00243979
20200813000052	00125150
20200813000325	00404701
20200813000381	00156910
20200813000404	00624749
20200813000563	00148610
20200813000581	00626464
20200813000732	00970453
20200814000093	00599595
20200814000167	00113225
20200814000378	01335930
20200814000559	00564562
20200814000674	00137207
20200814000791	00157636
20200814000807	00307028
20200814000872	00259590
20200814000917	00128175
20200814000933	00302926
20200814001086	00161693
20200814001178	00259545
20200814001244	00407771
20200814001396	00367695
20200814001427	00210740
20200814001554	01042650
20200814001662	01020524
20200814001820	00377018
20200814001853	00820352
20200814001888	00125974
20200814001925	00977650
20200814001949	00132354
20200814001959	00539274
20200814001980	00126955
20200814002075	00442048
20200814002122	00127954
20200814002153	00664048
20200814002173	00102858
20200814002185	00186559
20200814002267	00243757
20200814002397	00120021
20200814002417	01153293
20200814002439	01234507
20200814002490	00418379
20200814002542	00261443
20200814002606	00297989
20200814002653	00107598
20200814002690	00146083
20200814002705	00422284
20200814002776	00385415
20200814002870	00390860
20200820000259	00165413
20200827000644	00989619
20200831000575	01275665
20200924000279	01190568
20201023000328	00103130
20201106000034	01080252
20201110000101	00134477
20201111000009	01187148
20201111000365	00874803
20201112000071	00578538
20201112000299	00296290
20201112000454	00753643
20201113000082	01020524
20201113000101	00146436
20201113000133	00124276
20201113000275	01335851
20201113000304	00813389
20201113000434	00788737
20201113000451	00131197
20201113000512	00242934
20201113000620	00332927
20201113000686	00819374
20201113000876	00249247
20201113000894	00306870
20201113000918	00266961
20201113000980	00377018
20201113001087	00974927
20201113001124	00664048
20201113001145	01158553
20201113001162	00155212
20201113001208	00203023
20201113001231	00925295
20201116000128	00259934
20201116000158	00623661
20201116000215	00843900
20201116000252	00330424
20201116000285	01067808
20201116000421	00133876
20201116000456	00330044
20201116000503	00109286
20201116000514	00121570
20201116000580	00120076
20201116000695	01109539
20201116000896	00302926
20201116000974	00390860
20201116001022	00172680
20201116001036	00422284
20201116001048	00125974
20201116001061	00111704
20201116001124	01258507
20201116001149	00148522
20201116001159	00441650
20201116001204	00123523
20201116001263	00158565
20201116001340	01135941
20201116001397	00157681
20201116001409	00177870
20201116001422	00159740
20201116001484	00132354
20201116001596	00216647
20201116001630	00620868
20201116001645	00385336
20201116001713	00535746
20201116001819	00945457
20201116001869	00120562
20201116001899	00146083
20201117000044	00545114
20201120000411	00206686
20201127000881	00450010
20201130000727	00965318
20210210000680	00378363
20210215000772	00145914
20210511000084	01222432
20210511000600	00140177
20210512000379	00371485
20210512000556	00136776
20210513000487	00596677
20210513000554	01228515
20210513000705	01237434
20210513000794	00626464
20210514000539	00331016
20210514000769	00363592
20210514000789	00527491
20210514000939	00188973
20210514001056	00318316
20210514001084	00803425
20210514001254	00385336
20210514001332	00152127
20210514001358	00109754
20210514001383	00552992
20210514001461	00180263
20210514001506	00939331
20210514001604	00264547
20210514001645	00440712
20210517000071	00455875
20210517000090	00447007
20210517000104	00119672
20210517000219	00260611
20210517000298	00121154
20210517000314	00652007
20210517000351	01049422
20210517000376	00302582
20210517000388	00130408
20210517000481	00220622
20210517000509	00135999
20210517000595	00260745
20210517000605	00113234
20210517000614	00356389
20210517000625	00175623
20210517000690	00632304
20210517000730	00808022
20210517000753	00112721
20210517000904	00599957
20210517000974	00480455
20210517000997	00624518
20210517001058	00317104
20210517001086	00602279
20210517001152	00652423
20210517001188	00198697
20210517001252	00158015
20210517001286	00105138
20210517001319	00412597
20210517001363	00300405
20210517001456	00113997
20210517001479	00500254
20210517001548	00264671
20210517001722	00587466
20210517001739	00406046
20210517001834	00583026
20210517001899	00107598
20210517001912	01105621
20210517001936	00260383
20210517002081	00171265
20210517002154	00536523
20210526000428	00536523
20210602000125	01067808
20210615000450	00186939
20210630000818	01099667
20210812000009	00438036
20210812000060	01311055
20210812000230	00371485
20210812000336	01263527
20210812000416	00531014
20210812000488	00162461
20210813000123	00331016
20210813000195	00260569
20210813000253	01182550
20210813000303	00389970
20210813000334	01146220
20210813000350	00106313
20210813000624	00619640
20210813000659	00151368
20210813000726	00359623
20210813000833	00143226
20210813000872	01091054
20210813000893	01258507
20210813000979	00146436
20210813001034	00155212
20210813001214	00103547
20210813001225	00310156
20210813001310	00608839
20210813001365	01326792
20210813001411	00135111
20210817000046	00422284
20210817000189	00170026
20210817000276	00217743
20210817000347	00728638
20210817000374	00107066
20210817000600	00134176
20210817000637	00109189
20210817000716	00296263
20210817000869	00106623
20210817000933	01207761
20210817001170	00626464
20210817001209	00267942
20210817001274	00572905
20210817001378	00974927
20210817001391	00219097
20210817001570	00144164
20210817001620	00587466
20210817001674	00247975
20210817001698	00385336
20210817001742	00166272
20210817001777	00138279
20210817001847	00112332
20210817001875	00117276
20210817001916	00454937
20210817001967	00126371
20210817001979	00403632
20210817002001	00105138
20210817002066	00111810
20210817002099	00231363
20210817002123	00125725
20210817002136	00176914
20210817002154	01021949
20210817002168	00945457
20210817002181	00164478
20210817002218	00356361
20210817002294	00118266
20210820000089	00855093
20210827000632	01405451
20211101000292	00870481
20211109000050	00398668
20211110000081	00422284
20211110000144	00623184
20211112000023	01368637
20211112000065	00287812
20211112000239	00106313
20211112000428	00109718
20211112000474	00480048
20211112000683	00152127
20211112000714	00105101
20211112000808	00129989
20211112000833	00562360
20211112000924	00133812
20211112000974	00318316
20211112001134	00117212
20211112001148	00231691
20211112001187	00614593
20211115000026	00156895
20211115000183	00159740
20211115000234	00879020
20211115000260	00260657
20211115000278	01189438
20211115000332	00118275
20211115000367	01159853
20211115000401	00210740
20211115000661	01476219
20211115000677	00120076
20211115000727	00404701
20211115000788	00148276
20211115000856	00227333
20211115000899	00143527
20211115000934	00870861
20211115000945	00203023
20211115001013	01047415
20211115001022	00530413
20211115001056	00878696
20211115001115	00172945
20211115001123	00513948
20211115001132	00994994
20211115001146	00536329
20211115001204	01251577
20211115001216	00788773
20211115001229	01080687
20211115001241	00129679
20211115001295	00116268
20211115001308	00136101
20211115001370	00109161
20211115001400	00240857
20211115001443	00130383
20211115001452	00110583
20211115001497	00116824
20211115001523	00109824
20211115001563	00129509
20211115001578	00139834
20211115001588	01174038
20211115001601	00493510
20211115001656	00879020
20211115001727	00203290
20211115001785	00418379
20211115001814	00599151
20211115001865	00167192
20211115001881	00200910
20211115001909	00683007
20211115001920	00104573
20211115001984	00453488
20211115002013	00166272
20211115002051	00103176
20211115002097	01109715
20211115002126	00155212
20211115002164	00209780
20211115002201	00656951
20211115002236	00126788
20211115002246	00442145
20211115002314	00663669
20211116000005	01416642
20211116000078	00310156
20211116000256	00587925
20211213000193	00896753
20220211000476	00231105
20220214000784	00136101
20220214000912	01037542
20220511000710	00225159
20220513000026	00168331
20220513000068	00405278
20220513000834	00576798
20220513000944	00869272
20220513000986	00367482
20220513001077	00317487
20220513001171	01003040
20220513001193	00632304
20220513001293	00989664
20220513001307	00479705
20220513001392	00574611
20220513001414	00154329
20220513001431	00809429
20220513001453	01037214
20220513001480	00403632
20220513001544	00876643
20220513001606	00675594
20220513001626	01049167
20220513001642	00365387
20220513001678	00109286
20220513001697	01204056
20220516000141	00141477
20220516000224	00112165
20220516000260	00572905
20220516000378	00406329
20220516000439	00617998
20220516000459	00409788
20220516000473	01071944
20220516000505	00828789
20220516000579	00482426
20220516000617	01146220
20220516000669	00838005
20220516000738	00646732
20220516000766	00362858
20220516000863	00159740
20220516000976	00148522
20220516001191	00133663
20220516001226	00416414
20220516001288	00545734
20220516001300	00491938
20220516001341	00571298
20220516001410	00266934
20220516001456	00173874
20220516001494	00573269
20220516001621	00129679
20220516001632	00115612
20220516001702	00635134
20220516001778	01219155
20220516001818	00483735
20220516001833	00485177
20220516001876	00665676
20220516001973	00200910
20220516001992	00117212
20220516002161	00587466
20220516002197	00619640
20220516002209	00117337
20220516002243	01075126
20220516002256	00391197
20220516002271	00117708
20220516002308	00816544
20220516002328	00533191
20220516002343	00651901
20220516002370	01205709
20220516002394	00180865
20220516002522	00148364
20220516002697	00963976
20220517000129	00347716
20220518000285	01011526
20220530000933	01354740
20220607000180	01105621
20220808000179	01084364
20220810000190	00378363
20220811000409	00608839
20220811000447	00297448
20220812000020	00300405
20220812000237	00398668
20220812000285	00106313
20220812000342	00533508
20220812000588	00137252
20220812000600	00957735
20220812000639	00186452
20220812000724	00573269
20220812000743	00230036
20220812000768	01207761
20220812000890	00296005
20220812000975	01478712
20220812001006	00175623
20220812001034	00120182
20220812001099	00180795
20220812001265	00923792
20220812001332	00260383
20220816000067	00572905
20220816000201	00111838
20220816000215	00168401
20220816000297	00165060
20220816000441	00668600
20220816000491	00815095
20220816000523	00589127
20220816000541	00105299
20220816000558	00363510
20220816000843	00131197
20220816000911	00264945
20220816000943	00230814
20220816001001	00159254
20220816001180	01080687
20220816001208	00109824
20220816001267	00159731
20220816001312	01489648
20220816001326	00378220
20220816001385	00247975
20220816001417	00525934
20220816001590	00103510
20220816001667	00351579
20220816001694	01032404
20220816001765	00599595
20220816001975	00149804
20220816002034	00384717
20220816002077	00136378
20220816002108	00390860
20220816002138	00138279
20220816002164	00266961
20220816002192	00663669
20220816002201	00108135
20220816002235	00569691
20220816002306	00917861
20220816002372	01515323
20220816002441	00115612
20220816002458	00366137
20220816002476	00101220
20220816002571	00536541
20220816002585	01011526
20220816002604	00994994
20220818000276	00148939
20220819000309	01138364
20220826000621	01303029
20220901000229	00995993
20221110000055	00406329
20221110000123	00654272
20221110000240	00116268
20221110000591	00105101
20221111000238	00287788
20221111000332	00151605
20221111000690	01031502
20221111000719	00808068
20221111000833	00220686
20221111000901	00231691
20221111000927	00148610
20221111001034	00660121
20221111001057	00269612
20221114000015	01185566
20221114000164	00170026
20221114000247	00186452
20221114000262	00124276
20221114000332	00223762
20221114000374	00106313
20221114000463	00527464
20221114000507	00260930
20221114000521	00223762
20221114000546	00910840
20221114000697	00606293
20221114000726	00545114
20221114000768	00101433
20221114000779	00142883
20221114000823	00259934
20221114000919	00243757
20221114000931	00347716
20221114000974	00506294
20221114000994	01009789
20221114001027	00161116
20221114001118	00261957
20221114001161	00961507
20221114001204	01032583
20221114001212	00138279
20221114001222	00131197
20221114001254	00117726
20221114001322	00819073
20221114001361	00162993
20221114001373	00413046
20221114001385	00599595
20221114001446	01035678
20221114001502	00385336
20221114001511	00139889
20221114001640	00104573
20221114001794	01497869
20221114001860	00180865
20221114001885	00136378
20221114001898	00126371
20221114001925	00109754
20221114001965	00365387
20221114002006	00141246
20221114002114	00593032
20221114002309	00469799
20221114002362	00234227
20221114002375	00617998
20221114002423	00366137
20221114002463	01267170
20221114002499	00117212
20221114002533	00620868
20221114002548	00397252
20221114002571	01303029
20221114002745	00407814
20221114002796	00125488
20221115000005	00117276
20221116000069	01326224
20221125000674	00885906
20221129000654	01534577
20221129001571	00962393
20230118000036	00147772
20230512000226	01026157
20230512000382	01067808
20230512000548	00220622
20230512000577	00910840
20230512000604	00287788
20230512000781	00144395
20230512000796	00367482
20230512000874	00867973
20230512000917	01227039
20230512000933	00152127
20230512001039	00138297
20230512001291	01251489
20230512001304	00180263
20230512001428	00231691
20230515000160	01353024
20230515000288	01311055
20230515000303	00143527
20230515000378	00130408
20230515000416	00177816
20230515000426	01506990
20230515000436	01325429
20230515000464	00103015
20230515000578	01409022
20230515000591	01042711
20230515000639	00362238
20230515000670	00125488
20230515000679	00456218
20230515000992	00506294
20230515001129	00146083
20230515001370	00385336
20230515001446	00186559
20230515001484	00652007
20230515001519	00296005
20230515001741	00994994
20230515001776	00125974
20230515001823	00486370
20230515001880	00529815
20230515001978	00410997
20230515002039	01075126
20230515002104	00172680
20230515002250	00118275
20230515002281	00113261
20230515002434	00116824
20230515002483	01179617
20230515002509	00366137
20230515002732	01116502
20230515002798	00130587
20230515002807	01494118
20230515002906	00356839
20230516000004	01022142
20230516000296	01179617
20230522000371	00162461
20230811000622	00151605
20230811001166	00339391
20230811001403	00532129
20230811001476	01258020
20230811001682	00268251
20230811001734	00595191
20230811001746	00261957
20230811001887	00664853
20230811001977	00992871
20230811002242	00102858
20230811002346	00155355
20230811002404	00616290
20230811002434	00177816
20230814000127	00503668
20230814000513	00240857
20230814000582	01014055
20230814000594	01238169
20230814000694	00131896
20230814000788	00255619
20230814000812	00105299
20230814000886	00133663
20230814000906	00303873
20230814001016	00362292
20230814001096	00125974
20230814001251	00562360
20230814001281	01351080
20230814001426	00456218
20230814001466	00651017
20230814001518	00161781
20230814001526	01128622
20230814001539	00116949
20230814001550	00118451
20230814001591	00614593
20230814001727	01179617
20230814001772	00186452
20230814001800	00117601
20230814001829	00396925
20230814001851	01067516
20230814001862	00493510
20230814001931	00104810
20230814001941	01454341
20230814001996	00164788
20230814002048	00158565
20230814002136	01135941
20230814002185	00156859
20230814002197	00239639
20230814002395	00143226
20230814002566	00107613
20230814002616	00357607
20230814002630	01586455
20230814002644	00153375
20230814002659	00378220
20230814002688	00122205
20230814002705	00108649
20230814002778	01033591
20230814002803	00149646
20230814002818	00247975
20230814002907	00152880
20230814002956	00107613
20230814002987	00652007
20230814003137	00112332
20230814003155	00136776
20230818000178	00163716
20230925000527	00362858
20231103000262	00155948
20231108000479	00122825
20231110000052	01042359
20231110000256	01185566
20231110000485	00138057
20231113000161	00641171
20231113000212	00592653
20231113000334	01174038
20231113000377	00813389
20231113000389	01532603
20231113000457	01015160
20231113000487	00203582
20231113000664	00124780
20231113000683	00141246
20231113000763	00400857
20231114000023	00545114
20231114000040	00370255
20231114000258	00450010
20231114000404	01022142
20231114000415	01381984
20231114000505	00843900
20231114000630	00220622
20231114000656	00362238
20231114000722	00157991
20231114000821	00121288
20231114001046	00613318
20231114001059	01390344
20231114001071	00390860
20231114001123	00530556
20231114001142	01152586
20231114001198	01222432
20231114001218	00580667
20231114001227	00125530
20231114001259	01027794
20231114001292	00556615
20231114001516	00456218
20231114001543	00671376
20231114001566	00413046
20231114001610	00174527
20231114001651	00632845
20231114001682	01065013
20231114001695	01110076
20231114001811	00609324
20231114001835	01031229
20231114001925	00172680
20231114002070	01335453
20231114002082	00264671
20231114002105	00138792
20231114002155	00219097
20231114002258	01105621
20231114002280	00167192
20231114002345	00606664
20231114002484	00318662
20231114002506	00384717
20231114002514	00863038
20231114002539	00216647
20231114002577	00366137
20231114002663	00350020
20231114002705	00125974
20231114002784	00155319
20231114002803	00108649
20231114002895	00152862
20231114002953	00159616
20231114002968	00406037
20231114002994	00152880
20231114003011	00535746
20231115000343	00199076
20231116000433	00983040
20231122000019	00159795
20231124000351	01089378
20240510000334	00692254
20240510000605	01144569
20240513000855	00409140
20240514000048	00164502
20240514000606	00149770
20240514000660	01187148
20240514000679	01251577
20240514000723	01407158
20240514000862	00545114
20240514000873	00104786
20240514000884	00653194
20240514000947	00149947
20240514001073	00479705
20240514001100	00149804
20240514001109	01042979
20240514001187	00141246
20240514001236	00563518
20240514001321	00127200
20240514001365	00146436
20240514001616	01412725
20240516000139	00659976
20240516000265	00603348
20240516000304	00530556
20240516000367	01318261
20240516000387	00108612
20240516000529	00249247
20240516000541	00475718
20240516000807	00114792
20240516000837	00150536
20240516000896	00159795
20240516001020	00310156
20240516001079	00155586
20240516001111	00127954
20240516001190	00667425
20240516001256	00390408
20240516001266	00118275
20240516001306	00693651
20240516001350	00373021
20240516001411	00351427
20240516001502	00123541
20240516001634	00173449
20240516001820	01498974
20240516001887	00552992
20240516002143	00569691
20240516002170	00259590
20240516002188	00206686
20240516002285	00191588
20240516002325	00554352
20240521000257	00318316
20240809000310	00616962
20240809000460	01144569
20240812000852	01325429
20240813000072	00492353
20240813000424	00102353
20240813000869	00596677
20240813001088	00407285
20240813001225	01316236
20240813001341	00526836
20240813001457	00305570
20240813001481	00152127
20240813001497	01685251
20240813001591	00896753
20240814000627	00199988
20240814000846	01214248
20240814000953	00101628
20240814000978	00523307
20240814001119	00409140
20240814001311	00109806
20240814001346	00429694
20240814001424	00170026
20240814001464	00681249
20240814001656	00112378
20240814001747	00261054
20240814001772	00105606
20240814001787	00155355
20240814002008	00330044
20240814002185	01325979
20240814002343	00303873
20240814002389	00118451
20240814002670	00118266
20240814002800	00114792
20240814002907	01532603
20240814002924	01305249
20240814003044	00471068
20240814003078	00162416
20240814003189	00915508
20240814003253	00144818
20240814003371	01297898
20240814003392	00159731
20240814003420	00175623
20240814003473	00161709
20240814003558	01397772
20240814003705	00533003
20240814003913	00397289
20240814003951	00365758
20240814004088	00206686
20240814004100	00687711
20240814004288	00108001
20240814004343	00102618
20240814004550	01230255
20240814004585	00297448
20240814004598	00596260
20240816000231	01259418
20241007000389	00877819
20241111000066	00124276
20241112000211	00140052
20241112000317	00449254
20241112000439	01494118
20241113000141	00580056
20241113000291	01071944
20241113000405	01283974
20241113000483	00336817
20241113000747	00778235
20241113000768	01026157
20241114000155	00258421
20241114000210	00398808
20241114000224	00390860
20241114000372	00813389
20241114000385	00808022
20241114000415	01110182
20241114000451	00390903
20241114000474	01150515
20241114000485	00330044
20241114000496	00163318
20241114000508	00175173
20241114000524	00363486
20241114000597	01230255
20241114000656	00220622
20241114000705	00616290
20241114000748	00108490
20241114000807	00259545
20241114000823	00127936
20241114000905	00416414
20241114000919	00369170
20241114000931	00141626
20241114000957	00127167
20241114000971	00252135
20241114001124	00615723
20241114001145	00105271
20241114001370	01409022
20241114001390	00261054
20241114001404	00152686
20241114001483	00693651
20241114001493	00130879
20241114001550	00411808
20241114001602	00109161
20241114001657	00303873
20241114001739	00302926
20241114001910	01043853
20241114001981	00178790
20241114002043	00346911
20241114002053	00369569
20241114002064	00384762
20241114002102	00260569
20241114002120	01153293
20241114002219	01409095
20241114002266	00761059
20241114002276	00204208
20241114002338	01381984
20241114002360	00146296
20241114002369	00268002
20241114002438	00605522
20241114002498	01391103
20241114002575	00108746
20241114002611	00152589
20241114002619	00108649
20241114002640	00240857
20241114002648	00362122
20241114002775	00983040
20241114002788	00556907
20241114002835	00109754
20241114002962	00148531
20241114002972	00203290
20241114002998	00362292
20241114003018	00542898
20241114003033	01310269
20241216000105	00258421
20250214001282	00141626
20250512000235	01235296
20250512000605	01456011
20250513000184	01462739
20250513000533	00985686
20250514000203	01455492
20250514000356	00148364
20250514000604	00397289
20250514000803	00870861
20250514000822	01290248
20250514000891	00158963
20250514000908	00336817
20250514001151	00141246
20250514001194	00120571
20250515000306	00447928
20250515000411	00813389
20250515000608	01071944
20250515000619	00765462
20250515000840	00660121
20250515001083	00133663
20250515001212	00153621
20250515001354	01217795
20250515001390	00117498
20250515001419	00219440
20250515001501	01222113
20250515001519	01027828
20250515001695	00104786
20250515001717	00112332
20250515001839	00116268
20250515001850	00992543
20250515001905	00159795
20250515001929	00177870
20250515001938	01189438
20250515002072	00423177
20250515002083	00877174
20250515002163	00186452
20250515002174	00145668
20250515002184	00861997
20250515002309	00643656
20250515002427	00624509
20250515002487	01201970
20250515002603	00374020
20250515002651	01205851
20250515002662	00369213
20250515002720	00265421
20250515002861	00120526
20250515002902	00143226
20250515002926	01080252
20250515003003	01259418
20250515003043	00152589
20250808000596	00204323
20250812000642	00350312
20250813000370	01383229
20250813000603	00371740
20250813001007	00197759
20250813001255	00336817
20250813001327	00137368
20250813001521	00876908
20250813001604	00158963
20250814000005	00453488
20250814000579	00164502
20250814000982	01399071
20250814001035	01232192
20250814001116	01367586
20250814001176	01071944
20250814001193	00137012
20250814001213	00405959
20250814001252	00260611
20250814001271	00423177
20250814001533	00108977
20250814001618	00360674
20250814001696	00363486
20250814001894	00127158
20250814001957	00580667
20250814001989	00364467
20250814002022	01786958
20250814002075	00107066
20250814002107	00599285
20250814002118	00327396
20250814002549	00149594
20250814002583	00442154
20250814002631	00204226
20250814002686	01409095
20250814002698	00694942
20250814002773	01062177
20250814002794	00918222
20250814002832	01205851
20250814002928	01335578
20250814002951	00533191
20250814003039	01075126
20250814003143	01251595
20250814003395	00243757
20250814003412	00363769
20250814003627	00177870
20250814003693	00120924
20250814003797	00303192
20250814003829	00937324
20250814003876	00392691
20250814003930	00115676
20250814003941	00123143
20250814004167	00384717
20250814004291	00608839
20250814004317	00145668
20250814004403	00861997
20250814004455	00101220
20250814004478	00356839
20250818000054	01563667
20250829001940	00103176
20250829002188	00528791
20250904000354	00959229
20251111000318	00616962
20251112000012	01583652
20251112000043	00256955
20251112000108	00814582
20251113000014	00164502
20251113000454	00620868
20251113000556	01009789
20251113000642	00874803
20251113000757	01276901
20251113000801	00104573
20251113000855	00186559
20251113000918	00616290
20251114000223	01157235
20251114000391	00651017
20251114000403	00204226
20251114000448	00141583
20251114000515	00148531
20251114000654	01037214
20251114000806	00405959
20251114000892	00488402
20251114001121	01201970
20251114001131	00105271
20251114001146	00491938
20251114001215	00317681
20251114001230	00787057
20251114001241	01161432
20251114001290	00407814
20251114001330	00188089
20251114001351	00560982
20251114001395	00144720
20251114001404	00297448
20251114001484	00488244
20251114001523	01498974
20251114001610	00297989
20251114001741	00381756
20251114001759	01514005
20251114001767	00136776
20251114001780	00147860
20251114001793	00475718
20251114001834	00229021
20251114001884	00296005
20251114001915	00143226
20251114001996	00132211
20251114002037	00660459
20251114002095	00583442
20251114002118	00624518
20251114002128	00164812
20251114002202	01082418
20251114002247	00120021
20251114002287	00536523
20251114002324	01585155
20251114002365	01444380
20251114002433	00364306
20251114002508	00961774
20251114002558	01505186
20251114002629	00580667
20251114002643	01008762
20251114002653	00256502
20251114002748	00995993
20251114002817	00591441
20251114002870	00536541
20251114002937	01138364
20251114002947	00161976
20251114002990	00361169
20251114003018	01428948
20251114003035	01181807
20251114003080	00765897
20251128001986	00103176
20251201000529	01728167
20260213001497	00349060
20260312000647	00609634
20260512000001	01817920
20260513000102	00612294
20260513000206	01436479
20260514000599	00349060
20260514000808	00318316
20260514001161	00938721
20260514001287	00562360
20260514001384	01150515
20260514001401	00380429
20260514001427	00592653
20260515000035	00365457
20260515000204	01211232
20260515000479	01098792
20260515000613	00101628
20260515000840	00398808
20260515001018	00163716
20260515001115	00108612
20260515001259	00145862
20260515001422	00116426
20260515001489	00236863
20260515001594	00138701
20260515001608	00530413
20260515002059	00152880
20260515002150	00180263
20260515002286	00861997
20260515002388	00159740
20260515002434	00660033
20260515002463	01586455
20260515002641	00536541
20260515002767	00307028
20260515003029	00959229
20260515003043	01135084
20260515003071	00103176
20260515003129	00580056
20260529000135	00135917
20260812000754	00605124
20260812000829	00111704
20260813001037	00239514
20260813001089	00125725
20260813001257	00287788
20260813001693	00186452
20260813001747	01108099
20260814000510	01311310
20260814000582	01157846
20260814000712	00230425
20260814000745	00371740
20260814000934	00249502
20260814001034	00307028
20260814001047	00139764
20260814001277	01596656
20260814001522	01685251
20260814001873	00641171
20260814002085	00809429
20260814002275	00820352
20260814002337	00807397
20260814002514	00445841
20260814002551	00142713
20260814002620	00158015
20260814002712	00482426
20260814002770	00616290
20260814003017	01437432
20260814003212	00350020
20260814003587	00605522
20260814003618	00103176
20260814003647	01110678
20260814003745	00121534
20260814003935	01577952
20260814004260	00232007
20260814004290	00523307
20260818000036	00141477
20100211000029	00370200
20100212000243	00203290
20100212000289	00296290
20100216000134	00145190
20100216000162	00115694
20100216000237	00108649
20100429000234	00157399
20100430001080	00516246
20100504000294	00366942
20100510000637	00232821
20100510001001	00405320
20100511000153	00442905
20100511001607	00543204
20100512000120	00216647
20100512001009	00122056
20100513000112	00369170
20100513000583	00220969
20100513000970	00204208
20100513001278	00173102
20100513001506	00445799
20100513002251	00367695
20100513002446	00206039
20100513002726	00105101
20100513003029	00202839
20100514000336	00369213
20100514000585	00129679
20100514000787	00132868
20100514000908	00140964
20100514001114	00108135
20100514001246	00101628
20100514001401	00103042
20100514001636	00327396
20100514001702	00173032
20100514001824	00136165
20100514001982	00145260
20100514002064	00103006
20100514002267	00104573
20100514002373	00127954
20100514002457	00347734
20100514002619	00117577
20100514002690	00160843
20100514002738	00231442
20100514002777	00249441
20100514002872	00151395
20100514003171	00260657
20100514003290	00133557
20100514003385	00255433
20100514003425	00140061
20100514003487	00362201
20100514003569	00471068
20100514003674	00259934
20100514003708	00162586
20100514003751	00683469
20100514003779	00349811
20100514004270	00269612
20100517000107	00115612
20100517000210	00646732
20100517000247	00116408
20100517000307	00148948
20100517000415	00161860
20100517000441	00121154
20100517000462	00269612
20100517000527	00121570
20100517000544	00138701
20100517000587	00163512
20100517000610	00141875
20100517000627	00352064
20100517000696	00365624
20100517000714	00230036
20100517000731	00390055
20100517000749	00366845
20100517000764	00261443
20100517000782	00168401
20100517000845	00157991
20100517000925	00206659
20100517000970	00410915
20100517000988	00532059
20100517001010	00360595
20100517001030	00397289
20100517001077	00158112
20100517001137	00192499
20100517001175	00163673
20100517001192	00105855
20100517001200	00125576
20100517001287	00236863
20100517001321	00173795
20100517001382	00159023
20100517001443	00547583
20100517001485	00120571
20100517001539	00145552
20100517001555	00679314
20100517001578	00300405
20100517001613	00144164
20100517001713	00117629
20100603000137	00540641
20100715000005	00100601
20100809000110	00246417
20100810000288	00223434
20100811000050	00161046
20100811000109	00216498
20100811000237	00525882
20100811000303	00255105
20100812000042	00480367
20100812000069	00176516
20100812000148	00352064
20100812000169	00145686
20100812000243	00117212
20100812000306	00287788
20100813000033	00141875
20100813000061	00109718
20100813000083	00362858
20100813000104	00264732
20100813000114	00226352
20100813000160	00449379
20100813000177	00145914
20100813000194	00130879
20100813000207	00259590
20100813000230	00162586
20100813000245	00269241
20100813000265	00198192
20100813000282	00103006
20100813000294	00261957
20100813000315	00180263
20100813000354	00101628
20100813000376	00530185
20100813000412	00648721
20100813000426	00296290
20100813000446	00157991
20100813000479	00102432
20100813000549	00540641
20100813000573	00128926
20100813000590	00101752
20100813000602	00363592
20100813000612	00113207
20100813000627	00167004
20100813000730	00369170
20100813000761	00162063
20100813000804	00303396
20100813000834	00187415
20100813000864	00652423
20100813000935	00351375
20100813001013	00349811
20100813001036	00133618
20100813001051	00201733
20100813001096	00152385
20100813001117	00139205
20100813001140	00370255
20100813001151	00128661
20100813001169	00297989
20100816000012	00109037
20100816000027	00116408
20100816000111	00641393
20100816000147	00367455
20100816000163	00128315
20100816000217	00114093
20100816000235	00352499
20100816000253	00174004
20100816000315	00526678
20100816000327	00160232
20100816000404	00380429
20100816000419	00529815
20100816000442	00122348
20100816000471	00261009
20100816000507	00261373
20100816000553	00318662
20100816000566	00135777
20100816000595	00256502
20100816000649	00117966
20100816000661	00141307
20100816000673	00242378
20100816000687	00103015
20100816000718	00142661
20100816000753	00164830
20100816000834	00136101
20100816000861	00159023
20100816000875	00129989
20100816000901	00152880
20100816000967	00219440
20100816001049	00113562
20100816001100	00390860
20100816001111	00117337
20100816001140	00631518
20100816001159	00158024
20100816001181	00140061
20100816001203	00173591
20100816001222	00240857
20100816001235	00138792
20100816001263	00113058
20100816001287	00163716
20100816001382	00679314
20100817000107	00172079
20100819000199	00264228
20100830000422	00145446
20101015000038	00100601
20101029000104	00117027
20101103000098	00104786
20101105000267	00114552
20101108000092	00442570
20101109000063	00154718
20101110000028	00442905
20101110000113	00117300
20101110000190	00414601
20101111000009	00111722
20101111000054	00508274
20101111000078	00728638
20101111000100	00359580
20101111000128	00206686
20101111000190	00296290
20101112000020	00363927
20101112000050	00269922
20101112000065	00198697
20101112000111	00255275
20101112000152	00641171
20101112000178	00135795
20101112000198	00129989
20101112000223	00144012
20101112000237	00449254
20101112000311	00149947
20101112000329	00209780
20101112000407	00130879
20101112000427	00466428
20101112000444	00318662
20101112000458	00139685
20101112000548	00170877
20101112000564	00364306
20101112000584	00146560
20101112000633	00159564
20101112000716	00587457
20101112000746	00151128
20101112000760	00200910
20101112000782	00142661
20101112000829	00351630
20101112000856	00141477
20101112000923	00111218
20101115000016	00202839
20101115000037	00557933
20101115000054	00108135
20101115000069	00219574
20101115000086	00103176
20101115000100	00390055
20101115000121	00135999
20101115000132	00160375
20101115000147	00273110
20101115000187	00159786
20101115000202	00199988
20101115000212	00336297
20101115000230	00127167
20101115000263	00539274
20101115000298	00117629
20101115000312	00114154
20101115000338	00103015
20101115000369	00373571
20101115000412	00528515
20101115000445	00148531
20101115000487	00220561
20101115000522	00153126
20101115000534	00298270
20101115000568	00172185
20101115000595	00418379
20101115000610	00158112
20101115000652	00506294
20101115000690	00198192
20101115000712	00161860
20101115000732	00203315
20101115000745	00264714
20101115000772	00435969
20101115000791	00145552
20101115000842	00587466
20101115000856	00171867
20101115000876	00138057
20101115000900	00159573
20101115000941	00293886
20101115000951	00159254
20101115001009	00360036
20101115001035	00573579
20101115001084	00239639
20101115001168	00276083
20101115001186	00158112
20101115001197	00152385
20101115001215	00231691
20101115001232	00113562
20101115001246	00147772
20101115001294	00574611
20101115001327	00143651
20101115001349	00542898
20101115001374	00138190
20101115001388	00149594
20101115001407	00148276
20101115001434	00125521
20101115001484	00120030
20101115001511	00428251
20101115001538	00533508
20101115001579	00219440
20101115001632	00154329
20101115001662	00462121
20101116000113	00163345
20101126000203	00204226
20110211000059	00154718
20110211000186	00148610
20110214000141	00378363
20110214000215	00349060
20110214000249	00159731
20110214000287	00258689
20110214000358	00103176
20110214000443	00112059
20110414000688	00100601
20110506000420	00416414
20110511001180	00207375
20110513003069	00527491
20110513003615	00145163
20110513003738	00246620
20110513004102	00144650
20110513004428	00117179
20110516000286	00260408
20110516000398	00202839
20110516000526	00353762
20110516000760	00449254
20110516001294	00148920
20110516001618	00144252
20110516001703	00123781
20110516001800	00121154
20110516002125	00160843
20110516002199	00269922
20110516002477	00121570
20110516002845	00543204
20110516002988	00150165
20110516003245	00198192
20110516003258	00268251
20110516003281	00121543
20110516003311	00104768
20110516003329	00209780
20110516003348	00231691
20110516003444	00339072
20110516003535	00335076
20110516003563	00370200
20110516003707	00163691
20110516003729	00114154
20110516003757	00531917
20110516004054	00131832
20110516004237	00146861
20110517000013	00206039
20110517000072	00363510
20110517000358	00492894
20110518000012	00113997
20110523000260	00105873
20110525000147	00363246
20110527000372	00405320
20110530000062	00305668
20110530000460	00500254
20110530000577	00573269
20110530000647	00173032
20110530000904	00115676
20110530000999	00105952
20110530001132	00266952
20110607000248	00113207
20110713000141	00399694
20110715000123	00297989
20110715000187	00442835
20110715000322	00300405
20110811000368	00240857
20110812000271	00809429
20110812000514	00578538
20110812000585	00128111
20110812000653	00306162
20110816000165	00423177
20110816000278	00188797
20110816000349	00138057
20110816000421	00506294
20110816000548	00359580
20110816000756	00125150
20110816000794	00169215
20110816000811	00313649
20110816000867	00172079
20110816000892	00475718
20110816000906	00129989
20110816000917	00104768
20110816000929	00132637
20110816001198	00231691
20110816001278	00221728
20110816001368	00657987
20110816001458	00418379
20110816001577	00346911
20110816001592	00389998
20110826000210	00264228
20110829000186	00140168
20110829000244	00631518
20110829000284	00146649
20110829000399	00148276
20110829000428	00390903
20110829000689	00103510
20110829000769	00105952
20110829000784	00261285
20110831000826	00141246
20111017000155	00164706
20111110000286	00351807
20111111000399	00318662
20111111000534	00539274
20111111000672	00580056
20111114000103	00117276
20111114000183	00139153
20111114000201	00543204
20111114000238	00135999
20111114000322	00202839
20111114000332	00138057
20111114000365	00169048
20111114000570	00422284
20111114000592	00174527
20111114000701	00231831
20111114000756	00260392
20111114000881	00603348
20111114000927	00175623
20111114001041	00122825
20111114001219	00216647
20111114001365	00240857
20111114001471	00447760
20111114001834	00264945
20111114001854	00112059
20111114002043	00426068
20111125000035	00573269
20111125000302	00111722
20111128000277	00547583
20111129000026	00161976
20111129000185	00363246
20111129000228	00401731
20111129000606	00131850
20111129000626	00481454
20111129000665	00165413
20111129000782	00428251
20111129000886	00136378
20111129000959	00138792
20111129001038	00113410
20120214000211	00356839
20120229000839	00159102
20120430001181	00442455
20120510000017	00531014
20120511002211	00642541
20120511002855	00351807
20120514002516	00155948
20120514002740	00158015
20120514003610	00131197
20120514004796	00269922
20120514005251	00121534
20120514005430	00216762
20120514005612	00384717
20120515000012	00102751
20120515000038	00365934
20120515000069	00140779
20120515000152	00104120
20120515000189	00226352
20120515000201	00351092
20120515000348	00536523
20120515000411	00642541
20120515000497	00177320
20120515000506	00141413
20120515000520	00143527
20120515000577	00728638
20120515000597	00406329
20120515000609	00366942
20120515000624	00113128
20120515000713	00136925
20120515000734	00103130
20120515000747	00358271
20120515000771	00220057
20120515000808	00116301
20120515000824	00648721
20120515000841	00111689
20120515000902	00231442
20120515000977	00427483
20120515001028	00143314
20120515001042	00105156
20120515001096	00139153
20120515001106	00142713
20120515001152	00250137
20120515001166	00268002
20120515001183	00160843
20120515001254	00103662
20120515001282	00231105
20120515001378	00126371
20120515001424	00221728
20120515001492	00143651
20120515001509	00117027
20120515001523	00168401
20120515001562	00242712
20120515001620	00231831
20120515001660	00113261
20120515001681	00318662
20120515001696	00133557
20120515001723	00126414
20120515001775	00104768
20120515001929	00137289
20120515002025	00162993
20120515002085	00526696
20120515002126	00614593
20120516000100	00147772
20120522000059	00186939
20120529000011	00657987
20120529000336	00138297
20120530000212	00369107
20120530000336	00164478
20120530000446	00603348
20120530000538	00506294
20120530000771	00266952
20120530000797	00126478
20120530000864	00120526
20120530000992	00164645
20120530001037	00131832
20120604000201	00526836
20120718000158	00255433
20120807000144	00121932
20120809000064	00525934
20120810000349	00583026
20120813000310	00170026
20120813000499	00121534
20120814000013	00115931
20120814000057	00144012
20120814000150	00148920
20120814000161	00135999
20120814000183	00161860
20120814000242	00247975
20120814000256	00297989
20120814000306	00127909
20120814000340	00449379
20120814000427	00157991
20120814000449	00113128
20120814000574	00454946
20120814000603	00427483
20120814000632	00149947
20120814000643	00684802
20120814000708	00164812
20120814000741	00418379
20120814000774	00178790
20120814000809	00141671
20120814000820	00222435
20120814000862	00442570
20120814000875	00135467
20120814000925	00318316
20120814000936	00226352
20120814000965	00250137
20120814001050	00146214
20120814001063	00135999
20120814001122	00130772
20120814001135	00530121
20120814001147	00531917
20120814001164	00231691
20120814001180	00390903
20120814001195	00127954
20120814001245	00139764
20120814001275	00145163
20120814001288	00145446
20120814001355	00101220
20120814001391	00318662
20120814001403	00145437
20120814001420	00526678
20120814001445	00259590
20120814001470	00479705
20120814001549	00390365
20120814001629	00445054
20120814001642	00390860
20120814001723	00367695
20120814001766	00141307
20120814001880	00103662
20120814001898	00125646
20120814001917	00249982
20120814001942	00466428
20120814001969	00113508
20120814002016	00317487
20120816000096	00199252
20120816000169	00112378
20120820000111	00149947
20120828000099	00140177
20120829000053	00759294
20120829000146	00148896
20120829000216	00113526
20120829000243	00258801
20120829000297	00138792
20120829000314	00261285
20120829000330	00136226
20120829000374	00173874
20120829000419	00126478
20120829000456	00787057
20120829000535	00428251
20120829000567	00164742
20120829000609	00363510
20120829000639	00108135
20120911000123	00126308
20121004000092	00604815
20121005000018	00158149
20121005000069	00363927
20121005000183	00116301
20121005000285	00216027
20121008000182	00145437
20121009000189	00128661
20121011000052	00103662
20121018000175	00666064
20121031000023	00121932
20121107000013	00143907
20121109000005	00351807
20121109000125	00606770
20121112000171	00135999
20121113000147	00365457
20121113000167	00287788
20121113000356	00101044
20121113000447	00399694
20121113000492	00180263
20121114000010	00141404
20121114000027	00157636
20121114000041	00130879
20121114000063	00256380
20121114000094	00160232
20121114000119	00359076
20121114000136	00162911
20121114000184	00157991
20121114000210	00276834
20121114000238	00113128
20121114000258	00126487
20121114000308	00402110
20121114000337	00132211
20121114000359	00249441
20121114000404	00206039
20121114000433	00140779
20121114000445	00155452
20121114000496	00146083
20121114000514	00242378
20121114000525	00147152
20121114000571	00632304
20121114000597	00687711
20121114000644	00363486
20121114000692	00219848
20121114000702	00151395
20121114000715	00608839
20121114000730	00204262
20121114000745	00166272
20121114000755	00121534
20121114000780	00117708
20121114000794	00145109
20121114000836	00261957
20121114000867	00156150
20121114000894	00347716
20121114000909	00595191
20121114000970	00122472
20121114001093	00124799
20121114001130	00317487
20121114001169	00160205
20121114001180	00216027
20121114001221	00259590
20121114001350	00109189
20121114001407	00203315
20121114001425	00186717
20121114001437	00139719
20121114001471	00220057
20121114001481	00109754
20121114001532	00121543
20121114001585	00128555
20121114001744	00454946
20121114001795	00108038
20121114001878	00113508
20121114001893	00462121
20121114001960	00120906
20121115000165	00362238
20121115000316	00156442
20121116000143	00356839
20121127000078	00616290
20121128000226	00266961
20121129000038	00139214
20121129000486	00350048
20121129000559	00265421
20121129000599	00190321
20121129000639	00165413
20121129000681	00409672
20121129000775	00156895
20121129000939	00787057
20121129000965	00159102
20121129001038	00158501
20130214000244	00137997
20130214000312	00378363
20130304000318	00159102
20130312000156	00141626
20130422000262	00255275
20130508000153	00365457
20130510000408	00265041
20130510001739	00371740
20130513004543	00855093
20130514001640	00599595
20130514003491	00129679
20130514004416	00356839
20130514004702	00694942
20130514005015	00104537
20130515000042	00116408
20130515000073	00648721
20130515000111	00398808
20130515000331	00660291
20130515000353	00161976
20130515000400	00203023
20130515000427	00540571
20130515000449	00137058
20130515000476	00151395
20130515000535	00687711
20130515000562	00356370
20130515000578	00191588
20130515000604	00455875
20130515000623	00105952
20130515000791	00106669
20130515000809	00166175
20130515000882	00198192
20130515000900	00635134
20130515000935	00372873
20130515000949	00536286
20130515000977	00852087
20130515001050	00108649
20130515001087	00795135
20130515001107	00126371
20130515001124	00255105
20130515001166	00107987
20130515001178	00164742
20130515001200	00808022
20130515001214	00158501
20130515001326	00260657
20130515001348	00399694
20130515001452	00155355
20130515001496	00113207
20130516000097	00171636
20130522000022	00455875
20130522000232	00529815
20130524000068	00287788
20130528000008	00317681
20130529000026	00235183
20130529000140	00149354
20130529000160	00140779
20130529000241	00109514
20130529000271	00273110
20130529000317	00129350
20130529000347	00120289
20130529000412	00303217
20130529000434	00180263
20130529000481	00353878
20130530000104	00126487
20130530000149	00102353
20130530000209	00358271
20130530000237	00361594
20130530000250	00125938
20130530000260	00161860
20130530000288	00142883
20130530000306	00664853
20130530000349	00140061
20130530000375	00163318
20130530000405	00478900
20130530000467	00113234
20130530000486	00204262
20130530000514	00349097
20130530000529	00138057
20130530000542	00264228
20130530000580	00121288
20130530000599	00118275
20130530000637	00313649
20130530000653	00176914
20130530000682	00186559
20130530000710	00259590
20130530000732	00268002
20130530000749	00111218
20130530000762	00115931
20130530000793	00102432
20130530000805	00147222
20130530000824	00141556
20130530000853	00130763
20130530000916	00114093
20130530000928	00525934
20130530000947	00169048
20130530000962	00269940
20130530000974	00428321
20130530000987	00159740
20130530001011	00442154
20130530001058	00306162
20130530001073	00107066
20130530001123	00264255
20130530001154	00203315
20130530001231	00101220
20130530001288	00134176
20130530001332	00152385
20130604000080	00101220
20130605000067	00516246
20130605000271	00353878
20130612000273	00249982
20130625000015	00158024
20130808000255	00161125
20130812000136	00409964
20130813000210	00652423
20130813000245	00580056
20130814000215	00398808
20130814000311	00166175
20130814000358	00525679
20130814000424	00159786
20130814000464	00198192
20130814000484	00243067
20130814000565	00402110
20130814000646	00447487
20130814000665	00138190
20130814000718	00480367
20130814000767	00126788
20130814000826	00138792
20130814000899	00535375
20130814000939	00105855
20130814000971	00148443
20130814001011	00190321
20130814001068	00109693
20130814001084	00500254
20130814001150	00444329
20130814001322	00164742
20130814001462	00302926
20130814001503	00125646
20130814001562	00231105
20130814001605	00480455
20130820000031	00261373
20130823000156	00141477
20130826000103	00139764
20130826000216	00612294
20130827000085	00160232
20130827000145	00108490
20130828000059	00157991
20130828000095	00104388
20130828000119	00530121
20130828000135	00530185
20130828000168	00132637
20130828000204	00147994
20130828000230	00185222
20130828000249	00415594
20130828000282	00121534
20130828000318	00203290
20130828000340	00351630
20130828000399	00256715
20130829000041	00117230
20130829000112	00228350
20130829000197	00125150
20130829000283	00113234
20130829000314	00199076
20130829000347	00158565
20130829000367	00372226
20130829000400	00469799
20130829000422	00165680
20130829000506	00102618
20130829000552	00159740
20130829000589	00268002
20130829000619	00603348
20130829000719	00157636
20130829000738	00107613
20130829000750	00139719
20130829000778	00151128
20130829000813	00349732
20130829000833	00447609
20130829000866	00104999
20130829000878	00152127
20130829000917	00249441
20130829000943	00141556
20130829001039	00165060
20130829001055	00350020
20130829001076	00186717
20130829001098	00108913
20130829001127	00136226
20130829001168	00120924
20130829001234	00105475
20130829001280	00265324
20130829001307	00127954
20130829001325	00206686
20130829001383	00203315
20130829001453	00230036
20130829001479	00162993
20130829001506	00120906
20130829001593	00188973
20130829001630	00115977
20130829001745	00199988
20130829001807	00122694
20130902000270	00317681
20130904000100	00466428
20130917000276	00143651
20131105000028	00145163
20131111000205	00625942
20131112000210	00527491
20131113000084	00137058
20131113000232	00359261
20131114000134	00303192
20131114000161	00136925
20131114000229	00161976
20131114000307	00171867
20131114000361	00842585
20131114000456	00129989
20131114000484	00540571
20131114000503	00250137
20131114000545	00104537
20131114000573	00105271
20131114000606	00164788
20131114000626	00156442
20131114000653	00480367
20131114000673	00122481
20131114000715	00160205
20131114000740	00679314
20131114000779	00143651
20131114000855	00172079
20131114000878	00606293
20131114000896	00265421
20131114000988	00120571
20131114001010	00486370
20131114001116	00103510
20131114001149	00164742
20131114001165	00155355
20131114001230	00106641
20131114001262	00532059
20131114001428	00163673
20131120000280	00117601
20131125000054	00132637
20131125000343	00252135
20131127000091	00206659
20131127000214	00372226
20131127000240	00230425
20131127000284	00542898
20131128000059	00141413
20131128000093	00104768
20131128000125	00101549
20131128000170	00260392
20131128000192	00531917
20131128000275	00159740
20131128000407	00365624
20131128000422	00136226
20131128000446	00102353
20131128000521	00142661
20131128000551	00132211
20131128000679	00371485
20131128000720	00533508
20131128000743	00125822
20131128000764	00303794
20131128000780	00167031
20131128000792	00390860
20131128000802	00165680
20131128000839	00653194
20131128000889	00227333
20131128000929	00219848
20131128000976	00110431
20131128001006	00268002
20131128001029	00171265
20131128001088	00109189
20131129000001	00159731
20131129000094	00587457
20131129000512	00591441
20131129000628	00303217
20131129000781	00165060
20131129000878	00144252
20131129000973	00478900
20131129001035	00541437
20131129001095	00112970
20131129001145	00580667
20131129001232	00151128
20131129001419	00109754
20131129001474	00114093
20131129001639	00157636
20131129001807	00441304
20131129001858	00427483
20131129001970	00490151
20131202000232	00591441
20131202000599	00163716
20131206000321	00540605
20131210000274	00148531
20131213000145	00143651
20131220000266	00371485
20140214000197	00988364
20140226000028	00108977
20140303000249	00232089
20140305000473	00172079
20140331003433	00163691
20140430000503	00308559
20140513002397	00167004
20140513004497	00625942
20140514000603	00370255
20140514003202	00608839
20140514004419	00660033
20140515000141	00656951
20140515000282	00126414
20140515000315	00110583
20140515000343	00372873
20140515000410	00228536
20140515000499	00221728
20140515000586	00842585
20140515000681	00140168
20140515000701	00166272
20140515000734	00148896
20140515000752	00255433
20140515000766	00154055
20140515000784	00141671
20140515000923	00414850
20140515000970	00363592
20140515000992	00261009
20140515001148	00206686
20140515001244	00105271
20140515001286	00219361
20140515001413	00258801
20140515001438	00164830
20140515001454	00378628
20140515001475	00112378
20140515001570	00684714
20140515001602	00136226
20140515001683	00535746
20140515001743	00109693
20140515001771	00480455
20140515001797	00603348
20140515001873	00113207
20140520000134	00447760
20140523000223	00264732
20140526000278	00313649
20140527000313	00583026
20140527000418	00103592
20140528000009	00168331
20140528000078	00102751
20140528000119	00222435
20140528000212	00489243
20140528000261	00155212
20140528000400	00550994
20140529000041	00385336
20140529000087	00170026
20140529000234	00108490
20140529000259	00260392
20140529000388	00349097
20140529000428	00128980
20140529000513	00146436
20140529000530	00140955
20140529000642	00134176
20140530000002	00483735
20140530000043	00447609
20140530000066	00118266
20140530000109	00105156
20140530000203	00491938
20140530000327	00556907
20140530000359	00367604
20140530000416	00131197
20140530000452	00800145
20140530000493	00177816
20140530000519	00105040
20140530000626	00109718
20140530000664	00114093
20140530000721	00158565
20140530000771	00442826
20140530000874	00165060
20140530000903	00121686
20140530000923	00231691
20140530000943	00109514
20140530001011	00136776
20140530001037	00130408
20140530001070	00141307
20140530001141	00142661
20140530001157	00438036
20140530001209	00261957
20140530001278	00148461
20140530001300	00297989
20140530001315	00130772
20140530001359	00628189
20140530001387	00125521
20140530001447	00406329
20140530001494	00623661
20140530001541	00206659
20140530001585	00161693
20140530001676	00122898
20140530001738	00153393
20140530001764	00149354
20140530001830	00148939
20140530001889	00149026
20140530001941	00608316
20140530002023	00249441
20140602000153	00162063
20140603000001	00139719
20140623000185	00231691
20140717000223	00406329
20140804000027	00201432
20140806000243	00231691
20140811000083	00125725
20140811000384	00205687
20140813000023	00114552
20140813000134	00177320
20140813000312	00255433
20140813000397	00378628
20140813000445	00165413
20140814000075	00136925
20140814000162	00169215
20140814000210	00135999
20140814000227	00143314
20140814000271	00138297
20140814000286	00121570
20140814000302	00116301
20140814000437	00161709
20140814000567	00203209
20140814000582	00533003
20140814000628	00129989
20140814000682	00105952
20140814000712	00166175
20140814000732	00140168
20140814000746	00126308
20140814000776	00147860
20140814000809	00339072
20140814000827	00937324
20140814000845	00130587
20140814000865	00150165
20140814000886	00356370
20140814000903	00112378
20140814000947	00173032
20140814000988	00161046
20140814001004	00117577
20140814001032	00317487
20140814001076	00161116
20140814001183	00118008
20140814001238	00684714
20140814001253	00412597
20140814001275	00490179
20140814001294	00133706
20140814001329	00803425
20140814001378	00173944
20140814001472	00155355
20140814001520	00152880
20140814001568	00266961
20140814001610	00573579
20140818000170	00526872
20140820000399	00475985
20140821000359	00138057
20140822000167	00155212
20140822000433	00410915
20140826000170	00156859
20140826000270	00160843
20140827000107	00108977
20140827000174	00249247
20140827000248	00583026
20140827000294	00480048
20140827000426	00252135
20140828000153	00173449
20140828000186	00413523
20140828000225	00147994
20140828000264	00336297
20140828000324	00149770
20140828000389	00363927
20140828000430	00350482
20140828000493	00261957
20140828000524	00101044
20140828000599	00442145
20140828000675	00223434
20140829000148	00260569
20140829000172	00173795
20140829000209	00210740
20140829000315	00306454
20140829000408	00130091
20140829000463	00103662
20140829000497	00157991
20140829000536	00137359
20140829000569	00113234
20140829000592	00121507
20140829000619	00118266
20140829000763	00128555
20140829000876	00362292
20140829000938	00152127
20140829000994	00108649
20140829001032	00139719
20140829001124	00114093
20140829001143	00359395
20140829001211	00808068
20140829001235	00539274
20140829001287	00216027
20140829001311	00327396
20140829001343	00103042
20140829001364	00612188
20140829001433	00118275
20140829001446	00115931
20140829001497	00137368
20140829001524	00842585
20140829001658	00143907
20140829001734	00127954
20140829001808	00160302
20140829001914	00139083
20140829001992	00162993
20140829002023	00111810
20140829002103	00249982
20140901000381	00359395
20141006000401	00130587
20141028001129	00273110
20141112000104	00143314
20141112000395	00173032
20141113000247	00625942
20141114000009	00229021
20141114000049	00369213
20141114000074	00378220
20141114000148	00256502
20141114000182	00250997
20141114000244	00634728
20141114000269	00116301
20141114000369	00128412
20141114000390	00603348
20141114000413	00145446
20141114000454	00105961
20141114000513	00159786
20141114000599	00356361
20141114000618	00239514
20141114000632	00631518
20141114000648	00231664
20141114000665	00372873
20141114000697	00356370
20141114000735	00363510
20141114000750	00261009
20141114000769	00660033
20141114000787	00126566
20141114000868	00403632
20141114000885	00137289
20141114000973	00258801
20141114001063	00164830
20141114001088	00795135
20141114001117	00428251
20141114001248	00113535
20141114001279	00599106
20141114001302	00937324
20141114001345	00148276
20141114001431	00155355
20141114001448	00137207
20141114001469	00164478
20141114001527	00162461
20141114001601	00126788
20141114001668	00108746
20141117000187	00828789
20141119000237	00803425
20141120000131	00351579
20141121000006	00160843
20141121000255	00410915
20141124000045	00104388
20141124000092	00106881
20141125000086	00574611
20141125000242	00318316
20141126000094	00814786
20141126000177	00105040
20141126000343	00336297
20141127000106	00147994
20141127000189	00157991
20141127000251	00185222
20141127000384	00219097
20141127000438	00445841
20141127000504	00653194
20141127000571	00614593
20141127000636	00263654
20141128000158	00260392
20141128000350	00591441
20141128000400	00146083
20141128000481	00264714
20141128000605	00530121
20141128000722	00303396
20141128000773	00666064
20141128001002	00542074
20141128001037	00223434
20141128001055	00447928
20141128001082	00231831
20141128001099	00130408
20141128001134	00435969
20141128001156	00608699
20141128001186	00139153
20141128001216	00125488
20141128001246	00134565
20141128001332	00135795
20141128001390	00539274
20141128001442	00825959
20141128001472	00113261
20141128001512	00147152
20141128001604	00187415
20141128001634	00385336
20141128001671	00258421
20141128001695	00492353
20141128001738	00329093
20141128001779	00126089
20141128001825	00158024
20141128001911	00268251
20141201000024	00238001
20141201000104	00177816
20141201000137	00364467
20141201000166	00209780
20141201000261	00397191
20141201000306	00141307
20141201000345	00265005
20141201000396	00109754
20141201000466	00104768
20141201000590	00141556
20141201000635	00255105
20141201000675	00303873
20141201000728	00372226
20141201000830	00147222
20141201000913	00132804
20141201000947	00238782
20141202000036	00838962
20141205000279	00110431
20150227001282	00159731
20150302000681	00138747
20150430000362	00191588
20150512000213	00105040
20150512001121	00255044
20150513001512	00351579
20150513004165	00580056
20150514000237	00112022
20150514000597	00126089
20150514001796	00642541
20150514002556	00390903
20150514002702	00104388
20150514002813	00308896
20150514003384	00599595
20150514003669	00201733
20150514003720	00180263
20150514004181	00362238
20150514004862	00121534
20150514005282	00117276
20150515000036	00117027
20150515000058	00557508
20150515000079	00267906
20150515000118	00422895
20150515000173	00147994
20150515000210	00216027
20150515000235	00115931
20150515000371	00102113
20150515000409	00131504
20150515000432	00173795
20150515000540	00243757
20150515000569	00138057
20150515000591	00152783
20150515000613	00287812
20150515000629	00131896
20150515000678	00447609
20150515000759	00236863
20150515000832	00116301
20150515000923	00265005
20150515000940	00140779
20150515000984	00111458
20150515001014	00645089
20150515001040	00359623
20150515001056	00273110
20150515001125	00101628
20150515001178	00362201
20150515001303	00204262
20150515001313	00260930
20150515001324	00107613
20150515001447	00372226
20150515001483	00303192
20150515001498	00113535
20150515001525	00493510
20150515001638	00442455
20150515001675	00192499
20150515001725	00130763
20150515001789	00126478
20150515001798	00372873
20150515001837	00147222
20150515001854	00116949
20150515001873	00266961
20150515001891	00638487
20150515001919	00145862
20150515001936	00660033
20150515001953	00555874
20150515002134	00633835
20150515002163	00148540
20150515002184	00164812
20150515002197	00255105
20150515002241	00160302
20150515002259	00108001
20150515002285	00755739
20150515002303	00265324
20150515002362	00258102
20150515002375	00103042
20150515002452	00141307
20150515002492	00227333
20150515002513	00127857
20150515002526	00220561
20150515002540	00131939
20150515002601	00113207
20150515002615	00683469
20150515002644	00101220
20150515002660	00173591
20150515002684	00159209
20150515002718	00635134
20150515002744	00422284
20150515002772	00145552
20150520000156	00219097
20150528000186	00349060
20150529000165	00105156
20150529000822	00608699
20150529001323	00453488
20150601000811	00670340
20150601001012	00106669
20150731000386	00399694
20150807000439	00220622
20150812000053	00256043
20150812000264	00167004
20150812000439	00159810
20150813000081	00148993
20150813000126	00378363
20150813000186	00468374
20150813000212	00202839
20150813000244	00369213
20150813000367	00206686
20150813000440	00318316
20150813000463	00102140
20150813000483	00814786
20150813000527	00121941
20150813000542	00591441
20150813000612	00372688
20150813000632	00397191
20150813000650	00101549
20150813000674	00203582
20150813000710	00167031
20150813000727	00102618
20150813000741	00228059
20150813000758	00359395
20150813000787	00130879
20150813000803	00540863
20150813000824	00143226
20150813000888	00533508
20150813000958	00103042
20150813000990	00206659
20150813001042	00145464
20150813001072	00306870
20150813001157	00228350
20150813001176	00105855
20150813001263	00384717
20150813001312	00136378
20150813001357	00491938
20150813001389	00223434
20150813001419	00389970
20150813001453	00203023
20150813001489	00910840
20150813001558	00362292
20150817000005	00117498
20150817000059	00136004
20150817000083	00255044
20150817000122	00297989
20150817000229	00488989
20150817000259	00115931
20150817000347	00210856
20150817000399	00143314
20150817000521	00158565
20150817000539	00447760
20150817000579	01047169
20150817000598	00542074
20150817000625	00108241
20150817000643	00103176
20150817000670	00145109
20150817000732	00104856
20150817000770	00683469
20150817000786	00177816
20150817000843	00471068
20150817000890	00624998
20150817000901	00155692
20150817000960	00359261
20150817000971	00160588
20150817000987	00113410
20150817001001	00176914
20150817001042	00111193
20150817001076	00153339
20150817001123	00204262
20150817001140	00612294
20150817001166	00137997
20150817001188	00385336
20150817001204	00145446
20150817001260	00409788
20150817001322	00120571
20150817001353	00372226
20150817001394	00222532
20150817001407	00441304
20150817001428	00124504
20150817001441	00173874
20150817001472	00389998
20150817001503	00114154
20150817001532	00109718
20150817001545	00148540
20150817001584	00203315
20150817001606	00525882
20150817001619	00106641
20150817001636	00158501
20150817001673	00141626
20150817001731	00432102
20150828000291	00656951
20150831000726	00296005
20150831001075	00917861
20150831001455	00317487
20151109000026	00489243
20151109000201	00155948
20151110000127	00177816
20151110000353	00132637
20151111000315	00117027
20151111000405	00525882
20151112000072	00194947
20151112000109	00130763
20151112000370	00356839
20151112000436	00444329
20151113000101	00317681
20151113000211	00173032
20151113000249	00531917
20151113000302	00256715
20151113000324	00625942
20151113000337	00138367
20151113000353	00385415
20151113000456	00596677
20151113000476	00132211
20151113000510	00568188
20151113000535	00681249
20151113000570	00105040
20151113000583	00624998
20151113000605	00545716
20151113000621	00989619
20151113000646	00122898
20151113000678	00230425
20151113000706	00868705
20151113000733	00310156
20151113000800	00445799
20151113000872	00442145
20151113000895	00161709
20151113000930	00143651
20151113000948	00119195
20151113000979	00156910
20151113001007	00415707
20151113001046	00362201
20151113001071	00203290
20151116000038	00508274
20151116000061	00295857
20151116000149	00200275
20151116000251	01068348
20151116000272	00210740
20151116000292	00139153
20151116000325	00264255
20151116000371	00110583
20151116000442	00303794
20151116000455	00103042
20151116000543	00479705
20151116000598	00159731
20151116000609	00219848
20151116000679	00130879
20151116000691	00128555
20151116000704	00536541
20151116000748	00147772
20151116000766	00219361
20151116000812	00542074
20151116000826	00136101
20151116000882	00108038
20151116000945	00153861
20151116000982	00137289
20151116001014	00149354
20151116001030	00516246
20151116001085	00138297
20151116001100	00140946
20151116001120	00186452
20151116001132	00114792
20151116001144	00413046
20151116001157	00330044
20151116001168	00268002
20151116001202	00105855
20151116001220	00162586
20151116001305	00397289
20151116001327	00101220
20151116001346	00500254
20151116001360	00547583
20151116001377	00152385
20151116001388	00154329
20151116001440	00447609
20151116001454	00117601
20151116001468	00645089
20151116001510	00428251
20151116001529	00138792
20151116001579	00126478
20151116001592	00303873
20151116001615	00127954
20151116001653	00112332
20151116001696	00160047
20151116001716	00131780
20151116001747	00164478
20151116001765	00641393
20151116001784	00165413
20151116001839	00791209
20151118000253	00500254
20151123000186	00612489
20151125000243	00132354
20151126000260	00543107
20151127000308	00105156
20151127000640	00126414
20151127000758	00219097
20151130000653	00317487
20151130001002	00994994
20151130001380	00296005
20160114000264	00155373
20160215000013	00154718
20160215000224	00159731
20160426000514	00587457
20160504000303	00260392
20160511000868	00131197
20160511001373	00305570
20160511002263	00149804
20160511002963	00623184
20160512000742	00469799
20160512001431	00113261
20160512001915	00140946
20160512002373	00117498
20160513000213	00146436
20160513000416	00191588
20160513000708	00375931
20160513001989	00788737
20160513002312	00210740
20160513002618	00163196
20160513002920	00140779
20160513003132	00197759
20160513003749	00287788
20160513003843	00407771
20160513004040	00155638
20160513004276	00242712
20160513004450	00447502
20160513004532	00231691
20160513004617	00145464
20160513004702	00657987
20160513004811	00985686
20160513004841	00389998
20160513004934	00117577
20160513005150	00614593
20160513005233	00264255
20160513005269	00104786
20160513005396	00131832
20160513005603	00447487
20160516000151	00447760
20160516000311	00238001
20160516000619	00210980
20160516000697	00483735
20160516000815	00164502
20160516000843	00103510
20160516001074	00186799
20160516001183	00112022
20160516001237	00102618
20160516001292	00199988
20160516001308	00126788
20160516001474	00539274
20160516001560	00132992
20160516001590	00128980
20160516001624	00537337
20160516001678	00379229
20160516001717	00147994
20160516001736	00450931
20160516001766	00108241
20160516001823	00134565
20160516001880	00159740
20160516001896	00164779
20160516001923	00154329
20160516001990	00141389
20160516002234	00163716
20160516002291	00146232
20160516002308	01036367
20160516002361	00185046
20160516002393	00536541
20160516002424	00305668
20160516002439	00161860
20160516002534	00370255
20160516002549	00112721
20160516002646	00545734
20160516002690	00414850
20160516002707	00253985
20160516002727	00122898
20160516002787	00390365
20160516002820	00246620
20160516002843	00141246
20160516002886	00540641
20160516002912	00144243
20160516002975	00268002
20160516003048	00227333
20160516003077	00149655
20160516003136	00141671
20160516003192	00265324
20160516003234	00261285
20160516003251	00113535
20160516003311	00573579
20160516003395	00159616
20160516003441	00297448
20160516003516	00164788
20160516003567	00365590
20160516003597	00258801
20160516003686	00126308
20160516003731	00260657
20160523000023	00659161
20160530000531	00917861
20160804000113	00134477
20160808000377	00164812
20160810000462	00369170
20160811000290	00260958
20160812000045	00491053
20160812000134	00261373
20160812000311	00305297
20160812000346	00105271
20160812000373	00497631
20160812000393	00131896
20160812000460	00527491
20160812000541	01013311
20160812000568	00102113
20160812000610	01067808
20160812000635	01071944
20160812000669	00371485
20160812000749	00821607
20160812000781	00260930
20160812000809	00568188
20160812000823	00842585
20160812000859	00273110
20160812000874	00203847
20160812000942	00161976
20160812000959	00667425
20160812001019	00990165
20160812001076	01105621
20160812001098	00109806
20160812001157	00925189
20160812001199	00160843
20160812001225	01042650
20160812001246	00362201
20160812001264	00574611
20160812001324	00989619
20160812001346	00176835
20160812001372	00139764
20160812001391	00131832
20160816000047	00404701
20160816000179	00210740
20160816000198	00104722
20160816000219	00158024
20160816000234	00167192
20160816000280	00140177
20160816000361	00352499
20160816000405	00135999
20160816000549	00121154
20160816000610	00296263
20160816000640	00157636
20160816000684	00683469
20160816000726	00133876
20160816000752	00508274
20160816000769	00480455
20160816000827	00132992
20160816000857	00126566
20160816000868	00599595
20160816000878	00482426
20160816000903	00365624
20160816000954	00838962
20160816000966	00109037
20160816000994	00190321
20160816001059	00156859
20160816001074	00896285
20160816001129	00493510
20160816001144	00525934
20160816001174	00585538
20160816001183	00111704
20160816001193	00130879
20160816001206	00200910
20160816001233	00160302
20160816001250	00365590
20160816001267	00216647
20160816001277	00372873
20160816001304	00104573
20160816001318	00145862
20160816001327	00625942
20160816001343	00454946
20160816001359	00138516
20160816001376	00161860
20160816001405	00111193
20160816001442	00122205
20160816001453	00204262
20160816001568	00364254
20160816001606	00141556
20160816001642	00139889
20160816001660	00133706
20160816001693	00109718
20160816001773	00113234
20160816001825	00347716
20160816001841	00163512
20160816001859	00115676
20160816001928	00635134
20160816001947	00143651
20160816001962	00164788
20160816001987	00144243
20160816002054	00828789
20160816002076	00163691
20160816002092	00308896
20160816002109	00109693
20160816002153	00178754
20160816002235	00406046
20160826000026	00983916
20160829000167	00565154
20160829000378	00296005
20160829000427	00994994
20161028000397	00159616
20161101000413	00919966
20161104000456	00177816
20161109000379	00103130
20161111000087	00261656
20161111000160	00113128
20161111000205	00117230
20161111000222	00411048
20161111000255	00127857
20161111000369	00628860
20161111000436	00556907
20161111000453	00158024
20161111000548	00101044
20161111000563	00308896
20161111000599	00445841
20161111000624	00310156
20161111000641	00533191
20161111000654	00813389
20161111000674	00422895
20161111000696	01042650
20161111000728	00365457
20161114000010	00228059
20161114000041	00361169
20161114000064	00370918
20161114000093	00364847
20161114000166	00222435
20161114000182	00449254
20161114000203	00497631
20161114000218	00101220
20161114000246	00204208
20161114000261	00409788
20161114000290	00838962
20161114000356	00347062
20161114000440	00305297
20161114000461	00349811
20161114000508	00163716
20161114000540	00203023
20161114000555	00167192
20161114000571	00238001
20161114000694	00147994
20161114000712	00268118
20161114000749	00159786
20161114000771	00115931
20161114000790	01029394
20161114000809	00112651
20161114000871	00632304
20161114000888	00360595
20161114000900	00149770
20161114000940	00876865
20161114000952	00127954
20161114000987	00129679
20161114001002	00145190
20161114001017	00190321
20161114001026	00350312
20161114001040	00236863
20161114001060	00482426
20161114001084	00138303
20161114001106	00372873
20161114001161	00112022
20161114001176	00623661
20161114001192	00842585
20161114001212	00305668
20161114001249	00117027
20161114001259	00203582
20161114001334	00694942
20161114001356	00145862
20161114001372	00530121
20161114001384	00264714
20161114001392	00454946
20161114001404	00356839
20161114001417	00106614
20161114001440	00158015
20161114001449	00808068
20161114001476	00164779
20161114001484	00445054
20161114001623	00149655
20161114001694	00480048
20161114001709	00120571
20161114001736	00151368
20161114001750	00158501
20161114001764	00174527
20161114001780	00260657
20161114001795	00113410
20161114001824	00159573
20161114001849	00426068
20161114001892	00123523
20161114001934	00536329
20161114001954	00155692
20161114001985	00112332
20161114002001	00113526
20161114002019	00111704
20161114002053	00141307
20161114002072	00350020
20161114002106	00755739
20161114002124	00126308
20161114002137	00385336
20161114002157	00143314
20161114002172	00413523
20161114002213	00945457
20161114002228	00161693
20161114002250	00428251
20161114002304	00456218
20161114002354	00302926
20161114002390	00427483
20161114002411	00422284
20161114002426	00500254
20161114002446	00526696
20161114002457	00513948
20161114002471	00206686
20161114002522	00186939
20161114002564	00163691
20161116000042	00536541
20161117000033	00663669
20161122000143	00549891
20161129000211	01013311
20161129000326	00119672
20161129000417	00843900
20170113000008	00155373
20170214000295	00168401
20170214000627	00110750
20170510000255	00140061
20170510002271	00230425
20170511000644	00126487
20170512000204	00255044
20170512000800	00111999
20170512001659	00625942
20170512002607	00167031
20170512003683	00203847
20170512004157	00411048
20170512004564	00435969
20170512004675	00985686
20170512004724	00371740
20170512004835	00468374
20170512004901	00365758
20170512005313	00101752
20170512005478	00205687
20170512005894	00105606
20170512005988	00579999
20170512006230	00623184
20170512006351	00552859
20170515000279	00101549
20170515000519	00820352
20170515000617	00260392
20170515000702	00367604
20170515001068	00140779
20170515001160	00557508
20170515001183	00503668
20170515001219	00536523
20170515001274	00373021
20170515001321	00397289
20170515001412	00526836
20170515001451	00623661
20170515001542	00349060
20170515001617	00516246
20170515001643	00264547
20170515001674	00389998
20170515001738	00301422
20170515001790	00128980
20170515002047	00145914
20170515002154	00412348
20170515002211	00445799
20170515002236	00117230
20170515002342	00367695
20170515002499	00666064
20170515002576	00137252
20170515002600	01038693
20170515002695	00131197
20170515002779	00483735
20170515002798	00469799
20170515002847	00130587
20170515002864	00454946
20170515002907	00108135
20170515002942	00132211
20170515002975	00122898
20170515002991	00153126
20170515003009	00138260
20170515003020	00599285
20170515003062	00406329
20170515003078	00587466
20170515003099	00453488
20170515003126	00190321
20170515003160	00117337
20170515003233	00137058
20170515003254	00814786
20170515003426	00410997
20170515003452	00246620
20170515003519	00158316
20170515003536	00539274
20170515003555	00132804
20170515003584	00231691
20170515003645	00113544
20170515003699	00113535
20170515003724	01032404
20170515003746	00390860
20170515003768	00115676
20170515003825	00159616
20170515003861	00573579
20170515003888	00409140
20170515003907	00409672
20170515003942	00977650
20170515003976	00495086
20170515004058	00174527
20170515004196	00106313
20170515004259	00492353
20170515004311	00687711
20170515004346	01108099
20170515004379	00141307
20170515004414	00125743
20170515004474	00160588
20170515004524	00530185
20170515004539	00151368
20170515004553	00163512
20170515004573	00525934
20170515004584	00173591
20170515004602	00126308
20170515004662	00227333
20170515004681	00118044
20170515004711	00937324
20170515004741	00456218
20170515004766	00266961
20170515004856	00253985
20170515004881	00219848
20170515005062	00142713
20170526000330	00124197
20170526000549	00530413
20170529000185	01013311
20170530000171	00169215
20170530000311	00753643
20170809000039	00638487
20170810000093	00599106
20170810000443	00117337
20170810000529	00159698
20170811000036	01101041
20170811000092	00104810
20170811000173	00203847
20170811000346	00915508
20170811000439	00148896
20170811000508	00308559
20170811000596	00113243
20170811000677	00463342
20170811000787	00135999
20170811000853	00527491
20170811000958	00144164
20170811001000	00158565
20170811001051	00129420
20170811001073	00164478
20170811001088	00407814
20170811001150	00296290
20170811001215	00249894
20170814000018	00228059
20170814000181	00994994
20170814000387	00123541
20170814000560	00340272
20170814000580	00247975
20170814000642	00173698
20170814000916	00145190
20170814000945	00595191
20170814000981	00161709
20170814001010	00403632
20170814001030	00260930
20170814001083	00440712
20170814001101	00608316
20170814001115	00877059
20170814001173	00246620
20170814001249	00149239
20170814001330	00122205
20170814001443	00318662
20170814001502	00136086
20170814001517	00154329
20170814001599	00755739
20170814001695	00161781
20170814001750	00124090
20170814001795	00156150
20170814001904	00427483
20170814001916	00112378
20170814001961	00392691
20170814002054	00674498
20170814002067	00120924
20170814002096	00642541
20170814002112	00112679
20170814002130	00176914
20170814002147	00155692
20170814002201	00106641
20170814002448	00160302
20170829000410	00530413
20171110000052	00542074
20171110000390	00551920
20171113000056	00157636
20171113000136	01208849
20171113000221	00128546
20171113000377	00838962
20171113000513	00390408
20171113000586	00579999
20171113000882	00180263
20171114000240	00361169
20171114000343	00413417
20171114000355	00148920
20171114000436	00348034
20171114000565	00997812
20171114000597	00231831
20171114000637	00155452
20171114000673	00101628
20171114000685	00144243
20171114000695	00666064
20171114000709	00828789
20171114000747	00130408
20171114000813	00242934
20171114000831	00356839
20171114000876	00427483
20171114000889	00130684
20171114000961	00156354
20171114001069	00134565
20171114001084	00162416
20171114001212	00384762
20171114001315	00153126
20171114001354	00706715
20171114001383	00113207
20171114001432	00372882
20171114001446	00336817
20171114001457	00595191
20171114001507	00200910
20171114001592	00418379
20171114001630	00124090
20171114001730	00540641
20171114001786	00642541
20171114001796	00268002
20171114001812	00117337
20171114001855	00495086
20171114001866	00492894
20171114001889	00155692
20171114001907	00103644
20171114001968	00231105
20171114001978	01021949
20171114002018	00808068
20171114002053	00103176
20171114002128	00683469
20171114002268	00204226
20171114002313	00266952
20171114002387	00378363
20171114002430	00674498
20171114002443	00456218
20171114002476	00143527
20171114002487	00120924
20171114002500	00139719
20171114002518	00793155
20171114002532	00305570
20171114002600	00149947
20171114002645	00164812
20171114002725	00106641
20171129000076	00549891
20171129000892	01157235
20180214000367	00136101
20180430000747	00450931
20180510000391	01074862
20180511000141	00164812
20180514000749	00261656
20180514003590	00242378
20180514004666	00260930
20180514004901	00118026
20180514005110	01042650
20180514005244	00185046
20180514005356	00101044
20180514005457	00138516
20180514005685	00435969
20180515000041	00228059
20180515000293	00293886
20180515000342	00105156
20180515000422	00129679
20180515000463	00599595
20180515000476	00258421
20180515000586	00263654
20180515000655	01109715
20180515000665	00150439
20180515000695	00540571
20180515000744	00379229
20180515000864	00390365
20180515000883	00108241
20180515000954	00131896
20180515001056	00361008
20180515001065	00687711
20180515001083	00172185
20180515001213	00138057
20180515001264	00646732
20180515001284	00158112
20180515001304	00151395
20180515001346	00526836
20180515001406	00126371
20180515001460	00130383
20180515001476	00815767
20180515001500	00123523
20180515001546	00122898
20180515001605	00200910
20180515001628	00160302
20180515001641	00143527
20180515001698	00347062
20180515001734	00608699
20180515001783	00974927
20180515001824	00426068
20180515001839	00579999
20180515001854	00171265
20180515001875	00587466
20180515001900	00127042
20180515001917	00413046
20180515001928	00814786
20180515001944	00131780
20180515001961	00454946
20180515001988	00385336
20180515002022	00264671
20180515002042	00178851
20180515002070	00125725
20180515002094	00296078
20180515002104	00164636
20180515002149	00216647
20180515002227	00533191
20180515002267	00365387
20180515002283	00125974
20180515002302	00105855
20180515002312	00149804
20180515002377	00126478
20180515002426	00479705
20180515002464	00398808
20180515002476	00357935
20180515002487	00111704
20180515002595	00115676
20180515002632	00162461
20180515002689	00152880
20180516000338	00181712
20180525000376	00480367
20180530000530	01047169
20180801000337	00160302
20180810000528	00365590
20180810000585	00114552
20180813000097	00137368
20180813000385	00166175
20180813000511	00439965
20180813000541	00471068
20180813000636	00331016
20180813000732	01042429
20180814000122	00148896
20180814000213	00110875
20180814000405	00138242
20180814000477	00418379
20180814000567	00121288
20180814000696	00423177
20180814000785	00159786
20180814000825	00101044
20180814000860	00188797
20180814000938	00123523
20180814000970	00108241
20180814001054	00130408
20180814001119	00151128
20180814001134	00372688
20180814001153	00540571
20180814001177	00240857
20180814001220	00385336
20180814001252	00139205
20180814001281	00526678
20180814001306	00809429
20180814001316	00186939
20180814001329	00484682
20180814001366	00269889
20180814001403	00463342
20180814001417	00660033
20180814001439	00816544
20180814001476	00146861
20180814001493	01095722
20180814001571	00160302
20180814001582	00121941
20180814001619	00113234
20180814001666	01047415
20180814001675	00117276
20180814001701	00539274
20180814001753	00309503
20180814001767	00161116
20180814001795	00896753
20180814001808	00142661
20180814001818	00129679
20180814001864	00442570
20180814001943	00106623
20180814001969	00155276
20180814001991	00105101
20180814002030	00369107
20180814002050	00155692
20180814002076	00306162
20180814002192	00428321
20180814002200	00317104
20180814002287	00127042
20180814002325	00151368
20180814002414	00109754
20180814002425	00565154
20180814002462	00149354
20180814002478	00105952
20180814002510	00904672
20180814002641	00258360
20180814002649	00808022
20180814002697	00115287
20180814002711	00231105
20180814002768	00413046
20180814002816	00573579
20180814002891	00243757
20180814002905	00389970
20180814002926	00788737
20180814002939	00444329
20180814002961	00190321
20180814002984	00161709
20180814003007	00453929
20180829000389	01067808
20180829000551	00243979
20181105000301	00819073
20181108000317	01074862
20181112000012	00536286
20181113000322	00113261
20181113000534	00177199
20181113000565	00113243
20181114000020	00899556
20181114000108	00255044
20181114000132	00264547
20181114000285	00486370
20181114000307	00361169
20181114000388	00268251
20181114000402	00178754
20181114000416	00147772
20181114000480	00276083
20181114000576	00264671
20181114000613	00145190
20181114000631	00143527
20181114000693	00172291
20181114000716	00158565
20181114000737	00128111
20181114000949	00568188
20181114001083	00162416
20181114001108	00389970
20181114001155	00533191
20181114001164	00146861
20181114001187	00442455
20181114001196	00423177
20181114001218	00264732
20181114001278	00536329
20181114001296	00125725
20181114001320	00463342
20181114001329	00543204
20181114001342	00160010
20181114001352	00150828
20181114001361	00599957
20181114001371	00105280
20181114001422	00136776
20181114001457	00485177
20181114001468	00568188
20181114001509	00852087
20181114001545	00472890
20181114001575	00539274
20181114001590	00265005
20181114001618	00110875
20181114001630	00165680
20181114001699	00299002
20181114001717	00105952
20181114001728	01095722
20181114001755	00896753
20181114001821	00111722
20181114001834	00365387
20181114001856	00118026
20181114001921	00939687
20181114001954	00164478
20181114001965	00132637
20181114001990	00397289
20181114002025	00296078
20181114002065	00203315
20181114002159	00453929
20181114002181	00917861
20181114002196	00184667
20181114002212	00642541
20181114002227	00120571
20181114002251	00415707
20181114002265	00663669
20181114002274	00102432
20181114002320	01065679
20181114002339	00190321
20181114002381	00101664
20181114002392	00694942
20181114002413	00153861
20181114002440	00138701
20181114002467	00181943
20181114002483	01067516
20181114002507	00105101
20181114002585	00149804
20181114002604	00379229
20181114002632	00363246
20181114002681	00203023
20181114002695	00109693
20181114002711	00144164
20181114002745	00310156
20181114002762	00475985
20181114002777	00139719
20181114002800	00161693
20181114002843	00656951
20181114002862	00481454
20181114002873	00164830
20181114002940	00526696
20181119000233	00232007
20181129000036	00111838
20181129000287	01099861
20181206000017	00126292
20181221000421	00104856
20190214001089	00139685
20190304000905	00599151
20190508000505	00137368
20190513000080	00245694
20190514000240	00114552
20190514000416	00406727
20190514000476	00122551
20190514000739	00807397
20190514001150	00614593
20190515000065	00308559
20190515000158	00317487
20190515000224	00166528
20190515000336	00362292
20190515000354	00624509
20190515000479	00267906
20190515000530	01259418
20190515000579	00248974
20190515000671	00201733
20190515000724	00625942
20190515000774	00133876
20190515000786	00108135
20190515000839	00242934
20190515000859	00111193
20190515000908	00877819
20190515000921	00105855
20190515000961	00236863
20190515001015	00223762
20190515001046	00348292
20190515001057	00238199
20190515001069	00442455
20190515001139	00246417
20190515001197	00360674
20190515001209	00983916
20190515001231	00490151
20190515001253	00567222
20190515001288	00175173
20190515001348	00568188
20190515001419	00104537
20190515001429	01263022
20190515001442	00442570
20190515001464	00159616
20190515001497	00271501
20190515001510	00121534
20190515001533	00244783
20190515001570	00302582
20190515001579	00146861
20190515001625	00120906
20190515001739	00445841
20190515001885	00542898
20190515001898	00118275
20190515001929	00122579
20190515001957	00385415
20190515002059	00139719
20190515002103	00104573
20190515002161	00530413
20190515002169	00269241
20190515002242	00587466
20190515002279	00186452
20190515002359	00163716
20190515002400	00146083
20190515002472	00121686
20190515002536	00163673
20190515002571	00347716
20190611000318	00365590
20190812000010	00820352
20190812000289	00683007
20190813000139	00117276
20190813000204	00533508
20190813000568	00525882
20190814000256	00360674
20190814000371	01032583
20190814000391	00154329
20190814000488	00131896
20190814000551	00983916
20190814000567	00101044
20190814000620	00384887
20190814000667	01031502
20190814000691	00142713
20190814000759	00108490
20190814000782	00128607
20190814000853	00132637
20190814000883	00132868
20190814000962	00317487
20190814000989	00118284
20190814001011	00246620
20190814001024	00453929
20190814001033	00160302
20190814001097	00266952
20190814001157	00439965
20190814001349	00209780
20190814001439	00693651
20190814001449	00490151
20190814001480	00260879
20190814001629	00535481
20190814001705	00938721
20190814001762	00146296
20190814001829	00158565
20190814001838	00219097
20190814001855	00106614
20190814001903	00397252
20190814001951	00587466
20190814001983	00118275
20190814002087	00108649
20190814002131	00415868
20190814002173	00234227
20190814002190	00129554
20190814002205	00545734
20190814002217	00141671
20190814002298	00164830
20190814002314	00181712
20190814002342	00923792
20190814002379	00120924
20190814002404	00261957
20190814002487	00107987
20190814002532	01258507
20190814002561	00791209
20190814002573	00111722
20190814002587	00128175
20190814002639	00614593
20190814002747	01316245
20190814002792	00596260
20190814002807	00795135
20190814002858	00115694
20190814002870	00131780
20190814002886	01205842
20190814002990	00753643
20190814003010	00111218
20191108000200	00136721
20191111000346	00195229
20191113000201	00112651
20191113000324	00287788
20191113000404	00137368
20191113000448	00371740
20191113000659	00389110
20191114000071	00916516
20191114000094	00438036
20191114000121	00591441
20191114000134	00149804
20191114000156	00540863
20191114000234	00308559
20191114000250	00447928
20191114000381	01065013
20191114000445	00616290
20191114000493	00140131
20191114000537	00523307
20191114000577	00115065
20191114000635	01032583
20191114000670	00164502
20191114000702	00409964
20191114000835	00540447
20191114000898	00378363
20191114000924	01095704
20191114000938	01259418
20191114001044	00838005
20191114001094	00361381
20191114001107	01135941
20191114001121	00113225
20191114001218	00423177
20191114001245	00628860
20191114001254	01047707
20191114001265	00490151
20191114001336	00625942
20191114001372	00186452
20191114001397	00813389
20191114001437	00296263
20191114001460	00143527
20191114001561	00917861
20191114001570	00125488
20191114001590	00983916
20191114001602	00259934
20191114001640	00156895
20191114001671	00346911
20191114001788	00390408
20191114001853	00109189
20191114001862	00122579
20191114001886	00113526
20191114001896	01051092
20191114001989	00188973
20191114002003	00445841
20191114002031	00246417
20191114002044	00111704
20191114002085	00440712
20191114002102	00364467
20191114002183	01258507
20191114002211	00153861
20191114002238	00788773
20191114002278	00156488
20191114002376	00535481
20191114002387	00143651
20191114002413	00131832
20191114002470	00152385
20191114002481	00163673
20191114002492	01256864
20191114002524	00181712
20191114002614	00108649
20191114002713	00356361
20191114002742	01168383
20191115000295	00111838
20191224000398	00876908
20200318000729	00113535
20200330003762	00760971
20200511000077	00190756
20200511000356	00121039
20200512000407	00167004
20200513000355	00260392
20200513000541	00970453
20200513000688	00256502
20200514000022	00556712
20200514000322	00104573
20200514000394	00155452
20200514000850	00306719
20200514000948	00568188
20200514000966	01003040
20200514001053	00329093
20200515000157	00210856
20200515000317	00125150
20200515000592	00616962
20200515000651	00125488
20200515000723	00220057
20200515001020	00453929
20200515001123	00468374
20200515001196	00163716
20200515001336	00377018
20200515001349	00158015
20200515001364	00210980
20200515001402	00249894
20200515001440	00131780
20200515001598	00923826
20200515001630	00164830
20200515001674	00759294
20200515001803	00602279
20200515001818	00118026
20200515001890	01109715
20200515001929	00121534
20200515002214	00146427
20200515002300	00158316
20200515002339	00259934
20200515002379	00152880
20200515002395	00141671
20200515002472	00266961
20200515002491	00129554
20200515002574	00390860
20200515002662	00536329
20200515002676	00113997
20200515002703	00791209
20200604000251	00536329
20200701000410	00242378
20200721000363	00242378
20200813000110	00375931
20200813000257	00301112
20200813000356	00346911
20200813000386	00356389
20200813000642	01231786
20200813000674	00331016
20200813000713	00445841
20200813000796	00469799
20200814000048	00651017
20200814000095	00450931
20200814000140	01407158
20200814000244	00360674
20200814000262	01243161
20200814000274	00624518
20200814000660	00158112
20200814000682	00258421
20200814000710	00579980
20200814000859	00119140
20200814000876	00646732
20200814000953	00347716
20200814001114	00148522
20200814001190	00526836
20200814001338	00260930
20200814001421	00113191
20200814001502	00159218
20200814001690	00563545
20200814001782	00563837
20200814001811	00105138
20200814001902	00180795
20200814001961	00137368
20200814002078	00153339
20200814002104	00694942
20200814002126	00186452
20200814002157	00963976
20200814002217	01077577
20200814002352	00620868
20200814002372	00141626
20200814002400	00163114
20200814002432	00410915
20200814002463	00761059
20200814002480	00112165
20200814002511	00579139
20200814002549	00109781
20200814002575	00126788
20200814002598	00405278
20200814002608	00356361
20200814002669	01075126
20200814002768	00155124
20200814002782	00409140
20200814002835	00107677
20200818000127	00369569
20200819000255	00140964
20200821000555	00260611
20200904000153	00442455
20200914000195	00186939
20201023000489	00753643
20201102000020	01047840
20201109000100	00592653
20201111000095	00167004
20201112000026	00389970
20201112000185	00137252
20201112000393	00108001
20201113000010	00821607
20201113000104	00793155
20201113000145	01101254
20201113000167	00187770
20201113000279	00305297
20201113000393	00564562
20201113000415	01157235
20201113000438	00579980
20201113000626	00149804
20201113000678	00150165
20201113000717	00560982
20201113000744	00148610
20201113000752	00803425
20201113000803	01047169
20201113000880	00364403
20201113000966	00706715
20201113000986	00409681
20201113001025	00118266
20201113001107	00109754
20201113001181	00143226
20201116000204	01181807
20201116000273	00870861
20201116000310	00651017
20201116000320	00136101
20201116000328	01063884
20201116000382	00861997
20201116000537	00120906
20201116000636	00231831
20201116000682	00485177
20201116000796	00480455
20201116000822	00995993
20201116000849	00526696
20201116000911	00140964
20201116000921	01231786
20201116000933	00346610
20201116000999	00158015
20201116001051	00192499
20201116001115	00105961
20201116001142	00137997
20201116001182	00629212
20201116001240	00490179
20201116001265	00153339
20201116001384	00186452
20201116001425	00122825
20201116001436	00618410
20201116001491	00104768
20201116001528	00694942
20201116001573	01047707
20201116001621	00203315
20201116001675	00526951
20201116001723	00983271
20201116001751	00487546
20201116001812	00595191
20201116001838	00331016
20201116001923	00120021
20201116001977	00693651
20201116002003	00162993
20201116002015	00587466
20201116002035	00186939
20201116002125	00261285
20201116002145	00163196
20201123000176	00126414
20201127000894	00377018
20201231000326	00813389
20210215001336	00599151
20210317000736	00105271
20210510000456	00115931
20210510000851	00140177
20210512000559	00961507
20210512000667	01046708
20210513000500	00367482
20210513000813	00103547
20210514000308	00405278
20210514000391	00966168
20210514000477	00778235
20210514000543	00136402
20210514000747	00130772
20210514000796	00974927
20210514000931	00927558
20210514001061	00303873
20210514001071	00141246
20210514001184	00130763
20210514001438	00105101
20210514001452	00146427
20210514001545	00874803
20210514001691	00661847
20210517000095	00529815
20210517000354	00118275
20210517000367	00491938
20210517000511	00471068
20210517000829	00151368
20210517000862	00141529
20210517000916	00178790
20210517000941	00423177
20210517000965	00407814
20210517001033	00204226
20210517001134	01205329
20210517001165	00125576
20210517001272	01109715
20210517001289	00137359
20210517001299	00377018
20210517001337	00105271
20210517001420	00567222
20210517001467	00414850
20210517001493	00265005
20210517001517	00107677
20210517001581	01031502
20210517001599	00126788
20210517001812	01258507
20210517001823	00483735
20210517001957	00163114
20210517002020	00164788
20210517002070	00916826
20210517002117	00787057
20210517002140	00242712
20210531001346	00367482
20210601000079	00620868
20210617000317	00173449
20210701000278	00140177
20210707000519	00297448
20210709000516	00318662
20210810000189	00225159
20210812000089	00535481
20210812000126	00506294
20210813000096	00356389
20210813000178	00363246
20210813000353	00148896
20210813000461	00130772
20210813000586	00855093
20210813000718	01267170
20210813000759	00187415
20210813000786	00152127
20210813000897	00253985
20210813000943	00249247
20210813001160	00133812
20210813001218	00231691
20210813001382	00232007
20210817000050	00920379
20210817000204	00530121
20210817000255	00148920
20210817000323	00158565
20210817000366	00445054
20210817000378	00121570
20210817000434	00124799
20210817000642	00666064
20210817000719	00143314
20210817000777	00407771
20210817000849	00304076
20210817000862	00101488
20210817000896	00385415
20210817000954	00148522
20210817000994	00136776
20210817001014	00260930
20210817001025	00543204
20210817001036	00583026
20210817001078	00624518
20210817001148	00120924
20210817001182	00688358
20210817001304	00177870
20210817001331	00117601
20210817001393	00153861
20210817001442	00994994
20210817001453	00119672
20210817001479	00164788
20210817001564	00186939
20210817001573	00116824
20210817001607	00487546
20210817001659	00911955
20210817001709	00142713
20210817001746	00573579
20210817001793	00113359
20210817001809	00164812
20210817002017	01047707
20210817002039	00125080
20210817002184	00536523
20210817002272	00148364
20210819000025	00177870
20210823000420	00268251
20210831001844	00105952
20211110000232	01505186
20211110000354	00225159
20211111000136	00157991
20211112000114	00140955
20211112000133	00198697
20211112000378	00603348
20211112000399	00389970
20211112000476	00160010
20211112000771	00256043
20211112000812	00249247
20211112000899	00803425
20211112001015	00109189
20211112001099	00384717
20211112001136	00587925
20211112001157	00117276
20211115000029	01407158
20211115000061	01259232
20211115000239	00869272
20211115000370	01251577
20211115000405	01032583
20211115000446	00116408
20211115000528	00127255
20211115000539	00111838
20211115000572	00261957
20211115000587	00612188
20211115000625	00568188
20211115000666	00246417
20211115000755	00366137
20211115000775	00560982
20211115000874	00148920
20211115000903	00138279
20211115001015	00671376
20211115001125	00103130
20211115001175	00131054
20211115001219	00232007
20211115001232	00536523
20211115001261	01168383
20211115001311	00163761
20211115001322	00185046
20211115001364	00372688
20211115001372	00103644
20211115001413	00456218
20211115001437	00624518
20211115001477	00105138
20211115001491	00318662
20211115001690	00265005
20211115001746	00693651
20211115001764	00120526
20211115001777	00163716
20211115001789	00428321
20211115001853	00442048
20211115001911	00624749
20211115001964	00406046
20211115001988	01497869
20211115002088	00136776
20211115002115	00963976
20211115002168	00216434
20211115002204	00428251
20211115002286	00186559
20211115002376	00161693
20211115002412	00231363
20211115002448	00945457
20211115002478	00264671
20211116000013	01003040
20211117000231	00153621
20211123000283	01391103
20211126000349	01412822
20220211000426	00231105
20220214000830	00145914
20220512000265	01305249
20220512000536	00990819
20220513000164	00654272
20220513000267	01309795
20220513000467	00136402
20220513000580	00161046
20220513000685	01071944
20220513000805	00130879
20220513001018	00130383
20220513001083	00260569
20220513001111	00653194
20220513001240	00136776
20220513001484	00141246
20220513001551	00350020
20220513001668	00180263
20220513001681	00120562
20220516000040	00616962
20220516000055	01023318
20220516000265	00545114
20220516000461	00614593
20220516000525	00523307
20220516000619	00112378
20220516000771	00533924
20220516000854	00389970
20220516000911	00150439
20220516001093	00175623
20220516001125	01089378
20220516001173	01205842
20220516001193	00260930
20220516001232	00813389
20220516001258	00347716
20220516001361	01084294
20220516001403	00297448
20220516001439	00206039
20220516001513	00425351
20220516001536	00580667
20220516001666	00599595
20220516001691	00412597
20220516001879	00356361
20220516001896	01497869
20220516002019	00101220
20220516002125	00620868
20220516002163	00109693
20220516002246	00375931
20220516002359	00116949
20220516002442	00111704
20220516002543	00965813
20220516002708	00628189
20220518000309	01391103
20220524000362	00149804
20220812000332	00361594
20220812000617	00109718
20220812000771	00508344
20220812000787	00101628
20220812000820	00759294
20220812001037	00126414
20220812001207	00983040
20220812001316	00652007
20220816000070	00438036
20220816000089	00444329
20220816000187	00132868
20220816000217	00137012
20220816000259	00359261
20220816000299	00491053
20220816000311	00409672
20220816000388	00567222
20220816000456	00243979
20220816000493	01462605
20220816000648	00573269
20220816000793	00293886
20220816000921	00155948
20220816000947	01390344
20220816000975	00397289
20220816001004	00130684
20220816001110	00317487
20220816001121	00616290
20220816001131	00133663
20220816001155	00305668
20220816001259	00117212
20220816001269	00159740
20220816001356	00126487
20220816001419	00369213
20220816001525	01008762
20220816001538	00128175
20220816001607	00442455
20220816001683	00540447
20220816001710	00145109
20220816001811	00122579
20220816001871	00587466
20220816001896	00124540
20220816001930	00632304
20220816001949	00107613
20220816001978	00493325
20220816002006	00263654
20220816002037	00390408
20220816002250	00963976
20220816002276	00126292
20220816002331	00300405
20220816002375	00145914
20220816002430	00327396
20220816002499	00118026
20220816002530	00266952
20220816002558	00296078
20220816002575	00152862
20220816002650	00540429
20220818000127	01150515
20220826000456	00450931
20221104000097	00874803
20221108000010	01159233
20221110000013	00438036
20221110000406	00604815
20221111000013	01210066
20221111000037	00642897
20221111000254	00130772
20221111000274	00198192
20221111000363	00825959
20221111000394	00160010
20221111000539	00533003
20221111000592	00150165
20221111000662	00329093
20221111000675	01138364
20221111000723	01327092
20221111000784	00527491
20221111000811	01237540
20221111000866	01109937
20221111000936	00369213
20221111001005	00160588
20221111001024	00260569
20221114000018	00154329
20221114000181	00141626
20221114000264	00641171
20221114000377	01573284
20221114000407	00266934
20221114000565	00116949
20221114000602	00513948
20221114000643	00113225
20221114000701	00870481
20221114000748	00186799
20221114000759	01063884
20221114000797	00130383
20221114000868	00990165
20221114000878	00210980
20221114000909	00528515
20221114000934	00482426
20221114000976	00141477
20221114000988	00175623
20221114001040	00105961
20221114001048	00305668
20221114001132	00123772
20221114001142	00318662
20221114001154	00103644
20221114001194	00442154
20221114001206	01573381
20221114001215	00145190
20221114001235	01084294
20221114001279	00105271
20221114001298	00490151
20221114001334	00132868
20221114001354	00206039
20221114001377	01201970
20221114001430	01181515
20221114001544	00110750
20221114001580	00247975
20221114001593	01489648
20221114001604	00525882
20221114001631	00246620
20221114001670	00957735
20221114001696	01140837
20221114001708	00980043
20221114001758	00409788
20221114001837	00632845
20221114001849	00158307
20221114001957	00652007
20221114001982	00108135
20221114002027	00149026
20221114002065	00359395
20221114002102	00103006
20221114002132	00155638
20221114002143	00296290
20221114002208	00193328
20221114002259	00174527
20221114002274	00426068
20221114002320	01234507
20221114002391	01067516
20221114002454	00131504
20221114002469	01075126
20221114002501	00186559
20221114002511	00120562
20221114002574	00120021
20221114002590	01343665
20221114002638	00204226
20221114002654	00101220
20221114002705	00904672
20221114002773	00125488
20221114002798	00144021
20221115000299	00152880
20221125000445	00575106
20221129000914	00125646
20221130001938	00193328
20221209000612	00407814
20230118000042	00147772
20230118000070	01084364
20230213000842	00241209
20230214001287	00145914
20230502000930	01159233
20230510000091	01064069
20230510000320	01326224
20230512000095	00463342
20230512000738	00450010
20230512000802	00364740
20230512000996	00563837
20230512001060	00161116
20230512001099	00413046
20230512001376	00488402
20230515000002	01146822
20230515000307	00260657
20230515000514	00186939
20230515000535	00532129
20230515000783	00379229
20230515000890	00120076
20230515000914	00159971
20230515000937	00243757
20230515000953	00184667
20230515001048	00305668
20230515001104	00612188
20230515001279	00609324
20230515001372	00105961
20230515001383	01265251
20230515001409	00138701
20230515001420	00111218
20230515001449	01201970
20230515001473	00122898
20230515001522	01302853
20230515001565	00197759
20230515001668	00409681
20230515001724	01494154
20230515001743	00126371
20230515001770	00243979
20230515001853	00180795
20230515001874	00120021
20230515001896	01204056
20230515001945	00123523
20230515002065	01189438
20230515002075	01454341
20230515002085	00995993
20230515002106	00117212
20230515002158	00896753
20230515002206	01259311
20230515002241	01067516
20230515002252	00540429
20230515002319	00493510
20230515002384	00108135
20230515002413	00113997
20230515002437	01429840
20230515002523	01267170
20230515002566	00200910
20230515002580	00159731
20230515002681	00117276
20230515002719	00149947
20230515002735	01436479
20230515002776	00152880
20230515002800	01409095
20230515002810	00137207
20230515002867	00155948
20230515002944	00870481
20230519000027	00885906
20230523000259	00390860
20230810000248	00410915
20230810000390	00225159
20230811000358	00260392
20230811000996	00157991
20230811001094	00160010
20230811001139	01042085
20230811001283	00479705
20230811001447	00130772
20230811001547	00885906
20230811001617	00490179
20230811001726	00423177
20230811001800	00453442
20230811001878	00375931
20230811001979	00508274
20230811001998	00445841
20230811002091	00161116
20230811002113	00256043
20230811002332	00124504
20230811002452	01267170
20230811002481	00795135
20230811002489	00161693
20230811002503	00249247
20230811002524	01168383
20230811002555	00256955
20230811002574	00135999
20230811002639	00186559
20230814000277	00404701
20230814000522	01098792
20230814000558	00130408
20230814000629	00374020
20230814000677	00463342
20230814000720	00986898
20230814000795	00480783
20230814000834	01575839
20230814000849	01532603
20230814000890	00143527
20230814000966	00161860
20230814001001	00133876
20230814001285	00188797
20230814001306	00111218
20230814001348	01150515
20230814001501	00535481
20230814001552	01343665
20230814001562	00788737
20230814001615	01085026
20230814001663	00146436
20230814001718	00219440
20230814001766	00186939
20230814001780	00137368
20230814001878	00117708
20230814001889	01166109
20230814001899	00169048
20230814001913	00563837
20230814002023	01409095
20230814002086	00152385
20230814002099	01335453
20230814002153	00117212
20230814002238	00269241
20230814002285	01043853
20230814002335	00155124
20230814002349	00346911
20230814002369	00167192
20230814002480	01105621
20230814002493	00172680
20230814002529	01390344
20230814002710	01353024
20230814002760	00533191
20230814002808	00139214
20230814002824	01303029
20230814002855	00347716
20230814002913	00476498
20230814002946	00350020
20230814002979	00152862
20230814003079	00670340
20230814003096	00513948
20230814003141	00114792
20230816000260	00362292
20231108000141	00484682
20231109000326	00260392
20231110000455	00626464
20231110000693	01032486
20231113000199	00892526
20231113000243	00310156
20231113000281	00112651
20231113000336	00415594
20231113000379	00305668
20231113000475	00438036
20231113000543	01316245
20231113000648	00269241
20231113000716	00260930
20231113000765	00876865
20231114000128	00352064
20231114000196	00102353
20231114000244	00916826
20231114000314	00133663
20231114000337	00120906
20231114000350	00108490
20231114000360	01064069
20231114000393	00239514
20231114000455	00131896
20231114000492	01014055
20231114000686	00139889
20231114000714	00132992
20231114000747	00105156
20231114000967	00109718
20231114001064	00159023
20231114001135	00992871
20231114001169	00131054
20231114001189	00146542
20231114001252	00156488
20231114001327	01454341
20231114001360	00567222
20231114001369	00539274
20231114001409	00579999
20231114001454	00231691
20231114001463	01109715
20231114001529	00121534
20231114001594	00268251
20231114001622	00340096
20231114001644	00175623
20231114001697	00574611
20231114001824	01150515
20231114001917	00259934
20231114001971	01207761
20231114001981	00540447
20231114002002	01326792
20231114002087	00149026
20231114002121	00109693
20231114002133	00796994
20231114002233	00410997
20231114002261	00490179
20231114002294	00170558
20231114002322	00113234
20231114002331	00795135
20231114002369	00120076
20231114002383	00603348
20231114002411	00265005
20231114002461	00242378
20231114002497	00240857
20231114002508	00176914
20231114002553	00363510
20231114002571	00414601
20231114002582	00346911
20231114002608	00141671
20231114002680	00159731
20231114002709	00115612
20231114002721	00132354
20231114002793	00107224
20231114002806	00652007
20231114002914	01020524
20231114003000	00113191
20231114003018	01032583
20231114003038	01166109
20231115000117	00567222
20231120000709	00456218
20231123000133	01405451
20231127000076	00870481
20231128000139	00156488
20231128000891	00161709
20240213000740	00136101
20240509000290	00225159
20240510000837	00256380
20240513000677	00260408
20240514000274	00330044
20240514000469	00134176
20240514000550	00450010
20240514000865	01069736
20240514001128	00152437
20240514001180	00688358
20240514001280	00364254
20240514001324	00523307
20240514001343	01305249
20240514001359	00484682
20240514001423	01061497
20240514001519	00152385
20240514001553	01405451
20240514001568	00375931
20240514001590	01038693
20240514001659	01029394
20240516000163	00128980
20240516000244	01110058
20240516000306	00163716
20240516000478	00126089
20240516000579	00104573
20240516000626	00407771
20240516000718	01514698
20240516000765	00128412
20240516000934	00687711
20240516001071	00127255
20240516001095	01084294
20240516001113	00146427
20240516001123	00962393
20240516001143	00385336
20240516001181	00828789
20240516001240	00116824
20240516001289	00813389
20240516001319	00107066
20240516001381	00115931
20240516001413	00491938
20240516001483	00116426
20240516001576	00659161
20240516001617	00862880
20240516001712	00620558
20240516001769	00156488
20240516001840	00127936
20240516001852	00536523
20240516001864	01235296
20240516002096	00113261
20240516002130	00670340
20240516002159	00258360
20240516002251	00476498
20240516002266	00535746
20240628000689	00605124
20240703000325	00117267
20240809000483	01110182
20240812000098	01144569
20240812000534	00897752
20240813000260	00808022
20240813000434	00358271
20240813000638	00453488
20240813000878	00318316
20240813001011	00187770
20240813001136	01429840
20240813001236	00143226
20240814000927	01067808
20240814000955	00128980
20240814000980	00124276
20240814001107	01023318
20240814001148	00641171
20240814001167	00103644
20240814001530	00491938
20240814001581	00163318
20240814001691	00619640
20240814001708	00220622
20240814001736	00603348
20240814001878	00108746
20240814002123	00636656
20240814002188	01110474
20240814002309	00197759
20240814002418	01037542
20240814002460	01571107
20240814002488	00249502
20240814002503	00484682
20240814002611	00121941
20240814002656	00542074
20240814002718	00141389
20240814002802	00210980
20240814002842	00390903
20240814002871	01062177
20240814002928	00108649
20240814002939	00606664
20240814003000	01043853
20240814003025	00268251
20240814003035	00125576
20240814003084	00385336
20240814003209	00351427
20240814003235	00157991
20240814003270	00124780
20240814003361	00126292
20240814003384	00389970
20240814003412	00216434
20240814003477	00540447
20240814003527	00821607
20240814003562	00545114
20240814003586	00163716
20240814003721	00117027
20240814003775	00167192
20240814003823	00357607
20240814003853	00192499
20240814003863	00797364
20240814003920	00130587
20240814003935	00273420
20240814003969	00983916
20240814004017	00463342
20240814004076	01153293
20240814004148	00112332
20240814004159	00175173
20240814004169	00137207
20240814004218	01110076
20240814004362	00608699
20240814004406	01309388
20240814004444	00136402
20240814004514	01573381
20240814004552	00298377
20240814004572	00988364
20240814004605	00164618
20240819000250	00650771
20240823000052	01326792
20240826000402	00149947
20240829000753	01299106
20241106000231	00606770
20241111000150	00641171
20241112000236	00260611
20241113000026	00957373
20241113000152	00475985
20241113000168	01080252
20241113000277	00112651
20241113000322	00256043
20241113000342	01685251
20241113000485	01095722
20241113000528	00925587
20241113000542	00814786
20241113000564	00112721
20241113000687	01246034
20241113000754	00161693
20241114000088	01049167
20241114000102	00406329
20241114000146	00160010
20241114000157	01316236
20241114000242	00297989
20241114000285	00117027
20241114000307	01243161
20241114000328	00163716
20241114000341	00142883
20241114000351	00121154
20241114000377	00107677
20241114000430	00201131
20241114000442	00351630
20241114000466	00126089
20241114000499	00385415
20241114000556	00131896
20241114000599	00158024
20241114000620	00104573
20241114000707	00295547
20241114000722	00363510
20241114000735	00114792
20241114000783	01157235
20241114000811	00123143
20241114000924	00219848
20241114000933	00159209
20241114001001	00442561
20241114001148	00542074
20241114001265	01027828
20241114001300	00563545
20241114001309	00964595
20241114001345	00125576
20241114001553	01405451
20241114001563	00188089
20241114001625	00106395
20241114001743	00164618
20241114001762	00763701
20241114001785	00180795
20241114001800	00155355
20241114001859	00351427
20241114001897	00147860
20241114001946	00236863
20241114001957	00937324
20241114002004	00127158
20241114002085	01575839
20241114002113	01305249
20241114002153	01187148
20241114002241	00869272
20241114002259	00536888
20241114002382	00587466
20241114002409	00664048
20241114002417	01309388
20241114002450	00442048
20241114002459	00126487
20241114002482	00309503
20241114002490	01336461
20241114002525	00160302
20241114002535	01214248
20241114002559	01454341
20241114002613	00219440
20241114002652	00108135
20241114002664	00141671
20241114002706	00959229
20241114002777	01573381
20241114002790	00125974
20241114002823	00554352
20241114002954	00152862
20241114002990	00108001
20241115000255	00303192
20241218000204	00266934
20241231000232	00112332
20250214001318	00122348
20250513000606	00442048
20250514000161	00619640
20250514000362	00916826
20250514000610	01141599
20250514000670	00606770
20250514000712	01025644
20250514000956	00526696
20250514001176	00197759
20250515000020	00920379
20250515000199	01042711
20250515000276	00118044
20250515000331	00397289
20250515000447	00870481
20250515000611	00398668
20250515000654	00580056
20250515000818	00377018
20250515001098	01786958
20250515001137	00206659
20250515001165	00125488
20250515001177	00138516
20250515001301	00261957
20250515001384	00230036
20250515001413	00545114
20250515001464	00656951
20250515001474	00146427
20250515001521	00172079
20250515001576	00172185
20250515001685	00911955
20250515002086	00109161
20250515002125	01169267
20250515002177	00121534
20250515002431	01181807
20250515002572	00791209
20250515002584	00264671
20250515002749	00115676
20250515002760	00164618
20250515002807	01075126
20250515002880	00615723
20250515002891	00146296
20250515002996	00126414
20250528000347	01663569
20250530002768	00145598
20250805000139	00398668
20250813000989	00141626
20250813001170	00525679
20250813001195	00245694
20250813001216	01090471
20250813001291	01276901
20250813001466	00108612
20250813001494	00264547
20250814000299	01376715
20250814001165	00557933
20250814001486	00552992
20250814001536	00447487
20250814001596	01354740
20250814001883	00369170
20250814001900	00875307
20250814001946	00145668
20250814002041	00885906
20250814002064	00125974
20250814002216	00456218
20250814002262	00146427
20250814002365	00416414
20250814002395	00259590
20250814002563	00556615
20250814002597	00874803
20250814002750	00529815
20250814002775	01136001
20250814002787	01381984
20250814002847	00147860
20250814002861	00296078
20250814002893	00852087
20250814003059	00268002
20250814003118	00642897
20250814003199	00407294
20250814003227	00406046
20250814003265	00358271
20250814003288	00153339
20250814003371	00172291
20250814003515	00117629
20250814003526	00540429
20250814003683	00117188
20250814003932	01181515
20250814004273	00230036
20250814004307	00591441
20250814004332	00568188
20250818000189	01416642
20250827000157	00959229
20250829001755	00412597
20251010000411	00145668
20251104000031	01605282
20251111000095	00612294
20251113000056	01124653
20251113000225	00606770
20251113000372	01071944
20251113000400	00778235
20251113000459	00603348
20251113000561	00545929
20251113000609	00303794
20251113000644	00638487
20251113000700	00239514
20251113000748	00260879
20251113000759	00329093
20251113000825	00264671
20251113000905	00577016
20251114000055	01232192
20251114000122	00544577
20251114000162	01259418
20251114000226	00137368
20251114000289	00631837
20251114000393	00129420
20251114000577	00163673
20251114000611	00141608
20251114000713	00261957
20251114000799	00132868
20251114001124	00259590
20251114001152	01175499
20251114001205	00230036
20251114001353	00347062
20251114001384	00365590
20251114001398	01575839
20251114001406	01253636
20251114001429	00150165
20251114001450	00129989
20251114001476	00166272
20251114001641	00147152
20251114001651	00191287
20251114001753	00656951
20251114001886	00576789
20251114001897	00350020
20251114001929	00125576
20251114001937	00169048
20251114001947	01098792
20251114002076	01358463
20251114002151	01013311
20251114002252	01786958
20251114002277	00267854
20251114002330	01299106
20251114002399	00130587
20251114002435	00109189
20251114002448	00965813
20251114002480	00152880
20251114002498	00426068
20251114002622	01344336
20251114002724	00186452
20251114002851	01080252
20251114002939	00617998
20251114002950	00540429
20251114003023	00146296
20251114003082	00101220
20251114003117	01011368
20251117000006	00407814
20251117000205	00370200
20251201000790	00164618
20260203000239	00361594
20260213001965	00241209
20260429000781	01276901
20260507000745	00308559
20260508000291	01091054
20260513000368	00606770
20260513000430	01583652
20260513000575	00462121
20260514000066	01450938
20260514000499	00911229
20260514000995	00660750
20260514001107	01025644
20260514001459	00146542
20260515000210	00384717
20260515000604	01036367
20260515000627	00692254
20260515001009	00203847
20260515001034	00796994
20260515001172	00554352
20260515001185	01274310
20260515001299	01157846
20260515001391	01602638
20260515001401	00495086
20260515001414	01042979
20260515001517	00989619
20260515001798	00412348
20260515001836	00542074
20260515001889	01108099
20260515001945	00169048
20260515002040	00791209
20260515002109	01514005
20260515002162	00587925
20260515002515	00407294
20260515002603	00995993
20260515002917	00523307
20260515002933	01649620
20260515002957	00617998
20260515002995	00327819
20260515003132	00528791
20260520000268	00122472
20260529002369	01267967
20260601001979	00914341
20260731000295	01091054
20260812000516	00261957
20260812000618	01110058
20260813000680	00295547
20260813001190	00892526
20260813001232	01025644
20260814000496	00152039
20260814000613	01305249
20260814000819	00528791
20260814000937	01159233
20260814000999	00681373
20260814001026	01038693
20260814001100	01208849
20260814001590	00547510
20260814001791	00117498
20260814001932	01042085
20260814001994	01307335
20260814002064	01175499
20260814002315	01201590
20260814002517	01381984
20260814002690	00536541
20260814002772	01105621
20260814002842	00260611
20260814003090	01021949
20260814003407	00608839
20260814003495	00155124
20260814003536	00318662
20260814003545	00608316
20260814003664	00126937
20260814003677	01360875
20260814003734	00243757
20260814003941	00896753
20260814003975	00120526
20260814004143	00152039
20260814004231	00370918
20260814004294	00618410
20100112000088	00155373
20100212000096	00144818
20100212000228	00330424
20100212000264	00111810
20100212000414	00138747
20100216000069	00162416
20100216000139	00159573
20100216000181	00136101
20100226000846	00120182
20100430000122	00255275
20100503000227	00104120
20100504000711	00105280
20100510000122	00303794
20100510000686	00117027
20100511000472	00373447
20100511001681	00635134
20100512000292	00369657
20100512000743	00155948
20100512002530	00392691
20100513000236	00449379
20100513000524	00330044
20100513000669	00351630
20100513001339	00531014
20100513001796	00273110
20100513002384	00463342
20100513002945	00128315
20100513003147	00125974
20100514000032	00143907
20100514000297	00595191
20100514000409	00103547
20100514000541	00353878
20100514000601	00167004
20100514000807	00117230
20100514000851	00138260
20100514001167	00261957
20100514001421	00528515
20100514001497	00385415
20100514001587	00124504
20100514001778	00359580
20100514001952	00129554
20100514002083	00489243
20100514002189	00632304
20100514002293	00139205
20100514002485	00208444
20100514002651	00163345
20100514002972	00265324
20100514003154	00222435
20100514003208	00127167
20100514003236	00126788
20100514003356	00351375
20100514003406	00663669
20100514003442	00266952
20100514003515	00152385
20100514003689	00263654
20100514003760	00163761
20100514003791	00580199
20100514003997	00142883
20100517000005	00136776
20100517000222	00526951
20100517000269	00365590
20100517000335	00447502
20100517000450	00536541
20100517000501	00117966
20100517000516	00353610
20100517000598	00264714
20100517000636	00116301
20100517000700	00135777
20100517000735	00370200
20100517000755	00255044
20100517000858	00138057
20100517000890	00242712
20100517000933	00447760
20100517000957	00108746
20100517000975	00258801
20100517001014	00173874
20100517001049	00253985
20100517001088	00121039
20100517001130	00454946
20100517001143	00172185
20100517001156	00130587
20100517001195	00152880
20100517001206	00153339
20100517001225	00112022
20100517001250	00385336
20100517001279	00108038
20100517001328	00109189
20100517001359	00219848
20100517001394	00111421
20100517001451	00131780
20100517001475	00129989
20100517001489	00128661
20100517001514	00148832
20100517001531	00540605
20100517001544	00146232
20100517001560	00269940
20100517001593	00117188
20100517001688	00162993
20100611000273	00112378
20100723000196	00475718
20100810000093	00347062
20100810000347	00142865
20100811000182	00552859
20100812000002	00104120
20100812000051	00330044
20100812000079	00220969
20100812000113	00384762
20100812000224	00104573
20100812000273	00263654
20100813000011	00359580
20100813000024	00124799
20100813000052	00117230
20100813000138	00161860
20100813000147	00244783
20100813000171	00596677
20100813000183	00140964
20100813000198	00148522
20100813000239	00188973
20100813000256	00562360
20100813000270	00530121
20100813000298	00242934
20100813000339	00260569
20100813000363	00158963
20100813000380	00121288
20100813000484	00102751
20100813000522	00489243
20100813000541	00144395
20100813000553	00245472
20100813000562	00178790
20100813000577	00120906
20100813000618	00242712
20100813000635	00609324
20100813000645	00123772
20100813000662	00405959
20100813000710	00148531
20100813000771	00573579
20100813000843	00643656
20100813000870	00258360
20100813000888	00683469
20100813000920	00220109
20100813000938	00119007
20100813000981	00164812
20100813001000	00405278
20100813001042	00139764
20100813001081	00255044
20100813001107	00132637
20100813001123	00178851
20100813001144	00130772
20100813001177	00264255
20100816000042	00490151
20100816000069	00155735
20100816000088	00153126
20100816000103	00103176
20100816000116	00580056
20100816000132	00175173
20100816000193	00101044
20100816000209	00222532
20100816000221	00132725
20100816000258	00326731
20100816000270	00125646
20100816000305	00365624
20100816000319	00112457
20100816000365	00363486
20100816000395	00173032
20100816000447	00105101
20100816000460	00121570
20100816000497	00479705
20100816000519	00462121
20100816000530	00317681
20100816000559	00468374
20100816000572	00612188
20100816000585	00146861
20100816000601	00150536
20100816000619	00147994
20100816000636	00143651
20100816000655	00122898
20100816000679	00307028
20100816000695	00392691
20100816000710	00146232
20100816000809	00547583
20100816000847	00118275
20100816000867	00307222
20100816000888	00108746
20100816000910	00131832
20100816000940	00132211
20100816000956	00249502
20100816000982	00148276
20100816001021	00493510
20100816001056	00122551
20100816001069	00111421
20100816001091	00150165
20100816001131	00268002
20100816001163	00162993
20100816001206	00120030
20100816001293	00110893
20100816001329	00162461
20100816001364	00138190
20100816001400	00300405
20100817000157	00462121
20100825000206	00117337
20100830000320	00759513
20100901000116	00219848
20101021000150	00350048
20101101000014	00372882
20101104000214	00111111
20101109000093	00154718
20101110000007	00369213
20101110000139	00416414
20101110000263	00112970
20101111000086	00540571
20101111000146	00445054
20101111000218	00103006
20101111000253	00447487
20101111000395	00188797
20101112000014	00317681
20101112000055	00164742
20101112000070	00111999
20101112000142	00486370
20101112000166	00155276
20101112000189	00385336
20101112000207	00158963
20101112000278	00138260
20101112000363	00243757
20101112000415	00405719
20101112000461	00367385
20101112000473	00485177
20101112000497	00180263
20101112000553	00652423
20101112000569	00186939
20101112000595	00109781
20101112000620	00142713
20101112000696	00144395
20101112000750	00318316
20101112000787	00683469
20101112000895	00148948
20101112000939	00485177
20101115000028	00369833
20101115000043	00201432
20101115000094	00108977
20101115000109	00447609
20101115000152	00159740
20101115000256	00228059
20101115000270	00128546
20101115000283	00127857
20101115000342	00128980
20101115000352	00238153
20101115000364	00174004
20101115000374	00480367
20101115000387	00390860
20101115000402	00110583
20101115000420	00264635
20101115000433	00171636
20101115000450	00104768
20101115000512	00455875
20101115000539	00529815
20101115000560	00125150
20101115000572	00101488
20101115000582	00146649
20101115000601	00541349
20101115000632	00116301
20101115000645	00260930
20101115000665	00125080
20101115000719	00330424
20101115000739	00288343
20101115000750	00152260
20101115000765	00397289
20101115000781	00235183
20101115000817	00146861
20101115000845	00390365
20101115000864	00116949
20101115000881	00238782
20101115000906	00351092
20101115000919	00498001
20101115000944	00159731
20101115000954	00353610
20101115000973	00326731
20101115001013	00267906
20101115001144	00115612
20101115001173	00365590
20101115001203	00186452
20101115001221	00441304
20101115001236	00162993
20101115001253	00635134
20101115001269	00240857
20101115001285	00428321
20101115001315	00364467
20101115001335	00219361
20101115001380	00114808
20101115001399	00108940
20101115001414	00126256
20101115001440	00165413
20101115001456	00126308
20101115001471	00469799
20101115001501	00105280
20101115001519	00663669
20101115001543	00132211
20101115001593	00158501
20101115001751	00137207
20101116000316	00413523
20101117000168	00364306
20101129000250	00137289
20101129000412	00363769
20101129000536	00126566
20101203000293	00231691
20110211000113	00104722
20110214000011	00400060
20110214000202	00136721
20110214000260	00139685
20110214000309	00159573
20110214000377	00110893
20110215000072	00378363
20110308000136	00145260
20110511002020	00104810
20110513000431	00480367
20110513001232	00101628
20110513001641	00258360
20110513001862	00113997
20110513003132	00188797
20110516000533	00365934
20110516000641	00327396
20110516001277	00153375
20110516001390	00329093
20110516001570	00128315
20110516001674	00138057
20110516001769	00259934
20110516001821	00235183
20110516001866	00165060
20110516001966	00423177
20110516002049	00132868
20110516002109	00367604
20110516002251	00111689
20110516002529	00567222
20110516002585	00249894
20110516002630	00475718
20110516002659	00351375
20110516002890	00618410
20110516002905	00422284
20110516002932	00348292
20110516003318	00139719
20110516003511	00186559
20110516003609	00606770
20110516003633	00442455
20110516003714	00157991
20110516003812	00264945
20110516003895	00365590
20110516004061	00103042
20110516004161	00117276
20110516004257	00540605
20110516004272	00363510
20110517000376	00626011
20110527000293	00112378
20110530000550	00148993
20110530000592	00399694
20110530000698	00148276
20110530000986	00154462
20110530001009	00113410
20110530001145	00113535
20110610000069	00456218
20110714000323	00362292
20110715000058	00540571
20110715000080	00178754
20110715000139	00164706
20110715000213	00694942
20110809000263	00115931
20110812000404	00449379
20110812000498	00113997
20110812000659	00599957
20110816000268	00101628
20110816000314	00589127
20110816000327	00130763
20110816000337	00447760
20110816000410	00199988
20110816000424	00147860
20110816000438	00204226
20110816000450	00143226
20110816000554	00362292
20110816000721	00112457
20110816000770	00155355
20110816000814	00367604
20110816000920	00140131
20110816000974	00138701
20110816001064	00112679
20110816001233	00422284
20110816001247	00163691
20110816001273	00357430
20110816001287	00178790
20110816001483	00362159
20110816001546	00101220
20110816001584	00303794
20110816001634	00139153
20110816001649	00112022
20110816001678	00156150
20110816001833	00441304
20110818000272	00112022
20110826000130	00353610
20110826000247	00405320
20110829000085	00401731
20110829000434	00154462
20110829000557	00126371
20110829000573	00106313
20110829000651	00161976
20110829000706	00117188
20110829000760	00105271
20110829000832	00141246
20110902000244	00356361
20111028000322	00268002
20111110000129	00167192
20111111000366	00155948
20111114000011	00220686
20111114000149	00353762
20111114000228	00330044
20111114000276	00269922
20111114000326	00256380
20111114000526	00358271
20111114000733	00125743
20111114000749	00442570
20111114000798	00242378
20111114000813	00113261
20111114000906	00447502
20111114001000	00653194
20111114001036	00313649
20111114001064	00149804
20111114001210	00126414
20111114001331	00456218
20111114001463	00390365
20111114001488	00318316
20111114001500	00150165
20111114001612	00163691
20111114001627	00129420
20111114001769	00418379
20111114001824	00122898
20111114001889	00150536
20111129000277	00219574
20111129000465	00117577
20111129000516	00266952
20111129000569	00126362
20111129000612	00106623
20111129000823	00158307
20111129000857	00164478
20111130000627	00117577
20111205000229	00106368
20120207000044	00400060
20120229000513	00139214
20120315000147	00140131
20120416000503	00155373
20120508001197	00149804
20120514001869	00618410
20120514002230	00663669
20120514002912	00202839
20120514003717	00228350
20120514004312	00527491
20120514005363	00356802
20120514006026	00624998
20120515000124	00573269
20120515000157	00261009
20120515000173	00232089
20120515000209	00868705
20120515000267	00525934
20120515000288	00310156
20120515000328	00536541
20120515000365	00117230
20120515000418	00447928
20120515000443	00441447
20120515000457	00228059
20120515000500	00177816
20120515000525	00264255
20120515000565	00137207
20120515000584	00181299
20120515000618	00287812
20120515000659	00204262
20120515000672	00380429
20120515000700	00361594
20120515000721	00593032
20120515000739	00129642
20120515000762	00788737
20120515000780	00121570
20120515000812	00243067
20120515000852	00370255
20120515000866	00210980
20120515000894	00307222
20120515000910	00362201
20120515000958	00142661
20120515000980	00260745
20120515001014	00137207
20120515001034	00108241
20120515001045	00144252
20120515001068	00138057
20120515001083	00440712
20120515001100	00113234
20120515001144	00259590
20120515001194	00317681
20120515001208	00141389
20120515001237	00114093
20120515001275	00372873
20120515001313	00102432
20120515001326	00363769
20120515001414	00249441
20120515001483	00129554
20120515001605	00389998
20120515001625	00138598
20120515001689	00146214
20120515001853	00159254
20120515001872	00107613
20120515001889	00219848
20120515001953	00158307
20120515001991	00526678
20120515002010	00148531
20120515002067	00113508
20120515002109	00307028
20120515002132	00141404
20120517000375	00156442
20120521000284	00363246
20120523000246	00265005
20120525000261	00604426
20120529000175	00352064
20120530000001	00175173
20120530000097	00353610
20120530000189	00490179
20120530000231	00508274
20120530000276	00173874
20120530000454	00155692
20120530000496	00114792
20120530000543	00106623
20120530000637	00828789
20120530000691	00117212
20120530000779	00165413
20120530000847	00302926
20120530000963	00161116
20120530001010	00148993
20120705000236	00113410
20120727000105	00203290
20120807000018	00400060
20120809000035	00256502
20120809000124	00249441
20120810000083	00208444
20120813000065	00137252
20120813000079	00351807
20120813000124	00596677
20120813000315	00129642
20120813000340	00264732
20120813000512	00580056
20120814000006	00580199
20120814000026	00116408
20120814000040	00363927
20120814000093	00108241
20120814000165	00402110
20120814000188	00102751
20120814000210	00351375
20120814000272	00146083
20120814000296	00126788
20120814000332	00447928
20120814000344	00133557
20120814000369	00130763
20120814000421	00103042
20120814000502	00168401
20120814000577	00143527
20120814000638	00116301
20120814000670	00260930
20120814000764	00141389
20120814000854	00152127
20120814000867	00249247
20120814000879	00139153
20120814000909	00243067
20120814000920	00146861
20120814000929	00440712
20120814000942	00230425
20120814001090	00118275
20120814001138	00104768
20120814001185	00152880
20120814001225	00138598
20120814001240	00301422
20120814001249	00240857
20120814001278	00142713
20120814001324	00186559
20120814001349	00166519
20120814001374	00156150
20120814001395	00111218
20120814001536	00153339
20120814001570	00268251
20120814001648	00260958
20120814001692	00413523
20120814001711	00185046
20120814001776	00141626
20120814001801	00109824
20120814001820	00162993
20120814001846	00112022
20120814001907	00138297
20120814001982	00124090
20120814002021	00207375
20120816000129	00258689
20120816000218	00225159
20120820000234	00348034
20120824000049	00516246
20120827000207	00165413
20120828000251	00365590
20120829000072	00161976
20120829000163	00105855
20120829000193	00616290
20120829000254	00120571
20120829000305	00858364
20120829000339	00145880
20120829000353	00105271
20120829000400	00684714
20120829000425	00190321
20120829000471	00164788
20120829000521	00161116
20120829000583	00129679
20120829000685	00728638
20120905000162	00141608
20121005000151	00169215
20121005000229	00264228
20121005000337	00525679
20121008000091	00533924
20121010000299	00369107
20121031000067	00852087
20121106000030	00261373
20121107000183	00252135
20121109000045	00258360
20121109000233	00447487
20121112000019	00418379
20121112000096	00445160
20121112000226	00540571
20121113000062	00137058
20121113000152	00531014
20121113000174	00362238
20121113000214	00142713
20121113000284	00242934
20121113000370	00131197
20121113000421	00232089
20121114000019	00103015
20121114000046	00287812
20121114000057	00357935
20121114000068	00297448
20121114000099	00353762
20121114000131	00108490
20121114000188	00449379
20121114000200	00131896
20121114000244	00369657
20121114000263	00767628
20121114000311	00303192
20121114000352	00188089
20121114000365	00663669
20121114000380	00441447
20121114000410	00140946
20121114000462	00115931
20121114000489	00192499
20121114000556	00146214
20121114000575	00110431
20121114000695	00102432
20121114000734	00129989
20121114000789	00265324
20121114000913	00125743
20121114001040	00267942
20121114001160	00151368
20121114001185	00363246
20121114001241	00137997
20121114001257	00134316
20121114001286	00207375
20121114001313	00259545
20121114001330	00599106
20121114001372	00535375
20121114001431	00488989
20121114001475	00475985
20121114001512	00142661
20121114001522	00623661
20121114001643	00138260
20121114001661	00232821
20121114001753	00148531
20121114001820	00125530
20121114001888	00139083
20121115000234	00330424
20121128000208	00117212
20121129000193	00305668
20121129000275	00161976
20121129000430	00117188
20121129000495	00141477
20121129000516	00361008
20121129000542	00138190
20121129000572	00113410
20121129000616	00145880
20121129000732	00403632
20121129000951	00164742
20121129001055	00103176
20121130000071	00130763
20121206000054	00123772
20130204000040	00400060
20130214000140	00162416
20130304000240	00115694
20130320000242	00595191
20130510000955	00266961
20130513002952	00527491
20130514000210	00525679
20130514002991	00475976
20130514003656	00122825
20130515000226	00128227
20130515000388	00257732
20130515000492	00150244
20130515000588	00145464
20130515000614	00231105
20130515000636	00129989
20130515000737	00150165
20130515000748	00105961
20130515000764	00124504
20130515000782	00164788
20130515000818	00173698
20130515000861	00144650
20130515000917	00148540
20130515001015	00113261
20130515001042	00181712
20130515001078	00533191
20130515001146	00163761
20130515001158	00190321
20130515001189	00113544
20130515001254	00155124
20130515001334	00137207
20130515001359	00226866
20130515001421	00160588
20130516000004	00362238
20130520000392	00108241
20130524000008	00200910
20130524000109	00220057
20130524000340	00447502
20130527000179	00160232
20130528000039	00148920
20130528000201	00310156
20130528000321	00526696
20130529000184	00261957
20130529000289	00362292
20130529000326	00230425
20130529000370	00143527
20130529000446	00172680
20130530000034	00269922
20130530000047	00145109
20130530000063	00449379
20130530000078	00206659
20130530000109	00264714
20130530000125	00352499
20130530000199	00101628
20130530000242	00674498
20130530000253	00141477
20130530000283	00366942
20130530000294	00411048
20130530000330	00133618
20130530000356	00447760
20130530000379	00140955
20130530000396	00121154
20130530000413	00462121
20130530000444	00117230
20130530000473	00146269
20130530000491	00103042
20130530000536	00128661
20130530000569	00572905
20130530000585	00210740
20130530000615	00103006
20130530000631	00149947
20130530000646	00303873
20130530000690	00110431
20130530000702	00139153
20130530000717	00359395
20130530000738	00469799
20130530000755	00595191
20130530000785	00121686
20130530000827	00231044
20130530000842	00346911
20130530000856	00390365
20130530000878	00120906
20130530000894	00128555
20130530000923	00138260
20130530000954	00242378
20130530000979	00132804
20130530000990	00242712
20130530001047	00178790
20130530001063	00475985
20130530001142	00131832
20130530001193	00172185
20130530001214	00219848
20130530001274	00145552
20130530001321	00138701
20130531000438	00133663
20130603000274	00352499
20130604000133	00101220
20130605000173	00264714
20130607000396	00484682
20130614000310	00445054
20130715000211	00164706
20130812000051	00378220
20130813000117	00170877
20130813000266	00855093
20130813000289	00256502
20130814000058	00573269
20130814000113	00171867
20130814000146	00441650
20130814000196	00188797
20130814000410	00161709
20130814000429	00666064
20130814000452	00852087
20130814000491	00148896
20130814000521	00151395
20130814000672	00159810
20130814000743	00328191
20130814000810	00119195
20130814000887	00111704
20130814000984	00105271
20130814001040	00203209
20130814001055	00181712
20130814001075	00171636
20130814001093	00190756
20130814001154	00155124
20130814001419	00172945
20130814001482	00258801
20130814001583	00307028
20130823000068	00145163
20130826000025	00363510
20130826000116	00158015
20130827000125	00197759
20130827000176	00543204
20130827000240	00220109
20130827000325	00362238
20130828000028	00303396
20130828000148	00216027
20130828000188	00358271
20130828000211	00137368
20130828000239	00576789
20130828000292	00362201
20130828000358	00263654
20130828000449	00413046
20130828000560	00807397
20130829000032	00591441
20130829000115	00494218
20130829000288	00556907
20130829000322	00173449
20130829000357	00121154
20130829000373	00177199
20130829000436	00269889
20130829000478	00172291
20130829000494	00540641
20130829000518	00140946
20130829000533	00267854
20130829000632	00587466
20130829000663	00171265
20130829000723	00478900
20130829000744	00133812
20130829000755	00153393
20130829000800	00121941
20130829000827	00425351
20130829000857	00438036
20130829000870	00125521
20130829000882	00115931
20130829000895	00490151
20130829000909	00407814
20130829000927	00201432
20130829000951	00219848
20130829000989	00258421
20130829001066	00204642
20130829001081	00264228
20130829001139	00447928
20130829001158	00104768
20130829001222	00592653
20130829001265	00161693
20130829001295	00330044
20130829001314	00163196
20130829001331	00156150
20130829001371	00103130
20130829001433	00112022
20130829001459	00426068
20130829001487	00126955
20130829001569	00595191
20130829001612	00141608
20130829001701	00117337
20130829001789	00101220
20130829001831	00526696
20130830000922	00369107
20130910000041	00167031
20131015000193	00164706
20131106000046	00618410
20131112000003	00648721
20131112000058	00363927
20131113000042	00369657
20131113000144	00693651
20131113000243	00117498
20131113000284	00445160
20131113000328	00206039
20131113000458	00399694
20131114000021	00525679
20131114000166	00365387
20131114000196	00231105
20131114000234	00105156
20131114000256	00409672
20131114000301	00106669
20131114000366	00357607
20131114000395	00108135
20131114000595	00190321
20131114000612	00117276
20131114000658	00173874
20131114000730	00258801
20131114000748	00146649
20131114000763	00533003
20131114000784	00642541
20131114000806	00300405
20131114000883	00370200
20131114000903	00131504
20131114000921	00113261
20131114000946	00185046
20131114000999	00356839
20131114001026	00126371
20131114001060	00261009
20131114001083	00126308
20131114001109	00164478
20131114001176	00260745
20131114001200	00160588
20131114001212	00872984
20131118000009	00197759
20131125000240	00188089
20131126000063	00358271
20131126000210	00468374
20131126000290	00475718
20131127000036	00317681
20131127000066	00529815
20131127000402	00140955
20131127000449	00162993
20131128000002	00181299
20131128000021	00102140
20131128000065	00102751
20131128000106	00416654
20131128000162	00261656
20131128000173	00413523
20131128000235	00367604
20131128000258	00530185
20131128000333	00150439
20131128000412	00158565
20131128000460	00556907
20131128000484	00540641
20131128000539	00126487
20131128000563	00326731
20131128000585	00176914
20131128000620	00209780
20131128000670	00122205
20131128000709	00101628
20131128000868	00143527
20131128000894	00138367
20131128000934	00105040
20131128001017	00118804
20131128001050	00348292
20131128001077	00441304
20131128001102	00526696
20131129000431	00147222
20131129000475	00121154
20131129000567	00435969
20131129000658	00146269
20131129000815	00447760
20131129000893	00204208
20131129001017	00406329
20131129001108	00116949
20131129001243	00151368
20131129001290	00111193
20131129001451	00276834
20131129001494	00104999
20131129001747	00379229
20131129001781	00159573
20131129001870	00111810
20131129001960	00140061
20131129002010	00117337
20131203000199	00367604
20131219000013	00130763
20140117000259	00111218
20140214000572	00370200
20140303000191	00145686
20140303000298	00122205
20140306000520	00105299
20140414001261	00164706
20140514000314	00378220
20140514002102	00250997
20140514002810	00627029
20140514003461	00175173
20140514003990	00643656
20140514004602	00127936
20140515000023	00449379
20140515000129	00151605
20140515000355	00169215
20140515000382	00201131
20140515000417	00110583
20140515000451	00103510
20140515000482	00579999
20140515000541	00161709
20140515000656	00145446
20140515000758	00526872
20140515000776	00104537
20140515000792	00147860
20140515000827	00158316
20140515000850	00852087
20140515000877	00361008
20140515000909	00842619
20140515000963	00117577
20140515000998	00113261
20140515001102	00440712
20140515001120	00155355
20140515001138	00150165
20140515001156	00126566
20140515001295	00105855
20140515001405	00555874
20140515001420	00164788
20140515001459	00317487
20140515001484	00638487
20140515001583	00287812
20140515001627	00164478
20140515001661	00449379
20140515001753	00117188
20140515001782	00755739
20140515001805	00232007
20140515001845	00428251
20140519000093	00203209
20140521000294	00261656
20140522000117	00180263
20140523000114	00366845
20140527000079	00138057
20140528000231	00306162
20140528000297	00442145
20140528000355	00413523
20140529000108	00596677
20140529000174	00102113
20140529000242	00149770
20140529000350	00542074
20140529000445	00445841
20140529000521	00347716
20140529000553	00475718
20140529000577	00536329
20140529000621	00490151
20140529000655	00101044
20140529000732	00327396
20140529000787	00612188
20140530000057	00398668
20140530000136	00309503
20140530000184	00330044
20140530000306	00181943
20140530000384	00146083
20140530000405	00445054
20140530000438	00728638
20140530000465	00128555
20140530000529	00174527
20140530000756	00267854
20140530000788	00140946
20140530000853	00117708
20140530000887	00148522
20140530000910	00130763
20140530000952	00139719
20140530001049	00143794
20140530001084	00152437
20140530001149	00249982
20140530001165	00260930
20140530001194	00442835
20140530001260	00144243
20140530001291	00413046
20140530001305	00134565
20140530001346	00426068
20140530001364	00122579
20140530001394	00269940
20140530001480	00117337
20140530001724	00447502
20140530001807	00103042
20140530001912	00310156
20140530001954	00125974
20140530002006	00348292
20140530002137	00104768
20140715000106	00411048
20140730000074	00258801
20140811000280	00365457
20140813000367	00198697
20140813000427	00444329
20140813000550	00580056
20140814000112	00628860
20140814000215	00276834
20140814000231	00127909
20140814000289	00145862
20140814000340	00603348
20140814000361	00363592
20140814000417	00145464
20140814000446	00231105
20140814000471	00139834
20140814000501	00145446
20140814000559	00896753
20140814000688	00113128
20140814000723	00124504
20140814000740	00328191
20140814000752	00159810
20140814000780	00795135
20140814000797	00126566
20140814000812	00158316
20140814000831	00476498
20140814000851	00120030
20140814000914	00108135
20140814000939	00117188
20140814000955	00370255
20140814000978	00141389
20140814001014	00105961
20140814001056	00157681
20140814001088	00302926
20140814001114	00222532
20140814001137	00115694
20140814001161	00206039
20140814001194	00397289
20140814001302	00164788
20140814001344	00300405
20140814001369	00872984
20140814001480	00109189
20140814001533	00305570
20140814001597	00563545
20140821000013	00161781
20140822000253	00132211
20140826000338	00580667
20140827000263	00362238
20140827000309	00131197
20140827000375	00653194
20140828000108	00356389
20140828000172	00405959
20140828000197	00271501
20140828000231	00105040
20140828000329	00158565
20140828000371	00447928
20140828000403	00531014
20140828000505	00445841
20140828000656	00231442
20140828000756	00349811
20140829000055	00170026
20140829000074	00542074
20140829000093	00171265
20140829000129	00104999
20140829000159	00445799
20140829000186	00809429
20140829000305	00524421
20140829000351	00800145
20140829000372	00141529
20140829000444	00109514
20140829000472	00105299
20140829000669	00131896
20140829000744	00194947
20140829000772	00261373
20140829000896	00141307
20140829000925	00130763
20140829001003	00442826
20140829001019	00153861
20140829001065	00142661
20140829001132	00536329
20140829001217	00335076
20140829001249	00104768
20140829001376	00109718
20140829001424	00258421
20140829001452	00152729
20140829001482	00129350
20140829001605	00389970
20140829001639	00791209
20140829001759	00203315
20140829001784	00111193
20140829001816	00120924
20140829001927	00117337
20140829001978	00574611
20140829002039	00134176
20140829002075	00117708
20140829002127	00145552
20140901000750	00413046
20141031002114	00399694
20141110000241	00113526
20141111000088	00128607
20141113000196	00135999
20141113000325	00159616
20141113000370	00146296
20141113000415	00166175
20141113000491	00175173
20141113000567	00117212
20141114000056	00148993
20141114000152	00143226
20141114000274	00128926
20141114000291	00365387
20141114000308	00107224
20141114000360	00347734
20141114000540	00145464
20141114000643	00166272
20141114000653	00567222
20141114000726	00145190
20141114000742	00161709
20141114000754	00606293
20141114000778	00265421
20141114000822	00305570
20141114000838	00126362
20141114000915	00626011
20141114000940	00120076
20141114001126	00161976
20141114001143	00158219
20141114001217	00138792
20141114001265	00206039
20141114001285	00159209
20141114001307	00112332
20141114001331	00144650
20141114001355	00126478
20141114001381	00145163
20141114001455	00141389
20141114001515	00126292
20141114001538	00808022
20141114001658	00143651
20141117000004	00599106
20141118000004	00122825
20141118000176	00132211
20141120000040	00141626
20141121000030	00260930
20141125000486	00154329
20141126000114	00360674
20141126000195	00216762
20141126000298	00411048
20141127000054	00694942
20141127000142	00310156
20141127000287	00352499
20141127000444	00415594
20141127000522	00413523
20141127000599	00306454
20141127000663	00456218
20141128000320	00150439
20141128000378	00536523
20141128000418	00151368
20141128000489	00267906
20141128000637	00145686
20141128000737	00163318
20141128000795	00170026
20141128000851	00210740
20141128000979	00200910
20141128001016	00472890
20141128001112	00124197
20141128001163	00114093
20141128001197	00624998
20141128001224	00204208
20141128001298	00260569
20141128001343	00104573
20141128001399	00606664
20141128001424	00556907
20141128001525	00413046
20141128001678	00379229
20141128001747	00492894
20141128001793	00595191
20141128001920	00140131
20141201000034	00169048
20141201000194	00447760
20141201000214	00165060
20141201000277	00111810
20141201000405	00216647
20141201000485	00425351
20141201000514	00172185
20141201000576	00265324
20141201000695	00203315
20141201000784	00110431
20141201000839	00389970
20141201000889	00428321
20141201000918	00220109
20141201000996	00145552
20150209000012	00400060
20150227000288	00108977
20150302000863	00122205
20150427000336	00152127
20150430001095	00149804
20150507001383	00121288
20150508001682	00230425
20150512001240	00317681
20150513000464	00366845
20150513001655	00536541
20150513002064	00167004
20150513003486	00674498
20150514000699	00578538
20150514001522	00808022
20150514001928	00197759
20150514002245	00130879
20150514002628	00128980
20150514003081	00435969
20150514003809	00200910
20150514004231	00151605
20150514004482	00536286
20150514004599	00203847
20150514004751	00868705
20150514004898	00142713
20150514005100	00643656
20150514005241	00347062
20150515000096	00392691
20150515000182	00423177
20150515000216	00572905
20150515000247	00156354
20150515000278	00161709
20150515000418	00364254
20150515000460	00110884
20150515000480	00454399
20150515000514	00206686
20150515000528	00246620
20150515000560	00129642
20150515000603	00442905
20150515000619	00123523
20150515000656	00105299
20150515000687	00814786
20150515000766	00186939
20150515000835	00173032
20150515000891	00410997
20150515000930	00147152
20150515001003	00540641
20150515001024	00146083
20150515001045	00144252
20150515001065	00191472
20150515001113	00103130
20150515001145	00539274
20150515001157	00118266
20150515001169	00255433
20150515001181	00613318
20150515001233	00260958
20150515001261	00445054
20150515001298	00128555
20150515001306	00147860
20150515001330	00153339
20150515001350	00309503
20150515001414	00264255
20150515001439	00130408
20150515001450	00265421
20150515001473	00138279
20150515001487	00347716
20150515001503	00375931
20150515001517	00259545
20150515001542	00136086
20150515001579	00103662
20150515001604	00176914
20150515001616	00109514
20150515001630	00454937
20150515001663	00113410
20150515001681	00753643
20150515001694	00108940
20150515001719	00108038
20150515001728	00178754
20150515001765	00141556
20150515001804	00456218
20150515001820	00109189
20150515001842	00442561
20150515001876	00470829
20150515001942	00614593
20150515001960	00356370
20150515001988	00216647
20150515002124	00326731
20150515002153	00160047
20150515002189	00303873
20150515002213	00203582
20150515002230	00171265
20150515002322	00120562
20150515002346	00259590
20150515002367	00412597
20150515002385	00164788
20150515002442	00302926
20150515002479	00155124
20150515002580	00129615
20150515002605	00152862
20150515002648	00409788
20150515002663	00232007
20150515002675	00231691
20150515002702	00104768
20150515002727	00143651
20150521000561	00306454
20150528000275	00132354
20150601000917	00317487
20150805000046	00201432
20150811000037	01013311
20150812000059	00177320
20150812000205	00104388
20150812000289	00121534
20150813000006	00127909
20150813000091	00300405
20150813000172	00132637
20150813000202	00199076
20150813000247	00147994
20150813000260	00188797
20150813000352	00111999
20150813000397	00110884
20150813000474	00155212
20150813000534	00261957
20150813000592	00657987
20150813000635	00526872
20150813000661	00203847
20150813000681	00118275
20150813000698	00557508
20150813000718	00112378
20150813000749	00266952
20150813000778	00372882
20150813000817	00128555
20150813000835	00361008
20150813000878	00113526
20150813000899	00129989
20150813000930	00490151
20150813000952	00234227
20150813000972	00219361
20150813001006	00240857
20150813001081	00990165
20150813001120	00109514
20150813001283	00122694
20150813001316	00413046
20150813001333	00189538
20150813001362	00807397
20150813001394	00556907
20150813001461	00444329
20150814000019	00445799
20150814000056	00660121
20150817000009	00239514
20150817000032	00525679
20150817000112	00172185
20150817000145	00112457
20150817000176	00159740
20150817000237	00132992
20150817000316	00197759
20150817000329	00366845
20150817000421	00181943
20150817000487	00105299
20150817000515	00112679
20150817000542	00302582
20150817000569	00149947
20150817000611	00116949
20150817000661	00145190
20150817000706	00218575
20150817000757	00155452
20150817000860	00371740
20150817000872	00159573
20150817000883	00138190
20150817000947	00180795
20150817000979	00178851
20150817001030	00144650
20150817001046	00173102
20150817001058	00139153
20150817001144	00567222
20150817001160	00608316
20150817001209	00124197
20150817001233	00353610
20150817001268	00242378
20150817001312	00227333
20150817001335	00173698
20150817001358	00158219
20150817001388	00145880
20150817001399	00165680
20150817001432	00359623
20150817001448	00828789
20150817001478	00161116
20150817001494	00635134
20150817001509	00606293
20150817001538	00106623
20150817001555	00129554
20150817001571	00791209
20150817001590	00426068
20150817001624	00303794
20150817001659	00113207
20150817001718	00158501
20150817001736	00310156
20150817001787	00367695
20150828000450	00219097
20150831001233	00919966
20151030000341	00144243
20151106000272	00164812
20151109000059	00536286
20151111000123	00122551
20151112000060	00411048
20151112000082	00369213
20151112000120	00614593
20151112000244	00167004
20151112000319	00109754
20151112000381	00490151
20151113000007	00113359
20151113000104	00117230
20151113000133	00318316
20151113000184	00809429
20151113000238	00105952
20151113000397	00159786
20151113000414	00287812
20151113000447	00706715
20151113000483	00102140
20151113000501	00910840
20151113000519	00103006
20151113000542	00407771
20151113000577	00188797
20151113000599	00112378
20151113000637	00264732
20151113000663	00200910
20151113000683	00118965
20151113000711	00131197
20151113000739	00149947
20151113000789	00788737
20151113000810	00612188
20151113000833	00124151
20151113000855	00409371
20151113000878	00160302
20151113000968	00133706
20151113000985	00206686
20151113001015	00114552
20151113001090	00128175
20151113001109	00111810
20151113001136	00108746
20151113001170	00562360
20151113001218	00361594
20151116000025	01043853
20151116000066	00169215
20151116000086	00154718
20151116000095	00148920
20151116000168	00110608
20151116000182	00137058
20151116000204	00603348
20151116000225	00201733
20151116000244	00202839
20151116000278	00101549
20151116000305	00210856
20151116000317	00657002
20151116000328	00198192
20151116000360	00306162
20151116000467	00145552
20151116000548	00117708
20151116000566	00199988
20151116000590	00296263
20151116000613	00661847
20151116000624	00487546
20151116000695	00753643
20151116000708	00364467
20151116000719	00667425
20151116000742	00223434
20151116000771	00361008
20151116000815	00114093
20151116000832	00104856
20151116000869	00526872
20151116000890	00109718
20151116000933	00186559
20151116000950	00587466
20151116000962	00261285
20151116000985	00153339
20151116000996	00143226
20151116001005	00105299
20151116001022	00187415
20151116001035	00144650
20151116001089	00373571
20151116001103	00141246
20151116001123	00137368
20151116001160	00454937
20151116001206	00139889
20151116001227	00145190
20151116001258	00145862
20151116001300	00111689
20151116001313	00109189
20151116001353	00432102
20151116001381	00369170
20151116001395	00372688
20151116001445	00306454
20151116001487	00525679
20151116001515	00273420
20151116001539	00148540
20151116001568	00263654
20151116001637	00483735
20151116001682	00137252
20151116001721	00620868
20151116001795	00573579
20151116001812	00120571
20151116001829	00422284
20151127000543	00265324
20151130001639	00670340
20151209000128	00171265
20151214000179	00138279
20160215000134	00108977
20160215000367	00159573
20160412001946	00326731
20160429000976	00177816
20160511000329	00595191
20160511000966	00529815
20160512000064	00199076
20160512000360	00449254
20160512001589	00626464
20160512002108	00855093
20160512003549	00121534
20160513000583	00222435
20160513000871	00113128
20160513002113	00173032
20160513002216	00104120
20160513002423	00261656
20160513002715	00264547
20160513003055	00103006
20160513003156	00131896
20160513003253	00109754
20160513003412	00129679
20160513003497	00160010
20160513003756	00667425
20160513003870	00116268
20160513003942	00112378
20160513004572	01032583
20160513004919	00384717
20160513005016	00256380
20160513005094	00114552
20160513005296	00444329
20160513005323	00583026
20160513005355	00596260
20160513005495	00308896
20160513005580	00543204
20160516000267	00525679
20160516000463	00317104
20160516000603	00102858
20160516000654	00201733
20160516000714	00807397
20160516000745	00366845
20160516000860	00361169
20160516001084	00167192
20160516001149	00142661
20160516001267	00380429
20160516001300	00117027
20160516001315	00579139
20160516001391	00192499
20160516001438	00480783
20160516001513	00186559
20160516001544	00442561
20160516001652	00820352
20160516001681	00133812
20160516001706	00258421
20160516001724	00412348
20160516001749	00513948
20160516001795	00132354
20160516001870	00135999
20160516001902	00120906
20160516001958	00121941
20160516002055	00111218
20160516002075	01067516
20160516002101	00531917
20160516002122	00238199
20160516002181	00127255
20160516002201	00117300
20160516002274	00127954
20160516002324	00567222
20160516002365	00536286
20160516002427	00108913
20160516002445	00587466
20160516002607	00265005
20160516002698	01025644
20160516002731	00384887
20160516002753	00533924
20160516002828	00158219
20160516002863	00173999
20160516002898	00983271
20160516002979	00372882
20160516003022	00139083
20160516003037	00138057
20160516003106	00580056
20160516003143	00540605
20160516003167	00159254
20160516003185	00141556
20160516003203	00120030
20160516003219	00149026
20160516003237	00120571
20160516003256	00194947
20160516003358	00143527
20160516003408	00409788
20160516003429	00204226
20160516003446	00442145
20160516003469	00357607
20160516003530	00173874
20160516003546	00162993
20160516003576	00989619
20160516003640	00113410
20160516003721	00158316
20160516003744	00367695
20160516003834	00180865
20160519000075	00244747
20160530000118	00170877
20160530000488	00994994
20160530000604	00923792
20160530000809	00923826
20160805000131	01032583
20160809000085	00159810
20160810000266	00297989
20160811000088	00369213
20160811000195	00871833
20160811000489	00634728
20160812000064	00336297
20160812000110	00148993
20160812000191	00612489
20160812000322	00332927
20160812000427	00232089
20160812000471	00172680
20160812000525	00118804
20160812000551	00295857
20160812000598	00260879
20160812000754	00108001
20160812000769	00256715
20160812000852	00109754
20160812000949	01101041
20160812000981	00359623
20160812001042	00228350
20160812001064	00226866
20160812001147	00113526
20160812001178	00132211
20160812001232	00564562
20160816000036	00688358
20160816000056	00807397
20160816000208	00109268
20160816000227	00533508
20160816000334	00209780
20160816000398	00526836
20160816000426	00115931
20160816000445	00480367
20160816000463	00550994
20160816000569	00137359
20160816000617	00305570
20160816000648	00103006
20160816000695	00194947
20160816000713	00449254
20160816000729	00303396
20160816000744	00114792
20160816000814	00141671
20160816000861	00273420
20160816000928	00414850
20160816000945	00108977
20160816000958	00255105
20160816000972	00119195
20160816001031	00134565
20160816001063	00137058
20160816001100	00567222
20160816001113	00137289
20160816001124	00239514
20160816001133	00491938
20160816001150	00132354
20160816001187	00147222
20160816001209	00542074
20160816001226	00189538
20160816001238	00403632
20160816001270	00139083
20160816001283	00359261
20160816001297	00532059
20160816001321	00162586
20160816001333	00129280
20160816001382	00310156
20160816001396	00159573
20160816001408	00983271
20160816001448	00795135
20160816001478	00119007
20160816001488	00513948
20160816001506	00573579
20160816001527	00373571
20160816001537	00155124
20160816001572	00271501
20160816001612	00107613
20160816001626	00483735
20160816001686	00106623
20160816001699	00246620
20160816001746	00204226
20160816001815	00303873
20160816001829	00132804
20160816001846	00563545
20160816001901	00153393
20160816001921	00428251
20160816001951	00983040
20160816001978	00152385
20160816001992	00456218
20160816002028	00258801
20160816002044	00418379
20160816002061	00937324
20160816002084	00409788
20160816002097	00159254
20160816002115	00162993
20160816002158	00176914
20160816002196	00363510
20160822000111	00659161
20160829000089	00171867
20160829000411	00536541
20161102000233	00159810
20161109000066	00138367
20161109000246	00249247
20161110000007	00137207
20161111000032	00336817
20161111000093	00260611
20161111000134	00405959
20161111000175	00438036
20161111000213	00631837
20161111000322	00167031
20161111000350	00444329
20161111000378	00259545
20161111000395	00172079
20161111000444	00256715
20161111000459	00109718
20161111000468	00200910
20161111000479	00362292
20161111000553	00117300
20161111000570	00580056
20161111000587	00103662
20161111000631	00384717
20161111000647	00203290
20161111000659	00378363
20161111000701	00128607
20161111000734	00114552
20161111000748	00121534
20161114000048	00158219
20161114000067	00525679
20161114000173	00447928
20161114000192	00256380
20161114000208	00168331
20161114000232	00390903
20161114000253	00126487
20161114000397	00244783
20161114000432	01047415
20161114000576	00303396
20161114000635	00173102
20161114000660	00359580
20161114000685	00128412
20161114000861	00115612
20161114000968	00111458
20161114001007	00159740
20161114001034	00265324
20161114001044	00916516
20161114001120	00150165
20161114001134	00109268
20161114001183	00683007
20161114001198	00114154
20161114001238	00260569
20161114001253	00260958
20161114001304	00102858
20161114001327	00407814
20161114001337	00828497
20161114001360	00415868
20161114001377	00306870
20161114001395	00136101
20161114001471	00803425
20161114001479	00525934
20161114001537	00139083
20161114001549	00109189
20161114001594	00261373
20161114001612	00453488
20161114001642	00216647
20161114001662	00121941
20161114001673	00447487
20161114001701	00540447
20161114001740	00159102
20161114001755	00303192
20161114001784	00612188
20161114001816	00122579
20161114001897	00137997
20161114001925	00530413
20161114001946	00263654
20161114001975	00563545
20161114002025	00227333
20161114002042	00122205
20161114002061	00244747
20161114002099	00303873
20161114002109	00222532
20161114002131	00156150
20161114002143	00228536
20161114002221	00795135
20161114002231	00120924
20161114002259	00937324
20161114002275	00137234
20161114002290	00152880
20161114002345	00108746
20161114002358	00149026
20161114002377	00239639
20161114002418	00872984
20161114002435	00120021
20161114002591	00110750
20161115000066	00808022
20161125000081	00190756
20161128000330	01032413
20161129000227	00656951
20161129000446	00126414
20170214000034	00201432
20170214000656	00159573
20170508000029	00157636
20170510000007	00117276
20170510000862	00454937
20170510001918	00231442
20170511001265	00573269
20170511003931	00287788
20170511005168	00945457
20170512000497	01032486
20170512002784	00406727
20170512004445	00657002
20170512004609	00390903
20170512004687	00638487
20170512004757	00694942
20170512004874	00372688
20170512005392	00172079
20170512005535	01165155
20170512005650	00927558
20170512005714	00536286
20170512005763	00115065
20170512005942	00533191
20170512006021	01095722
20170512006122	00384717
20170512006254	00347716
20170512006387	00362292
20170512006558	00161046
20170515000438	00170026
20170515000487	00463342
20170515000859	00110583
20170515000932	00276083
20170515001048	00524421
20170515001090	00439965
20170515001229	00115931
20170515001285	00259590
20170515001325	00194947
20170515001393	00113261
20170515001427	00206659
20170515001526	00121154
20170515001588	00116408
20170515001624	00119195
20170515001694	00407771
20170515001742	01073678
20170515001852	00216498
20170515001908	00361169
20170515001945	00454399
20170515002016	00114093
20170515002081	00318662
20170515002224	00361008
20170515002252	00148896
20170515002291	00132354
20170515002354	00145464
20170515002403	00252135
20170515002471	00124780
20170515002509	00407814
20170515002588	00120906
20170515002623	00634728
20170515002645	00258421
20170515002687	00236863
20170515002700	00129679
20170515002717	00256715
20170515002740	00166272
20170515002769	00441304
20170515002834	00125974
20170515002868	00258360
20170515002890	00199988
20170515002914	00490179
20170515002948	00113207
20170515002985	00116301
20170515002998	00563545
20170515003033	00626011
20170515003055	00110431
20170515003102	00158015
20170515003130	00159731
20170515003150	00362238
20170515003168	00103510
20170515003185	00305668
20170515003240	00641171
20170515003280	00365387
20170515003319	00755739
20170515003340	00132992
20170515003360	00140168
20170515003383	00143314
20170515003466	00303192
20170515003485	00113997
20170515003572	01031502
20170515003654	00916516
20170515003710	00112721
20170515003759	00258801
20170515003773	00796994
20170515003798	00144012
20170515003814	00663669
20170515003831	01003040
20170515003915	00406046
20170515003966	00683469
20170515004020	00158501
20170515004049	00297448
20170515004096	00359395
20170515004114	00126362
20170515004189	00222532
20170515004200	00126414
20170515004227	00124197
20170515004247	00580667
20170515004283	00158565
20170515004314	00159740
20170515004399	00155124
20170515004417	00261957
20170515004481	00231363
20170515004500	00228536
20170515004559	00181943
20170515004578	00173874
20170515004591	00120571
20170515004669	00231105
20170515004722	00422284
20170515004751	00111704
20170515004778	00155948
20170515004891	00126955
20170515004955	00163673
20170517000117	00119140
20170522000116	00536541
20170525000361	01099667
20170530000202	00549891
20170530000334	00301246
20170609000409	00440712
20170714000574	00118804
20170810000120	00820352
20170810000167	01182408
20170811000162	00230425
20170811000205	00379229
20170811000376	00556615
20170811000402	00202839
20170811000638	00628860
20170811000741	00145464
20170811000822	00273110
20170811000857	00105855
20170811000911	00259590
20170811000979	00164636
20170811001045	00160843
20170811001155	00583026
20170814000250	00117188
20170814000299	00148993
20170814000349	00145914
20170814000695	00147772
20170814000822	00216647
20170814000875	00143907
20170814000962	00305570
20170814000997	00236863
20170814001023	00149804
20170814001147	00210980
20170814001309	00126414
20170814001322	00117577
20170814001348	00123772
20170814001360	00203315
20170814001474	00389110
20170814001508	00330424
20170814001570	00694942
20170814001605	00130587
20170814001637	00231691
20170814001658	00105101
20170814001674	00350020
20170814001855	00261285
20170814001895	00261957
20170814001954	00500254
20170814001996	00159218
20170814002010	00138057
20170814002101	00180795
20170814002136	00160302
20170814002251	00163691
20170814002451	00197759
20170818000111	00811372
20170828000076	01020524
20170829000133	01124680
20170829000275	00346610
20171103000444	00525934
20171109000022	01182408
20171109000268	00249247
20171110000178	00571483
20171113000008	00117276
20171113000156	00471068
20171113000208	00271501
20171113000314	00526696
20171113000403	00157991
20171113000459	00136448
20171113000812	00296290
20171114000014	01101041
20171114000027	00146083
20171114000080	00450931
20171114000101	00353762
20171114000144	00612294
20171114000246	01047415
20171114000407	00485177
20171114000424	00238001
20171114000451	01032583
20171114000506	00161976
20171114000608	00221728
20171114000689	00115065
20171114000752	00159786
20171114000790	00155212
20171114000839	00373021
20171114000855	00390860
20171114000881	00219097
20171114000903	00154329
20171114000936	01031502
20171114000967	00244783
20171114000977	00441650
20171114001047	00405959
20171114001100	00242712
20171114001150	00109161
20171114001177	00145464
20171114001347	00110750
20171114001357	00317487
20171114001452	00105952
20171114001597	00114792
20171114001666	00866062
20171114001679	00131832
20171114001815	00136101
20171114001847	00122825
20171114001860	00624998
20171114001869	00415707
20171114001915	00138057
20171114001971	00124780
20171114002023	00261285
20171114002092	00259545
20171114002110	00147152
20171114002217	00126292
20171114002320	00203315
20171114002357	00816544
20171114002448	00216647
20171114002507	00296078
20171114002523	00126566
20171114002537	00385415
20171114002634	00111704
20171114002652	00159102
20171114002667	00917861
20171114002697	00126362
20171114002715	01169267
20171114002753	00113261
20171114002795	01185566
20171129000111	00923826
20180213000364	00110750
20180214000560	00356839
20180509001073	00105606
20180511000573	00167004
20180511004678	00571483
20180511005452	00444329
20180514005129	00148896
20180514005409	00118804
20180514005989	00164830
20180515000224	00113243
20180515000371	00378220
20180515000390	00524421
20180515000415	00149354
20180515000443	00106881
20180515000494	00441304
20180515000517	00210980
20180515000636	00523307
20180515000671	00330044
20180515000721	00111847
20180515000751	00133663
20180515000936	00568188
20180515001006	00161709
20180515001059	00542074
20180515001069	00129271
20180515001078	00577016
20180515001089	01009789
20180515001188	01032404
20180515001217	00664853
20180515001243	01003040
20180515001364	00492353
20180515001438	00480455
20180515001451	00104768
20180515001493	00158015
20180515001610	00992871
20180515001621	00261355
20180515001703	00349097
20180515001713	00377610
20180515001801	00422284
20180515001818	00616290
20180515001867	00161976
20180515001967	00363592
20180515001994	00580667
20180515002026	00109189
20180515002035	00632793
20180515002108	00164742
20180515002152	00159616
20180515002165	00487546
20180515002211	00113526
20180515002233	00138701
20180515002250	00130763
20180515002334	00596260
20180515002383	00983040
20180515002400	00105101
20180515002479	00809429
20180515002516	00925295
20180515002542	00164478
20180515002588	00103644
20180515002622	00791209
20180515002638	00105855
20180515002658	00231691
20180515002676	00102432
20180518000160	00492894
20180521000085	01190568
20180810000008	00260392
20180810000262	01182550
20180810000476	01061558
20180813000374	00113243
20180813000435	00158963
20180813000623	00527491
20180814000390	00155452
20180814000459	00524786
20180814000484	00480048
20180814000509	00330044
20180814000542	00535481
20180814000554	00228712
20180814000594	00155212
20180814000661	00397058
20180814000700	00221728
20180814000726	00533191
20180814000758	00592653
20180814000813	00111458
20180814000842	00192499
20180814000881	00599957
20180814000899	00577016
20180814000962	00148993
20180814000981	00138297
20180814001044	00103006
20180814001097	00525934
20180814001124	01128613
20180814001137	00130879
20180814001158	00156859
20180814001193	00145109
20180814001223	00608839
20180814001260	00535375
20180814001286	00264732
20180814001298	00613318
20180814001323	00122898
20180814001342	00242712
20180814001407	00542898
20180814001433	00609324
20180814001447	00104573
20180814001469	00144818
20180814001479	00348292
20180814001498	00185046
20180814001549	00165680
20180814001577	00693651
20180814001605	00378220
20180814001622	01032486
20180814001658	00141246
20180814001680	00166272
20180814001711	00110884
20180814001773	00258102
20180814001823	00276083
20180814001883	01003040
20180814001892	00249894
20180814001963	00131832
20180814002000	00101549
20180814002011	00138279
20180814002036	00126308
20180814002054	00872984
20180814002104	00108135
20180814002124	00563837
20180814002161	00788773
20180814002205	00413523
20180814002246	00138701
20180814002266	00149026
20180814002333	00264671
20180814002351	00178754
20180814002418	00113535
20180814002431	00390408
20180814002442	00174527
20180814002454	00545929
20180814002496	00426068
20180814002533	00362858
20180814002550	00146083
20180814002562	00410997
20180814002644	00113526
20180814002655	00939687
20180814002688	00143651
20180814002744	00155319
20180814002798	00820352
20180814002820	00414850
20180814002847	00679314
20180814002882	00163512
20180814002896	00760971
20180814002948	00136776
20180814002991	00326731
20180814003020	00117230
20180814003054	00623184
20180816000263	00164788
20180824000397	00232007
20180828000231	01124680
20180829000590	00145598
20181015000378	00155276
20181106000256	00124197
20181109000430	00114552
20181109000524	00164830
20181112000100	01061558
20181112000159	00137368
20181112000278	00258689
20181112000452	00807555
20181113000029	00127857
20181113000212	01144569
20181113000414	00130772
20181113000468	00126089
20181113000570	00117601
20181113000724	00369213
20181113000776	00160843
20181114000091	00191588
20181114000173	00165060
20181114000233	00961507
20181114000311	00119672
20181114000353	00129642
20181114000408	00693651
20181114000421	00397058
20181114000535	00295857
20181114000602	00441447
20181114000656	00728638
20181114000674	00119140
20181114000747	00101220
20181114000771	00160621
20181114000803	00269889
20181114000824	00427483
20181114000838	00373571
20181114000896	00253985
20181114000931	00161976
20181114000942	00888347
20181114000968	00108241
20181114001086	00266952
20181114001102	00683007
20181114001126	00869272
20181114001159	00133663
20181114001190	00426086
20181114001223	00161860
20181114001262	00120182
20181114001283	00373021
20181114001301	00429694
20181114001335	00132354
20181114001356	00110893
20181114001365	00242934
20181114001451	01169267
20181114001474	00106614
20181114001491	00418379
20181114001540	00121941
20181114001568	00142661
20181114001594	00123772
20181114001607	00113359
20181114001623	00620558
20181114001637	00221728
20181114001650	00592653
20181114001688	00137997
20181114001732	00454946
20181114001750	00259545
20181114001827	00330424
20181114001839	00178851
20181114001970	00137234
20181114001996	00440712
20181114002032	00228536
20181114002043	00100939
20181114002075	01234507
20181114002089	00297448
20181114002162	00117337
20181114002171	00808022
20181114002203	00595191
20181114002233	00545929
20181114002255	00271501
20181114002291	00126308
20181114002314	01109715
20181114002373	00162993
20181114002417	00142713
20181114002444	00163196
20181114002543	00357935
20181114002595	00657987
20181114002625	00149646
20181114002643	00126566
20181114002656	00117276
20181114002670	00149026
20181114002686	00351579
20181114002751	01205709
20181114002769	00219848
20181114002788	00361008
20181114002806	00138792
20181114002821	00925295
20181114002835	00791209
20181114002848	00109824
20181114002895	00444329
20181128000449	01067808
20181204000182	00258801
20190214000814	00168401
20190214000985	00106614
20190510000500	00198697
20190510000751	00552859
20190513000119	00454937
20190514000198	00149770
20190514000573	00188797
20190514000629	01078178
20190514000858	00101044
20190514000965	00917861
20190514001085	00173874
20190515000072	00160010
20190515000088	00103042
20190515000162	00132637
20190515000242	00209780
20190515000329	00533003
20190515000362	01043853
20190515000433	00107066
20190515000457	00104388
20190515000470	00369107
20190515000562	00147222
20190515000625	00256380
20190515000689	00143527
20190515000719	01109070
20190515000851	01025644
20190515000912	00133812
20190515000929	00139083
20190515000967	00119140
20190515000993	00406329
20190515001038	00611736
20190515001131	00168401
20190515001266	00416654
20190515001324	00242378
20190515001391	00146542
20190515001470	00206039
20190515001574	00253985
20190515001690	00410915
20190515001717	00232089
20190515001746	00809429
20190515001821	00535746
20190515001873	00260657
20190515001965	00115287
20190515002065	00165343
20190515002126	00176914
20190515002164	00144164
20190515002174	01027794
20190515002254	01047707
20190515002293	00136378
20190515002311	00249894
20190515002404	00373571
20190515002540	00373021
20190515002614	00132354
20190515002633	00163114
20190515002650	00111218
20190515002681	01205842
20190515002709	00795135
20190515002736	00143651
20190530000556	01185566
20190812000169	00626464
20190812000411	00138516
20190813000406	00492353
20190813000487	00415594
20190813000602	00470829
20190813000628	00249982
20190814000065	00170026
20190814000286	00255044
20190814000321	01101254
20190814000348	00125974
20190814000443	00618410
20190814000512	00163318
20190814000526	00156910
20190814000545	00366845
20190814000571	01078178
20190814000673	00145686
20190814000775	00608802
20190814000888	00131850
20190814000966	00130684
20190814000994	00423177
20190814001112	00363927
20190814001162	00255433
20190814001209	00188797
20190814001251	00201432
20190814001273	00329093
20190814001299	01020524
20190814001323	00486370
20190814001352	00232089
20190814001473	00126362
20190814001483	01258710
20190814001539	00258102
20190814001578	00121534
20190814001619	00136378
20190814001700	00260657
20190814001709	01135941
20190814001719	00124540
20190814001740	00200910
20190814001794	00244561
20190814001818	00247975
20190814001833	00111193
20190814001858	00115612
20190814001868	00163673
20190814001894	01027794
20190814001923	00105952
20190814001966	00413417
20190814002005	00923826
20190814002021	00239639
20190814002135	00493510
20190814002222	00475985
20190814002252	00117027
20190814002289	00186939
20190814002335	00593032
20190814002365	00162993
20190814002411	00365387
20190814002490	00120562
20190814002538	00109189
20190814002577	00144164
20190814002604	00109693
20190814002616	00970453
20190814002741	00164478
20190814002768	01035678
20190814002861	00536523
20190814002970	00536541
20190828000709	00340096
20191107000029	00154718
20191111000107	00564562
20191112000045	00267906
20191113000004	00269612
20191113000094	00666204
20191113000164	00533191
20191113000366	00578538
20191113000463	00598198
20191113000549	01036367
20191114000138	00126487
20191114000189	00255044
20191114000266	00876908
20191114000368	00983934
20191114000439	00533924
20191114000500	00939942
20191114000686	00363927
20191114000712	00129989
20191114000730	00536329
20191114000752	00115612
20191114000840	00506294
20191114000857	00194947
20191114000912	00861997
20191114000944	00148443
20191114001101	00111193
20191114001144	00106313
20191114001196	00103176
20191114001208	01049422
20191114001222	00118275
20191114001235	00130879
20191114001258	00124197
20191114001339	00296290
20191114001391	00409140
20191114001414	00148522
20191114001477	00161693
20191114001488	00263654
20191114001499	00606664
20191114001537	00988364
20191114001564	00114686
20191114001584	00503668
20191114001595	00105952
20191114001626	00113359
20191114001634	00808068
20191114001779	00232089
20191114001803	00260657
20191114001845	00624998
20191114001879	00141671
20191114001889	00126566
20191114002089	00239639
20191114002130	00109718
20191114002147	01105621
20191114002160	00247975
20191114002241	00220561
20191114002281	00788773
20191114002299	00154329
20191114002333	00475985
20191114002381	00108913
20191114002402	00492894
20191114002438	00105299
20191114002511	00159616
20191114002528	01075126
20191114002542	00112332
20191114002624	00109693
20191114002690	00628189
20191114002707	00481454
20191114002721	00152862
20191129001645	00243979
20200214000789	00125576
20200421000481	00392691
20200513000231	01214248
20200514000953	00366942
20200514000972	00974927
20200514001032	00276083
20200514001127	00108001
20200514001181	00957735
20200515000150	01124653
20200515000359	01078178
20200515000439	01231786
20200515000515	00137252
20200515000568	01243161
20200515000579	00109037
20200515000770	00441447
20200515000780	00111704
20200515000988	00530556
20200515001004	00129615
20200515001064	01084364
20200515001207	00350312
20200515001255	01091054
20200515001319	00243757
20200515001395	00480048
20200515001461	00296005
20200515001497	01258507
20200515001689	01032583
20200515001722	00977650
20200515001793	00327396
20200515001808	00348034
20200515001866	00159795
20200515001960	00108649
20200515002021	00163114
20200515002066	00209780
20200515002099	00113535
20200515002159	00186452
20200515002243	00144164
20200515002255	00410915
20200515002271	00535746
20200515002285	00261285
20200515002304	00614593
20200515002317	00445841
20200515002482	00632304
20200515002494	01089378
20200515002655	00406037
20200515002805	00105101
20200521000193	01275665
20200525000277	00129615
20200728000267	01063884
20200811000038	00256043
20200812000107	00167004
20200812000239	00957735
20200812000355	00105961
20200813000044	00260569
20200813000087	00260392
20200813000369	00187415
20200813000433	00962922
20200813000541	00108001
20200813000574	00296290
20200814000008	01440153
20200814000034	00855163
20200814000172	00556712
20200814000232	00611736
20200814000267	00526951
20200814000295	00356839
20200814000310	00869272
20200814000452	00332927
20200814000537	00116408
20200814000555	00442455
20200814000652	00447928
20200814000667	00121288
20200814000687	00104786
20200814000735	00118026
20200814000903	00288495
20200814000913	00116268
20200814000956	00828789
20200814001024	00113359
20200814001036	00916516
20200814001105	00537337
20200814001138	00132992
20200814001250	00145190
20200814001281	00608699
20200814001376	00259934
20200814001432	00126487
20200814001448	00362292
20200814001658	01047169
20200814001765	00166519
20200814001873	01043853
20200814001884	00490179
20200814001897	00203023
20200814001974	00266961
20200814002033	00475985
20200814002107	00359395
20200814002132	00140131
20200814002146	00126292
20200814002160	00153621
20200814002193	00357607
20200814002203	00164742
20200814002222	00327396
20200814002262	00117276
20200814002316	00242378
20200814002340	00624518
20200814002363	00163673
20200814002375	00432102
20200814002403	00665676
20200814002436	00145190
20200814002500	00838962
20200814002517	00536329
20200814002536	01251577
20200814002552	00632304
20200814002627	00260745
20200814002672	00468374
20200814002715	00397191
20200814002785	00108135
20200814002804	00129679
20200907000001	00556712
20201008000683	00297448
20201105000139	00598198
20201110000346	00247975
20201112000096	00369107
20201112000170	00445841
20201112000191	00156910
20201112000295	00857727
20201112000315	00626464
20201113000191	00946030
20201113000219	01146220
20201113000258	01109715
20201113000381	00603348
20201113000446	00602279
20201113000500	01408999
20201113000526	00415594
20201113000543	01060744
20201113000557	00616962
20201113000585	00105138
20201113000640	00348292
20201113000653	00442455
20201113000707	00266934
20201113000731	00478900
20201113000778	01035678
20201113000806	00166227
20201113000824	00137368
20201113000933	00440712
20201113000959	00389998
20201113000973	00260383
20201113001043	00384717
20201113001084	00911955
20201113001135	00608802
20201113001159	00453488
20201113001170	01003040
20201113001189	01153293
20201113001220	00176914
20201116000051	00107066
20201116000209	00155452
20201116000224	00572905
20201116000323	00175173
20201116000362	00264547
20201116000499	00108977
20201116000519	00116301
20201116000621	00867098
20201116000732	00155638
20201116000752	00287812
20201116000800	00163673
20201116000828	00116426
20201116000840	00450931
20201116000893	00407771
20201116000903	00362858
20201116000962	00347716
20201116000989	01316245
20201116001066	01207761
20201116001081	00442145
20201116001119	00173449
20201116001164	00141246
20201116001188	00140131
20201116001200	00253985
20201116001283	00273110
20201116001292	01077577
20201116001334	00814786
20201116001347	00161693
20201116001388	00131850
20201116001418	00268251
20201116001439	00113234
20201116001494	00761059
20201116001535	00268002
20201116001563	00306162
20201116001602	00186559
20201116001613	00109824
20201116001627	00240857
20201116001726	00260657
20201116001744	00579139
20201116001757	01267684
20201116001774	00365387
20201116001816	00129679
20201116001829	00106641
20201116001862	00527464
20201116001916	01267170
20201116001929	00407814
20201116001960	00791209
20201116001969	00406037
20201116002007	00109189
20201116002057	00310156
20201116002067	00152880
20201116002082	00149026
20201116002116	00115977
20201116002156	00152862
20201117000019	00892526
20201117000144	00526696
20201201000068	00173449
20210106000409	00814786
20210114000374	00103176
20210210001239	00148993
20210215001361	00877174
20210302003627	00492894
20210511000162	00605328
20210513000255	00133663
20210513000531	01136348
20210513000749	00877174
20210514000136	00160010
20210514000191	00576798
20210514000505	00146436
20210514000572	00106313
20210514000628	00106669
20210514000670	00109037
20210514000740	00148896
20210514000861	00171636
20210514001075	00347062
20210514001237	00787376
20210514001317	00603348
20210514001347	00143262
20210514001429	00133812
20210514001492	00117212
20210514001630	00475985
20210517000293	00138242
20210517000310	00407771
20210517000331	00175173
20210517000647	00828789
20210517000744	00162993
20210517000770	00295857
20210517000795	00216647
20210517000806	00177870
20210517000850	00397252
20210517000945	00231691
20210517000956	00671376
20210517001010	00317210
20210517001103	00346911
20210517001117	00128661
20210517001127	00268251
20210517001159	01037214
20210517001169	00306162
20210517001211	00129509
20210517001327	00152686
20210517001391	00791209
20210517001423	00231363
20210517001474	00665676
20210517001496	01021949
20210517001621	00125725
20210517001658	00186452
20210517001872	00152862
20210517001973	00545734
20210517001987	00155124
20210517002024	00963976
20210517002056	00146083
20210517002106	00258801
20210517002148	00129679
20210517002180	00232007
20210528000585	00878696
20210531002162	01318261
20210608000450	01089378
20210618000401	00608802
20210811000109	00140946
20210812000074	00503668
20210812000140	00287812
20210812000197	00480048
20210813000007	00259545
20210813000085	00156910
20210813000222	00838005
20210813000258	00160010
20210813000270	00339391
20210813000294	00415594
20210813000380	01259232
20210813000636	00168401
20210813000653	00603348
20210813000736	00103130
20210813000807	00442561
20210813000846	00159616
20210813000877	00106614
20210813000890	00384717
20210813000901	00132868
20210813001018	01276901
20210813001049	00200910
20210813001105	00126478
20210813001202	00113526
20210813001222	00132637
20210813001290	00405278
20210813001376	00105101
20210813001408	01049167
20210817000010	00112165
20210817000040	01053540
20210817000054	01407158
20210817000136	00246417
20210817000186	01020843
20210817000235	01207716
20210817000258	00404701
20210817000312	01343665
20210817000382	00121932
20210817000531	00360674
20210817000632	00139083
20210817000828	00491938
20210817000854	00365387
20210817000888	00317104
20210817000904	00149947
20210817000960	00405320
20210817001020	00480455
20210817001039	00306162
20210817001081	00261957
20210817001094	00246620
20210817001164	00163716
20210817001228	00137997
20210817001248	00526951
20210817001258	00258421
20210817001270	00121941
20210817001284	00103176
20210817001307	00137359
20210817001362	00152862
20210817001427	00542074
20210817001587	00153755
20210817001648	00268251
20210817001814	00139889
20210817001884	00788773
20210817002046	00265005
20210817002060	00318662
20210817002089	00545734
20210817002119	00681249
20210817002160	00180865
20210824000024	00975290
20210825000319	01153105
20210827000584	00604268
20210831001729	00105952
20210831001882	00105952
20211005000282	00111722
20211108000280	01207761
20211112000030	01023318
20211112000123	00133751
20211112000187	00153621
20211112000263	00269612
20211112000372	00375931
20211112000420	00114552
20211112000500	00130879
20211112000559	01344831
20211112000570	00605124
20211112000592	00150165
20211112000719	00364254
20211112000802	00531014
20211112000872	00585538
20211112000945	01478712
20211112000965	01060744
20211112001090	00180263
20211112001166	00363592
20211112001182	00143226
20211112001197	00318316
20211115000033	00107066
20211115000113	00370918
20211115000156	00117601
20211115000178	01207716
20211115000228	00442561
20211115000296	01085026
20211115000312	00155692
20211115000398	00413523
20211115000408	00623661
20211115000466	00113234
20211115000476	00166519
20211115000518	00310156
20211115000532	01487446
20211115000564	00159573
20211115000593	00861997
20211115000608	00172680
20211115000657	01135941
20211115000672	01038693
20211115000686	00121570
20211115000708	01351080
20211115000724	00626464
20211115000735	00260745
20211115000796	00132637
20211115000836	00361169
20211115000850	00266934
20211115000893	00828789
20211115000906	00530121
20211115000930	00814786
20211115001031	00432102
20211115001074	00367695
20211115001166	00596260
20211115001290	00153339
20211115001367	00533191
20211115001376	01228515
20211115001458	01089378
20211115001471	00415707
20211115001494	00113359
20211115001510	01035678
20211115001535	00144252
20211115001571	00491938
20211115001610	01267967
20211115001681	00105855
20211115001705	00942131
20211115001719	00118266
20211115001768	00483735
20211115001834	00131832
20211115001972	00450931
20211115002008	00363246
20211115002021	00141671
20211115002046	00545734
20211115002073	00385336
20211115002109	01303029
20211115002151	00583026
20211115002254	00125488
20211115002379	00681249
20211115002392	00126478
20211115002418	00171265
20211115002438	01222867
20211115002511	00142713
20211117000025	00483735
20211126000772	00604268
20220211000593	00231105
20220214000725	00814786
20220428000049	00189538
20220509000591	00137368
20220511000019	00163716
20220511000218	01214743
20220512000089	00362292
20220512000362	00492353
20220512000562	00256043
20220513000296	00218575
20220513000366	00692254
20220513000430	00603348
20220513000558	00146427
20220513000730	00957735
20220513000924	01251577
20220513000954	00527491
20220513000982	00536329
20220513001023	00626464
20220513001271	00103006
20220513001316	00833064
20220513001425	00660121
20220513001468	00392691
20220513001538	00117300
20220513001673	00318316
20220516000015	01101254
20220516000048	00808086
20220516000312	00220622
20220516000396	00589127
20220516000626	00370255
20220516000982	00230814
20220516001062	00688358
20220516001073	01207761
20220516001116	00130684
20220516001153	00616290
20220516001273	00116824
20220516001364	00185046
20220516001488	00198697
20220516001503	00366137
20220516001555	00130383
20220516001568	01169267
20220516001685	00444329
20220516001746	00144243
20220516001775	00219097
20220516001854	00118266
20220516001900	00107613
20220516001999	00136378
20220516002047	00136165
20220516002090	00165413
20220516002204	00258360
20220516002253	00109189
20220516002265	00210980
20220516002279	00103510
20220516002362	00298377
20220516002434	00159731
20220516002512	00234412
20220516002549	00138701
20220516002562	00145109
20220516002628	00475718
20220516002660	00117498
20220520000393	00150165
20220603000350	00225706
20220630000672	00632304
20220810000051	00141626
20220811000220	00225159
20220811000492	00117188
20220812000282	00159786
20220812000325	00156910
20220812000552	00220622
20220812000564	00130879
20220812000597	00168331
20220812000845	00413417
20220812000897	00356839
20220812000965	01013311
20220812001001	00120906
20220812001061	00608802
20220812001192	00576798
20220812001235	00896753
20220812001281	01046391
20220812001307	00919966
20220812001352	00469799
20220816000014	01101254
20220816000056	01368637
20220816000075	00569691
20220816000212	01311055
20220816000222	01214743
20220816000294	00409140
20220816000328	00361169
20220816000348	00103592
20220816000436	00104120
20220816000450	00552992
20220816000473	01409022
20220816000537	00106669
20220816000568	00373447
20220816000654	00163673
20220816000721	00146427
20220816000874	00139153
20220816000888	00156859
20220816000916	00198192
20220816000979	00153621
20220816001090	00596260
20220816001114	00657002
20220816001125	00105961
20220816001158	00123772
20220816001190	00307028
20220816001217	00370255
20220816001228	00111218
20220816001239	00456218
20220816001289	00571298
20220816001323	00606664
20220816001335	00102858
20220816001461	01075126
20220816001564	00791209
20220816001599	00234412
20220816001724	00118275
20220816001752	00109189
20220816001890	00246620
20220816001972	00132804
20220816002072	01098792
20220816002089	00148364
20220816002223	00200910
20220816002267	00620868
20220816002291	00111810
20220816002386	00136776
20220816002435	00403632
20220816002446	00113191
20220816002466	00995993
20220816002490	00125974
20220818000259	00148939
20220826000175	00575106
20220826000550	01494118
20220829000151	01354740
20220913000196	00533191
20220930000713	00287812
20221107000016	00876908
20221110000569	00602279
20221111000128	01397620
20221111000233	00361594
20221111000324	00503668
20221111000638	00260611
20221111000712	00471068
20221111000801	01042711
20221111000815	00104786
20221111000872	00809429
20221111000887	00608802
20221111000910	00375931
20221114000021	00153375
20221114000046	00616962
20221114000097	00892526
20221114000124	00330044
20221114000186	00692254
20221114000255	00409672
20221114000296	00121039
20221114000434	00611912
20221114000470	01190568
20221114000555	01203376
20221114000607	00117300
20221114000681	00293886
20221114000693	00614593
20221114000775	00450010
20221114000787	00130684
20221114000856	00318316
20221114000915	01047707
20221114000938	00603348
20221114000971	01476219
20221114001024	00444329
20221114001079	00571298
20221114001087	00242712
20221114001095	00135111
20221114001126	00173449
20221114001227	00357607
20221114001251	00580667
20221114001273	00232089
20221114001293	00114792
20221114001348	00197759
20221114001508	00172680
20221114001527	00369833
20221114001649	00160047
20221114001738	00132211
20221114001763	00180795
20221114001840	00624518
20221114002032	00260383
20221114002041	00651901
20221114002136	00118026
20221114002160	00635134
20221114002169	00120924
20221114002212	00137207
20221114002263	00872984
20221114002324	01003040
20221114002394	00693651
20221114002447	00816544
20221114002504	00675594
20221114002582	00152862
20221114002611	01116502
20221114002669	00356839
20221114002692	00995993
20221115000242	00628189
20221116000024	00138242
20221116000230	00444329
20230118000049	00147772
20230214000252	00118008
20230510000127	00925587
20230512000139	00366845
20230512000168	00463342
20230512000618	00116949
20230512000655	01042085
20230512000982	00638487
20230512001050	01058101
20230512001195	00867973
20230512001222	01035368
20230512001284	00874803
20230512001357	01062177
20230512001370	00110884
20230512001436	01020843
20230515000443	00494546
20230515000454	00107677
20230515000505	01135941
20230515000541	00128980
20230515000635	00131197
20230515000690	00636656
20230515000787	00528515
20230515000824	00117027
20230515000989	00125530
20230515001017	00567222
20230515001042	01532603
20230515001054	00490179
20230515001193	01181515
20230515001295	00939942
20230515001305	00146436
20230515001344	00397289
20230515001717	00843900
20230515001748	00109189
20230515001773	00350020
20230515001843	00102858
20230515001889	00165680
20230515001901	00175623
20230515001961	00683007
20230515002023	00162993
20230515002058	00111838
20230515002111	00268002
20230515002122	00159616
20230515002148	00159786
20230515002287	00684802
20230515002301	00530121
20230515002375	00255619
20230515002443	00869272
20230515002540	00351579
20230515002648	01246034
20230515002803	00120562
20230522000222	01534577
20230811001395	01524507
20230811001472	00288343
20230811001482	00925587
20230811001853	00120182
20230811001882	00623184
20230811001899	00453488
20230811001930	00580667
20230811002096	00159023
20230811002121	00616962
20230811002272	00923792
20230811002339	00415868
20230811002379	00578538
20230811002455	00442154
20230811002473	00110884
20230811002582	01020843
20230811002622	00104768
20230814000255	00156956
20230814000447	00117230
20230814000589	00140177
20230814000616	00177199
20230814000656	00104120
20230814000933	00268251
20230814001042	00422284
20230814001257	01010110
20230814001311	00105156
20230814001363	00530121
20230814001402	00877819
20230814001476	01067808
20230814001523	01181515
20230814001587	00156150
20230814001642	00442561
20230814001699	00122825
20230814001809	00139889
20230814001892	00628860
20230814001938	00115694
20230814001947	00963976
20230814002014	00149026
20230814002027	00243757
20230814002042	01596656
20230814002054	00131054
20230814002130	00918222
20230814002160	00148939
20230814002244	00613318
20230814002269	00310156
20230814002357	00620558
20230814002419	00574611
20230814002549	00219097
20230814002640	00123523
20230814002670	00126292
20230814002732	00172945
20230814002773	00246620
20230814002901	00117276
20230814002950	00173449
20230814003018	00101220
20230814003149	01031229
20230828000589	00527002
20230829000826	00351427
20230926000613	00113058
20230927000772	00103176
20231025000092	00958327
20231108000221	01405451
20231109000308	00985686
20231110000230	00259545
20231110000352	00216762
20231110000440	00479705
20231110000609	00664181
20231110000706	00614593
20231113000157	00994994
20231113000294	00562245
20231113000371	00442455
20231113000384	00149770
20231113000398	00527491
20231113000431	00152127
20231113000483	00246417
20231113000506	00535375
20231114000007	00117708
20231114000097	01098792
20231114000165	01064069
20231114000200	00166175
20231114000292	00493510
20231114000342	00131504
20231114000355	00351630
20231114000496	00117498
20231114000613	00632304
20231114000627	00188973
20231114000639	00104786
20231114000807	00528515
20231114000829	00143314
20231114000847	00562360
20231114000878	00624509
20231114000911	00264945
20231114000947	00109718
20231114000971	00480048
20231114001052	01242241
20231114001111	00486370
20231114001129	00765569
20231114001149	01062177
20231114001174	00260958
20231114001184	00104537
20231114001288	01089378
20231114001300	00494546
20231114001312	00609661
20231114001384	00163716
20231114001422	00115931
20231114001433	00216434
20231114001445	01368637
20231114001469	00480783
20231114001512	00171636
20231114001553	00158501
20231114001668	00608839
20231114001774	00414850
20231114001818	00959229
20231114001881	00159209
20231114001890	01101041
20231114001911	00532059
20231114001920	00192499
20231114002029	00297989
20231114002152	01008762
20231114002160	00308559
20231114002172	00375931
20231114002198	00442561
20231114002224	00162993
20231114002255	00146436
20231114002316	01596656
20231114002430	00956930
20231114002476	00287812
20231114002556	01108099
20231114002587	00356839
20231114002623	00356839
20231114002648	01021949
20231114003044	00137207
20231115000336	01042650
20231129001032	01336461
20231130000895	00612294
20231213000528	01179617
20240214002435	00231691
20240510000815	00763701
20240513000170	00350020
20240513000236	01110474
20240513000443	00136402
20240513000808	00171636
20240513000892	00260408
20240514000365	00147994
20240514000440	00187770
20240514000460	00256043
20240514000737	00545929
20240514000803	00990819
20240514000859	00416414
20240514000881	00120182
20240514000970	00191287
20240514000997	00599957
20240514001011	00148896
20240514001023	00318316
20240514001106	00297448
20240514001117	00958327
20240514001217	00360577
20240514001308	00681373
20240514001631	01160363
20240514001650	01153293
20240516000040	00369569
20240516000169	00137809
20240516000259	01113499
20240516000311	00130408
20240516000408	00105156
20240516000483	00821607
20240516000513	00447487
20240516000546	00327396
20240516000632	00219848
20240516000722	00121288
20240516000745	00129509
20240516000892	00219440
20240516000937	00133812
20240516000951	00116949
20240516000985	00384717
20240516000995	00178790
20240516001017	00156895
20240516001186	00127167
20240516001225	00172680
20240516001235	00542074
20240516001272	00165583
20240516001313	00108746
20240516001394	00814786
20240516001526	00137207
20240516001552	00547510
20240516001671	00203290
20240516001716	00232007
20240516001787	00593032
20240516001875	01309388
20240516001918	00492894
20240516002055	00148531
20240516002136	00157991
20240516002153	00164973
20240516002202	00402110
20240516002347	00442561
20240521000215	01207761
20240807000274	00115931
20240809000514	01405451
20240809000652	01144569
20240812000625	00652423
20240812000737	00258421
20240813000653	00616290
20240813001239	01409095
20240813001283	00475985
20240813001307	00130879
20240813001332	00171636
20240814001001	00964595
20240814001087	00127936
20240814001154	00587925
20240814001212	00243979
20240814001249	00363246
20240814001398	00127255
20240814001563	00112651
20240814001742	00112457
20240814001849	01246034
20240814002015	00259545
20240814002114	00146436
20240814002230	00605124
20240814002248	00961507
20240814002260	01391103
20240814002277	01110182
20240814002297	00120182
20240814002384	00260879
20240814002412	00384762
20240814002435	00160375
20240814002521	00270113
20240814002536	00219361
20240814002573	00191287
20240814002599	00445841
20240814002616	01546101
20240814002647	00107677
20240814002713	01136001
20240814002745	01559637
20240814002781	00545716
20240814002847	00799177
20240814002978	01227039
20240814002991	00145260
20240814003029	00372882
20240814003109	01035678
20240814003166	00377018
20240814003213	00108746
20240814003274	00670340
20240814003304	00117300
20240814003332	00683007
20240814003447	00155124
20240814003484	00347716
20240814003547	00828789
20240814003591	00681373
20240814003656	00200910
20240814003749	00242378
20240814003767	00126089
20240814003796	00340096
20240814003815	00232007
20240814003831	00632845
20240814004003	00265005
20240814004175	01700587
20240814004190	00161693
20240814004270	00583026
20240814004309	00141671
20240814004324	00135917
20240814004483	00108135
20240814004544	00363510
20240814004581	01201970
20240814004609	01207761
20240814004628	00260611
20240816000142	00545929
20240819000061	00351427
20240823000340	01264872
20241107000039	00534598
20241112000457	00469799
20241113000156	01325429
20241113000175	00150536
20241113000372	00137368
20241113000411	00562360
20241113000429	01437858
20241113000490	00360577
20241113000612	00447487
20241114000079	01258710
20241114000091	01318261
20241114000137	00109310
20241114000165	00143226
20241114000323	00170026
20241114000502	00579139
20241114000593	01232192
20241114000771	00491938
20241114000798	00131197
20241114000837	00161781
20241114000954	00133663
20241114000967	01201970
20241114000979	01398151
20241114001006	00137809
20241114001100	00104120
20241114001131	00266934
20241114001142	00349097
20241114001259	00136776
20241114001269	00159731
20241114001339	01101041
20241114001433	00530413
20241114001476	01110058
20241114001587	01700587
20241114001701	00961507
20241114001713	00129509
20241114001757	01110678
20241114001791	00113225
20241114001848	00119140
20241114001880	00490151
20241114001970	00415707
20241114001978	00351375
20241114001989	00138701
20241114001997	01074862
20241114002009	00539274
20241114002107	00365758
20241114002117	01179617
20241114002145	00389970
20241114002185	00113234
20241114002225	00118266
20241114002244	00351579
20241114002253	00974927
20241114002273	00137207
20241114002301	00112332
20241114002453	00219097
20241114002505	00672603
20241114002530	01042979
20241114002539	01181515
20241114002553	00242378
20241114002606	00327396
20241114002616	00144243
20241114002635	00569691
20241114002669	00118275
20241114002690	01031229
20241114002797	00402110
20241114002814	01462739
20241114002830	00187770
20241114002870	00346911
20241114002883	01311055
20241114002981	00186559
20241114003011	00620868
20241114003026	00164973
20241128000107	01293953
20241129000800	01444380
20241204000169	00542074
20241220000589	00605522
20241230000449	00135917
20250206000551	00197759
20250214002441	00877174
20250513000405	00625942
20250513000761	01512575
20250514000179	00103547
20250514000429	00129989
20250514000742	01468061
20250514000754	01275665
20250514000887	01141942
20250514000982	01583652
20250514001182	00256380
20250514001227	00113261
20250515000360	00445160
20250515000513	00360674
20250515000993	00239514
20250515001102	01090471
20250515001128	00121039
20250515001398	00488402
20250515001435	01605282
20250515001535	00516246
20250515001596	00127158
20250515001638	00144818
20250515001675	01043853
20250515001701	00158112
20250515001723	00533191
20250515001824	00125150
20250515001836	01135640
20250515001867	01494118
20250515002042	01524507
20250515002077	00268002
20250515002090	00303192
20250515002226	00580667
20250515002282	00664048
20250515002358	00186559
20250515002378	01505186
20250515002434	00243979
20250515002473	00373021
20250515002576	00141307
20250515002668	00200910
20250515002704	00178851
20250515002815	00808022
20250515002917	00875307
20250515002955	00363510
20250516000424	00525679
20250526000033	01370863
20250808000383	01583652
20250812000592	00150165
20250813000444	01258710
20250813000482	00129989
20250813000509	00362238
20250813001069	00985686
20250813001219	00144818
20250813001453	00567897
20250814000754	00651017
20250814001066	00488402
20250814001111	01042711
20250814001299	01160363
20250814001412	00977650
20250814001856	00163716
20250814001952	00105855
20250814001984	01353024
20250814001998	00870861
20250814002054	00347062
20250814002231	00158565
20250814002400	00155948
20250814002519	00417167
20250814002923	00155124
20250814003063	00104786
20250814003099	00629212
20250814003167	01444380
20250814003204	00763701
20250814003271	00378220
20250814003282	00317104
20250814003378	00619640
20250814003468	00157991
20250814003581	00605522
20250814003611	01135640
20250814003634	00113261
20250814003742	01230255
20250814003965	00318316
20250814004051	01708163
20250814004145	00155276
20250814004263	00389970
20250814004282	00265421
20250814004325	00297448
20250814004427	01259418
20250827000170	00959229
20251104000213	00958327
20251110000330	00927558
20251111000131	00410997
20251112000006	00151605
20251112000052	01141942
20251112000206	00104810
20251112000240	00769158
20251113000356	00128607
20251113000449	00525679
20251113000720	01227039
20251113000751	01025644
20251113000764	00117629
20251113000813	01047707
20251113000829	00153339
20251113000913	00533924
20251114000005	00498001
20251114000132	00128980
20251114000214	01003040
20251114000399	01364297
20251114000441	00216434
20251114000501	00101628
20251114000534	00201432
20251114000617	00557933
20251114000660	00252269
20251114000888	00482426
20251114000996	00117300
20251114001028	00606293
20251114001209	01089378
20251114001247	00875307
20251114001325	00125725
20251114001356	00128111
20251114001409	01105621
20251114001479	01138595
20251114001565	00148832
20251114001973	00336817
20251114002006	01042979
20251114002030	00246620
20251114002067	00693651
20251114002090	00545114
20251114002134	01686755
20251114002256	01179617
20251114002371	00200910
20251114002462	01297898
20251114002483	00365758
20251114002493	01067516
20251114002517	00164618
20251114002538	00595191
20251114002578	00155948
20251114002612	00862880
20251114002650	00123143
20251114002691	00605522
20251114002705	00123523
20251114002718	00963976
20251114002835	00384717
20251114002894	00863038
20251114003110	00117300
20251126000620	01011368
20260213002632	00145914
20260513000393	00128607
20260513000715	00356802
20260514000052	00533508
20260514000198	00359076
20260514000622	00450010
20260514001095	00135917
20260514001362	01506848
20260514001438	00407814
20260515000009	00498001
20260515000149	00442048
20260515000275	00800145
20260515000286	01110058
20260515000475	00266934
20260515000599	00896753
20260515000741	00573269
20260515001166	00445799
20260515001188	01182259
20260515001395	00130587
20260515001448	00362441
20260515001569	00536523
20260515001591	00152589
20260515001602	00126937
20260515001723	00108746
20260515001791	01786958
20260515001862	00373447
20260515001875	00428729
20260515001916	00915508
20260515001969	00576789
20260515002157	00479705
20260515002237	00527491
20260515002317	00145914
20260515002325	01201590
20260515002337	01246034
20260515002429	00231831
20260515002785	00164618
20260515002937	01299106
20260515002951	00256502
20260515002976	00608802
20260515003039	00158015
20260515003053	00145668
20260518000001	01290248
20260518000269	01336762
20260528000053	00139764
20260810000587	00208134
20260812000454	00612294
20260813000494	00816933
20260813000988	00203847
20260813001059	00620868
20260813001162	00145914
20260813001351	01429220
20260814000203	00141246
20260814000437	00608699
20260814000726	00874803
20260814001369	01293953
20260814001429	00228712
20260814001578	01512575
20260814001967	00573269
20260814002126	01641600
20260814002182	01251595
20260814002219	00238001
20260814002365	01089378
20260814002591	00936787
20260814002656	01042429
20260814002918	00130587
20260814002996	00608802
20260814003050	01364747
20260814003401	00108649
20260814003465	01721809
20260814003564	01290248
20260814003656	00652007
20260814003697	00145668
20260814003828	00356839
20260814004079	00663669
20260814004273	00310156
20260814004281	00961774
20260819000349	00550082
20100204000007	00400060
20100211000282	00122348
20100212000143	00103176
20100212000268	00125576
20100216000146	00113191
20100430000448	00160205
20100510000331	00158015
20100510000694	00151128
20100511001895	00136378
20100512000749	00155948
20100512001234	00120526
20100512002570	00141529
20100513000241	00580056
20100513000846	00527491
20100513001340	00596677
20100513001617	00185222
20100513001805	00167192
20100513002973	00287788
20100513003204	00405278
20100514000033	00158565
20100514000104	00175173
20100514000215	00363927
20100514000300	00161976
20100514000410	00384762
20100514000776	00200275
20100514000979	00379229
20100514001040	00114154
20100514001504	00133335
20100514001595	00139685
20100514001687	00551920
20100514001891	00114808
20100514002029	00318316
20100514002207	00226866
20100514002335	00363486
20100514002486	00260611
20100514002553	00118804
20100514002657	00269889
20100514002808	00411048
20100514002893	00220109
20100514002936	00142661
20100514003048	00145109
20100514003117	00134565
20100514003211	00114792
20100514003241	00130772
20100514003321	00472890
20100514003357	00132804
20100514003410	00138747
20100514003446	00114093
20100514003517	00230425
20100514003693	00198697
20100514003736	00545929
20100514003845	00599106
20100514004143	00138598
20100517000057	00105952
20100517000158	00413523
20100517000424	00104810
20100517000451	00130408
20100517000502	00537337
20100517000519	00219440
20100517000536	00226352
20100517000557	00112165
20100517000600	00154055
20100517000620	00525679
20100517000637	00155212
20100517000704	00165060
20100517000723	00583026
20100517000739	00414850
20100517000756	00205003
20100517000772	00359623
20100517000814	00373571
20100517000837	00531917
20100517000859	00150536
20100517000893	00219486
20100517000919	00456218
20100517000939	00526696
20100517000960	00140131
20100517001037	00268118
20100517001114	00103130
20100517001144	00134316
20100517001160	00133511
20100517001184	00245472
20100517001196	00139764
20100517001210	00148276
20100517001360	00131832
20100517001420	00149646
20100517001454	00406046
20100517001533	00107066
20100517001548	00203315
20100517001561	00108940
20100517001690	00159698
20100518000303	00318316
20100525000021	00287812
20100614000134	00130684
20100728000012	00231044
20100805000062	00400121
20100810000118	00106368
20100811000015	00137252
20100811000080	00163318
20100811000189	00188089
20100811000265	00361008
20100812000004	00158565
20100812000052	00232821
20100812000081	00148896
20100812000115	00173449
20100812000161	00149804
20100812000298	00310156
20100813000028	00438036
20100813000071	00318316
20100813000139	00118266
20100813000185	00369833
20100813000223	00140946
20100813000240	00411385
20100813000261	00646732
20100813000271	00580065
20100813000309	00115612
20100813000345	00145260
20100813000382	00156910
20100813000434	00113410
20100813000486	00471068
20100813000504	00137058
20100813000554	00149026
20100813000597	00145437
20100813000621	00112165
20100813000636	00127042
20100813000699	00121534
20100813000796	00258421
20100813000810	00200275
20100813000828	00360595
20100813000846	00111218
20100813000921	00233653
20100813000955	00520887
20100813000985	00264228
20100813001003	00105952
20100813001043	00359395
20100813001056	00160205
20100813001082	00105280
20100813001145	00171636
20100813001178	00117708
20100816000019	00377610
20100816000049	00132628
20100816000071	00536541
20100816000089	00476498
20100816000105	00230036
20100816000118	00260930
20100816000175	00210856
20100816000259	00296263
20100816000321	00269922
20100816000335	00357607
20100816000348	00159731
20100816000366	00125822
20100816000379	00447760
20100816000396	00168401
20100816000411	00486370
20100816000461	00203290
20100816000485	00105855
20100816000498	00384717
20100816000520	00141626
20100816000532	00480048
20100816000560	00117027
20100816000602	00111458
20100816000641	00146649
20100816000656	00359076
20100816000667	00628860
20100816000696	00410915
20100816000712	00103130
20100816000727	00120526
20100816000745	00140131
20100816000769	00635134
20100816000787	00103662
20100816000810	00373571
20100816000829	00335076
20100816000849	00104856
20100816000868	00264714
20100816000914	00163673
20100816000932	00243067
20100816000988	00152880
20100816001071	00132804
20100816001092	00159573
20100816001106	00112022
20100816001134	00330424
20100816001150	00435969
20100816001213	00269612
20100816001227	00164788
20100816001251	00574611
20100816001298	00124197
20100816001367	00147772
20100816001406	00252135
20100817000237	00122825
20100827000118	00407771
20100830000143	00440712
20100830000408	00126566
20100830000480	00158316
20100930000413	00154718
20101022000024	00350048
20101102000026	00530121
20101105000013	00260392
20101108000057	00123772
20101109000017	00415707
20101109000133	00206659
20101110000009	00129642
20101110000148	00255105
20101111000033	00305668
20101111000089	00595191
20101111000115	00580199
20101111000167	00161976
20101111000259	00205003
20101112000002	00531917
20101112000015	00124799
20101112000026	00490151
20101112000040	00706715
20101112000056	00206039
20101112000073	00352064
20101112000105	00369657
20101112000120	00317681
20101112000144	00568188
20101112000169	00117577
20101112000190	00121039
20101112000218	00112378
20101112000230	00147994
20101112000246	00129679
20101112000265	00245472
20101112000281	00296078
20101112000336	00540447
20101112000365	00470829
20101112000416	00353762
20101112000450	00268251
20101112000462	00543204
20101112000499	00155452
20101112000555	00120182
20101112000574	00242934
20101112000596	00162063
20101112000621	00526678
20101112000641	00208444
20101112000655	00120526
20101112000678	00173032
20101112000698	00133618
20101112000733	00405959
20101112000751	00123772
20101112000800	00252135
20101112000817	00130763
20101112000871	00307028
20101112000896	00107224
20101115000032	00222532
20101115000095	00228536
20101115000112	00364847
20101115000192	00188973
20101115000206	00609324
20101115000258	00145109
20101115000320	00261285
20101115000343	00230036
20101115000353	00516246
20101115000365	00307028
20101115000375	00216762
20101115000389	00255619
20101115000421	00562360
20101115000436	00178851
20101115000451	00128315
20101115000478	00162586
20101115000516	00218575
20101115000529	00140946
20101115000540	00369107
20101115000561	00146269
20101115000604	00692254
20101115000700	00119007
20101115000740	00139889
20101115000800	00161693
20101115000822	00293886
20101115000846	00139205
20101115000866	00456218
20101115000886	00253985
20101115000907	00132992
20101115000920	00118275
20101115000956	00114093
20101115001017	00136925
20101115001091	00359395
20101115001107	00159023
20101115001128	00125646
20101115001145	00526836
20101115001161	00540605
20101115001175	00132637
20101115001204	00335076
20101115001237	00266952
20101115001254	00120906
20101115001274	00265005
20101115001304	00102618
20101115001316	00454946
20101115001415	00199076
20101115001441	00447502
20101115001458	00105138
20101115001472	00122825
20101115001488	00134316
20101115001502	00173591
20101115001523	00150828
20101115001574	00107066
20101115001594	00137207
20101115001684	00133812
20101115001726	00361008
20101116000001	00243979
20101117000013	00108649
20101124000179	00438036
20101126000406	00145446
20101129000418	00105961
20101129000542	00134723
20101208000067	00129271
20110114000075	00155373
20110214000109	00122205
20110214000165	00145914
20110214000203	00232089
20110214000233	00145190
20110214000314	00168401
20110214000407	00141626
20110216000258	00113359
20110509000611	00297989
20110512001104	00540571
20110512002589	00351807
20110513002078	00242378
20110513002317	00580056
20110513002788	00180263
20110513003552	00216027
20110513003911	00551920
20110516000145	00127909
20110516000645	00445841
20110516000729	00475976
20110516000828	00130879
20110516000930	00127909
20110516000989	00260408
20110516001119	00127936
20110516001371	00390055
20110516001719	00479705
20110516001770	00303396
20110516001872	00132725
20110516001922	00330044
20110516002183	00646732
20110516002461	00593032
20110516002513	00753643
20110516002777	00447760
20110516002892	00542898
20110516003051	00130772
20110516003118	00134565
20110516003161	00219440
20110516003252	00249247
20110516003376	00168331
20110516003518	00112022
20110516003635	00125150
20110516003696	00122551
20110516004098	00137207
20110516004188	00526678
20110516004219	00359623
20110516004262	00369107
20110516004274	00113261
20110517000042	00167004
20110527000295	00225159
20110530000033	00352064
20110530000077	00158316
20110530000419	00356370
20110530000704	00440712
20110530000773	00146649
20110530001072	00164478
20110530001105	00117188
20110531000223	00375931
20110601000064	00353610
20110708000452	00269922
20110713000081	00104786
20110714000178	00155373
20110715000060	00100601
20110810000019	00400060
20110812000190	00198192
20110812000235	00255275
20110812000261	00256380
20110812000434	00364847
20110812000591	00151128
20110812000615	00608839
20110816000082	00149804
20110816000157	00153375
20110816000240	00249247
20110816000358	00177816
20110816000385	00116301
20110816000398	00160843
20110816000492	00108241
20110816000644	00410915
20110816000722	00326731
20110816000748	00604815
20110816000761	00271501
20110816000771	00113261
20110816000949	00335076
20110816001181	00122898
20110816001390	00269612
20110816001414	00366845
20110816001434	00129420
20110816001766	00216027
20110826000132	00480455
20110829000144	00399694
20110829000195	00159698
20110829000388	00635134
20110829000437	00363246
20110829000453	00500254
20110829000597	00258801
20110829000626	00266952
20110829000777	00481454
20110829000835	00135050
20111031000166	00121932
20111111000310	00261656
20111111000392	00132637
20111111000612	00130772
20111114000293	00130879
20111114000338	00222435
20111114000407	00372873
20111114000431	00136925
20111114000465	00177816
20111114000527	00298447
20111114000692	00219486
20111114000722	00136226
20111114000907	00125521
20111114000932	00406329
20111114000963	00210980
20111114000992	00103662
20111114001037	00105280
20111114001129	00370255
20111114001213	00259590
20111114001240	00599957
20111114001370	00265005
20111114001390	00101628
20111114001518	00160843
20111114001554	00119007
20111114001576	00447760
20111114001645	00532059
20111114001800	00389998
20111114001905	00125974
20111114001936	00130763
20111114001970	00109514
20111114002034	00397058
20111125000013	00112378
20111125000392	00138297
20111129000196	00158316
20111129000281	00631518
20111129000427	00476498
20111129000474	00154462
20111129000518	00161116
20111129000575	00164788
20111129000613	00106368
20111129000939	00113207
20120213000213	00122205
20120214000065	00122348
20120214000093	00149770
20120227000111	00161976
20120229000564	00131850
20120416000505	00164706
20120504000864	00145163
20120511001876	00369213
20120514001953	00269241
20120514002957	00330044
20120514003472	00258102
20120514003748	00614593
20120514004656	00140946
20120514004732	00480367
20120514004826	00147082
20120514005372	00305570
20120514005511	00197759
20120514005648	00124197
20120514006084	00203209
20120515000023	00151128
20120515000195	00369170
20120515000248	00170026
20120515000290	00169215
20120515000514	00152880
20120515000602	00295857
20120515000635	00128980
20120515000650	00413523
20120515000663	00105961
20120515000689	00539274
20120515000725	00108913
20120515000830	00216498
20120515000867	00143226
20120515000883	00257732
20120515000938	00222435
20120515000970	00260569
20120515000982	00462121
20120515001000	00687711
20120515001016	00117708
20120515001114	00243757
20120515001146	00407814
20120515001157	00414850
20120515001195	00335076
20120515001301	00132211
20120515001327	00109718
20120515001358	00531917
20120515001497	00153339
20120515001516	00141608
20120515001539	00442154
20120515001595	00241209
20120515001626	00122579
20120515001703	00453929
20120515001769	00139083
20120515001787	00240857
20120515001804	00145862
20120515001840	00231691
20120515001935	00791209
20120515001971	00109514
20120515002012	00560122
20120515002032	00186452
20120515002094	00406046
20120515002112	00346911
20120516000033	00107066
20120516000262	00128926
20120525000368	00493510
20120530000100	00616290
20120530000192	00759294
20120530000505	00113410
20120530000551	00397289
20120530000605	00389110
20120530000643	00129679
20120530000695	00164788
20120530000741	00135050
20120530000780	00403632
20120530000967	00113207
20120711000192	00113508
20120731000170	00255433
20120813000125	00155735
20120813000150	00310156
20120813000197	00228350
20120813000241	00137058
20120813000320	00540429
20120813000416	00369170
20120814000041	00104786
20120814000085	00475718
20120814000140	00105040
20120814000156	00493510
20120814000167	00113234
20120814000249	00261957
20120814000260	00161709
20120814000285	00158565
20120814000297	00305297
20120814000312	00535676
20120814000333	00398808
20120814000345	00261373
20120814000356	00172291
20120814000422	00206039
20120814000484	00133663
20120814000503	00134176
20120814000514	00141413
20120814000566	00219440
20120814000578	00147860
20120814000609	00141149
20120814000651	00219848
20120814000779	00258689
20120814000791	00121570
20120814000839	00372873
20120814000855	00265324
20120814000880	00145464
20120814000911	00587466
20120814000921	00536523
20120814001011	00367604
20120814001070	00809429
20120814001079	00216027
20120814001092	00268002
20120814001172	00138260
20120814001188	00767628
20120814001207	00309503
20120814001226	00259545
20120814001241	00108977
20120814001325	00144243
20120814001350	00192499
20120814001361	00134565
20120814001379	00101044
20120814001398	00185356
20120814001413	00129554
20120814001437	00618410
20120814001458	00539274
20120814001474	00113535
20120814001521	00128926
20120814001557	00142661
20120814001621	00117276
20120814001649	00303794
20120814001663	00121039
20120814001732	00126566
20120814001779	00105466
20120814001803	00143651
20120814001824	00852087
20120814001852	00564562
20120814001889	00114093
20120814001926	00687711
20120814001985	00139083
20120814002007	00260879
20120814002030	00375931
20120816000133	00531917
20120821000101	00488989
20120824000071	00657987
20120827000218	00500254
20120828000167	00350020
20120828000286	00384762
20120829000075	00105952
20120829000105	00506294
20120829000170	00163673
20120829000236	00255619
20120829000277	00157681
20120829000341	00397289
20120829000382	00382199
20120829000404	00117212
20120829000427	00158501
20120829000472	00117577
20120829000584	00481454
20120829000647	00115612
20120829000688	00113207
20120906000124	00109514
20120914000078	00132637
20120928000419	00105040
20121005000035	00136165
20121005000237	00109514
20121005000339	00351579
20121008000115	00145914
20121012000076	00161116
20121031000115	00148896
20121108000221	00852087
20121113000038	00596677
20121113000063	00305570
20121113000215	00298270
20121113000422	00163716
20121114000034	00116408
20121114000077	00137252
20121114000087	00398808
20121114000110	00186939
20121114000124	00208444
20121114000265	00842585
20121114000328	00478900
20121114000382	00535676
20121114000411	00125576
20121114000464	00146427
20121114000506	00536541
20121114000543	00226352
20121114000576	00149947
20121114000633	00161860
20121114000708	00127954
20121114000723	00108241
20121114000735	00648721
20121114000790	00225159
20121114000840	00172945
20121114000862	00445841
20121114000903	00149804
20121114000932	00138598
20121114000946	00161709
20121114001054	00222435
20121114001099	00255433
20121114001111	00158149
20121114001174	00390860
20121114001186	00318316
20121114001211	00330424
20121114001242	00268251
20121114001375	00105280
20121114001399	00165680
20121114001419	00133706
20121114001476	00227333
20121114001513	00172185
20121114001541	00238782
20121114001595	00626011
20121114001611	00377610
20121114001621	00375931
20121114001662	00163691
20121114001688	00185046
20121114001754	00144164
20121114001780	00612188
20121114001803	00378363
20121114001822	00117337
20121114001868	00133812
20121116000257	00450931
20121123000232	00384762
20121126000197	00363510
20121127000198	00132637
20121128000216	00156859
20121128000321	00541163
20121129000217	00652423
20121129000281	00373571
20121129000519	00389110
20121129000543	00138792
20121129000617	00684714
20121129000665	00163345
20121129000693	00105271
20121129000867	00112332
20121129000917	00261285
20121129000983	00339072
20121129001060	00106641
20121206000078	00139083
20130214000221	00203290
20130214000269	00159731
20130304000097	00145914
20130304000275	00103176
20130307000692	00167192
20130503000411	00115065
20130510002491	00652423
20130513003570	00256502
20130513004080	00367604
20130514000272	00390903
20130514000980	00369657
20130514003009	00117276
20130514003680	00126788
20130514004937	00147772
20130515000058	00536329
20130515000078	00201131
20130515000272	00244783
20130515000313	00580199
20130515000363	00133557
20130515000390	00788737
20130515000496	00148531
20130515000596	00551920
20130515000616	00141246
20130515000656	00303192
20130515000673	00246620
20130515000697	00441650
20130515000721	00203209
20130515000752	00392691
20130515000799	00378628
20130515000847	00125576
20130515000886	00791209
20130515000919	00454946
20130515000940	00234227
20130515000965	00302926
20130515001080	00397289
20130515001094	00828789
20130515001159	00145862
20130515001173	00365590
20130515001190	00105271
20130515001205	00872984
20130515001305	00134316
20130515001363	00339072
20130515001402	00138297
20130515001483	00158316
20130516000019	00663669
20130516000116	00156442
20130520000421	00108241
20130528000156	00303396
20130529000116	00256380
20130529000147	00178754
20130529000208	00256715
20130529000295	00201733
20130529000378	00260657
20130529000421	00105040
20130530000038	00531917
20130530000049	00101549
20130530000097	00228350
20130530000232	00151368
20130530000243	00118266
20130530000268	00373571
20130530000284	00150439
20130530000298	00156150
20130530000331	00533924
20130530000357	00104810
20130530000369	00260569
20130530000400	00330044
20130530000445	00363592
20130530000537	00112165
20130530000547	00249502
20130530000572	00104786
20130530000587	00435969
20130530000605	00587466
20130530000616	00540863
20130530000632	00132211
20130530000647	00168331
20130530000658	00533508
20130530000675	00153339
20130530000691	00192499
20130530000703	00349811
20130530000718	00348292
20130530000756	00389970
20130530000767	00138598
20130530000799	00104573
20130530000858	00102618
20130530000903	00127954
20130530000924	00137252
20130530000937	00125080
20130530000981	00327396
20130530001024	00442835
20130530001064	00160843
20130530001097	00265324
20130530001144	00384717
20130530001162	00157539
20130530001215	00152260
20130530001325	00133812
20130531000519	00230036
20130604000011	00127909
20130604000146	00101220
20130605000175	00264714
20130617000327	00364847
20130716000169	00158024
20130809000246	00371740
20130812000196	00149770
20130813000232	00261009
20130813000290	00551920
20130814000018	00129989
20130814000061	00369657
20130814000114	00683469
20130814000148	00136925
20130814000434	00788737
20130814000475	00144650
20130814000522	00687711
20130814000578	00143226
20130814000602	00133557
20130814000625	00384762
20130814000744	00140177
20130814000812	00361008
20130814000857	00490179
20130814000890	00476498
20130814000909	00414850
20130814000988	00267942
20130814001007	00117212
20130814001020	00363246
20130814001043	00126362
20130814001058	00392691
20130814001076	00753643
20130814001156	00158316
20130814001182	00339072
20130814001232	00428251
20130814001285	00300405
20130814001302	00173032
20130814001426	00232007
20130814001488	00173591
20130814001586	00113261
20130819000154	00145862
20130826000057	00230425
20130826000123	00160843
20130827000067	00608839
20130827000129	00163318
20130827000179	00660033
20130828000031	00102140
20130828000151	00360674
20130828000193	00167192
20130828000328	00356802
20130828000458	00132211
20130828000505	00161860
20130829000034	00143527
20130829000080	00101044
20130829000117	00147082
20130829000204	00128980
20130829000244	00105040
20130829000289	00233653
20130829000306	00231442
20130829000324	00129350
20130829000374	00131896
20130829000437	00117708
20130829000464	00112651
20130829000535	00674498
20130829000640	00103042
20130829000729	00313649
20130829000757	00359395
20130829000802	00390860
20130829000859	00126487
20130829000883	00249982
20130829000912	00435969
20130829000929	00173999
20130829000952	00486370
20130829000992	00144243
20130829001043	00216647
20130829001119	00148939
20130829001159	00242378
20130829001183	00252135
20130829001224	00361594
20130829001297	00488989
20130829001376	00139083
20130829001470	00122205
20130829001517	00163716
20130829001576	00111810
20130829001613	00139889
20130829001645	00124799
20130829001702	00310156
20130829001795	00445054
20130829001840	00632304
20130830000145	00242712
20131016000123	00122205
20131108000300	00364847
20131112000005	00112378
20131112000165	00369213
20131113000330	00339072
20131114000090	00287812
20131114000114	00250997
20131114000337	00145464
20131114000370	00166272
20131114000438	00105855
20131114000494	00440712
20131114000512	00162416
20131114000528	00643656
20131114000598	00111458
20131114000660	00414850
20131114000700	00397289
20131114000749	00361008
20131114000810	00110875
20131114000887	00150165
20131114000922	00412597
20131114000948	00122825
20131114001000	00152862
20131114001112	00109693
20131114001154	00599106
20131114001177	00378628
20131114001204	00432102
20131114001221	00536541
20131114001286	00162461
20131114001334	00131850
20131114001406	00302926
20131114001439	00173032
20131118000012	00855093
20131119000131	00531014
20131121000043	00728638
20131125000248	00180795
20131126000021	00303396
20131126000064	00256715
20131126000146	00660033
20131126000219	00171636
20131127000200	00398668
20131127000294	00428321
20131128000028	00117230
20131128000049	00228350
20131128000141	00128555
20131128000179	00447609
20131128000367	00120872
20131128000415	00122898
20131128000432	00545716
20131128000509	00125743
20131128000528	00199076
20131128000586	00206686
20131128000643	00160843
20131128000690	00152127
20131128000712	00139153
20131128000728	00296078
20131128000751	00147082
20131128000773	00318316
20131128000786	00103042
20131128000811	00132992
20131128000870	00240857
20131128000880	00115977
20131128000895	00152127
20131128000917	00120924
20131128000935	00574611
20131128000955	00585538
20131128001019	00131197
20131128001081	00131896
20131128001105	00490151
20131129000276	00603348
20131129000363	00162063
20131129000488	00442826
20131129000726	00192499
20131129000817	00242378
20131129000901	00140946
20131129001159	00249894
20131129001380	00353762
20131129001456	00271501
20131129001575	00146232
20131129001653	00186559
20131129001713	00102432
20131129001784	00526836
20131129001827	00172185
20131129001871	00192499
20131129001910	00144243
20131129001964	00153393
20131129002013	00239639
20131202000432	00466428
20131203000247	00260657
20131210000252	00148531
20131230000251	00105040
20140228001158	00144818
20140306000551	00105299
20140422000367	00173698
20140507000553	00480367
20140513000743	00557508
20140513003368	00204226
20140514002378	00829380
20140514003996	00444329
20140515000024	00135999
20140515000130	00808068
20140515000292	00140177
20140515000326	00138792
20140515000454	00392691
20140515000571	00363246
20140515000623	00423177
20140515000660	00260879
20140515000728	00108746
20140515000748	00409964
20140515000893	00306454
20140515000910	00228712
20140515000982	00266952
20140515000999	00250137
20140515001015	00626011
20140515001140	00369170
20140515001199	00616290
20140515001261	00808022
20140515001277	00372688
20140515001297	00163673
20140515001366	00302926
20140515001406	00190321
20140515001422	00402110
20140515001442	00114552
20140515001462	00106641
20140515001485	00370200
20140515001535	00120289
20140515001561	00117212
20140515001585	00108135
20140515001629	00425351
20140516000087	00158219
20140520000010	00564562
20140526000130	00364254
20140527000260	00159254
20140527000364	00235183
20140527000458	00359580
20140528000112	00533508
20140528000168	00317681
20140528000242	00352499
20140529000014	00249894
20140529000245	00168401
20140529000280	00120924
20140529000304	00205003
20140529000351	00223434
20140529000402	00187415
20140529000446	00480048
20140529000522	00104810
20140529000583	00167031
20140529000622	00201733
20140529000678	00807397
20140529000734	00379229
20140530000025	00151128
20140530000099	00121154
20140530000137	00121288
20140530000185	00303217
20140530000196	00101220
20140530000213	00185222
20140530000269	00169048
20140530000340	00127857
20140530000385	00163716
20140530000407	00129642
20140530000423	00485177
20140530000467	00260569
20140530000530	00149947
20140530000566	00204208
20140530000681	00124197
20140530000790	00359623
20140530000826	00466428
20140530000855	00346911
20140530000891	00478900
20140530000913	00161976
20140530000954	00122551
20140530001004	00591441
20140530001028	00204262
20140530001085	00186559
20140530001150	00418379
20140530001172	00115931
20140530001195	00296078
20140530001292	00255105
20140530001306	00173449
20140530001327	00377610
20140530001348	00203315
20140530001369	00453929
20140530001433	00111193
20140530001457	00595191
20140530001557	00390860
20140530001617	00242712
20140530001726	00574611
20140530001749	00694942
20140530001815	00372226
20140530001913	00102432
20140530001957	00104786
20140530002072	00239639
20140602000697	00373571
20140806000196	00470829
20140808000324	00980122
20140811000297	00857480
20140812000116	00378220
20140813000053	00287812
20140813000158	00298340
20140813000293	00536541
20140813000503	00450931
20140814000008	00221728
20140814000030	00250137
20140814000216	00372873
20140814000281	00261285
20140814000316	00140177
20140814000342	00159698
20140814000391	00159786
20140814000475	00111458
20140814000504	00103510
20140814000589	00144650
20140814000724	00160375
20140814000756	00126371
20140814000918	00852087
20140814000942	00158219
20140814000959	00129420
20140814000980	00151395
20140814000999	00264945
20140814001037	00232007
20140814001089	00440712
20140814001115	00398808
20140814001227	00369170
20140814001244	00109693
20140814001288	00164742
20140814001303	00654272
20140814001346	00808022
20140814001415	00137997
20140814001456	00679314
20140814001577	00172945
20140814001598	00162461
20140819000025	00447487
20140821000195	00306162
20140822000254	00261656
20140825000162	00156354
20140826000125	00185222
20140826000209	00230425
20140826000400	00799177
20140827000063	00180263
20140827000159	00360674
20140827000264	00483735
20140827000311	00329093
20140828000174	00223434
20140828000208	00188973
20140828000232	00260392
20140828000410	00298270
20140828000556	00201733
20140828000624	00409788
20140828000657	00226866
20140828000693	00260958
20140828000759	00242712
20140829000057	00235183
20140829000077	00146083
20140829000096	00397191
20140829000160	00423690
20140829000200	00260930
20140829000229	00540863
20140829000274	00447609
20140829000307	00468374
20140829000353	00242934
20140829000383	00362201
20140829000402	00129642
20140829000414	00155452
20140829000452	00491938
20140829000516	00628189
20140829000641	00206659
20140829000670	00122898
20140829000703	00108940
20140829000729	00172291
20140829000774	00204642
20140829000897	00397058
20140829000982	00145163
20140829001004	00674498
20140829001023	00121686
20140829001047	00694942
20140829001090	00178790
20140829001133	00349732
20140829001177	00347716
20140829001300	00109754
20140829001321	00807397
20140829001354	00303873
20140829001379	00125974
20140829001409	00593032
20140829001454	00318662
20140829001484	00390860
20140829001509	00632304
20140829001536	00425351
20140829001578	00413046
20140829001617	00144021
20140829001760	00348292
20140829001817	00365590
20140829001878	00295857
20140829002040	00427483
20140829002088	00220109
20140829002159	00268002
20140902000018	00526696
20140905000459	00328191
20141015000154	00164706
20141111000130	00114792
20141112000327	00378628
20141113000011	00225159
20141113000203	00400060
20141113000371	00140177
20141113000498	00265041
20141113000572	00177320
20141114000019	00363246
20141114000035	00169215
20141114000091	00398808
20141114000164	00287812
20141114000292	00113410
20141114000377	00476036
20141114000490	00136226
20141114000523	00336817
20141114000550	00536286
20141114000625	00128175
20141114000658	00409964
20141114000672	00124504
20141114000692	00190321
20141114000706	00141477
20141114000727	00125743
20141114000779	00219361
20141114000839	00440712
20141114000861	00158325
20141114000899	00143651
20141114000918	00204226
20141114000942	00356839
20141114001018	00533003
20141114001051	00120030
20141114001107	00302926
20141114001127	00186452
20141114001145	00104537
20141114001176	00155692
20141114001202	00500254
20141114001313	00872984
20141114001332	00164742
20141114001361	00442455
20141114001383	00220561
20141114001397	00109693
20141114001436	00173698
20141114001516	00164724
20141114001542	00160588
20141114001580	00134723
20141114001660	00828789
20141117000014	00493510
20141117000158	00442561
20141120000261	00236863
20141121000064	00583026
20141121000150	00158015
20141124000026	00366845
20141125000037	00357360
20141126000015	00365457
20141126000060	00180263
20141126000126	00576789
20141127000056	00160375
20141127000219	00110608
20141127000290	00132354
20141127000528	00480048
20141127000604	00111218
20141127000674	00389998
20141128000206	00205003
20141128000266	00172680
20141128000422	00807397
20141128000708	00137359
20141128000800	00201733
20141128000852	00178754
20141128000944	00303794
20141128001022	00361594
20141128001047	00445160
20141128001118	00128980
20141128001260	00453929
20141128001305	00405959
20141128001350	00192499
20141128001401	00242378
20141128001427	00269889
20141128001455	00525882
20141128001493	00103006
20141128001595	00108038
20141128001618	00138701
20141128001656	00528515
20141128001680	00121941
20141128001752	00799177
20141128001798	00384717
20141128001852	00445160
20141128001889	00231691
20141128001950	00249441
20141201000079	00171265
20141201000172	00623661
20141201000195	00163716
20141201000287	00427483
20141201000334	00113234
20141201000357	00103130
20141201000409	00128661
20141201000489	00178790
20141201000517	00540863
20141201000579	00261656
20141201000610	00142661
20141201000706	00122579
20141201000785	00122205
20141201000814	00129554
20141201000866	00641393
20141201000960	00216647
20141201001002	00134176
20141203000036	00130091
20141219000022	00155452
20150212000038	00154718
20150216000481	00137207
20150227000357	00378363
20150302000419	00144818
20150302000904	00141626
20150507001495	00519252
20150511000319	00269889
20150512000066	00108649
20150513001138	00225159
20150514000863	00222435
20150514001953	00564562
20150514002166	00223434
20150514002283	00529815
20150514002503	00140061
20150514002765	00359580
20150514003624	00161781
20150514003695	00657002
20150514003815	00287788
20150514004753	00109754
20150514004915	00155452
20150514005116	00373571
20150515000220	00127936
20150515000279	00353878
20150515000296	00612188
20150515000321	00158565
20150515000388	00416654
20150515000421	00591441
20150515000449	00985686
20150515000481	00145109
20150515000531	00788737
20150515000561	00153126
20150515000576	00328191
20150515000586	00242712
20150515000604	00925295
20150515000640	00244783
20150515000669	00367604
20150515000693	00372688
20150515000728	00117230
20150515000772	00133663
20150515000792	00545929
20150515000810	00525679
20150515000825	00115065
20150515000845	00111689
20150515000871	00185222
20150515000904	00137058
20150515000919	00161860
20150515000931	00256502
20150515000964	00130684
20150515001006	00165413
20150515001047	00556907
20150515001068	00120906
20150515001084	00441650
20150515001104	00157636
20150515001135	00129989
20150515001149	00540571
20150515001159	00137207
20150515001172	00371485
20150515001200	00137809
20150515001234	00228536
20150515001248	00545716
20150515001339	00363510
20150515001351	00122481
20150515001378	00139153
20150515001416	00130587
20150515001428	00108913
20150515001440	00359395
20150515001451	00126566
20150515001474	00471068
20150515001518	00104999
20150515001533	00158015
20150515001546	00306870
20150515001559	00296078
20150515001580	00925189
20150515001592	00267854
20150515001617	00145163
20150515001631	00120289
20150515001682	00174527
20150515001698	00263654
20150515001708	00239639
20150515001720	00114154
20150515001750	00126371
20150515001784	00113492
20150515001878	00667425
20150515001902	00122579
20150515001912	00143527
20150515001961	00109781
20150515002026	00173102
20150515002035	00542898
20150515002069	00104537
20150515002091	00152437
20150515002107	00362292
20150515002125	00220109
20150515002154	00361594
20150515002215	00222532
20150515002234	00595191
20150515002281	00447502
20150515002290	00352499
20150515002311	00154329
20150515002330	00403632
20150515002386	00148276
20150515002401	00406046
20150515002502	00164645
20150515002518	00138190
20150515002533	00158501
20150515002586	00268002
20150515002654	00163691
20150515002666	00188089
20150515002676	00164478
20150515002692	00428251
20150515002704	00124090
20150515002755	00121543
20150515002782	00828789
20150515002851	00105271
20150520000311	00115612
20150529000546	00406046
20150529001036	00204226
20150529001439	00112721
20150601000921	00113261
20150807000060	00159731
20150810000094	00626464
20150811000184	00305297
20150812000005	00225159
20150812000109	00435969
20150813000013	00413523
20150813000029	00155638
20150813000074	00131896
20150813000142	00269889
20150813000268	00362238
20150813000361	00184667
20150813000428	00140177
20150813000516	00568188
20150813000565	00161046
20150813000618	00599106
20150813000663	00469799
20150813000682	00256715
20150813000700	00363246
20150813000764	00587457
20150813000818	00155531
20150813000855	00156910
20150813000880	00138057
20150813000900	00256380
20150813000953	00808022
20150813000981	00516246
20150813001013	00596260
20150813001142	00129420
20150813001184	00138297
20150813001209	00140168
20150813001270	00445054
20150813001284	00144243
20150813001306	00139834
20150813001318	00102113
20150813001335	00297448
20150813001351	00152880
20150813001363	00105271
20150813001378	00231691
20150813001439	00492353
20150813001464	00633835
20150813001581	00109286
20150814000058	00178754
20150817000014	00380429
20150817000052	00162993
20150817000179	00375931
20150817000209	00146083
20150817000267	00112165
20150817000318	00116301
20150817000358	00216027
20150817000461	00117276
20150817000488	00166272
20150817000526	00113234
20150817000559	00111810
20150817000572	00287812
20150817000603	01061497
20150817000612	00373571
20150817000662	00156150
20150817000694	00138279
20150817000722	00172945
20150817000739	00363592
20150817000793	00362201
20150817000807	00174527
20150817000819	00985686
20150817000837	00349811
20150817000863	00260879
20150817000884	00108940
20150817000933	00360595
20150817001032	00109189
20150817001050	00442826
20150817001084	00144818
20150817001098	00149026
20150817001114	00273420
20150817001128	00149655
20150817001161	00122579
20150817001172	00110583
20150817001224	00365590
20150817001269	00585538
20150817001315	00447609
20150817001389	00253985
20150817001400	00800145
20150817001434	00164830
20150817001449	00389110
20150817001465	00130587
20150817001479	00428251
20150817001511	00442455
20150817001524	00302926
20150817001540	00126478
20150817001556	00303873
20150817001574	00111218
20150817001625	00115676
20150817001723	00158501
20150818000078	00164502
20150826000345	00124197
20150828000245	00693651
20150831000198	00171867
20150831001620	00989664
20151030000510	00263654
20151103000191	00243067
20151111000066	00573269
20151111000130	00397252
20151111000255	00177320
20151111000364	00265041
20151112000003	00695969
20151112000027	00172680
20151112000251	00255044
20151113000062	00608802
20151113000205	00166272
20151113000225	00657987
20151113000243	00131896
20151113000266	00260392
20151113000280	00250997
20151113000313	00103662
20151113000332	00118266
20151113000360	00468374
20151113000398	00842585
20151113000417	00297989
20151113000460	00108241
20151113000484	00266952
20151113000502	00157399
20151113000525	00613318
20151113000543	00506294
20151113000560	00347062
20151113000589	00447928
20151113000600	00123523
20151113000613	00359395
20151113000629	00158015
20151113000638	00203847
20151113000667	00161781
20151113000687	00298270
20151113000712	00138701
20151113000740	00305570
20151113000811	00131832
20151113000834	00372882
20151113000942	00447502
20151113000956	00539274
20151113000970	00349811
20151113000986	00297448
20151113001002	00583026
20151113001019	00567222
20151113001035	00592653
20151113001112	00552859
20151113001137	00536329
20151113001158	00362292
20151113001174	00585538
20151113001220	00129615
20151116000014	00442455
20151116000026	00143527
20151116000087	00449254
20151116000127	00557508
20151116000144	00172185
20151116000205	00258360
20151116000261	00100601
20151116000343	00116949
20151116000449	00380429
20151116000591	00258689
20151116000614	00139214
20151116000626	00102113
20151116000637	00152127
20151116000675	00120906
20151116000687	00177199
20151116000732	00163716
20151116000744	00815369
20151116000817	00145464
20151116000849	00130408
20151116000870	00359261
20151116000920	00138260
20151116000951	00472890
20151116000964	00185046
20151116001025	00259590
20151116001037	00125743
20151116001051	00392691
20151116001080	00110893
20151116001091	00331016
20151116001114	00258801
20151116001138	00252135
20151116001152	00329093
20151116001194	00173874
20151116001208	00480455
20151116001230	00126371
20151116001259	01036367
20151116001301	00162993
20151116001316	00261009
20151116001382	00367604
20151116001397	00142713
20151116001433	00146649
20151116001473	00157681
20151116001489	00441304
20151116001502	00674498
20151116001522	00409788
20151116001543	00113410
20151116001586	00353878
20151116001620	00137359
20151116001722	00109693
20151116001741	00138057
20151116001757	00346911
20151116001774	01008762
20151116001800	00238782
20151116001814	00861997
20151116001832	00983040
20151116001854	00347716
20151118000043	01003040
20151123000044	00146436
20151124000030	00164502
20151127000547	00112721
20151127000841	00916516
20151130001680	00977650
20151208000136	00121941
20160215000266	00356839
20160412001979	00326731
20160427000178	00480048
20160510000757	00231442
20160511000354	00353878
20160511001850	00572905
20160512001241	00155212
20160512001648	00369213
20160512002175	00110583
20160512003085	00137207
20160512003406	00516246
20160512003563	01042650
20160513000148	00259545
20160513000339	00132211
20160513000520	00158024
20160513000599	00101549
20160513001819	00101044
20160513002149	01047451
20160513002224	01063990
20160513002590	00157991
20160513002716	00989664
20160513002802	01060744
20160513002953	00688358
20160513003160	00367604
20160513003256	00945457
20160513003344	00152783
20160513003506	00868705
20160513003758	00102113
20160513003958	00579999
20160513004197	00125725
20160513004299	00552992
20160513004396	00803425
20160513004499	00371740
20160513004686	00360674
20160513004744	00392691
20160513004828	00356389
20160513004923	00540863
20160513004968	00838962
20160513005099	00925189
20160513005297	00132637
20160513005324	00162063
20160513005358	00563545
20160513005496	00977641
20160516000370	00115065
20160516000464	00359076
20160516000533	00415594
20160516000656	00303794
20160516000747	00303396
20160516000885	00226352
20160516001057	00372873
20160516001086	00112165
20160516001150	00526696
20160516001196	00121570
20160516001224	00250997
20160516001244	00105299
20160516001322	00405959
20160516001395	00632304
20160516001421	00445160
20160516001488	00108490
20160516001503	00305297
20160516001519	00540447
20160516001578	00664853
20160516001603	00121154
20160516001653	00646732
20160516001779	00487546
20160516001796	00100601
20160516001833	00397191
20160516001851	00146083
20160516001872	00910840
20160516001887	00260958
20160516001932	00155586
20160516001945	00250137
20160516001960	00130408
20160516002031	01021949
20160516002056	00126089
20160516002089	00114154
20160516002123	00687711
20160516002166	00173102
20160516002182	00129642
20160516002203	00249894
20160516002222	00147152
20160516002327	00638487
20160516002348	00608699
20160516002366	00490151
20160516002431	00131504
20160516002469	00317681
20160516002502	00148939
20160516002539	00152260
20160516002569	00454937
20160516002612	00147860
20160516002624	00111421
20160516002655	00121288
20160516002699	00216027
20160516002716	00829380
20160516002734	00145552
20160516002773	00158501
20160516002809	00104573
20160516002830	00491938
20160516002864	00126487
20160516002903	00203315
20160516002941	00111193
20160516002966	00660033
20160516002982	00171265
20160516003003	00471068
20160516003024	00138190
20160516003087	00137252
20160516003131	00155692
20160516003144	00306162
20160516003188	00442835
20160516003204	00266961
20160516003220	00683007
20160516003238	00180263
20160516003277	00574611
20160516003301	00115676
20160516003344	00216647
20160516003388	00247975
20160516003409	00656289
20160516003434	00155124
20160516003447	00148540
20160516003470	00620868
20160516003497	00101220
20160516003577	00828789
20160516003644	00480455
20160516003675	00176914
20160516003692	00111704
20160516003723	00113526
20160519000092	00535481
20160527000248	00549891
20160530000223	00565154
20160608000083	00120571
20160707000258	00252135
20160808000251	00375931
20160810000311	00857480
20160811000125	00442154
20160811000204	00249982
20160811000493	00249247
20160812000065	00104120
20160812000160	00306454
20160812000227	00855093
20160812000271	00131197
20160812000366	00104810
20160812000382	00101628
20160812000499	00192499
20160812000552	00469799
20160812000578	00147994
20160812000719	00628860
20160812000743	00144012
20160812000834	00577380
20160812000854	00470829
20160812000887	00146436
20160812000922	00825223
20160812001001	00158963
20160812001043	00406329
20160812001066	00415707
20160812001107	00372688
20160812001134	00197759
20160812001148	00985686
20160812001168	00330424
20160812001181	00530121
20160812001208	00264255
20160812001257	00121534
20160812001282	00219361
20160812001309	00977641
20160812001361	00263654
20160812001377	00114552
20160812001440	00608802
20160816000063	00126487
20160816000085	00525679
20160816000114	00370918
20160816000170	00143314
20160816000192	00127255
20160816000210	00331016
20160816000286	00441447
20160816000298	00490179
20160816000308	00252135
20160816000325	00103592
20160816000351	00169048
20160816000412	00136226
20160816000479	00260569
20160816000498	00238199
20160816000529	00201733
20160816000621	00149770
20160816000634	00137368
20160816000650	00103662
20160816000676	00115065
20160816000716	00397289
20160816000730	01036367
20160816000759	00162063
20160816000774	00129679
20160816000862	00108135
20160816000896	00155452
20160816000929	00124151
20160816000946	00242934
20160816000984	00359395
20160816001065	00371740
20160816001125	00120289
20160816001138	00442048
20160816001179	00372226
20160816001188	00153755
20160816001229	00363246
20160816001239	00100601
20160816001261	00146083
20160816001299	00120906
20160816001312	00911955
20160816001322	00362292
20160816001337	00122898
20160816001365	00138057
20160816001383	00145446
20160816001409	00133663
20160816001449	00103042
20160816001457	00219848
20160816001479	00101220
20160816001507	00104856
20160816001563	00111810
20160816001627	00296078
20160816001670	00413523
20160816001716	00112165
20160816001747	00102432
20160816001817	00127857
20160816001830	00267906
20160816001889	00113410
20160816001922	00158501
20160816001957	00302926
20160816001979	00126478
20160816002045	00220561
20160816002063	00120030
20160816002117	00450931
20160816002159	00755739
20160816002172	00225706
20160816002198	00108913
20160816002256	00244747
20160816002305	00244747
20160826000312	01042085
20160829000307	00923826
20160829000534	00579139
20161028000353	00159616
20161109000021	00155948
20161109000248	00531014
20161110000011	00145163
20161110000051	00415594
20161111000096	00369657
20161111000135	00297989
20161111000177	00728638
20161111000187	00825959
20161111000269	00159698
20161111000298	00447502
20161111000338	00445160
20161111000381	00527491
20161111000424	00153278
20161111000447	00925295
20161111000461	00155638
20161111000469	00409964
20161111000480	00140946
20161111000544	00220109
20161111000554	00160843
20161111000573	00614593
20161111000588	00203847
20161111000634	00985686
20161111000682	00552859
20161111000703	01032404
20161111000781	00116268
20161111000807	00118026
20161114000069	00287812
20161114000084	00135999
20161114000176	00617314
20161114000209	00218575
20161114000266	00317104
20161114000299	00148993
20161114000345	00360674
20161114000360	00243979
20161114000423	00131197
20161114000491	00201131
20161114000514	00441650
20161114000533	00199988
20161114000564	00389998
20161114000627	00188797
20161114000637	00516246
20161114000650	00121570
20161114000675	00158565
20161114000702	00264547
20161114000739	00111689
20161114000783	00101628
20161114000863	00264255
20161114000893	00267854
20161114000925	00303794
20161114000935	00115065
20161114000946	00373571
20161114000956	00130408
20161114000969	00910840
20161114000980	00140177
20161114000991	00414850
20161114001021	00122898
20161114001068	00156859
20161114001088	00390860
20161114001097	00159616
20161114001135	00130587
20161114001155	00156354
20161114001217	00107066
20161114001241	00109310
20161114001263	00305570
20161114001274	00384762
20161114001306	00113234
20161114001361	00106313
20161114001378	00366845
20161114001435	00141556
20161114001472	00626011
20161114001480	00111218
20161114001492	00599957
20161114001539	01025644
20161114001550	00442455
20161114001644	00359261
20161114001664	00141246
20161114001717	00139153
20161114001771	00126089
20161114001788	00490151
20161114001817	00167208
20161114001838	00791209
20161114001860	00132992
20161114001881	00147222
20161114001948	00153126
20161114001962	00162461
20161114001977	00113261
20161114002005	01046708
20161114002026	00260930
20161114002101	00404288
20161114002113	00574611
20161114002132	00258102
20161114002145	00113191
20161114002181	00808022
20161114002222	00115694
20161114002238	00145552
20161114002277	00476498
20161114002294	00155124
20161114002318	00296078
20161114002379	00134723
20161114002398	00815095
20161114002419	00656289
20161114002465	00296290
20161114002483	00176914
20161114002572	00195229
20161114002609	00585538
20161116000178	00795135
20161121000006	00409681
20161125000085	00579139
20161129000234	00323868
20161129000448	00620558
20170214000557	00103644
20170214000749	00139685
20170418000200	00203023
20170502001773	00556907
20170510000914	00177320
20170511001445	00631837
20170511003969	00838962
20170512000530	00156910
20170512001885	00139889
20170512002445	00177199
20170512003511	00297989
20170512004316	00527491
20170512004892	00265041
20170512005253	00540447
20170512005977	00263654
20170512006022	00132637
20170512006265	00122551
20170512006302	00536329
20170512006779	00838005
20170515000408	00204226
20170515000445	00144243
20170515000540	00306870
20170515000631	00128412
20170515000718	01071944
20170515000764	00155638
20170515000860	00778235
20170515001150	00161125
20170515001203	00447928
20170515001236	00131504
20170515001331	01047415
20170515001470	00317104
20170515001498	00185222
20170515001551	00242934
20170515001746	00450931
20170515001807	00161709
20170515001819	00137289
20170515001853	01047451
20170515001949	00693554
20170515002082	00172680
20170515002126	00133812
20170515002195	00480455
20170515002230	00688358
20170515002253	00127255
20170515002362	00147994
20170515002412	00478900
20170515002569	00308559
20170515002609	00153339
20170515002646	00910840
20170515002664	00178790
20170515002702	00150536
20170515002806	00260569
20170515002935	00918222
20170515002999	00877059
20170515003036	00415628
20170515003134	00185046
20170515003153	00160302
20170515003169	00175173
20170515003228	00216647
20170515003241	00307222
20170515003262	00273110
20170515003281	00379229
20170515003301	00120030
20170515003322	00115287
20170515003343	00925295
20170515003389	00759294
20170515003443	00367482
20170515003467	00385336
20170515003486	00350312
20170515003511	00490151
20170515003545	00127954
20170515003606	00112378
20170515003630	00155276
20170515003734	00108649
20170515003853	00766106
20170515003880	00102618
20170515003895	00541437
20170515003935	01060744
20170515003967	00351579
20170515003985	00426068
20170515004021	01110076
20170515004063	00173698
20170515004099	00104786
20170515004137	01008762
20170515004159	00364403
20170515004207	00500254
20170515004248	00114792
20170515004267	00574611
20170515004303	00159254
20170515004315	00238782
20170515004339	00126566
20170515004385	00239639
20170515004400	00336817
20170515004441	00203315
20170515004503	00138297
20170515004547	00126478
20170515004560	00258102
20170515004597	00476498
20170515004671	00210740
20170515004695	00405959
20170515004755	00591441
20170515004807	00247975
20170515004848	00260657
20170515004866	00872984
20170515004898	00164478
20170523000017	00190756
20170526000078	00535481
20170530000335	00369170
20170801000369	00120562
20170810000289	00255433
20170811000056	00380429
20170811000105	00188797
20170811000140	00185222
20170811000237	00596677
20170811000408	00329093
20170811000450	00377018
20170811000572	00442154
20170811000706	01110076
20170811000813	00158501
20170811000964	00263654
20170811001034	00330044
20170811001093	00140946
20170811001127	00141671
20170811001208	00945457
20170811001224	00957735
20170814000395	01047415
20170814000418	00238001
20170814000437	00173449
20170814000532	00147994
20170814000592	00163716
20170814000637	00101628
20170814001024	00303794
20170814001071	00796994
20170814001123	00808068
20170814001272	00415868
20170814001395	00120182
20170814001475	00166272
20170814001509	00415628
20170814001538	00264945
20170814001571	00596260
20170814001627	00103176
20170814001675	00113359
20170814001687	00206039
20170814001700	00599595
20170814001724	00103662
20170814001741	00118008
20170814001909	00145880
20170814002013	00164788
20170814002060	00234227
20170814002137	00110750
20170814002208	00925295
20170814002252	00143651
20170814002263	00163673
20170814002315	00162072
20170814002328	00143527
20170829000373	00107987
20170829000446	00554352
20170908000436	00266961
20171108000087	00329093
20171109000024	00454937
20171110000546	00552859
20171113000209	00961507
20171113000248	00231664
20171113000357	00287788
20171113000524	00102140
20171113000544	00557508
20171114000102	00599106
20171114000127	00380429
20171114000164	00210980
20171114000309	00297989
20171114000324	00888347
20171114000441	00407285
20171114000453	00788737
20171114000477	00173698
20171114000509	00161709
20171114000541	00494218
20171114000665	00480455
20171114000703	00178790
20171114000893	00163716
20171114000904	00426068
20171114000937	00303794
20171114000949	00148896
20171114001078	00447928
20171114001101	01032404
20171114001307	00149026
20171114001377	00628860
20171114001405	00186559
20171114001487	00111458
20171114001529	00161781
20171114001570	00126371
20171114001585	00137997
20171114001598	00130587
20171114001760	00125974
20171114001792	00442835
20171114001807	00957735
20171114001816	00148939
20171114001861	00389998
20171114001870	00176914
20171114001942	00255105
20171114001960	00265421
20171114002004	00256715
20171114002029	00125725
20171114002061	00113359
20171114002080	00755739
20171114002247	00158565
20171114002290	00139153
20171114002404	00164788
20171114002450	00125743
20171114002470	00258102
20171114002480	01108099
20171114002491	00138792
20171114002508	00163673
20171114002538	00136378
20171114002559	00974927
20171114002605	00105606
20171114002700	00608316
20171114002717	00109693
20171114002754	00791209
20171114002782	00165680
20171114002822	00475985
20171117000381	01075126
20171117000508	00838005
20171128000193	01010110
20171129000115	00398808
20180504000998	00137368
20180509001170	00113261
20180511005168	00411048
20180514001157	01031502
20180514002974	00164502
20180514004335	00308896
20180514004590	00188797
20180514005082	00136776
20180514005182	00306162
20180514005298	00755739
20180515000050	00365457
20180515000202	00405278
20180515000352	00407771
20180515000395	00115065
20180515000472	00535481
20180515000481	00838962
20180515000495	00238153
20180515000506	00373571
20180515000593	00121154
20180515000626	00130879
20180515000648	00163716
20180515000738	00117300
20180515000834	00317104
20180515000868	00160418
20180515000905	00219848
20180515000921	00540641
20180515000949	01010110
20180515001008	00159740
20180515001043	01096341
20180515001070	00116268
20180515001079	01011438
20180515001135	00146560
20180515001159	00526678
20180515001205	00128111
20180515001219	00808068
20180515001258	00246417
20180515001300	00140946
20180515001309	00264255
20180515001366	00105280
20180515001389	00412597
20180515001439	00173874
20180515001522	01169267
20180515001584	00977641
20180515001679	00127255
20180515001690	00112721
20180515001715	00370255
20180515001757	00165680
20180515001789	00141246
20180515001819	00608802
20180515001869	00793155
20180515001933	00124197
20180515001953	00121941
20180515002012	00141477
20180515002099	00530413
20180515002112	00154329
20180515002145	00631518
20180515002198	00113535
20180515002234	00309503
20180515002306	00115676
20180515002385	01067516
20180515002433	00300405
20180515002470	00109754
20180516000009	00670340
20180518000228	00111810
20180523000412	00111704
20180530000482	01185566
20180530000615	00243979
20180810000169	00225159
20180810000432	00551920
20180813000486	00432102
20180813000655	01078178
20180814000071	00185222
20180814000376	00985686
20180814000486	00657002
20180814000690	00377018
20180814000739	00656951
20180814000759	00155948
20180814000815	00450931
20180814000901	00159254
20180814000918	00298270
20180814000931	00568188
20180814000948	00108649
20180814000963	00353610
20180814000995	00356370
20180814001082	00131850
20180814001126	00360595
20180814001138	00491938
20180814001173	00105855
20180814001224	00172680
20180814001277	00156150
20180814001288	00172185
20180814001324	00166519
20180814001334	00409788
20180814001408	00305668
20180814001422	00364467
20180814001434	00101664
20180814001470	00472890
20180814001520	00162416
20180814001536	00486370
20180814001587	00231664
20180814001597	00631518
20180814001623	00814786
20180814001670	00176914
20180814001683	01082348
20180814001695	00147222
20180814001726	00379229
20180814001736	00131018
20180814001748	00115612
20180814001788	00118804
20180814001812	00123772
20180814001835	00815767
20180814001913	00128175
20180814001938	00109189
20180814001952	01035678
20180814002037	00113191
20180814002046	00144252
20180814002056	00126955
20180814002071	00159740
20180814002095	00131780
20180814002125	00164478
20180814002162	00348034
20180814002176	00126414
20180814002234	00310156
20180814002387	00120076
20180814002406	00807555
20180814002432	00398808
20180814002443	00147152
20180814002456	00140964
20180814002471	00138792
20180814002497	00500254
20180814002551	00105961
20180814002563	00231363
20180814002614	00261957
20180814002623	00162461
20180814002635	00957735
20180814002679	00442455
20180814002704	00126566
20180814002760	00150828
20180814002788	00120021
20180814002799	00173944
20180814002811	00481454
20180814002838	00120526
20180814002850	00442826
20180814002897	00171265
20180814002933	00937324
20180814002971	00115676
20180814002992	00787057
20180814003024	00364254
20180814003055	00475985
20180820000184	00626464
20180829000073	01070149
20180829000286	00148443
20180911000187	00155319
20181105000141	00303703
20181106000029	00454937
20181109000289	00407285
20181109000444	00168331
20181112000117	00471068
20181112000285	00657002
20181113000105	00167004
20181113000133	00167031
20181113000330	00811372
20181113000405	00308559
20181113000442	00877059
20181113000506	00346911
20181113000575	00101044
20181113000602	00415594
20181114000012	00132628
20181114000024	00899459
20181114000059	00915508
20181114000072	00438036
20181114000094	00305297
20181114000113	00529815
20181114000140	00336297
20181114000211	00445054
20181114000251	00614593
20181114000342	00209780
20181114000377	00210740
20181114000445	00380429
20181114000485	00148920
20181114000588	00117230
20181114000606	00490179
20181114000825	00124780
20181114000840	00163716
20181114000871	00132992
20181114000897	00140168
20181114000935	00150439
20181114000982	00616962
20181114000995	00158307
20181114001014	00105156
20181114001151	00540641
20181114001171	00151128
20181114001182	00175173
20181114001200	00583026
20181114001304	00111218
20181114001315	00158501
20181114001337	00536541
20181114001366	00172680
20181114001379	00480455
20181114001394	00487546
20181114001426	01003040
20181114001478	00526599
20181114001505	00404701
20181114001518	00161709
20181114001541	00125521
20181114001608	00104768
20181114001689	00491938
20181114001709	00180263
20181114001734	00258421
20181114001760	00258102
20181114001788	00126292
20181114001817	00132211
20181114001828	00442570
20181114001851	00149947
20181114001915	00164788
20181114001938	00242378
20181114001947	00126362
20181114001959	00372873
20181114001971	00629212
20181114002033	00103662
20181114002116	00222532
20181114002151	00469799
20181114002163	00974927
20181114002172	00124090
20181114002234	00164742
20181114002246	00317487
20181114002270	00126414
20181114002282	00428321
20181114002303	00608802
20181114002315	00194947
20181114002359	00120021
20181114002374	00249894
20181114002446	00188797
20181114002458	00120526
20181114002488	00127042
20181114002501	00122825
20181114002526	00139889
20181114002564	00453488
20181114002579	00261957
20181114002704	00181712
20181114002753	00173874
20181114002807	00102353
20181114002836	00243757
20181114002851	00450931
20181114002897	00309503
20181114002917	00155124
20181115000135	01031229
20181128000508	00480367
20181129000798	01020524
20190509000105	00103547
20190510000310	00297989
20190514000027	00599595
20190514000505	00407285
20190514000580	00527491
20190514000933	00631837
20190514000977	00415594
20190514001141	01051092
20190515000027	00623661
20190515000073	00199988
20190515000116	00146436
20190515000411	00117276
20190515000425	00164502
20190515000458	00177870
20190515000471	00239514
20190515000520	00121570
20190515000536	00592653
20190515000626	00158565
20190515000663	00108490
20190515000791	00145109
20190515001008	00201131
20190515001082	00103510
20190515001105	00646732
20190515001164	00230425
20190515001267	00264732
20190515001352	00624998
20190515001370	00266952
20190515001404	00365590
20190515001459	00109037
20190515001669	00120571
20190515001692	00377018
20190515001734	00140131
20190515001778	00445160
20190515001823	00137234
20190515001834	00126788
20190515001966	00113535
20190515001993	00124090
20190515002067	00127954
20190515002081	00259590
20190515002095	00188089
20190515002110	00249502
20190515002190	00109718
20190515002255	00390408
20190515002313	00608699
20190515002352	00113261
20190515002373	00492353
20190515002385	01047415
20190515002528	00174527
20190515002579	00453488
20190515002620	00162993
20190515002637	00126478
20190520000269	00115676
20190530000030	01214248
20190717000531	00549891
20190812000340	00144395
20190813000132	00389110
20190813000491	00124805
20190813000653	00623184
20190814000066	00160843
20190814000152	01065013
20190814000184	00204642
20190814000246	00248974
20190814000270	00166528
20190814000287	00624509
20190814000335	00305297
20190814000447	00104388
20190814000493	00228712
20190814000612	00506294
20190814000627	00201733
20190814000899	00133876
20190814000932	00611736
20190814000969	00167208
20190814000980	00842585
20190814001074	00361008
20190814001113	01128613
20190814001149	00129989
20190814001174	00359395
20190814001263	00162416
20190814001353	00442145
20190814001420	00158112
20190814001443	00138057
20190814001456	00526599
20190814001464	00828789
20190814001484	00350020
20190814001582	00264732
20190814001644	00130879
20190814001676	00310156
20190814001691	00445841
20190814001701	00159616
20190814001795	00137997
20190814001810	00122579
20190814001834	00117188
20190814001869	00113535
20190814001910	00140131
20190814001947	00410915
20190814001956	01267684
20190814002049	00231664
20190814002091	00106623
20190814002136	00861997
20190814002155	00296078
20190814002224	00136776
20190814002253	00104856
20190814002318	00872984
20190814002455	00491938
20190814002578	00117601
20190814002660	00296290
20190814002729	00120571
20190814002787	00173032
20190814002853	00145552
20190814002863	00258360
20190814002880	01205709
20190814002891	00295857
20190814002945	00983040
20190814002971	00125488
20190814002983	00479705
20190819000207	01267170
20190823000092	00892526
20190823000352	00761059
20190829000702	00995993
20191024000043	01182408
20191111000030	00250614
20191112000227	00260408
20191113000007	00492353
20191113000115	00392691
20191113000339	00527491
20191113000493	00101044
20191113000521	00356839
20191113000559	00232007
20191113000602	00583026
20191113000621	00297989
20191114000116	01061497
20191114000244	00259545
20191114000259	00110583
20191114000284	00623661
20191114000335	00380429
20191114000359	00587457
20191114000465	00329093
20191114000477	00186559
20191114000558	00201733
20191114000570	00260745
20191114000616	00310156
20191114000625	00166272
20191114000665	00172228
20191114000776	00135999
20191114000841	01137903
20191114000915	00592653
20191114000995	00842585
20191114001018	00145260
20191114001088	00103130
20191114001102	00441447
20191114001148	00209780
20191114001179	00105855
20191114001223	00131054
20191114001295	00137997
20191114001364	00164830
20191114001432	00104573
20191114001526	00923826
20191114001549	00143226
20191114001566	00188089
20191114001606	00153621
20191114001676	00180795
20191114001755	01179608
20191114001780	00816544
20191114001794	00125576
20191114001814	00402110
20191114001857	00495086
20191114001870	00608699
20191114001927	00618410
20191114001996	00349811
20191114002037	00120924
20191114002075	00469799
20191114002207	00153339
20191114002334	00925295
20191114002439	00661847
20191114002466	00357935
20191114002499	00535746
20191114002513	00162993
20191114002561	00295857
20191114002643	00126478
20191114002723	00113191
20191114002750	00453488
20191115000368	01205709
20191129001328	00367695
20200214000596	00304915
20200330003437	00760971
20200421000484	00392691
20200507000591	00111111
20200512000847	00620868
20200514000214	00385415
20200514000750	01187148
20200514000835	00258421
20200514000923	00959229
20200515000243	00139083
20200515000323	00121570
20200515000338	00983934
20200515000399	00599285
20200515000429	00362292
20200515000516	00406329
20200515000534	00172228
20200515000560	00549891
20200515000581	00545114
20200515000705	00309503
20200515000715	01010642
20200515000760	00132992
20200515000866	00113225
20200515001025	00140168
20200515001130	00545929
20200515001170	00820352
20200515001181	00178790
20200515001237	00917861
20200515001269	00246620
20200515001329	00359395
20200515001397	00288495
20200515001433	00964595
20200515001473	00206686
20200515001511	00413417
20200515001579	00124090
20200515001641	00195229
20200515001701	00526599
20200515001761	00159698
20200515001770	00249502
20200515001867	00172680
20200515001895	00140964
20200515001940	01110076
20200515001981	00475976
20200515002023	00110884
20200515002037	01262032
20200515002067	00385336
20200515002090	00146083
20200515002116	00896753
20200515002178	00633835
20200515002222	00128175
20200515002234	00595191
20200515002247	00469799
20200515002272	00106623
20200515002360	00694942
20200515002386	00660121
20200515002402	00143651
20200515002418	00120906
20200515002436	01047707
20200515002680	00186939
20200515002710	00365387
20200515002814	00121941
20200522000446	01158553
20200601000747	00684802
20200615000334	00137234
20200720000227	01236532
20200810000241	01187148
20200813000252	00348292
20200813000558	00385336
20200813000687	00857727
20200814000082	01416642
20200814000135	01109715
20200814000161	01078178
20200814000311	00126414
20200814000324	00974927
20200814000349	00243067
20200814000376	00256502
20200814000453	00139764
20200814000525	00995993
20200814000557	00145914
20200814000583	00165413
20200814000638	00983934
20200814000689	00104573
20200814000715	00250997
20200814000788	00426068
20200814000957	01316245
20200814001151	00131780
20200814001164	00309503
20200814001185	00177816
20200814001216	00155638
20200814001251	00491938
20200814001268	00113997
20200814001352	00276083
20200814001394	00131054
20200814001404	00112059
20200814001468	00123772
20200814001709	00111704
20200814001805	00265324
20200814001817	00163716
20200814001864	00759294
20200814002023	00440712
20200814002098	00173449
20200814002170	00145446
20200814002183	00112332
20200814002204	00445160
20200814002472	01258428
20200814002565	00602279
20200814002604	00210980
20200814002613	00348034
20200814002633	00660121
20200814002647	00587466
20200814002687	00447760
20200814002702	00406037
20200814002806	01062867
20200814002842	00267854
20200814002867	00808068
20200825000064	01146220
20200827000409	00490090
20200828000668	00450010
20200901000075	01275665
20201008000697	00297448
20201105000172	00370255
20201110000071	00129615
20201111000003	00340096
20201112000016	00158024
20201112000101	00155692
20201112000121	00410915
20201113000502	00573269
20201113000558	00101628
20201113000618	00356839
20201113000655	01003040
20201113000721	00113243
20201113000732	00490151
20201113000779	00104786
20201113000791	00159616
20201113000807	00489243
20201113000825	01128613
20201113000888	00249894
20201113000960	00256043
20201113001030	00206686
20201113001050	01199550
20201113001096	00550994
20201113001160	00660121
20201113001225	00125725
20201116000008	00405278
20201116000123	00533924
20201116000165	01344336
20201116000292	00173795
20201116000303	01335930
20201116000332	01243161
20201116000550	00259590
20201116000577	00296263
20201116000666	01031229
20201116000723	00150536
20201116000791	00178754
20201116000818	00454937
20201116000886	00187415
20201116000981	00260930
20201116001020	00432102
20201116001034	00296005
20201116001067	00164830
20201116001084	00117601
20201116001122	00261009
20201116001192	00367604
20201116001224	00192499
20201116001293	00104573
20201116001336	00126371
20201116001349	00125646
20201116001407	00112059
20201116001430	00390408
20201116001466	00139153
20201116001479	00244783
20201116001604	00112332
20201116001615	00173591
20201116001641	00359395
20201116001666	00265005
20201116001681	00188089
20201116001696	00674498
20201116001709	00350020
20201116001719	00209780
20201116001759	00145880
20201116001776	00112165
20201116001832	00923826
20201116001881	00525642
20201116001918	00103176
20201116001942	00105101
20201116002011	01025644
20201116002019	00266952
20201116002058	00149646
20201116002070	00983040
20201116002117	00171265
20201116002157	00152880
20201117000182	00814786
20201125001003	00633835
20201130000502	01275665
20201231000284	00813389
20210210000442	00136101
20210210001217	00148993
20210210001241	00148993
20210317000363	00105271
20210416000216	00479705
20210429000798	00140177
20210513000442	00122737
20210513000485	00158219
20210513000534	00506294
20210514000016	01311055
20210514000036	01146220
20210514000100	01101254
20210514000140	00616962
20210514000339	00155692
20210514000396	00611736
20210514000806	00863038
20210514000862	00348292
20210514000877	00158024
20210514000923	00330044
20210514000998	00104537
20210514001019	00103130
20210514001053	01078178
20210514001097	00108977
20210514001149	00116268
20210514001196	00608802
20210514001248	00144164
20210514001278	01267170
20210514001294	00148364
20210514001308	00121534
20210514001318	00619640
20210514001538	00643656
20210517000069	00139685
20210517000216	01368637
20210517000241	00138279
20210517000272	00129642
20210517000374	00361169
20210517000385	00158565
20210517000463	00360674
20210517000650	00198192
20210517000677	00141307
20210517000737	00243067
20210517000785	01168383
20210517000821	00663669
20210517000878	01008762
20210517001055	00149026
20210517001160	00204208
20210517001170	00297448
20210517001200	00259934
20210517001212	00102618
20210517001424	00356839
20210517001543	00192499
20210517001587	00153339
20210517001633	00428321
20210517001659	00923826
20210517001832	00168331
20210517001873	00161693
20210517001891	00296078
20210517001934	00874803
20210517002043	00146542
20210517002077	00403632
20210517002110	00945457
20210517002130	00120562
20210518000324	00148896
20210521000239	00348292
20210527000257	01153105
20210528000741	01318261
20210531000408	01275665
20210531002357	00171265
20210601000398	00186559
20210811000435	00479705
20210812000147	00114552
20210812000377	01487446
20210813000149	01101254
20210813000206	00101628
20210813000235	00876643
20210813000467	00121154
20210813000523	00463342
20210813000552	00870861
20210813000655	00130879
20210813000713	00104786
20210813000781	00490151
20210813000808	01047840
20210813000848	00414850
20210813000891	00154329
20210813000955	00198697
20210813001094	01051065
20210813001258	01061327
20210813001321	00109754
20210813001426	00173795
20210817000084	00623661
20210817000139	00220622
20210817000160	01258710
20210817000199	00246417
20210817000371	00116301
20210817000441	01344336
20210817000471	01038693
20210817000487	01428203
20210817000541	00612188
20210817000563	00140964
20210817000704	00105299
20210817000905	00651017
20210817000931	00186452
20210817000948	01047415
20210817001000	00527491
20210817001096	00146427
20210817001129	00118008
20210817001143	00796994
20210817001156	00364306
20210817001229	00145190
20210817001326	00356839
20210817001363	00456218
20210817001384	00163716
20210817001428	00239639
20210817001437	00305668
20210817001449	00163716
20210817001483	00264671
20210817001551	00127954
20210817001568	00115694
20210817001601	00442145
20210817001617	00110583
20210817001640	00255619
20210817002109	00533191
20210818000286	00150165
20210819000230	01062867
20210827000587	01051472
20210827000731	01412822
20210831001743	00105952
20211015000345	00164706
20211101000064	00694942
20211104000214	00370255
20211110000134	00920379
20211110000479	00186452
20211111000185	00207375
20211111000328	00188973
20211112000033	00115931
20211112000104	00156910
20211112000320	00156859
20211112000358	00130772
20211112000523	00494476
20211112000541	00331016
20211112000581	00405278
20211112000660	00110884
20211112000698	00599106
20211112000784	00366942
20211112000806	00103547
20211112000909	00264945
20211112000947	00608802
20211112000983	01251489
20211112001049	01031502
20211112001071	01189438
20211112001093	00619640
20211112001183	00365387
20211115000001	00109693
20211115000048	01062867
20211115000088	01258710
20211115000230	00261373
20211115000257	00115287
20211115000285	00130763
20211115000298	01136001
20211115000347	01101254
20211115000365	00162586
20211115000452	00141626
20211115000507	00242712
20211115000546	00117027
20211115000609	00148595
20211115000687	00118008
20211115000698	01146220
20211115000725	00854997
20211115000749	01409022
20211115000827	00131504
20211115000852	00377018
20211115000868	00158316
20211115000922	00210980
20211115000993	00259934
20211115001053	00364306
20211115001104	00256715
20211115001113	01003040
20211115001143	00359623
20211115001168	00246620
20211115001226	00239639
20211115001237	00302582
20211115001266	00158307
20211115001280	01091054
20211115001441	00787057
20211115001460	00296005
20211115001483	00148610
20211115001495	01267170
20211115001548	00307222
20211115001575	00409788
20211115001598	00146083
20211115001682	00991298
20211115001720	00813389
20211115001756	00127954
20211115001769	00297448
20211115001849	00688358
20211115001860	00396925
20211115001890	00219097
20211115001918	00267942
20211115001933	00112332
20211115002062	00573579
20211115002111	00154329
20211115002152	00111810
20211115002196	00159795
20211115002215	00356839
20211115002243	00119672
20211115002256	00923826
20211115002278	00173449
20211115002291	00620868
20211115002338	00367695
20211115002382	00118266
20211115002419	01453670
20211115002439	01021949
20211115002465	00403632
20211115002499	00545716
20211119000120	01326224
20211125000497	00791209
20211129000818	01084364
20211207000324	00155212
20220214000604	00168401
20220414002026	00164706
20220509000741	00602279
20220512000203	00256380
20220512000289	00150165
20220512000476	00260392
20220512000873	00995993
20220513000101	01136348
20220513000541	01071944
20220513000563	00116408
20220513000594	00330044
20220513001071	00526599
20220513001272	00264945
20220513001341	00242712
20220513001380	01013311
20220513001409	00104786
20220513001448	01258507
20220513001494	00125150
20220516000127	00552992
20220516000181	00117027
20220516000323	00170026
20220516000487	00173698
20220516000550	00815095
20220516000612	00536286
20220516000629	00493510
20220516000684	01157235
20220516000874	00450931
20220516000890	00109037
20220516000958	01084364
20220516000994	00132211
20220516001005	01095704
20220516001023	00348292
20220516001132	00261957
20220516001144	00513948
20220516001168	00456218
20220516001250	00377018
20220516001357	00645089
20220516001386	00125576
20220516001465	00125725
20220516001508	00219361
20220516001517	01105621
20220516001531	00530413
20220516001604	00302582
20220516001619	00426068
20220516001647	00896753
20220516001723	00260383
20220516001765	00527464
20220516001857	01267170
20220516001869	00153755
20220516001931	00540429
20220516001941	00205003
20220516002012	01032404
20220516002118	00186452
20220516002230	00318662
20220516002241	00132354
20220516002280	00246620
20220516002338	00249502
20220516002391	00536888
20220516002478	01217014
20220516002538	00164636
20220516002691	00568188
20220810000307	00990819
20220812000055	00200275
20220812000234	00409681
20220812000267	00150536
20220812000307	00260392
20220812000450	01454341
20220812000513	01397620
20220812000567	00611736
20220812000636	01058101
20220812000696	00117300
20220812000779	00130383
20220812000829	00148610
20220812000846	01042429
20220812000919	00809429
20220812001257	00138792
20220812001330	00904672
20220816000119	00330044
20220816000198	00128980
20220816000213	00642897
20220816000223	00250997
20220816000295	00128227
20220816000305	00139083
20220816000329	01108442
20220816000426	00526696
20220816000554	00117230
20220816000643	00527464
20220816000655	00143262
20220816000776	00105271
20220816000899	00118008
20220816000907	00138701
20220816000929	00536329
20220816001027	00166272
20220816001082	00116949
20220816001106	00260930
20220816001138	00236863
20220816001160	00117601
20220816001170	00144252
20220816001218	01042711
20220816001324	00119140
20220816001382	00136165
20220816001423	00249247
20220816001492	00125488
20220816001507	00369833
20220816001545	00113261
20220816001613	01116502
20220816001650	00828789
20220816001663	00148522
20220816001725	00122205
20220816001762	00267942
20220816001775	00359261
20220816002106	01497869
20220816002125	00186559
20220816002173	00231664
20220816002190	00109693
20220816002199	00350020
20220816002211	00174527
20220816002256	00120021
20220816002321	01234507
20220816002350	00120562
20220816002581	00628189
20220816002615	00112332
20220819000116	00573269
20220823000294	00983040
20220826000592	00693651
20220831001567	01534577
20221027000441	00189538
20221111000503	00366845
20221111000531	00611736
20221111000550	00159786
20221111000627	00985686
20221111000668	00163318
20221111000701	01187148
20221111000803	00131018
20221111000816	00991298
20221111000843	00297448
20221111000986	00384717
20221114000011	00112165
20221114000089	01454341
20221114000270	01368637
20221114000283	01110182
20221114000309	00101628
20221114000320	00287812
20221114000362	00104120
20221114000372	00483735
20221114000471	00815095
20221114000724	00260657
20221114000754	00361169
20221114000764	00353878
20221114000927	00556907
20221114000956	00568188
20221114000983	00175173
20221114001025	00596260
20221114001053	01089378
20221114001080	00121570
20221114001169	01046391
20221114001210	00373447
20221114001261	00493510
20221114001393	00390860
20221114001434	00317487
20221114001489	00631518
20221114001509	00366942
20221114001519	00521390
20221114001562	00363510
20221114001587	00155948
20221114001597	00234412
20221114001614	00200910
20221114001739	00126292
20221114001751	00583026
20221114001777	00267942
20221114001805	00296005
20221114001831	00186939
20221114001858	00117337
20221114001923	01074862
20221114001939	00867098
20221114002042	00125150
20221114002072	00112332
20221114002095	00144243
20221114002124	00219097
20221114002137	00963976
20221114002161	00159616
20221114002199	00346911
20221114002223	00350020
20221114002234	00266961
20221114002252	00542898
20221114002280	01204056
20221114002306	00540429
20221114002568	00131832
20221114002715	00442826
20221114002810	01101254
20221115000249	00138190
20221116000034	01506848
20221129001148	00975290
20221206000149	00104573
20221215000248	00160047
20230118000053	00147772
20230207000153	01136348
20230508000323	00533924
20230510000172	00479705
20230510000263	00369213
20230512000035	01456011
20230512000750	00102140
20230512000779	01187148
20230512000830	01089378
20230512000886	00534598
20230512001286	00297989
20230512001358	00364254
20230515000106	00415327
20230515000286	00641171
20230515000327	00143314
20230515000413	01513440
20230515000475	01014055
20230515000705	00153621
20230515000847	01368637
20230515000896	00158501
20230515001004	00389970
20230515001085	01175499
20230515001210	00104810
20230515001242	00260958
20230515001398	01251577
20230515001414	00540447
20230515001602	00152385
20230515001631	00539274
20230515001641	00632845
20230515001709	00268251
20230515001739	00161693
20230515001750	00246620
20230515001759	00611736
20230515001774	00410915
20230515001782	00144720
20230515001890	00923792
20230515002001	00102618
20230515002036	00148939
20230515002047	00670340
20230515002123	00242934
20230515002151	00366942
20230515002189	00641393
20230515002432	00983040
20230515002530	00687711
20230515002614	00373447
20230515002640	00959229
20230515002690	00145880
20230515002703	00595191
20230515002715	00554352
20230515002730	00359395
20230515002771	00219486
20230515002785	00258360
20230811000403	00220622
20230811000909	00641171
20230811001116	00132637
20230811001217	00125530
20230811001435	00148443
20230811001486	00985686
20230811001541	01064069
20230811001560	00150165
20230811001580	01026157
20230811001666	01095722
20230811001693	00121941
20230811002045	00226316
20230811002126	01497869
20230811002201	00260930
20230811002235	00813389
20230811002255	01075126
20230811002310	00129509
20230811002340	00671376
20230811002399	00296290
20230811002512	00351579
20230811002533	00400857
20230811002546	00861997
20230811002623	00925587
20230814000527	01368637
20230814000563	00816544
20230814000786	00113234
20230814001112	00145880
20230814001143	00121288
20230814001184	00117498
20230814001201	00990165
20230814001312	00108490
20230814001364	00107224
20230814001524	00175623
20230814001547	01042650
20230814001558	00243979
20230814001579	00540447
20230814001598	00267942
20230814001632	01405451
20230814001700	00362858
20230814001722	00103130
20230814001737	00153755
20230814001770	00994994
20230814002146	00412597
20230814002195	00609324
20230814002251	00583026
20230814002298	00162993
20230814002375	00180263
20230814002390	00109806
20230814002444	00165680
20230814002469	00486370
20230814002550	00126371
20230814002583	00227333
20230814002628	00147860
20230814002845	01089378
20230814003023	00143314
20230814003046	00492894
20230814003091	00797364
20230814003107	00164724
20230814003132	00453929
20230814003152	00161781
20230814003183	00107677
20230828000242	00531078
20230829000072	01208849
20230926000624	00113191
20231103000174	01559637
20231106000296	01159233
20231108000231	00874803
20231109000309	00150165
20231110000086	00165343
20231110000410	00347716
20231110000507	00301246
20231113000077	00406329
20231113000124	00132637
20231113000346	00131197
20231113000372	00989664
20231113000508	01146220
20231113000618	00527002
20231113000699	00405278
20231114000037	00128980
20231114000063	01101254
20231114000076	00143527
20231114000188	00107677
20231114000256	00106669
20231114000320	00250997
20231114000332	00127936
20231114000448	00965318
20231114000548	01136001
20231114000576	00188973
20231114000603	00138242
20231114000693	00112721
20231114000738	00533191
20231114000757	00508344
20231114000799	01593668
20231114000867	00226316
20231114000896	01343665
20231114000949	00228059
20231114001030	00397289
20231114001079	00353878
20231114001101	00109806
20231114001121	00364254
20231114001131	00612188
20231114001236	00153126
20231114001323	00125725
20231114001344	00206686
20231114001385	00151368
20231114001413	00131780
20231114001434	00105280
20231114001459	00791209
20231114001513	00869272
20231114001533	01010110
20231114001572	01043853
20231114001599	00563545
20231114001669	00118275
20231114001680	00113526
20231114001734	01622331
20231114001786	00664853
20231114001833	00162461
20231114001955	01700587
20231114002008	00110884
20231114002030	00104856
20231114002094	01175499
20231114002153	00152385
20231114002174	00239639
20231114002199	00126371
20231114002213	00135111
20231114002226	00186559
20231114002239	00547583
20231114002303	00229030
20231114002364	00149655
20231114002405	00111218
20231114002467	01058101
20231114002477	01182259
20231114002512	00263654
20231114002527	00164478
20231114002548	00995993
20231114002575	00670340
20231114002588	00131832
20231114002602	01035368
20231114002637	00608699
20231114002661	00983040
20231114002735	00159193
20231114002747	00606293
20231114002763	00247975
20231114002778	01353024
20231114002819	00359395
20231114002856	01075126
20231114002891	00266952
20231114002908	01246034
20231114002965	00453929
20231114002976	00101220
20231114003007	00861997
20240208000561	00139685
20240214001764	01037542
20240220001904	00609324
20240229001738	00531078
20240319000771	00609634
20240412003410	00219097
20240502000623	01575839
20240513000366	01336443
20240513000658	00417167
20240513000708	00398668
20240513000760	00778235
20240513000898	00412348
20240514000181	00808022
20240514000478	00222435
20240514000651	01325429
20240514000720	00138190
20240514000817	00150244
20240514000882	01584934
20240514000905	00158024
20240514000986	00304076
20240514001012	00527491
20240514001049	00137252
20240514001083	00175173
20240514001118	00155948
20240514001172	01146220
20240514001296	00533508
20240514001463	00144243
20240514001622	01423837
20240514001639	01201590
20240514001651	01020843
20240516000056	00260611
20240516000261	00167192
20240516000313	00121154
20240516000363	01391103
20240516000409	01573381
20240516000635	00361169
20240516000686	00165060
20240516000724	00652423
20240516000737	00327396
20240516000773	01085026
20240516000819	00599285
20240516000884	00246417
20240516000986	01409022
20240516001018	00186939
20240516001216	01042429
20240516001236	00869272
20240516001448	00490179
20240516001476	01175499
20240516001570	00563545
20240516001580	00117267
20240516001592	00326731
20240516001652	00105280
20240516001672	00105299
20240516001717	00102618
20240516001961	00390860
20240516002079	01497869
20240516002139	00378220
20240517000081	00175173
20240524000577	00363510
20240529000501	01299106
20240809000529	01405451
20240812000740	00957373
20240813000292	00728638
20240813000532	00378363
20240813000950	00127167
20240813001194	01141599
20240813001216	00453442
20240813001452	00148531
20240813001476	01095722
20240813001494	00545929
20240814000692	00534598
20240814001060	01512575
20240814001213	00409140
20240814001305	00108612
20240814001339	00577335
20240814001356	00158024
20240814001441	00222435
20240814001500	00129509
20240814001568	01058101
20240814001722	00108490
20240814001780	00332927
20240814001801	00885906
20240814001854	00165060
20240814001886	00138701
20240814002004	01160363
20240814002091	00186939
20240814002231	00390860
20240814002261	00563545
20240814002315	00141626
20240814002511	00109189
20240814002538	00145446
20240814002550	00135917
20240814002602	00937324
20240814002649	00369569
20240814002700	00153339
20240814002848	00490151
20240814002903	00105299
20240814003020	00672603
20240814003064	00356839
20240814003120	00226316
20240814003156	00128412
20240814003305	00116824
20240814003369	00398808
20240814003405	00153621
20240814003628	00300405
20240814003703	00146427
20240814003737	01015160
20240814003888	01022142
20240814003978	01061497
20240814004085	00585538
20240814004140	00295857
20240814004227	00617998
20240814004326	00427483
20240814004435	00101220
20240814004486	00476498
20240814004501	00227333
20240816000171	00670340
20240819000282	00620868
20240829001188	01601222
20241105000272	01514698
20241107000074	01208849
20241108000366	00874803
20241111000402	00117276
20241112000201	00407294
20241113000181	00410997
20241113000288	00380429
20241113000310	00619640
20241113000379	00897752
20241113000452	00125725
20241113000552	01524507
20241113000595	00136402
20241113000613	00479705
20241113000761	00113997
20241114000002	00338170
20241114000020	01318261
20241114000182	00607496
20241114000235	00557933
20241114000274	00102353
20241114000292	00838005
20241114000396	00144818
20241114000411	00370255
20241114000423	00118044
20241114000462	01029394
20241114000521	00728638
20241114000654	00142713
20241114000682	01353024
20241114000703	00108612
20241114000716	00407771
20241114000744	00535481
20241114000776	00533508
20241114000803	01325979
20241114000839	00106669
20241114000929	00577335
20241114001023	00442455
20241114001050	00109806
20241114001122	00120182
20241114001143	01397772
20241114001154	00127954
20241114001193	00296263
20241114001240	00165060
20241114001305	00596260
20241114001315	00105606
20241114001340	01036367
20241114001387	00378220
20241114001450	01532603
20241114001491	00603348
20241114001525	00925189
20241114001548	00155948
20241114001642	01047169
20241114001692	00523307
20241114001748	00374020
20241114001758	00585538
20241114001779	00375931
20241114001961	01259418
20241114002010	00385336
20241114002019	01042429
20241114002051	00545114
20241114002090	00118451
20241114002186	00296078
20241114002226	00577016
20241114002254	01602638
20241114002302	00117230
20241114002395	00116824
20241114002444	00579999
20241114002486	01405585
20241114002494	00310156
20241114002520	00271501
20241114002531	00694942
20241114002540	00983271
20241114002761	00232007
20241114002798	00369213
20241114002816	01160363
20241114002846	01085026
20241114002871	00267854
20241114002897	00172680
20241114002940	00540429
20241114003052	00492894
20241128000401	01601222
20241219000355	00129509
20241224000383	00599106
20241231000092	00134176
20250109000173	00693651
20250512000597	00122205
20250513000122	00769158
20250513000378	00117230
20250513000654	00876908
20250514000197	00778235
20250514000514	00140946
20250514000965	00180865
20250515000178	00695969
20250515000362	00409672
20250515000642	00363486
20250515000897	00346610
20250515000936	01318261
20250515001092	00161860
20250515001161	01335790
20250515001257	00456218
20250515001330	00596260
20250515001605	00158565
20250515001742	00132211
20250515001950	00391197
20250515001960	01089378
20250515001990	00149804
20250515001999	00603348
20250515002043	01138364
20250515002092	01297898
20250515002120	00852087
20250515002140	00276834
20250515002170	00152880
20250515002236	00373571
20250515002245	00116426
20250515002295	00763701
20250515002305	00360577
20250515002461	00109189
20250515002634	01325429
20250515002779	00556615
20250515002884	01230255
20250515002910	00959229
20250515002990	00485177
20250515003026	01251595
20250515003036	00318662
20250515003055	01201970
20250530002164	01587056
20250811000331	00138516
20250813000223	01462739
20250813000855	00138190
20250813001115	00140946
20250813001249	00203582
20250813001352	00125822
20250813001473	00398668
20250813001504	00261957
20250813001617	00256380
20250813001634	01032486
20250814000114	00104120
20250814000320	01020843
20250814000611	00177320
20250814000645	00442561
20250814000716	00524421
20250814000786	00769158
20250814000941	00390365
20250814001055	01175499
20250814001099	01105621
20250814001113	00260657
20250814001173	00117498
20250814001234	00664048
20250814001249	00357430
20250814001616	00243979
20250814001655	00390408
20250814001692	00643656
20250814001750	00107677
20250814001836	00122205
20250814001985	00239514
20250814002014	00445160
20250814002258	00117726
20250814002309	00186939
20250814002629	00876865
20250814002830	00576789
20250814002857	00268251
20250814002889	00166272
20250814002916	01703849
20250814002934	00116426
20250814003026	00109718
20250814003100	00145260
20250814003168	01456011
20250814003195	00540447
20250814003440	00109161
20250814003484	00870481
20250814003509	00307028
20250814003615	00178851
20250814003675	00536523
20250814003748	00862880
20250814003856	00231044
20250814003871	00642541
20250814004085	00139153
20250814004101	00596260
20250814004197	01033591
20250814004286	00159810
20250819000175	00204226
20250829001852	01335453
20251110000399	00945457
20251111000037	01553129
20251111000267	00304076
20251112000516	00190756
20251113000250	00876865
20251113000617	00654272
20251113000685	01032486
20251113000729	00203582
20251113000743	01399071
20251113000799	00120571
20251113000850	00109161
20251113000891	00158963
20251114000045	01519790
20251114000216	00118275
20251114000371	00318316
20251114000426	00442455
20251114000502	00442154
20251114000536	01246034
20251114000586	00524421
20251114000662	01033591
20251114000707	01353024
20251114000733	00163318
20251114000765	01160363
20251114000889	01721809
20251114000901	00122205
20251114000943	01188378
20251114000951	00126089
20251114000968	00843900
20251114001000	00681249
20251114001067	00317487
20251114001129	00107066
20251114001183	01311310
20251114001197	00117498
20251114001391	00364467
20251114001445	00117726
20251114001503	00127158
20251114001532	00991298
20251114001694	00527491
20251114001799	00104786
20251114001811	00417167
20251114001831	00370200
20251114001881	00103644
20251114001982	00608839
20251114002007	00540447
20251114002058	01135640
20251114002069	00121534
20251114002104	00654272
20251114002125	00120924
20251114002210	01602638
20251114002296	00456218
20251114002453	00918222
20251114002463	00155124
20251114002494	01214248
20251114002504	01108099
20251114002540	00407294
20251114002604	01290248
20251114002651	00629212
20251114002895	00148993
20251114002904	00369213
20251114003091	00145668
20251114003111	00519252
20251114003133	01638387
20251204000346	00977650
20251222000488	00631837
20260121000090	00924931
20260508000558	00138057
20260513000301	01326279
20260513000610	00549891
20260514000122	00530556
20260514000380	01061497
20260514000515	01042085
20260514000749	01325429
20260514000821	00103547
20260514000960	01315042
20260514001145	00547510
20260514001201	01325429
20260514001439	00265005
20260514001505	00483735
20260515000620	00833064
20260515000727	01360875
20260515001026	01370517
20260515001040	01188378
20260515001177	00132211
20260515001189	00357607
20260515001292	00404288
20260515001477	01409022
20260515001578	00356839
20260515001724	01409095
20260515001876	01042711
20260515001906	00268251
20260515002068	00469799
20260515002227	00453929
20260515002473	00122472
20260515002486	01101041
20260515002559	00808068
20260515002798	00112332
20260515002826	00660121
20260515002885	00385336
20260515002952	00663669
20260515002964	01658831
20260515002990	00260657
20260515003113	00220109
20260529001897	00112332
20260812000891	00360577
20260813000372	01450938
20260813001255	00660750
20260813001352	00791209
20260814000040	00243979
20260814000104	00530556
20260814000743	00208444
20260814000844	00576789
20260814000978	00148993
20260814001018	00365457
20260814001559	00103644
20260814001665	00259934
20260814001889	00125822
20260814002196	01368637
20260814002345	00571298
20260814002796	00938721
20260814002806	01042711
20260814003061	00486875
20260814003330	01047169
20260814003580	01075126
20260814003614	00997812
20260814003624	01067516
20260814003669	00527491
20260814003761	00995993
20260814003782	00159616
20260814003794	00867098
20260814003839	00384717
20260814003898	00479705
20260814003908	01649620
20260814004018	00440712
20260814004114	00122825
20260814004166	00965813
20260814004208	01182550
20260814004274	00863038
