20100112000088
20100204000007
20100209000003
20100209000061
20100211000029
20100211000217
20100211000282
20100211000331
20100212000096
20100212000143
20100212000144
20100212000150
20100212000155
20100212000205
20100212000228
20100212000236
20100212000238
20100212000241
20100212000243
20100212000261
20100212000263
20100212000264
20100212000268
20100212000289
20100212000304
20100212000315
20100212000386
20100212000405
20100212000414
20100216000036
20100216000049
20100216000069
20100216000100
20100216000119
20100216000134
20100216000137
20100216000139
20100216000146
20100216000149
20100216000155
20100216000162
20100216000171
20100216000181
20100216000237
20100216000263
20100226000846
20100413000082
20100413001238
20100414000047
20100429000234
20100429000290
20100430000122
20100430000448
20100430001080
20100430001287
20100503000227
20100503000467
20100503000689
20100503001194
20100504000294
20100504000711
20100506000350
20100506000878
20100507000046
20100507001052
20100510000122
20100510000331
20100510000483
20100510000507
20100510000637
20100510000662
20100510000686
20100510000694
20100510000697
20100510000898
20100510000962
20100510001001
20100510001128
20100511000032
20100511000074
20100511000153
20100511000298
20100511000399
20100511000472
20100511000660
20100511001062
20100511001607
20100511001643
20100511001681
20100511001895
20100512000035
20100512000079
20100512000120
20100512000162
20100512000210
20100512000292
20100512000494
20100512000505
20100512000736
20100512000743
20100512000749
20100512000806
20100512000931
20100512000935
20100512001009
20100512001102
20100512001234
20100512001600
20100512001841
20100512002109
20100512002212
20100512002453
20100512002469
20100512002530
20100512002570
20100513000112
20100513000120
20100513000236
20100513000241
20100513000389
20100513000420
20100513000524
20100513000539
20100513000569
20100513000581
20100513000583
20100513000633
20100513000669
20100513000846
20100513000970
20100513000998
20100513001069
20100513001192
20100513001207
20100513001278
20100513001322
20100513001339
20100513001340
20100513001366
20100513001506
20100513001617
20100513001626
20100513001722
20100513001761
20100513001796
20100513001805
20100513001859
20100513001926
20100513002057
20100513002129
20100513002218
20100513002250
20100513002251
20100513002352
20100513002384
20100513002425
20100513002446
20100513002461
20100513002674
20100513002681
20100513002726
20100513002775
20100513002824
20100513002869
20100513002894
20100513002900
20100513002945
20100513002973
20100513002990
20100513003029
20100513003043
20100513003147
20100513003204
20100513003238
20100514000032
20100514000033
20100514000034
20100514000055
20100514000074
20100514000079
20100514000104
20100514000121
20100514000133
20100514000215
20100514000232
20100514000242
20100514000296
20100514000297
20100514000300
20100514000316
20100514000319
20100514000336
20100514000349
20100514000370
20100514000409
20100514000410
20100514000465
20100514000513
20100514000541
20100514000574
20100514000579
20100514000585
20100514000598
20100514000601
20100514000631
20100514000640
20100514000664
20100514000689
20100514000727
20100514000735
20100514000765
20100514000776
20100514000782
20100514000787
20100514000807
20100514000815
20100514000817
20100514000838
20100514000849
20100514000851
20100514000894
20100514000905
20100514000908
20100514000920
20100514000979
20100514000986
20100514001026
20100514001027
20100514001040
20100514001063
20100514001077
20100514001114
20100514001138
20100514001167
20100514001200
20100514001224
20100514001246
20100514001251
20100514001258
20100514001337
20100514001351
20100514001401
20100514001421
20100514001457
20100514001480
20100514001497
20100514001504
20100514001509
20100514001511
20100514001515
20100514001559
20100514001562
20100514001564
20100514001583
20100514001587
20100514001595
20100514001596
20100514001602
20100514001608
20100514001636
20100514001655
20100514001659
20100514001687
20100514001702
20100514001708
20100514001748
20100514001763
20100514001766
20100514001773
20100514001778
20100514001785
20100514001824
20100514001834
20100514001837
20100514001846
20100514001852
20100514001860
20100514001883
20100514001891
20100514001897
20100514001931
20100514001952
20100514001961
20100514001976
20100514001982
20100514001990
20100514002006
20100514002029
20100514002052
20100514002054
20100514002064
20100514002072
20100514002083
20100514002129
20100514002142
20100514002167
20100514002189
20100514002207
20100514002224
20100514002241
20100514002267
20100514002285
20100514002293
20100514002299
20100514002308
20100514002318
20100514002325
20100514002335
20100514002344
20100514002348
20100514002363
20100514002373
20100514002422
20100514002428
20100514002457
20100514002463
20100514002468
20100514002485
20100514002486
20100514002516
20100514002521
20100514002553
20100514002572
20100514002583
20100514002619
20100514002625
20100514002651
20100514002657
20100514002661
20100514002677
20100514002690
20100514002691
20100514002700
20100514002727
20100514002728
20100514002735
20100514002738
20100514002745
20100514002759
20100514002766
20100514002770
20100514002777
20100514002781
20100514002795
20100514002808
20100514002849
20100514002870
20100514002872
20100514002881
20100514002893
20100514002895
20100514002900
20100514002910
20100514002936
20100514002943
20100514002961
20100514002967
20100514002969
20100514002972
20100514002997
20100514003000
20100514003033
20100514003048
20100514003066
20100514003072
20100514003102
20100514003117
20100514003119
20100514003129
20100514003153
20100514003154
20100514003168
20100514003169
20100514003170
20100514003171
20100514003184
20100514003208
20100514003211
20100514003222
20100514003223
20100514003236
20100514003241
20100514003244
20100514003273
20100514003276
20100514003284
20100514003285
20100514003290
20100514003295
20100514003304
20100514003321
20100514003327
20100514003332
20100514003341
20100514003356
20100514003357
20100514003360
20100514003368
20100514003369
20100514003385
20100514003390
20100514003406
20100514003410
20100514003414
20100514003418
20100514003424
20100514003425
20100514003442
20100514003446
20100514003487
20100514003489
20100514003494
20100514003515
20100514003517
20100514003530
20100514003545
20100514003550
20100514003569
20100514003589
20100514003673
20100514003674
20100514003677
20100514003681
20100514003689
20100514003693
20100514003708
20100514003715
20100514003722
20100514003736
20100514003738
20100514003742
20100514003744
20100514003751
20100514003760
20100514003768
20100514003779
20100514003781
20100514003791
20100514003811
20100514003823
20100514003837
20100514003845
20100514003865
20100514003866
20100514003894
20100514003903
20100514003949
20100514003951
20100514003985
20100514003987
20100514003997
20100514004016
20100514004040
20100514004070
20100514004113
20100514004143
20100514004227
20100514004244
20100514004245
20100514004270
20100514004285
20100517000002
20100517000005
20100517000057
20100517000082
20100517000107
20100517000158
20100517000167
20100517000176
20100517000210
20100517000222
20100517000224
20100517000247
20100517000269
20100517000288
20100517000300
20100517000307
20100517000335
20100517000345
20100517000347
20100517000353
20100517000377
20100517000403
20100517000405
20100517000411
20100517000415
20100517000422
20100517000424
20100517000425
20100517000430
20100517000441
20100517000446
20100517000447
20100517000450
20100517000451
20100517000456
20100517000461
20100517000462
20100517000485
20100517000500
20100517000501
20100517000502
20100517000514
20100517000515
20100517000516
20100517000519
20100517000520
20100517000521
20100517000527
20100517000530
20100517000536
20100517000539
20100517000540
20100517000544
20100517000552
20100517000554
20100517000557
20100517000559
20100517000563
20100517000567
20100517000575
20100517000584
20100517000585
20100517000587
20100517000595
20100517000598
20100517000600
20100517000602
20100517000605
20100517000608
20100517000610
20100517000611
20100517000620
20100517000622
20100517000623
20100517000627
20100517000633
20100517000636
20100517000637
20100517000642
20100517000647
20100517000654
20100517000656
20100517000663
20100517000665
20100517000667
20100517000671
20100517000688
20100517000693
20100517000694
20100517000696
20100517000698
20100517000700
20100517000704
20100517000712
20100517000714
20100517000717
20100517000718
20100517000723
20100517000726
20100517000730
20100517000731
20100517000733
20100517000734
20100517000735
20100517000739
20100517000746
20100517000749
20100517000750
20100517000755
20100517000756
20100517000757
20100517000761
20100517000764
20100517000769
20100517000772
20100517000773
20100517000775
20100517000782
20100517000786
20100517000788
20100517000796
20100517000801
20100517000809
20100517000810
20100517000814
20100517000816
20100517000822
20100517000827
20100517000831
20100517000837
20100517000841
20100517000843
20100517000845
20100517000847
20100517000855
20100517000858
20100517000859
20100517000872
20100517000884
20100517000888
20100517000889
20100517000890
20100517000893
20100517000896
20100517000915
20100517000919
20100517000920
20100517000921
20100517000924
20100517000925
20100517000927
20100517000933
20100517000939
20100517000944
20100517000946
20100517000949
20100517000952
20100517000957
20100517000960
20100517000966
20100517000968
20100517000969
20100517000970
20100517000971
20100517000972
20100517000975
20100517000981
20100517000985
20100517000988
20100517000994
20100517001002
20100517001009
20100517001010
20100517001014
20100517001018
20100517001021
20100517001030
20100517001033
20100517001034
20100517001037
20100517001043
20100517001044
20100517001049
20100517001055
20100517001057
20100517001063
20100517001076
20100517001077
20100517001080
20100517001088
20100517001094
20100517001097
20100517001106
20100517001114
20100517001115
20100517001119
20100517001130
20100517001134
20100517001136
20100517001137
20100517001140
20100517001143
20100517001144
20100517001145
20100517001149
20100517001151
20100517001153
20100517001155
20100517001156
20100517001160
20100517001164
20100517001167
20100517001169
20100517001175
20100517001176
20100517001177
20100517001184
20100517001186
20100517001187
20100517001192
20100517001195
20100517001196
20100517001197
20100517001198
20100517001199
20100517001200
20100517001203
20100517001206
20100517001210
20100517001212
20100517001214
20100517001218
20100517001223
20100517001225
20100517001228
20100517001250
20100517001256
20100517001262
20100517001272
20100517001279
20100517001284
20100517001287
20100517001316
20100517001320
20100517001321
20100517001322
20100517001325
20100517001328
20100517001332
20100517001335
20100517001342
20100517001358
20100517001359
20100517001360
20100517001374
20100517001382
20100517001386
20100517001387
20100517001394
20100517001397
20100517001405
20100517001407
20100517001413
20100517001416
20100517001420
20100517001426
20100517001428
20100517001443
20100517001448
20100517001451
20100517001454
20100517001455
20100517001458
20100517001465
20100517001471
20100517001475
20100517001480
20100517001483
20100517001485
20100517001486
20100517001488
20100517001489
20100517001507
20100517001513
20100517001514
20100517001519
20100517001523
20100517001529
20100517001531
20100517001533
20100517001536
20100517001539
20100517001540
20100517001541
20100517001544
20100517001548
20100517001551
20100517001555
20100517001560
20100517001561
20100517001571
20100517001578
20100517001593
20100517001612
20100517001613
20100517001617
20100517001631
20100517001635
20100517001640
20100517001647
20100517001660
20100517001664
20100517001680
20100517001681
20100517001688
20100517001690
20100517001692
20100517001702
20100517001713
20100517001717
20100517001732
20100518000303
20100519000019
20100519000039
20100520000348
20100525000021
20100526000032
20100527000208
20100531001155
20100601000182
20100603000137
20100604000172
20100611000273
20100614000134
20100623000222
20100623000254
20100713000096
20100715000005
20100715000109
20100723000196
20100728000012
20100729000008
20100729000304
20100730000310
20100805000062
20100805000213
20100809000071
20100809000073
20100809000110
20100809000134
20100810000020
20100810000090
20100810000091
20100810000093
20100810000118
20100810000169
20100810000288
20100810000304
20100810000347
20100811000015
20100811000019
20100811000040
20100811000045
20100811000050
20100811000080
20100811000099
20100811000109
20100811000128
20100811000182
20100811000189
20100811000205
20100811000237
20100811000240
20100811000265
20100811000284
20100811000303
20100812000002
20100812000004
20100812000006
20100812000010
20100812000028
20100812000042
20100812000047
20100812000051
20100812000052
20100812000054
20100812000058
20100812000061
20100812000069
20100812000070
20100812000074
20100812000079
20100812000081
20100812000094
20100812000111
20100812000112
20100812000113
20100812000115
20100812000120
20100812000132
20100812000148
20100812000152
20100812000161
20100812000166
20100812000167
20100812000168
20100812000169
20100812000170
20100812000198
20100812000211
20100812000224
20100812000237
20100812000241
20100812000243
20100812000250
20100812000273
20100812000298
20100812000300
20100812000306
20100812000309
20100812000322
20100812000353
20100812000355
20100812000370
20100812000388
20100813000003
20100813000004
20100813000009
20100813000010
20100813000011
20100813000020
20100813000024
20100813000028
20100813000029
20100813000032
20100813000033
20100813000041
20100813000051
20100813000052
20100813000061
20100813000064
20100813000071
20100813000075
20100813000080
20100813000083
20100813000098
20100813000099
20100813000104
20100813000105
20100813000106
20100813000112
20100813000114
20100813000116
20100813000119
20100813000124
20100813000127
20100813000135
20100813000138
20100813000139
20100813000140
20100813000145
20100813000147
20100813000155
20100813000159
20100813000160
20100813000165
20100813000171
20100813000173
20100813000175
20100813000177
20100813000181
20100813000183
20100813000185
20100813000187
20100813000194
20100813000198
20100813000204
20100813000207
20100813000208
20100813000212
20100813000215
20100813000216
20100813000220
20100813000221
20100813000223
20100813000229
20100813000230
20100813000239
20100813000240
20100813000243
20100813000244
20100813000245
20100813000256
20100813000261
20100813000262
20100813000264
20100813000265
20100813000270
20100813000271
20100813000280
20100813000282
20100813000283
20100813000285
20100813000294
20100813000296
20100813000297
20100813000298
20100813000300
20100813000305
20100813000309
20100813000310
20100813000312
20100813000315
20100813000317
20100813000330
20100813000332
20100813000333
20100813000338
20100813000339
20100813000345
20100813000348
20100813000349
20100813000354
20100813000360
20100813000362
20100813000363
20100813000367
20100813000375
20100813000376
20100813000378
20100813000379
20100813000380
20100813000382
20100813000384
20100813000391
20100813000396
20100813000408
20100813000411
20100813000412
20100813000416
20100813000420
20100813000426
20100813000428
20100813000434
20100813000439
20100813000444
20100813000446
20100813000454
20100813000468
20100813000472
20100813000473
20100813000479
20100813000480
20100813000484
20100813000486
20100813000491
20100813000500
20100813000504
20100813000505
20100813000506
20100813000507
20100813000520
20100813000522
20100813000531
20100813000533
20100813000537
20100813000538
20100813000541
20100813000546
20100813000547
20100813000549
20100813000550
20100813000551
20100813000553
20100813000554
20100813000555
20100813000562
20100813000569
20100813000573
20100813000574
20100813000575
20100813000577
20100813000581
20100813000584
20100813000588
20100813000590
20100813000595
20100813000597
20100813000598
20100813000600
20100813000601
20100813000602
20100813000608
20100813000610
20100813000612
20100813000613
20100813000616
20100813000618
20100813000621
20100813000627
20100813000632
20100813000635
20100813000636
20100813000637
20100813000639
20100813000642
20100813000645
20100813000653
20100813000657
20100813000662
20100813000682
20100813000688
20100813000692
20100813000699
20100813000700
20100813000703
20100813000705
20100813000710
20100813000725
20100813000726
20100813000730
20100813000739
20100813000750
20100813000754
20100813000761
20100813000763
20100813000764
20100813000771
20100813000775
20100813000796
20100813000804
20100813000805
20100813000806
20100813000810
20100813000811
20100813000824
20100813000828
20100813000830
20100813000831
20100813000834
20100813000843
20100813000846
20100813000861
20100813000864
20100813000866
20100813000867
20100813000870
20100813000874
20100813000877
20100813000878
20100813000883
20100813000888
20100813000901
20100813000911
20100813000916
20100813000920
20100813000921
20100813000926
20100813000935
20100813000936
20100813000937
20100813000938
20100813000941
20100813000942
20100813000944
20100813000948
20100813000951
20100813000955
20100813000963
20100813000967
20100813000969
20100813000971
20100813000981
20100813000985
20100813000986
20100813000989
20100813000997
20100813001000
20100813001003
20100813001007
20100813001013
20100813001015
20100813001025
20100813001031
20100813001036
20100813001037
20100813001041
20100813001042
20100813001043
20100813001044
20100813001049
20100813001051
20100813001053
20100813001056
20100813001064
20100813001066
20100813001074
20100813001078
20100813001081
20100813001082
20100813001088
20100813001093
20100813001094
20100813001096
20100813001105
20100813001107
20100813001112
20100813001115
20100813001117
20100813001123
20100813001135
20100813001140
20100813001143
20100813001144
20100813001145
20100813001147
20100813001151
20100813001152
20100813001156
20100813001160
20100813001167
20100813001169
20100813001173
20100813001177
20100813001178
20100816000008
20100816000010
20100816000011
20100816000012
20100816000015
20100816000019
20100816000024
20100816000027
20100816000034
20100816000035
20100816000042
20100816000049
20100816000050
20100816000053
20100816000055
20100816000065
20100816000067
20100816000069
20100816000071
20100816000074
20100816000076
20100816000078
20100816000081
20100816000088
20100816000089
20100816000090
20100816000091
20100816000101
20100816000103
20100816000105
20100816000107
20100816000108
20100816000110
20100816000111
20100816000112
20100816000115
20100816000116
20100816000118
20100816000120
20100816000124
20100816000128
20100816000132
20100816000136
20100816000142
20100816000143
20100816000147
20100816000150
20100816000151
20100816000158
20100816000159
20100816000163
20100816000167
20100816000175
20100816000176
20100816000177
20100816000180
20100816000183
20100816000192
20100816000193
20100816000201
20100816000207
20100816000209
20100816000213
20100816000214
20100816000215
20100816000217
20100816000219
20100816000221
20100816000224
20100816000229
20100816000231
20100816000235
20100816000236
20100816000238
20100816000246
20100816000253
20100816000255
20100816000256
20100816000258
20100816000259
20100816000263
20100816000266
20100816000268
20100816000270
20100816000295
20100816000297
20100816000303
20100816000305
20100816000311
20100816000313
20100816000314
20100816000315
20100816000316
20100816000317
20100816000319
20100816000321
20100816000324
20100816000326
20100816000327
20100816000328
20100816000330
20100816000335
20100816000337
20100816000344
20100816000348
20100816000349
20100816000351
20100816000354
20100816000365
20100816000366
20100816000368
20100816000370
20100816000372
20100816000374
20100816000379
20100816000389
20100816000390
20100816000392
20100816000395
20100816000396
20100816000398
20100816000402
20100816000404
20100816000409
20100816000411
20100816000412
20100816000419
20100816000426
20100816000435
20100816000436
20100816000438
20100816000442
20100816000447
20100816000451
20100816000456
20100816000459
20100816000460
20100816000461
20100816000465
20100816000471
20100816000479
20100816000480
20100816000485
20100816000487
20100816000496
20100816000497
20100816000498
20100816000499
20100816000500
20100816000507
20100816000512
20100816000519
20100816000520
20100816000528
20100816000530
20100816000532
20100816000533
20100816000535
20100816000539
20100816000542
20100816000553
20100816000556
20100816000559
20100816000560
20100816000562
20100816000564
20100816000566
20100816000570
20100816000572
20100816000575
20100816000585
20100816000594
20100816000595
20100816000596
20100816000598
20100816000601
20100816000602
20100816000612
20100816000614
20100816000619
20100816000622
20100816000625
20100816000636
20100816000641
20100816000643
20100816000645
20100816000648
20100816000649
20100816000654
20100816000655
20100816000656
20100816000658
20100816000659
20100816000661
20100816000662
20100816000664
20100816000667
20100816000672
20100816000673
20100816000674
20100816000675
20100816000679
20100816000686
20100816000687
20100816000695
20100816000696
20100816000698
20100816000699
20100816000707
20100816000710
20100816000712
20100816000714
20100816000716
20100816000718
20100816000727
20100816000732
20100816000733
20100816000738
20100816000741
20100816000745
20100816000749
20100816000753
20100816000754
20100816000757
20100816000769
20100816000774
20100816000777
20100816000780
20100816000787
20100816000789
20100816000792
20100816000807
20100816000809
20100816000810
20100816000811
20100816000814
20100816000827
20100816000829
20100816000831
20100816000832
20100816000833
20100816000834
20100816000839
20100816000847
20100816000849
20100816000851
20100816000857
20100816000861
20100816000864
20100816000867
20100816000868
20100816000870
20100816000871
20100816000875
20100816000882
20100816000888
20100816000893
20100816000898
20100816000901
20100816000905
20100816000907
20100816000910
20100816000914
20100816000918
20100816000922
20100816000928
20100816000932
20100816000933
20100816000934
20100816000936
20100816000939
20100816000940
20100816000944
20100816000946
20100816000952
20100816000956
20100816000961
20100816000962
20100816000965
20100816000967
20100816000975
20100816000978
20100816000982
20100816000988
20100816000990
20100816000992
20100816000993
20100816001021
20100816001029
20100816001048
20100816001049
20100816001056
20100816001060
20100816001061
20100816001064
20100816001069
20100816001071
20100816001086
20100816001091
20100816001092
20100816001099
20100816001100
20100816001103
20100816001106
20100816001107
20100816001108
20100816001109
20100816001111
20100816001116
20100816001123
20100816001128
20100816001129
20100816001131
20100816001134
20100816001135
20100816001140
20100816001144
20100816001147
20100816001150
20100816001153
20100816001155
20100816001158
20100816001159
20100816001161
20100816001163
20100816001170
20100816001181
20100816001188
20100816001191
20100816001193
20100816001201
20100816001203
20100816001204
20100816001205
20100816001206
20100816001213
20100816001215
20100816001217
20100816001218
20100816001222
20100816001223
20100816001227
20100816001230
20100816001234
20100816001235
20100816001237
20100816001251
20100816001254
20100816001255
20100816001257
20100816001263
20100816001271
20100816001284
20100816001285
20100816001287
20100816001289
20100816001290
20100816001293
20100816001298
20100816001314
20100816001316
20100816001325
20100816001329
20100816001338
20100816001341
20100816001359
20100816001364
20100816001367
20100816001380
20100816001381
20100816001382
20100816001397
20100816001399
20100816001400
20100816001406
20100816001408
20100816001412
20100817000066
20100817000107
20100817000110
20100817000157
20100817000237
20100818000222
20100819000042
20100819000199
20100819000298
20100823000007
20100825000206
20100827000118
20100827000251
20100827000302
20100827000304
20100827000349
20100830000143
20100830000182
20100830000320
20100830000360
20100830000374
20100830000408
20100830000416
20100830000418
20100830000422
20100830000474
20100830000480
20100830000666
20100901000116
20100901000333
20100909000265
20100914000072
20100914000144
20100930000413
20101001000174
20101012000144
20101015000038
20101015000122
20101019000040
20101021000150
20101022000024
20101025000199
20101026000239
20101029000104
20101029000203
20101101000014
20101102000026
20101102000065
20101103000003
20101103000028
20101103000098
20101104000078
20101104000193
20101104000214
20101105000013
20101105000092
20101105000127
20101105000138
20101105000267
20101105000345
20101108000057
20101108000067
20101108000092
20101108000102
20101108000143
20101109000017
20101109000018
20101109000019
20101109000033
20101109000063
20101109000075
20101109000093
20101109000133
20101109000163
20101109000249
20101110000005
20101110000007
20101110000009
20101110000016
20101110000021
20101110000028
20101110000035
20101110000051
20101110000091
20101110000109
20101110000111
20101110000113
20101110000123
20101110000139
20101110000148
20101110000182
20101110000184
20101110000190
20101110000263
20101110000274
20101111000005
20101111000009
20101111000010
20101111000013
20101111000033
20101111000034
20101111000054
20101111000057
20101111000058
20101111000064
20101111000072
20101111000078
20101111000085
20101111000086
20101111000089
20101111000095
20101111000100
20101111000103
20101111000115
20101111000121
20101111000128
20101111000129
20101111000146
20101111000167
20101111000172
20101111000190
20101111000206
20101111000217
20101111000218
20101111000222
20101111000237
20101111000244
20101111000247
20101111000253
20101111000259
20101111000315
20101111000319
20101111000363
20101111000385
20101111000395
20101112000002
20101112000003
20101112000004
20101112000013
20101112000014
20101112000015
20101112000016
20101112000017
20101112000020
20101112000023
20101112000026
20101112000029
20101112000031
20101112000037
20101112000038
20101112000040
20101112000045
20101112000050
20101112000054
20101112000055
20101112000056
20101112000059
20101112000065
20101112000070
20101112000073
20101112000078
20101112000085
20101112000089
20101112000100
20101112000105
20101112000106
20101112000109
20101112000111
20101112000115
20101112000120
20101112000121
20101112000124
20101112000138
20101112000142
20101112000144
20101112000150
20101112000151
20101112000152
20101112000165
20101112000166
20101112000169
20101112000170
20101112000174
20101112000178
20101112000188
20101112000189
20101112000190
20101112000192
20101112000193
20101112000197
20101112000198
20101112000201
20101112000203
20101112000207
20101112000212
20101112000214
20101112000218
20101112000219
20101112000221
20101112000223
20101112000225
20101112000230
20101112000232
20101112000237
20101112000239
20101112000240
20101112000246
20101112000261
20101112000262
20101112000265
20101112000267
20101112000269
20101112000274
20101112000275
20101112000278
20101112000281
20101112000287
20101112000290
20101112000296
20101112000305
20101112000308
20101112000311
20101112000315
20101112000316
20101112000322
20101112000328
20101112000329
20101112000336
20101112000340
20101112000344
20101112000363
20101112000365
20101112000369
20101112000378
20101112000400
20101112000404
20101112000407
20101112000412
20101112000414
20101112000415
20101112000416
20101112000418
20101112000427
20101112000428
20101112000431
20101112000435
20101112000441
20101112000444
20101112000446
20101112000450
20101112000451
20101112000454
20101112000458
20101112000459
20101112000461
20101112000462
20101112000463
20101112000465
20101112000466
20101112000473
20101112000477
20101112000478
20101112000494
20101112000497
20101112000499
20101112000504
20101112000535
20101112000548
20101112000551
20101112000552
20101112000553
20101112000555
20101112000564
20101112000569
20101112000574
20101112000576
20101112000583
20101112000584
20101112000595
20101112000596
20101112000602
20101112000613
20101112000620
20101112000621
20101112000629
20101112000633
20101112000634
20101112000638
20101112000641
20101112000644
20101112000645
20101112000646
20101112000649
20101112000650
20101112000655
20101112000661
20101112000667
20101112000670
20101112000673
20101112000678
20101112000686
20101112000691
20101112000693
20101112000696
20101112000698
20101112000709
20101112000711
20101112000716
20101112000720
20101112000725
20101112000733
20101112000744
20101112000746
20101112000747
20101112000750
20101112000751
20101112000754
20101112000756
20101112000760
20101112000764
20101112000769
20101112000772
20101112000781
20101112000782
20101112000786
20101112000787
20101112000800
20101112000804
20101112000805
20101112000812
20101112000814
20101112000817
20101112000819
20101112000824
20101112000829
20101112000830
20101112000848
20101112000855
20101112000856
20101112000862
20101112000871
20101112000872
20101112000873
20101112000882
20101112000888
20101112000895
20101112000896
20101112000905
20101112000909
20101112000923
20101112000931
20101112000939
20101115000010
20101115000014
20101115000016
20101115000023
20101115000024
20101115000028
20101115000032
20101115000034
20101115000036
20101115000037
20101115000040
20101115000041
20101115000043
20101115000047
20101115000050
20101115000054
20101115000057
20101115000058
20101115000064
20101115000067
20101115000069
20101115000070
20101115000079
20101115000086
20101115000092
20101115000093
20101115000094
20101115000095
20101115000096
20101115000098
20101115000099
20101115000100
20101115000109
20101115000112
20101115000116
20101115000121
20101115000124
20101115000132
20101115000133
20101115000137
20101115000140
20101115000144
20101115000145
20101115000147
20101115000150
20101115000152
20101115000157
20101115000160
20101115000172
20101115000180
20101115000183
20101115000186
20101115000187
20101115000188
20101115000190
20101115000192
20101115000200
20101115000202
20101115000203
20101115000204
20101115000206
20101115000209
20101115000212
20101115000224
20101115000228
20101115000229
20101115000230
20101115000233
20101115000243
20101115000244
20101115000256
20101115000258
20101115000263
20101115000270
20101115000276
20101115000283
20101115000294
20101115000298
20101115000301
20101115000308
20101115000309
20101115000310
20101115000312
20101115000313
20101115000316
20101115000320
20101115000322
20101115000327
20101115000329
20101115000330
20101115000336
20101115000337
20101115000338
20101115000340
20101115000342
20101115000343
20101115000345
20101115000352
20101115000353
20101115000354
20101115000358
20101115000360
20101115000364
20101115000365
20101115000367
20101115000368
20101115000369
20101115000370
20101115000371
20101115000374
20101115000375
20101115000377
20101115000384
20101115000385
20101115000387
20101115000389
20101115000391
20101115000392
20101115000400
20101115000401
20101115000402
20101115000408
20101115000412
20101115000419
20101115000420
20101115000421
20101115000425
20101115000430
20101115000433
20101115000436
20101115000437
20101115000445
20101115000446
20101115000449
20101115000450
20101115000451
20101115000461
20101115000465
20101115000467
20101115000474
20101115000478
20101115000481
20101115000483
20101115000487
20101115000488
20101115000500
20101115000510
20101115000511
20101115000512
20101115000516
20101115000518
20101115000519
20101115000522
20101115000524
20101115000529
20101115000531
20101115000533
20101115000534
20101115000535
20101115000539
20101115000540
20101115000541
20101115000542
20101115000544
20101115000559
20101115000560
20101115000561
20101115000568
20101115000569
20101115000571
20101115000572
20101115000574
20101115000575
20101115000576
20101115000582
20101115000591
20101115000595
20101115000597
20101115000601
20101115000604
20101115000605
20101115000606
20101115000610
20101115000615
20101115000616
20101115000620
20101115000621
20101115000622
20101115000629
20101115000630
20101115000632
20101115000641
20101115000643
20101115000645
20101115000647
20101115000648
20101115000649
20101115000652
20101115000653
20101115000654
20101115000658
20101115000660
20101115000661
20101115000663
20101115000665
20101115000672
20101115000676
20101115000683
20101115000688
20101115000690
20101115000692
20101115000697
20101115000700
20101115000708
20101115000709
20101115000712
20101115000714
20101115000719
20101115000724
20101115000732
20101115000734
20101115000739
20101115000740
20101115000742
20101115000745
20101115000748
20101115000749
20101115000750
20101115000753
20101115000754
20101115000755
20101115000761
20101115000765
20101115000768
20101115000770
20101115000771
20101115000772
20101115000781
20101115000783
20101115000790
20101115000791
20101115000793
20101115000800
20101115000802
20101115000817
20101115000822
20101115000827
20101115000832
20101115000838
20101115000839
20101115000842
20101115000843
20101115000845
20101115000846
20101115000852
20101115000853
20101115000854
20101115000856
20101115000861
20101115000864
20101115000866
20101115000870
20101115000876
20101115000879
20101115000880
20101115000881
20101115000886
20101115000890
20101115000895
20101115000898
20101115000900
20101115000904
20101115000905
20101115000906
20101115000907
20101115000912
20101115000915
20101115000917
20101115000919
20101115000920
20101115000926
20101115000928
20101115000931
20101115000939
20101115000941
20101115000942
20101115000944
20101115000946
20101115000947
20101115000949
20101115000951
20101115000953
20101115000954
20101115000956
20101115000961
20101115000962
20101115000973
20101115000976
20101115000983
20101115000986
20101115000993
20101115001000
20101115001002
20101115001009
20101115001010
20101115001013
20101115001017
20101115001023
20101115001031
20101115001034
20101115001035
20101115001042
20101115001050
20101115001056
20101115001059
20101115001064
20101115001066
20101115001076
20101115001084
20101115001087
20101115001089
20101115001091
20101115001107
20101115001111
20101115001113
20101115001120
20101115001128
20101115001130
20101115001132
20101115001134
20101115001140
20101115001143
20101115001144
20101115001145
20101115001147
20101115001149
20101115001156
20101115001157
20101115001161
20101115001162
20101115001167
20101115001168
20101115001173
20101115001175
20101115001180
20101115001182
20101115001183
20101115001186
20101115001187
20101115001197
20101115001202
20101115001203
20101115001204
20101115001205
20101115001211
20101115001215
20101115001217
20101115001218
20101115001221
20101115001225
20101115001229
20101115001230
20101115001232
20101115001236
20101115001237
20101115001241
20101115001244
20101115001246
20101115001251
20101115001252
20101115001253
20101115001254
20101115001256
20101115001258
20101115001260
20101115001264
20101115001268
20101115001269
20101115001274
20101115001277
20101115001278
20101115001284
20101115001285
20101115001289
20101115001294
20101115001304
20101115001306
20101115001307
20101115001310
20101115001314
20101115001315
20101115001316
20101115001324
20101115001327
20101115001328
20101115001331
20101115001335
20101115001337
20101115001341
20101115001349
20101115001350
20101115001351
20101115001368
20101115001373
20101115001374
20101115001378
20101115001380
20101115001382
20101115001383
20101115001387
20101115001388
20101115001392
20101115001398
20101115001399
20101115001405
20101115001407
20101115001412
20101115001413
20101115001414
20101115001415
20101115001418
20101115001425
20101115001434
20101115001435
20101115001437
20101115001440
20101115001441
20101115001445
20101115001453
20101115001456
20101115001458
20101115001459
20101115001462
20101115001469
20101115001471
20101115001472
20101115001484
20101115001486
20101115001488
20101115001489
20101115001495
20101115001498
20101115001500
20101115001501
20101115001502
20101115001506
20101115001509
20101115001511
20101115001513
20101115001518
20101115001519
20101115001523
20101115001529
20101115001533
20101115001538
20101115001540
20101115001543
20101115001549
20101115001552
20101115001560
20101115001574
20101115001577
20101115001579
20101115001591
20101115001593
20101115001594
20101115001595
20101115001602
20101115001609
20101115001618
20101115001625
20101115001632
20101115001636
20101115001661
20101115001662
20101115001678
20101115001684
20101115001697
20101115001698
20101115001717
20101115001726
20101115001732
20101115001735
20101115001745
20101115001746
20101115001751
20101116000001
20101116000002
20101116000020
20101116000026
20101116000113
20101116000191
20101116000231
20101116000316
20101117000013
20101117000014
20101117000032
20101117000068
20101117000168
20101118000020
20101118000161
20101118000188
20101124000031
20101124000179
20101125000325
20101126000203
20101126000264
20101126000406
20101126000423
20101129000216
20101129000238
20101129000250
20101129000403
20101129000412
20101129000418
20101129000419
20101129000523
20101129000536
20101129000542
20101129000595
20101129000604
20101203000293
20101208000067
20101209000231
20101213000233
20101213000239
20101217000188
20101229000394
20110114000075
20110120000131
20110211000059
20110211000065
20110211000102
20110211000113
20110211000186
20110211000190
20110211000243
20110214000011
20110214000041
20110214000100
20110214000109
20110214000118
20110214000135
20110214000141
20110214000147
20110214000150
20110214000165
20110214000166
20110214000170
20110214000191
20110214000202
20110214000203
20110214000209
20110214000212
20110214000215
20110214000217
20110214000221
20110214000233
20110214000235
20110214000238
20110214000244
20110214000249
20110214000260
20110214000272
20110214000281
20110214000287
20110214000299
20110214000309
20110214000314
20110214000349
20110214000352
20110214000358
20110214000362
20110214000377
20110214000407
20110214000410
20110214000425
20110214000435
20110214000443
20110215000027
20110215000072
20110216000258
20110218000139
20110218000183
20110225000721
20110308000136
20110414000372
20110414000464
20110414000688
20110427000213
20110428000222
20110504001150
20110506000420
20110509000611
20110511001180
20110511002020
20110512000230
20110512000599
20110512001104
20110512001528
20110512001569
20110512002589
20110513000431
20110513000571
20110513001232
20110513001523
20110513001641
20110513001661
20110513001738
20110513001770
20110513001858
20110513001862
20110513001941
20110513001955
20110513002078
20110513002083
20110513002250
20110513002317
20110513002445
20110513002652
20110513002669
20110513002690
20110513002788
20110513002826
20110513002843
20110513002926
20110513003068
20110513003069
20110513003132
20110513003149
20110513003460
20110513003463
20110513003552
20110513003575
20110513003615
20110513003635
20110513003738
20110513003911
20110513004089
20110513004102
20110513004428
20110513004619
20110516000119
20110516000145
20110516000286
20110516000352
20110516000398
20110516000415
20110516000454
20110516000526
20110516000533
20110516000566
20110516000570
20110516000635
20110516000641
20110516000645
20110516000660
20110516000715
20110516000729
20110516000760
20110516000782
20110516000808
20110516000828
20110516000835
20110516000930
20110516000932
20110516000965
20110516000989
20110516001089
20110516001119
20110516001216
20110516001277
20110516001285
20110516001291
20110516001294
20110516001345
20110516001354
20110516001371
20110516001385
20110516001390
20110516001420
20110516001425
20110516001430
20110516001485
20110516001513
20110516001570
20110516001589
20110516001618
20110516001674
20110516001689
20110516001703
20110516001719
20110516001746
20110516001769
20110516001770
20110516001800
20110516001821
20110516001828
20110516001866
20110516001872
20110516001894
20110516001909
20110516001922
20110516001934
20110516001966
20110516001974
20110516001983
20110516001984
20110516002031
20110516002034
20110516002043
20110516002049
20110516002083
20110516002104
20110516002109
20110516002119
20110516002121
20110516002125
20110516002129
20110516002175
20110516002183
20110516002199
20110516002241
20110516002251
20110516002285
20110516002360
20110516002385
20110516002422
20110516002449
20110516002461
20110516002477
20110516002509
20110516002513
20110516002518
20110516002528
20110516002529
20110516002571
20110516002572
20110516002585
20110516002624
20110516002630
20110516002636
20110516002659
20110516002678
20110516002721
20110516002739
20110516002766
20110516002767
20110516002769
20110516002777
20110516002780
20110516002783
20110516002791
20110516002828
20110516002842
20110516002843
20110516002845
20110516002870
20110516002875
20110516002881
20110516002890
20110516002892
20110516002896
20110516002905
20110516002932
20110516002936
20110516002988
20110516003030
20110516003041
20110516003051
20110516003069
20110516003078
20110516003079
20110516003118
20110516003124
20110516003151
20110516003161
20110516003229
20110516003242
20110516003245
20110516003252
20110516003257
20110516003258
20110516003263
20110516003266
20110516003281
20110516003310
20110516003311
20110516003318
20110516003321
20110516003329
20110516003330
20110516003332
20110516003348
20110516003350
20110516003376
20110516003378
20110516003381
20110516003384
20110516003416
20110516003420
20110516003437
20110516003444
20110516003457
20110516003462
20110516003507
20110516003511
20110516003518
20110516003522
20110516003535
20110516003547
20110516003563
20110516003578
20110516003609
20110516003619
20110516003633
20110516003635
20110516003664
20110516003696
20110516003707
20110516003714
20110516003720
20110516003729
20110516003742
20110516003747
20110516003749
20110516003757
20110516003778
20110516003779
20110516003812
20110516003814
20110516003817
20110516003839
20110516003854
20110516003856
20110516003867
20110516003879
20110516003889
20110516003895
20110516003933
20110516003939
20110516003950
20110516003962
20110516003970
20110516003986
20110516004019
20110516004054
20110516004061
20110516004067
20110516004087
20110516004089
20110516004098
20110516004120
20110516004159
20110516004161
20110516004165
20110516004188
20110516004191
20110516004195
20110516004199
20110516004219
20110516004237
20110516004257
20110516004262
20110516004267
20110516004269
20110516004272
20110516004274
20110517000013
20110517000042
20110517000072
20110517000082
20110517000143
20110517000171
20110517000229
20110517000358
20110517000376
20110518000012
20110518000142
20110523000211
20110523000260
20110524000290
20110525000147
20110527000082
20110527000156
20110527000293
20110527000295
20110527000313
20110527000362
20110527000371
20110527000372
20110530000013
20110530000033
20110530000062
20110530000077
20110530000105
20110530000128
20110530000148
20110530000248
20110530000342
20110530000419
20110530000455
20110530000460
20110530000485
20110530000550
20110530000569
20110530000577
20110530000592
20110530000615
20110530000639
20110530000647
20110530000661
20110530000678
20110530000698
20110530000704
20110530000706
20110530000773
20110530000780
20110530000819
20110530000884
20110530000887
20110530000899
20110530000904
20110530000910
20110530000917
20110530000928
20110530000950
20110530000971
20110530000986
20110530000994
20110530000995
20110530000997
20110530000999
20110530001001
20110530001009
20110530001012
20110530001016
20110530001072
20110530001079
20110530001091
20110530001105
20110530001107
20110530001125
20110530001132
20110530001145
20110531000223
20110531001179
20110531001484
20110531001623
20110601000064
20110601000176
20110602000091
20110603000057
20110607000248
20110610000069
20110610000284
20110629000015
20110708000452
20110712000158
20110713000005
20110713000081
20110713000141
20110714000101
20110714000111
20110714000178
20110714000179
20110714000182
20110714000219
20110714000235
20110714000259
20110714000323
20110715000019
20110715000058
20110715000060
20110715000061
20110715000078
20110715000080
20110715000094
20110715000123
20110715000124
20110715000138
20110715000139
20110715000172
20110715000183
20110715000187
20110715000213
20110715000322
20110715000331
20110803000059
20110808000043
20110809000263
20110810000019
20110811000035
20110811000255
20110811000339
20110811000368
20110812000034
20110812000190
20110812000223
20110812000231
20110812000235
20110812000246
20110812000257
20110812000261
20110812000262
20110812000271
20110812000273
20110812000338
20110812000358
20110812000369
20110812000396
20110812000404
20110812000415
20110812000434
20110812000444
20110812000445
20110812000473
20110812000479
20110812000498
20110812000507
20110812000514
20110812000577
20110812000585
20110812000591
20110812000615
20110812000640
20110812000648
20110812000653
20110812000659
20110812000744
20110812000766
20110812000769
20110812000818
20110812000840
20110816000006
20110816000042
20110816000082
20110816000083
20110816000088
20110816000124
20110816000135
20110816000141
20110816000150
20110816000157
20110816000159
20110816000165
20110816000195
20110816000230
20110816000233
20110816000238
20110816000240
20110816000260
20110816000263
20110816000268
20110816000272
20110816000278
20110816000314
20110816000319
20110816000327
20110816000331
20110816000336
20110816000337
20110816000344
20110816000349
20110816000351
20110816000355
20110816000358
20110816000360
20110816000364
20110816000368
20110816000375
20110816000378
20110816000385
20110816000386
20110816000398
20110816000410
20110816000419
20110816000421
20110816000424
20110816000429
20110816000438
20110816000449
20110816000450
20110816000461
20110816000474
20110816000476
20110816000492
20110816000496
20110816000506
20110816000524
20110816000548
20110816000554
20110816000574
20110816000608
20110816000620
20110816000621
20110816000628
20110816000632
20110816000644
20110816000646
20110816000699
20110816000707
20110816000709
20110816000720
20110816000721
20110816000722
20110816000725
20110816000748
20110816000756
20110816000761
20110816000765
20110816000770
20110816000771
20110816000780
20110816000794
20110816000795
20110816000811
20110816000812
20110816000813
20110816000814
20110816000858
20110816000867
20110816000892
20110816000902
20110816000906
20110816000914
20110816000917
20110816000920
20110816000929
20110816000932
20110816000937
20110816000949
20110816000954
20110816000971
20110816000974
20110816000979
20110816001034
20110816001048
20110816001050
20110816001064
20110816001091
20110816001135
20110816001156
20110816001181
20110816001182
20110816001196
20110816001198
20110816001200
20110816001204
20110816001205
20110816001206
20110816001216
20110816001219
20110816001225
20110816001233
20110816001245
20110816001247
20110816001255
20110816001261
20110816001264
20110816001272
20110816001273
20110816001275
20110816001278
20110816001287
20110816001302
20110816001304
20110816001329
20110816001341
20110816001362
20110816001368
20110816001390
20110816001397
20110816001401
20110816001414
20110816001416
20110816001434
20110816001437
20110816001445
20110816001457
20110816001458
20110816001463
20110816001474
20110816001483
20110816001499
20110816001523
20110816001533
20110816001545
20110816001546
20110816001566
20110816001577
20110816001584
20110816001586
20110816001592
20110816001617
20110816001620
20110816001634
20110816001638
20110816001643
20110816001647
20110816001649
20110816001655
20110816001677
20110816001678
20110816001682
20110816001713
20110816001716
20110816001744
20110816001766
20110816001787
20110816001801
20110816001829
20110816001833
20110816001867
20110816001874
20110816001888
20110816001893
20110817000008
20110818000272
20110826000045
20110826000064
20110826000130
20110826000132
20110826000136
20110826000144
20110826000210
20110826000212
20110826000247
20110826000296
20110826000374
20110829000085
20110829000144
20110829000186
20110829000189
20110829000195
20110829000222
20110829000234
20110829000244
20110829000257
20110829000271
20110829000272
20110829000284
20110829000335
20110829000347
20110829000371
20110829000381
20110829000388
20110829000399
20110829000403
20110829000428
20110829000431
20110829000433
20110829000434
20110829000437
20110829000441
20110829000442
20110829000446
20110829000453
20110829000459
20110829000462
20110829000485
20110829000494
20110829000505
20110829000509
20110829000537
20110829000557
20110829000562
20110829000567
20110829000573
20110829000580
20110829000584
20110829000586
20110829000597
20110829000626
20110829000634
20110829000639
20110829000651
20110829000655
20110829000689
20110829000706
20110829000710
20110829000731
20110829000747
20110829000751
20110829000760
20110829000763
20110829000769
20110829000777
20110829000784
20110829000792
20110829000804
20110829000811
20110829000832
20110829000835
20110829000855
20110831000826
20110831000843
20110902000244
20110908000208
20110921000147
20111007000295
20111017000146
20111017000155
20111028000322
20111031000166
20111103000067
20111103000169
20111104000367
20111108000184
20111110000017
20111110000023
20111110000129
20111110000215
20111110000256
20111110000286
20111111000131
20111111000175
20111111000265
20111111000310
20111111000315
20111111000346
20111111000366
20111111000382
20111111000392
20111111000393
20111111000399
20111111000406
20111111000416
20111111000419
20111111000487
20111111000492
20111111000527
20111111000528
20111111000534
20111111000555
20111111000577
20111111000612
20111111000672
20111114000011
20111114000014
20111114000037
20111114000045
20111114000063
20111114000075
20111114000091
20111114000092
20111114000097
20111114000103
20111114000104
20111114000115
20111114000122
20111114000149
20111114000166
20111114000183
20111114000201
20111114000228
20111114000238
20111114000242
20111114000264
20111114000271
20111114000276
20111114000293
20111114000306
20111114000308
20111114000313
20111114000321
20111114000322
20111114000326
20111114000328
20111114000330
20111114000332
20111114000338
20111114000339
20111114000345
20111114000352
20111114000362
20111114000363
20111114000365
20111114000380
20111114000391
20111114000397
20111114000400
20111114000402
20111114000407
20111114000413
20111114000422
20111114000429
20111114000431
20111114000437
20111114000451
20111114000465
20111114000469
20111114000478
20111114000510
20111114000526
20111114000527
20111114000550
20111114000568
20111114000570
20111114000578
20111114000583
20111114000587
20111114000592
20111114000598
20111114000616
20111114000622
20111114000639
20111114000662
20111114000669
20111114000672
20111114000692
20111114000699
20111114000701
20111114000722
20111114000727
20111114000733
20111114000744
20111114000749
20111114000753
20111114000756
20111114000757
20111114000776
20111114000788
20111114000798
20111114000801
20111114000813
20111114000822
20111114000861
20111114000881
20111114000904
20111114000906
20111114000907
20111114000910
20111114000927
20111114000932
20111114000935
20111114000955
20111114000963
20111114000965
20111114000969
20111114000978
20111114000992
20111114000993
20111114001000
20111114001005
20111114001013
20111114001031
20111114001036
20111114001037
20111114001038
20111114001041
20111114001057
20111114001064
20111114001070
20111114001074
20111114001087
20111114001102
20111114001107
20111114001111
20111114001114
20111114001115
20111114001118
20111114001129
20111114001140
20111114001156
20111114001181
20111114001189
20111114001193
20111114001204
20111114001210
20111114001213
20111114001216
20111114001219
20111114001228
20111114001240
20111114001244
20111114001252
20111114001269
20111114001302
20111114001331
20111114001348
20111114001365
20111114001366
20111114001370
20111114001375
20111114001376
20111114001390
20111114001400
20111114001414
20111114001419
20111114001420
20111114001462
20111114001463
20111114001471
20111114001488
20111114001500
20111114001518
20111114001537
20111114001541
20111114001554
20111114001576
20111114001587
20111114001612
20111114001615
20111114001620
20111114001627
20111114001633
20111114001645
20111114001649
20111114001651
20111114001686
20111114001705
20111114001708
20111114001714
20111114001718
20111114001732
20111114001762
20111114001769
20111114001800
20111114001824
20111114001834
20111114001836
20111114001840
20111114001854
20111114001889
20111114001902
20111114001905
20111114001936
20111114001961
20111114001970
20111114001972
20111114001990
20111114002024
20111114002034
20111114002043
20111115000002
20111115000108
20111115000110
20111115000169
20111116000002
20111116000184
20111117000106
20111122000093
20111125000013
20111125000033
20111125000035
20111125000088
20111125000156
20111125000221
20111125000302
20111125000392
20111128000128
20111128000247
20111128000277
20111128000278
20111128000383
20111128000399
20111128000422
20111129000023
20111129000026
20111129000139
20111129000174
20111129000185
20111129000191
20111129000196
20111129000201
20111129000210
20111129000228
20111129000277
20111129000281
20111129000288
20111129000301
20111129000308
20111129000413
20111129000427
20111129000434
20111129000438
20111129000444
20111129000451
20111129000465
20111129000474
20111129000475
20111129000481
20111129000484
20111129000485
20111129000499
20111129000511
20111129000516
20111129000518
20111129000527
20111129000531
20111129000557
20111129000562
20111129000569
20111129000575
20111129000580
20111129000583
20111129000590
20111129000591
20111129000598
20111129000603
20111129000606
20111129000609
20111129000611
20111129000612
20111129000613
20111129000623
20111129000626
20111129000657
20111129000661
20111129000665
20111129000667
20111129000735
20111129000762
20111129000770
20111129000782
20111129000783
20111129000815
20111129000823
20111129000847
20111129000851
20111129000857
20111129000875
20111129000883
20111129000886
20111129000909
20111129000925
20111129000939
20111129000949
20111129000959
20111129000969
20111129000990
20111129001003
20111129001038
20111130000627
20111130001064
20111202000313
20111205000229
20111213000150
20111213000244
20111220000289
20120207000044
20120213000213
20120213000250
20120214000065
20120214000093
20120214000177
20120214000198
20120214000211
20120214000220
20120214000260
20120214000265
20120214000285
20120214000293
20120214000367
20120214000370
20120221000103
20120224000108
20120227000111
20120229000026
20120229000513
20120229000564
20120229000615
20120229000839
20120229000929
20120315000142
20120315000147
20120319000308
20120416000503
20120416000505
20120430001181
20120430001211
20120504000864
20120508001197
20120509000005
20120509000166
20120509000955
20120509001204
20120509001530
20120510000017
20120510000254
20120510000701
20120510000792
20120510000886
20120511000038
20120511000559
20120511000707
20120511000865
20120511001089
20120511001343
20120511001876
20120511002048
20120511002211
20120511002855
20120511003009
20120514000544
20120514000723
20120514001853
20120514001869
20120514001953
20120514002068
20120514002183
20120514002230
20120514002516
20120514002730
20120514002740
20120514002773
20120514002860
20120514002863
20120514002884
20120514002912
20120514002957
20120514003196
20120514003288
20120514003309
20120514003400
20120514003409
20120514003472
20120514003473
20120514003610
20120514003640
20120514003717
20120514003748
20120514003966
20120514004078
20120514004084
20120514004178
20120514004276
20120514004300
20120514004312
20120514004343
20120514004344
20120514004408
20120514004548
20120514004558
20120514004656
20120514004678
20120514004732
20120514004756
20120514004796
20120514004802
20120514004826
20120514004857
20120514004974
20120514005074
20120514005094
20120514005251
20120514005363
20120514005372
20120514005395
20120514005430
20120514005434
20120514005442
20120514005511
20120514005587
20120514005612
20120514005629
20120514005648
20120514005703
20120514005740
20120514005811
20120514005987
20120514006026
20120514006084
20120514006228
20120514006237
20120515000010
20120515000012
20120515000015
20120515000023
20120515000033
20120515000038
20120515000048
20120515000068
20120515000069
20120515000076
20120515000124
20120515000142
20120515000152
20120515000155
20120515000157
20120515000170
20120515000173
20120515000186
20120515000189
20120515000191
20120515000195
20120515000196
20120515000197
20120515000201
20120515000209
20120515000230
20120515000248
20120515000267
20120515000276
20120515000285
20120515000286
20120515000288
20120515000290
20120515000296
20120515000324
20120515000328
20120515000339
20120515000348
20120515000365
20120515000375
20120515000397
20120515000404
20120515000407
20120515000408
20120515000410
20120515000411
20120515000418
20120515000431
20120515000439
20120515000443
20120515000447
20120515000449
20120515000457
20120515000463
20120515000489
20120515000494
20120515000497
20120515000500
20120515000502
20120515000505
20120515000506
20120515000514
20120515000516
20120515000520
20120515000525
20120515000529
20120515000531
20120515000533
20120515000534
20120515000540
20120515000548
20120515000552
20120515000565
20120515000575
20120515000577
20120515000578
20120515000583
20120515000584
20120515000591
20120515000597
20120515000598
20120515000602
20120515000603
20120515000609
20120515000613
20120515000618
20120515000622
20120515000623
20120515000624
20120515000625
20120515000635
20120515000640
20120515000650
20120515000652
20120515000653
20120515000658
20120515000659
20120515000663
20120515000667
20120515000668
20120515000672
20120515000676
20120515000686
20120515000689
20120515000690
20120515000700
20120515000702
20120515000703
20120515000705
20120515000713
20120515000721
20120515000725
20120515000726
20120515000728
20120515000734
20120515000737
20120515000739
20120515000747
20120515000762
20120515000764
20120515000767
20120515000771
20120515000773
20120515000779
20120515000780
20120515000783
20120515000792
20120515000808
20120515000812
20120515000824
20120515000828
20120515000830
20120515000839
20120515000840
20120515000841
20120515000852
20120515000861
20120515000866
20120515000867
20120515000877
20120515000883
20120515000893
20120515000894
20120515000897
20120515000899
20120515000902
20120515000910
20120515000918
20120515000919
20120515000925
20120515000933
20120515000938
20120515000939
20120515000944
20120515000958
20120515000964
20120515000968
20120515000970
20120515000972
20120515000977
20120515000980
20120515000982
20120515000984
20120515001000
20120515001002
20120515001004
20120515001014
20120515001016
20120515001026
20120515001028
20120515001034
20120515001038
20120515001042
20120515001044
20120515001045
20120515001062
20120515001066
20120515001068
20120515001075
20120515001083
20120515001094
20120515001096
20120515001099
20120515001100
20120515001104
20120515001106
20120515001109
20120515001114
20120515001118
20120515001120
20120515001132
20120515001142
20120515001144
20120515001146
20120515001152
20120515001157
20120515001162
20120515001166
20120515001172
20120515001183
20120515001194
20120515001195
20120515001200
20120515001206
20120515001208
20120515001211
20120515001215
20120515001218
20120515001226
20120515001230
20120515001236
20120515001237
20120515001241
20120515001242
20120515001252
20120515001253
20120515001254
20120515001265
20120515001268
20120515001273
20120515001275
20120515001278
20120515001282
20120515001284
20120515001290
20120515001301
20120515001303
20120515001305
20120515001309
20120515001313
20120515001319
20120515001323
20120515001326
20120515001327
20120515001328
20120515001330
20120515001337
20120515001338
20120515001351
20120515001355
20120515001358
20120515001361
20120515001365
20120515001373
20120515001378
20120515001380
20120515001395
20120515001402
20120515001414
20120515001421
20120515001424
20120515001447
20120515001455
20120515001457
20120515001470
20120515001475
20120515001483
20120515001492
20120515001497
20120515001498
20120515001504
20120515001509
20120515001512
20120515001516
20120515001519
20120515001523
20120515001528
20120515001539
20120515001541
20120515001542
20120515001543
20120515001548
20120515001562
20120515001566
20120515001571
20120515001572
20120515001595
20120515001605
20120515001611
20120515001614
20120515001618
20120515001620
20120515001625
20120515001626
20120515001639
20120515001660
20120515001663
20120515001671
20120515001679
20120515001681
20120515001687
20120515001689
20120515001691
20120515001693
20120515001696
20120515001697
20120515001703
20120515001714
20120515001722
20120515001723
20120515001724
20120515001725
20120515001732
20120515001755
20120515001757
20120515001769
20120515001770
20120515001775
20120515001783
20120515001785
20120515001787
20120515001792
20120515001796
20120515001799
20120515001804
20120515001806
20120515001810
20120515001812
20120515001817
20120515001825
20120515001827
20120515001840
20120515001841
20120515001843
20120515001849
20120515001853
20120515001859
20120515001872
20120515001876
20120515001880
20120515001888
20120515001889
20120515001913
20120515001929
20120515001931
20120515001935
20120515001948
20120515001950
20120515001953
20120515001956
20120515001958
20120515001962
20120515001967
20120515001971
20120515001975
20120515001978
20120515001988
20120515001991
20120515001994
20120515001997
20120515002005
20120515002008
20120515002010
20120515002012
20120515002013
20120515002019
20120515002025
20120515002029
20120515002032
20120515002039
20120515002058
20120515002059
20120515002067
20120515002076
20120515002085
20120515002086
20120515002094
20120515002099
20120515002105
20120515002109
20120515002112
20120515002123
20120515002126
20120515002131
20120515002132
20120515002135
20120515002146
20120515002149
20120515002151
20120516000033
20120516000043
20120516000085
20120516000100
20120516000262
20120517000375
20120521000013
20120521000186
20120521000284
20120522000014
20120522000059
20120523000185
20120523000246
20120524000040
20120524000187
20120525000261
20120525000368
20120525000476
20120529000001
20120529000011
20120529000121
20120529000141
20120529000175
20120529000239
20120529000240
20120529000336
20120529000403
20120530000001
20120530000062
20120530000080
20120530000088
20120530000097
20120530000100
20120530000126
20120530000148
20120530000189
20120530000192
20120530000196
20120530000198
20120530000212
20120530000228
20120530000231
20120530000233
20120530000253
20120530000258
20120530000271
20120530000276
20120530000295
20120530000326
20120530000336
20120530000352
20120530000411
20120530000423
20120530000446
20120530000447
20120530000449
20120530000454
20120530000478
20120530000488
20120530000493
20120530000496
20120530000505
20120530000521
20120530000538
20120530000539
20120530000540
20120530000543
20120530000551
20120530000572
20120530000586
20120530000605
20120530000618
20120530000637
20120530000643
20120530000647
20120530000649
20120530000652
20120530000678
20120530000691
20120530000695
20120530000697
20120530000702
20120530000707
20120530000709
20120530000741
20120530000744
20120530000768
20120530000771
20120530000779
20120530000780
20120530000790
20120530000797
20120530000806
20120530000817
20120530000843
20120530000846
20120530000847
20120530000859
20120530000863
20120530000864
20120530000865
20120530000868
20120530000885
20120530000900
20120530000917
20120530000933
20120530000935
20120530000939
20120530000947
20120530000958
20120530000963
20120530000967
20120530000979
20120530000980
20120530000982
20120530000992
20120530000995
20120530001010
20120530001021
20120530001037
20120601000215
20120601000305
20120604000201
20120611000090
20120619000057
20120619000108
20120705000236
20120711000192
20120713000002
20120713000174
20120718000158
20120719000040
20120727000105
20120731000170
20120802000103
20120803000203
20120807000018
20120807000073
20120807000144
20120808000238
20120809000034
20120809000035
20120809000064
20120809000124
20120810000006
20120810000080
20120810000083
20120810000093
20120810000148
20120810000234
20120810000285
20120810000336
20120810000349
20120810000397
20120813000001
20120813000029
20120813000057
20120813000065
20120813000070
20120813000076
20120813000079
20120813000106
20120813000118
20120813000119
20120813000122
20120813000124
20120813000125
20120813000136
20120813000139
20120813000150
20120813000151
20120813000160
20120813000177
20120813000181
20120813000197
20120813000220
20120813000241
20120813000280
20120813000281
20120813000310
20120813000315
20120813000320
20120813000337
20120813000340
20120813000356
20120813000367
20120813000383
20120813000399
20120813000405
20120813000416
20120813000417
20120813000427
20120813000452
20120813000465
20120813000498
20120813000499
20120813000505
20120813000512
20120814000003
20120814000004
20120814000006
20120814000013
20120814000020
20120814000023
20120814000024
20120814000026
20120814000032
20120814000038
20120814000039
20120814000040
20120814000041
20120814000042
20120814000050
20120814000054
20120814000056
20120814000057
20120814000059
20120814000060
20120814000068
20120814000080
20120814000085
20120814000087
20120814000088
20120814000090
20120814000093
20120814000096
20120814000116
20120814000125
20120814000140
20120814000149
20120814000150
20120814000156
20120814000159
20120814000161
20120814000164
20120814000165
20120814000167
20120814000179
20120814000181
20120814000182
20120814000183
20120814000188
20120814000192
20120814000202
20120814000208
20120814000210
20120814000217
20120814000228
20120814000239
20120814000242
20120814000247
20120814000249
20120814000254
20120814000255
20120814000256
20120814000260
20120814000261
20120814000265
20120814000266
20120814000271
20120814000272
20120814000280
20120814000285
20120814000290
20120814000296
20120814000297
20120814000303
20120814000306
20120814000312
20120814000331
20120814000332
20120814000333
20120814000335
20120814000338
20120814000340
20120814000344
20120814000345
20120814000348
20120814000350
20120814000356
20120814000369
20120814000373
20120814000376
20120814000384
20120814000391
20120814000396
20120814000398
20120814000405
20120814000410
20120814000415
20120814000418
20120814000419
20120814000421
20120814000422
20120814000423
20120814000427
20120814000436
20120814000445
20120814000449
20120814000451
20120814000464
20120814000468
20120814000484
20120814000496
20120814000502
20120814000503
20120814000504
20120814000508
20120814000510
20120814000514
20120814000515
20120814000525
20120814000540
20120814000545
20120814000562
20120814000566
20120814000574
20120814000577
20120814000578
20120814000584
20120814000590
20120814000598
20120814000603
20120814000604
20120814000609
20120814000611
20120814000620
20120814000629
20120814000632
20120814000638
20120814000641
20120814000643
20120814000644
20120814000645
20120814000651
20120814000655
20120814000656
20120814000670
20120814000692
20120814000708
20120814000710
20120814000717
20120814000723
20120814000740
20120814000741
20120814000743
20120814000753
20120814000754
20120814000759
20120814000764
20120814000770
20120814000774
20120814000775
20120814000779
20120814000781
20120814000791
20120814000799
20120814000800
20120814000807
20120814000809
20120814000817
20120814000820
20120814000829
20120814000832
20120814000834
20120814000839
20120814000841
20120814000854
20120814000855
20120814000862
20120814000863
20120814000867
20120814000870
20120814000871
20120814000874
20120814000875
20120814000879
20120814000880
20120814000885
20120814000889
20120814000899
20120814000904
20120814000908
20120814000909
20120814000911
20120814000914
20120814000920
20120814000921
20120814000924
20120814000925
20120814000929
20120814000936
20120814000942
20120814000945
20120814000947
20120814000960
20120814000965
20120814000968
20120814000980
20120814000988
20120814001004
20120814001009
20120814001011
20120814001012
20120814001014
20120814001024
20120814001045
20120814001047
20120814001050
20120814001056
20120814001060
20120814001061
20120814001062
20120814001063
20120814001070
20120814001076
20120814001079
20120814001080
20120814001083
20120814001087
20120814001090
20120814001092
20120814001101
20120814001121
20120814001122
20120814001123
20120814001124
20120814001135
20120814001138
20120814001144
20120814001147
20120814001162
20120814001164
20120814001172
20120814001177
20120814001180
20120814001185
20120814001188
20120814001195
20120814001207
20120814001217
20120814001223
20120814001225
20120814001226
20120814001230
20120814001238
20120814001240
20120814001241
20120814001245
20120814001249
20120814001251
20120814001266
20120814001271
20120814001272
20120814001275
20120814001278
20120814001288
20120814001309
20120814001315
20120814001324
20120814001325
20120814001327
20120814001332
20120814001336
20120814001338
20120814001343
20120814001349
20120814001350
20120814001354
20120814001355
20120814001358
20120814001361
20120814001362
20120814001366
20120814001374
20120814001379
20120814001381
20120814001386
20120814001389
20120814001391
20120814001394
20120814001395
20120814001398
20120814001401
20120814001403
20120814001413
20120814001414
20120814001420
20120814001437
20120814001443
20120814001445
20120814001447
20120814001450
20120814001458
20120814001464
20120814001470
20120814001474
20120814001476
20120814001479
20120814001488
20120814001496
20120814001500
20120814001502
20120814001503
20120814001521
20120814001525
20120814001526
20120814001533
20120814001536
20120814001546
20120814001549
20120814001557
20120814001560
20120814001561
20120814001568
20120814001570
20120814001579
20120814001601
20120814001604
20120814001613
20120814001618
20120814001621
20120814001623
20120814001629
20120814001630
20120814001642
20120814001645
20120814001648
20120814001649
20120814001655
20120814001663
20120814001669
20120814001692
20120814001704
20120814001711
20120814001719
20120814001723
20120814001724
20120814001732
20120814001745
20120814001759
20120814001766
20120814001775
20120814001776
20120814001779
20120814001784
20120814001795
20120814001801
20120814001803
20120814001807
20120814001815
20120814001818
20120814001820
20120814001824
20120814001826
20120814001827
20120814001830
20120814001846
20120814001852
20120814001860
20120814001865
20120814001866
20120814001871
20120814001876
20120814001880
20120814001885
20120814001889
20120814001890
20120814001891
20120814001898
20120814001907
20120814001913
20120814001914
20120814001915
20120814001917
20120814001921
20120814001926
20120814001928
20120814001942
20120814001948
20120814001950
20120814001968
20120814001969
20120814001971
20120814001976
20120814001982
20120814001985
20120814001987
20120814001991
20120814002001
20120814002007
20120814002009
20120814002013
20120814002016
20120814002019
20120814002021
20120814002030
20120816000001
20120816000049
20120816000096
20120816000129
20120816000133
20120816000145
20120816000152
20120816000169
20120816000218
20120817000001
20120817000008
20120820000027
20120820000066
20120820000111
20120820000133
20120820000143
20120820000234
20120821000101
20120822000018
20120823000063
20120823000153
20120823000241
20120824000049
20120824000071
20120824000132
20120824000265
20120827000039
20120827000207
20120827000218
20120827000239
20120828000053
20120828000099
20120828000118
20120828000159
20120828000167
20120828000178
20120828000189
20120828000214
20120828000251
20120828000286
20120829000041
20120829000053
20120829000067
20120829000072
20120829000075
20120829000084
20120829000099
20120829000105
20120829000130
20120829000146
20120829000163
20120829000170
20120829000184
20120829000187
20120829000193
20120829000210
20120829000216
20120829000231
20120829000236
20120829000237
20120829000239
20120829000240
20120829000243
20120829000248
20120829000254
20120829000265
20120829000277
20120829000292
20120829000297
20120829000298
20120829000301
20120829000305
20120829000310
20120829000314
20120829000317
20120829000323
20120829000324
20120829000330
20120829000334
20120829000339
20120829000341
20120829000346
20120829000347
20120829000352
20120829000353
20120829000364
20120829000374
20120829000382
20120829000383
20120829000398
20120829000400
20120829000404
20120829000411
20120829000419
20120829000423
20120829000425
20120829000427
20120829000448
20120829000454
20120829000456
20120829000459
20120829000462
20120829000471
20120829000472
20120829000489
20120829000490
20120829000496
20120829000521
20120829000524
20120829000529
20120829000535
20120829000544
20120829000546
20120829000554
20120829000567
20120829000570
20120829000574
20120829000583
20120829000584
20120829000594
20120829000608
20120829000609
20120829000639
20120829000642
20120829000647
20120829000674
20120829000685
20120829000688
20120830000393
20120905000103
20120905000162
20120906000124
20120911000011
20120911000123
20120912000257
20120914000078
20120919000038
20120926000131
20120927000239
20120928000277
20120928000419
20121004000019
20121004000092
20121004000106
20121005000003
20121005000010
20121005000018
20121005000032
20121005000035
20121005000043
20121005000069
20121005000127
20121005000151
20121005000166
20121005000176
20121005000179
20121005000183
20121005000214
20121005000229
20121005000237
20121005000260
20121005000279
20121005000283
20121005000285
20121005000290
20121005000314
20121005000337
20121005000339
20121005000404
20121008000091
20121008000115
20121008000182
20121008000206
20121009000077
20121009000189
20121009000346
20121010000188
20121010000299
20121011000040
20121011000052
20121012000076
20121012000219
20121017000117
20121018000175
20121019000131
20121031000023
20121031000032
20121031000067
20121031000115
20121031000310
20121101000157
20121101000174
20121105000180
20121106000030
20121107000001
20121107000003
20121107000013
20121107000183
20121108000018
20121108000151
20121108000221
20121108000255
20121108000257
20121109000005
20121109000043
20121109000045
20121109000084
20121109000125
20121109000142
20121109000180
20121109000233
20121109000261
20121109000292
20121112000019
20121112000032
20121112000088
20121112000096
20121112000171
20121112000226
20121112000246
20121113000001
20121113000038
20121113000046
20121113000047
20121113000054
20121113000062
20121113000063
20121113000068
20121113000074
20121113000092
20121113000104
20121113000109
20121113000117
20121113000122
20121113000125
20121113000136
20121113000141
20121113000147
20121113000149
20121113000151
20121113000152
20121113000166
20121113000167
20121113000174
20121113000178
20121113000190
20121113000202
20121113000213
20121113000214
20121113000215
20121113000216
20121113000226
20121113000268
20121113000270
20121113000284
20121113000344
20121113000346
20121113000356
20121113000370
20121113000388
20121113000421
20121113000422
20121113000432
20121113000447
20121113000489
20121113000492
20121114000009
20121114000010
20121114000019
20121114000027
20121114000034
20121114000041
20121114000043
20121114000046
20121114000049
20121114000050
20121114000057
20121114000060
20121114000063
20121114000068
20121114000070
20121114000072
20121114000077
20121114000078
20121114000079
20121114000087
20121114000089
20121114000091
20121114000094
20121114000096
20121114000099
20121114000102
20121114000105
20121114000110
20121114000111
20121114000119
20121114000124
20121114000125
20121114000131
20121114000133
20121114000134
20121114000136
20121114000137
20121114000145
20121114000157
20121114000160
20121114000167
20121114000181
20121114000184
20121114000188
20121114000190
20121114000193
20121114000197
20121114000200
20121114000206
20121114000210
20121114000215
20121114000219
20121114000226
20121114000233
20121114000235
20121114000238
20121114000244
20121114000253
20121114000258
20121114000259
20121114000263
20121114000265
20121114000267
20121114000268
20121114000269
20121114000274
20121114000292
20121114000302
20121114000306
20121114000308
20121114000309
20121114000310
20121114000311
20121114000313
20121114000320
20121114000328
20121114000333
20121114000335
20121114000337
20121114000339
20121114000352
20121114000359
20121114000363
20121114000364
20121114000365
20121114000380
20121114000382
20121114000390
20121114000394
20121114000402
20121114000403
20121114000404
20121114000409
20121114000410
20121114000411
20121114000412
20121114000421
20121114000422
20121114000433
20121114000434
20121114000442
20121114000444
20121114000445
20121114000456
20121114000462
20121114000464
20121114000468
20121114000472
20121114000482
20121114000487
20121114000489
20121114000496
20121114000502
20121114000506
20121114000507
20121114000511
20121114000514
20121114000515
20121114000516
20121114000522
20121114000524
20121114000525
20121114000528
20121114000541
20121114000543
20121114000544
20121114000556
20121114000570
20121114000571
20121114000572
20121114000575
20121114000576
20121114000578
20121114000586
20121114000597
20121114000622
20121114000623
20121114000633
20121114000637
20121114000644
20121114000654
20121114000655
20121114000657
20121114000679
20121114000687
20121114000688
20121114000692
20121114000695
20121114000699
20121114000701
20121114000702
20121114000704
20121114000708
20121114000712
20121114000715
20121114000717
20121114000723
20121114000725
20121114000730
20121114000732
20121114000734
20121114000735
20121114000737
20121114000743
20121114000745
20121114000753
20121114000754
20121114000755
20121114000764
20121114000768
20121114000780
20121114000789
20121114000790
20121114000794
20121114000798
20121114000811
20121114000819
20121114000826
20121114000836
20121114000838
20121114000840
20121114000842
20121114000855
20121114000856
20121114000860
20121114000862
20121114000863
20121114000867
20121114000875
20121114000876
20121114000885
20121114000894
20121114000900
20121114000903
20121114000906
20121114000909
20121114000912
20121114000913
20121114000920
20121114000926
20121114000927
20121114000932
20121114000935
20121114000936
20121114000938
20121114000946
20121114000948
20121114000951
20121114000952
20121114000958
20121114000961
20121114000965
20121114000969
20121114000970
20121114000974
20121114000984
20121114001003
20121114001004
20121114001012
20121114001013
20121114001019
20121114001026
20121114001038
20121114001040
20121114001043
20121114001054
20121114001055
20121114001056
20121114001071
20121114001074
20121114001090
20121114001093
20121114001094
20121114001099
20121114001111
20121114001113
20121114001114
20121114001119
20121114001128
20121114001130
20121114001132
20121114001133
20121114001141
20121114001151
20121114001157
20121114001158
20121114001160
20121114001169
20121114001170
20121114001174
20121114001180
20121114001181
20121114001182
20121114001185
20121114001186
20121114001190
20121114001208
20121114001211
20121114001221
20121114001231
20121114001232
20121114001238
20121114001241
20121114001242
20121114001245
20121114001257
20121114001267
20121114001268
20121114001277
20121114001283
20121114001286
20121114001292
20121114001295
20121114001300
20121114001301
20121114001305
20121114001308
20121114001311
20121114001313
20121114001330
20121114001332
20121114001339
20121114001342
20121114001343
20121114001350
20121114001351
20121114001352
20121114001359
20121114001360
20121114001371
20121114001372
20121114001375
20121114001384
20121114001393
20121114001399
20121114001402
20121114001405
20121114001407
20121114001410
20121114001419
20121114001420
20121114001422
20121114001425
20121114001427
20121114001428
20121114001431
20121114001434
20121114001435
20121114001437
20121114001440
20121114001441
20121114001454
20121114001456
20121114001470
20121114001471
20121114001472
20121114001475
20121114001476
20121114001481
20121114001483
20121114001485
20121114001488
20121114001489
20121114001490
20121114001506
20121114001512
20121114001513
20121114001516
20121114001517
20121114001521
20121114001522
20121114001527
20121114001532
20121114001541
20121114001544
20121114001547
20121114001554
20121114001564
20121114001571
20121114001576
20121114001583
20121114001585
20121114001595
20121114001600
20121114001601
20121114001607
20121114001608
20121114001611
20121114001612
20121114001615
20121114001617
20121114001619
20121114001621
20121114001630
20121114001633
20121114001639
20121114001640
20121114001643
20121114001649
20121114001651
20121114001656
20121114001658
20121114001661
20121114001662
20121114001663
20121114001680
20121114001688
20121114001693
20121114001700
20121114001703
20121114001714
20121114001728
20121114001740
20121114001741
20121114001744
20121114001753
20121114001754
20121114001765
20121114001772
20121114001778
20121114001780
20121114001792
20121114001795
20121114001799
20121114001800
20121114001803
20121114001810
20121114001819
20121114001820
20121114001822
20121114001828
20121114001833
20121114001851
20121114001856
20121114001861
20121114001868
20121114001870
20121114001878
20121114001888
20121114001890
20121114001892
20121114001893
20121114001958
20121114001960
20121115000008
20121115000033
20121115000165
20121115000211
20121115000234
20121115000274
20121115000309
20121115000316
20121116000013
20121116000099
20121116000143
20121116000257
20121119000200
20121121000160
20121122000187
20121122000226
20121123000209
20121123000232
20121123000238
20121126000097
20121126000197
20121127000023
20121127000078
20121127000116
20121127000198
20121128000054
20121128000196
20121128000208
20121128000216
20121128000217
20121128000218
20121128000222
20121128000226
20121128000236
20121128000321
20121128000334
20121129000038
20121129000168
20121129000193
20121129000217
20121129000223
20121129000275
20121129000281
20121129000317
20121129000355
20121129000374
20121129000378
20121129000404
20121129000414
20121129000421
20121129000422
20121129000430
20121129000463
20121129000469
20121129000486
20121129000491
20121129000495
20121129000499
20121129000500
20121129000501
20121129000507
20121129000516
20121129000519
20121129000522
20121129000523
20121129000526
20121129000542
20121129000543
20121129000550
20121129000552
20121129000559
20121129000572
20121129000585
20121129000588
20121129000589
20121129000599
20121129000602
20121129000612
20121129000616
20121129000617
20121129000630
20121129000639
20121129000665
20121129000667
20121129000668
20121129000670
20121129000681
20121129000684
20121129000689
20121129000693
20121129000696
20121129000708
20121129000716
20121129000732
20121129000761
20121129000775
20121129000777
20121129000780
20121129000799
20121129000805
20121129000815
20121129000820
20121129000826
20121129000837
20121129000848
20121129000867
20121129000869
20121129000870
20121129000874
20121129000896
20121129000917
20121129000925
20121129000931
20121129000939
20121129000944
20121129000951
20121129000964
20121129000965
20121129000983
20121129000993
20121129001038
20121129001041
20121129001055
20121129001060
20121129001077
20121129001104
20121129001131
20121130000071
20121130001286
20121203000027
20121206000054
20121206000078
20121207000022
20130111000068
20130204000040
20130213000163
20130214000041
20130214000114
20130214000117
20130214000135
20130214000140
20130214000191
20130214000193
20130214000195
20130214000199
20130214000221
20130214000224
20130214000226
20130214000244
20130214000269
20130214000292
20130214000297
20130214000312
20130214000349
20130214000366
20130228000992
20130304000097
20130304000141
20130304000175
20130304000230
20130304000240
20130304000275
20130304000299
20130304000318
20130307000692
20130307000711
20130312000150
20130312000156
20130312000159
20130312000277
20130320000242
20130412001407
20130415000374
20130422000262
20130422000401
20130503000411
20130507000011
20130508000153
20130509000596
20130510000308
20130510000344
20130510000408
20130510000955
20130510001739
20130510002491
20130513000012
20130513000116
20130513000761
20130513001795
20130513001967
20130513002353
20130513002441
20130513002952
20130513003570
20130513003965
20130513004080
20130513004087
20130513004501
20130513004543
20130514000105
20130514000197
20130514000210
20130514000272
20130514000744
20130514000887
20130514000980
20130514000987
20130514001640
20130514001646
20130514002188
20130514002480
20130514002697
20130514002991
20130514003009
20130514003056
20130514003085
20130514003265
20130514003491
20130514003510
20130514003627
20130514003656
20130514003680
20130514003890
20130514003916
20130514004234
20130514004372
20130514004416
20130514004587
20130514004661
20130514004702
20130514004706
20130514004813
20130514004937
20130514004953
20130514004956
20130514005015
20130514005146
20130515000042
20130515000058
20130515000060
20130515000073
20130515000075
20130515000078
20130515000093
20130515000111
20130515000156
20130515000157
20130515000171
20130515000200
20130515000203
20130515000222
20130515000226
20130515000244
20130515000272
20130515000282
20130515000292
20130515000313
20130515000331
20130515000346
20130515000353
20130515000363
20130515000378
20130515000388
20130515000390
20130515000391
20130515000398
20130515000400
20130515000409
20130515000424
20130515000425
20130515000427
20130515000428
20130515000439
20130515000449
20130515000469
20130515000472
20130515000476
20130515000492
20130515000496
20130515000500
20130515000503
20130515000517
20130515000533
20130515000535
20130515000536
20130515000540
20130515000559
20130515000561
20130515000562
20130515000563
20130515000567
20130515000572
20130515000573
20130515000578
20130515000581
20130515000588
20130515000596
20130515000598
20130515000601
20130515000604
20130515000614
20130515000616
20130515000623
20130515000633
20130515000636
20130515000640
20130515000641
20130515000644
20130515000650
20130515000656
20130515000659
20130515000673
20130515000679
20130515000697
20130515000711
20130515000716
20130515000717
20130515000721
20130515000730
20130515000731
20130515000737
20130515000742
20130515000746
20130515000748
20130515000752
20130515000755
20130515000758
20130515000761
20130515000764
20130515000770
20130515000782
20130515000789
20130515000791
20130515000793
20130515000799
20130515000807
20130515000809
20130515000811
20130515000813
20130515000818
20130515000821
20130515000822
20130515000823
20130515000827
20130515000829
20130515000834
20130515000836
20130515000842
20130515000847
20130515000855
20130515000857
20130515000858
20130515000861
20130515000865
20130515000866
20130515000875
20130515000876
20130515000880
20130515000882
20130515000883
20130515000884
20130515000886
20130515000888
20130515000900
20130515000903
20130515000907
20130515000910
20130515000911
20130515000913
20130515000916
20130515000917
20130515000919
20130515000926
20130515000935
20130515000938
20130515000940
20130515000949
20130515000953
20130515000955
20130515000965
20130515000968
20130515000973
20130515000976
20130515000977
20130515001004
20130515001008
20130515001010
20130515001012
20130515001015
20130515001027
20130515001028
20130515001037
20130515001042
20130515001050
20130515001053
20130515001066
20130515001070
20130515001073
20130515001077
20130515001078
20130515001080
20130515001083
20130515001086
20130515001087
20130515001088
20130515001089
20130515001094
20130515001096
20130515001098
20130515001107
20130515001111
20130515001118
20130515001121
20130515001124
20130515001131
20130515001146
20130515001151
20130515001158
20130515001159
20130515001163
20130515001166
20130515001173
20130515001175
20130515001177
20130515001178
20130515001189
20130515001190
20130515001194
20130515001195
20130515001200
20130515001201
20130515001205
20130515001208
20130515001209
20130515001214
20130515001218
20130515001228
20130515001242
20130515001254
20130515001279
20130515001296
20130515001305
20130515001318
20130515001326
20130515001332
20130515001334
20130515001343
20130515001348
20130515001349
20130515001359
20130515001363
20130515001370
20130515001392
20130515001402
20130515001404
20130515001408
20130515001410
20130515001415
20130515001418
20130515001421
20130515001436
20130515001452
20130515001462
20130515001463
20130515001483
20130515001484
20130515001494
20130515001496
20130515001503
20130516000004
20130516000019
20130516000034
20130516000097
20130516000106
20130516000116
20130516000195
20130516000208
20130520000013
20130520000049
20130520000267
20130520000392
20130520000421
20130521000012
20130521000033
20130521000070
20130521000075
20130521000102
20130522000022
20130522000031
20130522000072
20130522000142
20130522000232
20130523000022
20130524000008
20130524000046
20130524000065
20130524000068
20130524000069
20130524000105
20130524000109
20130524000118
20130524000126
20130524000310
20130524000340
20130527000065
20130527000109
20130527000179
20130527000256
20130527000356
20130528000008
20130528000017
20130528000023
20130528000039
20130528000070
20130528000156
20130528000171
20130528000195
20130528000201
20130528000228
20130528000235
20130528000309
20130528000321
20130529000008
20130529000026
20130529000112
20130529000116
20130529000123
20130529000140
20130529000142
20130529000144
20130529000147
20130529000151
20130529000160
20130529000179
20130529000184
20130529000195
20130529000208
20130529000225
20130529000237
20130529000241
20130529000247
20130529000250
20130529000256
20130529000257
20130529000271
20130529000289
20130529000295
20130529000310
20130529000317
20130529000324
20130529000326
20130529000335
20130529000338
20130529000340
20130529000347
20130529000363
20130529000366
20130529000370
20130529000378
20130529000381
20130529000398
20130529000406
20130529000412
20130529000417
20130529000418
20130529000421
20130529000424
20130529000429
20130529000434
20130529000446
20130529000473
20130529000481
20130530000018
20130530000030
20130530000034
20130530000038
20130530000039
20130530000040
20130530000041
20130530000047
20130530000049
20130530000057
20130530000063
20130530000068
20130530000076
20130530000078
20130530000088
20130530000097
20130530000099
20130530000103
20130530000104
20130530000109
20130530000115
20130530000116
20130530000119
20130530000125
20130530000147
20130530000149
20130530000150
20130530000154
20130530000174
20130530000179
20130530000192
20130530000198
20130530000199
20130530000204
20130530000206
20130530000209
20130530000212
20130530000220
20130530000229
20130530000232
20130530000237
20130530000242
20130530000243
20130530000244
20130530000246
20130530000250
20130530000252
20130530000253
20130530000257
20130530000258
20130530000259
20130530000260
20130530000261
20130530000268
20130530000269
20130530000270
20130530000279
20130530000283
20130530000284
20130530000286
20130530000288
20130530000290
20130530000294
20130530000298
20130530000300
20130530000303
20130530000306
20130530000319
20130530000325
20130530000327
20130530000330
20130530000331
20130530000333
20130530000335
20130530000336
20130530000349
20130530000353
20130530000356
20130530000357
20130530000358
20130530000361
20130530000367
20130530000369
20130530000372
20130530000374
20130530000375
20130530000378
20130530000379
20130530000383
20130530000387
20130530000391
20130530000396
20130530000400
20130530000401
20130530000403
20130530000404
20130530000405
20130530000406
20130530000409
20130530000413
20130530000418
20130530000419
20130530000444
20130530000445
20130530000460
20130530000464
20130530000467
20130530000471
20130530000473
20130530000484
20130530000485
20130530000486
20130530000490
20130530000491
20130530000502
20130530000509
20130530000514
20130530000518
20130530000526
20130530000527
20130530000528
20130530000529
20130530000532
20130530000536
20130530000537
20130530000538
20130530000539
20130530000540
20130530000542
20130530000544
20130530000545
20130530000547
20130530000548
20130530000552
20130530000561
20130530000566
20130530000569
20130530000572
20130530000577
20130530000579
20130530000580
20130530000585
20130530000587
20130530000588
20130530000595
20130530000599
20130530000605
20130530000607
20130530000608
20130530000614
20130530000615
20130530000616
20130530000618
20130530000619
20130530000631
20130530000632
20130530000633
20130530000635
20130530000637
20130530000646
20130530000647
20130530000648
20130530000653
20130530000655
20130530000656
20130530000658
20130530000660
20130530000671
20130530000675
20130530000677
20130530000679
20130530000682
20130530000690
20130530000691
20130530000695
20130530000699
20130530000702
20130530000703
20130530000704
20130530000707
20130530000710
20130530000711
20130530000716
20130530000717
20130530000718
20130530000721
20130530000724
20130530000727
20130530000731
20130530000732
20130530000738
20130530000744
20130530000747
20130530000749
20130530000751
20130530000755
20130530000756
20130530000759
20130530000762
20130530000767
20130530000768
20130530000782
20130530000785
20130530000789
20130530000790
20130530000792
20130530000793
20130530000796
20130530000799
20130530000801
20130530000803
20130530000804
20130530000805
20130530000819
20130530000824
20130530000825
20130530000827
20130530000829
20130530000833
20130530000835
20130530000837
20130530000838
20130530000842
20130530000845
20130530000846
20130530000853
20130530000855
20130530000856
20130530000858
20130530000859
20130530000862
20130530000868
20130530000875
20130530000878
20130530000883
20130530000887
20130530000889
20130530000894
20130530000903
20130530000908
20130530000915
20130530000916
20130530000920
20130530000923
20130530000924
20130530000925
20130530000926
20130530000928
20130530000930
20130530000937
20130530000941
20130530000942
20130530000943
20130530000947
20130530000950
20130530000952
20130530000954
20130530000956
20130530000958
20130530000961
20130530000962
20130530000963
20130530000964
20130530000970
20130530000971
20130530000974
20130530000979
20130530000981
20130530000982
20130530000985
20130530000987
20130530000988
20130530000989
20130530000990
20130530000992
20130530000995
20130530000998
20130530001007
20130530001011
20130530001018
20130530001024
20130530001025
20130530001044
20130530001046
20130530001047
20130530001056
20130530001057
20130530001058
20130530001062
20130530001063
20130530001064
20130530001068
20130530001073
20130530001083
20130530001087
20130530001092
20130530001097
20130530001101
20130530001105
20130530001108
20130530001109
20130530001117
20130530001120
20130530001123
20130530001124
20130530001126
20130530001130
20130530001133
20130530001140
20130530001141
20130530001142
20130530001144
20130530001145
20130530001154
20130530001159
20130530001162
20130530001163
20130530001193
20130530001202
20130530001210
20130530001212
20130530001214
20130530001215
20130530001217
20130530001230
20130530001231
20130530001245
20130530001256
20130530001258
20130530001259
20130530001262
20130530001274
20130530001284
20130530001288
20130530001307
20130530001315
20130530001321
20130530001325
20130530001326
20130530001329
20130530001331
20130530001332
20130530001338
20130531000438
20130531000519
20130531000528
20130531001527
20130603000008
20130603000274
20130604000011
20130604000074
20130604000076
20130604000080
20130604000087
20130604000119
20130604000133
20130604000146
20130604000197
20130604000269
20130605000067
20130605000173
20130605000175
20130605000225
20130605000227
20130605000271
20130607000218
20130607000362
20130607000396
20130610000151
20130612000101
20130612000273
20130614000310
20130617000327
20130617000414
20130619000170
20130624000021
20130625000015
20130627000105
20130712000257
20130715000211
20130716000169
20130802000294
20130805000272
20130808000255
20130809000246
20130812000024
20130812000025
20130812000029
20130812000034
20130812000051
20130812000136
20130812000147
20130812000196
20130812000288
20130812000409
20130813000013
20130813000032
20130813000046
20130813000049
20130813000090
20130813000095
20130813000096
20130813000116
20130813000117
20130813000198
20130813000210
20130813000215
20130813000232
20130813000240
20130813000245
20130813000249
20130813000266
20130813000270
20130813000271
20130813000289
20130813000290
20130813000294
20130813000310
20130813000331
20130813000389
20130814000010
20130814000012
20130814000018
20130814000027
20130814000039
20130814000057
20130814000058
20130814000061
20130814000072
20130814000075
20130814000088
20130814000109
20130814000113
20130814000114
20130814000123
20130814000146
20130814000148
20130814000149
20130814000153
20130814000175
20130814000179
20130814000193
20130814000196
20130814000207
20130814000210
20130814000215
20130814000236
20130814000268
20130814000277
20130814000285
20130814000292
20130814000308
20130814000310
20130814000311
20130814000313
20130814000314
20130814000344
20130814000358
20130814000380
20130814000391
20130814000400
20130814000410
20130814000422
20130814000424
20130814000427
20130814000428
20130814000429
20130814000434
20130814000438
20130814000443
20130814000450
20130814000452
20130814000460
20130814000464
20130814000469
20130814000475
20130814000477
20130814000481
20130814000484
20130814000491
20130814000505
20130814000513
20130814000514
20130814000521
20130814000522
20130814000536
20130814000543
20130814000553
20130814000557
20130814000565
20130814000569
20130814000572
20130814000578
20130814000590
20130814000595
20130814000602
20130814000606
20130814000607
20130814000625
20130814000646
20130814000653
20130814000662
20130814000663
20130814000665
20130814000672
20130814000685
20130814000695
20130814000711
20130814000712
20130814000718
20130814000720
20130814000736
20130814000739
20130814000740
20130814000743
20130814000744
20130814000746
20130814000748
20130814000754
20130814000766
20130814000767
20130814000773
20130814000780
20130814000783
20130814000789
20130814000798
20130814000809
20130814000810
20130814000812
20130814000816
20130814000825
20130814000826
20130814000828
20130814000831
20130814000841
20130814000844
20130814000853
20130814000857
20130814000858
20130814000859
20130814000865
20130814000868
20130814000873
20130814000881
20130814000886
20130814000887
20130814000890
20130814000892
20130814000896
20130814000897
20130814000899
20130814000909
20130814000919
20130814000921
20130814000931
20130814000939
20130814000966
20130814000971
20130814000972
20130814000984
20130814000988
20130814000991
20130814000996
20130814001007
20130814001008
20130814001009
20130814001010
20130814001011
20130814001015
20130814001016
20130814001020
20130814001027
20130814001040
20130814001043
20130814001044
20130814001051
20130814001055
20130814001058
20130814001066
20130814001067
20130814001068
20130814001070
20130814001071
20130814001075
20130814001076
20130814001081
20130814001084
20130814001091
20130814001093
20130814001111
20130814001117
20130814001121
20130814001139
20130814001144
20130814001150
20130814001152
20130814001154
20130814001156
20130814001157
20130814001178
20130814001182
20130814001191
20130814001205
20130814001208
20130814001211
20130814001220
20130814001225
20130814001232
20130814001239
20130814001240
20130814001248
20130814001257
20130814001261
20130814001283
20130814001285
20130814001287
20130814001292
20130814001300
20130814001302
20130814001322
20130814001342
20130814001345
20130814001361
20130814001363
20130814001387
20130814001388
20130814001393
20130814001404
20130814001405
20130814001419
20130814001426
20130814001433
20130814001462
20130814001468
20130814001473
20130814001482
20130814001488
20130814001492
20130814001498
20130814001503
20130814001509
20130814001517
20130814001518
20130814001558
20130814001562
20130814001576
20130814001583
20130814001586
20130814001590
20130814001600
20130814001605
20130814001639
20130819000026
20130819000075
20130819000154
20130819000218
20130820000031
20130821000010
20130821000110
20130821000170
20130821000238
20130823000062
20130823000068
20130823000075
20130823000106
20130823000156
20130823000199
20130823000335
20130823000379
20130826000025
20130826000057
20130826000088
20130826000101
20130826000103
20130826000116
20130826000123
20130826000158
20130826000216
20130826000321
20130826000409
20130827000046
20130827000067
20130827000068
20130827000070
20130827000085
20130827000087
20130827000089
20130827000125
20130827000129
20130827000145
20130827000151
20130827000176
20130827000179
20130827000182
20130827000196
20130827000226
20130827000240
20130827000247
20130827000310
20130827000325
20130827000364
20130827000366
20130828000017
20130828000018
20130828000028
20130828000031
20130828000059
20130828000076
20130828000089
20130828000095
20130828000108
20130828000119
20130828000120
20130828000122
20130828000135
20130828000137
20130828000148
20130828000151
20130828000166
20130828000168
20130828000188
20130828000193
20130828000204
20130828000208
20130828000211
20130828000216
20130828000230
20130828000236
20130828000239
20130828000243
20130828000249
20130828000251
20130828000269
20130828000282
20130828000292
20130828000318
20130828000321
20130828000328
20130828000331
20130828000340
20130828000358
20130828000383
20130828000399
20130828000405
20130828000436
20130828000444
20130828000449
20130828000458
20130828000471
20130828000495
20130828000505
20130828000514
20130828000518
20130828000546
20130828000560
20130829000020
20130829000024
20130829000030
20130829000031
20130829000032
20130829000034
20130829000041
20130829000046
20130829000058
20130829000065
20130829000067
20130829000080
20130829000083
20130829000085
20130829000094
20130829000100
20130829000104
20130829000112
20130829000113
20130829000114
20130829000115
20130829000117
20130829000128
20130829000129
20130829000134
20130829000141
20130829000149
20130829000167
20130829000181
20130829000185
20130829000193
20130829000195
20130829000197
20130829000198
20130829000200
20130829000204
20130829000205
20130829000206
20130829000244
20130829000269
20130829000278
20130829000280
20130829000283
20130829000288
20130829000289
20130829000292
20130829000297
20130829000299
20130829000300
20130829000306
20130829000312
20130829000314
20130829000318
20130829000322
20130829000324
20130829000347
20130829000348
20130829000357
20130829000362
20130829000366
20130829000367
20130829000370
20130829000373
20130829000374
20130829000376
20130829000380
20130829000385
20130829000394
20130829000396
20130829000400
20130829000415
20130829000421
20130829000422
20130829000436
20130829000437
20130829000443
20130829000448
20130829000449
20130829000453
20130829000464
20130829000472
20130829000473
20130829000478
20130829000494
20130829000499
20130829000506
20130829000515
20130829000518
20130829000525
20130829000527
20130829000533
20130829000535
20130829000540
20130829000545
20130829000552
20130829000568
20130829000574
20130829000576
20130829000589
20130829000608
20130829000610
20130829000619
20130829000624
20130829000632
20130829000640
20130829000648
20130829000660
20130829000663
20130829000671
20130829000682
20130829000691
20130829000715
20130829000718
20130829000719
20130829000723
20130829000729
20130829000732
20130829000735
20130829000738
20130829000744
20130829000747
20130829000750
20130829000754
20130829000755
20130829000757
20130829000758
20130829000760
20130829000763
20130829000772
20130829000778
20130829000782
20130829000788
20130829000790
20130829000794
20130829000795
20130829000800
20130829000802
20130829000803
20130829000813
20130829000814
20130829000816
20130829000827
20130829000831
20130829000832
20130829000833
20130829000834
20130829000836
20130829000846
20130829000852
20130829000857
20130829000859
20130829000866
20130829000869
20130829000870
20130829000876
20130829000878
20130829000879
20130829000881
20130829000882
20130829000883
20130829000884
20130829000885
20130829000891
20130829000895
20130829000899
20130829000900
20130829000902
20130829000907
20130829000909
20130829000912
20130829000913
20130829000914
20130829000915
20130829000917
20130829000919
20130829000926
20130829000927
20130829000929
20130829000933
20130829000936
20130829000937
20130829000943
20130829000945
20130829000951
20130829000952
20130829000954
20130829000958
20130829000962
20130829000965
20130829000974
20130829000985
20130829000987
20130829000989
20130829000992
20130829001011
20130829001016
20130829001017
20130829001029
20130829001030
20130829001034
20130829001039
20130829001041
20130829001043
20130829001048
20130829001055
20130829001060
20130829001066
20130829001073
20130829001074
20130829001075
20130829001076
20130829001078
20130829001080
20130829001081
20130829001096
20130829001098
20130829001106
20130829001119
20130829001124
20130829001127
20130829001129
20130829001138
20130829001139
20130829001142
20130829001144
20130829001151
20130829001152
20130829001158
20130829001159
20130829001163
20130829001164
20130829001168
20130829001183
20130829001189
20130829001191
20130829001194
20130829001200
20130829001217
20130829001220
20130829001222
20130829001224
20130829001226
20130829001234
20130829001236
20130829001240
20130829001261
20130829001264
20130829001265
20130829001273
20130829001280
20130829001290
20130829001295
20130829001297
20130829001298
20130829001301
20130829001307
20130829001311
20130829001314
20130829001318
20130829001324
20130829001325
20130829001327
20130829001331
20130829001339
20130829001345
20130829001355
20130829001357
20130829001363
20130829001371
20130829001376
20130829001382
20130829001383
20130829001396
20130829001409
20130829001413
20130829001417
20130829001427
20130829001433
20130829001444
20130829001448
20130829001451
20130829001453
20130829001455
20130829001459
20130829001470
20130829001474
20130829001476
20130829001479
20130829001480
20130829001487
20130829001502
20130829001506
20130829001508
20130829001512
20130829001517
20130829001531
20130829001539
20130829001569
20130829001576
20130829001584
20130829001586
20130829001593
20130829001600
20130829001612
20130829001613
20130829001619
20130829001622
20130829001630
20130829001639
20130829001645
20130829001651
20130829001652
20130829001654
20130829001685
20130829001698
20130829001701
20130829001702
20130829001718
20130829001726
20130829001741
20130829001745
20130829001748
20130829001749
20130829001764
20130829001765
20130829001785
20130829001789
20130829001795
20130829001797
20130829001800
20130829001801
20130829001807
20130829001823
20130829001827
20130829001831
20130829001840
20130829001843
20130829001865
20130829001867
20130830000145
20130830000441
20130830000445
20130830000903
20130830000922
20130830001333
20130902000114
20130902000270
20130902000429
20130902000451
20130903000293
20130904000064
20130904000088
20130904000100
20130905000094
20130910000041
20130917000274
20130917000276
20130925000123
20131007000177
20131015000193
20131016000123
20131016000137
20131028000072
20131029000092
20131030000045
20131101000283
20131104000110
20131105000028
20131105000344
20131106000046
20131106000240
20131108000263
20131108000300
20131111000012
20131111000205
20131111000320
20131112000003
20131112000005
20131112000008
20131112000039
20131112000058
20131112000106
20131112000165
20131112000185
20131112000201
20131112000210
20131113000024
20131113000027
20131113000028
20131113000042
20131113000044
20131113000071
20131113000084
20131113000131
20131113000144
20131113000171
20131113000215
20131113000222
20131113000232
20131113000233
20131113000243
20131113000253
20131113000273
20131113000283
20131113000284
20131113000322
20131113000328
20131113000330
20131113000374
20131113000448
20131113000458
20131114000010
20131114000021
20131114000026
20131114000039
20131114000057
20131114000062
20131114000084
20131114000090
20131114000114
20131114000127
20131114000134
20131114000135
20131114000155
20131114000161
20131114000166
20131114000173
20131114000174
20131114000196
20131114000204
20131114000217
20131114000229
20131114000231
20131114000232
20131114000234
20131114000243
20131114000248
20131114000251
20131114000256
20131114000262
20131114000268
20131114000269
20131114000279
20131114000282
20131114000285
20131114000288
20131114000289
20131114000301
20131114000304
20131114000307
20131114000311
20131114000320
20131114000321
20131114000337
20131114000356
20131114000358
20131114000360
20131114000361
20131114000366
20131114000370
20131114000379
20131114000395
20131114000426
20131114000431
20131114000434
20131114000438
20131114000454
20131114000456
20131114000458
20131114000475
20131114000477
20131114000484
20131114000489
20131114000494
20131114000499
20131114000500
20131114000501
20131114000503
20131114000512
20131114000517
20131114000525
20131114000526
20131114000528
20131114000529
20131114000537
20131114000545
20131114000546
20131114000547
20131114000561
20131114000562
20131114000571
20131114000572
20131114000573
20131114000574
20131114000578
20131114000587
20131114000595
20131114000598
20131114000606
20131114000611
20131114000612
20131114000618
20131114000624
20131114000626
20131114000639
20131114000649
20131114000653
20131114000654
20131114000658
20131114000660
20131114000661
20131114000667
20131114000672
20131114000673
20131114000685
20131114000696
20131114000698
20131114000700
20131114000705
20131114000715
20131114000718
20131114000730
20131114000737
20131114000739
20131114000740
20131114000748
20131114000749
20131114000763
20131114000766
20131114000772
20131114000777
20131114000779
20131114000783
20131114000784
20131114000801
20131114000806
20131114000810
20131114000817
20131114000820
20131114000828
20131114000830
20131114000832
20131114000848
20131114000850
20131114000855
20131114000863
20131114000873
20131114000878
20131114000879
20131114000883
20131114000887
20131114000891
20131114000894
20131114000896
20131114000899
20131114000902
20131114000903
20131114000909
20131114000910
20131114000919
20131114000921
20131114000922
20131114000924
20131114000930
20131114000946
20131114000948
20131114000956
20131114000957
20131114000973
20131114000986
20131114000987
20131114000988
20131114000999
20131114001000
20131114001002
20131114001004
20131114001008
20131114001010
20131114001016
20131114001026
20131114001049
20131114001055
20131114001060
20131114001066
20131114001072
20131114001081
20131114001083
20131114001088
20131114001090
20131114001103
20131114001109
20131114001112
20131114001116
20131114001139
20131114001143
20131114001149
20131114001151
20131114001154
20131114001160
20131114001163
20131114001165
20131114001176
20131114001177
20131114001178
20131114001186
20131114001198
20131114001199
20131114001200
20131114001204
20131114001205
20131114001207
20131114001209
20131114001210
20131114001212
20131114001221
20131114001226
20131114001229
20131114001230
20131114001232
20131114001262
20131114001273
20131114001286
20131114001287
20131114001288
20131114001305
20131114001319
20131114001327
20131114001329
20131114001334
20131114001344
20131114001345
20131114001350
20131114001361
20131114001378
20131114001381
20131114001397
20131114001404
20131114001406
20131114001412
20131114001427
20131114001428
20131114001436
20131114001439
20131114001443
20131114001461
20131114001474
20131114001481
20131114001485
20131115000047
20131115000284
20131118000009
20131118000012
20131118000182
20131119000035
20131119000100
20131119000131
20131120000012
20131120000280
20131120000367
20131121000043
20131121000054
20131121000083
20131121000101
20131122000099
20131122000103
20131122000150
20131122000177
20131122000207
20131122000352
20131125000044
20131125000054
20131125000068
20131125000110
20131125000168
20131125000222
20131125000229
20131125000240
20131125000248
20131125000261
20131125000340
20131125000343
20131125000362
20131125000411
20131126000021
20131126000027
20131126000058
20131126000063
20131126000064
20131126000084
20131126000094
20131126000146
20131126000179
20131126000183
20131126000197
20131126000210
20131126000219
20131126000266
20131126000284
20131126000285
20131126000290
20131127000008
20131127000009
20131127000036
20131127000048
20131127000050
20131127000065
20131127000066
20131127000070
20131127000091
20131127000093
20131127000102
20131127000125
20131127000143
20131127000178
20131127000190
20131127000200
20131127000209
20131127000212
20131127000214
20131127000237
20131127000240
20131127000244
20131127000245
20131127000261
20131127000262
20131127000280
20131127000284
20131127000288
20131127000290
20131127000294
20131127000315
20131127000383
20131127000389
20131127000402
20131127000407
20131127000410
20131127000420
20131127000449
20131127000463
20131127000487
20131127000488
20131127000521
20131128000002
20131128000010
20131128000014
20131128000017
20131128000019
20131128000020
20131128000021
20131128000028
20131128000030
20131128000036
20131128000043
20131128000049
20131128000050
20131128000057
20131128000059
20131128000060
20131128000061
20131128000065
20131128000070
20131128000093
20131128000094
20131128000106
20131128000114
20131128000115
20131128000125
20131128000135
20131128000141
20131128000145
20131128000162
20131128000165
20131128000170
20131128000171
20131128000173
20131128000179
20131128000181
20131128000192
20131128000222
20131128000235
20131128000252
20131128000258
20131128000269
20131128000273
20131128000275
20131128000287
20131128000289
20131128000304
20131128000311
20131128000317
20131128000333
20131128000343
20131128000354
20131128000361
20131128000367
20131128000371
20131128000384
20131128000394
20131128000401
20131128000403
20131128000407
20131128000409
20131128000412
20131128000415
20131128000417
20131128000421
20131128000422
20131128000423
20131128000425
20131128000432
20131128000435
20131128000446
20131128000448
20131128000452
20131128000460
20131128000463
20131128000474
20131128000477
20131128000482
20131128000484
20131128000501
20131128000509
20131128000512
20131128000518
20131128000521
20131128000525
20131128000528
20131128000539
20131128000546
20131128000551
20131128000552
20131128000559
20131128000563
20131128000566
20131128000572
20131128000578
20131128000585
20131128000586
20131128000590
20131128000593
20131128000597
20131128000598
20131128000610
20131128000612
20131128000620
20131128000625
20131128000643
20131128000653
20131128000659
20131128000663
20131128000667
20131128000670
20131128000676
20131128000679
20131128000685
20131128000690
20131128000698
20131128000707
20131128000709
20131128000712
20131128000716
20131128000717
20131128000720
20131128000721
20131128000723
20131128000728
20131128000737
20131128000743
20131128000745
20131128000751
20131128000752
20131128000756
20131128000762
20131128000764
20131128000766
20131128000773
20131128000774
20131128000780
20131128000781
20131128000786
20131128000788
20131128000790
20131128000791
20131128000792
20131128000797
20131128000801
20131128000802
20131128000811
20131128000822
20131128000833
20131128000836
20131128000838
20131128000839
20131128000840
20131128000845
20131128000855
20131128000857
20131128000863
20131128000867
20131128000868
20131128000870
20131128000876
20131128000880
20131128000883
20131128000884
20131128000889
20131128000890
20131128000894
20131128000895
20131128000899
20131128000904
20131128000909
20131128000910
20131128000917
20131128000921
20131128000925
20131128000926
20131128000929
20131128000932
20131128000934
20131128000935
20131128000937
20131128000941
20131128000944
20131128000946
20131128000955
20131128000956
20131128000957
20131128000959
20131128000965
20131128000973
20131128000974
20131128000976
20131128000977
20131128000978
20131128000999
20131128001006
20131128001017
20131128001019
20131128001021
20131128001028
20131128001029
20131128001030
20131128001041
20131128001042
20131128001049
20131128001050
20131128001053
20131128001075
20131128001077
20131128001081
20131128001082
20131128001088
20131128001092
20131128001102
20131128001105
20131128001109
20131128001130
20131128001134
20131129000001
20131129000088
20131129000094
20131129000188
20131129000205
20131129000259
20131129000260
20131129000276
20131129000285
20131129000290
20131129000325
20131129000363
20131129000382
20131129000399
20131129000418
20131129000420
20131129000431
20131129000454
20131129000475
20131129000488
20131129000494
20131129000506
20131129000512
20131129000516
20131129000552
20131129000567
20131129000582
20131129000596
20131129000628
20131129000641
20131129000658
20131129000674
20131129000677
20131129000714
20131129000726
20131129000781
20131129000815
20131129000817
20131129000878
20131129000879
20131129000893
20131129000901
20131129000910
20131129000973
20131129000976
20131129000985
20131129001017
20131129001029
20131129001035
20131129001047
20131129001085
20131129001091
20131129001095
20131129001108
20131129001115
20131129001134
20131129001135
20131129001145
20131129001146
20131129001159
20131129001163
20131129001168
20131129001173
20131129001195
20131129001199
20131129001200
20131129001225
20131129001226
20131129001232
20131129001233
20131129001241
20131129001243
20131129001257
20131129001265
20131129001269
20131129001282
20131129001286
20131129001290
20131129001301
20131129001352
20131129001367
20131129001375
20131129001380
20131129001383
20131129001387
20131129001390
20131129001395
20131129001407
20131129001409
20131129001419
20131129001421
20131129001426
20131129001431
20131129001436
20131129001444
20131129001448
20131129001451
20131129001456
20131129001459
20131129001464
20131129001474
20131129001489
20131129001494
20131129001542
20131129001550
20131129001575
20131129001583
20131129001585
20131129001616
20131129001639
20131129001649
20131129001653
20131129001674
20131129001683
20131129001703
20131129001713
20131129001721
20131129001731
20131129001747
20131129001754
20131129001772
20131129001780
20131129001781
20131129001784
20131129001788
20131129001803
20131129001807
20131129001819
20131129001827
20131129001853
20131129001858
20131129001859
20131129001863
20131129001870
20131129001871
20131129001879
20131129001885
20131129001901
20131129001904
20131129001910
20131129001920
20131129001930
20131129001960
20131129001964
20131129001968
20131129001969
20131129001970
20131129001991
20131129002000
20131129002010
20131129002013
20131129002017
20131129002031
20131129002032
20131202000232
20131202000348
20131202000432
20131202000599
20131203000199
20131203000247
20131204000355
20131205000325
20131206000252
20131206000321
20131210000252
20131210000258
20131210000274
20131213000145
20131216000191
20131219000013
20131220000128
20131220000266
20131223000286
20131224000445
20131230000251
20131230000576
20131231000262
20140103000001
20140113000058
20140117000259
20140213000176
20140214000108
20140214000197
20140214000328
20140214000477
20140214000546
20140214000572
20140217000040
20140226000028
20140228001158
20140228001430
20140303000186
20140303000191
20140303000226
20140303000244
20140303000249
20140303000267
20140303000287
20140303000298
20140303000386
20140303000389
20140305000473
20140306000455
20140306000505
20140306000520
20140306000551
20140307000480
20140324000449
20140328001219
20140331003433
20140411001690
20140414000409
20140414001261
20140422000367
20140424000024
20140425000539
20140429000117
20140430000503
20140502000210
20140507000553
20140507000955
20140508001393
20140509001431
20140512000384
20140512000771
20140512001697
20140513000743
20140513001111
20140513001432
20140513001464
20140513001628
20140513002397
20140513002672
20140513003368
20140513003610
20140513004390
20140513004471
20140513004497
20140514000314
20140514000388
20140514000552
20140514000590
20140514000603
20140514001285
20140514001646
20140514001763
20140514002049
20140514002102
20140514002378
20140514002519
20140514002584
20140514002810
20140514002912
20140514003038
20140514003159
20140514003202
20140514003343
20140514003430
20140514003461
20140514003891
20140514003990
20140514003996
20140514004113
20140514004356
20140514004419
20140514004431
20140514004602
20140514004874
20140514005215
20140515000002
20140515000023
20140515000024
20140515000096
20140515000098
20140515000104
20140515000129
20140515000130
20140515000141
20140515000151
20140515000154
20140515000165
20140515000194
20140515000273
20140515000280
20140515000282
20140515000286
20140515000292
20140515000297
20140515000309
20140515000313
20140515000315
20140515000326
20140515000335
20140515000343
20140515000353
20140515000355
20140515000371
20140515000382
20140515000393
20140515000400
20140515000409
20140515000410
20140515000416
20140515000417
20140515000445
20140515000446
20140515000451
20140515000454
20140515000456
20140515000458
20140515000482
20140515000489
20140515000499
20140515000507
20140515000521
20140515000541
20140515000546
20140515000555
20140515000564
20140515000571
20140515000586
20140515000597
20140515000604
20140515000620
20140515000621
20140515000623
20140515000626
20140515000628
20140515000630
20140515000651
20140515000656
20140515000660
20140515000667
20140515000674
20140515000678
20140515000681
20140515000694
20140515000701
20140515000703
20140515000712
20140515000713
20140515000724
20140515000728
20140515000729
20140515000733
20140515000734
20140515000742
20140515000748
20140515000749
20140515000750
20140515000751
20140515000752
20140515000756
20140515000758
20140515000763
20140515000766
20140515000768
20140515000774
20140515000776
20140515000778
20140515000781
20140515000783
20140515000784
20140515000786
20140515000787
20140515000792
20140515000795
20140515000797
20140515000804
20140515000813
20140515000821
20140515000827
20140515000831
20140515000832
20140515000844
20140515000850
20140515000857
20140515000861
20140515000867
20140515000869
20140515000877
20140515000893
20140515000897
20140515000898
20140515000904
20140515000905
20140515000909
20140515000910
20140515000915
20140515000917
20140515000918
20140515000923
20140515000944
20140515000948
20140515000963
20140515000965
20140515000966
20140515000970
20140515000977
20140515000982
20140515000990
20140515000992
20140515000993
20140515000997
20140515000998
20140515000999
20140515001001
20140515001005
20140515001009
20140515001013
20140515001015
20140515001025
20140515001032
20140515001042
20140515001046
20140515001063
20140515001064
20140515001074
20140515001077
20140515001086
20140515001088
20140515001099
20140515001101
20140515001102
20140515001107
20140515001109
20140515001113
20140515001118
20140515001120
20140515001133
20140515001138
20140515001140
20140515001141
20140515001146
20140515001148
20140515001149
20140515001151
20140515001156
20140515001169
20140515001199
20140515001204
20140515001209
20140515001240
20140515001244
20140515001245
20140515001261
20140515001270
20140515001277
20140515001278
20140515001279
20140515001283
20140515001286
20140515001291
20140515001295
20140515001297
20140515001307
20140515001336
20140515001341
20140515001348
20140515001352
20140515001363
20140515001366
20140515001373
20140515001392
20140515001405
20140515001406
20140515001410
20140515001413
20140515001416
20140515001419
20140515001420
20140515001422
20140515001426
20140515001438
20140515001440
20140515001442
20140515001447
20140515001454
20140515001457
20140515001459
20140515001462
20140515001471
20140515001475
20140515001484
20140515001485
20140515001493
20140515001529
20140515001535
20140515001558
20140515001559
20140515001561
20140515001564
20140515001567
20140515001570
20140515001574
20140515001578
20140515001583
20140515001585
20140515001594
20140515001597
20140515001602
20140515001619
20140515001627
20140515001629
20140515001644
20140515001658
20140515001661
20140515001669
20140515001682
20140515001683
20140515001685
20140515001688
20140515001709
20140515001712
20140515001721
20140515001722
20140515001741
20140515001743
20140515001753
20140515001765
20140515001771
20140515001779
20140515001782
20140515001787
20140515001791
20140515001797
20140515001800
20140515001805
20140515001812
20140515001837
20140515001842
20140515001845
20140515001858
20140515001860
20140515001873
20140516000087
20140516000149
20140516000448
20140519000067
20140519000093
20140519000124
20140519000218
20140519000278
20140520000010
20140520000061
20140520000134
20140521000029
20140521000181
20140521000214
20140521000294
20140522000025
20140522000041
20140522000068
20140522000073
20140522000117
20140523000025
20140523000067
20140523000107
20140523000114
20140523000144
20140523000223
20140523000228
20140523000257
20140526000040
20140526000087
20140526000130
20140526000158
20140526000174
20140526000237
20140526000278
20140526000308
20140526000348
20140526000412
20140527000001
20140527000079
20140527000188
20140527000201
20140527000219
20140527000246
20140527000260
20140527000269
20140527000308
20140527000313
20140527000321
20140527000326
20140527000364
20140527000413
20140527000418
20140527000458
20140527000464
20140527000465
20140527000470
20140528000009
20140528000015
20140528000044
20140528000071
20140528000078
20140528000112
20140528000116
20140528000118
20140528000119
20140528000168
20140528000186
20140528000212
20140528000231
20140528000242
20140528000248
20140528000250
20140528000258
20140528000261
20140528000297
20140528000324
20140528000330
20140528000355
20140528000396
20140528000400
20140528000423
20140528000445
20140529000014
20140529000034
20140529000036
20140529000038
20140529000041
20140529000047
20140529000058
20140529000082
20140529000087
20140529000108
20140529000134
20140529000160
20140529000174
20140529000187
20140529000227
20140529000228
20140529000234
20140529000235
20140529000242
20140529000245
20140529000251
20140529000259
20140529000280
20140529000283
20140529000284
20140529000291
20140529000304
20140529000341
20140529000350
20140529000351
20140529000377
20140529000388
20140529000391
20140529000394
20140529000402
20140529000407
20140529000428
20140529000433
20140529000445
20140529000446
20140529000469
20140529000475
20140529000476
20140529000504
20140529000513
20140529000515
20140529000521
20140529000522
20140529000523
20140529000524
20140529000530
20140529000548
20140529000553
20140529000559
20140529000568
20140529000571
20140529000576
20140529000577
20140529000583
20140529000584
20140529000597
20140529000618
20140529000621
20140529000622
20140529000628
20140529000642
20140529000645
20140529000651
20140529000655
20140529000678
20140529000701
20140529000716
20140529000723
20140529000732
20140529000734
20140529000781
20140529000786
20140529000787
20140529000824
20140530000002
20140530000021
20140530000025
20140530000028
20140530000029
20140530000043
20140530000051
20140530000057
20140530000064
20140530000066
20140530000080
20140530000081
20140530000099
20140530000102
20140530000106
20140530000109
20140530000114
20140530000128
20140530000136
20140530000137
20140530000143
20140530000146
20140530000184
20140530000185
20140530000188
20140530000189
20140530000192
20140530000196
20140530000199
20140530000200
20140530000203
20140530000213
20140530000230
20140530000233
20140530000258
20140530000269
20140530000288
20140530000305
20140530000306
20140530000318
20140530000327
20140530000340
20140530000341
20140530000359
20140530000378
20140530000381
20140530000384
20140530000385
20140530000390
20140530000393
20140530000395
20140530000400
20140530000405
20140530000407
20140530000413
20140530000414
20140530000416
20140530000418
20140530000423
20140530000428
20140530000430
20140530000434
20140530000437
20140530000438
20140530000444
20140530000449
20140530000452
20140530000460
20140530000465
20140530000467
20140530000479
20140530000493
20140530000495
20140530000506
20140530000510
20140530000512
20140530000519
20140530000520
20140530000529
20140530000530
20140530000532
20140530000537
20140530000539
20140530000546
20140530000560
20140530000566
20140530000567
20140530000568
20140530000599
20140530000607
20140530000622
20140530000624
20140530000626
20140530000628
20140530000639
20140530000646
20140530000664
20140530000665
20140530000681
20140530000715
20140530000721
20140530000730
20140530000741
20140530000756
20140530000768
20140530000771
20140530000788
20140530000790
20140530000791
20140530000803
20140530000811
20140530000821
20140530000826
20140530000838
20140530000843
20140530000852
20140530000853
20140530000855
20140530000862
20140530000874
20140530000878
20140530000879
20140530000887
20140530000891
20140530000894
20140530000900
20140530000903
20140530000909
20140530000910
20140530000913
20140530000914
20140530000923
20140530000926
20140530000936
20140530000938
20140530000940
20140530000943
20140530000944
20140530000952
20140530000954
20140530000955
20140530000959
20140530000969
20140530000990
20140530000999
20140530001004
20140530001006
20140530001009
20140530001011
20140530001012
20140530001028
20140530001031
20140530001034
20140530001037
20140530001038
20140530001049
20140530001063
20140530001065
20140530001070
20140530001080
20140530001084
20140530001085
20140530001089
20140530001090
20140530001098
20140530001107
20140530001125
20140530001141
20140530001149
20140530001150
20140530001153
20140530001154
20140530001155
20140530001157
20140530001164
20140530001165
20140530001172
20140530001179
20140530001187
20140530001194
20140530001195
20140530001200
20140530001202
20140530001209
20140530001213
20140530001254
20140530001255
20140530001260
20140530001267
20140530001276
20140530001278
20140530001291
20140530001292
20140530001294
20140530001297
20140530001298
20140530001300
20140530001301
20140530001304
20140530001305
20140530001306
20140530001310
20140530001315
20140530001322
20140530001327
20140530001329
20140530001341
20140530001342
20140530001346
20140530001348
20140530001349
20140530001354
20140530001359
20140530001361
20140530001363
20140530001364
20140530001369
20140530001370
20140530001375
20140530001386
20140530001387
20140530001390
20140530001391
20140530001394
20140530001403
20140530001405
20140530001425
20140530001433
20140530001446
20140530001447
20140530001453
20140530001457
20140530001462
20140530001467
20140530001470
20140530001477
20140530001480
20140530001484
20140530001487
20140530001494
20140530001528
20140530001541
20140530001544
20140530001557
20140530001585
20140530001617
20140530001638
20140530001676
20140530001685
20140530001710
20140530001712
20140530001722
20140530001724
20140530001726
20140530001732
20140530001737
20140530001738
20140530001749
20140530001752
20140530001764
20140530001772
20140530001791
20140530001797
20140530001799
20140530001806
20140530001807
20140530001815
20140530001818
20140530001830
20140530001831
20140530001837
20140530001876
20140530001880
20140530001889
20140530001902
20140530001912
20140530001913
20140530001917
20140530001924
20140530001938
20140530001941
20140530001950
20140530001954
20140530001957
20140530001960
20140530001969
20140530001978
20140530002006
20140530002018
20140530002021
20140530002023
20140530002036
20140530002040
20140530002072
20140530002077
20140530002088
20140530002115
20140530002133
20140530002137
20140530002145
20140602000153
20140602000409
20140602000697
20140602000918
20140603000001
20140611000223
20140618000192
20140623000185
20140627000038
20140715000106
20140715000229
20140715000284
20140717000223
20140730000074
20140731000195
20140731000327
20140804000027
20140805000199
20140806000009
20140806000196
20140806000216
20140806000222
20140806000243
20140807000217
20140808000324
20140811000010
20140811000025
20140811000083
20140811000171
20140811000280
20140811000297
20140811000375
20140811000378
20140811000384
20140811000475
20140812000015
20140812000048
20140812000087
20140812000116
20140812000378
20140813000002
20140813000010
20140813000023
20140813000053
20140813000061
20140813000084
20140813000128
20140813000134
20140813000139
20140813000158
20140813000170
20140813000224
20140813000246
20140813000293
20140813000312
20140813000367
20140813000381
20140813000396
20140813000397
20140813000413
20140813000427
20140813000436
20140813000440
20140813000445
20140813000456
20140813000465
20140813000474
20140813000481
20140813000503
20140813000550
20140814000008
20140814000009
20140814000013
20140814000015
20140814000019
20140814000030
20140814000033
20140814000045
20140814000068
20140814000075
20140814000104
20140814000112
20140814000125
20140814000132
20140814000161
20140814000162
20140814000176
20140814000186
20140814000204
20140814000210
20140814000215
20140814000216
20140814000219
20140814000227
20140814000228
20140814000230
20140814000231
20140814000237
20140814000238
20140814000241
20140814000250
20140814000263
20140814000271
20140814000273
20140814000276
20140814000281
20140814000286
20140814000288
20140814000289
20140814000302
20140814000309
20140814000316
20140814000339
20140814000340
20140814000342
20140814000343
20140814000346
20140814000352
20140814000358
20140814000360
20140814000361
20140814000374
20140814000377
20140814000382
20140814000391
20140814000392
20140814000404
20140814000417
20140814000432
20140814000437
20140814000438
20140814000445
20140814000446
20140814000461
20140814000469
20140814000470
20140814000471
20140814000475
20140814000484
20140814000501
20140814000504
20140814000511
20140814000514
20140814000520
20140814000548
20140814000551
20140814000555
20140814000559
20140814000567
20140814000571
20140814000580
20140814000582
20140814000583
20140814000589
20140814000596
20140814000599
20140814000611
20140814000625
20140814000628
20140814000630
20140814000632
20140814000641
20140814000647
20140814000649
20140814000659
20140814000673
20140814000682
20140814000685
20140814000688
20140814000712
20140814000723
20140814000724
20140814000727
20140814000731
20140814000732
20140814000740
20140814000746
20140814000748
20140814000751
20140814000752
20140814000756
20140814000761
20140814000769
20140814000776
20140814000780
20140814000785
20140814000790
20140814000797
20140814000809
20140814000811
20140814000812
20140814000816
20140814000819
20140814000826
20140814000827
20140814000830
20140814000831
20140814000841
20140814000845
20140814000851
20140814000856
20140814000857
20140814000865
20140814000885
20140814000886
20140814000887
20140814000896
20140814000903
20140814000909
20140814000914
20140814000918
20140814000939
20140814000942
20140814000943
20140814000945
20140814000947
20140814000952
20140814000954
20140814000955
20140814000959
20140814000978
20140814000980
20140814000984
20140814000988
20140814000992
20140814000995
20140814000999
20140814001000
20140814001003
20140814001004
20140814001014
20140814001020
20140814001022
20140814001032
20140814001035
20140814001037
20140814001040
20140814001056
20140814001062
20140814001073
20140814001076
20140814001084
20140814001087
20140814001088
20140814001089
20140814001099
20140814001104
20140814001112
20140814001114
20140814001115
20140814001119
20140814001137
20140814001161
20140814001167
20140814001177
20140814001183
20140814001194
20140814001218
20140814001227
20140814001237
20140814001238
20140814001241
20140814001244
20140814001245
20140814001249
20140814001253
20140814001270
20140814001271
20140814001275
20140814001280
20140814001288
20140814001292
20140814001294
20140814001295
20140814001296
20140814001302
20140814001303
20140814001305
20140814001314
20140814001321
20140814001324
20140814001329
20140814001344
20140814001346
20140814001347
20140814001348
20140814001369
20140814001378
20140814001384
20140814001415
20140814001438
20140814001448
20140814001449
20140814001456
20140814001462
20140814001467
20140814001472
20140814001475
20140814001480
20140814001491
20140814001496
20140814001508
20140814001520
20140814001533
20140814001551
20140814001568
20140814001574
20140814001575
20140814001577
20140814001591
20140814001597
20140814001598
20140814001600
20140814001610
20140814001630
20140814001646
20140818000007
20140818000051
20140818000148
20140818000154
20140818000170
20140818000223
20140819000025
20140819000045
20140819000092
20140819000259
20140820000355
20140820000390
20140820000399
20140820000534
20140821000013
20140821000195
20140821000263
20140821000313
20140821000316
20140821000359
20140822000091
20140822000131
20140822000157
20140822000167
20140822000253
20140822000254
20140822000259
20140822000329
20140822000433
20140825000037
20140825000040
20140825000120
20140825000162
20140825000169
20140826000084
20140826000104
20140826000125
20140826000136
20140826000140
20140826000143
20140826000170
20140826000176
20140826000209
20140826000229
20140826000234
20140826000270
20140826000320
20140826000334
20140826000338
20140826000359
20140826000362
20140826000400
20140826000418
20140827000053
20140827000063
20140827000099
20140827000105
20140827000107
20140827000109
20140827000137
20140827000138
20140827000151
20140827000159
20140827000165
20140827000174
20140827000239
20140827000242
20140827000243
20140827000248
20140827000256
20140827000263
20140827000264
20140827000268
20140827000294
20140827000309
20140827000311
20140827000314
20140827000322
20140827000366
20140827000367
20140827000375
20140827000401
20140827000415
20140827000417
20140827000426
20140828000063
20140828000092
20140828000108
20140828000120
20140828000123
20140828000151
20140828000153
20140828000167
20140828000169
20140828000172
20140828000174
20140828000181
20140828000186
20140828000189
20140828000196
20140828000197
20140828000208
20140828000210
20140828000224
20140828000225
20140828000226
20140828000229
20140828000231
20140828000232
20140828000264
20140828000315
20140828000324
20140828000329
20140828000352
20140828000366
20140828000367
20140828000371
20140828000389
20140828000391
20140828000394
20140828000403
20140828000410
20140828000424
20140828000430
20140828000466
20140828000482
20140828000493
20140828000498
20140828000505
20140828000524
20140828000549
20140828000556
20140828000577
20140828000596
20140828000599
20140828000603
20140828000604
20140828000624
20140828000652
20140828000656
20140828000657
20140828000664
20140828000675
20140828000684
20140828000690
20140828000693
20140828000697
20140828000707
20140828000752
20140828000756
20140828000759
20140828000772
20140828000785
20140829000040
20140829000044
20140829000053
20140829000055
20140829000057
20140829000065
20140829000074
20140829000077
20140829000080
20140829000084
20140829000093
20140829000096
20140829000105
20140829000111
20140829000125
20140829000127
20140829000129
20140829000135
20140829000141
20140829000142
20140829000148
20140829000155
20140829000159
20140829000160
20140829000162
20140829000163
20140829000168
20140829000172
20140829000175
20140829000186
20140829000200
20140829000204
20140829000206
20140829000209
20140829000214
20140829000216
20140829000229
20140829000233
20140829000274
20140829000285
20140829000305
20140829000307
20140829000311
20140829000315
20140829000319
20140829000320
20140829000332
20140829000349
20140829000351
20140829000353
20140829000364
20140829000372
20140829000383
20140829000385
20140829000388
20140829000392
20140829000402
20140829000408
20140829000410
20140829000411
20140829000414
20140829000416
20140829000423
20140829000429
20140829000433
20140829000444
20140829000452
20140829000459
20140829000463
20140829000471
20140829000472
20140829000487
20140829000497
20140829000501
20140829000516
20140829000534
20140829000536
20140829000541
20140829000556
20140829000569
20140829000591
20140829000592
20140829000598
20140829000617
20140829000619
20140829000631
20140829000641
20140829000650
20140829000661
20140829000669
20140829000670
20140829000671
20140829000682
20140829000703
20140829000706
20140829000708
20140829000712
20140829000729
20140829000738
20140829000743
20140829000744
20140829000757
20140829000758
20140829000763
20140829000767
20140829000771
20140829000772
20140829000774
20140829000779
20140829000798
20140829000824
20140829000850
20140829000876
20140829000896
20140829000897
20140829000899
20140829000904
20140829000912
20140829000924
20140829000925
20140829000935
20140829000938
20140829000944
20140829000957
20140829000975
20140829000978
20140829000982
20140829000985
20140829000994
20140829001002
20140829001003
20140829001004
20140829001008
20140829001015
20140829001017
20140829001019
20140829001023
20140829001032
20140829001035
20140829001041
20140829001047
20140829001056
20140829001058
20140829001062
20140829001065
20140829001070
20140829001071
20140829001084
20140829001090
20140829001100
20140829001122
20140829001124
20140829001132
20140829001133
20140829001135
20140829001139
20140829001143
20140829001147
20140829001152
20140829001161
20140829001166
20140829001177
20140829001180
20140829001183
20140829001186
20140829001206
20140829001207
20140829001211
20140829001213
20140829001215
20140829001217
20140829001226
20140829001227
20140829001235
20140829001243
20140829001249
20140829001257
20140829001261
20140829001272
20140829001282
20140829001287
20140829001290
20140829001300
20140829001301
20140829001302
20140829001311
20140829001315
20140829001318
20140829001321
20140829001325
20140829001338
20140829001341
20140829001343
20140829001344
20140829001354
20140829001359
20140829001363
20140829001364
20140829001370
20140829001375
20140829001376
20140829001379
20140829001385
20140829001402
20140829001409
20140829001423
20140829001424
20140829001427
20140829001430
20140829001431
20140829001433
20140829001442
20140829001445
20140829001446
20140829001452
20140829001454
20140829001456
20140829001463
20140829001472
20140829001482
20140829001484
20140829001497
20140829001501
20140829001509
20140829001513
20140829001517
20140829001524
20140829001525
20140829001536
20140829001546
20140829001549
20140829001568
20140829001578
20140829001579
20140829001585
20140829001605
20140829001617
20140829001632
20140829001633
20140829001639
20140829001642
20140829001645
20140829001658
20140829001677
20140829001682
20140829001698
20140829001704
20140829001728
20140829001734
20140829001736
20140829001759
20140829001760
20140829001761
20140829001763
20140829001764
20140829001784
20140829001801
20140829001804
20140829001808
20140829001814
20140829001816
20140829001817
20140829001823
20140829001840
20140829001854
20140829001855
20140829001856
20140829001878
20140829001913
20140829001914
20140829001924
20140829001926
20140829001927
20140829001951
20140829001958
20140829001967
20140829001978
20140829001986
20140829001987
20140829001992
20140829001995
20140829001998
20140829002005
20140829002007
20140829002018
20140829002023
20140829002031
20140829002039
20140829002040
20140829002047
20140829002059
20140829002062
20140829002066
20140829002075
20140829002088
20140829002098
20140829002100
20140829002103
20140829002104
20140829002113
20140829002127
20140829002159
20140829002165
20140829002203
20140901000381
20140901000725
20140901000750
20140902000018
20140902000124
20140904000251
20140904000277
20140905000459
20140905000567
20140911000315
20140922000284
20141002000070
20141006000401
20141010000568
20141015000154
20141027000675
20141028001129
20141031001905
20141031002114
20141107000017
20141107000254
20141110000059
20141110000109
20141110000241
20141110000440
20141110000461
20141111000086
20141111000088
20141111000130
20141111000285
20141112000002
20141112000039
20141112000060
20141112000067
20141112000080
20141112000104
20141112000126
20141112000223
20141112000327
20141112000355
20141112000366
20141112000395
20141113000011
20141113000035
20141113000094
20141113000186
20141113000193
20141113000196
20141113000203
20141113000212
20141113000225
20141113000247
20141113000283
20141113000317
20141113000325
20141113000348
20141113000353
20141113000370
20141113000371
20141113000410
20141113000415
20141113000448
20141113000452
20141113000453
20141113000482
20141113000491
20141113000498
20141113000521
20141113000548
20141113000560
20141113000567
20141113000572
20141114000002
20141114000006
20141114000007
20141114000009
20141114000015
20141114000019
20141114000021
20141114000025
20141114000035
20141114000049
20141114000056
20141114000061
20141114000074
20141114000091
20141114000095
20141114000096
20141114000110
20141114000115
20141114000148
20141114000149
20141114000151
20141114000152
20141114000164
20141114000172
20141114000175
20141114000182
20141114000183
20141114000236
20141114000244
20141114000250
20141114000262
20141114000269
20141114000271
20141114000274
20141114000281
20141114000291
20141114000292
20141114000293
20141114000303
20141114000308
20141114000315
20141114000323
20141114000337
20141114000356
20141114000359
20141114000360
20141114000369
20141114000377
20141114000389
20141114000390
20141114000395
20141114000401
20141114000409
20141114000413
20141114000417
20141114000433
20141114000447
20141114000452
20141114000454
20141114000455
20141114000472
20141114000476
20141114000487
20141114000490
20141114000507
20141114000513
20141114000519
20141114000520
20141114000523
20141114000524
20141114000540
20141114000550
20141114000571
20141114000575
20141114000580
20141114000590
20141114000599
20141114000605
20141114000609
20141114000611
20141114000618
20141114000621
20141114000625
20141114000629
20141114000630
20141114000631
20141114000632
20141114000643
20141114000646
20141114000648
20141114000651
20141114000653
20141114000658
20141114000662
20141114000665
20141114000672
20141114000680
20141114000681
20141114000687
20141114000692
20141114000697
20141114000698
20141114000706
20141114000710
20141114000714
20141114000715
20141114000720
20141114000726
20141114000727
20141114000735
20141114000737
20141114000742
20141114000746
20141114000747
20141114000750
20141114000752
20141114000754
20141114000756
20141114000764
20141114000769
20141114000775
20141114000778
20141114000779
20141114000783
20141114000787
20141114000808
20141114000810
20141114000822
20141114000826
20141114000832
20141114000836
20141114000837
20141114000838
20141114000839
20141114000847
20141114000861
20141114000865
20141114000866
20141114000868
20141114000870
20141114000880
20141114000883
20141114000885
20141114000896
20141114000899
20141114000901
20141114000913
20141114000915
20141114000918
20141114000929
20141114000940
20141114000942
20141114000946
20141114000960
20141114000967
20141114000971
20141114000972
20141114000973
20141114000975
20141114000993
20141114000999
20141114001004
20141114001011
20141114001012
20141114001018
20141114001023
20141114001028
20141114001029
20141114001046
20141114001049
20141114001051
20141114001058
20141114001063
20141114001068
20141114001088
20141114001107
20141114001109
20141114001111
20141114001115
20141114001117
20141114001120
20141114001124
20141114001126
20141114001127
20141114001134
20141114001143
20141114001145
20141114001157
20141114001166
20141114001167
20141114001176
20141114001178
20141114001188
20141114001202
20141114001203
20141114001204
20141114001214
20141114001217
20141114001226
20141114001248
20141114001260
20141114001263
20141114001265
20141114001274
20141114001279
20141114001285
20141114001288
20141114001294
20141114001302
20141114001304
20141114001306
20141114001307
20141114001313
20141114001319
20141114001326
20141114001330
20141114001331
20141114001332
20141114001333
20141114001344
20141114001345
20141114001354
20141114001355
20141114001361
20141114001373
20141114001379
20141114001381
20141114001383
20141114001385
20141114001388
20141114001390
20141114001391
20141114001397
20141114001398
20141114001399
20141114001402
20141114001405
20141114001422
20141114001427
20141114001431
20141114001436
20141114001439
20141114001440
20141114001448
20141114001450
20141114001453
20141114001455
20141114001464
20141114001469
20141114001509
20141114001513
20141114001515
20141114001516
20141114001519
20141114001521
20141114001523
20141114001527
20141114001534
20141114001538
20141114001542
20141114001558
20141114001562
20141114001564
20141114001574
20141114001580
20141114001595
20141114001601
20141114001616
20141114001621
20141114001638
20141114001639
20141114001644
20141114001654
20141114001655
20141114001658
20141114001660
20141114001662
20141114001665
20141114001666
20141114001668
20141114001672
20141117000004
20141117000014
20141117000051
20141117000052
20141117000057
20141117000117
20141117000158
20141117000171
20141117000176
20141117000180
20141117000187
20141117000240
20141118000004
20141118000026
20141118000110
20141118000176
20141119000074
20141119000178
20141119000237
20141119000259
20141120000040
20141120000094
20141120000095
20141120000131
20141120000261
20141120000393
20141121000004
20141121000006
20141121000013
20141121000020
20141121000030
20141121000064
20141121000075
20141121000083
20141121000098
20141121000116
20141121000138
20141121000150
20141121000189
20141121000254
20141121000255
20141124000021
20141124000026
20141124000035
20141124000045
20141124000066
20141124000082
20141124000092
20141124000164
20141124000293
20141125000037
20141125000058
20141125000077
20141125000086
20141125000098
20141125000219
20141125000237
20141125000242
20141125000302
20141125000366
20141125000382
20141125000403
20141125000428
20141125000486
20141126000015
20141126000030
20141126000060
20141126000079
20141126000085
20141126000094
20141126000098
20141126000112
20141126000114
20141126000126
20141126000129
20141126000161
20141126000167
20141126000177
20141126000179
20141126000186
20141126000195
20141126000202
20141126000213
20141126000258
20141126000260
20141126000298
20141126000314
20141126000334
20141126000343
20141126000347
20141126000353
20141127000003
20141127000014
20141127000032
20141127000045
20141127000054
20141127000056
20141127000060
20141127000069
20141127000106
20141127000134
20141127000142
20141127000173
20141127000189
20141127000195
20141127000196
20141127000219
20141127000220
20141127000222
20141127000251
20141127000256
20141127000287
20141127000290
20141127000291
20141127000316
20141127000323
20141127000375
20141127000377
20141127000384
20141127000438
20141127000440
20141127000444
20141127000483
20141127000502
20141127000504
20141127000508
20141127000518
20141127000522
20141127000528
20141127000532
20141127000564
20141127000571
20141127000575
20141127000586
20141127000599
20141127000604
20141127000622
20141127000623
20141127000627
20141127000636
20141127000663
20141127000674
20141127000677
20141128000002
20141128000019
20141128000053
20141128000080
20141128000152
20141128000158
20141128000162
20141128000206
20141128000213
20141128000216
20141128000249
20141128000266
20141128000279
20141128000301
20141128000320
20141128000332
20141128000335
20141128000350
20141128000353
20141128000377
20141128000378
20141128000398
20141128000400
20141128000403
20141128000418
20141128000422
20141128000429
20141128000432
20141128000444
20141128000472
20141128000477
20141128000481
20141128000482
20141128000486
20141128000489
20141128000499
20141128000516
20141128000530
20141128000541
20141128000547
20141128000576
20141128000585
20141128000597
20141128000605
20141128000637
20141128000674
20141128000705
20141128000708
20141128000718
20141128000722
20141128000734
20141128000737
20141128000762
20141128000766
20141128000773
20141128000791
20141128000793
20141128000795
20141128000800
20141128000808
20141128000821
20141128000823
20141128000837
20141128000840
20141128000851
20141128000852
20141128000901
20141128000921
20141128000922
20141128000926
20141128000932
20141128000944
20141128000951
20141128000953
20141128000974
20141128000977
20141128000979
20141128000992
20141128000993
20141128000995
20141128001002
20141128001016
20141128001022
20141128001023
20141128001032
20141128001037
20141128001038
20141128001047
20141128001052
20141128001055
20141128001059
20141128001070
20141128001072
20141128001081
20141128001082
20141128001095
20141128001096
20141128001098
20141128001099
20141128001109
20141128001112
20141128001118
20141128001130
20141128001134
20141128001151
20141128001154
20141128001156
20141128001162
20141128001163
20141128001181
20141128001186
20141128001196
20141128001197
20141128001216
20141128001224
20141128001245
20141128001246
20141128001248
20141128001260
20141128001270
20141128001278
20141128001286
20141128001298
20141128001305
20141128001319
20141128001332
20141128001334
20141128001339
20141128001343
20141128001350
20141128001362
20141128001381
20141128001390
20141128001391
20141128001392
20141128001399
20141128001401
20141128001407
20141128001413
20141128001424
20141128001427
20141128001439
20141128001442
20141128001446
20141128001455
20141128001456
20141128001468
20141128001472
20141128001473
20141128001480
20141128001493
20141128001494
20141128001502
20141128001512
20141128001516
20141128001525
20141128001551
20141128001559
20141128001560
20141128001575
20141128001582
20141128001595
20141128001598
20141128001599
20141128001603
20141128001604
20141128001618
20141128001621
20141128001632
20141128001634
20141128001656
20141128001657
20141128001671
20141128001678
20141128001680
20141128001686
20141128001695
20141128001703
20141128001714
20141128001723
20141128001737
20141128001738
20141128001742
20141128001745
20141128001747
20141128001752
20141128001754
20141128001759
20141128001763
20141128001767
20141128001777
20141128001778
20141128001779
20141128001783
20141128001790
20141128001793
20141128001798
20141128001818
20141128001825
20141128001837
20141128001852
20141128001861
20141128001886
20141128001889
20141128001897
20141128001911
20141128001912
20141128001915
20141128001920
20141128001925
20141128001938
20141128001940
20141128001950
20141128001956
20141201000024
20141201000027
20141201000033
20141201000034
20141201000049
20141201000073
20141201000079
20141201000084
20141201000100
20141201000104
20141201000130
20141201000137
20141201000143
20141201000152
20141201000160
20141201000162
20141201000166
20141201000172
20141201000174
20141201000175
20141201000190
20141201000191
20141201000194
20141201000195
20141201000196
20141201000197
20141201000214
20141201000219
20141201000228
20141201000259
20141201000261
20141201000262
20141201000267
20141201000277
20141201000287
20141201000299
20141201000302
20141201000304
20141201000306
20141201000334
20141201000345
20141201000346
20141201000357
20141201000359
20141201000362
20141201000367
20141201000369
20141201000370
20141201000389
20141201000396
20141201000400
20141201000405
20141201000409
20141201000412
20141201000441
20141201000466
20141201000467
20141201000485
20141201000489
20141201000490
20141201000504
20141201000511
20141201000514
20141201000517
20141201000526
20141201000544
20141201000550
20141201000576
20141201000579
20141201000583
20141201000587
20141201000590
20141201000592
20141201000595
20141201000610
20141201000618
20141201000633
20141201000635
20141201000645
20141201000648
20141201000664
20141201000668
20141201000675
20141201000691
20141201000695
20141201000706
20141201000715
20141201000725
20141201000728
20141201000768
20141201000773
20141201000777
20141201000778
20141201000784
20141201000785
20141201000787
20141201000791
20141201000796
20141201000814
20141201000829
20141201000830
20141201000834
20141201000839
20141201000847
20141201000851
20141201000861
20141201000866
20141201000874
20141201000875
20141201000877
20141201000885
20141201000887
20141201000889
20141201000895
20141201000913
20141201000915
20141201000918
20141201000923
20141201000929
20141201000947
20141201000950
20141201000957
20141201000960
20141201000962
20141201000965
20141201000980
20141201000989
20141201000996
20141201001002
20141202000036
20141202000283
20141203000036
20141203000272
20141205000100
20141205000279
20141205000369
20141205000432
20141211000109
20141212000647
20141219000022
20141219000144
20141222000090
20150128000129
20150209000012
20150212000038
20150213000518
20150216000190
20150216000252
20150216000481
20150227000288
20150227000357
20150227000638
20150227001282
20150302000292
20150302000419
20150302000640
20150302000681
20150302000796
20150302000863
20150302000904
20150302000970
20150421000016
20150427000336
20150429000489
20150429000818
20150430000362
20150430001095
20150504000190
20150507001383
20150507001495
20150508001392
20150508001611
20150508001682
20150511000319
20150512000066
20150512000091
20150512000105
20150512000213
20150512000563
20150512000870
20150512001002
20150512001073
20150512001121
20150512001234
20150512001240
20150512001425
20150512001849
20150512001917
20150512002152
20150512002297
20150513000040
20150513000373
20150513000464
20150513001138
20150513001245
20150513001512
20150513001533
20150513001654
20150513001655
20150513001738
20150513001802
20150513002064
20150513002426
20150513002678
20150513003244
20150513003486
20150513003682
20150513003790
20150513003883
20150513004165
20150514000043
20150514000214
20150514000237
20150514000303
20150514000597
20150514000699
20150514000863
20150514000864
20150514000972
20150514000977
20150514001140
20150514001522
20150514001734
20150514001764
20150514001796
20150514001816
20150514001853
20150514001928
20150514001953
20150514002097
20150514002144
20150514002166
20150514002228
20150514002237
20150514002245
20150514002283
20150514002369
20150514002463
20150514002503
20150514002538
20150514002556
20150514002608
20150514002628
20150514002693
20150514002702
20150514002765
20150514002810
20150514002813
20150514002818
20150514003081
20150514003240
20150514003318
20150514003384
20150514003479
20150514003624
20150514003634
20150514003655
20150514003669
20150514003688
20150514003695
20150514003706
20150514003712
20150514003720
20150514003767
20150514003802
20150514003809
20150514003815
20150514003938
20150514003941
20150514004056
20150514004122
20150514004181
20150514004188
20150514004231
20150514004350
20150514004390
20150514004482
20150514004508
20150514004583
20150514004599
20150514004615
20150514004621
20150514004751
20150514004753
20150514004798
20150514004815
20150514004862
20150514004877
20150514004898
20150514004915
20150514004952
20150514005007
20150514005021
20150514005046
20150514005100
20150514005116
20150514005132
20150514005155
20150514005165
20150514005237
20150514005241
20150514005248
20150514005261
20150514005275
20150514005282
20150514005291
20150514005405
20150514005420
20150515000031
20150515000036
20150515000051
20150515000058
20150515000079
20150515000080
20150515000083
20150515000096
20150515000103
20150515000108
20150515000114
20150515000118
20150515000124
20150515000127
20150515000134
20150515000153
20150515000167
20150515000173
20150515000182
20150515000193
20150515000210
20150515000215
20150515000216
20150515000220
20150515000232
20150515000233
20150515000235
20150515000241
20150515000247
20150515000265
20150515000273
20150515000276
20150515000278
20150515000279
20150515000280
20150515000282
20150515000289
20150515000292
20150515000296
20150515000318
20150515000321
20150515000331
20150515000344
20150515000346
20150515000351
20150515000353
20150515000364
20150515000371
20150515000372
20150515000375
20150515000388
20150515000389
20150515000409
20150515000418
20150515000421
20150515000427
20150515000430
20150515000432
20150515000449
20150515000450
20150515000457
20150515000459
20150515000460
20150515000462
20150515000464
20150515000468
20150515000474
20150515000480
20150515000481
20150515000488
20150515000490
20150515000501
20150515000511
20150515000514
20150515000518
20150515000525
20150515000528
20150515000531
20150515000535
20150515000537
20150515000540
20150515000541
20150515000554
20150515000556
20150515000560
20150515000561
20150515000563
20150515000567
20150515000569
20150515000576
20150515000582
20150515000583
20150515000586
20150515000590
20150515000591
20150515000594
20150515000595
20150515000603
20150515000604
20150515000610
20150515000612
20150515000613
20150515000619
20150515000623
20150515000628
20150515000629
20150515000630
20150515000640
20150515000642
20150515000650
20150515000656
20150515000669
20150515000672
20150515000675
20150515000678
20150515000679
20150515000680
20150515000687
20150515000693
20150515000701
20150515000703
20150515000704
20150515000708
20150515000709
20150515000711
20150515000715
20150515000719
20150515000728
20150515000729
20150515000743
20150515000753
20150515000754
20150515000759
20150515000766
20150515000772
20150515000777
20150515000787
20150515000792
20150515000793
20150515000800
20150515000810
20150515000814
20150515000815
20150515000821
20150515000825
20150515000827
20150515000830
20150515000832
20150515000833
20150515000834
20150515000835
20150515000837
20150515000838
20150515000843
20150515000845
20150515000848
20150515000855
20150515000871
20150515000876
20150515000877
20150515000883
20150515000891
20150515000899
20150515000904
20150515000909
20150515000916
20150515000919
20150515000922
20150515000923
20150515000927
20150515000930
20150515000931
20150515000938
20150515000940
20150515000953
20150515000958
20150515000964
20150515000967
20150515000979
20150515000984
20150515000996
20150515001003
20150515001006
20150515001007
20150515001008
20150515001009
20150515001014
20150515001024
20150515001032
20150515001040
20150515001043
20150515001045
20150515001047
20150515001049
20150515001056
20150515001065
20150515001068
20150515001069
20150515001079
20150515001084
20150515001086
20150515001087
20150515001104
20150515001105
20150515001111
20150515001113
20150515001116
20150515001125
20150515001128
20150515001132
20150515001135
20150515001136
20150515001137
20150515001144
20150515001145
20150515001149
20150515001151
20150515001152
20150515001155
20150515001156
20150515001157
20150515001159
20150515001161
20150515001162
20150515001169
20150515001172
20150515001174
20150515001176
20150515001178
20150515001179
20150515001181
20150515001188
20150515001189
20150515001196
20150515001200
20150515001214
20150515001215
20150515001224
20150515001233
20150515001234
20150515001235
20150515001246
20150515001248
20150515001261
20150515001273
20150515001275
20150515001281
20150515001287
20150515001290
20150515001298
20150515001301
20150515001303
20150515001305
20150515001306
20150515001308
20150515001311
20150515001312
20150515001313
20150515001317
20150515001320
20150515001324
20150515001328
20150515001330
20150515001339
20150515001347
20150515001350
20150515001351
20150515001354
20150515001355
20150515001359
20150515001368
20150515001370
20150515001374
20150515001375
20150515001378
20150515001399
20150515001402
20150515001414
20150515001416
20150515001418
20150515001419
20150515001425
20150515001428
20150515001430
20150515001439
20150515001440
20150515001442
20150515001447
20150515001450
20150515001451
20150515001455
20150515001469
20150515001473
20150515001474
20150515001479
20150515001480
20150515001483
20150515001486
20150515001487
20150515001498
20150515001502
20150515001503
20150515001506
20150515001507
20150515001517
20150515001518
20150515001519
20150515001524
20150515001525
20150515001527
20150515001533
20150515001536
20150515001541
20150515001542
20150515001546
20150515001555
20150515001559
20150515001563
20150515001570
20150515001571
20150515001579
20150515001580
20150515001583
20150515001585
20150515001589
20150515001592
20150515001593
20150515001604
20150515001609
20150515001610
20150515001614
20150515001615
20150515001616
20150515001617
20150515001618
20150515001621
20150515001627
20150515001629
20150515001630
20150515001631
20150515001638
20150515001652
20150515001653
20150515001655
20150515001663
20150515001674
20150515001675
20150515001681
20150515001682
20150515001683
20150515001687
20150515001689
20150515001694
20150515001698
20150515001703
20150515001708
20150515001709
20150515001711
20150515001719
20150515001720
20150515001725
20150515001728
20150515001743
20150515001744
20150515001747
20150515001748
20150515001750
20150515001754
20150515001755
20150515001757
20150515001761
20150515001764
20150515001765
20150515001770
20150515001772
20150515001773
20150515001778
20150515001784
20150515001787
20150515001789
20150515001790
20150515001796
20150515001798
20150515001804
20150515001814
20150515001820
20150515001837
20150515001839
20150515001841
20150515001842
20150515001844
20150515001854
20150515001873
20150515001874
20150515001875
20150515001876
20150515001878
20150515001879
20150515001881
20150515001891
20150515001902
20150515001910
20150515001912
20150515001916
20150515001917
20150515001918
20150515001919
20150515001920
20150515001936
20150515001939
20150515001942
20150515001947
20150515001953
20150515001958
20150515001960
20150515001961
20150515001966
20150515001969
20150515001977
20150515001988
20150515001990
20150515001994
20150515001996
20150515002007
20150515002019
20150515002026
20150515002028
20150515002029
20150515002031
20150515002035
20150515002037
20150515002049
20150515002052
20150515002056
20150515002063
20150515002066
20150515002069
20150515002070
20150515002077
20150515002078
20150515002091
20150515002093
20150515002095
20150515002096
20150515002098
20150515002101
20150515002107
20150515002108
20150515002111
20150515002120
20150515002124
20150515002125
20150515002133
20150515002134
20150515002135
20150515002143
20150515002150
20150515002152
20150515002153
20150515002154
20150515002155
20150515002160
20150515002163
20150515002166
20150515002174
20150515002178
20150515002183
20150515002184
20150515002186
20150515002187
20150515002189
20150515002194
20150515002197
20150515002203
20150515002213
20150515002215
20150515002218
20150515002221
20150515002230
20150515002234
20150515002238
20150515002240
20150515002241
20150515002243
20150515002256
20150515002259
20150515002281
20150515002282
20150515002285
20150515002287
20150515002288
20150515002290
20150515002294
20150515002297
20150515002303
20150515002304
20150515002311
20150515002322
20150515002330
20150515002331
20150515002332
20150515002333
20150515002341
20150515002346
20150515002351
20150515002358
20150515002362
20150515002366
20150515002367
20150515002372
20150515002375
20150515002385
20150515002386
20150515002390
20150515002401
20150515002407
20150515002411
20150515002417
20150515002442
20150515002444
20150515002449
20150515002452
20150515002455
20150515002458
20150515002465
20150515002473
20150515002476
20150515002479
20150515002490
20150515002492
20150515002496
20150515002498
20150515002502
20150515002512
20150515002513
20150515002515
20150515002518
20150515002523
20150515002526
20150515002527
20150515002531
20150515002533
20150515002540
20150515002541
20150515002547
20150515002551
20150515002552
20150515002565
20150515002566
20150515002573
20150515002575
20150515002580
20150515002586
20150515002601
20150515002604
20150515002605
20150515002609
20150515002613
20150515002614
20150515002615
20150515002619
20150515002621
20150515002641
20150515002644
20150515002647
20150515002648
20150515002654
20150515002657
20150515002658
20150515002660
20150515002661
20150515002662
20150515002663
20150515002666
20150515002668
20150515002674
20150515002675
20150515002676
20150515002679
20150515002682
20150515002684
20150515002687
20150515002692
20150515002694
20150515002702
20150515002704
20150515002705
20150515002707
20150515002718
20150515002724
20150515002727
20150515002735
20150515002739
20150515002744
20150515002755
20150515002760
20150515002761
20150515002772
20150515002777
20150515002782
20150515002784
20150515002785
20150515002800
20150515002806
20150515002839
20150515002851
20150515002858
20150515002868
20150515002872
20150515002890
20150518000291
20150519000166
20150520000156
20150520000311
20150520000352
20150521000561
20150522000052
20150522000422
20150527000003
20150527000011
20150528000048
20150528000186
20150528000275
20150529000087
20150529000165
20150529000278
20150529000319
20150529000546
20150529000585
20150529000822
20150529000855
20150529001036
20150529001201
20150529001323
20150529001439
20150529001459
20150601000670
20150601000811
20150601000841
20150601000897
20150601000917
20150601000921
20150601000991
20150601001012
20150601001027
20150601001171
20150630000110
20150630000111
20150728000163
20150731000266
20150731000386
20150805000046
20150807000060
20150807000127
20150807000337
20150807000439
20150810000003
20150810000094
20150810000353
20150810000461
20150811000020
20150811000037
20150811000078
20150811000105
20150811000133
20150811000184
20150811000249
20150811000250
20150811000267
20150812000005
20150812000019
20150812000053
20150812000056
20150812000059
20150812000109
20150812000111
20150812000112
20150812000130
20150812000186
20150812000205
20150812000233
20150812000264
20150812000289
20150812000369
20150812000408
20150812000411
20150812000419
20150812000439
20150813000006
20150813000013
20150813000015
20150813000027
20150813000029
20150813000034
20150813000040
20150813000042
20150813000048
20150813000071
20150813000074
20150813000076
20150813000081
20150813000085
20150813000086
20150813000091
20150813000118
20150813000124
20150813000126
20150813000133
20150813000138
20150813000142
20150813000172
20150813000183
20150813000186
20150813000198
20150813000202
20150813000207
20150813000212
20150813000225
20150813000240
20150813000244
20150813000247
20150813000253
20150813000256
20150813000257
20150813000260
20150813000268
20150813000269
20150813000271
20150813000276
20150813000283
20150813000306
20150813000328
20150813000330
20150813000352
20150813000361
20150813000362
20150813000363
20150813000366
20150813000367
20150813000370
20150813000383
20150813000384
20150813000397
20150813000409
20150813000428
20150813000430
20150813000434
20150813000435
20150813000440
20150813000452
20150813000463
20150813000468
20150813000474
20150813000480
20150813000482
20150813000483
20150813000491
20150813000499
20150813000502
20150813000513
20150813000516
20150813000525
20150813000526
20150813000527
20150813000534
20150813000541
20150813000542
20150813000544
20150813000545
20150813000552
20150813000556
20150813000561
20150813000565
20150813000570
20150813000571
20150813000578
20150813000582
20150813000588
20150813000590
20150813000591
20150813000592
20150813000600
20150813000609
20150813000612
20150813000616
20150813000618
20150813000624
20150813000632
20150813000634
20150813000635
20150813000640
20150813000650
20150813000658
20150813000661
20150813000663
20150813000670
20150813000674
20150813000681
20150813000682
20150813000685
20150813000687
20150813000693
20150813000698
20150813000700
20150813000701
20150813000705
20150813000710
20150813000717
20150813000718
20150813000722
20150813000726
20150813000727
20150813000731
20150813000739
20150813000740
20150813000741
20150813000744
20150813000748
20150813000749
20150813000753
20150813000756
20150813000758
20150813000761
20150813000764
20150813000766
20150813000773
20150813000776
20150813000778
20150813000784
20150813000787
20150813000789
20150813000803
20150813000805
20150813000817
20150813000818
20150813000823
20150813000824
20150813000835
20150813000855
20150813000858
20150813000860
20150813000871
20150813000878
20150813000880
20150813000886
20150813000888
20150813000893
20150813000894
20150813000899
20150813000900
20150813000905
20150813000907
20150813000910
20150813000930
20150813000952
20150813000953
20150813000956
20150813000957
20150813000958
20150813000963
20150813000972
20150813000981
20150813000985
20150813000988
20150813000990
20150813000993
20150813001006
20150813001013
20150813001015
20150813001016
20150813001030
20150813001032
20150813001042
20150813001044
20150813001072
20150813001080
20150813001081
20150813001083
20150813001089
20150813001101
20150813001111
20150813001114
20150813001119
20150813001120
20150813001124
20150813001128
20150813001142
20150813001155
20150813001156
20150813001157
20150813001172
20150813001176
20150813001177
20150813001181
20150813001184
20150813001189
20150813001191
20150813001204
20150813001205
20150813001209
20150813001215
20150813001218
20150813001221
20150813001222
20150813001227
20150813001230
20150813001231
20150813001234
20150813001243
20150813001245
20150813001250
20150813001251
20150813001260
20150813001261
20150813001263
20150813001265
20150813001266
20150813001270
20150813001273
20150813001281
20150813001283
20150813001284
20150813001286
20150813001291
20150813001306
20150813001309
20150813001311
20150813001312
20150813001316
20150813001318
20150813001322
20150813001325
20150813001328
20150813001329
20150813001333
20150813001335
20150813001339
20150813001347
20150813001351
20150813001353
20150813001355
20150813001356
20150813001357
20150813001359
20150813001362
20150813001363
20150813001364
20150813001369
20150813001371
20150813001378
20150813001380
20150813001384
20150813001389
20150813001390
20150813001393
20150813001394
20150813001405
20150813001407
20150813001419
20150813001428
20150813001439
20150813001441
20150813001444
20150813001446
20150813001453
20150813001454
20150813001461
20150813001464
20150813001467
20150813001478
20150813001487
20150813001488
20150813001489
20150813001490
20150813001558
20150813001581
20150814000002
20150814000010
20150814000019
20150814000021
20150814000025
20150814000028
20150814000056
20150814000058
20150814000061
20150817000005
20150817000006
20150817000009
20150817000014
20150817000018
20150817000028
20150817000030
20150817000032
20150817000038
20150817000043
20150817000052
20150817000054
20150817000059
20150817000065
20150817000081
20150817000083
20150817000103
20150817000112
20150817000119
20150817000120
20150817000121
20150817000122
20150817000124
20150817000133
20150817000144
20150817000145
20150817000153
20150817000165
20150817000168
20150817000175
20150817000176
20150817000179
20150817000184
20150817000186
20150817000193
20150817000209
20150817000215
20150817000228
20150817000229
20150817000232
20150817000234
20150817000237
20150817000240
20150817000246
20150817000250
20150817000256
20150817000257
20150817000259
20150817000267
20150817000280
20150817000284
20150817000286
20150817000290
20150817000292
20150817000311
20150817000312
20150817000316
20150817000318
20150817000320
20150817000327
20150817000329
20150817000339
20150817000347
20150817000358
20150817000371
20150817000388
20150817000395
20150817000398
20150817000399
20150817000401
20150817000403
20150817000409
20150817000410
20150817000421
20150817000435
20150817000436
20150817000443
20150817000444
20150817000457
20150817000461
20150817000462
20150817000471
20150817000478
20150817000479
20150817000485
20150817000487
20150817000488
20150817000491
20150817000494
20150817000497
20150817000504
20150817000515
20150817000518
20150817000521
20150817000523
20150817000524
20150817000526
20150817000528
20150817000530
20150817000539
20150817000540
20150817000542
20150817000547
20150817000552
20150817000559
20150817000561
20150817000563
20150817000567
20150817000569
20150817000572
20150817000573
20150817000575
20150817000578
20150817000579
20150817000581
20150817000587
20150817000596
20150817000598
20150817000599
20150817000603
20150817000607
20150817000609
20150817000611
20150817000612
20150817000621
20150817000625
20150817000626
20150817000636
20150817000637
20150817000641
20150817000643
20150817000650
20150817000657
20150817000659
20150817000661
20150817000662
20150817000663
20150817000668
20150817000669
20150817000670
20150817000672
20150817000682
20150817000691
20150817000694
20150817000695
20150817000696
20150817000697
20150817000706
20150817000708
20150817000712
20150817000713
20150817000717
20150817000719
20150817000722
20150817000725
20150817000729
20150817000730
20150817000732
20150817000739
20150817000741
20150817000746
20150817000754
20150817000757
20150817000762
20150817000769
20150817000770
20150817000773
20150817000782
20150817000784
20150817000786
20150817000787
20150817000788
20150817000793
20150817000805
20150817000807
20150817000809
20150817000812
20150817000816
20150817000819
20150817000822
20150817000829
20150817000832
20150817000837
20150817000843
20150817000851
20150817000853
20150817000860
20150817000863
20150817000867
20150817000872
20150817000876
20150817000883
20150817000884
20150817000885
20150817000888
20150817000889
20150817000890
20150817000892
20150817000895
20150817000896
20150817000901
20150817000903
20150817000915
20150817000926
20150817000930
20150817000933
20150817000937
20150817000944
20150817000947
20150817000956
20150817000960
20150817000965
20150817000966
20150817000968
20150817000971
20150817000975
20150817000978
20150817000979
20150817000981
20150817000987
20150817000988
20150817000989
20150817000996
20150817000998
20150817001001
20150817001002
20150817001014
20150817001023
20150817001025
20150817001030
20150817001032
20150817001038
20150817001042
20150817001044
20150817001046
20150817001050
20150817001051
20150817001052
20150817001054
20150817001058
20150817001065
20150817001072
20150817001076
20150817001078
20150817001084
20150817001085
20150817001087
20150817001098
20150817001099
20150817001102
20150817001109
20150817001114
20150817001123
20150817001124
20150817001125
20150817001128
20150817001130
20150817001140
20150817001144
20150817001150
20150817001160
20150817001161
20150817001162
20150817001163
20150817001166
20150817001167
20150817001169
20150817001172
20150817001176
20150817001181
20150817001188
20150817001191
20150817001192
20150817001197
20150817001199
20150817001200
20150817001204
20150817001209
20150817001220
20150817001224
20150817001225
20150817001226
20150817001231
20150817001232
20150817001233
20150817001236
20150817001238
20150817001258
20150817001259
20150817001260
20150817001262
20150817001268
20150817001269
20150817001270
20150817001275
20150817001302
20150817001304
20150817001312
20150817001315
20150817001322
20150817001326
20150817001335
20150817001345
20150817001347
20150817001351
20150817001353
20150817001354
20150817001358
20150817001363
20150817001366
20150817001380
20150817001388
20150817001389
20150817001390
20150817001393
20150817001394
20150817001399
20150817001400
20150817001403
20150817001407
20150817001410
20150817001411
20150817001426
20150817001428
20150817001429
20150817001432
20150817001434
20150817001436
20150817001441
20150817001448
20150817001449
20150817001451
20150817001457
20150817001463
20150817001465
20150817001467
20150817001469
20150817001472
20150817001478
20150817001479
20150817001483
20150817001492
20150817001494
20150817001499
20150817001501
20150817001503
20150817001506
20150817001509
20150817001511
20150817001513
20150817001517
20150817001524
20150817001527
20150817001528
20150817001532
20150817001536
20150817001538
20150817001540
20150817001544
20150817001545
20150817001555
20150817001556
20150817001558
20150817001560
20150817001571
20150817001574
20150817001577
20150817001578
20150817001584
20150817001590
20150817001595
20150817001603
20150817001606
20150817001607
20150817001608
20150817001614
20150817001619
20150817001621
20150817001624
20150817001625
20150817001627
20150817001628
20150817001636
20150817001639
20150817001640
20150817001649
20150817001659
20150817001663
20150817001666
20150817001673
20150817001682
20150817001694
20150817001695
20150817001704
20150817001711
20150817001713
20150817001718
20150817001723
20150817001725
20150817001731
20150817001732
20150817001734
20150817001736
20150817001743
20150817001744
20150817001773
20150817001782
20150817001785
20150817001787
20150818000078
20150818000165
20150821000216
20150821000279
20150824000083
20150824000383
20150825000456
20150826000001
20150826000112
20150826000345
20150827000157
20150828000009
20150828000245
20150828000258
20150828000283
20150828000291
20150828000450
20150828000580
20150828000840
20150831000198
20150831000631
20150831000632
20150831000726
20150831000947
20150831001075
20150831001233
20150831001417
20150831001455
20150831001475
20150831001620
20150901000272
20150917000049
20151007000304
20151028000087
20151030000341
20151030000510
20151102000074
20151103000191
20151104000174
20151105000133
20151106000272
20151109000026
20151109000056
20151109000059
20151109000090
20151109000148
20151109000162
20151109000201
20151109000218
20151110000083
20151110000127
20151110000184
20151110000203
20151110000353
20151111000015
20151111000016
20151111000066
20151111000070
20151111000075
20151111000104
20151111000123
20151111000130
20151111000144
20151111000255
20151111000258
20151111000267
20151111000315
20151111000364
20151111000372
20151111000405
20151111000409
20151112000003
20151112000010
20151112000012
20151112000021
20151112000027
20151112000028
20151112000031
20151112000032
20151112000057
20151112000060
20151112000066
20151112000072
20151112000081
20151112000082
20151112000104
20151112000109
20151112000117
20151112000120
20151112000138
20151112000164
20151112000244
20151112000251
20151112000264
20151112000315
20151112000316
20151112000319
20151112000343
20151112000350
20151112000351
20151112000362
20151112000364
20151112000368
20151112000370
20151112000376
20151112000378
20151112000381
20151112000421
20151112000432
20151112000436
20151112000445
20151113000007
20151113000010
20151113000029
20151113000034
20151113000062
20151113000065
20151113000068
20151113000072
20151113000075
20151113000076
20151113000082
20151113000083
20151113000089
20151113000091
20151113000098
20151113000099
20151113000101
20151113000103
20151113000104
20151113000108
20151113000117
20151113000118
20151113000133
20151113000160
20151113000161
20151113000184
20151113000189
20151113000195
20151113000205
20151113000207
20151113000211
20151113000225
20151113000229
20151113000231
20151113000237
20151113000238
20151113000243
20151113000245
20151113000249
20151113000253
20151113000255
20151113000266
20151113000274
20151113000276
20151113000280
20151113000290
20151113000291
20151113000302
20151113000303
20151113000313
20151113000316
20151113000322
20151113000324
20151113000325
20151113000332
20151113000336
20151113000337
20151113000339
20151113000340
20151113000350
20151113000353
20151113000354
20151113000358
20151113000360
20151113000380
20151113000386
20151113000397
20151113000398
20151113000413
20151113000414
20151113000417
20151113000434
20151113000437
20151113000447
20151113000451
20151113000452
20151113000456
20151113000457
20151113000458
20151113000460
20151113000467
20151113000468
20151113000472
20151113000476
20151113000477
20151113000482
20151113000483
20151113000484
20151113000488
20151113000489
20151113000501
20151113000502
20151113000503
20151113000504
20151113000510
20151113000515
20151113000519
20151113000525
20151113000535
20151113000539
20151113000540
20151113000542
20151113000543
20151113000551
20151113000555
20151113000556
20151113000560
20151113000561
20151113000562
20151113000567
20151113000570
20151113000574
20151113000577
20151113000579
20151113000581
20151113000583
20151113000589
20151113000591
20151113000592
20151113000593
20151113000599
20151113000600
20151113000602
20151113000604
20151113000605
20151113000613
20151113000621
20151113000627
20151113000629
20151113000631
20151113000633
20151113000636
20151113000637
20151113000638
20151113000639
20151113000640
20151113000642
20151113000646
20151113000663
20151113000667
20151113000672
20151113000674
20151113000676
20151113000678
20151113000680
20151113000681
20151113000683
20151113000687
20151113000696
20151113000706
20151113000709
20151113000710
20151113000711
20151113000712
20151113000717
20151113000718
20151113000722
20151113000731
20151113000732
20151113000733
20151113000736
20151113000739
20151113000740
20151113000743
20151113000751
20151113000760
20151113000765
20151113000769
20151113000771
20151113000777
20151113000778
20151113000782
20151113000786
20151113000789
20151113000799
20151113000800
20151113000808
20151113000810
20151113000811
20151113000816
20151113000833
20151113000834
20151113000839
20151113000845
20151113000846
20151113000852
20151113000854
20151113000855
20151113000870
20151113000872
20151113000878
20151113000894
20151113000895
20151113000911
20151113000917
20151113000918
20151113000930
20151113000934
20151113000942
20151113000943
20151113000944
20151113000945
20151113000948
20151113000949
20151113000950
20151113000956
20151113000957
20151113000959
20151113000960
20151113000965
20151113000966
20151113000968
20151113000970
20151113000974
20151113000977
20151113000979
20151113000981
20151113000983
20151113000985
20151113000986
20151113000987
20151113000990
20151113000995
20151113001002
20151113001003
20151113001005
20151113001007
20151113001013
20151113001015
20151113001019
20151113001025
20151113001029
20151113001035
20151113001043
20151113001044
20151113001046
20151113001061
20151113001065
20151113001071
20151113001074
20151113001090
20151113001108
20151113001109
20151113001112
20151113001130
20151113001135
20151113001136
20151113001137
20151113001138
20151113001142
20151113001144
20151113001147
20151113001158
20151113001159
20151113001160
20151113001161
20151113001170
20151113001174
20151113001175
20151113001177
20151113001179
20151113001202
20151113001218
20151113001220
20151116000002
20151116000006
20151116000011
20151116000014
20151116000016
20151116000020
20151116000022
20151116000025
20151116000026
20151116000038
20151116000040
20151116000044
20151116000058
20151116000061
20151116000062
20151116000066
20151116000076
20151116000083
20151116000086
20151116000087
20151116000090
20151116000092
20151116000095
20151116000114
20151116000125
20151116000127
20151116000128
20151116000134
20151116000144
20151116000145
20151116000147
20151116000148
20151116000149
20151116000150
20151116000161
20151116000165
20151116000167
20151116000168
20151116000173
20151116000176
20151116000177
20151116000179
20151116000182
20151116000197
20151116000199
20151116000204
20151116000205
20151116000207
20151116000217
20151116000225
20151116000227
20151116000231
20151116000237
20151116000244
20151116000248
20151116000249
20151116000251
20151116000261
20151116000264
20151116000272
20151116000275
20151116000277
20151116000278
20151116000287
20151116000288
20151116000292
20151116000300
20151116000305
20151116000310
20151116000311
20151116000312
20151116000316
20151116000317
20151116000321
20151116000325
20151116000326
20151116000328
20151116000333
20151116000337
20151116000339
20151116000343
20151116000344
20151116000360
20151116000366
20151116000369
20151116000371
20151116000401
20151116000428
20151116000433
20151116000437
20151116000442
20151116000445
20151116000449
20151116000450
20151116000452
20151116000455
20151116000456
20151116000457
20151116000463
20151116000466
20151116000467
20151116000472
20151116000481
20151116000487
20151116000490
20151116000499
20151116000510
20151116000511
20151116000526
20151116000532
20151116000535
20151116000540
20151116000543
20151116000545
20151116000548
20151116000552
20151116000556
20151116000566
20151116000568
20151116000569
20151116000570
20151116000577
20151116000584
20151116000588
20151116000590
20151116000591
20151116000598
20151116000602
20151116000606
20151116000608
20151116000609
20151116000610
20151116000613
20151116000614
20151116000618
20151116000624
20151116000626
20151116000627
20151116000635
20151116000637
20151116000646
20151116000657
20151116000659
20151116000662
20151116000667
20151116000671
20151116000675
20151116000679
20151116000680
20151116000682
20151116000687
20151116000691
20151116000692
20151116000695
20151116000697
20151116000698
20151116000704
20151116000708
20151116000717
20151116000719
20151116000722
20151116000724
20151116000725
20151116000732
20151116000734
20151116000738
20151116000740
20151116000741
20151116000742
20151116000744
20151116000745
20151116000746
20151116000748
20151116000754
20151116000761
20151116000765
20151116000766
20151116000768
20151116000770
20151116000771
20151116000776
20151116000780
20151116000794
20151116000809
20151116000810
20151116000812
20151116000815
20151116000817
20151116000822
20151116000826
20151116000829
20151116000832
20151116000836
20151116000843
20151116000849
20151116000869
20151116000870
20151116000881
20151116000882
20151116000890
20151116000901
20151116000903
20151116000910
20151116000920
20151116000923
20151116000925
20151116000932
20151116000933
20151116000935
20151116000940
20151116000942
20151116000945
20151116000947
20151116000948
20151116000950
20151116000951
20151116000954
20151116000961
20151116000962
20151116000964
20151116000972
20151116000977
20151116000982
20151116000984
20151116000985
20151116000988
20151116000991
20151116000996
20151116001002
20151116001004
20151116001005
20151116001013
20151116001014
20151116001021
20151116001022
20151116001025
20151116001026
20151116001027
20151116001028
20151116001030
20151116001031
20151116001034
20151116001035
20151116001037
20151116001051
20151116001055
20151116001069
20151116001074
20151116001076
20151116001080
20151116001081
20151116001085
20151116001087
20151116001089
20151116001091
20151116001097
20151116001098
20151116001099
20151116001100
20151116001101
20151116001103
20151116001107
20151116001108
20151116001112
20151116001114
20151116001117
20151116001120
20151116001121
20151116001123
20151116001129
20151116001132
20151116001133
20151116001134
20151116001138
20151116001139
20151116001141
20151116001142
20151116001144
20151116001147
20151116001152
20151116001153
20151116001155
20151116001157
20151116001158
20151116001160
20151116001163
20151116001164
20151116001166
20151116001168
20151116001173
20151116001179
20151116001191
20151116001194
20151116001199
20151116001202
20151116001204
20151116001206
20151116001208
20151116001213
20151116001214
20151116001215
20151116001220
20151116001222
20151116001224
20151116001227
20151116001230
20151116001236
20151116001240
20151116001255
20151116001258
20151116001259
20151116001262
20151116001274
20151116001292
20151116001294
20151116001295
20151116001298
20151116001300
20151116001301
20151116001303
20151116001304
20151116001305
20151116001312
20151116001313
20151116001316
20151116001321
20151116001322
20151116001324
20151116001327
20151116001333
20151116001343
20151116001344
20151116001346
20151116001353
20151116001358
20151116001360
20151116001366
20151116001373
20151116001376
20151116001377
20151116001378
20151116001381
20151116001382
20151116001387
20151116001388
20151116001391
20151116001394
20151116001395
20151116001397
20151116001406
20151116001408
20151116001422
20151116001431
20151116001433
20151116001435
20151116001437
20151116001438
20151116001440
20151116001441
20151116001444
20151116001445
20151116001450
20151116001454
20151116001461
20151116001464
20151116001468
20151116001469
20151116001470
20151116001473
20151116001481
20151116001487
20151116001489
20151116001491
20151116001499
20151116001500
20151116001502
20151116001503
20151116001507
20151116001510
20151116001513
20151116001514
20151116001515
20151116001522
20151116001524
20151116001528
20151116001529
20151116001533
20151116001534
20151116001539
20151116001543
20151116001567
20151116001568
20151116001579
20151116001580
20151116001586
20151116001587
20151116001589
20151116001591
20151116001592
20151116001606
20151116001609
20151116001615
20151116001618
20151116001620
20151116001631
20151116001633
20151116001634
20151116001637
20151116001650
20151116001653
20151116001656
20151116001668
20151116001670
20151116001675
20151116001676
20151116001682
20151116001685
20151116001691
20151116001696
20151116001712
20151116001714
20151116001716
20151116001718
20151116001721
20151116001722
20151116001723
20151116001739
20151116001741
20151116001743
20151116001744
20151116001746
20151116001747
20151116001752
20151116001757
20151116001762
20151116001765
20151116001769
20151116001774
20151116001780
20151116001784
20151116001793
20151116001795
20151116001800
20151116001802
20151116001812
20151116001814
20151116001819
20151116001828
20151116001829
20151116001832
20151116001834
20151116001837
20151116001839
20151116001848
20151116001854
20151116001875
20151116001901
20151116001902
20151117000126
20151117000193
20151118000043
20151118000253
20151120000371
20151123000044
20151123000186
20151124000030
20151124000221
20151125000011
20151125000243
20151125000247
20151126000260
20151127000069
20151127000079
20151127000308
20151127000543
20151127000547
20151127000638
20151127000640
20151127000681
20151127000705
20151127000758
20151127000841
20151130000418
20151130000568
20151130000653
20151130000660
20151130000689
20151130000952
20151130000993
20151130001002
20151130001085
20151130001214
20151130001265
20151130001380
20151130001395
20151130001561
20151130001639
20151130001680
20151130001681
20151204000368
20151208000132
20151208000136
20151208000161
20151209000045
20151209000128
20151214000179
20160114000264
20160129000446
20160204000021
20160212000076
20160215000013
20160215000134
20160215000221
20160215000224
20160215000259
20160215000266
20160215000291
20160215000354
20160215000367
20160215000441
20160215000481
20160412001914
20160412001946
20160412001979
20160426000514
20160426000698
20160427000068
20160427000178
20160428000007
20160429000976
20160504000303
20160504001219
20160509000570
20160509000763
20160509001503
20160510000757
20160511000148
20160511000329
20160511000354
20160511000868
20160511000966
20160511001351
20160511001373
20160511001559
20160511001850
20160511002180
20160511002263
20160511002875
20160511002944
20160511002963
20160512000004
20160512000064
20160512000095
20160512000360
20160512000601
20160512000605
20160512000742
20160512000784
20160512001241
20160512001330
20160512001371
20160512001431
20160512001547
20160512001580
20160512001589
20160512001648
20160512001679
20160512001861
20160512001915
20160512002108
20160512002175
20160512002245
20160512002373
20160512002393
20160512002771
20160512003085
20160512003170
20160512003218
20160512003406
20160512003440
20160512003441
20160512003549
20160512003563
20160512003583
20160512003607
20160513000148
20160513000164
20160513000213
20160513000248
20160513000251
20160513000339
20160513000342
20160513000380
20160513000411
20160513000416
20160513000520
20160513000549
20160513000565
20160513000583
20160513000599
20160513000625
20160513000651
20160513000708
20160513000758
20160513000871
20160513000950
20160513001154
20160513001161
20160513001235
20160513001291
20160513001511
20160513001681
20160513001819
20160513001989
20160513002032
20160513002097
20160513002113
20160513002149
20160513002165
20160513002166
20160513002185
20160513002203
20160513002216
20160513002224
20160513002312
20160513002337
20160513002411
20160513002423
20160513002443
20160513002477
20160513002559
20160513002590
20160513002612
20160513002618
20160513002714
20160513002715
20160513002716
20160513002721
20160513002771
20160513002802
20160513002824
20160513002879
20160513002920
20160513002943
20160513002953
20160513002966
20160513002985
20160513003055
20160513003132
20160513003142
20160513003143
20160513003156
20160513003160
20160513003199
20160513003200
20160513003253
20160513003256
20160513003258
20160513003320
20160513003344
20160513003379
20160513003403
20160513003412
20160513003443
20160513003444
20160513003493
20160513003497
20160513003506
20160513003554
20160513003597
20160513003608
20160513003660
20160513003731
20160513003747
20160513003749
20160513003752
20160513003756
20160513003758
20160513003786
20160513003795
20160513003843
20160513003868
20160513003870
20160513003913
20160513003935
20160513003938
20160513003942
20160513003958
20160513004040
20160513004062
20160513004106
20160513004133
20160513004197
20160513004269
20160513004274
20160513004276
20160513004280
20160513004286
20160513004299
20160513004311
20160513004326
20160513004343
20160513004390
20160513004396
20160513004400
20160513004414
20160513004450
20160513004499
20160513004508
20160513004517
20160513004532
20160513004550
20160513004563
20160513004572
20160513004593
20160513004602
20160513004614
20160513004617
20160513004644
20160513004686
20160513004694
20160513004702
20160513004738
20160513004744
20160513004746
20160513004766
20160513004790
20160513004808
20160513004811
20160513004828
20160513004832
20160513004839
20160513004841
20160513004854
20160513004878
20160513004879
20160513004905
20160513004919
20160513004923
20160513004928
20160513004934
20160513004951
20160513004968
20160513004972
20160513004982
20160513004989
20160513004994
20160513005002
20160513005016
20160513005094
20160513005099
20160513005117
20160513005126
20160513005150
20160513005219
20160513005233
20160513005244
20160513005249
20160513005250
20160513005252
20160513005269
20160513005274
20160513005280
20160513005296
20160513005297
20160513005299
20160513005306
20160513005313
20160513005319
20160513005323
20160513005324
20160513005329
20160513005332
20160513005347
20160513005355
20160513005358
20160513005390
20160513005396
20160513005403
20160513005430
20160513005452
20160513005461
20160513005480
20160513005489
20160513005495
20160513005496
20160513005501
20160513005509
20160513005523
20160513005580
20160513005601
20160513005603
20160513005629
20160516000151
20160516000217
20160516000243
20160516000262
20160516000267
20160516000292
20160516000293
20160516000311
20160516000332
20160516000370
20160516000402
20160516000405
20160516000428
20160516000463
20160516000464
20160516000492
20160516000511
20160516000533
20160516000549
20160516000586
20160516000603
20160516000607
20160516000609
20160516000619
20160516000636
20160516000654
20160516000656
20160516000694
20160516000697
20160516000714
20160516000745
20160516000747
20160516000754
20160516000777
20160516000815
20160516000822
20160516000835
20160516000836
20160516000843
20160516000860
20160516000885
20160516000890
20160516000932
20160516000936
20160516000950
20160516000954
20160516000977
20160516001005
20160516001024
20160516001057
20160516001074
20160516001078
20160516001083
20160516001084
20160516001086
20160516001108
20160516001111
20160516001138
20160516001149
20160516001150
20160516001177
20160516001181
20160516001183
20160516001196
20160516001217
20160516001224
20160516001229
20160516001237
20160516001240
20160516001244
20160516001254
20160516001259
20160516001267
20160516001283
20160516001292
20160516001298
20160516001299
20160516001300
20160516001306
20160516001307
20160516001308
20160516001314
20160516001315
20160516001322
20160516001329
20160516001334
20160516001339
20160516001388
20160516001389
20160516001391
20160516001395
20160516001398
20160516001399
20160516001414
20160516001415
20160516001421
20160516001425
20160516001429
20160516001436
20160516001438
20160516001449
20160516001450
20160516001469
20160516001471
20160516001473
20160516001474
20160516001484
20160516001488
20160516001490
20160516001492
20160516001503
20160516001505
20160516001506
20160516001511
20160516001512
20160516001513
20160516001519
20160516001526
20160516001535
20160516001538
20160516001544
20160516001547
20160516001556
20160516001560
20160516001562
20160516001578
20160516001583
20160516001590
20160516001603
20160516001620
20160516001624
20160516001625
20160516001627
20160516001630
20160516001633
20160516001634
20160516001638
20160516001641
20160516001652
20160516001653
20160516001665
20160516001677
20160516001678
20160516001681
20160516001685
20160516001693
20160516001702
20160516001704
20160516001706
20160516001712
20160516001715
20160516001717
20160516001720
20160516001723
20160516001724
20160516001732
20160516001734
20160516001736
20160516001749
20160516001766
20160516001779
20160516001780
20160516001784
20160516001792
20160516001795
20160516001796
20160516001798
20160516001799
20160516001823
20160516001833
20160516001835
20160516001840
20160516001845
20160516001851
20160516001855
20160516001868
20160516001870
20160516001872
20160516001874
20160516001879
20160516001880
20160516001884
20160516001887
20160516001892
20160516001894
20160516001896
20160516001900
20160516001902
20160516001923
20160516001932
20160516001933
20160516001943
20160516001945
20160516001946
20160516001948
20160516001958
20160516001960
20160516001963
20160516001975
20160516001978
20160516001982
20160516001989
20160516001990
20160516001994
20160516002000
20160516002005
20160516002016
20160516002017
20160516002019
20160516002023
20160516002031
20160516002039
20160516002040
20160516002051
20160516002055
20160516002056
20160516002063
20160516002065
20160516002070
20160516002072
20160516002075
20160516002085
20160516002087
20160516002089
20160516002094
20160516002101
20160516002109
20160516002120
20160516002122
20160516002123
20160516002133
20160516002139
20160516002146
20160516002166
20160516002167
20160516002177
20160516002181
20160516002182
20160516002184
20160516002197
20160516002201
20160516002203
20160516002210
20160516002217
20160516002222
20160516002233
20160516002234
20160516002237
20160516002247
20160516002267
20160516002274
20160516002288
20160516002291
20160516002300
20160516002308
20160516002310
20160516002321
20160516002324
20160516002327
20160516002331
20160516002336
20160516002348
20160516002361
20160516002362
20160516002365
20160516002366
20160516002368
20160516002370
20160516002375
20160516002380
20160516002386
20160516002393
20160516002405
20160516002415
20160516002424
20160516002426
20160516002427
20160516002431
20160516002435
20160516002438
20160516002439
20160516002445
20160516002449
20160516002454
20160516002461
20160516002462
20160516002469
20160516002482
20160516002488
20160516002502
20160516002507
20160516002514
20160516002518
20160516002522
20160516002526
20160516002531
20160516002534
20160516002539
20160516002542
20160516002549
20160516002555
20160516002566
20160516002569
20160516002574
20160516002577
20160516002580
20160516002585
20160516002591
20160516002592
20160516002594
20160516002605
20160516002607
20160516002612
20160516002615
20160516002620
20160516002624
20160516002626
20160516002632
20160516002646
20160516002650
20160516002651
20160516002655
20160516002661
20160516002682
20160516002690
20160516002692
20160516002698
20160516002699
20160516002705
20160516002707
20160516002716
20160516002719
20160516002727
20160516002731
20160516002734
20160516002741
20160516002745
20160516002752
20160516002753
20160516002760
20160516002767
20160516002773
20160516002774
20160516002781
20160516002783
20160516002787
20160516002798
20160516002801
20160516002806
20160516002807
20160516002809
20160516002810
20160516002816
20160516002820
20160516002826
20160516002828
20160516002830
20160516002843
20160516002846
20160516002863
20160516002864
20160516002865
20160516002879
20160516002886
20160516002891
20160516002897
20160516002898
20160516002903
20160516002905
20160516002910
20160516002912
20160516002935
20160516002941
20160516002943
20160516002948
20160516002966
20160516002971
20160516002975
20160516002978
20160516002979
20160516002982
20160516002985
20160516002991
20160516003003
20160516003006
20160516003013
20160516003017
20160516003022
20160516003024
20160516003026
20160516003035
20160516003037
20160516003045
20160516003048
20160516003053
20160516003065
20160516003066
20160516003071
20160516003077
20160516003081
20160516003087
20160516003091
20160516003099
20160516003106
20160516003112
20160516003117
20160516003122
20160516003131
20160516003132
20160516003134
20160516003135
20160516003136
20160516003142
20160516003143
20160516003144
20160516003150
20160516003158
20160516003160
20160516003167
20160516003178
20160516003181
20160516003183
20160516003185
20160516003188
20160516003190
20160516003192
20160516003198
20160516003200
20160516003203
20160516003204
20160516003206
20160516003210
20160516003212
20160516003214
20160516003216
20160516003219
20160516003220
20160516003225
20160516003228
20160516003234
20160516003237
20160516003238
20160516003242
20160516003251
20160516003254
20160516003255
20160516003256
20160516003259
20160516003265
20160516003270
20160516003277
20160516003281
20160516003284
20160516003295
20160516003301
20160516003309
20160516003310
20160516003311
20160516003331
20160516003336
20160516003338
20160516003344
20160516003346
20160516003347
20160516003353
20160516003354
20160516003358
20160516003368
20160516003382
20160516003385
20160516003388
20160516003389
20160516003395
20160516003406
20160516003408
20160516003409
20160516003413
20160516003429
20160516003434
20160516003436
20160516003438
20160516003441
20160516003443
20160516003446
20160516003447
20160516003448
20160516003450
20160516003452
20160516003462
20160516003469
20160516003470
20160516003484
20160516003497
20160516003508
20160516003512
20160516003516
20160516003517
20160516003525
20160516003530
20160516003538
20160516003539
20160516003541
20160516003543
20160516003545
20160516003546
20160516003560
20160516003562
20160516003567
20160516003576
20160516003577
20160516003585
20160516003588
20160516003597
20160516003610
20160516003630
20160516003631
20160516003635
20160516003637
20160516003640
20160516003644
20160516003650
20160516003654
20160516003660
20160516003669
20160516003675
20160516003681
20160516003686
20160516003692
20160516003693
20160516003697
20160516003703
20160516003721
20160516003723
20160516003727
20160516003730
20160516003731
20160516003738
20160516003742
20160516003744
20160516003757
20160516003759
20160516003764
20160516003794
20160516003821
20160516003834
20160516003850
20160516003860
20160517000071
20160519000075
20160519000092
20160519000175
20160519000260
20160519000412
20160523000017
20160523000023
20160526000087
20160527000248
20160527000266
20160527000301
20160527000314
20160527000407
20160530000041
20160530000118
20160530000223
20160530000300
20160530000325
20160530000488
20160530000505
20160530000512
20160530000523
20160530000531
20160530000596
20160530000604
20160530000657
20160530000708
20160530000710
20160530000764
20160530000803
20160530000809
20160608000083
20160614000046
20160707000258
20160711000295
20160729000003
20160804000113
20160804000126
20160805000103
20160805000131
20160808000012
20160808000075
20160808000251
20160808000354
20160808000377
20160809000029
20160809000085
20160809000188
20160810000068
20160810000087
20160810000266
20160810000311
20160810000462
20160810000470
20160811000029
20160811000040
20160811000043
20160811000088
20160811000095
20160811000099
20160811000125
20160811000138
20160811000169
20160811000180
20160811000195
20160811000204
20160811000256
20160811000290
20160811000309
20160811000322
20160811000325
20160811000405
20160811000419
20160811000440
20160811000489
20160811000493
20160812000045
20160812000064
20160812000065
20160812000085
20160812000110
20160812000134
20160812000136
20160812000144
20160812000160
20160812000161
20160812000166
20160812000174
20160812000189
20160812000191
20160812000201
20160812000206
20160812000214
20160812000221
20160812000227
20160812000233
20160812000235
20160812000268
20160812000271
20160812000272
20160812000276
20160812000280
20160812000295
20160812000311
20160812000317
20160812000321
20160812000322
20160812000338
20160812000340
20160812000346
20160812000351
20160812000353
20160812000366
20160812000371
20160812000373
20160812000382
20160812000392
20160812000393
20160812000427
20160812000438
20160812000460
20160812000464
20160812000468
20160812000471
20160812000482
20160812000487
20160812000499
20160812000504
20160812000516
20160812000519
20160812000525
20160812000539
20160812000541
20160812000551
20160812000552
20160812000561
20160812000562
20160812000568
20160812000578
20160812000582
20160812000598
20160812000610
20160812000611
20160812000614
20160812000626
20160812000635
20160812000637
20160812000640
20160812000669
20160812000681
20160812000687
20160812000693
20160812000711
20160812000719
20160812000723
20160812000734
20160812000743
20160812000749
20160812000751
20160812000752
20160812000754
20160812000757
20160812000759
20160812000767
20160812000769
20160812000781
20160812000785
20160812000786
20160812000791
20160812000804
20160812000809
20160812000821
20160812000823
20160812000834
20160812000836
20160812000848
20160812000852
20160812000854
20160812000856
20160812000857
20160812000858
20160812000859
20160812000870
20160812000874
20160812000883
20160812000887
20160812000888
20160812000893
20160812000906
20160812000911
20160812000917
20160812000919
20160812000922
20160812000923
20160812000924
20160812000929
20160812000930
20160812000937
20160812000939
20160812000941
20160812000942
20160812000943
20160812000949
20160812000955
20160812000959
20160812000961
20160812000970
20160812000981
20160812000994
20160812000996
20160812001001
20160812001019
20160812001023
20160812001029
20160812001030
20160812001042
20160812001043
20160812001049
20160812001057
20160812001064
20160812001066
20160812001068
20160812001073
20160812001076
20160812001083
20160812001098
20160812001099
20160812001107
20160812001110
20160812001111
20160812001127
20160812001134
20160812001136
20160812001138
20160812001147
20160812001148
20160812001151
20160812001157
20160812001161
20160812001163
20160812001168
20160812001169
20160812001173
20160812001177
20160812001178
20160812001181
20160812001184
20160812001189
20160812001199
20160812001208
20160812001210
20160812001225
20160812001227
20160812001232
20160812001237
20160812001246
20160812001257
20160812001263
20160812001264
20160812001268
20160812001277
20160812001282
20160812001284
20160812001287
20160812001309
20160812001318
20160812001324
20160812001333
20160812001346
20160812001361
20160812001372
20160812001373
20160812001377
20160812001388
20160812001391
20160812001395
20160812001404
20160812001409
20160812001417
20160812001421
20160812001440
20160812001445
20160812001450
20160816000036
20160816000046
20160816000047
20160816000054
20160816000056
20160816000063
20160816000068
20160816000070
20160816000080
20160816000085
20160816000093
20160816000096
20160816000098
20160816000100
20160816000105
20160816000114
20160816000115
20160816000128
20160816000131
20160816000139
20160816000143
20160816000150
20160816000162
20160816000170
20160816000179
20160816000192
20160816000195
20160816000198
20160816000208
20160816000210
20160816000213
20160816000219
20160816000220
20160816000227
20160816000231
20160816000234
20160816000255
20160816000266
20160816000270
20160816000280
20160816000281
20160816000286
20160816000289
20160816000290
20160816000295
20160816000298
20160816000305
20160816000308
20160816000323
20160816000325
20160816000326
20160816000328
20160816000333
20160816000334
20160816000338
20160816000339
20160816000341
20160816000351
20160816000357
20160816000361
20160816000375
20160816000383
20160816000386
20160816000392
20160816000398
20160816000402
20160816000405
20160816000406
20160816000407
20160816000412
20160816000418
20160816000424
20160816000426
20160816000430
20160816000431
20160816000445
20160816000450
20160816000451
20160816000459
20160816000463
20160816000465
20160816000467
20160816000471
20160816000479
20160816000487
20160816000498
20160816000500
20160816000501
20160816000506
20160816000509
20160816000520
20160816000525
20160816000529
20160816000534
20160816000541
20160816000546
20160816000547
20160816000549
20160816000569
20160816000571
20160816000589
20160816000610
20160816000615
20160816000616
20160816000617
20160816000621
20160816000624
20160816000625
20160816000631
20160816000634
20160816000635
20160816000640
20160816000648
20160816000650
20160816000669
20160816000676
20160816000684
20160816000695
20160816000698
20160816000706
20160816000713
20160816000716
20160816000724
20160816000726
20160816000727
20160816000728
20160816000729
20160816000730
20160816000738
20160816000744
20160816000748
20160816000749
20160816000751
20160816000752
20160816000753
20160816000754
20160816000759
20160816000760
20160816000767
20160816000769
20160816000772
20160816000774
20160816000790
20160816000800
20160816000802
20160816000810
20160816000814
20160816000821
20160816000827
20160816000828
20160816000857
20160816000860
20160816000861
20160816000862
20160816000863
20160816000865
20160816000867
20160816000868
20160816000871
20160816000878
20160816000879
20160816000881
20160816000885
20160816000888
20160816000889
20160816000896
20160816000898
20160816000902
20160816000903
20160816000928
20160816000929
20160816000944
20160816000945
20160816000946
20160816000947
20160816000951
20160816000952
20160816000954
20160816000955
20160816000958
20160816000964
20160816000966
20160816000969
20160816000972
20160816000975
20160816000982
20160816000984
20160816000992
20160816000994
20160816000996
20160816001001
20160816001004
20160816001005
20160816001007
20160816001011
20160816001019
20160816001031
20160816001038
20160816001039
20160816001045
20160816001051
20160816001059
20160816001062
20160816001063
20160816001065
20160816001074
20160816001076
20160816001083
20160816001088
20160816001096
20160816001099
20160816001100
20160816001108
20160816001111
20160816001113
20160816001116
20160816001119
20160816001124
20160816001125
20160816001127
20160816001128
20160816001129
20160816001130
20160816001132
20160816001133
20160816001138
20160816001140
20160816001144
20160816001147
20160816001150
20160816001156
20160816001158
20160816001169
20160816001174
20160816001176
20160816001177
20160816001179
20160816001182
20160816001183
20160816001186
20160816001187
20160816001188
20160816001189
20160816001190
20160816001193
20160816001202
20160816001206
20160816001209
20160816001215
20160816001217
20160816001226
20160816001229
20160816001232
20160816001233
20160816001237
20160816001238
20160816001239
20160816001250
20160816001251
20160816001254
20160816001261
20160816001267
20160816001268
20160816001270
20160816001273
20160816001276
20160816001277
20160816001280
20160816001283
20160816001286
20160816001288
20160816001294
20160816001297
20160816001299
20160816001300
20160816001302
20160816001304
20160816001312
20160816001313
20160816001318
20160816001319
20160816001320
20160816001321
20160816001322
20160816001325
20160816001327
20160816001333
20160816001337
20160816001338
20160816001342
20160816001343
20160816001357
20160816001359
20160816001360
20160816001365
20160816001367
20160816001376
20160816001378
20160816001382
20160816001383
20160816001385
20160816001386
20160816001396
20160816001405
20160816001406
20160816001407
20160816001408
20160816001409
20160816001410
20160816001415
20160816001416
20160816001423
20160816001425
20160816001436
20160816001439
20160816001440
20160816001442
20160816001444
20160816001447
20160816001448
20160816001449
20160816001451
20160816001452
20160816001453
20160816001454
20160816001457
20160816001464
20160816001466
20160816001470
20160816001478
20160816001479
20160816001481
20160816001488
20160816001494
20160816001500
20160816001501
20160816001506
20160816001507
20160816001508
20160816001511
20160816001513
20160816001522
20160816001527
20160816001529
20160816001532
20160816001536
20160816001537
20160816001541
20160816001542
20160816001548
20160816001550
20160816001558
20160816001563
20160816001565
20160816001566
20160816001568
20160816001569
20160816001570
20160816001572
20160816001579
20160816001582
20160816001589
20160816001595
20160816001598
20160816001603
20160816001605
20160816001606
20160816001612
20160816001621
20160816001623
20160816001624
20160816001626
20160816001627
20160816001632
20160816001642
20160816001647
20160816001658
20160816001660
20160816001661
20160816001662
20160816001670
20160816001674
20160816001679
20160816001680
20160816001683
20160816001684
20160816001686
20160816001688
20160816001689
20160816001693
20160816001699
20160816001705
20160816001710
20160816001716
20160816001718
20160816001721
20160816001739
20160816001740
20160816001742
20160816001745
20160816001746
20160816001747
20160816001752
20160816001755
20160816001762
20160816001769
20160816001770
20160816001772
20160816001773
20160816001793
20160816001796
20160816001798
20160816001802
20160816001815
20160816001817
20160816001820
20160816001823
20160816001824
20160816001825
20160816001827
20160816001829
20160816001830
20160816001836
20160816001839
20160816001841
20160816001843
20160816001846
20160816001858
20160816001859
20160816001869
20160816001878
20160816001881
20160816001886
20160816001889
20160816001890
20160816001899
20160816001900
20160816001901
20160816001905
20160816001913
20160816001917
20160816001921
20160816001922
20160816001923
20160816001928
20160816001941
20160816001947
20160816001951
20160816001957
20160816001959
20160816001960
20160816001962
20160816001972
20160816001978
20160816001979
20160816001985
20160816001987
20160816001988
20160816001989
20160816001992
20160816001994
20160816001995
20160816001996
20160816001999
20160816002005
20160816002028
20160816002039
20160816002044
20160816002045
20160816002053
20160816002054
20160816002056
20160816002061
20160816002063
20160816002072
20160816002076
20160816002079
20160816002080
20160816002084
20160816002087
20160816002090
20160816002091
20160816002092
20160816002097
20160816002099
20160816002101
20160816002104
20160816002109
20160816002115
20160816002117
20160816002137
20160816002138
20160816002147
20160816002151
20160816002153
20160816002154
20160816002156
20160816002158
20160816002159
20160816002160
20160816002161
20160816002168
20160816002172
20160816002173
20160816002178
20160816002185
20160816002191
20160816002196
20160816002198
20160816002201
20160816002203
20160816002206
20160816002224
20160816002235
20160816002237
20160816002256
20160816002257
20160816002282
20160816002296
20160816002305
20160817000063
20160817000176
20160818000109
20160822000067
20160822000111
20160824000010
20160825000260
20160826000026
20160826000073
20160826000160
20160826000215
20160826000277
20160826000312
20160826000338
20160829000089
20160829000101
20160829000105
20160829000154
20160829000167
20160829000239
20160829000269
20160829000271
20160829000297
20160829000307
20160829000378
20160829000411
20160829000419
20160829000423
20160829000426
20160829000427
20160829000437
20160829000455
20160829000534
20160829000553
20160901000106
20160913000267
20160923000452
20161027000005
20161028000353
20161028000357
20161028000362
20161028000373
20161028000397
20161031000022
20161031000062
20161101000413
20161102000233
20161104000341
20161104000456
20161104000493
20161108000112
20161109000021
20161109000030
20161109000043
20161109000052
20161109000066
20161109000246
20161109000248
20161109000318
20161109000370
20161109000379
20161110000006
20161110000007
20161110000011
20161110000014
20161110000019
20161110000020
20161110000035
20161110000051
20161110000078
20161110000188
20161110000213
20161110000251
20161110000255
20161110000352
20161110000387
20161110000448
20161111000032
20161111000074
20161111000087
20161111000091
20161111000093
20161111000096
20161111000103
20161111000104
20161111000133
20161111000134
20161111000135
20161111000138
20161111000146
20161111000151
20161111000153
20161111000156
20161111000160
20161111000171
20161111000175
20161111000177
20161111000179
20161111000184
20161111000185
20161111000187
20161111000189
20161111000205
20161111000208
20161111000213
20161111000218
20161111000222
20161111000251
20161111000254
20161111000255
20161111000263
20161111000265
20161111000269
20161111000270
20161111000292
20161111000298
20161111000299
20161111000303
20161111000309
20161111000322
20161111000338
20161111000342
20161111000350
20161111000353
20161111000354
20161111000369
20161111000372
20161111000378
20161111000381
20161111000382
20161111000390
20161111000391
20161111000395
20161111000399
20161111000400
20161111000408
20161111000411
20161111000424
20161111000433
20161111000434
20161111000436
20161111000441
20161111000444
20161111000447
20161111000450
20161111000453
20161111000455
20161111000459
20161111000461
20161111000467
20161111000468
20161111000469
20161111000472
20161111000476
20161111000479
20161111000480
20161111000485
20161111000489
20161111000512
20161111000526
20161111000537
20161111000539
20161111000544
20161111000548
20161111000553
20161111000554
20161111000555
20161111000558
20161111000563
20161111000566
20161111000570
20161111000573
20161111000577
20161111000583
20161111000587
20161111000588
20161111000589
20161111000591
20161111000597
20161111000599
20161111000602
20161111000614
20161111000624
20161111000625
20161111000628
20161111000631
20161111000634
20161111000639
20161111000641
20161111000644
20161111000647
20161111000650
20161111000654
20161111000659
20161111000670
20161111000674
20161111000675
20161111000682
20161111000683
20161111000696
20161111000698
20161111000700
20161111000701
20161111000703
20161111000711
20161111000724
20161111000728
20161111000733
20161111000734
20161111000738
20161111000739
20161111000744
20161111000748
20161111000752
20161111000761
20161111000773
20161111000781
20161111000790
20161111000793
20161111000795
20161111000798
20161111000807
20161114000007
20161114000009
20161114000010
20161114000013
20161114000028
20161114000041
20161114000048
20161114000062
20161114000064
20161114000066
20161114000067
20161114000069
20161114000072
20161114000075
20161114000084
20161114000087
20161114000089
20161114000093
20161114000166
20161114000173
20161114000176
20161114000177
20161114000178
20161114000182
20161114000183
20161114000192
20161114000198
20161114000201
20161114000203
20161114000207
20161114000208
20161114000209
20161114000212
20161114000213
20161114000218
20161114000232
20161114000244
20161114000246
20161114000253
20161114000259
20161114000261
20161114000263
20161114000266
20161114000268
20161114000290
20161114000291
20161114000299
20161114000320
20161114000345
20161114000356
20161114000357
20161114000358
20161114000360
20161114000372
20161114000383
20161114000384
20161114000385
20161114000397
20161114000421
20161114000423
20161114000424
20161114000426
20161114000430
20161114000432
20161114000438
20161114000439
20161114000440
20161114000442
20161114000443
20161114000451
20161114000461
20161114000480
20161114000485
20161114000487
20161114000491
20161114000492
20161114000498
20161114000508
20161114000510
20161114000511
20161114000514
20161114000515
20161114000519
20161114000528
20161114000533
20161114000537
20161114000540
20161114000543
20161114000548
20161114000549
20161114000554
20161114000555
20161114000564
20161114000566
20161114000567
20161114000569
20161114000571
20161114000573
20161114000576
20161114000583
20161114000587
20161114000592
20161114000593
20161114000597
20161114000600
20161114000606
20161114000609
20161114000610
20161114000615
20161114000618
20161114000624
20161114000627
20161114000628
20161114000630
20161114000633
20161114000635
20161114000637
20161114000638
20161114000640
20161114000642
20161114000646
20161114000650
20161114000653
20161114000659
20161114000660
20161114000664
20161114000669
20161114000670
20161114000675
20161114000677
20161114000680
20161114000684
20161114000685
20161114000690
20161114000693
20161114000694
20161114000702
20161114000703
20161114000707
20161114000712
20161114000715
20161114000717
20161114000731
20161114000735
20161114000736
20161114000739
20161114000740
20161114000749
20161114000750
20161114000769
20161114000771
20161114000783
20161114000785
20161114000787
20161114000790
20161114000800
20161114000802
20161114000805
20161114000809
20161114000810
20161114000815
20161114000823
20161114000833
20161114000851
20161114000854
20161114000857
20161114000858
20161114000861
20161114000863
20161114000871
20161114000872
20161114000873
20161114000888
20161114000890
20161114000893
20161114000895
20161114000900
20161114000903
20161114000909
20161114000912
20161114000925
20161114000926
20161114000932
20161114000933
20161114000935
20161114000937
20161114000938
20161114000940
20161114000943
20161114000946
20161114000947
20161114000948
20161114000950
20161114000952
20161114000956
20161114000958
20161114000959
20161114000963
20161114000964
20161114000968
20161114000969
20161114000973
20161114000976
20161114000977
20161114000980
20161114000981
20161114000985
20161114000986
20161114000987
20161114000991
20161114000994
20161114000999
20161114001002
20161114001005
20161114001007
20161114001012
20161114001017
20161114001018
20161114001021
20161114001022
20161114001026
20161114001027
20161114001034
20161114001037
20161114001038
20161114001039
20161114001040
20161114001043
20161114001044
20161114001047
20161114001051
20161114001060
20161114001068
20161114001072
20161114001084
20161114001088
20161114001089
20161114001094
20161114001097
20161114001098
20161114001102
20161114001103
20161114001106
20161114001108
20161114001120
20161114001129
20161114001134
20161114001135
20161114001140
20161114001155
20161114001156
20161114001158
20161114001161
20161114001165
20161114001176
20161114001177
20161114001183
20161114001192
20161114001195
20161114001197
20161114001198
20161114001202
20161114001209
20161114001212
20161114001214
20161114001217
20161114001226
20161114001234
20161114001237
20161114001238
20161114001241
20161114001243
20161114001247
20161114001249
20161114001250
20161114001253
20161114001255
20161114001256
20161114001259
20161114001263
20161114001268
20161114001270
20161114001274
20161114001281
20161114001296
20161114001304
20161114001306
20161114001312
20161114001322
20161114001325
20161114001327
20161114001334
20161114001335
20161114001337
20161114001342
20161114001345
20161114001346
20161114001354
20161114001355
20161114001356
20161114001358
20161114001360
20161114001361
20161114001362
20161114001366
20161114001372
20161114001377
20161114001378
20161114001380
20161114001381
20161114001383
20161114001384
20161114001385
20161114001386
20161114001392
20161114001393
20161114001394
20161114001395
20161114001398
20161114001399
20161114001403
20161114001404
20161114001407
20161114001414
20161114001415
20161114001417
20161114001422
20161114001426
20161114001431
20161114001435
20161114001437
20161114001438
20161114001440
20161114001441
20161114001448
20161114001449
20161114001459
20161114001462
20161114001470
20161114001471
20161114001472
20161114001473
20161114001476
20161114001477
20161114001479
20161114001480
20161114001482
20161114001483
20161114001484
20161114001492
20161114001500
20161114001504
20161114001512
20161114001515
20161114001537
20161114001539
20161114001540
20161114001541
20161114001544
20161114001547
20161114001549
20161114001550
20161114001555
20161114001569
20161114001572
20161114001575
20161114001582
20161114001583
20161114001587
20161114001592
20161114001594
20161114001600
20161114001603
20161114001612
20161114001620
20161114001623
20161114001636
20161114001637
20161114001640
20161114001642
20161114001644
20161114001648
20161114001657
20161114001662
20161114001664
20161114001665
20161114001667
20161114001670
20161114001673
20161114001679
20161114001682
20161114001689
20161114001692
20161114001694
20161114001695
20161114001701
20161114001705
20161114001706
20161114001707
20161114001709
20161114001717
20161114001719
20161114001732
20161114001735
20161114001736
20161114001738
20161114001740
20161114001747
20161114001749
20161114001750
20161114001754
20161114001755
20161114001759
20161114001761
20161114001764
20161114001767
20161114001771
20161114001772
20161114001780
20161114001782
20161114001784
20161114001788
20161114001789
20161114001795
20161114001796
20161114001806
20161114001807
20161114001813
20161114001814
20161114001816
20161114001817
20161114001818
20161114001819
20161114001823
20161114001824
20161114001825
20161114001838
20161114001841
20161114001843
20161114001849
20161114001860
20161114001862
20161114001864
20161114001873
20161114001881
20161114001890
20161114001891
20161114001892
20161114001894
20161114001897
20161114001925
20161114001927
20161114001934
20161114001944
20161114001945
20161114001946
20161114001948
20161114001950
20161114001954
20161114001959
20161114001962
20161114001963
20161114001966
20161114001972
20161114001975
20161114001977
20161114001982
20161114001984
20161114001985
20161114001989
20161114001990
20161114001994
20161114001996
20161114002001
20161114002002
20161114002003
20161114002005
20161114002007
20161114002008
20161114002009
20161114002013
20161114002016
20161114002017
20161114002018
20161114002019
20161114002020
20161114002022
20161114002025
20161114002026
20161114002032
20161114002034
20161114002039
20161114002042
20161114002049
20161114002052
20161114002053
20161114002055
20161114002058
20161114002061
20161114002071
20161114002072
20161114002078
20161114002079
20161114002093
20161114002099
20161114002101
20161114002102
20161114002106
20161114002107
20161114002109
20161114002113
20161114002118
20161114002119
20161114002124
20161114002129
20161114002130
20161114002131
20161114002132
20161114002133
20161114002135
20161114002136
20161114002137
20161114002138
20161114002143
20161114002145
20161114002150
20161114002156
20161114002157
20161114002162
20161114002172
20161114002181
20161114002185
20161114002192
20161114002197
20161114002210
20161114002213
20161114002220
20161114002221
20161114002222
20161114002223
20161114002226
20161114002227
20161114002228
20161114002229
20161114002230
20161114002231
20161114002238
20161114002239
20161114002244
20161114002249
20161114002250
20161114002251
20161114002259
20161114002262
20161114002264
20161114002272
20161114002274
20161114002275
20161114002277
20161114002280
20161114002281
20161114002287
20161114002290
20161114002294
20161114002297
20161114002299
20161114002302
20161114002304
20161114002314
20161114002315
20161114002318
20161114002345
20161114002348
20161114002354
20161114002356
20161114002358
20161114002369
20161114002370
20161114002372
20161114002375
20161114002377
20161114002379
20161114002390
20161114002392
20161114002398
20161114002399
20161114002400
20161114002411
20161114002416
20161114002417
20161114002418
20161114002419
20161114002420
20161114002422
20161114002424
20161114002426
20161114002429
20161114002435
20161114002440
20161114002446
20161114002455
20161114002456
20161114002457
20161114002460
20161114002463
20161114002465
20161114002468
20161114002470
20161114002471
20161114002476
20161114002483
20161114002484
20161114002486
20161114002489
20161114002491
20161114002500
20161114002510
20161114002513
20161114002518
20161114002519
20161114002522
20161114002556
20161114002564
20161114002566
20161114002567
20161114002572
20161114002575
20161114002587
20161114002588
20161114002591
20161114002598
20161114002605
20161114002609
20161114002611
20161114002612
20161114002619
20161114002627
20161115000059
20161115000066
20161116000024
20161116000042
20161116000178
20161117000033
20161117000133
20161118000081
20161118000338
20161121000006
20161121000141
20161121000274
20161122000143
20161123000061
20161124000055
20161125000081
20161125000085
20161125000127
20161125000245
20161125000373
20161128000203
20161128000271
20161128000280
20161128000330
20161129000022
20161129000032
20161129000211
20161129000216
20161129000224
20161129000227
20161129000234
20161129000326
20161129000388
20161129000413
20161129000417
20161129000433
20161129000445
20161129000446
20161129000448
20161129000513
20161129000515
20161129000538
20161129000540
20161129000569
20161129000611
20161129000644
20161209000262
20161230000264
20170113000008
20170213000157
20170213000382
20170214000034
20170214000209
20170214000228
20170214000295
20170214000447
20170214000450
20170214000453
20170214000469
20170214000557
20170214000627
20170214000656
20170214000749
20170405001678
20170418000200
20170420000306
20170425000095
20170502001773
20170508000029
20170508002346
20170508002641
20170510000007
20170510000241
20170510000255
20170510000265
20170510000538
20170510000862
20170510000914
20170510001385
20170510001918
20170510002231
20170510002240
20170510002271
20170510002893
20170511000358
20170511000497
20170511000644
20170511001179
20170511001265
20170511001445
20170511001619
20170511001876
20170511002820
20170511003349
20170511003482
20170511003864
20170511003931
20170511003969
20170511003971
20170511004422
20170511005168
20170512000177
20170512000204
20170512000497
20170512000530
20170512000550
20170512000700
20170512000766
20170512000800
20170512001411
20170512001659
20170512001744
20170512001885
20170512001930
20170512002079
20170512002303
20170512002445
20170512002607
20170512002784
20170512003247
20170512003377
20170512003418
20170512003511
20170512003588
20170512003651
20170512003683
20170512003734
20170512003908
20170512004157
20170512004207
20170512004316
20170512004326
20170512004337
20170512004347
20170512004377
20170512004425
20170512004445
20170512004481
20170512004519
20170512004564
20170512004603
20170512004605
20170512004609
20170512004636
20170512004667
20170512004675
20170512004678
20170512004687
20170512004724
20170512004757
20170512004829
20170512004835
20170512004846
20170512004864
20170512004874
20170512004892
20170512004894
20170512004901
20170512004914
20170512004920
20170512004978
20170512005010
20170512005033
20170512005253
20170512005283
20170512005298
20170512005313
20170512005344
20170512005375
20170512005392
20170512005427
20170512005430
20170512005478
20170512005481
20170512005535
20170512005570
20170512005600
20170512005645
20170512005649
20170512005650
20170512005670
20170512005694
20170512005714
20170512005727
20170512005729
20170512005736
20170512005756
20170512005761
20170512005763
20170512005819
20170512005868
20170512005894
20170512005942
20170512005977
20170512005983
20170512005986
20170512005988
20170512005994
20170512006011
20170512006021
20170512006022
20170512006046
20170512006105
20170512006122
20170512006204
20170512006230
20170512006246
20170512006249
20170512006254
20170512006265
20170512006267
20170512006268
20170512006297
20170512006302
20170512006347
20170512006351
20170512006356
20170512006387
20170512006433
20170512006436
20170512006458
20170512006558
20170512006779
20170515000005
20170515000075
20170515000279
20170515000292
20170515000294
20170515000341
20170515000349
20170515000357
20170515000381
20170515000382
20170515000408
20170515000413
20170515000423
20170515000438
20170515000445
20170515000454
20170515000455
20170515000459
20170515000481
20170515000487
20170515000519
20170515000535
20170515000540
20170515000544
20170515000559
20170515000613
20170515000616
20170515000617
20170515000620
20170515000622
20170515000631
20170515000673
20170515000702
20170515000718
20170515000726
20170515000728
20170515000760
20170515000764
20170515000768
20170515000797
20170515000835
20170515000857
20170515000859
20170515000860
20170515000891
20170515000932
20170515000988
20170515000989
20170515000993
20170515001046
20170515001048
20170515001067
20170515001068
20170515001090
20170515001111
20170515001113
20170515001150
20170515001158
20170515001159
20170515001160
20170515001174
20170515001179
20170515001183
20170515001203
20170515001219
20170515001227
20170515001229
20170515001236
20170515001243
20170515001274
20170515001285
20170515001300
20170515001308
20170515001321
20170515001322
20170515001325
20170515001331
20170515001372
20170515001376
20170515001391
20170515001393
20170515001400
20170515001412
20170515001425
20170515001427
20170515001441
20170515001450
20170515001451
20170515001458
20170515001470
20170515001489
20170515001498
20170515001507
20170515001525
20170515001526
20170515001532
20170515001536
20170515001537
20170515001542
20170515001551
20170515001561
20170515001585
20170515001588
20170515001606
20170515001613
20170515001617
20170515001620
20170515001623
20170515001624
20170515001633
20170515001635
20170515001640
20170515001643
20170515001672
20170515001674
20170515001691
20170515001694
20170515001710
20170515001714
20170515001725
20170515001727
20170515001737
20170515001738
20170515001739
20170515001741
20170515001742
20170515001746
20170515001748
20170515001750
20170515001755
20170515001769
20170515001784
20170515001788
20170515001789
20170515001790
20170515001807
20170515001811
20170515001819
20170515001825
20170515001833
20170515001852
20170515001853
20170515001862
20170515001868
20170515001908
20170515001922
20170515001945
20170515001949
20170515001965
20170515002011
20170515002016
20170515002022
20170515002045
20170515002047
20170515002062
20170515002081
20170515002082
20170515002111
20170515002115
20170515002126
20170515002138
20170515002149
20170515002152
20170515002154
20170515002167
20170515002173
20170515002178
20170515002195
20170515002197
20170515002203
20170515002211
20170515002224
20170515002230
20170515002234
20170515002235
20170515002236
20170515002241
20170515002249
20170515002252
20170515002253
20170515002261
20170515002275
20170515002291
20170515002311
20170515002323
20170515002324
20170515002334
20170515002342
20170515002351
20170515002354
20170515002362
20170515002373
20170515002397
20170515002403
20170515002412
20170515002436
20170515002444
20170515002445
20170515002460
20170515002465
20170515002471
20170515002476
20170515002492
20170515002499
20170515002500
20170515002509
20170515002521
20170515002522
20170515002530
20170515002531
20170515002560
20170515002562
20170515002569
20170515002571
20170515002576
20170515002588
20170515002595
20170515002600
20170515002601
20170515002609
20170515002611
20170515002623
20170515002626
20170515002635
20170515002645
20170515002646
20170515002649
20170515002655
20170515002664
20170515002669
20170515002687
20170515002690
20170515002695
20170515002698
20170515002699
20170515002700
20170515002702
20170515002717
20170515002726
20170515002729
20170515002735
20170515002737
20170515002740
20170515002749
20170515002753
20170515002769
20170515002779
20170515002781
20170515002782
20170515002788
20170515002796
20170515002798
20170515002803
20170515002806
20170515002830
20170515002834
20170515002846
20170515002847
20170515002851
20170515002860
20170515002861
20170515002864
20170515002865
20170515002867
20170515002868
20170515002873
20170515002885
20170515002890
20170515002895
20170515002907
20170515002909
20170515002914
20170515002922
20170515002935
20170515002939
20170515002942
20170515002945
20170515002947
20170515002948
20170515002950
20170515002964
20170515002968
20170515002972
20170515002973
20170515002975
20170515002983
20170515002985
20170515002989
20170515002991
20170515002998
20170515002999
20170515003003
20170515003009
20170515003010
20170515003012
20170515003015
20170515003018
20170515003020
20170515003030
20170515003033
20170515003036
20170515003038
20170515003043
20170515003044
20170515003055
20170515003059
20170515003060
20170515003062
20170515003073
20170515003075
20170515003078
20170515003079
20170515003094
20170515003095
20170515003098
20170515003099
20170515003101
20170515003102
20170515003105
20170515003110
20170515003124
20170515003126
20170515003130
20170515003134
20170515003140
20170515003144
20170515003150
20170515003153
20170515003155
20170515003156
20170515003160
20170515003164
20170515003168
20170515003169
20170515003173
20170515003176
20170515003184
20170515003185
20170515003190
20170515003192
20170515003195
20170515003204
20170515003206
20170515003212
20170515003228
20170515003229
20170515003230
20170515003231
20170515003233
20170515003237
20170515003240
20170515003241
20170515003243
20170515003253
20170515003254
20170515003258
20170515003262
20170515003266
20170515003272
20170515003280
20170515003281
20170515003285
20170515003289
20170515003294
20170515003296
20170515003301
20170515003315
20170515003317
20170515003319
20170515003322
20170515003325
20170515003330
20170515003340
20170515003343
20170515003344
20170515003358
20170515003360
20170515003364
20170515003377
20170515003380
20170515003383
20170515003389
20170515003390
20170515003391
20170515003399
20170515003404
20170515003407
20170515003415
20170515003422
20170515003423
20170515003426
20170515003439
20170515003443
20170515003449
20170515003452
20170515003456
20170515003466
20170515003467
20170515003479
20170515003485
20170515003486
20170515003508
20170515003509
20170515003511
20170515003513
20170515003519
20170515003524
20170515003536
20170515003545
20170515003552
20170515003555
20170515003565
20170515003572
20170515003579
20170515003580
20170515003584
20170515003589
20170515003592
20170515003606
20170515003609
20170515003610
20170515003619
20170515003630
20170515003645
20170515003648
20170515003651
20170515003654
20170515003658
20170515003662
20170515003699
20170515003701
20170515003704
20170515003710
20170515003712
20170515003724
20170515003725
20170515003734
20170515003735
20170515003746
20170515003756
20170515003759
20170515003762
20170515003763
20170515003766
20170515003768
20170515003771
20170515003773
20170515003778
20170515003798
20170515003801
20170515003812
20170515003814
20170515003819
20170515003825
20170515003831
20170515003835
20170515003838
20170515003842
20170515003846
20170515003853
20170515003854
20170515003861
20170515003873
20170515003880
20170515003882
20170515003888
20170515003893
20170515003895
20170515003903
20170515003907
20170515003915
20170515003922
20170515003931
20170515003932
20170515003935
20170515003938
20170515003939
20170515003942
20170515003944
20170515003955
20170515003957
20170515003966
20170515003967
20170515003969
20170515003972
20170515003973
20170515003976
20170515003985
20170515003988
20170515003995
20170515004004
20170515004005
20170515004008
20170515004014
20170515004015
20170515004020
20170515004021
20170515004025
20170515004049
20170515004051
20170515004058
20170515004059
20170515004060
20170515004063
20170515004066
20170515004069
20170515004075
20170515004083
20170515004086
20170515004095
20170515004096
20170515004099
20170515004101
20170515004103
20170515004109
20170515004114
20170515004124
20170515004132
20170515004137
20170515004140
20170515004146
20170515004148
20170515004159
20170515004162
20170515004163
20170515004178
20170515004189
20170515004194
20170515004195
20170515004196
20170515004197
20170515004200
20170515004207
20170515004216
20170515004217
20170515004220
20170515004227
20170515004237
20170515004244
20170515004247
20170515004248
20170515004251
20170515004252
20170515004256
20170515004259
20170515004264
20170515004267
20170515004278
20170515004283
20170515004294
20170515004301
20170515004303
20170515004309
20170515004311
20170515004313
20170515004314
20170515004315
20170515004317
20170515004321
20170515004330
20170515004339
20170515004344
20170515004346
20170515004348
20170515004376
20170515004377
20170515004379
20170515004380
20170515004382
20170515004385
20170515004391
20170515004392
20170515004395
20170515004399
20170515004400
20170515004414
20170515004416
20170515004417
20170515004424
20170515004430
20170515004441
20170515004461
20170515004469
20170515004474
20170515004480
20170515004481
20170515004488
20170515004489
20170515004500
20170515004503
20170515004505
20170515004511
20170515004513
20170515004517
20170515004524
20170515004537
20170515004538
20170515004539
20170515004544
20170515004547
20170515004548
20170515004553
20170515004554
20170515004555
20170515004559
20170515004560
20170515004562
20170515004563
20170515004567
20170515004573
20170515004578
20170515004582
20170515004583
20170515004584
20170515004591
20170515004597
20170515004601
20170515004602
20170515004603
20170515004614
20170515004618
20170515004620
20170515004622
20170515004634
20170515004635
20170515004662
20170515004664
20170515004668
20170515004669
20170515004671
20170515004679
20170515004680
20170515004681
20170515004684
20170515004695
20170515004700
20170515004707
20170515004711
20170515004721
20170515004722
20170515004736
20170515004737
20170515004741
20170515004743
20170515004751
20170515004755
20170515004756
20170515004761
20170515004766
20170515004778
20170515004782
20170515004784
20170515004799
20170515004807
20170515004821
20170515004842
20170515004844
20170515004848
20170515004849
20170515004855
20170515004856
20170515004857
20170515004866
20170515004881
20170515004884
20170515004891
20170515004898
20170515004900
20170515004921
20170515004942
20170515004955
20170515004972
20170515005027
20170515005036
20170515005062
20170516000068
20170517000013
20170517000055
20170517000117
20170518000248
20170519000450
20170522000052
20170522000116
20170523000017
20170525000361
20170526000078
20170526000086
20170526000330
20170526000497
20170526000549
20170526000570
20170529000012
20170529000109
20170529000121
20170529000185
20170529000297
20170530000101
20170530000171
20170530000192
20170530000202
20170530000273
20170530000306
20170530000311
20170530000323
20170530000334
20170530000335
20170530000367
20170530000475
20170530000481
20170530000562
20170602000034
20170609000409
20170714000574
20170801000369
20170807000203
20170808000009
20170809000025
20170809000039
20170809000255
20170810000093
20170810000120
20170810000139
20170810000165
20170810000167
20170810000183
20170810000289
20170810000443
20170810000508
20170810000509
20170810000529
20170811000036
20170811000043
20170811000056
20170811000092
20170811000095
20170811000105
20170811000111
20170811000140
20170811000153
20170811000161
20170811000162
20170811000171
20170811000173
20170811000176
20170811000188
20170811000194
20170811000205
20170811000237
20170811000240
20170811000245
20170811000246
20170811000287
20170811000291
20170811000294
20170811000344
20170811000346
20170811000376
20170811000402
20170811000408
20170811000439
20170811000445
20170811000450
20170811000452
20170811000457
20170811000474
20170811000479
20170811000508
20170811000527
20170811000572
20170811000592
20170811000596
20170811000636
20170811000638
20170811000650
20170811000667
20170811000672
20170811000677
20170811000687
20170811000688
20170811000706
20170811000711
20170811000714
20170811000717
20170811000729
20170811000739
20170811000741
20170811000769
20170811000781
20170811000787
20170811000794
20170811000801
20170811000813
20170811000814
20170811000822
20170811000829
20170811000840
20170811000846
20170811000848
20170811000852
20170811000853
20170811000857
20170811000860
20170811000861
20170811000866
20170811000881
20170811000898
20170811000911
20170811000931
20170811000951
20170811000958
20170811000964
20170811000974
20170811000979
20170811001000
20170811001002
20170811001025
20170811001027
20170811001034
20170811001035
20170811001045
20170811001047
20170811001048
20170811001051
20170811001073
20170811001084
20170811001088
20170811001093
20170811001094
20170811001127
20170811001128
20170811001143
20170811001150
20170811001152
20170811001155
20170811001168
20170811001169
20170811001179
20170811001180
20170811001186
20170811001197
20170811001198
20170811001203
20170811001204
20170811001208
20170811001209
20170811001215
20170811001220
20170811001224
20170814000009
20170814000018
20170814000030
20170814000075
20170814000166
20170814000181
20170814000239
20170814000250
20170814000271
20170814000299
20170814000303
20170814000309
20170814000312
20170814000349
20170814000386
20170814000387
20170814000388
20170814000390
20170814000395
20170814000416
20170814000418
20170814000425
20170814000432
20170814000437
20170814000449
20170814000451
20170814000471
20170814000482
20170814000488
20170814000532
20170814000545
20170814000560
20170814000573
20170814000580
20170814000583
20170814000592
20170814000613
20170814000618
20170814000626
20170814000637
20170814000642
20170814000644
20170814000653
20170814000674
20170814000695
20170814000704
20170814000714
20170814000726
20170814000743
20170814000748
20170814000750
20170814000773
20170814000798
20170814000822
20170814000824
20170814000829
20170814000838
20170814000843
20170814000846
20170814000847
20170814000856
20170814000858
20170814000873
20170814000874
20170814000875
20170814000886
20170814000888
20170814000897
20170814000900
20170814000916
20170814000933
20170814000940
20170814000945
20170814000955
20170814000962
20170814000970
20170814000974
20170814000981
20170814000982
20170814000988
20170814000991
20170814000997
20170814001010
20170814001018
20170814001023
20170814001024
20170814001030
20170814001041
20170814001053
20170814001058
20170814001068
20170814001071
20170814001082
20170814001083
20170814001101
20170814001107
20170814001112
20170814001115
20170814001123
20170814001125
20170814001130
20170814001143
20170814001146
20170814001147
20170814001159
20170814001173
20170814001194
20170814001204
20170814001225
20170814001227
20170814001245
20170814001246
20170814001249
20170814001252
20170814001254
20170814001267
20170814001272
20170814001273
20170814001274
20170814001279
20170814001285
20170814001290
20170814001302
20170814001309
20170814001321
20170814001322
20170814001326
20170814001330
20170814001337
20170814001341
20170814001348
20170814001353
20170814001354
20170814001360
20170814001365
20170814001366
20170814001375
20170814001379
20170814001388
20170814001395
20170814001413
20170814001415
20170814001416
20170814001429
20170814001433
20170814001443
20170814001445
20170814001464
20170814001474
20170814001475
20170814001487
20170814001502
20170814001508
20170814001509
20170814001515
20170814001517
20170814001519
20170814001525
20170814001526
20170814001538
20170814001541
20170814001561
20170814001564
20170814001570
20170814001571
20170814001579
20170814001586
20170814001599
20170814001605
20170814001618
20170814001627
20170814001629
20170814001637
20170814001641
20170814001655
20170814001658
20170814001663
20170814001667
20170814001674
20170814001675
20170814001676
20170814001682
20170814001687
20170814001695
20170814001700
20170814001724
20170814001741
20170814001747
20170814001750
20170814001752
20170814001778
20170814001795
20170814001808
20170814001847
20170814001852
20170814001855
20170814001865
20170814001884
20170814001895
20170814001901
20170814001904
20170814001909
20170814001910
20170814001911
20170814001916
20170814001928
20170814001932
20170814001938
20170814001943
20170814001946
20170814001954
20170814001958
20170814001961
20170814001968
20170814001970
20170814001975
20170814001981
20170814001994
20170814001996
20170814001998
20170814002003
20170814002009
20170814002010
20170814002013
20170814002014
20170814002015
20170814002028
20170814002029
20170814002040
20170814002047
20170814002054
20170814002060
20170814002067
20170814002077
20170814002096
20170814002099
20170814002101
20170814002108
20170814002110
20170814002112
20170814002130
20170814002136
20170814002137
20170814002140
20170814002147
20170814002162
20170814002163
20170814002179
20170814002194
20170814002201
20170814002204
20170814002208
20170814002213
20170814002216
20170814002229
20170814002231
20170814002243
20170814002251
20170814002252
20170814002261
20170814002263
20170814002264
20170814002297
20170814002300
20170814002301
20170814002315
20170814002326
20170814002328
20170814002332
20170814002333
20170814002338
20170814002347
20170814002349
20170814002359
20170814002361
20170814002367
20170814002381
20170814002390
20170814002416
20170814002419
20170814002423
20170814002448
20170814002451
20170817000040
20170818000111
20170824000061
20170828000076
20170828000134
20170829000033
20170829000050
20170829000081
20170829000120
20170829000133
20170829000275
20170829000373
20170829000385
20170829000410
20170829000446
20170901000102
20170908000436
20170908000455
20170908000462
20171103000070
20171103000444
20171106000213
20171107000008
20171107000164
20171107000198
20171108000010
20171108000018
20171108000087
20171108000251
20171109000015
20171109000022
20171109000024
20171109000039
20171109000218
20171109000268
20171110000052
20171110000053
20171110000084
20171110000178
20171110000304
20171110000390
20171110000403
20171110000439
20171110000475
20171110000538
20171110000546
20171110000621
20171113000007
20171113000008
20171113000029
20171113000033
20171113000056
20171113000064
20171113000086
20171113000136
20171113000156
20171113000185
20171113000201
20171113000208
20171113000209
20171113000218
20171113000221
20171113000248
20171113000298
20171113000301
20171113000314
20171113000341
20171113000357
20171113000358
20171113000377
20171113000400
20171113000403
20171113000459
20171113000464
20171113000466
20171113000513
20171113000514
20171113000524
20171113000544
20171113000552
20171113000559
20171113000572
20171113000586
20171113000588
20171113000639
20171113000663
20171113000684
20171113000715
20171113000738
20171113000744
20171113000756
20171113000776
20171113000788
20171113000801
20171113000812
20171113000824
20171113000838
20171113000882
20171113000887
20171113000894
20171114000012
20171114000014
20171114000027
20171114000071
20171114000080
20171114000087
20171114000093
20171114000101
20171114000102
20171114000109
20171114000125
20171114000127
20171114000130
20171114000144
20171114000148
20171114000164
20171114000176
20171114000187
20171114000240
20171114000246
20171114000285
20171114000293
20171114000309
20171114000324
20171114000325
20171114000327
20171114000340
20171114000343
20171114000344
20171114000350
20171114000355
20171114000364
20171114000387
20171114000398
20171114000399
20171114000407
20171114000409
20171114000411
20171114000424
20171114000430
20171114000436
20171114000438
20171114000439
20171114000441
20171114000448
20171114000451
20171114000453
20171114000468
20171114000477
20171114000479
20171114000486
20171114000493
20171114000506
20171114000509
20171114000521
20171114000541
20171114000562
20171114000564
20171114000565
20171114000572
20171114000593
20171114000597
20171114000608
20171114000630
20171114000631
20171114000634
20171114000637
20171114000640
20171114000650
20171114000653
20171114000656
20171114000665
20171114000668
20171114000673
20171114000676
20171114000681
20171114000682
20171114000685
20171114000687
20171114000689
20171114000695
20171114000698
20171114000703
20171114000709
20171114000713
20171114000729
20171114000735
20171114000744
20171114000747
20171114000752
20171114000784
20171114000790
20171114000799
20171114000803
20171114000813
20171114000831
20171114000839
20171114000855
20171114000857
20171114000858
20171114000861
20171114000862
20171114000872
20171114000876
20171114000877
20171114000881
20171114000889
20171114000891
20171114000893
20171114000903
20171114000904
20171114000906
20171114000918
20171114000936
20171114000937
20171114000941
20171114000942
20171114000949
20171114000961
20171114000964
20171114000967
20171114000971
20171114000976
20171114000977
20171114000982
20171114000999
20171114001002
20171114001028
20171114001034
20171114001047
20171114001050
20171114001057
20171114001060
20171114001062
20171114001069
20171114001078
20171114001082
20171114001084
20171114001094
20171114001096
20171114001100
20171114001101
20171114001105
20171114001106
20171114001112
20171114001120
20171114001129
20171114001148
20171114001150
20171114001169
20171114001176
20171114001177
20171114001186
20171114001189
20171114001197
20171114001201
20171114001210
20171114001212
20171114001226
20171114001232
20171114001238
20171114001239
20171114001266
20171114001272
20171114001296
20171114001297
20171114001303
20171114001307
20171114001308
20171114001315
20171114001324
20171114001327
20171114001330
20171114001345
20171114001346
20171114001347
20171114001351
20171114001354
20171114001357
20171114001359
20171114001377
20171114001378
20171114001380
20171114001383
20171114001400
20171114001405
20171114001415
20171114001416
20171114001432
20171114001434
20171114001443
20171114001446
20171114001448
20171114001452
20171114001454
20171114001457
20171114001460
20171114001472
20171114001478
20171114001484
20171114001485
20171114001487
20171114001499
20171114001502
20171114001503
20171114001507
20171114001529
20171114001530
20171114001531
20171114001536
20171114001540
20171114001543
20171114001560
20171114001568
20171114001570
20171114001574
20171114001582
20171114001585
20171114001591
20171114001592
20171114001597
20171114001598
20171114001604
20171114001616
20171114001630
20171114001661
20171114001666
20171114001679
20171114001707
20171114001708
20171114001717
20171114001730
20171114001738
20171114001746
20171114001754
20171114001760
20171114001786
20171114001790
20171114001792
20171114001796
20171114001801
20171114001807
20171114001808
20171114001812
20171114001815
20171114001816
20171114001829
20171114001838
20171114001847
20171114001855
20171114001860
20171114001861
20171114001863
20171114001866
20171114001869
20171114001870
20171114001879
20171114001886
20171114001888
20171114001889
20171114001904
20171114001907
20171114001915
20171114001917
20171114001942
20171114001951
20171114001956
20171114001960
20171114001962
20171114001968
20171114001969
20171114001971
20171114001975
20171114001977
20171114001978
20171114001994
20171114001995
20171114002004
20171114002015
20171114002018
20171114002023
20171114002029
20171114002035
20171114002051
20171114002053
20171114002061
20171114002068
20171114002077
20171114002080
20171114002092
20171114002101
20171114002107
20171114002108
20171114002110
20171114002114
20171114002125
20171114002127
20171114002128
20171114002142
20171114002169
20171114002178
20171114002195
20171114002199
20171114002201
20171114002208
20171114002215
20171114002217
20171114002220
20171114002239
20171114002244
20171114002247
20171114002253
20171114002265
20171114002268
20171114002284
20171114002290
20171114002292
20171114002297
20171114002298
20171114002313
20171114002320
20171114002326
20171114002330
20171114002347
20171114002357
20171114002377
20171114002384
20171114002387
20171114002404
20171114002410
20171114002428
20171114002430
20171114002432
20171114002443
20171114002448
20171114002450
20171114002452
20171114002470
20171114002476
20171114002477
20171114002478
20171114002480
20171114002487
20171114002489
20171114002491
20171114002494
20171114002500
20171114002507
20171114002508
20171114002518
20171114002520
20171114002521
20171114002523
20171114002528
20171114002532
20171114002537
20171114002538
20171114002539
20171114002559
20171114002565
20171114002579
20171114002580
20171114002596
20171114002600
20171114002602
20171114002605
20171114002606
20171114002613
20171114002615
20171114002622
20171114002634
20171114002645
20171114002652
20171114002655
20171114002657
20171114002667
20171114002674
20171114002689
20171114002693
20171114002694
20171114002697
20171114002700
20171114002704
20171114002712
20171114002715
20171114002717
20171114002723
20171114002725
20171114002727
20171114002730
20171114002752
20171114002753
20171114002754
20171114002782
20171114002783
20171114002795
20171114002822
20171117000381
20171117000393
20171117000466
20171117000508
20171124000549
20171128000128
20171128000193
20171129000016
20171129000076
20171129000091
20171129000111
20171129000115
20171129000159
20171129000226
20171129000776
20171129000892
20171129000918
20171129001078
20180206000113
20180209000099
20180213000364
20180214000241
20180214000367
20180214000556
20180214000560
20180214000723
20180228002234
20180430000747
20180430000836
20180430001826
20180504000998
20180504002081
20180508002834
20180509001073
20180509001170
20180510000391
20180510000461
20180510001501
20180510002967
20180511000117
20180511000141
20180511000573
20180511001468
20180511004678
20180511005168
20180511005209
20180511005269
20180511005293
20180511005452
20180514000376
20180514000683
20180514000749
20180514000803
20180514000890
20180514001157
20180514001249
20180514001476
20180514001524
20180514001980
20180514002399
20180514002450
20180514002974
20180514003154
20180514003590
20180514003898
20180514003975
20180514004335
20180514004425
20180514004448
20180514004531
20180514004590
20180514004644
20180514004666
20180514004763
20180514004901
20180514004909
20180514004926
20180514004974
20180514005008
20180514005015
20180514005082
20180514005110
20180514005120
20180514005129
20180514005182
20180514005244
20180514005294
20180514005298
20180514005356
20180514005360
20180514005409
20180514005457
20180514005486
20180514005594
20180514005685
20180514005706
20180514005785
20180514005924
20180514005989
20180514006124
20180515000041
20180515000050
20180515000067
20180515000089
20180515000106
20180515000128
20180515000129
20180515000139
20180515000152
20180515000159
20180515000195
20180515000202
20180515000217
20180515000224
20180515000250
20180515000252
20180515000265
20180515000293
20180515000310
20180515000311
20180515000319
20180515000339
20180515000342
20180515000352
20180515000371
20180515000390
20180515000395
20180515000404
20180515000415
20180515000420
20180515000422
20180515000423
20180515000430
20180515000443
20180515000452
20180515000463
20180515000472
20180515000475
20180515000476
20180515000477
20180515000478
20180515000481
20180515000494
20180515000495
20180515000498
20180515000506
20180515000517
20180515000533
20180515000540
20180515000548
20180515000561
20180515000586
20180515000588
20180515000591
20180515000593
20180515000594
20180515000607
20180515000626
20180515000636
20180515000640
20180515000648
20180515000655
20180515000662
20180515000665
20180515000671
20180515000678
20180515000690
20180515000695
20180515000721
20180515000729
20180515000738
20180515000744
20180515000751
20180515000781
20180515000782
20180515000787
20180515000806
20180515000809
20180515000810
20180515000834
20180515000839
20180515000841
20180515000850
20180515000856
20180515000864
20180515000866
20180515000868
20180515000876
20180515000883
20180515000888
20180515000893
20180515000905
20180515000908
20180515000912
20180515000921
20180515000933
20180515000936
20180515000949
20180515000953
20180515000954
20180515000956
20180515000961
20180515000968
20180515000992
20180515000996
20180515001006
20180515001008
20180515001019
20180515001043
20180515001054
20180515001055
20180515001056
20180515001058
20180515001059
20180515001065
20180515001066
20180515001069
20180515001070
20180515001078
20180515001079
20180515001080
20180515001082
20180515001083
20180515001089
20180515001094
20180515001101
20180515001118
20180515001125
20180515001132
20180515001133
20180515001135
20180515001142
20180515001150
20180515001159
20180515001162
20180515001182
20180515001188
20180515001195
20180515001205
20180515001213
20180515001217
20180515001219
20180515001240
20180515001243
20180515001255
20180515001258
20180515001262
20180515001264
20180515001266
20180515001284
20180515001293
20180515001298
20180515001300
20180515001302
20180515001304
20180515001307
20180515001309
20180515001320
20180515001321
20180515001324
20180515001345
20180515001346
20180515001348
20180515001349
20180515001362
20180515001364
20180515001366
20180515001367
20180515001373
20180515001389
20180515001394
20180515001403
20180515001406
20180515001416
20180515001417
20180515001421
20180515001430
20180515001437
20180515001438
20180515001439
20180515001441
20180515001444
20180515001448
20180515001451
20180515001455
20180515001460
20180515001471
20180515001476
20180515001479
20180515001485
20180515001487
20180515001491
20180515001493
20180515001499
20180515001500
20180515001504
20180515001505
20180515001508
20180515001509
20180515001522
20180515001540
20180515001544
20180515001546
20180515001564
20180515001572
20180515001584
20180515001601
20180515001605
20180515001609
20180515001610
20180515001613
20180515001616
20180515001621
20180515001624
20180515001628
20180515001639
20180515001641
20180515001644
20180515001663
20180515001670
20180515001675
20180515001679
20180515001681
20180515001690
20180515001694
20180515001698
20180515001699
20180515001703
20180515001706
20180515001707
20180515001713
20180515001715
20180515001717
20180515001719
20180515001720
20180515001723
20180515001732
20180515001734
20180515001757
20180515001763
20180515001767
20180515001770
20180515001780
20180515001783
20180515001787
20180515001789
20180515001791
20180515001795
20180515001801
20180515001803
20180515001805
20180515001811
20180515001818
20180515001819
20180515001824
20180515001835
20180515001839
20180515001850
20180515001854
20180515001861
20180515001862
20180515001867
20180515001869
20180515001870
20180515001875
20180515001879
20180515001900
20180515001916
20180515001917
20180515001925
20180515001928
20180515001933
20180515001942
20180515001944
20180515001953
20180515001961
20180515001967
20180515001971
20180515001980
20180515001986
20180515001988
20180515001989
20180515001994
20180515002003
20180515002008
20180515002012
20180515002022
20180515002025
20180515002026
20180515002029
20180515002031
20180515002034
20180515002035
20180515002042
20180515002043
20180515002055
20180515002066
20180515002068
20180515002070
20180515002075
20180515002092
20180515002094
20180515002097
20180515002099
20180515002101
20180515002102
20180515002104
20180515002108
20180515002112
20180515002118
20180515002134
20180515002145
20180515002149
20180515002152
20180515002155
20180515002165
20180515002170
20180515002173
20180515002193
20180515002195
20180515002198
20180515002205
20180515002209
20180515002211
20180515002219
20180515002222
20180515002227
20180515002231
20180515002233
20180515002234
20180515002242
20180515002247
20180515002249
20180515002250
20180515002257
20180515002265
20180515002267
20180515002279
20180515002280
20180515002281
20180515002283
20180515002292
20180515002302
20180515002306
20180515002308
20180515002312
20180515002327
20180515002333
20180515002334
20180515002337
20180515002339
20180515002344
20180515002353
20180515002376
20180515002377
20180515002381
20180515002383
20180515002385
20180515002391
20180515002398
20180515002400
20180515002407
20180515002416
20180515002423
20180515002426
20180515002427
20180515002433
20180515002434
20180515002438
20180515002442
20180515002445
20180515002447
20180515002450
20180515002453
20180515002458
20180515002464
20180515002466
20180515002467
20180515002470
20180515002473
20180515002476
20180515002479
20180515002483
20180515002487
20180515002490
20180515002495
20180515002516
20180515002520
20180515002525
20180515002542
20180515002548
20180515002569
20180515002583
20180515002586
20180515002588
20180515002595
20180515002598
20180515002608
20180515002612
20180515002622
20180515002632
20180515002635
20180515002636
20180515002638
20180515002645
20180515002655
20180515002658
20180515002665
20180515002668
20180515002673
20180515002676
20180515002682
20180515002687
20180515002689
20180516000009
20180516000076
20180516000303
20180516000338
20180518000160
20180518000228
20180521000085
20180521000422
20180523000412
20180525000376
20180528000446
20180530000389
20180530000482
20180530000529
20180530000530
20180530000615
20180801000337
20180803000417
20180809000296
20180809000331
20180810000008
20180810000075
20180810000169
20180810000193
20180810000262
20180810000432
20180810000450
20180810000473
20180810000476
20180810000528
20180810000564
20180810000583
20180810000585
20180810000588
20180810000615
20180810000627
20180813000064
20180813000097
20180813000300
20180813000357
20180813000362
20180813000373
20180813000374
20180813000385
20180813000387
20180813000434
20180813000435
20180813000460
20180813000486
20180813000509
20180813000511
20180813000541
20180813000575
20180813000623
20180813000636
20180813000655
20180813000662
20180813000669
20180813000723
20180813000731
20180813000732
20180814000010
20180814000052
20180814000071
20180814000078
20180814000085
20180814000108
20180814000119
20180814000122
20180814000125
20180814000127
20180814000134
20180814000167
20180814000186
20180814000195
20180814000213
20180814000250
20180814000258
20180814000291
20180814000295
20180814000297
20180814000313
20180814000327
20180814000333
20180814000337
20180814000343
20180814000376
20180814000377
20180814000382
20180814000386
20180814000390
20180814000405
20180814000416
20180814000417
20180814000424
20180814000434
20180814000448
20180814000454
20180814000455
20180814000459
20180814000466
20180814000470
20180814000476
20180814000477
20180814000478
20180814000484
20180814000486
20180814000497
20180814000509
20180814000511
20180814000516
20180814000532
20180814000535
20180814000539
20180814000541
20180814000542
20180814000544
20180814000551
20180814000554
20180814000567
20180814000572
20180814000588
20180814000594
20180814000653
20180814000661
20180814000669
20180814000677
20180814000684
20180814000690
20180814000693
20180814000696
20180814000699
20180814000700
20180814000703
20180814000704
20180814000717
20180814000718
20180814000726
20180814000730
20180814000739
20180814000747
20180814000750
20180814000751
20180814000758
20180814000759
20180814000763
20180814000785
20180814000787
20180814000790
20180814000813
20180814000815
20180814000817
20180814000820
20180814000825
20180814000826
20180814000833
20180814000834
20180814000835
20180814000838
20180814000841
20180814000842
20180814000860
20180814000872
20180814000873
20180814000880
20180814000881
20180814000888
20180814000890
20180814000899
20180814000901
20180814000906
20180814000918
20180814000921
20180814000929
20180814000931
20180814000936
20180814000938
20180814000948
20180814000962
20180814000963
20180814000970
20180814000971
20180814000981
20180814000995
20180814000996
20180814001000
20180814001010
20180814001044
20180814001054
20180814001055
20180814001069
20180814001075
20180814001082
20180814001095
20180814001097
20180814001100
20180814001108
20180814001113
20180814001118
20180814001119
20180814001124
20180814001126
20180814001134
20180814001137
20180814001138
20180814001140
20180814001141
20180814001146
20180814001147
20180814001150
20180814001153
20180814001158
20180814001165
20180814001173
20180814001175
20180814001177
20180814001184
20180814001187
20180814001193
20180814001213
20180814001220
20180814001223
20180814001224
20180814001245
20180814001247
20180814001248
20180814001252
20180814001260
20180814001270
20180814001271
20180814001277
20180814001278
20180814001279
20180814001280
20180814001281
20180814001282
20180814001284
20180814001286
20180814001288
20180814001291
20180814001297
20180814001298
20180814001306
20180814001307
20180814001314
20180814001316
20180814001319
20180814001323
20180814001324
20180814001329
20180814001334
20180814001335
20180814001341
20180814001342
20180814001346
20180814001347
20180814001354
20180814001361
20180814001366
20180814001367
20180814001376
20180814001379
20180814001382
20180814001388
20180814001394
20180814001395
20180814001398
20180814001403
20180814001406
20180814001407
20180814001408
20180814001415
20180814001417
20180814001418
20180814001422
20180814001423
20180814001424
20180814001432
20180814001433
20180814001434
20180814001438
20180814001439
20180814001447
20180814001461
20180814001466
20180814001467
20180814001469
20180814001470
20180814001476
20180814001477
20180814001479
20180814001484
20180814001486
20180814001493
20180814001496
20180814001498
20180814001503
20180814001515
20180814001520
20180814001523
20180814001536
20180814001541
20180814001549
20180814001554
20180814001567
20180814001571
20180814001577
20180814001580
20180814001581
20180814001582
20180814001583
20180814001587
20180814001590
20180814001592
20180814001594
20180814001597
20180814001598
20180814001599
20180814001602
20180814001605
20180814001612
20180814001618
20180814001619
20180814001622
20180814001623
20180814001624
20180814001632
20180814001639
20180814001642
20180814001658
20180814001663
20180814001666
20180814001670
20180814001673
20180814001675
20180814001677
20180814001679
20180814001680
20180814001683
20180814001690
20180814001695
20180814001700
20180814001701
20180814001711
20180814001718
20180814001720
20180814001726
20180814001727
20180814001732
20180814001736
20180814001737
20180814001738
20180814001741
20180814001745
20180814001748
20180814001753
20180814001756
20180814001762
20180814001763
20180814001767
20180814001772
20180814001773
20180814001775
20180814001777
20180814001781
20180814001788
20180814001793
20180814001795
20180814001804
20180814001807
20180814001808
20180814001810
20180814001812
20180814001815
20180814001818
20180814001822
20180814001823
20180814001827
20180814001830
20180814001835
20180814001836
20180814001838
20180814001845
20180814001849
20180814001851
20180814001852
20180814001860
20180814001863
20180814001864
20180814001867
20180814001875
20180814001883
20180814001885
20180814001891
20180814001892
20180814001896
20180814001904
20180814001911
20180814001913
20180814001916
20180814001917
20180814001936
20180814001938
20180814001940
20180814001943
20180814001944
20180814001952
20180814001959
20180814001963
20180814001968
20180814001969
20180814001970
20180814001974
20180814001978
20180814001982
20180814001989
20180814001991
20180814001994
20180814002000
20180814002002
20180814002008
20180814002011
20180814002030
20180814002036
20180814002037
20180814002038
20180814002046
20180814002047
20180814002048
20180814002049
20180814002050
20180814002051
20180814002054
20180814002056
20180814002065
20180814002067
20180814002071
20180814002072
20180814002073
20180814002076
20180814002095
20180814002096
20180814002104
20180814002114
20180814002115
20180814002120
20180814002122
20180814002124
20180814002125
20180814002127
20180814002132
20180814002138
20180814002139
20180814002145
20180814002152
20180814002160
20180814002161
20180814002162
20180814002164
20180814002176
20180814002181
20180814002192
20180814002197
20180814002198
20180814002199
20180814002200
20180814002203
20180814002205
20180814002210
20180814002221
20180814002226
20180814002230
20180814002234
20180814002238
20180814002245
20180814002246
20180814002250
20180814002256
20180814002260
20180814002264
20180814002266
20180814002273
20180814002276
20180814002281
20180814002287
20180814002289
20180814002302
20180814002313
20180814002315
20180814002317
20180814002323
20180814002325
20180814002326
20180814002331
20180814002333
20180814002347
20180814002350
20180814002351
20180814002355
20180814002362
20180814002367
20180814002370
20180814002377
20180814002382
20180814002387
20180814002391
20180814002394
20180814002406
20180814002414
20180814002417
20180814002418
20180814002422
20180814002425
20180814002428
20180814002431
20180814002432
20180814002440
20180814002442
20180814002443
20180814002453
20180814002454
20180814002456
20180814002459
20180814002462
20180814002465
20180814002467
20180814002471
20180814002474
20180814002478
20180814002487
20180814002489
20180814002492
20180814002496
20180814002497
20180814002500
20180814002509
20180814002510
20180814002511
20180814002512
20180814002523
20180814002526
20180814002533
20180814002541
20180814002543
20180814002547
20180814002550
20180814002551
20180814002552
20180814002554
20180814002562
20180814002563
20180814002565
20180814002577
20180814002583
20180814002599
20180814002614
20180814002623
20180814002629
20180814002635
20180814002640
20180814002641
20180814002643
20180814002644
20180814002647
20180814002648
20180814002649
20180814002655
20180814002659
20180814002662
20180814002664
20180814002672
20180814002677
20180814002679
20180814002685
20180814002688
20180814002693
20180814002697
20180814002698
20180814002699
20180814002704
20180814002711
20180814002719
20180814002726
20180814002732
20180814002744
20180814002748
20180814002749
20180814002752
20180814002760
20180814002764
20180814002768
20180814002770
20180814002776
20180814002784
20180814002786
20180814002788
20180814002791
20180814002795
20180814002797
20180814002798
20180814002799
20180814002802
20180814002805
20180814002807
20180814002808
20180814002811
20180814002812
20180814002813
20180814002814
20180814002816
20180814002818
20180814002820
20180814002826
20180814002827
20180814002838
20180814002841
20180814002847
20180814002850
20180814002851
20180814002862
20180814002865
20180814002871
20180814002878
20180814002880
20180814002882
20180814002891
20180814002894
20180814002896
20180814002897
20180814002899
20180814002901
20180814002905
20180814002923
20180814002926
20180814002933
20180814002934
20180814002939
20180814002941
20180814002944
20180814002948
20180814002953
20180814002961
20180814002962
20180814002966
20180814002971
20180814002984
20180814002991
20180814002992
20180814003007
20180814003020
20180814003024
20180814003051
20180814003054
20180814003055
20180814003056
20180816000004
20180816000102
20180816000263
20180817000101
20180820000184
20180823000301
20180824000293
20180824000397
20180827000409
20180828000231
20180828000342
20180829000006
20180829000073
20180829000089
20180829000127
20180829000138
20180829000286
20180829000340
20180829000389
20180829000514
20180829000551
20180829000583
20180829000590
20180911000187
20181015000378
20181105000141
20181105000301
20181105000392
20181106000029
20181106000063
20181106000173
20181106000256
20181107000034
20181108000075
20181108000156
20181108000317
20181109000078
20181109000289
20181109000298
20181109000307
20181109000314
20181109000405
20181109000430
20181109000444
20181109000466
20181109000491
20181109000521
20181109000524
20181112000006
20181112000007
20181112000012
20181112000035
20181112000067
20181112000100
20181112000117
20181112000122
20181112000156
20181112000159
20181112000178
20181112000205
20181112000259
20181112000276
20181112000278
20181112000285
20181112000372
20181112000407
20181112000443
20181112000452
20181113000022
20181113000028
20181113000029
20181113000036
20181113000047
20181113000055
20181113000087
20181113000094
20181113000105
20181113000124
20181113000125
20181113000133
20181113000207
20181113000212
20181113000231
20181113000260
20181113000295
20181113000316
20181113000322
20181113000327
20181113000330
20181113000341
20181113000375
20181113000384
20181113000405
20181113000407
20181113000408
20181113000413
20181113000414
20181113000422
20181113000432
20181113000442
20181113000468
20181113000506
20181113000512
20181113000514
20181113000534
20181113000565
20181113000566
20181113000570
20181113000575
20181113000578
20181113000582
20181113000587
20181113000602
20181113000615
20181113000655
20181113000677
20181113000695
20181113000696
20181113000711
20181113000724
20181113000774
20181113000776
20181113000779
20181113000800
20181113000806
20181114000008
20181114000010
20181114000012
20181114000013
20181114000020
20181114000021
20181114000024
20181114000029
20181114000033
20181114000059
20181114000064
20181114000072
20181114000086
20181114000087
20181114000091
20181114000094
20181114000106
20181114000107
20181114000108
20181114000113
20181114000132
20181114000135
20181114000137
20181114000140
20181114000141
20181114000173
20181114000181
20181114000211
20181114000212
20181114000226
20181114000227
20181114000233
20181114000237
20181114000239
20181114000249
20181114000251
20181114000252
20181114000261
20181114000268
20181114000285
20181114000302
20181114000307
20181114000308
20181114000311
20181114000332
20181114000339
20181114000342
20181114000343
20181114000345
20181114000351
20181114000352
20181114000353
20181114000363
20181114000365
20181114000371
20181114000377
20181114000381
20181114000388
20181114000389
20181114000391
20181114000402
20181114000408
20181114000416
20181114000420
20181114000421
20181114000425
20181114000445
20181114000458
20181114000465
20181114000476
20181114000477
20181114000480
20181114000482
20181114000485
20181114000487
20181114000494
20181114000515
20181114000523
20181114000532
20181114000535
20181114000539
20181114000541
20181114000543
20181114000576
20181114000588
20181114000589
20181114000602
20181114000606
20181114000613
20181114000626
20181114000631
20181114000632
20181114000636
20181114000656
20181114000663
20181114000664
20181114000665
20181114000672
20181114000674
20181114000682
20181114000693
20181114000714
20181114000716
20181114000732
20181114000737
20181114000743
20181114000747
20181114000751
20181114000771
20181114000782
20181114000785
20181114000786
20181114000790
20181114000803
20181114000810
20181114000812
20181114000824
20181114000825
20181114000827
20181114000830
20181114000837
20181114000838
20181114000840
20181114000844
20181114000851
20181114000866
20181114000871
20181114000887
20181114000890
20181114000896
20181114000897
20181114000913
20181114000919
20181114000922
20181114000928
20181114000929
20181114000931
20181114000935
20181114000936
20181114000941
20181114000942
20181114000948
20181114000949
20181114000950
20181114000951
20181114000962
20181114000963
20181114000968
20181114000979
20181114000980
20181114000982
20181114000983
20181114000992
20181114000995
20181114000998
20181114001010
20181114001014
20181114001015
20181114001029
20181114001039
20181114001041
20181114001047
20181114001049
20181114001062
20181114001083
20181114001086
20181114001090
20181114001100
20181114001102
20181114001104
20181114001105
20181114001108
20181114001117
20181114001120
20181114001126
20181114001130
20181114001139
20181114001143
20181114001146
20181114001151
20181114001155
20181114001159
20181114001164
20181114001171
20181114001177
20181114001179
20181114001182
20181114001184
20181114001187
20181114001189
20181114001190
20181114001193
20181114001194
20181114001196
20181114001198
20181114001200
20181114001201
20181114001202
20181114001206
20181114001207
20181114001217
20181114001218
20181114001219
20181114001223
20181114001229
20181114001233
20181114001239
20181114001248
20181114001260
20181114001262
20181114001275
20181114001278
20181114001283
20181114001288
20181114001289
20181114001296
20181114001301
20181114001304
20181114001306
20181114001312
20181114001315
20181114001317
20181114001319
20181114001320
20181114001322
20181114001325
20181114001327
20181114001328
20181114001329
20181114001335
20181114001337
20181114001340
20181114001342
20181114001345
20181114001349
20181114001352
20181114001355
20181114001356
20181114001360
20181114001361
20181114001363
20181114001364
20181114001365
20181114001366
20181114001369
20181114001370
20181114001371
20181114001373
20181114001375
20181114001379
20181114001391
20181114001394
20181114001396
20181114001397
20181114001409
20181114001411
20181114001414
20181114001420
20181114001422
20181114001426
20181114001445
20181114001451
20181114001453
20181114001457
20181114001458
20181114001459
20181114001464
20181114001467
20181114001468
20181114001470
20181114001474
20181114001478
20181114001482
20181114001491
20181114001497
20181114001505
20181114001507
20181114001509
20181114001518
20181114001520
20181114001524
20181114001526
20181114001530
20181114001533
20181114001538
20181114001540
20181114001541
20181114001545
20181114001556
20181114001567
20181114001568
20181114001573
20181114001575
20181114001586
20181114001590
20181114001594
20181114001597
20181114001599
20181114001606
20181114001607
20181114001608
20181114001610
20181114001615
20181114001618
20181114001621
20181114001623
20181114001628
20181114001630
20181114001637
20181114001640
20181114001641
20181114001647
20181114001649
20181114001650
20181114001653
20181114001655
20181114001668
20181114001670
20181114001684
20181114001687
20181114001688
20181114001689
20181114001690
20181114001699
20181114001701
20181114001709
20181114001711
20181114001714
20181114001717
20181114001718
20181114001722
20181114001725
20181114001728
20181114001730
20181114001732
20181114001734
20181114001736
20181114001746
20181114001750
20181114001752
20181114001755
20181114001760
20181114001764
20181114001766
20181114001767
20181114001788
20181114001791
20181114001797
20181114001803
20181114001817
20181114001819
20181114001820
20181114001821
20181114001827
20181114001828
20181114001829
20181114001832
20181114001834
20181114001835
20181114001839
20181114001844
20181114001846
20181114001848
20181114001851
20181114001853
20181114001855
20181114001856
20181114001860
20181114001866
20181114001875
20181114001884
20181114001896
20181114001902
20181114001909
20181114001911
20181114001915
20181114001917
20181114001921
20181114001930
20181114001933
20181114001935
20181114001938
20181114001939
20181114001940
20181114001944
20181114001945
20181114001947
20181114001950
20181114001954
20181114001959
20181114001962
20181114001965
20181114001970
20181114001971
20181114001972
20181114001976
20181114001981
20181114001987
20181114001988
20181114001990
20181114001992
20181114001996
20181114002001
20181114002018
20181114002024
20181114002025
20181114002026
20181114002032
20181114002033
20181114002043
20181114002046
20181114002047
20181114002065
20181114002072
20181114002075
20181114002079
20181114002080
20181114002089
20181114002103
20181114002107
20181114002108
20181114002116
20181114002125
20181114002131
20181114002142
20181114002151
20181114002159
20181114002160
20181114002162
20181114002163
20181114002171
20181114002172
20181114002173
20181114002178
20181114002181
20181114002192
20181114002193
20181114002196
20181114002198
20181114002199
20181114002203
20181114002210
20181114002212
20181114002213
20181114002223
20181114002224
20181114002227
20181114002230
20181114002233
20181114002234
20181114002236
20181114002241
20181114002246
20181114002251
20181114002254
20181114002255
20181114002259
20181114002261
20181114002265
20181114002266
20181114002268
20181114002270
20181114002271
20181114002274
20181114002282
20181114002284
20181114002291
20181114002295
20181114002301
20181114002303
20181114002305
20181114002314
20181114002315
20181114002320
20181114002322
20181114002326
20181114002336
20181114002338
20181114002339
20181114002340
20181114002346
20181114002354
20181114002359
20181114002360
20181114002370
20181114002373
20181114002374
20181114002376
20181114002380
20181114002381
20181114002386
20181114002392
20181114002394
20181114002395
20181114002405
20181114002413
20181114002416
20181114002417
20181114002419
20181114002440
20181114002443
20181114002444
20181114002446
20181114002448
20181114002450
20181114002456
20181114002458
20181114002463
20181114002467
20181114002474
20181114002479
20181114002483
20181114002484
20181114002488
20181114002490
20181114002497
20181114002501
20181114002504
20181114002507
20181114002509
20181114002512
20181114002514
20181114002524
20181114002526
20181114002527
20181114002532
20181114002543
20181114002548
20181114002550
20181114002562
20181114002564
20181114002565
20181114002571
20181114002573
20181114002579
20181114002584
20181114002585
20181114002594
20181114002595
20181114002598
20181114002603
20181114002604
20181114002615
20181114002617
20181114002620
20181114002625
20181114002631
20181114002632
20181114002634
20181114002643
20181114002649
20181114002650
20181114002653
20181114002656
20181114002663
20181114002670
20181114002674
20181114002678
20181114002681
20181114002686
20181114002689
20181114002692
20181114002695
20181114002699
20181114002704
20181114002707
20181114002711
20181114002718
20181114002729
20181114002733
20181114002734
20181114002741
20181114002742
20181114002745
20181114002748
20181114002751
20181114002753
20181114002754
20181114002761
20181114002762
20181114002764
20181114002766
20181114002769
20181114002772
20181114002777
20181114002786
20181114002788
20181114002793
20181114002797
20181114002800
20181114002805
20181114002806
20181114002807
20181114002812
20181114002814
20181114002819
20181114002821
20181114002835
20181114002836
20181114002839
20181114002843
20181114002848
20181114002851
20181114002856
20181114002861
20181114002862
20181114002873
20181114002877
20181114002878
20181114002885
20181114002895
20181114002897
20181114002900
20181114002911
20181114002917
20181114002926
20181114002940
20181115000135
20181116000190
20181119000233
20181119000236
20181122000150
20181128000091
20181128000449
20181128000508
20181128000563
20181128000607
20181129000006
20181129000036
20181129000136
20181129000247
20181129000287
20181129000431
20181129000522
20181129000731
20181129000732
20181129000798
20181129000821
20181129000858
20181204000182
20181206000017
20181206000088
20181206000092
20181217000139
20181221000421
20190114000067
20190213000320
20190214000737
20190214000779
20190214000801
20190214000814
20190214000837
20190214000964
20190214000985
20190214001089
20190304000905
20190314001318
20190314001332
20190401005036
20190430001028
20190508000036
20190508000505
20190509000014
20190509000105
20190509000396
20190510000152
20190510000239
20190510000310
20190510000482
20190510000500
20190510000573
20190510000636
20190510000642
20190510000751
20190510000753
20190513000080
20190513000119
20190513000193
20190513000270
20190513000384
20190513000440
20190513000533
20190513000611
20190514000027
20190514000040
20190514000042
20190514000074
20190514000109
20190514000198
20190514000230
20190514000234
20190514000240
20190514000247
20190514000280
20190514000380
20190514000399
20190514000416
20190514000440
20190514000476
20190514000505
20190514000509
20190514000573
20190514000580
20190514000629
20190514000739
20190514000752
20190514000766
20190514000776
20190514000858
20190514000890
20190514000933
20190514000965
20190514000977
20190514000987
20190514000991
20190514001045
20190514001052
20190514001055
20190514001067
20190514001082
20190514001085
20190514001088
20190514001141
20190514001145
20190514001150
20190514001170
20190515000027
20190515000028
20190515000029
20190515000065
20190515000072
20190515000073
20190515000084
20190515000088
20190515000091
20190515000103
20190515000105
20190515000110
20190515000116
20190515000125
20190515000158
20190515000159
20190515000160
20190515000162
20190515000181
20190515000182
20190515000200
20190515000203
20190515000224
20190515000234
20190515000241
20190515000242
20190515000249
20190515000257
20190515000272
20190515000290
20190515000304
20190515000311
20190515000316
20190515000329
20190515000335
20190515000336
20190515000354
20190515000362
20190515000369
20190515000375
20190515000395
20190515000405
20190515000411
20190515000425
20190515000430
20190515000433
20190515000435
20190515000439
20190515000449
20190515000452
20190515000456
20190515000457
20190515000458
20190515000459
20190515000468
20190515000470
20190515000471
20190515000479
20190515000499
20190515000503
20190515000509
20190515000520
20190515000530
20190515000533
20190515000536
20190515000539
20190515000545
20190515000551
20190515000562
20190515000579
20190515000597
20190515000612
20190515000614
20190515000625
20190515000626
20190515000630
20190515000632
20190515000663
20190515000670
20190515000671
20190515000677
20190515000689
20190515000708
20190515000719
20190515000724
20190515000727
20190515000734
20190515000737
20190515000772
20190515000774
20190515000776
20190515000786
20190515000791
20190515000805
20190515000808
20190515000818
20190515000819
20190515000839
20190515000842
20190515000851
20190515000854
20190515000859
20190515000861
20190515000880
20190515000891
20190515000898
20190515000902
20190515000906
20190515000908
20190515000912
20190515000921
20190515000927
20190515000928
20190515000929
20190515000946
20190515000958
20190515000961
20190515000967
20190515000971
20190515000977
20190515000983
20190515000990
20190515000993
20190515000999
20190515001002
20190515001008
20190515001013
20190515001015
20190515001036
20190515001038
20190515001046
20190515001047
20190515001057
20190515001069
20190515001082
20190515001085
20190515001089
20190515001100
20190515001105
20190515001120
20190515001121
20190515001128
20190515001131
20190515001139
20190515001164
20190515001174
20190515001182
20190515001197
20190515001198
20190515001199
20190515001206
20190515001209
20190515001210
20190515001222
20190515001228
20190515001231
20190515001234
20190515001243
20190515001253
20190515001259
20190515001260
20190515001266
20190515001267
20190515001268
20190515001278
20190515001285
20190515001286
20190515001288
20190515001296
20190515001298
20190515001306
20190515001311
20190515001317
20190515001320
20190515001324
20190515001339
20190515001348
20190515001352
20190515001354
20190515001363
20190515001370
20190515001382
20190515001391
20190515001401
20190515001404
20190515001405
20190515001408
20190515001419
20190515001429
20190515001431
20190515001441
20190515001442
20190515001447
20190515001452
20190515001459
20190515001464
20190515001466
20190515001470
20190515001473
20190515001476
20190515001496
20190515001497
20190515001509
20190515001510
20190515001533
20190515001549
20190515001569
20190515001570
20190515001572
20190515001574
20190515001577
20190515001579
20190515001585
20190515001594
20190515001601
20190515001606
20190515001608
20190515001612
20190515001625
20190515001632
20190515001638
20190515001643
20190515001646
20190515001654
20190515001662
20190515001666
20190515001667
20190515001669
20190515001690
20190515001692
20190515001715
20190515001716
20190515001717
20190515001721
20190515001734
20190515001737
20190515001739
20190515001742
20190515001746
20190515001775
20190515001778
20190515001795
20190515001801
20190515001802
20190515001807
20190515001815
20190515001819
20190515001821
20190515001823
20190515001834
20190515001849
20190515001859
20190515001873
20190515001878
20190515001885
20190515001894
20190515001898
20190515001901
20190515001925
20190515001929
20190515001940
20190515001957
20190515001958
20190515001965
20190515001966
20190515001986
20190515001991
20190515001993
20190515001994
20190515002044
20190515002047
20190515002058
20190515002059
20190515002060
20190515002065
20190515002067
20190515002069
20190515002074
20190515002077
20190515002081
20190515002084
20190515002093
20190515002095
20190515002099
20190515002103
20190515002105
20190515002110
20190515002124
20190515002125
20190515002126
20190515002130
20190515002140
20190515002144
20190515002148
20190515002157
20190515002160
20190515002161
20190515002163
20190515002164
20190515002167
20190515002168
20190515002169
20190515002174
20190515002186
20190515002190
20190515002200
20190515002201
20190515002207
20190515002208
20190515002213
20190515002216
20190515002222
20190515002228
20190515002239
20190515002242
20190515002244
20190515002247
20190515002254
20190515002255
20190515002268
20190515002271
20190515002276
20190515002279
20190515002280
20190515002288
20190515002293
20190515002311
20190515002313
20190515002314
20190515002344
20190515002350
20190515002352
20190515002358
20190515002359
20190515002373
20190515002385
20190515002387
20190515002388
20190515002394
20190515002400
20190515002402
20190515002404
20190515002417
20190515002418
20190515002429
20190515002438
20190515002441
20190515002444
20190515002462
20190515002472
20190515002473
20190515002482
20190515002484
20190515002490
20190515002505
20190515002506
20190515002514
20190515002528
20190515002536
20190515002540
20190515002549
20190515002553
20190515002564
20190515002568
20190515002570
20190515002571
20190515002579
20190515002589
20190515002598
20190515002614
20190515002620
20190515002622
20190515002623
20190515002630
20190515002633
20190515002637
20190515002650
20190515002657
20190515002661
20190515002662
20190515002670
20190515002681
20190515002685
20190515002687
20190515002707
20190515002709
20190515002714
20190515002720
20190515002727
20190515002736
20190515002741
20190515002742
20190515002763
20190516000161
20190517000388
20190520000269
20190521000356
20190522000372
20190524000199
20190527000008
20190529000375
20190530000030
20190530000556
20190530000639
20190611000318
20190614000350
20190712000240
20190717000531
20190717000538
20190812000010
20190812000023
20190812000136
20190812000169
20190812000219
20190812000238
20190812000289
20190812000295
20190812000340
20190812000341
20190812000411
20190813000002
20190813000126
20190813000132
20190813000133
20190813000139
20190813000204
20190813000211
20190813000234
20190813000259
20190813000297
20190813000406
20190813000425
20190813000487
20190813000491
20190813000562
20190813000568
20190813000572
20190813000579
20190813000598
20190813000602
20190813000628
20190813000639
20190813000653
20190814000017
20190814000022
20190814000038
20190814000057
20190814000065
20190814000066
20190814000079
20190814000142
20190814000152
20190814000161
20190814000167
20190814000184
20190814000189
20190814000229
20190814000230
20190814000232
20190814000246
20190814000256
20190814000270
20190814000275
20190814000286
20190814000287
20190814000291
20190814000295
20190814000319
20190814000321
20190814000329
20190814000331
20190814000335
20190814000341
20190814000346
20190814000348
20190814000352
20190814000366
20190814000371
20190814000372
20190814000388
20190814000391
20190814000414
20190814000443
20190814000447
20190814000454
20190814000482
20190814000488
20190814000493
20190814000505
20190814000512
20190814000526
20190814000531
20190814000545
20190814000551
20190814000564
20190814000567
20190814000571
20190814000576
20190814000592
20190814000612
20190814000620
20190814000621
20190814000627
20190814000643
20190814000650
20190814000659
20190814000661
20190814000667
20190814000670
20190814000673
20190814000691
20190814000694
20190814000745
20190814000747
20190814000756
20190814000757
20190814000759
20190814000760
20190814000761
20190814000766
20190814000768
20190814000774
20190814000775
20190814000782
20190814000789
20190814000794
20190814000812
20190814000852
20190814000853
20190814000883
20190814000888
20190814000892
20190814000896
20190814000897
20190814000899
20190814000908
20190814000928
20190814000929
20190814000932
20190814000934
20190814000935
20190814000938
20190814000943
20190814000956
20190814000961
20190814000962
20190814000966
20190814000969
20190814000980
20190814000983
20190814000989
20190814000994
20190814001006
20190814001011
20190814001021
20190814001022
20190814001024
20190814001032
20190814001033
20190814001045
20190814001058
20190814001061
20190814001074
20190814001076
20190814001095
20190814001097
20190814001112
20190814001113
20190814001129
20190814001133
20190814001140
20190814001147
20190814001149
20190814001155
20190814001157
20190814001162
20190814001168
20190814001174
20190814001184
20190814001209
20190814001225
20190814001233
20190814001251
20190814001259
20190814001261
20190814001263
20190814001264
20190814001266
20190814001273
20190814001281
20190814001289
20190814001299
20190814001309
20190814001320
20190814001323
20190814001330
20190814001339
20190814001349
20190814001352
20190814001353
20190814001362
20190814001368
20190814001382
20190814001399
20190814001420
20190814001439
20190814001441
20190814001443
20190814001449
20190814001456
20190814001458
20190814001464
20190814001466
20190814001472
20190814001473
20190814001479
20190814001480
20190814001481
20190814001483
20190814001484
20190814001488
20190814001503
20190814001522
20190814001527
20190814001528
20190814001534
20190814001539
20190814001547
20190814001550
20190814001557
20190814001578
20190814001582
20190814001610
20190814001617
20190814001619
20190814001628
20190814001629
20190814001637
20190814001639
20190814001644
20190814001676
20190814001678
20190814001681
20190814001688
20190814001691
20190814001694
20190814001695
20190814001700
20190814001701
20190814001702
20190814001705
20190814001706
20190814001709
20190814001713
20190814001717
20190814001719
20190814001725
20190814001732
20190814001733
20190814001740
20190814001750
20190814001754
20190814001762
20190814001765
20190814001782
20190814001790
20190814001794
20190814001795
20190814001804
20190814001806
20190814001810
20190814001813
20190814001818
20190814001821
20190814001829
20190814001830
20190814001833
20190814001834
20190814001838
20190814001855
20190814001858
20190814001868
20190814001869
20190814001874
20190814001876
20190814001878
20190814001883
20190814001894
20190814001898
20190814001900
20190814001903
20190814001910
20190814001923
20190814001934
20190814001935
20190814001940
20190814001947
20190814001948
20190814001950
20190814001951
20190814001953
20190814001956
20190814001966
20190814001968
20190814001981
20190814001983
20190814001984
20190814001995
20190814002005
20190814002017
20190814002021
20190814002030
20190814002040
20190814002049
20190814002050
20190814002070
20190814002075
20190814002084
20190814002087
20190814002089
20190814002091
20190814002092
20190814002095
20190814002098
20190814002120
20190814002126
20190814002127
20190814002131
20190814002135
20190814002136
20190814002138
20190814002146
20190814002155
20190814002164
20190814002173
20190814002190
20190814002202
20190814002205
20190814002217
20190814002222
20190814002224
20190814002229
20190814002231
20190814002245
20190814002252
20190814002253
20190814002254
20190814002257
20190814002276
20190814002286
20190814002289
20190814002298
20190814002310
20190814002314
20190814002316
20190814002318
20190814002335
20190814002341
20190814002342
20190814002355
20190814002357
20190814002365
20190814002368
20190814002371
20190814002379
20190814002380
20190814002387
20190814002393
20190814002404
20190814002411
20190814002416
20190814002421
20190814002423
20190814002440
20190814002444
20190814002455
20190814002473
20190814002475
20190814002483
20190814002487
20190814002490
20190814002505
20190814002515
20190814002521
20190814002532
20190814002536
20190814002538
20190814002543
20190814002550
20190814002551
20190814002561
20190814002573
20190814002574
20190814002575
20190814002577
20190814002578
20190814002585
20190814002587
20190814002591
20190814002596
20190814002604
20190814002612
20190814002616
20190814002639
20190814002640
20190814002645
20190814002649
20190814002660
20190814002672
20190814002685
20190814002692
20190814002715
20190814002718
20190814002729
20190814002733
20190814002741
20190814002747
20190814002760
20190814002762
20190814002768
20190814002787
20190814002792
20190814002802
20190814002807
20190814002817
20190814002826
20190814002840
20190814002843
20190814002846
20190814002850
20190814002853
20190814002858
20190814002861
20190814002863
20190814002869
20190814002870
20190814002880
20190814002882
20190814002883
20190814002885
20190814002886
20190814002887
20190814002891
20190814002895
20190814002896
20190814002914
20190814002916
20190814002919
20190814002924
20190814002925
20190814002936
20190814002937
20190814002943
20190814002945
20190814002970
20190814002971
20190814002972
20190814002974
20190814002983
20190814002986
20190814002988
20190814002990
20190814002992
20190814002994
20190814003010
20190816000168
20190819000207
20190823000092
20190823000352
20190826000299
20190828000693
20190828000709
20190829000160
20190829000702
20190829000712
20190829000930
20190920000360
20191024000043
20191025000117
20191031000065
20191104000164
20191107000015
20191107000029
20191107000227
20191108000057
20191108000200
20191108000337
20191108000505
20191111000030
20191111000048
20191111000107
20191111000137
20191111000191
20191111000346
20191112000002
20191112000004
20191112000045
20191112000069
20191112000128
20191112000227
20191112000272
20191112000311
20191112000312
20191112000319
20191113000002
20191113000004
20191113000007
20191113000016
20191113000025
20191113000030
20191113000083
20191113000094
20191113000102
20191113000115
20191113000120
20191113000139
20191113000164
20191113000201
20191113000218
20191113000222
20191113000252
20191113000274
20191113000310
20191113000324
20191113000326
20191113000339
20191113000348
20191113000366
20191113000390
20191113000399
20191113000401
20191113000404
20191113000415
20191113000416
20191113000448
20191113000463
20191113000472
20191113000493
20191113000496
20191113000497
20191113000499
20191113000506
20191113000521
20191113000528
20191113000549
20191113000559
20191113000570
20191113000596
20191113000602
20191113000605
20191113000621
20191113000629
20191113000641
20191113000649
20191113000659
20191113000704
20191114000024
20191114000026
20191114000045
20191114000059
20191114000071
20191114000088
20191114000094
20191114000108
20191114000116
20191114000117
20191114000119
20191114000121
20191114000130
20191114000134
20191114000137
20191114000138
20191114000140
20191114000144
20191114000148
20191114000153
20191114000155
20191114000156
20191114000166
20191114000183
20191114000186
20191114000189
20191114000194
20191114000195
20191114000202
20191114000220
20191114000234
20191114000244
20191114000245
20191114000250
20191114000259
20191114000266
20191114000275
20191114000277
20191114000284
20191114000305
20191114000317
20191114000318
20191114000321
20191114000335
20191114000349
20191114000359
20191114000361
20191114000364
20191114000366
20191114000368
20191114000381
20191114000382
20191114000390
20191114000419
20191114000425
20191114000439
20191114000443
20191114000445
20191114000446
20191114000453
20191114000456
20191114000465
20191114000469
20191114000474
20191114000475
20191114000477
20191114000493
20191114000500
20191114000502
20191114000508
20191114000510
20191114000518
20191114000536
20191114000537
20191114000540
20191114000544
20191114000549
20191114000553
20191114000558
20191114000560
20191114000567
20191114000570
20191114000577
20191114000596
20191114000607
20191114000616
20191114000617
20191114000625
20191114000626
20191114000629
20191114000635
20191114000637
20191114000640
20191114000653
20191114000657
20191114000658
20191114000661
20191114000662
20191114000665
20191114000670
20191114000686
20191114000690
20191114000698
20191114000699
20191114000702
20191114000712
20191114000715
20191114000723
20191114000730
20191114000745
20191114000752
20191114000776
20191114000777
20191114000778
20191114000780
20191114000782
20191114000783
20191114000790
20191114000804
20191114000834
20191114000835
20191114000839
20191114000840
20191114000841
20191114000857
20191114000863
20191114000893
20191114000895
20191114000897
20191114000898
20191114000905
20191114000907
20191114000912
20191114000915
20191114000924
20191114000936
20191114000938
20191114000944
20191114000949
20191114000955
20191114000970
20191114000991
20191114000995
20191114001010
20191114001018
20191114001024
20191114001044
20191114001052
20191114001070
20191114001072
20191114001073
20191114001083
20191114001088
20191114001091
20191114001092
20191114001094
20191114001101
20191114001102
20191114001107
20191114001118
20191114001121
20191114001134
20191114001144
20191114001148
20191114001149
20191114001152
20191114001154
20191114001163
20191114001176
20191114001179
20191114001186
20191114001189
20191114001196
20191114001198
20191114001205
20191114001208
20191114001214
20191114001216
20191114001218
20191114001222
20191114001223
20191114001229
20191114001232
20191114001235
20191114001243
20191114001245
20191114001254
20191114001258
20191114001264
20191114001265
20191114001269
20191114001281
20191114001289
20191114001295
20191114001298
20191114001299
20191114001300
20191114001308
20191114001319
20191114001336
20191114001337
20191114001338
20191114001339
20191114001341
20191114001347
20191114001348
20191114001352
20191114001353
20191114001356
20191114001364
20191114001372
20191114001373
20191114001375
20191114001391
20191114001393
20191114001394
20191114001395
20191114001397
20191114001413
20191114001414
20191114001432
20191114001437
20191114001438
20191114001439
20191114001445
20191114001446
20191114001460
20191114001469
20191114001472
20191114001477
20191114001488
20191114001491
20191114001499
20191114001501
20191114001502
20191114001503
20191114001510
20191114001518
20191114001526
20191114001529
20191114001537
20191114001542
20191114001545
20191114001549
20191114001550
20191114001551
20191114001555
20191114001560
20191114001561
20191114001563
20191114001564
20191114001566
20191114001570
20191114001572
20191114001584
20191114001587
20191114001590
20191114001594
20191114001595
20191114001602
20191114001604
20191114001606
20191114001612
20191114001615
20191114001625
20191114001626
20191114001630
20191114001633
20191114001634
20191114001640
20191114001655
20191114001659
20191114001660
20191114001661
20191114001668
20191114001670
20191114001671
20191114001672
20191114001676
20191114001694
20191114001713
20191114001717
20191114001725
20191114001745
20191114001746
20191114001755
20191114001756
20191114001758
20191114001760
20191114001775
20191114001779
20191114001780
20191114001784
20191114001786
20191114001788
20191114001794
20191114001802
20191114001803
20191114001807
20191114001814
20191114001818
20191114001829
20191114001839
20191114001844
20191114001845
20191114001853
20191114001857
20191114001862
20191114001866
20191114001870
20191114001871
20191114001873
20191114001879
20191114001882
20191114001885
20191114001886
20191114001889
20191114001896
20191114001906
20191114001914
20191114001917
20191114001923
20191114001927
20191114001929
20191114001941
20191114001944
20191114001954
20191114001968
20191114001987
20191114001989
20191114001990
20191114001996
20191114001999
20191114002003
20191114002008
20191114002011
20191114002014
20191114002020
20191114002023
20191114002026
20191114002031
20191114002037
20191114002039
20191114002044
20191114002046
20191114002054
20191114002056
20191114002067
20191114002075
20191114002079
20191114002085
20191114002086
20191114002089
20191114002100
20191114002102
20191114002105
20191114002111
20191114002128
20191114002129
20191114002130
20191114002145
20191114002146
20191114002147
20191114002153
20191114002155
20191114002159
20191114002160
20191114002164
20191114002175
20191114002183
20191114002197
20191114002201
20191114002203
20191114002207
20191114002208
20191114002211
20191114002238
20191114002239
20191114002241
20191114002276
20191114002278
20191114002280
20191114002281
20191114002290
20191114002291
20191114002299
20191114002309
20191114002310
20191114002313
20191114002314
20191114002318
20191114002326
20191114002330
20191114002331
20191114002333
20191114002334
20191114002340
20191114002376
20191114002379
20191114002380
20191114002381
20191114002387
20191114002396
20191114002402
20191114002408
20191114002413
20191114002438
20191114002439
20191114002444
20191114002460
20191114002466
20191114002467
20191114002469
20191114002470
20191114002479
20191114002481
20191114002482
20191114002487
20191114002490
20191114002491
20191114002492
20191114002499
20191114002504
20191114002507
20191114002511
20191114002513
20191114002523
20191114002524
20191114002527
20191114002528
20191114002534
20191114002537
20191114002540
20191114002542
20191114002547
20191114002556
20191114002559
20191114002561
20191114002563
20191114002583
20191114002594
20191114002604
20191114002607
20191114002614
20191114002624
20191114002626
20191114002643
20191114002646
20191114002651
20191114002662
20191114002664
20191114002670
20191114002672
20191114002683
20191114002690
20191114002696
20191114002707
20191114002710
20191114002713
20191114002721
20191114002723
20191114002729
20191114002738
20191114002742
20191114002745
20191114002750
20191114002752
20191114002770
20191115000055
20191115000148
20191115000196
20191115000265
20191115000290
20191115000295
20191115000368
20191118000127
20191119000049
20191125000379
20191128000493
20191129000234
20191129000479
20191129001328
20191129001371
20191129001645
20191129001722
20191212000410
20191212000413
20191224000394
20191224000398
20200113000290
20200213000489
20200214000468
20200214000509
20200214000596
20200214000627
20200214000789
20200214000862
20200214000912
20200214001033
20200214001091
20200228003406
20200302000402
20200311000482
20200318000708
20200318000729
20200318000754
20200330003437
20200330003564
20200330003705
20200330003762
20200330003820
20200330004393
20200330004424
20200330004440
20200421000481
20200421000484
20200421000485
20200507000591
20200508000574
20200511000077
20200511000184
20200511000321
20200511000356
20200511000363
20200511000644
20200512000128
20200512000137
20200512000407
20200512000787
20200512000847
20200513000033
20200513000088
20200513000123
20200513000228
20200513000231
20200513000266
20200513000355
20200513000364
20200513000541
20200513000688
20200513000801
20200514000016
20200514000022
20200514000117
20200514000214
20200514000257
20200514000322
20200514000337
20200514000347
20200514000394
20200514000444
20200514000594
20200514000610
20200514000625
20200514000668
20200514000745
20200514000750
20200514000752
20200514000755
20200514000767
20200514000824
20200514000830
20200514000835
20200514000850
20200514000875
20200514000877
20200514000923
20200514000932
20200514000948
20200514000950
20200514000953
20200514000966
20200514000969
20200514000972
20200514001009
20200514001029
20200514001032
20200514001048
20200514001053
20200514001061
20200514001087
20200514001096
20200514001127
20200514001156
20200514001181
20200515000028
20200515000037
20200515000136
20200515000149
20200515000150
20200515000157
20200515000185
20200515000241
20200515000243
20200515000252
20200515000287
20200515000317
20200515000323
20200515000334
20200515000338
20200515000342
20200515000343
20200515000359
20200515000364
20200515000368
20200515000375
20200515000387
20200515000389
20200515000399
20200515000417
20200515000418
20200515000429
20200515000431
20200515000436
20200515000439
20200515000449
20200515000469
20200515000470
20200515000515
20200515000516
20200515000519
20200515000525
20200515000534
20200515000543
20200515000544
20200515000560
20200515000568
20200515000576
20200515000577
20200515000579
20200515000581
20200515000592
20200515000611
20200515000613
20200515000622
20200515000629
20200515000634
20200515000647
20200515000651
20200515000678
20200515000683
20200515000705
20200515000708
20200515000715
20200515000723
20200515000727
20200515000731
20200515000756
20200515000760
20200515000770
20200515000780
20200515000800
20200515000804
20200515000806
20200515000820
20200515000840
20200515000845
20200515000850
20200515000866
20200515000870
20200515000906
20200515000916
20200515000945
20200515000950
20200515000965
20200515000972
20200515000977
20200515000979
20200515000988
20200515001004
20200515001007
20200515001016
20200515001020
20200515001025
20200515001029
20200515001033
20200515001034
20200515001042
20200515001049
20200515001058
20200515001062
20200515001064
20200515001075
20200515001079
20200515001095
20200515001096
20200515001122
20200515001123
20200515001130
20200515001158
20200515001162
20200515001170
20200515001174
20200515001181
20200515001183
20200515001191
20200515001196
20200515001202
20200515001206
20200515001207
20200515001237
20200515001247
20200515001249
20200515001255
20200515001269
20200515001270
20200515001286
20200515001289
20200515001306
20200515001312
20200515001319
20200515001321
20200515001327
20200515001329
20200515001336
20200515001349
20200515001364
20200515001373
20200515001380
20200515001393
20200515001395
20200515001397
20200515001401
20200515001402
20200515001410
20200515001428
20200515001433
20200515001437
20200515001440
20200515001446
20200515001447
20200515001450
20200515001453
20200515001459
20200515001461
20200515001464
20200515001470
20200515001473
20200515001477
20200515001478
20200515001484
20200515001494
20200515001497
20200515001505
20200515001511
20200515001524
20200515001541
20200515001547
20200515001555
20200515001557
20200515001559
20200515001560
20200515001579
20200515001588
20200515001593
20200515001595
20200515001598
20200515001607
20200515001611
20200515001617
20200515001628
20200515001629
20200515001630
20200515001633
20200515001641
20200515001651
20200515001659
20200515001667
20200515001670
20200515001671
20200515001674
20200515001688
20200515001689
20200515001691
20200515001695
20200515001699
20200515001701
20200515001703
20200515001712
20200515001722
20200515001733
20200515001756
20200515001761
20200515001765
20200515001770
20200515001772
20200515001777
20200515001788
20200515001791
20200515001793
20200515001803
20200515001806
20200515001808
20200515001811
20200515001813
20200515001817
20200515001818
20200515001840
20200515001849
20200515001857
20200515001863
20200515001866
20200515001867
20200515001879
20200515001890
20200515001893
20200515001895
20200515001906
20200515001909
20200515001914
20200515001918
20200515001922
20200515001927
20200515001929
20200515001940
20200515001957
20200515001960
20200515001969
20200515001971
20200515001981
20200515001998
20200515002004
20200515002021
20200515002023
20200515002027
20200515002029
20200515002037
20200515002062
20200515002066
20200515002067
20200515002069
20200515002081
20200515002090
20200515002097
20200515002099
20200515002106
20200515002112
20200515002113
20200515002116
20200515002118
20200515002134
20200515002151
20200515002158
20200515002159
20200515002168
20200515002170
20200515002171
20200515002178
20200515002179
20200515002200
20200515002214
20200515002222
20200515002234
20200515002243
20200515002247
20200515002254
20200515002255
20200515002258
20200515002264
20200515002270
20200515002271
20200515002272
20200515002274
20200515002285
20200515002299
20200515002300
20200515002302
20200515002304
20200515002315
20200515002317
20200515002319
20200515002323
20200515002331
20200515002335
20200515002336
20200515002339
20200515002349
20200515002360
20200515002361
20200515002362
20200515002378
20200515002379
20200515002383
20200515002386
20200515002392
20200515002395
20200515002402
20200515002408
20200515002409
20200515002415
20200515002418
20200515002419
20200515002430
20200515002436
20200515002441
20200515002445
20200515002461
20200515002467
20200515002468
20200515002472
20200515002482
20200515002486
20200515002491
20200515002492
20200515002493
20200515002494
20200515002528
20200515002537
20200515002546
20200515002560
20200515002569
20200515002570
20200515002574
20200515002617
20200515002625
20200515002634
20200515002655
20200515002662
20200515002664
20200515002671
20200515002676
20200515002680
20200515002700
20200515002703
20200515002710
20200515002732
20200515002745
20200515002748
20200515002805
20200515002814
20200515002819
20200515002821
20200518000002
20200518000079
20200518000116
20200519000214
20200520000052
20200521000193
20200522000318
20200522000446
20200522000555
20200525000277
20200527000051
20200527000260
20200529000820
20200529000931
20200601000521
20200601000747
20200603000169
20200604000251
20200608000168
20200612000246
20200615000198
20200615000232
20200615000273
20200615000280
20200615000334
20200616000210
20200622000316
20200701000410
20200701000419
20200720000227
20200721000353
20200721000363
20200724000638
20200728000267
20200807000290
20200807000364
20200810000241
20200811000026
20200811000038
20200811000115
20200811000187
20200811000219
20200811000286
20200812000088
20200812000107
20200812000152
20200812000238
20200812000239
20200812000262
20200812000355
20200812000401
20200813000044
20200813000052
20200813000077
20200813000087
20200813000104
20200813000110
20200813000112
20200813000126
20200813000132
20200813000167
20200813000206
20200813000250
20200813000252
20200813000257
20200813000325
20200813000326
20200813000330
20200813000333
20200813000348
20200813000356
20200813000369
20200813000381
20200813000386
20200813000404
20200813000405
20200813000432
20200813000433
20200813000491
20200813000512
20200813000536
20200813000541
20200813000558
20200813000560
20200813000563
20200813000571
20200813000572
20200813000574
20200813000581
20200813000607
20200813000630
20200813000642
20200813000670
20200813000674
20200813000677
20200813000687
20200813000704
20200813000712
20200813000713
20200813000732
20200813000733
20200813000757
20200813000782
20200813000796
20200813000802
20200813000812
20200814000005
20200814000008
20200814000024
20200814000034
20200814000043
20200814000048
20200814000058
20200814000082
20200814000093
20200814000095
20200814000100
20200814000122
20200814000126
20200814000135
20200814000140
20200814000150
20200814000157
20200814000161
20200814000164
20200814000167
20200814000171
20200814000172
20200814000175
20200814000220
20200814000232
20200814000244
20200814000256
20200814000262
20200814000267
20200814000274
20200814000295
20200814000310
20200814000311
20200814000324
20200814000333
20200814000344
20200814000349
20200814000354
20200814000361
20200814000376
20200814000378
20200814000379
20200814000400
20200814000445
20200814000452
20200814000453
20200814000516
20200814000525
20200814000537
20200814000541
20200814000554
20200814000555
20200814000557
20200814000559
20200814000574
20200814000577
20200814000580
20200814000583
20200814000610
20200814000617
20200814000624
20200814000632
20200814000633
20200814000638
20200814000640
20200814000649
20200814000652
20200814000660
20200814000663
20200814000667
20200814000674
20200814000682
20200814000685
20200814000686
20200814000687
20200814000689
20200814000700
20200814000710
20200814000712
20200814000715
20200814000735
20200814000753
20200814000761
20200814000766
20200814000783
20200814000788
20200814000789
20200814000791
20200814000803
20200814000807
20200814000813
20200814000859
20200814000862
20200814000866
20200814000872
20200814000875
20200814000876
20200814000903
20200814000910
20200814000913
20200814000915
20200814000917
20200814000933
20200814000943
20200814000950
20200814000952
20200814000953
20200814000956
20200814000957
20200814000981
20200814000982
20200814001021
20200814001024
20200814001034
20200814001036
20200814001050
20200814001054
20200814001056
20200814001065
20200814001074
20200814001076
20200814001080
20200814001086
20200814001101
20200814001105
20200814001112
20200814001114
20200814001138
20200814001145
20200814001151
20200814001152
20200814001161
20200814001162
20200814001164
20200814001170
20200814001178
20200814001185
20200814001189
20200814001190
20200814001195
20200814001200
20200814001216
20200814001226
20200814001233
20200814001244
20200814001245
20200814001250
20200814001251
20200814001268
20200814001281
20200814001292
20200814001306
20200814001311
20200814001323
20200814001328
20200814001338
20200814001340
20200814001352
20200814001355
20200814001376
20200814001394
20200814001395
20200814001396
20200814001402
20200814001404
20200814001405
20200814001421
20200814001427
20200814001432
20200814001434
20200814001440
20200814001443
20200814001448
20200814001468
20200814001477
20200814001502
20200814001515
20200814001553
20200814001554
20200814001571
20200814001592
20200814001595
20200814001656
20200814001657
20200814001658
20200814001662
20200814001670
20200814001682
20200814001690
20200814001703
20200814001709
20200814001725
20200814001728
20200814001745
20200814001752
20200814001757
20200814001761
20200814001763
20200814001765
20200814001774
20200814001781
20200814001782
20200814001787
20200814001795
20200814001805
20200814001811
20200814001812
20200814001817
20200814001820
20200814001853
20200814001855
20200814001864
20200814001870
20200814001873
20200814001877
20200814001884
20200814001888
20200814001897
20200814001902
20200814001904
20200814001910
20200814001923
20200814001925
20200814001948
20200814001949
20200814001953
20200814001959
20200814001961
20200814001963
20200814001974
20200814001980
20200814001990
20200814001997
20200814002000
20200814002019
20200814002023
20200814002032
20200814002033
20200814002042
20200814002045
20200814002051
20200814002075
20200814002078
20200814002080
20200814002094
20200814002096
20200814002098
20200814002100
20200814002103
20200814002104
20200814002105
20200814002107
20200814002110
20200814002120
20200814002122
20200814002123
20200814002126
20200814002128
20200814002130
20200814002132
20200814002135
20200814002140
20200814002146
20200814002151
20200814002153
20200814002156
20200814002157
20200814002160
20200814002170
20200814002173
20200814002183
20200814002185
20200814002189
20200814002193
20200814002203
20200814002204
20200814002205
20200814002217
20200814002219
20200814002222
20200814002225
20200814002239
20200814002259
20200814002262
20200814002267
20200814002269
20200814002275
20200814002292
20200814002308
20200814002313
20200814002316
20200814002340
20200814002352
20200814002359
20200814002363
20200814002371
20200814002372
20200814002375
20200814002397
20200814002400
20200814002401
20200814002403
20200814002406
20200814002417
20200814002429
20200814002432
20200814002436
20200814002439
20200814002449
20200814002463
20200814002464
20200814002465
20200814002472
20200814002479
20200814002480
20200814002481
20200814002482
20200814002490
20200814002494
20200814002500
20200814002511
20200814002517
20200814002536
20200814002542
20200814002544
20200814002549
20200814002552
20200814002565
20200814002573
20200814002575
20200814002579
20200814002589
20200814002598
20200814002599
20200814002604
20200814002605
20200814002606
20200814002608
20200814002613
20200814002619
20200814002623
20200814002627
20200814002633
20200814002643
20200814002647
20200814002653
20200814002663
20200814002667
20200814002669
20200814002672
20200814002675
20200814002681
20200814002687
20200814002690
20200814002691
20200814002698
20200814002702
20200814002705
20200814002715
20200814002752
20200814002761
20200814002768
20200814002776
20200814002782
20200814002783
20200814002785
20200814002804
20200814002806
20200814002815
20200814002821
20200814002825
20200814002830
20200814002835
20200814002840
20200814002842
20200814002852
20200814002867
20200814002869
20200814002870
20200814002880
20200818000004
20200818000127
20200818000179
20200818000255
20200819000254
20200819000255
20200820000038
20200820000259
20200821000555
20200824000052
20200824000204
20200824000362
20200824000386
20200825000064
20200825000385
20200827000062
20200827000409
20200827000644
20200827000690
20200828000300
20200828000668
20200831000575
20200831001198
20200901000075
20200904000148
20200904000153
20200904000159
20200907000001
20200914000175
20200914000195
20200924000279
20200928000356
20201008000683
20201008000697
20201023000328
20201023000489
20201102000020
20201103000025
20201105000139
20201105000172
20201106000034
20201106000226
20201106000229
20201109000100
20201110000034
20201110000071
20201110000101
20201110000346
20201111000003
20201111000009
20201111000011
20201111000095
20201111000228
20201111000231
20201111000365
20201112000016
20201112000019
20201112000026
20201112000066
20201112000071
20201112000093
20201112000095
20201112000096
20201112000101
20201112000115
20201112000121
20201112000143
20201112000170
20201112000185
20201112000191
20201112000295
20201112000297
20201112000299
20201112000302
20201112000315
20201112000334
20201112000391
20201112000393
20201112000397
20201112000454
20201113000010
20201113000036
20201113000050
20201113000079
20201113000082
20201113000084
20201113000101
20201113000104
20201113000130
20201113000133
20201113000145
20201113000165
20201113000167
20201113000176
20201113000189
20201113000191
20201113000217
20201113000219
20201113000230
20201113000258
20201113000263
20201113000275
20201113000279
20201113000292
20201113000304
20201113000330
20201113000381
20201113000393
20201113000415
20201113000418
20201113000434
20201113000438
20201113000446
20201113000451
20201113000461
20201113000487
20201113000491
20201113000499
20201113000500
20201113000502
20201113000512
20201113000526
20201113000543
20201113000546
20201113000557
20201113000558
20201113000569
20201113000585
20201113000587
20201113000604
20201113000618
20201113000620
20201113000622
20201113000626
20201113000629
20201113000640
20201113000642
20201113000653
20201113000655
20201113000661
20201113000664
20201113000665
20201113000678
20201113000686
20201113000687
20201113000692
20201113000706
20201113000707
20201113000710
20201113000717
20201113000718
20201113000721
20201113000730
20201113000731
20201113000732
20201113000744
20201113000746
20201113000751
20201113000752
20201113000753
20201113000756
20201113000762
20201113000766
20201113000778
20201113000779
20201113000791
20201113000803
20201113000806
20201113000807
20201113000811
20201113000824
20201113000825
20201113000865
20201113000875
20201113000876
20201113000880
20201113000888
20201113000894
20201113000906
20201113000908
20201113000918
20201113000933
20201113000949
20201113000959
20201113000960
20201113000966
20201113000969
20201113000973
20201113000980
20201113000986
20201113000988
20201113001014
20201113001025
20201113001027
20201113001030
20201113001032
20201113001041
20201113001043
20201113001050
20201113001059
20201113001084
20201113001086
20201113001087
20201113001091
20201113001096
20201113001098
20201113001107
20201113001109
20201113001124
20201113001125
20201113001129
20201113001135
20201113001145
20201113001153
20201113001159
20201113001160
20201113001162
20201113001170
20201113001175
20201113001181
20201113001185
20201113001189
20201113001196
20201113001207
20201113001208
20201113001220
20201113001225
20201113001228
20201113001231
20201116000008
20201116000027
20201116000036
20201116000051
20201116000057
20201116000085
20201116000090
20201116000117
20201116000121
20201116000123
20201116000126
20201116000128
20201116000134
20201116000135
20201116000141
20201116000146
20201116000157
20201116000158
20201116000163
20201116000165
20201116000171
20201116000192
20201116000194
20201116000195
20201116000199
20201116000203
20201116000204
20201116000208
20201116000209
20201116000214
20201116000215
20201116000218
20201116000223
20201116000224
20201116000252
20201116000260
20201116000273
20201116000285
20201116000292
20201116000296
20201116000303
20201116000310
20201116000314
20201116000320
20201116000321
20201116000323
20201116000328
20201116000332
20201116000344
20201116000347
20201116000349
20201116000350
20201116000362
20201116000365
20201116000378
20201116000381
20201116000382
20201116000395
20201116000403
20201116000410
20201116000420
20201116000421
20201116000456
20201116000469
20201116000495
20201116000499
20201116000503
20201116000507
20201116000513
20201116000514
20201116000519
20201116000523
20201116000536
20201116000537
20201116000543
20201116000550
20201116000565
20201116000577
20201116000578
20201116000580
20201116000598
20201116000601
20201116000612
20201116000619
20201116000620
20201116000621
20201116000625
20201116000627
20201116000636
20201116000638
20201116000652
20201116000658
20201116000666
20201116000682
20201116000695
20201116000699
20201116000723
20201116000731
20201116000732
20201116000752
20201116000773
20201116000774
20201116000781
20201116000785
20201116000791
20201116000796
20201116000800
20201116000812
20201116000815
20201116000818
20201116000822
20201116000823
20201116000825
20201116000828
20201116000838
20201116000840
20201116000849
20201116000861
20201116000863
20201116000867
20201116000872
20201116000886
20201116000893
20201116000896
20201116000903
20201116000911
20201116000918
20201116000920
20201116000921
20201116000924
20201116000930
20201116000933
20201116000946
20201116000954
20201116000962
20201116000967
20201116000970
20201116000974
20201116000981
20201116000986
20201116000989
20201116000999
20201116001000
20201116001011
20201116001013
20201116001016
20201116001020
20201116001022
20201116001024
20201116001029
20201116001034
20201116001036
20201116001037
20201116001044
20201116001048
20201116001051
20201116001061
20201116001066
20201116001067
20201116001080
20201116001081
20201116001084
20201116001112
20201116001115
20201116001116
20201116001119
20201116001122
20201116001124
20201116001139
20201116001142
20201116001144
20201116001149
20201116001155
20201116001159
20201116001162
20201116001163
20201116001164
20201116001182
20201116001188
20201116001192
20201116001199
20201116001200
20201116001204
20201116001220
20201116001224
20201116001227
20201116001232
20201116001240
20201116001242
20201116001262
20201116001263
20201116001265
20201116001281
20201116001283
20201116001285
20201116001292
20201116001293
20201116001307
20201116001313
20201116001329
20201116001334
20201116001336
20201116001340
20201116001346
20201116001347
20201116001349
20201116001357
20201116001362
20201116001367
20201116001372
20201116001380
20201116001384
20201116001388
20201116001396
20201116001397
20201116001403
20201116001407
20201116001409
20201116001418
20201116001420
20201116001422
20201116001424
20201116001425
20201116001430
20201116001431
20201116001435
20201116001436
20201116001439
20201116001466
20201116001475
20201116001479
20201116001484
20201116001491
20201116001494
20201116001496
20201116001502
20201116001516
20201116001528
20201116001531
20201116001534
20201116001535
20201116001563
20201116001568
20201116001573
20201116001578
20201116001584
20201116001596
20201116001601
20201116001602
20201116001604
20201116001612
20201116001613
20201116001615
20201116001621
20201116001626
20201116001627
20201116001630
20201116001641
20201116001645
20201116001658
20201116001662
20201116001663
20201116001666
20201116001675
20201116001676
20201116001677
20201116001681
20201116001685
20201116001694
20201116001696
20201116001699
20201116001709
20201116001713
20201116001717
20201116001719
20201116001720
20201116001723
20201116001724
20201116001725
20201116001726
20201116001741
20201116001744
20201116001747
20201116001751
20201116001757
20201116001759
20201116001765
20201116001770
20201116001774
20201116001776
20201116001785
20201116001790
20201116001807
20201116001812
20201116001816
20201116001819
20201116001821
20201116001829
20201116001832
20201116001838
20201116001862
20201116001866
20201116001869
20201116001874
20201116001881
20201116001882
20201116001889
20201116001892
20201116001899
20201116001907
20201116001916
20201116001918
20201116001923
20201116001926
20201116001929
20201116001938
20201116001942
20201116001943
20201116001960
20201116001967
20201116001969
20201116001977
20201116001980
20201116001981
20201116001992
20201116002002
20201116002003
20201116002007
20201116002011
20201116002015
20201116002019
20201116002026
20201116002030
20201116002034
20201116002035
20201116002036
20201116002053
20201116002057
20201116002058
20201116002067
20201116002070
20201116002079
20201116002081
20201116002082
20201116002106
20201116002110
20201116002116
20201116002117
20201116002119
20201116002125
20201116002127
20201116002145
20201116002149
20201116002154
20201116002156
20201116002157
20201116002158
20201117000004
20201117000019
20201117000044
20201117000105
20201117000120
20201117000144
20201117000182
20201117000272
20201118000043
20201118000283
20201120000411
20201123000176
20201125001003
20201126000158
20201127000274
20201127000881
20201127000888
20201127000894
20201127001063
20201130000057
20201130000502
20201130000539
20201130000727
20201130001130
20201201000068
20201210000497
20201231000284
20201231000311
20201231000323
20201231000326
20201231000328
20201231000330
20210106000409
20210108000778
20210114000374
20210210000442
20210210000680
20210210001217
20210210001219
20210210001234
20210210001239
20210210001241
20210215000469
20210215000536
20210215000772
20210215001000
20210215001161
20210215001328
20210215001336
20210215001361
20210302003627
20210311000313
20210317000363
20210317000364
20210317000400
20210317000419
20210317000736
20210317000769
20210416000104
20210416000216
20210426000047
20210427000080
20210429000798
20210510000007
20210510000456
20210510000851
20210511000084
20210511000162
20210511000600
20210511000643
20210512000015
20210512000038
20210512000120
20210512000284
20210512000367
20210512000379
20210512000555
20210512000556
20210512000559
20210512000667
20210513000068
20210513000224
20210513000255
20210513000385
20210513000422
20210513000442
20210513000485
20210513000487
20210513000500
20210513000505
20210513000531
20210513000534
20210513000554
20210513000592
20210513000705
20210513000738
20210513000749
20210513000794
20210513000813
20210514000016
20210514000017
20210514000036
20210514000049
20210514000100
20210514000101
20210514000118
20210514000129
20210514000136
20210514000140
20210514000191
20210514000195
20210514000202
20210514000215
20210514000265
20210514000299
20210514000308
20210514000317
20210514000321
20210514000334
20210514000339
20210514000352
20210514000391
20210514000396
20210514000459
20210514000477
20210514000501
20210514000505
20210514000520
20210514000539
20210514000543
20210514000572
20210514000609
20210514000628
20210514000670
20210514000692
20210514000699
20210514000709
20210514000740
20210514000746
20210514000747
20210514000761
20210514000769
20210514000789
20210514000796
20210514000806
20210514000856
20210514000859
20210514000861
20210514000862
20210514000871
20210514000877
20210514000902
20210514000923
20210514000931
20210514000932
20210514000933
20210514000939
20210514000959
20210514000998
20210514001008
20210514001019
20210514001026
20210514001050
20210514001053
20210514001056
20210514001061
20210514001068
20210514001070
20210514001071
20210514001075
20210514001084
20210514001097
20210514001114
20210514001149
20210514001151
20210514001172
20210514001184
20210514001196
20210514001237
20210514001248
20210514001254
20210514001255
20210514001258
20210514001278
20210514001284
20210514001294
20210514001305
20210514001308
20210514001317
20210514001318
20210514001319
20210514001325
20210514001332
20210514001346
20210514001347
20210514001358
20210514001378
20210514001383
20210514001388
20210514001409
20210514001427
20210514001429
20210514001431
20210514001438
20210514001451
20210514001452
20210514001454
20210514001456
20210514001461
20210514001492
20210514001502
20210514001506
20210514001531
20210514001538
20210514001545
20210514001547
20210514001548
20210514001574
20210514001588
20210514001604
20210514001605
20210514001630
20210514001645
20210514001691
20210517000032
20210517000064
20210517000069
20210517000071
20210517000090
20210517000095
20210517000104
20210517000135
20210517000154
20210517000159
20210517000168
20210517000193
20210517000210
20210517000216
20210517000219
20210517000222
20210517000241
20210517000244
20210517000270
20210517000272
20210517000293
20210517000298
20210517000304
20210517000310
20210517000314
20210517000325
20210517000331
20210517000333
20210517000351
20210517000354
20210517000367
20210517000371
20210517000374
20210517000376
20210517000385
20210517000386
20210517000388
20210517000429
20210517000463
20210517000466
20210517000471
20210517000481
20210517000488
20210517000491
20210517000509
20210517000510
20210517000511
20210517000512
20210517000513
20210517000546
20210517000555
20210517000573
20210517000595
20210517000605
20210517000610
20210517000614
20210517000619
20210517000625
20210517000635
20210517000647
20210517000650
20210517000665
20210517000677
20210517000690
20210517000697
20210517000706
20210517000721
20210517000730
20210517000733
20210517000737
20210517000740
20210517000744
20210517000749
20210517000753
20210517000759
20210517000767
20210517000770
20210517000775
20210517000785
20210517000794
20210517000795
20210517000798
20210517000806
20210517000815
20210517000821
20210517000829
20210517000841
20210517000850
20210517000862
20210517000870
20210517000878
20210517000884
20210517000904
20210517000907
20210517000916
20210517000941
20210517000944
20210517000945
20210517000948
20210517000954
20210517000956
20210517000965
20210517000974
20210517000983
20210517000995
20210517000997
20210517000999
20210517001003
20210517001010
20210517001013
20210517001033
20210517001041
20210517001053
20210517001055
20210517001058
20210517001065
20210517001071
20210517001078
20210517001084
20210517001086
20210517001087
20210517001103
20210517001110
20210517001117
20210517001127
20210517001133
20210517001134
20210517001143
20210517001146
20210517001151
20210517001152
20210517001159
20210517001160
20210517001162
20210517001165
20210517001168
20210517001169
20210517001170
20210517001180
20210517001188
20210517001189
20210517001200
20210517001211
20210517001212
20210517001213
20210517001235
20210517001252
20210517001255
20210517001272
20210517001280
20210517001286
20210517001289
20210517001295
20210517001298
20210517001299
20210517001313
20210517001314
20210517001318
20210517001319
20210517001326
20210517001327
20210517001337
20210517001353
20210517001354
20210517001360
20210517001363
20210517001370
20210517001385
20210517001391
20210517001394
20210517001410
20210517001419
20210517001420
20210517001423
20210517001424
20210517001425
20210517001437
20210517001456
20210517001467
20210517001470
20210517001474
20210517001479
20210517001481
20210517001485
20210517001493
20210517001496
20210517001506
20210517001511
20210517001517
20210517001520
20210517001535
20210517001539
20210517001540
20210517001543
20210517001544
20210517001548
20210517001567
20210517001569
20210517001576
20210517001581
20210517001584
20210517001587
20210517001590
20210517001599
20210517001600
20210517001621
20210517001633
20210517001638
20210517001642
20210517001654
20210517001658
20210517001659
20210517001671
20210517001722
20210517001739
20210517001755
20210517001760
20210517001762
20210517001766
20210517001805
20210517001811
20210517001812
20210517001823
20210517001832
20210517001833
20210517001834
20210517001835
20210517001855
20210517001872
20210517001873
20210517001891
20210517001897
20210517001899
20210517001906
20210517001912
20210517001918
20210517001934
20210517001935
20210517001936
20210517001938
20210517001957
20210517001960
20210517001972
20210517001973
20210517001979
20210517001987
20210517001991
20210517002007
20210517002020
20210517002023
20210517002024
20210517002043
20210517002056
20210517002070
20210517002077
20210517002080
20210517002081
20210517002083
20210517002091
20210517002106
20210517002110
20210517002117
20210517002130
20210517002140
20210517002146
20210517002148
20210517002154
20210517002159
20210517002162
20210517002171
20210517002178
20210517002180
20210518000087
20210518000113
20210518000324
20210520000060
20210520000220
20210521000239
20210525000418
20210526000428
20210526000456
20210527000257
20210527000487
20210528000526
20210528000585
20210528000741
20210528001104
20210528001229
20210531000408
20210531001346
20210531001636
20210531002162
20210531002357
20210601000046
20210601000079
20210601000398
20210602000125
20210603000212
20210608000450
20210614000152
20210615000450
20210617000317
20210618000401
20210628000160
20210630000818
20210701000278
20210707000517
20210707000519
20210707000523
20210707000525
20210709000514
20210709000516
20210709000518
20210714000208
20210810000189
20210810000233
20210811000109
20210811000244
20210811000435
20210812000006
20210812000009
20210812000011
20210812000060
20210812000074
20210812000089
20210812000126
20210812000140
20210812000147
20210812000168
20210812000197
20210812000212
20210812000230
20210812000249
20210812000250
20210812000307
20210812000336
20210812000346
20210812000361
20210812000377
20210812000416
20210812000462
20210812000488
20210812000491
20210812000501
20210813000007
20210813000085
20210813000091
20210813000096
20210813000123
20210813000144
20210813000146
20210813000149
20210813000164
20210813000178
20210813000195
20210813000202
20210813000206
20210813000215
20210813000220
20210813000222
20210813000235
20210813000248
20210813000253
20210813000254
20210813000256
20210813000258
20210813000260
20210813000269
20210813000270
20210813000290
20210813000294
20210813000303
20210813000312
20210813000333
20210813000334
20210813000350
20210813000353
20210813000375
20210813000380
20210813000384
20210813000415
20210813000441
20210813000461
20210813000462
20210813000467
20210813000523
20210813000537
20210813000542
20210813000552
20210813000554
20210813000586
20210813000624
20210813000636
20210813000640
20210813000653
20210813000655
20210813000659
20210813000691
20210813000710
20210813000713
20210813000718
20210813000726
20210813000728
20210813000735
20210813000736
20210813000744
20210813000759
20210813000764
20210813000766
20210813000781
20210813000782
20210813000786
20210813000807
20210813000808
20210813000825
20210813000833
20210813000846
20210813000848
20210813000855
20210813000858
20210813000872
20210813000877
20210813000890
20210813000891
20210813000893
20210813000897
20210813000898
20210813000901
20210813000911
20210813000930
20210813000931
20210813000943
20210813000955
20210813000956
20210813000979
20210813000982
20210813000984
20210813000999
20210813001009
20210813001013
20210813001018
20210813001034
20210813001049
20210813001061
20210813001063
20210813001068
20210813001073
20210813001080
20210813001083
20210813001094
20210813001105
20210813001123
20210813001159
20210813001160
20210813001162
20210813001202
20210813001214
20210813001216
20210813001218
20210813001222
20210813001225
20210813001227
20210813001230
20210813001239
20210813001258
20210813001266
20210813001268
20210813001280
20210813001288
20210813001290
20210813001310
20210813001321
20210813001333
20210813001343
20210813001349
20210813001356
20210813001365
20210813001376
20210813001378
20210813001382
20210813001385
20210813001394
20210813001408
20210813001411
20210813001426
20210817000010
20210817000020
20210817000035
20210817000039
20210817000040
20210817000046
20210817000050
20210817000054
20210817000067
20210817000084
20210817000097
20210817000109
20210817000117
20210817000129
20210817000135
20210817000136
20210817000139
20210817000144
20210817000160
20210817000186
20210817000189
20210817000199
20210817000202
20210817000204
20210817000218
20210817000225
20210817000227
20210817000235
20210817000237
20210817000251
20210817000253
20210817000255
20210817000258
20210817000276
20210817000295
20210817000300
20210817000310
20210817000312
20210817000320
20210817000322
20210817000323
20210817000347
20210817000364
20210817000366
20210817000371
20210817000374
20210817000378
20210817000382
20210817000391
20210817000410
20210817000434
20210817000438
20210817000441
20210817000442
20210817000471
20210817000483
20210817000487
20210817000496
20210817000525
20210817000528
20210817000531
20210817000541
20210817000554
20210817000557
20210817000559
20210817000561
20210817000563
20210817000569
20210817000590
20210817000600
20210817000632
20210817000637
20210817000642
20210817000680
20210817000684
20210817000702
20210817000704
20210817000716
20210817000719
20210817000729
20210817000739
20210817000754
20210817000768
20210817000777
20210817000788
20210817000793
20210817000812
20210817000827
20210817000828
20210817000833
20210817000838
20210817000843
20210817000846
20210817000849
20210817000854
20210817000862
20210817000869
20210817000885
20210817000888
20210817000892
20210817000896
20210817000904
20210817000905
20210817000913
20210817000931
20210817000933
20210817000942
20210817000948
20210817000954
20210817000959
20210817000960
20210817000994
20210817001000
20210817001001
20210817001007
20210817001010
20210817001012
20210817001014
20210817001020
20210817001025
20210817001036
20210817001039
20210817001043
20210817001046
20210817001070
20210817001077
20210817001078
20210817001080
20210817001081
20210817001089
20210817001091
20210817001094
20210817001096
20210817001129
20210817001137
20210817001139
20210817001143
20210817001147
20210817001148
20210817001156
20210817001159
20210817001164
20210817001170
20210817001182
20210817001183
20210817001184
20210817001187
20210817001196
20210817001201
20210817001204
20210817001209
20210817001210
20210817001219
20210817001228
20210817001229
20210817001232
20210817001235
20210817001246
20210817001248
20210817001250
20210817001258
20210817001270
20210817001273
20210817001274
20210817001284
20210817001290
20210817001292
20210817001304
20210817001307
20210817001309
20210817001319
20210817001326
20210817001331
20210817001336
20210817001359
20210817001362
20210817001363
20210817001378
20210817001381
20210817001384
20210817001391
20210817001393
20210817001400
20210817001407
20210817001426
20210817001427
20210817001428
20210817001431
20210817001433
20210817001437
20210817001441
20210817001442
20210817001449
20210817001452
20210817001453
20210817001454
20210817001464
20210817001476
20210817001479
20210817001481
20210817001483
20210817001488
20210817001495
20210817001497
20210817001499
20210817001525
20210817001529
20210817001551
20210817001564
20210817001566
20210817001568
20210817001570
20210817001573
20210817001587
20210817001597
20210817001601
20210817001606
20210817001607
20210817001617
20210817001619
20210817001620
20210817001633
20210817001637
20210817001640
20210817001648
20210817001659
20210817001672
20210817001674
20210817001686
20210817001694
20210817001698
20210817001702
20210817001709
20210817001710
20210817001742
20210817001746
20210817001747
20210817001772
20210817001776
20210817001777
20210817001786
20210817001793
20210817001809
20210817001814
20210817001824
20210817001837
20210817001847
20210817001866
20210817001869
20210817001875
20210817001877
20210817001881
20210817001884
20210817001907
20210817001916
20210817001940
20210817001966
20210817001967
20210817001979
20210817002001
20210817002002
20210817002011
20210817002017
20210817002018
20210817002039
20210817002044
20210817002046
20210817002053
20210817002060
20210817002064
20210817002066
20210817002073
20210817002084
20210817002089
20210817002095
20210817002099
20210817002106
20210817002109
20210817002111
20210817002119
20210817002122
20210817002123
20210817002135
20210817002136
20210817002147
20210817002154
20210817002155
20210817002158
20210817002160
20210817002168
20210817002181
20210817002184
20210817002185
20210817002186
20210817002200
20210817002215
20210817002218
20210817002225
20210817002237
20210817002270
20210817002272
20210817002277
20210817002282
20210817002293
20210817002294
20210817002301
20210818000264
20210818000286
20210819000025
20210819000072
20210819000230
20210820000089
20210820000216
20210823000154
20210823000420
20210824000003
20210824000024
20210824000163
20210825000227
20210825000319
20210826000384
20210827000506
20210827000584
20210827000587
20210827000632
20210827000731
20210830001117
20210831000577
20210831001729
20210831001743
20210831001760
20210831001817
20210831001844
20210831001873
20210831001878
20210831001882
20210902000297
20211005000282
20211012000100
20211015000345
20211101000064
20211101000292
20211104000214
20211105000017
20211108000025
20211108000280
20211109000050
20211109000157
20211109000228
20211110000081
20211110000118
20211110000131
20211110000134
20211110000144
20211110000232
20211110000354
20211110000405
20211110000479
20211111000022
20211111000136
20211111000177
20211111000185
20211111000289
20211111000328
20211111000329
20211111000380
20211112000023
20211112000029
20211112000030
20211112000033
20211112000035
20211112000049
20211112000063
20211112000065
20211112000067
20211112000090
20211112000099
20211112000104
20211112000108
20211112000114
20211112000119
20211112000123
20211112000131
20211112000133
20211112000169
20211112000182
20211112000187
20211112000216
20211112000236
20211112000239
20211112000254
20211112000259
20211112000263
20211112000265
20211112000309
20211112000320
20211112000358
20211112000371
20211112000372
20211112000378
20211112000384
20211112000388
20211112000398
20211112000399
20211112000403
20211112000420
20211112000423
20211112000428
20211112000431
20211112000441
20211112000463
20211112000474
20211112000476
20211112000488
20211112000496
20211112000500
20211112000509
20211112000523
20211112000528
20211112000541
20211112000543
20211112000554
20211112000559
20211112000563
20211112000570
20211112000581
20211112000582
20211112000585
20211112000590
20211112000592
20211112000602
20211112000603
20211112000615
20211112000651
20211112000660
20211112000661
20211112000683
20211112000693
20211112000698
20211112000714
20211112000719
20211112000734
20211112000746
20211112000751
20211112000766
20211112000771
20211112000784
20211112000785
20211112000802
20211112000806
20211112000808
20211112000809
20211112000812
20211112000833
20211112000834
20211112000849
20211112000861
20211112000872
20211112000890
20211112000899
20211112000909
20211112000924
20211112000945
20211112000947
20211112000948
20211112000961
20211112000965
20211112000974
20211112000978
20211112000983
20211112000986
20211112001015
20211112001020
20211112001023
20211112001034
20211112001049
20211112001053
20211112001071
20211112001072
20211112001083
20211112001089
20211112001090
20211112001093
20211112001098
20211112001099
20211112001102
20211112001117
20211112001134
20211112001135
20211112001136
20211112001148
20211112001151
20211112001157
20211112001162
20211112001166
20211112001182
20211112001183
20211112001185
20211112001187
20211112001195
20211112001197
20211115000001
20211115000012
20211115000016
20211115000026
20211115000029
20211115000033
20211115000038
20211115000048
20211115000061
20211115000075
20211115000088
20211115000089
20211115000104
20211115000109
20211115000113
20211115000140
20211115000146
20211115000152
20211115000154
20211115000155
20211115000156
20211115000178
20211115000183
20211115000190
20211115000200
20211115000228
20211115000230
20211115000233
20211115000234
20211115000239
20211115000244
20211115000257
20211115000260
20211115000275
20211115000278
20211115000282
20211115000285
20211115000294
20211115000295
20211115000296
20211115000298
20211115000312
20211115000325
20211115000332
20211115000334
20211115000347
20211115000354
20211115000359
20211115000365
20211115000367
20211115000370
20211115000395
20211115000397
20211115000398
20211115000401
20211115000405
20211115000407
20211115000408
20211115000417
20211115000432
20211115000433
20211115000446
20211115000452
20211115000456
20211115000466
20211115000472
20211115000475
20211115000476
20211115000485
20211115000489
20211115000507
20211115000508
20211115000518
20211115000527
20211115000528
20211115000532
20211115000534
20211115000539
20211115000546
20211115000564
20211115000572
20211115000587
20211115000593
20211115000597
20211115000608
20211115000609
20211115000611
20211115000613
20211115000621
20211115000625
20211115000627
20211115000635
20211115000654
20211115000657
20211115000661
20211115000662
20211115000666
20211115000672
20211115000675
20211115000677
20211115000678
20211115000685
20211115000686
20211115000687
20211115000688
20211115000690
20211115000698
20211115000699
20211115000702
20211115000708
20211115000718
20211115000724
20211115000725
20211115000727
20211115000733
20211115000734
20211115000735
20211115000745
20211115000749
20211115000755
20211115000773
20211115000775
20211115000788
20211115000796
20211115000818
20211115000827
20211115000829
20211115000834
20211115000835
20211115000836
20211115000849
20211115000850
20211115000852
20211115000856
20211115000868
20211115000869
20211115000874
20211115000877
20211115000892
20211115000893
20211115000896
20211115000899
20211115000903
20211115000906
20211115000920
20211115000922
20211115000925
20211115000929
20211115000930
20211115000934
20211115000937
20211115000945
20211115000949
20211115000958
20211115000983
20211115000993
20211115001010
20211115001013
20211115001015
20211115001022
20211115001026
20211115001031
20211115001048
20211115001053
20211115001056
20211115001068
20211115001074
20211115001092
20211115001093
20211115001104
20211115001113
20211115001114
20211115001115
20211115001123
20211115001125
20211115001132
20211115001140
20211115001143
20211115001146
20211115001147
20211115001165
20211115001166
20211115001168
20211115001175
20211115001186
20211115001194
20211115001200
20211115001203
20211115001204
20211115001216
20211115001219
20211115001226
20211115001228
20211115001229
20211115001232
20211115001233
20211115001234
20211115001237
20211115001241
20211115001261
20211115001266
20211115001278
20211115001280
20211115001290
20211115001295
20211115001301
20211115001307
20211115001308
20211115001311
20211115001322
20211115001323
20211115001361
20211115001364
20211115001366
20211115001367
20211115001370
20211115001371
20211115001372
20211115001373
20211115001376
20211115001384
20211115001395
20211115001400
20211115001402
20211115001406
20211115001413
20211115001414
20211115001416
20211115001421
20211115001437
20211115001441
20211115001443
20211115001444
20211115001452
20211115001458
20211115001460
20211115001465
20211115001471
20211115001475
20211115001477
20211115001480
20211115001481
20211115001483
20211115001484
20211115001491
20211115001493
20211115001494
20211115001495
20211115001497
20211115001510
20211115001518
20211115001523
20211115001524
20211115001529
20211115001531
20211115001535
20211115001540
20211115001545
20211115001548
20211115001561
20211115001563
20211115001571
20211115001575
20211115001578
20211115001579
20211115001583
20211115001584
20211115001587
20211115001588
20211115001592
20211115001598
20211115001601
20211115001610
20211115001616
20211115001620
20211115001627
20211115001638
20211115001641
20211115001643
20211115001656
20211115001658
20211115001660
20211115001679
20211115001681
20211115001682
20211115001690
20211115001704
20211115001705
20211115001717
20211115001719
20211115001720
20211115001727
20211115001731
20211115001746
20211115001747
20211115001756
20211115001764
20211115001765
20211115001768
20211115001769
20211115001777
20211115001785
20211115001789
20211115001804
20211115001814
20211115001815
20211115001831
20211115001834
20211115001849
20211115001853
20211115001854
20211115001860
20211115001865
20211115001869
20211115001872
20211115001878
20211115001881
20211115001887
20211115001890
20211115001909
20211115001911
20211115001913
20211115001918
20211115001920
20211115001925
20211115001927
20211115001933
20211115001944
20211115001964
20211115001972
20211115001984
20211115001985
20211115001988
20211115002008
20211115002013
20211115002020
20211115002021
20211115002046
20211115002051
20211115002053
20211115002058
20211115002062
20211115002063
20211115002073
20211115002084
20211115002087
20211115002088
20211115002096
20211115002097
20211115002109
20211115002111
20211115002114
20211115002115
20211115002126
20211115002142
20211115002149
20211115002151
20211115002152
20211115002153
20211115002155
20211115002163
20211115002164
20211115002167
20211115002168
20211115002177
20211115002192
20211115002196
20211115002197
20211115002201
20211115002204
20211115002212
20211115002215
20211115002235
20211115002236
20211115002237
20211115002243
20211115002246
20211115002254
20211115002256
20211115002263
20211115002267
20211115002278
20211115002279
20211115002286
20211115002291
20211115002295
20211115002301
20211115002306
20211115002314
20211115002336
20211115002338
20211115002376
20211115002379
20211115002382
20211115002392
20211115002394
20211115002402
20211115002412
20211115002416
20211115002418
20211115002419
20211115002432
20211115002438
20211115002439
20211115002448
20211115002465
20211115002474
20211115002478
20211115002492
20211115002494
20211115002497
20211115002499
20211115002508
20211115002509
20211115002511
20211116000001
20211116000005
20211116000008
20211116000013
20211116000058
20211116000078
20211116000094
20211116000201
20211116000256
20211116000275
20211117000012
20211117000025
20211117000231
20211118000060
20211119000006
20211119000120
20211123000283
20211124000069
20211124000387
20211125000497
20211125000521
20211126000102
20211126000349
20211126000772
20211129000818
20211207000324
20211210000067
20211213000193
20211227000458
20220125000457
20220210000166
20220210000726
20220211000426
20220211000448
20220211000470
20220211000476
20220211000593
20220214000604
20220214000725
20220214000784
20220214000830
20220214000839
20220214000912
20220214000973
20220214001097
20220216001004
20220329000570
20220414002026
20220428000049
20220509000591
20220509000741
20220510000010
20220511000019
20220511000026
20220511000055
20220511000218
20220511000680
20220511000710
20220511000715
20220512000045
20220512000089
20220512000203
20220512000265
20220512000289
20220512000290
20220512000362
20220512000476
20220512000484
20220512000536
20220512000562
20220512000645
20220512000873
20220512000879
20220512000954
20220513000026
20220513000068
20220513000101
20220513000164
20220513000267
20220513000296
20220513000321
20220513000357
20220513000366
20220513000374
20220513000430
20220513000442
20220513000455
20220513000463
20220513000467
20220513000521
20220513000525
20220513000541
20220513000554
20220513000558
20220513000563
20220513000580
20220513000594
20220513000609
20220513000667
20220513000685
20220513000730
20220513000799
20220513000805
20220513000834
20220513000836
20220513000856
20220513000869
20220513000898
20220513000924
20220513000935
20220513000936
20220513000944
20220513000954
20220513000960
20220513000976
20220513000979
20220513000982
20220513000986
20220513000988
20220513001018
20220513001023
20220513001051
20220513001071
20220513001077
20220513001083
20220513001111
20220513001116
20220513001125
20220513001142
20220513001171
20220513001193
20220513001240
20220513001264
20220513001271
20220513001272
20220513001273
20220513001292
20220513001293
20220513001301
20220513001307
20220513001316
20220513001319
20220513001341
20220513001342
20220513001356
20220513001363
20220513001380
20220513001392
20220513001393
20220513001409
20220513001414
20220513001425
20220513001431
20220513001448
20220513001453
20220513001468
20220513001480
20220513001484
20220513001494
20220513001517
20220513001538
20220513001543
20220513001544
20220513001551
20220513001552
20220513001556
20220513001572
20220513001574
20220513001606
20220513001626
20220513001642
20220513001668
20220513001671
20220513001673
20220513001678
20220513001680
20220513001681
20220513001685
20220513001697
20220513001706
20220516000015
20220516000021
20220516000028
20220516000040
20220516000048
20220516000051
20220516000055
20220516000063
20220516000070
20220516000088
20220516000114
20220516000127
20220516000141
20220516000154
20220516000167
20220516000181
20220516000224
20220516000260
20220516000265
20220516000278
20220516000312
20220516000323
20220516000378
20220516000394
20220516000396
20220516000432
20220516000439
20220516000459
20220516000461
20220516000473
20220516000481
20220516000487
20220516000493
20220516000505
20220516000511
20220516000525
20220516000530
20220516000541
20220516000550
20220516000557
20220516000579
20220516000585
20220516000612
20220516000617
20220516000619
20220516000626
20220516000629
20220516000639
20220516000669
20220516000677
20220516000684
20220516000690
20220516000738
20220516000739
20220516000742
20220516000765
20220516000766
20220516000771
20220516000776
20220516000789
20220516000803
20220516000814
20220516000816
20220516000832
20220516000843
20220516000854
20220516000856
20220516000863
20220516000864
20220516000874
20220516000880
20220516000884
20220516000890
20220516000907
20220516000911
20220516000924
20220516000955
20220516000958
20220516000976
20220516000977
20220516000982
20220516000994
20220516001005
20220516001012
20220516001023
20220516001025
20220516001037
20220516001044
20220516001047
20220516001053
20220516001059
20220516001062
20220516001069
20220516001072
20220516001073
20220516001075
20220516001093
20220516001116
20220516001125
20220516001129
20220516001132
20220516001144
20220516001153
20220516001157
20220516001168
20220516001173
20220516001182
20220516001184
20220516001191
20220516001192
20220516001193
20220516001225
20220516001226
20220516001231
20220516001232
20220516001248
20220516001250
20220516001258
20220516001273
20220516001287
20220516001288
20220516001291
20220516001300
20220516001306
20220516001319
20220516001341
20220516001357
20220516001360
20220516001361
20220516001364
20220516001386
20220516001387
20220516001397
20220516001403
20220516001410
20220516001421
20220516001432
20220516001439
20220516001441
20220516001455
20220516001456
20220516001463
20220516001465
20220516001485
20220516001488
20220516001494
20220516001503
20220516001508
20220516001513
20220516001514
20220516001517
20220516001531
20220516001536
20220516001549
20220516001555
20220516001568
20220516001570
20220516001572
20220516001575
20220516001588
20220516001590
20220516001596
20220516001600
20220516001604
20220516001619
20220516001621
20220516001623
20220516001632
20220516001647
20220516001666
20220516001667
20220516001685
20220516001690
20220516001691
20220516001694
20220516001702
20220516001704
20220516001714
20220516001716
20220516001723
20220516001733
20220516001741
20220516001746
20220516001762
20220516001765
20220516001775
20220516001778
20220516001795
20220516001800
20220516001808
20220516001816
20220516001818
20220516001833
20220516001834
20220516001854
20220516001857
20220516001866
20220516001869
20220516001876
20220516001879
20220516001882
20220516001896
20220516001898
20220516001900
20220516001931
20220516001941
20220516001942
20220516001951
20220516001973
20220516001992
20220516001996
20220516001999
20220516002012
20220516002019
20220516002021
20220516002024
20220516002040
20220516002043
20220516002047
20220516002057
20220516002082
20220516002090
20220516002096
20220516002118
20220516002120
20220516002125
20220516002127
20220516002139
20220516002161
20220516002163
20220516002165
20220516002169
20220516002175
20220516002197
20220516002202
20220516002204
20220516002209
20220516002212
20220516002230
20220516002241
20220516002242
20220516002243
20220516002246
20220516002253
20220516002255
20220516002256
20220516002265
20220516002271
20220516002276
20220516002279
20220516002280
20220516002289
20220516002308
20220516002309
20220516002328
20220516002338
20220516002343
20220516002349
20220516002356
20220516002359
20220516002362
20220516002370
20220516002372
20220516002375
20220516002389
20220516002391
20220516002394
20220516002400
20220516002418
20220516002430
20220516002434
20220516002439
20220516002442
20220516002455
20220516002465
20220516002478
20220516002480
20220516002490
20220516002492
20220516002512
20220516002522
20220516002538
20220516002539
20220516002543
20220516002548
20220516002549
20220516002554
20220516002560
20220516002562
20220516002566
20220516002594
20220516002606
20220516002615
20220516002622
20220516002628
20220516002646
20220516002650
20220516002660
20220516002662
20220516002680
20220516002691
20220516002697
20220516002708
20220517000038
20220517000122
20220517000129
20220517000131
20220517000143
20220518000001
20220518000174
20220518000267
20220518000285
20220518000309
20220519000110
20220520000389
20220520000393
20220520000485
20220524000362
20220526000359
20220527000460
20220530000933
20220531002734
20220602000513
20220603000350
20220607000180
20220628000474
20220630000672
20220722000305
20220808000179
20220809000025
20220810000051
20220810000190
20220810000307
20220810000400
20220811000220
20220811000229
20220811000409
20220811000447
20220811000492
20220812000017
20220812000020
20220812000055
20220812000177
20220812000234
20220812000237
20220812000257
20220812000267
20220812000282
20220812000284
20220812000285
20220812000301
20220812000307
20220812000325
20220812000332
20220812000342
20220812000372
20220812000405
20220812000424
20220812000428
20220812000450
20220812000474
20220812000475
20220812000503
20220812000513
20220812000536
20220812000552
20220812000564
20220812000567
20220812000568
20220812000587
20220812000588
20220812000597
20220812000600
20220812000604
20220812000616
20220812000617
20220812000621
20220812000633
20220812000636
20220812000638
20220812000639
20220812000642
20220812000665
20220812000693
20220812000696
20220812000711
20220812000724
20220812000741
20220812000743
20220812000768
20220812000771
20220812000774
20220812000779
20220812000784
20220812000787
20220812000806
20220812000820
20220812000829
20220812000845
20220812000846
20220812000848
20220812000890
20220812000897
20220812000909
20220812000917
20220812000919
20220812000920
20220812000930
20220812000941
20220812000954
20220812000965
20220812000975
20220812001001
20220812001006
20220812001008
20220812001012
20220812001022
20220812001034
20220812001037
20220812001053
20220812001061
20220812001066
20220812001074
20220812001084
20220812001099
20220812001115
20220812001127
20220812001130
20220812001136
20220812001140
20220812001147
20220812001158
20220812001163
20220812001174
20220812001192
20220812001200
20220812001207
20220812001208
20220812001227
20220812001232
20220812001235
20220812001251
20220812001257
20220812001265
20220812001276
20220812001281
20220812001298
20220812001302
20220812001307
20220812001309
20220812001316
20220812001330
20220812001332
20220812001333
20220812001343
20220812001352
20220812001358
20220812001361
20220816000014
20220816000016
20220816000056
20220816000067
20220816000070
20220816000075
20220816000083
20220816000089
20220816000092
20220816000119
20220816000123
20220816000142
20220816000158
20220816000161
20220816000187
20220816000198
20220816000201
20220816000209
20220816000212
20220816000213
20220816000215
20220816000217
20220816000222
20220816000223
20220816000245
20220816000256
20220816000259
20220816000266
20220816000286
20220816000288
20220816000294
20220816000295
20220816000297
20220816000299
20220816000305
20220816000311
20220816000312
20220816000321
20220816000328
20220816000329
20220816000337
20220816000348
20220816000352
20220816000355
20220816000388
20220816000403
20220816000421
20220816000426
20220816000436
20220816000441
20220816000442
20220816000449
20220816000450
20220816000455
20220816000456
20220816000472
20220816000473
20220816000477
20220816000483
20220816000491
20220816000492
20220816000493
20220816000494
20220816000499
20220816000501
20220816000523
20220816000527
20220816000537
20220816000539
20220816000541
20220816000554
20220816000558
20220816000567
20220816000568
20220816000596
20220816000602
20220816000612
20220816000621
20220816000643
20220816000648
20220816000654
20220816000655
20220816000680
20220816000697
20220816000720
20220816000721
20220816000741
20220816000742
20220816000748
20220816000776
20220816000784
20220816000793
20220816000802
20220816000807
20220816000812
20220816000822
20220816000832
20220816000842
20220816000843
20220816000851
20220816000874
20220816000884
20220816000885
20220816000888
20220816000899
20220816000905
20220816000907
20220816000911
20220816000914
20220816000916
20220816000921
20220816000929
20220816000930
20220816000943
20220816000947
20220816000975
20220816000979
20220816000994
20220816001000
20220816001001
20220816001004
20220816001027
20220816001028
20220816001032
20220816001040
20220816001057
20220816001075
20220816001082
20220816001090
20220816001096
20220816001106
20220816001110
20220816001111
20220816001114
20220816001120
20220816001121
20220816001125
20220816001131
20220816001138
20220816001149
20220816001155
20220816001158
20220816001160
20220816001168
20220816001170
20220816001180
20220816001190
20220816001196
20220816001208
20220816001217
20220816001218
20220816001226
20220816001228
20220816001239
20220816001244
20220816001253
20220816001259
20220816001266
20220816001267
20220816001269
20220816001289
20220816001291
20220816001298
20220816001312
20220816001319
20220816001323
20220816001324
20220816001326
20220816001327
20220816001335
20220816001356
20220816001366
20220816001374
20220816001379
20220816001382
20220816001384
20220816001385
20220816001388
20220816001393
20220816001409
20220816001415
20220816001417
20220816001419
20220816001423
20220816001435
20220816001461
20220816001464
20220816001470
20220816001475
20220816001492
20220816001507
20220816001514
20220816001525
20220816001527
20220816001538
20220816001545
20220816001549
20220816001564
20220816001590
20220816001591
20220816001599
20220816001606
20220816001607
20220816001613
20220816001633
20220816001638
20220816001650
20220816001655
20220816001663
20220816001667
20220816001682
20220816001683
20220816001687
20220816001692
20220816001694
20220816001695
20220816001706
20220816001710
20220816001722
20220816001724
20220816001725
20220816001730
20220816001738
20220816001742
20220816001747
20220816001752
20220816001754
20220816001762
20220816001763
20220816001765
20220816001766
20220816001775
20220816001788
20220816001811
20220816001827
20220816001864
20220816001871
20220816001875
20220816001884
20220816001890
20220816001892
20220816001896
20220816001903
20220816001925
20220816001930
20220816001936
20220816001949
20220816001954
20220816001960
20220816001972
20220816001975
20220816001978
20220816001980
20220816001985
20220816002005
20220816002006
20220816002023
20220816002028
20220816002029
20220816002033
20220816002034
20220816002037
20220816002039
20220816002062
20220816002072
20220816002074
20220816002077
20220816002083
20220816002089
20220816002106
20220816002108
20220816002125
20220816002126
20220816002132
20220816002133
20220816002138
20220816002139
20220816002164
20220816002165
20220816002173
20220816002177
20220816002185
20220816002190
20220816002192
20220816002199
20220816002201
20220816002211
20220816002223
20220816002235
20220816002250
20220816002256
20220816002257
20220816002259
20220816002266
20220816002267
20220816002276
20220816002279
20220816002288
20220816002291
20220816002295
20220816002306
20220816002321
20220816002331
20220816002337
20220816002346
20220816002350
20220816002371
20220816002372
20220816002375
20220816002386
20220816002393
20220816002406
20220816002430
20220816002435
20220816002441
20220816002445
20220816002446
20220816002458
20220816002459
20220816002466
20220816002476
20220816002490
20220816002493
20220816002499
20220816002512
20220816002525
20220816002530
20220816002532
20220816002557
20220816002558
20220816002569
20220816002571
20220816002574
20220816002575
20220816002579
20220816002581
20220816002583
20220816002585
20220816002586
20220816002604
20220816002615
20220816002640
20220816002650
20220817000242
20220818000127
20220818000129
20220818000259
20220818000272
20220818000276
20220818000279
20220818000324
20220819000116
20220819000309
20220823000294
20220826000175
20220826000456
20220826000550
20220826000592
20220826000621
20220829000151
20220829000364
20220831001567
20220901000229
20220905000248
20220913000196
20220930000713
20221011000038
20221011000048
20221027000441
20221104000097
20221107000016
20221108000001
20221108000010
20221108000014
20221108000015
20221108000121
20221109000079
20221110000013
20221110000023
20221110000055
20221110000069
20221110000072
20221110000123
20221110000240
20221110000336
20221110000369
20221110000406
20221110000416
20221110000477
20221110000569
20221110000591
20221111000013
20221111000037
20221111000122
20221111000128
20221111000137
20221111000161
20221111000196
20221111000233
20221111000238
20221111000242
20221111000249
20221111000254
20221111000268
20221111000274
20221111000294
20221111000320
20221111000322
20221111000324
20221111000332
20221111000346
20221111000362
20221111000363
20221111000368
20221111000391
20221111000394
20221111000471
20221111000503
20221111000510
20221111000531
20221111000536
20221111000539
20221111000540
20221111000550
20221111000592
20221111000596
20221111000599
20221111000627
20221111000631
20221111000635
20221111000636
20221111000638
20221111000662
20221111000668
20221111000670
20221111000675
20221111000687
20221111000690
20221111000698
20221111000701
20221111000708
20221111000712
20221111000719
20221111000720
20221111000723
20221111000739
20221111000743
20221111000759
20221111000771
20221111000783
20221111000784
20221111000797
20221111000801
20221111000803
20221111000808
20221111000811
20221111000815
20221111000816
20221111000833
20221111000843
20221111000854
20221111000861
20221111000866
20221111000872
20221111000882
20221111000887
20221111000901
20221111000906
20221111000909
20221111000910
20221111000927
20221111000932
20221111000936
20221111000942
20221111000962
20221111000977
20221111000986
20221111001005
20221111001013
20221111001023
20221111001024
20221111001027
20221111001033
20221111001034
20221111001037
20221111001039
20221111001043
20221111001057
20221111001065
20221114000011
20221114000015
20221114000018
20221114000021
20221114000027
20221114000039
20221114000046
20221114000060
20221114000082
20221114000089
20221114000097
20221114000112
20221114000117
20221114000122
20221114000124
20221114000146
20221114000150
20221114000151
20221114000154
20221114000164
20221114000167
20221114000181
20221114000185
20221114000186
20221114000188
20221114000218
20221114000239
20221114000247
20221114000255
20221114000262
20221114000264
20221114000270
20221114000283
20221114000292
20221114000294
20221114000296
20221114000309
20221114000312
20221114000320
20221114000327
20221114000332
20221114000348
20221114000349
20221114000356
20221114000362
20221114000372
20221114000374
20221114000377
20221114000389
20221114000401
20221114000407
20221114000410
20221114000421
20221114000430
20221114000434
20221114000436
20221114000438
20221114000442
20221114000454
20221114000463
20221114000470
20221114000471
20221114000477
20221114000507
20221114000516
20221114000521
20221114000527
20221114000530
20221114000539
20221114000546
20221114000552
20221114000555
20221114000565
20221114000587
20221114000588
20221114000602
20221114000607
20221114000618
20221114000643
20221114000645
20221114000660
20221114000663
20221114000681
20221114000693
20221114000697
20221114000699
20221114000701
20221114000724
20221114000725
20221114000726
20221114000729
20221114000739
20221114000748
20221114000751
20221114000754
20221114000759
20221114000760
20221114000764
20221114000768
20221114000774
20221114000775
20221114000779
20221114000787
20221114000797
20221114000801
20221114000809
20221114000821
20221114000823
20221114000824
20221114000831
20221114000834
20221114000840
20221114000849
20221114000856
20221114000860
20221114000868
20221114000878
20221114000894
20221114000907
20221114000909
20221114000915
20221114000919
20221114000927
20221114000931
20221114000933
20221114000934
20221114000935
20221114000938
20221114000956
20221114000965
20221114000971
20221114000973
20221114000974
20221114000975
20221114000976
20221114000980
20221114000983
20221114000988
20221114000994
20221114001010
20221114001024
20221114001025
20221114001027
20221114001032
20221114001039
20221114001040
20221114001041
20221114001045
20221114001047
20221114001048
20221114001053
20221114001069
20221114001075
20221114001079
20221114001080
20221114001083
20221114001087
20221114001089
20221114001091
20221114001095
20221114001102
20221114001108
20221114001118
20221114001119
20221114001125
20221114001126
20221114001129
20221114001132
20221114001141
20221114001142
20221114001151
20221114001154
20221114001161
20221114001167
20221114001169
20221114001194
20221114001204
20221114001206
20221114001210
20221114001212
20221114001213
20221114001215
20221114001221
20221114001222
20221114001223
20221114001226
20221114001227
20221114001234
20221114001235
20221114001237
20221114001251
20221114001254
20221114001259
20221114001261
20221114001269
20221114001273
20221114001279
20221114001285
20221114001291
20221114001292
20221114001293
20221114001297
20221114001298
20221114001322
20221114001328
20221114001334
20221114001344
20221114001348
20221114001351
20221114001354
20221114001355
20221114001361
20221114001363
20221114001372
20221114001373
20221114001377
20221114001378
20221114001381
20221114001385
20221114001386
20221114001389
20221114001393
20221114001405
20221114001413
20221114001430
20221114001434
20221114001435
20221114001446
20221114001451
20221114001452
20221114001463
20221114001470
20221114001474
20221114001486
20221114001489
20221114001502
20221114001503
20221114001508
20221114001509
20221114001511
20221114001517
20221114001519
20221114001520
20221114001527
20221114001543
20221114001544
20221114001548
20221114001557
20221114001559
20221114001562
20221114001564
20221114001568
20221114001580
20221114001585
20221114001587
20221114001593
20221114001594
20221114001595
20221114001597
20221114001604
20221114001610
20221114001614
20221114001625
20221114001630
20221114001631
20221114001638
20221114001640
20221114001649
20221114001660
20221114001669
20221114001670
20221114001675
20221114001687
20221114001695
20221114001696
20221114001697
20221114001708
20221114001738
20221114001739
20221114001749
20221114001751
20221114001758
20221114001761
20221114001763
20221114001766
20221114001769
20221114001774
20221114001777
20221114001784
20221114001786
20221114001794
20221114001799
20221114001802
20221114001805
20221114001810
20221114001813
20221114001822
20221114001831
20221114001836
20221114001837
20221114001840
20221114001849
20221114001858
20221114001860
20221114001865
20221114001872
20221114001876
20221114001878
20221114001885
20221114001887
20221114001898
20221114001906
20221114001923
20221114001925
20221114001933
20221114001939
20221114001947
20221114001957
20221114001960
20221114001964
20221114001965
20221114001969
20221114001977
20221114001982
20221114001984
20221114001989
20221114001997
20221114001998
20221114002003
20221114002006
20221114002014
20221114002021
20221114002025
20221114002027
20221114002032
20221114002040
20221114002041
20221114002042
20221114002053
20221114002059
20221114002065
20221114002072
20221114002095
20221114002096
20221114002102
20221114002104
20221114002108
20221114002114
20221114002116
20221114002122
20221114002124
20221114002125
20221114002128
20221114002132
20221114002136
20221114002137
20221114002143
20221114002154
20221114002158
20221114002160
20221114002161
20221114002168
20221114002169
20221114002174
20221114002183
20221114002192
20221114002193
20221114002199
20221114002200
20221114002208
20221114002210
20221114002212
20221114002223
20221114002234
20221114002252
20221114002259
20221114002263
20221114002272
20221114002274
20221114002280
20221114002290
20221114002301
20221114002303
20221114002306
20221114002309
20221114002320
20221114002324
20221114002332
20221114002351
20221114002362
20221114002363
20221114002375
20221114002380
20221114002391
20221114002392
20221114002394
20221114002397
20221114002404
20221114002407
20221114002410
20221114002423
20221114002431
20221114002435
20221114002444
20221114002447
20221114002454
20221114002455
20221114002461
20221114002463
20221114002467
20221114002469
20221114002490
20221114002497
20221114002499
20221114002500
20221114002501
20221114002503
20221114002504
20221114002511
20221114002524
20221114002533
20221114002548
20221114002563
20221114002568
20221114002571
20221114002572
20221114002574
20221114002577
20221114002582
20221114002590
20221114002591
20221114002601
20221114002611
20221114002615
20221114002619
20221114002623
20221114002638
20221114002648
20221114002654
20221114002669
20221114002671
20221114002674
20221114002676
20221114002677
20221114002684
20221114002689
20221114002690
20221114002692
20221114002705
20221114002712
20221114002715
20221114002738
20221114002740
20221114002745
20221114002749
20221114002770
20221114002773
20221114002774
20221114002775
20221114002794
20221114002796
20221114002798
20221114002810
20221115000005
20221115000147
20221115000207
20221115000217
20221115000242
20221115000249
20221115000273
20221115000299
20221116000024
20221116000034
20221116000069
20221116000230
20221118000420
20221118000553
20221125000423
20221125000445
20221125000662
20221125000674
20221129000644
20221129000654
20221129000914
20221129001078
20221129001148
20221129001571
20221130001600
20221130001938
20221206000149
20221206000152
20221208000449
20221209000612
20221209000722
20221215000248
20221220000452
20230118000036
20230118000042
20230118000048
20230118000049
20230118000053
20230118000058
20230118000070
20230118000073
20230118000430
20230207000153
20230209000202
20230213000806
20230213000842
20230214000252
20230214000585
20230214001287
20230214001381
20230321001059
20230323000925
20230502000930
20230503000062
20230504000817
20230508000323
20230510000091
20230510000127
20230510000172
20230510000191
20230510000263
20230510000320
20230511000027
20230511000201
20230511000754
20230512000035
20230512000095
20230512000138
20230512000139
20230512000168
20230512000226
20230512000314
20230512000379
20230512000382
20230512000441
20230512000548
20230512000575
20230512000577
20230512000592
20230512000604
20230512000618
20230512000655
20230512000710
20230512000738
20230512000750
20230512000779
20230512000781
20230512000796
20230512000802
20230512000805
20230512000828
20230512000830
20230512000874
20230512000883
20230512000886
20230512000894
20230512000905
20230512000917
20230512000925
20230512000933
20230512000937
20230512000957
20230512000974
20230512000982
20230512000996
20230512001038
20230512001039
20230512001040
20230512001050
20230512001060
20230512001079
20230512001099
20230512001192
20230512001195
20230512001197
20230512001204
20230512001222
20230512001237
20230512001254
20230512001258
20230512001263
20230512001284
20230512001286
20230512001291
20230512001303
20230512001304
20230512001326
20230512001337
20230512001338
20230512001357
20230512001358
20230512001370
20230512001376
20230512001383
20230512001415
20230512001428
20230512001434
20230512001436
20230512001441
20230515000002
20230515000009
20230515000086
20230515000087
20230515000099
20230515000106
20230515000123
20230515000160
20230515000208
20230515000226
20230515000237
20230515000286
20230515000288
20230515000292
20230515000302
20230515000303
20230515000307
20230515000327
20230515000336
20230515000340
20230515000378
20230515000383
20230515000413
20230515000416
20230515000417
20230515000426
20230515000436
20230515000443
20230515000446
20230515000452
20230515000454
20230515000464
20230515000473
20230515000475
20230515000498
20230515000505
20230515000514
20230515000535
20230515000540
20230515000541
20230515000556
20230515000578
20230515000587
20230515000591
20230515000608
20230515000627
20230515000635
20230515000639
20230515000647
20230515000670
20230515000679
20230515000690
20230515000699
20230515000705
20230515000727
20230515000756
20230515000757
20230515000766
20230515000769
20230515000783
20230515000784
20230515000787
20230515000809
20230515000821
20230515000824
20230515000838
20230515000847
20230515000880
20230515000881
20230515000888
20230515000890
20230515000896
20230515000904
20230515000909
20230515000914
20230515000919
20230515000921
20230515000937
20230515000953
20230515000978
20230515000989
20230515000992
20230515001004
20230515001005
20230515001017
20230515001019
20230515001022
20230515001040
20230515001042
20230515001048
20230515001054
20230515001057
20230515001085
20230515001100
20230515001104
20230515001129
20230515001133
20230515001139
20230515001179
20230515001193
20230515001210
20230515001226
20230515001229
20230515001233
20230515001237
20230515001242
20230515001255
20230515001279
20230515001295
20230515001300
20230515001305
20230515001312
20230515001318
20230515001337
20230515001344
20230515001370
20230515001372
20230515001383
20230515001395
20230515001398
20230515001405
20230515001409
20230515001412
20230515001414
20230515001418
20230515001420
20230515001425
20230515001446
20230515001449
20230515001473
20230515001484
20230515001490
20230515001519
20230515001522
20230515001524
20230515001525
20230515001534
20230515001562
20230515001565
20230515001570
20230515001581
20230515001595
20230515001602
20230515001626
20230515001631
20230515001638
20230515001641
20230515001644
20230515001668
20230515001671
20230515001676
20230515001683
20230515001702
20230515001705
20230515001706
20230515001709
20230515001710
20230515001717
20230515001724
20230515001739
20230515001741
20230515001743
20230515001748
20230515001750
20230515001759
20230515001770
20230515001771
20230515001773
20230515001774
20230515001776
20230515001782
20230515001785
20230515001787
20230515001794
20230515001813
20230515001818
20230515001823
20230515001841
20230515001842
20230515001843
20230515001852
20230515001853
20230515001870
20230515001874
20230515001876
20230515001880
20230515001889
20230515001890
20230515001896
20230515001899
20230515001900
20230515001901
20230515001913
20230515001945
20230515001961
20230515001978
20230515001982
20230515001986
20230515002001
20230515002022
20230515002023
20230515002029
20230515002032
20230515002036
20230515002039
20230515002043
20230515002047
20230515002055
20230515002058
20230515002063
20230515002065
20230515002075
20230515002077
20230515002085
20230515002091
20230515002096
20230515002104
20230515002105
20230515002106
20230515002111
20230515002122
20230515002123
20230515002129
20230515002148
20230515002151
20230515002158
20230515002189
20230515002194
20230515002206
20230515002241
20230515002250
20230515002252
20230515002258
20230515002267
20230515002281
20230515002283
20230515002287
20230515002301
20230515002303
20230515002310
20230515002319
20230515002347
20230515002353
20230515002375
20230515002384
20230515002413
20230515002414
20230515002432
20230515002433
20230515002434
20230515002437
20230515002443
20230515002449
20230515002475
20230515002478
20230515002483
20230515002487
20230515002488
20230515002509
20230515002520
20230515002523
20230515002525
20230515002530
20230515002532
20230515002537
20230515002538
20230515002540
20230515002553
20230515002563
20230515002566
20230515002568
20230515002569
20230515002575
20230515002580
20230515002583
20230515002588
20230515002614
20230515002640
20230515002644
20230515002648
20230515002650
20230515002658
20230515002668
20230515002681
20230515002684
20230515002690
20230515002694
20230515002699
20230515002703
20230515002711
20230515002715
20230515002718
20230515002719
20230515002726
20230515002730
20230515002732
20230515002735
20230515002758
20230515002762
20230515002771
20230515002775
20230515002776
20230515002785
20230515002792
20230515002798
20230515002800
20230515002803
20230515002807
20230515002810
20230515002813
20230515002819
20230515002852
20230515002867
20230515002868
20230515002876
20230515002890
20230515002902
20230515002906
20230515002929
20230515002944
20230515002957
20230516000003
20230516000004
20230516000296
20230518000337
20230519000027
20230522000222
20230522000371
20230523000259
20230526000581
20230621000105
20230717000235
20230808000120
20230809000193
20230810000248
20230810000283
20230810000390
20230810000582
20230810001006
20230811000044
20230811000358
20230811000403
20230811000485
20230811000512
20230811000622
20230811000682
20230811000715
20230811000875
20230811000909
20230811000928
20230811000996
20230811001040
20230811001071
20230811001094
20230811001098
20230811001100
20230811001116
20230811001128
20230811001139
20230811001166
20230811001217
20230811001227
20230811001241
20230811001283
20230811001378
20230811001395
20230811001403
20230811001428
20230811001435
20230811001442
20230811001447
20230811001460
20230811001471
20230811001472
20230811001476
20230811001482
20230811001486
20230811001492
20230811001541
20230811001547
20230811001560
20230811001580
20230811001586
20230811001591
20230811001599
20230811001617
20230811001638
20230811001653
20230811001666
20230811001681
20230811001682
20230811001688
20230811001693
20230811001697
20230811001713
20230811001726
20230811001733
20230811001734
20230811001746
20230811001749
20230811001783
20230811001786
20230811001788
20230811001794
20230811001800
20230811001801
20230811001813
20230811001822
20230811001829
20230811001846
20230811001853
20230811001876
20230811001878
20230811001882
20230811001887
20230811001890
20230811001899
20230811001930
20230811001951
20230811001964
20230811001977
20230811001979
20230811001981
20230811001987
20230811001992
20230811001998
20230811002010
20230811002015
20230811002045
20230811002091
20230811002096
20230811002104
20230811002113
20230811002121
20230811002126
20230811002147
20230811002201
20230811002224
20230811002232
20230811002235
20230811002242
20230811002255
20230811002267
20230811002272
20230811002301
20230811002310
20230811002332
20230811002338
20230811002339
20230811002340
20230811002346
20230811002379
20230811002399
20230811002404
20230811002409
20230811002434
20230811002452
20230811002455
20230811002457
20230811002473
20230811002481
20230811002489
20230811002503
20230811002512
20230811002516
20230811002524
20230811002533
20230811002543
20230811002546
20230811002553
20230811002555
20230811002574
20230811002582
20230811002592
20230811002597
20230811002609
20230811002617
20230811002622
20230811002623
20230811002639
20230814000054
20230814000076
20230814000089
20230814000123
20230814000127
20230814000175
20230814000255
20230814000261
20230814000277
20230814000330
20230814000356
20230814000380
20230814000389
20230814000397
20230814000443
20230814000447
20230814000463
20230814000486
20230814000504
20230814000513
20230814000518
20230814000522
20230814000527
20230814000534
20230814000536
20230814000542
20230814000545
20230814000558
20230814000559
20230814000563
20230814000581
20230814000582
20230814000589
20230814000594
20230814000601
20230814000615
20230814000616
20230814000629
20230814000653
20230814000656
20230814000677
20230814000694
20230814000720
20230814000786
20230814000788
20230814000795
20230814000798
20230814000800
20230814000812
20230814000813
20230814000830
20230814000834
20230814000836
20230814000849
20230814000886
20230814000890
20230814000906
20230814000933
20230814000946
20230814000966
20230814000975
20230814001001
20230814001016
20230814001042
20230814001049
20230814001076
20230814001096
20230814001108
20230814001112
20230814001143
20230814001144
20230814001184
20230814001201
20230814001251
20230814001257
20230814001267
20230814001281
20230814001285
20230814001296
20230814001306
20230814001308
20230814001311
20230814001312
20230814001317
20230814001333
20230814001336
20230814001348
20230814001355
20230814001363
20230814001364
20230814001371
20230814001378
20230814001400
20230814001402
20230814001416
20230814001425
20230814001426
20230814001440
20230814001449
20230814001466
20230814001469
20230814001471
20230814001475
20230814001476
20230814001501
20230814001516
20230814001518
20230814001523
20230814001524
20230814001526
20230814001531
20230814001539
20230814001544
20230814001547
20230814001550
20230814001552
20230814001553
20230814001556
20230814001558
20230814001562
20230814001579
20230814001584
20230814001587
20230814001591
20230814001592
20230814001595
20230814001598
20230814001614
20230814001615
20230814001617
20230814001620
20230814001632
20230814001642
20230814001645
20230814001655
20230814001663
20230814001665
20230814001681
20230814001694
20230814001697
20230814001699
20230814001700
20230814001705
20230814001718
20230814001722
20230814001727
20230814001737
20230814001754
20230814001766
20230814001767
20230814001768
20230814001770
20230814001772
20230814001780
20230814001783
20230814001800
20230814001802
20230814001809
20230814001811
20230814001827
20230814001829
20230814001851
20230814001852
20230814001855
20230814001862
20230814001878
20230814001887
20230814001889
20230814001890
20230814001892
20230814001896
20230814001899
20230814001905
20230814001913
20230814001914
20230814001922
20230814001930
20230814001931
20230814001937
20230814001938
20230814001941
20230814001942
20230814001947
20230814001952
20230814001956
20230814001962
20230814001987
20230814001996
20230814002007
20230814002012
20230814002014
20230814002022
20230814002023
20230814002025
20230814002027
20230814002029
20230814002041
20230814002042
20230814002048
20230814002049
20230814002054
20230814002071
20230814002081
20230814002086
20230814002099
20230814002102
20230814002108
20230814002119
20230814002129
20230814002130
20230814002135
20230814002136
20230814002141
20230814002146
20230814002148
20230814002150
20230814002153
20230814002160
20230814002173
20230814002185
20230814002195
20230814002197
20230814002199
20230814002208
20230814002222
20230814002238
20230814002243
20230814002244
20230814002251
20230814002252
20230814002269
20230814002273
20230814002285
20230814002290
20230814002298
20230814002320
20230814002326
20230814002335
20230814002348
20230814002349
20230814002356
20230814002357
20230814002365
20230814002369
20230814002373
20230814002375
20230814002386
20230814002387
20230814002390
20230814002395
20230814002416
20230814002419
20230814002430
20230814002442
20230814002444
20230814002452
20230814002464
20230814002469
20230814002480
20230814002484
20230814002493
20230814002512
20230814002524
20230814002529
20230814002547
20230814002549
20230814002550
20230814002554
20230814002566
20230814002583
20230814002586
20230814002589
20230814002604
20230814002613
20230814002616
20230814002628
20230814002629
20230814002630
20230814002640
20230814002644
20230814002648
20230814002659
20230814002670
20230814002675
20230814002688
20230814002690
20230814002705
20230814002709
20230814002710
20230814002711
20230814002731
20230814002732
20230814002760
20230814002768
20230814002772
20230814002773
20230814002777
20230814002778
20230814002784
20230814002803
20230814002808
20230814002809
20230814002818
20230814002824
20230814002836
20230814002841
20230814002845
20230814002846
20230814002853
20230814002855
20230814002858
20230814002886
20230814002895
20230814002901
20230814002907
20230814002913
20230814002944
20230814002946
20230814002949
20230814002950
20230814002953
20230814002956
20230814002965
20230814002979
20230814002981
20230814002987
20230814002991
20230814002998
20230814003012
20230814003018
20230814003023
20230814003024
20230814003046
20230814003049
20230814003076
20230814003079
20230814003091
20230814003096
20230814003107
20230814003111
20230814003116
20230814003123
20230814003132
20230814003137
20230814003141
20230814003143
20230814003146
20230814003149
20230814003152
20230814003155
20230814003177
20230814003183
20230814003197
20230816000241
20230816000260
20230817000336
20230817000337
20230818000178
20230818000261
20230822000002
20230825000443
20230828000242
20230828000433
20230828000589
20230829000072
20230829000621
20230829000826
20230922000499
20230925000527
20230926000402
20230926000523
20230926000613
20230926000624
20230927000457
20230927000608
20230927000772
20231025000092
20231103000174
20231103000262
20231106000062
20231106000296
20231107000159
20231108000125
20231108000141
20231108000221
20231108000231
20231108000479
20231109000104
20231109000149
20231109000308
20231109000309
20231109000315
20231109000326
20231109000346
20231109000510
20231110000052
20231110000086
20231110000098
20231110000230
20231110000252
20231110000256
20231110000352
20231110000365
20231110000410
20231110000440
20231110000455
20231110000485
20231110000497
20231110000507
20231110000609
20231110000614
20231110000655
20231110000683
20231110000691
20231110000693
20231110000706
20231113000047
20231113000077
20231113000088
20231113000089
20231113000124
20231113000156
20231113000157
20231113000161
20231113000178
20231113000199
20231113000203
20231113000212
20231113000243
20231113000280
20231113000281
20231113000294
20231113000310
20231113000334
20231113000336
20231113000346
20231113000371
20231113000372
20231113000377
20231113000379
20231113000384
20231113000389
20231113000395
20231113000398
20231113000408
20231113000420
20231113000431
20231113000438
20231113000441
20231113000444
20231113000457
20231113000458
20231113000469
20231113000473
20231113000475
20231113000483
20231113000487
20231113000506
20231113000508
20231113000515
20231113000543
20231113000570
20231113000571
20231113000584
20231113000590
20231113000618
20231113000626
20231113000642
20231113000644
20231113000648
20231113000651
20231113000664
20231113000683
20231113000699
20231113000702
20231113000705
20231113000716
20231113000733
20231113000750
20231113000752
20231113000763
20231113000764
20231113000765
20231114000007
20231114000023
20231114000037
20231114000040
20231114000051
20231114000063
20231114000072
20231114000076
20231114000089
20231114000097
20231114000128
20231114000156
20231114000158
20231114000165
20231114000188
20231114000192
20231114000195
20231114000196
20231114000200
20231114000209
20231114000241
20231114000244
20231114000256
20231114000258
20231114000277
20231114000283
20231114000292
20231114000306
20231114000314
20231114000318
20231114000320
20231114000332
20231114000337
20231114000342
20231114000345
20231114000347
20231114000350
20231114000354
20231114000355
20231114000360
20231114000367
20231114000381
20231114000382
20231114000393
20231114000401
20231114000404
20231114000405
20231114000407
20231114000415
20231114000448
20231114000455
20231114000466
20231114000468
20231114000482
20231114000492
20231114000496
20231114000505
20231114000525
20231114000529
20231114000534
20231114000548
20231114000549
20231114000556
20231114000565
20231114000576
20231114000580
20231114000594
20231114000598
20231114000603
20231114000612
20231114000613
20231114000627
20231114000630
20231114000639
20231114000656
20231114000668
20231114000674
20231114000680
20231114000686
20231114000693
20231114000714
20231114000715
20231114000722
20231114000738
20231114000741
20231114000747
20231114000757
20231114000795
20231114000799
20231114000807
20231114000821
20231114000822
20231114000829
20231114000837
20231114000841
20231114000847
20231114000851
20231114000854
20231114000867
20231114000876
20231114000877
20231114000878
20231114000896
20231114000898
20231114000904
20231114000911
20231114000946
20231114000947
20231114000949
20231114000958
20231114000959
20231114000967
20231114000968
20231114000971
20231114000994
20231114000999
20231114001012
20231114001018
20231114001030
20231114001046
20231114001051
20231114001052
20231114001059
20231114001064
20231114001071
20231114001072
20231114001077
20231114001079
20231114001095
20231114001101
20231114001110
20231114001111
20231114001114
20231114001116
20231114001121
20231114001122
20231114001123
20231114001124
20231114001129
20231114001131
20231114001135
20231114001137
20231114001142
20231114001149
20231114001166
20231114001169
20231114001170
20231114001172
20231114001174
20231114001177
20231114001182
20231114001184
20231114001189
20231114001198
20231114001199
20231114001209
20231114001218
20231114001219
20231114001226
20231114001227
20231114001228
20231114001236
20231114001252
20231114001259
20231114001268
20231114001270
20231114001271
20231114001279
20231114001282
20231114001288
20231114001292
20231114001300
20231114001312
20231114001316
20231114001319
20231114001323
20231114001327
20231114001341
20231114001344
20231114001356
20231114001360
20231114001368
20231114001369
20231114001372
20231114001383
20231114001384
20231114001385
20231114001398
20231114001403
20231114001409
20231114001413
20231114001419
20231114001422
20231114001426
20231114001431
20231114001433
20231114001434
20231114001442
20231114001444
20231114001445
20231114001450
20231114001454
20231114001456
20231114001459
20231114001460
20231114001463
20231114001469
20231114001475
20231114001483
20231114001493
20231114001512
20231114001513
20231114001515
20231114001516
20231114001529
20231114001530
20231114001533
20231114001534
20231114001538
20231114001543
20231114001553
20231114001560
20231114001566
20231114001570
20231114001572
20231114001573
20231114001583
20231114001593
20231114001594
20231114001599
20231114001600
20231114001602
20231114001605
20231114001610
20231114001622
20231114001623
20231114001630
20231114001632
20231114001633
20231114001644
20231114001651
20231114001654
20231114001668
20231114001669
20231114001670
20231114001674
20231114001676
20231114001680
20231114001682
20231114001695
20231114001697
20231114001710
20231114001714
20231114001716
20231114001719
20231114001734
20231114001735
20231114001750
20231114001751
20231114001754
20231114001758
20231114001759
20231114001771
20231114001774
20231114001782
20231114001786
20231114001787
20231114001790
20231114001797
20231114001802
20231114001803
20231114001811
20231114001815
20231114001818
20231114001820
20231114001823
20231114001824
20231114001833
20231114001834
20231114001835
20231114001848
20231114001881
20231114001890
20231114001902
20231114001906
20231114001911
20231114001913
20231114001917
20231114001918
20231114001920
20231114001924
20231114001925
20231114001942
20231114001955
20231114001970
20231114001971
20231114001977
20231114001981
20231114001984
20231114001994
20231114002000
20231114002002
20231114002003
20231114002008
20231114002027
20231114002029
20231114002030
20231114002036
20231114002046
20231114002070
20231114002076
20231114002077
20231114002081
20231114002082
20231114002087
20231114002088
20231114002094
20231114002095
20231114002100
20231114002105
20231114002106
20231114002121
20231114002125
20231114002131
20231114002133
20231114002148
20231114002152
20231114002153
20231114002154
20231114002155
20231114002158
20231114002159
20231114002160
20231114002171
20231114002172
20231114002174
20231114002181
20231114002198
20231114002199
20231114002201
20231114002209
20231114002213
20231114002221
20231114002224
20231114002226
20231114002233
20231114002234
20231114002236
20231114002239
20231114002255
20231114002258
20231114002261
20231114002262
20231114002263
20231114002280
20231114002284
20231114002292
20231114002294
20231114002303
20231114002311
20231114002316
20231114002321
20231114002322
20231114002324
20231114002327
20231114002331
20231114002343
20231114002345
20231114002351
20231114002355
20231114002357
20231114002364
20231114002365
20231114002368
20231114002369
20231114002372
20231114002377
20231114002380
20231114002383
20231114002384
20231114002399
20231114002405
20231114002410
20231114002411
20231114002426
20231114002430
20231114002434
20231114002444
20231114002450
20231114002461
20231114002467
20231114002469
20231114002473
20231114002476
20231114002477
20231114002484
20231114002487
20231114002496
20231114002497
20231114002498
20231114002506
20231114002508
20231114002512
20231114002514
20231114002523
20231114002527
20231114002534
20231114002538
20231114002539
20231114002548
20231114002549
20231114002552
20231114002553
20231114002556
20231114002570
20231114002571
20231114002573
20231114002575
20231114002577
20231114002582
20231114002587
20231114002588
20231114002595
20231114002602
20231114002608
20231114002609
20231114002623
20231114002637
20231114002646
20231114002648
20231114002661
20231114002663
20231114002676
20231114002680
20231114002683
20231114002690
20231114002705
20231114002709
20231114002717
20231114002721
20231114002724
20231114002735
20231114002747
20231114002749
20231114002751
20231114002756
20231114002763
20231114002768
20231114002773
20231114002775
20231114002778
20231114002784
20231114002793
20231114002801
20231114002803
20231114002806
20231114002810
20231114002819
20231114002832
20231114002841
20231114002849
20231114002856
20231114002863
20231114002867
20231114002871
20231114002891
20231114002895
20231114002900
20231114002908
20231114002910
20231114002914
20231114002921
20231114002932
20231114002941
20231114002953
20231114002958
20231114002965
20231114002968
20231114002976
20231114002987
20231114002994
20231114003000
20231114003001
20231114003007
20231114003011
20231114003012
20231114003018
20231114003037
20231114003038
20231114003039
20231114003042
20231114003044
20231114003049
20231115000117
20231115000128
20231115000209
20231115000299
20231115000336
20231115000343
20231115000353
20231115000372
20231116000433
20231117000106
20231117000200
20231120000709
20231120000729
20231120000784
20231121000082
20231122000019
20231123000123
20231123000133
20231124000348
20231124000351
20231124000366
20231124000523
20231124000587
20231127000067
20231127000076
20231127000144
20231127000390
20231128000139
20231128000871
20231128000891
20231129000884
20231129001032
20231129001112
20231129001150
20231129001239
20231129001371
20231130000895
20231130001345
20231130001684
20231130001847
20231213000528
20231215000345
20231228000569
20231228000594
20231229000241
20231229000358
20240208000561
20240213000740
20240214001764
20240214001925
20240214002435
20240220001904
20240221002000
20240221002032
20240229001738
20240312000530
20240319000771
20240320001871
20240412003410
20240412003419
20240430000581
20240502000623
20240503000402
20240509000290
20240510000334
20240510000349
20240510000605
20240510000718
20240510000794
20240510000815
20240510000837
20240510001030
20240513000007
20240513000014
20240513000054
20240513000170
20240513000236
20240513000344
20240513000366
20240513000443
20240513000658
20240513000669
20240513000677
20240513000688
20240513000708
20240513000760
20240513000808
20240513000854
20240513000855
20240513000870
20240513000892
20240513000898
20240514000048
20240514000084
20240514000145
20240514000156
20240514000181
20240514000196
20240514000245
20240514000260
20240514000263
20240514000274
20240514000365
20240514000377
20240514000380
20240514000387
20240514000424
20240514000428
20240514000436
20240514000440
20240514000442
20240514000447
20240514000457
20240514000460
20240514000467
20240514000469
20240514000478
20240514000511
20240514000529
20240514000545
20240514000550
20240514000585
20240514000606
20240514000625
20240514000651
20240514000656
20240514000660
20240514000672
20240514000679
20240514000720
20240514000722
20240514000723
20240514000737
20240514000803
20240514000817
20240514000835
20240514000840
20240514000859
20240514000862
20240514000865
20240514000871
20240514000873
20240514000881
20240514000882
20240514000883
20240514000884
20240514000887
20240514000905
20240514000936
20240514000947
20240514000970
20240514000986
20240514000997
20240514001006
20240514001009
20240514001011
20240514001012
20240514001019
20240514001023
20240514001049
20240514001064
20240514001073
20240514001083
20240514001096
20240514001099
20240514001100
20240514001106
20240514001109
20240514001117
20240514001118
20240514001128
20240514001134
20240514001143
20240514001168
20240514001172
20240514001179
20240514001180
20240514001182
20240514001187
20240514001202
20240514001211
20240514001217
20240514001233
20240514001236
20240514001237
20240514001240
20240514001261
20240514001280
20240514001281
20240514001286
20240514001296
20240514001304
20240514001308
20240514001321
20240514001324
20240514001343
20240514001345
20240514001348
20240514001359
20240514001364
20240514001365
20240514001398
20240514001418
20240514001422
20240514001423
20240514001428
20240514001444
20240514001453
20240514001463
20240514001489
20240514001517
20240514001519
20240514001520
20240514001537
20240514001553
20240514001558
20240514001567
20240514001568
20240514001578
20240514001590
20240514001607
20240514001616
20240514001620
20240514001622
20240514001623
20240514001629
20240514001631
20240514001639
20240514001645
20240514001649
20240514001650
20240514001651
20240514001659
20240514001670
20240514001715
20240516000040
20240516000056
20240516000123
20240516000139
20240516000163
20240516000169
20240516000200
20240516000242
20240516000244
20240516000248
20240516000259
20240516000261
20240516000265
20240516000269
20240516000280
20240516000284
20240516000304
20240516000306
20240516000311
20240516000313
20240516000322
20240516000325
20240516000334
20240516000341
20240516000349
20240516000363
20240516000367
20240516000387
20240516000393
20240516000408
20240516000409
20240516000411
20240516000419
20240516000436
20240516000464
20240516000470
20240516000477
20240516000478
20240516000482
20240516000483
20240516000512
20240516000513
20240516000516
20240516000529
20240516000541
20240516000546
20240516000566
20240516000569
20240516000579
20240516000582
20240516000608
20240516000626
20240516000632
20240516000635
20240516000657
20240516000686
20240516000691
20240516000701
20240516000718
20240516000722
20240516000724
20240516000737
20240516000744
20240516000745
20240516000756
20240516000765
20240516000773
20240516000774
20240516000779
20240516000798
20240516000807
20240516000819
20240516000831
20240516000835
20240516000837
20240516000842
20240516000846
20240516000876
20240516000884
20240516000892
20240516000896
20240516000897
20240516000900
20240516000910
20240516000928
20240516000930
20240516000934
20240516000937
20240516000941
20240516000946
20240516000951
20240516000953
20240516000965
20240516000968
20240516000985
20240516000986
20240516000995
20240516001016
20240516001017
20240516001018
20240516001020
20240516001025
20240516001043
20240516001058
20240516001067
20240516001071
20240516001079
20240516001090
20240516001094
20240516001095
20240516001111
20240516001112
20240516001113
20240516001123
20240516001124
20240516001132
20240516001136
20240516001143
20240516001167
20240516001181
20240516001186
20240516001190
20240516001197
20240516001199
20240516001204
20240516001213
20240516001216
20240516001225
20240516001234
20240516001235
20240516001236
20240516001237
20240516001240
20240516001249
20240516001255
20240516001256
20240516001266
20240516001268
20240516001272
20240516001281
20240516001286
20240516001288
20240516001289
20240516001306
20240516001307
20240516001313
20240516001318
20240516001319
20240516001326
20240516001332
20240516001338
20240516001349
20240516001350
20240516001355
20240516001369
20240516001372
20240516001381
20240516001394
20240516001400
20240516001408
20240516001411
20240516001413
20240516001416
20240516001422
20240516001428
20240516001433
20240516001448
20240516001454
20240516001457
20240516001476
20240516001482
20240516001483
20240516001496
20240516001497
20240516001502
20240516001523
20240516001526
20240516001531
20240516001533
20240516001552
20240516001570
20240516001576
20240516001580
20240516001592
20240516001617
20240516001624
20240516001634
20240516001645
20240516001652
20240516001671
20240516001672
20240516001689
20240516001698
20240516001712
20240516001713
20240516001716
20240516001717
20240516001725
20240516001727
20240516001757
20240516001769
20240516001780
20240516001787
20240516001811
20240516001814
20240516001820
20240516001840
20240516001852
20240516001863
20240516001864
20240516001870
20240516001875
20240516001887
20240516001891
20240516001918
20240516001920
20240516001926
20240516001940
20240516001961
20240516001969
20240516001982
20240516001998
20240516002021
20240516002027
20240516002037
20240516002050
20240516002054
20240516002055
20240516002073
20240516002074
20240516002079
20240516002087
20240516002096
20240516002113
20240516002116
20240516002118
20240516002130
20240516002136
20240516002139
20240516002140
20240516002143
20240516002153
20240516002159
20240516002168
20240516002170
20240516002186
20240516002188
20240516002202
20240516002210
20240516002219
20240516002251
20240516002262
20240516002266
20240516002269
20240516002285
20240516002288
20240516002294
20240516002325
20240516002335
20240516002347
20240516002357
20240517000062
20240517000081
20240517000122
20240520000146
20240520000237
20240521000036
20240521000180
20240521000215
20240521000257
20240521000355
20240522000108
20240522000120
20240524000577
20240527000240
20240529000501
20240530001542
20240621000075
20240628000390
20240628000666
20240628000689
20240703000325
20240731000590
20240807000274
20240808000096
20240808000124
20240808000379
20240809000310
20240809000344
20240809000460
20240809000483
20240809000499
20240809000514
20240809000529
20240809000565
20240809000652
20240812000098
20240812000523
20240812000534
20240812000625
20240812000660
20240812000737
20240812000740
20240812000845
20240812000852
20240812000859
20240813000072
20240813000231
20240813000260
20240813000292
20240813000304
20240813000333
20240813000424
20240813000429
20240813000434
20240813000500
20240813000532
20240813000585
20240813000638
20240813000649
20240813000653
20240813000675
20240813000810
20240813000869
20240813000878
20240813000950
20240813000966
20240813001007
20240813001011
20240813001053
20240813001054
20240813001065
20240813001078
20240813001088
20240813001134
20240813001136
20240813001161
20240813001194
20240813001204
20240813001206
20240813001216
20240813001225
20240813001236
20240813001239
20240813001259
20240813001275
20240813001283
20240813001295
20240813001307
20240813001320
20240813001325
20240813001332
20240813001337
20240813001341
20240813001343
20240813001353
20240813001400
20240813001445
20240813001452
20240813001457
20240813001476
20240813001481
20240813001487
20240813001494
20240813001496
20240813001497
20240813001591
20240814000471
20240814000553
20240814000590
20240814000627
20240814000634
20240814000670
20240814000684
20240814000692
20240814000795
20240814000807
20240814000819
20240814000820
20240814000846
20240814000884
20240814000904
20240814000927
20240814000953
20240814000955
20240814000976
20240814000978
20240814000979
20240814000980
20240814001001
20240814001030
20240814001060
20240814001067
20240814001070
20240814001087
20240814001107
20240814001108
20240814001119
20240814001121
20240814001148
20240814001150
20240814001154
20240814001167
20240814001189
20240814001196
20240814001209
20240814001212
20240814001213
20240814001247
20240814001249
20240814001260
20240814001266
20240814001301
20240814001305
20240814001309
20240814001311
20240814001339
20240814001346
20240814001348
20240814001356
20240814001357
20240814001396
20240814001398
20240814001402
20240814001422
20240814001424
20240814001441
20240814001464
20240814001500
20240814001524
20240814001530
20240814001559
20240814001563
20240814001568
20240814001581
20240814001585
20240814001656
20240814001662
20240814001672
20240814001690
20240814001691
20240814001702
20240814001708
20240814001718
20240814001722
20240814001730
20240814001736
20240814001738
20240814001742
20240814001747
20240814001771
20240814001772
20240814001780
20240814001783
20240814001787
20240814001801
20240814001818
20240814001825
20240814001849
20240814001854
20240814001874
20240814001878
20240814001886
20240814001966
20240814002004
20240814002008
20240814002009
20240814002012
20240814002015
20240814002091
20240814002107
20240814002114
20240814002123
20240814002125
20240814002138
20240814002157
20240814002185
20240814002188
20240814002194
20240814002223
20240814002230
20240814002231
20240814002248
20240814002250
20240814002260
20240814002261
20240814002272
20240814002274
20240814002277
20240814002284
20240814002297
20240814002309
20240814002315
20240814002317
20240814002321
20240814002343
20240814002355
20240814002357
20240814002380
20240814002384
20240814002389
20240814002395
20240814002408
20240814002412
20240814002417
20240814002418
20240814002435
20240814002460
20240814002462
20240814002464
20240814002470
20240814002483
20240814002487
20240814002488
20240814002503
20240814002508
20240814002511
20240814002521
20240814002532
20240814002536
20240814002538
20240814002550
20240814002557
20240814002558
20240814002573
20240814002599
20240814002602
20240814002611
20240814002616
20240814002647
20240814002649
20240814002656
20240814002670
20240814002676
20240814002691
20240814002700
20240814002712
20240814002713
20240814002718
20240814002745
20240814002755
20240814002761
20240814002770
20240814002774
20240814002781
20240814002790
20240814002800
20240814002802
20240814002829
20240814002842
20240814002847
20240814002848
20240814002850
20240814002859
20240814002862
20240814002868
20240814002871
20240814002878
20240814002903
20240814002907
20240814002924
20240814002928
20240814002939
20240814002941
20240814002948
20240814002953
20240814002959
20240814002978
20240814002991
20240814002993
20240814003000
20240814003002
20240814003014
20240814003020
20240814003025
20240814003029
20240814003035
20240814003044
20240814003045
20240814003052
20240814003064
20240814003071
20240814003078
20240814003084
20240814003109
20240814003114
20240814003120
20240814003125
20240814003127
20240814003151
20240814003156
20240814003160
20240814003163
20240814003166
20240814003176
20240814003182
20240814003189
20240814003193
20240814003196
20240814003209
20240814003211
20240814003213
20240814003232
20240814003235
20240814003238
20240814003253
20240814003266
20240814003270
20240814003274
20240814003288
20240814003291
20240814003304
20240814003305
20240814003321
20240814003325
20240814003332
20240814003338
20240814003342
20240814003361
20240814003369
20240814003371
20240814003384
20240814003392
20240814003405
20240814003410
20240814003412
20240814003416
20240814003420
20240814003434
20240814003445
20240814003447
20240814003456
20240814003471
20240814003473
20240814003477
20240814003484
20240814003508
20240814003518
20240814003521
20240814003527
20240814003542
20240814003547
20240814003558
20240814003562
20240814003580
20240814003586
20240814003591
20240814003598
20240814003619
20240814003624
20240814003628
20240814003642
20240814003656
20240814003659
20240814003680
20240814003703
20240814003705
20240814003711
20240814003721
20240814003737
20240814003748
20240814003749
20240814003753
20240814003756
20240814003767
20240814003775
20240814003776
20240814003779
20240814003795
20240814003796
20240814003799
20240814003815
20240814003819
20240814003821
20240814003823
20240814003831
20240814003833
20240814003853
20240814003854
20240814003863
20240814003865
20240814003866
20240814003882
20240814003888
20240814003889
20240814003893
20240814003899
20240814003902
20240814003907
20240814003913
20240814003920
20240814003923
20240814003935
20240814003937
20240814003951
20240814003957
20240814003966
20240814003969
20240814003975
20240814003978
20240814003993
20240814004001
20240814004003
20240814004017
20240814004039
20240814004042
20240814004050
20240814004066
20240814004073
20240814004076
20240814004085
20240814004088
20240814004091
20240814004099
20240814004100
20240814004104
20240814004119
20240814004140
20240814004142
20240814004148
20240814004154
20240814004158
20240814004159
20240814004166
20240814004168
20240814004169
20240814004175
20240814004190
20240814004218
20240814004227
20240814004238
20240814004270
20240814004282
20240814004288
20240814004300
20240814004306
20240814004307
20240814004309
20240814004311
20240814004319
20240814004324
20240814004326
20240814004327
20240814004329
20240814004343
20240814004344
20240814004362
20240814004366
20240814004374
20240814004378
20240814004386
20240814004395
20240814004406
20240814004417
20240814004435
20240814004441
20240814004444
20240814004470
20240814004483
20240814004486
20240814004498
20240814004501
20240814004503
20240814004514
20240814004520
20240814004543
20240814004544
20240814004550
20240814004552
20240814004571
20240814004572
20240814004581
20240814004584
20240814004585
20240814004592
20240814004598
20240814004605
20240814004607
20240814004609
20240814004620
20240814004622
20240814004626
20240814004628
20240816000096
20240816000142
20240816000171
20240816000230
20240816000231
20240819000019
20240819000061
20240819000194
20240819000250
20240819000282
20240822000278
20240823000052
20240823000229
20240823000340
20240826000083
20240826000402
20240829000753
20240829001188
20240927000329
20240927000646
20240930000489
20241007000389
20241030000272
20241031000434
20241105000272
20241106000231
20241107000036
20241107000039
20241107000074
20241107000178
20241108000028
20241108000104
20241108000310
20241108000327
20241108000366
20241108000407
20241111000066
20241111000150
20241111000212
20241111000287
20241111000362
20241111000402
20241112000009
20241112000015
20241112000027
20241112000152
20241112000182
20241112000201
20241112000211
20241112000236
20241112000299
20241112000317
20241112000327
20241112000366
20241112000439
20241112000447
20241112000457
20241113000026
20241113000027
20241113000033
20241113000049
20241113000098
20241113000109
20241113000141
20241113000152
20241113000156
20241113000168
20241113000175
20241113000181
20241113000268
20241113000276
20241113000277
20241113000282
20241113000288
20241113000291
20241113000292
20241113000310
20241113000322
20241113000323
20241113000325
20241113000342
20241113000372
20241113000379
20241113000382
20241113000405
20241113000411
20241113000419
20241113000429
20241113000433
20241113000440
20241113000452
20241113000483
20241113000485
20241113000486
20241113000490
20241113000493
20241113000496
20241113000499
20241113000522
20241113000528
20241113000541
20241113000542
20241113000545
20241113000552
20241113000553
20241113000564
20241113000595
20241113000612
20241113000613
20241113000660
20241113000687
20241113000691
20241113000697
20241113000746
20241113000747
20241113000754
20241113000756
20241113000761
20241113000768
20241114000002
20241114000020
20241114000021
20241114000078
20241114000079
20241114000088
20241114000091
20241114000102
20241114000137
20241114000146
20241114000150
20241114000155
20241114000157
20241114000165
20241114000169
20241114000173
20241114000178
20241114000180
20241114000182
20241114000192
20241114000196
20241114000210
20241114000224
20241114000226
20241114000235
20241114000242
20241114000256
20241114000274
20241114000285
20241114000292
20241114000293
20241114000306
20241114000307
20241114000323
20241114000328
20241114000337
20241114000340
20241114000341
20241114000348
20241114000350
20241114000351
20241114000360
20241114000372
20241114000377
20241114000385
20241114000393
20241114000396
20241114000397
20241114000411
20241114000415
20241114000423
20241114000430
20241114000431
20241114000438
20241114000442
20241114000451
20241114000462
20241114000465
20241114000466
20241114000468
20241114000473
20241114000474
20241114000479
20241114000484
20241114000485
20241114000489
20241114000496
20241114000499
20241114000501
20241114000502
20241114000507
20241114000508
20241114000521
20241114000524
20241114000530
20241114000548
20241114000551
20241114000556
20241114000571
20241114000593
20241114000597
20241114000599
20241114000620
20241114000622
20241114000631
20241114000644
20241114000650
20241114000654
20241114000656
20241114000659
20241114000682
20241114000688
20241114000700
20241114000703
20241114000705
20241114000707
20241114000716
20241114000718
20241114000722
20241114000731
20241114000735
20241114000738
20241114000744
20241114000747
20241114000748
20241114000754
20241114000760
20241114000771
20241114000776
20241114000783
20241114000796
20241114000798
20241114000803
20241114000807
20241114000811
20241114000823
20241114000837
20241114000839
20241114000841
20241114000881
20241114000893
20241114000905
20241114000918
20241114000919
20241114000924
20241114000927
20241114000929
20241114000931
20241114000933
20241114000937
20241114000943
20241114000954
20241114000957
20241114000964
20241114000967
20241114000971
20241114000975
20241114000979
20241114000992
20241114000998
20241114001001
20241114001003
20241114001006
20241114001023
20241114001034
20241114001041
20241114001050
20241114001056
20241114001071
20241114001073
20241114001082
20241114001100
20241114001106
20241114001122
20241114001124
20241114001126
20241114001131
20241114001137
20241114001142
20241114001143
20241114001145
20241114001146
20241114001148
20241114001154
20241114001161
20241114001189
20241114001193
20241114001206
20241114001211
20241114001217
20241114001233
20241114001240
20241114001246
20241114001257
20241114001259
20241114001265
20241114001269
20241114001277
20241114001280
20241114001287
20241114001300
20241114001305
20241114001309
20241114001311
20241114001315
20241114001329
20241114001339
20241114001340
20241114001345
20241114001369
20241114001370
20241114001380
20241114001382
20241114001384
20241114001387
20241114001390
20241114001391
20241114001397
20241114001404
20241114001428
20241114001432
20241114001433
20241114001446
20241114001450
20241114001476
20241114001482
20241114001483
20241114001486
20241114001491
20241114001492
20241114001493
20241114001500
20241114001517
20241114001522
20241114001525
20241114001539
20241114001546
20241114001548
20241114001550
20241114001553
20241114001562
20241114001563
20241114001564
20241114001565
20241114001574
20241114001587
20241114001589
20241114001602
20241114001603
20241114001612
20241114001617
20241114001625
20241114001628
20241114001639
20241114001642
20241114001653
20241114001657
20241114001662
20241114001666
20241114001688
20241114001692
20241114001701
20241114001713
20241114001715
20241114001717
20241114001728
20241114001738
20241114001739
20241114001743
20241114001745
20241114001748
20241114001757
20241114001758
20241114001759
20241114001762
20241114001765
20241114001771
20241114001779
20241114001781
20241114001785
20241114001786
20241114001791
20241114001796
20241114001800
20241114001804
20241114001848
20241114001859
20241114001873
20241114001878
20241114001880
20241114001897
20241114001898
20241114001910
20241114001922
20241114001934
20241114001946
20241114001949
20241114001957
20241114001958
20241114001961
20241114001966
20241114001968
20241114001970
20241114001978
20241114001981
20241114001982
20241114001984
20241114001989
20241114001997
20241114001999
20241114002004
20241114002009
20241114002010
20241114002013
20241114002019
20241114002020
20241114002025
20241114002029
20241114002032
20241114002036
20241114002043
20241114002048
20241114002051
20241114002053
20241114002056
20241114002064
20241114002071
20241114002085
20241114002090
20241114002094
20241114002102
20241114002107
20241114002113
20241114002115
20241114002117
20241114002119
20241114002120
20241114002128
20241114002130
20241114002134
20241114002145
20241114002149
20241114002153
20241114002160
20241114002162
20241114002165
20241114002179
20241114002181
20241114002185
20241114002186
20241114002189
20241114002195
20241114002202
20241114002203
20241114002219
20241114002223
20241114002224
20241114002225
20241114002226
20241114002241
20241114002243
20241114002244
20241114002246
20241114002253
20241114002254
20241114002258
20241114002259
20241114002261
20241114002266
20241114002267
20241114002273
20241114002276
20241114002278
20241114002281
20241114002301
20241114002302
20241114002328
20241114002333
20241114002336
20241114002338
20241114002342
20241114002353
20241114002358
20241114002360
20241114002369
20241114002382
20241114002384
20241114002395
20241114002396
20241114002409
20241114002411
20241114002414
20241114002416
20241114002417
20241114002430
20241114002438
20241114002444
20241114002450
20241114002453
20241114002458
20241114002459
20241114002482
20241114002483
20241114002486
20241114002487
20241114002489
20241114002490
20241114002491
20241114002492
20241114002494
20241114002498
20241114002505
20241114002516
20241114002520
20241114002525
20241114002530
20241114002531
20241114002535
20241114002539
20241114002540
20241114002548
20241114002553
20241114002559
20241114002560
20241114002564
20241114002566
20241114002575
20241114002576
20241114002579
20241114002597
20241114002600
20241114002603
20241114002606
20241114002609
20241114002611
20241114002613
20241114002616
20241114002618
20241114002619
20241114002630
20241114002635
20241114002640
20241114002641
20241114002648
20241114002649
20241114002652
20241114002655
20241114002664
20241114002669
20241114002683
20241114002690
20241114002702
20241114002706
20241114002714
20241114002718
20241114002731
20241114002745
20241114002761
20241114002769
20241114002775
20241114002777
20241114002786
20241114002788
20241114002790
20241114002797
20241114002798
20241114002808
20241114002814
20241114002816
20241114002823
20241114002830
20241114002835
20241114002841
20241114002842
20241114002846
20241114002851
20241114002855
20241114002870
20241114002871
20241114002873
20241114002882
20241114002883
20241114002886
20241114002890
20241114002897
20241114002914
20241114002934
20241114002940
20241114002953
20241114002954
20241114002955
20241114002957
20241114002962
20241114002972
20241114002979
20241114002980
20241114002981
20241114002985
20241114002990
20241114002992
20241114002998
20241114003011
20241114003017
20241114003018
20241114003026
20241114003033
20241114003041
20241114003052
20241114003055
20241115000059
20241115000255
20241115000325
20241115000369
20241118000207
20241122000129
20241127000706
20241128000107
20241128000401
20241128000983
20241129000800
20241129001273
20241204000166
20241204000167
20241204000169
20241216000105
20241217000489
20241218000204
20241218000235
20241219000355
20241220000582
20241220000589
20241223000316
20241224000383
20241226000148
20241230000144
20241230000320
20241230000329
20241230000449
20241231000041
20241231000092
20241231000112
20241231000232
20241231000257
20250109000173
20250109000195
20250116000259
20250116000296
20250206000551
20250213001506
20250214000274
20250214001282
20250214001318
20250214002134
20250214002441
20250430000233
20250508000557
20250512000080
20250512000193
20250512000235
20250512000509
20250512000597
20250512000605
20250513000122
20250513000184
20250513000216
20250513000237
20250513000303
20250513000378
20250513000405
20250513000420
20250513000509
20250513000532
20250513000533
20250513000606
20250513000654
20250513000761
20250513000786
20250514000140
20250514000161
20250514000179
20250514000197
20250514000203
20250514000205
20250514000241
20250514000258
20250514000334
20250514000356
20250514000362
20250514000429
20250514000440
20250514000471
20250514000514
20250514000536
20250514000571
20250514000594
20250514000604
20250514000610
20250514000628
20250514000670
20250514000700
20250514000704
20250514000712
20250514000723
20250514000725
20250514000732
20250514000742
20250514000754
20250514000803
20250514000822
20250514000848
20250514000870
20250514000887
20250514000891
20250514000908
20250514000913
20250514000939
20250514000956
20250514000965
20250514000979
20250514000982
20250514001002
20250514001039
20250514001131
20250514001142
20250514001151
20250514001176
20250514001180
20250514001182
20250514001194
20250514001195
20250514001227
20250515000013
20250515000020
20250515000035
20250515000111
20250515000145
20250515000178
20250515000189
20250515000199
20250515000230
20250515000251
20250515000276
20250515000302
20250515000306
20250515000319
20250515000325
20250515000331
20250515000360
20250515000362
20250515000394
20250515000411
20250515000447
20250515000500
20250515000513
20250515000523
20250515000594
20250515000608
20250515000611
20250515000612
20250515000619
20250515000622
20250515000625
20250515000626
20250515000642
20250515000654
20250515000655
20250515000670
20250515000714
20250515000742
20250515000785
20250515000813
20250515000818
20250515000836
20250515000840
20250515000841
20250515000843
20250515000852
20250515000890
20250515000897
20250515000899
20250515000936
20250515000940
20250515000977
20250515000993
20250515001013
20250515001036
20250515001074
20250515001082
20250515001083
20250515001089
20250515001092
20250515001098
20250515001102
20250515001110
20250515001128
20250515001137
20250515001149
20250515001161
20250515001162
20250515001165
20250515001177
20250515001182
20250515001186
20250515001203
20250515001212
20250515001216
20250515001227
20250515001243
20250515001257
20250515001263
20250515001277
20250515001283
20250515001301
20250515001330
20250515001335
20250515001337
20250515001342
20250515001354
20250515001366
20250515001372
20250515001384
20250515001390
20250515001398
20250515001413
20250515001419
20250515001435
20250515001450
20250515001464
20250515001474
20250515001487
20250515001496
20250515001501
20250515001502
20250515001514
20250515001519
20250515001521
20250515001532
20250515001535
20250515001562
20250515001576
20250515001578
20250515001596
20250515001605
20250515001631
20250515001638
20250515001642
20250515001657
20250515001662
20250515001665
20250515001675
20250515001685
20250515001686
20250515001695
20250515001701
20250515001717
20250515001723
20250515001742
20250515001747
20250515001795
20250515001808
20250515001824
20250515001836
20250515001839
20250515001850
20250515001864
20250515001867
20250515001892
20250515001905
20250515001921
20250515001923
20250515001929
20250515001930
20250515001938
20250515001950
20250515001960
20250515001966
20250515001967
20250515001978
20250515001985
20250515001987
20250515001990
20250515001999
20250515002003
20250515002025
20250515002036
20250515002042
20250515002043
20250515002044
20250515002057
20250515002064
20250515002072
20250515002076
20250515002077
20250515002083
20250515002086
20250515002090
20250515002092
20250515002120
20250515002125
20250515002140
20250515002155
20250515002158
20250515002162
20250515002163
20250515002166
20250515002170
20250515002174
20250515002177
20250515002184
20250515002224
20250515002226
20250515002228
20250515002236
20250515002245
20250515002246
20250515002250
20250515002261
20250515002278
20250515002282
20250515002295
20250515002305
20250515002306
20250515002309
20250515002310
20250515002332
20250515002353
20250515002358
20250515002378
20250515002381
20250515002412
20250515002426
20250515002427
20250515002431
20250515002434
20250515002439
20250515002454
20250515002457
20250515002461
20250515002472
20250515002473
20250515002487
20250515002498
20250515002524
20250515002565
20250515002572
20250515002576
20250515002580
20250515002584
20250515002585
20250515002586
20250515002591
20250515002601
20250515002603
20250515002609
20250515002622
20250515002632
20250515002634
20250515002635
20250515002651
20250515002652
20250515002661
20250515002662
20250515002668
20250515002676
20250515002684
20250515002692
20250515002697
20250515002703
20250515002704
20250515002718
20250515002720
20250515002721
20250515002724
20250515002731
20250515002749
20250515002751
20250515002760
20250515002777
20250515002779
20250515002784
20250515002802
20250515002807
20250515002815
20250515002832
20250515002849
20250515002852
20250515002861
20250515002873
20250515002880
20250515002884
20250515002891
20250515002902
20250515002910
20250515002917
20250515002926
20250515002943
20250515002955
20250515002987
20250515002990
20250515002992
20250515002996
20250515003003
20250515003007
20250515003010
20250515003026
20250515003036
20250515003043
20250515003055
20250515003057
20250516000290
20250516000424
20250526000033
20250527000432
20250528000347
20250530002164
20250530002184
20250530002768
20250805000139
20250808000292
20250808000383
20250808000596
20250808000604
20250811000331
20250812000275
20250812000560
20250812000582
20250812000592
20250812000642
20250812000720
20250813000223
20250813000370
20250813000444
20250813000481
20250813000482
20250813000509
20250813000514
20250813000603
20250813000628
20250813000629
20250813000751
20250813000779
20250813000821
20250813000855
20250813000955
20250813000989
20250813001007
20250813001022
20250813001041
20250813001069
20250813001073
20250813001094
20250813001112
20250813001115
20250813001139
20250813001170
20250813001171
20250813001195
20250813001196
20250813001216
20250813001217
20250813001219
20250813001249
20250813001255
20250813001261
20250813001272
20250813001284
20250813001291
20250813001305
20250813001327
20250813001352
20250813001401
20250813001443
20250813001448
20250813001453
20250813001466
20250813001473
20250813001494
20250813001504
20250813001521
20250813001551
20250813001579
20250813001604
20250813001617
20250813001630
20250813001634
20250813001635
20250814000005
20250814000114
20250814000299
20250814000320
20250814000323
20250814000553
20250814000562
20250814000579
20250814000611
20250814000645
20250814000646
20250814000663
20250814000716
20250814000754
20250814000777
20250814000786
20250814000798
20250814000806
20250814000834
20250814000869
20250814000888
20250814000918
20250814000924
20250814000941
20250814000942
20250814000956
20250814000963
20250814000982
20250814001019
20250814001026
20250814001027
20250814001035
20250814001055
20250814001058
20250814001066
20250814001091
20250814001099
20250814001111
20250814001113
20250814001116
20250814001142
20250814001165
20250814001173
20250814001176
20250814001193
20250814001213
20250814001234
20250814001249
20250814001252
20250814001271
20250814001291
20250814001299
20250814001303
20250814001343
20250814001410
20250814001412
20250814001432
20250814001473
20250814001486
20250814001509
20250814001533
20250814001536
20250814001538
20250814001584
20250814001594
20250814001596
20250814001598
20250814001605
20250814001616
20250814001618
20250814001655
20250814001689
20250814001692
20250814001696
20250814001745
20250814001750
20250814001762
20250814001781
20250814001821
20250814001831
20250814001836
20250814001856
20250814001865
20250814001876
20250814001883
20250814001894
20250814001900
20250814001946
20250814001952
20250814001957
20250814001969
20250814001974
20250814001984
20250814001985
20250814001989
20250814001998
20250814002014
20250814002022
20250814002036
20250814002041
20250814002054
20250814002064
20250814002074
20250814002075
20250814002105
20250814002107
20250814002118
20250814002126
20250814002164
20250814002186
20250814002197
20250814002203
20250814002216
20250814002225
20250814002231
20250814002258
20250814002261
20250814002262
20250814002295
20250814002300
20250814002309
20250814002348
20250814002364
20250814002365
20250814002367
20250814002375
20250814002382
20250814002393
20250814002395
20250814002397
20250814002400
20250814002426
20250814002443
20250814002455
20250814002498
20250814002501
20250814002519
20250814002536
20250814002549
20250814002560
20250814002563
20250814002567
20250814002579
20250814002583
20250814002597
20250814002629
20250814002631
20250814002637
20250814002646
20250814002686
20250814002698
20250814002720
20250814002750
20250814002773
20250814002775
20250814002786
20250814002787
20250814002790
20250814002793
20250814002794
20250814002805
20250814002830
20250814002832
20250814002847
20250814002857
20250814002860
20250814002861
20250814002873
20250814002877
20250814002889
20250814002890
20250814002892
20250814002893
20250814002895
20250814002912
20250814002916
20250814002917
20250814002919
20250814002923
20250814002928
20250814002934
20250814002950
20250814002951
20250814002965
20250814002969
20250814002984
20250814003021
20250814003026
20250814003033
20250814003039
20250814003041
20250814003059
20250814003063
20250814003078
20250814003099
20250814003100
20250814003106
20250814003118
20250814003120
20250814003131
20250814003143
20250814003146
20250814003165
20250814003166
20250814003167
20250814003168
20250814003173
20250814003191
20250814003192
20250814003195
20250814003199
20250814003204
20250814003227
20250814003265
20250814003271
20250814003277
20250814003281
20250814003282
20250814003287
20250814003288
20250814003296
20250814003302
20250814003324
20250814003332
20250814003371
20250814003378
20250814003395
20250814003405
20250814003407
20250814003412
20250814003425
20250814003428
20250814003440
20250814003441
20250814003464
20250814003468
20250814003484
20250814003494
20250814003509
20250814003510
20250814003514
20250814003515
20250814003526
20250814003531
20250814003535
20250814003557
20250814003561
20250814003581
20250814003607
20250814003611
20250814003615
20250814003616
20250814003627
20250814003628
20250814003634
20250814003639
20250814003644
20250814003675
20250814003682
20250814003683
20250814003693
20250814003705
20250814003710
20250814003712
20250814003721
20250814003742
20250814003748
20250814003761
20250814003797
20250814003801
20250814003828
20250814003829
20250814003840
20250814003856
20250814003871
20250814003876
20250814003913
20250814003929
20250814003930
20250814003932
20250814003941
20250814003950
20250814003961
20250814003965
20250814003973
20250814003995
20250814004007
20250814004008
20250814004020
20250814004024
20250814004031
20250814004039
20250814004049
20250814004051
20250814004066
20250814004069
20250814004082
20250814004085
20250814004101
20250814004115
20250814004141
20250814004145
20250814004166
20250814004167
20250814004170
20250814004197
20250814004263
20250814004266
20250814004273
20250814004282
20250814004286
20250814004291
20250814004306
20250814004307
20250814004315
20250814004317
20250814004318
20250814004325
20250814004328
20250814004332
20250814004361
20250814004364
20250814004403
20250814004411
20250814004417
20250814004427
20250814004437
20250814004438
20250814004443
20250814004452
20250814004455
20250814004478
20250814004486
20250818000054
20250818000095
20250818000189
20250818000203
20250819000175
20250819000186
20250821000690
20250822000242
20250822000351
20250827000157
20250827000160
20250827000166
20250827000170
20250827000450
20250829001272
20250829001317
20250829001755
20250829001781
20250829001852
20250829001940
20250829002188
20250901000023
20250904000350
20250904000354
20250904000357
20250909000347
20250926000123
20251010000411
20251013000339
20251104000031
20251104000213
20251105000070
20251110000002
20251110000202
20251110000330
20251110000399
20251111000016
20251111000037
20251111000095
20251111000131
20251111000219
20251111000267
20251111000318
20251112000006
20251112000012
20251112000023
20251112000042
20251112000043
20251112000050
20251112000052
20251112000081
20251112000108
20251112000115
20251112000124
20251112000133
20251112000206
20251112000240
20251112000489
20251112000516
20251112000555
20251113000014
20251113000056
20251113000061
20251113000065
20251113000141
20251113000192
20251113000202
20251113000225
20251113000234
20251113000250
20251113000291
20251113000295
20251113000325
20251113000346
20251113000356
20251113000372
20251113000374
20251113000391
20251113000400
20251113000412
20251113000419
20251113000449
20251113000454
20251113000455
20251113000459
20251113000482
20251113000556
20251113000561
20251113000591
20251113000609
20251113000617
20251113000632
20251113000642
20251113000644
20251113000661
20251113000677
20251113000685
20251113000697
20251113000700
20251113000720
20251113000729
20251113000735
20251113000739
20251113000743
20251113000748
20251113000750
20251113000751
20251113000757
20251113000759
20251113000764
20251113000766
20251113000771
20251113000799
20251113000801
20251113000813
20251113000825
20251113000829
20251113000845
20251113000850
20251113000855
20251113000891
20251113000894
20251113000905
20251113000913
20251113000918
20251113000926
20251113000989
20251113000999
20251113001011
20251113001034
20251114000002
20251114000005
20251114000045
20251114000055
20251114000070
20251114000085
20251114000101
20251114000115
20251114000122
20251114000132
20251114000148
20251114000151
20251114000162
20251114000164
20251114000179
20251114000204
20251114000209
20251114000214
20251114000216
20251114000223
20251114000224
20251114000226
20251114000265
20251114000275
20251114000281
20251114000289
20251114000317
20251114000371
20251114000372
20251114000382
20251114000391
20251114000393
20251114000399
20251114000403
20251114000404
20251114000412
20251114000426
20251114000441
20251114000448
20251114000482
20251114000499
20251114000501
20251114000502
20251114000505
20251114000515
20251114000534
20251114000536
20251114000546
20251114000572
20251114000577
20251114000586
20251114000595
20251114000603
20251114000608
20251114000611
20251114000617
20251114000630
20251114000643
20251114000646
20251114000654
20251114000660
20251114000662
20251114000671
20251114000674
20251114000683
20251114000689
20251114000705
20251114000707
20251114000712
20251114000713
20251114000715
20251114000725
20251114000733
20251114000750
20251114000765
20251114000776
20251114000786
20251114000796
20251114000799
20251114000806
20251114000840
20251114000856
20251114000879
20251114000888
20251114000889
20251114000892
20251114000896
20251114000901
20251114000936
20251114000943
20251114000944
20251114000951
20251114000965
20251114000968
20251114000975
20251114000996
20251114001000
20251114001028
20251114001034
20251114001041
20251114001043
20251114001065
20251114001067
20251114001078
20251114001099
20251114001121
20251114001124
20251114001129
20251114001130
20251114001131
20251114001146
20251114001152
20251114001177
20251114001183
20251114001195
20251114001197
20251114001205
20251114001207
20251114001209
20251114001215
20251114001219
20251114001228
20251114001230
20251114001241
20251114001247
20251114001251
20251114001263
20251114001281
20251114001290
20251114001318
20251114001325
20251114001328
20251114001330
20251114001333
20251114001350
20251114001351
20251114001353
20251114001355
20251114001356
20251114001366
20251114001372
20251114001384
20251114001385
20251114001387
20251114001391
20251114001395
20251114001398
20251114001404
20251114001406
20251114001409
20251114001429
20251114001434
20251114001445
20251114001447
20251114001450
20251114001460
20251114001461
20251114001466
20251114001476
20251114001477
20251114001479
20251114001484
20251114001493
20251114001503
20251114001504
20251114001507
20251114001522
20251114001523
20251114001528
20251114001532
20251114001535
20251114001565
20251114001567
20251114001610
20251114001618
20251114001641
20251114001643
20251114001651
20251114001652
20251114001661
20251114001672
20251114001675
20251114001688
20251114001690
20251114001694
20251114001695
20251114001703
20251114001719
20251114001725
20251114001741
20251114001751
20251114001753
20251114001758
20251114001759
20251114001766
20251114001767
20251114001780
20251114001786
20251114001792
20251114001793
20251114001799
20251114001811
20251114001831
20251114001834
20251114001842
20251114001844
20251114001881
20251114001884
20251114001886
20251114001897
20251114001898
20251114001905
20251114001915
20251114001923
20251114001929
20251114001931
20251114001937
20251114001946
20251114001947
20251114001951
20251114001955
20251114001961
20251114001964
20251114001967
20251114001973
20251114001982
20251114001987
20251114001991
20251114001996
20251114002006
20251114002007
20251114002030
20251114002037
20251114002039
20251114002058
20251114002060
20251114002063
20251114002067
20251114002069
20251114002076
20251114002086
20251114002090
20251114002093
20251114002095
20251114002104
20251114002107
20251114002118
20251114002125
20251114002128
20251114002134
20251114002137
20251114002143
20251114002151
20251114002159
20251114002162
20251114002166
20251114002198
20251114002202
20251114002210
20251114002238
20251114002241
20251114002247
20251114002250
20251114002252
20251114002254
20251114002256
20251114002258
20251114002264
20251114002271
20251114002276
20251114002277
20251114002281
20251114002287
20251114002289
20251114002296
20251114002301
20251114002303
20251114002312
20251114002324
20251114002330
20251114002353
20251114002365
20251114002371
20251114002373
20251114002376
20251114002379
20251114002399
20251114002400
20251114002401
20251114002433
20251114002434
20251114002435
20251114002436
20251114002448
20251114002451
20251114002453
20251114002462
20251114002463
20251114002469
20251114002480
20251114002483
20251114002493
20251114002494
20251114002498
20251114002501
20251114002504
20251114002507
20251114002508
20251114002517
20251114002538
20251114002540
20251114002556
20251114002558
20251114002578
20251114002602
20251114002604
20251114002608
20251114002612
20251114002622
20251114002629
20251114002643
20251114002647
20251114002650
20251114002651
20251114002653
20251114002664
20251114002674
20251114002691
20251114002694
20251114002704
20251114002705
20251114002714
20251114002717
20251114002718
20251114002724
20251114002728
20251114002739
20251114002741
20251114002747
20251114002748
20251114002753
20251114002754
20251114002791
20251114002817
20251114002819
20251114002823
20251114002826
20251114002831
20251114002835
20251114002839
20251114002851
20251114002857
20251114002861
20251114002870
20251114002879
20251114002888
20251114002894
20251114002895
20251114002904
20251114002913
20251114002927
20251114002937
20251114002938
20251114002939
20251114002947
20251114002950
20251114002952
20251114002965
20251114002979
20251114002990
20251114002993
20251114003003
20251114003010
20251114003018
20251114003023
20251114003026
20251114003035
20251114003036
20251114003038
20251114003056
20251114003071
20251114003072
20251114003078
20251114003080
20251114003081
20251114003082
20251114003083
20251114003091
20251114003110
20251114003111
20251114003116
20251114003117
20251114003131
20251114003133
20251114003134
20251117000006
20251117000205
20251120000327
20251126000620
20251127000984
20251128000800
20251128000868
20251128001125
20251128001650
20251128001786
20251128001986
20251128002080
20251201000015
20251201000529
20251201000585
20251201000790
20251202000227
20251202000289
20251204000346
20251222000462
20251222000488
20251230000549
20260121000090
20260203000239
20260213001497
20260213001965
20260213002114
20260213002632
20260312000647
20260429000076
20260429000781
20260507000285
20260507000745
20260508000019
20260508000291
20260508000558
20260511000226
20260512000001
20260512000155
20260513000100
20260513000102
20260513000168
20260513000206
20260513000261
20260513000301
20260513000368
20260513000393
20260513000430
20260513000575
20260513000610
20260513000715
20260514000011
20260514000052
20260514000066
20260514000122
20260514000131
20260514000198
20260514000296
20260514000350
20260514000380
20260514000385
20260514000499
20260514000515
20260514000599
20260514000618
20260514000622
20260514000645
20260514000741
20260514000749
20260514000808
20260514000818
20260514000821
20260514000893
20260514000899
20260514000953
20260514000960
20260514000995
20260514000998
20260514001032
20260514001038
20260514001053
20260514001094
20260514001095
20260514001107
20260514001114
20260514001128
20260514001145
20260514001161
20260514001185
20260514001201
20260514001287
20260514001330
20260514001333
20260514001362
20260514001378
20260514001384
20260514001388
20260514001394
20260514001401
20260514001427
20260514001438
20260514001439
20260514001458
20260514001459
20260514001505
20260515000009
20260515000035
20260515000136
20260515000149
20260515000204
20260515000210
20260515000250
20260515000257
20260515000262
20260515000263
20260515000268
20260515000275
20260515000283
20260515000286
20260515000371
20260515000449
20260515000461
20260515000468
20260515000475
20260515000479
20260515000496
20260515000505
20260515000542
20260515000545
20260515000556
20260515000566
20260515000568
20260515000595
20260515000599
20260515000604
20260515000613
20260515000620
20260515000626
20260515000627
20260515000648
20260515000691
20260515000727
20260515000741
20260515000764
20260515000778
20260515000813
20260515000840
20260515000851
20260515000857
20260515000861
20260515000884
20260515000916
20260515000932
20260515000945
20260515000964
20260515000996
20260515001008
20260515001009
20260515001018
20260515001019
20260515001026
20260515001034
20260515001040
20260515001041
20260515001069
20260515001115
20260515001127
20260515001166
20260515001172
20260515001177
20260515001185
20260515001188
20260515001189
20260515001200
20260515001259
20260515001261
20260515001292
20260515001299
20260515001304
20260515001312
20260515001324
20260515001337
20260515001352
20260515001357
20260515001364
20260515001381
20260515001391
20260515001395
20260515001401
20260515001413
20260515001414
20260515001422
20260515001427
20260515001448
20260515001457
20260515001465
20260515001477
20260515001489
20260515001517
20260515001541
20260515001556
20260515001569
20260515001575
20260515001578
20260515001591
20260515001594
20260515001602
20260515001608
20260515001643
20260515001655
20260515001670
20260515001683
20260515001693
20260515001721
20260515001722
20260515001723
20260515001724
20260515001725
20260515001749
20260515001765
20260515001791
20260515001794
20260515001798
20260515001812
20260515001835
20260515001836
20260515001838
20260515001845
20260515001862
20260515001867
20260515001875
20260515001876
20260515001889
20260515001901
20260515001906
20260515001911
20260515001916
20260515001945
20260515001956
20260515001969
20260515002040
20260515002059
20260515002066
20260515002068
20260515002109
20260515002150
20260515002157
20260515002162
20260515002177
20260515002192
20260515002205
20260515002227
20260515002237
20260515002239
20260515002255
20260515002286
20260515002302
20260515002317
20260515002325
20260515002330
20260515002337
20260515002373
20260515002388
20260515002390
20260515002429
20260515002434
20260515002460
20260515002463
20260515002473
20260515002474
20260515002480
20260515002486
20260515002504
20260515002510
20260515002515
20260515002518
20260515002522
20260515002529
20260515002537
20260515002543
20260515002559
20260515002587
20260515002598
20260515002601
20260515002603
20260515002627
20260515002641
20260515002653
20260515002683
20260515002734
20260515002758
20260515002766
20260515002767
20260515002768
20260515002776
20260515002784
20260515002785
20260515002792
20260515002798
20260515002826
20260515002829
20260515002841
20260515002858
20260515002867
20260515002881
20260515002885
20260515002889
20260515002898
20260515002901
20260515002917
20260515002933
20260515002937
20260515002951
20260515002952
20260515002957
20260515002964
20260515002968
20260515002973
20260515002976
20260515002990
20260515002995
20260515003018
20260515003029
20260515003039
20260515003043
20260515003053
20260515003063
20260515003071
20260515003072
20260515003113
20260515003129
20260515003132
20260518000001
20260518000041
20260518000269
20260520000268
20260528000053
20260529000135
20260529001511
20260529001897
20260529002207
20260529002369
20260601001452
20260601001979
20260731000295
20260731000302
20260731000722
20260810000587
20260812000027
20260812000330
20260812000408
20260812000435
20260812000454
20260812000516
20260812000618
20260812000678
20260812000685
20260812000747
20260812000754
20260812000829
20260812000891
20260813000372
20260813000443
20260813000494
20260813000610
20260813000672
20260813000680
20260813000703
20260813000742
20260813000782
20260813000938
20260813000988
20260813001037
20260813001059
20260813001089
20260813001162
20260813001177
20260813001190
20260813001195
20260813001227
20260813001232
20260813001255
20260813001256
20260813001257
20260813001351
20260813001352
20260813001428
20260813001435
20260813001504
20260813001541
20260813001638
20260813001653
20260813001693
20260813001695
20260813001747
20260813001755
20260813001794
20260814000040
20260814000104
20260814000117
20260814000203
20260814000388
20260814000437
20260814000473
20260814000496
20260814000510
20260814000512
20260814000582
20260814000613
20260814000652
20260814000712
20260814000726
20260814000733
20260814000743
20260814000745
20260814000759
20260814000786
20260814000791
20260814000819
20260814000836
20260814000844
20260814000872
20260814000934
20260814000937
20260814000941
20260814000947
20260814000971
20260814000978
20260814000999
20260814001001
20260814001009
20260814001014
20260814001016
20260814001018
20260814001026
20260814001034
20260814001037
20260814001047
20260814001100
20260814001155
20260814001214
20260814001230
20260814001249
20260814001277
20260814001319
20260814001369
20260814001429
20260814001489
20260814001522
20260814001559
20260814001571
20260814001578
20260814001590
20260814001600
20260814001650
20260814001665
20260814001685
20260814001690
20260814001759
20260814001791
20260814001799
20260814001804
20260814001817
20260814001859
20260814001873
20260814001885
20260814001889
20260814001890
20260814001895
20260814001932
20260814001967
20260814001969
20260814001982
20260814001994
20260814002027
20260814002039
20260814002064
20260814002085
20260814002086
20260814002113
20260814002123
20260814002126
20260814002128
20260814002135
20260814002156
20260814002171
20260814002182
20260814002196
20260814002204
20260814002219
20260814002271
20260814002275
20260814002287
20260814002315
20260814002327
20260814002329
20260814002337
20260814002341
20260814002345
20260814002365
20260814002383
20260814002386
20260814002393
20260814002411
20260814002476
20260814002483
20260814002489
20260814002493
20260814002498
20260814002514
20260814002517
20260814002518
20260814002540
20260814002545
20260814002551
20260814002568
20260814002575
20260814002591
20260814002615
20260814002620
20260814002631
20260814002656
20260814002670
20260814002690
20260814002702
20260814002712
20260814002716
20260814002751
20260814002757
20260814002770
20260814002772
20260814002796
20260814002798
20260814002806
20260814002810
20260814002813
20260814002830
20260814002842
20260814002847
20260814002855
20260814002900
20260814002918
20260814002938
20260814002996
20260814003017
20260814003043
20260814003050
20260814003061
20260814003077
20260814003090
20260814003095
20260814003099
20260814003102
20260814003105
20260814003121
20260814003137
20260814003166
20260814003187
20260814003195
20260814003212
20260814003216
20260814003263
20260814003281
20260814003292
20260814003304
20260814003321
20260814003330
20260814003333
20260814003342
20260814003355
20260814003373
20260814003401
20260814003406
20260814003407
20260814003414
20260814003438
20260814003462
20260814003465
20260814003475
20260814003495
20260814003536
20260814003542
20260814003545
20260814003564
20260814003577
20260814003580
20260814003587
20260814003614
20260814003618
20260814003624
20260814003633
20260814003647
20260814003656
20260814003664
20260814003669
20260814003676
20260814003677
20260814003690
20260814003692
20260814003697
20260814003703
20260814003721
20260814003734
20260814003744
20260814003745
20260814003761
20260814003776
20260814003782
20260814003794
20260814003824
20260814003826
20260814003828
20260814003830
20260814003839
20260814003866
20260814003876
20260814003878
20260814003898
20260814003901
20260814003908
20260814003935
20260814003941
20260814003975
20260814003994
20260814004018
20260814004027
20260814004051
20260814004054
20260814004060
20260814004079
20260814004111
20260814004114
20260814004139
20260814004143
20260814004161
20260814004166
20260814004208
20260814004210
20260814004219
20260814004226
20260814004231
20260814004253
20260814004259
20260814004260
20260814004264
20260814004273
20260814004274
20260814004277
20260814004281
20260814004290
20260814004294
20260814004303
20260818000036
20260818000069
20260818000293
20260819000118
20260819000349
