20051112000005	00126089
20050512001086	00126089
20040628000347	00109037
20051111000126	00115931
20031114001396	00117337
20041115001144	00125822
20041115000391	00125822
20031114000111	00110893
20061114000521	00125488
20060512002357	00125488
20040514001748	00125488
20031114000211	00125488
20061114000863	00121154
20060814000570	00121154
20060331001560	00121154
20050330001445	00121154
20070214000014	00125576
20050114000123	00125576
20020927000143	00125576
20020330000020	00123143
20040330001424	00109754
20060828000155	00126089
20040814000140	00121154
20040527000312	00121154
20031205000062	00121154
20100331001072	00163196
20070330000881	00120289
20061114001424	00120289
20050429000127	00120289
20041113000049	00120289
20040622000245	00120289
20040512000943	00120289
20040330001423	00120289
20070814001134	00298447
20050516001390	00298447
20050331001479	00298447
20040813000961	00298447
20040625000312	00298447
20040604000342	00298447
20040531000141	00298447
20040531000109	00298447
20040514002210	00298447
20040330001025	00298447
20030813000498	00298447
20070330001591	00184889
20031201000040	00125725
20070517000120	00301112
20070814000791	00301422
20051114000328	00133618
20040703000001	00127857
20041115000117	00117276
20070515000107	00117276
20100514003424	00692254
20051114000605	00298340
20050516000660	00298340
20070514003857	00125576
20061114000325	00125576
20051114000048	00125576
20031114000893	00125576
20020514000518	00125576
20051116000244	00347716
20080214000435	00117267
20020515000130	00347716
20070515001860	00301112
20061114000745	00301112
20060814001544	00301112
20031114001427	00126308
20020401001361	00347716
20080808000525	00127857
20080514003983	00127857
20070328000063	00127857
20061113000098	00127857
20060512001621	00127857
20051114001290	00127857
20050330000348	00127857
20040813000431	00127857
20031114000855	00127857
20020809000295	00127857
20020514000546	00127857
20020401000084	00127857
20050516001495	00303703
20051114001025	00163196
20070515002032	00191287
20041112000197	00122694
20020514000007	00243067
20050331000038	00133557
20020515000430	00124799
20040913000118	00303873
20030814000202	00197759
20020515000136	00126788
20060503000629	00126788
20051114001233	00199252
20040618000319	00252135
20070814000149	00130772
20060515001183	00134477
20061114001798	00187725
20040213000269	00113562
20051114001103	00301422
20050816000354	00301422
20050516000637	00197759
20041115000837	00197759
20070814000015	00303873
20030814000301	00126955
20060912000042	00137058
20081114000491	00136776
20051114001828	00164812
20070814001479	00199252
20080515002251	00199252
20070515001986	00199252
20070403000806	00199252
20061114001553	00199252
20060515002191	00199252
20040514001355	00126779
20080630000051	00203290
20040629000499	00203290
20040213000381	00203290
20050812000657	00126779
20000515000179	00126779
20051114001166	00303873
20050909000146	00201131
20050513001516	00201131
20041115000704	00201131
20040812000177	00303703
20040520000129	00303703
20040514003218	00303703
20030926000036	00198697
20040524000104	00148443
20060814000360	00164779
20060515000518	00164830
20070813000125	00144395
20060814001136	00152127
20031114000282	00152385
20050329000086	00351579
20040329000510	00351579
20050513002837	00135111
20051114001482	00198697
20061114001596	00148896
20061114001322	00198697
20060814001142	00198697
20050816000380	00198697
20050429001417	00198697
20041112000891	00198697
20040625000354	00198697
20040514000782	00198697
20040528000309	00198697
20041115000676	00303703
20030813000590	00258421
20040813000775	00164830
20050512000473	00152589
20060515000669	00126779
20070814000310	00202839
20060908000022	00202839
20050330000224	00152589
20040513000622	00152589
20000328000263	00126779
20031113000087	00309503
20030814000776	00309503
20030331001320	00309503
20041108000074	00317210
20060331001642	00359580
20050516000720	00359580
20041112000192	00359580
20040514000724	00359580
20031113000242	00359580
20030813000683	00359580
20020514000342	00359580
20050516000186	00239514
20040814000343	00239514
20040429000866	00204262
20060330001284	00240857
20081114001096	00165413
20080814001251	00165413
20080515001555	00165413
20101115000842	00587466
20041115000394	00205003
20070515000707	00357430
20050816000188	00171867
20060822000011	00204226
20050816001228	00204226
20060814000643	00204208
20050510000284	00204208
20041112000477	00204208
20051114000595	00204208
20070921000100	00204226
20071114000583	00226866
20081113000170	00555874
20070514000788	00555874
20030814000830	00358271
20050512001054	00362238
20070814000330	00172291
20070330001834	00172291
20061130000145	00172291
20060814001635	00172291
20031114000125	00129509
20060515002372	00326731
20040813001265	00326731
20031114000772	00326731
20050331000939	00400121
20020814001129	00326731
20020515001326	00326731
20020402000191	00326731
20070515001837	00261355
20020813000272	00317487
20061114001179	00261443
20000330000553	00172291
20070515000392	00128315
20060515002457	00128315
20050514000046	00128315
20060814000626	00407814
20060515002330	00407814
20060421000287	00407814
20040529000035	00156442
20061114000890	00201131
20060515001142	00488402
20070814000005	00491053
20061114000717	00494476
20070514000664	00202839
20070514003529	00359580
20030814001669	00326731
20051114001720	00463342
20061120000056	00456218
20070515000371	00131197
20040625000247	00128315
20031215000326	00128315
20031127000046	00128315
20020816000106	00128315
20020524000207	00128315
20020516000077	00128315
20020401000115	00128315
20070814001786	00362292
20061121000210	00362292
20060512001921	00362292
20060330000222	00362292
20031114000832	00125521
20050816000389	00362292
20000513000241	00112378
20031202000135	00261443
20070814001415	00407814
20070330002062	00407814
20031112000153	00261443
20061114000225	00407814
20060927000131	00370200
20060913000089	00407814
20040514000330	00351807
20031114000714	00351807
20050428000166	00129013
20040813000786	00129013
20040622000144	00129013
20040514000673	00129013
20041112000256	00373571
20040329001206	00373571
20101115001218	00349097
20020514000822	00349097
20061114001545	00130587
20050331000726	00130587
20041115001083	00264714
20000515000020	00114093
20000515000067	00175173
20031114000349	00352499
20030814000045	00129554
20030814000274	00146542
20031113000330	00129013
20041119000004	00362292
20040819000081	00362292
20040525000234	00362292
20040514002556	00362292
20031208000012	00362292
20031114001735	00362292
20020506000002	00362292
20020328000045	00362292
20071114000336	00128661
20061114001482	00128661
20061114000323	00373571
20060814000972	00128661
20060515001408	00373571
20050812000999	00128661
20060330001340	00373571
20051114001188	00373571
20031204000075	00128661
20031114000809	00128661
20050513000081	00373571
20070814001856	00264714
20060331002024	00264714
20041112000332	00134565
20040623000311	00134565
20050816000772	00132868
20050516000634	00125938
20081114001062	00173032
20080814001051	00173032
20080515001745	00173032
20080515002258	00209780
20020401000803	00125743
20070514003341	00130091
20070330001975	00130091
20051114001354	00130091
20040925000010	00130091
20070330001367	00128546
20060912000090	00206686
20050816001175	00206686
20080514003876	00146542
20060814001320	00120906
20060515000349	00120906
20070511001987	00117498
20030331001557	00132804
20070515001317	00123107
20040621000089	00216027
20040813000545	00127936
20040513001326	00127936
20030812000268	00127936
20040621000288	00117498
20051112000007	00123107
20050812001040	00123107
20040330001653	00125150
20031203000014	00125150
20060331001267	00126788
20031201000241	00360036
20070330000649	00133663
20030814001617	00360036
20020814000970	00360036
20060331000926	00133663
20040329001472	00356802
20030814000602	00356802
20050816000309	00133663
20080513002505	00360036
20040510001069	00133663
20070516000015	00360036
20061114000259	00360036
20060919000099	00360036
20051114000515	00360036
20050428000283	00360036
20041115000814	00360036
20060814000647	00356361
20060515002518	00356361
20031113000004	00109268
20051114001169	00265324
20070328000637	00131896
20061115000087	00131896
20061114000192	00131896
20060320000054	00131896
20051114000037	00131896
20050514000052	00131896
20041113000069	00131896
20061114000165	00129271
20061114000606	00121570
20031114001797	00121570
20070813000030	00366845
20070515000633	00366845
20040528000333	00132725
20030813000317	00117708
20031110000015	00366845
20040617000017	00125576
20051213000191	00164812
20070814001276	00110893
20070214000234	00110893
20050513002542	00133663
20050812000964	00164812
20040813000552	00132725
20000330000297	00173032
20040330000818	00132725
20030924000046	00132725
20020515000825	00132725
20061114001359	00132804
20000515000306	00136776
20060911000243	00126566
20080814001724	00126566
20061114001788	00126566
20070814002047	00173032
20070515001649	00173032
20060814001505	00173032
20060515002661	00173032
20060330001387	00173032
20050902000254	00173032
20050816000723	00173032
20050516000596	00173032
20050331000935	00173032
20041115000338	00173032
20040514003058	00173032
20040330002092	00173032
20030814000919	00173032
20070330000954	00132725
20060515000922	00132725
20050812000283	00132725
20050516000811	00132725
20070214000242	00112059
20061114000037	00133557
20020515000543	00133557
20040812000182	00131896
20040513000844	00131896
20040528000560	00164812
20060512002441	00267942
20030814001161	00138367
20050331000975	00356802
20050430000002	00356802
20040510000695	00131896
20040315000043	00131896
20031107000263	00131896
20020513000129	00131896
20000329000456	00131896
20050516001246	00220686
20031114000436	00116301
20050331001139	00130763
20040525000127	00133706
20020816000002	00223434
20050331001307	00287788
20040531000178	00287788
20071114000436	00360595
20070814001235	00360595
20050812001046	00267942
20050513000689	00267942
20050429000977	00267942
20050331000113	00267942
20041115000159	00267942
20070515000451	00127909
20040617000171	00267942
20040507000232	00267942
20031114001046	00287788
20040514002151	00148896
20051114001011	00148896
20070330002383	00228350
20060515002038	00228350
20060331000673	00228350
20050328000174	00228350
20051108000018	00228350
20041110000007	00228350
20040326001342	00267942
20060412000097	00128175
20031114001142	00267942
20030814001224	00267942
20021114000437	00267942
20050811000366	00129013
20051214000101	00128661
20031201000028	00129013
20041115000507	00129280
20041115001231	00129989
20041115000514	00269889
20040813001489	00269889
20020515000131	00380429
20041113000071	00422895
20000515000699	00153126
20060515001022	00230425
20070515001268	00231363
20031206000014	00422895
20051114000659	00156488
20060814000863	00231363
20041117000064	00231363
20050513002572	00231363
20060811000176	00363510
20060331000599	00363510
20051111000661	00363510
20061114000627	00234227
20050516001346	00152127
20040330000045	00152385
20040511000811	00152589
20040813000820	00380429
20030814001474	00380429
20060515001801	00231442
20040514002462	00155735
20051114001185	00288495
20050913000156	00288495
20050816000803	00288495
20070515001750	00357935
20050429001162	00231442
20050516001653	00288495
20050331001613	00288495
20040624000084	00288495
20040528000072	00288495
20040515000451	00288495
20031205000264	00288495
20030515000966	00288495
20021113000210	00288495
20020813000244	00288495
20050808000102	00288495
20060214000011	00171867
20071114001489	00173032
20070814001129	00173032
20061114000050	00231707
20041112000659	00150828
20020401000491	00231691
20040621000200	00123107
20060331002192	00160588
20020814000180	00123107
20050330000009	00166315
20040430000028	00166315
20020401000804	00123107
20051109000131	00134477
20070515001543	00288495
20060907000027	00288495
20060814000620	00288495
20060516000218	00288495
20060515001387	00288495
20060331001995	00288495
20050514000596	00261373
20070514003955	00264228
20031204000222	00238782
20031114000024	00238782
20041115000125	00134477
20040519000114	00134477
20050909000110	00456218
20080328001089	00293886
20070328000711	00293886
20070511002500	00293886
20061113000471	00293886
20060515000039	00293886
20050810000096	00293886
20050516000988	00293886
20040813001708	00226352
20060228000413	00164706
20031111000064	00176516
20060515001131	00238782
20060515001007	00127200
20050816000857	00127200
20030814000507	00127200
20050428000604	00238782
20070515000919	00363510
20061110000270	00363510
20031114000381	00125725
20070814000380	00128926
20070514001677	00125725
20060515000812	00125725
20101129000542	00134723
20020514000881	00134477
20000330000421	00134477
20040517000460	00134477
20050523000097	00293886
20030818000016	00326731
20040514000099	00134477
20070511001128	00373447
20070330000367	00238782
20070515000908	00238782
20061120000054	00238782
20061114000010	00238782
20060814000050	00238782
20070515000958	00239514
20041113000166	00239514
20020814000304	00134477
20020328000211	00125646
20061114001278	00389110
20051114000427	00135777
20041112000434	00124090
20060814000524	00128032
20060515001431	00128032
20061114000454	00135777
20051027000014	00136864
20020329000699	00136864
20051114001006	00361594
20000329000212	00123107
20000329000178	00127200
20000811000037	00110875
20000811000154	00127802
20040407000704	00305570
20000814000762	00153126
20060515001470	00162586
20070813000626	00397289
20070814000687	00303217
20070330000294	00303217
20061114000747	00303217
20060814000847	00303217
20060516000091	00303217
20051114001521	00303217
20000515000405	00177320
20000515000563	00157991
20060908000217	00131780
20060330000977	00131780
20051114000190	00131780
20050812000991	00131780
20041112000935	00131780
20040623000015	00131780
20040528000574	00131780
20040514003547	00131780
20000814000690	00134963
20100629000300	00296290
20000329000371	00140955
20070510001200	00243979
20000330000078	00114792
20000329000476	00160621
20070330000200	00243979
20000330000120	00103006
20000330000116	00129420
20000330000908	00199252
20080515000439	00243067
20060814000896	00243979
20000330000258	00105101
20000812000064	00173795
20000812000281	00112378
20070214000222	00136721
20060511001148	00397289
20060331000825	00397289
20051111000092	00397289
20000330000806	00138516
20051110000126	00397289
20000623000043	00136402
20000814000168	00136776
20000814000268	00160621
20000814000443	00219848
20060515002162	00363246
20050513002196	00363246
20050330000264	00363246
20080515001374	00365989
20060512001997	00370200
20060406001179	00370200
20060331000593	00370200
20051111000434	00370200
20050514000239	00370200
20041115000191	00370200
20031202000263	00129989
20050331000221	00246417
20041115000227	00246417
20060814001044	00305570
20051114000300	00246417
20050816000055	00246417
20061114001155	00131054
20061114000808	00400857
20060811000770	00400857
20050812000543	00131054
20060515001154	00305570
20060214000481	00131054
20040330001343	00305570
20060814000271	00131054
20051114000821	00305570
20050429001008	00305570
20041201000132	00305570
20070515001656	00246417
20061114000504	00246417
20060509000380	00246417
20060629000146	00131054
20020207000183	00204226
20020208000252	00109037
20070515001661	00305570
20020208000045	00149770
20041112000617	00305570
20040630000038	00305570
20031114000554	00305570
20020814000704	00305570
20020214000030	00118008
20020330000482	00129554
20020330000573	00128926
20020330000809	00127167
20020214000293	00150244
20050816000164	00247975
20020328000514	00141529
20020328000271	00150536
20020328000127	00186939
20020214000001	00109718
20020214000273	00113359
20020209000275	00130091
20020214000093	00159102
20020214000225	00172945
20020214000412	00117629
20050330000649	00247975
20040514000155	00247975
20061114000690	00305570
20020330000945	00142883
20020330001050	00174527
20020401000224	00185222
20020401000107	00246417
20020401000042	00369657
20020401000413	00359580
20020513000064	00136776
20020509000926	00346407
20020513000264	00216647
20020514000134	00123107
20020514000086	00150439
20020401001501	00132725
20020430000313	00216027
20020509000119	00264945
20020510000899	00172291
20020513000024	00122898
20020329000972	00152039
20031201000058	00247975
20020515000751	00299002
20020514000027	00273110
20021113000361	00170558
20020515000078	00136864
20020515000375	00118804
20020515000275	00141608
20020401000638	00109754
20020401000915	00219574
20020401001310	00164478
20020401001314	00115977
20020401000929	00129509
20020515000350	00134176
20020515000371	00259590
20020515000463	00118345
20020515000475	00127954
20020515000510	00258360
20020515000501	00107066
20020515000722	00122348
20020330000419	00170558
20020515000793	00233653
20020515000595	00172680
20051110000260	00249441
20020515000607	00267854
20020813000009	00142883
20020813000048	00301246
20020813000230	00121154
20020330000677	00178851
20020812000052	00125646
20020812000065	00178851
20020812000010	00273110
20020813000312	00149345
20020813000310	00150536
20020814000206	00124799
20020515000844	00138792
20020515000940	00129989
20020515000803	00132804
20020515000929	00163691
20020515001207	00113535
20020515001034	00121969
20020813000203	00114093
20020813000256	00127167
20020814000070	00349097
20020813000311	00131896
20020814000106	00116408
20020813000357	00136864
20020814000066	00147860
20020813000740	00148896
20021114001303	00360036
20061114000038	00372873
20030331001945	00264714
20020514000883	00138057
20020514000810	00146427
20020514000725	00305297
20020808000041	00145914
20020628000083	00351630
20020514000509	00121154
20020514000519	00126779
20020514000440	00260611
20020514000875	00247975
20030214000143	00159102
20060515003349	00372873
20020517000002	00115977
20070329001231	00249982
20030515000438	00210740
20020627000121	00141626
20020521000075	00148896
20021014000230	00187725
20020814001416	00249502
20021113000013	00104388
20020814000330	00146861
20030214000558	00113562
20030214000184	00145190
20030214000443	00231442
20020816000040	00121941
20020927000002	00130091
20021025000137	00138303
20030627000063	00145190
20030627000312	00141626
20030409000249	00170558
20060811000083	00249982
20050513001483	00249982
20041115000659	00250137
20030814001693	00238782
20030814001813	00117337
20030814001517	00117708
20030814001568	00155948
20030813000293	00201733
20031114000498	00152686
20030813000009	00128661
20030812000030	00155735
20030515000309	00107066
20030925000195	00380429
20031112000013	00128661
20031027000178	00384717
20031111000003	00220109
20031110000332	00106669
20031114000454	00246417
20031114000372	00226352
20031114000420	00356802
20031114000461	00120906
20031114000406	00199076
20031114000444	00120182
20031114000410	00124090
20031114000383	00157681
20031114000464	00339072
20031114000497	00126955
20031112000022	00150439
20031002000064	00146427
20031112000041	00369657
20050330001231	00369213
20031113000006	00155276
20031113000162	00201733
20041111000046	00369213
20031113000351	00238153
20030814000591	00125488
20060814000675	00250137
20030814000936	00362292
20030814000597	00118965
20030930000288	00125521
20030902000043	00127954
20030814000247	00105138
20030814000477	00110893
20030814000106	00129989
20030814000173	00148896
20030814000313	00152385
20030814000408	00173795
20070330000746	00250137
20031113000445	00125150
20031113000356	00349097
20040812000166	00369213
20031113000266	00133663
20031113000393	00106368
20031113000406	00108135
20031113000290	00155948
20031113000265	00155258
20031113000460	00155212
20031113000468	00373571
20031113000622	00266952
20031113000552	00247975
20040514000473	00369213
20031113000567	00103006
20030814000672	00204262
20030814000666	00231691
20060515002081	00250137
20040330001088	00122898
20040330001165	00133557
20040330001142	00147860
20040330001162	00148896
20031114000559	00317487
20030814001131	00110431
20030814001102	00145190
20030814001216	00155319
20030814001369	00366942
20031114000729	00129271
20031114000740	00146427
20031114000654	00260392
20031114000820	00351807
20031114000852	00134477
20031114000810	00163716
20031114001288	00382199
20031127000021	00198697
20031127000070	00129509
20031128000343	00348034
20031114000857	00288495
20031114000870	00356839
20031114000995	00110431
20031114001021	00118965
20031114000908	00152039
20031114000885	00164788
20031114001000	00203290
20031114000969	00299464
20040330001549	00131832
20040330001741	00382199
20030515001239	00170558
20031204000239	00307028
20031203000164	00249441
20031201000017	00260930
20031128000349	00127936
20031128000293	00246417
20040330001034	00317487
20040330001432	00326731
20040330001618	00138516
20031203000238	00220686
20031215000134	00305570
20031209000168	00126089
20031212000118	00109037
20031205000223	00118965
20031212000343	00122694
20040329000037	00349097
20040326000012	00125743
20040326000810	00307028
20031208000197	00140168
20031208000003	00143226
20031205000204	00150633
20031205000249	00146427
20040213000336	00120182
20040213000361	00149770
20040330001978	00160588
20040330002056	00297934
20031114000028	00131018
20040330001463	00369213
20031114000046	00256502
20031114000150	00126089
20031114000070	00130091
20031114000069	00140168
20031114000258	00123107
20031114000350	00118804
20040329001134	00119007
20040329000576	00135111
20040329001118	00145552
20040329001179	00147082
20040329001083	00139153
20040330001980	00288495
20040330001796	00131780
20040330001909	00115612
20040330001992	00122898
20040514000947	00150536
20040514000290	00186939
20040514001198	00398668
20040514001106	00239514
20040514001410	00204208
20040514001108	00141246
20040514001292	00146427
20031114000325	00138297
20031114000205	00138057
20040514000417	00349097
20040514001053	00110583
20040330002106	00384887
20040506000275	00126788
20040510001264	00120924
20040512000838	00238153
20031121000182	00247975
20031201000128	00161976
20031201000025	00249441
20031201000167	00238782
20031202000102	00201733
20031201000211	00297934
20040427000168	00152385
20040507000888	00220109
20040511000061	00129013
20040511000847	00141246
20040514001196	00148896
20040514001304	00297934
20040514001925	00132804
20040514001898	00131832
20040514001677	00155151
20040514001897	00187725
20031202000088	00367695
20040521000121	00238153
20040524000105	00129013
20040524000120	00132725
20040524000286	00210740
20040525000090	00109754
20040524000311	00113128
20040525000185	00399694
20040525000192	00145686
20040329001426	00258421
20040330000154	00150439
20040525000280	00160588
20040527000005	00252135
20040616000017	00220109
20040330000200	00353762
20040330000497	00250137
20040330000665	00136776
20040329001499	00198697
20040330000046	00198697
20040330000247	00117498
20040330000225	00141246
20040629000032	00145190
20040629000401	00162416
20040812000101	00359580
20040812000237	00161462
20040812000173	00155735
20050317000310	00132804
20040514001975	00240857
20040514002024	00240857
20040514002547	00125576
20040330000509	00210740
20040628000304	00243067
20040628000147	00171867
20040629000374	00131054
20040629000154	00145686
20040514002602	00105138
20040514002292	00109781
20040514002854	00261373
20040514002812	00161976
20040515000247	00239514
20050330000692	00126779
20050330000430	00109781
20050330000608	00202839
20050330000677	00370200
20050330000237	00423177
20040515000460	00134565
20040515000499	00187725
20040518000178	00398668
20040518000187	00105138
20040519000230	00118266
20040519000154	00141246
20050330000948	00131896
20050330000814	00198192
20040813000189	00121288
20040813000185	00137058
20040520000163	00301246
20040517000472	00220109
20040524000249	00252135
20040513000520	00252135
20040813001583	00125725
20050329000064	00111218
20050214000433	00123772
20050323000309	00131832
20050324000360	00148896
20050329000252	00155735
20040813000193	00161781
20040813000496	00249441
20040813000480	00133557
20040813000399	00145686
20040813000383	00223434
20061116000004	00252135
20040813000375	00362292
20060330001519	00252135
20040813000643	00152589
20040614000064	00176835
20040617000189	00155151
20040618000216	00164830
20040622000266	00150439
20040621000237	00140779
20040622000030	00161976
20040624000177	00129280
20040813000593	00398668
20040813000803	00267906
20040813000703	00127200
20040813000916	00117708
20040813000804	00131054
20040813000741	00127954
20050513001526	00188089
20040813000857	00172945
20040813000827	00198697
20040813000929	00305297
20040813001135	00117337
20040813001256	00107987
20040813001072	00129989
20040813001145	00135111
20040813001261	00157681
20050513001293	00361008
20050513001803	00349097
20050513001908	00126186
20050513002204	00161693
20050513002206	00201733
20050514000674	00130587
20050331000106	00150439
20040813001628	00159342
20040813001568	00353762
20040427000119	00252135
20041112000851	00240857
20041113000107	00260569
20041115000103	00173795
20040813001670	00120571
20040814000205	00187725
20040813001819	00204262
20040813001820	00160588
20040330001414	00252135
20041112000346	00162416
20041112000636	00123107
20050429000176	00136226
20050429000815	00202839
20050429001261	00159795
20050509000678	00356839
20050512000496	00347716
20041112000195	00155735
20041112000011	00301246
20041113000061	00239596
20041112000826	00111458
20041112000943	00161976
20050331000711	00106669
20050331001954	00138792
20050513000651	00117498
20050513000061	00138446
20050511000442	00216647
20040813001266	00392691
20040813001349	00124799
20040813001383	00269940
20050816000214	00152127
20050812000988	00162416
20050816000307	00310156
20050816000801	00370200
20050816000954	00126362
20040813001309	00144164
20040813001301	00164812
20050816000445	00115612
20050816000215	00303217
20050816000516	00162063
20050829000139	00175173
20050829000267	00204262
20051111000104	00362292
20051111000171	00293886
20051111000136	00120182
20051111000021	00138446
20050511000119	00267979
20060511000853	00239514
20041115000435	00104856
20041115000484	00113243
20041115000560	00390514
20050516000325	00267906
20050516000530	00122694
20050516000855	00173102
20050516000649	00199076
20050516001134	00125488
20051114000952	00158316
20051114000915	00269922
20051114001014	00119007
20051114001555	00130587
20050514000109	00161976
20050514000097	00202839
20050211000044	00146454
20050214000152	00145686
20050214000042	00203290
20041130000237	00365989
20041130000109	00353762
20051114000970	00239514
20051114000982	00120906
20051114000916	00111218
20041115001017	00186939
20041116000095	00299464
20050211000097	00113243
20050812000325	00392691
20050811000109	00134477
20060512000108	00134963
20060512000557	00180865
20060512000340	00202839
20060512001502	00130879
20060512001918	00198697
20060512000979	00454399
20050516000991	00198697
20050516000942	00238153
20050516001570	00250137
20050516001599	00126362
20050516001561	00288495
20050516001520	00119007
20050629000450	00203290
20050518000041	00109781
20050629000187	00110893
20050519000046	00220686
20050527000130	00197759
20060515001108	00136776
20060515000113	00162063
20060515001458	00120289
20060515002301	00155276
20051111000016	00134963
20051014000202	00164706
20051111000022	00414601
20051114000268	00117276
20051114000065	00143794
20051114000041	00162416
20051114000171	00454399
20051114000484	00134510
20051114000365	00165103
20051114000520	00160010
20051112000010	00127936
20051114000014	00161976
20051114000018	00202839
20051114000026	00238153
20051112000033	00400857
20051111000650	00301246
20051111000366	00369569
20051114000248	00238782
20051114000296	00201131
20051114000578	00117337
20051114000721	00109824
20051114000656	00129509
20051114000592	00140566
20051114000712	00170558
20051114000601	00216027
20051114000685	00330044
20050812001002	00130879
20060324000171	00134963
20060331000499	00398668
20060331000105	00243979
20060330001683	00199076
20060331000117	00118521
20060330000988	00273110
20060331000586	00109824
20060331000935	00111421
20061114001957	00252135
20060515001583	00309831
20051114001365	00463342
20051114001676	00353762
20060331001245	00129989
20060331002481	00198697
20060424000111	00360036
20060424000003	00258689
20060424000073	00398808
20050812000674	00390514
20060814000528	00126779
20060814000670	00204226
20060814000880	00390514
20060814000780	00267906
20060814000962	00109824
20060814000798	00328191
20060814001177	00113359
20060814001529	00130091
20060814001180	00159193
20061113000007	00200275
20060915000213	00273110
20060908000276	00414601
20060908000397	00453929
20061114000144	00155692
20061114000842	00238153
20061114000512	00351807
20060720000079	00172945
20060519000135	00173032
20061114001904	00145862
20061213000073	00185356
20061116000054	00266952
20061127000211	00445841
20070214000317	00131054
20070213000054	00145686
20040514002535	00382199
20060811000101	00109037
20060811000347	00117188
20060811000367	00127200
20060811000349	00201733
20060811000819	00418379
20060814000326	00106368
20061117000097	00130879
20070329000900	00249441
20080813000498	00298377
20070330001093	00339072
20060814000015	00162063
20060814000110	00246417
20050812001006	00255105
20070214000054	00427483
20070214000419	00117267
20070328000438	00445841
20061114001047	00470829
20061114001755	00120906
20061114001561	00146214
20061114001828	00158963
20061114001483	00171867
20061114001602	00488402
20061114000841	00162586
20061114000727	00160375
20061114000374	00471068
20061114001039	00261373
20061114001274	00298447
20061114001140	00109824
20061114001329	00129350
20061114001315	00130091
20061114001146	00306162
20070814001162	00349097
20070814001455	00138279
20080515001528	00298377
20070823000230	00273110
20070814001957	00112059
20071015000101	00164706
20070814001830	00306162
20070515000112	00250137
20070515000702	00109824
20070515001094	00449379
20070515000809	00155151
20070515000899	00220561
20070515001064	00375931
20070515001196	00155258
20070515000656	00303217
20070515000718	00135777
20070515000542	00180865
20070515001654	00130879
20070330002063	00118521
20070330001797	00125725
20070330001891	00246417
20070515001217	00150633
20070515001264	00144164
20070515001284	00358271
20070515001240	00453929
20070515001605	00124799
20070515001670	00129989
20070330001394	00160588
20070511000666	00243979
20070510000317	00365457
20070511001217	00129013
20070514002902	00137058
20070514000782	00141389
20070514001956	00147860
20070514003059	00490151
20071114001192	00104856
20070810000251	00167004
20070810000043	00102113
20070813000340	00267942
20070813000512	00223762
20070813000031	00203290
20070813000321	00228350
20070813000604	00525679
20070515001825	00506294
20070629000245	00113562
20070515001799	00138792
20070814000413	00363510
20080813000178	00161125
20071114001156	00117188
20080515000834	00155692
20080814001868	00128661
20080515002385	00134477
20080515002456	00190321
20080814001399	00199252
20080814000102	00130772
20080814000161	00158325
20080814000269	00152862
20081114000266	00121941
20081106000290	00117267
20081114001059	00138792
20081114001206	00199252
20081114001204	00366942
20081114001126	00481454
20081114000477	00163691
20060515000911	00475985
20051114001754	00475985
20081114001444	00106368
20081113000107	00161125
20081113000177	00106368
20090331001862	00199252
20061114001373	00256502
20050331000644	00475985
20041115000226	00475985
20090514003664	00132992
20100816000124	00130684
20100816000293	00583424
20020425000002	00301246
20020329000936	00301246
20050812000855	00258102
20021121000032	00258360
20020814000513	00258360
20050813000090	00301246
20050513001916	00301246
20040813000609	00301246
20040621000259	00301246
20020330000708	00258689
20040330001354	00301246
20060516000214	00301246
20070514001761	00301246
20070330000876	00301246
20061114001170	00301246
20060814000907	00301246
20030331001861	00259590
20020814000805	00138701
20020514000117	00138701
20061115000080	00369107
20060330001080	00369107
20051110000274	00369107
20050812000196	00369107
20031127000282	00301246
20030813000229	00301246
20050812000163	00423177
20050513001452	00423177
20061114001209	00259590
20040329001471	00258421
20031128000040	00258421
20031113000588	00258421
20020814000813	00258421
20020515001330	00258421
20061114000878	00137058
20051114000284	00137058
20050520000077	00137058
20061113000108	00297934
20041112000579	00137058
20060928000115	00318316
20060928000183	00258689
20061117000109	00137368
20020515000099	00127167
20020514000314	00127167
20061114000502	00318316
20060515001035	00318316
20061114000692	00258421
20060515001452	00258421
20060331001717	00258421
20040506000933	00258421
20070928000385	00258689
20070709000015	00258689
20070515000412	00258689
20070214000157	00258689
20061114000732	00258689
20070515000242	00423177
20061114001014	00423177
20060515000908	00423177
20051111000306	00423177
20070514003207	00370255
20070515000360	00261054
20060908000248	00261054
20060330000119	00261054
20050513000023	00261054
20051114000953	00306162
20050816000411	00306162
20110331002288	00138729
20050516000842	00306162
20081114000705	00138729
20080515000734	00138729
20040511000998	00306162
20081114001698	00428321
20070515000408	00306162
20060912000207	00306162
20060504000997	00306162
20020515001201	00260930
20000513000352	00138190
20061228000142	00318316
20040814000056	00260569
20070515001624	00127954
20050812000420	00127954
20050331001720	00127954
20040514002475	00127954
20040330000335	00127954
20031201000249	00127954
20020814001058	00127954
20051114001076	00492894
20020214000238	00261373
20071114001404	00306162
20070412000532	00328191
20061114000540	00328191
20060331001581	00328191
20050514000258	00370255
20050514000155	00370255
20041112000645	00370255
20050329000585	00261054
20030814000655	00261054
20040514002180	00370255
20040510000266	00370255
20040329000870	00370255
20071114000136	00384887
20060214000552	00261373
20081114000837	00239514
20080814001860	00239514
20050331000219	00260958
20061114000879	00445841
20031113000476	00128315
20071115000016	00555874
20060814000757	00370255
20050813000046	00370255
20060515001908	00129989
20040712000002	00239514
20030814001770	00260930
20060515002476	00261373
20020806000009	00261443
20060330001263	00132804
20051114000828	00132804
20050812000451	00132804
20050514000236	00132804
20040813000956	00132804
20040617000098	00132804
20030812000001	00132804
20020517000007	00132804
20020514000031	00132804
20081114000016	00384887
20040521000343	00261373
20090331002970	00239514
20080515000871	00239514
20070330001809	00138792
20061114001634	00138792
20060515002834	00138792
20050816001013	00138792
20040813001429	00138792
20040617000258	00138792
20040513001622	00138792
20030814001922	00138792
20020814001356	00138792
20020401001135	00138792
20040511000659	00246417
20070814000298	00201742
20040514002057	00201742
20031201000337	00201742
20030814001434	00201742
20070515000260	00136226
20051111000089	00140052
20041112000240	00140052
20040813001436	00130684
20070514002953	00133618
20061113000523	00133618
20050812000925	00133618
20040601000219	00133618
20040510000570	00133618
20020813000296	00140131
20020514000562	00140131
20050812000851	00141529
20040813001355	00129280
20040514001772	00129280
20081114000494	00138516
20061114000210	00138516
20050331001372	00138516
20040515000275	00138516
20041112000009	00135795
20060515002972	00390365
20050513002030	00141529
20050429000989	00141529
20031209000061	00141529
20070814001888	00390365
20040525000279	00140168
20020329000820	00140168
20020515000226	00140168
20061114001201	00140566
20051111000374	00390365
20050516001023	00390365
20100514003241	00130772
20030328000975	00130772
20060814000373	00346911
20021114000241	00143907
20030813000265	00141608
20020814000100	00141608
20020330000784	00141608
20080814001554	00145446
20030814000102	00141529
20020814000042	00141529
20040512000194	00131832
20031114001551	00131832
20020814001132	00131832
20060512000783	00136226
20050512000724	00136226
20041115000370	00136226
20070813000329	00136776
20070814001733	00346911
20020515000307	00144720
20051114001140	00143527
20080814001154	00372882
20040813001661	00264228
20041115000767	00143794
20070515000604	00140946
20061114001125	00140946
20080515000364	00372882
20051114000899	00144252
20021029000169	00145552
20020510002722	00145552
20060515001915	00137234
20030814001113	00317487
20050816000523	00145914
20050214000276	00145914
20040813001036	00145914
20060512001962	00135111
20041115000407	00135111
20040511000339	00135111
20020515000765	00136086
20030814000482	00138057
20030814001332	00138057
20030814000011	00138057
20020814000202	00104856
20031114001686	00139719
20070814000515	00264228
20060515001446	00145914
20040514001350	00145914
20070515000986	00145914
20070515001417	00264228
20061114000851	00264228
20030814000367	00146296
20051114000665	00136457
20050516001255	00138598
20080214000309	00139214
20051114001282	00139214
20040813000840	00146296
20020330000907	00138446
20040408000422	00147082
20100816000287	00138367
20100514003595	00138367
20020329000123	00150439
20040621000329	00146560
20040514002285	00146560
20050330001244	00140061
20060811000846	00138446
20060512002591	00138446
20050330000679	00138446
20041111000024	00138446
20040514000243	00138446
20030814000924	00264228
20060811000051	00145686
20060627000023	00145686
20050628000095	00145686
20031204000181	00145686
20030814000076	00145686
20041115000418	00145686
20031114000558	00145686
20020514000147	00139153
20050812000148	00141246
20041115000747	00141246
20031201000051	00141246
20031114000255	00141246
20020515000662	00139889
20030331000810	00141246
20020515000726	00141246
20090514001041	00142883
20090430001362	00142883
20041115000168	00148443
20040616000197	00144243
20041112000869	00145190
20070514002843	00141389
20040513001682	00152686
20020814001274	00153375
20020515000039	00153375
20000513000078	00153375
20020513000486	00142883
20060511001162	00149947
20080814000949	00155151
20061114001036	00155151
20060814000579	00155151
20060331000287	00155151
20041115000061	00155151
20040623000232	00155151
20030328000967	00155151
20040629000486	00141626
20070814000195	00155948
20080328000488	00144395
20070514000328	00144395
20070330000404	00144395
20061113000319	00144395
20060811000484	00144395
20051114000034	00144395
20040514001517	00144395
20040326000439	00144395
20051111000080	00151395
20040514002205	00151395
20031113000096	00151395
20070515000876	00152686
20050516001350	00152686
20020515000585	00152862
20031114000849	00147860
20030814000235	00147860
20040213000248	00110875
20021114000042	00155151
20020514000649	00155151
20020502000163	00155151
20070813000311	00158325
20100812000189	00148984
20100330000499	00148984
20040330001459	00106368
20060515000243	00158307
20060814001504	00155276
20060512002342	00155276
20051111000165	00155276
20041203000113	00155692
20031031000116	00156910
20050331000568	00144164
20070330001123	00159254
20060814001385	00159254
20071114001095	00110893
20041112000631	00110893
20040514001794	00156895
20031128000468	00146427
20040517000271	00147152
20031126000162	00147152
20101115000953	00159193
20100517001617	00159193
20100331002251	00159193
20050816000883	00159193
20050516001269	00159193
20051114000231	00149804
20040514001332	00149804
20050812000541	00155276
20050512001561	00155276
20041117000136	00155276
20040621000280	00155276
20040511000368	00155276
20040326000757	00155276
20050513001402	00156910
20031202000064	00149804
20020326000583	00159731
20050514000137	00111421
20060814000016	00159740
20020514000296	00157991
20060331000970	00149646
20020514000448	00157070
20060811000504	00148896
20020515001165	00148896
20071114000893	00148896
20000330000029	00148595
20070629000206	00112059
20060214000486	00112059
20050214000132	00112059
20070814001626	00377610
20051117000023	00162586
20040330001298	00162586
20031114000819	00162586
20020814001018	00162586
20031114000924	00163512
20050812000661	00161781
20030814001668	00161781
20020330000806	00161781
20070517000008	00159616
20061114000979	00113243
20070214000033	00158963
20060814000936	00158963
20060214000508	00158963
20051114000086	00158963
20041115000770	00158963
20070814001554	00150536
20031129000020	00150536
20040813001270	00150828
20000330000454	00160375
20060512002663	00160861
20040813000098	00160861
20041111000310	00161046
20070516000047	00160375
20060515001397	00160375
20050516001213	00160375
20040527000333	00160375
20031205000212	00160375
20030813000181	00160375
20020514000923	00120289
20020330000511	00120289
20080514002459	00161125
20060515002597	00120526
20050513002100	00162832
20041113000035	00159795
20031113000451	00152589
20031114001534	00120289
20030814001752	00120289
20020814000850	00120289
20061114001229	00163673
20020814000820	00164636
20040813001252	00152385
20040510001272	00152385
20031001000096	00152385
20020814000324	00152385
20020330000008	00152385
20030811000057	00161462
20030328001450	00161462
20021113000105	00161462
20020813000221	00161462
20070515000089	00118521
20060915000054	00118521
20060904000166	00161462
20060904000159	00161462
20020814000904	00118008
20040812000320	00118008
20060512001108	00161462
20051111000151	00161462
20041112000515	00161462
20040514001938	00161462
20031104000036	00161462
20070629000354	00117267
20060629000223	00117267
20050816000991	00356839
20050514000112	00356839
20041112000492	00356839
20040621000143	00356839
20030813000395	00161125
20061114001879	00152039
20060511001450	00384717
20050812000915	00384717
20050608000052	00384717
20070330002043	00117498
20060814000332	00117498
20070813000581	00445054
20070330001236	00445054
20031202000058	00152039
20030814000908	00152039
20070515000223	00220109
20060814001613	00117337
20060515002981	00117337
20050812001033	00117337
20050516001163	00117337
20041115001097	00117337
20040515000171	00117337
20070814000457	00347734
20060214000442	00120182
20050629000425	00120182
20051114000631	00218575
20041115000028	00218575
20070814001360	00117188
20031203000235	00122579
20030814000286	00122579
20041115000243	00122898
20040507000643	00122898
20070814000633	00399694
20070515000142	00399694
20060811000342	00399694
20060330000963	00399694
20050812000029	00399694
20050513000339	00399694
20041112000367	00399694
20040813000181	00399694
20040629000498	00399694
20040511001426	00399694
20070814001767	00121941
20020401001444	00121969
20071114001270	00164830
20060811000726	00164830
20050331000827	00164830
20040511000639	00164830
20040330001778	00164830
20030813000587	00164830
20020330000529	00164830
20020515000593	00164830
20071115000033	00122472
20061115000093	00455875
20051114001537	00455875
20070515000506	00122472
20060915000255	00122472
20050816000669	00154329
20070516000042	00351630
20061114001169	00220109
20060515001491	00220109
20051114001058	00220109
20050816000480	00220109
20050516000794	00220109
20040813000262	00162416
20031114000868	00121570
20020515000098	00356839
20020515000063	00356839
20020813000153	00121570
20020515000232	00121570
20020401000862	00121570
20070330001939	00124799
20040513000083	00124799
20020401000221	00124799
20041112000756	00125150
20040813000298	00125150
20040514000570	00125150
20070814001398	00363592
20061113000409	00125725
20051114000561	00126089
20051114001597	00152880
20050513001933	00152880
20070515001718	00392691
20020814000915	00154329
20020515000733	00154329
20070516000113	00392691
20041112000877	00392691
20040507001033	00392691
20030813000611	00392691
20050330001573	00161976
20031114001432	00161976
20060515001814	00226352
20031129000061	00226352
20020814001081	00226352
20020401000685	00226352
20070814000804	00126414
20041112000889	00152880
20070514002550	00161976
20051114000530	00126186
20050816000705	00126186
20050331001177	00126186
20041112000648	00126186
20040813000935	00126186
20060814000884	00161976
20060512002140	00161976
20100331001792	00126362
20070827000267	00126362
20070814001990	00126362
20050331001673	00126362
20041115000044	00152783
20050516001449	00126362
20080814001362	00162993
20080515001815	00162993
20061204000161	00162993
20060515002413	00162993
20030814001217	00351092
20030814000742	00126788
20070814001511	00389970
20070814001186	00418379
20070330001705	00418379
20050812000984	00126788
20050513001272	00126788
20041115000350	00126788
20070814000306	00126788
20061113000354	00126788
20060814000285	00126788
20031204000194	00126955
20080324000041	00167004
20070514000548	00167004
20070517000081	00128926
20040616000169	00129989
20020515000425	00129554
20070814001562	00490151
20020515000538	00129235
20051114001490	00129280
20031119000023	00129280
20060330000553	00357607
20051111000457	00357607
20050513000599	00357607
20051114000471	00155319
20020515001204	00131832
20020401000152	00131832
20031204000038	00264945
20051114000759	00165583
20030331000775	00153755
20020401000805	00153755
20000515000291	00153755
20000330000352	00153755
20040517000426	00264945
20040515000167	00264945
20050516001476	00170558
20031212000196	00128607
20040330001368	00264945
20031114000641	00129679
20050516001671	00130091
20030926000020	00130091
20020515000004	00130091
20040213000628	00130091
20020814001325	00134963
20020401000427	00134963
20040705000183	00130772
20070813000245	00264945
20041115001157	00163716
20020814000985	00163716
20020515001331	00163716
20040819000134	00264945
20040813001776	00155258
20060512002491	00418379
20040330000482	00130684
20020515000885	00164788
20060330000704	00418379
20051114001073	00418379
20100813001144	00130772
20080515000587	00130772
20040513001457	00130772
20020513000298	00130772
20070330001378	00165103
20061113000233	00165103
20040813000597	00155319
20040514001225	00155319
20031114001277	00155319
20041112000254	00133663
20020813000239	00136776
20070515000320	00155212
20070329000215	00155212
20061114000187	00155212
20070511002573	00391197
20070329001025	00391197
20020813000692	00133557
20020329000049	00133557
20040813000426	00133663
20031202000164	00231354
20060927000114	00165103
20020330001000	00264945
20020813000090	00170558
20030814000668	00170558
20060914000109	00170558
20041115000762	00170558
20060421000265	00391197
20070516000026	00133557
20060515000328	00133557
20050816000003	00133557
20041112000750	00133557
20030814001824	00155212
20050331000082	00407036
20030813000028	00139153
20021113000255	00139153
20030814000143	00137058
20020514000857	00137058
20051114000704	00137207
20020329000006	00135795
20041108000198	00367604
20060814001416	00157681
20060331001984	00157681
20090331000959	00138729
20110330000209	00265041
20030814001585	00159102
20050816000664	00138057
20050513001462	00138057
20040813001627	00138057
20020814000492	00138057
20071114000060	00516246
20051123000066	00140955
20050513002541	00140955
20050516000183	00174208
20040330000571	00166315
20031113000403	00167208
20020813000523	00167208
20020514000368	00137234
20020330000730	00140779
20061113000303	00173449
20051114001725	00140061
20050421000361	00140061
20021113000561	00140168
20040814000112	00140779
20040524000303	00140779
20030515001279	00358271
20020515000685	00358271
20080129000081	00176835
20020812000007	00177320
20070814000645	00358271
20070330001015	00358271
20040813001806	00358271
20040527000298	00144021
20041112000076	00144243
20070814001206	00144164
20060814001110	00144164
20050513002189	00144164
20061114000086	00369569
20060811000122	00369569
20041112000174	00369569
20030813000664	00240857
20030814000059	00146083
20020329000380	00240857
20041112000723	00159342
20041115000110	00146427
20040814000065	00146427
20020401000162	00146427
20021113000018	00178851
20020514000402	00178851
20070814000537	00185046
20070515001519	00185046
20040813001272	00185046
20040515000478	00185046
20060331001066	00145163
20050516000767	00145163
20031127000059	00186939
20031113000140	00186939
20030814000054	00186939
20040713000223	00186939
20041112000509	00186939
20040813000277	00186939
20040508000041	00150439
20020814000234	00150439
20070515000282	00405320
20041112000900	00405320
20050512000356	00147860
20050331000120	00147860
20041115000494	00147860
20020515000006	00147860
20020401000870	00147860
20070814001568	00173698
20060814000337	00152589
20040513001481	00152589
20051114000442	00173698
20040512000793	00175173
20030814000716	00152686
20020330000311	00146861
20040220000374	00147152
20050928000229	00147152
20060814000624	00172936
20060518000057	00172936
20060515002239	00172936
20060330001358	00172936
20060331002323	00172936
20040213000597	00173698
20060915000017	00147860
20050812000010	00147860
20060814001554	00153861
20070515001246	00146649
20060331000522	00186559
20100517001382	00159023
20100504001200	00159023
20040618000017	00159023
20080506000832	00200275
20050513001640	00200275
20040514000462	00200275
20050816000083	00155212
20050330000503	00155212
20031203000031	00155212
20030813000673	00155212
20020813000662	00155212
20031202000148	00155258
20030331001973	00155258
20070330001707	00155276
20051114000299	00416654
20041112000044	00416654
20031126000184	00416654
20060811000838	00155212
20030814000551	00175173
20020330000839	00153375
20061114001070	00449379
20060814000280	00449379
20060512002569	00449379
20080515002491	00155151
20020514000178	00186939
20031113000117	00175173
20070814000305	00175173
20060811000531	00175173
20060515001764	00175173
20060512001815	00175173
20060330001379	00175173
20051114000089	00175173
20050811000173	00175173
20050506000162	00175173
20050329000392	00175173
20041122000003	00175173
20070328000007	00175173
20050513000678	00160302
20040616000193	00160302
20040514002099	00156442
20031216000160	00156442
20041202000106	00363486
20061114001820	00364467
20041115001048	00266952
20040514002229	00266952
20040330001419	00266952
20000814000035	00159810
20000515000210	00159810
20000330000053	00159810
20060512000655	00186939
20051114000114	00186939
20050513001645	00186939
20050331000227	00186939
20041127000001	00186939
20040330000193	00186939
20050331001862	00266952
20090331002673	00199252
20070515001798	00378628
20060915000152	00378628
20081114000078	00267906
20040514003168	00160302
20090331000044	00177870
20080331000033	00177870
20061114000353	00192499
20051114000742	00192499
20031114000151	00192499
20020329000786	00157070
20070813000274	00406727
20070515000442	00406727
20081013000215	00190321
20080814000825	00190321
20050429001585	00373571
20070814000777	00155692
20070515001065	00155692
20060811000100	00155692
20060515002773	00157681
20040623000287	00406727
20051114001113	00157681
20050331001152	00157681
20040514002132	00157681
20040629000472	00366942
20070515001717	00156956
20051114000130	00267906
20050813000041	00267906
20050331000040	00267906
20041115000534	00267906
20040621000015	00267906
20051114001455	00160418
20021113000037	00160302
20060814001590	00199252
20060516000476	00199252
20060515003115	00199252
20030515000913	00267906
20020514000499	00187725
20040623000058	00372688
20040330002429	00372688
20080515001646	00366942
20041115001214	00366942
20040813001345	00366942
20040611000109	00267906
20050516000633	00247975
20040531000122	00247975
20050816001072	00187725
20040527000284	00187725
20031114001375	00187725
20040214000032	00267881
20140206000010	00160843
20061114000378	00258102
20051114000509	00258102
20081114000572	00414601
20080331000176	00267906
20070814000916	00267906
20070516000175	00267906
20070515000696	00267906
20060330000193	00267906
20070814001363	00160843
20070515000117	00191287
20050330001311	00414601
20070814001388	00385336
20070515000464	00385336
20060512000237	00385336
20051114001281	00385336
20060811000014	00204262
20050816001150	00204262
20050513002367	00204262
20041115000911	00204262
20020515000138	00204262
20020514000433	00204262
20070813000097	00541163
20070515001319	00541163
20070330002268	00389110
20060814000565	00389110
20060515001303	00389110
20051114001102	00389110
20050516001425	00389110
20040813000736	00389110
20070515002280	00488989
20051114000066	00488989
20051114001224	00508274
20020515000955	00161860
20061128000237	00268002
20061114001411	00268002
20060515002547	00378220
20060515001291	00260930
20050331000415	00260930
20041115000849	00260930
20040813001024	00260930
20031114000782	00260930
20030814000342	00260930
20050429000312	00268002
20020814000314	00161860
20050331001874	00268002
20041115000602	00268002
20061113000216	00373021
20051114000306	00373021
20100331002993	00164478
20020401000605	00161860
20070511002210	00445841
20041115001021	00165060
20060814000169	00398668
20060515000373	00398668
20050812000545	00398668
20050523000094	00398668
20050331000135	00398668
20040623000210	00398668
20031113000185	00398668
20070814000028	00398668
20070330000099	00398668
20061113000248	00407771
20070814000153	00162063
20070330001207	00162063
20060331000038	00162063
20051114000008	00162063
20050513001513	00162063
20050429000568	00162063
20050513001271	00198192
20061114000678	00422284
20050331000971	00422284
20020814001141	00203209
20060814001223	00405278
20020214000245	00203209
20080814000176	00264635
20080514003897	00264635
20051114000507	00171867
20050812000458	00447760
20051115000137	00203209
20051112000024	00203209
20040515000098	00203209
20060814000904	00406329
20041115000071	00203209
20070515001650	00204208
20070814001198	00269922
20070330001150	00269922
20061114001383	00269922
20060515003074	00269922
20020513000003	00162911
20061114000538	00540641
20100517000552	00208134
20070329000686	00596677
20060515000886	00471068
20051114001081	00471068
20031203000064	00204208
20031114000812	00204208
20030814000654	00204208
20050429001295	00398808
20050330001436	00398808
20041112000285	00398808
20040628000198	00398808
20040618000066	00398808
20040527000134	00398808
20040514001261	00398808
20031201000251	00398808
20051115000378	00269922
20050516000753	00269922
20020813000127	00348034
20050816001090	00163114
20061114000761	00398808
20060915000181	00398808
20060515001484	00398808
20051112000047	00398808
20050812000307	00398808
20050513001041	00398808
20060515001646	00204208
20071114000371	00208134
20040514000131	00267979
20040514002504	00269922
20030512000143	00309503
20031113000340	00269922
20101115001737	00605124
20070814000405	00208134
20040525000290	00301246
20041112000743	00440712
20040527000276	00440712
20050516001155	00163114
20050331001227	00163114
20041115001016	00163114
20040525000005	00163114
20040511000494	00163114
20040507001182	00163114
20040419000135	00163114
20070329000957	00297448
20060814000794	00297448
20050331000294	00297448
20040813001579	00415327
20020515000750	00163114
20070814000986	00297448
20070515001800	00297448
20051114000514	00297448
20050513002688	00297448
20040330002206	00297448
20030814001200	00297448
20020808000146	00362292
20101115001314	00163691
20100517001680	00163691
20080814000362	00163691
20080515001229	00163691
20020401000134	00163691
20031127000077	00369213
20070814001636	00163114
20070330002236	00163114
20061114001961	00163114
20060331002141	00163114
20051114001435	00163114
20061114000909	00508274
20070813000047	00378628
20000629000046	00203315
20060515002130	00453929
20041120000012	00299464
20040528000054	00299464
20070814001842	00427483
20040621000009	00163114
20050331001824	00389110
20070330000296	00392691
20051215000214	00392691
20051114001746	00392691
20050514000117	00392691
20080814001237	00302926
20061114001801	00302926
20061113000037	00299464
20070928000203	00261373
20050214000419	00261373
20051114000820	00261373
20030929000083	00261373
20070515001252	00165103
20030515000299	00203315
20070330001875	00378220
20060414000508	00164706
20050430000081	00164706
20050414000547	00164706
20050228000146	00164706
20041015000092	00164706
20040714000095	00164706
20081114002070	00475718
20070330000834	00440712
20061114000094	00210980
20060814000362	00210980
20060524000032	00210980
20070814000854	00453929
20070330002176	00453929
20061114000444	00453929
20051111000292	00453929
20031114001510	00164812
20030814001562	00164812
20061114000408	00462121
20060814000950	00462121
20060517000225	00462121
20051114001015	00462121
20050509000488	00462121
20050329000888	00462121
20060515000420	00210980
20061114001459	00164812
20060810000370	00164812
20060512000450	00164812
20050830000312	00164812
20050511000599	00164812
20050331001760	00164812
20040514001216	00164812
20070515000597	00209780
20070329001209	00209780
20070814000500	00220686
20031114000391	00220686
20020812000097	00220686
20041115000426	00165060
20031114000292	00165060
20090331002287	00200275
20070814000433	00363486
20080813000453	00200275
20050331000896	00200275
20040527000160	00200275
20050812000035	00205003
20041115000864	00205003
20040814000359	00205003
20031114000958	00205003
20070518000027	00101433
20070330000611	00101433
20061114001375	00101433
20060814000112	00101433
20070814002052	00101044
20020814000953	00200275
20020329001263	00200275
20030814001060	00164742
20040527000039	00166272
20040514000648	00166272
20020814000754	00166272
20020515000522	00166272
20020329000495	00166272
20070814001794	00405320
20060811000576	00209780
20050812000179	00209780
20050330000333	00209780
20040618000320	00209780
20040519000166	00209780
20040514002550	00209780
20040330001482	00209780
20040330001858	00209780
20031205000159	00209780
20031114000781	00209780
20020330000999	00209780
20020330000725	00209780
20031114001203	00101549
20030813000018	00101549
20020814000277	00101549
20020514000304	00101549
20020814000668	00101044
20040813000387	00101220
20070522000013	00101044
20070515002022	00101044
20070813000671	00101628
20020813000197	00102140
20020514000205	00102140
20000329000125	00102140
20070329000590	00103006
20061113000358	00103006
20070329000406	00102140
20060330000067	00102140
20031113000284	00102140
20060512000230	00101433
20051111000515	00101433
20050331000852	00101433
20040813000334	00101433
20040618000289	00101433
20040601000238	00101433
20031128000178	00101433
20031113000109	00101433
20030814000972	00101433
20020814000393	00101433
20020515001148	00101433
20070329000179	00102113
20061110000085	00102113
20060811000397	00102113
20060512002250	00102113
20060329000625	00102113
20051111000323	00102113
20070814000512	00103510
20030814000384	00102751
20020808000007	00102751
20020514000038	00102751
20020330000616	00102751
20000510000418	00102751
20060809000153	00103006
20060512001542	00103006
20050812000560	00103006
20050513001416	00103006
20050329000446	00103006
20041111000319	00103006
20040811000140	00103006
20040617000069	00103006
20040527000334	00103006
20040513000868	00103006
20040329001055	00103006
20031201000077	00103006
20030814000256	00103006
20020814000101	00103006
20020514000349	00103006
20020329000035	00103006
20041115000105	00102432
20041115000537	00102353
20040514000701	00104810
20031113000343	00104810
20030814000670	00104810
20030326000323	00102113
20040330001577	00103042
20031114000203	00103042
20030814000806	00103042
20030515000458	00103042
20030331001433	00103042
20020515000889	00103042
20040709000104	00104786
20061114000107	00102618
20061113000119	00103042
20060811000315	00103042
20051111000582	00103042
20050831000126	00103042
20050812000801	00103042
20050513000742	00103042
20050331000438	00103042
20041115000260	00103042
20040813000482	00103042
20040624000212	00103042
20040515000255	00103042
20070514003283	00104573
20070515000525	00104698
20070328000072	00104698
20061114001162	00104698
20060811000517	00104698
20060515000767	00104698
20060331000417	00104698
20051110000299	00104698
20050816000546	00104698
20050331001516	00104698
20041115000480	00104698
20040814000014	00104698
20040330001031	00104698
20031201000204	00103130
20030814000278	00103130
20020515001024	00103130
20050330000006	00104810
20041115000042	00104810
20040813000356	00104810
20040519000021	00104810
20040330002482	00104810
20040512000823	00104786
20030814001154	00104786
20051114000060	00104388
20040524000071	00104388
20031113000268	00104388
20030327000081	00104388
20020812000018	00104388
20020328000539	00104388
20081114001664	00104856
20070514002884	00104786
20060814001499	00104786
20051114001050	00104786
20050516001006	00104786
20041112000358	00104786
20040813001292	00104786
20040531000138	00104786
20040528000549	00104786
20020401001326	00104999
20070515001675	00105138
20061114001246	00105138
20060814000457	00105138
20031114000509	00220561
20020813000063	00105101
20020329000420	00105101
20080515001305	00106368
20071119000074	00106368
20070814001882	00106368
20070515001197	00106368
20070330001434	00106368
20061114000536	00106368
20080814002032	00105961
20070330000807	00106669
20060814001423	00106669
20060515002066	00106669
20031114000450	00106669
20020809000085	00106669
20051114000888	00105138
20050331000406	00105138
20041112000858	00105138
20040517000480	00105138
20040330000592	00105138
20031128000351	00105138
20030515000233	00105138
20080814001351	00104856
20080214000290	00104856
20070814001202	00104856
20070214000237	00104856
20060814001112	00104856
20060629000216	00104856
20060214000322	00104856
20050629000396	00104856
20080515001233	00105952
20050214000271	00104856
20040813000661	00104856
20040629000490	00104856
20040213000054	00104856
20021029000040	00104856
20020628000274	00104856
20020214000392	00104856
20020330000503	00106368
20110331002563	00106368
20100528000348	00106368
20100416000323	00106368
20100331002966	00106368
20040514002467	00106368
20031127000237	00106368
20031204000318	00106395
20020429000347	00106395
20081113000208	00108241
20080515000290	00108241
20021114000263	00107066
20020813000380	00107066
20020330000817	00107066
20060515002823	00106368
20060331000411	00106368
20051114000338	00106368
20050816000071	00106368
20041112000191	00106368
20040902000037	00106368
20040625000147	00106368
20040601000173	00106368
20080814000584	00108241
20040329001034	00106119
20020629000038	00109037
20020209000252	00108649
20060330001211	00107987
20051114000706	00109189
20040513001479	00105952
20040514001373	00223434
20040329000343	00223434
20020330001001	00223434
20040814000240	00109037
20040330001606	00109037
20040510000646	00109037
20030813000564	00109037
20020814000160	00109037
20070330001371	00109268
20061117000187	00109268
20060814000224	00109268
20060512002541	00109268
20060330000138	00109268
20050513000618	00109268
20050330000076	00109268
20040813000793	00109268
20040622000179	00109268
20040525000314	00109268
20040525000307	00109268
20040514001336	00109268
20030514000211	00109268
20030329000354	00109268
20021112000077	00109268
20020812000003	00109268
20020510000843	00109268
20060331000905	00109754
20040618000050	00109754
20040525000089	00109754
20031202000040	00109754
20031114000703	00109754
20030814000416	00109754
20020514000257	00109754
20050516000241	00109781
20040525000319	00109781
20020514000668	00109781
20051114000666	00109693
20000330000636	00111689
20070814000827	00111111
20031215000082	00108135
20070813000388	00166573
20040826000162	00109718
20040813000756	00109718
20060811000378	00110884
20070330001732	00109824
20060512000748	00166573
20050429000947	00107987
20040514001154	00107987
20040330001749	00107987
20031114000633	00107987
20060515001554	00109824
20050812000820	00109824
20050331000077	00109824
20040617000115	00109824
20040514000693	00109824
20040330000095	00109824
20031114000152	00109824
20030813000602	00109824
20020330000129	00109824
20070814000666	00109268
20051111000267	00109037
20050513002058	00109037
20031114000490	00108940
20030814000015	00223434
20000609000260	00110875
20051114001417	00111458
20060519000033	00110884
20051114000358	00110884
20050816000109	00112022
20080814001665	00110583
20080515001436	00110583
20040514001213	00111458
20040329001491	00111458
20020327000281	00111458
20020513000019	00112651
20000811000265	00112651
20040514002734	00111458
20070514002541	00110431
20061114001000	00110431
20051114000152	00110431
20050816000061	00110431
20050513001403	00110431
20050330001035	00110431
20040514000558	00110431
20040514000515	00110431
20040329000947	00110431
20041115000629	00110583
20030814001564	00110583
20020401000896	00110583
20060331001459	00111218
20050513000135	00111218
20061114001016	00111218
20061114001698	00112059
20051221000260	00112059
20060713000092	00112059
20070514001048	00112651
20070629000067	00110893
20060814001028	00110893
20060629000145	00110893
20060214000053	00110893
20050811000094	00110893
20051114000201	00113128
20050812000975	00113128
20050514000100	00113128
20041113000043	00113128
20040531000320	00113128
20040525000440	00113128
20040514002193	00113128
20040511001104	00113128
20031114000012	00113535
20070814000393	00310156
20040519000155	00112378
20040330000800	00112378
20031128000167	00112378
20030814001708	00112378
20020814001062	00112378
20000330000630	00112378
20050330001686	00113128
20030814001776	00113526
20060515002001	00310156
20060814000126	00116408
20060515002573	00116408
20050816000024	00116408
20020214000095	00113359
20041112000793	00113359
20031114000684	00113359
20021113000668	00113359
20040814000119	00310156
20061128000037	00113243
20050927000119	00113243
20040213000287	00113243
20070330001645	00310156
20061114001715	00113508
20051114001275	00113997
20050516000480	00113997
20050314000303	00113410
20040601000211	00113410
20040514002654	00113410
20040514000137	00113410
20040312000087	00113410
20020515001011	00113526
20070521000240	00113243
20000330000500	00115676
20050816000759	00113359
20050629000447	00113359
20050214000306	00113359
20040213000320	00113359
20030818000103	00113359
20030814000500	00113359
20030214000012	00113359
20040629000178	00310156
20040514002120	00310156
20061114000689	00115612
20051114001764	00115612
20041115000859	00115612
20040813001131	00115612
20000814000534	00114093
20000330000807	00114093
20070511002425	00117188
20060515002346	00117188
20060331001668	00117188
20051114001809	00117188
20051114001502	00113492
20070515000938	00216762
20061114000786	00216762
20030513000554	00121534
20030814000891	00118275
20100625000270	00120182
20070216000266	00120182
20020814001353	00120182
20020515001173	00122825
20070515001970	00121288
20070330000221	00121288
20061113000531	00121288
20060512001746	00121288
20060330001238	00121288
20051111000509	00121288
20050812000301	00121288
20050513000720	00121288
20050330000777	00121288
20031114000141	00121288
20030814000604	00121288
20020814000325	00121288
20020515000233	00121288
20070330002134	00116949
20061114001379	00116949
20041115001087	00120571
20020401000684	00116301
20060331001214	00117498
20051114000956	00117498
20041113000151	00117498
20040813001739	00117498
20040514003079	00117498
20030829000108	00117498
20030814001442	00117498
20020814001369	00117498
20020515000615	00117498
20020402000136	00117498
20020814001097	00121969
20061114001617	00120182
20090213000305	00111722
20080814000712	00111722
20050816000506	00117498
20040330000801	00118804
20030812000113	00118804
20060214000185	00119195
20040213000437	00119195
20051114000749	00119195
20041115000905	00121507
20060629000018	00113562
20050214000230	00113562
20061113000260	00167192
20040622000302	00117708
20051111000318	00167192
20040813000027	00167192
20040601000185	00167192
20040601000183	00167192
20040330000034	00167192
20031128000052	00167192
20031114000032	00167192
20030813000159	00167192
20020515000642	00126937
20051114001687	00120526
20041115000375	00120526
20100401001249	00117212
20030814000632	00122348
20060814000946	00122694
20060331001644	00122694
20040813001074	00122694
20030813000140	00122694
20020514000567	00122694
20020401001292	00122694
20070814000558	00121543
20020330000336	00167192
20040813000026	00167192
20031001000008	00167192
20060330000618	00119007
20050819000101	00119007
20050331001797	00119007
20051114001921	00125530
20041112000674	00125530
20020813000406	00113562
20020610000155	00113562
20051114000036	00113562
20041115000776	00113562
20031114000997	00113562
20021114000121	00113562
20020814000638	00167192
20020515000980	00167192
20020515000169	00119007
20020330000321	00119007
20000329000390	00119007
20060814000596	00120924
20051114000629	00120924
20050816000686	00120924
20050516000398	00120924
20041112000435	00120924
20040812000118	00120924
20040625000293	00120924
20040514000224	00120924
20041115000793	00119007
20040813000791	00119007
20040514003003	00119007
20031201000240	00119007
20030814000064	00119007
20061114000104	00233653
20051114000886	00233653
20050516001065	00233653
20021114000409	00233653
20030924000065	00113562
20030814001253	00113562
20040514001581	00118266
20031113000477	00124504
20081114000735	00122737
20051114001141	00230814
20040602000036	00231442
20070514003787	00231442
20000515000172	00231442
20061113000212	00170877
20021113000137	00170877
20030630000111	00113562
20040507000476	00122898
20040330000425	00122898
20040330001974	00122898
20030814000095	00122898
20041112000242	00231363
20060515003010	00231363
20051114000720	00172680
20041115000800	00172680
20040813001211	00172680
20040517000379	00172680
20040515000486	00172680
20031106000072	00231664
20021113000465	00231664
20020814000058	00231664
20000810000122	00231664
20050331001946	00173102
20050331001150	00173102
20031202000214	00172680
20031114000338	00172680
20030814000775	00172680
20070330001848	00306162
20060515002254	00306162
20070515001038	00176914
20030926000160	00175623
20020525000082	00232007
20040930000003	00175623
20060331000300	00238782
20041125000080	00238782
20041115000219	00238782
20040524000027	00238782
20040524000022	00238782
20040514000484	00238782
20040330001657	00238782
20020814000843	00232007
20031113000522	00225742
20031113000375	00225742
20020515000478	00249502
20051114001920	00177816
20020515000421	00258689
20060628000025	00172945
20050628000052	00172945
20060210000270	00172945
20041113000130	00172945
20031114000443	00172945
20050812000131	00172945
20050205000005	00172945
20040210000380	00172945
20031107000128	00172945
20030923000165	00172945
20020807000169	00172945
20020629000002	00172945
20040727000054	00172945
20040628000083	00172945
20060811000143	00172945
20021114000734	00258360
20081114000487	00173795
20040330000418	00173591
20070515001097	00205687
20040813000712	00268002
20030814001404	00255619
20080814000575	00173795
20080515000939	00173795
20070515000336	00173795
20061114001979	00173795
20061114001974	00173795
20061114000618	00173795
20060515001076	00173795
20050816000168	00173795
20040514000232	00173795
20040330000249	00173795
20031204000256	00173795
20031114000241	00173795
20030331000119	00173795
20020515000142	00173795
20000515000068	00173795
20000330000057	00173795
20070427000770	00180865
20070814000450	00318662
20061114001439	00259590
20020514000051	00185222
20020330000026	00208444
20060515001483	00269940
20040813000386	00210740
20040618000227	00210740
20030814001243	00210740
20030905000160	00176835
20020514000813	00261373
20051114000728	00266934
20040330000112	00256502
20040514001042	00197759
20050816000625	00201131
20040730000058	00203290
20040511000025	00203290
20070516000208	00198697
20070514004016	00198697
20050507000026	00198697
20040813000484	00246417
20061114000466	00201733
20051114000092	00261957
20020814001306	00216647
20020814000713	00297934
20070509000121	00265041
20020810000123	00265041
20041115000084	00238153
20070329000733	00303192
20050812000221	00303192
20050516001821	00303192
20020401000433	00268251
20060331002061	00389110
20060515002791	00216647
20051114000161	00216647
20050429000760	00216647
20050331000522	00216647
20040514002344	00287812
20040527000273	00303192
20040528000314	00264945
20040528000298	00264945
20030814000899	00264945
20040330001341	00296078
20061114000024	00267906
20050928000223	00261373
20040813001442	00296078
20031112000007	00307028
20020808000211	00307028
20020513000206	00307028
20020327000167	00307028
20070515000352	00276834
20060515003341	00276834
20050830000237	00276834
20050329000054	00276834
20020517000192	00230036
20020515001251	00230036
20060811000190	00297934
20060515002144	00297934
20060331001999	00297934
20051114001338	00297934
20050816000894	00297934
20050228000312	00297934
20041115000390	00297934
20040813001567	00297934
20031114001703	00297934
20030814001400	00297934
20020401000131	00305297
20040214000007	00330044
20061114000648	00297448
20070814001048	00273110
20070514003753	00273110
20070331000003	00273110
20060811000249	00273110
20070330000239	00238153
20060515001120	00238153
20060330000640	00238153
20030813000252	00238153
20020514000493	00238153
20051111000438	00273110
20050812000264	00273110
20050429000252	00273110
20041115000617	00273110
20040813001557	00273110
20040513000137	00273110
20040512000051	00273110
20040330002243	00273110
20031129000094	00273110
20031114001783	00273110
20030814001969	00273110
20020330000029	00273110
20020511000222	00231691
20070515000915	00540447
20041112000084	00170877
20051110000050	00347062
20040622000102	00160588
20040514003401	00160588
20040514003125	00297448
20031201000126	00297448
20070515001782	00349811
20040329000952	00288343
20031128000143	00288343
20031113000130	00288343
20020814001302	00273439
20020529000233	00273439
20020515001272	00273439
20060810000142	00300548
20070816000010	00292434
20040514003544	00292434
20020816000088	00292434
20020515000091	00292434
20080515001095	00488402
20071114000503	00488402
20061114001546	00296324
20050830000150	00296324
20081114001611	00292434
20080515001216	00292434
20050325001070	00470829
20040524000161	00470829
20040524000134	00470829
20070330000512	00494476
20070515001372	00506294
20061114001307	00359395
20060821000108	00359395
20060811000817	00359395
20060331002308	00359395
20100517000487	00583424
20101115000673	00583424
20051114001821	00361008
20050816000599	00361008
20070814000035	00199988
20100514002487	00365387
20080515002021	00481454
20070504000252	00379229
20030814001627	00352499
20050816000373	00152880
20061114001475	00353762
20060512002400	00353762
20050816001153	00353762
20050812001057	00353762
20061114001673	00379229
20050413001030	00353762
20050331000746	00353762
20041115001182	00353762
20041115001088	00353762
20040901000151	00353762
20040813001768	00353762
20040515000394	00353762
20040513000032	00399694
20081114001621	00547583
20080814002022	00547583
20071114000642	00362238
20070504000917	00362238
20061114000304	00362238
20060721000171	00362238
20060331002641	00362238
20041111000100	00362238
20030814000138	00167208
20020514000109	00167208
20030814001561	00367695
20070330001078	00390514
20060515001743	00390514
20060330001264	00390514
20040117000001	00112651
20070814001230	00303396
20070510002339	00397289
20050810000045	00397289
20041112000551	00129679
20060330000534	00166315
20020329001391	00167208
20070814000265	00250137
20060811000443	00293886
20041115000004	00293886
20040528000216	00166315
20100212000241	00111722
20090216000332	00298377
20080214000032	00298377
20061114000085	00249982
20060512002389	00249982
20041115000826	00249982
20070515000411	00249982
20070330002298	00185046
20061114000572	00390514
20051114000854	00390514
20020515000216	00134723
20031114000704	00112378
20081114000778	00264635
20060814001445	00362292
20060504000152	00362292
20050516000688	00362292
20031114000560	00115612
20060331001290	00407814
20040524000113	00185046
20030331000175	00132804
20060508001240	00310156
20020401000037	00132804
20040514001732	00256502
20040830000173	00296078
20050514000101	00240857
20050330000051	00240857
20031127000313	00240857
20030813000138	00309831
20061114001632	00397289
20040330000383	00392691
20061114001221	00288495
20070330000971	00201733
20051114000431	00201733
20030514001207	00201733
20040514000714	00201733
20021112000013	00201733
20080813000146	00138367
20040525000432	00162586
20060314000464	00305570
20050516000150	00305570
20030814000182	00305570
20040814000380	00288495
20030519000197	00288495
20020814001310	00336297
20040331000783	00407036
20070514001043	00239596
20051114001356	00112059
20080814002207	00112332
20020814000464	00126779
20070514001156	00398668
20061114000019	00398668
20051114001659	00398668
20041116000045	00398668
20070515002049	00365457
20070511000268	00351807
20070515001293	00366845
20060515002433	00188973
20030925000138	00188973
20050331001418	00392691
20031202000015	00392691
20051114000645	00364467
20050401001071	00133557
20040810000117	00132725
20050513001777	00231442
20031114000998	00158015
20070814000067	00373021
20220908000425	00118521
20020629000162	00203209
20060814000784	00392691
20050629000059	00171867
20050214000117	00171867
20000605000137	00184889
20061110000167	00406329
20031114000787	00297448
20050428000568	00131896
20040514001928	00144243
20070515000637	00137234
20040814000036	00264714
20061114001927	00264714
20040330002433	00201742
20070814000789	00339072
20060808000022	00339072
20050406000665	00122694
20030816000001	00121154
20070510000847	00301246
20081114000806	00351630
20070810000489	00127857
20061113000223	00134477
20050513001046	00133557
20081114001305	00120182
20081114001701	00110583
20031127000344	00339072
20041115001227	00187725
20030814000879	00187725
20110331002162	00688996
20020813000401	00216027
20051114001054	00384717
20070515001537	00132804
20070814001849	00165103
20060214000235	00165103
20021113000463	00130772
20041113000152	00385336
20040623000247	00131832
20051114001583	00246620
20051110000223	00367604
20061114000667	00202060
20030814001514	00132725
20040329000972	00113128
20061114000957	00186717
20061114000360	00198192
20040813000319	00198192
20070330000957	00146214
20050516001236	00134477
20050516000285	00155212
20080328000400	00108241
20021114000645	00109754
20080509001598	00144395
20090331001878	00145446
20040514000096	00125530
20040514000854	00130684
20040810000122	00155276
20031112000059	00416654
20020514000496	00265421
20040515000288	00105138
20070514001263	00267942
20040813001626	00330044
20061114001232	00330044
20051117000218	00267942
20040813001281	00267942
20030515001051	00267942
20030331000622	00267942
20031114000905	00117498
20061114000283	00228350
20041116000203	00111218
20040813001304	00113128
20050331002131	00155319
20030331000142	00126955
20040813000733	00415327
20070515000088	00133557
20051114001580	00153861
20050816000871	00157681
20071114001398	00160843
20050812000338	00228350
20040813000197	00130772
20040330000671	00398668
20050429000990	00125974
20021114000276	00138701
20040511000580	00162911
20041112000595	00176914
20031114000705	00422895
20060511000704	00397289
20070328000603	00370255
20060515001674	00370255
20051114001095	00370255
20070814001535	00261054
20040515000227	00121154
20040514000130	00121288
20040514001651	00133618
20020401000695	00163114
20031128000020	00301112
20060515002065	00199076
20020513000575	00199076
20021114000698	00159102
20051114000528	00161693
20050816000087	00161693
20020209000266	00162416
20041112000866	00120906
20041112000749	00138516
20041113000015	00125576
20070330000436	00360036
20070814000858	00360036
20020425000139	00307028
20020515000645	00175623
20040330001044	00398808
20041116000213	00199076
20030813000628	00199076
20030331000091	00199076
20000812000093	00199076
20050513000530	00129989
20040531000117	00287812
20050331001696	00109754
20070515001412	00243757
20040624000117	00440712
20061114000390	00440712
20050516000193	00162586
20050331001011	00162586
20100813000215	00692254
20020814000108	00127200
20031114000164	00353762
20030812000209	00103130
20031114000536	00103130
20030814001124	00151395
20060512000127	00303192
20051111000342	00303192
20050330001114	00303192
20060913000178	00353762
20060331002137	00353762
20050511000186	00353762
20031114000502	00398808
20040813001575	00163114
20070330001223	00199076
20051114000808	00199076
20070515001099	00418379
20050331000763	00120289
20060512000079	00261054
20070329000107	00261054
20040818000025	00261054
20051114000006	00261054
20040623000083	00317487
20060814000710	00239514
20080814000454	00130684
20050331000173	00120924
20050331000548	00140131
20020813000437	00175173
20050812000130	00122694
20070515000225	00162063
20020515000778	00129280
20050330001022	00133663
20040330001307	00122694
20061113000548	00180263
20051114000286	00133557
20060512000089	00359580
20061114000976	00442145
20030329000071	00178851
20060814001098	00122472
20070330001161	00363510
20050818000165	00206686
20020513000269	00155735
20050331001036	00303703
20070514003073	00113243
20041115000345	00350020
20070330001561	00159254
20030814001604	00126292
20031114000175	00267854
20040514000728	00122898
20050516001608	00152127
20051114001801	00356839
20040330002440	00356839
20040622000175	00373571
20031201000269	00373571
20060313000046	00129013
20080814002044	00147082
20050816000396	00155151
20041111000177	00470829
20070814000851	00155212
20020814000165	00141556
20060515001747	00126186
20050813000060	00137058
20041112000929	00159731
20030217000133	00145190
20030814001956	00144164
20040813000874	00356839
20041115000113	00407771
20040329001229	00155212
20070330000651	00155692
20060913000031	00152862
20030814001257	00124799
20040330000216	00127936
20051114000635	00121154
20070514000258	00363246
20031114000256	00127954
20040813000649	00139153
20081114001897	00162993
20070515002077	00138516
20070814001439	00118521
20040513000301	00406727
20031114001189	00138367
20050430000194	00155212
20040622000183	00155212
20040619000020	00151395
20050330001390	00125974
20070328000001	00136776
20041115001202	00153861
20050516000586	00154329
20060512000120	00369107
20050811000130	00414601
20070514002404	00373571
20020513000022	00177320
20080514000370	00555874
20050513000698	00155319
20020514000550	00159564
20070510001078	00134565
20020329000245	00155735
20040813000768	00110893
20040512000505	00139153
20040622000319	00145914
20060515001340	00155319
20060331001990	00158307
20070514002555	00351579
20081114000357	00158325
20080814001587	00121941
20060912000019	00155692
20031127000323	00145163
20060515000726	00155151
20061130000223	00346911
20040514002694	00145163
20040621000163	00159254
20051114001610	00159342
20040623000106	00152686
20030814000066	00116301
20081114000985	00159193
20070515000920	00126779
20041112000430	00141529
20071114001073	00138792
20030627000291	00113359
20050516000748	00155151
20020814000112	00155151
20070515000833	00155276
20031002000104	00145163
20050331001477	00146649
20000328000156	00112651
20051114001147	00103006
20050518000150	00159795
20050502000076	00159795
20060607000198	00120182
20050330001528	00130091
20051114001358	00104856
20020812000157	00118521
20071114001531	00126362
20061114001287	00126186
20020214000292	00120182
20060331000959	00159193
20060512001118	00159193
20041116000138	00117498
20041113000109	00134963
20050516000700	00146214
20020214000197	00111722
20040621000060	00117498
20060516000220	00137368
20050507000032	00129013
20041112000246	00129013
20020814000676	00155258
20050513002110	00148896
20000330000253	00140779
20050214000486	00145190
20061114001161	00129989
20061114001378	00110893
20060331001551	00144164
20041115000623	00144164
20080812000125	00113234
20031114001194	00145190
20040514002908	00124799
20041112000578	00134510
20040330000159	00155319
20020814001047	00145190
20060330001221	00125974
20020515000893	00138516
20081114001569	00127857
20061114001865	00113526
20031111000092	00148896
20061114000583	00111421
20070327000314	00126779
20040813001122	00113359
20040330000092	00126779
20060329000729	00414601
20031216000221	00129679
20040519000111	00134477
20040528000383	00129280
20020814001066	00122825
20040813000299	00128661
20000329000244	00150439
20000330000738	00131896
20031114000395	00139153
20040521000234	00120924
20051114000051	00126779
20081114001813	00128661
20040813001668	00126779
20090216000418	00117267
20050810000073	00111810
20061221000215	00117267
20050812001111	00111421
20020515000850	00144164
20030814001533	00120182
20060424000292	00104786
20061114000488	00152686
20040813000737	00138367
20040528000456	00138367
20020514000020	00145914
20050816000238	00152686
20020509001349	00106669
20070515000605	00339072
20020326000116	00106669
20030811000163	00106669
20030814001909	00113526
20031201000064	00121288
20051114000262	00152589
20041115000157	00152589
20081114001907	00117267
20070814001908	00117267
20060331000439	00138446
20060515001296	00125576
20020401001663	00112378
20031117000234	00113526
20061114000917	00106669
20020814000493	00152862
20060512002015	00152589
20060814000594	00414601
20020515000649	00120571
20060214000162	00113562
20061114000680	00120924
20040621000245	00134477
20050516001654	00138792
20041122000102	00138792
20061114000642	00149947
20020814000775	00118275
20060811000382	00110431
20020515000016	00125488
20070515000560	00296324
20060331000047	00110431
20031114001462	00131850
20020401000704	00125488
20050812000183	00109037
20040528000247	00106119
20051111000119	00107987
20070329000671	00104573
20050516000631	00104698
20040511000708	00104698
20070514003726	00105101
20020816000006	00145163
20020813000607	00145552
20020401000787	00103130
20050816000855	00104786
20070330000788	00104786
20060515001678	00104786
20050331001110	00104786
20020401001249	00114792
20050512001196	00125150
20050331000905	00125150
20020514000211	00125725
20050513000964	00127936
20041105000094	00125725
20060628000198	00136721
20050329000158	00145552
20020812000264	00135795
20000515000954	00148939
20040604000356	00107987
20020514000074	00125743
20060515002916	00109037
20070515000651	00109037
20071113000309	00101628
20040630000102	00111722
20051111000090	00113243
20100812000243	00117212
20060814000657	00122579
20020515000576	00122579
20060515000786	00147860
20050816000789	00106395
20070511000535	00102113
20041112000694	00131054
20060515002050	00201131
20060331000358	00106669
20070330000047	00147860
20040513001896	00147860
20061114001158	00150633
20070814001353	00110431
20060515001891	00110431
20040810000326	00110431
20030514001267	00104388
20070330000305	00105138
20060515000117	00105138
20060512000631	00105138
20040814000022	00125488
20100331000912	00138729
20070515001136	00471068
20000329000370	00128412
20030331000751	00105138
20041112000722	00132804
20031113000372	00132804
20020814000113	00110583
20040813000451	00147860
20070515000609	00141149
20041115000434	00146214
20060814000851	00146214
20101115001529	00130772
20020814001408	00110893
20031113000491	00111458
20040227000760	00119195
20020814000609	00113526
20020628000376	00113359
20051114000154	00136776
20060331000971	00111458
20060814000730	00111421
20040617000259	00110431
20050512001760	00111999
20051110000124	00151128
20060515001840	00111421
20050331001062	00111421
20020814000763	00111458
20040330000217	00137058
20050816000956	00112059
20070515001390	00328191
20080515002245	00121941
20060517000117	00400857
20041112000348	00156488
20041115000097	00116301
20040330000140	00121288
20050812000147	00128032
20060515002115	00140946
20050516000874	00117276
20020515000272	00116301
20050816000511	00117498
20080627000269	00115694
20080814000264	00267906
20040616000065	00122898
20031112000031	00122898
20000515000355	00146296
20050816000218	00158316
20080814000171	00122737
20031202000159	00156488
20081113000227	00130772
20060811000505	00127857
20050513002622	00127857
20040514000899	00170558
20031114001141	00170558
20101115001698	00117212
20031114000418	00120526
20060331000328	00120906
20070814001620	00120924
20060515000435	00120924
20060331002162	00120924
20050331001416	00123107
20070515000839	00140964
20060515002575	00346911
20020328000110	00149345
20050429000492	00109754
20020629000152	00120182
20050812000358	00109754
20061114000943	00118521
20060814000303	00132725
20040521000295	00152385
20051114001424	00137207
20060331000974	00132725
20041115000296	00132725
20060814000201	00155948
20070214000112	00123772
20071113000600	00127857
20040330001900	00152039
20060512000935	00102140
20061114000162	00126779
20041115000138	00126779
20040621000035	00125725
20040514001602	00122694
20061114000520	00122694
20060811000878	00129013
20070515001444	00126186
20061124000045	00125488
20040331000200	00125488
20060515002550	00138057
20060214000428	00125576
20050816001083	00141626
20040220000420	00141626
20061114000067	00149804
20060515001885	00128661
20060516000307	00122551
20070626000075	00145686
20060214000029	00145686
20061114000058	00134510
20051111000254	00134565
20051109000011	00129013
20020515000508	00112378
20060814001430	00129280
20060214000095	00145914
20070328000093	00134963
20040514002575	00134963
20050429000814	00135111
20050516001361	00135777
20041115000111	00128315
20030813000314	00145914
20041229000034	00145914
20070328000456	00134477
20050513002013	00109824
20051114000073	00116408
20050812000726	00134565
20041113000017	00139153
20020814000916	00129509
20020813000555	00139153
20070814001547	00116408
20020515000040	00149770
20020329001198	00131896
20070928000022	00125576
20050214000033	00125576
20061114000393	00138260
20041112000183	00109824
20041113000153	00117708
20060504000800	00140052
20070814001037	00137058
20031128000068	00152127
20060331000381	00137058
20031113000336	00137234
20020329000476	00136402
20041109000052	00155948
20060327000800	00136776
20040514001338	00141529
20020515000025	00108649
20100517001316	00117212
20051115000271	00141529
20070514004179	00126788
20040813000500	00141529
20040514001573	00141529
20060515000339	00141529
20070330001708	00126788
20051014000101	00126788
20020514000859	00141556
20050512001224	00127954
20060411000969	00127954
20041115000653	00127954
20030515000048	00141246
20051227000251	00149770
20090331000209	00141307
20060330001539	00130091
20020206000085	00145914
20051114000418	00139153
20051114000920	00139685
20040621000226	00138367
20070330000139	00152589
20040512000088	00150536
20040515000264	00138516
20080814000960	00138516
20020814000645	00138516
20020516000001	00140131
20060512000415	00131896
20040813000546	00126788
20020515000299	00110583
20061114000285	00138598
20031129000087	00115612
20080814000739	00138729
20021113000376	00137058
20031215000233	00117708
20050513001770	00147152
20020328000168	00109781
20070515001648	00120289
20051114001928	00150439
20020813000473	00109781
20041115000720	00130772
20060811000009	00491053
20041112000347	00127936
20060814000729	00120289
20051229000134	00145914
20031128000062	00155948
20040628000349	00109037
20020401000610	00145163
20020814000608	00141246
20090216000275	00104856
20050331001484	00145163
20040512000185	00137058
20080515000957	00145446
20020401001148	00141246
20050629000155	00145190
20061114000832	00152589
20040322000128	00147152
20060331000826	00120289
20050816000092	00105138
20051114000864	00147082
20041112000914	00148896
20040525000383	00148896
20060811000438	00130879
20040813001014	00150536
20070214000195	00171867
20061115000229	00171867
20051114001652	00152127
20040621000093	00146427
20041115000988	00130091
20030814000246	00133663
20020813000304	00147772
20020329000172	00147772
20060515000215	00133618
20060512001565	00130879
20051114000539	00140964
20060512002911	00130091
20070515000943	00109268
20061114001729	00129280
20020329000603	00141556
20070402001080	00120906
20051114001296	00129989
20050812001082	00136226
20040617000015	00137058
20060331000027	00128661
20040814000230	00120526
20040527000103	00125488
20071114000575	00184889
20061114001159	00185046
20031203000022	00140566
20020812000280	00125725
20020515000333	00173032
20061115000249	00173032
20041115000538	00185046
20070517000102	00173698
20070212000065	00172945
20051111000332	00172945
20020808000001	00172945
20070330000732	00103042
20060517000158	00103042
20050812000821	00172680
20050516001505	00172680
20020813000690	00172680
20020401001033	00172680
20070813000590	00104786
20050831000051	00102353
20070629000366	00104856
20020813000046	00185222
20030813000328	00104388
20031114001298	00146542
20040602000208	00105952
20040514002927	00144164
20060512002504	00186559
20060515002137	00186717
20070518000207	00265041
20030328000349	00107066
20061114000766	00108038
20080214000313	00110893
20060821000097	00189538
20040514000153	00186939
20090213000331	00126256
20061114000664	00186939
20031203000150	00186939
20020813000049	00186939
20041115000645	00192499
20030808000278	00192499
20071114000712	00192499
20020401000640	00186799
20080515001187	00159193
20020814001246	00106368
20080515002276	00148896
20081114001951	00372882
20050331000647	00106368
20070810000095	00347062
20040214000050	00147152
20050812001005	00109268
20031203000025	00109268
20070515001526	00122481
20050516001527	00109161
20050331000886	00187725
20051114000222	00187725
20040622000138	00187725
20050816001214	00187725
20031127000156	00192499
20070515001857	00199076
20061114001435	00199076
20040629000318	00199076
20031212000258	00199076
20040621000095	00115612
20020814000036	00199076
20020329000857	00187725
20040813001492	00105952
20060515001320	00115612
20060814000440	00198192
20040617000255	00113128
20041115000661	00109037
20030814001371	00106368
20000329000382	00113508
20060814000709	00115612
20031114001362	00149804
20061113000503	00110884
20050214000258	00110893
20051111000073	00110893
20051114000733	00198192
20041112000235	00198192
20060914000222	00198697
20070330000841	00111421
20051114001153	00111421
20070515001389	00152862
20070814001419	00198697
20070330001338	00198697
20060522000234	00198697
20051114001874	00111458
20070814001163	00170558
20040629000516	00113359
20020813000684	00113359
20040510000493	00134963
20040525000322	00109781
20080515000940	00130684
20020814000370	00109824
20060809000059	00131896
20041115000799	00112022
20060515001863	00200275
20041115000610	00200275
20020510001925	00200275
20081114001936	00112332
20060331001934	00454399
20061114000604	00159193
20060814000901	00112059
20081112000061	00200275
20040527000161	00200275
20040514003224	00150439
20060912000006	00238153
20050812000763	00201733
20050331000780	00201733
20041115000091	00201733
20040625000021	00201733
20030328001117	00201733
20020813000546	00201733
20020329000319	00201733
20040512000535	00155212
20070329000472	00113243
20060512002582	00113243
20050513001354	00113243
20060329001013	00113243
20070515000781	00201742
20040529000043	00201742
20030811000026	00202060
20060915000217	00120906
20060515000562	00118275
20051111000274	00155692
20041109000015	00155692
20070514004095	00204262
20060515000516	00204262
20051114001336	00204262
20070814000784	00204262
20060915000051	00113243
20030814001353	00102751
20070515001362	00398808
20020515000486	00106368
20061114001518	00136721
20070330000501	00202839
20060428000594	00202839
20060515001504	00144164
20061114000129	00202839
20061113000442	00180865
20070515000819	00128661
20070214000224	00113562
20090213000064	00203290
20061114000112	00115931
20070814001591	00247975
20041115000087	00127857
20061110000305	00441304
20070813000419	00137289
20050516000216	00106368
20040617000359	00148896
20040623000103	00204262
20040525000023	00204262
20031202000030	00204262
20080814002232	00112332
20040624000255	00103042
20050816000958	00104856
20041112000322	00112059
20040814000147	00116408
20070521000093	00116408
20061114000048	00116408
20050628000283	00113562
20040629000113	00113562
20070629000140	00203290
20060814000250	00203290
20060629000229	00203290
20081114000990	00203290
20070515000960	00362292
20071114000876	00203290
20070629000415	00120182
20041111000102	00203290
20061114000804	00113562
20070214000057	00203290
20040812000078	00203290
20041115000971	00113997
20050514000539	00110884
20060818000225	00117498
20020814000043	00116301
20040813000257	00113562
20021114000076	00216027
20020814000190	00216027
20070514003910	00112970
20070814001474	00392691
20041115000385	00107987
20060814000339	00117267
20030331001031	00203315
20050811000156	00456218
20050330001667	00134963
20060814001228	00113562
20041112000323	00109268
20040813000254	00109824
20070330001333	00117188
20061114001492	00117188
20070330001244	00155151
20070814001835	00249982
20020814000798	00115977
20020506000121	00104388
20070515000837	00130383
20061114001829	00117337
20061114000308	00370200
20020401000282	00118804
20060331000231	00216647
20050831000061	00216647
20060810000395	00216647
20070629000254	00117601
20070813000588	00120076
20070814001596	00116949
20070515002245	00116949
20080813000223	00209780
20051114000093	00209780
20081114000562	00209780
20061114001191	00209780
20060515001673	00209780
20070628000329	00378363
20051114000225	00216762
20050816000441	00130763
20041115000648	00118008
20030814000596	00220561
20050513003012	00123107
20030813000523	00118521
20070515000433	00121154
20020329000721	00102140
20020328000137	00109268
20020330000007	00113410
20040329001054	00117708
20070515001157	00159616
20040814000403	00118008
20040816000142	00220109
20040528000531	00220109
20070515002299	00127936
20070814001798	00220109
20060814001168	00220109
20060331001759	00220109
20041115000732	00220109
20020515000600	00118275
20051114000325	00122694
20030813000720	00123107
20061113000130	00226352
20050516000911	00226352
20041115000183	00226352
20050816000387	00226352
20020515000578	00121941
20050928000014	00125576
20050513001253	00125576
20080214000026	00203290
20040619000015	00223434
20020515000665	00223434
20031127000139	00223434
20070330000450	00130879
20031128000107	00120906
20040527000308	00121154
20030515001218	00122579
20020813000673	00122579
20060508000008	00220969
20000330000063	00121288
20021114000856	00122579
20051111000413	00130879
20020214000246	00122348
20060814000367	00220686
20070814000738	00143314
20030814001446	00220686
20060331000400	00126779
20050331000612	00126788
20020330000269	00126779
20050816000655	00131018
20040618000192	00126788
20031128000368	00126788
20020814000696	00126788
20060512001993	00123107
20060214000305	00126256
20051114001564	00126256
20000330000552	00126955
20061114000510	00127042
20070330001218	00123107
20050516000657	00228350
20070331000001	00228350
20050429000017	00228350
20051115000212	00127954
20051114000382	00128032
20040330000399	00166272
20051214000158	00128661
20060814001189	00126186
20040330001868	00170558
20060331001479	00231363
20070322000059	00231363
20050812000804	00127936
20060512001229	00129013
20070329000336	00129013
20050331001928	00129280
20020814000732	00129280
20041112000180	00175173
20070814001350	00133557
20060814000043	00133557
20061114001601	00132637
20081114000413	00155151
20020330000691	00232007
20080814001432	00155692
20051114001352	00131054
20050331000265	00135777
20070814000440	00156956
20061114001120	00232089
20060512001880	00232089
20070330002154	00126566
20070829000241	00249502
20070330001926	00230425
20020515001089	00153126
20020515000049	00134963
20060523000248	00150633
20061114000883	00133663
20020814000761	00233653
20020812000111	00155735
20050812000577	00156910
20050429000819	00133663
20031128000091	00238153
20050429001411	00238153
20070814000849	00176914
20020814000311	00238153
20020329000578	00238153
20050829000201	00238153
20050811000345	00134963
20040813000971	00240857
20051115000359	00240857
20050816000383	00240857
20020814000652	00132725
20070814001650	00132804
20000329000054	00153375
20040813001192	00131832
20041112000919	00133618
20040813001061	00133618
20031114001118	00133663
20051114001431	00156910
20061114001554	00239514
20060811000010	00134477
20060515001046	00239514
20060427000372	00134477
20050331000945	00239514
20040601000035	00239514
20030814001104	00155212
20030814001134	00155258
20061114001681	00235183
20070809000070	00243979
20060512002361	00243979
20060911000028	00243979
20060331001368	00243979
20061114001608	00204262
20050331000061	00155276
20031208000059	00155276
20070816000238	00242934
20081114000780	00243067
20080814000333	00243067
20070330002504	00243067
20040213000311	00243067
20020628000185	00136776
20050516001180	00145914
20070330000487	00159193
20050429000048	00135777
20070814000063	00242378
20040524000219	00249982
20050331002358	00249982
20040617000161	00246417
20020813000217	00137058
20050429000464	00246417
20020814000552	00246417
20040521000088	00246417
20041112000808	00137234
20040814000327	00242378
20060814000639	00136226
20051114001492	00136226
20070330000525	00138446
20050816000303	00138446
20040813001190	00138446
20030814000788	00188973
20040813000054	00145109
20060330001311	00199252
20061114000343	00250137
20060330001196	00250137
20050816000942	00250137
20050513000685	00255105
20050331001384	00250137
20040813000837	00250137
20070515000741	00138057
20070814001661	00140946
20070814001625	00135777
20031113000229	00136776
20031121000210	00125974
20101115001107	00159023
20040515000257	00138057
20041115000620	00138057
20070813000674	00140964
20070828000230	00141149
20070330002049	00141149
20030515000147	00258360
20020813000045	00151395
20031114001475	00124799
20080331003141	00124799
20040528000562	00252135
20061113000062	00140052
20000814000364	00146296
20051114001568	00138792
20070515001138	00255275
20070328000374	00140052
20031114001085	00201742
20050513002158	00258689
20060517000083	00258689
20020814001330	00141626
20031114000087	00130684
20060515001534	00260569
20040514000540	00260569
20050516000490	00260569
20051114001161	00258689
20040813001330	00258689
20070814002017	00258801
20041112000166	00151395
20070330000753	00128032
20070330001279	00130587
20020515000009	00141529
20041115000667	00260958
20080515001989	00152862
20060515002334	00297448
20040619000025	00261373
20020209000008	00147152
20030814001172	00141626
20030214000237	00141626
20000330000661	00127167
20100816001201	00159193
20020814001136	00146427
20041112000292	00261054
20070330000815	00239514
20041112000048	00144395
20060928000241	00261373
20040213000537	00261373
20020928000071	00261373
20060331000173	00261443
20031128000163	00260392
20000224000013	00260392
20041111000195	00260392
20000328000253	00130772
20000515000345	00126955
20000811000019	00130772
20030814000825	00127857
20030814001210	00150244
20030814000677	00259934
20030915000186	00138792
20020510001607	00135795
20020514000794	00149345
20020814000625	00129989
20040514003137	00260930
20040330001380	00260930
20070814000923	00267979
20030328000262	00267979
20020813000617	00267979
20051114001926	00240857
20031114000624	00240857
20070814000865	00264945
20051109000017	00264945
20050330001580	00238782
20041116000242	00264714
20051114001646	00264714
20070515000103	00261373
20070214000263	00261373
20050330001300	00134477
20060331002337	00138792
20020812000177	00135795
20041115000386	00264945
20050429000944	00266952
20060814001437	00266952
20050816000659	00266952
20050516001082	00266952
20070330000162	00109037
20070330001091	00264547
20070329000052	00265041
20060814001414	00266961
20070330001025	00288495
20000503000015	00264547
20041115000796	00131832
20060515001787	00298340
20030814001415	00267854
20020330000458	00267854
20051114001348	00268002
20050516000733	00268002
20040531000229	00113526
20031114000401	00117629
20031202000268	00264671
20060331001186	00146214
20081114000278	00105952
20070515000496	00140858
20040623000029	00113243
20080515000785	00267906
20081114001946	00106368
20031205000150	00151395
20020520000076	00265324
20031129000066	00110583
20031113000362	00350020
20031129000105	00123107
20040510001095	00118804
20020814000378	00109754
20061114001757	00349811
20031128000072	00149345
20030213000132	00145686
20090331000895	00267906
20071114000147	00267906
20070330000205	00267906
20060515000348	00267906
20080814001334	00115694
20020515001076	00268251
20081114001964	00115694
20060915000108	00116949
20040511000179	00122694
20040531000292	00149804
20050514000053	00261373
20000329000363	00127802
20061114000682	00269889
20040623000092	00269889
20000324000091	00130772
20040329000040	00134963
20081114000814	00138367
20050331000814	00139153
20020214000032	00125576
20050330001291	00141529
20040330000817	00144021
20080515002083	00126566
20061114000395	00273110
20060515000680	00273110
20040521000372	00273110
20000330000279	00122694
20060811000563	00261285
20040616000102	00269922
20020514000774	00109824
20030814000062	00150439
20071114001578	00106368
20050816000121	00135111
20090331003396	00125725
20040515000097	00267906
20030812000199	00152589
20031114000616	00144012
20070330001156	00137058
20050512000162	00175173
20060811000566	00258421
20051114000215	00125725
20040330001908	00113526
20071114001292	00124799
20050513001954	00126779
20040813000144	00151395
20040329000602	00152589
20050330001535	00155319
20081229000241	00138367
20080515001309	00138367
20080515002197	00138516
20060814000489	00453929
20040813001648	00145190
20020401000792	00103042
20041115001208	00299464
20050330001830	00109037
20060511000218	00351807
20050513002611	00351807
20070809000047	00351807
20030814001205	00351807
20020510000144	00105101
20060515003246	00130587
20040514001536	00104786
20060331000867	00105138
20060814000722	00116949
20051114000407	00352499
20081114002056	00148896
20060811000251	00173449
20090330000753	00147082
20070515000619	00147152
20020627000210	00109037
20050331002568	00273110
20050428000146	00104810
20070814000209	00352499
20060515002762	00130383
20041115000404	00121154
20020214000045	00126788
20070330000330	00273110
20030814001657	00351630
20050429000575	00139153
20050331000621	00122694
20050331000394	00125488
20030813000469	00125725
20041115000051	00303703
20040813001750	00303873
20050308000128	00305570
20070515000829	00298447
20050525000004	00130091
20050331001248	00125488
20030814001170	00129280
20050331000231	00162063
20060331000835	00298340
20050513000190	00414601
20040814000059	00138516
20060330000257	00127857
20060508000514	00101433
20040330001720	00129280
20050329000588	00129013
20060814001097	00129989
20060814001630	00130587
20041112000280	00104388
20020401001040	00132725
20060814000527	00152862
20030519000064	00109754
20041112000530	00305297
20040527000071	00305570
20051111000071	00317487
20041115000293	00317487
20030904000111	00317487
20020514000378	00317487
20070814000584	00317487
20050516000644	00261373
20070515000677	00298270
20060515001861	00137368
20051111000066	00347716
20070515000218	00317487
20031111000011	00155735
20031114000474	00112651
20060811000250	00125530
20060515000900	00360036
20020402000002	00273439
20020330000690	00306162
20060908000033	00250137
20070515002179	00121941
20040814000127	00105138
20040329001373	00138367
20040330001141	00141529
20040511000154	00104810
20040512000313	00288343
20050516001031	00360036
20050516001829	00297448
20040531000043	00378220
20030516000469	00126089
20030813000022	00307028
20070515001606	00356839
20031128000093	00356839
20030814001325	00356839
20060511000601	00442570
20040813000919	00109754
20050331000696	00301246
20040512000772	00115612
20090216000204	00112332
20041112000068	00101433
20060331000713	00392691
20061114000656	00392691
20060515002742	00392691
20020329001192	00111458
20060331001568	00358271
20031128000283	00358271
20021112000340	00358271
20030514001472	00130772
20070514003747	00363486
20061114000485	00373447
20030813000545	00373571
20030514001393	00373571
20031206000012	00118804
20050629000210	00126256
20050812000231	00400121
20020814001044	00125488
20020814000132	00358271
20060515003043	00249502
20060329001011	00391197
20061114001173	00380429
20081114001806	00126566
20060914000173	00346911
20060512000765	00363510
20070330002255	00109754
20070813000115	00423177
20060331001931	00382199
20040818000141	00382199
20030808000281	00382199
20031201000045	00118275
20030927000011	00125576
20040330001684	00470829
20070814000163	00400121
20030814000498	00125974
20061114000679	00370255
20050513000949	00400121
20040514000490	00127857
20050816000245	00459871
20040813001153	00470829
20050629000305	00131054
20050813000110	00273110
20061113000069	00261054
20060331000265	00453929
20031204000202	00129013
20050928000147	00318316
20040618000051	00132725
20030512001170	00132804
20040621000070	00133557
20080812000021	00555874
20030814000007	00134963
20051114000576	00144164
20051114001753	00266952
20051115000224	00264228
20060214000035	00318316
20020812000073	00130772
20031114000813	00144164
20050330000380	00359580
20070516000071	00447760
20050816001127	00268002
20060331001617	00475985
20030813000550	00140566
20061113000006	00491053
20030813000012	00136776
20051114000560	00197759
20031114001258	00138516
20070814000508	00542074
20080814001567	00480455
20041112000414	00480455
20061114001306	00399694
20070814000196	00494476
20061114001453	00303192
20061113000391	00172680
20070814001590	00144243
20040515000271	00170558
20050816000278	00349097
20061114000341	00416654
20070330001448	00264228
20040512000741	00145552
20060515002034	00145163
20040813000422	00265324
20050513001360	00261443
20070330001087	00231691
20070330002453	00298447
20070330001380	00220109
20060508000715	00199252
20081114001640	00147082
20020401000907	00144164
20040625000017	00144243
20060330001620	00301246
20051111000023	00144012
20041115000264	00326731
20050516000491	00317487
20050812000383	00303703
20040813000494	00201733
20070330001577	00266952
20070330001168	00144164
20050816000953	00144164
20050812000365	00359580
20040813001044	00266952
20031205000193	00126308
20060512001331	00144395
20060331000858	00201733
20040618000229	00144164
20020327000085	00177320
20040621000337	00372688
20050816000738	00362238
20020329000913	00130772
20050812000516	00363510
20040814000130	00238153
20050510000589	00273110
20060331001362	00346911
20051114000479	00145163
20050901000045	00145163
20040515000187	00145163
20060331000337	00351807
20021114001050	00145190
20030814000126	00249441
20060330000297	00135777
20051114001355	00422895
20051114001600	00480455
20041115000511	00288495
20051110000226	00176516
20051114000878	00346911
20060329000115	00173449
20060330000571	00173795
20040609000210	00330044
20050331000440	00362292
20060330000925	00370255
20060331001326	00268002
20060331001043	00267942
20040618000269	00238153
20020329001373	00134477
20080814002126	00203290
20051114000390	00250137
20051114000003	00199988
20041112000470	00261373
20041115000379	00223434
20020515000015	00226352
20031229000013	00145914
20040621000338	00147152
20040619000001	00172680
20040814000336	00305570
20020514000589	00147772
20061114001365	00147860
20060331000468	00140131
20050816000758	00138516
20041115001009	00260930
20040813000819	00146214
20041113000162	00296078
20040213000250	00145686
20020628000120	00145686
20061114001038	00145686
20021113000116	00145686
20051114000955	00146214
20050214000173	00147152
20041112000034	00147152
20050429001092	00147860
20031117000016	00147860
20030814000429	00147860
20040812000280	00398808
20041111000038	00317210
20040813001793	00192499
20060511001784	00145552
20070814000718	00146214
20070515001079	00146214
20030328000398	00167208
20020514000819	00146861
20070330000424	00148896
20050812000591	00148896
20070814000586	00148896
20070515000580	00148896
20050331000136	00258689
20051114000503	00146649
20041115000596	00146649
20061114000576	00146649
20050816000421	00146214
20020330000985	00267906
20030813000412	00348034
20000512000467	00199076
20061114001611	00147152
20060214000282	00147152
20051114000980	00147152
20031128000296	00258689
20031114000649	00261054
20020814001292	00268251
20060331001025	00148896
20040813001344	00148896
20031114001245	00210740
20031125000067	00309503
20070814000283	00127909
20041106000013	00148920
20060509000961	00230425
20050331002004	00220109
20030331000279	00139153
20031216000030	00200275
20031114001114	00261373
20031203000017	00170877
20040514003001	00173795
20030814001557	00288495
20030930000296	00173032
20031205000088	00287788
20070814002013	00148610
20040618000179	00149770
20040618000183	00149770
20040618000174	00149770
20031129000016	00173032
20031127000208	00351579
20031201000166	00359580
20020330000729	00173795
20070814001140	00138792
20050812000461	00152589
20040621000198	00152589
20060331000976	00152686
20040813000757	00152686
20070814001470	00124799
20031201000021	00205003
20030814000476	00349097
20031201000315	00269922
20040531000120	00238153
20031204000128	00351807
20020813000593	00149646
20040330000316	00258689
20020510001323	00348034
20041112000783	00150439
20090415000726	00150633
20020621000224	00233653
20030813000244	00150536
20070330002254	00150633
20050517000263	00150633
20041115001149	00150828
20040514003249	00150633
20060814000966	00143527
20060515001625	00146214
20040527000025	00223434
20040628000179	00150828
20061114000265	00126089
20040702000298	00138516
20071114000861	00126186
20000812000050	00203315
20021114000663	00258360
20060818000035	00134963
20020409000226	00173032
20040806000241	00326731
20061110000164	00148920
20040707000163	00351807
20061114000704	00152862
20060515001297	00148896
20060814001209	00126371
20060814001114	00140946
20060913000093	00125530
20020401000189	00199076
20020401000860	00249502
20060814001299	00132804
20060814001296	00135777
20070814001655	00130091
20040813000170	00303703
20060515001943	00147152
20020214000422	00203209
20020329000427	00349097
20020329000751	00258421
20070814001232	00126955
20060915000101	00130587
20020813000314	00258689
20040329001088	00238153
20030814000194	00273110
20061114000987	00128032
20101115001233	00138367
20020401001539	00230036
20000515000003	00230036
20060515002240	00132804
20060928000037	00125576
20070814001518	00139214
20060331000380	00230425
20050514000503	00303192
20080331002729	00150633
20040112000100	00266952
20040216000266	00125576
20060814001327	00130763
20070330000203	00135777
20070329001066	00133557
20030814001965	00145163
20000329000098	00175173
20070330001047	00136226
20061114001626	00128315
20061110000070	00138446
20000515000079	00144252
20020329000084	00145552
20020401000775	00136086
20070515002279	00351630
20050812000210	00204226
20060811000857	00189538
20040330001936	00204262
20051114000044	00267942
20041113000172	00365989
20051114000172	00135795
20050812000359	00140955
20061114001622	00152260
20040513001006	00140052
20040514002975	00267942
20050811000262	00276834
20030813000353	00298447
20040512001075	00303192
20070502000515	00310156
20040520000135	00303703
20060814000998	00362292
20050816000261	00362292
20061114001259	00138057
20100513002880	00148984
20100614000134	00130684
20041115000979	00130587
20021114000731	00362292
20040514001415	00126788
20030820000076	00125725
20040330000132	00127857
20020814000152	00136086
20031216000246	00130091
20020814000349	00144164
20020515000948	00125530
20030626000131	00145686
20041115000248	00124799
20060515003278	00130587
20060331001716	00147860
20050331000336	00137058
20040813001157	00123107
20041109000245	00143226
20040924000271	00147152
20041115000306	00130684
20020514000041	00147152
20060329000627	00140052
20050812000355	00145686
20020813000658	00122694
20040513000724	00110583
20070514004207	00101433
20060330000209	00101433
20000329000381	00136776
20040514000704	00101433
20050812000843	00131896
20040515000293	00243067
20020814000793	00249502
20020515001094	00265324
20040602000071	00351807
20031114000457	00101549
20040330001036	00101433
20060512000028	00103042
20031006000077	00175623
20050331001706	00198697
20070330001906	00199252
20031114000451	00207375
20040813001743	00220109
20020513000175	00139153
20030515001663	00432102
20060515000966	00462121
20061113000213	00455875
20060330000505	00258689
20030927000007	00203290
20050429000420	00230425
20040326000745	00399694
20031114001650	00150633
20070515000515	00150633
20060814000951	00266961
20040813000314	00106368
20031120000213	00104786
20050905000183	00288495
20040925000002	00125576
20051111000280	00125530
20070515000279	00228350
20070814000435	00138516
20080515000087	00351630
20041112000810	00155319
20020515000924	00145163
20051114000945	00138516
20050812000636	00119007
20041116000218	00299464
20040813000468	00119007
20031114000099	00119007
20070214000366	00120182
20040514000966	00120289
20040514001883	00301246
20041115000040	00125488
20060816000049	00453929
20060331000353	00104786
20031114001381	00104786
20040330000229	00104810
20050705000213	00104856
20080328000248	00108241
20040616000114	00121288
20031113000513	00125974
20050331000674	00152686
20020503000334	00362292
20040622000219	00353762
20040513001084	00104388
20050907000096	00370200
20030813000073	00301246
20070515000275	00339072
20030514001548	00109754
20020809000323	00140168
20050516000416	00158316
20070814001295	00139205
20040814000124	00136226
20070515000643	00122694
20031113000200	00258689
20031111000175	00122694
20040813001813	00141626
20060913000186	00301112
20080514004183	00109037
20080514001986	00109037
20040514000933	00109268
20061114000467	00109268
20031114000939	00109037
20040528000399	00146560
20040528000573	00118266
20040517000401	00238782
20040517000461	00264945
20040511000528	00264945
20071114001911	00122472
20031204000178	00145686
20031114000382	00121154
20060915000214	00120906
20030814000729	00121154
20020401000980	00163716
20040513001522	00198697
20050912000213	00231442
20060515001645	00122551
20070330000704	00276834
20040813001612	00152880
20040730000259	00330044
20031112000068	00125150
20040512001153	00200275
20040506000164	00440712
20051111000034	00295547
20070514002249	00198192
20040528000468	00138367
20040511000729	00123107
20031114000584	00110583
20040514001055	00129280
20050812001071	00200275
20051114000227	00147860
20070515001659	00126566
20060914000012	00190756
20031114000665	00132725
20061211000217	00442145
20070628000290	00136721
20040514000139	00134477
20051118000261	00158316
20050513001398	00154329
20020814000897	00347716
20040213000385	00145190
20020401000848	00138516
20070330001790	00152862
20040820000247	00171867
20070515002209	00373447
20040813001364	00170558
20060918000120	00180865
20020514000773	00170558
20020513000531	00348034
20040330000886	00136776
20030924000142	00122348
20060515002105	00121154
20070515000106	00136776
20070814001938	00296324
20070515001115	00347734
20061113000321	00156488
20070813000204	00373571
20051114001033	00158307
20061114000785	00140964
20040525000422	00141246
20071001000056	00258689
20020514000196	00125646
20061114001200	00456218
20040327000100	00148443
20040629000098	00118008
20070813000298	00462121
20060509000621	00414601
20051114000525	00235183
20050816000200	00310156
20031202000194	00352499
20070515001764	00488989
20070514002135	00490151
20050812000550	00239514
20020914000048	00136776
20060512003051	00359395
20020330000950	00259590
20040515000214	00220109
20041115000914	00150633
20040329000608	00247975
20031114001281	00128032
20070515002085	00130587
20060512002800	00135777
20040617000043	00152385
20030813000283	00129013
20040628000184	00144395
20051114000827	00508274
20031110000010	00301246
20040811000040	00264945
20060814001670	00163114
20030808000097	00131896
20050812001132	00260930
20050816000224	00261054
20060814000771	00137058
20070329000443	00373571
20061110000117	00347062
20050812000468	00202839
20040814000221	00397289
20050831000240	00382199
20050330000256	00399694
20041110000058	00186717
20031129000012	00366845
20040518000173	00398668
20050331001926	00170558
20030331001408	00288495
20031114001081	00369170
20031128000216	00198697
20050816000637	00102353
20061114000479	00358271
20040330001600	00309503
20060515002985	00350020
20070330000654	00173795
20040513001589	00470829
20040930000189	00261373
20060515002670	00445054
20031114001714	00138792
20040514001370	00162416
20020401000611	00121288
20050330001259	00370255
20050516000856	00137058
20031113000035	00140566
20060327000378	00136776
20000113000001	00136776
20051114001493	00150439
20040514001666	00150828
20040329001421	00150536
20040514001185	00152686
20040330000762	00152686
20031114000129	00152127
20000513000217	00153126
20020330000876	00171636
20031114000786	00149345
20040514001125	00149770
20051227000091	00149770
20040330000869	00157681
20060331001892	00164812
20070329000149	00165103
20000330000124	00261054
20041112000814	00152686
20020514000190	00128315
20070514000444	00128926
20031113000328	00128607
20031114000225	00129280
20060814000146	00147860
20040515000274	00129989
20041115000708	00129989
20040513000006	00137058
20031113000355	00137058
20020814000140	00146861
20040515000457	00147152
20031114001429	00147152
20070515000689	00160375
20040514001134	00160375
20031114000518	00160375
20031114000021	00223434
20070330001722	00228350
20060814001208	00126566
20030514001930	00126089
20040330000341	00126788
20031114000356	00126955
20060904000153	00161462
20060823000161	00161462
20050214000404	00162416
20051114000417	00162586
20040514001344	00162416
20040512000092	00167192
20030331000782	00170558
20060814001074	00170558
20031113000021	00170877
20050812000977	00127200
20020214000175	00126937
20030814001185	00127954
20031114000445	00128032
20070514003037	00127936
20020513000170	00136864
20060330000010	00128175
20031113000135	00127936
20031112000099	00156488
20061114001389	00173032
20020330001085	00173032
20070515002081	00173698
20080515000831	00155151
20060329000373	00155276
20040429000146	00155276
20040514001183	00155735
20040326000633	00155735
20031112000037	00156442
20050331000656	00230425
20050513002342	00159795
20050330001019	00159795
20031114001380	00231354
20040330000557	00231442
20020515000362	00232007
20100331001891	00159023
20060814000377	00190756
20041112000630	00199076
20040330000448	00200275
20031113000382	00200275
20060213000306	00200275
20060213000302	00200275
20060811000072	00202839
20060330000292	00202839
20040514000843	00201733
20030814000930	00203290
20040514001954	00249982
20061114000387	00185356
20041113000063	00187725
20040515000078	00187725
20040330000914	00187725
20020814000545	00187725
20040330001030	00287788
20040330002402	00138792
20041115000744	00138792
20060811000318	00206686
20040514001673	00216027
20050812000921	00216647
20040330000327	00220109
20040813001144	00261054
20060811000201	00261054
20040702000297	00138516
20031114001713	00264671
20031113000502	00348034
20020506000693	00351630
20031112000001	00105138
20061114001745	00163114
20040514002300	00163114
20040330000732	00163691
20040514002684	00204262
20031114001687	00204262
20070814000646	00204226
20031114000556	00264945
20040514001858	00138367
20070515000204	00138516
20061114000930	00346911
20040514000120	00109754
20040329000681	00132804
20040514000520	00132804
20040330002311	00185046
20061114001172	00235183
20020330000741	00233653
20070814001073	00249502
20031112000080	00249441
20070502000068	00306162
20060814001293	00306162
20060331001262	00306162
20040330000739	00384887
20040514001453	00238153
20060811000887	00238153
20060331001019	00239514
20040330002594	00239514
20040706000143	00240857
20040330000582	00240857
20070814000755	00242934
20020513000450	00106368
20050331002491	00107987
20080514004146	00109037
20040514002561	00109037
20020514000220	00113535
20060814000003	00118521
20070514003063	00130879
20040514001133	00133557
20040515000320	00130091
20060811000712	00113243
20040514002859	00113243
20070515000753	00116408
20040713000029	00113410
20030814001379	00117498
20070515001726	00116949
20050330001142	00260569
20041111000161	00366942
20040514003460	00366942
20031114000019	00366942
20020814000089	00127954
20070511001796	00370255
20040329001488	00123107
20030814001423	00125521
20040330001570	00124799
20021113000521	00360036
20060811000338	00360036
20041112000181	00363486
20051111000124	00363246
20060511001483	00110884
20030813000496	00111458
20040514000179	00128315
20020813000065	00128315
20060331000634	00127954
20020330000402	00128315
20040330000201	00129013
20040514003076	00138792
20030814000108	00356839
20031112000035	00358271
20060811000820	00360036
20050331002589	00360036
20041110000127	00111218
20040329001213	00111458
20020814000881	00121941
20040514001964	00117708
20031114000489	00122579
20031114001210	00117708
20040514002665	00123107
20040514002744	00135111
20070330000903	00120906
20060811000450	00121288
20040329001300	00120924
20050331000907	00136226
20040514003392	00159023
20040330000931	00134477
20060814000219	00134963
20040514000154	00140168
20020515001006	00115977
20040330001865	00117337
20031114000658	00118275
20070814001223	00116949
20030814001817	00117337
20040514000107	00159254
20140207000241	00160843
20040514001248	00162416
20030814000032	00162416
20061114001818	00162993
20061114001514	00172291
20070329000839	00180865
20031114000702	00198697
20041115000529	00163716
20031114001455	00173032
20040814000030	00171867
20020515000941	00163716
20070515002284	00360036
20061114001195	00362292
20041115000383	00362292
20031114000408	00129989
20061113000347	00130879
20100517001034	00130684
20060331001643	00130587
20061114001520	00266952
20060331001127	00260569
20030513000387	00121534
20031114001379	00141608
20031227000035	00149770
20040514001103	00155151
20041112000119	00155276
20040629000168	00141626
20031113000627	00143226
20050330000634	00141671
20020401000288	00144164
20040701000102	00145163
20040730000083	00145686
20040514000740	00147860
20040513000656	00146427
20041115000684	00153861
20040514002998	00140779
20030806000143	00258360
20030813000491	00240857
20051114000423	00140955
20050811000264	00231442
20050331000139	00238153
20040616000061	00122898
20040507000622	00122898
20031114001721	00132725
20070330002205	00129989
20030814000518	00198697
20040329001266	00201733
20040512001320	00301246
20040519000089	00125725
20031114001369	00129280
20050816000547	00296324
20031113000537	00301112
20060515002854	00303217
20070330002220	00328191
20020814001387	00330044
20050816000586	00113562
20070515001972	00116408
20030814000964	00173032
20041027000010	00175623
20040510000829	00132725
20020814001145	00258360
20050514000540	00261373
20081106000263	00117267
20040420000039	00117498
20050214000346	00117601
20090331000668	00121941
20050811000005	00104388
20040510000299	00106119
20040330002455	00133706
20070814001965	00141149
20020517000174	00136776
20070502000333	00293886
20040514001001	00101433
20060330001688	00103042
20040513000813	00103006
20061114001748	00104856
20020903000083	00104856
20040510000800	00145686
20030818000009	00145163
20070515000356	00138516
20061114000718	00137368
20040528000521	00140779
20031114001577	00140566
20070816000198	00141149
20040510000801	00109754
20031114001748	00155276
20031114000561	00155258
20031114001050	00156442
20040607000053	00160302
20060215000001	00261373
20040514000682	00252135
20061110000114	00258689
20040414000580	00113526
20040330000364	00152385
20030814000904	00155212
20060515003433	00162993
20060516000001	00162993
20070511002045	00293886
20031114001708	00309503
20040513000473	00301246
20050331001880	00161462
20040513000686	00209780
20040528000597	00220109
20040510001921	00240857
20020520000161	00232007
20031117000131	00238782
20040511001254	00148896
20040514001922	00166315
20060522000203	00198697
20040511000541	00198697
20040601000144	00243067
20030814000661	00242378
20040514001222	00247975
20040517000408	00249982
20031114000925	00249441
20031113000592	00348034
20070515002151	00298270
20040514000735	00238782
20060420000308	00310156
20040426000092	00173032
20070515002088	00298270
20070508000785	00293886
20040621000227	00118266
20040330000747	00370255
20070928000234	00365989
20070514002663	00373447
20040528000081	00372688
20040513001947	00440712
20051114001249	00141529
20040413000680	00145552
20040413000663	00145552
20031114001681	00146542
20040514000861	00148443
20050816001230	00360036
20031201000374	00351807
20040816000044	00362292
20040517000509	00366942
20050817000229	00360036
20041122000220	00363486
20000329000455	00170558
20031113000501	00141529
20061114000122	00356361
20080515001387	00302926
20040213000699	00141626
20070515001274	00261443
20040330000401	00129554
20030814000053	00149646
20040528000385	00129280
20070814002088	00141149
20031128000039	00149345
20030814000848	00149345
20051114000443	00149804
20040414000422	00152385
20081114001100	00266961
20070814000852	00164830
20060331001238	00164830
20050513000020	00164830
20031113000044	00164830
20020814000918	00164830
20030814001961	00145163
20031113000440	00145163
20040618000098	00162586
20060720000081	00172945
20040512000622	00175173
20040514001619	00269889
20050812000816	00145163
20060227000451	00145163
20031114001193	00367695
20040511000898	00167192
20040519000177	00209780
20031115000027	00117498
20051114000191	00318316
20050330000154	00102140
20031114001716	00123107
20040514002650	00107987
20040515000363	00164788
20000330000228	00164788
20031114001781	00432102
20040506000563	00305570
20100331002715	00117212
20040512000864	00113359
20030924000003	00133663
20040330001058	00164788
20040330001677	00164812
20040515000052	00144021
20030814001186	00144164
20040518000072	00132725
20040513001599	00305570
20070330000044	00160047
20070514002901	00261285
20031114000865	00160588
20020515000231	00164636
20020515000966	00163512
20020814000962	00163512
20020514000757	00129509
20040330002407	00377610
20040514000178	00125725
20031204000074	00163716
20080814001227	00481454
20070329000121	00596677
20051114001525	00264228
20060811000503	00353762
20040513001268	00356839
20020330000172	00117498
20081114000061	00362238
20040514001460	00132725
20050516001141	00163716
20051112000046	00163716
20040514003485	00163716
20070515002185	00481454
20080515001885	00480455
20040813001099	00480455
20110331002946	00163691
20100331002758	00163691
20020814000828	00163691
20070228000159	00164706
20060714000190	00164706
20061114000788	00132725
20020228000156	00164706
20050816000687	00126256
20051114000894	00145686
20061114001807	00113359
20040814000113	00130587
20060811000561	00378628
20070330000907	00121154
20061114001128	00136776
20070330001052	00127954
20041115000579	00398792
20050331000835	00146214
20031114001209	00369213
20050330000667	00188089
20040408000842	00377610
20041115000703	00163691
20040813000831	00163691
20030814000873	00163691
20031114000155	00163691
20040521000228	00163691
20060512001603	00173449
20060814000644	00162416
20031113000182	00173591
20050331000545	00373571
20060512001314	00127936
20060814001471	00138792
20041112000020	00167192
20050331002009	00326731
20040515000461	00326731
20030814001450	00163512
20040813000989	00161976
20031114000506	00360036
20040617000196	00135111
20020504000073	00138792
20080814000133	00148896
20020814001250	00122348
20080814001010	00134477
20061114000498	00164779
20051114001500	00164779
20030924000146	00162416
20031201000138	00220561
20031114000801	00163114
20020814001243	00163114
20070814000626	00173795
20000331000104	00173874
20061114000005	00162063
20081114000586	00480455
20000513000357	00160621
20040511000053	00203290
20061114000148	00203290
20050629000300	00162416
20050214000454	00162416
20020628000388	00162416
20071114000047	00173795
20040514003191	00372688
20060814000825	00173795
20060510000928	00155692
20051114000251	00173795
20050513000475	00173795
20070713000315	00164706
20031205000105	00161976
20060330000690	00130879
20080328000594	00555874
20081229000192	00298377
20070330001101	00122694
20071114000765	00158325
20081114001662	00302926
20041115000677	00157681
20050513000448	00150439
20060331001028	00209780
20041115000768	00209780
20030814000430	00209780
20050512001596	00209780
20020514000590	00209780
20081114000554	00155692
20040820000038	00151395
20041112000924	00161693
20060914000124	00173698
20050516000952	00173698
20050330000189	00173795
20080228000030	00164706
20070413000904	00164706
20061013000187	00164706
20050715000129	00164706
20040813000088	00173795
20030515000188	00173795
20000515000391	00163196
20080515000038	00113234
20041115000160	00125488
20030814000906	00384717
20050511000329	00161462
20021114000175	00173795
20041115000924	00160588
20070330000998	00164830
20060515000231	00165103
20050812000260	00164830
20040603000208	00373571
20030509000775	00161462
20050812000416	00155319
20060915000192	00328191
20060515002787	00328191
20060511001351	00328191
20070515002314	00351630
20020814000178	00173795
20031114001252	00173698
20070813000331	00260408
20040514002660	00163691
20041112000539	00164830
20051123000276	00155692
20071113000598	00365989
20070511000265	00243979
20050812000401	00162993
20031113000010	00370255
20051114000019	00155212
20040813001329	00159795
20041115001056	00330044
20070813000343	00397289
20050812000572	00161976
20080814001224	00138792
20030806000144	00155276
20080515000844	00136776
20040813000622	00166573
20100816000598	00163691
20061114001981	00198697
20070514000503	00373571
20051114000389	00154329
20060331001478	00126186
20050516000759	00157681
20080515002215	00138792
20040813001262	00382199
20081114000107	00134477
20070510000758	00397289
20060331000630	00144395
20070813000584	00362238
20070326000669	00362238
20060515003084	00362238
20051114001873	00362238
20040514000931	00373571
20040813000584	00155212
20060515000152	00155212
20100816000861	00159023
20051114000594	00159193
20041115000246	00156442
20060515001162	00152862
20060428001090	00164812
20040528000558	00164812
20081114001854	00145446
20050516000661	00384717
20031203000041	00146542
20060515002789	00163114
20070330001050	00143527
20070515001534	00247975
20050516001188	00398668
20020627000174	00330044
20071113000289	00303217
20020517000169	00136776
20090331003319	00480455
20041112000052	00398668
20060329000601	00141529
20060906000131	00161976
20060912000108	00163114
20030814000689	00161860
20061113000513	00175173
20040617000184	00175173
20030814000548	00175173
20020515000019	00175173
20040812000246	00175173
20030814001483	00163114
20041112000036	00121288
20060330000695	00135777
20060331001505	00130763
20031114001677	00141626
20031114000081	00162416
20020330000021	00175173
20030814001338	00162586
20031204000187	00155735
20050816000082	00258689
20020329000486	00140131
20030814000111	00247975
20020925000003	00175623
20040330000056	00162993
20040617000188	00258689
20020814000622	00258689
20020502000320	00258689
20050513002962	00260930
20020401001529	00260930
20040813000207	00247975
20060515001486	00390514
20060515001570	00137058
20050429000189	00161976
20070515000750	00380429
20050812000686	00129989
20031112000256	00162993
20020813000503	00163318
20030814000363	00246417
20020417000061	00246417
20051114000976	00246417
20050816000907	00389110
20070319000227	00399694
20060512001495	00399694
20051111000410	00399694
20030814000159	00164788
20070814000625	00216762
20070330001910	00216762
20031114000677	00392691
20060811000811	00313649
20040524000112	00247975
20070516000007	00298270
20050429001472	00164812
20041115000067	00164812
20070813000371	00391197
20020329000666	00247975
20020401001143	00148896
20030814001320	00223434
20041112000436	00247975
20051114000767	00226352
20070330001331	00173032
20051114000257	00173032
20080515000123	00134477
20061110000239	00390365
20041113000057	00390365
20040601000306	00356802
20030513000239	00356802
20060817000007	00198697
20040330000039	00198697
20060330000994	00398808
20070814001160	00348292
20020814000125	00247975
20041115000068	00390903
20020329000188	00216027
20080814001443	00159193
20070515000976	00159193
20070814001117	00555874
20030331000891	00210740
20051118000044	00167192
20020514000655	00101044
20050812000203	00101433
20050513000702	00101433
20040624000071	00118266
20060328000605	00134477
20070330000141	00423177
20050429000144	00400121
20070814000519	00276834
20070814000960	00168401
20060814000181	00298447
20060330001512	00298447
20041115000564	00298447
20070814001599	00326731
20070814001457	00240857
20020814000540	00173032
20060907000195	00359395
20060512002408	00359395
20020814000439	00264945
20080513003219	00414601
20060330000012	00103006
20070515000930	00164830
20020214000084	00101044
20061114001445	00104786
20031128000469	00104810
20070814001020	00106368
20050816000610	00106669
20030814001267	00107066
20020814000709	00305297
20031205000403	00105952
20040814000238	00106395
20090213000308	00120182
20050512000037	00104388
20040813000073	00104388
20050330000367	00104388
20040525000381	00131832
20020329000340	00104388
20051114000555	00106669
20020401000402	00101549
20000330000221	00101549
20051110000251	00152686
20040329000990	00109781
20040513001884	00108649
20080814000774	00106368
20031114000423	00106395
20060428001563	00107987
20030814001664	00107987
20041112000277	00109754
20070330001074	00110431
20040330001257	00104786
20031128000279	00104786
20040330002487	00104810
20080514002052	00109037
20030813000045	00109268
20020514000522	00118521
20050510000431	00105138
20050427000130	00105138
20041115000831	00105280
20040622000133	00105138
20040518000174	00105138
20020814000233	00118804
20060811000179	00180865
20031113000505	00109781
20040406000916	00110431
20060515002872	00119007
20061113000076	00109037
20040330000043	00109268
20081114000321	00113234
20020814000944	00119007
20030331000343	00109754
20040213000189	00110893
20030814000493	00109781
20050513002544	00115612
20040513000458	00115612
20050516000308	00116408
20041115000209	00110875
20070814001119	00111458
20051114000829	00109268
20020513000006	00111458
20070813000437	00110750
20020327000218	00111458
20031114001274	00113526
20060629000190	00112059
20081114001256	00111722
20030515000599	00120571
20060814001374	00120182
20060515000171	00116408
20061114000146	00117498
20050812000592	00121154
20040330001059	00121154
20060515001875	00117498
20061114001794	00117267
20031203000004	00117498
20080814001195	00120182
20050629000242	00111722
20040614000082	00111722
20080813000050	00136776
20060811000535	00136721
20070814001221	00122205
20071114001673	00117267
20061114000694	00121288
20050909000220	00122694
20090216000389	00115694
20070327000371	00136776
20051114001409	00127954
20050331001461	00155151
20040514001881	00126186
20030829000023	00126292
20050329000229	00127936
20040514002867	00127936
20070515002255	00127857
20050812001103	00127857
20070515002285	00127936
20060515001216	00122694
20040621000204	00123107
20070629000174	00123772
20030514001932	00125530
20040330002480	00125488
20040330001149	00125974
20070515000150	00126779
20031114000830	00126788
20050516001129	00121154
20080814002130	00117267
20020329001223	00121154
20031111000304	00152880
20040814000083	00155151
20060515002479	00126779
20080515001743	00126362
20040214000001	00125576
20031127000086	00137058
20080515001421	00128661
20000329000321	00136864
20070814000932	00128661
20050214000315	00131054
20060814001493	00131780
20040814000253	00131780
20060331000624	00125488
20061113000039	00137368
20051114000658	00138057
20020329000625	00129280
20061114001090	00129013
20051111000339	00132725
20050331000448	00132725
20031202000019	00132725
20070330002068	00132804
20040510001458	00132804
20041110000046	00155212
20040813001039	00132211
20040624000192	00131896
20060329000609	00133557
20051114001037	00133663
20040329000928	00133663
20050513002227	00138516
20030814001439	00138516
20050513001455	00134963
20061113000063	00134963
20040814000350	00134477
20040813000160	00134963
20050331001786	00135111
20031113000160	00134963
20050816000839	00135777
20040330000831	00133618
20040330002396	00133706
20061110000293	00366845
20070814001218	00127954
20050816001165	00130091
20040619000012	00130091
20060814001337	00138057
20101115000511	00130684
20081114000381	00130684
20050513002303	00130684
20060912000137	00129989
20030814000096	00134477
20051114000538	00155151
20020329001104	00155151
20061114001712	00155276
20041112000638	00155319
20050330000733	00140061
20040813000844	00141246
20040330001060	00144243
20061114001468	00144164
20040628000082	00147860
20030814001810	00131832
20060814000937	00141608
20040625000059	00141246
20081114000270	00144395
20080811000044	00144395
20040330000385	00144164
20040813000999	00144395
20060327000325	00145552
20020814000593	00145686
20050428000008	00141671
20031208000245	00141608
20040618000378	00155735
20031128000428	00366942
20050331000367	00152589
20070515000322	00186717
20030217000128	00145190
20050516001440	00366942
20040330000417	00155151
20020209000224	00145686
20040213000274	00145914
20051114000082	00152589
20060324001282	00147082
20070330001234	00149804
20040330000055	00146427
20020927000159	00147152
20040510000779	00160588
20020814000047	00164788
20030515001190	00199076
20060512001257	00201733
20041115000563	00201742
20031201000185	00150633
20031113000032	00150536
20020506000235	00150536
20080515001527	00158325
20040511000568	00157681
20060814001202	00158316
20031114000607	00161426
20070427000588	00161976
20060330000048	00161976
20020814000351	00162416
20061114000929	00161976
20070515001195	00164788
20050430000068	00164706
20061114000758	00164830
20040514000292	00164830
20051111000262	00164830
20040514002166	00175173
20040329000607	00175173
20040514003159	00162586
20070330001687	00161976
20070515002142	00163114
20040330001921	00163114
20051111000525	00186717
20060512002823	00163716
20051112000021	00200275
20030514001570	00167208
20040514003225	00199076
20041115000135	00171867
20020511000117	00175623
20070515002190	00506294
20070515001570	00223762
20100816000209	00222532
20020814000753	00163345
20050516000496	00260569
20081114001894	00190321
20060331000252	00246417
20050512001023	00246417
20050812000875	00238153
20060424000362	00240857
20061114000517	00243979
20070327000489	00167004
20060814000324	00173698
20031208000088	00207375
20040514002810	00210740
20040330000146	00246417
20040513001515	00250137
20071114000897	00293886
20090327000469	00351630
20070515001574	00269922
20060515000292	00258689
20041115000978	00366942
20050331002040	00231442
20061114001473	00231363
20060512000759	00363510
20060512002620	00301246
20060329000362	00303192
20060331002513	00303217
20070515002133	00223513
20030814000028	00256502
20070330000956	00259590
20040514001228	00258689
20041112000165	00258689
20040220000376	00330044
20020625000180	00347716
20020328000807	00348034
20061113000166	00352064
20060331002135	00249982
20040514000706	00246417
20020516000208	00249502
20020515000932	00258421
20051114001094	00363246
20020814000339	00264547
20040622000037	00273110
20050516001015	00369213
20040814000220	00299464
20051114000027	00369657
20050429000836	00370255
20020905000137	00330044
20041115001190	00353762
20060814000194	00373571
20040813000906	00373571
20061115000157	00372882
20050905000130	00389110
20041112000418	00389110
20050516000764	00390514
20061114000226	00300548
20040514000097	00299464
20050812000086	00305570
20070517000032	00317487
20020330000543	00346407
20050811000251	00161462
20031128000225	00370255
20050516001238	00366942
20050330001568	00356839
20020813000081	00359580
20070329000637	00406329
20070329000899	00414601
20101129000037	00407771
20040514001203	00317487
20020329000470	00317487
20040513001489	00398668
20060814000217	00423177
20030602000067	00432102
20080814001661	00366942
20060814000841	00351807
20060331000201	00360036
20050816001140	00360036
20051124000156	00360036
20051111000084	00359580
20060811000261	00372873
20040811000078	00370255
20060814000261	00398808
20040525000348	00392691
20070928000287	00370200
20050816001139	00382199
20070515002033	00453929
20040513000235	00378220
20070515001952	00164812
20020330001010	00163318
20070330001489	00462121
20070330001309	00447760
